j_offset	s_offset_frac	s_duration	s_duration_frac	s_measure	s_note	s_midi	s_isOnset	s_part_id	s_voice_id	a_measure	a_duration	a_annotationNumber	a_romanNumeral	a_isOnset	a_pitchNames	a_bass	a_root	a_inversion	a_quality	a_pcset	a_localKey	a_tonicizedKey	a_degree1	a_degree2
0.0	0	1.0	1	1.0	E4	64.0	True	Violoncello	1	1.0	3.0	0.0	I	True	('A', 'C#', 'E')	A	A	0.0	major triad	(1, 4, 9)	A	A	1	None
0.0	0	1.0	1	1.0	C#5	73.0	True	Violoncello	1	1.0	3.0	0.0	I	True	('A', 'C#', 'E')	A	A	0.0	major triad	(1, 4, 9)	A	A	1	None
0.0	0	1.0	1	1.0	A5	81.0	True	Violoncello	1	1.0	3.0	0.0	I	True	('A', 'C#', 'E')	A	A	0.0	major triad	(1, 4, 9)	A	A	1	None
0.0	0	0.5	1/2	1.0	A2	45.0	True	Violoncello	1	1.0	3.0	0.0	I	True	('A', 'C#', 'E')	A	A	0.0	major triad	(1, 4, 9)	A	A	1	None
0.5	1/2	0.5	1/2	1.0	C#3	49.0	True	Violoncello	1	1.0	3.0	0.0	I	False	('A', 'C#', 'E')	A	A	0.0	major triad	(1, 4, 9)	A	A	1	None
1.0	1	0.5	1/2	1.0	E3	52.0	True	Violoncello	1	1.0	3.0	0.0	I	False	('A', 'C#', 'E')	A	A	0.0	major triad	(1, 4, 9)	A	A	1	None
1.5	3/2	0.0	0	1.0	B4	71.0	True	Violoncello	1	1.0	3.0	0.0	I	False	('A', 'C#', 'E')	A	A	0.0	major triad	(1, 4, 9)	A	A	1	None
1.5	3/2	0.0	0	1.0	A4	69.0	True	Violoncello	1	1.0	3.0	0.0	I	False	('A', 'C#', 'E')	A	A	0.0	major triad	(1, 4, 9)	A	A	1	None
1.5	3/2	0.0	0	1.0	G#4	68.0	True	Violoncello	1	1.0	3.0	0.0	I	False	('A', 'C#', 'E')	A	A	0.0	major triad	(1, 4, 9)	A	A	1	None
1.5	3/2	0.5	1/2	1.0	A4	69.0	True	Violoncello	1	1.0	3.0	0.0	I	False	('A', 'C#', 'E')	A	A	0.0	major triad	(1, 4, 9)	A	A	1	None
1.5	3/2	1.0	1	1.0	E4	64.0	True	Violoncello	1	1.0	3.0	0.0	I	False	('A', 'C#', 'E')	A	A	0.0	major triad	(1, 4, 9)	A	A	1	None
1.5	3/2	1.0	1	1.0	C#4	61.0	True	Violoncello	1	1.0	3.0	0.0	I	False	('A', 'C#', 'E')	A	A	0.0	major triad	(1, 4, 9)	A	A	1	None
1.5	3/2	1.0	1	1.0	A3	57.0	True	Violoncello	1	1.0	3.0	0.0	I	False	('A', 'C#', 'E')	A	A	0.0	major triad	(1, 4, 9)	A	A	1	None
2.0	2	0.5	1/2	1.0	B4	71.0	True	Violoncello	1	1.0	3.0	0.0	I	False	('A', 'C#', 'E')	A	A	0.0	major triad	(1, 4, 9)	A	A	1	None
2.5	5/2	0.5	1/2	1.0	C#5	73.0	True	Violoncello	1	1.0	3.0	0.0	I	False	('A', 'C#', 'E')	A	A	0.0	major triad	(1, 4, 9)	A	A	1	None
3.0	3	0.5	1/2	2.0	A2	45.0	True	Violoncello	1	2.0	3.0	1.0	I	True	('A', 'C#', 'E')	A	A	0.0	major triad	(1, 4, 9)	A	A	1	None
3.5	7/2	0.5	1/2	2.0	C#3	49.0	True	Violoncello	1	2.0	3.0	1.0	I	False	('A', 'C#', 'E')	A	A	0.0	major triad	(1, 4, 9)	A	A	1	None
4.0	4	0.5	1/2	2.0	E3	52.0	True	Violoncello	1	2.0	3.0	1.0	I	False	('A', 'C#', 'E')	A	A	0.0	major triad	(1, 4, 9)	A	A	1	None
4.5	9/2	0.0	0	2.0	D5	74.0	True	Violoncello	1	2.0	3.0	1.0	I	False	('A', 'C#', 'E')	A	A	0.0	major triad	(1, 4, 9)	A	A	1	None
4.5	9/2	0.0	0	2.0	C#5	73.0	True	Violoncello	1	2.0	3.0	1.0	I	False	('A', 'C#', 'E')	A	A	0.0	major triad	(1, 4, 9)	A	A	1	None
4.5	9/2	0.0	0	2.0	B4	71.0	True	Violoncello	1	2.0	3.0	1.0	I	False	('A', 'C#', 'E')	A	A	0.0	major triad	(1, 4, 9)	A	A	1	None
4.5	9/2	0.5	1/2	2.0	C#5	73.0	True	Violoncello	1	2.0	3.0	1.0	I	False	('A', 'C#', 'E')	A	A	0.0	major triad	(1, 4, 9)	A	A	1	None
4.5	9/2	1.0	1	2.0	E4	64.0	True	Violoncello	1	2.0	3.0	1.0	I	False	('A', 'C#', 'E')	A	A	0.0	major triad	(1, 4, 9)	A	A	1	None
4.5	9/2	1.0	1	2.0	C#4	61.0	True	Violoncello	1	2.0	3.0	1.0	I	False	('A', 'C#', 'E')	A	A	0.0	major triad	(1, 4, 9)	A	A	1	None
4.5	9/2	1.0	1	2.0	A3	57.0	True	Violoncello	1	2.0	3.0	1.0	I	False	('A', 'C#', 'E')	A	A	0.0	major triad	(1, 4, 9)	A	A	1	None
5.0	5	0.5	1/2	2.0	D5	74.0	True	Violoncello	1	2.0	3.0	1.0	I	False	('A', 'C#', 'E')	A	A	0.0	major triad	(1, 4, 9)	A	A	1	None
5.5	11/2	0.5	1/2	2.0	E5	76.0	True	Violoncello	1	2.0	3.0	1.0	I	False	('A', 'C#', 'E')	A	A	0.0	major triad	(1, 4, 9)	A	A	1	None
6.0	6	0.5	1/2	3.0	A2	45.0	True	Violoncello	1	3.0	3.0	2.0	I	True	('A', 'C#', 'E')	A	A	0.0	major triad	(1, 4, 9)	A	A	1	None
6.5	13/2	0.5	1/2	3.0	C#3	49.0	True	Violoncello	1	3.0	3.0	2.0	I	False	('A', 'C#', 'E')	A	A	0.0	major triad	(1, 4, 9)	A	A	1	None
7.0	7	0.5	1/2	3.0	E3	52.0	True	Violoncello	1	3.0	3.0	2.0	I	False	('A', 'C#', 'E')	A	A	0.0	major triad	(1, 4, 9)	A	A	1	None
7.5	15/2	1.0	1	3.0	A3	57.0	True	Violoncello	1	3.0	3.0	2.0	I	False	('A', 'C#', 'E')	A	A	0.0	major triad	(1, 4, 9)	A	A	1	None
7.5	15/2	1.0	1	3.0	C#4	61.0	True	Violoncello	1	3.0	3.0	2.0	I	False	('A', 'C#', 'E')	A	A	0.0	major triad	(1, 4, 9)	A	A	1	None
7.5	15/2	1.0	1	3.0	E4	64.0	True	Violoncello	1	3.0	3.0	2.0	I	False	('A', 'C#', 'E')	A	A	0.0	major triad	(1, 4, 9)	A	A	1	None
7.5	15/2	0.0	0	3.0	D#5	75.0	True	Violoncello	1	3.0	3.0	2.0	I	False	('A', 'C#', 'E')	A	A	0.0	major triad	(1, 4, 9)	A	A	1	None
7.5	15/2	0.0	0	3.0	E5	76.0	True	Violoncello	1	3.0	3.0	2.0	I	False	('A', 'C#', 'E')	A	A	0.0	major triad	(1, 4, 9)	A	A	1	None
7.5	15/2	0.0	0	3.0	F#5	78.0	True	Violoncello	1	3.0	3.0	2.0	I	False	('A', 'C#', 'E')	A	A	0.0	major triad	(1, 4, 9)	A	A	1	None
7.5	15/2	0.5	1/2	3.0	E5	76.0	True	Violoncello	1	3.0	3.0	2.0	I	False	('A', 'C#', 'E')	A	A	0.0	major triad	(1, 4, 9)	A	A	1	None
8.0	8	0.5	1/2	3.0	F#5	78.0	True	Violoncello	1	3.0	3.0	2.0	I	False	('A', 'C#', 'E')	A	A	0.0	major triad	(1, 4, 9)	A	A	1	None
8.5	17/2	0.5	1/2	3.0	G#5	80.0	True	Violoncello	1	3.0	3.0	2.0	I	False	('A', 'C#', 'E')	A	A	0.0	major triad	(1, 4, 9)	A	A	1	None
9.0	9	0.5	1/2	4.0	A5	81.0	True	Violoncello	1	4.0	3.0	3.0	I	True	('A', 'C#', 'E')	A	A	0.0	major triad	(1, 4, 9)	A	A	1	None
9.5	19/2	0.5	1/2	4.0	B5	83.0	True	Violoncello	1	4.0	3.0	3.0	I	False	('A', 'C#', 'E')	A	A	0.0	major triad	(1, 4, 9)	A	A	1	None
10.0	10	0.5	1/2	4.0	C#6	85.0	True	Violoncello	1	4.0	3.0	3.0	I	False	('A', 'C#', 'E')	A	A	0.0	major triad	(1, 4, 9)	A	A	1	None
10.5	21/2	0.5	1/2	4.0	C#6	85.0	True	Violoncello	1	4.0	3.0	3.0	I	False	('A', 'C#', 'E')	A	A	0.0	major triad	(1, 4, 9)	A	A	1	None
11.0	11	0.5	1/2	4.0	D6	86.0	True	Violoncello	1	4.0	3.0	3.0	I	False	('A', 'C#', 'E')	A	A	0.0	major triad	(1, 4, 9)	A	A	1	None
11.5	23/2	0.5	1/2	4.0	E6	88.0	True	Violoncello	1	4.0	3.0	3.0	I	False	('A', 'C#', 'E')	A	A	0.0	major triad	(1, 4, 9)	A	A	1	None
12.0	12	0.5	1/2	5.0	A2	45.0	True	Violoncello	1	5.0	3.0	4.0	IV	True	('D', 'F#', 'A')	D	D	0.0	major triad	(2, 6, 9)	A	A	4	None
12.0	12	1.5	3/2	5.0	F#6	90.0	True	Violoncello	1	5.0	3.0	4.0	IV	True	('D', 'F#', 'A')	D	D	0.0	major triad	(2, 6, 9)	A	A	4	None
12.0	12	3.0	3	5.0	F#4	66.0	True	Violoncello	1	5.0	3.0	4.0	IV	True	('D', 'F#', 'A')	D	D	0.0	major triad	(2, 6, 9)	A	A	4	None
12.0	12	3.0	3	5.0	D4	62.0	True	Violoncello	1	5.0	3.0	4.0	IV	True	('D', 'F#', 'A')	D	D	0.0	major triad	(2, 6, 9)	A	A	4	None
12.5	25/2	0.5	1/2	5.0	D3	50.0	True	Violoncello	1	5.0	3.0	4.0	IV	False	('D', 'F#', 'A')	D	D	0.0	major triad	(2, 6, 9)	A	A	4	None
13.0	13	0.5	1/2	5.0	F#3	54.0	True	Violoncello	1	5.0	3.0	4.0	IV	False	('D', 'F#', 'A')	D	D	0.0	major triad	(2, 6, 9)	A	A	4	None
13.5	27/2	0.5	1/2	5.0	D6	86.0	True	Violoncello	1	5.0	3.0	4.0	IV	False	('D', 'F#', 'A')	D	D	0.0	major triad	(2, 6, 9)	A	A	4	None
13.5	27/2	1.5	3/2	5.0	A2	45.0	True	Violoncello	1	5.0	3.0	4.0	IV	False	('D', 'F#', 'A')	D	D	0.0	major triad	(2, 6, 9)	A	A	4	None
14.5	29/2	0.5	1/2	5.0	C#6	85.0	True	Violoncello	1	5.0	3.0	4.0	IV	False	('D', 'F#', 'A')	D	D	0.0	major triad	(2, 6, 9)	A	A	4	None
15.0	15	0.5	1/2	6.0	B5	83.0	True	Violoncello	1	6.0	3.0	5.0	V7	True	('D', 'E', 'G#', 'B')	D	E	3.0	dominant seventh chord	(2, 4, 8, 11)	A	A	5	None
15.0	15	3.0	3	6.0	G#4	68.0	True	Violoncello	1	6.0	3.0	5.0	V7	True	('D', 'E', 'G#', 'B')	D	E	3.0	dominant seventh chord	(2, 4, 8, 11)	A	A	5	None
15.0	15	3.0	3	6.0	B3	59.0	True	Violoncello	1	6.0	3.0	5.0	V7	True	('D', 'E', 'G#', 'B')	D	E	3.0	dominant seventh chord	(2, 4, 8, 11)	A	A	5	None
15.0	15	0.5	1/2	6.0	A2	45.0	False	Violoncello	1	6.0	3.0	5.0	V7	True	('D', 'E', 'G#', 'B')	D	E	3.0	dominant seventh chord	(2, 4, 8, 11)	A	A	5	None
15.5	31/2	0.5	1/2	6.0	D3	50.0	True	Violoncello	1	6.0	3.0	5.0	V7	False	('D', 'E', 'G#', 'B')	D	E	3.0	dominant seventh chord	(2, 4, 8, 11)	A	A	5	None
16.0	16	0.5	1/2	6.0	C#6	85.0	True	Violoncello	1	6.0	3.0	5.0	V7	False	('D', 'E', 'G#', 'B')	D	E	3.0	dominant seventh chord	(2, 4, 8, 11)	A	A	5	None
16.0	16	0.5	1/2	6.0	E3	52.0	True	Violoncello	1	6.0	3.0	5.0	V7	False	('D', 'E', 'G#', 'B')	D	E	3.0	dominant seventh chord	(2, 4, 8, 11)	A	A	5	None
16.5	33/2	0.5	1/2	6.0	D6	86.0	True	Violoncello	1	6.0	3.0	5.0	V7	False	('D', 'E', 'G#', 'B')	D	E	3.0	dominant seventh chord	(2, 4, 8, 11)	A	A	5	None
16.5	33/2	1.5	3/2	6.0	A2	45.0	True	Violoncello	1	6.0	3.0	5.0	V7	False	('D', 'E', 'G#', 'B')	D	E	3.0	dominant seventh chord	(2, 4, 8, 11)	A	A	5	None
17.5	35/2	0.5	1/2	6.0	D#6	87.0	True	Violoncello	1	6.0	3.0	5.0	V7	False	('D', 'E', 'G#', 'B')	D	E	3.0	dominant seventh chord	(2, 4, 8, 11)	A	A	5	None
18.0	18	0.5	1/2	7.0	A2	45.0	False	Violoncello	1	7.0	1.5	6.0	V7	True	('D', 'E', 'G#', 'B')	D	E	3.0	dominant seventh chord	(2, 4, 8, 11)	A	A	5	None
18.0	18	1.5	3/2	7.0	B3	59.0	False	Violoncello	1	7.0	1.5	6.0	V7	True	('D', 'E', 'G#', 'B')	D	E	3.0	dominant seventh chord	(2, 4, 8, 11)	A	A	5	None
18.0	18	1.5	3/2	7.0	E6	88.0	True	Violoncello	1	7.0	1.5	6.0	V7	True	('D', 'E', 'G#', 'B')	D	E	3.0	dominant seventh chord	(2, 4, 8, 11)	A	A	5	None
18.0	18	1.5	3/2	7.0	G#4	68.0	False	Violoncello	1	7.0	1.5	6.0	V7	True	('D', 'E', 'G#', 'B')	D	E	3.0	dominant seventh chord	(2, 4, 8, 11)	A	A	5	None
18.5	37/2	0.5	1/2	7.0	D3	50.0	True	Violoncello	1	7.0	1.5	6.0	V7	False	('D', 'E', 'G#', 'B')	D	E	3.0	dominant seventh chord	(2, 4, 8, 11)	A	A	5	None
19.0	19	0.5	1/2	7.0	E3	52.0	True	Violoncello	1	7.0	1.5	6.0	V7	False	('D', 'E', 'G#', 'B')	D	E	3.0	dominant seventh chord	(2, 4, 8, 11)	A	A	5	None
19.5	39/2	0.5	1/2	7.0	C#6	85.0	True	Violoncello	1	7.0	1.5	7.0	I	True	('C#', 'E', 'A')	C#	A	1.0	major triad	(1, 4, 9)	A	A	1	None
19.5	39/2	1.5	3/2	7.0	A4	69.0	True	Violoncello	1	7.0	1.5	7.0	I	True	('C#', 'E', 'A')	C#	A	1.0	major triad	(1, 4, 9)	A	A	1	None
19.5	39/2	1.5	3/2	7.0	C#4	61.0	True	Violoncello	1	7.0	1.5	7.0	I	True	('C#', 'E', 'A')	C#	A	1.0	major triad	(1, 4, 9)	A	A	1	None
19.5	39/2	0.5	1/2	7.0	A2	45.0	True	Violoncello	1	7.0	1.5	7.0	I	True	('C#', 'E', 'A')	C#	A	1.0	major triad	(1, 4, 9)	A	A	1	None
20.0	20	0.5	1/2	7.0	A5	81.0	True	Violoncello	1	7.0	1.5	7.0	I	False	('C#', 'E', 'A')	C#	A	1.0	major triad	(1, 4, 9)	A	A	1	None
20.0	20	0.5	1/2	7.0	C#3	49.0	True	Violoncello	1	7.0	1.5	7.0	I	False	('C#', 'E', 'A')	C#	A	1.0	major triad	(1, 4, 9)	A	A	1	None
20.5	41/2	0.5	1/2	7.0	B5	83.0	True	Violoncello	1	7.0	1.5	7.0	I	False	('C#', 'E', 'A')	C#	A	1.0	major triad	(1, 4, 9)	A	A	1	None
20.5	41/2	0.5	1/2	7.0	E3	52.0	True	Violoncello	1	7.0	1.5	7.0	I	False	('C#', 'E', 'A')	C#	A	1.0	major triad	(1, 4, 9)	A	A	1	None
21.0	21	1.5	3/2	8.0	C#4	61.0	False	Violoncello	1	8.0	1.5	8.0	I	True	('C#', 'E', 'A')	C#	A	1.0	major triad	(1, 4, 9)	A	A	1	None
21.0	21	0.5	1/2	8.0	C#6	85.0	True	Violoncello	1	8.0	1.5	8.0	I	True	('C#', 'E', 'A')	C#	A	1.0	major triad	(1, 4, 9)	A	A	1	None
21.0	21	1.5	3/2	8.0	A4	69.0	False	Violoncello	1	8.0	1.5	8.0	I	True	('C#', 'E', 'A')	C#	A	1.0	major triad	(1, 4, 9)	A	A	1	None
21.0	21	0.5	1/2	8.0	A2	45.0	True	Violoncello	1	8.0	1.5	8.0	I	True	('C#', 'E', 'A')	C#	A	1.0	major triad	(1, 4, 9)	A	A	1	None
21.5	43/2	0.5	1/2	8.0	C#3	49.0	True	Violoncello	1	8.0	1.5	8.0	I	False	('C#', 'E', 'A')	C#	A	1.0	major triad	(1, 4, 9)	A	A	1	None
21.5	43/2	0.5	1/2	8.0	C#6	85.0	True	Violoncello	1	8.0	1.5	8.0	I	False	('C#', 'E', 'A')	C#	A	1.0	major triad	(1, 4, 9)	A	A	1	None
22.0	22	0.5	1/2	8.0	D6	86.0	True	Violoncello	1	8.0	1.5	8.0	I	False	('C#', 'E', 'A')	C#	A	1.0	major triad	(1, 4, 9)	A	A	1	None
22.0	22	0.5	1/2	8.0	E3	52.0	True	Violoncello	1	8.0	1.5	8.0	I	False	('C#', 'E', 'A')	C#	A	1.0	major triad	(1, 4, 9)	A	A	1	None
22.5	45/2	0.5	1/2	8.0	E6	88.0	True	Violoncello	1	8.0	1.5	9.0	viio/IV	True	('E', 'G', 'C#')	E	C#	1.0	diminished triad	(1, 4, 7)	A	D	7	4
22.5	45/2	1.5	3/2	8.0	G4	67.0	True	Violoncello	1	8.0	1.5	9.0	viio/IV	True	('E', 'G', 'C#')	E	C#	1.0	diminished triad	(1, 4, 7)	A	D	7	4
22.5	45/2	1.5	3/2	8.0	C#4	61.0	True	Violoncello	1	8.0	1.5	9.0	viio/IV	True	('E', 'G', 'C#')	E	C#	1.0	diminished triad	(1, 4, 7)	A	D	7	4
22.5	45/2	0.5	1/2	8.0	A2	45.0	True	Violoncello	1	8.0	1.5	9.0	viio/IV	True	('E', 'G', 'C#')	E	C#	1.0	diminished triad	(1, 4, 7)	A	D	7	4
23.0	23	0.5	1/2	8.0	E6	88.0	True	Violoncello	1	8.0	1.5	9.0	viio/IV	False	('E', 'G', 'C#')	E	C#	1.0	diminished triad	(1, 4, 7)	A	D	7	4
23.0	23	0.5	1/2	8.0	E3	52.0	True	Violoncello	1	8.0	1.5	9.0	viio/IV	False	('E', 'G', 'C#')	E	C#	1.0	diminished triad	(1, 4, 7)	A	D	7	4
23.5	47/2	0.5	1/2	8.0	E#6	89.0	True	Violoncello	1	8.0	1.5	9.0	viio/IV	False	('E', 'G', 'C#')	E	C#	1.0	diminished triad	(1, 4, 7)	A	D	7	4
23.5	47/2	0.5	1/2	8.0	G3	55.0	True	Violoncello	1	8.0	1.5	9.0	viio/IV	False	('E', 'G', 'C#')	E	C#	1.0	diminished triad	(1, 4, 7)	A	D	7	4
24.0	24	3.0	3	9.0	F#4	66.0	True	Violoncello	1	9.0	3.0	10.0	IV	True	('D', 'F#', 'A')	D	D	0.0	major triad	(2, 6, 9)	A	A	4	None
24.0	24	3.0	3	9.0	D4	62.0	True	Violoncello	1	9.0	3.0	10.0	IV	True	('D', 'F#', 'A')	D	D	0.0	major triad	(2, 6, 9)	A	A	4	None
24.0	24	1.5	3/2	9.0	F#6	90.0	True	Violoncello	1	9.0	3.0	10.0	IV	True	('D', 'F#', 'A')	D	D	0.0	major triad	(2, 6, 9)	A	A	4	None
24.0	24	0.5	1/2	9.0	A2	45.0	True	Violoncello	1	9.0	3.0	10.0	IV	True	('D', 'F#', 'A')	D	D	0.0	major triad	(2, 6, 9)	A	A	4	None
24.5	49/2	0.5	1/2	9.0	D3	50.0	True	Violoncello	1	9.0	3.0	10.0	IV	False	('D', 'F#', 'A')	D	D	0.0	major triad	(2, 6, 9)	A	A	4	None
25.0	25	0.5	1/2	9.0	F#3	54.0	True	Violoncello	1	9.0	3.0	10.0	IV	False	('D', 'F#', 'A')	D	D	0.0	major triad	(2, 6, 9)	A	A	4	None
25.5	51/2	1.0	1	9.0	D6	86.0	True	Violoncello	1	9.0	3.0	10.0	IV	False	('D', 'F#', 'A')	D	D	0.0	major triad	(2, 6, 9)	A	A	4	None
25.5	51/2	1.5	3/2	9.0	A2	45.0	True	Violoncello	1	9.0	3.0	10.0	IV	False	('D', 'F#', 'A')	D	D	0.0	major triad	(2, 6, 9)	A	A	4	None
26.5	53/2	0.5	1/2	9.0	C#6	85.0	True	Violoncello	1	9.0	3.0	10.0	IV	False	('D', 'F#', 'A')	D	D	0.0	major triad	(2, 6, 9)	A	A	4	None
27.0	27	0.5	1/2	10.0	B5	83.0	True	Violoncello	1	10.0	1.5	11.0	V7	True	('D', 'E', 'G#', 'B')	D	E	3.0	dominant seventh chord	(2, 4, 8, 11)	A	A	5	None
27.0	27	3.0	3	10.0	G#4	68.0	True	Violoncello	1	10.0	1.5	11.0	V7	True	('D', 'E', 'G#', 'B')	D	E	3.0	dominant seventh chord	(2, 4, 8, 11)	A	A	5	None
27.0	27	3.0	3	10.0	B3	59.0	True	Violoncello	1	10.0	1.5	11.0	V7	True	('D', 'E', 'G#', 'B')	D	E	3.0	dominant seventh chord	(2, 4, 8, 11)	A	A	5	None
27.0	27	0.5	1/2	10.0	A2	45.0	False	Violoncello	1	10.0	1.5	11.0	V7	True	('D', 'E', 'G#', 'B')	D	E	3.0	dominant seventh chord	(2, 4, 8, 11)	A	A	5	None
27.5	55/2	0.5	1/2	10.0	D3	50.0	True	Violoncello	1	10.0	1.5	11.0	V7	False	('D', 'E', 'G#', 'B')	D	E	3.0	dominant seventh chord	(2, 4, 8, 11)	A	A	5	None
28.0	28	0.5	1/2	10.0	C#6	85.0	True	Violoncello	1	10.0	1.5	11.0	V7	False	('D', 'E', 'G#', 'B')	D	E	3.0	dominant seventh chord	(2, 4, 8, 11)	A	A	5	None
28.0	28	0.5	1/2	10.0	E3	52.0	True	Violoncello	1	10.0	1.5	11.0	V7	False	('D', 'E', 'G#', 'B')	D	E	3.0	dominant seventh chord	(2, 4, 8, 11)	A	A	5	None
28.5	57/2	0.5	1/2	10.0	D6	86.0	True	Violoncello	1	10.0	1.5	12.0	viio	True	('B', 'D', 'G#')	B	G#	1.0	diminished triad	(2, 8, 11)	A	A	7	None
28.5	57/2	0.5	1/2	10.0	A2	45.0	True	Violoncello	1	10.0	1.5	12.0	viio	True	('B', 'D', 'G#')	B	G#	1.0	diminished triad	(2, 8, 11)	A	A	7	None
29.0	29	0.5	1/2	10.0	B2	47.0	True	Violoncello	1	10.0	1.5	12.0	viio	False	('B', 'D', 'G#')	B	G#	1.0	diminished triad	(2, 8, 11)	A	A	7	None
29.5	59/2	0.5	1/2	10.0	E6	88.0	True	Violoncello	1	10.0	1.5	12.0	viio	False	('B', 'D', 'G#')	B	G#	1.0	diminished triad	(2, 8, 11)	A	A	7	None
29.5	59/2	0.5	1/2	10.0	D3	50.0	True	Violoncello	1	10.0	1.5	12.0	viio	False	('B', 'D', 'G#')	B	G#	1.0	diminished triad	(2, 8, 11)	A	A	7	None
30.0	30	1.0	1	11.0	A5	81.0	True	Violoncello	1	11.0	3.0	13.0	I	True	('C#', 'E', 'A')	C#	A	1.0	major triad	(1, 4, 9)	A	A	1	None
30.0	30	1.0	1	11.0	A4	69.0	True	Violoncello	1	11.0	3.0	13.0	I	True	('C#', 'E', 'A')	C#	A	1.0	major triad	(1, 4, 9)	A	A	1	None
30.0	30	1.0	1	11.0	C#4	61.0	True	Violoncello	1	11.0	3.0	13.0	I	True	('C#', 'E', 'A')	C#	A	1.0	major triad	(1, 4, 9)	A	A	1	None
30.0	30	1.0	1	11.0	A2	45.0	True	Violoncello	1	11.0	3.0	13.0	I	True	('C#', 'E', 'A')	C#	A	1.0	major triad	(1, 4, 9)	A	A	1	None
31.5	63/2	0.25	1/4	11.0	A4	69.0	True	Violoncello	1	11.0	3.0	13.0	I	False	('C#', 'E', 'A')	C#	A	1.0	major triad	(1, 4, 9)	A	A	1	None
31.75	127/4	0.25	1/4	11.0	B4	71.0	True	Violoncello	1	11.0	3.0	13.0	I	False	('C#', 'E', 'A')	C#	A	1.0	major triad	(1, 4, 9)	A	A	1	None
32.0	32	0.25	1/4	11.0	C#5	73.0	True	Violoncello	1	11.0	3.0	13.0	I	False	('C#', 'E', 'A')	C#	A	1.0	major triad	(1, 4, 9)	A	A	1	None
32.25	129/4	0.25	1/4	11.0	D5	74.0	True	Violoncello	1	11.0	3.0	13.0	I	False	('C#', 'E', 'A')	C#	A	1.0	major triad	(1, 4, 9)	A	A	1	None
32.5	65/2	0.25	1/4	11.0	E5	76.0	True	Violoncello	1	11.0	3.0	13.0	I	False	('C#', 'E', 'A')	C#	A	1.0	major triad	(1, 4, 9)	A	A	1	None
32.75	131/4	0.25	1/4	11.0	C#5	73.0	True	Violoncello	1	11.0	3.0	13.0	I	False	('C#', 'E', 'A')	C#	A	1.0	major triad	(1, 4, 9)	A	A	1	None
33.0	33	1.0	1	12.0	D5	74.0	True	Violoncello	1	12.0	3.0	14.0	V7	True	('E', 'G#', 'B', 'D')	E	E	0.0	dominant seventh chord	(2, 4, 8, 11)	A	A	5	None
33.5	67/2	0.5	1/2	12.0	E3	52.0	True	Violoncello	1	12.0	3.0	14.0	V7	False	('E', 'G#', 'B', 'D')	E	E	0.0	dominant seventh chord	(2, 4, 8, 11)	A	A	5	None
33.5	67/2	0.5	1/2	12.0	E3	52.0	True	Violoncello	1	12.0	3.0	14.0	V7	False	('E', 'G#', 'B', 'D')	E	E	0.0	dominant seventh chord	(2, 4, 8, 11)	A	A	5	None
33.5	67/2	0.5	1/2	12.0	E4	64.0	True	Violoncello	1	12.0	3.0	14.0	V7	False	('E', 'G#', 'B', 'D')	E	E	0.0	dominant seventh chord	(2, 4, 8, 11)	A	A	5	None
34.0	34	0.5	1/2	12.0	E3	52.0	True	Violoncello	1	12.0	3.0	14.0	V7	False	('E', 'G#', 'B', 'D')	E	E	0.0	dominant seventh chord	(2, 4, 8, 11)	A	A	5	None
34.0	34	0.5	1/2	12.0	E4	64.0	True	Violoncello	1	12.0	3.0	14.0	V7	False	('E', 'G#', 'B', 'D')	E	E	0.0	dominant seventh chord	(2, 4, 8, 11)	A	A	5	None
34.0	34	0.5	1/2	12.0	E3	52.0	True	Violoncello	1	12.0	3.0	14.0	V7	False	('E', 'G#', 'B', 'D')	E	E	0.0	dominant seventh chord	(2, 4, 8, 11)	A	A	5	None
34.5	69/2	0.25	1/4	12.0	E5	76.0	True	Violoncello	1	12.0	3.0	14.0	V7	False	('E', 'G#', 'B', 'D')	E	E	0.0	dominant seventh chord	(2, 4, 8, 11)	A	A	5	None
34.75	139/4	0.25	1/4	12.0	F#5	78.0	True	Violoncello	1	12.0	3.0	14.0	V7	False	('E', 'G#', 'B', 'D')	E	E	0.0	dominant seventh chord	(2, 4, 8, 11)	A	A	5	None
35.0	35	0.25	1/4	12.0	G#5	80.0	True	Violoncello	1	12.0	3.0	14.0	V7	False	('E', 'G#', 'B', 'D')	E	E	0.0	dominant seventh chord	(2, 4, 8, 11)	A	A	5	None
35.25	141/4	0.25	1/4	12.0	A5	81.0	True	Violoncello	1	12.0	3.0	14.0	V7	False	('E', 'G#', 'B', 'D')	E	E	0.0	dominant seventh chord	(2, 4, 8, 11)	A	A	5	None
35.5	71/2	0.25	1/4	12.0	B5	83.0	True	Violoncello	1	12.0	3.0	14.0	V7	False	('E', 'G#', 'B', 'D')	E	E	0.0	dominant seventh chord	(2, 4, 8, 11)	A	A	5	None
35.75	143/4	0.25	1/4	12.0	G#5	80.0	True	Violoncello	1	12.0	3.0	14.0	V7	False	('E', 'G#', 'B', 'D')	E	E	0.0	dominant seventh chord	(2, 4, 8, 11)	A	A	5	None
36.0	36	1.0	1	13.0	A5	81.0	True	Violoncello	1	13.0	3.0	15.0	I	True	('C#', 'E', 'A')	C#	A	1.0	major triad	(1, 4, 9)	A	A	1	None
36.5	73/2	0.5	1/2	13.0	C#4	61.0	True	Violoncello	1	13.0	3.0	15.0	I	False	('C#', 'E', 'A')	C#	A	1.0	major triad	(1, 4, 9)	A	A	1	None
36.5	73/2	0.5	1/2	13.0	C#3	49.0	True	Violoncello	1	13.0	3.0	15.0	I	False	('C#', 'E', 'A')	C#	A	1.0	major triad	(1, 4, 9)	A	A	1	None
36.5	73/2	0.5	1/2	13.0	C#3	49.0	True	Violoncello	1	13.0	3.0	15.0	I	False	('C#', 'E', 'A')	C#	A	1.0	major triad	(1, 4, 9)	A	A	1	None
37.0	37	0.5	1/2	13.0	C#4	61.0	True	Violoncello	1	13.0	3.0	15.0	I	False	('C#', 'E', 'A')	C#	A	1.0	major triad	(1, 4, 9)	A	A	1	None
37.0	37	0.5	1/2	13.0	C#3	49.0	True	Violoncello	1	13.0	3.0	15.0	I	False	('C#', 'E', 'A')	C#	A	1.0	major triad	(1, 4, 9)	A	A	1	None
37.0	37	0.5	1/2	13.0	C#3	49.0	True	Violoncello	1	13.0	3.0	15.0	I	False	('C#', 'E', 'A')	C#	A	1.0	major triad	(1, 4, 9)	A	A	1	None
37.5	75/2	0.25	1/4	13.0	A4	69.0	True	Violoncello	1	13.0	3.0	15.0	I	False	('C#', 'E', 'A')	C#	A	1.0	major triad	(1, 4, 9)	A	A	1	None
37.75	151/4	0.25	1/4	13.0	B4	71.0	True	Violoncello	1	13.0	3.0	15.0	I	False	('C#', 'E', 'A')	C#	A	1.0	major triad	(1, 4, 9)	A	A	1	None
38.0	38	0.25	1/4	13.0	C#5	73.0	True	Violoncello	1	13.0	3.0	15.0	I	False	('C#', 'E', 'A')	C#	A	1.0	major triad	(1, 4, 9)	A	A	1	None
38.25	153/4	0.25	1/4	13.0	D5	74.0	True	Violoncello	1	13.0	3.0	15.0	I	False	('C#', 'E', 'A')	C#	A	1.0	major triad	(1, 4, 9)	A	A	1	None
38.5	77/2	0.25	1/4	13.0	E5	76.0	True	Violoncello	1	13.0	3.0	15.0	I	False	('C#', 'E', 'A')	C#	A	1.0	major triad	(1, 4, 9)	A	A	1	None
38.75	155/4	0.25	1/4	13.0	C#5	73.0	True	Violoncello	1	13.0	3.0	15.0	I	False	('C#', 'E', 'A')	C#	A	1.0	major triad	(1, 4, 9)	A	A	1	None
39.0	39	0.5	1/2	14.0	F#5	78.0	True	Violoncello	1	14.0	1.5	16.0	IV	True	('D', 'F#', 'A')	D	D	0.0	major triad	(2, 6, 9)	A	A	4	None
39.5	79/2	0.5	1/2	14.0	D4	62.0	True	Violoncello	1	14.0	1.5	16.0	IV	False	('D', 'F#', 'A')	D	D	0.0	major triad	(2, 6, 9)	A	A	4	None
39.5	79/2	0.5	1/2	14.0	D4	62.0	True	Violoncello	1	14.0	1.5	16.0	IV	False	('D', 'F#', 'A')	D	D	0.0	major triad	(2, 6, 9)	A	A	4	None
39.5	79/2	0.5	1/2	14.0	D3	50.0	True	Violoncello	1	14.0	1.5	16.0	IV	False	('D', 'F#', 'A')	D	D	0.0	major triad	(2, 6, 9)	A	A	4	None
39.5	79/2	0.5	1/2	14.0	D3	50.0	True	Violoncello	1	14.0	1.5	16.0	IV	False	('D', 'F#', 'A')	D	D	0.0	major triad	(2, 6, 9)	A	A	4	None
40.0	40	0.5	1/2	14.0	D4	62.0	True	Violoncello	1	14.0	1.5	16.0	IV	False	('D', 'F#', 'A')	D	D	0.0	major triad	(2, 6, 9)	A	A	4	None
40.0	40	0.5	1/2	14.0	D4	62.0	True	Violoncello	1	14.0	1.5	16.0	IV	False	('D', 'F#', 'A')	D	D	0.0	major triad	(2, 6, 9)	A	A	4	None
40.0	40	0.5	1/2	14.0	D3	50.0	True	Violoncello	1	14.0	1.5	16.0	IV	False	('D', 'F#', 'A')	D	D	0.0	major triad	(2, 6, 9)	A	A	4	None
40.0	40	0.5	1/2	14.0	D3	50.0	True	Violoncello	1	14.0	1.5	16.0	IV	False	('D', 'F#', 'A')	D	D	0.0	major triad	(2, 6, 9)	A	A	4	None
40.5	81/2	0.5	1/2	14.0	G#5	80.0	True	Violoncello	1	14.0	1.5	17.0	V	True	('E', 'G#', 'B')	E	E	0.0	major triad	(4, 8, 11)	A	A	5	None
41.0	41	0.5	1/2	14.0	E3	52.0	True	Violoncello	1	14.0	1.5	17.0	V	False	('E', 'G#', 'B')	E	E	0.0	major triad	(4, 8, 11)	A	A	5	None
41.0	41	0.5	1/2	14.0	E4	64.0	True	Violoncello	1	14.0	1.5	17.0	V	False	('E', 'G#', 'B')	E	E	0.0	major triad	(4, 8, 11)	A	A	5	None
41.0	41	0.5	1/2	14.0	E4	64.0	True	Violoncello	1	14.0	1.5	17.0	V	False	('E', 'G#', 'B')	E	E	0.0	major triad	(4, 8, 11)	A	A	5	None
41.0	41	0.5	1/2	14.0	E3	52.0	True	Violoncello	1	14.0	1.5	17.0	V	False	('E', 'G#', 'B')	E	E	0.0	major triad	(4, 8, 11)	A	A	5	None
41.5	83/2	0.5	1/2	14.0	E4	64.0	True	Violoncello	1	14.0	1.5	17.0	V	False	('E', 'G#', 'B')	E	E	0.0	major triad	(4, 8, 11)	A	A	5	None
41.5	83/2	0.5	1/2	14.0	E4	64.0	True	Violoncello	1	14.0	1.5	17.0	V	False	('E', 'G#', 'B')	E	E	0.0	major triad	(4, 8, 11)	A	A	5	None
41.5	83/2	0.5	1/2	14.0	E3	52.0	True	Violoncello	1	14.0	1.5	17.0	V	False	('E', 'G#', 'B')	E	E	0.0	major triad	(4, 8, 11)	A	A	5	None
41.5	83/2	0.5	1/2	14.0	E3	52.0	True	Violoncello	1	14.0	1.5	17.0	V	False	('E', 'G#', 'B')	E	E	0.0	major triad	(4, 8, 11)	A	A	5	None
42.0	42	0.5	1/2	15.0	A5	81.0	True	Violoncello	1	15.0	3.0	18.0	I	True	('A', 'C#', 'E')	A	A	0.0	major triad	(1, 4, 9)	A	A	1	None
42.5	85/2	0.5	1/2	15.0	A3	57.0	True	Violoncello	1	15.0	3.0	18.0	I	False	('A', 'C#', 'E')	A	A	0.0	major triad	(1, 4, 9)	A	A	1	None
42.5	85/2	0.5	1/2	15.0	A3	57.0	True	Violoncello	1	15.0	3.0	18.0	I	False	('A', 'C#', 'E')	A	A	0.0	major triad	(1, 4, 9)	A	A	1	None
42.5	85/2	0.5	1/2	15.0	A3	57.0	True	Violoncello	1	15.0	3.0	18.0	I	False	('A', 'C#', 'E')	A	A	0.0	major triad	(1, 4, 9)	A	A	1	None
42.5	85/2	0.5	1/2	15.0	A2	45.0	True	Violoncello	1	15.0	3.0	18.0	I	False	('A', 'C#', 'E')	A	A	0.0	major triad	(1, 4, 9)	A	A	1	None
43.0	43	0.5	1/2	15.0	A2	45.0	True	Violoncello	1	15.0	3.0	18.0	I	False	('A', 'C#', 'E')	A	A	0.0	major triad	(1, 4, 9)	A	A	1	None
43.0	43	0.5	1/2	15.0	A3	57.0	True	Violoncello	1	15.0	3.0	18.0	I	False	('A', 'C#', 'E')	A	A	0.0	major triad	(1, 4, 9)	A	A	1	None
43.0	43	0.5	1/2	15.0	A3	57.0	True	Violoncello	1	15.0	3.0	18.0	I	False	('A', 'C#', 'E')	A	A	0.0	major triad	(1, 4, 9)	A	A	1	None
43.0	43	0.5	1/2	15.0	A3	57.0	True	Violoncello	1	15.0	3.0	18.0	I	False	('A', 'C#', 'E')	A	A	0.0	major triad	(1, 4, 9)	A	A	1	None
43.5	87/2	0.25	1/4	15.0	A4	69.0	True	Violoncello	1	15.0	3.0	18.0	I	False	('A', 'C#', 'E')	A	A	0.0	major triad	(1, 4, 9)	A	A	1	None
43.75	175/4	0.25	1/4	15.0	B4	71.0	True	Violoncello	1	15.0	3.0	18.0	I	False	('A', 'C#', 'E')	A	A	0.0	major triad	(1, 4, 9)	A	A	1	None
44.0	44	0.25	1/4	15.0	C#5	73.0	True	Violoncello	1	15.0	3.0	18.0	I	False	('A', 'C#', 'E')	A	A	0.0	major triad	(1, 4, 9)	A	A	1	None
44.25	177/4	0.25	1/4	15.0	D5	74.0	True	Violoncello	1	15.0	3.0	18.0	I	False	('A', 'C#', 'E')	A	A	0.0	major triad	(1, 4, 9)	A	A	1	None
44.5	89/2	0.25	1/4	15.0	E5	76.0	True	Violoncello	1	15.0	3.0	18.0	I	False	('A', 'C#', 'E')	A	A	0.0	major triad	(1, 4, 9)	A	A	1	None
44.75	179/4	0.25	1/4	15.0	C#5	73.0	True	Violoncello	1	15.0	3.0	18.0	I	False	('A', 'C#', 'E')	A	A	0.0	major triad	(1, 4, 9)	A	A	1	None
45.0	45	1.0	1	16.0	D5	74.0	True	Violoncello	1	16.0	3.0	19.0	V7	True	('E', 'G#', 'B', 'D')	E	E	0.0	dominant seventh chord	(2, 4, 8, 11)	A	A	5	None
45.5	91/2	0.5	1/2	16.0	E3	52.0	True	Violoncello	1	16.0	3.0	19.0	V7	False	('E', 'G#', 'B', 'D')	E	E	0.0	dominant seventh chord	(2, 4, 8, 11)	A	A	5	None
45.5	91/2	0.5	1/2	16.0	E4	64.0	True	Violoncello	1	16.0	3.0	19.0	V7	False	('E', 'G#', 'B', 'D')	E	E	0.0	dominant seventh chord	(2, 4, 8, 11)	A	A	5	None
45.5	91/2	0.5	1/2	16.0	E3	52.0	True	Violoncello	1	16.0	3.0	19.0	V7	False	('E', 'G#', 'B', 'D')	E	E	0.0	dominant seventh chord	(2, 4, 8, 11)	A	A	5	None
46.0	46	0.5	1/2	16.0	E3	52.0	True	Violoncello	1	16.0	3.0	19.0	V7	False	('E', 'G#', 'B', 'D')	E	E	0.0	dominant seventh chord	(2, 4, 8, 11)	A	A	5	None
46.0	46	0.5	1/2	16.0	E3	52.0	True	Violoncello	1	16.0	3.0	19.0	V7	False	('E', 'G#', 'B', 'D')	E	E	0.0	dominant seventh chord	(2, 4, 8, 11)	A	A	5	None
46.0	46	0.5	1/2	16.0	E4	64.0	True	Violoncello	1	16.0	3.0	19.0	V7	False	('E', 'G#', 'B', 'D')	E	E	0.0	dominant seventh chord	(2, 4, 8, 11)	A	A	5	None
46.5	93/2	0.25	1/4	16.0	E5	76.0	True	Violoncello	1	16.0	3.0	19.0	V7	False	('E', 'G#', 'B', 'D')	E	E	0.0	dominant seventh chord	(2, 4, 8, 11)	A	A	5	None
46.75	187/4	0.25	1/4	16.0	F#5	78.0	True	Violoncello	1	16.0	3.0	19.0	V7	False	('E', 'G#', 'B', 'D')	E	E	0.0	dominant seventh chord	(2, 4, 8, 11)	A	A	5	None
47.0	47	0.25	1/4	16.0	G#5	80.0	True	Violoncello	1	16.0	3.0	19.0	V7	False	('E', 'G#', 'B', 'D')	E	E	0.0	dominant seventh chord	(2, 4, 8, 11)	A	A	5	None
47.25	189/4	0.25	1/4	16.0	A5	81.0	True	Violoncello	1	16.0	3.0	19.0	V7	False	('E', 'G#', 'B', 'D')	E	E	0.0	dominant seventh chord	(2, 4, 8, 11)	A	A	5	None
47.5	95/2	0.25	1/4	16.0	B5	83.0	True	Violoncello	1	16.0	3.0	19.0	V7	False	('E', 'G#', 'B', 'D')	E	E	0.0	dominant seventh chord	(2, 4, 8, 11)	A	A	5	None
47.75	191/4	0.25	1/4	16.0	G#5	80.0	True	Violoncello	1	16.0	3.0	19.0	V7	False	('E', 'G#', 'B', 'D')	E	E	0.0	dominant seventh chord	(2, 4, 8, 11)	A	A	5	None
48.0	48	0.5	1/2	17.0	A5	81.0	True	Violoncello	1	17.0	1.5	20.0	I	True	('C#', 'E', 'A')	C#	A	1.0	major triad	(1, 4, 9)	A	A	1	None
48.5	97/2	0.5	1/2	17.0	A4	69.0	True	Violoncello	1	17.0	1.5	20.0	I	False	('C#', 'E', 'A')	C#	A	1.0	major triad	(1, 4, 9)	A	A	1	None
48.5	97/2	0.5	1/2	17.0	C#4	61.0	True	Violoncello	1	17.0	1.5	20.0	I	False	('C#', 'E', 'A')	C#	A	1.0	major triad	(1, 4, 9)	A	A	1	None
48.5	97/2	0.5	1/2	17.0	C#3	49.0	True	Violoncello	1	17.0	1.5	20.0	I	False	('C#', 'E', 'A')	C#	A	1.0	major triad	(1, 4, 9)	A	A	1	None
48.5	97/2	0.5	1/2	17.0	C#3	49.0	True	Violoncello	1	17.0	1.5	20.0	I	False	('C#', 'E', 'A')	C#	A	1.0	major triad	(1, 4, 9)	A	A	1	None
49.0	49	0.5	1/2	17.0	A4	69.0	True	Violoncello	1	17.0	1.5	20.0	I	False	('C#', 'E', 'A')	C#	A	1.0	major triad	(1, 4, 9)	A	A	1	None
49.0	49	0.5	1/2	17.0	C#4	61.0	True	Violoncello	1	17.0	1.5	20.0	I	False	('C#', 'E', 'A')	C#	A	1.0	major triad	(1, 4, 9)	A	A	1	None
49.0	49	0.5	1/2	17.0	C#3	49.0	True	Violoncello	1	17.0	1.5	20.0	I	False	('C#', 'E', 'A')	C#	A	1.0	major triad	(1, 4, 9)	A	A	1	None
49.0	49	0.5	1/2	17.0	C#3	49.0	True	Violoncello	1	17.0	1.5	20.0	I	False	('C#', 'E', 'A')	C#	A	1.0	major triad	(1, 4, 9)	A	A	1	None
49.5	99/2	0.5	1/2	17.0	A5	81.0	True	Violoncello	1	17.0	1.5	21.0	V7/IV	True	('G', 'A', 'C#', 'E')	G	A	3.0	dominant seventh chord	(1, 4, 7, 9)	A	D	5	4
50.0	50	0.5	1/2	17.0	G3	55.0	True	Violoncello	1	17.0	1.5	21.0	V7/IV	False	('G', 'A', 'C#', 'E')	G	A	3.0	dominant seventh chord	(1, 4, 7, 9)	A	D	5	4
50.0	50	0.5	1/2	17.0	G3	55.0	True	Violoncello	1	17.0	1.5	21.0	V7/IV	False	('G', 'A', 'C#', 'E')	G	A	3.0	dominant seventh chord	(1, 4, 7, 9)	A	D	5	4
50.0	50	0.5	1/2	17.0	G4	67.0	True	Violoncello	1	17.0	1.5	21.0	V7/IV	False	('G', 'A', 'C#', 'E')	G	A	3.0	dominant seventh chord	(1, 4, 7, 9)	A	D	5	4
50.0	50	0.5	1/2	17.0	G4	67.0	True	Violoncello	1	17.0	1.5	21.0	V7/IV	False	('G', 'A', 'C#', 'E')	G	A	3.0	dominant seventh chord	(1, 4, 7, 9)	A	D	5	4
50.5	101/2	0.5	1/2	17.0	G4	67.0	True	Violoncello	1	17.0	1.5	21.0	V7/IV	False	('G', 'A', 'C#', 'E')	G	A	3.0	dominant seventh chord	(1, 4, 7, 9)	A	D	5	4
50.5	101/2	0.5	1/2	17.0	G4	67.0	True	Violoncello	1	17.0	1.5	21.0	V7/IV	False	('G', 'A', 'C#', 'E')	G	A	3.0	dominant seventh chord	(1, 4, 7, 9)	A	D	5	4
50.5	101/2	0.5	1/2	17.0	G3	55.0	True	Violoncello	1	17.0	1.5	21.0	V7/IV	False	('G', 'A', 'C#', 'E')	G	A	3.0	dominant seventh chord	(1, 4, 7, 9)	A	D	5	4
50.5	101/2	0.5	1/2	17.0	G3	55.0	True	Violoncello	1	17.0	1.5	21.0	V7/IV	False	('G', 'A', 'C#', 'E')	G	A	3.0	dominant seventh chord	(1, 4, 7, 9)	A	D	5	4
51.0	51	0.5	1/2	18.0	A5	81.0	True	Violoncello	1	18.0	1.5	22.0	IV	True	('F#', 'A', 'D')	F#	D	1.0	major triad	(2, 6, 9)	A	A	4	None
51.5	103/2	0.5	1/2	18.0	F#4	66.0	True	Violoncello	1	18.0	1.5	22.0	IV	False	('F#', 'A', 'D')	F#	D	1.0	major triad	(2, 6, 9)	A	A	4	None
51.5	103/2	0.5	1/2	18.0	F#4	66.0	True	Violoncello	1	18.0	1.5	22.0	IV	False	('F#', 'A', 'D')	F#	D	1.0	major triad	(2, 6, 9)	A	A	4	None
51.5	103/2	0.5	1/2	18.0	F#3	54.0	True	Violoncello	1	18.0	1.5	22.0	IV	False	('F#', 'A', 'D')	F#	D	1.0	major triad	(2, 6, 9)	A	A	4	None
51.5	103/2	0.5	1/2	18.0	F#3	54.0	True	Violoncello	1	18.0	1.5	22.0	IV	False	('F#', 'A', 'D')	F#	D	1.0	major triad	(2, 6, 9)	A	A	4	None
52.0	52	0.5	1/2	18.0	F#3	54.0	True	Violoncello	1	18.0	1.5	22.0	IV	False	('F#', 'A', 'D')	F#	D	1.0	major triad	(2, 6, 9)	A	A	4	None
52.0	52	0.5	1/2	18.0	F#4	66.0	True	Violoncello	1	18.0	1.5	22.0	IV	False	('F#', 'A', 'D')	F#	D	1.0	major triad	(2, 6, 9)	A	A	4	None
52.0	52	0.5	1/2	18.0	F#4	66.0	True	Violoncello	1	18.0	1.5	22.0	IV	False	('F#', 'A', 'D')	F#	D	1.0	major triad	(2, 6, 9)	A	A	4	None
52.0	52	0.5	1/2	18.0	F#3	54.0	True	Violoncello	1	18.0	1.5	22.0	IV	False	('F#', 'A', 'D')	F#	D	1.0	major triad	(2, 6, 9)	A	A	4	None
52.5	105/2	0.5	1/2	18.0	A5	81.0	True	Violoncello	1	18.0	1.5	23.0	iv	True	('F', 'A', 'D')	F	D	1.0	minor triad	(2, 5, 9)	A	A	4	None
53.0	53	0.5	1/2	18.0	F4	65.0	True	Violoncello	1	18.0	1.5	23.0	iv	False	('F', 'A', 'D')	F	D	1.0	minor triad	(2, 5, 9)	A	A	4	None
53.0	53	0.5	1/2	18.0	F4	65.0	True	Violoncello	1	18.0	1.5	23.0	iv	False	('F', 'A', 'D')	F	D	1.0	minor triad	(2, 5, 9)	A	A	4	None
53.0	53	0.5	1/2	18.0	F3	53.0	True	Violoncello	1	18.0	1.5	23.0	iv	False	('F', 'A', 'D')	F	D	1.0	minor triad	(2, 5, 9)	A	A	4	None
53.0	53	0.5	1/2	18.0	F3	53.0	True	Violoncello	1	18.0	1.5	23.0	iv	False	('F', 'A', 'D')	F	D	1.0	minor triad	(2, 5, 9)	A	A	4	None
53.5	107/2	0.5	1/2	18.0	F4	65.0	True	Violoncello	1	18.0	1.5	23.0	iv	False	('F', 'A', 'D')	F	D	1.0	minor triad	(2, 5, 9)	A	A	4	None
53.5	107/2	0.5	1/2	18.0	F4	65.0	True	Violoncello	1	18.0	1.5	23.0	iv	False	('F', 'A', 'D')	F	D	1.0	minor triad	(2, 5, 9)	A	A	4	None
53.5	107/2	0.5	1/2	18.0	F3	53.0	True	Violoncello	1	18.0	1.5	23.0	iv	False	('F', 'A', 'D')	F	D	1.0	minor triad	(2, 5, 9)	A	A	4	None
53.5	107/2	0.5	1/2	18.0	F3	53.0	True	Violoncello	1	18.0	1.5	23.0	iv	False	('F', 'A', 'D')	F	D	1.0	minor triad	(2, 5, 9)	A	A	4	None
54.0	54	0.5	1/2	19.0	E4	64.0	True	Violoncello	1	19.0	1.5	24.0	V	True	('E', 'G#', 'B')	E	E	0.0	major triad	(4, 8, 11)	A	A	5	None
54.0	54	1.0	1	19.0	E4	64.0	True	Violoncello	1	19.0	1.5	24.0	V	True	('E', 'G#', 'B')	E	E	0.0	major triad	(4, 8, 11)	A	A	5	None
54.0	54	3.0	3	19.0	E3	52.0	True	Violoncello	1	19.0	1.5	24.0	V	True	('E', 'G#', 'B')	E	E	0.0	major triad	(4, 8, 11)	A	A	5	None
54.0	54	1.5	3/2	19.0	E3	52.0	True	Violoncello	1	19.0	1.5	24.0	V	True	('E', 'G#', 'B')	E	E	0.0	major triad	(4, 8, 11)	A	A	5	None
54.5	109/2	0.25	1/4	19.0	G#4	68.0	True	Violoncello	1	19.0	1.5	24.0	V	False	('E', 'G#', 'B')	E	E	0.0	major triad	(4, 8, 11)	A	A	5	None
54.75	219/4	0.25	1/4	19.0	B4	71.0	True	Violoncello	1	19.0	1.5	24.0	V	False	('E', 'G#', 'B')	E	E	0.0	major triad	(4, 8, 11)	A	A	5	None
55.0	55	0.25	1/4	19.0	E5	76.0	True	Violoncello	1	19.0	1.5	24.0	V	False	('E', 'G#', 'B')	E	E	0.0	major triad	(4, 8, 11)	A	A	5	None
55.25	221/4	0.25	1/4	19.0	G#5	80.0	True	Violoncello	1	19.0	1.5	24.0	V	False	('E', 'G#', 'B')	E	E	0.0	major triad	(4, 8, 11)	A	A	5	None
55.5	111/2	1.0	1	19.0	B5	83.0	True	Violoncello	1	19.0	1.5	25.0	V7	True	('D', 'E', 'G#', 'B')	D	E	3.0	dominant seventh chord	(2, 4, 8, 11)	A	A	5	None
55.5	111/2	0.5	1/2	19.0	D3	50.0	True	Violoncello	1	19.0	1.5	25.0	V7	True	('D', 'E', 'G#', 'B')	D	E	3.0	dominant seventh chord	(2, 4, 8, 11)	A	A	5	None
56.0	56	0.5	1/2	19.0	B2	47.0	True	Violoncello	1	19.0	1.5	25.0	V7	False	('D', 'E', 'G#', 'B')	D	E	3.0	dominant seventh chord	(2, 4, 8, 11)	A	A	5	None
56.5	113/2	0.5	1/2	19.0	G#5	80.0	True	Violoncello	1	19.0	1.5	25.0	V7	False	('D', 'E', 'G#', 'B')	D	E	3.0	dominant seventh chord	(2, 4, 8, 11)	A	A	5	None
56.5	113/2	0.5	1/2	19.0	D3	50.0	True	Violoncello	1	19.0	1.5	25.0	V7	False	('D', 'E', 'G#', 'B')	D	E	3.0	dominant seventh chord	(2, 4, 8, 11)	A	A	5	None
57.0	57	1.0	1	20.0	A5	81.0	True	Violoncello	1	20.0	1.5	26.0	I	True	('C#', 'E', 'A')	C#	A	1.0	major triad	(1, 4, 9)	A	A	1	None
57.0	57	1.5	3/2	20.0	E3	52.0	False	Violoncello	1	20.0	1.5	26.0	I	True	('C#', 'E', 'A')	C#	A	1.0	major triad	(1, 4, 9)	A	A	1	None
57.0	57	0.5	1/2	20.0	C#3	49.0	True	Violoncello	1	20.0	1.5	26.0	I	True	('C#', 'E', 'A')	C#	A	1.0	major triad	(1, 4, 9)	A	A	1	None
57.5	115/2	0.5	1/2	20.0	C#5	73.0	True	Violoncello	1	20.0	1.5	26.0	I	False	('C#', 'E', 'A')	C#	A	1.0	major triad	(1, 4, 9)	A	A	1	None
57.5	115/2	0.5	1/2	20.0	A2	45.0	True	Violoncello	1	20.0	1.5	26.0	I	False	('C#', 'E', 'A')	C#	A	1.0	major triad	(1, 4, 9)	A	A	1	None
58.0	58	0.5	1/2	20.0	B5	83.0	True	Violoncello	1	20.0	1.5	26.0	I	False	('C#', 'E', 'A')	C#	A	1.0	major triad	(1, 4, 9)	A	A	1	None
58.0	58	0.5	1/2	20.0	B4	71.0	True	Violoncello	1	20.0	1.5	26.0	I	False	('C#', 'E', 'A')	C#	A	1.0	major triad	(1, 4, 9)	A	A	1	None
58.0	58	0.5	1/2	20.0	G#2	44.0	True	Violoncello	1	20.0	1.5	26.0	I	False	('C#', 'E', 'A')	C#	A	1.0	major triad	(1, 4, 9)	A	A	1	None
58.5	117/2	0.5	1/2	20.0	E3	52.0	False	Violoncello	1	20.0	1.0	27.0	I	True	('A', 'C#', 'E')	A	A	0.0	major triad	(1, 4, 9)	A	A	1	None
58.5	117/2	0.5	1/2	20.0	A2	45.0	True	Violoncello	1	20.0	1.0	27.0	I	True	('A', 'C#', 'E')	A	A	0.0	major triad	(1, 4, 9)	A	A	1	None
58.5	117/2	1.0	1	20.0	C#6	85.0	True	Violoncello	1	20.0	1.0	27.0	I	True	('A', 'C#', 'E')	A	A	0.0	major triad	(1, 4, 9)	A	A	1	None
58.5	117/2	0.5	1/2	20.0	C#5	73.0	True	Violoncello	1	20.0	1.0	27.0	I	True	('A', 'C#', 'E')	A	A	0.0	major triad	(1, 4, 9)	A	A	1	None
59.0	59	0.5	1/2	20.0	A3	57.0	True	Violoncello	1	20.0	1.0	27.0	I	False	('A', 'C#', 'E')	A	A	0.0	major triad	(1, 4, 9)	A	A	1	None
59.0	59	0.5	1/2	20.0	F#2	42.0	True	Violoncello	1	20.0	1.0	27.0	I	False	('A', 'C#', 'E')	A	A	0.0	major triad	(1, 4, 9)	A	A	1	None
59.0	59	0.5	1/2	20.0	A4	69.0	True	Violoncello	1	20.0	1.0	27.0	I	False	('A', 'C#', 'E')	A	A	0.0	major triad	(1, 4, 9)	A	A	1	None
59.5	119/2	0.5	1/2	20.0	D#6	87.0	True	Violoncello	1	20.0	0.5	28.0	V7/V	True	('B', 'D#', 'F#', 'A')	B	B	0.0	dominant seventh chord	(3, 6, 9, 11)	A	E	5	5
59.5	119/2	0.5	1/2	20.0	B4	71.0	True	Violoncello	1	20.0	0.5	28.0	V7/V	True	('B', 'D#', 'F#', 'A')	B	B	0.0	dominant seventh chord	(3, 6, 9, 11)	A	E	5	5
59.5	119/2	0.5	1/2	20.0	A3	57.0	True	Violoncello	1	20.0	0.5	28.0	V7/V	True	('B', 'D#', 'F#', 'A')	B	B	0.0	dominant seventh chord	(3, 6, 9, 11)	A	E	5	5
59.5	119/2	0.5	1/2	20.0	B2	47.0	True	Violoncello	1	20.0	0.5	28.0	V7/V	True	('B', 'D#', 'F#', 'A')	B	B	0.0	dominant seventh chord	(3, 6, 9, 11)	A	E	5	5
60.0	60	1.0	1	21.0	G#3	56.0	True	Violoncello	1	21.0	1.5	29.0	V	True	('E', 'G#', 'B')	E	E	0.0	major triad	(4, 8, 11)	A	A	5	None
60.0	60	0.5	1/2	21.0	E2	40.0	True	Violoncello	1	21.0	1.5	29.0	V	True	('E', 'G#', 'B')	E	E	0.0	major triad	(4, 8, 11)	A	A	5	None
60.0	60	0.5	1/2	21.0	E6	88.0	True	Violoncello	1	21.0	1.5	29.0	V	True	('E', 'G#', 'B')	E	E	0.0	major triad	(4, 8, 11)	A	A	5	None
60.0	60	1.0	1	21.0	B4	71.0	True	Violoncello	1	21.0	1.5	29.0	V	True	('E', 'G#', 'B')	E	E	0.0	major triad	(4, 8, 11)	A	A	5	None
60.5	121/2	0.5	1/2	21.0	E5	76.0	True	Violoncello	1	21.0	1.5	29.0	V	False	('E', 'G#', 'B')	E	E	0.0	major triad	(4, 8, 11)	A	A	5	None
60.5	121/2	0.5	1/2	21.0	E3	52.0	True	Violoncello	1	21.0	1.5	29.0	V	False	('E', 'G#', 'B')	E	E	0.0	major triad	(4, 8, 11)	A	A	5	None
61.0	61	0.5	1/2	21.0	F#5	78.0	True	Violoncello	1	21.0	1.5	29.0	V	False	('E', 'G#', 'B')	E	E	0.0	major triad	(4, 8, 11)	A	A	5	None
61.0	61	0.5	1/2	21.0	D#3	51.0	True	Violoncello	1	21.0	1.5	29.0	V	False	('E', 'G#', 'B')	E	E	0.0	major triad	(4, 8, 11)	A	A	5	None
61.5	123/2	0.5	1/2	21.0	E3	52.0	True	Violoncello	1	21.0	1.5	30.0	V7	True	('B', 'D', 'E', 'G#')	B	E	2.0	dominant seventh chord	(2, 4, 8, 11)	A	A	5	None
61.5	123/2	0.5	1/2	21.0	G#5	80.0	True	Violoncello	1	21.0	1.5	30.0	V7	True	('B', 'D', 'E', 'G#')	B	E	2.0	dominant seventh chord	(2, 4, 8, 11)	A	A	5	None
61.5	123/2	1.5	3/2	21.0	E3	52.0	True	Violoncello	1	21.0	1.5	30.0	V7	True	('B', 'D', 'E', 'G#')	B	E	2.0	dominant seventh chord	(2, 4, 8, 11)	A	A	5	None
62.0	62	0.5	1/2	21.0	D3	50.0	True	Violoncello	1	21.0	1.5	30.0	V7	False	('B', 'D', 'E', 'G#')	B	E	2.0	dominant seventh chord	(2, 4, 8, 11)	A	A	5	None
62.0	62	0.5	1/2	21.0	G#5	80.0	True	Violoncello	1	21.0	1.5	30.0	V7	False	('B', 'D', 'E', 'G#')	B	E	2.0	dominant seventh chord	(2, 4, 8, 11)	A	A	5	None
62.5	125/2	0.5	1/2	21.0	G#5	80.0	True	Violoncello	1	21.0	1.5	30.0	V7	False	('B', 'D', 'E', 'G#')	B	E	2.0	dominant seventh chord	(2, 4, 8, 11)	A	A	5	None
62.5	125/2	0.5	1/2	21.0	B2	47.0	True	Violoncello	1	21.0	1.5	30.0	V7	False	('B', 'D', 'E', 'G#')	B	E	2.0	dominant seventh chord	(2, 4, 8, 11)	A	A	5	None
63.0	63	0.5	1/2	22.0	A5	81.0	True	Violoncello	1	22.0	0.5	31.0	I	True	('C#', 'E', 'A')	C#	A	1.0	major triad	(1, 4, 9)	A	A	1	None
63.0	63	0.5	1/2	22.0	E3	52.0	False	Violoncello	1	22.0	0.5	31.0	I	True	('C#', 'E', 'A')	C#	A	1.0	major triad	(1, 4, 9)	A	A	1	None
63.0	63	0.5	1/2	22.0	C#3	49.0	True	Violoncello	1	22.0	0.5	31.0	I	True	('C#', 'E', 'A')	C#	A	1.0	major triad	(1, 4, 9)	A	A	1	None
63.5	127/2	0.5	1/2	22.0	A5	81.0	True	Violoncello	1	22.0	0.5	32.0	I	True	('A', 'C#', 'E')	A	A	0.0	major triad	(1, 4, 9)	A	A	1	None
63.5	127/2	0.5	1/2	22.0	C#5	73.0	True	Violoncello	1	22.0	0.5	32.0	I	True	('A', 'C#', 'E')	A	A	0.0	major triad	(1, 4, 9)	A	A	1	None
63.5	127/2	0.5	1/2	22.0	E4	64.0	True	Violoncello	1	22.0	0.5	32.0	I	True	('A', 'C#', 'E')	A	A	0.0	major triad	(1, 4, 9)	A	A	1	None
63.5	127/2	0.5	1/2	22.0	A2	45.0	True	Violoncello	1	22.0	0.5	32.0	I	True	('A', 'C#', 'E')	A	A	0.0	major triad	(1, 4, 9)	A	A	1	None
64.0	64	0.5	1/2	22.0	B5	83.0	True	Violoncello	1	22.0	0.5	33.0	V	True	('G#', 'B', 'E')	G#	E	1.0	major triad	(4, 8, 11)	A	A	5	None
64.0	64	0.5	1/2	22.0	B4	71.0	True	Violoncello	1	22.0	0.5	33.0	V	True	('G#', 'B', 'E')	G#	E	1.0	major triad	(4, 8, 11)	A	A	5	None
64.0	64	0.5	1/2	22.0	E4	64.0	True	Violoncello	1	22.0	0.5	33.0	V	True	('G#', 'B', 'E')	G#	E	1.0	major triad	(4, 8, 11)	A	A	5	None
64.0	64	0.5	1/2	22.0	G#2	44.0	True	Violoncello	1	22.0	0.5	33.0	V	True	('G#', 'B', 'E')	G#	E	1.0	major triad	(4, 8, 11)	A	A	5	None
64.5	129/2	0.5	1/2	22.0	A2	45.0	True	Violoncello	1	22.0	0.5	34.0	I	True	('A', 'C#', 'E')	A	A	0.0	major triad	(1, 4, 9)	A	A	1	None
64.5	129/2	0.5	1/2	22.0	E4	64.0	True	Violoncello	1	22.0	0.5	34.0	I	True	('A', 'C#', 'E')	A	A	0.0	major triad	(1, 4, 9)	A	A	1	None
64.5	129/2	0.5	1/2	22.0	C#5	73.0	True	Violoncello	1	22.0	0.5	34.0	I	True	('A', 'C#', 'E')	A	A	0.0	major triad	(1, 4, 9)	A	A	1	None
64.5	129/2	0.5	1/2	22.0	C#6	85.0	True	Violoncello	1	22.0	0.5	34.0	I	True	('A', 'C#', 'E')	A	A	0.0	major triad	(1, 4, 9)	A	A	1	None
65.0	65	0.5	1/2	22.0	C#6	85.0	True	Violoncello	1	22.0	0.5	35.0	vi	True	('F#', 'A', 'C#')	F#	F#	0.0	minor triad	(1, 6, 9)	A	A	6	None
65.0	65	0.5	1/2	22.0	A4	69.0	True	Violoncello	1	22.0	0.5	35.0	vi	True	('F#', 'A', 'C#')	F#	F#	0.0	minor triad	(1, 6, 9)	A	A	6	None
65.0	65	0.5	1/2	22.0	A3	57.0	True	Violoncello	1	22.0	0.5	35.0	vi	True	('F#', 'A', 'C#')	F#	F#	0.0	minor triad	(1, 6, 9)	A	A	6	None
65.0	65	0.5	1/2	22.0	F#2	42.0	True	Violoncello	1	22.0	0.5	35.0	vi	True	('F#', 'A', 'C#')	F#	F#	0.0	minor triad	(1, 6, 9)	A	A	6	None
65.5	131/2	0.5	1/2	22.0	D#6	87.0	True	Violoncello	1	22.0	0.5	36.0	V7/V	True	('B', 'D#', 'F#', 'A')	B	B	0.0	dominant seventh chord	(3, 6, 9, 11)	A	E	5	5
65.5	131/2	0.5	1/2	22.0	A4	69.0	True	Violoncello	1	22.0	0.5	36.0	V7/V	True	('B', 'D#', 'F#', 'A')	B	B	0.0	dominant seventh chord	(3, 6, 9, 11)	A	E	5	5
65.5	131/2	0.5	1/2	22.0	B3	59.0	True	Violoncello	1	22.0	0.5	36.0	V7/V	True	('B', 'D#', 'F#', 'A')	B	B	0.0	dominant seventh chord	(3, 6, 9, 11)	A	E	5	5
65.5	131/2	0.5	1/2	22.0	B2	47.0	True	Violoncello	1	22.0	0.5	36.0	V7/V	True	('B', 'D#', 'F#', 'A')	B	B	0.0	dominant seventh chord	(3, 6, 9, 11)	A	E	5	5
66.0	66	0.5	1/2	23.0	E6	88.0	True	Violoncello	1	23.0	3.0	37.0	V	True	('E', 'G#', 'B')	E	E	0.0	major triad	(4, 8, 11)	A	A	5	None
66.0	66	1.0	1	23.0	G#4	68.0	True	Violoncello	1	23.0	3.0	37.0	V	True	('E', 'G#', 'B')	E	E	0.0	major triad	(4, 8, 11)	A	A	5	None
66.0	66	1.0	1	23.0	B3	59.0	True	Violoncello	1	23.0	3.0	37.0	V	True	('E', 'G#', 'B')	E	E	0.0	major triad	(4, 8, 11)	A	A	5	None
66.0	66	0.5	1/2	23.0	E2	40.0	True	Violoncello	1	23.0	3.0	37.0	V	True	('E', 'G#', 'B')	E	E	0.0	major triad	(4, 8, 11)	A	A	5	None
66.5	133/2	0.5	1/2	23.0	E6	88.0	True	Violoncello	1	23.0	3.0	37.0	V	False	('E', 'G#', 'B')	E	E	0.0	major triad	(4, 8, 11)	A	A	5	None
66.5	133/2	0.5	1/2	23.0	G#2	44.0	True	Violoncello	1	23.0	3.0	37.0	V	False	('E', 'G#', 'B')	E	E	0.0	major triad	(4, 8, 11)	A	A	5	None
67.0	67	0.5	1/2	23.0	B2	47.0	True	Violoncello	1	23.0	3.0	37.0	V	False	('E', 'G#', 'B')	E	E	0.0	major triad	(4, 8, 11)	A	A	5	None
67.0	67	0.5	1/2	23.0	G#6	92.0	True	Violoncello	1	23.0	3.0	37.0	V	False	('E', 'G#', 'B')	E	E	0.0	major triad	(4, 8, 11)	A	A	5	None
67.5	135/2	0.5	1/2	23.0	E6	88.0	True	Violoncello	1	23.0	3.0	37.0	V	False	('E', 'G#', 'B')	E	E	0.0	major triad	(4, 8, 11)	A	A	5	None
67.5	135/2	1.0	1	23.0	G#4	68.0	True	Violoncello	1	23.0	3.0	37.0	V	False	('E', 'G#', 'B')	E	E	0.0	major triad	(4, 8, 11)	A	A	5	None
67.5	135/2	1.0	1	23.0	B3	59.0	True	Violoncello	1	23.0	3.0	37.0	V	False	('E', 'G#', 'B')	E	E	0.0	major triad	(4, 8, 11)	A	A	5	None
67.5	135/2	0.5	1/2	23.0	E3	52.0	True	Violoncello	1	23.0	3.0	37.0	V	False	('E', 'G#', 'B')	E	E	0.0	major triad	(4, 8, 11)	A	A	5	None
68.0	68	0.5	1/2	23.0	E6	88.0	True	Violoncello	1	23.0	3.0	37.0	V	False	('E', 'G#', 'B')	E	E	0.0	major triad	(4, 8, 11)	A	A	5	None
68.0	68	0.5	1/2	23.0	G#3	56.0	True	Violoncello	1	23.0	3.0	37.0	V	False	('E', 'G#', 'B')	E	E	0.0	major triad	(4, 8, 11)	A	A	5	None
68.5	137/2	0.5	1/2	23.0	B6	95.0	True	Violoncello	1	23.0	3.0	37.0	V	False	('E', 'G#', 'B')	E	E	0.0	major triad	(4, 8, 11)	A	A	5	None
68.5	137/2	0.5	1/2	23.0	B3	59.0	True	Violoncello	1	23.0	3.0	37.0	V	False	('E', 'G#', 'B')	E	E	0.0	major triad	(4, 8, 11)	A	A	5	None
69.0	69	1.0	1	24.0	E6	88.0	True	Violoncello	1	24.0	3.0	38.0	V	True	('E', 'G#', 'B')	E	E	0.0	major triad	(4, 8, 11)	A	A	5	None
69.0	69	1.0	1	24.0	G#4	68.0	True	Violoncello	1	24.0	3.0	38.0	V	True	('E', 'G#', 'B')	E	E	0.0	major triad	(4, 8, 11)	A	A	5	None
69.0	69	1.0	1	24.0	B3	59.0	True	Violoncello	1	24.0	3.0	38.0	V	True	('E', 'G#', 'B')	E	E	0.0	major triad	(4, 8, 11)	A	A	5	None
69.0	69	1.0	1	24.0	E4	64.0	True	Violoncello	1	24.0	3.0	38.0	V	True	('E', 'G#', 'B')	E	E	0.0	major triad	(4, 8, 11)	A	A	5	None
71.5	143/2	0.5	1/2	24.0	B2	47.0	True	Violoncello	1	24.0	3.0	38.0	V	False	('E', 'G#', 'B')	E	E	0.0	major triad	(4, 8, 11)	A	A	5	None
71.5	143/2	0.5	1/2	24.0	B3	59.0	True	Violoncello	1	24.0	3.0	38.0	V	False	('E', 'G#', 'B')	E	E	0.0	major triad	(4, 8, 11)	A	A	5	None
71.5	143/2	0.5	1/2	24.0	B3	59.0	True	Violoncello	1	24.0	3.0	38.0	V	False	('E', 'G#', 'B')	E	E	0.0	major triad	(4, 8, 11)	A	A	5	None
71.5	143/2	0.5	1/2	24.0	B3	59.0	True	Violoncello	1	24.0	3.0	38.0	V	False	('E', 'G#', 'B')	E	E	0.0	major triad	(4, 8, 11)	A	A	5	None
72.0	72	1.0	1	25.0	G4	67.0	True	Violoncello	1	25.0	3.0	39.0	i	True	('E', 'G', 'B')	E	E	0.0	minor triad	(4, 7, 11)	e	e	1	None
72.0	72	1.0	1	25.0	G4	67.0	True	Violoncello	1	25.0	3.0	39.0	i	True	('E', 'G', 'B')	E	E	0.0	minor triad	(4, 7, 11)	e	e	1	None
72.0	72	1.0	1	25.0	G4	67.0	True	Violoncello	1	25.0	3.0	39.0	i	True	('E', 'G', 'B')	E	E	0.0	minor triad	(4, 7, 11)	e	e	1	None
72.0	72	1.0	1	25.0	G3	55.0	True	Violoncello	1	25.0	3.0	39.0	i	True	('E', 'G', 'B')	E	E	0.0	minor triad	(4, 7, 11)	e	e	1	None
73.0	73	0.5	1/2	25.0	D#4	63.0	True	Violoncello	1	25.0	3.0	39.0	i	False	('E', 'G', 'B')	E	E	0.0	minor triad	(4, 7, 11)	e	e	1	None
73.0	73	0.5	1/2	25.0	D#4	63.0	True	Violoncello	1	25.0	3.0	39.0	i	False	('E', 'G', 'B')	E	E	0.0	minor triad	(4, 7, 11)	e	e	1	None
73.0	73	0.5	1/2	25.0	D#4	63.0	True	Violoncello	1	25.0	3.0	39.0	i	False	('E', 'G', 'B')	E	E	0.0	minor triad	(4, 7, 11)	e	e	1	None
73.0	73	0.5	1/2	25.0	D#3	51.0	True	Violoncello	1	25.0	3.0	39.0	i	False	('E', 'G', 'B')	E	E	0.0	minor triad	(4, 7, 11)	e	e	1	None
73.5	147/2	1.0	1	25.0	E4	64.0	True	Violoncello	1	25.0	3.0	39.0	i	False	('E', 'G', 'B')	E	E	0.0	minor triad	(4, 7, 11)	e	e	1	None
73.5	147/2	1.0	1	25.0	E4	64.0	True	Violoncello	1	25.0	3.0	39.0	i	False	('E', 'G', 'B')	E	E	0.0	minor triad	(4, 7, 11)	e	e	1	None
73.5	147/2	1.0	1	25.0	E4	64.0	True	Violoncello	1	25.0	3.0	39.0	i	False	('E', 'G', 'B')	E	E	0.0	minor triad	(4, 7, 11)	e	e	1	None
73.5	147/2	1.0	1	25.0	E3	52.0	True	Violoncello	1	25.0	3.0	39.0	i	False	('E', 'G', 'B')	E	E	0.0	minor triad	(4, 7, 11)	e	e	1	None
74.5	149/2	0.5	1/2	25.0	B2	47.0	True	Violoncello	1	25.0	3.0	39.0	i	False	('E', 'G', 'B')	E	E	0.0	minor triad	(4, 7, 11)	e	e	1	None
74.5	149/2	0.5	1/2	25.0	B3	59.0	True	Violoncello	1	25.0	3.0	39.0	i	False	('E', 'G', 'B')	E	E	0.0	minor triad	(4, 7, 11)	e	e	1	None
74.5	149/2	0.5	1/2	25.0	B3	59.0	True	Violoncello	1	25.0	3.0	39.0	i	False	('E', 'G', 'B')	E	E	0.0	minor triad	(4, 7, 11)	e	e	1	None
74.5	149/2	0.5	1/2	25.0	B3	59.0	True	Violoncello	1	25.0	3.0	39.0	i	False	('E', 'G', 'B')	E	E	0.0	minor triad	(4, 7, 11)	e	e	1	None
75.0	75	1.0	1	26.0	C4	60.0	True	Violoncello	1	26.0	1.5	40.0	VI	True	('C', 'E', 'G')	C	C	0.0	major triad	(0, 4, 7)	e	e	6	None
75.0	75	1.0	1	26.0	C4	60.0	True	Violoncello	1	26.0	1.5	40.0	VI	True	('C', 'E', 'G')	C	C	0.0	major triad	(0, 4, 7)	e	e	6	None
75.0	75	1.0	1	26.0	C4	60.0	True	Violoncello	1	26.0	1.5	40.0	VI	True	('C', 'E', 'G')	C	C	0.0	major triad	(0, 4, 7)	e	e	6	None
75.0	75	1.0	1	26.0	C3	48.0	True	Violoncello	1	26.0	1.5	40.0	VI	True	('C', 'E', 'G')	C	C	0.0	major triad	(0, 4, 7)	e	e	6	None
76.0	76	0.25	1/4	26.0	D4	62.0	True	Violoncello	1	26.0	1.5	40.0	VI	False	('C', 'E', 'G')	C	C	0.0	major triad	(0, 4, 7)	e	e	6	None
76.0	76	0.25	1/4	26.0	D4	62.0	True	Violoncello	1	26.0	1.5	40.0	VI	False	('C', 'E', 'G')	C	C	0.0	major triad	(0, 4, 7)	e	e	6	None
76.0	76	0.25	1/4	26.0	D4	62.0	True	Violoncello	1	26.0	1.5	40.0	VI	False	('C', 'E', 'G')	C	C	0.0	major triad	(0, 4, 7)	e	e	6	None
76.0	76	0.25	1/4	26.0	D3	50.0	True	Violoncello	1	26.0	1.5	40.0	VI	False	('C', 'E', 'G')	C	C	0.0	major triad	(0, 4, 7)	e	e	6	None
76.25	305/4	0.25	1/4	26.0	C4	60.0	True	Violoncello	1	26.0	1.5	40.0	VI	False	('C', 'E', 'G')	C	C	0.0	major triad	(0, 4, 7)	e	e	6	None
76.25	305/4	0.25	1/4	26.0	C4	60.0	True	Violoncello	1	26.0	1.5	40.0	VI	False	('C', 'E', 'G')	C	C	0.0	major triad	(0, 4, 7)	e	e	6	None
76.25	305/4	0.25	1/4	26.0	C4	60.0	True	Violoncello	1	26.0	1.5	40.0	VI	False	('C', 'E', 'G')	C	C	0.0	major triad	(0, 4, 7)	e	e	6	None
76.25	305/4	0.25	1/4	26.0	C3	48.0	True	Violoncello	1	26.0	1.5	40.0	VI	False	('C', 'E', 'G')	C	C	0.0	major triad	(0, 4, 7)	e	e	6	None
76.5	153/2	1.0	1	26.0	B2	47.0	True	Violoncello	1	26.0	1.5	41.0	V	True	('B', 'D#', 'F#')	B	B	0.0	major triad	(3, 6, 11)	e	e	5	None
76.5	153/2	1.0	1	26.0	B3	59.0	True	Violoncello	1	26.0	1.5	41.0	V	True	('B', 'D#', 'F#')	B	B	0.0	major triad	(3, 6, 11)	e	e	5	None
76.5	153/2	1.0	1	26.0	B3	59.0	True	Violoncello	1	26.0	1.5	41.0	V	True	('B', 'D#', 'F#')	B	B	0.0	major triad	(3, 6, 11)	e	e	5	None
76.5	153/2	1.0	1	26.0	B3	59.0	True	Violoncello	1	26.0	1.5	41.0	V	True	('B', 'D#', 'F#')	B	B	0.0	major triad	(3, 6, 11)	e	e	5	None
77.5	155/2	0.5	1/2	26.0	B3	59.0	True	Violoncello	1	26.0	1.5	41.0	V	False	('B', 'D#', 'F#')	B	B	0.0	major triad	(3, 6, 11)	e	e	5	None
77.5	155/2	0.25	1/4	26.0	B3	59.0	True	Violoncello	1	26.0	1.5	41.0	V	False	('B', 'D#', 'F#')	B	B	0.0	major triad	(3, 6, 11)	e	e	5	None
77.75	311/4	0.25	1/4	26.0	A3	57.0	True	Violoncello	1	26.0	1.5	41.0	V	False	('B', 'D#', 'F#')	B	B	0.0	major triad	(3, 6, 11)	e	e	5	None
78.0	78	1.0	1	27.0	E4	64.0	True	Violoncello	1	27.0	1.0	42.0	i	True	('G', 'B', 'E')	G	E	1.0	minor triad	(4, 7, 11)	e	e	1	None
78.0	78	1.0	1	27.0	B3	59.0	True	Violoncello	1	27.0	1.0	42.0	i	True	('G', 'B', 'E')	G	E	1.0	minor triad	(4, 7, 11)	e	e	1	None
78.0	78	1.0	1	27.0	G3	55.0	True	Violoncello	1	27.0	1.0	42.0	i	True	('G', 'B', 'E')	G	E	1.0	minor triad	(4, 7, 11)	e	e	1	None
79.0	79	0.5	1/2	27.0	F#4	66.0	True	Violoncello	1	27.0	0.5	43.0	viio	True	('F#', 'A', 'D#')	F#	D#	1.0	diminished triad	(3, 6, 9)	e	e	#7	None
79.0	79	0.5	1/2	27.0	D#4	63.0	True	Violoncello	1	27.0	0.5	43.0	viio	True	('F#', 'A', 'D#')	F#	D#	1.0	diminished triad	(3, 6, 9)	e	e	#7	None
79.0	79	0.5	1/2	27.0	F#3	54.0	True	Violoncello	1	27.0	0.5	43.0	viio	True	('F#', 'A', 'D#')	F#	D#	1.0	diminished triad	(3, 6, 9)	e	e	#7	None
79.5	159/2	1.0	1	27.0	E3	52.0	True	Violoncello	1	27.0	1.0	44.0	i	True	('E', 'G', 'B')	E	E	0.0	minor triad	(4, 7, 11)	e	e	1	None
79.5	159/2	1.0	1	27.0	G4	67.0	True	Violoncello	1	27.0	1.0	44.0	i	True	('E', 'G', 'B')	E	E	0.0	minor triad	(4, 7, 11)	e	e	1	None
79.5	159/2	1.0	1	27.0	E4	64.0	True	Violoncello	1	27.0	1.0	44.0	i	True	('E', 'G', 'B')	E	E	0.0	minor triad	(4, 7, 11)	e	e	1	None
80.5	161/2	0.5	1/2	27.0	D#3	51.0	True	Violoncello	1	27.0	0.5	45.0	viio	True	('D#', 'F#', 'A')	D#	D#	0.0	diminished triad	(3, 6, 9)	e	e	#7	None
80.5	161/2	0.5	1/2	27.0	F#4	66.0	True	Violoncello	1	27.0	0.5	45.0	viio	True	('D#', 'F#', 'A')	D#	D#	0.0	diminished triad	(3, 6, 9)	e	e	#7	None
80.5	161/2	0.5	1/2	27.0	A4	69.0	True	Violoncello	1	27.0	0.5	45.0	viio	True	('D#', 'F#', 'A')	D#	D#	0.0	diminished triad	(3, 6, 9)	e	e	#7	None
81.0	81	1.0	1	28.0	A4	69.0	True	Violoncello	1	28.0	1.0	46.0	i	True	('E', 'G', 'B')	E	E	0.0	minor triad	(4, 7, 11)	e	e	1	None
81.0	81	1.0	1	28.0	F#4	66.0	True	Violoncello	1	28.0	1.0	46.0	i	True	('E', 'G', 'B')	E	E	0.0	minor triad	(4, 7, 11)	e	e	1	None
81.0	81	1.0	1	28.0	E3	52.0	True	Violoncello	1	28.0	1.0	46.0	i	True	('E', 'G', 'B')	E	E	0.0	minor triad	(4, 7, 11)	e	e	1	None
82.0	82	0.5	1/2	28.0	G4	67.0	True	Violoncello	1	28.0	0.5	47.0	viio7/V	True	('A#', 'C#', 'E', 'G')	A#	A#	0.0	diminished seventh chord	(1, 4, 7, 10)	e	B	7	5
82.0	82	0.5	1/2	28.0	E4	64.0	True	Violoncello	1	28.0	0.5	47.0	viio7/V	True	('A#', 'C#', 'E', 'G')	A#	A#	0.0	diminished seventh chord	(1, 4, 7, 10)	e	B	7	5
82.0	82	0.5	1/2	28.0	A#2	46.0	True	Violoncello	1	28.0	0.5	47.0	viio7/V	True	('A#', 'C#', 'E', 'G')	A#	A#	0.0	diminished seventh chord	(1, 4, 7, 10)	e	B	7	5
82.5	165/2	1.0	1	28.0	F#4	66.0	True	Violoncello	1	28.0	1.5	48.0	V	True	('B', 'D#', 'F#')	B	B	0.0	major triad	(3, 6, 11)	e	e	5	None
82.5	165/2	1.0	1	28.0	D#4	63.0	True	Violoncello	1	28.0	1.5	48.0	V	True	('B', 'D#', 'F#')	B	B	0.0	major triad	(3, 6, 11)	e	e	5	None
82.5	165/2	1.0	1	28.0	B2	47.0	True	Violoncello	1	28.0	1.5	48.0	V	True	('B', 'D#', 'F#')	B	B	0.0	major triad	(3, 6, 11)	e	e	5	None
83.5	167/2	0.5	1/2	28.0	B3	59.0	True	Violoncello	1	28.0	1.5	48.0	V	False	('B', 'D#', 'F#')	B	B	0.0	major triad	(3, 6, 11)	e	e	5	None
84.0	84	1.5	3/2	29.0	B3	59.0	True	Violoncello	1	29.0	1.0	49.0	i	True	('E', 'G', 'B')	E	E	0.0	minor triad	(4, 7, 11)	e	e	1	None
84.0	84	1.0	1	29.0	E3	52.0	True	Violoncello	1	29.0	1.0	49.0	i	True	('E', 'G', 'B')	E	E	0.0	minor triad	(4, 7, 11)	e	e	1	None
84.0	84	1.0	1	29.0	G4	67.0	True	Violoncello	1	29.0	1.0	49.0	i	True	('E', 'G', 'B')	E	E	0.0	minor triad	(4, 7, 11)	e	e	1	None
84.0	84	1.0	1	29.0	G3	55.0	True	Violoncello	1	29.0	1.0	49.0	i	True	('E', 'G', 'B')	E	E	0.0	minor triad	(4, 7, 11)	e	e	1	None
85.0	85	0.5	1/2	29.0	F#3	54.0	True	Violoncello	1	29.0	0.5	50.0	V7	True	('F#', 'A', 'B', 'D#')	F#	B	2.0	dominant seventh chord	(3, 6, 9, 11)	e	e	5	None
85.0	85	0.5	1/2	29.0	A3	57.0	True	Violoncello	1	29.0	0.5	50.0	V7	True	('F#', 'A', 'B', 'D#')	F#	B	2.0	dominant seventh chord	(3, 6, 9, 11)	e	e	5	None
85.0	85	0.5	1/2	29.0	D#4	63.0	True	Violoncello	1	29.0	0.5	50.0	V7	True	('F#', 'A', 'B', 'D#')	F#	B	2.0	dominant seventh chord	(3, 6, 9, 11)	e	e	5	None
85.5	171/2	1.0	1	29.0	E4	64.0	True	Violoncello	1	29.0	1.0	51.0	i	True	('G', 'B', 'E')	G	E	1.0	minor triad	(4, 7, 11)	e	e	1	None
85.5	171/2	1.0	1	29.0	B3	59.0	True	Violoncello	1	29.0	1.0	51.0	i	True	('G', 'B', 'E')	G	E	1.0	minor triad	(4, 7, 11)	e	e	1	None
85.5	171/2	1.0	1	29.0	B3	59.0	False	Violoncello	1	29.0	1.0	51.0	i	True	('G', 'B', 'E')	G	E	1.0	minor triad	(4, 7, 11)	e	e	1	None
85.5	171/2	1.0	1	29.0	G3	55.0	True	Violoncello	1	29.0	1.0	51.0	i	True	('G', 'B', 'E')	G	E	1.0	minor triad	(4, 7, 11)	e	e	1	None
86.5	173/2	0.5	1/2	29.0	E4	64.0	True	Violoncello	1	29.0	0.5	52.0	V/iv	True	('G#', 'B', 'E')	G#	E	1.0	major triad	(4, 8, 11)	e	a	5	4
86.5	173/2	0.5	1/2	29.0	B3	59.0	True	Violoncello	1	29.0	0.5	52.0	V/iv	True	('G#', 'B', 'E')	G#	E	1.0	major triad	(4, 8, 11)	e	a	5	4
86.5	173/2	0.5	1/2	29.0	E4	64.0	True	Violoncello	1	29.0	0.5	52.0	V/iv	True	('G#', 'B', 'E')	G#	E	1.0	major triad	(4, 8, 11)	e	a	5	4
86.5	173/2	0.5	1/2	29.0	G#3	56.0	True	Violoncello	1	29.0	0.5	52.0	V/iv	True	('G#', 'B', 'E')	G#	E	1.0	major triad	(4, 8, 11)	e	a	5	4
87.0	87	1.0	1	30.0	C5	72.0	True	Violoncello	1	30.0	1.0	53.0	iv	True	('A', 'C', 'E')	A	A	0.0	minor triad	(0, 4, 9)	e	e	4	None
87.0	87	1.0	1	30.0	C4	60.0	True	Violoncello	1	30.0	1.0	53.0	iv	True	('A', 'C', 'E')	A	A	0.0	minor triad	(0, 4, 9)	e	e	4	None
87.0	87	1.5	3/2	30.0	E4	64.0	True	Violoncello	1	30.0	1.0	53.0	iv	True	('A', 'C', 'E')	A	A	0.0	minor triad	(0, 4, 9)	e	e	4	None
87.0	87	1.0	1	30.0	A3	57.0	True	Violoncello	1	30.0	1.0	53.0	iv	True	('A', 'C', 'E')	A	A	0.0	minor triad	(0, 4, 9)	e	e	4	None
88.0	88	0.5	1/2	30.0	B3	59.0	True	Violoncello	1	30.0	0.5	54.0	V7/iv	True	('B', 'D', 'E', 'G#')	B	E	2.0	dominant seventh chord	(2, 4, 8, 11)	e	a	5	4
88.0	88	0.5	1/2	30.0	D4	62.0	True	Violoncello	1	30.0	0.5	54.0	V7/iv	True	('B', 'D', 'E', 'G#')	B	E	2.0	dominant seventh chord	(2, 4, 8, 11)	e	a	5	4
88.0	88	0.5	1/2	30.0	G#4	68.0	True	Violoncello	1	30.0	0.5	54.0	V7/iv	True	('B', 'D', 'E', 'G#')	B	E	2.0	dominant seventh chord	(2, 4, 8, 11)	e	a	5	4
88.5	177/2	1.0	1	30.0	A4	69.0	True	Violoncello	1	30.0	1.0	55.0	iv	True	('C', 'E', 'A')	C	A	1.0	minor triad	(0, 4, 9)	e	e	4	None
88.5	177/2	1.0	1	30.0	E4	64.0	True	Violoncello	1	30.0	1.0	55.0	iv	True	('C', 'E', 'A')	C	A	1.0	minor triad	(0, 4, 9)	e	e	4	None
88.5	177/2	1.0	1	30.0	E4	64.0	False	Violoncello	1	30.0	1.0	55.0	iv	True	('C', 'E', 'A')	C	A	1.0	minor triad	(0, 4, 9)	e	e	4	None
88.5	177/2	1.0	1	30.0	C4	60.0	True	Violoncello	1	30.0	1.0	55.0	iv	True	('C', 'E', 'A')	C	A	1.0	minor triad	(0, 4, 9)	e	e	4	None
89.5	179/2	0.5	1/2	30.0	E5	76.0	True	Violoncello	1	30.0	0.5	56.0	iiø7	True	('F#', 'A', 'C', 'E')	F#	F#	0.0	half-diminished seventh chord	(0, 4, 6, 9)	e	e	2	None
89.5	179/2	0.5	1/2	30.0	C5	72.0	True	Violoncello	1	30.0	0.5	56.0	iiø7	True	('F#', 'A', 'C', 'E')	F#	F#	0.0	half-diminished seventh chord	(0, 4, 6, 9)	e	e	2	None
89.5	179/2	0.5	1/2	30.0	F#3	54.0	True	Violoncello	1	30.0	0.5	56.0	iiø7	True	('F#', 'A', 'C', 'E')	F#	F#	0.0	half-diminished seventh chord	(0, 4, 6, 9)	e	e	2	None
90.0	90	0.5	1/2	31.0	E5	76.0	True	Violoncello	1	31.0	1.0	57.0	I	True	('G', 'B', 'D')	G	G	0.0	major triad	(2, 7, 11)	G	G	1	None
90.0	90	0.5	1/2	31.0	C5	72.0	True	Violoncello	1	31.0	1.0	57.0	I	True	('G', 'B', 'D')	G	G	0.0	major triad	(2, 7, 11)	G	G	1	None
90.0	90	1.0	1	31.0	G3	55.0	True	Violoncello	1	31.0	1.0	57.0	I	True	('G', 'B', 'D')	G	G	0.0	major triad	(2, 7, 11)	G	G	1	None
90.5	181/2	0.5	1/2	31.0	D5	74.0	True	Violoncello	1	31.0	1.0	57.0	I	False	('G', 'B', 'D')	G	G	0.0	major triad	(2, 7, 11)	G	G	1	None
90.5	181/2	0.5	1/2	31.0	B4	71.0	True	Violoncello	1	31.0	1.0	57.0	I	False	('G', 'B', 'D')	G	G	0.0	major triad	(2, 7, 11)	G	G	1	None
91.0	91	0.5	1/2	31.0	E4	64.0	True	Violoncello	1	31.0	0.5	58.0	ii	True	('C', 'E', 'A')	C	A	1.0	minor triad	(0, 4, 9)	G	G	2	None
91.0	91	0.5	1/2	31.0	C3	48.0	True	Violoncello	1	31.0	0.5	58.0	ii	True	('C', 'E', 'A')	C	A	1.0	minor triad	(0, 4, 9)	G	G	2	None
91.0	91	0.5	1/2	31.0	C5	72.0	True	Violoncello	1	31.0	0.5	58.0	ii	True	('C', 'E', 'A')	C	A	1.0	minor triad	(0, 4, 9)	G	G	2	None
91.0	91	0.5	1/2	31.0	A4	69.0	True	Violoncello	1	31.0	0.5	58.0	ii	True	('C', 'E', 'A')	C	A	1.0	minor triad	(0, 4, 9)	G	G	2	None
91.5	183/2	0.0	0	31.0	D5	74.0	True	Violoncello	1	31.0	0.5	59.0	V7	True	('D', 'F#', 'A', 'C')	D	D	0.0	dominant seventh chord	(0, 2, 6, 9)	G	G	5	None
91.5	183/2	0.5	1/2	31.0	C5	72.0	True	Violoncello	1	31.0	0.5	59.0	V7	True	('D', 'F#', 'A', 'C')	D	D	0.0	dominant seventh chord	(0, 2, 6, 9)	G	G	5	None
91.5	183/2	0.5	1/2	31.0	A4	69.0	True	Violoncello	1	31.0	0.5	59.0	V7	True	('D', 'F#', 'A', 'C')	D	D	0.0	dominant seventh chord	(0, 2, 6, 9)	G	G	5	None
91.5	183/2	0.5	1/2	31.0	E4	64.0	True	Violoncello	1	31.0	0.5	59.0	V7	True	('D', 'F#', 'A', 'C')	D	D	0.0	dominant seventh chord	(0, 2, 6, 9)	G	G	5	None
91.5	183/2	1.0	1	31.0	D3	50.0	True	Violoncello	1	31.0	0.5	59.0	V7	True	('D', 'F#', 'A', 'C')	D	D	0.0	dominant seventh chord	(0, 2, 6, 9)	G	G	5	None
92.0	92	0.5	1/2	31.0	B4	71.0	True	Violoncello	1	31.0	0.5	60.0	I	True	('D', 'G', 'B')	D	G	2.0	major triad	(2, 7, 11)	G	G	1	None
92.0	92	0.5	1/2	31.0	G4	67.0	True	Violoncello	1	31.0	0.5	60.0	I	True	('D', 'G', 'B')	D	G	2.0	major triad	(2, 7, 11)	G	G	1	None
92.0	92	0.5	1/2	31.0	D4	62.0	True	Violoncello	1	31.0	0.5	60.0	I	True	('D', 'G', 'B')	D	G	2.0	major triad	(2, 7, 11)	G	G	1	None
92.5	185/2	0.5	1/2	31.0	A4	69.0	True	Violoncello	1	31.0	0.5	61.0	V7	True	('D', 'F#', 'A', 'C')	D	D	0.0	dominant seventh chord	(0, 2, 6, 9)	G	G	5	None
92.5	185/2	0.5	1/2	31.0	F#4	66.0	True	Violoncello	1	31.0	0.5	61.0	V7	True	('D', 'F#', 'A', 'C')	D	D	0.0	dominant seventh chord	(0, 2, 6, 9)	G	G	5	None
92.5	185/2	0.5	1/2	31.0	C4	60.0	True	Violoncello	1	31.0	0.5	61.0	V7	True	('D', 'F#', 'A', 'C')	D	D	0.0	dominant seventh chord	(0, 2, 6, 9)	G	G	5	None
92.5	185/2	0.5	1/2	31.0	D2	38.0	True	Violoncello	1	31.0	0.5	61.0	V7	True	('D', 'F#', 'A', 'C')	D	D	0.0	dominant seventh chord	(0, 2, 6, 9)	G	G	5	None
93.0	93	1.0	1	32.0	G2	43.0	True	Violoncello	1	32.0	2.5	62.0	I	True	('G', 'B', 'D')	G	G	0.0	major triad	(2, 7, 11)	G	G	1	None
93.0	93	1.5	3/2	32.0	C4	60.0	True	Violoncello	1	32.0	2.5	62.0	I	True	('G', 'B', 'D')	G	G	0.0	major triad	(2, 7, 11)	G	G	1	None
93.0	93	1.5	3/2	32.0	A4	69.0	True	Violoncello	1	32.0	2.5	62.0	I	True	('G', 'B', 'D')	G	G	0.0	major triad	(2, 7, 11)	G	G	1	None
93.0	93	1.5	3/2	32.0	F#4	66.0	True	Violoncello	1	32.0	2.5	62.0	I	True	('G', 'B', 'D')	G	G	0.0	major triad	(2, 7, 11)	G	G	1	None
94.0	94	0.5	1/2	32.0	D3	50.0	True	Violoncello	1	32.0	2.5	62.0	I	False	('G', 'B', 'D')	G	G	0.0	major triad	(2, 7, 11)	G	G	1	None
94.5	189/2	0.5	1/2	32.0	G4	67.0	True	Violoncello	1	32.0	2.5	62.0	I	False	('G', 'B', 'D')	G	G	0.0	major triad	(2, 7, 11)	G	G	1	None
94.5	189/2	0.5	1/2	32.0	G4	67.0	True	Violoncello	1	32.0	2.5	62.0	I	False	('G', 'B', 'D')	G	G	0.0	major triad	(2, 7, 11)	G	G	1	None
94.5	189/2	0.5	1/2	32.0	B3	59.0	True	Violoncello	1	32.0	2.5	62.0	I	False	('G', 'B', 'D')	G	G	0.0	major triad	(2, 7, 11)	G	G	1	None
94.5	189/2	1.0	1	32.0	G3	55.0	True	Violoncello	1	32.0	2.5	62.0	I	False	('G', 'B', 'D')	G	G	0.0	major triad	(2, 7, 11)	G	G	1	None
95.5	191/2	0.5	1/2	32.0	B2	47.0	True	Violoncello	1	32.0	0.5	63.0	V	True	('B', 'D#', 'F#')	B	B	0.0	major triad	(3, 6, 11)	e	e	5	None
95.5	191/2	0.5	1/2	32.0	B3	59.0	True	Violoncello	1	32.0	0.5	63.0	V	True	('B', 'D#', 'F#')	B	B	0.0	major triad	(3, 6, 11)	e	e	5	None
95.5	191/2	0.5	1/2	32.0	B4	71.0	True	Violoncello	1	32.0	0.5	63.0	V	True	('B', 'D#', 'F#')	B	B	0.0	major triad	(3, 6, 11)	e	e	5	None
96.0	96	1.0	1	33.0	G5	79.0	True	Violoncello	1	33.0	1.5	64.0	i	True	('G', 'B', 'E')	G	E	1.0	minor triad	(4, 7, 11)	e	e	1	None
96.0	96	1.0	1	33.0	G4	67.0	True	Violoncello	1	33.0	1.5	64.0	i	True	('G', 'B', 'E')	G	E	1.0	minor triad	(4, 7, 11)	e	e	1	None
96.0	96	1.0	1	33.0	G3	55.0	True	Violoncello	1	33.0	1.5	64.0	i	True	('G', 'B', 'E')	G	E	1.0	minor triad	(4, 7, 11)	e	e	1	None
97.0	97	0.5	1/2	33.0	D#3	51.0	True	Violoncello	1	33.0	1.5	64.0	i	False	('G', 'B', 'E')	G	E	1.0	minor triad	(4, 7, 11)	e	e	1	None
97.0	97	0.5	1/2	33.0	D#5	75.0	True	Violoncello	1	33.0	1.5	64.0	i	False	('G', 'B', 'E')	G	E	1.0	minor triad	(4, 7, 11)	e	e	1	None
97.0	97	0.5	1/2	33.0	D#4	63.0	True	Violoncello	1	33.0	1.5	64.0	i	False	('G', 'B', 'E')	G	E	1.0	minor triad	(4, 7, 11)	e	e	1	None
97.5	195/2	1.0	1	33.0	E4	64.0	True	Violoncello	1	33.0	1.5	65.0	i	True	('E', 'G', 'B')	E	E	0.0	minor triad	(4, 7, 11)	e	e	1	None
97.5	195/2	1.0	1	33.0	E3	52.0	True	Violoncello	1	33.0	1.5	65.0	i	True	('E', 'G', 'B')	E	E	0.0	minor triad	(4, 7, 11)	e	e	1	None
97.5	195/2	1.0	1	33.0	E5	76.0	True	Violoncello	1	33.0	1.5	65.0	i	True	('E', 'G', 'B')	E	E	0.0	minor triad	(4, 7, 11)	e	e	1	None
98.5	197/2	0.5	1/2	33.0	B4	71.0	True	Violoncello	1	33.0	1.5	65.0	i	False	('E', 'G', 'B')	E	E	0.0	minor triad	(4, 7, 11)	e	e	1	None
98.5	197/2	0.5	1/2	33.0	B3	59.0	True	Violoncello	1	33.0	1.5	65.0	i	False	('E', 'G', 'B')	E	E	0.0	minor triad	(4, 7, 11)	e	e	1	None
98.5	197/2	0.5	1/2	33.0	B2	47.0	True	Violoncello	1	33.0	1.5	65.0	i	False	('E', 'G', 'B')	E	E	0.0	minor triad	(4, 7, 11)	e	e	1	None
99.0	99	1.0	1	34.0	C5	72.0	True	Violoncello	1	34.0	1.5	66.0	VI	True	('C', 'E', 'G')	C	C	0.0	major triad	(0, 4, 7)	e	e	6	None
99.0	99	1.0	1	34.0	C4	60.0	True	Violoncello	1	34.0	1.5	66.0	VI	True	('C', 'E', 'G')	C	C	0.0	major triad	(0, 4, 7)	e	e	6	None
99.0	99	1.0	1	34.0	C3	48.0	True	Violoncello	1	34.0	1.5	66.0	VI	True	('C', 'E', 'G')	C	C	0.0	major triad	(0, 4, 7)	e	e	6	None
100.0	100	0.25	1/4	34.0	D3	50.0	True	Violoncello	1	34.0	1.5	66.0	VI	False	('C', 'E', 'G')	C	C	0.0	major triad	(0, 4, 7)	e	e	6	None
100.0	100	0.25	1/4	34.0	D4	62.0	True	Violoncello	1	34.0	1.5	66.0	VI	False	('C', 'E', 'G')	C	C	0.0	major triad	(0, 4, 7)	e	e	6	None
100.0	100	0.25	1/4	34.0	D5	74.0	True	Violoncello	1	34.0	1.5	66.0	VI	False	('C', 'E', 'G')	C	C	0.0	major triad	(0, 4, 7)	e	e	6	None
100.25	401/4	0.25	1/4	34.0	C5	72.0	True	Violoncello	1	34.0	1.5	66.0	VI	False	('C', 'E', 'G')	C	C	0.0	major triad	(0, 4, 7)	e	e	6	None
100.25	401/4	0.25	1/4	34.0	C4	60.0	True	Violoncello	1	34.0	1.5	66.0	VI	False	('C', 'E', 'G')	C	C	0.0	major triad	(0, 4, 7)	e	e	6	None
100.25	401/4	0.25	1/4	34.0	C3	48.0	True	Violoncello	1	34.0	1.5	66.0	VI	False	('C', 'E', 'G')	C	C	0.0	major triad	(0, 4, 7)	e	e	6	None
100.5	201/2	1.0	1	34.0	B4	71.0	True	Violoncello	1	34.0	1.5	67.0	V	True	('B', 'D#', 'F#')	B	B	0.0	major triad	(3, 6, 11)	e	e	5	None
100.5	201/2	1.0	1	34.0	B3	59.0	True	Violoncello	1	34.0	1.5	67.0	V	True	('B', 'D#', 'F#')	B	B	0.0	major triad	(3, 6, 11)	e	e	5	None
100.5	201/2	1.0	1	34.0	B2	47.0	True	Violoncello	1	34.0	1.5	67.0	V	True	('B', 'D#', 'F#')	B	B	0.0	major triad	(3, 6, 11)	e	e	5	None
101.5	203/2	0.25	1/4	34.0	B4	71.0	True	Violoncello	1	34.0	1.5	67.0	V	False	('B', 'D#', 'F#')	B	B	0.0	major triad	(3, 6, 11)	e	e	5	None
101.5	203/2	0.5	1/2	34.0	B4	71.0	True	Violoncello	1	34.0	1.5	67.0	V	False	('B', 'D#', 'F#')	B	B	0.0	major triad	(3, 6, 11)	e	e	5	None
101.5	203/2	0.5	1/2	34.0	B4	71.0	True	Violoncello	1	34.0	1.5	67.0	V	False	('B', 'D#', 'F#')	B	B	0.0	major triad	(3, 6, 11)	e	e	5	None
101.75	407/4	0.25	1/4	34.0	A4	69.0	True	Violoncello	1	34.0	1.5	67.0	V	False	('B', 'D#', 'F#')	B	B	0.0	major triad	(3, 6, 11)	e	e	5	None
102.0	102	1.0	1	35.0	E5	76.0	True	Violoncello	1	35.0	1.0	68.0	i	True	('G', 'B', 'E')	G	E	1.0	minor triad	(4, 7, 11)	e	e	1	None
102.0	102	1.0	1	35.0	B4	71.0	True	Violoncello	1	35.0	1.0	68.0	i	True	('G', 'B', 'E')	G	E	1.0	minor triad	(4, 7, 11)	e	e	1	None
102.0	102	1.0	1	35.0	G4	67.0	True	Violoncello	1	35.0	1.0	68.0	i	True	('G', 'B', 'E')	G	E	1.0	minor triad	(4, 7, 11)	e	e	1	None
103.0	103	0.5	1/2	35.0	F#5	78.0	True	Violoncello	1	35.0	0.5	69.0	viio	True	('F#', 'A', 'D#')	F#	D#	1.0	diminished triad	(3, 6, 9)	e	e	#7	None
103.0	103	0.5	1/2	35.0	D#5	75.0	True	Violoncello	1	35.0	0.5	69.0	viio	True	('F#', 'A', 'D#')	F#	D#	1.0	diminished triad	(3, 6, 9)	e	e	#7	None
103.0	103	0.5	1/2	35.0	F#4	66.0	True	Violoncello	1	35.0	0.5	69.0	viio	True	('F#', 'A', 'D#')	F#	D#	1.0	diminished triad	(3, 6, 9)	e	e	#7	None
103.5	207/2	1.0	1	35.0	G5	79.0	True	Violoncello	1	35.0	1.0	70.0	i	True	('E', 'G', 'B')	E	E	0.0	minor triad	(4, 7, 11)	e	e	1	None
103.5	207/2	1.0	1	35.0	E5	76.0	True	Violoncello	1	35.0	1.0	70.0	i	True	('E', 'G', 'B')	E	E	0.0	minor triad	(4, 7, 11)	e	e	1	None
103.5	207/2	1.0	1	35.0	E4	64.0	True	Violoncello	1	35.0	1.0	70.0	i	True	('E', 'G', 'B')	E	E	0.0	minor triad	(4, 7, 11)	e	e	1	None
104.5	209/2	0.5	1/2	35.0	D#4	63.0	True	Violoncello	1	35.0	0.5	71.0	viio	True	('D#', 'F#', 'A')	D#	D#	0.0	diminished triad	(3, 6, 9)	e	e	#7	None
104.5	209/2	0.5	1/2	35.0	A5	81.0	True	Violoncello	1	35.0	0.5	71.0	viio	True	('D#', 'F#', 'A')	D#	D#	0.0	diminished triad	(3, 6, 9)	e	e	#7	None
104.5	209/2	0.5	1/2	35.0	F#5	78.0	True	Violoncello	1	35.0	0.5	71.0	viio	True	('D#', 'F#', 'A')	D#	D#	0.0	diminished triad	(3, 6, 9)	e	e	#7	None
105.0	105	1.0	1	36.0	E4	64.0	True	Violoncello	1	36.0	1.0	72.0	i	True	('E', 'G', 'B')	E	E	0.0	minor triad	(4, 7, 11)	e	e	1	None
105.0	105	1.0	1	36.0	A5	81.0	True	Violoncello	1	36.0	1.0	72.0	i	True	('E', 'G', 'B')	E	E	0.0	minor triad	(4, 7, 11)	e	e	1	None
105.0	105	1.0	1	36.0	F#5	78.0	True	Violoncello	1	36.0	1.0	72.0	i	True	('E', 'G', 'B')	E	E	0.0	minor triad	(4, 7, 11)	e	e	1	None
106.0	106	0.5	1/2	36.0	G5	79.0	True	Violoncello	1	36.0	0.5	73.0	viio7/V	True	('A#', 'C#', 'E', 'G')	A#	A#	0.0	diminished seventh chord	(1, 4, 7, 10)	e	B	7	5
106.0	106	0.5	1/2	36.0	E5	76.0	True	Violoncello	1	36.0	0.5	73.0	viio7/V	True	('A#', 'C#', 'E', 'G')	A#	A#	0.0	diminished seventh chord	(1, 4, 7, 10)	e	B	7	5
106.0	106	0.5	1/2	36.0	A#3	58.0	True	Violoncello	1	36.0	0.5	73.0	viio7/V	True	('A#', 'C#', 'E', 'G')	A#	A#	0.0	diminished seventh chord	(1, 4, 7, 10)	e	B	7	5
106.5	213/2	1.0	1	36.0	F#5	78.0	True	Violoncello	1	36.0	1.5	74.0	V	True	('B', 'D#', 'F#')	B	B	0.0	major triad	(3, 6, 11)	e	e	5	None
106.5	213/2	1.0	1	36.0	D#5	75.0	True	Violoncello	1	36.0	1.5	74.0	V	True	('B', 'D#', 'F#')	B	B	0.0	major triad	(3, 6, 11)	e	e	5	None
106.5	213/2	1.0	1	36.0	B3	59.0	True	Violoncello	1	36.0	1.5	74.0	V	True	('B', 'D#', 'F#')	B	B	0.0	major triad	(3, 6, 11)	e	e	5	None
107.5	215/2	0.5	1/2	36.0	B4	71.0	True	Violoncello	1	36.0	1.5	74.0	V	False	('B', 'D#', 'F#')	B	B	0.0	major triad	(3, 6, 11)	e	e	5	None
108.0	108	1.0	1	37.0	E4	64.0	True	Violoncello	1	37.0	1.0	75.0	I	True	('E', 'G#', 'B')	E	E	0.0	major triad	(4, 8, 11)	E	E	1	None
108.0	108	1.0	1	37.0	G#5	80.0	True	Violoncello	1	37.0	1.0	75.0	I	True	('E', 'G#', 'B')	E	E	0.0	major triad	(4, 8, 11)	E	E	1	None
108.0	108	1.0	1	37.0	G#4	68.0	True	Violoncello	1	37.0	1.0	75.0	I	True	('E', 'G#', 'B')	E	E	0.0	major triad	(4, 8, 11)	E	E	1	None
108.0	108	1.5	3/2	37.0	B4	71.0	True	Violoncello	1	37.0	1.0	75.0	I	True	('E', 'G#', 'B')	E	E	0.0	major triad	(4, 8, 11)	E	E	1	None
109.0	109	0.5	1/2	37.0	F#4	66.0	True	Violoncello	1	37.0	0.5	76.0	V7	True	('F#', 'A', 'B', 'D#')	F#	B	2.0	dominant seventh chord	(3, 6, 9, 11)	E	E	5	None
109.0	109	0.5	1/2	37.0	A4	69.0	True	Violoncello	1	37.0	0.5	76.0	V7	True	('F#', 'A', 'B', 'D#')	F#	B	2.0	dominant seventh chord	(3, 6, 9, 11)	E	E	5	None
109.0	109	0.5	1/2	37.0	D#5	75.0	True	Violoncello	1	37.0	0.5	76.0	V7	True	('F#', 'A', 'B', 'D#')	F#	B	2.0	dominant seventh chord	(3, 6, 9, 11)	E	E	5	None
109.5	219/2	1.0	1	37.0	E5	76.0	True	Violoncello	1	37.0	1.5	77.0	I	True	('G#', 'B', 'E')	G#	E	1.0	major triad	(4, 8, 11)	E	E	1	None
109.5	219/2	1.0	1	37.0	B4	71.0	True	Violoncello	1	37.0	1.5	77.0	I	True	('G#', 'B', 'E')	G#	E	1.0	major triad	(4, 8, 11)	E	E	1	None
109.5	219/2	1.0	1	37.0	B4	71.0	False	Violoncello	1	37.0	1.5	77.0	I	True	('G#', 'B', 'E')	G#	E	1.0	major triad	(4, 8, 11)	E	E	1	None
109.5	219/2	1.0	1	37.0	G#4	68.0	True	Violoncello	1	37.0	1.5	77.0	I	True	('G#', 'B', 'E')	G#	E	1.0	major triad	(4, 8, 11)	E	E	1	None
110.5	221/2	0.5	1/2	37.0	G#4	68.0	True	Violoncello	1	37.0	1.5	77.0	I	False	('G#', 'B', 'E')	G#	E	1.0	major triad	(4, 8, 11)	E	E	1	None
110.5	221/2	0.5	1/2	37.0	E5	76.0	True	Violoncello	1	37.0	1.5	77.0	I	False	('G#', 'B', 'E')	G#	E	1.0	major triad	(4, 8, 11)	E	E	1	None
110.5	221/2	0.5	1/2	37.0	B4	71.0	True	Violoncello	1	37.0	1.5	77.0	I	False	('G#', 'B', 'E')	G#	E	1.0	major triad	(4, 8, 11)	E	E	1	None
110.5	221/2	0.5	1/2	37.0	B4	71.0	True	Violoncello	1	37.0	1.5	77.0	I	False	('G#', 'B', 'E')	G#	E	1.0	major triad	(4, 8, 11)	E	E	1	None
111.0	111	1.5	3/2	38.0	E5	76.0	True	Violoncello	1	38.0	1.0	78.0	IV	True	('A', 'C#', 'E')	A	A	0.0	major triad	(1, 4, 9)	E	E	4	None
111.0	111	1.0	1	38.0	A4	69.0	True	Violoncello	1	38.0	1.0	78.0	IV	True	('A', 'C#', 'E')	A	A	0.0	major triad	(1, 4, 9)	E	E	4	None
111.0	111	1.0	1	38.0	C#6	85.0	True	Violoncello	1	38.0	1.0	78.0	IV	True	('A', 'C#', 'E')	A	A	0.0	major triad	(1, 4, 9)	E	E	4	None
111.0	111	1.0	1	38.0	C#5	73.0	True	Violoncello	1	38.0	1.0	78.0	IV	True	('A', 'C#', 'E')	A	A	0.0	major triad	(1, 4, 9)	E	E	4	None
112.0	112	0.5	1/2	38.0	D5	74.0	True	Violoncello	1	38.0	0.5	79.0	V7/IV	True	('B', 'D', 'E', 'G#')	B	E	2.0	dominant seventh chord	(2, 4, 8, 11)	E	A	5	4
112.0	112	0.5	1/2	38.0	B4	71.0	True	Violoncello	1	38.0	0.5	79.0	V7/IV	True	('B', 'D', 'E', 'G#')	B	E	2.0	dominant seventh chord	(2, 4, 8, 11)	E	A	5	4
112.0	112	0.5	1/2	38.0	G#5	80.0	True	Violoncello	1	38.0	0.5	79.0	V7/IV	True	('B', 'D', 'E', 'G#')	B	E	2.0	dominant seventh chord	(2, 4, 8, 11)	E	A	5	4
112.5	225/2	1.0	1	38.0	E5	76.0	True	Violoncello	1	38.0	1.5	80.0	IV	True	('C#', 'E', 'A')	C#	A	1.0	major triad	(1, 4, 9)	E	E	4	None
112.5	225/2	1.0	1	38.0	E5	76.0	False	Violoncello	1	38.0	1.5	80.0	IV	True	('C#', 'E', 'A')	C#	A	1.0	major triad	(1, 4, 9)	E	E	4	None
112.5	225/2	1.0	1	38.0	A5	81.0	True	Violoncello	1	38.0	1.5	80.0	IV	True	('C#', 'E', 'A')	C#	A	1.0	major triad	(1, 4, 9)	E	E	4	None
112.5	225/2	1.0	1	38.0	C#5	73.0	True	Violoncello	1	38.0	1.5	80.0	IV	True	('C#', 'E', 'A')	C#	A	1.0	major triad	(1, 4, 9)	E	E	4	None
114.0										39.0	3.0	81.0	IV	True	('C#', 'E', 'A')	C#	A	1.0	major triad	(1, 4, 9)	E	E	4	None
116.5	233/2	0.5	1/2	39.0	E5	76.0	True	Violoncello	1	39.0	3.0	81.0	IV	False	('C#', 'E', 'A')	C#	A	1.0	major triad	(1, 4, 9)	E	E	4	None
117.0	117	1.0	1	40.0	C#6	85.0	True	Violoncello	1	40.0	3.0	82.0	IV	True	('A', 'C#', 'E')	A	A	0.0	major triad	(1, 4, 9)	E	E	4	None
118.0	118	0.5	1/2	40.0	G#5	80.0	True	Violoncello	1	40.0	3.0	82.0	IV	False	('A', 'C#', 'E')	A	A	0.0	major triad	(1, 4, 9)	E	E	4	None
118.5	237/2	1.0	1	40.0	A5	81.0	True	Violoncello	1	40.0	3.0	82.0	IV	False	('A', 'C#', 'E')	A	A	0.0	major triad	(1, 4, 9)	E	E	4	None
119.5	239/2	0.5	1/2	40.0	G#4	68.0	True	Violoncello	1	40.0	3.0	82.0	IV	False	('A', 'C#', 'E')	A	A	0.0	major triad	(1, 4, 9)	E	E	4	None
119.5	239/2	0.5	1/2	40.0	E#5	77.0	True	Violoncello	1	40.0	3.0	82.0	IV	False	('A', 'C#', 'E')	A	A	0.0	major triad	(1, 4, 9)	E	E	4	None
120.0	120	1.0	1	41.0	F#5	78.0	True	Violoncello	1	41.0	1.0	83.0	ii	True	('A', 'C#', 'F#')	A	F#	1.0	minor triad	(1, 6, 9)	E	E	2	None
120.0	120	1.0	1	41.0	A4	69.0	True	Violoncello	1	41.0	1.0	83.0	ii	True	('A', 'C#', 'F#')	A	F#	1.0	minor triad	(1, 6, 9)	E	E	2	None
121.0	121	0.5	1/2	41.0	C#5	73.0	True	Violoncello	1	41.0	0.5	84.0	V/ii	True	('E#', 'G#', 'C#')	E#	C#	1.0	major triad	(1, 5, 8)	E	f#	5	2
121.0	121	0.5	1/2	41.0	G#4	68.0	True	Violoncello	1	41.0	0.5	84.0	V/ii	True	('E#', 'G#', 'C#')	E#	C#	1.0	major triad	(1, 5, 8)	E	f#	5	2
121.0	121	0.5	1/2	41.0	E#4	65.0	True	Violoncello	1	41.0	0.5	84.0	V/ii	True	('E#', 'G#', 'C#')	E#	C#	1.0	major triad	(1, 5, 8)	E	f#	5	2
121.5	243/2	1.0	1	41.0	C#5	73.0	False	Violoncello	1	41.0	1.0	85.0	ii	True	('F#', 'A', 'C#')	F#	F#	0.0	minor triad	(1, 6, 9)	E	E	2	None
121.5	243/2	1.0	1	41.0	A4	69.0	True	Violoncello	1	41.0	1.0	85.0	ii	True	('F#', 'A', 'C#')	F#	F#	0.0	minor triad	(1, 6, 9)	E	E	2	None
121.5	243/2	1.0	1	41.0	F#4	66.0	True	Violoncello	1	41.0	1.0	85.0	ii	True	('F#', 'A', 'C#')	F#	F#	0.0	minor triad	(1, 6, 9)	E	E	2	None
122.5	245/2	0.5	1/2	41.0	C5	72.0	True	Violoncello	1	41.0	0.5	86.0	iiø7	True	('E', 'F#', 'A', 'C')	E	F#	3.0	half-diminished seventh chord	(0, 4, 6, 9)	E	E	2	None
122.5	245/2	0.5	1/2	41.0	A4	69.0	True	Violoncello	1	41.0	0.5	86.0	iiø7	True	('E', 'F#', 'A', 'C')	E	F#	3.0	half-diminished seventh chord	(0, 4, 6, 9)	E	E	2	None
122.5	245/2	0.5	1/2	41.0	F#4	66.0	True	Violoncello	1	41.0	0.5	86.0	iiø7	True	('E', 'F#', 'A', 'C')	E	F#	3.0	half-diminished seventh chord	(0, 4, 6, 9)	E	E	2	None
122.5	245/2	0.5	1/2	41.0	E3	52.0	True	Violoncello	1	41.0	0.5	86.0	iiø7	True	('E', 'F#', 'A', 'C')	E	F#	3.0	half-diminished seventh chord	(0, 4, 6, 9)	E	E	2	None
123.0	123	1.0	1	42.0	D#3	51.0	True	Violoncello	1	42.0	1.5	87.0	V7	True	('D#', 'F#', 'A', 'B')	D#	B	1.0	dominant seventh chord	(3, 6, 9, 11)	E	E	5	None
123.0	123	1.0	1	42.0	F#4	66.0	False	Violoncello	1	42.0	1.5	87.0	V7	True	('D#', 'F#', 'A', 'B')	D#	B	1.0	dominant seventh chord	(3, 6, 9, 11)	E	E	5	None
123.0	123	1.5	3/2	42.0	B4	71.0	True	Violoncello	1	42.0	1.5	87.0	V7	True	('D#', 'F#', 'A', 'B')	D#	B	1.0	dominant seventh chord	(3, 6, 9, 11)	E	E	5	None
123.0	123	1.0	1	42.0	A4	69.0	False	Violoncello	1	42.0	1.5	87.0	V7	True	('D#', 'F#', 'A', 'B')	D#	B	1.0	dominant seventh chord	(3, 6, 9, 11)	E	E	5	None
124.0	124	0.5	1/2	42.0	G#4	68.0	True	Violoncello	1	42.0	1.5	87.0	V7	False	('D#', 'F#', 'A', 'B')	D#	B	1.0	dominant seventh chord	(3, 6, 9, 11)	E	E	5	None
124.0	124	0.5	1/2	42.0	E4	64.0	True	Violoncello	1	42.0	1.5	87.0	V7	False	('D#', 'F#', 'A', 'B')	D#	B	1.0	dominant seventh chord	(3, 6, 9, 11)	E	E	5	None
124.0	124	0.5	1/2	42.0	E3	52.0	True	Violoncello	1	42.0	1.5	87.0	V7	False	('D#', 'F#', 'A', 'B')	D#	B	1.0	dominant seventh chord	(3, 6, 9, 11)	E	E	5	None
124.5	249/2	0.5	1/2	42.0	B4	71.0	False	Violoncello	1	42.0	0.5	88.0	I	True	('E', 'G#', 'B')	E	E	0.0	major triad	(4, 8, 11)	E	E	1	None
124.5	249/2	1.0	1	42.0	F#4	66.0	True	Violoncello	1	42.0	0.5	88.0	I	True	('E', 'G#', 'B')	E	E	0.0	major triad	(4, 8, 11)	E	E	1	None
124.5	249/2	1.0	1	42.0	C#4	61.0	True	Violoncello	1	42.0	0.5	88.0	I	True	('E', 'G#', 'B')	E	E	0.0	major triad	(4, 8, 11)	E	E	1	None
124.5	249/2	1.0	1	42.0	A2	45.0	True	Violoncello	1	42.0	0.5	88.0	I	True	('E', 'G#', 'B')	E	E	0.0	major triad	(4, 8, 11)	E	E	1	None
125.0	125	0.5	1/2	42.0	A4	69.0	True	Violoncello	1	42.0	0.5	89.0	ii	True	('A', 'C#', 'F#')	A	F#	1.0	minor triad	(1, 6, 9)	E	E	2	None
125.5	251/2	0.5	1/2	42.0	F#4	66.0	True	Violoncello	1	42.0	0.5	90.0	V7	True	('B', 'D#', 'F#', 'A')	B	B	0.0	dominant seventh chord	(3, 6, 9, 11)	E	E	5	None
125.5	251/2	0.5	1/2	42.0	D#4	63.0	True	Violoncello	1	42.0	0.5	90.0	V7	True	('B', 'D#', 'F#', 'A')	B	B	0.0	dominant seventh chord	(3, 6, 9, 11)	E	E	5	None
125.5	251/2	0.5	1/2	42.0	A3	57.0	True	Violoncello	1	42.0	0.5	90.0	V7	True	('B', 'D#', 'F#', 'A')	B	B	0.0	dominant seventh chord	(3, 6, 9, 11)	E	E	5	None
125.5	251/2	0.5	1/2	42.0	B2	47.0	True	Violoncello	1	42.0	0.5	90.0	V7	True	('B', 'D#', 'F#', 'A')	B	B	0.0	dominant seventh chord	(3, 6, 9, 11)	E	E	5	None
126.0	126	1.0	1	43.0	E2	40.0	True	Violoncello	1	43.0	3.0	91.0	I	True	('E', 'G#', 'B')	E	E	0.0	major triad	(4, 8, 11)	E	E	1	None
126.0	126	1.0	1	43.0	G#3	56.0	True	Violoncello	1	43.0	3.0	91.0	I	True	('E', 'G#', 'B')	E	E	0.0	major triad	(4, 8, 11)	E	E	1	None
126.0	126	1.0	1	43.0	E4	64.0	True	Violoncello	1	43.0	3.0	91.0	I	True	('E', 'G#', 'B')	E	E	0.0	major triad	(4, 8, 11)	E	E	1	None
126.0	126	1.0	1	43.0	E4	64.0	True	Violoncello	1	43.0	3.0	91.0	I	True	('E', 'G#', 'B')	E	E	0.0	major triad	(4, 8, 11)	E	E	1	None
127.0	127	0.5	1/2	43.0	F#4	66.0	True	Violoncello	1	43.0	3.0	91.0	I	False	('E', 'G#', 'B')	E	E	0.0	major triad	(4, 8, 11)	E	E	1	None
127.5	255/2	0.5	1/2	43.0	G#4	68.0	True	Violoncello	1	43.0	3.0	91.0	I	False	('E', 'G#', 'B')	E	E	0.0	major triad	(4, 8, 11)	E	E	1	None
128.0	128	0.5	1/2	43.0	F#4	66.0	True	Violoncello	1	43.0	3.0	91.0	I	False	('E', 'G#', 'B')	E	E	0.0	major triad	(4, 8, 11)	E	E	1	None
128.5	257/2	0.5	1/2	43.0	E4	64.0	True	Violoncello	1	43.0	3.0	91.0	I	False	('E', 'G#', 'B')	E	E	0.0	major triad	(4, 8, 11)	E	E	1	None
129.0	129	1.0	1	44.0	D#4	63.0	True	Violoncello	1	44.0	1.5	92.0	V	True	('B', 'D#', 'F#')	B	B	0.0	major triad	(3, 6, 11)	E	E	5	None
129.0	129	1.0	1	44.0	B3	59.0	True	Violoncello	1	44.0	1.5	92.0	V	True	('B', 'D#', 'F#')	B	B	0.0	major triad	(3, 6, 11)	E	E	5	None
130.0	130	0.5	1/2	44.0	C#4	61.0	True	Violoncello	1	44.0	1.5	92.0	V	False	('B', 'D#', 'F#')	B	B	0.0	major triad	(3, 6, 11)	E	E	5	None
130.0	130	0.5	1/2	44.0	C#4	61.0	True	Violoncello	1	44.0	1.5	92.0	V	False	('B', 'D#', 'F#')	B	B	0.0	major triad	(3, 6, 11)	E	E	5	None
130.5	261/2	1.0	1	44.0	B3	59.0	True	Violoncello	1	44.0	1.5	93.0	V7/ii	True	('B', 'C#', 'E#', 'G#')	B	C#	3.0	dominant seventh chord	(1, 5, 8, 11)	E	f#	5	2
130.5	261/2	0.5	1/2	44.0	D4	62.0	True	Violoncello	1	44.0	1.5	93.0	V7/ii	True	('B', 'C#', 'E#', 'G#')	B	C#	3.0	dominant seventh chord	(1, 5, 8, 11)	E	f#	5	2
131.0	131	0.5	1/2	44.0	E#5	77.0	True	Violoncello	1	44.0	1.5	93.0	V7/ii	False	('B', 'C#', 'E#', 'G#')	B	C#	3.0	dominant seventh chord	(1, 5, 8, 11)	E	f#	5	2
131.0	131	0.5	1/2	44.0	C#4	61.0	True	Violoncello	1	44.0	1.5	93.0	V7/ii	False	('B', 'C#', 'E#', 'G#')	B	C#	3.0	dominant seventh chord	(1, 5, 8, 11)	E	f#	5	2
131.5	263/2	0.5	1/2	44.0	E#5	77.0	True	Violoncello	1	44.0	1.5	93.0	V7/ii	False	('B', 'C#', 'E#', 'G#')	B	C#	3.0	dominant seventh chord	(1, 5, 8, 11)	E	f#	5	2
131.5	263/2	0.5	1/2	44.0	B3	59.0	True	Violoncello	1	44.0	1.5	93.0	V7/ii	False	('B', 'C#', 'E#', 'G#')	B	C#	3.0	dominant seventh chord	(1, 5, 8, 11)	E	f#	5	2
132.0	132	1.0	1	45.0	A3	57.0	True	Violoncello	1	45.0	1.5	94.0	ii	True	('A', 'C#', 'F#')	A	F#	1.0	minor triad	(1, 6, 9)	E	E	2	None
132.0	132	1.0	1	45.0	F#5	78.0	True	Violoncello	1	45.0	1.5	94.0	ii	True	('A', 'C#', 'F#')	A	F#	1.0	minor triad	(1, 6, 9)	E	E	2	None
132.0	132	1.0	1	45.0	F#4	66.0	True	Violoncello	1	45.0	1.5	94.0	ii	True	('A', 'C#', 'F#')	A	F#	1.0	minor triad	(1, 6, 9)	E	E	2	None
133.0	133	0.5	1/2	45.0	G#4	68.0	True	Violoncello	1	45.0	1.5	94.0	ii	False	('A', 'C#', 'F#')	A	F#	1.0	minor triad	(1, 6, 9)	E	E	2	None
133.0	133	0.5	1/2	45.0	G#3	56.0	True	Violoncello	1	45.0	1.5	94.0	ii	False	('A', 'C#', 'F#')	A	F#	1.0	minor triad	(1, 6, 9)	E	E	2	None
133.5	267/2	0.5	1/2	45.0	A4	69.0	True	Violoncello	1	45.0	1.5	95.0	ii	True	('F#', 'A', 'C#')	F#	F#	0.0	minor triad	(1, 6, 9)	E	E	2	None
133.5	267/2	1.0	1	45.0	F#3	54.0	True	Violoncello	1	45.0	1.5	95.0	ii	True	('F#', 'A', 'C#')	F#	F#	0.0	minor triad	(1, 6, 9)	E	E	2	None
134.0	134	0.5	1/2	45.0	G#4	68.0	True	Violoncello	1	45.0	1.5	95.0	ii	False	('F#', 'A', 'C#')	F#	F#	0.0	minor triad	(1, 6, 9)	E	E	2	None
134.5	269/2	0.5	1/2	45.0	F#4	66.0	True	Violoncello	1	45.0	1.5	95.0	ii	False	('F#', 'A', 'C#')	F#	F#	0.0	minor triad	(1, 6, 9)	E	E	2	None
135.0	135	1.0	1	46.0	E4	64.0	True	Violoncello	1	46.0	1.5	96.0	V/iii	True	('D#', 'F##', 'A#')	D#	D#	0.0	major triad	(3, 7, 10)	E	g#	5	3
135.0	135	1.0	1	46.0	C#4	61.0	True	Violoncello	1	46.0	1.5	96.0	V/iii	True	('D#', 'F##', 'A#')	D#	D#	0.0	major triad	(3, 7, 10)	E	g#	5	3
136.0	136	0.5	1/2	46.0	D#4	63.0	True	Violoncello	1	46.0	1.5	96.0	V/iii	False	('D#', 'F##', 'A#')	D#	D#	0.0	major triad	(3, 7, 10)	E	g#	5	3
136.0	136	0.5	1/2	46.0	D#4	63.0	True	Violoncello	1	46.0	1.5	96.0	V/iii	False	('D#', 'F##', 'A#')	D#	D#	0.0	major triad	(3, 7, 10)	E	g#	5	3
136.5	273/2	1.0	1	46.0	C#4	61.0	True	Violoncello	1	46.0	1.5	97.0	viio/iii	True	('A#', 'C#', 'F##')	A#	F##	1.0	diminished triad	(1, 7, 10)	E	g#	#7	3
136.5	273/2	0.5	1/2	46.0	E4	64.0	True	Violoncello	1	46.0	1.5	97.0	viio/iii	True	('A#', 'C#', 'F##')	A#	F##	1.0	diminished triad	(1, 7, 10)	E	g#	#7	3
137.0	137	0.5	1/2	46.0	F##5	79.0	True	Violoncello	1	46.0	1.5	97.0	viio/iii	False	('A#', 'C#', 'F##')	A#	F##	1.0	diminished triad	(1, 7, 10)	E	g#	#7	3
137.0	137	0.5	1/2	46.0	D#4	63.0	True	Violoncello	1	46.0	1.5	97.0	viio/iii	False	('A#', 'C#', 'F##')	A#	F##	1.0	diminished triad	(1, 7, 10)	E	g#	#7	3
137.5	275/2	0.5	1/2	46.0	F##5	79.0	True	Violoncello	1	46.0	1.5	97.0	viio/iii	False	('A#', 'C#', 'F##')	A#	F##	1.0	diminished triad	(1, 7, 10)	E	g#	#7	3
137.5	275/2	0.5	1/2	46.0	C#4	61.0	True	Violoncello	1	46.0	1.5	97.0	viio/iii	False	('A#', 'C#', 'F##')	A#	F##	1.0	diminished triad	(1, 7, 10)	E	g#	#7	3
138.0	138	1.0	1	47.0	B3	59.0	True	Violoncello	1	47.0	1.5	98.0	iii	True	('B', 'D#', 'G#')	B	G#	1.0	minor triad	(3, 8, 11)	E	E	3	None
138.0	138	1.0	1	47.0	G#5	80.0	True	Violoncello	1	47.0	1.5	98.0	iii	True	('B', 'D#', 'G#')	B	G#	1.0	minor triad	(3, 8, 11)	E	E	3	None
138.0	138	1.0	1	47.0	G#4	68.0	True	Violoncello	1	47.0	1.5	98.0	iii	True	('B', 'D#', 'G#')	B	G#	1.0	minor triad	(3, 8, 11)	E	E	3	None
139.0	139	0.5	1/2	47.0	A#4	70.0	True	Violoncello	1	47.0	1.5	98.0	iii	False	('B', 'D#', 'G#')	B	G#	1.0	minor triad	(3, 8, 11)	E	E	3	None
139.0	139	0.5	1/2	47.0	A#3	58.0	True	Violoncello	1	47.0	1.5	98.0	iii	False	('B', 'D#', 'G#')	B	G#	1.0	minor triad	(3, 8, 11)	E	E	3	None
139.5	279/2	0.5	1/2	47.0	B4	71.0	True	Violoncello	1	47.0	1.5	99.0	iii	True	('G#', 'B', 'D#')	G#	G#	0.0	minor triad	(3, 8, 11)	E	E	3	None
139.5	279/2	1.0	1	47.0	G#3	56.0	True	Violoncello	1	47.0	1.5	99.0	iii	True	('G#', 'B', 'D#')	G#	G#	0.0	minor triad	(3, 8, 11)	E	E	3	None
140.0	140	0.5	1/2	47.0	A#4	70.0	True	Violoncello	1	47.0	1.5	99.0	iii	False	('G#', 'B', 'D#')	G#	G#	0.0	minor triad	(3, 8, 11)	E	E	3	None
140.5	281/2	0.5	1/2	47.0	G#4	68.0	True	Violoncello	1	47.0	1.5	99.0	iii	False	('G#', 'B', 'D#')	G#	G#	0.0	minor triad	(3, 8, 11)	E	E	3	None
141.0	141	1.0	1	48.0	A4	69.0	True	Violoncello	1	48.0	3.0	100.0	V7	True	('B', 'D#', 'F#', 'A')	B	B	0.0	dominant seventh chord	(3, 6, 9, 11)	E	E	5	None
141.0	141	1.0	1	48.0	A5	81.0	True	Violoncello	1	48.0	3.0	100.0	V7	True	('B', 'D#', 'F#', 'A')	B	B	0.0	dominant seventh chord	(3, 6, 9, 11)	E	E	5	None
141.0	141	0.5	1/2	48.0	A4	69.0	True	Violoncello	1	48.0	3.0	100.0	V7	True	('B', 'D#', 'F#', 'A')	B	B	0.0	dominant seventh chord	(3, 6, 9, 11)	E	E	5	None
141.0	141	1.0	1	48.0	B3	59.0	True	Violoncello	1	48.0	3.0	100.0	V7	True	('B', 'D#', 'F#', 'A')	B	B	0.0	dominant seventh chord	(3, 6, 9, 11)	E	E	5	None
141.0	141	1.0	1	48.0	B2	47.0	True	Violoncello	1	48.0	3.0	100.0	V7	True	('B', 'D#', 'F#', 'A')	B	B	0.0	dominant seventh chord	(3, 6, 9, 11)	E	E	5	None
141.5	283/2	0.5	1/2	48.0	D#4	63.0	True	Violoncello	1	48.0	3.0	100.0	V7	False	('B', 'D#', 'F#', 'A')	B	B	0.0	dominant seventh chord	(3, 6, 9, 11)	E	E	5	None
142.0	142	0.5	1/2	48.0	C#3	49.0	True	Violoncello	1	48.0	3.0	100.0	V7	False	('B', 'D#', 'F#', 'A')	B	B	0.0	dominant seventh chord	(3, 6, 9, 11)	E	E	5	None
142.0	142	0.5	1/2	48.0	B3	59.0	True	Violoncello	1	48.0	3.0	100.0	V7	False	('B', 'D#', 'F#', 'A')	B	B	0.0	dominant seventh chord	(3, 6, 9, 11)	E	E	5	None
142.0	142	0.5	1/2	48.0	G#5	80.0	True	Violoncello	1	48.0	3.0	100.0	V7	False	('B', 'D#', 'F#', 'A')	B	B	0.0	dominant seventh chord	(3, 6, 9, 11)	E	E	5	None
142.0	142	0.5	1/2	48.0	E4	64.0	True	Violoncello	1	48.0	3.0	100.0	V7	False	('B', 'D#', 'F#', 'A')	B	B	0.0	dominant seventh chord	(3, 6, 9, 11)	E	E	5	None
142.5	285/2	0.5	1/2	48.0	F#5	78.0	True	Violoncello	1	48.0	3.0	100.0	V7	False	('B', 'D#', 'F#', 'A')	B	B	0.0	dominant seventh chord	(3, 6, 9, 11)	E	E	5	None
142.5	285/2	0.5	1/2	48.0	F#4	66.0	True	Violoncello	1	48.0	3.0	100.0	V7	False	('B', 'D#', 'F#', 'A')	B	B	0.0	dominant seventh chord	(3, 6, 9, 11)	E	E	5	None
142.5	285/2	0.5	1/2	48.0	B3	59.0	True	Violoncello	1	48.0	3.0	100.0	V7	False	('B', 'D#', 'F#', 'A')	B	B	0.0	dominant seventh chord	(3, 6, 9, 11)	E	E	5	None
142.5	285/2	0.5	1/2	48.0	D#3	51.0	True	Violoncello	1	48.0	3.0	100.0	V7	False	('B', 'D#', 'F#', 'A')	B	B	0.0	dominant seventh chord	(3, 6, 9, 11)	E	E	5	None
143.0	143	0.5	1/2	48.0	E5	76.0	True	Violoncello	1	48.0	3.0	100.0	V7	False	('B', 'D#', 'F#', 'A')	B	B	0.0	dominant seventh chord	(3, 6, 9, 11)	E	E	5	None
143.0	143	0.5	1/2	48.0	G#4	68.0	True	Violoncello	1	48.0	3.0	100.0	V7	False	('B', 'D#', 'F#', 'A')	B	B	0.0	dominant seventh chord	(3, 6, 9, 11)	E	E	5	None
143.0	143	0.5	1/2	48.0	B3	59.0	True	Violoncello	1	48.0	3.0	100.0	V7	False	('B', 'D#', 'F#', 'A')	B	B	0.0	dominant seventh chord	(3, 6, 9, 11)	E	E	5	None
143.0	143	0.5	1/2	48.0	E3	52.0	True	Violoncello	1	48.0	3.0	100.0	V7	False	('B', 'D#', 'F#', 'A')	B	B	0.0	dominant seventh chord	(3, 6, 9, 11)	E	E	5	None
143.5	287/2	0.5	1/2	48.0	D#5	75.0	True	Violoncello	1	48.0	3.0	100.0	V7	False	('B', 'D#', 'F#', 'A')	B	B	0.0	dominant seventh chord	(3, 6, 9, 11)	E	E	5	None
143.5	287/2	0.5	1/2	48.0	A4	69.0	True	Violoncello	1	48.0	3.0	100.0	V7	False	('B', 'D#', 'F#', 'A')	B	B	0.0	dominant seventh chord	(3, 6, 9, 11)	E	E	5	None
143.5	287/2	0.5	1/2	48.0	B3	59.0	True	Violoncello	1	48.0	3.0	100.0	V7	False	('B', 'D#', 'F#', 'A')	B	B	0.0	dominant seventh chord	(3, 6, 9, 11)	E	E	5	None
143.5	287/2	0.5	1/2	48.0	F#3	54.0	True	Violoncello	1	48.0	3.0	100.0	V7	False	('B', 'D#', 'F#', 'A')	B	B	0.0	dominant seventh chord	(3, 6, 9, 11)	E	E	5	None
144.0	144	0.5	1/2	49.0	G#3	56.0	True	Violoncello	1	49.0	0.5	101.0	I	True	('G#', 'B', 'E')	G#	E	1.0	major triad	(4, 8, 11)	E	E	1	None
144.0	144	0.5	1/2	49.0	B3	59.0	True	Violoncello	1	49.0	0.5	101.0	I	True	('G#', 'B', 'E')	G#	E	1.0	major triad	(4, 8, 11)	E	E	1	None
144.0	144	0.5	1/2	49.0	D#5	75.0	True	Violoncello	1	49.0	0.5	101.0	I	True	('G#', 'B', 'E')	G#	E	1.0	major triad	(4, 8, 11)	E	E	1	None
144.0	144	0.5	1/2	49.0	B4	71.0	True	Violoncello	1	49.0	0.5	101.0	I	True	('G#', 'B', 'E')	G#	E	1.0	major triad	(4, 8, 11)	E	E	1	None
144.5	289/2	0.5	1/2	49.0	E5	76.0	True	Violoncello	1	49.0	1.0	102.0	I	True	('E', 'G#', 'B')	E	E	0.0	major triad	(4, 8, 11)	E	E	1	None
144.5	289/2	0.5	1/2	49.0	B4	71.0	True	Violoncello	1	49.0	1.0	102.0	I	True	('E', 'G#', 'B')	E	E	0.0	major triad	(4, 8, 11)	E	E	1	None
144.5	289/2	0.5	1/2	49.0	G#3	56.0	True	Violoncello	1	49.0	1.0	102.0	I	True	('E', 'G#', 'B')	E	E	0.0	major triad	(4, 8, 11)	E	E	1	None
144.5	289/2	0.5	1/2	49.0	E3	52.0	True	Violoncello	1	49.0	1.0	102.0	I	True	('E', 'G#', 'B')	E	E	0.0	major triad	(4, 8, 11)	E	E	1	None
145.0	145	0.5	1/2	49.0	B4	71.0	True	Violoncello	1	49.0	1.0	102.0	I	False	('E', 'G#', 'B')	E	E	0.0	major triad	(4, 8, 11)	E	E	1	None
145.0	145	0.5	1/2	49.0	G#4	68.0	True	Violoncello	1	49.0	1.0	102.0	I	False	('E', 'G#', 'B')	E	E	0.0	major triad	(4, 8, 11)	E	E	1	None
145.5	291/2	0.5	1/2	49.0	C#4	61.0	True	Violoncello	1	49.0	0.5	103.0	IV	True	('A', 'C#', 'E')	A	A	0.0	major triad	(1, 4, 9)	E	E	4	None
145.5	291/2	0.5	1/2	49.0	A3	57.0	True	Violoncello	1	49.0	0.5	103.0	IV	True	('A', 'C#', 'E')	A	A	0.0	major triad	(1, 4, 9)	E	E	4	None
146.0	146	0.5	1/2	49.0	E5	76.0	True	Violoncello	1	49.0	1.0	104.0	IV	True	('C#', 'E', 'A')	C#	A	1.0	major triad	(1, 4, 9)	E	E	4	None
146.0	146	0.5	1/2	49.0	C#5	73.0	True	Violoncello	1	49.0	1.0	104.0	IV	True	('C#', 'E', 'A')	C#	A	1.0	major triad	(1, 4, 9)	E	E	4	None
146.0	146	0.5	1/2	49.0	E4	64.0	True	Violoncello	1	49.0	1.0	104.0	IV	True	('C#', 'E', 'A')	C#	A	1.0	major triad	(1, 4, 9)	E	E	4	None
146.0	146	0.5	1/2	49.0	C#4	61.0	True	Violoncello	1	49.0	1.0	104.0	IV	True	('C#', 'E', 'A')	C#	A	1.0	major triad	(1, 4, 9)	E	E	4	None
146.5	293/2	0.5	1/2	49.0	C#5	73.0	True	Violoncello	1	49.0	1.0	104.0	IV	False	('C#', 'E', 'A')	C#	A	1.0	major triad	(1, 4, 9)	E	E	4	None
146.5	293/2	0.5	1/2	49.0	A4	69.0	True	Violoncello	1	49.0	1.0	104.0	IV	False	('C#', 'E', 'A')	C#	A	1.0	major triad	(1, 4, 9)	E	E	4	None
147.0	147	0.5	1/2	50.0	B2	47.0	True	Violoncello	1	50.0	2.0	105.0	I	True	('B', 'E', 'G#')	B	E	2.0	major triad	(4, 8, 11)	E	E	1	None
147.0	147	0.5	1/2	50.0	E3	52.0	True	Violoncello	1	50.0	2.0	105.0	I	True	('B', 'E', 'G#')	B	E	2.0	major triad	(4, 8, 11)	E	E	1	None
147.5	295/2	0.5	1/2	50.0	B4	71.0	True	Violoncello	1	50.0	2.0	105.0	I	False	('B', 'E', 'G#')	B	E	2.0	major triad	(4, 8, 11)	E	E	1	None
147.5	295/2	0.5	1/2	50.0	G#4	68.0	True	Violoncello	1	50.0	2.0	105.0	I	False	('B', 'E', 'G#')	B	E	2.0	major triad	(4, 8, 11)	E	E	1	None
147.5	295/2	0.5	1/2	50.0	G#3	56.0	True	Violoncello	1	50.0	2.0	105.0	I	False	('B', 'E', 'G#')	B	E	2.0	major triad	(4, 8, 11)	E	E	1	None
147.5	295/2	0.5	1/2	50.0	E3	52.0	True	Violoncello	1	50.0	2.0	105.0	I	False	('B', 'E', 'G#')	B	E	2.0	major triad	(4, 8, 11)	E	E	1	None
148.0	148	0.5	1/2	50.0	G#4	68.0	True	Violoncello	1	50.0	2.0	105.0	I	False	('B', 'E', 'G#')	B	E	2.0	major triad	(4, 8, 11)	E	E	1	None
148.0	148	0.5	1/2	50.0	E4	64.0	True	Violoncello	1	50.0	2.0	105.0	I	False	('B', 'E', 'G#')	B	E	2.0	major triad	(4, 8, 11)	E	E	1	None
148.5	297/2	0.5	1/2	50.0	F#3	54.0	True	Violoncello	1	50.0	2.0	105.0	I	False	('B', 'E', 'G#')	B	E	2.0	major triad	(4, 8, 11)	E	E	1	None
148.5	297/2	0.5	1/2	50.0	B2	47.0	True	Violoncello	1	50.0	2.0	105.0	I	False	('B', 'E', 'G#')	B	E	2.0	major triad	(4, 8, 11)	E	E	1	None
149.0	149	0.5	1/2	50.0	A4	69.0	True	Violoncello	1	50.0	1.0	106.0	V7	True	('B', 'D#', 'F#', 'A')	B	B	0.0	dominant seventh chord	(3, 6, 9, 11)	E	E	5	None
149.0	149	0.5	1/2	50.0	F#4	66.0	True	Violoncello	1	50.0	1.0	106.0	V7	True	('B', 'D#', 'F#', 'A')	B	B	0.0	dominant seventh chord	(3, 6, 9, 11)	E	E	5	None
149.0	149	0.5	1/2	50.0	A3	57.0	True	Violoncello	1	50.0	1.0	106.0	V7	True	('B', 'D#', 'F#', 'A')	B	B	0.0	dominant seventh chord	(3, 6, 9, 11)	E	E	5	None
149.0	149	0.5	1/2	50.0	F#3	54.0	True	Violoncello	1	50.0	1.0	106.0	V7	True	('B', 'D#', 'F#', 'A')	B	B	0.0	dominant seventh chord	(3, 6, 9, 11)	E	E	5	None
149.5	299/2	0.5	1/2	50.0	F#4	66.0	True	Violoncello	1	50.0	1.0	106.0	V7	False	('B', 'D#', 'F#', 'A')	B	B	0.0	dominant seventh chord	(3, 6, 9, 11)	E	E	5	None
149.5	299/2	0.5	1/2	50.0	D#4	63.0	True	Violoncello	1	50.0	1.0	106.0	V7	False	('B', 'D#', 'F#', 'A')	B	B	0.0	dominant seventh chord	(3, 6, 9, 11)	E	E	5	None
150.0	150	1.0	1	51.0	G#3	56.0	True	Violoncello	1	51.0	3.0	107.0	I	True	('E', 'G#', 'B')	E	E	0.0	major triad	(4, 8, 11)	E	E	1	None
150.0	150	1.0	1	51.0	E2	40.0	True	Violoncello	1	51.0	3.0	107.0	I	True	('E', 'G#', 'B')	E	E	0.0	major triad	(4, 8, 11)	E	E	1	None
150.0	150	0.5	1/2	51.0	E4	64.0	True	Violoncello	1	51.0	3.0	107.0	I	True	('E', 'G#', 'B')	E	E	0.0	major triad	(4, 8, 11)	E	E	1	None
150.0	150	0.5	1/2	51.0	E4	64.0	True	Violoncello	1	51.0	3.0	107.0	I	True	('E', 'G#', 'B')	E	E	0.0	major triad	(4, 8, 11)	E	E	1	None
150.5	301/2	0.5	1/2	51.0	E4	64.0	True	Violoncello	1	51.0	3.0	107.0	I	False	('E', 'G#', 'B')	E	E	0.0	major triad	(4, 8, 11)	E	E	1	None
150.5	301/2	0.5	1/2	51.0	E5	76.0	True	Violoncello	1	51.0	3.0	107.0	I	False	('E', 'G#', 'B')	E	E	0.0	major triad	(4, 8, 11)	E	E	1	None
151.0	151	0.5	1/2	51.0	F#5	78.0	True	Violoncello	1	51.0	3.0	107.0	I	False	('E', 'G#', 'B')	E	E	0.0	major triad	(4, 8, 11)	E	E	1	None
151.0	151	0.5	1/2	51.0	F#4	66.0	True	Violoncello	1	51.0	3.0	107.0	I	False	('E', 'G#', 'B')	E	E	0.0	major triad	(4, 8, 11)	E	E	1	None
151.5	303/2	0.5	1/2	51.0	G#5	80.0	True	Violoncello	1	51.0	3.0	107.0	I	False	('E', 'G#', 'B')	E	E	0.0	major triad	(4, 8, 11)	E	E	1	None
151.5	303/2	0.5	1/2	51.0	G#4	68.0	True	Violoncello	1	51.0	3.0	107.0	I	False	('E', 'G#', 'B')	E	E	0.0	major triad	(4, 8, 11)	E	E	1	None
152.0	152	0.5	1/2	51.0	F#5	78.0	True	Violoncello	1	51.0	3.0	107.0	I	False	('E', 'G#', 'B')	E	E	0.0	major triad	(4, 8, 11)	E	E	1	None
152.0	152	0.5	1/2	51.0	F#4	66.0	True	Violoncello	1	51.0	3.0	107.0	I	False	('E', 'G#', 'B')	E	E	0.0	major triad	(4, 8, 11)	E	E	1	None
152.5	305/2	0.5	1/2	51.0	E5	76.0	True	Violoncello	1	51.0	3.0	107.0	I	False	('E', 'G#', 'B')	E	E	0.0	major triad	(4, 8, 11)	E	E	1	None
152.5	305/2	0.5	1/2	51.0	E4	64.0	True	Violoncello	1	51.0	3.0	107.0	I	False	('E', 'G#', 'B')	E	E	0.0	major triad	(4, 8, 11)	E	E	1	None
153.0	153	1.0	1	52.0	D#5	75.0	True	Violoncello	1	52.0	1.5	108.0	V	True	('B', 'D#', 'F#')	B	B	0.0	major triad	(3, 6, 11)	E	E	5	None
153.0	153	1.0	1	52.0	D#4	63.0	True	Violoncello	1	52.0	1.5	108.0	V	True	('B', 'D#', 'F#')	B	B	0.0	major triad	(3, 6, 11)	E	E	5	None
153.0	153	1.0	1	52.0	B3	59.0	True	Violoncello	1	52.0	1.5	108.0	V	True	('B', 'D#', 'F#')	B	B	0.0	major triad	(3, 6, 11)	E	E	5	None
153.0	153	1.0	1	52.0	B2	47.0	True	Violoncello	1	52.0	1.5	108.0	V	True	('B', 'D#', 'F#')	B	B	0.0	major triad	(3, 6, 11)	E	E	5	None
154.0	154	0.5	1/2	52.0	C#3	49.0	True	Violoncello	1	52.0	1.5	108.0	V	False	('B', 'D#', 'F#')	B	B	0.0	major triad	(3, 6, 11)	E	E	5	None
154.0	154	0.5	1/2	52.0	C#4	61.0	True	Violoncello	1	52.0	1.5	108.0	V	False	('B', 'D#', 'F#')	B	B	0.0	major triad	(3, 6, 11)	E	E	5	None
154.0	154	0.5	1/2	52.0	C#5	73.0	True	Violoncello	1	52.0	1.5	108.0	V	False	('B', 'D#', 'F#')	B	B	0.0	major triad	(3, 6, 11)	E	E	5	None
154.0	154	0.5	1/2	52.0	C#4	61.0	True	Violoncello	1	52.0	1.5	108.0	V	False	('B', 'D#', 'F#')	B	B	0.0	major triad	(3, 6, 11)	E	E	5	None
154.5	309/2	1.0	1	52.0	B4	71.0	True	Violoncello	1	52.0	1.5	109.0	V	True	('D#', 'F#', 'B')	D#	B	1.0	major triad	(3, 6, 11)	E	E	5	None
154.5	309/2	1.0	1	52.0	B3	59.0	True	Violoncello	1	52.0	1.5	109.0	V	True	('D#', 'F#', 'B')	D#	B	1.0	major triad	(3, 6, 11)	E	E	5	None
154.5	309/2	0.5	1/2	52.0	D4	62.0	True	Violoncello	1	52.0	1.5	109.0	V	True	('D#', 'F#', 'B')	D#	B	1.0	major triad	(3, 6, 11)	E	E	5	None
154.5	309/2	0.5	1/2	52.0	D3	50.0	True	Violoncello	1	52.0	1.5	109.0	V	True	('D#', 'F#', 'B')	D#	B	1.0	major triad	(3, 6, 11)	E	E	5	None
155.0	155	0.5	1/2	52.0	C#4	61.0	True	Violoncello	1	52.0	1.5	109.0	V	False	('D#', 'F#', 'B')	D#	B	1.0	major triad	(3, 6, 11)	E	E	5	None
155.0	155	0.5	1/2	52.0	C#3	49.0	True	Violoncello	1	52.0	1.5	109.0	V	False	('D#', 'F#', 'B')	D#	B	1.0	major triad	(3, 6, 11)	E	E	5	None
155.5	311/2	0.5	1/2	52.0	B3	59.0	True	Violoncello	1	52.0	1.5	109.0	V	False	('D#', 'F#', 'B')	D#	B	1.0	major triad	(3, 6, 11)	E	E	5	None
155.5	311/2	0.5	1/2	52.0	B2	47.0	True	Violoncello	1	52.0	1.5	109.0	V	False	('D#', 'F#', 'B')	D#	B	1.0	major triad	(3, 6, 11)	E	E	5	None
156.0	156	1.0	1	53.0	F#5	78.0	True	Violoncello	1	53.0	1.5	110.0	ii	True	('A', 'C#', 'F#')	A	F#	1.0	minor triad	(1, 6, 9)	E	E	2	None
156.0	156	1.0	1	53.0	F#4	66.0	True	Violoncello	1	53.0	1.5	110.0	ii	True	('A', 'C#', 'F#')	A	F#	1.0	minor triad	(1, 6, 9)	E	E	2	None
156.0	156	1.0	1	53.0	A3	57.0	True	Violoncello	1	53.0	1.5	110.0	ii	True	('A', 'C#', 'F#')	A	F#	1.0	minor triad	(1, 6, 9)	E	E	2	None
156.0	156	1.0	1	53.0	A2	45.0	True	Violoncello	1	53.0	1.5	110.0	ii	True	('A', 'C#', 'F#')	A	F#	1.0	minor triad	(1, 6, 9)	E	E	2	None
157.0	157	0.5	1/2	53.0	G#3	56.0	True	Violoncello	1	53.0	1.5	110.0	ii	False	('A', 'C#', 'F#')	A	F#	1.0	minor triad	(1, 6, 9)	E	E	2	None
157.0	157	0.5	1/2	53.0	G#2	44.0	True	Violoncello	1	53.0	1.5	110.0	ii	False	('A', 'C#', 'F#')	A	F#	1.0	minor triad	(1, 6, 9)	E	E	2	None
157.0	157	0.5	1/2	53.0	G#5	80.0	True	Violoncello	1	53.0	1.5	110.0	ii	False	('A', 'C#', 'F#')	A	F#	1.0	minor triad	(1, 6, 9)	E	E	2	None
157.0	157	0.5	1/2	53.0	G#4	68.0	True	Violoncello	1	53.0	1.5	110.0	ii	False	('A', 'C#', 'F#')	A	F#	1.0	minor triad	(1, 6, 9)	E	E	2	None
157.5	315/2	0.5	1/2	53.0	A5	81.0	True	Violoncello	1	53.0	1.5	111.0	ii	True	('F#', 'A', 'C#')	F#	F#	0.0	minor triad	(1, 6, 9)	E	E	2	None
157.5	315/2	0.5	1/2	53.0	A4	69.0	True	Violoncello	1	53.0	1.5	111.0	ii	True	('F#', 'A', 'C#')	F#	F#	0.0	minor triad	(1, 6, 9)	E	E	2	None
157.5	315/2	1.0	1	53.0	F#3	54.0	True	Violoncello	1	53.0	1.5	111.0	ii	True	('F#', 'A', 'C#')	F#	F#	0.0	minor triad	(1, 6, 9)	E	E	2	None
157.5	315/2	1.0	1	53.0	F#2	42.0	True	Violoncello	1	53.0	1.5	111.0	ii	True	('F#', 'A', 'C#')	F#	F#	0.0	minor triad	(1, 6, 9)	E	E	2	None
158.0	158	0.5	1/2	53.0	G#5	80.0	True	Violoncello	1	53.0	1.5	111.0	ii	False	('F#', 'A', 'C#')	F#	F#	0.0	minor triad	(1, 6, 9)	E	E	2	None
158.0	158	0.5	1/2	53.0	G#4	68.0	True	Violoncello	1	53.0	1.5	111.0	ii	False	('F#', 'A', 'C#')	F#	F#	0.0	minor triad	(1, 6, 9)	E	E	2	None
158.5	317/2	0.5	1/2	53.0	F#5	78.0	True	Violoncello	1	53.0	1.5	111.0	ii	False	('F#', 'A', 'C#')	F#	F#	0.0	minor triad	(1, 6, 9)	E	E	2	None
158.5	317/2	0.5	1/2	53.0	F#4	66.0	True	Violoncello	1	53.0	1.5	111.0	ii	False	('F#', 'A', 'C#')	F#	F#	0.0	minor triad	(1, 6, 9)	E	E	2	None
159.0	159	1.0	1	54.0	C#3	49.0	True	Violoncello	1	54.0	1.5	112.0	vi	True	('C#', 'E', 'G#')	C#	C#	0.0	minor triad	(1, 4, 8)	E	E	6	None
159.0	159	1.0	1	54.0	E5	76.0	True	Violoncello	1	54.0	1.5	112.0	vi	True	('C#', 'E', 'G#')	C#	C#	0.0	minor triad	(1, 4, 8)	E	E	6	None
159.0	159	1.0	1	54.0	E4	64.0	True	Violoncello	1	54.0	1.5	112.0	vi	True	('C#', 'E', 'G#')	C#	C#	0.0	minor triad	(1, 4, 8)	E	E	6	None
159.0	159	1.0	1	54.0	C#4	61.0	True	Violoncello	1	54.0	1.5	112.0	vi	True	('C#', 'E', 'G#')	C#	C#	0.0	minor triad	(1, 4, 8)	E	E	6	None
160.0	160	0.5	1/2	54.0	D#5	75.0	True	Violoncello	1	54.0	1.5	112.0	vi	False	('C#', 'E', 'G#')	C#	C#	0.0	minor triad	(1, 4, 8)	E	E	6	None
160.0	160	0.5	1/2	54.0	D#4	63.0	True	Violoncello	1	54.0	1.5	112.0	vi	False	('C#', 'E', 'G#')	C#	C#	0.0	minor triad	(1, 4, 8)	E	E	6	None
160.0	160	0.5	1/2	54.0	D#4	63.0	True	Violoncello	1	54.0	1.5	112.0	vi	False	('C#', 'E', 'G#')	C#	C#	0.0	minor triad	(1, 4, 8)	E	E	6	None
160.0	160	0.5	1/2	54.0	D#3	51.0	True	Violoncello	1	54.0	1.5	112.0	vi	False	('C#', 'E', 'G#')	C#	C#	0.0	minor triad	(1, 4, 8)	E	E	6	None
160.5	321/2	0.5	1/2	54.0	E3	52.0	True	Violoncello	1	54.0	1.5	113.0	vi	True	('E', 'G#', 'C#')	E	C#	1.0	minor triad	(1, 4, 8)	E	E	6	None
160.5	321/2	1.0	1	54.0	C#5	73.0	True	Violoncello	1	54.0	1.5	113.0	vi	True	('E', 'G#', 'C#')	E	C#	1.0	minor triad	(1, 4, 8)	E	E	6	None
160.5	321/2	1.0	1	54.0	C#4	61.0	True	Violoncello	1	54.0	1.5	113.0	vi	True	('E', 'G#', 'C#')	E	C#	1.0	minor triad	(1, 4, 8)	E	E	6	None
160.5	321/2	0.5	1/2	54.0	E4	64.0	True	Violoncello	1	54.0	1.5	113.0	vi	True	('E', 'G#', 'C#')	E	C#	1.0	minor triad	(1, 4, 8)	E	E	6	None
161.0	161	0.5	1/2	54.0	D#4	63.0	True	Violoncello	1	54.0	1.5	113.0	vi	False	('E', 'G#', 'C#')	E	C#	1.0	minor triad	(1, 4, 8)	E	E	6	None
161.0	161	0.5	1/2	54.0	D#3	51.0	True	Violoncello	1	54.0	1.5	113.0	vi	False	('E', 'G#', 'C#')	E	C#	1.0	minor triad	(1, 4, 8)	E	E	6	None
161.5	323/2	0.5	1/2	54.0	C#4	61.0	True	Violoncello	1	54.0	1.5	113.0	vi	False	('E', 'G#', 'C#')	E	C#	1.0	minor triad	(1, 4, 8)	E	E	6	None
161.5	323/2	0.5	1/2	54.0	C#3	49.0	True	Violoncello	1	54.0	1.5	113.0	vi	False	('E', 'G#', 'C#')	E	C#	1.0	minor triad	(1, 4, 8)	E	E	6	None
162.0	162	1.0	1	55.0	G#5	80.0	True	Violoncello	1	55.0	1.5	114.0	iii	True	('B', 'D#', 'G#')	B	G#	1.0	minor triad	(3, 8, 11)	E	E	3	None
162.0	162	1.0	1	55.0	G#4	68.0	True	Violoncello	1	55.0	1.5	114.0	iii	True	('B', 'D#', 'G#')	B	G#	1.0	minor triad	(3, 8, 11)	E	E	3	None
162.0	162	1.0	1	55.0	B3	59.0	True	Violoncello	1	55.0	1.5	114.0	iii	True	('B', 'D#', 'G#')	B	G#	1.0	minor triad	(3, 8, 11)	E	E	3	None
162.0	162	1.0	1	55.0	B2	47.0	True	Violoncello	1	55.0	1.5	114.0	iii	True	('B', 'D#', 'G#')	B	G#	1.0	minor triad	(3, 8, 11)	E	E	3	None
163.0	163	0.5	1/2	55.0	A#5	82.0	True	Violoncello	1	55.0	1.5	114.0	iii	False	('B', 'D#', 'G#')	B	G#	1.0	minor triad	(3, 8, 11)	E	E	3	None
163.0	163	0.5	1/2	55.0	A#4	70.0	True	Violoncello	1	55.0	1.5	114.0	iii	False	('B', 'D#', 'G#')	B	G#	1.0	minor triad	(3, 8, 11)	E	E	3	None
163.0	163	0.5	1/2	55.0	A#3	58.0	True	Violoncello	1	55.0	1.5	114.0	iii	False	('B', 'D#', 'G#')	B	G#	1.0	minor triad	(3, 8, 11)	E	E	3	None
163.0	163	0.5	1/2	55.0	A#2	46.0	True	Violoncello	1	55.0	1.5	114.0	iii	False	('B', 'D#', 'G#')	B	G#	1.0	minor triad	(3, 8, 11)	E	E	3	None
163.5	327/2	1.0	1	55.0	G#2	44.0	True	Violoncello	1	55.0	1.5	115.0	iii	True	('G#', 'B', 'D#')	G#	G#	0.0	minor triad	(3, 8, 11)	E	E	3	None
163.5	327/2	1.0	1	55.0	G#3	56.0	True	Violoncello	1	55.0	1.5	115.0	iii	True	('G#', 'B', 'D#')	G#	G#	0.0	minor triad	(3, 8, 11)	E	E	3	None
163.5	327/2	0.5	1/2	55.0	B5	83.0	True	Violoncello	1	55.0	1.5	115.0	iii	True	('G#', 'B', 'D#')	G#	G#	0.0	minor triad	(3, 8, 11)	E	E	3	None
163.5	327/2	0.5	1/2	55.0	B4	71.0	True	Violoncello	1	55.0	1.5	115.0	iii	True	('G#', 'B', 'D#')	G#	G#	0.0	minor triad	(3, 8, 11)	E	E	3	None
164.0	164	0.5	1/2	55.0	B5	83.0	True	Violoncello	1	55.0	1.5	115.0	iii	False	('G#', 'B', 'D#')	G#	G#	0.0	minor triad	(3, 8, 11)	E	E	3	None
164.0	164	0.5	1/2	55.0	A#4	70.0	True	Violoncello	1	55.0	1.5	115.0	iii	False	('G#', 'B', 'D#')	G#	G#	0.0	minor triad	(3, 8, 11)	E	E	3	None
164.5	329/2	0.5	1/2	55.0	B5	83.0	True	Violoncello	1	55.0	1.5	115.0	iii	False	('G#', 'B', 'D#')	G#	G#	0.0	minor triad	(3, 8, 11)	E	E	3	None
164.5	329/2	0.5	1/2	55.0	G#4	68.0	True	Violoncello	1	55.0	1.5	115.0	iii	False	('G#', 'B', 'D#')	G#	G#	0.0	minor triad	(3, 8, 11)	E	E	3	None
165.0	165	3.0	3	56.0	B5	83.0	True	Violoncello	1	56.0	1.5	116.0	V7	True	('B', 'D#', 'F#', 'A')	B	B	0.0	dominant seventh chord	(3, 6, 9, 11)	E	E	5	None
165.0	165	1.0	1	56.0	A4	69.0	True	Violoncello	1	56.0	1.5	116.0	V7	True	('B', 'D#', 'F#', 'A')	B	B	0.0	dominant seventh chord	(3, 6, 9, 11)	E	E	5	None
165.0	165	1.0	1	56.0	F#4	66.0	True	Violoncello	1	56.0	1.5	116.0	V7	True	('B', 'D#', 'F#', 'A')	B	B	0.0	dominant seventh chord	(3, 6, 9, 11)	E	E	5	None
165.0	165	1.0	1	56.0	B2	47.0	True	Violoncello	1	56.0	1.5	116.0	V7	True	('B', 'D#', 'F#', 'A')	B	B	0.0	dominant seventh chord	(3, 6, 9, 11)	E	E	5	None
166.0	166	0.5	1/2	56.0	G#4	68.0	True	Violoncello	1	56.0	1.5	116.0	V7	False	('B', 'D#', 'F#', 'A')	B	B	0.0	dominant seventh chord	(3, 6, 9, 11)	E	E	5	None
166.0	166	0.5	1/2	56.0	E4	64.0	True	Violoncello	1	56.0	1.5	116.0	V7	False	('B', 'D#', 'F#', 'A')	B	B	0.0	dominant seventh chord	(3, 6, 9, 11)	E	E	5	None
166.0	166	0.5	1/2	56.0	C#3	49.0	True	Violoncello	1	56.0	1.5	116.0	V7	False	('B', 'D#', 'F#', 'A')	B	B	0.0	dominant seventh chord	(3, 6, 9, 11)	E	E	5	None
166.5	333/2	0.5	1/2	56.0	F#4	66.0	True	Violoncello	1	56.0	1.5	117.0	V7	True	('D#', 'F#', 'A', 'B')	D#	B	1.0	dominant seventh chord	(3, 6, 9, 11)	E	E	5	None
166.5	333/2	0.5	1/2	56.0	D#4	63.0	True	Violoncello	1	56.0	1.5	117.0	V7	True	('D#', 'F#', 'A', 'B')	D#	B	1.0	dominant seventh chord	(3, 6, 9, 11)	E	E	5	None
166.5	333/2	0.5	1/2	56.0	D#3	51.0	True	Violoncello	1	56.0	1.5	117.0	V7	True	('D#', 'F#', 'A', 'B')	D#	B	1.0	dominant seventh chord	(3, 6, 9, 11)	E	E	5	None
167.0	167	0.5	1/2	56.0	E3	52.0	True	Violoncello	1	56.0	1.5	117.0	V7	False	('D#', 'F#', 'A', 'B')	D#	B	1.0	dominant seventh chord	(3, 6, 9, 11)	E	E	5	None
167.0	167	0.5	1/2	56.0	E4	64.0	True	Violoncello	1	56.0	1.5	117.0	V7	False	('D#', 'F#', 'A', 'B')	D#	B	1.0	dominant seventh chord	(3, 6, 9, 11)	E	E	5	None
167.0	167	0.5	1/2	56.0	C#4	61.0	True	Violoncello	1	56.0	1.5	117.0	V7	False	('D#', 'F#', 'A', 'B')	D#	B	1.0	dominant seventh chord	(3, 6, 9, 11)	E	E	5	None
167.5	335/2	0.5	1/2	56.0	D#4	63.0	True	Violoncello	1	56.0	1.5	117.0	V7	False	('D#', 'F#', 'A', 'B')	D#	B	1.0	dominant seventh chord	(3, 6, 9, 11)	E	E	5	None
167.5	335/2	0.5	1/2	56.0	B3	59.0	True	Violoncello	1	56.0	1.5	117.0	V7	False	('D#', 'F#', 'A', 'B')	D#	B	1.0	dominant seventh chord	(3, 6, 9, 11)	E	E	5	None
167.5	335/2	0.5	1/2	56.0	F#3	54.0	True	Violoncello	1	56.0	1.5	117.0	V7	False	('D#', 'F#', 'A', 'B')	D#	B	1.0	dominant seventh chord	(3, 6, 9, 11)	E	E	5	None
168.0	168	3.0	3	57.0	B5	83.0	True	Violoncello	1	57.0	1.5	118.0	V7	True	('B', 'D#', 'F#', 'A')	B	B	0.0	dominant seventh chord	(3, 6, 9, 11)	E	E	5	None
168.0	168	1.0	1	57.0	A4	69.0	True	Violoncello	1	57.0	1.5	118.0	V7	True	('B', 'D#', 'F#', 'A')	B	B	0.0	dominant seventh chord	(3, 6, 9, 11)	E	E	5	None
168.0	168	1.0	1	57.0	F#4	66.0	True	Violoncello	1	57.0	1.5	118.0	V7	True	('B', 'D#', 'F#', 'A')	B	B	0.0	dominant seventh chord	(3, 6, 9, 11)	E	E	5	None
168.0	168	1.0	1	57.0	B2	47.0	True	Violoncello	1	57.0	1.5	118.0	V7	True	('B', 'D#', 'F#', 'A')	B	B	0.0	dominant seventh chord	(3, 6, 9, 11)	E	E	5	None
169.0	169	0.5	1/2	57.0	C#3	49.0	True	Violoncello	1	57.0	1.5	118.0	V7	False	('B', 'D#', 'F#', 'A')	B	B	0.0	dominant seventh chord	(3, 6, 9, 11)	E	E	5	None
169.0	169	0.5	1/2	57.0	E4	64.0	True	Violoncello	1	57.0	1.5	118.0	V7	False	('B', 'D#', 'F#', 'A')	B	B	0.0	dominant seventh chord	(3, 6, 9, 11)	E	E	5	None
169.0	169	0.5	1/2	57.0	G#4	68.0	True	Violoncello	1	57.0	1.5	118.0	V7	False	('B', 'D#', 'F#', 'A')	B	B	0.0	dominant seventh chord	(3, 6, 9, 11)	E	E	5	None
169.5	339/2	0.5	1/2	57.0	F#4	66.0	True	Violoncello	1	57.0	1.5	119.0	V7	True	('D#', 'F#', 'A', 'B')	D#	B	1.0	dominant seventh chord	(3, 6, 9, 11)	E	E	5	None
169.5	339/2	0.5	1/2	57.0	D#4	63.0	True	Violoncello	1	57.0	1.5	119.0	V7	True	('D#', 'F#', 'A', 'B')	D#	B	1.0	dominant seventh chord	(3, 6, 9, 11)	E	E	5	None
169.5	339/2	0.5	1/2	57.0	D#3	51.0	True	Violoncello	1	57.0	1.5	119.0	V7	True	('D#', 'F#', 'A', 'B')	D#	B	1.0	dominant seventh chord	(3, 6, 9, 11)	E	E	5	None
170.0	170	0.5	1/2	57.0	E4	64.0	True	Violoncello	1	57.0	1.5	119.0	V7	False	('D#', 'F#', 'A', 'B')	D#	B	1.0	dominant seventh chord	(3, 6, 9, 11)	E	E	5	None
170.0	170	0.5	1/2	57.0	C#4	61.0	True	Violoncello	1	57.0	1.5	119.0	V7	False	('D#', 'F#', 'A', 'B')	D#	B	1.0	dominant seventh chord	(3, 6, 9, 11)	E	E	5	None
170.0	170	0.5	1/2	57.0	E3	52.0	True	Violoncello	1	57.0	1.5	119.0	V7	False	('D#', 'F#', 'A', 'B')	D#	B	1.0	dominant seventh chord	(3, 6, 9, 11)	E	E	5	None
170.5	341/2	0.5	1/2	57.0	F#3	54.0	True	Violoncello	1	57.0	1.5	119.0	V7	False	('D#', 'F#', 'A', 'B')	D#	B	1.0	dominant seventh chord	(3, 6, 9, 11)	E	E	5	None
170.5	341/2	0.5	1/2	57.0	D#4	63.0	True	Violoncello	1	57.0	1.5	119.0	V7	False	('D#', 'F#', 'A', 'B')	D#	B	1.0	dominant seventh chord	(3, 6, 9, 11)	E	E	5	None
170.5	341/2	0.5	1/2	57.0	B3	59.0	True	Violoncello	1	57.0	1.5	119.0	V7	False	('D#', 'F#', 'A', 'B')	D#	B	1.0	dominant seventh chord	(3, 6, 9, 11)	E	E	5	None
171.0	171	0.5	1/2	58.0	B5	83.0	True	Violoncello	1	58.0	1.5	120.0	V7	True	('F#', 'A', 'B', 'D#')	F#	B	2.0	dominant seventh chord	(3, 6, 9, 11)	E	E	5	None
171.0	171	0.5	1/2	58.0	A4	69.0	True	Violoncello	1	58.0	1.5	120.0	V7	True	('F#', 'A', 'B', 'D#')	F#	B	2.0	dominant seventh chord	(3, 6, 9, 11)	E	E	5	None
171.0	171	0.5	1/2	58.0	D#4	63.0	True	Violoncello	1	58.0	1.5	120.0	V7	True	('F#', 'A', 'B', 'D#')	F#	B	2.0	dominant seventh chord	(3, 6, 9, 11)	E	E	5	None
171.0	171	0.5	1/2	58.0	F#3	54.0	True	Violoncello	1	58.0	1.5	120.0	V7	True	('F#', 'A', 'B', 'D#')	F#	B	2.0	dominant seventh chord	(3, 6, 9, 11)	E	E	5	None
171.5	343/2	0.5	1/2	58.0	B5	83.0	True	Violoncello	1	58.0	1.5	120.0	V7	False	('F#', 'A', 'B', 'D#')	F#	B	2.0	dominant seventh chord	(3, 6, 9, 11)	E	E	5	None
171.5	343/2	0.5	1/2	58.0	A5	81.0	True	Violoncello	1	58.0	1.5	120.0	V7	False	('F#', 'A', 'B', 'D#')	F#	B	2.0	dominant seventh chord	(3, 6, 9, 11)	E	E	5	None
171.5	343/2	0.5	1/2	58.0	D#4	63.0	True	Violoncello	1	58.0	1.5	120.0	V7	False	('F#', 'A', 'B', 'D#')	F#	B	2.0	dominant seventh chord	(3, 6, 9, 11)	E	E	5	None
171.5	343/2	0.5	1/2	58.0	F#3	54.0	True	Violoncello	1	58.0	1.5	120.0	V7	False	('F#', 'A', 'B', 'D#')	F#	B	2.0	dominant seventh chord	(3, 6, 9, 11)	E	E	5	None
172.0	172	0.5	1/2	58.0	C#6	85.0	True	Violoncello	1	58.0	1.5	120.0	V7	False	('F#', 'A', 'B', 'D#')	F#	B	2.0	dominant seventh chord	(3, 6, 9, 11)	E	E	5	None
172.0	172	0.5	1/2	58.0	G#5	80.0	True	Violoncello	1	58.0	1.5	120.0	V7	False	('F#', 'A', 'B', 'D#')	F#	B	2.0	dominant seventh chord	(3, 6, 9, 11)	E	E	5	None
172.0	172	0.5	1/2	58.0	E4	64.0	True	Violoncello	1	58.0	1.5	120.0	V7	False	('F#', 'A', 'B', 'D#')	F#	B	2.0	dominant seventh chord	(3, 6, 9, 11)	E	E	5	None
172.0	172	0.5	1/2	58.0	E3	52.0	True	Violoncello	1	58.0	1.5	120.0	V7	False	('F#', 'A', 'B', 'D#')	F#	B	2.0	dominant seventh chord	(3, 6, 9, 11)	E	E	5	None
172.5	345/2	0.5	1/2	58.0	F#4	66.0	True	Violoncello	1	58.0	1.0	121.0	V7	True	('D#', 'F#', 'A', 'B')	D#	B	1.0	dominant seventh chord	(3, 6, 9, 11)	E	E	5	None
172.5	345/2	0.5	1/2	58.0	D#3	51.0	True	Violoncello	1	58.0	1.0	121.0	V7	True	('D#', 'F#', 'A', 'B')	D#	B	1.0	dominant seventh chord	(3, 6, 9, 11)	E	E	5	None
172.5	345/2	0.5	1/2	58.0	D#6	87.0	True	Violoncello	1	58.0	1.0	121.0	V7	True	('D#', 'F#', 'A', 'B')	D#	B	1.0	dominant seventh chord	(3, 6, 9, 11)	E	E	5	None
172.5	345/2	0.5	1/2	58.0	F#5	78.0	True	Violoncello	1	58.0	1.0	121.0	V7	True	('D#', 'F#', 'A', 'B')	D#	B	1.0	dominant seventh chord	(3, 6, 9, 11)	E	E	5	None
173.0	173	0.5	1/2	58.0	E6	88.0	True	Violoncello	1	58.0	1.0	121.0	V7	False	('D#', 'F#', 'A', 'B')	D#	B	1.0	dominant seventh chord	(3, 6, 9, 11)	E	E	5	None
173.0	173	0.5	1/2	58.0	E5	76.0	True	Violoncello	1	58.0	1.0	121.0	V7	False	('D#', 'F#', 'A', 'B')	D#	B	1.0	dominant seventh chord	(3, 6, 9, 11)	E	E	5	None
173.0	173	0.5	1/2	58.0	G#4	68.0	True	Violoncello	1	58.0	1.0	121.0	V7	False	('D#', 'F#', 'A', 'B')	D#	B	1.0	dominant seventh chord	(3, 6, 9, 11)	E	E	5	None
173.0	173	0.5	1/2	58.0	C#3	49.0	True	Violoncello	1	58.0	1.0	121.0	V7	False	('D#', 'F#', 'A', 'B')	D#	B	1.0	dominant seventh chord	(3, 6, 9, 11)	E	E	5	None
173.5	347/2	0.5	1/2	58.0	A4	69.0	True	Violoncello	1	58.0	0.5	122.0	V7	True	('B', 'D#', 'F#', 'A')	B	B	0.0	dominant seventh chord	(3, 6, 9, 11)	E	E	5	None
173.5	347/2	0.5	1/2	58.0	B2	47.0	True	Violoncello	1	58.0	0.5	122.0	V7	True	('B', 'D#', 'F#', 'A')	B	B	0.0	dominant seventh chord	(3, 6, 9, 11)	E	E	5	None
173.5	347/2	0.5	1/2	58.0	F#6	90.0	True	Violoncello	1	58.0	0.5	122.0	V7	True	('B', 'D#', 'F#', 'A')	B	B	0.0	dominant seventh chord	(3, 6, 9, 11)	E	E	5	None
173.5	347/2	0.5	1/2	58.0	D#5	75.0	True	Violoncello	1	58.0	0.5	122.0	V7	True	('B', 'D#', 'F#', 'A')	B	B	0.0	dominant seventh chord	(3, 6, 9, 11)	E	E	5	None
174.0	174	1.5	3/2	59.0	G#6	92.0	True	Violoncello	1	59.0	1.5	123.0	I	True	('E', 'G#', 'B')	E	E	0.0	major triad	(4, 8, 11)	E	E	1	None
174.0	174	0.5	1/2	59.0	E5	76.0	True	Violoncello	1	59.0	1.5	123.0	I	True	('E', 'G#', 'B')	E	E	0.0	major triad	(4, 8, 11)	E	E	1	None
174.0	174	1.0	1	59.0	B3	59.0	True	Violoncello	1	59.0	1.5	123.0	I	True	('E', 'G#', 'B')	E	E	0.0	major triad	(4, 8, 11)	E	E	1	None
174.0	174	1.0	1	59.0	E3	52.0	True	Violoncello	1	59.0	1.5	123.0	I	True	('E', 'G#', 'B')	E	E	0.0	major triad	(4, 8, 11)	E	E	1	None
174.5	349/2	0.5	1/2	59.0	E4	64.0	True	Violoncello	1	59.0	1.5	123.0	I	False	('E', 'G#', 'B')	E	E	0.0	major triad	(4, 8, 11)	E	E	1	None
175.0	175	0.5	1/2	59.0	E5	76.0	True	Violoncello	1	59.0	1.5	123.0	I	False	('E', 'G#', 'B')	E	E	0.0	major triad	(4, 8, 11)	E	E	1	None
175.5	351/2	1.0	1	59.0	C#3	49.0	True	Violoncello	1	59.0	1.5	124.0	vi	True	('C#', 'E', 'G#')	C#	C#	0.0	minor triad	(1, 4, 8)	E	E	6	None
175.5	351/2	1.0	1	59.0	E4	64.0	True	Violoncello	1	59.0	1.5	124.0	vi	True	('C#', 'E', 'G#')	C#	C#	0.0	minor triad	(1, 4, 8)	E	E	6	None
175.5	351/2	1.5	3/2	59.0	A6	93.0	True	Violoncello	1	59.0	1.5	124.0	vi	True	('C#', 'E', 'G#')	C#	C#	0.0	minor triad	(1, 4, 8)	E	E	6	None
176.0	176	0.5	1/2	59.0	E4	64.0	True	Violoncello	1	59.0	1.5	124.0	vi	False	('C#', 'E', 'G#')	C#	C#	0.0	minor triad	(1, 4, 8)	E	E	6	None
176.5	353/2	0.5	1/2	59.0	E5	76.0	True	Violoncello	1	59.0	1.5	124.0	vi	False	('C#', 'E', 'G#')	C#	C#	0.0	minor triad	(1, 4, 8)	E	E	6	None
177.0	177	1.0	1	60.0	G#2	44.0	True	Violoncello	1	60.0	1.5	125.0	I	True	('G#', 'B', 'E')	G#	E	1.0	major triad	(4, 8, 11)	E	E	1	None
177.0	177	1.5	3/2	60.0	B6	95.0	True	Violoncello	1	60.0	1.5	125.0	I	True	('G#', 'B', 'E')	G#	E	1.0	major triad	(4, 8, 11)	E	E	1	None
177.0	177	1.0	1	60.0	E4	64.0	True	Violoncello	1	60.0	1.5	125.0	I	True	('G#', 'B', 'E')	G#	E	1.0	major triad	(4, 8, 11)	E	E	1	None
177.5	355/2	0.5	1/2	60.0	E4	64.0	True	Violoncello	1	60.0	1.5	125.0	I	False	('G#', 'B', 'E')	G#	E	1.0	major triad	(4, 8, 11)	E	E	1	None
178.0	178	0.5	1/2	60.0	E5	76.0	True	Violoncello	1	60.0	1.5	125.0	I	False	('G#', 'B', 'E')	G#	E	1.0	major triad	(4, 8, 11)	E	E	1	None
178.5	357/2	1.5	3/2	60.0	C#7	97.0	True	Violoncello	1	60.0	1.5	126.0	viio/V	True	('A#', 'C#', 'E')	A#	A#	0.0	diminished triad	(1, 4, 10)	E	B	7	5
178.5	357/2	1.0	1	60.0	E4	64.0	True	Violoncello	1	60.0	1.5	126.0	viio/V	True	('A#', 'C#', 'E')	A#	A#	0.0	diminished triad	(1, 4, 10)	E	B	7	5
178.5	357/2	1.0	1	60.0	A#2	46.0	True	Violoncello	1	60.0	1.5	126.0	viio/V	True	('A#', 'C#', 'E')	A#	A#	0.0	diminished triad	(1, 4, 10)	E	B	7	5
179.0	179	0.5	1/2	60.0	E4	64.0	True	Violoncello	1	60.0	1.5	126.0	viio/V	False	('A#', 'C#', 'E')	A#	A#	0.0	diminished triad	(1, 4, 10)	E	B	7	5
179.5	359/2	0.5	1/2	60.0	E5	76.0	True	Violoncello	1	60.0	1.5	126.0	viio/V	False	('A#', 'C#', 'E')	A#	A#	0.0	diminished triad	(1, 4, 10)	E	B	7	5
180.0	180	1.5	3/2	61.0	B3	59.0	True	Violoncello	1	61.0	1.5	127.0	I	True	('B', 'E', 'G#')	B	E	2.0	major triad	(4, 8, 11)	E	E	1	None
180.0	180	1.5	3/2	61.0	G#4	68.0	True	Violoncello	1	61.0	1.5	127.0	I	True	('B', 'E', 'G#')	B	E	2.0	major triad	(4, 8, 11)	E	E	1	None
180.0	180	1.5	3/2	61.0	E4	64.0	True	Violoncello	1	61.0	1.5	127.0	I	True	('B', 'E', 'G#')	B	E	2.0	major triad	(4, 8, 11)	E	E	1	None
180.0	180	0.5	1/2	61.0	B2	47.0	True	Violoncello	1	61.0	1.5	127.0	I	True	('B', 'E', 'G#')	B	E	2.0	major triad	(4, 8, 11)	E	E	1	None
180.5	361/2	0.5	1/2	61.0	G#3	56.0	True	Violoncello	1	61.0	1.5	127.0	I	False	('B', 'E', 'G#')	B	E	2.0	major triad	(4, 8, 11)	E	E	1	None
181.0	181	0.5	1/2	61.0	E3	52.0	True	Violoncello	1	61.0	1.5	127.0	I	False	('B', 'E', 'G#')	B	E	2.0	major triad	(4, 8, 11)	E	E	1	None
181.5	363/2	0.5	1/2	61.0	B2	47.0	True	Violoncello	1	61.0	1.5	128.0	V7	True	('B', 'D#', 'F#', 'A')	B	B	0.0	dominant seventh chord	(3, 6, 9, 11)	E	E	5	None
181.5	363/2	0.5	1/2	61.0	E4	64.0	False	Violoncello	1	61.0	1.5	128.0	V7	True	('B', 'D#', 'F#', 'A')	B	B	0.0	dominant seventh chord	(3, 6, 9, 11)	E	E	5	None
181.5	363/2	0.5	1/2	61.0	B3	59.0	False	Violoncello	1	61.0	1.5	128.0	V7	True	('B', 'D#', 'F#', 'A')	B	B	0.0	dominant seventh chord	(3, 6, 9, 11)	E	E	5	None
181.5	363/2	0.5	1/2	61.0	G#4	68.0	False	Violoncello	1	61.0	1.5	128.0	V7	True	('B', 'D#', 'F#', 'A')	B	B	0.0	dominant seventh chord	(3, 6, 9, 11)	E	E	5	None
182.0	182	0.5	1/2	61.0	A5	81.0	True	Violoncello	1	61.0	1.5	128.0	V7	False	('B', 'D#', 'F#', 'A')	B	B	0.0	dominant seventh chord	(3, 6, 9, 11)	E	E	5	None
182.0	182	0.5	1/2	61.0	A4	69.0	True	Violoncello	1	61.0	1.5	128.0	V7	False	('B', 'D#', 'F#', 'A')	B	B	0.0	dominant seventh chord	(3, 6, 9, 11)	E	E	5	None
182.0	182	0.5	1/2	61.0	F#4	66.0	True	Violoncello	1	61.0	1.5	128.0	V7	False	('B', 'D#', 'F#', 'A')	B	B	0.0	dominant seventh chord	(3, 6, 9, 11)	E	E	5	None
182.0	182	0.5	1/2	61.0	B2	47.0	True	Violoncello	1	61.0	1.5	128.0	V7	False	('B', 'D#', 'F#', 'A')	B	B	0.0	dominant seventh chord	(3, 6, 9, 11)	E	E	5	None
182.5	365/2	0.5	1/2	61.0	D#5	75.0	True	Violoncello	1	61.0	1.5	128.0	V7	False	('B', 'D#', 'F#', 'A')	B	B	0.0	dominant seventh chord	(3, 6, 9, 11)	E	E	5	None
182.5	365/2	0.5	1/2	61.0	A4	69.0	True	Violoncello	1	61.0	1.5	128.0	V7	False	('B', 'D#', 'F#', 'A')	B	B	0.0	dominant seventh chord	(3, 6, 9, 11)	E	E	5	None
182.5	365/2	0.5	1/2	61.0	F#4	66.0	True	Violoncello	1	61.0	1.5	128.0	V7	False	('B', 'D#', 'F#', 'A')	B	B	0.0	dominant seventh chord	(3, 6, 9, 11)	E	E	5	None
182.5	365/2	0.5	1/2	61.0	B2	47.0	True	Violoncello	1	61.0	1.5	128.0	V7	False	('B', 'D#', 'F#', 'A')	B	B	0.0	dominant seventh chord	(3, 6, 9, 11)	E	E	5	None
183.0	183	0.25	1/4	62.0	E5	76.0	True	Violoncello	1	62.0	3.0	129.0	I	True	('E', 'G#', 'B')	E	E	0.0	major triad	(4, 8, 11)	E	E	1	None
183.0	183	1.0	1	62.0	G#4	68.0	True	Violoncello	1	62.0	3.0	129.0	I	True	('E', 'G#', 'B')	E	E	0.0	major triad	(4, 8, 11)	E	E	1	None
183.0	183	1.0	1	62.0	E4	64.0	True	Violoncello	1	62.0	3.0	129.0	I	True	('E', 'G#', 'B')	E	E	0.0	major triad	(4, 8, 11)	E	E	1	None
183.0	183	1.0	1	62.0	E3	52.0	True	Violoncello	1	62.0	3.0	129.0	I	True	('E', 'G#', 'B')	E	E	0.0	major triad	(4, 8, 11)	E	E	1	None
183.25	733/4	0.25	1/4	62.0	G#5	80.0	True	Violoncello	1	62.0	3.0	129.0	I	False	('E', 'G#', 'B')	E	E	0.0	major triad	(4, 8, 11)	E	E	1	None
183.5	367/2	0.25	1/4	62.0	B5	83.0	True	Violoncello	1	62.0	3.0	129.0	I	False	('E', 'G#', 'B')	E	E	0.0	major triad	(4, 8, 11)	E	E	1	None
183.75	735/4	0.25	1/4	62.0	G#5	80.0	True	Violoncello	1	62.0	3.0	129.0	I	False	('E', 'G#', 'B')	E	E	0.0	major triad	(4, 8, 11)	E	E	1	None
184.0	184	0.25	1/4	62.0	E5	76.0	True	Violoncello	1	62.0	3.0	129.0	I	False	('E', 'G#', 'B')	E	E	0.0	major triad	(4, 8, 11)	E	E	1	None
184.25	737/4	0.25	1/4	62.0	G#5	80.0	True	Violoncello	1	62.0	3.0	129.0	I	False	('E', 'G#', 'B')	E	E	0.0	major triad	(4, 8, 11)	E	E	1	None
184.5	369/2	0.25	1/4	62.0	B4	71.0	True	Violoncello	1	62.0	3.0	129.0	I	False	('E', 'G#', 'B')	E	E	0.0	major triad	(4, 8, 11)	E	E	1	None
184.75	739/4	0.25	1/4	62.0	E5	76.0	True	Violoncello	1	62.0	3.0	129.0	I	False	('E', 'G#', 'B')	E	E	0.0	major triad	(4, 8, 11)	E	E	1	None
185.0	185	0.25	1/4	62.0	G#4	68.0	True	Violoncello	1	62.0	3.0	129.0	I	False	('E', 'G#', 'B')	E	E	0.0	major triad	(4, 8, 11)	E	E	1	None
185.25	741/4	0.25	1/4	62.0	B4	71.0	True	Violoncello	1	62.0	3.0	129.0	I	False	('E', 'G#', 'B')	E	E	0.0	major triad	(4, 8, 11)	E	E	1	None
185.5	371/2	0.25	1/4	62.0	E4	64.0	True	Violoncello	1	62.0	3.0	129.0	I	False	('E', 'G#', 'B')	E	E	0.0	major triad	(4, 8, 11)	E	E	1	None
185.75	743/4	0.25	1/4	62.0	G#4	68.0	True	Violoncello	1	62.0	3.0	129.0	I	False	('E', 'G#', 'B')	E	E	0.0	major triad	(4, 8, 11)	E	E	1	None
186.0	186	1.5	3/2	63.0	B3	59.0	True	Violoncello	1	63.0	1.5	130.0	I	True	('B', 'E', 'G#')	B	E	2.0	major triad	(4, 8, 11)	E	E	1	None
186.0	186	1.5	3/2	63.0	G#4	68.0	True	Violoncello	1	63.0	1.5	130.0	I	True	('B', 'E', 'G#')	B	E	2.0	major triad	(4, 8, 11)	E	E	1	None
186.0	186	1.5	3/2	63.0	E4	64.0	True	Violoncello	1	63.0	1.5	130.0	I	True	('B', 'E', 'G#')	B	E	2.0	major triad	(4, 8, 11)	E	E	1	None
186.0	186	0.5	1/2	63.0	B3	59.0	True	Violoncello	1	63.0	1.5	130.0	I	True	('B', 'E', 'G#')	B	E	2.0	major triad	(4, 8, 11)	E	E	1	None
186.5	373/2	0.5	1/2	63.0	G#3	56.0	True	Violoncello	1	63.0	1.5	130.0	I	False	('B', 'E', 'G#')	B	E	2.0	major triad	(4, 8, 11)	E	E	1	None
187.0	187	0.5	1/2	63.0	E3	52.0	True	Violoncello	1	63.0	1.5	130.0	I	False	('B', 'E', 'G#')	B	E	2.0	major triad	(4, 8, 11)	E	E	1	None
187.5	375/2	0.5	1/2	63.0	G#4	68.0	False	Violoncello	1	63.0	1.5	131.0	V7	True	('B', 'D#', 'F#', 'A')	B	B	0.0	dominant seventh chord	(3, 6, 9, 11)	E	E	5	None
187.5	375/2	0.5	1/2	63.0	E4	64.0	False	Violoncello	1	63.0	1.5	131.0	V7	True	('B', 'D#', 'F#', 'A')	B	B	0.0	dominant seventh chord	(3, 6, 9, 11)	E	E	5	None
187.5	375/2	0.5	1/2	63.0	B2	47.0	True	Violoncello	1	63.0	1.5	131.0	V7	True	('B', 'D#', 'F#', 'A')	B	B	0.0	dominant seventh chord	(3, 6, 9, 11)	E	E	5	None
187.5	375/2	0.5	1/2	63.0	B3	59.0	False	Violoncello	1	63.0	1.5	131.0	V7	True	('B', 'D#', 'F#', 'A')	B	B	0.0	dominant seventh chord	(3, 6, 9, 11)	E	E	5	None
188.0	188	0.5	1/2	63.0	A5	81.0	True	Violoncello	1	63.0	1.5	131.0	V7	False	('B', 'D#', 'F#', 'A')	B	B	0.0	dominant seventh chord	(3, 6, 9, 11)	E	E	5	None
188.0	188	0.5	1/2	63.0	A4	69.0	True	Violoncello	1	63.0	1.5	131.0	V7	False	('B', 'D#', 'F#', 'A')	B	B	0.0	dominant seventh chord	(3, 6, 9, 11)	E	E	5	None
188.0	188	0.5	1/2	63.0	F#4	66.0	True	Violoncello	1	63.0	1.5	131.0	V7	False	('B', 'D#', 'F#', 'A')	B	B	0.0	dominant seventh chord	(3, 6, 9, 11)	E	E	5	None
188.0	188	0.5	1/2	63.0	B2	47.0	True	Violoncello	1	63.0	1.5	131.0	V7	False	('B', 'D#', 'F#', 'A')	B	B	0.0	dominant seventh chord	(3, 6, 9, 11)	E	E	5	None
188.5	377/2	0.5	1/2	63.0	D#5	75.0	True	Violoncello	1	63.0	1.5	131.0	V7	False	('B', 'D#', 'F#', 'A')	B	B	0.0	dominant seventh chord	(3, 6, 9, 11)	E	E	5	None
188.5	377/2	0.5	1/2	63.0	A4	69.0	True	Violoncello	1	63.0	1.5	131.0	V7	False	('B', 'D#', 'F#', 'A')	B	B	0.0	dominant seventh chord	(3, 6, 9, 11)	E	E	5	None
188.5	377/2	0.5	1/2	63.0	F#4	66.0	True	Violoncello	1	63.0	1.5	131.0	V7	False	('B', 'D#', 'F#', 'A')	B	B	0.0	dominant seventh chord	(3, 6, 9, 11)	E	E	5	None
188.5	377/2	0.5	1/2	63.0	B2	47.0	True	Violoncello	1	63.0	1.5	131.0	V7	False	('B', 'D#', 'F#', 'A')	B	B	0.0	dominant seventh chord	(3, 6, 9, 11)	E	E	5	None
189.0	189	1.0	1	64.0	E4	64.0	True	Violoncello	1	64.0	3.0	132.0	I	True	('E', 'G#', 'B')	E	E	0.0	major triad	(4, 8, 11)	E	E	1	None
189.0	189	1.0	1	64.0	E3	52.0	True	Violoncello	1	64.0	3.0	132.0	I	True	('E', 'G#', 'B')	E	E	0.0	major triad	(4, 8, 11)	E	E	1	None
189.0	189	0.25	1/4	64.0	E5	76.0	True	Violoncello	1	64.0	3.0	132.0	I	True	('E', 'G#', 'B')	E	E	0.0	major triad	(4, 8, 11)	E	E	1	None
189.0	189	1.0	1	64.0	G#4	68.0	True	Violoncello	1	64.0	3.0	132.0	I	True	('E', 'G#', 'B')	E	E	0.0	major triad	(4, 8, 11)	E	E	1	None
189.25	757/4	0.25	1/4	64.0	G#5	80.0	True	Violoncello	1	64.0	3.0	132.0	I	False	('E', 'G#', 'B')	E	E	0.0	major triad	(4, 8, 11)	E	E	1	None
189.5	379/2	0.25	1/4	64.0	B5	83.0	True	Violoncello	1	64.0	3.0	132.0	I	False	('E', 'G#', 'B')	E	E	0.0	major triad	(4, 8, 11)	E	E	1	None
189.75	759/4	0.25	1/4	64.0	G#5	80.0	True	Violoncello	1	64.0	3.0	132.0	I	False	('E', 'G#', 'B')	E	E	0.0	major triad	(4, 8, 11)	E	E	1	None
190.0	190	0.25	1/4	64.0	E5	76.0	True	Violoncello	1	64.0	3.0	132.0	I	False	('E', 'G#', 'B')	E	E	0.0	major triad	(4, 8, 11)	E	E	1	None
190.25	761/4	0.25	1/4	64.0	G#5	80.0	True	Violoncello	1	64.0	3.0	132.0	I	False	('E', 'G#', 'B')	E	E	0.0	major triad	(4, 8, 11)	E	E	1	None
190.5	381/2	0.25	1/4	64.0	B4	71.0	True	Violoncello	1	64.0	3.0	132.0	I	False	('E', 'G#', 'B')	E	E	0.0	major triad	(4, 8, 11)	E	E	1	None
190.75	763/4	0.25	1/4	64.0	E5	76.0	True	Violoncello	1	64.0	3.0	132.0	I	False	('E', 'G#', 'B')	E	E	0.0	major triad	(4, 8, 11)	E	E	1	None
191.0	191	0.25	1/4	64.0	G#4	68.0	True	Violoncello	1	64.0	3.0	132.0	I	False	('E', 'G#', 'B')	E	E	0.0	major triad	(4, 8, 11)	E	E	1	None
191.25	765/4	0.25	1/4	64.0	B4	71.0	True	Violoncello	1	64.0	3.0	132.0	I	False	('E', 'G#', 'B')	E	E	0.0	major triad	(4, 8, 11)	E	E	1	None
191.5	383/2	0.25	1/4	64.0	E4	64.0	True	Violoncello	1	64.0	3.0	132.0	I	False	('E', 'G#', 'B')	E	E	0.0	major triad	(4, 8, 11)	E	E	1	None
191.75	767/4	0.25	1/4	64.0	G#4	68.0	True	Violoncello	1	64.0	3.0	132.0	I	False	('E', 'G#', 'B')	E	E	0.0	major triad	(4, 8, 11)	E	E	1	None
192.0	192	1.5	3/2	65.0	E4	64.0	True	Violoncello	1	65.0	1.5	133.0	I	True	('B', 'E', 'G#')	B	E	2.0	major triad	(4, 8, 11)	E	E	1	None
192.0	192	0.5	1/2	65.0	B3	59.0	True	Violoncello	1	65.0	1.5	133.0	I	True	('B', 'E', 'G#')	B	E	2.0	major triad	(4, 8, 11)	E	E	1	None
192.0	192	1.5	3/2	65.0	B3	59.0	True	Violoncello	1	65.0	1.5	133.0	I	True	('B', 'E', 'G#')	B	E	2.0	major triad	(4, 8, 11)	E	E	1	None
192.0	192	1.5	3/2	65.0	G#4	68.0	True	Violoncello	1	65.0	1.5	133.0	I	True	('B', 'E', 'G#')	B	E	2.0	major triad	(4, 8, 11)	E	E	1	None
192.5	385/2	0.5	1/2	65.0	G#3	56.0	True	Violoncello	1	65.0	1.5	133.0	I	False	('B', 'E', 'G#')	B	E	2.0	major triad	(4, 8, 11)	E	E	1	None
193.0	193	0.5	1/2	65.0	E3	52.0	True	Violoncello	1	65.0	1.5	133.0	I	False	('B', 'E', 'G#')	B	E	2.0	major triad	(4, 8, 11)	E	E	1	None
193.5	387/2	0.5	1/2	65.0	B3	59.0	False	Violoncello	1	65.0	1.5	134.0	V7	True	('B', 'D#', 'F#', 'A')	B	B	0.0	dominant seventh chord	(3, 6, 9, 11)	E	E	5	None
193.5	387/2	1.0	1	65.0	G#4	68.0	False	Violoncello	1	65.0	1.5	134.0	V7	True	('B', 'D#', 'F#', 'A')	B	B	0.0	dominant seventh chord	(3, 6, 9, 11)	E	E	5	None
193.5	387/2	0.5	1/2	65.0	E4	64.0	False	Violoncello	1	65.0	1.5	134.0	V7	True	('B', 'D#', 'F#', 'A')	B	B	0.0	dominant seventh chord	(3, 6, 9, 11)	E	E	5	None
193.5	387/2	0.5	1/2	65.0	B2	47.0	True	Violoncello	1	65.0	1.5	134.0	V7	True	('B', 'D#', 'F#', 'A')	B	B	0.0	dominant seventh chord	(3, 6, 9, 11)	E	E	5	None
194.0	194	0.5	1/2	65.0	A5	81.0	True	Violoncello	1	65.0	1.5	134.0	V7	False	('B', 'D#', 'F#', 'A')	B	B	0.0	dominant seventh chord	(3, 6, 9, 11)	E	E	5	None
194.0	194	0.5	1/2	65.0	F#4	66.0	True	Violoncello	1	65.0	1.5	134.0	V7	False	('B', 'D#', 'F#', 'A')	B	B	0.0	dominant seventh chord	(3, 6, 9, 11)	E	E	5	None
194.0	194	0.5	1/2	65.0	B2	47.0	True	Violoncello	1	65.0	1.5	134.0	V7	False	('B', 'D#', 'F#', 'A')	B	B	0.0	dominant seventh chord	(3, 6, 9, 11)	E	E	5	None
194.5	389/2	0.5	1/2	65.0	D#5	75.0	True	Violoncello	1	65.0	1.5	134.0	V7	False	('B', 'D#', 'F#', 'A')	B	B	0.0	dominant seventh chord	(3, 6, 9, 11)	E	E	5	None
194.5	389/2	0.5	1/2	65.0	A4	69.0	True	Violoncello	1	65.0	1.5	134.0	V7	False	('B', 'D#', 'F#', 'A')	B	B	0.0	dominant seventh chord	(3, 6, 9, 11)	E	E	5	None
194.5	389/2	0.5	1/2	65.0	F#4	66.0	True	Violoncello	1	65.0	1.5	134.0	V7	False	('B', 'D#', 'F#', 'A')	B	B	0.0	dominant seventh chord	(3, 6, 9, 11)	E	E	5	None
194.5	389/2	0.5	1/2	65.0	B2	47.0	True	Violoncello	1	65.0	1.5	134.0	V7	False	('B', 'D#', 'F#', 'A')	B	B	0.0	dominant seventh chord	(3, 6, 9, 11)	E	E	5	None
195.0	195	1.0	1	66.0	E4	64.0	True	Violoncello	1	66.0	3.0	135.0	I	True	('E', 'G#', 'B')	E	E	0.0	major triad	(4, 8, 11)	E	E	1	None
195.0	195	1.0	1	66.0	E3	52.0	True	Violoncello	1	66.0	3.0	135.0	I	True	('E', 'G#', 'B')	E	E	0.0	major triad	(4, 8, 11)	E	E	1	None
195.0	195	1.0	1	66.0	E5	76.0	True	Violoncello	1	66.0	3.0	135.0	I	True	('E', 'G#', 'B')	E	E	0.0	major triad	(4, 8, 11)	E	E	1	None
195.0	195	1.0	1	66.0	G#4	68.0	True	Violoncello	1	66.0	3.0	135.0	I	True	('E', 'G#', 'B')	E	E	0.0	major triad	(4, 8, 11)	E	E	1	None
196.5	393/2	1.0	1	66.0	E4	64.0	True	Violoncello	1	66.0	3.0	135.0	I	False	('E', 'G#', 'B')	E	E	0.0	major triad	(4, 8, 11)	E	E	1	None
197.5	395/2	0.5	1/2	66.0	E4	64.0	True	Violoncello	1	66.0	3.0	135.0	I	False	('E', 'G#', 'B')	E	E	0.0	major triad	(4, 8, 11)	E	E	1	None
198.0	198	1.0	1	67.0	E4	64.0	True	Violoncello	1	67.0	3.0	136.0	I	True	('E', 'G#', 'B')	E	E	0.0	major triad	(4, 8, 11)	E	E	1	None
199.0	199	0.5	1/2	67.0	E4	64.0	True	Violoncello	1	67.0	3.0	136.0	I	False	('E', 'G#', 'B')	E	E	0.0	major triad	(4, 8, 11)	E	E	1	None
199.5	399/2	1.0	1	67.0	E4	64.0	True	Violoncello	1	67.0	3.0	136.0	I	False	('E', 'G#', 'B')	E	E	0.0	major triad	(4, 8, 11)	E	E	1	None
200.5	401/2	0.5	1/2	67.0	E4	64.0	True	Violoncello	1	67.0	3.0	136.0	I	False	('E', 'G#', 'B')	E	E	0.0	major triad	(4, 8, 11)	E	E	1	None
201.0	201	1.5	3/2	68.0	F#5	78.0	True	Violoncello	1	68.0	2.0	137.0	V7/IV	True	('D', 'E', 'G#', 'B')	D	E	3.0	dominant seventh chord	(2, 4, 8, 11)	E	A	5	4
201.0	201	1.5	3/2	68.0	E4	64.0	True	Violoncello	1	68.0	2.0	137.0	V7/IV	True	('D', 'E', 'G#', 'B')	D	E	3.0	dominant seventh chord	(2, 4, 8, 11)	E	A	5	4
201.0	201	1.5	3/2	68.0	D4	62.0	True	Violoncello	1	68.0	2.0	137.0	V7/IV	True	('D', 'E', 'G#', 'B')	D	E	3.0	dominant seventh chord	(2, 4, 8, 11)	E	A	5	4
201.0	201	1.5	3/2	68.0	G#4	68.0	True	Violoncello	1	68.0	2.0	137.0	V7/IV	True	('D', 'E', 'G#', 'B')	D	E	3.0	dominant seventh chord	(2, 4, 8, 11)	E	A	5	4
202.5	405/2	0.5	1/2	68.0	F#5	78.0	False	Violoncello	1	68.0	2.0	137.0	V7/IV	False	('D', 'E', 'G#', 'B')	D	E	3.0	dominant seventh chord	(2, 4, 8, 11)	E	A	5	4
202.5	405/2	0.5	1/2	68.0	G#4	68.0	False	Violoncello	1	68.0	2.0	137.0	V7/IV	False	('D', 'E', 'G#', 'B')	D	E	3.0	dominant seventh chord	(2, 4, 8, 11)	E	A	5	4
202.5	405/2	0.5	1/2	68.0	E4	64.0	False	Violoncello	1	68.0	2.0	137.0	V7/IV	False	('D', 'E', 'G#', 'B')	D	E	3.0	dominant seventh chord	(2, 4, 8, 11)	E	A	5	4
202.5	405/2	0.5	1/2	68.0	D4	62.0	False	Violoncello	1	68.0	2.0	137.0	V7/IV	False	('D', 'E', 'G#', 'B')	D	E	3.0	dominant seventh chord	(2, 4, 8, 11)	E	A	5	4
203.0	203	0.5	1/2	68.0	C#4	61.0	True	Violoncello	1	68.0	0.5	138.0	IV	True	('C#', 'E', 'A')	C#	A	1.0	major triad	(1, 4, 9)	E	E	4	None
203.0	203	0.5	1/2	68.0	A4	69.0	True	Violoncello	1	68.0	0.5	138.0	IV	True	('C#', 'E', 'A')	C#	A	1.0	major triad	(1, 4, 9)	E	E	4	None
203.0	203	0.5	1/2	68.0	E5	76.0	True	Violoncello	1	68.0	0.5	138.0	IV	True	('C#', 'E', 'A')	C#	A	1.0	major triad	(1, 4, 9)	E	E	4	None
203.0	203	0.5	1/2	68.0	E4	64.0	True	Violoncello	1	68.0	0.5	138.0	IV	True	('C#', 'E', 'A')	C#	A	1.0	major triad	(1, 4, 9)	E	E	4	None
203.5	407/2	0.5	1/2	68.0	D5	74.0	True	Violoncello	1	68.0	0.5	139.0	V7/IV	True	('G#', 'B', 'D', 'E')	G#	E	1.0	dominant seventh chord	(2, 4, 8, 11)	E	A	5	4
203.5	407/2	0.5	1/2	68.0	B4	71.0	True	Violoncello	1	68.0	0.5	139.0	V7/IV	True	('G#', 'B', 'D', 'E')	G#	E	1.0	dominant seventh chord	(2, 4, 8, 11)	E	A	5	4
203.5	407/2	0.5	1/2	68.0	E4	64.0	True	Violoncello	1	68.0	0.5	139.0	V7/IV	True	('G#', 'B', 'D', 'E')	G#	E	1.0	dominant seventh chord	(2, 4, 8, 11)	E	A	5	4
203.5	407/2	0.5	1/2	68.0	G#3	56.0	True	Violoncello	1	68.0	0.5	139.0	V7/IV	True	('G#', 'B', 'D', 'E')	G#	E	1.0	dominant seventh chord	(2, 4, 8, 11)	E	A	5	4
204.0	204	0.5	1/2	69.0	C#5	73.0	True	Violoncello	1	69.0	0.5	140.0	IV	True	('A', 'C#', 'E')	A	A	0.0	major triad	(1, 4, 9)	E	E	4	None
204.0	204	0.5	1/2	69.0	C#5	73.0	True	Violoncello	1	69.0	0.5	140.0	IV	True	('A', 'C#', 'E')	A	A	0.0	major triad	(1, 4, 9)	E	E	4	None
204.0	204	0.5	1/2	69.0	E4	64.0	True	Violoncello	1	69.0	0.5	140.0	IV	True	('A', 'C#', 'E')	A	A	0.0	major triad	(1, 4, 9)	E	E	4	None
204.0	204	0.5	1/2	69.0	A3	57.0	True	Violoncello	1	69.0	0.5	140.0	IV	True	('A', 'C#', 'E')	A	A	0.0	major triad	(1, 4, 9)	E	E	4	None
204.5	409/2	0.5	1/2	69.0	B4	71.0	True	Violoncello	1	69.0	0.5	141.0	V7/ii	True	('G#', 'B', 'C#', 'E#')	G#	C#	2.0	dominant seventh chord	(1, 5, 8, 11)	E	f#	5	2
204.5	409/2	0.5	1/2	69.0	E#4	65.0	True	Violoncello	1	69.0	0.5	141.0	V7/ii	True	('G#', 'B', 'C#', 'E#')	G#	C#	2.0	dominant seventh chord	(1, 5, 8, 11)	E	f#	5	2
204.5	409/2	0.5	1/2	69.0	C#4	61.0	True	Violoncello	1	69.0	0.5	141.0	V7/ii	True	('G#', 'B', 'C#', 'E#')	G#	C#	2.0	dominant seventh chord	(1, 5, 8, 11)	E	f#	5	2
204.5	409/2	0.5	1/2	69.0	G#3	56.0	True	Violoncello	1	69.0	0.5	141.0	V7/ii	True	('G#', 'B', 'C#', 'E#')	G#	C#	2.0	dominant seventh chord	(1, 5, 8, 11)	E	f#	5	2
205.0	205	0.5	1/2	69.0	F#3	54.0	True	Violoncello	1	69.0	0.5	142.0	ii	True	('F#', 'A', 'C#')	F#	F#	0.0	minor triad	(1, 6, 9)	E	E	2	None
205.0	205	0.5	1/2	69.0	C#4	61.0	True	Violoncello	1	69.0	0.5	142.0	ii	True	('F#', 'A', 'C#')	F#	F#	0.0	minor triad	(1, 6, 9)	E	E	2	None
205.0	205	0.5	1/2	69.0	A4	69.0	True	Violoncello	1	69.0	0.5	142.0	ii	True	('F#', 'A', 'C#')	F#	F#	0.0	minor triad	(1, 6, 9)	E	E	2	None
205.0	205	0.5	1/2	69.0	F#4	66.0	True	Violoncello	1	69.0	0.5	142.0	ii	True	('F#', 'A', 'C#')	F#	F#	0.0	minor triad	(1, 6, 9)	E	E	2	None
205.5	411/2	0.5	1/2	69.0	E4	64.0	True	Violoncello	1	69.0	0.5	143.0	I	True	('B', 'E', 'G#')	B	E	2.0	major triad	(4, 8, 11)	E	E	1	None
205.5	411/2	0.5	1/2	69.0	B3	59.0	True	Violoncello	1	69.0	0.5	143.0	I	True	('B', 'E', 'G#')	B	E	2.0	major triad	(4, 8, 11)	E	E	1	None
205.5	411/2	0.5	1/2	69.0	G#4	68.0	True	Violoncello	1	69.0	0.5	143.0	I	True	('B', 'E', 'G#')	B	E	2.0	major triad	(4, 8, 11)	E	E	1	None
205.5	411/2	0.5	1/2	69.0	B3	59.0	True	Violoncello	1	69.0	0.5	143.0	I	True	('B', 'E', 'G#')	B	E	2.0	major triad	(4, 8, 11)	E	E	1	None
206.0	206	0.5	1/2	69.0	B3	59.0	True	Violoncello	1	69.0	1.0	144.0	V7	True	('B', 'D#', 'F#', 'A')	B	B	0.0	dominant seventh chord	(3, 6, 9, 11)	E	E	5	None
206.0	206	0.5	1/2	69.0	A4	69.0	True	Violoncello	1	69.0	1.0	144.0	V7	True	('B', 'D#', 'F#', 'A')	B	B	0.0	dominant seventh chord	(3, 6, 9, 11)	E	E	5	None
206.0	206	0.5	1/2	69.0	F#4	66.0	True	Violoncello	1	69.0	1.0	144.0	V7	True	('B', 'D#', 'F#', 'A')	B	B	0.0	dominant seventh chord	(3, 6, 9, 11)	E	E	5	None
206.0	206	0.5	1/2	69.0	B3	59.0	True	Violoncello	1	69.0	1.0	144.0	V7	True	('B', 'D#', 'F#', 'A')	B	B	0.0	dominant seventh chord	(3, 6, 9, 11)	E	E	5	None
206.5	413/2	0.5	1/2	69.0	F#4	66.0	True	Violoncello	1	69.0	1.0	144.0	V7	False	('B', 'D#', 'F#', 'A')	B	B	0.0	dominant seventh chord	(3, 6, 9, 11)	E	E	5	None
206.5	413/2	0.5	1/2	69.0	D#4	63.0	True	Violoncello	1	69.0	1.0	144.0	V7	False	('B', 'D#', 'F#', 'A')	B	B	0.0	dominant seventh chord	(3, 6, 9, 11)	E	E	5	None
206.5	413/2	0.5	1/2	69.0	B3	59.0	True	Violoncello	1	69.0	1.0	144.0	V7	False	('B', 'D#', 'F#', 'A')	B	B	0.0	dominant seventh chord	(3, 6, 9, 11)	E	E	5	None
206.5	413/2	0.5	1/2	69.0	B2	47.0	True	Violoncello	1	69.0	1.0	144.0	V7	False	('B', 'D#', 'F#', 'A')	B	B	0.0	dominant seventh chord	(3, 6, 9, 11)	E	E	5	None
207.0	207	0.5	1/2	70.0	F#4	66.0	True	Violoncello	1	70.0	3.0	145.0	I	True	('E', 'G#', 'B')	E	E	0.0	major triad	(4, 8, 11)	E	E	1	None
207.0	207	1.0	1	70.0	E4	64.0	True	Violoncello	1	70.0	3.0	145.0	I	True	('E', 'G#', 'B')	E	E	0.0	major triad	(4, 8, 11)	E	E	1	None
207.0	207	1.0	1	70.0	B3	59.0	True	Violoncello	1	70.0	3.0	145.0	I	True	('E', 'G#', 'B')	E	E	0.0	major triad	(4, 8, 11)	E	E	1	None
207.0	207	1.0	1	70.0	E3	52.0	True	Violoncello	1	70.0	3.0	145.0	I	True	('E', 'G#', 'B')	E	E	0.0	major triad	(4, 8, 11)	E	E	1	None
207.5	415/2	0.5	1/2	70.0	G#4	68.0	True	Violoncello	1	70.0	3.0	145.0	I	False	('E', 'G#', 'B')	E	E	0.0	major triad	(4, 8, 11)	E	E	1	None
208.0	208	0.5	1/2	70.0	E4	64.0	True	Violoncello	1	70.0	3.0	145.0	I	False	('E', 'G#', 'B')	E	E	0.0	major triad	(4, 8, 11)	E	E	1	None
208.5	417/2	1.0	1	70.0	E4	64.0	True	Violoncello	1	70.0	3.0	145.0	I	False	('E', 'G#', 'B')	E	E	0.0	major triad	(4, 8, 11)	E	E	1	None
208.5	417/2	1.0	1	70.0	E3	52.0	True	Violoncello	1	70.0	3.0	145.0	I	False	('E', 'G#', 'B')	E	E	0.0	major triad	(4, 8, 11)	E	E	1	None
208.5	417/2	1.0	1	70.0	E3	52.0	True	Violoncello	1	70.0	3.0	145.0	I	False	('E', 'G#', 'B')	E	E	0.0	major triad	(4, 8, 11)	E	E	1	None
208.5	417/2	1.0	1	70.0	E4	64.0	True	Violoncello	1	70.0	3.0	145.0	I	False	('E', 'G#', 'B')	E	E	0.0	major triad	(4, 8, 11)	E	E	1	None
209.5	419/2	0.5	1/2	70.0	E4	64.0	True	Violoncello	1	70.0	3.0	145.0	I	False	('E', 'G#', 'B')	E	E	0.0	major triad	(4, 8, 11)	E	E	1	None
209.5	419/2	0.5	1/2	70.0	E4	64.0	True	Violoncello	1	70.0	3.0	145.0	I	False	('E', 'G#', 'B')	E	E	0.0	major triad	(4, 8, 11)	E	E	1	None
209.5	419/2	0.5	1/2	70.0	E3	52.0	True	Violoncello	1	70.0	3.0	145.0	I	False	('E', 'G#', 'B')	E	E	0.0	major triad	(4, 8, 11)	E	E	1	None
209.5	419/2	0.5	1/2	70.0	E3	52.0	True	Violoncello	1	70.0	3.0	145.0	I	False	('E', 'G#', 'B')	E	E	0.0	major triad	(4, 8, 11)	E	E	1	None
210.0	210	1.0	1	71.0	E4	64.0	True	Violoncello	1	71.0	3.0	146.0	I	True	('E', 'G#', 'B')	E	E	0.0	major triad	(4, 8, 11)	E	E	1	None
210.0	210	1.0	1	71.0	E4	64.0	True	Violoncello	1	71.0	3.0	146.0	I	True	('E', 'G#', 'B')	E	E	0.0	major triad	(4, 8, 11)	E	E	1	None
210.0	210	1.0	1	71.0	E3	52.0	True	Violoncello	1	71.0	3.0	146.0	I	True	('E', 'G#', 'B')	E	E	0.0	major triad	(4, 8, 11)	E	E	1	None
210.0	210	1.0	1	71.0	E3	52.0	True	Violoncello	1	71.0	3.0	146.0	I	True	('E', 'G#', 'B')	E	E	0.0	major triad	(4, 8, 11)	E	E	1	None
211.0	211	0.5	1/2	71.0	E3	52.0	True	Violoncello	1	71.0	3.0	146.0	I	False	('E', 'G#', 'B')	E	E	0.0	major triad	(4, 8, 11)	E	E	1	None
211.0	211	0.5	1/2	71.0	E3	52.0	True	Violoncello	1	71.0	3.0	146.0	I	False	('E', 'G#', 'B')	E	E	0.0	major triad	(4, 8, 11)	E	E	1	None
211.0	211	0.5	1/2	71.0	E4	64.0	True	Violoncello	1	71.0	3.0	146.0	I	False	('E', 'G#', 'B')	E	E	0.0	major triad	(4, 8, 11)	E	E	1	None
211.0	211	0.5	1/2	71.0	E4	64.0	True	Violoncello	1	71.0	3.0	146.0	I	False	('E', 'G#', 'B')	E	E	0.0	major triad	(4, 8, 11)	E	E	1	None
211.5	423/2	1.0	1	71.0	E4	64.0	True	Violoncello	1	71.0	3.0	146.0	I	False	('E', 'G#', 'B')	E	E	0.0	major triad	(4, 8, 11)	E	E	1	None
211.5	423/2	1.0	1	71.0	E4	64.0	True	Violoncello	1	71.0	3.0	146.0	I	False	('E', 'G#', 'B')	E	E	0.0	major triad	(4, 8, 11)	E	E	1	None
211.5	423/2	1.0	1	71.0	E3	52.0	True	Violoncello	1	71.0	3.0	146.0	I	False	('E', 'G#', 'B')	E	E	0.0	major triad	(4, 8, 11)	E	E	1	None
211.5	423/2	1.0	1	71.0	E3	52.0	True	Violoncello	1	71.0	3.0	146.0	I	False	('E', 'G#', 'B')	E	E	0.0	major triad	(4, 8, 11)	E	E	1	None
212.5	425/2	0.5	1/2	71.0	E4	64.0	True	Violoncello	1	71.0	3.0	146.0	I	False	('E', 'G#', 'B')	E	E	0.0	major triad	(4, 8, 11)	E	E	1	None
212.5	425/2	0.5	1/2	71.0	E4	64.0	True	Violoncello	1	71.0	3.0	146.0	I	False	('E', 'G#', 'B')	E	E	0.0	major triad	(4, 8, 11)	E	E	1	None
212.5	425/2	0.5	1/2	71.0	E3	52.0	True	Violoncello	1	71.0	3.0	146.0	I	False	('E', 'G#', 'B')	E	E	0.0	major triad	(4, 8, 11)	E	E	1	None
212.5	425/2	0.5	1/2	71.0	E3	52.0	True	Violoncello	1	71.0	3.0	146.0	I	False	('E', 'G#', 'B')	E	E	0.0	major triad	(4, 8, 11)	E	E	1	None
213.0	213	1.5	3/2	72.0	D6	86.0	True	Violoncello	1	72.0	3.0	147.0	V7/ii	True	('E#', 'G#', 'B', 'C#')	E#	C#	1.0	dominant seventh chord	(1, 5, 8, 11)	E	f#	5	2
213.0	213	1.5	3/2	72.0	D5	74.0	True	Violoncello	1	72.0	3.0	147.0	V7/ii	True	('E#', 'G#', 'B', 'C#')	E#	C#	1.0	dominant seventh chord	(1, 5, 8, 11)	E	f#	5	2
213.0	213	1.5	3/2	72.0	G#4	68.0	True	Violoncello	1	72.0	3.0	147.0	V7/ii	True	('E#', 'G#', 'B', 'C#')	E#	C#	1.0	dominant seventh chord	(1, 5, 8, 11)	E	f#	5	2
213.0	213	1.5	3/2	72.0	E#3	53.0	True	Violoncello	1	72.0	3.0	147.0	V7/ii	True	('E#', 'G#', 'B', 'C#')	E#	C#	1.0	dominant seventh chord	(1, 5, 8, 11)	E	f#	5	2
214.5	429/2	0.5	1/2	72.0	E#3	53.0	False	Violoncello	1	72.0	3.0	147.0	V7/ii	False	('E#', 'G#', 'B', 'C#')	E#	C#	1.0	dominant seventh chord	(1, 5, 8, 11)	E	f#	5	2
214.5	429/2	0.5	1/2	72.0	D5	74.0	False	Violoncello	1	72.0	3.0	147.0	V7/ii	False	('E#', 'G#', 'B', 'C#')	E#	C#	1.0	dominant seventh chord	(1, 5, 8, 11)	E	f#	5	2
214.5	429/2	0.5	1/2	72.0	D6	86.0	False	Violoncello	1	72.0	3.0	147.0	V7/ii	False	('E#', 'G#', 'B', 'C#')	E#	C#	1.0	dominant seventh chord	(1, 5, 8, 11)	E	f#	5	2
214.5	429/2	0.5	1/2	72.0	G#4	68.0	False	Violoncello	1	72.0	3.0	147.0	V7/ii	False	('E#', 'G#', 'B', 'C#')	E#	C#	1.0	dominant seventh chord	(1, 5, 8, 11)	E	f#	5	2
215.0	215	0.5	1/2	72.0	C#6	85.0	True	Violoncello	1	72.0	3.0	147.0	V7/ii	False	('E#', 'G#', 'B', 'C#')	E#	C#	1.0	dominant seventh chord	(1, 5, 8, 11)	E	f#	5	2
215.0	215	0.5	1/2	72.0	C#5	73.0	True	Violoncello	1	72.0	3.0	147.0	V7/ii	False	('E#', 'G#', 'B', 'C#')	E#	C#	1.0	dominant seventh chord	(1, 5, 8, 11)	E	f#	5	2
215.0	215	0.5	1/2	72.0	G#4	68.0	True	Violoncello	1	72.0	3.0	147.0	V7/ii	False	('E#', 'G#', 'B', 'C#')	E#	C#	1.0	dominant seventh chord	(1, 5, 8, 11)	E	f#	5	2
215.0	215	0.5	1/2	72.0	E#3	53.0	True	Violoncello	1	72.0	3.0	147.0	V7/ii	False	('E#', 'G#', 'B', 'C#')	E#	C#	1.0	dominant seventh chord	(1, 5, 8, 11)	E	f#	5	2
215.5	431/2	0.5	1/2	72.0	B5	83.0	True	Violoncello	1	72.0	3.0	147.0	V7/ii	False	('E#', 'G#', 'B', 'C#')	E#	C#	1.0	dominant seventh chord	(1, 5, 8, 11)	E	f#	5	2
215.5	431/2	0.5	1/2	72.0	C#5	73.0	True	Violoncello	1	72.0	3.0	147.0	V7/ii	False	('E#', 'G#', 'B', 'C#')	E#	C#	1.0	dominant seventh chord	(1, 5, 8, 11)	E	f#	5	2
215.5	431/2	0.5	1/2	72.0	G#4	68.0	True	Violoncello	1	72.0	3.0	147.0	V7/ii	False	('E#', 'G#', 'B', 'C#')	E#	C#	1.0	dominant seventh chord	(1, 5, 8, 11)	E	f#	5	2
215.5	431/2	0.5	1/2	72.0	E#3	53.0	True	Violoncello	1	72.0	3.0	147.0	V7/ii	False	('E#', 'G#', 'B', 'C#')	E#	C#	1.0	dominant seventh chord	(1, 5, 8, 11)	E	f#	5	2
216.0	216	0.5	1/2	73.0	A5	81.0	True	Violoncello	1	73.0	1.0	148.0	ii	True	('F#', 'A', 'C#')	F#	F#	0.0	minor triad	(1, 6, 9)	E	E	2	None
216.0	216	0.5	1/2	73.0	C#5	73.0	True	Violoncello	1	73.0	1.0	148.0	ii	True	('F#', 'A', 'C#')	F#	F#	0.0	minor triad	(1, 6, 9)	E	E	2	None
216.0	216	0.5	1/2	73.0	C#4	61.0	True	Violoncello	1	73.0	1.0	148.0	ii	True	('F#', 'A', 'C#')	F#	F#	0.0	minor triad	(1, 6, 9)	E	E	2	None
216.0	216	0.5	1/2	73.0	F#3	54.0	True	Violoncello	1	73.0	1.0	148.0	ii	True	('F#', 'A', 'C#')	F#	F#	0.0	minor triad	(1, 6, 9)	E	E	2	None
216.5	433/2	0.5	1/2	73.0	G#3	56.0	True	Violoncello	1	73.0	1.0	148.0	ii	False	('F#', 'A', 'C#')	F#	F#	0.0	minor triad	(1, 6, 9)	E	E	2	None
216.5	433/2	0.5	1/2	73.0	C#4	61.0	True	Violoncello	1	73.0	1.0	148.0	ii	False	('F#', 'A', 'C#')	F#	F#	0.0	minor triad	(1, 6, 9)	E	E	2	None
216.5	433/2	0.5	1/2	73.0	G#5	80.0	True	Violoncello	1	73.0	1.0	148.0	ii	False	('F#', 'A', 'C#')	F#	F#	0.0	minor triad	(1, 6, 9)	E	E	2	None
216.5	433/2	0.5	1/2	73.0	B4	71.0	True	Violoncello	1	73.0	1.0	148.0	ii	False	('F#', 'A', 'C#')	F#	F#	0.0	minor triad	(1, 6, 9)	E	E	2	None
217.0	217	0.5	1/2	73.0	A4	69.0	True	Violoncello	1	73.0	0.5	149.0	ii	True	('A', 'C#', 'F#')	A	F#	1.0	minor triad	(1, 6, 9)	E	E	2	None
217.0	217	0.5	1/2	73.0	A3	57.0	True	Violoncello	1	73.0	0.5	149.0	ii	True	('A', 'C#', 'F#')	A	F#	1.0	minor triad	(1, 6, 9)	E	E	2	None
217.0	217	0.5	1/2	73.0	F#5	78.0	True	Violoncello	1	73.0	0.5	149.0	ii	True	('A', 'C#', 'F#')	A	F#	1.0	minor triad	(1, 6, 9)	E	E	2	None
217.0	217	0.5	1/2	73.0	C#4	61.0	True	Violoncello	1	73.0	0.5	149.0	ii	True	('A', 'C#', 'F#')	A	F#	1.0	minor triad	(1, 6, 9)	E	E	2	None
217.5	435/2	0.5	1/2	73.0	E5	76.0	True	Violoncello	1	73.0	0.5	150.0	I	True	('B', 'E', 'G#')	B	E	2.0	major triad	(4, 8, 11)	E	E	1	None
217.5	435/2	0.5	1/2	73.0	G#4	68.0	True	Violoncello	1	73.0	0.5	150.0	I	True	('B', 'E', 'G#')	B	E	2.0	major triad	(4, 8, 11)	E	E	1	None
217.5	435/2	0.5	1/2	73.0	B3	59.0	True	Violoncello	1	73.0	0.5	150.0	I	True	('B', 'E', 'G#')	B	E	2.0	major triad	(4, 8, 11)	E	E	1	None
217.5	435/2	0.5	1/2	73.0	B3	59.0	True	Violoncello	1	73.0	0.5	150.0	I	True	('B', 'E', 'G#')	B	E	2.0	major triad	(4, 8, 11)	E	E	1	None
218.0	218	0.5	1/2	73.0	F#5	78.0	True	Violoncello	1	73.0	1.0	151.0	V7	True	('B', 'D#', 'F#', 'A')	B	B	0.0	dominant seventh chord	(3, 6, 9, 11)	E	E	5	None
218.0	218	0.5	1/2	73.0	A4	69.0	True	Violoncello	1	73.0	1.0	151.0	V7	True	('B', 'D#', 'F#', 'A')	B	B	0.0	dominant seventh chord	(3, 6, 9, 11)	E	E	5	None
218.0	218	0.5	1/2	73.0	B3	59.0	True	Violoncello	1	73.0	1.0	151.0	V7	True	('B', 'D#', 'F#', 'A')	B	B	0.0	dominant seventh chord	(3, 6, 9, 11)	E	E	5	None
218.0	218	0.5	1/2	73.0	B3	59.0	True	Violoncello	1	73.0	1.0	151.0	V7	True	('B', 'D#', 'F#', 'A')	B	B	0.0	dominant seventh chord	(3, 6, 9, 11)	E	E	5	None
218.5	437/2	0.5	1/2	73.0	B3	59.0	True	Violoncello	1	73.0	1.0	151.0	V7	False	('B', 'D#', 'F#', 'A')	B	B	0.0	dominant seventh chord	(3, 6, 9, 11)	E	E	5	None
218.5	437/2	0.5	1/2	73.0	B2	47.0	True	Violoncello	1	73.0	1.0	151.0	V7	False	('B', 'D#', 'F#', 'A')	B	B	0.0	dominant seventh chord	(3, 6, 9, 11)	E	E	5	None
218.5	437/2	0.5	1/2	73.0	D#5	75.0	True	Violoncello	1	73.0	1.0	151.0	V7	False	('B', 'D#', 'F#', 'A')	B	B	0.0	dominant seventh chord	(3, 6, 9, 11)	E	E	5	None
218.5	437/2	0.5	1/2	73.0	A4	69.0	True	Violoncello	1	73.0	1.0	151.0	V7	False	('B', 'D#', 'F#', 'A')	B	B	0.0	dominant seventh chord	(3, 6, 9, 11)	E	E	5	None
219.0	219	0.5	1/2	74.0	G#4	68.0	True	Violoncello	1	74.0	1.5	152.0	I	True	('E', 'G#', 'B')	E	E	0.0	major triad	(4, 8, 11)	E	E	1	None
219.0	219	0.5	1/2	74.0	B3	59.0	True	Violoncello	1	74.0	1.5	152.0	I	True	('E', 'G#', 'B')	E	E	0.0	major triad	(4, 8, 11)	E	E	1	None
219.0	219	1.0	1	74.0	E2	40.0	True	Violoncello	1	74.0	1.5	152.0	I	True	('E', 'G#', 'B')	E	E	0.0	major triad	(4, 8, 11)	E	E	1	None
219.0	219	0.25	1/4	74.0	E5	76.0	True	Violoncello	1	74.0	1.5	152.0	I	True	('E', 'G#', 'B')	E	E	0.0	major triad	(4, 8, 11)	E	E	1	None
219.25	877/4	0.25	1/4	74.0	G#5	80.0	True	Violoncello	1	74.0	1.5	152.0	I	False	('E', 'G#', 'B')	E	E	0.0	major triad	(4, 8, 11)	E	E	1	None
219.5	439/2	0.25	1/4	74.0	B5	83.0	True	Violoncello	1	74.0	1.5	152.0	I	False	('E', 'G#', 'B')	E	E	0.0	major triad	(4, 8, 11)	E	E	1	None
219.5	439/2	0.5	1/2	74.0	G#3	56.0	True	Violoncello	1	74.0	1.5	152.0	I	False	('E', 'G#', 'B')	E	E	0.0	major triad	(4, 8, 11)	E	E	1	None
219.5	439/2	0.5	1/2	74.0	E3	52.0	True	Violoncello	1	74.0	1.5	152.0	I	False	('E', 'G#', 'B')	E	E	0.0	major triad	(4, 8, 11)	E	E	1	None
219.75	879/4	0.25	1/4	74.0	G#5	80.0	True	Violoncello	1	74.0	1.5	152.0	I	False	('E', 'G#', 'B')	E	E	0.0	major triad	(4, 8, 11)	E	E	1	None
220.0	220	0.25	1/4	74.0	B5	83.0	True	Violoncello	1	74.0	1.5	152.0	I	False	('E', 'G#', 'B')	E	E	0.0	major triad	(4, 8, 11)	E	E	1	None
220.0	220	0.5	1/2	74.0	B3	59.0	True	Violoncello	1	74.0	1.5	152.0	I	False	('E', 'G#', 'B')	E	E	0.0	major triad	(4, 8, 11)	E	E	1	None
220.0	220	0.5	1/2	74.0	G#3	56.0	True	Violoncello	1	74.0	1.5	152.0	I	False	('E', 'G#', 'B')	E	E	0.0	major triad	(4, 8, 11)	E	E	1	None
220.25	881/4	0.25	1/4	74.0	G#5	80.0	True	Violoncello	1	74.0	1.5	152.0	I	False	('E', 'G#', 'B')	E	E	0.0	major triad	(4, 8, 11)	E	E	1	None
220.5	441/2	1.0	1	74.0	B2	47.0	True	Violoncello	1	74.0	1.5	153.0	V7	True	('B', 'D#', 'F#', 'A')	B	B	0.0	dominant seventh chord	(3, 6, 9, 11)	E	E	5	None
220.5	441/2	0.25	1/4	74.0	A5	81.0	True	Violoncello	1	74.0	1.5	153.0	V7	True	('B', 'D#', 'F#', 'A')	B	B	0.0	dominant seventh chord	(3, 6, 9, 11)	E	E	5	None
220.75	883/4	0.25	1/4	74.0	F#5	78.0	True	Violoncello	1	74.0	1.5	153.0	V7	False	('B', 'D#', 'F#', 'A')	B	B	0.0	dominant seventh chord	(3, 6, 9, 11)	E	E	5	None
221.0	221	0.5	1/2	74.0	A3	57.0	True	Violoncello	1	74.0	1.5	153.0	V7	False	('B', 'D#', 'F#', 'A')	B	B	0.0	dominant seventh chord	(3, 6, 9, 11)	E	E	5	None
221.0	221	0.5	1/2	74.0	F#3	54.0	True	Violoncello	1	74.0	1.5	153.0	V7	False	('B', 'D#', 'F#', 'A')	B	B	0.0	dominant seventh chord	(3, 6, 9, 11)	E	E	5	None
221.0	221	0.25	1/4	74.0	D#5	75.0	True	Violoncello	1	74.0	1.5	153.0	V7	False	('B', 'D#', 'F#', 'A')	B	B	0.0	dominant seventh chord	(3, 6, 9, 11)	E	E	5	None
221.25	885/4	0.25	1/4	74.0	B4	71.0	True	Violoncello	1	74.0	1.5	153.0	V7	False	('B', 'D#', 'F#', 'A')	B	B	0.0	dominant seventh chord	(3, 6, 9, 11)	E	E	5	None
221.5	443/2	0.25	1/4	74.0	A4	69.0	True	Violoncello	1	74.0	1.5	153.0	V7	False	('B', 'D#', 'F#', 'A')	B	B	0.0	dominant seventh chord	(3, 6, 9, 11)	E	E	5	None
221.5	443/2	0.5	1/2	74.0	B3	59.0	True	Violoncello	1	74.0	1.5	153.0	V7	False	('B', 'D#', 'F#', 'A')	B	B	0.0	dominant seventh chord	(3, 6, 9, 11)	E	E	5	None
221.5	443/2	0.5	1/2	74.0	A3	57.0	True	Violoncello	1	74.0	1.5	153.0	V7	False	('B', 'D#', 'F#', 'A')	B	B	0.0	dominant seventh chord	(3, 6, 9, 11)	E	E	5	None
221.75	887/4	0.25	1/4	74.0	F#4	66.0	True	Violoncello	1	74.0	1.5	153.0	V7	False	('B', 'D#', 'F#', 'A')	B	B	0.0	dominant seventh chord	(3, 6, 9, 11)	E	E	5	None
222.0	222	0.25	1/4	75.0	E4	64.0	True	Violoncello	1	75.0	1.5	154.0	I	True	('E', 'G#', 'B')	E	E	0.0	major triad	(4, 8, 11)	E	E	1	None
222.0	222	1.0	1	75.0	E3	52.0	True	Violoncello	1	75.0	1.5	154.0	I	True	('E', 'G#', 'B')	E	E	0.0	major triad	(4, 8, 11)	E	E	1	None
222.25	889/4	0.25	1/4	75.0	G#4	68.0	True	Violoncello	1	75.0	1.5	154.0	I	False	('E', 'G#', 'B')	E	E	0.0	major triad	(4, 8, 11)	E	E	1	None
222.5	445/2	0.25	1/4	75.0	B4	71.0	True	Violoncello	1	75.0	1.5	154.0	I	False	('E', 'G#', 'B')	E	E	0.0	major triad	(4, 8, 11)	E	E	1	None
222.5	445/2	0.5	1/2	75.0	E4	64.0	True	Violoncello	1	75.0	1.5	154.0	I	False	('E', 'G#', 'B')	E	E	0.0	major triad	(4, 8, 11)	E	E	1	None
222.5	445/2	0.5	1/2	75.0	G#3	56.0	True	Violoncello	1	75.0	1.5	154.0	I	False	('E', 'G#', 'B')	E	E	0.0	major triad	(4, 8, 11)	E	E	1	None
222.75	891/4	0.25	1/4	75.0	E5	76.0	True	Violoncello	1	75.0	1.5	154.0	I	False	('E', 'G#', 'B')	E	E	0.0	major triad	(4, 8, 11)	E	E	1	None
223.0	223	0.5	1/2	75.0	G#4	68.0	True	Violoncello	1	75.0	1.5	154.0	I	False	('E', 'G#', 'B')	E	E	0.0	major triad	(4, 8, 11)	E	E	1	None
223.0	223	0.5	1/2	75.0	B3	59.0	True	Violoncello	1	75.0	1.5	154.0	I	False	('E', 'G#', 'B')	E	E	0.0	major triad	(4, 8, 11)	E	E	1	None
223.0	223	0.25	1/4	75.0	G#5	80.0	True	Violoncello	1	75.0	1.5	154.0	I	False	('E', 'G#', 'B')	E	E	0.0	major triad	(4, 8, 11)	E	E	1	None
223.25	893/4	0.25	1/4	75.0	E5	76.0	True	Violoncello	1	75.0	1.5	154.0	I	False	('E', 'G#', 'B')	E	E	0.0	major triad	(4, 8, 11)	E	E	1	None
223.5	447/2	0.25	1/4	75.0	D#5	75.0	True	Violoncello	1	75.0	1.5	155.0	V7	True	('B', 'D#', 'F#', 'A')	B	B	0.0	dominant seventh chord	(3, 6, 9, 11)	E	E	5	None
223.5	447/2	1.0	1	75.0	B2	47.0	True	Violoncello	1	75.0	1.5	155.0	V7	True	('B', 'D#', 'F#', 'A')	B	B	0.0	dominant seventh chord	(3, 6, 9, 11)	E	E	5	None
223.75	895/4	0.25	1/4	75.0	F#5	78.0	True	Violoncello	1	75.0	1.5	155.0	V7	False	('B', 'D#', 'F#', 'A')	B	B	0.0	dominant seventh chord	(3, 6, 9, 11)	E	E	5	None
224.0	224	0.25	1/4	75.0	A5	81.0	True	Violoncello	1	75.0	1.5	155.0	V7	False	('B', 'D#', 'F#', 'A')	B	B	0.0	dominant seventh chord	(3, 6, 9, 11)	E	E	5	None
224.0	224	0.5	1/2	75.0	F#4	66.0	True	Violoncello	1	75.0	1.5	155.0	V7	False	('B', 'D#', 'F#', 'A')	B	B	0.0	dominant seventh chord	(3, 6, 9, 11)	E	E	5	None
224.0	224	0.5	1/2	75.0	A3	57.0	True	Violoncello	1	75.0	1.5	155.0	V7	False	('B', 'D#', 'F#', 'A')	B	B	0.0	dominant seventh chord	(3, 6, 9, 11)	E	E	5	None
224.25	897/4	0.25	1/4	75.0	F#5	78.0	True	Violoncello	1	75.0	1.5	155.0	V7	False	('B', 'D#', 'F#', 'A')	B	B	0.0	dominant seventh chord	(3, 6, 9, 11)	E	E	5	None
224.5	449/2	0.25	1/4	75.0	A5	81.0	True	Violoncello	1	75.0	1.5	155.0	V7	False	('B', 'D#', 'F#', 'A')	B	B	0.0	dominant seventh chord	(3, 6, 9, 11)	E	E	5	None
224.5	449/2	0.5	1/2	75.0	A4	69.0	True	Violoncello	1	75.0	1.5	155.0	V7	False	('B', 'D#', 'F#', 'A')	B	B	0.0	dominant seventh chord	(3, 6, 9, 11)	E	E	5	None
224.5	449/2	0.5	1/2	75.0	B3	59.0	True	Violoncello	1	75.0	1.5	155.0	V7	False	('B', 'D#', 'F#', 'A')	B	B	0.0	dominant seventh chord	(3, 6, 9, 11)	E	E	5	None
224.75	899/4	0.25	1/4	75.0	F#5	78.0	True	Violoncello	1	75.0	1.5	155.0	V7	False	('B', 'D#', 'F#', 'A')	B	B	0.0	dominant seventh chord	(3, 6, 9, 11)	E	E	5	None
225.0	225	1.0	1	76.0	E2	40.0	True	Violoncello	1	76.0	1.5	156.0	I	True	('E', 'G#', 'B')	E	E	0.0	major triad	(4, 8, 11)	E	E	1	None
225.0	225	0.25	1/4	76.0	E5	76.0	True	Violoncello	1	76.0	1.5	156.0	I	True	('E', 'G#', 'B')	E	E	0.0	major triad	(4, 8, 11)	E	E	1	None
225.25	901/4	0.25	1/4	76.0	G#5	80.0	True	Violoncello	1	76.0	1.5	156.0	I	False	('E', 'G#', 'B')	E	E	0.0	major triad	(4, 8, 11)	E	E	1	None
225.5	451/2	0.25	1/4	76.0	B5	83.0	True	Violoncello	1	76.0	1.5	156.0	I	False	('E', 'G#', 'B')	E	E	0.0	major triad	(4, 8, 11)	E	E	1	None
225.5	451/2	0.5	1/2	76.0	G#3	56.0	True	Violoncello	1	76.0	1.5	156.0	I	False	('E', 'G#', 'B')	E	E	0.0	major triad	(4, 8, 11)	E	E	1	None
225.5	451/2	0.5	1/2	76.0	E3	52.0	True	Violoncello	1	76.0	1.5	156.0	I	False	('E', 'G#', 'B')	E	E	0.0	major triad	(4, 8, 11)	E	E	1	None
225.75	903/4	0.25	1/4	76.0	G#5	80.0	True	Violoncello	1	76.0	1.5	156.0	I	False	('E', 'G#', 'B')	E	E	0.0	major triad	(4, 8, 11)	E	E	1	None
226.0	226	0.25	1/4	76.0	B5	83.0	True	Violoncello	1	76.0	1.5	156.0	I	False	('E', 'G#', 'B')	E	E	0.0	major triad	(4, 8, 11)	E	E	1	None
226.0	226	0.5	1/2	76.0	B3	59.0	True	Violoncello	1	76.0	1.5	156.0	I	False	('E', 'G#', 'B')	E	E	0.0	major triad	(4, 8, 11)	E	E	1	None
226.0	226	0.5	1/2	76.0	G#3	56.0	True	Violoncello	1	76.0	1.5	156.0	I	False	('E', 'G#', 'B')	E	E	0.0	major triad	(4, 8, 11)	E	E	1	None
226.25	905/4	0.25	1/4	76.0	G#5	80.0	True	Violoncello	1	76.0	1.5	156.0	I	False	('E', 'G#', 'B')	E	E	0.0	major triad	(4, 8, 11)	E	E	1	None
226.5	453/2	0.25	1/4	76.0	A5	81.0	True	Violoncello	1	76.0	1.5	157.0	V7	True	('B', 'D#', 'F#', 'A')	B	B	0.0	dominant seventh chord	(3, 6, 9, 11)	E	E	5	None
226.5	453/2	1.0	1	76.0	B2	47.0	True	Violoncello	1	76.0	1.5	157.0	V7	True	('B', 'D#', 'F#', 'A')	B	B	0.0	dominant seventh chord	(3, 6, 9, 11)	E	E	5	None
226.75	907/4	0.25	1/4	76.0	F#5	78.0	True	Violoncello	1	76.0	1.5	157.0	V7	False	('B', 'D#', 'F#', 'A')	B	B	0.0	dominant seventh chord	(3, 6, 9, 11)	E	E	5	None
227.0	227	0.25	1/4	76.0	D#5	75.0	True	Violoncello	1	76.0	1.5	157.0	V7	False	('B', 'D#', 'F#', 'A')	B	B	0.0	dominant seventh chord	(3, 6, 9, 11)	E	E	5	None
227.0	227	0.5	1/2	76.0	A3	57.0	True	Violoncello	1	76.0	1.5	157.0	V7	False	('B', 'D#', 'F#', 'A')	B	B	0.0	dominant seventh chord	(3, 6, 9, 11)	E	E	5	None
227.0	227	0.5	1/2	76.0	F#3	54.0	True	Violoncello	1	76.0	1.5	157.0	V7	False	('B', 'D#', 'F#', 'A')	B	B	0.0	dominant seventh chord	(3, 6, 9, 11)	E	E	5	None
227.25	909/4	0.25	1/4	76.0	B4	71.0	True	Violoncello	1	76.0	1.5	157.0	V7	False	('B', 'D#', 'F#', 'A')	B	B	0.0	dominant seventh chord	(3, 6, 9, 11)	E	E	5	None
227.5	455/2	0.5	1/2	76.0	B3	59.0	True	Violoncello	1	76.0	1.5	157.0	V7	False	('B', 'D#', 'F#', 'A')	B	B	0.0	dominant seventh chord	(3, 6, 9, 11)	E	E	5	None
227.5	455/2	0.5	1/2	76.0	A3	57.0	True	Violoncello	1	76.0	1.5	157.0	V7	False	('B', 'D#', 'F#', 'A')	B	B	0.0	dominant seventh chord	(3, 6, 9, 11)	E	E	5	None
227.5	455/2	0.25	1/4	76.0	A4	69.0	True	Violoncello	1	76.0	1.5	157.0	V7	False	('B', 'D#', 'F#', 'A')	B	B	0.0	dominant seventh chord	(3, 6, 9, 11)	E	E	5	None
227.75	911/4	0.25	1/4	76.0	F#4	66.0	True	Violoncello	1	76.0	1.5	157.0	V7	False	('B', 'D#', 'F#', 'A')	B	B	0.0	dominant seventh chord	(3, 6, 9, 11)	E	E	5	None
228.0	228	0.25	1/4	77.0	E4	64.0	True	Violoncello	1	77.0	1.5	158.0	I	True	('E', 'G#', 'B')	E	E	0.0	major triad	(4, 8, 11)	E	E	1	None
228.0	228	1.0	1	77.0	E3	52.0	True	Violoncello	1	77.0	1.5	158.0	I	True	('E', 'G#', 'B')	E	E	0.0	major triad	(4, 8, 11)	E	E	1	None
228.25	913/4	0.25	1/4	77.0	G#4	68.0	True	Violoncello	1	77.0	1.5	158.0	I	False	('E', 'G#', 'B')	E	E	0.0	major triad	(4, 8, 11)	E	E	1	None
228.5	457/2	0.25	1/4	77.0	B4	71.0	True	Violoncello	1	77.0	1.5	158.0	I	False	('E', 'G#', 'B')	E	E	0.0	major triad	(4, 8, 11)	E	E	1	None
228.5	457/2	0.5	1/2	77.0	E4	64.0	True	Violoncello	1	77.0	1.5	158.0	I	False	('E', 'G#', 'B')	E	E	0.0	major triad	(4, 8, 11)	E	E	1	None
228.5	457/2	0.5	1/2	77.0	G#3	56.0	True	Violoncello	1	77.0	1.5	158.0	I	False	('E', 'G#', 'B')	E	E	0.0	major triad	(4, 8, 11)	E	E	1	None
228.75	915/4	0.25	1/4	77.0	E5	76.0	True	Violoncello	1	77.0	1.5	158.0	I	False	('E', 'G#', 'B')	E	E	0.0	major triad	(4, 8, 11)	E	E	1	None
229.0	229	0.25	1/4	77.0	G#5	80.0	True	Violoncello	1	77.0	1.5	158.0	I	False	('E', 'G#', 'B')	E	E	0.0	major triad	(4, 8, 11)	E	E	1	None
229.0	229	0.5	1/2	77.0	G#4	68.0	True	Violoncello	1	77.0	1.5	158.0	I	False	('E', 'G#', 'B')	E	E	0.0	major triad	(4, 8, 11)	E	E	1	None
229.0	229	0.5	1/2	77.0	B3	59.0	True	Violoncello	1	77.0	1.5	158.0	I	False	('E', 'G#', 'B')	E	E	0.0	major triad	(4, 8, 11)	E	E	1	None
229.25	917/4	0.25	1/4	77.0	E5	76.0	True	Violoncello	1	77.0	1.5	158.0	I	False	('E', 'G#', 'B')	E	E	0.0	major triad	(4, 8, 11)	E	E	1	None
229.5	459/2	1.0	1	77.0	B2	47.0	True	Violoncello	1	77.0	1.5	159.0	V7	True	('B', 'D#', 'F#', 'A')	B	B	0.0	dominant seventh chord	(3, 6, 9, 11)	E	E	5	None
229.5	459/2	0.25	1/4	77.0	D#5	75.0	True	Violoncello	1	77.0	1.5	159.0	V7	True	('B', 'D#', 'F#', 'A')	B	B	0.0	dominant seventh chord	(3, 6, 9, 11)	E	E	5	None
229.75	919/4	0.25	1/4	77.0	F#5	78.0	True	Violoncello	1	77.0	1.5	159.0	V7	False	('B', 'D#', 'F#', 'A')	B	B	0.0	dominant seventh chord	(3, 6, 9, 11)	E	E	5	None
230.0	230	0.25	1/4	77.0	A5	81.0	True	Violoncello	1	77.0	1.5	159.0	V7	False	('B', 'D#', 'F#', 'A')	B	B	0.0	dominant seventh chord	(3, 6, 9, 11)	E	E	5	None
230.0	230	0.5	1/2	77.0	F#4	66.0	True	Violoncello	1	77.0	1.5	159.0	V7	False	('B', 'D#', 'F#', 'A')	B	B	0.0	dominant seventh chord	(3, 6, 9, 11)	E	E	5	None
230.0	230	0.5	1/2	77.0	A3	57.0	True	Violoncello	1	77.0	1.5	159.0	V7	False	('B', 'D#', 'F#', 'A')	B	B	0.0	dominant seventh chord	(3, 6, 9, 11)	E	E	5	None
230.25	921/4	0.25	1/4	77.0	F#5	78.0	True	Violoncello	1	77.0	1.5	159.0	V7	False	('B', 'D#', 'F#', 'A')	B	B	0.0	dominant seventh chord	(3, 6, 9, 11)	E	E	5	None
230.5	461/2	0.25	1/4	77.0	A5	81.0	True	Violoncello	1	77.0	1.5	159.0	V7	False	('B', 'D#', 'F#', 'A')	B	B	0.0	dominant seventh chord	(3, 6, 9, 11)	E	E	5	None
230.5	461/2	0.5	1/2	77.0	A4	69.0	True	Violoncello	1	77.0	1.5	159.0	V7	False	('B', 'D#', 'F#', 'A')	B	B	0.0	dominant seventh chord	(3, 6, 9, 11)	E	E	5	None
230.5	461/2	0.5	1/2	77.0	B3	59.0	True	Violoncello	1	77.0	1.5	159.0	V7	False	('B', 'D#', 'F#', 'A')	B	B	0.0	dominant seventh chord	(3, 6, 9, 11)	E	E	5	None
230.75	923/4	0.25	1/4	77.0	F#5	78.0	True	Violoncello	1	77.0	1.5	159.0	V7	False	('B', 'D#', 'F#', 'A')	B	B	0.0	dominant seventh chord	(3, 6, 9, 11)	E	E	5	None
231.0	231	1.0	1	78.0	E3	52.0	True	Violoncello	1	78.0	3.0	160.0	I	True	('E', 'G#', 'B')	E	E	0.0	major triad	(4, 8, 11)	E	E	1	None
231.0	231	0.25	1/4	78.0	E5	76.0	True	Violoncello	1	78.0	3.0	160.0	I	True	('E', 'G#', 'B')	E	E	0.0	major triad	(4, 8, 11)	E	E	1	None
231.25	925/4	0.25	1/4	78.0	F#5	78.0	True	Violoncello	1	78.0	3.0	160.0	I	False	('E', 'G#', 'B')	E	E	0.0	major triad	(4, 8, 11)	E	E	1	None
231.5	463/2	0.25	1/4	78.0	G#5	80.0	True	Violoncello	1	78.0	3.0	160.0	I	False	('E', 'G#', 'B')	E	E	0.0	major triad	(4, 8, 11)	E	E	1	None
231.5	463/2	0.5	1/2	78.0	E4	64.0	True	Violoncello	1	78.0	3.0	160.0	I	False	('E', 'G#', 'B')	E	E	0.0	major triad	(4, 8, 11)	E	E	1	None
231.5	463/2	0.5	1/2	78.0	G#3	56.0	True	Violoncello	1	78.0	3.0	160.0	I	False	('E', 'G#', 'B')	E	E	0.0	major triad	(4, 8, 11)	E	E	1	None
231.75	927/4	0.25	1/4	78.0	A5	81.0	True	Violoncello	1	78.0	3.0	160.0	I	False	('E', 'G#', 'B')	E	E	0.0	major triad	(4, 8, 11)	E	E	1	None
232.0	232	0.5	1/2	78.0	B3	59.0	True	Violoncello	1	78.0	3.0	160.0	I	False	('E', 'G#', 'B')	E	E	0.0	major triad	(4, 8, 11)	E	E	1	None
232.0	232	0.25	1/4	78.0	B5	83.0	True	Violoncello	1	78.0	3.0	160.0	I	False	('E', 'G#', 'B')	E	E	0.0	major triad	(4, 8, 11)	E	E	1	None
232.0	232	0.5	1/2	78.0	G#4	68.0	True	Violoncello	1	78.0	3.0	160.0	I	False	('E', 'G#', 'B')	E	E	0.0	major triad	(4, 8, 11)	E	E	1	None
232.25	929/4	0.25	1/4	78.0	G#5	80.0	True	Violoncello	1	78.0	3.0	160.0	I	False	('E', 'G#', 'B')	E	E	0.0	major triad	(4, 8, 11)	E	E	1	None
232.5	465/2	0.25	1/4	78.0	E5	76.0	True	Violoncello	1	78.0	3.0	160.0	I	False	('E', 'G#', 'B')	E	E	0.0	major triad	(4, 8, 11)	E	E	1	None
232.5	465/2	1.0	1	78.0	E3	52.0	True	Violoncello	1	78.0	3.0	160.0	I	False	('E', 'G#', 'B')	E	E	0.0	major triad	(4, 8, 11)	E	E	1	None
232.75	931/4	0.25	1/4	78.0	F#5	78.0	True	Violoncello	1	78.0	3.0	160.0	I	False	('E', 'G#', 'B')	E	E	0.0	major triad	(4, 8, 11)	E	E	1	None
233.0	233	0.25	1/4	78.0	G#5	80.0	True	Violoncello	1	78.0	3.0	160.0	I	False	('E', 'G#', 'B')	E	E	0.0	major triad	(4, 8, 11)	E	E	1	None
233.0	233	0.5	1/2	78.0	E4	64.0	True	Violoncello	1	78.0	3.0	160.0	I	False	('E', 'G#', 'B')	E	E	0.0	major triad	(4, 8, 11)	E	E	1	None
233.0	233	0.5	1/2	78.0	G#3	56.0	True	Violoncello	1	78.0	3.0	160.0	I	False	('E', 'G#', 'B')	E	E	0.0	major triad	(4, 8, 11)	E	E	1	None
233.25	933/4	0.25	1/4	78.0	A5	81.0	True	Violoncello	1	78.0	3.0	160.0	I	False	('E', 'G#', 'B')	E	E	0.0	major triad	(4, 8, 11)	E	E	1	None
233.5	467/2	0.25	1/4	78.0	B5	83.0	True	Violoncello	1	78.0	3.0	160.0	I	False	('E', 'G#', 'B')	E	E	0.0	major triad	(4, 8, 11)	E	E	1	None
233.5	467/2	0.5	1/2	78.0	G#4	68.0	True	Violoncello	1	78.0	3.0	160.0	I	False	('E', 'G#', 'B')	E	E	0.0	major triad	(4, 8, 11)	E	E	1	None
233.5	467/2	0.5	1/2	78.0	B3	59.0	True	Violoncello	1	78.0	3.0	160.0	I	False	('E', 'G#', 'B')	E	E	0.0	major triad	(4, 8, 11)	E	E	1	None
233.75	935/4	0.25	1/4	78.0	G#5	80.0	True	Violoncello	1	78.0	3.0	160.0	I	False	('E', 'G#', 'B')	E	E	0.0	major triad	(4, 8, 11)	E	E	1	None
234.0	234	1.0	1	79.0	G#3	56.0	True	Violoncello	1	79.0	3.0	161.0	I	True	('E', 'G#', 'B')	E	E	0.0	major triad	(4, 8, 11)	E	E	1	None
234.0	234	0.25	1/4	79.0	E3	52.0	True	Violoncello	1	79.0	3.0	161.0	I	True	('E', 'G#', 'B')	E	E	0.0	major triad	(4, 8, 11)	E	E	1	None
234.0	234	1.0	1	79.0	E5	76.0	True	Violoncello	1	79.0	3.0	161.0	I	True	('E', 'G#', 'B')	E	E	0.0	major triad	(4, 8, 11)	E	E	1	None
234.0	234	1.0	1	79.0	E4	64.0	True	Violoncello	1	79.0	3.0	161.0	I	True	('E', 'G#', 'B')	E	E	0.0	major triad	(4, 8, 11)	E	E	1	None
234.25	937/4	0.25	1/4	79.0	F#3	54.0	True	Violoncello	1	79.0	3.0	161.0	I	False	('E', 'G#', 'B')	E	E	0.0	major triad	(4, 8, 11)	E	E	1	None
234.5	469/2	0.25	1/4	79.0	G#3	56.0	True	Violoncello	1	79.0	3.0	161.0	I	False	('E', 'G#', 'B')	E	E	0.0	major triad	(4, 8, 11)	E	E	1	None
234.75	939/4	0.25	1/4	79.0	A3	57.0	True	Violoncello	1	79.0	3.0	161.0	I	False	('E', 'G#', 'B')	E	E	0.0	major triad	(4, 8, 11)	E	E	1	None
235.0	235	0.25	1/4	79.0	B3	59.0	True	Violoncello	1	79.0	3.0	161.0	I	False	('E', 'G#', 'B')	E	E	0.0	major triad	(4, 8, 11)	E	E	1	None
235.25	941/4	0.25	1/4	79.0	G#3	56.0	True	Violoncello	1	79.0	3.0	161.0	I	False	('E', 'G#', 'B')	E	E	0.0	major triad	(4, 8, 11)	E	E	1	None
235.5	471/2	0.5	1/2	79.0	E3	52.0	True	Violoncello	1	79.0	3.0	161.0	I	False	('E', 'G#', 'B')	E	E	0.0	major triad	(4, 8, 11)	E	E	1	None
236.0	236	0.5	1/2	79.0	D3	50.0	True	Violoncello	1	79.0	3.0	161.0	I	False	('E', 'G#', 'B')	E	E	0.0	major triad	(4, 8, 11)	E	E	1	None
236.5	473/2	0.5	1/2	79.0	B2	47.0	True	Violoncello	1	79.0	3.0	161.0	I	False	('E', 'G#', 'B')	E	E	0.0	major triad	(4, 8, 11)	E	E	1	None
237.0	237	1.0	1	80.0	E5	76.0	True	Violoncello	1	80.0	3.0	162.0	I	True	('E', 'G#', 'B')	E	E	0.0	major triad	(4, 8, 11)	E	E	1	None
237.0	237	1.0	1	80.0	E4	64.0	True	Violoncello	1	80.0	3.0	162.0	I	True	('E', 'G#', 'B')	E	E	0.0	major triad	(4, 8, 11)	E	E	1	None
237.0	237	1.0	1	80.0	G#3	56.0	True	Violoncello	1	80.0	3.0	162.0	I	True	('E', 'G#', 'B')	E	E	0.0	major triad	(4, 8, 11)	E	E	1	None
237.0	237	0.25	1/4	80.0	E3	52.0	True	Violoncello	1	80.0	3.0	162.0	I	True	('E', 'G#', 'B')	E	E	0.0	major triad	(4, 8, 11)	E	E	1	None
237.25	949/4	0.25	1/4	80.0	F#3	54.0	True	Violoncello	1	80.0	3.0	162.0	I	False	('E', 'G#', 'B')	E	E	0.0	major triad	(4, 8, 11)	E	E	1	None
237.5	475/2	0.25	1/4	80.0	G#3	56.0	True	Violoncello	1	80.0	3.0	162.0	I	False	('E', 'G#', 'B')	E	E	0.0	major triad	(4, 8, 11)	E	E	1	None
237.75	951/4	0.25	1/4	80.0	A3	57.0	True	Violoncello	1	80.0	3.0	162.0	I	False	('E', 'G#', 'B')	E	E	0.0	major triad	(4, 8, 11)	E	E	1	None
238.0	238	0.25	1/4	80.0	B3	59.0	True	Violoncello	1	80.0	3.0	162.0	I	False	('E', 'G#', 'B')	E	E	0.0	major triad	(4, 8, 11)	E	E	1	None
238.25	953/4	0.25	1/4	80.0	G#3	56.0	True	Violoncello	1	80.0	3.0	162.0	I	False	('E', 'G#', 'B')	E	E	0.0	major triad	(4, 8, 11)	E	E	1	None
238.5	477/2	0.5	1/2	80.0	E3	52.0	True	Violoncello	1	80.0	3.0	162.0	I	False	('E', 'G#', 'B')	E	E	0.0	major triad	(4, 8, 11)	E	E	1	None
239.0	239	0.5	1/2	80.0	D#3	51.0	True	Violoncello	1	80.0	3.0	162.0	I	False	('E', 'G#', 'B')	E	E	0.0	major triad	(4, 8, 11)	E	E	1	None
239.5	479/2	0.5	1/2	80.0	D3	50.0	True	Violoncello	1	80.0	3.0	162.0	I	False	('E', 'G#', 'B')	E	E	0.0	major triad	(4, 8, 11)	E	E	1	None
240.0	240	1.0	1	81.0	C#3	49.0	True	Violoncello	1	81.0	3.0	163.0	vi	True	('C#', 'E', 'G#')	C#	C#	0.0	minor triad	(1, 4, 8)	E	E	6	None
241.5	483/2	1.0	1	81.0	C#4	61.0	True	Violoncello	1	81.0	3.0	163.0	vi	False	('C#', 'E', 'G#')	C#	C#	0.0	minor triad	(1, 4, 8)	E	E	6	None
241.5	483/2	1.0	1	81.0	C#4	61.0	True	Violoncello	1	81.0	3.0	163.0	vi	False	('C#', 'E', 'G#')	C#	C#	0.0	minor triad	(1, 4, 8)	E	E	6	None
241.5	483/2	1.0	1	81.0	C#3	49.0	True	Violoncello	1	81.0	3.0	163.0	vi	False	('C#', 'E', 'G#')	C#	C#	0.0	minor triad	(1, 4, 8)	E	E	6	None
242.5	485/2	0.5	1/2	81.0	C#4	61.0	True	Violoncello	1	81.0	3.0	163.0	vi	False	('C#', 'E', 'G#')	C#	C#	0.0	minor triad	(1, 4, 8)	E	E	6	None
242.5	485/2	0.5	1/2	81.0	C#4	61.0	True	Violoncello	1	81.0	3.0	163.0	vi	False	('C#', 'E', 'G#')	C#	C#	0.0	minor triad	(1, 4, 8)	E	E	6	None
242.5	485/2	0.5	1/2	81.0	C#3	49.0	True	Violoncello	1	81.0	3.0	163.0	vi	False	('C#', 'E', 'G#')	C#	C#	0.0	minor triad	(1, 4, 8)	E	E	6	None
243.0	243	1.0	1	82.0	C#4	61.0	True	Violoncello	1	82.0	3.0	164.0	vi	True	('C#', 'E', 'G#')	C#	C#	0.0	minor triad	(1, 4, 8)	E	E	6	None
243.0	243	1.0	1	82.0	C#4	61.0	True	Violoncello	1	82.0	3.0	164.0	vi	True	('C#', 'E', 'G#')	C#	C#	0.0	minor triad	(1, 4, 8)	E	E	6	None
243.0	243	1.0	1	82.0	C#3	49.0	True	Violoncello	1	82.0	3.0	164.0	vi	True	('C#', 'E', 'G#')	C#	C#	0.0	minor triad	(1, 4, 8)	E	E	6	None
243.0	243	1.0	1	82.0	C#3	49.0	True	Violoncello	1	82.0	3.0	164.0	vi	True	('C#', 'E', 'G#')	C#	C#	0.0	minor triad	(1, 4, 8)	E	E	6	None
244.0	244	0.5	1/2	82.0	C#3	49.0	True	Violoncello	1	82.0	3.0	164.0	vi	False	('C#', 'E', 'G#')	C#	C#	0.0	minor triad	(1, 4, 8)	E	E	6	None
244.0	244	0.5	1/2	82.0	C#3	49.0	True	Violoncello	1	82.0	3.0	164.0	vi	False	('C#', 'E', 'G#')	C#	C#	0.0	minor triad	(1, 4, 8)	E	E	6	None
244.0	244	0.5	1/2	82.0	C#4	61.0	True	Violoncello	1	82.0	3.0	164.0	vi	False	('C#', 'E', 'G#')	C#	C#	0.0	minor triad	(1, 4, 8)	E	E	6	None
244.0	244	0.5	1/2	82.0	C#4	61.0	True	Violoncello	1	82.0	3.0	164.0	vi	False	('C#', 'E', 'G#')	C#	C#	0.0	minor triad	(1, 4, 8)	E	E	6	None
244.5	489/2	1.0	1	82.0	C#4	61.0	True	Violoncello	1	82.0	3.0	164.0	vi	False	('C#', 'E', 'G#')	C#	C#	0.0	minor triad	(1, 4, 8)	E	E	6	None
244.5	489/2	1.0	1	82.0	C#4	61.0	True	Violoncello	1	82.0	3.0	164.0	vi	False	('C#', 'E', 'G#')	C#	C#	0.0	minor triad	(1, 4, 8)	E	E	6	None
244.5	489/2	1.0	1	82.0	C#3	49.0	True	Violoncello	1	82.0	3.0	164.0	vi	False	('C#', 'E', 'G#')	C#	C#	0.0	minor triad	(1, 4, 8)	E	E	6	None
244.5	489/2	1.0	1	82.0	C#3	49.0	True	Violoncello	1	82.0	3.0	164.0	vi	False	('C#', 'E', 'G#')	C#	C#	0.0	minor triad	(1, 4, 8)	E	E	6	None
245.5	491/2	0.5	1/2	82.0	C#4	61.0	True	Violoncello	1	82.0	3.0	164.0	vi	False	('C#', 'E', 'G#')	C#	C#	0.0	minor triad	(1, 4, 8)	E	E	6	None
245.5	491/2	0.5	1/2	82.0	C#4	61.0	True	Violoncello	1	82.0	3.0	164.0	vi	False	('C#', 'E', 'G#')	C#	C#	0.0	minor triad	(1, 4, 8)	E	E	6	None
245.5	491/2	0.5	1/2	82.0	C#3	49.0	True	Violoncello	1	82.0	3.0	164.0	vi	False	('C#', 'E', 'G#')	C#	C#	0.0	minor triad	(1, 4, 8)	E	E	6	None
245.5	491/2	0.5	1/2	82.0	C#3	49.0	True	Violoncello	1	82.0	3.0	164.0	vi	False	('C#', 'E', 'G#')	C#	C#	0.0	minor triad	(1, 4, 8)	E	E	6	None
246.0	246	1.5	3/2	83.0	E#3	53.0	True	Violoncello	1	83.0	2.0	165.0	viio7/ii	True	('E#', 'G#', 'B', 'D')	E#	E#	0.0	diminished seventh chord	(2, 5, 8, 11)	E	f#	#7	2
246.0	246	1.5	3/2	83.0	D5	74.0	True	Violoncello	1	83.0	2.0	165.0	viio7/ii	True	('E#', 'G#', 'B', 'D')	E#	E#	0.0	diminished seventh chord	(2, 5, 8, 11)	E	f#	#7	2
246.0	246	1.5	3/2	83.0	B4	71.0	True	Violoncello	1	83.0	2.0	165.0	viio7/ii	True	('E#', 'G#', 'B', 'D')	E#	E#	0.0	diminished seventh chord	(2, 5, 8, 11)	E	f#	#7	2
246.0	246	1.5	3/2	83.0	G#3	56.0	True	Violoncello	1	83.0	2.0	165.0	viio7/ii	True	('E#', 'G#', 'B', 'D')	E#	E#	0.0	diminished seventh chord	(2, 5, 8, 11)	E	f#	#7	2
247.5	495/2	0.5	1/2	83.0	D5	74.0	False	Violoncello	1	83.0	2.0	165.0	viio7/ii	False	('E#', 'G#', 'B', 'D')	E#	E#	0.0	diminished seventh chord	(2, 5, 8, 11)	E	f#	#7	2
247.5	495/2	0.5	1/2	83.0	B4	71.0	False	Violoncello	1	83.0	2.0	165.0	viio7/ii	False	('E#', 'G#', 'B', 'D')	E#	E#	0.0	diminished seventh chord	(2, 5, 8, 11)	E	f#	#7	2
247.5	495/2	0.5	1/2	83.0	G#3	56.0	False	Violoncello	1	83.0	2.0	165.0	viio7/ii	False	('E#', 'G#', 'B', 'D')	E#	E#	0.0	diminished seventh chord	(2, 5, 8, 11)	E	f#	#7	2
247.5	495/2	0.5	1/2	83.0	E#3	53.0	False	Violoncello	1	83.0	2.0	165.0	viio7/ii	False	('E#', 'G#', 'B', 'D')	E#	E#	0.0	diminished seventh chord	(2, 5, 8, 11)	E	f#	#7	2
248.0	248	0.5	1/2	83.0	F#3	54.0	True	Violoncello	1	83.0	0.5	166.0	ii	True	('F#', 'A', 'C#')	F#	F#	0.0	minor triad	(1, 6, 9)	E	E	2	None
248.0	248	0.5	1/2	83.0	C#5	73.0	True	Violoncello	1	83.0	0.5	166.0	ii	True	('F#', 'A', 'C#')	F#	F#	0.0	minor triad	(1, 6, 9)	E	E	2	None
248.0	248	0.5	1/2	83.0	A4	69.0	True	Violoncello	1	83.0	0.5	166.0	ii	True	('F#', 'A', 'C#')	F#	F#	0.0	minor triad	(1, 6, 9)	E	E	2	None
248.0	248	0.5	1/2	83.0	A3	57.0	True	Violoncello	1	83.0	0.5	166.0	ii	True	('F#', 'A', 'C#')	F#	F#	0.0	minor triad	(1, 6, 9)	E	E	2	None
248.5	497/2	0.5	1/2	83.0	B4	71.0	True	Violoncello	1	83.0	0.5	167.0	viio/ii	True	('G#', 'B', 'E#')	G#	E#	1.0	diminished triad	(5, 8, 11)	E	f#	#7	2
248.5	497/2	0.5	1/2	83.0	G#4	68.0	True	Violoncello	1	83.0	0.5	167.0	viio/ii	True	('G#', 'B', 'E#')	G#	E#	1.0	diminished triad	(5, 8, 11)	E	f#	#7	2
248.5	497/2	0.5	1/2	83.0	B3	59.0	True	Violoncello	1	83.0	0.5	167.0	viio/ii	True	('G#', 'B', 'E#')	G#	E#	1.0	diminished triad	(5, 8, 11)	E	f#	#7	2
248.5	497/2	0.5	1/2	83.0	G#3	56.0	True	Violoncello	1	83.0	0.5	167.0	viio/ii	True	('G#', 'B', 'E#')	G#	E#	1.0	diminished triad	(5, 8, 11)	E	f#	#7	2
249.0	249	1.0	1	84.0	A4	69.0	True	Violoncello	1	84.0	3.0	168.0	ii	True	('A', 'C#', 'F#')	A	F#	1.0	minor triad	(1, 6, 9)	E	E	2	None
249.0	249	1.0	1	84.0	F#4	66.0	True	Violoncello	1	84.0	3.0	168.0	ii	True	('A', 'C#', 'F#')	A	F#	1.0	minor triad	(1, 6, 9)	E	E	2	None
249.0	249	1.0	1	84.0	C#4	61.0	True	Violoncello	1	84.0	3.0	168.0	ii	True	('A', 'C#', 'F#')	A	F#	1.0	minor triad	(1, 6, 9)	E	E	2	None
249.0	249	1.0	1	84.0	A3	57.0	True	Violoncello	1	84.0	3.0	168.0	ii	True	('A', 'C#', 'F#')	A	F#	1.0	minor triad	(1, 6, 9)	E	E	2	None
252.0	252	1.5	3/2	85.0	E#5	77.0	True	Violoncello	1	85.0	2.0	169.0	viio7/ii	True	('B', 'D', 'E#', 'G#')	B	E#	2.0	diminished seventh chord	(2, 5, 8, 11)	E	f#	#7	2
252.0	252	1.5	3/2	85.0	G#4	68.0	True	Violoncello	1	85.0	2.0	169.0	viio7/ii	True	('B', 'D', 'E#', 'G#')	B	E#	2.0	diminished seventh chord	(2, 5, 8, 11)	E	f#	#7	2
252.0	252	1.5	3/2	85.0	D4	62.0	True	Violoncello	1	85.0	2.0	169.0	viio7/ii	True	('B', 'D', 'E#', 'G#')	B	E#	2.0	diminished seventh chord	(2, 5, 8, 11)	E	f#	#7	2
252.0	252	1.5	3/2	85.0	B3	59.0	True	Violoncello	1	85.0	2.0	169.0	viio7/ii	True	('B', 'D', 'E#', 'G#')	B	E#	2.0	diminished seventh chord	(2, 5, 8, 11)	E	f#	#7	2
253.5	507/2	0.5	1/2	85.0	B3	59.0	False	Violoncello	1	85.0	2.0	169.0	viio7/ii	False	('B', 'D', 'E#', 'G#')	B	E#	2.0	diminished seventh chord	(2, 5, 8, 11)	E	f#	#7	2
253.5	507/2	0.5	1/2	85.0	G#4	68.0	False	Violoncello	1	85.0	2.0	169.0	viio7/ii	False	('B', 'D', 'E#', 'G#')	B	E#	2.0	diminished seventh chord	(2, 5, 8, 11)	E	f#	#7	2
253.5	507/2	0.5	1/2	85.0	D4	62.0	False	Violoncello	1	85.0	2.0	169.0	viio7/ii	False	('B', 'D', 'E#', 'G#')	B	E#	2.0	diminished seventh chord	(2, 5, 8, 11)	E	f#	#7	2
253.5	507/2	0.5	1/2	85.0	E#5	77.0	False	Violoncello	1	85.0	2.0	169.0	viio7/ii	False	('B', 'D', 'E#', 'G#')	B	E#	2.0	diminished seventh chord	(2, 5, 8, 11)	E	f#	#7	2
254.0	254	0.5	1/2	85.0	A4	69.0	True	Violoncello	1	85.0	0.5	170.0	ii	True	('A', 'C#', 'F#')	A	F#	1.0	minor triad	(1, 6, 9)	E	E	2	None
254.0	254	0.5	1/2	85.0	C#4	61.0	True	Violoncello	1	85.0	0.5	170.0	ii	True	('A', 'C#', 'F#')	A	F#	1.0	minor triad	(1, 6, 9)	E	E	2	None
254.0	254	0.5	1/2	85.0	A3	57.0	True	Violoncello	1	85.0	0.5	170.0	ii	True	('A', 'C#', 'F#')	A	F#	1.0	minor triad	(1, 6, 9)	E	E	2	None
254.0	254	0.5	1/2	85.0	F#5	78.0	True	Violoncello	1	85.0	0.5	170.0	ii	True	('A', 'C#', 'F#')	A	F#	1.0	minor triad	(1, 6, 9)	E	E	2	None
254.5	509/2	0.5	1/2	85.0	G#5	80.0	True	Violoncello	1	85.0	0.5	171.0	viio/ii	True	('G#', 'B', 'E#')	G#	E#	1.0	diminished triad	(5, 8, 11)	E	f#	#7	2
254.5	509/2	0.5	1/2	85.0	B4	71.0	True	Violoncello	1	85.0	0.5	171.0	viio/ii	True	('G#', 'B', 'E#')	G#	E#	1.0	diminished triad	(5, 8, 11)	E	f#	#7	2
254.5	509/2	0.5	1/2	85.0	B3	59.0	True	Violoncello	1	85.0	0.5	171.0	viio/ii	True	('G#', 'B', 'E#')	G#	E#	1.0	diminished triad	(5, 8, 11)	E	f#	#7	2
254.5	509/2	0.5	1/2	85.0	G#3	56.0	True	Violoncello	1	85.0	0.5	171.0	viio/ii	True	('G#', 'B', 'E#')	G#	E#	1.0	diminished triad	(5, 8, 11)	E	f#	#7	2
255.0	255	1.0	1	86.0	F#3	54.0	True	Violoncello	1	86.0	3.0	172.0	ii	True	('F#', 'A', 'C#')	F#	F#	0.0	minor triad	(1, 6, 9)	E	E	2	None
255.0	255	1.0	1	86.0	A5	81.0	True	Violoncello	1	86.0	3.0	172.0	ii	True	('F#', 'A', 'C#')	F#	F#	0.0	minor triad	(1, 6, 9)	E	E	2	None
255.0	255	1.0	1	86.0	C#5	73.0	True	Violoncello	1	86.0	3.0	172.0	ii	True	('F#', 'A', 'C#')	F#	F#	0.0	minor triad	(1, 6, 9)	E	E	2	None
255.0	255	1.0	1	86.0	A3	57.0	True	Violoncello	1	86.0	3.0	172.0	ii	True	('F#', 'A', 'C#')	F#	F#	0.0	minor triad	(1, 6, 9)	E	E	2	None
258.0	258	1.5	3/2	87.0	C#6	85.0	True	Violoncello	1	87.0	2.0	173.0	viio7	True	('G', 'B-', 'C#', 'E')	G	C#	2.0	diminished seventh chord	(1, 4, 7, 10)	D	D	7	None
258.0	258	1.5	3/2	87.0	E5	76.0	True	Violoncello	1	87.0	2.0	173.0	viio7	True	('G', 'B-', 'C#', 'E')	G	C#	2.0	diminished seventh chord	(1, 4, 7, 10)	D	D	7	None
258.0	258	1.5	3/2	87.0	B-4	70.0	True	Violoncello	1	87.0	2.0	173.0	viio7	True	('G', 'B-', 'C#', 'E')	G	C#	2.0	diminished seventh chord	(1, 4, 7, 10)	D	D	7	None
258.0	258	1.5	3/2	87.0	G4	67.0	True	Violoncello	1	87.0	2.0	173.0	viio7	True	('G', 'B-', 'C#', 'E')	G	C#	2.0	diminished seventh chord	(1, 4, 7, 10)	D	D	7	None
259.5	519/2	0.5	1/2	87.0	C#6	85.0	False	Violoncello	1	87.0	2.0	173.0	viio7	False	('G', 'B-', 'C#', 'E')	G	C#	2.0	diminished seventh chord	(1, 4, 7, 10)	D	D	7	None
259.5	519/2	0.5	1/2	87.0	E5	76.0	False	Violoncello	1	87.0	2.0	173.0	viio7	False	('G', 'B-', 'C#', 'E')	G	C#	2.0	diminished seventh chord	(1, 4, 7, 10)	D	D	7	None
259.5	519/2	0.5	1/2	87.0	B-4	70.0	False	Violoncello	1	87.0	2.0	173.0	viio7	False	('G', 'B-', 'C#', 'E')	G	C#	2.0	diminished seventh chord	(1, 4, 7, 10)	D	D	7	None
259.5	519/2	0.5	1/2	87.0	G4	67.0	False	Violoncello	1	87.0	2.0	173.0	viio7	False	('G', 'B-', 'C#', 'E')	G	C#	2.0	diminished seventh chord	(1, 4, 7, 10)	D	D	7	None
260.0	260	0.5	1/2	87.0	F#4	66.0	True	Violoncello	1	87.0	0.5	174.0	I	True	('F#', 'A', 'D')	F#	D	1.0	major triad	(2, 6, 9)	D	D	1	None
260.0	260	0.5	1/2	87.0	A4	69.0	True	Violoncello	1	87.0	0.5	174.0	I	True	('F#', 'A', 'D')	F#	D	1.0	major triad	(2, 6, 9)	D	D	1	None
260.0	260	0.5	1/2	87.0	D6	86.0	True	Violoncello	1	87.0	0.5	174.0	I	True	('F#', 'A', 'D')	F#	D	1.0	major triad	(2, 6, 9)	D	D	1	None
260.0	260	0.5	1/2	87.0	F#5	78.0	True	Violoncello	1	87.0	0.5	174.0	I	True	('F#', 'A', 'D')	F#	D	1.0	major triad	(2, 6, 9)	D	D	1	None
260.5	521/2	0.5	1/2	87.0	E6	88.0	True	Violoncello	1	87.0	0.5	175.0	viio	True	('E', 'G', 'C#')	E	C#	1.0	diminished triad	(1, 4, 7)	D	D	7	None
260.5	521/2	0.5	1/2	87.0	G5	79.0	True	Violoncello	1	87.0	0.5	175.0	viio	True	('E', 'G', 'C#')	E	C#	1.0	diminished triad	(1, 4, 7)	D	D	7	None
260.5	521/2	0.5	1/2	87.0	G4	67.0	True	Violoncello	1	87.0	0.5	175.0	viio	True	('E', 'G', 'C#')	E	C#	1.0	diminished triad	(1, 4, 7)	D	D	7	None
260.5	521/2	0.5	1/2	87.0	E4	64.0	True	Violoncello	1	87.0	0.5	175.0	viio	True	('E', 'G', 'C#')	E	C#	1.0	diminished triad	(1, 4, 7)	D	D	7	None
261.0	261	1.0	1	88.0	F#6	90.0	True	Violoncello	1	88.0	3.0	176.0	I	True	('D', 'F#', 'A')	D	D	0.0	major triad	(2, 6, 9)	D	D	1	None
261.0	261	1.0	1	88.0	A5	81.0	True	Violoncello	1	88.0	3.0	176.0	I	True	('D', 'F#', 'A')	D	D	0.0	major triad	(2, 6, 9)	D	D	1	None
261.0	261	1.0	1	88.0	F#4	66.0	True	Violoncello	1	88.0	3.0	176.0	I	True	('D', 'F#', 'A')	D	D	0.0	major triad	(2, 6, 9)	D	D	1	None
261.0	261	1.0	1	88.0	D4	62.0	True	Violoncello	1	88.0	3.0	176.0	I	True	('D', 'F#', 'A')	D	D	0.0	major triad	(2, 6, 9)	D	D	1	None
264.0	264	1.5	3/2	89.0	G3	55.0	True	Violoncello	1	89.0	2.0	177.0	V7	True	('G', 'A', 'C#', 'E')	G	A	3.0	dominant seventh chord	(1, 4, 7, 9)	D	D	5	None
264.0	264	1.5	3/2	89.0	C#4	61.0	True	Violoncello	1	89.0	2.0	177.0	V7	True	('G', 'A', 'C#', 'E')	G	A	3.0	dominant seventh chord	(1, 4, 7, 9)	D	D	5	None
264.0	264	1.5	3/2	89.0	E5	76.0	True	Violoncello	1	89.0	2.0	177.0	V7	True	('G', 'A', 'C#', 'E')	G	A	3.0	dominant seventh chord	(1, 4, 7, 9)	D	D	5	None
264.0	264	1.5	3/2	89.0	A4	69.0	True	Violoncello	1	89.0	2.0	177.0	V7	True	('G', 'A', 'C#', 'E')	G	A	3.0	dominant seventh chord	(1, 4, 7, 9)	D	D	5	None
265.5	531/2	0.5	1/2	89.0	E5	76.0	False	Violoncello	1	89.0	2.0	177.0	V7	False	('G', 'A', 'C#', 'E')	G	A	3.0	dominant seventh chord	(1, 4, 7, 9)	D	D	5	None
265.5	531/2	0.5	1/2	89.0	A4	69.0	False	Violoncello	1	89.0	2.0	177.0	V7	False	('G', 'A', 'C#', 'E')	G	A	3.0	dominant seventh chord	(1, 4, 7, 9)	D	D	5	None
265.5	531/2	0.5	1/2	89.0	C#4	61.0	False	Violoncello	1	89.0	2.0	177.0	V7	False	('G', 'A', 'C#', 'E')	G	A	3.0	dominant seventh chord	(1, 4, 7, 9)	D	D	5	None
265.5	531/2	0.5	1/2	89.0	G3	55.0	False	Violoncello	1	89.0	2.0	177.0	V7	False	('G', 'A', 'C#', 'E')	G	A	3.0	dominant seventh chord	(1, 4, 7, 9)	D	D	5	None
266.0	266	0.5	1/2	89.0	F#5	78.0	True	Violoncello	1	89.0	0.5	178.0	I	True	('F#', 'A', 'D')	F#	D	1.0	major triad	(2, 6, 9)	D	D	1	None
266.0	266	0.5	1/2	89.0	A4	69.0	True	Violoncello	1	89.0	0.5	178.0	I	True	('F#', 'A', 'D')	F#	D	1.0	major triad	(2, 6, 9)	D	D	1	None
266.0	266	0.5	1/2	89.0	D4	62.0	True	Violoncello	1	89.0	0.5	178.0	I	True	('F#', 'A', 'D')	F#	D	1.0	major triad	(2, 6, 9)	D	D	1	None
266.0	266	0.5	1/2	89.0	F#3	54.0	True	Violoncello	1	89.0	0.5	178.0	I	True	('F#', 'A', 'D')	F#	D	1.0	major triad	(2, 6, 9)	D	D	1	None
266.5	533/2	0.5	1/2	89.0	E4	64.0	True	Violoncello	1	89.0	0.5	179.0	V7	True	('E', 'G', 'A', 'C#')	E	A	2.0	dominant seventh chord	(1, 4, 7, 9)	D	D	5	None
266.5	533/2	0.5	1/2	89.0	E3	52.0	True	Violoncello	1	89.0	0.5	179.0	V7	True	('E', 'G', 'A', 'C#')	E	A	2.0	dominant seventh chord	(1, 4, 7, 9)	D	D	5	None
266.5	533/2	0.5	1/2	89.0	G5	79.0	True	Violoncello	1	89.0	0.5	179.0	V7	True	('E', 'G', 'A', 'C#')	E	A	2.0	dominant seventh chord	(1, 4, 7, 9)	D	D	5	None
266.5	533/2	0.5	1/2	89.0	A4	69.0	True	Violoncello	1	89.0	0.5	179.0	V7	True	('E', 'G', 'A', 'C#')	E	A	2.0	dominant seventh chord	(1, 4, 7, 9)	D	D	5	None
267.0	267	0.5	1/2	90.0	A5	81.0	True	Violoncello	1	90.0	0.5	180.0	I	True	('D', 'F#', 'A')	D	D	0.0	major triad	(2, 6, 9)	D	D	1	None
267.0	267	0.5	1/2	90.0	A4	69.0	True	Violoncello	1	90.0	0.5	180.0	I	True	('D', 'F#', 'A')	D	D	0.0	major triad	(2, 6, 9)	D	D	1	None
267.0	267	0.5	1/2	90.0	F#4	66.0	True	Violoncello	1	90.0	0.5	180.0	I	True	('D', 'F#', 'A')	D	D	0.0	major triad	(2, 6, 9)	D	D	1	None
267.0	267	0.5	1/2	90.0	D3	50.0	True	Violoncello	1	90.0	0.5	180.0	I	True	('D', 'F#', 'A')	D	D	0.0	major triad	(2, 6, 9)	D	D	1	None
267.5	535/2	0.5	1/2	90.0	F#5	78.0	True	Violoncello	1	90.0	1.0	181.0	I	True	('F#', 'A', 'D')	F#	D	1.0	major triad	(2, 6, 9)	D	D	1	None
267.5	535/2	0.5	1/2	90.0	D5	74.0	True	Violoncello	1	90.0	1.0	181.0	I	True	('F#', 'A', 'D')	F#	D	1.0	major triad	(2, 6, 9)	D	D	1	None
267.5	535/2	0.5	1/2	90.0	D4	62.0	True	Violoncello	1	90.0	1.0	181.0	I	True	('F#', 'A', 'D')	F#	D	1.0	major triad	(2, 6, 9)	D	D	1	None
267.5	535/2	0.5	1/2	90.0	F#3	54.0	True	Violoncello	1	90.0	1.0	181.0	I	True	('F#', 'A', 'D')	F#	D	1.0	major triad	(2, 6, 9)	D	D	1	None
268.0	268	0.5	1/2	90.0	D5	74.0	True	Violoncello	1	90.0	1.0	181.0	I	False	('F#', 'A', 'D')	F#	D	1.0	major triad	(2, 6, 9)	D	D	1	None
268.0	268	0.5	1/2	90.0	A4	69.0	True	Violoncello	1	90.0	1.0	181.0	I	False	('F#', 'A', 'D')	F#	D	1.0	major triad	(2, 6, 9)	D	D	1	None
268.5	537/2	0.5	1/2	90.0	B3	59.0	True	Violoncello	1	90.0	0.5	182.0	IV	True	('G', 'B', 'D')	G	G	0.0	major triad	(2, 7, 11)	D	D	4	None
268.5	537/2	0.5	1/2	90.0	G3	55.0	True	Violoncello	1	90.0	0.5	182.0	IV	True	('G', 'B', 'D')	G	G	0.0	major triad	(2, 7, 11)	D	D	4	None
269.0	269	0.5	1/2	90.0	D5	74.0	True	Violoncello	1	90.0	1.0	183.0	IV	True	('B', 'D', 'G')	B	G	1.0	major triad	(2, 7, 11)	D	D	4	None
269.0	269	0.5	1/2	90.0	B4	71.0	True	Violoncello	1	90.0	1.0	183.0	IV	True	('B', 'D', 'G')	B	G	1.0	major triad	(2, 7, 11)	D	D	4	None
269.0	269	0.5	1/2	90.0	D4	62.0	True	Violoncello	1	90.0	1.0	183.0	IV	True	('B', 'D', 'G')	B	G	1.0	major triad	(2, 7, 11)	D	D	4	None
269.0	269	0.5	1/2	90.0	B3	59.0	True	Violoncello	1	90.0	1.0	183.0	IV	True	('B', 'D', 'G')	B	G	1.0	major triad	(2, 7, 11)	D	D	4	None
269.5	539/2	0.5	1/2	90.0	B4	71.0	True	Violoncello	1	90.0	1.0	183.0	IV	False	('B', 'D', 'G')	B	G	1.0	major triad	(2, 7, 11)	D	D	4	None
269.5	539/2	0.5	1/2	90.0	G4	67.0	True	Violoncello	1	90.0	1.0	183.0	IV	False	('B', 'D', 'G')	B	G	1.0	major triad	(2, 7, 11)	D	D	4	None
270.0	270	0.5	1/2	91.0	D3	50.0	True	Violoncello	1	91.0	1.5	184.0	I	True	('A', 'D', 'F#')	A	D	2.0	major triad	(2, 6, 9)	D	D	1	None
270.0	270	0.5	1/2	91.0	A2	45.0	True	Violoncello	1	91.0	1.5	184.0	I	True	('A', 'D', 'F#')	A	D	2.0	major triad	(2, 6, 9)	D	D	1	None
270.5	541/2	0.5	1/2	91.0	F#3	54.0	True	Violoncello	1	91.0	1.5	184.0	I	False	('A', 'D', 'F#')	A	D	2.0	major triad	(2, 6, 9)	D	D	1	None
270.5	541/2	0.5	1/2	91.0	D3	50.0	True	Violoncello	1	91.0	1.5	184.0	I	False	('A', 'D', 'F#')	A	D	2.0	major triad	(2, 6, 9)	D	D	1	None
270.5	541/2	0.5	1/2	91.0	A4	69.0	True	Violoncello	1	91.0	1.5	184.0	I	False	('A', 'D', 'F#')	A	D	2.0	major triad	(2, 6, 9)	D	D	1	None
270.5	541/2	0.5	1/2	91.0	F#4	66.0	True	Violoncello	1	91.0	1.5	184.0	I	False	('A', 'D', 'F#')	A	D	2.0	major triad	(2, 6, 9)	D	D	1	None
271.0	271	0.5	1/2	91.0	F#4	66.0	True	Violoncello	1	91.0	1.5	184.0	I	False	('A', 'D', 'F#')	A	D	2.0	major triad	(2, 6, 9)	D	D	1	None
271.0	271	0.5	1/2	91.0	D4	62.0	True	Violoncello	1	91.0	1.5	184.0	I	False	('A', 'D', 'F#')	A	D	2.0	major triad	(2, 6, 9)	D	D	1	None
271.5	543/2	0.5	1/2	91.0	E3	52.0	True	Violoncello	1	91.0	1.5	185.0	V7	True	('A', 'C#', 'E', 'G')	A	A	0.0	dominant seventh chord	(1, 4, 7, 9)	D	D	5	None
271.5	543/2	0.5	1/2	91.0	A2	45.0	True	Violoncello	1	91.0	1.5	185.0	V7	True	('A', 'C#', 'E', 'G')	A	A	0.0	dominant seventh chord	(1, 4, 7, 9)	D	D	5	None
272.0	272	0.5	1/2	91.0	G4	67.0	True	Violoncello	1	91.0	1.5	185.0	V7	False	('A', 'C#', 'E', 'G')	A	A	0.0	dominant seventh chord	(1, 4, 7, 9)	D	D	5	None
272.0	272	0.5	1/2	91.0	E4	64.0	True	Violoncello	1	91.0	1.5	185.0	V7	False	('A', 'C#', 'E', 'G')	A	A	0.0	dominant seventh chord	(1, 4, 7, 9)	D	D	5	None
272.0	272	0.5	1/2	91.0	G3	55.0	True	Violoncello	1	91.0	1.5	185.0	V7	False	('A', 'C#', 'E', 'G')	A	A	0.0	dominant seventh chord	(1, 4, 7, 9)	D	D	5	None
272.0	272	0.5	1/2	91.0	E3	52.0	True	Violoncello	1	91.0	1.5	185.0	V7	False	('A', 'C#', 'E', 'G')	A	A	0.0	dominant seventh chord	(1, 4, 7, 9)	D	D	5	None
272.5	545/2	0.5	1/2	91.0	E4	64.0	True	Violoncello	1	91.0	1.5	185.0	V7	False	('A', 'C#', 'E', 'G')	A	A	0.0	dominant seventh chord	(1, 4, 7, 9)	D	D	5	None
272.5	545/2	0.5	1/2	91.0	C#4	61.0	True	Violoncello	1	91.0	1.5	185.0	V7	False	('A', 'C#', 'E', 'G')	A	A	0.0	dominant seventh chord	(1, 4, 7, 9)	D	D	5	None
273.0	273	0.5	1/2	92.0	D2	38.0	True	Violoncello	1	92.0	3.0	186.0	I	True	('D', 'F#', 'A')	D	D	0.0	major triad	(2, 6, 9)	D	D	1	None
273.0	273	3.0	3	92.0	D4	62.0	True	Violoncello	1	92.0	3.0	186.0	I	True	('D', 'F#', 'A')	D	D	0.0	major triad	(2, 6, 9)	D	D	1	None
273.0	273	1.0	1	92.0	D4	62.0	True	Violoncello	1	92.0	3.0	186.0	I	True	('D', 'F#', 'A')	D	D	0.0	major triad	(2, 6, 9)	D	D	1	None
273.0	273	1.5	3/2	92.0	D3	50.0	True	Violoncello	1	92.0	3.0	186.0	I	True	('D', 'F#', 'A')	D	D	0.0	major triad	(2, 6, 9)	D	D	1	None
273.5	547/2	0.5	1/2	92.0	A2	45.0	True	Violoncello	1	92.0	3.0	186.0	I	False	('D', 'F#', 'A')	D	D	0.0	major triad	(2, 6, 9)	D	D	1	None
274.0	274	0.5	1/2	92.0	F#2	42.0	True	Violoncello	1	92.0	3.0	186.0	I	False	('D', 'F#', 'A')	D	D	0.0	major triad	(2, 6, 9)	D	D	1	None
274.5	549/2	0.5	1/2	92.0	D3	50.0	False	Violoncello	1	92.0	3.0	186.0	I	False	('D', 'F#', 'A')	D	D	0.0	major triad	(2, 6, 9)	D	D	1	None
274.5	549/2	1.5	3/2	92.0	D2	38.0	True	Violoncello	1	92.0	3.0	186.0	I	False	('D', 'F#', 'A')	D	D	0.0	major triad	(2, 6, 9)	D	D	1	None
275.0	275	0.5	1/2	92.0	D5	74.0	True	Violoncello	1	92.0	3.0	186.0	I	False	('D', 'F#', 'A')	D	D	0.0	major triad	(2, 6, 9)	D	D	1	None
275.0	275	0.5	1/2	92.0	A3	57.0	True	Violoncello	1	92.0	3.0	186.0	I	False	('D', 'F#', 'A')	D	D	0.0	major triad	(2, 6, 9)	D	D	1	None
275.5	551/2	0.5	1/2	92.0	E5	76.0	True	Violoncello	1	92.0	3.0	186.0	I	False	('D', 'F#', 'A')	D	D	0.0	major triad	(2, 6, 9)	D	D	1	None
275.5	551/2	0.5	1/2	92.0	F#3	54.0	True	Violoncello	1	92.0	3.0	186.0	I	False	('D', 'F#', 'A')	D	D	0.0	major triad	(2, 6, 9)	D	D	1	None
276.0	276	0.5	1/2	93.0	D2	38.0	False	Violoncello	1	93.0	3.0	187.0	V7/IV	True	('D', 'F#', 'A', 'C')	D	D	0.0	dominant seventh chord	(0, 2, 6, 9)	D	G	5	4
276.0	276	1.5	3/2	93.0	D3	50.0	True	Violoncello	1	93.0	3.0	187.0	V7/IV	True	('D', 'F#', 'A', 'C')	D	D	0.0	dominant seventh chord	(0, 2, 6, 9)	D	G	5	4
276.0	276	3.0	3	93.0	D4	62.0	False	Violoncello	1	93.0	3.0	187.0	V7/IV	True	('D', 'F#', 'A', 'C')	D	D	0.0	dominant seventh chord	(0, 2, 6, 9)	D	G	5	4
276.0	276	3.0	3	93.0	C4	60.0	True	Violoncello	1	93.0	3.0	187.0	V7/IV	True	('D', 'F#', 'A', 'C')	D	D	0.0	dominant seventh chord	(0, 2, 6, 9)	D	G	5	4
276.0	276	0.5	1/2	93.0	F#5	78.0	True	Violoncello	1	93.0	3.0	187.0	V7/IV	True	('D', 'F#', 'A', 'C')	D	D	0.0	dominant seventh chord	(0, 2, 6, 9)	D	G	5	4
276.5	553/2	0.5	1/2	93.0	C3	48.0	True	Violoncello	1	93.0	3.0	187.0	V7/IV	False	('D', 'F#', 'A', 'C')	D	D	0.0	dominant seventh chord	(0, 2, 6, 9)	D	G	5	4
277.0	277	0.5	1/2	93.0	G5	79.0	True	Violoncello	1	93.0	3.0	187.0	V7/IV	False	('D', 'F#', 'A', 'C')	D	D	0.0	dominant seventh chord	(0, 2, 6, 9)	D	G	5	4
277.0	277	0.5	1/2	93.0	A2	45.0	True	Violoncello	1	93.0	3.0	187.0	V7/IV	False	('D', 'F#', 'A', 'C')	D	D	0.0	dominant seventh chord	(0, 2, 6, 9)	D	G	5	4
277.5	555/2	0.5	1/2	93.0	A5	81.0	True	Violoncello	1	93.0	3.0	187.0	V7/IV	False	('D', 'F#', 'A', 'C')	D	D	0.0	dominant seventh chord	(0, 2, 6, 9)	D	G	5	4
277.5	555/2	0.5	1/2	93.0	D3	50.0	False	Violoncello	1	93.0	3.0	187.0	V7/IV	False	('D', 'F#', 'A', 'C')	D	D	0.0	dominant seventh chord	(0, 2, 6, 9)	D	G	5	4
277.5	555/2	1.5	3/2	93.0	D2	38.0	True	Violoncello	1	93.0	3.0	187.0	V7/IV	False	('D', 'F#', 'A', 'C')	D	D	0.0	dominant seventh chord	(0, 2, 6, 9)	D	G	5	4
278.0	278	0.5	1/2	93.0	C4	60.0	True	Violoncello	1	93.0	3.0	187.0	V7/IV	False	('D', 'F#', 'A', 'C')	D	D	0.0	dominant seventh chord	(0, 2, 6, 9)	D	G	5	4
278.5	557/2	0.5	1/2	93.0	A#5	82.0	True	Violoncello	1	93.0	3.0	187.0	V7/IV	False	('D', 'F#', 'A', 'C')	D	D	0.0	dominant seventh chord	(0, 2, 6, 9)	D	G	5	4
278.5	557/2	0.5	1/2	93.0	A3	57.0	True	Violoncello	1	93.0	3.0	187.0	V7/IV	False	('D', 'F#', 'A', 'C')	D	D	0.0	dominant seventh chord	(0, 2, 6, 9)	D	G	5	4
279.0	279	0.5	1/2	94.0	D2	38.0	False	Violoncello	1	94.0	3.0	188.0	IV	True	('D', 'G', 'B')	D	G	2.0	major triad	(2, 7, 11)	D	D	4	None
279.0	279	1.5	3/2	94.0	D3	50.0	True	Violoncello	1	94.0	3.0	188.0	IV	True	('D', 'G', 'B')	D	G	2.0	major triad	(2, 7, 11)	D	D	4	None
279.0	279	3.0	3	94.0	D4	62.0	False	Violoncello	1	94.0	3.0	188.0	IV	True	('D', 'G', 'B')	D	G	2.0	major triad	(2, 7, 11)	D	D	4	None
279.0	279	3.0	3	94.0	B3	59.0	True	Violoncello	1	94.0	3.0	188.0	IV	True	('D', 'G', 'B')	D	G	2.0	major triad	(2, 7, 11)	D	D	4	None
279.0	279	1.5	3/2	94.0	B5	83.0	True	Violoncello	1	94.0	3.0	188.0	IV	True	('D', 'G', 'B')	D	G	2.0	major triad	(2, 7, 11)	D	D	4	None
279.5	559/2	0.5	1/2	94.0	B2	47.0	True	Violoncello	1	94.0	3.0	188.0	IV	False	('D', 'G', 'B')	D	G	2.0	major triad	(2, 7, 11)	D	D	4	None
280.0	280	0.5	1/2	94.0	G2	43.0	True	Violoncello	1	94.0	3.0	188.0	IV	False	('D', 'G', 'B')	D	G	2.0	major triad	(2, 7, 11)	D	D	4	None
280.5	561/2	0.5	1/2	94.0	G5	79.0	True	Violoncello	1	94.0	3.0	188.0	IV	False	('D', 'G', 'B')	D	G	2.0	major triad	(2, 7, 11)	D	D	4	None
280.5	561/2	0.5	1/2	94.0	D3	50.0	False	Violoncello	1	94.0	3.0	188.0	IV	False	('D', 'G', 'B')	D	G	2.0	major triad	(2, 7, 11)	D	D	4	None
280.5	561/2	1.5	3/2	94.0	D2	38.0	True	Violoncello	1	94.0	3.0	188.0	IV	False	('D', 'G', 'B')	D	G	2.0	major triad	(2, 7, 11)	D	D	4	None
281.0	281	0.5	1/2	94.0	B3	59.0	True	Violoncello	1	94.0	3.0	188.0	IV	False	('D', 'G', 'B')	D	G	2.0	major triad	(2, 7, 11)	D	D	4	None
281.5	563/2	0.5	1/2	94.0	F#5	78.0	True	Violoncello	1	94.0	3.0	188.0	IV	False	('D', 'G', 'B')	D	G	2.0	major triad	(2, 7, 11)	D	D	4	None
281.5	563/2	0.5	1/2	94.0	G3	55.0	True	Violoncello	1	94.0	3.0	188.0	IV	False	('D', 'G', 'B')	D	G	2.0	major triad	(2, 7, 11)	D	D	4	None
282.0	282	0.5	1/2	95.0	D2	38.0	False	Violoncello	1	95.0	3.0	189.0	V7	True	('A', 'C#', 'E', 'G')	A	A	0.0	dominant seventh chord	(1, 4, 7, 9)	D	D	5	None
282.0	282	1.5	3/2	95.0	D3	50.0	True	Violoncello	1	95.0	3.0	189.0	V7	True	('A', 'C#', 'E', 'G')	A	A	0.0	dominant seventh chord	(1, 4, 7, 9)	D	D	5	None
282.0	282	0.5	1/2	95.0	E5	76.0	True	Violoncello	1	95.0	3.0	189.0	V7	True	('A', 'C#', 'E', 'G')	A	A	0.0	dominant seventh chord	(1, 4, 7, 9)	D	D	5	None
282.0	282	3.0	3	95.0	C#4	61.0	True	Violoncello	1	95.0	3.0	189.0	V7	True	('A', 'C#', 'E', 'G')	A	A	0.0	dominant seventh chord	(1, 4, 7, 9)	D	D	5	None
282.0	282	3.0	3	95.0	E4	64.0	True	Violoncello	1	95.0	3.0	189.0	V7	True	('A', 'C#', 'E', 'G')	A	A	0.0	dominant seventh chord	(1, 4, 7, 9)	D	D	5	None
282.5	565/2	0.5	1/2	95.0	A2	45.0	True	Violoncello	1	95.0	3.0	189.0	V7	False	('A', 'C#', 'E', 'G')	A	A	0.0	dominant seventh chord	(1, 4, 7, 9)	D	D	5	None
283.0	283	0.5	1/2	95.0	G2	43.0	True	Violoncello	1	95.0	3.0	189.0	V7	False	('A', 'C#', 'E', 'G')	A	A	0.0	dominant seventh chord	(1, 4, 7, 9)	D	D	5	None
283.0	283	0.5	1/2	95.0	F#5	78.0	True	Violoncello	1	95.0	3.0	189.0	V7	False	('A', 'C#', 'E', 'G')	A	A	0.0	dominant seventh chord	(1, 4, 7, 9)	D	D	5	None
283.5	567/2	0.5	1/2	95.0	G5	79.0	True	Violoncello	1	95.0	3.0	189.0	V7	False	('A', 'C#', 'E', 'G')	A	A	0.0	dominant seventh chord	(1, 4, 7, 9)	D	D	5	None
283.5	567/2	0.5	1/2	95.0	D3	50.0	False	Violoncello	1	95.0	3.0	189.0	V7	False	('A', 'C#', 'E', 'G')	A	A	0.0	dominant seventh chord	(1, 4, 7, 9)	D	D	5	None
283.5	567/2	1.5	3/2	95.0	D2	38.0	True	Violoncello	1	95.0	3.0	189.0	V7	False	('A', 'C#', 'E', 'G')	A	A	0.0	dominant seventh chord	(1, 4, 7, 9)	D	D	5	None
284.0	284	0.5	1/2	95.0	A3	57.0	True	Violoncello	1	95.0	3.0	189.0	V7	False	('A', 'C#', 'E', 'G')	A	A	0.0	dominant seventh chord	(1, 4, 7, 9)	D	D	5	None
284.5	569/2	0.5	1/2	95.0	G#5	80.0	True	Violoncello	1	95.0	3.0	189.0	V7	False	('A', 'C#', 'E', 'G')	A	A	0.0	dominant seventh chord	(1, 4, 7, 9)	D	D	5	None
284.5	569/2	0.5	1/2	95.0	G3	55.0	True	Violoncello	1	95.0	3.0	189.0	V7	False	('A', 'C#', 'E', 'G')	A	A	0.0	dominant seventh chord	(1, 4, 7, 9)	D	D	5	None
285.0	285	0.5	1/2	96.0	D2	38.0	False	Violoncello	1	96.0	1.5	190.0	V7	True	('A', 'C#', 'E', 'G')	A	A	0.0	dominant seventh chord	(1, 4, 7, 9)	D	D	5	None
285.0	285	0.5	1/2	96.0	D3	50.0	True	Violoncello	1	96.0	1.5	190.0	V7	True	('A', 'C#', 'E', 'G')	A	A	0.0	dominant seventh chord	(1, 4, 7, 9)	D	D	5	None
285.0	285	1.5	3/2	96.0	E4	64.0	False	Violoncello	1	96.0	1.5	190.0	V7	True	('A', 'C#', 'E', 'G')	A	A	0.0	dominant seventh chord	(1, 4, 7, 9)	D	D	5	None
285.0	285	1.5	3/2	96.0	C#4	61.0	False	Violoncello	1	96.0	1.5	190.0	V7	True	('A', 'C#', 'E', 'G')	A	A	0.0	dominant seventh chord	(1, 4, 7, 9)	D	D	5	None
285.0	285	1.5	3/2	96.0	A5	81.0	True	Violoncello	1	96.0	1.5	190.0	V7	True	('A', 'C#', 'E', 'G')	A	A	0.0	dominant seventh chord	(1, 4, 7, 9)	D	D	5	None
285.5	571/2	0.5	1/2	96.0	A3	57.0	True	Violoncello	1	96.0	1.5	190.0	V7	False	('A', 'C#', 'E', 'G')	A	A	0.0	dominant seventh chord	(1, 4, 7, 9)	D	D	5	None
285.5	571/2	0.5	1/2	96.0	A2	45.0	True	Violoncello	1	96.0	1.5	190.0	V7	False	('A', 'C#', 'E', 'G')	A	A	0.0	dominant seventh chord	(1, 4, 7, 9)	D	D	5	None
286.0	286	0.5	1/2	96.0	G3	55.0	True	Violoncello	1	96.0	1.5	190.0	V7	False	('A', 'C#', 'E', 'G')	A	A	0.0	dominant seventh chord	(1, 4, 7, 9)	D	D	5	None
286.0	286	0.5	1/2	96.0	G2	43.0	True	Violoncello	1	96.0	1.5	190.0	V7	False	('A', 'C#', 'E', 'G')	A	A	0.0	dominant seventh chord	(1, 4, 7, 9)	D	D	5	None
286.5	573/2	0.5	1/2	96.0	D2	38.0	True	Violoncello	1	96.0	1.5	191.0	I	True	('D', 'F#', 'A')	D	D	0.0	major triad	(2, 6, 9)	D	D	1	None
286.5	573/2	0.5	1/2	96.0	D3	50.0	True	Violoncello	1	96.0	1.5	191.0	I	True	('D', 'F#', 'A')	D	D	0.0	major triad	(2, 6, 9)	D	D	1	None
286.5	573/2	0.5	1/2	96.0	F#5	78.0	True	Violoncello	1	96.0	1.5	191.0	I	True	('D', 'F#', 'A')	D	D	0.0	major triad	(2, 6, 9)	D	D	1	None
286.5	573/2	1.5	3/2	96.0	D4	62.0	True	Violoncello	1	96.0	1.5	191.0	I	True	('D', 'F#', 'A')	D	D	0.0	major triad	(2, 6, 9)	D	D	1	None
287.0	287	0.5	1/2	96.0	D5	74.0	True	Violoncello	1	96.0	1.5	191.0	I	False	('D', 'F#', 'A')	D	D	0.0	major triad	(2, 6, 9)	D	D	1	None
287.0	287	0.5	1/2	96.0	A3	57.0	True	Violoncello	1	96.0	1.5	191.0	I	False	('D', 'F#', 'A')	D	D	0.0	major triad	(2, 6, 9)	D	D	1	None
287.0	287	0.5	1/2	96.0	A2	45.0	True	Violoncello	1	96.0	1.5	191.0	I	False	('D', 'F#', 'A')	D	D	0.0	major triad	(2, 6, 9)	D	D	1	None
287.5	575/2	0.5	1/2	96.0	E5	76.0	True	Violoncello	1	96.0	1.5	191.0	I	False	('D', 'F#', 'A')	D	D	0.0	major triad	(2, 6, 9)	D	D	1	None
287.5	575/2	0.5	1/2	96.0	F#3	54.0	True	Violoncello	1	96.0	1.5	191.0	I	False	('D', 'F#', 'A')	D	D	0.0	major triad	(2, 6, 9)	D	D	1	None
287.5	575/2	0.5	1/2	96.0	F#2	42.0	True	Violoncello	1	96.0	1.5	191.0	I	False	('D', 'F#', 'A')	D	D	0.0	major triad	(2, 6, 9)	D	D	1	None
288.0	288	0.5	1/2	97.0	F#5	78.0	True	Violoncello	1	97.0	3.0	192.0	V7/IV	True	('D', 'F#', 'A', 'C')	D	D	0.0	dominant seventh chord	(0, 2, 6, 9)	D	G	5	4
288.0	288	1.5	3/2	97.0	D4	62.0	False	Violoncello	1	97.0	3.0	192.0	V7/IV	True	('D', 'F#', 'A', 'C')	D	D	0.0	dominant seventh chord	(0, 2, 6, 9)	D	G	5	4
288.0	288	1.5	3/2	97.0	D3	50.0	True	Violoncello	1	97.0	3.0	192.0	V7/IV	True	('D', 'F#', 'A', 'C')	D	D	0.0	dominant seventh chord	(0, 2, 6, 9)	D	G	5	4
288.0	288	0.5	1/2	97.0	D2	38.0	True	Violoncello	1	97.0	3.0	192.0	V7/IV	True	('D', 'F#', 'A', 'C')	D	D	0.0	dominant seventh chord	(0, 2, 6, 9)	D	G	5	4
288.5	577/2	0.5	1/2	97.0	F#5	78.0	True	Violoncello	1	97.0	3.0	192.0	V7/IV	False	('D', 'F#', 'A', 'C')	D	D	0.0	dominant seventh chord	(0, 2, 6, 9)	D	G	5	4
288.5	577/2	0.5	1/2	97.0	C3	48.0	True	Violoncello	1	97.0	3.0	192.0	V7/IV	False	('D', 'F#', 'A', 'C')	D	D	0.0	dominant seventh chord	(0, 2, 6, 9)	D	G	5	4
289.0	289	0.5	1/2	97.0	G5	79.0	True	Violoncello	1	97.0	3.0	192.0	V7/IV	False	('D', 'F#', 'A', 'C')	D	D	0.0	dominant seventh chord	(0, 2, 6, 9)	D	G	5	4
289.0	289	0.5	1/2	97.0	A2	45.0	True	Violoncello	1	97.0	3.0	192.0	V7/IV	False	('D', 'F#', 'A', 'C')	D	D	0.0	dominant seventh chord	(0, 2, 6, 9)	D	G	5	4
289.5	579/2	0.5	1/2	97.0	A5	81.0	True	Violoncello	1	97.0	3.0	192.0	V7/IV	False	('D', 'F#', 'A', 'C')	D	D	0.0	dominant seventh chord	(0, 2, 6, 9)	D	G	5	4
289.5	579/2	1.5	3/2	97.0	C4	60.0	True	Violoncello	1	97.0	3.0	192.0	V7/IV	False	('D', 'F#', 'A', 'C')	D	D	0.0	dominant seventh chord	(0, 2, 6, 9)	D	G	5	4
289.5	579/2	1.5	3/2	97.0	D4	62.0	True	Violoncello	1	97.0	3.0	192.0	V7/IV	False	('D', 'F#', 'A', 'C')	D	D	0.0	dominant seventh chord	(0, 2, 6, 9)	D	G	5	4
289.5	579/2	0.5	1/2	97.0	D3	50.0	False	Violoncello	1	97.0	3.0	192.0	V7/IV	False	('D', 'F#', 'A', 'C')	D	D	0.0	dominant seventh chord	(0, 2, 6, 9)	D	G	5	4
289.5	579/2	1.5	3/2	97.0	D2	38.0	True	Violoncello	1	97.0	3.0	192.0	V7/IV	False	('D', 'F#', 'A', 'C')	D	D	0.0	dominant seventh chord	(0, 2, 6, 9)	D	G	5	4
290.0	290	0.5	1/2	97.0	A5	81.0	True	Violoncello	1	97.0	3.0	192.0	V7/IV	False	('D', 'F#', 'A', 'C')	D	D	0.0	dominant seventh chord	(0, 2, 6, 9)	D	G	5	4
290.0	290	0.5	1/2	97.0	C4	60.0	True	Violoncello	1	97.0	3.0	192.0	V7/IV	False	('D', 'F#', 'A', 'C')	D	D	0.0	dominant seventh chord	(0, 2, 6, 9)	D	G	5	4
290.5	581/2	0.5	1/2	97.0	A#5	82.0	True	Violoncello	1	97.0	3.0	192.0	V7/IV	False	('D', 'F#', 'A', 'C')	D	D	0.0	dominant seventh chord	(0, 2, 6, 9)	D	G	5	4
290.5	581/2	0.5	1/2	97.0	A3	57.0	True	Violoncello	1	97.0	3.0	192.0	V7/IV	False	('D', 'F#', 'A', 'C')	D	D	0.0	dominant seventh chord	(0, 2, 6, 9)	D	G	5	4
291.0	291	0.5	1/2	98.0	D2	38.0	False	Violoncello	1	98.0	3.0	193.0	IV	True	('D', 'G', 'B')	D	G	2.0	major triad	(2, 7, 11)	D	D	4	None
291.0	291	1.5	3/2	98.0	D3	50.0	True	Violoncello	1	98.0	3.0	193.0	IV	True	('D', 'G', 'B')	D	G	2.0	major triad	(2, 7, 11)	D	D	4	None
291.0	291	1.5	3/2	98.0	B5	83.0	True	Violoncello	1	98.0	3.0	193.0	IV	True	('D', 'G', 'B')	D	G	2.0	major triad	(2, 7, 11)	D	D	4	None
291.0	291	3.0	3	98.0	B3	59.0	True	Violoncello	1	98.0	3.0	193.0	IV	True	('D', 'G', 'B')	D	G	2.0	major triad	(2, 7, 11)	D	D	4	None
291.0	291	3.0	3	98.0	D4	62.0	True	Violoncello	1	98.0	3.0	193.0	IV	True	('D', 'G', 'B')	D	G	2.0	major triad	(2, 7, 11)	D	D	4	None
291.5	583/2	0.5	1/2	98.0	B2	47.0	True	Violoncello	1	98.0	3.0	193.0	IV	False	('D', 'G', 'B')	D	G	2.0	major triad	(2, 7, 11)	D	D	4	None
292.0	292	0.5	1/2	98.0	G2	43.0	True	Violoncello	1	98.0	3.0	193.0	IV	False	('D', 'G', 'B')	D	G	2.0	major triad	(2, 7, 11)	D	D	4	None
292.5	585/2	0.5	1/2	98.0	G5	79.0	True	Violoncello	1	98.0	3.0	193.0	IV	False	('D', 'G', 'B')	D	G	2.0	major triad	(2, 7, 11)	D	D	4	None
292.5	585/2	0.5	1/2	98.0	D3	50.0	False	Violoncello	1	98.0	3.0	193.0	IV	False	('D', 'G', 'B')	D	G	2.0	major triad	(2, 7, 11)	D	D	4	None
292.5	585/2	1.5	3/2	98.0	D2	38.0	True	Violoncello	1	98.0	3.0	193.0	IV	False	('D', 'G', 'B')	D	G	2.0	major triad	(2, 7, 11)	D	D	4	None
293.0	293	0.5	1/2	98.0	B3	59.0	True	Violoncello	1	98.0	3.0	193.0	IV	False	('D', 'G', 'B')	D	G	2.0	major triad	(2, 7, 11)	D	D	4	None
293.5	587/2	0.5	1/2	98.0	F#5	78.0	True	Violoncello	1	98.0	3.0	193.0	IV	False	('D', 'G', 'B')	D	G	2.0	major triad	(2, 7, 11)	D	D	4	None
293.5	587/2	0.5	1/2	98.0	G3	55.0	True	Violoncello	1	98.0	3.0	193.0	IV	False	('D', 'G', 'B')	D	G	2.0	major triad	(2, 7, 11)	D	D	4	None
294.0	294	0.5	1/2	99.0	D2	38.0	True	Violoncello	1	99.0	2.5	194.0	V7	True	('A', 'C#', 'E', 'G')	A	A	0.0	dominant seventh chord	(1, 4, 7, 9)	D	D	5	None
294.0	294	3.0	3	99.0	C#4	61.0	True	Violoncello	1	99.0	2.5	194.0	V7	True	('A', 'C#', 'E', 'G')	A	A	0.0	dominant seventh chord	(1, 4, 7, 9)	D	D	5	None
294.0	294	0.5	1/2	99.0	E5	76.0	True	Violoncello	1	99.0	2.5	194.0	V7	True	('A', 'C#', 'E', 'G')	A	A	0.0	dominant seventh chord	(1, 4, 7, 9)	D	D	5	None
294.0	294	0.5	1/2	99.0	D3	50.0	True	Violoncello	1	99.0	2.5	194.0	V7	True	('A', 'C#', 'E', 'G')	A	A	0.0	dominant seventh chord	(1, 4, 7, 9)	D	D	5	None
294.5	589/2	0.5	1/2	99.0	A3	57.0	True	Violoncello	1	99.0	2.5	194.0	V7	False	('A', 'C#', 'E', 'G')	A	A	0.0	dominant seventh chord	(1, 4, 7, 9)	D	D	5	None
294.5	589/2	0.5	1/2	99.0	A2	45.0	True	Violoncello	1	99.0	2.5	194.0	V7	False	('A', 'C#', 'E', 'G')	A	A	0.0	dominant seventh chord	(1, 4, 7, 9)	D	D	5	None
295.0	295	0.5	1/2	99.0	F#5	78.0	True	Violoncello	1	99.0	2.5	194.0	V7	False	('A', 'C#', 'E', 'G')	A	A	0.0	dominant seventh chord	(1, 4, 7, 9)	D	D	5	None
295.0	295	0.5	1/2	99.0	G3	55.0	True	Violoncello	1	99.0	2.5	194.0	V7	False	('A', 'C#', 'E', 'G')	A	A	0.0	dominant seventh chord	(1, 4, 7, 9)	D	D	5	None
295.0	295	0.5	1/2	99.0	G2	43.0	True	Violoncello	1	99.0	2.5	194.0	V7	False	('A', 'C#', 'E', 'G')	A	A	0.0	dominant seventh chord	(1, 4, 7, 9)	D	D	5	None
295.5	591/2	0.5	1/2	99.0	G5	79.0	True	Violoncello	1	99.0	2.5	194.0	V7	False	('A', 'C#', 'E', 'G')	A	A	0.0	dominant seventh chord	(1, 4, 7, 9)	D	D	5	None
295.5	591/2	0.5	1/2	99.0	D3	50.0	True	Violoncello	1	99.0	2.5	194.0	V7	False	('A', 'C#', 'E', 'G')	A	A	0.0	dominant seventh chord	(1, 4, 7, 9)	D	D	5	None
295.5	591/2	0.5	1/2	99.0	D2	38.0	True	Violoncello	1	99.0	2.5	194.0	V7	False	('A', 'C#', 'E', 'G')	A	A	0.0	dominant seventh chord	(1, 4, 7, 9)	D	D	5	None
296.0	296	0.5	1/2	99.0	A2	45.0	True	Violoncello	1	99.0	2.5	194.0	V7	False	('A', 'C#', 'E', 'G')	A	A	0.0	dominant seventh chord	(1, 4, 7, 9)	D	D	5	None
296.0	296	0.5	1/2	99.0	A3	57.0	True	Violoncello	1	99.0	2.5	194.0	V7	False	('A', 'C#', 'E', 'G')	A	A	0.0	dominant seventh chord	(1, 4, 7, 9)	D	D	5	None
296.5	593/2	0.5	1/2	99.0	G2	43.0	True	Violoncello	1	99.0	0.5	195.0	V7	True	('G', 'A', 'C#', 'E')	G	A	3.0	dominant seventh chord	(1, 4, 7, 9)	D	D	5	None
296.5	593/2	0.5	1/2	99.0	A5	81.0	True	Violoncello	1	99.0	0.5	195.0	V7	True	('G', 'A', 'C#', 'E')	G	A	3.0	dominant seventh chord	(1, 4, 7, 9)	D	D	5	None
296.5	593/2	0.5	1/2	99.0	G3	55.0	True	Violoncello	1	99.0	0.5	195.0	V7	True	('G', 'A', 'C#', 'E')	G	A	3.0	dominant seventh chord	(1, 4, 7, 9)	D	D	5	None
297.0	297	1.0	1	100.0	D2	38.0	True	Violoncello	1	100.0	3.0	196.0	I	True	('F#', 'A', 'D')	F#	D	1.0	major triad	(2, 6, 9)	D	D	1	None
297.0	297	1.0	1	100.0	D5	74.0	True	Violoncello	1	100.0	3.0	196.0	I	True	('F#', 'A', 'D')	F#	D	1.0	major triad	(2, 6, 9)	D	D	1	None
297.0	297	1.0	1	100.0	D4	62.0	True	Violoncello	1	100.0	3.0	196.0	I	True	('F#', 'A', 'D')	F#	D	1.0	major triad	(2, 6, 9)	D	D	1	None
297.0	297	1.0	1	100.0	F#3	54.0	True	Violoncello	1	100.0	3.0	196.0	I	True	('F#', 'A', 'D')	F#	D	1.0	major triad	(2, 6, 9)	D	D	1	None
298.5	597/2	0.25	1/4	100.0	D4	62.0	True	Violoncello	1	100.0	3.0	196.0	I	False	('F#', 'A', 'D')	F#	D	1.0	major triad	(2, 6, 9)	D	D	1	None
298.75	1195/4	0.25	1/4	100.0	E4	64.0	True	Violoncello	1	100.0	3.0	196.0	I	False	('F#', 'A', 'D')	F#	D	1.0	major triad	(2, 6, 9)	D	D	1	None
299.0	299	0.25	1/4	100.0	F#4	66.0	True	Violoncello	1	100.0	3.0	196.0	I	False	('F#', 'A', 'D')	F#	D	1.0	major triad	(2, 6, 9)	D	D	1	None
299.25	1197/4	0.25	1/4	100.0	G4	67.0	True	Violoncello	1	100.0	3.0	196.0	I	False	('F#', 'A', 'D')	F#	D	1.0	major triad	(2, 6, 9)	D	D	1	None
299.5	599/2	0.25	1/4	100.0	A4	69.0	True	Violoncello	1	100.0	3.0	196.0	I	False	('F#', 'A', 'D')	F#	D	1.0	major triad	(2, 6, 9)	D	D	1	None
299.75	1199/4	0.25	1/4	100.0	F#4	66.0	True	Violoncello	1	100.0	3.0	196.0	I	False	('F#', 'A', 'D')	F#	D	1.0	major triad	(2, 6, 9)	D	D	1	None
300.0	300	1.0	1	101.0	G4	67.0	True	Violoncello	1	101.0	1.5	197.0	V7	True	('G', 'A', 'C#', 'E')	G	A	3.0	dominant seventh chord	(1, 4, 7, 9)	D	D	5	None
300.5	601/2	0.5	1/2	101.0	A5	81.0	True	Violoncello	1	101.0	1.5	197.0	V7	False	('G', 'A', 'C#', 'E')	G	A	3.0	dominant seventh chord	(1, 4, 7, 9)	D	D	5	None
301.0	301	0.5	1/2	101.0	A5	81.0	True	Violoncello	1	101.0	1.5	197.0	V7	False	('G', 'A', 'C#', 'E')	G	A	3.0	dominant seventh chord	(1, 4, 7, 9)	D	D	5	None
301.5	603/2	0.25	1/4	101.0	A3	57.0	True	Violoncello	1	101.0	1.5	198.0	V7	True	('A', 'C#', 'E', 'G')	A	A	0.0	dominant seventh chord	(1, 4, 7, 9)	D	D	5	None
301.5	603/2	0.25	1/4	101.0	C#4	61.0	True	Violoncello	1	101.0	1.5	198.0	V7	True	('A', 'C#', 'E', 'G')	A	A	0.0	dominant seventh chord	(1, 4, 7, 9)	D	D	5	None
301.75	1207/4	0.25	1/4	101.0	D4	62.0	True	Violoncello	1	101.0	1.5	198.0	V7	False	('A', 'C#', 'E', 'G')	A	A	0.0	dominant seventh chord	(1, 4, 7, 9)	D	D	5	None
301.75	1207/4	0.25	1/4	101.0	B3	59.0	True	Violoncello	1	101.0	1.5	198.0	V7	False	('A', 'C#', 'E', 'G')	A	A	0.0	dominant seventh chord	(1, 4, 7, 9)	D	D	5	None
302.0	302	0.25	1/4	101.0	E4	64.0	True	Violoncello	1	101.0	1.5	198.0	V7	False	('A', 'C#', 'E', 'G')	A	A	0.0	dominant seventh chord	(1, 4, 7, 9)	D	D	5	None
302.0	302	0.25	1/4	101.0	C#4	61.0	True	Violoncello	1	101.0	1.5	198.0	V7	False	('A', 'C#', 'E', 'G')	A	A	0.0	dominant seventh chord	(1, 4, 7, 9)	D	D	5	None
302.25	1209/4	0.25	1/4	101.0	F#4	66.0	True	Violoncello	1	101.0	1.5	198.0	V7	False	('A', 'C#', 'E', 'G')	A	A	0.0	dominant seventh chord	(1, 4, 7, 9)	D	D	5	None
302.25	1209/4	0.25	1/4	101.0	D4	62.0	True	Violoncello	1	101.0	1.5	198.0	V7	False	('A', 'C#', 'E', 'G')	A	A	0.0	dominant seventh chord	(1, 4, 7, 9)	D	D	5	None
302.5	605/2	0.25	1/4	101.0	E4	64.0	True	Violoncello	1	101.0	1.5	198.0	V7	False	('A', 'C#', 'E', 'G')	A	A	0.0	dominant seventh chord	(1, 4, 7, 9)	D	D	5	None
302.5	605/2	0.25	1/4	101.0	G4	67.0	True	Violoncello	1	101.0	1.5	198.0	V7	False	('A', 'C#', 'E', 'G')	A	A	0.0	dominant seventh chord	(1, 4, 7, 9)	D	D	5	None
302.75	1211/4	0.25	1/4	101.0	E4	64.0	True	Violoncello	1	101.0	1.5	198.0	V7	False	('A', 'C#', 'E', 'G')	A	A	0.0	dominant seventh chord	(1, 4, 7, 9)	D	D	5	None
302.75	1211/4	0.25	1/4	101.0	C#4	61.0	True	Violoncello	1	101.0	1.5	198.0	V7	False	('A', 'C#', 'E', 'G')	A	A	0.0	dominant seventh chord	(1, 4, 7, 9)	D	D	5	None
303.0	303	1.0	1	102.0	F#4	66.0	True	Violoncello	1	102.0	3.0	199.0	I	True	('D', 'F#', 'A')	D	D	0.0	major triad	(2, 6, 9)	D	D	1	None
303.0	303	1.0	1	102.0	D4	62.0	True	Violoncello	1	102.0	3.0	199.0	I	True	('D', 'F#', 'A')	D	D	0.0	major triad	(2, 6, 9)	D	D	1	None
303.5	607/2	0.5	1/2	102.0	D6	86.0	True	Violoncello	1	102.0	3.0	199.0	I	False	('D', 'F#', 'A')	D	D	0.0	major triad	(2, 6, 9)	D	D	1	None
304.0	304	0.5	1/2	102.0	D6	86.0	True	Violoncello	1	102.0	3.0	199.0	I	False	('D', 'F#', 'A')	D	D	0.0	major triad	(2, 6, 9)	D	D	1	None
304.5	609/2	0.25	1/4	102.0	D5	74.0	True	Violoncello	1	102.0	3.0	199.0	I	False	('D', 'F#', 'A')	D	D	0.0	major triad	(2, 6, 9)	D	D	1	None
304.5	609/2	0.25	1/4	102.0	D4	62.0	True	Violoncello	1	102.0	3.0	199.0	I	False	('D', 'F#', 'A')	D	D	0.0	major triad	(2, 6, 9)	D	D	1	None
304.5	609/2	0.25	1/4	102.0	D3	50.0	True	Violoncello	1	102.0	3.0	199.0	I	False	('D', 'F#', 'A')	D	D	0.0	major triad	(2, 6, 9)	D	D	1	None
304.5	609/2	0.25	1/4	102.0	D3	50.0	True	Violoncello	1	102.0	3.0	199.0	I	False	('D', 'F#', 'A')	D	D	0.0	major triad	(2, 6, 9)	D	D	1	None
304.75	1219/4	0.25	1/4	102.0	E3	52.0	True	Violoncello	1	102.0	3.0	199.0	I	False	('D', 'F#', 'A')	D	D	0.0	major triad	(2, 6, 9)	D	D	1	None
304.75	1219/4	0.25	1/4	102.0	E3	52.0	True	Violoncello	1	102.0	3.0	199.0	I	False	('D', 'F#', 'A')	D	D	0.0	major triad	(2, 6, 9)	D	D	1	None
304.75	1219/4	0.25	1/4	102.0	E5	76.0	True	Violoncello	1	102.0	3.0	199.0	I	False	('D', 'F#', 'A')	D	D	0.0	major triad	(2, 6, 9)	D	D	1	None
304.75	1219/4	0.25	1/4	102.0	E4	64.0	True	Violoncello	1	102.0	3.0	199.0	I	False	('D', 'F#', 'A')	D	D	0.0	major triad	(2, 6, 9)	D	D	1	None
305.0	305	0.25	1/4	102.0	F#5	78.0	True	Violoncello	1	102.0	3.0	199.0	I	False	('D', 'F#', 'A')	D	D	0.0	major triad	(2, 6, 9)	D	D	1	None
305.0	305	0.25	1/4	102.0	F#4	66.0	True	Violoncello	1	102.0	3.0	199.0	I	False	('D', 'F#', 'A')	D	D	0.0	major triad	(2, 6, 9)	D	D	1	None
305.0	305	0.25	1/4	102.0	F#3	54.0	True	Violoncello	1	102.0	3.0	199.0	I	False	('D', 'F#', 'A')	D	D	0.0	major triad	(2, 6, 9)	D	D	1	None
305.0	305	0.25	1/4	102.0	F#3	54.0	True	Violoncello	1	102.0	3.0	199.0	I	False	('D', 'F#', 'A')	D	D	0.0	major triad	(2, 6, 9)	D	D	1	None
305.25	1221/4	0.25	1/4	102.0	G5	79.0	True	Violoncello	1	102.0	3.0	199.0	I	False	('D', 'F#', 'A')	D	D	0.0	major triad	(2, 6, 9)	D	D	1	None
305.25	1221/4	0.25	1/4	102.0	G4	67.0	True	Violoncello	1	102.0	3.0	199.0	I	False	('D', 'F#', 'A')	D	D	0.0	major triad	(2, 6, 9)	D	D	1	None
305.25	1221/4	0.25	1/4	102.0	G3	55.0	True	Violoncello	1	102.0	3.0	199.0	I	False	('D', 'F#', 'A')	D	D	0.0	major triad	(2, 6, 9)	D	D	1	None
305.25	1221/4	0.25	1/4	102.0	G3	55.0	True	Violoncello	1	102.0	3.0	199.0	I	False	('D', 'F#', 'A')	D	D	0.0	major triad	(2, 6, 9)	D	D	1	None
305.5	611/2	0.25	1/4	102.0	A3	57.0	True	Violoncello	1	102.0	3.0	199.0	I	False	('D', 'F#', 'A')	D	D	0.0	major triad	(2, 6, 9)	D	D	1	None
305.5	611/2	0.25	1/4	102.0	A3	57.0	True	Violoncello	1	102.0	3.0	199.0	I	False	('D', 'F#', 'A')	D	D	0.0	major triad	(2, 6, 9)	D	D	1	None
305.5	611/2	0.25	1/4	102.0	A5	81.0	True	Violoncello	1	102.0	3.0	199.0	I	False	('D', 'F#', 'A')	D	D	0.0	major triad	(2, 6, 9)	D	D	1	None
305.5	611/2	0.25	1/4	102.0	A4	69.0	True	Violoncello	1	102.0	3.0	199.0	I	False	('D', 'F#', 'A')	D	D	0.0	major triad	(2, 6, 9)	D	D	1	None
305.75	1223/4	0.25	1/4	102.0	F#4	66.0	True	Violoncello	1	102.0	3.0	199.0	I	False	('D', 'F#', 'A')	D	D	0.0	major triad	(2, 6, 9)	D	D	1	None
305.75	1223/4	0.25	1/4	102.0	F#3	54.0	True	Violoncello	1	102.0	3.0	199.0	I	False	('D', 'F#', 'A')	D	D	0.0	major triad	(2, 6, 9)	D	D	1	None
305.75	1223/4	0.25	1/4	102.0	F#5	78.0	True	Violoncello	1	102.0	3.0	199.0	I	False	('D', 'F#', 'A')	D	D	0.0	major triad	(2, 6, 9)	D	D	1	None
305.75	1223/4	0.25	1/4	102.0	F#3	54.0	True	Violoncello	1	102.0	3.0	199.0	I	False	('D', 'F#', 'A')	D	D	0.0	major triad	(2, 6, 9)	D	D	1	None
306.0	306	0.5	1/2	103.0	B5	83.0	True	Violoncello	1	103.0	1.5	200.0	IV	True	('G', 'B', 'D')	G	G	0.0	major triad	(2, 7, 11)	D	D	4	None
306.0	306	1.0	1	103.0	G4	67.0	True	Violoncello	1	103.0	1.5	200.0	IV	True	('G', 'B', 'D')	G	G	0.0	major triad	(2, 7, 11)	D	D	4	None
306.0	306	1.0	1	103.0	G3	55.0	True	Violoncello	1	103.0	1.5	200.0	IV	True	('G', 'B', 'D')	G	G	0.0	major triad	(2, 7, 11)	D	D	4	None
306.0	306	1.0	1	103.0	G2	43.0	True	Violoncello	1	103.0	1.5	200.0	IV	True	('G', 'B', 'D')	G	G	0.0	major triad	(2, 7, 11)	D	D	4	None
306.5	613/2	0.5	1/2	103.0	G4	67.0	True	Violoncello	1	103.0	1.5	200.0	IV	False	('G', 'B', 'D')	G	G	0.0	major triad	(2, 7, 11)	D	D	4	None
307.0	307	0.5	1/2	103.0	G4	67.0	True	Violoncello	1	103.0	1.5	200.0	IV	False	('G', 'B', 'D')	G	G	0.0	major triad	(2, 7, 11)	D	D	4	None
307.5	615/2	1.0	1	103.0	A2	45.0	True	Violoncello	1	103.0	1.5	201.0	V	True	('A', 'C#', 'E')	A	A	0.0	major triad	(1, 4, 9)	D	D	5	None
307.5	615/2	0.5	1/2	103.0	C#6	85.0	True	Violoncello	1	103.0	1.5	201.0	V	True	('A', 'C#', 'E')	A	A	0.0	major triad	(1, 4, 9)	D	D	5	None
307.5	615/2	1.0	1	103.0	A4	69.0	True	Violoncello	1	103.0	1.5	201.0	V	True	('A', 'C#', 'E')	A	A	0.0	major triad	(1, 4, 9)	D	D	5	None
307.5	615/2	1.0	1	103.0	A3	57.0	True	Violoncello	1	103.0	1.5	201.0	V	True	('A', 'C#', 'E')	A	A	0.0	major triad	(1, 4, 9)	D	D	5	None
308.0	308	0.5	1/2	103.0	A4	69.0	True	Violoncello	1	103.0	1.5	201.0	V	False	('A', 'C#', 'E')	A	A	0.0	major triad	(1, 4, 9)	D	D	5	None
308.5	617/2	0.5	1/2	103.0	A4	69.0	True	Violoncello	1	103.0	1.5	201.0	V	False	('A', 'C#', 'E')	A	A	0.0	major triad	(1, 4, 9)	D	D	5	None
309.0	309	0.5	1/2	104.0	D6	86.0	True	Violoncello	1	104.0	3.0	202.0	I	True	('D', 'F#', 'A')	D	D	0.0	major triad	(2, 6, 9)	D	D	1	None
309.0	309	1.0	1	104.0	D4	62.0	True	Violoncello	1	104.0	3.0	202.0	I	True	('D', 'F#', 'A')	D	D	0.0	major triad	(2, 6, 9)	D	D	1	None
309.0	309	1.0	1	104.0	D3	50.0	True	Violoncello	1	104.0	3.0	202.0	I	True	('D', 'F#', 'A')	D	D	0.0	major triad	(2, 6, 9)	D	D	1	None
309.0	309	1.0	1	104.0	D2	38.0	True	Violoncello	1	104.0	3.0	202.0	I	True	('D', 'F#', 'A')	D	D	0.0	major triad	(2, 6, 9)	D	D	1	None
309.5	619/2	0.5	1/2	104.0	D4	62.0	True	Violoncello	1	104.0	3.0	202.0	I	False	('D', 'F#', 'A')	D	D	0.0	major triad	(2, 6, 9)	D	D	1	None
310.0	310	0.5	1/2	104.0	D4	62.0	True	Violoncello	1	104.0	3.0	202.0	I	False	('D', 'F#', 'A')	D	D	0.0	major triad	(2, 6, 9)	D	D	1	None
310.5	621/2	0.25	1/4	104.0	D4	62.0	True	Violoncello	1	104.0	3.0	202.0	I	False	('D', 'F#', 'A')	D	D	0.0	major triad	(2, 6, 9)	D	D	1	None
310.75	1243/4	0.25	1/4	104.0	E4	64.0	True	Violoncello	1	104.0	3.0	202.0	I	False	('D', 'F#', 'A')	D	D	0.0	major triad	(2, 6, 9)	D	D	1	None
311.0	311	0.25	1/4	104.0	F#4	66.0	True	Violoncello	1	104.0	3.0	202.0	I	False	('D', 'F#', 'A')	D	D	0.0	major triad	(2, 6, 9)	D	D	1	None
311.25	1245/4	0.25	1/4	104.0	G4	67.0	True	Violoncello	1	104.0	3.0	202.0	I	False	('D', 'F#', 'A')	D	D	0.0	major triad	(2, 6, 9)	D	D	1	None
311.5	623/2	0.25	1/4	104.0	A4	69.0	True	Violoncello	1	104.0	3.0	202.0	I	False	('D', 'F#', 'A')	D	D	0.0	major triad	(2, 6, 9)	D	D	1	None
311.75	1247/4	0.25	1/4	104.0	F#4	66.0	True	Violoncello	1	104.0	3.0	202.0	I	False	('D', 'F#', 'A')	D	D	0.0	major triad	(2, 6, 9)	D	D	1	None
312.0	312	0.25	1/4	105.0	A4	69.0	True	Violoncello	1	105.0	1.5	203.0	V7	True	('G', 'A', 'C#', 'E')	G	A	3.0	dominant seventh chord	(1, 4, 7, 9)	D	D	5	None
312.0	312	1.0	1	105.0	G4	67.0	True	Violoncello	1	105.0	1.5	203.0	V7	True	('G', 'A', 'C#', 'E')	G	A	3.0	dominant seventh chord	(1, 4, 7, 9)	D	D	5	None
312.25	1249/4	0.25	1/4	105.0	B4	71.0	True	Violoncello	1	105.0	1.5	203.0	V7	False	('G', 'A', 'C#', 'E')	G	A	3.0	dominant seventh chord	(1, 4, 7, 9)	D	D	5	None
312.5	625/2	0.25	1/4	105.0	C#5	73.0	True	Violoncello	1	105.0	1.5	203.0	V7	False	('G', 'A', 'C#', 'E')	G	A	3.0	dominant seventh chord	(1, 4, 7, 9)	D	D	5	None
312.75	1251/4	0.25	1/4	105.0	D5	74.0	True	Violoncello	1	105.0	1.5	203.0	V7	False	('G', 'A', 'C#', 'E')	G	A	3.0	dominant seventh chord	(1, 4, 7, 9)	D	D	5	None
313.0	313	0.25	1/4	105.0	E5	76.0	True	Violoncello	1	105.0	1.5	203.0	V7	False	('G', 'A', 'C#', 'E')	G	A	3.0	dominant seventh chord	(1, 4, 7, 9)	D	D	5	None
313.25	1253/4	0.25	1/4	105.0	C#5	73.0	True	Violoncello	1	105.0	1.5	203.0	V7	False	('G', 'A', 'C#', 'E')	G	A	3.0	dominant seventh chord	(1, 4, 7, 9)	D	D	5	None
313.5	627/2	0.25	1/4	105.0	A3	57.0	True	Violoncello	1	105.0	1.5	204.0	V7	True	('A', 'C#', 'E', 'G')	A	A	0.0	dominant seventh chord	(1, 4, 7, 9)	D	D	5	None
313.5	627/2	1.0	1	105.0	G5	79.0	True	Violoncello	1	105.0	1.5	204.0	V7	True	('A', 'C#', 'E', 'G')	A	A	0.0	dominant seventh chord	(1, 4, 7, 9)	D	D	5	None
313.75	1255/4	0.25	1/4	105.0	B3	59.0	True	Violoncello	1	105.0	1.5	204.0	V7	False	('A', 'C#', 'E', 'G')	A	A	0.0	dominant seventh chord	(1, 4, 7, 9)	D	D	5	None
314.0	314	0.25	1/4	105.0	C#4	61.0	True	Violoncello	1	105.0	1.5	204.0	V7	False	('A', 'C#', 'E', 'G')	A	A	0.0	dominant seventh chord	(1, 4, 7, 9)	D	D	5	None
314.25	1257/4	0.25	1/4	105.0	D4	62.0	True	Violoncello	1	105.0	1.5	204.0	V7	False	('A', 'C#', 'E', 'G')	A	A	0.0	dominant seventh chord	(1, 4, 7, 9)	D	D	5	None
314.5	629/2	0.25	1/4	105.0	E4	64.0	True	Violoncello	1	105.0	1.5	204.0	V7	False	('A', 'C#', 'E', 'G')	A	A	0.0	dominant seventh chord	(1, 4, 7, 9)	D	D	5	None
314.75	1259/4	0.25	1/4	105.0	C#4	61.0	True	Violoncello	1	105.0	1.5	204.0	V7	False	('A', 'C#', 'E', 'G')	A	A	0.0	dominant seventh chord	(1, 4, 7, 9)	D	D	5	None
315.0	315	0.25	1/4	106.0	F#5	78.0	True	Violoncello	1	106.0	3.0	205.0	I	True	('D', 'F#', 'A')	D	D	0.0	major triad	(2, 6, 9)	D	D	1	None
315.0	315	1.0	1	106.0	D4	62.0	True	Violoncello	1	106.0	3.0	205.0	I	True	('D', 'F#', 'A')	D	D	0.0	major triad	(2, 6, 9)	D	D	1	None
315.25	1261/4	0.25	1/4	106.0	D6	86.0	True	Violoncello	1	106.0	3.0	205.0	I	False	('D', 'F#', 'A')	D	D	0.0	major triad	(2, 6, 9)	D	D	1	None
315.5	631/2	0.25	1/4	106.0	C#6	85.0	True	Violoncello	1	106.0	3.0	205.0	I	False	('D', 'F#', 'A')	D	D	0.0	major triad	(2, 6, 9)	D	D	1	None
315.75	1263/4	0.25	1/4	106.0	D6	86.0	True	Violoncello	1	106.0	3.0	205.0	I	False	('D', 'F#', 'A')	D	D	0.0	major triad	(2, 6, 9)	D	D	1	None
316.0	316	0.25	1/4	106.0	A5	81.0	True	Violoncello	1	106.0	3.0	205.0	I	False	('D', 'F#', 'A')	D	D	0.0	major triad	(2, 6, 9)	D	D	1	None
316.25	1265/4	0.25	1/4	106.0	F#5	78.0	True	Violoncello	1	106.0	3.0	205.0	I	False	('D', 'F#', 'A')	D	D	0.0	major triad	(2, 6, 9)	D	D	1	None
316.5	633/2	1.0	1	106.0	D5	74.0	True	Violoncello	1	106.0	3.0	205.0	I	False	('D', 'F#', 'A')	D	D	0.0	major triad	(2, 6, 9)	D	D	1	None
316.5	633/2	0.25	1/4	106.0	D3	50.0	True	Violoncello	1	106.0	3.0	205.0	I	False	('D', 'F#', 'A')	D	D	0.0	major triad	(2, 6, 9)	D	D	1	None
316.75	1267/4	0.25	1/4	106.0	E3	52.0	True	Violoncello	1	106.0	3.0	205.0	I	False	('D', 'F#', 'A')	D	D	0.0	major triad	(2, 6, 9)	D	D	1	None
317.0	317	0.25	1/4	106.0	F#3	54.0	True	Violoncello	1	106.0	3.0	205.0	I	False	('D', 'F#', 'A')	D	D	0.0	major triad	(2, 6, 9)	D	D	1	None
317.25	1269/4	0.25	1/4	106.0	G3	55.0	True	Violoncello	1	106.0	3.0	205.0	I	False	('D', 'F#', 'A')	D	D	0.0	major triad	(2, 6, 9)	D	D	1	None
317.5	635/2	0.25	1/4	106.0	A3	57.0	True	Violoncello	1	106.0	3.0	205.0	I	False	('D', 'F#', 'A')	D	D	0.0	major triad	(2, 6, 9)	D	D	1	None
317.75	1271/4	0.25	1/4	106.0	F#3	54.0	True	Violoncello	1	106.0	3.0	205.0	I	False	('D', 'F#', 'A')	D	D	0.0	major triad	(2, 6, 9)	D	D	1	None
318.0	318	0.25	1/4	107.0	A3	57.0	True	Violoncello	1	107.0	1.5	206.0	V7	True	('G', 'A', 'C#', 'E')	G	A	3.0	dominant seventh chord	(1, 4, 7, 9)	D	D	5	None
318.0	318	1.0	1	107.0	G3	55.0	True	Violoncello	1	107.0	1.5	206.0	V7	True	('G', 'A', 'C#', 'E')	G	A	3.0	dominant seventh chord	(1, 4, 7, 9)	D	D	5	None
318.25	1273/4	0.25	1/4	107.0	B3	59.0	True	Violoncello	1	107.0	1.5	206.0	V7	False	('G', 'A', 'C#', 'E')	G	A	3.0	dominant seventh chord	(1, 4, 7, 9)	D	D	5	None
318.5	637/2	0.25	1/4	107.0	C#4	61.0	True	Violoncello	1	107.0	1.5	206.0	V7	False	('G', 'A', 'C#', 'E')	G	A	3.0	dominant seventh chord	(1, 4, 7, 9)	D	D	5	None
318.75	1275/4	0.25	1/4	107.0	D4	62.0	True	Violoncello	1	107.0	1.5	206.0	V7	False	('G', 'A', 'C#', 'E')	G	A	3.0	dominant seventh chord	(1, 4, 7, 9)	D	D	5	None
319.0	319	0.25	1/4	107.0	E4	64.0	True	Violoncello	1	107.0	1.5	206.0	V7	False	('G', 'A', 'C#', 'E')	G	A	3.0	dominant seventh chord	(1, 4, 7, 9)	D	D	5	None
319.25	1277/4	0.25	1/4	107.0	C#4	61.0	True	Violoncello	1	107.0	1.5	206.0	V7	False	('G', 'A', 'C#', 'E')	G	A	3.0	dominant seventh chord	(1, 4, 7, 9)	D	D	5	None
319.5	639/2	0.25	1/4	107.0	A2	45.0	True	Violoncello	1	107.0	1.5	207.0	V7	True	('A', 'C#', 'E', 'G')	A	A	0.0	dominant seventh chord	(1, 4, 7, 9)	D	D	5	None
319.5	639/2	1.0	1	107.0	G4	67.0	True	Violoncello	1	107.0	1.5	207.0	V7	True	('A', 'C#', 'E', 'G')	A	A	0.0	dominant seventh chord	(1, 4, 7, 9)	D	D	5	None
319.75	1279/4	0.25	1/4	107.0	B2	47.0	True	Violoncello	1	107.0	1.5	207.0	V7	False	('A', 'C#', 'E', 'G')	A	A	0.0	dominant seventh chord	(1, 4, 7, 9)	D	D	5	None
320.0	320	0.25	1/4	107.0	C#3	49.0	True	Violoncello	1	107.0	1.5	207.0	V7	False	('A', 'C#', 'E', 'G')	A	A	0.0	dominant seventh chord	(1, 4, 7, 9)	D	D	5	None
320.25	1281/4	0.25	1/4	107.0	D3	50.0	True	Violoncello	1	107.0	1.5	207.0	V7	False	('A', 'C#', 'E', 'G')	A	A	0.0	dominant seventh chord	(1, 4, 7, 9)	D	D	5	None
320.5	641/2	0.25	1/4	107.0	E3	52.0	True	Violoncello	1	107.0	1.5	207.0	V7	False	('A', 'C#', 'E', 'G')	A	A	0.0	dominant seventh chord	(1, 4, 7, 9)	D	D	5	None
320.75	1283/4	0.25	1/4	107.0	C#3	49.0	True	Violoncello	1	107.0	1.5	207.0	V7	False	('A', 'C#', 'E', 'G')	A	A	0.0	dominant seventh chord	(1, 4, 7, 9)	D	D	5	None
321.0	321	0.25	1/4	108.0	F4	65.0	True	Violoncello	1	108.0	3.0	208.0	i	True	('D', 'F', 'A')	D	D	0.0	minor triad	(2, 5, 9)	D	D	1	None
321.0	321	1.0	1	108.0	D3	50.0	True	Violoncello	1	108.0	3.0	208.0	i	True	('D', 'F', 'A')	D	D	0.0	minor triad	(2, 5, 9)	D	D	1	None
321.25	1285/4	0.25	1/4	108.0	A4	69.0	True	Violoncello	1	108.0	3.0	208.0	i	False	('D', 'F', 'A')	D	D	0.0	minor triad	(2, 5, 9)	D	D	1	None
321.5	643/2	0.25	1/4	108.0	F4	65.0	True	Violoncello	1	108.0	3.0	208.0	i	False	('D', 'F', 'A')	D	D	0.0	minor triad	(2, 5, 9)	D	D	1	None
321.75	1287/4	0.25	1/4	108.0	D4	62.0	True	Violoncello	1	108.0	3.0	208.0	i	False	('D', 'F', 'A')	D	D	0.0	minor triad	(2, 5, 9)	D	D	1	None
322.0	322	0.25	1/4	108.0	A3	57.0	True	Violoncello	1	108.0	3.0	208.0	i	False	('D', 'F', 'A')	D	D	0.0	minor triad	(2, 5, 9)	D	D	1	None
322.25	1289/4	0.25	1/4	108.0	F3	53.0	True	Violoncello	1	108.0	3.0	208.0	i	False	('D', 'F', 'A')	D	D	0.0	minor triad	(2, 5, 9)	D	D	1	None
322.5	645/2	0.25	1/4	108.0	D4	62.0	True	Violoncello	1	108.0	3.0	208.0	i	False	('D', 'F', 'A')	D	D	0.0	minor triad	(2, 5, 9)	D	D	1	None
322.5	645/2	1.5	3/2	108.0	D3	50.0	True	Violoncello	1	108.0	3.0	208.0	i	False	('D', 'F', 'A')	D	D	0.0	minor triad	(2, 5, 9)	D	D	1	None
322.75	1291/4	0.25	1/4	108.0	E4	64.0	True	Violoncello	1	108.0	3.0	208.0	i	False	('D', 'F', 'A')	D	D	0.0	minor triad	(2, 5, 9)	D	D	1	None
323.0	323	0.25	1/4	108.0	F4	65.0	True	Violoncello	1	108.0	3.0	208.0	i	False	('D', 'F', 'A')	D	D	0.0	minor triad	(2, 5, 9)	D	D	1	None
323.25	1293/4	0.25	1/4	108.0	G4	67.0	True	Violoncello	1	108.0	3.0	208.0	i	False	('D', 'F', 'A')	D	D	0.0	minor triad	(2, 5, 9)	D	D	1	None
323.5	647/2	0.25	1/4	108.0	A4	69.0	True	Violoncello	1	108.0	3.0	208.0	i	False	('D', 'F', 'A')	D	D	0.0	minor triad	(2, 5, 9)	D	D	1	None
323.75	1295/4	0.25	1/4	108.0	F4	65.0	True	Violoncello	1	108.0	3.0	208.0	i	False	('D', 'F', 'A')	D	D	0.0	minor triad	(2, 5, 9)	D	D	1	None
324.0	324	0.5	1/2	109.0	B-4	70.0	True	Violoncello	1	109.0	1.5	209.0	iv	True	('G', 'B-', 'D')	G	G	0.0	minor triad	(2, 7, 10)	d	d	4	None
324.5	649/2	0.5	1/2	109.0	G4	67.0	True	Violoncello	1	109.0	1.5	209.0	iv	False	('G', 'B-', 'D')	G	G	0.0	minor triad	(2, 7, 10)	d	d	4	None
325.0	325	0.5	1/2	109.0	G4	67.0	True	Violoncello	1	109.0	1.5	209.0	iv	False	('G', 'B-', 'D')	G	G	0.0	minor triad	(2, 7, 10)	d	d	4	None
325.5	651/2	0.5	1/2	109.0	A3	57.0	True	Violoncello	1	109.0	0.5	210.0	V	True	('A', 'C#', 'E')	A	A	0.0	major triad	(1, 4, 9)	d	d	5	None
325.5	651/2	0.5	1/2	109.0	C#5	73.0	True	Violoncello	1	109.0	0.5	210.0	V	True	('A', 'C#', 'E')	A	A	0.0	major triad	(1, 4, 9)	d	d	5	None
326.0	326	0.5	1/2	109.0	A4	69.0	True	Violoncello	1	109.0	1.0	211.0	V	True	('C#', 'E', 'A')	C#	A	1.0	major triad	(1, 4, 9)	d	d	5	None
326.0	326	0.5	1/2	109.0	C#4	61.0	True	Violoncello	1	109.0	1.0	211.0	V	True	('C#', 'E', 'A')	C#	A	1.0	major triad	(1, 4, 9)	d	d	5	None
326.5	653/2	0.5	1/2	109.0	A4	69.0	True	Violoncello	1	109.0	1.0	211.0	V	False	('C#', 'E', 'A')	C#	A	1.0	major triad	(1, 4, 9)	d	d	5	None
326.5	653/2	0.5	1/2	109.0	C#4	61.0	True	Violoncello	1	109.0	1.0	211.0	V	False	('C#', 'E', 'A')	C#	A	1.0	major triad	(1, 4, 9)	d	d	5	None
327.0	327	0.5	1/2	110.0	D5	74.0	True	Violoncello	1	110.0	1.5	212.0	vi	True	('B', 'D', 'F#')	B	B	0.0	minor triad	(2, 6, 11)	d	d	#6	None
327.0	327	0.5	1/2	110.0	B3	59.0	True	Violoncello	1	110.0	1.5	212.0	vi	True	('B', 'D', 'F#')	B	B	0.0	minor triad	(2, 6, 11)	d	d	#6	None
327.5	655/2	0.5	1/2	110.0	B4	71.0	True	Violoncello	1	110.0	1.5	212.0	vi	False	('B', 'D', 'F#')	B	B	0.0	minor triad	(2, 6, 11)	d	d	#6	None
327.5	655/2	0.5	1/2	110.0	D4	62.0	True	Violoncello	1	110.0	1.5	212.0	vi	False	('B', 'D', 'F#')	B	B	0.0	minor triad	(2, 6, 11)	d	d	#6	None
328.0	328	0.5	1/2	110.0	B4	71.0	True	Violoncello	1	110.0	1.5	212.0	vi	False	('B', 'D', 'F#')	B	B	0.0	minor triad	(2, 6, 11)	d	d	#6	None
328.0	328	0.5	1/2	110.0	D4	62.0	True	Violoncello	1	110.0	1.5	212.0	vi	False	('B', 'D', 'F#')	B	B	0.0	minor triad	(2, 6, 11)	d	d	#6	None
328.5	657/2	0.5	1/2	110.0	E5	76.0	True	Violoncello	1	110.0	0.5	213.0	V	True	('C#', 'E', 'A')	C#	A	1.0	major triad	(1, 4, 9)	d	d	5	None
328.5	657/2	0.5	1/2	110.0	C#4	61.0	True	Violoncello	1	110.0	0.5	213.0	V	True	('C#', 'E', 'A')	C#	A	1.0	major triad	(1, 4, 9)	d	d	5	None
329.0	329	0.5	1/2	110.0	C#5	73.0	True	Violoncello	1	110.0	1.0	214.0	V	True	('E', 'A', 'C#')	E	A	2.0	major triad	(1, 4, 9)	d	d	5	None
329.0	329	0.5	1/2	110.0	E4	64.0	True	Violoncello	1	110.0	1.0	214.0	V	True	('E', 'A', 'C#')	E	A	2.0	major triad	(1, 4, 9)	d	d	5	None
329.5	659/2	0.5	1/2	110.0	C#5	73.0	True	Violoncello	1	110.0	1.0	214.0	V	False	('E', 'A', 'C#')	E	A	2.0	major triad	(1, 4, 9)	d	d	5	None
329.5	659/2	0.5	1/2	110.0	E4	64.0	True	Violoncello	1	110.0	1.0	214.0	V	False	('E', 'A', 'C#')	E	A	2.0	major triad	(1, 4, 9)	d	d	5	None
330.0	330	0.5	1/2	111.0	F5	77.0	True	Violoncello	1	111.0	0.5	215.0	i	True	('D', 'F', 'A')	D	D	0.0	minor triad	(2, 5, 9)	d	d	1	None
330.0	330	0.5	1/2	111.0	D4	62.0	True	Violoncello	1	111.0	0.5	215.0	i	True	('D', 'F', 'A')	D	D	0.0	minor triad	(2, 5, 9)	d	d	1	None
330.5	661/2	0.5	1/2	111.0	D5	74.0	True	Violoncello	1	111.0	1.0	216.0	i	True	('F', 'A', 'D')	F	D	1.0	minor triad	(2, 5, 9)	d	d	1	None
330.5	661/2	0.5	1/2	111.0	F4	65.0	True	Violoncello	1	111.0	1.0	216.0	i	True	('F', 'A', 'D')	F	D	1.0	minor triad	(2, 5, 9)	d	d	1	None
331.0	331	0.5	1/2	111.0	D5	74.0	True	Violoncello	1	111.0	1.0	216.0	i	False	('F', 'A', 'D')	F	D	1.0	minor triad	(2, 5, 9)	d	d	1	None
331.0	331	0.5	1/2	111.0	F4	65.0	True	Violoncello	1	111.0	1.0	216.0	i	False	('F', 'A', 'D')	F	D	1.0	minor triad	(2, 5, 9)	d	d	1	None
331.5	663/2	0.5	1/2	111.0	G5	79.0	True	Violoncello	1	111.0	0.5	217.0	V7	True	('E', 'G', 'A', 'C#')	E	A	2.0	dominant seventh chord	(1, 4, 7, 9)	d	d	5	None
331.5	663/2	0.5	1/2	111.0	E4	64.0	True	Violoncello	1	111.0	0.5	217.0	V7	True	('E', 'G', 'A', 'C#')	E	A	2.0	dominant seventh chord	(1, 4, 7, 9)	d	d	5	None
332.0	332	0.5	1/2	111.0	E5	76.0	True	Violoncello	1	111.0	1.0	218.0	V7	True	('G', 'A', 'C#', 'E')	G	A	3.0	dominant seventh chord	(1, 4, 7, 9)	d	d	5	None
332.0	332	0.5	1/2	111.0	G4	67.0	True	Violoncello	1	111.0	1.0	218.0	V7	True	('G', 'A', 'C#', 'E')	G	A	3.0	dominant seventh chord	(1, 4, 7, 9)	d	d	5	None
332.5	665/2	0.5	1/2	111.0	E5	76.0	True	Violoncello	1	111.0	1.0	218.0	V7	False	('G', 'A', 'C#', 'E')	G	A	3.0	dominant seventh chord	(1, 4, 7, 9)	d	d	5	None
332.5	665/2	0.5	1/2	111.0	G4	67.0	True	Violoncello	1	111.0	1.0	218.0	V7	False	('G', 'A', 'C#', 'E')	G	A	3.0	dominant seventh chord	(1, 4, 7, 9)	d	d	5	None
333.0	333	0.5	1/2	112.0	A5	81.0	True	Violoncello	1	112.0	1.5	219.0	i	True	('D', 'F', 'A')	D	D	0.0	minor triad	(2, 5, 9)	d	d	1	None
333.0	333	1.5	3/2	112.0	D3	50.0	True	Violoncello	1	112.0	1.5	219.0	i	True	('D', 'F', 'A')	D	D	0.0	minor triad	(2, 5, 9)	d	d	1	None
333.5	667/2	0.5	1/2	112.0	D5	74.0	True	Violoncello	1	112.0	1.5	219.0	i	False	('D', 'F', 'A')	D	D	0.0	minor triad	(2, 5, 9)	d	d	1	None
333.5	667/2	0.5	1/2	112.0	F4	65.0	True	Violoncello	1	112.0	1.5	219.0	i	False	('D', 'F', 'A')	D	D	0.0	minor triad	(2, 5, 9)	d	d	1	None
333.5	667/2	0.5	1/2	112.0	D4	62.0	True	Violoncello	1	112.0	1.5	219.0	i	False	('D', 'F', 'A')	D	D	0.0	minor triad	(2, 5, 9)	d	d	1	None
334.0	334	0.5	1/2	112.0	D4	62.0	True	Violoncello	1	112.0	1.5	219.0	i	False	('D', 'F', 'A')	D	D	0.0	minor triad	(2, 5, 9)	d	d	1	None
334.0	334	0.5	1/2	112.0	D5	74.0	True	Violoncello	1	112.0	1.5	219.0	i	False	('D', 'F', 'A')	D	D	0.0	minor triad	(2, 5, 9)	d	d	1	None
334.0	334	0.5	1/2	112.0	F4	65.0	True	Violoncello	1	112.0	1.5	219.0	i	False	('D', 'F', 'A')	D	D	0.0	minor triad	(2, 5, 9)	d	d	1	None
334.5	669/2	0.5	1/2	112.0	F6	89.0	True	Violoncello	1	112.0	1.5	220.0	i7	True	('C', 'D', 'F', 'A')	C	D	3.0	minor seventh chord	(0, 2, 5, 9)	d	d	1	None
334.5	669/2	1.5	3/2	112.0	C3	48.0	True	Violoncello	1	112.0	1.5	220.0	i7	True	('C', 'D', 'F', 'A')	C	D	3.0	minor seventh chord	(0, 2, 5, 9)	d	d	1	None
335.0	335	0.5	1/2	112.0	D5	74.0	True	Violoncello	1	112.0	1.5	220.0	i7	False	('C', 'D', 'F', 'A')	C	D	3.0	minor seventh chord	(0, 2, 5, 9)	d	d	1	None
335.0	335	0.5	1/2	112.0	F4	65.0	True	Violoncello	1	112.0	1.5	220.0	i7	False	('C', 'D', 'F', 'A')	C	D	3.0	minor seventh chord	(0, 2, 5, 9)	d	d	1	None
335.0	335	0.5	1/2	112.0	D4	62.0	True	Violoncello	1	112.0	1.5	220.0	i7	False	('C', 'D', 'F', 'A')	C	D	3.0	minor seventh chord	(0, 2, 5, 9)	d	d	1	None
335.5	671/2	0.5	1/2	112.0	D5	74.0	True	Violoncello	1	112.0	1.5	220.0	i7	False	('C', 'D', 'F', 'A')	C	D	3.0	minor seventh chord	(0, 2, 5, 9)	d	d	1	None
335.5	671/2	0.5	1/2	112.0	F4	65.0	True	Violoncello	1	112.0	1.5	220.0	i7	False	('C', 'D', 'F', 'A')	C	D	3.0	minor seventh chord	(0, 2, 5, 9)	d	d	1	None
335.5	671/2	0.5	1/2	112.0	D4	62.0	True	Violoncello	1	112.0	1.5	220.0	i7	False	('C', 'D', 'F', 'A')	C	D	3.0	minor seventh chord	(0, 2, 5, 9)	d	d	1	None
336.0	336	0.5	1/2	113.0	F6	89.0	True	Violoncello	1	113.0	1.5	221.0	VI	True	('B-', 'D', 'F')	B-	B-	0.0	major triad	(2, 5, 10)	d	d	6	None
336.0	336	1.5	3/2	113.0	B-2	46.0	True	Violoncello	1	113.0	1.5	221.0	VI	True	('B-', 'D', 'F')	B-	B-	0.0	major triad	(2, 5, 10)	d	d	6	None
336.5	673/2	0.5	1/2	113.0	D4	62.0	True	Violoncello	1	113.0	1.5	221.0	VI	False	('B-', 'D', 'F')	B-	B-	0.0	major triad	(2, 5, 10)	d	d	6	None
336.5	673/2	0.5	1/2	113.0	D5	74.0	True	Violoncello	1	113.0	1.5	221.0	VI	False	('B-', 'D', 'F')	B-	B-	0.0	major triad	(2, 5, 10)	d	d	6	None
336.5	673/2	0.5	1/2	113.0	F4	65.0	True	Violoncello	1	113.0	1.5	221.0	VI	False	('B-', 'D', 'F')	B-	B-	0.0	major triad	(2, 5, 10)	d	d	6	None
337.0	337	0.5	1/2	113.0	D5	74.0	True	Violoncello	1	113.0	1.5	221.0	VI	False	('B-', 'D', 'F')	B-	B-	0.0	major triad	(2, 5, 10)	d	d	6	None
337.0	337	0.5	1/2	113.0	F4	65.0	True	Violoncello	1	113.0	1.5	221.0	VI	False	('B-', 'D', 'F')	B-	B-	0.0	major triad	(2, 5, 10)	d	d	6	None
337.0	337	0.5	1/2	113.0	D4	62.0	True	Violoncello	1	113.0	1.5	221.0	VI	False	('B-', 'D', 'F')	B-	B-	0.0	major triad	(2, 5, 10)	d	d	6	None
337.5	675/2	0.5	1/2	113.0	F6	89.0	True	Violoncello	1	113.0	1.5	222.0	i	True	('A', 'D', 'F')	A	D	2.0	minor triad	(2, 5, 9)	d	d	1	None
337.5	675/2	1.5	3/2	113.0	A2	45.0	True	Violoncello	1	113.0	1.5	222.0	i	True	('A', 'D', 'F')	A	D	2.0	minor triad	(2, 5, 9)	d	d	1	None
338.0	338	0.5	1/2	113.0	D5	74.0	True	Violoncello	1	113.0	1.5	222.0	i	False	('A', 'D', 'F')	A	D	2.0	minor triad	(2, 5, 9)	d	d	1	None
338.0	338	0.5	1/2	113.0	F4	65.0	True	Violoncello	1	113.0	1.5	222.0	i	False	('A', 'D', 'F')	A	D	2.0	minor triad	(2, 5, 9)	d	d	1	None
338.0	338	0.5	1/2	113.0	D4	62.0	True	Violoncello	1	113.0	1.5	222.0	i	False	('A', 'D', 'F')	A	D	2.0	minor triad	(2, 5, 9)	d	d	1	None
338.5	677/2	0.5	1/2	113.0	D4	62.0	True	Violoncello	1	113.0	1.5	222.0	i	False	('A', 'D', 'F')	A	D	2.0	minor triad	(2, 5, 9)	d	d	1	None
338.5	677/2	0.5	1/2	113.0	D5	74.0	True	Violoncello	1	113.0	1.5	222.0	i	False	('A', 'D', 'F')	A	D	2.0	minor triad	(2, 5, 9)	d	d	1	None
338.5	677/2	0.5	1/2	113.0	F4	65.0	True	Violoncello	1	113.0	1.5	222.0	i	False	('A', 'D', 'F')	A	D	2.0	minor triad	(2, 5, 9)	d	d	1	None
339.0	339	1.0	1	114.0	F4	65.0	True	Violoncello	1	114.0	3.0	223.0	viio7/V	True	('G#', 'B', 'D', 'F')	G#	G#	0.0	diminished seventh chord	(2, 5, 8, 11)	d	A	7	5
339.0	339	1.0	1	114.0	G#2	44.0	True	Violoncello	1	114.0	3.0	223.0	viio7/V	True	('G#', 'B', 'D', 'F')	G#	G#	0.0	diminished seventh chord	(2, 5, 8, 11)	d	A	7	5
339.0	339	0.25	1/4	114.0	F6	89.0	True	Violoncello	1	114.0	3.0	223.0	viio7/V	True	('G#', 'B', 'D', 'F')	G#	G#	0.0	diminished seventh chord	(2, 5, 8, 11)	d	A	7	5
339.0	339	1.0	1	114.0	D4	62.0	True	Violoncello	1	114.0	3.0	223.0	viio7/V	True	('G#', 'B', 'D', 'F')	G#	G#	0.0	diminished seventh chord	(2, 5, 8, 11)	d	A	7	5
339.25	1357/4	0.25	1/4	114.0	E6	88.0	True	Violoncello	1	114.0	3.0	223.0	viio7/V	False	('G#', 'B', 'D', 'F')	G#	G#	0.0	diminished seventh chord	(2, 5, 8, 11)	d	A	7	5
339.5	679/2	0.25	1/4	114.0	D6	86.0	True	Violoncello	1	114.0	3.0	223.0	viio7/V	False	('G#', 'B', 'D', 'F')	G#	G#	0.0	diminished seventh chord	(2, 5, 8, 11)	d	A	7	5
339.75	1359/4	0.25	1/4	114.0	C6	84.0	True	Violoncello	1	114.0	3.0	223.0	viio7/V	False	('G#', 'B', 'D', 'F')	G#	G#	0.0	diminished seventh chord	(2, 5, 8, 11)	d	A	7	5
340.0	340	0.25	1/4	114.0	B5	83.0	True	Violoncello	1	114.0	3.0	223.0	viio7/V	False	('G#', 'B', 'D', 'F')	G#	G#	0.0	diminished seventh chord	(2, 5, 8, 11)	d	A	7	5
340.25	1361/4	0.25	1/4	114.0	D6	86.0	True	Violoncello	1	114.0	3.0	223.0	viio7/V	False	('G#', 'B', 'D', 'F')	G#	G#	0.0	diminished seventh chord	(2, 5, 8, 11)	d	A	7	5
340.5	681/2	1.0	1	114.0	G#5	80.0	True	Violoncello	1	114.0	3.0	223.0	viio7/V	False	('G#', 'B', 'D', 'F')	G#	G#	0.0	diminished seventh chord	(2, 5, 8, 11)	d	A	7	5
340.5	681/2	0.25	1/4	114.0	F5	77.0	True	Violoncello	1	114.0	3.0	223.0	viio7/V	False	('G#', 'B', 'D', 'F')	G#	G#	0.0	diminished seventh chord	(2, 5, 8, 11)	d	A	7	5
340.75	1363/4	0.25	1/4	114.0	E5	76.0	True	Violoncello	1	114.0	3.0	223.0	viio7/V	False	('G#', 'B', 'D', 'F')	G#	G#	0.0	diminished seventh chord	(2, 5, 8, 11)	d	A	7	5
341.0	341	0.25	1/4	114.0	D5	74.0	True	Violoncello	1	114.0	3.0	223.0	viio7/V	False	('G#', 'B', 'D', 'F')	G#	G#	0.0	diminished seventh chord	(2, 5, 8, 11)	d	A	7	5
341.25	1365/4	0.25	1/4	114.0	C5	72.0	True	Violoncello	1	114.0	3.0	223.0	viio7/V	False	('G#', 'B', 'D', 'F')	G#	G#	0.0	diminished seventh chord	(2, 5, 8, 11)	d	A	7	5
341.5	683/2	0.25	1/4	114.0	B4	71.0	True	Violoncello	1	114.0	3.0	223.0	viio7/V	False	('G#', 'B', 'D', 'F')	G#	G#	0.0	diminished seventh chord	(2, 5, 8, 11)	d	A	7	5
341.75	1367/4	0.25	1/4	114.0	D5	74.0	True	Violoncello	1	114.0	3.0	223.0	viio7/V	False	('G#', 'B', 'D', 'F')	G#	G#	0.0	diminished seventh chord	(2, 5, 8, 11)	d	A	7	5
342.0	342	1.0	1	115.0	G#4	68.0	True	Violoncello	1	115.0	3.0	224.0	viio7/V	True	('G#', 'B', 'D', 'F')	G#	G#	0.0	diminished seventh chord	(2, 5, 8, 11)	d	A	7	5
342.0	342	0.25	1/4	115.0	F4	65.0	True	Violoncello	1	115.0	3.0	224.0	viio7/V	True	('G#', 'B', 'D', 'F')	G#	G#	0.0	diminished seventh chord	(2, 5, 8, 11)	d	A	7	5
342.25	1369/4	0.25	1/4	115.0	E4	64.0	True	Violoncello	1	115.0	3.0	224.0	viio7/V	False	('G#', 'B', 'D', 'F')	G#	G#	0.0	diminished seventh chord	(2, 5, 8, 11)	d	A	7	5
342.5	685/2	0.25	1/4	115.0	D4	62.0	True	Violoncello	1	115.0	3.0	224.0	viio7/V	False	('G#', 'B', 'D', 'F')	G#	G#	0.0	diminished seventh chord	(2, 5, 8, 11)	d	A	7	5
342.75	1371/4	0.25	1/4	115.0	C4	60.0	True	Violoncello	1	115.0	3.0	224.0	viio7/V	False	('G#', 'B', 'D', 'F')	G#	G#	0.0	diminished seventh chord	(2, 5, 8, 11)	d	A	7	5
343.0	343	0.25	1/4	115.0	B3	59.0	True	Violoncello	1	115.0	3.0	224.0	viio7/V	False	('G#', 'B', 'D', 'F')	G#	G#	0.0	diminished seventh chord	(2, 5, 8, 11)	d	A	7	5
343.25	1373/4	0.25	1/4	115.0	D4	62.0	True	Violoncello	1	115.0	3.0	224.0	viio7/V	False	('G#', 'B', 'D', 'F')	G#	G#	0.0	diminished seventh chord	(2, 5, 8, 11)	d	A	7	5
343.5	687/2	1.0	1	115.0	G#3	56.0	True	Violoncello	1	115.0	3.0	224.0	viio7/V	False	('G#', 'B', 'D', 'F')	G#	G#	0.0	diminished seventh chord	(2, 5, 8, 11)	d	A	7	5
343.5	687/2	0.25	1/4	115.0	E3	52.0	True	Violoncello	1	115.0	3.0	224.0	viio7/V	False	('G#', 'B', 'D', 'F')	G#	G#	0.0	diminished seventh chord	(2, 5, 8, 11)	d	A	7	5
343.75	1375/4	0.25	1/4	115.0	F3	53.0	True	Violoncello	1	115.0	3.0	224.0	viio7/V	False	('G#', 'B', 'D', 'F')	G#	G#	0.0	diminished seventh chord	(2, 5, 8, 11)	d	A	7	5
344.0	344	0.25	1/4	115.0	E3	52.0	True	Violoncello	1	115.0	3.0	224.0	viio7/V	False	('G#', 'B', 'D', 'F')	G#	G#	0.0	diminished seventh chord	(2, 5, 8, 11)	d	A	7	5
344.25	1377/4	0.25	1/4	115.0	D3	50.0	True	Violoncello	1	115.0	3.0	224.0	viio7/V	False	('G#', 'B', 'D', 'F')	G#	G#	0.0	diminished seventh chord	(2, 5, 8, 11)	d	A	7	5
344.5	689/2	0.25	1/4	115.0	C3	48.0	True	Violoncello	1	115.0	3.0	224.0	viio7/V	False	('G#', 'B', 'D', 'F')	G#	G#	0.0	diminished seventh chord	(2, 5, 8, 11)	d	A	7	5
344.75	1379/4	0.25	1/4	115.0	B2	47.0	True	Violoncello	1	115.0	3.0	224.0	viio7/V	False	('G#', 'B', 'D', 'F')	G#	G#	0.0	diminished seventh chord	(2, 5, 8, 11)	d	A	7	5
345.0	345	1.5	3/2	116.0	A2	45.0	True	Violoncello	1	116.0	1.5	225.0	i	True	('A', 'C', 'E')	A	A	0.0	minor triad	(0, 4, 9)	a	a	1	None
345.0	345	0.5	1/2	116.0	A5	81.0	True	Violoncello	1	116.0	1.5	225.0	i	True	('A', 'C', 'E')	A	A	0.0	minor triad	(0, 4, 9)	a	a	1	None
345.5	691/2	0.5	1/2	116.0	A3	57.0	True	Violoncello	1	116.0	1.5	225.0	i	False	('A', 'C', 'E')	A	A	0.0	minor triad	(0, 4, 9)	a	a	1	None
345.5	691/2	0.5	1/2	116.0	A4	69.0	True	Violoncello	1	116.0	1.5	225.0	i	False	('A', 'C', 'E')	A	A	0.0	minor triad	(0, 4, 9)	a	a	1	None
345.5	691/2	0.5	1/2	116.0	C4	60.0	True	Violoncello	1	116.0	1.5	225.0	i	False	('A', 'C', 'E')	A	A	0.0	minor triad	(0, 4, 9)	a	a	1	None
346.0	346	0.5	1/2	116.0	A4	69.0	True	Violoncello	1	116.0	1.5	225.0	i	False	('A', 'C', 'E')	A	A	0.0	minor triad	(0, 4, 9)	a	a	1	None
346.0	346	0.5	1/2	116.0	C4	60.0	True	Violoncello	1	116.0	1.5	225.0	i	False	('A', 'C', 'E')	A	A	0.0	minor triad	(0, 4, 9)	a	a	1	None
346.0	346	0.5	1/2	116.0	A3	57.0	True	Violoncello	1	116.0	1.5	225.0	i	False	('A', 'C', 'E')	A	A	0.0	minor triad	(0, 4, 9)	a	a	1	None
346.5	693/2	0.5	1/2	116.0	C6	84.0	True	Violoncello	1	116.0	1.5	226.0	i7	True	('G', 'A', 'C', 'E')	G	A	3.0	minor seventh chord	(0, 4, 7, 9)	a	a	1	None
346.5	693/2	1.5	3/2	116.0	G2	43.0	True	Violoncello	1	116.0	1.5	226.0	i7	True	('G', 'A', 'C', 'E')	G	A	3.0	minor seventh chord	(0, 4, 7, 9)	a	a	1	None
347.0	347	0.5	1/2	116.0	A4	69.0	True	Violoncello	1	116.0	1.5	226.0	i7	False	('G', 'A', 'C', 'E')	G	A	3.0	minor seventh chord	(0, 4, 7, 9)	a	a	1	None
347.0	347	0.5	1/2	116.0	C4	60.0	True	Violoncello	1	116.0	1.5	226.0	i7	False	('G', 'A', 'C', 'E')	G	A	3.0	minor seventh chord	(0, 4, 7, 9)	a	a	1	None
347.0	347	0.5	1/2	116.0	A3	57.0	True	Violoncello	1	116.0	1.5	226.0	i7	False	('G', 'A', 'C', 'E')	G	A	3.0	minor seventh chord	(0, 4, 7, 9)	a	a	1	None
347.5	695/2	0.5	1/2	116.0	A3	57.0	True	Violoncello	1	116.0	1.5	226.0	i7	False	('G', 'A', 'C', 'E')	G	A	3.0	minor seventh chord	(0, 4, 7, 9)	a	a	1	None
347.5	695/2	0.5	1/2	116.0	C4	60.0	True	Violoncello	1	116.0	1.5	226.0	i7	False	('G', 'A', 'C', 'E')	G	A	3.0	minor seventh chord	(0, 4, 7, 9)	a	a	1	None
347.5	695/2	0.5	1/2	116.0	A4	69.0	True	Violoncello	1	116.0	1.5	226.0	i7	False	('G', 'A', 'C', 'E')	G	A	3.0	minor seventh chord	(0, 4, 7, 9)	a	a	1	None
348.0	348	1.5	3/2	117.0	F2	41.0	True	Violoncello	1	117.0	1.5	227.0	VI	True	('F', 'A', 'C')	F	F	0.0	major triad	(0, 5, 9)	a	a	6	None
348.0	348	0.5	1/2	117.0	C6	84.0	True	Violoncello	1	117.0	1.5	227.0	VI	True	('F', 'A', 'C')	F	F	0.0	major triad	(0, 5, 9)	a	a	6	None
348.5	697/2	0.5	1/2	117.0	A4	69.0	True	Violoncello	1	117.0	1.5	227.0	VI	False	('F', 'A', 'C')	F	F	0.0	major triad	(0, 5, 9)	a	a	6	None
348.5	697/2	0.5	1/2	117.0	C4	60.0	True	Violoncello	1	117.0	1.5	227.0	VI	False	('F', 'A', 'C')	F	F	0.0	major triad	(0, 5, 9)	a	a	6	None
348.5	697/2	0.5	1/2	117.0	A3	57.0	True	Violoncello	1	117.0	1.5	227.0	VI	False	('F', 'A', 'C')	F	F	0.0	major triad	(0, 5, 9)	a	a	6	None
349.0	349	0.5	1/2	117.0	A4	69.0	True	Violoncello	1	117.0	1.5	227.0	VI	False	('F', 'A', 'C')	F	F	0.0	major triad	(0, 5, 9)	a	a	6	None
349.0	349	0.5	1/2	117.0	C4	60.0	True	Violoncello	1	117.0	1.5	227.0	VI	False	('F', 'A', 'C')	F	F	0.0	major triad	(0, 5, 9)	a	a	6	None
349.0	349	0.5	1/2	117.0	A3	57.0	True	Violoncello	1	117.0	1.5	227.0	VI	False	('F', 'A', 'C')	F	F	0.0	major triad	(0, 5, 9)	a	a	6	None
349.5	699/2	0.5	1/2	117.0	C6	84.0	True	Violoncello	1	117.0	1.5	228.0	i	True	('E', 'A', 'C')	E	A	2.0	minor triad	(0, 4, 9)	a	a	1	None
349.5	699/2	1.5	3/2	117.0	E2	40.0	True	Violoncello	1	117.0	1.5	228.0	i	True	('E', 'A', 'C')	E	A	2.0	minor triad	(0, 4, 9)	a	a	1	None
350.0	350	0.5	1/2	117.0	A3	57.0	True	Violoncello	1	117.0	1.5	228.0	i	False	('E', 'A', 'C')	E	A	2.0	minor triad	(0, 4, 9)	a	a	1	None
350.0	350	0.5	1/2	117.0	C4	60.0	True	Violoncello	1	117.0	1.5	228.0	i	False	('E', 'A', 'C')	E	A	2.0	minor triad	(0, 4, 9)	a	a	1	None
350.0	350	0.5	1/2	117.0	A4	69.0	True	Violoncello	1	117.0	1.5	228.0	i	False	('E', 'A', 'C')	E	A	2.0	minor triad	(0, 4, 9)	a	a	1	None
350.5	701/2	0.5	1/2	117.0	A3	57.0	True	Violoncello	1	117.0	1.5	228.0	i	False	('E', 'A', 'C')	E	A	2.0	minor triad	(0, 4, 9)	a	a	1	None
350.5	701/2	0.5	1/2	117.0	A4	69.0	True	Violoncello	1	117.0	1.5	228.0	i	False	('E', 'A', 'C')	E	A	2.0	minor triad	(0, 4, 9)	a	a	1	None
350.5	701/2	0.5	1/2	117.0	C4	60.0	True	Violoncello	1	117.0	1.5	228.0	i	False	('E', 'A', 'C')	E	A	2.0	minor triad	(0, 4, 9)	a	a	1	None
351.0	351	0.5	1/2	118.0	C6	84.0	True	Violoncello	1	118.0	3.0	229.0	viio7/V	True	('D#', 'F#', 'A', 'C')	D#	D#	0.0	diminished seventh chord	(0, 3, 6, 9)	a	E	7	5
351.0	351	3.0	3	118.0	C4	60.0	True	Violoncello	1	118.0	3.0	229.0	viio7/V	True	('D#', 'F#', 'A', 'C')	D#	D#	0.0	diminished seventh chord	(0, 3, 6, 9)	a	E	7	5
351.0	351	3.0	3	118.0	A3	57.0	True	Violoncello	1	118.0	3.0	229.0	viio7/V	True	('D#', 'F#', 'A', 'C')	D#	D#	0.0	diminished seventh chord	(0, 3, 6, 9)	a	E	7	5
351.0	351	1.0	1	118.0	D#2	39.0	True	Violoncello	1	118.0	3.0	229.0	viio7/V	True	('D#', 'F#', 'A', 'C')	D#	D#	0.0	diminished seventh chord	(0, 3, 6, 9)	a	E	7	5
351.5	703/2	0.5	1/2	118.0	A3	57.0	True	Violoncello	1	118.0	3.0	229.0	viio7/V	False	('D#', 'F#', 'A', 'C')	D#	D#	0.0	diminished seventh chord	(0, 3, 6, 9)	a	E	7	5
352.0	352	0.5	1/2	118.0	C4	60.0	True	Violoncello	1	118.0	3.0	229.0	viio7/V	False	('D#', 'F#', 'A', 'C')	D#	D#	0.0	diminished seventh chord	(0, 3, 6, 9)	a	E	7	5
352.5	705/2	0.5	1/2	118.0	F#4	66.0	True	Violoncello	1	118.0	3.0	229.0	viio7/V	False	('D#', 'F#', 'A', 'C')	D#	D#	0.0	diminished seventh chord	(0, 3, 6, 9)	a	E	7	5
353.0	353	0.5	1/2	118.0	A4	69.0	True	Violoncello	1	118.0	3.0	229.0	viio7/V	False	('D#', 'F#', 'A', 'C')	D#	D#	0.0	diminished seventh chord	(0, 3, 6, 9)	a	E	7	5
353.5	707/2	0.5	1/2	118.0	C5	72.0	True	Violoncello	1	118.0	3.0	229.0	viio7/V	False	('D#', 'F#', 'A', 'C')	D#	D#	0.0	diminished seventh chord	(0, 3, 6, 9)	a	E	7	5
354.0	354	0.5	1/2	119.0	A3	57.0	False	Violoncello	1	119.0	3.0	230.0	viio7/V	True	('D#', 'F#', 'A', 'C')	D#	D#	0.0	diminished seventh chord	(0, 3, 6, 9)	a	E	7	5
354.0	354	0.5	1/2	119.0	C4	60.0	False	Violoncello	1	119.0	3.0	230.0	viio7/V	True	('D#', 'F#', 'A', 'C')	D#	D#	0.0	diminished seventh chord	(0, 3, 6, 9)	a	E	7	5
354.0	354	0.5	1/2	119.0	F#5	78.0	True	Violoncello	1	119.0	3.0	230.0	viio7/V	True	('D#', 'F#', 'A', 'C')	D#	D#	0.0	diminished seventh chord	(0, 3, 6, 9)	a	E	7	5
354.5	709/2	0.5	1/2	119.0	A5	81.0	True	Violoncello	1	119.0	3.0	230.0	viio7/V	False	('D#', 'F#', 'A', 'C')	D#	D#	0.0	diminished seventh chord	(0, 3, 6, 9)	a	E	7	5
354.5	709/2	0.5	1/2	119.0	C5	72.0	True	Violoncello	1	119.0	3.0	230.0	viio7/V	False	('D#', 'F#', 'A', 'C')	D#	D#	0.0	diminished seventh chord	(0, 3, 6, 9)	a	E	7	5
354.5	709/2	0.5	1/2	119.0	F#4	66.0	True	Violoncello	1	119.0	3.0	230.0	viio7/V	False	('D#', 'F#', 'A', 'C')	D#	D#	0.0	diminished seventh chord	(0, 3, 6, 9)	a	E	7	5
354.5	709/2	0.5	1/2	119.0	D#3	51.0	True	Violoncello	1	119.0	3.0	230.0	viio7/V	False	('D#', 'F#', 'A', 'C')	D#	D#	0.0	diminished seventh chord	(0, 3, 6, 9)	a	E	7	5
355.0	355	0.5	1/2	119.0	B5	83.0	True	Violoncello	1	119.0	3.0	230.0	viio7/V	False	('D#', 'F#', 'A', 'C')	D#	D#	0.0	diminished seventh chord	(0, 3, 6, 9)	a	E	7	5
355.0	355	0.5	1/2	119.0	B4	71.0	True	Violoncello	1	119.0	3.0	230.0	viio7/V	False	('D#', 'F#', 'A', 'C')	D#	D#	0.0	diminished seventh chord	(0, 3, 6, 9)	a	E	7	5
355.0	355	0.5	1/2	119.0	F#4	66.0	True	Violoncello	1	119.0	3.0	230.0	viio7/V	False	('D#', 'F#', 'A', 'C')	D#	D#	0.0	diminished seventh chord	(0, 3, 6, 9)	a	E	7	5
355.0	355	0.5	1/2	119.0	D#3	51.0	True	Violoncello	1	119.0	3.0	230.0	viio7/V	False	('D#', 'F#', 'A', 'C')	D#	D#	0.0	diminished seventh chord	(0, 3, 6, 9)	a	E	7	5
355.5	711/2	0.5	1/2	119.0	F#4	66.0	True	Violoncello	1	119.0	3.0	230.0	viio7/V	False	('D#', 'F#', 'A', 'C')	D#	D#	0.0	diminished seventh chord	(0, 3, 6, 9)	a	E	7	5
355.5	711/2	0.5	1/2	119.0	D#3	51.0	True	Violoncello	1	119.0	3.0	230.0	viio7/V	False	('D#', 'F#', 'A', 'C')	D#	D#	0.0	diminished seventh chord	(0, 3, 6, 9)	a	E	7	5
355.5	711/2	0.5	1/2	119.0	C6	84.0	True	Violoncello	1	119.0	3.0	230.0	viio7/V	False	('D#', 'F#', 'A', 'C')	D#	D#	0.0	diminished seventh chord	(0, 3, 6, 9)	a	E	7	5
355.5	711/2	0.5	1/2	119.0	A4	69.0	True	Violoncello	1	119.0	3.0	230.0	viio7/V	False	('D#', 'F#', 'A', 'C')	D#	D#	0.0	diminished seventh chord	(0, 3, 6, 9)	a	E	7	5
356.0	356	0.5	1/2	119.0	B5	83.0	True	Violoncello	1	119.0	3.0	230.0	viio7/V	False	('D#', 'F#', 'A', 'C')	D#	D#	0.0	diminished seventh chord	(0, 3, 6, 9)	a	E	7	5
356.0	356	0.5	1/2	119.0	B4	71.0	True	Violoncello	1	119.0	3.0	230.0	viio7/V	False	('D#', 'F#', 'A', 'C')	D#	D#	0.0	diminished seventh chord	(0, 3, 6, 9)	a	E	7	5
356.0	356	0.5	1/2	119.0	F#4	66.0	True	Violoncello	1	119.0	3.0	230.0	viio7/V	False	('D#', 'F#', 'A', 'C')	D#	D#	0.0	diminished seventh chord	(0, 3, 6, 9)	a	E	7	5
356.0	356	0.5	1/2	119.0	D#3	51.0	True	Violoncello	1	119.0	3.0	230.0	viio7/V	False	('D#', 'F#', 'A', 'C')	D#	D#	0.0	diminished seventh chord	(0, 3, 6, 9)	a	E	7	5
356.5	713/2	0.5	1/2	119.0	A5	81.0	True	Violoncello	1	119.0	3.0	230.0	viio7/V	False	('D#', 'F#', 'A', 'C')	D#	D#	0.0	diminished seventh chord	(0, 3, 6, 9)	a	E	7	5
356.5	713/2	0.5	1/2	119.0	C5	72.0	True	Violoncello	1	119.0	3.0	230.0	viio7/V	False	('D#', 'F#', 'A', 'C')	D#	D#	0.0	diminished seventh chord	(0, 3, 6, 9)	a	E	7	5
356.5	713/2	0.5	1/2	119.0	F#4	66.0	True	Violoncello	1	119.0	3.0	230.0	viio7/V	False	('D#', 'F#', 'A', 'C')	D#	D#	0.0	diminished seventh chord	(0, 3, 6, 9)	a	E	7	5
356.5	713/2	0.5	1/2	119.0	D#3	51.0	True	Violoncello	1	119.0	3.0	230.0	viio7/V	False	('D#', 'F#', 'A', 'C')	D#	D#	0.0	diminished seventh chord	(0, 3, 6, 9)	a	E	7	5
357.0	357	0.5	1/2	120.0	G#5	80.0	True	Violoncello	1	120.0	1.5	231.0	V	True	('E', 'G#', 'B')	E	E	0.0	major triad	(4, 8, 11)	a	a	5	None
357.0	357	1.0	1	120.0	B4	71.0	True	Violoncello	1	120.0	1.5	231.0	V	True	('E', 'G#', 'B')	E	E	0.0	major triad	(4, 8, 11)	a	a	5	None
357.0	357	1.0	1	120.0	G#4	68.0	True	Violoncello	1	120.0	1.5	231.0	V	True	('E', 'G#', 'B')	E	E	0.0	major triad	(4, 8, 11)	a	a	5	None
357.0	357	1.0	1	120.0	E3	52.0	True	Violoncello	1	120.0	1.5	231.0	V	True	('E', 'G#', 'B')	E	E	0.0	major triad	(4, 8, 11)	a	a	5	None
357.5	715/2	0.5	1/2	120.0	E5	76.0	True	Violoncello	1	120.0	1.5	231.0	V	False	('E', 'G#', 'B')	E	E	0.0	major triad	(4, 8, 11)	a	a	5	None
358.0	358	0.5	1/2	120.0	E5	76.0	True	Violoncello	1	120.0	1.5	231.0	V	False	('E', 'G#', 'B')	E	E	0.0	major triad	(4, 8, 11)	a	a	5	None
358.5	717/2	0.5	1/2	120.0	E6	88.0	True	Violoncello	1	120.0	1.5	232.0	V7	True	('D', 'E', 'G#', 'B')	D	E	3.0	dominant seventh chord	(2, 4, 8, 11)	a	a	5	None
358.5	717/2	1.5	3/2	120.0	B4	71.0	True	Violoncello	1	120.0	1.5	232.0	V7	True	('D', 'E', 'G#', 'B')	D	E	3.0	dominant seventh chord	(2, 4, 8, 11)	a	a	5	None
358.5	717/2	1.5	3/2	120.0	D4	62.0	True	Violoncello	1	120.0	1.5	232.0	V7	True	('D', 'E', 'G#', 'B')	D	E	3.0	dominant seventh chord	(2, 4, 8, 11)	a	a	5	None
359.0	359	0.5	1/2	120.0	E5	76.0	True	Violoncello	1	120.0	1.5	232.0	V7	False	('D', 'E', 'G#', 'B')	D	E	3.0	dominant seventh chord	(2, 4, 8, 11)	a	a	5	None
359.5	719/2	0.5	1/2	120.0	E5	76.0	True	Violoncello	1	120.0	1.5	232.0	V7	False	('D', 'E', 'G#', 'B')	D	E	3.0	dominant seventh chord	(2, 4, 8, 11)	a	a	5	None
360.0	360	0.5	1/2	121.0	E6	88.0	True	Violoncello	1	121.0	1.5	233.0	i	True	('C', 'E', 'A')	C	A	1.0	minor triad	(0, 4, 9)	a	a	1	None
360.0	360	1.5	3/2	121.0	A4	69.0	True	Violoncello	1	121.0	1.5	233.0	i	True	('C', 'E', 'A')	C	A	1.0	minor triad	(0, 4, 9)	a	a	1	None
360.0	360	1.5	3/2	121.0	C4	60.0	True	Violoncello	1	121.0	1.5	233.0	i	True	('C', 'E', 'A')	C	A	1.0	minor triad	(0, 4, 9)	a	a	1	None
360.5	721/2	0.5	1/2	121.0	E5	76.0	True	Violoncello	1	121.0	1.5	233.0	i	False	('C', 'E', 'A')	C	A	1.0	minor triad	(0, 4, 9)	a	a	1	None
361.0	361	0.5	1/2	121.0	E5	76.0	True	Violoncello	1	121.0	1.5	233.0	i	False	('C', 'E', 'A')	C	A	1.0	minor triad	(0, 4, 9)	a	a	1	None
361.5	723/2	1.5	3/2	121.0	B3	59.0	True	Violoncello	1	121.0	1.5	234.0	V	True	('B', 'E', 'G#')	B	E	2.0	major triad	(4, 8, 11)	a	a	5	None
361.5	723/2	1.5	3/2	121.0	G#4	68.0	True	Violoncello	1	121.0	1.5	234.0	V	True	('B', 'E', 'G#')	B	E	2.0	major triad	(4, 8, 11)	a	a	5	None
361.5	723/2	0.5	1/2	121.0	E6	88.0	True	Violoncello	1	121.0	1.5	234.0	V	True	('B', 'E', 'G#')	B	E	2.0	major triad	(4, 8, 11)	a	a	5	None
362.0	362	0.5	1/2	121.0	E5	76.0	True	Violoncello	1	121.0	1.5	234.0	V	False	('B', 'E', 'G#')	B	E	2.0	major triad	(4, 8, 11)	a	a	5	None
362.5	725/2	0.5	1/2	121.0	E5	76.0	True	Violoncello	1	121.0	1.5	234.0	V	False	('B', 'E', 'G#')	B	E	2.0	major triad	(4, 8, 11)	a	a	5	None
363.0	363	1.0	1	122.0	C4	60.0	True	Violoncello	1	122.0	3.0	235.0	i	True	('C', 'E', 'A')	C	A	1.0	minor triad	(0, 4, 9)	a	a	1	None
363.0	363	1.0	1	122.0	E6	88.0	True	Violoncello	1	122.0	3.0	235.0	i	True	('C', 'E', 'A')	C	A	1.0	minor triad	(0, 4, 9)	a	a	1	None
363.0	363	0.5	1/2	122.0	A4	69.0	True	Violoncello	1	122.0	3.0	235.0	i	True	('C', 'E', 'A')	C	A	1.0	minor triad	(0, 4, 9)	a	a	1	None
363.5	727/2	0.5	1/2	122.0	E4	64.0	True	Violoncello	1	122.0	3.0	235.0	i	False	('C', 'E', 'A')	C	A	1.0	minor triad	(0, 4, 9)	a	a	1	None
364.0	364	0.5	1/2	122.0	E4	64.0	True	Violoncello	1	122.0	3.0	235.0	i	False	('C', 'E', 'A')	C	A	1.0	minor triad	(0, 4, 9)	a	a	1	None
364.5	729/2	1.5	3/2	122.0	A5	81.0	True	Violoncello	1	122.0	3.0	235.0	i	False	('C', 'E', 'A')	C	A	1.0	minor triad	(0, 4, 9)	a	a	1	None
364.5	729/2	0.5	1/2	122.0	E5	76.0	True	Violoncello	1	122.0	3.0	235.0	i	False	('C', 'E', 'A')	C	A	1.0	minor triad	(0, 4, 9)	a	a	1	None
364.5	729/2	1.5	3/2	122.0	E3	52.0	True	Violoncello	1	122.0	3.0	235.0	i	False	('C', 'E', 'A')	C	A	1.0	minor triad	(0, 4, 9)	a	a	1	None
364.5	729/2	1.5	3/2	122.0	C3	48.0	True	Violoncello	1	122.0	3.0	235.0	i	False	('C', 'E', 'A')	C	A	1.0	minor triad	(0, 4, 9)	a	a	1	None
365.0	365	0.5	1/2	122.0	E4	64.0	True	Violoncello	1	122.0	3.0	235.0	i	False	('C', 'E', 'A')	C	A	1.0	minor triad	(0, 4, 9)	a	a	1	None
365.5	731/2	0.5	1/2	122.0	E4	64.0	True	Violoncello	1	122.0	3.0	235.0	i	False	('C', 'E', 'A')	C	A	1.0	minor triad	(0, 4, 9)	a	a	1	None
366.0	366	1.5	3/2	123.0	B2	47.0	True	Violoncello	1	123.0	1.5	236.0	V7	True	('B', 'D', 'E', 'G#')	B	E	2.0	dominant seventh chord	(2, 4, 8, 11)	a	a	5	None
366.0	366	1.5	3/2	123.0	G#5	80.0	True	Violoncello	1	123.0	1.5	236.0	V7	True	('B', 'D', 'E', 'G#')	B	E	2.0	dominant seventh chord	(2, 4, 8, 11)	a	a	5	None
366.0	366	0.5	1/2	123.0	D5	74.0	True	Violoncello	1	123.0	1.5	236.0	V7	True	('B', 'D', 'E', 'G#')	B	E	2.0	dominant seventh chord	(2, 4, 8, 11)	a	a	5	None
366.0	366	1.5	3/2	123.0	E3	52.0	False	Violoncello	1	123.0	1.5	236.0	V7	True	('B', 'D', 'E', 'G#')	B	E	2.0	dominant seventh chord	(2, 4, 8, 11)	a	a	5	None
366.5	733/2	0.5	1/2	123.0	E4	64.0	True	Violoncello	1	123.0	1.5	236.0	V7	False	('B', 'D', 'E', 'G#')	B	E	2.0	dominant seventh chord	(2, 4, 8, 11)	a	a	5	None
367.0	367	0.5	1/2	123.0	E4	64.0	True	Violoncello	1	123.0	1.5	236.0	V7	False	('B', 'D', 'E', 'G#')	B	E	2.0	dominant seventh chord	(2, 4, 8, 11)	a	a	5	None
367.5	735/2	1.5	3/2	123.0	A5	81.0	True	Violoncello	1	123.0	1.5	237.0	i	True	('A', 'C', 'E')	A	A	0.0	minor triad	(0, 4, 9)	a	a	1	None
367.5	735/2	0.5	1/2	123.0	C5	72.0	True	Violoncello	1	123.0	1.5	237.0	i	True	('A', 'C', 'E')	A	A	0.0	minor triad	(0, 4, 9)	a	a	1	None
367.5	735/2	0.5	1/2	123.0	E3	52.0	False	Violoncello	1	123.0	1.5	237.0	i	True	('A', 'C', 'E')	A	A	0.0	minor triad	(0, 4, 9)	a	a	1	None
367.5	735/2	1.5	3/2	123.0	A2	45.0	True	Violoncello	1	123.0	1.5	237.0	i	True	('A', 'C', 'E')	A	A	0.0	minor triad	(0, 4, 9)	a	a	1	None
368.0	368	0.5	1/2	123.0	E4	64.0	True	Violoncello	1	123.0	1.5	237.0	i	False	('A', 'C', 'E')	A	A	0.0	minor triad	(0, 4, 9)	a	a	1	None
368.0	368	0.5	1/2	123.0	A3	57.0	True	Violoncello	1	123.0	1.5	237.0	i	False	('A', 'C', 'E')	A	A	0.0	minor triad	(0, 4, 9)	a	a	1	None
368.5	737/2	0.5	1/2	123.0	E4	64.0	True	Violoncello	1	123.0	1.5	237.0	i	False	('A', 'C', 'E')	A	A	0.0	minor triad	(0, 4, 9)	a	a	1	None
368.5	737/2	0.5	1/2	123.0	C4	60.0	True	Violoncello	1	123.0	1.5	237.0	i	False	('A', 'C', 'E')	A	A	0.0	minor triad	(0, 4, 9)	a	a	1	None
369.0	369	1.0	1	124.0	E2	40.0	True	Violoncello	1	124.0	1.5	238.0	V	True	('E', 'G#', 'B')	E	E	0.0	major triad	(4, 8, 11)	a	a	5	None
369.0	369	1.0	1	124.0	G#4	68.0	True	Violoncello	1	124.0	1.5	238.0	V	True	('E', 'G#', 'B')	E	E	0.0	major triad	(4, 8, 11)	a	a	5	None
369.0	369	0.5	1/2	124.0	B5	83.0	True	Violoncello	1	124.0	1.5	238.0	V	True	('E', 'G#', 'B')	E	E	0.0	major triad	(4, 8, 11)	a	a	5	None
369.0	369	1.0	1	124.0	E4	64.0	True	Violoncello	1	124.0	1.5	238.0	V	True	('E', 'G#', 'B')	E	E	0.0	major triad	(4, 8, 11)	a	a	5	None
369.5	739/2	0.5	1/2	124.0	E5	76.0	True	Violoncello	1	124.0	1.5	238.0	V	False	('E', 'G#', 'B')	E	E	0.0	major triad	(4, 8, 11)	a	a	5	None
370.0	370	0.5	1/2	124.0	E5	76.0	True	Violoncello	1	124.0	1.5	238.0	V	False	('E', 'G#', 'B')	E	E	0.0	major triad	(4, 8, 11)	a	a	5	None
370.5	741/2	0.5	1/2	124.0	E6	88.0	True	Violoncello	1	124.0	1.5	239.0	V7	True	('D', 'E', 'G#', 'B')	D	E	3.0	dominant seventh chord	(2, 4, 8, 11)	a	a	5	None
370.5	741/2	1.5	3/2	124.0	B4	71.0	True	Violoncello	1	124.0	1.5	239.0	V7	True	('D', 'E', 'G#', 'B')	D	E	3.0	dominant seventh chord	(2, 4, 8, 11)	a	a	5	None
370.5	741/2	1.5	3/2	124.0	D4	62.0	True	Violoncello	1	124.0	1.5	239.0	V7	True	('D', 'E', 'G#', 'B')	D	E	3.0	dominant seventh chord	(2, 4, 8, 11)	a	a	5	None
371.0	371	0.5	1/2	124.0	E5	76.0	True	Violoncello	1	124.0	1.5	239.0	V7	False	('D', 'E', 'G#', 'B')	D	E	3.0	dominant seventh chord	(2, 4, 8, 11)	a	a	5	None
371.5	743/2	0.5	1/2	124.0	E5	76.0	True	Violoncello	1	124.0	1.5	239.0	V7	False	('D', 'E', 'G#', 'B')	D	E	3.0	dominant seventh chord	(2, 4, 8, 11)	a	a	5	None
372.0	372	0.5	1/2	125.0	E6	88.0	True	Violoncello	1	125.0	1.5	240.0	i	True	('C', 'E', 'A')	C	A	1.0	minor triad	(0, 4, 9)	a	a	1	None
372.0	372	1.5	3/2	125.0	A4	69.0	True	Violoncello	1	125.0	1.5	240.0	i	True	('C', 'E', 'A')	C	A	1.0	minor triad	(0, 4, 9)	a	a	1	None
372.0	372	1.5	3/2	125.0	C4	60.0	True	Violoncello	1	125.0	1.5	240.0	i	True	('C', 'E', 'A')	C	A	1.0	minor triad	(0, 4, 9)	a	a	1	None
372.5	745/2	0.5	1/2	125.0	E5	76.0	True	Violoncello	1	125.0	1.5	240.0	i	False	('C', 'E', 'A')	C	A	1.0	minor triad	(0, 4, 9)	a	a	1	None
373.0	373	0.5	1/2	125.0	E5	76.0	True	Violoncello	1	125.0	1.5	240.0	i	False	('C', 'E', 'A')	C	A	1.0	minor triad	(0, 4, 9)	a	a	1	None
373.5	747/2	1.5	3/2	125.0	G#4	68.0	True	Violoncello	1	125.0	1.5	241.0	V	True	('B', 'E', 'G#')	B	E	2.0	major triad	(4, 8, 11)	a	a	5	None
373.5	747/2	1.5	3/2	125.0	B3	59.0	True	Violoncello	1	125.0	1.5	241.0	V	True	('B', 'E', 'G#')	B	E	2.0	major triad	(4, 8, 11)	a	a	5	None
373.5	747/2	0.5	1/2	125.0	E6	88.0	True	Violoncello	1	125.0	1.5	241.0	V	True	('B', 'E', 'G#')	B	E	2.0	major triad	(4, 8, 11)	a	a	5	None
374.0	374	0.5	1/2	125.0	E5	76.0	True	Violoncello	1	125.0	1.5	241.0	V	False	('B', 'E', 'G#')	B	E	2.0	major triad	(4, 8, 11)	a	a	5	None
374.5	749/2	0.5	1/2	125.0	E5	76.0	True	Violoncello	1	125.0	1.5	241.0	V	False	('B', 'E', 'G#')	B	E	2.0	major triad	(4, 8, 11)	a	a	5	None
375.0	375	1.0	1	126.0	E6	88.0	True	Violoncello	1	126.0	3.0	242.0	i	True	('C', 'E', 'A')	C	A	1.0	minor triad	(0, 4, 9)	a	a	1	None
375.0	375	0.5	1/2	126.0	A4	69.0	True	Violoncello	1	126.0	3.0	242.0	i	True	('C', 'E', 'A')	C	A	1.0	minor triad	(0, 4, 9)	a	a	1	None
375.0	375	1.0	1	126.0	C4	60.0	True	Violoncello	1	126.0	3.0	242.0	i	True	('C', 'E', 'A')	C	A	1.0	minor triad	(0, 4, 9)	a	a	1	None
375.5	751/2	0.5	1/2	126.0	E4	64.0	True	Violoncello	1	126.0	3.0	242.0	i	False	('C', 'E', 'A')	C	A	1.0	minor triad	(0, 4, 9)	a	a	1	None
376.0	376	0.5	1/2	126.0	E4	64.0	True	Violoncello	1	126.0	3.0	242.0	i	False	('C', 'E', 'A')	C	A	1.0	minor triad	(0, 4, 9)	a	a	1	None
376.5	753/2	1.5	3/2	126.0	C3	48.0	True	Violoncello	1	126.0	3.0	242.0	i	False	('C', 'E', 'A')	C	A	1.0	minor triad	(0, 4, 9)	a	a	1	None
376.5	753/2	0.5	1/2	126.0	E5	76.0	True	Violoncello	1	126.0	3.0	242.0	i	False	('C', 'E', 'A')	C	A	1.0	minor triad	(0, 4, 9)	a	a	1	None
376.5	753/2	1.5	3/2	126.0	A5	81.0	True	Violoncello	1	126.0	3.0	242.0	i	False	('C', 'E', 'A')	C	A	1.0	minor triad	(0, 4, 9)	a	a	1	None
376.5	753/2	1.5	3/2	126.0	E3	52.0	True	Violoncello	1	126.0	3.0	242.0	i	False	('C', 'E', 'A')	C	A	1.0	minor triad	(0, 4, 9)	a	a	1	None
377.0	377	0.5	1/2	126.0	E4	64.0	True	Violoncello	1	126.0	3.0	242.0	i	False	('C', 'E', 'A')	C	A	1.0	minor triad	(0, 4, 9)	a	a	1	None
377.5	755/2	0.5	1/2	126.0	E4	64.0	True	Violoncello	1	126.0	3.0	242.0	i	False	('C', 'E', 'A')	C	A	1.0	minor triad	(0, 4, 9)	a	a	1	None
378.0	378	1.5	3/2	127.0	G#5	80.0	True	Violoncello	1	127.0	1.5	243.0	V7	True	('B', 'D', 'E', 'G#')	B	E	2.0	dominant seventh chord	(2, 4, 8, 11)	a	a	5	None
378.0	378	0.5	1/2	127.0	D5	74.0	True	Violoncello	1	127.0	1.5	243.0	V7	True	('B', 'D', 'E', 'G#')	B	E	2.0	dominant seventh chord	(2, 4, 8, 11)	a	a	5	None
378.0	378	1.5	3/2	127.0	E3	52.0	False	Violoncello	1	127.0	1.5	243.0	V7	True	('B', 'D', 'E', 'G#')	B	E	2.0	dominant seventh chord	(2, 4, 8, 11)	a	a	5	None
378.0	378	1.5	3/2	127.0	B2	47.0	True	Violoncello	1	127.0	1.5	243.0	V7	True	('B', 'D', 'E', 'G#')	B	E	2.0	dominant seventh chord	(2, 4, 8, 11)	a	a	5	None
378.5	757/2	0.5	1/2	127.0	E4	64.0	True	Violoncello	1	127.0	1.5	243.0	V7	False	('B', 'D', 'E', 'G#')	B	E	2.0	dominant seventh chord	(2, 4, 8, 11)	a	a	5	None
379.0	379	0.5	1/2	127.0	E4	64.0	True	Violoncello	1	127.0	1.5	243.0	V7	False	('B', 'D', 'E', 'G#')	B	E	2.0	dominant seventh chord	(2, 4, 8, 11)	a	a	5	None
379.5	759/2	1.5	3/2	127.0	A5	81.0	True	Violoncello	1	127.0	1.5	244.0	i	True	('A', 'C', 'E')	A	A	0.0	minor triad	(0, 4, 9)	a	a	1	None
379.5	759/2	0.5	1/2	127.0	C5	72.0	True	Violoncello	1	127.0	1.5	244.0	i	True	('A', 'C', 'E')	A	A	0.0	minor triad	(0, 4, 9)	a	a	1	None
379.5	759/2	0.5	1/2	127.0	E3	52.0	False	Violoncello	1	127.0	1.5	244.0	i	True	('A', 'C', 'E')	A	A	0.0	minor triad	(0, 4, 9)	a	a	1	None
379.5	759/2	1.5	3/2	127.0	A2	45.0	True	Violoncello	1	127.0	1.5	244.0	i	True	('A', 'C', 'E')	A	A	0.0	minor triad	(0, 4, 9)	a	a	1	None
380.0	380	0.5	1/2	127.0	A3	57.0	True	Violoncello	1	127.0	1.5	244.0	i	False	('A', 'C', 'E')	A	A	0.0	minor triad	(0, 4, 9)	a	a	1	None
380.0	380	0.5	1/2	127.0	E4	64.0	True	Violoncello	1	127.0	1.5	244.0	i	False	('A', 'C', 'E')	A	A	0.0	minor triad	(0, 4, 9)	a	a	1	None
380.5	761/2	0.5	1/2	127.0	E4	64.0	True	Violoncello	1	127.0	1.5	244.0	i	False	('A', 'C', 'E')	A	A	0.0	minor triad	(0, 4, 9)	a	a	1	None
380.5	761/2	0.5	1/2	127.0	C4	60.0	True	Violoncello	1	127.0	1.5	244.0	i	False	('A', 'C', 'E')	A	A	0.0	minor triad	(0, 4, 9)	a	a	1	None
381.0	381	1.0	1	128.0	B5	83.0	True	Violoncello	1	128.0	3.0	245.0	V	True	('E', 'G#', 'B')	E	E	0.0	major triad	(4, 8, 11)	a	a	5	None
381.0	381	1.0	1	128.0	G#4	68.0	True	Violoncello	1	128.0	3.0	245.0	V	True	('E', 'G#', 'B')	E	E	0.0	major triad	(4, 8, 11)	a	a	5	None
381.0	381	1.0	1	128.0	E4	64.0	True	Violoncello	1	128.0	3.0	245.0	V	True	('E', 'G#', 'B')	E	E	0.0	major triad	(4, 8, 11)	a	a	5	None
381.0	381	1.0	1	128.0	E2	40.0	True	Violoncello	1	128.0	3.0	245.0	V	True	('E', 'G#', 'B')	E	E	0.0	major triad	(4, 8, 11)	a	a	5	None
382.5	765/2	1.0	1	128.0	E3	52.0	True	Violoncello	1	128.0	3.0	245.0	V	False	('E', 'G#', 'B')	E	E	0.0	major triad	(4, 8, 11)	a	a	5	None
383.5	767/2	0.5	1/2	128.0	E3	52.0	True	Violoncello	1	128.0	3.0	245.0	V	False	('E', 'G#', 'B')	E	E	0.0	major triad	(4, 8, 11)	a	a	5	None
384.0	384	1.0	1	129.0	E3	52.0	True	Violoncello	1	129.0	1.5	246.0	V	True	('E', 'G#', 'B')	E	E	0.0	major triad	(4, 8, 11)	a	a	5	None
385.0	385	0.5	1/2	129.0	D3	50.0	True	Violoncello	1	129.0	1.5	246.0	V	False	('E', 'G#', 'B')	E	E	0.0	major triad	(4, 8, 11)	a	a	5	None
385.5	771/2	1.0	1	129.0	C#3	49.0	True	Violoncello	1	129.0	1.0	247.0	V7/ii	True	('C#', 'E', 'F#', 'A#')	C#	F#	2.0	dominant seventh chord	(1, 4, 6, 10)	A	b	5	2
385.5	771/2	1.0	1	129.0	E4	64.0	True	Violoncello	1	129.0	1.0	247.0	V7/ii	True	('C#', 'E', 'F#', 'A#')	C#	F#	2.0	dominant seventh chord	(1, 4, 6, 10)	A	b	5	2
385.5	771/2	1.0	1	129.0	F#5	78.0	True	Violoncello	1	129.0	1.0	247.0	V7/ii	True	('C#', 'E', 'F#', 'A#')	C#	F#	2.0	dominant seventh chord	(1, 4, 6, 10)	A	b	5	2
386.5	773/2	0.5	1/2	129.0	F#5	78.0	True	Violoncello	1	129.0	0.5	248.0	ii	True	('B', 'D', 'F#')	B	B	0.0	minor triad	(2, 6, 11)	A	A	2	None
386.5	773/2	0.5	1/2	129.0	D4	62.0	True	Violoncello	1	129.0	0.5	248.0	ii	True	('B', 'D', 'F#')	B	B	0.0	minor triad	(2, 6, 11)	A	A	2	None
386.5	773/2	0.5	1/2	129.0	B2	47.0	True	Violoncello	1	129.0	0.5	248.0	ii	True	('B', 'D', 'F#')	B	B	0.0	minor triad	(2, 6, 11)	A	A	2	None
387.0	387	1.0	1	130.0	F#5	78.0	True	Violoncello	1	130.0	3.0	249.0	V7/ii	True	('A#', 'C#', 'E', 'F#')	A#	F#	1.0	dominant seventh chord	(1, 4, 6, 10)	A	b	5	2
387.0	387	1.5	3/2	130.0	C#4	61.0	True	Violoncello	1	130.0	3.0	249.0	V7/ii	True	('A#', 'C#', 'E', 'F#')	A#	F#	1.0	dominant seventh chord	(1, 4, 6, 10)	A	b	5	2
387.0	387	3.0	3	130.0	F#3	54.0	True	Violoncello	1	130.0	3.0	249.0	V7/ii	True	('A#', 'C#', 'E', 'F#')	A#	F#	1.0	dominant seventh chord	(1, 4, 6, 10)	A	b	5	2
387.0	387	1.5	3/2	130.0	A#2	46.0	True	Violoncello	1	130.0	3.0	249.0	V7/ii	True	('A#', 'C#', 'E', 'F#')	A#	F#	1.0	dominant seventh chord	(1, 4, 6, 10)	A	b	5	2
388.0	388	0.5	1/2	130.0	E5	76.0	True	Violoncello	1	130.0	3.0	249.0	V7/ii	False	('A#', 'C#', 'E', 'F#')	A#	F#	1.0	dominant seventh chord	(1, 4, 6, 10)	A	b	5	2
388.5	777/2	1.0	1	130.0	D5	74.0	True	Violoncello	1	130.0	3.0	249.0	V7/ii	False	('A#', 'C#', 'E', 'F#')	A#	F#	1.0	dominant seventh chord	(1, 4, 6, 10)	A	b	5	2
388.5	777/2	1.0	1	130.0	C#4	61.0	False	Violoncello	1	130.0	3.0	249.0	V7/ii	False	('A#', 'C#', 'E', 'F#')	A#	F#	1.0	dominant seventh chord	(1, 4, 6, 10)	A	b	5	2
388.5	777/2	1.0	1	130.0	A#2	46.0	False	Violoncello	1	130.0	3.0	249.0	V7/ii	False	('A#', 'C#', 'E', 'F#')	A#	F#	1.0	dominant seventh chord	(1, 4, 6, 10)	A	b	5	2
389.5	779/2	0.1667	1/6	130.0	A#2	46.0	True	Violoncello	1	130.0	3.0	249.0	V7/ii	False	('A#', 'C#', 'E', 'F#')	A#	F#	1.0	dominant seventh chord	(1, 4, 6, 10)	A	b	5	2
389.5	779/2	0.1667	1/6	130.0	C#4	61.0	True	Violoncello	1	130.0	3.0	249.0	V7/ii	False	('A#', 'C#', 'E', 'F#')	A#	F#	1.0	dominant seventh chord	(1, 4, 6, 10)	A	b	5	2
389.5	779/2	0.5	1/2	130.0	C#5	73.0	True	Violoncello	1	130.0	3.0	249.0	V7/ii	False	('A#', 'C#', 'E', 'F#')	A#	F#	1.0	dominant seventh chord	(1, 4, 6, 10)	A	b	5	2
389.6667	1169/3	0.1667	1/6	130.0	D4	62.0	True	Violoncello	1	130.0	3.0	249.0	V7/ii	False	('A#', 'C#', 'E', 'F#')	A#	F#	1.0	dominant seventh chord	(1, 4, 6, 10)	A	b	5	2
389.6667	1169/3	0.1667	1/6	130.0	B2	47.0	True	Violoncello	1	130.0	3.0	249.0	V7/ii	False	('A#', 'C#', 'E', 'F#')	A#	F#	1.0	dominant seventh chord	(1, 4, 6, 10)	A	b	5	2
389.8333	2339/6	0.1667	1/6	130.0	E4	64.0	True	Violoncello	1	130.0	3.0	249.0	V7/ii	False	('A#', 'C#', 'E', 'F#')	A#	F#	1.0	dominant seventh chord	(1, 4, 6, 10)	A	b	5	2
389.8333	2339/6	0.1667	1/6	130.0	C#3	49.0	True	Violoncello	1	130.0	3.0	249.0	V7/ii	False	('A#', 'C#', 'E', 'F#')	A#	F#	1.0	dominant seventh chord	(1, 4, 6, 10)	A	b	5	2
390.0	390	1.5	3/2	131.0	B4	71.0	True	Violoncello	1	131.0	1.5	250.0	ii	True	('D', 'F#', 'B')	D	B	1.0	minor triad	(2, 6, 11)	A	A	2	None
390.0	390	1.0	1	131.0	F#4	66.0	True	Violoncello	1	131.0	1.5	250.0	ii	True	('D', 'F#', 'B')	D	B	1.0	minor triad	(2, 6, 11)	A	A	2	None
390.0	390	1.5	3/2	131.0	F#3	54.0	False	Violoncello	1	131.0	1.5	250.0	ii	True	('D', 'F#', 'B')	D	B	1.0	minor triad	(2, 6, 11)	A	A	2	None
390.0	390	1.0	1	131.0	D3	50.0	True	Violoncello	1	131.0	1.5	250.0	ii	True	('D', 'F#', 'B')	D	B	1.0	minor triad	(2, 6, 11)	A	A	2	None
391.0	391	0.5	1/2	131.0	E4	64.0	True	Violoncello	1	131.0	1.5	250.0	ii	False	('D', 'F#', 'B')	D	B	1.0	minor triad	(2, 6, 11)	A	A	2	None
391.0	391	0.5	1/2	131.0	C#3	49.0	True	Violoncello	1	131.0	1.5	250.0	ii	False	('D', 'F#', 'B')	D	B	1.0	minor triad	(2, 6, 11)	A	A	2	None
391.5	783/2	1.5	3/2	131.0	B3	59.0	True	Violoncello	1	131.0	1.5	251.0	ii	True	('B', 'D', 'F#')	B	B	0.0	minor triad	(2, 6, 11)	A	A	2	None
391.5	783/2	1.0	1	131.0	B2	47.0	True	Violoncello	1	131.0	1.5	251.0	ii	True	('B', 'D', 'F#')	B	B	0.0	minor triad	(2, 6, 11)	A	A	2	None
391.5	783/2	1.0	1	131.0	D4	62.0	True	Violoncello	1	131.0	1.5	251.0	ii	True	('B', 'D', 'F#')	B	B	0.0	minor triad	(2, 6, 11)	A	A	2	None
391.5	783/2	1.0	1	131.0	B4	71.0	False	Violoncello	1	131.0	1.5	251.0	ii	True	('B', 'D', 'F#')	B	B	0.0	minor triad	(2, 6, 11)	A	A	2	None
392.5	785/2	0.5	1/2	131.0	A2	45.0	True	Violoncello	1	131.0	1.5	251.0	ii	False	('B', 'D', 'F#')	B	B	0.0	minor triad	(2, 6, 11)	A	A	2	None
392.5	785/2	0.1667	1/6	131.0	B4	71.0	True	Violoncello	1	131.0	1.5	251.0	ii	False	('B', 'D', 'F#')	B	B	0.0	minor triad	(2, 6, 11)	A	A	2	None
392.5	785/2	0.5	1/2	131.0	C#4	61.0	True	Violoncello	1	131.0	1.5	251.0	ii	False	('B', 'D', 'F#')	B	B	0.0	minor triad	(2, 6, 11)	A	A	2	None
392.6667	1178/3	0.1667	1/6	131.0	C#5	73.0	True	Violoncello	1	131.0	1.5	251.0	ii	False	('B', 'D', 'F#')	B	B	0.0	minor triad	(2, 6, 11)	A	A	2	None
392.8333	2357/6	0.1667	1/6	131.0	D5	74.0	True	Violoncello	1	131.0	1.5	251.0	ii	False	('B', 'D', 'F#')	B	B	0.0	minor triad	(2, 6, 11)	A	A	2	None
393.0	393	1.0	1	132.0	E5	76.0	True	Violoncello	1	132.0	3.0	252.0	V7	True	('G#', 'B', 'D', 'E')	G#	E	1.0	dominant seventh chord	(2, 4, 8, 11)	A	A	5	None
393.0	393	1.5	3/2	132.0	B3	59.0	True	Violoncello	1	132.0	3.0	252.0	V7	True	('G#', 'B', 'D', 'E')	G#	E	1.0	dominant seventh chord	(2, 4, 8, 11)	A	A	5	None
393.0	393	1.5	3/2	132.0	B3	59.0	False	Violoncello	1	132.0	3.0	252.0	V7	True	('G#', 'B', 'D', 'E')	G#	E	1.0	dominant seventh chord	(2, 4, 8, 11)	A	A	5	None
393.0	393	1.5	3/2	132.0	G#2	44.0	True	Violoncello	1	132.0	3.0	252.0	V7	True	('G#', 'B', 'D', 'E')	G#	E	1.0	dominant seventh chord	(2, 4, 8, 11)	A	A	5	None
394.0	394	0.5	1/2	132.0	D5	74.0	True	Violoncello	1	132.0	3.0	252.0	V7	False	('G#', 'B', 'D', 'E')	G#	E	1.0	dominant seventh chord	(2, 4, 8, 11)	A	A	5	None
394.5	789/2	1.0	1	132.0	C#5	73.0	True	Violoncello	1	132.0	3.0	252.0	V7	False	('G#', 'B', 'D', 'E')	G#	E	1.0	dominant seventh chord	(2, 4, 8, 11)	A	A	5	None
394.5	789/2	1.0	1	132.0	B3	59.0	False	Violoncello	1	132.0	3.0	252.0	V7	False	('G#', 'B', 'D', 'E')	G#	E	1.0	dominant seventh chord	(2, 4, 8, 11)	A	A	5	None
394.5	789/2	1.5	3/2	132.0	E3	52.0	True	Violoncello	1	132.0	3.0	252.0	V7	False	('G#', 'B', 'D', 'E')	G#	E	1.0	dominant seventh chord	(2, 4, 8, 11)	A	A	5	None
394.5	789/2	1.0	1	132.0	G#2	44.0	False	Violoncello	1	132.0	3.0	252.0	V7	False	('G#', 'B', 'D', 'E')	G#	E	1.0	dominant seventh chord	(2, 4, 8, 11)	A	A	5	None
395.5	791/2	0.1667	1/6	132.0	E2	40.0	True	Violoncello	1	132.0	3.0	252.0	V7	False	('G#', 'B', 'D', 'E')	G#	E	1.0	dominant seventh chord	(2, 4, 8, 11)	A	A	5	None
395.5	791/2	0.1667	1/6	132.0	G#3	56.0	True	Violoncello	1	132.0	3.0	252.0	V7	False	('G#', 'B', 'D', 'E')	G#	E	1.0	dominant seventh chord	(2, 4, 8, 11)	A	A	5	None
395.5	791/2	0.5	1/2	132.0	B4	71.0	True	Violoncello	1	132.0	3.0	252.0	V7	False	('G#', 'B', 'D', 'E')	G#	E	1.0	dominant seventh chord	(2, 4, 8, 11)	A	A	5	None
395.6667	1187/3	0.1667	1/6	132.0	A3	57.0	True	Violoncello	1	132.0	3.0	252.0	V7	False	('G#', 'B', 'D', 'E')	G#	E	1.0	dominant seventh chord	(2, 4, 8, 11)	A	A	5	None
395.6667	1187/3	0.1667	1/6	132.0	F#2	42.0	True	Violoncello	1	132.0	3.0	252.0	V7	False	('G#', 'B', 'D', 'E')	G#	E	1.0	dominant seventh chord	(2, 4, 8, 11)	A	A	5	None
395.8333	2375/6	0.1667	1/6	132.0	B3	59.0	True	Violoncello	1	132.0	3.0	252.0	V7	False	('G#', 'B', 'D', 'E')	G#	E	1.0	dominant seventh chord	(2, 4, 8, 11)	A	A	5	None
395.8333	2375/6	0.1667	1/6	132.0	G#2	44.0	True	Violoncello	1	132.0	3.0	252.0	V7	False	('G#', 'B', 'D', 'E')	G#	E	1.0	dominant seventh chord	(2, 4, 8, 11)	A	A	5	None
396.0	396	1.0	1	133.0	D5	74.0	True	Violoncello	1	133.0	3.0	253.0	I	True	('A', 'C#', 'E')	A	A	0.0	major triad	(1, 4, 9)	A	A	1	None
396.0	396	1.5	3/2	133.0	C#4	61.0	True	Violoncello	1	133.0	3.0	253.0	I	True	('A', 'C#', 'E')	A	A	0.0	major triad	(1, 4, 9)	A	A	1	None
396.0	396	1.5	3/2	133.0	E3	52.0	False	Violoncello	1	133.0	3.0	253.0	I	True	('A', 'C#', 'E')	A	A	0.0	major triad	(1, 4, 9)	A	A	1	None
396.0	396	1.5	3/2	133.0	A2	45.0	True	Violoncello	1	133.0	3.0	253.0	I	True	('A', 'C#', 'E')	A	A	0.0	major triad	(1, 4, 9)	A	A	1	None
397.0	397	0.5	1/2	133.0	C#5	73.0	True	Violoncello	1	133.0	3.0	253.0	I	False	('A', 'C#', 'E')	A	A	0.0	major triad	(1, 4, 9)	A	A	1	None
397.5	795/2	1.5	3/2	133.0	A3	57.0	True	Violoncello	1	133.0	3.0	253.0	I	False	('A', 'C#', 'E')	A	A	0.0	major triad	(1, 4, 9)	A	A	1	None
397.5	795/2	1.0	1	133.0	A2	45.0	False	Violoncello	1	133.0	3.0	253.0	I	False	('A', 'C#', 'E')	A	A	0.0	major triad	(1, 4, 9)	A	A	1	None
397.5	795/2	1.0	1	133.0	B4	71.0	True	Violoncello	1	133.0	3.0	253.0	I	False	('A', 'C#', 'E')	A	A	0.0	major triad	(1, 4, 9)	A	A	1	None
397.5	795/2	1.0	1	133.0	C#4	61.0	False	Violoncello	1	133.0	3.0	253.0	I	False	('A', 'C#', 'E')	A	A	0.0	major triad	(1, 4, 9)	A	A	1	None
398.5	797/2	0.1667	1/6	133.0	C#4	61.0	True	Violoncello	1	133.0	3.0	253.0	I	False	('A', 'C#', 'E')	A	A	0.0	major triad	(1, 4, 9)	A	A	1	None
398.5	797/2	0.1667	1/6	133.0	A2	45.0	True	Violoncello	1	133.0	3.0	253.0	I	False	('A', 'C#', 'E')	A	A	0.0	major triad	(1, 4, 9)	A	A	1	None
398.5	797/2	0.5	1/2	133.0	A4	69.0	True	Violoncello	1	133.0	3.0	253.0	I	False	('A', 'C#', 'E')	A	A	0.0	major triad	(1, 4, 9)	A	A	1	None
398.6667	1196/3	0.1667	1/6	133.0	D4	62.0	True	Violoncello	1	133.0	3.0	253.0	I	False	('A', 'C#', 'E')	A	A	0.0	major triad	(1, 4, 9)	A	A	1	None
398.6667	1196/3	0.1667	1/6	133.0	B2	47.0	True	Violoncello	1	133.0	3.0	253.0	I	False	('A', 'C#', 'E')	A	A	0.0	major triad	(1, 4, 9)	A	A	1	None
398.8333	2393/6	0.1667	1/6	133.0	E4	64.0	True	Violoncello	1	133.0	3.0	253.0	I	False	('A', 'C#', 'E')	A	A	0.0	major triad	(1, 4, 9)	A	A	1	None
398.8333	2393/6	0.1667	1/6	133.0	C#3	49.0	True	Violoncello	1	133.0	3.0	253.0	I	False	('A', 'C#', 'E')	A	A	0.0	major triad	(1, 4, 9)	A	A	1	None
399.0	399	1.0	1	134.0	G#4	68.0	True	Violoncello	1	134.0	3.0	254.0	IV	True	('D', 'F#', 'A')	D	D	0.0	major triad	(2, 6, 9)	A	A	4	None
399.0	399	1.0	1	134.0	E4	64.0	True	Violoncello	1	134.0	3.0	254.0	IV	True	('D', 'F#', 'A')	D	D	0.0	major triad	(2, 6, 9)	A	A	4	None
399.0	399	1.5	3/2	134.0	A3	57.0	False	Violoncello	1	134.0	3.0	254.0	IV	True	('D', 'F#', 'A')	D	D	0.0	major triad	(2, 6, 9)	A	A	4	None
399.0	399	1.5	3/2	134.0	D3	50.0	True	Violoncello	1	134.0	3.0	254.0	IV	True	('D', 'F#', 'A')	D	D	0.0	major triad	(2, 6, 9)	A	A	4	None
400.0	400	0.5	1/2	134.0	D4	62.0	True	Violoncello	1	134.0	3.0	254.0	IV	False	('D', 'F#', 'A')	D	D	0.0	major triad	(2, 6, 9)	A	A	4	None
400.0	400	0.5	1/2	134.0	F#4	66.0	True	Violoncello	1	134.0	3.0	254.0	IV	False	('D', 'F#', 'A')	D	D	0.0	major triad	(2, 6, 9)	A	A	4	None
400.5	801/2	1.0	1	134.0	C#4	61.0	True	Violoncello	1	134.0	3.0	254.0	IV	False	('D', 'F#', 'A')	D	D	0.0	major triad	(2, 6, 9)	A	A	4	None
400.5	801/2	1.5	3/2	134.0	A3	57.0	True	Violoncello	1	134.0	3.0	254.0	IV	False	('D', 'F#', 'A')	D	D	0.0	major triad	(2, 6, 9)	A	A	4	None
400.5	801/2	1.0	1	134.0	D3	50.0	False	Violoncello	1	134.0	3.0	254.0	IV	False	('D', 'F#', 'A')	D	D	0.0	major triad	(2, 6, 9)	A	A	4	None
400.5	801/2	1.0	1	134.0	E4	64.0	True	Violoncello	1	134.0	3.0	254.0	IV	False	('D', 'F#', 'A')	D	D	0.0	major triad	(2, 6, 9)	A	A	4	None
401.5	803/2	0.5	1/2	134.0	D4	62.0	True	Violoncello	1	134.0	3.0	254.0	IV	False	('D', 'F#', 'A')	D	D	0.0	major triad	(2, 6, 9)	A	A	4	None
401.5	803/2	0.5	1/2	134.0	B3	59.0	True	Violoncello	1	134.0	3.0	254.0	IV	False	('D', 'F#', 'A')	D	D	0.0	major triad	(2, 6, 9)	A	A	4	None
401.5	803/2	0.1667	1/6	134.0	D3	50.0	True	Violoncello	1	134.0	3.0	254.0	IV	False	('D', 'F#', 'A')	D	D	0.0	major triad	(2, 6, 9)	A	A	4	None
401.6667	1205/3	0.1667	1/6	134.0	E3	52.0	True	Violoncello	1	134.0	3.0	254.0	IV	False	('D', 'F#', 'A')	D	D	0.0	major triad	(2, 6, 9)	A	A	4	None
401.8333	2411/6	0.1667	1/6	134.0	F#3	54.0	True	Violoncello	1	134.0	3.0	254.0	IV	False	('D', 'F#', 'A')	D	D	0.0	major triad	(2, 6, 9)	A	A	4	None
402.0	402	0.25	1/4	135.0	C#4	61.0	True	Violoncello	1	135.0	3.0	255.0	I	True	('E', 'A', 'C#')	E	A	2.0	major triad	(1, 4, 9)	A	A	1	None
402.0	402	3.0	3	135.0	C#4	61.0	True	Violoncello	1	135.0	3.0	255.0	I	True	('E', 'A', 'C#')	E	A	2.0	major triad	(1, 4, 9)	A	A	1	None
402.0	402	3.0	3	135.0	A3	57.0	True	Violoncello	1	135.0	3.0	255.0	I	True	('E', 'A', 'C#')	E	A	2.0	major triad	(1, 4, 9)	A	A	1	None
402.0	402	3.0	3	135.0	E3	52.0	True	Violoncello	1	135.0	3.0	255.0	I	True	('E', 'A', 'C#')	E	A	2.0	major triad	(1, 4, 9)	A	A	1	None
402.25	1609/4	0.25	1/4	135.0	E4	64.0	True	Violoncello	1	135.0	3.0	255.0	I	False	('E', 'A', 'C#')	E	A	2.0	major triad	(1, 4, 9)	A	A	1	None
402.5	805/2	0.25	1/4	135.0	A4	69.0	True	Violoncello	1	135.0	3.0	255.0	I	False	('E', 'A', 'C#')	E	A	2.0	major triad	(1, 4, 9)	A	A	1	None
402.75	1611/4	0.25	1/4	135.0	C#5	73.0	True	Violoncello	1	135.0	3.0	255.0	I	False	('E', 'A', 'C#')	E	A	2.0	major triad	(1, 4, 9)	A	A	1	None
403.0	403	0.25	1/4	135.0	E5	76.0	True	Violoncello	1	135.0	3.0	255.0	I	False	('E', 'A', 'C#')	E	A	2.0	major triad	(1, 4, 9)	A	A	1	None
403.25	1613/4	0.25	1/4	135.0	A5	81.0	True	Violoncello	1	135.0	3.0	255.0	I	False	('E', 'A', 'C#')	E	A	2.0	major triad	(1, 4, 9)	A	A	1	None
403.5	807/2	0.25	1/4	135.0	C#6	85.0	True	Violoncello	1	135.0	3.0	255.0	I	False	('E', 'A', 'C#')	E	A	2.0	major triad	(1, 4, 9)	A	A	1	None
403.75	1615/4	0.25	1/4	135.0	A5	81.0	True	Violoncello	1	135.0	3.0	255.0	I	False	('E', 'A', 'C#')	E	A	2.0	major triad	(1, 4, 9)	A	A	1	None
404.0	404	0.25	1/4	135.0	E6	88.0	True	Violoncello	1	135.0	3.0	255.0	I	False	('E', 'A', 'C#')	E	A	2.0	major triad	(1, 4, 9)	A	A	1	None
404.25	1617/4	0.25	1/4	135.0	C#6	85.0	True	Violoncello	1	135.0	3.0	255.0	I	False	('E', 'A', 'C#')	E	A	2.0	major triad	(1, 4, 9)	A	A	1	None
404.5	809/2	0.25	1/4	135.0	B5	83.0	True	Violoncello	1	135.0	3.0	255.0	I	False	('E', 'A', 'C#')	E	A	2.0	major triad	(1, 4, 9)	A	A	1	None
404.75	1619/4	0.25	1/4	135.0	A5	81.0	True	Violoncello	1	135.0	3.0	255.0	I	False	('E', 'A', 'C#')	E	A	2.0	major triad	(1, 4, 9)	A	A	1	None
405.0	405	0.25	1/4	136.0	G#5	80.0	True	Violoncello	1	136.0	3.0	256.0	V7	True	('E', 'G#', 'B', 'D')	E	E	0.0	dominant seventh chord	(2, 4, 8, 11)	A	A	5	None
405.0	405	1.5	3/2	136.0	D4	62.0	True	Violoncello	1	136.0	3.0	256.0	V7	True	('E', 'G#', 'B', 'D')	E	E	0.0	dominant seventh chord	(2, 4, 8, 11)	A	A	5	None
405.0	405	1.5	3/2	136.0	B3	59.0	True	Violoncello	1	136.0	3.0	256.0	V7	True	('E', 'G#', 'B', 'D')	E	E	0.0	dominant seventh chord	(2, 4, 8, 11)	A	A	5	None
405.0	405	1.5	3/2	136.0	E2	40.0	True	Violoncello	1	136.0	3.0	256.0	V7	True	('E', 'G#', 'B', 'D')	E	E	0.0	dominant seventh chord	(2, 4, 8, 11)	A	A	5	None
405.25	1621/4	0.25	1/4	136.0	A5	81.0	True	Violoncello	1	136.0	3.0	256.0	V7	False	('E', 'G#', 'B', 'D')	E	E	0.0	dominant seventh chord	(2, 4, 8, 11)	A	A	5	None
405.5	811/2	0.25	1/4	136.0	B5	83.0	True	Violoncello	1	136.0	3.0	256.0	V7	False	('E', 'G#', 'B', 'D')	E	E	0.0	dominant seventh chord	(2, 4, 8, 11)	A	A	5	None
405.75	1623/4	0.25	1/4	136.0	A5	81.0	True	Violoncello	1	136.0	3.0	256.0	V7	False	('E', 'G#', 'B', 'D')	E	E	0.0	dominant seventh chord	(2, 4, 8, 11)	A	A	5	None
406.0	406	0.25	1/4	136.0	G#5	80.0	True	Violoncello	1	136.0	3.0	256.0	V7	False	('E', 'G#', 'B', 'D')	E	E	0.0	dominant seventh chord	(2, 4, 8, 11)	A	A	5	None
406.25	1625/4	0.25	1/4	136.0	F#5	78.0	True	Violoncello	1	136.0	3.0	256.0	V7	False	('E', 'G#', 'B', 'D')	E	E	0.0	dominant seventh chord	(2, 4, 8, 11)	A	A	5	None
406.5	813/2	0.25	1/4	136.0	E5	76.0	True	Violoncello	1	136.0	3.0	256.0	V7	False	('E', 'G#', 'B', 'D')	E	E	0.0	dominant seventh chord	(2, 4, 8, 11)	A	A	5	None
406.5	813/2	0.5	1/2	136.0	D4	62.0	False	Violoncello	1	136.0	3.0	256.0	V7	False	('E', 'G#', 'B', 'D')	E	E	0.0	dominant seventh chord	(2, 4, 8, 11)	A	A	5	None
406.5	813/2	0.5	1/2	136.0	B3	59.0	False	Violoncello	1	136.0	3.0	256.0	V7	False	('E', 'G#', 'B', 'D')	E	E	0.0	dominant seventh chord	(2, 4, 8, 11)	A	A	5	None
406.5	813/2	0.5	1/2	136.0	E2	40.0	False	Violoncello	1	136.0	3.0	256.0	V7	False	('E', 'G#', 'B', 'D')	E	E	0.0	dominant seventh chord	(2, 4, 8, 11)	A	A	5	None
406.75	1627/4	0.25	1/4	136.0	D#5	75.0	True	Violoncello	1	136.0	3.0	256.0	V7	False	('E', 'G#', 'B', 'D')	E	E	0.0	dominant seventh chord	(2, 4, 8, 11)	A	A	5	None
407.0	407	0.25	1/4	136.0	E5	76.0	True	Violoncello	1	136.0	3.0	256.0	V7	False	('E', 'G#', 'B', 'D')	E	E	0.0	dominant seventh chord	(2, 4, 8, 11)	A	A	5	None
407.0	407	0.5	1/2	136.0	G#4	68.0	True	Violoncello	1	136.0	3.0	256.0	V7	False	('E', 'G#', 'B', 'D')	E	E	0.0	dominant seventh chord	(2, 4, 8, 11)	A	A	5	None
407.0	407	0.5	1/2	136.0	D4	62.0	True	Violoncello	1	136.0	3.0	256.0	V7	False	('E', 'G#', 'B', 'D')	E	E	0.0	dominant seventh chord	(2, 4, 8, 11)	A	A	5	None
407.0	407	0.5	1/2	136.0	E2	40.0	True	Violoncello	1	136.0	3.0	256.0	V7	False	('E', 'G#', 'B', 'D')	E	E	0.0	dominant seventh chord	(2, 4, 8, 11)	A	A	5	None
407.25	1629/4	0.25	1/4	136.0	D5	74.0	True	Violoncello	1	136.0	3.0	256.0	V7	False	('E', 'G#', 'B', 'D')	E	E	0.0	dominant seventh chord	(2, 4, 8, 11)	A	A	5	None
407.5	815/2	0.5	1/2	136.0	G#4	68.0	True	Violoncello	1	136.0	3.0	256.0	V7	False	('E', 'G#', 'B', 'D')	E	E	0.0	dominant seventh chord	(2, 4, 8, 11)	A	A	5	None
407.5	815/2	0.5	1/2	136.0	D4	62.0	True	Violoncello	1	136.0	3.0	256.0	V7	False	('E', 'G#', 'B', 'D')	E	E	0.0	dominant seventh chord	(2, 4, 8, 11)	A	A	5	None
407.5	815/2	0.5	1/2	136.0	E2	40.0	True	Violoncello	1	136.0	3.0	256.0	V7	False	('E', 'G#', 'B', 'D')	E	E	0.0	dominant seventh chord	(2, 4, 8, 11)	A	A	5	None
407.5	815/2	0.25	1/4	136.0	C#5	73.0	True	Violoncello	1	136.0	3.0	256.0	V7	False	('E', 'G#', 'B', 'D')	E	E	0.0	dominant seventh chord	(2, 4, 8, 11)	A	A	5	None
407.75	1631/4	0.25	1/4	136.0	B4	71.0	True	Violoncello	1	136.0	3.0	256.0	V7	False	('E', 'G#', 'B', 'D')	E	E	0.0	dominant seventh chord	(2, 4, 8, 11)	A	A	5	None
408.0	408	1.0	1	137.0	A4	69.0	True	Violoncello	1	137.0	3.0	257.0	I	True	('A', 'C#', 'E')	A	A	0.0	major triad	(1, 4, 9)	A	A	1	None
408.0	408	1.0	1	137.0	A5	81.0	True	Violoncello	1	137.0	3.0	257.0	I	True	('A', 'C#', 'E')	A	A	0.0	major triad	(1, 4, 9)	A	A	1	None
408.0	408	1.0	1	137.0	A4	69.0	True	Violoncello	1	137.0	3.0	257.0	I	True	('A', 'C#', 'E')	A	A	0.0	major triad	(1, 4, 9)	A	A	1	None
408.0	408	1.0	1	137.0	C#4	61.0	True	Violoncello	1	137.0	3.0	257.0	I	True	('A', 'C#', 'E')	A	A	0.0	major triad	(1, 4, 9)	A	A	1	None
408.0	408	0.5	1/2	137.0	A2	45.0	True	Violoncello	1	137.0	3.0	257.0	I	True	('A', 'C#', 'E')	A	A	0.0	major triad	(1, 4, 9)	A	A	1	None
408.5	817/2	0.5	1/2	137.0	C#3	49.0	True	Violoncello	1	137.0	3.0	257.0	I	False	('A', 'C#', 'E')	A	A	0.0	major triad	(1, 4, 9)	A	A	1	None
409.0	409	0.5	1/2	137.0	E3	52.0	True	Violoncello	1	137.0	3.0	257.0	I	False	('A', 'C#', 'E')	A	A	0.0	major triad	(1, 4, 9)	A	A	1	None
409.5	819/2	1.0	1	137.0	A3	57.0	True	Violoncello	1	137.0	3.0	257.0	I	False	('A', 'C#', 'E')	A	A	0.0	major triad	(1, 4, 9)	A	A	1	None
409.5	819/2	1.0	1	137.0	C#4	61.0	True	Violoncello	1	137.0	3.0	257.0	I	False	('A', 'C#', 'E')	A	A	0.0	major triad	(1, 4, 9)	A	A	1	None
409.5	819/2	1.0	1	137.0	E4	64.0	True	Violoncello	1	137.0	3.0	257.0	I	False	('A', 'C#', 'E')	A	A	0.0	major triad	(1, 4, 9)	A	A	1	None
409.5	819/2	0.0	0	137.0	G#4	68.0	True	Violoncello	1	137.0	3.0	257.0	I	False	('A', 'C#', 'E')	A	A	0.0	major triad	(1, 4, 9)	A	A	1	None
409.5	819/2	0.0	0	137.0	A4	69.0	True	Violoncello	1	137.0	3.0	257.0	I	False	('A', 'C#', 'E')	A	A	0.0	major triad	(1, 4, 9)	A	A	1	None
409.5	819/2	0.0	0	137.0	B4	71.0	True	Violoncello	1	137.0	3.0	257.0	I	False	('A', 'C#', 'E')	A	A	0.0	major triad	(1, 4, 9)	A	A	1	None
409.5	819/2	0.5	1/2	137.0	A4	69.0	True	Violoncello	1	137.0	3.0	257.0	I	False	('A', 'C#', 'E')	A	A	0.0	major triad	(1, 4, 9)	A	A	1	None
410.0	410	0.5	1/2	137.0	B4	71.0	True	Violoncello	1	137.0	3.0	257.0	I	False	('A', 'C#', 'E')	A	A	0.0	major triad	(1, 4, 9)	A	A	1	None
410.5	821/2	0.5	1/2	137.0	C#5	73.0	True	Violoncello	1	137.0	3.0	257.0	I	False	('A', 'C#', 'E')	A	A	0.0	major triad	(1, 4, 9)	A	A	1	None
411.0	411	0.5	1/2	138.0	A2	45.0	True	Violoncello	1	138.0	3.0	258.0	I	True	('A', 'C#', 'E')	A	A	0.0	major triad	(1, 4, 9)	A	A	1	None
411.5	823/2	0.5	1/2	138.0	C#3	49.0	True	Violoncello	1	138.0	3.0	258.0	I	False	('A', 'C#', 'E')	A	A	0.0	major triad	(1, 4, 9)	A	A	1	None
412.0	412	0.5	1/2	138.0	E3	52.0	True	Violoncello	1	138.0	3.0	258.0	I	False	('A', 'C#', 'E')	A	A	0.0	major triad	(1, 4, 9)	A	A	1	None
412.5	825/2	1.0	1	138.0	A3	57.0	True	Violoncello	1	138.0	3.0	258.0	I	False	('A', 'C#', 'E')	A	A	0.0	major triad	(1, 4, 9)	A	A	1	None
412.5	825/2	1.0	1	138.0	C#4	61.0	True	Violoncello	1	138.0	3.0	258.0	I	False	('A', 'C#', 'E')	A	A	0.0	major triad	(1, 4, 9)	A	A	1	None
412.5	825/2	1.0	1	138.0	E4	64.0	True	Violoncello	1	138.0	3.0	258.0	I	False	('A', 'C#', 'E')	A	A	0.0	major triad	(1, 4, 9)	A	A	1	None
412.5	825/2	0.0	0	138.0	C#5	73.0	True	Violoncello	1	138.0	3.0	258.0	I	False	('A', 'C#', 'E')	A	A	0.0	major triad	(1, 4, 9)	A	A	1	None
412.5	825/2	0.0	0	138.0	B4	71.0	True	Violoncello	1	138.0	3.0	258.0	I	False	('A', 'C#', 'E')	A	A	0.0	major triad	(1, 4, 9)	A	A	1	None
412.5	825/2	0.5	1/2	138.0	C#5	73.0	True	Violoncello	1	138.0	3.0	258.0	I	False	('A', 'C#', 'E')	A	A	0.0	major triad	(1, 4, 9)	A	A	1	None
412.5	825/2	0.0	0	138.0	D5	74.0	True	Violoncello	1	138.0	3.0	258.0	I	False	('A', 'C#', 'E')	A	A	0.0	major triad	(1, 4, 9)	A	A	1	None
413.0	413	0.5	1/2	138.0	D5	74.0	True	Violoncello	1	138.0	3.0	258.0	I	False	('A', 'C#', 'E')	A	A	0.0	major triad	(1, 4, 9)	A	A	1	None
413.5	827/2	0.5	1/2	138.0	E5	76.0	True	Violoncello	1	138.0	3.0	258.0	I	False	('A', 'C#', 'E')	A	A	0.0	major triad	(1, 4, 9)	A	A	1	None
414.0	414	0.5	1/2	139.0	A2	45.0	True	Violoncello	1	139.0	3.0	259.0	I	True	('A', 'C#', 'E')	A	A	0.0	major triad	(1, 4, 9)	A	A	1	None
414.5	829/2	0.5	1/2	139.0	C#3	49.0	True	Violoncello	1	139.0	3.0	259.0	I	False	('A', 'C#', 'E')	A	A	0.0	major triad	(1, 4, 9)	A	A	1	None
415.0	415	0.5	1/2	139.0	E3	52.0	True	Violoncello	1	139.0	3.0	259.0	I	False	('A', 'C#', 'E')	A	A	0.0	major triad	(1, 4, 9)	A	A	1	None
415.5	831/2	0.0	0	139.0	F#5	78.0	True	Violoncello	1	139.0	3.0	259.0	I	False	('A', 'C#', 'E')	A	A	0.0	major triad	(1, 4, 9)	A	A	1	None
415.5	831/2	0.0	0	139.0	E5	76.0	True	Violoncello	1	139.0	3.0	259.0	I	False	('A', 'C#', 'E')	A	A	0.0	major triad	(1, 4, 9)	A	A	1	None
415.5	831/2	0.0	0	139.0	D#5	75.0	True	Violoncello	1	139.0	3.0	259.0	I	False	('A', 'C#', 'E')	A	A	0.0	major triad	(1, 4, 9)	A	A	1	None
415.5	831/2	0.5	1/2	139.0	E5	76.0	True	Violoncello	1	139.0	3.0	259.0	I	False	('A', 'C#', 'E')	A	A	0.0	major triad	(1, 4, 9)	A	A	1	None
415.5	831/2	1.0	1	139.0	E4	64.0	True	Violoncello	1	139.0	3.0	259.0	I	False	('A', 'C#', 'E')	A	A	0.0	major triad	(1, 4, 9)	A	A	1	None
415.5	831/2	1.0	1	139.0	C#4	61.0	True	Violoncello	1	139.0	3.0	259.0	I	False	('A', 'C#', 'E')	A	A	0.0	major triad	(1, 4, 9)	A	A	1	None
415.5	831/2	1.0	1	139.0	A3	57.0	True	Violoncello	1	139.0	3.0	259.0	I	False	('A', 'C#', 'E')	A	A	0.0	major triad	(1, 4, 9)	A	A	1	None
416.0	416	0.5	1/2	139.0	F#5	78.0	True	Violoncello	1	139.0	3.0	259.0	I	False	('A', 'C#', 'E')	A	A	0.0	major triad	(1, 4, 9)	A	A	1	None
416.5	833/2	0.5	1/2	139.0	G#5	80.0	True	Violoncello	1	139.0	3.0	259.0	I	False	('A', 'C#', 'E')	A	A	0.0	major triad	(1, 4, 9)	A	A	1	None
417.0	417	0.5	1/2	140.0	A5	81.0	True	Violoncello	1	140.0	3.0	260.0	I	True	('A', 'C#', 'E')	A	A	0.0	major triad	(1, 4, 9)	A	A	1	None
417.5	835/2	0.5	1/2	140.0	B5	83.0	True	Violoncello	1	140.0	3.0	260.0	I	False	('A', 'C#', 'E')	A	A	0.0	major triad	(1, 4, 9)	A	A	1	None
418.0	418	0.5	1/2	140.0	C#6	85.0	True	Violoncello	1	140.0	3.0	260.0	I	False	('A', 'C#', 'E')	A	A	0.0	major triad	(1, 4, 9)	A	A	1	None
418.5	837/2	0.5	1/2	140.0	C#6	85.0	True	Violoncello	1	140.0	3.0	260.0	I	False	('A', 'C#', 'E')	A	A	0.0	major triad	(1, 4, 9)	A	A	1	None
419.0	419	0.5	1/2	140.0	D6	86.0	True	Violoncello	1	140.0	3.0	260.0	I	False	('A', 'C#', 'E')	A	A	0.0	major triad	(1, 4, 9)	A	A	1	None
419.5	839/2	0.5	1/2	140.0	E6	88.0	True	Violoncello	1	140.0	3.0	260.0	I	False	('A', 'C#', 'E')	A	A	0.0	major triad	(1, 4, 9)	A	A	1	None
420.0	420	1.5	3/2	141.0	F#6	90.0	True	Violoncello	1	141.0	3.0	261.0	IV	True	('D', 'F#', 'A')	D	D	0.0	major triad	(2, 6, 9)	A	A	4	None
420.0	420	3.0	3	141.0	F#4	66.0	True	Violoncello	1	141.0	3.0	261.0	IV	True	('D', 'F#', 'A')	D	D	0.0	major triad	(2, 6, 9)	A	A	4	None
420.0	420	3.0	3	141.0	D4	62.0	True	Violoncello	1	141.0	3.0	261.0	IV	True	('D', 'F#', 'A')	D	D	0.0	major triad	(2, 6, 9)	A	A	4	None
420.0	420	0.5	1/2	141.0	A2	45.0	True	Violoncello	1	141.0	3.0	261.0	IV	True	('D', 'F#', 'A')	D	D	0.0	major triad	(2, 6, 9)	A	A	4	None
420.5	841/2	0.5	1/2	141.0	D3	50.0	True	Violoncello	1	141.0	3.0	261.0	IV	False	('D', 'F#', 'A')	D	D	0.0	major triad	(2, 6, 9)	A	A	4	None
421.0	421	0.5	1/2	141.0	F#3	54.0	True	Violoncello	1	141.0	3.0	261.0	IV	False	('D', 'F#', 'A')	D	D	0.0	major triad	(2, 6, 9)	A	A	4	None
421.5	843/2	0.5	1/2	141.0	D6	86.0	True	Violoncello	1	141.0	3.0	261.0	IV	False	('D', 'F#', 'A')	D	D	0.0	major triad	(2, 6, 9)	A	A	4	None
421.5	843/2	1.5	3/2	141.0	A2	45.0	True	Violoncello	1	141.0	3.0	261.0	IV	False	('D', 'F#', 'A')	D	D	0.0	major triad	(2, 6, 9)	A	A	4	None
422.5	845/2	0.5	1/2	141.0	C#6	85.0	True	Violoncello	1	141.0	3.0	261.0	IV	False	('D', 'F#', 'A')	D	D	0.0	major triad	(2, 6, 9)	A	A	4	None
423.0	423	0.5	1/2	142.0	B5	83.0	True	Violoncello	1	142.0	3.0	262.0	V7	True	('D', 'E', 'G#', 'B')	D	E	3.0	dominant seventh chord	(2, 4, 8, 11)	A	A	5	None
423.0	423	3.0	3	142.0	G#4	68.0	True	Violoncello	1	142.0	3.0	262.0	V7	True	('D', 'E', 'G#', 'B')	D	E	3.0	dominant seventh chord	(2, 4, 8, 11)	A	A	5	None
423.0	423	3.0	3	142.0	B3	59.0	True	Violoncello	1	142.0	3.0	262.0	V7	True	('D', 'E', 'G#', 'B')	D	E	3.0	dominant seventh chord	(2, 4, 8, 11)	A	A	5	None
423.0	423	0.5	1/2	142.0	A2	45.0	False	Violoncello	1	142.0	3.0	262.0	V7	True	('D', 'E', 'G#', 'B')	D	E	3.0	dominant seventh chord	(2, 4, 8, 11)	A	A	5	None
423.5	847/2	0.5	1/2	142.0	D3	50.0	True	Violoncello	1	142.0	3.0	262.0	V7	False	('D', 'E', 'G#', 'B')	D	E	3.0	dominant seventh chord	(2, 4, 8, 11)	A	A	5	None
424.0	424	0.5	1/2	142.0	C#6	85.0	True	Violoncello	1	142.0	3.0	262.0	V7	False	('D', 'E', 'G#', 'B')	D	E	3.0	dominant seventh chord	(2, 4, 8, 11)	A	A	5	None
424.0	424	0.5	1/2	142.0	E3	52.0	True	Violoncello	1	142.0	3.0	262.0	V7	False	('D', 'E', 'G#', 'B')	D	E	3.0	dominant seventh chord	(2, 4, 8, 11)	A	A	5	None
424.5	849/2	0.5	1/2	142.0	D6	86.0	True	Violoncello	1	142.0	3.0	262.0	V7	False	('D', 'E', 'G#', 'B')	D	E	3.0	dominant seventh chord	(2, 4, 8, 11)	A	A	5	None
424.5	849/2	1.5	3/2	142.0	A2	45.0	True	Violoncello	1	142.0	3.0	262.0	V7	False	('D', 'E', 'G#', 'B')	D	E	3.0	dominant seventh chord	(2, 4, 8, 11)	A	A	5	None
425.5	851/2	0.5	1/2	142.0	D#6	87.0	True	Violoncello	1	142.0	3.0	262.0	V7	False	('D', 'E', 'G#', 'B')	D	E	3.0	dominant seventh chord	(2, 4, 8, 11)	A	A	5	None
426.0	426	1.5	3/2	143.0	G#4	68.0	False	Violoncello	1	143.0	1.5	263.0	V7	True	('D', 'E', 'G#', 'B')	D	E	3.0	dominant seventh chord	(2, 4, 8, 11)	A	A	5	None
426.0	426	1.5	3/2	143.0	B3	59.0	False	Violoncello	1	143.0	1.5	263.0	V7	True	('D', 'E', 'G#', 'B')	D	E	3.0	dominant seventh chord	(2, 4, 8, 11)	A	A	5	None
426.0	426	0.5	1/2	143.0	A2	45.0	False	Violoncello	1	143.0	1.5	263.0	V7	True	('D', 'E', 'G#', 'B')	D	E	3.0	dominant seventh chord	(2, 4, 8, 11)	A	A	5	None
426.0	426	1.5	3/2	143.0	E6	88.0	True	Violoncello	1	143.0	1.5	263.0	V7	True	('D', 'E', 'G#', 'B')	D	E	3.0	dominant seventh chord	(2, 4, 8, 11)	A	A	5	None
426.5	853/2	0.5	1/2	143.0	D3	50.0	True	Violoncello	1	143.0	1.5	263.0	V7	False	('D', 'E', 'G#', 'B')	D	E	3.0	dominant seventh chord	(2, 4, 8, 11)	A	A	5	None
427.0	427	0.5	1/2	143.0	E3	52.0	True	Violoncello	1	143.0	1.5	263.0	V7	False	('D', 'E', 'G#', 'B')	D	E	3.0	dominant seventh chord	(2, 4, 8, 11)	A	A	5	None
427.5	855/2	0.5	1/2	143.0	C#6	85.0	True	Violoncello	1	143.0	1.5	264.0	I	True	('C#', 'E', 'A')	C#	A	1.0	major triad	(1, 4, 9)	A	A	1	None
427.5	855/2	1.5	3/2	143.0	A4	69.0	True	Violoncello	1	143.0	1.5	264.0	I	True	('C#', 'E', 'A')	C#	A	1.0	major triad	(1, 4, 9)	A	A	1	None
427.5	855/2	1.5	3/2	143.0	C#4	61.0	True	Violoncello	1	143.0	1.5	264.0	I	True	('C#', 'E', 'A')	C#	A	1.0	major triad	(1, 4, 9)	A	A	1	None
427.5	855/2	0.5	1/2	143.0	A2	45.0	True	Violoncello	1	143.0	1.5	264.0	I	True	('C#', 'E', 'A')	C#	A	1.0	major triad	(1, 4, 9)	A	A	1	None
428.0	428	0.5	1/2	143.0	A5	81.0	True	Violoncello	1	143.0	1.5	264.0	I	False	('C#', 'E', 'A')	C#	A	1.0	major triad	(1, 4, 9)	A	A	1	None
428.0	428	0.5	1/2	143.0	C#3	49.0	True	Violoncello	1	143.0	1.5	264.0	I	False	('C#', 'E', 'A')	C#	A	1.0	major triad	(1, 4, 9)	A	A	1	None
428.5	857/2	0.5	1/2	143.0	E3	52.0	True	Violoncello	1	143.0	1.5	264.0	I	False	('C#', 'E', 'A')	C#	A	1.0	major triad	(1, 4, 9)	A	A	1	None
428.5	857/2	0.5	1/2	143.0	B5	83.0	True	Violoncello	1	143.0	1.5	264.0	I	False	('C#', 'E', 'A')	C#	A	1.0	major triad	(1, 4, 9)	A	A	1	None
429.0	429	0.5	1/2	144.0	A2	45.0	True	Violoncello	1	144.0	1.5	265.0	I	True	('C#', 'E', 'A')	C#	A	1.0	major triad	(1, 4, 9)	A	A	1	None
429.0	429	0.5	1/2	144.0	C#6	85.0	True	Violoncello	1	144.0	1.5	265.0	I	True	('C#', 'E', 'A')	C#	A	1.0	major triad	(1, 4, 9)	A	A	1	None
429.0	429	1.5	3/2	144.0	A4	69.0	False	Violoncello	1	144.0	1.5	265.0	I	True	('C#', 'E', 'A')	C#	A	1.0	major triad	(1, 4, 9)	A	A	1	None
429.0	429	1.5	3/2	144.0	C#4	61.0	False	Violoncello	1	144.0	1.5	265.0	I	True	('C#', 'E', 'A')	C#	A	1.0	major triad	(1, 4, 9)	A	A	1	None
429.5	859/2	0.5	1/2	144.0	C#6	85.0	True	Violoncello	1	144.0	1.5	265.0	I	False	('C#', 'E', 'A')	C#	A	1.0	major triad	(1, 4, 9)	A	A	1	None
429.5	859/2	0.5	1/2	144.0	C#3	49.0	True	Violoncello	1	144.0	1.5	265.0	I	False	('C#', 'E', 'A')	C#	A	1.0	major triad	(1, 4, 9)	A	A	1	None
430.0	430	0.5	1/2	144.0	D6	86.0	True	Violoncello	1	144.0	1.5	265.0	I	False	('C#', 'E', 'A')	C#	A	1.0	major triad	(1, 4, 9)	A	A	1	None
430.0	430	0.5	1/2	144.0	E3	52.0	True	Violoncello	1	144.0	1.5	265.0	I	False	('C#', 'E', 'A')	C#	A	1.0	major triad	(1, 4, 9)	A	A	1	None
430.5	861/2	0.5	1/2	144.0	E6	88.0	True	Violoncello	1	144.0	1.5	266.0	viio/IV	True	('E', 'G', 'C#')	E	C#	1.0	diminished triad	(1, 4, 7)	A	D	7	4
430.5	861/2	1.5	3/2	144.0	G4	67.0	True	Violoncello	1	144.0	1.5	266.0	viio/IV	True	('E', 'G', 'C#')	E	C#	1.0	diminished triad	(1, 4, 7)	A	D	7	4
430.5	861/2	1.5	3/2	144.0	C#4	61.0	True	Violoncello	1	144.0	1.5	266.0	viio/IV	True	('E', 'G', 'C#')	E	C#	1.0	diminished triad	(1, 4, 7)	A	D	7	4
430.5	861/2	0.5	1/2	144.0	A2	45.0	True	Violoncello	1	144.0	1.5	266.0	viio/IV	True	('E', 'G', 'C#')	E	C#	1.0	diminished triad	(1, 4, 7)	A	D	7	4
431.0	431	0.5	1/2	144.0	E3	52.0	True	Violoncello	1	144.0	1.5	266.0	viio/IV	False	('E', 'G', 'C#')	E	C#	1.0	diminished triad	(1, 4, 7)	A	D	7	4
431.0	431	0.5	1/2	144.0	E6	88.0	True	Violoncello	1	144.0	1.5	266.0	viio/IV	False	('E', 'G', 'C#')	E	C#	1.0	diminished triad	(1, 4, 7)	A	D	7	4
431.5	863/2	0.5	1/2	144.0	G3	55.0	True	Violoncello	1	144.0	1.5	266.0	viio/IV	False	('E', 'G', 'C#')	E	C#	1.0	diminished triad	(1, 4, 7)	A	D	7	4
431.5	863/2	0.5	1/2	144.0	E#6	89.0	True	Violoncello	1	144.0	1.5	266.0	viio/IV	False	('E', 'G', 'C#')	E	C#	1.0	diminished triad	(1, 4, 7)	A	D	7	4
432.0	432	1.5	3/2	145.0	F#6	90.0	True	Violoncello	1	145.0	3.0	267.0	IV	True	('D', 'F#', 'A')	D	D	0.0	major triad	(2, 6, 9)	A	A	4	None
432.0	432	3.0	3	145.0	F#4	66.0	True	Violoncello	1	145.0	3.0	267.0	IV	True	('D', 'F#', 'A')	D	D	0.0	major triad	(2, 6, 9)	A	A	4	None
432.0	432	3.0	3	145.0	D4	62.0	True	Violoncello	1	145.0	3.0	267.0	IV	True	('D', 'F#', 'A')	D	D	0.0	major triad	(2, 6, 9)	A	A	4	None
432.0	432	0.5	1/2	145.0	A2	45.0	True	Violoncello	1	145.0	3.0	267.0	IV	True	('D', 'F#', 'A')	D	D	0.0	major triad	(2, 6, 9)	A	A	4	None
432.5	865/2	0.5	1/2	145.0	D3	50.0	True	Violoncello	1	145.0	3.0	267.0	IV	False	('D', 'F#', 'A')	D	D	0.0	major triad	(2, 6, 9)	A	A	4	None
433.0	433	0.5	1/2	145.0	F#3	54.0	True	Violoncello	1	145.0	3.0	267.0	IV	False	('D', 'F#', 'A')	D	D	0.0	major triad	(2, 6, 9)	A	A	4	None
433.5	867/2	1.0	1	145.0	D6	86.0	True	Violoncello	1	145.0	3.0	267.0	IV	False	('D', 'F#', 'A')	D	D	0.0	major triad	(2, 6, 9)	A	A	4	None
433.5	867/2	1.5	3/2	145.0	A2	45.0	True	Violoncello	1	145.0	3.0	267.0	IV	False	('D', 'F#', 'A')	D	D	0.0	major triad	(2, 6, 9)	A	A	4	None
434.5	869/2	0.5	1/2	145.0	C#6	85.0	True	Violoncello	1	145.0	3.0	267.0	IV	False	('D', 'F#', 'A')	D	D	0.0	major triad	(2, 6, 9)	A	A	4	None
435.0	435	0.5	1/2	146.0	A2	45.0	False	Violoncello	1	146.0	1.5	268.0	V7	True	('D', 'E', 'G#', 'B')	D	E	3.0	dominant seventh chord	(2, 4, 8, 11)	A	A	5	None
435.0	435	3.0	3	146.0	B3	59.0	True	Violoncello	1	146.0	1.5	268.0	V7	True	('D', 'E', 'G#', 'B')	D	E	3.0	dominant seventh chord	(2, 4, 8, 11)	A	A	5	None
435.0	435	0.5	1/2	146.0	B5	83.0	True	Violoncello	1	146.0	1.5	268.0	V7	True	('D', 'E', 'G#', 'B')	D	E	3.0	dominant seventh chord	(2, 4, 8, 11)	A	A	5	None
435.0	435	3.0	3	146.0	G#4	68.0	True	Violoncello	1	146.0	1.5	268.0	V7	True	('D', 'E', 'G#', 'B')	D	E	3.0	dominant seventh chord	(2, 4, 8, 11)	A	A	5	None
435.5	871/2	0.5	1/2	146.0	D3	50.0	True	Violoncello	1	146.0	1.5	268.0	V7	False	('D', 'E', 'G#', 'B')	D	E	3.0	dominant seventh chord	(2, 4, 8, 11)	A	A	5	None
436.0	436	0.5	1/2	146.0	C#6	85.0	True	Violoncello	1	146.0	1.5	268.0	V7	False	('D', 'E', 'G#', 'B')	D	E	3.0	dominant seventh chord	(2, 4, 8, 11)	A	A	5	None
436.0	436	0.5	1/2	146.0	E3	52.0	True	Violoncello	1	146.0	1.5	268.0	V7	False	('D', 'E', 'G#', 'B')	D	E	3.0	dominant seventh chord	(2, 4, 8, 11)	A	A	5	None
436.5	873/2	0.5	1/2	146.0	D6	86.0	True	Violoncello	1	146.0	1.5	269.0	viio	True	('B', 'D', 'G#')	B	G#	1.0	diminished triad	(2, 8, 11)	A	A	7	None
436.5	873/2	0.5	1/2	146.0	A2	45.0	True	Violoncello	1	146.0	1.5	269.0	viio	True	('B', 'D', 'G#')	B	G#	1.0	diminished triad	(2, 8, 11)	A	A	7	None
437.0	437	0.5	1/2	146.0	B2	47.0	True	Violoncello	1	146.0	1.5	269.0	viio	False	('B', 'D', 'G#')	B	G#	1.0	diminished triad	(2, 8, 11)	A	A	7	None
437.5	875/2	0.5	1/2	146.0	E6	88.0	True	Violoncello	1	146.0	1.5	269.0	viio	False	('B', 'D', 'G#')	B	G#	1.0	diminished triad	(2, 8, 11)	A	A	7	None
437.5	875/2	0.5	1/2	146.0	D3	50.0	True	Violoncello	1	146.0	1.5	269.0	viio	False	('B', 'D', 'G#')	B	G#	1.0	diminished triad	(2, 8, 11)	A	A	7	None
438.0	438	1.0	1	147.0	A5	81.0	True	Violoncello	1	147.0	3.0	270.0	I	True	('C#', 'E', 'A')	C#	A	1.0	major triad	(1, 4, 9)	A	A	1	None
438.0	438	1.0	1	147.0	A4	69.0	True	Violoncello	1	147.0	3.0	270.0	I	True	('C#', 'E', 'A')	C#	A	1.0	major triad	(1, 4, 9)	A	A	1	None
438.0	438	1.0	1	147.0	C#4	61.0	True	Violoncello	1	147.0	3.0	270.0	I	True	('C#', 'E', 'A')	C#	A	1.0	major triad	(1, 4, 9)	A	A	1	None
438.0	438	1.0	1	147.0	A2	45.0	True	Violoncello	1	147.0	3.0	270.0	I	True	('C#', 'E', 'A')	C#	A	1.0	major triad	(1, 4, 9)	A	A	1	None
439.5	879/2	0.25	1/4	147.0	A4	69.0	True	Violoncello	1	147.0	3.0	270.0	I	False	('C#', 'E', 'A')	C#	A	1.0	major triad	(1, 4, 9)	A	A	1	None
439.75	1759/4	0.25	1/4	147.0	B4	71.0	True	Violoncello	1	147.0	3.0	270.0	I	False	('C#', 'E', 'A')	C#	A	1.0	major triad	(1, 4, 9)	A	A	1	None
440.0	440	0.25	1/4	147.0	C#5	73.0	True	Violoncello	1	147.0	3.0	270.0	I	False	('C#', 'E', 'A')	C#	A	1.0	major triad	(1, 4, 9)	A	A	1	None
440.25	1761/4	0.25	1/4	147.0	D5	74.0	True	Violoncello	1	147.0	3.0	270.0	I	False	('C#', 'E', 'A')	C#	A	1.0	major triad	(1, 4, 9)	A	A	1	None
440.5	881/2	0.25	1/4	147.0	E5	76.0	True	Violoncello	1	147.0	3.0	270.0	I	False	('C#', 'E', 'A')	C#	A	1.0	major triad	(1, 4, 9)	A	A	1	None
440.75	1763/4	0.25	1/4	147.0	C#5	73.0	True	Violoncello	1	147.0	3.0	270.0	I	False	('C#', 'E', 'A')	C#	A	1.0	major triad	(1, 4, 9)	A	A	1	None
441.0	441	1.0	1	148.0	D5	74.0	True	Violoncello	1	148.0	3.0	271.0	V7	True	('E', 'G#', 'B', 'D')	E	E	0.0	dominant seventh chord	(2, 4, 8, 11)	A	A	5	None
441.5	883/2	0.5	1/2	148.0	E4	64.0	True	Violoncello	1	148.0	3.0	271.0	V7	False	('E', 'G#', 'B', 'D')	E	E	0.0	dominant seventh chord	(2, 4, 8, 11)	A	A	5	None
441.5	883/2	0.5	1/2	148.0	E3	52.0	True	Violoncello	1	148.0	3.0	271.0	V7	False	('E', 'G#', 'B', 'D')	E	E	0.0	dominant seventh chord	(2, 4, 8, 11)	A	A	5	None
441.5	883/2	0.5	1/2	148.0	E3	52.0	True	Violoncello	1	148.0	3.0	271.0	V7	False	('E', 'G#', 'B', 'D')	E	E	0.0	dominant seventh chord	(2, 4, 8, 11)	A	A	5	None
442.0	442	0.5	1/2	148.0	E4	64.0	True	Violoncello	1	148.0	3.0	271.0	V7	False	('E', 'G#', 'B', 'D')	E	E	0.0	dominant seventh chord	(2, 4, 8, 11)	A	A	5	None
442.0	442	0.5	1/2	148.0	E3	52.0	True	Violoncello	1	148.0	3.0	271.0	V7	False	('E', 'G#', 'B', 'D')	E	E	0.0	dominant seventh chord	(2, 4, 8, 11)	A	A	5	None
442.0	442	0.5	1/2	148.0	E3	52.0	True	Violoncello	1	148.0	3.0	271.0	V7	False	('E', 'G#', 'B', 'D')	E	E	0.0	dominant seventh chord	(2, 4, 8, 11)	A	A	5	None
442.5	885/2	0.25	1/4	148.0	E5	76.0	True	Violoncello	1	148.0	3.0	271.0	V7	False	('E', 'G#', 'B', 'D')	E	E	0.0	dominant seventh chord	(2, 4, 8, 11)	A	A	5	None
442.75	1771/4	0.25	1/4	148.0	F#5	78.0	True	Violoncello	1	148.0	3.0	271.0	V7	False	('E', 'G#', 'B', 'D')	E	E	0.0	dominant seventh chord	(2, 4, 8, 11)	A	A	5	None
443.0	443	0.25	1/4	148.0	G#5	80.0	True	Violoncello	1	148.0	3.0	271.0	V7	False	('E', 'G#', 'B', 'D')	E	E	0.0	dominant seventh chord	(2, 4, 8, 11)	A	A	5	None
443.25	1773/4	0.25	1/4	148.0	A5	81.0	True	Violoncello	1	148.0	3.0	271.0	V7	False	('E', 'G#', 'B', 'D')	E	E	0.0	dominant seventh chord	(2, 4, 8, 11)	A	A	5	None
443.5	887/2	0.25	1/4	148.0	B5	83.0	True	Violoncello	1	148.0	3.0	271.0	V7	False	('E', 'G#', 'B', 'D')	E	E	0.0	dominant seventh chord	(2, 4, 8, 11)	A	A	5	None
443.75	1775/4	0.25	1/4	148.0	G#5	80.0	True	Violoncello	1	148.0	3.0	271.0	V7	False	('E', 'G#', 'B', 'D')	E	E	0.0	dominant seventh chord	(2, 4, 8, 11)	A	A	5	None
444.0	444	1.0	1	149.0	A5	81.0	True	Violoncello	1	149.0	3.0	272.0	I	True	('C#', 'E', 'A')	C#	A	1.0	major triad	(1, 4, 9)	A	A	1	None
444.5	889/2	0.5	1/2	149.0	C#3	49.0	True	Violoncello	1	149.0	3.0	272.0	I	False	('C#', 'E', 'A')	C#	A	1.0	major triad	(1, 4, 9)	A	A	1	None
444.5	889/2	0.5	1/2	149.0	C#4	61.0	True	Violoncello	1	149.0	3.0	272.0	I	False	('C#', 'E', 'A')	C#	A	1.0	major triad	(1, 4, 9)	A	A	1	None
444.5	889/2	0.5	1/2	149.0	C#3	49.0	True	Violoncello	1	149.0	3.0	272.0	I	False	('C#', 'E', 'A')	C#	A	1.0	major triad	(1, 4, 9)	A	A	1	None
445.0	445	0.5	1/2	149.0	C#4	61.0	True	Violoncello	1	149.0	3.0	272.0	I	False	('C#', 'E', 'A')	C#	A	1.0	major triad	(1, 4, 9)	A	A	1	None
445.0	445	0.5	1/2	149.0	C#3	49.0	True	Violoncello	1	149.0	3.0	272.0	I	False	('C#', 'E', 'A')	C#	A	1.0	major triad	(1, 4, 9)	A	A	1	None
445.0	445	0.5	1/2	149.0	C#3	49.0	True	Violoncello	1	149.0	3.0	272.0	I	False	('C#', 'E', 'A')	C#	A	1.0	major triad	(1, 4, 9)	A	A	1	None
445.5	891/2	0.25	1/4	149.0	A4	69.0	True	Violoncello	1	149.0	3.0	272.0	I	False	('C#', 'E', 'A')	C#	A	1.0	major triad	(1, 4, 9)	A	A	1	None
445.75	1783/4	0.25	1/4	149.0	B4	71.0	True	Violoncello	1	149.0	3.0	272.0	I	False	('C#', 'E', 'A')	C#	A	1.0	major triad	(1, 4, 9)	A	A	1	None
446.0	446	0.25	1/4	149.0	C#5	73.0	True	Violoncello	1	149.0	3.0	272.0	I	False	('C#', 'E', 'A')	C#	A	1.0	major triad	(1, 4, 9)	A	A	1	None
446.25	1785/4	0.25	1/4	149.0	D5	74.0	True	Violoncello	1	149.0	3.0	272.0	I	False	('C#', 'E', 'A')	C#	A	1.0	major triad	(1, 4, 9)	A	A	1	None
446.5	893/2	0.25	1/4	149.0	E5	76.0	True	Violoncello	1	149.0	3.0	272.0	I	False	('C#', 'E', 'A')	C#	A	1.0	major triad	(1, 4, 9)	A	A	1	None
446.75	1787/4	0.25	1/4	149.0	C#5	73.0	True	Violoncello	1	149.0	3.0	272.0	I	False	('C#', 'E', 'A')	C#	A	1.0	major triad	(1, 4, 9)	A	A	1	None
447.0	447	0.5	1/2	150.0	F#5	78.0	True	Violoncello	1	150.0	1.5	273.0	IV	True	('D', 'F#', 'A')	D	D	0.0	major triad	(2, 6, 9)	A	A	4	None
447.5	895/2	0.5	1/2	150.0	D4	62.0	True	Violoncello	1	150.0	1.5	273.0	IV	False	('D', 'F#', 'A')	D	D	0.0	major triad	(2, 6, 9)	A	A	4	None
447.5	895/2	0.5	1/2	150.0	D3	50.0	True	Violoncello	1	150.0	1.5	273.0	IV	False	('D', 'F#', 'A')	D	D	0.0	major triad	(2, 6, 9)	A	A	4	None
447.5	895/2	0.5	1/2	150.0	D4	62.0	True	Violoncello	1	150.0	1.5	273.0	IV	False	('D', 'F#', 'A')	D	D	0.0	major triad	(2, 6, 9)	A	A	4	None
448.0	448	0.5	1/2	150.0	D4	62.0	True	Violoncello	1	150.0	1.5	273.0	IV	False	('D', 'F#', 'A')	D	D	0.0	major triad	(2, 6, 9)	A	A	4	None
448.0	448	0.5	1/2	150.0	D4	62.0	True	Violoncello	1	150.0	1.5	273.0	IV	False	('D', 'F#', 'A')	D	D	0.0	major triad	(2, 6, 9)	A	A	4	None
448.0	448	0.5	1/2	150.0	D3	50.0	True	Violoncello	1	150.0	1.5	273.0	IV	False	('D', 'F#', 'A')	D	D	0.0	major triad	(2, 6, 9)	A	A	4	None
448.5	897/2	0.5	1/2	150.0	G#5	80.0	True	Violoncello	1	150.0	1.5	274.0	V	True	('E', 'G#', 'B')	E	E	0.0	major triad	(4, 8, 11)	A	A	5	None
449.0	449	0.5	1/2	150.0	E4	64.0	True	Violoncello	1	150.0	1.5	274.0	V	False	('E', 'G#', 'B')	E	E	0.0	major triad	(4, 8, 11)	A	A	5	None
449.0	449	0.5	1/2	150.0	E4	64.0	True	Violoncello	1	150.0	1.5	274.0	V	False	('E', 'G#', 'B')	E	E	0.0	major triad	(4, 8, 11)	A	A	5	None
449.0	449	0.5	1/2	150.0	E3	52.0	True	Violoncello	1	150.0	1.5	274.0	V	False	('E', 'G#', 'B')	E	E	0.0	major triad	(4, 8, 11)	A	A	5	None
449.5	899/2	0.5	1/2	150.0	E3	52.0	True	Violoncello	1	150.0	1.5	274.0	V	False	('E', 'G#', 'B')	E	E	0.0	major triad	(4, 8, 11)	A	A	5	None
449.5	899/2	0.5	1/2	150.0	E4	64.0	True	Violoncello	1	150.0	1.5	274.0	V	False	('E', 'G#', 'B')	E	E	0.0	major triad	(4, 8, 11)	A	A	5	None
449.5	899/2	0.5	1/2	150.0	E4	64.0	True	Violoncello	1	150.0	1.5	274.0	V	False	('E', 'G#', 'B')	E	E	0.0	major triad	(4, 8, 11)	A	A	5	None
450.0	450	0.5	1/2	151.0	A5	81.0	True	Violoncello	1	151.0	3.0	275.0	I	True	('A', 'C#', 'E')	A	A	0.0	major triad	(1, 4, 9)	A	A	1	None
450.5	901/2	0.5	1/2	151.0	A3	57.0	True	Violoncello	1	151.0	3.0	275.0	I	False	('A', 'C#', 'E')	A	A	0.0	major triad	(1, 4, 9)	A	A	1	None
450.5	901/2	0.5	1/2	151.0	A3	57.0	True	Violoncello	1	151.0	3.0	275.0	I	False	('A', 'C#', 'E')	A	A	0.0	major triad	(1, 4, 9)	A	A	1	None
450.5	901/2	0.5	1/2	151.0	A2	45.0	True	Violoncello	1	151.0	3.0	275.0	I	False	('A', 'C#', 'E')	A	A	0.0	major triad	(1, 4, 9)	A	A	1	None
451.0	451	0.5	1/2	151.0	A3	57.0	True	Violoncello	1	151.0	3.0	275.0	I	False	('A', 'C#', 'E')	A	A	0.0	major triad	(1, 4, 9)	A	A	1	None
451.0	451	0.5	1/2	151.0	A3	57.0	True	Violoncello	1	151.0	3.0	275.0	I	False	('A', 'C#', 'E')	A	A	0.0	major triad	(1, 4, 9)	A	A	1	None
451.0	451	0.5	1/2	151.0	A2	45.0	True	Violoncello	1	151.0	3.0	275.0	I	False	('A', 'C#', 'E')	A	A	0.0	major triad	(1, 4, 9)	A	A	1	None
451.5	903/2	0.25	1/4	151.0	A4	69.0	True	Violoncello	1	151.0	3.0	275.0	I	False	('A', 'C#', 'E')	A	A	0.0	major triad	(1, 4, 9)	A	A	1	None
451.75	1807/4	0.25	1/4	151.0	B4	71.0	True	Violoncello	1	151.0	3.0	275.0	I	False	('A', 'C#', 'E')	A	A	0.0	major triad	(1, 4, 9)	A	A	1	None
452.0	452	0.25	1/4	151.0	C#5	73.0	True	Violoncello	1	151.0	3.0	275.0	I	False	('A', 'C#', 'E')	A	A	0.0	major triad	(1, 4, 9)	A	A	1	None
452.25	1809/4	0.25	1/4	151.0	D5	74.0	True	Violoncello	1	151.0	3.0	275.0	I	False	('A', 'C#', 'E')	A	A	0.0	major triad	(1, 4, 9)	A	A	1	None
452.5	905/2	0.25	1/4	151.0	E5	76.0	True	Violoncello	1	151.0	3.0	275.0	I	False	('A', 'C#', 'E')	A	A	0.0	major triad	(1, 4, 9)	A	A	1	None
452.75	1811/4	0.25	1/4	151.0	C#5	73.0	True	Violoncello	1	151.0	3.0	275.0	I	False	('A', 'C#', 'E')	A	A	0.0	major triad	(1, 4, 9)	A	A	1	None
453.0	453	1.0	1	152.0	F#2	42.0	True	Violoncello	1	152.0	1.5	276.0	IV	True	('F#', 'A', 'D')	F#	D	1.0	major triad	(2, 6, 9)	A	A	4	None
453.0	453	1.0	1	152.0	D5	74.0	True	Violoncello	1	152.0	1.5	276.0	IV	True	('F#', 'A', 'D')	F#	D	1.0	major triad	(2, 6, 9)	A	A	4	None
453.5	907/2	0.5	1/2	152.0	F#4	66.0	True	Violoncello	1	152.0	1.5	276.0	IV	False	('F#', 'A', 'D')	F#	D	1.0	major triad	(2, 6, 9)	A	A	4	None
453.5	907/2	0.5	1/2	152.0	F#3	54.0	True	Violoncello	1	152.0	1.5	276.0	IV	False	('F#', 'A', 'D')	F#	D	1.0	major triad	(2, 6, 9)	A	A	4	None
454.0	454	0.5	1/2	152.0	F#4	66.0	True	Violoncello	1	152.0	1.5	276.0	IV	False	('F#', 'A', 'D')	F#	D	1.0	major triad	(2, 6, 9)	A	A	4	None
454.0	454	0.5	1/2	152.0	F#3	54.0	True	Violoncello	1	152.0	1.5	276.0	IV	False	('F#', 'A', 'D')	F#	D	1.0	major triad	(2, 6, 9)	A	A	4	None
454.5	909/2	1.0	1	152.0	D6	86.0	True	Violoncello	1	152.0	1.5	277.0	bVII	True	('G', 'B', 'D')	G	G	0.0	major triad	(2, 7, 11)	A	A	-7	None
454.5	909/2	1.0	1	152.0	G2	43.0	True	Violoncello	1	152.0	1.5	277.0	bVII	True	('G', 'B', 'D')	G	G	0.0	major triad	(2, 7, 11)	A	A	-7	None
455.0	455	0.5	1/2	152.0	G4	67.0	True	Violoncello	1	152.0	1.5	277.0	bVII	False	('G', 'B', 'D')	G	G	0.0	major triad	(2, 7, 11)	A	A	-7	None
455.0	455	0.5	1/2	152.0	G3	55.0	True	Violoncello	1	152.0	1.5	277.0	bVII	False	('G', 'B', 'D')	G	G	0.0	major triad	(2, 7, 11)	A	A	-7	None
455.5	911/2	0.5	1/2	152.0	G4	67.0	True	Violoncello	1	152.0	1.5	277.0	bVII	False	('G', 'B', 'D')	G	G	0.0	major triad	(2, 7, 11)	A	A	-7	None
455.5	911/2	0.5	1/2	152.0	G3	55.0	True	Violoncello	1	152.0	1.5	277.0	bVII	False	('G', 'B', 'D')	G	G	0.0	major triad	(2, 7, 11)	A	A	-7	None
456.0	456	1.0	1	153.0	G#2	44.0	True	Violoncello	1	153.0	1.5	278.0	viio	True	('G#', 'B', 'D')	G#	G#	0.0	diminished triad	(2, 8, 11)	A	A	7	None
456.0	456	1.0	1	153.0	D6	86.0	True	Violoncello	1	153.0	1.5	278.0	viio	True	('G#', 'B', 'D')	G#	G#	0.0	diminished triad	(2, 8, 11)	A	A	7	None
456.5	913/2	0.5	1/2	153.0	G#4	68.0	True	Violoncello	1	153.0	1.5	278.0	viio	False	('G#', 'B', 'D')	G#	G#	0.0	diminished triad	(2, 8, 11)	A	A	7	None
456.5	913/2	0.5	1/2	153.0	G#3	56.0	True	Violoncello	1	153.0	1.5	278.0	viio	False	('G#', 'B', 'D')	G#	G#	0.0	diminished triad	(2, 8, 11)	A	A	7	None
457.0	457	0.5	1/2	153.0	G#4	68.0	True	Violoncello	1	153.0	1.5	278.0	viio	False	('G#', 'B', 'D')	G#	G#	0.0	diminished triad	(2, 8, 11)	A	A	7	None
457.0	457	0.5	1/2	153.0	G#3	56.0	True	Violoncello	1	153.0	1.5	278.0	viio	False	('G#', 'B', 'D')	G#	G#	0.0	diminished triad	(2, 8, 11)	A	A	7	None
457.5	915/2	1.0	1	153.0	D6	86.0	True	Violoncello	1	153.0	1.5	279.0	IV	True	('A', 'D', 'F#')	A	D	2.0	major triad	(2, 6, 9)	A	A	4	None
457.5	915/2	1.0	1	153.0	A2	45.0	True	Violoncello	1	153.0	1.5	279.0	IV	True	('A', 'D', 'F#')	A	D	2.0	major triad	(2, 6, 9)	A	A	4	None
458.0	458	0.5	1/2	153.0	A4	69.0	True	Violoncello	1	153.0	1.5	279.0	IV	False	('A', 'D', 'F#')	A	D	2.0	major triad	(2, 6, 9)	A	A	4	None
458.0	458	0.5	1/2	153.0	A3	57.0	True	Violoncello	1	153.0	1.5	279.0	IV	False	('A', 'D', 'F#')	A	D	2.0	major triad	(2, 6, 9)	A	A	4	None
458.5	917/2	0.5	1/2	153.0	A4	69.0	True	Violoncello	1	153.0	1.5	279.0	IV	False	('A', 'D', 'F#')	A	D	2.0	major triad	(2, 6, 9)	A	A	4	None
458.5	917/2	0.5	1/2	153.0	A3	57.0	True	Violoncello	1	153.0	1.5	279.0	IV	False	('A', 'D', 'F#')	A	D	2.0	major triad	(2, 6, 9)	A	A	4	None
459.0	459	1.0	1	154.0	D6	86.0	True	Violoncello	1	154.0	1.5	280.0	N	True	('B-', 'D', 'F')	B-	B-	0.0	major triad	(2, 5, 10)	A	A	-2	None
459.0	459	1.0	1	154.0	B-2	46.0	True	Violoncello	1	154.0	1.5	280.0	N	True	('B-', 'D', 'F')	B-	B-	0.0	major triad	(2, 5, 10)	A	A	-2	None
459.5	919/2	0.5	1/2	154.0	B-4	70.0	True	Violoncello	1	154.0	1.5	280.0	N	False	('B-', 'D', 'F')	B-	B-	0.0	major triad	(2, 5, 10)	A	A	-2	None
459.5	919/2	0.5	1/2	154.0	B-3	58.0	True	Violoncello	1	154.0	1.5	280.0	N	False	('B-', 'D', 'F')	B-	B-	0.0	major triad	(2, 5, 10)	A	A	-2	None
460.0	460	0.5	1/2	154.0	B-3	58.0	True	Violoncello	1	154.0	1.5	280.0	N	False	('B-', 'D', 'F')	B-	B-	0.0	major triad	(2, 5, 10)	A	A	-2	None
460.0	460	0.5	1/2	154.0	B-4	70.0	True	Violoncello	1	154.0	1.5	280.0	N	False	('B-', 'D', 'F')	B-	B-	0.0	major triad	(2, 5, 10)	A	A	-2	None
460.5	921/2	1.0	1	154.0	B2	47.0	True	Violoncello	1	154.0	1.5	281.0	V/NI	True	('B', 'D', 'G')	B	G	1.0	major triad	(2, 7, 11)	A	C	5	-3
460.5	921/2	1.0	1	154.0	D6	86.0	True	Violoncello	1	154.0	1.5	281.0	V/NI	True	('B', 'D', 'G')	B	G	1.0	major triad	(2, 7, 11)	A	C	5	-3
461.0	461	0.5	1/2	154.0	B4	71.0	True	Violoncello	1	154.0	1.5	281.0	V/NI	False	('B', 'D', 'G')	B	G	1.0	major triad	(2, 7, 11)	A	C	5	-3
461.0	461	0.5	1/2	154.0	B3	59.0	True	Violoncello	1	154.0	1.5	281.0	V/NI	False	('B', 'D', 'G')	B	G	1.0	major triad	(2, 7, 11)	A	C	5	-3
461.5	923/2	0.5	1/2	154.0	B4	71.0	True	Violoncello	1	154.0	1.5	281.0	V/NI	False	('B', 'D', 'G')	B	G	1.0	major triad	(2, 7, 11)	A	C	5	-3
461.5	923/2	0.5	1/2	154.0	B3	59.0	True	Violoncello	1	154.0	1.5	281.0	V/NI	False	('B', 'D', 'G')	B	G	1.0	major triad	(2, 7, 11)	A	C	5	-3
462.0	462	1.0	1	155.0	G2	43.0	True	Violoncello	1	155.0	1.5	282.0	V7/NI	True	('B', 'D', 'F', 'G')	B	G	1.0	dominant seventh chord	(2, 5, 7, 11)	A	C	5	-3
462.5	925/2	0.5	1/2	155.0	G4	67.0	True	Violoncello	1	155.0	1.5	282.0	V7/NI	False	('B', 'D', 'F', 'G')	B	G	1.0	dominant seventh chord	(2, 5, 7, 11)	A	C	5	-3
462.5	925/2	0.5	1/2	155.0	F5	77.0	True	Violoncello	1	155.0	1.5	282.0	V7/NI	False	('B', 'D', 'F', 'G')	B	G	1.0	dominant seventh chord	(2, 5, 7, 11)	A	C	5	-3
462.5	925/2	0.5	1/2	155.0	D4	62.0	True	Violoncello	1	155.0	1.5	282.0	V7/NI	False	('B', 'D', 'F', 'G')	B	G	1.0	dominant seventh chord	(2, 5, 7, 11)	A	C	5	-3
462.5	925/2	0.5	1/2	155.0	B3	59.0	True	Violoncello	1	155.0	1.5	282.0	V7/NI	False	('B', 'D', 'F', 'G')	B	G	1.0	dominant seventh chord	(2, 5, 7, 11)	A	C	5	-3
463.0	463	0.5	1/2	155.0	B3	59.0	True	Violoncello	1	155.0	1.5	282.0	V7/NI	False	('B', 'D', 'F', 'G')	B	G	1.0	dominant seventh chord	(2, 5, 7, 11)	A	C	5	-3
463.0	463	0.5	1/2	155.0	F5	77.0	True	Violoncello	1	155.0	1.5	282.0	V7/NI	False	('B', 'D', 'F', 'G')	B	G	1.0	dominant seventh chord	(2, 5, 7, 11)	A	C	5	-3
463.0	463	0.5	1/2	155.0	G4	67.0	True	Violoncello	1	155.0	1.5	282.0	V7/NI	False	('B', 'D', 'F', 'G')	B	G	1.0	dominant seventh chord	(2, 5, 7, 11)	A	C	5	-3
463.0	463	0.5	1/2	155.0	D4	62.0	True	Violoncello	1	155.0	1.5	282.0	V7/NI	False	('B', 'D', 'F', 'G')	B	G	1.0	dominant seventh chord	(2, 5, 7, 11)	A	C	5	-3
463.5	927/2	1.0	1	155.0	C3	48.0	True	Violoncello	1	155.0	1.5	283.0	NI	True	('C', 'E', 'G')	C	C	0.0	major triad	(0, 4, 7)	A	A	-3	None
464.0	464	0.5	1/2	155.0	G4	67.0	True	Violoncello	1	155.0	1.5	283.0	NI	False	('C', 'E', 'G')	C	C	0.0	major triad	(0, 4, 7)	A	A	-3	None
464.0	464	0.5	1/2	155.0	E5	76.0	True	Violoncello	1	155.0	1.5	283.0	NI	False	('C', 'E', 'G')	C	C	0.0	major triad	(0, 4, 7)	A	A	-3	None
464.0	464	0.5	1/2	155.0	E4	64.0	True	Violoncello	1	155.0	1.5	283.0	NI	False	('C', 'E', 'G')	C	C	0.0	major triad	(0, 4, 7)	A	A	-3	None
464.0	464	0.5	1/2	155.0	C4	60.0	True	Violoncello	1	155.0	1.5	283.0	NI	False	('C', 'E', 'G')	C	C	0.0	major triad	(0, 4, 7)	A	A	-3	None
464.5	929/2	0.5	1/2	155.0	G4	67.0	True	Violoncello	1	155.0	1.5	283.0	NI	False	('C', 'E', 'G')	C	C	0.0	major triad	(0, 4, 7)	A	A	-3	None
464.5	929/2	0.5	1/2	155.0	E5	76.0	True	Violoncello	1	155.0	1.5	283.0	NI	False	('C', 'E', 'G')	C	C	0.0	major triad	(0, 4, 7)	A	A	-3	None
464.5	929/2	0.5	1/2	155.0	E4	64.0	True	Violoncello	1	155.0	1.5	283.0	NI	False	('C', 'E', 'G')	C	C	0.0	major triad	(0, 4, 7)	A	A	-3	None
464.5	929/2	0.5	1/2	155.0	C4	60.0	True	Violoncello	1	155.0	1.5	283.0	NI	False	('C', 'E', 'G')	C	C	0.0	major triad	(0, 4, 7)	A	A	-3	None
465.0	465	1.0	1	156.0	E6	88.0	True	Violoncello	1	156.0	1.5	284.0	V	True	('B', 'E', 'G#')	B	E	2.0	major triad	(4, 8, 11)	A	A	5	None
465.0	465	1.0	1	156.0	B2	47.0	True	Violoncello	1	156.0	1.5	284.0	V	True	('B', 'E', 'G#')	B	E	2.0	major triad	(4, 8, 11)	A	A	5	None
465.5	931/2	0.5	1/2	156.0	B4	71.0	True	Violoncello	1	156.0	1.5	284.0	V	False	('B', 'E', 'G#')	B	E	2.0	major triad	(4, 8, 11)	A	A	5	None
465.5	931/2	0.5	1/2	156.0	B3	59.0	True	Violoncello	1	156.0	1.5	284.0	V	False	('B', 'E', 'G#')	B	E	2.0	major triad	(4, 8, 11)	A	A	5	None
466.0	466	0.5	1/2	156.0	B4	71.0	True	Violoncello	1	156.0	1.5	284.0	V	False	('B', 'E', 'G#')	B	E	2.0	major triad	(4, 8, 11)	A	A	5	None
466.0	466	0.5	1/2	156.0	B3	59.0	True	Violoncello	1	156.0	1.5	284.0	V	False	('B', 'E', 'G#')	B	E	2.0	major triad	(4, 8, 11)	A	A	5	None
466.5	933/2	1.0	1	156.0	E6	88.0	True	Violoncello	1	156.0	1.5	285.0	NI	True	('C', 'E', 'G')	C	C	0.0	major triad	(0, 4, 7)	A	A	-3	None
466.5	933/2	1.0	1	156.0	C3	48.0	True	Violoncello	1	156.0	1.5	285.0	NI	True	('C', 'E', 'G')	C	C	0.0	major triad	(0, 4, 7)	A	A	-3	None
467.0	467	0.5	1/2	156.0	C5	72.0	True	Violoncello	1	156.0	1.5	285.0	NI	False	('C', 'E', 'G')	C	C	0.0	major triad	(0, 4, 7)	A	A	-3	None
467.0	467	0.5	1/2	156.0	C4	60.0	True	Violoncello	1	156.0	1.5	285.0	NI	False	('C', 'E', 'G')	C	C	0.0	major triad	(0, 4, 7)	A	A	-3	None
467.5	935/2	0.5	1/2	156.0	C5	72.0	True	Violoncello	1	156.0	1.5	285.0	NI	False	('C', 'E', 'G')	C	C	0.0	major triad	(0, 4, 7)	A	A	-3	None
467.5	935/2	0.5	1/2	156.0	C4	60.0	True	Violoncello	1	156.0	1.5	285.0	NI	False	('C', 'E', 'G')	C	C	0.0	major triad	(0, 4, 7)	A	A	-3	None
468.0	468	1.0	1	157.0	A2	45.0	True	Violoncello	1	157.0	1.5	286.0	V7/IV	True	('A', 'C#', 'E', 'G')	A	A	0.0	dominant seventh chord	(1, 4, 7, 9)	A	D	5	4
468.5	937/2	0.5	1/2	157.0	C#4	61.0	True	Violoncello	1	157.0	1.5	286.0	V7/IV	False	('A', 'C#', 'E', 'G')	A	A	0.0	dominant seventh chord	(1, 4, 7, 9)	A	D	5	4
468.5	937/2	0.5	1/2	157.0	E4	64.0	True	Violoncello	1	157.0	1.5	286.0	V7/IV	False	('A', 'C#', 'E', 'G')	A	A	0.0	dominant seventh chord	(1, 4, 7, 9)	A	D	5	4
468.5	937/2	0.5	1/2	157.0	A4	69.0	True	Violoncello	1	157.0	1.5	286.0	V7/IV	False	('A', 'C#', 'E', 'G')	A	A	0.0	dominant seventh chord	(1, 4, 7, 9)	A	D	5	4
468.5	937/2	0.5	1/2	157.0	G5	79.0	True	Violoncello	1	157.0	1.5	286.0	V7/IV	False	('A', 'C#', 'E', 'G')	A	A	0.0	dominant seventh chord	(1, 4, 7, 9)	A	D	5	4
469.0	469	0.5	1/2	157.0	G5	79.0	True	Violoncello	1	157.0	1.5	286.0	V7/IV	False	('A', 'C#', 'E', 'G')	A	A	0.0	dominant seventh chord	(1, 4, 7, 9)	A	D	5	4
469.0	469	0.5	1/2	157.0	C#4	61.0	True	Violoncello	1	157.0	1.5	286.0	V7/IV	False	('A', 'C#', 'E', 'G')	A	A	0.0	dominant seventh chord	(1, 4, 7, 9)	A	D	5	4
469.0	469	0.5	1/2	157.0	A4	69.0	True	Violoncello	1	157.0	1.5	286.0	V7/IV	False	('A', 'C#', 'E', 'G')	A	A	0.0	dominant seventh chord	(1, 4, 7, 9)	A	D	5	4
469.0	469	0.5	1/2	157.0	E4	64.0	True	Violoncello	1	157.0	1.5	286.0	V7/IV	False	('A', 'C#', 'E', 'G')	A	A	0.0	dominant seventh chord	(1, 4, 7, 9)	A	D	5	4
469.5	939/2	1.0	1	157.0	D3	50.0	True	Violoncello	1	157.0	1.5	287.0	iv	True	('D', 'F', 'A')	D	D	0.0	minor triad	(2, 5, 9)	A	A	4	None
470.0	470	0.5	1/2	157.0	F5	77.0	True	Violoncello	1	157.0	1.5	287.0	iv	False	('D', 'F', 'A')	D	D	0.0	minor triad	(2, 5, 9)	A	A	4	None
470.0	470	0.5	1/2	157.0	F4	65.0	True	Violoncello	1	157.0	1.5	287.0	iv	False	('D', 'F', 'A')	D	D	0.0	minor triad	(2, 5, 9)	A	A	4	None
470.0	470	0.5	1/2	157.0	D4	62.0	True	Violoncello	1	157.0	1.5	287.0	iv	False	('D', 'F', 'A')	D	D	0.0	minor triad	(2, 5, 9)	A	A	4	None
470.0	470	0.5	1/2	157.0	A4	69.0	True	Violoncello	1	157.0	1.5	287.0	iv	False	('D', 'F', 'A')	D	D	0.0	minor triad	(2, 5, 9)	A	A	4	None
470.5	941/2	0.5	1/2	157.0	A4	69.0	True	Violoncello	1	157.0	1.5	287.0	iv	False	('D', 'F', 'A')	D	D	0.0	minor triad	(2, 5, 9)	A	A	4	None
470.5	941/2	0.5	1/2	157.0	F5	77.0	True	Violoncello	1	157.0	1.5	287.0	iv	False	('D', 'F', 'A')	D	D	0.0	minor triad	(2, 5, 9)	A	A	4	None
470.5	941/2	0.5	1/2	157.0	F4	65.0	True	Violoncello	1	157.0	1.5	287.0	iv	False	('D', 'F', 'A')	D	D	0.0	minor triad	(2, 5, 9)	A	A	4	None
470.5	941/2	0.5	1/2	157.0	D4	62.0	True	Violoncello	1	157.0	1.5	287.0	iv	False	('D', 'F', 'A')	D	D	0.0	minor triad	(2, 5, 9)	A	A	4	None
471.0	471	1.0	1	158.0	D#3	51.0	True	Violoncello	1	158.0	1.5	288.0	viio7/V	True	('D#', 'F#', 'A', 'C')	D#	D#	0.0	diminished seventh chord	(0, 3, 6, 9)	A	E	7	5
471.0	471	0.5	1/2	158.0	A5	81.0	True	Violoncello	1	158.0	1.5	288.0	viio7/V	True	('D#', 'F#', 'A', 'C')	D#	D#	0.0	diminished seventh chord	(0, 3, 6, 9)	A	E	7	5
471.5	943/2	0.5	1/2	158.0	C4	60.0	True	Violoncello	1	158.0	1.5	288.0	viio7/V	False	('D#', 'F#', 'A', 'C')	D#	D#	0.0	diminished seventh chord	(0, 3, 6, 9)	A	E	7	5
471.5	943/2	0.5	1/2	158.0	A3	57.0	True	Violoncello	1	158.0	1.5	288.0	viio7/V	False	('D#', 'F#', 'A', 'C')	D#	D#	0.0	diminished seventh chord	(0, 3, 6, 9)	A	E	7	5
471.5	943/2	0.5	1/2	158.0	C5	72.0	True	Violoncello	1	158.0	1.5	288.0	viio7/V	False	('D#', 'F#', 'A', 'C')	D#	D#	0.0	diminished seventh chord	(0, 3, 6, 9)	A	E	7	5
472.0	472	0.5	1/2	158.0	C5	72.0	True	Violoncello	1	158.0	1.5	288.0	viio7/V	False	('D#', 'F#', 'A', 'C')	D#	D#	0.0	diminished seventh chord	(0, 3, 6, 9)	A	E	7	5
472.0	472	0.5	1/2	158.0	C4	60.0	True	Violoncello	1	158.0	1.5	288.0	viio7/V	False	('D#', 'F#', 'A', 'C')	D#	D#	0.0	diminished seventh chord	(0, 3, 6, 9)	A	E	7	5
472.0	472	0.5	1/2	158.0	A3	57.0	True	Violoncello	1	158.0	1.5	288.0	viio7/V	False	('D#', 'F#', 'A', 'C')	D#	D#	0.0	diminished seventh chord	(0, 3, 6, 9)	A	E	7	5
472.5	945/2	1.0	1	158.0	E3	52.0	True	Violoncello	1	158.0	1.5	289.0	i	True	('E', 'A', 'C')	E	A	2.0	minor triad	(0, 4, 9)	A	A	1	None
473.0	473	0.5	1/2	158.0	C5	72.0	True	Violoncello	1	158.0	1.5	289.0	i	False	('E', 'A', 'C')	E	A	2.0	minor triad	(0, 4, 9)	A	A	1	None
473.0	473	0.5	1/2	158.0	C4	60.0	True	Violoncello	1	158.0	1.5	289.0	i	False	('E', 'A', 'C')	E	A	2.0	minor triad	(0, 4, 9)	A	A	1	None
473.0	473	0.5	1/2	158.0	A3	57.0	True	Violoncello	1	158.0	1.5	289.0	i	False	('E', 'A', 'C')	E	A	2.0	minor triad	(0, 4, 9)	A	A	1	None
473.5	947/2	0.5	1/2	158.0	A3	57.0	True	Violoncello	1	158.0	1.5	289.0	i	False	('E', 'A', 'C')	E	A	2.0	minor triad	(0, 4, 9)	A	A	1	None
473.5	947/2	0.5	1/2	158.0	C5	72.0	True	Violoncello	1	158.0	1.5	289.0	i	False	('E', 'A', 'C')	E	A	2.0	minor triad	(0, 4, 9)	A	A	1	None
473.5	947/2	0.5	1/2	158.0	C4	60.0	True	Violoncello	1	158.0	1.5	289.0	i	False	('E', 'A', 'C')	E	A	2.0	minor triad	(0, 4, 9)	A	A	1	None
474.0	474	1.0	1	159.0	F3	53.0	True	Violoncello	1	159.0	1.5	290.0	bVI	True	('F', 'A', 'C')	F	F	0.0	major triad	(0, 5, 9)	A	A	-6	None
474.5	949/2	0.5	1/2	159.0	C5	72.0	True	Violoncello	1	159.0	1.5	290.0	bVI	False	('F', 'A', 'C')	F	F	0.0	major triad	(0, 5, 9)	A	A	-6	None
474.5	949/2	0.5	1/2	159.0	C4	60.0	True	Violoncello	1	159.0	1.5	290.0	bVI	False	('F', 'A', 'C')	F	F	0.0	major triad	(0, 5, 9)	A	A	-6	None
474.5	949/2	0.5	1/2	159.0	A3	57.0	True	Violoncello	1	159.0	1.5	290.0	bVI	False	('F', 'A', 'C')	F	F	0.0	major triad	(0, 5, 9)	A	A	-6	None
475.0	475	0.5	1/2	159.0	C5	72.0	True	Violoncello	1	159.0	1.5	290.0	bVI	False	('F', 'A', 'C')	F	F	0.0	major triad	(0, 5, 9)	A	A	-6	None
475.0	475	0.5	1/2	159.0	C4	60.0	True	Violoncello	1	159.0	1.5	290.0	bVI	False	('F', 'A', 'C')	F	F	0.0	major triad	(0, 5, 9)	A	A	-6	None
475.0	475	0.5	1/2	159.0	A3	57.0	True	Violoncello	1	159.0	1.5	290.0	bVI	False	('F', 'A', 'C')	F	F	0.0	major triad	(0, 5, 9)	A	A	-6	None
475.5	951/2	1.0	1	159.0	D#3	51.0	True	Violoncello	1	159.0	1.5	291.0	viio7/V	True	('D#', 'F#', 'A', 'C')	D#	D#	0.0	diminished seventh chord	(0, 3, 6, 9)	A	E	7	5
476.0	476	0.5	1/2	159.0	C5	72.0	True	Violoncello	1	159.0	1.5	291.0	viio7/V	False	('D#', 'F#', 'A', 'C')	D#	D#	0.0	diminished seventh chord	(0, 3, 6, 9)	A	E	7	5
476.0	476	0.5	1/2	159.0	C4	60.0	True	Violoncello	1	159.0	1.5	291.0	viio7/V	False	('D#', 'F#', 'A', 'C')	D#	D#	0.0	diminished seventh chord	(0, 3, 6, 9)	A	E	7	5
476.0	476	0.5	1/2	159.0	A3	57.0	True	Violoncello	1	159.0	1.5	291.0	viio7/V	False	('D#', 'F#', 'A', 'C')	D#	D#	0.0	diminished seventh chord	(0, 3, 6, 9)	A	E	7	5
476.5	953/2	0.5	1/2	159.0	A3	57.0	True	Violoncello	1	159.0	1.5	291.0	viio7/V	False	('D#', 'F#', 'A', 'C')	D#	D#	0.0	diminished seventh chord	(0, 3, 6, 9)	A	E	7	5
476.5	953/2	0.5	1/2	159.0	C4	60.0	True	Violoncello	1	159.0	1.5	291.0	viio7/V	False	('D#', 'F#', 'A', 'C')	D#	D#	0.0	diminished seventh chord	(0, 3, 6, 9)	A	E	7	5
476.5	953/2	0.5	1/2	159.0	C5	72.0	True	Violoncello	1	159.0	1.5	291.0	viio7/V	False	('D#', 'F#', 'A', 'C')	D#	D#	0.0	diminished seventh chord	(0, 3, 6, 9)	A	E	7	5
477.0	477	0.25	1/4	160.0	B4	71.0	True	Violoncello	1	160.0	1.5	292.0	V	True	('E', 'G#', 'B')	E	E	0.0	major triad	(4, 8, 11)	A	A	5	None
477.0	477	1.0	1	160.0	B3	59.0	True	Violoncello	1	160.0	1.5	292.0	V	True	('E', 'G#', 'B')	E	E	0.0	major triad	(4, 8, 11)	A	A	5	None
477.0	477	0.5	1/2	160.0	G#3	56.0	True	Violoncello	1	160.0	1.5	292.0	V	True	('E', 'G#', 'B')	E	E	0.0	major triad	(4, 8, 11)	A	A	5	None
477.0	477	0.5	1/2	160.0	E2	40.0	True	Violoncello	1	160.0	1.5	292.0	V	True	('E', 'G#', 'B')	E	E	0.0	major triad	(4, 8, 11)	A	A	5	None
477.25	1909/4	0.25	1/4	160.0	E4	64.0	True	Violoncello	1	160.0	1.5	292.0	V	False	('E', 'G#', 'B')	E	E	0.0	major triad	(4, 8, 11)	A	A	5	None
477.5	955/2	0.25	1/4	160.0	G#4	68.0	True	Violoncello	1	160.0	1.5	292.0	V	False	('E', 'G#', 'B')	E	E	0.0	major triad	(4, 8, 11)	A	A	5	None
477.5	955/2	0.5	1/2	160.0	E3	52.0	True	Violoncello	1	160.0	1.5	292.0	V	False	('E', 'G#', 'B')	E	E	0.0	major triad	(4, 8, 11)	A	A	5	None
477.5	955/2	0.5	1/2	160.0	E3	52.0	True	Violoncello	1	160.0	1.5	292.0	V	False	('E', 'G#', 'B')	E	E	0.0	major triad	(4, 8, 11)	A	A	5	None
477.75	1911/4	0.25	1/4	160.0	B4	71.0	True	Violoncello	1	160.0	1.5	292.0	V	False	('E', 'G#', 'B')	E	E	0.0	major triad	(4, 8, 11)	A	A	5	None
478.0	478	0.25	1/4	160.0	E5	76.0	True	Violoncello	1	160.0	1.5	292.0	V	False	('E', 'G#', 'B')	E	E	0.0	major triad	(4, 8, 11)	A	A	5	None
478.0	478	0.5	1/2	160.0	E3	52.0	True	Violoncello	1	160.0	1.5	292.0	V	False	('E', 'G#', 'B')	E	E	0.0	major triad	(4, 8, 11)	A	A	5	None
478.0	478	0.5	1/2	160.0	E3	52.0	True	Violoncello	1	160.0	1.5	292.0	V	False	('E', 'G#', 'B')	E	E	0.0	major triad	(4, 8, 11)	A	A	5	None
478.25	1913/4	0.25	1/4	160.0	G#5	80.0	True	Violoncello	1	160.0	1.5	292.0	V	False	('E', 'G#', 'B')	E	E	0.0	major triad	(4, 8, 11)	A	A	5	None
478.5	957/2	1.5	3/2	160.0	E3	52.0	True	Violoncello	1	160.0	1.5	293.0	V7	True	('D', 'E', 'G#', 'B')	D	E	3.0	dominant seventh chord	(2, 4, 8, 11)	A	A	5	None
478.5	957/2	1.0	1	160.0	B5	83.0	True	Violoncello	1	160.0	1.5	293.0	V7	True	('D', 'E', 'G#', 'B')	D	E	3.0	dominant seventh chord	(2, 4, 8, 11)	A	A	5	None
478.5	957/2	0.5	1/2	160.0	D3	50.0	True	Violoncello	1	160.0	1.5	293.0	V7	True	('D', 'E', 'G#', 'B')	D	E	3.0	dominant seventh chord	(2, 4, 8, 11)	A	A	5	None
479.0	479	0.5	1/2	160.0	B2	47.0	True	Violoncello	1	160.0	1.5	293.0	V7	False	('D', 'E', 'G#', 'B')	D	E	3.0	dominant seventh chord	(2, 4, 8, 11)	A	A	5	None
479.5	959/2	0.5	1/2	160.0	D3	50.0	True	Violoncello	1	160.0	1.5	293.0	V7	False	('D', 'E', 'G#', 'B')	D	E	3.0	dominant seventh chord	(2, 4, 8, 11)	A	A	5	None
479.5	959/2	0.5	1/2	160.0	G#5	80.0	True	Violoncello	1	160.0	1.5	293.0	V7	False	('D', 'E', 'G#', 'B')	D	E	3.0	dominant seventh chord	(2, 4, 8, 11)	A	A	5	None
480.0	480	1.0	1	161.0	A5	81.0	True	Violoncello	1	161.0	1.5	294.0	I	True	('C#', 'E', 'A')	C#	A	1.0	major triad	(1, 4, 9)	A	A	1	None
480.0	480	1.5	3/2	161.0	E3	52.0	False	Violoncello	1	161.0	1.5	294.0	I	True	('C#', 'E', 'A')	C#	A	1.0	major triad	(1, 4, 9)	A	A	1	None
480.0	480	0.5	1/2	161.0	C#3	49.0	True	Violoncello	1	161.0	1.5	294.0	I	True	('C#', 'E', 'A')	C#	A	1.0	major triad	(1, 4, 9)	A	A	1	None
480.5	961/2	0.5	1/2	161.0	C#5	73.0	True	Violoncello	1	161.0	1.5	294.0	I	False	('C#', 'E', 'A')	C#	A	1.0	major triad	(1, 4, 9)	A	A	1	None
480.5	961/2	0.5	1/2	161.0	A2	45.0	True	Violoncello	1	161.0	1.5	294.0	I	False	('C#', 'E', 'A')	C#	A	1.0	major triad	(1, 4, 9)	A	A	1	None
481.0	481	0.5	1/2	161.0	B5	83.0	True	Violoncello	1	161.0	1.5	294.0	I	False	('C#', 'E', 'A')	C#	A	1.0	major triad	(1, 4, 9)	A	A	1	None
481.0	481	0.5	1/2	161.0	B4	71.0	True	Violoncello	1	161.0	1.5	294.0	I	False	('C#', 'E', 'A')	C#	A	1.0	major triad	(1, 4, 9)	A	A	1	None
481.0	481	0.5	1/2	161.0	G#2	44.0	True	Violoncello	1	161.0	1.5	294.0	I	False	('C#', 'E', 'A')	C#	A	1.0	major triad	(1, 4, 9)	A	A	1	None
481.5	963/2	0.5	1/2	161.0	A2	45.0	True	Violoncello	1	161.0	1.0	295.0	I	True	('A', 'C#', 'E')	A	A	0.0	major triad	(1, 4, 9)	A	A	1	None
481.5	963/2	0.5	1/2	161.0	C#5	73.0	True	Violoncello	1	161.0	1.0	295.0	I	True	('A', 'C#', 'E')	A	A	0.0	major triad	(1, 4, 9)	A	A	1	None
481.5	963/2	0.5	1/2	161.0	E3	52.0	False	Violoncello	1	161.0	1.0	295.0	I	True	('A', 'C#', 'E')	A	A	0.0	major triad	(1, 4, 9)	A	A	1	None
481.5	963/2	1.0	1	161.0	C#6	85.0	True	Violoncello	1	161.0	1.0	295.0	I	True	('A', 'C#', 'E')	A	A	0.0	major triad	(1, 4, 9)	A	A	1	None
482.0	482	0.5	1/2	161.0	A4	69.0	True	Violoncello	1	161.0	1.0	295.0	I	False	('A', 'C#', 'E')	A	A	0.0	major triad	(1, 4, 9)	A	A	1	None
482.0	482	0.5	1/2	161.0	A3	57.0	True	Violoncello	1	161.0	1.0	295.0	I	False	('A', 'C#', 'E')	A	A	0.0	major triad	(1, 4, 9)	A	A	1	None
482.0	482	0.5	1/2	161.0	F#2	42.0	True	Violoncello	1	161.0	1.0	295.0	I	False	('A', 'C#', 'E')	A	A	0.0	major triad	(1, 4, 9)	A	A	1	None
482.5	965/2	0.5	1/2	161.0	B2	47.0	True	Violoncello	1	161.0	0.5	296.0	V7/V	True	('B', 'D#', 'F#', 'A')	B	B	0.0	dominant seventh chord	(3, 6, 9, 11)	A	E	5	5
482.5	965/2	0.5	1/2	161.0	D#6	87.0	True	Violoncello	1	161.0	0.5	296.0	V7/V	True	('B', 'D#', 'F#', 'A')	B	B	0.0	dominant seventh chord	(3, 6, 9, 11)	A	E	5	5
482.5	965/2	0.5	1/2	161.0	B4	71.0	True	Violoncello	1	161.0	0.5	296.0	V7/V	True	('B', 'D#', 'F#', 'A')	B	B	0.0	dominant seventh chord	(3, 6, 9, 11)	A	E	5	5
482.5	965/2	0.5	1/2	161.0	A3	57.0	True	Violoncello	1	161.0	0.5	296.0	V7/V	True	('B', 'D#', 'F#', 'A')	B	B	0.0	dominant seventh chord	(3, 6, 9, 11)	A	E	5	5
483.0	483	0.5	1/2	162.0	E2	40.0	True	Violoncello	1	162.0	1.5	297.0	V	True	('E', 'G#', 'B')	E	E	0.0	major triad	(4, 8, 11)	A	A	5	None
483.0	483	1.0	1	162.0	G#3	56.0	True	Violoncello	1	162.0	1.5	297.0	V	True	('E', 'G#', 'B')	E	E	0.0	major triad	(4, 8, 11)	A	A	5	None
483.0	483	0.5	1/2	162.0	E6	88.0	True	Violoncello	1	162.0	1.5	297.0	V	True	('E', 'G#', 'B')	E	E	0.0	major triad	(4, 8, 11)	A	A	5	None
483.0	483	1.0	1	162.0	B4	71.0	True	Violoncello	1	162.0	1.5	297.0	V	True	('E', 'G#', 'B')	E	E	0.0	major triad	(4, 8, 11)	A	A	5	None
483.5	967/2	0.5	1/2	162.0	E5	76.0	True	Violoncello	1	162.0	1.5	297.0	V	False	('E', 'G#', 'B')	E	E	0.0	major triad	(4, 8, 11)	A	A	5	None
483.5	967/2	0.5	1/2	162.0	E3	52.0	True	Violoncello	1	162.0	1.5	297.0	V	False	('E', 'G#', 'B')	E	E	0.0	major triad	(4, 8, 11)	A	A	5	None
484.0	484	0.5	1/2	162.0	F#5	78.0	True	Violoncello	1	162.0	1.5	297.0	V	False	('E', 'G#', 'B')	E	E	0.0	major triad	(4, 8, 11)	A	A	5	None
484.0	484	0.5	1/2	162.0	D#3	51.0	True	Violoncello	1	162.0	1.5	297.0	V	False	('E', 'G#', 'B')	E	E	0.0	major triad	(4, 8, 11)	A	A	5	None
484.5	969/2	0.5	1/2	162.0	G#5	80.0	True	Violoncello	1	162.0	0.5	298.0	V7	True	('D', 'E', 'G#', 'B')	D	E	3.0	dominant seventh chord	(2, 4, 8, 11)	A	A	5	None
484.5	969/2	1.5	3/2	162.0	E3	52.0	True	Violoncello	1	162.0	0.5	298.0	V7	True	('D', 'E', 'G#', 'B')	D	E	3.0	dominant seventh chord	(2, 4, 8, 11)	A	A	5	None
484.5	969/2	0.5	1/2	162.0	E3	52.0	True	Violoncello	1	162.0	0.5	298.0	V7	True	('D', 'E', 'G#', 'B')	D	E	3.0	dominant seventh chord	(2, 4, 8, 11)	A	A	5	None
485.0	485	0.5	1/2	162.0	G#5	80.0	True	Violoncello	1	162.0	1.0	299.0	V7	True	('B', 'D', 'E', 'G#')	B	E	2.0	dominant seventh chord	(2, 4, 8, 11)	A	A	5	None
485.0	485	0.5	1/2	162.0	D3	50.0	True	Violoncello	1	162.0	1.0	299.0	V7	True	('B', 'D', 'E', 'G#')	B	E	2.0	dominant seventh chord	(2, 4, 8, 11)	A	A	5	None
485.5	971/2	0.5	1/2	162.0	G#5	80.0	True	Violoncello	1	162.0	1.0	299.0	V7	False	('B', 'D', 'E', 'G#')	B	E	2.0	dominant seventh chord	(2, 4, 8, 11)	A	A	5	None
485.5	971/2	0.5	1/2	162.0	B2	47.0	True	Violoncello	1	162.0	1.0	299.0	V7	False	('B', 'D', 'E', 'G#')	B	E	2.0	dominant seventh chord	(2, 4, 8, 11)	A	A	5	None
486.0	486	0.5	1/2	163.0	C#3	49.0	True	Violoncello	1	163.0	1.5	300.0	I	True	('C#', 'E', 'A')	C#	A	1.0	major triad	(1, 4, 9)	A	A	1	None
486.0	486	0.5	1/2	163.0	A5	81.0	True	Violoncello	1	163.0	1.5	300.0	I	True	('C#', 'E', 'A')	C#	A	1.0	major triad	(1, 4, 9)	A	A	1	None
486.0	486	1.5	3/2	163.0	E3	52.0	False	Violoncello	1	163.0	1.5	300.0	I	True	('C#', 'E', 'A')	C#	A	1.0	major triad	(1, 4, 9)	A	A	1	None
486.5	973/2	0.5	1/2	163.0	A5	81.0	True	Violoncello	1	163.0	1.5	300.0	I	False	('C#', 'E', 'A')	C#	A	1.0	major triad	(1, 4, 9)	A	A	1	None
486.5	973/2	0.5	1/2	163.0	C#5	73.0	True	Violoncello	1	163.0	1.5	300.0	I	False	('C#', 'E', 'A')	C#	A	1.0	major triad	(1, 4, 9)	A	A	1	None
486.5	973/2	0.5	1/2	163.0	A2	45.0	True	Violoncello	1	163.0	1.5	300.0	I	False	('C#', 'E', 'A')	C#	A	1.0	major triad	(1, 4, 9)	A	A	1	None
487.0	487	0.5	1/2	163.0	B5	83.0	True	Violoncello	1	163.0	1.5	300.0	I	False	('C#', 'E', 'A')	C#	A	1.0	major triad	(1, 4, 9)	A	A	1	None
487.0	487	0.5	1/2	163.0	B4	71.0	True	Violoncello	1	163.0	1.5	300.0	I	False	('C#', 'E', 'A')	C#	A	1.0	major triad	(1, 4, 9)	A	A	1	None
487.0	487	0.5	1/2	163.0	G#2	44.0	True	Violoncello	1	163.0	1.5	300.0	I	False	('C#', 'E', 'A')	C#	A	1.0	major triad	(1, 4, 9)	A	A	1	None
487.5	975/2	0.5	1/2	163.0	C#6	85.0	True	Violoncello	1	163.0	1.0	301.0	I	True	('A', 'C#', 'E')	A	A	0.0	major triad	(1, 4, 9)	A	A	1	None
487.5	975/2	0.5	1/2	163.0	C#5	73.0	True	Violoncello	1	163.0	1.0	301.0	I	True	('A', 'C#', 'E')	A	A	0.0	major triad	(1, 4, 9)	A	A	1	None
487.5	975/2	0.5	1/2	163.0	E3	52.0	False	Violoncello	1	163.0	1.0	301.0	I	True	('A', 'C#', 'E')	A	A	0.0	major triad	(1, 4, 9)	A	A	1	None
487.5	975/2	0.5	1/2	163.0	A2	45.0	True	Violoncello	1	163.0	1.0	301.0	I	True	('A', 'C#', 'E')	A	A	0.0	major triad	(1, 4, 9)	A	A	1	None
488.0	488	0.5	1/2	163.0	F#2	42.0	True	Violoncello	1	163.0	1.0	301.0	I	False	('A', 'C#', 'E')	A	A	0.0	major triad	(1, 4, 9)	A	A	1	None
488.0	488	0.5	1/2	163.0	A4	69.0	True	Violoncello	1	163.0	1.0	301.0	I	False	('A', 'C#', 'E')	A	A	0.0	major triad	(1, 4, 9)	A	A	1	None
488.0	488	0.5	1/2	163.0	C#6	85.0	True	Violoncello	1	163.0	1.0	301.0	I	False	('A', 'C#', 'E')	A	A	0.0	major triad	(1, 4, 9)	A	A	1	None
488.0	488	0.5	1/2	163.0	A3	57.0	True	Violoncello	1	163.0	1.0	301.0	I	False	('A', 'C#', 'E')	A	A	0.0	major triad	(1, 4, 9)	A	A	1	None
488.5	977/2	0.5	1/2	163.0	A4	69.0	True	Violoncello	1	163.0	0.5	302.0	V7/V	True	('B', 'D#', 'F#', 'A')	B	B	0.0	dominant seventh chord	(3, 6, 9, 11)	A	E	5	5
488.5	977/2	0.5	1/2	163.0	B2	47.0	True	Violoncello	1	163.0	0.5	302.0	V7/V	True	('B', 'D#', 'F#', 'A')	B	B	0.0	dominant seventh chord	(3, 6, 9, 11)	A	E	5	5
488.5	977/2	0.5	1/2	163.0	D#6	87.0	True	Violoncello	1	163.0	0.5	302.0	V7/V	True	('B', 'D#', 'F#', 'A')	B	B	0.0	dominant seventh chord	(3, 6, 9, 11)	A	E	5	5
488.5	977/2	0.5	1/2	163.0	B3	59.0	True	Violoncello	1	163.0	0.5	302.0	V7/V	True	('B', 'D#', 'F#', 'A')	B	B	0.0	dominant seventh chord	(3, 6, 9, 11)	A	E	5	5
489.0	489	0.5	1/2	164.0	E6	88.0	True	Violoncello	1	164.0	3.0	303.0	V	True	('E', 'G#', 'B')	E	E	0.0	major triad	(4, 8, 11)	A	A	5	None
489.0	489	1.0	1	164.0	G#4	68.0	True	Violoncello	1	164.0	3.0	303.0	V	True	('E', 'G#', 'B')	E	E	0.0	major triad	(4, 8, 11)	A	A	5	None
489.0	489	1.0	1	164.0	B3	59.0	True	Violoncello	1	164.0	3.0	303.0	V	True	('E', 'G#', 'B')	E	E	0.0	major triad	(4, 8, 11)	A	A	5	None
489.0	489	0.5	1/2	164.0	E2	40.0	True	Violoncello	1	164.0	3.0	303.0	V	True	('E', 'G#', 'B')	E	E	0.0	major triad	(4, 8, 11)	A	A	5	None
489.5	979/2	0.5	1/2	164.0	E6	88.0	True	Violoncello	1	164.0	3.0	303.0	V	False	('E', 'G#', 'B')	E	E	0.0	major triad	(4, 8, 11)	A	A	5	None
489.5	979/2	0.5	1/2	164.0	G#2	44.0	True	Violoncello	1	164.0	3.0	303.0	V	False	('E', 'G#', 'B')	E	E	0.0	major triad	(4, 8, 11)	A	A	5	None
490.0	490	0.5	1/2	164.0	G#6	92.0	True	Violoncello	1	164.0	3.0	303.0	V	False	('E', 'G#', 'B')	E	E	0.0	major triad	(4, 8, 11)	A	A	5	None
490.0	490	0.5	1/2	164.0	B2	47.0	True	Violoncello	1	164.0	3.0	303.0	V	False	('E', 'G#', 'B')	E	E	0.0	major triad	(4, 8, 11)	A	A	5	None
490.5	981/2	0.5	1/2	164.0	E3	52.0	True	Violoncello	1	164.0	3.0	303.0	V	False	('E', 'G#', 'B')	E	E	0.0	major triad	(4, 8, 11)	A	A	5	None
490.5	981/2	1.0	1	164.0	B3	59.0	True	Violoncello	1	164.0	3.0	303.0	V	False	('E', 'G#', 'B')	E	E	0.0	major triad	(4, 8, 11)	A	A	5	None
490.5	981/2	1.0	1	164.0	G#4	68.0	True	Violoncello	1	164.0	3.0	303.0	V	False	('E', 'G#', 'B')	E	E	0.0	major triad	(4, 8, 11)	A	A	5	None
490.5	981/2	0.5	1/2	164.0	E6	88.0	True	Violoncello	1	164.0	3.0	303.0	V	False	('E', 'G#', 'B')	E	E	0.0	major triad	(4, 8, 11)	A	A	5	None
491.0	491	0.5	1/2	164.0	E6	88.0	True	Violoncello	1	164.0	3.0	303.0	V	False	('E', 'G#', 'B')	E	E	0.0	major triad	(4, 8, 11)	A	A	5	None
491.0	491	0.5	1/2	164.0	G#3	56.0	True	Violoncello	1	164.0	3.0	303.0	V	False	('E', 'G#', 'B')	E	E	0.0	major triad	(4, 8, 11)	A	A	5	None
491.5	983/2	0.5	1/2	164.0	B6	95.0	True	Violoncello	1	164.0	3.0	303.0	V	False	('E', 'G#', 'B')	E	E	0.0	major triad	(4, 8, 11)	A	A	5	None
491.5	983/2	0.5	1/2	164.0	B3	59.0	True	Violoncello	1	164.0	3.0	303.0	V	False	('E', 'G#', 'B')	E	E	0.0	major triad	(4, 8, 11)	A	A	5	None
492.0	492	1.0	1	165.0	E4	64.0	True	Violoncello	1	165.0	2.5	304.0	V	True	('E', 'G#', 'B')	E	E	0.0	major triad	(4, 8, 11)	A	A	5	None
492.0	492	1.0	1	165.0	E6	88.0	True	Violoncello	1	165.0	2.5	304.0	V	True	('E', 'G#', 'B')	E	E	0.0	major triad	(4, 8, 11)	A	A	5	None
492.0	492	1.0	1	165.0	G#4	68.0	True	Violoncello	1	165.0	2.5	304.0	V	True	('E', 'G#', 'B')	E	E	0.0	major triad	(4, 8, 11)	A	A	5	None
492.0	492	1.0	1	165.0	B3	59.0	True	Violoncello	1	165.0	2.5	304.0	V	True	('E', 'G#', 'B')	E	E	0.0	major triad	(4, 8, 11)	A	A	5	None
494.5	989/2	0.5	1/2	165.0	E3	52.0	True	Violoncello	1	165.0	0.5	305.0	V	True	('E', 'G#', 'B')	E	E	0.0	major triad	(4, 8, 11)	a	a	5	None
494.5	989/2	0.5	1/2	165.0	E3	52.0	True	Violoncello	1	165.0	0.5	305.0	V	True	('E', 'G#', 'B')	E	E	0.0	major triad	(4, 8, 11)	a	a	5	None
494.5	989/2	0.5	1/2	165.0	E4	64.0	True	Violoncello	1	165.0	0.5	305.0	V	True	('E', 'G#', 'B')	E	E	0.0	major triad	(4, 8, 11)	a	a	5	None
494.5	989/2	0.5	1/2	165.0	E4	64.0	True	Violoncello	1	165.0	0.5	305.0	V	True	('E', 'G#', 'B')	E	E	0.0	major triad	(4, 8, 11)	a	a	5	None
495.0	495	1.0	1	166.0	C5	72.0	True	Violoncello	1	166.0	1.5	306.0	i	True	('C', 'E', 'A')	C	A	1.0	minor triad	(0, 4, 9)	a	a	1	None
495.0	495	1.0	1	166.0	C5	72.0	True	Violoncello	1	166.0	1.5	306.0	i	True	('C', 'E', 'A')	C	A	1.0	minor triad	(0, 4, 9)	a	a	1	None
495.0	495	1.0	1	166.0	C4	60.0	True	Violoncello	1	166.0	1.5	306.0	i	True	('C', 'E', 'A')	C	A	1.0	minor triad	(0, 4, 9)	a	a	1	None
495.0	495	1.0	1	166.0	C4	60.0	True	Violoncello	1	166.0	1.5	306.0	i	True	('C', 'E', 'A')	C	A	1.0	minor triad	(0, 4, 9)	a	a	1	None
496.0	496	0.5	1/2	166.0	G#4	68.0	True	Violoncello	1	166.0	1.5	306.0	i	False	('C', 'E', 'A')	C	A	1.0	minor triad	(0, 4, 9)	a	a	1	None
496.0	496	0.5	1/2	166.0	G#4	68.0	True	Violoncello	1	166.0	1.5	306.0	i	False	('C', 'E', 'A')	C	A	1.0	minor triad	(0, 4, 9)	a	a	1	None
496.0	496	0.5	1/2	166.0	G#3	56.0	True	Violoncello	1	166.0	1.5	306.0	i	False	('C', 'E', 'A')	C	A	1.0	minor triad	(0, 4, 9)	a	a	1	None
496.0	496	0.5	1/2	166.0	G#3	56.0	True	Violoncello	1	166.0	1.5	306.0	i	False	('C', 'E', 'A')	C	A	1.0	minor triad	(0, 4, 9)	a	a	1	None
496.5	993/2	1.0	1	166.0	A3	57.0	True	Violoncello	1	166.0	1.5	307.0	i	True	('A', 'C', 'E')	A	A	0.0	minor triad	(0, 4, 9)	a	a	1	None
496.5	993/2	1.0	1	166.0	A3	57.0	True	Violoncello	1	166.0	1.5	307.0	i	True	('A', 'C', 'E')	A	A	0.0	minor triad	(0, 4, 9)	a	a	1	None
496.5	993/2	1.0	1	166.0	A4	69.0	True	Violoncello	1	166.0	1.5	307.0	i	True	('A', 'C', 'E')	A	A	0.0	minor triad	(0, 4, 9)	a	a	1	None
496.5	993/2	1.0	1	166.0	A4	69.0	True	Violoncello	1	166.0	1.5	307.0	i	True	('A', 'C', 'E')	A	A	0.0	minor triad	(0, 4, 9)	a	a	1	None
497.5	995/2	0.5	1/2	166.0	E4	64.0	True	Violoncello	1	166.0	1.5	307.0	i	False	('A', 'C', 'E')	A	A	0.0	minor triad	(0, 4, 9)	a	a	1	None
497.5	995/2	0.5	1/2	166.0	E4	64.0	True	Violoncello	1	166.0	1.5	307.0	i	False	('A', 'C', 'E')	A	A	0.0	minor triad	(0, 4, 9)	a	a	1	None
497.5	995/2	0.5	1/2	166.0	E3	52.0	True	Violoncello	1	166.0	1.5	307.0	i	False	('A', 'C', 'E')	A	A	0.0	minor triad	(0, 4, 9)	a	a	1	None
497.5	995/2	0.5	1/2	166.0	E3	52.0	True	Violoncello	1	166.0	1.5	307.0	i	False	('A', 'C', 'E')	A	A	0.0	minor triad	(0, 4, 9)	a	a	1	None
498.0	498	1.0	1	167.0	F4	65.0	True	Violoncello	1	167.0	1.5	308.0	VI	True	('F', 'A', 'C')	F	F	0.0	major triad	(0, 5, 9)	a	a	6	None
498.0	498	1.0	1	167.0	F4	65.0	True	Violoncello	1	167.0	1.5	308.0	VI	True	('F', 'A', 'C')	F	F	0.0	major triad	(0, 5, 9)	a	a	6	None
498.0	498	1.0	1	167.0	F3	53.0	True	Violoncello	1	167.0	1.5	308.0	VI	True	('F', 'A', 'C')	F	F	0.0	major triad	(0, 5, 9)	a	a	6	None
498.0	498	1.0	1	167.0	F3	53.0	True	Violoncello	1	167.0	1.5	308.0	VI	True	('F', 'A', 'C')	F	F	0.0	major triad	(0, 5, 9)	a	a	6	None
499.0	499	0.25	1/4	167.0	G4	67.0	True	Violoncello	1	167.0	1.5	308.0	VI	False	('F', 'A', 'C')	F	F	0.0	major triad	(0, 5, 9)	a	a	6	None
499.0	499	0.25	1/4	167.0	G4	67.0	True	Violoncello	1	167.0	1.5	308.0	VI	False	('F', 'A', 'C')	F	F	0.0	major triad	(0, 5, 9)	a	a	6	None
499.0	499	0.25	1/4	167.0	G3	55.0	True	Violoncello	1	167.0	1.5	308.0	VI	False	('F', 'A', 'C')	F	F	0.0	major triad	(0, 5, 9)	a	a	6	None
499.0	499	0.25	1/4	167.0	G3	55.0	True	Violoncello	1	167.0	1.5	308.0	VI	False	('F', 'A', 'C')	F	F	0.0	major triad	(0, 5, 9)	a	a	6	None
499.25	1997/4	0.25	1/4	167.0	F3	53.0	True	Violoncello	1	167.0	1.5	308.0	VI	False	('F', 'A', 'C')	F	F	0.0	major triad	(0, 5, 9)	a	a	6	None
499.25	1997/4	0.25	1/4	167.0	F4	65.0	True	Violoncello	1	167.0	1.5	308.0	VI	False	('F', 'A', 'C')	F	F	0.0	major triad	(0, 5, 9)	a	a	6	None
499.25	1997/4	0.25	1/4	167.0	F4	65.0	True	Violoncello	1	167.0	1.5	308.0	VI	False	('F', 'A', 'C')	F	F	0.0	major triad	(0, 5, 9)	a	a	6	None
499.25	1997/4	0.25	1/4	167.0	F3	53.0	True	Violoncello	1	167.0	1.5	308.0	VI	False	('F', 'A', 'C')	F	F	0.0	major triad	(0, 5, 9)	a	a	6	None
499.5	999/2	1.0	1	167.0	E4	64.0	True	Violoncello	1	167.0	1.5	309.0	V	True	('E', 'G#', 'B')	E	E	0.0	major triad	(4, 8, 11)	a	a	5	None
499.5	999/2	1.0	1	167.0	E4	64.0	True	Violoncello	1	167.0	1.5	309.0	V	True	('E', 'G#', 'B')	E	E	0.0	major triad	(4, 8, 11)	a	a	5	None
499.5	999/2	1.0	1	167.0	E3	52.0	True	Violoncello	1	167.0	1.5	309.0	V	True	('E', 'G#', 'B')	E	E	0.0	major triad	(4, 8, 11)	a	a	5	None
499.5	999/2	1.0	1	167.0	E3	52.0	True	Violoncello	1	167.0	1.5	309.0	V	True	('E', 'G#', 'B')	E	E	0.0	major triad	(4, 8, 11)	a	a	5	None
500.5	1001/2	0.5	1/2	167.0	E4	64.0	True	Violoncello	1	167.0	1.5	309.0	V	False	('E', 'G#', 'B')	E	E	0.0	major triad	(4, 8, 11)	a	a	5	None
500.5	1001/2	0.25	1/4	167.0	E4	64.0	True	Violoncello	1	167.0	1.5	309.0	V	False	('E', 'G#', 'B')	E	E	0.0	major triad	(4, 8, 11)	a	a	5	None
500.75	2003/4	0.25	1/4	167.0	D4	62.0	True	Violoncello	1	167.0	1.5	309.0	V	False	('E', 'G#', 'B')	E	E	0.0	major triad	(4, 8, 11)	a	a	5	None
501.0	501	1.0	1	168.0	A4	69.0	True	Violoncello	1	168.0	1.0	310.0	i	True	('C', 'E', 'A')	C	A	1.0	minor triad	(0, 4, 9)	a	a	1	None
501.0	501	1.0	1	168.0	E4	64.0	True	Violoncello	1	168.0	1.0	310.0	i	True	('C', 'E', 'A')	C	A	1.0	minor triad	(0, 4, 9)	a	a	1	None
501.0	501	1.0	1	168.0	C4	60.0	True	Violoncello	1	168.0	1.0	310.0	i	True	('C', 'E', 'A')	C	A	1.0	minor triad	(0, 4, 9)	a	a	1	None
502.0	502	0.5	1/2	168.0	B3	59.0	True	Violoncello	1	168.0	0.5	311.0	V	True	('B', 'E', 'G#')	B	E	2.0	major triad	(4, 8, 11)	a	a	5	None
502.0	502	0.5	1/2	168.0	B4	71.0	True	Violoncello	1	168.0	0.5	311.0	V	True	('B', 'E', 'G#')	B	E	2.0	major triad	(4, 8, 11)	a	a	5	None
502.0	502	0.5	1/2	168.0	G#4	68.0	True	Violoncello	1	168.0	0.5	311.0	V	True	('B', 'E', 'G#')	B	E	2.0	major triad	(4, 8, 11)	a	a	5	None
502.5	1005/2	1.0	1	168.0	C5	72.0	True	Violoncello	1	168.0	1.0	312.0	i	True	('A', 'C', 'E')	A	A	0.0	minor triad	(0, 4, 9)	a	a	1	None
502.5	1005/2	1.0	1	168.0	A4	69.0	True	Violoncello	1	168.0	1.0	312.0	i	True	('A', 'C', 'E')	A	A	0.0	minor triad	(0, 4, 9)	a	a	1	None
502.5	1005/2	1.0	1	168.0	A3	57.0	True	Violoncello	1	168.0	1.0	312.0	i	True	('A', 'C', 'E')	A	A	0.0	minor triad	(0, 4, 9)	a	a	1	None
503.5	1007/2	0.5	1/2	168.0	D5	74.0	True	Violoncello	1	168.0	0.5	313.0	V7	True	('G#', 'B', 'D', 'E')	G#	E	1.0	dominant seventh chord	(2, 4, 8, 11)	a	a	5	None
503.5	1007/2	0.5	1/2	168.0	B4	71.0	True	Violoncello	1	168.0	0.5	313.0	V7	True	('G#', 'B', 'D', 'E')	G#	E	1.0	dominant seventh chord	(2, 4, 8, 11)	a	a	5	None
503.5	1007/2	0.5	1/2	168.0	G#3	56.0	True	Violoncello	1	168.0	0.5	313.0	V7	True	('G#', 'B', 'D', 'E')	G#	E	1.0	dominant seventh chord	(2, 4, 8, 11)	a	a	5	None
504.0	504	1.0	1	169.0	D5	74.0	True	Violoncello	1	169.0	1.0	314.0	i	True	('A', 'C', 'E')	A	A	0.0	minor triad	(0, 4, 9)	a	a	1	None
504.0	504	1.0	1	169.0	B4	71.0	True	Violoncello	1	169.0	1.0	314.0	i	True	('A', 'C', 'E')	A	A	0.0	minor triad	(0, 4, 9)	a	a	1	None
504.0	504	1.0	1	169.0	A3	57.0	True	Violoncello	1	169.0	1.0	314.0	i	True	('A', 'C', 'E')	A	A	0.0	minor triad	(0, 4, 9)	a	a	1	None
505.0	505	0.5	1/2	169.0	C5	72.0	True	Violoncello	1	169.0	0.5	315.0	viio7/V	True	('D#', 'F#', 'A', 'C')	D#	D#	0.0	diminished seventh chord	(0, 3, 6, 9)	a	E	7	5
505.0	505	0.5	1/2	169.0	A4	69.0	True	Violoncello	1	169.0	0.5	315.0	viio7/V	True	('D#', 'F#', 'A', 'C')	D#	D#	0.0	diminished seventh chord	(0, 3, 6, 9)	a	E	7	5
505.0	505	0.5	1/2	169.0	D#3	51.0	True	Violoncello	1	169.0	0.5	315.0	viio7/V	True	('D#', 'F#', 'A', 'C')	D#	D#	0.0	diminished seventh chord	(0, 3, 6, 9)	a	E	7	5
505.5	1011/2	1.0	1	169.0	E3	52.0	True	Violoncello	1	169.0	1.5	316.0	V	True	('E', 'G#', 'B')	E	E	0.0	major triad	(4, 8, 11)	a	a	5	None
505.5	1011/2	1.0	1	169.0	B4	71.0	True	Violoncello	1	169.0	1.5	316.0	V	True	('E', 'G#', 'B')	E	E	0.0	major triad	(4, 8, 11)	a	a	5	None
505.5	1011/2	1.0	1	169.0	G#4	68.0	True	Violoncello	1	169.0	1.5	316.0	V	True	('E', 'G#', 'B')	E	E	0.0	major triad	(4, 8, 11)	a	a	5	None
506.5	1013/2	0.5	1/2	169.0	E4	64.0	True	Violoncello	1	169.0	1.5	316.0	V	False	('E', 'G#', 'B')	E	E	0.0	major triad	(4, 8, 11)	a	a	5	None
507.0	507	1.0	1	170.0	C5	72.0	True	Violoncello	1	170.0	1.0	317.0	i	True	('A', 'C', 'E')	A	A	0.0	minor triad	(0, 4, 9)	a	a	1	None
507.0	507	1.0	1	170.0	C4	60.0	True	Violoncello	1	170.0	1.0	317.0	i	True	('A', 'C', 'E')	A	A	0.0	minor triad	(0, 4, 9)	a	a	1	None
507.0	507	1.5	3/2	170.0	E4	64.0	True	Violoncello	1	170.0	1.0	317.0	i	True	('A', 'C', 'E')	A	A	0.0	minor triad	(0, 4, 9)	a	a	1	None
507.0	507	1.0	1	170.0	A3	57.0	True	Violoncello	1	170.0	1.0	317.0	i	True	('A', 'C', 'E')	A	A	0.0	minor triad	(0, 4, 9)	a	a	1	None
508.0	508	0.5	1/2	170.0	G#4	68.0	True	Violoncello	1	170.0	0.5	318.0	V7	True	('B', 'D', 'E', 'G#')	B	E	2.0	dominant seventh chord	(2, 4, 8, 11)	a	a	5	None
508.0	508	0.5	1/2	170.0	D4	62.0	True	Violoncello	1	170.0	0.5	318.0	V7	True	('B', 'D', 'E', 'G#')	B	E	2.0	dominant seventh chord	(2, 4, 8, 11)	a	a	5	None
508.0	508	0.5	1/2	170.0	B3	59.0	True	Violoncello	1	170.0	0.5	318.0	V7	True	('B', 'D', 'E', 'G#')	B	E	2.0	dominant seventh chord	(2, 4, 8, 11)	a	a	5	None
508.5	1017/2	1.0	1	170.0	A4	69.0	True	Violoncello	1	170.0	1.0	319.0	i	True	('C', 'E', 'A')	C	A	1.0	minor triad	(0, 4, 9)	a	a	1	None
508.5	1017/2	1.0	1	170.0	E4	64.0	True	Violoncello	1	170.0	1.0	319.0	i	True	('C', 'E', 'A')	C	A	1.0	minor triad	(0, 4, 9)	a	a	1	None
508.5	1017/2	1.0	1	170.0	E4	64.0	False	Violoncello	1	170.0	1.0	319.0	i	True	('C', 'E', 'A')	C	A	1.0	minor triad	(0, 4, 9)	a	a	1	None
508.5	1017/2	1.0	1	170.0	C4	60.0	True	Violoncello	1	170.0	1.0	319.0	i	True	('C', 'E', 'A')	C	A	1.0	minor triad	(0, 4, 9)	a	a	1	None
509.5	1019/2	0.5	1/2	170.0	C#4	61.0	True	Violoncello	1	170.0	0.5	320.0	V7/iv	True	('C#', 'E', 'G', 'A')	C#	A	1.0	dominant seventh chord	(1, 4, 7, 9)	a	d	5	4
509.5	1019/2	0.5	1/2	170.0	A4	69.0	True	Violoncello	1	170.0	0.5	320.0	V7/iv	True	('C#', 'E', 'G', 'A')	C#	A	1.0	dominant seventh chord	(1, 4, 7, 9)	a	d	5	4
509.5	1019/2	0.5	1/2	170.0	G4	67.0	True	Violoncello	1	170.0	0.5	320.0	V7/iv	True	('C#', 'E', 'G', 'A')	C#	A	1.0	dominant seventh chord	(1, 4, 7, 9)	a	d	5	4
509.5	1019/2	0.5	1/2	170.0	E4	64.0	True	Violoncello	1	170.0	0.5	320.0	V7/iv	True	('C#', 'E', 'G', 'A')	C#	A	1.0	dominant seventh chord	(1, 4, 7, 9)	a	d	5	4
510.0	510	1.0	1	171.0	F5	77.0	True	Violoncello	1	171.0	1.0	321.0	iv	True	('D', 'F', 'A')	D	D	0.0	minor triad	(2, 5, 9)	a	a	4	None
510.0	510	1.0	1	171.0	F4	65.0	True	Violoncello	1	171.0	1.0	321.0	iv	True	('D', 'F', 'A')	D	D	0.0	minor triad	(2, 5, 9)	a	a	4	None
510.0	510	1.5	3/2	171.0	A4	69.0	True	Violoncello	1	171.0	1.0	321.0	iv	True	('D', 'F', 'A')	D	D	0.0	minor triad	(2, 5, 9)	a	a	4	None
510.0	510	1.0	1	171.0	D4	62.0	True	Violoncello	1	171.0	1.0	321.0	iv	True	('D', 'F', 'A')	D	D	0.0	minor triad	(2, 5, 9)	a	a	4	None
511.0	511	0.5	1/2	171.0	C#5	73.0	True	Violoncello	1	171.0	0.5	322.0	V7/iv	True	('E', 'G', 'A', 'C#')	E	A	2.0	dominant seventh chord	(1, 4, 7, 9)	a	d	5	4
511.0	511	0.5	1/2	171.0	G4	67.0	True	Violoncello	1	171.0	0.5	322.0	V7/iv	True	('E', 'G', 'A', 'C#')	E	A	2.0	dominant seventh chord	(1, 4, 7, 9)	a	d	5	4
511.0	511	0.5	1/2	171.0	E4	64.0	True	Violoncello	1	171.0	0.5	322.0	V7/iv	True	('E', 'G', 'A', 'C#')	E	A	2.0	dominant seventh chord	(1, 4, 7, 9)	a	d	5	4
511.5	1023/2	1.0	1	171.0	A4	69.0	False	Violoncello	1	171.0	1.0	323.0	iv	True	('F', 'A', 'D')	F	D	1.0	minor triad	(2, 5, 9)	a	a	4	None
511.5	1023/2	1.0	1	171.0	F4	65.0	True	Violoncello	1	171.0	1.0	323.0	iv	True	('F', 'A', 'D')	F	D	1.0	minor triad	(2, 5, 9)	a	a	4	None
511.5	1023/2	1.0	1	171.0	D5	74.0	True	Violoncello	1	171.0	1.0	323.0	iv	True	('F', 'A', 'D')	F	D	1.0	minor triad	(2, 5, 9)	a	a	4	None
511.5	1023/2	1.0	1	171.0	A4	69.0	True	Violoncello	1	171.0	1.0	323.0	iv	True	('F', 'A', 'D')	F	D	1.0	minor triad	(2, 5, 9)	a	a	4	None
512.5	1025/2	0.5	1/2	171.0	A5	81.0	True	Violoncello	1	171.0	0.5	324.0	viiø7	True	('B', 'D', 'F', 'A')	B	B	0.0	half-diminished seventh chord	(2, 5, 9, 11)	C	C	7	None
512.5	1025/2	0.5	1/2	171.0	F5	77.0	True	Violoncello	1	171.0	0.5	324.0	viiø7	True	('B', 'D', 'F', 'A')	B	B	0.0	half-diminished seventh chord	(2, 5, 9, 11)	C	C	7	None
512.5	1025/2	0.5	1/2	171.0	B3	59.0	True	Violoncello	1	171.0	0.5	324.0	viiø7	True	('B', 'D', 'F', 'A')	B	B	0.0	half-diminished seventh chord	(2, 5, 9, 11)	C	C	7	None
513.0	513	0.5	1/2	172.0	A5	81.0	True	Violoncello	1	172.0	1.0	325.0	I	True	('C', 'E', 'G')	C	C	0.0	major triad	(0, 4, 7)	C	C	1	None
513.0	513	0.5	1/2	172.0	F5	77.0	True	Violoncello	1	172.0	1.0	325.0	I	True	('C', 'E', 'G')	C	C	0.0	major triad	(0, 4, 7)	C	C	1	None
513.0	513	1.0	1	172.0	C4	60.0	True	Violoncello	1	172.0	1.0	325.0	I	True	('C', 'E', 'G')	C	C	0.0	major triad	(0, 4, 7)	C	C	1	None
513.5	1027/2	0.5	1/2	172.0	G5	79.0	True	Violoncello	1	172.0	1.0	325.0	I	False	('C', 'E', 'G')	C	C	0.0	major triad	(0, 4, 7)	C	C	1	None
513.5	1027/2	0.5	1/2	172.0	E5	76.0	True	Violoncello	1	172.0	1.0	325.0	I	False	('C', 'E', 'G')	C	C	0.0	major triad	(0, 4, 7)	C	C	1	None
514.0	514	0.5	1/2	172.0	A4	69.0	True	Violoncello	1	172.0	0.5	326.0	ii	True	('F', 'A', 'D')	F	D	1.0	minor triad	(2, 5, 9)	C	C	2	None
514.0	514	0.5	1/2	172.0	F#3	54.0	True	Violoncello	1	172.0	0.5	326.0	ii	True	('F', 'A', 'D')	F	D	1.0	minor triad	(2, 5, 9)	C	C	2	None
514.0	514	0.5	1/2	172.0	D5	74.0	True	Violoncello	1	172.0	0.5	326.0	ii	True	('F', 'A', 'D')	F	D	1.0	minor triad	(2, 5, 9)	C	C	2	None
514.0	514	0.5	1/2	172.0	F5	77.0	True	Violoncello	1	172.0	0.5	326.0	ii	True	('F', 'A', 'D')	F	D	1.0	minor triad	(2, 5, 9)	C	C	2	None
514.5	1029/2	0.5	1/2	172.0	F5	77.0	True	Violoncello	1	172.0	1.5	327.0	V7	True	('G', 'B', 'D', 'F')	G	G	0.0	dominant seventh chord	(2, 5, 7, 11)	C	C	5	None
514.5	1029/2	0.5	1/2	172.0	D5	74.0	True	Violoncello	1	172.0	1.5	327.0	V7	True	('G', 'B', 'D', 'F')	G	G	0.0	dominant seventh chord	(2, 5, 7, 11)	C	C	5	None
514.5	1029/2	0.5	1/2	172.0	A4	69.0	True	Violoncello	1	172.0	1.5	327.0	V7	True	('G', 'B', 'D', 'F')	G	G	0.0	dominant seventh chord	(2, 5, 7, 11)	C	C	5	None
514.5	1029/2	1.0	1	172.0	G3	55.0	True	Violoncello	1	172.0	1.5	327.0	V7	True	('G', 'B', 'D', 'F')	G	G	0.0	dominant seventh chord	(2, 5, 7, 11)	C	C	5	None
515.0	515	0.5	1/2	172.0	E5	76.0	True	Violoncello	1	172.0	1.5	327.0	V7	False	('G', 'B', 'D', 'F')	G	G	0.0	dominant seventh chord	(2, 5, 7, 11)	C	C	5	None
515.0	515	0.5	1/2	172.0	C#5	73.0	True	Violoncello	1	172.0	1.5	327.0	V7	False	('G', 'B', 'D', 'F')	G	G	0.0	dominant seventh chord	(2, 5, 7, 11)	C	C	5	None
515.0	515	0.5	1/2	172.0	G4	67.0	True	Violoncello	1	172.0	1.5	327.0	V7	False	('G', 'B', 'D', 'F')	G	G	0.0	dominant seventh chord	(2, 5, 7, 11)	C	C	5	None
515.5	1031/2	0.5	1/2	172.0	D5	74.0	True	Violoncello	1	172.0	1.5	327.0	V7	False	('G', 'B', 'D', 'F')	G	G	0.0	dominant seventh chord	(2, 5, 7, 11)	C	C	5	None
515.5	1031/2	0.5	1/2	172.0	B4	71.0	True	Violoncello	1	172.0	1.5	327.0	V7	False	('G', 'B', 'D', 'F')	G	G	0.0	dominant seventh chord	(2, 5, 7, 11)	C	C	5	None
515.5	1031/2	0.5	1/2	172.0	F4	65.0	True	Violoncello	1	172.0	1.5	327.0	V7	False	('G', 'B', 'D', 'F')	G	G	0.0	dominant seventh chord	(2, 5, 7, 11)	C	C	5	None
515.5	1031/2	0.5	1/2	172.0	G2	43.0	True	Violoncello	1	172.0	1.5	327.0	V7	False	('G', 'B', 'D', 'F')	G	G	0.0	dominant seventh chord	(2, 5, 7, 11)	C	C	5	None
516.0	516	1.0	1	173.0	C3	48.0	True	Violoncello	1	173.0	3.0	328.0	I	True	('C', 'E', 'G')	C	C	0.0	major triad	(0, 4, 7)	C	C	1	None
516.0	516	1.5	3/2	173.0	D5	74.0	True	Violoncello	1	173.0	3.0	328.0	I	True	('C', 'E', 'G')	C	C	0.0	major triad	(0, 4, 7)	C	C	1	None
516.0	516	1.5	3/2	173.0	B4	71.0	True	Violoncello	1	173.0	3.0	328.0	I	True	('C', 'E', 'G')	C	C	0.0	major triad	(0, 4, 7)	C	C	1	None
516.0	516	1.5	3/2	173.0	F4	65.0	True	Violoncello	1	173.0	3.0	328.0	I	True	('C', 'E', 'G')	C	C	0.0	major triad	(0, 4, 7)	C	C	1	None
517.0	517	0.5	1/2	173.0	G3	55.0	True	Violoncello	1	173.0	3.0	328.0	I	False	('C', 'E', 'G')	C	C	0.0	major triad	(0, 4, 7)	C	C	1	None
517.5	1035/2	1.0	1	173.0	C5	72.0	True	Violoncello	1	173.0	3.0	328.0	I	False	('C', 'E', 'G')	C	C	0.0	major triad	(0, 4, 7)	C	C	1	None
517.5	1035/2	1.0	1	173.0	C5	72.0	True	Violoncello	1	173.0	3.0	328.0	I	False	('C', 'E', 'G')	C	C	0.0	major triad	(0, 4, 7)	C	C	1	None
517.5	1035/2	1.0	1	173.0	E4	64.0	True	Violoncello	1	173.0	3.0	328.0	I	False	('C', 'E', 'G')	C	C	0.0	major triad	(0, 4, 7)	C	C	1	None
517.5	1035/2	1.0	1	173.0	C4	60.0	True	Violoncello	1	173.0	3.0	328.0	I	False	('C', 'E', 'G')	C	C	0.0	major triad	(0, 4, 7)	C	C	1	None
518.5	1037/2	0.5	1/2	173.0	E4	64.0	True	Violoncello	1	173.0	3.0	328.0	I	False	('C', 'E', 'G')	C	C	0.0	major triad	(0, 4, 7)	C	C	1	None
518.5	1037/2	0.5	1/2	173.0	E3	52.0	True	Violoncello	1	173.0	3.0	328.0	I	False	('C', 'E', 'G')	C	C	0.0	major triad	(0, 4, 7)	C	C	1	None
518.5	1037/2	0.5	1/2	173.0	E2	40.0	True	Violoncello	1	173.0	3.0	328.0	I	False	('C', 'E', 'G')	C	C	0.0	major triad	(0, 4, 7)	C	C	1	None
519.0	519	1.0	1	174.0	C3	48.0	True	Violoncello	1	174.0	1.5	329.0	i	True	('C', 'E', 'A')	C	A	1.0	minor triad	(0, 4, 9)	a	a	1	None
519.0	519	1.0	1	174.0	C5	72.0	True	Violoncello	1	174.0	1.5	329.0	i	True	('C', 'E', 'A')	C	A	1.0	minor triad	(0, 4, 9)	a	a	1	None
519.0	519	1.0	1	174.0	C4	60.0	True	Violoncello	1	174.0	1.5	329.0	i	True	('C', 'E', 'A')	C	A	1.0	minor triad	(0, 4, 9)	a	a	1	None
520.0	520	0.5	1/2	174.0	G#4	68.0	True	Violoncello	1	174.0	1.5	329.0	i	False	('C', 'E', 'A')	C	A	1.0	minor triad	(0, 4, 9)	a	a	1	None
520.0	520	0.5	1/2	174.0	G#3	56.0	True	Violoncello	1	174.0	1.5	329.0	i	False	('C', 'E', 'A')	C	A	1.0	minor triad	(0, 4, 9)	a	a	1	None
520.0	520	0.5	1/2	174.0	G#2	44.0	True	Violoncello	1	174.0	1.5	329.0	i	False	('C', 'E', 'A')	C	A	1.0	minor triad	(0, 4, 9)	a	a	1	None
520.5	1041/2	1.0	1	174.0	A4	69.0	True	Violoncello	1	174.0	1.5	330.0	i	True	('A', 'C', 'E')	A	A	0.0	minor triad	(0, 4, 9)	a	a	1	None
520.5	1041/2	1.0	1	174.0	A3	57.0	True	Violoncello	1	174.0	1.5	330.0	i	True	('A', 'C', 'E')	A	A	0.0	minor triad	(0, 4, 9)	a	a	1	None
520.5	1041/2	1.0	1	174.0	A2	45.0	True	Violoncello	1	174.0	1.5	330.0	i	True	('A', 'C', 'E')	A	A	0.0	minor triad	(0, 4, 9)	a	a	1	None
521.5	1043/2	0.5	1/2	174.0	E4	64.0	True	Violoncello	1	174.0	1.5	330.0	i	False	('A', 'C', 'E')	A	A	0.0	minor triad	(0, 4, 9)	a	a	1	None
521.5	1043/2	0.5	1/2	174.0	E3	52.0	True	Violoncello	1	174.0	1.5	330.0	i	False	('A', 'C', 'E')	A	A	0.0	minor triad	(0, 4, 9)	a	a	1	None
521.5	1043/2	0.5	1/2	174.0	E2	40.0	True	Violoncello	1	174.0	1.5	330.0	i	False	('A', 'C', 'E')	A	A	0.0	minor triad	(0, 4, 9)	a	a	1	None
522.0	522	1.0	1	175.0	F2	41.0	True	Violoncello	1	175.0	1.5	331.0	VI	True	('F', 'A', 'C')	F	F	0.0	major triad	(0, 5, 9)	a	a	6	None
522.0	522	1.0	1	175.0	F3	53.0	True	Violoncello	1	175.0	1.5	331.0	VI	True	('F', 'A', 'C')	F	F	0.0	major triad	(0, 5, 9)	a	a	6	None
522.0	522	1.0	1	175.0	F4	65.0	True	Violoncello	1	175.0	1.5	331.0	VI	True	('F', 'A', 'C')	F	F	0.0	major triad	(0, 5, 9)	a	a	6	None
523.0	523	0.25	1/4	175.0	G4	67.0	True	Violoncello	1	175.0	1.5	331.0	VI	False	('F', 'A', 'C')	F	F	0.0	major triad	(0, 5, 9)	a	a	6	None
523.0	523	0.25	1/4	175.0	G3	55.0	True	Violoncello	1	175.0	1.5	331.0	VI	False	('F', 'A', 'C')	F	F	0.0	major triad	(0, 5, 9)	a	a	6	None
523.0	523	0.25	1/4	175.0	G2	43.0	True	Violoncello	1	175.0	1.5	331.0	VI	False	('F', 'A', 'C')	F	F	0.0	major triad	(0, 5, 9)	a	a	6	None
523.25	2093/4	0.25	1/4	175.0	F4	65.0	True	Violoncello	1	175.0	1.5	331.0	VI	False	('F', 'A', 'C')	F	F	0.0	major triad	(0, 5, 9)	a	a	6	None
523.25	2093/4	0.25	1/4	175.0	F3	53.0	True	Violoncello	1	175.0	1.5	331.0	VI	False	('F', 'A', 'C')	F	F	0.0	major triad	(0, 5, 9)	a	a	6	None
523.25	2093/4	0.25	1/4	175.0	F2	41.0	True	Violoncello	1	175.0	1.5	331.0	VI	False	('F', 'A', 'C')	F	F	0.0	major triad	(0, 5, 9)	a	a	6	None
523.5	1047/2	1.0	1	175.0	E2	40.0	True	Violoncello	1	175.0	1.0	332.0	V	True	('E', 'G#', 'B')	E	E	0.0	major triad	(4, 8, 11)	a	a	5	None
523.5	1047/2	1.0	1	175.0	E4	64.0	True	Violoncello	1	175.0	1.0	332.0	V	True	('E', 'G#', 'B')	E	E	0.0	major triad	(4, 8, 11)	a	a	5	None
523.5	1047/2	1.0	1	175.0	E3	52.0	True	Violoncello	1	175.0	1.0	332.0	V	True	('E', 'G#', 'B')	E	E	0.0	major triad	(4, 8, 11)	a	a	5	None
524.5	1049/2	0.25	1/4	175.0	E5	76.0	True	Violoncello	1	175.0	0.5	333.0	V7	True	('D', 'E', 'G#', 'B')	D	E	3.0	dominant seventh chord	(2, 4, 8, 11)	a	a	5	None
524.5	1049/2	0.5	1/2	175.0	E5	76.0	True	Violoncello	1	175.0	0.5	333.0	V7	True	('D', 'E', 'G#', 'B')	D	E	3.0	dominant seventh chord	(2, 4, 8, 11)	a	a	5	None
524.5	1049/2	0.5	1/2	175.0	E5	76.0	True	Violoncello	1	175.0	0.5	333.0	V7	True	('D', 'E', 'G#', 'B')	D	E	3.0	dominant seventh chord	(2, 4, 8, 11)	a	a	5	None
524.75	2099/4	0.25	1/4	175.0	D5	74.0	True	Violoncello	1	175.0	0.5	333.0	V7	False	('D', 'E', 'G#', 'B')	D	E	3.0	dominant seventh chord	(2, 4, 8, 11)	a	a	5	None
525.0	525	1.0	1	176.0	A5	81.0	True	Violoncello	1	176.0	1.0	334.0	i	True	('C', 'E', 'A')	C	A	1.0	minor triad	(0, 4, 9)	a	a	1	None
525.0	525	1.0	1	176.0	E5	76.0	True	Violoncello	1	176.0	1.0	334.0	i	True	('C', 'E', 'A')	C	A	1.0	minor triad	(0, 4, 9)	a	a	1	None
525.0	525	1.0	1	176.0	C5	72.0	True	Violoncello	1	176.0	1.0	334.0	i	True	('C', 'E', 'A')	C	A	1.0	minor triad	(0, 4, 9)	a	a	1	None
526.0	526	0.5	1/2	176.0	B5	83.0	True	Violoncello	1	176.0	0.5	335.0	viio	True	('B', 'D', 'G#')	B	G#	1.0	diminished triad	(2, 8, 11)	a	a	#7	None
526.0	526	0.5	1/2	176.0	G#5	80.0	True	Violoncello	1	176.0	0.5	335.0	viio	True	('B', 'D', 'G#')	B	G#	1.0	diminished triad	(2, 8, 11)	a	a	#7	None
526.0	526	0.5	1/2	176.0	B4	71.0	True	Violoncello	1	176.0	0.5	335.0	viio	True	('B', 'D', 'G#')	B	G#	1.0	diminished triad	(2, 8, 11)	a	a	#7	None
526.5	1053/2	1.0	1	176.0	C6	84.0	True	Violoncello	1	176.0	1.0	336.0	i	True	('A', 'C', 'E')	A	A	0.0	minor triad	(0, 4, 9)	a	a	1	None
526.5	1053/2	1.0	1	176.0	A5	81.0	True	Violoncello	1	176.0	1.0	336.0	i	True	('A', 'C', 'E')	A	A	0.0	minor triad	(0, 4, 9)	a	a	1	None
526.5	1053/2	1.0	1	176.0	A4	69.0	True	Violoncello	1	176.0	1.0	336.0	i	True	('A', 'C', 'E')	A	A	0.0	minor triad	(0, 4, 9)	a	a	1	None
527.5	1055/2	0.5	1/2	176.0	G#4	68.0	True	Violoncello	1	176.0	0.5	337.0	viio	True	('G#', 'B', 'D')	G#	G#	0.0	diminished triad	(2, 8, 11)	a	a	#7	None
527.5	1055/2	0.5	1/2	176.0	D6	86.0	True	Violoncello	1	176.0	0.5	337.0	viio	True	('G#', 'B', 'D')	G#	G#	0.0	diminished triad	(2, 8, 11)	a	a	#7	None
527.5	1055/2	0.5	1/2	176.0	B5	83.0	True	Violoncello	1	176.0	0.5	337.0	viio	True	('G#', 'B', 'D')	G#	G#	0.0	diminished triad	(2, 8, 11)	a	a	#7	None
528.0	528	1.0	1	177.0	D6	86.0	True	Violoncello	1	177.0	1.0	338.0	i	True	('A', 'C', 'E')	A	A	0.0	minor triad	(0, 4, 9)	a	a	1	None
528.0	528	1.0	1	177.0	B5	83.0	True	Violoncello	1	177.0	1.0	338.0	i	True	('A', 'C', 'E')	A	A	0.0	minor triad	(0, 4, 9)	a	a	1	None
528.0	528	1.0	1	177.0	A4	69.0	True	Violoncello	1	177.0	1.0	338.0	i	True	('A', 'C', 'E')	A	A	0.0	minor triad	(0, 4, 9)	a	a	1	None
529.0	529	0.5	1/2	177.0	C6	84.0	True	Violoncello	1	177.0	0.5	339.0	viio7/V	True	('D#', 'F#', 'A', 'C')	D#	D#	0.0	diminished seventh chord	(0, 3, 6, 9)	a	E	7	5
529.0	529	0.5	1/2	177.0	A5	81.0	True	Violoncello	1	177.0	0.5	339.0	viio7/V	True	('D#', 'F#', 'A', 'C')	D#	D#	0.0	diminished seventh chord	(0, 3, 6, 9)	a	E	7	5
529.0	529	0.5	1/2	177.0	D#4	63.0	True	Violoncello	1	177.0	0.5	339.0	viio7/V	True	('D#', 'F#', 'A', 'C')	D#	D#	0.0	diminished seventh chord	(0, 3, 6, 9)	a	E	7	5
529.5	1059/2	1.0	1	177.0	B5	83.0	True	Violoncello	1	177.0	1.5	340.0	V	True	('E', 'G#', 'B')	E	E	0.0	major triad	(4, 8, 11)	a	a	5	None
529.5	1059/2	1.0	1	177.0	G#5	80.0	True	Violoncello	1	177.0	1.5	340.0	V	True	('E', 'G#', 'B')	E	E	0.0	major triad	(4, 8, 11)	a	a	5	None
529.5	1059/2	1.0	1	177.0	E4	64.0	True	Violoncello	1	177.0	1.5	340.0	V	True	('E', 'G#', 'B')	E	E	0.0	major triad	(4, 8, 11)	a	a	5	None
530.5	1061/2	0.5	1/2	177.0	E5	76.0	True	Violoncello	1	177.0	1.5	340.0	V	False	('E', 'G#', 'B')	E	E	0.0	major triad	(4, 8, 11)	a	a	5	None
531.0	531	1.0	1	178.0	A3	57.0	True	Violoncello	1	178.0	1.0	341.0	I	True	('A', 'C#', 'E')	A	A	0.0	major triad	(1, 4, 9)	A	A	1	None
531.0	531	1.0	1	178.0	C#5	73.0	True	Violoncello	1	178.0	1.0	341.0	I	True	('A', 'C#', 'E')	A	A	0.0	major triad	(1, 4, 9)	A	A	1	None
531.0	531	1.0	1	178.0	C#6	85.0	True	Violoncello	1	178.0	1.0	341.0	I	True	('A', 'C#', 'E')	A	A	0.0	major triad	(1, 4, 9)	A	A	1	None
531.0	531	1.5	3/2	178.0	E4	64.0	True	Violoncello	1	178.0	1.0	341.0	I	True	('A', 'C#', 'E')	A	A	0.0	major triad	(1, 4, 9)	A	A	1	None
532.0	532	0.5	1/2	178.0	G#5	80.0	True	Violoncello	1	178.0	0.5	342.0	V7	True	('B', 'D', 'E', 'G#')	B	E	2.0	dominant seventh chord	(2, 4, 8, 11)	A	A	5	None
532.0	532	0.5	1/2	178.0	D5	74.0	True	Violoncello	1	178.0	0.5	342.0	V7	True	('B', 'D', 'E', 'G#')	B	E	2.0	dominant seventh chord	(2, 4, 8, 11)	A	A	5	None
532.0	532	0.5	1/2	178.0	B3	59.0	True	Violoncello	1	178.0	0.5	342.0	V7	True	('B', 'D', 'E', 'G#')	B	E	2.0	dominant seventh chord	(2, 4, 8, 11)	A	A	5	None
532.5	1065/2	1.0	1	178.0	A5	81.0	True	Violoncello	1	178.0	1.0	343.0	I	True	('C#', 'E', 'A')	C#	A	1.0	major triad	(1, 4, 9)	A	A	1	None
532.5	1065/2	1.0	1	178.0	E5	76.0	True	Violoncello	1	178.0	1.0	343.0	I	True	('C#', 'E', 'A')	C#	A	1.0	major triad	(1, 4, 9)	A	A	1	None
532.5	1065/2	1.0	1	178.0	E4	64.0	False	Violoncello	1	178.0	1.0	343.0	I	True	('C#', 'E', 'A')	C#	A	1.0	major triad	(1, 4, 9)	A	A	1	None
532.5	1065/2	1.0	1	178.0	C#4	61.0	True	Violoncello	1	178.0	1.0	343.0	I	True	('C#', 'E', 'A')	C#	A	1.0	major triad	(1, 4, 9)	A	A	1	None
533.5	1067/2	0.5	1/2	178.0	G4	67.0	True	Violoncello	1	178.0	0.5	344.0	V7/IV	True	('C#', 'E', 'G', 'A')	C#	A	1.0	dominant seventh chord	(1, 4, 7, 9)	A	D	5	4
533.5	1067/2	0.5	1/2	178.0	C#4	61.0	True	Violoncello	1	178.0	0.5	344.0	V7/IV	True	('C#', 'E', 'G', 'A')	C#	A	1.0	dominant seventh chord	(1, 4, 7, 9)	A	D	5	4
533.5	1067/2	0.5	1/2	178.0	A5	81.0	True	Violoncello	1	178.0	0.5	344.0	V7/IV	True	('C#', 'E', 'G', 'A')	C#	A	1.0	dominant seventh chord	(1, 4, 7, 9)	A	D	5	4
533.5	1067/2	0.5	1/2	178.0	A4	69.0	True	Violoncello	1	178.0	0.5	344.0	V7/IV	True	('C#', 'E', 'G', 'A')	C#	A	1.0	dominant seventh chord	(1, 4, 7, 9)	A	D	5	4
534.0	534	1.0	1	179.0	F#6	90.0	True	Violoncello	1	179.0	1.0	345.0	IV	True	('D', 'F#', 'A')	D	D	0.0	major triad	(2, 6, 9)	A	A	4	None
534.0	534	1.5	3/2	179.0	A4	69.0	True	Violoncello	1	179.0	1.0	345.0	IV	True	('D', 'F#', 'A')	D	D	0.0	major triad	(2, 6, 9)	A	A	4	None
534.0	534	1.0	1	179.0	F#4	66.0	True	Violoncello	1	179.0	1.0	345.0	IV	True	('D', 'F#', 'A')	D	D	0.0	major triad	(2, 6, 9)	A	A	4	None
534.0	534	1.0	1	179.0	D4	62.0	True	Violoncello	1	179.0	1.0	345.0	IV	True	('D', 'F#', 'A')	D	D	0.0	major triad	(2, 6, 9)	A	A	4	None
535.0	535	0.5	1/2	179.0	C#6	85.0	True	Violoncello	1	179.0	0.5	346.0	V7/IV	True	('E', 'G', 'A', 'C#')	E	A	2.0	dominant seventh chord	(1, 4, 7, 9)	A	D	5	4
535.0	535	0.5	1/2	179.0	G4	67.0	True	Violoncello	1	179.0	0.5	346.0	V7/IV	True	('E', 'G', 'A', 'C#')	E	A	2.0	dominant seventh chord	(1, 4, 7, 9)	A	D	5	4
535.0	535	0.5	1/2	179.0	E4	64.0	True	Violoncello	1	179.0	0.5	346.0	V7/IV	True	('E', 'G', 'A', 'C#')	E	A	2.0	dominant seventh chord	(1, 4, 7, 9)	A	D	5	4
535.5	1071/2	1.0	1	179.0	D6	86.0	True	Violoncello	1	179.0	1.5	347.0	IV	True	('F#', 'A', 'D')	F#	D	1.0	major triad	(2, 6, 9)	A	A	4	None
535.5	1071/2	1.0	1	179.0	A4	69.0	False	Violoncello	1	179.0	1.5	347.0	IV	True	('F#', 'A', 'D')	F#	D	1.0	major triad	(2, 6, 9)	A	A	4	None
535.5	1071/2	1.0	1	179.0	A4	69.0	True	Violoncello	1	179.0	1.5	347.0	IV	True	('F#', 'A', 'D')	F#	D	1.0	major triad	(2, 6, 9)	A	A	4	None
535.5	1071/2	1.0	1	179.0	F#4	66.0	True	Violoncello	1	179.0	1.5	347.0	IV	True	('F#', 'A', 'D')	F#	D	1.0	major triad	(2, 6, 9)	A	A	4	None
537.0										180.0	3.0	348.0	IV	True	('F#', 'A', 'D')	F#	D	1.0	major triad	(2, 6, 9)	A	A	4	None
539.5	1079/2	0.5	1/2	180.0	A5	81.0	True	Violoncello	1	180.0	3.0	348.0	IV	False	('F#', 'A', 'D')	F#	D	1.0	major triad	(2, 6, 9)	A	A	4	None
540.0	540	1.0	1	181.0	F#6	90.0	True	Violoncello	1	181.0	2.5	349.0	IV	True	('D', 'F#', 'A')	D	D	0.0	major triad	(2, 6, 9)	A	A	4	None
541.0	541	0.5	1/2	181.0	C#6	85.0	True	Violoncello	1	181.0	2.5	349.0	IV	False	('D', 'F#', 'A')	D	D	0.0	major triad	(2, 6, 9)	A	A	4	None
541.5	1083/2	1.0	1	181.0	D6	86.0	True	Violoncello	1	181.0	2.5	349.0	IV	False	('D', 'F#', 'A')	D	D	0.0	major triad	(2, 6, 9)	A	A	4	None
542.5	1085/2	0.5	1/2	181.0	A#5	82.0	True	Violoncello	1	181.0	0.5	350.0	viio/ii	True	('C#', 'E', 'A#')	C#	A#	1.0	diminished triad	(1, 4, 10)	A	b	#7	2
542.5	1085/2	0.5	1/2	181.0	C#5	73.0	True	Violoncello	1	181.0	0.5	350.0	viio/ii	True	('C#', 'E', 'A#')	C#	A#	1.0	diminished triad	(1, 4, 10)	A	b	#7	2
543.0	543	1.0	1	182.0	B5	83.0	True	Violoncello	1	182.0	1.0	351.0	ii	True	('D', 'F#', 'B')	D	B	1.0	minor triad	(2, 6, 11)	A	A	2	None
543.0	543	1.0	1	182.0	D5	74.0	True	Violoncello	1	182.0	1.0	351.0	ii	True	('D', 'F#', 'B')	D	B	1.0	minor triad	(2, 6, 11)	A	A	2	None
544.0	544	0.5	1/2	182.0	F#5	78.0	True	Violoncello	1	182.0	0.5	352.0	V/ii	True	('A#', 'C#', 'F#')	A#	F#	1.0	major triad	(1, 6, 10)	A	b	5	2
544.0	544	0.5	1/2	182.0	A#4	70.0	True	Violoncello	1	182.0	0.5	352.0	V/ii	True	('A#', 'C#', 'F#')	A#	F#	1.0	major triad	(1, 6, 10)	A	b	5	2
544.0	544	0.5	1/2	182.0	C#5	73.0	True	Violoncello	1	182.0	0.5	352.0	V/ii	True	('A#', 'C#', 'F#')	A#	F#	1.0	major triad	(1, 6, 10)	A	b	5	2
544.5	1089/2	1.0	1	182.0	F#5	78.0	False	Violoncello	1	182.0	1.0	353.0	ii	True	('B', 'D', 'F#')	B	B	0.0	minor triad	(2, 6, 11)	A	A	2	None
544.5	1089/2	1.0	1	182.0	D5	74.0	True	Violoncello	1	182.0	1.0	353.0	ii	True	('B', 'D', 'F#')	B	B	0.0	minor triad	(2, 6, 11)	A	A	2	None
544.5	1089/2	1.0	1	182.0	B4	71.0	True	Violoncello	1	182.0	1.0	353.0	ii	True	('B', 'D', 'F#')	B	B	0.0	minor triad	(2, 6, 11)	A	A	2	None
545.5	1091/2	0.5	1/2	182.0	F5	77.0	True	Violoncello	1	182.0	0.5	354.0	iiø7	True	('A', 'B', 'D', 'F')	A	B	3.0	half-diminished seventh chord	(2, 5, 9, 11)	A	A	2	None
545.5	1091/2	0.5	1/2	182.0	D5	74.0	True	Violoncello	1	182.0	0.5	354.0	iiø7	True	('A', 'B', 'D', 'F')	A	B	3.0	half-diminished seventh chord	(2, 5, 9, 11)	A	A	2	None
545.5	1091/2	0.5	1/2	182.0	B4	71.0	True	Violoncello	1	182.0	0.5	354.0	iiø7	True	('A', 'B', 'D', 'F')	A	B	3.0	half-diminished seventh chord	(2, 5, 9, 11)	A	A	2	None
545.5	1091/2	0.5	1/2	182.0	A3	57.0	True	Violoncello	1	182.0	0.5	354.0	iiø7	True	('A', 'B', 'D', 'F')	A	B	3.0	half-diminished seventh chord	(2, 5, 9, 11)	A	A	2	None
546.0	546	1.5	3/2	183.0	E5	76.0	True	Violoncello	1	183.0	1.5	355.0	V7	True	('G#', 'B', 'D', 'E')	G#	E	1.0	dominant seventh chord	(2, 4, 8, 11)	A	A	5	None
546.0	546	1.0	1	183.0	D5	74.0	False	Violoncello	1	183.0	1.5	355.0	V7	True	('G#', 'B', 'D', 'E')	G#	E	1.0	dominant seventh chord	(2, 4, 8, 11)	A	A	5	None
546.0	546	1.0	1	183.0	B4	71.0	False	Violoncello	1	183.0	1.5	355.0	V7	True	('G#', 'B', 'D', 'E')	G#	E	1.0	dominant seventh chord	(2, 4, 8, 11)	A	A	5	None
546.0	546	1.0	1	183.0	G#3	56.0	True	Violoncello	1	183.0	1.5	355.0	V7	True	('G#', 'B', 'D', 'E')	G#	E	1.0	dominant seventh chord	(2, 4, 8, 11)	A	A	5	None
547.0	547	0.5	1/2	183.0	A4	69.0	True	Violoncello	1	183.0	1.5	355.0	V7	False	('G#', 'B', 'D', 'E')	G#	E	1.0	dominant seventh chord	(2, 4, 8, 11)	A	A	5	None
547.0	547	0.5	1/2	183.0	C#5	73.0	True	Violoncello	1	183.0	1.5	355.0	V7	False	('G#', 'B', 'D', 'E')	G#	E	1.0	dominant seventh chord	(2, 4, 8, 11)	A	A	5	None
547.0	547	0.5	1/2	183.0	A3	57.0	True	Violoncello	1	183.0	1.5	355.0	V7	False	('G#', 'B', 'D', 'E')	G#	E	1.0	dominant seventh chord	(2, 4, 8, 11)	A	A	5	None
547.5	1095/2	0.5	1/2	183.0	E5	76.0	False	Violoncello	1	183.0	0.5	356.0	I	True	('A', 'C#', 'E')	A	A	0.0	major triad	(1, 4, 9)	A	A	1	None
547.5	1095/2	1.0	1	183.0	B4	71.0	True	Violoncello	1	183.0	0.5	356.0	I	True	('A', 'C#', 'E')	A	A	0.0	major triad	(1, 4, 9)	A	A	1	None
547.5	1095/2	1.0	1	183.0	F#4	66.0	True	Violoncello	1	183.0	0.5	356.0	I	True	('A', 'C#', 'E')	A	A	0.0	major triad	(1, 4, 9)	A	A	1	None
547.5	1095/2	1.0	1	183.0	D3	50.0	True	Violoncello	1	183.0	0.5	356.0	I	True	('A', 'C#', 'E')	A	A	0.0	major triad	(1, 4, 9)	A	A	1	None
548.0	548	0.5	1/2	183.0	D5	74.0	True	Violoncello	1	183.0	0.5	357.0	ii	True	('D', 'F#', 'B')	D	B	1.0	minor triad	(2, 6, 11)	A	A	2	None
548.5	1097/2	0.5	1/2	183.0	E3	52.0	True	Violoncello	1	183.0	0.5	358.0	V7	True	('E', 'G#', 'B', 'D')	E	E	0.0	dominant seventh chord	(2, 4, 8, 11)	A	A	5	None
548.5	1097/2	0.5	1/2	183.0	G#4	68.0	True	Violoncello	1	183.0	0.5	358.0	V7	True	('E', 'G#', 'B', 'D')	E	E	0.0	dominant seventh chord	(2, 4, 8, 11)	A	A	5	None
548.5	1097/2	0.5	1/2	183.0	D4	62.0	True	Violoncello	1	183.0	0.5	358.0	V7	True	('E', 'G#', 'B', 'D')	E	E	0.0	dominant seventh chord	(2, 4, 8, 11)	A	A	5	None
548.5	1097/2	0.5	1/2	183.0	B4	71.0	True	Violoncello	1	183.0	0.5	358.0	V7	True	('E', 'G#', 'B', 'D')	E	E	0.0	dominant seventh chord	(2, 4, 8, 11)	A	A	5	None
549.0	549	1.0	1	184.0	A4	69.0	True	Violoncello	1	184.0	3.0	359.0	I	True	('A', 'C#', 'E')	A	A	0.0	major triad	(1, 4, 9)	A	A	1	None
549.0	549	1.0	1	184.0	A4	69.0	True	Violoncello	1	184.0	3.0	359.0	I	True	('A', 'C#', 'E')	A	A	0.0	major triad	(1, 4, 9)	A	A	1	None
549.0	549	1.0	1	184.0	C#4	61.0	True	Violoncello	1	184.0	3.0	359.0	I	True	('A', 'C#', 'E')	A	A	0.0	major triad	(1, 4, 9)	A	A	1	None
549.0	549	1.0	1	184.0	A2	45.0	True	Violoncello	1	184.0	3.0	359.0	I	True	('A', 'C#', 'E')	A	A	0.0	major triad	(1, 4, 9)	A	A	1	None
550.0	550	0.5	1/2	184.0	B4	71.0	True	Violoncello	1	184.0	3.0	359.0	I	False	('A', 'C#', 'E')	A	A	0.0	major triad	(1, 4, 9)	A	A	1	None
550.5	1101/2	0.5	1/2	184.0	C#5	73.0	True	Violoncello	1	184.0	3.0	359.0	I	False	('A', 'C#', 'E')	A	A	0.0	major triad	(1, 4, 9)	A	A	1	None
551.0	551	0.5	1/2	184.0	B4	71.0	True	Violoncello	1	184.0	3.0	359.0	I	False	('A', 'C#', 'E')	A	A	0.0	major triad	(1, 4, 9)	A	A	1	None
551.5	1103/2	0.5	1/2	184.0	A4	69.0	True	Violoncello	1	184.0	3.0	359.0	I	False	('A', 'C#', 'E')	A	A	0.0	major triad	(1, 4, 9)	A	A	1	None
552.0	552	1.0	1	185.0	G#4	68.0	True	Violoncello	1	185.0	1.5	360.0	V	True	('E', 'G#', 'B')	E	E	0.0	major triad	(4, 8, 11)	A	A	5	None
552.0	552	1.0	1	185.0	E4	64.0	True	Violoncello	1	185.0	1.5	360.0	V	True	('E', 'G#', 'B')	E	E	0.0	major triad	(4, 8, 11)	A	A	5	None
553.0	553	0.5	1/2	185.0	F#4	66.0	True	Violoncello	1	185.0	1.5	360.0	V	False	('E', 'G#', 'B')	E	E	0.0	major triad	(4, 8, 11)	A	A	5	None
553.0	553	0.5	1/2	185.0	F#4	66.0	True	Violoncello	1	185.0	1.5	360.0	V	False	('E', 'G#', 'B')	E	E	0.0	major triad	(4, 8, 11)	A	A	5	None
553.5	1107/2	1.0	1	185.0	E4	64.0	True	Violoncello	1	185.0	0.5	361.0	V	True	('G#', 'B', 'E')	G#	E	1.0	major triad	(4, 8, 11)	A	A	5	None
553.5	1107/2	0.5	1/2	185.0	G#4	68.0	True	Violoncello	1	185.0	0.5	361.0	V	True	('G#', 'B', 'E')	G#	E	1.0	major triad	(4, 8, 11)	A	A	5	None
554.0	554	0.5	1/2	185.0	F#4	66.0	True	Violoncello	1	185.0	1.0	362.0	viio/ii	True	('C#', 'E', 'A#')	C#	A#	1.0	diminished triad	(1, 4, 10)	A	b	#7	2
554.0	554	0.5	1/2	185.0	A#5	82.0	True	Violoncello	1	185.0	1.0	362.0	viio/ii	True	('C#', 'E', 'A#')	C#	A#	1.0	diminished triad	(1, 4, 10)	A	b	#7	2
554.5	1109/2	0.5	1/2	185.0	A#5	82.0	True	Violoncello	1	185.0	1.0	362.0	viio/ii	False	('C#', 'E', 'A#')	C#	A#	1.0	diminished triad	(1, 4, 10)	A	b	#7	2
554.5	1109/2	0.5	1/2	185.0	E4	64.0	True	Violoncello	1	185.0	1.0	362.0	viio/ii	False	('C#', 'E', 'A#')	C#	A#	1.0	diminished triad	(1, 4, 10)	A	b	#7	2
555.0	555	1.0	1	186.0	D4	62.0	True	Violoncello	1	186.0	1.5	363.0	ii	True	('D', 'F#', 'B')	D	B	1.0	minor triad	(2, 6, 11)	A	A	2	None
555.0	555	1.0	1	186.0	B5	83.0	True	Violoncello	1	186.0	1.5	363.0	ii	True	('D', 'F#', 'B')	D	B	1.0	minor triad	(2, 6, 11)	A	A	2	None
555.0	555	1.0	1	186.0	B4	71.0	True	Violoncello	1	186.0	1.5	363.0	ii	True	('D', 'F#', 'B')	D	B	1.0	minor triad	(2, 6, 11)	A	A	2	None
556.0	556	0.5	1/2	186.0	C#5	73.0	True	Violoncello	1	186.0	1.5	363.0	ii	False	('D', 'F#', 'B')	D	B	1.0	minor triad	(2, 6, 11)	A	A	2	None
556.0	556	0.5	1/2	186.0	C#4	61.0	True	Violoncello	1	186.0	1.5	363.0	ii	False	('D', 'F#', 'B')	D	B	1.0	minor triad	(2, 6, 11)	A	A	2	None
556.5	1113/2	0.5	1/2	186.0	D5	74.0	True	Violoncello	1	186.0	1.5	364.0	ii	True	('B', 'D', 'F#')	B	B	0.0	minor triad	(2, 6, 11)	A	A	2	None
556.5	1113/2	1.0	1	186.0	B3	59.0	True	Violoncello	1	186.0	1.5	364.0	ii	True	('B', 'D', 'F#')	B	B	0.0	minor triad	(2, 6, 11)	A	A	2	None
557.0	557	0.5	1/2	186.0	C#5	73.0	True	Violoncello	1	186.0	1.5	364.0	ii	False	('B', 'D', 'F#')	B	B	0.0	minor triad	(2, 6, 11)	A	A	2	None
557.5	1115/2	0.5	1/2	186.0	B4	71.0	True	Violoncello	1	186.0	1.5	364.0	ii	False	('B', 'D', 'F#')	B	B	0.0	minor triad	(2, 6, 11)	A	A	2	None
558.0	558	1.0	1	187.0	A4	69.0	True	Violoncello	1	187.0	2.0	365.0	IV	True	('D', 'F#', 'A')	D	D	0.0	major triad	(2, 6, 9)	A	A	4	None
558.0	558	1.0	1	187.0	F#4	66.0	True	Violoncello	1	187.0	2.0	365.0	IV	True	('D', 'F#', 'A')	D	D	0.0	major triad	(2, 6, 9)	A	A	4	None
559.0	559	0.5	1/2	187.0	G#4	68.0	True	Violoncello	1	187.0	2.0	365.0	IV	False	('D', 'F#', 'A')	D	D	0.0	major triad	(2, 6, 9)	A	A	4	None
559.0	559	0.5	1/2	187.0	G#4	68.0	True	Violoncello	1	187.0	2.0	365.0	IV	False	('D', 'F#', 'A')	D	D	0.0	major triad	(2, 6, 9)	A	A	4	None
559.5	1119/2	1.0	1	187.0	F#4	66.0	True	Violoncello	1	187.0	2.0	365.0	IV	False	('D', 'F#', 'A')	D	D	0.0	major triad	(2, 6, 9)	A	A	4	None
559.5	1119/2	0.5	1/2	187.0	A4	69.0	True	Violoncello	1	187.0	2.0	365.0	IV	False	('D', 'F#', 'A')	D	D	0.0	major triad	(2, 6, 9)	A	A	4	None
560.0	560	0.5	1/2	187.0	B#5	84.0	True	Violoncello	1	187.0	1.0	366.0	viio7/iii	True	('A', 'B#', 'D#', 'F#')	A	B#	3.0	diminished seventh chord	(0, 3, 6, 9)	A	c#	#7	3
560.0	560	0.5	1/2	187.0	G#4	68.0	True	Violoncello	1	187.0	1.0	366.0	viio7/iii	True	('A', 'B#', 'D#', 'F#')	A	B#	3.0	diminished seventh chord	(0, 3, 6, 9)	A	c#	#7	3
560.5	1121/2	0.5	1/2	187.0	B#5	84.0	True	Violoncello	1	187.0	1.0	366.0	viio7/iii	False	('A', 'B#', 'D#', 'F#')	A	B#	3.0	diminished seventh chord	(0, 3, 6, 9)	A	c#	#7	3
560.5	1121/2	0.5	1/2	187.0	F#4	66.0	True	Violoncello	1	187.0	1.0	366.0	viio7/iii	False	('A', 'B#', 'D#', 'F#')	A	B#	3.0	diminished seventh chord	(0, 3, 6, 9)	A	c#	#7	3
561.0	561	1.0	1	188.0	C#5	73.0	True	Violoncello	1	188.0	1.5	367.0	iii	True	('E', 'G#', 'C#')	E	C#	1.0	minor triad	(1, 4, 8)	A	A	3	None
561.0	561	1.0	1	188.0	C#6	85.0	True	Violoncello	1	188.0	1.5	367.0	iii	True	('E', 'G#', 'C#')	E	C#	1.0	minor triad	(1, 4, 8)	A	A	3	None
561.0	561	1.0	1	188.0	E4	64.0	True	Violoncello	1	188.0	1.5	367.0	iii	True	('E', 'G#', 'C#')	E	C#	1.0	minor triad	(1, 4, 8)	A	A	3	None
562.0	562	0.5	1/2	188.0	D#4	63.0	True	Violoncello	1	188.0	1.5	367.0	iii	False	('E', 'G#', 'C#')	E	C#	1.0	minor triad	(1, 4, 8)	A	A	3	None
562.0	562	0.5	1/2	188.0	D#5	75.0	True	Violoncello	1	188.0	1.5	367.0	iii	False	('E', 'G#', 'C#')	E	C#	1.0	minor triad	(1, 4, 8)	A	A	3	None
562.5	1125/2	0.5	1/2	188.0	E5	76.0	True	Violoncello	1	188.0	1.5	368.0	iii	True	('C#', 'E', 'G#')	C#	C#	0.0	minor triad	(1, 4, 8)	A	A	3	None
562.5	1125/2	1.0	1	188.0	C#4	61.0	True	Violoncello	1	188.0	1.5	368.0	iii	True	('C#', 'E', 'G#')	C#	C#	0.0	minor triad	(1, 4, 8)	A	A	3	None
563.0	563	0.5	1/2	188.0	D#5	75.0	True	Violoncello	1	188.0	1.5	368.0	iii	False	('C#', 'E', 'G#')	C#	C#	0.0	minor triad	(1, 4, 8)	A	A	3	None
563.5	1127/2	0.5	1/2	188.0	C#5	73.0	True	Violoncello	1	188.0	1.5	368.0	iii	False	('C#', 'E', 'G#')	C#	C#	0.0	minor triad	(1, 4, 8)	A	A	3	None
564.0	564	1.0	1	189.0	D6	86.0	True	Violoncello	1	189.0	1.5	369.0	V7	True	('E', 'G#', 'B', 'D')	E	E	0.0	dominant seventh chord	(2, 4, 8, 11)	A	A	5	None
564.0	564	0.5	1/2	189.0	D5	74.0	True	Violoncello	1	189.0	1.5	369.0	V7	True	('E', 'G#', 'B', 'D')	E	E	0.0	dominant seventh chord	(2, 4, 8, 11)	A	A	5	None
564.0	564	0.5	1/2	189.0	E3	52.0	True	Violoncello	1	189.0	1.5	369.0	V7	True	('E', 'G#', 'B', 'D')	E	E	0.0	dominant seventh chord	(2, 4, 8, 11)	A	A	5	None
564.0	564	1.0	1	189.0	E3	52.0	True	Violoncello	1	189.0	1.5	369.0	V7	True	('E', 'G#', 'B', 'D')	E	E	0.0	dominant seventh chord	(2, 4, 8, 11)	A	A	5	None
564.0	564	1.0	1	189.0	D5	74.0	True	Violoncello	1	189.0	1.5	369.0	V7	True	('E', 'G#', 'B', 'D')	E	E	0.0	dominant seventh chord	(2, 4, 8, 11)	A	A	5	None
564.5	1129/2	0.5	1/2	189.0	G#4	68.0	True	Violoncello	1	189.0	1.5	369.0	V7	False	('E', 'G#', 'B', 'D')	E	E	0.0	dominant seventh chord	(2, 4, 8, 11)	A	A	5	None
564.5	1129/2	0.5	1/2	189.0	E4	64.0	True	Violoncello	1	189.0	1.5	369.0	V7	False	('E', 'G#', 'B', 'D')	E	E	0.0	dominant seventh chord	(2, 4, 8, 11)	A	A	5	None
565.0	565	0.5	1/2	189.0	F#3	54.0	True	Violoncello	1	189.0	1.5	369.0	V7	False	('E', 'G#', 'B', 'D')	E	E	0.0	dominant seventh chord	(2, 4, 8, 11)	A	A	5	None
565.0	565	0.5	1/2	189.0	A4	69.0	True	Violoncello	1	189.0	1.5	369.0	V7	False	('E', 'G#', 'B', 'D')	E	E	0.0	dominant seventh chord	(2, 4, 8, 11)	A	A	5	None
565.0	565	0.5	1/2	189.0	E4	64.0	True	Violoncello	1	189.0	1.5	369.0	V7	False	('E', 'G#', 'B', 'D')	E	E	0.0	dominant seventh chord	(2, 4, 8, 11)	A	A	5	None
565.0	565	0.5	1/2	189.0	C#6	85.0	True	Violoncello	1	189.0	1.5	369.0	V7	False	('E', 'G#', 'B', 'D')	E	E	0.0	dominant seventh chord	(2, 4, 8, 11)	A	A	5	None
565.5	1131/2	0.5	1/2	189.0	G#3	56.0	True	Violoncello	1	189.0	1.5	370.0	V7	True	('G#', 'B', 'D', 'E')	G#	E	1.0	dominant seventh chord	(2, 4, 8, 11)	A	A	5	None
565.5	1131/2	0.5	1/2	189.0	B4	71.0	True	Violoncello	1	189.0	1.5	370.0	V7	True	('G#', 'B', 'D', 'E')	G#	E	1.0	dominant seventh chord	(2, 4, 8, 11)	A	A	5	None
565.5	1131/2	0.5	1/2	189.0	B5	83.0	True	Violoncello	1	189.0	1.5	370.0	V7	True	('G#', 'B', 'D', 'E')	G#	E	1.0	dominant seventh chord	(2, 4, 8, 11)	A	A	5	None
565.5	1131/2	0.5	1/2	189.0	E4	64.0	True	Violoncello	1	189.0	1.5	370.0	V7	True	('G#', 'B', 'D', 'E')	G#	E	1.0	dominant seventh chord	(2, 4, 8, 11)	A	A	5	None
566.0	566	0.5	1/2	189.0	A3	57.0	True	Violoncello	1	189.0	1.5	370.0	V7	False	('G#', 'B', 'D', 'E')	G#	E	1.0	dominant seventh chord	(2, 4, 8, 11)	A	A	5	None
566.0	566	0.5	1/2	189.0	A5	81.0	True	Violoncello	1	189.0	1.5	370.0	V7	False	('G#', 'B', 'D', 'E')	G#	E	1.0	dominant seventh chord	(2, 4, 8, 11)	A	A	5	None
566.0	566	0.5	1/2	189.0	C#5	73.0	True	Violoncello	1	189.0	1.5	370.0	V7	False	('G#', 'B', 'D', 'E')	G#	E	1.0	dominant seventh chord	(2, 4, 8, 11)	A	A	5	None
566.0	566	0.5	1/2	189.0	E4	64.0	True	Violoncello	1	189.0	1.5	370.0	V7	False	('G#', 'B', 'D', 'E')	G#	E	1.0	dominant seventh chord	(2, 4, 8, 11)	A	A	5	None
566.5	1133/2	0.5	1/2	189.0	G#5	80.0	True	Violoncello	1	189.0	1.5	370.0	V7	False	('G#', 'B', 'D', 'E')	G#	E	1.0	dominant seventh chord	(2, 4, 8, 11)	A	A	5	None
566.5	1133/2	0.5	1/2	189.0	D5	74.0	True	Violoncello	1	189.0	1.5	370.0	V7	False	('G#', 'B', 'D', 'E')	G#	E	1.0	dominant seventh chord	(2, 4, 8, 11)	A	A	5	None
566.5	1133/2	0.5	1/2	189.0	E4	64.0	True	Violoncello	1	189.0	1.5	370.0	V7	False	('G#', 'B', 'D', 'E')	G#	E	1.0	dominant seventh chord	(2, 4, 8, 11)	A	A	5	None
566.5	1133/2	0.5	1/2	189.0	B3	59.0	True	Violoncello	1	189.0	1.5	370.0	V7	False	('G#', 'B', 'D', 'E')	G#	E	1.0	dominant seventh chord	(2, 4, 8, 11)	A	A	5	None
567.0	567	0.5	1/2	190.0	G#5	80.0	True	Violoncello	1	190.0	0.5	371.0	I	True	('C#', 'E', 'A')	C#	A	1.0	major triad	(1, 4, 9)	A	A	1	None
567.0	567	0.5	1/2	190.0	E5	76.0	True	Violoncello	1	190.0	0.5	371.0	I	True	('C#', 'E', 'A')	C#	A	1.0	major triad	(1, 4, 9)	A	A	1	None
567.0	567	0.5	1/2	190.0	E4	64.0	True	Violoncello	1	190.0	0.5	371.0	I	True	('C#', 'E', 'A')	C#	A	1.0	major triad	(1, 4, 9)	A	A	1	None
567.0	567	0.5	1/2	190.0	C#4	61.0	True	Violoncello	1	190.0	0.5	371.0	I	True	('C#', 'E', 'A')	C#	A	1.0	major triad	(1, 4, 9)	A	A	1	None
567.5	1135/2	0.5	1/2	190.0	A5	81.0	True	Violoncello	1	190.0	1.0	372.0	I	True	('A', 'C#', 'E')	A	A	0.0	major triad	(1, 4, 9)	A	A	1	None
567.5	1135/2	0.5	1/2	190.0	E5	76.0	True	Violoncello	1	190.0	1.0	372.0	I	True	('A', 'C#', 'E')	A	A	0.0	major triad	(1, 4, 9)	A	A	1	None
567.5	1135/2	0.5	1/2	190.0	C#4	61.0	True	Violoncello	1	190.0	1.0	372.0	I	True	('A', 'C#', 'E')	A	A	0.0	major triad	(1, 4, 9)	A	A	1	None
567.5	1135/2	0.5	1/2	190.0	A3	57.0	True	Violoncello	1	190.0	1.0	372.0	I	True	('A', 'C#', 'E')	A	A	0.0	major triad	(1, 4, 9)	A	A	1	None
568.0	568	0.5	1/2	190.0	E5	76.0	True	Violoncello	1	190.0	1.0	372.0	I	False	('A', 'C#', 'E')	A	A	0.0	major triad	(1, 4, 9)	A	A	1	None
568.0	568	0.5	1/2	190.0	C#5	73.0	True	Violoncello	1	190.0	1.0	372.0	I	False	('A', 'C#', 'E')	A	A	0.0	major triad	(1, 4, 9)	A	A	1	None
568.5	1137/2	0.5	1/2	190.0	D3	50.0	True	Violoncello	1	190.0	1.5	373.0	IV	True	('D', 'F#', 'A')	D	D	0.0	major triad	(2, 6, 9)	A	A	4	None
568.5	1137/2	0.5	1/2	190.0	F#3	54.0	True	Violoncello	1	190.0	1.5	373.0	IV	True	('D', 'F#', 'A')	D	D	0.0	major triad	(2, 6, 9)	A	A	4	None
569.0	569	0.5	1/2	190.0	F#5	78.0	True	Violoncello	1	190.0	1.5	373.0	IV	False	('D', 'F#', 'A')	D	D	0.0	major triad	(2, 6, 9)	A	A	4	None
569.0	569	0.5	1/2	190.0	A3	57.0	True	Violoncello	1	190.0	1.5	373.0	IV	False	('D', 'F#', 'A')	D	D	0.0	major triad	(2, 6, 9)	A	A	4	None
569.0	569	0.5	1/2	190.0	F#3	54.0	True	Violoncello	1	190.0	1.5	373.0	IV	False	('D', 'F#', 'A')	D	D	0.0	major triad	(2, 6, 9)	A	A	4	None
569.0	569	0.5	1/2	190.0	A5	81.0	True	Violoncello	1	190.0	1.5	373.0	IV	False	('D', 'F#', 'A')	D	D	0.0	major triad	(2, 6, 9)	A	A	4	None
569.5	1139/2	0.5	1/2	190.0	F#5	78.0	True	Violoncello	1	190.0	1.5	373.0	IV	False	('D', 'F#', 'A')	D	D	0.0	major triad	(2, 6, 9)	A	A	4	None
569.5	1139/2	0.5	1/2	190.0	D5	74.0	True	Violoncello	1	190.0	1.5	373.0	IV	False	('D', 'F#', 'A')	D	D	0.0	major triad	(2, 6, 9)	A	A	4	None
570.0	570	0.5	1/2	191.0	A3	57.0	True	Violoncello	1	191.0	1.5	374.0	I	True	('E', 'A', 'C#')	E	A	2.0	major triad	(1, 4, 9)	A	A	1	None
570.0	570	0.5	1/2	191.0	E3	52.0	True	Violoncello	1	191.0	1.5	374.0	I	True	('E', 'A', 'C#')	E	A	2.0	major triad	(1, 4, 9)	A	A	1	None
570.5	1141/2	0.5	1/2	191.0	A3	57.0	True	Violoncello	1	191.0	1.5	374.0	I	False	('E', 'A', 'C#')	E	A	2.0	major triad	(1, 4, 9)	A	A	1	None
570.5	1141/2	0.5	1/2	191.0	C#5	73.0	True	Violoncello	1	191.0	1.5	374.0	I	False	('E', 'A', 'C#')	E	A	2.0	major triad	(1, 4, 9)	A	A	1	None
570.5	1141/2	0.5	1/2	191.0	E5	76.0	True	Violoncello	1	191.0	1.5	374.0	I	False	('E', 'A', 'C#')	E	A	2.0	major triad	(1, 4, 9)	A	A	1	None
570.5	1141/2	0.5	1/2	191.0	C#4	61.0	True	Violoncello	1	191.0	1.5	374.0	I	False	('E', 'A', 'C#')	E	A	2.0	major triad	(1, 4, 9)	A	A	1	None
571.0	571	0.5	1/2	191.0	C#5	73.0	True	Violoncello	1	191.0	1.5	374.0	I	False	('E', 'A', 'C#')	E	A	2.0	major triad	(1, 4, 9)	A	A	1	None
571.0	571	0.5	1/2	191.0	A4	69.0	True	Violoncello	1	191.0	1.5	374.0	I	False	('E', 'A', 'C#')	E	A	2.0	major triad	(1, 4, 9)	A	A	1	None
571.5	1143/2	0.5	1/2	191.0	B3	59.0	True	Violoncello	1	191.0	1.5	375.0	V7	True	('E', 'G#', 'B', 'D')	E	E	0.0	dominant seventh chord	(2, 4, 8, 11)	A	A	5	None
571.5	1143/2	0.5	1/2	191.0	E3	52.0	True	Violoncello	1	191.0	1.5	375.0	V7	True	('E', 'G#', 'B', 'D')	E	E	0.0	dominant seventh chord	(2, 4, 8, 11)	A	A	5	None
572.0	572	0.5	1/2	191.0	B3	59.0	True	Violoncello	1	191.0	1.5	375.0	V7	False	('E', 'G#', 'B', 'D')	E	E	0.0	dominant seventh chord	(2, 4, 8, 11)	A	A	5	None
572.0	572	0.5	1/2	191.0	D4	62.0	True	Violoncello	1	191.0	1.5	375.0	V7	False	('E', 'G#', 'B', 'D')	E	E	0.0	dominant seventh chord	(2, 4, 8, 11)	A	A	5	None
572.0	572	0.5	1/2	191.0	D5	74.0	True	Violoncello	1	191.0	1.5	375.0	V7	False	('E', 'G#', 'B', 'D')	E	E	0.0	dominant seventh chord	(2, 4, 8, 11)	A	A	5	None
572.0	572	0.5	1/2	191.0	B4	71.0	True	Violoncello	1	191.0	1.5	375.0	V7	False	('E', 'G#', 'B', 'D')	E	E	0.0	dominant seventh chord	(2, 4, 8, 11)	A	A	5	None
572.5	1145/2	0.5	1/2	191.0	B4	71.0	True	Violoncello	1	191.0	1.5	375.0	V7	False	('E', 'G#', 'B', 'D')	E	E	0.0	dominant seventh chord	(2, 4, 8, 11)	A	A	5	None
572.5	1145/2	0.5	1/2	191.0	G#4	68.0	True	Violoncello	1	191.0	1.5	375.0	V7	False	('E', 'G#', 'B', 'D')	E	E	0.0	dominant seventh chord	(2, 4, 8, 11)	A	A	5	None
573.0	573	0.5	1/2	192.0	A4	69.0	True	Violoncello	1	192.0	3.0	376.0	I	True	('A', 'C#', 'E')	A	A	0.0	major triad	(1, 4, 9)	A	A	1	None
573.0	573	0.5	1/2	192.0	A4	69.0	True	Violoncello	1	192.0	3.0	376.0	I	True	('A', 'C#', 'E')	A	A	0.0	major triad	(1, 4, 9)	A	A	1	None
573.0	573	1.0	1	192.0	C#4	61.0	True	Violoncello	1	192.0	3.0	376.0	I	True	('A', 'C#', 'E')	A	A	0.0	major triad	(1, 4, 9)	A	A	1	None
573.0	573	1.0	1	192.0	A2	45.0	True	Violoncello	1	192.0	3.0	376.0	I	True	('A', 'C#', 'E')	A	A	0.0	major triad	(1, 4, 9)	A	A	1	None
573.5	1147/2	0.5	1/2	192.0	A5	81.0	True	Violoncello	1	192.0	3.0	376.0	I	False	('A', 'C#', 'E')	A	A	0.0	major triad	(1, 4, 9)	A	A	1	None
573.5	1147/2	0.5	1/2	192.0	A4	69.0	True	Violoncello	1	192.0	3.0	376.0	I	False	('A', 'C#', 'E')	A	A	0.0	major triad	(1, 4, 9)	A	A	1	None
574.0	574	0.5	1/2	192.0	B5	83.0	True	Violoncello	1	192.0	3.0	376.0	I	False	('A', 'C#', 'E')	A	A	0.0	major triad	(1, 4, 9)	A	A	1	None
574.0	574	0.5	1/2	192.0	B4	71.0	True	Violoncello	1	192.0	3.0	376.0	I	False	('A', 'C#', 'E')	A	A	0.0	major triad	(1, 4, 9)	A	A	1	None
574.5	1149/2	0.5	1/2	192.0	C#6	85.0	True	Violoncello	1	192.0	3.0	376.0	I	False	('A', 'C#', 'E')	A	A	0.0	major triad	(1, 4, 9)	A	A	1	None
574.5	1149/2	0.5	1/2	192.0	C#5	73.0	True	Violoncello	1	192.0	3.0	376.0	I	False	('A', 'C#', 'E')	A	A	0.0	major triad	(1, 4, 9)	A	A	1	None
575.0	575	0.5	1/2	192.0	B5	83.0	True	Violoncello	1	192.0	3.0	376.0	I	False	('A', 'C#', 'E')	A	A	0.0	major triad	(1, 4, 9)	A	A	1	None
575.0	575	0.5	1/2	192.0	B4	71.0	True	Violoncello	1	192.0	3.0	376.0	I	False	('A', 'C#', 'E')	A	A	0.0	major triad	(1, 4, 9)	A	A	1	None
575.5	1151/2	0.5	1/2	192.0	A4	69.0	True	Violoncello	1	192.0	3.0	376.0	I	False	('A', 'C#', 'E')	A	A	0.0	major triad	(1, 4, 9)	A	A	1	None
575.5	1151/2	0.5	1/2	192.0	A5	81.0	True	Violoncello	1	192.0	3.0	376.0	I	False	('A', 'C#', 'E')	A	A	0.0	major triad	(1, 4, 9)	A	A	1	None
576.0	576	1.0	1	193.0	G#5	80.0	True	Violoncello	1	193.0	1.5	377.0	V	True	('E', 'G#', 'B')	E	E	0.0	major triad	(4, 8, 11)	A	A	5	None
576.0	576	1.0	1	193.0	G#4	68.0	True	Violoncello	1	193.0	1.5	377.0	V	True	('E', 'G#', 'B')	E	E	0.0	major triad	(4, 8, 11)	A	A	5	None
576.0	576	1.0	1	193.0	E4	64.0	True	Violoncello	1	193.0	1.5	377.0	V	True	('E', 'G#', 'B')	E	E	0.0	major triad	(4, 8, 11)	A	A	5	None
576.0	576	1.0	1	193.0	E3	52.0	True	Violoncello	1	193.0	1.5	377.0	V	True	('E', 'G#', 'B')	E	E	0.0	major triad	(4, 8, 11)	A	A	5	None
577.0	577	0.5	1/2	193.0	F#3	54.0	True	Violoncello	1	193.0	1.5	377.0	V	False	('E', 'G#', 'B')	E	E	0.0	major triad	(4, 8, 11)	A	A	5	None
577.0	577	0.5	1/2	193.0	F#4	66.0	True	Violoncello	1	193.0	1.5	377.0	V	False	('E', 'G#', 'B')	E	E	0.0	major triad	(4, 8, 11)	A	A	5	None
577.0	577	0.5	1/2	193.0	F#5	78.0	True	Violoncello	1	193.0	1.5	377.0	V	False	('E', 'G#', 'B')	E	E	0.0	major triad	(4, 8, 11)	A	A	5	None
577.0	577	0.5	1/2	193.0	F#4	66.0	True	Violoncello	1	193.0	1.5	377.0	V	False	('E', 'G#', 'B')	E	E	0.0	major triad	(4, 8, 11)	A	A	5	None
577.5	1155/2	0.5	1/2	193.0	G3	55.0	True	Violoncello	1	193.0	1.5	378.0	v	True	('G', 'B', 'E')	G	E	1.0	minor triad	(4, 7, 11)	A	A	5	None
577.5	1155/2	1.0	1	193.0	E5	76.0	True	Violoncello	1	193.0	1.5	378.0	v	True	('G', 'B', 'E')	G	E	1.0	minor triad	(4, 7, 11)	A	A	5	None
577.5	1155/2	1.0	1	193.0	E4	64.0	True	Violoncello	1	193.0	1.5	378.0	v	True	('G', 'B', 'E')	G	E	1.0	minor triad	(4, 7, 11)	A	A	5	None
577.5	1155/2	0.5	1/2	193.0	G4	67.0	True	Violoncello	1	193.0	1.5	378.0	v	True	('G', 'B', 'E')	G	E	1.0	minor triad	(4, 7, 11)	A	A	5	None
578.0	578	0.5	1/2	193.0	F#4	66.0	True	Violoncello	1	193.0	1.5	378.0	v	False	('G', 'B', 'E')	G	E	1.0	minor triad	(4, 7, 11)	A	A	5	None
578.0	578	0.5	1/2	193.0	F#3	54.0	True	Violoncello	1	193.0	1.5	378.0	v	False	('G', 'B', 'E')	G	E	1.0	minor triad	(4, 7, 11)	A	A	5	None
578.5	1157/2	0.5	1/2	193.0	E4	64.0	True	Violoncello	1	193.0	1.5	378.0	v	False	('G', 'B', 'E')	G	E	1.0	minor triad	(4, 7, 11)	A	A	5	None
578.5	1157/2	0.5	1/2	193.0	E3	52.0	True	Violoncello	1	193.0	1.5	378.0	v	False	('G', 'B', 'E')	G	E	1.0	minor triad	(4, 7, 11)	A	A	5	None
579.0	579	1.0	1	194.0	B4	71.0	True	Violoncello	1	194.0	1.5	379.0	ii	True	('D', 'F#', 'B')	D	B	1.0	minor triad	(2, 6, 11)	A	A	2	None
579.0	579	1.0	1	194.0	D4	62.0	True	Violoncello	1	194.0	1.5	379.0	ii	True	('D', 'F#', 'B')	D	B	1.0	minor triad	(2, 6, 11)	A	A	2	None
579.0	579	1.0	1	194.0	D3	50.0	True	Violoncello	1	194.0	1.5	379.0	ii	True	('D', 'F#', 'B')	D	B	1.0	minor triad	(2, 6, 11)	A	A	2	None
579.0	579	1.0	1	194.0	B5	83.0	True	Violoncello	1	194.0	1.5	379.0	ii	True	('D', 'F#', 'B')	D	B	1.0	minor triad	(2, 6, 11)	A	A	2	None
580.0	580	0.5	1/2	194.0	C#6	85.0	True	Violoncello	1	194.0	1.5	379.0	ii	False	('D', 'F#', 'B')	D	B	1.0	minor triad	(2, 6, 11)	A	A	2	None
580.0	580	0.5	1/2	194.0	C#5	73.0	True	Violoncello	1	194.0	1.5	379.0	ii	False	('D', 'F#', 'B')	D	B	1.0	minor triad	(2, 6, 11)	A	A	2	None
580.0	580	0.5	1/2	194.0	C#4	61.0	True	Violoncello	1	194.0	1.5	379.0	ii	False	('D', 'F#', 'B')	D	B	1.0	minor triad	(2, 6, 11)	A	A	2	None
580.0	580	0.5	1/2	194.0	C#3	49.0	True	Violoncello	1	194.0	1.5	379.0	ii	False	('D', 'F#', 'B')	D	B	1.0	minor triad	(2, 6, 11)	A	A	2	None
580.5	1161/2	1.0	1	194.0	B2	47.0	True	Violoncello	1	194.0	1.5	380.0	ii	True	('B', 'D', 'F#')	B	B	0.0	minor triad	(2, 6, 11)	A	A	2	None
580.5	1161/2	0.5	1/2	194.0	D6	86.0	True	Violoncello	1	194.0	1.5	380.0	ii	True	('B', 'D', 'F#')	B	B	0.0	minor triad	(2, 6, 11)	A	A	2	None
580.5	1161/2	0.5	1/2	194.0	D5	74.0	True	Violoncello	1	194.0	1.5	380.0	ii	True	('B', 'D', 'F#')	B	B	0.0	minor triad	(2, 6, 11)	A	A	2	None
580.5	1161/2	1.0	1	194.0	B3	59.0	True	Violoncello	1	194.0	1.5	380.0	ii	True	('B', 'D', 'F#')	B	B	0.0	minor triad	(2, 6, 11)	A	A	2	None
581.0	581	0.5	1/2	194.0	C#6	85.0	True	Violoncello	1	194.0	1.5	380.0	ii	False	('B', 'D', 'F#')	B	B	0.0	minor triad	(2, 6, 11)	A	A	2	None
581.0	581	0.5	1/2	194.0	C#5	73.0	True	Violoncello	1	194.0	1.5	380.0	ii	False	('B', 'D', 'F#')	B	B	0.0	minor triad	(2, 6, 11)	A	A	2	None
581.5	1163/2	0.5	1/2	194.0	B5	83.0	True	Violoncello	1	194.0	1.5	380.0	ii	False	('B', 'D', 'F#')	B	B	0.0	minor triad	(2, 6, 11)	A	A	2	None
581.5	1163/2	0.5	1/2	194.0	B4	71.0	True	Violoncello	1	194.0	1.5	380.0	ii	False	('B', 'D', 'F#')	B	B	0.0	minor triad	(2, 6, 11)	A	A	2	None
582.0	582	1.0	1	195.0	A4	69.0	True	Violoncello	1	195.0	1.5	381.0	vi	True	('F#', 'A', 'C#')	F#	F#	0.0	minor triad	(1, 6, 9)	A	A	6	None
582.0	582	1.0	1	195.0	A5	81.0	True	Violoncello	1	195.0	1.5	381.0	vi	True	('F#', 'A', 'C#')	F#	F#	0.0	minor triad	(1, 6, 9)	A	A	6	None
582.0	582	1.0	1	195.0	F#3	54.0	True	Violoncello	1	195.0	1.5	381.0	vi	True	('F#', 'A', 'C#')	F#	F#	0.0	minor triad	(1, 6, 9)	A	A	6	None
582.0	582	1.0	1	195.0	F#4	66.0	True	Violoncello	1	195.0	1.5	381.0	vi	True	('F#', 'A', 'C#')	F#	F#	0.0	minor triad	(1, 6, 9)	A	A	6	None
583.0	583	0.5	1/2	195.0	G#3	56.0	True	Violoncello	1	195.0	1.5	381.0	vi	False	('F#', 'A', 'C#')	F#	F#	0.0	minor triad	(1, 6, 9)	A	A	6	None
583.0	583	0.5	1/2	195.0	G#5	80.0	True	Violoncello	1	195.0	1.5	381.0	vi	False	('F#', 'A', 'C#')	F#	F#	0.0	minor triad	(1, 6, 9)	A	A	6	None
583.0	583	0.5	1/2	195.0	G#4	68.0	True	Violoncello	1	195.0	1.5	381.0	vi	False	('F#', 'A', 'C#')	F#	F#	0.0	minor triad	(1, 6, 9)	A	A	6	None
583.0	583	0.5	1/2	195.0	G#4	68.0	True	Violoncello	1	195.0	1.5	381.0	vi	False	('F#', 'A', 'C#')	F#	F#	0.0	minor triad	(1, 6, 9)	A	A	6	None
583.5	1167/2	1.0	1	195.0	F#5	78.0	True	Violoncello	1	195.0	1.5	382.0	vi	True	('A', 'C#', 'F#')	A	F#	1.0	minor triad	(1, 6, 9)	A	A	6	None
583.5	1167/2	1.0	1	195.0	F#4	66.0	True	Violoncello	1	195.0	1.5	382.0	vi	True	('A', 'C#', 'F#')	A	F#	1.0	minor triad	(1, 6, 9)	A	A	6	None
583.5	1167/2	0.5	1/2	195.0	A4	69.0	True	Violoncello	1	195.0	1.5	382.0	vi	True	('A', 'C#', 'F#')	A	F#	1.0	minor triad	(1, 6, 9)	A	A	6	None
583.5	1167/2	0.5	1/2	195.0	A3	57.0	True	Violoncello	1	195.0	1.5	382.0	vi	True	('A', 'C#', 'F#')	A	F#	1.0	minor triad	(1, 6, 9)	A	A	6	None
584.0	584	0.5	1/2	195.0	G#4	68.0	True	Violoncello	1	195.0	1.5	382.0	vi	False	('A', 'C#', 'F#')	A	F#	1.0	minor triad	(1, 6, 9)	A	A	6	None
584.0	584	0.5	1/2	195.0	G#3	56.0	True	Violoncello	1	195.0	1.5	382.0	vi	False	('A', 'C#', 'F#')	A	F#	1.0	minor triad	(1, 6, 9)	A	A	6	None
584.5	1169/2	0.5	1/2	195.0	F#4	66.0	True	Violoncello	1	195.0	1.5	382.0	vi	False	('A', 'C#', 'F#')	A	F#	1.0	minor triad	(1, 6, 9)	A	A	6	None
584.5	1169/2	0.5	1/2	195.0	F#3	54.0	True	Violoncello	1	195.0	1.5	382.0	vi	False	('A', 'C#', 'F#')	A	F#	1.0	minor triad	(1, 6, 9)	A	A	6	None
585.0	585	1.0	1	196.0	C#6	85.0	True	Violoncello	1	196.0	1.5	383.0	iii	True	('E', 'G#', 'C#')	E	C#	1.0	minor triad	(1, 4, 8)	A	A	3	None
585.0	585	1.0	1	196.0	C#5	73.0	True	Violoncello	1	196.0	1.5	383.0	iii	True	('E', 'G#', 'C#')	E	C#	1.0	minor triad	(1, 4, 8)	A	A	3	None
585.0	585	1.0	1	196.0	E4	64.0	True	Violoncello	1	196.0	1.5	383.0	iii	True	('E', 'G#', 'C#')	E	C#	1.0	minor triad	(1, 4, 8)	A	A	3	None
585.0	585	1.0	1	196.0	E3	52.0	True	Violoncello	1	196.0	1.5	383.0	iii	True	('E', 'G#', 'C#')	E	C#	1.0	minor triad	(1, 4, 8)	A	A	3	None
586.0	586	0.5	1/2	196.0	D#3	51.0	True	Violoncello	1	196.0	1.5	383.0	iii	False	('E', 'G#', 'C#')	E	C#	1.0	minor triad	(1, 4, 8)	A	A	3	None
586.0	586	0.5	1/2	196.0	D#4	63.0	True	Violoncello	1	196.0	1.5	383.0	iii	False	('E', 'G#', 'C#')	E	C#	1.0	minor triad	(1, 4, 8)	A	A	3	None
586.0	586	0.5	1/2	196.0	D#6	87.0	True	Violoncello	1	196.0	1.5	383.0	iii	False	('E', 'G#', 'C#')	E	C#	1.0	minor triad	(1, 4, 8)	A	A	3	None
586.0	586	0.5	1/2	196.0	D#5	75.0	True	Violoncello	1	196.0	1.5	383.0	iii	False	('E', 'G#', 'C#')	E	C#	1.0	minor triad	(1, 4, 8)	A	A	3	None
586.5	1173/2	1.0	1	196.0	C#3	49.0	True	Violoncello	1	196.0	1.5	384.0	iii	True	('C#', 'E', 'G#')	C#	C#	0.0	minor triad	(1, 4, 8)	A	A	3	None
586.5	1173/2	0.5	1/2	196.0	E6	88.0	True	Violoncello	1	196.0	1.5	384.0	iii	True	('C#', 'E', 'G#')	C#	C#	0.0	minor triad	(1, 4, 8)	A	A	3	None
586.5	1173/2	0.5	1/2	196.0	E5	76.0	True	Violoncello	1	196.0	1.5	384.0	iii	True	('C#', 'E', 'G#')	C#	C#	0.0	minor triad	(1, 4, 8)	A	A	3	None
586.5	1173/2	1.5	3/2	196.0	C#4	61.0	True	Violoncello	1	196.0	1.5	384.0	iii	True	('C#', 'E', 'G#')	C#	C#	0.0	minor triad	(1, 4, 8)	A	A	3	None
587.0	587	0.5	1/2	196.0	E6	88.0	True	Violoncello	1	196.0	1.5	384.0	iii	False	('C#', 'E', 'G#')	C#	C#	0.0	minor triad	(1, 4, 8)	A	A	3	None
587.0	587	0.5	1/2	196.0	D#5	75.0	True	Violoncello	1	196.0	1.5	384.0	iii	False	('C#', 'E', 'G#')	C#	C#	0.0	minor triad	(1, 4, 8)	A	A	3	None
587.5	1175/2	0.5	1/2	196.0	E6	88.0	True	Violoncello	1	196.0	1.5	384.0	iii	False	('C#', 'E', 'G#')	C#	C#	0.0	minor triad	(1, 4, 8)	A	A	3	None
587.5	1175/2	0.5	1/2	196.0	C#5	73.0	True	Violoncello	1	196.0	1.5	384.0	iii	False	('C#', 'E', 'G#')	C#	C#	0.0	minor triad	(1, 4, 8)	A	A	3	None
588.0	588	1.0	1	197.0	D5	74.0	True	Violoncello	1	197.0	1.5	385.0	V7	True	('E', 'G#', 'B', 'D')	E	E	0.0	dominant seventh chord	(2, 4, 8, 11)	A	A	5	None
588.0	588	1.0	1	197.0	G#3	56.0	True	Violoncello	1	197.0	1.5	385.0	V7	True	('E', 'G#', 'B', 'D')	E	E	0.0	dominant seventh chord	(2, 4, 8, 11)	A	A	5	None
588.0	588	1.0	1	197.0	E3	52.0	True	Violoncello	1	197.0	1.5	385.0	V7	True	('E', 'G#', 'B', 'D')	E	E	0.0	dominant seventh chord	(2, 4, 8, 11)	A	A	5	None
588.0	588	3.0	3	197.0	E6	88.0	True	Violoncello	1	197.0	1.5	385.0	V7	True	('E', 'G#', 'B', 'D')	E	E	0.0	dominant seventh chord	(2, 4, 8, 11)	A	A	5	None
589.0	589	0.5	1/2	197.0	C#5	73.0	True	Violoncello	1	197.0	1.5	385.0	V7	False	('E', 'G#', 'B', 'D')	E	E	0.0	dominant seventh chord	(2, 4, 8, 11)	A	A	5	None
589.0	589	0.5	1/2	197.0	A3	57.0	True	Violoncello	1	197.0	1.5	385.0	V7	False	('E', 'G#', 'B', 'D')	E	E	0.0	dominant seventh chord	(2, 4, 8, 11)	A	A	5	None
589.0	589	0.5	1/2	197.0	F#3	54.0	True	Violoncello	1	197.0	1.5	385.0	V7	False	('E', 'G#', 'B', 'D')	E	E	0.0	dominant seventh chord	(2, 4, 8, 11)	A	A	5	None
589.5	1179/2	0.5	1/2	197.0	G#3	56.0	True	Violoncello	1	197.0	1.5	386.0	V7	True	('G#', 'B', 'D', 'E')	G#	E	1.0	dominant seventh chord	(2, 4, 8, 11)	A	A	5	None
589.5	1179/2	0.5	1/2	197.0	B4	71.0	True	Violoncello	1	197.0	1.5	386.0	V7	True	('G#', 'B', 'D', 'E')	G#	E	1.0	dominant seventh chord	(2, 4, 8, 11)	A	A	5	None
589.5	1179/2	0.5	1/2	197.0	B3	59.0	True	Violoncello	1	197.0	1.5	386.0	V7	True	('G#', 'B', 'D', 'E')	G#	E	1.0	dominant seventh chord	(2, 4, 8, 11)	A	A	5	None
590.0	590	0.5	1/2	197.0	A4	69.0	True	Violoncello	1	197.0	1.5	386.0	V7	False	('G#', 'B', 'D', 'E')	G#	E	1.0	dominant seventh chord	(2, 4, 8, 11)	A	A	5	None
590.0	590	0.5	1/2	197.0	A3	57.0	True	Violoncello	1	197.0	1.5	386.0	V7	False	('G#', 'B', 'D', 'E')	G#	E	1.0	dominant seventh chord	(2, 4, 8, 11)	A	A	5	None
590.0	590	0.5	1/2	197.0	C#4	61.0	True	Violoncello	1	197.0	1.5	386.0	V7	False	('G#', 'B', 'D', 'E')	G#	E	1.0	dominant seventh chord	(2, 4, 8, 11)	A	A	5	None
590.5	1181/2	0.5	1/2	197.0	G#4	68.0	True	Violoncello	1	197.0	1.5	386.0	V7	False	('G#', 'B', 'D', 'E')	G#	E	1.0	dominant seventh chord	(2, 4, 8, 11)	A	A	5	None
590.5	1181/2	0.5	1/2	197.0	D4	62.0	True	Violoncello	1	197.0	1.5	386.0	V7	False	('G#', 'B', 'D', 'E')	G#	E	1.0	dominant seventh chord	(2, 4, 8, 11)	A	A	5	None
590.5	1181/2	0.5	1/2	197.0	B3	59.0	True	Violoncello	1	197.0	1.5	386.0	V7	False	('G#', 'B', 'D', 'E')	G#	E	1.0	dominant seventh chord	(2, 4, 8, 11)	A	A	5	None
591.0	591	3.0	3	198.0	E6	88.0	True	Violoncello	1	198.0	1.5	387.0	V7	True	('E', 'G#', 'B', 'D')	E	E	0.0	dominant seventh chord	(2, 4, 8, 11)	A	A	5	None
591.0	591	1.0	1	198.0	D5	74.0	True	Violoncello	1	198.0	1.5	387.0	V7	True	('E', 'G#', 'B', 'D')	E	E	0.0	dominant seventh chord	(2, 4, 8, 11)	A	A	5	None
591.0	591	1.0	1	198.0	G#3	56.0	True	Violoncello	1	198.0	1.5	387.0	V7	True	('E', 'G#', 'B', 'D')	E	E	0.0	dominant seventh chord	(2, 4, 8, 11)	A	A	5	None
591.0	591	1.0	1	198.0	E3	52.0	True	Violoncello	1	198.0	1.5	387.0	V7	True	('E', 'G#', 'B', 'D')	E	E	0.0	dominant seventh chord	(2, 4, 8, 11)	A	A	5	None
592.0	592	0.5	1/2	198.0	C#5	73.0	True	Violoncello	1	198.0	1.5	387.0	V7	False	('E', 'G#', 'B', 'D')	E	E	0.0	dominant seventh chord	(2, 4, 8, 11)	A	A	5	None
592.0	592	0.5	1/2	198.0	F#3	54.0	True	Violoncello	1	198.0	1.5	387.0	V7	False	('E', 'G#', 'B', 'D')	E	E	0.0	dominant seventh chord	(2, 4, 8, 11)	A	A	5	None
592.0	592	0.5	1/2	198.0	A3	57.0	True	Violoncello	1	198.0	1.5	387.0	V7	False	('E', 'G#', 'B', 'D')	E	E	0.0	dominant seventh chord	(2, 4, 8, 11)	A	A	5	None
592.5	1185/2	0.5	1/2	198.0	B4	71.0	True	Violoncello	1	198.0	1.5	388.0	V7	True	('G#', 'B', 'D', 'E')	G#	E	1.0	dominant seventh chord	(2, 4, 8, 11)	A	A	5	None
592.5	1185/2	0.5	1/2	198.0	B3	59.0	True	Violoncello	1	198.0	1.5	388.0	V7	True	('G#', 'B', 'D', 'E')	G#	E	1.0	dominant seventh chord	(2, 4, 8, 11)	A	A	5	None
592.5	1185/2	0.5	1/2	198.0	G#3	56.0	True	Violoncello	1	198.0	1.5	388.0	V7	True	('G#', 'B', 'D', 'E')	G#	E	1.0	dominant seventh chord	(2, 4, 8, 11)	A	A	5	None
593.0	593	0.5	1/2	198.0	A4	69.0	True	Violoncello	1	198.0	1.5	388.0	V7	False	('G#', 'B', 'D', 'E')	G#	E	1.0	dominant seventh chord	(2, 4, 8, 11)	A	A	5	None
593.0	593	0.5	1/2	198.0	C#4	61.0	True	Violoncello	1	198.0	1.5	388.0	V7	False	('G#', 'B', 'D', 'E')	G#	E	1.0	dominant seventh chord	(2, 4, 8, 11)	A	A	5	None
593.0	593	0.5	1/2	198.0	A3	57.0	True	Violoncello	1	198.0	1.5	388.0	V7	False	('G#', 'B', 'D', 'E')	G#	E	1.0	dominant seventh chord	(2, 4, 8, 11)	A	A	5	None
593.5	1187/2	0.5	1/2	198.0	B3	59.0	True	Violoncello	1	198.0	1.5	388.0	V7	False	('G#', 'B', 'D', 'E')	G#	E	1.0	dominant seventh chord	(2, 4, 8, 11)	A	A	5	None
593.5	1187/2	0.5	1/2	198.0	G#4	68.0	True	Violoncello	1	198.0	1.5	388.0	V7	False	('G#', 'B', 'D', 'E')	G#	E	1.0	dominant seventh chord	(2, 4, 8, 11)	A	A	5	None
593.5	1187/2	0.5	1/2	198.0	D4	62.0	True	Violoncello	1	198.0	1.5	388.0	V7	False	('G#', 'B', 'D', 'E')	G#	E	1.0	dominant seventh chord	(2, 4, 8, 11)	A	A	5	None
594.0	594	0.5	1/2	199.0	B3	59.0	True	Violoncello	1	199.0	1.5	389.0	V7	True	('B', 'D', 'E', 'G#')	B	E	2.0	dominant seventh chord	(2, 4, 8, 11)	A	A	5	None
594.0	594	0.5	1/2	199.0	E6	88.0	True	Violoncello	1	199.0	1.5	389.0	V7	True	('B', 'D', 'E', 'G#')	B	E	2.0	dominant seventh chord	(2, 4, 8, 11)	A	A	5	None
594.0	594	0.5	1/2	199.0	D5	74.0	True	Violoncello	1	199.0	1.5	389.0	V7	True	('B', 'D', 'E', 'G#')	B	E	2.0	dominant seventh chord	(2, 4, 8, 11)	A	A	5	None
594.0	594	0.5	1/2	199.0	G#3	56.0	True	Violoncello	1	199.0	1.5	389.0	V7	True	('B', 'D', 'E', 'G#')	B	E	2.0	dominant seventh chord	(2, 4, 8, 11)	A	A	5	None
594.5	1189/2	0.5	1/2	199.0	G#5	80.0	True	Violoncello	1	199.0	1.5	389.0	V7	False	('B', 'D', 'E', 'G#')	B	E	2.0	dominant seventh chord	(2, 4, 8, 11)	A	A	5	None
594.5	1189/2	0.5	1/2	199.0	D5	74.0	True	Violoncello	1	199.0	1.5	389.0	V7	False	('B', 'D', 'E', 'G#')	B	E	2.0	dominant seventh chord	(2, 4, 8, 11)	A	A	5	None
594.5	1189/2	0.5	1/2	199.0	E4	64.0	True	Violoncello	1	199.0	1.5	389.0	V7	False	('B', 'D', 'E', 'G#')	B	E	2.0	dominant seventh chord	(2, 4, 8, 11)	A	A	5	None
594.5	1189/2	0.5	1/2	199.0	B3	59.0	True	Violoncello	1	199.0	1.5	389.0	V7	False	('B', 'D', 'E', 'G#')	B	E	2.0	dominant seventh chord	(2, 4, 8, 11)	A	A	5	None
595.0	595	0.5	1/2	199.0	C#5	73.0	True	Violoncello	1	199.0	1.5	389.0	V7	False	('B', 'D', 'E', 'G#')	B	E	2.0	dominant seventh chord	(2, 4, 8, 11)	A	A	5	None
595.0	595	0.5	1/2	199.0	E4	64.0	True	Violoncello	1	199.0	1.5	389.0	V7	False	('B', 'D', 'E', 'G#')	B	E	2.0	dominant seventh chord	(2, 4, 8, 11)	A	A	5	None
595.0	595	0.5	1/2	199.0	A3	57.0	True	Violoncello	1	199.0	1.5	389.0	V7	False	('B', 'D', 'E', 'G#')	B	E	2.0	dominant seventh chord	(2, 4, 8, 11)	A	A	5	None
595.0	595	0.5	1/2	199.0	A5	81.0	True	Violoncello	1	199.0	1.5	389.0	V7	False	('B', 'D', 'E', 'G#')	B	E	2.0	dominant seventh chord	(2, 4, 8, 11)	A	A	5	None
595.5	1191/2	0.5	1/2	199.0	B5	83.0	True	Violoncello	1	199.0	1.5	390.0	V7	True	('G#', 'B', 'D', 'E')	G#	E	1.0	dominant seventh chord	(2, 4, 8, 11)	A	A	5	None
595.5	1191/2	0.5	1/2	199.0	B4	71.0	True	Violoncello	1	199.0	1.5	390.0	V7	True	('G#', 'B', 'D', 'E')	G#	E	1.0	dominant seventh chord	(2, 4, 8, 11)	A	A	5	None
595.5	1191/2	0.5	1/2	199.0	E4	64.0	True	Violoncello	1	199.0	1.5	390.0	V7	True	('G#', 'B', 'D', 'E')	G#	E	1.0	dominant seventh chord	(2, 4, 8, 11)	A	A	5	None
595.5	1191/2	0.5	1/2	199.0	G#3	56.0	True	Violoncello	1	199.0	1.5	390.0	V7	True	('G#', 'B', 'D', 'E')	G#	E	1.0	dominant seventh chord	(2, 4, 8, 11)	A	A	5	None
596.0	596	0.5	1/2	199.0	F#3	54.0	True	Violoncello	1	199.0	1.5	390.0	V7	False	('G#', 'B', 'D', 'E')	G#	E	1.0	dominant seventh chord	(2, 4, 8, 11)	A	A	5	None
596.0	596	0.5	1/2	199.0	C#6	85.0	True	Violoncello	1	199.0	1.5	390.0	V7	False	('G#', 'B', 'D', 'E')	G#	E	1.0	dominant seventh chord	(2, 4, 8, 11)	A	A	5	None
596.0	596	0.5	1/2	199.0	A4	69.0	True	Violoncello	1	199.0	1.5	390.0	V7	False	('G#', 'B', 'D', 'E')	G#	E	1.0	dominant seventh chord	(2, 4, 8, 11)	A	A	5	None
596.0	596	0.5	1/2	199.0	E4	64.0	True	Violoncello	1	199.0	1.5	390.0	V7	False	('G#', 'B', 'D', 'E')	G#	E	1.0	dominant seventh chord	(2, 4, 8, 11)	A	A	5	None
596.5	1193/2	0.5	1/2	199.0	E4	64.0	True	Violoncello	1	199.0	1.5	390.0	V7	False	('G#', 'B', 'D', 'E')	G#	E	1.0	dominant seventh chord	(2, 4, 8, 11)	A	A	5	None
596.5	1193/2	0.5	1/2	199.0	G#4	68.0	True	Violoncello	1	199.0	1.5	390.0	V7	False	('G#', 'B', 'D', 'E')	G#	E	1.0	dominant seventh chord	(2, 4, 8, 11)	A	A	5	None
596.5	1193/2	0.5	1/2	199.0	D6	86.0	True	Violoncello	1	199.0	1.5	390.0	V7	False	('G#', 'B', 'D', 'E')	G#	E	1.0	dominant seventh chord	(2, 4, 8, 11)	A	A	5	None
596.5	1193/2	0.5	1/2	199.0	E3	52.0	True	Violoncello	1	199.0	1.5	390.0	V7	False	('G#', 'B', 'D', 'E')	G#	E	1.0	dominant seventh chord	(2, 4, 8, 11)	A	A	5	None
597.0	597	1.5	3/2	200.0	C#6	85.0	True	Violoncello	1	200.0	1.5	391.0	I	True	('A', 'C#', 'E')	A	A	0.0	major triad	(1, 4, 9)	A	A	1	None
597.0	597	0.5	1/2	200.0	A4	69.0	True	Violoncello	1	200.0	1.5	391.0	I	True	('A', 'C#', 'E')	A	A	0.0	major triad	(1, 4, 9)	A	A	1	None
597.0	597	1.0	1	200.0	E4	64.0	True	Violoncello	1	200.0	1.5	391.0	I	True	('A', 'C#', 'E')	A	A	0.0	major triad	(1, 4, 9)	A	A	1	None
597.0	597	1.0	1	200.0	A3	57.0	True	Violoncello	1	200.0	1.5	391.0	I	True	('A', 'C#', 'E')	A	A	0.0	major triad	(1, 4, 9)	A	A	1	None
597.5	1195/2	0.5	1/2	200.0	A4	69.0	True	Violoncello	1	200.0	1.5	391.0	I	False	('A', 'C#', 'E')	A	A	0.0	major triad	(1, 4, 9)	A	A	1	None
598.0	598	0.5	1/2	200.0	A5	81.0	True	Violoncello	1	200.0	1.5	391.0	I	False	('A', 'C#', 'E')	A	A	0.0	major triad	(1, 4, 9)	A	A	1	None
598.5	1197/2	1.5	3/2	200.0	D6	86.0	True	Violoncello	1	200.0	1.5	392.0	IV	True	('F#', 'A', 'D')	F#	D	1.0	major triad	(2, 6, 9)	A	A	4	None
598.5	1197/2	1.0	1	200.0	A3	57.0	True	Violoncello	1	200.0	1.5	392.0	IV	True	('F#', 'A', 'D')	F#	D	1.0	major triad	(2, 6, 9)	A	A	4	None
598.5	1197/2	1.0	1	200.0	F#3	54.0	True	Violoncello	1	200.0	1.5	392.0	IV	True	('F#', 'A', 'D')	F#	D	1.0	major triad	(2, 6, 9)	A	A	4	None
599.0	599	0.5	1/2	200.0	A4	69.0	True	Violoncello	1	200.0	1.5	392.0	IV	False	('F#', 'A', 'D')	F#	D	1.0	major triad	(2, 6, 9)	A	A	4	None
599.5	1199/2	0.5	1/2	200.0	A5	81.0	True	Violoncello	1	200.0	1.5	392.0	IV	False	('F#', 'A', 'D')	F#	D	1.0	major triad	(2, 6, 9)	A	A	4	None
600.0	600	1.5	3/2	201.0	E6	88.0	True	Violoncello	1	201.0	1.5	393.0	I	True	('C#', 'E', 'A')	C#	A	1.0	major triad	(1, 4, 9)	A	A	1	None
600.0	600	1.0	1	201.0	A3	57.0	True	Violoncello	1	201.0	1.5	393.0	I	True	('C#', 'E', 'A')	C#	A	1.0	major triad	(1, 4, 9)	A	A	1	None
600.0	600	1.0	1	201.0	C#3	49.0	True	Violoncello	1	201.0	1.5	393.0	I	True	('C#', 'E', 'A')	C#	A	1.0	major triad	(1, 4, 9)	A	A	1	None
600.5	1201/2	0.5	1/2	201.0	A4	69.0	True	Violoncello	1	201.0	1.5	393.0	I	False	('C#', 'E', 'A')	C#	A	1.0	major triad	(1, 4, 9)	A	A	1	None
601.0	601	0.5	1/2	201.0	A5	81.0	True	Violoncello	1	201.0	1.5	393.0	I	False	('C#', 'E', 'A')	C#	A	1.0	major triad	(1, 4, 9)	A	A	1	None
601.5	1203/2	1.0	1	201.0	D#3	51.0	True	Violoncello	1	201.0	1.5	394.0	V7/V	True	('D#', 'F#', 'A', 'B')	D#	B	1.0	dominant seventh chord	(3, 6, 9, 11)	A	E	5	5
601.5	1203/2	1.0	1	201.0	A3	57.0	True	Violoncello	1	201.0	1.5	394.0	V7/V	True	('D#', 'F#', 'A', 'B')	D#	B	1.0	dominant seventh chord	(3, 6, 9, 11)	A	E	5	5
601.5	1203/2	1.5	3/2	201.0	F#6	90.0	True	Violoncello	1	201.0	1.5	394.0	V7/V	True	('D#', 'F#', 'A', 'B')	D#	B	1.0	dominant seventh chord	(3, 6, 9, 11)	A	E	5	5
602.0	602	0.5	1/2	201.0	A4	69.0	True	Violoncello	1	201.0	1.5	394.0	V7/V	False	('D#', 'F#', 'A', 'B')	D#	B	1.0	dominant seventh chord	(3, 6, 9, 11)	A	E	5	5
602.5	1205/2	0.5	1/2	201.0	A5	81.0	True	Violoncello	1	201.0	1.5	394.0	V7/V	False	('D#', 'F#', 'A', 'B')	D#	B	1.0	dominant seventh chord	(3, 6, 9, 11)	A	E	5	5
603.0	603	1.5	3/2	202.0	C#4	61.0	True	Violoncello	1	202.0	2.0	395.0	I	True	('E', 'A', 'C#')	E	A	2.0	major triad	(1, 4, 9)	A	A	1	None
603.0	603	1.5	3/2	202.0	A3	57.0	True	Violoncello	1	202.0	2.0	395.0	I	True	('E', 'A', 'C#')	E	A	2.0	major triad	(1, 4, 9)	A	A	1	None
603.0	603	0.5	1/2	202.0	E3	52.0	True	Violoncello	1	202.0	2.0	395.0	I	True	('E', 'A', 'C#')	E	A	2.0	major triad	(1, 4, 9)	A	A	1	None
603.0	603	1.5	3/2	202.0	E4	64.0	True	Violoncello	1	202.0	2.0	395.0	I	True	('E', 'A', 'C#')	E	A	2.0	major triad	(1, 4, 9)	A	A	1	None
603.5	1207/2	0.5	1/2	202.0	C#3	49.0	True	Violoncello	1	202.0	2.0	395.0	I	False	('E', 'A', 'C#')	E	A	2.0	major triad	(1, 4, 9)	A	A	1	None
604.0	604	0.5	1/2	202.0	A2	45.0	True	Violoncello	1	202.0	2.0	395.0	I	False	('E', 'A', 'C#')	E	A	2.0	major triad	(1, 4, 9)	A	A	1	None
604.5	1209/2	0.5	1/2	202.0	C#4	61.0	False	Violoncello	1	202.0	2.0	395.0	I	False	('E', 'A', 'C#')	E	A	2.0	major triad	(1, 4, 9)	A	A	1	None
604.5	1209/2	0.5	1/2	202.0	A3	57.0	False	Violoncello	1	202.0	2.0	395.0	I	False	('E', 'A', 'C#')	E	A	2.0	major triad	(1, 4, 9)	A	A	1	None
604.5	1209/2	0.5	1/2	202.0	E2	40.0	True	Violoncello	1	202.0	2.0	395.0	I	False	('E', 'A', 'C#')	E	A	2.0	major triad	(1, 4, 9)	A	A	1	None
604.5	1209/2	0.5	1/2	202.0	E4	64.0	False	Violoncello	1	202.0	2.0	395.0	I	False	('E', 'A', 'C#')	E	A	2.0	major triad	(1, 4, 9)	A	A	1	None
605.0	605	0.5	1/2	202.0	D6	86.0	True	Violoncello	1	202.0	1.0	396.0	V7	True	('E', 'G#', 'B', 'D')	E	E	0.0	dominant seventh chord	(2, 4, 8, 11)	A	A	5	None
605.0	605	0.5	1/2	202.0	D4	62.0	True	Violoncello	1	202.0	1.0	396.0	V7	True	('E', 'G#', 'B', 'D')	E	E	0.0	dominant seventh chord	(2, 4, 8, 11)	A	A	5	None
605.0	605	0.5	1/2	202.0	B3	59.0	True	Violoncello	1	202.0	1.0	396.0	V7	True	('E', 'G#', 'B', 'D')	E	E	0.0	dominant seventh chord	(2, 4, 8, 11)	A	A	5	None
605.0	605	0.5	1/2	202.0	E2	40.0	True	Violoncello	1	202.0	1.0	396.0	V7	True	('E', 'G#', 'B', 'D')	E	E	0.0	dominant seventh chord	(2, 4, 8, 11)	A	A	5	None
605.5	1211/2	0.5	1/2	202.0	E2	40.0	True	Violoncello	1	202.0	1.0	396.0	V7	False	('E', 'G#', 'B', 'D')	E	E	0.0	dominant seventh chord	(2, 4, 8, 11)	A	A	5	None
605.5	1211/2	0.5	1/2	202.0	D4	62.0	True	Violoncello	1	202.0	1.0	396.0	V7	False	('E', 'G#', 'B', 'D')	E	E	0.0	dominant seventh chord	(2, 4, 8, 11)	A	A	5	None
605.5	1211/2	0.5	1/2	202.0	G#5	80.0	True	Violoncello	1	202.0	1.0	396.0	V7	False	('E', 'G#', 'B', 'D')	E	E	0.0	dominant seventh chord	(2, 4, 8, 11)	A	A	5	None
605.5	1211/2	0.5	1/2	202.0	B3	59.0	True	Violoncello	1	202.0	1.0	396.0	V7	False	('E', 'G#', 'B', 'D')	E	E	0.0	dominant seventh chord	(2, 4, 8, 11)	A	A	5	None
606.0	606	1.0	1	203.0	A2	45.0	True	Violoncello	1	203.0	3.0	397.0	I	True	('A', 'C#', 'E')	A	A	0.0	major triad	(1, 4, 9)	A	A	1	None
606.0	606	0.25	1/4	203.0	A5	81.0	True	Violoncello	1	203.0	3.0	397.0	I	True	('A', 'C#', 'E')	A	A	0.0	major triad	(1, 4, 9)	A	A	1	None
606.0	606	1.0	1	203.0	A3	57.0	True	Violoncello	1	203.0	3.0	397.0	I	True	('A', 'C#', 'E')	A	A	0.0	major triad	(1, 4, 9)	A	A	1	None
606.0	606	1.0	1	203.0	C#4	61.0	True	Violoncello	1	203.0	3.0	397.0	I	True	('A', 'C#', 'E')	A	A	0.0	major triad	(1, 4, 9)	A	A	1	None
606.25	2425/4	0.25	1/4	203.0	C#6	85.0	True	Violoncello	1	203.0	3.0	397.0	I	False	('A', 'C#', 'E')	A	A	0.0	major triad	(1, 4, 9)	A	A	1	None
606.5	1213/2	0.25	1/4	203.0	E6	88.0	True	Violoncello	1	203.0	3.0	397.0	I	False	('A', 'C#', 'E')	A	A	0.0	major triad	(1, 4, 9)	A	A	1	None
606.75	2427/4	0.25	1/4	203.0	C#6	85.0	True	Violoncello	1	203.0	3.0	397.0	I	False	('A', 'C#', 'E')	A	A	0.0	major triad	(1, 4, 9)	A	A	1	None
607.0	607	0.25	1/4	203.0	A5	81.0	True	Violoncello	1	203.0	3.0	397.0	I	False	('A', 'C#', 'E')	A	A	0.0	major triad	(1, 4, 9)	A	A	1	None
607.25	2429/4	0.25	1/4	203.0	C#6	85.0	True	Violoncello	1	203.0	3.0	397.0	I	False	('A', 'C#', 'E')	A	A	0.0	major triad	(1, 4, 9)	A	A	1	None
607.5	1215/2	0.25	1/4	203.0	E5	76.0	True	Violoncello	1	203.0	3.0	397.0	I	False	('A', 'C#', 'E')	A	A	0.0	major triad	(1, 4, 9)	A	A	1	None
607.75	2431/4	0.25	1/4	203.0	A5	81.0	True	Violoncello	1	203.0	3.0	397.0	I	False	('A', 'C#', 'E')	A	A	0.0	major triad	(1, 4, 9)	A	A	1	None
608.0	608	0.25	1/4	203.0	C#5	73.0	True	Violoncello	1	203.0	3.0	397.0	I	False	('A', 'C#', 'E')	A	A	0.0	major triad	(1, 4, 9)	A	A	1	None
608.25	2433/4	0.25	1/4	203.0	E5	76.0	True	Violoncello	1	203.0	3.0	397.0	I	False	('A', 'C#', 'E')	A	A	0.0	major triad	(1, 4, 9)	A	A	1	None
608.5	1217/2	0.25	1/4	203.0	A4	69.0	True	Violoncello	1	203.0	3.0	397.0	I	False	('A', 'C#', 'E')	A	A	0.0	major triad	(1, 4, 9)	A	A	1	None
608.75	2435/4	0.25	1/4	203.0	C#5	73.0	True	Violoncello	1	203.0	3.0	397.0	I	False	('A', 'C#', 'E')	A	A	0.0	major triad	(1, 4, 9)	A	A	1	None
609.0	609	1.5	3/2	204.0	E4	64.0	True	Violoncello	1	204.0	2.0	398.0	I	True	('E', 'A', 'C#')	E	A	2.0	major triad	(1, 4, 9)	A	A	1	None
609.0	609	1.5	3/2	204.0	C#4	61.0	True	Violoncello	1	204.0	2.0	398.0	I	True	('E', 'A', 'C#')	E	A	2.0	major triad	(1, 4, 9)	A	A	1	None
609.0	609	1.5	3/2	204.0	A3	57.0	True	Violoncello	1	204.0	2.0	398.0	I	True	('E', 'A', 'C#')	E	A	2.0	major triad	(1, 4, 9)	A	A	1	None
609.0	609	0.5	1/2	204.0	E3	52.0	True	Violoncello	1	204.0	2.0	398.0	I	True	('E', 'A', 'C#')	E	A	2.0	major triad	(1, 4, 9)	A	A	1	None
609.5	1219/2	0.5	1/2	204.0	C#3	49.0	True	Violoncello	1	204.0	2.0	398.0	I	False	('E', 'A', 'C#')	E	A	2.0	major triad	(1, 4, 9)	A	A	1	None
610.0	610	0.5	1/2	204.0	A2	45.0	True	Violoncello	1	204.0	2.0	398.0	I	False	('E', 'A', 'C#')	E	A	2.0	major triad	(1, 4, 9)	A	A	1	None
610.5	1221/2	0.5	1/2	204.0	E4	64.0	False	Violoncello	1	204.0	2.0	398.0	I	False	('E', 'A', 'C#')	E	A	2.0	major triad	(1, 4, 9)	A	A	1	None
610.5	1221/2	0.5	1/2	204.0	C#4	61.0	False	Violoncello	1	204.0	2.0	398.0	I	False	('E', 'A', 'C#')	E	A	2.0	major triad	(1, 4, 9)	A	A	1	None
610.5	1221/2	0.5	1/2	204.0	A3	57.0	False	Violoncello	1	204.0	2.0	398.0	I	False	('E', 'A', 'C#')	E	A	2.0	major triad	(1, 4, 9)	A	A	1	None
610.5	1221/2	0.5	1/2	204.0	E2	40.0	True	Violoncello	1	204.0	2.0	398.0	I	False	('E', 'A', 'C#')	E	A	2.0	major triad	(1, 4, 9)	A	A	1	None
611.0	611	0.5	1/2	204.0	D4	62.0	True	Violoncello	1	204.0	1.0	399.0	V7	True	('E', 'G#', 'B', 'D')	E	E	0.0	dominant seventh chord	(2, 4, 8, 11)	A	A	5	None
611.0	611	0.5	1/2	204.0	B3	59.0	True	Violoncello	1	204.0	1.0	399.0	V7	True	('E', 'G#', 'B', 'D')	E	E	0.0	dominant seventh chord	(2, 4, 8, 11)	A	A	5	None
611.0	611	0.5	1/2	204.0	E2	40.0	True	Violoncello	1	204.0	1.0	399.0	V7	True	('E', 'G#', 'B', 'D')	E	E	0.0	dominant seventh chord	(2, 4, 8, 11)	A	A	5	None
611.0	611	0.5	1/2	204.0	D6	86.0	True	Violoncello	1	204.0	1.0	399.0	V7	True	('E', 'G#', 'B', 'D')	E	E	0.0	dominant seventh chord	(2, 4, 8, 11)	A	A	5	None
611.5	1223/2	0.5	1/2	204.0	E2	40.0	True	Violoncello	1	204.0	1.0	399.0	V7	False	('E', 'G#', 'B', 'D')	E	E	0.0	dominant seventh chord	(2, 4, 8, 11)	A	A	5	None
611.5	1223/2	0.5	1/2	204.0	D4	62.0	True	Violoncello	1	204.0	1.0	399.0	V7	False	('E', 'G#', 'B', 'D')	E	E	0.0	dominant seventh chord	(2, 4, 8, 11)	A	A	5	None
611.5	1223/2	0.5	1/2	204.0	G#5	80.0	True	Violoncello	1	204.0	1.0	399.0	V7	False	('E', 'G#', 'B', 'D')	E	E	0.0	dominant seventh chord	(2, 4, 8, 11)	A	A	5	None
611.5	1223/2	0.5	1/2	204.0	B3	59.0	True	Violoncello	1	204.0	1.0	399.0	V7	False	('E', 'G#', 'B', 'D')	E	E	0.0	dominant seventh chord	(2, 4, 8, 11)	A	A	5	None
612.0	612	0.25	1/4	205.0	A5	81.0	True	Violoncello	1	205.0	3.0	400.0	I	True	('A', 'C#', 'E')	A	A	0.0	major triad	(1, 4, 9)	A	A	1	None
612.0	612	1.0	1	205.0	A3	57.0	True	Violoncello	1	205.0	3.0	400.0	I	True	('A', 'C#', 'E')	A	A	0.0	major triad	(1, 4, 9)	A	A	1	None
612.0	612	1.0	1	205.0	A2	45.0	True	Violoncello	1	205.0	3.0	400.0	I	True	('A', 'C#', 'E')	A	A	0.0	major triad	(1, 4, 9)	A	A	1	None
612.0	612	1.0	1	205.0	C#4	61.0	True	Violoncello	1	205.0	3.0	400.0	I	True	('A', 'C#', 'E')	A	A	0.0	major triad	(1, 4, 9)	A	A	1	None
612.25	2449/4	0.25	1/4	205.0	C#6	85.0	True	Violoncello	1	205.0	3.0	400.0	I	False	('A', 'C#', 'E')	A	A	0.0	major triad	(1, 4, 9)	A	A	1	None
612.5	1225/2	0.25	1/4	205.0	E6	88.0	True	Violoncello	1	205.0	3.0	400.0	I	False	('A', 'C#', 'E')	A	A	0.0	major triad	(1, 4, 9)	A	A	1	None
612.75	2451/4	0.25	1/4	205.0	C#6	85.0	True	Violoncello	1	205.0	3.0	400.0	I	False	('A', 'C#', 'E')	A	A	0.0	major triad	(1, 4, 9)	A	A	1	None
613.0	613	0.25	1/4	205.0	A5	81.0	True	Violoncello	1	205.0	3.0	400.0	I	False	('A', 'C#', 'E')	A	A	0.0	major triad	(1, 4, 9)	A	A	1	None
613.25	2453/4	0.25	1/4	205.0	C#6	85.0	True	Violoncello	1	205.0	3.0	400.0	I	False	('A', 'C#', 'E')	A	A	0.0	major triad	(1, 4, 9)	A	A	1	None
613.5	1227/2	0.25	1/4	205.0	E5	76.0	True	Violoncello	1	205.0	3.0	400.0	I	False	('A', 'C#', 'E')	A	A	0.0	major triad	(1, 4, 9)	A	A	1	None
613.75	2455/4	0.25	1/4	205.0	A5	81.0	True	Violoncello	1	205.0	3.0	400.0	I	False	('A', 'C#', 'E')	A	A	0.0	major triad	(1, 4, 9)	A	A	1	None
614.0	614	0.25	1/4	205.0	C#5	73.0	True	Violoncello	1	205.0	3.0	400.0	I	False	('A', 'C#', 'E')	A	A	0.0	major triad	(1, 4, 9)	A	A	1	None
614.25	2457/4	0.25	1/4	205.0	E5	76.0	True	Violoncello	1	205.0	3.0	400.0	I	False	('A', 'C#', 'E')	A	A	0.0	major triad	(1, 4, 9)	A	A	1	None
614.5	1229/2	0.25	1/4	205.0	A4	69.0	True	Violoncello	1	205.0	3.0	400.0	I	False	('A', 'C#', 'E')	A	A	0.0	major triad	(1, 4, 9)	A	A	1	None
614.75	2459/4	0.25	1/4	205.0	C#5	73.0	True	Violoncello	1	205.0	3.0	400.0	I	False	('A', 'C#', 'E')	A	A	0.0	major triad	(1, 4, 9)	A	A	1	None
615.0	615	1.5	3/2	206.0	A3	57.0	True	Violoncello	1	206.0	2.0	401.0	I	True	('E', 'A', 'C#')	E	A	2.0	major triad	(1, 4, 9)	A	A	1	None
615.0	615	1.5	3/2	206.0	C#4	61.0	True	Violoncello	1	206.0	2.0	401.0	I	True	('E', 'A', 'C#')	E	A	2.0	major triad	(1, 4, 9)	A	A	1	None
615.0	615	1.5	3/2	206.0	E4	64.0	True	Violoncello	1	206.0	2.0	401.0	I	True	('E', 'A', 'C#')	E	A	2.0	major triad	(1, 4, 9)	A	A	1	None
615.0	615	0.5	1/2	206.0	E3	52.0	True	Violoncello	1	206.0	2.0	401.0	I	True	('E', 'A', 'C#')	E	A	2.0	major triad	(1, 4, 9)	A	A	1	None
615.5	1231/2	0.5	1/2	206.0	C#3	49.0	True	Violoncello	1	206.0	2.0	401.0	I	False	('E', 'A', 'C#')	E	A	2.0	major triad	(1, 4, 9)	A	A	1	None
616.0	616	0.5	1/2	206.0	A2	45.0	True	Violoncello	1	206.0	2.0	401.0	I	False	('E', 'A', 'C#')	E	A	2.0	major triad	(1, 4, 9)	A	A	1	None
616.5	1233/2	0.5	1/2	206.0	E4	64.0	False	Violoncello	1	206.0	2.0	401.0	I	False	('E', 'A', 'C#')	E	A	2.0	major triad	(1, 4, 9)	A	A	1	None
616.5	1233/2	0.5	1/2	206.0	C#4	61.0	False	Violoncello	1	206.0	2.0	401.0	I	False	('E', 'A', 'C#')	E	A	2.0	major triad	(1, 4, 9)	A	A	1	None
616.5	1233/2	0.5	1/2	206.0	A3	57.0	False	Violoncello	1	206.0	2.0	401.0	I	False	('E', 'A', 'C#')	E	A	2.0	major triad	(1, 4, 9)	A	A	1	None
616.5	1233/2	0.5	1/2	206.0	E2	40.0	True	Violoncello	1	206.0	2.0	401.0	I	False	('E', 'A', 'C#')	E	A	2.0	major triad	(1, 4, 9)	A	A	1	None
617.0	617	0.5	1/2	206.0	D6	86.0	True	Violoncello	1	206.0	1.0	402.0	V7	True	('E', 'G#', 'B', 'D')	E	E	0.0	dominant seventh chord	(2, 4, 8, 11)	A	A	5	None
617.0	617	0.5	1/2	206.0	D4	62.0	True	Violoncello	1	206.0	1.0	402.0	V7	True	('E', 'G#', 'B', 'D')	E	E	0.0	dominant seventh chord	(2, 4, 8, 11)	A	A	5	None
617.0	617	0.5	1/2	206.0	B3	59.0	True	Violoncello	1	206.0	1.0	402.0	V7	True	('E', 'G#', 'B', 'D')	E	E	0.0	dominant seventh chord	(2, 4, 8, 11)	A	A	5	None
617.0	617	0.5	1/2	206.0	E2	40.0	True	Violoncello	1	206.0	1.0	402.0	V7	True	('E', 'G#', 'B', 'D')	E	E	0.0	dominant seventh chord	(2, 4, 8, 11)	A	A	5	None
617.5	1235/2	0.5	1/2	206.0	G#5	80.0	True	Violoncello	1	206.0	1.0	402.0	V7	False	('E', 'G#', 'B', 'D')	E	E	0.0	dominant seventh chord	(2, 4, 8, 11)	A	A	5	None
617.5	1235/2	0.5	1/2	206.0	D4	62.0	True	Violoncello	1	206.0	1.0	402.0	V7	False	('E', 'G#', 'B', 'D')	E	E	0.0	dominant seventh chord	(2, 4, 8, 11)	A	A	5	None
617.5	1235/2	0.5	1/2	206.0	B3	59.0	True	Violoncello	1	206.0	1.0	402.0	V7	False	('E', 'G#', 'B', 'D')	E	E	0.0	dominant seventh chord	(2, 4, 8, 11)	A	A	5	None
617.5	1235/2	0.5	1/2	206.0	E2	40.0	True	Violoncello	1	206.0	1.0	402.0	V7	False	('E', 'G#', 'B', 'D')	E	E	0.0	dominant seventh chord	(2, 4, 8, 11)	A	A	5	None
618.0	618	1.0	1	207.0	A2	45.0	True	Violoncello	1	207.0	3.0	403.0	I	True	('A', 'C#', 'E')	A	A	0.0	major triad	(1, 4, 9)	A	A	1	None
618.0	618	1.0	1	207.0	C#4	61.0	True	Violoncello	1	207.0	3.0	403.0	I	True	('A', 'C#', 'E')	A	A	0.0	major triad	(1, 4, 9)	A	A	1	None
618.0	618	1.0	1	207.0	A5	81.0	True	Violoncello	1	207.0	3.0	403.0	I	True	('A', 'C#', 'E')	A	A	0.0	major triad	(1, 4, 9)	A	A	1	None
618.0	618	1.0	1	207.0	A3	57.0	True	Violoncello	1	207.0	3.0	403.0	I	True	('A', 'C#', 'E')	A	A	0.0	major triad	(1, 4, 9)	A	A	1	None
619.5	1239/2	1.0	1	207.0	A3	57.0	True	Violoncello	1	207.0	3.0	403.0	I	False	('A', 'C#', 'E')	A	A	0.0	major triad	(1, 4, 9)	A	A	1	None
620.5	1241/2	0.5	1/2	207.0	A3	57.0	True	Violoncello	1	207.0	3.0	403.0	I	False	('A', 'C#', 'E')	A	A	0.0	major triad	(1, 4, 9)	A	A	1	None
621.0	621	1.0	1	208.0	A3	57.0	True	Violoncello	1	208.0	3.0	404.0	I	True	('A', 'C#', 'E')	A	A	0.0	major triad	(1, 4, 9)	A	A	1	None
622.0	622	0.5	1/2	208.0	A3	57.0	True	Violoncello	1	208.0	3.0	404.0	I	False	('A', 'C#', 'E')	A	A	0.0	major triad	(1, 4, 9)	A	A	1	None
622.5	1245/2	1.0	1	208.0	A3	57.0	True	Violoncello	1	208.0	3.0	404.0	I	False	('A', 'C#', 'E')	A	A	0.0	major triad	(1, 4, 9)	A	A	1	None
623.5	1247/2	0.5	1/2	208.0	A3	57.0	True	Violoncello	1	208.0	3.0	404.0	I	False	('A', 'C#', 'E')	A	A	0.0	major triad	(1, 4, 9)	A	A	1	None
624.0	624	1.5	3/2	209.0	B5	83.0	True	Violoncello	1	209.0	2.5	405.0	V7/IV	True	('A', 'C#', 'E', 'G')	A	A	0.0	dominant seventh chord	(1, 4, 7, 9)	A	D	5	4
624.0	624	1.5	3/2	209.0	C#5	73.0	True	Violoncello	1	209.0	2.5	405.0	V7/IV	True	('A', 'C#', 'E', 'G')	A	A	0.0	dominant seventh chord	(1, 4, 7, 9)	A	D	5	4
624.0	624	1.5	3/2	209.0	G4	67.0	True	Violoncello	1	209.0	2.5	405.0	V7/IV	True	('A', 'C#', 'E', 'G')	A	A	0.0	dominant seventh chord	(1, 4, 7, 9)	A	D	5	4
624.0	624	1.5	3/2	209.0	A3	57.0	True	Violoncello	1	209.0	2.5	405.0	V7/IV	True	('A', 'C#', 'E', 'G')	A	A	0.0	dominant seventh chord	(1, 4, 7, 9)	A	D	5	4
625.5	1251/2	0.5	1/2	209.0	B5	83.0	False	Violoncello	1	209.0	2.5	405.0	V7/IV	False	('A', 'C#', 'E', 'G')	A	A	0.0	dominant seventh chord	(1, 4, 7, 9)	A	D	5	4
625.5	1251/2	0.5	1/2	209.0	C#5	73.0	False	Violoncello	1	209.0	2.5	405.0	V7/IV	False	('A', 'C#', 'E', 'G')	A	A	0.0	dominant seventh chord	(1, 4, 7, 9)	A	D	5	4
625.5	1251/2	0.5	1/2	209.0	G4	67.0	False	Violoncello	1	209.0	2.5	405.0	V7/IV	False	('A', 'C#', 'E', 'G')	A	A	0.0	dominant seventh chord	(1, 4, 7, 9)	A	D	5	4
625.5	1251/2	0.5	1/2	209.0	A3	57.0	False	Violoncello	1	209.0	2.5	405.0	V7/IV	False	('A', 'C#', 'E', 'G')	A	A	0.0	dominant seventh chord	(1, 4, 7, 9)	A	D	5	4
626.0	626	0.5	1/2	209.0	A5	81.0	True	Violoncello	1	209.0	2.5	405.0	V7/IV	False	('A', 'C#', 'E', 'G')	A	A	0.0	dominant seventh chord	(1, 4, 7, 9)	A	D	5	4
626.0	626	0.5	1/2	209.0	D5	74.0	True	Violoncello	1	209.0	2.5	405.0	V7/IV	False	('A', 'C#', 'E', 'G')	A	A	0.0	dominant seventh chord	(1, 4, 7, 9)	A	D	5	4
626.0	626	0.5	1/2	209.0	F#4	66.0	True	Violoncello	1	209.0	2.5	405.0	V7/IV	False	('A', 'C#', 'E', 'G')	A	A	0.0	dominant seventh chord	(1, 4, 7, 9)	A	D	5	4
626.0	626	0.5	1/2	209.0	B3	59.0	True	Violoncello	1	209.0	2.5	405.0	V7/IV	False	('A', 'C#', 'E', 'G')	A	A	0.0	dominant seventh chord	(1, 4, 7, 9)	A	D	5	4
626.5	1253/2	0.5	1/2	209.0	C#4	61.0	True	Violoncello	1	209.0	0.5	406.0	V7/IV	True	('C#', 'E', 'G', 'A')	C#	A	1.0	dominant seventh chord	(1, 4, 7, 9)	A	D	5	4
626.5	1253/2	0.5	1/2	209.0	G5	79.0	True	Violoncello	1	209.0	0.5	406.0	V7/IV	True	('C#', 'E', 'G', 'A')	C#	A	1.0	dominant seventh chord	(1, 4, 7, 9)	A	D	5	4
626.5	1253/2	0.5	1/2	209.0	E4	64.0	True	Violoncello	1	209.0	0.5	406.0	V7/IV	True	('C#', 'E', 'G', 'A')	C#	A	1.0	dominant seventh chord	(1, 4, 7, 9)	A	D	5	4
626.5	1253/2	0.5	1/2	209.0	E5	76.0	True	Violoncello	1	209.0	0.5	406.0	V7/IV	True	('C#', 'E', 'G', 'A')	C#	A	1.0	dominant seventh chord	(1, 4, 7, 9)	A	D	5	4
627.0	627	0.5	1/2	210.0	D4	62.0	True	Violoncello	1	210.0	0.5	407.0	IV	True	('D', 'F#', 'A')	D	D	0.0	major triad	(2, 6, 9)	A	A	4	None
627.0	627	0.5	1/2	210.0	D4	62.0	True	Violoncello	1	210.0	0.5	407.0	IV	True	('D', 'F#', 'A')	D	D	0.0	major triad	(2, 6, 9)	A	A	4	None
627.0	627	0.5	1/2	210.0	A4	69.0	True	Violoncello	1	210.0	0.5	407.0	IV	True	('D', 'F#', 'A')	D	D	0.0	major triad	(2, 6, 9)	A	A	4	None
627.0	627	0.5	1/2	210.0	F#5	78.0	True	Violoncello	1	210.0	0.5	407.0	IV	True	('D', 'F#', 'A')	D	D	0.0	major triad	(2, 6, 9)	A	A	4	None
627.5	1255/2	0.5	1/2	210.0	E5	76.0	True	Violoncello	1	210.0	0.5	408.0	viio7/ii	True	('C#', 'E', 'G', 'A#')	C#	A#	1.0	diminished seventh chord	(1, 4, 7, 10)	A	b	#7	2
627.5	1255/2	0.5	1/2	210.0	A#4	70.0	True	Violoncello	1	210.0	0.5	408.0	viio7/ii	True	('C#', 'E', 'G', 'A#')	C#	A#	1.0	diminished seventh chord	(1, 4, 7, 10)	A	b	#7	2
627.5	1255/2	0.5	1/2	210.0	E4	64.0	True	Violoncello	1	210.0	0.5	408.0	viio7/ii	True	('C#', 'E', 'G', 'A#')	C#	A#	1.0	diminished seventh chord	(1, 4, 7, 10)	A	b	#7	2
627.5	1255/2	0.5	1/2	210.0	C#4	61.0	True	Violoncello	1	210.0	0.5	408.0	viio7/ii	True	('C#', 'E', 'G', 'A#')	C#	A#	1.0	diminished seventh chord	(1, 4, 7, 10)	A	b	#7	2
628.0	628	0.5	1/2	210.0	D5	74.0	True	Violoncello	1	210.0	0.5	409.0	ii	True	('B', 'D', 'F#')	B	B	0.0	minor triad	(2, 6, 11)	A	A	2	None
628.0	628	0.5	1/2	210.0	B4	71.0	True	Violoncello	1	210.0	0.5	409.0	ii	True	('B', 'D', 'F#')	B	B	0.0	minor triad	(2, 6, 11)	A	A	2	None
628.0	628	0.5	1/2	210.0	F#4	66.0	True	Violoncello	1	210.0	0.5	409.0	ii	True	('B', 'D', 'F#')	B	B	0.0	minor triad	(2, 6, 11)	A	A	2	None
628.0	628	0.5	1/2	210.0	B3	59.0	True	Violoncello	1	210.0	0.5	409.0	ii	True	('B', 'D', 'F#')	B	B	0.0	minor triad	(2, 6, 11)	A	A	2	None
628.5	1257/2	0.5	1/2	210.0	C#5	73.0	True	Violoncello	1	210.0	0.5	410.0	I	True	('E', 'A', 'C#')	E	A	2.0	major triad	(1, 4, 9)	A	A	1	None
628.5	1257/2	0.5	1/2	210.0	A4	69.0	True	Violoncello	1	210.0	0.5	410.0	I	True	('E', 'A', 'C#')	E	A	2.0	major triad	(1, 4, 9)	A	A	1	None
628.5	1257/2	0.5	1/2	210.0	E4	64.0	True	Violoncello	1	210.0	0.5	410.0	I	True	('E', 'A', 'C#')	E	A	2.0	major triad	(1, 4, 9)	A	A	1	None
628.5	1257/2	0.5	1/2	210.0	E4	64.0	True	Violoncello	1	210.0	0.5	410.0	I	True	('E', 'A', 'C#')	E	A	2.0	major triad	(1, 4, 9)	A	A	1	None
629.0	629	0.5	1/2	210.0	E4	64.0	True	Violoncello	1	210.0	1.0	411.0	V7	True	('E', 'G#', 'B', 'D')	E	E	0.0	dominant seventh chord	(2, 4, 8, 11)	A	A	5	None
629.0	629	0.5	1/2	210.0	B4	71.0	True	Violoncello	1	210.0	1.0	411.0	V7	True	('E', 'G#', 'B', 'D')	E	E	0.0	dominant seventh chord	(2, 4, 8, 11)	A	A	5	None
629.0	629	0.5	1/2	210.0	E4	64.0	True	Violoncello	1	210.0	1.0	411.0	V7	True	('E', 'G#', 'B', 'D')	E	E	0.0	dominant seventh chord	(2, 4, 8, 11)	A	A	5	None
629.0	629	0.5	1/2	210.0	D5	74.0	True	Violoncello	1	210.0	1.0	411.0	V7	True	('E', 'G#', 'B', 'D')	E	E	0.0	dominant seventh chord	(2, 4, 8, 11)	A	A	5	None
629.5	1259/2	0.5	1/2	210.0	E3	52.0	True	Violoncello	1	210.0	1.0	411.0	V7	False	('E', 'G#', 'B', 'D')	E	E	0.0	dominant seventh chord	(2, 4, 8, 11)	A	A	5	None
629.5	1259/2	0.5	1/2	210.0	G#4	68.0	True	Violoncello	1	210.0	1.0	411.0	V7	False	('E', 'G#', 'B', 'D')	E	E	0.0	dominant seventh chord	(2, 4, 8, 11)	A	A	5	None
629.5	1259/2	0.5	1/2	210.0	B4	71.0	True	Violoncello	1	210.0	1.0	411.0	V7	False	('E', 'G#', 'B', 'D')	E	E	0.0	dominant seventh chord	(2, 4, 8, 11)	A	A	5	None
629.5	1259/2	0.5	1/2	210.0	E4	64.0	True	Violoncello	1	210.0	1.0	411.0	V7	False	('E', 'G#', 'B', 'D')	E	E	0.0	dominant seventh chord	(2, 4, 8, 11)	A	A	5	None
630.0	630	0.5	1/2	211.0	B4	71.0	True	Violoncello	1	211.0	3.0	412.0	I	True	('A', 'C#', 'E')	A	A	0.0	major triad	(1, 4, 9)	A	A	1	None
630.0	630	1.0	1	211.0	A4	69.0	True	Violoncello	1	211.0	3.0	412.0	I	True	('A', 'C#', 'E')	A	A	0.0	major triad	(1, 4, 9)	A	A	1	None
630.0	630	1.0	1	211.0	E4	64.0	True	Violoncello	1	211.0	3.0	412.0	I	True	('A', 'C#', 'E')	A	A	0.0	major triad	(1, 4, 9)	A	A	1	None
630.0	630	1.0	1	211.0	A3	57.0	True	Violoncello	1	211.0	3.0	412.0	I	True	('A', 'C#', 'E')	A	A	0.0	major triad	(1, 4, 9)	A	A	1	None
630.5	1261/2	0.5	1/2	211.0	C#5	73.0	True	Violoncello	1	211.0	3.0	412.0	I	False	('A', 'C#', 'E')	A	A	0.0	major triad	(1, 4, 9)	A	A	1	None
631.0	631	0.5	1/2	211.0	A4	69.0	True	Violoncello	1	211.0	3.0	412.0	I	False	('A', 'C#', 'E')	A	A	0.0	major triad	(1, 4, 9)	A	A	1	None
631.5	1263/2	1.0	1	211.0	A4	69.0	True	Violoncello	1	211.0	3.0	412.0	I	False	('A', 'C#', 'E')	A	A	0.0	major triad	(1, 4, 9)	A	A	1	None
631.5	1263/2	1.0	1	211.0	A3	57.0	True	Violoncello	1	211.0	3.0	412.0	I	False	('A', 'C#', 'E')	A	A	0.0	major triad	(1, 4, 9)	A	A	1	None
631.5	1263/2	1.0	1	211.0	A3	57.0	True	Violoncello	1	211.0	3.0	412.0	I	False	('A', 'C#', 'E')	A	A	0.0	major triad	(1, 4, 9)	A	A	1	None
631.5	1263/2	1.0	1	211.0	A3	57.0	True	Violoncello	1	211.0	3.0	412.0	I	False	('A', 'C#', 'E')	A	A	0.0	major triad	(1, 4, 9)	A	A	1	None
632.5	1265/2	0.5	1/2	211.0	A4	69.0	True	Violoncello	1	211.0	3.0	412.0	I	False	('A', 'C#', 'E')	A	A	0.0	major triad	(1, 4, 9)	A	A	1	None
632.5	1265/2	0.5	1/2	211.0	A3	57.0	True	Violoncello	1	211.0	3.0	412.0	I	False	('A', 'C#', 'E')	A	A	0.0	major triad	(1, 4, 9)	A	A	1	None
632.5	1265/2	0.5	1/2	211.0	A3	57.0	True	Violoncello	1	211.0	3.0	412.0	I	False	('A', 'C#', 'E')	A	A	0.0	major triad	(1, 4, 9)	A	A	1	None
632.5	1265/2	0.5	1/2	211.0	A3	57.0	True	Violoncello	1	211.0	3.0	412.0	I	False	('A', 'C#', 'E')	A	A	0.0	major triad	(1, 4, 9)	A	A	1	None
633.0	633	1.0	1	212.0	A3	57.0	True	Violoncello	1	212.0	3.0	413.0	I	True	('A', 'C#', 'E')	A	A	0.0	major triad	(1, 4, 9)	A	A	1	None
633.0	633	1.0	1	212.0	A3	57.0	True	Violoncello	1	212.0	3.0	413.0	I	True	('A', 'C#', 'E')	A	A	0.0	major triad	(1, 4, 9)	A	A	1	None
633.0	633	1.0	1	212.0	A3	57.0	True	Violoncello	1	212.0	3.0	413.0	I	True	('A', 'C#', 'E')	A	A	0.0	major triad	(1, 4, 9)	A	A	1	None
633.0	633	1.0	1	212.0	A4	69.0	True	Violoncello	1	212.0	3.0	413.0	I	True	('A', 'C#', 'E')	A	A	0.0	major triad	(1, 4, 9)	A	A	1	None
634.0	634	0.5	1/2	212.0	A3	57.0	True	Violoncello	1	212.0	3.0	413.0	I	False	('A', 'C#', 'E')	A	A	0.0	major triad	(1, 4, 9)	A	A	1	None
634.0	634	0.5	1/2	212.0	A4	69.0	True	Violoncello	1	212.0	3.0	413.0	I	False	('A', 'C#', 'E')	A	A	0.0	major triad	(1, 4, 9)	A	A	1	None
634.0	634	0.5	1/2	212.0	A3	57.0	True	Violoncello	1	212.0	3.0	413.0	I	False	('A', 'C#', 'E')	A	A	0.0	major triad	(1, 4, 9)	A	A	1	None
634.0	634	0.5	1/2	212.0	A3	57.0	True	Violoncello	1	212.0	3.0	413.0	I	False	('A', 'C#', 'E')	A	A	0.0	major triad	(1, 4, 9)	A	A	1	None
634.5	1269/2	1.0	1	212.0	A3	57.0	True	Violoncello	1	212.0	3.0	413.0	I	False	('A', 'C#', 'E')	A	A	0.0	major triad	(1, 4, 9)	A	A	1	None
634.5	1269/2	1.0	1	212.0	A4	69.0	True	Violoncello	1	212.0	3.0	413.0	I	False	('A', 'C#', 'E')	A	A	0.0	major triad	(1, 4, 9)	A	A	1	None
634.5	1269/2	1.0	1	212.0	A3	57.0	True	Violoncello	1	212.0	3.0	413.0	I	False	('A', 'C#', 'E')	A	A	0.0	major triad	(1, 4, 9)	A	A	1	None
634.5	1269/2	1.0	1	212.0	A3	57.0	True	Violoncello	1	212.0	3.0	413.0	I	False	('A', 'C#', 'E')	A	A	0.0	major triad	(1, 4, 9)	A	A	1	None
635.5	1271/2	0.5	1/2	212.0	A4	69.0	True	Violoncello	1	212.0	3.0	413.0	I	False	('A', 'C#', 'E')	A	A	0.0	major triad	(1, 4, 9)	A	A	1	None
635.5	1271/2	0.5	1/2	212.0	A3	57.0	True	Violoncello	1	212.0	3.0	413.0	I	False	('A', 'C#', 'E')	A	A	0.0	major triad	(1, 4, 9)	A	A	1	None
635.5	1271/2	0.5	1/2	212.0	A3	57.0	True	Violoncello	1	212.0	3.0	413.0	I	False	('A', 'C#', 'E')	A	A	0.0	major triad	(1, 4, 9)	A	A	1	None
635.5	1271/2	0.5	1/2	212.0	A3	57.0	True	Violoncello	1	212.0	3.0	413.0	I	False	('A', 'C#', 'E')	A	A	0.0	major triad	(1, 4, 9)	A	A	1	None
636.0	636	1.5	3/2	213.0	G6	91.0	True	Violoncello	1	213.0	3.0	414.0	viio7/ii	True	('A#', 'C#', 'E', 'G')	A#	A#	0.0	diminished seventh chord	(1, 4, 7, 10)	A	b	#7	2
636.0	636	1.5	3/2	213.0	G5	79.0	True	Violoncello	1	213.0	3.0	414.0	viio7/ii	True	('A#', 'C#', 'E', 'G')	A#	A#	0.0	diminished seventh chord	(1, 4, 7, 10)	A	b	#7	2
636.0	636	1.5	3/2	213.0	C#4	61.0	True	Violoncello	1	213.0	3.0	414.0	viio7/ii	True	('A#', 'C#', 'E', 'G')	A#	A#	0.0	diminished seventh chord	(1, 4, 7, 10)	A	b	#7	2
636.0	636	1.5	3/2	213.0	A#3	58.0	True	Violoncello	1	213.0	3.0	414.0	viio7/ii	True	('A#', 'C#', 'E', 'G')	A#	A#	0.0	diminished seventh chord	(1, 4, 7, 10)	A	b	#7	2
637.5	1275/2	0.5	1/2	213.0	G6	91.0	False	Violoncello	1	213.0	3.0	414.0	viio7/ii	False	('A#', 'C#', 'E', 'G')	A#	A#	0.0	diminished seventh chord	(1, 4, 7, 10)	A	b	#7	2
637.5	1275/2	0.5	1/2	213.0	G5	79.0	False	Violoncello	1	213.0	3.0	414.0	viio7/ii	False	('A#', 'C#', 'E', 'G')	A#	A#	0.0	diminished seventh chord	(1, 4, 7, 10)	A	b	#7	2
637.5	1275/2	0.5	1/2	213.0	C#4	61.0	False	Violoncello	1	213.0	3.0	414.0	viio7/ii	False	('A#', 'C#', 'E', 'G')	A#	A#	0.0	diminished seventh chord	(1, 4, 7, 10)	A	b	#7	2
637.5	1275/2	0.5	1/2	213.0	A#3	58.0	True	Violoncello	1	213.0	3.0	414.0	viio7/ii	False	('A#', 'C#', 'E', 'G')	A#	A#	0.0	diminished seventh chord	(1, 4, 7, 10)	A	b	#7	2
638.0	638	0.5	1/2	213.0	A#3	58.0	True	Violoncello	1	213.0	3.0	414.0	viio7/ii	False	('A#', 'C#', 'E', 'G')	A#	A#	0.0	diminished seventh chord	(1, 4, 7, 10)	A	b	#7	2
638.0	638	0.5	1/2	213.0	F#5	78.0	True	Violoncello	1	213.0	3.0	414.0	viio7/ii	False	('A#', 'C#', 'E', 'G')	A#	A#	0.0	diminished seventh chord	(1, 4, 7, 10)	A	b	#7	2
638.0	638	0.5	1/2	213.0	C#4	61.0	True	Violoncello	1	213.0	3.0	414.0	viio7/ii	False	('A#', 'C#', 'E', 'G')	A#	A#	0.0	diminished seventh chord	(1, 4, 7, 10)	A	b	#7	2
638.0	638	0.5	1/2	213.0	F#6	90.0	True	Violoncello	1	213.0	3.0	414.0	viio7/ii	False	('A#', 'C#', 'E', 'G')	A#	A#	0.0	diminished seventh chord	(1, 4, 7, 10)	A	b	#7	2
638.5	1277/2	0.5	1/2	213.0	F#5	78.0	True	Violoncello	1	213.0	3.0	414.0	viio7/ii	False	('A#', 'C#', 'E', 'G')	A#	A#	0.0	diminished seventh chord	(1, 4, 7, 10)	A	b	#7	2
638.5	1277/2	0.5	1/2	213.0	E6	88.0	True	Violoncello	1	213.0	3.0	414.0	viio7/ii	False	('A#', 'C#', 'E', 'G')	A#	A#	0.0	diminished seventh chord	(1, 4, 7, 10)	A	b	#7	2
638.5	1277/2	0.5	1/2	213.0	C#4	61.0	True	Violoncello	1	213.0	3.0	414.0	viio7/ii	False	('A#', 'C#', 'E', 'G')	A#	A#	0.0	diminished seventh chord	(1, 4, 7, 10)	A	b	#7	2
638.5	1277/2	0.5	1/2	213.0	A#3	58.0	True	Violoncello	1	213.0	3.0	414.0	viio7/ii	False	('A#', 'C#', 'E', 'G')	A#	A#	0.0	diminished seventh chord	(1, 4, 7, 10)	A	b	#7	2
639.0	639	0.5	1/2	214.0	D6	86.0	True	Violoncello	1	214.0	0.5	415.0	ii	True	('B', 'D', 'F#')	B	B	0.0	minor triad	(2, 6, 11)	A	A	2	None
639.0	639	0.5	1/2	214.0	F#5	78.0	True	Violoncello	1	214.0	0.5	415.0	ii	True	('B', 'D', 'F#')	B	B	0.0	minor triad	(2, 6, 11)	A	A	2	None
639.0	639	0.5	1/2	214.0	F#4	66.0	True	Violoncello	1	214.0	0.5	415.0	ii	True	('B', 'D', 'F#')	B	B	0.0	minor triad	(2, 6, 11)	A	A	2	None
639.0	639	0.5	1/2	214.0	B3	59.0	True	Violoncello	1	214.0	0.5	415.0	ii	True	('B', 'D', 'F#')	B	B	0.0	minor triad	(2, 6, 11)	A	A	2	None
639.5	1279/2	0.5	1/2	214.0	C#4	61.0	True	Violoncello	1	214.0	0.5	416.0	V7/ii	True	('C#', 'E', 'F#', 'A#')	C#	F#	2.0	dominant seventh chord	(1, 4, 6, 10)	A	b	5	2
639.5	1279/2	0.5	1/2	214.0	C#6	85.0	True	Violoncello	1	214.0	0.5	416.0	V7/ii	True	('C#', 'E', 'F#', 'A#')	C#	F#	2.0	dominant seventh chord	(1, 4, 6, 10)	A	b	5	2
639.5	1279/2	0.5	1/2	214.0	E5	76.0	True	Violoncello	1	214.0	0.5	416.0	V7/ii	True	('C#', 'E', 'F#', 'A#')	C#	F#	2.0	dominant seventh chord	(1, 4, 6, 10)	A	b	5	2
639.5	1279/2	0.5	1/2	214.0	F#4	66.0	True	Violoncello	1	214.0	0.5	416.0	V7/ii	True	('C#', 'E', 'F#', 'A#')	C#	F#	2.0	dominant seventh chord	(1, 4, 6, 10)	A	b	5	2
640.0	640	0.5	1/2	214.0	B5	83.0	True	Violoncello	1	214.0	0.5	417.0	ii	True	('D', 'F#', 'B')	D	B	1.0	minor triad	(2, 6, 11)	A	A	2	None
640.0	640	0.5	1/2	214.0	D5	74.0	True	Violoncello	1	214.0	0.5	417.0	ii	True	('D', 'F#', 'B')	D	B	1.0	minor triad	(2, 6, 11)	A	A	2	None
640.0	640	0.5	1/2	214.0	F#4	66.0	True	Violoncello	1	214.0	0.5	417.0	ii	True	('D', 'F#', 'B')	D	B	1.0	minor triad	(2, 6, 11)	A	A	2	None
640.0	640	0.5	1/2	214.0	D4	62.0	True	Violoncello	1	214.0	0.5	417.0	ii	True	('D', 'F#', 'B')	D	B	1.0	minor triad	(2, 6, 11)	A	A	2	None
640.5	1281/2	0.5	1/2	214.0	E4	64.0	True	Violoncello	1	214.0	0.5	418.0	I	True	('E', 'A', 'C#')	E	A	2.0	major triad	(1, 4, 9)	A	A	1	None
640.5	1281/2	0.5	1/2	214.0	E4	64.0	True	Violoncello	1	214.0	0.5	418.0	I	True	('E', 'A', 'C#')	E	A	2.0	major triad	(1, 4, 9)	A	A	1	None
640.5	1281/2	0.5	1/2	214.0	A5	81.0	True	Violoncello	1	214.0	0.5	418.0	I	True	('E', 'A', 'C#')	E	A	2.0	major triad	(1, 4, 9)	A	A	1	None
640.5	1281/2	0.5	1/2	214.0	C#5	73.0	True	Violoncello	1	214.0	0.5	418.0	I	True	('E', 'A', 'C#')	E	A	2.0	major triad	(1, 4, 9)	A	A	1	None
641.0	641	0.5	1/2	214.0	E4	64.0	True	Violoncello	1	214.0	1.0	419.0	V7	True	('E', 'G#', 'B', 'D')	E	E	0.0	dominant seventh chord	(2, 4, 8, 11)	A	A	5	None
641.0	641	0.5	1/2	214.0	B5	83.0	True	Violoncello	1	214.0	1.0	419.0	V7	True	('E', 'G#', 'B', 'D')	E	E	0.0	dominant seventh chord	(2, 4, 8, 11)	A	A	5	None
641.0	641	0.5	1/2	214.0	E4	64.0	True	Violoncello	1	214.0	1.0	419.0	V7	True	('E', 'G#', 'B', 'D')	E	E	0.0	dominant seventh chord	(2, 4, 8, 11)	A	A	5	None
641.0	641	0.5	1/2	214.0	D5	74.0	True	Violoncello	1	214.0	1.0	419.0	V7	True	('E', 'G#', 'B', 'D')	E	E	0.0	dominant seventh chord	(2, 4, 8, 11)	A	A	5	None
641.5	1283/2	0.5	1/2	214.0	E3	52.0	True	Violoncello	1	214.0	1.0	419.0	V7	False	('E', 'G#', 'B', 'D')	E	E	0.0	dominant seventh chord	(2, 4, 8, 11)	A	A	5	None
641.5	1283/2	0.5	1/2	214.0	G#5	80.0	True	Violoncello	1	214.0	1.0	419.0	V7	False	('E', 'G#', 'B', 'D')	E	E	0.0	dominant seventh chord	(2, 4, 8, 11)	A	A	5	None
641.5	1283/2	0.5	1/2	214.0	D5	74.0	True	Violoncello	1	214.0	1.0	419.0	V7	False	('E', 'G#', 'B', 'D')	E	E	0.0	dominant seventh chord	(2, 4, 8, 11)	A	A	5	None
641.5	1283/2	0.5	1/2	214.0	E4	64.0	True	Violoncello	1	214.0	1.0	419.0	V7	False	('E', 'G#', 'B', 'D')	E	E	0.0	dominant seventh chord	(2, 4, 8, 11)	A	A	5	None
642.0	642	0.25	1/4	215.0	A5	81.0	True	Violoncello	1	215.0	1.5	420.0	I	True	('A', 'C#', 'E')	A	A	0.0	major triad	(1, 4, 9)	A	A	1	None
642.0	642	0.5	1/2	215.0	C#5	73.0	True	Violoncello	1	215.0	1.5	420.0	I	True	('A', 'C#', 'E')	A	A	0.0	major triad	(1, 4, 9)	A	A	1	None
642.0	642	0.5	1/2	215.0	E4	64.0	True	Violoncello	1	215.0	1.5	420.0	I	True	('A', 'C#', 'E')	A	A	0.0	major triad	(1, 4, 9)	A	A	1	None
642.0	642	1.0	1	215.0	A2	45.0	True	Violoncello	1	215.0	1.5	420.0	I	True	('A', 'C#', 'E')	A	A	0.0	major triad	(1, 4, 9)	A	A	1	None
642.25	2569/4	0.25	1/4	215.0	C#6	85.0	True	Violoncello	1	215.0	1.5	420.0	I	False	('A', 'C#', 'E')	A	A	0.0	major triad	(1, 4, 9)	A	A	1	None
642.5	1285/2	0.25	1/4	215.0	E6	88.0	True	Violoncello	1	215.0	1.5	420.0	I	False	('A', 'C#', 'E')	A	A	0.0	major triad	(1, 4, 9)	A	A	1	None
642.5	1285/2	0.5	1/2	215.0	C#4	61.0	True	Violoncello	1	215.0	1.5	420.0	I	False	('A', 'C#', 'E')	A	A	0.0	major triad	(1, 4, 9)	A	A	1	None
642.5	1285/2	0.5	1/2	215.0	A3	57.0	True	Violoncello	1	215.0	1.5	420.0	I	False	('A', 'C#', 'E')	A	A	0.0	major triad	(1, 4, 9)	A	A	1	None
642.75	2571/4	0.25	1/4	215.0	C#6	85.0	True	Violoncello	1	215.0	1.5	420.0	I	False	('A', 'C#', 'E')	A	A	0.0	major triad	(1, 4, 9)	A	A	1	None
643.0	643	0.25	1/4	215.0	E6	88.0	True	Violoncello	1	215.0	1.5	420.0	I	False	('A', 'C#', 'E')	A	A	0.0	major triad	(1, 4, 9)	A	A	1	None
643.0	643	0.5	1/2	215.0	E4	64.0	True	Violoncello	1	215.0	1.5	420.0	I	False	('A', 'C#', 'E')	A	A	0.0	major triad	(1, 4, 9)	A	A	1	None
643.0	643	0.5	1/2	215.0	C#4	61.0	True	Violoncello	1	215.0	1.5	420.0	I	False	('A', 'C#', 'E')	A	A	0.0	major triad	(1, 4, 9)	A	A	1	None
643.25	2573/4	0.25	1/4	215.0	C#6	85.0	True	Violoncello	1	215.0	1.5	420.0	I	False	('A', 'C#', 'E')	A	A	0.0	major triad	(1, 4, 9)	A	A	1	None
643.5	1287/2	1.0	1	215.0	E3	52.0	True	Violoncello	1	215.0	1.5	421.0	V7	True	('E', 'G#', 'B', 'D')	E	E	0.0	dominant seventh chord	(2, 4, 8, 11)	A	A	5	None
643.5	1287/2	0.25	1/4	215.0	D6	86.0	True	Violoncello	1	215.0	1.5	421.0	V7	True	('E', 'G#', 'B', 'D')	E	E	0.0	dominant seventh chord	(2, 4, 8, 11)	A	A	5	None
643.75	2575/4	0.25	1/4	215.0	B5	83.0	True	Violoncello	1	215.0	1.5	421.0	V7	False	('E', 'G#', 'B', 'D')	E	E	0.0	dominant seventh chord	(2, 4, 8, 11)	A	A	5	None
644.0	644	0.5	1/2	215.0	B3	59.0	True	Violoncello	1	215.0	1.5	421.0	V7	False	('E', 'G#', 'B', 'D')	E	E	0.0	dominant seventh chord	(2, 4, 8, 11)	A	A	5	None
644.0	644	0.25	1/4	215.0	G#5	80.0	True	Violoncello	1	215.0	1.5	421.0	V7	False	('E', 'G#', 'B', 'D')	E	E	0.0	dominant seventh chord	(2, 4, 8, 11)	A	A	5	None
644.0	644	0.5	1/2	215.0	D4	62.0	True	Violoncello	1	215.0	1.5	421.0	V7	False	('E', 'G#', 'B', 'D')	E	E	0.0	dominant seventh chord	(2, 4, 8, 11)	A	A	5	None
644.25	2577/4	0.25	1/4	215.0	E5	76.0	True	Violoncello	1	215.0	1.5	421.0	V7	False	('E', 'G#', 'B', 'D')	E	E	0.0	dominant seventh chord	(2, 4, 8, 11)	A	A	5	None
644.5	1289/2	0.25	1/4	215.0	D5	74.0	True	Violoncello	1	215.0	1.5	421.0	V7	False	('E', 'G#', 'B', 'D')	E	E	0.0	dominant seventh chord	(2, 4, 8, 11)	A	A	5	None
644.5	1289/2	0.5	1/2	215.0	E4	64.0	True	Violoncello	1	215.0	1.5	421.0	V7	False	('E', 'G#', 'B', 'D')	E	E	0.0	dominant seventh chord	(2, 4, 8, 11)	A	A	5	None
644.5	1289/2	0.5	1/2	215.0	D4	62.0	True	Violoncello	1	215.0	1.5	421.0	V7	False	('E', 'G#', 'B', 'D')	E	E	0.0	dominant seventh chord	(2, 4, 8, 11)	A	A	5	None
644.75	2579/4	0.25	1/4	215.0	B4	71.0	True	Violoncello	1	215.0	1.5	421.0	V7	False	('E', 'G#', 'B', 'D')	E	E	0.0	dominant seventh chord	(2, 4, 8, 11)	A	A	5	None
645.0	645	0.25	1/4	216.0	A4	69.0	True	Violoncello	1	216.0	1.5	422.0	I	True	('A', 'C#', 'E')	A	A	0.0	major triad	(1, 4, 9)	A	A	1	None
645.0	645	1.0	1	216.0	A3	57.0	True	Violoncello	1	216.0	1.5	422.0	I	True	('A', 'C#', 'E')	A	A	0.0	major triad	(1, 4, 9)	A	A	1	None
645.25	2581/4	0.25	1/4	216.0	C#5	73.0	True	Violoncello	1	216.0	1.5	422.0	I	False	('A', 'C#', 'E')	A	A	0.0	major triad	(1, 4, 9)	A	A	1	None
645.5	1291/2	0.25	1/4	216.0	E5	76.0	True	Violoncello	1	216.0	1.5	422.0	I	False	('A', 'C#', 'E')	A	A	0.0	major triad	(1, 4, 9)	A	A	1	None
645.5	1291/2	0.5	1/2	216.0	A4	69.0	True	Violoncello	1	216.0	1.5	422.0	I	False	('A', 'C#', 'E')	A	A	0.0	major triad	(1, 4, 9)	A	A	1	None
645.5	1291/2	0.5	1/2	216.0	C#4	61.0	True	Violoncello	1	216.0	1.5	422.0	I	False	('A', 'C#', 'E')	A	A	0.0	major triad	(1, 4, 9)	A	A	1	None
645.75	2583/4	0.25	1/4	216.0	A5	81.0	True	Violoncello	1	216.0	1.5	422.0	I	False	('A', 'C#', 'E')	A	A	0.0	major triad	(1, 4, 9)	A	A	1	None
646.0	646	0.25	1/4	216.0	C#6	85.0	True	Violoncello	1	216.0	1.5	422.0	I	False	('A', 'C#', 'E')	A	A	0.0	major triad	(1, 4, 9)	A	A	1	None
646.0	646	0.5	1/2	216.0	E4	64.0	True	Violoncello	1	216.0	1.5	422.0	I	False	('A', 'C#', 'E')	A	A	0.0	major triad	(1, 4, 9)	A	A	1	None
646.0	646	0.5	1/2	216.0	C#5	73.0	True	Violoncello	1	216.0	1.5	422.0	I	False	('A', 'C#', 'E')	A	A	0.0	major triad	(1, 4, 9)	A	A	1	None
646.25	2585/4	0.25	1/4	216.0	A5	81.0	True	Violoncello	1	216.0	1.5	422.0	I	False	('A', 'C#', 'E')	A	A	0.0	major triad	(1, 4, 9)	A	A	1	None
646.5	1293/2	1.0	1	216.0	E3	52.0	True	Violoncello	1	216.0	1.5	423.0	V7	True	('E', 'G#', 'B', 'D')	E	E	0.0	dominant seventh chord	(2, 4, 8, 11)	A	A	5	None
646.5	1293/2	0.25	1/4	216.0	G#5	80.0	True	Violoncello	1	216.0	1.5	423.0	V7	True	('E', 'G#', 'B', 'D')	E	E	0.0	dominant seventh chord	(2, 4, 8, 11)	A	A	5	None
646.75	2587/4	0.25	1/4	216.0	B5	83.0	True	Violoncello	1	216.0	1.5	423.0	V7	False	('E', 'G#', 'B', 'D')	E	E	0.0	dominant seventh chord	(2, 4, 8, 11)	A	A	5	None
647.0	647	0.5	1/2	216.0	D4	62.0	True	Violoncello	1	216.0	1.5	423.0	V7	False	('E', 'G#', 'B', 'D')	E	E	0.0	dominant seventh chord	(2, 4, 8, 11)	A	A	5	None
647.0	647	0.25	1/4	216.0	D6	86.0	True	Violoncello	1	216.0	1.5	423.0	V7	False	('E', 'G#', 'B', 'D')	E	E	0.0	dominant seventh chord	(2, 4, 8, 11)	A	A	5	None
647.0	647	0.5	1/2	216.0	B4	71.0	True	Violoncello	1	216.0	1.5	423.0	V7	False	('E', 'G#', 'B', 'D')	E	E	0.0	dominant seventh chord	(2, 4, 8, 11)	A	A	5	None
647.25	2589/4	0.25	1/4	216.0	B5	83.0	True	Violoncello	1	216.0	1.5	423.0	V7	False	('E', 'G#', 'B', 'D')	E	E	0.0	dominant seventh chord	(2, 4, 8, 11)	A	A	5	None
647.5	1295/2	0.5	1/2	216.0	D5	74.0	True	Violoncello	1	216.0	1.5	423.0	V7	False	('E', 'G#', 'B', 'D')	E	E	0.0	dominant seventh chord	(2, 4, 8, 11)	A	A	5	None
647.5	1295/2	0.5	1/2	216.0	E4	64.0	True	Violoncello	1	216.0	1.5	423.0	V7	False	('E', 'G#', 'B', 'D')	E	E	0.0	dominant seventh chord	(2, 4, 8, 11)	A	A	5	None
647.5	1295/2	0.25	1/4	216.0	D6	86.0	True	Violoncello	1	216.0	1.5	423.0	V7	False	('E', 'G#', 'B', 'D')	E	E	0.0	dominant seventh chord	(2, 4, 8, 11)	A	A	5	None
647.75	2591/4	0.25	1/4	216.0	B5	83.0	True	Violoncello	1	216.0	1.5	423.0	V7	False	('E', 'G#', 'B', 'D')	E	E	0.0	dominant seventh chord	(2, 4, 8, 11)	A	A	5	None
648.0	648	0.25	1/4	217.0	A5	81.0	True	Violoncello	1	217.0	1.5	424.0	I	True	('A', 'C#', 'E')	A	A	0.0	major triad	(1, 4, 9)	A	A	1	None
648.0	648	1.0	1	217.0	A2	45.0	True	Violoncello	1	217.0	1.5	424.0	I	True	('A', 'C#', 'E')	A	A	0.0	major triad	(1, 4, 9)	A	A	1	None
648.25	2593/4	0.25	1/4	217.0	C#6	85.0	True	Violoncello	1	217.0	1.5	424.0	I	False	('A', 'C#', 'E')	A	A	0.0	major triad	(1, 4, 9)	A	A	1	None
648.5	1297/2	0.25	1/4	217.0	E6	88.0	True	Violoncello	1	217.0	1.5	424.0	I	False	('A', 'C#', 'E')	A	A	0.0	major triad	(1, 4, 9)	A	A	1	None
648.5	1297/2	0.5	1/2	217.0	C#4	61.0	True	Violoncello	1	217.0	1.5	424.0	I	False	('A', 'C#', 'E')	A	A	0.0	major triad	(1, 4, 9)	A	A	1	None
648.5	1297/2	0.5	1/2	217.0	A3	57.0	True	Violoncello	1	217.0	1.5	424.0	I	False	('A', 'C#', 'E')	A	A	0.0	major triad	(1, 4, 9)	A	A	1	None
648.75	2595/4	0.25	1/4	217.0	C#6	85.0	True	Violoncello	1	217.0	1.5	424.0	I	False	('A', 'C#', 'E')	A	A	0.0	major triad	(1, 4, 9)	A	A	1	None
649.0	649	0.25	1/4	217.0	E6	88.0	True	Violoncello	1	217.0	1.5	424.0	I	False	('A', 'C#', 'E')	A	A	0.0	major triad	(1, 4, 9)	A	A	1	None
649.0	649	0.5	1/2	217.0	E4	64.0	True	Violoncello	1	217.0	1.5	424.0	I	False	('A', 'C#', 'E')	A	A	0.0	major triad	(1, 4, 9)	A	A	1	None
649.0	649	0.5	1/2	217.0	C#4	61.0	True	Violoncello	1	217.0	1.5	424.0	I	False	('A', 'C#', 'E')	A	A	0.0	major triad	(1, 4, 9)	A	A	1	None
649.25	2597/4	0.25	1/4	217.0	C#6	85.0	True	Violoncello	1	217.0	1.5	424.0	I	False	('A', 'C#', 'E')	A	A	0.0	major triad	(1, 4, 9)	A	A	1	None
649.5	1299/2	1.0	1	217.0	E3	52.0	True	Violoncello	1	217.0	1.5	425.0	V7	True	('E', 'G#', 'B', 'D')	E	E	0.0	dominant seventh chord	(2, 4, 8, 11)	A	A	5	None
649.5	1299/2	0.25	1/4	217.0	D6	86.0	True	Violoncello	1	217.0	1.5	425.0	V7	True	('E', 'G#', 'B', 'D')	E	E	0.0	dominant seventh chord	(2, 4, 8, 11)	A	A	5	None
649.75	2599/4	0.25	1/4	217.0	B5	83.0	True	Violoncello	1	217.0	1.5	425.0	V7	False	('E', 'G#', 'B', 'D')	E	E	0.0	dominant seventh chord	(2, 4, 8, 11)	A	A	5	None
650.0	650	0.5	1/2	217.0	B3	59.0	True	Violoncello	1	217.0	1.5	425.0	V7	False	('E', 'G#', 'B', 'D')	E	E	0.0	dominant seventh chord	(2, 4, 8, 11)	A	A	5	None
650.0	650	0.25	1/4	217.0	G#5	80.0	True	Violoncello	1	217.0	1.5	425.0	V7	False	('E', 'G#', 'B', 'D')	E	E	0.0	dominant seventh chord	(2, 4, 8, 11)	A	A	5	None
650.0	650	0.5	1/2	217.0	D4	62.0	True	Violoncello	1	217.0	1.5	425.0	V7	False	('E', 'G#', 'B', 'D')	E	E	0.0	dominant seventh chord	(2, 4, 8, 11)	A	A	5	None
650.25	2601/4	0.25	1/4	217.0	E5	76.0	True	Violoncello	1	217.0	1.5	425.0	V7	False	('E', 'G#', 'B', 'D')	E	E	0.0	dominant seventh chord	(2, 4, 8, 11)	A	A	5	None
650.5	1301/2	0.25	1/4	217.0	D5	74.0	True	Violoncello	1	217.0	1.5	425.0	V7	False	('E', 'G#', 'B', 'D')	E	E	0.0	dominant seventh chord	(2, 4, 8, 11)	A	A	5	None
650.5	1301/2	0.5	1/2	217.0	E4	64.0	True	Violoncello	1	217.0	1.5	425.0	V7	False	('E', 'G#', 'B', 'D')	E	E	0.0	dominant seventh chord	(2, 4, 8, 11)	A	A	5	None
650.5	1301/2	0.5	1/2	217.0	D4	62.0	True	Violoncello	1	217.0	1.5	425.0	V7	False	('E', 'G#', 'B', 'D')	E	E	0.0	dominant seventh chord	(2, 4, 8, 11)	A	A	5	None
650.75	2603/4	0.25	1/4	217.0	B4	71.0	True	Violoncello	1	217.0	1.5	425.0	V7	False	('E', 'G#', 'B', 'D')	E	E	0.0	dominant seventh chord	(2, 4, 8, 11)	A	A	5	None
651.0	651	0.25	1/4	218.0	A4	69.0	True	Violoncello	1	218.0	1.5	426.0	I	True	('A', 'C#', 'E')	A	A	0.0	major triad	(1, 4, 9)	A	A	1	None
651.0	651	1.0	1	218.0	A3	57.0	True	Violoncello	1	218.0	1.5	426.0	I	True	('A', 'C#', 'E')	A	A	0.0	major triad	(1, 4, 9)	A	A	1	None
651.25	2605/4	0.25	1/4	218.0	C#5	73.0	True	Violoncello	1	218.0	1.5	426.0	I	False	('A', 'C#', 'E')	A	A	0.0	major triad	(1, 4, 9)	A	A	1	None
651.5	1303/2	0.25	1/4	218.0	E5	76.0	True	Violoncello	1	218.0	1.5	426.0	I	False	('A', 'C#', 'E')	A	A	0.0	major triad	(1, 4, 9)	A	A	1	None
651.5	1303/2	0.5	1/2	218.0	A4	69.0	True	Violoncello	1	218.0	1.5	426.0	I	False	('A', 'C#', 'E')	A	A	0.0	major triad	(1, 4, 9)	A	A	1	None
651.5	1303/2	0.5	1/2	218.0	C#4	61.0	True	Violoncello	1	218.0	1.5	426.0	I	False	('A', 'C#', 'E')	A	A	0.0	major triad	(1, 4, 9)	A	A	1	None
651.75	2607/4	0.25	1/4	218.0	A5	81.0	True	Violoncello	1	218.0	1.5	426.0	I	False	('A', 'C#', 'E')	A	A	0.0	major triad	(1, 4, 9)	A	A	1	None
652.0	652	0.5	1/2	218.0	E4	64.0	True	Violoncello	1	218.0	1.5	426.0	I	False	('A', 'C#', 'E')	A	A	0.0	major triad	(1, 4, 9)	A	A	1	None
652.0	652	0.25	1/4	218.0	C#6	85.0	True	Violoncello	1	218.0	1.5	426.0	I	False	('A', 'C#', 'E')	A	A	0.0	major triad	(1, 4, 9)	A	A	1	None
652.0	652	0.5	1/2	218.0	C#5	73.0	True	Violoncello	1	218.0	1.5	426.0	I	False	('A', 'C#', 'E')	A	A	0.0	major triad	(1, 4, 9)	A	A	1	None
652.25	2609/4	0.25	1/4	218.0	A5	81.0	True	Violoncello	1	218.0	1.5	426.0	I	False	('A', 'C#', 'E')	A	A	0.0	major triad	(1, 4, 9)	A	A	1	None
652.5	1305/2	1.0	1	218.0	E3	52.0	True	Violoncello	1	218.0	1.5	427.0	V7	True	('E', 'G#', 'B', 'D')	E	E	0.0	dominant seventh chord	(2, 4, 8, 11)	A	A	5	None
652.5	1305/2	0.25	1/4	218.0	G#5	80.0	True	Violoncello	1	218.0	1.5	427.0	V7	True	('E', 'G#', 'B', 'D')	E	E	0.0	dominant seventh chord	(2, 4, 8, 11)	A	A	5	None
652.75	2611/4	0.25	1/4	218.0	B5	83.0	True	Violoncello	1	218.0	1.5	427.0	V7	False	('E', 'G#', 'B', 'D')	E	E	0.0	dominant seventh chord	(2, 4, 8, 11)	A	A	5	None
653.0	653	0.5	1/2	218.0	D4	62.0	True	Violoncello	1	218.0	1.5	427.0	V7	False	('E', 'G#', 'B', 'D')	E	E	0.0	dominant seventh chord	(2, 4, 8, 11)	A	A	5	None
653.0	653	0.25	1/4	218.0	D6	86.0	True	Violoncello	1	218.0	1.5	427.0	V7	False	('E', 'G#', 'B', 'D')	E	E	0.0	dominant seventh chord	(2, 4, 8, 11)	A	A	5	None
653.0	653	0.5	1/2	218.0	B4	71.0	True	Violoncello	1	218.0	1.5	427.0	V7	False	('E', 'G#', 'B', 'D')	E	E	0.0	dominant seventh chord	(2, 4, 8, 11)	A	A	5	None
653.25	2613/4	0.25	1/4	218.0	B5	83.0	True	Violoncello	1	218.0	1.5	427.0	V7	False	('E', 'G#', 'B', 'D')	E	E	0.0	dominant seventh chord	(2, 4, 8, 11)	A	A	5	None
653.5	1307/2	0.25	1/4	218.0	D6	86.0	True	Violoncello	1	218.0	1.5	427.0	V7	False	('E', 'G#', 'B', 'D')	E	E	0.0	dominant seventh chord	(2, 4, 8, 11)	A	A	5	None
653.5	1307/2	0.5	1/2	218.0	D5	74.0	True	Violoncello	1	218.0	1.5	427.0	V7	False	('E', 'G#', 'B', 'D')	E	E	0.0	dominant seventh chord	(2, 4, 8, 11)	A	A	5	None
653.5	1307/2	0.5	1/2	218.0	E4	64.0	True	Violoncello	1	218.0	1.5	427.0	V7	False	('E', 'G#', 'B', 'D')	E	E	0.0	dominant seventh chord	(2, 4, 8, 11)	A	A	5	None
653.75	2615/4	0.25	1/4	218.0	B5	83.0	True	Violoncello	1	218.0	1.5	427.0	V7	False	('E', 'G#', 'B', 'D')	E	E	0.0	dominant seventh chord	(2, 4, 8, 11)	A	A	5	None
654.0	654	0.25	1/4	219.0	A5	81.0	True	Violoncello	1	219.0	3.0	428.0	I	True	('A', 'C#', 'E')	A	A	0.0	major triad	(1, 4, 9)	A	A	1	None
654.0	654	1.0	1	219.0	A2	45.0	True	Violoncello	1	219.0	3.0	428.0	I	True	('A', 'C#', 'E')	A	A	0.0	major triad	(1, 4, 9)	A	A	1	None
654.25	2617/4	0.25	1/4	219.0	B5	83.0	True	Violoncello	1	219.0	3.0	428.0	I	False	('A', 'C#', 'E')	A	A	0.0	major triad	(1, 4, 9)	A	A	1	None
654.5	1309/2	0.25	1/4	219.0	C#6	85.0	True	Violoncello	1	219.0	3.0	428.0	I	False	('A', 'C#', 'E')	A	A	0.0	major triad	(1, 4, 9)	A	A	1	None
654.5	1309/2	0.5	1/2	219.0	A4	69.0	True	Violoncello	1	219.0	3.0	428.0	I	False	('A', 'C#', 'E')	A	A	0.0	major triad	(1, 4, 9)	A	A	1	None
654.5	1309/2	0.5	1/2	219.0	C#4	61.0	True	Violoncello	1	219.0	3.0	428.0	I	False	('A', 'C#', 'E')	A	A	0.0	major triad	(1, 4, 9)	A	A	1	None
654.75	2619/4	0.25	1/4	219.0	D6	86.0	True	Violoncello	1	219.0	3.0	428.0	I	False	('A', 'C#', 'E')	A	A	0.0	major triad	(1, 4, 9)	A	A	1	None
655.0	655	0.5	1/2	219.0	E4	64.0	True	Violoncello	1	219.0	3.0	428.0	I	False	('A', 'C#', 'E')	A	A	0.0	major triad	(1, 4, 9)	A	A	1	None
655.0	655	0.25	1/4	219.0	E6	88.0	True	Violoncello	1	219.0	3.0	428.0	I	False	('A', 'C#', 'E')	A	A	0.0	major triad	(1, 4, 9)	A	A	1	None
655.0	655	0.5	1/2	219.0	C#5	73.0	True	Violoncello	1	219.0	3.0	428.0	I	False	('A', 'C#', 'E')	A	A	0.0	major triad	(1, 4, 9)	A	A	1	None
655.25	2621/4	0.25	1/4	219.0	C#6	85.0	True	Violoncello	1	219.0	3.0	428.0	I	False	('A', 'C#', 'E')	A	A	0.0	major triad	(1, 4, 9)	A	A	1	None
655.5	1311/2	0.25	1/4	219.0	A5	81.0	True	Violoncello	1	219.0	3.0	428.0	I	False	('A', 'C#', 'E')	A	A	0.0	major triad	(1, 4, 9)	A	A	1	None
655.5	1311/2	1.0	1	219.0	A3	57.0	True	Violoncello	1	219.0	3.0	428.0	I	False	('A', 'C#', 'E')	A	A	0.0	major triad	(1, 4, 9)	A	A	1	None
655.75	2623/4	0.25	1/4	219.0	B5	83.0	True	Violoncello	1	219.0	3.0	428.0	I	False	('A', 'C#', 'E')	A	A	0.0	major triad	(1, 4, 9)	A	A	1	None
656.0	656	0.25	1/4	219.0	C#6	85.0	True	Violoncello	1	219.0	3.0	428.0	I	False	('A', 'C#', 'E')	A	A	0.0	major triad	(1, 4, 9)	A	A	1	None
656.0	656	0.5	1/2	219.0	A4	69.0	True	Violoncello	1	219.0	3.0	428.0	I	False	('A', 'C#', 'E')	A	A	0.0	major triad	(1, 4, 9)	A	A	1	None
656.0	656	0.5	1/2	219.0	C#4	61.0	True	Violoncello	1	219.0	3.0	428.0	I	False	('A', 'C#', 'E')	A	A	0.0	major triad	(1, 4, 9)	A	A	1	None
656.25	2625/4	0.25	1/4	219.0	D6	86.0	True	Violoncello	1	219.0	3.0	428.0	I	False	('A', 'C#', 'E')	A	A	0.0	major triad	(1, 4, 9)	A	A	1	None
656.5	1313/2	0.5	1/2	219.0	C#5	73.0	True	Violoncello	1	219.0	3.0	428.0	I	False	('A', 'C#', 'E')	A	A	0.0	major triad	(1, 4, 9)	A	A	1	None
656.5	1313/2	0.5	1/2	219.0	E4	64.0	True	Violoncello	1	219.0	3.0	428.0	I	False	('A', 'C#', 'E')	A	A	0.0	major triad	(1, 4, 9)	A	A	1	None
656.5	1313/2	0.25	1/4	219.0	E6	88.0	True	Violoncello	1	219.0	3.0	428.0	I	False	('A', 'C#', 'E')	A	A	0.0	major triad	(1, 4, 9)	A	A	1	None
656.75	2627/4	0.25	1/4	219.0	C#6	85.0	True	Violoncello	1	219.0	3.0	428.0	I	False	('A', 'C#', 'E')	A	A	0.0	major triad	(1, 4, 9)	A	A	1	None
657.0	657	1.0	1	220.0	A5	81.0	True	Violoncello	1	220.0	3.0	429.0	I	True	('A', 'C#', 'E')	A	A	0.0	major triad	(1, 4, 9)	A	A	1	None
657.0	657	1.0	1	220.0	A4	69.0	True	Violoncello	1	220.0	3.0	429.0	I	True	('A', 'C#', 'E')	A	A	0.0	major triad	(1, 4, 9)	A	A	1	None
657.0	657	1.0	1	220.0	C#4	61.0	True	Violoncello	1	220.0	3.0	429.0	I	True	('A', 'C#', 'E')	A	A	0.0	major triad	(1, 4, 9)	A	A	1	None
657.0	657	1.0	1	220.0	A2	45.0	True	Violoncello	1	220.0	3.0	429.0	I	True	('A', 'C#', 'E')	A	A	0.0	major triad	(1, 4, 9)	A	A	1	None
660.0										221.0	3.0	430.0	I	True	('A', 'C#', 'E')	A	A	0.0	major triad	(1, 4, 9)	A	A	1	None
661.5	1323/2	1.0	1	221.0	C#4	61.0	True	Violoncello	1	221.0	3.0	430.0	I	False	('A', 'C#', 'E')	A	A	0.0	major triad	(1, 4, 9)	A	A	1	None
661.5	1323/2	1.0	1	221.0	C#4	61.0	True	Violoncello	1	221.0	3.0	430.0	I	False	('A', 'C#', 'E')	A	A	0.0	major triad	(1, 4, 9)	A	A	1	None
661.5	1323/2	1.0	1	221.0	C#3	49.0	True	Violoncello	1	221.0	3.0	430.0	I	False	('A', 'C#', 'E')	A	A	0.0	major triad	(1, 4, 9)	A	A	1	None
661.5	1323/2	1.0	1	221.0	C#3	49.0	True	Violoncello	1	221.0	3.0	430.0	I	False	('A', 'C#', 'E')	A	A	0.0	major triad	(1, 4, 9)	A	A	1	None
662.5	1325/2	0.5	1/2	221.0	C#3	49.0	True	Violoncello	1	221.0	3.0	430.0	I	False	('A', 'C#', 'E')	A	A	0.0	major triad	(1, 4, 9)	A	A	1	None
662.5	1325/2	0.5	1/2	221.0	C#4	61.0	True	Violoncello	1	221.0	3.0	430.0	I	False	('A', 'C#', 'E')	A	A	0.0	major triad	(1, 4, 9)	A	A	1	None
662.5	1325/2	0.5	1/2	221.0	C#4	61.0	True	Violoncello	1	221.0	3.0	430.0	I	False	('A', 'C#', 'E')	A	A	0.0	major triad	(1, 4, 9)	A	A	1	None
662.5	1325/2	0.5	1/2	221.0	C#3	49.0	True	Violoncello	1	221.0	3.0	430.0	I	False	('A', 'C#', 'E')	A	A	0.0	major triad	(1, 4, 9)	A	A	1	None
663.0	663	0.25	1/4	222.0	A2	45.0	True	Violoncello	1	222.0	3.0	431.0	I	True	('A', 'C#', 'E')	A	A	0.0	major triad	(1, 4, 9)	A	A	1	None
663.0	663	1.0	1	222.0	A4	69.0	True	Violoncello	1	222.0	3.0	431.0	I	True	('A', 'C#', 'E')	A	A	0.0	major triad	(1, 4, 9)	A	A	1	None
663.0	663	1.0	1	222.0	A5	81.0	True	Violoncello	1	222.0	3.0	431.0	I	True	('A', 'C#', 'E')	A	A	0.0	major triad	(1, 4, 9)	A	A	1	None
663.0	663	1.0	1	222.0	C#4	61.0	True	Violoncello	1	222.0	3.0	431.0	I	True	('A', 'C#', 'E')	A	A	0.0	major triad	(1, 4, 9)	A	A	1	None
663.25	2653/4	0.25	1/4	222.0	B2	47.0	True	Violoncello	1	222.0	3.0	431.0	I	False	('A', 'C#', 'E')	A	A	0.0	major triad	(1, 4, 9)	A	A	1	None
663.5	1327/2	0.25	1/4	222.0	C#3	49.0	True	Violoncello	1	222.0	3.0	431.0	I	False	('A', 'C#', 'E')	A	A	0.0	major triad	(1, 4, 9)	A	A	1	None
663.75	2655/4	0.25	1/4	222.0	D3	50.0	True	Violoncello	1	222.0	3.0	431.0	I	False	('A', 'C#', 'E')	A	A	0.0	major triad	(1, 4, 9)	A	A	1	None
664.0	664	0.25	1/4	222.0	E3	52.0	True	Violoncello	1	222.0	3.0	431.0	I	False	('A', 'C#', 'E')	A	A	0.0	major triad	(1, 4, 9)	A	A	1	None
664.25	2657/4	0.25	1/4	222.0	C#3	49.0	True	Violoncello	1	222.0	3.0	431.0	I	False	('A', 'C#', 'E')	A	A	0.0	major triad	(1, 4, 9)	A	A	1	None
664.5	1329/2	0.25	1/4	222.0	A4	69.0	True	Violoncello	1	222.0	3.0	431.0	I	False	('A', 'C#', 'E')	A	A	0.0	major triad	(1, 4, 9)	A	A	1	None
664.5	1329/2	1.0	1	222.0	A2	45.0	True	Violoncello	1	222.0	3.0	431.0	I	False	('A', 'C#', 'E')	A	A	0.0	major triad	(1, 4, 9)	A	A	1	None
664.75	2659/4	0.25	1/4	222.0	B4	71.0	True	Violoncello	1	222.0	3.0	431.0	I	False	('A', 'C#', 'E')	A	A	0.0	major triad	(1, 4, 9)	A	A	1	None
665.0	665	0.25	1/4	222.0	C#5	73.0	True	Violoncello	1	222.0	3.0	431.0	I	False	('A', 'C#', 'E')	A	A	0.0	major triad	(1, 4, 9)	A	A	1	None
665.25	2661/4	0.25	1/4	222.0	D5	74.0	True	Violoncello	1	222.0	3.0	431.0	I	False	('A', 'C#', 'E')	A	A	0.0	major triad	(1, 4, 9)	A	A	1	None
665.5	1331/2	0.25	1/4	222.0	E5	76.0	True	Violoncello	1	222.0	3.0	431.0	I	False	('A', 'C#', 'E')	A	A	0.0	major triad	(1, 4, 9)	A	A	1	None
665.75	2663/4	0.25	1/4	222.0	C#5	73.0	True	Violoncello	1	222.0	3.0	431.0	I	False	('A', 'C#', 'E')	A	A	0.0	major triad	(1, 4, 9)	A	A	1	None
666.0	666	0.5	1/2	223.0	A4	69.0	True	Violoncello	1	223.0	3.0	432.0	I	True	('A', 'C#', 'E')	A	A	0.0	major triad	(1, 4, 9)	A	A	1	None
666.0	666	0.5	1/2	223.0	C#4	61.0	True	Violoncello	1	223.0	3.0	432.0	I	True	('A', 'C#', 'E')	A	A	0.0	major triad	(1, 4, 9)	A	A	1	None
666.0	666	1.0	1	223.0	A3	57.0	True	Violoncello	1	223.0	3.0	432.0	I	True	('A', 'C#', 'E')	A	A	0.0	major triad	(1, 4, 9)	A	A	1	None
666.5	1333/2	0.5	1/2	223.0	B4	71.0	True	Violoncello	1	223.0	3.0	432.0	I	False	('A', 'C#', 'E')	A	A	0.0	major triad	(1, 4, 9)	A	A	1	None
666.5	1333/2	0.5	1/2	223.0	D4	62.0	True	Violoncello	1	223.0	3.0	432.0	I	False	('A', 'C#', 'E')	A	A	0.0	major triad	(1, 4, 9)	A	A	1	None
667.0	667	0.5	1/2	223.0	C#5	73.0	True	Violoncello	1	223.0	3.0	432.0	I	False	('A', 'C#', 'E')	A	A	0.0	major triad	(1, 4, 9)	A	A	1	None
667.0	667	0.5	1/2	223.0	E4	64.0	True	Violoncello	1	223.0	3.0	432.0	I	False	('A', 'C#', 'E')	A	A	0.0	major triad	(1, 4, 9)	A	A	1	None
667.5	1335/2	0.5	1/2	223.0	A5	81.0	True	Violoncello	1	223.0	3.0	432.0	I	False	('A', 'C#', 'E')	A	A	0.0	major triad	(1, 4, 9)	A	A	1	None
668.0	668	0.5	1/2	223.0	B5	83.0	True	Violoncello	1	223.0	3.0	432.0	I	False	('A', 'C#', 'E')	A	A	0.0	major triad	(1, 4, 9)	A	A	1	None
668.5	1337/2	0.5	1/2	223.0	C#6	85.0	True	Violoncello	1	223.0	3.0	432.0	I	False	('A', 'C#', 'E')	A	A	0.0	major triad	(1, 4, 9)	A	A	1	None
669.0	669	0.5	1/2	224.0	A4	69.0	True	Violoncello	1	224.0	3.0	433.0	I	True	('A', 'C#', 'E')	A	A	0.0	major triad	(1, 4, 9)	A	A	1	None
669.0	669	1.0	1	224.0	A3	57.0	True	Violoncello	1	224.0	3.0	433.0	I	True	('A', 'C#', 'E')	A	A	0.0	major triad	(1, 4, 9)	A	A	1	None
669.0	669	0.5	1/2	224.0	C#5	73.0	True	Violoncello	1	224.0	3.0	433.0	I	True	('A', 'C#', 'E')	A	A	0.0	major triad	(1, 4, 9)	A	A	1	None
669.5	1339/2	0.5	1/2	224.0	D5	74.0	True	Violoncello	1	224.0	3.0	433.0	I	False	('A', 'C#', 'E')	A	A	0.0	major triad	(1, 4, 9)	A	A	1	None
669.5	1339/2	0.5	1/2	224.0	B4	71.0	True	Violoncello	1	224.0	3.0	433.0	I	False	('A', 'C#', 'E')	A	A	0.0	major triad	(1, 4, 9)	A	A	1	None
670.0	670	0.5	1/2	224.0	C#5	73.0	True	Violoncello	1	224.0	3.0	433.0	I	False	('A', 'C#', 'E')	A	A	0.0	major triad	(1, 4, 9)	A	A	1	None
670.0	670	0.5	1/2	224.0	E5	76.0	True	Violoncello	1	224.0	3.0	433.0	I	False	('A', 'C#', 'E')	A	A	0.0	major triad	(1, 4, 9)	A	A	1	None
670.5	1341/2	0.5	1/2	224.0	C#6	85.0	True	Violoncello	1	224.0	3.0	433.0	I	False	('A', 'C#', 'E')	A	A	0.0	major triad	(1, 4, 9)	A	A	1	None
671.0	671	0.5	1/2	224.0	D6	86.0	True	Violoncello	1	224.0	3.0	433.0	I	False	('A', 'C#', 'E')	A	A	0.0	major triad	(1, 4, 9)	A	A	1	None
671.5	1343/2	0.5	1/2	224.0	E6	88.0	True	Violoncello	1	224.0	3.0	433.0	I	False	('A', 'C#', 'E')	A	A	0.0	major triad	(1, 4, 9)	A	A	1	None
672.0	672	0.5	1/2	225.0	A4	69.0	True	Violoncello	1	225.0	1.5	434.0	I	True	('A', 'C#', 'E')	A	A	0.0	major triad	(1, 4, 9)	A	A	1	None
672.5	1345/2	0.5	1/2	225.0	B4	71.0	True	Violoncello	1	225.0	1.5	434.0	I	False	('A', 'C#', 'E')	A	A	0.0	major triad	(1, 4, 9)	A	A	1	None
673.0	673	0.5	1/2	225.0	C#5	73.0	True	Violoncello	1	225.0	1.5	434.0	I	False	('A', 'C#', 'E')	A	A	0.0	major triad	(1, 4, 9)	A	A	1	None
673.5	1347/2	0.5	1/2	225.0	E4	64.0	True	Violoncello	1	225.0	1.5	435.0	IV	True	('D', 'F#', 'A')	D	D	0.0	major triad	(2, 6, 9)	A	A	4	None
673.5	1347/2	0.5	1/2	225.0	C#5	73.0	True	Violoncello	1	225.0	1.5	435.0	IV	True	('D', 'F#', 'A')	D	D	0.0	major triad	(2, 6, 9)	A	A	4	None
673.5	1347/2	0.5	1/2	225.0	A3	57.0	True	Violoncello	1	225.0	1.5	435.0	IV	True	('D', 'F#', 'A')	D	D	0.0	major triad	(2, 6, 9)	A	A	4	None
674.0	674	0.5	1/2	225.0	D5	74.0	True	Violoncello	1	225.0	1.5	435.0	IV	False	('D', 'F#', 'A')	D	D	0.0	major triad	(2, 6, 9)	A	A	4	None
674.0	674	0.5	1/2	225.0	B3	59.0	True	Violoncello	1	225.0	1.5	435.0	IV	False	('D', 'F#', 'A')	D	D	0.0	major triad	(2, 6, 9)	A	A	4	None
674.0	674	0.5	1/2	225.0	E4	64.0	True	Violoncello	1	225.0	1.5	435.0	IV	False	('D', 'F#', 'A')	D	D	0.0	major triad	(2, 6, 9)	A	A	4	None
674.5	1349/2	0.5	1/2	225.0	E4	64.0	True	Violoncello	1	225.0	1.5	435.0	IV	False	('D', 'F#', 'A')	D	D	0.0	major triad	(2, 6, 9)	A	A	4	None
674.5	1349/2	0.5	1/2	225.0	E5	76.0	True	Violoncello	1	225.0	1.5	435.0	IV	False	('D', 'F#', 'A')	D	D	0.0	major triad	(2, 6, 9)	A	A	4	None
674.5	1349/2	0.5	1/2	225.0	C#4	61.0	True	Violoncello	1	225.0	1.5	435.0	IV	False	('D', 'F#', 'A')	D	D	0.0	major triad	(2, 6, 9)	A	A	4	None
675.0	675	0.5	1/2	226.0	C#4	61.0	True	Violoncello	1	226.0	1.0	436.0	I	True	('C#', 'E', 'A')	C#	A	1.0	major triad	(1, 4, 9)	A	A	1	None
675.0	675	0.5	1/2	226.0	E5	76.0	True	Violoncello	1	226.0	1.0	436.0	I	True	('C#', 'E', 'A')	C#	A	1.0	major triad	(1, 4, 9)	A	A	1	None
675.0	675	0.5	1/2	226.0	A4	69.0	True	Violoncello	1	226.0	1.0	436.0	I	True	('C#', 'E', 'A')	C#	A	1.0	major triad	(1, 4, 9)	A	A	1	None
675.5	1351/2	0.5	1/2	226.0	F#5	78.0	True	Violoncello	1	226.0	1.0	436.0	I	False	('C#', 'E', 'A')	C#	A	1.0	major triad	(1, 4, 9)	A	A	1	None
675.5	1351/2	0.5	1/2	226.0	A4	69.0	True	Violoncello	1	226.0	1.0	436.0	I	False	('C#', 'E', 'A')	C#	A	1.0	major triad	(1, 4, 9)	A	A	1	None
675.5	1351/2	0.5	1/2	226.0	D4	62.0	True	Violoncello	1	226.0	1.0	436.0	I	False	('C#', 'E', 'A')	C#	A	1.0	major triad	(1, 4, 9)	A	A	1	None
676.0	676	0.5	1/2	226.0	A4	69.0	True	Violoncello	1	226.0	0.5	437.0	V	True	('B', 'E', 'G#')	B	E	2.0	major triad	(4, 8, 11)	A	A	5	None
676.0	676	0.5	1/2	226.0	B3	59.0	True	Violoncello	1	226.0	0.5	437.0	V	True	('B', 'E', 'G#')	B	E	2.0	major triad	(4, 8, 11)	A	A	5	None
676.0	676	0.5	1/2	226.0	G#5	80.0	True	Violoncello	1	226.0	0.5	437.0	V	True	('B', 'E', 'G#')	B	E	2.0	major triad	(4, 8, 11)	A	A	5	None
676.5	1353/2	0.5	1/2	226.0	E6	88.0	True	Violoncello	1	226.0	1.5	438.0	I	True	('C#', 'E', 'A')	C#	A	1.0	major triad	(1, 4, 9)	A	A	1	None
676.5	1353/2	1.0	1	226.0	A5	81.0	True	Violoncello	1	226.0	1.5	438.0	I	True	('C#', 'E', 'A')	C#	A	1.0	major triad	(1, 4, 9)	A	A	1	None
676.5	1353/2	1.0	1	226.0	A4	69.0	True	Violoncello	1	226.0	1.5	438.0	I	True	('C#', 'E', 'A')	C#	A	1.0	major triad	(1, 4, 9)	A	A	1	None
676.5	1353/2	1.0	1	226.0	C#4	61.0	True	Violoncello	1	226.0	1.5	438.0	I	True	('C#', 'E', 'A')	C#	A	1.0	major triad	(1, 4, 9)	A	A	1	None
677.0	677	0.5	1/2	226.0	F#6	90.0	True	Violoncello	1	226.0	1.5	438.0	I	False	('C#', 'E', 'A')	C#	A	1.0	major triad	(1, 4, 9)	A	A	1	None
677.5	1355/2	0.5	1/2	226.0	G#6	92.0	True	Violoncello	1	226.0	1.5	438.0	I	False	('C#', 'E', 'A')	C#	A	1.0	major triad	(1, 4, 9)	A	A	1	None
678.0	678	1.0	1	227.0	A6	93.0	True	Violoncello	1	227.0	1.5	439.0	I	True	('C#', 'E', 'A')	C#	A	1.0	major triad	(1, 4, 9)	A	A	1	None
679.5	1359/2	1.0	1	227.0	E4	64.0	True	Violoncello	1	227.0	1.5	440.0	V7	True	('E', 'G#', 'B', 'D')	E	E	0.0	dominant seventh chord	(2, 4, 8, 11)	A	A	5	None
679.5	1359/2	1.0	1	227.0	E3	52.0	True	Violoncello	1	227.0	1.5	440.0	V7	True	('E', 'G#', 'B', 'D')	E	E	0.0	dominant seventh chord	(2, 4, 8, 11)	A	A	5	None
679.5	1359/2	1.0	1	227.0	B4	71.0	True	Violoncello	1	227.0	1.5	440.0	V7	True	('E', 'G#', 'B', 'D')	E	E	0.0	dominant seventh chord	(2, 4, 8, 11)	A	A	5	None
679.5	1359/2	1.0	1	227.0	D5	74.0	True	Violoncello	1	227.0	1.5	440.0	V7	True	('E', 'G#', 'B', 'D')	E	E	0.0	dominant seventh chord	(2, 4, 8, 11)	A	A	5	None
679.5	1359/2	1.0	1	227.0	E4	64.0	True	Violoncello	1	227.0	1.5	440.0	V7	True	('E', 'G#', 'B', 'D')	E	E	0.0	dominant seventh chord	(2, 4, 8, 11)	A	A	5	None
679.5	1359/2	1.0	1	227.0	G#5	80.0	True	Violoncello	1	227.0	1.5	440.0	V7	True	('E', 'G#', 'B', 'D')	E	E	0.0	dominant seventh chord	(2, 4, 8, 11)	A	A	5	None
679.5	1359/2	1.0	1	227.0	E4	64.0	True	Violoncello	1	227.0	1.5	440.0	V7	True	('E', 'G#', 'B', 'D')	E	E	0.0	dominant seventh chord	(2, 4, 8, 11)	A	A	5	None
681.0	681	1.0	1	228.0	A3	57.0	True	Violoncello	1	228.0	3.0	441.0	I	True	('A', 'C#', 'E')	A	A	0.0	major triad	(1, 4, 9)	A	A	1	None
681.0	681	1.0	1	228.0	E4	64.0	True	Violoncello	1	228.0	3.0	441.0	I	True	('A', 'C#', 'E')	A	A	0.0	major triad	(1, 4, 9)	A	A	1	None
681.0	681	1.0	1	228.0	A5	81.0	True	Violoncello	1	228.0	3.0	441.0	I	True	('A', 'C#', 'E')	A	A	0.0	major triad	(1, 4, 9)	A	A	1	None
681.0	681	1.0	1	228.0	E4	64.0	True	Violoncello	1	228.0	3.0	441.0	I	True	('A', 'C#', 'E')	A	A	0.0	major triad	(1, 4, 9)	A	A	1	None
681.0	681	1.0	1	228.0	C#5	73.0	True	Violoncello	1	228.0	3.0	441.0	I	True	('A', 'C#', 'E')	A	A	0.0	major triad	(1, 4, 9)	A	A	1	None
681.0	681	1.0	1	228.0	A3	57.0	True	Violoncello	1	228.0	3.0	441.0	I	True	('A', 'C#', 'E')	A	A	0.0	major triad	(1, 4, 9)	A	A	1	None
681.0	681	3.0	1	228.0	A2	45.0	True	Violoncello	1	228.0	3.0	441.0	I	True	('A', 'C#', 'E')	A	A	0.0	major triad	(1, 4, 9)	A	A	1	None
681.0	681	1.0	1	228.0	C#5	73.0	True	Violoncello	1	228.0	3.0	441.0	I	True	('A', 'C#', 'E')	A	A	0.0	major triad	(1, 4, 9)	A	A	1	None
