j_offset	s_duration	s_measure	s_note	s_midi	s_isOnset	a_measure	a_duration	a_annotationNumber	a_romanNumeral	a_isOnset	a_pitchNames	a_bass	a_root	a_inversion	a_quality	a_pcset	a_localKey	a_tonicizedKey	a_degree1	a_degree2
0.0	0.5	1.0	D5	74.0	True	1.0	1.5	0.0	I	True	('G', 'B', 'D')	G	G	0.0	major triad	(2, 7, 11)	G	G	1	None
0.0	0.5	1.0	B3	59.0	True	1.0	1.5	0.0	I	True	('G', 'B', 'D')	G	G	0.0	major triad	(2, 7, 11)	G	G	1	None
0.0	0.5	1.0	G3	55.0	True	1.0	1.5	0.0	I	True	('G', 'B', 'D')	G	G	0.0	major triad	(2, 7, 11)	G	G	1	None
0.0	1.0	1.0	G3	55.0	True	1.0	1.5	0.0	I	True	('G', 'B', 'D')	G	G	0.0	major triad	(2, 7, 11)	G	G	1	None
0.5	0.5	1.0	B4	71.0	True	1.0	1.5	0.0	I	False	('G', 'B', 'D')	G	G	0.0	major triad	(2, 7, 11)	G	G	1	None
0.5	0.5	1.0	D4	62.0	True	1.0	1.5	0.0	I	False	('G', 'B', 'D')	G	G	0.0	major triad	(2, 7, 11)	G	G	1	None
0.5	0.5	1.0	B3	59.0	True	1.0	1.5	0.0	I	False	('G', 'B', 'D')	G	G	0.0	major triad	(2, 7, 11)	G	G	1	None
1.0	0.25	1.0	D5	74.0	True	1.0	1.5	0.0	I	False	('G', 'B', 'D')	G	G	0.0	major triad	(2, 7, 11)	G	G	1	None
1.0	0.5	1.0	B3	59.0	True	1.0	1.5	0.0	I	False	('G', 'B', 'D')	G	G	0.0	major triad	(2, 7, 11)	G	G	1	None
1.0	0.5	1.0	G3	55.0	True	1.0	1.5	0.0	I	False	('G', 'B', 'D')	G	G	0.0	major triad	(2, 7, 11)	G	G	1	None
1.5	1.5	2.0	G4	67.0	True	2.0	1.5	1.0	vi	True	('E', 'G', 'B')	E	E	0.0	minor triad	(4, 7, 11)	G	G	6	None
1.5	0.5	2.0	E4	64.0	True	2.0	1.5	1.0	vi	True	('E', 'G', 'B')	E	E	0.0	minor triad	(4, 7, 11)	G	G	6	None
1.5	0.5	2.0	B3	59.0	True	2.0	1.5	1.0	vi	True	('E', 'G', 'B')	E	E	0.0	minor triad	(4, 7, 11)	G	G	6	None
1.5	1.0	2.0	E4	64.0	True	2.0	1.5	1.0	vi	True	('E', 'G', 'B')	E	E	0.0	minor triad	(4, 7, 11)	G	G	6	None
2.0	0.5	2.0	E3	52.0	True	2.0	1.5	1.0	vi	False	('E', 'G', 'B')	E	E	0.0	minor triad	(4, 7, 11)	G	G	6	None
2.0	0.5	2.0	G3	55.0	True	2.0	1.5	1.0	vi	False	('E', 'G', 'B')	E	E	0.0	minor triad	(4, 7, 11)	G	G	6	None
2.5	0.5	2.0	E4	64.0	True	2.0	1.5	1.0	vi	False	('E', 'G', 'B')	E	E	0.0	minor triad	(4, 7, 11)	G	G	6	None
2.5	0.5	2.0	B3	59.0	True	2.0	1.5	1.0	vi	False	('E', 'G', 'B')	E	E	0.0	minor triad	(4, 7, 11)	G	G	6	None
3.0	0.25	3.0	A4	69.0	True	3.0	1.5	2.0	ii	True	('C', 'E', 'A')	C	A	1.0	minor triad	(0, 4, 9)	G	G	2	None
3.0	0.5	3.0	E4	64.0	True	3.0	1.5	2.0	ii	True	('C', 'E', 'A')	C	A	1.0	minor triad	(0, 4, 9)	G	G	2	None
3.0	0.5	3.0	C3	48.0	True	3.0	1.5	2.0	ii	True	('C', 'E', 'A')	C	A	1.0	minor triad	(0, 4, 9)	G	G	2	None
3.0	1.0	3.0	C4	60.0	True	3.0	1.5	2.0	ii	True	('C', 'E', 'A')	C	A	1.0	minor triad	(0, 4, 9)	G	G	2	None
3.25	0.25	3.0	B4	71.0	True	3.0	1.5	2.0	ii	False	('C', 'E', 'A')	C	A	1.0	minor triad	(0, 4, 9)	G	G	2	None
3.5	0.5	3.0	C5	72.0	True	3.0	1.5	2.0	ii	False	('C', 'E', 'A')	C	A	1.0	minor triad	(0, 4, 9)	G	G	2	None
3.5	0.5	3.0	C4	60.0	True	3.0	1.5	2.0	ii	False	('C', 'E', 'A')	C	A	1.0	minor triad	(0, 4, 9)	G	G	2	None
3.5	0.5	3.0	A3	57.0	True	3.0	1.5	2.0	ii	False	('C', 'E', 'A')	C	A	1.0	minor triad	(0, 4, 9)	G	G	2	None
4.0	0.25	3.0	E5	76.0	True	3.0	1.5	2.0	ii	False	('C', 'E', 'A')	C	A	1.0	minor triad	(0, 4, 9)	G	G	2	None
4.0	0.5	3.0	A4	69.0	True	3.0	1.5	2.0	ii	False	('C', 'E', 'A')	C	A	1.0	minor triad	(0, 4, 9)	G	G	2	None
4.0	0.5	3.0	C3	48.0	True	3.0	1.5	2.0	ii	False	('C', 'E', 'A')	C	A	1.0	minor triad	(0, 4, 9)	G	G	2	None
4.5	1.0	4.0	D4	62.0	True	4.0	1.5	3.0	V7	True	('D', 'F#', 'A', 'C')	D	D	0.0	dominant seventh chord	(0, 2, 6, 9)	G	G	5	None
4.5	0.5	4.0	C4	60.0	True	4.0	1.5	3.0	V7	True	('D', 'F#', 'A', 'C')	D	D	0.0	dominant seventh chord	(0, 2, 6, 9)	G	G	5	None
4.5	0.5	4.0	A4	69.0	True	4.0	1.5	3.0	V7	True	('D', 'F#', 'A', 'C')	D	D	0.0	dominant seventh chord	(0, 2, 6, 9)	G	G	5	None
4.5	0.5	4.0	G4	67.0	True	4.0	1.5	3.0	V7	True	('D', 'F#', 'A', 'C')	D	D	0.0	dominant seventh chord	(0, 2, 6, 9)	G	G	5	None
5.0	1.0	4.0	F#4	66.0	True	4.0	1.5	3.0	V7	False	('D', 'F#', 'A', 'C')	D	D	0.0	dominant seventh chord	(0, 2, 6, 9)	G	G	5	None
5.0	0.5	4.0	C5	72.0	True	4.0	1.5	3.0	V7	False	('D', 'F#', 'A', 'C')	D	D	0.0	dominant seventh chord	(0, 2, 6, 9)	G	G	5	None
5.0	0.5	4.0	D3	50.0	True	4.0	1.5	3.0	V7	False	('D', 'F#', 'A', 'C')	D	D	0.0	dominant seventh chord	(0, 2, 6, 9)	G	G	5	None
5.5	0.5	4.0	A4	69.0	True	4.0	1.5	3.0	V7	False	('D', 'F#', 'A', 'C')	D	D	0.0	dominant seventh chord	(0, 2, 6, 9)	G	G	5	None
5.5	0.5	4.0	C4	60.0	True	4.0	1.5	3.0	V7	False	('D', 'F#', 'A', 'C')	D	D	0.0	dominant seventh chord	(0, 2, 6, 9)	G	G	5	None
6.0	0.5	5.0	D6	86.0	True	5.0	1.5	4.0	I	True	('G', 'B', 'D')	G	G	0.0	major triad	(2, 7, 11)	G	G	1	None
6.0	0.5	5.0	D5	74.0	True	5.0	1.5	4.0	I	True	('G', 'B', 'D')	G	G	0.0	major triad	(2, 7, 11)	G	G	1	None
6.0	0.5	5.0	B3	59.0	True	5.0	1.5	4.0	I	True	('G', 'B', 'D')	G	G	0.0	major triad	(2, 7, 11)	G	G	1	None
6.0	0.5	5.0	G2	43.0	True	5.0	1.5	4.0	I	True	('G', 'B', 'D')	G	G	0.0	major triad	(2, 7, 11)	G	G	1	None
6.5	0.5	5.0	B5	83.0	True	5.0	1.5	4.0	I	False	('G', 'B', 'D')	G	G	0.0	major triad	(2, 7, 11)	G	G	1	None
6.5	0.5	5.0	B4	71.0	True	5.0	1.5	4.0	I	False	('G', 'B', 'D')	G	G	0.0	major triad	(2, 7, 11)	G	G	1	None
6.5	0.5	5.0	D4	62.0	True	5.0	1.5	4.0	I	False	('G', 'B', 'D')	G	G	0.0	major triad	(2, 7, 11)	G	G	1	None
6.5	0.5	5.0	B2	47.0	True	5.0	1.5	4.0	I	False	('G', 'B', 'D')	G	G	0.0	major triad	(2, 7, 11)	G	G	1	None
7.0	0.5	5.0	G2	43.0	True	5.0	1.5	4.0	I	False	('G', 'B', 'D')	G	G	0.0	major triad	(2, 7, 11)	G	G	1	None
7.0	0.5	5.0	B3	59.0	True	5.0	1.5	4.0	I	False	('G', 'B', 'D')	G	G	0.0	major triad	(2, 7, 11)	G	G	1	None
7.0	0.25	5.0	D6	86.0	True	5.0	1.5	4.0	I	False	('G', 'B', 'D')	G	G	0.0	major triad	(2, 7, 11)	G	G	1	None
7.0	0.25	5.0	D5	74.0	True	5.0	1.5	4.0	I	False	('G', 'B', 'D')	G	G	0.0	major triad	(2, 7, 11)	G	G	1	None
7.5	1.5	6.0	G5	79.0	True	6.0	1.5	5.0	vi	True	('B', 'E', 'G')	B	E	2.0	minor triad	(4, 7, 11)	G	G	6	None
7.5	1.5	6.0	G4	67.0	True	6.0	1.5	5.0	vi	True	('B', 'E', 'G')	B	E	2.0	minor triad	(4, 7, 11)	G	G	6	None
7.5	0.5	6.0	E4	64.0	True	6.0	1.5	5.0	vi	True	('B', 'E', 'G')	B	E	2.0	minor triad	(4, 7, 11)	G	G	6	None
7.5	0.5	6.0	B2	47.0	True	6.0	1.5	5.0	vi	True	('B', 'E', 'G')	B	E	2.0	minor triad	(4, 7, 11)	G	G	6	None
8.0	0.5	6.0	G3	55.0	True	6.0	1.5	5.0	vi	False	('B', 'E', 'G')	B	E	2.0	minor triad	(4, 7, 11)	G	G	6	None
8.0	0.5	6.0	E2	40.0	True	6.0	1.5	5.0	vi	False	('B', 'E', 'G')	B	E	2.0	minor triad	(4, 7, 11)	G	G	6	None
8.5	0.5	6.0	E4	64.0	True	6.0	1.5	5.0	vi	False	('B', 'E', 'G')	B	E	2.0	minor triad	(4, 7, 11)	G	G	6	None
8.5	0.5	6.0	B2	47.0	True	6.0	1.5	5.0	vi	False	('B', 'E', 'G')	B	E	2.0	minor triad	(4, 7, 11)	G	G	6	None
9.0	0.5	7.0	E4	64.0	True	7.0	0.1667	6.0	ii	True	('C', 'E', 'A')	C	A	1.0	minor triad	(0, 4, 9)	G	G	2	None
9.0	0.25	7.0	A5	81.0	True	7.0	0.1667	6.0	ii	True	('C', 'E', 'A')	C	A	1.0	minor triad	(0, 4, 9)	G	G	2	None
9.0	0.25	7.0	A4	69.0	True	7.0	0.1667	6.0	ii	True	('C', 'E', 'A')	C	A	1.0	minor triad	(0, 4, 9)	G	G	2	None
9.0	0.5	7.0	C2	36.0	True	7.0	0.1667	6.0	ii	True	('C', 'E', 'A')	C	A	1.0	minor triad	(0, 4, 9)	G	G	2	None
9.1667						7.0	0.1667	7.0	ii	True	('A', 'C', 'E')	A	A	0.0	minor triad	(0, 4, 9)	G	G	2	None
9.25	0.25	7.0	B4	71.0	True	7.0	0.1667	7.0	ii	False	('A', 'C', 'E')	A	A	0.0	minor triad	(0, 4, 9)	G	G	2	None
9.25	0.25	7.0	B5	83.0	True	7.0	0.1667	7.0	ii	False	('A', 'C', 'E')	A	A	0.0	minor triad	(0, 4, 9)	G	G	2	None
9.3333						7.0	1.1667	8.0	V7	True	('D', 'F#', 'A', 'C')	D	D	0.0	dominant seventh chord	(0, 2, 6, 9)	G	G	5	None
9.5	0.5	7.0	C5	72.0	True	7.0	1.1667	8.0	V7	False	('D', 'F#', 'A', 'C')	D	D	0.0	dominant seventh chord	(0, 2, 6, 9)	G	G	5	None
9.5	0.5	7.0	E3	52.0	True	7.0	1.1667	8.0	V7	False	('D', 'F#', 'A', 'C')	D	D	0.0	dominant seventh chord	(0, 2, 6, 9)	G	G	5	None
9.5	0.5	7.0	A2	45.0	True	7.0	1.1667	8.0	V7	False	('D', 'F#', 'A', 'C')	D	D	0.0	dominant seventh chord	(0, 2, 6, 9)	G	G	5	None
9.5	0.5	7.0	C6	84.0	True	7.0	1.1667	8.0	V7	False	('D', 'F#', 'A', 'C')	D	D	0.0	dominant seventh chord	(0, 2, 6, 9)	G	G	5	None
10.0	0.25	7.0	F#5	78.0	True	7.0	1.1667	8.0	V7	False	('D', 'F#', 'A', 'C')	D	D	0.0	dominant seventh chord	(0, 2, 6, 9)	G	G	5	None
10.0	0.25	7.0	F#4	66.0	True	7.0	1.1667	8.0	V7	False	('D', 'F#', 'A', 'C')	D	D	0.0	dominant seventh chord	(0, 2, 6, 9)	G	G	5	None
10.0	0.5	7.0	C4	60.0	True	7.0	1.1667	8.0	V7	False	('D', 'F#', 'A', 'C')	D	D	0.0	dominant seventh chord	(0, 2, 6, 9)	G	G	5	None
10.0	0.5	7.0	A4	69.0	True	7.0	1.1667	8.0	V7	False	('D', 'F#', 'A', 'C')	D	D	0.0	dominant seventh chord	(0, 2, 6, 9)	G	G	5	None
10.0	0.5	7.0	D2	38.0	True	7.0	1.1667	8.0	V7	False	('D', 'F#', 'A', 'C')	D	D	0.0	dominant seventh chord	(0, 2, 6, 9)	G	G	5	None
10.5	0.5	8.0	F#5	78.0	True	8.0	0.1667	9.0	V7	True	('D', 'F#', 'A', 'C')	D	D	0.0	dominant seventh chord	(0, 2, 6, 9)	G	G	5	None
10.5	0.5	8.0	F#4	66.0	True	8.0	0.1667	9.0	V7	True	('D', 'F#', 'A', 'C')	D	D	0.0	dominant seventh chord	(0, 2, 6, 9)	G	G	5	None
10.5	0.5	8.0	C4	60.0	True	8.0	0.1667	9.0	V7	True	('D', 'F#', 'A', 'C')	D	D	0.0	dominant seventh chord	(0, 2, 6, 9)	G	G	5	None
10.5	0.5	8.0	A4	69.0	True	8.0	0.1667	9.0	V7	True	('D', 'F#', 'A', 'C')	D	D	0.0	dominant seventh chord	(0, 2, 6, 9)	G	G	5	None
10.5	0.5	8.0	D3	50.0	True	8.0	0.1667	9.0	V7	True	('D', 'F#', 'A', 'C')	D	D	0.0	dominant seventh chord	(0, 2, 6, 9)	G	G	5	None
10.6667						8.0	1.3333	10.0	I	True	('G', 'B', 'D')	G	G	0.0	major triad	(2, 7, 11)	G	G	1	None
11.0	0.5	8.0	G4	67.0	True	8.0	1.3333	10.0	I	False	('G', 'B', 'D')	G	G	0.0	major triad	(2, 7, 11)	G	G	1	None
11.0	0.5	8.0	B3	59.0	True	8.0	1.3333	10.0	I	False	('G', 'B', 'D')	G	G	0.0	major triad	(2, 7, 11)	G	G	1	None
11.0	1.0	8.0	G5	79.0	True	8.0	1.3333	10.0	I	False	('G', 'B', 'D')	G	G	0.0	major triad	(2, 7, 11)	G	G	1	None
11.0	1.0	8.0	G4	67.0	True	8.0	1.3333	10.0	I	False	('G', 'B', 'D')	G	G	0.0	major triad	(2, 7, 11)	G	G	1	None
11.0	0.5	8.0	D2	38.0	True	8.0	1.3333	10.0	I	False	('G', 'B', 'D')	G	G	0.0	major triad	(2, 7, 11)	G	G	1	None
11.5	0.5	8.0	B3	59.0	True	8.0	1.3333	10.0	I	False	('G', 'B', 'D')	G	G	0.0	major triad	(2, 7, 11)	G	G	1	None
11.5	0.5	8.0	G2	43.0	True	8.0	1.3333	10.0	I	False	('G', 'B', 'D')	G	G	0.0	major triad	(2, 7, 11)	G	G	1	None
12.0	0.5	9.0	D6	86.0	True	9.0	0.1667	11.0	I	True	('G', 'B', 'D')	G	G	0.0	major triad	(2, 7, 11)	G	G	1	None
12.0	0.5	9.0	G3	55.0	True	9.0	0.1667	11.0	I	True	('G', 'B', 'D')	G	G	0.0	major triad	(2, 7, 11)	G	G	1	None
12.0	0.5	9.0	B3	59.0	True	9.0	0.1667	11.0	I	True	('G', 'B', 'D')	G	G	0.0	major triad	(2, 7, 11)	G	G	1	None
12.1667						9.0	0.1667	12.0	V7	True	('A', 'C', 'D', 'F#')	A	D	2.0	dominant seventh chord	(0, 2, 6, 9)	G	G	5	None
12.3333						9.0	1.1667	13.0	I	True	('G', 'B', 'D')	G	G	0.0	major triad	(2, 7, 11)	G	G	1	None
12.5	1.0	9.0	D4	62.0	True	9.0	1.1667	13.0	I	False	('G', 'B', 'D')	G	G	0.0	major triad	(2, 7, 11)	G	G	1	None
12.5	0.5	9.0	C6	84.0	True	9.0	1.1667	13.0	I	False	('G', 'B', 'D')	G	G	0.0	major triad	(2, 7, 11)	G	G	1	None
12.5	0.5	9.0	A3	57.0	True	9.0	1.1667	13.0	I	False	('G', 'B', 'D')	G	G	0.0	major triad	(2, 7, 11)	G	G	1	None
13.0	0.5	9.0	G3	55.0	True	9.0	1.1667	13.0	I	False	('G', 'B', 'D')	G	G	0.0	major triad	(2, 7, 11)	G	G	1	None
13.0	0.25	9.0	B5	83.0	True	9.0	1.1667	13.0	I	False	('G', 'B', 'D')	G	G	0.0	major triad	(2, 7, 11)	G	G	1	None
13.5	0.5	10.0	F#3	54.0	True	10.0	1.5	14.0	V	True	('F#', 'A', 'D')	F#	D	1.0	major triad	(2, 6, 9)	G	G	5	None
13.5	1.5	10.0	A5	81.0	True	10.0	1.5	14.0	V	True	('F#', 'A', 'D')	F#	D	1.0	major triad	(2, 6, 9)	G	G	5	None
13.5	0.5	10.0	D5	74.0	True	10.0	1.5	14.0	V	True	('F#', 'A', 'D')	F#	D	1.0	major triad	(2, 6, 9)	G	G	5	None
13.5	1.5	10.0	D4	62.0	False	10.0	1.5	14.0	V	True	('F#', 'A', 'D')	F#	D	1.0	major triad	(2, 6, 9)	G	G	5	None
14.0	0.5	10.0	E3	52.0	True	10.0	1.5	14.0	V	False	('F#', 'A', 'D')	F#	D	1.0	major triad	(2, 6, 9)	G	G	5	None
14.0	0.5	10.0	C#5	73.0	True	10.0	1.5	14.0	V	False	('F#', 'A', 'D')	F#	D	1.0	major triad	(2, 6, 9)	G	G	5	None
14.5	0.25	10.0	D5	74.0	True	10.0	1.5	14.0	V	False	('F#', 'A', 'D')	F#	D	1.0	major triad	(2, 6, 9)	G	G	5	None
14.5	0.5	10.0	F#3	54.0	True	10.0	1.5	14.0	V	False	('F#', 'A', 'D')	F#	D	1.0	major triad	(2, 6, 9)	G	G	5	None
15.0	0.5	11.0	B5	83.0	True	11.0	1.5	15.0	I	True	('G', 'B', 'D')	G	G	0.0	major triad	(2, 7, 11)	G	G	1	None
15.0	1.5	11.0	D4	62.0	False	11.0	1.5	15.0	I	True	('G', 'B', 'D')	G	G	0.0	major triad	(2, 7, 11)	G	G	1	None
15.0	0.5	11.0	G3	55.0	True	11.0	1.5	15.0	I	True	('G', 'B', 'D')	G	G	0.0	major triad	(2, 7, 11)	G	G	1	None
15.5	0.5	11.0	A5	81.0	True	11.0	1.5	15.0	I	False	('G', 'B', 'D')	G	G	0.0	major triad	(2, 7, 11)	G	G	1	None
15.5	0.5	11.0	F#3	54.0	True	11.0	1.5	15.0	I	False	('G', 'B', 'D')	G	G	0.0	major triad	(2, 7, 11)	G	G	1	None
16.0	0.25	11.0	G5	79.0	True	11.0	1.5	15.0	I	False	('G', 'B', 'D')	G	G	0.0	major triad	(2, 7, 11)	G	G	1	None
16.0	0.5	11.0	E3	52.0	True	11.0	1.5	15.0	I	False	('G', 'B', 'D')	G	G	0.0	major triad	(2, 7, 11)	G	G	1	None
16.5	1.5	12.0	D4	62.0	False	12.0	0.3333	16.0	V	True	('D', 'F#', 'A')	D	D	0.0	major triad	(2, 6, 9)	G	G	5	None
16.5	1.5	12.0	F#5	78.0	True	12.0	0.3333	16.0	V	True	('D', 'F#', 'A')	D	D	0.0	major triad	(2, 6, 9)	G	G	5	None
16.5	0.5	12.0	D3	50.0	True	12.0	0.3333	16.0	V	True	('D', 'F#', 'A')	D	D	0.0	major triad	(2, 6, 9)	G	G	5	None
16.5	0.5	12.0	D5	74.0	True	12.0	0.3333	16.0	V	True	('D', 'F#', 'A')	D	D	0.0	major triad	(2, 6, 9)	G	G	5	None
16.8333						12.0	1.1667	17.0	V7	True	('C', 'D', 'F#', 'A')	C	D	3.0	dominant seventh chord	(0, 2, 6, 9)	G	G	5	None
17.0	0.5	12.0	E5	76.0	True	12.0	1.1667	17.0	V7	False	('C', 'D', 'F#', 'A')	C	D	3.0	dominant seventh chord	(0, 2, 6, 9)	G	G	5	None
17.0	0.5	12.0	C#3	49.0	True	12.0	1.1667	17.0	V7	False	('C', 'D', 'F#', 'A')	C	D	3.0	dominant seventh chord	(0, 2, 6, 9)	G	G	5	None
17.5	0.25	12.0	D5	74.0	True	12.0	1.1667	17.0	V7	False	('C', 'D', 'F#', 'A')	C	D	3.0	dominant seventh chord	(0, 2, 6, 9)	G	G	5	None
17.5	0.5	12.0	C3	48.0	True	12.0	1.1667	17.0	V7	False	('C', 'D', 'F#', 'A')	C	D	3.0	dominant seventh chord	(0, 2, 6, 9)	G	G	5	None
18.0	0.5	13.0	B2	47.0	True	13.0	0.1667	18.0	I	True	('B', 'D', 'G')	B	G	1.0	major triad	(2, 7, 11)	G	G	1	None
18.0	0.5	13.0	D6	86.0	True	13.0	0.1667	18.0	I	True	('B', 'D', 'G')	B	G	1.0	major triad	(2, 7, 11)	G	G	1	None
18.0	0.5	13.0	D5	74.0	True	13.0	0.1667	18.0	I	True	('B', 'D', 'G')	B	G	1.0	major triad	(2, 7, 11)	G	G	1	None
18.0	0.5	13.0	D4	62.0	False	13.0	0.1667	18.0	I	True	('B', 'D', 'G')	B	G	1.0	major triad	(2, 7, 11)	G	G	1	None
18.1667						13.0	0.1667	19.0	V7	True	('A', 'C', 'D', 'F#')	A	D	2.0	dominant seventh chord	(0, 2, 6, 9)	G	G	5	None
18.3333						13.0	1.1667	20.0	I	True	('G', 'B', 'D')	G	G	0.0	major triad	(2, 7, 11)	G	G	1	None
18.5	0.5	13.0	C5	72.0	True	13.0	1.1667	20.0	I	False	('G', 'B', 'D')	G	G	0.0	major triad	(2, 7, 11)	G	G	1	None
18.5	0.5	13.0	C6	84.0	True	13.0	1.1667	20.0	I	False	('G', 'B', 'D')	G	G	0.0	major triad	(2, 7, 11)	G	G	1	None
18.5	0.5	13.0	F#3	54.0	True	13.0	1.1667	20.0	I	False	('G', 'B', 'D')	G	G	0.0	major triad	(2, 7, 11)	G	G	1	None
18.5	0.5	13.0	A2	45.0	True	13.0	1.1667	20.0	I	False	('G', 'B', 'D')	G	G	0.0	major triad	(2, 7, 11)	G	G	1	None
19.0	0.5	13.0	B5	83.0	True	13.0	1.1667	20.0	I	False	('G', 'B', 'D')	G	G	0.0	major triad	(2, 7, 11)	G	G	1	None
19.0	0.5	13.0	B4	71.0	True	13.0	1.1667	20.0	I	False	('G', 'B', 'D')	G	G	0.0	major triad	(2, 7, 11)	G	G	1	None
19.0	0.5	13.0	G3	55.0	True	13.0	1.1667	20.0	I	False	('G', 'B', 'D')	G	G	0.0	major triad	(2, 7, 11)	G	G	1	None
19.0	0.5	13.0	G2	43.0	True	13.0	1.1667	20.0	I	False	('G', 'B', 'D')	G	G	0.0	major triad	(2, 7, 11)	G	G	1	None
19.5	0.5	14.0	A3	57.0	True	14.0	0.1667	21.0	V	True	('F#', 'A', 'D')	F#	D	1.0	major triad	(2, 6, 9)	G	G	5	None
19.5	0.5	14.0	A5	81.0	True	14.0	0.1667	21.0	V	True	('F#', 'A', 'D')	F#	D	1.0	major triad	(2, 6, 9)	G	G	5	None
19.5	0.5	14.0	F#2	42.0	True	14.0	0.1667	21.0	V	True	('F#', 'A', 'D')	F#	D	1.0	major triad	(2, 6, 9)	G	G	5	None
19.5	0.5	14.0	A4	69.0	True	14.0	0.1667	21.0	V	True	('F#', 'A', 'D')	F#	D	1.0	major triad	(2, 6, 9)	G	G	5	None
19.6667						14.0	0.1667	22.0	vi7	True	('E', 'G', 'B', 'D')	E	E	0.0	minor seventh chord	(2, 4, 7, 11)	G	G	6	None
19.8333						14.0	1.1667	23.0	V	True	('F#', 'A', 'D')	F#	D	1.0	major triad	(2, 6, 9)	G	G	5	None
20.0	0.5	14.0	G5	79.0	True	14.0	1.1667	23.0	V	False	('F#', 'A', 'D')	F#	D	1.0	major triad	(2, 6, 9)	G	G	5	None
20.0	0.5	14.0	G4	67.0	True	14.0	1.1667	23.0	V	False	('F#', 'A', 'D')	F#	D	1.0	major triad	(2, 6, 9)	G	G	5	None
20.0	1.0	14.0	D3	50.0	True	14.0	1.1667	23.0	V	False	('F#', 'A', 'D')	F#	D	1.0	major triad	(2, 6, 9)	G	G	5	None
20.0	0.5	14.0	E2	40.0	True	14.0	1.1667	23.0	V	False	('F#', 'A', 'D')	F#	D	1.0	major triad	(2, 6, 9)	G	G	5	None
20.5	0.5	14.0	F#2	42.0	True	14.0	1.1667	23.0	V	False	('F#', 'A', 'D')	F#	D	1.0	major triad	(2, 6, 9)	G	G	5	None
20.5	0.5	14.0	A4	69.0	True	14.0	1.1667	23.0	V	False	('F#', 'A', 'D')	F#	D	1.0	major triad	(2, 6, 9)	G	G	5	None
20.5	0.5	14.0	A5	81.0	True	14.0	1.1667	23.0	V	False	('F#', 'A', 'D')	F#	D	1.0	major triad	(2, 6, 9)	G	G	5	None
21.0	0.5	15.0	G2	43.0	True	15.0	0.1667	24.0	I	True	('G', 'B', 'D')	G	G	0.0	major triad	(2, 7, 11)	G	G	1	None
21.0	0.5	15.0	D3	50.0	False	15.0	0.1667	24.0	I	True	('G', 'B', 'D')	G	G	0.0	major triad	(2, 7, 11)	G	G	1	None
21.0	0.5	15.0	B4	71.0	True	15.0	0.1667	24.0	I	True	('G', 'B', 'D')	G	G	0.0	major triad	(2, 7, 11)	G	G	1	None
21.0	0.5	15.0	B5	83.0	True	15.0	0.1667	24.0	I	True	('G', 'B', 'D')	G	G	0.0	major triad	(2, 7, 11)	G	G	1	None
21.1667						15.0	0.1667	25.0	V	True	('F#', 'A', 'D')	F#	D	1.0	major triad	(2, 6, 9)	G	G	5	None
21.3333						15.0	1.1667	26.0	viio/V	True	('E', 'G', 'C#')	E	C#	1.0	diminished triad	(1, 4, 7)	G	D	7	5
21.5	0.5	15.0	F#2	42.0	True	15.0	1.1667	26.0	viio/V	False	('E', 'G', 'C#')	E	C#	1.0	diminished triad	(1, 4, 7)	G	D	7	5
21.5	0.5	15.0	A5	81.0	True	15.0	1.1667	26.0	viio/V	False	('E', 'G', 'C#')	E	C#	1.0	diminished triad	(1, 4, 7)	G	D	7	5
21.5	0.5	15.0	A4	69.0	True	15.0	1.1667	26.0	viio/V	False	('E', 'G', 'C#')	E	C#	1.0	diminished triad	(1, 4, 7)	G	D	7	5
21.5	0.5	15.0	A3	57.0	True	15.0	1.1667	26.0	viio/V	False	('E', 'G', 'C#')	E	C#	1.0	diminished triad	(1, 4, 7)	G	D	7	5
22.0	0.5	15.0	C#5	73.0	True	15.0	1.1667	26.0	viio/V	False	('E', 'G', 'C#')	E	C#	1.0	diminished triad	(1, 4, 7)	G	D	7	5
22.0	0.5	15.0	C#6	85.0	True	15.0	1.1667	26.0	viio/V	False	('E', 'G', 'C#')	E	C#	1.0	diminished triad	(1, 4, 7)	G	D	7	5
22.0	0.5	15.0	G3	55.0	True	15.0	1.1667	26.0	viio/V	False	('E', 'G', 'C#')	E	C#	1.0	diminished triad	(1, 4, 7)	G	D	7	5
22.0	0.5	15.0	E2	40.0	True	15.0	1.1667	26.0	viio/V	False	('E', 'G', 'C#')	E	C#	1.0	diminished triad	(1, 4, 7)	G	D	7	5
22.5	0.5	16.0	D6	86.0	True	16.0	0.1667	27.0	V	True	('D', 'F#', 'A')	D	D	0.0	major triad	(2, 6, 9)	G	G	5	None
22.5	0.5	16.0	D5	74.0	True	16.0	0.1667	27.0	V	True	('D', 'F#', 'A')	D	D	0.0	major triad	(2, 6, 9)	G	G	5	None
22.5	0.5	16.0	F#3	54.0	True	16.0	0.1667	27.0	V	True	('D', 'F#', 'A')	D	D	0.0	major triad	(2, 6, 9)	G	G	5	None
22.5	0.5	16.0	D2	38.0	True	16.0	0.1667	27.0	V	True	('D', 'F#', 'A')	D	D	0.0	major triad	(2, 6, 9)	G	G	5	None
22.6667						16.0	0.1667	28.0	viio/V	True	('C#', 'E', 'G')	C#	C#	0.0	diminished triad	(1, 4, 7)	G	D	7	5
22.8333						16.0	1.1667	29.0	V7	True	('C', 'D', 'F#', 'A')	C	D	3.0	dominant seventh chord	(0, 2, 6, 9)	G	G	5	None
23.0	0.5	16.0	E6	88.0	True	16.0	1.1667	29.0	V7	False	('C', 'D', 'F#', 'A')	C	D	3.0	dominant seventh chord	(0, 2, 6, 9)	G	G	5	None
23.0	0.5	16.0	E5	76.0	True	16.0	1.1667	29.0	V7	False	('C', 'D', 'F#', 'A')	C	D	3.0	dominant seventh chord	(0, 2, 6, 9)	G	G	5	None
23.0	0.5	16.0	G3	55.0	True	16.0	1.1667	29.0	V7	False	('C', 'D', 'F#', 'A')	C	D	3.0	dominant seventh chord	(0, 2, 6, 9)	G	G	5	None
23.0	0.5	16.0	C#2	37.0	True	16.0	1.1667	29.0	V7	False	('C', 'D', 'F#', 'A')	C	D	3.0	dominant seventh chord	(0, 2, 6, 9)	G	G	5	None
23.5	0.5	16.0	C2	36.0	True	16.0	1.1667	29.0	V7	False	('C', 'D', 'F#', 'A')	C	D	3.0	dominant seventh chord	(0, 2, 6, 9)	G	G	5	None
23.5	0.5	16.0	A3	57.0	True	16.0	1.1667	29.0	V7	False	('C', 'D', 'F#', 'A')	C	D	3.0	dominant seventh chord	(0, 2, 6, 9)	G	G	5	None
23.5	0.5	16.0	F#5	78.0	True	16.0	1.1667	29.0	V7	False	('C', 'D', 'F#', 'A')	C	D	3.0	dominant seventh chord	(0, 2, 6, 9)	G	G	5	None
23.5	0.5	16.0	F#6	90.0	True	16.0	1.1667	29.0	V7	False	('C', 'D', 'F#', 'A')	C	D	3.0	dominant seventh chord	(0, 2, 6, 9)	G	G	5	None
24.0	0.5	17.0	B2	47.0	True	17.0	0.3333	30.0	I	True	('B', 'D', 'G')	B	G	1.0	major triad	(2, 7, 11)	G	G	1	None
24.0	0.5	17.0	D3	50.0	True	17.0	0.3333	30.0	I	True	('B', 'D', 'G')	B	G	1.0	major triad	(2, 7, 11)	G	G	1	None
24.0	0.5	17.0	G5	79.0	True	17.0	0.3333	30.0	I	True	('B', 'D', 'G')	B	G	1.0	major triad	(2, 7, 11)	G	G	1	None
24.0	0.5	17.0	G6	91.0	True	17.0	0.3333	30.0	I	True	('B', 'D', 'G')	B	G	1.0	major triad	(2, 7, 11)	G	G	1	None
24.3333						17.0	1.1667	31.0	I	True	('G', 'B', 'D')	G	G	0.0	major triad	(2, 7, 11)	G	G	1	None
24.5	0.5	17.0	G3	55.0	True	17.0	1.1667	31.0	I	False	('G', 'B', 'D')	G	G	0.0	major triad	(2, 7, 11)	G	G	1	None
24.5	0.5	17.0	B2	47.0	True	17.0	1.1667	31.0	I	False	('G', 'B', 'D')	G	G	0.0	major triad	(2, 7, 11)	G	G	1	None
24.5	0.5	17.0	B3	59.0	True	17.0	1.1667	31.0	I	False	('G', 'B', 'D')	G	G	0.0	major triad	(2, 7, 11)	G	G	1	None
24.5	0.5	17.0	B4	71.0	True	17.0	1.1667	31.0	I	False	('G', 'B', 'D')	G	G	0.0	major triad	(2, 7, 11)	G	G	1	None
25.0	0.5	17.0	G2	43.0	True	17.0	1.1667	31.0	I	False	('G', 'B', 'D')	G	G	0.0	major triad	(2, 7, 11)	G	G	1	None
25.0	0.5	17.0	B3	59.0	True	17.0	1.1667	31.0	I	False	('G', 'B', 'D')	G	G	0.0	major triad	(2, 7, 11)	G	G	1	None
25.0	0.25	17.0	D4	62.0	True	17.0	1.1667	31.0	I	False	('G', 'B', 'D')	G	G	0.0	major triad	(2, 7, 11)	G	G	1	None
25.0	0.25	17.0	D5	74.0	True	17.0	1.1667	31.0	I	False	('G', 'B', 'D')	G	G	0.0	major triad	(2, 7, 11)	G	G	1	None
25.5	0.5	18.0	B2	47.0	True	18.0	1.5	32.0	vi	True	('B', 'E', 'G')	B	E	2.0	minor triad	(4, 7, 11)	G	G	6	None
25.5	0.5	18.0	E4	64.0	True	18.0	1.5	32.0	vi	True	('B', 'E', 'G')	B	E	2.0	minor triad	(4, 7, 11)	G	G	6	None
25.5	1.0	18.0	G3	55.0	True	18.0	1.5	32.0	vi	True	('B', 'E', 'G')	B	E	2.0	minor triad	(4, 7, 11)	G	G	6	None
25.5	1.0	18.0	G4	67.0	True	18.0	1.5	32.0	vi	True	('B', 'E', 'G')	B	E	2.0	minor triad	(4, 7, 11)	G	G	6	None
26.0	0.5	18.0	E2	40.0	True	18.0	1.5	32.0	vi	False	('B', 'E', 'G')	B	E	2.0	minor triad	(4, 7, 11)	G	G	6	None
26.0	0.5	18.0	G3	55.0	True	18.0	1.5	32.0	vi	False	('B', 'E', 'G')	B	E	2.0	minor triad	(4, 7, 11)	G	G	6	None
26.5	0.5	18.0	E3	52.0	True	18.0	1.5	32.0	vi	False	('B', 'E', 'G')	B	E	2.0	minor triad	(4, 7, 11)	G	G	6	None
26.5	0.5	18.0	B2	47.0	True	18.0	1.5	32.0	vi	False	('B', 'E', 'G')	B	E	2.0	minor triad	(4, 7, 11)	G	G	6	None
26.5	0.5	18.0	G4	67.0	True	18.0	1.5	32.0	vi	False	('B', 'E', 'G')	B	E	2.0	minor triad	(4, 7, 11)	G	G	6	None
26.5	0.5	18.0	G5	79.0	True	18.0	1.5	32.0	vi	False	('B', 'E', 'G')	B	E	2.0	minor triad	(4, 7, 11)	G	G	6	None
27.0	0.5	19.0	C2	36.0	True	19.0	0.1667	33.0	ii	True	('C', 'E', 'A')	C	A	1.0	minor triad	(0, 4, 9)	G	G	2	None
27.0	0.5	19.0	E4	64.0	True	19.0	0.1667	33.0	ii	True	('C', 'E', 'A')	C	A	1.0	minor triad	(0, 4, 9)	G	G	2	None
27.0	0.25	19.0	A4	69.0	True	19.0	0.1667	33.0	ii	True	('C', 'E', 'A')	C	A	1.0	minor triad	(0, 4, 9)	G	G	2	None
27.0	0.25	19.0	A5	81.0	True	19.0	0.1667	33.0	ii	True	('C', 'E', 'A')	C	A	1.0	minor triad	(0, 4, 9)	G	G	2	None
27.1667						19.0	0.1667	34.0	ii	True	('A', 'C', 'E')	A	A	0.0	minor triad	(0, 4, 9)	G	G	2	None
27.25	0.25	19.0	B4	71.0	True	19.0	0.1667	34.0	ii	False	('A', 'C', 'E')	A	A	0.0	minor triad	(0, 4, 9)	G	G	2	None
27.25	0.25	19.0	B5	83.0	True	19.0	0.1667	34.0	ii	False	('A', 'C', 'E')	A	A	0.0	minor triad	(0, 4, 9)	G	G	2	None
27.3333						19.0	1.1667	35.0	ii	True	('C', 'E', 'A')	C	A	1.0	minor triad	(0, 4, 9)	G	G	2	None
27.5	0.5	19.0	E3	52.0	True	19.0	1.1667	35.0	ii	False	('C', 'E', 'A')	C	A	1.0	minor triad	(0, 4, 9)	G	G	2	None
27.5	0.5	19.0	C5	72.0	True	19.0	1.1667	35.0	ii	False	('C', 'E', 'A')	C	A	1.0	minor triad	(0, 4, 9)	G	G	2	None
27.5	0.5	19.0	A2	45.0	True	19.0	1.1667	35.0	ii	False	('C', 'E', 'A')	C	A	1.0	minor triad	(0, 4, 9)	G	G	2	None
27.5	0.5	19.0	C6	84.0	True	19.0	1.1667	35.0	ii	False	('C', 'E', 'A')	C	A	1.0	minor triad	(0, 4, 9)	G	G	2	None
28.0	0.25	19.0	E6	88.0	True	19.0	1.1667	35.0	ii	False	('C', 'E', 'A')	C	A	1.0	minor triad	(0, 4, 9)	G	G	2	None
28.0	0.25	19.0	E5	76.0	True	19.0	1.1667	35.0	ii	False	('C', 'E', 'A')	C	A	1.0	minor triad	(0, 4, 9)	G	G	2	None
28.0	0.5	19.0	A3	57.0	True	19.0	1.1667	35.0	ii	False	('C', 'E', 'A')	C	A	1.0	minor triad	(0, 4, 9)	G	G	2	None
28.0	0.5	19.0	C2	36.0	True	19.0	1.1667	35.0	ii	False	('C', 'E', 'A')	C	A	1.0	minor triad	(0, 4, 9)	G	G	2	None
28.5	0.5	20.0	G5	79.0	True	20.0	0.1667	36.0	ii7	True	('C', 'E', 'G', 'A')	C	A	1.0	minor seventh chord	(0, 4, 7, 9)	G	G	2	None
28.5	0.5	20.0	G4	67.0	True	20.0	0.1667	36.0	ii7	True	('C', 'E', 'G', 'A')	C	A	1.0	minor seventh chord	(0, 4, 7, 9)	G	G	2	None
28.5	0.5	20.0	A3	57.0	True	20.0	0.1667	36.0	ii7	True	('C', 'E', 'G', 'A')	C	A	1.0	minor seventh chord	(0, 4, 7, 9)	G	G	2	None
28.5	0.5	20.0	C3	48.0	True	20.0	0.1667	36.0	ii7	True	('C', 'E', 'G', 'A')	C	A	1.0	minor seventh chord	(0, 4, 7, 9)	G	G	2	None
28.6667						20.0	1.3333	37.0	V7	True	('D', 'F#', 'A', 'C')	D	D	0.0	dominant seventh chord	(0, 2, 6, 9)	G	G	5	None
29.0	1.0	20.0	F#5	78.0	True	20.0	1.3333	37.0	V7	False	('D', 'F#', 'A', 'C')	D	D	0.0	dominant seventh chord	(0, 2, 6, 9)	G	G	5	None
29.0	0.5	20.0	D2	38.0	True	20.0	1.3333	37.0	V7	False	('D', 'F#', 'A', 'C')	D	D	0.0	dominant seventh chord	(0, 2, 6, 9)	G	G	5	None
29.0	0.5	20.0	C4	60.0	True	20.0	1.3333	37.0	V7	False	('D', 'F#', 'A', 'C')	D	D	0.0	dominant seventh chord	(0, 2, 6, 9)	G	G	5	None
29.0	1.0	20.0	F#4	66.0	True	20.0	1.3333	37.0	V7	False	('D', 'F#', 'A', 'C')	D	D	0.0	dominant seventh chord	(0, 2, 6, 9)	G	G	5	None
29.5	0.5	20.0	A3	57.0	True	20.0	1.3333	37.0	V7	False	('D', 'F#', 'A', 'C')	D	D	0.0	dominant seventh chord	(0, 2, 6, 9)	G	G	5	None
29.5	0.5	20.0	C3	48.0	True	20.0	1.3333	37.0	V7	False	('D', 'F#', 'A', 'C')	D	D	0.0	dominant seventh chord	(0, 2, 6, 9)	G	G	5	None
30.0	0.5	21.0	D6	86.0	True	21.0	0.1667	38.0	I	True	('G', 'B', 'D')	G	G	0.0	major triad	(2, 7, 11)	G	G	1	None
30.0	0.5	21.0	D5	74.0	True	21.0	0.1667	38.0	I	True	('G', 'B', 'D')	G	G	0.0	major triad	(2, 7, 11)	G	G	1	None
30.0	0.5	21.0	B4	71.0	True	21.0	0.1667	38.0	I	True	('G', 'B', 'D')	G	G	0.0	major triad	(2, 7, 11)	G	G	1	None
30.0	0.5	21.0	G2	43.0	True	21.0	0.1667	38.0	I	True	('G', 'B', 'D')	G	G	0.0	major triad	(2, 7, 11)	G	G	1	None
30.1667						21.0	0.1667	39.0	I	True	('B', 'D', 'G')	B	G	1.0	major triad	(2, 7, 11)	G	G	1	None
30.3333						21.0	1.1667	40.0	I	True	('G', 'B', 'D')	G	G	0.0	major triad	(2, 7, 11)	G	G	1	None
30.5	0.5	21.0	B5	83.0	True	21.0	1.1667	40.0	I	False	('G', 'B', 'D')	G	G	0.0	major triad	(2, 7, 11)	G	G	1	None
30.5	0.5	21.0	B4	71.0	True	21.0	1.1667	40.0	I	False	('G', 'B', 'D')	G	G	0.0	major triad	(2, 7, 11)	G	G	1	None
30.5	0.5	21.0	D4	62.0	True	21.0	1.1667	40.0	I	False	('G', 'B', 'D')	G	G	0.0	major triad	(2, 7, 11)	G	G	1	None
30.5	0.5	21.0	B2	47.0	True	21.0	1.1667	40.0	I	False	('G', 'B', 'D')	G	G	0.0	major triad	(2, 7, 11)	G	G	1	None
31.0	0.25	21.0	D5	74.0	True	21.0	1.1667	40.0	I	False	('G', 'B', 'D')	G	G	0.0	major triad	(2, 7, 11)	G	G	1	None
31.0	0.5	21.0	G2	43.0	True	21.0	1.1667	40.0	I	False	('G', 'B', 'D')	G	G	0.0	major triad	(2, 7, 11)	G	G	1	None
31.0	0.5	21.0	G4	67.0	True	21.0	1.1667	40.0	I	False	('G', 'B', 'D')	G	G	0.0	major triad	(2, 7, 11)	G	G	1	None
31.0	0.25	21.0	D6	86.0	True	21.0	1.1667	40.0	I	False	('G', 'B', 'D')	G	G	0.0	major triad	(2, 7, 11)	G	G	1	None
31.5	0.5	22.0	B2	47.0	True	22.0	1.5	41.0	vi	True	('B', 'E', 'G')	B	E	2.0	minor triad	(4, 7, 11)	G	G	6	None
31.5	0.5	22.0	E4	64.0	True	22.0	1.5	41.0	vi	True	('B', 'E', 'G')	B	E	2.0	minor triad	(4, 7, 11)	G	G	6	None
31.5	1.5	22.0	G4	67.0	True	22.0	1.5	41.0	vi	True	('B', 'E', 'G')	B	E	2.0	minor triad	(4, 7, 11)	G	G	6	None
31.5	1.5	22.0	G5	79.0	True	22.0	1.5	41.0	vi	True	('B', 'E', 'G')	B	E	2.0	minor triad	(4, 7, 11)	G	G	6	None
32.0	0.5	22.0	E2	40.0	True	22.0	1.5	41.0	vi	False	('B', 'E', 'G')	B	E	2.0	minor triad	(4, 7, 11)	G	G	6	None
32.0	0.5	22.0	G3	55.0	True	22.0	1.5	41.0	vi	False	('B', 'E', 'G')	B	E	2.0	minor triad	(4, 7, 11)	G	G	6	None
32.5	0.5	22.0	B2	47.0	True	22.0	1.5	41.0	vi	False	('B', 'E', 'G')	B	E	2.0	minor triad	(4, 7, 11)	G	G	6	None
32.5	0.5	22.0	E4	64.0	True	22.0	1.5	41.0	vi	False	('B', 'E', 'G')	B	E	2.0	minor triad	(4, 7, 11)	G	G	6	None
33.0	0.5	23.0	C2	36.0	True	23.0	0.3333	42.0	ii	True	('C', 'E', 'A')	C	A	1.0	minor triad	(0, 4, 9)	G	G	2	None
33.0	0.25	23.0	A5	81.0	True	23.0	0.3333	42.0	ii	True	('C', 'E', 'A')	C	A	1.0	minor triad	(0, 4, 9)	G	G	2	None
33.0	0.25	23.0	A4	69.0	True	23.0	0.3333	42.0	ii	True	('C', 'E', 'A')	C	A	1.0	minor triad	(0, 4, 9)	G	G	2	None
33.0	0.5	23.0	E4	64.0	True	23.0	0.3333	42.0	ii	True	('C', 'E', 'A')	C	A	1.0	minor triad	(0, 4, 9)	G	G	2	None
33.25	0.25	23.0	B5	83.0	True	23.0	0.3333	42.0	ii	False	('C', 'E', 'A')	C	A	1.0	minor triad	(0, 4, 9)	G	G	2	None
33.25	0.25	23.0	B4	71.0	True	23.0	0.3333	42.0	ii	False	('C', 'E', 'A')	C	A	1.0	minor triad	(0, 4, 9)	G	G	2	None
33.3333						23.0	1.1667	43.0	V7	True	('D', 'F#', 'A', 'C')	D	D	0.0	dominant seventh chord	(0, 2, 6, 9)	G	G	5	None
33.5	0.5	23.0	C6	84.0	True	23.0	1.1667	43.0	V7	False	('D', 'F#', 'A', 'C')	D	D	0.0	dominant seventh chord	(0, 2, 6, 9)	G	G	5	None
33.5	0.5	23.0	C5	72.0	True	23.0	1.1667	43.0	V7	False	('D', 'F#', 'A', 'C')	D	D	0.0	dominant seventh chord	(0, 2, 6, 9)	G	G	5	None
33.5	0.5	23.0	E3	52.0	True	23.0	1.1667	43.0	V7	False	('D', 'F#', 'A', 'C')	D	D	0.0	dominant seventh chord	(0, 2, 6, 9)	G	G	5	None
33.5	0.5	23.0	A2	45.0	True	23.0	1.1667	43.0	V7	False	('D', 'F#', 'A', 'C')	D	D	0.0	dominant seventh chord	(0, 2, 6, 9)	G	G	5	None
34.0	0.25	23.0	F#4	66.0	True	23.0	1.1667	43.0	V7	False	('D', 'F#', 'A', 'C')	D	D	0.0	dominant seventh chord	(0, 2, 6, 9)	G	G	5	None
34.0	0.5	23.0	C5	72.0	True	23.0	1.1667	43.0	V7	False	('D', 'F#', 'A', 'C')	D	D	0.0	dominant seventh chord	(0, 2, 6, 9)	G	G	5	None
34.0	0.25	23.0	F#5	78.0	True	23.0	1.1667	43.0	V7	False	('D', 'F#', 'A', 'C')	D	D	0.0	dominant seventh chord	(0, 2, 6, 9)	G	G	5	None
34.0	0.5	23.0	D2	38.0	True	23.0	1.1667	43.0	V7	False	('D', 'F#', 'A', 'C')	D	D	0.0	dominant seventh chord	(0, 2, 6, 9)	G	G	5	None
34.0	0.5	23.0	A4	69.0	True	23.0	1.1667	43.0	V7	False	('D', 'F#', 'A', 'C')	D	D	0.0	dominant seventh chord	(0, 2, 6, 9)	G	G	5	None
34.5	0.5	24.0	F#5	78.0	True	24.0	0.1667	44.0	V7	True	('D', 'F#', 'A', 'C')	D	D	0.0	dominant seventh chord	(0, 2, 6, 9)	G	G	5	None
34.5	0.5	24.0	F#4	66.0	True	24.0	0.1667	44.0	V7	True	('D', 'F#', 'A', 'C')	D	D	0.0	dominant seventh chord	(0, 2, 6, 9)	G	G	5	None
34.5	0.5	24.0	A4	69.0	True	24.0	0.1667	44.0	V7	True	('D', 'F#', 'A', 'C')	D	D	0.0	dominant seventh chord	(0, 2, 6, 9)	G	G	5	None
34.5	0.5	24.0	C5	72.0	True	24.0	0.1667	44.0	V7	True	('D', 'F#', 'A', 'C')	D	D	0.0	dominant seventh chord	(0, 2, 6, 9)	G	G	5	None
34.5	0.5	24.0	D3	50.0	True	24.0	0.1667	44.0	V7	True	('D', 'F#', 'A', 'C')	D	D	0.0	dominant seventh chord	(0, 2, 6, 9)	G	G	5	None
34.6667						24.0	1.3333	45.0	I	True	('G', 'B', 'D')	G	G	0.0	major triad	(2, 7, 11)	G	G	1	None
35.0	1.0	24.0	G5	79.0	True	24.0	1.3333	45.0	I	False	('G', 'B', 'D')	G	G	0.0	major triad	(2, 7, 11)	G	G	1	None
35.0	1.0	24.0	G4	67.0	True	24.0	1.3333	45.0	I	False	('G', 'B', 'D')	G	G	0.0	major triad	(2, 7, 11)	G	G	1	None
35.0	0.5	24.0	D2	38.0	True	24.0	1.3333	45.0	I	False	('G', 'B', 'D')	G	G	0.0	major triad	(2, 7, 11)	G	G	1	None
35.0	0.5	24.0	B4	71.0	True	24.0	1.3333	45.0	I	False	('G', 'B', 'D')	G	G	0.0	major triad	(2, 7, 11)	G	G	1	None
35.5	0.5	24.0	G2	43.0	True	24.0	1.3333	45.0	I	False	('G', 'B', 'D')	G	G	0.0	major triad	(2, 7, 11)	G	G	1	None
35.5	0.5	24.0	B3	59.0	True	24.0	1.3333	45.0	I	False	('G', 'B', 'D')	G	G	0.0	major triad	(2, 7, 11)	G	G	1	None
36.0	1.5	25.0	G5	79.0	True	25.0	1.5	46.0	I	True	('G', 'B', 'D')	G	G	0.0	major triad	(2, 7, 11)	G	G	1	None
36.0	0.25	25.0	B4	71.0	True	25.0	1.5	46.0	I	True	('G', 'B', 'D')	G	G	0.0	major triad	(2, 7, 11)	G	G	1	None
36.25	0.25	25.0	D5	74.0	True	25.0	1.5	46.0	I	False	('G', 'B', 'D')	G	G	0.0	major triad	(2, 7, 11)	G	G	1	None
36.5	0.25	25.0	C5	72.0	True	25.0	1.5	46.0	I	False	('G', 'B', 'D')	G	G	0.0	major triad	(2, 7, 11)	G	G	1	None
36.75	0.25	25.0	B4	71.0	True	25.0	1.5	46.0	I	False	('G', 'B', 'D')	G	G	0.0	major triad	(2, 7, 11)	G	G	1	None
37.0	0.25	25.0	A4	69.0	True	25.0	1.5	46.0	I	False	('G', 'B', 'D')	G	G	0.0	major triad	(2, 7, 11)	G	G	1	None
37.25	0.25	25.0	B4	71.0	True	25.0	1.5	46.0	I	False	('G', 'B', 'D')	G	G	0.0	major triad	(2, 7, 11)	G	G	1	None
37.5	1.5	26.0	A5	81.0	True	26.0	0.1667	47.0	V	True	('F#', 'A', 'D')	F#	D	1.0	major triad	(2, 6, 9)	G	G	5	None
37.5	0.25	26.0	G4	67.0	True	26.0	0.1667	47.0	V	True	('F#', 'A', 'D')	F#	D	1.0	major triad	(2, 6, 9)	G	G	5	None
37.5	1.0	26.0	A4	69.0	True	26.0	0.1667	47.0	V	True	('F#', 'A', 'D')	F#	D	1.0	major triad	(2, 6, 9)	G	G	5	None
37.5	0.25	26.0	D5	74.0	True	26.0	0.1667	47.0	V	True	('F#', 'A', 'D')	F#	D	1.0	major triad	(2, 6, 9)	G	G	5	None
37.6667						26.0	1.3333	48.0	V	True	('D', 'F#', 'A')	D	D	0.0	major triad	(2, 6, 9)	G	G	5	None
37.75	0.25	26.0	A5	81.0	True	26.0	1.3333	48.0	V	False	('D', 'F#', 'A')	D	D	0.0	major triad	(2, 6, 9)	G	G	5	None
37.75	0.25	26.0	F#4	66.0	True	26.0	1.3333	48.0	V	False	('D', 'F#', 'A')	D	D	0.0	major triad	(2, 6, 9)	G	G	5	None
38.0	0.25	26.0	E4	64.0	True	26.0	1.3333	48.0	V	False	('D', 'F#', 'A')	D	D	0.0	major triad	(2, 6, 9)	G	G	5	None
38.0	0.25	26.0	G5	79.0	True	26.0	1.3333	48.0	V	False	('D', 'F#', 'A')	D	D	0.0	major triad	(2, 6, 9)	G	G	5	None
38.25	0.25	26.0	F#5	78.0	True	26.0	1.3333	48.0	V	False	('D', 'F#', 'A')	D	D	0.0	major triad	(2, 6, 9)	G	G	5	None
38.25	0.25	26.0	D4	62.0	True	26.0	1.3333	48.0	V	False	('D', 'F#', 'A')	D	D	0.0	major triad	(2, 6, 9)	G	G	5	None
38.5	0.25	26.0	E5	76.0	True	26.0	1.3333	48.0	V	False	('D', 'F#', 'A')	D	D	0.0	major triad	(2, 6, 9)	G	G	5	None
38.5	0.25	26.0	C#4	61.0	True	26.0	1.3333	48.0	V	False	('D', 'F#', 'A')	D	D	0.0	major triad	(2, 6, 9)	G	G	5	None
38.75	0.25	26.0	F#5	78.0	True	26.0	1.3333	48.0	V	False	('D', 'F#', 'A')	D	D	0.0	major triad	(2, 6, 9)	G	G	5	None
38.75	0.25	26.0	D4	62.0	True	26.0	1.3333	48.0	V	False	('D', 'F#', 'A')	D	D	0.0	major triad	(2, 6, 9)	G	G	5	None
39.0	1.0	27.0	C4	60.0	True	27.0	1.5	49.0	V7	True	('C', 'D', 'F#', 'A')	C	D	3.0	dominant seventh chord	(0, 2, 6, 9)	G	G	5	None
39.0	0.5	27.0	D6	86.0	True	27.0	1.5	49.0	V7	True	('C', 'D', 'F#', 'A')	C	D	3.0	dominant seventh chord	(0, 2, 6, 9)	G	G	5	None
39.0	1.5	27.0	D5	74.0	True	27.0	1.5	49.0	V7	True	('C', 'D', 'F#', 'A')	C	D	3.0	dominant seventh chord	(0, 2, 6, 9)	G	G	5	None
39.0	1.5	27.0	F#5	78.0	True	27.0	1.5	49.0	V7	True	('C', 'D', 'F#', 'A')	C	D	3.0	dominant seventh chord	(0, 2, 6, 9)	G	G	5	None
39.0	0.25	27.0	F#4	66.0	True	27.0	1.5	49.0	V7	True	('C', 'D', 'F#', 'A')	C	D	3.0	dominant seventh chord	(0, 2, 6, 9)	G	G	5	None
39.25	0.25	27.0	A4	69.0	True	27.0	1.5	49.0	V7	False	('C', 'D', 'F#', 'A')	C	D	3.0	dominant seventh chord	(0, 2, 6, 9)	G	G	5	None
39.5	0.5	27.0	D6	86.0	True	27.0	1.5	49.0	V7	False	('C', 'D', 'F#', 'A')	C	D	3.0	dominant seventh chord	(0, 2, 6, 9)	G	G	5	None
39.5	0.25	27.0	G4	67.0	True	27.0	1.5	49.0	V7	False	('C', 'D', 'F#', 'A')	C	D	3.0	dominant seventh chord	(0, 2, 6, 9)	G	G	5	None
39.75	0.25	27.0	F#4	66.0	True	27.0	1.5	49.0	V7	False	('C', 'D', 'F#', 'A')	C	D	3.0	dominant seventh chord	(0, 2, 6, 9)	G	G	5	None
40.0	0.5	27.0	D6	86.0	True	27.0	1.5	49.0	V7	False	('C', 'D', 'F#', 'A')	C	D	3.0	dominant seventh chord	(0, 2, 6, 9)	G	G	5	None
40.0	0.25	27.0	E4	64.0	True	27.0	1.5	49.0	V7	False	('C', 'D', 'F#', 'A')	C	D	3.0	dominant seventh chord	(0, 2, 6, 9)	G	G	5	None
40.25	0.25	27.0	F#4	66.0	True	27.0	1.5	49.0	V7	False	('C', 'D', 'F#', 'A')	C	D	3.0	dominant seventh chord	(0, 2, 6, 9)	G	G	5	None
40.5	0.25	28.0	C4	60.0	True	28.0	1.5	50.0	I	True	('B', 'D', 'G')	B	G	1.0	major triad	(2, 7, 11)	G	G	1	None
40.5	0.5	28.0	D6	86.0	True	28.0	1.5	50.0	I	True	('B', 'D', 'G')	B	G	1.0	major triad	(2, 7, 11)	G	G	1	None
40.5	0.25	28.0	D4	62.0	True	28.0	1.5	50.0	I	True	('B', 'D', 'G')	B	G	1.0	major triad	(2, 7, 11)	G	G	1	None
40.5	1.0	28.0	G4	67.0	True	28.0	1.5	50.0	I	True	('B', 'D', 'G')	B	G	1.0	major triad	(2, 7, 11)	G	G	1	None
40.75	0.25	28.0	B3	59.0	True	28.0	1.5	50.0	I	False	('B', 'D', 'G')	B	G	1.0	major triad	(2, 7, 11)	G	G	1	None
40.75	0.25	28.0	D5	74.0	True	28.0	1.5	50.0	I	False	('B', 'D', 'G')	B	G	1.0	major triad	(2, 7, 11)	G	G	1	None
41.0	0.25	28.0	A3	57.0	True	28.0	1.5	50.0	I	False	('B', 'D', 'G')	B	G	1.0	major triad	(2, 7, 11)	G	G	1	None
41.0	0.25	28.0	C5	72.0	True	28.0	1.5	50.0	I	False	('B', 'D', 'G')	B	G	1.0	major triad	(2, 7, 11)	G	G	1	None
41.0	0.5	28.0	G6	91.0	True	28.0	1.5	50.0	I	False	('B', 'D', 'G')	B	G	1.0	major triad	(2, 7, 11)	G	G	1	None
41.25	0.25	28.0	G3	55.0	True	28.0	1.5	50.0	I	False	('B', 'D', 'G')	B	G	1.0	major triad	(2, 7, 11)	G	G	1	None
41.25	0.25	28.0	B4	71.0	True	28.0	1.5	50.0	I	False	('B', 'D', 'G')	B	G	1.0	major triad	(2, 7, 11)	G	G	1	None
41.5	0.5	28.0	G6	91.0	True	28.0	1.5	50.0	I	False	('B', 'D', 'G')	B	G	1.0	major triad	(2, 7, 11)	G	G	1	None
41.5	0.25	28.0	F#3	54.0	True	28.0	1.5	50.0	I	False	('B', 'D', 'G')	B	G	1.0	major triad	(2, 7, 11)	G	G	1	None
41.5	0.25	28.0	A4	69.0	True	28.0	1.5	50.0	I	False	('B', 'D', 'G')	B	G	1.0	major triad	(2, 7, 11)	G	G	1	None
41.75	0.25	28.0	B4	71.0	True	28.0	1.5	50.0	I	False	('B', 'D', 'G')	B	G	1.0	major triad	(2, 7, 11)	G	G	1	None
41.75	0.25	28.0	G3	55.0	True	28.0	1.5	50.0	I	False	('B', 'D', 'G')	B	G	1.0	major triad	(2, 7, 11)	G	G	1	None
42.0	1.5	29.0	G3	55.0	True	29.0	1.5	51.0	I	True	('G', 'B', 'D')	G	G	0.0	major triad	(2, 7, 11)	G	G	1	None
42.0	0.25	29.0	G3	55.0	True	29.0	1.5	51.0	I	True	('G', 'B', 'D')	G	G	0.0	major triad	(2, 7, 11)	G	G	1	None
42.0	1.5	29.0	G5	79.0	True	29.0	1.5	51.0	I	True	('G', 'B', 'D')	G	G	0.0	major triad	(2, 7, 11)	G	G	1	None
42.0	0.25	29.0	B4	71.0	True	29.0	1.5	51.0	I	True	('G', 'B', 'D')	G	G	0.0	major triad	(2, 7, 11)	G	G	1	None
42.25	0.25	29.0	D5	74.0	True	29.0	1.5	51.0	I	False	('G', 'B', 'D')	G	G	0.0	major triad	(2, 7, 11)	G	G	1	None
42.25	0.25	29.0	B3	59.0	True	29.0	1.5	51.0	I	False	('G', 'B', 'D')	G	G	0.0	major triad	(2, 7, 11)	G	G	1	None
42.5	0.25	29.0	C5	72.0	True	29.0	1.5	51.0	I	False	('G', 'B', 'D')	G	G	0.0	major triad	(2, 7, 11)	G	G	1	None
42.5	0.25	29.0	A3	57.0	True	29.0	1.5	51.0	I	False	('G', 'B', 'D')	G	G	0.0	major triad	(2, 7, 11)	G	G	1	None
42.75	0.25	29.0	B4	71.0	True	29.0	1.5	51.0	I	False	('G', 'B', 'D')	G	G	0.0	major triad	(2, 7, 11)	G	G	1	None
42.75	0.25	29.0	G3	55.0	True	29.0	1.5	51.0	I	False	('G', 'B', 'D')	G	G	0.0	major triad	(2, 7, 11)	G	G	1	None
43.0	0.25	29.0	A4	69.0	True	29.0	1.5	51.0	I	False	('G', 'B', 'D')	G	G	0.0	major triad	(2, 7, 11)	G	G	1	None
43.0	0.25	29.0	F#3	54.0	True	29.0	1.5	51.0	I	False	('G', 'B', 'D')	G	G	0.0	major triad	(2, 7, 11)	G	G	1	None
43.25	0.25	29.0	G3	55.0	True	29.0	1.5	51.0	I	False	('G', 'B', 'D')	G	G	0.0	major triad	(2, 7, 11)	G	G	1	None
43.25	0.25	29.0	B4	71.0	True	29.0	1.5	51.0	I	False	('G', 'B', 'D')	G	G	0.0	major triad	(2, 7, 11)	G	G	1	None
43.5	0.75	30.0	A5	81.0	True	30.0	0.25	52.0	V	True	('F#', 'A', 'D')	F#	D	1.0	major triad	(2, 6, 9)	G	G	5	None
43.5	1.0	30.0	A4	69.0	True	30.0	0.25	52.0	V	True	('F#', 'A', 'D')	F#	D	1.0	major triad	(2, 6, 9)	G	G	5	None
43.5	0.25	30.0	D3	50.0	True	30.0	0.25	52.0	V	True	('F#', 'A', 'D')	F#	D	1.0	major triad	(2, 6, 9)	G	G	5	None
43.5	0.25	30.0	G3	55.0	False	30.0	0.25	52.0	V	True	('F#', 'A', 'D')	F#	D	1.0	major triad	(2, 6, 9)	G	G	5	None
43.75	0.25	30.0	A4	69.0	True	30.0	1.25	53.0	V	True	('D', 'F#', 'A')	D	D	0.0	major triad	(2, 6, 9)	G	G	5	None
43.75	0.25	30.0	F#3	54.0	True	30.0	1.25	53.0	V	True	('D', 'F#', 'A')	D	D	0.0	major triad	(2, 6, 9)	G	G	5	None
44.0	0.25	30.0	G4	67.0	True	30.0	1.25	53.0	V	False	('D', 'F#', 'A')	D	D	0.0	major triad	(2, 6, 9)	G	G	5	None
44.0	0.25	30.0	E3	52.0	True	30.0	1.25	53.0	V	False	('D', 'F#', 'A')	D	D	0.0	major triad	(2, 6, 9)	G	G	5	None
44.25	0.75	30.0	A5	81.0	False	30.0	1.25	53.0	V	False	('D', 'F#', 'A')	D	D	0.0	major triad	(2, 6, 9)	G	G	5	None
44.25	0.25	30.0	F#4	66.0	True	30.0	1.25	53.0	V	False	('D', 'F#', 'A')	D	D	0.0	major triad	(2, 6, 9)	G	G	5	None
44.25	0.25	30.0	D3	50.0	True	30.0	1.25	53.0	V	False	('D', 'F#', 'A')	D	D	0.0	major triad	(2, 6, 9)	G	G	5	None
44.5	0.25	30.0	E4	64.0	True	30.0	1.25	53.0	V	False	('D', 'F#', 'A')	D	D	0.0	major triad	(2, 6, 9)	G	G	5	None
44.5	0.25	30.0	C#3	49.0	True	30.0	1.25	53.0	V	False	('D', 'F#', 'A')	D	D	0.0	major triad	(2, 6, 9)	G	G	5	None
44.75	0.25	30.0	D3	50.0	True	30.0	1.25	53.0	V	False	('D', 'F#', 'A')	D	D	0.0	major triad	(2, 6, 9)	G	G	5	None
44.75	0.25	30.0	F#4	66.0	True	30.0	1.25	53.0	V	False	('D', 'F#', 'A')	D	D	0.0	major triad	(2, 6, 9)	G	G	5	None
45.0	0.25	31.0	F#5	78.0	True	31.0	1.5	54.0	V7	True	('C', 'D', 'F#', 'A')	C	D	3.0	dominant seventh chord	(0, 2, 6, 9)	G	G	5	None
45.0	0.25	31.0	A4	69.0	True	31.0	1.5	54.0	V7	True	('C', 'D', 'F#', 'A')	C	D	3.0	dominant seventh chord	(0, 2, 6, 9)	G	G	5	None
45.0	1.5	31.0	C3	48.0	True	31.0	1.5	54.0	V7	True	('C', 'D', 'F#', 'A')	C	D	3.0	dominant seventh chord	(0, 2, 6, 9)	G	G	5	None
45.0	0.5	31.0	D6	86.0	True	31.0	1.5	54.0	V7	True	('C', 'D', 'F#', 'A')	C	D	3.0	dominant seventh chord	(0, 2, 6, 9)	G	G	5	None
45.25	0.25	31.0	C5	72.0	True	31.0	1.5	54.0	V7	False	('C', 'D', 'F#', 'A')	C	D	3.0	dominant seventh chord	(0, 2, 6, 9)	G	G	5	None
45.25	0.25	31.0	A5	81.0	True	31.0	1.5	54.0	V7	False	('C', 'D', 'F#', 'A')	C	D	3.0	dominant seventh chord	(0, 2, 6, 9)	G	G	5	None
45.5	0.25	31.0	B4	71.0	True	31.0	1.5	54.0	V7	False	('C', 'D', 'F#', 'A')	C	D	3.0	dominant seventh chord	(0, 2, 6, 9)	G	G	5	None
45.5	0.5	31.0	D6	86.0	True	31.0	1.5	54.0	V7	False	('C', 'D', 'F#', 'A')	C	D	3.0	dominant seventh chord	(0, 2, 6, 9)	G	G	5	None
45.5	0.25	31.0	G5	79.0	True	31.0	1.5	54.0	V7	False	('C', 'D', 'F#', 'A')	C	D	3.0	dominant seventh chord	(0, 2, 6, 9)	G	G	5	None
45.75	0.25	31.0	F#5	78.0	True	31.0	1.5	54.0	V7	False	('C', 'D', 'F#', 'A')	C	D	3.0	dominant seventh chord	(0, 2, 6, 9)	G	G	5	None
45.75	0.25	31.0	A4	69.0	True	31.0	1.5	54.0	V7	False	('C', 'D', 'F#', 'A')	C	D	3.0	dominant seventh chord	(0, 2, 6, 9)	G	G	5	None
46.0	0.5	31.0	D6	86.0	True	31.0	1.5	54.0	V7	False	('C', 'D', 'F#', 'A')	C	D	3.0	dominant seventh chord	(0, 2, 6, 9)	G	G	5	None
46.0	0.25	31.0	E5	76.0	True	31.0	1.5	54.0	V7	False	('C', 'D', 'F#', 'A')	C	D	3.0	dominant seventh chord	(0, 2, 6, 9)	G	G	5	None
46.0	0.25	31.0	G4	67.0	True	31.0	1.5	54.0	V7	False	('C', 'D', 'F#', 'A')	C	D	3.0	dominant seventh chord	(0, 2, 6, 9)	G	G	5	None
46.25	0.25	31.0	A4	69.0	True	31.0	1.5	54.0	V7	False	('C', 'D', 'F#', 'A')	C	D	3.0	dominant seventh chord	(0, 2, 6, 9)	G	G	5	None
46.25	0.25	31.0	F#5	78.0	True	31.0	1.5	54.0	V7	False	('C', 'D', 'F#', 'A')	C	D	3.0	dominant seventh chord	(0, 2, 6, 9)	G	G	5	None
46.5	0.25	32.0	G5	79.0	True	32.0	0.1667	55.0	I	True	('B', 'D', 'G')	B	G	1.0	major triad	(2, 7, 11)	G	G	1	None
46.5	0.25	32.0	D4	62.0	True	32.0	0.1667	55.0	I	True	('B', 'D', 'G')	B	G	1.0	major triad	(2, 7, 11)	G	G	1	None
46.5	0.25	32.0	C3	48.0	False	32.0	0.1667	55.0	I	True	('B', 'D', 'G')	B	G	1.0	major triad	(2, 7, 11)	G	G	1	None
46.5	0.5	32.0	B5	83.0	True	32.0	0.1667	55.0	I	True	('B', 'D', 'G')	B	G	1.0	major triad	(2, 7, 11)	G	G	1	None
46.6667						32.0	1.3333	56.0	I	True	('G', 'B', 'D')	G	G	0.0	major triad	(2, 7, 11)	G	G	1	None
46.75	0.25	32.0	D5	74.0	True	32.0	1.3333	56.0	I	False	('G', 'B', 'D')	G	G	0.0	major triad	(2, 7, 11)	G	G	1	None
46.75	0.25	32.0	G4	67.0	True	32.0	1.3333	56.0	I	False	('G', 'B', 'D')	G	G	0.0	major triad	(2, 7, 11)	G	G	1	None
46.75	0.25	32.0	B2	47.0	True	32.0	1.3333	56.0	I	False	('G', 'B', 'D')	G	G	0.0	major triad	(2, 7, 11)	G	G	1	None
47.0	0.25	32.0	C5	72.0	True	32.0	1.3333	56.0	I	False	('G', 'B', 'D')	G	G	0.0	major triad	(2, 7, 11)	G	G	1	None
47.0	0.25	32.0	A2	45.0	True	32.0	1.3333	56.0	I	False	('G', 'B', 'D')	G	G	0.0	major triad	(2, 7, 11)	G	G	1	None
47.0	0.25	32.0	F#4	66.0	True	32.0	1.3333	56.0	I	False	('G', 'B', 'D')	G	G	0.0	major triad	(2, 7, 11)	G	G	1	None
47.0	0.5	32.0	B5	83.0	False	32.0	1.3333	56.0	I	False	('G', 'B', 'D')	G	G	0.0	major triad	(2, 7, 11)	G	G	1	None
47.25	0.25	32.0	G2	43.0	True	32.0	1.3333	56.0	I	False	('G', 'B', 'D')	G	G	0.0	major triad	(2, 7, 11)	G	G	1	None
47.25	0.25	32.0	G4	67.0	True	32.0	1.3333	56.0	I	False	('G', 'B', 'D')	G	G	0.0	major triad	(2, 7, 11)	G	G	1	None
47.25	0.25	32.0	B4	71.0	True	32.0	1.3333	56.0	I	False	('G', 'B', 'D')	G	G	0.0	major triad	(2, 7, 11)	G	G	1	None
47.5	0.25	32.0	F#2	42.0	True	32.0	1.3333	56.0	I	False	('G', 'B', 'D')	G	G	0.0	major triad	(2, 7, 11)	G	G	1	None
47.5	0.25	32.0	C4	60.0	True	32.0	1.3333	56.0	I	False	('G', 'B', 'D')	G	G	0.0	major triad	(2, 7, 11)	G	G	1	None
47.5	0.25	32.0	A4	69.0	True	32.0	1.3333	56.0	I	False	('G', 'B', 'D')	G	G	0.0	major triad	(2, 7, 11)	G	G	1	None
47.75	0.25	32.0	G2	43.0	True	32.0	1.3333	56.0	I	False	('G', 'B', 'D')	G	G	0.0	major triad	(2, 7, 11)	G	G	1	None
47.75	0.25	32.0	B4	71.0	True	32.0	1.3333	56.0	I	False	('G', 'B', 'D')	G	G	0.0	major triad	(2, 7, 11)	G	G	1	None
47.75	0.25	32.0	B3	59.0	True	32.0	1.3333	56.0	I	False	('G', 'B', 'D')	G	G	0.0	major triad	(2, 7, 11)	G	G	1	None
48.0	0.25	33.0	C5	72.0	True	33.0	0.3333	57.0	I	True	('G', 'B', 'D')	G	G	0.0	major triad	(2, 7, 11)	G	G	1	None
48.0	1.0	33.0	A3	57.0	True	33.0	0.3333	57.0	I	True	('G', 'B', 'D')	G	G	0.0	major triad	(2, 7, 11)	G	G	1	None
48.0	1.0	33.0	G2	43.0	True	33.0	0.3333	57.0	I	True	('G', 'B', 'D')	G	G	0.0	major triad	(2, 7, 11)	G	G	1	None
48.0	1.5	33.0	G5	79.0	True	33.0	0.3333	57.0	I	True	('G', 'B', 'D')	G	G	0.0	major triad	(2, 7, 11)	G	G	1	None
48.25	0.25	33.0	B4	71.0	True	33.0	0.3333	57.0	I	False	('G', 'B', 'D')	G	G	0.0	major triad	(2, 7, 11)	G	G	1	None
48.3333						33.0	1.1667	58.0	IV	True	('E', 'G', 'C')	E	C	1.0	major triad	(0, 4, 7)	G	G	4	None
48.5	0.25	33.0	A4	69.0	True	33.0	1.1667	58.0	IV	False	('E', 'G', 'C')	E	C	1.0	major triad	(0, 4, 7)	G	G	4	None
48.75	0.25	33.0	G4	67.0	True	33.0	1.1667	58.0	IV	False	('E', 'G', 'C')	E	C	1.0	major triad	(0, 4, 7)	G	G	4	None
49.0	0.25	33.0	F#4	66.0	True	33.0	1.1667	58.0	IV	False	('E', 'G', 'C')	E	C	1.0	major triad	(0, 4, 7)	G	G	4	None
49.0	0.5	33.0	C5	72.0	True	33.0	1.1667	58.0	IV	False	('E', 'G', 'C')	E	C	1.0	major triad	(0, 4, 7)	G	G	4	None
49.0	0.5	33.0	E4	64.0	True	33.0	1.1667	58.0	IV	False	('E', 'G', 'C')	E	C	1.0	major triad	(0, 4, 7)	G	G	4	None
49.25	0.25	33.0	G4	67.0	True	33.0	1.1667	58.0	IV	False	('E', 'G', 'C')	E	C	1.0	major triad	(0, 4, 7)	G	G	4	None
49.5	1.5	34.0	A5	81.0	True	34.0	0.3333	59.0	V	True	('D', 'F#', 'A')	D	D	0.0	major triad	(2, 6, 9)	G	G	5	None
49.5	1.0	34.0	F#4	66.0	True	34.0	0.3333	59.0	V	True	('D', 'F#', 'A')	D	D	0.0	major triad	(2, 6, 9)	G	G	5	None
49.5	0.25	34.0	C5	72.0	False	34.0	0.3333	59.0	V	True	('D', 'F#', 'A')	D	D	0.0	major triad	(2, 6, 9)	G	G	5	None
49.5	0.25	34.0	E4	64.0	False	34.0	0.3333	59.0	V	True	('D', 'F#', 'A')	D	D	0.0	major triad	(2, 6, 9)	G	G	5	None
49.75	0.25	34.0	B4	71.0	True	34.0	0.3333	59.0	V	False	('D', 'F#', 'A')	D	D	0.0	major triad	(2, 6, 9)	G	G	5	None
49.75	0.25	34.0	D4	62.0	True	34.0	0.3333	59.0	V	False	('D', 'F#', 'A')	D	D	0.0	major triad	(2, 6, 9)	G	G	5	None
49.8333						34.0	1.1667	60.0	V7	True	('A', 'C', 'D', 'F#')	A	D	2.0	dominant seventh chord	(0, 2, 6, 9)	G	G	5	None
50.0	0.25	34.0	A4	69.0	True	34.0	1.1667	60.0	V7	False	('A', 'C', 'D', 'F#')	A	D	2.0	dominant seventh chord	(0, 2, 6, 9)	G	G	5	None
50.0	0.25	34.0	C4	60.0	True	34.0	1.1667	60.0	V7	False	('A', 'C', 'D', 'F#')	A	D	2.0	dominant seventh chord	(0, 2, 6, 9)	G	G	5	None
50.25	0.25	34.0	G4	67.0	True	34.0	1.1667	60.0	V7	False	('A', 'C', 'D', 'F#')	A	D	2.0	dominant seventh chord	(0, 2, 6, 9)	G	G	5	None
50.25	0.25	34.0	B3	59.0	True	34.0	1.1667	60.0	V7	False	('A', 'C', 'D', 'F#')	A	D	2.0	dominant seventh chord	(0, 2, 6, 9)	G	G	5	None
50.5	0.5	34.0	C5	72.0	True	34.0	1.1667	60.0	V7	False	('A', 'C', 'D', 'F#')	A	D	2.0	dominant seventh chord	(0, 2, 6, 9)	G	G	5	None
50.5	0.25	34.0	F#4	66.0	True	34.0	1.1667	60.0	V7	False	('A', 'C', 'D', 'F#')	A	D	2.0	dominant seventh chord	(0, 2, 6, 9)	G	G	5	None
50.5	0.25	34.0	A3	57.0	True	34.0	1.1667	60.0	V7	False	('A', 'C', 'D', 'F#')	A	D	2.0	dominant seventh chord	(0, 2, 6, 9)	G	G	5	None
50.75	0.25	34.0	G4	67.0	True	34.0	1.1667	60.0	V7	False	('A', 'C', 'D', 'F#')	A	D	2.0	dominant seventh chord	(0, 2, 6, 9)	G	G	5	None
50.75	0.25	34.0	B3	59.0	True	34.0	1.1667	60.0	V7	False	('A', 'C', 'D', 'F#')	A	D	2.0	dominant seventh chord	(0, 2, 6, 9)	G	G	5	None
51.0	0.5	35.0	D6	86.0	True	35.0	0.3333	61.0	V7	True	('A', 'C', 'D', 'F#')	A	D	2.0	dominant seventh chord	(0, 2, 6, 9)	G	G	5	None
51.0	0.25	35.0	C5	72.0	False	35.0	0.3333	61.0	V7	True	('A', 'C', 'D', 'F#')	A	D	2.0	dominant seventh chord	(0, 2, 6, 9)	G	G	5	None
51.0	1.0	35.0	F#4	66.0	True	35.0	0.3333	61.0	V7	True	('A', 'C', 'D', 'F#')	A	D	2.0	dominant seventh chord	(0, 2, 6, 9)	G	G	5	None
51.0	1.0	35.0	A3	57.0	True	35.0	0.3333	61.0	V7	True	('A', 'C', 'D', 'F#')	A	D	2.0	dominant seventh chord	(0, 2, 6, 9)	G	G	5	None
51.25	0.25	35.0	B4	71.0	True	35.0	0.3333	61.0	V7	False	('A', 'C', 'D', 'F#')	A	D	2.0	dominant seventh chord	(0, 2, 6, 9)	G	G	5	None
51.3333						35.0	1.1667	62.0	V7	True	('C', 'D', 'F#', 'A')	C	D	3.0	dominant seventh chord	(0, 2, 6, 9)	G	G	5	None
51.5	0.25	35.0	A4	69.0	True	35.0	1.1667	62.0	V7	False	('C', 'D', 'F#', 'A')	C	D	3.0	dominant seventh chord	(0, 2, 6, 9)	G	G	5	None
51.5	0.5	35.0	D6	86.0	True	35.0	1.1667	62.0	V7	False	('C', 'D', 'F#', 'A')	C	D	3.0	dominant seventh chord	(0, 2, 6, 9)	G	G	5	None
51.75	0.25	35.0	G4	67.0	True	35.0	1.1667	62.0	V7	False	('C', 'D', 'F#', 'A')	C	D	3.0	dominant seventh chord	(0, 2, 6, 9)	G	G	5	None
52.0	0.5	35.0	A4	69.0	True	35.0	1.1667	62.0	V7	False	('C', 'D', 'F#', 'A')	C	D	3.0	dominant seventh chord	(0, 2, 6, 9)	G	G	5	None
52.0	0.5	35.0	D6	86.0	True	35.0	1.1667	62.0	V7	False	('C', 'D', 'F#', 'A')	C	D	3.0	dominant seventh chord	(0, 2, 6, 9)	G	G	5	None
52.0	0.5	35.0	C4	60.0	True	35.0	1.1667	62.0	V7	False	('C', 'D', 'F#', 'A')	C	D	3.0	dominant seventh chord	(0, 2, 6, 9)	G	G	5	None
52.0	0.25	35.0	F#4	66.0	True	35.0	1.1667	62.0	V7	False	('C', 'D', 'F#', 'A')	C	D	3.0	dominant seventh chord	(0, 2, 6, 9)	G	G	5	None
52.25	0.25	35.0	A4	69.0	True	35.0	1.1667	62.0	V7	False	('C', 'D', 'F#', 'A')	C	D	3.0	dominant seventh chord	(0, 2, 6, 9)	G	G	5	None
52.5	0.5	36.0	D6	86.0	True	36.0	0.25	63.0	I	True	('B', 'D', 'G')	B	G	1.0	major triad	(2, 7, 11)	G	G	1	None
52.5	1.0	36.0	G4	67.0	True	36.0	0.25	63.0	I	True	('B', 'D', 'G')	B	G	1.0	major triad	(2, 7, 11)	G	G	1	None
52.5	0.25	36.0	A4	69.0	False	36.0	0.25	63.0	I	True	('B', 'D', 'G')	B	G	1.0	major triad	(2, 7, 11)	G	G	1	None
52.5	0.25	36.0	C4	60.0	False	36.0	0.25	63.0	I	True	('B', 'D', 'G')	B	G	1.0	major triad	(2, 7, 11)	G	G	1	None
52.75	0.25	36.0	D4	62.0	True	36.0	0.0833	64.0	I	True	('G', 'B', 'D')	G	G	0.0	major triad	(2, 7, 11)	G	G	1	None
52.75	0.25	36.0	B3	59.0	True	36.0	0.0833	64.0	I	True	('G', 'B', 'D')	G	G	0.0	major triad	(2, 7, 11)	G	G	1	None
52.8333						36.0	1.1667	65.0	vi	True	('G', 'B', 'E')	G	E	1.0	minor triad	(4, 7, 11)	G	G	6	None
53.0	0.25	36.0	G6	91.0	True	36.0	1.1667	65.0	vi	False	('G', 'B', 'E')	G	E	1.0	minor triad	(4, 7, 11)	G	G	6	None
53.0	0.25	36.0	C4	60.0	True	36.0	1.1667	65.0	vi	False	('G', 'B', 'E')	G	E	1.0	minor triad	(4, 7, 11)	G	G	6	None
53.0	0.25	36.0	A3	57.0	True	36.0	1.1667	65.0	vi	False	('G', 'B', 'E')	G	E	1.0	minor triad	(4, 7, 11)	G	G	6	None
53.25	0.25	36.0	G3	55.0	True	36.0	1.1667	65.0	vi	False	('G', 'B', 'E')	G	E	1.0	minor triad	(4, 7, 11)	G	G	6	None
53.25	0.25	36.0	G6	91.0	False	36.0	1.1667	65.0	vi	False	('G', 'B', 'E')	G	E	1.0	minor triad	(4, 7, 11)	G	G	6	None
53.25	0.25	36.0	B3	59.0	True	36.0	1.1667	65.0	vi	False	('G', 'B', 'E')	G	E	1.0	minor triad	(4, 7, 11)	G	G	6	None
53.5	0.5	36.0	G6	91.0	False	36.0	1.1667	65.0	vi	False	('G', 'B', 'E')	G	E	1.0	minor triad	(4, 7, 11)	G	G	6	None
53.5	0.5	36.0	E5	76.0	True	36.0	1.1667	65.0	vi	False	('G', 'B', 'E')	G	E	1.0	minor triad	(4, 7, 11)	G	G	6	None
53.5	0.25	36.0	A3	57.0	True	36.0	1.1667	65.0	vi	False	('G', 'B', 'E')	G	E	1.0	minor triad	(4, 7, 11)	G	G	6	None
53.5	0.25	36.0	F#3	54.0	True	36.0	1.1667	65.0	vi	False	('G', 'B', 'E')	G	E	1.0	minor triad	(4, 7, 11)	G	G	6	None
53.75	0.25	36.0	B3	59.0	True	36.0	1.1667	65.0	vi	False	('G', 'B', 'E')	G	E	1.0	minor triad	(4, 7, 11)	G	G	6	None
53.75	0.25	36.0	G3	55.0	True	36.0	1.1667	65.0	vi	False	('G', 'B', 'E')	G	E	1.0	minor triad	(4, 7, 11)	G	G	6	None
54.0	1.5	37.0	G5	79.0	True	37.0	1.5	66.0	I	True	('G', 'B', 'D')	G	G	0.0	major triad	(2, 7, 11)	G	G	1	None
54.0	0.25	37.0	E5	76.0	False	37.0	1.5	66.0	I	True	('G', 'B', 'D')	G	G	0.0	major triad	(2, 7, 11)	G	G	1	None
54.0	0.25	37.0	C4	60.0	True	37.0	1.5	66.0	I	True	('G', 'B', 'D')	G	G	0.0	major triad	(2, 7, 11)	G	G	1	None
54.0	1.0	37.0	G3	55.0	True	37.0	1.5	66.0	I	True	('G', 'B', 'D')	G	G	0.0	major triad	(2, 7, 11)	G	G	1	None
54.25	0.25	37.0	D5	74.0	True	37.0	1.5	66.0	I	False	('G', 'B', 'D')	G	G	0.0	major triad	(2, 7, 11)	G	G	1	None
54.25	0.25	37.0	B3	59.0	True	37.0	1.5	66.0	I	False	('G', 'B', 'D')	G	G	0.0	major triad	(2, 7, 11)	G	G	1	None
54.5	0.25	37.0	C5	72.0	True	37.0	1.5	66.0	I	False	('G', 'B', 'D')	G	G	0.0	major triad	(2, 7, 11)	G	G	1	None
54.5	0.25	37.0	A3	57.0	True	37.0	1.5	66.0	I	False	('G', 'B', 'D')	G	G	0.0	major triad	(2, 7, 11)	G	G	1	None
54.75	0.25	37.0	B4	71.0	True	37.0	1.5	66.0	I	False	('G', 'B', 'D')	G	G	0.0	major triad	(2, 7, 11)	G	G	1	None
54.75	0.25	37.0	G3	55.0	True	37.0	1.5	66.0	I	False	('G', 'B', 'D')	G	G	0.0	major triad	(2, 7, 11)	G	G	1	None
55.0	0.5	37.0	G3	55.0	True	37.0	1.5	66.0	I	False	('G', 'B', 'D')	G	G	0.0	major triad	(2, 7, 11)	G	G	1	None
55.0	0.25	37.0	A4	69.0	True	37.0	1.5	66.0	I	False	('G', 'B', 'D')	G	G	0.0	major triad	(2, 7, 11)	G	G	1	None
55.0	0.25	37.0	F#3	54.0	True	37.0	1.5	66.0	I	False	('G', 'B', 'D')	G	G	0.0	major triad	(2, 7, 11)	G	G	1	None
55.25	0.25	37.0	B4	71.0	True	37.0	1.5	66.0	I	False	('G', 'B', 'D')	G	G	0.0	major triad	(2, 7, 11)	G	G	1	None
55.25	0.25	37.0	G3	55.0	True	37.0	1.5	66.0	I	False	('G', 'B', 'D')	G	G	0.0	major triad	(2, 7, 11)	G	G	1	None
55.5	1.5	38.0	A5	81.0	True	38.0	0.3333	67.0	V	True	('F#', 'A', 'D')	F#	D	1.0	major triad	(2, 6, 9)	G	G	5	None
55.5	0.25	38.0	B4	71.0	True	38.0	0.3333	67.0	V	True	('F#', 'A', 'D')	F#	D	1.0	major triad	(2, 6, 9)	G	G	5	None
55.5	1.0	38.0	D3	50.0	True	38.0	0.3333	67.0	V	True	('F#', 'A', 'D')	F#	D	1.0	major triad	(2, 6, 9)	G	G	5	None
55.5	0.25	38.0	G3	55.0	False	38.0	0.3333	67.0	V	True	('F#', 'A', 'D')	F#	D	1.0	major triad	(2, 6, 9)	G	G	5	None
55.75	0.25	38.0	A4	69.0	True	38.0	0.3333	67.0	V	False	('F#', 'A', 'D')	F#	D	1.0	major triad	(2, 6, 9)	G	G	5	None
55.75	0.25	38.0	F#3	54.0	True	38.0	0.3333	67.0	V	False	('F#', 'A', 'D')	F#	D	1.0	major triad	(2, 6, 9)	G	G	5	None
55.8333						38.0	1.1667	68.0	V/V	True	('C#', 'E', 'A')	C#	A	1.0	major triad	(1, 4, 9)	G	D	5	5
56.0	0.25	38.0	G4	67.0	True	38.0	1.1667	68.0	V/V	False	('C#', 'E', 'A')	C#	A	1.0	major triad	(1, 4, 9)	G	D	5	5
56.0	0.25	38.0	E3	52.0	True	38.0	1.1667	68.0	V/V	False	('C#', 'E', 'A')	C#	A	1.0	major triad	(1, 4, 9)	G	D	5	5
56.25	0.25	38.0	D3	50.0	True	38.0	1.1667	68.0	V/V	False	('C#', 'E', 'A')	C#	A	1.0	major triad	(1, 4, 9)	G	D	5	5
56.25	0.25	38.0	F#4	66.0	True	38.0	1.1667	68.0	V/V	False	('C#', 'E', 'A')	C#	A	1.0	major triad	(1, 4, 9)	G	D	5	5
56.5	0.25	38.0	E4	64.0	True	38.0	1.1667	68.0	V/V	False	('C#', 'E', 'A')	C#	A	1.0	major triad	(1, 4, 9)	G	D	5	5
56.5	0.5	38.0	A4	69.0	True	38.0	1.1667	68.0	V/V	False	('C#', 'E', 'A')	C#	A	1.0	major triad	(1, 4, 9)	G	D	5	5
56.5	0.25	38.0	C#3	49.0	True	38.0	1.1667	68.0	V/V	False	('C#', 'E', 'A')	C#	A	1.0	major triad	(1, 4, 9)	G	D	5	5
56.75	0.25	38.0	F#4	66.0	True	38.0	1.1667	68.0	V/V	False	('C#', 'E', 'A')	C#	A	1.0	major triad	(1, 4, 9)	G	D	5	5
56.75	0.25	38.0	D3	50.0	True	38.0	1.1667	68.0	V/V	False	('C#', 'E', 'A')	C#	A	1.0	major triad	(1, 4, 9)	G	D	5	5
57.0	0.5	39.0	D6	86.0	True	39.0	1.5	69.0	V7	True	('D', 'F#', 'A', 'C')	D	D	0.0	dominant seventh chord	(0, 2, 6, 9)	G	G	5	None
57.0	1.0	39.0	F#4	66.0	True	39.0	1.5	69.0	V7	True	('D', 'F#', 'A', 'C')	D	D	0.0	dominant seventh chord	(0, 2, 6, 9)	G	G	5	None
57.0	0.25	39.0	A4	69.0	False	39.0	1.5	69.0	V7	True	('D', 'F#', 'A', 'C')	D	D	0.0	dominant seventh chord	(0, 2, 6, 9)	G	G	5	None
57.0	0.25	39.0	D3	50.0	False	39.0	1.5	69.0	V7	True	('D', 'F#', 'A', 'C')	D	D	0.0	dominant seventh chord	(0, 2, 6, 9)	G	G	5	None
57.25	0.25	39.0	D4	62.0	True	39.0	1.5	69.0	V7	False	('D', 'F#', 'A', 'C')	D	D	0.0	dominant seventh chord	(0, 2, 6, 9)	G	G	5	None
57.25	0.25	39.0	C3	48.0	True	39.0	1.5	69.0	V7	False	('D', 'F#', 'A', 'C')	D	D	0.0	dominant seventh chord	(0, 2, 6, 9)	G	G	5	None
57.5	0.5	39.0	D6	86.0	True	39.0	1.5	69.0	V7	False	('D', 'F#', 'A', 'C')	D	D	0.0	dominant seventh chord	(0, 2, 6, 9)	G	G	5	None
57.5	0.25	39.0	D4	62.0	True	39.0	1.5	69.0	V7	False	('D', 'F#', 'A', 'C')	D	D	0.0	dominant seventh chord	(0, 2, 6, 9)	G	G	5	None
57.5	0.25	39.0	B2	47.0	True	39.0	1.5	69.0	V7	False	('D', 'F#', 'A', 'C')	D	D	0.0	dominant seventh chord	(0, 2, 6, 9)	G	G	5	None
57.75	0.25	39.0	C4	60.0	True	39.0	1.5	69.0	V7	False	('D', 'F#', 'A', 'C')	D	D	0.0	dominant seventh chord	(0, 2, 6, 9)	G	G	5	None
57.75	0.25	39.0	A2	45.0	True	39.0	1.5	69.0	V7	False	('D', 'F#', 'A', 'C')	D	D	0.0	dominant seventh chord	(0, 2, 6, 9)	G	G	5	None
58.0	0.5	39.0	D6	86.0	True	39.0	1.5	69.0	V7	False	('D', 'F#', 'A', 'C')	D	D	0.0	dominant seventh chord	(0, 2, 6, 9)	G	G	5	None
58.0	0.5	39.0	C5	72.0	True	39.0	1.5	69.0	V7	False	('D', 'F#', 'A', 'C')	D	D	0.0	dominant seventh chord	(0, 2, 6, 9)	G	G	5	None
58.0	0.25	39.0	B3	59.0	True	39.0	1.5	69.0	V7	False	('D', 'F#', 'A', 'C')	D	D	0.0	dominant seventh chord	(0, 2, 6, 9)	G	G	5	None
58.0	0.25	39.0	G#2	44.0	True	39.0	1.5	69.0	V7	False	('D', 'F#', 'A', 'C')	D	D	0.0	dominant seventh chord	(0, 2, 6, 9)	G	G	5	None
58.25	0.25	39.0	C4	60.0	True	39.0	1.5	69.0	V7	False	('D', 'F#', 'A', 'C')	D	D	0.0	dominant seventh chord	(0, 2, 6, 9)	G	G	5	None
58.25	0.25	39.0	A2	45.0	True	39.0	1.5	69.0	V7	False	('D', 'F#', 'A', 'C')	D	D	0.0	dominant seventh chord	(0, 2, 6, 9)	G	G	5	None
58.5	0.25	40.0	F#3	54.0	True	40.0	0.3333	70.0	I	True	('G', 'B', 'D')	G	G	0.0	major triad	(2, 7, 11)	G	G	1	None
58.5	0.5	40.0	B5	83.0	True	40.0	0.3333	70.0	I	True	('G', 'B', 'D')	G	G	0.0	major triad	(2, 7, 11)	G	G	1	None
58.5	0.25	40.0	C5	72.0	False	40.0	0.3333	70.0	I	True	('G', 'B', 'D')	G	G	0.0	major triad	(2, 7, 11)	G	G	1	None
58.5	0.25	40.0	A2	45.0	False	40.0	0.3333	70.0	I	True	('G', 'B', 'D')	G	G	0.0	major triad	(2, 7, 11)	G	G	1	None
58.75	0.25	40.0	G2	43.0	True	40.0	0.3333	70.0	I	False	('G', 'B', 'D')	G	G	0.0	major triad	(2, 7, 11)	G	G	1	None
58.75	0.25	40.0	G3	55.0	True	40.0	0.3333	70.0	I	False	('G', 'B', 'D')	G	G	0.0	major triad	(2, 7, 11)	G	G	1	None
58.75	0.25	40.0	B4	71.0	True	40.0	0.3333	70.0	I	False	('G', 'B', 'D')	G	G	0.0	major triad	(2, 7, 11)	G	G	1	None
58.8333						40.0	1.1667	71.0	V7/IV	True	('F', 'G', 'B', 'D')	F	G	3.0	dominant seventh chord	(2, 5, 7, 11)	G	C	5	4
59.0	0.25	40.0	A4	69.0	True	40.0	1.1667	71.0	V7/IV	False	('F', 'G', 'B', 'D')	F	G	3.0	dominant seventh chord	(2, 5, 7, 11)	G	C	5	4
59.0	0.25	40.0	A3	57.0	True	40.0	1.1667	71.0	V7/IV	False	('F', 'G', 'B', 'D')	F	G	3.0	dominant seventh chord	(2, 5, 7, 11)	G	C	5	4
59.0	0.25	40.0	F#2	42.0	True	40.0	1.1667	71.0	V7/IV	False	('F', 'G', 'B', 'D')	F	G	3.0	dominant seventh chord	(2, 5, 7, 11)	G	C	5	4
59.25	0.25	40.0	G3	55.0	True	40.0	1.1667	71.0	V7/IV	False	('F', 'G', 'B', 'D')	F	G	3.0	dominant seventh chord	(2, 5, 7, 11)	G	C	5	4
59.25	0.25	40.0	B4	71.0	True	40.0	1.1667	71.0	V7/IV	False	('F', 'G', 'B', 'D')	F	G	3.0	dominant seventh chord	(2, 5, 7, 11)	G	C	5	4
59.25	0.25	40.0	G2	43.0	True	40.0	1.1667	71.0	V7/IV	False	('F', 'G', 'B', 'D')	F	G	3.0	dominant seventh chord	(2, 5, 7, 11)	G	C	5	4
59.5	0.25	40.0	G5	79.0	True	40.0	1.1667	71.0	V7/IV	False	('F', 'G', 'B', 'D')	F	G	3.0	dominant seventh chord	(2, 5, 7, 11)	G	C	5	4
59.5	0.25	40.0	C5	72.0	True	40.0	1.1667	71.0	V7/IV	False	('F', 'G', 'B', 'D')	F	G	3.0	dominant seventh chord	(2, 5, 7, 11)	G	C	5	4
59.5	0.25	40.0	F2	41.0	True	40.0	1.1667	71.0	V7/IV	False	('F', 'G', 'B', 'D')	F	G	3.0	dominant seventh chord	(2, 5, 7, 11)	G	C	5	4
59.5	0.25	40.0	A3	57.0	True	40.0	1.1667	71.0	V7/IV	False	('F', 'G', 'B', 'D')	F	G	3.0	dominant seventh chord	(2, 5, 7, 11)	G	C	5	4
59.75	0.25	40.0	D2	38.0	True	40.0	1.1667	71.0	V7/IV	False	('F', 'G', 'B', 'D')	F	G	3.0	dominant seventh chord	(2, 5, 7, 11)	G	C	5	4
59.75	0.25	40.0	B3	59.0	True	40.0	1.1667	71.0	V7/IV	False	('F', 'G', 'B', 'D')	F	G	3.0	dominant seventh chord	(2, 5, 7, 11)	G	C	5	4
59.75	0.25	40.0	D5	74.0	True	40.0	1.1667	71.0	V7/IV	False	('F', 'G', 'B', 'D')	F	G	3.0	dominant seventh chord	(2, 5, 7, 11)	G	C	5	4
59.75	0.25	40.0	F5	77.0	True	40.0	1.1667	71.0	V7/IV	False	('F', 'G', 'B', 'D')	F	G	3.0	dominant seventh chord	(2, 5, 7, 11)	G	C	5	4
60.0	1.0	41.0	E5	76.0	True	41.0	1.5	72.0	I	True	('C', 'E', 'G')	C	C	0.0	major triad	(0, 4, 7)	C	C	1	None
60.0	1.5	41.0	E3	52.0	True	41.0	1.5	72.0	I	True	('C', 'E', 'G')	C	C	0.0	major triad	(0, 4, 7)	C	C	1	None
60.0	1.5	41.0	G3	55.0	True	41.0	1.5	72.0	I	True	('C', 'E', 'G')	C	C	0.0	major triad	(0, 4, 7)	C	C	1	None
60.0	1.5	41.0	C2	36.0	True	41.0	1.5	72.0	I	True	('C', 'E', 'G')	C	C	0.0	major triad	(0, 4, 7)	C	C	1	None
60.0	0.25	41.0	F5	77.0	True	41.0	1.5	72.0	I	True	('C', 'E', 'G')	C	C	0.0	major triad	(0, 4, 7)	C	C	1	None
60.25	0.25	41.0	E5	76.0	True	41.0	1.5	72.0	I	False	('C', 'E', 'G')	C	C	0.0	major triad	(0, 4, 7)	C	C	1	None
60.5	0.25	41.0	D5	74.0	True	41.0	1.5	72.0	I	False	('C', 'E', 'G')	C	C	0.0	major triad	(0, 4, 7)	C	C	1	None
60.75	0.25	41.0	C5	72.0	True	41.0	1.5	72.0	I	False	('C', 'E', 'G')	C	C	0.0	major triad	(0, 4, 7)	C	C	1	None
61.0	0.25	41.0	B4	71.0	True	41.0	1.5	72.0	I	False	('C', 'E', 'G')	C	C	0.0	major triad	(0, 4, 7)	C	C	1	None
61.25	0.25	41.0	C5	72.0	True	41.0	1.5	72.0	I	False	('C', 'E', 'G')	C	C	0.0	major triad	(0, 4, 7)	C	C	1	None
61.5	1.5	42.0	F3	53.0	True	42.0	1.5	73.0	V7	True	('D', 'F', 'G', 'B')	D	G	2.0	dominant seventh chord	(2, 5, 7, 11)	C	C	5	None
61.5	1.0	42.0	B4	71.0	True	42.0	1.5	73.0	V7	True	('D', 'F', 'G', 'B')	D	G	2.0	dominant seventh chord	(2, 5, 7, 11)	C	C	5	None
61.5	0.25	42.0	C6	84.0	True	42.0	1.5	73.0	V7	True	('D', 'F', 'G', 'B')	D	G	2.0	dominant seventh chord	(2, 5, 7, 11)	C	C	5	None
61.5	1.5	42.0	G3	55.0	True	42.0	1.5	73.0	V7	True	('D', 'F', 'G', 'B')	D	G	2.0	dominant seventh chord	(2, 5, 7, 11)	C	C	5	None
61.5	1.5	42.0	D2	38.0	True	42.0	1.5	73.0	V7	True	('D', 'F', 'G', 'B')	D	G	2.0	dominant seventh chord	(2, 5, 7, 11)	C	C	5	None
61.75	0.25	42.0	B5	83.0	True	42.0	1.5	73.0	V7	False	('D', 'F', 'G', 'B')	D	G	2.0	dominant seventh chord	(2, 5, 7, 11)	C	C	5	None
62.0	0.25	42.0	A5	81.0	True	42.0	1.5	73.0	V7	False	('D', 'F', 'G', 'B')	D	G	2.0	dominant seventh chord	(2, 5, 7, 11)	C	C	5	None
62.25	0.25	42.0	G5	79.0	True	42.0	1.5	73.0	V7	False	('D', 'F', 'G', 'B')	D	G	2.0	dominant seventh chord	(2, 5, 7, 11)	C	C	5	None
62.5	0.25	42.0	F#5	78.0	True	42.0	1.5	73.0	V7	False	('D', 'F', 'G', 'B')	D	G	2.0	dominant seventh chord	(2, 5, 7, 11)	C	C	5	None
62.75	0.25	42.0	G5	79.0	True	42.0	1.5	73.0	V7	False	('D', 'F', 'G', 'B')	D	G	2.0	dominant seventh chord	(2, 5, 7, 11)	C	C	5	None
63.0	0.25	43.0	E6	88.0	True	43.0	1.5	74.0	V7	True	('G', 'B', 'D', 'F')	G	G	0.0	dominant seventh chord	(2, 5, 7, 11)	C	C	5	None
63.0	1.0	43.0	F5	77.0	True	43.0	1.5	74.0	V7	True	('G', 'B', 'D', 'F')	G	G	0.0	dominant seventh chord	(2, 5, 7, 11)	C	C	5	None
63.0	0.5	43.0	F3	53.0	True	43.0	1.5	74.0	V7	True	('G', 'B', 'D', 'F')	G	G	0.0	dominant seventh chord	(2, 5, 7, 11)	C	C	5	None
63.0	0.5	43.0	G3	55.0	True	43.0	1.5	74.0	V7	True	('G', 'B', 'D', 'F')	G	G	0.0	dominant seventh chord	(2, 5, 7, 11)	C	C	5	None
63.0	0.5	43.0	G2	43.0	True	43.0	1.5	74.0	V7	True	('G', 'B', 'D', 'F')	G	G	0.0	dominant seventh chord	(2, 5, 7, 11)	C	C	5	None
63.25	0.25	43.0	D6	86.0	True	43.0	1.5	74.0	V7	False	('G', 'B', 'D', 'F')	G	G	0.0	dominant seventh chord	(2, 5, 7, 11)	C	C	5	None
63.5	0.5	43.0	G2	43.0	True	43.0	1.5	74.0	V7	False	('G', 'B', 'D', 'F')	G	G	0.0	dominant seventh chord	(2, 5, 7, 11)	C	C	5	None
63.5	0.25	43.0	C6	84.0	True	43.0	1.5	74.0	V7	False	('G', 'B', 'D', 'F')	G	G	0.0	dominant seventh chord	(2, 5, 7, 11)	C	C	5	None
63.5	0.5	43.0	F3	53.0	True	43.0	1.5	74.0	V7	False	('G', 'B', 'D', 'F')	G	G	0.0	dominant seventh chord	(2, 5, 7, 11)	C	C	5	None
63.5	0.5	43.0	G3	55.0	True	43.0	1.5	74.0	V7	False	('G', 'B', 'D', 'F')	G	G	0.0	dominant seventh chord	(2, 5, 7, 11)	C	C	5	None
63.75	0.25	43.0	B5	83.0	True	43.0	1.5	74.0	V7	False	('G', 'B', 'D', 'F')	G	G	0.0	dominant seventh chord	(2, 5, 7, 11)	C	C	5	None
64.0	0.25	43.0	A5	81.0	True	43.0	1.5	74.0	V7	False	('G', 'B', 'D', 'F')	G	G	0.0	dominant seventh chord	(2, 5, 7, 11)	C	C	5	None
64.0	0.5	43.0	F3	53.0	True	43.0	1.5	74.0	V7	False	('G', 'B', 'D', 'F')	G	G	0.0	dominant seventh chord	(2, 5, 7, 11)	C	C	5	None
64.0	0.5	43.0	G3	55.0	True	43.0	1.5	74.0	V7	False	('G', 'B', 'D', 'F')	G	G	0.0	dominant seventh chord	(2, 5, 7, 11)	C	C	5	None
64.0	0.5	43.0	G2	43.0	True	43.0	1.5	74.0	V7	False	('G', 'B', 'D', 'F')	G	G	0.0	dominant seventh chord	(2, 5, 7, 11)	C	C	5	None
64.25	0.25	43.0	B5	83.0	True	43.0	1.5	74.0	V7	False	('G', 'B', 'D', 'F')	G	G	0.0	dominant seventh chord	(2, 5, 7, 11)	C	C	5	None
64.5	1.5	44.0	G3	55.0	True	44.0	0.1667	75.0	V7	True	('G', 'B', 'D', 'F')	G	G	0.0	dominant seventh chord	(2, 5, 7, 11)	C	C	5	None
64.5	0.5	44.0	G2	43.0	True	44.0	0.1667	75.0	V7	True	('G', 'B', 'D', 'F')	G	G	0.0	dominant seventh chord	(2, 5, 7, 11)	C	C	5	None
64.5	1.5	44.0	E3	52.0	True	44.0	0.1667	75.0	V7	True	('G', 'B', 'D', 'F')	G	G	0.0	dominant seventh chord	(2, 5, 7, 11)	C	C	5	None
64.5	1.0	44.0	C6	84.0	True	44.0	0.1667	75.0	V7	True	('G', 'B', 'D', 'F')	G	G	0.0	dominant seventh chord	(2, 5, 7, 11)	C	C	5	None
64.5	0.25	44.0	F5	77.0	True	44.0	0.1667	75.0	V7	True	('G', 'B', 'D', 'F')	G	G	0.0	dominant seventh chord	(2, 5, 7, 11)	C	C	5	None
64.6667						44.0	1.3333	76.0	I	True	('C', 'E', 'G')	C	C	0.0	major triad	(0, 4, 7)	C	C	1	None
64.75	0.25	44.0	E5	76.0	True	44.0	1.3333	76.0	I	False	('C', 'E', 'G')	C	C	0.0	major triad	(0, 4, 7)	C	C	1	None
65.0	0.25	44.0	D5	74.0	True	44.0	1.3333	76.0	I	False	('C', 'E', 'G')	C	C	0.0	major triad	(0, 4, 7)	C	C	1	None
65.0	1.0	44.0	C3	48.0	True	44.0	1.3333	76.0	I	False	('C', 'E', 'G')	C	C	0.0	major triad	(0, 4, 7)	C	C	1	None
65.25	0.25	44.0	C5	72.0	True	44.0	1.3333	76.0	I	False	('C', 'E', 'G')	C	C	0.0	major triad	(0, 4, 7)	C	C	1	None
65.5	0.25	44.0	E6	88.0	True	44.0	1.3333	76.0	I	False	('C', 'E', 'G')	C	C	0.0	major triad	(0, 4, 7)	C	C	1	None
65.5	0.25	44.0	B4	71.0	True	44.0	1.3333	76.0	I	False	('C', 'E', 'G')	C	C	0.0	major triad	(0, 4, 7)	C	C	1	None
65.75	0.25	44.0	F6	89.0	True	44.0	1.3333	76.0	I	False	('C', 'E', 'G')	C	C	0.0	major triad	(0, 4, 7)	C	C	1	None
65.75	0.25	44.0	C5	72.0	True	44.0	1.3333	76.0	I	False	('C', 'E', 'G')	C	C	0.0	major triad	(0, 4, 7)	C	C	1	None
66.0	1.5	45.0	E3	52.0	True	45.0	1.5	77.0	I	True	('C', 'E', 'G')	C	C	0.0	major triad	(0, 4, 7)	C	C	1	None
66.0	1.5	45.0	C2	36.0	True	45.0	1.5	77.0	I	True	('C', 'E', 'G')	C	C	0.0	major triad	(0, 4, 7)	C	C	1	None
66.0	0.25	45.0	F6	89.0	True	45.0	1.5	77.0	I	True	('C', 'E', 'G')	C	C	0.0	major triad	(0, 4, 7)	C	C	1	None
66.0	0.25	45.0	F5	77.0	True	45.0	1.5	77.0	I	True	('C', 'E', 'G')	C	C	0.0	major triad	(0, 4, 7)	C	C	1	None
66.0	1.5	45.0	G3	55.0	True	45.0	1.5	77.0	I	True	('C', 'E', 'G')	C	C	0.0	major triad	(0, 4, 7)	C	C	1	None
66.25	0.25	45.0	E6	88.0	True	45.0	1.5	77.0	I	False	('C', 'E', 'G')	C	C	0.0	major triad	(0, 4, 7)	C	C	1	None
66.25	0.25	45.0	E5	76.0	True	45.0	1.5	77.0	I	False	('C', 'E', 'G')	C	C	0.0	major triad	(0, 4, 7)	C	C	1	None
66.5	0.25	45.0	D5	74.0	True	45.0	1.5	77.0	I	False	('C', 'E', 'G')	C	C	0.0	major triad	(0, 4, 7)	C	C	1	None
66.5	0.25	45.0	D6	86.0	True	45.0	1.5	77.0	I	False	('C', 'E', 'G')	C	C	0.0	major triad	(0, 4, 7)	C	C	1	None
66.75	0.25	45.0	C6	84.0	True	45.0	1.5	77.0	I	False	('C', 'E', 'G')	C	C	0.0	major triad	(0, 4, 7)	C	C	1	None
66.75	0.25	45.0	C5	72.0	True	45.0	1.5	77.0	I	False	('C', 'E', 'G')	C	C	0.0	major triad	(0, 4, 7)	C	C	1	None
67.0	0.25	45.0	B4	71.0	True	45.0	1.5	77.0	I	False	('C', 'E', 'G')	C	C	0.0	major triad	(0, 4, 7)	C	C	1	None
67.0	0.25	45.0	B5	83.0	True	45.0	1.5	77.0	I	False	('C', 'E', 'G')	C	C	0.0	major triad	(0, 4, 7)	C	C	1	None
67.25	0.25	45.0	C6	84.0	True	45.0	1.5	77.0	I	False	('C', 'E', 'G')	C	C	0.0	major triad	(0, 4, 7)	C	C	1	None
67.25	0.25	45.0	C5	72.0	True	45.0	1.5	77.0	I	False	('C', 'E', 'G')	C	C	0.0	major triad	(0, 4, 7)	C	C	1	None
67.5	0.25	46.0	C6	84.0	True	46.0	1.5	78.0	V7	True	('D', 'F', 'G', 'B')	D	G	2.0	dominant seventh chord	(2, 5, 7, 11)	C	C	5	None
67.5	0.25	46.0	C5	72.0	True	46.0	1.5	78.0	V7	True	('D', 'F', 'G', 'B')	D	G	2.0	dominant seventh chord	(2, 5, 7, 11)	C	C	5	None
67.5	1.5	46.0	F3	53.0	True	46.0	1.5	78.0	V7	True	('D', 'F', 'G', 'B')	D	G	2.0	dominant seventh chord	(2, 5, 7, 11)	C	C	5	None
67.5	1.5	46.0	G3	55.0	True	46.0	1.5	78.0	V7	True	('D', 'F', 'G', 'B')	D	G	2.0	dominant seventh chord	(2, 5, 7, 11)	C	C	5	None
67.5	1.5	46.0	D2	38.0	True	46.0	1.5	78.0	V7	True	('D', 'F', 'G', 'B')	D	G	2.0	dominant seventh chord	(2, 5, 7, 11)	C	C	5	None
67.75	0.25	46.0	B5	83.0	True	46.0	1.5	78.0	V7	False	('D', 'F', 'G', 'B')	D	G	2.0	dominant seventh chord	(2, 5, 7, 11)	C	C	5	None
67.75	0.25	46.0	B4	71.0	True	46.0	1.5	78.0	V7	False	('D', 'F', 'G', 'B')	D	G	2.0	dominant seventh chord	(2, 5, 7, 11)	C	C	5	None
68.0	0.25	46.0	A5	81.0	True	46.0	1.5	78.0	V7	False	('D', 'F', 'G', 'B')	D	G	2.0	dominant seventh chord	(2, 5, 7, 11)	C	C	5	None
68.0	0.25	46.0	A4	69.0	True	46.0	1.5	78.0	V7	False	('D', 'F', 'G', 'B')	D	G	2.0	dominant seventh chord	(2, 5, 7, 11)	C	C	5	None
68.25	0.25	46.0	G5	79.0	True	46.0	1.5	78.0	V7	False	('D', 'F', 'G', 'B')	D	G	2.0	dominant seventh chord	(2, 5, 7, 11)	C	C	5	None
68.25	0.25	46.0	G4	67.0	True	46.0	1.5	78.0	V7	False	('D', 'F', 'G', 'B')	D	G	2.0	dominant seventh chord	(2, 5, 7, 11)	C	C	5	None
68.5	0.25	46.0	F#4	66.0	True	46.0	1.5	78.0	V7	False	('D', 'F', 'G', 'B')	D	G	2.0	dominant seventh chord	(2, 5, 7, 11)	C	C	5	None
68.5	0.25	46.0	F#5	78.0	True	46.0	1.5	78.0	V7	False	('D', 'F', 'G', 'B')	D	G	2.0	dominant seventh chord	(2, 5, 7, 11)	C	C	5	None
68.75	0.25	46.0	G5	79.0	True	46.0	1.5	78.0	V7	False	('D', 'F', 'G', 'B')	D	G	2.0	dominant seventh chord	(2, 5, 7, 11)	C	C	5	None
68.75	0.25	46.0	G4	67.0	True	46.0	1.5	78.0	V7	False	('D', 'F', 'G', 'B')	D	G	2.0	dominant seventh chord	(2, 5, 7, 11)	C	C	5	None
69.0	0.25	47.0	G5	79.0	True	47.0	1.5	79.0	V7	True	('G', 'B', 'D', 'F')	G	G	0.0	dominant seventh chord	(2, 5, 7, 11)	C	C	5	None
69.0	0.25	47.0	G4	67.0	True	47.0	1.5	79.0	V7	True	('G', 'B', 'D', 'F')	G	G	0.0	dominant seventh chord	(2, 5, 7, 11)	C	C	5	None
69.0	0.5	47.0	D3	50.0	True	47.0	1.5	79.0	V7	True	('G', 'B', 'D', 'F')	G	G	0.0	dominant seventh chord	(2, 5, 7, 11)	C	C	5	None
69.0	0.5	47.0	B3	59.0	True	47.0	1.5	79.0	V7	True	('G', 'B', 'D', 'F')	G	G	0.0	dominant seventh chord	(2, 5, 7, 11)	C	C	5	None
69.0	0.5	47.0	G2	43.0	True	47.0	1.5	79.0	V7	True	('G', 'B', 'D', 'F')	G	G	0.0	dominant seventh chord	(2, 5, 7, 11)	C	C	5	None
69.25	0.25	47.0	F5	77.0	True	47.0	1.5	79.0	V7	False	('G', 'B', 'D', 'F')	G	G	0.0	dominant seventh chord	(2, 5, 7, 11)	C	C	5	None
69.25	0.25	47.0	F4	65.0	True	47.0	1.5	79.0	V7	False	('G', 'B', 'D', 'F')	G	G	0.0	dominant seventh chord	(2, 5, 7, 11)	C	C	5	None
69.5	0.5	47.0	B3	59.0	True	47.0	1.5	79.0	V7	False	('G', 'B', 'D', 'F')	G	G	0.0	dominant seventh chord	(2, 5, 7, 11)	C	C	5	None
69.5	0.25	47.0	E5	76.0	True	47.0	1.5	79.0	V7	False	('G', 'B', 'D', 'F')	G	G	0.0	dominant seventh chord	(2, 5, 7, 11)	C	C	5	None
69.5	0.25	47.0	E4	64.0	True	47.0	1.5	79.0	V7	False	('G', 'B', 'D', 'F')	G	G	0.0	dominant seventh chord	(2, 5, 7, 11)	C	C	5	None
69.5	0.5	47.0	D3	50.0	True	47.0	1.5	79.0	V7	False	('G', 'B', 'D', 'F')	G	G	0.0	dominant seventh chord	(2, 5, 7, 11)	C	C	5	None
69.5	0.5	47.0	G2	43.0	True	47.0	1.5	79.0	V7	False	('G', 'B', 'D', 'F')	G	G	0.0	dominant seventh chord	(2, 5, 7, 11)	C	C	5	None
69.75	0.25	47.0	D5	74.0	True	47.0	1.5	79.0	V7	False	('G', 'B', 'D', 'F')	G	G	0.0	dominant seventh chord	(2, 5, 7, 11)	C	C	5	None
69.75	0.25	47.0	D4	62.0	True	47.0	1.5	79.0	V7	False	('G', 'B', 'D', 'F')	G	G	0.0	dominant seventh chord	(2, 5, 7, 11)	C	C	5	None
70.0	0.5	47.0	B3	59.0	True	47.0	1.5	79.0	V7	False	('G', 'B', 'D', 'F')	G	G	0.0	dominant seventh chord	(2, 5, 7, 11)	C	C	5	None
70.0	0.25	47.0	C#5	73.0	True	47.0	1.5	79.0	V7	False	('G', 'B', 'D', 'F')	G	G	0.0	dominant seventh chord	(2, 5, 7, 11)	C	C	5	None
70.0	0.5	47.0	D3	50.0	True	47.0	1.5	79.0	V7	False	('G', 'B', 'D', 'F')	G	G	0.0	dominant seventh chord	(2, 5, 7, 11)	C	C	5	None
70.0	0.25	47.0	C#4	61.0	True	47.0	1.5	79.0	V7	False	('G', 'B', 'D', 'F')	G	G	0.0	dominant seventh chord	(2, 5, 7, 11)	C	C	5	None
70.0	0.5	47.0	G2	43.0	True	47.0	1.5	79.0	V7	False	('G', 'B', 'D', 'F')	G	G	0.0	dominant seventh chord	(2, 5, 7, 11)	C	C	5	None
70.25	0.25	47.0	D5	74.0	True	47.0	1.5	79.0	V7	False	('G', 'B', 'D', 'F')	G	G	0.0	dominant seventh chord	(2, 5, 7, 11)	C	C	5	None
70.25	0.25	47.0	D4	62.0	True	47.0	1.5	79.0	V7	False	('G', 'B', 'D', 'F')	G	G	0.0	dominant seventh chord	(2, 5, 7, 11)	C	C	5	None
70.5	0.25	48.0	D5	74.0	True	48.0	1.5	80.0	I	True	('E', 'G', 'C')	E	C	1.0	major triad	(0, 4, 7)	C	C	1	None
70.5	1.0	48.0	E3	52.0	True	48.0	1.5	80.0	I	True	('E', 'G', 'C')	E	C	1.0	major triad	(0, 4, 7)	C	C	1	None
70.5	1.0	48.0	C4	60.0	True	48.0	1.5	80.0	I	True	('E', 'G', 'C')	E	C	1.0	major triad	(0, 4, 7)	C	C	1	None
70.5	1.0	48.0	E2	40.0	True	48.0	1.5	80.0	I	True	('E', 'G', 'C')	E	C	1.0	major triad	(0, 4, 7)	C	C	1	None
70.5	0.25	48.0	D4	62.0	True	48.0	1.5	80.0	I	True	('E', 'G', 'C')	E	C	1.0	major triad	(0, 4, 7)	C	C	1	None
70.75	0.25	48.0	C5	72.0	True	48.0	1.5	80.0	I	False	('E', 'G', 'C')	E	C	1.0	major triad	(0, 4, 7)	C	C	1	None
70.75	0.25	48.0	C4	60.0	True	48.0	1.5	80.0	I	False	('E', 'G', 'C')	E	C	1.0	major triad	(0, 4, 7)	C	C	1	None
71.0	0.25	48.0	B4	71.0	True	48.0	1.5	80.0	I	False	('E', 'G', 'C')	E	C	1.0	major triad	(0, 4, 7)	C	C	1	None
71.0	0.25	48.0	B3	59.0	True	48.0	1.5	80.0	I	False	('E', 'G', 'C')	E	C	1.0	major triad	(0, 4, 7)	C	C	1	None
71.25	0.25	48.0	C5	72.0	True	48.0	1.5	80.0	I	False	('E', 'G', 'C')	E	C	1.0	major triad	(0, 4, 7)	C	C	1	None
71.25	0.25	48.0	C4	60.0	True	48.0	1.5	80.0	I	False	('E', 'G', 'C')	E	C	1.0	major triad	(0, 4, 7)	C	C	1	None
71.5	0.25	48.0	D5	74.0	True	48.0	1.5	80.0	I	False	('E', 'G', 'C')	E	C	1.0	major triad	(0, 4, 7)	C	C	1	None
71.5	0.25	48.0	D4	62.0	True	48.0	1.5	80.0	I	False	('E', 'G', 'C')	E	C	1.0	major triad	(0, 4, 7)	C	C	1	None
71.5	0.5	48.0	F4	65.0	True	48.0	1.5	80.0	I	False	('E', 'G', 'C')	E	C	1.0	major triad	(0, 4, 7)	C	C	1	None
71.75	0.25	48.0	C4	60.0	True	48.0	1.5	80.0	I	False	('E', 'G', 'C')	E	C	1.0	major triad	(0, 4, 7)	C	C	1	None
71.75	0.25	48.0	C5	72.0	True	48.0	1.5	80.0	I	False	('E', 'G', 'C')	E	C	1.0	major triad	(0, 4, 7)	C	C	1	None
72.0	1.0	49.0	C4	60.0	True	49.0	1.5	81.0	I	True	('C', 'E', 'G')	C	C	0.0	major triad	(0, 4, 7)	C	C	1	None
72.0	0.25	49.0	F4	65.0	False	49.0	1.5	81.0	I	True	('C', 'E', 'G')	C	C	0.0	major triad	(0, 4, 7)	C	C	1	None
72.0	1.5	49.0	C4	60.0	True	49.0	1.5	81.0	I	True	('C', 'E', 'G')	C	C	0.0	major triad	(0, 4, 7)	C	C	1	None
72.0	1.0	49.0	C5	72.0	True	49.0	1.5	81.0	I	True	('C', 'E', 'G')	C	C	0.0	major triad	(0, 4, 7)	C	C	1	None
72.25	0.25	49.0	E4	64.0	True	49.0	1.5	81.0	I	False	('C', 'E', 'G')	C	C	0.0	major triad	(0, 4, 7)	C	C	1	None
72.5	0.25	49.0	D4	62.0	True	49.0	1.5	81.0	I	False	('C', 'E', 'G')	C	C	0.0	major triad	(0, 4, 7)	C	C	1	None
72.75	0.25	49.0	C4	60.0	True	49.0	1.5	81.0	I	False	('C', 'E', 'G')	C	C	0.0	major triad	(0, 4, 7)	C	C	1	None
73.0	0.5	49.0	E5	76.0	True	49.0	1.5	81.0	I	False	('C', 'E', 'G')	C	C	0.0	major triad	(0, 4, 7)	C	C	1	None
73.0	0.25	49.0	B3	59.0	True	49.0	1.5	81.0	I	False	('C', 'E', 'G')	C	C	0.0	major triad	(0, 4, 7)	C	C	1	None
73.25	0.25	49.0	C4	60.0	True	49.0	1.5	81.0	I	False	('C', 'E', 'G')	C	C	0.0	major triad	(0, 4, 7)	C	C	1	None
73.5	0.75	50.0	G5	79.0	True	50.0	0.25	82.0	V	True	('B', 'D', 'G')	B	G	1.0	major triad	(2, 7, 11)	C	C	5	None
73.5	0.25	50.0	E5	76.0	False	50.0	0.25	82.0	V	True	('B', 'D', 'G')	B	G	1.0	major triad	(2, 7, 11)	C	C	5	None
73.5	0.25	50.0	C4	60.0	True	50.0	0.25	82.0	V	True	('B', 'D', 'G')	B	G	1.0	major triad	(2, 7, 11)	C	C	5	None
73.5	1.5	50.0	D4	62.0	True	50.0	0.25	82.0	V	True	('B', 'D', 'G')	B	G	1.0	major triad	(2, 7, 11)	C	C	5	None
73.75	0.25	50.0	D5	74.0	True	50.0	1.25	83.0	V	True	('G', 'B', 'D')	G	G	0.0	major triad	(2, 7, 11)	C	C	5	None
73.75	0.25	50.0	B3	59.0	True	50.0	1.25	83.0	V	True	('G', 'B', 'D')	G	G	0.0	major triad	(2, 7, 11)	C	C	5	None
74.0	0.25	50.0	A3	57.0	True	50.0	1.25	83.0	V	False	('G', 'B', 'D')	G	G	0.0	major triad	(2, 7, 11)	C	C	5	None
74.0	0.25	50.0	C5	72.0	True	50.0	1.25	83.0	V	False	('G', 'B', 'D')	G	G	0.0	major triad	(2, 7, 11)	C	C	5	None
74.25	0.25	50.0	G5	79.0	False	50.0	1.25	83.0	V	False	('G', 'B', 'D')	G	G	0.0	major triad	(2, 7, 11)	C	C	5	None
74.25	0.25	50.0	G3	55.0	True	50.0	1.25	83.0	V	False	('G', 'B', 'D')	G	G	0.0	major triad	(2, 7, 11)	C	C	5	None
74.25	0.25	50.0	B4	71.0	True	50.0	1.25	83.0	V	False	('G', 'B', 'D')	G	G	0.0	major triad	(2, 7, 11)	C	C	5	None
74.5	0.5	50.0	G6	91.0	True	50.0	1.25	83.0	V	False	('G', 'B', 'D')	G	G	0.0	major triad	(2, 7, 11)	C	C	5	None
74.5	0.25	50.0	A4	69.0	True	50.0	1.25	83.0	V	False	('G', 'B', 'D')	G	G	0.0	major triad	(2, 7, 11)	C	C	5	None
74.5	0.25	50.0	F#3	54.0	True	50.0	1.25	83.0	V	False	('G', 'B', 'D')	G	G	0.0	major triad	(2, 7, 11)	C	C	5	None
74.75	0.25	50.0	B4	71.0	True	50.0	1.25	83.0	V	False	('G', 'B', 'D')	G	G	0.0	major triad	(2, 7, 11)	C	C	5	None
74.75	0.25	50.0	G3	55.0	True	50.0	1.25	83.0	V	False	('G', 'B', 'D')	G	G	0.0	major triad	(2, 7, 11)	C	C	5	None
75.0	0.25	51.0	G6	91.0	False	51.0	0.25	84.0	V	True	('G', 'B', 'D')	G	G	0.0	major triad	(2, 7, 11)	C	C	5	None
75.0	0.25	51.0	G3	55.0	True	51.0	0.25	84.0	V	True	('G', 'B', 'D')	G	G	0.0	major triad	(2, 7, 11)	C	C	5	None
75.0	1.0	51.0	B4	71.0	True	51.0	0.25	84.0	V	True	('G', 'B', 'D')	G	G	0.0	major triad	(2, 7, 11)	C	C	5	None
75.0	0.5	51.0	G5	79.0	True	51.0	0.25	84.0	V	True	('G', 'B', 'D')	G	G	0.0	major triad	(2, 7, 11)	C	C	5	None
75.25	0.25	51.0	F6	89.0	True	51.0	0.0833	85.0	V7	True	('F', 'G', 'B', 'D')	F	G	3.0	dominant seventh chord	(2, 5, 7, 11)	C	C	5	None
75.25	0.25	51.0	A3	57.0	True	51.0	0.0833	85.0	V7	True	('F', 'G', 'B', 'D')	F	G	3.0	dominant seventh chord	(2, 5, 7, 11)	C	C	5	None
75.3333						51.0	0.0833	86.0	I	True	('E', 'G', 'C')	E	C	1.0	major triad	(0, 4, 7)	C	C	1	None
75.4167						51.0	1.0833	87.0	V7	True	('F', 'G', 'B', 'D')	F	G	3.0	dominant seventh chord	(2, 5, 7, 11)	C	C	5	None
75.5	0.25	51.0	E6	88.0	True	51.0	1.0833	87.0	V7	False	('F', 'G', 'B', 'D')	F	G	3.0	dominant seventh chord	(2, 5, 7, 11)	C	C	5	None
75.5	0.5	51.0	G5	79.0	True	51.0	1.0833	87.0	V7	False	('F', 'G', 'B', 'D')	F	G	3.0	dominant seventh chord	(2, 5, 7, 11)	C	C	5	None
75.5	0.25	51.0	G3	55.0	True	51.0	1.0833	87.0	V7	False	('F', 'G', 'B', 'D')	F	G	3.0	dominant seventh chord	(2, 5, 7, 11)	C	C	5	None
75.75	0.25	51.0	D6	86.0	True	51.0	1.0833	87.0	V7	False	('F', 'G', 'B', 'D')	F	G	3.0	dominant seventh chord	(2, 5, 7, 11)	C	C	5	None
75.75	0.25	51.0	F3	53.0	True	51.0	1.0833	87.0	V7	False	('F', 'G', 'B', 'D')	F	G	3.0	dominant seventh chord	(2, 5, 7, 11)	C	C	5	None
76.0	0.5	51.0	G5	79.0	True	51.0	1.0833	87.0	V7	False	('F', 'G', 'B', 'D')	F	G	3.0	dominant seventh chord	(2, 5, 7, 11)	C	C	5	None
76.0	0.25	51.0	C6	84.0	True	51.0	1.0833	87.0	V7	False	('F', 'G', 'B', 'D')	F	G	3.0	dominant seventh chord	(2, 5, 7, 11)	C	C	5	None
76.0	0.25	51.0	C5	72.0	True	51.0	1.0833	87.0	V7	False	('F', 'G', 'B', 'D')	F	G	3.0	dominant seventh chord	(2, 5, 7, 11)	C	C	5	None
76.0	0.25	51.0	E3	52.0	True	51.0	1.0833	87.0	V7	False	('F', 'G', 'B', 'D')	F	G	3.0	dominant seventh chord	(2, 5, 7, 11)	C	C	5	None
76.25	0.25	51.0	F3	53.0	True	51.0	1.0833	87.0	V7	False	('F', 'G', 'B', 'D')	F	G	3.0	dominant seventh chord	(2, 5, 7, 11)	C	C	5	None
76.25	0.25	51.0	B4	71.0	True	51.0	1.0833	87.0	V7	False	('F', 'G', 'B', 'D')	F	G	3.0	dominant seventh chord	(2, 5, 7, 11)	C	C	5	None
76.25	0.25	51.0	D6	86.0	True	51.0	1.0833	87.0	V7	False	('F', 'G', 'B', 'D')	F	G	3.0	dominant seventh chord	(2, 5, 7, 11)	C	C	5	None
76.5	0.5	52.0	G5	79.0	True	52.0	0.1667	88.0	I	True	('E', 'G', 'C')	E	C	1.0	major triad	(0, 4, 7)	C	C	1	None
76.5	0.25	52.0	F3	53.0	True	52.0	0.1667	88.0	I	True	('E', 'G', 'C')	E	C	1.0	major triad	(0, 4, 7)	C	C	1	None
76.5	0.25	52.0	B4	71.0	True	52.0	0.1667	88.0	I	True	('E', 'G', 'C')	E	C	1.0	major triad	(0, 4, 7)	C	C	1	None
76.5	0.25	52.0	D6	86.0	True	52.0	0.1667	88.0	I	True	('E', 'G', 'C')	E	C	1.0	major triad	(0, 4, 7)	C	C	1	None
76.6667						52.0	1.3333	89.0	I	True	('C', 'E', 'G')	C	C	0.0	major triad	(0, 4, 7)	C	C	1	None
76.75	0.25	52.0	E3	52.0	True	52.0	1.3333	89.0	I	False	('C', 'E', 'G')	C	C	0.0	major triad	(0, 4, 7)	C	C	1	None
76.75	0.25	52.0	G5	79.0	True	52.0	1.3333	89.0	I	False	('C', 'E', 'G')	C	C	0.0	major triad	(0, 4, 7)	C	C	1	None
76.75	0.25	52.0	E6	88.0	True	52.0	1.3333	89.0	I	False	('C', 'E', 'G')	C	C	0.0	major triad	(0, 4, 7)	C	C	1	None
77.0	0.25	52.0	D3	50.0	True	52.0	1.3333	89.0	I	False	('C', 'E', 'G')	C	C	0.0	major triad	(0, 4, 7)	C	C	1	None
77.0	0.25	52.0	F5	77.0	True	52.0	1.3333	89.0	I	False	('C', 'E', 'G')	C	C	0.0	major triad	(0, 4, 7)	C	C	1	None
77.0	0.25	52.0	B5	83.0	True	52.0	1.3333	89.0	I	False	('C', 'E', 'G')	C	C	0.0	major triad	(0, 4, 7)	C	C	1	None
77.0	1.0	52.0	C6	84.0	True	52.0	1.3333	89.0	I	False	('C', 'E', 'G')	C	C	0.0	major triad	(0, 4, 7)	C	C	1	None
77.25	0.25	52.0	E5	76.0	True	52.0	1.3333	89.0	I	False	('C', 'E', 'G')	C	C	0.0	major triad	(0, 4, 7)	C	C	1	None
77.25	0.25	52.0	C6	84.0	True	52.0	1.3333	89.0	I	False	('C', 'E', 'G')	C	C	0.0	major triad	(0, 4, 7)	C	C	1	None
77.25	0.25	52.0	C3	48.0	True	52.0	1.3333	89.0	I	False	('C', 'E', 'G')	C	C	0.0	major triad	(0, 4, 7)	C	C	1	None
77.5	0.25	52.0	D6	86.0	True	52.0	1.3333	89.0	I	False	('C', 'E', 'G')	C	C	0.0	major triad	(0, 4, 7)	C	C	1	None
77.5	0.25	52.0	B4	71.0	True	52.0	1.3333	89.0	I	False	('C', 'E', 'G')	C	C	0.0	major triad	(0, 4, 7)	C	C	1	None
77.5	0.5	52.0	F4	65.0	True	52.0	1.3333	89.0	I	False	('C', 'E', 'G')	C	C	0.0	major triad	(0, 4, 7)	C	C	1	None
77.75	0.25	52.0	C6	84.0	True	52.0	1.3333	89.0	I	False	('C', 'E', 'G')	C	C	0.0	major triad	(0, 4, 7)	C	C	1	None
77.75	0.25	52.0	C5	72.0	True	52.0	1.3333	89.0	I	False	('C', 'E', 'G')	C	C	0.0	major triad	(0, 4, 7)	C	C	1	None
78.0	1.5	53.0	C5	72.0	True	53.0	0.3333	90.0	I	True	('E', 'G', 'C')	E	C	1.0	major triad	(0, 4, 7)	C	C	1	None
78.0	0.25	53.0	F4	65.0	False	53.0	0.3333	90.0	I	True	('E', 'G', 'C')	E	C	1.0	major triad	(0, 4, 7)	C	C	1	None
78.0	1.0	53.0	C6	84.0	True	53.0	0.3333	90.0	I	True	('E', 'G', 'C')	E	C	1.0	major triad	(0, 4, 7)	C	C	1	None
78.0	1.0	53.0	G4	67.0	True	53.0	0.3333	90.0	I	True	('E', 'G', 'C')	E	C	1.0	major triad	(0, 4, 7)	C	C	1	None
78.25	0.25	53.0	E4	64.0	True	53.0	0.3333	90.0	I	False	('E', 'G', 'C')	E	C	1.0	major triad	(0, 4, 7)	C	C	1	None
78.3333						53.0	1.1667	91.0	I	True	('C', 'E', 'G')	C	C	0.0	major triad	(0, 4, 7)	C	C	1	None
78.5	0.25	53.0	D4	62.0	True	53.0	1.1667	91.0	I	False	('C', 'E', 'G')	C	C	0.0	major triad	(0, 4, 7)	C	C	1	None
78.75	0.25	53.0	C4	60.0	True	53.0	1.1667	91.0	I	False	('C', 'E', 'G')	C	C	0.0	major triad	(0, 4, 7)	C	C	1	None
79.0	0.25	53.0	B3	59.0	True	53.0	1.1667	91.0	I	False	('C', 'E', 'G')	C	C	0.0	major triad	(0, 4, 7)	C	C	1	None
79.0	0.5	53.0	E5	76.0	True	53.0	1.1667	91.0	I	False	('C', 'E', 'G')	C	C	0.0	major triad	(0, 4, 7)	C	C	1	None
79.25	0.25	53.0	C4	60.0	True	53.0	1.1667	91.0	I	False	('C', 'E', 'G')	C	C	0.0	major triad	(0, 4, 7)	C	C	1	None
79.5	1.0	54.0	G5	79.0	True	54.0	1.5	92.0	V	True	('B', 'D', 'G')	B	G	1.0	major triad	(2, 7, 11)	C	C	5	None
79.5	0.25	54.0	E5	76.0	False	54.0	1.5	92.0	V	True	('B', 'D', 'G')	B	G	1.0	major triad	(2, 7, 11)	C	C	5	None
79.5	0.25	54.0	C4	60.0	True	54.0	1.5	92.0	V	True	('B', 'D', 'G')	B	G	1.0	major triad	(2, 7, 11)	C	C	5	None
79.5	1.5	54.0	D5	74.0	True	54.0	1.5	92.0	V	True	('B', 'D', 'G')	B	G	1.0	major triad	(2, 7, 11)	C	C	5	None
79.75	0.25	54.0	D5	74.0	True	54.0	1.5	92.0	V	False	('B', 'D', 'G')	B	G	1.0	major triad	(2, 7, 11)	C	C	5	None
79.75	0.25	54.0	B3	59.0	True	54.0	1.5	92.0	V	False	('B', 'D', 'G')	B	G	1.0	major triad	(2, 7, 11)	C	C	5	None
80.0	0.25	54.0	C5	72.0	True	54.0	1.5	92.0	V	False	('B', 'D', 'G')	B	G	1.0	major triad	(2, 7, 11)	C	C	5	None
80.0	0.25	54.0	A3	57.0	True	54.0	1.5	92.0	V	False	('B', 'D', 'G')	B	G	1.0	major triad	(2, 7, 11)	C	C	5	None
80.25	0.25	54.0	B4	71.0	True	54.0	1.5	92.0	V	False	('B', 'D', 'G')	B	G	1.0	major triad	(2, 7, 11)	C	C	5	None
80.25	0.25	54.0	G3	55.0	True	54.0	1.5	92.0	V	False	('B', 'D', 'G')	B	G	1.0	major triad	(2, 7, 11)	C	C	5	None
80.5	0.5	54.0	G6	91.0	True	54.0	1.5	92.0	V	False	('B', 'D', 'G')	B	G	1.0	major triad	(2, 7, 11)	C	C	5	None
80.5	0.25	54.0	A4	69.0	True	54.0	1.5	92.0	V	False	('B', 'D', 'G')	B	G	1.0	major triad	(2, 7, 11)	C	C	5	None
80.5	0.25	54.0	F#3	54.0	True	54.0	1.5	92.0	V	False	('B', 'D', 'G')	B	G	1.0	major triad	(2, 7, 11)	C	C	5	None
80.75	0.25	54.0	B4	71.0	True	54.0	1.5	92.0	V	False	('B', 'D', 'G')	B	G	1.0	major triad	(2, 7, 11)	C	C	5	None
80.75	0.25	54.0	G3	55.0	True	54.0	1.5	92.0	V	False	('B', 'D', 'G')	B	G	1.0	major triad	(2, 7, 11)	C	C	5	None
81.0	0.5	55.0	G5	79.0	True	55.0	1.5	93.0	V	True	('G', 'B', 'D')	G	G	0.0	major triad	(2, 7, 11)	C	C	5	None
81.0	1.0	55.0	B4	71.0	True	55.0	1.5	93.0	V	True	('G', 'B', 'D')	G	G	0.0	major triad	(2, 7, 11)	C	C	5	None
81.0	0.25	55.0	G3	55.0	True	55.0	1.5	93.0	V	True	('G', 'B', 'D')	G	G	0.0	major triad	(2, 7, 11)	C	C	5	None
81.0	0.25	55.0	G6	91.0	False	55.0	1.5	93.0	V	True	('G', 'B', 'D')	G	G	0.0	major triad	(2, 7, 11)	C	C	5	None
81.25	0.25	55.0	A3	57.0	True	55.0	1.5	93.0	V	False	('G', 'B', 'D')	G	G	0.0	major triad	(2, 7, 11)	C	C	5	None
81.25	0.25	55.0	F6	89.0	True	55.0	1.5	93.0	V	False	('G', 'B', 'D')	G	G	0.0	major triad	(2, 7, 11)	C	C	5	None
81.5	0.5	55.0	G5	79.0	True	55.0	1.5	93.0	V	False	('G', 'B', 'D')	G	G	0.0	major triad	(2, 7, 11)	C	C	5	None
81.5	0.25	55.0	G3	55.0	True	55.0	1.5	93.0	V	False	('G', 'B', 'D')	G	G	0.0	major triad	(2, 7, 11)	C	C	5	None
81.5	0.25	55.0	E6	88.0	True	55.0	1.5	93.0	V	False	('G', 'B', 'D')	G	G	0.0	major triad	(2, 7, 11)	C	C	5	None
81.75	0.25	55.0	F3	53.0	True	55.0	1.5	93.0	V	False	('G', 'B', 'D')	G	G	0.0	major triad	(2, 7, 11)	C	C	5	None
81.75	0.25	55.0	D6	86.0	True	55.0	1.5	93.0	V	False	('G', 'B', 'D')	G	G	0.0	major triad	(2, 7, 11)	C	C	5	None
82.0	0.5	55.0	G5	79.0	True	55.0	1.5	93.0	V	False	('G', 'B', 'D')	G	G	0.0	major triad	(2, 7, 11)	C	C	5	None
82.0	0.25	55.0	C6	84.0	True	55.0	1.5	93.0	V	False	('G', 'B', 'D')	G	G	0.0	major triad	(2, 7, 11)	C	C	5	None
82.0	0.25	55.0	E3	52.0	True	55.0	1.5	93.0	V	False	('G', 'B', 'D')	G	G	0.0	major triad	(2, 7, 11)	C	C	5	None
82.0	0.5	55.0	F5	77.0	True	55.0	1.5	93.0	V	False	('G', 'B', 'D')	G	G	0.0	major triad	(2, 7, 11)	C	C	5	None
82.25	0.25	55.0	D6	86.0	True	55.0	1.5	93.0	V	False	('G', 'B', 'D')	G	G	0.0	major triad	(2, 7, 11)	C	C	5	None
82.25	0.25	55.0	D3	50.0	True	55.0	1.5	93.0	V	False	('G', 'B', 'D')	G	G	0.0	major triad	(2, 7, 11)	C	C	5	None
82.5	0.25	56.0	D6	86.0	True	56.0	0.1667	94.0	I	True	('C', 'E', 'G')	C	C	0.0	major triad	(0, 4, 7)	C	C	1	None
82.5	0.25	56.0	F5	77.0	False	56.0	0.1667	94.0	I	True	('C', 'E', 'G')	C	C	0.0	major triad	(0, 4, 7)	C	C	1	None
82.5	0.25	56.0	C3	48.0	True	56.0	0.1667	94.0	I	True	('C', 'E', 'G')	C	C	0.0	major triad	(0, 4, 7)	C	C	1	None
82.5	1.0	56.0	E5	76.0	True	56.0	0.1667	94.0	I	True	('C', 'E', 'G')	C	C	0.0	major triad	(0, 4, 7)	C	C	1	None
82.6667						56.0	0.0833	95.0	viio	True	('F', 'B', 'D')	F	B	2.0	diminished triad	(2, 5, 11)	C	C	7	None
82.75	0.25	56.0	E6	88.0	True	56.0	0.0833	96.0	I	True	('E', 'G', 'C')	E	C	1.0	major triad	(0, 4, 7)	C	C	1	None
82.75	0.25	56.0	C4	60.0	True	56.0	0.0833	96.0	I	True	('E', 'G', 'C')	E	C	1.0	major triad	(0, 4, 7)	C	C	1	None
82.75	0.25	56.0	E5	76.0	True	56.0	0.0833	96.0	I	True	('E', 'G', 'C')	E	C	1.0	major triad	(0, 4, 7)	C	C	1	None
82.8333						56.0	0.0833	97.0	viio	True	('B', 'D', 'F')	B	B	0.0	diminished triad	(2, 5, 11)	C	C	7	None
82.9167						56.0	1.0833	98.0	I	True	('C', 'E', 'G')	C	C	0.0	major triad	(0, 4, 7)	C	C	1	None
83.0	0.25	56.0	D5	74.0	True	56.0	1.0833	98.0	I	False	('C', 'E', 'G')	C	C	0.0	major triad	(0, 4, 7)	C	C	1	None
83.0	0.25	56.0	F4	65.0	True	56.0	1.0833	98.0	I	False	('C', 'E', 'G')	C	C	0.0	major triad	(0, 4, 7)	C	C	1	None
83.0	0.25	56.0	B5	83.0	True	56.0	1.0833	98.0	I	False	('C', 'E', 'G')	C	C	0.0	major triad	(0, 4, 7)	C	C	1	None
83.25	0.25	56.0	C6	84.0	True	56.0	1.0833	98.0	I	False	('C', 'E', 'G')	C	C	0.0	major triad	(0, 4, 7)	C	C	1	None
83.25	0.25	56.0	C5	72.0	True	56.0	1.0833	98.0	I	False	('C', 'E', 'G')	C	C	0.0	major triad	(0, 4, 7)	C	C	1	None
83.25	0.25	56.0	E4	64.0	True	56.0	1.0833	98.0	I	False	('C', 'E', 'G')	C	C	0.0	major triad	(0, 4, 7)	C	C	1	None
83.5	0.25	56.0	F5	77.0	True	56.0	1.0833	98.0	I	False	('C', 'E', 'G')	C	C	0.0	major triad	(0, 4, 7)	C	C	1	None
83.5	0.25	56.0	B3	59.0	True	56.0	1.0833	98.0	I	False	('C', 'E', 'G')	C	C	0.0	major triad	(0, 4, 7)	C	C	1	None
83.5	0.25	56.0	D6	86.0	True	56.0	1.0833	98.0	I	False	('C', 'E', 'G')	C	C	0.0	major triad	(0, 4, 7)	C	C	1	None
83.75	0.25	56.0	E6	88.0	True	56.0	1.0833	98.0	I	False	('C', 'E', 'G')	C	C	0.0	major triad	(0, 4, 7)	C	C	1	None
83.75	0.25	56.0	E5	76.0	True	56.0	1.0833	98.0	I	False	('C', 'E', 'G')	C	C	0.0	major triad	(0, 4, 7)	C	C	1	None
83.75	0.25	56.0	C4	60.0	True	56.0	1.0833	98.0	I	False	('C', 'E', 'G')	C	C	0.0	major triad	(0, 4, 7)	C	C	1	None
84.0	0.25	57.0	C4	60.0	True	57.0	0.1667	99.0	I	True	('C', 'E', 'G')	C	C	0.0	major triad	(0, 4, 7)	C	C	1	None
84.0	0.5	57.0	E6	88.0	True	57.0	0.1667	99.0	I	True	('C', 'E', 'G')	C	C	0.0	major triad	(0, 4, 7)	C	C	1	None
84.0	0.25	57.0	E5	76.0	True	57.0	0.1667	99.0	I	True	('C', 'E', 'G')	C	C	0.0	major triad	(0, 4, 7)	C	C	1	None
84.1667						57.0	1.3333	100.0	V/vi	True	('G#', 'B', 'E')	G#	E	1.0	major triad	(4, 8, 11)	C	a	5	6
84.25	0.25	57.0	B3	59.0	True	57.0	1.3333	100.0	V/vi	False	('G#', 'B', 'E')	G#	E	1.0	major triad	(4, 8, 11)	C	a	5	6
84.25	0.25	57.0	D5	74.0	True	57.0	1.3333	100.0	V/vi	False	('G#', 'B', 'E')	G#	E	1.0	major triad	(4, 8, 11)	C	a	5	6
84.5	0.25	57.0	C5	72.0	True	57.0	1.3333	100.0	V/vi	False	('G#', 'B', 'E')	G#	E	1.0	major triad	(4, 8, 11)	C	a	5	6
84.5	0.25	57.0	A3	57.0	True	57.0	1.3333	100.0	V/vi	False	('G#', 'B', 'E')	G#	E	1.0	major triad	(4, 8, 11)	C	a	5	6
84.5	0.5	57.0	E6	88.0	True	57.0	1.3333	100.0	V/vi	False	('G#', 'B', 'E')	G#	E	1.0	major triad	(4, 8, 11)	C	a	5	6
84.75	0.25	57.0	B4	71.0	True	57.0	1.3333	100.0	V/vi	False	('G#', 'B', 'E')	G#	E	1.0	major triad	(4, 8, 11)	C	a	5	6
84.75	0.25	57.0	G#3	56.0	True	57.0	1.3333	100.0	V/vi	False	('G#', 'B', 'E')	G#	E	1.0	major triad	(4, 8, 11)	C	a	5	6
85.0	0.5	57.0	E6	88.0	True	57.0	1.3333	100.0	V/vi	False	('G#', 'B', 'E')	G#	E	1.0	major triad	(4, 8, 11)	C	a	5	6
85.0	0.25	57.0	A4	69.0	True	57.0	1.3333	100.0	V/vi	False	('G#', 'B', 'E')	G#	E	1.0	major triad	(4, 8, 11)	C	a	5	6
85.0	0.25	57.0	F#3	54.0	True	57.0	1.3333	100.0	V/vi	False	('G#', 'B', 'E')	G#	E	1.0	major triad	(4, 8, 11)	C	a	5	6
85.25	0.25	57.0	B4	71.0	True	57.0	1.3333	100.0	V/vi	False	('G#', 'B', 'E')	G#	E	1.0	major triad	(4, 8, 11)	C	a	5	6
85.25	0.25	57.0	G#3	56.0	True	57.0	1.3333	100.0	V/vi	False	('G#', 'B', 'E')	G#	E	1.0	major triad	(4, 8, 11)	C	a	5	6
85.5	1.0	58.0	C6	84.0	True	58.0	1.5	101.0	vi	True	('A', 'C', 'E')	A	A	0.0	minor triad	(0, 4, 9)	C	C	6	None
85.5	1.0	58.0	C5	72.0	True	58.0	1.5	101.0	vi	True	('A', 'C', 'E')	A	A	0.0	minor triad	(0, 4, 9)	C	C	6	None
85.5	1.0	58.0	A3	57.0	True	58.0	1.5	101.0	vi	True	('A', 'C', 'E')	A	A	0.0	minor triad	(0, 4, 9)	C	C	6	None
85.5	0.25	58.0	D4	62.0	True	58.0	1.5	101.0	vi	True	('A', 'C', 'E')	A	A	0.0	minor triad	(0, 4, 9)	C	C	6	None
85.75	0.25	58.0	C4	60.0	True	58.0	1.5	101.0	vi	False	('A', 'C', 'E')	A	A	0.0	minor triad	(0, 4, 9)	C	C	6	None
86.0	0.25	58.0	B3	59.0	True	58.0	1.5	101.0	vi	False	('A', 'C', 'E')	A	A	0.0	minor triad	(0, 4, 9)	C	C	6	None
86.25	0.25	58.0	A3	57.0	True	58.0	1.5	101.0	vi	False	('A', 'C', 'E')	A	A	0.0	minor triad	(0, 4, 9)	C	C	6	None
86.5	0.25	58.0	G#3	56.0	True	58.0	1.5	101.0	vi	False	('A', 'C', 'E')	A	A	0.0	minor triad	(0, 4, 9)	C	C	6	None
86.75	0.25	58.0	A3	57.0	True	58.0	1.5	101.0	vi	False	('A', 'C', 'E')	A	A	0.0	minor triad	(0, 4, 9)	C	C	6	None
87.0	0.5	59.0	A5	81.0	True	59.0	0.1667	102.0	V7/iii	True	('B', 'D#', 'F#', 'A')	B	B	0.0	dominant seventh chord	(3, 6, 9, 11)	C	e	5	3
87.0	0.5	59.0	B3	59.0	True	59.0	0.1667	102.0	V7/iii	True	('B', 'D#', 'F#', 'A')	B	B	0.0	dominant seventh chord	(3, 6, 9, 11)	C	e	5	3
87.0	0.5	59.0	B4	71.0	True	59.0	0.1667	102.0	V7/iii	True	('B', 'D#', 'F#', 'A')	B	B	0.0	dominant seventh chord	(3, 6, 9, 11)	C	e	5	3
87.0	0.5	59.0	D#4	63.0	True	59.0	0.1667	102.0	V7/iii	True	('B', 'D#', 'F#', 'A')	B	B	0.0	dominant seventh chord	(3, 6, 9, 11)	C	e	5	3
87.1667						59.0	0.1667	103.0	I	True	('G', 'C', 'E')	G	C	2.0	major triad	(0, 4, 7)	C	C	1	None
87.3333						59.0	1.1667	104.0	V7/iii	True	('B', 'D#', 'F#', 'A')	B	B	0.0	dominant seventh chord	(3, 6, 9, 11)	C	e	5	3
87.5	0.5	59.0	G5	79.0	True	59.0	1.1667	104.0	V7/iii	False	('B', 'D#', 'F#', 'A')	B	B	0.0	dominant seventh chord	(3, 6, 9, 11)	C	e	5	3
87.5	0.5	59.0	B4	71.0	True	59.0	1.1667	104.0	V7/iii	False	('B', 'D#', 'F#', 'A')	B	B	0.0	dominant seventh chord	(3, 6, 9, 11)	C	e	5	3
87.5	0.5	59.0	E4	64.0	True	59.0	1.1667	104.0	V7/iii	False	('B', 'D#', 'F#', 'A')	B	B	0.0	dominant seventh chord	(3, 6, 9, 11)	C	e	5	3
87.5	0.5	59.0	B3	59.0	True	59.0	1.1667	104.0	V7/iii	False	('B', 'D#', 'F#', 'A')	B	B	0.0	dominant seventh chord	(3, 6, 9, 11)	C	e	5	3
88.0	0.5	59.0	F#5	78.0	True	59.0	1.1667	104.0	V7/iii	False	('B', 'D#', 'F#', 'A')	B	B	0.0	dominant seventh chord	(3, 6, 9, 11)	C	e	5	3
88.0	0.5	59.0	B4	71.0	True	59.0	1.1667	104.0	V7/iii	False	('B', 'D#', 'F#', 'A')	B	B	0.0	dominant seventh chord	(3, 6, 9, 11)	C	e	5	3
88.0	0.5	59.0	A4	69.0	True	59.0	1.1667	104.0	V7/iii	False	('B', 'D#', 'F#', 'A')	B	B	0.0	dominant seventh chord	(3, 6, 9, 11)	C	e	5	3
88.0	0.5	59.0	B3	59.0	True	59.0	1.1667	104.0	V7/iii	False	('B', 'D#', 'F#', 'A')	B	B	0.0	dominant seventh chord	(3, 6, 9, 11)	C	e	5	3
88.5	0.5	60.0	F#5	78.0	True	60.0	0.1667	105.0	V7/iii	True	('B', 'D#', 'F#', 'A')	B	B	0.0	dominant seventh chord	(3, 6, 9, 11)	C	e	5	3
88.5	1.0	60.0	B4	71.0	True	60.0	0.1667	105.0	V7/iii	True	('B', 'D#', 'F#', 'A')	B	B	0.0	dominant seventh chord	(3, 6, 9, 11)	C	e	5	3
88.5	0.5	60.0	A4	69.0	True	60.0	0.1667	105.0	V7/iii	True	('B', 'D#', 'F#', 'A')	B	B	0.0	dominant seventh chord	(3, 6, 9, 11)	C	e	5	3
88.5	0.5	60.0	B3	59.0	True	60.0	0.1667	105.0	V7/iii	True	('B', 'D#', 'F#', 'A')	B	B	0.0	dominant seventh chord	(3, 6, 9, 11)	C	e	5	3
88.6667						60.0	1.3333	106.0	iii	True	('E', 'G', 'B')	E	E	0.0	minor triad	(4, 7, 11)	C	C	3	None
89.0	0.5	60.0	G5	79.0	True	60.0	1.3333	106.0	iii	False	('E', 'G', 'B')	E	E	0.0	minor triad	(4, 7, 11)	C	C	3	None
89.0	0.5	60.0	G4	67.0	True	60.0	1.3333	106.0	iii	False	('E', 'G', 'B')	E	E	0.0	minor triad	(4, 7, 11)	C	C	3	None
89.0	1.0	60.0	E4	64.0	True	60.0	1.3333	106.0	iii	False	('E', 'G', 'B')	E	E	0.0	minor triad	(4, 7, 11)	C	C	3	None
89.5	0.25	60.0	G3	55.0	True	60.0	1.3333	106.0	iii	False	('E', 'G', 'B')	E	E	0.0	minor triad	(4, 7, 11)	C	C	3	None
89.5	0.5	60.0	E5	76.0	True	60.0	1.3333	106.0	iii	False	('E', 'G', 'B')	E	E	0.0	minor triad	(4, 7, 11)	C	C	3	None
89.5	0.25	60.0	B4	71.0	True	60.0	1.3333	106.0	iii	False	('E', 'G', 'B')	E	E	0.0	minor triad	(4, 7, 11)	C	C	3	None
89.75	0.25	60.0	E5	76.0	True	60.0	1.3333	106.0	iii	False	('E', 'G', 'B')	E	E	0.0	minor triad	(4, 7, 11)	C	C	3	None
89.75	0.25	60.0	G#3	56.0	True	60.0	1.3333	106.0	iii	False	('E', 'G', 'B')	E	E	0.0	minor triad	(4, 7, 11)	C	C	3	None
90.0	0.5	61.0	E6	88.0	True	61.0	0.1667	107.0	V7/vi	True	('G#', 'B', 'D', 'E')	G#	E	1.0	dominant seventh chord	(2, 4, 8, 11)	C	a	5	6
90.0	0.25	61.0	E5	76.0	True	61.0	0.1667	107.0	V7/vi	True	('G#', 'B', 'D', 'E')	G#	E	1.0	dominant seventh chord	(2, 4, 8, 11)	C	a	5	6
90.0	0.25	61.0	E4	64.0	True	61.0	0.1667	107.0	V7/vi	True	('G#', 'B', 'D', 'E')	G#	E	1.0	dominant seventh chord	(2, 4, 8, 11)	C	a	5	6
90.0	0.5	61.0	G#2	44.0	True	61.0	0.1667	107.0	V7/vi	True	('G#', 'B', 'D', 'E')	G#	E	1.0	dominant seventh chord	(2, 4, 8, 11)	C	a	5	6
90.1667						61.0	0.1667	108.0	vi	True	('A', 'C', 'E')	A	A	0.0	minor triad	(0, 4, 9)	C	C	6	None
90.25	0.25	61.0	D5	74.0	True	61.0	0.1667	108.0	vi	False	('A', 'C', 'E')	A	A	0.0	minor triad	(0, 4, 9)	C	C	6	None
90.25	0.25	61.0	D4	62.0	True	61.0	0.1667	108.0	vi	False	('A', 'C', 'E')	A	A	0.0	minor triad	(0, 4, 9)	C	C	6	None
90.3333						61.0	1.1667	109.0	V7/vi	True	('B', 'D', 'E', 'G#')	B	E	2.0	dominant seventh chord	(2, 4, 8, 11)	C	a	5	6
90.5	0.5	61.0	A2	45.0	True	61.0	1.1667	109.0	V7/vi	False	('B', 'D', 'E', 'G#')	B	E	2.0	dominant seventh chord	(2, 4, 8, 11)	C	a	5	6
90.5	0.25	61.0	C4	60.0	True	61.0	1.1667	109.0	V7/vi	False	('B', 'D', 'E', 'G#')	B	E	2.0	dominant seventh chord	(2, 4, 8, 11)	C	a	5	6
90.5	0.25	61.0	C5	72.0	True	61.0	1.1667	109.0	V7/vi	False	('B', 'D', 'E', 'G#')	B	E	2.0	dominant seventh chord	(2, 4, 8, 11)	C	a	5	6
90.5	0.5	61.0	E6	88.0	True	61.0	1.1667	109.0	V7/vi	False	('B', 'D', 'E', 'G#')	B	E	2.0	dominant seventh chord	(2, 4, 8, 11)	C	a	5	6
90.75	0.25	61.0	B3	59.0	True	61.0	1.1667	109.0	V7/vi	False	('B', 'D', 'E', 'G#')	B	E	2.0	dominant seventh chord	(2, 4, 8, 11)	C	a	5	6
90.75	0.25	61.0	B4	71.0	True	61.0	1.1667	109.0	V7/vi	False	('B', 'D', 'E', 'G#')	B	E	2.0	dominant seventh chord	(2, 4, 8, 11)	C	a	5	6
91.0	0.25	61.0	A3	57.0	True	61.0	1.1667	109.0	V7/vi	False	('B', 'D', 'E', 'G#')	B	E	2.0	dominant seventh chord	(2, 4, 8, 11)	C	a	5	6
91.0	0.5	61.0	E6	88.0	True	61.0	1.1667	109.0	V7/vi	False	('B', 'D', 'E', 'G#')	B	E	2.0	dominant seventh chord	(2, 4, 8, 11)	C	a	5	6
91.0	0.5	61.0	B2	47.0	True	61.0	1.1667	109.0	V7/vi	False	('B', 'D', 'E', 'G#')	B	E	2.0	dominant seventh chord	(2, 4, 8, 11)	C	a	5	6
91.0	0.25	61.0	A4	69.0	True	61.0	1.1667	109.0	V7/vi	False	('B', 'D', 'E', 'G#')	B	E	2.0	dominant seventh chord	(2, 4, 8, 11)	C	a	5	6
91.25	0.25	61.0	B3	59.0	True	61.0	1.1667	109.0	V7/vi	False	('B', 'D', 'E', 'G#')	B	E	2.0	dominant seventh chord	(2, 4, 8, 11)	C	a	5	6
91.25	0.25	61.0	B4	71.0	True	61.0	1.1667	109.0	V7/vi	False	('B', 'D', 'E', 'G#')	B	E	2.0	dominant seventh chord	(2, 4, 8, 11)	C	a	5	6
91.5	1.0	62.0	C6	84.0	True	62.0	0.3333	110.0	vi	True	('A', 'C', 'E')	A	A	0.0	minor triad	(0, 4, 9)	C	C	6	None
91.5	0.5	62.0	B4	71.0	True	62.0	0.3333	110.0	vi	True	('A', 'C', 'E')	A	A	0.0	minor triad	(0, 4, 9)	C	C	6	None
91.5	0.5	62.0	B3	59.0	True	62.0	0.3333	110.0	vi	True	('A', 'C', 'E')	A	A	0.0	minor triad	(0, 4, 9)	C	C	6	None
91.5	0.5	62.0	G#2	44.0	True	62.0	0.3333	110.0	vi	True	('A', 'C', 'E')	A	A	0.0	minor triad	(0, 4, 9)	C	C	6	None
91.8333						62.0	1.1667	111.0	vi	True	('C', 'E', 'A')	C	A	1.0	minor triad	(0, 4, 9)	C	C	6	None
92.0	0.5	62.0	C5	72.0	True	62.0	1.1667	111.0	vi	False	('C', 'E', 'A')	C	A	1.0	minor triad	(0, 4, 9)	C	C	6	None
92.0	0.5	62.0	C4	60.0	True	62.0	1.1667	111.0	vi	False	('C', 'E', 'A')	C	A	1.0	minor triad	(0, 4, 9)	C	C	6	None
92.0	0.5	62.0	A2	45.0	True	62.0	1.1667	111.0	vi	False	('C', 'E', 'A')	C	A	1.0	minor triad	(0, 4, 9)	C	C	6	None
92.5	0.5	62.0	A4	69.0	True	62.0	1.1667	111.0	vi	False	('C', 'E', 'A')	C	A	1.0	minor triad	(0, 4, 9)	C	C	6	None
92.5	0.5	62.0	A3	57.0	True	62.0	1.1667	111.0	vi	False	('C', 'E', 'A')	C	A	1.0	minor triad	(0, 4, 9)	C	C	6	None
92.5	0.5	62.0	C3	48.0	True	62.0	1.1667	111.0	vi	False	('C', 'E', 'A')	C	A	1.0	minor triad	(0, 4, 9)	C	C	6	None
93.0	0.5	63.0	G2	43.0	True	63.0	0.1667	112.0	i	True	('G', 'B', 'E')	G	E	1.0	minor triad	(4, 7, 11)	e	e	1	None
93.0	0.5	63.0	B3	59.0	True	63.0	0.1667	112.0	i	True	('G', 'B', 'E')	G	E	1.0	minor triad	(4, 7, 11)	e	e	1	None
93.0	0.5	63.0	B5	83.0	True	63.0	0.1667	112.0	i	True	('G', 'B', 'E')	G	E	1.0	minor triad	(4, 7, 11)	e	e	1	None
93.0	0.5	63.0	E4	64.0	True	63.0	0.1667	112.0	i	True	('G', 'B', 'E')	G	E	1.0	minor triad	(4, 7, 11)	e	e	1	None
93.1667						63.0	0.1667	113.0	V	True	('F#', 'B', 'D#')	F#	B	2.0	major triad	(3, 6, 11)	e	e	5	None
93.3333						63.0	1.1667	114.0	V7/V	True	('F#', 'A#', 'C#', 'E')	F#	F#	0.0	dominant seventh chord	(1, 4, 6, 10)	e	B	5	5
93.5	0.5	63.0	B5	83.0	True	63.0	1.1667	114.0	V7/V	False	('F#', 'A#', 'C#', 'E')	F#	F#	0.0	dominant seventh chord	(1, 4, 6, 10)	e	B	5	5
93.5	0.5	63.0	D#4	63.0	True	63.0	1.1667	114.0	V7/V	False	('F#', 'A#', 'C#', 'E')	F#	F#	0.0	dominant seventh chord	(1, 4, 6, 10)	e	B	5	5
93.5	0.5	63.0	F#2	42.0	True	63.0	1.1667	114.0	V7/V	False	('F#', 'A#', 'C#', 'E')	F#	F#	0.0	dominant seventh chord	(1, 4, 6, 10)	e	B	5	5
93.5	0.5	63.0	B3	59.0	True	63.0	1.1667	114.0	V7/V	False	('F#', 'A#', 'C#', 'E')	F#	F#	0.0	dominant seventh chord	(1, 4, 6, 10)	e	B	5	5
94.0	0.5	63.0	A#5	82.0	True	63.0	1.1667	114.0	V7/V	False	('F#', 'A#', 'C#', 'E')	F#	F#	0.0	dominant seventh chord	(1, 4, 6, 10)	e	B	5	5
94.0	0.5	63.0	E4	64.0	True	63.0	1.1667	114.0	V7/V	False	('F#', 'A#', 'C#', 'E')	F#	F#	0.0	dominant seventh chord	(1, 4, 6, 10)	e	B	5	5
94.0	0.5	63.0	C#4	61.0	True	63.0	1.1667	114.0	V7/V	False	('F#', 'A#', 'C#', 'E')	F#	F#	0.0	dominant seventh chord	(1, 4, 6, 10)	e	B	5	5
94.0	0.5	63.0	F#3	54.0	True	63.0	1.1667	114.0	V7/V	False	('F#', 'A#', 'C#', 'E')	F#	F#	0.0	dominant seventh chord	(1, 4, 6, 10)	e	B	5	5
94.5	0.5	64.0	E4	64.0	True	64.0	0.1667	115.0	V7/V	True	('F#', 'A#', 'C#', 'E')	F#	F#	0.0	dominant seventh chord	(1, 4, 6, 10)	e	B	5	5
94.5	0.5	64.0	C#3	49.0	True	64.0	0.1667	115.0	V7/V	True	('F#', 'A#', 'C#', 'E')	F#	F#	0.0	dominant seventh chord	(1, 4, 6, 10)	e	B	5	5
94.5	0.5	64.0	A#5	82.0	True	64.0	0.1667	115.0	V7/V	True	('F#', 'A#', 'C#', 'E')	F#	F#	0.0	dominant seventh chord	(1, 4, 6, 10)	e	B	5	5
94.5	0.5	64.0	F#3	54.0	True	64.0	0.1667	115.0	V7/V	True	('F#', 'A#', 'C#', 'E')	F#	F#	0.0	dominant seventh chord	(1, 4, 6, 10)	e	B	5	5
94.6667						64.0	0.1667	116.0	V	True	('B', 'D#', 'F#')	B	B	0.0	major triad	(3, 6, 11)	e	e	5	None
94.8333						64.0	1.1667	117.0	i	True	('E', 'G', 'B')	E	E	0.0	minor triad	(4, 7, 11)	e	e	1	None
95.0	1.0	64.0	B5	83.0	True	64.0	1.1667	117.0	i	False	('E', 'G', 'B')	E	E	0.0	minor triad	(4, 7, 11)	e	e	1	None
95.0	0.5	64.0	B2	47.0	True	64.0	1.1667	117.0	i	False	('E', 'G', 'B')	E	E	0.0	minor triad	(4, 7, 11)	e	e	1	None
95.0	0.5	64.0	D#3	51.0	True	64.0	1.1667	117.0	i	False	('E', 'G', 'B')	E	E	0.0	minor triad	(4, 7, 11)	e	e	1	None
95.0	0.5	64.0	F#4	66.0	True	64.0	1.1667	117.0	i	False	('E', 'G', 'B')	E	E	0.0	minor triad	(4, 7, 11)	e	e	1	None
95.5	0.5	64.0	E3	52.0	True	64.0	1.1667	117.0	i	False	('E', 'G', 'B')	E	E	0.0	minor triad	(4, 7, 11)	e	e	1	None
95.5	0.5	64.0	G3	55.0	True	64.0	1.1667	117.0	i	False	('E', 'G', 'B')	E	E	0.0	minor triad	(4, 7, 11)	e	e	1	None
95.5	0.5	64.0	E3	52.0	True	64.0	1.1667	117.0	i	False	('E', 'G', 'B')	E	E	0.0	minor triad	(4, 7, 11)	e	e	1	None
96.0	0.5	65.0	E6	88.0	True	65.0	0.1667	118.0	VI	True	('C', 'E', 'G')	C	C	0.0	major triad	(0, 4, 7)	e	e	6	None
96.0	0.25	65.0	E4	64.0	True	65.0	0.1667	118.0	VI	True	('C', 'E', 'G')	C	C	0.0	major triad	(0, 4, 7)	e	e	6	None
96.0	0.25	65.0	C3	48.0	True	65.0	0.1667	118.0	VI	True	('C', 'E', 'G')	C	C	0.0	major triad	(0, 4, 7)	e	e	6	None
96.0	0.25	65.0	E5	76.0	True	65.0	0.1667	118.0	VI	True	('C', 'E', 'G')	C	C	0.0	major triad	(0, 4, 7)	e	e	6	None
96.1667						65.0	1.3333	119.0	V/iv	True	('G#', 'B', 'E')	G#	E	1.0	major triad	(4, 8, 11)	e	a	5	4
96.25	0.25	65.0	D5	74.0	True	65.0	1.3333	119.0	V/iv	False	('G#', 'B', 'E')	G#	E	1.0	major triad	(4, 8, 11)	e	a	5	4
96.25	0.25	65.0	B2	47.0	True	65.0	1.3333	119.0	V/iv	False	('G#', 'B', 'E')	G#	E	1.0	major triad	(4, 8, 11)	e	a	5	4
96.25	0.25	65.0	D4	62.0	True	65.0	1.3333	119.0	V/iv	False	('G#', 'B', 'E')	G#	E	1.0	major triad	(4, 8, 11)	e	a	5	4
96.5	0.5	65.0	E6	88.0	True	65.0	1.3333	119.0	V/iv	False	('G#', 'B', 'E')	G#	E	1.0	major triad	(4, 8, 11)	e	a	5	4
96.5	0.25	65.0	C5	72.0	True	65.0	1.3333	119.0	V/iv	False	('G#', 'B', 'E')	G#	E	1.0	major triad	(4, 8, 11)	e	a	5	4
96.5	0.25	65.0	C4	60.0	True	65.0	1.3333	119.0	V/iv	False	('G#', 'B', 'E')	G#	E	1.0	major triad	(4, 8, 11)	e	a	5	4
96.5	0.25	65.0	A2	45.0	True	65.0	1.3333	119.0	V/iv	False	('G#', 'B', 'E')	G#	E	1.0	major triad	(4, 8, 11)	e	a	5	4
96.75	0.25	65.0	B4	71.0	True	65.0	1.3333	119.0	V/iv	False	('G#', 'B', 'E')	G#	E	1.0	major triad	(4, 8, 11)	e	a	5	4
96.75	0.25	65.0	G#2	44.0	True	65.0	1.3333	119.0	V/iv	False	('G#', 'B', 'E')	G#	E	1.0	major triad	(4, 8, 11)	e	a	5	4
96.75	0.25	65.0	B3	59.0	True	65.0	1.3333	119.0	V/iv	False	('G#', 'B', 'E')	G#	E	1.0	major triad	(4, 8, 11)	e	a	5	4
97.0	0.5	65.0	E6	88.0	True	65.0	1.3333	119.0	V/iv	False	('G#', 'B', 'E')	G#	E	1.0	major triad	(4, 8, 11)	e	a	5	4
97.0	0.25	65.0	A3	57.0	True	65.0	1.3333	119.0	V/iv	False	('G#', 'B', 'E')	G#	E	1.0	major triad	(4, 8, 11)	e	a	5	4
97.0	0.25	65.0	F#2	42.0	True	65.0	1.3333	119.0	V/iv	False	('G#', 'B', 'E')	G#	E	1.0	major triad	(4, 8, 11)	e	a	5	4
97.0	0.25	65.0	A4	69.0	True	65.0	1.3333	119.0	V/iv	False	('G#', 'B', 'E')	G#	E	1.0	major triad	(4, 8, 11)	e	a	5	4
97.25	0.25	65.0	B4	71.0	True	65.0	1.3333	119.0	V/iv	False	('G#', 'B', 'E')	G#	E	1.0	major triad	(4, 8, 11)	e	a	5	4
97.25	0.25	65.0	B3	59.0	True	65.0	1.3333	119.0	V/iv	False	('G#', 'B', 'E')	G#	E	1.0	major triad	(4, 8, 11)	e	a	5	4
97.25	0.25	65.0	G#2	44.0	True	65.0	1.3333	119.0	V/iv	False	('G#', 'B', 'E')	G#	E	1.0	major triad	(4, 8, 11)	e	a	5	4
97.5	1.0	66.0	C6	84.0	True	66.0	0.3333	120.0	iv	True	('A', 'C', 'E')	A	A	0.0	minor triad	(0, 4, 9)	e	e	4	None
97.5	0.5	66.0	B4	71.0	True	66.0	0.3333	120.0	iv	True	('A', 'C', 'E')	A	A	0.0	minor triad	(0, 4, 9)	e	e	4	None
97.5	0.5	66.0	B3	59.0	True	66.0	0.3333	120.0	iv	True	('A', 'C', 'E')	A	A	0.0	minor triad	(0, 4, 9)	e	e	4	None
97.5	0.5	66.0	G#2	44.0	True	66.0	0.3333	120.0	iv	True	('A', 'C', 'E')	A	A	0.0	minor triad	(0, 4, 9)	e	e	4	None
97.8333						66.0	1.1667	121.0	iv	True	('C', 'E', 'A')	C	A	1.0	minor triad	(0, 4, 9)	e	e	4	None
98.0	0.5	66.0	C5	72.0	True	66.0	1.1667	121.0	iv	False	('C', 'E', 'A')	C	A	1.0	minor triad	(0, 4, 9)	e	e	4	None
98.0	0.5	66.0	C4	60.0	True	66.0	1.1667	121.0	iv	False	('C', 'E', 'A')	C	A	1.0	minor triad	(0, 4, 9)	e	e	4	None
98.0	0.5	66.0	A2	45.0	True	66.0	1.1667	121.0	iv	False	('C', 'E', 'A')	C	A	1.0	minor triad	(0, 4, 9)	e	e	4	None
98.5	0.5	66.0	C3	48.0	True	66.0	1.1667	121.0	iv	False	('C', 'E', 'A')	C	A	1.0	minor triad	(0, 4, 9)	e	e	4	None
98.5	0.5	66.0	A4	69.0	True	66.0	1.1667	121.0	iv	False	('C', 'E', 'A')	C	A	1.0	minor triad	(0, 4, 9)	e	e	4	None
98.5	0.5	66.0	E4	64.0	True	66.0	1.1667	121.0	iv	False	('C', 'E', 'A')	C	A	1.0	minor triad	(0, 4, 9)	e	e	4	None
99.0	0.5	67.0	A5	81.0	True	67.0	0.1667	122.0	V7	True	('B', 'D#', 'F#', 'A')	B	B	0.0	dominant seventh chord	(3, 6, 9, 11)	e	e	5	None
99.0	0.5	67.0	D#4	63.0	True	67.0	0.1667	122.0	V7	True	('B', 'D#', 'F#', 'A')	B	B	0.0	dominant seventh chord	(3, 6, 9, 11)	e	e	5	None
99.0	0.5	67.0	B3	59.0	True	67.0	0.1667	122.0	V7	True	('B', 'D#', 'F#', 'A')	B	B	0.0	dominant seventh chord	(3, 6, 9, 11)	e	e	5	None
99.0	0.5	67.0	F#5	78.0	True	67.0	0.1667	122.0	V7	True	('B', 'D#', 'F#', 'A')	B	B	0.0	dominant seventh chord	(3, 6, 9, 11)	e	e	5	None
99.1667						67.0	0.1667	123.0	i	True	('B', 'E', 'G')	B	E	2.0	minor triad	(4, 7, 11)	e	e	1	None
99.3333						67.0	1.1667	124.0	V7	True	('B', 'D#', 'F#', 'A')	B	B	0.0	dominant seventh chord	(3, 6, 9, 11)	e	e	5	None
99.5	0.5	67.0	G5	79.0	True	67.0	1.1667	124.0	V7	False	('B', 'D#', 'F#', 'A')	B	B	0.0	dominant seventh chord	(3, 6, 9, 11)	e	e	5	None
99.5	0.5	67.0	E5	76.0	True	67.0	1.1667	124.0	V7	False	('B', 'D#', 'F#', 'A')	B	B	0.0	dominant seventh chord	(3, 6, 9, 11)	e	e	5	None
99.5	0.5	67.0	E4	64.0	True	67.0	1.1667	124.0	V7	False	('B', 'D#', 'F#', 'A')	B	B	0.0	dominant seventh chord	(3, 6, 9, 11)	e	e	5	None
99.5	0.5	67.0	B3	59.0	True	67.0	1.1667	124.0	V7	False	('B', 'D#', 'F#', 'A')	B	B	0.0	dominant seventh chord	(3, 6, 9, 11)	e	e	5	None
100.0	0.5	67.0	B3	59.0	True	67.0	1.1667	124.0	V7	False	('B', 'D#', 'F#', 'A')	B	B	0.0	dominant seventh chord	(3, 6, 9, 11)	e	e	5	None
100.0	0.5	67.0	B4	71.0	True	67.0	1.1667	124.0	V7	False	('B', 'D#', 'F#', 'A')	B	B	0.0	dominant seventh chord	(3, 6, 9, 11)	e	e	5	None
100.0	0.5	67.0	F#5	78.0	True	67.0	1.1667	124.0	V7	False	('B', 'D#', 'F#', 'A')	B	B	0.0	dominant seventh chord	(3, 6, 9, 11)	e	e	5	None
100.0	0.5	67.0	A4	69.0	True	67.0	1.1667	124.0	V7	False	('B', 'D#', 'F#', 'A')	B	B	0.0	dominant seventh chord	(3, 6, 9, 11)	e	e	5	None
100.5	0.5	68.0	B3	59.0	True	68.0	0.1667	125.0	V7	True	('B', 'D#', 'F#', 'A')	B	B	0.0	dominant seventh chord	(3, 6, 9, 11)	e	e	5	None
100.5	0.5	68.0	F#5	78.0	True	68.0	0.1667	125.0	V7	True	('B', 'D#', 'F#', 'A')	B	B	0.0	dominant seventh chord	(3, 6, 9, 11)	e	e	5	None
100.5	0.5	68.0	A4	69.0	True	68.0	0.1667	125.0	V7	True	('B', 'D#', 'F#', 'A')	B	B	0.0	dominant seventh chord	(3, 6, 9, 11)	e	e	5	None
100.5	1.5	68.0	B4	71.0	True	68.0	0.1667	125.0	V7	True	('B', 'D#', 'F#', 'A')	B	B	0.0	dominant seventh chord	(3, 6, 9, 11)	e	e	5	None
100.6667						68.0	1.3333	126.0	i	True	('E', 'G', 'B')	E	E	0.0	minor triad	(4, 7, 11)	e	e	1	None
101.0	1.0	68.0	E4	64.0	True	68.0	1.3333	126.0	i	False	('E', 'G', 'B')	E	E	0.0	minor triad	(4, 7, 11)	e	e	1	None
101.0	1.0	68.0	G4	67.0	True	68.0	1.3333	126.0	i	False	('E', 'G', 'B')	E	E	0.0	minor triad	(4, 7, 11)	e	e	1	None
101.0	0.5	68.0	G5	79.0	True	68.0	1.3333	126.0	i	False	('E', 'G', 'B')	E	E	0.0	minor triad	(4, 7, 11)	e	e	1	None
101.5	0.5	68.0	E5	76.0	True	68.0	1.3333	126.0	i	False	('E', 'G', 'B')	E	E	0.0	minor triad	(4, 7, 11)	e	e	1	None
102.0	0.25	69.0	G#4	68.0	True	69.0	1.5	127.0	V7/iv	True	('E', 'G#', 'B', 'D')	E	E	0.0	dominant seventh chord	(2, 4, 8, 11)	e	a	5	4
102.0	0.5	69.0	E3	52.0	True	69.0	1.5	127.0	V7/iv	True	('E', 'G#', 'B', 'D')	E	E	0.0	dominant seventh chord	(2, 4, 8, 11)	e	a	5	4
102.0	0.5	69.0	E2	40.0	True	69.0	1.5	127.0	V7/iv	True	('E', 'G#', 'B', 'D')	E	E	0.0	dominant seventh chord	(2, 4, 8, 11)	e	a	5	4
102.0	0.25	69.0	E6	88.0	True	69.0	1.5	127.0	V7/iv	True	('E', 'G#', 'B', 'D')	E	E	0.0	dominant seventh chord	(2, 4, 8, 11)	e	a	5	4
102.25	0.25	69.0	D6	86.0	True	69.0	1.5	127.0	V7/iv	False	('E', 'G#', 'B', 'D')	E	E	0.0	dominant seventh chord	(2, 4, 8, 11)	e	a	5	4
102.25	0.25	69.0	B4	71.0	True	69.0	1.5	127.0	V7/iv	False	('E', 'G#', 'B', 'D')	E	E	0.0	dominant seventh chord	(2, 4, 8, 11)	e	a	5	4
102.5	0.5	69.0	E2	40.0	True	69.0	1.5	127.0	V7/iv	False	('E', 'G#', 'B', 'D')	E	E	0.0	dominant seventh chord	(2, 4, 8, 11)	e	a	5	4
102.5	0.25	69.0	C6	84.0	True	69.0	1.5	127.0	V7/iv	False	('E', 'G#', 'B', 'D')	E	E	0.0	dominant seventh chord	(2, 4, 8, 11)	e	a	5	4
102.5	0.5	69.0	E3	52.0	True	69.0	1.5	127.0	V7/iv	False	('E', 'G#', 'B', 'D')	E	E	0.0	dominant seventh chord	(2, 4, 8, 11)	e	a	5	4
102.5	0.25	69.0	A4	69.0	True	69.0	1.5	127.0	V7/iv	False	('E', 'G#', 'B', 'D')	E	E	0.0	dominant seventh chord	(2, 4, 8, 11)	e	a	5	4
102.75	0.25	69.0	B5	83.0	True	69.0	1.5	127.0	V7/iv	False	('E', 'G#', 'B', 'D')	E	E	0.0	dominant seventh chord	(2, 4, 8, 11)	e	a	5	4
102.75	0.25	69.0	G#4	68.0	True	69.0	1.5	127.0	V7/iv	False	('E', 'G#', 'B', 'D')	E	E	0.0	dominant seventh chord	(2, 4, 8, 11)	e	a	5	4
103.0	0.25	69.0	F#4	66.0	True	69.0	1.5	127.0	V7/iv	False	('E', 'G#', 'B', 'D')	E	E	0.0	dominant seventh chord	(2, 4, 8, 11)	e	a	5	4
103.0	0.25	69.0	A5	81.0	True	69.0	1.5	127.0	V7/iv	False	('E', 'G#', 'B', 'D')	E	E	0.0	dominant seventh chord	(2, 4, 8, 11)	e	a	5	4
103.0	0.5	69.0	E2	40.0	True	69.0	1.5	127.0	V7/iv	False	('E', 'G#', 'B', 'D')	E	E	0.0	dominant seventh chord	(2, 4, 8, 11)	e	a	5	4
103.0	0.5	69.0	E3	52.0	True	69.0	1.5	127.0	V7/iv	False	('E', 'G#', 'B', 'D')	E	E	0.0	dominant seventh chord	(2, 4, 8, 11)	e	a	5	4
103.25	0.25	69.0	B5	83.0	True	69.0	1.5	127.0	V7/iv	False	('E', 'G#', 'B', 'D')	E	E	0.0	dominant seventh chord	(2, 4, 8, 11)	e	a	5	4
103.25	0.25	69.0	G#4	68.0	True	69.0	1.5	127.0	V7/iv	False	('E', 'G#', 'B', 'D')	E	E	0.0	dominant seventh chord	(2, 4, 8, 11)	e	a	5	4
103.5	0.5	70.0	B5	83.0	True	70.0	1.5	128.0	iv	True	('C', 'E', 'A')	C	A	1.0	minor triad	(0, 4, 9)	e	e	4	None
103.5	0.5	70.0	A4	69.0	True	70.0	1.5	128.0	iv	True	('C', 'E', 'A')	C	A	1.0	minor triad	(0, 4, 9)	e	e	4	None
103.5	1.0	70.0	C2	36.0	True	70.0	1.5	128.0	iv	True	('C', 'E', 'A')	C	A	1.0	minor triad	(0, 4, 9)	e	e	4	None
103.5	0.5	70.0	E3	52.0	True	70.0	1.5	128.0	iv	True	('C', 'E', 'A')	C	A	1.0	minor triad	(0, 4, 9)	e	e	4	None
104.0	0.5	70.0	C6	84.0	True	70.0	1.5	128.0	iv	False	('C', 'E', 'A')	C	A	1.0	minor triad	(0, 4, 9)	e	e	4	None
104.0	1.0	70.0	A3	57.0	True	70.0	1.5	128.0	iv	False	('C', 'E', 'A')	C	A	1.0	minor triad	(0, 4, 9)	e	e	4	None
104.5	0.5	70.0	A5	81.0	True	70.0	1.5	128.0	iv	False	('C', 'E', 'A')	C	A	1.0	minor triad	(0, 4, 9)	e	e	4	None
104.5	0.5	70.0	C4	60.0	True	70.0	1.5	128.0	iv	False	('C', 'E', 'A')	C	A	1.0	minor triad	(0, 4, 9)	e	e	4	None
105.0	0.5	71.0	B5	83.0	True	71.0	0.1667	129.0	i	True	('G', 'B', 'E')	G	E	1.0	minor triad	(4, 7, 11)	e	e	1	None
105.0	0.5	71.0	E4	64.0	True	71.0	0.1667	129.0	i	True	('G', 'B', 'E')	G	E	1.0	minor triad	(4, 7, 11)	e	e	1	None
105.0	0.5	71.0	G2	43.0	True	71.0	0.1667	129.0	i	True	('G', 'B', 'E')	G	E	1.0	minor triad	(4, 7, 11)	e	e	1	None
105.0	0.5	71.0	G3	55.0	True	71.0	0.1667	129.0	i	True	('G', 'B', 'E')	G	E	1.0	minor triad	(4, 7, 11)	e	e	1	None
105.1667						71.0	0.1667	130.0	i	True	('B', 'E', 'G')	B	E	2.0	minor triad	(4, 7, 11)	e	e	1	None
105.3333						71.0	1.1667	131.0	V7/V	True	('F#', 'A#', 'C#', 'E')	F#	F#	0.0	dominant seventh chord	(1, 4, 6, 10)	e	B	5	5
105.5	0.5	71.0	D#4	63.0	True	71.0	1.1667	131.0	V7/V	False	('F#', 'A#', 'C#', 'E')	F#	F#	0.0	dominant seventh chord	(1, 4, 6, 10)	e	B	5	5
105.5	0.5	71.0	B5	83.0	True	71.0	1.1667	131.0	V7/V	False	('F#', 'A#', 'C#', 'E')	F#	F#	0.0	dominant seventh chord	(1, 4, 6, 10)	e	B	5	5
105.5	0.5	71.0	F#2	42.0	True	71.0	1.1667	131.0	V7/V	False	('F#', 'A#', 'C#', 'E')	F#	F#	0.0	dominant seventh chord	(1, 4, 6, 10)	e	B	5	5
105.5	0.5	71.0	F#3	54.0	True	71.0	1.1667	131.0	V7/V	False	('F#', 'A#', 'C#', 'E')	F#	F#	0.0	dominant seventh chord	(1, 4, 6, 10)	e	B	5	5
106.0	0.5	71.0	A#5	82.0	True	71.0	1.1667	131.0	V7/V	False	('F#', 'A#', 'C#', 'E')	F#	F#	0.0	dominant seventh chord	(1, 4, 6, 10)	e	B	5	5
106.0	0.5	71.0	E4	64.0	True	71.0	1.1667	131.0	V7/V	False	('F#', 'A#', 'C#', 'E')	F#	F#	0.0	dominant seventh chord	(1, 4, 6, 10)	e	B	5	5
106.0	0.5	71.0	C#4	61.0	True	71.0	1.1667	131.0	V7/V	False	('F#', 'A#', 'C#', 'E')	F#	F#	0.0	dominant seventh chord	(1, 4, 6, 10)	e	B	5	5
106.0	0.5	71.0	F#3	54.0	True	71.0	1.1667	131.0	V7/V	False	('F#', 'A#', 'C#', 'E')	F#	F#	0.0	dominant seventh chord	(1, 4, 6, 10)	e	B	5	5
106.5	0.5	72.0	A#5	82.0	True	72.0	0.1667	132.0	V7/V	True	('F#', 'A#', 'C#', 'E')	F#	F#	0.0	dominant seventh chord	(1, 4, 6, 10)	e	B	5	5
106.5	0.5	72.0	E4	64.0	True	72.0	0.1667	132.0	V7/V	True	('F#', 'A#', 'C#', 'E')	F#	F#	0.0	dominant seventh chord	(1, 4, 6, 10)	e	B	5	5
106.5	0.5	72.0	C#3	49.0	True	72.0	0.1667	132.0	V7/V	True	('F#', 'A#', 'C#', 'E')	F#	F#	0.0	dominant seventh chord	(1, 4, 6, 10)	e	B	5	5
106.5	0.5	72.0	F#3	54.0	True	72.0	0.1667	132.0	V7/V	True	('F#', 'A#', 'C#', 'E')	F#	F#	0.0	dominant seventh chord	(1, 4, 6, 10)	e	B	5	5
106.6667						72.0	0.1667	133.0	V	True	('B', 'D#', 'F#')	B	B	0.0	major triad	(3, 6, 11)	e	e	5	None
106.8333						72.0	1.1667	134.0	i	True	('E', 'G', 'B')	E	E	0.0	minor triad	(4, 7, 11)	e	e	1	None
107.0	0.5	72.0	D#3	51.0	True	72.0	1.1667	134.0	i	False	('E', 'G', 'B')	E	E	0.0	minor triad	(4, 7, 11)	e	e	1	None
107.0	0.5	72.0	B2	47.0	True	72.0	1.1667	134.0	i	False	('E', 'G', 'B')	E	E	0.0	minor triad	(4, 7, 11)	e	e	1	None
107.0	0.5	72.0	F#4	66.0	True	72.0	1.1667	134.0	i	False	('E', 'G', 'B')	E	E	0.0	minor triad	(4, 7, 11)	e	e	1	None
107.0	1.0	72.0	B5	83.0	True	72.0	1.1667	134.0	i	False	('E', 'G', 'B')	E	E	0.0	minor triad	(4, 7, 11)	e	e	1	None
107.5	0.5	72.0	E3	52.0	True	72.0	1.1667	134.0	i	False	('E', 'G', 'B')	E	E	0.0	minor triad	(4, 7, 11)	e	e	1	None
107.5	0.5	72.0	E3	52.0	True	72.0	1.1667	134.0	i	False	('E', 'G', 'B')	E	E	0.0	minor triad	(4, 7, 11)	e	e	1	None
107.5	0.5	72.0	G3	55.0	True	72.0	1.1667	134.0	i	False	('E', 'G', 'B')	E	E	0.0	minor triad	(4, 7, 11)	e	e	1	None
108.0	0.5	73.0	A4	69.0	True	73.0	0.1667	135.0	V7	True	('F#', 'A', 'B', 'D#')	F#	B	2.0	dominant seventh chord	(3, 6, 9, 11)	e	e	5	None
108.0	0.5	73.0	B5	83.0	True	73.0	0.1667	135.0	V7	True	('F#', 'A', 'B', 'D#')	F#	B	2.0	dominant seventh chord	(3, 6, 9, 11)	e	e	5	None
108.0	0.5	73.0	F#4	66.0	True	73.0	0.1667	135.0	V7	True	('F#', 'A', 'B', 'D#')	F#	B	2.0	dominant seventh chord	(3, 6, 9, 11)	e	e	5	None
108.1667						73.0	0.1667	136.0	i	True	('E', 'G', 'B')	E	E	0.0	minor triad	(4, 7, 11)	e	e	1	None
108.3333						73.0	1.1667	137.0	V	True	('D#', 'F#', 'B')	D#	B	1.0	major triad	(3, 6, 11)	e	e	5	None
108.5	0.5	73.0	B5	83.0	True	73.0	1.1667	137.0	V	False	('D#', 'F#', 'B')	D#	B	1.0	major triad	(3, 6, 11)	e	e	5	None
108.5	0.5	73.0	G4	67.0	True	73.0	1.1667	137.0	V	False	('D#', 'F#', 'B')	D#	B	1.0	major triad	(3, 6, 11)	e	e	5	None
108.5	0.5	73.0	E4	64.0	True	73.0	1.1667	137.0	V	False	('D#', 'F#', 'B')	D#	B	1.0	major triad	(3, 6, 11)	e	e	5	None
109.0	0.5	73.0	F#4	66.0	True	73.0	1.1667	137.0	V	False	('D#', 'F#', 'B')	D#	B	1.0	major triad	(3, 6, 11)	e	e	5	None
109.0	0.5	73.0	D#4	63.0	True	73.0	1.1667	137.0	V	False	('D#', 'F#', 'B')	D#	B	1.0	major triad	(3, 6, 11)	e	e	5	None
109.0	0.5	73.0	B5	83.0	True	73.0	1.1667	137.0	V	False	('D#', 'F#', 'B')	D#	B	1.0	major triad	(3, 6, 11)	e	e	5	None
109.5	0.5	74.0	F#4	66.0	True	74.0	0.1667	138.0	V7	True	('A', 'B', 'D#', 'F#')	A	B	3.0	dominant seventh chord	(3, 6, 9, 11)	e	e	5	None
109.5	0.5	74.0	A3	57.0	True	74.0	0.1667	138.0	V7	True	('A', 'B', 'D#', 'F#')	A	B	3.0	dominant seventh chord	(3, 6, 9, 11)	e	e	5	None
109.5	0.5	74.0	B5	83.0	True	74.0	0.1667	138.0	V7	True	('A', 'B', 'D#', 'F#')	A	B	3.0	dominant seventh chord	(3, 6, 9, 11)	e	e	5	None
109.6667						74.0	0.1667	139.0	i	True	('B', 'E', 'G')	B	E	2.0	minor triad	(4, 7, 11)	e	e	1	None
109.8333						74.0	1.1667	140.0	i	True	('G', 'B', 'E')	G	E	1.0	minor triad	(4, 7, 11)	e	e	1	None
110.0	1.0	74.0	E6	88.0	True	74.0	1.1667	140.0	i	False	('G', 'B', 'E')	G	E	1.0	minor triad	(4, 7, 11)	e	e	1	None
110.0	0.5	74.0	B3	59.0	True	74.0	1.1667	140.0	i	False	('G', 'B', 'E')	G	E	1.0	minor triad	(4, 7, 11)	e	e	1	None
110.0	0.5	74.0	G4	67.0	True	74.0	1.1667	140.0	i	False	('G', 'B', 'E')	G	E	1.0	minor triad	(4, 7, 11)	e	e	1	None
110.5	0.5	74.0	G3	55.0	True	74.0	1.1667	140.0	i	False	('G', 'B', 'E')	G	E	1.0	minor triad	(4, 7, 11)	e	e	1	None
110.5	0.5	74.0	E4	64.0	True	74.0	1.1667	140.0	i	False	('G', 'B', 'E')	G	E	1.0	minor triad	(4, 7, 11)	e	e	1	None
111.0	0.25	75.0	B5	83.0	True	75.0	0.1667	141.0	V	True	('B', 'D#', 'F#')	B	B	0.0	major triad	(3, 6, 11)	e	e	5	None
111.0	0.5	75.0	F#4	66.0	True	75.0	0.1667	141.0	V	True	('B', 'D#', 'F#')	B	B	0.0	major triad	(3, 6, 11)	e	e	5	None
111.0	0.5	75.0	D#4	63.0	True	75.0	0.1667	141.0	V	True	('B', 'D#', 'F#')	B	B	0.0	major triad	(3, 6, 11)	e	e	5	None
111.0	0.5	75.0	B2	47.0	True	75.0	0.1667	141.0	V	True	('B', 'D#', 'F#')	B	B	0.0	major triad	(3, 6, 11)	e	e	5	None
111.1667						75.0	0.1667	142.0	i	True	('B', 'E', 'G')	B	E	2.0	minor triad	(4, 7, 11)	e	e	1	None
111.25	0.25	75.0	A5	81.0	True	75.0	0.1667	142.0	i	False	('B', 'E', 'G')	B	E	2.0	minor triad	(4, 7, 11)	e	e	1	None
111.3333						75.0	1.1667	143.0	V7	True	('B', 'D#', 'F#', 'A')	B	B	0.0	dominant seventh chord	(3, 6, 9, 11)	e	e	5	None
111.5	0.25	75.0	G5	79.0	True	75.0	1.1667	143.0	V7	False	('B', 'D#', 'F#', 'A')	B	B	0.0	dominant seventh chord	(3, 6, 9, 11)	e	e	5	None
111.5	0.5	75.0	G4	67.0	True	75.0	1.1667	143.0	V7	False	('B', 'D#', 'F#', 'A')	B	B	0.0	dominant seventh chord	(3, 6, 9, 11)	e	e	5	None
111.5	0.5	75.0	E4	64.0	True	75.0	1.1667	143.0	V7	False	('B', 'D#', 'F#', 'A')	B	B	0.0	dominant seventh chord	(3, 6, 9, 11)	e	e	5	None
111.5	0.5	75.0	B2	47.0	True	75.0	1.1667	143.0	V7	False	('B', 'D#', 'F#', 'A')	B	B	0.0	dominant seventh chord	(3, 6, 9, 11)	e	e	5	None
111.75	0.25	75.0	F#5	78.0	True	75.0	1.1667	143.0	V7	False	('B', 'D#', 'F#', 'A')	B	B	0.0	dominant seventh chord	(3, 6, 9, 11)	e	e	5	None
112.0	0.25	75.0	E5	76.0	True	75.0	1.1667	143.0	V7	False	('B', 'D#', 'F#', 'A')	B	B	0.0	dominant seventh chord	(3, 6, 9, 11)	e	e	5	None
112.0	0.5	75.0	A4	69.0	True	75.0	1.1667	143.0	V7	False	('B', 'D#', 'F#', 'A')	B	B	0.0	dominant seventh chord	(3, 6, 9, 11)	e	e	5	None
112.0	0.5	75.0	F#4	66.0	True	75.0	1.1667	143.0	V7	False	('B', 'D#', 'F#', 'A')	B	B	0.0	dominant seventh chord	(3, 6, 9, 11)	e	e	5	None
112.0	0.5	75.0	B2	47.0	True	75.0	1.1667	143.0	V7	False	('B', 'D#', 'F#', 'A')	B	B	0.0	dominant seventh chord	(3, 6, 9, 11)	e	e	5	None
112.25	0.25	75.0	F#5	78.0	True	75.0	1.1667	143.0	V7	False	('B', 'D#', 'F#', 'A')	B	B	0.0	dominant seventh chord	(3, 6, 9, 11)	e	e	5	None
112.5	0.5	76.0	A4	69.0	True	76.0	0.1667	144.0	V7	True	('B', 'D#', 'F#', 'A')	B	B	0.0	dominant seventh chord	(3, 6, 9, 11)	e	e	5	None
112.5	0.5	76.0	D#4	63.0	True	76.0	0.1667	144.0	V7	True	('B', 'D#', 'F#', 'A')	B	B	0.0	dominant seventh chord	(3, 6, 9, 11)	e	e	5	None
112.5	0.5	76.0	B2	47.0	True	76.0	0.1667	144.0	V7	True	('B', 'D#', 'F#', 'A')	B	B	0.0	dominant seventh chord	(3, 6, 9, 11)	e	e	5	None
112.5	0.5	76.0	F#5	78.0	True	76.0	0.1667	144.0	V7	True	('B', 'D#', 'F#', 'A')	B	B	0.0	dominant seventh chord	(3, 6, 9, 11)	e	e	5	None
112.6667						76.0	1.3333	145.0	i	True	('E', 'G', 'B')	E	E	0.0	minor triad	(4, 7, 11)	e	e	1	None
113.0	0.5	76.0	G4	67.0	True	76.0	1.3333	145.0	i	False	('E', 'G', 'B')	E	E	0.0	minor triad	(4, 7, 11)	e	e	1	None
113.0	0.5	76.0	E4	64.0	True	76.0	1.3333	145.0	i	False	('E', 'G', 'B')	E	E	0.0	minor triad	(4, 7, 11)	e	e	1	None
113.0	0.5	76.0	G5	79.0	True	76.0	1.3333	145.0	i	False	('E', 'G', 'B')	E	E	0.0	minor triad	(4, 7, 11)	e	e	1	None
113.0	1.0	76.0	E3	52.0	True	76.0	1.3333	145.0	i	False	('E', 'G', 'B')	E	E	0.0	minor triad	(4, 7, 11)	e	e	1	None
113.5	0.5	76.0	E5	76.0	True	76.0	1.3333	145.0	i	False	('E', 'G', 'B')	E	E	0.0	minor triad	(4, 7, 11)	e	e	1	None
113.5	0.5	76.0	B3	59.0	True	76.0	1.3333	145.0	i	False	('E', 'G', 'B')	E	E	0.0	minor triad	(4, 7, 11)	e	e	1	None
113.5	0.5	76.0	G3	55.0	True	76.0	1.3333	145.0	i	False	('E', 'G', 'B')	E	E	0.0	minor triad	(4, 7, 11)	e	e	1	None
114.0	0.25	77.0	B4	71.0	True	77.0	0.1667	146.0	V7	True	('D#', 'F#', 'A', 'B')	D#	B	1.0	dominant seventh chord	(3, 6, 9, 11)	e	e	5	None
114.0	0.5	77.0	F#3	54.0	True	77.0	0.1667	146.0	V7	True	('D#', 'F#', 'A', 'B')	D#	B	1.0	dominant seventh chord	(3, 6, 9, 11)	e	e	5	None
114.0	0.5	77.0	D#3	51.0	True	77.0	0.1667	146.0	V7	True	('D#', 'F#', 'A', 'B')	D#	B	1.0	dominant seventh chord	(3, 6, 9, 11)	e	e	5	None
114.0	0.5	77.0	B5	83.0	True	77.0	0.1667	146.0	V7	True	('D#', 'F#', 'A', 'B')	D#	B	1.0	dominant seventh chord	(3, 6, 9, 11)	e	e	5	None
114.1667						77.0	0.1667	147.0	i	True	('E', 'G', 'B')	E	E	0.0	minor triad	(4, 7, 11)	e	e	1	None
114.25	0.25	77.0	A4	69.0	True	77.0	0.1667	147.0	i	False	('E', 'G', 'B')	E	E	0.0	minor triad	(4, 7, 11)	e	e	1	None
114.3333						77.0	1.1667	148.0	V7	True	('F#', 'A', 'B', 'D#')	F#	B	2.0	dominant seventh chord	(3, 6, 9, 11)	e	e	5	None
114.5	0.5	77.0	E3	52.0	True	77.0	1.1667	148.0	V7	False	('F#', 'A', 'B', 'D#')	F#	B	2.0	dominant seventh chord	(3, 6, 9, 11)	e	e	5	None
114.5	0.5	77.0	B5	83.0	True	77.0	1.1667	148.0	V7	False	('F#', 'A', 'B', 'D#')	F#	B	2.0	dominant seventh chord	(3, 6, 9, 11)	e	e	5	None
114.5	0.25	77.0	G4	67.0	True	77.0	1.1667	148.0	V7	False	('F#', 'A', 'B', 'D#')	F#	B	2.0	dominant seventh chord	(3, 6, 9, 11)	e	e	5	None
114.5	0.5	77.0	G3	55.0	True	77.0	1.1667	148.0	V7	False	('F#', 'A', 'B', 'D#')	F#	B	2.0	dominant seventh chord	(3, 6, 9, 11)	e	e	5	None
114.75	0.25	77.0	F#4	66.0	True	77.0	1.1667	148.0	V7	False	('F#', 'A', 'B', 'D#')	F#	B	2.0	dominant seventh chord	(3, 6, 9, 11)	e	e	5	None
115.0	0.5	77.0	B5	83.0	True	77.0	1.1667	148.0	V7	False	('F#', 'A', 'B', 'D#')	F#	B	2.0	dominant seventh chord	(3, 6, 9, 11)	e	e	5	None
115.0	0.25	77.0	E4	64.0	True	77.0	1.1667	148.0	V7	False	('F#', 'A', 'B', 'D#')	F#	B	2.0	dominant seventh chord	(3, 6, 9, 11)	e	e	5	None
115.0	0.5	77.0	A3	57.0	True	77.0	1.1667	148.0	V7	False	('F#', 'A', 'B', 'D#')	F#	B	2.0	dominant seventh chord	(3, 6, 9, 11)	e	e	5	None
115.0	0.5	77.0	F#3	54.0	True	77.0	1.1667	148.0	V7	False	('F#', 'A', 'B', 'D#')	F#	B	2.0	dominant seventh chord	(3, 6, 9, 11)	e	e	5	None
115.25	0.25	77.0	F#4	66.0	True	77.0	1.1667	148.0	V7	False	('F#', 'A', 'B', 'D#')	F#	B	2.0	dominant seventh chord	(3, 6, 9, 11)	e	e	5	None
115.5	0.5	78.0	B2	47.0	True	78.0	0.1667	149.0	V7	True	('B', 'D#', 'F#', 'A')	B	B	0.0	dominant seventh chord	(3, 6, 9, 11)	e	e	5	None
115.5	0.5	78.0	A3	57.0	True	78.0	0.1667	149.0	V7	True	('B', 'D#', 'F#', 'A')	B	B	0.0	dominant seventh chord	(3, 6, 9, 11)	e	e	5	None
115.5	0.5	78.0	B5	83.0	True	78.0	0.1667	149.0	V7	True	('B', 'D#', 'F#', 'A')	B	B	0.0	dominant seventh chord	(3, 6, 9, 11)	e	e	5	None
115.5	0.5	78.0	F#4	66.0	True	78.0	0.1667	149.0	V7	True	('B', 'D#', 'F#', 'A')	B	B	0.0	dominant seventh chord	(3, 6, 9, 11)	e	e	5	None
115.6667						78.0	1.3333	150.0	i	True	('B', 'E', 'G')	B	E	2.0	minor triad	(4, 7, 11)	e	e	1	None
116.0	1.0	78.0	E6	88.0	True	78.0	1.3333	150.0	i	False	('B', 'E', 'G')	B	E	2.0	minor triad	(4, 7, 11)	e	e	1	None
116.0	0.5	78.0	G4	67.0	True	78.0	1.3333	150.0	i	False	('B', 'E', 'G')	B	E	2.0	minor triad	(4, 7, 11)	e	e	1	None
116.0	1.0	78.0	G3	55.0	True	78.0	1.3333	150.0	i	False	('B', 'E', 'G')	B	E	2.0	minor triad	(4, 7, 11)	e	e	1	None
116.0	0.5	78.0	B2	47.0	True	78.0	1.3333	150.0	i	False	('B', 'E', 'G')	B	E	2.0	minor triad	(4, 7, 11)	e	e	1	None
116.5	0.5	78.0	E4	64.0	True	78.0	1.3333	150.0	i	False	('B', 'E', 'G')	B	E	2.0	minor triad	(4, 7, 11)	e	e	1	None
116.5	0.5	78.0	B2	47.0	True	78.0	1.3333	150.0	i	False	('B', 'E', 'G')	B	E	2.0	minor triad	(4, 7, 11)	e	e	1	None
117.0	0.5	79.0	B5	83.0	True	79.0	0.1667	151.0	V	True	('B', 'D#', 'F#')	B	B	0.0	major triad	(3, 6, 11)	e	e	5	None
117.0	0.5	79.0	F#4	66.0	True	79.0	0.1667	151.0	V	True	('B', 'D#', 'F#')	B	B	0.0	major triad	(3, 6, 11)	e	e	5	None
117.0	0.5	79.0	D#4	63.0	True	79.0	0.1667	151.0	V	True	('B', 'D#', 'F#')	B	B	0.0	major triad	(3, 6, 11)	e	e	5	None
117.0	0.25	79.0	B2	47.0	True	79.0	0.1667	151.0	V	True	('B', 'D#', 'F#')	B	B	0.0	major triad	(3, 6, 11)	e	e	5	None
117.1667						79.0	0.1667	152.0	i	True	('G', 'B', 'E')	G	E	1.0	minor triad	(4, 7, 11)	e	e	1	None
117.25	0.25	79.0	A2	45.0	True	79.0	0.1667	152.0	i	False	('G', 'B', 'E')	G	E	1.0	minor triad	(4, 7, 11)	e	e	1	None
117.3333						79.0	1.1667	153.0	V7	True	('F#', 'A', 'B', 'D#')	F#	B	2.0	dominant seventh chord	(3, 6, 9, 11)	e	e	5	None
117.5	0.5	79.0	E4	64.0	True	79.0	1.1667	153.0	V7	False	('F#', 'A', 'B', 'D#')	F#	B	2.0	dominant seventh chord	(3, 6, 9, 11)	e	e	5	None
117.5	0.5	79.0	G4	67.0	True	79.0	1.1667	153.0	V7	False	('F#', 'A', 'B', 'D#')	F#	B	2.0	dominant seventh chord	(3, 6, 9, 11)	e	e	5	None
117.5	0.25	79.0	G2	43.0	True	79.0	1.1667	153.0	V7	False	('F#', 'A', 'B', 'D#')	F#	B	2.0	dominant seventh chord	(3, 6, 9, 11)	e	e	5	None
117.5	0.5	79.0	B5	83.0	True	79.0	1.1667	153.0	V7	False	('F#', 'A', 'B', 'D#')	F#	B	2.0	dominant seventh chord	(3, 6, 9, 11)	e	e	5	None
117.75	0.25	79.0	F#2	42.0	True	79.0	1.1667	153.0	V7	False	('F#', 'A', 'B', 'D#')	F#	B	2.0	dominant seventh chord	(3, 6, 9, 11)	e	e	5	None
118.0	0.5	79.0	A4	69.0	True	79.0	1.1667	153.0	V7	False	('F#', 'A', 'B', 'D#')	F#	B	2.0	dominant seventh chord	(3, 6, 9, 11)	e	e	5	None
118.0	0.5	79.0	B5	83.0	True	79.0	1.1667	153.0	V7	False	('F#', 'A', 'B', 'D#')	F#	B	2.0	dominant seventh chord	(3, 6, 9, 11)	e	e	5	None
118.0	0.25	79.0	E2	40.0	True	79.0	1.1667	153.0	V7	False	('F#', 'A', 'B', 'D#')	F#	B	2.0	dominant seventh chord	(3, 6, 9, 11)	e	e	5	None
118.0	0.5	79.0	F#4	66.0	True	79.0	1.1667	153.0	V7	False	('F#', 'A', 'B', 'D#')	F#	B	2.0	dominant seventh chord	(3, 6, 9, 11)	e	e	5	None
118.25	0.25	79.0	F#2	42.0	True	79.0	1.1667	153.0	V7	False	('F#', 'A', 'B', 'D#')	F#	B	2.0	dominant seventh chord	(3, 6, 9, 11)	e	e	5	None
118.5	0.5	80.0	B5	83.0	True	80.0	0.1667	154.0	V7	True	('F#', 'A', 'B', 'D#')	F#	B	2.0	dominant seventh chord	(3, 6, 9, 11)	e	e	5	None
118.5	0.5	80.0	A4	69.0	True	80.0	0.1667	154.0	V7	True	('F#', 'A', 'B', 'D#')	F#	B	2.0	dominant seventh chord	(3, 6, 9, 11)	e	e	5	None
118.5	0.5	80.0	A3	57.0	True	80.0	0.1667	154.0	V7	True	('F#', 'A', 'B', 'D#')	F#	B	2.0	dominant seventh chord	(3, 6, 9, 11)	e	e	5	None
118.5	0.5	80.0	F#2	42.0	True	80.0	0.1667	154.0	V7	True	('F#', 'A', 'B', 'D#')	F#	B	2.0	dominant seventh chord	(3, 6, 9, 11)	e	e	5	None
118.6667						80.0	0.1667	155.0	i	True	('G', 'B', 'E')	G	E	1.0	minor triad	(4, 7, 11)	e	e	1	None
118.8333						80.0	1.1667	156.0	i	True	('E', 'G', 'B')	E	E	0.0	minor triad	(4, 7, 11)	e	e	1	None
119.0	0.5	80.0	G2	43.0	True	80.0	1.1667	156.0	i	False	('E', 'G', 'B')	E	E	0.0	minor triad	(4, 7, 11)	e	e	1	None
119.0	1.0	80.0	E6	88.0	True	80.0	1.1667	156.0	i	False	('E', 'G', 'B')	E	E	0.0	minor triad	(4, 7, 11)	e	e	1	None
119.0	0.5	80.0	B4	71.0	True	80.0	1.1667	156.0	i	False	('E', 'G', 'B')	E	E	0.0	minor triad	(4, 7, 11)	e	e	1	None
119.0	0.5	80.0	G3	55.0	True	80.0	1.1667	156.0	i	False	('E', 'G', 'B')	E	E	0.0	minor triad	(4, 7, 11)	e	e	1	None
119.5	0.5	80.0	G4	67.0	True	80.0	1.1667	156.0	i	False	('E', 'G', 'B')	E	E	0.0	minor triad	(4, 7, 11)	e	e	1	None
119.5	0.5	80.0	B3	59.0	True	80.0	1.1667	156.0	i	False	('E', 'G', 'B')	E	E	0.0	minor triad	(4, 7, 11)	e	e	1	None
119.5	0.5	80.0	E2	40.0	True	80.0	1.1667	156.0	i	False	('E', 'G', 'B')	E	E	0.0	minor triad	(4, 7, 11)	e	e	1	None
120.0	0.5	81.0	B3	59.0	True	81.0	0.1667	157.0	I	True	('G', 'B', 'D')	G	G	0.0	major triad	(2, 7, 11)	G	G	1	None
120.0	0.5	81.0	G2	43.0	True	81.0	0.1667	157.0	I	True	('G', 'B', 'D')	G	G	0.0	major triad	(2, 7, 11)	G	G	1	None
120.0	0.5	81.0	D6	86.0	True	81.0	0.1667	157.0	I	True	('G', 'B', 'D')	G	G	0.0	major triad	(2, 7, 11)	G	G	1	None
120.0	0.5	81.0	G4	67.0	True	81.0	0.1667	157.0	I	True	('G', 'B', 'D')	G	G	0.0	major triad	(2, 7, 11)	G	G	1	None
120.1667						81.0	0.1667	158.0	I	True	('B', 'D', 'G')	B	G	1.0	major triad	(2, 7, 11)	G	G	1	None
120.3333						81.0	1.1667	159.0	I	True	('G', 'B', 'D')	G	G	0.0	major triad	(2, 7, 11)	G	G	1	None
120.5	0.5	81.0	B2	47.0	True	81.0	1.1667	159.0	I	False	('G', 'B', 'D')	G	G	0.0	major triad	(2, 7, 11)	G	G	1	None
120.5	0.25	81.0	G5	79.0	True	81.0	1.1667	159.0	I	False	('G', 'B', 'D')	G	G	0.0	major triad	(2, 7, 11)	G	G	1	None
120.5	0.5	81.0	B5	83.0	True	81.0	1.1667	159.0	I	False	('G', 'B', 'D')	G	G	0.0	major triad	(2, 7, 11)	G	G	1	None
120.5	0.5	81.0	G3	55.0	True	81.0	1.1667	159.0	I	False	('G', 'B', 'D')	G	G	0.0	major triad	(2, 7, 11)	G	G	1	None
120.75	0.25	81.0	F#5	78.0	True	81.0	1.1667	159.0	I	False	('G', 'B', 'D')	G	G	0.0	major triad	(2, 7, 11)	G	G	1	None
121.0	0.25	81.0	D6	86.0	True	81.0	1.1667	159.0	I	False	('G', 'B', 'D')	G	G	0.0	major triad	(2, 7, 11)	G	G	1	None
121.0	0.25	81.0	G5	79.0	True	81.0	1.1667	159.0	I	False	('G', 'B', 'D')	G	G	0.0	major triad	(2, 7, 11)	G	G	1	None
121.0	0.5	81.0	B3	59.0	True	81.0	1.1667	159.0	I	False	('G', 'B', 'D')	G	G	0.0	major triad	(2, 7, 11)	G	G	1	None
121.0	0.5	81.0	G2	43.0	True	81.0	1.1667	159.0	I	False	('G', 'B', 'D')	G	G	0.0	major triad	(2, 7, 11)	G	G	1	None
121.25	0.25	81.0	B4	71.0	True	81.0	1.1667	159.0	I	False	('G', 'B', 'D')	G	G	0.0	major triad	(2, 7, 11)	G	G	1	None
121.5	1.5	82.0	G5	79.0	True	82.0	0.1667	160.0	vi	True	('B', 'E', 'G')	B	E	2.0	minor triad	(4, 7, 11)	G	G	6	None
121.5	0.5	82.0	B4	71.0	True	82.0	0.1667	160.0	vi	True	('B', 'E', 'G')	B	E	2.0	minor triad	(4, 7, 11)	G	G	6	None
121.5	0.5	82.0	G4	67.0	True	82.0	0.1667	160.0	vi	True	('B', 'E', 'G')	B	E	2.0	minor triad	(4, 7, 11)	G	G	6	None
121.5	0.5	82.0	B2	47.0	True	82.0	0.1667	160.0	vi	True	('B', 'E', 'G')	B	E	2.0	minor triad	(4, 7, 11)	G	G	6	None
121.6667						82.0	0.1667	161.0	vi	True	('E', 'G', 'B')	E	E	0.0	minor triad	(4, 7, 11)	G	G	6	None
121.8333						82.0	1.1667	162.0	vi	True	('B', 'E', 'G')	B	E	2.0	minor triad	(4, 7, 11)	G	G	6	None
122.0	0.5	82.0	E2	40.0	True	82.0	1.1667	162.0	vi	False	('B', 'E', 'G')	B	E	2.0	minor triad	(4, 7, 11)	G	G	6	None
122.0	0.25	82.0	G4	67.0	True	82.0	1.1667	162.0	vi	False	('B', 'E', 'G')	B	E	2.0	minor triad	(4, 7, 11)	G	G	6	None
122.0	0.5	82.0	B3	59.0	True	82.0	1.1667	162.0	vi	False	('B', 'E', 'G')	B	E	2.0	minor triad	(4, 7, 11)	G	G	6	None
122.25	0.25	82.0	F#4	66.0	True	82.0	1.1667	162.0	vi	False	('B', 'E', 'G')	B	E	2.0	minor triad	(4, 7, 11)	G	G	6	None
122.5	0.25	82.0	G4	67.0	True	82.0	1.1667	162.0	vi	False	('B', 'E', 'G')	B	E	2.0	minor triad	(4, 7, 11)	G	G	6	None
122.5	0.5	82.0	E4	64.0	True	82.0	1.1667	162.0	vi	False	('B', 'E', 'G')	B	E	2.0	minor triad	(4, 7, 11)	G	G	6	None
122.5	0.5	82.0	B2	47.0	True	82.0	1.1667	162.0	vi	False	('B', 'E', 'G')	B	E	2.0	minor triad	(4, 7, 11)	G	G	6	None
122.75	0.25	82.0	B3	59.0	True	82.0	1.1667	162.0	vi	False	('B', 'E', 'G')	B	E	2.0	minor triad	(4, 7, 11)	G	G	6	None
123.0	0.25	83.0	A5	81.0	True	83.0	0.1667	163.0	ii	True	('C', 'E', 'A')	C	A	1.0	minor triad	(0, 4, 9)	G	G	2	None
123.0	0.5	83.0	E4	64.0	True	83.0	0.1667	163.0	ii	True	('C', 'E', 'A')	C	A	1.0	minor triad	(0, 4, 9)	G	G	2	None
123.0	0.5	83.0	E3	52.0	True	83.0	0.1667	163.0	ii	True	('C', 'E', 'A')	C	A	1.0	minor triad	(0, 4, 9)	G	G	2	None
123.0	0.5	83.0	C2	36.0	True	83.0	0.1667	163.0	ii	True	('C', 'E', 'A')	C	A	1.0	minor triad	(0, 4, 9)	G	G	2	None
123.1667						83.0	0.1667	164.0	ii	True	('A', 'C', 'E')	A	A	0.0	minor triad	(0, 4, 9)	G	G	2	None
123.25	0.25	83.0	B5	83.0	True	83.0	0.1667	164.0	ii	False	('A', 'C', 'E')	A	A	0.0	minor triad	(0, 4, 9)	G	G	2	None
123.3333						83.0	1.1667	165.0	ii	True	('C', 'E', 'A')	C	A	1.0	minor triad	(0, 4, 9)	G	G	2	None
123.5	0.5	83.0	C6	84.0	True	83.0	1.1667	165.0	ii	False	('C', 'E', 'A')	C	A	1.0	minor triad	(0, 4, 9)	G	G	2	None
123.5	0.25	83.0	E5	76.0	True	83.0	1.1667	165.0	ii	False	('C', 'E', 'A')	C	A	1.0	minor triad	(0, 4, 9)	G	G	2	None
123.5	0.5	83.0	C3	48.0	True	83.0	1.1667	165.0	ii	False	('C', 'E', 'A')	C	A	1.0	minor triad	(0, 4, 9)	G	G	2	None
123.5	0.5	83.0	A2	45.0	True	83.0	1.1667	165.0	ii	False	('C', 'E', 'A')	C	A	1.0	minor triad	(0, 4, 9)	G	G	2	None
123.75	0.25	83.0	D5	74.0	True	83.0	1.1667	165.0	ii	False	('C', 'E', 'A')	C	A	1.0	minor triad	(0, 4, 9)	G	G	2	None
124.0	0.25	83.0	C5	72.0	True	83.0	1.1667	165.0	ii	False	('C', 'E', 'A')	C	A	1.0	minor triad	(0, 4, 9)	G	G	2	None
124.0	0.5	83.0	C4	60.0	True	83.0	1.1667	165.0	ii	False	('C', 'E', 'A')	C	A	1.0	minor triad	(0, 4, 9)	G	G	2	None
124.0	0.5	83.0	C2	36.0	True	83.0	1.1667	165.0	ii	False	('C', 'E', 'A')	C	A	1.0	minor triad	(0, 4, 9)	G	G	2	None
124.0	0.25	83.0	E6	88.0	True	83.0	1.1667	165.0	ii	False	('C', 'E', 'A')	C	A	1.0	minor triad	(0, 4, 9)	G	G	2	None
124.25	0.25	83.0	A4	69.0	True	83.0	1.1667	165.0	ii	False	('C', 'E', 'A')	C	A	1.0	minor triad	(0, 4, 9)	G	G	2	None
124.5	0.5	84.0	G5	79.0	True	84.0	0.1667	166.0	V7	True	('C', 'D', 'F#', 'A')	C	D	3.0	dominant seventh chord	(0, 2, 6, 9)	G	G	5	None
124.5	0.5	84.0	A4	69.0	True	84.0	0.1667	166.0	V7	True	('C', 'D', 'F#', 'A')	C	D	3.0	dominant seventh chord	(0, 2, 6, 9)	G	G	5	None
124.5	0.5	84.0	A3	57.0	True	84.0	0.1667	166.0	V7	True	('C', 'D', 'F#', 'A')	C	D	3.0	dominant seventh chord	(0, 2, 6, 9)	G	G	5	None
124.5	0.5	84.0	C3	48.0	True	84.0	0.1667	166.0	V7	True	('C', 'D', 'F#', 'A')	C	D	3.0	dominant seventh chord	(0, 2, 6, 9)	G	G	5	None
124.6667						84.0	0.1667	167.0	V7	True	('D', 'F#', 'A', 'C')	D	D	0.0	dominant seventh chord	(0, 2, 6, 9)	G	G	5	None
124.8333						84.0	1.1667	168.0	V7	True	('C', 'D', 'F#', 'A')	C	D	3.0	dominant seventh chord	(0, 2, 6, 9)	G	G	5	None
125.0	1.0	84.0	F#5	78.0	True	84.0	1.1667	168.0	V7	False	('C', 'D', 'F#', 'A')	C	D	3.0	dominant seventh chord	(0, 2, 6, 9)	G	G	5	None
125.0	0.25	84.0	C5	72.0	True	84.0	1.1667	168.0	V7	False	('C', 'D', 'F#', 'A')	C	D	3.0	dominant seventh chord	(0, 2, 6, 9)	G	G	5	None
125.0	0.5	84.0	A4	69.0	True	84.0	1.1667	168.0	V7	False	('C', 'D', 'F#', 'A')	C	D	3.0	dominant seventh chord	(0, 2, 6, 9)	G	G	5	None
125.0	0.5	84.0	D2	38.0	True	84.0	1.1667	168.0	V7	False	('C', 'D', 'F#', 'A')	C	D	3.0	dominant seventh chord	(0, 2, 6, 9)	G	G	5	None
125.25	0.25	84.0	A4	69.0	True	84.0	1.1667	168.0	V7	False	('C', 'D', 'F#', 'A')	C	D	3.0	dominant seventh chord	(0, 2, 6, 9)	G	G	5	None
125.5	0.5	84.0	C3	48.0	True	84.0	1.1667	168.0	V7	False	('C', 'D', 'F#', 'A')	C	D	3.0	dominant seventh chord	(0, 2, 6, 9)	G	G	5	None
125.5	0.5	84.0	D4	62.0	True	84.0	1.1667	168.0	V7	False	('C', 'D', 'F#', 'A')	C	D	3.0	dominant seventh chord	(0, 2, 6, 9)	G	G	5	None
125.5	0.25	84.0	G4	67.0	True	84.0	1.1667	168.0	V7	False	('C', 'D', 'F#', 'A')	C	D	3.0	dominant seventh chord	(0, 2, 6, 9)	G	G	5	None
125.75	0.25	84.0	F#4	66.0	True	84.0	1.1667	168.0	V7	False	('C', 'D', 'F#', 'A')	C	D	3.0	dominant seventh chord	(0, 2, 6, 9)	G	G	5	None
126.0	0.5	85.0	D6	86.0	True	85.0	0.1667	169.0	I	True	('G', 'B', 'D')	G	G	0.0	major triad	(2, 7, 11)	G	G	1	None
126.0	0.5	85.0	B4	71.0	True	85.0	0.1667	169.0	I	True	('G', 'B', 'D')	G	G	0.0	major triad	(2, 7, 11)	G	G	1	None
126.0	0.5	85.0	D4	62.0	True	85.0	0.1667	169.0	I	True	('G', 'B', 'D')	G	G	0.0	major triad	(2, 7, 11)	G	G	1	None
126.0	0.5	85.0	G2	43.0	True	85.0	0.1667	169.0	I	True	('G', 'B', 'D')	G	G	0.0	major triad	(2, 7, 11)	G	G	1	None
126.1667						85.0	0.1667	170.0	I	True	('B', 'D', 'G')	B	G	1.0	major triad	(2, 7, 11)	G	G	1	None
126.3333						85.0	1.1667	171.0	I	True	('G', 'B', 'D')	G	G	0.0	major triad	(2, 7, 11)	G	G	1	None
126.5	0.5	85.0	B5	83.0	True	85.0	1.1667	171.0	I	False	('G', 'B', 'D')	G	G	0.0	major triad	(2, 7, 11)	G	G	1	None
126.5	0.25	85.0	G5	79.0	True	85.0	1.1667	171.0	I	False	('G', 'B', 'D')	G	G	0.0	major triad	(2, 7, 11)	G	G	1	None
126.5	0.5	85.0	G3	55.0	True	85.0	1.1667	171.0	I	False	('G', 'B', 'D')	G	G	0.0	major triad	(2, 7, 11)	G	G	1	None
126.5	0.5	85.0	B2	47.0	True	85.0	1.1667	171.0	I	False	('G', 'B', 'D')	G	G	0.0	major triad	(2, 7, 11)	G	G	1	None
126.75	0.25	85.0	F#5	78.0	True	85.0	1.1667	171.0	I	False	('G', 'B', 'D')	G	G	0.0	major triad	(2, 7, 11)	G	G	1	None
127.0	0.25	85.0	G5	79.0	True	85.0	1.1667	171.0	I	False	('G', 'B', 'D')	G	G	0.0	major triad	(2, 7, 11)	G	G	1	None
127.0	0.25	85.0	D6	86.0	True	85.0	1.1667	171.0	I	False	('G', 'B', 'D')	G	G	0.0	major triad	(2, 7, 11)	G	G	1	None
127.0	0.5	85.0	B3	59.0	True	85.0	1.1667	171.0	I	False	('G', 'B', 'D')	G	G	0.0	major triad	(2, 7, 11)	G	G	1	None
127.0	0.5	85.0	G2	43.0	True	85.0	1.1667	171.0	I	False	('G', 'B', 'D')	G	G	0.0	major triad	(2, 7, 11)	G	G	1	None
127.25	0.25	85.0	B4	71.0	True	85.0	1.1667	171.0	I	False	('G', 'B', 'D')	G	G	0.0	major triad	(2, 7, 11)	G	G	1	None
127.5	1.5	86.0	G5	79.0	True	86.0	0.1667	172.0	vi	True	('B', 'E', 'G')	B	E	2.0	minor triad	(4, 7, 11)	G	G	6	None
127.5	0.5	86.0	B4	71.0	True	86.0	0.1667	172.0	vi	True	('B', 'E', 'G')	B	E	2.0	minor triad	(4, 7, 11)	G	G	6	None
127.5	0.5	86.0	E3	52.0	True	86.0	0.1667	172.0	vi	True	('B', 'E', 'G')	B	E	2.0	minor triad	(4, 7, 11)	G	G	6	None
127.5	0.5	86.0	B2	47.0	True	86.0	0.1667	172.0	vi	True	('B', 'E', 'G')	B	E	2.0	minor triad	(4, 7, 11)	G	G	6	None
127.6667						86.0	0.1667	173.0	vi	True	('E', 'G', 'B')	E	E	0.0	minor triad	(4, 7, 11)	G	G	6	None
127.8333						86.0	1.1667	174.0	vi	True	('B', 'E', 'G')	B	E	2.0	minor triad	(4, 7, 11)	G	G	6	None
128.0	0.5	86.0	E4	64.0	True	86.0	1.1667	174.0	vi	False	('B', 'E', 'G')	B	E	2.0	minor triad	(4, 7, 11)	G	G	6	None
128.0	0.5	86.0	E2	40.0	True	86.0	1.1667	174.0	vi	False	('B', 'E', 'G')	B	E	2.0	minor triad	(4, 7, 11)	G	G	6	None
128.0	0.25	86.0	G4	67.0	True	86.0	1.1667	174.0	vi	False	('B', 'E', 'G')	B	E	2.0	minor triad	(4, 7, 11)	G	G	6	None
128.25	0.25	86.0	F#4	66.0	True	86.0	1.1667	174.0	vi	False	('B', 'E', 'G')	B	E	2.0	minor triad	(4, 7, 11)	G	G	6	None
128.5	0.25	86.0	G4	67.0	True	86.0	1.1667	174.0	vi	False	('B', 'E', 'G')	B	E	2.0	minor triad	(4, 7, 11)	G	G	6	None
128.5	0.5	86.0	G3	55.0	True	86.0	1.1667	174.0	vi	False	('B', 'E', 'G')	B	E	2.0	minor triad	(4, 7, 11)	G	G	6	None
128.5	0.5	86.0	B2	47.0	True	86.0	1.1667	174.0	vi	False	('B', 'E', 'G')	B	E	2.0	minor triad	(4, 7, 11)	G	G	6	None
128.75	0.25	86.0	B3	59.0	True	86.0	1.1667	174.0	vi	False	('B', 'E', 'G')	B	E	2.0	minor triad	(4, 7, 11)	G	G	6	None
129.0	0.5	87.0	C2	36.0	True	87.0	0.1667	175.0	ii	True	('C', 'E', 'A')	C	A	1.0	minor triad	(0, 4, 9)	G	G	2	None
129.0	0.5	87.0	C4	60.0	True	87.0	0.1667	175.0	ii	True	('C', 'E', 'A')	C	A	1.0	minor triad	(0, 4, 9)	G	G	2	None
129.0	0.25	87.0	A5	81.0	True	87.0	0.1667	175.0	ii	True	('C', 'E', 'A')	C	A	1.0	minor triad	(0, 4, 9)	G	G	2	None
129.0	0.25	87.0	E4	64.0	True	87.0	0.1667	175.0	ii	True	('C', 'E', 'A')	C	A	1.0	minor triad	(0, 4, 9)	G	G	2	None
129.1667						87.0	0.1667	176.0	ii	True	('A', 'C', 'E')	A	A	0.0	minor triad	(0, 4, 9)	G	G	2	None
129.25	0.25	87.0	B5	83.0	True	87.0	0.1667	176.0	ii	False	('A', 'C', 'E')	A	A	0.0	minor triad	(0, 4, 9)	G	G	2	None
129.25	0.25	87.0	D4	62.0	True	87.0	0.1667	176.0	ii	False	('A', 'C', 'E')	A	A	0.0	minor triad	(0, 4, 9)	G	G	2	None
129.3333						87.0	1.1667	177.0	V7	True	('D', 'F#', 'A', 'C')	D	D	0.0	dominant seventh chord	(0, 2, 6, 9)	G	G	5	None
129.5	0.5	87.0	C6	84.0	True	87.0	1.1667	177.0	V7	False	('D', 'F#', 'A', 'C')	D	D	0.0	dominant seventh chord	(0, 2, 6, 9)	G	G	5	None
129.5	0.25	87.0	C4	60.0	True	87.0	1.1667	177.0	V7	False	('D', 'F#', 'A', 'C')	D	D	0.0	dominant seventh chord	(0, 2, 6, 9)	G	G	5	None
129.5	0.5	87.0	E3	52.0	True	87.0	1.1667	177.0	V7	False	('D', 'F#', 'A', 'C')	D	D	0.0	dominant seventh chord	(0, 2, 6, 9)	G	G	5	None
129.5	0.5	87.0	A2	45.0	True	87.0	1.1667	177.0	V7	False	('D', 'F#', 'A', 'C')	D	D	0.0	dominant seventh chord	(0, 2, 6, 9)	G	G	5	None
129.75	0.25	87.0	C5	72.0	True	87.0	1.1667	177.0	V7	False	('D', 'F#', 'A', 'C')	D	D	0.0	dominant seventh chord	(0, 2, 6, 9)	G	G	5	None
130.0	0.25	87.0	B4	71.0	True	87.0	1.1667	177.0	V7	False	('D', 'F#', 'A', 'C')	D	D	0.0	dominant seventh chord	(0, 2, 6, 9)	G	G	5	None
130.0	0.5	87.0	D2	38.0	True	87.0	1.1667	177.0	V7	False	('D', 'F#', 'A', 'C')	D	D	0.0	dominant seventh chord	(0, 2, 6, 9)	G	G	5	None
130.0	0.5	87.0	C4	60.0	True	87.0	1.1667	177.0	V7	False	('D', 'F#', 'A', 'C')	D	D	0.0	dominant seventh chord	(0, 2, 6, 9)	G	G	5	None
130.0	0.25	87.0	F#5	78.0	True	87.0	1.1667	177.0	V7	False	('D', 'F#', 'A', 'C')	D	D	0.0	dominant seventh chord	(0, 2, 6, 9)	G	G	5	None
130.25	0.25	87.0	A4	69.0	True	87.0	1.1667	177.0	V7	False	('D', 'F#', 'A', 'C')	D	D	0.0	dominant seventh chord	(0, 2, 6, 9)	G	G	5	None
130.5	0.5	88.0	C4	60.0	True	88.0	0.1667	178.0	V7	True	('D', 'F#', 'A', 'C')	D	D	0.0	dominant seventh chord	(0, 2, 6, 9)	G	G	5	None
130.5	0.25	88.0	A4	69.0	True	88.0	0.1667	178.0	V7	True	('D', 'F#', 'A', 'C')	D	D	0.0	dominant seventh chord	(0, 2, 6, 9)	G	G	5	None
130.5	0.5	88.0	D3	50.0	True	88.0	0.1667	178.0	V7	True	('D', 'F#', 'A', 'C')	D	D	0.0	dominant seventh chord	(0, 2, 6, 9)	G	G	5	None
130.5	0.5	88.0	F#5	78.0	True	88.0	0.1667	178.0	V7	True	('D', 'F#', 'A', 'C')	D	D	0.0	dominant seventh chord	(0, 2, 6, 9)	G	G	5	None
130.6667						88.0	1.3333	179.0	I	True	('G', 'B', 'D')	G	G	0.0	major triad	(2, 7, 11)	G	G	1	None
130.75	0.25	88.0	C5	72.0	True	88.0	1.3333	179.0	I	False	('G', 'B', 'D')	G	G	0.0	major triad	(2, 7, 11)	G	G	1	None
131.0	1.0	88.0	G5	79.0	True	88.0	1.3333	179.0	I	False	('G', 'B', 'D')	G	G	0.0	major triad	(2, 7, 11)	G	G	1	None
131.0	0.25	88.0	B4	71.0	True	88.0	1.3333	179.0	I	False	('G', 'B', 'D')	G	G	0.0	major triad	(2, 7, 11)	G	G	1	None
131.0	0.5	88.0	D2	38.0	True	88.0	1.3333	179.0	I	False	('G', 'B', 'D')	G	G	0.0	major triad	(2, 7, 11)	G	G	1	None
131.0	0.5	88.0	G3	55.0	True	88.0	1.3333	179.0	I	False	('G', 'B', 'D')	G	G	0.0	major triad	(2, 7, 11)	G	G	1	None
131.25	0.25	88.0	A4	69.0	True	88.0	1.3333	179.0	I	False	('G', 'B', 'D')	G	G	0.0	major triad	(2, 7, 11)	G	G	1	None
131.5	0.5	88.0	G4	67.0	True	88.0	1.3333	179.0	I	False	('G', 'B', 'D')	G	G	0.0	major triad	(2, 7, 11)	G	G	1	None
131.5	0.5	88.0	B3	59.0	True	88.0	1.3333	179.0	I	False	('G', 'B', 'D')	G	G	0.0	major triad	(2, 7, 11)	G	G	1	None
131.5	0.5	88.0	G2	43.0	True	88.0	1.3333	179.0	I	False	('G', 'B', 'D')	G	G	0.0	major triad	(2, 7, 11)	G	G	1	None
132.0	0.25	89.0	D4	62.0	True	89.0	1.5	180.0	I	True	('G', 'B', 'D')	G	G	0.0	major triad	(2, 7, 11)	G	G	1	None
132.0	0.5	89.0	G2	43.0	True	89.0	1.5	180.0	I	True	('G', 'B', 'D')	G	G	0.0	major triad	(2, 7, 11)	G	G	1	None
132.25	0.25	89.0	D5	74.0	True	89.0	1.5	180.0	I	False	('G', 'B', 'D')	G	G	0.0	major triad	(2, 7, 11)	G	G	1	None
132.5	0.25	89.0	B5	83.0	True	89.0	1.5	180.0	I	False	('G', 'B', 'D')	G	G	0.0	major triad	(2, 7, 11)	G	G	1	None
132.5	0.5	89.0	B3	59.0	True	89.0	1.5	180.0	I	False	('G', 'B', 'D')	G	G	0.0	major triad	(2, 7, 11)	G	G	1	None
132.5	0.5	89.0	G3	55.0	True	89.0	1.5	180.0	I	False	('G', 'B', 'D')	G	G	0.0	major triad	(2, 7, 11)	G	G	1	None
132.75	0.25	89.0	D6	86.0	True	89.0	1.5	180.0	I	False	('G', 'B', 'D')	G	G	0.0	major triad	(2, 7, 11)	G	G	1	None
133.0	0.5	89.0	G2	43.0	True	89.0	1.5	180.0	I	False	('G', 'B', 'D')	G	G	0.0	major triad	(2, 7, 11)	G	G	1	None
133.0	0.25	89.0	C6	84.0	True	89.0	1.5	180.0	I	False	('G', 'B', 'D')	G	G	0.0	major triad	(2, 7, 11)	G	G	1	None
133.25	0.25	89.0	B5	83.0	True	89.0	1.5	180.0	I	False	('G', 'B', 'D')	G	G	0.0	major triad	(2, 7, 11)	G	G	1	None
133.5	0.25	90.0	A5	81.0	True	90.0	1.5	181.0	vi	True	('E', 'G', 'B')	E	E	0.0	minor triad	(4, 7, 11)	G	G	6	None
133.5	0.5	90.0	G4	67.0	True	90.0	1.5	181.0	vi	True	('E', 'G', 'B')	E	E	0.0	minor triad	(4, 7, 11)	G	G	6	None
133.5	0.5	90.0	B3	59.0	True	90.0	1.5	181.0	vi	True	('E', 'G', 'B')	E	E	0.0	minor triad	(4, 7, 11)	G	G	6	None
133.75	0.25	90.0	G5	79.0	True	90.0	1.5	181.0	vi	False	('E', 'G', 'B')	E	E	0.0	minor triad	(4, 7, 11)	G	G	6	None
134.0	0.25	90.0	F#5	78.0	True	90.0	1.5	181.0	vi	False	('E', 'G', 'B')	E	E	0.0	minor triad	(4, 7, 11)	G	G	6	None
134.0	0.5	90.0	E2	40.0	True	90.0	1.5	181.0	vi	False	('E', 'G', 'B')	E	E	0.0	minor triad	(4, 7, 11)	G	G	6	None
134.25	0.25	90.0	G5	79.0	True	90.0	1.5	181.0	vi	False	('E', 'G', 'B')	E	E	0.0	minor triad	(4, 7, 11)	G	G	6	None
134.5	0.25	90.0	A5	81.0	True	90.0	1.5	181.0	vi	False	('E', 'G', 'B')	E	E	0.0	minor triad	(4, 7, 11)	G	G	6	None
134.5	0.5	90.0	G4	67.0	True	90.0	1.5	181.0	vi	False	('E', 'G', 'B')	E	E	0.0	minor triad	(4, 7, 11)	G	G	6	None
134.5	0.5	90.0	B3	59.0	True	90.0	1.5	181.0	vi	False	('E', 'G', 'B')	E	E	0.0	minor triad	(4, 7, 11)	G	G	6	None
134.75	0.25	90.0	G5	79.0	True	90.0	1.5	181.0	vi	False	('E', 'G', 'B')	E	E	0.0	minor triad	(4, 7, 11)	G	G	6	None
135.0	0.5	91.0	C2	36.0	True	91.0	1.5	182.0	ii	True	('C', 'E', 'A')	C	A	1.0	minor triad	(0, 4, 9)	G	G	2	None
135.0	0.25	91.0	B5	83.0	True	91.0	1.5	182.0	ii	True	('C', 'E', 'A')	C	A	1.0	minor triad	(0, 4, 9)	G	G	2	None
135.25	0.25	91.0	G#5	80.0	True	91.0	1.5	182.0	ii	False	('C', 'E', 'A')	C	A	1.0	minor triad	(0, 4, 9)	G	G	2	None
135.5	0.25	91.0	A5	81.0	True	91.0	1.5	182.0	ii	False	('C', 'E', 'A')	C	A	1.0	minor triad	(0, 4, 9)	G	G	2	None
135.5	0.5	91.0	A4	69.0	True	91.0	1.5	182.0	ii	False	('C', 'E', 'A')	C	A	1.0	minor triad	(0, 4, 9)	G	G	2	None
135.5	0.5	91.0	C4	60.0	True	91.0	1.5	182.0	ii	False	('C', 'E', 'A')	C	A	1.0	minor triad	(0, 4, 9)	G	G	2	None
135.75	0.25	91.0	B5	83.0	True	91.0	1.5	182.0	ii	False	('C', 'E', 'A')	C	A	1.0	minor triad	(0, 4, 9)	G	G	2	None
136.0	0.5	91.0	C2	36.0	True	91.0	1.5	182.0	ii	False	('C', 'E', 'A')	C	A	1.0	minor triad	(0, 4, 9)	G	G	2	None
136.0	0.25	91.0	C6	84.0	True	91.0	1.5	182.0	ii	False	('C', 'E', 'A')	C	A	1.0	minor triad	(0, 4, 9)	G	G	2	None
136.25	0.25	91.0	E6	88.0	True	91.0	1.5	182.0	ii	False	('C', 'E', 'A')	C	A	1.0	minor triad	(0, 4, 9)	G	G	2	None
136.5	0.5	92.0	A3	57.0	True	92.0	1.5	183.0	V7	True	('D', 'F#', 'A', 'C')	D	D	0.0	dominant seventh chord	(0, 2, 6, 9)	G	G	5	None
136.5	0.25	92.0	G5	79.0	True	92.0	1.5	183.0	V7	True	('D', 'F#', 'A', 'C')	D	D	0.0	dominant seventh chord	(0, 2, 6, 9)	G	G	5	None
136.5	0.5	92.0	C5	72.0	True	92.0	1.5	183.0	V7	True	('D', 'F#', 'A', 'C')	D	D	0.0	dominant seventh chord	(0, 2, 6, 9)	G	G	5	None
136.75	0.25	92.0	E5	76.0	True	92.0	1.5	183.0	V7	False	('D', 'F#', 'A', 'C')	D	D	0.0	dominant seventh chord	(0, 2, 6, 9)	G	G	5	None
137.0	0.25	92.0	G5	79.0	True	92.0	1.5	183.0	V7	False	('D', 'F#', 'A', 'C')	D	D	0.0	dominant seventh chord	(0, 2, 6, 9)	G	G	5	None
137.0	0.5	92.0	D2	38.0	True	92.0	1.5	183.0	V7	False	('D', 'F#', 'A', 'C')	D	D	0.0	dominant seventh chord	(0, 2, 6, 9)	G	G	5	None
137.25	0.25	92.0	F#5	78.0	True	92.0	1.5	183.0	V7	False	('D', 'F#', 'A', 'C')	D	D	0.0	dominant seventh chord	(0, 2, 6, 9)	G	G	5	None
137.5	0.25	92.0	E5	76.0	True	92.0	1.5	183.0	V7	False	('D', 'F#', 'A', 'C')	D	D	0.0	dominant seventh chord	(0, 2, 6, 9)	G	G	5	None
137.5	0.5	92.0	C5	72.0	True	92.0	1.5	183.0	V7	False	('D', 'F#', 'A', 'C')	D	D	0.0	dominant seventh chord	(0, 2, 6, 9)	G	G	5	None
137.5	0.5	92.0	A3	57.0	True	92.0	1.5	183.0	V7	False	('D', 'F#', 'A', 'C')	D	D	0.0	dominant seventh chord	(0, 2, 6, 9)	G	G	5	None
137.75	0.25	92.0	F#5	78.0	True	92.0	1.5	183.0	V7	False	('D', 'F#', 'A', 'C')	D	D	0.0	dominant seventh chord	(0, 2, 6, 9)	G	G	5	None
138.0	0.5	93.0	G2	43.0	True	93.0	1.5	184.0	I	True	('G', 'B', 'D')	G	G	0.0	major triad	(2, 7, 11)	G	G	1	None
138.0	0.25	93.0	D4	62.0	True	93.0	1.5	184.0	I	True	('G', 'B', 'D')	G	G	0.0	major triad	(2, 7, 11)	G	G	1	None
138.25	0.25	93.0	D5	74.0	True	93.0	1.5	184.0	I	False	('G', 'B', 'D')	G	G	0.0	major triad	(2, 7, 11)	G	G	1	None
138.5	0.25	93.0	B5	83.0	True	93.0	1.5	184.0	I	False	('G', 'B', 'D')	G	G	0.0	major triad	(2, 7, 11)	G	G	1	None
138.5	0.5	93.0	G4	67.0	True	93.0	1.5	184.0	I	False	('G', 'B', 'D')	G	G	0.0	major triad	(2, 7, 11)	G	G	1	None
138.5	0.5	93.0	B3	59.0	True	93.0	1.5	184.0	I	False	('G', 'B', 'D')	G	G	0.0	major triad	(2, 7, 11)	G	G	1	None
138.75	0.25	93.0	D6	86.0	True	93.0	1.5	184.0	I	False	('G', 'B', 'D')	G	G	0.0	major triad	(2, 7, 11)	G	G	1	None
139.0	0.25	93.0	C6	84.0	True	93.0	1.5	184.0	I	False	('G', 'B', 'D')	G	G	0.0	major triad	(2, 7, 11)	G	G	1	None
139.0	0.5	93.0	G2	43.0	True	93.0	1.5	184.0	I	False	('G', 'B', 'D')	G	G	0.0	major triad	(2, 7, 11)	G	G	1	None
139.25	0.25	93.0	B5	83.0	True	93.0	1.5	184.0	I	False	('G', 'B', 'D')	G	G	0.0	major triad	(2, 7, 11)	G	G	1	None
139.5	0.25	94.0	A5	81.0	True	94.0	1.5	185.0	vi	True	('E', 'G', 'B')	E	E	0.0	minor triad	(4, 7, 11)	G	G	6	None
139.5	0.5	94.0	E3	52.0	True	94.0	1.5	185.0	vi	True	('E', 'G', 'B')	E	E	0.0	minor triad	(4, 7, 11)	G	G	6	None
139.5	0.5	94.0	B4	71.0	True	94.0	1.5	185.0	vi	True	('E', 'G', 'B')	E	E	0.0	minor triad	(4, 7, 11)	G	G	6	None
139.5	0.5	94.0	G3	55.0	True	94.0	1.5	185.0	vi	True	('E', 'G', 'B')	E	E	0.0	minor triad	(4, 7, 11)	G	G	6	None
139.75	0.25	94.0	G5	79.0	True	94.0	1.5	185.0	vi	False	('E', 'G', 'B')	E	E	0.0	minor triad	(4, 7, 11)	G	G	6	None
140.0	0.25	94.0	F#5	78.0	True	94.0	1.5	185.0	vi	False	('E', 'G', 'B')	E	E	0.0	minor triad	(4, 7, 11)	G	G	6	None
140.0	0.5	94.0	E2	40.0	True	94.0	1.5	185.0	vi	False	('E', 'G', 'B')	E	E	0.0	minor triad	(4, 7, 11)	G	G	6	None
140.25	0.25	94.0	G5	79.0	True	94.0	1.5	185.0	vi	False	('E', 'G', 'B')	E	E	0.0	minor triad	(4, 7, 11)	G	G	6	None
140.5	0.5	94.0	E3	52.0	True	94.0	1.5	185.0	vi	False	('E', 'G', 'B')	E	E	0.0	minor triad	(4, 7, 11)	G	G	6	None
140.5	0.25	94.0	A5	81.0	True	94.0	1.5	185.0	vi	False	('E', 'G', 'B')	E	E	0.0	minor triad	(4, 7, 11)	G	G	6	None
140.5	0.5	94.0	B4	71.0	True	94.0	1.5	185.0	vi	False	('E', 'G', 'B')	E	E	0.0	minor triad	(4, 7, 11)	G	G	6	None
140.5	0.5	94.0	G3	55.0	True	94.0	1.5	185.0	vi	False	('E', 'G', 'B')	E	E	0.0	minor triad	(4, 7, 11)	G	G	6	None
140.75	0.25	94.0	G5	79.0	True	94.0	1.5	185.0	vi	False	('E', 'G', 'B')	E	E	0.0	minor triad	(4, 7, 11)	G	G	6	None
141.0	0.25	95.0	G#5	80.0	True	95.0	0.3333	186.0	ii	True	('C', 'E', 'A')	C	A	1.0	minor triad	(0, 4, 9)	G	G	2	None
141.0	0.5	95.0	C2	36.0	True	95.0	0.3333	186.0	ii	True	('C', 'E', 'A')	C	A	1.0	minor triad	(0, 4, 9)	G	G	2	None
141.25	0.25	95.0	A5	81.0	True	95.0	0.3333	186.0	ii	False	('C', 'E', 'A')	C	A	1.0	minor triad	(0, 4, 9)	G	G	2	None
141.3333						95.0	1.1667	187.0	V7	True	('D', 'F#', 'A', 'C')	D	D	0.0	dominant seventh chord	(0, 2, 6, 9)	G	G	5	None
141.5	0.5	95.0	A3	57.0	True	95.0	1.1667	187.0	V7	False	('D', 'F#', 'A', 'C')	D	D	0.0	dominant seventh chord	(0, 2, 6, 9)	G	G	5	None
141.5	0.5	95.0	E4	64.0	True	95.0	1.1667	187.0	V7	False	('D', 'F#', 'A', 'C')	D	D	0.0	dominant seventh chord	(0, 2, 6, 9)	G	G	5	None
141.5	0.25	95.0	B5	83.0	True	95.0	1.1667	187.0	V7	False	('D', 'F#', 'A', 'C')	D	D	0.0	dominant seventh chord	(0, 2, 6, 9)	G	G	5	None
141.75	0.25	95.0	C6	84.0	True	95.0	1.1667	187.0	V7	False	('D', 'F#', 'A', 'C')	D	D	0.0	dominant seventh chord	(0, 2, 6, 9)	G	G	5	None
142.0	0.5	95.0	D2	38.0	True	95.0	1.1667	187.0	V7	False	('D', 'F#', 'A', 'C')	D	D	0.0	dominant seventh chord	(0, 2, 6, 9)	G	G	5	None
142.0	0.5	95.0	A3	57.0	True	95.0	1.1667	187.0	V7	False	('D', 'F#', 'A', 'C')	D	D	0.0	dominant seventh chord	(0, 2, 6, 9)	G	G	5	None
142.0	0.5	95.0	C4	60.0	True	95.0	1.1667	187.0	V7	False	('D', 'F#', 'A', 'C')	D	D	0.0	dominant seventh chord	(0, 2, 6, 9)	G	G	5	None
142.0	0.25	95.0	E5	76.0	True	95.0	1.1667	187.0	V7	False	('D', 'F#', 'A', 'C')	D	D	0.0	dominant seventh chord	(0, 2, 6, 9)	G	G	5	None
142.25	0.25	95.0	F#5	78.0	True	95.0	1.1667	187.0	V7	False	('D', 'F#', 'A', 'C')	D	D	0.0	dominant seventh chord	(0, 2, 6, 9)	G	G	5	None
142.5	0.25	96.0	F#5	78.0	True	96.0	0.3333	188.0	V7	True	('D', 'F#', 'A', 'C')	D	D	0.0	dominant seventh chord	(0, 2, 6, 9)	G	G	5	None
142.5	0.5	96.0	D4	62.0	True	96.0	0.3333	188.0	V7	True	('D', 'F#', 'A', 'C')	D	D	0.0	dominant seventh chord	(0, 2, 6, 9)	G	G	5	None
142.5	0.5	96.0	C5	72.0	True	96.0	0.3333	188.0	V7	True	('D', 'F#', 'A', 'C')	D	D	0.0	dominant seventh chord	(0, 2, 6, 9)	G	G	5	None
142.75	0.25	96.0	A4	69.0	True	96.0	0.3333	188.0	V7	False	('D', 'F#', 'A', 'C')	D	D	0.0	dominant seventh chord	(0, 2, 6, 9)	G	G	5	None
142.8333						96.0	1.1667	189.0	I	True	('G', 'B', 'D')	G	G	0.0	major triad	(2, 7, 11)	G	G	1	None
143.0	0.25	96.0	F#5	78.0	True	96.0	1.1667	189.0	I	False	('G', 'B', 'D')	G	G	0.0	major triad	(2, 7, 11)	G	G	1	None
143.0	0.5	96.0	D2	38.0	True	96.0	1.1667	189.0	I	False	('G', 'B', 'D')	G	G	0.0	major triad	(2, 7, 11)	G	G	1	None
143.25	0.25	96.0	A5	81.0	True	96.0	1.1667	189.0	I	False	('G', 'B', 'D')	G	G	0.0	major triad	(2, 7, 11)	G	G	1	None
143.5	0.25	96.0	F#5	78.0	True	96.0	1.1667	189.0	I	False	('G', 'B', 'D')	G	G	0.0	major triad	(2, 7, 11)	G	G	1	None
143.5	0.5	96.0	B4	71.0	True	96.0	1.1667	189.0	I	False	('G', 'B', 'D')	G	G	0.0	major triad	(2, 7, 11)	G	G	1	None
143.5	0.5	96.0	D4	62.0	True	96.0	1.1667	189.0	I	False	('G', 'B', 'D')	G	G	0.0	major triad	(2, 7, 11)	G	G	1	None
143.5	0.5	96.0	G2	43.0	True	96.0	1.1667	189.0	I	False	('G', 'B', 'D')	G	G	0.0	major triad	(2, 7, 11)	G	G	1	None
143.75	0.25	96.0	G5	79.0	True	96.0	1.1667	189.0	I	False	('G', 'B', 'D')	G	G	0.0	major triad	(2, 7, 11)	G	G	1	None
144.0	0.25	97.0	D6	86.0	True	97.0	0.1667	190.0	I	True	('B', 'D', 'G')	B	G	1.0	major triad	(2, 7, 11)	G	G	1	None
144.0	0.5	97.0	B4	71.0	True	97.0	0.1667	190.0	I	True	('B', 'D', 'G')	B	G	1.0	major triad	(2, 7, 11)	G	G	1	None
144.0	1.5	97.0	D5	74.0	True	97.0	0.1667	190.0	I	True	('B', 'D', 'G')	B	G	1.0	major triad	(2, 7, 11)	G	G	1	None
144.1667						97.0	0.1667	191.0	V7	True	('A', 'C', 'D', 'F#')	A	D	2.0	dominant seventh chord	(0, 2, 6, 9)	G	G	5	None
144.25	0.25	97.0	D4	62.0	True	97.0	0.1667	191.0	V7	False	('A', 'C', 'D', 'F#')	A	D	2.0	dominant seventh chord	(0, 2, 6, 9)	G	G	5	None
144.3333						97.0	1.1667	192.0	I	True	('G', 'B', 'D')	G	G	0.0	major triad	(2, 7, 11)	G	G	1	None
144.5	0.25	97.0	C5	72.0	True	97.0	1.1667	192.0	I	False	('G', 'B', 'D')	G	G	0.0	major triad	(2, 7, 11)	G	G	1	None
144.5	0.5	97.0	A4	69.0	True	97.0	1.1667	192.0	I	False	('G', 'B', 'D')	G	G	0.0	major triad	(2, 7, 11)	G	G	1	None
144.75	0.25	97.0	C6	84.0	True	97.0	1.1667	192.0	I	False	('G', 'B', 'D')	G	G	0.0	major triad	(2, 7, 11)	G	G	1	None
145.0	0.25	97.0	B5	83.0	True	97.0	1.1667	192.0	I	False	('G', 'B', 'D')	G	G	0.0	major triad	(2, 7, 11)	G	G	1	None
145.0	0.5	97.0	G4	67.0	True	97.0	1.1667	192.0	I	False	('G', 'B', 'D')	G	G	0.0	major triad	(2, 7, 11)	G	G	1	None
145.25	0.25	97.0	B4	71.0	True	97.0	1.1667	192.0	I	False	('G', 'B', 'D')	G	G	0.0	major triad	(2, 7, 11)	G	G	1	None
145.5	0.25	98.0	A5	81.0	True	98.0	1.5	193.0	V	True	('F#', 'A', 'D')	F#	D	1.0	major triad	(2, 6, 9)	G	G	5	None
145.5	0.5	98.0	D5	74.0	False	98.0	1.5	193.0	V	True	('F#', 'A', 'D')	F#	D	1.0	major triad	(2, 6, 9)	G	G	5	None
145.5	0.5	98.0	F#4	66.0	True	98.0	1.5	193.0	V	True	('F#', 'A', 'D')	F#	D	1.0	major triad	(2, 6, 9)	G	G	5	None
145.75	0.25	98.0	D4	62.0	True	98.0	1.5	193.0	V	False	('F#', 'A', 'D')	F#	D	1.0	major triad	(2, 6, 9)	G	G	5	None
146.0	0.5	98.0	E4	64.0	True	98.0	1.5	193.0	V	False	('F#', 'A', 'D')	F#	D	1.0	major triad	(2, 6, 9)	G	G	5	None
146.0	0.5	98.0	E5	76.0	True	98.0	1.5	193.0	V	False	('F#', 'A', 'D')	F#	D	1.0	major triad	(2, 6, 9)	G	G	5	None
146.0	0.25	98.0	G4	67.0	True	98.0	1.5	193.0	V	False	('F#', 'A', 'D')	F#	D	1.0	major triad	(2, 6, 9)	G	G	5	None
146.25	0.25	98.0	A5	81.0	True	98.0	1.5	193.0	V	False	('F#', 'A', 'D')	F#	D	1.0	major triad	(2, 6, 9)	G	G	5	None
146.5	0.25	98.0	G5	79.0	True	98.0	1.5	193.0	V	False	('F#', 'A', 'D')	F#	D	1.0	major triad	(2, 6, 9)	G	G	5	None
146.5	0.5	98.0	D5	74.0	True	98.0	1.5	193.0	V	False	('F#', 'A', 'D')	F#	D	1.0	major triad	(2, 6, 9)	G	G	5	None
146.5	0.5	98.0	F#4	66.0	True	98.0	1.5	193.0	V	False	('F#', 'A', 'D')	F#	D	1.0	major triad	(2, 6, 9)	G	G	5	None
146.75	0.25	98.0	A5	81.0	True	98.0	1.5	193.0	V	False	('F#', 'A', 'D')	F#	D	1.0	major triad	(2, 6, 9)	G	G	5	None
147.0	0.25	99.0	B5	83.0	True	99.0	0.1667	194.0	I	True	('G', 'B', 'D')	G	G	0.0	major triad	(2, 7, 11)	G	G	1	None
147.0	1.0	99.0	D5	74.0	True	99.0	0.1667	194.0	I	True	('G', 'B', 'D')	G	G	0.0	major triad	(2, 7, 11)	G	G	1	None
147.0	0.5	99.0	G4	67.0	True	99.0	0.1667	194.0	I	True	('G', 'B', 'D')	G	G	0.0	major triad	(2, 7, 11)	G	G	1	None
147.1667						99.0	0.1667	195.0	V	True	('F#', 'A', 'D')	F#	D	1.0	major triad	(2, 6, 9)	G	G	5	None
147.25	0.25	99.0	D4	62.0	True	99.0	0.1667	195.0	V	False	('F#', 'A', 'D')	F#	D	1.0	major triad	(2, 6, 9)	G	G	5	None
147.3333						99.0	1.1667	196.0	V7/V	True	('E', 'G', 'A', 'C#')	E	A	2.0	dominant seventh chord	(1, 4, 7, 9)	G	D	5	5
147.5	0.25	99.0	A4	69.0	True	99.0	1.1667	196.0	V7/V	False	('E', 'G', 'A', 'C#')	E	A	2.0	dominant seventh chord	(1, 4, 7, 9)	G	D	5	5
147.5	0.5	99.0	F#4	66.0	True	99.0	1.1667	196.0	V7/V	False	('E', 'G', 'A', 'C#')	E	A	2.0	dominant seventh chord	(1, 4, 7, 9)	G	D	5	5
147.75	0.25	99.0	A5	81.0	True	99.0	1.1667	196.0	V7/V	False	('E', 'G', 'A', 'C#')	E	A	2.0	dominant seventh chord	(1, 4, 7, 9)	G	D	5	5
148.0	0.25	99.0	C#5	73.0	True	99.0	1.1667	196.0	V7/V	False	('E', 'G', 'A', 'C#')	E	A	2.0	dominant seventh chord	(1, 4, 7, 9)	G	D	5	5
148.0	0.5	99.0	A4	69.0	True	99.0	1.1667	196.0	V7/V	False	('E', 'G', 'A', 'C#')	E	A	2.0	dominant seventh chord	(1, 4, 7, 9)	G	D	5	5
148.0	0.5	99.0	E4	64.0	True	99.0	1.1667	196.0	V7/V	False	('E', 'G', 'A', 'C#')	E	A	2.0	dominant seventh chord	(1, 4, 7, 9)	G	D	5	5
148.25	0.25	99.0	G5	79.0	True	99.0	1.1667	196.0	V7/V	False	('E', 'G', 'A', 'C#')	E	A	2.0	dominant seventh chord	(1, 4, 7, 9)	G	D	5	5
148.5	0.25	100.0	F#5	78.0	True	100.0	0.1667	197.0	V	True	('D', 'F#', 'A')	D	D	0.0	major triad	(2, 6, 9)	G	G	5	None
148.5	0.5	100.0	A4	69.0	False	100.0	0.1667	197.0	V	True	('D', 'F#', 'A')	D	D	0.0	major triad	(2, 6, 9)	G	G	5	None
148.5	1.5	100.0	D4	62.0	True	100.0	0.1667	197.0	V	True	('D', 'F#', 'A')	D	D	0.0	major triad	(2, 6, 9)	G	G	5	None
148.5	0.5	100.0	D4	62.0	True	100.0	0.1667	197.0	V	True	('D', 'F#', 'A')	D	D	0.0	major triad	(2, 6, 9)	G	G	5	None
148.6667						100.0	0.1667	198.0	V7/V	True	('C#', 'E', 'G', 'A')	C#	A	1.0	dominant seventh chord	(1, 4, 7, 9)	G	D	5	5
148.75	0.25	100.0	D4	62.0	True	100.0	0.1667	198.0	V7/V	False	('C#', 'E', 'G', 'A')	C#	A	1.0	dominant seventh chord	(1, 4, 7, 9)	G	D	5	5
148.8333						100.0	1.1667	199.0	V7	True	('C', 'D', 'F#', 'A')	C	D	3.0	dominant seventh chord	(0, 2, 6, 9)	G	G	5	None
149.0	0.25	100.0	E5	76.0	True	100.0	1.1667	199.0	V7	False	('C', 'D', 'F#', 'A')	C	D	3.0	dominant seventh chord	(0, 2, 6, 9)	G	G	5	None
149.0	0.5	100.0	G4	67.0	True	100.0	1.1667	199.0	V7	False	('C', 'D', 'F#', 'A')	C	D	3.0	dominant seventh chord	(0, 2, 6, 9)	G	G	5	None
149.0	0.5	100.0	C#4	61.0	True	100.0	1.1667	199.0	V7	False	('C', 'D', 'F#', 'A')	C	D	3.0	dominant seventh chord	(0, 2, 6, 9)	G	G	5	None
149.25	0.25	100.0	F#5	78.0	True	100.0	1.1667	199.0	V7	False	('C', 'D', 'F#', 'A')	C	D	3.0	dominant seventh chord	(0, 2, 6, 9)	G	G	5	None
149.5	0.5	100.0	C4	60.0	True	100.0	1.1667	199.0	V7	False	('C', 'D', 'F#', 'A')	C	D	3.0	dominant seventh chord	(0, 2, 6, 9)	G	G	5	None
149.5	0.5	100.0	A4	69.0	True	100.0	1.1667	199.0	V7	False	('C', 'D', 'F#', 'A')	C	D	3.0	dominant seventh chord	(0, 2, 6, 9)	G	G	5	None
149.5	0.25	100.0	G5	79.0	True	100.0	1.1667	199.0	V7	False	('C', 'D', 'F#', 'A')	C	D	3.0	dominant seventh chord	(0, 2, 6, 9)	G	G	5	None
149.75	0.25	100.0	F#5	78.0	True	100.0	1.1667	199.0	V7	False	('C', 'D', 'F#', 'A')	C	D	3.0	dominant seventh chord	(0, 2, 6, 9)	G	G	5	None
150.0	0.5	101.0	D5	74.0	True	101.0	0.1667	200.0	I	True	('B', 'D', 'G')	B	G	1.0	major triad	(2, 7, 11)	G	G	1	None
150.0	1.5	101.0	D4	62.0	False	101.0	0.1667	200.0	I	True	('B', 'D', 'G')	B	G	1.0	major triad	(2, 7, 11)	G	G	1	None
150.0	0.5	101.0	B3	59.0	True	101.0	0.1667	200.0	I	True	('B', 'D', 'G')	B	G	1.0	major triad	(2, 7, 11)	G	G	1	None
150.0	0.25	101.0	D6	86.0	True	101.0	0.1667	200.0	I	True	('B', 'D', 'G')	B	G	1.0	major triad	(2, 7, 11)	G	G	1	None
150.1667						101.0	0.1667	201.0	V7	True	('A', 'C', 'D', 'F#')	A	D	2.0	dominant seventh chord	(0, 2, 6, 9)	G	G	5	None
150.25	0.25	101.0	D4	62.0	True	101.0	0.1667	201.0	V7	False	('A', 'C', 'D', 'F#')	A	D	2.0	dominant seventh chord	(0, 2, 6, 9)	G	G	5	None
150.3333						101.0	1.1667	202.0	I	True	('G', 'B', 'D')	G	G	0.0	major triad	(2, 7, 11)	G	G	1	None
150.5	0.25	101.0	D5	74.0	True	101.0	1.1667	202.0	I	False	('G', 'B', 'D')	G	G	0.0	major triad	(2, 7, 11)	G	G	1	None
150.5	0.5	101.0	C5	72.0	True	101.0	1.1667	202.0	I	False	('G', 'B', 'D')	G	G	0.0	major triad	(2, 7, 11)	G	G	1	None
150.5	0.5	101.0	A3	57.0	True	101.0	1.1667	202.0	I	False	('G', 'B', 'D')	G	G	0.0	major triad	(2, 7, 11)	G	G	1	None
150.75	0.25	101.0	C6	84.0	True	101.0	1.1667	202.0	I	False	('G', 'B', 'D')	G	G	0.0	major triad	(2, 7, 11)	G	G	1	None
151.0	0.25	101.0	D5	74.0	True	101.0	1.1667	202.0	I	False	('G', 'B', 'D')	G	G	0.0	major triad	(2, 7, 11)	G	G	1	None
151.0	0.5	101.0	B4	71.0	True	101.0	1.1667	202.0	I	False	('G', 'B', 'D')	G	G	0.0	major triad	(2, 7, 11)	G	G	1	None
151.0	0.5	101.0	G3	55.0	True	101.0	1.1667	202.0	I	False	('G', 'B', 'D')	G	G	0.0	major triad	(2, 7, 11)	G	G	1	None
151.25	0.25	101.0	B5	83.0	True	101.0	1.1667	202.0	I	False	('G', 'B', 'D')	G	G	0.0	major triad	(2, 7, 11)	G	G	1	None
151.5	0.5	102.0	F#3	54.0	True	102.0	1.5	203.0	V	True	('F#', 'A', 'D')	F#	D	1.0	major triad	(2, 6, 9)	G	G	5	None
151.5	0.25	102.0	A5	81.0	True	102.0	1.5	203.0	V	True	('F#', 'A', 'D')	F#	D	1.0	major triad	(2, 6, 9)	G	G	5	None
151.5	0.5	102.0	A4	69.0	True	102.0	1.5	203.0	V	True	('F#', 'A', 'D')	F#	D	1.0	major triad	(2, 6, 9)	G	G	5	None
151.5	1.5	102.0	D4	62.0	False	102.0	1.5	203.0	V	True	('F#', 'A', 'D')	F#	D	1.0	major triad	(2, 6, 9)	G	G	5	None
151.75	0.25	102.0	D4	62.0	True	102.0	1.5	203.0	V	False	('F#', 'A', 'D')	F#	D	1.0	major triad	(2, 6, 9)	G	G	5	None
152.0	0.5	102.0	G4	67.0	True	102.0	1.5	203.0	V	False	('F#', 'A', 'D')	F#	D	1.0	major triad	(2, 6, 9)	G	G	5	None
152.0	0.5	102.0	E3	52.0	True	102.0	1.5	203.0	V	False	('F#', 'A', 'D')	F#	D	1.0	major triad	(2, 6, 9)	G	G	5	None
152.0	0.25	102.0	D5	74.0	True	102.0	1.5	203.0	V	False	('F#', 'A', 'D')	F#	D	1.0	major triad	(2, 6, 9)	G	G	5	None
152.25	0.25	102.0	A5	81.0	True	102.0	1.5	203.0	V	False	('F#', 'A', 'D')	F#	D	1.0	major triad	(2, 6, 9)	G	G	5	None
152.5	0.5	102.0	F#3	54.0	True	102.0	1.5	203.0	V	False	('F#', 'A', 'D')	F#	D	1.0	major triad	(2, 6, 9)	G	G	5	None
152.5	0.25	102.0	B5	83.0	True	102.0	1.5	203.0	V	False	('F#', 'A', 'D')	F#	D	1.0	major triad	(2, 6, 9)	G	G	5	None
152.5	0.5	102.0	A4	69.0	True	102.0	1.5	203.0	V	False	('F#', 'A', 'D')	F#	D	1.0	major triad	(2, 6, 9)	G	G	5	None
152.75	0.25	102.0	A5	81.0	True	102.0	1.5	203.0	V	False	('F#', 'A', 'D')	F#	D	1.0	major triad	(2, 6, 9)	G	G	5	None
153.0	0.25	103.0	B5	83.0	True	103.0	0.1667	204.0	I	True	('G', 'B', 'D')	G	G	0.0	major triad	(2, 7, 11)	G	G	1	None
153.0	0.5	103.0	B4	71.0	True	103.0	0.1667	204.0	I	True	('G', 'B', 'D')	G	G	0.0	major triad	(2, 7, 11)	G	G	1	None
153.0	1.5	103.0	D4	62.0	False	103.0	0.1667	204.0	I	True	('G', 'B', 'D')	G	G	0.0	major triad	(2, 7, 11)	G	G	1	None
153.0	0.5	103.0	G3	55.0	True	103.0	0.1667	204.0	I	True	('G', 'B', 'D')	G	G	0.0	major triad	(2, 7, 11)	G	G	1	None
153.1667						103.0	0.1667	205.0	V	True	('F#', 'A', 'D')	F#	D	1.0	major triad	(2, 6, 9)	G	G	5	None
153.25	0.25	103.0	D4	62.0	True	103.0	0.1667	205.0	V	False	('F#', 'A', 'D')	F#	D	1.0	major triad	(2, 6, 9)	G	G	5	None
153.3333						103.0	1.1667	206.0	viio/V	True	('E', 'G', 'C#')	E	C#	1.0	diminished triad	(1, 4, 7)	G	D	7	5
153.5	0.5	103.0	A4	69.0	True	103.0	1.1667	206.0	viio/V	False	('E', 'G', 'C#')	E	C#	1.0	diminished triad	(1, 4, 7)	G	D	7	5
153.5	0.5	103.0	F#3	54.0	True	103.0	1.1667	206.0	viio/V	False	('E', 'G', 'C#')	E	C#	1.0	diminished triad	(1, 4, 7)	G	D	7	5
153.5	0.25	103.0	D5	74.0	True	103.0	1.1667	206.0	viio/V	False	('E', 'G', 'C#')	E	C#	1.0	diminished triad	(1, 4, 7)	G	D	7	5
153.75	0.25	103.0	A5	81.0	True	103.0	1.1667	206.0	viio/V	False	('E', 'G', 'C#')	E	C#	1.0	diminished triad	(1, 4, 7)	G	D	7	5
154.0	0.25	103.0	D5	74.0	True	103.0	1.1667	206.0	viio/V	False	('E', 'G', 'C#')	E	C#	1.0	diminished triad	(1, 4, 7)	G	D	7	5
154.0	0.5	103.0	G4	67.0	True	103.0	1.1667	206.0	viio/V	False	('E', 'G', 'C#')	E	C#	1.0	diminished triad	(1, 4, 7)	G	D	7	5
154.0	0.5	103.0	E3	52.0	True	103.0	1.1667	206.0	viio/V	False	('E', 'G', 'C#')	E	C#	1.0	diminished triad	(1, 4, 7)	G	D	7	5
154.25	0.25	103.0	C#6	85.0	True	103.0	1.1667	206.0	viio/V	False	('E', 'G', 'C#')	E	C#	1.0	diminished triad	(1, 4, 7)	G	D	7	5
154.5	0.5	104.0	D4	62.0	False	104.0	0.1667	207.0	V	True	('D', 'F#', 'A')	D	D	0.0	major triad	(2, 6, 9)	G	G	5	None
154.5	0.5	104.0	D3	50.0	True	104.0	0.1667	207.0	V	True	('D', 'F#', 'A')	D	D	0.0	major triad	(2, 6, 9)	G	G	5	None
154.5	0.25	104.0	D6	86.0	True	104.0	0.1667	207.0	V	True	('D', 'F#', 'A')	D	D	0.0	major triad	(2, 6, 9)	G	G	5	None
154.5	0.5	104.0	F#4	66.0	True	104.0	0.1667	207.0	V	True	('D', 'F#', 'A')	D	D	0.0	major triad	(2, 6, 9)	G	G	5	None
154.6667						104.0	0.1667	208.0	V7/V	True	('C#', 'E', 'G', 'A')	C#	A	1.0	dominant seventh chord	(1, 4, 7, 9)	G	D	5	5
154.75	0.25	104.0	D5	74.0	True	104.0	0.1667	208.0	V7/V	False	('C#', 'E', 'G', 'A')	C#	A	1.0	dominant seventh chord	(1, 4, 7, 9)	G	D	5	5
154.8333						104.0	1.1667	209.0	V7	True	('C', 'D', 'F#', 'A')	C	D	3.0	dominant seventh chord	(0, 2, 6, 9)	G	G	5	None
155.0	0.5	104.0	A4	69.0	True	104.0	1.1667	209.0	V7	False	('C', 'D', 'F#', 'A')	C	D	3.0	dominant seventh chord	(0, 2, 6, 9)	G	G	5	None
155.0	0.5	104.0	G3	55.0	True	104.0	1.1667	209.0	V7	False	('C', 'D', 'F#', 'A')	C	D	3.0	dominant seventh chord	(0, 2, 6, 9)	G	G	5	None
155.0	0.5	104.0	C#3	49.0	True	104.0	1.1667	209.0	V7	False	('C', 'D', 'F#', 'A')	C	D	3.0	dominant seventh chord	(0, 2, 6, 9)	G	G	5	None
155.0	0.25	104.0	E6	88.0	True	104.0	1.1667	209.0	V7	False	('C', 'D', 'F#', 'A')	C	D	3.0	dominant seventh chord	(0, 2, 6, 9)	G	G	5	None
155.25	0.25	104.0	E5	76.0	True	104.0	1.1667	209.0	V7	False	('C', 'D', 'F#', 'A')	C	D	3.0	dominant seventh chord	(0, 2, 6, 9)	G	G	5	None
155.5	0.5	104.0	C3	48.0	True	104.0	1.1667	209.0	V7	False	('C', 'D', 'F#', 'A')	C	D	3.0	dominant seventh chord	(0, 2, 6, 9)	G	G	5	None
155.5	0.25	104.0	F#6	90.0	True	104.0	1.1667	209.0	V7	False	('C', 'D', 'F#', 'A')	C	D	3.0	dominant seventh chord	(0, 2, 6, 9)	G	G	5	None
155.5	0.5	104.0	D5	74.0	True	104.0	1.1667	209.0	V7	False	('C', 'D', 'F#', 'A')	C	D	3.0	dominant seventh chord	(0, 2, 6, 9)	G	G	5	None
155.5	0.5	104.0	A3	57.0	True	104.0	1.1667	209.0	V7	False	('C', 'D', 'F#', 'A')	C	D	3.0	dominant seventh chord	(0, 2, 6, 9)	G	G	5	None
155.75	0.25	104.0	F#5	78.0	True	104.0	1.1667	209.0	V7	False	('C', 'D', 'F#', 'A')	C	D	3.0	dominant seventh chord	(0, 2, 6, 9)	G	G	5	None
156.0	0.25	105.0	G6	91.0	True	105.0	0.1667	210.0	I	True	('B', 'D', 'G')	B	G	1.0	major triad	(2, 7, 11)	G	G	1	None
156.0	0.5	105.0	D5	74.0	True	105.0	0.1667	210.0	I	True	('B', 'D', 'G')	B	G	1.0	major triad	(2, 7, 11)	G	G	1	None
156.0	0.5	105.0	D3	50.0	True	105.0	0.1667	210.0	I	True	('B', 'D', 'G')	B	G	1.0	major triad	(2, 7, 11)	G	G	1	None
156.0	0.5	105.0	B2	47.0	True	105.0	0.1667	210.0	I	True	('B', 'D', 'G')	B	G	1.0	major triad	(2, 7, 11)	G	G	1	None
156.1667						105.0	1.3333	211.0	I	True	('G', 'B', 'D')	G	G	0.0	major triad	(2, 7, 11)	G	G	1	None
156.25	0.25	105.0	G3	55.0	True	105.0	1.3333	211.0	I	False	('G', 'B', 'D')	G	G	0.0	major triad	(2, 7, 11)	G	G	1	None
156.5	0.25	105.0	B5	83.0	True	105.0	1.3333	211.0	I	False	('G', 'B', 'D')	G	G	0.0	major triad	(2, 7, 11)	G	G	1	None
156.5	0.5	105.0	G2	43.0	True	105.0	1.3333	211.0	I	False	('G', 'B', 'D')	G	G	0.0	major triad	(2, 7, 11)	G	G	1	None
156.75	0.25	105.0	D6	86.0	True	105.0	1.3333	211.0	I	False	('G', 'B', 'D')	G	G	0.0	major triad	(2, 7, 11)	G	G	1	None
157.0	0.5	105.0	G3	55.0	True	105.0	1.3333	211.0	I	False	('G', 'B', 'D')	G	G	0.0	major triad	(2, 7, 11)	G	G	1	None
157.0	0.25	105.0	C6	84.0	True	105.0	1.3333	211.0	I	False	('G', 'B', 'D')	G	G	0.0	major triad	(2, 7, 11)	G	G	1	None
157.0	0.5	105.0	B4	71.0	True	105.0	1.3333	211.0	I	False	('G', 'B', 'D')	G	G	0.0	major triad	(2, 7, 11)	G	G	1	None
157.25	0.25	105.0	B5	83.0	True	105.0	1.3333	211.0	I	False	('G', 'B', 'D')	G	G	0.0	major triad	(2, 7, 11)	G	G	1	None
157.5	0.25	106.0	A5	81.0	True	106.0	1.5	212.0	vi	True	('E', 'G', 'B')	E	E	0.0	minor triad	(4, 7, 11)	G	G	6	None
157.5	0.5	106.0	E2	40.0	True	106.0	1.5	212.0	vi	True	('E', 'G', 'B')	E	E	0.0	minor triad	(4, 7, 11)	G	G	6	None
157.75	0.25	106.0	G5	79.0	True	106.0	1.5	212.0	vi	False	('E', 'G', 'B')	E	E	0.0	minor triad	(4, 7, 11)	G	G	6	None
158.0	0.5	106.0	G3	55.0	True	106.0	1.5	212.0	vi	False	('E', 'G', 'B')	E	E	0.0	minor triad	(4, 7, 11)	G	G	6	None
158.0	0.25	106.0	F#5	78.0	True	106.0	1.5	212.0	vi	False	('E', 'G', 'B')	E	E	0.0	minor triad	(4, 7, 11)	G	G	6	None
158.0	0.5	106.0	B4	71.0	True	106.0	1.5	212.0	vi	False	('E', 'G', 'B')	E	E	0.0	minor triad	(4, 7, 11)	G	G	6	None
158.25	0.25	106.0	G5	79.0	True	106.0	1.5	212.0	vi	False	('E', 'G', 'B')	E	E	0.0	minor triad	(4, 7, 11)	G	G	6	None
158.5	0.5	106.0	E2	40.0	True	106.0	1.5	212.0	vi	False	('E', 'G', 'B')	E	E	0.0	minor triad	(4, 7, 11)	G	G	6	None
158.5	0.25	106.0	A5	81.0	True	106.0	1.5	212.0	vi	False	('E', 'G', 'B')	E	E	0.0	minor triad	(4, 7, 11)	G	G	6	None
158.75	0.25	106.0	G5	79.0	True	106.0	1.5	212.0	vi	False	('E', 'G', 'B')	E	E	0.0	minor triad	(4, 7, 11)	G	G	6	None
159.0	0.5	107.0	C4	60.0	True	107.0	1.5	213.0	ii	True	('C', 'E', 'A')	C	A	1.0	minor triad	(0, 4, 9)	G	G	2	None
159.0	0.25	107.0	B5	83.0	True	107.0	1.5	213.0	ii	True	('C', 'E', 'A')	C	A	1.0	minor triad	(0, 4, 9)	G	G	2	None
159.0	0.5	107.0	E4	64.0	True	107.0	1.5	213.0	ii	True	('C', 'E', 'A')	C	A	1.0	minor triad	(0, 4, 9)	G	G	2	None
159.0	0.5	107.0	A4	69.0	True	107.0	1.5	213.0	ii	True	('C', 'E', 'A')	C	A	1.0	minor triad	(0, 4, 9)	G	G	2	None
159.25	0.25	107.0	G#5	80.0	True	107.0	1.5	213.0	ii	False	('C', 'E', 'A')	C	A	1.0	minor triad	(0, 4, 9)	G	G	2	None
159.5	0.5	107.0	C2	36.0	True	107.0	1.5	213.0	ii	False	('C', 'E', 'A')	C	A	1.0	minor triad	(0, 4, 9)	G	G	2	None
159.5	0.25	107.0	A5	81.0	True	107.0	1.5	213.0	ii	False	('C', 'E', 'A')	C	A	1.0	minor triad	(0, 4, 9)	G	G	2	None
159.75	0.25	107.0	B5	83.0	True	107.0	1.5	213.0	ii	False	('C', 'E', 'A')	C	A	1.0	minor triad	(0, 4, 9)	G	G	2	None
160.0	0.25	107.0	C6	84.0	True	107.0	1.5	213.0	ii	False	('C', 'E', 'A')	C	A	1.0	minor triad	(0, 4, 9)	G	G	2	None
160.0	0.5	107.0	C4	60.0	True	107.0	1.5	213.0	ii	False	('C', 'E', 'A')	C	A	1.0	minor triad	(0, 4, 9)	G	G	2	None
160.0	0.5	107.0	E5	76.0	True	107.0	1.5	213.0	ii	False	('C', 'E', 'A')	C	A	1.0	minor triad	(0, 4, 9)	G	G	2	None
160.25	0.25	107.0	E6	88.0	True	107.0	1.5	213.0	ii	False	('C', 'E', 'A')	C	A	1.0	minor triad	(0, 4, 9)	G	G	2	None
160.5	0.25	108.0	G5	79.0	True	108.0	0.3333	214.0	V	True	('D', 'F#', 'A')	D	D	0.0	major triad	(2, 6, 9)	G	G	5	None
160.5	0.5	108.0	D2	38.0	True	108.0	0.3333	214.0	V	True	('D', 'F#', 'A')	D	D	0.0	major triad	(2, 6, 9)	G	G	5	None
160.75	0.25	108.0	E5	76.0	True	108.0	0.3333	214.0	V	False	('D', 'F#', 'A')	D	D	0.0	major triad	(2, 6, 9)	G	G	5	None
160.8333						108.0	1.1667	215.0	V7	True	('C', 'D', 'F#', 'A')	C	D	3.0	dominant seventh chord	(0, 2, 6, 9)	G	G	5	None
161.0	0.25	108.0	G5	79.0	True	108.0	1.1667	215.0	V7	False	('C', 'D', 'F#', 'A')	C	D	3.0	dominant seventh chord	(0, 2, 6, 9)	G	G	5	None
161.0	0.5	108.0	F#4	66.0	True	108.0	1.1667	215.0	V7	False	('C', 'D', 'F#', 'A')	C	D	3.0	dominant seventh chord	(0, 2, 6, 9)	G	G	5	None
161.0	0.5	108.0	A3	57.0	True	108.0	1.1667	215.0	V7	False	('C', 'D', 'F#', 'A')	C	D	3.0	dominant seventh chord	(0, 2, 6, 9)	G	G	5	None
161.25	0.25	108.0	F#5	78.0	True	108.0	1.1667	215.0	V7	False	('C', 'D', 'F#', 'A')	C	D	3.0	dominant seventh chord	(0, 2, 6, 9)	G	G	5	None
161.5	0.25	108.0	E5	76.0	True	108.0	1.1667	215.0	V7	False	('C', 'D', 'F#', 'A')	C	D	3.0	dominant seventh chord	(0, 2, 6, 9)	G	G	5	None
161.5	0.5	108.0	C3	48.0	True	108.0	1.1667	215.0	V7	False	('C', 'D', 'F#', 'A')	C	D	3.0	dominant seventh chord	(0, 2, 6, 9)	G	G	5	None
161.75	0.25	108.0	F#5	78.0	True	108.0	1.1667	215.0	V7	False	('C', 'D', 'F#', 'A')	C	D	3.0	dominant seventh chord	(0, 2, 6, 9)	G	G	5	None
162.0	0.25	109.0	D6	86.0	True	109.0	0.3333	216.0	I	True	('B', 'D', 'G')	B	G	1.0	major triad	(2, 7, 11)	G	G	1	None
162.0	0.5	109.0	B2	47.0	True	109.0	0.3333	216.0	I	True	('B', 'D', 'G')	B	G	1.0	major triad	(2, 7, 11)	G	G	1	None
162.25	0.25	109.0	D5	74.0	True	109.0	0.3333	216.0	I	False	('B', 'D', 'G')	B	G	1.0	major triad	(2, 7, 11)	G	G	1	None
162.3333						109.0	1.1667	217.0	I	True	('G', 'B', 'D')	G	G	0.0	major triad	(2, 7, 11)	G	G	1	None
162.5	0.5	109.0	G3	55.0	True	109.0	1.1667	217.0	I	False	('G', 'B', 'D')	G	G	0.0	major triad	(2, 7, 11)	G	G	1	None
162.5	0.25	109.0	B5	83.0	True	109.0	1.1667	217.0	I	False	('G', 'B', 'D')	G	G	0.0	major triad	(2, 7, 11)	G	G	1	None
162.5	0.5	109.0	G4	67.0	True	109.0	1.1667	217.0	I	False	('G', 'B', 'D')	G	G	0.0	major triad	(2, 7, 11)	G	G	1	None
162.75	0.25	109.0	B4	71.0	True	109.0	1.1667	217.0	I	False	('G', 'B', 'D')	G	G	0.0	major triad	(2, 7, 11)	G	G	1	None
163.0	0.25	109.0	D6	86.0	True	109.0	1.1667	217.0	I	False	('G', 'B', 'D')	G	G	0.0	major triad	(2, 7, 11)	G	G	1	None
163.0	0.5	109.0	G2	43.0	True	109.0	1.1667	217.0	I	False	('G', 'B', 'D')	G	G	0.0	major triad	(2, 7, 11)	G	G	1	None
163.25	0.25	109.0	B5	83.0	True	109.0	1.1667	217.0	I	False	('G', 'B', 'D')	G	G	0.0	major triad	(2, 7, 11)	G	G	1	None
163.5	0.25	110.0	F#5	78.0	True	110.0	1.5	218.0	vi	True	('E', 'G', 'B')	E	E	0.0	minor triad	(4, 7, 11)	G	G	6	None
163.5	0.5	110.0	E3	52.0	True	110.0	1.5	218.0	vi	True	('E', 'G', 'B')	E	E	0.0	minor triad	(4, 7, 11)	G	G	6	None
163.75	0.25	110.0	G5	79.0	True	110.0	1.5	218.0	vi	False	('E', 'G', 'B')	E	E	0.0	minor triad	(4, 7, 11)	G	G	6	None
164.0	0.5	110.0	G3	55.0	True	110.0	1.5	218.0	vi	False	('E', 'G', 'B')	E	E	0.0	minor triad	(4, 7, 11)	G	G	6	None
164.0	0.25	110.0	G4	67.0	True	110.0	1.5	218.0	vi	False	('E', 'G', 'B')	E	E	0.0	minor triad	(4, 7, 11)	G	G	6	None
164.0	0.5	110.0	B4	71.0	True	110.0	1.5	218.0	vi	False	('E', 'G', 'B')	E	E	0.0	minor triad	(4, 7, 11)	G	G	6	None
164.0	0.5	110.0	E3	52.0	True	110.0	1.5	218.0	vi	False	('E', 'G', 'B')	E	E	0.0	minor triad	(4, 7, 11)	G	G	6	None
164.25	0.25	110.0	G5	79.0	True	110.0	1.5	218.0	vi	False	('E', 'G', 'B')	E	E	0.0	minor triad	(4, 7, 11)	G	G	6	None
164.5	0.25	110.0	A5	81.0	True	110.0	1.5	218.0	vi	False	('E', 'G', 'B')	E	E	0.0	minor triad	(4, 7, 11)	G	G	6	None
164.5	0.5	110.0	E3	52.0	True	110.0	1.5	218.0	vi	False	('E', 'G', 'B')	E	E	0.0	minor triad	(4, 7, 11)	G	G	6	None
164.75	0.25	110.0	G5	79.0	True	110.0	1.5	218.0	vi	False	('E', 'G', 'B')	E	E	0.0	minor triad	(4, 7, 11)	G	G	6	None
165.0	0.25	111.0	G#5	80.0	True	111.0	0.3333	219.0	ii	True	('C', 'E', 'A')	C	A	1.0	minor triad	(0, 4, 9)	G	G	2	None
165.0	0.5	111.0	C5	72.0	True	111.0	0.3333	219.0	ii	True	('C', 'E', 'A')	C	A	1.0	minor triad	(0, 4, 9)	G	G	2	None
165.0	0.5	111.0	E3	52.0	True	111.0	0.3333	219.0	ii	True	('C', 'E', 'A')	C	A	1.0	minor triad	(0, 4, 9)	G	G	2	None
165.25	0.25	111.0	A5	81.0	True	111.0	0.3333	219.0	ii	False	('C', 'E', 'A')	C	A	1.0	minor triad	(0, 4, 9)	G	G	2	None
165.3333						111.0	1.1667	220.0	V7	True	('D', 'F#', 'A', 'C')	D	D	0.0	dominant seventh chord	(0, 2, 6, 9)	G	G	5	None
165.5	0.25	111.0	B5	83.0	True	111.0	1.1667	220.0	V7	False	('D', 'F#', 'A', 'C')	D	D	0.0	dominant seventh chord	(0, 2, 6, 9)	G	G	5	None
165.5	0.5	111.0	C2	36.0	True	111.0	1.1667	220.0	V7	False	('D', 'F#', 'A', 'C')	D	D	0.0	dominant seventh chord	(0, 2, 6, 9)	G	G	5	None
165.75	0.25	111.0	C6	84.0	True	111.0	1.1667	220.0	V7	False	('D', 'F#', 'A', 'C')	D	D	0.0	dominant seventh chord	(0, 2, 6, 9)	G	G	5	None
166.0	0.5	111.0	A4	69.0	True	111.0	1.1667	220.0	V7	False	('D', 'F#', 'A', 'C')	D	D	0.0	dominant seventh chord	(0, 2, 6, 9)	G	G	5	None
166.0	0.5	111.0	C4	60.0	True	111.0	1.1667	220.0	V7	False	('D', 'F#', 'A', 'C')	D	D	0.0	dominant seventh chord	(0, 2, 6, 9)	G	G	5	None
166.0	0.25	111.0	E5	76.0	True	111.0	1.1667	220.0	V7	False	('D', 'F#', 'A', 'C')	D	D	0.0	dominant seventh chord	(0, 2, 6, 9)	G	G	5	None
166.0	0.5	111.0	D2	38.0	True	111.0	1.1667	220.0	V7	False	('D', 'F#', 'A', 'C')	D	D	0.0	dominant seventh chord	(0, 2, 6, 9)	G	G	5	None
166.25	0.25	111.0	F#5	78.0	True	111.0	1.1667	220.0	V7	False	('D', 'F#', 'A', 'C')	D	D	0.0	dominant seventh chord	(0, 2, 6, 9)	G	G	5	None
166.5	0.25	112.0	F#5	78.0	True	112.0	0.1667	221.0	I	True	('B', 'D', 'G')	B	G	1.0	major triad	(2, 7, 11)	G	G	1	None
166.5	0.5	112.0	G4	67.0	True	112.0	0.1667	221.0	I	True	('B', 'D', 'G')	B	G	1.0	major triad	(2, 7, 11)	G	G	1	None
166.5	0.5	112.0	B3	59.0	True	112.0	0.1667	221.0	I	True	('B', 'D', 'G')	B	G	1.0	major triad	(2, 7, 11)	G	G	1	None
166.6667						112.0	1.3333	222.0	I	True	('G', 'B', 'D')	G	G	0.0	major triad	(2, 7, 11)	G	G	1	None
166.75	0.25	112.0	G5	79.0	True	112.0	1.3333	222.0	I	False	('G', 'B', 'D')	G	G	0.0	major triad	(2, 7, 11)	G	G	1	None
167.0	0.25	112.0	B4	71.0	True	112.0	1.3333	222.0	I	False	('G', 'B', 'D')	G	G	0.0	major triad	(2, 7, 11)	G	G	1	None
167.0	0.5	112.0	G2	43.0	True	112.0	1.3333	222.0	I	False	('G', 'B', 'D')	G	G	0.0	major triad	(2, 7, 11)	G	G	1	None
167.25	0.25	112.0	G5	79.0	True	112.0	1.3333	222.0	I	False	('G', 'B', 'D')	G	G	0.0	major triad	(2, 7, 11)	G	G	1	None
167.5	0.5	112.0	D4	62.0	True	112.0	1.3333	222.0	I	False	('G', 'B', 'D')	G	G	0.0	major triad	(2, 7, 11)	G	G	1	None
167.5	0.5	112.0	B4	71.0	True	112.0	1.3333	222.0	I	False	('G', 'B', 'D')	G	G	0.0	major triad	(2, 7, 11)	G	G	1	None
167.5	0.5	112.0	G4	67.0	True	112.0	1.3333	222.0	I	False	('G', 'B', 'D')	G	G	0.0	major triad	(2, 7, 11)	G	G	1	None
167.5	0.25	112.0	B4	71.0	True	112.0	1.3333	222.0	I	False	('G', 'B', 'D')	G	G	0.0	major triad	(2, 7, 11)	G	G	1	None
167.75	0.25	112.0	B5	83.0	True	112.0	1.3333	222.0	I	False	('G', 'B', 'D')	G	G	0.0	major triad	(2, 7, 11)	G	G	1	None
168.0	1.5	113.0	D4	62.0	True	113.0	0.1667	223.0	I	True	('G', 'B', 'D')	G	G	0.0	major triad	(2, 7, 11)	G	G	1	None
168.0	0.5	113.0	D5	74.0	True	113.0	0.1667	223.0	I	True	('G', 'B', 'D')	G	G	0.0	major triad	(2, 7, 11)	G	G	1	None
168.0	0.5	113.0	B4	71.0	False	113.0	0.1667	223.0	I	True	('G', 'B', 'D')	G	G	0.0	major triad	(2, 7, 11)	G	G	1	None
168.0	0.25	113.0	D6	86.0	True	113.0	0.1667	223.0	I	True	('G', 'B', 'D')	G	G	0.0	major triad	(2, 7, 11)	G	G	1	None
168.1667						113.0	0.1667	224.0	V7	True	('A', 'C', 'D', 'F#')	A	D	2.0	dominant seventh chord	(0, 2, 6, 9)	G	G	5	None
168.25	0.25	113.0	G4	67.0	True	113.0	0.1667	224.0	V7	False	('A', 'C', 'D', 'F#')	A	D	2.0	dominant seventh chord	(0, 2, 6, 9)	G	G	5	None
168.3333						113.0	1.1667	225.0	I	True	('G', 'B', 'D')	G	G	0.0	major triad	(2, 7, 11)	G	G	1	None
168.5	0.25	113.0	D5	74.0	True	113.0	1.1667	225.0	I	False	('G', 'B', 'D')	G	G	0.0	major triad	(2, 7, 11)	G	G	1	None
168.5	0.5	113.0	F#5	78.0	True	113.0	1.1667	225.0	I	False	('G', 'B', 'D')	G	G	0.0	major triad	(2, 7, 11)	G	G	1	None
168.5	0.5	113.0	A4	69.0	True	113.0	1.1667	225.0	I	False	('G', 'B', 'D')	G	G	0.0	major triad	(2, 7, 11)	G	G	1	None
168.75	0.25	113.0	C6	84.0	True	113.0	1.1667	225.0	I	False	('G', 'B', 'D')	G	G	0.0	major triad	(2, 7, 11)	G	G	1	None
169.0	0.25	113.0	B5	83.0	True	113.0	1.1667	225.0	I	False	('G', 'B', 'D')	G	G	0.0	major triad	(2, 7, 11)	G	G	1	None
169.0	0.5	113.0	G4	67.0	True	113.0	1.1667	225.0	I	False	('G', 'B', 'D')	G	G	0.0	major triad	(2, 7, 11)	G	G	1	None
169.0	0.5	113.0	G5	79.0	True	113.0	1.1667	225.0	I	False	('G', 'B', 'D')	G	G	0.0	major triad	(2, 7, 11)	G	G	1	None
169.25	0.25	113.0	D5	74.0	True	113.0	1.1667	225.0	I	False	('G', 'B', 'D')	G	G	0.0	major triad	(2, 7, 11)	G	G	1	None
169.5	0.25	114.0	A5	81.0	True	114.0	1.5	226.0	V	True	('D', 'F#', 'A')	D	D	0.0	major triad	(2, 6, 9)	G	G	5	None
169.5	0.5	114.0	A5	81.0	True	114.0	1.5	226.0	V	True	('D', 'F#', 'A')	D	D	0.0	major triad	(2, 6, 9)	G	G	5	None
169.5	0.5	114.0	F#4	66.0	True	114.0	1.5	226.0	V	True	('D', 'F#', 'A')	D	D	0.0	major triad	(2, 6, 9)	G	G	5	None
169.5	1.5	114.0	D4	62.0	False	114.0	1.5	226.0	V	True	('D', 'F#', 'A')	D	D	0.0	major triad	(2, 6, 9)	G	G	5	None
169.75	0.25	114.0	D4	62.0	True	114.0	1.5	226.0	V	False	('D', 'F#', 'A')	D	D	0.0	major triad	(2, 6, 9)	G	G	5	None
170.0	0.25	114.0	D5	74.0	True	114.0	1.5	226.0	V	False	('D', 'F#', 'A')	D	D	0.0	major triad	(2, 6, 9)	G	G	5	None
170.0	0.5	114.0	G4	67.0	True	114.0	1.5	226.0	V	False	('D', 'F#', 'A')	D	D	0.0	major triad	(2, 6, 9)	G	G	5	None
170.0	0.5	114.0	E4	64.0	True	114.0	1.5	226.0	V	False	('D', 'F#', 'A')	D	D	0.0	major triad	(2, 6, 9)	G	G	5	None
170.25	0.25	114.0	A5	81.0	True	114.0	1.5	226.0	V	False	('D', 'F#', 'A')	D	D	0.0	major triad	(2, 6, 9)	G	G	5	None
170.5	0.5	114.0	A4	69.0	True	114.0	1.5	226.0	V	False	('D', 'F#', 'A')	D	D	0.0	major triad	(2, 6, 9)	G	G	5	None
170.5	0.5	114.0	F#4	66.0	True	114.0	1.5	226.0	V	False	('D', 'F#', 'A')	D	D	0.0	major triad	(2, 6, 9)	G	G	5	None
170.5	0.25	114.0	B5	83.0	True	114.0	1.5	226.0	V	False	('D', 'F#', 'A')	D	D	0.0	major triad	(2, 6, 9)	G	G	5	None
170.75	0.25	114.0	A5	81.0	True	114.0	1.5	226.0	V	False	('D', 'F#', 'A')	D	D	0.0	major triad	(2, 6, 9)	G	G	5	None
171.0	1.5	115.0	D4	62.0	False	115.0	0.1667	227.0	I	True	('G', 'B', 'D')	G	G	0.0	major triad	(2, 7, 11)	G	G	1	None
171.0	0.25	115.0	B5	83.0	True	115.0	0.1667	227.0	I	True	('G', 'B', 'D')	G	G	0.0	major triad	(2, 7, 11)	G	G	1	None
171.0	1.0	115.0	D5	74.0	True	115.0	0.1667	227.0	I	True	('G', 'B', 'D')	G	G	0.0	major triad	(2, 7, 11)	G	G	1	None
171.0	0.5	115.0	G4	67.0	True	115.0	0.1667	227.0	I	True	('G', 'B', 'D')	G	G	0.0	major triad	(2, 7, 11)	G	G	1	None
171.1667						115.0	0.1667	228.0	V	True	('D', 'F#', 'A')	D	D	0.0	major triad	(2, 6, 9)	G	G	5	None
171.25	0.25	115.0	D4	62.0	True	115.0	0.1667	228.0	V	False	('D', 'F#', 'A')	D	D	0.0	major triad	(2, 6, 9)	G	G	5	None
171.3333						115.0	1.1667	229.0	viio/V	True	('E', 'G', 'C#')	E	C#	1.0	diminished triad	(1, 4, 7)	G	D	7	5
171.5	0.25	115.0	D5	74.0	True	115.0	1.1667	229.0	viio/V	False	('E', 'G', 'C#')	E	C#	1.0	diminished triad	(1, 4, 7)	G	D	7	5
171.5	0.5	115.0	F#4	66.0	True	115.0	1.1667	229.0	viio/V	False	('E', 'G', 'C#')	E	C#	1.0	diminished triad	(1, 4, 7)	G	D	7	5
171.75	0.25	115.0	A5	81.0	True	115.0	1.1667	229.0	viio/V	False	('E', 'G', 'C#')	E	C#	1.0	diminished triad	(1, 4, 7)	G	D	7	5
172.0	0.5	115.0	E4	64.0	True	115.0	1.1667	229.0	viio/V	False	('E', 'G', 'C#')	E	C#	1.0	diminished triad	(1, 4, 7)	G	D	7	5
172.0	0.25	115.0	D5	74.0	True	115.0	1.1667	229.0	viio/V	False	('E', 'G', 'C#')	E	C#	1.0	diminished triad	(1, 4, 7)	G	D	7	5
172.0	0.5	115.0	C#5	73.0	True	115.0	1.1667	229.0	viio/V	False	('E', 'G', 'C#')	E	C#	1.0	diminished triad	(1, 4, 7)	G	D	7	5
172.25	0.25	115.0	G5	79.0	True	115.0	1.1667	229.0	viio/V	False	('E', 'G', 'C#')	E	C#	1.0	diminished triad	(1, 4, 7)	G	D	7	5
172.5	1.5	116.0	D4	62.0	True	116.0	0.1667	230.0	V	True	('D', 'F#', 'A')	D	D	0.0	major triad	(2, 6, 9)	G	G	5	None
172.5	0.5	116.0	D4	62.0	False	116.0	0.1667	230.0	V	True	('D', 'F#', 'A')	D	D	0.0	major triad	(2, 6, 9)	G	G	5	None
172.5	0.5	116.0	D5	74.0	True	116.0	0.1667	230.0	V	True	('D', 'F#', 'A')	D	D	0.0	major triad	(2, 6, 9)	G	G	5	None
172.5	0.25	116.0	F#5	78.0	True	116.0	0.1667	230.0	V	True	('D', 'F#', 'A')	D	D	0.0	major triad	(2, 6, 9)	G	G	5	None
172.6667						116.0	0.1667	231.0	viio/V	True	('C#', 'E', 'G')	C#	C#	0.0	diminished triad	(1, 4, 7)	G	D	7	5
172.75	0.25	116.0	F#4	66.0	True	116.0	0.1667	231.0	viio/V	False	('C#', 'E', 'G')	C#	C#	0.0	diminished triad	(1, 4, 7)	G	D	7	5
172.8333						116.0	1.1667	232.0	V7	True	('C', 'D', 'F#', 'A')	C	D	3.0	dominant seventh chord	(0, 2, 6, 9)	G	G	5	None
173.0	0.25	116.0	G4	67.0	True	116.0	1.1667	232.0	V7	False	('C', 'D', 'F#', 'A')	C	D	3.0	dominant seventh chord	(0, 2, 6, 9)	G	G	5	None
173.0	0.5	116.0	E5	76.0	True	116.0	1.1667	232.0	V7	False	('C', 'D', 'F#', 'A')	C	D	3.0	dominant seventh chord	(0, 2, 6, 9)	G	G	5	None
173.0	0.5	116.0	C#4	61.0	True	116.0	1.1667	232.0	V7	False	('C', 'D', 'F#', 'A')	C	D	3.0	dominant seventh chord	(0, 2, 6, 9)	G	G	5	None
173.25	0.25	116.0	G5	79.0	True	116.0	1.1667	232.0	V7	False	('C', 'D', 'F#', 'A')	C	D	3.0	dominant seventh chord	(0, 2, 6, 9)	G	G	5	None
173.5	0.5	116.0	F#5	78.0	True	116.0	1.1667	232.0	V7	False	('C', 'D', 'F#', 'A')	C	D	3.0	dominant seventh chord	(0, 2, 6, 9)	G	G	5	None
173.5	0.25	116.0	A4	69.0	True	116.0	1.1667	232.0	V7	False	('C', 'D', 'F#', 'A')	C	D	3.0	dominant seventh chord	(0, 2, 6, 9)	G	G	5	None
173.5	0.5	116.0	C4	60.0	True	116.0	1.1667	232.0	V7	False	('C', 'D', 'F#', 'A')	C	D	3.0	dominant seventh chord	(0, 2, 6, 9)	G	G	5	None
173.75	0.25	116.0	A5	81.0	True	116.0	1.1667	232.0	V7	False	('C', 'D', 'F#', 'A')	C	D	3.0	dominant seventh chord	(0, 2, 6, 9)	G	G	5	None
174.0	0.5	117.0	B3	59.0	True	117.0	0.1667	233.0	I	True	('B', 'D', 'G')	B	G	1.0	major triad	(2, 7, 11)	G	G	1	None
174.0	0.25	117.0	D6	86.0	True	117.0	0.1667	233.0	I	True	('B', 'D', 'G')	B	G	1.0	major triad	(2, 7, 11)	G	G	1	None
174.0	0.5	117.0	G5	79.0	True	117.0	0.1667	233.0	I	True	('B', 'D', 'G')	B	G	1.0	major triad	(2, 7, 11)	G	G	1	None
174.0	0.5	117.0	D4	62.0	False	117.0	0.1667	233.0	I	True	('B', 'D', 'G')	B	G	1.0	major triad	(2, 7, 11)	G	G	1	None
174.1667						117.0	0.1667	234.0	V7	True	('A', 'C', 'D', 'F#')	A	D	2.0	dominant seventh chord	(0, 2, 6, 9)	G	G	5	None
174.25	0.25	117.0	D4	62.0	True	117.0	0.1667	234.0	V7	False	('A', 'C', 'D', 'F#')	A	D	2.0	dominant seventh chord	(0, 2, 6, 9)	G	G	5	None
174.3333						117.0	1.1667	235.0	I	True	('G', 'B', 'D')	G	G	0.0	major triad	(2, 7, 11)	G	G	1	None
174.5	0.25	117.0	D5	74.0	True	117.0	1.1667	235.0	I	False	('G', 'B', 'D')	G	G	0.0	major triad	(2, 7, 11)	G	G	1	None
174.5	0.5	117.0	C5	72.0	True	117.0	1.1667	235.0	I	False	('G', 'B', 'D')	G	G	0.0	major triad	(2, 7, 11)	G	G	1	None
174.5	0.5	117.0	A3	57.0	True	117.0	1.1667	235.0	I	False	('G', 'B', 'D')	G	G	0.0	major triad	(2, 7, 11)	G	G	1	None
174.5	0.5	117.0	F#3	54.0	True	117.0	1.1667	235.0	I	False	('G', 'B', 'D')	G	G	0.0	major triad	(2, 7, 11)	G	G	1	None
174.75	0.25	117.0	C6	84.0	True	117.0	1.1667	235.0	I	False	('G', 'B', 'D')	G	G	0.0	major triad	(2, 7, 11)	G	G	1	None
175.0	0.25	117.0	D5	74.0	True	117.0	1.1667	235.0	I	False	('G', 'B', 'D')	G	G	0.0	major triad	(2, 7, 11)	G	G	1	None
175.0	0.5	117.0	B4	71.0	True	117.0	1.1667	235.0	I	False	('G', 'B', 'D')	G	G	0.0	major triad	(2, 7, 11)	G	G	1	None
175.0	0.5	117.0	G3	55.0	True	117.0	1.1667	235.0	I	False	('G', 'B', 'D')	G	G	0.0	major triad	(2, 7, 11)	G	G	1	None
175.0	0.5	117.0	G3	55.0	True	117.0	1.1667	235.0	I	False	('G', 'B', 'D')	G	G	0.0	major triad	(2, 7, 11)	G	G	1	None
175.25	0.25	117.0	B5	83.0	True	117.0	1.1667	235.0	I	False	('G', 'B', 'D')	G	G	0.0	major triad	(2, 7, 11)	G	G	1	None
175.5	1.5	118.0	D4	62.0	True	118.0	1.5	236.0	V	True	('F#', 'A', 'D')	F#	D	1.0	major triad	(2, 6, 9)	G	G	5	None
175.5	0.5	118.0	F#3	54.0	True	118.0	1.5	236.0	V	True	('F#', 'A', 'D')	F#	D	1.0	major triad	(2, 6, 9)	G	G	5	None
175.5	0.25	118.0	D5	74.0	True	118.0	1.5	236.0	V	True	('F#', 'A', 'D')	F#	D	1.0	major triad	(2, 6, 9)	G	G	5	None
175.5	0.5	118.0	A4	69.0	True	118.0	1.5	236.0	V	True	('F#', 'A', 'D')	F#	D	1.0	major triad	(2, 6, 9)	G	G	5	None
175.75	0.25	118.0	A5	81.0	True	118.0	1.5	236.0	V	False	('F#', 'A', 'D')	F#	D	1.0	major triad	(2, 6, 9)	G	G	5	None
176.0	0.25	118.0	D5	74.0	True	118.0	1.5	236.0	V	False	('F#', 'A', 'D')	F#	D	1.0	major triad	(2, 6, 9)	G	G	5	None
176.0	0.5	118.0	G4	67.0	True	118.0	1.5	236.0	V	False	('F#', 'A', 'D')	F#	D	1.0	major triad	(2, 6, 9)	G	G	5	None
176.0	0.5	118.0	E3	52.0	True	118.0	1.5	236.0	V	False	('F#', 'A', 'D')	F#	D	1.0	major triad	(2, 6, 9)	G	G	5	None
176.25	0.25	118.0	G5	79.0	True	118.0	1.5	236.0	V	False	('F#', 'A', 'D')	F#	D	1.0	major triad	(2, 6, 9)	G	G	5	None
176.5	0.25	118.0	D5	74.0	True	118.0	1.5	236.0	V	False	('F#', 'A', 'D')	F#	D	1.0	major triad	(2, 6, 9)	G	G	5	None
176.5	0.5	118.0	A4	69.0	True	118.0	1.5	236.0	V	False	('F#', 'A', 'D')	F#	D	1.0	major triad	(2, 6, 9)	G	G	5	None
176.5	0.5	118.0	F#3	54.0	True	118.0	1.5	236.0	V	False	('F#', 'A', 'D')	F#	D	1.0	major triad	(2, 6, 9)	G	G	5	None
176.75	0.25	118.0	A5	81.0	True	118.0	1.5	236.0	V	False	('F#', 'A', 'D')	F#	D	1.0	major triad	(2, 6, 9)	G	G	5	None
177.0	1.0	119.0	D4	62.0	False	119.0	0.1667	237.0	I	True	('G', 'B', 'D')	G	G	0.0	major triad	(2, 7, 11)	G	G	1	None
177.0	0.25	119.0	D5	74.0	True	119.0	0.1667	237.0	I	True	('G', 'B', 'D')	G	G	0.0	major triad	(2, 7, 11)	G	G	1	None
177.0	0.5	119.0	B4	71.0	True	119.0	0.1667	237.0	I	True	('G', 'B', 'D')	G	G	0.0	major triad	(2, 7, 11)	G	G	1	None
177.0	0.5	119.0	G3	55.0	True	119.0	0.1667	237.0	I	True	('G', 'B', 'D')	G	G	0.0	major triad	(2, 7, 11)	G	G	1	None
177.1667						119.0	0.1667	238.0	V	True	('F#', 'A', 'D')	F#	D	1.0	major triad	(2, 6, 9)	G	G	5	None
177.25	0.25	119.0	B5	83.0	True	119.0	0.1667	238.0	V	False	('F#', 'A', 'D')	F#	D	1.0	major triad	(2, 6, 9)	G	G	5	None
177.3333						119.0	1.1667	239.0	viio/V	True	('E', 'G', 'C#')	E	C#	1.0	diminished triad	(1, 4, 7)	G	D	7	5
177.5	0.25	119.0	D5	74.0	True	119.0	1.1667	239.0	viio/V	False	('E', 'G', 'C#')	E	C#	1.0	diminished triad	(1, 4, 7)	G	D	7	5
177.5	0.5	119.0	A4	69.0	True	119.0	1.1667	239.0	viio/V	False	('E', 'G', 'C#')	E	C#	1.0	diminished triad	(1, 4, 7)	G	D	7	5
177.5	0.5	119.0	F#3	54.0	True	119.0	1.1667	239.0	viio/V	False	('E', 'G', 'C#')	E	C#	1.0	diminished triad	(1, 4, 7)	G	D	7	5
177.75	0.25	119.0	A5	81.0	True	119.0	1.1667	239.0	viio/V	False	('E', 'G', 'C#')	E	C#	1.0	diminished triad	(1, 4, 7)	G	D	7	5
178.0	0.25	119.0	D5	74.0	True	119.0	1.1667	239.0	viio/V	False	('E', 'G', 'C#')	E	C#	1.0	diminished triad	(1, 4, 7)	G	D	7	5
178.0	0.5	119.0	G4	67.0	True	119.0	1.1667	239.0	viio/V	False	('E', 'G', 'C#')	E	C#	1.0	diminished triad	(1, 4, 7)	G	D	7	5
178.0	0.5	119.0	E4	64.0	True	119.0	1.1667	239.0	viio/V	False	('E', 'G', 'C#')	E	C#	1.0	diminished triad	(1, 4, 7)	G	D	7	5
178.0	0.5	119.0	E3	52.0	True	119.0	1.1667	239.0	viio/V	False	('E', 'G', 'C#')	E	C#	1.0	diminished triad	(1, 4, 7)	G	D	7	5
178.25	0.25	119.0	C#6	85.0	True	119.0	1.1667	239.0	viio/V	False	('E', 'G', 'C#')	E	C#	1.0	diminished triad	(1, 4, 7)	G	D	7	5
178.5	0.5	120.0	F#4	66.0	True	120.0	0.1667	240.0	V	True	('D', 'F#', 'A')	D	D	0.0	major triad	(2, 6, 9)	G	G	5	None
178.5	0.25	120.0	D6	86.0	True	120.0	0.1667	240.0	V	True	('D', 'F#', 'A')	D	D	0.0	major triad	(2, 6, 9)	G	G	5	None
178.5	0.5	120.0	A3	57.0	True	120.0	0.1667	240.0	V	True	('D', 'F#', 'A')	D	D	0.0	major triad	(2, 6, 9)	G	G	5	None
178.5	0.5	120.0	D3	50.0	True	120.0	0.1667	240.0	V	True	('D', 'F#', 'A')	D	D	0.0	major triad	(2, 6, 9)	G	G	5	None
178.6667						120.0	0.1667	241.0	viio/V	True	('E', 'G', 'C#')	E	C#	1.0	diminished triad	(1, 4, 7)	G	D	7	5
178.75	0.25	120.0	D5	74.0	True	120.0	0.1667	241.0	viio/V	False	('E', 'G', 'C#')	E	C#	1.0	diminished triad	(1, 4, 7)	G	D	7	5
178.8333						120.0	1.1667	242.0	V7	True	('C', 'D', 'F#', 'A')	C	D	3.0	dominant seventh chord	(0, 2, 6, 9)	G	G	5	None
179.0	0.5	120.0	G3	55.0	True	120.0	1.1667	242.0	V7	False	('C', 'D', 'F#', 'A')	C	D	3.0	dominant seventh chord	(0, 2, 6, 9)	G	G	5	None
179.0	0.25	120.0	E5	76.0	True	120.0	1.1667	242.0	V7	False	('C', 'D', 'F#', 'A')	C	D	3.0	dominant seventh chord	(0, 2, 6, 9)	G	G	5	None
179.0	0.5	120.0	G4	67.0	True	120.0	1.1667	242.0	V7	False	('C', 'D', 'F#', 'A')	C	D	3.0	dominant seventh chord	(0, 2, 6, 9)	G	G	5	None
179.0	0.5	120.0	C#3	49.0	True	120.0	1.1667	242.0	V7	False	('C', 'D', 'F#', 'A')	C	D	3.0	dominant seventh chord	(0, 2, 6, 9)	G	G	5	None
179.25	0.25	120.0	E6	88.0	True	120.0	1.1667	242.0	V7	False	('C', 'D', 'F#', 'A')	C	D	3.0	dominant seventh chord	(0, 2, 6, 9)	G	G	5	None
179.5	0.5	120.0	C3	48.0	True	120.0	1.1667	242.0	V7	False	('C', 'D', 'F#', 'A')	C	D	3.0	dominant seventh chord	(0, 2, 6, 9)	G	G	5	None
179.5	0.5	120.0	A3	57.0	True	120.0	1.1667	242.0	V7	False	('C', 'D', 'F#', 'A')	C	D	3.0	dominant seventh chord	(0, 2, 6, 9)	G	G	5	None
179.5	0.5	120.0	A4	69.0	True	120.0	1.1667	242.0	V7	False	('C', 'D', 'F#', 'A')	C	D	3.0	dominant seventh chord	(0, 2, 6, 9)	G	G	5	None
179.5	0.25	120.0	F#5	78.0	True	120.0	1.1667	242.0	V7	False	('C', 'D', 'F#', 'A')	C	D	3.0	dominant seventh chord	(0, 2, 6, 9)	G	G	5	None
179.75	0.25	120.0	F#6	90.0	True	120.0	1.1667	242.0	V7	False	('C', 'D', 'F#', 'A')	C	D	3.0	dominant seventh chord	(0, 2, 6, 9)	G	G	5	None
180.0	0.5	121.0	G6	91.0	True	121.0	0.1667	243.0	I	True	('G', 'B', 'D')	G	G	0.0	major triad	(2, 7, 11)	G	G	1	None
180.0	0.25	121.0	C4	60.0	True	121.0	0.1667	243.0	I	True	('G', 'B', 'D')	G	G	0.0	major triad	(2, 7, 11)	G	G	1	None
180.0	0.5	121.0	D3	50.0	True	121.0	0.1667	243.0	I	True	('G', 'B', 'D')	G	G	0.0	major triad	(2, 7, 11)	G	G	1	None
180.0	0.5	121.0	G2	43.0	True	121.0	0.1667	243.0	I	True	('G', 'B', 'D')	G	G	0.0	major triad	(2, 7, 11)	G	G	1	None
180.1667						121.0	0.1667	244.0	I	True	('B', 'D', 'G')	B	G	1.0	major triad	(2, 7, 11)	G	G	1	None
180.25	0.25	121.0	B4	71.0	True	121.0	0.1667	244.0	I	False	('B', 'D', 'G')	B	G	1.0	major triad	(2, 7, 11)	G	G	1	None
180.3333						121.0	1.1667	245.0	I	True	('G', 'B', 'D')	G	G	0.0	major triad	(2, 7, 11)	G	G	1	None
180.5	0.5	121.0	B2	47.0	True	121.0	1.1667	245.0	I	False	('G', 'B', 'D')	G	G	0.0	major triad	(2, 7, 11)	G	G	1	None
180.5	0.5	121.0	B3	59.0	True	121.0	1.1667	245.0	I	False	('G', 'B', 'D')	G	G	0.0	major triad	(2, 7, 11)	G	G	1	None
180.5	0.25	121.0	G5	79.0	True	121.0	1.1667	245.0	I	False	('G', 'B', 'D')	G	G	0.0	major triad	(2, 7, 11)	G	G	1	None
180.5	0.5	121.0	B5	83.0	True	121.0	1.1667	245.0	I	False	('G', 'B', 'D')	G	G	0.0	major triad	(2, 7, 11)	G	G	1	None
180.75	0.25	121.0	F#5	78.0	True	121.0	1.1667	245.0	I	False	('G', 'B', 'D')	G	G	0.0	major triad	(2, 7, 11)	G	G	1	None
181.0	0.25	121.0	D6	86.0	True	121.0	1.1667	245.0	I	False	('G', 'B', 'D')	G	G	0.0	major triad	(2, 7, 11)	G	G	1	None
181.0	0.25	121.0	G5	79.0	True	121.0	1.1667	245.0	I	False	('G', 'B', 'D')	G	G	0.0	major triad	(2, 7, 11)	G	G	1	None
181.0	0.5	121.0	G4	67.0	True	121.0	1.1667	245.0	I	False	('G', 'B', 'D')	G	G	0.0	major triad	(2, 7, 11)	G	G	1	None
181.0	0.5	121.0	G2	43.0	True	121.0	1.1667	245.0	I	False	('G', 'B', 'D')	G	G	0.0	major triad	(2, 7, 11)	G	G	1	None
181.25	0.25	121.0	B4	71.0	True	121.0	1.1667	245.0	I	False	('G', 'B', 'D')	G	G	0.0	major triad	(2, 7, 11)	G	G	1	None
181.5	0.5	122.0	E4	64.0	True	122.0	0.1667	246.0	vi	True	('B', 'E', 'G')	B	E	2.0	minor triad	(4, 7, 11)	G	G	6	None
181.5	1.5	122.0	G5	79.0	True	122.0	0.1667	246.0	vi	True	('B', 'E', 'G')	B	E	2.0	minor triad	(4, 7, 11)	G	G	6	None
181.5	0.25	122.0	B4	71.0	True	122.0	0.1667	246.0	vi	True	('B', 'E', 'G')	B	E	2.0	minor triad	(4, 7, 11)	G	G	6	None
181.5	0.5	122.0	B2	47.0	True	122.0	0.1667	246.0	vi	True	('B', 'E', 'G')	B	E	2.0	minor triad	(4, 7, 11)	G	G	6	None
181.6667						122.0	0.1667	247.0	vi	True	('E', 'G', 'B')	E	E	0.0	minor triad	(4, 7, 11)	G	G	6	None
181.75	0.25	122.0	G3	55.0	True	122.0	0.1667	247.0	vi	False	('E', 'G', 'B')	E	E	0.0	minor triad	(4, 7, 11)	G	G	6	None
181.8333						122.0	1.1667	248.0	vi	True	('B', 'E', 'G')	B	E	2.0	minor triad	(4, 7, 11)	G	G	6	None
182.0	0.25	122.0	G4	67.0	True	122.0	1.1667	248.0	vi	False	('B', 'E', 'G')	B	E	2.0	minor triad	(4, 7, 11)	G	G	6	None
182.0	0.5	122.0	E3	52.0	True	122.0	1.1667	248.0	vi	False	('B', 'E', 'G')	B	E	2.0	minor triad	(4, 7, 11)	G	G	6	None
182.0	0.5	122.0	E2	40.0	True	122.0	1.1667	248.0	vi	False	('B', 'E', 'G')	B	E	2.0	minor triad	(4, 7, 11)	G	G	6	None
182.25	0.25	122.0	F#4	66.0	True	122.0	1.1667	248.0	vi	False	('B', 'E', 'G')	B	E	2.0	minor triad	(4, 7, 11)	G	G	6	None
182.5	0.25	122.0	G4	67.0	True	122.0	1.1667	248.0	vi	False	('B', 'E', 'G')	B	E	2.0	minor triad	(4, 7, 11)	G	G	6	None
182.5	0.5	122.0	G3	55.0	True	122.0	1.1667	248.0	vi	False	('B', 'E', 'G')	B	E	2.0	minor triad	(4, 7, 11)	G	G	6	None
182.5	0.5	122.0	B2	47.0	True	122.0	1.1667	248.0	vi	False	('B', 'E', 'G')	B	E	2.0	minor triad	(4, 7, 11)	G	G	6	None
182.75	0.25	122.0	B3	59.0	True	122.0	1.1667	248.0	vi	False	('B', 'E', 'G')	B	E	2.0	minor triad	(4, 7, 11)	G	G	6	None
183.0	0.25	123.0	A5	81.0	True	123.0	0.1667	249.0	ii	True	('C', 'E', 'A')	C	A	1.0	minor triad	(0, 4, 9)	G	G	2	None
183.0	0.25	123.0	E5	76.0	True	123.0	0.1667	249.0	ii	True	('C', 'E', 'A')	C	A	1.0	minor triad	(0, 4, 9)	G	G	2	None
183.0	0.5	123.0	C4	60.0	True	123.0	0.1667	249.0	ii	True	('C', 'E', 'A')	C	A	1.0	minor triad	(0, 4, 9)	G	G	2	None
183.0	0.5	123.0	C2	36.0	True	123.0	0.1667	249.0	ii	True	('C', 'E', 'A')	C	A	1.0	minor triad	(0, 4, 9)	G	G	2	None
183.1667						123.0	0.1667	250.0	ii	True	('A', 'C', 'E')	A	A	0.0	minor triad	(0, 4, 9)	G	G	2	None
183.25	0.25	123.0	D5	74.0	True	123.0	0.1667	250.0	ii	False	('A', 'C', 'E')	A	A	0.0	minor triad	(0, 4, 9)	G	G	2	None
183.25	0.25	123.0	B5	83.0	True	123.0	0.1667	250.0	ii	False	('A', 'C', 'E')	A	A	0.0	minor triad	(0, 4, 9)	G	G	2	None
183.3333						123.0	1.1667	251.0	ii	True	('C', 'E', 'A')	C	A	1.0	minor triad	(0, 4, 9)	G	G	2	None
183.5	0.5	123.0	C6	84.0	True	123.0	1.1667	251.0	ii	False	('C', 'E', 'A')	C	A	1.0	minor triad	(0, 4, 9)	G	G	2	None
183.5	0.25	123.0	C5	72.0	True	123.0	1.1667	251.0	ii	False	('C', 'E', 'A')	C	A	1.0	minor triad	(0, 4, 9)	G	G	2	None
183.5	0.5	123.0	E3	52.0	True	123.0	1.1667	251.0	ii	False	('C', 'E', 'A')	C	A	1.0	minor triad	(0, 4, 9)	G	G	2	None
183.5	0.5	123.0	A2	45.0	True	123.0	1.1667	251.0	ii	False	('C', 'E', 'A')	C	A	1.0	minor triad	(0, 4, 9)	G	G	2	None
183.75	0.25	123.0	B4	71.0	True	123.0	1.1667	251.0	ii	False	('C', 'E', 'A')	C	A	1.0	minor triad	(0, 4, 9)	G	G	2	None
184.0	0.25	123.0	E6	88.0	True	123.0	1.1667	251.0	ii	False	('C', 'E', 'A')	C	A	1.0	minor triad	(0, 4, 9)	G	G	2	None
184.0	0.25	123.0	A4	69.0	True	123.0	1.1667	251.0	ii	False	('C', 'E', 'A')	C	A	1.0	minor triad	(0, 4, 9)	G	G	2	None
184.0	0.5	123.0	C4	60.0	True	123.0	1.1667	251.0	ii	False	('C', 'E', 'A')	C	A	1.0	minor triad	(0, 4, 9)	G	G	2	None
184.0	0.5	123.0	C2	36.0	True	123.0	1.1667	251.0	ii	False	('C', 'E', 'A')	C	A	1.0	minor triad	(0, 4, 9)	G	G	2	None
184.25	0.25	123.0	C4	60.0	True	123.0	1.1667	251.0	ii	False	('C', 'E', 'A')	C	A	1.0	minor triad	(0, 4, 9)	G	G	2	None
184.5	0.25	124.0	C5	72.0	True	124.0	1.5	252.0	V7	True	('D', 'F#', 'A', 'C')	D	D	0.0	dominant seventh chord	(0, 2, 6, 9)	G	G	5	None
184.5	0.5	124.0	A2	45.0	True	124.0	1.5	252.0	V7	True	('D', 'F#', 'A', 'C')	D	D	0.0	dominant seventh chord	(0, 2, 6, 9)	G	G	5	None
184.5	0.5	124.0	G5	79.0	True	124.0	1.5	252.0	V7	True	('D', 'F#', 'A', 'C')	D	D	0.0	dominant seventh chord	(0, 2, 6, 9)	G	G	5	None
184.5	0.5	124.0	C4	60.0	True	124.0	1.5	252.0	V7	True	('D', 'F#', 'A', 'C')	D	D	0.0	dominant seventh chord	(0, 2, 6, 9)	G	G	5	None
184.75	0.25	124.0	A4	69.0	True	124.0	1.5	252.0	V7	False	('D', 'F#', 'A', 'C')	D	D	0.0	dominant seventh chord	(0, 2, 6, 9)	G	G	5	None
185.0	1.0	124.0	F#5	78.0	True	124.0	1.5	252.0	V7	False	('D', 'F#', 'A', 'C')	D	D	0.0	dominant seventh chord	(0, 2, 6, 9)	G	G	5	None
185.0	0.25	124.0	C5	72.0	True	124.0	1.5	252.0	V7	False	('D', 'F#', 'A', 'C')	D	D	0.0	dominant seventh chord	(0, 2, 6, 9)	G	G	5	None
185.0	0.5	124.0	A4	69.0	True	124.0	1.5	252.0	V7	False	('D', 'F#', 'A', 'C')	D	D	0.0	dominant seventh chord	(0, 2, 6, 9)	G	G	5	None
185.0	0.5	124.0	D2	38.0	True	124.0	1.5	252.0	V7	False	('D', 'F#', 'A', 'C')	D	D	0.0	dominant seventh chord	(0, 2, 6, 9)	G	G	5	None
185.25	0.25	124.0	B4	71.0	True	124.0	1.5	252.0	V7	False	('D', 'F#', 'A', 'C')	D	D	0.0	dominant seventh chord	(0, 2, 6, 9)	G	G	5	None
185.5	0.25	124.0	C5	72.0	True	124.0	1.5	252.0	V7	False	('D', 'F#', 'A', 'C')	D	D	0.0	dominant seventh chord	(0, 2, 6, 9)	G	G	5	None
185.5	0.5	124.0	C4	60.0	True	124.0	1.5	252.0	V7	False	('D', 'F#', 'A', 'C')	D	D	0.0	dominant seventh chord	(0, 2, 6, 9)	G	G	5	None
185.5	0.5	124.0	A2	45.0	True	124.0	1.5	252.0	V7	False	('D', 'F#', 'A', 'C')	D	D	0.0	dominant seventh chord	(0, 2, 6, 9)	G	G	5	None
185.75	0.25	124.0	F#4	66.0	True	124.0	1.5	252.0	V7	False	('D', 'F#', 'A', 'C')	D	D	0.0	dominant seventh chord	(0, 2, 6, 9)	G	G	5	None
186.0	0.5	125.0	B3	59.0	True	125.0	0.1667	253.0	I	True	('G', 'B', 'D')	G	G	0.0	major triad	(2, 7, 11)	G	G	1	None
186.0	0.5	125.0	G2	43.0	True	125.0	0.1667	253.0	I	True	('G', 'B', 'D')	G	G	0.0	major triad	(2, 7, 11)	G	G	1	None
186.0	0.5	125.0	D6	86.0	True	125.0	0.1667	253.0	I	True	('G', 'B', 'D')	G	G	0.0	major triad	(2, 7, 11)	G	G	1	None
186.0	0.25	125.0	B4	71.0	True	125.0	0.1667	253.0	I	True	('G', 'B', 'D')	G	G	0.0	major triad	(2, 7, 11)	G	G	1	None
186.1667						125.0	0.1667	254.0	I	True	('B', 'D', 'G')	B	G	1.0	major triad	(2, 7, 11)	G	G	1	None
186.25	0.25	125.0	G3	55.0	True	125.0	0.1667	254.0	I	False	('B', 'D', 'G')	B	G	1.0	major triad	(2, 7, 11)	G	G	1	None
186.3333						125.0	1.1667	255.0	I	True	('G', 'B', 'D')	G	G	0.0	major triad	(2, 7, 11)	G	G	1	None
186.5	0.5	125.0	B5	83.0	True	125.0	1.1667	255.0	I	False	('G', 'B', 'D')	G	G	0.0	major triad	(2, 7, 11)	G	G	1	None
186.5	0.25	125.0	G4	67.0	True	125.0	1.1667	255.0	I	False	('G', 'B', 'D')	G	G	0.0	major triad	(2, 7, 11)	G	G	1	None
186.5	0.5	125.0	G3	55.0	True	125.0	1.1667	255.0	I	False	('G', 'B', 'D')	G	G	0.0	major triad	(2, 7, 11)	G	G	1	None
186.5	0.5	125.0	B2	47.0	True	125.0	1.1667	255.0	I	False	('G', 'B', 'D')	G	G	0.0	major triad	(2, 7, 11)	G	G	1	None
186.75	0.25	125.0	F#4	66.0	True	125.0	1.1667	255.0	I	False	('G', 'B', 'D')	G	G	0.0	major triad	(2, 7, 11)	G	G	1	None
187.0	0.5	125.0	B3	59.0	True	125.0	1.1667	255.0	I	False	('G', 'B', 'D')	G	G	0.0	major triad	(2, 7, 11)	G	G	1	None
187.0	0.25	125.0	D6	86.0	True	125.0	1.1667	255.0	I	False	('G', 'B', 'D')	G	G	0.0	major triad	(2, 7, 11)	G	G	1	None
187.0	0.25	125.0	G4	67.0	True	125.0	1.1667	255.0	I	False	('G', 'B', 'D')	G	G	0.0	major triad	(2, 7, 11)	G	G	1	None
187.0	0.5	125.0	G2	43.0	True	125.0	1.1667	255.0	I	False	('G', 'B', 'D')	G	G	0.0	major triad	(2, 7, 11)	G	G	1	None
187.25	0.25	125.0	B3	59.0	True	125.0	1.1667	255.0	I	False	('G', 'B', 'D')	G	G	0.0	major triad	(2, 7, 11)	G	G	1	None
187.5	0.5	126.0	B2	47.0	True	126.0	0.1667	256.0	vi	True	('B', 'E', 'G')	B	E	2.0	minor triad	(4, 7, 11)	G	G	6	None
187.5	0.25	126.0	G4	67.0	True	126.0	0.1667	256.0	vi	True	('B', 'E', 'G')	B	E	2.0	minor triad	(4, 7, 11)	G	G	6	None
187.5	0.5	126.0	B3	59.0	True	126.0	0.1667	256.0	vi	True	('B', 'E', 'G')	B	E	2.0	minor triad	(4, 7, 11)	G	G	6	None
187.5	1.5	126.0	G5	79.0	True	126.0	0.1667	256.0	vi	True	('B', 'E', 'G')	B	E	2.0	minor triad	(4, 7, 11)	G	G	6	None
187.6667						126.0	0.1667	257.0	vi	True	('E', 'G', 'B')	E	E	0.0	minor triad	(4, 7, 11)	G	G	6	None
187.75	0.25	126.0	G3	55.0	True	126.0	0.1667	257.0	vi	False	('E', 'G', 'B')	E	E	0.0	minor triad	(4, 7, 11)	G	G	6	None
187.8333						126.0	1.1667	258.0	vi	True	('B', 'E', 'G')	B	E	2.0	minor triad	(4, 7, 11)	G	G	6	None
188.0	0.5	126.0	E2	40.0	True	126.0	1.1667	258.0	vi	False	('B', 'E', 'G')	B	E	2.0	minor triad	(4, 7, 11)	G	G	6	None
188.0	0.5	126.0	E3	52.0	True	126.0	1.1667	258.0	vi	False	('B', 'E', 'G')	B	E	2.0	minor triad	(4, 7, 11)	G	G	6	None
188.0	0.25	126.0	B4	71.0	True	126.0	1.1667	258.0	vi	False	('B', 'E', 'G')	B	E	2.0	minor triad	(4, 7, 11)	G	G	6	None
188.25	0.25	126.0	A4	69.0	True	126.0	1.1667	258.0	vi	False	('B', 'E', 'G')	B	E	2.0	minor triad	(4, 7, 11)	G	G	6	None
188.5	0.25	126.0	G4	67.0	True	126.0	1.1667	258.0	vi	False	('B', 'E', 'G')	B	E	2.0	minor triad	(4, 7, 11)	G	G	6	None
188.5	0.5	126.0	E4	64.0	True	126.0	1.1667	258.0	vi	False	('B', 'E', 'G')	B	E	2.0	minor triad	(4, 7, 11)	G	G	6	None
188.5	0.5	126.0	B2	47.0	True	126.0	1.1667	258.0	vi	False	('B', 'E', 'G')	B	E	2.0	minor triad	(4, 7, 11)	G	G	6	None
188.75	0.25	126.0	E4	64.0	True	126.0	1.1667	258.0	vi	False	('B', 'E', 'G')	B	E	2.0	minor triad	(4, 7, 11)	G	G	6	None
189.0	0.25	127.0	E5	76.0	True	127.0	0.1667	259.0	ii	True	('C', 'E', 'A')	C	A	1.0	minor triad	(0, 4, 9)	G	G	2	None
189.0	0.5	127.0	C4	60.0	True	127.0	0.1667	259.0	ii	True	('C', 'E', 'A')	C	A	1.0	minor triad	(0, 4, 9)	G	G	2	None
189.0	0.5	127.0	C2	36.0	True	127.0	0.1667	259.0	ii	True	('C', 'E', 'A')	C	A	1.0	minor triad	(0, 4, 9)	G	G	2	None
189.0	0.25	127.0	A5	81.0	True	127.0	0.1667	259.0	ii	True	('C', 'E', 'A')	C	A	1.0	minor triad	(0, 4, 9)	G	G	2	None
189.1667						127.0	0.1667	260.0	ii	True	('A', 'C', 'E')	A	A	0.0	minor triad	(0, 4, 9)	G	G	2	None
189.25	0.25	127.0	B5	83.0	True	127.0	0.1667	260.0	ii	False	('A', 'C', 'E')	A	A	0.0	minor triad	(0, 4, 9)	G	G	2	None
189.25	0.25	127.0	D5	74.0	True	127.0	0.1667	260.0	ii	False	('A', 'C', 'E')	A	A	0.0	minor triad	(0, 4, 9)	G	G	2	None
189.3333						127.0	1.1667	261.0	V7	True	('D', 'F#', 'A', 'C')	D	D	0.0	dominant seventh chord	(0, 2, 6, 9)	G	G	5	None
189.5	0.5	127.0	A2	45.0	True	127.0	1.1667	261.0	V7	False	('D', 'F#', 'A', 'C')	D	D	0.0	dominant seventh chord	(0, 2, 6, 9)	G	G	5	None
189.5	0.5	127.0	E3	52.0	True	127.0	1.1667	261.0	V7	False	('D', 'F#', 'A', 'C')	D	D	0.0	dominant seventh chord	(0, 2, 6, 9)	G	G	5	None
189.5	0.25	127.0	C5	72.0	True	127.0	1.1667	261.0	V7	False	('D', 'F#', 'A', 'C')	D	D	0.0	dominant seventh chord	(0, 2, 6, 9)	G	G	5	None
189.5	0.5	127.0	C6	84.0	True	127.0	1.1667	261.0	V7	False	('D', 'F#', 'A', 'C')	D	D	0.0	dominant seventh chord	(0, 2, 6, 9)	G	G	5	None
189.75	0.25	127.0	B4	71.0	True	127.0	1.1667	261.0	V7	False	('D', 'F#', 'A', 'C')	D	D	0.0	dominant seventh chord	(0, 2, 6, 9)	G	G	5	None
190.0	0.25	127.0	F#5	78.0	True	127.0	1.1667	261.0	V7	False	('D', 'F#', 'A', 'C')	D	D	0.0	dominant seventh chord	(0, 2, 6, 9)	G	G	5	None
190.0	0.25	127.0	A4	69.0	True	127.0	1.1667	261.0	V7	False	('D', 'F#', 'A', 'C')	D	D	0.0	dominant seventh chord	(0, 2, 6, 9)	G	G	5	None
190.0	0.5	127.0	F#3	54.0	True	127.0	1.1667	261.0	V7	False	('D', 'F#', 'A', 'C')	D	D	0.0	dominant seventh chord	(0, 2, 6, 9)	G	G	5	None
190.0	0.5	127.0	D2	38.0	True	127.0	1.1667	261.0	V7	False	('D', 'F#', 'A', 'C')	D	D	0.0	dominant seventh chord	(0, 2, 6, 9)	G	G	5	None
190.25	0.25	127.0	C4	60.0	True	127.0	1.1667	261.0	V7	False	('D', 'F#', 'A', 'C')	D	D	0.0	dominant seventh chord	(0, 2, 6, 9)	G	G	5	None
190.5	0.5	128.0	F#5	78.0	True	128.0	0.1667	262.0	V7	True	('D', 'F#', 'A', 'C')	D	D	0.0	dominant seventh chord	(0, 2, 6, 9)	G	G	5	None
190.5	0.25	128.0	F#4	66.0	True	128.0	0.1667	262.0	V7	True	('D', 'F#', 'A', 'C')	D	D	0.0	dominant seventh chord	(0, 2, 6, 9)	G	G	5	None
190.5	0.5	128.0	A3	57.0	True	128.0	0.1667	262.0	V7	True	('D', 'F#', 'A', 'C')	D	D	0.0	dominant seventh chord	(0, 2, 6, 9)	G	G	5	None
190.5	0.5	128.0	D3	50.0	True	128.0	0.1667	262.0	V7	True	('D', 'F#', 'A', 'C')	D	D	0.0	dominant seventh chord	(0, 2, 6, 9)	G	G	5	None
190.6667						128.0	0.1667	263.0	I	True	('D', 'G', 'B')	D	G	2.0	major triad	(2, 7, 11)	G	G	1	None
190.75	0.25	128.0	C4	60.0	True	128.0	0.1667	263.0	I	False	('D', 'G', 'B')	D	G	2.0	major triad	(2, 7, 11)	G	G	1	None
190.8333						128.0	1.1667	264.0	I	True	('G', 'B', 'D')	G	G	0.0	major triad	(2, 7, 11)	G	G	1	None
191.0	1.0	128.0	G5	79.0	True	128.0	1.1667	264.0	I	False	('G', 'B', 'D')	G	G	0.0	major triad	(2, 7, 11)	G	G	1	None
191.0	0.25	128.0	B3	59.0	True	128.0	1.1667	264.0	I	False	('G', 'B', 'D')	G	G	0.0	major triad	(2, 7, 11)	G	G	1	None
191.0	0.5	128.0	G3	55.0	True	128.0	1.1667	264.0	I	False	('G', 'B', 'D')	G	G	0.0	major triad	(2, 7, 11)	G	G	1	None
191.0	0.5	128.0	D2	38.0	True	128.0	1.1667	264.0	I	False	('G', 'B', 'D')	G	G	0.0	major triad	(2, 7, 11)	G	G	1	None
191.25	0.25	128.0	C4	60.0	True	128.0	1.1667	264.0	I	False	('G', 'B', 'D')	G	G	0.0	major triad	(2, 7, 11)	G	G	1	None
191.5	0.5	128.0	D3	50.0	True	128.0	1.1667	264.0	I	False	('G', 'B', 'D')	G	G	0.0	major triad	(2, 7, 11)	G	G	1	None
191.5	0.5	128.0	G2	43.0	True	128.0	1.1667	264.0	I	False	('G', 'B', 'D')	G	G	0.0	major triad	(2, 7, 11)	G	G	1	None
191.5	0.25	128.0	B3	59.0	True	128.0	1.1667	264.0	I	False	('G', 'B', 'D')	G	G	0.0	major triad	(2, 7, 11)	G	G	1	None
191.75	0.25	128.0	G4	67.0	True	128.0	1.1667	264.0	I	False	('G', 'B', 'D')	G	G	0.0	major triad	(2, 7, 11)	G	G	1	None
192.0	0.5	129.0	F#4	66.0	True	129.0	0.1667	265.0	V	True	('D', 'F#', 'A')	D	D	0.0	major triad	(2, 6, 9)	G	G	5	None
192.1667						129.0	1.3333	266.0	I	True	('G', 'B', 'D')	G	G	0.0	major triad	(2, 7, 11)	G	G	1	None
192.5	1.0	129.0	G4	67.0	True	129.0	1.3333	266.0	I	False	('G', 'B', 'D')	G	G	0.0	major triad	(2, 7, 11)	G	G	1	None
193.5	0.25	130.0	A4	69.0	True	130.0	1.5	267.0	viio	True	('F#', 'A', 'C')	F#	F#	0.0	diminished triad	(0, 6, 9)	G	G	7	None
193.75	0.25	130.0	B4	71.0	True	130.0	1.5	267.0	viio	False	('F#', 'A', 'C')	F#	F#	0.0	diminished triad	(0, 6, 9)	G	G	7	None
194.0	0.5	130.0	C5	72.0	True	130.0	1.5	267.0	viio	False	('F#', 'A', 'C')	F#	F#	0.0	diminished triad	(0, 6, 9)	G	G	7	None
194.5	0.25	130.0	F#4	66.0	True	130.0	1.5	267.0	viio	False	('F#', 'A', 'C')	F#	F#	0.0	diminished triad	(0, 6, 9)	G	G	7	None
195.0	1.5	131.0	G5	79.0	True	131.0	1.5	268.0	I	True	('G', 'B', 'D')	G	G	0.0	major triad	(2, 7, 11)	G	G	1	None
196.5	0.5	132.0	D6	86.0	True	132.0	1.5	269.0	I	True	('G', 'B', 'D')	G	G	0.0	major triad	(2, 7, 11)	G	G	1	None
197.0	0.5	132.0	B5	83.0	True	132.0	1.5	269.0	I	False	('G', 'B', 'D')	G	G	0.0	major triad	(2, 7, 11)	G	G	1	None
197.5	0.25	132.0	D6	86.0	True	132.0	1.5	269.0	I	False	('G', 'B', 'D')	G	G	0.0	major triad	(2, 7, 11)	G	G	1	None
198.0	0.5	133.0	D5	74.0	True	133.0	1.5	270.0	I	True	('G', 'B', 'D')	G	G	0.0	major triad	(2, 7, 11)	G	G	1	None
198.5	0.5	133.0	B4	71.0	True	133.0	1.5	270.0	I	False	('G', 'B', 'D')	G	G	0.0	major triad	(2, 7, 11)	G	G	1	None
199.0	0.25	133.0	D5	74.0	True	133.0	1.5	270.0	I	False	('G', 'B', 'D')	G	G	0.0	major triad	(2, 7, 11)	G	G	1	None
199.5	1.5	134.0	G4	67.0	True	134.0	1.5	271.0	I	True	('G', 'B', 'D')	G	G	0.0	major triad	(2, 7, 11)	G	G	1	None
201.0	0.25	135.0	A3	57.0	True	135.0	1.5	272.0	ii	True	('A', 'C', 'E')	A	A	0.0	minor triad	(0, 4, 9)	G	G	2	None
201.25	0.25	135.0	B3	59.0	True	135.0	1.5	272.0	ii	False	('A', 'C', 'E')	A	A	0.0	minor triad	(0, 4, 9)	G	G	2	None
201.5	0.5	135.0	C4	60.0	True	135.0	1.5	272.0	ii	False	('A', 'C', 'E')	A	A	0.0	minor triad	(0, 4, 9)	G	G	2	None
202.0	0.25	135.0	E4	64.0	True	135.0	1.5	272.0	ii	False	('A', 'C', 'E')	A	A	0.0	minor triad	(0, 4, 9)	G	G	2	None
202.5	0.5	136.0	G3	55.0	True	136.0	1.5	273.0	V	True	('D', 'F#', 'A')	D	D	0.0	major triad	(2, 6, 9)	G	G	5	None
203.0	1.0	136.0	F#3	54.0	True	136.0	1.5	273.0	V	False	('D', 'F#', 'A')	D	D	0.0	major triad	(2, 6, 9)	G	G	5	None
204.0	0.25	137.0	A3	57.0	True	137.0	0.1667	274.0	V7	True	('F', 'G', 'B', 'D')	F	G	3.0	dominant seventh chord	(2, 5, 7, 11)	C	C	5	None
204.0	0.5	137.0	F3	53.0	True	137.0	0.1667	274.0	V7	True	('F', 'G', 'B', 'D')	F	G	3.0	dominant seventh chord	(2, 5, 7, 11)	C	C	5	None
204.1667						137.0	0.1667	275.0	I	True	('E', 'G', 'C')	E	C	1.0	major triad	(0, 4, 7)	C	C	1	None
204.25	0.25	137.0	B3	59.0	True	137.0	0.1667	275.0	I	False	('E', 'G', 'C')	E	C	1.0	major triad	(0, 4, 7)	C	C	1	None
204.3333						137.0	1.1667	276.0	I	True	('C', 'E', 'G')	C	C	0.0	major triad	(0, 4, 7)	C	C	1	None
204.5	0.5	137.0	C4	60.0	True	137.0	1.1667	276.0	I	False	('C', 'E', 'G')	C	C	0.0	major triad	(0, 4, 7)	C	C	1	None
204.5	0.5	137.0	E3	52.0	True	137.0	1.1667	276.0	I	False	('C', 'E', 'G')	C	C	0.0	major triad	(0, 4, 7)	C	C	1	None
205.0	0.25	137.0	E4	64.0	True	137.0	1.1667	276.0	I	False	('C', 'E', 'G')	C	C	0.0	major triad	(0, 4, 7)	C	C	1	None
205.0	0.5	137.0	C3	48.0	True	137.0	1.1667	276.0	I	False	('C', 'E', 'G')	C	C	0.0	major triad	(0, 4, 7)	C	C	1	None
205.5	0.5	138.0	G3	55.0	True	138.0	0.1667	277.0	V	True	('B', 'D', 'G')	B	G	1.0	major triad	(2, 7, 11)	C	C	5	None
205.5	0.5	138.0	B2	47.0	True	138.0	0.1667	277.0	V	True	('B', 'D', 'G')	B	G	1.0	major triad	(2, 7, 11)	C	C	5	None
205.6667						138.0	0.1667	278.0	V/V	True	('D', 'F#', 'A')	D	D	0.0	major triad	(2, 6, 9)	C	G	5	5
205.8333						138.0	1.1667	279.0	iv	True	('A-', 'C', 'F')	A-	F	1.0	minor triad	(0, 5, 8)	C	C	4	None
206.0	0.5	138.0	A2	45.0	True	138.0	1.1667	279.0	iv	False	('A-', 'C', 'F')	A-	F	1.0	minor triad	(0, 5, 8)	C	C	4	None
206.0	0.5	138.0	F#3	54.0	True	138.0	1.1667	279.0	iv	False	('A-', 'C', 'F')	A-	F	1.0	minor triad	(0, 5, 8)	C	C	4	None
206.5	0.5	138.0	F3	53.0	True	138.0	1.1667	279.0	iv	False	('A-', 'C', 'F')	A-	F	1.0	minor triad	(0, 5, 8)	C	C	4	None
206.5	0.5	138.0	A-2	44.0	True	138.0	1.1667	279.0	iv	False	('A-', 'C', 'F')	A-	F	1.0	minor triad	(0, 5, 8)	C	C	4	None
207.0	0.5	139.0	A-2	44.0	False	139.0	0.1667	280.0	iio	True	('A-', 'D', 'F')	A-	D	2.0	diminished triad	(2, 5, 8)	C	C	2	None
207.0	0.5	139.0	F3	53.0	False	139.0	0.1667	280.0	iio	True	('A-', 'D', 'F')	A-	D	2.0	diminished triad	(2, 5, 8)	C	C	2	None
207.0	0.25	139.0	D4	62.0	True	139.0	0.1667	280.0	iio	True	('A-', 'D', 'F')	A-	D	2.0	diminished triad	(2, 5, 8)	C	C	2	None
207.1667						139.0	1.3333	281.0	V7	True	('G', 'B', 'D', 'F')	G	G	0.0	dominant seventh chord	(2, 5, 7, 11)	C	C	5	None
207.25	0.25	139.0	E4	64.0	True	139.0	1.3333	281.0	V7	False	('G', 'B', 'D', 'F')	G	G	0.0	dominant seventh chord	(2, 5, 7, 11)	C	C	5	None
207.5	0.5	139.0	F4	65.0	True	139.0	1.3333	281.0	V7	False	('G', 'B', 'D', 'F')	G	G	0.0	dominant seventh chord	(2, 5, 7, 11)	C	C	5	None
207.5	0.25	139.0	D3	50.0	True	139.0	1.3333	281.0	V7	False	('G', 'B', 'D', 'F')	G	G	0.0	dominant seventh chord	(2, 5, 7, 11)	C	C	5	None
207.5	0.5	139.0	G2	43.0	True	139.0	1.3333	281.0	V7	False	('G', 'B', 'D', 'F')	G	G	0.0	dominant seventh chord	(2, 5, 7, 11)	C	C	5	None
207.75	0.25	139.0	E3	52.0	True	139.0	1.3333	281.0	V7	False	('G', 'B', 'D', 'F')	G	G	0.0	dominant seventh chord	(2, 5, 7, 11)	C	C	5	None
208.0	0.25	139.0	F3	53.0	True	139.0	1.3333	281.0	V7	False	('G', 'B', 'D', 'F')	G	G	0.0	dominant seventh chord	(2, 5, 7, 11)	C	C	5	None
208.0	0.25	139.0	A4	69.0	True	139.0	1.3333	281.0	V7	False	('G', 'B', 'D', 'F')	G	G	0.0	dominant seventh chord	(2, 5, 7, 11)	C	C	5	None
208.0	0.5	139.0	G2	43.0	True	139.0	1.3333	281.0	V7	False	('G', 'B', 'D', 'F')	G	G	0.0	dominant seventh chord	(2, 5, 7, 11)	C	C	5	None
208.5	0.25	140.0	D5	74.0	True	140.0	0.1667	282.0	I	True	('G', 'C', 'E')	G	C	2.0	major triad	(0, 4, 7)	C	C	1	None
208.5	0.5	140.0	C4	60.0	True	140.0	0.1667	282.0	I	True	('G', 'C', 'E')	G	C	2.0	major triad	(0, 4, 7)	C	C	1	None
208.5	0.5	140.0	G2	43.0	True	140.0	0.1667	282.0	I	True	('G', 'C', 'E')	G	C	2.0	major triad	(0, 4, 7)	C	C	1	None
208.5	0.5	140.0	E3	52.0	True	140.0	0.1667	282.0	I	True	('G', 'C', 'E')	G	C	2.0	major triad	(0, 4, 7)	C	C	1	None
208.6667						140.0	1.3333	283.0	V7	True	('G', 'B', 'D', 'F')	G	G	0.0	dominant seventh chord	(2, 5, 7, 11)	C	C	5	None
208.75	0.25	140.0	E5	76.0	True	140.0	1.3333	283.0	V7	False	('G', 'B', 'D', 'F')	G	G	0.0	dominant seventh chord	(2, 5, 7, 11)	C	C	5	None
209.0	0.5	140.0	F5	77.0	True	140.0	1.3333	283.0	V7	False	('G', 'B', 'D', 'F')	G	G	0.0	dominant seventh chord	(2, 5, 7, 11)	C	C	5	None
209.0	1.0	140.0	B3	59.0	True	140.0	1.3333	283.0	V7	False	('G', 'B', 'D', 'F')	G	G	0.0	dominant seventh chord	(2, 5, 7, 11)	C	C	5	None
209.0	1.0	140.0	D3	50.0	True	140.0	1.3333	283.0	V7	False	('G', 'B', 'D', 'F')	G	G	0.0	dominant seventh chord	(2, 5, 7, 11)	C	C	5	None
209.0	0.5	140.0	G2	43.0	True	140.0	1.3333	283.0	V7	False	('G', 'B', 'D', 'F')	G	G	0.0	dominant seventh chord	(2, 5, 7, 11)	C	C	5	None
209.5	0.25	140.0	G5	79.0	True	140.0	1.3333	283.0	V7	False	('G', 'B', 'D', 'F')	G	G	0.0	dominant seventh chord	(2, 5, 7, 11)	C	C	5	None
209.5	0.5	140.0	G2	43.0	True	140.0	1.3333	283.0	V7	False	('G', 'B', 'D', 'F')	G	G	0.0	dominant seventh chord	(2, 5, 7, 11)	C	C	5	None
210.0	0.5	141.0	G4	67.0	True	141.0	1.5	284.0	I	True	('C', 'E', 'G')	C	C	0.0	major triad	(0, 4, 7)	C	C	1	None
210.0	0.5	141.0	G3	55.0	True	141.0	1.5	284.0	I	True	('C', 'E', 'G')	C	C	0.0	major triad	(0, 4, 7)	C	C	1	None
210.5	0.5	141.0	E4	64.0	True	141.0	1.5	284.0	I	False	('C', 'E', 'G')	C	C	0.0	major triad	(0, 4, 7)	C	C	1	None
210.5	0.5	141.0	E3	52.0	True	141.0	1.5	284.0	I	False	('C', 'E', 'G')	C	C	0.0	major triad	(0, 4, 7)	C	C	1	None
211.0	0.25	141.0	G4	67.0	True	141.0	1.5	284.0	I	False	('C', 'E', 'G')	C	C	0.0	major triad	(0, 4, 7)	C	C	1	None
211.0	0.25	141.0	G3	55.0	True	141.0	1.5	284.0	I	False	('C', 'E', 'G')	C	C	0.0	major triad	(0, 4, 7)	C	C	1	None
211.5	1.5	142.0	C3	48.0	True	142.0	1.5	285.0	I	True	('C', 'E', 'G')	C	C	0.0	major triad	(0, 4, 7)	C	C	1	None
211.5	1.5	142.0	C2	36.0	True	142.0	1.5	285.0	I	True	('C', 'E', 'G')	C	C	0.0	major triad	(0, 4, 7)	C	C	1	None
211.5	0.5	142.0	G5	79.0	True	142.0	1.5	285.0	I	True	('C', 'E', 'G')	C	C	0.0	major triad	(0, 4, 7)	C	C	1	None
212.0	0.5	142.0	E5	76.0	True	142.0	1.5	285.0	I	False	('C', 'E', 'G')	C	C	0.0	major triad	(0, 4, 7)	C	C	1	None
212.5	0.25	142.0	G5	79.0	True	142.0	1.5	285.0	I	False	('C', 'E', 'G')	C	C	0.0	major triad	(0, 4, 7)	C	C	1	None
213.0	0.5	143.0	D6	86.0	True	143.0	0.1667	286.0	I	True	('G', 'B', 'D')	G	G	0.0	major triad	(2, 7, 11)	G	G	1	None
213.0	0.5	143.0	D5	74.0	True	143.0	0.1667	286.0	I	True	('G', 'B', 'D')	G	G	0.0	major triad	(2, 7, 11)	G	G	1	None
213.0	0.25	143.0	D3	50.0	True	143.0	0.1667	286.0	I	True	('G', 'B', 'D')	G	G	0.0	major triad	(2, 7, 11)	G	G	1	None
213.0	0.5	143.0	G2	43.0	True	143.0	0.1667	286.0	I	True	('G', 'B', 'D')	G	G	0.0	major triad	(2, 7, 11)	G	G	1	None
213.1667						143.0	0.1667	287.0	I	True	('B', 'D', 'G')	B	G	1.0	major triad	(2, 7, 11)	G	G	1	None
213.25	0.25	143.0	B3	59.0	True	143.0	0.1667	287.0	I	False	('B', 'D', 'G')	B	G	1.0	major triad	(2, 7, 11)	G	G	1	None
213.3333						143.0	1.1667	288.0	I	True	('G', 'B', 'D')	G	G	0.0	major triad	(2, 7, 11)	G	G	1	None
213.5	0.5	143.0	B5	83.0	True	143.0	1.1667	288.0	I	False	('G', 'B', 'D')	G	G	0.0	major triad	(2, 7, 11)	G	G	1	None
213.5	0.5	143.0	B2	47.0	True	143.0	1.1667	288.0	I	False	('G', 'B', 'D')	G	G	0.0	major triad	(2, 7, 11)	G	G	1	None
213.5	0.25	143.0	G4	67.0	True	143.0	1.1667	288.0	I	False	('G', 'B', 'D')	G	G	0.0	major triad	(2, 7, 11)	G	G	1	None
213.5	0.5	143.0	B4	71.0	True	143.0	1.1667	288.0	I	False	('G', 'B', 'D')	G	G	0.0	major triad	(2, 7, 11)	G	G	1	None
213.75	0.25	143.0	F#4	66.0	True	143.0	1.1667	288.0	I	False	('G', 'B', 'D')	G	G	0.0	major triad	(2, 7, 11)	G	G	1	None
214.0	0.25	143.0	G4	67.0	True	143.0	1.1667	288.0	I	False	('G', 'B', 'D')	G	G	0.0	major triad	(2, 7, 11)	G	G	1	None
214.0	0.25	143.0	D5	74.0	True	143.0	1.1667	288.0	I	False	('G', 'B', 'D')	G	G	0.0	major triad	(2, 7, 11)	G	G	1	None
214.0	0.5	143.0	G2	43.0	True	143.0	1.1667	288.0	I	False	('G', 'B', 'D')	G	G	0.0	major triad	(2, 7, 11)	G	G	1	None
214.0	0.25	143.0	D6	86.0	True	143.0	1.1667	288.0	I	False	('G', 'B', 'D')	G	G	0.0	major triad	(2, 7, 11)	G	G	1	None
214.25	0.25	143.0	B3	59.0	True	143.0	1.1667	288.0	I	False	('G', 'B', 'D')	G	G	0.0	major triad	(2, 7, 11)	G	G	1	None
214.5	1.5	144.0	G5	79.0	True	144.0	0.1667	289.0	vi	True	('B', 'E', 'G')	B	E	2.0	minor triad	(4, 7, 11)	G	G	6	None
214.5	1.5	144.0	G4	67.0	True	144.0	0.1667	289.0	vi	True	('B', 'E', 'G')	B	E	2.0	minor triad	(4, 7, 11)	G	G	6	None
214.5	0.25	144.0	E3	52.0	True	144.0	0.1667	289.0	vi	True	('B', 'E', 'G')	B	E	2.0	minor triad	(4, 7, 11)	G	G	6	None
214.5	0.5	144.0	B2	47.0	True	144.0	0.1667	289.0	vi	True	('B', 'E', 'G')	B	E	2.0	minor triad	(4, 7, 11)	G	G	6	None
214.6667						144.0	0.1667	290.0	vi	True	('E', 'G', 'B')	E	E	0.0	minor triad	(4, 7, 11)	G	G	6	None
214.75	0.25	144.0	B3	59.0	True	144.0	0.1667	290.0	vi	False	('E', 'G', 'B')	E	E	0.0	minor triad	(4, 7, 11)	G	G	6	None
214.8333						144.0	1.1667	291.0	vi	True	('B', 'E', 'G')	B	E	2.0	minor triad	(4, 7, 11)	G	G	6	None
215.0	0.5	144.0	E2	40.0	True	144.0	1.1667	291.0	vi	False	('B', 'E', 'G')	B	E	2.0	minor triad	(4, 7, 11)	G	G	6	None
215.0	0.25	144.0	G4	67.0	True	144.0	1.1667	291.0	vi	False	('B', 'E', 'G')	B	E	2.0	minor triad	(4, 7, 11)	G	G	6	None
215.25	0.25	144.0	F#3	54.0	True	144.0	1.1667	291.0	vi	False	('B', 'E', 'G')	B	E	2.0	minor triad	(4, 7, 11)	G	G	6	None
215.5	0.5	144.0	B2	47.0	True	144.0	1.1667	291.0	vi	False	('B', 'E', 'G')	B	E	2.0	minor triad	(4, 7, 11)	G	G	6	None
215.5	0.25	144.0	G3	55.0	True	144.0	1.1667	291.0	vi	False	('B', 'E', 'G')	B	E	2.0	minor triad	(4, 7, 11)	G	G	6	None
215.75	0.25	144.0	E4	64.0	True	144.0	1.1667	291.0	vi	False	('B', 'E', 'G')	B	E	2.0	minor triad	(4, 7, 11)	G	G	6	None
216.0	0.25	145.0	A4	69.0	True	145.0	0.1667	292.0	ii	True	('C', 'E', 'A')	C	A	1.0	minor triad	(0, 4, 9)	G	G	2	None
216.0	0.25	145.0	C3	48.0	True	145.0	0.1667	292.0	ii	True	('C', 'E', 'A')	C	A	1.0	minor triad	(0, 4, 9)	G	G	2	None
216.0	0.25	145.0	A5	81.0	True	145.0	0.1667	292.0	ii	True	('C', 'E', 'A')	C	A	1.0	minor triad	(0, 4, 9)	G	G	2	None
216.0	0.5	145.0	C2	36.0	True	145.0	0.1667	292.0	ii	True	('C', 'E', 'A')	C	A	1.0	minor triad	(0, 4, 9)	G	G	2	None
216.1667						145.0	0.1667	293.0	ii	True	('A', 'C', 'E')	A	A	0.0	minor triad	(0, 4, 9)	G	G	2	None
216.25	0.25	145.0	B5	83.0	True	145.0	0.1667	293.0	ii	False	('A', 'C', 'E')	A	A	0.0	minor triad	(0, 4, 9)	G	G	2	None
216.25	0.25	145.0	B4	71.0	True	145.0	0.1667	293.0	ii	False	('A', 'C', 'E')	A	A	0.0	minor triad	(0, 4, 9)	G	G	2	None
216.25	0.25	145.0	E4	64.0	True	145.0	0.1667	293.0	ii	False	('A', 'C', 'E')	A	A	0.0	minor triad	(0, 4, 9)	G	G	2	None
216.3333						145.0	1.1667	294.0	V7	True	('D', 'F#', 'A', 'C')	D	D	0.0	dominant seventh chord	(0, 2, 6, 9)	G	G	5	None
216.5	0.5	145.0	C6	84.0	True	145.0	1.1667	294.0	V7	False	('D', 'F#', 'A', 'C')	D	D	0.0	dominant seventh chord	(0, 2, 6, 9)	G	G	5	None
216.5	0.5	145.0	A2	45.0	True	145.0	1.1667	294.0	V7	False	('D', 'F#', 'A', 'C')	D	D	0.0	dominant seventh chord	(0, 2, 6, 9)	G	G	5	None
216.5	0.25	145.0	D4	62.0	True	145.0	1.1667	294.0	V7	False	('D', 'F#', 'A', 'C')	D	D	0.0	dominant seventh chord	(0, 2, 6, 9)	G	G	5	None
216.5	0.5	145.0	C5	72.0	True	145.0	1.1667	294.0	V7	False	('D', 'F#', 'A', 'C')	D	D	0.0	dominant seventh chord	(0, 2, 6, 9)	G	G	5	None
216.75	0.25	145.0	C4	60.0	True	145.0	1.1667	294.0	V7	False	('D', 'F#', 'A', 'C')	D	D	0.0	dominant seventh chord	(0, 2, 6, 9)	G	G	5	None
217.0	0.25	145.0	C4	60.0	True	145.0	1.1667	294.0	V7	False	('D', 'F#', 'A', 'C')	D	D	0.0	dominant seventh chord	(0, 2, 6, 9)	G	G	5	None
217.0	0.5	145.0	D2	38.0	True	145.0	1.1667	294.0	V7	False	('D', 'F#', 'A', 'C')	D	D	0.0	dominant seventh chord	(0, 2, 6, 9)	G	G	5	None
217.0	0.25	145.0	F#5	78.0	True	145.0	1.1667	294.0	V7	False	('D', 'F#', 'A', 'C')	D	D	0.0	dominant seventh chord	(0, 2, 6, 9)	G	G	5	None
217.0	0.25	145.0	F#4	66.0	True	145.0	1.1667	294.0	V7	False	('D', 'F#', 'A', 'C')	D	D	0.0	dominant seventh chord	(0, 2, 6, 9)	G	G	5	None
217.25	0.25	145.0	A3	57.0	True	145.0	1.1667	294.0	V7	False	('D', 'F#', 'A', 'C')	D	D	0.0	dominant seventh chord	(0, 2, 6, 9)	G	G	5	None
217.5	0.5	146.0	F#5	78.0	True	146.0	0.1667	295.0	V7	True	('D', 'F#', 'A', 'C')	D	D	0.0	dominant seventh chord	(0, 2, 6, 9)	G	G	5	None
217.5	0.5	146.0	F#4	66.0	True	146.0	0.1667	295.0	V7	True	('D', 'F#', 'A', 'C')	D	D	0.0	dominant seventh chord	(0, 2, 6, 9)	G	G	5	None
217.5	0.25	146.0	A3	57.0	True	146.0	0.1667	295.0	V7	True	('D', 'F#', 'A', 'C')	D	D	0.0	dominant seventh chord	(0, 2, 6, 9)	G	G	5	None
217.5	0.5	146.0	D3	50.0	True	146.0	0.1667	295.0	V7	True	('D', 'F#', 'A', 'C')	D	D	0.0	dominant seventh chord	(0, 2, 6, 9)	G	G	5	None
217.6667						146.0	0.1667	296.0	I	True	('D', 'G', 'B')	D	G	2.0	major triad	(2, 7, 11)	G	G	1	None
217.75	0.25	146.0	C4	60.0	True	146.0	0.1667	296.0	I	False	('D', 'G', 'B')	D	G	2.0	major triad	(2, 7, 11)	G	G	1	None
217.8333						146.0	1.1667	297.0	I	True	('G', 'B', 'D')	G	G	0.0	major triad	(2, 7, 11)	G	G	1	None
218.0	0.5	146.0	D2	38.0	True	146.0	1.1667	297.0	I	False	('G', 'B', 'D')	G	G	0.0	major triad	(2, 7, 11)	G	G	1	None
218.0	1.0	146.0	G5	79.0	True	146.0	1.1667	297.0	I	False	('G', 'B', 'D')	G	G	0.0	major triad	(2, 7, 11)	G	G	1	None
218.0	1.0	146.0	G4	67.0	True	146.0	1.1667	297.0	I	False	('G', 'B', 'D')	G	G	0.0	major triad	(2, 7, 11)	G	G	1	None
218.0	0.25	146.0	B3	59.0	True	146.0	1.1667	297.0	I	False	('G', 'B', 'D')	G	G	0.0	major triad	(2, 7, 11)	G	G	1	None
218.25	0.25	146.0	A3	57.0	True	146.0	1.1667	297.0	I	False	('G', 'B', 'D')	G	G	0.0	major triad	(2, 7, 11)	G	G	1	None
218.5	0.5	146.0	G2	43.0	True	146.0	1.1667	297.0	I	False	('G', 'B', 'D')	G	G	0.0	major triad	(2, 7, 11)	G	G	1	None
218.5	0.25	146.0	B3	59.0	True	146.0	1.1667	297.0	I	False	('G', 'B', 'D')	G	G	0.0	major triad	(2, 7, 11)	G	G	1	None
218.75	0.25	146.0	G3	55.0	True	146.0	1.1667	297.0	I	False	('G', 'B', 'D')	G	G	0.0	major triad	(2, 7, 11)	G	G	1	None
219.0	0.25	147.0	C6	84.0	True	147.0	1.5	298.0	V7	True	('D', 'F#', 'A', 'C')	D	D	0.0	dominant seventh chord	(0, 2, 6, 9)	G	G	5	None
219.0	0.25	147.0	C5	72.0	True	147.0	1.5	298.0	V7	True	('D', 'F#', 'A', 'C')	D	D	0.0	dominant seventh chord	(0, 2, 6, 9)	G	G	5	None
219.0	0.25	147.0	A3	57.0	True	147.0	1.5	298.0	V7	True	('D', 'F#', 'A', 'C')	D	D	0.0	dominant seventh chord	(0, 2, 6, 9)	G	G	5	None
219.0	0.5	147.0	D2	38.0	True	147.0	1.5	298.0	V7	True	('D', 'F#', 'A', 'C')	D	D	0.0	dominant seventh chord	(0, 2, 6, 9)	G	G	5	None
219.25	0.25	147.0	G4	67.0	True	147.0	1.5	298.0	V7	False	('D', 'F#', 'A', 'C')	D	D	0.0	dominant seventh chord	(0, 2, 6, 9)	G	G	5	None
219.25	0.25	147.0	D6	86.0	True	147.0	1.5	298.0	V7	False	('D', 'F#', 'A', 'C')	D	D	0.0	dominant seventh chord	(0, 2, 6, 9)	G	G	5	None
219.25	0.25	147.0	D5	74.0	True	147.0	1.5	298.0	V7	False	('D', 'F#', 'A', 'C')	D	D	0.0	dominant seventh chord	(0, 2, 6, 9)	G	G	5	None
219.5	0.5	147.0	E6	88.0	True	147.0	1.5	298.0	V7	False	('D', 'F#', 'A', 'C')	D	D	0.0	dominant seventh chord	(0, 2, 6, 9)	G	G	5	None
219.5	0.5	147.0	E5	76.0	True	147.0	1.5	298.0	V7	False	('D', 'F#', 'A', 'C')	D	D	0.0	dominant seventh chord	(0, 2, 6, 9)	G	G	5	None
219.5	0.25	147.0	F#4	66.0	True	147.0	1.5	298.0	V7	False	('D', 'F#', 'A', 'C')	D	D	0.0	dominant seventh chord	(0, 2, 6, 9)	G	G	5	None
219.5	0.5	147.0	A2	45.0	True	147.0	1.5	298.0	V7	False	('D', 'F#', 'A', 'C')	D	D	0.0	dominant seventh chord	(0, 2, 6, 9)	G	G	5	None
219.75	0.25	147.0	E4	64.0	True	147.0	1.5	298.0	V7	False	('D', 'F#', 'A', 'C')	D	D	0.0	dominant seventh chord	(0, 2, 6, 9)	G	G	5	None
220.0	0.25	147.0	A5	81.0	True	147.0	1.5	298.0	V7	False	('D', 'F#', 'A', 'C')	D	D	0.0	dominant seventh chord	(0, 2, 6, 9)	G	G	5	None
220.0	0.25	147.0	A4	69.0	True	147.0	1.5	298.0	V7	False	('D', 'F#', 'A', 'C')	D	D	0.0	dominant seventh chord	(0, 2, 6, 9)	G	G	5	None
220.0	0.5	147.0	D2	38.0	True	147.0	1.5	298.0	V7	False	('D', 'F#', 'A', 'C')	D	D	0.0	dominant seventh chord	(0, 2, 6, 9)	G	G	5	None
220.0	0.25	147.0	F#4	66.0	True	147.0	1.5	298.0	V7	False	('D', 'F#', 'A', 'C')	D	D	0.0	dominant seventh chord	(0, 2, 6, 9)	G	G	5	None
220.25	0.25	147.0	C4	60.0	True	147.0	1.5	298.0	V7	False	('D', 'F#', 'A', 'C')	D	D	0.0	dominant seventh chord	(0, 2, 6, 9)	G	G	5	None
220.5	0.5	148.0	A5	81.0	True	148.0	0.1667	299.0	I	True	('B', 'D', 'G')	B	G	1.0	major triad	(2, 7, 11)	G	G	1	None
220.5	0.5	148.0	A4	69.0	True	148.0	0.1667	299.0	I	True	('B', 'D', 'G')	B	G	1.0	major triad	(2, 7, 11)	G	G	1	None
220.5	0.25	148.0	G3	55.0	True	148.0	0.1667	299.0	I	True	('B', 'D', 'G')	B	G	1.0	major triad	(2, 7, 11)	G	G	1	None
220.5	0.5	148.0	B2	47.0	True	148.0	0.1667	299.0	I	True	('B', 'D', 'G')	B	G	1.0	major triad	(2, 7, 11)	G	G	1	None
220.6667						148.0	1.3333	300.0	I	True	('D', 'G', 'B')	D	G	2.0	major triad	(2, 7, 11)	G	G	1	None
220.75	0.25	148.0	A4	69.0	True	148.0	1.3333	300.0	I	False	('D', 'G', 'B')	D	G	2.0	major triad	(2, 7, 11)	G	G	1	None
221.0	1.0	148.0	B5	83.0	True	148.0	1.3333	300.0	I	False	('D', 'G', 'B')	D	G	2.0	major triad	(2, 7, 11)	G	G	1	None
221.0	0.25	148.0	G4	67.0	True	148.0	1.3333	300.0	I	False	('D', 'G', 'B')	D	G	2.0	major triad	(2, 7, 11)	G	G	1	None
221.0	1.0	148.0	B4	71.0	True	148.0	1.3333	300.0	I	False	('D', 'G', 'B')	D	G	2.0	major triad	(2, 7, 11)	G	G	1	None
221.0	0.5	148.0	D2	38.0	True	148.0	1.3333	300.0	I	False	('D', 'G', 'B')	D	G	2.0	major triad	(2, 7, 11)	G	G	1	None
221.25	0.25	148.0	F#4	66.0	True	148.0	1.3333	300.0	I	False	('D', 'G', 'B')	D	G	2.0	major triad	(2, 7, 11)	G	G	1	None
221.5	0.25	148.0	G4	67.0	True	148.0	1.3333	300.0	I	False	('D', 'G', 'B')	D	G	2.0	major triad	(2, 7, 11)	G	G	1	None
221.5	0.5	148.0	B2	47.0	True	148.0	1.3333	300.0	I	False	('D', 'G', 'B')	D	G	2.0	major triad	(2, 7, 11)	G	G	1	None
221.75	0.25	148.0	G3	55.0	True	148.0	1.3333	300.0	I	False	('D', 'G', 'B')	D	G	2.0	major triad	(2, 7, 11)	G	G	1	None
222.0	0.25	149.0	C6	84.0	True	149.0	1.5	301.0	V7	True	('D', 'F#', 'A', 'C')	D	D	0.0	dominant seventh chord	(0, 2, 6, 9)	G	G	5	None
222.0	0.25	149.0	C5	72.0	True	149.0	1.5	301.0	V7	True	('D', 'F#', 'A', 'C')	D	D	0.0	dominant seventh chord	(0, 2, 6, 9)	G	G	5	None
222.0	0.25	149.0	A3	57.0	True	149.0	1.5	301.0	V7	True	('D', 'F#', 'A', 'C')	D	D	0.0	dominant seventh chord	(0, 2, 6, 9)	G	G	5	None
222.0	0.5	149.0	D2	38.0	True	149.0	1.5	301.0	V7	True	('D', 'F#', 'A', 'C')	D	D	0.0	dominant seventh chord	(0, 2, 6, 9)	G	G	5	None
222.25	0.25	149.0	G4	67.0	True	149.0	1.5	301.0	V7	False	('D', 'F#', 'A', 'C')	D	D	0.0	dominant seventh chord	(0, 2, 6, 9)	G	G	5	None
222.25	0.25	149.0	D6	86.0	True	149.0	1.5	301.0	V7	False	('D', 'F#', 'A', 'C')	D	D	0.0	dominant seventh chord	(0, 2, 6, 9)	G	G	5	None
222.25	0.25	149.0	D5	74.0	True	149.0	1.5	301.0	V7	False	('D', 'F#', 'A', 'C')	D	D	0.0	dominant seventh chord	(0, 2, 6, 9)	G	G	5	None
222.5	0.5	149.0	E6	88.0	True	149.0	1.5	301.0	V7	False	('D', 'F#', 'A', 'C')	D	D	0.0	dominant seventh chord	(0, 2, 6, 9)	G	G	5	None
222.5	0.5	149.0	E5	76.0	True	149.0	1.5	301.0	V7	False	('D', 'F#', 'A', 'C')	D	D	0.0	dominant seventh chord	(0, 2, 6, 9)	G	G	5	None
222.5	0.25	149.0	F#4	66.0	True	149.0	1.5	301.0	V7	False	('D', 'F#', 'A', 'C')	D	D	0.0	dominant seventh chord	(0, 2, 6, 9)	G	G	5	None
222.5	0.5	149.0	A2	45.0	True	149.0	1.5	301.0	V7	False	('D', 'F#', 'A', 'C')	D	D	0.0	dominant seventh chord	(0, 2, 6, 9)	G	G	5	None
222.75	0.25	149.0	E4	64.0	True	149.0	1.5	301.0	V7	False	('D', 'F#', 'A', 'C')	D	D	0.0	dominant seventh chord	(0, 2, 6, 9)	G	G	5	None
223.0	0.25	149.0	F#5	78.0	True	149.0	1.5	301.0	V7	False	('D', 'F#', 'A', 'C')	D	D	0.0	dominant seventh chord	(0, 2, 6, 9)	G	G	5	None
223.0	0.25	149.0	F#6	90.0	True	149.0	1.5	301.0	V7	False	('D', 'F#', 'A', 'C')	D	D	0.0	dominant seventh chord	(0, 2, 6, 9)	G	G	5	None
223.0	0.25	149.0	D4	62.0	True	149.0	1.5	301.0	V7	False	('D', 'F#', 'A', 'C')	D	D	0.0	dominant seventh chord	(0, 2, 6, 9)	G	G	5	None
223.0	0.5	149.0	D2	38.0	True	149.0	1.5	301.0	V7	False	('D', 'F#', 'A', 'C')	D	D	0.0	dominant seventh chord	(0, 2, 6, 9)	G	G	5	None
223.25	0.25	149.0	C4	60.0	True	149.0	1.5	301.0	V7	False	('D', 'F#', 'A', 'C')	D	D	0.0	dominant seventh chord	(0, 2, 6, 9)	G	G	5	None
223.5	0.5	150.0	F#5	78.0	True	150.0	0.1667	302.0	V7	True	('D', 'F#', 'A', 'C')	D	D	0.0	dominant seventh chord	(0, 2, 6, 9)	G	G	5	None
223.5	0.25	150.0	C4	60.0	True	150.0	0.1667	302.0	V7	True	('D', 'F#', 'A', 'C')	D	D	0.0	dominant seventh chord	(0, 2, 6, 9)	G	G	5	None
223.5	0.5	150.0	F#6	90.0	True	150.0	0.1667	302.0	V7	True	('D', 'F#', 'A', 'C')	D	D	0.0	dominant seventh chord	(0, 2, 6, 9)	G	G	5	None
223.5	0.5	150.0	D3	50.0	True	150.0	0.1667	302.0	V7	True	('D', 'F#', 'A', 'C')	D	D	0.0	dominant seventh chord	(0, 2, 6, 9)	G	G	5	None
223.6667						150.0	0.1667	303.0	I	True	('D', 'G', 'B')	D	G	2.0	major triad	(2, 7, 11)	G	G	1	None
223.75	0.25	150.0	C5	72.0	True	150.0	0.1667	303.0	I	False	('D', 'G', 'B')	D	G	2.0	major triad	(2, 7, 11)	G	G	1	None
223.8333						150.0	1.1667	304.0	I	True	('G', 'B', 'D')	G	G	0.0	major triad	(2, 7, 11)	G	G	1	None
224.0	1.0	150.0	G5	79.0	True	150.0	1.1667	304.0	I	False	('G', 'B', 'D')	G	G	0.0	major triad	(2, 7, 11)	G	G	1	None
224.0	0.25	150.0	B4	71.0	True	150.0	1.1667	304.0	I	False	('G', 'B', 'D')	G	G	0.0	major triad	(2, 7, 11)	G	G	1	None
224.0	0.5	150.0	D2	38.0	True	150.0	1.1667	304.0	I	False	('G', 'B', 'D')	G	G	0.0	major triad	(2, 7, 11)	G	G	1	None
224.0	1.0	150.0	G6	91.0	True	150.0	1.1667	304.0	I	False	('G', 'B', 'D')	G	G	0.0	major triad	(2, 7, 11)	G	G	1	None
224.25	0.25	150.0	A4	69.0	True	150.0	1.1667	304.0	I	False	('G', 'B', 'D')	G	G	0.0	major triad	(2, 7, 11)	G	G	1	None
224.5	0.5	150.0	B4	71.0	True	150.0	1.1667	304.0	I	False	('G', 'B', 'D')	G	G	0.0	major triad	(2, 7, 11)	G	G	1	None
224.5	0.5	150.0	G2	43.0	True	150.0	1.1667	304.0	I	False	('G', 'B', 'D')	G	G	0.0	major triad	(2, 7, 11)	G	G	1	None
