j_offset	s_duration	s_measure	s_note	s_midi	s_isOnset	a_measure	a_duration	a_annotationNumber	a_romanNumeral	a_isOnset	a_pitchNames	a_bass	a_root	a_inversion	a_quality	a_pcset	a_localKey	a_tonicizedKey	a_degree1	a_degree2
0.0	1.0	1.0	F4	65.0	True	1.0	2.0	0.0	i	True	('B-', 'D-', 'F')	B-	B-	0.0	minor triad	(1, 5, 10)	b-	b-	1	None
0.0	3.0	1.0	D-4	61.0	True	1.0	2.0	0.0	i	True	('B-', 'D-', 'F')	B-	B-	0.0	minor triad	(1, 5, 10)	b-	b-	1	None
0.0	1.0	1.0	B-2	46.0	True	1.0	2.0	0.0	i	True	('B-', 'D-', 'F')	B-	B-	0.0	minor triad	(1, 5, 10)	b-	b-	1	None
1.0	0.5	1.0	E-4	63.0	True	1.0	2.0	0.0	i	False	('B-', 'D-', 'F')	B-	B-	0.0	minor triad	(1, 5, 10)	b-	b-	1	None
1.0	1.0	1.0	B-3	58.0	True	1.0	2.0	0.0	i	False	('B-', 'D-', 'F')	B-	B-	0.0	minor triad	(1, 5, 10)	b-	b-	1	None
1.5	0.5	1.0	F4	65.0	True	1.0	2.0	0.0	i	False	('B-', 'D-', 'F')	B-	B-	0.0	minor triad	(1, 5, 10)	b-	b-	1	None
2.0	1.0	1.0	G-4	66.0	True	1.0	2.0	1.0	iv7	True	('E-', 'G-', 'B-', 'D-')	E-	E-	0.0	minor seventh chord	(1, 3, 6, 10)	b-	b-	4	None
2.0	2.0	1.0	B-3	58.0	True	1.0	2.0	1.0	iv7	True	('E-', 'G-', 'B-', 'D-')	E-	E-	0.0	minor seventh chord	(1, 3, 6, 10)	b-	b-	4	None
3.0	1.0	1.0	E-2	39.0	True	1.0	2.0	1.0	iv7	False	('E-', 'G-', 'B-', 'D-')	E-	E-	0.0	minor seventh chord	(1, 3, 6, 10)	b-	b-	4	None
3.0	0.5	1.0	E-4	63.0	True	1.0	2.0	1.0	iv7	False	('E-', 'G-', 'B-', 'D-')	E-	E-	0.0	minor seventh chord	(1, 3, 6, 10)	b-	b-	4	None
3.5	0.5	1.0	D-4	61.0	True	1.0	2.0	1.0	iv7	False	('E-', 'G-', 'B-', 'D-')	E-	E-	0.0	minor seventh chord	(1, 3, 6, 10)	b-	b-	4	None
4.0	1.0	2.0	E-4	63.0	True	2.0	2.0	2.0	VII	True	('A-', 'C', 'E-')	A-	A-	0.0	major triad	(0, 3, 8)	b-	b-	7	None
4.0	3.0	2.0	C4	60.0	True	2.0	2.0	2.0	VII	True	('A-', 'C', 'E-')	A-	A-	0.0	major triad	(0, 3, 8)	b-	b-	7	None
4.0	2.0	2.0	B-3	58.0	False	2.0	2.0	2.0	VII	True	('A-', 'C', 'E-')	A-	A-	0.0	major triad	(0, 3, 8)	b-	b-	7	None
4.0	1.0	2.0	A-3	56.0	True	2.0	2.0	2.0	VII	True	('A-', 'C', 'E-')	A-	A-	0.0	major triad	(0, 3, 8)	b-	b-	7	None
5.0	0.5	2.0	D-4	61.0	True	2.0	2.0	2.0	VII	False	('A-', 'C', 'E-')	A-	A-	0.0	major triad	(0, 3, 8)	b-	b-	7	None
5.0	1.0	2.0	A-2	44.0	True	2.0	2.0	2.0	VII	False	('A-', 'C', 'E-')	A-	A-	0.0	major triad	(0, 3, 8)	b-	b-	7	None
5.5	0.5	2.0	E-4	63.0	True	2.0	2.0	2.0	VII	False	('A-', 'C', 'E-')	A-	A-	0.0	major triad	(0, 3, 8)	b-	b-	7	None
6.0	2.0	2.0	A-3	56.0	True	2.0	2.0	3.0	III7	True	('D-', 'F', 'A-', 'C')	D-	D-	0.0	major seventh chord	(0, 1, 5, 8)	b-	b-	3	None
6.0	1.0	2.0	F4	65.0	True	2.0	2.0	3.0	III7	True	('D-', 'F', 'A-', 'C')	D-	D-	0.0	major seventh chord	(0, 1, 5, 8)	b-	b-	3	None
7.0	0.5	2.0	D-4	61.0	True	2.0	2.0	3.0	III7	False	('D-', 'F', 'A-', 'C')	D-	D-	0.0	major seventh chord	(0, 1, 5, 8)	b-	b-	3	None
7.0	1.0	2.0	D-2	37.0	True	2.0	2.0	3.0	III7	False	('D-', 'F', 'A-', 'C')	D-	D-	0.0	major seventh chord	(0, 1, 5, 8)	b-	b-	3	None
7.5	0.5	2.0	C4	60.0	True	2.0	2.0	3.0	III7	False	('D-', 'F', 'A-', 'C')	D-	D-	0.0	major seventh chord	(0, 1, 5, 8)	b-	b-	3	None
8.0	1.0	3.0	D-4	61.0	True	3.0	2.0	4.0	VI	True	('G-', 'B-', 'D-')	G-	G-	0.0	major triad	(1, 6, 10)	b-	b-	6	None
8.0	3.0	3.0	B-3	58.0	True	3.0	2.0	4.0	VI	True	('G-', 'B-', 'D-')	G-	G-	0.0	major triad	(1, 6, 10)	b-	b-	6	None
8.0	2.0	3.0	A-3	56.0	False	3.0	2.0	4.0	VI	True	('G-', 'B-', 'D-')	G-	G-	0.0	major triad	(1, 6, 10)	b-	b-	6	None
8.0	1.0	3.0	G-2	42.0	True	3.0	2.0	4.0	VI	True	('G-', 'B-', 'D-')	G-	G-	0.0	major triad	(1, 6, 10)	b-	b-	6	None
9.0	1.0	3.0	G-3	54.0	True	3.0	2.0	4.0	VI	False	('G-', 'B-', 'D-')	G-	G-	0.0	major triad	(1, 6, 10)	b-	b-	6	None
9.0	0.5	3.0	C4	60.0	True	3.0	2.0	4.0	VI	False	('G-', 'B-', 'D-')	G-	G-	0.0	major triad	(1, 6, 10)	b-	b-	6	None
9.5	0.5	3.0	D-4	61.0	True	3.0	2.0	4.0	VI	False	('G-', 'B-', 'D-')	G-	G-	0.0	major triad	(1, 6, 10)	b-	b-	6	None
10.0	1.0	3.0	E-4	63.0	True	3.0	2.0	5.0	iv	True	('G-', 'B-', 'E-')	G-	E-	1.0	minor triad	(3, 6, 10)	b-	b-	4	None
10.0	1.0	3.0	G-3	54.0	True	3.0	2.0	5.0	iv	True	('G-', 'B-', 'E-')	G-	E-	1.0	minor triad	(3, 6, 10)	b-	b-	4	None
10.0	1.0	3.0	G-2	42.0	True	3.0	2.0	5.0	iv	True	('G-', 'B-', 'E-')	G-	E-	1.0	minor triad	(3, 6, 10)	b-	b-	4	None
11.0	1.0	3.0	E-4	63.0	True	3.0	2.0	5.0	iv	False	('G-', 'B-', 'E-')	G-	E-	1.0	minor triad	(3, 6, 10)	b-	b-	4	None
11.0	0.5	3.0	C4	60.0	True	3.0	2.0	5.0	iv	False	('G-', 'B-', 'E-')	G-	E-	1.0	minor triad	(3, 6, 10)	b-	b-	4	None
11.0	1.0	3.0	E-3	51.0	True	3.0	2.0	5.0	iv	False	('G-', 'B-', 'E-')	G-	E-	1.0	minor triad	(3, 6, 10)	b-	b-	4	None
11.0	1.0	3.0	G-2	42.0	True	3.0	2.0	5.0	iv	False	('G-', 'B-', 'E-')	G-	E-	1.0	minor triad	(3, 6, 10)	b-	b-	4	None
11.5	0.5	3.0	B-3	58.0	True	3.0	2.0	5.0	iv	False	('G-', 'B-', 'E-')	G-	E-	1.0	minor triad	(3, 6, 10)	b-	b-	4	None
12.0	1.0	4.0	C3	48.0	True	4.0	4.0	6.0	V	True	('F', 'A', 'C')	F	F	0.0	major triad	(0, 5, 9)	b-	b-	5	None
12.0	1.0	4.0	F2	41.0	True	4.0	4.0	6.0	V	True	('F', 'A', 'C')	F	F	0.0	major triad	(0, 5, 9)	b-	b-	5	None
12.0	1.0	4.0	F4	65.0	True	4.0	4.0	6.0	V	True	('F', 'A', 'C')	F	F	0.0	major triad	(0, 5, 9)	b-	b-	5	None
12.0	1.0	4.0	A3	57.0	True	4.0	4.0	6.0	V	True	('F', 'A', 'C')	F	F	0.0	major triad	(0, 5, 9)	b-	b-	5	None
16.0	1.0	5.0	F4	65.0	True	5.0	2.0	7.0	i	True	('B-', 'D-', 'F')	B-	B-	0.0	minor triad	(1, 5, 10)	b-	b-	1	None
16.0	3.0	5.0	D-4	61.0	True	5.0	2.0	7.0	i	True	('B-', 'D-', 'F')	B-	B-	0.0	minor triad	(1, 5, 10)	b-	b-	1	None
16.0	1.0	5.0	B-2	46.0	True	5.0	2.0	7.0	i	True	('B-', 'D-', 'F')	B-	B-	0.0	minor triad	(1, 5, 10)	b-	b-	1	None
17.0	0.5	5.0	E-4	63.0	True	5.0	2.0	7.0	i	False	('B-', 'D-', 'F')	B-	B-	0.0	minor triad	(1, 5, 10)	b-	b-	1	None
17.0	1.0	5.0	B-3	58.0	True	5.0	2.0	7.0	i	False	('B-', 'D-', 'F')	B-	B-	0.0	minor triad	(1, 5, 10)	b-	b-	1	None
17.5	0.5	5.0	F4	65.0	True	5.0	2.0	7.0	i	False	('B-', 'D-', 'F')	B-	B-	0.0	minor triad	(1, 5, 10)	b-	b-	1	None
18.0	2.0	5.0	B-3	58.0	True	5.0	2.0	8.0	iv7	True	('E-', 'G-', 'B-', 'D-')	E-	E-	0.0	minor seventh chord	(1, 3, 6, 10)	b-	b-	4	None
18.0	1.0	5.0	G-4	66.0	True	5.0	2.0	8.0	iv7	True	('E-', 'G-', 'B-', 'D-')	E-	E-	0.0	minor seventh chord	(1, 3, 6, 10)	b-	b-	4	None
19.0	0.5	5.0	E-4	63.0	True	5.0	2.0	8.0	iv7	False	('E-', 'G-', 'B-', 'D-')	E-	E-	0.0	minor seventh chord	(1, 3, 6, 10)	b-	b-	4	None
19.0	1.0	5.0	E-2	39.0	True	5.0	2.0	8.0	iv7	False	('E-', 'G-', 'B-', 'D-')	E-	E-	0.0	minor seventh chord	(1, 3, 6, 10)	b-	b-	4	None
19.5	0.5	5.0	D-4	61.0	True	5.0	2.0	8.0	iv7	False	('E-', 'G-', 'B-', 'D-')	E-	E-	0.0	minor seventh chord	(1, 3, 6, 10)	b-	b-	4	None
20.0	1.0	6.0	E-4	63.0	True	6.0	2.0	9.0	VII	True	('A-', 'C', 'E-')	A-	A-	0.0	major triad	(0, 3, 8)	b-	b-	7	None
20.0	3.0	6.0	C4	60.0	True	6.0	2.0	9.0	VII	True	('A-', 'C', 'E-')	A-	A-	0.0	major triad	(0, 3, 8)	b-	b-	7	None
20.0	2.0	6.0	B-3	58.0	False	6.0	2.0	9.0	VII	True	('A-', 'C', 'E-')	A-	A-	0.0	major triad	(0, 3, 8)	b-	b-	7	None
20.0	1.0	6.0	A-3	56.0	True	6.0	2.0	9.0	VII	True	('A-', 'C', 'E-')	A-	A-	0.0	major triad	(0, 3, 8)	b-	b-	7	None
21.0	1.0	6.0	A-2	44.0	True	6.0	2.0	9.0	VII	False	('A-', 'C', 'E-')	A-	A-	0.0	major triad	(0, 3, 8)	b-	b-	7	None
21.0	0.5	6.0	D-4	61.0	True	6.0	2.0	9.0	VII	False	('A-', 'C', 'E-')	A-	A-	0.0	major triad	(0, 3, 8)	b-	b-	7	None
21.5	0.5	6.0	E-4	63.0	True	6.0	2.0	9.0	VII	False	('A-', 'C', 'E-')	A-	A-	0.0	major triad	(0, 3, 8)	b-	b-	7	None
22.0	1.0	6.0	A-3	56.0	True	6.0	2.0	10.0	III7	True	('D-', 'F', 'A-', 'C')	D-	D-	0.0	major seventh chord	(0, 1, 5, 8)	b-	b-	3	None
22.0	1.0	6.0	F4	65.0	True	6.0	2.0	10.0	III7	True	('D-', 'F', 'A-', 'C')	D-	D-	0.0	major seventh chord	(0, 1, 5, 8)	b-	b-	3	None
23.0	0.5	6.0	D-4	61.0	True	6.0	2.0	10.0	III7	False	('D-', 'F', 'A-', 'C')	D-	D-	0.0	major seventh chord	(0, 1, 5, 8)	b-	b-	3	None
23.0	1.0	6.0	F3	53.0	True	6.0	2.0	10.0	III7	False	('D-', 'F', 'A-', 'C')	D-	D-	0.0	major seventh chord	(0, 1, 5, 8)	b-	b-	3	None
23.0	1.0	6.0	D-2	37.0	True	6.0	2.0	10.0	III7	False	('D-', 'F', 'A-', 'C')	D-	D-	0.0	major seventh chord	(0, 1, 5, 8)	b-	b-	3	None
23.5	0.5	6.0	C4	60.0	True	6.0	2.0	10.0	III7	False	('D-', 'F', 'A-', 'C')	D-	D-	0.0	major seventh chord	(0, 1, 5, 8)	b-	b-	3	None
24.0	1.0	7.0	D-4	61.0	True	7.0	1.0	11.0	VImaj7	True	('G-', 'B-', 'D-', 'F')	G-	G-	0.0	major seventh chord	(1, 5, 6, 10)	b-	b-	6	None
24.0	1.0	7.0	B-3	58.0	True	7.0	1.0	11.0	VImaj7	True	('G-', 'B-', 'D-', 'F')	G-	G-	0.0	major seventh chord	(1, 5, 6, 10)	b-	b-	6	None
24.0	1.0	7.0	F3	53.0	False	7.0	1.0	11.0	VImaj7	True	('G-', 'B-', 'D-', 'F')	G-	G-	0.0	major seventh chord	(1, 5, 6, 10)	b-	b-	6	None
24.0	1.0	7.0	G-2	42.0	True	7.0	1.0	11.0	VImaj7	True	('G-', 'B-', 'D-', 'F')	G-	G-	0.0	major seventh chord	(1, 5, 6, 10)	b-	b-	6	None
25.0	1.0	7.0	E-3	51.0	True	7.0	1.0	12.0	iv7	True	('G-', 'B-', 'D-', 'E-')	G-	E-	1.0	minor seventh chord	(1, 3, 6, 10)	b-	b-	4	None
25.0	1.0	7.0	G-2	42.0	True	7.0	1.0	12.0	iv7	True	('G-', 'B-', 'D-', 'E-')	G-	E-	1.0	minor seventh chord	(1, 3, 6, 10)	b-	b-	4	None
25.0	0.5	7.0	C4	60.0	True	7.0	1.0	12.0	iv7	True	('G-', 'B-', 'D-', 'E-')	G-	E-	1.0	minor seventh chord	(1, 3, 6, 10)	b-	b-	4	None
25.0	1.0	7.0	B-3	58.0	True	7.0	1.0	12.0	iv7	True	('G-', 'B-', 'D-', 'E-')	G-	E-	1.0	minor seventh chord	(1, 3, 6, 10)	b-	b-	4	None
25.5	0.5	7.0	D-4	61.0	True	7.0	1.0	12.0	iv7	False	('G-', 'B-', 'D-', 'E-')	G-	E-	1.0	minor seventh chord	(1, 3, 6, 10)	b-	b-	4	None
26.0	1.0	7.0	F2	41.0	True	7.0	1.0	13.0	V7	True	('F', 'A', 'C', 'E-')	F	F	0.0	dominant seventh chord	(0, 3, 5, 9)	b-	b-	5	None
26.0	1.0	7.0	E-4	63.0	True	7.0	1.0	13.0	V7	True	('F', 'A', 'C', 'E-')	F	F	0.0	dominant seventh chord	(0, 3, 5, 9)	b-	b-	5	None
26.0	1.0	7.0	A3	57.0	True	7.0	1.0	13.0	V7	True	('F', 'A', 'C', 'E-')	F	F	0.0	dominant seventh chord	(0, 3, 5, 9)	b-	b-	5	None
26.0	1.0	7.0	C3	48.0	True	7.0	1.0	13.0	V7	True	('F', 'A', 'C', 'E-')	F	F	0.0	dominant seventh chord	(0, 3, 5, 9)	b-	b-	5	None
27.0	1.0	7.0	F3	53.0	True	7.0	1.0	14.0	V	True	('F', 'A', 'C')	F	F	0.0	major triad	(0, 5, 9)	b-	b-	5	None
27.0	1.0	7.0	F2	41.0	True	7.0	1.0	14.0	V	True	('F', 'A', 'C')	F	F	0.0	major triad	(0, 5, 9)	b-	b-	5	None
27.0	1.0	7.0	C4	60.0	True	7.0	1.0	14.0	V	True	('F', 'A', 'C')	F	F	0.0	major triad	(0, 5, 9)	b-	b-	5	None
27.0	1.0	7.0	A3	57.0	True	7.0	1.0	14.0	V	True	('F', 'A', 'C')	F	F	0.0	major triad	(0, 5, 9)	b-	b-	5	None
28.0	1.0	8.0	F3	53.0	True	8.0	4.0	15.0	i	True	('B-', 'D-', 'F')	B-	B-	0.0	minor triad	(1, 5, 10)	b-	b-	1	None
28.0	1.0	8.0	B-2	46.0	True	8.0	4.0	15.0	i	True	('B-', 'D-', 'F')	B-	B-	0.0	minor triad	(1, 5, 10)	b-	b-	1	None
28.0	1.0	8.0	B-3	58.0	True	8.0	4.0	15.0	i	True	('B-', 'D-', 'F')	B-	B-	0.0	minor triad	(1, 5, 10)	b-	b-	1	None
28.0	1.0	8.0	B-3	58.0	True	8.0	4.0	15.0	i	True	('B-', 'D-', 'F')	B-	B-	0.0	minor triad	(1, 5, 10)	b-	b-	1	None
32.0	1.0	9.0	D-5	73.0	True	9.0	2.0	16.0	I	True	('F#', 'A', 'D')	F#	D	1.0	major triad	(2, 6, 9)	D	D	1	None
32.0	2.0	9.0	F4	65.0	True	9.0	2.0	16.0	I	True	('F#', 'A', 'D')	F#	D	1.0	major triad	(2, 6, 9)	D	D	1	None
32.0	2.0	9.0	A-4	68.0	True	9.0	2.0	16.0	I	True	('F#', 'A', 'D')	F#	D	1.0	major triad	(2, 6, 9)	D	D	1	None
32.0	1.0	9.0	A-2	44.0	True	9.0	2.0	16.0	I	True	('F#', 'A', 'D')	F#	D	1.0	major triad	(2, 6, 9)	D	D	1	None
33.0	0.5	9.0	C5	72.0	True	9.0	2.0	16.0	I	False	('F#', 'A', 'D')	F#	D	1.0	major triad	(2, 6, 9)	D	D	1	None
33.0	1.0	9.0	A-3	56.0	True	9.0	2.0	16.0	I	False	('F#', 'A', 'D')	F#	D	1.0	major triad	(2, 6, 9)	D	D	1	None
33.5	0.5	9.0	D-5	73.0	True	9.0	2.0	16.0	I	False	('F#', 'A', 'D')	F#	D	1.0	major triad	(2, 6, 9)	D	D	1	None
34.0	1.0	9.0	A-4	68.0	False	9.0	2.0	17.0	V7	True	('G', 'A', 'C#', 'E')	G	A	3.0	dominant seventh chord	(1, 4, 7, 9)	D	D	5	None
34.0	1.0	9.0	G-4	66.0	True	9.0	2.0	17.0	V7	True	('G', 'A', 'C#', 'E')	G	A	3.0	dominant seventh chord	(1, 4, 7, 9)	D	D	5	None
34.0	1.0	9.0	E-5	75.0	True	9.0	2.0	17.0	V7	True	('G', 'A', 'C#', 'E')	G	A	3.0	dominant seventh chord	(1, 4, 7, 9)	D	D	5	None
35.0	1.0	9.0	E-5	75.0	True	9.0	2.0	17.0	V7	False	('G', 'A', 'C#', 'E')	G	A	3.0	dominant seventh chord	(1, 4, 7, 9)	D	D	5	None
35.0	1.0	9.0	A-3	56.0	True	9.0	2.0	17.0	V7	False	('G', 'A', 'C#', 'E')	G	A	3.0	dominant seventh chord	(1, 4, 7, 9)	D	D	5	None
36.0	1.0	10.0	D-5	73.0	True	10.0	2.0	18.0	I	True	('F#', 'A', 'D')	F#	D	1.0	major triad	(2, 6, 9)	D	D	1	None
36.0	2.0	10.0	F4	65.0	True	10.0	2.0	18.0	I	True	('F#', 'A', 'D')	F#	D	1.0	major triad	(2, 6, 9)	D	D	1	None
36.0	2.0	10.0	A-4	68.0	True	10.0	2.0	18.0	I	True	('F#', 'A', 'D')	F#	D	1.0	major triad	(2, 6, 9)	D	D	1	None
36.0	1.0	10.0	A-2	44.0	True	10.0	2.0	18.0	I	True	('F#', 'A', 'D')	F#	D	1.0	major triad	(2, 6, 9)	D	D	1	None
37.0	1.0	10.0	A-5	80.0	True	10.0	2.0	18.0	I	False	('F#', 'A', 'D')	F#	D	1.0	major triad	(2, 6, 9)	D	D	1	None
37.0	1.0	10.0	A-3	56.0	True	10.0	2.0	18.0	I	False	('F#', 'A', 'D')	F#	D	1.0	major triad	(2, 6, 9)	D	D	1	None
38.0	1.0	10.0	E-4	63.0	True	10.0	2.0	19.0	V7	True	('E', 'G', 'A', 'C#')	E	A	2.0	dominant seventh chord	(1, 4, 7, 9)	D	D	5	None
38.0	1.0	10.0	A-4	68.0	False	10.0	2.0	19.0	V7	True	('E', 'G', 'A', 'C#')	E	A	2.0	dominant seventh chord	(1, 4, 7, 9)	D	D	5	None
38.0	1.0	10.0	G-5	78.0	True	10.0	2.0	19.0	V7	True	('E', 'G', 'A', 'C#')	E	A	2.0	dominant seventh chord	(1, 4, 7, 9)	D	D	5	None
39.0	1.0	10.0	G-4	66.0	True	10.0	2.0	19.0	V7	False	('E', 'G', 'A', 'C#')	E	A	2.0	dominant seventh chord	(1, 4, 7, 9)	D	D	5	None
39.0	1.0	10.0	E-5	75.0	True	10.0	2.0	19.0	V7	False	('E', 'G', 'A', 'C#')	E	A	2.0	dominant seventh chord	(1, 4, 7, 9)	D	D	5	None
39.0	1.0	10.0	A-3	56.0	True	10.0	2.0	19.0	V7	False	('E', 'G', 'A', 'C#')	E	A	2.0	dominant seventh chord	(1, 4, 7, 9)	D	D	5	None
40.0	1.0	11.0	D-5	73.0	True	11.0	2.0	20.0	I	True	('F#', 'A', 'D')	F#	D	1.0	major triad	(2, 6, 9)	D	D	1	None
40.0	2.0	11.0	F4	65.0	True	11.0	2.0	20.0	I	True	('F#', 'A', 'D')	F#	D	1.0	major triad	(2, 6, 9)	D	D	1	None
40.0	2.0	11.0	A-4	68.0	True	11.0	2.0	20.0	I	True	('F#', 'A', 'D')	F#	D	1.0	major triad	(2, 6, 9)	D	D	1	None
40.0	1.0	11.0	A-2	44.0	True	11.0	2.0	20.0	I	True	('F#', 'A', 'D')	F#	D	1.0	major triad	(2, 6, 9)	D	D	1	None
41.0	0.5	11.0	C5	72.0	True	11.0	2.0	20.0	I	False	('F#', 'A', 'D')	F#	D	1.0	major triad	(2, 6, 9)	D	D	1	None
41.0	1.0	11.0	A-3	56.0	True	11.0	2.0	20.0	I	False	('F#', 'A', 'D')	F#	D	1.0	major triad	(2, 6, 9)	D	D	1	None
41.5	0.5	11.0	D-5	73.0	True	11.0	2.0	20.0	I	False	('F#', 'A', 'D')	F#	D	1.0	major triad	(2, 6, 9)	D	D	1	None
42.0	1.0	11.0	A-4	68.0	False	11.0	2.0	21.0	V7	True	('G', 'A', 'C#', 'E')	G	A	3.0	dominant seventh chord	(1, 4, 7, 9)	D	D	5	None
42.0	1.0	11.0	E-5	75.0	True	11.0	2.0	21.0	V7	True	('G', 'A', 'C#', 'E')	G	A	3.0	dominant seventh chord	(1, 4, 7, 9)	D	D	5	None
42.0	1.0	11.0	G-4	66.0	True	11.0	2.0	21.0	V7	True	('G', 'A', 'C#', 'E')	G	A	3.0	dominant seventh chord	(1, 4, 7, 9)	D	D	5	None
43.0	1.0	11.0	E-5	75.0	True	11.0	2.0	21.0	V7	False	('G', 'A', 'C#', 'E')	G	A	3.0	dominant seventh chord	(1, 4, 7, 9)	D	D	5	None
43.0	1.0	11.0	A-3	56.0	True	11.0	2.0	21.0	V7	False	('G', 'A', 'C#', 'E')	G	A	3.0	dominant seventh chord	(1, 4, 7, 9)	D	D	5	None
44.0	1.0	12.0	D-5	73.0	True	12.0	2.0	22.0	I	True	('F#', 'A', 'D')	F#	D	1.0	major triad	(2, 6, 9)	D	D	1	None
44.0	2.0	12.0	F4	65.0	True	12.0	2.0	22.0	I	True	('F#', 'A', 'D')	F#	D	1.0	major triad	(2, 6, 9)	D	D	1	None
44.0	2.0	12.0	A-4	68.0	True	12.0	2.0	22.0	I	True	('F#', 'A', 'D')	F#	D	1.0	major triad	(2, 6, 9)	D	D	1	None
44.0	1.0	12.0	A-2	44.0	True	12.0	2.0	22.0	I	True	('F#', 'A', 'D')	F#	D	1.0	major triad	(2, 6, 9)	D	D	1	None
45.0	1.0	12.0	A-5	80.0	True	12.0	2.0	22.0	I	False	('F#', 'A', 'D')	F#	D	1.0	major triad	(2, 6, 9)	D	D	1	None
45.0	1.0	12.0	A-3	56.0	True	12.0	2.0	22.0	I	False	('F#', 'A', 'D')	F#	D	1.0	major triad	(2, 6, 9)	D	D	1	None
46.0	1.0	12.0	A-3	56.0	True	12.0	2.0	23.0	V7	True	('E', 'G', 'A', 'C#')	E	A	2.0	dominant seventh chord	(1, 4, 7, 9)	D	D	5	None
46.0	1.0	12.0	A-4	68.0	False	12.0	2.0	23.0	V7	True	('E', 'G', 'A', 'C#')	E	A	2.0	dominant seventh chord	(1, 4, 7, 9)	D	D	5	None
46.0	1.0	12.0	G-5	78.0	True	12.0	2.0	23.0	V7	True	('E', 'G', 'A', 'C#')	E	A	2.0	dominant seventh chord	(1, 4, 7, 9)	D	D	5	None
46.0	1.0	12.0	E-4	63.0	True	12.0	2.0	23.0	V7	True	('E', 'G', 'A', 'C#')	E	A	2.0	dominant seventh chord	(1, 4, 7, 9)	D	D	5	None
47.0	1.0	12.0	G-4	66.0	True	12.0	2.0	23.0	V7	False	('E', 'G', 'A', 'C#')	E	A	2.0	dominant seventh chord	(1, 4, 7, 9)	D	D	5	None
47.0	1.0	12.0	E-5	75.0	True	12.0	2.0	23.0	V7	False	('E', 'G', 'A', 'C#')	E	A	2.0	dominant seventh chord	(1, 4, 7, 9)	D	D	5	None
47.0	1.0	12.0	A-2	44.0	True	12.0	2.0	23.0	V7	False	('E', 'G', 'A', 'C#')	E	A	2.0	dominant seventh chord	(1, 4, 7, 9)	D	D	5	None
48.0	1.0	13.0	B-4	70.0	True	13.0	2.0	24.0	i	True	('D', 'F#', 'B')	D	B	1.0	minor triad	(2, 6, 11)	b	b	1	None
48.0	2.0	13.0	F4	65.0	True	13.0	2.0	24.0	i	True	('D', 'F#', 'B')	D	B	1.0	minor triad	(2, 6, 11)	b	b	1	None
48.0	2.0	13.0	D-4	61.0	True	13.0	2.0	24.0	i	True	('D', 'F#', 'B')	D	B	1.0	minor triad	(2, 6, 11)	b	b	1	None
48.0	1.0	13.0	B-2	46.0	True	13.0	2.0	24.0	i	True	('D', 'F#', 'B')	D	B	1.0	minor triad	(2, 6, 11)	b	b	1	None
49.0	1.0	13.0	B-3	58.0	True	13.0	2.0	24.0	i	False	('D', 'F#', 'B')	D	B	1.0	minor triad	(2, 6, 11)	b	b	1	None
49.0	0.5	13.0	A4	69.0	True	13.0	2.0	24.0	i	False	('D', 'F#', 'B')	D	B	1.0	minor triad	(2, 6, 11)	b	b	1	None
49.5	0.5	13.0	B-4	70.0	True	13.0	2.0	24.0	i	False	('D', 'F#', 'B')	D	B	1.0	minor triad	(2, 6, 11)	b	b	1	None
50.0	1.0	13.0	C-5	71.0	True	13.0	2.0	25.0	N	True	('E', 'G', 'C')	E	C	1.0	major triad	(0, 4, 7)	b	b	-2	None
50.0	1.0	13.0	G-4	66.0	True	13.0	2.0	25.0	N	True	('E', 'G', 'C')	E	C	1.0	major triad	(0, 4, 7)	b	b	-2	None
50.0	1.0	13.0	E-4	63.0	True	13.0	2.0	25.0	N	True	('E', 'G', 'C')	E	C	1.0	major triad	(0, 4, 7)	b	b	-2	None
51.0	1.0	13.0	B-3	58.0	True	13.0	2.0	25.0	N	False	('E', 'G', 'C')	E	C	1.0	major triad	(0, 4, 7)	b	b	-2	None
52.0	2.0	14.0	D-4	61.0	True	14.0	2.0	26.0	i	True	('D', 'F#', 'B')	D	B	1.0	minor triad	(2, 6, 11)	b	b	1	None
52.0	1.0	14.0	B-4	70.0	True	14.0	2.0	26.0	i	True	('D', 'F#', 'B')	D	B	1.0	minor triad	(2, 6, 11)	b	b	1	None
52.0	2.0	14.0	F4	65.0	True	14.0	2.0	26.0	i	True	('D', 'F#', 'B')	D	B	1.0	minor triad	(2, 6, 11)	b	b	1	None
52.0	1.0	14.0	B-2	46.0	True	14.0	2.0	26.0	i	True	('D', 'F#', 'B')	D	B	1.0	minor triad	(2, 6, 11)	b	b	1	None
53.0	1.0	14.0	B-3	58.0	True	14.0	2.0	26.0	i	False	('D', 'F#', 'B')	D	B	1.0	minor triad	(2, 6, 11)	b	b	1	None
53.0	0.5	14.0	A4	69.0	True	14.0	2.0	26.0	i	False	('D', 'F#', 'B')	D	B	1.0	minor triad	(2, 6, 11)	b	b	1	None
53.5	0.5	14.0	B-4	70.0	True	14.0	2.0	26.0	i	False	('D', 'F#', 'B')	D	B	1.0	minor triad	(2, 6, 11)	b	b	1	None
54.0	1.0	14.0	C5	72.0	True	14.0	2.0	27.0	iio	True	('E', 'G', 'C#')	E	C#	1.0	diminished triad	(1, 4, 7)	b	b	2	None
54.0	1.0	14.0	G-4	66.0	True	14.0	2.0	27.0	iio	True	('E', 'G', 'C#')	E	C#	1.0	diminished triad	(1, 4, 7)	b	b	2	None
54.0	1.0	14.0	E-4	63.0	True	14.0	2.0	27.0	iio	True	('E', 'G', 'C#')	E	C#	1.0	diminished triad	(1, 4, 7)	b	b	2	None
55.0	1.0	14.0	B-3	58.0	True	14.0	2.0	27.0	iio	False	('E', 'G', 'C#')	E	C#	1.0	diminished triad	(1, 4, 7)	b	b	2	None
56.0	2.0	15.0	D-4	61.0	True	15.0	2.0	28.0	i	True	('D', 'F#', 'B')	D	B	1.0	minor triad	(2, 6, 11)	b	b	1	None
56.0	1.0	15.0	B-4	70.0	True	15.0	2.0	28.0	i	True	('D', 'F#', 'B')	D	B	1.0	minor triad	(2, 6, 11)	b	b	1	None
56.0	2.0	15.0	F4	65.0	True	15.0	2.0	28.0	i	True	('D', 'F#', 'B')	D	B	1.0	minor triad	(2, 6, 11)	b	b	1	None
56.0	1.0	15.0	B-2	46.0	True	15.0	2.0	28.0	i	True	('D', 'F#', 'B')	D	B	1.0	minor triad	(2, 6, 11)	b	b	1	None
57.0	0.5	15.0	A4	69.0	True	15.0	2.0	28.0	i	False	('D', 'F#', 'B')	D	B	1.0	minor triad	(2, 6, 11)	b	b	1	None
57.0	1.0	15.0	B-3	58.0	True	15.0	2.0	28.0	i	False	('D', 'F#', 'B')	D	B	1.0	minor triad	(2, 6, 11)	b	b	1	None
57.5	0.5	15.0	B-4	70.0	True	15.0	2.0	28.0	i	False	('D', 'F#', 'B')	D	B	1.0	minor triad	(2, 6, 11)	b	b	1	None
58.0	1.0	15.0	G-3	54.0	True	15.0	2.0	29.0	N	True	('E', 'G', 'C')	E	C	1.0	major triad	(0, 4, 7)	b	b	-2	None
58.0	1.0	15.0	E-3	51.0	True	15.0	2.0	29.0	N	True	('E', 'G', 'C')	E	C	1.0	major triad	(0, 4, 7)	b	b	-2	None
58.0	1.0	15.0	C-5	71.0	True	15.0	2.0	29.0	N	True	('E', 'G', 'C')	E	C	1.0	major triad	(0, 4, 7)	b	b	-2	None
58.0	1.0	15.0	G-4	66.0	True	15.0	2.0	29.0	N	True	('E', 'G', 'C')	E	C	1.0	major triad	(0, 4, 7)	b	b	-2	None
59.0	1.0	15.0	G-3	54.0	True	15.0	2.0	29.0	N	False	('E', 'G', 'C')	E	C	1.0	major triad	(0, 4, 7)	b	b	-2	None
59.0	1.0	15.0	E-3	51.0	True	15.0	2.0	29.0	N	False	('E', 'G', 'C')	E	C	1.0	major triad	(0, 4, 7)	b	b	-2	None
59.0	1.0	15.0	C-5	71.0	True	15.0	2.0	29.0	N	False	('E', 'G', 'C')	E	C	1.0	major triad	(0, 4, 7)	b	b	-2	None
59.0	1.0	15.0	E-4	63.0	True	15.0	2.0	29.0	N	False	('E', 'G', 'C')	E	C	1.0	major triad	(0, 4, 7)	b	b	-2	None
60.0	1.0	16.0	F3	53.0	True	16.0	1.0	30.0	i	True	('F#', 'B', 'D')	F#	B	2.0	minor triad	(2, 6, 11)	b	b	1	None
60.0	1.0	16.0	F3	53.0	True	16.0	1.0	30.0	i	True	('F#', 'B', 'D')	F#	B	2.0	minor triad	(2, 6, 11)	b	b	1	None
60.0	1.0	16.0	B-4	70.0	True	16.0	1.0	30.0	i	True	('F#', 'B', 'D')	F#	B	2.0	minor triad	(2, 6, 11)	b	b	1	None
60.0	1.0	16.0	D-4	61.0	True	16.0	1.0	30.0	i	True	('F#', 'B', 'D')	F#	B	2.0	minor triad	(2, 6, 11)	b	b	1	None
61.0	1.0	16.0	A4	69.0	True	16.0	1.0	31.0	V	True	('F#', 'A#', 'C#')	F#	F#	0.0	major triad	(1, 6, 10)	b	b	5	None
61.0	1.0	16.0	C4	60.0	True	16.0	1.0	31.0	V	True	('F#', 'A#', 'C#')	F#	F#	0.0	major triad	(1, 6, 10)	b	b	5	None
61.0	1.0	16.0	F4	65.0	True	16.0	1.0	31.0	V	True	('F#', 'A#', 'C#')	F#	F#	0.0	major triad	(1, 6, 10)	b	b	5	None
61.0	1.0	16.0	F3	53.0	True	16.0	1.0	31.0	V	True	('F#', 'A#', 'C#')	F#	F#	0.0	major triad	(1, 6, 10)	b	b	5	None
62.0	1.0	16.0	F4	65.0	True	16.0	2.0	32.0	i	True	('B', 'D', 'F#')	B	B	0.0	minor triad	(2, 6, 11)	b	b	1	None
62.0	1.0	16.0	B-2	46.0	True	16.0	2.0	32.0	i	True	('B', 'D', 'F#')	B	B	0.0	minor triad	(2, 6, 11)	b	b	1	None
62.0	1.0	16.0	B-4	70.0	True	16.0	2.0	32.0	i	True	('B', 'D', 'F#')	B	B	0.0	minor triad	(2, 6, 11)	b	b	1	None
62.0	1.0	16.0	D-4	61.0	True	16.0	2.0	32.0	i	True	('B', 'D', 'F#')	B	B	0.0	minor triad	(2, 6, 11)	b	b	1	None
64.0	1.0	17.0	D4	62.0	True	17.0	3.0	33.0	I	True	('B-', 'D', 'F')	B-	B-	0.0	major triad	(2, 5, 10)	B-	B-	1	None
65.0	1.0	17.0	F4	65.0	True	17.0	3.0	33.0	I	False	('B-', 'D', 'F')	B-	B-	0.0	major triad	(2, 5, 10)	B-	B-	1	None
66.0	1.0	17.0	B-4	70.0	True	17.0	3.0	33.0	I	False	('B-', 'D', 'F')	B-	B-	0.0	major triad	(2, 5, 10)	B-	B-	1	None
67.0	1.0	17.0	D4	62.0	True	17.0	1.0	34.0	I	True	('D', 'F', 'B-')	D	B-	1.0	major triad	(2, 5, 10)	B-	B-	1	None
67.0	0.0	17.0	C5	72.0	True	17.0	1.0	34.0	I	True	('D', 'F', 'B-')	D	B-	1.0	major triad	(2, 5, 10)	B-	B-	1	None
67.0	1.0	17.0	B-4	70.0	True	17.0	1.0	34.0	I	True	('D', 'F', 'B-')	D	B-	1.0	major triad	(2, 5, 10)	B-	B-	1	None
67.0	1.0	17.0	F4	65.0	True	17.0	1.0	34.0	I	True	('D', 'F', 'B-')	D	B-	1.0	major triad	(2, 5, 10)	B-	B-	1	None
67.0	1.0	17.0	F4	65.0	True	17.0	1.0	34.0	I	True	('D', 'F', 'B-')	D	B-	1.0	major triad	(2, 5, 10)	B-	B-	1	None
68.0	1.0	17.0	E-4	63.0	True	17.0	1.0	35.0	V7	True	('C', 'E-', 'F', 'A')	C	F	2.0	dominant seventh chord	(0, 3, 5, 9)	B-	B-	5	None
68.0	1.0	17.0	C4	60.0	True	17.0	1.0	35.0	V7	True	('C', 'E-', 'F', 'A')	C	F	2.0	dominant seventh chord	(0, 3, 5, 9)	B-	B-	5	None
68.0	1.0	17.0	A4	69.0	True	17.0	1.0	35.0	V7	True	('C', 'E-', 'F', 'A')	C	F	2.0	dominant seventh chord	(0, 3, 5, 9)	B-	B-	5	None
68.0	1.0	17.0	F4	65.0	True	17.0	1.0	35.0	V7	True	('C', 'E-', 'F', 'A')	C	F	2.0	dominant seventh chord	(0, 3, 5, 9)	B-	B-	5	None
69.0	1.0	17.0	B-4	70.0	True	17.0	1.0	36.0	I	True	('B-', 'D', 'F')	B-	B-	0.0	major triad	(2, 5, 10)	B-	B-	1	None
69.0	1.0	17.0	F4	65.0	True	17.0	1.0	36.0	I	True	('B-', 'D', 'F')	B-	B-	0.0	major triad	(2, 5, 10)	B-	B-	1	None
69.0	1.0	17.0	D4	62.0	True	17.0	1.0	36.0	I	True	('B-', 'D', 'F')	B-	B-	0.0	major triad	(2, 5, 10)	B-	B-	1	None
69.0	1.0	17.0	B-3	58.0	True	17.0	1.0	36.0	I	True	('B-', 'D', 'F')	B-	B-	0.0	major triad	(2, 5, 10)	B-	B-	1	None
70.0	1.0	18.0	F4	65.0	True	18.0	3.0	37.0	V	True	('F', 'A', 'C')	F	F	0.0	major triad	(0, 5, 9)	B-	B-	5	None
71.0	1.0	18.0	A4	69.0	True	18.0	3.0	37.0	V	False	('F', 'A', 'C')	F	F	0.0	major triad	(0, 5, 9)	B-	B-	5	None
72.0	1.0	18.0	C5	72.0	True	18.0	3.0	37.0	V	False	('F', 'A', 'C')	F	F	0.0	major triad	(0, 5, 9)	B-	B-	5	None
73.0	1.0	18.0	F3	53.0	True	18.0	1.0	38.0	V	True	('A', 'C', 'F')	A	F	1.0	major triad	(0, 5, 9)	B-	B-	5	None
73.0	1.0	18.0	A3	57.0	True	18.0	1.0	38.0	V	True	('A', 'C', 'F')	A	F	1.0	major triad	(0, 5, 9)	B-	B-	5	None
73.0	1.0	18.0	F4	65.0	True	18.0	1.0	38.0	V	True	('A', 'C', 'F')	A	F	1.0	major triad	(0, 5, 9)	B-	B-	5	None
73.0	0.0	18.0	D5	74.0	True	18.0	1.0	38.0	V	True	('A', 'C', 'F')	A	F	1.0	major triad	(0, 5, 9)	B-	B-	5	None
73.0	1.0	18.0	C5	72.0	True	18.0	1.0	38.0	V	True	('A', 'C', 'F')	A	F	1.0	major triad	(0, 5, 9)	B-	B-	5	None
74.0	1.0	18.0	B4	71.0	True	18.0	1.0	39.0	V7/ii	True	('G', 'B', 'D', 'F')	G	G	0.0	dominant seventh chord	(2, 5, 7, 11)	B-	c	5	2
74.0	1.0	18.0	F4	65.0	True	18.0	1.0	39.0	V7/ii	True	('G', 'B', 'D', 'F')	G	G	0.0	dominant seventh chord	(2, 5, 7, 11)	B-	c	5	2
74.0	1.0	18.0	G3	55.0	True	18.0	1.0	39.0	V7/ii	True	('G', 'B', 'D', 'F')	G	G	0.0	dominant seventh chord	(2, 5, 7, 11)	B-	c	5	2
74.0	1.0	18.0	F3	53.0	True	18.0	1.0	39.0	V7/ii	True	('G', 'B', 'D', 'F')	G	G	0.0	dominant seventh chord	(2, 5, 7, 11)	B-	c	5	2
75.0	1.0	18.0	F3	53.0	True	18.0	1.0	40.0	V	True	('A', 'C', 'F')	A	F	1.0	major triad	(0, 5, 9)	B-	B-	5	None
75.0	1.0	18.0	C5	72.0	True	18.0	1.0	40.0	V	True	('A', 'C', 'F')	A	F	1.0	major triad	(0, 5, 9)	B-	B-	5	None
75.0	1.0	18.0	F4	65.0	True	18.0	1.0	40.0	V	True	('A', 'C', 'F')	A	F	1.0	major triad	(0, 5, 9)	B-	B-	5	None
75.0	1.0	18.0	A3	57.0	True	18.0	1.0	40.0	V	True	('A', 'C', 'F')	A	F	1.0	major triad	(0, 5, 9)	B-	B-	5	None
76.0	1.0	19.0	F4	65.0	True	19.0	4.0	41.0	I	True	('B-', 'D', 'F')	B-	B-	0.0	major triad	(2, 5, 10)	B-	B-	1	None
77.0	1.0	19.0	B-4	70.0	True	19.0	4.0	41.0	I	False	('B-', 'D', 'F')	B-	B-	0.0	major triad	(2, 5, 10)	B-	B-	1	None
78.0	1.0	19.0	D5	74.0	True	19.0	4.0	41.0	I	False	('B-', 'D', 'F')	B-	B-	0.0	major triad	(2, 5, 10)	B-	B-	1	None
79.0	0.0	19.0	E-5	75.0	True	19.0	4.0	41.0	I	False	('B-', 'D', 'F')	B-	B-	0.0	major triad	(2, 5, 10)	B-	B-	1	None
79.0	1.0	19.0	D5	74.0	True	19.0	4.0	41.0	I	False	('B-', 'D', 'F')	B-	B-	0.0	major triad	(2, 5, 10)	B-	B-	1	None
79.0	1.0	19.0	D4	62.0	True	19.0	4.0	41.0	I	False	('B-', 'D', 'F')	B-	B-	0.0	major triad	(2, 5, 10)	B-	B-	1	None
79.0	1.0	19.0	F3	53.0	True	19.0	4.0	41.0	I	False	('B-', 'D', 'F')	B-	B-	0.0	major triad	(2, 5, 10)	B-	B-	1	None
79.0	1.0	19.0	B-2	46.0	True	19.0	4.0	41.0	I	False	('B-', 'D', 'F')	B-	B-	0.0	major triad	(2, 5, 10)	B-	B-	1	None
80.0	1.0	19.0	F3	53.0	True	19.0	1.0	42.0	V	True	('A', 'C', 'F')	A	F	1.0	major triad	(0, 5, 9)	B-	B-	5	None
80.0	1.0	19.0	A2	45.0	True	19.0	1.0	42.0	V	True	('A', 'C', 'F')	A	F	1.0	major triad	(0, 5, 9)	B-	B-	5	None
80.0	1.0	19.0	C5	72.0	True	19.0	1.0	42.0	V	True	('A', 'C', 'F')	A	F	1.0	major triad	(0, 5, 9)	B-	B-	5	None
80.0	1.0	19.0	C4	60.0	True	19.0	1.0	42.0	V	True	('A', 'C', 'F')	A	F	1.0	major triad	(0, 5, 9)	B-	B-	5	None
81.0	1.0	19.0	D5	74.0	True	19.0	1.0	43.0	vi7	True	('G', 'B-', 'D', 'F')	G	G	0.0	minor seventh chord	(2, 5, 7, 10)	B-	B-	6	None
81.0	1.0	19.0	B-3	58.0	True	19.0	1.0	43.0	vi7	True	('G', 'B-', 'D', 'F')	G	G	0.0	minor seventh chord	(2, 5, 7, 10)	B-	B-	6	None
81.0	1.0	19.0	F3	53.0	True	19.0	1.0	43.0	vi7	True	('G', 'B-', 'D', 'F')	G	G	0.0	minor seventh chord	(2, 5, 7, 10)	B-	B-	6	None
81.0	1.0	19.0	G2	43.0	True	19.0	1.0	43.0	vi7	True	('G', 'B-', 'D', 'F')	G	G	0.0	minor seventh chord	(2, 5, 7, 10)	B-	B-	6	None
82.0	1.0	20.0	A4	69.0	True	20.0	3.0	44.0	V	True	('F', 'A', 'C')	F	F	0.0	major triad	(0, 5, 9)	B-	B-	5	None
83.0	1.0	20.0	C5	72.0	True	20.0	3.0	44.0	V	False	('F', 'A', 'C')	F	F	0.0	major triad	(0, 5, 9)	B-	B-	5	None
84.0	1.0	20.0	F5	77.0	True	20.0	3.0	44.0	V	False	('F', 'A', 'C')	F	F	0.0	major triad	(0, 5, 9)	B-	B-	5	None
85.0	1.0	20.0	A3	57.0	True	20.0	3.0	45.0	V	True	('A', 'C', 'F')	A	F	1.0	major triad	(0, 5, 9)	B-	B-	5	None
85.0	1.0	20.0	C4	60.0	True	20.0	3.0	45.0	V	True	('A', 'C', 'F')	A	F	1.0	major triad	(0, 5, 9)	B-	B-	5	None
85.0	1.0	20.0	F2	41.0	True	20.0	3.0	45.0	V	True	('A', 'C', 'F')	A	F	1.0	major triad	(0, 5, 9)	B-	B-	5	None
85.0	0.0	20.0	G5	79.0	True	20.0	3.0	45.0	V	True	('A', 'C', 'F')	A	F	1.0	major triad	(0, 5, 9)	B-	B-	5	None
85.0	1.0	20.0	F5	77.0	True	20.0	3.0	45.0	V	True	('A', 'C', 'F')	A	F	1.0	major triad	(0, 5, 9)	B-	B-	5	None
86.0	1.0	20.0	E5	76.0	True	20.0	3.0	45.0	V	False	('A', 'C', 'F')	A	F	1.0	major triad	(0, 5, 9)	B-	B-	5	None
86.0	1.0	20.0	C4	60.0	True	20.0	3.0	45.0	V	False	('A', 'C', 'F')	A	F	1.0	major triad	(0, 5, 9)	B-	B-	5	None
86.0	1.0	20.0	A3	57.0	True	20.0	3.0	45.0	V	False	('A', 'C', 'F')	A	F	1.0	major triad	(0, 5, 9)	B-	B-	5	None
86.0	1.0	20.0	F2	41.0	True	20.0	3.0	45.0	V	False	('A', 'C', 'F')	A	F	1.0	major triad	(0, 5, 9)	B-	B-	5	None
87.0	1.0	20.0	F5	77.0	True	20.0	3.0	45.0	V	False	('A', 'C', 'F')	A	F	1.0	major triad	(0, 5, 9)	B-	B-	5	None
87.0	1.0	20.0	C4	60.0	True	20.0	3.0	45.0	V	False	('A', 'C', 'F')	A	F	1.0	major triad	(0, 5, 9)	B-	B-	5	None
87.0	1.0	20.0	A3	57.0	True	20.0	3.0	45.0	V	False	('A', 'C', 'F')	A	F	1.0	major triad	(0, 5, 9)	B-	B-	5	None
87.0	1.0	20.0	F2	41.0	True	20.0	3.0	45.0	V	False	('A', 'C', 'F')	A	F	1.0	major triad	(0, 5, 9)	B-	B-	5	None
88.0	1.0	21.0	D5	74.0	True	21.0	3.0	46.0	I	True	('B-', 'D', 'F')	B-	B-	0.0	major triad	(2, 5, 10)	B-	B-	1	None
89.0	1.0	21.0	F5	77.0	True	21.0	3.0	46.0	I	False	('B-', 'D', 'F')	B-	B-	0.0	major triad	(2, 5, 10)	B-	B-	1	None
90.0	1.0	21.0	B-5	82.0	True	21.0	3.0	46.0	I	False	('B-', 'D', 'F')	B-	B-	0.0	major triad	(2, 5, 10)	B-	B-	1	None
91.0	0.0	21.0	C6	84.0	True	21.0	1.0	47.0	I	True	('D', 'F', 'B-')	D	B-	1.0	major triad	(2, 5, 10)	B-	B-	1	None
91.0	1.0	21.0	B-5	82.0	True	21.0	1.0	47.0	I	True	('D', 'F', 'B-')	D	B-	1.0	major triad	(2, 5, 10)	B-	B-	1	None
91.0	1.0	21.0	F5	77.0	True	21.0	1.0	47.0	I	True	('D', 'F', 'B-')	D	B-	1.0	major triad	(2, 5, 10)	B-	B-	1	None
91.0	1.0	21.0	F4	65.0	True	21.0	1.0	47.0	I	True	('D', 'F', 'B-')	D	B-	1.0	major triad	(2, 5, 10)	B-	B-	1	None
91.0	1.0	21.0	D4	62.0	True	21.0	1.0	47.0	I	True	('D', 'F', 'B-')	D	B-	1.0	major triad	(2, 5, 10)	B-	B-	1	None
92.0	1.0	21.0	A5	81.0	True	21.0	1.0	48.0	V7	True	('C', 'E-', 'F', 'A')	C	F	2.0	dominant seventh chord	(0, 3, 5, 9)	B-	B-	5	None
92.0	1.0	21.0	E-5	75.0	True	21.0	1.0	48.0	V7	True	('C', 'E-', 'F', 'A')	C	F	2.0	dominant seventh chord	(0, 3, 5, 9)	B-	B-	5	None
92.0	1.0	21.0	F4	65.0	True	21.0	1.0	48.0	V7	True	('C', 'E-', 'F', 'A')	C	F	2.0	dominant seventh chord	(0, 3, 5, 9)	B-	B-	5	None
92.0	1.0	21.0	C4	60.0	True	21.0	1.0	48.0	V7	True	('C', 'E-', 'F', 'A')	C	F	2.0	dominant seventh chord	(0, 3, 5, 9)	B-	B-	5	None
93.0	1.0	21.0	F4	65.0	True	21.0	1.0	49.0	I	True	('B-', 'D', 'F')	B-	B-	0.0	major triad	(2, 5, 10)	B-	B-	1	None
93.0	1.0	21.0	B-3	58.0	True	21.0	1.0	49.0	I	True	('B-', 'D', 'F')	B-	B-	0.0	major triad	(2, 5, 10)	B-	B-	1	None
93.0	1.0	21.0	B-5	82.0	True	21.0	1.0	49.0	I	True	('B-', 'D', 'F')	B-	B-	0.0	major triad	(2, 5, 10)	B-	B-	1	None
93.0	1.0	21.0	D5	74.0	True	21.0	1.0	49.0	I	True	('B-', 'D', 'F')	B-	B-	0.0	major triad	(2, 5, 10)	B-	B-	1	None
94.0	1.0	22.0	F5	77.0	True	22.0	3.0	50.0	V	True	('F', 'A', 'C')	F	F	0.0	major triad	(0, 5, 9)	B-	B-	5	None
95.0	1.0	22.0	A5	81.0	True	22.0	3.0	50.0	V	False	('F', 'A', 'C')	F	F	0.0	major triad	(0, 5, 9)	B-	B-	5	None
96.0	1.0	22.0	C6	84.0	True	22.0	3.0	50.0	V	False	('F', 'A', 'C')	F	F	0.0	major triad	(0, 5, 9)	B-	B-	5	None
97.0	0.0	22.0	D6	86.0	True	22.0	1.0	51.0	V	True	('A', 'C', 'F')	A	F	1.0	major triad	(0, 5, 9)	B-	B-	5	None
97.0	1.0	22.0	C6	84.0	True	22.0	1.0	51.0	V	True	('A', 'C', 'F')	A	F	1.0	major triad	(0, 5, 9)	B-	B-	5	None
97.0	1.0	22.0	C5	72.0	True	22.0	1.0	51.0	V	True	('A', 'C', 'F')	A	F	1.0	major triad	(0, 5, 9)	B-	B-	5	None
97.0	1.0	22.0	F4	65.0	True	22.0	1.0	51.0	V	True	('A', 'C', 'F')	A	F	1.0	major triad	(0, 5, 9)	B-	B-	5	None
97.0	1.0	22.0	A3	57.0	True	22.0	1.0	51.0	V	True	('A', 'C', 'F')	A	F	1.0	major triad	(0, 5, 9)	B-	B-	5	None
98.0	1.0	22.0	G3	55.0	True	22.0	1.0	52.0	V7/ii	True	('G', 'B', 'D', 'F')	G	G	0.0	dominant seventh chord	(2, 5, 7, 11)	B-	c	5	2
98.0	1.0	22.0	F4	65.0	True	22.0	1.0	52.0	V7/ii	True	('G', 'B', 'D', 'F')	G	G	0.0	dominant seventh chord	(2, 5, 7, 11)	B-	c	5	2
98.0	1.0	22.0	F5	77.0	True	22.0	1.0	52.0	V7/ii	True	('G', 'B', 'D', 'F')	G	G	0.0	dominant seventh chord	(2, 5, 7, 11)	B-	c	5	2
98.0	1.0	22.0	B5	83.0	True	22.0	1.0	52.0	V7/ii	True	('G', 'B', 'D', 'F')	G	G	0.0	dominant seventh chord	(2, 5, 7, 11)	B-	c	5	2
99.0	1.0	22.0	C6	84.0	True	22.0	1.0	53.0	V	True	('F', 'A', 'C')	F	F	0.0	major triad	(0, 5, 9)	B-	B-	5	None
99.0	1.0	22.0	F5	77.0	True	22.0	1.0	53.0	V	True	('F', 'A', 'C')	F	F	0.0	major triad	(0, 5, 9)	B-	B-	5	None
99.0	1.0	22.0	F4	65.0	True	22.0	1.0	53.0	V	True	('F', 'A', 'C')	F	F	0.0	major triad	(0, 5, 9)	B-	B-	5	None
99.0	1.0	22.0	F3	53.0	True	22.0	1.0	53.0	V	True	('F', 'A', 'C')	F	F	0.0	major triad	(0, 5, 9)	B-	B-	5	None
100.0	1.0	23.0	C6	84.0	True	23.0	6.0	54.0	V	True	('F', 'A', 'C')	F	F	0.0	major triad	(0, 5, 9)	B-	B-	5	None
101.0	1.0	23.0	D6	86.0	True	23.0	6.0	54.0	V	False	('F', 'A', 'C')	F	F	0.0	major triad	(0, 5, 9)	B-	B-	5	None
102.0	1.0	23.0	E-6	87.0	True	23.0	6.0	54.0	V	False	('F', 'A', 'C')	F	F	0.0	major triad	(0, 5, 9)	B-	B-	5	None
103.0	1.0	23.0	F3	53.0	True	23.0	6.0	54.0	V	False	('F', 'A', 'C')	F	F	0.0	major triad	(0, 5, 9)	B-	B-	5	None
103.0	1.0	23.0	F4	65.0	True	23.0	6.0	54.0	V	False	('F', 'A', 'C')	F	F	0.0	major triad	(0, 5, 9)	B-	B-	5	None
103.0	1.0	23.0	F6	89.0	True	23.0	6.0	54.0	V	False	('F', 'A', 'C')	F	F	0.0	major triad	(0, 5, 9)	B-	B-	5	None
103.0	1.0	23.0	C5	72.0	True	23.0	6.0	54.0	V	False	('F', 'A', 'C')	F	F	0.0	major triad	(0, 5, 9)	B-	B-	5	None
104.0	1.0	23.0	G6	91.0	True	23.0	6.0	54.0	V	False	('F', 'A', 'C')	F	F	0.0	major triad	(0, 5, 9)	B-	B-	5	None
104.0	1.0	23.0	C5	72.0	True	23.0	6.0	54.0	V	False	('F', 'A', 'C')	F	F	0.0	major triad	(0, 5, 9)	B-	B-	5	None
104.0	1.0	23.0	F4	65.0	True	23.0	6.0	54.0	V	False	('F', 'A', 'C')	F	F	0.0	major triad	(0, 5, 9)	B-	B-	5	None
104.0	1.0	23.0	F3	53.0	True	23.0	6.0	54.0	V	False	('F', 'A', 'C')	F	F	0.0	major triad	(0, 5, 9)	B-	B-	5	None
105.0	1.0	23.0	F3	53.0	True	23.0	6.0	54.0	V	False	('F', 'A', 'C')	F	F	0.0	major triad	(0, 5, 9)	B-	B-	5	None
105.0	1.0	23.0	A6	93.0	True	23.0	6.0	54.0	V	False	('F', 'A', 'C')	F	F	0.0	major triad	(0, 5, 9)	B-	B-	5	None
105.0	1.0	23.0	C5	72.0	True	23.0	6.0	54.0	V	False	('F', 'A', 'C')	F	F	0.0	major triad	(0, 5, 9)	B-	B-	5	None
105.0	1.0	23.0	F4	65.0	True	23.0	6.0	54.0	V	False	('F', 'A', 'C')	F	F	0.0	major triad	(0, 5, 9)	B-	B-	5	None
106.0	1.0	24.0	B-2	46.0	True	24.0	3.0	55.0	I	True	('B-', 'D', 'F')	B-	B-	0.0	major triad	(2, 5, 10)	B-	B-	1	None
106.0	1.0	24.0	F4	65.0	True	24.0	3.0	55.0	I	True	('B-', 'D', 'F')	B-	B-	0.0	major triad	(2, 5, 10)	B-	B-	1	None
106.0	1.0	24.0	B-6	94.0	True	24.0	3.0	55.0	I	True	('B-', 'D', 'F')	B-	B-	0.0	major triad	(2, 5, 10)	B-	B-	1	None
106.0	1.0	24.0	D5	74.0	True	24.0	3.0	55.0	I	True	('B-', 'D', 'F')	B-	B-	0.0	major triad	(2, 5, 10)	B-	B-	1	None
109.0	1.0	24.0	D4	62.0	True	24.0	1.0	56.0	I	True	('D', 'F', 'B-')	D	B-	1.0	major triad	(2, 5, 10)	B-	B-	1	None
109.0	1.0	24.0	F4	65.0	True	24.0	1.0	56.0	I	True	('D', 'F', 'B-')	D	B-	1.0	major triad	(2, 5, 10)	B-	B-	1	None
109.0	1.0	24.0	F4	65.0	True	24.0	1.0	56.0	I	True	('D', 'F', 'B-')	D	B-	1.0	major triad	(2, 5, 10)	B-	B-	1	None
110.0	1.0	24.0	E-4	63.0	True	24.0	1.0	57.0	V7	True	('C', 'E-', 'F', 'A')	C	F	2.0	dominant seventh chord	(0, 3, 5, 9)	B-	B-	5	None
110.0	1.0	24.0	C4	60.0	True	24.0	1.0	57.0	V7	True	('C', 'E-', 'F', 'A')	C	F	2.0	dominant seventh chord	(0, 3, 5, 9)	B-	B-	5	None
110.0	1.0	24.0	F4	65.0	True	24.0	1.0	57.0	V7	True	('C', 'E-', 'F', 'A')	C	F	2.0	dominant seventh chord	(0, 3, 5, 9)	B-	B-	5	None
111.0	1.0	24.0	D4	62.0	True	24.0	1.0	58.0	I	True	('B-', 'D', 'F')	B-	B-	0.0	major triad	(2, 5, 10)	B-	B-	1	None
111.0	1.0	24.0	B-3	58.0	True	24.0	1.0	58.0	I	True	('B-', 'D', 'F')	B-	B-	0.0	major triad	(2, 5, 10)	B-	B-	1	None
111.0	1.0	24.0	F4	65.0	True	24.0	1.0	58.0	I	True	('B-', 'D', 'F')	B-	B-	0.0	major triad	(2, 5, 10)	B-	B-	1	None
112.0	1.0	25.0	B-6	94.0	True	25.0	3.0	59.0	I	True	('B-', 'D', 'F')	B-	B-	0.0	major triad	(2, 5, 10)	B-	B-	1	None
112.0	1.0	25.0	D5	74.0	True	25.0	3.0	59.0	I	True	('B-', 'D', 'F')	B-	B-	0.0	major triad	(2, 5, 10)	B-	B-	1	None
112.0	1.0	25.0	F4	65.0	True	25.0	3.0	59.0	I	True	('B-', 'D', 'F')	B-	B-	0.0	major triad	(2, 5, 10)	B-	B-	1	None
112.0	1.0	25.0	B-2	46.0	True	25.0	3.0	59.0	I	True	('B-', 'D', 'F')	B-	B-	0.0	major triad	(2, 5, 10)	B-	B-	1	None
115.0	1.0	25.0	F4	65.0	True	25.0	3.0	60.0	V	True	('F', 'A', 'C')	F	F	0.0	major triad	(0, 5, 9)	B-	B-	5	None
115.0	1.0	25.0	C5	72.0	True	25.0	3.0	60.0	V	True	('F', 'A', 'C')	F	F	0.0	major triad	(0, 5, 9)	B-	B-	5	None
115.0	1.0	25.0	A4	69.0	True	25.0	3.0	60.0	V	True	('F', 'A', 'C')	F	F	0.0	major triad	(0, 5, 9)	B-	B-	5	None
115.0	1.0	25.0	F3	53.0	True	25.0	3.0	60.0	V	True	('F', 'A', 'C')	F	F	0.0	major triad	(0, 5, 9)	B-	B-	5	None
116.0	1.0	25.0	F3	53.0	True	25.0	3.0	60.0	V	False	('F', 'A', 'C')	F	F	0.0	major triad	(0, 5, 9)	B-	B-	5	None
116.0	1.0	25.0	A4	69.0	True	25.0	3.0	60.0	V	False	('F', 'A', 'C')	F	F	0.0	major triad	(0, 5, 9)	B-	B-	5	None
116.0	1.0	25.0	F4	65.0	True	25.0	3.0	60.0	V	False	('F', 'A', 'C')	F	F	0.0	major triad	(0, 5, 9)	B-	B-	5	None
116.0	1.0	25.0	C5	72.0	True	25.0	3.0	60.0	V	False	('F', 'A', 'C')	F	F	0.0	major triad	(0, 5, 9)	B-	B-	5	None
117.0	1.0	25.0	F4	65.0	True	25.0	3.0	60.0	V	False	('F', 'A', 'C')	F	F	0.0	major triad	(0, 5, 9)	B-	B-	5	None
117.0	1.0	25.0	C5	72.0	True	25.0	3.0	60.0	V	False	('F', 'A', 'C')	F	F	0.0	major triad	(0, 5, 9)	B-	B-	5	None
117.0	1.0	25.0	A4	69.0	True	25.0	3.0	60.0	V	False	('F', 'A', 'C')	F	F	0.0	major triad	(0, 5, 9)	B-	B-	5	None
117.0	1.0	25.0	F3	53.0	True	25.0	3.0	60.0	V	False	('F', 'A', 'C')	F	F	0.0	major triad	(0, 5, 9)	B-	B-	5	None
118.0	1.0	26.0	C5	72.0	True	26.0	6.0	61.0	I	True	('F#', 'A#', 'C#')	F#	F#	0.0	major triad	(1, 6, 10)	F#	F#	1	None
119.0	1.0	26.0	F5	77.0	True	26.0	6.0	61.0	I	False	('F#', 'A#', 'C#')	F#	F#	0.0	major triad	(1, 6, 10)	F#	F#	1	None
120.0	1.0	26.0	A5	81.0	True	26.0	6.0	61.0	I	False	('F#', 'A#', 'C#')	F#	F#	0.0	major triad	(1, 6, 10)	F#	F#	1	None
121.0	1.0	26.0	A4	69.0	True	26.0	6.0	61.0	I	False	('F#', 'A#', 'C#')	F#	F#	0.0	major triad	(1, 6, 10)	F#	F#	1	None
121.0	1.0	26.0	F3	53.0	True	26.0	6.0	61.0	I	False	('F#', 'A#', 'C#')	F#	F#	0.0	major triad	(1, 6, 10)	F#	F#	1	None
121.0	1.0	26.0	F4	65.0	True	26.0	6.0	61.0	I	False	('F#', 'A#', 'C#')	F#	F#	0.0	major triad	(1, 6, 10)	F#	F#	1	None
121.0	1.0	26.0	A5	81.0	True	26.0	6.0	61.0	I	False	('F#', 'A#', 'C#')	F#	F#	0.0	major triad	(1, 6, 10)	F#	F#	1	None
121.0	0.0	26.0	B-5	82.0	True	26.0	6.0	61.0	I	False	('F#', 'A#', 'C#')	F#	F#	0.0	major triad	(1, 6, 10)	F#	F#	1	None
121.0	1.0	26.0	C5	72.0	True	26.0	6.0	61.0	I	False	('F#', 'A#', 'C#')	F#	F#	0.0	major triad	(1, 6, 10)	F#	F#	1	None
122.0	1.0	26.0	G5	79.0	True	26.0	6.0	61.0	I	False	('F#', 'A#', 'C#')	F#	F#	0.0	major triad	(1, 6, 10)	F#	F#	1	None
122.0	1.0	26.0	F4	65.0	True	26.0	6.0	61.0	I	False	('F#', 'A#', 'C#')	F#	F#	0.0	major triad	(1, 6, 10)	F#	F#	1	None
122.0	1.0	26.0	C5	72.0	True	26.0	6.0	61.0	I	False	('F#', 'A#', 'C#')	F#	F#	0.0	major triad	(1, 6, 10)	F#	F#	1	None
122.0	1.0	26.0	A4	69.0	True	26.0	6.0	61.0	I	False	('F#', 'A#', 'C#')	F#	F#	0.0	major triad	(1, 6, 10)	F#	F#	1	None
122.0	1.0	26.0	F3	53.0	True	26.0	6.0	61.0	I	False	('F#', 'A#', 'C#')	F#	F#	0.0	major triad	(1, 6, 10)	F#	F#	1	None
123.0	1.0	26.0	C5	72.0	True	26.0	6.0	61.0	I	False	('F#', 'A#', 'C#')	F#	F#	0.0	major triad	(1, 6, 10)	F#	F#	1	None
123.0	1.0	26.0	A5	81.0	True	26.0	6.0	61.0	I	False	('F#', 'A#', 'C#')	F#	F#	0.0	major triad	(1, 6, 10)	F#	F#	1	None
123.0	1.0	26.0	F4	65.0	True	26.0	6.0	61.0	I	False	('F#', 'A#', 'C#')	F#	F#	0.0	major triad	(1, 6, 10)	F#	F#	1	None
123.0	1.0	26.0	A4	69.0	True	26.0	6.0	61.0	I	False	('F#', 'A#', 'C#')	F#	F#	0.0	major triad	(1, 6, 10)	F#	F#	1	None
123.0	1.0	26.0	F3	53.0	True	26.0	6.0	61.0	I	False	('F#', 'A#', 'C#')	F#	F#	0.0	major triad	(1, 6, 10)	F#	F#	1	None
124.0	1.0	27.0	C5	72.0	True	27.0	3.0	62.0	V	True	('C#', 'E#', 'G#')	C#	C#	0.0	major triad	(1, 5, 8)	F#	F#	5	None
125.0	1.0	27.0	E5	76.0	True	27.0	3.0	62.0	V	False	('C#', 'E#', 'G#')	C#	C#	0.0	major triad	(1, 5, 8)	F#	F#	5	None
126.0	1.0	27.0	G5	79.0	True	27.0	3.0	62.0	V	False	('C#', 'E#', 'G#')	C#	C#	0.0	major triad	(1, 5, 8)	F#	F#	5	None
127.0	1.0	27.0	C5	72.0	True	27.0	3.0	63.0	V	True	('E#', 'G#', 'C#')	E#	C#	1.0	major triad	(1, 5, 8)	F#	F#	5	None
127.0	1.0	27.0	E4	64.0	True	27.0	3.0	63.0	V	True	('E#', 'G#', 'C#')	E#	C#	1.0	major triad	(1, 5, 8)	F#	F#	5	None
127.0	0.0	27.0	A5	81.0	True	27.0	3.0	63.0	V	True	('E#', 'G#', 'C#')	E#	C#	1.0	major triad	(1, 5, 8)	F#	F#	5	None
127.0	1.0	27.0	G5	79.0	True	27.0	3.0	63.0	V	True	('E#', 'G#', 'C#')	E#	C#	1.0	major triad	(1, 5, 8)	F#	F#	5	None
127.0	1.0	27.0	C4	60.0	True	27.0	3.0	63.0	V	True	('E#', 'G#', 'C#')	E#	C#	1.0	major triad	(1, 5, 8)	F#	F#	5	None
128.0	1.0	27.0	C4	60.0	True	27.0	3.0	63.0	V	False	('E#', 'G#', 'C#')	E#	C#	1.0	major triad	(1, 5, 8)	F#	F#	5	None
128.0	1.0	27.0	E4	64.0	True	27.0	3.0	63.0	V	False	('E#', 'G#', 'C#')	E#	C#	1.0	major triad	(1, 5, 8)	F#	F#	5	None
128.0	1.0	27.0	C5	72.0	True	27.0	3.0	63.0	V	False	('E#', 'G#', 'C#')	E#	C#	1.0	major triad	(1, 5, 8)	F#	F#	5	None
128.0	1.0	27.0	F#5	78.0	True	27.0	3.0	63.0	V	False	('E#', 'G#', 'C#')	E#	C#	1.0	major triad	(1, 5, 8)	F#	F#	5	None
129.0	1.0	27.0	G5	79.0	True	27.0	3.0	63.0	V	False	('E#', 'G#', 'C#')	E#	C#	1.0	major triad	(1, 5, 8)	F#	F#	5	None
129.0	1.0	27.0	C5	72.0	True	27.0	3.0	63.0	V	False	('E#', 'G#', 'C#')	E#	C#	1.0	major triad	(1, 5, 8)	F#	F#	5	None
129.0	1.0	27.0	E4	64.0	True	27.0	3.0	63.0	V	False	('E#', 'G#', 'C#')	E#	C#	1.0	major triad	(1, 5, 8)	F#	F#	5	None
129.0	1.0	27.0	C4	60.0	True	27.0	3.0	63.0	V	False	('E#', 'G#', 'C#')	E#	C#	1.0	major triad	(1, 5, 8)	F#	F#	5	None
130.0	1.0	28.0	C5	72.0	True	28.0	3.0	64.0	V	True	('C#', 'E#', 'G#')	C#	C#	0.0	major triad	(1, 5, 8)	F#	F#	5	None
131.0	1.0	28.0	E5	76.0	True	28.0	3.0	64.0	V	False	('C#', 'E#', 'G#')	C#	C#	0.0	major triad	(1, 5, 8)	F#	F#	5	None
132.0	1.0	28.0	G5	79.0	True	28.0	3.0	64.0	V	False	('C#', 'E#', 'G#')	C#	C#	0.0	major triad	(1, 5, 8)	F#	F#	5	None
133.0	1.0	28.0	C4	60.0	True	28.0	3.0	65.0	V	True	('E#', 'G#', 'C#')	E#	C#	1.0	major triad	(1, 5, 8)	F#	F#	5	None
133.0	1.0	28.0	E4	64.0	True	28.0	3.0	65.0	V	True	('E#', 'G#', 'C#')	E#	C#	1.0	major triad	(1, 5, 8)	F#	F#	5	None
133.0	0.0	28.0	A5	81.0	True	28.0	3.0	65.0	V	True	('E#', 'G#', 'C#')	E#	C#	1.0	major triad	(1, 5, 8)	F#	F#	5	None
133.0	1.0	28.0	G5	79.0	True	28.0	3.0	65.0	V	True	('E#', 'G#', 'C#')	E#	C#	1.0	major triad	(1, 5, 8)	F#	F#	5	None
133.0	1.0	28.0	G4	67.0	True	28.0	3.0	65.0	V	True	('E#', 'G#', 'C#')	E#	C#	1.0	major triad	(1, 5, 8)	F#	F#	5	None
134.0	1.0	28.0	C4	60.0	True	28.0	3.0	65.0	V	False	('E#', 'G#', 'C#')	E#	C#	1.0	major triad	(1, 5, 8)	F#	F#	5	None
134.0	1.0	28.0	F#5	78.0	True	28.0	3.0	65.0	V	False	('E#', 'G#', 'C#')	E#	C#	1.0	major triad	(1, 5, 8)	F#	F#	5	None
134.0	1.0	28.0	G4	67.0	True	28.0	3.0	65.0	V	False	('E#', 'G#', 'C#')	E#	C#	1.0	major triad	(1, 5, 8)	F#	F#	5	None
134.0	1.0	28.0	E4	64.0	True	28.0	3.0	65.0	V	False	('E#', 'G#', 'C#')	E#	C#	1.0	major triad	(1, 5, 8)	F#	F#	5	None
135.0	1.0	28.0	E4	64.0	True	28.0	3.0	65.0	V	False	('E#', 'G#', 'C#')	E#	C#	1.0	major triad	(1, 5, 8)	F#	F#	5	None
135.0	1.0	28.0	C4	60.0	True	28.0	3.0	65.0	V	False	('E#', 'G#', 'C#')	E#	C#	1.0	major triad	(1, 5, 8)	F#	F#	5	None
135.0	1.0	28.0	G5	79.0	True	28.0	3.0	65.0	V	False	('E#', 'G#', 'C#')	E#	C#	1.0	major triad	(1, 5, 8)	F#	F#	5	None
135.0	1.0	28.0	G4	67.0	True	28.0	3.0	65.0	V	False	('E#', 'G#', 'C#')	E#	C#	1.0	major triad	(1, 5, 8)	F#	F#	5	None
136.0	1.0	29.0	B4	71.0	True	29.0	6.0	66.0	V/V	True	('G#', 'B#', 'D#')	G#	G#	0.0	major triad	(0, 3, 8)	F#	C#	5	5
137.0	1.0	29.0	D5	74.0	True	29.0	6.0	66.0	V/V	False	('G#', 'B#', 'D#')	G#	G#	0.0	major triad	(0, 3, 8)	F#	C#	5	5
138.0	1.0	29.0	G5	79.0	True	29.0	6.0	66.0	V/V	False	('G#', 'B#', 'D#')	G#	G#	0.0	major triad	(0, 3, 8)	F#	C#	5	5
139.0	0.0	29.0	A5	81.0	True	29.0	6.0	66.0	V/V	False	('G#', 'B#', 'D#')	G#	G#	0.0	major triad	(0, 3, 8)	F#	C#	5	5
139.0	1.0	29.0	G5	79.0	True	29.0	6.0	66.0	V/V	False	('G#', 'B#', 'D#')	G#	G#	0.0	major triad	(0, 3, 8)	F#	C#	5	5
139.0	1.0	29.0	B4	71.0	True	29.0	6.0	66.0	V/V	False	('G#', 'B#', 'D#')	G#	G#	0.0	major triad	(0, 3, 8)	F#	C#	5	5
139.0	1.0	29.0	D4	62.0	True	29.0	6.0	66.0	V/V	False	('G#', 'B#', 'D#')	G#	G#	0.0	major triad	(0, 3, 8)	F#	C#	5	5
139.0	1.0	29.0	G3	55.0	True	29.0	6.0	66.0	V/V	False	('G#', 'B#', 'D#')	G#	G#	0.0	major triad	(0, 3, 8)	F#	C#	5	5
140.0	1.0	29.0	G3	55.0	True	29.0	6.0	66.0	V/V	False	('G#', 'B#', 'D#')	G#	G#	0.0	major triad	(0, 3, 8)	F#	C#	5	5
140.0	1.0	29.0	D4	62.0	True	29.0	6.0	66.0	V/V	False	('G#', 'B#', 'D#')	G#	G#	0.0	major triad	(0, 3, 8)	F#	C#	5	5
140.0	1.0	29.0	B4	71.0	True	29.0	6.0	66.0	V/V	False	('G#', 'B#', 'D#')	G#	G#	0.0	major triad	(0, 3, 8)	F#	C#	5	5
140.0	1.0	29.0	F#5	78.0	True	29.0	6.0	66.0	V/V	False	('G#', 'B#', 'D#')	G#	G#	0.0	major triad	(0, 3, 8)	F#	C#	5	5
141.0	1.0	29.0	G5	79.0	True	29.0	6.0	66.0	V/V	False	('G#', 'B#', 'D#')	G#	G#	0.0	major triad	(0, 3, 8)	F#	C#	5	5
141.0	1.0	29.0	B4	71.0	True	29.0	6.0	66.0	V/V	False	('G#', 'B#', 'D#')	G#	G#	0.0	major triad	(0, 3, 8)	F#	C#	5	5
141.0	1.0	29.0	D4	62.0	True	29.0	6.0	66.0	V/V	False	('G#', 'B#', 'D#')	G#	G#	0.0	major triad	(0, 3, 8)	F#	C#	5	5
141.0	1.0	29.0	G3	55.0	True	29.0	6.0	66.0	V/V	False	('G#', 'B#', 'D#')	G#	G#	0.0	major triad	(0, 3, 8)	F#	C#	5	5
142.0	1.0	30.0	B4	71.0	True	30.0	6.0	67.0	V/V	True	('G#', 'B#', 'D#')	G#	G#	0.0	major triad	(0, 3, 8)	F#	C#	5	5
143.0	1.0	30.0	D5	74.0	True	30.0	6.0	67.0	V/V	False	('G#', 'B#', 'D#')	G#	G#	0.0	major triad	(0, 3, 8)	F#	C#	5	5
144.0	1.0	30.0	G5	79.0	True	30.0	6.0	67.0	V/V	False	('G#', 'B#', 'D#')	G#	G#	0.0	major triad	(0, 3, 8)	F#	C#	5	5
145.0	1.0	30.0	G3	55.0	True	30.0	6.0	67.0	V/V	False	('G#', 'B#', 'D#')	G#	G#	0.0	major triad	(0, 3, 8)	F#	C#	5	5
145.0	1.0	30.0	D4	62.0	True	30.0	6.0	67.0	V/V	False	('G#', 'B#', 'D#')	G#	G#	0.0	major triad	(0, 3, 8)	F#	C#	5	5
145.0	1.0	30.0	B4	71.0	True	30.0	6.0	67.0	V/V	False	('G#', 'B#', 'D#')	G#	G#	0.0	major triad	(0, 3, 8)	F#	C#	5	5
145.0	1.0	30.0	G5	79.0	True	30.0	6.0	67.0	V/V	False	('G#', 'B#', 'D#')	G#	G#	0.0	major triad	(0, 3, 8)	F#	C#	5	5
145.0	0.0	30.0	A5	81.0	True	30.0	6.0	67.0	V/V	False	('G#', 'B#', 'D#')	G#	G#	0.0	major triad	(0, 3, 8)	F#	C#	5	5
146.0	1.0	30.0	F#5	78.0	True	30.0	6.0	67.0	V/V	False	('G#', 'B#', 'D#')	G#	G#	0.0	major triad	(0, 3, 8)	F#	C#	5	5
146.0	1.0	30.0	B4	71.0	True	30.0	6.0	67.0	V/V	False	('G#', 'B#', 'D#')	G#	G#	0.0	major triad	(0, 3, 8)	F#	C#	5	5
146.0	1.0	30.0	D4	62.0	True	30.0	6.0	67.0	V/V	False	('G#', 'B#', 'D#')	G#	G#	0.0	major triad	(0, 3, 8)	F#	C#	5	5
146.0	1.0	30.0	G3	55.0	True	30.0	6.0	67.0	V/V	False	('G#', 'B#', 'D#')	G#	G#	0.0	major triad	(0, 3, 8)	F#	C#	5	5
147.0	1.0	30.0	D4	62.0	True	30.0	6.0	67.0	V/V	False	('G#', 'B#', 'D#')	G#	G#	0.0	major triad	(0, 3, 8)	F#	C#	5	5
147.0	1.0	30.0	G3	55.0	True	30.0	6.0	67.0	V/V	False	('G#', 'B#', 'D#')	G#	G#	0.0	major triad	(0, 3, 8)	F#	C#	5	5
147.0	1.0	30.0	G5	79.0	True	30.0	6.0	67.0	V/V	False	('G#', 'B#', 'D#')	G#	G#	0.0	major triad	(0, 3, 8)	F#	C#	5	5
147.0	1.0	30.0	B4	71.0	True	30.0	6.0	67.0	V/V	False	('G#', 'B#', 'D#')	G#	G#	0.0	major triad	(0, 3, 8)	F#	C#	5	5
148.0	1.0	31.0	A4	69.0	True	31.0	3.0	68.0	i	True	('D#', 'F#', 'A#')	D#	D#	0.0	minor triad	(3, 6, 10)	d#	d#	1	None
149.0	1.0	31.0	D5	74.0	True	31.0	3.0	68.0	i	False	('D#', 'F#', 'A#')	D#	D#	0.0	minor triad	(3, 6, 10)	d#	d#	1	None
150.0	1.0	31.0	F5	77.0	True	31.0	3.0	68.0	i	False	('D#', 'F#', 'A#')	D#	D#	0.0	minor triad	(3, 6, 10)	d#	d#	1	None
151.0	1.0	31.0	A3	57.0	True	31.0	3.0	69.0	i	True	('A#', 'D#', 'F#')	A#	D#	2.0	minor triad	(3, 6, 10)	d#	d#	1	None
151.0	0.0	31.0	G5	79.0	True	31.0	3.0	69.0	i	True	('A#', 'D#', 'F#')	A#	D#	2.0	minor triad	(3, 6, 10)	d#	d#	1	None
151.0	1.0	31.0	F5	77.0	True	31.0	3.0	69.0	i	True	('A#', 'D#', 'F#')	A#	D#	2.0	minor triad	(3, 6, 10)	d#	d#	1	None
151.0	1.0	31.0	A4	69.0	True	31.0	3.0	69.0	i	True	('A#', 'D#', 'F#')	A#	D#	2.0	minor triad	(3, 6, 10)	d#	d#	1	None
151.0	1.0	31.0	D4	62.0	True	31.0	3.0	69.0	i	True	('A#', 'D#', 'F#')	A#	D#	2.0	minor triad	(3, 6, 10)	d#	d#	1	None
152.0	1.0	31.0	D4	62.0	True	31.0	3.0	69.0	i	False	('A#', 'D#', 'F#')	A#	D#	2.0	minor triad	(3, 6, 10)	d#	d#	1	None
152.0	1.0	31.0	A3	57.0	True	31.0	3.0	69.0	i	False	('A#', 'D#', 'F#')	A#	D#	2.0	minor triad	(3, 6, 10)	d#	d#	1	None
152.0	1.0	31.0	E5	76.0	True	31.0	3.0	69.0	i	False	('A#', 'D#', 'F#')	A#	D#	2.0	minor triad	(3, 6, 10)	d#	d#	1	None
152.0	1.0	31.0	A4	69.0	True	31.0	3.0	69.0	i	False	('A#', 'D#', 'F#')	A#	D#	2.0	minor triad	(3, 6, 10)	d#	d#	1	None
153.0	1.0	31.0	F5	77.0	True	31.0	3.0	69.0	i	False	('A#', 'D#', 'F#')	A#	D#	2.0	minor triad	(3, 6, 10)	d#	d#	1	None
153.0	1.0	31.0	A4	69.0	True	31.0	3.0	69.0	i	False	('A#', 'D#', 'F#')	A#	D#	2.0	minor triad	(3, 6, 10)	d#	d#	1	None
153.0	1.0	31.0	D4	62.0	True	31.0	3.0	69.0	i	False	('A#', 'D#', 'F#')	A#	D#	2.0	minor triad	(3, 6, 10)	d#	d#	1	None
153.0	1.0	31.0	A3	57.0	True	31.0	3.0	69.0	i	False	('A#', 'D#', 'F#')	A#	D#	2.0	minor triad	(3, 6, 10)	d#	d#	1	None
154.0	1.0	32.0	A4	69.0	True	32.0	3.0	70.0	i	True	('A#', 'D#', 'F#')	A#	D#	2.0	minor triad	(3, 6, 10)	d#	d#	1	None
154.0	1.0	32.0	A4	69.0	True	32.0	3.0	70.0	i	True	('A#', 'D#', 'F#')	A#	D#	2.0	minor triad	(3, 6, 10)	d#	d#	1	None
154.0	1.0	32.0	D4	62.0	True	32.0	3.0	70.0	i	True	('A#', 'D#', 'F#')	A#	D#	2.0	minor triad	(3, 6, 10)	d#	d#	1	None
154.0	1.0	32.0	A3	57.0	True	32.0	3.0	70.0	i	True	('A#', 'D#', 'F#')	A#	D#	2.0	minor triad	(3, 6, 10)	d#	d#	1	None
155.0	1.0	32.0	D5	74.0	True	32.0	3.0	70.0	i	False	('A#', 'D#', 'F#')	A#	D#	2.0	minor triad	(3, 6, 10)	d#	d#	1	None
156.0	1.0	32.0	F5	77.0	True	32.0	3.0	70.0	i	False	('A#', 'D#', 'F#')	A#	D#	2.0	minor triad	(3, 6, 10)	d#	d#	1	None
157.0	1.0	32.0	G4	67.0	True	32.0	3.0	71.0	V7	True	('A#', 'C##', 'E#', 'G#')	A#	A#	0.0	dominant seventh chord	(2, 5, 8, 10)	d#	d#	5	None
157.0	1.0	32.0	A4	69.0	True	32.0	3.0	71.0	V7	True	('A#', 'C##', 'E#', 'G#')	A#	A#	0.0	dominant seventh chord	(2, 5, 8, 10)	d#	d#	5	None
157.0	1.0	32.0	C#4	61.0	True	32.0	3.0	71.0	V7	True	('A#', 'C##', 'E#', 'G#')	A#	A#	0.0	dominant seventh chord	(2, 5, 8, 10)	d#	d#	5	None
157.0	1.0	32.0	A3	57.0	True	32.0	3.0	71.0	V7	True	('A#', 'C##', 'E#', 'G#')	A#	A#	0.0	dominant seventh chord	(2, 5, 8, 10)	d#	d#	5	None
158.0	1.0	32.0	C#5	73.0	True	32.0	3.0	71.0	V7	False	('A#', 'C##', 'E#', 'G#')	A#	A#	0.0	dominant seventh chord	(2, 5, 8, 10)	d#	d#	5	None
159.0	1.0	32.0	E5	76.0	True	32.0	3.0	71.0	V7	False	('A#', 'C##', 'E#', 'G#')	A#	A#	0.0	dominant seventh chord	(2, 5, 8, 10)	d#	d#	5	None
160.0	1.0	33.0	F4	65.0	True	33.0	6.0	72.0	i	True	('D#', 'F#', 'A#')	D#	D#	0.0	minor triad	(3, 6, 10)	d#	d#	1	None
161.0	1.0	33.0	A4	69.0	True	33.0	6.0	72.0	i	False	('D#', 'F#', 'A#')	D#	D#	0.0	minor triad	(3, 6, 10)	d#	d#	1	None
162.0	1.0	33.0	D5	74.0	True	33.0	6.0	72.0	i	False	('D#', 'F#', 'A#')	D#	D#	0.0	minor triad	(3, 6, 10)	d#	d#	1	None
163.0	1.0	33.0	D2	38.0	True	33.0	6.0	72.0	i	False	('D#', 'F#', 'A#')	D#	D#	0.0	minor triad	(3, 6, 10)	d#	d#	1	None
163.0	1.0	33.0	D4	62.0	True	33.0	6.0	72.0	i	False	('D#', 'F#', 'A#')	D#	D#	0.0	minor triad	(3, 6, 10)	d#	d#	1	None
163.0	1.0	33.0	D3	50.0	True	33.0	6.0	72.0	i	False	('D#', 'F#', 'A#')	D#	D#	0.0	minor triad	(3, 6, 10)	d#	d#	1	None
163.0	1.0	33.0	D5	74.0	True	33.0	6.0	72.0	i	False	('D#', 'F#', 'A#')	D#	D#	0.0	minor triad	(3, 6, 10)	d#	d#	1	None
163.0	0.0	33.0	E5	76.0	True	33.0	6.0	72.0	i	False	('D#', 'F#', 'A#')	D#	D#	0.0	minor triad	(3, 6, 10)	d#	d#	1	None
164.0	1.0	33.0	C#5	73.0	True	33.0	6.0	72.0	i	False	('D#', 'F#', 'A#')	D#	D#	0.0	minor triad	(3, 6, 10)	d#	d#	1	None
164.0	1.0	33.0	D4	62.0	True	33.0	6.0	72.0	i	False	('D#', 'F#', 'A#')	D#	D#	0.0	minor triad	(3, 6, 10)	d#	d#	1	None
164.0	1.0	33.0	D3	50.0	True	33.0	6.0	72.0	i	False	('D#', 'F#', 'A#')	D#	D#	0.0	minor triad	(3, 6, 10)	d#	d#	1	None
164.0	1.0	33.0	D2	38.0	True	33.0	6.0	72.0	i	False	('D#', 'F#', 'A#')	D#	D#	0.0	minor triad	(3, 6, 10)	d#	d#	1	None
165.0	1.0	33.0	D3	50.0	True	33.0	6.0	72.0	i	False	('D#', 'F#', 'A#')	D#	D#	0.0	minor triad	(3, 6, 10)	d#	d#	1	None
165.0	1.0	33.0	D2	38.0	True	33.0	6.0	72.0	i	False	('D#', 'F#', 'A#')	D#	D#	0.0	minor triad	(3, 6, 10)	d#	d#	1	None
165.0	1.0	33.0	D5	74.0	True	33.0	6.0	72.0	i	False	('D#', 'F#', 'A#')	D#	D#	0.0	minor triad	(3, 6, 10)	d#	d#	1	None
165.0	1.0	33.0	D4	62.0	True	33.0	6.0	72.0	i	False	('D#', 'F#', 'A#')	D#	D#	0.0	minor triad	(3, 6, 10)	d#	d#	1	None
166.0	1.0	34.0	G4	67.0	True	34.0	6.0	73.0	iv	True	('G#', 'B', 'D#')	G#	G#	0.0	minor triad	(3, 8, 11)	d#	d#	4	None
167.0	1.0	34.0	B-4	70.0	True	34.0	6.0	73.0	iv	False	('G#', 'B', 'D#')	G#	G#	0.0	minor triad	(3, 8, 11)	d#	d#	4	None
168.0	1.0	34.0	D5	74.0	True	34.0	6.0	73.0	iv	False	('G#', 'B', 'D#')	G#	G#	0.0	minor triad	(3, 8, 11)	d#	d#	4	None
169.0	1.0	34.0	D2	38.0	True	34.0	6.0	73.0	iv	False	('G#', 'B', 'D#')	G#	G#	0.0	minor triad	(3, 8, 11)	d#	d#	4	None
169.0	0.0	34.0	E5	76.0	True	34.0	6.0	73.0	iv	False	('G#', 'B', 'D#')	G#	G#	0.0	minor triad	(3, 8, 11)	d#	d#	4	None
169.0	1.0	34.0	D5	74.0	True	34.0	6.0	73.0	iv	False	('G#', 'B', 'D#')	G#	G#	0.0	minor triad	(3, 8, 11)	d#	d#	4	None
169.0	1.0	34.0	B-3	58.0	True	34.0	6.0	73.0	iv	False	('G#', 'B', 'D#')	G#	G#	0.0	minor triad	(3, 8, 11)	d#	d#	4	None
169.0	1.0	34.0	G3	55.0	True	34.0	6.0	73.0	iv	False	('G#', 'B', 'D#')	G#	G#	0.0	minor triad	(3, 8, 11)	d#	d#	4	None
170.0	1.0	34.0	D2	38.0	True	34.0	6.0	73.0	iv	False	('G#', 'B', 'D#')	G#	G#	0.0	minor triad	(3, 8, 11)	d#	d#	4	None
170.0	1.0	34.0	G3	55.0	True	34.0	6.0	73.0	iv	False	('G#', 'B', 'D#')	G#	G#	0.0	minor triad	(3, 8, 11)	d#	d#	4	None
170.0	1.0	34.0	C#5	73.0	True	34.0	6.0	73.0	iv	False	('G#', 'B', 'D#')	G#	G#	0.0	minor triad	(3, 8, 11)	d#	d#	4	None
170.0	1.0	34.0	B-3	58.0	True	34.0	6.0	73.0	iv	False	('G#', 'B', 'D#')	G#	G#	0.0	minor triad	(3, 8, 11)	d#	d#	4	None
171.0	1.0	34.0	D5	74.0	True	34.0	6.0	73.0	iv	False	('G#', 'B', 'D#')	G#	G#	0.0	minor triad	(3, 8, 11)	d#	d#	4	None
171.0	1.0	34.0	B-3	58.0	True	34.0	6.0	73.0	iv	False	('G#', 'B', 'D#')	G#	G#	0.0	minor triad	(3, 8, 11)	d#	d#	4	None
171.0	1.0	34.0	G3	55.0	True	34.0	6.0	73.0	iv	False	('G#', 'B', 'D#')	G#	G#	0.0	minor triad	(3, 8, 11)	d#	d#	4	None
171.0	1.0	34.0	D2	38.0	True	34.0	6.0	73.0	iv	False	('G#', 'B', 'D#')	G#	G#	0.0	minor triad	(3, 8, 11)	d#	d#	4	None
172.0	1.0	35.0	F4	65.0	True	35.0	6.0	74.0	i	True	('F#', 'A#', 'D#')	F#	D#	1.0	minor triad	(3, 6, 10)	d#	d#	1	None
173.0	1.0	35.0	A4	69.0	True	35.0	6.0	74.0	i	False	('F#', 'A#', 'D#')	F#	D#	1.0	minor triad	(3, 6, 10)	d#	d#	1	None
174.0	1.0	35.0	D5	74.0	True	35.0	6.0	74.0	i	False	('F#', 'A#', 'D#')	F#	D#	1.0	minor triad	(3, 6, 10)	d#	d#	1	None
175.0	1.0	35.0	D5	74.0	True	35.0	6.0	74.0	i	False	('F#', 'A#', 'D#')	F#	D#	1.0	minor triad	(3, 6, 10)	d#	d#	1	None
175.0	1.0	35.0	D2	38.0	True	35.0	6.0	74.0	i	False	('F#', 'A#', 'D#')	F#	D#	1.0	minor triad	(3, 6, 10)	d#	d#	1	None
175.0	1.0	35.0	F3	53.0	True	35.0	6.0	74.0	i	False	('F#', 'A#', 'D#')	F#	D#	1.0	minor triad	(3, 6, 10)	d#	d#	1	None
175.0	0.0	35.0	E5	76.0	True	35.0	6.0	74.0	i	False	('F#', 'A#', 'D#')	F#	D#	1.0	minor triad	(3, 6, 10)	d#	d#	1	None
175.0	1.0	35.0	A3	57.0	True	35.0	6.0	74.0	i	False	('F#', 'A#', 'D#')	F#	D#	1.0	minor triad	(3, 6, 10)	d#	d#	1	None
176.0	1.0	35.0	D2	38.0	True	35.0	6.0	74.0	i	False	('F#', 'A#', 'D#')	F#	D#	1.0	minor triad	(3, 6, 10)	d#	d#	1	None
176.0	1.0	35.0	C#5	73.0	True	35.0	6.0	74.0	i	False	('F#', 'A#', 'D#')	F#	D#	1.0	minor triad	(3, 6, 10)	d#	d#	1	None
176.0	1.0	35.0	A3	57.0	True	35.0	6.0	74.0	i	False	('F#', 'A#', 'D#')	F#	D#	1.0	minor triad	(3, 6, 10)	d#	d#	1	None
176.0	1.0	35.0	F3	53.0	True	35.0	6.0	74.0	i	False	('F#', 'A#', 'D#')	F#	D#	1.0	minor triad	(3, 6, 10)	d#	d#	1	None
177.0	1.0	35.0	A3	57.0	True	35.0	6.0	74.0	i	False	('F#', 'A#', 'D#')	F#	D#	1.0	minor triad	(3, 6, 10)	d#	d#	1	None
177.0	1.0	35.0	F3	53.0	True	35.0	6.0	74.0	i	False	('F#', 'A#', 'D#')	F#	D#	1.0	minor triad	(3, 6, 10)	d#	d#	1	None
177.0	1.0	35.0	D5	74.0	True	35.0	6.0	74.0	i	False	('F#', 'A#', 'D#')	F#	D#	1.0	minor triad	(3, 6, 10)	d#	d#	1	None
177.0	1.0	35.0	D2	38.0	True	35.0	6.0	74.0	i	False	('F#', 'A#', 'D#')	F#	D#	1.0	minor triad	(3, 6, 10)	d#	d#	1	None
178.0	1.0	36.0	F4	65.0	True	36.0	3.0	75.0	i	True	('F#', 'A#', 'D#')	F#	D#	1.0	minor triad	(3, 6, 10)	d#	d#	1	None
179.0	1.0	36.0	A4	69.0	True	36.0	3.0	75.0	i	False	('F#', 'A#', 'D#')	F#	D#	1.0	minor triad	(3, 6, 10)	d#	d#	1	None
180.0	1.0	36.0	D5	74.0	True	36.0	3.0	75.0	i	False	('F#', 'A#', 'D#')	F#	D#	1.0	minor triad	(3, 6, 10)	d#	d#	1	None
181.0	1.0	36.0	G4	67.0	True	36.0	3.0	76.0	V7	True	('A#', 'C##', 'E#', 'G#')	A#	A#	0.0	dominant seventh chord	(2, 5, 8, 10)	d#	d#	5	None
181.0	1.0	36.0	A3	57.0	True	36.0	3.0	76.0	V7	True	('A#', 'C##', 'E#', 'G#')	A#	A#	0.0	dominant seventh chord	(2, 5, 8, 10)	d#	d#	5	None
181.0	1.0	36.0	C#3	49.0	True	36.0	3.0	76.0	V7	True	('A#', 'C##', 'E#', 'G#')	A#	A#	0.0	dominant seventh chord	(2, 5, 8, 10)	d#	d#	5	None
181.0	1.0	36.0	A2	45.0	True	36.0	3.0	76.0	V7	True	('A#', 'C##', 'E#', 'G#')	A#	A#	0.0	dominant seventh chord	(2, 5, 8, 10)	d#	d#	5	None
182.0	1.0	36.0	C#5	73.0	True	36.0	3.0	76.0	V7	False	('A#', 'C##', 'E#', 'G#')	A#	A#	0.0	dominant seventh chord	(2, 5, 8, 10)	d#	d#	5	None
182.0	1.0	36.0	C#4	61.0	True	36.0	3.0	76.0	V7	False	('A#', 'C##', 'E#', 'G#')	A#	A#	0.0	dominant seventh chord	(2, 5, 8, 10)	d#	d#	5	None
182.0	1.0	36.0	A3	57.0	True	36.0	3.0	76.0	V7	False	('A#', 'C##', 'E#', 'G#')	A#	A#	0.0	dominant seventh chord	(2, 5, 8, 10)	d#	d#	5	None
182.0	1.0	36.0	A3	57.0	True	36.0	3.0	76.0	V7	False	('A#', 'C##', 'E#', 'G#')	A#	A#	0.0	dominant seventh chord	(2, 5, 8, 10)	d#	d#	5	None
183.0	1.0	36.0	A3	57.0	True	36.0	3.0	76.0	V7	False	('A#', 'C##', 'E#', 'G#')	A#	A#	0.0	dominant seventh chord	(2, 5, 8, 10)	d#	d#	5	None
183.0	1.0	36.0	A3	57.0	True	36.0	3.0	76.0	V7	False	('A#', 'C##', 'E#', 'G#')	A#	A#	0.0	dominant seventh chord	(2, 5, 8, 10)	d#	d#	5	None
183.0	1.0	36.0	E5	76.0	True	36.0	3.0	76.0	V7	False	('A#', 'C##', 'E#', 'G#')	A#	A#	0.0	dominant seventh chord	(2, 5, 8, 10)	d#	d#	5	None
183.0	1.0	36.0	C#4	61.0	True	36.0	3.0	76.0	V7	False	('A#', 'C##', 'E#', 'G#')	A#	A#	0.0	dominant seventh chord	(2, 5, 8, 10)	d#	d#	5	None
184.0	1.0	37.0	A4	69.0	True	37.0	6.0	77.0	i	True	('D#', 'F#', 'A#')	D#	D#	0.0	minor triad	(3, 6, 10)	d#	d#	1	None
185.0	1.0	37.0	D5	74.0	True	37.0	6.0	77.0	i	False	('D#', 'F#', 'A#')	D#	D#	0.0	minor triad	(3, 6, 10)	d#	d#	1	None
186.0	1.0	37.0	F5	77.0	True	37.0	6.0	77.0	i	False	('D#', 'F#', 'A#')	D#	D#	0.0	minor triad	(3, 6, 10)	d#	d#	1	None
187.0	0.0	37.0	G5	79.0	True	37.0	6.0	77.0	i	False	('D#', 'F#', 'A#')	D#	D#	0.0	minor triad	(3, 6, 10)	d#	d#	1	None
187.0	1.0	37.0	F5	77.0	True	37.0	6.0	77.0	i	False	('D#', 'F#', 'A#')	D#	D#	0.0	minor triad	(3, 6, 10)	d#	d#	1	None
187.0	1.0	37.0	D4	62.0	True	37.0	6.0	77.0	i	False	('D#', 'F#', 'A#')	D#	D#	0.0	minor triad	(3, 6, 10)	d#	d#	1	None
187.0	1.0	37.0	A3	57.0	True	37.0	6.0	77.0	i	False	('D#', 'F#', 'A#')	D#	D#	0.0	minor triad	(3, 6, 10)	d#	d#	1	None
187.0	1.0	37.0	D3	50.0	True	37.0	6.0	77.0	i	False	('D#', 'F#', 'A#')	D#	D#	0.0	minor triad	(3, 6, 10)	d#	d#	1	None
188.0	1.0	37.0	D3	50.0	True	37.0	6.0	77.0	i	False	('D#', 'F#', 'A#')	D#	D#	0.0	minor triad	(3, 6, 10)	d#	d#	1	None
188.0	1.0	37.0	D4	62.0	True	37.0	6.0	77.0	i	False	('D#', 'F#', 'A#')	D#	D#	0.0	minor triad	(3, 6, 10)	d#	d#	1	None
188.0	1.0	37.0	E5	76.0	True	37.0	6.0	77.0	i	False	('D#', 'F#', 'A#')	D#	D#	0.0	minor triad	(3, 6, 10)	d#	d#	1	None
188.0	1.0	37.0	A4	69.0	True	37.0	6.0	77.0	i	False	('D#', 'F#', 'A#')	D#	D#	0.0	minor triad	(3, 6, 10)	d#	d#	1	None
189.0	1.0	37.0	F5	77.0	True	37.0	6.0	77.0	i	False	('D#', 'F#', 'A#')	D#	D#	0.0	minor triad	(3, 6, 10)	d#	d#	1	None
189.0	1.0	37.0	A4	69.0	True	37.0	6.0	77.0	i	False	('D#', 'F#', 'A#')	D#	D#	0.0	minor triad	(3, 6, 10)	d#	d#	1	None
189.0	1.0	37.0	D4	62.0	True	37.0	6.0	77.0	i	False	('D#', 'F#', 'A#')	D#	D#	0.0	minor triad	(3, 6, 10)	d#	d#	1	None
189.0	1.0	37.0	D3	50.0	True	37.0	6.0	77.0	i	False	('D#', 'F#', 'A#')	D#	D#	0.0	minor triad	(3, 6, 10)	d#	d#	1	None
190.0	1.0	38.0	B4	71.0	True	38.0	6.0	78.0	V	True	('A#', 'C##', 'E#')	A#	A#	0.0	major triad	(2, 5, 10)	d#	d#	5	None
191.0	1.0	38.0	D5	74.0	True	38.0	6.0	78.0	V	False	('A#', 'C##', 'E#')	A#	A#	0.0	major triad	(2, 5, 10)	d#	d#	5	None
192.0	1.0	38.0	G5	79.0	True	38.0	6.0	78.0	V	False	('A#', 'C##', 'E#')	A#	A#	0.0	major triad	(2, 5, 10)	d#	d#	5	None
193.0	0.0	38.0	A5	81.0	True	38.0	6.0	78.0	V	False	('A#', 'C##', 'E#')	A#	A#	0.0	major triad	(2, 5, 10)	d#	d#	5	None
193.0	1.0	38.0	G5	79.0	True	38.0	6.0	78.0	V	False	('A#', 'C##', 'E#')	A#	A#	0.0	major triad	(2, 5, 10)	d#	d#	5	None
193.0	1.0	38.0	B4	71.0	True	38.0	6.0	78.0	V	False	('A#', 'C##', 'E#')	A#	A#	0.0	major triad	(2, 5, 10)	d#	d#	5	None
193.0	1.0	38.0	D4	62.0	True	38.0	6.0	78.0	V	False	('A#', 'C##', 'E#')	A#	A#	0.0	major triad	(2, 5, 10)	d#	d#	5	None
193.0	1.0	38.0	G2	43.0	True	38.0	6.0	78.0	V	False	('A#', 'C##', 'E#')	A#	A#	0.0	major triad	(2, 5, 10)	d#	d#	5	None
194.0	1.0	38.0	D4	62.0	True	38.0	6.0	78.0	V	False	('A#', 'C##', 'E#')	A#	A#	0.0	major triad	(2, 5, 10)	d#	d#	5	None
194.0	1.0	38.0	G2	43.0	True	38.0	6.0	78.0	V	False	('A#', 'C##', 'E#')	A#	A#	0.0	major triad	(2, 5, 10)	d#	d#	5	None
194.0	1.0	38.0	F#5	78.0	True	38.0	6.0	78.0	V	False	('A#', 'C##', 'E#')	A#	A#	0.0	major triad	(2, 5, 10)	d#	d#	5	None
194.0	1.0	38.0	B4	71.0	True	38.0	6.0	78.0	V	False	('A#', 'C##', 'E#')	A#	A#	0.0	major triad	(2, 5, 10)	d#	d#	5	None
195.0	1.0	38.0	B4	71.0	True	38.0	6.0	78.0	V	False	('A#', 'C##', 'E#')	A#	A#	0.0	major triad	(2, 5, 10)	d#	d#	5	None
195.0	1.0	38.0	D4	62.0	True	38.0	6.0	78.0	V	False	('A#', 'C##', 'E#')	A#	A#	0.0	major triad	(2, 5, 10)	d#	d#	5	None
195.0	1.0	38.0	G5	79.0	True	38.0	6.0	78.0	V	False	('A#', 'C##', 'E#')	A#	A#	0.0	major triad	(2, 5, 10)	d#	d#	5	None
195.0	1.0	38.0	G2	43.0	True	38.0	6.0	78.0	V	False	('A#', 'C##', 'E#')	A#	A#	0.0	major triad	(2, 5, 10)	d#	d#	5	None
196.0	1.0	39.0	C5	72.0	True	39.0	6.0	79.0	I	True	('D#', 'F##', 'A#')	D#	D#	0.0	major triad	(3, 7, 10)	d#	d#	1	None
197.0	1.0	39.0	E5	76.0	True	39.0	6.0	79.0	I	False	('D#', 'F##', 'A#')	D#	D#	0.0	major triad	(3, 7, 10)	d#	d#	1	None
198.0	1.0	39.0	G5	79.0	True	39.0	6.0	79.0	I	False	('D#', 'F##', 'A#')	D#	D#	0.0	major triad	(3, 7, 10)	d#	d#	1	None
199.0	0.0	39.0	A5	81.0	True	39.0	6.0	79.0	I	False	('D#', 'F##', 'A#')	D#	D#	0.0	major triad	(3, 7, 10)	d#	d#	1	None
199.0	1.0	39.0	G5	79.0	True	39.0	6.0	79.0	I	False	('D#', 'F##', 'A#')	D#	D#	0.0	major triad	(3, 7, 10)	d#	d#	1	None
199.0	1.0	39.0	C5	72.0	True	39.0	6.0	79.0	I	False	('D#', 'F##', 'A#')	D#	D#	0.0	major triad	(3, 7, 10)	d#	d#	1	None
199.0	1.0	39.0	E4	64.0	True	39.0	6.0	79.0	I	False	('D#', 'F##', 'A#')	D#	D#	0.0	major triad	(3, 7, 10)	d#	d#	1	None
199.0	1.0	39.0	C3	48.0	True	39.0	6.0	79.0	I	False	('D#', 'F##', 'A#')	D#	D#	0.0	major triad	(3, 7, 10)	d#	d#	1	None
200.0	1.0	39.0	C3	48.0	True	39.0	6.0	79.0	I	False	('D#', 'F##', 'A#')	D#	D#	0.0	major triad	(3, 7, 10)	d#	d#	1	None
200.0	1.0	39.0	E4	64.0	True	39.0	6.0	79.0	I	False	('D#', 'F##', 'A#')	D#	D#	0.0	major triad	(3, 7, 10)	d#	d#	1	None
200.0	1.0	39.0	F#5	78.0	True	39.0	6.0	79.0	I	False	('D#', 'F##', 'A#')	D#	D#	0.0	major triad	(3, 7, 10)	d#	d#	1	None
200.0	1.0	39.0	C5	72.0	True	39.0	6.0	79.0	I	False	('D#', 'F##', 'A#')	D#	D#	0.0	major triad	(3, 7, 10)	d#	d#	1	None
201.0	1.0	39.0	G5	79.0	True	39.0	6.0	79.0	I	False	('D#', 'F##', 'A#')	D#	D#	0.0	major triad	(3, 7, 10)	d#	d#	1	None
201.0	1.0	39.0	C5	72.0	True	39.0	6.0	79.0	I	False	('D#', 'F##', 'A#')	D#	D#	0.0	major triad	(3, 7, 10)	d#	d#	1	None
201.0	1.0	39.0	E4	64.0	True	39.0	6.0	79.0	I	False	('D#', 'F##', 'A#')	D#	D#	0.0	major triad	(3, 7, 10)	d#	d#	1	None
201.0	1.0	39.0	C3	48.0	True	39.0	6.0	79.0	I	False	('D#', 'F##', 'A#')	D#	D#	0.0	major triad	(3, 7, 10)	d#	d#	1	None
202.0	1.0	40.0	C5	72.0	True	40.0	3.0	80.0	V/V	True	('C#', 'E#', 'G#')	C#	C#	0.0	major triad	(1, 5, 8)	B	F#	5	5
203.0	1.0	40.0	E5	76.0	True	40.0	3.0	80.0	V/V	False	('C#', 'E#', 'G#')	C#	C#	0.0	major triad	(1, 5, 8)	B	F#	5	5
204.0	1.0	40.0	G5	79.0	True	40.0	3.0	80.0	V/V	False	('C#', 'E#', 'G#')	C#	C#	0.0	major triad	(1, 5, 8)	B	F#	5	5
205.0	1.0	40.0	E-4	63.0	True	40.0	3.0	81.0	V7	True	('F#', 'A#', 'C#', 'E')	F#	F#	0.0	dominant seventh chord	(1, 4, 6, 10)	B	B	5	None
205.0	1.0	40.0	F2	41.0	True	40.0	3.0	81.0	V7	True	('F#', 'A#', 'C#', 'E')	F#	F#	0.0	dominant seventh chord	(1, 4, 6, 10)	B	B	5	None
205.0	1.0	40.0	C5	72.0	True	40.0	3.0	81.0	V7	True	('F#', 'A#', 'C#', 'E')	F#	F#	0.0	dominant seventh chord	(1, 4, 6, 10)	B	B	5	None
205.0	1.0	40.0	C5	72.0	True	40.0	3.0	81.0	V7	True	('F#', 'A#', 'C#', 'E')	F#	F#	0.0	dominant seventh chord	(1, 4, 6, 10)	B	B	5	None
206.0	1.0	40.0	E-5	75.0	True	40.0	3.0	81.0	V7	False	('F#', 'A#', 'C#', 'E')	F#	F#	0.0	dominant seventh chord	(1, 4, 6, 10)	B	B	5	None
206.0	1.0	40.0	C5	72.0	True	40.0	3.0	81.0	V7	False	('F#', 'A#', 'C#', 'E')	F#	F#	0.0	dominant seventh chord	(1, 4, 6, 10)	B	B	5	None
206.0	1.0	40.0	E-4	63.0	True	40.0	3.0	81.0	V7	False	('F#', 'A#', 'C#', 'E')	F#	F#	0.0	dominant seventh chord	(1, 4, 6, 10)	B	B	5	None
206.0	1.0	40.0	F2	41.0	True	40.0	3.0	81.0	V7	False	('F#', 'A#', 'C#', 'E')	F#	F#	0.0	dominant seventh chord	(1, 4, 6, 10)	B	B	5	None
207.0	1.0	40.0	A5	81.0	True	40.0	3.0	81.0	V7	False	('F#', 'A#', 'C#', 'E')	F#	F#	0.0	dominant seventh chord	(1, 4, 6, 10)	B	B	5	None
207.0	1.0	40.0	C5	72.0	True	40.0	3.0	81.0	V7	False	('F#', 'A#', 'C#', 'E')	F#	F#	0.0	dominant seventh chord	(1, 4, 6, 10)	B	B	5	None
207.0	1.0	40.0	E-4	63.0	True	40.0	3.0	81.0	V7	False	('F#', 'A#', 'C#', 'E')	F#	F#	0.0	dominant seventh chord	(1, 4, 6, 10)	B	B	5	None
207.0	1.0	40.0	F2	41.0	True	40.0	3.0	81.0	V7	False	('F#', 'A#', 'C#', 'E')	F#	F#	0.0	dominant seventh chord	(1, 4, 6, 10)	B	B	5	None
208.0	1.0	41.0	D5	74.0	True	41.0	6.0	82.0	I	True	('B', 'D#', 'F#')	B	B	0.0	major triad	(3, 6, 11)	B	B	1	None
209.0	1.0	41.0	F5	77.0	True	41.0	6.0	82.0	I	False	('B', 'D#', 'F#')	B	B	0.0	major triad	(3, 6, 11)	B	B	1	None
210.0	1.0	41.0	B-5	82.0	True	41.0	6.0	82.0	I	False	('B', 'D#', 'F#')	B	B	0.0	major triad	(3, 6, 11)	B	B	1	None
211.0	0.0	41.0	C6	84.0	True	41.0	6.0	82.0	I	False	('B', 'D#', 'F#')	B	B	0.0	major triad	(3, 6, 11)	B	B	1	None
211.0	1.0	41.0	B-5	82.0	True	41.0	6.0	82.0	I	False	('B', 'D#', 'F#')	B	B	0.0	major triad	(3, 6, 11)	B	B	1	None
211.0	1.0	41.0	F4	65.0	True	41.0	6.0	82.0	I	False	('B', 'D#', 'F#')	B	B	0.0	major triad	(3, 6, 11)	B	B	1	None
211.0	1.0	41.0	D4	62.0	True	41.0	6.0	82.0	I	False	('B', 'D#', 'F#')	B	B	0.0	major triad	(3, 6, 11)	B	B	1	None
211.0	1.0	41.0	B-2	46.0	True	41.0	6.0	82.0	I	False	('B', 'D#', 'F#')	B	B	0.0	major triad	(3, 6, 11)	B	B	1	None
212.0	1.0	41.0	A5	81.0	True	41.0	6.0	82.0	I	False	('B', 'D#', 'F#')	B	B	0.0	major triad	(3, 6, 11)	B	B	1	None
212.0	1.0	41.0	F4	65.0	True	41.0	6.0	82.0	I	False	('B', 'D#', 'F#')	B	B	0.0	major triad	(3, 6, 11)	B	B	1	None
212.0	1.0	41.0	D4	62.0	True	41.0	6.0	82.0	I	False	('B', 'D#', 'F#')	B	B	0.0	major triad	(3, 6, 11)	B	B	1	None
212.0	1.0	41.0	B-2	46.0	True	41.0	6.0	82.0	I	False	('B', 'D#', 'F#')	B	B	0.0	major triad	(3, 6, 11)	B	B	1	None
213.0	1.0	41.0	B-2	46.0	True	41.0	6.0	82.0	I	False	('B', 'D#', 'F#')	B	B	0.0	major triad	(3, 6, 11)	B	B	1	None
213.0	1.0	41.0	D4	62.0	True	41.0	6.0	82.0	I	False	('B', 'D#', 'F#')	B	B	0.0	major triad	(3, 6, 11)	B	B	1	None
213.0	1.0	41.0	F4	65.0	True	41.0	6.0	82.0	I	False	('B', 'D#', 'F#')	B	B	0.0	major triad	(3, 6, 11)	B	B	1	None
213.0	1.0	41.0	B-5	82.0	True	41.0	6.0	82.0	I	False	('B', 'D#', 'F#')	B	B	0.0	major triad	(3, 6, 11)	B	B	1	None
214.0	1.0	42.0	F5	77.0	True	42.0	6.0	83.0	V	True	('F#', 'A#', 'C#')	F#	F#	0.0	major triad	(1, 6, 10)	B	B	5	None
215.0	1.0	42.0	A5	81.0	True	42.0	6.0	83.0	V	False	('F#', 'A#', 'C#')	F#	F#	0.0	major triad	(1, 6, 10)	B	B	5	None
216.0	1.0	42.0	C6	84.0	True	42.0	6.0	83.0	V	False	('F#', 'A#', 'C#')	F#	F#	0.0	major triad	(1, 6, 10)	B	B	5	None
217.0	0.0	42.0	D6	86.0	True	42.0	6.0	83.0	V	False	('F#', 'A#', 'C#')	F#	F#	0.0	major triad	(1, 6, 10)	B	B	5	None
217.0	1.0	42.0	C6	84.0	True	42.0	6.0	83.0	V	False	('F#', 'A#', 'C#')	F#	F#	0.0	major triad	(1, 6, 10)	B	B	5	None
217.0	1.0	42.0	F4	65.0	True	42.0	6.0	83.0	V	False	('F#', 'A#', 'C#')	F#	F#	0.0	major triad	(1, 6, 10)	B	B	5	None
217.0	1.0	42.0	A3	57.0	True	42.0	6.0	83.0	V	False	('F#', 'A#', 'C#')	F#	F#	0.0	major triad	(1, 6, 10)	B	B	5	None
217.0	1.0	42.0	F2	41.0	True	42.0	6.0	83.0	V	False	('F#', 'A#', 'C#')	F#	F#	0.0	major triad	(1, 6, 10)	B	B	5	None
218.0	1.0	42.0	F2	41.0	True	42.0	6.0	83.0	V	False	('F#', 'A#', 'C#')	F#	F#	0.0	major triad	(1, 6, 10)	B	B	5	None
218.0	1.0	42.0	A3	57.0	True	42.0	6.0	83.0	V	False	('F#', 'A#', 'C#')	F#	F#	0.0	major triad	(1, 6, 10)	B	B	5	None
218.0	1.0	42.0	F4	65.0	True	42.0	6.0	83.0	V	False	('F#', 'A#', 'C#')	F#	F#	0.0	major triad	(1, 6, 10)	B	B	5	None
218.0	1.0	42.0	B5	83.0	True	42.0	6.0	83.0	V	False	('F#', 'A#', 'C#')	F#	F#	0.0	major triad	(1, 6, 10)	B	B	5	None
219.0	1.0	42.0	C6	84.0	True	42.0	6.0	83.0	V	False	('F#', 'A#', 'C#')	F#	F#	0.0	major triad	(1, 6, 10)	B	B	5	None
219.0	1.0	42.0	F4	65.0	True	42.0	6.0	83.0	V	False	('F#', 'A#', 'C#')	F#	F#	0.0	major triad	(1, 6, 10)	B	B	5	None
219.0	1.0	42.0	A3	57.0	True	42.0	6.0	83.0	V	False	('F#', 'A#', 'C#')	F#	F#	0.0	major triad	(1, 6, 10)	B	B	5	None
219.0	1.0	42.0	F2	41.0	True	42.0	6.0	83.0	V	False	('F#', 'A#', 'C#')	F#	F#	0.0	major triad	(1, 6, 10)	B	B	5	None
220.0	1.0	43.0	F5	77.0	True	43.0	6.0	84.0	I	True	('B', 'D#', 'F#')	B	B	0.0	major triad	(3, 6, 11)	B	B	1	None
221.0	1.0	43.0	B-5	82.0	True	43.0	6.0	84.0	I	False	('B', 'D#', 'F#')	B	B	0.0	major triad	(3, 6, 11)	B	B	1	None
222.0	1.0	43.0	D6	86.0	True	43.0	6.0	84.0	I	False	('B', 'D#', 'F#')	B	B	0.0	major triad	(3, 6, 11)	B	B	1	None
223.0	1.0	43.0	B-3	58.0	True	43.0	6.0	84.0	I	False	('B', 'D#', 'F#')	B	B	0.0	major triad	(3, 6, 11)	B	B	1	None
223.0	1.0	43.0	D4	62.0	True	43.0	6.0	84.0	I	False	('B', 'D#', 'F#')	B	B	0.0	major triad	(3, 6, 11)	B	B	1	None
223.0	1.0	43.0	D6	86.0	True	43.0	6.0	84.0	I	False	('B', 'D#', 'F#')	B	B	0.0	major triad	(3, 6, 11)	B	B	1	None
223.0	0.0	43.0	E-6	87.0	True	43.0	6.0	84.0	I	False	('B', 'D#', 'F#')	B	B	0.0	major triad	(3, 6, 11)	B	B	1	None
223.0	1.0	43.0	F4	65.0	True	43.0	6.0	84.0	I	False	('B', 'D#', 'F#')	B	B	0.0	major triad	(3, 6, 11)	B	B	1	None
224.0	1.0	43.0	C6	84.0	True	43.0	6.0	84.0	I	False	('B', 'D#', 'F#')	B	B	0.0	major triad	(3, 6, 11)	B	B	1	None
224.0	1.0	43.0	F4	65.0	True	43.0	6.0	84.0	I	False	('B', 'D#', 'F#')	B	B	0.0	major triad	(3, 6, 11)	B	B	1	None
224.0	1.0	43.0	D4	62.0	True	43.0	6.0	84.0	I	False	('B', 'D#', 'F#')	B	B	0.0	major triad	(3, 6, 11)	B	B	1	None
224.0	1.0	43.0	B-3	58.0	True	43.0	6.0	84.0	I	False	('B', 'D#', 'F#')	B	B	0.0	major triad	(3, 6, 11)	B	B	1	None
225.0	1.0	43.0	B-3	58.0	True	43.0	6.0	84.0	I	False	('B', 'D#', 'F#')	B	B	0.0	major triad	(3, 6, 11)	B	B	1	None
225.0	1.0	43.0	D4	62.0	True	43.0	6.0	84.0	I	False	('B', 'D#', 'F#')	B	B	0.0	major triad	(3, 6, 11)	B	B	1	None
225.0	1.0	43.0	D6	86.0	True	43.0	6.0	84.0	I	False	('B', 'D#', 'F#')	B	B	0.0	major triad	(3, 6, 11)	B	B	1	None
225.0	1.0	43.0	F4	65.0	True	43.0	6.0	84.0	I	False	('B', 'D#', 'F#')	B	B	0.0	major triad	(3, 6, 11)	B	B	1	None
226.0	1.0	44.0	A5	81.0	True	44.0	6.0	85.0	V	True	('F#', 'A#', 'C#')	F#	F#	0.0	major triad	(1, 6, 10)	B	B	5	None
227.0	1.0	44.0	C6	84.0	True	44.0	6.0	85.0	V	False	('F#', 'A#', 'C#')	F#	F#	0.0	major triad	(1, 6, 10)	B	B	5	None
228.0	1.0	44.0	F6	89.0	True	44.0	6.0	85.0	V	False	('F#', 'A#', 'C#')	F#	F#	0.0	major triad	(1, 6, 10)	B	B	5	None
229.0	1.0	44.0	A3	57.0	True	44.0	6.0	85.0	V	False	('F#', 'A#', 'C#')	F#	F#	0.0	major triad	(1, 6, 10)	B	B	5	None
229.0	0.0	44.0	G6	91.0	True	44.0	6.0	85.0	V	False	('F#', 'A#', 'C#')	F#	F#	0.0	major triad	(1, 6, 10)	B	B	5	None
229.0	1.0	44.0	F6	89.0	True	44.0	6.0	85.0	V	False	('F#', 'A#', 'C#')	F#	F#	0.0	major triad	(1, 6, 10)	B	B	5	None
229.0	1.0	44.0	F4	65.0	True	44.0	6.0	85.0	V	False	('F#', 'A#', 'C#')	F#	F#	0.0	major triad	(1, 6, 10)	B	B	5	None
229.0	1.0	44.0	F3	53.0	True	44.0	6.0	85.0	V	False	('F#', 'A#', 'C#')	F#	F#	0.0	major triad	(1, 6, 10)	B	B	5	None
230.0	1.0	44.0	F3	53.0	True	44.0	6.0	85.0	V	False	('F#', 'A#', 'C#')	F#	F#	0.0	major triad	(1, 6, 10)	B	B	5	None
230.0	1.0	44.0	A3	57.0	True	44.0	6.0	85.0	V	False	('F#', 'A#', 'C#')	F#	F#	0.0	major triad	(1, 6, 10)	B	B	5	None
230.0	1.0	44.0	F4	65.0	True	44.0	6.0	85.0	V	False	('F#', 'A#', 'C#')	F#	F#	0.0	major triad	(1, 6, 10)	B	B	5	None
230.0	1.0	44.0	E6	88.0	True	44.0	6.0	85.0	V	False	('F#', 'A#', 'C#')	F#	F#	0.0	major triad	(1, 6, 10)	B	B	5	None
231.0	1.0	44.0	F6	89.0	True	44.0	6.0	85.0	V	False	('F#', 'A#', 'C#')	F#	F#	0.0	major triad	(1, 6, 10)	B	B	5	None
231.0	1.0	44.0	F4	65.0	True	44.0	6.0	85.0	V	False	('F#', 'A#', 'C#')	F#	F#	0.0	major triad	(1, 6, 10)	B	B	5	None
231.0	1.0	44.0	A3	57.0	True	44.0	6.0	85.0	V	False	('F#', 'A#', 'C#')	F#	F#	0.0	major triad	(1, 6, 10)	B	B	5	None
231.0	1.0	44.0	F3	53.0	True	44.0	6.0	85.0	V	False	('F#', 'A#', 'C#')	F#	F#	0.0	major triad	(1, 6, 10)	B	B	5	None
232.0	1.0	45.0	D5	74.0	True	45.0	6.0	86.0	I	True	('B', 'D#', 'F#')	B	B	0.0	major triad	(3, 6, 11)	B	B	1	None
233.0	1.0	45.0	F5	77.0	True	45.0	6.0	86.0	I	False	('B', 'D#', 'F#')	B	B	0.0	major triad	(3, 6, 11)	B	B	1	None
234.0	1.0	45.0	B-5	82.0	True	45.0	6.0	86.0	I	False	('B', 'D#', 'F#')	B	B	0.0	major triad	(3, 6, 11)	B	B	1	None
235.0	1.0	45.0	B-3	58.0	True	45.0	6.0	86.0	I	False	('B', 'D#', 'F#')	B	B	0.0	major triad	(3, 6, 11)	B	B	1	None
235.0	1.0	45.0	D4	62.0	True	45.0	6.0	86.0	I	False	('B', 'D#', 'F#')	B	B	0.0	major triad	(3, 6, 11)	B	B	1	None
235.0	0.0	45.0	C6	84.0	True	45.0	6.0	86.0	I	False	('B', 'D#', 'F#')	B	B	0.0	major triad	(3, 6, 11)	B	B	1	None
235.0	1.0	45.0	B-5	82.0	True	45.0	6.0	86.0	I	False	('B', 'D#', 'F#')	B	B	0.0	major triad	(3, 6, 11)	B	B	1	None
235.0	1.0	45.0	F4	65.0	True	45.0	6.0	86.0	I	False	('B', 'D#', 'F#')	B	B	0.0	major triad	(3, 6, 11)	B	B	1	None
236.0	1.0	45.0	B-3	58.0	True	45.0	6.0	86.0	I	False	('B', 'D#', 'F#')	B	B	0.0	major triad	(3, 6, 11)	B	B	1	None
236.0	1.0	45.0	A5	81.0	True	45.0	6.0	86.0	I	False	('B', 'D#', 'F#')	B	B	0.0	major triad	(3, 6, 11)	B	B	1	None
236.0	1.0	45.0	F4	65.0	True	45.0	6.0	86.0	I	False	('B', 'D#', 'F#')	B	B	0.0	major triad	(3, 6, 11)	B	B	1	None
236.0	1.0	45.0	D4	62.0	True	45.0	6.0	86.0	I	False	('B', 'D#', 'F#')	B	B	0.0	major triad	(3, 6, 11)	B	B	1	None
237.0	1.0	45.0	D4	62.0	True	45.0	6.0	86.0	I	False	('B', 'D#', 'F#')	B	B	0.0	major triad	(3, 6, 11)	B	B	1	None
237.0	1.0	45.0	B-3	58.0	True	45.0	6.0	86.0	I	False	('B', 'D#', 'F#')	B	B	0.0	major triad	(3, 6, 11)	B	B	1	None
237.0	1.0	45.0	B-5	82.0	True	45.0	6.0	86.0	I	False	('B', 'D#', 'F#')	B	B	0.0	major triad	(3, 6, 11)	B	B	1	None
237.0	1.0	45.0	F4	65.0	True	45.0	6.0	86.0	I	False	('B', 'D#', 'F#')	B	B	0.0	major triad	(3, 6, 11)	B	B	1	None
238.0	1.0	46.0	F5	77.0	True	46.0	6.0	87.0	V	True	('F#', 'A#', 'C#')	F#	F#	0.0	major triad	(1, 6, 10)	B	B	5	None
239.0	1.0	46.0	A5	81.0	True	46.0	6.0	87.0	V	False	('F#', 'A#', 'C#')	F#	F#	0.0	major triad	(1, 6, 10)	B	B	5	None
240.0	1.0	46.0	C6	84.0	True	46.0	6.0	87.0	V	False	('F#', 'A#', 'C#')	F#	F#	0.0	major triad	(1, 6, 10)	B	B	5	None
241.0	0.0	46.0	D6	86.0	True	46.0	6.0	87.0	V	False	('F#', 'A#', 'C#')	F#	F#	0.0	major triad	(1, 6, 10)	B	B	5	None
241.0	1.0	46.0	C6	84.0	True	46.0	6.0	87.0	V	False	('F#', 'A#', 'C#')	F#	F#	0.0	major triad	(1, 6, 10)	B	B	5	None
241.0	1.0	46.0	A4	69.0	True	46.0	6.0	87.0	V	False	('F#', 'A#', 'C#')	F#	F#	0.0	major triad	(1, 6, 10)	B	B	5	None
241.0	1.0	46.0	F4	65.0	True	46.0	6.0	87.0	V	False	('F#', 'A#', 'C#')	F#	F#	0.0	major triad	(1, 6, 10)	B	B	5	None
241.0	1.0	46.0	F3	53.0	True	46.0	6.0	87.0	V	False	('F#', 'A#', 'C#')	F#	F#	0.0	major triad	(1, 6, 10)	B	B	5	None
242.0	1.0	46.0	F3	53.0	True	46.0	6.0	87.0	V	False	('F#', 'A#', 'C#')	F#	F#	0.0	major triad	(1, 6, 10)	B	B	5	None
242.0	1.0	46.0	F4	65.0	True	46.0	6.0	87.0	V	False	('F#', 'A#', 'C#')	F#	F#	0.0	major triad	(1, 6, 10)	B	B	5	None
242.0	1.0	46.0	A4	69.0	True	46.0	6.0	87.0	V	False	('F#', 'A#', 'C#')	F#	F#	0.0	major triad	(1, 6, 10)	B	B	5	None
242.0	1.0	46.0	B5	83.0	True	46.0	6.0	87.0	V	False	('F#', 'A#', 'C#')	F#	F#	0.0	major triad	(1, 6, 10)	B	B	5	None
243.0	1.0	46.0	C6	84.0	True	46.0	6.0	87.0	V	False	('F#', 'A#', 'C#')	F#	F#	0.0	major triad	(1, 6, 10)	B	B	5	None
243.0	1.0	46.0	A4	69.0	True	46.0	6.0	87.0	V	False	('F#', 'A#', 'C#')	F#	F#	0.0	major triad	(1, 6, 10)	B	B	5	None
243.0	1.0	46.0	F4	65.0	True	46.0	6.0	87.0	V	False	('F#', 'A#', 'C#')	F#	F#	0.0	major triad	(1, 6, 10)	B	B	5	None
243.0	1.0	46.0	F3	53.0	True	46.0	6.0	87.0	V	False	('F#', 'A#', 'C#')	F#	F#	0.0	major triad	(1, 6, 10)	B	B	5	None
244.0	1.0	47.0	C6	84.0	True	47.0	6.0	88.0	V	True	('F#', 'A#', 'C#')	F#	F#	0.0	major triad	(1, 6, 10)	B	B	5	None
245.0	1.0	47.0	D6	86.0	True	47.0	6.0	88.0	V	False	('F#', 'A#', 'C#')	F#	F#	0.0	major triad	(1, 6, 10)	B	B	5	None
246.0	1.0	47.0	E-6	87.0	True	47.0	6.0	88.0	V	False	('F#', 'A#', 'C#')	F#	F#	0.0	major triad	(1, 6, 10)	B	B	5	None
247.0	1.0	47.0	F3	53.0	True	47.0	6.0	88.0	V	False	('F#', 'A#', 'C#')	F#	F#	0.0	major triad	(1, 6, 10)	B	B	5	None
247.0	1.0	47.0	F5	77.0	True	47.0	6.0	88.0	V	False	('F#', 'A#', 'C#')	F#	F#	0.0	major triad	(1, 6, 10)	B	B	5	None
247.0	1.0	47.0	C4	60.0	True	47.0	6.0	88.0	V	False	('F#', 'A#', 'C#')	F#	F#	0.0	major triad	(1, 6, 10)	B	B	5	None
247.0	1.0	47.0	A4	69.0	True	47.0	6.0	88.0	V	False	('F#', 'A#', 'C#')	F#	F#	0.0	major triad	(1, 6, 10)	B	B	5	None
247.0	1.0	47.0	F6	89.0	True	47.0	6.0	88.0	V	False	('F#', 'A#', 'C#')	F#	F#	0.0	major triad	(1, 6, 10)	B	B	5	None
248.0	1.0	47.0	G6	91.0	True	47.0	6.0	88.0	V	False	('F#', 'A#', 'C#')	F#	F#	0.0	major triad	(1, 6, 10)	B	B	5	None
248.0	1.0	47.0	A4	69.0	True	47.0	6.0	88.0	V	False	('F#', 'A#', 'C#')	F#	F#	0.0	major triad	(1, 6, 10)	B	B	5	None
248.0	1.0	47.0	F5	77.0	True	47.0	6.0	88.0	V	False	('F#', 'A#', 'C#')	F#	F#	0.0	major triad	(1, 6, 10)	B	B	5	None
248.0	1.0	47.0	C4	60.0	True	47.0	6.0	88.0	V	False	('F#', 'A#', 'C#')	F#	F#	0.0	major triad	(1, 6, 10)	B	B	5	None
248.0	1.0	47.0	F3	53.0	True	47.0	6.0	88.0	V	False	('F#', 'A#', 'C#')	F#	F#	0.0	major triad	(1, 6, 10)	B	B	5	None
249.0	1.0	47.0	F3	53.0	True	47.0	6.0	88.0	V	False	('F#', 'A#', 'C#')	F#	F#	0.0	major triad	(1, 6, 10)	B	B	5	None
249.0	1.0	47.0	F5	77.0	True	47.0	6.0	88.0	V	False	('F#', 'A#', 'C#')	F#	F#	0.0	major triad	(1, 6, 10)	B	B	5	None
249.0	1.0	47.0	C4	60.0	True	47.0	6.0	88.0	V	False	('F#', 'A#', 'C#')	F#	F#	0.0	major triad	(1, 6, 10)	B	B	5	None
249.0	1.0	47.0	A6	93.0	True	47.0	6.0	88.0	V	False	('F#', 'A#', 'C#')	F#	F#	0.0	major triad	(1, 6, 10)	B	B	5	None
249.0	1.0	47.0	A4	69.0	True	47.0	6.0	88.0	V	False	('F#', 'A#', 'C#')	F#	F#	0.0	major triad	(1, 6, 10)	B	B	5	None
250.0	1.0	48.0	B-6	94.0	True	48.0	3.0	89.0	I	True	('B', 'D#', 'F#')	B	B	0.0	major triad	(3, 6, 11)	B	B	1	None
250.0	1.0	48.0	B-4	70.0	True	48.0	3.0	89.0	I	True	('B', 'D#', 'F#')	B	B	0.0	major triad	(3, 6, 11)	B	B	1	None
250.0	1.0	48.0	F5	77.0	True	48.0	3.0	89.0	I	True	('B', 'D#', 'F#')	B	B	0.0	major triad	(3, 6, 11)	B	B	1	None
250.0	1.0	48.0	D4	62.0	True	48.0	3.0	89.0	I	True	('B', 'D#', 'F#')	B	B	0.0	major triad	(3, 6, 11)	B	B	1	None
250.0	1.0	48.0	B-3	58.0	True	48.0	3.0	89.0	I	True	('B', 'D#', 'F#')	B	B	0.0	major triad	(3, 6, 11)	B	B	1	None
253.0	1.0	48.0	C5	72.0	True	48.0	3.0	90.0	V	True	('F#', 'A#', 'C#')	F#	F#	0.0	major triad	(1, 6, 10)	B	B	5	None
253.0	1.0	48.0	A4	69.0	True	48.0	3.0	90.0	V	True	('F#', 'A#', 'C#')	F#	F#	0.0	major triad	(1, 6, 10)	B	B	5	None
253.0	1.0	48.0	F4	65.0	True	48.0	3.0	90.0	V	True	('F#', 'A#', 'C#')	F#	F#	0.0	major triad	(1, 6, 10)	B	B	5	None
254.0	1.0	48.0	F4	65.0	True	48.0	3.0	90.0	V	False	('F#', 'A#', 'C#')	F#	F#	0.0	major triad	(1, 6, 10)	B	B	5	None
254.0	1.0	48.0	A4	69.0	True	48.0	3.0	90.0	V	False	('F#', 'A#', 'C#')	F#	F#	0.0	major triad	(1, 6, 10)	B	B	5	None
254.0	1.0	48.0	C5	72.0	True	48.0	3.0	90.0	V	False	('F#', 'A#', 'C#')	F#	F#	0.0	major triad	(1, 6, 10)	B	B	5	None
255.0	1.0	48.0	C5	72.0	True	48.0	3.0	90.0	V	False	('F#', 'A#', 'C#')	F#	F#	0.0	major triad	(1, 6, 10)	B	B	5	None
255.0	1.0	48.0	A4	69.0	True	48.0	3.0	90.0	V	False	('F#', 'A#', 'C#')	F#	F#	0.0	major triad	(1, 6, 10)	B	B	5	None
255.0	1.0	48.0	F4	65.0	True	48.0	3.0	90.0	V	False	('F#', 'A#', 'C#')	F#	F#	0.0	major triad	(1, 6, 10)	B	B	5	None
256.0	1.0	49.0	B-6	94.0	True	49.0	3.0	91.0	I	True	('B', 'D#', 'F#')	B	B	0.0	major triad	(3, 6, 11)	B	B	1	None
256.0	1.0	49.0	B-4	70.0	True	49.0	3.0	91.0	I	True	('B', 'D#', 'F#')	B	B	0.0	major triad	(3, 6, 11)	B	B	1	None
256.0	1.0	49.0	F5	77.0	True	49.0	3.0	91.0	I	True	('B', 'D#', 'F#')	B	B	0.0	major triad	(3, 6, 11)	B	B	1	None
256.0	1.0	49.0	D4	62.0	True	49.0	3.0	91.0	I	True	('B', 'D#', 'F#')	B	B	0.0	major triad	(3, 6, 11)	B	B	1	None
256.0	1.0	49.0	B-2	46.0	True	49.0	3.0	91.0	I	True	('B', 'D#', 'F#')	B	B	0.0	major triad	(3, 6, 11)	B	B	1	None
259.0	1.0	49.0	F4	65.0	True	49.0	3.0	92.0	V7	True	('F#', 'A#', 'C#', 'E')	F#	F#	0.0	dominant seventh chord	(1, 4, 6, 10)	B	B	5	None
259.0	1.0	49.0	C5	72.0	True	49.0	3.0	92.0	V7	True	('F#', 'A#', 'C#', 'E')	F#	F#	0.0	dominant seventh chord	(1, 4, 6, 10)	B	B	5	None
259.0	1.0	49.0	E-5	75.0	True	49.0	3.0	92.0	V7	True	('F#', 'A#', 'C#', 'E')	F#	F#	0.0	dominant seventh chord	(1, 4, 6, 10)	B	B	5	None
260.0	1.0	49.0	E-5	75.0	True	49.0	3.0	92.0	V7	False	('F#', 'A#', 'C#', 'E')	F#	F#	0.0	dominant seventh chord	(1, 4, 6, 10)	B	B	5	None
260.0	1.0	49.0	C5	72.0	True	49.0	3.0	92.0	V7	False	('F#', 'A#', 'C#', 'E')	F#	F#	0.0	dominant seventh chord	(1, 4, 6, 10)	B	B	5	None
260.0	1.0	49.0	F4	65.0	True	49.0	3.0	92.0	V7	False	('F#', 'A#', 'C#', 'E')	F#	F#	0.0	dominant seventh chord	(1, 4, 6, 10)	B	B	5	None
261.0	1.0	49.0	E-5	75.0	True	49.0	3.0	92.0	V7	False	('F#', 'A#', 'C#', 'E')	F#	F#	0.0	dominant seventh chord	(1, 4, 6, 10)	B	B	5	None
261.0	1.0	49.0	C5	72.0	True	49.0	3.0	92.0	V7	False	('F#', 'A#', 'C#', 'E')	F#	F#	0.0	dominant seventh chord	(1, 4, 6, 10)	B	B	5	None
261.0	1.0	49.0	F4	65.0	True	49.0	3.0	92.0	V7	False	('F#', 'A#', 'C#', 'E')	F#	F#	0.0	dominant seventh chord	(1, 4, 6, 10)	B	B	5	None
262.0	1.0	50.0	C5	72.0	True	50.0	6.0	93.0	V7	True	('F#', 'A#', 'C#', 'E')	F#	F#	0.0	dominant seventh chord	(1, 4, 6, 10)	B	B	5	None
263.0	1.0	50.0	D5	74.0	True	50.0	6.0	93.0	V7	False	('F#', 'A#', 'C#', 'E')	F#	F#	0.0	dominant seventh chord	(1, 4, 6, 10)	B	B	5	None
264.0	1.0	50.0	E-5	75.0	True	50.0	6.0	93.0	V7	False	('F#', 'A#', 'C#', 'E')	F#	F#	0.0	dominant seventh chord	(1, 4, 6, 10)	B	B	5	None
265.0	1.0	50.0	C5	72.0	True	50.0	6.0	93.0	V7	False	('F#', 'A#', 'C#', 'E')	F#	F#	0.0	dominant seventh chord	(1, 4, 6, 10)	B	B	5	None
265.0	1.0	50.0	F4	65.0	True	50.0	6.0	93.0	V7	False	('F#', 'A#', 'C#', 'E')	F#	F#	0.0	dominant seventh chord	(1, 4, 6, 10)	B	B	5	None
265.0	1.0	50.0	F5	77.0	True	50.0	6.0	93.0	V7	False	('F#', 'A#', 'C#', 'E')	F#	F#	0.0	dominant seventh chord	(1, 4, 6, 10)	B	B	5	None
265.0	1.0	50.0	E-5	75.0	True	50.0	6.0	93.0	V7	False	('F#', 'A#', 'C#', 'E')	F#	F#	0.0	dominant seventh chord	(1, 4, 6, 10)	B	B	5	None
266.0	1.0	50.0	G5	79.0	True	50.0	6.0	93.0	V7	False	('F#', 'A#', 'C#', 'E')	F#	F#	0.0	dominant seventh chord	(1, 4, 6, 10)	B	B	5	None
266.0	1.0	50.0	E-5	75.0	True	50.0	6.0	93.0	V7	False	('F#', 'A#', 'C#', 'E')	F#	F#	0.0	dominant seventh chord	(1, 4, 6, 10)	B	B	5	None
266.0	1.0	50.0	C5	72.0	True	50.0	6.0	93.0	V7	False	('F#', 'A#', 'C#', 'E')	F#	F#	0.0	dominant seventh chord	(1, 4, 6, 10)	B	B	5	None
266.0	1.0	50.0	F4	65.0	True	50.0	6.0	93.0	V7	False	('F#', 'A#', 'C#', 'E')	F#	F#	0.0	dominant seventh chord	(1, 4, 6, 10)	B	B	5	None
267.0	1.0	50.0	A5	81.0	True	50.0	6.0	93.0	V7	False	('F#', 'A#', 'C#', 'E')	F#	F#	0.0	dominant seventh chord	(1, 4, 6, 10)	B	B	5	None
267.0	1.0	50.0	E-5	75.0	True	50.0	6.0	93.0	V7	False	('F#', 'A#', 'C#', 'E')	F#	F#	0.0	dominant seventh chord	(1, 4, 6, 10)	B	B	5	None
267.0	1.0	50.0	C5	72.0	True	50.0	6.0	93.0	V7	False	('F#', 'A#', 'C#', 'E')	F#	F#	0.0	dominant seventh chord	(1, 4, 6, 10)	B	B	5	None
267.0	1.0	50.0	F4	65.0	True	50.0	6.0	93.0	V7	False	('F#', 'A#', 'C#', 'E')	F#	F#	0.0	dominant seventh chord	(1, 4, 6, 10)	B	B	5	None
268.0	1.0	51.0	D3	50.0	True	51.0	6.0	94.0	I	True	('B', 'D#', 'F#')	B	B	0.0	major triad	(3, 6, 11)	B	B	1	None
268.0	1.0	51.0	D3	50.0	True	51.0	6.0	94.0	I	True	('B', 'D#', 'F#')	B	B	0.0	major triad	(3, 6, 11)	B	B	1	None
268.0	1.0	51.0	B-5	82.0	True	51.0	6.0	94.0	I	True	('B', 'D#', 'F#')	B	B	0.0	major triad	(3, 6, 11)	B	B	1	None
268.0	1.0	51.0	D4	62.0	True	51.0	6.0	94.0	I	True	('B', 'D#', 'F#')	B	B	0.0	major triad	(3, 6, 11)	B	B	1	None
269.0	1.0	51.0	E-4	63.0	True	51.0	6.0	94.0	I	False	('B', 'D#', 'F#')	B	B	0.0	major triad	(3, 6, 11)	B	B	1	None
269.0	1.0	51.0	E-3	51.0	True	51.0	6.0	94.0	I	False	('B', 'D#', 'F#')	B	B	0.0	major triad	(3, 6, 11)	B	B	1	None
269.0	1.0	51.0	E-3	51.0	True	51.0	6.0	94.0	I	False	('B', 'D#', 'F#')	B	B	0.0	major triad	(3, 6, 11)	B	B	1	None
270.0	1.0	51.0	F4	65.0	True	51.0	6.0	94.0	I	False	('B', 'D#', 'F#')	B	B	0.0	major triad	(3, 6, 11)	B	B	1	None
270.0	1.0	51.0	F3	53.0	True	51.0	6.0	94.0	I	False	('B', 'D#', 'F#')	B	B	0.0	major triad	(3, 6, 11)	B	B	1	None
270.0	1.0	51.0	F3	53.0	True	51.0	6.0	94.0	I	False	('B', 'D#', 'F#')	B	B	0.0	major triad	(3, 6, 11)	B	B	1	None
271.0	1.0	51.0	G3	55.0	True	51.0	6.0	94.0	I	False	('B', 'D#', 'F#')	B	B	0.0	major triad	(3, 6, 11)	B	B	1	None
271.0	1.0	51.0	G4	67.0	True	51.0	6.0	94.0	I	False	('B', 'D#', 'F#')	B	B	0.0	major triad	(3, 6, 11)	B	B	1	None
271.0	1.0	51.0	G3	55.0	True	51.0	6.0	94.0	I	False	('B', 'D#', 'F#')	B	B	0.0	major triad	(3, 6, 11)	B	B	1	None
272.0	1.0	51.0	A3	57.0	True	51.0	6.0	94.0	I	False	('B', 'D#', 'F#')	B	B	0.0	major triad	(3, 6, 11)	B	B	1	None
272.0	1.0	51.0	A3	57.0	True	51.0	6.0	94.0	I	False	('B', 'D#', 'F#')	B	B	0.0	major triad	(3, 6, 11)	B	B	1	None
272.0	1.0	51.0	A4	69.0	True	51.0	6.0	94.0	I	False	('B', 'D#', 'F#')	B	B	0.0	major triad	(3, 6, 11)	B	B	1	None
273.0	1.0	51.0	B-4	70.0	True	51.0	6.0	94.0	I	False	('B', 'D#', 'F#')	B	B	0.0	major triad	(3, 6, 11)	B	B	1	None
273.0	1.0	51.0	B-3	58.0	True	51.0	6.0	94.0	I	False	('B', 'D#', 'F#')	B	B	0.0	major triad	(3, 6, 11)	B	B	1	None
273.0	1.0	51.0	B-3	58.0	True	51.0	6.0	94.0	I	False	('B', 'D#', 'F#')	B	B	0.0	major triad	(3, 6, 11)	B	B	1	None
274.0	3.0	52.0	C4	60.0	True	52.0	6.0	95.0	I	True	('B', 'D#', 'F#')	B	B	0.0	major triad	(3, 6, 11)	B	B	1	None
274.0	3.0	52.0	C4	60.0	True	52.0	6.0	95.0	I	True	('B', 'D#', 'F#')	B	B	0.0	major triad	(3, 6, 11)	B	B	1	None
274.0	3.0	52.0	C3	48.0	True	52.0	6.0	95.0	I	True	('B', 'D#', 'F#')	B	B	0.0	major triad	(3, 6, 11)	B	B	1	None
274.0	3.0	52.0	C3	48.0	True	52.0	6.0	95.0	I	True	('B', 'D#', 'F#')	B	B	0.0	major triad	(3, 6, 11)	B	B	1	None
277.0	3.0	52.0	D3	50.0	True	52.0	6.0	95.0	I	False	('B', 'D#', 'F#')	B	B	0.0	major triad	(3, 6, 11)	B	B	1	None
277.0	3.0	52.0	D4	62.0	True	52.0	6.0	95.0	I	False	('B', 'D#', 'F#')	B	B	0.0	major triad	(3, 6, 11)	B	B	1	None
277.0	3.0	52.0	D4	62.0	True	52.0	6.0	95.0	I	False	('B', 'D#', 'F#')	B	B	0.0	major triad	(3, 6, 11)	B	B	1	None
277.0	3.0	52.0	D3	50.0	True	52.0	6.0	95.0	I	False	('B', 'D#', 'F#')	B	B	0.0	major triad	(3, 6, 11)	B	B	1	None
280.0	3.0	53.0	E-2	39.0	True	53.0	6.0	96.0	I	True	('B', 'D#', 'F#')	B	B	0.0	major triad	(3, 6, 11)	B	B	1	None
280.0	3.0	53.0	E-3	51.0	True	53.0	6.0	96.0	I	True	('B', 'D#', 'F#')	B	B	0.0	major triad	(3, 6, 11)	B	B	1	None
280.0	3.0	53.0	E-4	63.0	True	53.0	6.0	96.0	I	True	('B', 'D#', 'F#')	B	B	0.0	major triad	(3, 6, 11)	B	B	1	None
280.0	3.0	53.0	E-4	63.0	True	53.0	6.0	96.0	I	True	('B', 'D#', 'F#')	B	B	0.0	major triad	(3, 6, 11)	B	B	1	None
283.0	3.0	53.0	F2	41.0	True	53.0	6.0	96.0	I	False	('B', 'D#', 'F#')	B	B	0.0	major triad	(3, 6, 11)	B	B	1	None
283.0	3.0	53.0	F4	65.0	True	53.0	6.0	96.0	I	False	('B', 'D#', 'F#')	B	B	0.0	major triad	(3, 6, 11)	B	B	1	None
283.0	3.0	53.0	F4	65.0	True	53.0	6.0	96.0	I	False	('B', 'D#', 'F#')	B	B	0.0	major triad	(3, 6, 11)	B	B	1	None
283.0	3.0	53.0	F3	53.0	True	53.0	6.0	96.0	I	False	('B', 'D#', 'F#')	B	B	0.0	major triad	(3, 6, 11)	B	B	1	None
286.0	3.0	54.0	G3	55.0	True	54.0	6.0	97.0	I	True	('B', 'D#', 'F#')	B	B	0.0	major triad	(3, 6, 11)	B	B	1	None
286.0	3.0	54.0	G2	43.0	True	54.0	6.0	97.0	I	True	('B', 'D#', 'F#')	B	B	0.0	major triad	(3, 6, 11)	B	B	1	None
286.0	3.0	54.0	G4	67.0	True	54.0	6.0	97.0	I	True	('B', 'D#', 'F#')	B	B	0.0	major triad	(3, 6, 11)	B	B	1	None
286.0	3.0	54.0	G4	67.0	True	54.0	6.0	97.0	I	True	('B', 'D#', 'F#')	B	B	0.0	major triad	(3, 6, 11)	B	B	1	None
289.0	3.0	54.0	A3	57.0	True	54.0	6.0	97.0	I	False	('B', 'D#', 'F#')	B	B	0.0	major triad	(3, 6, 11)	B	B	1	None
289.0	3.0	54.0	A2	45.0	True	54.0	6.0	97.0	I	False	('B', 'D#', 'F#')	B	B	0.0	major triad	(3, 6, 11)	B	B	1	None
289.0	3.0	54.0	A4	69.0	True	54.0	6.0	97.0	I	False	('B', 'D#', 'F#')	B	B	0.0	major triad	(3, 6, 11)	B	B	1	None
289.0	3.0	54.0	A4	69.0	True	54.0	6.0	97.0	I	False	('B', 'D#', 'F#')	B	B	0.0	major triad	(3, 6, 11)	B	B	1	None
292.0	3.0	55.0	B-2	46.0	True	55.0	6.0	98.0	I	True	('B', 'D#', 'F#')	B	B	0.0	major triad	(3, 6, 11)	B	B	1	None
292.0	3.0	55.0	B-3	58.0	True	55.0	6.0	98.0	I	True	('B', 'D#', 'F#')	B	B	0.0	major triad	(3, 6, 11)	B	B	1	None
292.0	3.0	55.0	B-4	70.0	True	55.0	6.0	98.0	I	True	('B', 'D#', 'F#')	B	B	0.0	major triad	(3, 6, 11)	B	B	1	None
292.0	3.0	55.0	B-4	70.0	True	55.0	6.0	98.0	I	True	('B', 'D#', 'F#')	B	B	0.0	major triad	(3, 6, 11)	B	B	1	None
295.0	3.0	55.0	C5	72.0	True	55.0	6.0	98.0	I	False	('B', 'D#', 'F#')	B	B	0.0	major triad	(3, 6, 11)	B	B	1	None
295.0	3.0	55.0	C4	60.0	True	55.0	6.0	98.0	I	False	('B', 'D#', 'F#')	B	B	0.0	major triad	(3, 6, 11)	B	B	1	None
295.0	3.0	55.0	C4	60.0	True	55.0	6.0	98.0	I	False	('B', 'D#', 'F#')	B	B	0.0	major triad	(3, 6, 11)	B	B	1	None
295.0	3.0	55.0	C3	48.0	True	55.0	6.0	98.0	I	False	('B', 'D#', 'F#')	B	B	0.0	major triad	(3, 6, 11)	B	B	1	None
298.0	3.0	56.0	C5	72.0	False	56.0	6.0	99.0	I	True	('B', 'D#', 'F#')	B	B	0.0	major triad	(3, 6, 11)	B	B	1	None
301.0	3.0	56.0	C5	72.0	False	56.0	6.0	99.0	I	False	('B', 'D#', 'F#')	B	B	0.0	major triad	(3, 6, 11)	B	B	1	None
304.0	1.0	57.0	C5	72.0	False	57.0	6.0	100.0	I	True	('B', 'D#', 'F#')	B	B	0.0	major triad	(3, 6, 11)	B	B	1	None
305.0	1.0	57.0	B4	71.0	True	57.0	6.0	100.0	I	False	('B', 'D#', 'F#')	B	B	0.0	major triad	(3, 6, 11)	B	B	1	None
306.0	1.0	57.0	B-4	70.0	True	57.0	6.0	100.0	I	False	('B', 'D#', 'F#')	B	B	0.0	major triad	(3, 6, 11)	B	B	1	None
307.0	1.0	57.0	A4	69.0	True	57.0	6.0	100.0	I	False	('B', 'D#', 'F#')	B	B	0.0	major triad	(3, 6, 11)	B	B	1	None
308.0	1.0	57.0	A-4	68.0	True	57.0	6.0	100.0	I	False	('B', 'D#', 'F#')	B	B	0.0	major triad	(3, 6, 11)	B	B	1	None
309.0	0.5	57.0	G4	67.0	True	57.0	6.0	100.0	I	False	('B', 'D#', 'F#')	B	B	0.0	major triad	(3, 6, 11)	B	B	1	None
309.5	0.5	57.0	G-4	66.0	True	57.0	6.0	100.0	I	False	('B', 'D#', 'F#')	B	B	0.0	major triad	(3, 6, 11)	B	B	1	None
310.0	1.0	58.0	F4	65.0	True	58.0	4.0	101.0	V7	True	('F#', 'A#', 'C#', 'E')	F#	F#	0.0	dominant seventh chord	(1, 4, 6, 10)	B	B	5	None
310.0	1.0	58.0	F4	65.0	True	58.0	4.0	101.0	V7	True	('F#', 'A#', 'C#', 'E')	F#	F#	0.0	dominant seventh chord	(1, 4, 6, 10)	B	B	5	None
310.0	1.0	58.0	F3	53.0	True	58.0	4.0	101.0	V7	True	('F#', 'A#', 'C#', 'E')	F#	F#	0.0	dominant seventh chord	(1, 4, 6, 10)	B	B	5	None
310.0	1.0	58.0	F2	41.0	True	58.0	4.0	101.0	V7	True	('F#', 'A#', 'C#', 'E')	F#	F#	0.0	dominant seventh chord	(1, 4, 6, 10)	B	B	5	None
311.0	1.0	58.0	F4	65.0	True	58.0	4.0	101.0	V7	False	('F#', 'A#', 'C#', 'E')	F#	F#	0.0	dominant seventh chord	(1, 4, 6, 10)	B	B	5	None
311.0	1.0	58.0	F4	65.0	True	58.0	4.0	101.0	V7	False	('F#', 'A#', 'C#', 'E')	F#	F#	0.0	dominant seventh chord	(1, 4, 6, 10)	B	B	5	None
311.0	1.0	58.0	F3	53.0	True	58.0	4.0	101.0	V7	False	('F#', 'A#', 'C#', 'E')	F#	F#	0.0	dominant seventh chord	(1, 4, 6, 10)	B	B	5	None
311.0	1.0	58.0	F2	41.0	True	58.0	4.0	101.0	V7	False	('F#', 'A#', 'C#', 'E')	F#	F#	0.0	dominant seventh chord	(1, 4, 6, 10)	B	B	5	None
312.0	1.0	58.0	G-2	42.0	True	58.0	4.0	101.0	V7	False	('F#', 'A#', 'C#', 'E')	F#	F#	0.0	dominant seventh chord	(1, 4, 6, 10)	B	B	5	None
312.0	1.0	58.0	G-3	54.0	True	58.0	4.0	101.0	V7	False	('F#', 'A#', 'C#', 'E')	F#	F#	0.0	dominant seventh chord	(1, 4, 6, 10)	B	B	5	None
312.0	1.0	58.0	G-4	66.0	True	58.0	4.0	101.0	V7	False	('F#', 'A#', 'C#', 'E')	F#	F#	0.0	dominant seventh chord	(1, 4, 6, 10)	B	B	5	None
312.0	1.0	58.0	G-4	66.0	True	58.0	4.0	101.0	V7	False	('F#', 'A#', 'C#', 'E')	F#	F#	0.0	dominant seventh chord	(1, 4, 6, 10)	B	B	5	None
314.0						59.0	4.0	102.0	V7	True	('F#', 'A#', 'C#', 'E')	F#	F#	0.0	dominant seventh chord	(1, 4, 6, 10)	B	B	5	None
318.0	3.0	60.0	E-5	75.0	True	60.0	6.0	103.0	V	True	('F#', 'A#', 'C#')	F#	F#	0.0	major triad	(1, 6, 10)	B	B	5	None
321.0	3.0	60.0	E-5	75.0	False	60.0	6.0	103.0	V	False	('F#', 'A#', 'C#')	F#	F#	0.0	major triad	(1, 6, 10)	B	B	5	None
324.0	1.0	61.0	E-5	75.0	False	61.0	6.0	104.0	V	True	('F#', 'A#', 'C#')	F#	F#	0.0	major triad	(1, 6, 10)	B	B	5	None
325.0	1.0	61.0	D5	74.0	True	61.0	6.0	104.0	V	False	('F#', 'A#', 'C#')	F#	F#	0.0	major triad	(1, 6, 10)	B	B	5	None
326.0	0.5	61.0	C5	72.0	True	61.0	6.0	104.0	V	False	('F#', 'A#', 'C#')	F#	F#	0.0	major triad	(1, 6, 10)	B	B	5	None
326.5	0.5	61.0	C-5	71.0	True	61.0	6.0	104.0	V	False	('F#', 'A#', 'C#')	F#	F#	0.0	major triad	(1, 6, 10)	B	B	5	None
327.0	0.5	61.0	B-4	70.0	True	61.0	6.0	104.0	V	False	('F#', 'A#', 'C#')	F#	F#	0.0	major triad	(1, 6, 10)	B	B	5	None
327.5	0.5	61.0	A4	69.0	True	61.0	6.0	104.0	V	False	('F#', 'A#', 'C#')	F#	F#	0.0	major triad	(1, 6, 10)	B	B	5	None
328.0	0.5	61.0	A-4	68.0	True	61.0	6.0	104.0	V	False	('F#', 'A#', 'C#')	F#	F#	0.0	major triad	(1, 6, 10)	B	B	5	None
328.5	0.5	61.0	G4	67.0	True	61.0	6.0	104.0	V	False	('F#', 'A#', 'C#')	F#	F#	0.0	major triad	(1, 6, 10)	B	B	5	None
329.0	1.0	61.0	G-4	66.0	True	61.0	6.0	104.0	V	False	('F#', 'A#', 'C#')	F#	F#	0.0	major triad	(1, 6, 10)	B	B	5	None
330.0	1.0	62.0	F2	41.0	True	62.0	4.0	105.0	V7	True	('F#', 'A#', 'C#', 'E')	F#	F#	0.0	dominant seventh chord	(1, 4, 6, 10)	B	B	5	None
330.0	1.0	62.0	F4	65.0	True	62.0	4.0	105.0	V7	True	('F#', 'A#', 'C#', 'E')	F#	F#	0.0	dominant seventh chord	(1, 4, 6, 10)	B	B	5	None
330.0	1.0	62.0	F4	65.0	True	62.0	4.0	105.0	V7	True	('F#', 'A#', 'C#', 'E')	F#	F#	0.0	dominant seventh chord	(1, 4, 6, 10)	B	B	5	None
330.0	1.0	62.0	F3	53.0	True	62.0	4.0	105.0	V7	True	('F#', 'A#', 'C#', 'E')	F#	F#	0.0	dominant seventh chord	(1, 4, 6, 10)	B	B	5	None
331.0	1.0	62.0	F4	65.0	True	62.0	4.0	105.0	V7	False	('F#', 'A#', 'C#', 'E')	F#	F#	0.0	dominant seventh chord	(1, 4, 6, 10)	B	B	5	None
331.0	1.0	62.0	F4	65.0	True	62.0	4.0	105.0	V7	False	('F#', 'A#', 'C#', 'E')	F#	F#	0.0	dominant seventh chord	(1, 4, 6, 10)	B	B	5	None
331.0	1.0	62.0	F3	53.0	True	62.0	4.0	105.0	V7	False	('F#', 'A#', 'C#', 'E')	F#	F#	0.0	dominant seventh chord	(1, 4, 6, 10)	B	B	5	None
331.0	1.0	62.0	F2	41.0	True	62.0	4.0	105.0	V7	False	('F#', 'A#', 'C#', 'E')	F#	F#	0.0	dominant seventh chord	(1, 4, 6, 10)	B	B	5	None
332.0	1.0	62.0	G-4	66.0	True	62.0	4.0	105.0	V7	False	('F#', 'A#', 'C#', 'E')	F#	F#	0.0	dominant seventh chord	(1, 4, 6, 10)	B	B	5	None
332.0	1.0	62.0	G-4	66.0	True	62.0	4.0	105.0	V7	False	('F#', 'A#', 'C#', 'E')	F#	F#	0.0	dominant seventh chord	(1, 4, 6, 10)	B	B	5	None
332.0	1.0	62.0	G-3	54.0	True	62.0	4.0	105.0	V7	False	('F#', 'A#', 'C#', 'E')	F#	F#	0.0	dominant seventh chord	(1, 4, 6, 10)	B	B	5	None
332.0	1.0	62.0	G-2	42.0	True	62.0	4.0	105.0	V7	False	('F#', 'A#', 'C#', 'E')	F#	F#	0.0	dominant seventh chord	(1, 4, 6, 10)	B	B	5	None
334.0						63.0	4.0	106.0	V7	True	('F#', 'A#', 'C#', 'E')	F#	F#	0.0	dominant seventh chord	(1, 4, 6, 10)	B	B	5	None
338.0	3.0	64.0	G-5	78.0	True	64.0	6.0	107.0	V9	True	('F#', 'A#', 'C#', 'E', 'G#')	F#	F#	0.0	dominant-ninth	(1, 4, 6, 8, 10)	B	B	5	None
341.0	3.0	64.0	G-5	78.0	False	64.0	6.0	107.0	V9	False	('F#', 'A#', 'C#', 'E', 'G#')	F#	F#	0.0	dominant-ninth	(1, 4, 6, 8, 10)	B	B	5	None
344.0	0.5	65.0	G-5	78.0	False	65.0	6.0	108.0	V9	True	('F#', 'A#', 'C#', 'E', 'G#')	F#	F#	0.0	dominant-ninth	(1, 4, 6, 8, 10)	B	B	5	None
344.5	0.5	65.0	F5	77.0	True	65.0	6.0	108.0	V9	False	('F#', 'A#', 'C#', 'E', 'G#')	F#	F#	0.0	dominant-ninth	(1, 4, 6, 8, 10)	B	B	5	None
345.0	0.5	65.0	E-5	75.0	True	65.0	6.0	108.0	V9	False	('F#', 'A#', 'C#', 'E', 'G#')	F#	F#	0.0	dominant-ninth	(1, 4, 6, 8, 10)	B	B	5	None
345.5	0.5	65.0	D-5	73.0	True	65.0	6.0	108.0	V9	False	('F#', 'A#', 'C#', 'E', 'G#')	F#	F#	0.0	dominant-ninth	(1, 4, 6, 8, 10)	B	B	5	None
346.0	0.5	65.0	C5	72.0	True	65.0	6.0	108.0	V9	False	('F#', 'A#', 'C#', 'E', 'G#')	F#	F#	0.0	dominant-ninth	(1, 4, 6, 8, 10)	B	B	5	None
346.5	0.5	65.0	C-5	71.0	True	65.0	6.0	108.0	V9	False	('F#', 'A#', 'C#', 'E', 'G#')	F#	F#	0.0	dominant-ninth	(1, 4, 6, 8, 10)	B	B	5	None
347.0	0.5	65.0	B-4	70.0	True	65.0	6.0	108.0	V9	False	('F#', 'A#', 'C#', 'E', 'G#')	F#	F#	0.0	dominant-ninth	(1, 4, 6, 8, 10)	B	B	5	None
347.5	0.5	65.0	A4	69.0	True	65.0	6.0	108.0	V9	False	('F#', 'A#', 'C#', 'E', 'G#')	F#	F#	0.0	dominant-ninth	(1, 4, 6, 8, 10)	B	B	5	None
348.0	0.5	65.0	A-4	68.0	True	65.0	6.0	108.0	V9	False	('F#', 'A#', 'C#', 'E', 'G#')	F#	F#	0.0	dominant-ninth	(1, 4, 6, 8, 10)	B	B	5	None
348.5	0.5	65.0	G4	67.0	True	65.0	6.0	108.0	V9	False	('F#', 'A#', 'C#', 'E', 'G#')	F#	F#	0.0	dominant-ninth	(1, 4, 6, 8, 10)	B	B	5	None
349.0	1.0	65.0	G-4	66.0	True	65.0	6.0	108.0	V9	False	('F#', 'A#', 'C#', 'E', 'G#')	F#	F#	0.0	dominant-ninth	(1, 4, 6, 8, 10)	B	B	5	None
350.0	3.0	66.0	D-4	61.0	True	66.0	2.0	109.0	i	True	('B-', 'D-', 'F')	B-	B-	0.0	minor triad	(1, 5, 10)	b-	b-	1	None
350.0	2.0	66.0	F3	53.0	True	66.0	2.0	109.0	i	True	('B-', 'D-', 'F')	B-	B-	0.0	minor triad	(1, 5, 10)	b-	b-	1	None
350.0	1.0	66.0	B-3	58.0	True	66.0	2.0	109.0	i	True	('B-', 'D-', 'F')	B-	B-	0.0	minor triad	(1, 5, 10)	b-	b-	1	None
350.0	1.0	66.0	F4	65.0	True	66.0	2.0	109.0	i	True	('B-', 'D-', 'F')	B-	B-	0.0	minor triad	(1, 5, 10)	b-	b-	1	None
351.0	0.5	66.0	E-4	63.0	True	66.0	2.0	109.0	i	False	('B-', 'D-', 'F')	B-	B-	0.0	minor triad	(1, 5, 10)	b-	b-	1	None
351.0	1.0	66.0	B-2	46.0	True	66.0	2.0	109.0	i	False	('B-', 'D-', 'F')	B-	B-	0.0	minor triad	(1, 5, 10)	b-	b-	1	None
351.5	0.5	66.0	F4	65.0	True	66.0	2.0	109.0	i	False	('B-', 'D-', 'F')	B-	B-	0.0	minor triad	(1, 5, 10)	b-	b-	1	None
352.0	1.0	66.0	G-4	66.0	True	66.0	2.0	110.0	iv7	True	('E-', 'G-', 'B-', 'D-')	E-	E-	0.0	minor seventh chord	(1, 3, 6, 10)	b-	b-	4	None
352.0	2.0	66.0	E-3	51.0	True	66.0	2.0	110.0	iv7	True	('E-', 'G-', 'B-', 'D-')	E-	E-	0.0	minor seventh chord	(1, 3, 6, 10)	b-	b-	4	None
353.0	0.5	66.0	E-4	63.0	True	66.0	2.0	110.0	iv7	False	('E-', 'G-', 'B-', 'D-')	E-	E-	0.0	minor seventh chord	(1, 3, 6, 10)	b-	b-	4	None
353.0	1.0	66.0	E-2	39.0	True	66.0	2.0	110.0	iv7	False	('E-', 'G-', 'B-', 'D-')	E-	E-	0.0	minor seventh chord	(1, 3, 6, 10)	b-	b-	4	None
353.5	0.5	66.0	D-4	61.0	True	66.0	2.0	110.0	iv7	False	('E-', 'G-', 'B-', 'D-')	E-	E-	0.0	minor seventh chord	(1, 3, 6, 10)	b-	b-	4	None
354.0	1.0	67.0	A-2	44.0	True	67.0	2.0	111.0	V/III	True	('A-', 'C', 'E-')	A-	A-	0.0	major triad	(0, 3, 8)	b-	D-	5	3
354.0	3.0	67.0	C4	60.0	True	67.0	2.0	111.0	V/III	True	('A-', 'C', 'E-')	A-	A-	0.0	major triad	(0, 3, 8)	b-	D-	5	3
354.0	2.0	67.0	E-3	51.0	False	67.0	2.0	111.0	V/III	True	('A-', 'C', 'E-')	A-	A-	0.0	major triad	(0, 3, 8)	b-	D-	5	3
354.0	1.0	67.0	E-4	63.0	True	67.0	2.0	111.0	V/III	True	('A-', 'C', 'E-')	A-	A-	0.0	major triad	(0, 3, 8)	b-	D-	5	3
355.0	0.5	67.0	D-4	61.0	True	67.0	2.0	111.0	V/III	False	('A-', 'C', 'E-')	A-	A-	0.0	major triad	(0, 3, 8)	b-	D-	5	3
355.0	1.0	67.0	A-3	56.0	True	67.0	2.0	111.0	V/III	False	('A-', 'C', 'E-')	A-	A-	0.0	major triad	(0, 3, 8)	b-	D-	5	3
355.5	0.5	67.0	E-4	63.0	True	67.0	2.0	111.0	V/III	False	('A-', 'C', 'E-')	A-	A-	0.0	major triad	(0, 3, 8)	b-	D-	5	3
356.0	1.0	67.0	F4	65.0	True	67.0	2.0	112.0	IIImaj7	True	('D-', 'F', 'A-', 'C')	D-	D-	0.0	major seventh chord	(0, 1, 5, 8)	b-	b-	3	None
356.0	2.0	67.0	D-3	49.0	True	67.0	2.0	112.0	IIImaj7	True	('D-', 'F', 'A-', 'C')	D-	D-	0.0	major seventh chord	(0, 1, 5, 8)	b-	b-	3	None
357.0	0.5	67.0	D-4	61.0	True	67.0	2.0	112.0	IIImaj7	False	('D-', 'F', 'A-', 'C')	D-	D-	0.0	major seventh chord	(0, 1, 5, 8)	b-	b-	3	None
357.0	1.0	67.0	D-3	49.0	True	67.0	2.0	112.0	IIImaj7	False	('D-', 'F', 'A-', 'C')	D-	D-	0.0	major seventh chord	(0, 1, 5, 8)	b-	b-	3	None
357.5	0.5	67.0	C4	60.0	True	67.0	2.0	112.0	IIImaj7	False	('D-', 'F', 'A-', 'C')	D-	D-	0.0	major seventh chord	(0, 1, 5, 8)	b-	b-	3	None
358.0	1.0	68.0	G-3	54.0	True	68.0	2.0	113.0	VI	True	('G-', 'B-', 'D-')	G-	G-	0.0	major triad	(1, 6, 10)	b-	b-	6	None
358.0	1.0	68.0	D-3	49.0	True	68.0	2.0	113.0	VI	True	('G-', 'B-', 'D-')	G-	G-	0.0	major triad	(1, 6, 10)	b-	b-	6	None
358.0	1.0	68.0	D-4	61.0	True	68.0	2.0	113.0	VI	True	('G-', 'B-', 'D-')	G-	G-	0.0	major triad	(1, 6, 10)	b-	b-	6	None
358.0	1.0	68.0	B-3	58.0	True	68.0	2.0	113.0	VI	True	('G-', 'B-', 'D-')	G-	G-	0.0	major triad	(1, 6, 10)	b-	b-	6	None
359.0	1.0	68.0	G-2	42.0	True	68.0	2.0	113.0	VI	False	('G-', 'B-', 'D-')	G-	G-	0.0	major triad	(1, 6, 10)	b-	b-	6	None
359.0	0.5	68.0	C4	60.0	True	68.0	2.0	113.0	VI	False	('G-', 'B-', 'D-')	G-	G-	0.0	major triad	(1, 6, 10)	b-	b-	6	None
359.0	1.0	68.0	B-3	58.0	True	68.0	2.0	113.0	VI	False	('G-', 'B-', 'D-')	G-	G-	0.0	major triad	(1, 6, 10)	b-	b-	6	None
359.0	1.0	68.0	D-3	49.0	True	68.0	2.0	113.0	VI	False	('G-', 'B-', 'D-')	G-	G-	0.0	major triad	(1, 6, 10)	b-	b-	6	None
359.5	0.5	68.0	D-4	61.0	True	68.0	2.0	113.0	VI	False	('G-', 'B-', 'D-')	G-	G-	0.0	major triad	(1, 6, 10)	b-	b-	6	None
360.0	1.0	68.0	E-4	63.0	True	68.0	2.0	114.0	iv	True	('G-', 'B-', 'E-')	G-	E-	1.0	minor triad	(3, 6, 10)	b-	b-	4	None
360.0	1.0	68.0	B-3	58.0	True	68.0	2.0	114.0	iv	True	('G-', 'B-', 'E-')	G-	E-	1.0	minor triad	(3, 6, 10)	b-	b-	4	None
360.0	1.0	68.0	C3	48.0	True	68.0	2.0	114.0	iv	True	('G-', 'B-', 'E-')	G-	E-	1.0	minor triad	(3, 6, 10)	b-	b-	4	None
360.0	1.0	68.0	G-2	42.0	True	68.0	2.0	114.0	iv	True	('G-', 'B-', 'E-')	G-	E-	1.0	minor triad	(3, 6, 10)	b-	b-	4	None
361.0	1.0	68.0	E-4	63.0	True	68.0	2.0	114.0	iv	False	('G-', 'B-', 'E-')	G-	E-	1.0	minor triad	(3, 6, 10)	b-	b-	4	None
361.0	1.0	68.0	B-3	58.0	True	68.0	2.0	114.0	iv	False	('G-', 'B-', 'E-')	G-	E-	1.0	minor triad	(3, 6, 10)	b-	b-	4	None
361.0	1.0	68.0	C3	48.0	True	68.0	2.0	114.0	iv	False	('G-', 'B-', 'E-')	G-	E-	1.0	minor triad	(3, 6, 10)	b-	b-	4	None
361.0	1.0	68.0	G-2	42.0	True	68.0	2.0	114.0	iv	False	('G-', 'B-', 'E-')	G-	E-	1.0	minor triad	(3, 6, 10)	b-	b-	4	None
362.0	1.0	69.0	F2	41.0	True	69.0	2.0	115.0	V	True	('F', 'A', 'C')	F	F	0.0	major triad	(0, 5, 9)	b-	b-	5	None
362.0	1.0	69.0	C3	48.0	True	69.0	2.0	115.0	V	True	('F', 'A', 'C')	F	F	0.0	major triad	(0, 5, 9)	b-	b-	5	None
362.0	1.0	69.0	A3	57.0	True	69.0	2.0	115.0	V	True	('F', 'A', 'C')	F	F	0.0	major triad	(0, 5, 9)	b-	b-	5	None
362.0	1.0	69.0	F4	65.0	True	69.0	2.0	115.0	V	True	('F', 'A', 'C')	F	F	0.0	major triad	(0, 5, 9)	b-	b-	5	None
363.0	0.5	69.0	C4	60.0	True	69.0	2.0	115.0	V	False	('F', 'A', 'C')	F	F	0.0	major triad	(0, 5, 9)	b-	b-	5	None
363.5	0.5	69.0	D-4	61.0	True	69.0	2.0	115.0	V	False	('F', 'A', 'C')	F	F	0.0	major triad	(0, 5, 9)	b-	b-	5	None
364.0	1.0	69.0	E-4	63.0	True	69.0	2.0	116.0	V7	True	('F', 'A', 'C', 'E-')	F	F	0.0	dominant seventh chord	(0, 3, 5, 9)	b-	b-	5	None
365.0	1.0	69.0	C4	60.0	True	69.0	2.0	116.0	V7	False	('F', 'A', 'C', 'E-')	F	F	0.0	dominant seventh chord	(0, 3, 5, 9)	b-	b-	5	None
366.0	1.0	70.0	F4	65.0	True	70.0	2.0	117.0	i	True	('B-', 'D-', 'F')	B-	B-	0.0	minor triad	(1, 5, 10)	b-	b-	1	None
366.0	4.0	70.0	D-4	61.0	True	70.0	2.0	117.0	i	True	('B-', 'D-', 'F')	B-	B-	0.0	minor triad	(1, 5, 10)	b-	b-	1	None
366.0	2.0	70.0	F3	53.0	True	70.0	2.0	117.0	i	True	('B-', 'D-', 'F')	B-	B-	0.0	minor triad	(1, 5, 10)	b-	b-	1	None
366.0	1.0	70.0	B-3	58.0	True	70.0	2.0	117.0	i	True	('B-', 'D-', 'F')	B-	B-	0.0	minor triad	(1, 5, 10)	b-	b-	1	None
367.0	1.0	70.0	B-2	46.0	True	70.0	2.0	117.0	i	False	('B-', 'D-', 'F')	B-	B-	0.0	minor triad	(1, 5, 10)	b-	b-	1	None
367.0	0.5	70.0	E-4	63.0	True	70.0	2.0	117.0	i	False	('B-', 'D-', 'F')	B-	B-	0.0	minor triad	(1, 5, 10)	b-	b-	1	None
367.5	0.5	70.0	F4	65.0	True	70.0	2.0	117.0	i	False	('B-', 'D-', 'F')	B-	B-	0.0	minor triad	(1, 5, 10)	b-	b-	1	None
368.0	1.0	70.0	G-4	66.0	True	70.0	2.0	118.0	iv7	True	('E-', 'G-', 'B-', 'D-')	E-	E-	0.0	minor seventh chord	(1, 3, 6, 10)	b-	b-	4	None
368.0	2.0	70.0	E-3	51.0	True	70.0	2.0	118.0	iv7	True	('E-', 'G-', 'B-', 'D-')	E-	E-	0.0	minor seventh chord	(1, 3, 6, 10)	b-	b-	4	None
369.0	1.0	70.0	E-2	39.0	True	70.0	2.0	118.0	iv7	False	('E-', 'G-', 'B-', 'D-')	E-	E-	0.0	minor seventh chord	(1, 3, 6, 10)	b-	b-	4	None
370.0	1.0	71.0	A-2	44.0	True	71.0	2.0	119.0	V/III	True	('A-', 'C', 'E-')	A-	A-	0.0	major triad	(0, 3, 8)	b-	D-	5	3
370.0	1.0	71.0	E-4	63.0	True	71.0	2.0	119.0	V/III	True	('A-', 'C', 'E-')	A-	A-	0.0	major triad	(0, 3, 8)	b-	D-	5	3
370.0	2.0	71.0	E-3	51.0	False	71.0	2.0	119.0	V/III	True	('A-', 'C', 'E-')	A-	A-	0.0	major triad	(0, 3, 8)	b-	D-	5	3
370.0	3.0	71.0	C4	60.0	True	71.0	2.0	119.0	V/III	True	('A-', 'C', 'E-')	A-	A-	0.0	major triad	(0, 3, 8)	b-	D-	5	3
371.0	0.5	71.0	D-4	61.0	True	71.0	2.0	119.0	V/III	False	('A-', 'C', 'E-')	A-	A-	0.0	major triad	(0, 3, 8)	b-	D-	5	3
371.0	1.0	71.0	A-3	56.0	True	71.0	2.0	119.0	V/III	False	('A-', 'C', 'E-')	A-	A-	0.0	major triad	(0, 3, 8)	b-	D-	5	3
371.5	0.5	71.0	E-4	63.0	True	71.0	2.0	119.0	V/III	False	('A-', 'C', 'E-')	A-	A-	0.0	major triad	(0, 3, 8)	b-	D-	5	3
372.0	1.0	71.0	F4	65.0	True	71.0	2.0	120.0	IIImaj7	True	('D-', 'F', 'A-', 'C')	D-	D-	0.0	major seventh chord	(0, 1, 5, 8)	b-	b-	3	None
372.0	2.0	71.0	D-3	49.0	True	71.0	2.0	120.0	IIImaj7	True	('D-', 'F', 'A-', 'C')	D-	D-	0.0	major seventh chord	(0, 1, 5, 8)	b-	b-	3	None
373.0	0.5	71.0	D-4	61.0	True	71.0	2.0	120.0	IIImaj7	False	('D-', 'F', 'A-', 'C')	D-	D-	0.0	major seventh chord	(0, 1, 5, 8)	b-	b-	3	None
373.0	1.0	71.0	D-3	49.0	True	71.0	2.0	120.0	IIImaj7	False	('D-', 'F', 'A-', 'C')	D-	D-	0.0	major seventh chord	(0, 1, 5, 8)	b-	b-	3	None
373.5	0.5	71.0	C4	60.0	True	71.0	2.0	120.0	IIImaj7	False	('D-', 'F', 'A-', 'C')	D-	D-	0.0	major seventh chord	(0, 1, 5, 8)	b-	b-	3	None
374.0	1.0	72.0	G-3	54.0	True	72.0	1.0	121.0	VI	True	('G-', 'B-', 'D-')	G-	G-	0.0	major triad	(1, 6, 10)	b-	b-	6	None
374.0	1.0	72.0	D-4	61.0	True	72.0	1.0	121.0	VI	True	('G-', 'B-', 'D-')	G-	G-	0.0	major triad	(1, 6, 10)	b-	b-	6	None
374.0	1.0	72.0	D-3	49.0	False	72.0	1.0	121.0	VI	True	('G-', 'B-', 'D-')	G-	G-	0.0	major triad	(1, 6, 10)	b-	b-	6	None
374.0	1.0	72.0	B-3	58.0	True	72.0	1.0	121.0	VI	True	('G-', 'B-', 'D-')	G-	G-	0.0	major triad	(1, 6, 10)	b-	b-	6	None
375.0	0.5	72.0	C4	60.0	True	72.0	1.0	122.0	iv7	True	('G-', 'B-', 'D-', 'E-')	G-	E-	1.0	minor seventh chord	(1, 3, 6, 10)	b-	b-	4	None
375.0	1.0	72.0	B-3	58.0	True	72.0	1.0	122.0	iv7	True	('G-', 'B-', 'D-', 'E-')	G-	E-	1.0	minor seventh chord	(1, 3, 6, 10)	b-	b-	4	None
375.0	1.0	72.0	E-3	51.0	True	72.0	1.0	122.0	iv7	True	('G-', 'B-', 'D-', 'E-')	G-	E-	1.0	minor seventh chord	(1, 3, 6, 10)	b-	b-	4	None
375.0	1.0	72.0	G-2	42.0	True	72.0	1.0	122.0	iv7	True	('G-', 'B-', 'D-', 'E-')	G-	E-	1.0	minor seventh chord	(1, 3, 6, 10)	b-	b-	4	None
375.5	0.5	72.0	D-4	61.0	True	72.0	1.0	122.0	iv7	False	('G-', 'B-', 'D-', 'E-')	G-	E-	1.0	minor seventh chord	(1, 3, 6, 10)	b-	b-	4	None
376.0	1.0	72.0	E-4	63.0	True	72.0	1.0	123.0	V7	True	('F', 'A', 'C', 'E-')	F	F	0.0	dominant seventh chord	(0, 3, 5, 9)	b-	b-	5	None
376.0	1.0	72.0	A3	57.0	True	72.0	1.0	123.0	V7	True	('F', 'A', 'C', 'E-')	F	F	0.0	dominant seventh chord	(0, 3, 5, 9)	b-	b-	5	None
376.0	1.0	72.0	E-3	51.0	True	72.0	1.0	123.0	V7	True	('F', 'A', 'C', 'E-')	F	F	0.0	dominant seventh chord	(0, 3, 5, 9)	b-	b-	5	None
376.0	1.0	72.0	F2	41.0	True	72.0	1.0	123.0	V7	True	('F', 'A', 'C', 'E-')	F	F	0.0	dominant seventh chord	(0, 3, 5, 9)	b-	b-	5	None
377.0	1.0	72.0	F2	41.0	True	72.0	1.0	124.0	V	True	('F', 'A', 'C')	F	F	0.0	major triad	(0, 5, 9)	b-	b-	5	None
377.0	1.0	72.0	F3	53.0	True	72.0	1.0	124.0	V	True	('F', 'A', 'C')	F	F	0.0	major triad	(0, 5, 9)	b-	b-	5	None
377.0	1.0	72.0	A3	57.0	True	72.0	1.0	124.0	V	True	('F', 'A', 'C')	F	F	0.0	major triad	(0, 5, 9)	b-	b-	5	None
377.0	1.0	72.0	C4	60.0	True	72.0	1.0	124.0	V	True	('F', 'A', 'C')	F	F	0.0	major triad	(0, 5, 9)	b-	b-	5	None
378.0	1.0	73.0	B-2	46.0	True	73.0	4.0	125.0	i	True	('B-', 'D-', 'F')	B-	B-	0.0	minor triad	(1, 5, 10)	b-	b-	1	None
378.0	1.0	73.0	B-3	58.0	True	73.0	4.0	125.0	i	True	('B-', 'D-', 'F')	B-	B-	0.0	minor triad	(1, 5, 10)	b-	b-	1	None
378.0	1.0	73.0	B-3	58.0	True	73.0	4.0	125.0	i	True	('B-', 'D-', 'F')	B-	B-	0.0	minor triad	(1, 5, 10)	b-	b-	1	None
378.0	1.0	73.0	F3	53.0	True	73.0	4.0	125.0	i	True	('B-', 'D-', 'F')	B-	B-	0.0	minor triad	(1, 5, 10)	b-	b-	1	None
379.0	0.5	73.0	C3	48.0	True	73.0	4.0	125.0	i	False	('B-', 'D-', 'F')	B-	B-	0.0	minor triad	(1, 5, 10)	b-	b-	1	None
379.0	0.5	73.0	C4	60.0	True	73.0	4.0	125.0	i	False	('B-', 'D-', 'F')	B-	B-	0.0	minor triad	(1, 5, 10)	b-	b-	1	None
379.5	0.5	73.0	D-3	49.0	True	73.0	4.0	125.0	i	False	('B-', 'D-', 'F')	B-	B-	0.0	minor triad	(1, 5, 10)	b-	b-	1	None
379.5	0.5	73.0	D-4	61.0	True	73.0	4.0	125.0	i	False	('B-', 'D-', 'F')	B-	B-	0.0	minor triad	(1, 5, 10)	b-	b-	1	None
380.0	1.0	73.0	E-3	51.0	True	73.0	4.0	125.0	i	False	('B-', 'D-', 'F')	B-	B-	0.0	minor triad	(1, 5, 10)	b-	b-	1	None
380.0	1.0	73.0	E-4	63.0	True	73.0	4.0	125.0	i	False	('B-', 'D-', 'F')	B-	B-	0.0	minor triad	(1, 5, 10)	b-	b-	1	None
381.0	1.0	73.0	C3	48.0	True	73.0	4.0	125.0	i	False	('B-', 'D-', 'F')	B-	B-	0.0	minor triad	(1, 5, 10)	b-	b-	1	None
381.0	1.0	73.0	C4	60.0	True	73.0	4.0	125.0	i	False	('B-', 'D-', 'F')	B-	B-	0.0	minor triad	(1, 5, 10)	b-	b-	1	None
382.0	1.0	74.0	B-3	58.0	True	74.0	2.0	126.0	i	True	('B-', 'D-', 'F')	B-	B-	0.0	minor triad	(1, 5, 10)	b-	b-	1	None
382.0	1.0	74.0	D-4	61.0	True	74.0	2.0	126.0	i	True	('B-', 'D-', 'F')	B-	B-	0.0	minor triad	(1, 5, 10)	b-	b-	1	None
382.0	1.5	74.0	F4	65.0	True	74.0	2.0	126.0	i	True	('B-', 'D-', 'F')	B-	B-	0.0	minor triad	(1, 5, 10)	b-	b-	1	None
382.0	2.0	74.0	D-4	61.0	True	74.0	2.0	126.0	i	True	('B-', 'D-', 'F')	B-	B-	0.0	minor triad	(1, 5, 10)	b-	b-	1	None
382.0	0.25	74.0	F4	65.0	True	74.0	2.0	126.0	i	True	('B-', 'D-', 'F')	B-	B-	0.0	minor triad	(1, 5, 10)	b-	b-	1	None
382.25	0.25	74.0	G-4	66.0	True	74.0	2.0	126.0	i	False	('B-', 'D-', 'F')	B-	B-	0.0	minor triad	(1, 5, 10)	b-	b-	1	None
382.5	0.25	74.0	F4	65.0	True	74.0	2.0	126.0	i	False	('B-', 'D-', 'F')	B-	B-	0.0	minor triad	(1, 5, 10)	b-	b-	1	None
382.75	0.25	74.0	G-4	66.0	True	74.0	2.0	126.0	i	False	('B-', 'D-', 'F')	B-	B-	0.0	minor triad	(1, 5, 10)	b-	b-	1	None
383.0	0.25	74.0	F4	65.0	True	74.0	2.0	126.0	i	False	('B-', 'D-', 'F')	B-	B-	0.0	minor triad	(1, 5, 10)	b-	b-	1	None
383.0	1.0	74.0	D-3	49.0	True	74.0	2.0	126.0	i	False	('B-', 'D-', 'F')	B-	B-	0.0	minor triad	(1, 5, 10)	b-	b-	1	None
383.0	1.0	74.0	B-2	46.0	True	74.0	2.0	126.0	i	False	('B-', 'D-', 'F')	B-	B-	0.0	minor triad	(1, 5, 10)	b-	b-	1	None
383.25	0.25	74.0	G-4	66.0	True	74.0	2.0	126.0	i	False	('B-', 'D-', 'F')	B-	B-	0.0	minor triad	(1, 5, 10)	b-	b-	1	None
383.5	0.25	74.0	E-4	63.0	True	74.0	2.0	126.0	i	False	('B-', 'D-', 'F')	B-	B-	0.0	minor triad	(1, 5, 10)	b-	b-	1	None
383.75	0.25	74.0	F4	65.0	True	74.0	2.0	126.0	i	False	('B-', 'D-', 'F')	B-	B-	0.0	minor triad	(1, 5, 10)	b-	b-	1	None
384.0	1.0	74.0	G-4	66.0	True	74.0	2.0	127.0	iv	True	('E-', 'G-', 'B-')	E-	E-	0.0	minor triad	(3, 6, 10)	b-	b-	4	None
384.0	1.0	74.0	E-5	75.0	True	74.0	2.0	127.0	iv	True	('E-', 'G-', 'B-')	E-	E-	0.0	minor triad	(3, 6, 10)	b-	b-	4	None
385.0	1.0	74.0	E-2	39.0	True	74.0	2.0	127.0	iv	False	('E-', 'G-', 'B-')	E-	E-	0.0	minor triad	(3, 6, 10)	b-	b-	4	None
385.0	1.0	74.0	G-5	78.0	True	74.0	2.0	127.0	iv	False	('E-', 'G-', 'B-')	E-	E-	0.0	minor triad	(3, 6, 10)	b-	b-	4	None
385.0	1.0	74.0	G-3	54.0	True	74.0	2.0	127.0	iv	False	('E-', 'G-', 'B-')	E-	E-	0.0	minor triad	(3, 6, 10)	b-	b-	4	None
385.0	1.0	74.0	E-4	63.0	True	74.0	2.0	127.0	iv	False	('E-', 'G-', 'B-')	E-	E-	0.0	minor triad	(3, 6, 10)	b-	b-	4	None
386.0	1.0	75.0	A-2	44.0	True	75.0	2.0	128.0	V/III	True	('A-', 'C', 'E-')	A-	A-	0.0	major triad	(0, 3, 8)	b-	D-	5	3
386.0	1.5	75.0	E-4	63.0	True	75.0	2.0	128.0	V/III	True	('A-', 'C', 'E-')	A-	A-	0.0	major triad	(0, 3, 8)	b-	D-	5	3
386.0	2.0	75.0	C4	60.0	True	75.0	2.0	128.0	V/III	True	('A-', 'C', 'E-')	A-	A-	0.0	major triad	(0, 3, 8)	b-	D-	5	3
386.0	0.25	75.0	E-4	63.0	True	75.0	2.0	128.0	V/III	True	('A-', 'C', 'E-')	A-	A-	0.0	major triad	(0, 3, 8)	b-	D-	5	3
386.0	1.0	75.0	C4	60.0	True	75.0	2.0	128.0	V/III	True	('A-', 'C', 'E-')	A-	A-	0.0	major triad	(0, 3, 8)	b-	D-	5	3
386.25	0.25	75.0	F4	65.0	True	75.0	2.0	128.0	V/III	False	('A-', 'C', 'E-')	A-	A-	0.0	major triad	(0, 3, 8)	b-	D-	5	3
386.5	0.25	75.0	E-4	63.0	True	75.0	2.0	128.0	V/III	False	('A-', 'C', 'E-')	A-	A-	0.0	major triad	(0, 3, 8)	b-	D-	5	3
386.75	0.25	75.0	F4	65.0	True	75.0	2.0	128.0	V/III	False	('A-', 'C', 'E-')	A-	A-	0.0	major triad	(0, 3, 8)	b-	D-	5	3
387.0	0.25	75.0	E-4	63.0	True	75.0	2.0	128.0	V/III	False	('A-', 'C', 'E-')	A-	A-	0.0	major triad	(0, 3, 8)	b-	D-	5	3
387.0	1.0	75.0	C3	48.0	True	75.0	2.0	128.0	V/III	False	('A-', 'C', 'E-')	A-	A-	0.0	major triad	(0, 3, 8)	b-	D-	5	3
387.0	1.0	75.0	A-3	56.0	True	75.0	2.0	128.0	V/III	False	('A-', 'C', 'E-')	A-	A-	0.0	major triad	(0, 3, 8)	b-	D-	5	3
387.25	0.25	75.0	F4	65.0	True	75.0	2.0	128.0	V/III	False	('A-', 'C', 'E-')	A-	A-	0.0	major triad	(0, 3, 8)	b-	D-	5	3
387.5	0.25	75.0	D-4	61.0	True	75.0	2.0	128.0	V/III	False	('A-', 'C', 'E-')	A-	A-	0.0	major triad	(0, 3, 8)	b-	D-	5	3
387.75	0.25	75.0	E-4	63.0	True	75.0	2.0	128.0	V/III	False	('A-', 'C', 'E-')	A-	A-	0.0	major triad	(0, 3, 8)	b-	D-	5	3
388.0	1.0	75.0	F4	65.0	True	75.0	2.0	129.0	III	True	('D-', 'F', 'A-')	D-	D-	0.0	major triad	(1, 5, 8)	b-	b-	3	None
388.0	1.0	75.0	D-5	73.0	True	75.0	2.0	129.0	III	True	('D-', 'F', 'A-')	D-	D-	0.0	major triad	(1, 5, 8)	b-	b-	3	None
389.0	1.0	75.0	D-4	61.0	True	75.0	2.0	129.0	III	False	('D-', 'F', 'A-')	D-	D-	0.0	major triad	(1, 5, 8)	b-	b-	3	None
389.0	1.0	75.0	F3	53.0	True	75.0	2.0	129.0	III	False	('D-', 'F', 'A-')	D-	D-	0.0	major triad	(1, 5, 8)	b-	b-	3	None
389.0	1.0	75.0	D-3	49.0	True	75.0	2.0	129.0	III	False	('D-', 'F', 'A-')	D-	D-	0.0	major triad	(1, 5, 8)	b-	b-	3	None
389.0	1.0	75.0	F5	77.0	True	75.0	2.0	129.0	III	False	('D-', 'F', 'A-')	D-	D-	0.0	major triad	(1, 5, 8)	b-	b-	3	None
390.0	1.5	76.0	D-4	61.0	True	76.0	2.0	130.0	VI	True	('G-', 'B-', 'D-')	G-	G-	0.0	major triad	(1, 6, 10)	b-	b-	6	None
390.0	0.25	76.0	D-4	61.0	True	76.0	2.0	130.0	VI	True	('G-', 'B-', 'D-')	G-	G-	0.0	major triad	(1, 6, 10)	b-	b-	6	None
390.0	2.0	76.0	B-3	58.0	True	76.0	2.0	130.0	VI	True	('G-', 'B-', 'D-')	G-	G-	0.0	major triad	(1, 6, 10)	b-	b-	6	None
390.0	1.0	76.0	B-4	70.0	True	76.0	2.0	130.0	VI	True	('G-', 'B-', 'D-')	G-	G-	0.0	major triad	(1, 6, 10)	b-	b-	6	None
390.0	1.0	76.0	G-3	54.0	True	76.0	2.0	130.0	VI	True	('G-', 'B-', 'D-')	G-	G-	0.0	major triad	(1, 6, 10)	b-	b-	6	None
390.25	0.25	76.0	E-4	63.0	True	76.0	2.0	130.0	VI	False	('G-', 'B-', 'D-')	G-	G-	0.0	major triad	(1, 6, 10)	b-	b-	6	None
390.5	0.25	76.0	D-4	61.0	True	76.0	2.0	130.0	VI	False	('G-', 'B-', 'D-')	G-	G-	0.0	major triad	(1, 6, 10)	b-	b-	6	None
390.75	0.25	76.0	E-4	63.0	True	76.0	2.0	130.0	VI	False	('G-', 'B-', 'D-')	G-	G-	0.0	major triad	(1, 6, 10)	b-	b-	6	None
391.0	1.0	76.0	G-2	42.0	True	76.0	2.0	130.0	VI	False	('G-', 'B-', 'D-')	G-	G-	0.0	major triad	(1, 6, 10)	b-	b-	6	None
391.0	0.25	76.0	D-4	61.0	True	76.0	2.0	130.0	VI	False	('G-', 'B-', 'D-')	G-	G-	0.0	major triad	(1, 6, 10)	b-	b-	6	None
391.0	1.0	76.0	B-3	58.0	True	76.0	2.0	130.0	VI	False	('G-', 'B-', 'D-')	G-	G-	0.0	major triad	(1, 6, 10)	b-	b-	6	None
391.25	0.25	76.0	E-4	63.0	True	76.0	2.0	130.0	VI	False	('G-', 'B-', 'D-')	G-	G-	0.0	major triad	(1, 6, 10)	b-	b-	6	None
391.5	0.25	76.0	C4	60.0	True	76.0	2.0	130.0	VI	False	('G-', 'B-', 'D-')	G-	G-	0.0	major triad	(1, 6, 10)	b-	b-	6	None
391.75	0.25	76.0	D-4	61.0	True	76.0	2.0	130.0	VI	False	('G-', 'B-', 'D-')	G-	G-	0.0	major triad	(1, 6, 10)	b-	b-	6	None
392.0	1.0	76.0	E-4	63.0	True	76.0	2.0	131.0	iv	True	('G-', 'B-', 'E-')	G-	E-	1.0	minor triad	(3, 6, 10)	b-	b-	4	None
392.0	1.0	76.0	B-4	70.0	True	76.0	2.0	131.0	iv	True	('G-', 'B-', 'E-')	G-	E-	1.0	minor triad	(3, 6, 10)	b-	b-	4	None
393.0	1.0	76.0	E-5	75.0	True	76.0	2.0	131.0	iv	False	('G-', 'B-', 'E-')	G-	E-	1.0	minor triad	(3, 6, 10)	b-	b-	4	None
393.0	1.0	76.0	B-3	58.0	True	76.0	2.0	131.0	iv	False	('G-', 'B-', 'E-')	G-	E-	1.0	minor triad	(3, 6, 10)	b-	b-	4	None
393.0	1.0	76.0	B-3	58.0	True	76.0	2.0	131.0	iv	False	('G-', 'B-', 'E-')	G-	E-	1.0	minor triad	(3, 6, 10)	b-	b-	4	None
393.0	1.0	76.0	G-2	42.0	True	76.0	2.0	131.0	iv	False	('G-', 'B-', 'E-')	G-	E-	1.0	minor triad	(3, 6, 10)	b-	b-	4	None
394.0	1.0	77.0	F3	53.0	True	77.0	4.0	132.0	V	True	('F', 'A', 'C')	F	F	0.0	major triad	(0, 5, 9)	b-	b-	5	None
394.0	1.0	77.0	A4	69.0	True	77.0	4.0	132.0	V	True	('F', 'A', 'C')	F	F	0.0	major triad	(0, 5, 9)	b-	b-	5	None
394.0	1.0	77.0	F4	65.0	True	77.0	4.0	132.0	V	True	('F', 'A', 'C')	F	F	0.0	major triad	(0, 5, 9)	b-	b-	5	None
394.0	1.0	77.0	A3	57.0	True	77.0	4.0	132.0	V	True	('F', 'A', 'C')	F	F	0.0	major triad	(0, 5, 9)	b-	b-	5	None
395.0	1.0	77.0	F5	77.0	True	77.0	4.0	132.0	V	False	('F', 'A', 'C')	F	F	0.0	major triad	(0, 5, 9)	b-	b-	5	None
395.0	1.0	77.0	A4	69.0	True	77.0	4.0	132.0	V	False	('F', 'A', 'C')	F	F	0.0	major triad	(0, 5, 9)	b-	b-	5	None
395.0	1.0	77.0	A3	57.0	True	77.0	4.0	132.0	V	False	('F', 'A', 'C')	F	F	0.0	major triad	(0, 5, 9)	b-	b-	5	None
395.0	1.0	77.0	F2	41.0	True	77.0	4.0	132.0	V	False	('F', 'A', 'C')	F	F	0.0	major triad	(0, 5, 9)	b-	b-	5	None
396.0	1.0	77.0	F5	77.0	True	77.0	4.0	132.0	V	False	('F', 'A', 'C')	F	F	0.0	major triad	(0, 5, 9)	b-	b-	5	None
396.0	1.0	77.0	F4	65.0	True	77.0	4.0	132.0	V	False	('F', 'A', 'C')	F	F	0.0	major triad	(0, 5, 9)	b-	b-	5	None
397.0	1.0	77.0	F4	65.0	True	77.0	4.0	132.0	V	False	('F', 'A', 'C')	F	F	0.0	major triad	(0, 5, 9)	b-	b-	5	None
397.0	1.0	77.0	F3	53.0	True	77.0	4.0	132.0	V	False	('F', 'A', 'C')	F	F	0.0	major triad	(0, 5, 9)	b-	b-	5	None
398.0	3.0	78.0	D-4	61.0	True	78.0	2.0	133.0	i	True	('B-', 'D-', 'F')	B-	B-	0.0	minor triad	(1, 5, 10)	b-	b-	1	None
398.0	1.0	78.0	B-3	58.0	True	78.0	2.0	133.0	i	True	('B-', 'D-', 'F')	B-	B-	0.0	minor triad	(1, 5, 10)	b-	b-	1	None
398.0	0.25	78.0	F4	65.0	True	78.0	2.0	133.0	i	True	('B-', 'D-', 'F')	B-	B-	0.0	minor triad	(1, 5, 10)	b-	b-	1	None
398.0	1.5	78.0	F4	65.0	True	78.0	2.0	133.0	i	True	('B-', 'D-', 'F')	B-	B-	0.0	minor triad	(1, 5, 10)	b-	b-	1	None
398.0	1.0	78.0	D-5	73.0	True	78.0	2.0	133.0	i	True	('B-', 'D-', 'F')	B-	B-	0.0	minor triad	(1, 5, 10)	b-	b-	1	None
398.25	0.25	78.0	G-4	66.0	True	78.0	2.0	133.0	i	False	('B-', 'D-', 'F')	B-	B-	0.0	minor triad	(1, 5, 10)	b-	b-	1	None
398.5	0.25	78.0	F4	65.0	True	78.0	2.0	133.0	i	False	('B-', 'D-', 'F')	B-	B-	0.0	minor triad	(1, 5, 10)	b-	b-	1	None
398.75	0.25	78.0	G-4	66.0	True	78.0	2.0	133.0	i	False	('B-', 'D-', 'F')	B-	B-	0.0	minor triad	(1, 5, 10)	b-	b-	1	None
399.0	1.0	78.0	D-4	61.0	True	78.0	2.0	133.0	i	False	('B-', 'D-', 'F')	B-	B-	0.0	minor triad	(1, 5, 10)	b-	b-	1	None
399.0	0.25	78.0	F4	65.0	True	78.0	2.0	133.0	i	False	('B-', 'D-', 'F')	B-	B-	0.0	minor triad	(1, 5, 10)	b-	b-	1	None
399.0	1.0	78.0	B-2	46.0	True	78.0	2.0	133.0	i	False	('B-', 'D-', 'F')	B-	B-	0.0	minor triad	(1, 5, 10)	b-	b-	1	None
399.25	0.25	78.0	G-4	66.0	True	78.0	2.0	133.0	i	False	('B-', 'D-', 'F')	B-	B-	0.0	minor triad	(1, 5, 10)	b-	b-	1	None
399.5	0.25	78.0	E-4	63.0	True	78.0	2.0	133.0	i	False	('B-', 'D-', 'F')	B-	B-	0.0	minor triad	(1, 5, 10)	b-	b-	1	None
399.75	0.25	78.0	F4	65.0	True	78.0	2.0	133.0	i	False	('B-', 'D-', 'F')	B-	B-	0.0	minor triad	(1, 5, 10)	b-	b-	1	None
400.0	1.0	78.0	G-4	66.0	True	78.0	2.0	134.0	iv	True	('E-', 'G-', 'B-')	E-	E-	0.0	minor triad	(3, 6, 10)	b-	b-	4	None
401.0	1.0	78.0	G-5	78.0	True	78.0	2.0	134.0	iv	False	('E-', 'G-', 'B-')	E-	E-	0.0	minor triad	(3, 6, 10)	b-	b-	4	None
401.0	1.0	78.0	G-4	66.0	True	78.0	2.0	134.0	iv	False	('E-', 'G-', 'B-')	E-	E-	0.0	minor triad	(3, 6, 10)	b-	b-	4	None
401.0	0.5	78.0	E-4	63.0	True	78.0	2.0	134.0	iv	False	('E-', 'G-', 'B-')	E-	E-	0.0	minor triad	(3, 6, 10)	b-	b-	4	None
401.0	1.0	78.0	E-2	39.0	True	78.0	2.0	134.0	iv	False	('E-', 'G-', 'B-')	E-	E-	0.0	minor triad	(3, 6, 10)	b-	b-	4	None
401.5	0.5	78.0	D-4	61.0	True	78.0	2.0	134.0	iv	False	('E-', 'G-', 'B-')	E-	E-	0.0	minor triad	(3, 6, 10)	b-	b-	4	None
402.0	1.0	79.0	A-2	44.0	True	79.0	2.0	135.0	V/III	True	('A-', 'C', 'E-')	A-	A-	0.0	major triad	(0, 3, 8)	b-	D-	5	3
402.0	3.0	79.0	C4	60.0	True	79.0	2.0	135.0	V/III	True	('A-', 'C', 'E-')	A-	A-	0.0	major triad	(0, 3, 8)	b-	D-	5	3
402.0	1.5	79.0	E-4	63.0	True	79.0	2.0	135.0	V/III	True	('A-', 'C', 'E-')	A-	A-	0.0	major triad	(0, 3, 8)	b-	D-	5	3
402.0	0.25	79.0	E-4	63.0	True	79.0	2.0	135.0	V/III	True	('A-', 'C', 'E-')	A-	A-	0.0	major triad	(0, 3, 8)	b-	D-	5	3
402.0	1.0	79.0	C5	72.0	True	79.0	2.0	135.0	V/III	True	('A-', 'C', 'E-')	A-	A-	0.0	major triad	(0, 3, 8)	b-	D-	5	3
402.25	0.25	79.0	F4	65.0	True	79.0	2.0	135.0	V/III	False	('A-', 'C', 'E-')	A-	A-	0.0	major triad	(0, 3, 8)	b-	D-	5	3
402.5	0.25	79.0	E-4	63.0	True	79.0	2.0	135.0	V/III	False	('A-', 'C', 'E-')	A-	A-	0.0	major triad	(0, 3, 8)	b-	D-	5	3
402.75	0.25	79.0	F4	65.0	True	79.0	2.0	135.0	V/III	False	('A-', 'C', 'E-')	A-	A-	0.0	major triad	(0, 3, 8)	b-	D-	5	3
403.0	0.25	79.0	E-4	63.0	True	79.0	2.0	135.0	V/III	False	('A-', 'C', 'E-')	A-	A-	0.0	major triad	(0, 3, 8)	b-	D-	5	3
403.0	1.0	79.0	C4	60.0	True	79.0	2.0	135.0	V/III	False	('A-', 'C', 'E-')	A-	A-	0.0	major triad	(0, 3, 8)	b-	D-	5	3
403.0	1.0	79.0	A-3	56.0	True	79.0	2.0	135.0	V/III	False	('A-', 'C', 'E-')	A-	A-	0.0	major triad	(0, 3, 8)	b-	D-	5	3
403.25	0.25	79.0	F4	65.0	True	79.0	2.0	135.0	V/III	False	('A-', 'C', 'E-')	A-	A-	0.0	major triad	(0, 3, 8)	b-	D-	5	3
403.5	0.25	79.0	D-4	61.0	True	79.0	2.0	135.0	V/III	False	('A-', 'C', 'E-')	A-	A-	0.0	major triad	(0, 3, 8)	b-	D-	5	3
403.75	0.25	79.0	E-4	63.0	True	79.0	2.0	135.0	V/III	False	('A-', 'C', 'E-')	A-	A-	0.0	major triad	(0, 3, 8)	b-	D-	5	3
404.0	1.0	79.0	F4	65.0	True	79.0	2.0	136.0	III	True	('D-', 'F', 'A-')	D-	D-	0.0	major triad	(1, 5, 8)	b-	b-	3	None
405.0	1.0	79.0	F5	77.0	True	79.0	2.0	136.0	III	False	('D-', 'F', 'A-')	D-	D-	0.0	major triad	(1, 5, 8)	b-	b-	3	None
405.0	1.0	79.0	F4	65.0	True	79.0	2.0	136.0	III	False	('D-', 'F', 'A-')	D-	D-	0.0	major triad	(1, 5, 8)	b-	b-	3	None
405.0	0.5	79.0	D-4	61.0	True	79.0	2.0	136.0	III	False	('D-', 'F', 'A-')	D-	D-	0.0	major triad	(1, 5, 8)	b-	b-	3	None
405.0	1.0	79.0	D-3	49.0	True	79.0	2.0	136.0	III	False	('D-', 'F', 'A-')	D-	D-	0.0	major triad	(1, 5, 8)	b-	b-	3	None
405.5	0.5	79.0	C4	60.0	True	79.0	2.0	136.0	III	False	('D-', 'F', 'A-')	D-	D-	0.0	major triad	(1, 5, 8)	b-	b-	3	None
406.0	1.5	80.0	D-4	61.0	True	80.0	2.0	137.0	VI	True	('G-', 'B-', 'D-')	G-	G-	0.0	major triad	(1, 6, 10)	b-	b-	6	None
406.0	0.25	80.0	D-4	61.0	True	80.0	2.0	137.0	VI	True	('G-', 'B-', 'D-')	G-	G-	0.0	major triad	(1, 6, 10)	b-	b-	6	None
406.0	1.0	80.0	B-4	70.0	True	80.0	2.0	137.0	VI	True	('G-', 'B-', 'D-')	G-	G-	0.0	major triad	(1, 6, 10)	b-	b-	6	None
406.0	1.0	80.0	B-3	58.0	True	80.0	2.0	137.0	VI	True	('G-', 'B-', 'D-')	G-	G-	0.0	major triad	(1, 6, 10)	b-	b-	6	None
406.0	1.0	80.0	G-3	54.0	True	80.0	2.0	137.0	VI	True	('G-', 'B-', 'D-')	G-	G-	0.0	major triad	(1, 6, 10)	b-	b-	6	None
406.25	0.25	80.0	E-4	63.0	True	80.0	2.0	137.0	VI	False	('G-', 'B-', 'D-')	G-	G-	0.0	major triad	(1, 6, 10)	b-	b-	6	None
406.5	0.25	80.0	D-4	61.0	True	80.0	2.0	137.0	VI	False	('G-', 'B-', 'D-')	G-	G-	0.0	major triad	(1, 6, 10)	b-	b-	6	None
406.75	0.25	80.0	E-4	63.0	True	80.0	2.0	137.0	VI	False	('G-', 'B-', 'D-')	G-	G-	0.0	major triad	(1, 6, 10)	b-	b-	6	None
407.0	1.0	80.0	G-2	42.0	True	80.0	2.0	137.0	VI	False	('G-', 'B-', 'D-')	G-	G-	0.0	major triad	(1, 6, 10)	b-	b-	6	None
407.0	1.0	80.0	B-4	70.0	True	80.0	2.0	137.0	VI	False	('G-', 'B-', 'D-')	G-	G-	0.0	major triad	(1, 6, 10)	b-	b-	6	None
407.0	0.25	80.0	D-4	61.0	True	80.0	2.0	137.0	VI	False	('G-', 'B-', 'D-')	G-	G-	0.0	major triad	(1, 6, 10)	b-	b-	6	None
407.0	1.0	80.0	B-3	58.0	True	80.0	2.0	137.0	VI	False	('G-', 'B-', 'D-')	G-	G-	0.0	major triad	(1, 6, 10)	b-	b-	6	None
407.25	0.25	80.0	E-4	63.0	True	80.0	2.0	137.0	VI	False	('G-', 'B-', 'D-')	G-	G-	0.0	major triad	(1, 6, 10)	b-	b-	6	None
407.5	0.25	80.0	C4	60.0	True	80.0	2.0	137.0	VI	False	('G-', 'B-', 'D-')	G-	G-	0.0	major triad	(1, 6, 10)	b-	b-	6	None
407.75	0.25	80.0	D-4	61.0	True	80.0	2.0	137.0	VI	False	('G-', 'B-', 'D-')	G-	G-	0.0	major triad	(1, 6, 10)	b-	b-	6	None
408.0	1.0	80.0	E-4	63.0	True	80.0	1.0	138.0	V7	True	('F', 'A', 'C', 'E-')	F	F	0.0	dominant seventh chord	(0, 3, 5, 9)	b-	b-	5	None
408.0	1.0	80.0	C5	72.0	True	80.0	1.0	138.0	V7	True	('F', 'A', 'C', 'E-')	F	F	0.0	dominant seventh chord	(0, 3, 5, 9)	b-	b-	5	None
408.0	1.0	80.0	A3	57.0	True	80.0	1.0	138.0	V7	True	('F', 'A', 'C', 'E-')	F	F	0.0	dominant seventh chord	(0, 3, 5, 9)	b-	b-	5	None
408.0	1.0	80.0	F2	41.0	True	80.0	1.0	138.0	V7	True	('F', 'A', 'C', 'E-')	F	F	0.0	dominant seventh chord	(0, 3, 5, 9)	b-	b-	5	None
409.0	1.0	80.0	C4	60.0	True	80.0	1.0	139.0	V	True	('F', 'A', 'C')	F	F	0.0	major triad	(0, 5, 9)	b-	b-	5	None
409.0	1.0	80.0	A4	69.0	True	80.0	1.0	139.0	V	True	('F', 'A', 'C')	F	F	0.0	major triad	(0, 5, 9)	b-	b-	5	None
409.0	1.0	80.0	A3	57.0	True	80.0	1.0	139.0	V	True	('F', 'A', 'C')	F	F	0.0	major triad	(0, 5, 9)	b-	b-	5	None
409.0	1.0	80.0	F2	41.0	True	80.0	1.0	139.0	V	True	('F', 'A', 'C')	F	F	0.0	major triad	(0, 5, 9)	b-	b-	5	None
410.0	1.0	81.0	B-2	46.0	True	81.0	4.0	140.0	i	True	('B-', 'D-', 'F')	B-	B-	0.0	minor triad	(1, 5, 10)	b-	b-	1	None
410.0	1.0	81.0	B-3	58.0	True	81.0	4.0	140.0	i	True	('B-', 'D-', 'F')	B-	B-	0.0	minor triad	(1, 5, 10)	b-	b-	1	None
410.0	1.0	81.0	B-3	58.0	True	81.0	4.0	140.0	i	True	('B-', 'D-', 'F')	B-	B-	0.0	minor triad	(1, 5, 10)	b-	b-	1	None
410.0	1.0	81.0	B-4	70.0	True	81.0	4.0	140.0	i	True	('B-', 'D-', 'F')	B-	B-	0.0	minor triad	(1, 5, 10)	b-	b-	1	None
411.0	0.5	81.0	D-4	61.0	True	81.0	4.0	140.0	i	False	('B-', 'D-', 'F')	B-	B-	0.0	minor triad	(1, 5, 10)	b-	b-	1	None
411.0	0.5	81.0	D-3	49.0	True	81.0	4.0	140.0	i	False	('B-', 'D-', 'F')	B-	B-	0.0	minor triad	(1, 5, 10)	b-	b-	1	None
411.5	0.5	81.0	E-3	51.0	True	81.0	4.0	140.0	i	False	('B-', 'D-', 'F')	B-	B-	0.0	minor triad	(1, 5, 10)	b-	b-	1	None
411.5	0.5	81.0	E-4	63.0	True	81.0	4.0	140.0	i	False	('B-', 'D-', 'F')	B-	B-	0.0	minor triad	(1, 5, 10)	b-	b-	1	None
412.0	1.0	81.0	F4	65.0	True	81.0	4.0	140.0	i	False	('B-', 'D-', 'F')	B-	B-	0.0	minor triad	(1, 5, 10)	b-	b-	1	None
412.0	1.0	81.0	F3	53.0	True	81.0	4.0	140.0	i	False	('B-', 'D-', 'F')	B-	B-	0.0	minor triad	(1, 5, 10)	b-	b-	1	None
413.0	1.0	81.0	D-4	61.0	True	81.0	4.0	140.0	i	False	('B-', 'D-', 'F')	B-	B-	0.0	minor triad	(1, 5, 10)	b-	b-	1	None
413.0	1.0	81.0	D-3	49.0	True	81.0	4.0	140.0	i	False	('B-', 'D-', 'F')	B-	B-	0.0	minor triad	(1, 5, 10)	b-	b-	1	None
414.0	1.0	82.0	D-5	73.0	True	82.0	2.0	141.0	I	True	('F#', 'A', 'D')	F#	D	1.0	major triad	(2, 6, 9)	D	D	1	None
414.0	2.0	82.0	F4	65.0	True	82.0	2.0	141.0	I	True	('F#', 'A', 'D')	F#	D	1.0	major triad	(2, 6, 9)	D	D	1	None
414.0	3.0	82.0	A-4	68.0	True	82.0	2.0	141.0	I	True	('F#', 'A', 'D')	F#	D	1.0	major triad	(2, 6, 9)	D	D	1	None
414.0	1.0	82.0	A-2	44.0	True	82.0	2.0	141.0	I	True	('F#', 'A', 'D')	F#	D	1.0	major triad	(2, 6, 9)	D	D	1	None
415.0	0.5	82.0	C5	72.0	True	82.0	2.0	141.0	I	False	('F#', 'A', 'D')	F#	D	1.0	major triad	(2, 6, 9)	D	D	1	None
415.0	1.0	82.0	A-3	56.0	True	82.0	2.0	141.0	I	False	('F#', 'A', 'D')	F#	D	1.0	major triad	(2, 6, 9)	D	D	1	None
415.5	0.5	82.0	D-5	73.0	True	82.0	2.0	141.0	I	False	('F#', 'A', 'D')	F#	D	1.0	major triad	(2, 6, 9)	D	D	1	None
416.0	1.0	82.0	E-5	75.0	True	82.0	2.0	142.0	V7	True	('G', 'A', 'C#', 'E')	G	A	3.0	dominant seventh chord	(1, 4, 7, 9)	D	D	5	None
416.0	1.0	82.0	G-4	66.0	True	82.0	2.0	142.0	V7	True	('G', 'A', 'C#', 'E')	G	A	3.0	dominant seventh chord	(1, 4, 7, 9)	D	D	5	None
417.0	1.0	82.0	E-5	75.0	True	82.0	2.0	142.0	V7	False	('G', 'A', 'C#', 'E')	G	A	3.0	dominant seventh chord	(1, 4, 7, 9)	D	D	5	None
417.0	1.0	82.0	A-3	56.0	True	82.0	2.0	142.0	V7	False	('G', 'A', 'C#', 'E')	G	A	3.0	dominant seventh chord	(1, 4, 7, 9)	D	D	5	None
418.0	1.0	83.0	D-5	73.0	True	83.0	2.0	143.0	I	True	('F#', 'A', 'D')	F#	D	1.0	major triad	(2, 6, 9)	D	D	1	None
418.0	3.0	83.0	A-4	68.0	True	83.0	2.0	143.0	I	True	('F#', 'A', 'D')	F#	D	1.0	major triad	(2, 6, 9)	D	D	1	None
418.0	2.0	83.0	F4	65.0	True	83.0	2.0	143.0	I	True	('F#', 'A', 'D')	F#	D	1.0	major triad	(2, 6, 9)	D	D	1	None
418.0	1.0	83.0	A-2	44.0	True	83.0	2.0	143.0	I	True	('F#', 'A', 'D')	F#	D	1.0	major triad	(2, 6, 9)	D	D	1	None
419.0	1.0	83.0	A-5	80.0	True	83.0	2.0	143.0	I	False	('F#', 'A', 'D')	F#	D	1.0	major triad	(2, 6, 9)	D	D	1	None
419.0	1.0	83.0	A-3	56.0	True	83.0	2.0	143.0	I	False	('F#', 'A', 'D')	F#	D	1.0	major triad	(2, 6, 9)	D	D	1	None
420.0	1.0	83.0	E-4	63.0	True	83.0	2.0	144.0	V7	True	('E', 'G', 'A', 'C#')	E	A	2.0	dominant seventh chord	(1, 4, 7, 9)	D	D	5	None
420.0	1.0	83.0	G-5	78.0	True	83.0	2.0	144.0	V7	True	('E', 'G', 'A', 'C#')	E	A	2.0	dominant seventh chord	(1, 4, 7, 9)	D	D	5	None
421.0	1.0	83.0	A-3	56.0	True	83.0	2.0	144.0	V7	False	('E', 'G', 'A', 'C#')	E	A	2.0	dominant seventh chord	(1, 4, 7, 9)	D	D	5	None
421.0	1.0	83.0	G-5	78.0	True	83.0	2.0	144.0	V7	False	('E', 'G', 'A', 'C#')	E	A	2.0	dominant seventh chord	(1, 4, 7, 9)	D	D	5	None
422.0	3.0	84.0	A-4	68.0	True	84.0	2.0	145.0	I	True	('F#', 'A', 'D')	F#	D	1.0	major triad	(2, 6, 9)	D	D	1	None
422.0	1.0	84.0	A-2	44.0	True	84.0	2.0	145.0	I	True	('F#', 'A', 'D')	F#	D	1.0	major triad	(2, 6, 9)	D	D	1	None
422.0	1.0	84.0	D-5	73.0	True	84.0	2.0	145.0	I	True	('F#', 'A', 'D')	F#	D	1.0	major triad	(2, 6, 9)	D	D	1	None
422.0	2.0	84.0	F4	65.0	True	84.0	2.0	145.0	I	True	('F#', 'A', 'D')	F#	D	1.0	major triad	(2, 6, 9)	D	D	1	None
423.0	0.5	84.0	C5	72.0	True	84.0	2.0	145.0	I	False	('F#', 'A', 'D')	F#	D	1.0	major triad	(2, 6, 9)	D	D	1	None
423.0	1.0	84.0	A-3	56.0	True	84.0	2.0	145.0	I	False	('F#', 'A', 'D')	F#	D	1.0	major triad	(2, 6, 9)	D	D	1	None
423.5	0.5	84.0	D-5	73.0	True	84.0	2.0	145.0	I	False	('F#', 'A', 'D')	F#	D	1.0	major triad	(2, 6, 9)	D	D	1	None
424.0	1.0	84.0	E-5	75.0	True	84.0	2.0	146.0	V7	True	('E', 'G', 'A', 'C#')	E	A	2.0	dominant seventh chord	(1, 4, 7, 9)	D	D	5	None
424.0	1.0	84.0	G-4	66.0	True	84.0	2.0	146.0	V7	True	('E', 'G', 'A', 'C#')	E	A	2.0	dominant seventh chord	(1, 4, 7, 9)	D	D	5	None
425.0	1.0	84.0	E-5	75.0	True	84.0	2.0	146.0	V7	False	('E', 'G', 'A', 'C#')	E	A	2.0	dominant seventh chord	(1, 4, 7, 9)	D	D	5	None
425.0	1.0	84.0	A-3	56.0	True	84.0	2.0	146.0	V7	False	('E', 'G', 'A', 'C#')	E	A	2.0	dominant seventh chord	(1, 4, 7, 9)	D	D	5	None
426.0	1.0	85.0	A-2	44.0	True	85.0	2.0	147.0	I	True	('F#', 'A', 'D')	F#	D	1.0	major triad	(2, 6, 9)	D	D	1	None
426.0	3.0	85.0	A-4	68.0	True	85.0	2.0	147.0	I	True	('F#', 'A', 'D')	F#	D	1.0	major triad	(2, 6, 9)	D	D	1	None
426.0	2.0	85.0	F4	65.0	True	85.0	2.0	147.0	I	True	('F#', 'A', 'D')	F#	D	1.0	major triad	(2, 6, 9)	D	D	1	None
426.0	1.0	85.0	D-5	73.0	True	85.0	2.0	147.0	I	True	('F#', 'A', 'D')	F#	D	1.0	major triad	(2, 6, 9)	D	D	1	None
427.0	1.0	85.0	A-5	80.0	True	85.0	2.0	147.0	I	False	('F#', 'A', 'D')	F#	D	1.0	major triad	(2, 6, 9)	D	D	1	None
427.0	1.0	85.0	A-3	56.0	True	85.0	2.0	147.0	I	False	('F#', 'A', 'D')	F#	D	1.0	major triad	(2, 6, 9)	D	D	1	None
428.0	1.0	85.0	G-5	78.0	True	85.0	2.0	148.0	V7	True	('E', 'G', 'A', 'C#')	E	A	2.0	dominant seventh chord	(1, 4, 7, 9)	D	D	5	None
428.0	1.0	85.0	E-4	63.0	True	85.0	2.0	148.0	V7	True	('E', 'G', 'A', 'C#')	E	A	2.0	dominant seventh chord	(1, 4, 7, 9)	D	D	5	None
429.0	1.0	85.0	G-5	78.0	True	85.0	2.0	148.0	V7	False	('E', 'G', 'A', 'C#')	E	A	2.0	dominant seventh chord	(1, 4, 7, 9)	D	D	5	None
429.0	1.0	85.0	A-2	44.0	True	85.0	2.0	148.0	V7	False	('E', 'G', 'A', 'C#')	E	A	2.0	dominant seventh chord	(1, 4, 7, 9)	D	D	5	None
430.0	1.0	86.0	B-2	46.0	True	86.0	2.0	149.0	i	True	('D', 'F#', 'B')	D	B	1.0	minor triad	(2, 6, 11)	b	b	1	None
430.0	2.0	86.0	D-4	61.0	True	86.0	2.0	149.0	i	True	('D', 'F#', 'B')	D	B	1.0	minor triad	(2, 6, 11)	b	b	1	None
430.0	1.0	86.0	B-4	70.0	True	86.0	2.0	149.0	i	True	('D', 'F#', 'B')	D	B	1.0	minor triad	(2, 6, 11)	b	b	1	None
430.0	2.0	86.0	F4	65.0	True	86.0	2.0	149.0	i	True	('D', 'F#', 'B')	D	B	1.0	minor triad	(2, 6, 11)	b	b	1	None
431.0	0.5	86.0	A4	69.0	True	86.0	2.0	149.0	i	False	('D', 'F#', 'B')	D	B	1.0	minor triad	(2, 6, 11)	b	b	1	None
431.0	1.0	86.0	B-3	58.0	True	86.0	2.0	149.0	i	False	('D', 'F#', 'B')	D	B	1.0	minor triad	(2, 6, 11)	b	b	1	None
431.5	0.5	86.0	B-4	70.0	True	86.0	2.0	149.0	i	False	('D', 'F#', 'B')	D	B	1.0	minor triad	(2, 6, 11)	b	b	1	None
432.0	1.0	86.0	C-5	71.0	True	86.0	2.0	150.0	N	True	('E', 'G', 'C')	E	C	1.0	major triad	(0, 4, 7)	b	b	-2	None
432.0	1.0	86.0	G-4	66.0	True	86.0	2.0	150.0	N	True	('E', 'G', 'C')	E	C	1.0	major triad	(0, 4, 7)	b	b	-2	None
432.0	1.0	86.0	E-4	63.0	True	86.0	2.0	150.0	N	True	('E', 'G', 'C')	E	C	1.0	major triad	(0, 4, 7)	b	b	-2	None
433.0	1.0	86.0	B-3	58.0	True	86.0	2.0	150.0	N	False	('E', 'G', 'C')	E	C	1.0	major triad	(0, 4, 7)	b	b	-2	None
434.0	1.0	87.0	B-4	70.0	True	87.0	2.0	151.0	i	True	('D', 'F#', 'B')	D	B	1.0	minor triad	(2, 6, 11)	b	b	1	None
434.0	2.0	87.0	F4	65.0	True	87.0	2.0	151.0	i	True	('D', 'F#', 'B')	D	B	1.0	minor triad	(2, 6, 11)	b	b	1	None
434.0	2.0	87.0	D-4	61.0	True	87.0	2.0	151.0	i	True	('D', 'F#', 'B')	D	B	1.0	minor triad	(2, 6, 11)	b	b	1	None
434.0	1.0	87.0	B-2	46.0	True	87.0	2.0	151.0	i	True	('D', 'F#', 'B')	D	B	1.0	minor triad	(2, 6, 11)	b	b	1	None
435.0	0.5	87.0	A4	69.0	True	87.0	2.0	151.0	i	False	('D', 'F#', 'B')	D	B	1.0	minor triad	(2, 6, 11)	b	b	1	None
435.0	1.0	87.0	B-3	58.0	True	87.0	2.0	151.0	i	False	('D', 'F#', 'B')	D	B	1.0	minor triad	(2, 6, 11)	b	b	1	None
435.5	0.5	87.0	B-4	70.0	True	87.0	2.0	151.0	i	False	('D', 'F#', 'B')	D	B	1.0	minor triad	(2, 6, 11)	b	b	1	None
436.0	1.0	87.0	C5	72.0	True	87.0	2.0	152.0	iio	True	('E', 'G', 'C#')	E	C#	1.0	diminished triad	(1, 4, 7)	b	b	2	None
436.0	1.0	87.0	G-4	66.0	True	87.0	2.0	152.0	iio	True	('E', 'G', 'C#')	E	C#	1.0	diminished triad	(1, 4, 7)	b	b	2	None
436.0	1.0	87.0	E-4	63.0	True	87.0	2.0	152.0	iio	True	('E', 'G', 'C#')	E	C#	1.0	diminished triad	(1, 4, 7)	b	b	2	None
437.0	1.0	87.0	B-3	58.0	True	87.0	2.0	152.0	iio	False	('E', 'G', 'C#')	E	C#	1.0	diminished triad	(1, 4, 7)	b	b	2	None
438.0	1.0	88.0	B-2	46.0	True	88.0	2.0	153.0	i	True	('D', 'F#', 'B')	D	B	1.0	minor triad	(2, 6, 11)	b	b	1	None
438.0	2.0	88.0	D-4	61.0	True	88.0	2.0	153.0	i	True	('D', 'F#', 'B')	D	B	1.0	minor triad	(2, 6, 11)	b	b	1	None
438.0	1.0	88.0	B-4	70.0	True	88.0	2.0	153.0	i	True	('D', 'F#', 'B')	D	B	1.0	minor triad	(2, 6, 11)	b	b	1	None
438.0	2.0	88.0	F4	65.0	True	88.0	2.0	153.0	i	True	('D', 'F#', 'B')	D	B	1.0	minor triad	(2, 6, 11)	b	b	1	None
439.0	0.5	88.0	A4	69.0	True	88.0	2.0	153.0	i	False	('D', 'F#', 'B')	D	B	1.0	minor triad	(2, 6, 11)	b	b	1	None
439.0	1.0	88.0	B-3	58.0	True	88.0	2.0	153.0	i	False	('D', 'F#', 'B')	D	B	1.0	minor triad	(2, 6, 11)	b	b	1	None
439.5	0.5	88.0	B-4	70.0	True	88.0	2.0	153.0	i	False	('D', 'F#', 'B')	D	B	1.0	minor triad	(2, 6, 11)	b	b	1	None
440.0	1.0	88.0	C-5	71.0	True	88.0	2.0	154.0	N	True	('E', 'G', 'C')	E	C	1.0	major triad	(0, 4, 7)	b	b	-2	None
440.0	1.0	88.0	G-4	66.0	True	88.0	2.0	154.0	N	True	('E', 'G', 'C')	E	C	1.0	major triad	(0, 4, 7)	b	b	-2	None
440.0	1.0	88.0	G-3	54.0	True	88.0	2.0	154.0	N	True	('E', 'G', 'C')	E	C	1.0	major triad	(0, 4, 7)	b	b	-2	None
440.0	1.0	88.0	E-3	51.0	True	88.0	2.0	154.0	N	True	('E', 'G', 'C')	E	C	1.0	major triad	(0, 4, 7)	b	b	-2	None
441.0	1.0	88.0	C-5	71.0	True	88.0	2.0	154.0	N	False	('E', 'G', 'C')	E	C	1.0	major triad	(0, 4, 7)	b	b	-2	None
441.0	1.0	88.0	E-4	63.0	True	88.0	2.0	154.0	N	False	('E', 'G', 'C')	E	C	1.0	major triad	(0, 4, 7)	b	b	-2	None
441.0	1.0	88.0	G-3	54.0	True	88.0	2.0	154.0	N	False	('E', 'G', 'C')	E	C	1.0	major triad	(0, 4, 7)	b	b	-2	None
441.0	1.0	88.0	E-3	51.0	True	88.0	2.0	154.0	N	False	('E', 'G', 'C')	E	C	1.0	major triad	(0, 4, 7)	b	b	-2	None
442.0	1.0	89.0	F3	53.0	True	89.0	1.0	155.0	i	True	('F#', 'B', 'D')	F#	B	2.0	minor triad	(2, 6, 11)	b	b	1	None
442.0	1.0	89.0	D-4	61.0	True	89.0	1.0	155.0	i	True	('F#', 'B', 'D')	F#	B	2.0	minor triad	(2, 6, 11)	b	b	1	None
442.0	1.0	89.0	B-4	70.0	True	89.0	1.0	155.0	i	True	('F#', 'B', 'D')	F#	B	2.0	minor triad	(2, 6, 11)	b	b	1	None
442.0	1.0	89.0	F3	53.0	True	89.0	1.0	155.0	i	True	('F#', 'B', 'D')	F#	B	2.0	minor triad	(2, 6, 11)	b	b	1	None
443.0	1.0	89.0	F3	53.0	True	89.0	1.0	156.0	V	True	('F#', 'A#', 'C#')	F#	F#	0.0	major triad	(1, 6, 10)	b	b	5	None
443.0	1.0	89.0	A4	69.0	True	89.0	1.0	156.0	V	True	('F#', 'A#', 'C#')	F#	F#	0.0	major triad	(1, 6, 10)	b	b	5	None
443.0	1.0	89.0	C4	60.0	True	89.0	1.0	156.0	V	True	('F#', 'A#', 'C#')	F#	F#	0.0	major triad	(1, 6, 10)	b	b	5	None
443.0	1.0	89.0	F4	65.0	True	89.0	1.0	156.0	V	True	('F#', 'A#', 'C#')	F#	F#	0.0	major triad	(1, 6, 10)	b	b	5	None
444.0	1.0	89.0	B-4	70.0	True	89.0	2.0	157.0	i	True	('B', 'D', 'F#')	B	B	0.0	minor triad	(2, 6, 11)	b	b	1	None
444.0	1.0	89.0	D-4	61.0	True	89.0	2.0	157.0	i	True	('B', 'D', 'F#')	B	B	0.0	minor triad	(2, 6, 11)	b	b	1	None
444.0	1.0	89.0	F4	65.0	True	89.0	2.0	157.0	i	True	('B', 'D', 'F#')	B	B	0.0	minor triad	(2, 6, 11)	b	b	1	None
444.0	1.0	89.0	B-2	46.0	True	89.0	2.0	157.0	i	True	('B', 'D', 'F#')	B	B	0.0	minor triad	(2, 6, 11)	b	b	1	None
446.0	1.5	90.0	D-5	73.0	True	90.0	2.0	158.0	I	True	('D', 'F#', 'A')	D	D	0.0	major triad	(2, 6, 9)	D	D	1	None
446.0	0.25	90.0	D-5	73.0	True	90.0	2.0	158.0	I	True	('D', 'F#', 'A')	D	D	0.0	major triad	(2, 6, 9)	D	D	1	None
446.0	2.0	90.0	F4	65.0	True	90.0	2.0	158.0	I	True	('D', 'F#', 'A')	D	D	0.0	major triad	(2, 6, 9)	D	D	1	None
446.0	2.0	90.0	D-4	61.0	True	90.0	2.0	158.0	I	True	('D', 'F#', 'A')	D	D	0.0	major triad	(2, 6, 9)	D	D	1	None
446.0	1.0	90.0	A-2	44.0	True	90.0	2.0	158.0	I	True	('D', 'F#', 'A')	D	D	0.0	major triad	(2, 6, 9)	D	D	1	None
446.25	0.25	90.0	E-5	75.0	True	90.0	2.0	158.0	I	False	('D', 'F#', 'A')	D	D	0.0	major triad	(2, 6, 9)	D	D	1	None
446.5	0.25	90.0	D-5	73.0	True	90.0	2.0	158.0	I	False	('D', 'F#', 'A')	D	D	0.0	major triad	(2, 6, 9)	D	D	1	None
446.75	0.25	90.0	E-5	75.0	True	90.0	2.0	158.0	I	False	('D', 'F#', 'A')	D	D	0.0	major triad	(2, 6, 9)	D	D	1	None
447.0	0.25	90.0	D-5	73.0	True	90.0	2.0	158.0	I	False	('D', 'F#', 'A')	D	D	0.0	major triad	(2, 6, 9)	D	D	1	None
447.0	1.0	90.0	A-3	56.0	True	90.0	2.0	158.0	I	False	('D', 'F#', 'A')	D	D	0.0	major triad	(2, 6, 9)	D	D	1	None
447.25	0.25	90.0	E-5	75.0	True	90.0	2.0	158.0	I	False	('D', 'F#', 'A')	D	D	0.0	major triad	(2, 6, 9)	D	D	1	None
447.5	0.25	90.0	C5	72.0	True	90.0	2.0	158.0	I	False	('D', 'F#', 'A')	D	D	0.0	major triad	(2, 6, 9)	D	D	1	None
447.75	0.25	90.0	D-5	73.0	True	90.0	2.0	158.0	I	False	('D', 'F#', 'A')	D	D	0.0	major triad	(2, 6, 9)	D	D	1	None
448.0	1.0	90.0	E-5	75.0	True	90.0	2.0	159.0	viio	True	('C#', 'E', 'G')	C#	C#	0.0	diminished triad	(1, 4, 7)	D	D	7	None
448.0	1.0	90.0	G-4	66.0	True	90.0	2.0	159.0	viio	True	('C#', 'E', 'G')	C#	C#	0.0	diminished triad	(1, 4, 7)	D	D	7	None
448.0	1.0	90.0	C4	60.0	True	90.0	2.0	159.0	viio	True	('C#', 'E', 'G')	C#	C#	0.0	diminished triad	(1, 4, 7)	D	D	7	None
449.0	1.0	90.0	A-3	56.0	True	90.0	2.0	159.0	viio	False	('C#', 'E', 'G')	C#	C#	0.0	diminished triad	(1, 4, 7)	D	D	7	None
449.0	1.0	90.0	G-4	66.0	True	90.0	2.0	159.0	viio	False	('C#', 'E', 'G')	C#	C#	0.0	diminished triad	(1, 4, 7)	D	D	7	None
449.0	1.0	90.0	E-6	87.0	True	90.0	2.0	159.0	viio	False	('C#', 'E', 'G')	C#	C#	0.0	diminished triad	(1, 4, 7)	D	D	7	None
449.0	1.0	90.0	E-5	75.0	True	90.0	2.0	159.0	viio	False	('C#', 'E', 'G')	C#	C#	0.0	diminished triad	(1, 4, 7)	D	D	7	None
450.0	1.0	91.0	A-2	44.0	True	91.0	2.0	160.0	I	True	('D', 'F#', 'A')	D	D	0.0	major triad	(2, 6, 9)	D	D	1	None
450.0	1.0	91.0	D-5	73.0	True	91.0	2.0	160.0	I	True	('D', 'F#', 'A')	D	D	0.0	major triad	(2, 6, 9)	D	D	1	None
450.0	2.0	91.0	F4	65.0	True	91.0	2.0	160.0	I	True	('D', 'F#', 'A')	D	D	0.0	major triad	(2, 6, 9)	D	D	1	None
450.0	0.125	91.0	D-5	73.0	True	91.0	2.0	160.0	I	True	('D', 'F#', 'A')	D	D	0.0	major triad	(2, 6, 9)	D	D	1	None
450.0	2.0	91.0	D-4	61.0	True	91.0	2.0	160.0	I	True	('D', 'F#', 'A')	D	D	0.0	major triad	(2, 6, 9)	D	D	1	None
450.125	0.125	91.0	E-5	75.0	True	91.0	2.0	160.0	I	False	('D', 'F#', 'A')	D	D	0.0	major triad	(2, 6, 9)	D	D	1	None
450.25	0.125	91.0	D-5	73.0	True	91.0	2.0	160.0	I	False	('D', 'F#', 'A')	D	D	0.0	major triad	(2, 6, 9)	D	D	1	None
450.375	0.125	91.0	E-5	75.0	True	91.0	2.0	160.0	I	False	('D', 'F#', 'A')	D	D	0.0	major triad	(2, 6, 9)	D	D	1	None
450.5	0.125	91.0	D-5	73.0	True	91.0	2.0	160.0	I	False	('D', 'F#', 'A')	D	D	0.0	major triad	(2, 6, 9)	D	D	1	None
450.625	0.125	91.0	E-5	75.0	True	91.0	2.0	160.0	I	False	('D', 'F#', 'A')	D	D	0.0	major triad	(2, 6, 9)	D	D	1	None
450.75	0.125	91.0	C5	72.0	True	91.0	2.0	160.0	I	False	('D', 'F#', 'A')	D	D	0.0	major triad	(2, 6, 9)	D	D	1	None
450.875	0.125	91.0	D-5	73.0	True	91.0	2.0	160.0	I	False	('D', 'F#', 'A')	D	D	0.0	major triad	(2, 6, 9)	D	D	1	None
451.0	1.0	91.0	A-5	80.0	True	91.0	2.0	160.0	I	False	('D', 'F#', 'A')	D	D	0.0	major triad	(2, 6, 9)	D	D	1	None
451.0	1.0	91.0	A-3	56.0	True	91.0	2.0	160.0	I	False	('D', 'F#', 'A')	D	D	0.0	major triad	(2, 6, 9)	D	D	1	None
452.0	1.0	91.0	G-5	78.0	True	91.0	2.0	161.0	viio	True	('E', 'G', 'C#')	E	C#	1.0	diminished triad	(1, 4, 7)	D	D	7	None
452.0	1.0	91.0	C5	72.0	True	91.0	2.0	161.0	viio	True	('E', 'G', 'C#')	E	C#	1.0	diminished triad	(1, 4, 7)	D	D	7	None
452.0	1.0	91.0	E-4	63.0	True	91.0	2.0	161.0	viio	True	('E', 'G', 'C#')	E	C#	1.0	diminished triad	(1, 4, 7)	D	D	7	None
453.0	1.0	91.0	A-3	56.0	True	91.0	2.0	161.0	viio	False	('E', 'G', 'C#')	E	C#	1.0	diminished triad	(1, 4, 7)	D	D	7	None
453.0	1.0	91.0	E-5	75.0	True	91.0	2.0	161.0	viio	False	('E', 'G', 'C#')	E	C#	1.0	diminished triad	(1, 4, 7)	D	D	7	None
453.0	1.0	91.0	C5	72.0	True	91.0	2.0	161.0	viio	False	('E', 'G', 'C#')	E	C#	1.0	diminished triad	(1, 4, 7)	D	D	7	None
453.0	1.0	91.0	G-6	90.0	True	91.0	2.0	161.0	viio	False	('E', 'G', 'C#')	E	C#	1.0	diminished triad	(1, 4, 7)	D	D	7	None
454.0	1.0	92.0	D-5	73.0	True	92.0	2.0	162.0	I	True	('D', 'F#', 'A')	D	D	0.0	major triad	(2, 6, 9)	D	D	1	None
454.0	0.125	92.0	D-5	73.0	True	92.0	2.0	162.0	I	True	('D', 'F#', 'A')	D	D	0.0	major triad	(2, 6, 9)	D	D	1	None
454.0	2.0	92.0	F4	65.0	True	92.0	2.0	162.0	I	True	('D', 'F#', 'A')	D	D	0.0	major triad	(2, 6, 9)	D	D	1	None
454.0	2.0	92.0	D-4	61.0	True	92.0	2.0	162.0	I	True	('D', 'F#', 'A')	D	D	0.0	major triad	(2, 6, 9)	D	D	1	None
454.0	1.0	92.0	A-2	44.0	True	92.0	2.0	162.0	I	True	('D', 'F#', 'A')	D	D	0.0	major triad	(2, 6, 9)	D	D	1	None
454.125	0.125	92.0	E-5	75.0	True	92.0	2.0	162.0	I	False	('D', 'F#', 'A')	D	D	0.0	major triad	(2, 6, 9)	D	D	1	None
454.25	0.125	92.0	D-5	73.0	True	92.0	2.0	162.0	I	False	('D', 'F#', 'A')	D	D	0.0	major triad	(2, 6, 9)	D	D	1	None
454.375	0.125	92.0	E-5	75.0	True	92.0	2.0	162.0	I	False	('D', 'F#', 'A')	D	D	0.0	major triad	(2, 6, 9)	D	D	1	None
454.5	0.125	92.0	D-5	73.0	True	92.0	2.0	162.0	I	False	('D', 'F#', 'A')	D	D	0.0	major triad	(2, 6, 9)	D	D	1	None
454.625	0.125	92.0	E-5	75.0	True	92.0	2.0	162.0	I	False	('D', 'F#', 'A')	D	D	0.0	major triad	(2, 6, 9)	D	D	1	None
454.75	0.125	92.0	C5	72.0	True	92.0	2.0	162.0	I	False	('D', 'F#', 'A')	D	D	0.0	major triad	(2, 6, 9)	D	D	1	None
454.875	0.125	92.0	D-5	73.0	True	92.0	2.0	162.0	I	False	('D', 'F#', 'A')	D	D	0.0	major triad	(2, 6, 9)	D	D	1	None
455.0	1.0	92.0	A-3	56.0	True	92.0	2.0	162.0	I	False	('D', 'F#', 'A')	D	D	0.0	major triad	(2, 6, 9)	D	D	1	None
455.0	0.5	92.0	C5	72.0	True	92.0	2.0	162.0	I	False	('D', 'F#', 'A')	D	D	0.0	major triad	(2, 6, 9)	D	D	1	None
455.5	0.5	92.0	D-5	73.0	True	92.0	2.0	162.0	I	False	('D', 'F#', 'A')	D	D	0.0	major triad	(2, 6, 9)	D	D	1	None
456.0	1.0	92.0	E-5	75.0	True	92.0	2.0	163.0	viio	True	('C#', 'E', 'G')	C#	C#	0.0	diminished triad	(1, 4, 7)	D	D	7	None
456.0	1.0	92.0	G-4	66.0	True	92.0	2.0	163.0	viio	True	('C#', 'E', 'G')	C#	C#	0.0	diminished triad	(1, 4, 7)	D	D	7	None
456.0	1.0	92.0	C4	60.0	True	92.0	2.0	163.0	viio	True	('C#', 'E', 'G')	C#	C#	0.0	diminished triad	(1, 4, 7)	D	D	7	None
457.0	1.0	92.0	E-6	87.0	True	92.0	2.0	163.0	viio	False	('C#', 'E', 'G')	C#	C#	0.0	diminished triad	(1, 4, 7)	D	D	7	None
457.0	1.0	92.0	E-5	75.0	True	92.0	2.0	163.0	viio	False	('C#', 'E', 'G')	C#	C#	0.0	diminished triad	(1, 4, 7)	D	D	7	None
457.0	1.0	92.0	G-4	66.0	True	92.0	2.0	163.0	viio	False	('C#', 'E', 'G')	C#	C#	0.0	diminished triad	(1, 4, 7)	D	D	7	None
457.0	1.0	92.0	A-3	56.0	True	92.0	2.0	163.0	viio	False	('C#', 'E', 'G')	C#	C#	0.0	diminished triad	(1, 4, 7)	D	D	7	None
458.0	1.0	93.0	A-2	44.0	True	93.0	2.0	164.0	I	True	('D', 'F#', 'A')	D	D	0.0	major triad	(2, 6, 9)	D	D	1	None
458.0	2.0	93.0	D-4	61.0	True	93.0	2.0	164.0	I	True	('D', 'F#', 'A')	D	D	0.0	major triad	(2, 6, 9)	D	D	1	None
458.0	1.0	93.0	D-5	73.0	True	93.0	2.0	164.0	I	True	('D', 'F#', 'A')	D	D	0.0	major triad	(2, 6, 9)	D	D	1	None
458.0	0.125	93.0	D-5	73.0	True	93.0	2.0	164.0	I	True	('D', 'F#', 'A')	D	D	0.0	major triad	(2, 6, 9)	D	D	1	None
458.0	2.0	93.0	F4	65.0	True	93.0	2.0	164.0	I	True	('D', 'F#', 'A')	D	D	0.0	major triad	(2, 6, 9)	D	D	1	None
458.125	0.125	93.0	E-5	75.0	True	93.0	2.0	164.0	I	False	('D', 'F#', 'A')	D	D	0.0	major triad	(2, 6, 9)	D	D	1	None
458.25	0.125	93.0	D-5	73.0	True	93.0	2.0	164.0	I	False	('D', 'F#', 'A')	D	D	0.0	major triad	(2, 6, 9)	D	D	1	None
458.375	0.125	93.0	E-5	75.0	True	93.0	2.0	164.0	I	False	('D', 'F#', 'A')	D	D	0.0	major triad	(2, 6, 9)	D	D	1	None
458.5	0.125	93.0	D-5	73.0	True	93.0	2.0	164.0	I	False	('D', 'F#', 'A')	D	D	0.0	major triad	(2, 6, 9)	D	D	1	None
458.625	0.125	93.0	E-5	75.0	True	93.0	2.0	164.0	I	False	('D', 'F#', 'A')	D	D	0.0	major triad	(2, 6, 9)	D	D	1	None
458.75	0.125	93.0	C5	72.0	True	93.0	2.0	164.0	I	False	('D', 'F#', 'A')	D	D	0.0	major triad	(2, 6, 9)	D	D	1	None
458.875	0.125	93.0	D-5	73.0	True	93.0	2.0	164.0	I	False	('D', 'F#', 'A')	D	D	0.0	major triad	(2, 6, 9)	D	D	1	None
459.0	1.0	93.0	A-5	80.0	True	93.0	2.0	164.0	I	False	('D', 'F#', 'A')	D	D	0.0	major triad	(2, 6, 9)	D	D	1	None
459.0	1.0	93.0	A-3	56.0	True	93.0	2.0	164.0	I	False	('D', 'F#', 'A')	D	D	0.0	major triad	(2, 6, 9)	D	D	1	None
460.0	1.0	93.0	C5	72.0	True	93.0	2.0	165.0	viio	True	('C#', 'E', 'G')	C#	C#	0.0	diminished triad	(1, 4, 7)	D	D	7	None
460.0	1.0	93.0	G-5	78.0	True	93.0	2.0	165.0	viio	True	('C#', 'E', 'G')	C#	C#	0.0	diminished triad	(1, 4, 7)	D	D	7	None
460.0	1.0	93.0	E-4	63.0	True	93.0	2.0	165.0	viio	True	('C#', 'E', 'G')	C#	C#	0.0	diminished triad	(1, 4, 7)	D	D	7	None
461.0	1.0	93.0	A-2	44.0	True	93.0	2.0	165.0	viio	False	('C#', 'E', 'G')	C#	C#	0.0	diminished triad	(1, 4, 7)	D	D	7	None
461.0	1.0	93.0	G-6	90.0	True	93.0	2.0	165.0	viio	False	('C#', 'E', 'G')	C#	C#	0.0	diminished triad	(1, 4, 7)	D	D	7	None
461.0	1.0	93.0	E-5	75.0	True	93.0	2.0	165.0	viio	False	('C#', 'E', 'G')	C#	C#	0.0	diminished triad	(1, 4, 7)	D	D	7	None
461.0	1.0	93.0	C5	72.0	True	93.0	2.0	165.0	viio	False	('C#', 'E', 'G')	C#	C#	0.0	diminished triad	(1, 4, 7)	D	D	7	None
462.0	1.0	94.0	B-4	70.0	True	94.0	2.0	166.0	i	True	('D', 'F#', 'B')	D	B	1.0	minor triad	(2, 6, 11)	b	b	1	None
462.0	0.125	94.0	B-4	70.0	True	94.0	2.0	166.0	i	True	('D', 'F#', 'B')	D	B	1.0	minor triad	(2, 6, 11)	b	b	1	None
462.0	2.0	94.0	F4	65.0	True	94.0	2.0	166.0	i	True	('D', 'F#', 'B')	D	B	1.0	minor triad	(2, 6, 11)	b	b	1	None
462.0	2.0	94.0	D-4	61.0	True	94.0	2.0	166.0	i	True	('D', 'F#', 'B')	D	B	1.0	minor triad	(2, 6, 11)	b	b	1	None
462.0	1.0	94.0	B-2	46.0	True	94.0	2.0	166.0	i	True	('D', 'F#', 'B')	D	B	1.0	minor triad	(2, 6, 11)	b	b	1	None
462.125	0.125	94.0	B4	71.0	True	94.0	2.0	166.0	i	False	('D', 'F#', 'B')	D	B	1.0	minor triad	(2, 6, 11)	b	b	1	None
462.25	0.125	94.0	B-4	70.0	True	94.0	2.0	166.0	i	False	('D', 'F#', 'B')	D	B	1.0	minor triad	(2, 6, 11)	b	b	1	None
462.375	0.125	94.0	B4	71.0	True	94.0	2.0	166.0	i	False	('D', 'F#', 'B')	D	B	1.0	minor triad	(2, 6, 11)	b	b	1	None
462.5	0.125	94.0	B-4	70.0	True	94.0	2.0	166.0	i	False	('D', 'F#', 'B')	D	B	1.0	minor triad	(2, 6, 11)	b	b	1	None
462.625	0.125	94.0	B4	71.0	True	94.0	2.0	166.0	i	False	('D', 'F#', 'B')	D	B	1.0	minor triad	(2, 6, 11)	b	b	1	None
462.75	0.125	94.0	A4	69.0	True	94.0	2.0	166.0	i	False	('D', 'F#', 'B')	D	B	1.0	minor triad	(2, 6, 11)	b	b	1	None
462.875	0.125	94.0	B-4	70.0	True	94.0	2.0	166.0	i	False	('D', 'F#', 'B')	D	B	1.0	minor triad	(2, 6, 11)	b	b	1	None
463.0	0.5	94.0	A4	69.0	True	94.0	2.0	166.0	i	False	('D', 'F#', 'B')	D	B	1.0	minor triad	(2, 6, 11)	b	b	1	None
463.0	1.0	94.0	B-3	58.0	True	94.0	2.0	166.0	i	False	('D', 'F#', 'B')	D	B	1.0	minor triad	(2, 6, 11)	b	b	1	None
463.5	0.5	94.0	B-4	70.0	True	94.0	2.0	166.0	i	False	('D', 'F#', 'B')	D	B	1.0	minor triad	(2, 6, 11)	b	b	1	None
464.0	1.0	94.0	C-5	71.0	True	94.0	2.0	167.0	N	True	('E', 'G', 'C')	E	C	1.0	major triad	(0, 4, 7)	b	b	-2	None
464.0	1.0	94.0	G-4	66.0	True	94.0	2.0	167.0	N	True	('E', 'G', 'C')	E	C	1.0	major triad	(0, 4, 7)	b	b	-2	None
464.0	1.0	94.0	E-4	63.0	True	94.0	2.0	167.0	N	True	('E', 'G', 'C')	E	C	1.0	major triad	(0, 4, 7)	b	b	-2	None
465.0	1.0	94.0	B-3	58.0	True	94.0	2.0	167.0	N	False	('E', 'G', 'C')	E	C	1.0	major triad	(0, 4, 7)	b	b	-2	None
466.0	1.0	95.0	B-2	46.0	True	95.0	2.0	168.0	i	True	('D', 'F#', 'B')	D	B	1.0	minor triad	(2, 6, 11)	b	b	1	None
466.0	2.0	95.0	F4	65.0	True	95.0	2.0	168.0	i	True	('D', 'F#', 'B')	D	B	1.0	minor triad	(2, 6, 11)	b	b	1	None
466.0	0.125	95.0	B-4	70.0	True	95.0	2.0	168.0	i	True	('D', 'F#', 'B')	D	B	1.0	minor triad	(2, 6, 11)	b	b	1	None
466.0	2.0	95.0	D-4	61.0	True	95.0	2.0	168.0	i	True	('D', 'F#', 'B')	D	B	1.0	minor triad	(2, 6, 11)	b	b	1	None
466.0	1.0	95.0	B-4	70.0	True	95.0	2.0	168.0	i	True	('D', 'F#', 'B')	D	B	1.0	minor triad	(2, 6, 11)	b	b	1	None
466.125	0.125	95.0	C5	72.0	True	95.0	2.0	168.0	i	False	('D', 'F#', 'B')	D	B	1.0	minor triad	(2, 6, 11)	b	b	1	None
466.25	0.125	95.0	B-4	70.0	True	95.0	2.0	168.0	i	False	('D', 'F#', 'B')	D	B	1.0	minor triad	(2, 6, 11)	b	b	1	None
466.375	0.125	95.0	C5	72.0	True	95.0	2.0	168.0	i	False	('D', 'F#', 'B')	D	B	1.0	minor triad	(2, 6, 11)	b	b	1	None
466.5	0.125	95.0	B-4	70.0	True	95.0	2.0	168.0	i	False	('D', 'F#', 'B')	D	B	1.0	minor triad	(2, 6, 11)	b	b	1	None
466.625	0.125	95.0	C5	72.0	True	95.0	2.0	168.0	i	False	('D', 'F#', 'B')	D	B	1.0	minor triad	(2, 6, 11)	b	b	1	None
466.75	0.125	95.0	A4	69.0	True	95.0	2.0	168.0	i	False	('D', 'F#', 'B')	D	B	1.0	minor triad	(2, 6, 11)	b	b	1	None
466.875	0.125	95.0	B-4	70.0	True	95.0	2.0	168.0	i	False	('D', 'F#', 'B')	D	B	1.0	minor triad	(2, 6, 11)	b	b	1	None
467.0	0.5	95.0	A4	69.0	True	95.0	2.0	168.0	i	False	('D', 'F#', 'B')	D	B	1.0	minor triad	(2, 6, 11)	b	b	1	None
467.0	1.0	95.0	B-3	58.0	True	95.0	2.0	168.0	i	False	('D', 'F#', 'B')	D	B	1.0	minor triad	(2, 6, 11)	b	b	1	None
467.5	0.5	95.0	B-4	70.0	True	95.0	2.0	168.0	i	False	('D', 'F#', 'B')	D	B	1.0	minor triad	(2, 6, 11)	b	b	1	None
468.0	1.0	95.0	C5	72.0	True	95.0	2.0	169.0	iio	True	('E', 'G', 'C#')	E	C#	1.0	diminished triad	(1, 4, 7)	b	b	2	None
468.0	1.0	95.0	G-4	66.0	True	95.0	2.0	169.0	iio	True	('E', 'G', 'C#')	E	C#	1.0	diminished triad	(1, 4, 7)	b	b	2	None
468.0	1.0	95.0	E-4	63.0	True	95.0	2.0	169.0	iio	True	('E', 'G', 'C#')	E	C#	1.0	diminished triad	(1, 4, 7)	b	b	2	None
469.0	1.0	95.0	B-3	58.0	True	95.0	2.0	169.0	iio	False	('E', 'G', 'C#')	E	C#	1.0	diminished triad	(1, 4, 7)	b	b	2	None
470.0	1.0	96.0	B-2	46.0	True	96.0	2.0	170.0	i	True	('D', 'F#', 'B')	D	B	1.0	minor triad	(2, 6, 11)	b	b	1	None
470.0	2.0	96.0	F4	65.0	True	96.0	2.0	170.0	i	True	('D', 'F#', 'B')	D	B	1.0	minor triad	(2, 6, 11)	b	b	1	None
470.0	0.125	96.0	B-4	70.0	True	96.0	2.0	170.0	i	True	('D', 'F#', 'B')	D	B	1.0	minor triad	(2, 6, 11)	b	b	1	None
470.0	1.0	96.0	B-4	70.0	True	96.0	2.0	170.0	i	True	('D', 'F#', 'B')	D	B	1.0	minor triad	(2, 6, 11)	b	b	1	None
470.0	2.0	96.0	D-4	61.0	True	96.0	2.0	170.0	i	True	('D', 'F#', 'B')	D	B	1.0	minor triad	(2, 6, 11)	b	b	1	None
470.125	0.125	96.0	B4	71.0	True	96.0	2.0	170.0	i	False	('D', 'F#', 'B')	D	B	1.0	minor triad	(2, 6, 11)	b	b	1	None
470.25	0.125	96.0	B-4	70.0	True	96.0	2.0	170.0	i	False	('D', 'F#', 'B')	D	B	1.0	minor triad	(2, 6, 11)	b	b	1	None
470.375	0.125	96.0	B4	71.0	True	96.0	2.0	170.0	i	False	('D', 'F#', 'B')	D	B	1.0	minor triad	(2, 6, 11)	b	b	1	None
470.5	0.125	96.0	B-4	70.0	True	96.0	2.0	170.0	i	False	('D', 'F#', 'B')	D	B	1.0	minor triad	(2, 6, 11)	b	b	1	None
470.625	0.125	96.0	B4	71.0	True	96.0	2.0	170.0	i	False	('D', 'F#', 'B')	D	B	1.0	minor triad	(2, 6, 11)	b	b	1	None
470.75	0.125	96.0	A4	69.0	True	96.0	2.0	170.0	i	False	('D', 'F#', 'B')	D	B	1.0	minor triad	(2, 6, 11)	b	b	1	None
470.875	0.125	96.0	B-4	70.0	True	96.0	2.0	170.0	i	False	('D', 'F#', 'B')	D	B	1.0	minor triad	(2, 6, 11)	b	b	1	None
471.0	0.5	96.0	A4	69.0	True	96.0	2.0	170.0	i	False	('D', 'F#', 'B')	D	B	1.0	minor triad	(2, 6, 11)	b	b	1	None
471.0	1.0	96.0	B-3	58.0	True	96.0	2.0	170.0	i	False	('D', 'F#', 'B')	D	B	1.0	minor triad	(2, 6, 11)	b	b	1	None
471.5	0.5	96.0	B-4	70.0	True	96.0	2.0	170.0	i	False	('D', 'F#', 'B')	D	B	1.0	minor triad	(2, 6, 11)	b	b	1	None
472.0	1.0	96.0	E-3	51.0	True	96.0	2.0	171.0	N	True	('E', 'G', 'C')	E	C	1.0	major triad	(0, 4, 7)	b	b	-2	None
472.0	1.0	96.0	G-4	66.0	True	96.0	2.0	171.0	N	True	('E', 'G', 'C')	E	C	1.0	major triad	(0, 4, 7)	b	b	-2	None
472.0	1.0	96.0	C-5	71.0	True	96.0	2.0	171.0	N	True	('E', 'G', 'C')	E	C	1.0	major triad	(0, 4, 7)	b	b	-2	None
472.0	1.0	96.0	G-3	54.0	True	96.0	2.0	171.0	N	True	('E', 'G', 'C')	E	C	1.0	major triad	(0, 4, 7)	b	b	-2	None
473.0	1.0	96.0	E-3	51.0	True	96.0	2.0	171.0	N	False	('E', 'G', 'C')	E	C	1.0	major triad	(0, 4, 7)	b	b	-2	None
473.0	1.0	96.0	C-5	71.0	True	96.0	2.0	171.0	N	False	('E', 'G', 'C')	E	C	1.0	major triad	(0, 4, 7)	b	b	-2	None
473.0	1.0	96.0	G-3	54.0	True	96.0	2.0	171.0	N	False	('E', 'G', 'C')	E	C	1.0	major triad	(0, 4, 7)	b	b	-2	None
473.0	1.0	96.0	E-4	63.0	True	96.0	2.0	171.0	N	False	('E', 'G', 'C')	E	C	1.0	major triad	(0, 4, 7)	b	b	-2	None
474.0	1.0	97.0	B-4	70.0	True	97.0	1.0	172.0	i	True	('F#', 'B', 'D')	F#	B	2.0	minor triad	(2, 6, 11)	b	b	1	None
474.0	1.0	97.0	D-4	61.0	True	97.0	1.0	172.0	i	True	('F#', 'B', 'D')	F#	B	2.0	minor triad	(2, 6, 11)	b	b	1	None
474.0	1.0	97.0	F3	53.0	True	97.0	1.0	172.0	i	True	('F#', 'B', 'D')	F#	B	2.0	minor triad	(2, 6, 11)	b	b	1	None
474.0	1.0	97.0	F3	53.0	True	97.0	1.0	172.0	i	True	('F#', 'B', 'D')	F#	B	2.0	minor triad	(2, 6, 11)	b	b	1	None
475.0	1.0	97.0	A4	69.0	True	97.0	1.0	173.0	V	True	('F#', 'A#', 'C#')	F#	F#	0.0	major triad	(1, 6, 10)	b	b	5	None
475.0	1.0	97.0	C4	60.0	True	97.0	1.0	173.0	V	True	('F#', 'A#', 'C#')	F#	F#	0.0	major triad	(1, 6, 10)	b	b	5	None
475.0	1.0	97.0	F4	65.0	True	97.0	1.0	173.0	V	True	('F#', 'A#', 'C#')	F#	F#	0.0	major triad	(1, 6, 10)	b	b	5	None
475.0	1.0	97.0	F3	53.0	True	97.0	1.0	173.0	V	True	('F#', 'A#', 'C#')	F#	F#	0.0	major triad	(1, 6, 10)	b	b	5	None
476.0	1.0	97.0	B-2	46.0	True	97.0	2.0	174.0	i	True	('B', 'D', 'F#')	B	B	0.0	minor triad	(2, 6, 11)	b	b	1	None
476.0	1.0	97.0	B-4	70.0	True	97.0	2.0	174.0	i	True	('B', 'D', 'F#')	B	B	0.0	minor triad	(2, 6, 11)	b	b	1	None
476.0	1.0	97.0	F4	65.0	True	97.0	2.0	174.0	i	True	('B', 'D', 'F#')	B	B	0.0	minor triad	(2, 6, 11)	b	b	1	None
476.0	1.0	97.0	D-4	61.0	True	97.0	2.0	174.0	i	True	('B', 'D', 'F#')	B	B	0.0	minor triad	(2, 6, 11)	b	b	1	None
478.0	3.0	98.0	D-4	61.0	True	98.0	3.0	175.0	i	True	('B', 'D', 'F#')	B	B	0.0	minor triad	(2, 6, 11)	b	b	1	None
478.0	1.0	98.0	F3	53.0	True	98.0	3.0	175.0	i	True	('B', 'D', 'F#')	B	B	0.0	minor triad	(2, 6, 11)	b	b	1	None
478.0	1.0	98.0	B-3	58.0	True	98.0	3.0	175.0	i	True	('B', 'D', 'F#')	B	B	0.0	minor triad	(2, 6, 11)	b	b	1	None
479.0	0.5	98.0	E-3	51.0	True	98.0	3.0	175.0	i	False	('B', 'D', 'F#')	B	B	0.0	minor triad	(2, 6, 11)	b	b	1	None
479.0	1.0	98.0	B-2	46.0	True	98.0	3.0	175.0	i	False	('B', 'D', 'F#')	B	B	0.0	minor triad	(2, 6, 11)	b	b	1	None
479.5	0.5	98.0	F3	53.0	True	98.0	3.0	175.0	i	False	('B', 'D', 'F#')	B	B	0.0	minor triad	(2, 6, 11)	b	b	1	None
480.0	1.0	98.0	G-4	66.0	True	98.0	3.0	175.0	i	False	('B', 'D', 'F#')	B	B	0.0	minor triad	(2, 6, 11)	b	b	1	None
480.0	1.0	98.0	G-3	54.0	True	98.0	3.0	175.0	i	False	('B', 'D', 'F#')	B	B	0.0	minor triad	(2, 6, 11)	b	b	1	None
481.0	1.0	98.0	E-2	39.0	True	98.0	1.0	176.0	iv	True	('E', 'G', 'B')	E	E	0.0	minor triad	(4, 7, 11)	b	b	4	None
481.0	1.0	98.0	E-5	75.0	True	98.0	1.0	176.0	iv	True	('E', 'G', 'B')	E	E	0.0	minor triad	(4, 7, 11)	b	b	4	None
481.0	1.0	98.0	G-4	66.0	True	98.0	1.0	176.0	iv	True	('E', 'G', 'B')	E	E	0.0	minor triad	(4, 7, 11)	b	b	4	None
481.0	0.5	98.0	E-4	63.0	True	98.0	1.0	176.0	iv	True	('E', 'G', 'B')	E	E	0.0	minor triad	(4, 7, 11)	b	b	4	None
481.5	0.5	98.0	D-4	61.0	True	98.0	1.0	176.0	iv	False	('E', 'G', 'B')	E	E	0.0	minor triad	(4, 7, 11)	b	b	4	None
482.0	3.0	99.0	C4	60.0	True	99.0	3.0	177.0	V/III	True	('A', 'C#', 'E')	A	A	0.0	major triad	(1, 4, 9)	b	D	5	3
482.0	1.0	99.0	E-3	51.0	True	99.0	3.0	177.0	V/III	True	('A', 'C#', 'E')	A	A	0.0	major triad	(1, 4, 9)	b	D	5	3
482.0	1.0	99.0	A-2	44.0	True	99.0	3.0	177.0	V/III	True	('A', 'C#', 'E')	A	A	0.0	major triad	(1, 4, 9)	b	D	5	3
483.0	0.5	99.0	D-3	49.0	True	99.0	3.0	177.0	V/III	False	('A', 'C#', 'E')	A	A	0.0	major triad	(1, 4, 9)	b	D	5	3
483.0	1.0	99.0	A-3	56.0	True	99.0	3.0	177.0	V/III	False	('A', 'C#', 'E')	A	A	0.0	major triad	(1, 4, 9)	b	D	5	3
483.5	0.5	99.0	E-3	51.0	True	99.0	3.0	177.0	V/III	False	('A', 'C#', 'E')	A	A	0.0	major triad	(1, 4, 9)	b	D	5	3
484.0	1.0	99.0	F4	65.0	True	99.0	3.0	177.0	V/III	False	('A', 'C#', 'E')	A	A	0.0	major triad	(1, 4, 9)	b	D	5	3
484.0	1.0	99.0	F3	53.0	True	99.0	3.0	177.0	V/III	False	('A', 'C#', 'E')	A	A	0.0	major triad	(1, 4, 9)	b	D	5	3
485.0	1.0	99.0	D-3	49.0	True	99.0	1.0	178.0	III	True	('D', 'F#', 'A')	D	D	0.0	major triad	(2, 6, 9)	b	b	3	None
485.0	1.0	99.0	F4	65.0	True	99.0	1.0	178.0	III	True	('D', 'F#', 'A')	D	D	0.0	major triad	(2, 6, 9)	b	b	3	None
485.0	1.0	99.0	D-5	73.0	True	99.0	1.0	178.0	III	True	('D', 'F#', 'A')	D	D	0.0	major triad	(2, 6, 9)	b	b	3	None
485.0	0.5	99.0	D-4	61.0	True	99.0	1.0	178.0	III	True	('D', 'F#', 'A')	D	D	0.0	major triad	(2, 6, 9)	b	b	3	None
485.5	0.5	99.0	C4	60.0	True	99.0	1.0	178.0	III	False	('D', 'F#', 'A')	D	D	0.0	major triad	(2, 6, 9)	b	b	3	None
486.0	1.0	100.0	D-3	49.0	True	100.0	2.0	179.0	VI	True	('G', 'B', 'D')	G	G	0.0	major triad	(2, 7, 11)	b	b	6	None
486.0	1.0	100.0	G-3	54.0	True	100.0	2.0	179.0	VI	True	('G', 'B', 'D')	G	G	0.0	major triad	(2, 7, 11)	b	b	6	None
486.0	3.0	100.0	B-3	58.0	True	100.0	2.0	179.0	VI	True	('G', 'B', 'D')	G	G	0.0	major triad	(2, 7, 11)	b	b	6	None
487.0	0.5	100.0	C3	48.0	True	100.0	2.0	179.0	VI	False	('G', 'B', 'D')	G	G	0.0	major triad	(2, 7, 11)	b	b	6	None
487.0	1.0	100.0	G-2	42.0	True	100.0	2.0	179.0	VI	False	('G', 'B', 'D')	G	G	0.0	major triad	(2, 7, 11)	b	b	6	None
487.5	0.5	100.0	D-3	49.0	True	100.0	2.0	179.0	VI	False	('G', 'B', 'D')	G	G	0.0	major triad	(2, 7, 11)	b	b	6	None
488.0	1.0	100.0	B-4	70.0	True	100.0	1.0	180.0	ii	True	('E', 'G#', 'C#')	E	C#	1.0	minor triad	(1, 4, 8)	b	b	2	None
488.0	1.0	100.0	E-3	51.0	True	100.0	1.0	180.0	ii	True	('E', 'G#', 'C#')	E	C#	1.0	minor triad	(1, 4, 8)	b	b	2	None
488.0	1.0	100.0	G-2	42.0	True	100.0	1.0	180.0	ii	True	('E', 'G#', 'C#')	E	C#	1.0	minor triad	(1, 4, 8)	b	b	2	None
489.0	1.0	100.0	C4	60.0	True	100.0	1.0	181.0	iio	True	('G', 'C#', 'E')	G	C#	2.0	diminished triad	(1, 4, 7)	b	b	2	None
489.0	1.0	100.0	E-5	75.0	True	100.0	1.0	181.0	iio	True	('G', 'C#', 'E')	G	C#	2.0	diminished triad	(1, 4, 7)	b	b	2	None
489.0	1.0	100.0	E-3	51.0	True	100.0	1.0	181.0	iio	True	('G', 'C#', 'E')	G	C#	2.0	diminished triad	(1, 4, 7)	b	b	2	None
489.0	1.0	100.0	G-2	42.0	True	100.0	1.0	181.0	iio	True	('G', 'C#', 'E')	G	C#	2.0	diminished triad	(1, 4, 7)	b	b	2	None
490.0	1.0	101.0	F2	41.0	True	101.0	4.0	182.0	V	True	('F#', 'A#', 'C#')	F#	F#	0.0	major triad	(1, 6, 10)	b	b	5	None
490.0	1.0	101.0	C5	72.0	True	101.0	4.0	182.0	V	True	('F#', 'A#', 'C#')	F#	F#	0.0	major triad	(1, 6, 10)	b	b	5	None
490.0	1.0	101.0	F4	65.0	True	101.0	4.0	182.0	V	True	('F#', 'A#', 'C#')	F#	F#	0.0	major triad	(1, 6, 10)	b	b	5	None
490.0	1.0	101.0	F3	53.0	True	101.0	4.0	182.0	V	True	('F#', 'A#', 'C#')	F#	F#	0.0	major triad	(1, 6, 10)	b	b	5	None
490.0	1.0	101.0	A3	57.0	True	101.0	4.0	182.0	V	True	('F#', 'A#', 'C#')	F#	F#	0.0	major triad	(1, 6, 10)	b	b	5	None
494.0	3.0	102.0	B-3	58.0	True	102.0	2.0	183.0	VI	True	('G', 'B', 'D')	G	G	0.0	major triad	(2, 7, 11)	b	b	6	None
494.0	1.0	102.0	D-3	49.0	True	102.0	2.0	183.0	VI	True	('G', 'B', 'D')	G	G	0.0	major triad	(2, 7, 11)	b	b	6	None
494.0	1.0	102.0	G-2	42.0	True	102.0	2.0	183.0	VI	True	('G', 'B', 'D')	G	G	0.0	major triad	(2, 7, 11)	b	b	6	None
495.0	0.5	102.0	C3	48.0	True	102.0	2.0	183.0	VI	False	('G', 'B', 'D')	G	G	0.0	major triad	(2, 7, 11)	b	b	6	None
495.0	1.0	102.0	G-2	42.0	True	102.0	2.0	183.0	VI	False	('G', 'B', 'D')	G	G	0.0	major triad	(2, 7, 11)	b	b	6	None
495.5	0.5	102.0	D-3	49.0	True	102.0	2.0	183.0	VI	False	('G', 'B', 'D')	G	G	0.0	major triad	(2, 7, 11)	b	b	6	None
496.0	1.0	102.0	B-5	82.0	True	102.0	2.0	184.0	ii	True	('E', 'G#', 'C#')	E	C#	1.0	minor triad	(1, 4, 8)	b	b	2	None
496.0	1.0	102.0	E-3	51.0	True	102.0	2.0	184.0	ii	True	('E', 'G#', 'C#')	E	C#	1.0	minor triad	(1, 4, 8)	b	b	2	None
496.0	1.0	102.0	G-2	42.0	True	102.0	2.0	184.0	ii	True	('E', 'G#', 'C#')	E	C#	1.0	minor triad	(1, 4, 8)	b	b	2	None
497.0	1.0	102.0	G-2	42.0	True	102.0	2.0	184.0	ii	False	('E', 'G#', 'C#')	E	C#	1.0	minor triad	(1, 4, 8)	b	b	2	None
497.0	1.0	102.0	E-3	51.0	True	102.0	2.0	184.0	ii	False	('E', 'G#', 'C#')	E	C#	1.0	minor triad	(1, 4, 8)	b	b	2	None
497.0	1.0	102.0	C4	60.0	True	102.0	2.0	184.0	ii	False	('E', 'G#', 'C#')	E	C#	1.0	minor triad	(1, 4, 8)	b	b	2	None
497.0	1.0	102.0	E-6	87.0	True	102.0	2.0	184.0	ii	False	('E', 'G#', 'C#')	E	C#	1.0	minor triad	(1, 4, 8)	b	b	2	None
498.0	1.0	103.0	A3	57.0	True	103.0	4.0	185.0	V	True	('F#', 'A#', 'C#')	F#	F#	0.0	major triad	(1, 6, 10)	b	b	5	None
498.0	1.0	103.0	C6	84.0	True	103.0	4.0	185.0	V	True	('F#', 'A#', 'C#')	F#	F#	0.0	major triad	(1, 6, 10)	b	b	5	None
498.0	1.0	103.0	F3	53.0	True	103.0	4.0	185.0	V	True	('F#', 'A#', 'C#')	F#	F#	0.0	major triad	(1, 6, 10)	b	b	5	None
498.0	1.0	103.0	F2	41.0	True	103.0	4.0	185.0	V	True	('F#', 'A#', 'C#')	F#	F#	0.0	major triad	(1, 6, 10)	b	b	5	None
502.0	1.0	104.0	D-5	73.0	True	104.0	2.0	186.0	VI	True	('G', 'B', 'D')	G	G	0.0	major triad	(2, 7, 11)	b	b	6	None
502.0	1.0	104.0	G-3	54.0	True	104.0	2.0	186.0	VI	True	('G', 'B', 'D')	G	G	0.0	major triad	(2, 7, 11)	b	b	6	None
502.0	3.0	104.0	B-5	82.0	True	104.0	2.0	186.0	VI	True	('G', 'B', 'D')	G	G	0.0	major triad	(2, 7, 11)	b	b	6	None
503.0	0.5	104.0	C5	72.0	True	104.0	2.0	186.0	VI	False	('G', 'B', 'D')	G	G	0.0	major triad	(2, 7, 11)	b	b	6	None
503.0	1.0	104.0	G-4	66.0	True	104.0	2.0	186.0	VI	False	('G', 'B', 'D')	G	G	0.0	major triad	(2, 7, 11)	b	b	6	None
503.5	0.5	104.0	D-5	73.0	True	104.0	2.0	186.0	VI	False	('G', 'B', 'D')	G	G	0.0	major triad	(2, 7, 11)	b	b	6	None
504.0	1.0	104.0	E-5	75.0	True	104.0	2.0	187.0	ii	True	('E', 'G#', 'C#')	E	C#	1.0	minor triad	(1, 4, 8)	b	b	2	None
504.0	1.0	104.0	G-4	66.0	True	104.0	2.0	187.0	ii	True	('E', 'G#', 'C#')	E	C#	1.0	minor triad	(1, 4, 8)	b	b	2	None
505.0	1.0	104.0	E-5	75.0	True	104.0	2.0	187.0	ii	False	('E', 'G#', 'C#')	E	C#	1.0	minor triad	(1, 4, 8)	b	b	2	None
505.0	1.0	104.0	C6	84.0	True	104.0	2.0	187.0	ii	False	('E', 'G#', 'C#')	E	C#	1.0	minor triad	(1, 4, 8)	b	b	2	None
505.0	1.0	104.0	G-4	66.0	True	104.0	2.0	187.0	ii	False	('E', 'G#', 'C#')	E	C#	1.0	minor triad	(1, 4, 8)	b	b	2	None
506.0	1.0	105.0	F5	77.0	True	105.0	4.0	188.0	V	True	('F#', 'A#', 'C#')	F#	F#	0.0	major triad	(1, 6, 10)	b	b	5	None
506.0	1.0	105.0	A4	69.0	True	105.0	4.0	188.0	V	True	('F#', 'A#', 'C#')	F#	F#	0.0	major triad	(1, 6, 10)	b	b	5	None
506.0	1.0	105.0	A5	81.0	True	105.0	4.0	188.0	V	True	('F#', 'A#', 'C#')	F#	F#	0.0	major triad	(1, 6, 10)	b	b	5	None
506.0	1.0	105.0	F4	65.0	True	105.0	4.0	188.0	V	True	('F#', 'A#', 'C#')	F#	F#	0.0	major triad	(1, 6, 10)	b	b	5	None
510.0	1.0	106.0	G-2	42.0	True	106.0	2.0	189.0	VI	True	('G', 'B', 'D')	G	G	0.0	major triad	(2, 7, 11)	b	b	6	None
510.0	2.0	106.0	B-4	70.0	True	106.0	2.0	189.0	VI	True	('G', 'B', 'D')	G	G	0.0	major triad	(2, 7, 11)	b	b	6	None
510.0	1.0	106.0	D-5	73.0	True	106.0	2.0	189.0	VI	True	('G', 'B', 'D')	G	G	0.0	major triad	(2, 7, 11)	b	b	6	None
510.0	2.0	106.0	B-3	58.0	True	106.0	2.0	189.0	VI	True	('G', 'B', 'D')	G	G	0.0	major triad	(2, 7, 11)	b	b	6	None
511.0	0.5	106.0	C5	72.0	True	106.0	2.0	189.0	VI	False	('G', 'B', 'D')	G	G	0.0	major triad	(2, 7, 11)	b	b	6	None
511.0	1.0	106.0	G-3	54.0	True	106.0	2.0	189.0	VI	False	('G', 'B', 'D')	G	G	0.0	major triad	(2, 7, 11)	b	b	6	None
511.5	0.5	106.0	D-5	73.0	True	106.0	2.0	189.0	VI	False	('G', 'B', 'D')	G	G	0.0	major triad	(2, 7, 11)	b	b	6	None
512.0	1.0	106.0	B-4	70.0	True	106.0	1.0	190.0	ii	True	('E', 'G#', 'C#')	E	C#	1.0	minor triad	(1, 4, 8)	b	b	2	None
512.0	1.0	106.0	B-3	58.0	True	106.0	1.0	190.0	ii	True	('E', 'G#', 'C#')	E	C#	1.0	minor triad	(1, 4, 8)	b	b	2	None
512.0	1.0	106.0	G-2	42.0	True	106.0	1.0	190.0	ii	True	('E', 'G#', 'C#')	E	C#	1.0	minor triad	(1, 4, 8)	b	b	2	None
512.0	1.0	106.0	E-5	75.0	True	106.0	1.0	190.0	ii	True	('E', 'G#', 'C#')	E	C#	1.0	minor triad	(1, 4, 8)	b	b	2	None
513.0	1.0	106.0	F5	77.0	True	106.0	1.0	191.0	V	True	('F#', 'A#', 'C#')	F#	F#	0.0	major triad	(1, 6, 10)	b	b	5	None
513.0	1.0	106.0	C4	60.0	True	106.0	1.0	191.0	V	True	('F#', 'A#', 'C#')	F#	F#	0.0	major triad	(1, 6, 10)	b	b	5	None
513.0	1.0	106.0	A3	57.0	True	106.0	1.0	191.0	V	True	('F#', 'A#', 'C#')	F#	F#	0.0	major triad	(1, 6, 10)	b	b	5	None
513.0	1.0	106.0	F2	41.0	True	106.0	1.0	191.0	V	True	('F#', 'A#', 'C#')	F#	F#	0.0	major triad	(1, 6, 10)	b	b	5	None
513.0	1.0	106.0	F4	65.0	True	106.0	1.0	191.0	V	True	('F#', 'A#', 'C#')	F#	F#	0.0	major triad	(1, 6, 10)	b	b	5	None
514.0	1.0	107.0	B-4	70.0	True	107.0	4.0	192.0	i	True	('B', 'D', 'F#')	B	B	0.0	minor triad	(2, 6, 11)	b	b	1	None
514.0	1.0	107.0	B-3	58.0	True	107.0	4.0	192.0	i	True	('B', 'D', 'F#')	B	B	0.0	minor triad	(2, 6, 11)	b	b	1	None
514.0	1.0	107.0	F4	65.0	True	107.0	4.0	192.0	i	True	('B', 'D', 'F#')	B	B	0.0	minor triad	(2, 6, 11)	b	b	1	None
514.0	1.0	107.0	B-3	58.0	True	107.0	4.0	192.0	i	True	('B', 'D', 'F#')	B	B	0.0	minor triad	(2, 6, 11)	b	b	1	None
514.0	4.0	107.0	B-2	46.0	True	107.0	4.0	192.0	i	True	('B', 'D', 'F#')	B	B	0.0	minor triad	(2, 6, 11)	b	b	1	None
