j_offset	s_duration	s_measure	s_note	s_midi	s_isOnset	a_measure	a_duration	a_annotationNumber	a_romanNumeral	a_isOnset	a_pitchNames	a_bass	a_root	a_inversion	a_quality	a_pcset	a_localKey	a_tonicizedKey	a_degree1	a_degree2
0.0	3.0	1	F3	53	True	1.0	3.0	0.0	I	True	('F', 'A-', 'D-')	F	D-	1.0	major triad	(1, 5, 8)	D-	D-	1	None
1.5	1.5	1	A-3	56	True	1.0	3.0	0.0	I	False	('F', 'A-', 'D-')	F	D-	1.0	major triad	(1, 5, 8)	D-	D-	1	None
3.0	1.5	2	D-4	61	True	2.0	1.5	1.0	I	True	('F', 'A-', 'D-')	F	D-	1.0	major triad	(1, 5, 8)	D-	D-	1	None
3.0	1.5	2	A-3	56	False	2.0	1.5	1.0	I	True	('F', 'A-', 'D-')	F	D-	1.0	major triad	(1, 5, 8)	D-	D-	1	None
3.0	1.5	2	F3	53	False	2.0	1.5	1.0	I	True	('F', 'A-', 'D-')	F	D-	1.0	major triad	(1, 5, 8)	D-	D-	1	None
4.5	1.5	2	D-4	61	False	2.0	1.5	2.0	I	True	('D-', 'F', 'A-')	D-	D-	0.0	major triad	(1, 5, 8)	D-	D-	1	None
4.5	1.5	2	F4	65	True	2.0	1.5	2.0	I	True	('D-', 'F', 'A-')	D-	D-	0.0	major triad	(1, 5, 8)	D-	D-	1	None
4.5	1.5	2	A-3	56	False	2.0	1.5	2.0	I	True	('D-', 'F', 'A-')	D-	D-	0.0	major triad	(1, 5, 8)	D-	D-	1	None
4.5	1.5	2	F3	53	False	2.0	1.5	2.0	I	True	('D-', 'F', 'A-')	D-	D-	0.0	major triad	(1, 5, 8)	D-	D-	1	None
4.5	1.5	2	D-2	37	True	2.0	1.5	2.0	I	True	('D-', 'F', 'A-')	D-	D-	0.0	major triad	(1, 5, 8)	D-	D-	1	None
4.5	1.5	2	D-3	49	True	2.0	1.5	2.0	I	True	('D-', 'F', 'A-')	D-	D-	0.0	major triad	(1, 5, 8)	D-	D-	1	None
6.0	0.5	3	D-4	61	True	3.0	1.5	3.0	I	True	('D-', 'F', 'A-')	D-	D-	0.0	major triad	(1, 5, 8)	D-	D-	1	None
6.0	3.0	3	A-3	56	True	3.0	1.5	3.0	I	True	('D-', 'F', 'A-')	D-	D-	0.0	major triad	(1, 5, 8)	D-	D-	1	None
6.0	1.5	3	F3	53	True	3.0	1.5	3.0	I	True	('D-', 'F', 'A-')	D-	D-	0.0	major triad	(1, 5, 8)	D-	D-	1	None
6.0	1.5	3	D-2	37	True	3.0	1.5	3.0	I	True	('D-', 'F', 'A-')	D-	D-	0.0	major triad	(1, 5, 8)	D-	D-	1	None
6.0	3.0	3	A-2	44	True	3.0	1.5	3.0	I	True	('D-', 'F', 'A-')	D-	D-	0.0	major triad	(1, 5, 8)	D-	D-	1	None
6.5	0.5	3	C4	60	True	3.0	1.5	3.0	I	False	('D-', 'F', 'A-')	D-	D-	0.0	major triad	(1, 5, 8)	D-	D-	1	None
7.0	0.5	3	B-3	58	True	3.0	1.5	3.0	I	False	('D-', 'F', 'A-')	D-	D-	0.0	major triad	(1, 5, 8)	D-	D-	1	None
7.5	0.5	3	A-3	56	True	3.0	1.5	4.0	V7	True	('E-', 'G-', 'A-', 'C')	E-	A-	2.0	dominant seventh chord	(0, 3, 6, 8)	D-	D-	5	None
7.5	1.5	3	G-3	54	True	3.0	1.5	4.0	V7	True	('E-', 'G-', 'A-', 'C')	E-	A-	2.0	dominant seventh chord	(0, 3, 6, 8)	D-	D-	5	None
7.5	1.5	3	E-2	39	True	3.0	1.5	4.0	V7	True	('E-', 'G-', 'A-', 'C')	E-	A-	2.0	dominant seventh chord	(0, 3, 6, 8)	D-	D-	5	None
8.0	0.5	3	B-3	58	True	3.0	1.5	4.0	V7	False	('E-', 'G-', 'A-', 'C')	E-	A-	2.0	dominant seventh chord	(0, 3, 6, 8)	D-	D-	5	None
8.5	0.5	3	C4	60	True	3.0	1.5	4.0	V7	False	('E-', 'G-', 'A-', 'C')	E-	A-	2.0	dominant seventh chord	(0, 3, 6, 8)	D-	D-	5	None
9.0	0.5	4	D-4	61	True	4.0	1.5	5.0	I	True	('D-', 'F', 'A-')	D-	D-	0.0	major triad	(1, 5, 8)	D-	D-	1	None
9.0	3.0	4	A-3	56	False	4.0	1.5	5.0	I	True	('D-', 'F', 'A-')	D-	D-	0.0	major triad	(1, 5, 8)	D-	D-	1	None
9.0	1.5	4	F3	53	True	4.0	1.5	5.0	I	True	('D-', 'F', 'A-')	D-	D-	0.0	major triad	(1, 5, 8)	D-	D-	1	None
9.0	1.5	4	D-2	37	True	4.0	1.5	5.0	I	True	('D-', 'F', 'A-')	D-	D-	0.0	major triad	(1, 5, 8)	D-	D-	1	None
9.0	3.0	4	A-2	44	True	4.0	1.5	5.0	I	True	('D-', 'F', 'A-')	D-	D-	0.0	major triad	(1, 5, 8)	D-	D-	1	None
9.5	0.5	4	E-4	63	True	4.0	1.5	5.0	I	False	('D-', 'F', 'A-')	D-	D-	0.0	major triad	(1, 5, 8)	D-	D-	1	None
10.0	0.5	4	F4	65	True	4.0	1.5	5.0	I	False	('D-', 'F', 'A-')	D-	D-	0.0	major triad	(1, 5, 8)	D-	D-	1	None
10.5	1.5	4	E-4	63	True	4.0	1.5	6.0	V7	True	('C', 'E-', 'G-', 'A-')	C	A-	1.0	dominant seventh chord	(0, 3, 6, 8)	D-	D-	5	None
10.5	1.5	4	G-3	54	True	4.0	1.5	6.0	V7	True	('C', 'E-', 'G-', 'A-')	C	A-	1.0	dominant seventh chord	(0, 3, 6, 8)	D-	D-	5	None
10.5	1.5	4	C2	36	True	4.0	1.5	6.0	V7	True	('C', 'E-', 'G-', 'A-')	C	A-	1.0	dominant seventh chord	(0, 3, 6, 8)	D-	D-	5	None
12.0	0.5	5	D-4	61	True	5.0	1.5	7.0	I	True	('D-', 'F', 'A-')	D-	D-	0.0	major triad	(1, 5, 8)	D-	D-	1	None
12.0	3.0	5	A-3	56	True	5.0	1.5	7.0	I	True	('D-', 'F', 'A-')	D-	D-	0.0	major triad	(1, 5, 8)	D-	D-	1	None
12.0	1.5	5	F3	53	True	5.0	1.5	7.0	I	True	('D-', 'F', 'A-')	D-	D-	0.0	major triad	(1, 5, 8)	D-	D-	1	None
12.0	1.5	5	D-2	37	True	5.0	1.5	7.0	I	True	('D-', 'F', 'A-')	D-	D-	0.0	major triad	(1, 5, 8)	D-	D-	1	None
12.0	3.0	5	A-2	44	True	5.0	1.5	7.0	I	True	('D-', 'F', 'A-')	D-	D-	0.0	major triad	(1, 5, 8)	D-	D-	1	None
12.5	0.5	5	C4	60	True	5.0	1.5	7.0	I	False	('D-', 'F', 'A-')	D-	D-	0.0	major triad	(1, 5, 8)	D-	D-	1	None
13.0	0.5	5	B-3	58	True	5.0	1.5	7.0	I	False	('D-', 'F', 'A-')	D-	D-	0.0	major triad	(1, 5, 8)	D-	D-	1	None
13.5	0.5	5	A-3	56	True	5.0	1.5	8.0	V7	True	('E-', 'G-', 'A-', 'C')	E-	A-	2.0	dominant seventh chord	(0, 3, 6, 8)	D-	D-	5	None
13.5	1.5	5	G-3	54	True	5.0	1.5	8.0	V7	True	('E-', 'G-', 'A-', 'C')	E-	A-	2.0	dominant seventh chord	(0, 3, 6, 8)	D-	D-	5	None
13.5	1.5	5	E-2	39	True	5.0	1.5	8.0	V7	True	('E-', 'G-', 'A-', 'C')	E-	A-	2.0	dominant seventh chord	(0, 3, 6, 8)	D-	D-	5	None
14.0	0.5	5	B-3	58	True	5.0	1.5	8.0	V7	False	('E-', 'G-', 'A-', 'C')	E-	A-	2.0	dominant seventh chord	(0, 3, 6, 8)	D-	D-	5	None
14.5	0.5	5	C4	60	True	5.0	1.5	8.0	V7	False	('E-', 'G-', 'A-', 'C')	E-	A-	2.0	dominant seventh chord	(0, 3, 6, 8)	D-	D-	5	None
15.0	0.5	6	D-4	61	True	6.0	1.5	9.0	I	True	('D-', 'F', 'A-')	D-	D-	0.0	major triad	(1, 5, 8)	D-	D-	1	None
15.0	1.5	6	A-3	56	False	6.0	1.5	9.0	I	True	('D-', 'F', 'A-')	D-	D-	0.0	major triad	(1, 5, 8)	D-	D-	1	None
15.0	1.0	6	F3	53	True	6.0	1.5	9.0	I	True	('D-', 'F', 'A-')	D-	D-	0.0	major triad	(1, 5, 8)	D-	D-	1	None
15.0	1.5	6	D-2	37	True	6.0	1.5	9.0	I	True	('D-', 'F', 'A-')	D-	D-	0.0	major triad	(1, 5, 8)	D-	D-	1	None
15.0	1.5	6	A-2	44	True	6.0	1.5	9.0	I	True	('D-', 'F', 'A-')	D-	D-	0.0	major triad	(1, 5, 8)	D-	D-	1	None
15.5	0.5	6	E-4	63	True	6.0	1.5	9.0	I	False	('D-', 'F', 'A-')	D-	D-	0.0	major triad	(1, 5, 8)	D-	D-	1	None
16.0	0.5	6	F4	65	True	6.0	1.5	9.0	I	False	('D-', 'F', 'A-')	D-	D-	0.0	major triad	(1, 5, 8)	D-	D-	1	None
16.0	0.5	6	D-3	49	True	6.0	1.5	9.0	I	False	('D-', 'F', 'A-')	D-	D-	0.0	major triad	(1, 5, 8)	D-	D-	1	None
16.5	0.5	6	F4	65	True	6.0	0.5	10.0	I	True	('A-', 'D-', 'F')	A-	D-	2.0	major triad	(1, 5, 8)	D-	D-	1	None
16.5	0.5	6	A-3	56	True	6.0	0.5	10.0	I	True	('A-', 'D-', 'F')	A-	D-	2.0	major triad	(1, 5, 8)	D-	D-	1	None
16.5	1.0	6	C3	48	True	6.0	0.5	10.0	I	True	('A-', 'D-', 'F')	A-	D-	2.0	major triad	(1, 5, 8)	D-	D-	1	None
16.5	1.0	6	A-2	44	True	6.0	0.5	10.0	I	True	('A-', 'D-', 'F')	A-	D-	2.0	major triad	(1, 5, 8)	D-	D-	1	None
17.0	0.5	6	E-4	63	True	6.0	0.5	11.0	V	True	('A-', 'C', 'E-')	A-	A-	0.0	major triad	(0, 3, 8)	D-	D-	5	None
17.0	0.5	6	C4	60	True	6.0	0.5	11.0	V	True	('A-', 'C', 'E-')	A-	A-	0.0	major triad	(0, 3, 8)	D-	D-	5	None
17.5	0.5	6	E-4	63	False	6.0	0.5	12.0	ii	True	('G-', 'B-', 'E-')	G-	E-	1.0	minor triad	(3, 6, 10)	D-	D-	2	None
17.5	0.5	6	B-3	58	True	6.0	0.5	12.0	ii	True	('G-', 'B-', 'E-')	G-	E-	1.0	minor triad	(3, 6, 10)	D-	D-	2	None
17.5	0.5	6	E-3	51	True	6.0	0.5	12.0	ii	True	('G-', 'B-', 'E-')	G-	E-	1.0	minor triad	(3, 6, 10)	D-	D-	2	None
17.5	0.5	6	G-2	42	True	6.0	0.5	12.0	ii	True	('G-', 'B-', 'E-')	G-	E-	1.0	minor triad	(3, 6, 10)	D-	D-	2	None
18.0	1.0	7	F4	65	True	7.0	1.5	13.0	V7/vi	True	('F', 'A', 'C', 'E-')	F	F	0.0	dominant seventh chord	(0, 3, 5, 9)	D-	b-	5	6
18.0	1.5	7	A3	57	True	7.0	1.5	13.0	V7/vi	True	('F', 'A', 'C', 'E-')	F	F	0.0	dominant seventh chord	(0, 3, 5, 9)	D-	b-	5	6
18.0	1.0	7	E-3	51	False	7.0	1.5	13.0	V7/vi	True	('F', 'A', 'C', 'E-')	F	F	0.0	dominant seventh chord	(0, 3, 5, 9)	D-	b-	5	6
18.0	1.5	7	F2	41	True	7.0	1.5	13.0	V7/vi	True	('F', 'A', 'C', 'E-')	F	F	0.0	dominant seventh chord	(0, 3, 5, 9)	D-	b-	5	6
19.0	0.5	7	F4	65	True	7.0	1.5	13.0	V7/vi	False	('F', 'A', 'C', 'E-')	F	F	0.0	dominant seventh chord	(0, 3, 5, 9)	D-	b-	5	6
19.0	0.5	7	C3	48	True	7.0	1.5	13.0	V7/vi	False	('F', 'A', 'C', 'E-')	F	F	0.0	dominant seventh chord	(0, 3, 5, 9)	D-	b-	5	6
19.5	0.5	7	F4	65	True	7.0	1.5	14.0	vi	True	('B-', 'D-', 'F')	B-	B-	0.0	minor triad	(1, 5, 10)	D-	D-	6	None
19.5	1.5	7	B-3	58	True	7.0	1.5	14.0	vi	True	('B-', 'D-', 'F')	B-	B-	0.0	minor triad	(1, 5, 10)	D-	D-	6	None
19.5	1.5	7	D-3	49	True	7.0	1.5	14.0	vi	True	('B-', 'D-', 'F')	B-	B-	0.0	minor triad	(1, 5, 10)	D-	D-	6	None
19.5	1.5	7	B-2	46	True	7.0	1.5	14.0	vi	True	('B-', 'D-', 'F')	B-	B-	0.0	minor triad	(1, 5, 10)	D-	D-	6	None
20.0	0.5	7	D-4	61	True	7.0	1.5	14.0	vi	False	('B-', 'D-', 'F')	B-	B-	0.0	minor triad	(1, 5, 10)	D-	D-	6	None
20.5	0.5	7	B-3	58	True	7.0	1.5	14.0	vi	False	('B-', 'D-', 'F')	B-	B-	0.0	minor triad	(1, 5, 10)	D-	D-	6	None
21.0	1.0	8	B-4	70	True	8.0	1.5	15.0	V/ii	True	('D', 'F', 'B-')	D	B-	1.0	major triad	(2, 5, 10)	D-	e-	5	2
21.0	1.0	8	F4	65	True	8.0	1.5	15.0	V/ii	True	('D', 'F', 'B-')	D	B-	1.0	major triad	(2, 5, 10)	D-	e-	5	2
21.0	1.0	8	D3	50	True	8.0	1.5	15.0	V/ii	True	('D', 'F', 'B-')	D	B-	1.0	major triad	(2, 5, 10)	D-	e-	5	2
21.0	1.5	8	D2	38	True	8.0	1.5	15.0	V/ii	True	('D', 'F', 'B-')	D	B-	1.0	major triad	(2, 5, 10)	D-	e-	5	2
22.0	0.5	8	B-4	70	True	8.0	1.5	15.0	V/ii	False	('D', 'F', 'B-')	D	B-	1.0	major triad	(2, 5, 10)	D-	e-	5	2
22.0	0.5	8	B-3	58	True	8.0	1.5	15.0	V/ii	False	('D', 'F', 'B-')	D	B-	1.0	major triad	(2, 5, 10)	D-	e-	5	2
22.0	0.5	8	F3	53	True	8.0	1.5	15.0	V/ii	False	('D', 'F', 'B-')	D	B-	1.0	major triad	(2, 5, 10)	D-	e-	5	2
22.5	0.5	8	B-4	70	True	8.0	1.5	16.0	ii	True	('E-', 'G-', 'B-')	E-	E-	0.0	minor triad	(3, 6, 10)	D-	D-	2	None
22.5	1.5	8	B-3	58	False	8.0	1.5	16.0	ii	True	('E-', 'G-', 'B-')	E-	E-	0.0	minor triad	(3, 6, 10)	D-	D-	2	None
22.5	1.5	8	G-3	54	True	8.0	1.5	16.0	ii	True	('E-', 'G-', 'B-')	E-	E-	0.0	minor triad	(3, 6, 10)	D-	D-	2	None
22.5	1.5	8	E-2	39	True	8.0	1.5	16.0	ii	True	('E-', 'G-', 'B-')	E-	E-	0.0	minor triad	(3, 6, 10)	D-	D-	2	None
23.0	0.5	8	G-4	66	True	8.0	1.5	16.0	ii	False	('E-', 'G-', 'B-')	E-	E-	0.0	minor triad	(3, 6, 10)	D-	D-	2	None
23.5	0.5	8	E-4	63	True	8.0	1.5	16.0	ii	False	('E-', 'G-', 'B-')	E-	E-	0.0	minor triad	(3, 6, 10)	D-	D-	2	None
24.0	1.0	9	A-4	68	True	9.0	1.5	17.0	V7	True	('C', 'E-', 'G-', 'A-')	C	A-	1.0	dominant seventh chord	(0, 3, 6, 8)	D-	D-	5	None
24.0	1.0	9	E-4	63	True	9.0	1.5	17.0	V7	True	('C', 'E-', 'G-', 'A-')	C	A-	1.0	dominant seventh chord	(0, 3, 6, 8)	D-	D-	5	None
24.0	1.0	9	G-3	54	True	9.0	1.5	17.0	V7	True	('C', 'E-', 'G-', 'A-')	C	A-	1.0	dominant seventh chord	(0, 3, 6, 8)	D-	D-	5	None
24.0	1.5	9	C2	36	True	9.0	1.5	17.0	V7	True	('C', 'E-', 'G-', 'A-')	C	A-	1.0	dominant seventh chord	(0, 3, 6, 8)	D-	D-	5	None
25.0	0.5	9	A-4	68	True	9.0	1.5	17.0	V7	False	('C', 'E-', 'G-', 'A-')	C	A-	1.0	dominant seventh chord	(0, 3, 6, 8)	D-	D-	5	None
25.0	0.5	9	A-3	56	True	9.0	1.5	17.0	V7	False	('C', 'E-', 'G-', 'A-')	C	A-	1.0	dominant seventh chord	(0, 3, 6, 8)	D-	D-	5	None
25.0	0.5	9	E-4	63	True	9.0	1.5	17.0	V7	False	('C', 'E-', 'G-', 'A-')	C	A-	1.0	dominant seventh chord	(0, 3, 6, 8)	D-	D-	5	None
25.0	0.5	9	E-3	51	True	9.0	1.5	17.0	V7	False	('C', 'E-', 'G-', 'A-')	C	A-	1.0	dominant seventh chord	(0, 3, 6, 8)	D-	D-	5	None
25.5	0.5	9	A-4	68	True	9.0	1.0	18.0	I	True	('D-', 'F', 'A-')	D-	D-	0.0	major triad	(1, 5, 8)	D-	D-	1	None
25.5	1.5	9	A-3	56	False	9.0	1.0	18.0	I	True	('D-', 'F', 'A-')	D-	D-	0.0	major triad	(1, 5, 8)	D-	D-	1	None
25.5	1.5	9	F3	53	True	9.0	1.0	18.0	I	True	('D-', 'F', 'A-')	D-	D-	0.0	major triad	(1, 5, 8)	D-	D-	1	None
25.5	1.0	9	D-2	37	True	9.0	1.0	18.0	I	True	('D-', 'F', 'A-')	D-	D-	0.0	major triad	(1, 5, 8)	D-	D-	1	None
26.0	0.5	9	F4	65	True	9.0	1.0	18.0	I	False	('D-', 'F', 'A-')	D-	D-	0.0	major triad	(1, 5, 8)	D-	D-	1	None
26.5	0.5	9	D-4	61	True	9.0	0.5	19.0	I	True	('F', 'A-', 'D-')	F	D-	1.0	major triad	(1, 5, 8)	D-	D-	1	None
26.5	0.5	9	F2	41	True	9.0	0.5	19.0	I	True	('F', 'A-', 'D-')	F	D-	1.0	major triad	(1, 5, 8)	D-	D-	1	None
27.0	0.5	10	A-3	56	True	10.0	1.0	20.0	I	True	('A-', 'D-', 'F')	A-	D-	2.0	major triad	(1, 5, 8)	D-	D-	1	None
27.0	1.0	10	D-4	61	True	10.0	1.0	20.0	I	True	('A-', 'D-', 'F')	A-	D-	2.0	major triad	(1, 5, 8)	D-	D-	1	None
27.0	1.0	10	F3	53	True	10.0	1.0	20.0	I	True	('A-', 'D-', 'F')	A-	D-	2.0	major triad	(1, 5, 8)	D-	D-	1	None
27.0	1.5	10	A-2	44	True	10.0	1.0	20.0	I	True	('A-', 'D-', 'F')	A-	D-	2.0	major triad	(1, 5, 8)	D-	D-	1	None
27.5	0.5	10	F4	65	True	10.0	1.0	20.0	I	False	('A-', 'D-', 'F')	A-	D-	2.0	major triad	(1, 5, 8)	D-	D-	1	None
28.0	0.5	10	E-4	63	True	10.0	0.5	21.0	V7	True	('A-', 'C', 'E-', 'G-')	A-	A-	0.0	dominant seventh chord	(0, 3, 6, 8)	D-	D-	5	None
28.0	0.5	10	C4	60	True	10.0	0.5	21.0	V7	True	('A-', 'C', 'E-', 'G-')	A-	A-	0.0	dominant seventh chord	(0, 3, 6, 8)	D-	D-	5	None
28.0	0.5	10	G-3	54	True	10.0	0.5	21.0	V7	True	('A-', 'C', 'E-', 'G-')	A-	A-	0.0	dominant seventh chord	(0, 3, 6, 8)	D-	D-	5	None
28.5	1.5	10	D-4	61	True	10.0	1.5	22.0	I	True	('D-', 'F', 'A-')	D-	D-	0.0	major triad	(1, 5, 8)	D-	D-	1	None
28.5	1.5	10	A-3	56	True	10.0	1.5	22.0	I	True	('D-', 'F', 'A-')	D-	D-	0.0	major triad	(1, 5, 8)	D-	D-	1	None
28.5	1.5	10	F3	53	True	10.0	1.5	22.0	I	True	('D-', 'F', 'A-')	D-	D-	0.0	major triad	(1, 5, 8)	D-	D-	1	None
28.5	0.5	10	D-3	49	True	10.0	1.5	22.0	I	True	('D-', 'F', 'A-')	D-	D-	0.0	major triad	(1, 5, 8)	D-	D-	1	None
29.0	0.5	10	F2	41	True	10.0	1.5	22.0	I	False	('D-', 'F', 'A-')	D-	D-	0.0	major triad	(1, 5, 8)	D-	D-	1	None
29.5	0.5	10	G-2	42	True	10.0	1.5	22.0	I	False	('D-', 'F', 'A-')	D-	D-	0.0	major triad	(1, 5, 8)	D-	D-	1	None
30.0	1.0	11	D-4	61	True	11.0	1.0	23.0	I	True	('A-', 'D-', 'F')	A-	D-	2.0	major triad	(1, 5, 8)	D-	D-	1	None
30.0	1.5	11	A-3	56	False	11.0	1.0	23.0	I	True	('A-', 'D-', 'F')	A-	D-	2.0	major triad	(1, 5, 8)	D-	D-	1	None
30.0	1.0	11	F3	53	True	11.0	1.0	23.0	I	True	('A-', 'D-', 'F')	A-	D-	2.0	major triad	(1, 5, 8)	D-	D-	1	None
30.0	0.5	11	A-2	44	True	11.0	1.0	23.0	I	True	('A-', 'D-', 'F')	A-	D-	2.0	major triad	(1, 5, 8)	D-	D-	1	None
30.5	0.5	11	F3	53	True	11.0	1.0	23.0	I	False	('A-', 'D-', 'F')	A-	D-	2.0	major triad	(1, 5, 8)	D-	D-	1	None
31.0	0.5	11	C4	60	True	11.0	0.5	24.0	V7	True	('A-', 'C', 'E-', 'G-')	A-	A-	0.0	dominant seventh chord	(0, 3, 6, 8)	D-	D-	5	None
31.0	0.5	11	G-3	54	True	11.0	0.5	24.0	V7	True	('A-', 'C', 'E-', 'G-')	A-	A-	0.0	dominant seventh chord	(0, 3, 6, 8)	D-	D-	5	None
31.0	0.5	11	E-3	51	True	11.0	0.5	24.0	V7	True	('A-', 'C', 'E-', 'G-')	A-	A-	0.0	dominant seventh chord	(0, 3, 6, 8)	D-	D-	5	None
31.5	0.5	11	D-4	61	True	11.0	1.0	25.0	I	True	('D-', 'F', 'A-')	D-	D-	0.0	major triad	(1, 5, 8)	D-	D-	1	None
31.5	0.5	11	A-3	56	True	11.0	1.0	25.0	I	True	('D-', 'F', 'A-')	D-	D-	0.0	major triad	(1, 5, 8)	D-	D-	1	None
31.5	1.0	11	F3	53	True	11.0	1.0	25.0	I	True	('D-', 'F', 'A-')	D-	D-	0.0	major triad	(1, 5, 8)	D-	D-	1	None
31.5	1.0	11	D-3	49	True	11.0	1.0	25.0	I	True	('D-', 'F', 'A-')	D-	D-	0.0	major triad	(1, 5, 8)	D-	D-	1	None
32.0	0.5	11	F4	65	True	11.0	1.0	25.0	I	False	('D-', 'F', 'A-')	D-	D-	0.0	major triad	(1, 5, 8)	D-	D-	1	None
32.0	1.0	11	D-4	61	True	11.0	1.0	25.0	I	False	('D-', 'F', 'A-')	D-	D-	0.0	major triad	(1, 5, 8)	D-	D-	1	None
32.5	0.5	11	G-4	66	True	11.0	0.5	26.0	IV	True	('B-', 'D-', 'G-')	B-	G-	1.0	major triad	(1, 6, 10)	D-	D-	4	None
32.5	0.5	11	D-3	49	True	11.0	0.5	26.0	IV	True	('B-', 'D-', 'G-')	B-	G-	1.0	major triad	(1, 6, 10)	D-	D-	4	None
32.5	0.5	11	B-2	46	True	11.0	0.5	26.0	IV	True	('B-', 'D-', 'G-')	B-	G-	1.0	major triad	(1, 6, 10)	D-	D-	4	None
33.0	0.5	12	A-4	68	True	12.0	1.0	27.0	I	True	('A-', 'D-', 'F')	A-	D-	2.0	major triad	(1, 5, 8)	D-	D-	1	None
33.0	0.5	12	F4	65	True	12.0	1.0	27.0	I	True	('A-', 'D-', 'F')	A-	D-	2.0	major triad	(1, 5, 8)	D-	D-	1	None
33.0	1.0	12	D-3	49	True	12.0	1.0	27.0	I	True	('A-', 'D-', 'F')	A-	D-	2.0	major triad	(1, 5, 8)	D-	D-	1	None
33.0	1.5	12	A-2	44	True	12.0	1.0	27.0	I	True	('A-', 'D-', 'F')	A-	D-	2.0	major triad	(1, 5, 8)	D-	D-	1	None
33.5	0.5	12	F5	77	True	12.0	1.0	27.0	I	False	('A-', 'D-', 'F')	A-	D-	2.0	major triad	(1, 5, 8)	D-	D-	1	None
33.5	0.5	12	A-4	68	True	12.0	1.0	27.0	I	False	('A-', 'D-', 'F')	A-	D-	2.0	major triad	(1, 5, 8)	D-	D-	1	None
34.0	0.5	12	E-5	75	True	12.0	0.5	28.0	V7	True	('A-', 'C', 'E-', 'G-')	A-	A-	0.0	dominant seventh chord	(0, 3, 6, 8)	D-	D-	5	None
34.0	0.5	12	G-4	66	True	12.0	0.5	28.0	V7	True	('A-', 'C', 'E-', 'G-')	A-	A-	0.0	dominant seventh chord	(0, 3, 6, 8)	D-	D-	5	None
34.0	0.5	12	C3	48	True	12.0	0.5	28.0	V7	True	('A-', 'C', 'E-', 'G-')	A-	A-	0.0	dominant seventh chord	(0, 3, 6, 8)	D-	D-	5	None
34.5	0.5	12	D-5	73	True	12.0	1.5	29.0	I	True	('D-', 'F', 'A-')	D-	D-	0.0	major triad	(1, 5, 8)	D-	D-	1	None
34.5	0.5	12	F4	65	True	12.0	1.5	29.0	I	True	('D-', 'F', 'A-')	D-	D-	0.0	major triad	(1, 5, 8)	D-	D-	1	None
34.5	0.5	12	F3	53	True	12.0	1.5	29.0	I	True	('D-', 'F', 'A-')	D-	D-	0.0	major triad	(1, 5, 8)	D-	D-	1	None
34.5	0.5	12	D-3	49	True	12.0	1.5	29.0	I	True	('D-', 'F', 'A-')	D-	D-	0.0	major triad	(1, 5, 8)	D-	D-	1	None
35.0	0.5	12	B-4	70	True	12.0	1.5	29.0	I	False	('D-', 'F', 'A-')	D-	D-	0.0	major triad	(1, 5, 8)	D-	D-	1	None
35.0	0.5	12	D-4	61	True	12.0	1.5	29.0	I	False	('D-', 'F', 'A-')	D-	D-	0.0	major triad	(1, 5, 8)	D-	D-	1	None
35.0	0.5	12	G-3	54	True	12.0	1.5	29.0	I	False	('D-', 'F', 'A-')	D-	D-	0.0	major triad	(1, 5, 8)	D-	D-	1	None
35.0	0.5	12	D-3	49	True	12.0	1.5	29.0	I	False	('D-', 'F', 'A-')	D-	D-	0.0	major triad	(1, 5, 8)	D-	D-	1	None
35.5	0.5	12	G-4	66	True	12.0	1.5	29.0	I	False	('D-', 'F', 'A-')	D-	D-	0.0	major triad	(1, 5, 8)	D-	D-	1	None
35.5	0.5	12	D-4	61	True	12.0	1.5	29.0	I	False	('D-', 'F', 'A-')	D-	D-	0.0	major triad	(1, 5, 8)	D-	D-	1	None
35.5	0.5	12	E-3	51	True	12.0	1.5	29.0	I	False	('D-', 'F', 'A-')	D-	D-	0.0	major triad	(1, 5, 8)	D-	D-	1	None
35.5	0.5	12	D-3	49	True	12.0	1.5	29.0	I	False	('D-', 'F', 'A-')	D-	D-	0.0	major triad	(1, 5, 8)	D-	D-	1	None
36.0	0.5	13	F4	65	True	13.0	1.5	30.0	I	True	('D-', 'F', 'A-')	D-	D-	0.0	major triad	(1, 5, 8)	D-	D-	1	None
36.0	1.0	13	D-4	61	True	13.0	1.5	30.0	I	True	('D-', 'F', 'A-')	D-	D-	0.0	major triad	(1, 5, 8)	D-	D-	1	None
36.0	0.5	13	D-3	49	True	13.0	1.5	30.0	I	True	('D-', 'F', 'A-')	D-	D-	0.0	major triad	(1, 5, 8)	D-	D-	1	None
36.0	0.5	13	D-3	49	True	13.0	1.5	30.0	I	True	('D-', 'F', 'A-')	D-	D-	0.0	major triad	(1, 5, 8)	D-	D-	1	None
36.5	0.5	13	A-4	68	True	13.0	1.5	30.0	I	False	('D-', 'F', 'A-')	D-	D-	0.0	major triad	(1, 5, 8)	D-	D-	1	None
36.5	1.0	13	F4	65	True	13.0	1.5	30.0	I	False	('D-', 'F', 'A-')	D-	D-	0.0	major triad	(1, 5, 8)	D-	D-	1	None
36.5	1.0	13	D-4	61	True	13.0	1.5	30.0	I	False	('D-', 'F', 'A-')	D-	D-	0.0	major triad	(1, 5, 8)	D-	D-	1	None
37.0	0.5	13	D-5	73	True	13.0	1.5	30.0	I	False	('D-', 'F', 'A-')	D-	D-	0.0	major triad	(1, 5, 8)	D-	D-	1	None
37.0	0.5	13	A-4	68	True	13.0	1.5	30.0	I	False	('D-', 'F', 'A-')	D-	D-	0.0	major triad	(1, 5, 8)	D-	D-	1	None
37.5	1.0	13	D-5	73	True	13.0	1.5	31.0	V7	True	('E-', 'G-', 'A-', 'C')	E-	A-	2.0	dominant seventh chord	(0, 3, 6, 8)	D-	D-	5	None
37.5	1.5	13	A-4	68	True	13.0	1.5	31.0	V7	True	('E-', 'G-', 'A-', 'C')	E-	A-	2.0	dominant seventh chord	(0, 3, 6, 8)	D-	D-	5	None
37.5	1.5	13	G-4	66	True	13.0	1.5	31.0	V7	True	('E-', 'G-', 'A-', 'C')	E-	A-	2.0	dominant seventh chord	(0, 3, 6, 8)	D-	D-	5	None
37.5	1.5	13	E-4	63	True	13.0	1.5	31.0	V7	True	('E-', 'G-', 'A-', 'C')	E-	A-	2.0	dominant seventh chord	(0, 3, 6, 8)	D-	D-	5	None
38.5	0.5	13	C5	72	True	13.0	1.5	31.0	V7	False	('E-', 'G-', 'A-', 'C')	E-	A-	2.0	dominant seventh chord	(0, 3, 6, 8)	D-	D-	5	None
39.0	0.5	14	D-5	73	True	14.0	1.5	32.0	I	True	('D-', 'F', 'A-')	D-	D-	0.0	major triad	(1, 5, 8)	D-	D-	1	None
39.0	1.5	14	A-4	68	True	14.0	1.5	32.0	I	True	('D-', 'F', 'A-')	D-	D-	0.0	major triad	(1, 5, 8)	D-	D-	1	None
39.0	1.5	14	F4	65	True	14.0	1.5	32.0	I	True	('D-', 'F', 'A-')	D-	D-	0.0	major triad	(1, 5, 8)	D-	D-	1	None
39.0	1.5	14	D-4	61	True	14.0	1.5	32.0	I	True	('D-', 'F', 'A-')	D-	D-	0.0	major triad	(1, 5, 8)	D-	D-	1	None
39.5	0.5	14	E-5	75	True	14.0	1.5	32.0	I	False	('D-', 'F', 'A-')	D-	D-	0.0	major triad	(1, 5, 8)	D-	D-	1	None
40.0	0.5	14	F5	77	True	14.0	1.5	32.0	I	False	('D-', 'F', 'A-')	D-	D-	0.0	major triad	(1, 5, 8)	D-	D-	1	None
40.5	1.0	14	F5	77	True	14.0	1.5	33.0	V7	True	('C', 'E-', 'G-', 'A-')	C	A-	1.0	dominant seventh chord	(0, 3, 6, 8)	D-	D-	5	None
40.5	1.5	14	A-4	68	True	14.0	1.5	33.0	V7	True	('C', 'E-', 'G-', 'A-')	C	A-	1.0	dominant seventh chord	(0, 3, 6, 8)	D-	D-	5	None
40.5	0.5	14	E-4	63	True	14.0	1.5	33.0	V7	True	('C', 'E-', 'G-', 'A-')	C	A-	1.0	dominant seventh chord	(0, 3, 6, 8)	D-	D-	5	None
40.5	1.5	14	C4	60	True	14.0	1.5	33.0	V7	True	('C', 'E-', 'G-', 'A-')	C	A-	1.0	dominant seventh chord	(0, 3, 6, 8)	D-	D-	5	None
41.0	0.5	14	F4	65	True	14.0	1.5	33.0	V7	False	('C', 'E-', 'G-', 'A-')	C	A-	1.0	dominant seventh chord	(0, 3, 6, 8)	D-	D-	5	None
41.5	0.5	14	E-5	75	True	14.0	1.5	33.0	V7	False	('C', 'E-', 'G-', 'A-')	C	A-	1.0	dominant seventh chord	(0, 3, 6, 8)	D-	D-	5	None
41.5	0.5	14	G-4	66	True	14.0	1.5	33.0	V7	False	('C', 'E-', 'G-', 'A-')	C	A-	1.0	dominant seventh chord	(0, 3, 6, 8)	D-	D-	5	None
42.0	1.0	15	E-5	75	True	15.0	1.0	34.0	viio7	True	('C', 'E-', 'G-', 'B--')	C	C	0.0	diminished seventh chord	(0, 3, 6, 9)	D-	D-	7	None
42.0	1.0	15	B--4	69	True	15.0	1.0	34.0	viio7	True	('C', 'E-', 'G-', 'B--')	C	C	0.0	diminished seventh chord	(0, 3, 6, 9)	D-	D-	7	None
42.0	1.0	15	G-4	66	True	15.0	1.0	34.0	viio7	True	('C', 'E-', 'G-', 'B--')	C	C	0.0	diminished seventh chord	(0, 3, 6, 9)	D-	D-	7	None
42.0	0.5	15	C4	60	False	15.0	1.0	34.0	viio7	True	('C', 'E-', 'G-', 'B--')	C	C	0.0	diminished seventh chord	(0, 3, 6, 9)	D-	D-	7	None
42.5	0.5	15	C4	60	True	15.0	1.0	34.0	viio7	False	('C', 'E-', 'G-', 'B--')	C	C	0.0	diminished seventh chord	(0, 3, 6, 9)	D-	D-	7	None
43.0	0.5	15	D-5	73	True	15.0	1.5	35.0	I	True	('D-', 'F', 'A-')	D-	D-	0.0	major triad	(1, 5, 8)	D-	D-	1	None
43.0	0.5	15	A-4	68	True	15.0	1.5	35.0	I	True	('D-', 'F', 'A-')	D-	D-	0.0	major triad	(1, 5, 8)	D-	D-	1	None
43.0	0.5	15	F4	65	True	15.0	1.5	35.0	I	True	('D-', 'F', 'A-')	D-	D-	0.0	major triad	(1, 5, 8)	D-	D-	1	None
43.0	0.5	15	D-4	61	True	15.0	1.5	35.0	I	True	('D-', 'F', 'A-')	D-	D-	0.0	major triad	(1, 5, 8)	D-	D-	1	None
43.5	1.0	15	D-5	73	True	15.0	1.5	35.0	I	False	('D-', 'F', 'A-')	D-	D-	0.0	major triad	(1, 5, 8)	D-	D-	1	None
43.5	1.5	15	A-4	68	True	15.0	1.5	35.0	I	False	('D-', 'F', 'A-')	D-	D-	0.0	major triad	(1, 5, 8)	D-	D-	1	None
43.5	1.0	15	F4	65	True	15.0	1.5	35.0	I	False	('D-', 'F', 'A-')	D-	D-	0.0	major triad	(1, 5, 8)	D-	D-	1	None
43.5	1.0	15	D-4	61	True	15.0	1.5	35.0	I	False	('D-', 'F', 'A-')	D-	D-	0.0	major triad	(1, 5, 8)	D-	D-	1	None
44.5	0.5	15	C5	72	True	15.0	0.5	36.0	V7	True	('E-', 'G-', 'A-', 'C')	E-	A-	2.0	dominant seventh chord	(0, 3, 6, 8)	D-	D-	5	None
44.5	0.5	15	G-4	66	True	15.0	0.5	36.0	V7	True	('E-', 'G-', 'A-', 'C')	E-	A-	2.0	dominant seventh chord	(0, 3, 6, 8)	D-	D-	5	None
44.5	0.5	15	E-4	63	True	15.0	0.5	36.0	V7	True	('E-', 'G-', 'A-', 'C')	E-	A-	2.0	dominant seventh chord	(0, 3, 6, 8)	D-	D-	5	None
45.0	1.0	16	C5	72	True	16.0	1.0	37.0	V7	True	('E-', 'G-', 'A-', 'C')	E-	A-	2.0	dominant seventh chord	(0, 3, 6, 8)	D-	D-	5	None
45.0	1.5	16	A-4	68	True	16.0	1.0	37.0	V7	True	('E-', 'G-', 'A-', 'C')	E-	A-	2.0	dominant seventh chord	(0, 3, 6, 8)	D-	D-	5	None
45.0	1.0	16	G-4	66	True	16.0	1.0	37.0	V7	True	('E-', 'G-', 'A-', 'C')	E-	A-	2.0	dominant seventh chord	(0, 3, 6, 8)	D-	D-	5	None
45.0	1.0	16	E-4	63	True	16.0	1.0	37.0	V7	True	('E-', 'G-', 'A-', 'C')	E-	A-	2.0	dominant seventh chord	(0, 3, 6, 8)	D-	D-	5	None
46.0	0.5	16	D-5	73	True	16.0	0.5	38.0	I	True	('D-', 'F', 'A-')	D-	D-	0.0	major triad	(1, 5, 8)	D-	D-	1	None
46.0	0.5	16	F4	65	True	16.0	0.5	38.0	I	True	('D-', 'F', 'A-')	D-	D-	0.0	major triad	(1, 5, 8)	D-	D-	1	None
46.0	0.5	16	D-4	61	True	16.0	0.5	38.0	I	True	('D-', 'F', 'A-')	D-	D-	0.0	major triad	(1, 5, 8)	D-	D-	1	None
46.5	1.0	16	D5	74	True	16.0	1.0	39.0	viio7/vii	True	('B', 'D', 'F', 'A-')	B	B	0.0	diminished seventh chord	(2, 5, 8, 11)	D-	c	#7	7
46.5	1.5	16	A-4	68	True	16.0	1.0	39.0	viio7/vii	True	('B', 'D', 'F', 'A-')	B	B	0.0	diminished seventh chord	(2, 5, 8, 11)	D-	c	#7	7
46.5	1.0	16	F4	65	True	16.0	1.0	39.0	viio7/vii	True	('B', 'D', 'F', 'A-')	B	B	0.0	diminished seventh chord	(2, 5, 8, 11)	D-	c	#7	7
46.5	1.0	16	B3	59	True	16.0	1.0	39.0	viio7/vii	True	('B', 'D', 'F', 'A-')	B	B	0.0	diminished seventh chord	(2, 5, 8, 11)	D-	c	#7	7
47.5	0.5	16	E-5	75	True	16.0	0.5	40.0	V	True	('C', 'E-', 'A-')	C	A-	1.0	major triad	(0, 3, 8)	D-	D-	5	None
47.5	0.5	16	E-4	63	True	16.0	0.5	40.0	V	True	('C', 'E-', 'A-')	C	A-	1.0	major triad	(0, 3, 8)	D-	D-	5	None
47.5	0.5	16	C4	60	True	16.0	0.5	40.0	V	True	('C', 'E-', 'A-')	C	A-	1.0	major triad	(0, 3, 8)	D-	D-	5	None
48.0	1.0	17	E5	76	True	17.0	1.0	41.0	viio7/iii	True	('D-', 'E', 'G', 'B-')	D-	E	3.0	diminished seventh chord	(1, 4, 7, 10)	D-	f	#7	3
48.0	0.5	17	G4	67	True	17.0	1.0	41.0	viio7/iii	True	('D-', 'E', 'G', 'B-')	D-	E	3.0	diminished seventh chord	(1, 4, 7, 10)	D-	f	#7	3
48.0	0.5	17	D-4	61	True	17.0	1.0	41.0	viio7/iii	True	('D-', 'E', 'G', 'B-')	D-	E	3.0	diminished seventh chord	(1, 4, 7, 10)	D-	f	#7	3
48.0	1.0	17	B-3	58	True	17.0	1.0	41.0	viio7/iii	True	('D-', 'E', 'G', 'B-')	D-	E	3.0	diminished seventh chord	(1, 4, 7, 10)	D-	f	#7	3
48.5	0.5	17	D-5	73	True	17.0	1.0	41.0	viio7/iii	False	('D-', 'E', 'G', 'B-')	D-	E	3.0	diminished seventh chord	(1, 4, 7, 10)	D-	f	#7	3
48.5	0.5	17	G4	67	True	17.0	1.0	41.0	viio7/iii	False	('D-', 'E', 'G', 'B-')	D-	E	3.0	diminished seventh chord	(1, 4, 7, 10)	D-	f	#7	3
49.0	0.5	17	F5	77	True	17.0	0.5	42.0	III	True	('A', 'C', 'F')	A	F	1.0	major triad	(0, 5, 9)	D-	D-	3	None
49.0	0.5	17	C5	72	True	17.0	0.5	42.0	III	True	('A', 'C', 'F')	A	F	1.0	major triad	(0, 5, 9)	D-	D-	3	None
49.0	0.5	17	A4	69	True	17.0	0.5	42.0	III	True	('A', 'C', 'F')	A	F	1.0	major triad	(0, 5, 9)	D-	D-	3	None
49.0	0.5	17	A3	57	True	17.0	0.5	42.0	III	True	('A', 'C', 'F')	A	F	1.0	major triad	(0, 5, 9)	D-	D-	3	None
49.5	1.0	17	F5	77	True	17.0	1.0	43.0	III	True	('F', 'A', 'C')	F	F	0.0	major triad	(0, 5, 9)	D-	D-	3	None
49.5	1.0	17	C5	72	True	17.0	1.0	43.0	III	True	('F', 'A', 'C')	F	F	0.0	major triad	(0, 5, 9)	D-	D-	3	None
50.0	0.5	17	A4	69	True	17.0	1.0	43.0	III	False	('F', 'A', 'C')	F	F	0.0	major triad	(0, 5, 9)	D-	D-	3	None
50.0	0.5	17	F3	53	True	17.0	1.0	43.0	III	False	('F', 'A', 'C')	F	F	0.0	major triad	(0, 5, 9)	D-	D-	3	None
50.5	0.5	17	D5	74	True	17.0	0.5	44.0	VI	True	('B-', 'D', 'F')	B-	B-	0.0	major triad	(2, 5, 10)	D-	D-	6	None
50.5	0.5	17	B-4	70	True	17.0	0.5	44.0	VI	True	('B-', 'D', 'F')	B-	B-	0.0	major triad	(2, 5, 10)	D-	D-	6	None
50.5	0.5	17	F4	65	True	17.0	0.5	44.0	VI	True	('B-', 'D', 'F')	B-	B-	0.0	major triad	(2, 5, 10)	D-	D-	6	None
50.5	0.5	17	B-3	58	True	17.0	0.5	44.0	VI	True	('B-', 'D', 'F')	B-	B-	0.0	major triad	(2, 5, 10)	D-	D-	6	None
51.0	1.0	18	A5	81	True	18.0	1.0	45.0	It	True	('C-', 'E-', 'A')	C-	A	1.0	Italian augmented sixth chord	(3, 9, 11)	e-	e-	#4	None
51.0	1.0	18	E-5	75	True	18.0	1.0	45.0	It	True	('C-', 'E-', 'A')	C-	A	1.0	Italian augmented sixth chord	(3, 9, 11)	e-	e-	#4	None
51.0	1.0	18	E-4	63	True	18.0	1.0	45.0	It	True	('C-', 'E-', 'A')	C-	A	1.0	Italian augmented sixth chord	(3, 9, 11)	e-	e-	#4	None
51.0	1.0	18	C-4	59	True	18.0	1.0	45.0	It	True	('C-', 'E-', 'A')	C-	A	1.0	Italian augmented sixth chord	(3, 9, 11)	e-	e-	#4	None
52.0	0.5	18	B-5	82	True	18.0	1.5	46.0	V/ii	True	('C', 'E', 'G')	C	C	0.0	major triad	(0, 4, 7)	e-	f	5	2
52.0	0.5	18	D5	74	True	18.0	1.5	46.0	V/ii	True	('C', 'E', 'G')	C	C	0.0	major triad	(0, 4, 7)	e-	f	5	2
52.0	0.5	18	F4	65	True	18.0	1.5	46.0	V/ii	True	('C', 'E', 'G')	C	C	0.0	major triad	(0, 4, 7)	e-	f	5	2
52.0	0.5	18	B-3	58	True	18.0	1.5	46.0	V/ii	True	('C', 'E', 'G')	C	C	0.0	major triad	(0, 4, 7)	e-	f	5	2
52.5	1.0	18	B-5	82	True	18.0	1.5	46.0	V/ii	False	('C', 'E', 'G')	C	C	0.0	major triad	(0, 4, 7)	e-	f	5	2
53.0	0.5	18	F5	77	True	18.0	1.5	46.0	V/ii	False	('C', 'E', 'G')	C	C	0.0	major triad	(0, 4, 7)	e-	f	5	2
53.0	0.5	18	F4	65	True	18.0	1.5	46.0	V/ii	False	('C', 'E', 'G')	C	C	0.0	major triad	(0, 4, 7)	e-	f	5	2
53.0	0.5	18	D4	62	True	18.0	1.5	46.0	V/ii	False	('C', 'E', 'G')	C	C	0.0	major triad	(0, 4, 7)	e-	f	5	2
53.5	0.5	18	G-5	78	True	18.0	0.5	47.0	i	True	('E-', 'G-', 'B-')	E-	E-	0.0	minor triad	(3, 6, 10)	e-	e-	1	None
53.5	0.5	18	B-4	70	True	18.0	0.5	47.0	i	True	('E-', 'G-', 'B-')	E-	E-	0.0	minor triad	(3, 6, 10)	e-	e-	1	None
53.5	0.5	18	G-4	66	True	18.0	0.5	47.0	i	True	('E-', 'G-', 'B-')	E-	E-	0.0	minor triad	(3, 6, 10)	e-	e-	1	None
53.5	0.5	18	E-4	63	True	18.0	0.5	47.0	i	True	('E-', 'G-', 'B-')	E-	E-	0.0	minor triad	(3, 6, 10)	e-	e-	1	None
54.0	1.0	19	G5	79	True	19.0	1.0	48.0	viio7/V	True	('D-', 'F-', 'G', 'B-')	D-	G	2.0	diminished seventh chord	(1, 4, 7, 10)	D-	A-	7	5
54.0	1.0	19	B-4	70	True	19.0	1.0	48.0	viio7/V	True	('D-', 'F-', 'G', 'B-')	D-	G	2.0	diminished seventh chord	(1, 4, 7, 10)	D-	A-	7	5
54.0	1.0	19	F-4	64	True	19.0	1.0	48.0	viio7/V	True	('D-', 'F-', 'G', 'B-')	D-	G	2.0	diminished seventh chord	(1, 4, 7, 10)	D-	A-	7	5
54.0	1.0	19	D-4	61	True	19.0	1.0	48.0	viio7/V	True	('D-', 'F-', 'G', 'B-')	D-	G	2.0	diminished seventh chord	(1, 4, 7, 10)	D-	A-	7	5
55.0	0.5	19	A-5	80	True	19.0	0.5	49.0	V	True	('C', 'E-', 'A-')	C	A-	1.0	major triad	(0, 3, 8)	D-	D-	5	None
55.0	0.5	19	A-4	68	True	19.0	0.5	49.0	V	True	('C', 'E-', 'A-')	C	A-	1.0	major triad	(0, 3, 8)	D-	D-	5	None
55.0	0.5	19	E-4	63	True	19.0	0.5	49.0	V	True	('C', 'E-', 'A-')	C	A-	1.0	major triad	(0, 3, 8)	D-	D-	5	None
55.0	0.5	19	C4	60	True	19.0	0.5	49.0	V	True	('C', 'E-', 'A-')	C	A-	1.0	major triad	(0, 3, 8)	D-	D-	5	None
55.5	1.0	19	A-5	80	True	19.0	1.0	50.0	V7	True	('C', 'E-', 'G-', 'A-')	C	A-	1.0	dominant seventh chord	(0, 3, 6, 8)	D-	D-	5	None
55.5	1.0	19	G-5	78	True	19.0	1.0	50.0	V7	True	('C', 'E-', 'G-', 'A-')	C	A-	1.0	dominant seventh chord	(0, 3, 6, 8)	D-	D-	5	None
55.5	1.0	19	E-5	75	True	19.0	1.0	50.0	V7	True	('C', 'E-', 'G-', 'A-')	C	A-	1.0	dominant seventh chord	(0, 3, 6, 8)	D-	D-	5	None
55.5	1.0	19	C4	60	True	19.0	1.0	50.0	V7	True	('C', 'E-', 'G-', 'A-')	C	A-	1.0	dominant seventh chord	(0, 3, 6, 8)	D-	D-	5	None
56.5	0.5	19	A-5	80	False	19.0	0.5	51.0	I	True	('D-', 'F', 'A-')	D-	D-	0.0	major triad	(1, 5, 8)	D-	D-	1	None
56.5	0.5	19	F5	77	True	19.0	0.5	51.0	I	True	('D-', 'F', 'A-')	D-	D-	0.0	major triad	(1, 5, 8)	D-	D-	1	None
56.5	0.5	19	D-5	73	True	19.0	0.5	51.0	I	True	('D-', 'F', 'A-')	D-	D-	0.0	major triad	(1, 5, 8)	D-	D-	1	None
56.5	0.5	19	D-4	61	True	19.0	0.5	51.0	I	True	('D-', 'F', 'A-')	D-	D-	0.0	major triad	(1, 5, 8)	D-	D-	1	None
57.0	1.5	20	A-5	80	False	20.0	1.5	52.0	I	True	('A-', 'D-', 'F')	A-	D-	2.0	major triad	(1, 5, 8)	D-	D-	1	None
57.5	0.5	20	F5	77	True	20.0	1.5	52.0	I	False	('A-', 'D-', 'F')	A-	D-	2.0	major triad	(1, 5, 8)	D-	D-	1	None
57.5	0.5	20	D-5	73	True	20.0	1.5	52.0	I	False	('A-', 'D-', 'F')	A-	D-	2.0	major triad	(1, 5, 8)	D-	D-	1	None
57.5	0.5	20	A-4	68	True	20.0	1.5	52.0	I	False	('A-', 'D-', 'F')	A-	D-	2.0	major triad	(1, 5, 8)	D-	D-	1	None
58.0	0.5	20	E-5	75	True	20.0	1.5	52.0	I	False	('A-', 'D-', 'F')	A-	D-	2.0	major triad	(1, 5, 8)	D-	D-	1	None
58.0	0.5	20	C5	72	True	20.0	1.5	52.0	I	False	('A-', 'D-', 'F')	A-	D-	2.0	major triad	(1, 5, 8)	D-	D-	1	None
58.0	0.5	20	G-4	66	True	20.0	1.5	52.0	I	False	('A-', 'D-', 'F')	A-	D-	2.0	major triad	(1, 5, 8)	D-	D-	1	None
58.5	0.5	20	A-5	80	False	20.0	0.5	53.0	V7	True	('G-', 'A-', 'C', 'E-')	G-	A-	3.0	dominant seventh chord	(0, 3, 6, 8)	D-	D-	5	None
58.5	0.5	20	E-5	75	True	20.0	0.5	53.0	V7	True	('G-', 'A-', 'C', 'E-')	G-	A-	3.0	dominant seventh chord	(0, 3, 6, 8)	D-	D-	5	None
58.5	0.5	20	C5	72	True	20.0	0.5	53.0	V7	True	('G-', 'A-', 'C', 'E-')	G-	A-	3.0	dominant seventh chord	(0, 3, 6, 8)	D-	D-	5	None
58.5	0.5	20	G-4	66	True	20.0	0.5	53.0	V7	True	('G-', 'A-', 'C', 'E-')	G-	A-	3.0	dominant seventh chord	(0, 3, 6, 8)	D-	D-	5	None
59.0	0.5	20	A-5	80	False	20.0	1.0	54.0	I	True	('F', 'A-', 'D-')	F	D-	1.0	major triad	(1, 5, 8)	D-	D-	1	None
59.0	1.0	20	D-5	73	True	20.0	1.0	54.0	I	True	('F', 'A-', 'D-')	F	D-	1.0	major triad	(1, 5, 8)	D-	D-	1	None
59.0	1.0	20	A-4	68	True	20.0	1.0	54.0	I	True	('F', 'A-', 'D-')	F	D-	1.0	major triad	(1, 5, 8)	D-	D-	1	None
59.0	1.0	20	F4	65	True	20.0	1.0	54.0	I	True	('F', 'A-', 'D-')	F	D-	1.0	major triad	(1, 5, 8)	D-	D-	1	None
59.5	0.5	20	D-6	85	True	20.0	1.0	54.0	I	False	('F', 'A-', 'D-')	F	D-	1.0	major triad	(1, 5, 8)	D-	D-	1	None
60.0	1.5	21	A-3	56	True	21.0	1.0	55.0	I	True	('A-', 'D-', 'F')	A-	D-	2.0	major triad	(1, 5, 8)	D-	D-	1	None
60.5	0.5	21	F5	77	True	21.0	1.0	55.0	I	False	('A-', 'D-', 'F')	A-	D-	2.0	major triad	(1, 5, 8)	D-	D-	1	None
60.5	0.5	21	D-4	61	True	21.0	1.0	55.0	I	False	('A-', 'D-', 'F')	A-	D-	2.0	major triad	(1, 5, 8)	D-	D-	1	None
60.5	0.5	21	A-4	68	True	21.0	1.0	55.0	I	False	('A-', 'D-', 'F')	A-	D-	2.0	major triad	(1, 5, 8)	D-	D-	1	None
61.0	0.5	21	E-5	75	True	21.0	1.0	56.0	V7	True	('G-', 'A-', 'C', 'E-')	G-	A-	3.0	dominant seventh chord	(0, 3, 6, 8)	D-	D-	5	None
61.0	0.5	21	C4	60	True	21.0	1.0	56.0	V7	True	('G-', 'A-', 'C', 'E-')	G-	A-	3.0	dominant seventh chord	(0, 3, 6, 8)	D-	D-	5	None
61.0	0.5	21	G-4	66	True	21.0	1.0	56.0	V7	True	('G-', 'A-', 'C', 'E-')	G-	A-	3.0	dominant seventh chord	(0, 3, 6, 8)	D-	D-	5	None
61.5	0.5	21	E-5	75	True	21.0	1.0	56.0	V7	False	('G-', 'A-', 'C', 'E-')	G-	A-	3.0	dominant seventh chord	(0, 3, 6, 8)	D-	D-	5	None
61.5	0.5	21	C4	60	True	21.0	1.0	56.0	V7	False	('G-', 'A-', 'C', 'E-')	G-	A-	3.0	dominant seventh chord	(0, 3, 6, 8)	D-	D-	5	None
61.5	1.0	21	A-3	56	False	21.0	1.0	56.0	V7	False	('G-', 'A-', 'C', 'E-')	G-	A-	3.0	dominant seventh chord	(0, 3, 6, 8)	D-	D-	5	None
61.5	0.5	21	G-4	66	True	21.0	1.0	56.0	V7	False	('G-', 'A-', 'C', 'E-')	G-	A-	3.0	dominant seventh chord	(0, 3, 6, 8)	D-	D-	5	None
62.0	0.5	21	D-5	73	True	21.0	0.5	57.0	I	True	('A-', 'D-', 'F')	A-	D-	2.0	major triad	(1, 5, 8)	D-	D-	1	None
62.0	0.5	21	A-3	56	True	21.0	0.5	57.0	I	True	('A-', 'D-', 'F')	A-	D-	2.0	major triad	(1, 5, 8)	D-	D-	1	None
62.0	1.0	21	F4	65	True	21.0	0.5	57.0	I	True	('A-', 'D-', 'F')	A-	D-	2.0	major triad	(1, 5, 8)	D-	D-	1	None
62.5	0.5	21	D-5	73	False	21.0	0.5	58.0	I	True	('D-', 'F', 'A-')	D-	D-	0.0	major triad	(1, 5, 8)	D-	D-	1	None
62.5	0.5	21	A-4	68	True	21.0	0.5	58.0	I	True	('D-', 'F', 'A-')	D-	D-	0.0	major triad	(1, 5, 8)	D-	D-	1	None
62.5	0.5	21	D-4	61	True	21.0	0.5	58.0	I	True	('D-', 'F', 'A-')	D-	D-	0.0	major triad	(1, 5, 8)	D-	D-	1	None
63.0	1.5	22	A-4	68	True	22.0	1.5	59.0	I	True	('F', 'A-', 'D-')	F	D-	1.0	major triad	(1, 5, 8)	D-	D-	1	None
63.0	1.5	22	A-3	56	True	22.0	1.5	59.0	I	True	('F', 'A-', 'D-')	F	D-	1.0	major triad	(1, 5, 8)	D-	D-	1	None
63.5	0.5	22	D-3	49	True	22.0	1.5	59.0	I	False	('F', 'A-', 'D-')	F	D-	1.0	major triad	(1, 5, 8)	D-	D-	1	None
63.5	0.5	22	F2	41	True	22.0	1.5	59.0	I	False	('F', 'A-', 'D-')	F	D-	1.0	major triad	(1, 5, 8)	D-	D-	1	None
64.0	0.5	22	G-3	54	True	22.0	1.5	59.0	I	False	('F', 'A-', 'D-')	F	D-	1.0	major triad	(1, 5, 8)	D-	D-	1	None
64.0	0.5	22	E-2	39	True	22.0	1.5	59.0	I	False	('F', 'A-', 'D-')	F	D-	1.0	major triad	(1, 5, 8)	D-	D-	1	None
64.5	1.0	22	A-4	68	False	22.0	1.0	60.0	I	True	('D-', 'F', 'A-')	D-	D-	0.0	major triad	(1, 5, 8)	D-	D-	1	None
64.5	1.0	22	A-3	56	False	22.0	1.0	60.0	I	True	('D-', 'F', 'A-')	D-	D-	0.0	major triad	(1, 5, 8)	D-	D-	1	None
64.5	0.5	22	G-3	54	True	22.0	1.0	60.0	I	True	('D-', 'F', 'A-')	D-	D-	0.0	major triad	(1, 5, 8)	D-	D-	1	None
64.5	0.5	22	E-2	39	True	22.0	1.0	60.0	I	True	('D-', 'F', 'A-')	D-	D-	0.0	major triad	(1, 5, 8)	D-	D-	1	None
65.0	0.5	22	F3	53	True	22.0	1.0	60.0	I	False	('D-', 'F', 'A-')	D-	D-	0.0	major triad	(1, 5, 8)	D-	D-	1	None
65.0	1.0	22	D-2	37	True	22.0	1.0	60.0	I	False	('D-', 'F', 'A-')	D-	D-	0.0	major triad	(1, 5, 8)	D-	D-	1	None
65.5	0.5	22	D-5	73	True	22.0	0.5	61.0	i	True	('D-', 'F-', 'A-')	D-	D-	0.0	minor triad	(1, 4, 8)	D-	D-	1	None
65.5	0.5	22	D-4	61	True	22.0	0.5	61.0	i	True	('D-', 'F-', 'A-')	D-	D-	0.0	minor triad	(1, 4, 8)	D-	D-	1	None
65.5	0.5	22	F-3	52	True	22.0	0.5	61.0	i	True	('D-', 'F-', 'A-')	D-	D-	0.0	minor triad	(1, 4, 8)	D-	D-	1	None
66.0	1.0	23	C#4	61	True	23.0	1.5	62.0	i	True	('C#', 'E', 'G#')	C#	C#	0.0	minor triad	(1, 4, 8)	c#	c#	1	None
66.0	1.0	23	G#3	56	True	23.0	1.5	62.0	i	True	('C#', 'E', 'G#')	C#	C#	0.0	minor triad	(1, 4, 8)	c#	c#	1	None
66.0	1.0	23	E3	52	True	23.0	1.5	62.0	i	True	('C#', 'E', 'G#')	C#	C#	0.0	minor triad	(1, 4, 8)	c#	c#	1	None
66.0	1.0	23	C#2	37	True	23.0	1.5	62.0	i	True	('C#', 'E', 'G#')	C#	C#	0.0	minor triad	(1, 4, 8)	c#	c#	1	None
67.25	0.25	23	C#4	61	True	23.0	1.5	62.0	i	False	('C#', 'E', 'G#')	C#	C#	0.0	minor triad	(1, 4, 8)	c#	c#	1	None
67.25	0.25	23	G#3	56	True	23.0	1.5	62.0	i	False	('C#', 'E', 'G#')	C#	C#	0.0	minor triad	(1, 4, 8)	c#	c#	1	None
67.25	0.25	23	E3	52	True	23.0	1.5	62.0	i	False	('C#', 'E', 'G#')	C#	C#	0.0	minor triad	(1, 4, 8)	c#	c#	1	None
67.25	0.25	23	C#2	37	True	23.0	1.5	62.0	i	False	('C#', 'E', 'G#')	C#	C#	0.0	minor triad	(1, 4, 8)	c#	c#	1	None
67.5	1.0	23	B#3	60	True	23.0	1.5	63.0	V7	True	('D#', 'F#', 'G#', 'B#')	D#	G#	2.0	dominant seventh chord	(0, 3, 6, 8)	c#	c#	5	None
67.5	1.0	23	G#3	56	True	23.0	1.5	63.0	V7	True	('D#', 'F#', 'G#', 'B#')	D#	G#	2.0	dominant seventh chord	(0, 3, 6, 8)	c#	c#	5	None
67.5	1.0	23	F#3	54	True	23.0	1.5	63.0	V7	True	('D#', 'F#', 'G#', 'B#')	D#	G#	2.0	dominant seventh chord	(0, 3, 6, 8)	c#	c#	5	None
67.5	1.0	23	D#2	39	True	23.0	1.5	63.0	V7	True	('D#', 'F#', 'G#', 'B#')	D#	G#	2.0	dominant seventh chord	(0, 3, 6, 8)	c#	c#	5	None
68.75	0.25	23	B#3	60	True	23.0	1.5	63.0	V7	False	('D#', 'F#', 'G#', 'B#')	D#	G#	2.0	dominant seventh chord	(0, 3, 6, 8)	c#	c#	5	None
68.75	0.25	23	G#3	56	True	23.0	1.5	63.0	V7	False	('D#', 'F#', 'G#', 'B#')	D#	G#	2.0	dominant seventh chord	(0, 3, 6, 8)	c#	c#	5	None
68.75	0.25	23	F#3	54	True	23.0	1.5	63.0	V7	False	('D#', 'F#', 'G#', 'B#')	D#	G#	2.0	dominant seventh chord	(0, 3, 6, 8)	c#	c#	5	None
68.75	0.25	23	D#2	39	True	23.0	1.5	63.0	V7	False	('D#', 'F#', 'G#', 'B#')	D#	G#	2.0	dominant seventh chord	(0, 3, 6, 8)	c#	c#	5	None
69.0	1.0	24	C#4	61	True	24.0	1.25	64.0	i	True	('C#', 'E', 'G#')	C#	C#	0.0	minor triad	(1, 4, 8)	c#	c#	1	None
69.0	1.0	24	G#3	56	True	24.0	1.25	64.0	i	True	('C#', 'E', 'G#')	C#	C#	0.0	minor triad	(1, 4, 8)	c#	c#	1	None
69.0	1.0	24	E3	52	True	24.0	1.25	64.0	i	True	('C#', 'E', 'G#')	C#	C#	0.0	minor triad	(1, 4, 8)	c#	c#	1	None
69.0	1.0	24	C#2	37	True	24.0	1.25	64.0	i	True	('C#', 'E', 'G#')	C#	C#	0.0	minor triad	(1, 4, 8)	c#	c#	1	None
70.25	0.25	24	C#4	61	True	24.0	0.25	65.0	i	True	('G#', 'C#', 'E')	G#	C#	2.0	minor triad	(1, 4, 8)	c#	c#	1	None
70.25	0.25	24	G#3	56	True	24.0	0.25	65.0	i	True	('G#', 'C#', 'E')	G#	C#	2.0	minor triad	(1, 4, 8)	c#	c#	1	None
70.25	0.25	24	E3	52	True	24.0	0.25	65.0	i	True	('G#', 'C#', 'E')	G#	C#	2.0	minor triad	(1, 4, 8)	c#	c#	1	None
70.25	0.25	24	G#2	44	True	24.0	0.25	65.0	i	True	('G#', 'C#', 'E')	G#	C#	2.0	minor triad	(1, 4, 8)	c#	c#	1	None
70.5	0.5	24	D#4	63	True	24.0	1.25	66.0	V	True	('G#', 'B#', 'D#')	G#	G#	0.0	major triad	(0, 3, 8)	c#	c#	5	None
70.5	0.5	24	B#3	60	True	24.0	1.25	66.0	V	True	('G#', 'B#', 'D#')	G#	G#	0.0	major triad	(0, 3, 8)	c#	c#	5	None
70.5	0.5	24	D#3	51	True	24.0	1.25	66.0	V	True	('G#', 'B#', 'D#')	G#	G#	0.0	major triad	(0, 3, 8)	c#	c#	5	None
70.5	0.5	24	G#2	44	True	24.0	1.25	66.0	V	True	('G#', 'B#', 'D#')	G#	G#	0.0	major triad	(0, 3, 8)	c#	c#	5	None
71.25	0.25	24	A4	69	True	24.0	1.25	66.0	V	False	('G#', 'B#', 'D#')	G#	G#	0.0	major triad	(0, 3, 8)	c#	c#	5	None
71.25	0.25	24	B#3	60	True	24.0	1.25	66.0	V	False	('G#', 'B#', 'D#')	G#	G#	0.0	major triad	(0, 3, 8)	c#	c#	5	None
71.25	0.25	24	D#3	51	True	24.0	1.25	66.0	V	False	('G#', 'B#', 'D#')	G#	G#	0.0	major triad	(0, 3, 8)	c#	c#	5	None
71.25	0.25	24	G#2	44	True	24.0	1.25	66.0	V	False	('G#', 'B#', 'D#')	G#	G#	0.0	major triad	(0, 3, 8)	c#	c#	5	None
71.5	0.25	24	G#4	68	True	24.0	1.25	66.0	V	False	('G#', 'B#', 'D#')	G#	G#	0.0	major triad	(0, 3, 8)	c#	c#	5	None
71.5	0.25	24	B#3	60	True	24.0	1.25	66.0	V	False	('G#', 'B#', 'D#')	G#	G#	0.0	major triad	(0, 3, 8)	c#	c#	5	None
71.5	0.25	24	D#3	51	True	24.0	1.25	66.0	V	False	('G#', 'B#', 'D#')	G#	G#	0.0	major triad	(0, 3, 8)	c#	c#	5	None
71.5	0.25	24	G#2	44	True	24.0	1.25	66.0	V	False	('G#', 'B#', 'D#')	G#	G#	0.0	major triad	(0, 3, 8)	c#	c#	5	None
71.75	0.25	24	D#4	63	True	24.0	0.25	67.0	v	True	('G#', 'B', 'D#')	G#	G#	0.0	minor triad	(3, 8, 11)	c#	c#	5	None
71.75	0.25	24	B3	59	True	24.0	0.25	67.0	v	True	('G#', 'B', 'D#')	G#	G#	0.0	minor triad	(3, 8, 11)	c#	c#	5	None
71.75	0.25	24	G#3	56	True	24.0	0.25	67.0	v	True	('G#', 'B', 'D#')	G#	G#	0.0	minor triad	(3, 8, 11)	c#	c#	5	None
71.75	0.25	24	G#2	44	True	24.0	0.25	67.0	v	True	('G#', 'B', 'D#')	G#	G#	0.0	minor triad	(3, 8, 11)	c#	c#	5	None
72.0	1.0	25	E4	64	True	25.0	1.5	68.0	I	True	('E', 'G#', 'B')	E	E	0.0	major triad	(4, 8, 11)	E	E	1	None
72.0	1.0	25	B3	59	True	25.0	1.5	68.0	I	True	('E', 'G#', 'B')	E	E	0.0	major triad	(4, 8, 11)	E	E	1	None
72.0	1.0	25	G#3	56	True	25.0	1.5	68.0	I	True	('E', 'G#', 'B')	E	E	0.0	major triad	(4, 8, 11)	E	E	1	None
72.0	1.0	25	E2	40	True	25.0	1.5	68.0	I	True	('E', 'G#', 'B')	E	E	0.0	major triad	(4, 8, 11)	E	E	1	None
73.25	0.25	25	E4	64	True	25.0	1.5	68.0	I	False	('E', 'G#', 'B')	E	E	0.0	major triad	(4, 8, 11)	E	E	1	None
73.25	0.25	25	G#3	56	True	25.0	1.5	68.0	I	False	('E', 'G#', 'B')	E	E	0.0	major triad	(4, 8, 11)	E	E	1	None
73.25	0.25	25	B3	59	True	25.0	1.5	68.0	I	False	('E', 'G#', 'B')	E	E	0.0	major triad	(4, 8, 11)	E	E	1	None
73.25	0.25	25	E3	52	True	25.0	1.5	68.0	I	False	('E', 'G#', 'B')	E	E	0.0	major triad	(4, 8, 11)	E	E	1	None
73.5	1.0	25	D#4	63	True	25.0	1.5	69.0	V7	True	('F#', 'A', 'B', 'D#')	F#	B	2.0	dominant seventh chord	(3, 6, 9, 11)	E	E	5	None
73.5	1.0	25	A3	57	True	25.0	1.5	69.0	V7	True	('F#', 'A', 'B', 'D#')	F#	B	2.0	dominant seventh chord	(3, 6, 9, 11)	E	E	5	None
73.5	1.0	25	B3	59	True	25.0	1.5	69.0	V7	True	('F#', 'A', 'B', 'D#')	F#	B	2.0	dominant seventh chord	(3, 6, 9, 11)	E	E	5	None
73.5	1.0	25	F#3	54	True	25.0	1.5	69.0	V7	True	('F#', 'A', 'B', 'D#')	F#	B	2.0	dominant seventh chord	(3, 6, 9, 11)	E	E	5	None
74.75	0.25	25	D#4	63	True	25.0	1.5	69.0	V7	False	('F#', 'A', 'B', 'D#')	F#	B	2.0	dominant seventh chord	(3, 6, 9, 11)	E	E	5	None
74.75	0.25	25	A3	57	True	25.0	1.5	69.0	V7	False	('F#', 'A', 'B', 'D#')	F#	B	2.0	dominant seventh chord	(3, 6, 9, 11)	E	E	5	None
74.75	0.25	25	B3	59	True	25.0	1.5	69.0	V7	False	('F#', 'A', 'B', 'D#')	F#	B	2.0	dominant seventh chord	(3, 6, 9, 11)	E	E	5	None
74.75	0.25	25	F#3	54	True	25.0	1.5	69.0	V7	False	('F#', 'A', 'B', 'D#')	F#	B	2.0	dominant seventh chord	(3, 6, 9, 11)	E	E	5	None
75.0	1.0	26	G#4	68	True	26.0	1.5	70.0	I	True	('E', 'G#', 'B')	E	E	0.0	major triad	(4, 8, 11)	E	E	1	None
75.0	1.0	26	G#3	56	True	26.0	1.5	70.0	I	True	('E', 'G#', 'B')	E	E	0.0	major triad	(4, 8, 11)	E	E	1	None
75.0	1.0	26	B3	59	True	26.0	1.5	70.0	I	True	('E', 'G#', 'B')	E	E	0.0	major triad	(4, 8, 11)	E	E	1	None
75.0	1.0	26	E3	52	True	26.0	1.5	70.0	I	True	('E', 'G#', 'B')	E	E	0.0	major triad	(4, 8, 11)	E	E	1	None
76.25	0.25	26	G#4	68	True	26.0	1.5	70.0	I	False	('E', 'G#', 'B')	E	E	0.0	major triad	(4, 8, 11)	E	E	1	None
76.25	0.25	26	E4	64	True	26.0	1.5	70.0	I	False	('E', 'G#', 'B')	E	E	0.0	major triad	(4, 8, 11)	E	E	1	None
76.25	0.25	26	G#3	56	True	26.0	1.5	70.0	I	False	('E', 'G#', 'B')	E	E	0.0	major triad	(4, 8, 11)	E	E	1	None
76.25	0.25	26	E3	52	True	26.0	1.5	70.0	I	False	('E', 'G#', 'B')	E	E	0.0	major triad	(4, 8, 11)	E	E	1	None
76.5	0.5	26	B4	71	True	26.0	0.75	71.0	V	True	('B', 'D#', 'F#')	B	B	0.0	major triad	(3, 6, 11)	E	E	5	None
76.5	0.5	26	D#4	63	True	26.0	0.75	71.0	V	True	('B', 'D#', 'F#')	B	B	0.0	major triad	(3, 6, 11)	E	E	5	None
76.5	0.5	26	F#3	54	True	26.0	0.75	71.0	V	True	('B', 'D#', 'F#')	B	B	0.0	major triad	(3, 6, 11)	E	E	5	None
76.5	0.5	26	B2	47	True	26.0	0.75	71.0	V	True	('B', 'D#', 'F#')	B	B	0.0	major triad	(3, 6, 11)	E	E	5	None
77.25	0.25	26	B4	71	True	26.0	0.25	72.0	V7	True	('A', 'B', 'D#', 'F#')	A	B	3.0	dominant seventh chord	(3, 6, 9, 11)	E	E	5	None
77.25	0.25	26	D#4	63	True	26.0	0.25	72.0	V7	True	('A', 'B', 'D#', 'F#')	A	B	3.0	dominant seventh chord	(3, 6, 9, 11)	E	E	5	None
77.25	0.25	26	F#3	54	True	26.0	0.25	72.0	V7	True	('A', 'B', 'D#', 'F#')	A	B	3.0	dominant seventh chord	(3, 6, 9, 11)	E	E	5	None
77.25	0.25	26	A2	45	True	26.0	0.25	72.0	V7	True	('A', 'B', 'D#', 'F#')	A	B	3.0	dominant seventh chord	(3, 6, 9, 11)	E	E	5	None
77.5	0.25	26	B4	71	True	26.0	0.25	73.0	I	True	('G#', 'B', 'E')	G#	E	1.0	major triad	(4, 8, 11)	E	E	1	None
77.5	0.25	26	E4	64	True	26.0	0.25	73.0	I	True	('G#', 'B', 'E')	G#	E	1.0	major triad	(4, 8, 11)	E	E	1	None
77.5	0.25	26	E3	52	True	26.0	0.25	73.0	I	True	('G#', 'B', 'E')	G#	E	1.0	major triad	(4, 8, 11)	E	E	1	None
77.5	0.25	26	G#2	44	True	26.0	0.25	73.0	I	True	('G#', 'B', 'E')	G#	E	1.0	major triad	(4, 8, 11)	E	E	1	None
77.75	0.25	26	B4	71	True	26.0	0.25	74.0	V7	True	('F#', 'A', 'B', 'D#')	F#	B	2.0	dominant seventh chord	(3, 6, 9, 11)	E	E	5	None
77.75	0.25	26	D#4	63	True	26.0	0.25	74.0	V7	True	('F#', 'A', 'B', 'D#')	F#	B	2.0	dominant seventh chord	(3, 6, 9, 11)	E	E	5	None
77.75	0.25	26	A3	57	True	26.0	0.25	74.0	V7	True	('F#', 'A', 'B', 'D#')	F#	B	2.0	dominant seventh chord	(3, 6, 9, 11)	E	E	5	None
77.75	0.25	26	F#2	42	True	26.0	0.25	74.0	V7	True	('F#', 'A', 'B', 'D#')	F#	B	2.0	dominant seventh chord	(3, 6, 9, 11)	E	E	5	None
78.0	1.0	27	B4	71	True	27.0	1.5	75.0	viio7/ii	True	('E#', 'G#', 'B', 'D')	E#	E#	0.0	diminished seventh chord	(2, 5, 8, 11)	E	f#	#7	2
78.0	1.0	27	D4	62	True	27.0	1.5	75.0	viio7/ii	True	('E#', 'G#', 'B', 'D')	E#	E#	0.0	diminished seventh chord	(2, 5, 8, 11)	E	f#	#7	2
78.0	1.0	27	G#3	56	True	27.0	1.5	75.0	viio7/ii	True	('E#', 'G#', 'B', 'D')	E#	E#	0.0	diminished seventh chord	(2, 5, 8, 11)	E	f#	#7	2
78.0	1.0	27	E#2	41	True	27.0	1.5	75.0	viio7/ii	True	('E#', 'G#', 'B', 'D')	E#	E#	0.0	diminished seventh chord	(2, 5, 8, 11)	E	f#	#7	2
79.25	0.25	27	D5	74	True	27.0	1.5	75.0	viio7/ii	False	('E#', 'G#', 'B', 'D')	E#	E#	0.0	diminished seventh chord	(2, 5, 8, 11)	E	f#	#7	2
79.25	0.25	27	B4	71	True	27.0	1.5	75.0	viio7/ii	False	('E#', 'G#', 'B', 'D')	E#	E#	0.0	diminished seventh chord	(2, 5, 8, 11)	E	f#	#7	2
79.25	0.25	27	G#4	68	True	27.0	1.5	75.0	viio7/ii	False	('E#', 'G#', 'B', 'D')	E#	E#	0.0	diminished seventh chord	(2, 5, 8, 11)	E	f#	#7	2
79.25	0.25	27	E#2	41	True	27.0	1.5	75.0	viio7/ii	False	('E#', 'G#', 'B', 'D')	E#	E#	0.0	diminished seventh chord	(2, 5, 8, 11)	E	f#	#7	2
79.5	1.0	27	C#5	73	True	27.0	1.5	76.0	V7/ii	True	('E#', 'G#', 'B', 'C#')	E#	C#	1.0	dominant seventh chord	(1, 5, 8, 11)	E	f#	5	2
79.5	1.0	27	B4	71	True	27.0	1.5	76.0	V7/ii	True	('E#', 'G#', 'B', 'C#')	E#	C#	1.0	dominant seventh chord	(1, 5, 8, 11)	E	f#	5	2
79.5	1.0	27	G#4	68	True	27.0	1.5	76.0	V7/ii	True	('E#', 'G#', 'B', 'C#')	E#	C#	1.0	dominant seventh chord	(1, 5, 8, 11)	E	f#	5	2
79.5	1.0	27	E#2	41	True	27.0	1.5	76.0	V7/ii	True	('E#', 'G#', 'B', 'C#')	E#	C#	1.0	dominant seventh chord	(1, 5, 8, 11)	E	f#	5	2
80.75	0.25	27	C#5	73	True	27.0	1.5	76.0	V7/ii	False	('E#', 'G#', 'B', 'C#')	E#	C#	1.0	dominant seventh chord	(1, 5, 8, 11)	E	f#	5	2
80.75	0.25	27	B4	71	True	27.0	1.5	76.0	V7/ii	False	('E#', 'G#', 'B', 'C#')	E#	C#	1.0	dominant seventh chord	(1, 5, 8, 11)	E	f#	5	2
80.75	0.25	27	G#4	68	True	27.0	1.5	76.0	V7/ii	False	('E#', 'G#', 'B', 'C#')	E#	C#	1.0	dominant seventh chord	(1, 5, 8, 11)	E	f#	5	2
80.75	0.25	27	E#2	41	True	27.0	1.5	76.0	V7/ii	False	('E#', 'G#', 'B', 'C#')	E#	C#	1.0	dominant seventh chord	(1, 5, 8, 11)	E	f#	5	2
81.0	1.0	28	C#5	73	True	28.0	2.75	77.0	viio7/V	True	('A#', 'C#', 'E', 'G')	A#	A#	0.0	diminished seventh chord	(1, 4, 7, 10)	E	B	7	5
81.0	1.0	28	E4	64	True	28.0	2.75	77.0	viio7/V	True	('A#', 'C#', 'E', 'G')	A#	A#	0.0	diminished seventh chord	(1, 4, 7, 10)	E	B	7	5
81.0	1.0	28	G3	55	True	28.0	2.75	77.0	viio7/V	True	('A#', 'C#', 'E', 'G')	A#	A#	0.0	diminished seventh chord	(1, 4, 7, 10)	E	B	7	5
81.0	1.0	28	G4	67	True	28.0	2.75	77.0	viio7/V	True	('A#', 'C#', 'E', 'G')	A#	A#	0.0	diminished seventh chord	(1, 4, 7, 10)	E	B	7	5
81.0	1.0	28	A#2	46	True	28.0	2.75	77.0	viio7/V	True	('A#', 'C#', 'E', 'G')	A#	A#	0.0	diminished seventh chord	(1, 4, 7, 10)	E	B	7	5
82.25	0.25	28	G5	79	True	28.0	2.75	77.0	viio7/V	False	('A#', 'C#', 'E', 'G')	A#	A#	0.0	diminished seventh chord	(1, 4, 7, 10)	E	B	7	5
82.25	0.25	28	E5	76	True	28.0	2.75	77.0	viio7/V	False	('A#', 'C#', 'E', 'G')	A#	A#	0.0	diminished seventh chord	(1, 4, 7, 10)	E	B	7	5
82.25	0.25	28	C#4	61	True	28.0	2.75	77.0	viio7/V	False	('A#', 'C#', 'E', 'G')	A#	A#	0.0	diminished seventh chord	(1, 4, 7, 10)	E	B	7	5
82.25	0.25	28	A#2	46	True	28.0	2.75	77.0	viio7/V	False	('A#', 'C#', 'E', 'G')	A#	A#	0.0	diminished seventh chord	(1, 4, 7, 10)	E	B	7	5
82.5	1.0	28	G5	79	True	28.0	2.75	77.0	viio7/V	False	('A#', 'C#', 'E', 'G')	A#	A#	0.0	diminished seventh chord	(1, 4, 7, 10)	E	B	7	5
82.5	1.0	28	E5	76	True	28.0	2.75	77.0	viio7/V	False	('A#', 'C#', 'E', 'G')	A#	A#	0.0	diminished seventh chord	(1, 4, 7, 10)	E	B	7	5
82.5	1.0	28	C#4	61	True	28.0	2.75	77.0	viio7/V	False	('A#', 'C#', 'E', 'G')	A#	A#	0.0	diminished seventh chord	(1, 4, 7, 10)	E	B	7	5
82.5	1.0	28	A#2	46	True	28.0	2.75	77.0	viio7/V	False	('A#', 'C#', 'E', 'G')	A#	A#	0.0	diminished seventh chord	(1, 4, 7, 10)	E	B	7	5
83.75	0.25	28	F#5	78	True	28.0	0.25	78.0	V7/V	True	('A#', 'C#', 'E', 'F#')	A#	F#	1.0	dominant seventh chord	(1, 4, 6, 10)	E	B	5	5
83.75	0.25	28	E4	64	True	28.0	0.25	78.0	V7/V	True	('A#', 'C#', 'E', 'F#')	A#	F#	1.0	dominant seventh chord	(1, 4, 6, 10)	E	B	5	5
83.75	0.25	28	C#4	61	True	28.0	0.25	78.0	V7/V	True	('A#', 'C#', 'E', 'F#')	A#	F#	1.0	dominant seventh chord	(1, 4, 6, 10)	E	B	5	5
83.75	0.25	28	A#2	46	True	28.0	0.25	78.0	V7/V	True	('A#', 'C#', 'E', 'F#')	A#	F#	1.0	dominant seventh chord	(1, 4, 6, 10)	E	B	5	5
84.0	1.0	29	F#5	78	True	29.0	1.25	79.0	viio7	True	('B#', 'D#', 'F#', 'A')	B#	B#	0.0	diminished seventh chord	(0, 3, 6, 9)	c#	c#	#7	None
84.0	1.0	29	D#4	63	True	29.0	1.25	79.0	viio7	True	('B#', 'D#', 'F#', 'A')	B#	B#	0.0	diminished seventh chord	(0, 3, 6, 9)	c#	c#	#7	None
84.0	1.0	29	A3	57	True	29.0	1.25	79.0	viio7	True	('B#', 'D#', 'F#', 'A')	B#	B#	0.0	diminished seventh chord	(0, 3, 6, 9)	c#	c#	#7	None
84.0	1.0	29	B#2	48	True	29.0	1.25	79.0	viio7	True	('B#', 'D#', 'F#', 'A')	B#	B#	0.0	diminished seventh chord	(0, 3, 6, 9)	c#	c#	#7	None
85.25	0.25	29	D#6	87	True	29.0	1.5	80.0	viio7	True	('A', 'B#', 'D#', 'F#')	A	B#	3.0	diminished seventh chord	(0, 3, 6, 9)	c#	c#	#7	None
85.25	0.25	29	F#5	78	True	29.0	1.5	80.0	viio7	True	('A', 'B#', 'D#', 'F#')	A	B#	3.0	diminished seventh chord	(0, 3, 6, 9)	c#	c#	#7	None
85.25	0.25	29	B#4	72	True	29.0	1.5	80.0	viio7	True	('A', 'B#', 'D#', 'F#')	A	B#	3.0	diminished seventh chord	(0, 3, 6, 9)	c#	c#	#7	None
85.25	0.25	29	A2	45	True	29.0	1.5	80.0	viio7	True	('A', 'B#', 'D#', 'F#')	A	B#	3.0	diminished seventh chord	(0, 3, 6, 9)	c#	c#	#7	None
85.5	1.0	29	D#6	87	True	29.0	1.5	80.0	viio7	False	('A', 'B#', 'D#', 'F#')	A	B#	3.0	diminished seventh chord	(0, 3, 6, 9)	c#	c#	#7	None
85.5	1.0	29	F#5	78	True	29.0	1.5	80.0	viio7	False	('A', 'B#', 'D#', 'F#')	A	B#	3.0	diminished seventh chord	(0, 3, 6, 9)	c#	c#	#7	None
85.5	1.0	29	B#4	72	True	29.0	1.5	80.0	viio7	False	('A', 'B#', 'D#', 'F#')	A	B#	3.0	diminished seventh chord	(0, 3, 6, 9)	c#	c#	#7	None
85.5	1.0	29	A2	45	True	29.0	1.5	80.0	viio7	False	('A', 'B#', 'D#', 'F#')	A	B#	3.0	diminished seventh chord	(0, 3, 6, 9)	c#	c#	#7	None
86.75	0.25	29	E6	88	True	29.0	0.25	81.0	viio7/V	True	('F##', 'A#', 'C#', 'E')	F##	F##	0.0	diminished seventh chord	(1, 4, 7, 10)	c#	G#	7	5
86.75	0.25	29	E4	64	True	29.0	0.25	81.0	viio7/V	True	('F##', 'A#', 'C#', 'E')	F##	F##	0.0	diminished seventh chord	(1, 4, 7, 10)	c#	G#	7	5
86.75	0.25	29	C#5	73	True	29.0	0.25	81.0	viio7/V	True	('F##', 'A#', 'C#', 'E')	F##	F##	0.0	diminished seventh chord	(1, 4, 7, 10)	c#	G#	7	5
86.75	0.25	29	A#3	58	True	29.0	0.25	81.0	viio7/V	True	('F##', 'A#', 'C#', 'E')	F##	F##	0.0	diminished seventh chord	(1, 4, 7, 10)	c#	G#	7	5
86.75	0.25	29	F##2	43	True	29.0	0.25	81.0	viio7/V	True	('F##', 'A#', 'C#', 'E')	F##	F##	0.0	diminished seventh chord	(1, 4, 7, 10)	c#	G#	7	5
87.0	1.0	30	E6	88	True	30.0	1.25	82.0	i	True	('G#', 'C#', 'E')	G#	C#	2.0	minor triad	(1, 4, 8)	c#	c#	1	None
87.0	1.0	30	E4	64	True	30.0	1.25	82.0	i	True	('G#', 'C#', 'E')	G#	C#	2.0	minor triad	(1, 4, 8)	c#	c#	1	None
87.0	1.0	30	C#5	73	True	30.0	1.25	82.0	i	True	('G#', 'C#', 'E')	G#	C#	2.0	minor triad	(1, 4, 8)	c#	c#	1	None
87.0	1.0	30	G#3	56	True	30.0	1.25	82.0	i	True	('G#', 'C#', 'E')	G#	C#	2.0	minor triad	(1, 4, 8)	c#	c#	1	None
87.0	1.0	30	G#2	44	True	30.0	1.25	82.0	i	True	('G#', 'C#', 'E')	G#	C#	2.0	minor triad	(1, 4, 8)	c#	c#	1	None
88.25	0.25	30	B#5	84	True	30.0	0.25	83.0	V7	True	('D#', 'F#', 'G#', 'B#')	D#	G#	2.0	dominant seventh chord	(0, 3, 6, 8)	c#	c#	5	None
88.25	0.25	30	F#4	66	True	30.0	0.25	83.0	V7	True	('D#', 'F#', 'G#', 'B#')	D#	G#	2.0	dominant seventh chord	(0, 3, 6, 8)	c#	c#	5	None
88.25	0.25	30	G#3	56	True	30.0	0.25	83.0	V7	True	('D#', 'F#', 'G#', 'B#')	D#	G#	2.0	dominant seventh chord	(0, 3, 6, 8)	c#	c#	5	None
88.25	0.25	30	D#3	51	True	30.0	0.25	83.0	V7	True	('D#', 'F#', 'G#', 'B#')	D#	G#	2.0	dominant seventh chord	(0, 3, 6, 8)	c#	c#	5	None
88.5	0.5	30	C#6	85	True	30.0	0.75	84.0	i	True	('C#', 'E', 'G#')	C#	C#	0.0	minor triad	(1, 4, 8)	c#	c#	1	None
88.5	0.5	30	E4	64	True	30.0	0.75	84.0	i	True	('C#', 'E', 'G#')	C#	C#	0.0	minor triad	(1, 4, 8)	c#	c#	1	None
88.5	0.5	30	G#3	56	True	30.0	0.75	84.0	i	True	('C#', 'E', 'G#')	C#	C#	0.0	minor triad	(1, 4, 8)	c#	c#	1	None
88.5	0.5	30	C#3	49	True	30.0	0.75	84.0	i	True	('C#', 'E', 'G#')	C#	C#	0.0	minor triad	(1, 4, 8)	c#	c#	1	None
89.25	0.25	30	C#6	85	True	30.0	0.25	85.0	iv	True	('A', 'C#', 'F#')	A	F#	1.0	minor triad	(1, 6, 9)	c#	c#	4	None
89.25	0.25	30	C#4	61	True	30.0	0.25	85.0	iv	True	('A', 'C#', 'F#')	A	F#	1.0	minor triad	(1, 6, 9)	c#	c#	4	None
89.25	0.25	30	A3	57	True	30.0	0.25	85.0	iv	True	('A', 'C#', 'F#')	A	F#	1.0	minor triad	(1, 6, 9)	c#	c#	4	None
89.25	0.25	30	F#2	42	True	30.0	0.25	85.0	iv	True	('A', 'C#', 'F#')	A	F#	1.0	minor triad	(1, 6, 9)	c#	c#	4	None
89.5	0.25	30	B5	83	True	30.0	0.25	86.0	viio/iv	True	('B', 'E#', 'G#')	B	E#	2.0	diminished triad	(5, 8, 11)	c#	f#	#7	4
89.5	0.25	30	E#4	65	True	30.0	0.25	86.0	viio/iv	True	('B', 'E#', 'G#')	B	E#	2.0	diminished triad	(5, 8, 11)	c#	f#	#7	4
89.5	0.25	30	G#3	56	True	30.0	0.25	86.0	viio/iv	True	('B', 'E#', 'G#')	B	E#	2.0	diminished triad	(5, 8, 11)	c#	f#	#7	4
89.5	0.25	30	F#2	42	True	30.0	0.25	86.0	viio/iv	True	('B', 'E#', 'G#')	B	E#	2.0	diminished triad	(5, 8, 11)	c#	f#	#7	4
89.75	0.25	30	A5	81	True	30.0	0.25	87.0	iv	True	('A', 'C#', 'F#')	A	F#	1.0	minor triad	(1, 6, 9)	c#	c#	4	None
89.75	0.25	30	F#4	66	True	30.0	0.25	87.0	iv	True	('A', 'C#', 'F#')	A	F#	1.0	minor triad	(1, 6, 9)	c#	c#	4	None
89.75	0.25	30	A3	57	True	30.0	0.25	87.0	iv	True	('A', 'C#', 'F#')	A	F#	1.0	minor triad	(1, 6, 9)	c#	c#	4	None
89.75	0.25	30	F#2	42	True	30.0	0.25	87.0	iv	True	('A', 'C#', 'F#')	A	F#	1.0	minor triad	(1, 6, 9)	c#	c#	4	None
90.0	1.0	31	G#5	80	True	31.0	1.25	88.0	i	True	('G#', 'C#', 'E')	G#	C#	2.0	minor triad	(1, 4, 8)	c#	c#	1	None
90.0	1.0	31	E4	64	True	31.0	1.25	88.0	i	True	('G#', 'C#', 'E')	G#	C#	2.0	minor triad	(1, 4, 8)	c#	c#	1	None
90.0	1.0	31	C#4	61	True	31.0	1.25	88.0	i	True	('G#', 'C#', 'E')	G#	C#	2.0	minor triad	(1, 4, 8)	c#	c#	1	None
90.0	1.0	31	G#2	44	True	31.0	1.25	88.0	i	True	('G#', 'C#', 'E')	G#	C#	2.0	minor triad	(1, 4, 8)	c#	c#	1	None
91.25	0.25	31	G#4	68	True	31.0	0.25	89.0	V7	True	('D#', 'F#', 'G#', 'B#')	D#	G#	2.0	dominant seventh chord	(0, 3, 6, 8)	c#	c#	5	None
91.25	0.25	31	B#3	60	True	31.0	0.25	89.0	V7	True	('D#', 'F#', 'G#', 'B#')	D#	G#	2.0	dominant seventh chord	(0, 3, 6, 8)	c#	c#	5	None
91.25	0.25	31	F#3	54	True	31.0	0.25	89.0	V7	True	('D#', 'F#', 'G#', 'B#')	D#	G#	2.0	dominant seventh chord	(0, 3, 6, 8)	c#	c#	5	None
91.25	0.25	31	D#3	51	True	31.0	0.25	89.0	V7	True	('D#', 'F#', 'G#', 'B#')	D#	G#	2.0	dominant seventh chord	(0, 3, 6, 8)	c#	c#	5	None
91.5	0.5	31	G#4	68	True	31.0	0.75	90.0	i	True	('C#', 'E', 'G#')	C#	C#	0.0	minor triad	(1, 4, 8)	c#	c#	1	None
91.5	0.5	31	C#4	61	True	31.0	0.75	90.0	i	True	('C#', 'E', 'G#')	C#	C#	0.0	minor triad	(1, 4, 8)	c#	c#	1	None
91.5	0.5	31	E4	64	True	31.0	0.75	90.0	i	True	('C#', 'E', 'G#')	C#	C#	0.0	minor triad	(1, 4, 8)	c#	c#	1	None
91.5	0.5	31	E3	52	True	31.0	0.75	90.0	i	True	('C#', 'E', 'G#')	C#	C#	0.0	minor triad	(1, 4, 8)	c#	c#	1	None
91.5	0.5	31	C#3	49	True	31.0	0.75	90.0	i	True	('C#', 'E', 'G#')	C#	C#	0.0	minor triad	(1, 4, 8)	c#	c#	1	None
92.25	0.25	31	C#4	61	True	31.0	0.25	91.0	I	True	('C#', 'E#', 'G#')	C#	C#	0.0	major triad	(1, 5, 8)	c#	c#	1	None
92.25	0.25	31	C#4	61	True	31.0	0.25	91.0	I	True	('C#', 'E#', 'G#')	C#	C#	0.0	major triad	(1, 5, 8)	c#	c#	1	None
92.25	0.25	31	E#3	53	True	31.0	0.25	91.0	I	True	('C#', 'E#', 'G#')	C#	C#	0.0	major triad	(1, 5, 8)	c#	c#	1	None
92.25	0.25	31	C#3	49	True	31.0	0.25	91.0	I	True	('C#', 'E#', 'G#')	C#	C#	0.0	major triad	(1, 5, 8)	c#	c#	1	None
92.5	0.25	31	E#4	65	True	31.0	0.25	92.0	V7/iv	True	('B', 'C#', 'E#', 'G#')	B	C#	3.0	dominant seventh chord	(1, 5, 8, 11)	c#	f#	5	4
92.5	0.25	31	C#4	61	True	31.0	0.25	92.0	V7/iv	True	('B', 'C#', 'E#', 'G#')	B	C#	3.0	dominant seventh chord	(1, 5, 8, 11)	c#	f#	5	4
92.5	0.25	31	E#3	53	True	31.0	0.25	92.0	V7/iv	True	('B', 'C#', 'E#', 'G#')	B	C#	3.0	dominant seventh chord	(1, 5, 8, 11)	c#	f#	5	4
92.5	0.25	31	B2	47	True	31.0	0.25	92.0	V7/iv	True	('B', 'C#', 'E#', 'G#')	B	C#	3.0	dominant seventh chord	(1, 5, 8, 11)	c#	f#	5	4
92.75	0.25	31	F#4	66	True	31.0	0.25	93.0	iv	True	('F#', 'A', 'C#')	F#	F#	0.0	minor triad	(1, 6, 9)	c#	c#	4	None
92.75	0.25	31	C#4	61	True	31.0	0.25	93.0	iv	True	('F#', 'A', 'C#')	F#	F#	0.0	minor triad	(1, 6, 9)	c#	c#	4	None
92.75	0.25	31	F#3	54	True	31.0	0.25	93.0	iv	True	('F#', 'A', 'C#')	F#	F#	0.0	minor triad	(1, 6, 9)	c#	c#	4	None
92.75	0.25	31	A2	45	True	31.0	0.25	93.0	iv	True	('F#', 'A', 'C#')	F#	F#	0.0	minor triad	(1, 6, 9)	c#	c#	4	None
93.0	1.0	32	A-4	68	True	32.0	1.25	94.0	V	True	('E-', 'A-', 'C')	E-	A-	2.0	major triad	(0, 3, 8)	d-	d-	5	None
93.0	1.0	32	D-4	61	True	32.0	1.25	94.0	V	True	('E-', 'A-', 'C')	E-	A-	2.0	major triad	(0, 3, 8)	d-	d-	5	None
93.0	1.0	32	E3	52	True	32.0	1.25	94.0	V	True	('E-', 'A-', 'C')	E-	A-	2.0	major triad	(0, 3, 8)	d-	d-	5	None
93.0	1.0	32	A-2	44	True	32.0	1.25	94.0	V	True	('E-', 'A-', 'C')	E-	A-	2.0	major triad	(0, 3, 8)	d-	d-	5	None
94.25	0.25	32	A-4	68	True	32.0	0.75	95.0	V	True	('A-', 'C', 'E-')	A-	A-	0.0	major triad	(0, 3, 8)	d-	d-	5	None
94.25	0.25	32	C4	60	True	32.0	0.75	95.0	V	True	('A-', 'C', 'E-')	A-	A-	0.0	major triad	(0, 3, 8)	d-	d-	5	None
94.25	0.25	32	E-3	51	True	32.0	0.75	95.0	V	True	('A-', 'C', 'E-')	A-	A-	0.0	major triad	(0, 3, 8)	d-	d-	5	None
94.25	0.25	32	A-2	44	True	32.0	0.75	95.0	V	True	('A-', 'C', 'E-')	A-	A-	0.0	major triad	(0, 3, 8)	d-	d-	5	None
95.0	1.0	32	A-4	68	True	32.0	1.0	96.0	I	True	('D-', 'F', 'A-')	D-	D-	0.0	major triad	(1, 5, 8)	D-	D-	1	None
95.0	0.5	32	D-4	61	True	32.0	1.0	96.0	I	True	('D-', 'F', 'A-')	D-	D-	0.0	major triad	(1, 5, 8)	D-	D-	1	None
95.0	0.5	32	F3	53	True	32.0	1.0	96.0	I	True	('D-', 'F', 'A-')	D-	D-	0.0	major triad	(1, 5, 8)	D-	D-	1	None
95.5	0.25	32	G-4	66	True	32.0	1.0	96.0	I	False	('D-', 'F', 'A-')	D-	D-	0.0	major triad	(1, 5, 8)	D-	D-	1	None
95.5	0.25	32	B-3	58	True	32.0	1.0	96.0	I	False	('D-', 'F', 'A-')	D-	D-	0.0	major triad	(1, 5, 8)	D-	D-	1	None
95.5	0.5	32	D-2	37	True	32.0	1.0	96.0	I	False	('D-', 'F', 'A-')	D-	D-	0.0	major triad	(1, 5, 8)	D-	D-	1	None
95.5	0.5	32	D-3	49	True	32.0	1.0	96.0	I	False	('D-', 'F', 'A-')	D-	D-	0.0	major triad	(1, 5, 8)	D-	D-	1	None
95.75	0.25	32	E-4	63	True	32.0	1.0	96.0	I	False	('D-', 'F', 'A-')	D-	D-	0.0	major triad	(1, 5, 8)	D-	D-	1	None
95.75	0.25	32	G-3	54	True	32.0	1.0	96.0	I	False	('D-', 'F', 'A-')	D-	D-	0.0	major triad	(1, 5, 8)	D-	D-	1	None
96.0	0.5	33	A-4	68	False	33.0	0.5	97.0	I	True	('D-', 'F', 'A-')	D-	D-	0.0	major triad	(1, 5, 8)	D-	D-	1	None
96.0	0.5	33	D-4	61	True	33.0	0.5	97.0	I	True	('D-', 'F', 'A-')	D-	D-	0.0	major triad	(1, 5, 8)	D-	D-	1	None
96.0	0.5	33	F3	53	True	33.0	0.5	97.0	I	True	('D-', 'F', 'A-')	D-	D-	0.0	major triad	(1, 5, 8)	D-	D-	1	None
96.0	0.5	33	D-2	37	False	33.0	0.5	97.0	I	True	('D-', 'F', 'A-')	D-	D-	0.0	major triad	(1, 5, 8)	D-	D-	1	None
96.0	0.5	33	D-3	49	False	33.0	0.5	97.0	I	True	('D-', 'F', 'A-')	D-	D-	0.0	major triad	(1, 5, 8)	D-	D-	1	None
96.5	1.0	33	F5	77	True	33.0	1.0	98.0	V	True	('C', 'E-', 'A-')	C	A-	1.0	major triad	(0, 3, 8)	D-	D-	5	None
96.5	1.0	33	A-3	56	True	33.0	1.0	98.0	V	True	('C', 'E-', 'A-')	C	A-	1.0	major triad	(0, 3, 8)	D-	D-	5	None
96.5	0.5	33	E-3	51	True	33.0	1.0	98.0	V	True	('C', 'E-', 'A-')	C	A-	1.0	major triad	(0, 3, 8)	D-	D-	5	None
96.5	0.5	33	C3	48	True	33.0	1.0	98.0	V	True	('C', 'E-', 'A-')	C	A-	1.0	major triad	(0, 3, 8)	D-	D-	5	None
97.0	0.5	33	D-3	49	True	33.0	1.0	98.0	V	False	('C', 'E-', 'A-')	C	A-	1.0	major triad	(0, 3, 8)	D-	D-	5	None
97.0	0.5	33	B-2	46	True	33.0	1.0	98.0	V	False	('C', 'E-', 'A-')	C	A-	1.0	major triad	(0, 3, 8)	D-	D-	5	None
97.5	0.5	33	G-5	78	True	33.0	0.5	99.0	V7	True	('A-', 'C', 'E-', 'G-')	A-	A-	0.0	dominant seventh chord	(0, 3, 6, 8)	D-	D-	5	None
97.5	1.0	33	A-3	56	True	33.0	0.5	99.0	V7	True	('A-', 'C', 'E-', 'G-')	A-	A-	0.0	dominant seventh chord	(0, 3, 6, 8)	D-	D-	5	None
97.5	0.5	33	C3	48	True	33.0	0.5	99.0	V7	True	('A-', 'C', 'E-', 'G-')	A-	A-	0.0	dominant seventh chord	(0, 3, 6, 8)	D-	D-	5	None
97.5	0.5	33	A-2	44	True	33.0	0.5	99.0	V7	True	('A-', 'C', 'E-', 'G-')	A-	A-	0.0	dominant seventh chord	(0, 3, 6, 8)	D-	D-	5	None
98.0	0.5	33	F5	77	True	33.0	0.5	100.0	vi7	True	('B-', 'D-', 'F', 'A-')	B-	B-	0.0	minor seventh chord	(1, 5, 8, 10)	D-	D-	6	None
98.0	0.5	33	D-3	49	True	33.0	0.5	100.0	vi7	True	('B-', 'D-', 'F', 'A-')	B-	B-	0.0	minor seventh chord	(1, 5, 8, 10)	D-	D-	6	None
98.0	0.5	33	B-2	46	True	33.0	0.5	100.0	vi7	True	('B-', 'D-', 'F', 'A-')	B-	B-	0.0	minor seventh chord	(1, 5, 8, 10)	D-	D-	6	None
98.5	0.5	33	E-5	75	True	33.0	0.5	101.0	V7	True	('C', 'E-', 'G-', 'A-')	C	A-	1.0	dominant seventh chord	(0, 3, 6, 8)	D-	D-	5	None
98.5	0.25	33	A-3	56	False	33.0	0.5	101.0	V7	True	('C', 'E-', 'G-', 'A-')	C	A-	1.0	dominant seventh chord	(0, 3, 6, 8)	D-	D-	5	None
98.5	0.5	33	E-3	51	True	33.0	0.5	101.0	V7	True	('C', 'E-', 'G-', 'A-')	C	A-	1.0	dominant seventh chord	(0, 3, 6, 8)	D-	D-	5	None
98.5	0.5	33	C3	48	True	33.0	0.5	101.0	V7	True	('C', 'E-', 'G-', 'A-')	C	A-	1.0	dominant seventh chord	(0, 3, 6, 8)	D-	D-	5	None
98.75	0.25	33	G-4	66	True	33.0	0.5	101.0	V7	False	('C', 'E-', 'G-', 'A-')	C	A-	1.0	dominant seventh chord	(0, 3, 6, 8)	D-	D-	5	None
99.0	0.5	34	D-5	73	True	34.0	0.5	102.0	I	True	('D-', 'F', 'A-')	D-	D-	0.0	major triad	(1, 5, 8)	D-	D-	1	None
99.0	0.5	34	F4	65	True	34.0	0.5	102.0	I	True	('D-', 'F', 'A-')	D-	D-	0.0	major triad	(1, 5, 8)	D-	D-	1	None
99.0	0.5	34	F3	53	True	34.0	0.5	102.0	I	True	('D-', 'F', 'A-')	D-	D-	0.0	major triad	(1, 5, 8)	D-	D-	1	None
99.0	0.5	34	D-3	49	True	34.0	0.5	102.0	I	True	('D-', 'F', 'A-')	D-	D-	0.0	major triad	(1, 5, 8)	D-	D-	1	None
99.5	0.5	34	C5	72	True	34.0	0.5	103.0	V7	True	('E-', 'G-', 'A-', 'C')	E-	A-	2.0	dominant seventh chord	(0, 3, 6, 8)	D-	D-	5	None
99.5	0.5	34	C4	60	True	34.0	0.5	103.0	V7	True	('E-', 'G-', 'A-', 'C')	E-	A-	2.0	dominant seventh chord	(0, 3, 6, 8)	D-	D-	5	None
99.5	0.5	34	G-3	54	True	34.0	0.5	103.0	V7	True	('E-', 'G-', 'A-', 'C')	E-	A-	2.0	dominant seventh chord	(0, 3, 6, 8)	D-	D-	5	None
99.5	0.5	34	E-3	51	True	34.0	0.5	103.0	V7	True	('E-', 'G-', 'A-', 'C')	E-	A-	2.0	dominant seventh chord	(0, 3, 6, 8)	D-	D-	5	None
100.0	0.5	34	B-4	70	True	34.0	0.5	104.0	vi7	True	('F', 'A-', 'B-', 'D-')	F	B-	2.0	minor seventh chord	(1, 5, 8, 10)	D-	D-	6	None
100.0	0.5	34	D-4	61	True	34.0	0.5	104.0	vi7	True	('F', 'A-', 'B-', 'D-')	F	B-	2.0	minor seventh chord	(1, 5, 8, 10)	D-	D-	6	None
100.0	0.5	34	A-3	56	True	34.0	0.5	104.0	vi7	True	('F', 'A-', 'B-', 'D-')	F	B-	2.0	minor seventh chord	(1, 5, 8, 10)	D-	D-	6	None
100.0	0.5	34	F3	53	True	34.0	0.5	104.0	vi7	True	('F', 'A-', 'B-', 'D-')	F	B-	2.0	minor seventh chord	(1, 5, 8, 10)	D-	D-	6	None
100.5	0.5	34	A-4	68	True	34.0	0.5	105.0	I	True	('F', 'A-', 'D-')	F	D-	1.0	major triad	(1, 5, 8)	D-	D-	1	None
100.5	0.5	34	D-4	61	True	34.0	0.5	105.0	I	True	('F', 'A-', 'D-')	F	D-	1.0	major triad	(1, 5, 8)	D-	D-	1	None
100.5	0.5	34	A-3	56	True	34.0	0.5	105.0	I	True	('F', 'A-', 'D-')	F	D-	1.0	major triad	(1, 5, 8)	D-	D-	1	None
100.5	0.5	34	F3	53	True	34.0	0.5	105.0	I	True	('F', 'A-', 'D-')	F	D-	1.0	major triad	(1, 5, 8)	D-	D-	1	None
101.0	0.5	34	B-4	70	True	34.0	1.0	106.0	V7	True	('E-', 'G-', 'A-', 'C')	E-	A-	2.0	dominant seventh chord	(0, 3, 6, 8)	D-	D-	5	None
101.0	0.5	34	C4	60	True	34.0	1.0	106.0	V7	True	('E-', 'G-', 'A-', 'C')	E-	A-	2.0	dominant seventh chord	(0, 3, 6, 8)	D-	D-	5	None
101.0	1.0	34	G-3	54	True	34.0	1.0	106.0	V7	True	('E-', 'G-', 'A-', 'C')	E-	A-	2.0	dominant seventh chord	(0, 3, 6, 8)	D-	D-	5	None
101.0	1.0	34	E-3	51	True	34.0	1.0	106.0	V7	True	('E-', 'G-', 'A-', 'C')	E-	A-	2.0	dominant seventh chord	(0, 3, 6, 8)	D-	D-	5	None
101.5	0.5	34	C5	72	True	34.0	1.0	106.0	V7	False	('E-', 'G-', 'A-', 'C')	E-	A-	2.0	dominant seventh chord	(0, 3, 6, 8)	D-	D-	5	None
101.5	0.5	34	A-3	56	True	34.0	1.0	106.0	V7	False	('E-', 'G-', 'A-', 'C')	E-	A-	2.0	dominant seventh chord	(0, 3, 6, 8)	D-	D-	5	None
102.0	0.5	35	D-5	73	True	35.0	0.5	107.0	I	True	('D-', 'F', 'A-')	D-	D-	0.0	major triad	(1, 5, 8)	D-	D-	1	None
102.0	0.5	35	A-3	56	False	35.0	0.5	107.0	I	True	('D-', 'F', 'A-')	D-	D-	0.0	major triad	(1, 5, 8)	D-	D-	1	None
102.0	0.5	35	F3	53	True	35.0	0.5	107.0	I	True	('D-', 'F', 'A-')	D-	D-	0.0	major triad	(1, 5, 8)	D-	D-	1	None
102.0	0.5	35	D-3	49	True	35.0	0.5	107.0	I	True	('D-', 'F', 'A-')	D-	D-	0.0	major triad	(1, 5, 8)	D-	D-	1	None
102.5	0.5	35	E-5	75	True	35.0	0.5	108.0	V	True	('C', 'E-', 'A-')	C	A-	1.0	major triad	(0, 3, 8)	D-	D-	5	None
102.5	0.75	35	A-3	56	True	35.0	0.5	108.0	V	True	('C', 'E-', 'A-')	C	A-	1.0	major triad	(0, 3, 8)	D-	D-	5	None
102.5	0.5	35	E-3	51	True	35.0	0.5	108.0	V	True	('C', 'E-', 'A-')	C	A-	1.0	major triad	(0, 3, 8)	D-	D-	5	None
102.5	0.5	35	C3	48	True	35.0	0.5	108.0	V	True	('C', 'E-', 'A-')	C	A-	1.0	major triad	(0, 3, 8)	D-	D-	5	None
103.0	0.5	35	F5	77	True	35.0	0.5	109.0	vi	True	('D-', 'F', 'B-')	D-	B-	1.0	minor triad	(1, 5, 10)	D-	D-	6	None
103.0	0.5	35	D-3	49	True	35.0	0.5	109.0	vi	True	('D-', 'F', 'B-')	D-	B-	1.0	minor triad	(1, 5, 10)	D-	D-	6	None
103.0	0.5	35	B-2	46	True	35.0	0.5	109.0	vi	True	('D-', 'F', 'B-')	D-	B-	1.0	minor triad	(1, 5, 10)	D-	D-	6	None
103.25	0.25	35	F4	65	True	35.0	0.5	109.0	vi	False	('D-', 'F', 'B-')	D-	B-	1.0	minor triad	(1, 5, 10)	D-	D-	6	None
103.5	0.5	35	F5	77	True	35.0	0.5	110.0	V7	True	('A-', 'C', 'E-', 'G-')	A-	A-	0.0	dominant seventh chord	(0, 3, 6, 8)	D-	D-	5	None
103.5	1.0	35	G-4	66	True	35.0	0.5	110.0	V7	True	('A-', 'C', 'E-', 'G-')	A-	A-	0.0	dominant seventh chord	(0, 3, 6, 8)	D-	D-	5	None
103.5	0.5	35	C3	48	True	35.0	0.5	110.0	V7	True	('A-', 'C', 'E-', 'G-')	A-	A-	0.0	dominant seventh chord	(0, 3, 6, 8)	D-	D-	5	None
103.5	0.5	35	A-2	44	True	35.0	0.5	110.0	V7	True	('A-', 'C', 'E-', 'G-')	A-	A-	0.0	dominant seventh chord	(0, 3, 6, 8)	D-	D-	5	None
104.0	1.0	35	E-5	75	True	35.0	1.0	111.0	V7	True	('C', 'E-', 'G-', 'A-')	C	A-	1.0	dominant seventh chord	(0, 3, 6, 8)	D-	D-	5	None
104.0	0.75	35	A-3	56	True	35.0	1.0	111.0	V7	True	('C', 'E-', 'G-', 'A-')	C	A-	1.0	dominant seventh chord	(0, 3, 6, 8)	D-	D-	5	None
104.0	0.5	35	B-2	46	True	35.0	1.0	111.0	V7	True	('C', 'E-', 'G-', 'A-')	C	A-	1.0	dominant seventh chord	(0, 3, 6, 8)	D-	D-	5	None
104.5	0.5	35	A-4	68	True	35.0	1.0	111.0	V7	False	('C', 'E-', 'G-', 'A-')	C	A-	1.0	dominant seventh chord	(0, 3, 6, 8)	D-	D-	5	None
104.5	0.5	35	C3	48	True	35.0	1.0	111.0	V7	False	('C', 'E-', 'G-', 'A-')	C	A-	1.0	dominant seventh chord	(0, 3, 6, 8)	D-	D-	5	None
104.75	0.25	35	G-3	54	True	35.0	1.0	111.0	V7	False	('C', 'E-', 'G-', 'A-')	C	A-	1.0	dominant seventh chord	(0, 3, 6, 8)	D-	D-	5	None
105.0	0.5	36	D-5	73	True	36.0	0.5	112.0	I	True	('D-', 'F', 'A-')	D-	D-	0.0	major triad	(1, 5, 8)	D-	D-	1	None
105.0	0.75	36	A-4	68	False	36.0	0.5	112.0	I	True	('D-', 'F', 'A-')	D-	D-	0.0	major triad	(1, 5, 8)	D-	D-	1	None
105.0	0.5	36	F3	53	True	36.0	0.5	112.0	I	True	('D-', 'F', 'A-')	D-	D-	0.0	major triad	(1, 5, 8)	D-	D-	1	None
105.0	0.5	36	D-3	49	True	36.0	0.5	112.0	I	True	('D-', 'F', 'A-')	D-	D-	0.0	major triad	(1, 5, 8)	D-	D-	1	None
105.5	0.5	36	C5	72	True	36.0	0.5	113.0	V7	True	('E-', 'G-', 'A-', 'C')	E-	A-	2.0	dominant seventh chord	(0, 3, 6, 8)	D-	D-	5	None
105.5	0.5	36	G-3	54	True	36.0	0.5	113.0	V7	True	('E-', 'G-', 'A-', 'C')	E-	A-	2.0	dominant seventh chord	(0, 3, 6, 8)	D-	D-	5	None
105.5	0.5	36	E-3	51	True	36.0	0.5	113.0	V7	True	('E-', 'G-', 'A-', 'C')	E-	A-	2.0	dominant seventh chord	(0, 3, 6, 8)	D-	D-	5	None
105.75	0.25	36	C4	60	True	36.0	0.5	113.0	V7	False	('E-', 'G-', 'A-', 'C')	E-	A-	2.0	dominant seventh chord	(0, 3, 6, 8)	D-	D-	5	None
106.0	0.5	36	B-4	70	True	36.0	0.5	114.0	vi7	True	('F', 'A-', 'B-', 'D-')	F	B-	2.0	minor seventh chord	(1, 5, 8, 10)	D-	D-	6	None
106.0	0.5	36	D-4	61	True	36.0	0.5	114.0	vi7	True	('F', 'A-', 'B-', 'D-')	F	B-	2.0	minor seventh chord	(1, 5, 8, 10)	D-	D-	6	None
106.0	0.5	36	A-3	56	True	36.0	0.5	114.0	vi7	True	('F', 'A-', 'B-', 'D-')	F	B-	2.0	minor seventh chord	(1, 5, 8, 10)	D-	D-	6	None
106.0	0.5	36	F3	53	True	36.0	0.5	114.0	vi7	True	('F', 'A-', 'B-', 'D-')	F	B-	2.0	minor seventh chord	(1, 5, 8, 10)	D-	D-	6	None
106.5	0.5	36	A-4	68	True	36.0	0.5	115.0	I	True	('F', 'A-', 'D-')	F	D-	1.0	major triad	(1, 5, 8)	D-	D-	1	None
106.5	0.5	36	D-4	61	True	36.0	0.5	115.0	I	True	('F', 'A-', 'D-')	F	D-	1.0	major triad	(1, 5, 8)	D-	D-	1	None
106.5	1.0	36	A-3	56	True	36.0	0.5	115.0	I	True	('F', 'A-', 'D-')	F	D-	1.0	major triad	(1, 5, 8)	D-	D-	1	None
106.5	0.5	36	F3	53	True	36.0	0.5	115.0	I	True	('F', 'A-', 'D-')	F	D-	1.0	major triad	(1, 5, 8)	D-	D-	1	None
107.0	0.5	36	B-4	70	True	36.0	0.5	116.0	V7	True	('E-', 'G-', 'A-', 'C')	E-	A-	2.0	dominant seventh chord	(0, 3, 6, 8)	D-	D-	5	None
107.0	1.0	36	C4	60	True	36.0	0.5	116.0	V7	True	('E-', 'G-', 'A-', 'C')	E-	A-	2.0	dominant seventh chord	(0, 3, 6, 8)	D-	D-	5	None
107.0	0.75	36	E-3	51	True	36.0	0.5	116.0	V7	True	('E-', 'G-', 'A-', 'C')	E-	A-	2.0	dominant seventh chord	(0, 3, 6, 8)	D-	D-	5	None
107.5	0.5	36	C5	72	True	36.0	0.5	117.0	V/iii	True	('E', 'G', 'C')	E	C	1.0	major triad	(0, 4, 7)	D-	f	5	3
107.5	0.25	36	A-3	56	False	36.0	0.5	117.0	V/iii	True	('E', 'G', 'C')	E	C	1.0	major triad	(0, 4, 7)	D-	f	5	3
107.75	0.25	36	G3	55	True	36.0	0.5	117.0	V/iii	False	('E', 'G', 'C')	E	C	1.0	major triad	(0, 4, 7)	D-	f	5	3
107.75	0.25	36	E3	52	True	36.0	0.5	117.0	V/iii	False	('E', 'G', 'C')	E	C	1.0	major triad	(0, 4, 7)	D-	f	5	3
108.0	0.5	37	C5	72	True	37.0	1.25	118.0	iii	True	('F', 'A-', 'C')	F	F	0.0	minor triad	(0, 5, 8)	D-	D-	3	None
108.0	0.5	37	C4	60	False	37.0	1.25	118.0	iii	True	('F', 'A-', 'C')	F	F	0.0	minor triad	(0, 5, 8)	D-	D-	3	None
108.0	0.5	37	A-3	56	True	37.0	1.25	118.0	iii	True	('F', 'A-', 'C')	F	F	0.0	minor triad	(0, 5, 8)	D-	D-	3	None
108.0	1.0	37	F3	53	True	37.0	1.25	118.0	iii	True	('F', 'A-', 'C')	F	F	0.0	minor triad	(0, 5, 8)	D-	D-	3	None
108.5	0.75	37	A-4	68	True	37.0	1.25	118.0	iii	False	('F', 'A-', 'C')	F	F	0.0	minor triad	(0, 5, 8)	D-	D-	3	None
108.5	0.75	37	F4	65	True	37.0	1.25	118.0	iii	False	('F', 'A-', 'C')	F	F	0.0	minor triad	(0, 5, 8)	D-	D-	3	None
108.5	0.75	37	C4	60	True	37.0	1.25	118.0	iii	False	('F', 'A-', 'C')	F	F	0.0	minor triad	(0, 5, 8)	D-	D-	3	None
109.0	0.5	37	F3	53	True	37.0	1.25	118.0	iii	False	('F', 'A-', 'C')	F	F	0.0	minor triad	(0, 5, 8)	D-	D-	3	None
109.25	0.25	37	A4	69	True	37.0	0.75	119.0	V/vi	True	('F', 'A', 'C')	F	F	0.0	major triad	(0, 5, 9)	D-	b-	5	6
109.25	0.25	37	C4	60	True	37.0	0.75	119.0	V/vi	True	('F', 'A', 'C')	F	F	0.0	major triad	(0, 5, 9)	D-	b-	5	6
109.25	0.25	37	A3	57	True	37.0	0.75	119.0	V/vi	True	('F', 'A', 'C')	F	F	0.0	major triad	(0, 5, 9)	D-	b-	5	6
109.5	0.5	37	F5	77	True	37.0	0.75	119.0	V/vi	False	('F', 'A', 'C')	F	F	0.0	major triad	(0, 5, 9)	D-	b-	5	6
109.5	0.25	37	C4	60	False	37.0	0.75	119.0	V/vi	False	('F', 'A', 'C')	F	F	0.0	major triad	(0, 5, 9)	D-	b-	5	6
109.5	0.25	37	A3	57	False	37.0	0.75	119.0	V/vi	False	('F', 'A', 'C')	F	F	0.0	major triad	(0, 5, 9)	D-	b-	5	6
109.5	0.5	37	F3	53	True	37.0	0.75	119.0	V/vi	False	('F', 'A', 'C')	F	F	0.0	major triad	(0, 5, 9)	D-	b-	5	6
109.75	0.25	37	D-4	61	True	37.0	0.75	119.0	V/vi	False	('F', 'A', 'C')	F	F	0.0	major triad	(0, 5, 9)	D-	b-	5	6
109.75	0.25	37	B-3	58	True	37.0	0.75	119.0	V/vi	False	('F', 'A', 'C')	F	F	0.0	major triad	(0, 5, 9)	D-	b-	5	6
110.0	0.5	37	F5	77	False	37.0	0.5	120.0	vi	True	('D-', 'F', 'B-')	D-	B-	1.0	minor triad	(1, 5, 10)	D-	D-	6	None
110.0	0.25	37	D-4	61	False	37.0	0.5	120.0	vi	True	('D-', 'F', 'B-')	D-	B-	1.0	minor triad	(1, 5, 10)	D-	D-	6	None
110.0	0.25	37	B-3	58	False	37.0	0.5	120.0	vi	True	('D-', 'F', 'B-')	D-	B-	1.0	minor triad	(1, 5, 10)	D-	D-	6	None
110.0	0.5	37	D-3	49	True	37.0	0.5	120.0	vi	True	('D-', 'F', 'B-')	D-	B-	1.0	minor triad	(1, 5, 10)	D-	D-	6	None
110.25	0.25	37	E-4	63	True	37.0	0.5	120.0	vi	False	('D-', 'F', 'B-')	D-	B-	1.0	minor triad	(1, 5, 10)	D-	D-	6	None
110.25	0.25	37	C4	60	True	37.0	0.5	120.0	vi	False	('D-', 'F', 'B-')	D-	B-	1.0	minor triad	(1, 5, 10)	D-	D-	6	None
110.5	0.5	37	F5	77	True	37.0	0.5	121.0	vi	True	('B-', 'D-', 'F')	B-	B-	0.0	minor triad	(1, 5, 10)	D-	D-	6	None
110.5	0.25	37	E-4	63	True	37.0	0.5	121.0	vi	True	('B-', 'D-', 'F')	B-	B-	0.0	minor triad	(1, 5, 10)	D-	D-	6	None
110.5	0.25	37	C4	60	True	37.0	0.5	121.0	vi	True	('B-', 'D-', 'F')	B-	B-	0.0	minor triad	(1, 5, 10)	D-	D-	6	None
110.5	0.5	37	B-2	46	True	37.0	0.5	121.0	vi	True	('B-', 'D-', 'F')	B-	B-	0.0	minor triad	(1, 5, 10)	D-	D-	6	None
110.75	0.25	37	F4	65	True	37.0	0.5	121.0	vi	False	('B-', 'D-', 'F')	B-	B-	0.0	minor triad	(1, 5, 10)	D-	D-	6	None
110.75	0.25	37	D-4	61	True	37.0	0.5	121.0	vi	False	('B-', 'D-', 'F')	B-	B-	0.0	minor triad	(1, 5, 10)	D-	D-	6	None
111.0	0.5	38	F5	77	True	38.0	0.5	122.0	vi	True	('B-', 'D-', 'F')	B-	B-	0.0	minor triad	(1, 5, 10)	D-	D-	6	None
111.0	0.5	38	F4	65	True	38.0	0.5	122.0	vi	True	('B-', 'D-', 'F')	B-	B-	0.0	minor triad	(1, 5, 10)	D-	D-	6	None
111.0	0.5	38	D-4	61	True	38.0	0.5	122.0	vi	True	('B-', 'D-', 'F')	B-	B-	0.0	minor triad	(1, 5, 10)	D-	D-	6	None
111.0	1.0	38	B-3	58	True	38.0	0.5	122.0	vi	True	('B-', 'D-', 'F')	B-	B-	0.0	minor triad	(1, 5, 10)	D-	D-	6	None
111.5	0.5	38	D5	74	True	38.0	1.0	123.0	V/ii	True	('B-', 'D', 'F')	B-	B-	0.0	major triad	(2, 5, 10)	D-	e-	5	2
111.5	0.75	38	B-4	70	True	38.0	1.0	123.0	V/ii	True	('B-', 'D', 'F')	B-	B-	0.0	major triad	(2, 5, 10)	D-	e-	5	2
111.5	1.0	38	D4	62	True	38.0	1.0	123.0	V/ii	True	('B-', 'D', 'F')	B-	B-	0.0	major triad	(2, 5, 10)	D-	e-	5	2
112.0	0.5	38	B-4	70	True	38.0	1.0	123.0	V/ii	False	('B-', 'D', 'F')	B-	B-	0.0	major triad	(2, 5, 10)	D-	e-	5	2
112.0	0.5	38	B-3	58	True	38.0	1.0	123.0	V/ii	False	('B-', 'D', 'F')	B-	B-	0.0	major triad	(2, 5, 10)	D-	e-	5	2
112.25	0.25	38	F4	65	True	38.0	1.0	123.0	V/ii	False	('B-', 'D', 'F')	B-	B-	0.0	major triad	(2, 5, 10)	D-	e-	5	2
112.5	0.5	38	B-5	82	True	38.0	0.5	124.0	ii	True	('B-', 'E-', 'G-')	B-	E-	2.0	minor triad	(3, 6, 10)	D-	D-	2	None
112.5	0.25	38	F4	65	False	38.0	0.5	124.0	ii	True	('B-', 'E-', 'G-')	B-	E-	2.0	minor triad	(3, 6, 10)	D-	D-	2	None
112.5	0.25	38	D4	62	False	38.0	0.5	124.0	ii	True	('B-', 'E-', 'G-')	B-	E-	2.0	minor triad	(3, 6, 10)	D-	D-	2	None
112.5	0.5	38	B-3	58	True	38.0	0.5	124.0	ii	True	('B-', 'E-', 'G-')	B-	E-	2.0	minor triad	(3, 6, 10)	D-	D-	2	None
112.75	0.25	38	G-4	66	True	38.0	0.5	124.0	ii	False	('B-', 'E-', 'G-')	B-	E-	2.0	minor triad	(3, 6, 10)	D-	D-	2	None
112.75	0.25	38	E-4	63	True	38.0	0.5	124.0	ii	False	('B-', 'E-', 'G-')	B-	E-	2.0	minor triad	(3, 6, 10)	D-	D-	2	None
113.0	0.5	38	B-5	82	False	38.0	0.5	125.0	ii	True	('G-', 'B-', 'E-')	G-	E-	1.0	minor triad	(3, 6, 10)	D-	D-	2	None
113.0	0.25	38	G-4	66	False	38.0	0.5	125.0	ii	True	('G-', 'B-', 'E-')	G-	E-	1.0	minor triad	(3, 6, 10)	D-	D-	2	None
113.0	0.25	38	E-4	63	False	38.0	0.5	125.0	ii	True	('G-', 'B-', 'E-')	G-	E-	1.0	minor triad	(3, 6, 10)	D-	D-	2	None
113.0	0.5	38	G-3	54	True	38.0	0.5	125.0	ii	True	('G-', 'B-', 'E-')	G-	E-	1.0	minor triad	(3, 6, 10)	D-	D-	2	None
113.25	0.25	38	A-4	68	True	38.0	0.5	125.0	ii	False	('G-', 'B-', 'E-')	G-	E-	1.0	minor triad	(3, 6, 10)	D-	D-	2	None
113.25	0.25	38	F4	65	True	38.0	0.5	125.0	ii	False	('G-', 'B-', 'E-')	G-	E-	1.0	minor triad	(3, 6, 10)	D-	D-	2	None
113.5	0.5	38	B-5	82	True	38.0	0.5	126.0	ii	True	('E-', 'G-', 'B-')	E-	E-	0.0	minor triad	(3, 6, 10)	D-	D-	2	None
113.5	0.25	38	A-4	68	True	38.0	0.5	126.0	ii	True	('E-', 'G-', 'B-')	E-	E-	0.0	minor triad	(3, 6, 10)	D-	D-	2	None
113.5	0.25	38	F4	65	True	38.0	0.5	126.0	ii	True	('E-', 'G-', 'B-')	E-	E-	0.0	minor triad	(3, 6, 10)	D-	D-	2	None
113.5	0.5	38	E-3	51	True	38.0	0.5	126.0	ii	True	('E-', 'G-', 'B-')	E-	E-	0.0	minor triad	(3, 6, 10)	D-	D-	2	None
113.75	0.25	38	B-4	70	True	38.0	0.5	126.0	ii	False	('E-', 'G-', 'B-')	E-	E-	0.0	minor triad	(3, 6, 10)	D-	D-	2	None
113.75	0.25	38	G-4	66	True	38.0	0.5	126.0	ii	False	('E-', 'G-', 'B-')	E-	E-	0.0	minor triad	(3, 6, 10)	D-	D-	2	None
114.0	0.5	39	B-5	82	True	39.0	1.5	127.0	ii	True	('G-', 'B-', 'E-')	G-	E-	1.0	minor triad	(3, 6, 10)	D-	D-	2	None
114.0	0.25	39	B-4	70	True	39.0	1.5	127.0	ii	True	('G-', 'B-', 'E-')	G-	E-	1.0	minor triad	(3, 6, 10)	D-	D-	2	None
114.0	0.25	39	G-4	66	True	39.0	1.5	127.0	ii	True	('G-', 'B-', 'E-')	G-	E-	1.0	minor triad	(3, 6, 10)	D-	D-	2	None
114.0	1.0	39	A-3	56	True	39.0	1.5	127.0	ii	True	('G-', 'B-', 'E-')	G-	E-	1.0	minor triad	(3, 6, 10)	D-	D-	2	None
114.25	0.25	39	E-4	63	True	39.0	1.5	127.0	ii	False	('G-', 'B-', 'E-')	G-	E-	1.0	minor triad	(3, 6, 10)	D-	D-	2	None
114.25	0.25	39	G-3	54	True	39.0	1.5	127.0	ii	False	('G-', 'B-', 'E-')	G-	E-	1.0	minor triad	(3, 6, 10)	D-	D-	2	None
114.5	0.5	39	G-5	78	True	39.0	1.5	127.0	ii	False	('G-', 'B-', 'E-')	G-	E-	1.0	minor triad	(3, 6, 10)	D-	D-	2	None
114.5	0.75	39	E-4	63	False	39.0	1.5	127.0	ii	False	('G-', 'B-', 'E-')	G-	E-	1.0	minor triad	(3, 6, 10)	D-	D-	2	None
114.5	0.75	39	G-3	54	False	39.0	1.5	127.0	ii	False	('G-', 'B-', 'E-')	G-	E-	1.0	minor triad	(3, 6, 10)	D-	D-	2	None
115.0	0.5	39	E-5	75	True	39.0	1.5	127.0	ii	False	('G-', 'B-', 'E-')	G-	E-	1.0	minor triad	(3, 6, 10)	D-	D-	2	None
115.0	0.5	39	A-3	56	True	39.0	1.5	127.0	ii	False	('G-', 'B-', 'E-')	G-	E-	1.0	minor triad	(3, 6, 10)	D-	D-	2	None
115.25	0.25	39	C4	60	True	39.0	1.5	127.0	ii	False	('G-', 'B-', 'E-')	G-	E-	1.0	minor triad	(3, 6, 10)	D-	D-	2	None
115.25	0.25	39	G-3	54	True	39.0	1.5	127.0	ii	False	('G-', 'B-', 'E-')	G-	E-	1.0	minor triad	(3, 6, 10)	D-	D-	2	None
115.5	0.5	39	A-5	80	True	39.0	0.5	128.0	I	True	('A-', 'D-', 'F')	A-	D-	2.0	major triad	(1, 5, 8)	D-	D-	1	None
115.5	0.25	39	C4	60	False	39.0	0.5	128.0	I	True	('A-', 'D-', 'F')	A-	D-	2.0	major triad	(1, 5, 8)	D-	D-	1	None
115.5	0.25	39	G-3	54	False	39.0	0.5	128.0	I	True	('A-', 'D-', 'F')	A-	D-	2.0	major triad	(1, 5, 8)	D-	D-	1	None
115.5	0.5	39	A-3	56	True	39.0	0.5	128.0	I	True	('A-', 'D-', 'F')	A-	D-	2.0	major triad	(1, 5, 8)	D-	D-	1	None
115.75	0.25	39	D-4	61	True	39.0	0.5	128.0	I	False	('A-', 'D-', 'F')	A-	D-	2.0	major triad	(1, 5, 8)	D-	D-	1	None
115.75	0.25	39	F3	53	True	39.0	0.5	128.0	I	False	('A-', 'D-', 'F')	A-	D-	2.0	major triad	(1, 5, 8)	D-	D-	1	None
116.0	0.5	39	A-5	80	False	39.0	0.5	129.0	I	True	('F', 'A-', 'D-')	F	D-	1.0	major triad	(1, 5, 8)	D-	D-	1	None
116.0	0.25	39	D-4	61	False	39.0	0.5	129.0	I	True	('F', 'A-', 'D-')	F	D-	1.0	major triad	(1, 5, 8)	D-	D-	1	None
116.0	0.25	39	F3	53	False	39.0	0.5	129.0	I	True	('F', 'A-', 'D-')	F	D-	1.0	major triad	(1, 5, 8)	D-	D-	1	None
116.0	0.5	39	F3	53	True	39.0	0.5	129.0	I	True	('F', 'A-', 'D-')	F	D-	1.0	major triad	(1, 5, 8)	D-	D-	1	None
116.25	0.25	39	E-4	63	True	39.0	0.5	129.0	I	False	('F', 'A-', 'D-')	F	D-	1.0	major triad	(1, 5, 8)	D-	D-	1	None
116.25	0.25	39	G-3	54	True	39.0	0.5	129.0	I	False	('F', 'A-', 'D-')	F	D-	1.0	major triad	(1, 5, 8)	D-	D-	1	None
116.5	0.5	39	A-5	80	True	39.0	0.5	130.0	I	True	('D-', 'F', 'A-')	D-	D-	0.0	major triad	(1, 5, 8)	D-	D-	1	None
116.5	0.25	39	E-4	63	True	39.0	0.5	130.0	I	True	('D-', 'F', 'A-')	D-	D-	0.0	major triad	(1, 5, 8)	D-	D-	1	None
116.5	0.25	39	G-3	54	True	39.0	0.5	130.0	I	True	('D-', 'F', 'A-')	D-	D-	0.0	major triad	(1, 5, 8)	D-	D-	1	None
116.5	0.5	39	D-3	49	True	39.0	0.5	130.0	I	True	('D-', 'F', 'A-')	D-	D-	0.0	major triad	(1, 5, 8)	D-	D-	1	None
116.75	0.25	39	F4	65	True	39.0	0.5	130.0	I	False	('D-', 'F', 'A-')	D-	D-	0.0	major triad	(1, 5, 8)	D-	D-	1	None
116.75	0.25	39	A-3	56	True	39.0	0.5	130.0	I	False	('D-', 'F', 'A-')	D-	D-	0.0	major triad	(1, 5, 8)	D-	D-	1	None
117.0	1.0	40	A-5	80	True	40.0	1.0	131.0	I	True	('A-', 'D-', 'F')	A-	D-	2.0	major triad	(1, 5, 8)	D-	D-	1	None
117.0	0.75	40	F4	65	True	40.0	1.0	131.0	I	True	('A-', 'D-', 'F')	A-	D-	2.0	major triad	(1, 5, 8)	D-	D-	1	None
117.0	0.5	40	D-4	61	True	40.0	1.0	131.0	I	True	('A-', 'D-', 'F')	A-	D-	2.0	major triad	(1, 5, 8)	D-	D-	1	None
117.0	0.5	40	A-2	44	True	40.0	1.0	131.0	I	True	('A-', 'D-', 'F')	A-	D-	2.0	major triad	(1, 5, 8)	D-	D-	1	None
117.5	0.75	40	A-3	56	True	40.0	1.0	131.0	I	False	('A-', 'D-', 'F')	A-	D-	2.0	major triad	(1, 5, 8)	D-	D-	1	None
117.5	0.5	40	F3	53	True	40.0	1.0	131.0	I	False	('A-', 'D-', 'F')	A-	D-	2.0	major triad	(1, 5, 8)	D-	D-	1	None
117.75	0.25	40	D-5	73	True	40.0	1.0	131.0	I	False	('A-', 'D-', 'F')	A-	D-	2.0	major triad	(1, 5, 8)	D-	D-	1	None
118.0	0.5	40	C6	84	True	40.0	0.5	132.0	V7	True	('A-', 'C', 'E-', 'G-')	A-	A-	0.0	dominant seventh chord	(0, 3, 6, 8)	D-	D-	5	None
118.0	0.5	40	C5	72	True	40.0	0.5	132.0	V7	True	('A-', 'C', 'E-', 'G-')	A-	A-	0.0	dominant seventh chord	(0, 3, 6, 8)	D-	D-	5	None
118.0	0.5	40	E-3	51	True	40.0	0.5	132.0	V7	True	('A-', 'C', 'E-', 'G-')	A-	A-	0.0	dominant seventh chord	(0, 3, 6, 8)	D-	D-	5	None
118.25	0.25	40	G-3	54	True	40.0	0.5	132.0	V7	False	('A-', 'C', 'E-', 'G-')	A-	A-	0.0	dominant seventh chord	(0, 3, 6, 8)	D-	D-	5	None
118.5	0.5	40	D-6	85	True	40.0	0.5	133.0	I	True	('D-', 'F', 'A-')	D-	D-	0.0	major triad	(1, 5, 8)	D-	D-	1	None
118.5	0.25	40	D-5	73	True	40.0	0.5	133.0	I	True	('D-', 'F', 'A-')	D-	D-	0.0	major triad	(1, 5, 8)	D-	D-	1	None
118.5	0.25	40	F3	53	True	40.0	0.5	133.0	I	True	('D-', 'F', 'A-')	D-	D-	0.0	major triad	(1, 5, 8)	D-	D-	1	None
118.5	0.5	40	D-3	49	True	40.0	0.5	133.0	I	True	('D-', 'F', 'A-')	D-	D-	0.0	major triad	(1, 5, 8)	D-	D-	1	None
118.75	0.25	40	A-4	68	True	40.0	0.5	133.0	I	False	('D-', 'F', 'A-')	D-	D-	0.0	major triad	(1, 5, 8)	D-	D-	1	None
118.75	0.25	40	F4	65	True	40.0	0.5	133.0	I	False	('D-', 'F', 'A-')	D-	D-	0.0	major triad	(1, 5, 8)	D-	D-	1	None
119.0	0.5	40	D-6	85	False	40.0	0.5	134.0	I	True	('F', 'A-', 'D-')	F	D-	1.0	major triad	(1, 5, 8)	D-	D-	1	None
119.0	0.25	40	A-4	68	False	40.0	0.5	134.0	I	True	('F', 'A-', 'D-')	F	D-	1.0	major triad	(1, 5, 8)	D-	D-	1	None
119.0	0.25	40	F4	65	False	40.0	0.5	134.0	I	True	('F', 'A-', 'D-')	F	D-	1.0	major triad	(1, 5, 8)	D-	D-	1	None
119.0	0.5	40	F2	41	True	40.0	0.5	134.0	I	True	('F', 'A-', 'D-')	F	D-	1.0	major triad	(1, 5, 8)	D-	D-	1	None
119.25	0.25	40	F5	77	True	40.0	0.5	134.0	I	False	('F', 'A-', 'D-')	F	D-	1.0	major triad	(1, 5, 8)	D-	D-	1	None
119.25	0.25	40	A-3	56	True	40.0	0.5	134.0	I	False	('F', 'A-', 'D-')	F	D-	1.0	major triad	(1, 5, 8)	D-	D-	1	None
119.5	0.5	40	A-5	80	True	40.0	0.5	135.0	V7	True	('G-', 'A-', 'C', 'E-')	G-	A-	3.0	dominant seventh chord	(0, 3, 6, 8)	D-	D-	5	None
119.5	0.5	40	E-5	75	True	40.0	0.5	135.0	V7	True	('G-', 'A-', 'C', 'E-')	G-	A-	3.0	dominant seventh chord	(0, 3, 6, 8)	D-	D-	5	None
119.5	0.5	40	G-3	54	True	40.0	0.5	135.0	V7	True	('G-', 'A-', 'C', 'E-')	G-	A-	3.0	dominant seventh chord	(0, 3, 6, 8)	D-	D-	5	None
119.5	0.5	40	G-2	42	True	40.0	0.5	135.0	V7	True	('G-', 'A-', 'C', 'E-')	G-	A-	3.0	dominant seventh chord	(0, 3, 6, 8)	D-	D-	5	None
120.0	0.5	41	A-5	80	False	41.0	1.0	136.0	I	True	('A-', 'D-', 'F')	A-	D-	2.0	major triad	(1, 5, 8)	D-	D-	1	None
120.0	0.25	41	D-5	73	True	41.0	1.0	136.0	I	True	('A-', 'D-', 'F')	A-	D-	2.0	major triad	(1, 5, 8)	D-	D-	1	None
120.0	0.25	41	F3	53	True	41.0	1.0	136.0	I	True	('A-', 'D-', 'F')	A-	D-	2.0	major triad	(1, 5, 8)	D-	D-	1	None
120.0	1.5	41	A-2	44	True	41.0	1.0	136.0	I	True	('A-', 'D-', 'F')	A-	D-	2.0	major triad	(1, 5, 8)	D-	D-	1	None
120.25	0.25	41	F4	65	True	41.0	1.0	136.0	I	False	('A-', 'D-', 'F')	A-	D-	2.0	major triad	(1, 5, 8)	D-	D-	1	None
120.25	0.25	41	D-3	49	True	41.0	1.0	136.0	I	False	('A-', 'D-', 'F')	A-	D-	2.0	major triad	(1, 5, 8)	D-	D-	1	None
120.5	0.5	41	F6	89	True	41.0	1.0	136.0	I	False	('A-', 'D-', 'F')	A-	D-	2.0	major triad	(1, 5, 8)	D-	D-	1	None
120.5	0.25	41	F4	65	False	41.0	1.0	136.0	I	False	('A-', 'D-', 'F')	A-	D-	2.0	major triad	(1, 5, 8)	D-	D-	1	None
120.5	0.25	41	D-3	49	False	41.0	1.0	136.0	I	False	('A-', 'D-', 'F')	A-	D-	2.0	major triad	(1, 5, 8)	D-	D-	1	None
120.75	0.25	41	D-5	73	True	41.0	1.0	136.0	I	False	('A-', 'D-', 'F')	A-	D-	2.0	major triad	(1, 5, 8)	D-	D-	1	None
120.75	0.25	41	F3	53	True	41.0	1.0	136.0	I	False	('A-', 'D-', 'F')	A-	D-	2.0	major triad	(1, 5, 8)	D-	D-	1	None
121.0	0.5	41	E-6	87	True	41.0	0.5	137.0	V7	True	('A-', 'C', 'E-', 'G-')	A-	A-	0.0	dominant seventh chord	(0, 3, 6, 8)	D-	D-	5	None
121.0	0.5	41	C5	72	True	41.0	0.5	137.0	V7	True	('A-', 'C', 'E-', 'G-')	A-	A-	0.0	dominant seventh chord	(0, 3, 6, 8)	D-	D-	5	None
121.0	0.5	41	G-3	54	True	41.0	0.5	137.0	V7	True	('A-', 'C', 'E-', 'G-')	A-	A-	0.0	dominant seventh chord	(0, 3, 6, 8)	D-	D-	5	None
121.5	0.5	41	D-6	85	True	41.0	0.5	138.0	I	True	('A-', 'D-', 'F')	A-	D-	2.0	major triad	(1, 5, 8)	D-	D-	1	None
121.5	0.25	41	D-5	73	True	41.0	0.5	138.0	I	True	('A-', 'D-', 'F')	A-	D-	2.0	major triad	(1, 5, 8)	D-	D-	1	None
121.5	0.5	41	F3	53	True	41.0	0.5	138.0	I	True	('A-', 'D-', 'F')	A-	D-	2.0	major triad	(1, 5, 8)	D-	D-	1	None
121.5	0.5	41	A-2	44	False	41.0	0.5	138.0	I	True	('A-', 'D-', 'F')	A-	D-	2.0	major triad	(1, 5, 8)	D-	D-	1	None
121.75	0.25	41	D-4	61	True	41.0	0.5	138.0	I	False	('A-', 'D-', 'F')	A-	D-	2.0	major triad	(1, 5, 8)	D-	D-	1	None
122.0	0.5	41	D-6	85	False	41.0	0.5	139.0	I	True	('F', 'A-', 'D-')	F	D-	1.0	major triad	(1, 5, 8)	D-	D-	1	None
122.0	0.25	41	D-4	61	False	41.0	0.5	139.0	I	True	('F', 'A-', 'D-')	F	D-	1.0	major triad	(1, 5, 8)	D-	D-	1	None
122.0	0.25	41	F3	53	False	41.0	0.5	139.0	I	True	('F', 'A-', 'D-')	F	D-	1.0	major triad	(1, 5, 8)	D-	D-	1	None
122.0	0.5	41	F2	41	True	41.0	0.5	139.0	I	True	('F', 'A-', 'D-')	F	D-	1.0	major triad	(1, 5, 8)	D-	D-	1	None
122.25	0.25	41	F4	65	True	41.0	0.5	139.0	I	False	('F', 'A-', 'D-')	F	D-	1.0	major triad	(1, 5, 8)	D-	D-	1	None
122.25	0.25	41	D-4	61	True	41.0	0.5	139.0	I	False	('F', 'A-', 'D-')	F	D-	1.0	major triad	(1, 5, 8)	D-	D-	1	None
122.5	0.5	41	A-5	80	True	41.0	0.5	140.0	V7	True	('G-', 'A-', 'C', 'E-')	G-	A-	3.0	dominant seventh chord	(0, 3, 6, 8)	D-	D-	5	None
122.5	0.5	41	E-4	63	True	41.0	0.5	140.0	V7	True	('G-', 'A-', 'C', 'E-')	G-	A-	3.0	dominant seventh chord	(0, 3, 6, 8)	D-	D-	5	None
122.5	0.5	41	C4	60	True	41.0	0.5	140.0	V7	True	('G-', 'A-', 'C', 'E-')	G-	A-	3.0	dominant seventh chord	(0, 3, 6, 8)	D-	D-	5	None
122.5	0.5	41	G-2	42	True	41.0	0.5	140.0	V7	True	('G-', 'A-', 'C', 'E-')	G-	A-	3.0	dominant seventh chord	(0, 3, 6, 8)	D-	D-	5	None
123.0	0.5	42	A-5	80	False	42.0	0.5	141.0	V	True	('A-', 'C', 'E-')	A-	A-	0.0	major triad	(0, 3, 8)	D-	D-	5	None
123.0	0.25	42	E-4	63	False	42.0	0.5	141.0	V	True	('A-', 'C', 'E-')	A-	A-	0.0	major triad	(0, 3, 8)	D-	D-	5	None
123.0	0.25	42	C4	60	False	42.0	0.5	141.0	V	True	('A-', 'C', 'E-')	A-	A-	0.0	major triad	(0, 3, 8)	D-	D-	5	None
123.0	0.5	42	A-2	44	True	42.0	0.5	141.0	V	True	('A-', 'C', 'E-')	A-	A-	0.0	major triad	(0, 3, 8)	D-	D-	5	None
123.25	0.25	42	D-4	61	True	42.0	0.5	141.0	V	False	('A-', 'C', 'E-')	A-	A-	0.0	major triad	(0, 3, 8)	D-	D-	5	None
123.25	0.25	42	F3	53	True	42.0	0.5	141.0	V	False	('A-', 'C', 'E-')	A-	A-	0.0	major triad	(0, 3, 8)	D-	D-	5	None
123.5	0.5	42	A-5	80	False	42.0	0.5	142.0	I	True	('F', 'A-', 'D-')	F	D-	1.0	major triad	(1, 5, 8)	D-	D-	1	None
123.5	0.25	42	D-4	61	False	42.0	0.5	142.0	I	True	('F', 'A-', 'D-')	F	D-	1.0	major triad	(1, 5, 8)	D-	D-	1	None
123.5	0.25	42	F3	53	False	42.0	0.5	142.0	I	True	('F', 'A-', 'D-')	F	D-	1.0	major triad	(1, 5, 8)	D-	D-	1	None
123.5	0.5	42	F3	53	True	42.0	0.5	142.0	I	True	('F', 'A-', 'D-')	F	D-	1.0	major triad	(1, 5, 8)	D-	D-	1	None
123.75	0.25	42	A-4	68	True	42.0	0.5	142.0	I	False	('F', 'A-', 'D-')	F	D-	1.0	major triad	(1, 5, 8)	D-	D-	1	None
123.75	0.25	42	A-3	56	True	42.0	0.5	142.0	I	False	('F', 'A-', 'D-')	F	D-	1.0	major triad	(1, 5, 8)	D-	D-	1	None
124.0	0.5	42	C6	84	True	42.0	0.5	143.0	V7	True	('E-', 'G-', 'A-', 'C')	E-	A-	2.0	dominant seventh chord	(0, 3, 6, 8)	D-	D-	5	None
124.0	0.5	42	G-4	66	True	42.0	0.5	143.0	V7	True	('E-', 'G-', 'A-', 'C')	E-	A-	2.0	dominant seventh chord	(0, 3, 6, 8)	D-	D-	5	None
124.0	0.5	42	A-3	56	False	42.0	0.5	143.0	V7	True	('E-', 'G-', 'A-', 'C')	E-	A-	2.0	dominant seventh chord	(0, 3, 6, 8)	D-	D-	5	None
124.0	0.5	42	E-3	51	True	42.0	0.5	143.0	V7	True	('E-', 'G-', 'A-', 'C')	E-	A-	2.0	dominant seventh chord	(0, 3, 6, 8)	D-	D-	5	None
124.5	0.5	42	D-6	85	True	42.0	0.5	144.0	I	True	('A-', 'D-', 'F')	A-	D-	2.0	major triad	(1, 5, 8)	D-	D-	1	None
124.5	0.25	42	G-4	66	False	42.0	0.5	144.0	I	True	('A-', 'D-', 'F')	A-	D-	2.0	major triad	(1, 5, 8)	D-	D-	1	None
124.5	0.25	42	A-3	56	False	42.0	0.5	144.0	I	True	('A-', 'D-', 'F')	A-	D-	2.0	major triad	(1, 5, 8)	D-	D-	1	None
124.5	0.5	42	D-3	49	True	42.0	0.5	144.0	I	True	('A-', 'D-', 'F')	A-	D-	2.0	major triad	(1, 5, 8)	D-	D-	1	None
124.75	0.5	42	F4	65	True	42.0	0.5	144.0	I	False	('A-', 'D-', 'F')	A-	D-	2.0	major triad	(1, 5, 8)	D-	D-	1	None
124.75	0.5	42	A-3	56	True	42.0	0.5	144.0	I	False	('A-', 'D-', 'F')	A-	D-	2.0	major triad	(1, 5, 8)	D-	D-	1	None
125.0	0.5	42	B-5	82	True	42.0	0.5	145.0	IV	True	('B-', 'D-', 'G-')	B-	G-	1.0	major triad	(1, 6, 10)	D-	D-	4	None
125.0	0.5	42	D-3	49	True	42.0	0.5	145.0	IV	True	('B-', 'D-', 'G-')	B-	G-	1.0	major triad	(1, 6, 10)	D-	D-	4	None
125.25	0.25	42	G-4	66	True	42.0	0.5	145.0	IV	False	('B-', 'D-', 'G-')	B-	G-	1.0	major triad	(1, 6, 10)	D-	D-	4	None
125.25	0.25	42	B-3	58	True	42.0	0.5	145.0	IV	False	('B-', 'D-', 'G-')	B-	G-	1.0	major triad	(1, 6, 10)	D-	D-	4	None
125.5	0.5	42	G-5	78	True	42.0	0.5	146.0	ii	True	('B-', 'E-', 'G-')	B-	E-	2.0	minor triad	(3, 6, 10)	D-	D-	2	None
125.5	0.25	42	G-4	66	True	42.0	0.5	146.0	ii	True	('B-', 'E-', 'G-')	B-	E-	2.0	minor triad	(3, 6, 10)	D-	D-	2	None
125.5	0.25	42	B-3	58	True	42.0	0.5	146.0	ii	True	('B-', 'E-', 'G-')	B-	E-	2.0	minor triad	(3, 6, 10)	D-	D-	2	None
125.5	0.5	42	D-3	49	True	42.0	0.5	146.0	ii	True	('B-', 'E-', 'G-')	B-	E-	2.0	minor triad	(3, 6, 10)	D-	D-	2	None
125.75	0.25	42	E-4	63	True	42.0	0.5	146.0	ii	False	('B-', 'E-', 'G-')	B-	E-	2.0	minor triad	(3, 6, 10)	D-	D-	2	None
125.75	0.25	42	C4	60	True	42.0	0.5	146.0	ii	False	('B-', 'E-', 'G-')	B-	E-	2.0	minor triad	(3, 6, 10)	D-	D-	2	None
126.0	0.25	43	F5	77	True	43.0	1.5	147.0	I	True	('D-', 'F', 'A-')	D-	D-	0.0	major triad	(1, 5, 8)	D-	D-	1	None
126.0	0.25	43	D-4	61	True	43.0	1.5	147.0	I	True	('D-', 'F', 'A-')	D-	D-	0.0	major triad	(1, 5, 8)	D-	D-	1	None
126.0	1.5	43	D-3	49	True	43.0	1.5	147.0	I	True	('D-', 'F', 'A-')	D-	D-	0.0	major triad	(1, 5, 8)	D-	D-	1	None
126.25	0.25	43	F5	77	True	43.0	1.5	147.0	I	False	('D-', 'F', 'A-')	D-	D-	0.0	major triad	(1, 5, 8)	D-	D-	1	None
126.25	0.25	43	F3	53	True	43.0	1.5	147.0	I	False	('D-', 'F', 'A-')	D-	D-	0.0	major triad	(1, 5, 8)	D-	D-	1	None
126.5	0.25	43	E-5	75	True	43.0	1.5	147.0	I	False	('D-', 'F', 'A-')	D-	D-	0.0	major triad	(1, 5, 8)	D-	D-	1	None
126.5	0.25	43	A-3	56	True	43.0	1.5	147.0	I	False	('D-', 'F', 'A-')	D-	D-	0.0	major triad	(1, 5, 8)	D-	D-	1	None
126.5	1.0	43	F3	53	False	43.0	1.5	147.0	I	False	('D-', 'F', 'A-')	D-	D-	0.0	major triad	(1, 5, 8)	D-	D-	1	None
126.75	0.25	43	D-4	61	True	43.0	1.5	147.0	I	False	('D-', 'F', 'A-')	D-	D-	0.0	major triad	(1, 5, 8)	D-	D-	1	None
126.875	0.125	43	B-4	70	True	43.0	1.5	147.0	I	False	('D-', 'F', 'A-')	D-	D-	0.0	major triad	(1, 5, 8)	D-	D-	1	None
127.0	0.5	43	A-4	68	True	43.0	1.5	147.0	I	False	('D-', 'F', 'A-')	D-	D-	0.0	major triad	(1, 5, 8)	D-	D-	1	None
127.0	0.25	43	E4	64	True	43.0	1.5	147.0	I	False	('D-', 'F', 'A-')	D-	D-	0.0	major triad	(1, 5, 8)	D-	D-	1	None
127.25	0.25	43	F4	65	True	43.0	1.5	147.0	I	False	('D-', 'F', 'A-')	D-	D-	0.0	major triad	(1, 5, 8)	D-	D-	1	None
127.5	1.5	43	E-3	51	True	43.0	1.5	148.0	V7	True	('E-', 'G-', 'A-', 'C')	E-	A-	2.0	dominant seventh chord	(0, 3, 6, 8)	D-	D-	5	None
127.75	0.25	43	D-5	73	True	43.0	1.5	148.0	V7	False	('E-', 'G-', 'A-', 'C')	E-	A-	2.0	dominant seventh chord	(0, 3, 6, 8)	D-	D-	5	None
127.75	0.25	43	G-3	54	True	43.0	1.5	148.0	V7	False	('E-', 'G-', 'A-', 'C')	E-	A-	2.0	dominant seventh chord	(0, 3, 6, 8)	D-	D-	5	None
128.0	0.25	43	C5	72	True	43.0	1.5	148.0	V7	False	('E-', 'G-', 'A-', 'C')	E-	A-	2.0	dominant seventh chord	(0, 3, 6, 8)	D-	D-	5	None
128.0	0.25	43	A-3	56	True	43.0	1.5	148.0	V7	False	('E-', 'G-', 'A-', 'C')	E-	A-	2.0	dominant seventh chord	(0, 3, 6, 8)	D-	D-	5	None
128.0	1.0	43	G-3	54	False	43.0	1.5	148.0	V7	False	('E-', 'G-', 'A-', 'C')	E-	A-	2.0	dominant seventh chord	(0, 3, 6, 8)	D-	D-	5	None
128.25	0.25	43	C4	60	True	43.0	1.5	148.0	V7	False	('E-', 'G-', 'A-', 'C')	E-	A-	2.0	dominant seventh chord	(0, 3, 6, 8)	D-	D-	5	None
128.375	0.125	43	B-5	82	True	43.0	1.5	148.0	V7	False	('E-', 'G-', 'A-', 'C')	E-	A-	2.0	dominant seventh chord	(0, 3, 6, 8)	D-	D-	5	None
128.5	0.5	43	A-5	80	True	43.0	1.5	148.0	V7	False	('E-', 'G-', 'A-', 'C')	E-	A-	2.0	dominant seventh chord	(0, 3, 6, 8)	D-	D-	5	None
128.5	0.25	43	F4	65	True	43.0	1.5	148.0	V7	False	('E-', 'G-', 'A-', 'C')	E-	A-	2.0	dominant seventh chord	(0, 3, 6, 8)	D-	D-	5	None
128.75	0.25	43	G-4	66	True	43.0	1.5	148.0	V7	False	('E-', 'G-', 'A-', 'C')	E-	A-	2.0	dominant seventh chord	(0, 3, 6, 8)	D-	D-	5	None
129.0	1.5	44	D-3	49	True	44.0	1.5	149.0	I	True	('D-', 'F', 'A-')	D-	D-	0.0	major triad	(1, 5, 8)	D-	D-	1	None
129.25	0.25	44	E-6	87	True	44.0	1.5	149.0	I	False	('D-', 'F', 'A-')	D-	D-	0.0	major triad	(1, 5, 8)	D-	D-	1	None
129.25	0.25	44	F3	53	True	44.0	1.5	149.0	I	False	('D-', 'F', 'A-')	D-	D-	0.0	major triad	(1, 5, 8)	D-	D-	1	None
129.5	0.25	44	D-6	85	True	44.0	1.5	149.0	I	False	('D-', 'F', 'A-')	D-	D-	0.0	major triad	(1, 5, 8)	D-	D-	1	None
129.5	0.25	44	A-3	56	True	44.0	1.5	149.0	I	False	('D-', 'F', 'A-')	D-	D-	0.0	major triad	(1, 5, 8)	D-	D-	1	None
129.5	1.0	44	F3	53	False	44.0	1.5	149.0	I	False	('D-', 'F', 'A-')	D-	D-	0.0	major triad	(1, 5, 8)	D-	D-	1	None
129.75	0.25	44	D-4	61	True	44.0	1.5	149.0	I	False	('D-', 'F', 'A-')	D-	D-	0.0	major triad	(1, 5, 8)	D-	D-	1	None
129.875	0.125	44	B-5	82	True	44.0	1.5	149.0	I	False	('D-', 'F', 'A-')	D-	D-	0.0	major triad	(1, 5, 8)	D-	D-	1	None
130.0	0.5	44	A-5	80	True	44.0	1.5	149.0	I	False	('D-', 'F', 'A-')	D-	D-	0.0	major triad	(1, 5, 8)	D-	D-	1	None
130.0	0.25	44	E4	64	True	44.0	1.5	149.0	I	False	('D-', 'F', 'A-')	D-	D-	0.0	major triad	(1, 5, 8)	D-	D-	1	None
130.25	0.25	44	F4	65	True	44.0	1.5	149.0	I	False	('D-', 'F', 'A-')	D-	D-	0.0	major triad	(1, 5, 8)	D-	D-	1	None
130.5	1.5	44	C3	48	True	44.0	1.5	150.0	V7	True	('C', 'E-', 'G-', 'A-')	C	A-	1.0	dominant seventh chord	(0, 3, 6, 8)	D-	D-	5	None
130.75	0.25	44	F5	77	True	44.0	1.5	150.0	V7	False	('C', 'E-', 'G-', 'A-')	C	A-	1.0	dominant seventh chord	(0, 3, 6, 8)	D-	D-	5	None
130.75	0.25	44	G-3	54	True	44.0	1.5	150.0	V7	False	('C', 'E-', 'G-', 'A-')	C	A-	1.0	dominant seventh chord	(0, 3, 6, 8)	D-	D-	5	None
131.0	0.25	44	E-5	75	True	44.0	1.5	150.0	V7	False	('C', 'E-', 'G-', 'A-')	C	A-	1.0	dominant seventh chord	(0, 3, 6, 8)	D-	D-	5	None
131.0	0.25	44	A-3	56	True	44.0	1.5	150.0	V7	False	('C', 'E-', 'G-', 'A-')	C	A-	1.0	dominant seventh chord	(0, 3, 6, 8)	D-	D-	5	None
131.0	1.0	44	G-3	54	False	44.0	1.5	150.0	V7	False	('C', 'E-', 'G-', 'A-')	C	A-	1.0	dominant seventh chord	(0, 3, 6, 8)	D-	D-	5	None
131.25	0.25	44	E-4	63	True	44.0	1.5	150.0	V7	False	('C', 'E-', 'G-', 'A-')	C	A-	1.0	dominant seventh chord	(0, 3, 6, 8)	D-	D-	5	None
131.375	0.125	44	B-5	82	True	44.0	1.5	150.0	V7	False	('C', 'E-', 'G-', 'A-')	C	A-	1.0	dominant seventh chord	(0, 3, 6, 8)	D-	D-	5	None
131.5	0.5	44	A-5	80	True	44.0	1.5	150.0	V7	False	('C', 'E-', 'G-', 'A-')	C	A-	1.0	dominant seventh chord	(0, 3, 6, 8)	D-	D-	5	None
131.5	0.25	44	F4	65	True	44.0	1.5	150.0	V7	False	('C', 'E-', 'G-', 'A-')	C	A-	1.0	dominant seventh chord	(0, 3, 6, 8)	D-	D-	5	None
131.75	0.25	44	G-4	66	True	44.0	1.5	150.0	V7	False	('C', 'E-', 'G-', 'A-')	C	A-	1.0	dominant seventh chord	(0, 3, 6, 8)	D-	D-	5	None
132.0	1.5	45	D-3	49	True	45.0	1.5	151.0	I	True	('D-', 'F', 'A-')	D-	D-	0.0	major triad	(1, 5, 8)	D-	D-	1	None
132.25	0.25	45	E-5	75	True	45.0	1.5	151.0	I	False	('D-', 'F', 'A-')	D-	D-	0.0	major triad	(1, 5, 8)	D-	D-	1	None
132.25	0.25	45	F3	53	True	45.0	1.5	151.0	I	False	('D-', 'F', 'A-')	D-	D-	0.0	major triad	(1, 5, 8)	D-	D-	1	None
132.5	0.25	45	D-5	73	True	45.0	1.5	151.0	I	False	('D-', 'F', 'A-')	D-	D-	0.0	major triad	(1, 5, 8)	D-	D-	1	None
132.5	0.25	45	A-3	56	True	45.0	1.5	151.0	I	False	('D-', 'F', 'A-')	D-	D-	0.0	major triad	(1, 5, 8)	D-	D-	1	None
132.5	1.0	45	F3	53	False	45.0	1.5	151.0	I	False	('D-', 'F', 'A-')	D-	D-	0.0	major triad	(1, 5, 8)	D-	D-	1	None
132.75	0.125	45	D-5	73	True	45.0	1.5	151.0	I	False	('D-', 'F', 'A-')	D-	D-	0.0	major triad	(1, 5, 8)	D-	D-	1	None
132.75	0.25	45	D-4	61	True	45.0	1.5	151.0	I	False	('D-', 'F', 'A-')	D-	D-	0.0	major triad	(1, 5, 8)	D-	D-	1	None
132.875	0.125	45	B-4	70	True	45.0	1.5	151.0	I	False	('D-', 'F', 'A-')	D-	D-	0.0	major triad	(1, 5, 8)	D-	D-	1	None
133.0	0.5	45	A-4	68	True	45.0	1.5	151.0	I	False	('D-', 'F', 'A-')	D-	D-	0.0	major triad	(1, 5, 8)	D-	D-	1	None
133.0	0.25	45	F4	65	True	45.0	1.5	151.0	I	False	('D-', 'F', 'A-')	D-	D-	0.0	major triad	(1, 5, 8)	D-	D-	1	None
133.25	0.25	45	F4	65	True	45.0	1.5	151.0	I	False	('D-', 'F', 'A-')	D-	D-	0.0	major triad	(1, 5, 8)	D-	D-	1	None
133.5	1.5	45	E-3	51	True	45.0	1.5	152.0	V7	True	('E-', 'G-', 'A-', 'C')	E-	A-	2.0	dominant seventh chord	(0, 3, 6, 8)	D-	D-	5	None
133.75	0.25	45	D-5	73	True	45.0	1.5	152.0	V7	False	('E-', 'G-', 'A-', 'C')	E-	A-	2.0	dominant seventh chord	(0, 3, 6, 8)	D-	D-	5	None
133.75	0.25	45	G-3	54	True	45.0	1.5	152.0	V7	False	('E-', 'G-', 'A-', 'C')	E-	A-	2.0	dominant seventh chord	(0, 3, 6, 8)	D-	D-	5	None
134.0	0.25	45	C5	72	True	45.0	1.5	152.0	V7	False	('E-', 'G-', 'A-', 'C')	E-	A-	2.0	dominant seventh chord	(0, 3, 6, 8)	D-	D-	5	None
134.0	0.25	45	A-3	56	True	45.0	1.5	152.0	V7	False	('E-', 'G-', 'A-', 'C')	E-	A-	2.0	dominant seventh chord	(0, 3, 6, 8)	D-	D-	5	None
134.0	1.0	45	G-3	54	False	45.0	1.5	152.0	V7	False	('E-', 'G-', 'A-', 'C')	E-	A-	2.0	dominant seventh chord	(0, 3, 6, 8)	D-	D-	5	None
134.25	0.125	45	C5	72	True	45.0	1.5	152.0	V7	False	('E-', 'G-', 'A-', 'C')	E-	A-	2.0	dominant seventh chord	(0, 3, 6, 8)	D-	D-	5	None
134.25	0.25	45	C4	60	True	45.0	1.5	152.0	V7	False	('E-', 'G-', 'A-', 'C')	E-	A-	2.0	dominant seventh chord	(0, 3, 6, 8)	D-	D-	5	None
134.375	0.125	45	B-5	82	True	45.0	1.5	152.0	V7	False	('E-', 'G-', 'A-', 'C')	E-	A-	2.0	dominant seventh chord	(0, 3, 6, 8)	D-	D-	5	None
134.5	0.5	45	A-5	80	True	45.0	1.5	152.0	V7	False	('E-', 'G-', 'A-', 'C')	E-	A-	2.0	dominant seventh chord	(0, 3, 6, 8)	D-	D-	5	None
134.5	0.25	45	F4	65	True	45.0	1.5	152.0	V7	False	('E-', 'G-', 'A-', 'C')	E-	A-	2.0	dominant seventh chord	(0, 3, 6, 8)	D-	D-	5	None
134.75	0.25	45	G-4	66	True	45.0	1.5	152.0	V7	False	('E-', 'G-', 'A-', 'C')	E-	A-	2.0	dominant seventh chord	(0, 3, 6, 8)	D-	D-	5	None
135.0	1.5	46	D-3	49	True	46.0	1.5	153.0	I	True	('D-', 'F', 'A-')	D-	D-	0.0	major triad	(1, 5, 8)	D-	D-	1	None
135.25	0.25	46	E-6	87	True	46.0	1.5	153.0	I	False	('D-', 'F', 'A-')	D-	D-	0.0	major triad	(1, 5, 8)	D-	D-	1	None
135.25	0.25	46	F3	53	True	46.0	1.5	153.0	I	False	('D-', 'F', 'A-')	D-	D-	0.0	major triad	(1, 5, 8)	D-	D-	1	None
135.5	0.25	46	D-6	85	True	46.0	1.5	153.0	I	False	('D-', 'F', 'A-')	D-	D-	0.0	major triad	(1, 5, 8)	D-	D-	1	None
135.5	0.25	46	A-3	56	True	46.0	1.5	153.0	I	False	('D-', 'F', 'A-')	D-	D-	0.0	major triad	(1, 5, 8)	D-	D-	1	None
135.5	1.0	46	F3	53	False	46.0	1.5	153.0	I	False	('D-', 'F', 'A-')	D-	D-	0.0	major triad	(1, 5, 8)	D-	D-	1	None
135.75	0.125	46	D-6	85	True	46.0	1.5	153.0	I	False	('D-', 'F', 'A-')	D-	D-	0.0	major triad	(1, 5, 8)	D-	D-	1	None
135.75	0.25	46	D-4	61	True	46.0	1.5	153.0	I	False	('D-', 'F', 'A-')	D-	D-	0.0	major triad	(1, 5, 8)	D-	D-	1	None
135.875	0.125	46	B-5	82	True	46.0	1.5	153.0	I	False	('D-', 'F', 'A-')	D-	D-	0.0	major triad	(1, 5, 8)	D-	D-	1	None
136.0	0.5	46	A-5	80	True	46.0	1.5	153.0	I	False	('D-', 'F', 'A-')	D-	D-	0.0	major triad	(1, 5, 8)	D-	D-	1	None
136.0	0.25	46	E4	64	True	46.0	1.5	153.0	I	False	('D-', 'F', 'A-')	D-	D-	0.0	major triad	(1, 5, 8)	D-	D-	1	None
136.25	0.25	46	F4	65	True	46.0	1.5	153.0	I	False	('D-', 'F', 'A-')	D-	D-	0.0	major triad	(1, 5, 8)	D-	D-	1	None
136.5	1.0	46	C3	48	True	46.0	1.25	154.0	V7	True	('C', 'E-', 'G-', 'A-')	C	A-	1.0	dominant seventh chord	(0, 3, 6, 8)	D-	D-	5	None
136.75	0.25	46	F5	77	True	46.0	1.25	154.0	V7	False	('C', 'E-', 'G-', 'A-')	C	A-	1.0	dominant seventh chord	(0, 3, 6, 8)	D-	D-	5	None
136.75	0.25	46	E-3	51	True	46.0	1.25	154.0	V7	False	('C', 'E-', 'G-', 'A-')	C	A-	1.0	dominant seventh chord	(0, 3, 6, 8)	D-	D-	5	None
137.0	0.25	46	E-5	75	True	46.0	1.25	154.0	V7	False	('C', 'E-', 'G-', 'A-')	C	A-	1.0	dominant seventh chord	(0, 3, 6, 8)	D-	D-	5	None
137.0	0.25	46	A-3	56	True	46.0	1.25	154.0	V7	False	('C', 'E-', 'G-', 'A-')	C	A-	1.0	dominant seventh chord	(0, 3, 6, 8)	D-	D-	5	None
137.0	0.5	46	E-3	51	False	46.0	1.25	154.0	V7	False	('C', 'E-', 'G-', 'A-')	C	A-	1.0	dominant seventh chord	(0, 3, 6, 8)	D-	D-	5	None
137.25	0.125	46	E-5	75	True	46.0	1.25	154.0	V7	False	('C', 'E-', 'G-', 'A-')	C	A-	1.0	dominant seventh chord	(0, 3, 6, 8)	D-	D-	5	None
137.25	0.25	46	C4	60	True	46.0	1.25	154.0	V7	False	('C', 'E-', 'G-', 'A-')	C	A-	1.0	dominant seventh chord	(0, 3, 6, 8)	D-	D-	5	None
137.375	0.125	46	B-5	82	True	46.0	1.25	154.0	V7	False	('C', 'E-', 'G-', 'A-')	C	A-	1.0	dominant seventh chord	(0, 3, 6, 8)	D-	D-	5	None
137.5	0.25	46	A-5	80	True	46.0	1.25	154.0	V7	False	('C', 'E-', 'G-', 'A-')	C	A-	1.0	dominant seventh chord	(0, 3, 6, 8)	D-	D-	5	None
137.5	0.25	46	E-4	63	True	46.0	1.25	154.0	V7	False	('C', 'E-', 'G-', 'A-')	C	A-	1.0	dominant seventh chord	(0, 3, 6, 8)	D-	D-	5	None
137.5	0.25	46	E-3	51	False	46.0	1.25	154.0	V7	False	('C', 'E-', 'G-', 'A-')	C	A-	1.0	dominant seventh chord	(0, 3, 6, 8)	D-	D-	5	None
137.5	0.25	46	C3	48	False	46.0	1.25	154.0	V7	False	('C', 'E-', 'G-', 'A-')	C	A-	1.0	dominant seventh chord	(0, 3, 6, 8)	D-	D-	5	None
137.75	0.125	46	E-5	75	True	46.0	0.25	155.0	vi7	True	('B-', 'D-', 'F', 'A-')	B-	B-	0.0	minor seventh chord	(1, 5, 8, 10)	D-	D-	6	None
137.75	0.25	46	G-4	66	True	46.0	0.25	155.0	vi7	True	('B-', 'D-', 'F', 'A-')	B-	B-	0.0	minor seventh chord	(1, 5, 8, 10)	D-	D-	6	None
137.75	0.25	46	D-3	49	True	46.0	0.25	155.0	vi7	True	('B-', 'D-', 'F', 'A-')	B-	B-	0.0	minor seventh chord	(1, 5, 8, 10)	D-	D-	6	None
137.75	0.25	46	B-2	46	True	46.0	0.25	155.0	vi7	True	('B-', 'D-', 'F', 'A-')	B-	B-	0.0	minor seventh chord	(1, 5, 8, 10)	D-	D-	6	None
137.875	0.125	46	G-5	78	True	46.0	0.25	155.0	vi7	False	('B-', 'D-', 'F', 'A-')	B-	B-	0.0	minor seventh chord	(1, 5, 8, 10)	D-	D-	6	None
138.0	0.25	47	F5	77	True	47.0	1.5	156.0	V7/vi	True	('A', 'C', 'E-', 'F')	A	F	1.0	dominant seventh chord	(0, 3, 5, 9)	D-	b-	5	6
138.0	0.25	47	A2	45	True	47.0	1.5	156.0	V7/vi	True	('A', 'C', 'E-', 'F')	A	F	1.0	dominant seventh chord	(0, 3, 5, 9)	D-	b-	5	6
138.25	0.25	47	D-6	85	True	47.0	1.5	156.0	V7/vi	False	('A', 'C', 'E-', 'F')	A	F	1.0	dominant seventh chord	(0, 3, 5, 9)	D-	b-	5	6
138.25	0.25	47	C4	60	True	47.0	1.5	156.0	V7/vi	False	('A', 'C', 'E-', 'F')	A	F	1.0	dominant seventh chord	(0, 3, 5, 9)	D-	b-	5	6
138.25	0.25	47	A3	57	True	47.0	1.5	156.0	V7/vi	False	('A', 'C', 'E-', 'F')	A	F	1.0	dominant seventh chord	(0, 3, 5, 9)	D-	b-	5	6
138.5	0.25	47	C6	84	True	47.0	1.5	156.0	V7/vi	False	('A', 'C', 'E-', 'F')	A	F	1.0	dominant seventh chord	(0, 3, 5, 9)	D-	b-	5	6
138.5	0.25	47	E-4	63	True	47.0	1.5	156.0	V7/vi	False	('A', 'C', 'E-', 'F')	A	F	1.0	dominant seventh chord	(0, 3, 5, 9)	D-	b-	5	6
138.5	1.0	47	C4	60	False	47.0	1.5	156.0	V7/vi	False	('A', 'C', 'E-', 'F')	A	F	1.0	dominant seventh chord	(0, 3, 5, 9)	D-	b-	5	6
138.5	1.0	47	A3	57	False	47.0	1.5	156.0	V7/vi	False	('A', 'C', 'E-', 'F')	A	F	1.0	dominant seventh chord	(0, 3, 5, 9)	D-	b-	5	6
138.75	0.125	47	C6	84	True	47.0	1.5	156.0	V7/vi	False	('A', 'C', 'E-', 'F')	A	F	1.0	dominant seventh chord	(0, 3, 5, 9)	D-	b-	5	6
138.75	0.25	47	F4	65	True	47.0	1.5	156.0	V7/vi	False	('A', 'C', 'E-', 'F')	A	F	1.0	dominant seventh chord	(0, 3, 5, 9)	D-	b-	5	6
138.875	0.125	47	G-5	78	True	47.0	1.5	156.0	V7/vi	False	('A', 'C', 'E-', 'F')	A	F	1.0	dominant seventh chord	(0, 3, 5, 9)	D-	b-	5	6
139.0	0.5	47	F5	77	True	47.0	1.5	156.0	V7/vi	False	('A', 'C', 'E-', 'F')	A	F	1.0	dominant seventh chord	(0, 3, 5, 9)	D-	b-	5	6
139.0	0.25	47	A4	69	True	47.0	1.5	156.0	V7/vi	False	('A', 'C', 'E-', 'F')	A	F	1.0	dominant seventh chord	(0, 3, 5, 9)	D-	b-	5	6
139.25	0.25	47	C5	72	True	47.0	1.5	156.0	V7/vi	False	('A', 'C', 'E-', 'F')	A	F	1.0	dominant seventh chord	(0, 3, 5, 9)	D-	b-	5	6
139.5	0.25	47	A-2	44	True	47.0	1.5	157.0	V7/ii	True	('A-', 'B-', 'D', 'F')	A-	B-	3.0	dominant seventh chord	(2, 5, 8, 10)	D-	e-	5	2
139.75	0.25	47	G-5	78	True	47.0	1.5	157.0	V7/ii	False	('A-', 'B-', 'D', 'F')	A-	B-	3.0	dominant seventh chord	(2, 5, 8, 10)	D-	e-	5	2
139.75	0.25	47	B-3	58	True	47.0	1.5	157.0	V7/ii	False	('A-', 'B-', 'D', 'F')	A-	B-	3.0	dominant seventh chord	(2, 5, 8, 10)	D-	e-	5	2
139.75	0.25	47	A-3	56	True	47.0	1.5	157.0	V7/ii	False	('A-', 'B-', 'D', 'F')	A-	B-	3.0	dominant seventh chord	(2, 5, 8, 10)	D-	e-	5	2
140.0	0.25	47	F5	77	True	47.0	1.5	157.0	V7/ii	False	('A-', 'B-', 'D', 'F')	A-	B-	3.0	dominant seventh chord	(2, 5, 8, 10)	D-	e-	5	2
140.0	0.25	47	D4	62	True	47.0	1.5	157.0	V7/ii	False	('A-', 'B-', 'D', 'F')	A-	B-	3.0	dominant seventh chord	(2, 5, 8, 10)	D-	e-	5	2
140.0	1.0	47	B-3	58	False	47.0	1.5	157.0	V7/ii	False	('A-', 'B-', 'D', 'F')	A-	B-	3.0	dominant seventh chord	(2, 5, 8, 10)	D-	e-	5	2
140.0	1.0	47	A-3	56	False	47.0	1.5	157.0	V7/ii	False	('A-', 'B-', 'D', 'F')	A-	B-	3.0	dominant seventh chord	(2, 5, 8, 10)	D-	e-	5	2
140.25	0.125	47	F5	77	True	47.0	1.5	157.0	V7/ii	False	('A-', 'B-', 'D', 'F')	A-	B-	3.0	dominant seventh chord	(2, 5, 8, 10)	D-	e-	5	2
140.25	0.25	47	F4	65	True	47.0	1.5	157.0	V7/ii	False	('A-', 'B-', 'D', 'F')	A-	B-	3.0	dominant seventh chord	(2, 5, 8, 10)	D-	e-	5	2
140.375	0.125	47	C-6	83	True	47.0	1.5	157.0	V7/ii	False	('A-', 'B-', 'D', 'F')	A-	B-	3.0	dominant seventh chord	(2, 5, 8, 10)	D-	e-	5	2
140.5	0.25	47	B-5	82	True	47.0	1.5	157.0	V7/ii	False	('A-', 'B-', 'D', 'F')	A-	B-	3.0	dominant seventh chord	(2, 5, 8, 10)	D-	e-	5	2
140.5	0.25	47	A-4	68	True	47.0	1.5	157.0	V7/ii	False	('A-', 'B-', 'D', 'F')	A-	B-	3.0	dominant seventh chord	(2, 5, 8, 10)	D-	e-	5	2
140.75	0.25	47	B-4	70	True	47.0	1.5	157.0	V7/ii	False	('A-', 'B-', 'D', 'F')	A-	B-	3.0	dominant seventh chord	(2, 5, 8, 10)	D-	e-	5	2
141.0	0.25	48	G2	43	True	48.0	1.5	158.0	V7/V	True	('G', 'B-', 'D-', 'E-')	G	E-	1.0	dominant seventh chord	(1, 3, 7, 10)	D-	A-	5	5
141.25	0.25	48	C-6	83	True	48.0	1.5	158.0	V7/V	False	('G', 'B-', 'D-', 'E-')	G	E-	1.0	dominant seventh chord	(1, 3, 7, 10)	D-	A-	5	5
141.25	0.25	48	B-3	58	True	48.0	1.5	158.0	V7/V	False	('G', 'B-', 'D-', 'E-')	G	E-	1.0	dominant seventh chord	(1, 3, 7, 10)	D-	A-	5	5
141.25	0.25	48	G3	55	True	48.0	1.5	158.0	V7/V	False	('G', 'B-', 'D-', 'E-')	G	E-	1.0	dominant seventh chord	(1, 3, 7, 10)	D-	A-	5	5
141.5	0.25	48	B-5	82	True	48.0	1.5	158.0	V7/V	False	('G', 'B-', 'D-', 'E-')	G	E-	1.0	dominant seventh chord	(1, 3, 7, 10)	D-	A-	5	5
141.5	0.25	48	D-4	61	True	48.0	1.5	158.0	V7/V	False	('G', 'B-', 'D-', 'E-')	G	E-	1.0	dominant seventh chord	(1, 3, 7, 10)	D-	A-	5	5
141.5	1.0	48	B-3	58	False	48.0	1.5	158.0	V7/V	False	('G', 'B-', 'D-', 'E-')	G	E-	1.0	dominant seventh chord	(1, 3, 7, 10)	D-	A-	5	5
141.5	1.0	48	G3	55	False	48.0	1.5	158.0	V7/V	False	('G', 'B-', 'D-', 'E-')	G	E-	1.0	dominant seventh chord	(1, 3, 7, 10)	D-	A-	5	5
141.75	0.125	48	B-5	82	True	48.0	1.5	158.0	V7/V	False	('G', 'B-', 'D-', 'E-')	G	E-	1.0	dominant seventh chord	(1, 3, 7, 10)	D-	A-	5	5
141.75	0.25	48	E-4	63	True	48.0	1.5	158.0	V7/V	False	('G', 'B-', 'D-', 'E-')	G	E-	1.0	dominant seventh chord	(1, 3, 7, 10)	D-	A-	5	5
141.875	0.125	48	F-5	76	True	48.0	1.5	158.0	V7/V	False	('G', 'B-', 'D-', 'E-')	G	E-	1.0	dominant seventh chord	(1, 3, 7, 10)	D-	A-	5	5
142.0	0.5	48	E-5	75	True	48.0	1.5	158.0	V7/V	False	('G', 'B-', 'D-', 'E-')	G	E-	1.0	dominant seventh chord	(1, 3, 7, 10)	D-	A-	5	5
142.0	0.25	48	G4	67	True	48.0	1.5	158.0	V7/V	False	('G', 'B-', 'D-', 'E-')	G	E-	1.0	dominant seventh chord	(1, 3, 7, 10)	D-	A-	5	5
142.25	0.25	48	B-4	70	True	48.0	1.5	158.0	V7/V	False	('G', 'B-', 'D-', 'E-')	G	E-	1.0	dominant seventh chord	(1, 3, 7, 10)	D-	A-	5	5
142.5	0.25	48	G-2	42	True	48.0	1.5	159.0	V7	True	('G-', 'A-', 'C', 'E-')	G-	A-	3.0	dominant seventh chord	(0, 3, 6, 8)	D-	D-	5	None
142.75	0.25	48	F5	77	True	48.0	1.5	159.0	V7	False	('G-', 'A-', 'C', 'E-')	G-	A-	3.0	dominant seventh chord	(0, 3, 6, 8)	D-	D-	5	None
142.75	0.25	48	A-3	56	True	48.0	1.5	159.0	V7	False	('G-', 'A-', 'C', 'E-')	G-	A-	3.0	dominant seventh chord	(0, 3, 6, 8)	D-	D-	5	None
142.75	0.25	48	G-3	54	True	48.0	1.5	159.0	V7	False	('G-', 'A-', 'C', 'E-')	G-	A-	3.0	dominant seventh chord	(0, 3, 6, 8)	D-	D-	5	None
143.0	0.25	48	E-5	75	True	48.0	1.5	159.0	V7	False	('G-', 'A-', 'C', 'E-')	G-	A-	3.0	dominant seventh chord	(0, 3, 6, 8)	D-	D-	5	None
143.0	0.25	48	C4	60	True	48.0	1.5	159.0	V7	False	('G-', 'A-', 'C', 'E-')	G-	A-	3.0	dominant seventh chord	(0, 3, 6, 8)	D-	D-	5	None
143.0	1.0	48	A-3	56	False	48.0	1.5	159.0	V7	False	('G-', 'A-', 'C', 'E-')	G-	A-	3.0	dominant seventh chord	(0, 3, 6, 8)	D-	D-	5	None
143.0	1.0	48	G-3	54	False	48.0	1.5	159.0	V7	False	('G-', 'A-', 'C', 'E-')	G-	A-	3.0	dominant seventh chord	(0, 3, 6, 8)	D-	D-	5	None
143.25	0.125	48	E-5	75	True	48.0	1.5	159.0	V7	False	('G-', 'A-', 'C', 'E-')	G-	A-	3.0	dominant seventh chord	(0, 3, 6, 8)	D-	D-	5	None
143.25	0.25	48	E-4	63	True	48.0	1.5	159.0	V7	False	('G-', 'A-', 'C', 'E-')	G-	A-	3.0	dominant seventh chord	(0, 3, 6, 8)	D-	D-	5	None
143.375	0.125	48	B-5	82	True	48.0	1.5	159.0	V7	False	('G-', 'A-', 'C', 'E-')	G-	A-	3.0	dominant seventh chord	(0, 3, 6, 8)	D-	D-	5	None
143.5	0.5	48	A-5	80	True	48.0	1.5	159.0	V7	False	('G-', 'A-', 'C', 'E-')	G-	A-	3.0	dominant seventh chord	(0, 3, 6, 8)	D-	D-	5	None
143.5	0.25	48	G-4	66	True	48.0	1.5	159.0	V7	False	('G-', 'A-', 'C', 'E-')	G-	A-	3.0	dominant seventh chord	(0, 3, 6, 8)	D-	D-	5	None
143.75	0.25	48	A-4	68	True	48.0	1.5	159.0	V7	False	('G-', 'A-', 'C', 'E-')	G-	A-	3.0	dominant seventh chord	(0, 3, 6, 8)	D-	D-	5	None
144.0	0.25	49	G-2	42	True	49.0	1.5	160.0	V7	True	('G-', 'A-', 'C', 'E-')	G-	A-	3.0	dominant seventh chord	(0, 3, 6, 8)	D-	D-	5	None
144.25	0.25	49	B-5	82	True	49.0	1.5	160.0	V7	False	('G-', 'A-', 'C', 'E-')	G-	A-	3.0	dominant seventh chord	(0, 3, 6, 8)	D-	D-	5	None
144.25	0.25	49	A-3	56	True	49.0	1.5	160.0	V7	False	('G-', 'A-', 'C', 'E-')	G-	A-	3.0	dominant seventh chord	(0, 3, 6, 8)	D-	D-	5	None
144.25	0.25	49	G-3	54	True	49.0	1.5	160.0	V7	False	('G-', 'A-', 'C', 'E-')	G-	A-	3.0	dominant seventh chord	(0, 3, 6, 8)	D-	D-	5	None
144.5	0.25	49	A-5	80	True	49.0	1.5	160.0	V7	False	('G-', 'A-', 'C', 'E-')	G-	A-	3.0	dominant seventh chord	(0, 3, 6, 8)	D-	D-	5	None
144.5	0.25	49	C4	60	True	49.0	1.5	160.0	V7	False	('G-', 'A-', 'C', 'E-')	G-	A-	3.0	dominant seventh chord	(0, 3, 6, 8)	D-	D-	5	None
144.5	1.0	49	A-3	56	False	49.0	1.5	160.0	V7	False	('G-', 'A-', 'C', 'E-')	G-	A-	3.0	dominant seventh chord	(0, 3, 6, 8)	D-	D-	5	None
144.5	1.0	49	G-3	54	False	49.0	1.5	160.0	V7	False	('G-', 'A-', 'C', 'E-')	G-	A-	3.0	dominant seventh chord	(0, 3, 6, 8)	D-	D-	5	None
144.75	0.125	49	A-5	80	True	49.0	1.5	160.0	V7	False	('G-', 'A-', 'C', 'E-')	G-	A-	3.0	dominant seventh chord	(0, 3, 6, 8)	D-	D-	5	None
144.75	0.25	49	E-4	63	True	49.0	1.5	160.0	V7	False	('G-', 'A-', 'C', 'E-')	G-	A-	3.0	dominant seventh chord	(0, 3, 6, 8)	D-	D-	5	None
144.875	0.125	49	F5	77	True	49.0	1.5	160.0	V7	False	('G-', 'A-', 'C', 'E-')	G-	A-	3.0	dominant seventh chord	(0, 3, 6, 8)	D-	D-	5	None
145.0	0.5	49	E-5	75	True	49.0	1.5	160.0	V7	False	('G-', 'A-', 'C', 'E-')	G-	A-	3.0	dominant seventh chord	(0, 3, 6, 8)	D-	D-	5	None
145.0	0.25	49	G-4	66	True	49.0	1.5	160.0	V7	False	('G-', 'A-', 'C', 'E-')	G-	A-	3.0	dominant seventh chord	(0, 3, 6, 8)	D-	D-	5	None
145.25	0.25	49	A-4	68	True	49.0	1.5	160.0	V7	False	('G-', 'A-', 'C', 'E-')	G-	A-	3.0	dominant seventh chord	(0, 3, 6, 8)	D-	D-	5	None
145.5	0.25	49	F2	41	True	49.0	1.5	161.0	I	True	('F', 'A-', 'D-')	F	D-	1.0	major triad	(1, 5, 8)	D-	D-	1	None
145.75	0.25	49	B-5	82	True	49.0	1.5	161.0	I	False	('F', 'A-', 'D-')	F	D-	1.0	major triad	(1, 5, 8)	D-	D-	1	None
145.75	0.25	49	A-3	56	True	49.0	1.5	161.0	I	False	('F', 'A-', 'D-')	F	D-	1.0	major triad	(1, 5, 8)	D-	D-	1	None
145.75	0.25	49	F3	53	True	49.0	1.5	161.0	I	False	('F', 'A-', 'D-')	F	D-	1.0	major triad	(1, 5, 8)	D-	D-	1	None
146.0	0.25	49	A-5	80	True	49.0	1.5	161.0	I	False	('F', 'A-', 'D-')	F	D-	1.0	major triad	(1, 5, 8)	D-	D-	1	None
146.0	0.25	49	D-4	61	True	49.0	1.5	161.0	I	False	('F', 'A-', 'D-')	F	D-	1.0	major triad	(1, 5, 8)	D-	D-	1	None
146.0	1.0	49	A-3	56	False	49.0	1.5	161.0	I	False	('F', 'A-', 'D-')	F	D-	1.0	major triad	(1, 5, 8)	D-	D-	1	None
146.0	1.0	49	F3	53	False	49.0	1.5	161.0	I	False	('F', 'A-', 'D-')	F	D-	1.0	major triad	(1, 5, 8)	D-	D-	1	None
146.25	0.125	49	A-5	80	True	49.0	1.5	161.0	I	False	('F', 'A-', 'D-')	F	D-	1.0	major triad	(1, 5, 8)	D-	D-	1	None
146.25	0.25	49	F4	65	True	49.0	1.5	161.0	I	False	('F', 'A-', 'D-')	F	D-	1.0	major triad	(1, 5, 8)	D-	D-	1	None
146.375	0.125	49	E-6	87	True	49.0	1.5	161.0	I	False	('F', 'A-', 'D-')	F	D-	1.0	major triad	(1, 5, 8)	D-	D-	1	None
146.5	0.5	49	D-6	85	True	49.0	1.5	161.0	I	False	('F', 'A-', 'D-')	F	D-	1.0	major triad	(1, 5, 8)	D-	D-	1	None
146.5	0.25	49	A-4	68	True	49.0	1.5	161.0	I	False	('F', 'A-', 'D-')	F	D-	1.0	major triad	(1, 5, 8)	D-	D-	1	None
146.75	0.25	49	D-5	73	True	49.0	1.5	161.0	I	False	('F', 'A-', 'D-')	F	D-	1.0	major triad	(1, 5, 8)	D-	D-	1	None
147.0	0.25	50	A-2	44	True	50.0	1.0	162.0	I	True	('A-', 'D-', 'F')	A-	D-	2.0	major triad	(1, 5, 8)	D-	D-	1	None
147.0	1.0	50	A-2	44	True	50.0	1.0	162.0	I	True	('A-', 'D-', 'F')	A-	D-	2.0	major triad	(1, 5, 8)	D-	D-	1	None
147.25	0.25	50	B-5	82	True	50.0	1.0	162.0	I	False	('A-', 'D-', 'F')	A-	D-	2.0	major triad	(1, 5, 8)	D-	D-	1	None
147.25	0.25	50	A-3	56	True	50.0	1.0	162.0	I	False	('A-', 'D-', 'F')	A-	D-	2.0	major triad	(1, 5, 8)	D-	D-	1	None
147.25	0.25	50	F3	53	True	50.0	1.0	162.0	I	False	('A-', 'D-', 'F')	A-	D-	2.0	major triad	(1, 5, 8)	D-	D-	1	None
147.5	0.25	50	A-5	80	True	50.0	1.0	162.0	I	False	('A-', 'D-', 'F')	A-	D-	2.0	major triad	(1, 5, 8)	D-	D-	1	None
147.5	0.25	50	D-4	61	True	50.0	1.0	162.0	I	False	('A-', 'D-', 'F')	A-	D-	2.0	major triad	(1, 5, 8)	D-	D-	1	None
147.5	1.0	50	A-3	56	False	50.0	1.0	162.0	I	False	('A-', 'D-', 'F')	A-	D-	2.0	major triad	(1, 5, 8)	D-	D-	1	None
147.5	0.5	50	F3	53	False	50.0	1.0	162.0	I	False	('A-', 'D-', 'F')	A-	D-	2.0	major triad	(1, 5, 8)	D-	D-	1	None
147.75	0.125	50	A-5	80	True	50.0	1.0	162.0	I	False	('A-', 'D-', 'F')	A-	D-	2.0	major triad	(1, 5, 8)	D-	D-	1	None
147.75	0.25	50	F4	65	True	50.0	1.0	162.0	I	False	('A-', 'D-', 'F')	A-	D-	2.0	major triad	(1, 5, 8)	D-	D-	1	None
147.875	0.125	50	D-6	85	True	50.0	1.0	162.0	I	False	('A-', 'D-', 'F')	A-	D-	2.0	major triad	(1, 5, 8)	D-	D-	1	None
148.0	0.5	50	C6	84	True	50.0	0.5	163.0	V7	True	('A-', 'C', 'E-', 'G-')	A-	A-	0.0	dominant seventh chord	(0, 3, 6, 8)	D-	D-	5	None
148.0	0.25	50	E-4	63	True	50.0	0.5	163.0	V7	True	('A-', 'C', 'E-', 'G-')	A-	A-	0.0	dominant seventh chord	(0, 3, 6, 8)	D-	D-	5	None
148.0	0.5	50	G-3	54	True	50.0	0.5	163.0	V7	True	('A-', 'C', 'E-', 'G-')	A-	A-	0.0	dominant seventh chord	(0, 3, 6, 8)	D-	D-	5	None
148.0	0.5	50	A-2	44	True	50.0	0.5	163.0	V7	True	('A-', 'C', 'E-', 'G-')	A-	A-	0.0	dominant seventh chord	(0, 3, 6, 8)	D-	D-	5	None
148.25	0.25	50	A-4	68	True	50.0	0.5	163.0	V7	False	('A-', 'C', 'E-', 'G-')	A-	A-	0.0	dominant seventh chord	(0, 3, 6, 8)	D-	D-	5	None
148.5	0.25	50	F2	41	True	50.0	1.5	164.0	I	True	('F', 'A-', 'D-')	F	D-	1.0	major triad	(1, 5, 8)	D-	D-	1	None
148.75	0.25	50	B-5	82	True	50.0	1.5	164.0	I	False	('F', 'A-', 'D-')	F	D-	1.0	major triad	(1, 5, 8)	D-	D-	1	None
148.75	0.25	50	A-3	56	True	50.0	1.5	164.0	I	False	('F', 'A-', 'D-')	F	D-	1.0	major triad	(1, 5, 8)	D-	D-	1	None
148.75	0.25	50	F3	53	True	50.0	1.5	164.0	I	False	('F', 'A-', 'D-')	F	D-	1.0	major triad	(1, 5, 8)	D-	D-	1	None
149.0	0.25	50	A-5	80	True	50.0	1.5	164.0	I	False	('F', 'A-', 'D-')	F	D-	1.0	major triad	(1, 5, 8)	D-	D-	1	None
149.0	0.25	50	D-4	61	True	50.0	1.5	164.0	I	False	('F', 'A-', 'D-')	F	D-	1.0	major triad	(1, 5, 8)	D-	D-	1	None
149.0	1.0	50	A-3	56	False	50.0	1.5	164.0	I	False	('F', 'A-', 'D-')	F	D-	1.0	major triad	(1, 5, 8)	D-	D-	1	None
149.0	1.0	50	F3	53	False	50.0	1.5	164.0	I	False	('F', 'A-', 'D-')	F	D-	1.0	major triad	(1, 5, 8)	D-	D-	1	None
149.25	0.125	50	A-5	80	True	50.0	1.5	164.0	I	False	('F', 'A-', 'D-')	F	D-	1.0	major triad	(1, 5, 8)	D-	D-	1	None
149.25	0.25	50	F4	65	True	50.0	1.5	164.0	I	False	('F', 'A-', 'D-')	F	D-	1.0	major triad	(1, 5, 8)	D-	D-	1	None
149.375	0.125	50	E-6	87	True	50.0	1.5	164.0	I	False	('F', 'A-', 'D-')	F	D-	1.0	major triad	(1, 5, 8)	D-	D-	1	None
149.5	0.5	50	D-6	85	True	50.0	1.5	164.0	I	False	('F', 'A-', 'D-')	F	D-	1.0	major triad	(1, 5, 8)	D-	D-	1	None
149.5	0.25	50	A-4	68	True	50.0	1.5	164.0	I	False	('F', 'A-', 'D-')	F	D-	1.0	major triad	(1, 5, 8)	D-	D-	1	None
149.75	0.25	50	D-5	73	True	50.0	1.5	164.0	I	False	('F', 'A-', 'D-')	F	D-	1.0	major triad	(1, 5, 8)	D-	D-	1	None
150.0	0.25	51	F2	41	True	51.0	1.5	165.0	viio7/ii	True	('D', 'F', 'A-', 'C-')	D	D	0.0	diminished seventh chord	(2, 5, 8, 11)	D-	e-	#7	2
150.25	0.25	51	B-5	82	True	51.0	1.5	165.0	viio7/ii	False	('D', 'F', 'A-', 'C-')	D	D	0.0	diminished seventh chord	(2, 5, 8, 11)	D-	e-	#7	2
150.25	0.25	51	A-3	56	True	51.0	1.5	165.0	viio7/ii	False	('D', 'F', 'A-', 'C-')	D	D	0.0	diminished seventh chord	(2, 5, 8, 11)	D-	e-	#7	2
150.25	0.25	51	F3	53	True	51.0	1.5	165.0	viio7/ii	False	('D', 'F', 'A-', 'C-')	D	D	0.0	diminished seventh chord	(2, 5, 8, 11)	D-	e-	#7	2
150.5	0.25	51	A-5	80	True	51.0	1.5	165.0	viio7/ii	False	('D', 'F', 'A-', 'C-')	D	D	0.0	diminished seventh chord	(2, 5, 8, 11)	D-	e-	#7	2
150.5	0.25	51	D4	62	True	51.0	1.5	165.0	viio7/ii	False	('D', 'F', 'A-', 'C-')	D	D	0.0	diminished seventh chord	(2, 5, 8, 11)	D-	e-	#7	2
150.5	1.0	51	A-3	56	False	51.0	1.5	165.0	viio7/ii	False	('D', 'F', 'A-', 'C-')	D	D	0.0	diminished seventh chord	(2, 5, 8, 11)	D-	e-	#7	2
150.5	1.0	51	F3	53	False	51.0	1.5	165.0	viio7/ii	False	('D', 'F', 'A-', 'C-')	D	D	0.0	diminished seventh chord	(2, 5, 8, 11)	D-	e-	#7	2
150.75	0.125	51	A-5	80	True	51.0	1.5	165.0	viio7/ii	False	('D', 'F', 'A-', 'C-')	D	D	0.0	diminished seventh chord	(2, 5, 8, 11)	D-	e-	#7	2
150.75	0.25	51	F4	65	True	51.0	1.5	165.0	viio7/ii	False	('D', 'F', 'A-', 'C-')	D	D	0.0	diminished seventh chord	(2, 5, 8, 11)	D-	e-	#7	2
150.875	0.125	51	E-6	87	True	51.0	1.5	165.0	viio7/ii	False	('D', 'F', 'A-', 'C-')	D	D	0.0	diminished seventh chord	(2, 5, 8, 11)	D-	e-	#7	2
151.0	0.5	51	D6	86	True	51.0	1.5	165.0	viio7/ii	False	('D', 'F', 'A-', 'C-')	D	D	0.0	diminished seventh chord	(2, 5, 8, 11)	D-	e-	#7	2
151.0	0.25	51	A-4	68	True	51.0	1.5	165.0	viio7/ii	False	('D', 'F', 'A-', 'C-')	D	D	0.0	diminished seventh chord	(2, 5, 8, 11)	D-	e-	#7	2
151.25	0.25	51	C-5	71	True	51.0	1.5	165.0	viio7/ii	False	('D', 'F', 'A-', 'C-')	D	D	0.0	diminished seventh chord	(2, 5, 8, 11)	D-	e-	#7	2
151.5	0.25	51	D6	86	False	51.0	1.25	166.0	ii	True	('G-', 'B-', 'E-')	G-	E-	1.0	minor triad	(3, 6, 10)	D-	D-	2	None
151.5	0.25	51	G-2	42	True	51.0	1.25	166.0	ii	True	('G-', 'B-', 'E-')	G-	E-	1.0	minor triad	(3, 6, 10)	D-	D-	2	None
151.5	1.0	51	G-2	42	True	51.0	1.25	166.0	ii	True	('G-', 'B-', 'E-')	G-	E-	1.0	minor triad	(3, 6, 10)	D-	D-	2	None
151.75	0.25	51	E-6	87	True	51.0	1.25	166.0	ii	False	('G-', 'B-', 'E-')	G-	E-	1.0	minor triad	(3, 6, 10)	D-	D-	2	None
151.75	0.25	51	B-3	58	True	51.0	1.25	166.0	ii	False	('G-', 'B-', 'E-')	G-	E-	1.0	minor triad	(3, 6, 10)	D-	D-	2	None
151.75	0.25	51	G-3	54	True	51.0	1.25	166.0	ii	False	('G-', 'B-', 'E-')	G-	E-	1.0	minor triad	(3, 6, 10)	D-	D-	2	None
152.0	0.25	51	F6	89	True	51.0	1.25	166.0	ii	False	('G-', 'B-', 'E-')	G-	E-	1.0	minor triad	(3, 6, 10)	D-	D-	2	None
152.0	0.25	51	E-4	63	True	51.0	1.25	166.0	ii	False	('G-', 'B-', 'E-')	G-	E-	1.0	minor triad	(3, 6, 10)	D-	D-	2	None
152.0	1.0	51	B-3	58	False	51.0	1.25	166.0	ii	False	('G-', 'B-', 'E-')	G-	E-	1.0	minor triad	(3, 6, 10)	D-	D-	2	None
152.0	0.5	51	G-3	54	False	51.0	1.25	166.0	ii	False	('G-', 'B-', 'E-')	G-	E-	1.0	minor triad	(3, 6, 10)	D-	D-	2	None
152.25	0.25	51	G-6	90	True	51.0	1.25	166.0	ii	False	('G-', 'B-', 'E-')	G-	E-	1.0	minor triad	(3, 6, 10)	D-	D-	2	None
152.25	0.25	51	G-4	66	True	51.0	1.25	166.0	ii	False	('G-', 'B-', 'E-')	G-	E-	1.0	minor triad	(3, 6, 10)	D-	D-	2	None
152.5	0.25	51	A-6	92	True	51.0	1.25	166.0	ii	False	('G-', 'B-', 'E-')	G-	E-	1.0	minor triad	(3, 6, 10)	D-	D-	2	None
152.5	0.25	51	B-4	70	True	51.0	1.25	166.0	ii	False	('G-', 'B-', 'E-')	G-	E-	1.0	minor triad	(3, 6, 10)	D-	D-	2	None
152.5	0.25	51	G-3	54	False	51.0	1.25	166.0	ii	False	('G-', 'B-', 'E-')	G-	E-	1.0	minor triad	(3, 6, 10)	D-	D-	2	None
152.5	0.25	51	G-2	42	False	51.0	1.25	166.0	ii	False	('G-', 'B-', 'E-')	G-	E-	1.0	minor triad	(3, 6, 10)	D-	D-	2	None
152.75	0.25	51	B-6	94	True	51.0	0.25	167.0	viio/V	True	('G', 'B-', 'D-')	G	G	0.0	diminished triad	(1, 7, 10)	D-	A-	7	5
152.75	0.25	51	B-4	70	True	51.0	0.25	167.0	viio/V	True	('G', 'B-', 'D-')	G	G	0.0	diminished triad	(1, 7, 10)	D-	A-	7	5
152.75	0.25	51	G3	55	True	51.0	0.25	167.0	viio/V	True	('G', 'B-', 'D-')	G	G	0.0	diminished triad	(1, 7, 10)	D-	A-	7	5
152.75	0.25	51	G2	43	True	51.0	0.25	167.0	viio/V	True	('G', 'B-', 'D-')	G	G	0.0	diminished triad	(1, 7, 10)	D-	A-	7	5
153.0	0.25	52	B-6	94	True	52.0	1.0	168.0	I	True	('A-', 'D-', 'F')	A-	D-	2.0	major triad	(1, 5, 8)	D-	D-	1	None
153.0	0.25	52	A-2	44	True	52.0	1.0	168.0	I	True	('A-', 'D-', 'F')	A-	D-	2.0	major triad	(1, 5, 8)	D-	D-	1	None
153.0	1.0	52	A-2	44	True	52.0	1.0	168.0	I	True	('A-', 'D-', 'F')	A-	D-	2.0	major triad	(1, 5, 8)	D-	D-	1	None
153.25	0.25	52	B-3	58	True	52.0	1.0	168.0	I	False	('A-', 'D-', 'F')	A-	D-	2.0	major triad	(1, 5, 8)	D-	D-	1	None
153.25	0.25	52	F4	65	True	52.0	1.0	168.0	I	False	('A-', 'D-', 'F')	A-	D-	2.0	major triad	(1, 5, 8)	D-	D-	1	None
153.25	0.25	52	F3	53	True	52.0	1.0	168.0	I	False	('A-', 'D-', 'F')	A-	D-	2.0	major triad	(1, 5, 8)	D-	D-	1	None
153.5	0.25	52	A-3	56	True	52.0	1.0	168.0	I	False	('A-', 'D-', 'F')	A-	D-	2.0	major triad	(1, 5, 8)	D-	D-	1	None
153.5	0.25	52	A-4	68	True	52.0	1.0	168.0	I	False	('A-', 'D-', 'F')	A-	D-	2.0	major triad	(1, 5, 8)	D-	D-	1	None
153.5	0.25	52	F4	65	False	52.0	1.0	168.0	I	False	('A-', 'D-', 'F')	A-	D-	2.0	major triad	(1, 5, 8)	D-	D-	1	None
153.5	0.5	52	F3	53	False	52.0	1.0	168.0	I	False	('A-', 'D-', 'F')	A-	D-	2.0	major triad	(1, 5, 8)	D-	D-	1	None
153.75	0.125	52	A-3	56	True	52.0	1.0	168.0	I	False	('A-', 'D-', 'F')	A-	D-	2.0	major triad	(1, 5, 8)	D-	D-	1	None
153.75	0.25	52	D-5	73	True	52.0	1.0	168.0	I	False	('A-', 'D-', 'F')	A-	D-	2.0	major triad	(1, 5, 8)	D-	D-	1	None
153.75	0.25	52	A-3	56	True	52.0	1.0	168.0	I	False	('A-', 'D-', 'F')	A-	D-	2.0	major triad	(1, 5, 8)	D-	D-	1	None
153.875	0.125	52	D-4	61	True	52.0	1.0	168.0	I	False	('A-', 'D-', 'F')	A-	D-	2.0	major triad	(1, 5, 8)	D-	D-	1	None
154.0	0.5	52	C4	60	True	52.0	0.5	169.0	V7	True	('A-', 'C', 'E-', 'G-')	A-	A-	0.0	dominant seventh chord	(0, 3, 6, 8)	D-	D-	5	None
154.0	0.25	52	F5	77	True	52.0	0.5	169.0	V7	True	('A-', 'C', 'E-', 'G-')	A-	A-	0.0	dominant seventh chord	(0, 3, 6, 8)	D-	D-	5	None
154.0	0.5	52	A-3	56	False	52.0	0.5	169.0	V7	True	('A-', 'C', 'E-', 'G-')	A-	A-	0.0	dominant seventh chord	(0, 3, 6, 8)	D-	D-	5	None
154.0	0.5	52	G-3	54	True	52.0	0.5	169.0	V7	True	('A-', 'C', 'E-', 'G-')	A-	A-	0.0	dominant seventh chord	(0, 3, 6, 8)	D-	D-	5	None
154.0	0.5	52	A-2	44	True	52.0	0.5	169.0	V7	True	('A-', 'C', 'E-', 'G-')	A-	A-	0.0	dominant seventh chord	(0, 3, 6, 8)	D-	D-	5	None
154.25	0.25	52	E-5	75	True	52.0	0.5	169.0	V7	False	('A-', 'C', 'E-', 'G-')	A-	A-	0.0	dominant seventh chord	(0, 3, 6, 8)	D-	D-	5	None
154.5	0.25	52	D-2	37	True	52.0	1.0	170.0	I	True	('D-', 'F', 'A-')	D-	D-	0.0	major triad	(1, 5, 8)	D-	D-	1	None
154.5	1.0	52	D-2	37	True	52.0	1.0	170.0	I	True	('D-', 'F', 'A-')	D-	D-	0.0	major triad	(1, 5, 8)	D-	D-	1	None
154.75	0.25	52	E-4	63	True	52.0	1.0	170.0	I	False	('D-', 'F', 'A-')	D-	D-	0.0	major triad	(1, 5, 8)	D-	D-	1	None
154.75	0.75	52	F4	65	True	52.0	1.0	170.0	I	False	('D-', 'F', 'A-')	D-	D-	0.0	major triad	(1, 5, 8)	D-	D-	1	None
154.75	0.25	52	D-3	49	True	52.0	1.0	170.0	I	False	('D-', 'F', 'A-')	D-	D-	0.0	major triad	(1, 5, 8)	D-	D-	1	None
155.0	0.25	52	D-4	61	True	52.0	1.0	170.0	I	False	('D-', 'F', 'A-')	D-	D-	0.0	major triad	(1, 5, 8)	D-	D-	1	None
155.0	0.25	52	A-4	68	True	52.0	1.0	170.0	I	False	('D-', 'F', 'A-')	D-	D-	0.0	major triad	(1, 5, 8)	D-	D-	1	None
155.0	0.5	52	D-3	49	False	52.0	1.0	170.0	I	False	('D-', 'F', 'A-')	D-	D-	0.0	major triad	(1, 5, 8)	D-	D-	1	None
155.25	0.125	52	D-4	61	True	52.0	1.0	170.0	I	False	('D-', 'F', 'A-')	D-	D-	0.0	major triad	(1, 5, 8)	D-	D-	1	None
155.25	0.75	52	D-5	73	True	52.0	1.0	170.0	I	False	('D-', 'F', 'A-')	D-	D-	0.0	major triad	(1, 5, 8)	D-	D-	1	None
155.375	0.125	52	E-4	63	True	52.0	1.0	170.0	I	False	('D-', 'F', 'A-')	D-	D-	0.0	major triad	(1, 5, 8)	D-	D-	1	None
155.5	0.5	52	D-4	61	True	52.0	0.5	171.0	ii7	True	('E-', 'G-', 'B-', 'D-')	E-	E-	0.0	minor seventh chord	(1, 3, 6, 10)	D-	D-	2	None
155.5	0.25	52	B-4	70	True	52.0	0.5	171.0	ii7	True	('E-', 'G-', 'B-', 'D-')	E-	E-	0.0	minor seventh chord	(1, 3, 6, 10)	D-	D-	2	None
155.5	0.25	52	G-2	42	True	52.0	0.5	171.0	ii7	True	('E-', 'G-', 'B-', 'D-')	E-	E-	0.0	minor seventh chord	(1, 3, 6, 10)	D-	D-	2	None
155.75	0.25	52	G-4	66	True	52.0	0.5	171.0	ii7	False	('E-', 'G-', 'B-', 'D-')	E-	E-	0.0	minor seventh chord	(1, 3, 6, 10)	D-	D-	2	None
155.75	0.25	52	E-2	39	True	52.0	0.5	171.0	ii7	False	('E-', 'G-', 'B-', 'D-')	E-	E-	0.0	minor seventh chord	(1, 3, 6, 10)	D-	D-	2	None
156.0	0.25	53	D-2	37	True	53.0	1.0	172.0	I	True	('D-', 'F', 'A-')	D-	D-	0.0	major triad	(1, 5, 8)	D-	D-	1	None
156.0	1.0	53	D-2	37	True	53.0	1.0	172.0	I	True	('D-', 'F', 'A-')	D-	D-	0.0	major triad	(1, 5, 8)	D-	D-	1	None
156.25	0.25	53	E-5	75	True	53.0	1.0	172.0	I	False	('D-', 'F', 'A-')	D-	D-	0.0	major triad	(1, 5, 8)	D-	D-	1	None
156.25	0.75	53	F3	53	True	53.0	1.0	172.0	I	False	('D-', 'F', 'A-')	D-	D-	0.0	major triad	(1, 5, 8)	D-	D-	1	None
156.25	0.25	53	D-3	49	True	53.0	1.0	172.0	I	False	('D-', 'F', 'A-')	D-	D-	0.0	major triad	(1, 5, 8)	D-	D-	1	None
156.5	0.25	53	D-5	73	True	53.0	1.0	172.0	I	False	('D-', 'F', 'A-')	D-	D-	0.0	major triad	(1, 5, 8)	D-	D-	1	None
156.5	0.25	53	A-3	56	True	53.0	1.0	172.0	I	False	('D-', 'F', 'A-')	D-	D-	0.0	major triad	(1, 5, 8)	D-	D-	1	None
156.5	0.5	53	D-3	49	False	53.0	1.0	172.0	I	False	('D-', 'F', 'A-')	D-	D-	0.0	major triad	(1, 5, 8)	D-	D-	1	None
156.75	0.125	53	D-5	73	True	53.0	1.0	172.0	I	False	('D-', 'F', 'A-')	D-	D-	0.0	major triad	(1, 5, 8)	D-	D-	1	None
156.75	0.75	53	D-4	61	True	53.0	1.0	172.0	I	False	('D-', 'F', 'A-')	D-	D-	0.0	major triad	(1, 5, 8)	D-	D-	1	None
156.875	0.125	53	E-5	75	True	53.0	1.0	172.0	I	False	('D-', 'F', 'A-')	D-	D-	0.0	major triad	(1, 5, 8)	D-	D-	1	None
157.0	0.5	53	D-5	73	True	53.0	0.75	173.0	ii7	True	('E-', 'G-', 'B-', 'D-')	E-	E-	0.0	minor seventh chord	(1, 3, 6, 10)	D-	D-	2	None
157.0	0.25	53	B-3	58	True	53.0	0.75	173.0	ii7	True	('E-', 'G-', 'B-', 'D-')	E-	E-	0.0	minor seventh chord	(1, 3, 6, 10)	D-	D-	2	None
157.0	0.25	53	G-2	42	True	53.0	0.75	173.0	ii7	True	('E-', 'G-', 'B-', 'D-')	E-	E-	0.0	minor seventh chord	(1, 3, 6, 10)	D-	D-	2	None
157.25	0.25	53	G-3	54	True	53.0	0.75	173.0	ii7	False	('E-', 'G-', 'B-', 'D-')	E-	E-	0.0	minor seventh chord	(1, 3, 6, 10)	D-	D-	2	None
157.25	0.25	53	E-2	39	True	53.0	0.75	173.0	ii7	False	('E-', 'G-', 'B-', 'D-')	E-	E-	0.0	minor seventh chord	(1, 3, 6, 10)	D-	D-	2	None
157.5	0.25	53	D-2	37	True	53.0	0.75	173.0	ii7	False	('E-', 'G-', 'B-', 'D-')	E-	E-	0.0	minor seventh chord	(1, 3, 6, 10)	D-	D-	2	None
157.5	1.0	53	D-2	37	True	53.0	0.75	173.0	ii7	False	('E-', 'G-', 'B-', 'D-')	E-	E-	0.0	minor seventh chord	(1, 3, 6, 10)	D-	D-	2	None
157.75	0.25	53	E-6	87	True	53.0	1.0	174.0	I	True	('D-', 'F', 'A-')	D-	D-	0.0	major triad	(1, 5, 8)	D-	D-	1	None
157.75	0.75	53	F3	53	True	53.0	1.0	174.0	I	True	('D-', 'F', 'A-')	D-	D-	0.0	major triad	(1, 5, 8)	D-	D-	1	None
157.75	0.25	53	D-3	49	True	53.0	1.0	174.0	I	True	('D-', 'F', 'A-')	D-	D-	0.0	major triad	(1, 5, 8)	D-	D-	1	None
158.0	0.25	53	D-6	85	True	53.0	1.0	174.0	I	False	('D-', 'F', 'A-')	D-	D-	0.0	major triad	(1, 5, 8)	D-	D-	1	None
158.0	0.25	53	A-3	56	True	53.0	1.0	174.0	I	False	('D-', 'F', 'A-')	D-	D-	0.0	major triad	(1, 5, 8)	D-	D-	1	None
158.0	0.5	53	D-3	49	False	53.0	1.0	174.0	I	False	('D-', 'F', 'A-')	D-	D-	0.0	major triad	(1, 5, 8)	D-	D-	1	None
158.25	0.125	53	D-6	85	True	53.0	1.0	174.0	I	False	('D-', 'F', 'A-')	D-	D-	0.0	major triad	(1, 5, 8)	D-	D-	1	None
158.25	0.75	53	D-4	61	True	53.0	1.0	174.0	I	False	('D-', 'F', 'A-')	D-	D-	0.0	major triad	(1, 5, 8)	D-	D-	1	None
158.375	0.125	53	E-6	87	True	53.0	1.0	174.0	I	False	('D-', 'F', 'A-')	D-	D-	0.0	major triad	(1, 5, 8)	D-	D-	1	None
158.5	0.5	53	D-6	85	True	53.0	1.0	174.0	I	False	('D-', 'F', 'A-')	D-	D-	0.0	major triad	(1, 5, 8)	D-	D-	1	None
158.5	0.25	53	B-3	58	True	53.0	1.0	174.0	I	False	('D-', 'F', 'A-')	D-	D-	0.0	major triad	(1, 5, 8)	D-	D-	1	None
158.5	0.25	53	G-2	42	True	53.0	1.0	174.0	I	False	('D-', 'F', 'A-')	D-	D-	0.0	major triad	(1, 5, 8)	D-	D-	1	None
158.75	0.25	53	G-3	54	True	53.0	0.25	175.0	ii7	True	('E-', 'G-', 'B-', 'D-')	E-	E-	0.0	minor seventh chord	(1, 3, 6, 10)	D-	D-	2	None
158.75	0.25	53	E-2	39	True	53.0	0.25	175.0	ii7	True	('E-', 'G-', 'B-', 'D-')	E-	E-	0.0	minor seventh chord	(1, 3, 6, 10)	D-	D-	2	None
159.0	0.75	54	D-6	85	False	54.0	3.0	176.0	I	True	('D-', 'F', 'A-')	D-	D-	0.0	major triad	(1, 5, 8)	D-	D-	1	None
159.0	0.25	54	D-2	37	True	54.0	3.0	176.0	I	True	('D-', 'F', 'A-')	D-	D-	0.0	major triad	(1, 5, 8)	D-	D-	1	None
159.0	1.0	54	D-2	37	True	54.0	3.0	176.0	I	True	('D-', 'F', 'A-')	D-	D-	0.0	major triad	(1, 5, 8)	D-	D-	1	None
159.25	0.75	54	F3	53	True	54.0	3.0	176.0	I	False	('D-', 'F', 'A-')	D-	D-	0.0	major triad	(1, 5, 8)	D-	D-	1	None
159.25	0.25	54	D-3	49	True	54.0	3.0	176.0	I	False	('D-', 'F', 'A-')	D-	D-	0.0	major triad	(1, 5, 8)	D-	D-	1	None
159.5	0.25	54	A-3	56	True	54.0	3.0	176.0	I	False	('D-', 'F', 'A-')	D-	D-	0.0	major triad	(1, 5, 8)	D-	D-	1	None
159.5	1.0	54	D-3	49	False	54.0	3.0	176.0	I	False	('D-', 'F', 'A-')	D-	D-	0.0	major triad	(1, 5, 8)	D-	D-	1	None
159.75	0.125	54	D-6	85	True	54.0	3.0	176.0	I	False	('D-', 'F', 'A-')	D-	D-	0.0	major triad	(1, 5, 8)	D-	D-	1	None
159.75	0.25	54	D-4	61	True	54.0	3.0	176.0	I	False	('D-', 'F', 'A-')	D-	D-	0.0	major triad	(1, 5, 8)	D-	D-	1	None
159.875	0.125	54	E-6	87	True	54.0	3.0	176.0	I	False	('D-', 'F', 'A-')	D-	D-	0.0	major triad	(1, 5, 8)	D-	D-	1	None
160.0	0.25	54	D-6	85	True	54.0	3.0	176.0	I	False	('D-', 'F', 'A-')	D-	D-	0.0	major triad	(1, 5, 8)	D-	D-	1	None
160.0	0.25	54	F4	65	True	54.0	3.0	176.0	I	False	('D-', 'F', 'A-')	D-	D-	0.0	major triad	(1, 5, 8)	D-	D-	1	None
160.0	0.5	54	F3	53	False	54.0	3.0	176.0	I	False	('D-', 'F', 'A-')	D-	D-	0.0	major triad	(1, 5, 8)	D-	D-	1	None
160.25	0.125	54	A-5	80	True	54.0	3.0	176.0	I	False	('D-', 'F', 'A-')	D-	D-	0.0	major triad	(1, 5, 8)	D-	D-	1	None
160.25	0.25	54	A-4	68	True	54.0	3.0	176.0	I	False	('D-', 'F', 'A-')	D-	D-	0.0	major triad	(1, 5, 8)	D-	D-	1	None
160.375	0.125	54	B-5	82	True	54.0	3.0	176.0	I	False	('D-', 'F', 'A-')	D-	D-	0.0	major triad	(1, 5, 8)	D-	D-	1	None
160.5	0.25	54	A-5	80	True	54.0	3.0	176.0	I	False	('D-', 'F', 'A-')	D-	D-	0.0	major triad	(1, 5, 8)	D-	D-	1	None
160.5	1.5	54	F4	65	True	54.0	3.0	176.0	I	False	('D-', 'F', 'A-')	D-	D-	0.0	major triad	(1, 5, 8)	D-	D-	1	None
160.5	1.5	54	D-5	73	True	54.0	3.0	176.0	I	False	('D-', 'F', 'A-')	D-	D-	0.0	major triad	(1, 5, 8)	D-	D-	1	None
160.5	1.5	54	F3	53	False	54.0	3.0	176.0	I	False	('D-', 'F', 'A-')	D-	D-	0.0	major triad	(1, 5, 8)	D-	D-	1	None
160.5	1.5	54	D-3	49	False	54.0	3.0	176.0	I	False	('D-', 'F', 'A-')	D-	D-	0.0	major triad	(1, 5, 8)	D-	D-	1	None
160.5	1.5	54	D-2	37	True	54.0	3.0	176.0	I	False	('D-', 'F', 'A-')	D-	D-	0.0	major triad	(1, 5, 8)	D-	D-	1	None
160.75	0.125	54	F5	77	True	54.0	3.0	176.0	I	False	('D-', 'F', 'A-')	D-	D-	0.0	major triad	(1, 5, 8)	D-	D-	1	None
160.875	0.125	54	G-5	78	True	54.0	3.0	176.0	I	False	('D-', 'F', 'A-')	D-	D-	0.0	major triad	(1, 5, 8)	D-	D-	1	None
161.0	1.0	54	F5	77	True	54.0	3.0	176.0	I	False	('D-', 'F', 'A-')	D-	D-	0.0	major triad	(1, 5, 8)	D-	D-	1	None
