j_offset	s_offset_frac	s_duration	s_duration_frac	s_measure	s_note	s_midi	s_isOnset	s_part_id	s_voice_id	a_measure	a_duration	a_annotationNumber	a_romanNumeral	a_isOnset	a_pitchNames	a_bass	a_root	a_inversion	a_quality	a_pcset	a_localKey	a_tonicizedKey	a_degree1	a_degree2
0.0	0	1.5	3/2	1	C5	72	True	P1-Staff2	1	1.0	3.0	0.0	I	True	('A-', 'C', 'E-')	A-	A-	0.0	major triad	(0, 3, 8)	A-	A-	1	None
0.0	0	1.5	3/2	1	A-4	68	True	P1-Staff2	2	1.0	3.0	0.0	I	True	('A-', 'C', 'E-')	A-	A-	0.0	major triad	(0, 3, 8)	A-	A-	1	None
0.0	0	1.5	3/2	1	A-2	44	True	P1-Staff2	1	1.0	3.0	0.0	I	True	('A-', 'C', 'E-')	A-	A-	0.0	major triad	(0, 3, 8)	A-	A-	1	None
0.0	0	1.5	3/2	1	E-3	51	True	P1-Staff2	1	1.0	3.0	0.0	I	True	('A-', 'C', 'E-')	A-	A-	0.0	major triad	(0, 3, 8)	A-	A-	1	None
1.5	3/2	0.5	1/2	1	A-4	68	True	P1-Staff2	1	1.0	3.0	0.0	I	False	('A-', 'C', 'E-')	A-	A-	0.0	major triad	(0, 3, 8)	A-	A-	1	None
1.5	3/2	0.5	1/2	1	E-4	63	True	P1-Staff2	2	1.0	3.0	0.0	I	False	('A-', 'C', 'E-')	A-	A-	0.0	major triad	(0, 3, 8)	A-	A-	1	None
1.5	3/2	0.5	1/2	1	C3	48	True	P1-Staff2	1	1.0	3.0	0.0	I	False	('A-', 'C', 'E-')	A-	A-	0.0	major triad	(0, 3, 8)	A-	A-	1	None
1.5	3/2	0.5	1/2	1	E-3	51	True	P1-Staff2	1	1.0	3.0	0.0	I	False	('A-', 'C', 'E-')	A-	A-	0.0	major triad	(0, 3, 8)	A-	A-	1	None
2.0	2	0.75	3/4	1	A-4	68	True	P1-Staff2	1	1.0	3.0	0.0	I	False	('A-', 'C', 'E-')	A-	A-	0.0	major triad	(0, 3, 8)	A-	A-	1	None
2.0	2	0.75	3/4	1	E-4	63	True	P1-Staff2	2	1.0	3.0	0.0	I	False	('A-', 'C', 'E-')	A-	A-	0.0	major triad	(0, 3, 8)	A-	A-	1	None
2.0	2	0.75	3/4	1	C3	48	True	P1-Staff2	1	1.0	3.0	0.0	I	False	('A-', 'C', 'E-')	A-	A-	0.0	major triad	(0, 3, 8)	A-	A-	1	None
2.0	2	0.75	3/4	1	E-3	51	True	P1-Staff2	1	1.0	3.0	0.0	I	False	('A-', 'C', 'E-')	A-	A-	0.0	major triad	(0, 3, 8)	A-	A-	1	None
2.75	11/4	0.25	1/4	1	A-4	68	True	P1-Staff2	1	1.0	3.0	0.0	I	False	('A-', 'C', 'E-')	A-	A-	0.0	major triad	(0, 3, 8)	A-	A-	1	None
2.75	11/4	0.25	1/4	1	E-4	63	True	P1-Staff2	2	1.0	3.0	0.0	I	False	('A-', 'C', 'E-')	A-	A-	0.0	major triad	(0, 3, 8)	A-	A-	1	None
2.75	11/4	0.25	1/4	1	C3	48	True	P1-Staff2	1	1.0	3.0	0.0	I	False	('A-', 'C', 'E-')	A-	A-	0.0	major triad	(0, 3, 8)	A-	A-	1	None
2.75	11/4	0.25	1/4	1	E-3	51	True	P1-Staff2	1	1.0	3.0	0.0	I	False	('A-', 'C', 'E-')	A-	A-	0.0	major triad	(0, 3, 8)	A-	A-	1	None
3.0	3	1.0	1	2	G4	67	True	P1-Staff2	1	2.0	3.0	1.0	V7	True	('B-', 'D-', 'E-', 'G')	B-	E-	2.0	dominant seventh chord	(1, 3, 7, 10)	A-	A-	5	None
3.0	3	1.0	1	2	D-5	73	True	P1-Staff2	1	2.0	3.0	1.0	V7	True	('B-', 'D-', 'E-', 'G')	B-	E-	2.0	dominant seventh chord	(1, 3, 7, 10)	A-	A-	5	None
3.0	3	1.0	1	2	B-2	46	True	P1-Staff2	1	2.0	3.0	1.0	V7	True	('B-', 'D-', 'E-', 'G')	B-	E-	2.0	dominant seventh chord	(1, 3, 7, 10)	A-	A-	5	None
3.0	3	1.0	1	2	E-3	51	True	P1-Staff2	1	2.0	3.0	1.0	V7	True	('B-', 'D-', 'E-', 'G')	B-	E-	2.0	dominant seventh chord	(1, 3, 7, 10)	A-	A-	5	None
4.0	4	2.0	2	2	G4	67	True	P1-Staff2	1	2.0	3.0	1.0	V7	False	('B-', 'D-', 'E-', 'G')	B-	E-	2.0	dominant seventh chord	(1, 3, 7, 10)	A-	A-	5	None
4.0	4	2.0	2	2	B-4	70	True	P1-Staff2	1	2.0	3.0	1.0	V7	False	('B-', 'D-', 'E-', 'G')	B-	E-	2.0	dominant seventh chord	(1, 3, 7, 10)	A-	A-	5	None
4.0	4	2.0	2	2	D-3	49	True	P1-Staff2	1	2.0	3.0	1.0	V7	False	('B-', 'D-', 'E-', 'G')	B-	E-	2.0	dominant seventh chord	(1, 3, 7, 10)	A-	A-	5	None
4.0	4	2.0	2	2	E-3	51	True	P1-Staff2	1	2.0	3.0	1.0	V7	False	('B-', 'D-', 'E-', 'G')	B-	E-	2.0	dominant seventh chord	(1, 3, 7, 10)	A-	A-	5	None
6.0	6	1.5	3/2	3	A-4	68	True	P1-Staff2	1	3.0	3.0	2.0	I	True	('C', 'E-', 'A-')	C	A-	1.0	major triad	(0, 3, 8)	A-	A-	1	None
6.0	6	1.5	3/2	3	E-5	75	True	P1-Staff2	1	3.0	3.0	2.0	I	True	('C', 'E-', 'A-')	C	A-	1.0	major triad	(0, 3, 8)	A-	A-	1	None
6.0	6	0.5	1/2	3	E-3	51	True	P1-Staff2	5	3.0	3.0	2.0	I	True	('C', 'E-', 'A-')	C	A-	1.0	major triad	(0, 3, 8)	A-	A-	1	None
6.0	6	1.5	3/2	3	C3	48	True	P1-Staff2	6	3.0	3.0	2.0	I	True	('C', 'E-', 'A-')	C	A-	1.0	major triad	(0, 3, 8)	A-	A-	1	None
6.5	13/2	0.5	1/2	3	A-3	56	True	P1-Staff2	5	3.0	3.0	2.0	I	False	('C', 'E-', 'A-')	C	A-	1.0	major triad	(0, 3, 8)	A-	A-	1	None
7.0	7	0.5	1/2	3	C4	60	True	P1-Staff2	5	3.0	3.0	2.0	I	False	('C', 'E-', 'A-')	C	A-	1.0	major triad	(0, 3, 8)	A-	A-	1	None
7.5	15/2	0.5	1/2	3	A-4	68	True	P1-Staff2	1	3.0	3.0	2.0	I	False	('C', 'E-', 'A-')	C	A-	1.0	major triad	(0, 3, 8)	A-	A-	1	None
7.5	15/2	0.5	1/2	3	D-5	73	True	P1-Staff2	1	3.0	3.0	2.0	I	False	('C', 'E-', 'A-')	C	A-	1.0	major triad	(0, 3, 8)	A-	A-	1	None
7.5	15/2	0.5	1/2	3	B-3	58	True	P1-Staff2	5	3.0	3.0	2.0	I	False	('C', 'E-', 'A-')	C	A-	1.0	major triad	(0, 3, 8)	A-	A-	1	None
7.5	15/2	0.5	1/2	3	F3	53	True	P1-Staff2	6	3.0	3.0	2.0	I	False	('C', 'E-', 'A-')	C	A-	1.0	major triad	(0, 3, 8)	A-	A-	1	None
8.0	8	0.5	1/2	3	A-4	68	True	P1-Staff2	1	3.0	3.0	2.0	I	False	('C', 'E-', 'A-')	C	A-	1.0	major triad	(0, 3, 8)	A-	A-	1	None
8.0	8	0.5	1/2	3	E-5	75	True	P1-Staff2	1	3.0	3.0	2.0	I	False	('C', 'E-', 'A-')	C	A-	1.0	major triad	(0, 3, 8)	A-	A-	1	None
8.0	8	0.5	1/2	3	C4	60	True	P1-Staff2	5	3.0	3.0	2.0	I	False	('C', 'E-', 'A-')	C	A-	1.0	major triad	(0, 3, 8)	A-	A-	1	None
8.0	8	0.5	1/2	3	E-3	51	True	P1-Staff2	6	3.0	3.0	2.0	I	False	('C', 'E-', 'A-')	C	A-	1.0	major triad	(0, 3, 8)	A-	A-	1	None
8.5	17/2	0.5	1/2	3	A-4	68	True	P1-Staff2	1	3.0	3.0	2.0	I	False	('C', 'E-', 'A-')	C	A-	1.0	major triad	(0, 3, 8)	A-	A-	1	None
8.5	17/2	0.5	1/2	3	F5	77	True	P1-Staff2	1	3.0	3.0	2.0	I	False	('C', 'E-', 'A-')	C	A-	1.0	major triad	(0, 3, 8)	A-	A-	1	None
8.5	17/2	0.5	1/2	3	D-4	61	True	P1-Staff2	5	3.0	3.0	2.0	I	False	('C', 'E-', 'A-')	C	A-	1.0	major triad	(0, 3, 8)	A-	A-	1	None
8.5	17/2	0.5	1/2	3	D-3	49	True	P1-Staff2	6	3.0	3.0	2.0	I	False	('C', 'E-', 'A-')	C	A-	1.0	major triad	(0, 3, 8)	A-	A-	1	None
9.0	9	0.75	3/4	4	E-5	75	True	P1-Staff2	1	4.0	3.0	3.0	V7	True	('E-', 'G', 'B-', 'D-')	E-	E-	0.0	dominant seventh chord	(1, 3, 7, 10)	A-	A-	5	None
9.0	9	1.0	1	4	G4	67	True	P1-Staff2	2	4.0	3.0	3.0	V7	True	('E-', 'G', 'B-', 'D-')	E-	E-	0.0	dominant seventh chord	(1, 3, 7, 10)	A-	A-	5	None
9.0	9	1.0	1	4	E-3	51	True	P1-Staff2	1	4.0	3.0	3.0	V7	True	('E-', 'G', 'B-', 'D-')	E-	E-	0.0	dominant seventh chord	(1, 3, 7, 10)	A-	A-	5	None
9.0	9	1.0	1	4	B-3	58	True	P1-Staff2	1	4.0	3.0	3.0	V7	True	('E-', 'G', 'B-', 'D-')	E-	E-	0.0	dominant seventh chord	(1, 3, 7, 10)	A-	A-	5	None
9.75	39/4	0.25	1/4	4	D5	74	True	P1-Staff2	1	4.0	3.0	3.0	V7	False	('E-', 'G', 'B-', 'D-')	E-	E-	0.0	dominant seventh chord	(1, 3, 7, 10)	A-	A-	5	None
10.0	10	0.5	1/2	4	G4	67	True	P1-Staff2	1	4.0	3.0	3.0	V7	False	('E-', 'G', 'B-', 'D-')	E-	E-	0.0	dominant seventh chord	(1, 3, 7, 10)	A-	A-	5	None
10.0	10	0.5	1/2	4	D-5	73	True	P1-Staff2	1	4.0	3.0	3.0	V7	False	('E-', 'G', 'B-', 'D-')	E-	E-	0.0	dominant seventh chord	(1, 3, 7, 10)	A-	A-	5	None
10.0	10	0.5	1/2	4	E-3	51	True	P1-Staff2	1	4.0	3.0	3.0	V7	False	('E-', 'G', 'B-', 'D-')	E-	E-	0.0	dominant seventh chord	(1, 3, 7, 10)	A-	A-	5	None
10.0	10	0.5	1/2	4	B-3	58	True	P1-Staff2	1	4.0	3.0	3.0	V7	False	('E-', 'G', 'B-', 'D-')	E-	E-	0.0	dominant seventh chord	(1, 3, 7, 10)	A-	A-	5	None
10.5	21/2	0.125	1/8	4	D-5	73	True	P1-Staff2	1	4.0	3.0	3.0	V7	False	('E-', 'G', 'B-', 'D-')	E-	E-	0.0	dominant seventh chord	(1, 3, 7, 10)	A-	A-	5	None
10.625	85/8	0.125	1/8	4	C5	72	True	P1-Staff2	1	4.0	3.0	3.0	V7	False	('E-', 'G', 'B-', 'D-')	E-	E-	0.0	dominant seventh chord	(1, 3, 7, 10)	A-	A-	5	None
10.75	43/4	0.125	1/8	4	D-5	73	True	P1-Staff2	1	4.0	3.0	3.0	V7	False	('E-', 'G', 'B-', 'D-')	E-	E-	0.0	dominant seventh chord	(1, 3, 7, 10)	A-	A-	5	None
10.875	87/8	0.125	1/8	4	E-5	75	True	P1-Staff2	1	4.0	3.0	3.0	V7	False	('E-', 'G', 'B-', 'D-')	E-	E-	0.0	dominant seventh chord	(1, 3, 7, 10)	A-	A-	5	None
11.0	11	0.5	1/2	4	F5	77	True	P1-Staff2	1	4.0	3.0	3.0	V7	False	('E-', 'G', 'B-', 'D-')	E-	E-	0.0	dominant seventh chord	(1, 3, 7, 10)	A-	A-	5	None
11.5	23/2	0.25	1/4	4	E-5	75	True	P1-Staff2	1	4.0	3.0	3.0	V7	False	('E-', 'G', 'B-', 'D-')	E-	E-	0.0	dominant seventh chord	(1, 3, 7, 10)	A-	A-	5	None
11.75	47/4	0.25	1/4	4	D-5	73	True	P1-Staff2	1	4.0	3.0	3.0	V7	False	('E-', 'G', 'B-', 'D-')	E-	E-	0.0	dominant seventh chord	(1, 3, 7, 10)	A-	A-	5	None
12.0	12	1.5	3/2	5	C5	72	True	P1-Staff2	2	5.0	3.0	4.0	I	True	('A-', 'C', 'E-')	A-	A-	0.0	major triad	(0, 3, 8)	A-	A-	1	None
12.0	12	0.25	1/4	5	A-3	56	True	P1-Staff2	5	5.0	3.0	4.0	I	True	('A-', 'C', 'E-')	A-	A-	0.0	major triad	(0, 3, 8)	A-	A-	1	None
12.25	49/4	0.25	1/4	5	C4	60	True	P1-Staff2	1	5.0	3.0	4.0	I	False	('A-', 'C', 'E-')	A-	A-	0.0	major triad	(0, 3, 8)	A-	A-	1	None
12.25	49/4	0.25	1/4	5	E-4	63	True	P1-Staff2	1	5.0	3.0	4.0	I	False	('A-', 'C', 'E-')	A-	A-	0.0	major triad	(0, 3, 8)	A-	A-	1	None
12.5	25/2	0.25	1/4	5	C4	60	True	P1-Staff2	1	5.0	3.0	4.0	I	False	('A-', 'C', 'E-')	A-	A-	0.0	major triad	(0, 3, 8)	A-	A-	1	None
12.5	25/2	0.25	1/4	5	E-4	63	True	P1-Staff2	1	5.0	3.0	4.0	I	False	('A-', 'C', 'E-')	A-	A-	0.0	major triad	(0, 3, 8)	A-	A-	1	None
12.75	51/4	0.25	1/4	5	C4	60	True	P1-Staff2	1	5.0	3.0	4.0	I	False	('A-', 'C', 'E-')	A-	A-	0.0	major triad	(0, 3, 8)	A-	A-	1	None
12.75	51/4	0.25	1/4	5	E-4	63	True	P1-Staff2	1	5.0	3.0	4.0	I	False	('A-', 'C', 'E-')	A-	A-	0.0	major triad	(0, 3, 8)	A-	A-	1	None
13.0	13	0.25	1/4	5	A-3	56	True	P1-Staff2	5	5.0	3.0	4.0	I	False	('A-', 'C', 'E-')	A-	A-	0.0	major triad	(0, 3, 8)	A-	A-	1	None
13.25	53/4	0.25	1/4	5	C4	60	True	P1-Staff2	1	5.0	3.0	4.0	I	False	('A-', 'C', 'E-')	A-	A-	0.0	major triad	(0, 3, 8)	A-	A-	1	None
13.25	53/4	0.25	1/4	5	E-4	63	True	P1-Staff2	1	5.0	3.0	4.0	I	False	('A-', 'C', 'E-')	A-	A-	0.0	major triad	(0, 3, 8)	A-	A-	1	None
13.5	27/2	1.0	1	5	E-5	75	True	P1-Staff2	2	5.0	3.0	4.0	I	False	('A-', 'C', 'E-')	A-	A-	0.0	major triad	(0, 3, 8)	A-	A-	1	None
13.5	27/2	0.25	1/4	5	C4	60	True	P1-Staff2	1	5.0	3.0	4.0	I	False	('A-', 'C', 'E-')	A-	A-	0.0	major triad	(0, 3, 8)	A-	A-	1	None
13.5	27/2	0.25	1/4	5	E-4	63	True	P1-Staff2	1	5.0	3.0	4.0	I	False	('A-', 'C', 'E-')	A-	A-	0.0	major triad	(0, 3, 8)	A-	A-	1	None
13.75	55/4	0.25	1/4	5	C4	60	True	P1-Staff2	1	5.0	3.0	4.0	I	False	('A-', 'C', 'E-')	A-	A-	0.0	major triad	(0, 3, 8)	A-	A-	1	None
13.75	55/4	0.25	1/4	5	E-4	63	True	P1-Staff2	1	5.0	3.0	4.0	I	False	('A-', 'C', 'E-')	A-	A-	0.0	major triad	(0, 3, 8)	A-	A-	1	None
14.0	14	0.25	1/4	5	A-3	56	True	P1-Staff2	5	5.0	3.0	4.0	I	False	('A-', 'C', 'E-')	A-	A-	0.0	major triad	(0, 3, 8)	A-	A-	1	None
14.25	57/4	0.25	1/4	5	C4	60	True	P1-Staff2	1	5.0	3.0	4.0	I	False	('A-', 'C', 'E-')	A-	A-	0.0	major triad	(0, 3, 8)	A-	A-	1	None
14.25	57/4	0.25	1/4	5	E-4	63	True	P1-Staff2	1	5.0	3.0	4.0	I	False	('A-', 'C', 'E-')	A-	A-	0.0	major triad	(0, 3, 8)	A-	A-	1	None
14.5	29/2	0.5	1/2	5	A-5	80	True	P1-Staff2	2	5.0	3.0	4.0	I	False	('A-', 'C', 'E-')	A-	A-	0.0	major triad	(0, 3, 8)	A-	A-	1	None
14.5	29/2	0.25	1/4	5	C4	60	True	P1-Staff2	1	5.0	3.0	4.0	I	False	('A-', 'C', 'E-')	A-	A-	0.0	major triad	(0, 3, 8)	A-	A-	1	None
14.5	29/2	0.25	1/4	5	E-4	63	True	P1-Staff2	1	5.0	3.0	4.0	I	False	('A-', 'C', 'E-')	A-	A-	0.0	major triad	(0, 3, 8)	A-	A-	1	None
14.75	59/4	0.25	1/4	5	C4	60	True	P1-Staff2	1	5.0	3.0	4.0	I	False	('A-', 'C', 'E-')	A-	A-	0.0	major triad	(0, 3, 8)	A-	A-	1	None
14.75	59/4	0.25	1/4	5	E-4	63	True	P1-Staff2	1	5.0	3.0	4.0	I	False	('A-', 'C', 'E-')	A-	A-	0.0	major triad	(0, 3, 8)	A-	A-	1	None
15.0	15	1.0	1	6	A-5	80	True	P1-Staff2	2	6.0	3.0	5.0	V7	True	('B-', 'D-', 'E-', 'G')	B-	E-	2.0	dominant seventh chord	(1, 3, 7, 10)	A-	A-	5	None
15.0	15	0.25	1/4	6	B-3	58	True	P1-Staff2	5	6.0	3.0	5.0	V7	True	('B-', 'D-', 'E-', 'G')	B-	E-	2.0	dominant seventh chord	(1, 3, 7, 10)	A-	A-	5	None
15.25	61/4	0.25	1/4	6	D-4	61	True	P1-Staff2	1	6.0	3.0	5.0	V7	False	('B-', 'D-', 'E-', 'G')	B-	E-	2.0	dominant seventh chord	(1, 3, 7, 10)	A-	A-	5	None
15.25	61/4	0.25	1/4	6	E-4	63	True	P1-Staff2	1	6.0	3.0	5.0	V7	False	('B-', 'D-', 'E-', 'G')	B-	E-	2.0	dominant seventh chord	(1, 3, 7, 10)	A-	A-	5	None
15.5	31/2	0.25	1/4	6	D-4	61	True	P1-Staff2	1	6.0	3.0	5.0	V7	False	('B-', 'D-', 'E-', 'G')	B-	E-	2.0	dominant seventh chord	(1, 3, 7, 10)	A-	A-	5	None
15.5	31/2	0.25	1/4	6	E-4	63	True	P1-Staff2	1	6.0	3.0	5.0	V7	False	('B-', 'D-', 'E-', 'G')	B-	E-	2.0	dominant seventh chord	(1, 3, 7, 10)	A-	A-	5	None
15.75	63/4	0.25	1/4	6	D-4	61	True	P1-Staff2	1	6.0	3.0	5.0	V7	False	('B-', 'D-', 'E-', 'G')	B-	E-	2.0	dominant seventh chord	(1, 3, 7, 10)	A-	A-	5	None
15.75	63/4	0.25	1/4	6	E-4	63	True	P1-Staff2	1	6.0	3.0	5.0	V7	False	('B-', 'D-', 'E-', 'G')	B-	E-	2.0	dominant seventh chord	(1, 3, 7, 10)	A-	A-	5	None
16.0	16	2.0	2	6	G5	79	True	P1-Staff2	2	6.0	3.0	5.0	V7	False	('B-', 'D-', 'E-', 'G')	B-	E-	2.0	dominant seventh chord	(1, 3, 7, 10)	A-	A-	5	None
16.0	16	0.25	1/4	6	B-3	58	True	P1-Staff2	5	6.0	3.0	5.0	V7	False	('B-', 'D-', 'E-', 'G')	B-	E-	2.0	dominant seventh chord	(1, 3, 7, 10)	A-	A-	5	None
16.25	65/4	0.25	1/4	6	D-4	61	True	P1-Staff2	1	6.0	3.0	5.0	V7	False	('B-', 'D-', 'E-', 'G')	B-	E-	2.0	dominant seventh chord	(1, 3, 7, 10)	A-	A-	5	None
16.25	65/4	0.25	1/4	6	E-4	63	True	P1-Staff2	1	6.0	3.0	5.0	V7	False	('B-', 'D-', 'E-', 'G')	B-	E-	2.0	dominant seventh chord	(1, 3, 7, 10)	A-	A-	5	None
16.5	33/2	0.25	1/4	6	D-4	61	True	P1-Staff2	1	6.0	3.0	5.0	V7	False	('B-', 'D-', 'E-', 'G')	B-	E-	2.0	dominant seventh chord	(1, 3, 7, 10)	A-	A-	5	None
16.5	33/2	0.25	1/4	6	E-4	63	True	P1-Staff2	1	6.0	3.0	5.0	V7	False	('B-', 'D-', 'E-', 'G')	B-	E-	2.0	dominant seventh chord	(1, 3, 7, 10)	A-	A-	5	None
16.75	67/4	0.25	1/4	6	D-4	61	True	P1-Staff2	1	6.0	3.0	5.0	V7	False	('B-', 'D-', 'E-', 'G')	B-	E-	2.0	dominant seventh chord	(1, 3, 7, 10)	A-	A-	5	None
16.75	67/4	0.25	1/4	6	E-4	63	True	P1-Staff2	1	6.0	3.0	5.0	V7	False	('B-', 'D-', 'E-', 'G')	B-	E-	2.0	dominant seventh chord	(1, 3, 7, 10)	A-	A-	5	None
17.0	17	0.25	1/4	6	B-3	58	True	P1-Staff2	5	6.0	3.0	5.0	V7	False	('B-', 'D-', 'E-', 'G')	B-	E-	2.0	dominant seventh chord	(1, 3, 7, 10)	A-	A-	5	None
17.25	69/4	0.25	1/4	6	D-4	61	True	P1-Staff2	1	6.0	3.0	5.0	V7	False	('B-', 'D-', 'E-', 'G')	B-	E-	2.0	dominant seventh chord	(1, 3, 7, 10)	A-	A-	5	None
17.25	69/4	0.25	1/4	6	E-4	63	True	P1-Staff2	1	6.0	3.0	5.0	V7	False	('B-', 'D-', 'E-', 'G')	B-	E-	2.0	dominant seventh chord	(1, 3, 7, 10)	A-	A-	5	None
17.5	35/2	0.25	1/4	6	D-4	61	True	P1-Staff2	1	6.0	3.0	5.0	V7	False	('B-', 'D-', 'E-', 'G')	B-	E-	2.0	dominant seventh chord	(1, 3, 7, 10)	A-	A-	5	None
17.5	35/2	0.25	1/4	6	E-4	63	True	P1-Staff2	1	6.0	3.0	5.0	V7	False	('B-', 'D-', 'E-', 'G')	B-	E-	2.0	dominant seventh chord	(1, 3, 7, 10)	A-	A-	5	None
17.75	71/4	0.25	1/4	6	D-4	61	True	P1-Staff2	1	6.0	3.0	5.0	V7	False	('B-', 'D-', 'E-', 'G')	B-	E-	2.0	dominant seventh chord	(1, 3, 7, 10)	A-	A-	5	None
17.75	71/4	0.25	1/4	6	E-4	63	True	P1-Staff2	1	6.0	3.0	5.0	V7	False	('B-', 'D-', 'E-', 'G')	B-	E-	2.0	dominant seventh chord	(1, 3, 7, 10)	A-	A-	5	None
18.0	18	1.5	3/2	7	B-5	82	True	P1-Staff2	2	7.0	3.0	6.0	V7	True	('D-', 'E-', 'G', 'B-')	D-	E-	3.0	dominant seventh chord	(1, 3, 7, 10)	A-	A-	5	None
18.0	18	0.25	1/4	7	D-4	61	True	P1-Staff2	5	7.0	3.0	6.0	V7	True	('D-', 'E-', 'G', 'B-')	D-	E-	3.0	dominant seventh chord	(1, 3, 7, 10)	A-	A-	5	None
18.25	73/4	0.25	1/4	7	E-4	63	True	P1-Staff2	1	7.0	3.0	6.0	V7	False	('D-', 'E-', 'G', 'B-')	D-	E-	3.0	dominant seventh chord	(1, 3, 7, 10)	A-	A-	5	None
18.25	73/4	0.25	1/4	7	G4	67	True	P1-Staff2	1	7.0	3.0	6.0	V7	False	('D-', 'E-', 'G', 'B-')	D-	E-	3.0	dominant seventh chord	(1, 3, 7, 10)	A-	A-	5	None
18.25	73/4	0.25	1/4	7	B-4	70	True	P1-Staff2	1	7.0	3.0	6.0	V7	False	('D-', 'E-', 'G', 'B-')	D-	E-	3.0	dominant seventh chord	(1, 3, 7, 10)	A-	A-	5	None
18.5	37/2	0.25	1/4	7	E-4	63	True	P1-Staff2	1	7.0	3.0	6.0	V7	False	('D-', 'E-', 'G', 'B-')	D-	E-	3.0	dominant seventh chord	(1, 3, 7, 10)	A-	A-	5	None
18.5	37/2	0.25	1/4	7	G4	67	True	P1-Staff2	1	7.0	3.0	6.0	V7	False	('D-', 'E-', 'G', 'B-')	D-	E-	3.0	dominant seventh chord	(1, 3, 7, 10)	A-	A-	5	None
18.5	37/2	0.25	1/4	7	B-4	70	True	P1-Staff2	1	7.0	3.0	6.0	V7	False	('D-', 'E-', 'G', 'B-')	D-	E-	3.0	dominant seventh chord	(1, 3, 7, 10)	A-	A-	5	None
18.75	75/4	0.25	1/4	7	E-4	63	True	P1-Staff2	1	7.0	3.0	6.0	V7	False	('D-', 'E-', 'G', 'B-')	D-	E-	3.0	dominant seventh chord	(1, 3, 7, 10)	A-	A-	5	None
18.75	75/4	0.25	1/4	7	G4	67	True	P1-Staff2	1	7.0	3.0	6.0	V7	False	('D-', 'E-', 'G', 'B-')	D-	E-	3.0	dominant seventh chord	(1, 3, 7, 10)	A-	A-	5	None
18.75	75/4	0.25	1/4	7	B-4	70	True	P1-Staff2	1	7.0	3.0	6.0	V7	False	('D-', 'E-', 'G', 'B-')	D-	E-	3.0	dominant seventh chord	(1, 3, 7, 10)	A-	A-	5	None
19.0	19	0.25	1/4	7	D-4	61	True	P1-Staff2	5	7.0	3.0	6.0	V7	False	('D-', 'E-', 'G', 'B-')	D-	E-	3.0	dominant seventh chord	(1, 3, 7, 10)	A-	A-	5	None
19.25	77/4	0.25	1/4	7	E-4	63	True	P1-Staff2	1	7.0	3.0	6.0	V7	False	('D-', 'E-', 'G', 'B-')	D-	E-	3.0	dominant seventh chord	(1, 3, 7, 10)	A-	A-	5	None
19.25	77/4	0.25	1/4	7	G4	67	True	P1-Staff2	1	7.0	3.0	6.0	V7	False	('D-', 'E-', 'G', 'B-')	D-	E-	3.0	dominant seventh chord	(1, 3, 7, 10)	A-	A-	5	None
19.25	77/4	0.25	1/4	7	B-4	70	True	P1-Staff2	1	7.0	3.0	6.0	V7	False	('D-', 'E-', 'G', 'B-')	D-	E-	3.0	dominant seventh chord	(1, 3, 7, 10)	A-	A-	5	None
19.5	39/2	1.0	1	7	G5	79	True	P1-Staff2	2	7.0	3.0	6.0	V7	False	('D-', 'E-', 'G', 'B-')	D-	E-	3.0	dominant seventh chord	(1, 3, 7, 10)	A-	A-	5	None
19.5	39/2	0.25	1/4	7	E-4	63	True	P1-Staff2	1	7.0	3.0	6.0	V7	False	('D-', 'E-', 'G', 'B-')	D-	E-	3.0	dominant seventh chord	(1, 3, 7, 10)	A-	A-	5	None
19.5	39/2	0.25	1/4	7	G4	67	True	P1-Staff2	1	7.0	3.0	6.0	V7	False	('D-', 'E-', 'G', 'B-')	D-	E-	3.0	dominant seventh chord	(1, 3, 7, 10)	A-	A-	5	None
19.5	39/2	0.25	1/4	7	B-4	70	True	P1-Staff2	1	7.0	3.0	6.0	V7	False	('D-', 'E-', 'G', 'B-')	D-	E-	3.0	dominant seventh chord	(1, 3, 7, 10)	A-	A-	5	None
19.75	79/4	0.25	1/4	7	E-4	63	True	P1-Staff2	1	7.0	3.0	6.0	V7	False	('D-', 'E-', 'G', 'B-')	D-	E-	3.0	dominant seventh chord	(1, 3, 7, 10)	A-	A-	5	None
19.75	79/4	0.25	1/4	7	G4	67	True	P1-Staff2	1	7.0	3.0	6.0	V7	False	('D-', 'E-', 'G', 'B-')	D-	E-	3.0	dominant seventh chord	(1, 3, 7, 10)	A-	A-	5	None
19.75	79/4	0.25	1/4	7	B-4	70	True	P1-Staff2	1	7.0	3.0	6.0	V7	False	('D-', 'E-', 'G', 'B-')	D-	E-	3.0	dominant seventh chord	(1, 3, 7, 10)	A-	A-	5	None
20.0	20	0.25	1/4	7	D-4	61	True	P1-Staff2	5	7.0	3.0	6.0	V7	False	('D-', 'E-', 'G', 'B-')	D-	E-	3.0	dominant seventh chord	(1, 3, 7, 10)	A-	A-	5	None
20.25	81/4	0.25	1/4	7	E-4	63	True	P1-Staff2	1	7.0	3.0	6.0	V7	False	('D-', 'E-', 'G', 'B-')	D-	E-	3.0	dominant seventh chord	(1, 3, 7, 10)	A-	A-	5	None
20.25	81/4	0.25	1/4	7	G4	67	True	P1-Staff2	1	7.0	3.0	6.0	V7	False	('D-', 'E-', 'G', 'B-')	D-	E-	3.0	dominant seventh chord	(1, 3, 7, 10)	A-	A-	5	None
20.25	81/4	0.25	1/4	7	B-4	70	True	P1-Staff2	1	7.0	3.0	6.0	V7	False	('D-', 'E-', 'G', 'B-')	D-	E-	3.0	dominant seventh chord	(1, 3, 7, 10)	A-	A-	5	None
20.5	41/2	0.5	1/2	7	E-5	75	True	P1-Staff2	2	7.0	3.0	6.0	V7	False	('D-', 'E-', 'G', 'B-')	D-	E-	3.0	dominant seventh chord	(1, 3, 7, 10)	A-	A-	5	None
20.5	41/2	0.25	1/4	7	E-4	63	True	P1-Staff2	1	7.0	3.0	6.0	V7	False	('D-', 'E-', 'G', 'B-')	D-	E-	3.0	dominant seventh chord	(1, 3, 7, 10)	A-	A-	5	None
20.5	41/2	0.25	1/4	7	G4	67	True	P1-Staff2	1	7.0	3.0	6.0	V7	False	('D-', 'E-', 'G', 'B-')	D-	E-	3.0	dominant seventh chord	(1, 3, 7, 10)	A-	A-	5	None
20.5	41/2	0.25	1/4	7	B-4	70	True	P1-Staff2	1	7.0	3.0	6.0	V7	False	('D-', 'E-', 'G', 'B-')	D-	E-	3.0	dominant seventh chord	(1, 3, 7, 10)	A-	A-	5	None
20.75	83/4	0.25	1/4	7	E-4	63	True	P1-Staff2	1	7.0	3.0	6.0	V7	False	('D-', 'E-', 'G', 'B-')	D-	E-	3.0	dominant seventh chord	(1, 3, 7, 10)	A-	A-	5	None
20.75	83/4	0.25	1/4	7	G4	67	True	P1-Staff2	1	7.0	3.0	6.0	V7	False	('D-', 'E-', 'G', 'B-')	D-	E-	3.0	dominant seventh chord	(1, 3, 7, 10)	A-	A-	5	None
20.75	83/4	0.25	1/4	7	B-4	70	True	P1-Staff2	1	7.0	3.0	6.0	V7	False	('D-', 'E-', 'G', 'B-')	D-	E-	3.0	dominant seventh chord	(1, 3, 7, 10)	A-	A-	5	None
21.0	21	1.0	1	8	E-5	75	True	P1-Staff2	2	8.0	3.0	7.0	I	True	('A-', 'C', 'E-')	A-	A-	0.0	major triad	(0, 3, 8)	A-	A-	1	None
21.0	21	0.25	1/4	8	C4	60	True	P1-Staff2	5	8.0	3.0	7.0	I	True	('A-', 'C', 'E-')	A-	A-	0.0	major triad	(0, 3, 8)	A-	A-	1	None
21.25	85/4	0.25	1/4	8	E-4	63	True	P1-Staff2	1	8.0	3.0	7.0	I	False	('A-', 'C', 'E-')	A-	A-	0.0	major triad	(0, 3, 8)	A-	A-	1	None
21.25	85/4	0.25	1/4	8	A-4	68	True	P1-Staff2	1	8.0	3.0	7.0	I	False	('A-', 'C', 'E-')	A-	A-	0.0	major triad	(0, 3, 8)	A-	A-	1	None
21.5	43/2	0.25	1/4	8	E-4	63	True	P1-Staff2	1	8.0	3.0	7.0	I	False	('A-', 'C', 'E-')	A-	A-	0.0	major triad	(0, 3, 8)	A-	A-	1	None
21.5	43/2	0.25	1/4	8	A-4	68	True	P1-Staff2	1	8.0	3.0	7.0	I	False	('A-', 'C', 'E-')	A-	A-	0.0	major triad	(0, 3, 8)	A-	A-	1	None
21.75	87/4	0.25	1/4	8	E-4	63	True	P1-Staff2	1	8.0	3.0	7.0	I	False	('A-', 'C', 'E-')	A-	A-	0.0	major triad	(0, 3, 8)	A-	A-	1	None
21.75	87/4	0.25	1/4	8	A-4	68	True	P1-Staff2	1	8.0	3.0	7.0	I	False	('A-', 'C', 'E-')	A-	A-	0.0	major triad	(0, 3, 8)	A-	A-	1	None
22.0	22	2.0	2	8	A-5	80	True	P1-Staff2	2	8.0	3.0	7.0	I	False	('A-', 'C', 'E-')	A-	A-	0.0	major triad	(0, 3, 8)	A-	A-	1	None
22.0	22	0.25	1/4	8	C4	60	True	P1-Staff2	5	8.0	3.0	7.0	I	False	('A-', 'C', 'E-')	A-	A-	0.0	major triad	(0, 3, 8)	A-	A-	1	None
22.25	89/4	0.25	1/4	8	E-4	63	True	P1-Staff2	1	8.0	3.0	7.0	I	False	('A-', 'C', 'E-')	A-	A-	0.0	major triad	(0, 3, 8)	A-	A-	1	None
22.25	89/4	0.25	1/4	8	A-4	68	True	P1-Staff2	1	8.0	3.0	7.0	I	False	('A-', 'C', 'E-')	A-	A-	0.0	major triad	(0, 3, 8)	A-	A-	1	None
22.5	45/2	0.25	1/4	8	E-4	63	True	P1-Staff2	1	8.0	3.0	7.0	I	False	('A-', 'C', 'E-')	A-	A-	0.0	major triad	(0, 3, 8)	A-	A-	1	None
22.5	45/2	0.25	1/4	8	A-4	68	True	P1-Staff2	1	8.0	3.0	7.0	I	False	('A-', 'C', 'E-')	A-	A-	0.0	major triad	(0, 3, 8)	A-	A-	1	None
22.75	91/4	0.25	1/4	8	E-4	63	True	P1-Staff2	1	8.0	3.0	7.0	I	False	('A-', 'C', 'E-')	A-	A-	0.0	major triad	(0, 3, 8)	A-	A-	1	None
22.75	91/4	0.25	1/4	8	A-4	68	True	P1-Staff2	1	8.0	3.0	7.0	I	False	('A-', 'C', 'E-')	A-	A-	0.0	major triad	(0, 3, 8)	A-	A-	1	None
23.0	23	0.25	1/4	8	C4	60	True	P1-Staff2	5	8.0	3.0	7.0	I	False	('A-', 'C', 'E-')	A-	A-	0.0	major triad	(0, 3, 8)	A-	A-	1	None
23.25	93/4	0.25	1/4	8	E-4	63	True	P1-Staff2	1	8.0	3.0	7.0	I	False	('A-', 'C', 'E-')	A-	A-	0.0	major triad	(0, 3, 8)	A-	A-	1	None
23.25	93/4	0.25	1/4	8	A-4	68	True	P1-Staff2	1	8.0	3.0	7.0	I	False	('A-', 'C', 'E-')	A-	A-	0.0	major triad	(0, 3, 8)	A-	A-	1	None
23.5	47/2	0.25	1/4	8	E-4	63	True	P1-Staff2	1	8.0	3.0	7.0	I	False	('A-', 'C', 'E-')	A-	A-	0.0	major triad	(0, 3, 8)	A-	A-	1	None
23.5	47/2	0.25	1/4	8	A-4	68	True	P1-Staff2	1	8.0	3.0	7.0	I	False	('A-', 'C', 'E-')	A-	A-	0.0	major triad	(0, 3, 8)	A-	A-	1	None
23.75	95/4	0.25	1/4	8	E-4	63	True	P1-Staff2	1	8.0	3.0	7.0	I	False	('A-', 'C', 'E-')	A-	A-	0.0	major triad	(0, 3, 8)	A-	A-	1	None
23.75	95/4	0.25	1/4	8	A-4	68	True	P1-Staff2	1	8.0	3.0	7.0	I	False	('A-', 'C', 'E-')	A-	A-	0.0	major triad	(0, 3, 8)	A-	A-	1	None
24.0	24	1.5	3/2	9	A-5	80	True	P1-Staff2	2	9.0	3.0	8.0	V7/IV	True	('G-', 'A-', 'C', 'E-')	G-	A-	3.0	dominant seventh chord	(0, 3, 6, 8)	A-	D-	5	4
24.0	24	0.25	1/4	9	G-4	66	True	P1-Staff2	5	9.0	3.0	8.0	V7/IV	True	('G-', 'A-', 'C', 'E-')	G-	A-	3.0	dominant seventh chord	(0, 3, 6, 8)	A-	D-	5	4
24.25	97/4	0.25	1/4	9	A-4	68	True	P1-Staff2	1	9.0	3.0	8.0	V7/IV	False	('G-', 'A-', 'C', 'E-')	G-	A-	3.0	dominant seventh chord	(0, 3, 6, 8)	A-	D-	5	4
24.25	97/4	0.25	1/4	9	C5	72	True	P1-Staff2	1	9.0	3.0	8.0	V7/IV	False	('G-', 'A-', 'C', 'E-')	G-	A-	3.0	dominant seventh chord	(0, 3, 6, 8)	A-	D-	5	4
24.25	97/4	0.25	1/4	9	E-5	75	True	P1-Staff2	1	9.0	3.0	8.0	V7/IV	False	('G-', 'A-', 'C', 'E-')	G-	A-	3.0	dominant seventh chord	(0, 3, 6, 8)	A-	D-	5	4
24.5	49/2	0.25	1/4	9	A-4	68	True	P1-Staff2	1	9.0	3.0	8.0	V7/IV	False	('G-', 'A-', 'C', 'E-')	G-	A-	3.0	dominant seventh chord	(0, 3, 6, 8)	A-	D-	5	4
24.5	49/2	0.25	1/4	9	C5	72	True	P1-Staff2	1	9.0	3.0	8.0	V7/IV	False	('G-', 'A-', 'C', 'E-')	G-	A-	3.0	dominant seventh chord	(0, 3, 6, 8)	A-	D-	5	4
24.5	49/2	0.25	1/4	9	E-5	75	True	P1-Staff2	1	9.0	3.0	8.0	V7/IV	False	('G-', 'A-', 'C', 'E-')	G-	A-	3.0	dominant seventh chord	(0, 3, 6, 8)	A-	D-	5	4
24.75	99/4	0.25	1/4	9	A-4	68	True	P1-Staff2	1	9.0	3.0	8.0	V7/IV	False	('G-', 'A-', 'C', 'E-')	G-	A-	3.0	dominant seventh chord	(0, 3, 6, 8)	A-	D-	5	4
24.75	99/4	0.25	1/4	9	C5	72	True	P1-Staff2	1	9.0	3.0	8.0	V7/IV	False	('G-', 'A-', 'C', 'E-')	G-	A-	3.0	dominant seventh chord	(0, 3, 6, 8)	A-	D-	5	4
24.75	99/4	0.25	1/4	9	E-5	75	True	P1-Staff2	1	9.0	3.0	8.0	V7/IV	False	('G-', 'A-', 'C', 'E-')	G-	A-	3.0	dominant seventh chord	(0, 3, 6, 8)	A-	D-	5	4
25.0	25	0.25	1/4	9	G-4	66	True	P1-Staff2	5	9.0	3.0	8.0	V7/IV	False	('G-', 'A-', 'C', 'E-')	G-	A-	3.0	dominant seventh chord	(0, 3, 6, 8)	A-	D-	5	4
25.25	101/4	0.25	1/4	9	A-4	68	True	P1-Staff2	1	9.0	3.0	8.0	V7/IV	False	('G-', 'A-', 'C', 'E-')	G-	A-	3.0	dominant seventh chord	(0, 3, 6, 8)	A-	D-	5	4
25.25	101/4	0.25	1/4	9	C5	72	True	P1-Staff2	1	9.0	3.0	8.0	V7/IV	False	('G-', 'A-', 'C', 'E-')	G-	A-	3.0	dominant seventh chord	(0, 3, 6, 8)	A-	D-	5	4
25.25	101/4	0.25	1/4	9	E-5	75	True	P1-Staff2	1	9.0	3.0	8.0	V7/IV	False	('G-', 'A-', 'C', 'E-')	G-	A-	3.0	dominant seventh chord	(0, 3, 6, 8)	A-	D-	5	4
25.5	51/2	1.0	1	9	C6	84	True	P1-Staff2	2	9.0	3.0	8.0	V7/IV	False	('G-', 'A-', 'C', 'E-')	G-	A-	3.0	dominant seventh chord	(0, 3, 6, 8)	A-	D-	5	4
25.5	51/2	0.25	1/4	9	A-4	68	True	P1-Staff2	1	9.0	3.0	8.0	V7/IV	False	('G-', 'A-', 'C', 'E-')	G-	A-	3.0	dominant seventh chord	(0, 3, 6, 8)	A-	D-	5	4
25.5	51/2	0.25	1/4	9	C5	72	True	P1-Staff2	1	9.0	3.0	8.0	V7/IV	False	('G-', 'A-', 'C', 'E-')	G-	A-	3.0	dominant seventh chord	(0, 3, 6, 8)	A-	D-	5	4
25.5	51/2	0.25	1/4	9	E-5	75	True	P1-Staff2	1	9.0	3.0	8.0	V7/IV	False	('G-', 'A-', 'C', 'E-')	G-	A-	3.0	dominant seventh chord	(0, 3, 6, 8)	A-	D-	5	4
25.75	103/4	0.25	1/4	9	A-4	68	True	P1-Staff2	1	9.0	3.0	8.0	V7/IV	False	('G-', 'A-', 'C', 'E-')	G-	A-	3.0	dominant seventh chord	(0, 3, 6, 8)	A-	D-	5	4
25.75	103/4	0.25	1/4	9	C5	72	True	P1-Staff2	1	9.0	3.0	8.0	V7/IV	False	('G-', 'A-', 'C', 'E-')	G-	A-	3.0	dominant seventh chord	(0, 3, 6, 8)	A-	D-	5	4
25.75	103/4	0.25	1/4	9	E-5	75	True	P1-Staff2	1	9.0	3.0	8.0	V7/IV	False	('G-', 'A-', 'C', 'E-')	G-	A-	3.0	dominant seventh chord	(0, 3, 6, 8)	A-	D-	5	4
26.0	26	0.25	1/4	9	G-4	66	True	P1-Staff2	5	9.0	3.0	8.0	V7/IV	False	('G-', 'A-', 'C', 'E-')	G-	A-	3.0	dominant seventh chord	(0, 3, 6, 8)	A-	D-	5	4
26.25	105/4	0.25	1/4	9	A-4	68	True	P1-Staff2	1	9.0	3.0	8.0	V7/IV	False	('G-', 'A-', 'C', 'E-')	G-	A-	3.0	dominant seventh chord	(0, 3, 6, 8)	A-	D-	5	4
26.25	105/4	0.25	1/4	9	C5	72	True	P1-Staff2	1	9.0	3.0	8.0	V7/IV	False	('G-', 'A-', 'C', 'E-')	G-	A-	3.0	dominant seventh chord	(0, 3, 6, 8)	A-	D-	5	4
26.25	105/4	0.25	1/4	9	E-5	75	True	P1-Staff2	1	9.0	3.0	8.0	V7/IV	False	('G-', 'A-', 'C', 'E-')	G-	A-	3.0	dominant seventh chord	(0, 3, 6, 8)	A-	D-	5	4
26.5	53/2	0.5	1/2	9	E-6	87	True	P1-Staff2	2	9.0	3.0	8.0	V7/IV	False	('G-', 'A-', 'C', 'E-')	G-	A-	3.0	dominant seventh chord	(0, 3, 6, 8)	A-	D-	5	4
26.5	53/2	0.25	1/4	9	A-4	68	True	P1-Staff2	1	9.0	3.0	8.0	V7/IV	False	('G-', 'A-', 'C', 'E-')	G-	A-	3.0	dominant seventh chord	(0, 3, 6, 8)	A-	D-	5	4
26.5	53/2	0.25	1/4	9	C5	72	True	P1-Staff2	1	9.0	3.0	8.0	V7/IV	False	('G-', 'A-', 'C', 'E-')	G-	A-	3.0	dominant seventh chord	(0, 3, 6, 8)	A-	D-	5	4
26.5	53/2	0.25	1/4	9	E-5	75	True	P1-Staff2	1	9.0	3.0	8.0	V7/IV	False	('G-', 'A-', 'C', 'E-')	G-	A-	3.0	dominant seventh chord	(0, 3, 6, 8)	A-	D-	5	4
26.75	107/4	0.25	1/4	9	A-4	68	True	P1-Staff2	1	9.0	3.0	8.0	V7/IV	False	('G-', 'A-', 'C', 'E-')	G-	A-	3.0	dominant seventh chord	(0, 3, 6, 8)	A-	D-	5	4
26.75	107/4	0.25	1/4	9	C5	72	True	P1-Staff2	1	9.0	3.0	8.0	V7/IV	False	('G-', 'A-', 'C', 'E-')	G-	A-	3.0	dominant seventh chord	(0, 3, 6, 8)	A-	D-	5	4
26.75	107/4	0.25	1/4	9	E-5	75	True	P1-Staff2	1	9.0	3.0	8.0	V7/IV	False	('G-', 'A-', 'C', 'E-')	G-	A-	3.0	dominant seventh chord	(0, 3, 6, 8)	A-	D-	5	4
27.0	27	1.5	3/2	10	E-6	87	True	P1-Staff2	2	10.0	2.0	9.0	IV	True	('F', 'A-', 'D-')	F	D-	1.0	major triad	(1, 5, 8)	A-	A-	4	None
27.0	27	0.25	1/4	10	F4	65	True	P1-Staff2	5	10.0	2.0	9.0	IV	True	('F', 'A-', 'D-')	F	D-	1.0	major triad	(1, 5, 8)	A-	A-	4	None
27.25	109/4	0.25	1/4	10	A-4	68	True	P1-Staff2	1	10.0	2.0	9.0	IV	False	('F', 'A-', 'D-')	F	D-	1.0	major triad	(1, 5, 8)	A-	A-	4	None
27.25	109/4	0.25	1/4	10	D-5	73	True	P1-Staff2	1	10.0	2.0	9.0	IV	False	('F', 'A-', 'D-')	F	D-	1.0	major triad	(1, 5, 8)	A-	A-	4	None
27.5	55/2	0.25	1/4	10	A-4	68	True	P1-Staff2	1	10.0	2.0	9.0	IV	False	('F', 'A-', 'D-')	F	D-	1.0	major triad	(1, 5, 8)	A-	A-	4	None
27.5	55/2	0.25	1/4	10	D-5	73	True	P1-Staff2	1	10.0	2.0	9.0	IV	False	('F', 'A-', 'D-')	F	D-	1.0	major triad	(1, 5, 8)	A-	A-	4	None
27.75	111/4	0.25	1/4	10	A-4	68	True	P1-Staff2	1	10.0	2.0	9.0	IV	False	('F', 'A-', 'D-')	F	D-	1.0	major triad	(1, 5, 8)	A-	A-	4	None
27.75	111/4	0.25	1/4	10	D-5	73	True	P1-Staff2	1	10.0	2.0	9.0	IV	False	('F', 'A-', 'D-')	F	D-	1.0	major triad	(1, 5, 8)	A-	A-	4	None
28.0	28	0.25	1/4	10	F4	65	True	P1-Staff2	5	10.0	2.0	9.0	IV	False	('F', 'A-', 'D-')	F	D-	1.0	major triad	(1, 5, 8)	A-	A-	4	None
28.25	113/4	0.25	1/4	10	A-4	68	True	P1-Staff2	1	10.0	2.0	9.0	IV	False	('F', 'A-', 'D-')	F	D-	1.0	major triad	(1, 5, 8)	A-	A-	4	None
28.25	113/4	0.25	1/4	10	D-5	73	True	P1-Staff2	1	10.0	2.0	9.0	IV	False	('F', 'A-', 'D-')	F	D-	1.0	major triad	(1, 5, 8)	A-	A-	4	None
28.5	57/2	0.5	1/2	10	D-6	85	True	P1-Staff2	2	10.0	2.0	9.0	IV	False	('F', 'A-', 'D-')	F	D-	1.0	major triad	(1, 5, 8)	A-	A-	4	None
28.5	57/2	0.25	1/4	10	A-4	68	True	P1-Staff2	1	10.0	2.0	9.0	IV	False	('F', 'A-', 'D-')	F	D-	1.0	major triad	(1, 5, 8)	A-	A-	4	None
28.5	57/2	0.25	1/4	10	D-5	73	True	P1-Staff2	1	10.0	2.0	9.0	IV	False	('F', 'A-', 'D-')	F	D-	1.0	major triad	(1, 5, 8)	A-	A-	4	None
28.75	115/4	0.25	1/4	10	A-4	68	True	P1-Staff2	1	10.0	2.0	9.0	IV	False	('F', 'A-', 'D-')	F	D-	1.0	major triad	(1, 5, 8)	A-	A-	4	None
28.75	115/4	0.25	1/4	10	D-5	73	True	P1-Staff2	1	10.0	2.0	9.0	IV	False	('F', 'A-', 'D-')	F	D-	1.0	major triad	(1, 5, 8)	A-	A-	4	None
29.0	29	0.5	1/2	10	E-6	87	True	P1-Staff2	2	10.0	0.5	10.0	I	True	('E-', 'A-', 'C')	E-	A-	2.0	major triad	(0, 3, 8)	A-	A-	1	None
29.0	29	0.25	1/4	10	E-4	63	True	P1-Staff2	5	10.0	0.5	10.0	I	True	('E-', 'A-', 'C')	E-	A-	2.0	major triad	(0, 3, 8)	A-	A-	1	None
29.25	117/4	0.25	1/4	10	A-4	68	True	P1-Staff2	1	10.0	0.5	10.0	I	False	('E-', 'A-', 'C')	E-	A-	2.0	major triad	(0, 3, 8)	A-	A-	1	None
29.25	117/4	0.25	1/4	10	C5	72	True	P1-Staff2	1	10.0	0.5	10.0	I	False	('E-', 'A-', 'C')	E-	A-	2.0	major triad	(0, 3, 8)	A-	A-	1	None
29.5	59/2	0.5	1/2	10	F6	89	True	P1-Staff2	2	10.0	0.5	11.0	ii7	True	('D-', 'F', 'A-', 'B-')	D-	B-	1.0	minor seventh chord	(1, 5, 8, 10)	A-	A-	2	None
29.5	59/2	0.25	1/4	10	D-4	61	True	P1-Staff2	5	10.0	0.5	11.0	ii7	True	('D-', 'F', 'A-', 'B-')	D-	B-	1.0	minor seventh chord	(1, 5, 8, 10)	A-	A-	2	None
29.75	119/4	0.25	1/4	10	A-4	68	True	P1-Staff2	1	10.0	0.5	11.0	ii7	False	('D-', 'F', 'A-', 'B-')	D-	B-	1.0	minor seventh chord	(1, 5, 8, 10)	A-	A-	2	None
29.75	119/4	0.25	1/4	10	B-4	70	True	P1-Staff2	1	10.0	0.5	11.0	ii7	False	('D-', 'F', 'A-', 'B-')	D-	B-	1.0	minor seventh chord	(1, 5, 8, 10)	A-	A-	2	None
30.0	30	0.5	1/2	11	F6	89	True	P1-Staff2	2	11.0	2.0	12.0	I	True	('E-', 'A-', 'C')	E-	A-	2.0	major triad	(0, 3, 8)	A-	A-	1	None
30.0	30	0.25	1/4	11	E-4	63	True	P1-Staff2	5	11.0	2.0	12.0	I	True	('E-', 'A-', 'C')	E-	A-	2.0	major triad	(0, 3, 8)	A-	A-	1	None
30.25	121/4	0.25	1/4	11	A-4	68	True	P1-Staff2	1	11.0	2.0	12.0	I	False	('E-', 'A-', 'C')	E-	A-	2.0	major triad	(0, 3, 8)	A-	A-	1	None
30.25	121/4	0.25	1/4	11	C5	72	True	P1-Staff2	1	11.0	2.0	12.0	I	False	('E-', 'A-', 'C')	E-	A-	2.0	major triad	(0, 3, 8)	A-	A-	1	None
30.5	61/2	1.0	1	11	E-6	87	True	P1-Staff2	2	11.0	2.0	12.0	I	False	('E-', 'A-', 'C')	E-	A-	2.0	major triad	(0, 3, 8)	A-	A-	1	None
30.5	61/2	0.25	1/4	11	A-4	68	True	P1-Staff2	1	11.0	2.0	12.0	I	False	('E-', 'A-', 'C')	E-	A-	2.0	major triad	(0, 3, 8)	A-	A-	1	None
30.5	61/2	0.25	1/4	11	C5	72	True	P1-Staff2	1	11.0	2.0	12.0	I	False	('E-', 'A-', 'C')	E-	A-	2.0	major triad	(0, 3, 8)	A-	A-	1	None
30.75	123/4	0.25	1/4	11	A-4	68	True	P1-Staff2	1	11.0	2.0	12.0	I	False	('E-', 'A-', 'C')	E-	A-	2.0	major triad	(0, 3, 8)	A-	A-	1	None
30.75	123/4	0.25	1/4	11	C5	72	True	P1-Staff2	1	11.0	2.0	12.0	I	False	('E-', 'A-', 'C')	E-	A-	2.0	major triad	(0, 3, 8)	A-	A-	1	None
31.0	31	0.25	1/4	11	E-4	63	True	P1-Staff2	5	11.0	2.0	12.0	I	False	('E-', 'A-', 'C')	E-	A-	2.0	major triad	(0, 3, 8)	A-	A-	1	None
31.25	125/4	0.25	1/4	11	A-4	68	True	P1-Staff2	1	11.0	2.0	12.0	I	False	('E-', 'A-', 'C')	E-	A-	2.0	major triad	(0, 3, 8)	A-	A-	1	None
31.25	125/4	0.25	1/4	11	C5	72	True	P1-Staff2	1	11.0	2.0	12.0	I	False	('E-', 'A-', 'C')	E-	A-	2.0	major triad	(0, 3, 8)	A-	A-	1	None
31.5	63/2	0.25	1/4	11	D-6	85	True	P1-Staff2	2	11.0	2.0	12.0	I	False	('E-', 'A-', 'C')	E-	A-	2.0	major triad	(0, 3, 8)	A-	A-	1	None
31.5	63/2	0.25	1/4	11	A-4	68	True	P1-Staff2	1	11.0	2.0	12.0	I	False	('E-', 'A-', 'C')	E-	A-	2.0	major triad	(0, 3, 8)	A-	A-	1	None
31.5	63/2	0.25	1/4	11	C5	72	True	P1-Staff2	1	11.0	2.0	12.0	I	False	('E-', 'A-', 'C')	E-	A-	2.0	major triad	(0, 3, 8)	A-	A-	1	None
31.75	127/4	0.25	1/4	11	C6	84	True	P1-Staff2	2	11.0	2.0	12.0	I	False	('E-', 'A-', 'C')	E-	A-	2.0	major triad	(0, 3, 8)	A-	A-	1	None
31.75	127/4	0.25	1/4	11	A-4	68	True	P1-Staff2	1	11.0	2.0	12.0	I	False	('E-', 'A-', 'C')	E-	A-	2.0	major triad	(0, 3, 8)	A-	A-	1	None
31.75	127/4	0.25	1/4	11	C5	72	True	P1-Staff2	1	11.0	2.0	12.0	I	False	('E-', 'A-', 'C')	E-	A-	2.0	major triad	(0, 3, 8)	A-	A-	1	None
32.0	32	0.25	1/4	11	E-6	87	True	P1-Staff2	2	11.0	1.0	13.0	V7	True	('E-', 'G', 'B-', 'D-')	E-	E-	0.0	dominant seventh chord	(1, 3, 7, 10)	A-	A-	5	None
32.0	32	0.25	1/4	11	E-4	63	True	P1-Staff2	5	11.0	1.0	13.0	V7	True	('E-', 'G', 'B-', 'D-')	E-	E-	0.0	dominant seventh chord	(1, 3, 7, 10)	A-	A-	5	None
32.25	129/4	0.25	1/4	11	D-6	85	True	P1-Staff2	2	11.0	1.0	13.0	V7	False	('E-', 'G', 'B-', 'D-')	E-	E-	0.0	dominant seventh chord	(1, 3, 7, 10)	A-	A-	5	None
32.25	129/4	0.25	1/4	11	B-4	70	True	P1-Staff2	1	11.0	1.0	13.0	V7	False	('E-', 'G', 'B-', 'D-')	E-	E-	0.0	dominant seventh chord	(1, 3, 7, 10)	A-	A-	5	None
32.25	129/4	0.25	1/4	11	D-5	73	True	P1-Staff2	1	11.0	1.0	13.0	V7	False	('E-', 'G', 'B-', 'D-')	E-	E-	0.0	dominant seventh chord	(1, 3, 7, 10)	A-	A-	5	None
32.5	65/2	0.5	1/2	11	G5	79	True	P1-Staff2	2	11.0	1.0	13.0	V7	False	('E-', 'G', 'B-', 'D-')	E-	E-	0.0	dominant seventh chord	(1, 3, 7, 10)	A-	A-	5	None
32.5	65/2	0.25	1/4	11	B-4	70	True	P1-Staff2	1	11.0	1.0	13.0	V7	False	('E-', 'G', 'B-', 'D-')	E-	E-	0.0	dominant seventh chord	(1, 3, 7, 10)	A-	A-	5	None
32.5	65/2	0.25	1/4	11	D-5	73	True	P1-Staff2	1	11.0	1.0	13.0	V7	False	('E-', 'G', 'B-', 'D-')	E-	E-	0.0	dominant seventh chord	(1, 3, 7, 10)	A-	A-	5	None
32.75	131/4	0.25	1/4	11	B-4	70	True	P1-Staff2	1	11.0	1.0	13.0	V7	False	('E-', 'G', 'B-', 'D-')	E-	E-	0.0	dominant seventh chord	(1, 3, 7, 10)	A-	A-	5	None
32.75	131/4	0.25	1/4	11	D-5	73	True	P1-Staff2	1	11.0	1.0	13.0	V7	False	('E-', 'G', 'B-', 'D-')	E-	E-	0.0	dominant seventh chord	(1, 3, 7, 10)	A-	A-	5	None
33.0	33	0.125	1/8	12	A-5	80	True	P1-Staff2	2	12.0	3.0	14.0	I	True	('A-', 'C', 'E-')	A-	A-	0.0	major triad	(0, 3, 8)	A-	A-	1	None
33.0	33	0.5	1/2	12	A-4	68	True	P1-Staff2	1	12.0	3.0	14.0	I	True	('A-', 'C', 'E-')	A-	A-	0.0	major triad	(0, 3, 8)	A-	A-	1	None
33.0	33	0.5	1/2	12	C5	72	True	P1-Staff2	1	12.0	3.0	14.0	I	True	('A-', 'C', 'E-')	A-	A-	0.0	major triad	(0, 3, 8)	A-	A-	1	None
33.125	265/8	0.125	1/8	12	E-6	87	True	P1-Staff2	2	12.0	3.0	14.0	I	False	('A-', 'C', 'E-')	A-	A-	0.0	major triad	(0, 3, 8)	A-	A-	1	None
33.25	133/4	0.125	1/8	12	C6	84	True	P1-Staff2	2	12.0	3.0	14.0	I	False	('A-', 'C', 'E-')	A-	A-	0.0	major triad	(0, 3, 8)	A-	A-	1	None
33.375	267/8	0.125	1/8	12	E-6	87	True	P1-Staff2	2	12.0	3.0	14.0	I	False	('A-', 'C', 'E-')	A-	A-	0.0	major triad	(0, 3, 8)	A-	A-	1	None
33.5	67/2	0.125	1/8	12	A-6	92	True	P1-Staff2	2	12.0	3.0	14.0	I	False	('A-', 'C', 'E-')	A-	A-	0.0	major triad	(0, 3, 8)	A-	A-	1	None
33.625	269/8	0.125	1/8	12	E-6	87	True	P1-Staff2	2	12.0	3.0	14.0	I	False	('A-', 'C', 'E-')	A-	A-	0.0	major triad	(0, 3, 8)	A-	A-	1	None
33.75	135/4	0.125	1/8	12	C6	84	True	P1-Staff2	2	12.0	3.0	14.0	I	False	('A-', 'C', 'E-')	A-	A-	0.0	major triad	(0, 3, 8)	A-	A-	1	None
33.875	271/8	0.125	1/8	12	E-6	87	True	P1-Staff2	2	12.0	3.0	14.0	I	False	('A-', 'C', 'E-')	A-	A-	0.0	major triad	(0, 3, 8)	A-	A-	1	None
34.0	34	0.125	1/8	12	A-5	80	True	P1-Staff2	2	12.0	3.0	14.0	I	False	('A-', 'C', 'E-')	A-	A-	0.0	major triad	(0, 3, 8)	A-	A-	1	None
34.125	273/8	0.125	1/8	12	E-5	75	True	P1-Staff2	2	12.0	3.0	14.0	I	False	('A-', 'C', 'E-')	A-	A-	0.0	major triad	(0, 3, 8)	A-	A-	1	None
34.25	137/4	0.125	1/8	12	C5	72	True	P1-Staff2	2	12.0	3.0	14.0	I	False	('A-', 'C', 'E-')	A-	A-	0.0	major triad	(0, 3, 8)	A-	A-	1	None
34.375	275/8	0.125	1/8	12	E-5	75	True	P1-Staff2	2	12.0	3.0	14.0	I	False	('A-', 'C', 'E-')	A-	A-	0.0	major triad	(0, 3, 8)	A-	A-	1	None
34.5	69/2	0.125	1/8	12	A-4	68	True	P1-Staff2	2	12.0	3.0	14.0	I	False	('A-', 'C', 'E-')	A-	A-	0.0	major triad	(0, 3, 8)	A-	A-	1	None
34.625	277/8	0.125	1/8	12	E-4	63	True	P1-Staff2	2	12.0	3.0	14.0	I	False	('A-', 'C', 'E-')	A-	A-	0.0	major triad	(0, 3, 8)	A-	A-	1	None
34.75	139/4	0.125	1/8	12	C4	60	True	P1-Staff2	2	12.0	3.0	14.0	I	False	('A-', 'C', 'E-')	A-	A-	0.0	major triad	(0, 3, 8)	A-	A-	1	None
34.875	279/8	0.125	1/8	12	E-4	63	True	P1-Staff2	2	12.0	3.0	14.0	I	False	('A-', 'C', 'E-')	A-	A-	0.0	major triad	(0, 3, 8)	A-	A-	1	None
35.0	35	0.125	1/8	12	A-3	56	True	P1-Staff2	2	12.0	3.0	14.0	I	False	('A-', 'C', 'E-')	A-	A-	0.0	major triad	(0, 3, 8)	A-	A-	1	None
35.125	281/8	0.125	1/8	12	E-3	51	True	P1-Staff2	2	12.0	3.0	14.0	I	False	('A-', 'C', 'E-')	A-	A-	0.0	major triad	(0, 3, 8)	A-	A-	1	None
35.25	141/4	0.125	1/8	12	C3	48	True	P1-Staff2	2	12.0	3.0	14.0	I	False	('A-', 'C', 'E-')	A-	A-	0.0	major triad	(0, 3, 8)	A-	A-	1	None
35.375	283/8	0.125	1/8	12	E-3	51	True	P1-Staff2	2	12.0	3.0	14.0	I	False	('A-', 'C', 'E-')	A-	A-	0.0	major triad	(0, 3, 8)	A-	A-	1	None
35.5	71/2	0.125	1/8	12	A-2	44	True	P1-Staff2	2	12.0	3.0	14.0	I	False	('A-', 'C', 'E-')	A-	A-	0.0	major triad	(0, 3, 8)	A-	A-	1	None
35.625	285/8	0.125	1/8	12	E-3	51	True	P1-Staff2	2	12.0	3.0	14.0	I	False	('A-', 'C', 'E-')	A-	A-	0.0	major triad	(0, 3, 8)	A-	A-	1	None
35.75	143/4	0.125	1/8	12	C3	48	True	P1-Staff2	2	12.0	3.0	14.0	I	False	('A-', 'C', 'E-')	A-	A-	0.0	major triad	(0, 3, 8)	A-	A-	1	None
35.875	287/8	0.125	1/8	12	E-3	51	True	P1-Staff2	2	12.0	3.0	14.0	I	False	('A-', 'C', 'E-')	A-	A-	0.0	major triad	(0, 3, 8)	A-	A-	1	None
36.0	36	0.125	1/8	13	G2	43	True	P1-Staff2	2	13.0	3.0	15.0	V7	True	('B-', 'D-', 'E-', 'G')	B-	E-	2.0	dominant seventh chord	(1, 3, 7, 10)	A-	A-	5	None
36.0	36	0.5	1/2	13	B-1	34	True	P1-Staff2	1	13.0	3.0	15.0	V7	True	('B-', 'D-', 'E-', 'G')	B-	E-	2.0	dominant seventh chord	(1, 3, 7, 10)	A-	A-	5	None
36.0	36	0.5	1/2	13	E-2	39	True	P1-Staff2	1	13.0	3.0	15.0	V7	True	('B-', 'D-', 'E-', 'G')	B-	E-	2.0	dominant seventh chord	(1, 3, 7, 10)	A-	A-	5	None
36.0	36	0.5	1/2	13	B-2	46	True	P1-Staff2	1	13.0	3.0	15.0	V7	True	('B-', 'D-', 'E-', 'G')	B-	E-	2.0	dominant seventh chord	(1, 3, 7, 10)	A-	A-	5	None
36.125	289/8	0.125	1/8	13	E-3	51	True	P1-Staff2	2	13.0	3.0	15.0	V7	False	('B-', 'D-', 'E-', 'G')	B-	E-	2.0	dominant seventh chord	(1, 3, 7, 10)	A-	A-	5	None
36.25	145/4	0.125	1/8	13	D-3	49	True	P1-Staff2	2	13.0	3.0	15.0	V7	False	('B-', 'D-', 'E-', 'G')	B-	E-	2.0	dominant seventh chord	(1, 3, 7, 10)	A-	A-	5	None
36.375	291/8	0.125	1/8	13	E-3	51	True	P1-Staff2	2	13.0	3.0	15.0	V7	False	('B-', 'D-', 'E-', 'G')	B-	E-	2.0	dominant seventh chord	(1, 3, 7, 10)	A-	A-	5	None
36.5	73/2	0.125	1/8	13	G3	55	True	P1-Staff2	2	13.0	3.0	15.0	V7	False	('B-', 'D-', 'E-', 'G')	B-	E-	2.0	dominant seventh chord	(1, 3, 7, 10)	A-	A-	5	None
36.625	293/8	0.125	1/8	13	E-3	51	True	P1-Staff2	2	13.0	3.0	15.0	V7	False	('B-', 'D-', 'E-', 'G')	B-	E-	2.0	dominant seventh chord	(1, 3, 7, 10)	A-	A-	5	None
36.75	147/4	0.125	1/8	13	D-3	49	True	P1-Staff2	2	13.0	3.0	15.0	V7	False	('B-', 'D-', 'E-', 'G')	B-	E-	2.0	dominant seventh chord	(1, 3, 7, 10)	A-	A-	5	None
36.875	295/8	0.125	1/8	13	E-3	51	True	P1-Staff2	2	13.0	3.0	15.0	V7	False	('B-', 'D-', 'E-', 'G')	B-	E-	2.0	dominant seventh chord	(1, 3, 7, 10)	A-	A-	5	None
37.0	37	0.125	1/8	13	G3	55	True	P1-Staff2	2	13.0	3.0	15.0	V7	False	('B-', 'D-', 'E-', 'G')	B-	E-	2.0	dominant seventh chord	(1, 3, 7, 10)	A-	A-	5	None
37.0	37	0.5	1/2	13	B-1	34	True	P1-Staff2	1	13.0	3.0	15.0	V7	False	('B-', 'D-', 'E-', 'G')	B-	E-	2.0	dominant seventh chord	(1, 3, 7, 10)	A-	A-	5	None
37.0	37	0.5	1/2	13	E-2	39	True	P1-Staff2	1	13.0	3.0	15.0	V7	False	('B-', 'D-', 'E-', 'G')	B-	E-	2.0	dominant seventh chord	(1, 3, 7, 10)	A-	A-	5	None
37.0	37	0.5	1/2	13	B-2	46	True	P1-Staff2	1	13.0	3.0	15.0	V7	False	('B-', 'D-', 'E-', 'G')	B-	E-	2.0	dominant seventh chord	(1, 3, 7, 10)	A-	A-	5	None
37.125	297/8	0.125	1/8	13	E-4	63	True	P1-Staff2	2	13.0	3.0	15.0	V7	False	('B-', 'D-', 'E-', 'G')	B-	E-	2.0	dominant seventh chord	(1, 3, 7, 10)	A-	A-	5	None
37.25	149/4	0.125	1/8	13	D-4	61	True	P1-Staff2	2	13.0	3.0	15.0	V7	False	('B-', 'D-', 'E-', 'G')	B-	E-	2.0	dominant seventh chord	(1, 3, 7, 10)	A-	A-	5	None
37.375	299/8	0.125	1/8	13	E-4	63	True	P1-Staff2	2	13.0	3.0	15.0	V7	False	('B-', 'D-', 'E-', 'G')	B-	E-	2.0	dominant seventh chord	(1, 3, 7, 10)	A-	A-	5	None
37.5	75/2	0.125	1/8	13	G4	67	True	P1-Staff2	2	13.0	3.0	15.0	V7	False	('B-', 'D-', 'E-', 'G')	B-	E-	2.0	dominant seventh chord	(1, 3, 7, 10)	A-	A-	5	None
37.625	301/8	0.125	1/8	13	E-4	63	True	P1-Staff2	2	13.0	3.0	15.0	V7	False	('B-', 'D-', 'E-', 'G')	B-	E-	2.0	dominant seventh chord	(1, 3, 7, 10)	A-	A-	5	None
37.75	151/4	0.125	1/8	13	D-4	61	True	P1-Staff2	2	13.0	3.0	15.0	V7	False	('B-', 'D-', 'E-', 'G')	B-	E-	2.0	dominant seventh chord	(1, 3, 7, 10)	A-	A-	5	None
37.875	303/8	0.125	1/8	13	E-4	63	True	P1-Staff2	2	13.0	3.0	15.0	V7	False	('B-', 'D-', 'E-', 'G')	B-	E-	2.0	dominant seventh chord	(1, 3, 7, 10)	A-	A-	5	None
38.0	38	0.125	1/8	13	G4	67	True	P1-Staff2	2	13.0	3.0	15.0	V7	False	('B-', 'D-', 'E-', 'G')	B-	E-	2.0	dominant seventh chord	(1, 3, 7, 10)	A-	A-	5	None
38.0	38	0.5	1/2	13	B-1	34	True	P1-Staff2	1	13.0	3.0	15.0	V7	False	('B-', 'D-', 'E-', 'G')	B-	E-	2.0	dominant seventh chord	(1, 3, 7, 10)	A-	A-	5	None
38.0	38	0.5	1/2	13	E-2	39	True	P1-Staff2	1	13.0	3.0	15.0	V7	False	('B-', 'D-', 'E-', 'G')	B-	E-	2.0	dominant seventh chord	(1, 3, 7, 10)	A-	A-	5	None
38.0	38	0.5	1/2	13	B-2	46	True	P1-Staff2	1	13.0	3.0	15.0	V7	False	('B-', 'D-', 'E-', 'G')	B-	E-	2.0	dominant seventh chord	(1, 3, 7, 10)	A-	A-	5	None
38.125	305/8	0.125	1/8	13	E-5	75	True	P1-Staff2	2	13.0	3.0	15.0	V7	False	('B-', 'D-', 'E-', 'G')	B-	E-	2.0	dominant seventh chord	(1, 3, 7, 10)	A-	A-	5	None
38.25	153/4	0.125	1/8	13	D-5	73	True	P1-Staff2	2	13.0	3.0	15.0	V7	False	('B-', 'D-', 'E-', 'G')	B-	E-	2.0	dominant seventh chord	(1, 3, 7, 10)	A-	A-	5	None
38.375	307/8	0.125	1/8	13	E-5	75	True	P1-Staff2	2	13.0	3.0	15.0	V7	False	('B-', 'D-', 'E-', 'G')	B-	E-	2.0	dominant seventh chord	(1, 3, 7, 10)	A-	A-	5	None
38.5	77/2	0.125	1/8	13	G5	79	True	P1-Staff2	2	13.0	3.0	15.0	V7	False	('B-', 'D-', 'E-', 'G')	B-	E-	2.0	dominant seventh chord	(1, 3, 7, 10)	A-	A-	5	None
38.625	309/8	0.125	1/8	13	E-5	75	True	P1-Staff2	2	13.0	3.0	15.0	V7	False	('B-', 'D-', 'E-', 'G')	B-	E-	2.0	dominant seventh chord	(1, 3, 7, 10)	A-	A-	5	None
38.75	155/4	0.125	1/8	13	D-5	73	True	P1-Staff2	2	13.0	3.0	15.0	V7	False	('B-', 'D-', 'E-', 'G')	B-	E-	2.0	dominant seventh chord	(1, 3, 7, 10)	A-	A-	5	None
38.875	311/8	0.125	1/8	13	E-5	75	True	P1-Staff2	2	13.0	3.0	15.0	V7	False	('B-', 'D-', 'E-', 'G')	B-	E-	2.0	dominant seventh chord	(1, 3, 7, 10)	A-	A-	5	None
39.0	39	0.125	1/8	14	A-5	80	True	P1-Staff2	2	14.0	3.0	16.0	I	True	('C', 'E-', 'A-')	C	A-	1.0	major triad	(0, 3, 8)	A-	A-	1	None
39.0	39	0.5	1/2	14	C2	36	True	P1-Staff2	1	14.0	3.0	16.0	I	True	('C', 'E-', 'A-')	C	A-	1.0	major triad	(0, 3, 8)	A-	A-	1	None
39.0	39	0.5	1/2	14	E-2	39	True	P1-Staff2	1	14.0	3.0	16.0	I	True	('C', 'E-', 'A-')	C	A-	1.0	major triad	(0, 3, 8)	A-	A-	1	None
39.0	39	0.5	1/2	14	C3	48	True	P1-Staff2	1	14.0	3.0	16.0	I	True	('C', 'E-', 'A-')	C	A-	1.0	major triad	(0, 3, 8)	A-	A-	1	None
39.125	313/8	0.125	1/8	14	E-6	87	True	P1-Staff2	2	14.0	3.0	16.0	I	False	('C', 'E-', 'A-')	C	A-	1.0	major triad	(0, 3, 8)	A-	A-	1	None
39.25	157/4	0.125	1/8	14	C6	84	True	P1-Staff2	2	14.0	3.0	16.0	I	False	('C', 'E-', 'A-')	C	A-	1.0	major triad	(0, 3, 8)	A-	A-	1	None
39.375	315/8	0.125	1/8	14	E-6	87	True	P1-Staff2	2	14.0	3.0	16.0	I	False	('C', 'E-', 'A-')	C	A-	1.0	major triad	(0, 3, 8)	A-	A-	1	None
39.5	79/2	0.125	1/8	14	A-6	92	True	P1-Staff2	2	14.0	3.0	16.0	I	False	('C', 'E-', 'A-')	C	A-	1.0	major triad	(0, 3, 8)	A-	A-	1	None
39.625	317/8	0.125	1/8	14	E-6	87	True	P1-Staff2	2	14.0	3.0	16.0	I	False	('C', 'E-', 'A-')	C	A-	1.0	major triad	(0, 3, 8)	A-	A-	1	None
39.75	159/4	0.125	1/8	14	C6	84	True	P1-Staff2	2	14.0	3.0	16.0	I	False	('C', 'E-', 'A-')	C	A-	1.0	major triad	(0, 3, 8)	A-	A-	1	None
39.875	319/8	0.125	1/8	14	E-6	87	True	P1-Staff2	2	14.0	3.0	16.0	I	False	('C', 'E-', 'A-')	C	A-	1.0	major triad	(0, 3, 8)	A-	A-	1	None
40.0	40	0.125	1/8	14	A-5	80	True	P1-Staff2	2	14.0	3.0	16.0	I	False	('C', 'E-', 'A-')	C	A-	1.0	major triad	(0, 3, 8)	A-	A-	1	None
40.125	321/8	0.125	1/8	14	E-5	75	True	P1-Staff2	2	14.0	3.0	16.0	I	False	('C', 'E-', 'A-')	C	A-	1.0	major triad	(0, 3, 8)	A-	A-	1	None
40.25	161/4	0.125	1/8	14	C5	72	True	P1-Staff2	2	14.0	3.0	16.0	I	False	('C', 'E-', 'A-')	C	A-	1.0	major triad	(0, 3, 8)	A-	A-	1	None
40.375	323/8	0.125	1/8	14	E-5	75	True	P1-Staff2	2	14.0	3.0	16.0	I	False	('C', 'E-', 'A-')	C	A-	1.0	major triad	(0, 3, 8)	A-	A-	1	None
40.5	81/2	0.125	1/8	14	A-4	68	True	P1-Staff2	2	14.0	3.0	16.0	I	False	('C', 'E-', 'A-')	C	A-	1.0	major triad	(0, 3, 8)	A-	A-	1	None
40.625	325/8	0.125	1/8	14	E-4	63	True	P1-Staff2	2	14.0	3.0	16.0	I	False	('C', 'E-', 'A-')	C	A-	1.0	major triad	(0, 3, 8)	A-	A-	1	None
40.75	163/4	0.125	1/8	14	C4	60	True	P1-Staff2	2	14.0	3.0	16.0	I	False	('C', 'E-', 'A-')	C	A-	1.0	major triad	(0, 3, 8)	A-	A-	1	None
40.875	327/8	0.125	1/8	14	E-4	63	True	P1-Staff2	2	14.0	3.0	16.0	I	False	('C', 'E-', 'A-')	C	A-	1.0	major triad	(0, 3, 8)	A-	A-	1	None
41.0	41	0.125	1/8	14	A-3	56	True	P1-Staff2	2	14.0	3.0	16.0	I	False	('C', 'E-', 'A-')	C	A-	1.0	major triad	(0, 3, 8)	A-	A-	1	None
41.125	329/8	0.125	1/8	14	E-3	51	True	P1-Staff2	2	14.0	3.0	16.0	I	False	('C', 'E-', 'A-')	C	A-	1.0	major triad	(0, 3, 8)	A-	A-	1	None
41.25	165/4	0.125	1/8	14	C3	48	True	P1-Staff2	2	14.0	3.0	16.0	I	False	('C', 'E-', 'A-')	C	A-	1.0	major triad	(0, 3, 8)	A-	A-	1	None
41.375	331/8	0.125	1/8	14	E-3	51	True	P1-Staff2	2	14.0	3.0	16.0	I	False	('C', 'E-', 'A-')	C	A-	1.0	major triad	(0, 3, 8)	A-	A-	1	None
41.5	83/2	0.125	1/8	14	A-2	44	True	P1-Staff2	2	14.0	3.0	16.0	I	False	('C', 'E-', 'A-')	C	A-	1.0	major triad	(0, 3, 8)	A-	A-	1	None
41.625	333/8	0.125	1/8	14	E-3	51	True	P1-Staff2	2	14.0	3.0	16.0	I	False	('C', 'E-', 'A-')	C	A-	1.0	major triad	(0, 3, 8)	A-	A-	1	None
41.75	167/4	0.125	1/8	14	C3	48	True	P1-Staff2	2	14.0	3.0	16.0	I	False	('C', 'E-', 'A-')	C	A-	1.0	major triad	(0, 3, 8)	A-	A-	1	None
41.875	335/8	0.125	1/8	14	E-3	51	True	P1-Staff2	2	14.0	3.0	16.0	I	False	('C', 'E-', 'A-')	C	A-	1.0	major triad	(0, 3, 8)	A-	A-	1	None
42.0	42	0.125	1/8	15	B-2	46	True	P1-Staff2	2	15.0	3.0	17.0	V7	True	('G', 'B-', 'D-', 'E-')	G	E-	1.0	dominant seventh chord	(1, 3, 7, 10)	A-	A-	5	None
42.0	42	0.5	1/2	15	G1	31	True	P1-Staff2	1	15.0	3.0	17.0	V7	True	('G', 'B-', 'D-', 'E-')	G	E-	1.0	dominant seventh chord	(1, 3, 7, 10)	A-	A-	5	None
42.0	42	0.5	1/2	15	E-2	39	True	P1-Staff2	1	15.0	3.0	17.0	V7	True	('G', 'B-', 'D-', 'E-')	G	E-	1.0	dominant seventh chord	(1, 3, 7, 10)	A-	A-	5	None
42.0	42	0.5	1/2	15	G2	43	True	P1-Staff2	1	15.0	3.0	17.0	V7	True	('G', 'B-', 'D-', 'E-')	G	E-	1.0	dominant seventh chord	(1, 3, 7, 10)	A-	A-	5	None
42.125	337/8	0.125	1/8	15	E-3	51	True	P1-Staff2	2	15.0	3.0	17.0	V7	False	('G', 'B-', 'D-', 'E-')	G	E-	1.0	dominant seventh chord	(1, 3, 7, 10)	A-	A-	5	None
42.25	169/4	0.125	1/8	15	D-3	49	True	P1-Staff2	2	15.0	3.0	17.0	V7	False	('G', 'B-', 'D-', 'E-')	G	E-	1.0	dominant seventh chord	(1, 3, 7, 10)	A-	A-	5	None
42.375	339/8	0.125	1/8	15	E-3	51	True	P1-Staff2	2	15.0	3.0	17.0	V7	False	('G', 'B-', 'D-', 'E-')	G	E-	1.0	dominant seventh chord	(1, 3, 7, 10)	A-	A-	5	None
42.5	85/2	0.125	1/8	15	B-3	58	True	P1-Staff2	2	15.0	3.0	17.0	V7	False	('G', 'B-', 'D-', 'E-')	G	E-	1.0	dominant seventh chord	(1, 3, 7, 10)	A-	A-	5	None
42.625	341/8	0.125	1/8	15	E-3	51	True	P1-Staff2	2	15.0	3.0	17.0	V7	False	('G', 'B-', 'D-', 'E-')	G	E-	1.0	dominant seventh chord	(1, 3, 7, 10)	A-	A-	5	None
42.75	171/4	0.125	1/8	15	D-3	49	True	P1-Staff2	2	15.0	3.0	17.0	V7	False	('G', 'B-', 'D-', 'E-')	G	E-	1.0	dominant seventh chord	(1, 3, 7, 10)	A-	A-	5	None
42.875	343/8	0.125	1/8	15	E-3	51	True	P1-Staff2	2	15.0	3.0	17.0	V7	False	('G', 'B-', 'D-', 'E-')	G	E-	1.0	dominant seventh chord	(1, 3, 7, 10)	A-	A-	5	None
43.0	43	0.125	1/8	15	G3	55	True	P1-Staff2	2	15.0	3.0	17.0	V7	False	('G', 'B-', 'D-', 'E-')	G	E-	1.0	dominant seventh chord	(1, 3, 7, 10)	A-	A-	5	None
43.0	43	0.5	1/2	15	G1	31	True	P1-Staff2	1	15.0	3.0	17.0	V7	False	('G', 'B-', 'D-', 'E-')	G	E-	1.0	dominant seventh chord	(1, 3, 7, 10)	A-	A-	5	None
43.0	43	0.5	1/2	15	E-2	39	True	P1-Staff2	1	15.0	3.0	17.0	V7	False	('G', 'B-', 'D-', 'E-')	G	E-	1.0	dominant seventh chord	(1, 3, 7, 10)	A-	A-	5	None
43.0	43	0.5	1/2	15	G2	43	True	P1-Staff2	1	15.0	3.0	17.0	V7	False	('G', 'B-', 'D-', 'E-')	G	E-	1.0	dominant seventh chord	(1, 3, 7, 10)	A-	A-	5	None
43.125	345/8	0.125	1/8	15	E-4	63	True	P1-Staff2	2	15.0	3.0	17.0	V7	False	('G', 'B-', 'D-', 'E-')	G	E-	1.0	dominant seventh chord	(1, 3, 7, 10)	A-	A-	5	None
43.25	173/4	0.125	1/8	15	D-4	61	True	P1-Staff2	2	15.0	3.0	17.0	V7	False	('G', 'B-', 'D-', 'E-')	G	E-	1.0	dominant seventh chord	(1, 3, 7, 10)	A-	A-	5	None
43.375	347/8	0.125	1/8	15	E-4	63	True	P1-Staff2	2	15.0	3.0	17.0	V7	False	('G', 'B-', 'D-', 'E-')	G	E-	1.0	dominant seventh chord	(1, 3, 7, 10)	A-	A-	5	None
43.5	87/2	0.125	1/8	15	B-4	70	True	P1-Staff2	2	15.0	3.0	17.0	V7	False	('G', 'B-', 'D-', 'E-')	G	E-	1.0	dominant seventh chord	(1, 3, 7, 10)	A-	A-	5	None
43.625	349/8	0.125	1/8	15	E-4	63	True	P1-Staff2	2	15.0	3.0	17.0	V7	False	('G', 'B-', 'D-', 'E-')	G	E-	1.0	dominant seventh chord	(1, 3, 7, 10)	A-	A-	5	None
43.75	175/4	0.125	1/8	15	D-4	61	True	P1-Staff2	2	15.0	3.0	17.0	V7	False	('G', 'B-', 'D-', 'E-')	G	E-	1.0	dominant seventh chord	(1, 3, 7, 10)	A-	A-	5	None
43.875	351/8	0.125	1/8	15	E-4	63	True	P1-Staff2	2	15.0	3.0	17.0	V7	False	('G', 'B-', 'D-', 'E-')	G	E-	1.0	dominant seventh chord	(1, 3, 7, 10)	A-	A-	5	None
44.0	44	0.125	1/8	15	B-4	70	True	P1-Staff2	2	15.0	3.0	17.0	V7	False	('G', 'B-', 'D-', 'E-')	G	E-	1.0	dominant seventh chord	(1, 3, 7, 10)	A-	A-	5	None
44.0	44	0.5	1/2	15	G1	31	True	P1-Staff2	1	15.0	3.0	17.0	V7	False	('G', 'B-', 'D-', 'E-')	G	E-	1.0	dominant seventh chord	(1, 3, 7, 10)	A-	A-	5	None
44.0	44	0.5	1/2	15	E-2	39	True	P1-Staff2	1	15.0	3.0	17.0	V7	False	('G', 'B-', 'D-', 'E-')	G	E-	1.0	dominant seventh chord	(1, 3, 7, 10)	A-	A-	5	None
44.0	44	0.5	1/2	15	G2	43	True	P1-Staff2	1	15.0	3.0	17.0	V7	False	('G', 'B-', 'D-', 'E-')	G	E-	1.0	dominant seventh chord	(1, 3, 7, 10)	A-	A-	5	None
44.125	353/8	0.125	1/8	15	E-5	75	True	P1-Staff2	2	15.0	3.0	17.0	V7	False	('G', 'B-', 'D-', 'E-')	G	E-	1.0	dominant seventh chord	(1, 3, 7, 10)	A-	A-	5	None
44.25	177/4	0.125	1/8	15	D-5	73	True	P1-Staff2	2	15.0	3.0	17.0	V7	False	('G', 'B-', 'D-', 'E-')	G	E-	1.0	dominant seventh chord	(1, 3, 7, 10)	A-	A-	5	None
44.375	355/8	0.125	1/8	15	E-5	75	True	P1-Staff2	2	15.0	3.0	17.0	V7	False	('G', 'B-', 'D-', 'E-')	G	E-	1.0	dominant seventh chord	(1, 3, 7, 10)	A-	A-	5	None
44.5	89/2	0.125	1/8	15	B-5	82	True	P1-Staff2	2	15.0	3.0	17.0	V7	False	('G', 'B-', 'D-', 'E-')	G	E-	1.0	dominant seventh chord	(1, 3, 7, 10)	A-	A-	5	None
44.625	357/8	0.125	1/8	15	E-5	75	True	P1-Staff2	2	15.0	3.0	17.0	V7	False	('G', 'B-', 'D-', 'E-')	G	E-	1.0	dominant seventh chord	(1, 3, 7, 10)	A-	A-	5	None
44.75	179/4	0.125	1/8	15	D-5	73	True	P1-Staff2	2	15.0	3.0	17.0	V7	False	('G', 'B-', 'D-', 'E-')	G	E-	1.0	dominant seventh chord	(1, 3, 7, 10)	A-	A-	5	None
44.875	359/8	0.125	1/8	15	E-5	75	True	P1-Staff2	2	15.0	3.0	17.0	V7	False	('G', 'B-', 'D-', 'E-')	G	E-	1.0	dominant seventh chord	(1, 3, 7, 10)	A-	A-	5	None
45.0	45	0.125	1/8	16	C5	72	True	P1-Staff2	2	16.0	3.0	18.0	I	True	('A-', 'C', 'E-')	A-	A-	0.0	major triad	(0, 3, 8)	A-	A-	1	None
45.0	45	0.5	1/2	16	A-1	32	True	P1-Staff2	1	16.0	3.0	18.0	I	True	('A-', 'C', 'E-')	A-	A-	0.0	major triad	(0, 3, 8)	A-	A-	1	None
45.0	45	0.5	1/2	16	E-2	39	True	P1-Staff2	1	16.0	3.0	18.0	I	True	('A-', 'C', 'E-')	A-	A-	0.0	major triad	(0, 3, 8)	A-	A-	1	None
45.0	45	0.5	1/2	16	A-2	44	True	P1-Staff2	1	16.0	3.0	18.0	I	True	('A-', 'C', 'E-')	A-	A-	0.0	major triad	(0, 3, 8)	A-	A-	1	None
45.125	361/8	0.125	1/8	16	A-5	80	True	P1-Staff2	2	16.0	3.0	18.0	I	False	('A-', 'C', 'E-')	A-	A-	0.0	major triad	(0, 3, 8)	A-	A-	1	None
45.25	181/4	0.125	1/8	16	E-5	75	True	P1-Staff2	2	16.0	3.0	18.0	I	False	('A-', 'C', 'E-')	A-	A-	0.0	major triad	(0, 3, 8)	A-	A-	1	None
45.375	363/8	0.125	1/8	16	A-5	80	True	P1-Staff2	2	16.0	3.0	18.0	I	False	('A-', 'C', 'E-')	A-	A-	0.0	major triad	(0, 3, 8)	A-	A-	1	None
45.5	91/2	0.125	1/8	16	C6	84	True	P1-Staff2	2	16.0	3.0	18.0	I	False	('A-', 'C', 'E-')	A-	A-	0.0	major triad	(0, 3, 8)	A-	A-	1	None
45.625	365/8	0.125	1/8	16	A-5	80	True	P1-Staff2	2	16.0	3.0	18.0	I	False	('A-', 'C', 'E-')	A-	A-	0.0	major triad	(0, 3, 8)	A-	A-	1	None
45.75	183/4	0.125	1/8	16	E-5	75	True	P1-Staff2	2	16.0	3.0	18.0	I	False	('A-', 'C', 'E-')	A-	A-	0.0	major triad	(0, 3, 8)	A-	A-	1	None
45.875	367/8	0.125	1/8	16	A-5	80	True	P1-Staff2	2	16.0	3.0	18.0	I	False	('A-', 'C', 'E-')	A-	A-	0.0	major triad	(0, 3, 8)	A-	A-	1	None
46.0	46	0.125	1/8	16	C5	72	True	P1-Staff2	2	16.0	3.0	18.0	I	False	('A-', 'C', 'E-')	A-	A-	0.0	major triad	(0, 3, 8)	A-	A-	1	None
46.125	369/8	0.125	1/8	16	A-4	68	True	P1-Staff2	2	16.0	3.0	18.0	I	False	('A-', 'C', 'E-')	A-	A-	0.0	major triad	(0, 3, 8)	A-	A-	1	None
46.25	185/4	0.125	1/8	16	E-4	63	True	P1-Staff2	2	16.0	3.0	18.0	I	False	('A-', 'C', 'E-')	A-	A-	0.0	major triad	(0, 3, 8)	A-	A-	1	None
46.375	371/8	0.125	1/8	16	A-4	68	True	P1-Staff2	2	16.0	3.0	18.0	I	False	('A-', 'C', 'E-')	A-	A-	0.0	major triad	(0, 3, 8)	A-	A-	1	None
46.5	93/2	0.125	1/8	16	C4	60	True	P1-Staff2	2	16.0	3.0	18.0	I	False	('A-', 'C', 'E-')	A-	A-	0.0	major triad	(0, 3, 8)	A-	A-	1	None
46.625	373/8	0.125	1/8	16	A-3	56	True	P1-Staff2	2	16.0	3.0	18.0	I	False	('A-', 'C', 'E-')	A-	A-	0.0	major triad	(0, 3, 8)	A-	A-	1	None
46.75	187/4	0.125	1/8	16	E-3	51	True	P1-Staff2	2	16.0	3.0	18.0	I	False	('A-', 'C', 'E-')	A-	A-	0.0	major triad	(0, 3, 8)	A-	A-	1	None
46.875	375/8	0.125	1/8	16	A-3	56	True	P1-Staff2	2	16.0	3.0	18.0	I	False	('A-', 'C', 'E-')	A-	A-	0.0	major triad	(0, 3, 8)	A-	A-	1	None
47.0	47	0.125	1/8	16	C3	48	True	P1-Staff2	2	16.0	3.0	18.0	I	False	('A-', 'C', 'E-')	A-	A-	0.0	major triad	(0, 3, 8)	A-	A-	1	None
47.125	377/8	0.125	1/8	16	A-3	56	True	P1-Staff2	2	16.0	3.0	18.0	I	False	('A-', 'C', 'E-')	A-	A-	0.0	major triad	(0, 3, 8)	A-	A-	1	None
47.25	189/4	0.125	1/8	16	E-3	51	True	P1-Staff2	2	16.0	3.0	18.0	I	False	('A-', 'C', 'E-')	A-	A-	0.0	major triad	(0, 3, 8)	A-	A-	1	None
47.375	379/8	0.125	1/8	16	A-3	56	True	P1-Staff2	2	16.0	3.0	18.0	I	False	('A-', 'C', 'E-')	A-	A-	0.0	major triad	(0, 3, 8)	A-	A-	1	None
47.5	95/2	0.125	1/8	16	C4	60	True	P1-Staff2	2	16.0	3.0	18.0	I	False	('A-', 'C', 'E-')	A-	A-	0.0	major triad	(0, 3, 8)	A-	A-	1	None
47.625	381/8	0.125	1/8	16	A-3	56	True	P1-Staff2	2	16.0	3.0	18.0	I	False	('A-', 'C', 'E-')	A-	A-	0.0	major triad	(0, 3, 8)	A-	A-	1	None
47.75	191/4	0.125	1/8	16	E-3	51	True	P1-Staff2	2	16.0	3.0	18.0	I	False	('A-', 'C', 'E-')	A-	A-	0.0	major triad	(0, 3, 8)	A-	A-	1	None
47.875	383/8	0.125	1/8	16	A-3	56	True	P1-Staff2	2	16.0	3.0	18.0	I	False	('A-', 'C', 'E-')	A-	A-	0.0	major triad	(0, 3, 8)	A-	A-	1	None
48.0	48	0.125	1/8	17	D3	50	True	P1-Staff2	2	17.0	2.0	19.0	V7/V	True	('A-', 'B-', 'D', 'F')	A-	B-	3.0	dominant seventh chord	(2, 5, 8, 10)	A-	E-	5	5
48.0	48	0.5	1/2	17	F1	29	True	P1-Staff2	1	17.0	2.0	19.0	V7/V	True	('A-', 'B-', 'D', 'F')	A-	B-	3.0	dominant seventh chord	(2, 5, 8, 10)	A-	E-	5	5
48.0	48	0.5	1/2	17	F2	41	True	P1-Staff2	1	17.0	2.0	19.0	V7/V	True	('A-', 'B-', 'D', 'F')	A-	B-	3.0	dominant seventh chord	(2, 5, 8, 10)	A-	E-	5	5
48.125	385/8	0.125	1/8	17	B-3	58	True	P1-Staff2	2	17.0	2.0	19.0	V7/V	False	('A-', 'B-', 'D', 'F')	A-	B-	3.0	dominant seventh chord	(2, 5, 8, 10)	A-	E-	5	5
48.25	193/4	0.125	1/8	17	A-3	56	True	P1-Staff2	2	17.0	2.0	19.0	V7/V	False	('A-', 'B-', 'D', 'F')	A-	B-	3.0	dominant seventh chord	(2, 5, 8, 10)	A-	E-	5	5
48.375	387/8	0.125	1/8	17	B-3	58	True	P1-Staff2	2	17.0	2.0	19.0	V7/V	False	('A-', 'B-', 'D', 'F')	A-	B-	3.0	dominant seventh chord	(2, 5, 8, 10)	A-	E-	5	5
48.5	97/2	0.125	1/8	17	D4	62	True	P1-Staff2	2	17.0	2.0	19.0	V7/V	False	('A-', 'B-', 'D', 'F')	A-	B-	3.0	dominant seventh chord	(2, 5, 8, 10)	A-	E-	5	5
48.625	389/8	0.125	1/8	17	B-3	58	True	P1-Staff2	2	17.0	2.0	19.0	V7/V	False	('A-', 'B-', 'D', 'F')	A-	B-	3.0	dominant seventh chord	(2, 5, 8, 10)	A-	E-	5	5
48.75	195/4	0.125	1/8	17	A-3	56	True	P1-Staff2	2	17.0	2.0	19.0	V7/V	False	('A-', 'B-', 'D', 'F')	A-	B-	3.0	dominant seventh chord	(2, 5, 8, 10)	A-	E-	5	5
48.875	391/8	0.125	1/8	17	B-3	58	True	P1-Staff2	2	17.0	2.0	19.0	V7/V	False	('A-', 'B-', 'D', 'F')	A-	B-	3.0	dominant seventh chord	(2, 5, 8, 10)	A-	E-	5	5
49.0	49	0.125	1/8	17	D4	62	True	P1-Staff2	2	17.0	2.0	19.0	V7/V	False	('A-', 'B-', 'D', 'F')	A-	B-	3.0	dominant seventh chord	(2, 5, 8, 10)	A-	E-	5	5
49.0	49	0.5	1/2	17	F2	41	True	P1-Staff2	1	17.0	2.0	19.0	V7/V	False	('A-', 'B-', 'D', 'F')	A-	B-	3.0	dominant seventh chord	(2, 5, 8, 10)	A-	E-	5	5
49.0	49	0.5	1/2	17	B-2	46	True	P1-Staff2	1	17.0	2.0	19.0	V7/V	False	('A-', 'B-', 'D', 'F')	A-	B-	3.0	dominant seventh chord	(2, 5, 8, 10)	A-	E-	5	5
49.0	49	0.5	1/2	17	F3	53	True	P1-Staff2	1	17.0	2.0	19.0	V7/V	False	('A-', 'B-', 'D', 'F')	A-	B-	3.0	dominant seventh chord	(2, 5, 8, 10)	A-	E-	5	5
49.125	393/8	0.125	1/8	17	B-4	70	True	P1-Staff2	2	17.0	2.0	19.0	V7/V	False	('A-', 'B-', 'D', 'F')	A-	B-	3.0	dominant seventh chord	(2, 5, 8, 10)	A-	E-	5	5
49.25	197/4	0.125	1/8	17	A-4	68	True	P1-Staff2	2	17.0	2.0	19.0	V7/V	False	('A-', 'B-', 'D', 'F')	A-	B-	3.0	dominant seventh chord	(2, 5, 8, 10)	A-	E-	5	5
49.375	395/8	0.125	1/8	17	B-4	70	True	P1-Staff2	2	17.0	2.0	19.0	V7/V	False	('A-', 'B-', 'D', 'F')	A-	B-	3.0	dominant seventh chord	(2, 5, 8, 10)	A-	E-	5	5
49.5	99/2	0.125	1/8	17	D5	74	True	P1-Staff2	2	17.0	2.0	19.0	V7/V	False	('A-', 'B-', 'D', 'F')	A-	B-	3.0	dominant seventh chord	(2, 5, 8, 10)	A-	E-	5	5
49.625	397/8	0.125	1/8	17	B-4	70	True	P1-Staff2	2	17.0	2.0	19.0	V7/V	False	('A-', 'B-', 'D', 'F')	A-	B-	3.0	dominant seventh chord	(2, 5, 8, 10)	A-	E-	5	5
49.75	199/4	0.125	1/8	17	A-4	68	True	P1-Staff2	2	17.0	2.0	19.0	V7/V	False	('A-', 'B-', 'D', 'F')	A-	B-	3.0	dominant seventh chord	(2, 5, 8, 10)	A-	E-	5	5
49.875	399/8	0.125	1/8	17	B-4	70	True	P1-Staff2	2	17.0	2.0	19.0	V7/V	False	('A-', 'B-', 'D', 'F')	A-	B-	3.0	dominant seventh chord	(2, 5, 8, 10)	A-	E-	5	5
50.0	50	0.125	1/8	17	E-5	75	True	P1-Staff2	2	17.0	1.0	20.0	V	True	('E-', 'G', 'B-')	E-	E-	0.0	major triad	(3, 7, 10)	A-	A-	5	None
50.0	50	0.5	1/2	17	E-2	39	True	P1-Staff2	1	17.0	1.0	20.0	V	True	('E-', 'G', 'B-')	E-	E-	0.0	major triad	(3, 7, 10)	A-	A-	5	None
50.0	50	0.5	1/2	17	B-2	46	True	P1-Staff2	1	17.0	1.0	20.0	V	True	('E-', 'G', 'B-')	E-	E-	0.0	major triad	(3, 7, 10)	A-	A-	5	None
50.0	50	0.5	1/2	17	E-3	51	True	P1-Staff2	1	17.0	1.0	20.0	V	True	('E-', 'G', 'B-')	E-	E-	0.0	major triad	(3, 7, 10)	A-	A-	5	None
50.125	401/8	0.125	1/8	17	B-5	82	True	P1-Staff2	2	17.0	1.0	20.0	V	False	('E-', 'G', 'B-')	E-	E-	0.0	major triad	(3, 7, 10)	A-	A-	5	None
50.25	201/4	0.125	1/8	17	G5	79	True	P1-Staff2	2	17.0	1.0	20.0	V	False	('E-', 'G', 'B-')	E-	E-	0.0	major triad	(3, 7, 10)	A-	A-	5	None
50.375	403/8	0.125	1/8	17	B-5	82	True	P1-Staff2	2	17.0	1.0	20.0	V	False	('E-', 'G', 'B-')	E-	E-	0.0	major triad	(3, 7, 10)	A-	A-	5	None
50.5	101/2	0.125	1/8	17	E-6	87	True	P1-Staff2	2	17.0	1.0	20.0	V	False	('E-', 'G', 'B-')	E-	E-	0.0	major triad	(3, 7, 10)	A-	A-	5	None
50.625	405/8	0.125	1/8	17	B-5	82	True	P1-Staff2	2	17.0	1.0	20.0	V	False	('E-', 'G', 'B-')	E-	E-	0.0	major triad	(3, 7, 10)	A-	A-	5	None
50.75	203/4	0.125	1/8	17	G5	79	True	P1-Staff2	2	17.0	1.0	20.0	V	False	('E-', 'G', 'B-')	E-	E-	0.0	major triad	(3, 7, 10)	A-	A-	5	None
50.875	407/8	0.125	1/8	17	B-5	82	True	P1-Staff2	2	17.0	1.0	20.0	V	False	('E-', 'G', 'B-')	E-	E-	0.0	major triad	(3, 7, 10)	A-	A-	5	None
51.0	51	0.125	1/8	18	F5	77	True	P1-Staff2	2	18.0	2.0	21.0	V7/V	True	('D', 'F', 'A-', 'B-')	D	B-	1.0	dominant seventh chord	(2, 5, 8, 10)	A-	E-	5	5
51.0	51	0.5	1/2	18	D2	38	True	P1-Staff2	1	18.0	2.0	21.0	V7/V	True	('D', 'F', 'A-', 'B-')	D	B-	1.0	dominant seventh chord	(2, 5, 8, 10)	A-	E-	5	5
51.0	51	0.5	1/2	18	B-2	46	True	P1-Staff2	1	18.0	2.0	21.0	V7/V	True	('D', 'F', 'A-', 'B-')	D	B-	1.0	dominant seventh chord	(2, 5, 8, 10)	A-	E-	5	5
51.0	51	0.5	1/2	18	D3	50	True	P1-Staff2	1	18.0	2.0	21.0	V7/V	True	('D', 'F', 'A-', 'B-')	D	B-	1.0	dominant seventh chord	(2, 5, 8, 10)	A-	E-	5	5
51.125	409/8	0.125	1/8	18	B-5	82	True	P1-Staff2	2	18.0	2.0	21.0	V7/V	False	('D', 'F', 'A-', 'B-')	D	B-	1.0	dominant seventh chord	(2, 5, 8, 10)	A-	E-	5	5
51.25	205/4	0.125	1/8	18	A-5	80	True	P1-Staff2	2	18.0	2.0	21.0	V7/V	False	('D', 'F', 'A-', 'B-')	D	B-	1.0	dominant seventh chord	(2, 5, 8, 10)	A-	E-	5	5
51.375	411/8	0.125	1/8	18	B-5	82	True	P1-Staff2	2	18.0	2.0	21.0	V7/V	False	('D', 'F', 'A-', 'B-')	D	B-	1.0	dominant seventh chord	(2, 5, 8, 10)	A-	E-	5	5
51.5	103/2	0.125	1/8	18	F6	89	True	P1-Staff2	2	18.0	2.0	21.0	V7/V	False	('D', 'F', 'A-', 'B-')	D	B-	1.0	dominant seventh chord	(2, 5, 8, 10)	A-	E-	5	5
51.625	413/8	0.125	1/8	18	B-5	82	True	P1-Staff2	2	18.0	2.0	21.0	V7/V	False	('D', 'F', 'A-', 'B-')	D	B-	1.0	dominant seventh chord	(2, 5, 8, 10)	A-	E-	5	5
51.75	207/4	0.125	1/8	18	A-5	80	True	P1-Staff2	2	18.0	2.0	21.0	V7/V	False	('D', 'F', 'A-', 'B-')	D	B-	1.0	dominant seventh chord	(2, 5, 8, 10)	A-	E-	5	5
51.875	415/8	0.125	1/8	18	B-5	82	True	P1-Staff2	2	18.0	2.0	21.0	V7/V	False	('D', 'F', 'A-', 'B-')	D	B-	1.0	dominant seventh chord	(2, 5, 8, 10)	A-	E-	5	5
52.0	52	0.125	1/8	18	F5	77	True	P1-Staff2	2	18.0	2.0	21.0	V7/V	False	('D', 'F', 'A-', 'B-')	D	B-	1.0	dominant seventh chord	(2, 5, 8, 10)	A-	E-	5	5
52.0	52	0.5	1/2	18	D3	50	True	P1-Staff2	1	18.0	2.0	21.0	V7/V	False	('D', 'F', 'A-', 'B-')	D	B-	1.0	dominant seventh chord	(2, 5, 8, 10)	A-	E-	5	5
52.0	52	0.5	1/2	18	B-3	58	True	P1-Staff2	1	18.0	2.0	21.0	V7/V	False	('D', 'F', 'A-', 'B-')	D	B-	1.0	dominant seventh chord	(2, 5, 8, 10)	A-	E-	5	5
52.0	52	0.5	1/2	18	D4	62	True	P1-Staff2	1	18.0	2.0	21.0	V7/V	False	('D', 'F', 'A-', 'B-')	D	B-	1.0	dominant seventh chord	(2, 5, 8, 10)	A-	E-	5	5
52.125	417/8	0.125	1/8	18	B-5	82	True	P1-Staff2	2	18.0	2.0	21.0	V7/V	False	('D', 'F', 'A-', 'B-')	D	B-	1.0	dominant seventh chord	(2, 5, 8, 10)	A-	E-	5	5
52.25	209/4	0.125	1/8	18	A-5	80	True	P1-Staff2	2	18.0	2.0	21.0	V7/V	False	('D', 'F', 'A-', 'B-')	D	B-	1.0	dominant seventh chord	(2, 5, 8, 10)	A-	E-	5	5
52.375	419/8	0.125	1/8	18	B-5	82	True	P1-Staff2	2	18.0	2.0	21.0	V7/V	False	('D', 'F', 'A-', 'B-')	D	B-	1.0	dominant seventh chord	(2, 5, 8, 10)	A-	E-	5	5
52.5	105/2	0.125	1/8	18	F6	89	True	P1-Staff2	2	18.0	2.0	21.0	V7/V	False	('D', 'F', 'A-', 'B-')	D	B-	1.0	dominant seventh chord	(2, 5, 8, 10)	A-	E-	5	5
52.625	421/8	0.125	1/8	18	B-5	82	True	P1-Staff2	2	18.0	2.0	21.0	V7/V	False	('D', 'F', 'A-', 'B-')	D	B-	1.0	dominant seventh chord	(2, 5, 8, 10)	A-	E-	5	5
52.75	211/4	0.125	1/8	18	A-5	80	True	P1-Staff2	2	18.0	2.0	21.0	V7/V	False	('D', 'F', 'A-', 'B-')	D	B-	1.0	dominant seventh chord	(2, 5, 8, 10)	A-	E-	5	5
52.875	423/8	0.125	1/8	18	B-5	82	True	P1-Staff2	2	18.0	2.0	21.0	V7/V	False	('D', 'F', 'A-', 'B-')	D	B-	1.0	dominant seventh chord	(2, 5, 8, 10)	A-	E-	5	5
53.0	53	0.125	1/8	18	G5	79	True	P1-Staff2	2	18.0	1.0	22.0	V7	True	('D-', 'E-', 'G', 'B-')	D-	E-	3.0	dominant seventh chord	(1, 3, 7, 10)	A-	A-	5	None
53.0	53	0.5	1/2	18	D-3	49	True	P1-Staff2	1	18.0	1.0	22.0	V7	True	('D-', 'E-', 'G', 'B-')	D-	E-	3.0	dominant seventh chord	(1, 3, 7, 10)	A-	A-	5	None
53.0	53	0.5	1/2	18	E-3	51	True	P1-Staff2	1	18.0	1.0	22.0	V7	True	('D-', 'E-', 'G', 'B-')	D-	E-	3.0	dominant seventh chord	(1, 3, 7, 10)	A-	A-	5	None
53.0	53	0.5	1/2	18	D-4	61	True	P1-Staff2	1	18.0	1.0	22.0	V7	True	('D-', 'E-', 'G', 'B-')	D-	E-	3.0	dominant seventh chord	(1, 3, 7, 10)	A-	A-	5	None
53.125	425/8	0.125	1/8	18	E-6	87	True	P1-Staff2	2	18.0	1.0	22.0	V7	False	('D-', 'E-', 'G', 'B-')	D-	E-	3.0	dominant seventh chord	(1, 3, 7, 10)	A-	A-	5	None
53.25	213/4	0.125	1/8	18	B-5	82	True	P1-Staff2	2	18.0	1.0	22.0	V7	False	('D-', 'E-', 'G', 'B-')	D-	E-	3.0	dominant seventh chord	(1, 3, 7, 10)	A-	A-	5	None
53.375	427/8	0.125	1/8	18	E-6	87	True	P1-Staff2	2	18.0	1.0	22.0	V7	False	('D-', 'E-', 'G', 'B-')	D-	E-	3.0	dominant seventh chord	(1, 3, 7, 10)	A-	A-	5	None
53.5	107/2	0.125	1/8	18	G6	91	True	P1-Staff2	2	18.0	1.0	22.0	V7	False	('D-', 'E-', 'G', 'B-')	D-	E-	3.0	dominant seventh chord	(1, 3, 7, 10)	A-	A-	5	None
53.625	429/8	0.125	1/8	18	E-6	87	True	P1-Staff2	2	18.0	1.0	22.0	V7	False	('D-', 'E-', 'G', 'B-')	D-	E-	3.0	dominant seventh chord	(1, 3, 7, 10)	A-	A-	5	None
53.75	215/4	0.125	1/8	18	B-5	82	True	P1-Staff2	2	18.0	1.0	22.0	V7	False	('D-', 'E-', 'G', 'B-')	D-	E-	3.0	dominant seventh chord	(1, 3, 7, 10)	A-	A-	5	None
53.875	431/8	0.125	1/8	18	E-6	87	True	P1-Staff2	2	18.0	1.0	22.0	V7	False	('D-', 'E-', 'G', 'B-')	D-	E-	3.0	dominant seventh chord	(1, 3, 7, 10)	A-	A-	5	None
54.0	54	0.125	1/8	19	A-5	80	True	P1-Staff2	2	19.0	0.5	23.0	I	True	('C', 'E-', 'A-')	C	A-	1.0	major triad	(0, 3, 8)	A-	A-	1	None
54.0	54	0.5	1/2	19	C3	48	True	P1-Staff2	1	19.0	0.5	23.0	I	True	('C', 'E-', 'A-')	C	A-	1.0	major triad	(0, 3, 8)	A-	A-	1	None
54.0	54	0.5	1/2	19	E-3	51	True	P1-Staff2	1	19.0	0.5	23.0	I	True	('C', 'E-', 'A-')	C	A-	1.0	major triad	(0, 3, 8)	A-	A-	1	None
54.0	54	0.5	1/2	19	C4	60	True	P1-Staff2	1	19.0	0.5	23.0	I	True	('C', 'E-', 'A-')	C	A-	1.0	major triad	(0, 3, 8)	A-	A-	1	None
54.125	433/8	0.125	1/8	19	A-6	92	True	P1-Staff2	2	19.0	0.5	23.0	I	False	('C', 'E-', 'A-')	C	A-	1.0	major triad	(0, 3, 8)	A-	A-	1	None
54.25	217/4	0.125	1/8	19	E-6	87	True	P1-Staff2	2	19.0	0.5	23.0	I	False	('C', 'E-', 'A-')	C	A-	1.0	major triad	(0, 3, 8)	A-	A-	1	None
54.375	435/8	0.125	1/8	19	A-6	92	True	P1-Staff2	2	19.0	0.5	23.0	I	False	('C', 'E-', 'A-')	C	A-	1.0	major triad	(0, 3, 8)	A-	A-	1	None
54.5	109/2	0.125	1/8	19	A5	81	True	P1-Staff2	2	19.0	1.0	24.0	It	True	('C-', 'E-', 'A')	C-	A	1.0	Italian augmented sixth chord	(3, 9, 11)	E-	E-	#4	None
54.5	109/2	0.5	1/2	19	C-3	47	True	P1-Staff2	1	19.0	1.0	24.0	It	True	('C-', 'E-', 'A')	C-	A	1.0	Italian augmented sixth chord	(3, 9, 11)	E-	E-	#4	None
54.5	109/2	0.5	1/2	19	E-3	51	True	P1-Staff2	1	19.0	1.0	24.0	It	True	('C-', 'E-', 'A')	C-	A	1.0	Italian augmented sixth chord	(3, 9, 11)	E-	E-	#4	None
54.5	109/2	0.5	1/2	19	C-4	59	True	P1-Staff2	1	19.0	1.0	24.0	It	True	('C-', 'E-', 'A')	C-	A	1.0	Italian augmented sixth chord	(3, 9, 11)	E-	E-	#4	None
54.625	437/8	0.125	1/8	19	A6	93	True	P1-Staff2	2	19.0	1.0	24.0	It	False	('C-', 'E-', 'A')	C-	A	1.0	Italian augmented sixth chord	(3, 9, 11)	E-	E-	#4	None
54.75	219/4	0.125	1/8	19	E-6	87	True	P1-Staff2	2	19.0	1.0	24.0	It	False	('C-', 'E-', 'A')	C-	A	1.0	Italian augmented sixth chord	(3, 9, 11)	E-	E-	#4	None
54.875	439/8	0.125	1/8	19	A6	93	True	P1-Staff2	2	19.0	1.0	24.0	It	False	('C-', 'E-', 'A')	C-	A	1.0	Italian augmented sixth chord	(3, 9, 11)	E-	E-	#4	None
55.0	55	0.125	1/8	19	A5	81	True	P1-Staff2	2	19.0	1.0	24.0	It	False	('C-', 'E-', 'A')	C-	A	1.0	Italian augmented sixth chord	(3, 9, 11)	E-	E-	#4	None
55.0	55	0.5	1/2	19	C-4	59	True	P1-Staff2	1	19.0	1.0	24.0	It	False	('C-', 'E-', 'A')	C-	A	1.0	Italian augmented sixth chord	(3, 9, 11)	E-	E-	#4	None
55.0	55	0.5	1/2	19	E-4	63	True	P1-Staff2	1	19.0	1.0	24.0	It	False	('C-', 'E-', 'A')	C-	A	1.0	Italian augmented sixth chord	(3, 9, 11)	E-	E-	#4	None
55.0	55	0.5	1/2	19	C-5	71	True	P1-Staff2	1	19.0	1.0	24.0	It	False	('C-', 'E-', 'A')	C-	A	1.0	Italian augmented sixth chord	(3, 9, 11)	E-	E-	#4	None
55.125	441/8	0.125	1/8	19	A6	93	True	P1-Staff2	2	19.0	1.0	24.0	It	False	('C-', 'E-', 'A')	C-	A	1.0	Italian augmented sixth chord	(3, 9, 11)	E-	E-	#4	None
55.25	221/4	0.125	1/8	19	E-6	87	True	P1-Staff2	2	19.0	1.0	24.0	It	False	('C-', 'E-', 'A')	C-	A	1.0	Italian augmented sixth chord	(3, 9, 11)	E-	E-	#4	None
55.375	443/8	0.125	1/8	19	A6	93	True	P1-Staff2	2	19.0	1.0	24.0	It	False	('C-', 'E-', 'A')	C-	A	1.0	Italian augmented sixth chord	(3, 9, 11)	E-	E-	#4	None
55.5	111/2	0.125	1/8	19	B-5	82	True	P1-Staff2	2	19.0	0.5	25.0	I	True	('B-', 'E-', 'G')	B-	E-	2.0	major triad	(3, 7, 10)	E-	E-	1	None
55.5	111/2	0.5	1/2	19	B-3	58	True	P1-Staff2	1	19.0	0.5	25.0	I	True	('B-', 'E-', 'G')	B-	E-	2.0	major triad	(3, 7, 10)	E-	E-	1	None
55.5	111/2	0.5	1/2	19	E-4	63	True	P1-Staff2	1	19.0	0.5	25.0	I	True	('B-', 'E-', 'G')	B-	E-	2.0	major triad	(3, 7, 10)	E-	E-	1	None
55.5	111/2	0.5	1/2	19	B-4	70	True	P1-Staff2	1	19.0	0.5	25.0	I	True	('B-', 'E-', 'G')	B-	E-	2.0	major triad	(3, 7, 10)	E-	E-	1	None
55.625	445/8	0.125	1/8	19	B-6	94	True	P1-Staff2	2	19.0	0.5	25.0	I	False	('B-', 'E-', 'G')	B-	E-	2.0	major triad	(3, 7, 10)	E-	E-	1	None
55.75	223/4	0.125	1/8	19	E-6	87	True	P1-Staff2	2	19.0	0.5	25.0	I	False	('B-', 'E-', 'G')	B-	E-	2.0	major triad	(3, 7, 10)	E-	E-	1	None
55.875	447/8	0.125	1/8	19	B-6	94	True	P1-Staff2	2	19.0	0.5	25.0	I	False	('B-', 'E-', 'G')	B-	E-	2.0	major triad	(3, 7, 10)	E-	E-	1	None
56.0	56	0.125	1/8	19	B-5	82	True	P1-Staff2	2	19.0	0.5	26.0	IV	True	('A-', 'C', 'E-')	A-	A-	0.0	major triad	(0, 3, 8)	E-	E-	4	None
56.0	56	0.5	1/2	19	A-3	56	True	P1-Staff2	1	19.0	0.5	26.0	IV	True	('A-', 'C', 'E-')	A-	A-	0.0	major triad	(0, 3, 8)	E-	E-	4	None
56.0	56	0.5	1/2	19	E-4	63	True	P1-Staff2	1	19.0	0.5	26.0	IV	True	('A-', 'C', 'E-')	A-	A-	0.0	major triad	(0, 3, 8)	E-	E-	4	None
56.0	56	0.5	1/2	19	A-4	68	True	P1-Staff2	1	19.0	0.5	26.0	IV	True	('A-', 'C', 'E-')	A-	A-	0.0	major triad	(0, 3, 8)	E-	E-	4	None
56.125	449/8	0.125	1/8	19	B-6	94	True	P1-Staff2	2	19.0	0.5	26.0	IV	False	('A-', 'C', 'E-')	A-	A-	0.0	major triad	(0, 3, 8)	E-	E-	4	None
56.25	225/4	0.125	1/8	19	E-6	87	True	P1-Staff2	2	19.0	0.5	26.0	IV	False	('A-', 'C', 'E-')	A-	A-	0.0	major triad	(0, 3, 8)	E-	E-	4	None
56.375	451/8	0.125	1/8	19	B-6	94	True	P1-Staff2	2	19.0	0.5	26.0	IV	False	('A-', 'C', 'E-')	A-	A-	0.0	major triad	(0, 3, 8)	E-	E-	4	None
56.5	113/2	0.125	1/8	19	B5	83	True	P1-Staff2	2	19.0	0.5	27.0	I	True	('G', 'B-', 'E-')	G	E-	1.0	major triad	(3, 7, 10)	E-	E-	1	None
56.5	113/2	0.5	1/2	19	G3	55	True	P1-Staff2	1	19.0	0.5	27.0	I	True	('G', 'B-', 'E-')	G	E-	1.0	major triad	(3, 7, 10)	E-	E-	1	None
56.5	113/2	0.5	1/2	19	E-4	63	True	P1-Staff2	1	19.0	0.5	27.0	I	True	('G', 'B-', 'E-')	G	E-	1.0	major triad	(3, 7, 10)	E-	E-	1	None
56.5	113/2	0.5	1/2	19	G4	67	True	P1-Staff2	1	19.0	0.5	27.0	I	True	('G', 'B-', 'E-')	G	E-	1.0	major triad	(3, 7, 10)	E-	E-	1	None
56.625	453/8	0.125	1/8	19	B6	95	True	P1-Staff2	2	19.0	0.5	27.0	I	False	('G', 'B-', 'E-')	G	E-	1.0	major triad	(3, 7, 10)	E-	E-	1	None
56.75	227/4	0.125	1/8	19	E-6	87	True	P1-Staff2	2	19.0	0.5	27.0	I	False	('G', 'B-', 'E-')	G	E-	1.0	major triad	(3, 7, 10)	E-	E-	1	None
56.875	455/8	0.125	1/8	19	B6	95	True	P1-Staff2	2	19.0	0.5	27.0	I	False	('G', 'B-', 'E-')	G	E-	1.0	major triad	(3, 7, 10)	E-	E-	1	None
57.0	57	0.75	3/4	20	C7	96	True	P1-Staff2	2	20.0	1.0	28.0	IV	True	('A-', 'C', 'E-')	A-	A-	0.0	major triad	(0, 3, 8)	E-	E-	4	None
57.25	229/4	0.25	1/4	20	A-5	80	True	P1-Staff2	5	20.0	1.0	28.0	IV	False	('A-', 'C', 'E-')	A-	A-	0.0	major triad	(0, 3, 8)	E-	E-	4	None
57.5	115/2	0.75	3/4	20	A-4	68	True	P1-Staff2	5	20.0	1.0	28.0	IV	False	('A-', 'C', 'E-')	A-	A-	0.0	major triad	(0, 3, 8)	E-	E-	4	None
57.75	231/4	0.25	1/4	20	C6	84	True	P1-Staff2	2	20.0	1.0	28.0	IV	False	('A-', 'C', 'E-')	A-	A-	0.0	major triad	(0, 3, 8)	E-	E-	4	None
58.0	58	0.75	3/4	20	B-6	94	True	P1-Staff2	2	20.0	1.0	29.0	I	True	('G', 'B-', 'E-')	G	E-	1.0	major triad	(3, 7, 10)	E-	E-	1	None
58.25	233/4	0.25	1/4	20	G5	79	True	P1-Staff2	5	20.0	1.0	29.0	I	False	('G', 'B-', 'E-')	G	E-	1.0	major triad	(3, 7, 10)	E-	E-	1	None
58.5	117/2	0.75	3/4	20	G4	67	True	P1-Staff2	5	20.0	1.0	29.0	I	False	('G', 'B-', 'E-')	G	E-	1.0	major triad	(3, 7, 10)	E-	E-	1	None
58.75	235/4	0.25	1/4	20	B-5	82	True	P1-Staff2	2	20.0	1.0	29.0	I	False	('G', 'B-', 'E-')	G	E-	1.0	major triad	(3, 7, 10)	E-	E-	1	None
59.0	59	0.75	3/4	20	A-6	92	True	P1-Staff2	2	20.0	1.0	30.0	ii	True	('F', 'A-', 'C')	F	F	0.0	minor triad	(0, 5, 8)	E-	E-	2	None
59.25	237/4	0.25	1/4	20	F5	77	True	P1-Staff2	5	20.0	1.0	30.0	ii	False	('F', 'A-', 'C')	F	F	0.0	minor triad	(0, 5, 8)	E-	E-	2	None
59.5	119/2	0.5	1/2	20	F4	65	True	P1-Staff2	5	20.0	1.0	30.0	ii	False	('F', 'A-', 'C')	F	F	0.0	minor triad	(0, 5, 8)	E-	E-	2	None
59.75	239/4	0.25	1/4	20	A6	93	True	P1-Staff2	2	20.0	1.0	30.0	ii	False	('F', 'A-', 'C')	F	F	0.0	minor triad	(0, 5, 8)	E-	E-	2	None
60.0	60	0.75	3/4	21	B-6	94	True	P1-Staff2	2	21.0	1.0	31.0	I	True	('G', 'B-', 'E-')	G	E-	1.0	major triad	(3, 7, 10)	E-	E-	1	None
60.0	60	0.25	1/4	21	F4	65	False	P1-Staff2	5	21.0	1.0	31.0	I	True	('G', 'B-', 'E-')	G	E-	1.0	major triad	(3, 7, 10)	E-	E-	1	None
60.25	241/4	0.25	1/4	21	G5	79	True	P1-Staff2	5	21.0	1.0	31.0	I	False	('G', 'B-', 'E-')	G	E-	1.0	major triad	(3, 7, 10)	E-	E-	1	None
60.5	121/2	0.75	3/4	21	G4	67	True	P1-Staff2	5	21.0	1.0	31.0	I	False	('G', 'B-', 'E-')	G	E-	1.0	major triad	(3, 7, 10)	E-	E-	1	None
60.75	243/4	0.25	1/4	21	B-5	82	True	P1-Staff2	2	21.0	1.0	31.0	I	False	('G', 'B-', 'E-')	G	E-	1.0	major triad	(3, 7, 10)	E-	E-	1	None
61.0	61	0.75	3/4	21	A-6	92	True	P1-Staff2	2	21.0	1.0	32.0	ii	True	('F', 'A-', 'C')	F	F	0.0	minor triad	(0, 5, 8)	E-	E-	2	None
61.25	245/4	0.25	1/4	21	F5	77	True	P1-Staff2	5	21.0	1.0	32.0	ii	False	('F', 'A-', 'C')	F	F	0.0	minor triad	(0, 5, 8)	E-	E-	2	None
61.5	123/2	0.5	1/2	21	F4	65	True	P1-Staff2	5	21.0	1.0	32.0	ii	False	('F', 'A-', 'C')	F	F	0.0	minor triad	(0, 5, 8)	E-	E-	2	None
61.75	247/4	0.25	1/4	21	A-5	80	True	P1-Staff2	2	21.0	1.0	32.0	ii	False	('F', 'A-', 'C')	F	F	0.0	minor triad	(0, 5, 8)	E-	E-	2	None
62.0	62	0.25	1/4	21	G6	91	True	P1-Staff2	2	21.0	1.0	33.0	I	True	('G', 'B-', 'E-')	G	E-	1.0	major triad	(3, 7, 10)	E-	E-	1	None
62.0	62	0.25	1/4	21	E-5	75	True	P1-Staff2	5	21.0	1.0	33.0	I	True	('G', 'B-', 'E-')	G	E-	1.0	major triad	(3, 7, 10)	E-	E-	1	None
62.25	249/4	0.25	1/4	21	G5	79	True	P1-Staff2	2	21.0	1.0	33.0	I	False	('G', 'B-', 'E-')	G	E-	1.0	major triad	(3, 7, 10)	E-	E-	1	None
62.25	249/4	0.25	1/4	21	E-4	63	True	P1-Staff2	5	21.0	1.0	33.0	I	False	('G', 'B-', 'E-')	G	E-	1.0	major triad	(3, 7, 10)	E-	E-	1	None
62.5	125/2	0.25	1/4	21	A-5	80	True	P1-Staff2	2	21.0	1.0	33.0	I	False	('G', 'B-', 'E-')	G	E-	1.0	major triad	(3, 7, 10)	E-	E-	1	None
62.5	125/2	0.25	1/4	21	F4	65	True	P1-Staff2	5	21.0	1.0	33.0	I	False	('G', 'B-', 'E-')	G	E-	1.0	major triad	(3, 7, 10)	E-	E-	1	None
62.75	251/4	0.25	1/4	21	B-5	82	True	P1-Staff2	2	21.0	1.0	33.0	I	False	('G', 'B-', 'E-')	G	E-	1.0	major triad	(3, 7, 10)	E-	E-	1	None
62.75	251/4	0.25	1/4	21	G4	67	True	P1-Staff2	5	21.0	1.0	33.0	I	False	('G', 'B-', 'E-')	G	E-	1.0	major triad	(3, 7, 10)	E-	E-	1	None
63.0	63	0.25	1/4	22	D6	86	True	P1-Staff2	2	22.0	1.0	34.0	IV	True	('A-', 'C', 'E-')	A-	A-	0.0	major triad	(0, 3, 8)	E-	E-	4	None
63.25	253/4	0.5	1/2	22	C6	84	True	P1-Staff2	2	22.0	1.0	34.0	IV	False	('A-', 'C', 'E-')	A-	A-	0.0	major triad	(0, 3, 8)	E-	E-	4	None
63.25	253/4	0.25	1/4	22	B-4	70	True	P1-Staff2	5	22.0	1.0	34.0	IV	False	('A-', 'C', 'E-')	A-	A-	0.0	major triad	(0, 3, 8)	E-	E-	4	None
63.5	127/2	0.25	1/4	22	A-4	68	True	P1-Staff2	5	22.0	1.0	34.0	IV	False	('A-', 'C', 'E-')	A-	A-	0.0	major triad	(0, 3, 8)	E-	E-	4	None
63.75	255/4	0.25	1/4	22	C5	72	True	P1-Staff2	2	22.0	1.0	34.0	IV	False	('A-', 'C', 'E-')	A-	A-	0.0	major triad	(0, 3, 8)	E-	E-	4	None
63.75	255/4	0.25	1/4	22	A-3	56	True	P1-Staff2	5	22.0	1.0	34.0	IV	False	('A-', 'C', 'E-')	A-	A-	0.0	major triad	(0, 3, 8)	E-	E-	4	None
64.0	64	0.25	1/4	22	C6	84	True	P1-Staff2	2	22.0	1.0	35.0	I	True	('G', 'B-', 'E-')	G	E-	1.0	major triad	(3, 7, 10)	E-	E-	1	None
64.25	257/4	0.5	1/2	22	B-5	82	True	P1-Staff2	2	22.0	1.0	35.0	I	False	('G', 'B-', 'E-')	G	E-	1.0	major triad	(3, 7, 10)	E-	E-	1	None
64.25	257/4	0.25	1/4	22	A-4	68	True	P1-Staff2	5	22.0	1.0	35.0	I	False	('G', 'B-', 'E-')	G	E-	1.0	major triad	(3, 7, 10)	E-	E-	1	None
64.5	129/2	0.25	1/4	22	G4	67	True	P1-Staff2	5	22.0	1.0	35.0	I	False	('G', 'B-', 'E-')	G	E-	1.0	major triad	(3, 7, 10)	E-	E-	1	None
64.75	259/4	0.25	1/4	22	B-4	70	True	P1-Staff2	2	22.0	1.0	35.0	I	False	('G', 'B-', 'E-')	G	E-	1.0	major triad	(3, 7, 10)	E-	E-	1	None
64.75	259/4	0.25	1/4	22	G3	55	True	P1-Staff2	5	22.0	1.0	35.0	I	False	('G', 'B-', 'E-')	G	E-	1.0	major triad	(3, 7, 10)	E-	E-	1	None
65.0	65	0.25	1/4	22	B-5	82	True	P1-Staff2	2	22.0	1.0	36.0	ii	True	('F', 'A-', 'C')	F	F	0.0	minor triad	(0, 5, 8)	E-	E-	2	None
65.25	261/4	0.5	1/2	22	A-5	80	True	P1-Staff2	2	22.0	1.0	36.0	ii	False	('F', 'A-', 'C')	F	F	0.0	minor triad	(0, 5, 8)	E-	E-	2	None
65.25	261/4	0.25	1/4	22	G4	67	True	P1-Staff2	5	22.0	1.0	36.0	ii	False	('F', 'A-', 'C')	F	F	0.0	minor triad	(0, 5, 8)	E-	E-	2	None
65.5	131/2	0.25	1/4	22	F4	65	True	P1-Staff2	5	22.0	1.0	36.0	ii	False	('F', 'A-', 'C')	F	F	0.0	minor triad	(0, 5, 8)	E-	E-	2	None
65.75	263/4	0.25	1/4	22	A5	81	True	P1-Staff2	2	22.0	1.0	36.0	ii	False	('F', 'A-', 'C')	F	F	0.0	minor triad	(0, 5, 8)	E-	E-	2	None
65.75	263/4	0.25	1/4	22	F#4	66	True	P1-Staff2	5	22.0	1.0	36.0	ii	False	('F', 'A-', 'C')	F	F	0.0	minor triad	(0, 5, 8)	E-	E-	2	None
66.0	66	0.25	1/4	23	C6	84	True	P1-Staff2	1	23.0	1.0	37.0	I	True	('G', 'B-', 'E-')	G	E-	1.0	major triad	(3, 7, 10)	E-	E-	1	None
66.25	265/4	0.5	1/2	23	B-5	82	True	P1-Staff2	1	23.0	1.0	37.0	I	False	('G', 'B-', 'E-')	G	E-	1.0	major triad	(3, 7, 10)	E-	E-	1	None
66.25	265/4	0.25	1/4	23	A-4	68	True	P1-Staff2	5	23.0	1.0	37.0	I	False	('G', 'B-', 'E-')	G	E-	1.0	major triad	(3, 7, 10)	E-	E-	1	None
66.5	133/2	0.25	1/4	23	G4	67	True	P1-Staff2	5	23.0	1.0	37.0	I	False	('G', 'B-', 'E-')	G	E-	1.0	major triad	(3, 7, 10)	E-	E-	1	None
66.75	267/4	0.25	1/4	23	B-4	70	True	P1-Staff2	1	23.0	1.0	37.0	I	False	('G', 'B-', 'E-')	G	E-	1.0	major triad	(3, 7, 10)	E-	E-	1	None
66.75	267/4	0.25	1/4	23	G3	55	True	P1-Staff2	5	23.0	1.0	37.0	I	False	('G', 'B-', 'E-')	G	E-	1.0	major triad	(3, 7, 10)	E-	E-	1	None
67.0	67	0.25	1/4	23	B-5	82	True	P1-Staff2	1	23.0	1.0	38.0	ii	True	('F', 'A-', 'C')	F	F	0.0	minor triad	(0, 5, 8)	E-	E-	2	None
67.25	269/4	0.5	1/2	23	A-5	80	True	P1-Staff2	1	23.0	1.0	38.0	ii	False	('F', 'A-', 'C')	F	F	0.0	minor triad	(0, 5, 8)	E-	E-	2	None
67.25	269/4	0.25	1/4	23	G4	67	True	P1-Staff2	5	23.0	1.0	38.0	ii	False	('F', 'A-', 'C')	F	F	0.0	minor triad	(0, 5, 8)	E-	E-	2	None
67.5	135/2	0.25	1/4	23	F4	65	True	P1-Staff2	5	23.0	1.0	38.0	ii	False	('F', 'A-', 'C')	F	F	0.0	minor triad	(0, 5, 8)	E-	E-	2	None
67.75	271/4	0.25	1/4	23	A-4	68	True	P1-Staff2	1	23.0	1.0	38.0	ii	False	('F', 'A-', 'C')	F	F	0.0	minor triad	(0, 5, 8)	E-	E-	2	None
67.75	271/4	0.25	1/4	23	F3	53	True	P1-Staff2	5	23.0	1.0	38.0	ii	False	('F', 'A-', 'C')	F	F	0.0	minor triad	(0, 5, 8)	E-	E-	2	None
68.0	68	0.25	1/4	23	G5	79	True	P1-Staff2	1	23.0	0.25	39.0	I	True	('G', 'B-', 'E-')	G	E-	1.0	major triad	(3, 7, 10)	E-	E-	1	None
68.0	68	0.5	1/2	23	B-4	70	True	P1-Staff2	2	23.0	0.25	39.0	I	True	('G', 'B-', 'E-')	G	E-	1.0	major triad	(3, 7, 10)	E-	E-	1	None
68.0	68	0.25	1/4	23	E-4	63	True	P1-Staff2	5	23.0	0.25	39.0	I	True	('G', 'B-', 'E-')	G	E-	1.0	major triad	(3, 7, 10)	E-	E-	1	None
68.0	68	0.25	1/4	23	G3	55	True	P1-Staff2	6	23.0	0.25	39.0	I	True	('G', 'B-', 'E-')	G	E-	1.0	major triad	(3, 7, 10)	E-	E-	1	None
68.25	273/4	0.25	1/4	23	F5	77	True	P1-Staff2	1	23.0	0.25	40.0	V7	True	('A-', 'B-', 'D', 'F')	A-	B-	3.0	dominant seventh chord	(2, 5, 8, 10)	E-	E-	5	None
68.25	273/4	0.25	1/4	23	D4	62	True	P1-Staff2	5	23.0	0.25	40.0	V7	True	('A-', 'B-', 'D', 'F')	A-	B-	3.0	dominant seventh chord	(2, 5, 8, 10)	E-	E-	5	None
68.25	273/4	0.25	1/4	23	A-3	56	True	P1-Staff2	6	23.0	0.25	40.0	V7	True	('A-', 'B-', 'D', 'F')	A-	B-	3.0	dominant seventh chord	(2, 5, 8, 10)	E-	E-	5	None
68.5	137/2	0.25	1/4	23	G5	79	True	P1-Staff2	1	23.0	0.25	41.0	I	True	('G', 'B-', 'E-')	G	E-	1.0	major triad	(3, 7, 10)	E-	E-	1	None
68.5	137/2	0.5	1/2	23	B-4	70	True	P1-Staff2	2	23.0	0.25	41.0	I	True	('G', 'B-', 'E-')	G	E-	1.0	major triad	(3, 7, 10)	E-	E-	1	None
68.5	137/2	0.25	1/4	23	E-4	63	True	P1-Staff2	5	23.0	0.25	41.0	I	True	('G', 'B-', 'E-')	G	E-	1.0	major triad	(3, 7, 10)	E-	E-	1	None
68.5	137/2	0.25	1/4	23	G3	55	True	P1-Staff2	6	23.0	0.25	41.0	I	True	('G', 'B-', 'E-')	G	E-	1.0	major triad	(3, 7, 10)	E-	E-	1	None
68.75	275/4	0.25	1/4	23	F5	77	True	P1-Staff2	1	23.0	0.25	42.0	V7	True	('A-', 'B-', 'D', 'F')	A-	B-	3.0	dominant seventh chord	(2, 5, 8, 10)	E-	E-	5	None
68.75	275/4	0.25	1/4	23	D4	62	True	P1-Staff2	5	23.0	0.25	42.0	V7	True	('A-', 'B-', 'D', 'F')	A-	B-	3.0	dominant seventh chord	(2, 5, 8, 10)	E-	E-	5	None
68.75	275/4	0.25	1/4	23	A-3	56	True	P1-Staff2	6	23.0	0.25	42.0	V7	True	('A-', 'B-', 'D', 'F')	A-	B-	3.0	dominant seventh chord	(2, 5, 8, 10)	E-	E-	5	None
69.0	69	1.0	1	24	B-4	70	True	P1-Staff2	1	24.0	1.0	43.0	I	True	('G', 'B-', 'E-')	G	E-	1.0	major triad	(3, 7, 10)	E-	E-	1	None
69.0	69	1.0	1	24	G5	79	True	P1-Staff2	1	24.0	1.0	43.0	I	True	('G', 'B-', 'E-')	G	E-	1.0	major triad	(3, 7, 10)	E-	E-	1	None
69.0	69	1.0	1	24	E-4	63	True	P1-Staff2	5	24.0	1.0	43.0	I	True	('G', 'B-', 'E-')	G	E-	1.0	major triad	(3, 7, 10)	E-	E-	1	None
69.0	69	1.0	1	24	G3	55	True	P1-Staff2	6	24.0	1.0	43.0	I	True	('G', 'B-', 'E-')	G	E-	1.0	major triad	(3, 7, 10)	E-	E-	1	None
70.0	70	1.0	1	24	B-4	70	True	P1-Staff2	1	24.0	1.0	44.0	V7	True	('A-', 'B-', 'D', 'F')	A-	B-	3.0	dominant seventh chord	(2, 5, 8, 10)	E-	E-	5	None
70.0	70	1.0	1	24	F5	77	True	P1-Staff2	1	24.0	1.0	44.0	V7	True	('A-', 'B-', 'D', 'F')	A-	B-	3.0	dominant seventh chord	(2, 5, 8, 10)	E-	E-	5	None
70.0	70	1.0	1	24	D4	62	True	P1-Staff2	5	24.0	1.0	44.0	V7	True	('A-', 'B-', 'D', 'F')	A-	B-	3.0	dominant seventh chord	(2, 5, 8, 10)	E-	E-	5	None
70.0	70	1.0	1	24	A-3	56	True	P1-Staff2	6	24.0	1.0	44.0	V7	True	('A-', 'B-', 'D', 'F')	A-	B-	3.0	dominant seventh chord	(2, 5, 8, 10)	E-	E-	5	None
71.0	71	0.25	1/4	24	B-5	82	True	P1-Staff2	1	24.0	0.25	45.0	I	True	('G', 'B-', 'E-')	G	E-	1.0	major triad	(3, 7, 10)	E-	E-	1	None
71.0	71	0.25	1/4	24	B-4	70	True	P1-Staff2	2	24.0	0.25	45.0	I	True	('G', 'B-', 'E-')	G	E-	1.0	major triad	(3, 7, 10)	E-	E-	1	None
71.0	71	0.25	1/4	24	G3	55	True	P1-Staff2	1	24.0	0.25	45.0	I	True	('G', 'B-', 'E-')	G	E-	1.0	major triad	(3, 7, 10)	E-	E-	1	None
71.0	71	0.25	1/4	24	E-4	63	True	P1-Staff2	1	24.0	0.25	45.0	I	True	('G', 'B-', 'E-')	G	E-	1.0	major triad	(3, 7, 10)	E-	E-	1	None
71.25	285/4	0.25	1/4	24	A5	81	True	P1-Staff2	1	24.0	0.25	46.0	V7/V	True	('F', 'A', 'C', 'E-')	F	F	0.0	dominant seventh chord	(0, 3, 5, 9)	E-	B-	5	5
71.25	285/4	0.25	1/4	24	E-5	75	True	P1-Staff2	2	24.0	0.25	46.0	V7/V	True	('F', 'A', 'C', 'E-')	F	F	0.0	dominant seventh chord	(0, 3, 5, 9)	E-	B-	5	5
71.25	285/4	0.25	1/4	24	F3	53	True	P1-Staff2	1	24.0	0.25	46.0	V7/V	True	('F', 'A', 'C', 'E-')	F	F	0.0	dominant seventh chord	(0, 3, 5, 9)	E-	B-	5	5
71.25	285/4	0.25	1/4	24	C4	60	True	P1-Staff2	1	24.0	0.25	46.0	V7/V	True	('F', 'A', 'C', 'E-')	F	F	0.0	dominant seventh chord	(0, 3, 5, 9)	E-	B-	5	5
71.5	143/2	0.25	1/4	24	B-5	82	True	P1-Staff2	1	24.0	0.25	47.0	I	True	('G', 'B-', 'E-')	G	E-	1.0	major triad	(3, 7, 10)	E-	E-	1	None
71.5	143/2	0.25	1/4	24	B-4	70	True	P1-Staff2	2	24.0	0.25	47.0	I	True	('G', 'B-', 'E-')	G	E-	1.0	major triad	(3, 7, 10)	E-	E-	1	None
71.5	143/2	0.25	1/4	24	G3	55	True	P1-Staff2	1	24.0	0.25	47.0	I	True	('G', 'B-', 'E-')	G	E-	1.0	major triad	(3, 7, 10)	E-	E-	1	None
71.5	143/2	0.25	1/4	24	E-4	63	True	P1-Staff2	1	24.0	0.25	47.0	I	True	('G', 'B-', 'E-')	G	E-	1.0	major triad	(3, 7, 10)	E-	E-	1	None
71.75	287/4	0.25	1/4	24	A5	81	True	P1-Staff2	1	24.0	0.25	48.0	V7/V	True	('F', 'A', 'C', 'E-')	F	F	0.0	dominant seventh chord	(0, 3, 5, 9)	E-	B-	5	5
71.75	287/4	0.25	1/4	24	E-5	75	True	P1-Staff2	2	24.0	0.25	48.0	V7/V	True	('F', 'A', 'C', 'E-')	F	F	0.0	dominant seventh chord	(0, 3, 5, 9)	E-	B-	5	5
71.75	287/4	0.25	1/4	24	F3	53	True	P1-Staff2	1	24.0	0.25	48.0	V7/V	True	('F', 'A', 'C', 'E-')	F	F	0.0	dominant seventh chord	(0, 3, 5, 9)	E-	B-	5	5
71.75	287/4	0.25	1/4	24	C4	60	True	P1-Staff2	1	24.0	0.25	48.0	V7/V	True	('F', 'A', 'C', 'E-')	F	F	0.0	dominant seventh chord	(0, 3, 5, 9)	E-	B-	5	5
72.0	72	1.0	1	25	B-5	82	True	P1-Staff2	1	25.0	1.0	49.0	I	True	('G', 'B-', 'E-')	G	E-	1.0	major triad	(3, 7, 10)	E-	E-	1	None
72.0	72	1.0	1	25	B-4	70	True	P1-Staff2	1	25.0	1.0	49.0	I	True	('G', 'B-', 'E-')	G	E-	1.0	major triad	(3, 7, 10)	E-	E-	1	None
72.0	72	1.0	1	25	E-5	75	True	P1-Staff2	1	25.0	1.0	49.0	I	True	('G', 'B-', 'E-')	G	E-	1.0	major triad	(3, 7, 10)	E-	E-	1	None
72.0	72	1.0	1	25	G3	55	True	P1-Staff2	1	25.0	1.0	49.0	I	True	('G', 'B-', 'E-')	G	E-	1.0	major triad	(3, 7, 10)	E-	E-	1	None
72.0	72	1.0	1	25	B-3	58	True	P1-Staff2	1	25.0	1.0	49.0	I	True	('G', 'B-', 'E-')	G	E-	1.0	major triad	(3, 7, 10)	E-	E-	1	None
72.0	72	1.0	1	25	E-4	63	True	P1-Staff2	1	25.0	1.0	49.0	I	True	('G', 'B-', 'E-')	G	E-	1.0	major triad	(3, 7, 10)	E-	E-	1	None
73.0	73	0.0	0	25	A4	69	True	P1-Staff2	1	25.0	1.0	50.0	V7/V	True	('F', 'A', 'C', 'E-')	F	F	0.0	dominant seventh chord	(0, 3, 5, 9)	E-	B-	5	5
73.0	73	0.0	0	25	E-5	75	True	P1-Staff2	1	25.0	1.0	50.0	V7/V	True	('F', 'A', 'C', 'E-')	F	F	0.0	dominant seventh chord	(0, 3, 5, 9)	E-	B-	5	5
73.0	73	1.5	3/2	25	C6	84	True	P1-Staff2	1	25.0	1.0	50.0	V7/V	True	('F', 'A', 'C', 'E-')	F	F	0.0	dominant seventh chord	(0, 3, 5, 9)	E-	B-	5	5
73.0	73	1.0	1	25	F3	53	True	P1-Staff2	5	25.0	1.0	50.0	V7/V	True	('F', 'A', 'C', 'E-')	F	F	0.0	dominant seventh chord	(0, 3, 5, 9)	E-	B-	5	5
74.0	74	1.0	1	25	E-3	51	True	P1-Staff2	5	25.0	1.0	51.0	V7/V	True	('E-', 'F', 'A', 'C')	E-	F	3.0	dominant seventh chord	(0, 3, 5, 9)	E-	B-	5	5
74.5	149/2	0.0	0	25	A4	69	True	P1-Staff2	1	25.0	1.0	51.0	V7/V	False	('E-', 'F', 'A', 'C')	E-	F	3.0	dominant seventh chord	(0, 3, 5, 9)	E-	B-	5	5
74.5	149/2	0.0	0	25	F5	77	True	P1-Staff2	1	25.0	1.0	51.0	V7/V	False	('E-', 'F', 'A', 'C')	E-	F	3.0	dominant seventh chord	(0, 3, 5, 9)	E-	B-	5	5
74.5	149/2	0.5	1/2	25	C6	84	True	P1-Staff2	1	25.0	1.0	51.0	V7/V	False	('E-', 'F', 'A', 'C')	E-	F	3.0	dominant seventh chord	(0, 3, 5, 9)	E-	B-	5	5
75.0	75	1.0	1	26	D3	50	True	P1-Staff2	5	26.0	1.0	52.0	V	True	('D', 'F', 'B-')	D	B-	1.0	major triad	(2, 5, 10)	E-	E-	5	None
75.5	151/2	0.0	0	26	B-4	70	True	P1-Staff2	2	26.0	1.0	52.0	V	False	('D', 'F', 'B-')	D	B-	1.0	major triad	(2, 5, 10)	E-	E-	5	None
75.5	151/2	0.0	0	26	F5	77	True	P1-Staff2	2	26.0	1.0	52.0	V	False	('D', 'F', 'B-')	D	B-	1.0	major triad	(2, 5, 10)	E-	E-	5	None
75.5	151/2	0.5	1/2	26	D6	86	True	P1-Staff2	2	26.0	1.0	52.0	V	False	('D', 'F', 'B-')	D	B-	1.0	major triad	(2, 5, 10)	E-	E-	5	None
76.0	76	1.0	1	26	C3	48	True	P1-Staff2	5	26.0	1.0	53.0	V7/V	True	('C', 'E-', 'F', 'A')	C	F	2.0	dominant seventh chord	(0, 3, 5, 9)	E-	B-	5	5
76.5	153/2	0.0	0	26	C5	72	True	P1-Staff2	2	26.0	1.0	53.0	V7/V	False	('C', 'E-', 'F', 'A')	C	F	2.0	dominant seventh chord	(0, 3, 5, 9)	E-	B-	5	5
76.5	153/2	0.0	0	26	F5	77	True	P1-Staff2	2	26.0	1.0	53.0	V7/V	False	('C', 'E-', 'F', 'A')	C	F	2.0	dominant seventh chord	(0, 3, 5, 9)	E-	B-	5	5
76.5	153/2	0.5	1/2	26	E-6	87	True	P1-Staff2	2	26.0	1.0	53.0	V7/V	False	('C', 'E-', 'F', 'A')	C	F	2.0	dominant seventh chord	(0, 3, 5, 9)	E-	B-	5	5
77.0	77	1.0	1	26	B-2	46	True	P1-Staff2	5	26.0	1.0	54.0	V	True	('B-', 'D', 'F')	B-	B-	0.0	major triad	(2, 5, 10)	E-	E-	5	None
77.5	155/2	0.0	0	26	D5	74	True	P1-Staff2	2	26.0	1.0	54.0	V	False	('B-', 'D', 'F')	B-	B-	0.0	major triad	(2, 5, 10)	E-	E-	5	None
77.5	155/2	0.0	0	26	F5	77	True	P1-Staff2	2	26.0	1.0	54.0	V	False	('B-', 'D', 'F')	B-	B-	0.0	major triad	(2, 5, 10)	E-	E-	5	None
77.5	155/2	0.5	1/2	26	F6	89	True	P1-Staff2	2	26.0	1.0	54.0	V	False	('B-', 'D', 'F')	B-	B-	0.0	major triad	(2, 5, 10)	E-	E-	5	None
78.0	78	0.5	1/2	27	F6	89	False	P1-Staff2	1	27.0	2.0	55.0	V7	True	('A-', 'B-', 'D', 'F')	A-	B-	3.0	dominant seventh chord	(2, 5, 8, 10)	E-	E-	5	None
78.0	78	2.0	2	27	A-2	44	True	P1-Staff2	5	27.0	2.0	55.0	V7	True	('A-', 'B-', 'D', 'F')	A-	B-	3.0	dominant seventh chord	(2, 5, 8, 10)	E-	E-	5	None
78.5	157/2	0.5	1/2	27	G6	91	True	P1-Staff2	1	27.0	2.0	55.0	V7	False	('A-', 'B-', 'D', 'F')	A-	B-	3.0	dominant seventh chord	(2, 5, 8, 10)	E-	E-	5	None
79.0	79	0.5	1/2	27	A-6	92	True	P1-Staff2	1	27.0	2.0	55.0	V7	False	('A-', 'B-', 'D', 'F')	A-	B-	3.0	dominant seventh chord	(2, 5, 8, 10)	E-	E-	5	None
79.5	159/2	0.5	1/2	27	A6	93	True	P1-Staff2	1	27.0	2.0	55.0	V7	False	('A-', 'B-', 'D', 'F')	A-	B-	3.0	dominant seventh chord	(2, 5, 8, 10)	E-	E-	5	None
80.0	80	1.0	1	27	B-6	94	True	P1-Staff2	1	27.0	1.0	56.0	V	True	('B-', 'D', 'F')	B-	B-	0.0	major triad	(2, 5, 10)	E-	E-	5	None
80.0	80	0.25	1/4	27	A-2	44	True	P1-Staff2	5	27.0	1.0	56.0	V	True	('B-', 'D', 'F')	B-	B-	0.0	major triad	(2, 5, 10)	E-	E-	5	None
80.0	80	0.25	1/4	27	A-2	44	True	P1-Staff2	6	27.0	1.0	56.0	V	True	('B-', 'D', 'F')	B-	B-	0.0	major triad	(2, 5, 10)	E-	E-	5	None
80.25	321/4	0.125	1/8	27	G2	43	True	P1-Staff2	5	27.0	1.0	56.0	V	False	('B-', 'D', 'F')	B-	B-	0.0	major triad	(2, 5, 10)	E-	E-	5	None
80.375	643/8	0.125	1/8	27	A-2	44	True	P1-Staff2	5	27.0	1.0	56.0	V	False	('B-', 'D', 'F')	B-	B-	0.0	major triad	(2, 5, 10)	E-	E-	5	None
80.5	161/2	0.125	1/8	27	B-2	46	True	P1-Staff2	5	27.0	1.0	56.0	V	False	('B-', 'D', 'F')	B-	B-	0.0	major triad	(2, 5, 10)	E-	E-	5	None
80.625	645/8	0.125	1/8	27	A-2	44	True	P1-Staff2	5	27.0	1.0	56.0	V	False	('B-', 'D', 'F')	B-	B-	0.0	major triad	(2, 5, 10)	E-	E-	5	None
80.75	323/4	0.125	1/8	27	G2	43	True	P1-Staff2	5	27.0	1.0	56.0	V	False	('B-', 'D', 'F')	B-	B-	0.0	major triad	(2, 5, 10)	E-	E-	5	None
80.875	647/8	0.125	1/8	27	F2	41	True	P1-Staff2	5	27.0	1.0	56.0	V	False	('B-', 'D', 'F')	B-	B-	0.0	major triad	(2, 5, 10)	E-	E-	5	None
81.0	81	0.5	1/2	28	B-6	94	False	P1-Staff2	6	28.0	3.0	57.0	I	True	('E-', 'G', 'B-')	E-	E-	0.0	major triad	(3, 7, 10)	E-	E-	1	None
81.0	81	0.25	1/4	28	E-2	39	True	P1-Staff2	6	28.0	3.0	57.0	I	True	('E-', 'G', 'B-')	E-	E-	0.0	major triad	(3, 7, 10)	E-	E-	1	None
81.25	325/4	0.25	1/4	28	E-3	51	True	P1-Staff2	1	28.0	3.0	57.0	I	False	('E-', 'G', 'B-')	E-	E-	0.0	major triad	(3, 7, 10)	E-	E-	1	None
81.25	325/4	0.25	1/4	28	G3	55	True	P1-Staff2	1	28.0	3.0	57.0	I	False	('E-', 'G', 'B-')	E-	E-	0.0	major triad	(3, 7, 10)	E-	E-	1	None
81.5	163/2	0.5	1/2	28	G4	67	True	P1-Staff2	6	28.0	3.0	57.0	I	False	('E-', 'G', 'B-')	E-	E-	0.0	major triad	(3, 7, 10)	E-	E-	1	None
81.5	163/2	0.25	1/4	28	E-3	51	True	P1-Staff2	1	28.0	3.0	57.0	I	False	('E-', 'G', 'B-')	E-	E-	0.0	major triad	(3, 7, 10)	E-	E-	1	None
81.5	163/2	0.25	1/4	28	G3	55	True	P1-Staff2	1	28.0	3.0	57.0	I	False	('E-', 'G', 'B-')	E-	E-	0.0	major triad	(3, 7, 10)	E-	E-	1	None
81.75	327/4	0.25	1/4	28	D3	50	True	P1-Staff2	1	28.0	3.0	57.0	I	False	('E-', 'G', 'B-')	E-	E-	0.0	major triad	(3, 7, 10)	E-	E-	1	None
81.75	327/4	0.25	1/4	28	E-3	51	True	P1-Staff2	1	28.0	3.0	57.0	I	False	('E-', 'G', 'B-')	E-	E-	0.0	major triad	(3, 7, 10)	E-	E-	1	None
81.75	327/4	0.25	1/4	28	G3	55	True	P1-Staff2	1	28.0	3.0	57.0	I	False	('E-', 'G', 'B-')	E-	E-	0.0	major triad	(3, 7, 10)	E-	E-	1	None
82.0	82	0.25	1/4	28	D3	50	True	P1-Staff2	1	28.0	3.0	57.0	I	False	('E-', 'G', 'B-')	E-	E-	0.0	major triad	(3, 7, 10)	E-	E-	1	None
82.0	82	0.25	1/4	28	E-3	51	True	P1-Staff2	1	28.0	3.0	57.0	I	False	('E-', 'G', 'B-')	E-	E-	0.0	major triad	(3, 7, 10)	E-	E-	1	None
82.0	82	0.25	1/4	28	G3	55	True	P1-Staff2	1	28.0	3.0	57.0	I	False	('E-', 'G', 'B-')	E-	E-	0.0	major triad	(3, 7, 10)	E-	E-	1	None
82.25	329/4	0.25	1/4	28	C3	48	True	P1-Staff2	1	28.0	3.0	57.0	I	False	('E-', 'G', 'B-')	E-	E-	0.0	major triad	(3, 7, 10)	E-	E-	1	None
82.25	329/4	0.25	1/4	28	E-3	51	True	P1-Staff2	1	28.0	3.0	57.0	I	False	('E-', 'G', 'B-')	E-	E-	0.0	major triad	(3, 7, 10)	E-	E-	1	None
82.25	329/4	0.25	1/4	28	G3	55	True	P1-Staff2	1	28.0	3.0	57.0	I	False	('E-', 'G', 'B-')	E-	E-	0.0	major triad	(3, 7, 10)	E-	E-	1	None
82.5	165/2	0.25	1/4	28	C3	48	True	P1-Staff2	1	28.0	3.0	57.0	I	False	('E-', 'G', 'B-')	E-	E-	0.0	major triad	(3, 7, 10)	E-	E-	1	None
82.5	165/2	0.25	1/4	28	E-3	51	True	P1-Staff2	1	28.0	3.0	57.0	I	False	('E-', 'G', 'B-')	E-	E-	0.0	major triad	(3, 7, 10)	E-	E-	1	None
82.5	165/2	0.25	1/4	28	G3	55	True	P1-Staff2	1	28.0	3.0	57.0	I	False	('E-', 'G', 'B-')	E-	E-	0.0	major triad	(3, 7, 10)	E-	E-	1	None
82.75	331/4	0.25	1/4	28	G4	67	True	P1-Staff2	6	28.0	3.0	57.0	I	False	('E-', 'G', 'B-')	E-	E-	0.0	major triad	(3, 7, 10)	E-	E-	1	None
82.75	331/4	0.25	1/4	28	B-2	46	True	P1-Staff2	1	28.0	3.0	57.0	I	False	('E-', 'G', 'B-')	E-	E-	0.0	major triad	(3, 7, 10)	E-	E-	1	None
82.75	331/4	0.25	1/4	28	E-3	51	True	P1-Staff2	1	28.0	3.0	57.0	I	False	('E-', 'G', 'B-')	E-	E-	0.0	major triad	(3, 7, 10)	E-	E-	1	None
82.75	331/4	0.25	1/4	28	G3	55	True	P1-Staff2	1	28.0	3.0	57.0	I	False	('E-', 'G', 'B-')	E-	E-	0.0	major triad	(3, 7, 10)	E-	E-	1	None
83.0	83	0.25	1/4	28	A-4	68	True	P1-Staff2	6	28.0	3.0	57.0	I	False	('E-', 'G', 'B-')	E-	E-	0.0	major triad	(3, 7, 10)	E-	E-	1	None
83.0	83	0.25	1/4	28	B-2	46	True	P1-Staff2	1	28.0	3.0	57.0	I	False	('E-', 'G', 'B-')	E-	E-	0.0	major triad	(3, 7, 10)	E-	E-	1	None
83.0	83	0.25	1/4	28	E-3	51	True	P1-Staff2	1	28.0	3.0	57.0	I	False	('E-', 'G', 'B-')	E-	E-	0.0	major triad	(3, 7, 10)	E-	E-	1	None
83.0	83	0.25	1/4	28	G3	55	True	P1-Staff2	1	28.0	3.0	57.0	I	False	('E-', 'G', 'B-')	E-	E-	0.0	major triad	(3, 7, 10)	E-	E-	1	None
83.25	333/4	0.25	1/4	28	B-4	70	True	P1-Staff2	6	28.0	3.0	57.0	I	False	('E-', 'G', 'B-')	E-	E-	0.0	major triad	(3, 7, 10)	E-	E-	1	None
83.25	333/4	0.25	1/4	28	A-2	44	True	P1-Staff2	1	28.0	3.0	57.0	I	False	('E-', 'G', 'B-')	E-	E-	0.0	major triad	(3, 7, 10)	E-	E-	1	None
83.25	333/4	0.25	1/4	28	E-3	51	True	P1-Staff2	1	28.0	3.0	57.0	I	False	('E-', 'G', 'B-')	E-	E-	0.0	major triad	(3, 7, 10)	E-	E-	1	None
83.25	333/4	0.25	1/4	28	G3	55	True	P1-Staff2	1	28.0	3.0	57.0	I	False	('E-', 'G', 'B-')	E-	E-	0.0	major triad	(3, 7, 10)	E-	E-	1	None
83.5	167/2	0.25	1/4	28	C5	72	True	P1-Staff2	6	28.0	3.0	57.0	I	False	('E-', 'G', 'B-')	E-	E-	0.0	major triad	(3, 7, 10)	E-	E-	1	None
83.5	167/2	0.25	1/4	28	G2	43	True	P1-Staff2	1	28.0	3.0	57.0	I	False	('E-', 'G', 'B-')	E-	E-	0.0	major triad	(3, 7, 10)	E-	E-	1	None
83.5	167/2	0.25	1/4	28	E-3	51	True	P1-Staff2	1	28.0	3.0	57.0	I	False	('E-', 'G', 'B-')	E-	E-	0.0	major triad	(3, 7, 10)	E-	E-	1	None
83.5	167/2	0.25	1/4	28	G3	55	True	P1-Staff2	1	28.0	3.0	57.0	I	False	('E-', 'G', 'B-')	E-	E-	0.0	major triad	(3, 7, 10)	E-	E-	1	None
83.75	335/4	0.25	1/4	28	D5	74	True	P1-Staff2	6	28.0	3.0	57.0	I	False	('E-', 'G', 'B-')	E-	E-	0.0	major triad	(3, 7, 10)	E-	E-	1	None
83.75	335/4	0.25	1/4	28	G2	43	True	P1-Staff2	1	28.0	3.0	57.0	I	False	('E-', 'G', 'B-')	E-	E-	0.0	major triad	(3, 7, 10)	E-	E-	1	None
83.75	335/4	0.25	1/4	28	E-3	51	True	P1-Staff2	1	28.0	3.0	57.0	I	False	('E-', 'G', 'B-')	E-	E-	0.0	major triad	(3, 7, 10)	E-	E-	1	None
83.75	335/4	0.25	1/4	28	G3	55	True	P1-Staff2	1	28.0	3.0	57.0	I	False	('E-', 'G', 'B-')	E-	E-	0.0	major triad	(3, 7, 10)	E-	E-	1	None
84.0	84	0.5	1/2	29	E-5	75	True	P1-Staff2	6	29.0	3.0	58.0	I	True	('G', 'B-', 'E-')	G	E-	1.0	major triad	(3, 7, 10)	E-	E-	1	None
84.0	84	0.25	1/4	29	G2	43	True	P1-Staff2	6	29.0	3.0	58.0	I	True	('G', 'B-', 'E-')	G	E-	1.0	major triad	(3, 7, 10)	E-	E-	1	None
84.25	337/4	0.25	1/4	29	E-3	51	True	P1-Staff2	1	29.0	3.0	58.0	I	False	('G', 'B-', 'E-')	G	E-	1.0	major triad	(3, 7, 10)	E-	E-	1	None
84.25	337/4	0.25	1/4	29	G3	55	True	P1-Staff2	1	29.0	3.0	58.0	I	False	('G', 'B-', 'E-')	G	E-	1.0	major triad	(3, 7, 10)	E-	E-	1	None
84.5	169/2	0.5	1/2	29	B-4	70	True	P1-Staff2	6	29.0	3.0	58.0	I	False	('G', 'B-', 'E-')	G	E-	1.0	major triad	(3, 7, 10)	E-	E-	1	None
84.5	169/2	0.25	1/4	29	E-3	51	True	P1-Staff2	1	29.0	3.0	58.0	I	False	('G', 'B-', 'E-')	G	E-	1.0	major triad	(3, 7, 10)	E-	E-	1	None
84.5	169/2	0.25	1/4	29	G3	55	True	P1-Staff2	1	29.0	3.0	58.0	I	False	('G', 'B-', 'E-')	G	E-	1.0	major triad	(3, 7, 10)	E-	E-	1	None
84.75	339/4	0.25	1/4	29	D3	50	True	P1-Staff2	1	29.0	3.0	58.0	I	False	('G', 'B-', 'E-')	G	E-	1.0	major triad	(3, 7, 10)	E-	E-	1	None
84.75	339/4	0.25	1/4	29	E-3	51	True	P1-Staff2	1	29.0	3.0	58.0	I	False	('G', 'B-', 'E-')	G	E-	1.0	major triad	(3, 7, 10)	E-	E-	1	None
84.75	339/4	0.25	1/4	29	G3	55	True	P1-Staff2	1	29.0	3.0	58.0	I	False	('G', 'B-', 'E-')	G	E-	1.0	major triad	(3, 7, 10)	E-	E-	1	None
85.0	85	0.25	1/4	29	D3	50	True	P1-Staff2	1	29.0	3.0	58.0	I	False	('G', 'B-', 'E-')	G	E-	1.0	major triad	(3, 7, 10)	E-	E-	1	None
85.0	85	0.25	1/4	29	E-3	51	True	P1-Staff2	1	29.0	3.0	58.0	I	False	('G', 'B-', 'E-')	G	E-	1.0	major triad	(3, 7, 10)	E-	E-	1	None
85.0	85	0.25	1/4	29	G3	55	True	P1-Staff2	1	29.0	3.0	58.0	I	False	('G', 'B-', 'E-')	G	E-	1.0	major triad	(3, 7, 10)	E-	E-	1	None
85.25	341/4	0.25	1/4	29	C3	48	True	P1-Staff2	1	29.0	3.0	58.0	I	False	('G', 'B-', 'E-')	G	E-	1.0	major triad	(3, 7, 10)	E-	E-	1	None
85.25	341/4	0.25	1/4	29	E-3	51	True	P1-Staff2	1	29.0	3.0	58.0	I	False	('G', 'B-', 'E-')	G	E-	1.0	major triad	(3, 7, 10)	E-	E-	1	None
85.25	341/4	0.25	1/4	29	G3	55	True	P1-Staff2	1	29.0	3.0	58.0	I	False	('G', 'B-', 'E-')	G	E-	1.0	major triad	(3, 7, 10)	E-	E-	1	None
85.5	171/2	0.25	1/4	29	C3	48	True	P1-Staff2	1	29.0	3.0	58.0	I	False	('G', 'B-', 'E-')	G	E-	1.0	major triad	(3, 7, 10)	E-	E-	1	None
85.5	171/2	0.25	1/4	29	E-3	51	True	P1-Staff2	1	29.0	3.0	58.0	I	False	('G', 'B-', 'E-')	G	E-	1.0	major triad	(3, 7, 10)	E-	E-	1	None
85.5	171/2	0.25	1/4	29	G3	55	True	P1-Staff2	1	29.0	3.0	58.0	I	False	('G', 'B-', 'E-')	G	E-	1.0	major triad	(3, 7, 10)	E-	E-	1	None
85.75	343/4	0.25	1/4	29	D5	74	True	P1-Staff2	6	29.0	3.0	58.0	I	False	('G', 'B-', 'E-')	G	E-	1.0	major triad	(3, 7, 10)	E-	E-	1	None
85.75	343/4	0.25	1/4	29	B-2	46	True	P1-Staff2	1	29.0	3.0	58.0	I	False	('G', 'B-', 'E-')	G	E-	1.0	major triad	(3, 7, 10)	E-	E-	1	None
85.75	343/4	0.25	1/4	29	E-3	51	True	P1-Staff2	1	29.0	3.0	58.0	I	False	('G', 'B-', 'E-')	G	E-	1.0	major triad	(3, 7, 10)	E-	E-	1	None
85.75	343/4	0.25	1/4	29	G3	55	True	P1-Staff2	1	29.0	3.0	58.0	I	False	('G', 'B-', 'E-')	G	E-	1.0	major triad	(3, 7, 10)	E-	E-	1	None
86.0	86	0.25	1/4	29	E-5	75	True	P1-Staff2	6	29.0	3.0	58.0	I	False	('G', 'B-', 'E-')	G	E-	1.0	major triad	(3, 7, 10)	E-	E-	1	None
86.0	86	0.25	1/4	29	B-2	46	True	P1-Staff2	1	29.0	3.0	58.0	I	False	('G', 'B-', 'E-')	G	E-	1.0	major triad	(3, 7, 10)	E-	E-	1	None
86.0	86	0.25	1/4	29	E-3	51	True	P1-Staff2	1	29.0	3.0	58.0	I	False	('G', 'B-', 'E-')	G	E-	1.0	major triad	(3, 7, 10)	E-	E-	1	None
86.0	86	0.25	1/4	29	G3	55	True	P1-Staff2	1	29.0	3.0	58.0	I	False	('G', 'B-', 'E-')	G	E-	1.0	major triad	(3, 7, 10)	E-	E-	1	None
86.25	345/4	0.25	1/4	29	F5	77	True	P1-Staff2	6	29.0	3.0	58.0	I	False	('G', 'B-', 'E-')	G	E-	1.0	major triad	(3, 7, 10)	E-	E-	1	None
86.25	345/4	0.25	1/4	29	A-2	44	True	P1-Staff2	1	29.0	3.0	58.0	I	False	('G', 'B-', 'E-')	G	E-	1.0	major triad	(3, 7, 10)	E-	E-	1	None
86.25	345/4	0.25	1/4	29	E-3	51	True	P1-Staff2	1	29.0	3.0	58.0	I	False	('G', 'B-', 'E-')	G	E-	1.0	major triad	(3, 7, 10)	E-	E-	1	None
86.25	345/4	0.25	1/4	29	G3	55	True	P1-Staff2	1	29.0	3.0	58.0	I	False	('G', 'B-', 'E-')	G	E-	1.0	major triad	(3, 7, 10)	E-	E-	1	None
86.5	173/2	0.25	1/4	29	G5	79	True	P1-Staff2	6	29.0	3.0	58.0	I	False	('G', 'B-', 'E-')	G	E-	1.0	major triad	(3, 7, 10)	E-	E-	1	None
86.5	173/2	0.25	1/4	29	G2	43	True	P1-Staff2	1	29.0	3.0	58.0	I	False	('G', 'B-', 'E-')	G	E-	1.0	major triad	(3, 7, 10)	E-	E-	1	None
86.5	173/2	0.25	1/4	29	E-3	51	True	P1-Staff2	1	29.0	3.0	58.0	I	False	('G', 'B-', 'E-')	G	E-	1.0	major triad	(3, 7, 10)	E-	E-	1	None
86.5	173/2	0.25	1/4	29	G3	55	True	P1-Staff2	1	29.0	3.0	58.0	I	False	('G', 'B-', 'E-')	G	E-	1.0	major triad	(3, 7, 10)	E-	E-	1	None
86.75	347/4	0.25	1/4	29	A-5	80	True	P1-Staff2	6	29.0	3.0	58.0	I	False	('G', 'B-', 'E-')	G	E-	1.0	major triad	(3, 7, 10)	E-	E-	1	None
86.75	347/4	0.25	1/4	29	G2	43	True	P1-Staff2	1	29.0	3.0	58.0	I	False	('G', 'B-', 'E-')	G	E-	1.0	major triad	(3, 7, 10)	E-	E-	1	None
86.75	347/4	0.25	1/4	29	E-3	51	True	P1-Staff2	1	29.0	3.0	58.0	I	False	('G', 'B-', 'E-')	G	E-	1.0	major triad	(3, 7, 10)	E-	E-	1	None
86.75	347/4	0.25	1/4	29	G3	55	True	P1-Staff2	1	29.0	3.0	58.0	I	False	('G', 'B-', 'E-')	G	E-	1.0	major triad	(3, 7, 10)	E-	E-	1	None
87.0	87	0.5	1/2	30	B-5	82	True	P1-Staff2	6	30.0	3.0	59.0	I	True	('G', 'B-', 'E-')	G	E-	1.0	major triad	(3, 7, 10)	E-	E-	1	None
87.0	87	0.25	1/4	30	G2	43	True	P1-Staff2	6	30.0	3.0	59.0	I	True	('G', 'B-', 'E-')	G	E-	1.0	major triad	(3, 7, 10)	E-	E-	1	None
87.25	349/4	0.25	1/4	30	E-3	51	True	P1-Staff2	1	30.0	3.0	59.0	I	False	('G', 'B-', 'E-')	G	E-	1.0	major triad	(3, 7, 10)	E-	E-	1	None
87.25	349/4	0.25	1/4	30	G3	55	True	P1-Staff2	1	30.0	3.0	59.0	I	False	('G', 'B-', 'E-')	G	E-	1.0	major triad	(3, 7, 10)	E-	E-	1	None
87.5	175/2	0.5	1/2	30	E-5	75	True	P1-Staff2	6	30.0	3.0	59.0	I	False	('G', 'B-', 'E-')	G	E-	1.0	major triad	(3, 7, 10)	E-	E-	1	None
87.5	175/2	0.25	1/4	30	E-3	51	True	P1-Staff2	1	30.0	3.0	59.0	I	False	('G', 'B-', 'E-')	G	E-	1.0	major triad	(3, 7, 10)	E-	E-	1	None
87.5	175/2	0.25	1/4	30	G3	55	True	P1-Staff2	1	30.0	3.0	59.0	I	False	('G', 'B-', 'E-')	G	E-	1.0	major triad	(3, 7, 10)	E-	E-	1	None
87.75	351/4	0.25	1/4	30	D3	50	True	P1-Staff2	1	30.0	3.0	59.0	I	False	('G', 'B-', 'E-')	G	E-	1.0	major triad	(3, 7, 10)	E-	E-	1	None
87.75	351/4	0.25	1/4	30	E-3	51	True	P1-Staff2	1	30.0	3.0	59.0	I	False	('G', 'B-', 'E-')	G	E-	1.0	major triad	(3, 7, 10)	E-	E-	1	None
87.75	351/4	0.25	1/4	30	G3	55	True	P1-Staff2	1	30.0	3.0	59.0	I	False	('G', 'B-', 'E-')	G	E-	1.0	major triad	(3, 7, 10)	E-	E-	1	None
88.0	88	0.25	1/4	30	D3	50	True	P1-Staff2	1	30.0	3.0	59.0	I	False	('G', 'B-', 'E-')	G	E-	1.0	major triad	(3, 7, 10)	E-	E-	1	None
88.0	88	0.25	1/4	30	E-3	51	True	P1-Staff2	1	30.0	3.0	59.0	I	False	('G', 'B-', 'E-')	G	E-	1.0	major triad	(3, 7, 10)	E-	E-	1	None
88.0	88	0.25	1/4	30	G3	55	True	P1-Staff2	1	30.0	3.0	59.0	I	False	('G', 'B-', 'E-')	G	E-	1.0	major triad	(3, 7, 10)	E-	E-	1	None
88.25	353/4	0.25	1/4	30	C3	48	True	P1-Staff2	1	30.0	3.0	59.0	I	False	('G', 'B-', 'E-')	G	E-	1.0	major triad	(3, 7, 10)	E-	E-	1	None
88.25	353/4	0.25	1/4	30	E-3	51	True	P1-Staff2	1	30.0	3.0	59.0	I	False	('G', 'B-', 'E-')	G	E-	1.0	major triad	(3, 7, 10)	E-	E-	1	None
88.25	353/4	0.25	1/4	30	G3	55	True	P1-Staff2	1	30.0	3.0	59.0	I	False	('G', 'B-', 'E-')	G	E-	1.0	major triad	(3, 7, 10)	E-	E-	1	None
88.5	177/2	0.25	1/4	30	C3	48	True	P1-Staff2	1	30.0	3.0	59.0	I	False	('G', 'B-', 'E-')	G	E-	1.0	major triad	(3, 7, 10)	E-	E-	1	None
88.5	177/2	0.25	1/4	30	E-3	51	True	P1-Staff2	1	30.0	3.0	59.0	I	False	('G', 'B-', 'E-')	G	E-	1.0	major triad	(3, 7, 10)	E-	E-	1	None
88.5	177/2	0.25	1/4	30	G3	55	True	P1-Staff2	1	30.0	3.0	59.0	I	False	('G', 'B-', 'E-')	G	E-	1.0	major triad	(3, 7, 10)	E-	E-	1	None
88.75	355/4	0.25	1/4	30	E-6	87	True	P1-Staff2	6	30.0	3.0	59.0	I	False	('G', 'B-', 'E-')	G	E-	1.0	major triad	(3, 7, 10)	E-	E-	1	None
88.75	355/4	0.25	1/4	30	B-2	46	True	P1-Staff2	1	30.0	3.0	59.0	I	False	('G', 'B-', 'E-')	G	E-	1.0	major triad	(3, 7, 10)	E-	E-	1	None
88.75	355/4	0.25	1/4	30	E-3	51	True	P1-Staff2	1	30.0	3.0	59.0	I	False	('G', 'B-', 'E-')	G	E-	1.0	major triad	(3, 7, 10)	E-	E-	1	None
88.75	355/4	0.25	1/4	30	G3	55	True	P1-Staff2	1	30.0	3.0	59.0	I	False	('G', 'B-', 'E-')	G	E-	1.0	major triad	(3, 7, 10)	E-	E-	1	None
89.0	89	0.25	1/4	30	F6	89	True	P1-Staff2	6	30.0	3.0	59.0	I	False	('G', 'B-', 'E-')	G	E-	1.0	major triad	(3, 7, 10)	E-	E-	1	None
89.0	89	0.25	1/4	30	B-2	46	True	P1-Staff2	1	30.0	3.0	59.0	I	False	('G', 'B-', 'E-')	G	E-	1.0	major triad	(3, 7, 10)	E-	E-	1	None
89.0	89	0.25	1/4	30	E-3	51	True	P1-Staff2	1	30.0	3.0	59.0	I	False	('G', 'B-', 'E-')	G	E-	1.0	major triad	(3, 7, 10)	E-	E-	1	None
89.0	89	0.25	1/4	30	G3	55	True	P1-Staff2	1	30.0	3.0	59.0	I	False	('G', 'B-', 'E-')	G	E-	1.0	major triad	(3, 7, 10)	E-	E-	1	None
89.25	357/4	0.25	1/4	30	G6	91	True	P1-Staff2	6	30.0	3.0	59.0	I	False	('G', 'B-', 'E-')	G	E-	1.0	major triad	(3, 7, 10)	E-	E-	1	None
89.25	357/4	0.25	1/4	30	A-2	44	True	P1-Staff2	1	30.0	3.0	59.0	I	False	('G', 'B-', 'E-')	G	E-	1.0	major triad	(3, 7, 10)	E-	E-	1	None
89.25	357/4	0.25	1/4	30	E-3	51	True	P1-Staff2	1	30.0	3.0	59.0	I	False	('G', 'B-', 'E-')	G	E-	1.0	major triad	(3, 7, 10)	E-	E-	1	None
89.25	357/4	0.25	1/4	30	G3	55	True	P1-Staff2	1	30.0	3.0	59.0	I	False	('G', 'B-', 'E-')	G	E-	1.0	major triad	(3, 7, 10)	E-	E-	1	None
89.5	179/2	0.25	1/4	30	A-6	92	True	P1-Staff2	6	30.0	3.0	59.0	I	False	('G', 'B-', 'E-')	G	E-	1.0	major triad	(3, 7, 10)	E-	E-	1	None
89.5	179/2	0.25	1/4	30	G2	43	True	P1-Staff2	1	30.0	3.0	59.0	I	False	('G', 'B-', 'E-')	G	E-	1.0	major triad	(3, 7, 10)	E-	E-	1	None
89.5	179/2	0.25	1/4	30	E-3	51	True	P1-Staff2	1	30.0	3.0	59.0	I	False	('G', 'B-', 'E-')	G	E-	1.0	major triad	(3, 7, 10)	E-	E-	1	None
89.5	179/2	0.25	1/4	30	G3	55	True	P1-Staff2	1	30.0	3.0	59.0	I	False	('G', 'B-', 'E-')	G	E-	1.0	major triad	(3, 7, 10)	E-	E-	1	None
89.75	359/4	0.25	1/4	30	B-6	94	True	P1-Staff2	6	30.0	3.0	59.0	I	False	('G', 'B-', 'E-')	G	E-	1.0	major triad	(3, 7, 10)	E-	E-	1	None
89.75	359/4	0.25	1/4	30	G2	43	True	P1-Staff2	1	30.0	3.0	59.0	I	False	('G', 'B-', 'E-')	G	E-	1.0	major triad	(3, 7, 10)	E-	E-	1	None
89.75	359/4	0.25	1/4	30	E-3	51	True	P1-Staff2	1	30.0	3.0	59.0	I	False	('G', 'B-', 'E-')	G	E-	1.0	major triad	(3, 7, 10)	E-	E-	1	None
89.75	359/4	0.25	1/4	30	G3	55	True	P1-Staff2	1	30.0	3.0	59.0	I	False	('G', 'B-', 'E-')	G	E-	1.0	major triad	(3, 7, 10)	E-	E-	1	None
90.0	90	1.0	1	31	C7	96	True	P1-Staff2	6	31.0	2.0	60.0	ii7	True	('A-', 'C', 'E-', 'F')	A-	F	1.0	minor seventh chord	(0, 3, 5, 8)	E-	E-	2	None
90.0	90	1.0	1	31	A-2	44	True	P1-Staff2	1	31.0	2.0	60.0	ii7	True	('A-', 'C', 'E-', 'F')	A-	F	1.0	minor seventh chord	(0, 3, 5, 8)	E-	E-	2	None
90.0	90	1.0	1	31	E-3	51	True	P1-Staff2	1	31.0	2.0	60.0	ii7	True	('A-', 'C', 'E-', 'F')	A-	F	1.0	minor seventh chord	(0, 3, 5, 8)	E-	E-	2	None
90.0	90	1.0	1	31	F3	53	True	P1-Staff2	1	31.0	2.0	60.0	ii7	True	('A-', 'C', 'E-', 'F')	A-	F	1.0	minor seventh chord	(0, 3, 5, 8)	E-	E-	2	None
91.75	367/4	0.25	1/4	31	F4	65	True	P1-Staff2	6	31.0	2.0	60.0	ii7	False	('A-', 'C', 'E-', 'F')	A-	F	1.0	minor seventh chord	(0, 3, 5, 8)	E-	E-	2	None
91.75	367/4	0.25	1/4	31	A2	45	True	P1-Staff2	1	31.0	2.0	60.0	ii7	False	('A-', 'C', 'E-', 'F')	A-	F	1.0	minor seventh chord	(0, 3, 5, 8)	E-	E-	2	None
91.75	367/4	0.25	1/4	31	E-3	51	True	P1-Staff2	1	31.0	2.0	60.0	ii7	False	('A-', 'C', 'E-', 'F')	A-	F	1.0	minor seventh chord	(0, 3, 5, 8)	E-	E-	2	None
91.75	367/4	0.25	1/4	31	F3	53	True	P1-Staff2	1	31.0	2.0	60.0	ii7	False	('A-', 'C', 'E-', 'F')	A-	F	1.0	minor seventh chord	(0, 3, 5, 8)	E-	E-	2	None
92.0	92	0.5	1/2	31	F4	65	True	P1-Staff2	1	31.0	1.0	61.0	V	True	('B-', 'D', 'F')	B-	B-	0.0	major triad	(2, 5, 10)	E-	E-	5	None
92.0	92	0.5	1/2	31	B-4	70	True	P1-Staff2	1	31.0	1.0	61.0	V	True	('B-', 'D', 'F')	B-	B-	0.0	major triad	(2, 5, 10)	E-	E-	5	None
92.0	92	0.5	1/2	31	B-2	46	True	P1-Staff2	1	31.0	1.0	61.0	V	True	('B-', 'D', 'F')	B-	B-	0.0	major triad	(2, 5, 10)	E-	E-	5	None
92.0	92	0.5	1/2	31	D3	50	True	P1-Staff2	1	31.0	1.0	61.0	V	True	('B-', 'D', 'F')	B-	B-	0.0	major triad	(2, 5, 10)	E-	E-	5	None
92.0	92	0.5	1/2	31	F3	53	True	P1-Staff2	1	31.0	1.0	61.0	V	True	('B-', 'D', 'F')	B-	B-	0.0	major triad	(2, 5, 10)	E-	E-	5	None
92.75	371/4	0.25	1/4	31	F4	65	True	P1-Staff2	1	31.0	1.0	61.0	V	False	('B-', 'D', 'F')	B-	B-	0.0	major triad	(2, 5, 10)	E-	E-	5	None
92.75	371/4	0.25	1/4	31	B-4	70	True	P1-Staff2	1	31.0	1.0	61.0	V	False	('B-', 'D', 'F')	B-	B-	0.0	major triad	(2, 5, 10)	E-	E-	5	None
92.75	371/4	0.25	1/4	31	B-2	46	True	P1-Staff2	1	31.0	1.0	61.0	V	False	('B-', 'D', 'F')	B-	B-	0.0	major triad	(2, 5, 10)	E-	E-	5	None
92.75	371/4	0.25	1/4	31	D3	50	True	P1-Staff2	1	31.0	1.0	61.0	V	False	('B-', 'D', 'F')	B-	B-	0.0	major triad	(2, 5, 10)	E-	E-	5	None
93.0	93	1.0	1	32	F4	65	True	P1-Staff2	1	32.0	1.0	62.0	V/V	True	('C', 'F', 'A')	C	F	2.0	major triad	(0, 5, 9)	E-	B-	5	5
93.0	93	1.0	1	32	A4	69	True	P1-Staff2	1	32.0	1.0	62.0	V/V	True	('C', 'F', 'A')	C	F	2.0	major triad	(0, 5, 9)	E-	B-	5	5
93.0	93	1.0	1	32	C3	48	True	P1-Staff2	1	32.0	1.0	62.0	V/V	True	('C', 'F', 'A')	C	F	2.0	major triad	(0, 5, 9)	E-	B-	5	5
93.0	93	1.0	1	32	E-3	51	True	P1-Staff2	1	32.0	1.0	62.0	V/V	True	('C', 'F', 'A')	C	F	2.0	major triad	(0, 5, 9)	E-	B-	5	5
94.0	94	1.0	1	32	F4	65	True	P1-Staff2	1	32.0	1.0	63.0	viiø7	True	('D', 'F', 'A-', 'C')	D	D	0.0	half-diminished seventh chord	(0, 2, 5, 8)	E-	E-	7	None
94.0	94	1.0	1	32	A-4	68	True	P1-Staff2	1	32.0	1.0	63.0	viiø7	True	('D', 'F', 'A-', 'C')	D	D	0.0	half-diminished seventh chord	(0, 2, 5, 8)	E-	E-	7	None
94.0	94	1.0	1	32	D3	50	True	P1-Staff2	1	32.0	1.0	63.0	viiø7	True	('D', 'F', 'A-', 'C')	D	D	0.0	half-diminished seventh chord	(0, 2, 5, 8)	E-	E-	7	None
94.0	94	1.0	1	32	C-4	59	True	P1-Staff2	1	32.0	1.0	63.0	viiø7	True	('D', 'F', 'A-', 'C')	D	D	0.0	half-diminished seventh chord	(0, 2, 5, 8)	E-	E-	7	None
95.0	95	0.25	1/4	32	G4	67	True	P1-Staff2	6	32.0	1.0	64.0	I	True	('E-', 'G', 'B-')	E-	E-	0.0	major triad	(3, 7, 10)	E-	E-	1	None
95.0	95	0.25	1/4	32	E-3	51	True	P1-Staff2	1	32.0	1.0	64.0	I	True	('E-', 'G', 'B-')	E-	E-	0.0	major triad	(3, 7, 10)	E-	E-	1	None
95.0	95	0.25	1/4	32	B-3	58	True	P1-Staff2	1	32.0	1.0	64.0	I	True	('E-', 'G', 'B-')	E-	E-	0.0	major triad	(3, 7, 10)	E-	E-	1	None
95.25	381/4	0.25	1/4	32	E-6	87	True	P1-Staff2	6	32.0	1.0	64.0	I	False	('E-', 'G', 'B-')	E-	E-	0.0	major triad	(3, 7, 10)	E-	E-	1	None
95.25	381/4	0.25	1/4	32	E-4	63	True	P1-Staff2	1	32.0	1.0	64.0	I	False	('E-', 'G', 'B-')	E-	E-	0.0	major triad	(3, 7, 10)	E-	E-	1	None
95.25	381/4	0.25	1/4	32	G4	67	True	P1-Staff2	1	32.0	1.0	64.0	I	False	('E-', 'G', 'B-')	E-	E-	0.0	major triad	(3, 7, 10)	E-	E-	1	None
95.5	191/2	0.25	1/4	32	D6	86	True	P1-Staff2	6	32.0	1.0	64.0	I	False	('E-', 'G', 'B-')	E-	E-	0.0	major triad	(3, 7, 10)	E-	E-	1	None
95.5	191/2	0.25	1/4	32	F4	65	True	P1-Staff2	1	32.0	1.0	64.0	I	False	('E-', 'G', 'B-')	E-	E-	0.0	major triad	(3, 7, 10)	E-	E-	1	None
95.5	191/2	0.25	1/4	32	A-4	68	True	P1-Staff2	1	32.0	1.0	64.0	I	False	('E-', 'G', 'B-')	E-	E-	0.0	major triad	(3, 7, 10)	E-	E-	1	None
95.75	383/4	0.25	1/4	32	D-6	85	True	P1-Staff2	6	32.0	1.0	64.0	I	False	('E-', 'G', 'B-')	E-	E-	0.0	major triad	(3, 7, 10)	E-	E-	1	None
95.75	383/4	0.25	1/4	32	G4	67	True	P1-Staff2	1	32.0	1.0	64.0	I	False	('E-', 'G', 'B-')	E-	E-	0.0	major triad	(3, 7, 10)	E-	E-	1	None
95.75	383/4	0.25	1/4	32	B-4	70	True	P1-Staff2	1	32.0	1.0	64.0	I	False	('E-', 'G', 'B-')	E-	E-	0.0	major triad	(3, 7, 10)	E-	E-	1	None
96.0	96	0.125	1/8	33	C6	84	True	P1-Staff2	6	33.0	2.0	65.0	IV	True	('A-', 'C', 'E-')	A-	A-	0.0	major triad	(0, 3, 8)	E-	E-	4	None
96.0	96	0.5	1/2	33	A-4	68	True	P1-Staff2	1	33.0	2.0	65.0	IV	True	('A-', 'C', 'E-')	A-	A-	0.0	major triad	(0, 3, 8)	E-	E-	4	None
96.0	96	0.5	1/2	33	C5	72	True	P1-Staff2	1	33.0	2.0	65.0	IV	True	('A-', 'C', 'E-')	A-	A-	0.0	major triad	(0, 3, 8)	E-	E-	4	None
96.125	769/8	0.125	1/8	33	B-5	82	True	P1-Staff2	6	33.0	2.0	65.0	IV	False	('A-', 'C', 'E-')	A-	A-	0.0	major triad	(0, 3, 8)	E-	E-	4	None
96.25	385/4	0.125	1/8	33	A-5	80	True	P1-Staff2	6	33.0	2.0	65.0	IV	False	('A-', 'C', 'E-')	A-	A-	0.0	major triad	(0, 3, 8)	E-	E-	4	None
96.375	771/8	0.125	1/8	33	G5	79	True	P1-Staff2	6	33.0	2.0	65.0	IV	False	('A-', 'C', 'E-')	A-	A-	0.0	major triad	(0, 3, 8)	E-	E-	4	None
96.5	193/2	0.125	1/8	33	G-5	78	True	P1-Staff2	6	33.0	2.0	65.0	IV	False	('A-', 'C', 'E-')	A-	A-	0.0	major triad	(0, 3, 8)	E-	E-	4	None
96.625	773/8	0.125	1/8	33	F5	77	True	P1-Staff2	6	33.0	2.0	65.0	IV	False	('A-', 'C', 'E-')	A-	A-	0.0	major triad	(0, 3, 8)	E-	E-	4	None
96.75	387/4	0.125	1/8	33	E5	76	True	P1-Staff2	6	33.0	2.0	65.0	IV	False	('A-', 'C', 'E-')	A-	A-	0.0	major triad	(0, 3, 8)	E-	E-	4	None
96.875	775/8	0.125	1/8	33	E-5	75	True	P1-Staff2	6	33.0	2.0	65.0	IV	False	('A-', 'C', 'E-')	A-	A-	0.0	major triad	(0, 3, 8)	E-	E-	4	None
97.0	97	0.125	1/8	33	D5	74	True	P1-Staff2	6	33.0	2.0	65.0	IV	False	('A-', 'C', 'E-')	A-	A-	0.0	major triad	(0, 3, 8)	E-	E-	4	None
97.125	777/8	0.125	1/8	33	D-5	73	True	P1-Staff2	6	33.0	2.0	65.0	IV	False	('A-', 'C', 'E-')	A-	A-	0.0	major triad	(0, 3, 8)	E-	E-	4	None
97.25	389/4	0.125	1/8	33	C5	72	True	P1-Staff2	6	33.0	2.0	65.0	IV	False	('A-', 'C', 'E-')	A-	A-	0.0	major triad	(0, 3, 8)	E-	E-	4	None
97.375	779/8	0.125	1/8	33	C-5	71	True	P1-Staff2	6	33.0	2.0	65.0	IV	False	('A-', 'C', 'E-')	A-	A-	0.0	major triad	(0, 3, 8)	E-	E-	4	None
97.5	195/2	0.125	1/8	33	B-4	70	True	P1-Staff2	6	33.0	2.0	65.0	IV	False	('A-', 'C', 'E-')	A-	A-	0.0	major triad	(0, 3, 8)	E-	E-	4	None
97.625	781/8	0.125	1/8	33	A-4	68	True	P1-Staff2	6	33.0	2.0	65.0	IV	False	('A-', 'C', 'E-')	A-	A-	0.0	major triad	(0, 3, 8)	E-	E-	4	None
97.75	391/4	0.125	1/8	33	G4	67	True	P1-Staff2	6	33.0	2.0	65.0	IV	False	('A-', 'C', 'E-')	A-	A-	0.0	major triad	(0, 3, 8)	E-	E-	4	None
97.75	391/4	0.25	1/4	33	A2	45	True	P1-Staff2	1	33.0	2.0	65.0	IV	False	('A-', 'C', 'E-')	A-	A-	0.0	major triad	(0, 3, 8)	E-	E-	4	None
97.75	391/4	0.25	1/4	33	E-3	51	True	P1-Staff2	1	33.0	2.0	65.0	IV	False	('A-', 'C', 'E-')	A-	A-	0.0	major triad	(0, 3, 8)	E-	E-	4	None
97.75	391/4	0.25	1/4	33	F3	53	True	P1-Staff2	1	33.0	2.0	65.0	IV	False	('A-', 'C', 'E-')	A-	A-	0.0	major triad	(0, 3, 8)	E-	E-	4	None
97.875	783/8	0.125	1/8	33	F4	65	True	P1-Staff2	6	33.0	2.0	65.0	IV	False	('A-', 'C', 'E-')	A-	A-	0.0	major triad	(0, 3, 8)	E-	E-	4	None
98.0	98	0.5	1/2	33	D4	62	True	P1-Staff2	1	33.0	1.0	66.0	V7	True	('B-', 'D', 'F', 'A-')	B-	B-	0.0	dominant seventh chord	(2, 5, 8, 10)	E-	E-	5	None
98.0	98	0.5	1/2	33	B-4	70	True	P1-Staff2	1	33.0	1.0	66.0	V7	True	('B-', 'D', 'F', 'A-')	B-	B-	0.0	dominant seventh chord	(2, 5, 8, 10)	E-	E-	5	None
98.0	98	0.5	1/2	33	B-2	46	True	P1-Staff2	1	33.0	1.0	66.0	V7	True	('B-', 'D', 'F', 'A-')	B-	B-	0.0	dominant seventh chord	(2, 5, 8, 10)	E-	E-	5	None
98.0	98	0.5	1/2	33	F3	53	True	P1-Staff2	1	33.0	1.0	66.0	V7	True	('B-', 'D', 'F', 'A-')	B-	B-	0.0	dominant seventh chord	(2, 5, 8, 10)	E-	E-	5	None
98.75	395/4	0.25	1/4	33	D4	62	True	P1-Staff2	1	33.0	1.0	66.0	V7	False	('B-', 'D', 'F', 'A-')	B-	B-	0.0	dominant seventh chord	(2, 5, 8, 10)	E-	E-	5	None
98.75	395/4	0.25	1/4	33	B-4	70	True	P1-Staff2	1	33.0	1.0	66.0	V7	False	('B-', 'D', 'F', 'A-')	B-	B-	0.0	dominant seventh chord	(2, 5, 8, 10)	E-	E-	5	None
98.75	395/4	0.25	1/4	33	B-2	46	True	P1-Staff2	1	33.0	1.0	66.0	V7	False	('B-', 'D', 'F', 'A-')	B-	B-	0.0	dominant seventh chord	(2, 5, 8, 10)	E-	E-	5	None
98.75	395/4	0.25	1/4	33	A-3	56	True	P1-Staff2	1	33.0	1.0	66.0	V7	False	('B-', 'D', 'F', 'A-')	B-	B-	0.0	dominant seventh chord	(2, 5, 8, 10)	E-	E-	5	None
99.0	99	0.5	1/2	34	B-4	70	True	P1-Staff2	1	34.0	2.0	67.0	I	True	('E-', 'G', 'B-')	E-	E-	0.0	major triad	(3, 7, 10)	E-	E-	1	None
99.0	99	2.0	2	34	E-4	63	True	P1-Staff2	2	34.0	2.0	67.0	I	True	('E-', 'G', 'B-')	E-	E-	0.0	major triad	(3, 7, 10)	E-	E-	1	None
99.0	99	0.5	1/2	34	G3	55	True	P1-Staff2	5	34.0	2.0	67.0	I	True	('E-', 'G', 'B-')	E-	E-	0.0	major triad	(3, 7, 10)	E-	E-	1	None
99.0	99	1.0	1	34	E-3	51	True	P1-Staff2	6	34.0	2.0	67.0	I	True	('E-', 'G', 'B-')	E-	E-	0.0	major triad	(3, 7, 10)	E-	E-	1	None
99.5	199/2	0.25	1/4	34	C5	72	True	P1-Staff2	1	34.0	2.0	67.0	I	False	('E-', 'G', 'B-')	E-	E-	0.0	major triad	(3, 7, 10)	E-	E-	1	None
99.5	199/2	0.25	1/4	34	A-3	56	True	P1-Staff2	5	34.0	2.0	67.0	I	False	('E-', 'G', 'B-')	E-	E-	0.0	major triad	(3, 7, 10)	E-	E-	1	None
99.75	399/4	0.25	1/4	34	B-4	70	True	P1-Staff2	1	34.0	2.0	67.0	I	False	('E-', 'G', 'B-')	E-	E-	0.0	major triad	(3, 7, 10)	E-	E-	1	None
99.75	399/4	0.25	1/4	34	G3	55	True	P1-Staff2	5	34.0	2.0	67.0	I	False	('E-', 'G', 'B-')	E-	E-	0.0	major triad	(3, 7, 10)	E-	E-	1	None
100.0	100	0.25	1/4	34	A-4	68	True	P1-Staff2	1	34.0	2.0	67.0	I	False	('E-', 'G', 'B-')	E-	E-	0.0	major triad	(3, 7, 10)	E-	E-	1	None
100.0	100	0.25	1/4	34	F3	53	True	P1-Staff2	5	34.0	2.0	67.0	I	False	('E-', 'G', 'B-')	E-	E-	0.0	major triad	(3, 7, 10)	E-	E-	1	None
100.0	100	0.25	1/4	34	E-3	51	False	P1-Staff2	6	34.0	2.0	67.0	I	False	('E-', 'G', 'B-')	E-	E-	0.0	major triad	(3, 7, 10)	E-	E-	1	None
100.25	401/4	0.25	1/4	34	G4	67	True	P1-Staff2	1	34.0	2.0	67.0	I	False	('E-', 'G', 'B-')	E-	E-	0.0	major triad	(3, 7, 10)	E-	E-	1	None
100.25	401/4	0.25	1/4	34	E-3	51	True	P1-Staff2	5	34.0	2.0	67.0	I	False	('E-', 'G', 'B-')	E-	E-	0.0	major triad	(3, 7, 10)	E-	E-	1	None
100.5	201/2	0.25	1/4	34	F4	65	True	P1-Staff2	1	34.0	2.0	67.0	I	False	('E-', 'G', 'B-')	E-	E-	0.0	major triad	(3, 7, 10)	E-	E-	1	None
100.5	201/2	0.25	1/4	34	D3	50	True	P1-Staff2	5	34.0	2.0	67.0	I	False	('E-', 'G', 'B-')	E-	E-	0.0	major triad	(3, 7, 10)	E-	E-	1	None
100.75	403/4	0.25	1/4	34	G4	67	True	P1-Staff2	1	34.0	2.0	67.0	I	False	('E-', 'G', 'B-')	E-	E-	0.0	major triad	(3, 7, 10)	E-	E-	1	None
100.75	403/4	0.25	1/4	34	E-3	51	True	P1-Staff2	5	34.0	2.0	67.0	I	False	('E-', 'G', 'B-')	E-	E-	0.0	major triad	(3, 7, 10)	E-	E-	1	None
101.0	101	1.0	1	34	A-4	68	True	P1-Staff2	1	34.0	1.0	68.0	V7	True	('B-', 'D', 'F', 'A-')	B-	B-	0.0	dominant seventh chord	(2, 5, 8, 10)	E-	E-	5	None
101.0	101	0.25	1/4	34	E-4	63	False	P1-Staff2	2	34.0	1.0	68.0	V7	True	('B-', 'D', 'F', 'A-')	B-	B-	0.0	dominant seventh chord	(2, 5, 8, 10)	E-	E-	5	None
101.0	101	1.0	1	34	F3	53	True	P1-Staff2	5	34.0	1.0	68.0	V7	True	('B-', 'D', 'F', 'A-')	B-	B-	0.0	dominant seventh chord	(2, 5, 8, 10)	E-	E-	5	None
101.0	101	1.0	1	34	B-2	46	True	P1-Staff2	6	34.0	1.0	68.0	V7	True	('B-', 'D', 'F', 'A-')	B-	B-	0.0	dominant seventh chord	(2, 5, 8, 10)	E-	E-	5	None
101.25	405/4	0.25	1/4	34	C4	60	True	P1-Staff2	2	34.0	1.0	68.0	V7	False	('B-', 'D', 'F', 'A-')	B-	B-	0.0	dominant seventh chord	(2, 5, 8, 10)	E-	E-	5	None
101.5	203/2	0.25	1/4	34	E-4	63	True	P1-Staff2	2	34.0	1.0	68.0	V7	False	('B-', 'D', 'F', 'A-')	B-	B-	0.0	dominant seventh chord	(2, 5, 8, 10)	E-	E-	5	None
101.75	407/4	0.25	1/4	34	D4	62	True	P1-Staff2	2	34.0	1.0	68.0	V7	False	('B-', 'D', 'F', 'A-')	B-	B-	0.0	dominant seventh chord	(2, 5, 8, 10)	E-	E-	5	None
102.0	102	0.25	1/4	35	E-4	63	True	P1-Staff2	1	35.0	2.0	69.0	I	True	('E-', 'G', 'B-')	E-	E-	0.0	major triad	(3, 7, 10)	E-	E-	1	None
102.0	102	0.25	1/4	35	G4	67	True	P1-Staff2	1	35.0	2.0	69.0	I	True	('E-', 'G', 'B-')	E-	E-	0.0	major triad	(3, 7, 10)	E-	E-	1	None
102.0	102	0.25	1/4	35	E-3	51	True	P1-Staff2	5	35.0	2.0	69.0	I	True	('E-', 'G', 'B-')	E-	E-	0.0	major triad	(3, 7, 10)	E-	E-	1	None
102.0	102	1.0	1	35	E-2	39	True	P1-Staff2	6	35.0	2.0	69.0	I	True	('E-', 'G', 'B-')	E-	E-	0.0	major triad	(3, 7, 10)	E-	E-	1	None
102.25	409/4	0.25	1/4	35	B-3	58	True	P1-Staff2	1	35.0	2.0	69.0	I	False	('E-', 'G', 'B-')	E-	E-	0.0	major triad	(3, 7, 10)	E-	E-	1	None
102.25	409/4	0.25	1/4	35	G2	43	True	P1-Staff2	5	35.0	2.0	69.0	I	False	('E-', 'G', 'B-')	E-	E-	0.0	major triad	(3, 7, 10)	E-	E-	1	None
102.5	205/2	0.25	1/4	35	C4	60	True	P1-Staff2	1	35.0	2.0	69.0	I	False	('E-', 'G', 'B-')	E-	E-	0.0	major triad	(3, 7, 10)	E-	E-	1	None
102.5	205/2	0.25	1/4	35	A-2	44	True	P1-Staff2	5	35.0	2.0	69.0	I	False	('E-', 'G', 'B-')	E-	E-	0.0	major triad	(3, 7, 10)	E-	E-	1	None
102.75	411/4	0.25	1/4	35	B-3	58	True	P1-Staff2	1	35.0	2.0	69.0	I	False	('E-', 'G', 'B-')	E-	E-	0.0	major triad	(3, 7, 10)	E-	E-	1	None
102.75	411/4	0.25	1/4	35	G2	43	True	P1-Staff2	5	35.0	2.0	69.0	I	False	('E-', 'G', 'B-')	E-	E-	0.0	major triad	(3, 7, 10)	E-	E-	1	None
103.0	103	0.25	1/4	35	A-3	56	True	P1-Staff2	1	35.0	2.0	69.0	I	False	('E-', 'G', 'B-')	E-	E-	0.0	major triad	(3, 7, 10)	E-	E-	1	None
103.0	103	0.25	1/4	35	F2	41	True	P1-Staff2	5	35.0	2.0	69.0	I	False	('E-', 'G', 'B-')	E-	E-	0.0	major triad	(3, 7, 10)	E-	E-	1	None
103.0	103	0.25	1/4	35	E-2	39	False	P1-Staff2	6	35.0	2.0	69.0	I	False	('E-', 'G', 'B-')	E-	E-	0.0	major triad	(3, 7, 10)	E-	E-	1	None
103.25	413/4	0.25	1/4	35	G3	55	True	P1-Staff2	1	35.0	2.0	69.0	I	False	('E-', 'G', 'B-')	E-	E-	0.0	major triad	(3, 7, 10)	E-	E-	1	None
103.25	413/4	0.25	1/4	35	E-2	39	True	P1-Staff2	5	35.0	2.0	69.0	I	False	('E-', 'G', 'B-')	E-	E-	0.0	major triad	(3, 7, 10)	E-	E-	1	None
103.5	207/2	0.25	1/4	35	F3	53	True	P1-Staff2	1	35.0	2.0	69.0	I	False	('E-', 'G', 'B-')	E-	E-	0.0	major triad	(3, 7, 10)	E-	E-	1	None
103.5	207/2	0.25	1/4	35	D2	38	True	P1-Staff2	5	35.0	2.0	69.0	I	False	('E-', 'G', 'B-')	E-	E-	0.0	major triad	(3, 7, 10)	E-	E-	1	None
103.75	415/4	0.25	1/4	35	G3	55	True	P1-Staff2	1	35.0	2.0	69.0	I	False	('E-', 'G', 'B-')	E-	E-	0.0	major triad	(3, 7, 10)	E-	E-	1	None
103.75	415/4	0.25	1/4	35	E-2	39	True	P1-Staff2	5	35.0	2.0	69.0	I	False	('E-', 'G', 'B-')	E-	E-	0.0	major triad	(3, 7, 10)	E-	E-	1	None
104.0	104	0.25	1/4	35	E-4	63	True	P1-Staff2	1	35.0	1.0	70.0	V7	True	('B-', 'D', 'F', 'A-')	B-	B-	0.0	dominant seventh chord	(2, 5, 8, 10)	E-	E-	5	None
104.0	104	1.0	1	35	A-3	56	True	P1-Staff2	2	35.0	1.0	70.0	V7	True	('B-', 'D', 'F', 'A-')	B-	B-	0.0	dominant seventh chord	(2, 5, 8, 10)	E-	E-	5	None
104.0	104	1.0	1	35	B-1	34	True	P1-Staff2	1	35.0	1.0	70.0	V7	True	('B-', 'D', 'F', 'A-')	B-	B-	0.0	dominant seventh chord	(2, 5, 8, 10)	E-	E-	5	None
104.0	104	1.0	1	35	F2	41	True	P1-Staff2	1	35.0	1.0	70.0	V7	True	('B-', 'D', 'F', 'A-')	B-	B-	0.0	dominant seventh chord	(2, 5, 8, 10)	E-	E-	5	None
104.25	417/4	0.25	1/4	35	C4	60	True	P1-Staff2	1	35.0	1.0	70.0	V7	False	('B-', 'D', 'F', 'A-')	B-	B-	0.0	dominant seventh chord	(2, 5, 8, 10)	E-	E-	5	None
104.5	209/2	0.25	1/4	35	E-4	63	True	P1-Staff2	1	35.0	1.0	70.0	V7	False	('B-', 'D', 'F', 'A-')	B-	B-	0.0	dominant seventh chord	(2, 5, 8, 10)	E-	E-	5	None
104.75	419/4	0.25	1/4	35	D4	62	True	P1-Staff2	1	35.0	1.0	70.0	V7	False	('B-', 'D', 'F', 'A-')	B-	B-	0.0	dominant seventh chord	(2, 5, 8, 10)	E-	E-	5	None
105.0	105	0.25	1/4	36	F4	65	True	P1-Staff2	1	36.0	3.0	71.0	I	True	('E-', 'G', 'B-')	E-	E-	0.0	major triad	(3, 7, 10)	E-	E-	1	None
105.0	105	1.0	1	36	G3	55	True	P1-Staff2	2	36.0	3.0	71.0	I	True	('E-', 'G', 'B-')	E-	E-	0.0	major triad	(3, 7, 10)	E-	E-	1	None
105.0	105	1.0	1	36	E-2	39	True	P1-Staff2	1	36.0	3.0	71.0	I	True	('E-', 'G', 'B-')	E-	E-	0.0	major triad	(3, 7, 10)	E-	E-	1	None
105.0	105	1.0	1	36	G2	43	True	P1-Staff2	1	36.0	3.0	71.0	I	True	('E-', 'G', 'B-')	E-	E-	0.0	major triad	(3, 7, 10)	E-	E-	1	None
105.25	421/4	0.25	1/4	36	D4	62	True	P1-Staff2	1	36.0	3.0	71.0	I	False	('E-', 'G', 'B-')	E-	E-	0.0	major triad	(3, 7, 10)	E-	E-	1	None
105.5	211/2	0.25	1/4	36	F4	65	True	P1-Staff2	1	36.0	3.0	71.0	I	False	('E-', 'G', 'B-')	E-	E-	0.0	major triad	(3, 7, 10)	E-	E-	1	None
105.75	423/4	0.25	1/4	36	E-4	63	True	P1-Staff2	1	36.0	3.0	71.0	I	False	('E-', 'G', 'B-')	E-	E-	0.0	major triad	(3, 7, 10)	E-	E-	1	None
106.0	106	0.25	1/4	36	A-4	68	True	P1-Staff2	1	36.0	3.0	71.0	I	False	('E-', 'G', 'B-')	E-	E-	0.0	major triad	(3, 7, 10)	E-	E-	1	None
106.0	106	2.0	2	36	E-2	39	True	P1-Staff2	1	36.0	3.0	71.0	I	False	('E-', 'G', 'B-')	E-	E-	0.0	major triad	(3, 7, 10)	E-	E-	1	None
106.0	106	2.0	2	36	G2	43	True	P1-Staff2	1	36.0	3.0	71.0	I	False	('E-', 'G', 'B-')	E-	E-	0.0	major triad	(3, 7, 10)	E-	E-	1	None
106.0	106	2.0	2	36	B-2	46	True	P1-Staff2	1	36.0	3.0	71.0	I	False	('E-', 'G', 'B-')	E-	E-	0.0	major triad	(3, 7, 10)	E-	E-	1	None
106.0	106	2.0	2	36	E-3	51	True	P1-Staff2	1	36.0	3.0	71.0	I	False	('E-', 'G', 'B-')	E-	E-	0.0	major triad	(3, 7, 10)	E-	E-	1	None
106.25	425/4	0.25	1/4	36	F4	65	True	P1-Staff2	1	36.0	3.0	71.0	I	False	('E-', 'G', 'B-')	E-	E-	0.0	major triad	(3, 7, 10)	E-	E-	1	None
106.5	213/2	0.25	1/4	36	A-4	68	True	P1-Staff2	1	36.0	3.0	71.0	I	False	('E-', 'G', 'B-')	E-	E-	0.0	major triad	(3, 7, 10)	E-	E-	1	None
106.75	427/4	0.25	1/4	36	G4	67	True	P1-Staff2	1	36.0	3.0	71.0	I	False	('E-', 'G', 'B-')	E-	E-	0.0	major triad	(3, 7, 10)	E-	E-	1	None
107.0	107	0.25	1/4	36	C5	72	True	P1-Staff2	1	36.0	3.0	71.0	I	False	('E-', 'G', 'B-')	E-	E-	0.0	major triad	(3, 7, 10)	E-	E-	1	None
107.25	429/4	0.25	1/4	36	A4	69	True	P1-Staff2	1	36.0	3.0	71.0	I	False	('E-', 'G', 'B-')	E-	E-	0.0	major triad	(3, 7, 10)	E-	E-	1	None
107.5	215/2	0.25	1/4	36	C5	72	True	P1-Staff2	1	36.0	3.0	71.0	I	False	('E-', 'G', 'B-')	E-	E-	0.0	major triad	(3, 7, 10)	E-	E-	1	None
107.75	431/4	0.25	1/4	36	B-4	70	True	P1-Staff2	1	36.0	3.0	71.0	I	False	('E-', 'G', 'B-')	E-	E-	0.0	major triad	(3, 7, 10)	E-	E-	1	None
108.0	108	0.25	1/4	37	F5	77	True	P1-Staff2	2	37.0	3.0	72.0	I	True	('E-', 'G', 'B-')	E-	E-	0.0	major triad	(3, 7, 10)	E-	E-	1	None
108.0	108	1.0	1	37	E-2	39	False	P1-Staff2	1	37.0	3.0	72.0	I	True	('E-', 'G', 'B-')	E-	E-	0.0	major triad	(3, 7, 10)	E-	E-	1	None
108.0	108	1.0	1	37	G2	43	False	P1-Staff2	1	37.0	3.0	72.0	I	True	('E-', 'G', 'B-')	E-	E-	0.0	major triad	(3, 7, 10)	E-	E-	1	None
108.0	108	1.0	1	37	B-2	46	False	P1-Staff2	1	37.0	3.0	72.0	I	True	('E-', 'G', 'B-')	E-	E-	0.0	major triad	(3, 7, 10)	E-	E-	1	None
108.0	108	1.0	1	37	E-3	51	False	P1-Staff2	1	37.0	3.0	72.0	I	True	('E-', 'G', 'B-')	E-	E-	0.0	major triad	(3, 7, 10)	E-	E-	1	None
108.25	433/4	0.25	1/4	37	D5	74	True	P1-Staff2	2	37.0	3.0	72.0	I	False	('E-', 'G', 'B-')	E-	E-	0.0	major triad	(3, 7, 10)	E-	E-	1	None
108.5	217/2	0.25	1/4	37	F5	77	True	P1-Staff2	2	37.0	3.0	72.0	I	False	('E-', 'G', 'B-')	E-	E-	0.0	major triad	(3, 7, 10)	E-	E-	1	None
108.75	435/4	0.25	1/4	37	E-5	75	True	P1-Staff2	2	37.0	3.0	72.0	I	False	('E-', 'G', 'B-')	E-	E-	0.0	major triad	(3, 7, 10)	E-	E-	1	None
109.0	109	0.25	1/4	37	A-5	80	True	P1-Staff2	2	37.0	3.0	72.0	I	False	('E-', 'G', 'B-')	E-	E-	0.0	major triad	(3, 7, 10)	E-	E-	1	None
109.0	109	1.0	1	37	E-3	51	True	P1-Staff2	1	37.0	3.0	72.0	I	False	('E-', 'G', 'B-')	E-	E-	0.0	major triad	(3, 7, 10)	E-	E-	1	None
109.0	109	1.0	1	37	G3	55	True	P1-Staff2	1	37.0	3.0	72.0	I	False	('E-', 'G', 'B-')	E-	E-	0.0	major triad	(3, 7, 10)	E-	E-	1	None
109.0	109	1.0	1	37	B-3	58	True	P1-Staff2	1	37.0	3.0	72.0	I	False	('E-', 'G', 'B-')	E-	E-	0.0	major triad	(3, 7, 10)	E-	E-	1	None
109.0	109	1.0	1	37	E-4	63	True	P1-Staff2	1	37.0	3.0	72.0	I	False	('E-', 'G', 'B-')	E-	E-	0.0	major triad	(3, 7, 10)	E-	E-	1	None
109.25	437/4	0.25	1/4	37	F5	77	True	P1-Staff2	2	37.0	3.0	72.0	I	False	('E-', 'G', 'B-')	E-	E-	0.0	major triad	(3, 7, 10)	E-	E-	1	None
109.5	219/2	0.25	1/4	37	A-5	80	True	P1-Staff2	2	37.0	3.0	72.0	I	False	('E-', 'G', 'B-')	E-	E-	0.0	major triad	(3, 7, 10)	E-	E-	1	None
109.75	439/4	0.25	1/4	37	G5	79	True	P1-Staff2	2	37.0	3.0	72.0	I	False	('E-', 'G', 'B-')	E-	E-	0.0	major triad	(3, 7, 10)	E-	E-	1	None
110.0	110	0.25	1/4	37	C6	84	True	P1-Staff2	2	37.0	3.0	72.0	I	False	('E-', 'G', 'B-')	E-	E-	0.0	major triad	(3, 7, 10)	E-	E-	1	None
110.0	110	1.0	1	37	E-3	51	True	P1-Staff2	1	37.0	3.0	72.0	I	False	('E-', 'G', 'B-')	E-	E-	0.0	major triad	(3, 7, 10)	E-	E-	1	None
110.0	110	1.0	1	37	G3	55	True	P1-Staff2	1	37.0	3.0	72.0	I	False	('E-', 'G', 'B-')	E-	E-	0.0	major triad	(3, 7, 10)	E-	E-	1	None
110.0	110	1.0	1	37	B-3	58	True	P1-Staff2	1	37.0	3.0	72.0	I	False	('E-', 'G', 'B-')	E-	E-	0.0	major triad	(3, 7, 10)	E-	E-	1	None
110.0	110	1.0	1	37	E-4	63	True	P1-Staff2	1	37.0	3.0	72.0	I	False	('E-', 'G', 'B-')	E-	E-	0.0	major triad	(3, 7, 10)	E-	E-	1	None
110.25	441/4	0.25	1/4	37	A5	81	True	P1-Staff2	2	37.0	3.0	72.0	I	False	('E-', 'G', 'B-')	E-	E-	0.0	major triad	(3, 7, 10)	E-	E-	1	None
110.5	221/2	0.25	1/4	37	C6	84	True	P1-Staff2	2	37.0	3.0	72.0	I	False	('E-', 'G', 'B-')	E-	E-	0.0	major triad	(3, 7, 10)	E-	E-	1	None
110.75	443/4	0.25	1/4	37	B-5	82	True	P1-Staff2	2	37.0	3.0	72.0	I	False	('E-', 'G', 'B-')	E-	E-	0.0	major triad	(3, 7, 10)	E-	E-	1	None
111.0	111	3.0	3	38	E-6	87	True	P1-Staff2	1	38.0	3.0	73.0	I	True	('E-', 'G', 'B-')	E-	E-	0.0	major triad	(3, 7, 10)	E-	E-	1	None
111.0	111	2.0	2	38	E-6	87	True	P1-Staff2	2	38.0	3.0	73.0	I	True	('E-', 'G', 'B-')	E-	E-	0.0	major triad	(3, 7, 10)	E-	E-	1	None
111.0	111	1.0	1	38	E-3	51	True	P1-Staff2	1	38.0	3.0	73.0	I	True	('E-', 'G', 'B-')	E-	E-	0.0	major triad	(3, 7, 10)	E-	E-	1	None
111.0	111	1.0	1	38	G3	55	True	P1-Staff2	1	38.0	3.0	73.0	I	True	('E-', 'G', 'B-')	E-	E-	0.0	major triad	(3, 7, 10)	E-	E-	1	None
111.0	111	1.0	1	38	B-3	58	True	P1-Staff2	1	38.0	3.0	73.0	I	True	('E-', 'G', 'B-')	E-	E-	0.0	major triad	(3, 7, 10)	E-	E-	1	None
111.0	111	1.0	1	38	E-4	63	True	P1-Staff2	1	38.0	3.0	73.0	I	True	('E-', 'G', 'B-')	E-	E-	0.0	major triad	(3, 7, 10)	E-	E-	1	None
112.0	112	1.0	1	38	E-2	39	True	P1-Staff2	5	38.0	3.0	73.0	I	False	('E-', 'G', 'B-')	E-	E-	0.0	major triad	(3, 7, 10)	E-	E-	1	None
112.0	112	2.0	2	38	E-2	39	True	P1-Staff2	6	38.0	3.0	73.0	I	False	('E-', 'G', 'B-')	E-	E-	0.0	major triad	(3, 7, 10)	E-	E-	1	None
113.0	113	1.0	1	38	E-5	75	True	P1-Staff2	2	38.0	3.0	73.0	I	False	('E-', 'G', 'B-')	E-	E-	0.0	major triad	(3, 7, 10)	E-	E-	1	None
113.0	113	1.0	1	38	E-3	51	True	P1-Staff2	5	38.0	3.0	73.0	I	False	('E-', 'G', 'B-')	E-	E-	0.0	major triad	(3, 7, 10)	E-	E-	1	None
114.0	114	3.0	3	39	D-6	85	True	P1-Staff2	1	39.0	3.0	74.0	VI	True	('D-', 'F', 'A-')	D-	D-	0.0	major triad	(1, 5, 8)	f	f	6	None
114.0	114	2.0	2	39	D-6	85	True	P1-Staff2	2	39.0	3.0	74.0	VI	True	('D-', 'F', 'A-')	D-	D-	0.0	major triad	(1, 5, 8)	f	f	6	None
114.0	114	1.0	1	39	D-2	37	True	P1-Staff2	5	39.0	3.0	74.0	VI	True	('D-', 'F', 'A-')	D-	D-	0.0	major triad	(1, 5, 8)	f	f	6	None
114.0	114	3.0	3	39	D-2	37	True	P1-Staff2	6	39.0	3.0	74.0	VI	True	('D-', 'F', 'A-')	D-	D-	0.0	major triad	(1, 5, 8)	f	f	6	None
115.0	115	2.0	2	39	D-3	49	True	P1-Staff2	5	39.0	3.0	74.0	VI	False	('D-', 'F', 'A-')	D-	D-	0.0	major triad	(1, 5, 8)	f	f	6	None
116.0	116	1.0	1	39	D-5	73	True	P1-Staff2	2	39.0	3.0	74.0	VI	False	('D-', 'F', 'A-')	D-	D-	0.0	major triad	(1, 5, 8)	f	f	6	None
117.0	117	1.5	3/2	40	C5	72	True	P1-Staff2	1	40.0	3.0	75.0	i	True	('F', 'A-', 'C')	F	F	0.0	minor triad	(0, 5, 8)	f	f	1	None
117.0	117	1.5	3/2	40	C6	84	True	P1-Staff2	1	40.0	3.0	75.0	i	True	('F', 'A-', 'C')	F	F	0.0	minor triad	(0, 5, 8)	f	f	1	None
117.0	117	0.25	1/4	40	C2	36	True	P1-Staff2	1	40.0	3.0	75.0	i	True	('F', 'A-', 'C')	F	F	0.0	minor triad	(0, 5, 8)	f	f	1	None
117.0	117	0.25	1/4	40	C3	48	True	P1-Staff2	1	40.0	3.0	75.0	i	True	('F', 'A-', 'C')	F	F	0.0	minor triad	(0, 5, 8)	f	f	1	None
117.25	469/4	0.25	1/4	40	F3	53	True	P1-Staff2	1	40.0	3.0	75.0	i	False	('F', 'A-', 'C')	F	F	0.0	minor triad	(0, 5, 8)	f	f	1	None
117.25	469/4	0.25	1/4	40	A-3	56	True	P1-Staff2	1	40.0	3.0	75.0	i	False	('F', 'A-', 'C')	F	F	0.0	minor triad	(0, 5, 8)	f	f	1	None
117.5	235/2	0.25	1/4	40	F3	53	True	P1-Staff2	1	40.0	3.0	75.0	i	False	('F', 'A-', 'C')	F	F	0.0	minor triad	(0, 5, 8)	f	f	1	None
117.5	235/2	0.25	1/4	40	A-3	56	True	P1-Staff2	1	40.0	3.0	75.0	i	False	('F', 'A-', 'C')	F	F	0.0	minor triad	(0, 5, 8)	f	f	1	None
117.75	471/4	0.25	1/4	40	F3	53	True	P1-Staff2	1	40.0	3.0	75.0	i	False	('F', 'A-', 'C')	F	F	0.0	minor triad	(0, 5, 8)	f	f	1	None
117.75	471/4	0.25	1/4	40	A-3	56	True	P1-Staff2	1	40.0	3.0	75.0	i	False	('F', 'A-', 'C')	F	F	0.0	minor triad	(0, 5, 8)	f	f	1	None
118.0	118	0.25	1/4	40	C3	48	True	P1-Staff2	6	40.0	3.0	75.0	i	False	('F', 'A-', 'C')	F	F	0.0	minor triad	(0, 5, 8)	f	f	1	None
118.25	473/4	0.25	1/4	40	F3	53	True	P1-Staff2	1	40.0	3.0	75.0	i	False	('F', 'A-', 'C')	F	F	0.0	minor triad	(0, 5, 8)	f	f	1	None
118.25	473/4	0.25	1/4	40	A-3	56	True	P1-Staff2	1	40.0	3.0	75.0	i	False	('F', 'A-', 'C')	F	F	0.0	minor triad	(0, 5, 8)	f	f	1	None
118.5	237/2	0.5	1/2	40	A-5	80	True	P1-Staff2	2	40.0	3.0	75.0	i	False	('F', 'A-', 'C')	F	F	0.0	minor triad	(0, 5, 8)	f	f	1	None
118.5	237/2	0.25	1/4	40	F3	53	True	P1-Staff2	1	40.0	3.0	75.0	i	False	('F', 'A-', 'C')	F	F	0.0	minor triad	(0, 5, 8)	f	f	1	None
118.5	237/2	0.25	1/4	40	A-3	56	True	P1-Staff2	1	40.0	3.0	75.0	i	False	('F', 'A-', 'C')	F	F	0.0	minor triad	(0, 5, 8)	f	f	1	None
118.75	475/4	0.25	1/4	40	F3	53	True	P1-Staff2	1	40.0	3.0	75.0	i	False	('F', 'A-', 'C')	F	F	0.0	minor triad	(0, 5, 8)	f	f	1	None
118.75	475/4	0.25	1/4	40	A-3	56	True	P1-Staff2	1	40.0	3.0	75.0	i	False	('F', 'A-', 'C')	F	F	0.0	minor triad	(0, 5, 8)	f	f	1	None
119.0	119	0.75	3/4	40	A-5	80	True	P1-Staff2	2	40.0	3.0	75.0	i	False	('F', 'A-', 'C')	F	F	0.0	minor triad	(0, 5, 8)	f	f	1	None
119.0	119	0.25	1/4	40	C3	48	True	P1-Staff2	6	40.0	3.0	75.0	i	False	('F', 'A-', 'C')	F	F	0.0	minor triad	(0, 5, 8)	f	f	1	None
119.25	477/4	0.25	1/4	40	F3	53	True	P1-Staff2	1	40.0	3.0	75.0	i	False	('F', 'A-', 'C')	F	F	0.0	minor triad	(0, 5, 8)	f	f	1	None
119.25	477/4	0.25	1/4	40	A-3	56	True	P1-Staff2	1	40.0	3.0	75.0	i	False	('F', 'A-', 'C')	F	F	0.0	minor triad	(0, 5, 8)	f	f	1	None
119.5	239/2	0.25	1/4	40	F3	53	True	P1-Staff2	1	40.0	3.0	75.0	i	False	('F', 'A-', 'C')	F	F	0.0	minor triad	(0, 5, 8)	f	f	1	None
119.5	239/2	0.25	1/4	40	A-3	56	True	P1-Staff2	1	40.0	3.0	75.0	i	False	('F', 'A-', 'C')	F	F	0.0	minor triad	(0, 5, 8)	f	f	1	None
119.75	479/4	0.25	1/4	40	A-5	80	True	P1-Staff2	2	40.0	3.0	75.0	i	False	('F', 'A-', 'C')	F	F	0.0	minor triad	(0, 5, 8)	f	f	1	None
119.75	479/4	0.25	1/4	40	F3	53	True	P1-Staff2	1	40.0	3.0	75.0	i	False	('F', 'A-', 'C')	F	F	0.0	minor triad	(0, 5, 8)	f	f	1	None
119.75	479/4	0.25	1/4	40	A-3	56	True	P1-Staff2	1	40.0	3.0	75.0	i	False	('F', 'A-', 'C')	F	F	0.0	minor triad	(0, 5, 8)	f	f	1	None
120.0	120	1.0	1	41	E5	76	True	P1-Staff2	1	41.0	3.0	76.0	V7	True	('C', 'E', 'G', 'B-')	C	C	0.0	dominant seventh chord	(0, 4, 7, 10)	f	f	5	None
120.0	120	1.0	1	41	G5	79	True	P1-Staff2	1	41.0	3.0	76.0	V7	True	('C', 'E', 'G', 'B-')	C	C	0.0	dominant seventh chord	(0, 4, 7, 10)	f	f	5	None
120.0	120	1.0	1	41	B-5	82	True	P1-Staff2	1	41.0	3.0	76.0	V7	True	('C', 'E', 'G', 'B-')	C	C	0.0	dominant seventh chord	(0, 4, 7, 10)	f	f	5	None
120.0	120	1.0	1	41	D-6	85	True	P1-Staff2	1	41.0	3.0	76.0	V7	True	('C', 'E', 'G', 'B-')	C	C	0.0	dominant seventh chord	(0, 4, 7, 10)	f	f	5	None
120.0	120	0.25	1/4	41	C3	48	True	P1-Staff2	6	41.0	3.0	76.0	V7	True	('C', 'E', 'G', 'B-')	C	C	0.0	dominant seventh chord	(0, 4, 7, 10)	f	f	5	None
120.25	481/4	0.25	1/4	41	G3	55	True	P1-Staff2	1	41.0	3.0	76.0	V7	False	('C', 'E', 'G', 'B-')	C	C	0.0	dominant seventh chord	(0, 4, 7, 10)	f	f	5	None
120.25	481/4	0.25	1/4	41	B-3	58	True	P1-Staff2	1	41.0	3.0	76.0	V7	False	('C', 'E', 'G', 'B-')	C	C	0.0	dominant seventh chord	(0, 4, 7, 10)	f	f	5	None
120.5	241/2	0.25	1/4	41	G3	55	True	P1-Staff2	1	41.0	3.0	76.0	V7	False	('C', 'E', 'G', 'B-')	C	C	0.0	dominant seventh chord	(0, 4, 7, 10)	f	f	5	None
120.5	241/2	0.25	1/4	41	B-3	58	True	P1-Staff2	1	41.0	3.0	76.0	V7	False	('C', 'E', 'G', 'B-')	C	C	0.0	dominant seventh chord	(0, 4, 7, 10)	f	f	5	None
120.75	483/4	0.25	1/4	41	G3	55	True	P1-Staff2	1	41.0	3.0	76.0	V7	False	('C', 'E', 'G', 'B-')	C	C	0.0	dominant seventh chord	(0, 4, 7, 10)	f	f	5	None
120.75	483/4	0.25	1/4	41	B-3	58	True	P1-Staff2	1	41.0	3.0	76.0	V7	False	('C', 'E', 'G', 'B-')	C	C	0.0	dominant seventh chord	(0, 4, 7, 10)	f	f	5	None
121.0	121	2.0	2	41	E5	76	True	P1-Staff2	1	41.0	3.0	76.0	V7	False	('C', 'E', 'G', 'B-')	C	C	0.0	dominant seventh chord	(0, 4, 7, 10)	f	f	5	None
121.0	121	2.0	2	41	G5	79	True	P1-Staff2	1	41.0	3.0	76.0	V7	False	('C', 'E', 'G', 'B-')	C	C	0.0	dominant seventh chord	(0, 4, 7, 10)	f	f	5	None
121.0	121	2.0	2	41	B-5	82	True	P1-Staff2	1	41.0	3.0	76.0	V7	False	('C', 'E', 'G', 'B-')	C	C	0.0	dominant seventh chord	(0, 4, 7, 10)	f	f	5	None
121.0	121	0.25	1/4	41	C3	48	True	P1-Staff2	6	41.0	3.0	76.0	V7	False	('C', 'E', 'G', 'B-')	C	C	0.0	dominant seventh chord	(0, 4, 7, 10)	f	f	5	None
121.25	485/4	0.25	1/4	41	G3	55	True	P1-Staff2	1	41.0	3.0	76.0	V7	False	('C', 'E', 'G', 'B-')	C	C	0.0	dominant seventh chord	(0, 4, 7, 10)	f	f	5	None
121.25	485/4	0.25	1/4	41	B-3	58	True	P1-Staff2	1	41.0	3.0	76.0	V7	False	('C', 'E', 'G', 'B-')	C	C	0.0	dominant seventh chord	(0, 4, 7, 10)	f	f	5	None
121.5	243/2	0.25	1/4	41	G3	55	True	P1-Staff2	1	41.0	3.0	76.0	V7	False	('C', 'E', 'G', 'B-')	C	C	0.0	dominant seventh chord	(0, 4, 7, 10)	f	f	5	None
121.5	243/2	0.25	1/4	41	B-3	58	True	P1-Staff2	1	41.0	3.0	76.0	V7	False	('C', 'E', 'G', 'B-')	C	C	0.0	dominant seventh chord	(0, 4, 7, 10)	f	f	5	None
121.75	487/4	0.25	1/4	41	G3	55	True	P1-Staff2	1	41.0	3.0	76.0	V7	False	('C', 'E', 'G', 'B-')	C	C	0.0	dominant seventh chord	(0, 4, 7, 10)	f	f	5	None
121.75	487/4	0.25	1/4	41	B-3	58	True	P1-Staff2	1	41.0	3.0	76.0	V7	False	('C', 'E', 'G', 'B-')	C	C	0.0	dominant seventh chord	(0, 4, 7, 10)	f	f	5	None
122.0	122	0.25	1/4	41	C3	48	True	P1-Staff2	6	41.0	3.0	76.0	V7	False	('C', 'E', 'G', 'B-')	C	C	0.0	dominant seventh chord	(0, 4, 7, 10)	f	f	5	None
122.25	489/4	0.25	1/4	41	G3	55	True	P1-Staff2	1	41.0	3.0	76.0	V7	False	('C', 'E', 'G', 'B-')	C	C	0.0	dominant seventh chord	(0, 4, 7, 10)	f	f	5	None
122.25	489/4	0.25	1/4	41	B-3	58	True	P1-Staff2	1	41.0	3.0	76.0	V7	False	('C', 'E', 'G', 'B-')	C	C	0.0	dominant seventh chord	(0, 4, 7, 10)	f	f	5	None
122.5	245/2	0.25	1/4	41	G3	55	True	P1-Staff2	1	41.0	3.0	76.0	V7	False	('C', 'E', 'G', 'B-')	C	C	0.0	dominant seventh chord	(0, 4, 7, 10)	f	f	5	None
122.5	245/2	0.25	1/4	41	B-3	58	True	P1-Staff2	1	41.0	3.0	76.0	V7	False	('C', 'E', 'G', 'B-')	C	C	0.0	dominant seventh chord	(0, 4, 7, 10)	f	f	5	None
122.75	491/4	0.25	1/4	41	G3	55	True	P1-Staff2	1	41.0	3.0	76.0	V7	False	('C', 'E', 'G', 'B-')	C	C	0.0	dominant seventh chord	(0, 4, 7, 10)	f	f	5	None
122.75	491/4	0.25	1/4	41	B-3	58	True	P1-Staff2	1	41.0	3.0	76.0	V7	False	('C', 'E', 'G', 'B-')	C	C	0.0	dominant seventh chord	(0, 4, 7, 10)	f	f	5	None
123.0	123	1.5	3/2	42	E5	76	True	P1-Staff2	1	42.0	3.0	77.0	V7	True	('C', 'E', 'G', 'B-')	C	C	0.0	dominant seventh chord	(0, 4, 7, 10)	f	f	5	None
123.0	123	1.5	3/2	42	G5	79	True	P1-Staff2	1	42.0	3.0	77.0	V7	True	('C', 'E', 'G', 'B-')	C	C	0.0	dominant seventh chord	(0, 4, 7, 10)	f	f	5	None
123.0	123	1.5	3/2	42	B-5	82	True	P1-Staff2	1	42.0	3.0	77.0	V7	True	('C', 'E', 'G', 'B-')	C	C	0.0	dominant seventh chord	(0, 4, 7, 10)	f	f	5	None
123.0	123	0.25	1/4	42	C3	48	True	P1-Staff2	6	42.0	3.0	77.0	V7	True	('C', 'E', 'G', 'B-')	C	C	0.0	dominant seventh chord	(0, 4, 7, 10)	f	f	5	None
123.25	493/4	0.25	1/4	42	E3	52	True	P1-Staff2	1	42.0	3.0	77.0	V7	False	('C', 'E', 'G', 'B-')	C	C	0.0	dominant seventh chord	(0, 4, 7, 10)	f	f	5	None
123.25	493/4	0.25	1/4	42	G3	55	True	P1-Staff2	1	42.0	3.0	77.0	V7	False	('C', 'E', 'G', 'B-')	C	C	0.0	dominant seventh chord	(0, 4, 7, 10)	f	f	5	None
123.5	247/2	0.25	1/4	42	E3	52	True	P1-Staff2	1	42.0	3.0	77.0	V7	False	('C', 'E', 'G', 'B-')	C	C	0.0	dominant seventh chord	(0, 4, 7, 10)	f	f	5	None
123.5	247/2	0.25	1/4	42	G3	55	True	P1-Staff2	1	42.0	3.0	77.0	V7	False	('C', 'E', 'G', 'B-')	C	C	0.0	dominant seventh chord	(0, 4, 7, 10)	f	f	5	None
123.75	495/4	0.25	1/4	42	E3	52	True	P1-Staff2	1	42.0	3.0	77.0	V7	False	('C', 'E', 'G', 'B-')	C	C	0.0	dominant seventh chord	(0, 4, 7, 10)	f	f	5	None
123.75	495/4	0.25	1/4	42	G3	55	True	P1-Staff2	1	42.0	3.0	77.0	V7	False	('C', 'E', 'G', 'B-')	C	C	0.0	dominant seventh chord	(0, 4, 7, 10)	f	f	5	None
124.0	124	0.25	1/4	42	C3	48	True	P1-Staff2	6	42.0	3.0	77.0	V7	False	('C', 'E', 'G', 'B-')	C	C	0.0	dominant seventh chord	(0, 4, 7, 10)	f	f	5	None
124.25	497/4	0.25	1/4	42	E3	52	True	P1-Staff2	1	42.0	3.0	77.0	V7	False	('C', 'E', 'G', 'B-')	C	C	0.0	dominant seventh chord	(0, 4, 7, 10)	f	f	5	None
124.25	497/4	0.25	1/4	42	G3	55	True	P1-Staff2	1	42.0	3.0	77.0	V7	False	('C', 'E', 'G', 'B-')	C	C	0.0	dominant seventh chord	(0, 4, 7, 10)	f	f	5	None
124.5	249/2	0.5	1/2	42	G5	79	True	P1-Staff2	2	42.0	3.0	77.0	V7	False	('C', 'E', 'G', 'B-')	C	C	0.0	dominant seventh chord	(0, 4, 7, 10)	f	f	5	None
124.5	249/2	0.25	1/4	42	E3	52	True	P1-Staff2	1	42.0	3.0	77.0	V7	False	('C', 'E', 'G', 'B-')	C	C	0.0	dominant seventh chord	(0, 4, 7, 10)	f	f	5	None
124.5	249/2	0.25	1/4	42	G3	55	True	P1-Staff2	1	42.0	3.0	77.0	V7	False	('C', 'E', 'G', 'B-')	C	C	0.0	dominant seventh chord	(0, 4, 7, 10)	f	f	5	None
124.75	499/4	0.25	1/4	42	E3	52	True	P1-Staff2	1	42.0	3.0	77.0	V7	False	('C', 'E', 'G', 'B-')	C	C	0.0	dominant seventh chord	(0, 4, 7, 10)	f	f	5	None
124.75	499/4	0.25	1/4	42	G3	55	True	P1-Staff2	1	42.0	3.0	77.0	V7	False	('C', 'E', 'G', 'B-')	C	C	0.0	dominant seventh chord	(0, 4, 7, 10)	f	f	5	None
125.0	125	0.75	3/4	42	G5	79	True	P1-Staff2	2	42.0	3.0	77.0	V7	False	('C', 'E', 'G', 'B-')	C	C	0.0	dominant seventh chord	(0, 4, 7, 10)	f	f	5	None
125.0	125	0.25	1/4	42	C3	48	True	P1-Staff2	6	42.0	3.0	77.0	V7	False	('C', 'E', 'G', 'B-')	C	C	0.0	dominant seventh chord	(0, 4, 7, 10)	f	f	5	None
125.25	501/4	0.25	1/4	42	E3	52	True	P1-Staff2	1	42.0	3.0	77.0	V7	False	('C', 'E', 'G', 'B-')	C	C	0.0	dominant seventh chord	(0, 4, 7, 10)	f	f	5	None
125.25	501/4	0.25	1/4	42	G3	55	True	P1-Staff2	1	42.0	3.0	77.0	V7	False	('C', 'E', 'G', 'B-')	C	C	0.0	dominant seventh chord	(0, 4, 7, 10)	f	f	5	None
125.5	251/2	0.25	1/4	42	E3	52	True	P1-Staff2	1	42.0	3.0	77.0	V7	False	('C', 'E', 'G', 'B-')	C	C	0.0	dominant seventh chord	(0, 4, 7, 10)	f	f	5	None
125.5	251/2	0.25	1/4	42	G3	55	True	P1-Staff2	1	42.0	3.0	77.0	V7	False	('C', 'E', 'G', 'B-')	C	C	0.0	dominant seventh chord	(0, 4, 7, 10)	f	f	5	None
125.75	503/4	0.25	1/4	42	G5	79	True	P1-Staff2	2	42.0	3.0	77.0	V7	False	('C', 'E', 'G', 'B-')	C	C	0.0	dominant seventh chord	(0, 4, 7, 10)	f	f	5	None
125.75	503/4	0.25	1/4	42	E3	52	True	P1-Staff2	1	42.0	3.0	77.0	V7	False	('C', 'E', 'G', 'B-')	C	C	0.0	dominant seventh chord	(0, 4, 7, 10)	f	f	5	None
125.75	503/4	0.25	1/4	42	G3	55	True	P1-Staff2	1	42.0	3.0	77.0	V7	False	('C', 'E', 'G', 'B-')	C	C	0.0	dominant seventh chord	(0, 4, 7, 10)	f	f	5	None
126.0	126	1.0	1	43	C5	72	True	P1-Staff2	1	43.0	3.0	78.0	i	True	('F', 'A-', 'C')	F	F	0.0	minor triad	(0, 5, 8)	f	f	1	None
126.0	126	1.0	1	43	F5	77	True	P1-Staff2	1	43.0	3.0	78.0	i	True	('F', 'A-', 'C')	F	F	0.0	minor triad	(0, 5, 8)	f	f	1	None
126.0	126	1.0	1	43	A-5	80	True	P1-Staff2	1	43.0	3.0	78.0	i	True	('F', 'A-', 'C')	F	F	0.0	minor triad	(0, 5, 8)	f	f	1	None
126.0	126	1.0	1	43	C6	84	True	P1-Staff2	1	43.0	3.0	78.0	i	True	('F', 'A-', 'C')	F	F	0.0	minor triad	(0, 5, 8)	f	f	1	None
126.0	126	0.25	1/4	43	C3	48	True	P1-Staff2	6	43.0	3.0	78.0	i	True	('F', 'A-', 'C')	F	F	0.0	minor triad	(0, 5, 8)	f	f	1	None
126.25	505/4	0.25	1/4	43	F3	53	True	P1-Staff2	1	43.0	3.0	78.0	i	False	('F', 'A-', 'C')	F	F	0.0	minor triad	(0, 5, 8)	f	f	1	None
126.25	505/4	0.25	1/4	43	A-3	56	True	P1-Staff2	1	43.0	3.0	78.0	i	False	('F', 'A-', 'C')	F	F	0.0	minor triad	(0, 5, 8)	f	f	1	None
126.5	253/2	0.25	1/4	43	F3	53	True	P1-Staff2	1	43.0	3.0	78.0	i	False	('F', 'A-', 'C')	F	F	0.0	minor triad	(0, 5, 8)	f	f	1	None
126.5	253/2	0.25	1/4	43	A-3	56	True	P1-Staff2	1	43.0	3.0	78.0	i	False	('F', 'A-', 'C')	F	F	0.0	minor triad	(0, 5, 8)	f	f	1	None
126.75	507/4	0.25	1/4	43	F3	53	True	P1-Staff2	1	43.0	3.0	78.0	i	False	('F', 'A-', 'C')	F	F	0.0	minor triad	(0, 5, 8)	f	f	1	None
126.75	507/4	0.25	1/4	43	A-3	56	True	P1-Staff2	1	43.0	3.0	78.0	i	False	('F', 'A-', 'C')	F	F	0.0	minor triad	(0, 5, 8)	f	f	1	None
127.0	127	2.0	2	43	C5	72	True	P1-Staff2	1	43.0	3.0	78.0	i	False	('F', 'A-', 'C')	F	F	0.0	minor triad	(0, 5, 8)	f	f	1	None
127.0	127	2.0	2	43	F5	77	True	P1-Staff2	1	43.0	3.0	78.0	i	False	('F', 'A-', 'C')	F	F	0.0	minor triad	(0, 5, 8)	f	f	1	None
127.0	127	2.0	2	43	A-5	80	True	P1-Staff2	1	43.0	3.0	78.0	i	False	('F', 'A-', 'C')	F	F	0.0	minor triad	(0, 5, 8)	f	f	1	None
127.0	127	0.25	1/4	43	C3	48	True	P1-Staff2	6	43.0	3.0	78.0	i	False	('F', 'A-', 'C')	F	F	0.0	minor triad	(0, 5, 8)	f	f	1	None
127.25	509/4	0.25	1/4	43	F3	53	True	P1-Staff2	1	43.0	3.0	78.0	i	False	('F', 'A-', 'C')	F	F	0.0	minor triad	(0, 5, 8)	f	f	1	None
127.25	509/4	0.25	1/4	43	A-3	56	True	P1-Staff2	1	43.0	3.0	78.0	i	False	('F', 'A-', 'C')	F	F	0.0	minor triad	(0, 5, 8)	f	f	1	None
127.5	255/2	0.25	1/4	43	F3	53	True	P1-Staff2	1	43.0	3.0	78.0	i	False	('F', 'A-', 'C')	F	F	0.0	minor triad	(0, 5, 8)	f	f	1	None
127.5	255/2	0.25	1/4	43	A-3	56	True	P1-Staff2	1	43.0	3.0	78.0	i	False	('F', 'A-', 'C')	F	F	0.0	minor triad	(0, 5, 8)	f	f	1	None
127.75	511/4	0.25	1/4	43	F3	53	True	P1-Staff2	1	43.0	3.0	78.0	i	False	('F', 'A-', 'C')	F	F	0.0	minor triad	(0, 5, 8)	f	f	1	None
127.75	511/4	0.25	1/4	43	A-3	56	True	P1-Staff2	1	43.0	3.0	78.0	i	False	('F', 'A-', 'C')	F	F	0.0	minor triad	(0, 5, 8)	f	f	1	None
128.0	128	0.25	1/4	43	C3	48	True	P1-Staff2	6	43.0	3.0	78.0	i	False	('F', 'A-', 'C')	F	F	0.0	minor triad	(0, 5, 8)	f	f	1	None
128.25	513/4	0.25	1/4	43	F3	53	True	P1-Staff2	1	43.0	3.0	78.0	i	False	('F', 'A-', 'C')	F	F	0.0	minor triad	(0, 5, 8)	f	f	1	None
128.25	513/4	0.25	1/4	43	A-3	56	True	P1-Staff2	1	43.0	3.0	78.0	i	False	('F', 'A-', 'C')	F	F	0.0	minor triad	(0, 5, 8)	f	f	1	None
128.5	257/2	0.25	1/4	43	F3	53	True	P1-Staff2	1	43.0	3.0	78.0	i	False	('F', 'A-', 'C')	F	F	0.0	minor triad	(0, 5, 8)	f	f	1	None
128.5	257/2	0.25	1/4	43	A-3	56	True	P1-Staff2	1	43.0	3.0	78.0	i	False	('F', 'A-', 'C')	F	F	0.0	minor triad	(0, 5, 8)	f	f	1	None
128.75	515/4	0.25	1/4	43	F3	53	True	P1-Staff2	1	43.0	3.0	78.0	i	False	('F', 'A-', 'C')	F	F	0.0	minor triad	(0, 5, 8)	f	f	1	None
128.75	515/4	0.25	1/4	43	A-3	56	True	P1-Staff2	1	43.0	3.0	78.0	i	False	('F', 'A-', 'C')	F	F	0.0	minor triad	(0, 5, 8)	f	f	1	None
129.0	129	1.5	3/2	44	F5	77	True	P1-Staff2	1	44.0	3.0	79.0	i	True	('F', 'A-', 'C')	F	F	0.0	minor triad	(0, 5, 8)	f	f	1	None
129.0	129	1.5	3/2	44	A-5	80	True	P1-Staff2	1	44.0	3.0	79.0	i	True	('F', 'A-', 'C')	F	F	0.0	minor triad	(0, 5, 8)	f	f	1	None
129.0	129	3.0	3	44	C5	72	True	P1-Staff2	2	44.0	3.0	79.0	i	True	('F', 'A-', 'C')	F	F	0.0	minor triad	(0, 5, 8)	f	f	1	None
129.0	129	0.25	1/4	44	F2	41	True	P1-Staff2	6	44.0	3.0	79.0	i	True	('F', 'A-', 'C')	F	F	0.0	minor triad	(0, 5, 8)	f	f	1	None
129.25	517/4	0.25	1/4	44	C3	48	True	P1-Staff2	6	44.0	3.0	79.0	i	False	('F', 'A-', 'C')	F	F	0.0	minor triad	(0, 5, 8)	f	f	1	None
129.5	259/2	0.25	1/4	44	D3	50	True	P1-Staff2	6	44.0	3.0	79.0	i	False	('F', 'A-', 'C')	F	F	0.0	minor triad	(0, 5, 8)	f	f	1	None
129.75	519/4	0.25	1/4	44	E3	52	True	P1-Staff2	6	44.0	3.0	79.0	i	False	('F', 'A-', 'C')	F	F	0.0	minor triad	(0, 5, 8)	f	f	1	None
130.0	130	0.25	1/4	44	F3	53	True	P1-Staff2	6	44.0	3.0	79.0	i	False	('F', 'A-', 'C')	F	F	0.0	minor triad	(0, 5, 8)	f	f	1	None
130.25	521/4	0.25	1/4	44	G3	55	True	P1-Staff2	6	44.0	3.0	79.0	i	False	('F', 'A-', 'C')	F	F	0.0	minor triad	(0, 5, 8)	f	f	1	None
130.5	261/2	0.5	1/2	44	F5	77	True	P1-Staff2	1	44.0	3.0	79.0	i	False	('F', 'A-', 'C')	F	F	0.0	minor triad	(0, 5, 8)	f	f	1	None
130.5	261/2	0.25	1/4	44	A-3	56	True	P1-Staff2	6	44.0	3.0	79.0	i	False	('F', 'A-', 'C')	F	F	0.0	minor triad	(0, 5, 8)	f	f	1	None
130.75	523/4	0.25	1/4	44	B-3	58	True	P1-Staff2	6	44.0	3.0	79.0	i	False	('F', 'A-', 'C')	F	F	0.0	minor triad	(0, 5, 8)	f	f	1	None
131.0	131	0.75	3/4	44	F5	77	True	P1-Staff2	1	44.0	3.0	79.0	i	False	('F', 'A-', 'C')	F	F	0.0	minor triad	(0, 5, 8)	f	f	1	None
131.0	131	0.25	1/4	44	C4	60	True	P1-Staff2	6	44.0	3.0	79.0	i	False	('F', 'A-', 'C')	F	F	0.0	minor triad	(0, 5, 8)	f	f	1	None
131.25	525/4	0.25	1/4	44	A-3	56	True	P1-Staff2	6	44.0	3.0	79.0	i	False	('F', 'A-', 'C')	F	F	0.0	minor triad	(0, 5, 8)	f	f	1	None
131.5	263/2	0.25	1/4	44	G3	55	True	P1-Staff2	6	44.0	3.0	79.0	i	False	('F', 'A-', 'C')	F	F	0.0	minor triad	(0, 5, 8)	f	f	1	None
131.75	527/4	0.25	1/4	44	F5	77	True	P1-Staff2	1	44.0	3.0	79.0	i	False	('F', 'A-', 'C')	F	F	0.0	minor triad	(0, 5, 8)	f	f	1	None
131.75	527/4	0.25	1/4	44	F3	53	True	P1-Staff2	6	44.0	3.0	79.0	i	False	('F', 'A-', 'C')	F	F	0.0	minor triad	(0, 5, 8)	f	f	1	None
132.0	132	1.0	1	45	E5	76	True	P1-Staff2	1	45.0	3.0	80.0	V7	True	('C', 'E', 'G', 'B-')	C	C	0.0	dominant seventh chord	(0, 4, 7, 10)	f	f	5	None
132.0	132	1.0	1	45	G5	79	True	P1-Staff2	1	45.0	3.0	80.0	V7	True	('C', 'E', 'G', 'B-')	C	C	0.0	dominant seventh chord	(0, 4, 7, 10)	f	f	5	None
132.0	132	1.0	1	45	B-5	82	True	P1-Staff2	1	45.0	3.0	80.0	V7	True	('C', 'E', 'G', 'B-')	C	C	0.0	dominant seventh chord	(0, 4, 7, 10)	f	f	5	None
132.0	132	1.0	1	45	D-6	85	True	P1-Staff2	1	45.0	3.0	80.0	V7	True	('C', 'E', 'G', 'B-')	C	C	0.0	dominant seventh chord	(0, 4, 7, 10)	f	f	5	None
132.0	132	0.25	1/4	45	C3	48	True	P1-Staff2	6	45.0	3.0	80.0	V7	True	('C', 'E', 'G', 'B-')	C	C	0.0	dominant seventh chord	(0, 4, 7, 10)	f	f	5	None
132.25	529/4	0.25	1/4	45	B1	35	True	P1-Staff2	6	45.0	3.0	80.0	V7	False	('C', 'E', 'G', 'B-')	C	C	0.0	dominant seventh chord	(0, 4, 7, 10)	f	f	5	None
132.5	265/2	0.25	1/4	45	C2	36	True	P1-Staff2	6	45.0	3.0	80.0	V7	False	('C', 'E', 'G', 'B-')	C	C	0.0	dominant seventh chord	(0, 4, 7, 10)	f	f	5	None
132.75	531/4	0.25	1/4	45	B1	35	True	P1-Staff2	6	45.0	3.0	80.0	V7	False	('C', 'E', 'G', 'B-')	C	C	0.0	dominant seventh chord	(0, 4, 7, 10)	f	f	5	None
133.0	133	2.0	2	45	E5	76	True	P1-Staff2	1	45.0	3.0	80.0	V7	False	('C', 'E', 'G', 'B-')	C	C	0.0	dominant seventh chord	(0, 4, 7, 10)	f	f	5	None
133.0	133	2.0	2	45	G5	79	True	P1-Staff2	1	45.0	3.0	80.0	V7	False	('C', 'E', 'G', 'B-')	C	C	0.0	dominant seventh chord	(0, 4, 7, 10)	f	f	5	None
133.0	133	2.0	2	45	B-5	82	True	P1-Staff2	1	45.0	3.0	80.0	V7	False	('C', 'E', 'G', 'B-')	C	C	0.0	dominant seventh chord	(0, 4, 7, 10)	f	f	5	None
133.0	133	0.25	1/4	45	C2	36	True	P1-Staff2	6	45.0	3.0	80.0	V7	False	('C', 'E', 'G', 'B-')	C	C	0.0	dominant seventh chord	(0, 4, 7, 10)	f	f	5	None
133.25	533/4	0.25	1/4	45	E2	40	True	P1-Staff2	6	45.0	3.0	80.0	V7	False	('C', 'E', 'G', 'B-')	C	C	0.0	dominant seventh chord	(0, 4, 7, 10)	f	f	5	None
133.5	267/2	0.25	1/4	45	G2	43	True	P1-Staff2	6	45.0	3.0	80.0	V7	False	('C', 'E', 'G', 'B-')	C	C	0.0	dominant seventh chord	(0, 4, 7, 10)	f	f	5	None
133.75	535/4	0.25	1/4	45	B2	47	True	P1-Staff2	6	45.0	3.0	80.0	V7	False	('C', 'E', 'G', 'B-')	C	C	0.0	dominant seventh chord	(0, 4, 7, 10)	f	f	5	None
134.0	134	0.25	1/4	45	C3	48	True	P1-Staff2	6	45.0	3.0	80.0	V7	False	('C', 'E', 'G', 'B-')	C	C	0.0	dominant seventh chord	(0, 4, 7, 10)	f	f	5	None
134.25	537/4	0.25	1/4	45	B-2	46	True	P1-Staff2	6	45.0	3.0	80.0	V7	False	('C', 'E', 'G', 'B-')	C	C	0.0	dominant seventh chord	(0, 4, 7, 10)	f	f	5	None
134.5	269/2	0.25	1/4	45	A-2	44	True	P1-Staff2	6	45.0	3.0	80.0	V7	False	('C', 'E', 'G', 'B-')	C	C	0.0	dominant seventh chord	(0, 4, 7, 10)	f	f	5	None
134.75	539/4	0.25	1/4	45	G2	43	True	P1-Staff2	6	45.0	3.0	80.0	V7	False	('C', 'E', 'G', 'B-')	C	C	0.0	dominant seventh chord	(0, 4, 7, 10)	f	f	5	None
135.0	135	1.5	3/2	46	F5	77	True	P1-Staff2	1	46.0	3.0	81.0	i	True	('F', 'A-', 'C')	F	F	0.0	minor triad	(0, 5, 8)	f	f	1	None
135.0	135	1.5	3/2	46	A-5	80	True	P1-Staff2	1	46.0	3.0	81.0	i	True	('F', 'A-', 'C')	F	F	0.0	minor triad	(0, 5, 8)	f	f	1	None
135.0	135	3.0	3	46	C5	72	True	P1-Staff2	2	46.0	3.0	81.0	i	True	('F', 'A-', 'C')	F	F	0.0	minor triad	(0, 5, 8)	f	f	1	None
135.0	135	0.25	1/4	46	F2	41	True	P1-Staff2	6	46.0	3.0	81.0	i	True	('F', 'A-', 'C')	F	F	0.0	minor triad	(0, 5, 8)	f	f	1	None
135.25	541/4	0.25	1/4	46	C3	48	True	P1-Staff2	6	46.0	3.0	81.0	i	False	('F', 'A-', 'C')	F	F	0.0	minor triad	(0, 5, 8)	f	f	1	None
135.5	271/2	0.25	1/4	46	D3	50	True	P1-Staff2	6	46.0	3.0	81.0	i	False	('F', 'A-', 'C')	F	F	0.0	minor triad	(0, 5, 8)	f	f	1	None
135.75	543/4	0.25	1/4	46	E3	52	True	P1-Staff2	6	46.0	3.0	81.0	i	False	('F', 'A-', 'C')	F	F	0.0	minor triad	(0, 5, 8)	f	f	1	None
136.0	136	0.25	1/4	46	F3	53	True	P1-Staff2	6	46.0	3.0	81.0	i	False	('F', 'A-', 'C')	F	F	0.0	minor triad	(0, 5, 8)	f	f	1	None
136.25	545/4	0.25	1/4	46	G3	55	True	P1-Staff2	6	46.0	3.0	81.0	i	False	('F', 'A-', 'C')	F	F	0.0	minor triad	(0, 5, 8)	f	f	1	None
136.5	273/2	0.5	1/2	46	F5	77	True	P1-Staff2	1	46.0	3.0	81.0	i	False	('F', 'A-', 'C')	F	F	0.0	minor triad	(0, 5, 8)	f	f	1	None
136.5	273/2	0.25	1/4	46	A-3	56	True	P1-Staff2	6	46.0	3.0	81.0	i	False	('F', 'A-', 'C')	F	F	0.0	minor triad	(0, 5, 8)	f	f	1	None
136.75	547/4	0.25	1/4	46	B-3	58	True	P1-Staff2	6	46.0	3.0	81.0	i	False	('F', 'A-', 'C')	F	F	0.0	minor triad	(0, 5, 8)	f	f	1	None
137.0	137	0.75	3/4	46	F5	77	True	P1-Staff2	1	46.0	3.0	81.0	i	False	('F', 'A-', 'C')	F	F	0.0	minor triad	(0, 5, 8)	f	f	1	None
137.0	137	0.25	1/4	46	C4	60	True	P1-Staff2	6	46.0	3.0	81.0	i	False	('F', 'A-', 'C')	F	F	0.0	minor triad	(0, 5, 8)	f	f	1	None
137.25	549/4	0.25	1/4	46	A-3	56	True	P1-Staff2	6	46.0	3.0	81.0	i	False	('F', 'A-', 'C')	F	F	0.0	minor triad	(0, 5, 8)	f	f	1	None
137.5	275/2	0.25	1/4	46	G3	55	True	P1-Staff2	6	46.0	3.0	81.0	i	False	('F', 'A-', 'C')	F	F	0.0	minor triad	(0, 5, 8)	f	f	1	None
137.75	551/4	0.25	1/4	46	F5	77	True	P1-Staff2	1	46.0	3.0	81.0	i	False	('F', 'A-', 'C')	F	F	0.0	minor triad	(0, 5, 8)	f	f	1	None
137.75	551/4	0.25	1/4	46	F3	53	True	P1-Staff2	6	46.0	3.0	81.0	i	False	('F', 'A-', 'C')	F	F	0.0	minor triad	(0, 5, 8)	f	f	1	None
138.0	138	1.0	1	47	G-5	78	True	P1-Staff2	1	47.0	3.0	82.0	V7	True	('E-', 'G-', 'A-', 'C')	E-	A-	2.0	dominant seventh chord	(0, 3, 6, 8)	D-	D-	5	None
138.0	138	1.0	1	47	G-4	66	True	P1-Staff2	1	47.0	3.0	82.0	V7	True	('E-', 'G-', 'A-', 'C')	E-	A-	2.0	dominant seventh chord	(0, 3, 6, 8)	D-	D-	5	None
138.0	138	1.0	1	47	D-5	73	True	P1-Staff2	1	47.0	3.0	82.0	V7	True	('E-', 'G-', 'A-', 'C')	E-	A-	2.0	dominant seventh chord	(0, 3, 6, 8)	D-	D-	5	None
138.0	138	0.25	1/4	47	E-3	51	True	P1-Staff2	6	47.0	3.0	82.0	V7	True	('E-', 'G-', 'A-', 'C')	E-	A-	2.0	dominant seventh chord	(0, 3, 6, 8)	D-	D-	5	None
138.25	553/4	0.25	1/4	47	E-2	39	True	P1-Staff2	6	47.0	3.0	82.0	V7	False	('E-', 'G-', 'A-', 'C')	E-	A-	2.0	dominant seventh chord	(0, 3, 6, 8)	D-	D-	5	None
138.5	277/2	0.25	1/4	47	F2	41	True	P1-Staff2	6	47.0	3.0	82.0	V7	False	('E-', 'G-', 'A-', 'C')	E-	A-	2.0	dominant seventh chord	(0, 3, 6, 8)	D-	D-	5	None
138.75	555/4	0.25	1/4	47	G-2	42	True	P1-Staff2	6	47.0	3.0	82.0	V7	False	('E-', 'G-', 'A-', 'C')	E-	A-	2.0	dominant seventh chord	(0, 3, 6, 8)	D-	D-	5	None
139.0	139	2.0	2	47	C5	72	True	P1-Staff2	1	47.0	3.0	82.0	V7	False	('E-', 'G-', 'A-', 'C')	E-	A-	2.0	dominant seventh chord	(0, 3, 6, 8)	D-	D-	5	None
139.0	139	2.0	2	47	E-5	75	True	P1-Staff2	1	47.0	3.0	82.0	V7	False	('E-', 'G-', 'A-', 'C')	E-	A-	2.0	dominant seventh chord	(0, 3, 6, 8)	D-	D-	5	None
139.0	139	1.0	1	47	G-4	66	True	P1-Staff2	2	47.0	3.0	82.0	V7	False	('E-', 'G-', 'A-', 'C')	E-	A-	2.0	dominant seventh chord	(0, 3, 6, 8)	D-	D-	5	None
139.0	139	0.25	1/4	47	A-2	44	True	P1-Staff2	6	47.0	3.0	82.0	V7	False	('E-', 'G-', 'A-', 'C')	E-	A-	2.0	dominant seventh chord	(0, 3, 6, 8)	D-	D-	5	None
139.25	557/4	0.25	1/4	47	A2	45	True	P1-Staff2	6	47.0	3.0	82.0	V7	False	('E-', 'G-', 'A-', 'C')	E-	A-	2.0	dominant seventh chord	(0, 3, 6, 8)	D-	D-	5	None
139.5	279/2	0.25	1/4	47	B-2	46	True	P1-Staff2	6	47.0	3.0	82.0	V7	False	('E-', 'G-', 'A-', 'C')	E-	A-	2.0	dominant seventh chord	(0, 3, 6, 8)	D-	D-	5	None
139.75	559/4	0.25	1/4	47	A-2	44	True	P1-Staff2	6	47.0	3.0	82.0	V7	False	('E-', 'G-', 'A-', 'C')	E-	A-	2.0	dominant seventh chord	(0, 3, 6, 8)	D-	D-	5	None
140.0	140	0.5	1/2	47	A-4	68	True	P1-Staff2	2	47.0	3.0	82.0	V7	False	('E-', 'G-', 'A-', 'C')	E-	A-	2.0	dominant seventh chord	(0, 3, 6, 8)	D-	D-	5	None
140.0	140	0.25	1/4	47	G-2	42	True	P1-Staff2	6	47.0	3.0	82.0	V7	False	('E-', 'G-', 'A-', 'C')	E-	A-	2.0	dominant seventh chord	(0, 3, 6, 8)	D-	D-	5	None
140.25	561/4	0.25	1/4	47	F2	41	True	P1-Staff2	6	47.0	3.0	82.0	V7	False	('E-', 'G-', 'A-', 'C')	E-	A-	2.0	dominant seventh chord	(0, 3, 6, 8)	D-	D-	5	None
140.5	281/2	0.5	1/2	47	G-4	66	True	P1-Staff2	2	47.0	3.0	82.0	V7	False	('E-', 'G-', 'A-', 'C')	E-	A-	2.0	dominant seventh chord	(0, 3, 6, 8)	D-	D-	5	None
140.5	281/2	0.25	1/4	47	E-2	39	True	P1-Staff2	6	47.0	3.0	82.0	V7	False	('E-', 'G-', 'A-', 'C')	E-	A-	2.0	dominant seventh chord	(0, 3, 6, 8)	D-	D-	5	None
140.75	563/4	0.25	1/4	47	A-2	44	True	P1-Staff2	6	47.0	3.0	82.0	V7	False	('E-', 'G-', 'A-', 'C')	E-	A-	2.0	dominant seventh chord	(0, 3, 6, 8)	D-	D-	5	None
141.0	141	1.5	3/2	48	F5	77	True	P1-Staff2	1	48.0	3.0	83.0	I	True	('D-', 'F', 'A-')	D-	D-	0.0	major triad	(1, 5, 8)	D-	D-	1	None
141.0	141	1.5	3/2	48	A-5	80	True	P1-Staff2	1	48.0	3.0	83.0	I	True	('D-', 'F', 'A-')	D-	D-	0.0	major triad	(1, 5, 8)	D-	D-	1	None
141.0	141	2.0	2	48	F4	65	True	P1-Staff2	2	48.0	3.0	83.0	I	True	('D-', 'F', 'A-')	D-	D-	0.0	major triad	(1, 5, 8)	D-	D-	1	None
141.0	141	0.25	1/4	48	D-2	37	True	P1-Staff2	6	48.0	3.0	83.0	I	True	('D-', 'F', 'A-')	D-	D-	0.0	major triad	(1, 5, 8)	D-	D-	1	None
141.25	565/4	0.25	1/4	48	D-3	49	True	P1-Staff2	6	48.0	3.0	83.0	I	False	('D-', 'F', 'A-')	D-	D-	0.0	major triad	(1, 5, 8)	D-	D-	1	None
141.5	283/2	0.25	1/4	48	E-3	51	True	P1-Staff2	6	48.0	3.0	83.0	I	False	('D-', 'F', 'A-')	D-	D-	0.0	major triad	(1, 5, 8)	D-	D-	1	None
141.75	567/4	0.25	1/4	48	F3	53	True	P1-Staff2	6	48.0	3.0	83.0	I	False	('D-', 'F', 'A-')	D-	D-	0.0	major triad	(1, 5, 8)	D-	D-	1	None
142.0	142	0.25	1/4	48	G-3	54	True	P1-Staff2	6	48.0	3.0	83.0	I	False	('D-', 'F', 'A-')	D-	D-	0.0	major triad	(1, 5, 8)	D-	D-	1	None
142.25	569/4	0.25	1/4	48	A-3	56	True	P1-Staff2	6	48.0	3.0	83.0	I	False	('D-', 'F', 'A-')	D-	D-	0.0	major triad	(1, 5, 8)	D-	D-	1	None
142.5	285/2	0.5	1/2	48	F5	77	True	P1-Staff2	1	48.0	3.0	83.0	I	False	('D-', 'F', 'A-')	D-	D-	0.0	major triad	(1, 5, 8)	D-	D-	1	None
142.5	285/2	0.25	1/4	48	B-3	58	True	P1-Staff2	6	48.0	3.0	83.0	I	False	('D-', 'F', 'A-')	D-	D-	0.0	major triad	(1, 5, 8)	D-	D-	1	None
142.75	571/4	0.25	1/4	48	A-3	56	True	P1-Staff2	6	48.0	3.0	83.0	I	False	('D-', 'F', 'A-')	D-	D-	0.0	major triad	(1, 5, 8)	D-	D-	1	None
143.0	143	0.75	3/4	48	F5	77	True	P1-Staff2	1	48.0	3.0	83.0	I	False	('D-', 'F', 'A-')	D-	D-	0.0	major triad	(1, 5, 8)	D-	D-	1	None
143.0	143	1.0	1	48	F4	65	True	P1-Staff2	1	48.0	3.0	83.0	I	False	('D-', 'F', 'A-')	D-	D-	0.0	major triad	(1, 5, 8)	D-	D-	1	None
143.0	143	1.0	1	48	A-4	68	True	P1-Staff2	1	48.0	3.0	83.0	I	False	('D-', 'F', 'A-')	D-	D-	0.0	major triad	(1, 5, 8)	D-	D-	1	None
143.0	143	0.25	1/4	48	G-3	54	True	P1-Staff2	6	48.0	3.0	83.0	I	False	('D-', 'F', 'A-')	D-	D-	0.0	major triad	(1, 5, 8)	D-	D-	1	None
143.25	573/4	0.25	1/4	48	F3	53	True	P1-Staff2	6	48.0	3.0	83.0	I	False	('D-', 'F', 'A-')	D-	D-	0.0	major triad	(1, 5, 8)	D-	D-	1	None
143.5	287/2	0.25	1/4	48	E-3	51	True	P1-Staff2	6	48.0	3.0	83.0	I	False	('D-', 'F', 'A-')	D-	D-	0.0	major triad	(1, 5, 8)	D-	D-	1	None
143.75	575/4	0.25	1/4	48	F5	77	True	P1-Staff2	1	48.0	3.0	83.0	I	False	('D-', 'F', 'A-')	D-	D-	0.0	major triad	(1, 5, 8)	D-	D-	1	None
143.75	575/4	0.25	1/4	48	D-3	49	True	P1-Staff2	6	48.0	3.0	83.0	I	False	('D-', 'F', 'A-')	D-	D-	0.0	major triad	(1, 5, 8)	D-	D-	1	None
144.0	144	1.0	1	49	G-5	78	True	P1-Staff2	1	49.0	3.0	84.0	V7	True	('A-', 'C', 'E-', 'G-')	A-	A-	0.0	dominant seventh chord	(0, 3, 6, 8)	D-	D-	5	None
144.0	144	1.0	1	49	G-4	66	True	P1-Staff2	1	49.0	3.0	84.0	V7	True	('A-', 'C', 'E-', 'G-')	A-	A-	0.0	dominant seventh chord	(0, 3, 6, 8)	D-	D-	5	None
144.0	144	1.0	1	49	C5	72	True	P1-Staff2	1	49.0	3.0	84.0	V7	True	('A-', 'C', 'E-', 'G-')	A-	A-	0.0	dominant seventh chord	(0, 3, 6, 8)	D-	D-	5	None
144.0	144	1.0	1	49	E-5	75	True	P1-Staff2	1	49.0	3.0	84.0	V7	True	('A-', 'C', 'E-', 'G-')	A-	A-	0.0	dominant seventh chord	(0, 3, 6, 8)	D-	D-	5	None
144.0	144	0.25	1/4	49	A-2	44	True	P1-Staff2	6	49.0	3.0	84.0	V7	True	('A-', 'C', 'E-', 'G-')	A-	A-	0.0	dominant seventh chord	(0, 3, 6, 8)	D-	D-	5	None
144.25	577/4	0.25	1/4	49	G1	31	True	P1-Staff2	6	49.0	3.0	84.0	V7	False	('A-', 'C', 'E-', 'G-')	A-	A-	0.0	dominant seventh chord	(0, 3, 6, 8)	D-	D-	5	None
144.5	289/2	0.25	1/4	49	A-1	32	True	P1-Staff2	6	49.0	3.0	84.0	V7	False	('A-', 'C', 'E-', 'G-')	A-	A-	0.0	dominant seventh chord	(0, 3, 6, 8)	D-	D-	5	None
144.75	579/4	0.25	1/4	49	G1	31	True	P1-Staff2	6	49.0	3.0	84.0	V7	False	('A-', 'C', 'E-', 'G-')	A-	A-	0.0	dominant seventh chord	(0, 3, 6, 8)	D-	D-	5	None
145.0	145	2.0	2	49	E-5	75	True	P1-Staff2	1	49.0	3.0	84.0	V7	False	('A-', 'C', 'E-', 'G-')	A-	A-	0.0	dominant seventh chord	(0, 3, 6, 8)	D-	D-	5	None
145.0	145	2.0	2	49	G-4	66	True	P1-Staff2	1	49.0	3.0	84.0	V7	False	('A-', 'C', 'E-', 'G-')	A-	A-	0.0	dominant seventh chord	(0, 3, 6, 8)	D-	D-	5	None
145.0	145	2.0	2	49	C5	72	True	P1-Staff2	1	49.0	3.0	84.0	V7	False	('A-', 'C', 'E-', 'G-')	A-	A-	0.0	dominant seventh chord	(0, 3, 6, 8)	D-	D-	5	None
145.0	145	0.25	1/4	49	A-1	32	True	P1-Staff2	6	49.0	3.0	84.0	V7	False	('A-', 'C', 'E-', 'G-')	A-	A-	0.0	dominant seventh chord	(0, 3, 6, 8)	D-	D-	5	None
145.25	581/4	0.25	1/4	49	B-1	34	True	P1-Staff2	6	49.0	3.0	84.0	V7	False	('A-', 'C', 'E-', 'G-')	A-	A-	0.0	dominant seventh chord	(0, 3, 6, 8)	D-	D-	5	None
145.5	291/2	0.25	1/4	49	C2	36	True	P1-Staff2	6	49.0	3.0	84.0	V7	False	('A-', 'C', 'E-', 'G-')	A-	A-	0.0	dominant seventh chord	(0, 3, 6, 8)	D-	D-	5	None
145.75	583/4	0.25	1/4	49	D-2	37	True	P1-Staff2	6	49.0	3.0	84.0	V7	False	('A-', 'C', 'E-', 'G-')	A-	A-	0.0	dominant seventh chord	(0, 3, 6, 8)	D-	D-	5	None
146.0	146	0.25	1/4	49	E-2	39	True	P1-Staff2	6	49.0	3.0	84.0	V7	False	('A-', 'C', 'E-', 'G-')	A-	A-	0.0	dominant seventh chord	(0, 3, 6, 8)	D-	D-	5	None
146.25	585/4	0.25	1/4	49	F2	41	True	P1-Staff2	6	49.0	3.0	84.0	V7	False	('A-', 'C', 'E-', 'G-')	A-	A-	0.0	dominant seventh chord	(0, 3, 6, 8)	D-	D-	5	None
146.5	293/2	0.25	1/4	49	G-2	42	True	P1-Staff2	6	49.0	3.0	84.0	V7	False	('A-', 'C', 'E-', 'G-')	A-	A-	0.0	dominant seventh chord	(0, 3, 6, 8)	D-	D-	5	None
146.75	587/4	0.25	1/4	49	A-2	44	True	P1-Staff2	6	49.0	3.0	84.0	V7	False	('A-', 'C', 'E-', 'G-')	A-	A-	0.0	dominant seventh chord	(0, 3, 6, 8)	D-	D-	5	None
147.0	147	1.5	3/2	50	F5	77	True	P1-Staff2	1	50.0	3.0	85.0	i	True	('D-', 'F', 'B-')	D-	B-	1.0	minor triad	(1, 5, 10)	b-	b-	1	None
147.0	147	1.0	1	50	F4	65	True	P1-Staff2	1	50.0	3.0	85.0	i	True	('D-', 'F', 'B-')	D-	B-	1.0	minor triad	(1, 5, 10)	b-	b-	1	None
147.0	147	1.0	1	50	C5	72	True	P1-Staff2	1	50.0	3.0	85.0	i	True	('D-', 'F', 'B-')	D-	B-	1.0	minor triad	(1, 5, 10)	b-	b-	1	None
147.0	147	0.25	1/4	50	D-2	37	True	P1-Staff2	6	50.0	3.0	85.0	i	True	('D-', 'F', 'B-')	D-	B-	1.0	minor triad	(1, 5, 10)	b-	b-	1	None
147.25	589/4	0.25	1/4	50	A2	45	True	P1-Staff2	6	50.0	3.0	85.0	i	False	('D-', 'F', 'B-')	D-	B-	1.0	minor triad	(1, 5, 10)	b-	b-	1	None
147.5	295/2	0.25	1/4	50	B-2	46	True	P1-Staff2	6	50.0	3.0	85.0	i	False	('D-', 'F', 'B-')	D-	B-	1.0	minor triad	(1, 5, 10)	b-	b-	1	None
147.75	591/4	0.25	1/4	50	A2	45	True	P1-Staff2	6	50.0	3.0	85.0	i	False	('D-', 'F', 'B-')	D-	B-	1.0	minor triad	(1, 5, 10)	b-	b-	1	None
148.0	148	2.0	2	50	F4	65	True	P1-Staff2	1	50.0	3.0	85.0	i	False	('D-', 'F', 'B-')	D-	B-	1.0	minor triad	(1, 5, 10)	b-	b-	1	None
148.0	148	2.0	2	50	B-4	70	True	P1-Staff2	1	50.0	3.0	85.0	i	False	('D-', 'F', 'B-')	D-	B-	1.0	minor triad	(1, 5, 10)	b-	b-	1	None
148.0	148	0.25	1/4	50	B-2	46	True	P1-Staff2	6	50.0	3.0	85.0	i	False	('D-', 'F', 'B-')	D-	B-	1.0	minor triad	(1, 5, 10)	b-	b-	1	None
148.25	593/4	0.25	1/4	50	C3	48	True	P1-Staff2	6	50.0	3.0	85.0	i	False	('D-', 'F', 'B-')	D-	B-	1.0	minor triad	(1, 5, 10)	b-	b-	1	None
148.5	297/2	0.5	1/2	50	D-5	73	True	P1-Staff2	1	50.0	3.0	85.0	i	False	('D-', 'F', 'B-')	D-	B-	1.0	minor triad	(1, 5, 10)	b-	b-	1	None
148.5	297/2	0.25	1/4	50	D-3	49	True	P1-Staff2	6	50.0	3.0	85.0	i	False	('D-', 'F', 'B-')	D-	B-	1.0	minor triad	(1, 5, 10)	b-	b-	1	None
148.75	595/4	0.25	1/4	50	E-3	51	True	P1-Staff2	6	50.0	3.0	85.0	i	False	('D-', 'F', 'B-')	D-	B-	1.0	minor triad	(1, 5, 10)	b-	b-	1	None
149.0	149	0.75	3/4	50	D-5	73	True	P1-Staff2	1	50.0	3.0	85.0	i	False	('D-', 'F', 'B-')	D-	B-	1.0	minor triad	(1, 5, 10)	b-	b-	1	None
149.0	149	0.25	1/4	50	F3	53	True	P1-Staff2	6	50.0	3.0	85.0	i	False	('D-', 'F', 'B-')	D-	B-	1.0	minor triad	(1, 5, 10)	b-	b-	1	None
149.25	597/4	0.25	1/4	50	D-3	49	True	P1-Staff2	6	50.0	3.0	85.0	i	False	('D-', 'F', 'B-')	D-	B-	1.0	minor triad	(1, 5, 10)	b-	b-	1	None
149.5	299/2	0.25	1/4	50	C3	48	True	P1-Staff2	6	50.0	3.0	85.0	i	False	('D-', 'F', 'B-')	D-	B-	1.0	minor triad	(1, 5, 10)	b-	b-	1	None
149.75	599/4	0.25	1/4	50	D-5	73	True	P1-Staff2	1	50.0	3.0	85.0	i	False	('D-', 'F', 'B-')	D-	B-	1.0	minor triad	(1, 5, 10)	b-	b-	1	None
149.75	599/4	0.25	1/4	50	B-2	46	True	P1-Staff2	6	50.0	3.0	85.0	i	False	('D-', 'F', 'B-')	D-	B-	1.0	minor triad	(1, 5, 10)	b-	b-	1	None
150.0	150	1.0	1	51	E-5	75	True	P1-Staff2	1	51.0	3.0	86.0	V7	True	('C', 'E-', 'F', 'A')	C	F	2.0	dominant seventh chord	(0, 3, 5, 9)	b-	b-	5	None
150.0	150	2.0	2	51	F4	65	True	P1-Staff2	1	51.0	3.0	86.0	V7	True	('C', 'E-', 'F', 'A')	C	F	2.0	dominant seventh chord	(0, 3, 5, 9)	b-	b-	5	None
150.0	150	2.0	2	51	B-4	70	True	P1-Staff2	1	51.0	3.0	86.0	V7	True	('C', 'E-', 'F', 'A')	C	F	2.0	dominant seventh chord	(0, 3, 5, 9)	b-	b-	5	None
150.0	150	0.25	1/4	51	C3	48	True	P1-Staff2	6	51.0	3.0	86.0	V7	True	('C', 'E-', 'F', 'A')	C	F	2.0	dominant seventh chord	(0, 3, 5, 9)	b-	b-	5	None
150.25	601/4	0.25	1/4	51	C2	36	True	P1-Staff2	6	51.0	3.0	86.0	V7	False	('C', 'E-', 'F', 'A')	C	F	2.0	dominant seventh chord	(0, 3, 5, 9)	b-	b-	5	None
150.5	301/2	0.25	1/4	51	D-2	37	True	P1-Staff2	6	51.0	3.0	86.0	V7	False	('C', 'E-', 'F', 'A')	C	F	2.0	dominant seventh chord	(0, 3, 5, 9)	b-	b-	5	None
150.75	603/4	0.25	1/4	51	E-2	39	True	P1-Staff2	6	51.0	3.0	86.0	V7	False	('C', 'E-', 'F', 'A')	C	F	2.0	dominant seventh chord	(0, 3, 5, 9)	b-	b-	5	None
151.0	151	2.0	2	51	C5	72	True	P1-Staff2	1	51.0	3.0	86.0	V7	False	('C', 'E-', 'F', 'A')	C	F	2.0	dominant seventh chord	(0, 3, 5, 9)	b-	b-	5	None
151.0	151	0.25	1/4	51	F2	41	True	P1-Staff2	6	51.0	3.0	86.0	V7	False	('C', 'E-', 'F', 'A')	C	F	2.0	dominant seventh chord	(0, 3, 5, 9)	b-	b-	5	None
151.25	605/4	0.25	1/4	51	G-2	42	True	P1-Staff2	6	51.0	3.0	86.0	V7	False	('C', 'E-', 'F', 'A')	C	F	2.0	dominant seventh chord	(0, 3, 5, 9)	b-	b-	5	None
151.5	303/2	0.25	1/4	51	F2	41	True	P1-Staff2	6	51.0	3.0	86.0	V7	False	('C', 'E-', 'F', 'A')	C	F	2.0	dominant seventh chord	(0, 3, 5, 9)	b-	b-	5	None
151.75	607/4	0.25	1/4	51	E2	40	True	P1-Staff2	6	51.0	3.0	86.0	V7	False	('C', 'E-', 'F', 'A')	C	F	2.0	dominant seventh chord	(0, 3, 5, 9)	b-	b-	5	None
152.0	152	0.5	1/2	51	F4	65	False	P1-Staff2	1	51.0	3.0	86.0	V7	False	('C', 'E-', 'F', 'A')	C	F	2.0	dominant seventh chord	(0, 3, 5, 9)	b-	b-	5	None
152.0	152	0.5	1/2	51	A4	69	True	P1-Staff2	1	51.0	3.0	86.0	V7	False	('C', 'E-', 'F', 'A')	C	F	2.0	dominant seventh chord	(0, 3, 5, 9)	b-	b-	5	None
152.0	152	0.25	1/4	51	F2	41	True	P1-Staff2	6	51.0	3.0	86.0	V7	False	('C', 'E-', 'F', 'A')	C	F	2.0	dominant seventh chord	(0, 3, 5, 9)	b-	b-	5	None
152.25	609/4	0.25	1/4	51	F1	29	True	P1-Staff2	6	51.0	3.0	86.0	V7	False	('C', 'E-', 'F', 'A')	C	F	2.0	dominant seventh chord	(0, 3, 5, 9)	b-	b-	5	None
152.5	305/2	0.5	1/2	51	F4	65	True	P1-Staff2	2	51.0	3.0	86.0	V7	False	('C', 'E-', 'F', 'A')	C	F	2.0	dominant seventh chord	(0, 3, 5, 9)	b-	b-	5	None
152.5	305/2	0.25	1/4	51	G1	31	True	P1-Staff2	6	51.0	3.0	86.0	V7	False	('C', 'E-', 'F', 'A')	C	F	2.0	dominant seventh chord	(0, 3, 5, 9)	b-	b-	5	None
152.75	611/4	0.25	1/4	51	A1	33	True	P1-Staff2	6	51.0	3.0	86.0	V7	False	('C', 'E-', 'F', 'A')	C	F	2.0	dominant seventh chord	(0, 3, 5, 9)	b-	b-	5	None
153.0	153	1.5	3/2	52	D-5	73	True	P1-Staff2	1	52.0	3.0	87.0	i	True	('B-', 'D-', 'F')	B-	B-	0.0	minor triad	(1, 5, 10)	b-	b-	1	None
153.0	153	0.5	1/2	52	F4	65	False	P1-Staff2	2	52.0	3.0	87.0	i	True	('B-', 'D-', 'F')	B-	B-	0.0	minor triad	(1, 5, 10)	b-	b-	1	None
153.0	153	0.25	1/4	52	B-1	34	True	P1-Staff2	6	52.0	3.0	87.0	i	True	('B-', 'D-', 'F')	B-	B-	0.0	minor triad	(1, 5, 10)	b-	b-	1	None
153.25	613/4	0.25	1/4	52	F2	41	True	P1-Staff2	6	52.0	3.0	87.0	i	False	('B-', 'D-', 'F')	B-	B-	0.0	minor triad	(1, 5, 10)	b-	b-	1	None
153.5	307/2	0.5	1/2	52	F4	65	True	P1-Staff2	2	52.0	3.0	87.0	i	False	('B-', 'D-', 'F')	B-	B-	0.0	minor triad	(1, 5, 10)	b-	b-	1	None
153.5	307/2	0.25	1/4	52	G2	43	True	P1-Staff2	6	52.0	3.0	87.0	i	False	('B-', 'D-', 'F')	B-	B-	0.0	minor triad	(1, 5, 10)	b-	b-	1	None
153.75	615/4	0.25	1/4	52	A2	45	True	P1-Staff2	6	52.0	3.0	87.0	i	False	('B-', 'D-', 'F')	B-	B-	0.0	minor triad	(1, 5, 10)	b-	b-	1	None
154.0	154	2.0	2	52	F4	65	False	P1-Staff2	2	52.0	3.0	87.0	i	False	('B-', 'D-', 'F')	B-	B-	0.0	minor triad	(1, 5, 10)	b-	b-	1	None
154.0	154	0.25	1/4	52	B-2	46	True	P1-Staff2	6	52.0	3.0	87.0	i	False	('B-', 'D-', 'F')	B-	B-	0.0	minor triad	(1, 5, 10)	b-	b-	1	None
154.25	617/4	0.25	1/4	52	C3	48	True	P1-Staff2	6	52.0	3.0	87.0	i	False	('B-', 'D-', 'F')	B-	B-	0.0	minor triad	(1, 5, 10)	b-	b-	1	None
154.5	309/2	0.5	1/2	52	B-4	70	True	P1-Staff2	1	52.0	3.0	87.0	i	False	('B-', 'D-', 'F')	B-	B-	0.0	minor triad	(1, 5, 10)	b-	b-	1	None
154.5	309/2	0.25	1/4	52	D-3	49	True	P1-Staff2	6	52.0	3.0	87.0	i	False	('B-', 'D-', 'F')	B-	B-	0.0	minor triad	(1, 5, 10)	b-	b-	1	None
154.75	619/4	0.25	1/4	52	E-3	51	True	P1-Staff2	6	52.0	3.0	87.0	i	False	('B-', 'D-', 'F')	B-	B-	0.0	minor triad	(1, 5, 10)	b-	b-	1	None
155.0	155	0.75	3/4	52	B-4	70	True	P1-Staff2	1	52.0	3.0	87.0	i	False	('B-', 'D-', 'F')	B-	B-	0.0	minor triad	(1, 5, 10)	b-	b-	1	None
155.0	155	0.25	1/4	52	F3	53	True	P1-Staff2	6	52.0	3.0	87.0	i	False	('B-', 'D-', 'F')	B-	B-	0.0	minor triad	(1, 5, 10)	b-	b-	1	None
155.25	621/4	0.25	1/4	52	D-3	49	True	P1-Staff2	6	52.0	3.0	87.0	i	False	('B-', 'D-', 'F')	B-	B-	0.0	minor triad	(1, 5, 10)	b-	b-	1	None
155.5	311/2	0.25	1/4	52	C3	48	True	P1-Staff2	6	52.0	3.0	87.0	i	False	('B-', 'D-', 'F')	B-	B-	0.0	minor triad	(1, 5, 10)	b-	b-	1	None
155.75	623/4	0.25	1/4	52	B-4	70	True	P1-Staff2	1	52.0	3.0	87.0	i	False	('B-', 'D-', 'F')	B-	B-	0.0	minor triad	(1, 5, 10)	b-	b-	1	None
155.75	623/4	0.25	1/4	52	B-2	46	True	P1-Staff2	6	52.0	3.0	87.0	i	False	('B-', 'D-', 'F')	B-	B-	0.0	minor triad	(1, 5, 10)	b-	b-	1	None
156.0	156	1.0	1	53	E-5	75	True	P1-Staff2	1	53.0	3.0	88.0	V7	True	('F', 'A', 'C', 'E-')	F	F	0.0	dominant seventh chord	(0, 3, 5, 9)	b-	b-	5	None
156.0	156	2.0	2	53	F4	65	True	P1-Staff2	2	53.0	3.0	88.0	V7	True	('F', 'A', 'C', 'E-')	F	F	0.0	dominant seventh chord	(0, 3, 5, 9)	b-	b-	5	None
156.0	156	2.0	2	53	B-4	70	True	P1-Staff2	3	53.0	3.0	88.0	V7	True	('F', 'A', 'C', 'E-')	F	F	0.0	dominant seventh chord	(0, 3, 5, 9)	b-	b-	5	None
156.0	156	0.25	1/4	53	F2	41	True	P1-Staff2	6	53.0	3.0	88.0	V7	True	('F', 'A', 'C', 'E-')	F	F	0.0	dominant seventh chord	(0, 3, 5, 9)	b-	b-	5	None
156.25	625/4	0.25	1/4	53	F1	29	True	P1-Staff2	6	53.0	3.0	88.0	V7	False	('F', 'A', 'C', 'E-')	F	F	0.0	dominant seventh chord	(0, 3, 5, 9)	b-	b-	5	None
156.5	313/2	0.25	1/4	53	G1	31	True	P1-Staff2	6	53.0	3.0	88.0	V7	False	('F', 'A', 'C', 'E-')	F	F	0.0	dominant seventh chord	(0, 3, 5, 9)	b-	b-	5	None
156.75	627/4	0.25	1/4	53	A1	33	True	P1-Staff2	6	53.0	3.0	88.0	V7	False	('F', 'A', 'C', 'E-')	F	F	0.0	dominant seventh chord	(0, 3, 5, 9)	b-	b-	5	None
157.0	157	2.0	2	53	C5	72	True	P1-Staff2	1	53.0	3.0	88.0	V7	False	('F', 'A', 'C', 'E-')	F	F	0.0	dominant seventh chord	(0, 3, 5, 9)	b-	b-	5	None
157.0	157	0.25	1/4	53	B-1	34	True	P1-Staff2	6	53.0	3.0	88.0	V7	False	('F', 'A', 'C', 'E-')	F	F	0.0	dominant seventh chord	(0, 3, 5, 9)	b-	b-	5	None
157.25	629/4	0.25	1/4	53	C2	36	True	P1-Staff2	6	53.0	3.0	88.0	V7	False	('F', 'A', 'C', 'E-')	F	F	0.0	dominant seventh chord	(0, 3, 5, 9)	b-	b-	5	None
157.5	315/2	0.25	1/4	53	D-2	37	True	P1-Staff2	6	53.0	3.0	88.0	V7	False	('F', 'A', 'C', 'E-')	F	F	0.0	dominant seventh chord	(0, 3, 5, 9)	b-	b-	5	None
157.75	631/4	0.25	1/4	53	E-2	39	True	P1-Staff2	6	53.0	3.0	88.0	V7	False	('F', 'A', 'C', 'E-')	F	F	0.0	dominant seventh chord	(0, 3, 5, 9)	b-	b-	5	None
158.0	158	1.0	1	53	F4	65	True	P1-Staff2	2	53.0	3.0	88.0	V7	False	('F', 'A', 'C', 'E-')	F	F	0.0	dominant seventh chord	(0, 3, 5, 9)	b-	b-	5	None
158.0	158	1.0	1	53	A4	69	True	P1-Staff2	3	53.0	3.0	88.0	V7	False	('F', 'A', 'C', 'E-')	F	F	0.0	dominant seventh chord	(0, 3, 5, 9)	b-	b-	5	None
158.0	158	0.25	1/4	53	F2	41	True	P1-Staff2	6	53.0	3.0	88.0	V7	False	('F', 'A', 'C', 'E-')	F	F	0.0	dominant seventh chord	(0, 3, 5, 9)	b-	b-	5	None
158.25	633/4	0.25	1/4	53	E-2	39	True	P1-Staff2	6	53.0	3.0	88.0	V7	False	('F', 'A', 'C', 'E-')	F	F	0.0	dominant seventh chord	(0, 3, 5, 9)	b-	b-	5	None
158.5	317/2	0.25	1/4	53	D-2	37	True	P1-Staff2	6	53.0	3.0	88.0	V7	False	('F', 'A', 'C', 'E-')	F	F	0.0	dominant seventh chord	(0, 3, 5, 9)	b-	b-	5	None
158.75	635/4	0.25	1/4	53	C2	36	True	P1-Staff2	6	53.0	3.0	88.0	V7	False	('F', 'A', 'C', 'E-')	F	F	0.0	dominant seventh chord	(0, 3, 5, 9)	b-	b-	5	None
159.0	159	1.5	3/2	54	B-4	70	True	P1-Staff2	1	54.0	3.0	89.0	ii	True	('B-', 'D-', 'F')	B-	B-	0.0	minor triad	(1, 5, 10)	A-	A-	2	None
159.0	159	1.5	3/2	54	D-5	73	True	P1-Staff2	1	54.0	3.0	89.0	ii	True	('B-', 'D-', 'F')	B-	B-	0.0	minor triad	(1, 5, 10)	A-	A-	2	None
159.0	159	3.0	3	54	F4	65	True	P1-Staff2	2	54.0	3.0	89.0	ii	True	('B-', 'D-', 'F')	B-	B-	0.0	minor triad	(1, 5, 10)	A-	A-	2	None
159.0	159	0.25	1/4	54	B-1	34	True	P1-Staff2	6	54.0	3.0	89.0	ii	True	('B-', 'D-', 'F')	B-	B-	0.0	minor triad	(1, 5, 10)	A-	A-	2	None
159.25	637/4	0.25	1/4	54	A2	45	True	P1-Staff2	6	54.0	3.0	89.0	ii	False	('B-', 'D-', 'F')	B-	B-	0.0	minor triad	(1, 5, 10)	A-	A-	2	None
159.5	319/2	0.25	1/4	54	B-2	46	True	P1-Staff2	6	54.0	3.0	89.0	ii	False	('B-', 'D-', 'F')	B-	B-	0.0	minor triad	(1, 5, 10)	A-	A-	2	None
159.75	639/4	0.25	1/4	54	C3	48	True	P1-Staff2	6	54.0	3.0	89.0	ii	False	('B-', 'D-', 'F')	B-	B-	0.0	minor triad	(1, 5, 10)	A-	A-	2	None
160.0	160	0.25	1/4	54	D-3	49	True	P1-Staff2	6	54.0	3.0	89.0	ii	False	('B-', 'D-', 'F')	B-	B-	0.0	minor triad	(1, 5, 10)	A-	A-	2	None
160.25	641/4	0.25	1/4	54	E-3	51	True	P1-Staff2	6	54.0	3.0	89.0	ii	False	('B-', 'D-', 'F')	B-	B-	0.0	minor triad	(1, 5, 10)	A-	A-	2	None
160.5	321/2	0.5	1/2	54	B-4	70	True	P1-Staff2	1	54.0	3.0	89.0	ii	False	('B-', 'D-', 'F')	B-	B-	0.0	minor triad	(1, 5, 10)	A-	A-	2	None
160.5	321/2	0.25	1/4	54	F3	53	True	P1-Staff2	6	54.0	3.0	89.0	ii	False	('B-', 'D-', 'F')	B-	B-	0.0	minor triad	(1, 5, 10)	A-	A-	2	None
160.75	643/4	0.25	1/4	54	E-3	51	True	P1-Staff2	6	54.0	3.0	89.0	ii	False	('B-', 'D-', 'F')	B-	B-	0.0	minor triad	(1, 5, 10)	A-	A-	2	None
161.0	161	0.75	3/4	54	B-4	70	True	P1-Staff2	1	54.0	3.0	89.0	ii	False	('B-', 'D-', 'F')	B-	B-	0.0	minor triad	(1, 5, 10)	A-	A-	2	None
161.0	161	0.25	1/4	54	D-3	49	True	P1-Staff2	6	54.0	3.0	89.0	ii	False	('B-', 'D-', 'F')	B-	B-	0.0	minor triad	(1, 5, 10)	A-	A-	2	None
161.25	645/4	0.25	1/4	54	C3	48	True	P1-Staff2	6	54.0	3.0	89.0	ii	False	('B-', 'D-', 'F')	B-	B-	0.0	minor triad	(1, 5, 10)	A-	A-	2	None
161.5	323/2	0.25	1/4	54	B-2	46	True	P1-Staff2	6	54.0	3.0	89.0	ii	False	('B-', 'D-', 'F')	B-	B-	0.0	minor triad	(1, 5, 10)	A-	A-	2	None
161.75	647/4	0.25	1/4	54	B-4	70	True	P1-Staff2	1	54.0	3.0	89.0	ii	False	('B-', 'D-', 'F')	B-	B-	0.0	minor triad	(1, 5, 10)	A-	A-	2	None
161.75	647/4	0.25	1/4	54	A-2	44	True	P1-Staff2	6	54.0	3.0	89.0	ii	False	('B-', 'D-', 'F')	B-	B-	0.0	minor triad	(1, 5, 10)	A-	A-	2	None
162.0	162	1.0	1	55	E-4	63	True	P1-Staff2	1	55.0	3.0	90.0	V7	True	('G', 'B-', 'D-', 'E-')	G	E-	1.0	dominant seventh chord	(1, 3, 7, 10)	A-	A-	5	None
162.0	162	1.0	1	55	B-4	70	True	P1-Staff2	1	55.0	3.0	90.0	V7	True	('G', 'B-', 'D-', 'E-')	G	E-	1.0	dominant seventh chord	(1, 3, 7, 10)	A-	A-	5	None
162.0	162	1.0	1	55	D-5	73	True	P1-Staff2	1	55.0	3.0	90.0	V7	True	('G', 'B-', 'D-', 'E-')	G	E-	1.0	dominant seventh chord	(1, 3, 7, 10)	A-	A-	5	None
162.0	162	0.25	1/4	55	G2	43	True	P1-Staff2	6	55.0	3.0	90.0	V7	True	('G', 'B-', 'D-', 'E-')	G	E-	1.0	dominant seventh chord	(1, 3, 7, 10)	A-	A-	5	None
162.25	649/4	0.25	1/4	55	D2	38	True	P1-Staff2	6	55.0	3.0	90.0	V7	False	('G', 'B-', 'D-', 'E-')	G	E-	1.0	dominant seventh chord	(1, 3, 7, 10)	A-	A-	5	None
162.5	325/2	0.25	1/4	55	E-2	39	True	P1-Staff2	6	55.0	3.0	90.0	V7	False	('G', 'B-', 'D-', 'E-')	G	E-	1.0	dominant seventh chord	(1, 3, 7, 10)	A-	A-	5	None
162.75	651/4	0.25	1/4	55	F2	41	True	P1-Staff2	6	55.0	3.0	90.0	V7	False	('G', 'B-', 'D-', 'E-')	G	E-	1.0	dominant seventh chord	(1, 3, 7, 10)	A-	A-	5	None
163.0	163	1.5	3/2	55	B-4	70	True	P1-Staff2	2	55.0	3.0	90.0	V7	False	('G', 'B-', 'D-', 'E-')	G	E-	1.0	dominant seventh chord	(1, 3, 7, 10)	A-	A-	5	None
163.0	163	0.25	1/4	55	G2	43	True	P1-Staff2	6	55.0	3.0	90.0	V7	False	('G', 'B-', 'D-', 'E-')	G	E-	1.0	dominant seventh chord	(1, 3, 7, 10)	A-	A-	5	None
163.25	653/4	0.25	1/4	55	A-2	44	True	P1-Staff2	6	55.0	3.0	90.0	V7	False	('G', 'B-', 'D-', 'E-')	G	E-	1.0	dominant seventh chord	(1, 3, 7, 10)	A-	A-	5	None
163.5	327/2	0.25	1/4	55	B-2	46	True	P1-Staff2	6	55.0	3.0	90.0	V7	False	('G', 'B-', 'D-', 'E-')	G	E-	1.0	dominant seventh chord	(1, 3, 7, 10)	A-	A-	5	None
163.75	655/4	0.25	1/4	55	A-2	44	True	P1-Staff2	6	55.0	3.0	90.0	V7	False	('G', 'B-', 'D-', 'E-')	G	E-	1.0	dominant seventh chord	(1, 3, 7, 10)	A-	A-	5	None
164.0	164	0.25	1/4	55	G2	43	True	P1-Staff2	6	55.0	3.0	90.0	V7	False	('G', 'B-', 'D-', 'E-')	G	E-	1.0	dominant seventh chord	(1, 3, 7, 10)	A-	A-	5	None
164.25	657/4	0.25	1/4	55	F2	41	True	P1-Staff2	6	55.0	3.0	90.0	V7	False	('G', 'B-', 'D-', 'E-')	G	E-	1.0	dominant seventh chord	(1, 3, 7, 10)	A-	A-	5	None
164.5	329/2	0.5	1/2	55	B4	71	True	P1-Staff2	2	55.0	3.0	90.0	V7	False	('G', 'B-', 'D-', 'E-')	G	E-	1.0	dominant seventh chord	(1, 3, 7, 10)	A-	A-	5	None
164.5	329/2	0.125	1/8	55	E-2	39	True	P1-Staff2	6	55.0	3.0	90.0	V7	False	('G', 'B-', 'D-', 'E-')	G	E-	1.0	dominant seventh chord	(1, 3, 7, 10)	A-	A-	5	None
164.625	1317/8	0.125	1/8	55	D-2	37	True	P1-Staff2	6	55.0	3.0	90.0	V7	False	('G', 'B-', 'D-', 'E-')	G	E-	1.0	dominant seventh chord	(1, 3, 7, 10)	A-	A-	5	None
164.75	659/4	0.125	1/8	55	C2	36	True	P1-Staff2	6	55.0	3.0	90.0	V7	False	('G', 'B-', 'D-', 'E-')	G	E-	1.0	dominant seventh chord	(1, 3, 7, 10)	A-	A-	5	None
164.875	1319/8	0.125	1/8	55	B-1	34	True	P1-Staff2	6	55.0	3.0	90.0	V7	False	('G', 'B-', 'D-', 'E-')	G	E-	1.0	dominant seventh chord	(1, 3, 7, 10)	A-	A-	5	None
165.0	165	1.5	3/2	56	C4	60	True	P1-Staff2	1	56.0	3.0	91.0	I	True	('A-', 'C', 'E-')	A-	A-	0.0	major triad	(0, 3, 8)	A-	A-	1	None
165.0	165	1.5	3/2	56	E-4	63	True	P1-Staff2	1	56.0	3.0	91.0	I	True	('A-', 'C', 'E-')	A-	A-	0.0	major triad	(0, 3, 8)	A-	A-	1	None
165.0	165	1.5	3/2	56	C5	72	True	P1-Staff2	1	56.0	3.0	91.0	I	True	('A-', 'C', 'E-')	A-	A-	0.0	major triad	(0, 3, 8)	A-	A-	1	None
165.0	165	0.125	1/8	56	A-1	32	True	P1-Staff2	5	56.0	3.0	91.0	I	True	('A-', 'C', 'E-')	A-	A-	0.0	major triad	(0, 3, 8)	A-	A-	1	None
165.125	1321/8	0.125	1/8	56	E-2	39	True	P1-Staff2	5	56.0	3.0	91.0	I	False	('A-', 'C', 'E-')	A-	A-	0.0	major triad	(0, 3, 8)	A-	A-	1	None
165.25	661/4	0.125	1/8	56	C2	36	True	P1-Staff2	5	56.0	3.0	91.0	I	False	('A-', 'C', 'E-')	A-	A-	0.0	major triad	(0, 3, 8)	A-	A-	1	None
165.375	1323/8	0.125	1/8	56	E-2	39	True	P1-Staff2	5	56.0	3.0	91.0	I	False	('A-', 'C', 'E-')	A-	A-	0.0	major triad	(0, 3, 8)	A-	A-	1	None
165.5	331/2	0.125	1/8	56	A-2	44	True	P1-Staff2	5	56.0	3.0	91.0	I	False	('A-', 'C', 'E-')	A-	A-	0.0	major triad	(0, 3, 8)	A-	A-	1	None
165.625	1325/8	0.125	1/8	56	E-3	51	True	P1-Staff2	5	56.0	3.0	91.0	I	False	('A-', 'C', 'E-')	A-	A-	0.0	major triad	(0, 3, 8)	A-	A-	1	None
165.75	663/4	0.125	1/8	56	C3	48	True	P1-Staff2	5	56.0	3.0	91.0	I	False	('A-', 'C', 'E-')	A-	A-	0.0	major triad	(0, 3, 8)	A-	A-	1	None
165.875	1327/8	0.125	1/8	56	E-3	51	True	P1-Staff2	5	56.0	3.0	91.0	I	False	('A-', 'C', 'E-')	A-	A-	0.0	major triad	(0, 3, 8)	A-	A-	1	None
166.0	166	0.125	1/8	56	A-2	44	True	P1-Staff2	5	56.0	3.0	91.0	I	False	('A-', 'C', 'E-')	A-	A-	0.0	major triad	(0, 3, 8)	A-	A-	1	None
166.125	1329/8	0.125	1/8	56	E-3	51	True	P1-Staff2	5	56.0	3.0	91.0	I	False	('A-', 'C', 'E-')	A-	A-	0.0	major triad	(0, 3, 8)	A-	A-	1	None
166.25	665/4	0.125	1/8	56	C3	48	True	P1-Staff2	5	56.0	3.0	91.0	I	False	('A-', 'C', 'E-')	A-	A-	0.0	major triad	(0, 3, 8)	A-	A-	1	None
166.375	1331/8	0.125	1/8	56	E-3	51	True	P1-Staff2	5	56.0	3.0	91.0	I	False	('A-', 'C', 'E-')	A-	A-	0.0	major triad	(0, 3, 8)	A-	A-	1	None
166.5	333/2	0.5	1/2	56	A-4	68	True	P1-Staff2	1	56.0	3.0	91.0	I	False	('A-', 'C', 'E-')	A-	A-	0.0	major triad	(0, 3, 8)	A-	A-	1	None
166.5	333/2	0.5	1/2	56	C4	60	True	P1-Staff2	1	56.0	3.0	91.0	I	False	('A-', 'C', 'E-')	A-	A-	0.0	major triad	(0, 3, 8)	A-	A-	1	None
166.5	333/2	0.5	1/2	56	E-4	63	True	P1-Staff2	1	56.0	3.0	91.0	I	False	('A-', 'C', 'E-')	A-	A-	0.0	major triad	(0, 3, 8)	A-	A-	1	None
166.5	333/2	0.125	1/8	56	A-3	56	True	P1-Staff2	5	56.0	3.0	91.0	I	False	('A-', 'C', 'E-')	A-	A-	0.0	major triad	(0, 3, 8)	A-	A-	1	None
166.625	1333/8	0.125	1/8	56	E-3	51	True	P1-Staff2	5	56.0	3.0	91.0	I	False	('A-', 'C', 'E-')	A-	A-	0.0	major triad	(0, 3, 8)	A-	A-	1	None
166.75	667/4	0.125	1/8	56	C3	48	True	P1-Staff2	5	56.0	3.0	91.0	I	False	('A-', 'C', 'E-')	A-	A-	0.0	major triad	(0, 3, 8)	A-	A-	1	None
166.875	1335/8	0.125	1/8	56	E-3	51	True	P1-Staff2	5	56.0	3.0	91.0	I	False	('A-', 'C', 'E-')	A-	A-	0.0	major triad	(0, 3, 8)	A-	A-	1	None
167.0	167	0.75	3/4	56	A-4	68	True	P1-Staff2	1	56.0	3.0	91.0	I	False	('A-', 'C', 'E-')	A-	A-	0.0	major triad	(0, 3, 8)	A-	A-	1	None
167.0	167	0.5	1/2	56	C4	60	True	P1-Staff2	1	56.0	3.0	91.0	I	False	('A-', 'C', 'E-')	A-	A-	0.0	major triad	(0, 3, 8)	A-	A-	1	None
167.0	167	0.5	1/2	56	E-4	63	True	P1-Staff2	1	56.0	3.0	91.0	I	False	('A-', 'C', 'E-')	A-	A-	0.0	major triad	(0, 3, 8)	A-	A-	1	None
167.0	167	0.125	1/8	56	C3	48	True	P1-Staff2	5	56.0	3.0	91.0	I	False	('A-', 'C', 'E-')	A-	A-	0.0	major triad	(0, 3, 8)	A-	A-	1	None
167.125	1337/8	0.125	1/8	56	A-3	56	True	P1-Staff2	5	56.0	3.0	91.0	I	False	('A-', 'C', 'E-')	A-	A-	0.0	major triad	(0, 3, 8)	A-	A-	1	None
167.25	669/4	0.125	1/8	56	E-3	51	True	P1-Staff2	5	56.0	3.0	91.0	I	False	('A-', 'C', 'E-')	A-	A-	0.0	major triad	(0, 3, 8)	A-	A-	1	None
167.375	1339/8	0.125	1/8	56	A-3	56	True	P1-Staff2	5	56.0	3.0	91.0	I	False	('A-', 'C', 'E-')	A-	A-	0.0	major triad	(0, 3, 8)	A-	A-	1	None
167.5	335/2	0.125	1/8	56	C4	60	True	P1-Staff2	5	56.0	3.0	91.0	I	False	('A-', 'C', 'E-')	A-	A-	0.0	major triad	(0, 3, 8)	A-	A-	1	None
167.625	1341/8	0.125	1/8	56	A-3	56	True	P1-Staff2	5	56.0	3.0	91.0	I	False	('A-', 'C', 'E-')	A-	A-	0.0	major triad	(0, 3, 8)	A-	A-	1	None
167.75	671/4	0.25	1/4	56	A-4	68	True	P1-Staff2	1	56.0	3.0	91.0	I	False	('A-', 'C', 'E-')	A-	A-	0.0	major triad	(0, 3, 8)	A-	A-	1	None
167.75	671/4	0.125	1/8	56	E-3	51	True	P1-Staff2	5	56.0	3.0	91.0	I	False	('A-', 'C', 'E-')	A-	A-	0.0	major triad	(0, 3, 8)	A-	A-	1	None
167.875	1343/8	0.125	1/8	56	A-3	56	True	P1-Staff2	5	56.0	3.0	91.0	I	False	('A-', 'C', 'E-')	A-	A-	0.0	major triad	(0, 3, 8)	A-	A-	1	None
168.0	168	1.0	1	57	E-4	63	True	P1-Staff2	1	57.0	3.0	92.0	V7	True	('B-', 'D-', 'E-', 'G')	B-	E-	2.0	dominant seventh chord	(1, 3, 7, 10)	A-	A-	5	None
168.0	168	1.0	1	57	G4	67	True	P1-Staff2	1	57.0	3.0	92.0	V7	True	('B-', 'D-', 'E-', 'G')	B-	E-	2.0	dominant seventh chord	(1, 3, 7, 10)	A-	A-	5	None
168.0	168	1.0	1	57	D-5	73	True	P1-Staff2	1	57.0	3.0	92.0	V7	True	('B-', 'D-', 'E-', 'G')	B-	E-	2.0	dominant seventh chord	(1, 3, 7, 10)	A-	A-	5	None
168.0	168	0.125	1/8	57	B-2	46	True	P1-Staff2	5	57.0	3.0	92.0	V7	True	('B-', 'D-', 'E-', 'G')	B-	E-	2.0	dominant seventh chord	(1, 3, 7, 10)	A-	A-	5	None
168.125	1345/8	0.125	1/8	57	G3	55	True	P1-Staff2	5	57.0	3.0	92.0	V7	False	('B-', 'D-', 'E-', 'G')	B-	E-	2.0	dominant seventh chord	(1, 3, 7, 10)	A-	A-	5	None
168.25	673/4	0.125	1/8	57	E-3	51	True	P1-Staff2	5	57.0	3.0	92.0	V7	False	('B-', 'D-', 'E-', 'G')	B-	E-	2.0	dominant seventh chord	(1, 3, 7, 10)	A-	A-	5	None
168.375	1347/8	0.125	1/8	57	G3	55	True	P1-Staff2	5	57.0	3.0	92.0	V7	False	('B-', 'D-', 'E-', 'G')	B-	E-	2.0	dominant seventh chord	(1, 3, 7, 10)	A-	A-	5	None
168.5	337/2	0.125	1/8	57	B-3	58	True	P1-Staff2	5	57.0	3.0	92.0	V7	False	('B-', 'D-', 'E-', 'G')	B-	E-	2.0	dominant seventh chord	(1, 3, 7, 10)	A-	A-	5	None
168.625	1349/8	0.125	1/8	57	G3	55	True	P1-Staff2	5	57.0	3.0	92.0	V7	False	('B-', 'D-', 'E-', 'G')	B-	E-	2.0	dominant seventh chord	(1, 3, 7, 10)	A-	A-	5	None
168.75	675/4	0.125	1/8	57	E-3	51	True	P1-Staff2	5	57.0	3.0	92.0	V7	False	('B-', 'D-', 'E-', 'G')	B-	E-	2.0	dominant seventh chord	(1, 3, 7, 10)	A-	A-	5	None
168.875	1351/8	0.125	1/8	57	G3	55	True	P1-Staff2	5	57.0	3.0	92.0	V7	False	('B-', 'D-', 'E-', 'G')	B-	E-	2.0	dominant seventh chord	(1, 3, 7, 10)	A-	A-	5	None
169.0	169	2.0	2	57	E-4	63	True	P1-Staff2	1	57.0	3.0	92.0	V7	False	('B-', 'D-', 'E-', 'G')	B-	E-	2.0	dominant seventh chord	(1, 3, 7, 10)	A-	A-	5	None
169.0	169	2.0	2	57	G4	67	True	P1-Staff2	1	57.0	3.0	92.0	V7	False	('B-', 'D-', 'E-', 'G')	B-	E-	2.0	dominant seventh chord	(1, 3, 7, 10)	A-	A-	5	None
169.0	169	2.0	2	57	B-4	70	True	P1-Staff2	1	57.0	3.0	92.0	V7	False	('B-', 'D-', 'E-', 'G')	B-	E-	2.0	dominant seventh chord	(1, 3, 7, 10)	A-	A-	5	None
169.0	169	0.125	1/8	57	D-3	49	True	P1-Staff2	5	57.0	3.0	92.0	V7	False	('B-', 'D-', 'E-', 'G')	B-	E-	2.0	dominant seventh chord	(1, 3, 7, 10)	A-	A-	5	None
169.125	1353/8	0.125	1/8	57	G3	55	True	P1-Staff2	5	57.0	3.0	92.0	V7	False	('B-', 'D-', 'E-', 'G')	B-	E-	2.0	dominant seventh chord	(1, 3, 7, 10)	A-	A-	5	None
169.25	677/4	0.125	1/8	57	E-3	51	True	P1-Staff2	5	57.0	3.0	92.0	V7	False	('B-', 'D-', 'E-', 'G')	B-	E-	2.0	dominant seventh chord	(1, 3, 7, 10)	A-	A-	5	None
169.375	1355/8	0.125	1/8	57	G3	55	True	P1-Staff2	5	57.0	3.0	92.0	V7	False	('B-', 'D-', 'E-', 'G')	B-	E-	2.0	dominant seventh chord	(1, 3, 7, 10)	A-	A-	5	None
169.5	339/2	0.125	1/8	57	B-3	58	True	P1-Staff2	5	57.0	3.0	92.0	V7	False	('B-', 'D-', 'E-', 'G')	B-	E-	2.0	dominant seventh chord	(1, 3, 7, 10)	A-	A-	5	None
169.625	1357/8	0.125	1/8	57	G3	55	True	P1-Staff2	5	57.0	3.0	92.0	V7	False	('B-', 'D-', 'E-', 'G')	B-	E-	2.0	dominant seventh chord	(1, 3, 7, 10)	A-	A-	5	None
169.75	679/4	0.125	1/8	57	E-3	51	True	P1-Staff2	5	57.0	3.0	92.0	V7	False	('B-', 'D-', 'E-', 'G')	B-	E-	2.0	dominant seventh chord	(1, 3, 7, 10)	A-	A-	5	None
169.875	1359/8	0.125	1/8	57	G3	55	True	P1-Staff2	5	57.0	3.0	92.0	V7	False	('B-', 'D-', 'E-', 'G')	B-	E-	2.0	dominant seventh chord	(1, 3, 7, 10)	A-	A-	5	None
170.0	170	0.125	1/8	57	D-3	49	True	P1-Staff2	5	57.0	3.0	92.0	V7	False	('B-', 'D-', 'E-', 'G')	B-	E-	2.0	dominant seventh chord	(1, 3, 7, 10)	A-	A-	5	None
170.125	1361/8	0.125	1/8	57	G3	55	True	P1-Staff2	5	57.0	3.0	92.0	V7	False	('B-', 'D-', 'E-', 'G')	B-	E-	2.0	dominant seventh chord	(1, 3, 7, 10)	A-	A-	5	None
170.25	681/4	0.125	1/8	57	E-3	51	True	P1-Staff2	5	57.0	3.0	92.0	V7	False	('B-', 'D-', 'E-', 'G')	B-	E-	2.0	dominant seventh chord	(1, 3, 7, 10)	A-	A-	5	None
170.375	1363/8	0.125	1/8	57	G3	55	True	P1-Staff2	5	57.0	3.0	92.0	V7	False	('B-', 'D-', 'E-', 'G')	B-	E-	2.0	dominant seventh chord	(1, 3, 7, 10)	A-	A-	5	None
170.5	341/2	0.125	1/8	57	B-3	58	True	P1-Staff2	5	57.0	3.0	92.0	V7	False	('B-', 'D-', 'E-', 'G')	B-	E-	2.0	dominant seventh chord	(1, 3, 7, 10)	A-	A-	5	None
170.625	1365/8	0.125	1/8	57	G3	55	True	P1-Staff2	5	57.0	3.0	92.0	V7	False	('B-', 'D-', 'E-', 'G')	B-	E-	2.0	dominant seventh chord	(1, 3, 7, 10)	A-	A-	5	None
170.75	683/4	0.125	1/8	57	E-3	51	True	P1-Staff2	5	57.0	3.0	92.0	V7	False	('B-', 'D-', 'E-', 'G')	B-	E-	2.0	dominant seventh chord	(1, 3, 7, 10)	A-	A-	5	None
170.875	1367/8	0.125	1/8	57	G3	55	True	P1-Staff2	5	57.0	3.0	92.0	V7	False	('B-', 'D-', 'E-', 'G')	B-	E-	2.0	dominant seventh chord	(1, 3, 7, 10)	A-	A-	5	None
171.0	171	1.5	3/2	58	E-4	63	True	P1-Staff2	1	58.0	1.5	93.0	I	True	('C', 'E-', 'A-')	C	A-	1.0	major triad	(0, 3, 8)	A-	A-	1	None
171.0	171	1.5	3/2	58	A-4	68	True	P1-Staff2	1	58.0	1.5	93.0	I	True	('C', 'E-', 'A-')	C	A-	1.0	major triad	(0, 3, 8)	A-	A-	1	None
171.0	171	1.5	3/2	58	E-5	75	True	P1-Staff2	1	58.0	1.5	93.0	I	True	('C', 'E-', 'A-')	C	A-	1.0	major triad	(0, 3, 8)	A-	A-	1	None
171.0	171	0.125	1/8	58	C3	48	True	P1-Staff2	5	58.0	1.5	93.0	I	True	('C', 'E-', 'A-')	C	A-	1.0	major triad	(0, 3, 8)	A-	A-	1	None
171.125	1369/8	0.125	1/8	58	A-3	56	True	P1-Staff2	5	58.0	1.5	93.0	I	False	('C', 'E-', 'A-')	C	A-	1.0	major triad	(0, 3, 8)	A-	A-	1	None
171.25	685/4	0.125	1/8	58	E-3	51	True	P1-Staff2	5	58.0	1.5	93.0	I	False	('C', 'E-', 'A-')	C	A-	1.0	major triad	(0, 3, 8)	A-	A-	1	None
171.375	1371/8	0.125	1/8	58	A-3	56	True	P1-Staff2	5	58.0	1.5	93.0	I	False	('C', 'E-', 'A-')	C	A-	1.0	major triad	(0, 3, 8)	A-	A-	1	None
171.5	343/2	0.125	1/8	58	C4	60	True	P1-Staff2	5	58.0	1.5	93.0	I	False	('C', 'E-', 'A-')	C	A-	1.0	major triad	(0, 3, 8)	A-	A-	1	None
171.625	1373/8	0.125	1/8	58	A-3	56	True	P1-Staff2	5	58.0	1.5	93.0	I	False	('C', 'E-', 'A-')	C	A-	1.0	major triad	(0, 3, 8)	A-	A-	1	None
171.75	687/4	0.125	1/8	58	E-3	51	True	P1-Staff2	5	58.0	1.5	93.0	I	False	('C', 'E-', 'A-')	C	A-	1.0	major triad	(0, 3, 8)	A-	A-	1	None
171.875	1375/8	0.125	1/8	58	A-3	56	True	P1-Staff2	5	58.0	1.5	93.0	I	False	('C', 'E-', 'A-')	C	A-	1.0	major triad	(0, 3, 8)	A-	A-	1	None
172.0	172	0.125	1/8	58	C3	48	True	P1-Staff2	5	58.0	1.5	93.0	I	False	('C', 'E-', 'A-')	C	A-	1.0	major triad	(0, 3, 8)	A-	A-	1	None
172.125	1377/8	0.125	1/8	58	C4	60	True	P1-Staff2	5	58.0	1.5	93.0	I	False	('C', 'E-', 'A-')	C	A-	1.0	major triad	(0, 3, 8)	A-	A-	1	None
172.25	689/4	0.125	1/8	58	A-3	56	True	P1-Staff2	5	58.0	1.5	93.0	I	False	('C', 'E-', 'A-')	C	A-	1.0	major triad	(0, 3, 8)	A-	A-	1	None
172.375	1379/8	0.125	1/8	58	C4	60	True	P1-Staff2	5	58.0	1.5	93.0	I	False	('C', 'E-', 'A-')	C	A-	1.0	major triad	(0, 3, 8)	A-	A-	1	None
172.5	345/2	0.5	1/2	58	D4	62	True	P1-Staff2	1	58.0	0.5	94.0	viio7/iii	True	('B', 'D', 'F', 'A-')	B	B	0.0	diminished seventh chord	(2, 5, 8, 11)	A-	c	#7	3
172.5	345/2	0.5	1/2	58	A-4	68	True	P1-Staff2	1	58.0	0.5	94.0	viio7/iii	True	('B', 'D', 'F', 'A-')	B	B	0.0	diminished seventh chord	(2, 5, 8, 11)	A-	c	#7	3
172.5	345/2	0.5	1/2	58	D5	74	True	P1-Staff2	1	58.0	0.5	94.0	viio7/iii	True	('B', 'D', 'F', 'A-')	B	B	0.0	diminished seventh chord	(2, 5, 8, 11)	A-	c	#7	3
172.5	345/2	0.125	1/8	58	B2	47	True	P1-Staff2	5	58.0	0.5	94.0	viio7/iii	True	('B', 'D', 'F', 'A-')	B	B	0.0	diminished seventh chord	(2, 5, 8, 11)	A-	c	#7	3
172.625	1381/8	0.125	1/8	58	B3	59	True	P1-Staff2	5	58.0	0.5	94.0	viio7/iii	False	('B', 'D', 'F', 'A-')	B	B	0.0	diminished seventh chord	(2, 5, 8, 11)	A-	c	#7	3
172.75	691/4	0.125	1/8	58	A-3	56	True	P1-Staff2	5	58.0	0.5	94.0	viio7/iii	False	('B', 'D', 'F', 'A-')	B	B	0.0	diminished seventh chord	(2, 5, 8, 11)	A-	c	#7	3
172.875	1383/8	0.125	1/8	58	B3	59	True	P1-Staff2	5	58.0	0.5	94.0	viio7/iii	False	('B', 'D', 'F', 'A-')	B	B	0.0	diminished seventh chord	(2, 5, 8, 11)	A-	c	#7	3
173.0	173	0.5	1/2	58	E-4	63	True	P1-Staff2	1	58.0	0.5	95.0	I	True	('C', 'E-', 'A-')	C	A-	1.0	major triad	(0, 3, 8)	A-	A-	1	None
173.0	173	0.5	1/2	58	A-4	68	True	P1-Staff2	1	58.0	0.5	95.0	I	True	('C', 'E-', 'A-')	C	A-	1.0	major triad	(0, 3, 8)	A-	A-	1	None
173.0	173	0.5	1/2	58	E-5	75	True	P1-Staff2	1	58.0	0.5	95.0	I	True	('C', 'E-', 'A-')	C	A-	1.0	major triad	(0, 3, 8)	A-	A-	1	None
173.0	173	0.125	1/8	58	C3	48	True	P1-Staff2	5	58.0	0.5	95.0	I	True	('C', 'E-', 'A-')	C	A-	1.0	major triad	(0, 3, 8)	A-	A-	1	None
173.125	1385/8	0.125	1/8	58	C4	60	True	P1-Staff2	5	58.0	0.5	95.0	I	False	('C', 'E-', 'A-')	C	A-	1.0	major triad	(0, 3, 8)	A-	A-	1	None
173.25	693/4	0.125	1/8	58	A-3	56	True	P1-Staff2	5	58.0	0.5	95.0	I	False	('C', 'E-', 'A-')	C	A-	1.0	major triad	(0, 3, 8)	A-	A-	1	None
173.375	1387/8	0.125	1/8	58	C4	60	True	P1-Staff2	5	58.0	0.5	95.0	I	False	('C', 'E-', 'A-')	C	A-	1.0	major triad	(0, 3, 8)	A-	A-	1	None
173.5	347/2	0.5	1/2	58	F4	65	True	P1-Staff2	1	58.0	0.5	96.0	IV	True	('D-', 'F', 'A-')	D-	D-	0.0	major triad	(1, 5, 8)	A-	A-	4	None
173.5	347/2	0.5	1/2	58	A-4	68	True	P1-Staff2	1	58.0	0.5	96.0	IV	True	('D-', 'F', 'A-')	D-	D-	0.0	major triad	(1, 5, 8)	A-	A-	4	None
173.5	347/2	0.5	1/2	58	F5	77	True	P1-Staff2	1	58.0	0.5	96.0	IV	True	('D-', 'F', 'A-')	D-	D-	0.0	major triad	(1, 5, 8)	A-	A-	4	None
173.5	347/2	0.125	1/8	58	D-3	49	True	P1-Staff2	5	58.0	0.5	96.0	IV	True	('D-', 'F', 'A-')	D-	D-	0.0	major triad	(1, 5, 8)	A-	A-	4	None
173.625	1389/8	0.125	1/8	58	D-4	61	True	P1-Staff2	5	58.0	0.5	96.0	IV	False	('D-', 'F', 'A-')	D-	D-	0.0	major triad	(1, 5, 8)	A-	A-	4	None
173.75	695/4	0.125	1/8	58	A-3	56	True	P1-Staff2	5	58.0	0.5	96.0	IV	False	('D-', 'F', 'A-')	D-	D-	0.0	major triad	(1, 5, 8)	A-	A-	4	None
173.875	1391/8	0.125	1/8	58	D-4	61	True	P1-Staff2	5	58.0	0.5	96.0	IV	False	('D-', 'F', 'A-')	D-	D-	0.0	major triad	(1, 5, 8)	A-	A-	4	None
174.0	174	0.5	1/2	59	E-5	75	True	P1-Staff2	2	59.0	3.0	97.0	V7	True	('E-', 'G', 'B-', 'D-')	E-	E-	0.0	dominant seventh chord	(1, 3, 7, 10)	A-	A-	5	None
174.0	174	0.125	1/8	59	E-3	51	True	P1-Staff2	5	59.0	3.0	97.0	V7	True	('E-', 'G', 'B-', 'D-')	E-	E-	0.0	dominant seventh chord	(1, 3, 7, 10)	A-	A-	5	None
174.125	1393/8	0.125	1/8	59	E-4	63	True	P1-Staff2	5	59.0	3.0	97.0	V7	False	('E-', 'G', 'B-', 'D-')	E-	E-	0.0	dominant seventh chord	(1, 3, 7, 10)	A-	A-	5	None
174.25	697/4	0.125	1/8	59	G3	55	True	P1-Staff2	5	59.0	3.0	97.0	V7	False	('E-', 'G', 'B-', 'D-')	E-	E-	0.0	dominant seventh chord	(1, 3, 7, 10)	A-	A-	5	None
174.375	1395/8	0.125	1/8	59	E-4	63	True	P1-Staff2	5	59.0	3.0	97.0	V7	False	('E-', 'G', 'B-', 'D-')	E-	E-	0.0	dominant seventh chord	(1, 3, 7, 10)	A-	A-	5	None
174.5	349/2	0.5	1/2	59	D5	74	True	P1-Staff2	2	59.0	3.0	97.0	V7	False	('E-', 'G', 'B-', 'D-')	E-	E-	0.0	dominant seventh chord	(1, 3, 7, 10)	A-	A-	5	None
174.5	349/2	0.125	1/8	59	F3	53	True	P1-Staff2	5	59.0	3.0	97.0	V7	False	('E-', 'G', 'B-', 'D-')	E-	E-	0.0	dominant seventh chord	(1, 3, 7, 10)	A-	A-	5	None
174.625	1397/8	0.125	1/8	59	F4	65	True	P1-Staff2	5	59.0	3.0	97.0	V7	False	('E-', 'G', 'B-', 'D-')	E-	E-	0.0	dominant seventh chord	(1, 3, 7, 10)	A-	A-	5	None
174.75	699/4	0.125	1/8	59	A-3	56	True	P1-Staff2	5	59.0	3.0	97.0	V7	False	('E-', 'G', 'B-', 'D-')	E-	E-	0.0	dominant seventh chord	(1, 3, 7, 10)	A-	A-	5	None
174.875	1399/8	0.125	1/8	59	F4	65	True	P1-Staff2	5	59.0	3.0	97.0	V7	False	('E-', 'G', 'B-', 'D-')	E-	E-	0.0	dominant seventh chord	(1, 3, 7, 10)	A-	A-	5	None
175.0	175	1.5	3/2	59	D-5	73	True	P1-Staff2	2	59.0	3.0	97.0	V7	False	('E-', 'G', 'B-', 'D-')	E-	E-	0.0	dominant seventh chord	(1, 3, 7, 10)	A-	A-	5	None
175.0	175	0.125	1/8	59	G3	55	True	P1-Staff2	5	59.0	3.0	97.0	V7	False	('E-', 'G', 'B-', 'D-')	E-	E-	0.0	dominant seventh chord	(1, 3, 7, 10)	A-	A-	5	None
175.125	1401/8	0.125	1/8	59	G4	67	True	P1-Staff2	5	59.0	3.0	97.0	V7	False	('E-', 'G', 'B-', 'D-')	E-	E-	0.0	dominant seventh chord	(1, 3, 7, 10)	A-	A-	5	None
175.25	701/4	0.125	1/8	59	B-3	58	True	P1-Staff2	5	59.0	3.0	97.0	V7	False	('E-', 'G', 'B-', 'D-')	E-	E-	0.0	dominant seventh chord	(1, 3, 7, 10)	A-	A-	5	None
175.375	1403/8	0.125	1/8	59	G4	67	True	P1-Staff2	5	59.0	3.0	97.0	V7	False	('E-', 'G', 'B-', 'D-')	E-	E-	0.0	dominant seventh chord	(1, 3, 7, 10)	A-	A-	5	None
175.5	351/2	0.125	1/8	59	E-3	51	True	P1-Staff2	5	59.0	3.0	97.0	V7	False	('E-', 'G', 'B-', 'D-')	E-	E-	0.0	dominant seventh chord	(1, 3, 7, 10)	A-	A-	5	None
175.625	1405/8	0.125	1/8	59	E-4	63	True	P1-Staff2	5	59.0	3.0	97.0	V7	False	('E-', 'G', 'B-', 'D-')	E-	E-	0.0	dominant seventh chord	(1, 3, 7, 10)	A-	A-	5	None
175.75	703/4	0.125	1/8	59	G3	55	True	P1-Staff2	5	59.0	3.0	97.0	V7	False	('E-', 'G', 'B-', 'D-')	E-	E-	0.0	dominant seventh chord	(1, 3, 7, 10)	A-	A-	5	None
175.875	1407/8	0.125	1/8	59	E-4	63	True	P1-Staff2	5	59.0	3.0	97.0	V7	False	('E-', 'G', 'B-', 'D-')	E-	E-	0.0	dominant seventh chord	(1, 3, 7, 10)	A-	A-	5	None
176.0	176	0.125	1/8	59	F3	53	True	P1-Staff2	5	59.0	3.0	97.0	V7	False	('E-', 'G', 'B-', 'D-')	E-	E-	0.0	dominant seventh chord	(1, 3, 7, 10)	A-	A-	5	None
176.125	1409/8	0.125	1/8	59	F4	65	True	P1-Staff2	5	59.0	3.0	97.0	V7	False	('E-', 'G', 'B-', 'D-')	E-	E-	0.0	dominant seventh chord	(1, 3, 7, 10)	A-	A-	5	None
176.25	705/4	0.125	1/8	59	A-3	56	True	P1-Staff2	5	59.0	3.0	97.0	V7	False	('E-', 'G', 'B-', 'D-')	E-	E-	0.0	dominant seventh chord	(1, 3, 7, 10)	A-	A-	5	None
176.375	1411/8	0.125	1/8	59	F4	65	True	P1-Staff2	5	59.0	3.0	97.0	V7	False	('E-', 'G', 'B-', 'D-')	E-	E-	0.0	dominant seventh chord	(1, 3, 7, 10)	A-	A-	5	None
176.5	353/2	0.25	1/4	59	C5	72	True	P1-Staff2	2	59.0	3.0	97.0	V7	False	('E-', 'G', 'B-', 'D-')	E-	E-	0.0	dominant seventh chord	(1, 3, 7, 10)	A-	A-	5	None
176.5	353/2	0.125	1/8	59	G3	55	True	P1-Staff2	5	59.0	3.0	97.0	V7	False	('E-', 'G', 'B-', 'D-')	E-	E-	0.0	dominant seventh chord	(1, 3, 7, 10)	A-	A-	5	None
176.625	1413/8	0.125	1/8	59	G4	67	True	P1-Staff2	5	59.0	3.0	97.0	V7	False	('E-', 'G', 'B-', 'D-')	E-	E-	0.0	dominant seventh chord	(1, 3, 7, 10)	A-	A-	5	None
176.75	707/4	0.25	1/4	59	B-4	70	True	P1-Staff2	2	59.0	3.0	97.0	V7	False	('E-', 'G', 'B-', 'D-')	E-	E-	0.0	dominant seventh chord	(1, 3, 7, 10)	A-	A-	5	None
176.75	707/4	0.125	1/8	59	B-3	58	True	P1-Staff2	5	59.0	3.0	97.0	V7	False	('E-', 'G', 'B-', 'D-')	E-	E-	0.0	dominant seventh chord	(1, 3, 7, 10)	A-	A-	5	None
176.875	1415/8	0.125	1/8	59	G4	67	True	P1-Staff2	5	59.0	3.0	97.0	V7	False	('E-', 'G', 'B-', 'D-')	E-	E-	0.0	dominant seventh chord	(1, 3, 7, 10)	A-	A-	5	None
177.0	177	0.125	1/8	60	A-4	68	True	P1-Staff2	2	60.0	3.0	98.0	I	True	('C', 'E-', 'A-')	C	A-	1.0	major triad	(0, 3, 8)	A-	A-	1	None
177.0	177	1.5	3/2	60	C4	60	True	P1-Staff2	1	60.0	3.0	98.0	I	True	('C', 'E-', 'A-')	C	A-	1.0	major triad	(0, 3, 8)	A-	A-	1	None
177.0	177	1.5	3/2	60	E-4	63	True	P1-Staff2	1	60.0	3.0	98.0	I	True	('C', 'E-', 'A-')	C	A-	1.0	major triad	(0, 3, 8)	A-	A-	1	None
177.125	1417/8	0.125	1/8	60	E-5	75	True	P1-Staff2	2	60.0	3.0	98.0	I	False	('C', 'E-', 'A-')	C	A-	1.0	major triad	(0, 3, 8)	A-	A-	1	None
177.25	709/4	0.125	1/8	60	C5	72	True	P1-Staff2	2	60.0	3.0	98.0	I	False	('C', 'E-', 'A-')	C	A-	1.0	major triad	(0, 3, 8)	A-	A-	1	None
177.375	1419/8	0.125	1/8	60	E-5	75	True	P1-Staff2	2	60.0	3.0	98.0	I	False	('C', 'E-', 'A-')	C	A-	1.0	major triad	(0, 3, 8)	A-	A-	1	None
177.5	355/2	0.125	1/8	60	A-5	80	True	P1-Staff2	2	60.0	3.0	98.0	I	False	('C', 'E-', 'A-')	C	A-	1.0	major triad	(0, 3, 8)	A-	A-	1	None
177.625	1421/8	0.125	1/8	60	E-6	87	True	P1-Staff2	2	60.0	3.0	98.0	I	False	('C', 'E-', 'A-')	C	A-	1.0	major triad	(0, 3, 8)	A-	A-	1	None
177.75	711/4	0.125	1/8	60	C6	84	True	P1-Staff2	2	60.0	3.0	98.0	I	False	('C', 'E-', 'A-')	C	A-	1.0	major triad	(0, 3, 8)	A-	A-	1	None
177.875	1423/8	0.125	1/8	60	E-6	87	True	P1-Staff2	2	60.0	3.0	98.0	I	False	('C', 'E-', 'A-')	C	A-	1.0	major triad	(0, 3, 8)	A-	A-	1	None
178.0	178	0.125	1/8	60	A-6	92	True	P1-Staff2	2	60.0	3.0	98.0	I	False	('C', 'E-', 'A-')	C	A-	1.0	major triad	(0, 3, 8)	A-	A-	1	None
178.125	1425/8	0.125	1/8	60	A-5	80	True	P1-Staff2	2	60.0	3.0	98.0	I	False	('C', 'E-', 'A-')	C	A-	1.0	major triad	(0, 3, 8)	A-	A-	1	None
178.25	713/4	0.125	1/8	60	A-6	92	True	P1-Staff2	2	60.0	3.0	98.0	I	False	('C', 'E-', 'A-')	C	A-	1.0	major triad	(0, 3, 8)	A-	A-	1	None
178.375	1427/8	0.125	1/8	60	A-5	80	True	P1-Staff2	2	60.0	3.0	98.0	I	False	('C', 'E-', 'A-')	C	A-	1.0	major triad	(0, 3, 8)	A-	A-	1	None
178.5	357/2	0.125	1/8	60	A-6	92	True	P1-Staff2	2	60.0	3.0	98.0	I	False	('C', 'E-', 'A-')	C	A-	1.0	major triad	(0, 3, 8)	A-	A-	1	None
178.5	357/2	0.5	1/2	60	A-3	56	True	P1-Staff2	1	60.0	3.0	98.0	I	False	('C', 'E-', 'A-')	C	A-	1.0	major triad	(0, 3, 8)	A-	A-	1	None
178.5	357/2	0.5	1/2	60	C4	60	True	P1-Staff2	1	60.0	3.0	98.0	I	False	('C', 'E-', 'A-')	C	A-	1.0	major triad	(0, 3, 8)	A-	A-	1	None
178.625	1429/8	0.125	1/8	60	A-5	80	True	P1-Staff2	2	60.0	3.0	98.0	I	False	('C', 'E-', 'A-')	C	A-	1.0	major triad	(0, 3, 8)	A-	A-	1	None
178.75	715/4	0.125	1/8	60	A-6	92	True	P1-Staff2	2	60.0	3.0	98.0	I	False	('C', 'E-', 'A-')	C	A-	1.0	major triad	(0, 3, 8)	A-	A-	1	None
178.875	1431/8	0.125	1/8	60	A-5	80	True	P1-Staff2	2	60.0	3.0	98.0	I	False	('C', 'E-', 'A-')	C	A-	1.0	major triad	(0, 3, 8)	A-	A-	1	None
179.0	179	0.125	1/8	60	A-6	92	True	P1-Staff2	2	60.0	3.0	98.0	I	False	('C', 'E-', 'A-')	C	A-	1.0	major triad	(0, 3, 8)	A-	A-	1	None
179.0	179	0.75	3/4	60	A-3	56	True	P1-Staff2	1	60.0	3.0	98.0	I	False	('C', 'E-', 'A-')	C	A-	1.0	major triad	(0, 3, 8)	A-	A-	1	None
179.0	179	0.75	3/4	60	C4	60	True	P1-Staff2	1	60.0	3.0	98.0	I	False	('C', 'E-', 'A-')	C	A-	1.0	major triad	(0, 3, 8)	A-	A-	1	None
179.125	1433/8	0.125	1/8	60	A-5	80	True	P1-Staff2	2	60.0	3.0	98.0	I	False	('C', 'E-', 'A-')	C	A-	1.0	major triad	(0, 3, 8)	A-	A-	1	None
179.25	717/4	0.125	1/8	60	A-6	92	True	P1-Staff2	2	60.0	3.0	98.0	I	False	('C', 'E-', 'A-')	C	A-	1.0	major triad	(0, 3, 8)	A-	A-	1	None
179.375	1435/8	0.125	1/8	60	A-5	80	True	P1-Staff2	2	60.0	3.0	98.0	I	False	('C', 'E-', 'A-')	C	A-	1.0	major triad	(0, 3, 8)	A-	A-	1	None
179.5	359/2	0.125	1/8	60	A-6	92	True	P1-Staff2	2	60.0	3.0	98.0	I	False	('C', 'E-', 'A-')	C	A-	1.0	major triad	(0, 3, 8)	A-	A-	1	None
179.625	1437/8	0.125	1/8	60	A-5	80	True	P1-Staff2	2	60.0	3.0	98.0	I	False	('C', 'E-', 'A-')	C	A-	1.0	major triad	(0, 3, 8)	A-	A-	1	None
179.75	719/4	0.125	1/8	60	A-6	92	True	P1-Staff2	2	60.0	3.0	98.0	I	False	('C', 'E-', 'A-')	C	A-	1.0	major triad	(0, 3, 8)	A-	A-	1	None
179.75	719/4	0.25	1/4	60	A-3	56	True	P1-Staff2	1	60.0	3.0	98.0	I	False	('C', 'E-', 'A-')	C	A-	1.0	major triad	(0, 3, 8)	A-	A-	1	None
179.75	719/4	0.25	1/4	60	C4	60	True	P1-Staff2	1	60.0	3.0	98.0	I	False	('C', 'E-', 'A-')	C	A-	1.0	major triad	(0, 3, 8)	A-	A-	1	None
179.875	1439/8	0.125	1/8	60	A-5	80	True	P1-Staff2	2	60.0	3.0	98.0	I	False	('C', 'E-', 'A-')	C	A-	1.0	major triad	(0, 3, 8)	A-	A-	1	None
180.0	180	0.125	1/8	61	A-6	92	True	P1-Staff2	2	61.0	3.0	99.0	ii7	True	('D-', 'F', 'A-', 'B-')	D-	B-	1.0	minor seventh chord	(1, 5, 8, 10)	A-	A-	2	None
180.0	180	1.0	1	61	D-4	61	True	P1-Staff2	1	61.0	3.0	99.0	ii7	True	('D-', 'F', 'A-', 'B-')	D-	B-	1.0	minor seventh chord	(1, 5, 8, 10)	A-	A-	2	None
180.0	180	1.0	1	61	F4	65	True	P1-Staff2	1	61.0	3.0	99.0	ii7	True	('D-', 'F', 'A-', 'B-')	D-	B-	1.0	minor seventh chord	(1, 5, 8, 10)	A-	A-	2	None
180.125	1441/8	0.125	1/8	61	A-5	80	True	P1-Staff2	2	61.0	3.0	99.0	ii7	False	('D-', 'F', 'A-', 'B-')	D-	B-	1.0	minor seventh chord	(1, 5, 8, 10)	A-	A-	2	None
180.25	721/4	0.125	1/8	61	A-6	92	True	P1-Staff2	2	61.0	3.0	99.0	ii7	False	('D-', 'F', 'A-', 'B-')	D-	B-	1.0	minor seventh chord	(1, 5, 8, 10)	A-	A-	2	None
180.375	1443/8	0.125	1/8	61	A-5	80	True	P1-Staff2	2	61.0	3.0	99.0	ii7	False	('D-', 'F', 'A-', 'B-')	D-	B-	1.0	minor seventh chord	(1, 5, 8, 10)	A-	A-	2	None
180.5	361/2	0.125	1/8	61	A-6	92	True	P1-Staff2	2	61.0	3.0	99.0	ii7	False	('D-', 'F', 'A-', 'B-')	D-	B-	1.0	minor seventh chord	(1, 5, 8, 10)	A-	A-	2	None
180.625	1445/8	0.125	1/8	61	A-5	80	True	P1-Staff2	2	61.0	3.0	99.0	ii7	False	('D-', 'F', 'A-', 'B-')	D-	B-	1.0	minor seventh chord	(1, 5, 8, 10)	A-	A-	2	None
180.75	723/4	0.125	1/8	61	A-6	92	True	P1-Staff2	2	61.0	3.0	99.0	ii7	False	('D-', 'F', 'A-', 'B-')	D-	B-	1.0	minor seventh chord	(1, 5, 8, 10)	A-	A-	2	None
180.875	1447/8	0.125	1/8	61	A-5	80	True	P1-Staff2	2	61.0	3.0	99.0	ii7	False	('D-', 'F', 'A-', 'B-')	D-	B-	1.0	minor seventh chord	(1, 5, 8, 10)	A-	A-	2	None
181.0	181	0.125	1/8	61	A-6	92	True	P1-Staff2	2	61.0	3.0	99.0	ii7	False	('D-', 'F', 'A-', 'B-')	D-	B-	1.0	minor seventh chord	(1, 5, 8, 10)	A-	A-	2	None
181.0	181	2.0	2	61	B-3	58	True	P1-Staff2	1	61.0	3.0	99.0	ii7	False	('D-', 'F', 'A-', 'B-')	D-	B-	1.0	minor seventh chord	(1, 5, 8, 10)	A-	A-	2	None
181.0	181	2.0	2	61	D-4	61	True	P1-Staff2	1	61.0	3.0	99.0	ii7	False	('D-', 'F', 'A-', 'B-')	D-	B-	1.0	minor seventh chord	(1, 5, 8, 10)	A-	A-	2	None
181.125	1449/8	0.125	1/8	61	A-5	80	True	P1-Staff2	2	61.0	3.0	99.0	ii7	False	('D-', 'F', 'A-', 'B-')	D-	B-	1.0	minor seventh chord	(1, 5, 8, 10)	A-	A-	2	None
181.25	725/4	0.125	1/8	61	A-6	92	True	P1-Staff2	2	61.0	3.0	99.0	ii7	False	('D-', 'F', 'A-', 'B-')	D-	B-	1.0	minor seventh chord	(1, 5, 8, 10)	A-	A-	2	None
181.375	1451/8	0.125	1/8	61	A-5	80	True	P1-Staff2	2	61.0	3.0	99.0	ii7	False	('D-', 'F', 'A-', 'B-')	D-	B-	1.0	minor seventh chord	(1, 5, 8, 10)	A-	A-	2	None
181.5	363/2	0.125	1/8	61	A-6	92	True	P1-Staff2	2	61.0	3.0	99.0	ii7	False	('D-', 'F', 'A-', 'B-')	D-	B-	1.0	minor seventh chord	(1, 5, 8, 10)	A-	A-	2	None
181.625	1453/8	0.125	1/8	61	A-5	80	True	P1-Staff2	2	61.0	3.0	99.0	ii7	False	('D-', 'F', 'A-', 'B-')	D-	B-	1.0	minor seventh chord	(1, 5, 8, 10)	A-	A-	2	None
181.75	727/4	0.125	1/8	61	A-6	92	True	P1-Staff2	2	61.0	3.0	99.0	ii7	False	('D-', 'F', 'A-', 'B-')	D-	B-	1.0	minor seventh chord	(1, 5, 8, 10)	A-	A-	2	None
181.875	1455/8	0.125	1/8	61	A-5	80	True	P1-Staff2	2	61.0	3.0	99.0	ii7	False	('D-', 'F', 'A-', 'B-')	D-	B-	1.0	minor seventh chord	(1, 5, 8, 10)	A-	A-	2	None
182.0	182	0.125	1/8	61	A-6	92	True	P1-Staff2	2	61.0	3.0	99.0	ii7	False	('D-', 'F', 'A-', 'B-')	D-	B-	1.0	minor seventh chord	(1, 5, 8, 10)	A-	A-	2	None
182.125	1457/8	0.125	1/8	61	A-5	80	True	P1-Staff2	2	61.0	3.0	99.0	ii7	False	('D-', 'F', 'A-', 'B-')	D-	B-	1.0	minor seventh chord	(1, 5, 8, 10)	A-	A-	2	None
182.25	729/4	0.125	1/8	61	A-6	92	True	P1-Staff2	2	61.0	3.0	99.0	ii7	False	('D-', 'F', 'A-', 'B-')	D-	B-	1.0	minor seventh chord	(1, 5, 8, 10)	A-	A-	2	None
182.375	1459/8	0.125	1/8	61	A-5	80	True	P1-Staff2	2	61.0	3.0	99.0	ii7	False	('D-', 'F', 'A-', 'B-')	D-	B-	1.0	minor seventh chord	(1, 5, 8, 10)	A-	A-	2	None
182.5	365/2	0.125	1/8	61	A-6	92	True	P1-Staff2	2	61.0	3.0	99.0	ii7	False	('D-', 'F', 'A-', 'B-')	D-	B-	1.0	minor seventh chord	(1, 5, 8, 10)	A-	A-	2	None
182.625	1461/8	0.125	1/8	61	A-5	80	True	P1-Staff2	2	61.0	3.0	99.0	ii7	False	('D-', 'F', 'A-', 'B-')	D-	B-	1.0	minor seventh chord	(1, 5, 8, 10)	A-	A-	2	None
182.75	731/4	0.125	1/8	61	A-6	92	True	P1-Staff2	2	61.0	3.0	99.0	ii7	False	('D-', 'F', 'A-', 'B-')	D-	B-	1.0	minor seventh chord	(1, 5, 8, 10)	A-	A-	2	None
182.875	1463/8	0.125	1/8	61	A-5	80	True	P1-Staff2	2	61.0	3.0	99.0	ii7	False	('D-', 'F', 'A-', 'B-')	D-	B-	1.0	minor seventh chord	(1, 5, 8, 10)	A-	A-	2	None
183.0	183	0.5	1/2	62	A-6	92	True	P1-Staff2	1	62.0	3.0	100.0	V7	True	('C', 'E-', 'G-', 'A-')	C	A-	1.0	dominant seventh chord	(0, 3, 6, 8)	D-	D-	5	None
183.0	183	1.0	1	62	E-4	63	True	P1-Staff2	1	62.0	3.0	100.0	V7	True	('C', 'E-', 'G-', 'A-')	C	A-	1.0	dominant seventh chord	(0, 3, 6, 8)	D-	D-	5	None
183.0	183	1.0	1	62	G-4	66	True	P1-Staff2	1	62.0	3.0	100.0	V7	True	('C', 'E-', 'G-', 'A-')	C	A-	1.0	dominant seventh chord	(0, 3, 6, 8)	D-	D-	5	None
183.5	367/2	0.25	1/4	62	G-6	90	True	P1-Staff2	1	62.0	3.0	100.0	V7	False	('C', 'E-', 'G-', 'A-')	C	A-	1.0	dominant seventh chord	(0, 3, 6, 8)	D-	D-	5	None
183.75	735/4	0.25	1/4	62	F6	89	True	P1-Staff2	1	62.0	3.0	100.0	V7	False	('C', 'E-', 'G-', 'A-')	C	A-	1.0	dominant seventh chord	(0, 3, 6, 8)	D-	D-	5	None
184.0	184	0.25	1/4	62	F6	89	False	P1-Staff2	1	62.0	3.0	100.0	V7	False	('C', 'E-', 'G-', 'A-')	C	A-	1.0	dominant seventh chord	(0, 3, 6, 8)	D-	D-	5	None
184.0	184	1.0	1	62	E-4	63	True	P1-Staff2	5	62.0	3.0	100.0	V7	False	('C', 'E-', 'G-', 'A-')	C	A-	1.0	dominant seventh chord	(0, 3, 6, 8)	D-	D-	5	None
184.0	184	2.0	2	62	C4	60	True	P1-Staff2	6	62.0	3.0	100.0	V7	False	('C', 'E-', 'G-', 'A-')	C	A-	1.0	dominant seventh chord	(0, 3, 6, 8)	D-	D-	5	None
184.25	737/4	0.125	1/8	62	E-6	87	True	P1-Staff2	1	62.0	3.0	100.0	V7	False	('C', 'E-', 'G-', 'A-')	C	A-	1.0	dominant seventh chord	(0, 3, 6, 8)	D-	D-	5	None
184.375	1475/8	0.125	1/8	62	D6	86	True	P1-Staff2	1	62.0	3.0	100.0	V7	False	('C', 'E-', 'G-', 'A-')	C	A-	1.0	dominant seventh chord	(0, 3, 6, 8)	D-	D-	5	None
184.5	369/2	0.125	1/8	62	E-6	87	True	P1-Staff2	1	62.0	3.0	100.0	V7	False	('C', 'E-', 'G-', 'A-')	C	A-	1.0	dominant seventh chord	(0, 3, 6, 8)	D-	D-	5	None
184.625	1477/8	0.125	1/8	62	F6	89	True	P1-Staff2	1	62.0	3.0	100.0	V7	False	('C', 'E-', 'G-', 'A-')	C	A-	1.0	dominant seventh chord	(0, 3, 6, 8)	D-	D-	5	None
184.75	739/4	0.125	1/8	62	G-6	90	True	P1-Staff2	1	62.0	3.0	100.0	V7	False	('C', 'E-', 'G-', 'A-')	C	A-	1.0	dominant seventh chord	(0, 3, 6, 8)	D-	D-	5	None
184.875	1479/8	0.125	1/8	62	F6	89	True	P1-Staff2	1	62.0	3.0	100.0	V7	False	('C', 'E-', 'G-', 'A-')	C	A-	1.0	dominant seventh chord	(0, 3, 6, 8)	D-	D-	5	None
185.0	185	0.125	1/8	62	E-6	87	True	P1-Staff2	1	62.0	3.0	100.0	V7	False	('C', 'E-', 'G-', 'A-')	C	A-	1.0	dominant seventh chord	(0, 3, 6, 8)	D-	D-	5	None
185.0	185	1.0	1	62	E-4	63	False	P1-Staff2	1	62.0	3.0	100.0	V7	False	('C', 'E-', 'G-', 'A-')	C	A-	1.0	dominant seventh chord	(0, 3, 6, 8)	D-	D-	5	None
185.0	185	1.0	1	62	A-4	68	True	P1-Staff2	1	62.0	3.0	100.0	V7	False	('C', 'E-', 'G-', 'A-')	C	A-	1.0	dominant seventh chord	(0, 3, 6, 8)	D-	D-	5	None
185.125	1481/8	0.125	1/8	62	F6	89	True	P1-Staff2	1	62.0	3.0	100.0	V7	False	('C', 'E-', 'G-', 'A-')	C	A-	1.0	dominant seventh chord	(0, 3, 6, 8)	D-	D-	5	None
185.25	741/4	0.125	1/8	62	E-6	87	True	P1-Staff2	1	62.0	3.0	100.0	V7	False	('C', 'E-', 'G-', 'A-')	C	A-	1.0	dominant seventh chord	(0, 3, 6, 8)	D-	D-	5	None
185.375	1483/8	0.125	1/8	62	D-6	85	True	P1-Staff2	1	62.0	3.0	100.0	V7	False	('C', 'E-', 'G-', 'A-')	C	A-	1.0	dominant seventh chord	(0, 3, 6, 8)	D-	D-	5	None
185.5	371/2	0.125	1/8	62	C6	84	True	P1-Staff2	1	62.0	3.0	100.0	V7	False	('C', 'E-', 'G-', 'A-')	C	A-	1.0	dominant seventh chord	(0, 3, 6, 8)	D-	D-	5	None
185.625	1485/8	0.125	1/8	62	B-5	82	True	P1-Staff2	1	62.0	3.0	100.0	V7	False	('C', 'E-', 'G-', 'A-')	C	A-	1.0	dominant seventh chord	(0, 3, 6, 8)	D-	D-	5	None
185.75	743/4	0.125	1/8	62	A-5	80	True	P1-Staff2	1	62.0	3.0	100.0	V7	False	('C', 'E-', 'G-', 'A-')	C	A-	1.0	dominant seventh chord	(0, 3, 6, 8)	D-	D-	5	None
185.875	1487/8	0.125	1/8	62	G-5	78	True	P1-Staff2	1	62.0	3.0	100.0	V7	False	('C', 'E-', 'G-', 'A-')	C	A-	1.0	dominant seventh chord	(0, 3, 6, 8)	D-	D-	5	None
186.0	186	1.5	3/2	63	F5	77	True	P1-Staff2	6	63.0	3.0	101.0	I	True	('D-', 'F', 'A-')	D-	D-	0.0	major triad	(1, 5, 8)	D-	D-	1	None
186.0	186	0.25	1/4	63	D-4	61	True	P1-Staff2	6	63.0	3.0	101.0	I	True	('D-', 'F', 'A-')	D-	D-	0.0	major triad	(1, 5, 8)	D-	D-	1	None
186.25	745/4	0.25	1/4	63	F4	65	True	P1-Staff2	1	63.0	3.0	101.0	I	False	('D-', 'F', 'A-')	D-	D-	0.0	major triad	(1, 5, 8)	D-	D-	1	None
186.25	745/4	0.25	1/4	63	A-4	68	True	P1-Staff2	1	63.0	3.0	101.0	I	False	('D-', 'F', 'A-')	D-	D-	0.0	major triad	(1, 5, 8)	D-	D-	1	None
186.5	373/2	0.25	1/4	63	F4	65	True	P1-Staff2	1	63.0	3.0	101.0	I	False	('D-', 'F', 'A-')	D-	D-	0.0	major triad	(1, 5, 8)	D-	D-	1	None
186.5	373/2	0.25	1/4	63	A-4	68	True	P1-Staff2	1	63.0	3.0	101.0	I	False	('D-', 'F', 'A-')	D-	D-	0.0	major triad	(1, 5, 8)	D-	D-	1	None
186.75	747/4	0.25	1/4	63	F4	65	True	P1-Staff2	1	63.0	3.0	101.0	I	False	('D-', 'F', 'A-')	D-	D-	0.0	major triad	(1, 5, 8)	D-	D-	1	None
186.75	747/4	0.25	1/4	63	A-4	68	True	P1-Staff2	1	63.0	3.0	101.0	I	False	('D-', 'F', 'A-')	D-	D-	0.0	major triad	(1, 5, 8)	D-	D-	1	None
187.0	187	0.25	1/4	63	D-4	61	True	P1-Staff2	6	63.0	3.0	101.0	I	False	('D-', 'F', 'A-')	D-	D-	0.0	major triad	(1, 5, 8)	D-	D-	1	None
187.25	749/4	0.25	1/4	63	F4	65	True	P1-Staff2	1	63.0	3.0	101.0	I	False	('D-', 'F', 'A-')	D-	D-	0.0	major triad	(1, 5, 8)	D-	D-	1	None
187.25	749/4	0.25	1/4	63	A-4	68	True	P1-Staff2	1	63.0	3.0	101.0	I	False	('D-', 'F', 'A-')	D-	D-	0.0	major triad	(1, 5, 8)	D-	D-	1	None
187.5	375/2	1.0	1	63	A-5	80	True	P1-Staff2	6	63.0	3.0	101.0	I	False	('D-', 'F', 'A-')	D-	D-	0.0	major triad	(1, 5, 8)	D-	D-	1	None
187.5	375/2	0.25	1/4	63	F4	65	True	P1-Staff2	1	63.0	3.0	101.0	I	False	('D-', 'F', 'A-')	D-	D-	0.0	major triad	(1, 5, 8)	D-	D-	1	None
187.5	375/2	0.25	1/4	63	A-4	68	True	P1-Staff2	1	63.0	3.0	101.0	I	False	('D-', 'F', 'A-')	D-	D-	0.0	major triad	(1, 5, 8)	D-	D-	1	None
187.75	751/4	0.25	1/4	63	F4	65	True	P1-Staff2	1	63.0	3.0	101.0	I	False	('D-', 'F', 'A-')	D-	D-	0.0	major triad	(1, 5, 8)	D-	D-	1	None
187.75	751/4	0.25	1/4	63	A-4	68	True	P1-Staff2	1	63.0	3.0	101.0	I	False	('D-', 'F', 'A-')	D-	D-	0.0	major triad	(1, 5, 8)	D-	D-	1	None
188.0	188	0.25	1/4	63	D-4	61	True	P1-Staff2	6	63.0	3.0	101.0	I	False	('D-', 'F', 'A-')	D-	D-	0.0	major triad	(1, 5, 8)	D-	D-	1	None
188.25	753/4	0.25	1/4	63	F4	65	True	P1-Staff2	1	63.0	3.0	101.0	I	False	('D-', 'F', 'A-')	D-	D-	0.0	major triad	(1, 5, 8)	D-	D-	1	None
188.25	753/4	0.25	1/4	63	A-4	68	True	P1-Staff2	1	63.0	3.0	101.0	I	False	('D-', 'F', 'A-')	D-	D-	0.0	major triad	(1, 5, 8)	D-	D-	1	None
188.5	377/2	0.5	1/2	63	D-6	85	True	P1-Staff2	6	63.0	3.0	101.0	I	False	('D-', 'F', 'A-')	D-	D-	0.0	major triad	(1, 5, 8)	D-	D-	1	None
188.5	377/2	0.25	1/4	63	F4	65	True	P1-Staff2	1	63.0	3.0	101.0	I	False	('D-', 'F', 'A-')	D-	D-	0.0	major triad	(1, 5, 8)	D-	D-	1	None
188.5	377/2	0.25	1/4	63	A-4	68	True	P1-Staff2	1	63.0	3.0	101.0	I	False	('D-', 'F', 'A-')	D-	D-	0.0	major triad	(1, 5, 8)	D-	D-	1	None
188.75	755/4	0.25	1/4	63	F4	65	True	P1-Staff2	1	63.0	3.0	101.0	I	False	('D-', 'F', 'A-')	D-	D-	0.0	major triad	(1, 5, 8)	D-	D-	1	None
188.75	755/4	0.25	1/4	63	A-4	68	True	P1-Staff2	1	63.0	3.0	101.0	I	False	('D-', 'F', 'A-')	D-	D-	0.0	major triad	(1, 5, 8)	D-	D-	1	None
189.0	189	1.0	1	64	D-6	85	True	P1-Staff2	6	64.0	3.0	102.0	V7	True	('E-', 'G-', 'A-', 'C')	E-	A-	2.0	dominant seventh chord	(0, 3, 6, 8)	D-	D-	5	None
189.0	189	0.25	1/4	64	E-4	63	True	P1-Staff2	6	64.0	3.0	102.0	V7	True	('E-', 'G-', 'A-', 'C')	E-	A-	2.0	dominant seventh chord	(0, 3, 6, 8)	D-	D-	5	None
189.25	757/4	0.25	1/4	64	G-4	66	True	P1-Staff2	1	64.0	3.0	102.0	V7	False	('E-', 'G-', 'A-', 'C')	E-	A-	2.0	dominant seventh chord	(0, 3, 6, 8)	D-	D-	5	None
189.25	757/4	0.25	1/4	64	A-4	68	True	P1-Staff2	1	64.0	3.0	102.0	V7	False	('E-', 'G-', 'A-', 'C')	E-	A-	2.0	dominant seventh chord	(0, 3, 6, 8)	D-	D-	5	None
189.5	379/2	0.25	1/4	64	G-4	66	True	P1-Staff2	1	64.0	3.0	102.0	V7	False	('E-', 'G-', 'A-', 'C')	E-	A-	2.0	dominant seventh chord	(0, 3, 6, 8)	D-	D-	5	None
189.5	379/2	0.25	1/4	64	A-4	68	True	P1-Staff2	1	64.0	3.0	102.0	V7	False	('E-', 'G-', 'A-', 'C')	E-	A-	2.0	dominant seventh chord	(0, 3, 6, 8)	D-	D-	5	None
189.75	759/4	0.25	1/4	64	G-4	66	True	P1-Staff2	1	64.0	3.0	102.0	V7	False	('E-', 'G-', 'A-', 'C')	E-	A-	2.0	dominant seventh chord	(0, 3, 6, 8)	D-	D-	5	None
189.75	759/4	0.25	1/4	64	A-4	68	True	P1-Staff2	1	64.0	3.0	102.0	V7	False	('E-', 'G-', 'A-', 'C')	E-	A-	2.0	dominant seventh chord	(0, 3, 6, 8)	D-	D-	5	None
190.0	190	2.0	2	64	C6	84	True	P1-Staff2	6	64.0	3.0	102.0	V7	False	('E-', 'G-', 'A-', 'C')	E-	A-	2.0	dominant seventh chord	(0, 3, 6, 8)	D-	D-	5	None
190.0	190	0.25	1/4	64	E-4	63	True	P1-Staff2	6	64.0	3.0	102.0	V7	False	('E-', 'G-', 'A-', 'C')	E-	A-	2.0	dominant seventh chord	(0, 3, 6, 8)	D-	D-	5	None
190.25	761/4	0.25	1/4	64	G-4	66	True	P1-Staff2	1	64.0	3.0	102.0	V7	False	('E-', 'G-', 'A-', 'C')	E-	A-	2.0	dominant seventh chord	(0, 3, 6, 8)	D-	D-	5	None
190.25	761/4	0.25	1/4	64	A-4	68	True	P1-Staff2	1	64.0	3.0	102.0	V7	False	('E-', 'G-', 'A-', 'C')	E-	A-	2.0	dominant seventh chord	(0, 3, 6, 8)	D-	D-	5	None
190.5	381/2	0.25	1/4	64	G-4	66	True	P1-Staff2	1	64.0	3.0	102.0	V7	False	('E-', 'G-', 'A-', 'C')	E-	A-	2.0	dominant seventh chord	(0, 3, 6, 8)	D-	D-	5	None
190.5	381/2	0.25	1/4	64	A-4	68	True	P1-Staff2	1	64.0	3.0	102.0	V7	False	('E-', 'G-', 'A-', 'C')	E-	A-	2.0	dominant seventh chord	(0, 3, 6, 8)	D-	D-	5	None
190.75	763/4	0.25	1/4	64	G-4	66	True	P1-Staff2	1	64.0	3.0	102.0	V7	False	('E-', 'G-', 'A-', 'C')	E-	A-	2.0	dominant seventh chord	(0, 3, 6, 8)	D-	D-	5	None
190.75	763/4	0.25	1/4	64	A-4	68	True	P1-Staff2	1	64.0	3.0	102.0	V7	False	('E-', 'G-', 'A-', 'C')	E-	A-	2.0	dominant seventh chord	(0, 3, 6, 8)	D-	D-	5	None
191.0	191	0.25	1/4	64	E-4	63	True	P1-Staff2	6	64.0	3.0	102.0	V7	False	('E-', 'G-', 'A-', 'C')	E-	A-	2.0	dominant seventh chord	(0, 3, 6, 8)	D-	D-	5	None
191.25	765/4	0.25	1/4	64	G-4	66	True	P1-Staff2	1	64.0	3.0	102.0	V7	False	('E-', 'G-', 'A-', 'C')	E-	A-	2.0	dominant seventh chord	(0, 3, 6, 8)	D-	D-	5	None
191.25	765/4	0.25	1/4	64	A-4	68	True	P1-Staff2	1	64.0	3.0	102.0	V7	False	('E-', 'G-', 'A-', 'C')	E-	A-	2.0	dominant seventh chord	(0, 3, 6, 8)	D-	D-	5	None
191.5	383/2	0.25	1/4	64	G-4	66	True	P1-Staff2	1	64.0	3.0	102.0	V7	False	('E-', 'G-', 'A-', 'C')	E-	A-	2.0	dominant seventh chord	(0, 3, 6, 8)	D-	D-	5	None
191.5	383/2	0.25	1/4	64	A-4	68	True	P1-Staff2	1	64.0	3.0	102.0	V7	False	('E-', 'G-', 'A-', 'C')	E-	A-	2.0	dominant seventh chord	(0, 3, 6, 8)	D-	D-	5	None
191.75	767/4	0.25	1/4	64	G-4	66	True	P1-Staff2	1	64.0	3.0	102.0	V7	False	('E-', 'G-', 'A-', 'C')	E-	A-	2.0	dominant seventh chord	(0, 3, 6, 8)	D-	D-	5	None
191.75	767/4	0.25	1/4	64	A-4	68	True	P1-Staff2	1	64.0	3.0	102.0	V7	False	('E-', 'G-', 'A-', 'C')	E-	A-	2.0	dominant seventh chord	(0, 3, 6, 8)	D-	D-	5	None
192.0	192	1.5	3/2	65	E-6	87	True	P1-Staff2	6	65.0	3.0	103.0	V7	True	('G-', 'A-', 'C', 'E-')	G-	A-	3.0	dominant seventh chord	(0, 3, 6, 8)	D-	D-	5	None
192.0	192	0.25	1/4	65	G-4	66	True	P1-Staff2	6	65.0	3.0	103.0	V7	True	('G-', 'A-', 'C', 'E-')	G-	A-	3.0	dominant seventh chord	(0, 3, 6, 8)	D-	D-	5	None
192.25	769/4	0.25	1/4	65	A-4	68	True	P1-Staff2	1	65.0	3.0	103.0	V7	False	('G-', 'A-', 'C', 'E-')	G-	A-	3.0	dominant seventh chord	(0, 3, 6, 8)	D-	D-	5	None
192.25	769/4	0.25	1/4	65	C5	72	True	P1-Staff2	1	65.0	3.0	103.0	V7	False	('G-', 'A-', 'C', 'E-')	G-	A-	3.0	dominant seventh chord	(0, 3, 6, 8)	D-	D-	5	None
192.25	769/4	0.25	1/4	65	E-5	75	True	P1-Staff2	1	65.0	3.0	103.0	V7	False	('G-', 'A-', 'C', 'E-')	G-	A-	3.0	dominant seventh chord	(0, 3, 6, 8)	D-	D-	5	None
192.5	385/2	0.25	1/4	65	A-4	68	True	P1-Staff2	1	65.0	3.0	103.0	V7	False	('G-', 'A-', 'C', 'E-')	G-	A-	3.0	dominant seventh chord	(0, 3, 6, 8)	D-	D-	5	None
192.5	385/2	0.25	1/4	65	C5	72	True	P1-Staff2	1	65.0	3.0	103.0	V7	False	('G-', 'A-', 'C', 'E-')	G-	A-	3.0	dominant seventh chord	(0, 3, 6, 8)	D-	D-	5	None
192.5	385/2	0.25	1/4	65	E-5	75	True	P1-Staff2	1	65.0	3.0	103.0	V7	False	('G-', 'A-', 'C', 'E-')	G-	A-	3.0	dominant seventh chord	(0, 3, 6, 8)	D-	D-	5	None
192.75	771/4	0.25	1/4	65	A-4	68	True	P1-Staff2	1	65.0	3.0	103.0	V7	False	('G-', 'A-', 'C', 'E-')	G-	A-	3.0	dominant seventh chord	(0, 3, 6, 8)	D-	D-	5	None
192.75	771/4	0.25	1/4	65	C5	72	True	P1-Staff2	1	65.0	3.0	103.0	V7	False	('G-', 'A-', 'C', 'E-')	G-	A-	3.0	dominant seventh chord	(0, 3, 6, 8)	D-	D-	5	None
192.75	771/4	0.25	1/4	65	E-5	75	True	P1-Staff2	1	65.0	3.0	103.0	V7	False	('G-', 'A-', 'C', 'E-')	G-	A-	3.0	dominant seventh chord	(0, 3, 6, 8)	D-	D-	5	None
193.0	193	0.25	1/4	65	G-4	66	True	P1-Staff2	6	65.0	3.0	103.0	V7	False	('G-', 'A-', 'C', 'E-')	G-	A-	3.0	dominant seventh chord	(0, 3, 6, 8)	D-	D-	5	None
193.25	773/4	0.25	1/4	65	A-4	68	True	P1-Staff2	1	65.0	3.0	103.0	V7	False	('G-', 'A-', 'C', 'E-')	G-	A-	3.0	dominant seventh chord	(0, 3, 6, 8)	D-	D-	5	None
193.25	773/4	0.25	1/4	65	C5	72	True	P1-Staff2	1	65.0	3.0	103.0	V7	False	('G-', 'A-', 'C', 'E-')	G-	A-	3.0	dominant seventh chord	(0, 3, 6, 8)	D-	D-	5	None
193.25	773/4	0.25	1/4	65	E-5	75	True	P1-Staff2	1	65.0	3.0	103.0	V7	False	('G-', 'A-', 'C', 'E-')	G-	A-	3.0	dominant seventh chord	(0, 3, 6, 8)	D-	D-	5	None
193.5	387/2	1.0	1	65	C6	84	True	P1-Staff2	6	65.0	3.0	103.0	V7	False	('G-', 'A-', 'C', 'E-')	G-	A-	3.0	dominant seventh chord	(0, 3, 6, 8)	D-	D-	5	None
193.5	387/2	0.25	1/4	65	A-4	68	True	P1-Staff2	1	65.0	3.0	103.0	V7	False	('G-', 'A-', 'C', 'E-')	G-	A-	3.0	dominant seventh chord	(0, 3, 6, 8)	D-	D-	5	None
193.5	387/2	0.25	1/4	65	C5	72	True	P1-Staff2	1	65.0	3.0	103.0	V7	False	('G-', 'A-', 'C', 'E-')	G-	A-	3.0	dominant seventh chord	(0, 3, 6, 8)	D-	D-	5	None
193.5	387/2	0.25	1/4	65	E-5	75	True	P1-Staff2	1	65.0	3.0	103.0	V7	False	('G-', 'A-', 'C', 'E-')	G-	A-	3.0	dominant seventh chord	(0, 3, 6, 8)	D-	D-	5	None
193.75	775/4	0.25	1/4	65	A-4	68	True	P1-Staff2	1	65.0	3.0	103.0	V7	False	('G-', 'A-', 'C', 'E-')	G-	A-	3.0	dominant seventh chord	(0, 3, 6, 8)	D-	D-	5	None
193.75	775/4	0.25	1/4	65	C5	72	True	P1-Staff2	1	65.0	3.0	103.0	V7	False	('G-', 'A-', 'C', 'E-')	G-	A-	3.0	dominant seventh chord	(0, 3, 6, 8)	D-	D-	5	None
193.75	775/4	0.25	1/4	65	E-5	75	True	P1-Staff2	1	65.0	3.0	103.0	V7	False	('G-', 'A-', 'C', 'E-')	G-	A-	3.0	dominant seventh chord	(0, 3, 6, 8)	D-	D-	5	None
194.0	194	0.25	1/4	65	G-4	66	True	P1-Staff2	6	65.0	3.0	103.0	V7	False	('G-', 'A-', 'C', 'E-')	G-	A-	3.0	dominant seventh chord	(0, 3, 6, 8)	D-	D-	5	None
194.25	777/4	0.25	1/4	65	A-4	68	True	P1-Staff2	1	65.0	3.0	103.0	V7	False	('G-', 'A-', 'C', 'E-')	G-	A-	3.0	dominant seventh chord	(0, 3, 6, 8)	D-	D-	5	None
194.25	777/4	0.25	1/4	65	C5	72	True	P1-Staff2	1	65.0	3.0	103.0	V7	False	('G-', 'A-', 'C', 'E-')	G-	A-	3.0	dominant seventh chord	(0, 3, 6, 8)	D-	D-	5	None
194.25	777/4	0.25	1/4	65	E-5	75	True	P1-Staff2	1	65.0	3.0	103.0	V7	False	('G-', 'A-', 'C', 'E-')	G-	A-	3.0	dominant seventh chord	(0, 3, 6, 8)	D-	D-	5	None
194.5	389/2	0.5	1/2	65	A-5	80	True	P1-Staff2	6	65.0	3.0	103.0	V7	False	('G-', 'A-', 'C', 'E-')	G-	A-	3.0	dominant seventh chord	(0, 3, 6, 8)	D-	D-	5	None
194.5	389/2	0.25	1/4	65	A-4	68	True	P1-Staff2	1	65.0	3.0	103.0	V7	False	('G-', 'A-', 'C', 'E-')	G-	A-	3.0	dominant seventh chord	(0, 3, 6, 8)	D-	D-	5	None
194.5	389/2	0.25	1/4	65	C5	72	True	P1-Staff2	1	65.0	3.0	103.0	V7	False	('G-', 'A-', 'C', 'E-')	G-	A-	3.0	dominant seventh chord	(0, 3, 6, 8)	D-	D-	5	None
194.5	389/2	0.25	1/4	65	E-5	75	True	P1-Staff2	1	65.0	3.0	103.0	V7	False	('G-', 'A-', 'C', 'E-')	G-	A-	3.0	dominant seventh chord	(0, 3, 6, 8)	D-	D-	5	None
194.75	779/4	0.25	1/4	65	A-4	68	True	P1-Staff2	1	65.0	3.0	103.0	V7	False	('G-', 'A-', 'C', 'E-')	G-	A-	3.0	dominant seventh chord	(0, 3, 6, 8)	D-	D-	5	None
194.75	779/4	0.25	1/4	65	C5	72	True	P1-Staff2	1	65.0	3.0	103.0	V7	False	('G-', 'A-', 'C', 'E-')	G-	A-	3.0	dominant seventh chord	(0, 3, 6, 8)	D-	D-	5	None
194.75	779/4	0.25	1/4	65	E-5	75	True	P1-Staff2	1	65.0	3.0	103.0	V7	False	('G-', 'A-', 'C', 'E-')	G-	A-	3.0	dominant seventh chord	(0, 3, 6, 8)	D-	D-	5	None
195.0	195	1.0	1	66	A-5	80	True	P1-Staff2	6	66.0	3.0	104.0	I	True	('F', 'A-', 'D-')	F	D-	1.0	major triad	(1, 5, 8)	D-	D-	1	None
195.0	195	0.25	1/4	66	F4	65	True	P1-Staff2	6	66.0	3.0	104.0	I	True	('F', 'A-', 'D-')	F	D-	1.0	major triad	(1, 5, 8)	D-	D-	1	None
195.25	781/4	0.25	1/4	66	A-4	68	True	P1-Staff2	1	66.0	3.0	104.0	I	False	('F', 'A-', 'D-')	F	D-	1.0	major triad	(1, 5, 8)	D-	D-	1	None
195.25	781/4	0.25	1/4	66	D-5	73	True	P1-Staff2	1	66.0	3.0	104.0	I	False	('F', 'A-', 'D-')	F	D-	1.0	major triad	(1, 5, 8)	D-	D-	1	None
195.5	391/2	0.25	1/4	66	A-4	68	True	P1-Staff2	1	66.0	3.0	104.0	I	False	('F', 'A-', 'D-')	F	D-	1.0	major triad	(1, 5, 8)	D-	D-	1	None
195.5	391/2	0.25	1/4	66	D-5	73	True	P1-Staff2	1	66.0	3.0	104.0	I	False	('F', 'A-', 'D-')	F	D-	1.0	major triad	(1, 5, 8)	D-	D-	1	None
195.75	783/4	0.25	1/4	66	A-4	68	True	P1-Staff2	1	66.0	3.0	104.0	I	False	('F', 'A-', 'D-')	F	D-	1.0	major triad	(1, 5, 8)	D-	D-	1	None
195.75	783/4	0.25	1/4	66	D-5	73	True	P1-Staff2	1	66.0	3.0	104.0	I	False	('F', 'A-', 'D-')	F	D-	1.0	major triad	(1, 5, 8)	D-	D-	1	None
196.0	196	1.5	3/2	66	D-6	85	True	P1-Staff2	6	66.0	3.0	104.0	I	False	('F', 'A-', 'D-')	F	D-	1.0	major triad	(1, 5, 8)	D-	D-	1	None
196.0	196	0.25	1/4	66	F4	65	True	P1-Staff2	6	66.0	3.0	104.0	I	False	('F', 'A-', 'D-')	F	D-	1.0	major triad	(1, 5, 8)	D-	D-	1	None
196.25	785/4	0.25	1/4	66	A-4	68	True	P1-Staff2	1	66.0	3.0	104.0	I	False	('F', 'A-', 'D-')	F	D-	1.0	major triad	(1, 5, 8)	D-	D-	1	None
196.25	785/4	0.25	1/4	66	D-5	73	True	P1-Staff2	1	66.0	3.0	104.0	I	False	('F', 'A-', 'D-')	F	D-	1.0	major triad	(1, 5, 8)	D-	D-	1	None
196.5	393/2	0.25	1/4	66	A-4	68	True	P1-Staff2	1	66.0	3.0	104.0	I	False	('F', 'A-', 'D-')	F	D-	1.0	major triad	(1, 5, 8)	D-	D-	1	None
196.5	393/2	0.25	1/4	66	D-5	73	True	P1-Staff2	1	66.0	3.0	104.0	I	False	('F', 'A-', 'D-')	F	D-	1.0	major triad	(1, 5, 8)	D-	D-	1	None
196.75	787/4	0.25	1/4	66	A-4	68	True	P1-Staff2	1	66.0	3.0	104.0	I	False	('F', 'A-', 'D-')	F	D-	1.0	major triad	(1, 5, 8)	D-	D-	1	None
196.75	787/4	0.25	1/4	66	D-5	73	True	P1-Staff2	1	66.0	3.0	104.0	I	False	('F', 'A-', 'D-')	F	D-	1.0	major triad	(1, 5, 8)	D-	D-	1	None
197.0	197	0.25	1/4	66	F4	65	True	P1-Staff2	6	66.0	3.0	104.0	I	False	('F', 'A-', 'D-')	F	D-	1.0	major triad	(1, 5, 8)	D-	D-	1	None
197.25	789/4	0.25	1/4	66	A-4	68	True	P1-Staff2	1	66.0	3.0	104.0	I	False	('F', 'A-', 'D-')	F	D-	1.0	major triad	(1, 5, 8)	D-	D-	1	None
197.25	789/4	0.25	1/4	66	D-5	73	True	P1-Staff2	1	66.0	3.0	104.0	I	False	('F', 'A-', 'D-')	F	D-	1.0	major triad	(1, 5, 8)	D-	D-	1	None
197.5	395/2	0.5	1/2	66	D-6	85	True	P1-Staff2	6	66.0	3.0	104.0	I	False	('F', 'A-', 'D-')	F	D-	1.0	major triad	(1, 5, 8)	D-	D-	1	None
197.5	395/2	0.25	1/4	66	A-4	68	True	P1-Staff2	1	66.0	3.0	104.0	I	False	('F', 'A-', 'D-')	F	D-	1.0	major triad	(1, 5, 8)	D-	D-	1	None
197.5	395/2	0.25	1/4	66	D-5	73	True	P1-Staff2	1	66.0	3.0	104.0	I	False	('F', 'A-', 'D-')	F	D-	1.0	major triad	(1, 5, 8)	D-	D-	1	None
197.75	791/4	0.25	1/4	66	A-4	68	True	P1-Staff2	1	66.0	3.0	104.0	I	False	('F', 'A-', 'D-')	F	D-	1.0	major triad	(1, 5, 8)	D-	D-	1	None
197.75	791/4	0.25	1/4	66	D-5	73	True	P1-Staff2	1	66.0	3.0	104.0	I	False	('F', 'A-', 'D-')	F	D-	1.0	major triad	(1, 5, 8)	D-	D-	1	None
198.0	198	1.0	1	67	C#6	85	True	P1-Staff2	6	67.0	3.0	105.0	vi	True	('E', 'G#', 'C#')	E	C#	1.0	minor triad	(1, 4, 8)	E	E	6	None
198.0	198	0.25	1/4	67	E4	64	True	P1-Staff2	6	67.0	3.0	105.0	vi	True	('E', 'G#', 'C#')	E	C#	1.0	minor triad	(1, 4, 8)	E	E	6	None
198.25	793/4	0.25	1/4	67	G#4	68	True	P1-Staff2	1	67.0	3.0	105.0	vi	False	('E', 'G#', 'C#')	E	C#	1.0	minor triad	(1, 4, 8)	E	E	6	None
198.25	793/4	0.25	1/4	67	C#5	73	True	P1-Staff2	1	67.0	3.0	105.0	vi	False	('E', 'G#', 'C#')	E	C#	1.0	minor triad	(1, 4, 8)	E	E	6	None
198.5	397/2	0.25	1/4	67	G#4	68	True	P1-Staff2	1	67.0	3.0	105.0	vi	False	('E', 'G#', 'C#')	E	C#	1.0	minor triad	(1, 4, 8)	E	E	6	None
198.5	397/2	0.25	1/4	67	C#5	73	True	P1-Staff2	1	67.0	3.0	105.0	vi	False	('E', 'G#', 'C#')	E	C#	1.0	minor triad	(1, 4, 8)	E	E	6	None
198.75	795/4	0.25	1/4	67	G#4	68	True	P1-Staff2	1	67.0	3.0	105.0	vi	False	('E', 'G#', 'C#')	E	C#	1.0	minor triad	(1, 4, 8)	E	E	6	None
198.75	795/4	0.25	1/4	67	C#5	73	True	P1-Staff2	1	67.0	3.0	105.0	vi	False	('E', 'G#', 'C#')	E	C#	1.0	minor triad	(1, 4, 8)	E	E	6	None
199.0	199	1.5	3/2	67	C#6	85	True	P1-Staff2	6	67.0	3.0	105.0	vi	False	('E', 'G#', 'C#')	E	C#	1.0	minor triad	(1, 4, 8)	E	E	6	None
199.0	199	0.25	1/4	67	E4	64	True	P1-Staff2	6	67.0	3.0	105.0	vi	False	('E', 'G#', 'C#')	E	C#	1.0	minor triad	(1, 4, 8)	E	E	6	None
199.25	797/4	0.25	1/4	67	G#4	68	True	P1-Staff2	1	67.0	3.0	105.0	vi	False	('E', 'G#', 'C#')	E	C#	1.0	minor triad	(1, 4, 8)	E	E	6	None
199.25	797/4	0.25	1/4	67	C#5	73	True	P1-Staff2	1	67.0	3.0	105.0	vi	False	('E', 'G#', 'C#')	E	C#	1.0	minor triad	(1, 4, 8)	E	E	6	None
199.5	399/2	0.25	1/4	67	G#4	68	True	P1-Staff2	1	67.0	3.0	105.0	vi	False	('E', 'G#', 'C#')	E	C#	1.0	minor triad	(1, 4, 8)	E	E	6	None
199.5	399/2	0.25	1/4	67	C#5	73	True	P1-Staff2	1	67.0	3.0	105.0	vi	False	('E', 'G#', 'C#')	E	C#	1.0	minor triad	(1, 4, 8)	E	E	6	None
199.75	799/4	0.25	1/4	67	G#4	68	True	P1-Staff2	1	67.0	3.0	105.0	vi	False	('E', 'G#', 'C#')	E	C#	1.0	minor triad	(1, 4, 8)	E	E	6	None
199.75	799/4	0.25	1/4	67	C#5	73	True	P1-Staff2	1	67.0	3.0	105.0	vi	False	('E', 'G#', 'C#')	E	C#	1.0	minor triad	(1, 4, 8)	E	E	6	None
200.0	200	0.25	1/4	67	E4	64	True	P1-Staff2	6	67.0	3.0	105.0	vi	False	('E', 'G#', 'C#')	E	C#	1.0	minor triad	(1, 4, 8)	E	E	6	None
200.25	801/4	0.25	1/4	67	G#4	68	True	P1-Staff2	1	67.0	3.0	105.0	vi	False	('E', 'G#', 'C#')	E	C#	1.0	minor triad	(1, 4, 8)	E	E	6	None
200.25	801/4	0.25	1/4	67	C#5	73	True	P1-Staff2	1	67.0	3.0	105.0	vi	False	('E', 'G#', 'C#')	E	C#	1.0	minor triad	(1, 4, 8)	E	E	6	None
200.5	401/2	0.5	1/2	67	C#6	85	True	P1-Staff2	6	67.0	3.0	105.0	vi	False	('E', 'G#', 'C#')	E	C#	1.0	minor triad	(1, 4, 8)	E	E	6	None
200.5	401/2	0.25	1/4	67	G#4	68	True	P1-Staff2	1	67.0	3.0	105.0	vi	False	('E', 'G#', 'C#')	E	C#	1.0	minor triad	(1, 4, 8)	E	E	6	None
200.5	401/2	0.25	1/4	67	C#5	73	True	P1-Staff2	1	67.0	3.0	105.0	vi	False	('E', 'G#', 'C#')	E	C#	1.0	minor triad	(1, 4, 8)	E	E	6	None
200.75	803/4	0.25	1/4	67	G#4	68	True	P1-Staff2	1	67.0	3.0	105.0	vi	False	('E', 'G#', 'C#')	E	C#	1.0	minor triad	(1, 4, 8)	E	E	6	None
200.75	803/4	0.25	1/4	67	C#5	73	True	P1-Staff2	1	67.0	3.0	105.0	vi	False	('E', 'G#', 'C#')	E	C#	1.0	minor triad	(1, 4, 8)	E	E	6	None
201.0	201	1.0	1	68	C#6	85	True	P1-Staff2	6	68.0	3.0	106.0	V	True	('D#', 'F#', 'B')	D#	B	1.0	major triad	(3, 6, 11)	E	E	5	None
201.0	201	0.25	1/4	68	D#4	63	True	P1-Staff2	6	68.0	3.0	106.0	V	True	('D#', 'F#', 'B')	D#	B	1.0	major triad	(3, 6, 11)	E	E	5	None
201.25	805/4	0.25	1/4	68	F#4	66	True	P1-Staff2	1	68.0	3.0	106.0	V	False	('D#', 'F#', 'B')	D#	B	1.0	major triad	(3, 6, 11)	E	E	5	None
201.25	805/4	0.25	1/4	68	B4	71	True	P1-Staff2	1	68.0	3.0	106.0	V	False	('D#', 'F#', 'B')	D#	B	1.0	major triad	(3, 6, 11)	E	E	5	None
201.5	403/2	0.25	1/4	68	F#4	66	True	P1-Staff2	1	68.0	3.0	106.0	V	False	('D#', 'F#', 'B')	D#	B	1.0	major triad	(3, 6, 11)	E	E	5	None
201.5	403/2	0.25	1/4	68	B4	71	True	P1-Staff2	1	68.0	3.0	106.0	V	False	('D#', 'F#', 'B')	D#	B	1.0	major triad	(3, 6, 11)	E	E	5	None
201.75	807/4	0.25	1/4	68	F#4	66	True	P1-Staff2	1	68.0	3.0	106.0	V	False	('D#', 'F#', 'B')	D#	B	1.0	major triad	(3, 6, 11)	E	E	5	None
201.75	807/4	0.25	1/4	68	B4	71	True	P1-Staff2	1	68.0	3.0	106.0	V	False	('D#', 'F#', 'B')	D#	B	1.0	major triad	(3, 6, 11)	E	E	5	None
202.0	202	1.5	3/2	68	B5	83	True	P1-Staff2	6	68.0	3.0	106.0	V	False	('D#', 'F#', 'B')	D#	B	1.0	major triad	(3, 6, 11)	E	E	5	None
202.0	202	0.25	1/4	68	D#4	63	True	P1-Staff2	6	68.0	3.0	106.0	V	False	('D#', 'F#', 'B')	D#	B	1.0	major triad	(3, 6, 11)	E	E	5	None
202.25	809/4	0.25	1/4	68	F#4	66	True	P1-Staff2	1	68.0	3.0	106.0	V	False	('D#', 'F#', 'B')	D#	B	1.0	major triad	(3, 6, 11)	E	E	5	None
202.25	809/4	0.25	1/4	68	B4	71	True	P1-Staff2	1	68.0	3.0	106.0	V	False	('D#', 'F#', 'B')	D#	B	1.0	major triad	(3, 6, 11)	E	E	5	None
202.5	405/2	0.25	1/4	68	F#4	66	True	P1-Staff2	1	68.0	3.0	106.0	V	False	('D#', 'F#', 'B')	D#	B	1.0	major triad	(3, 6, 11)	E	E	5	None
202.5	405/2	0.25	1/4	68	B4	71	True	P1-Staff2	1	68.0	3.0	106.0	V	False	('D#', 'F#', 'B')	D#	B	1.0	major triad	(3, 6, 11)	E	E	5	None
202.75	811/4	0.25	1/4	68	F#4	66	True	P1-Staff2	1	68.0	3.0	106.0	V	False	('D#', 'F#', 'B')	D#	B	1.0	major triad	(3, 6, 11)	E	E	5	None
202.75	811/4	0.25	1/4	68	B4	71	True	P1-Staff2	1	68.0	3.0	106.0	V	False	('D#', 'F#', 'B')	D#	B	1.0	major triad	(3, 6, 11)	E	E	5	None
203.0	203	0.25	1/4	68	D#4	63	True	P1-Staff2	6	68.0	3.0	106.0	V	False	('D#', 'F#', 'B')	D#	B	1.0	major triad	(3, 6, 11)	E	E	5	None
203.25	813/4	0.25	1/4	68	F#4	66	True	P1-Staff2	1	68.0	3.0	106.0	V	False	('D#', 'F#', 'B')	D#	B	1.0	major triad	(3, 6, 11)	E	E	5	None
203.25	813/4	0.25	1/4	68	B4	71	True	P1-Staff2	1	68.0	3.0	106.0	V	False	('D#', 'F#', 'B')	D#	B	1.0	major triad	(3, 6, 11)	E	E	5	None
203.5	407/2	0.5	1/2	68	B5	83	True	P1-Staff2	6	68.0	3.0	106.0	V	False	('D#', 'F#', 'B')	D#	B	1.0	major triad	(3, 6, 11)	E	E	5	None
203.5	407/2	0.25	1/4	68	F#4	66	True	P1-Staff2	1	68.0	3.0	106.0	V	False	('D#', 'F#', 'B')	D#	B	1.0	major triad	(3, 6, 11)	E	E	5	None
203.5	407/2	0.25	1/4	68	B4	71	True	P1-Staff2	1	68.0	3.0	106.0	V	False	('D#', 'F#', 'B')	D#	B	1.0	major triad	(3, 6, 11)	E	E	5	None
203.75	815/4	0.25	1/4	68	F#4	66	True	P1-Staff2	1	68.0	3.0	106.0	V	False	('D#', 'F#', 'B')	D#	B	1.0	major triad	(3, 6, 11)	E	E	5	None
203.75	815/4	0.25	1/4	68	B4	71	True	P1-Staff2	1	68.0	3.0	106.0	V	False	('D#', 'F#', 'B')	D#	B	1.0	major triad	(3, 6, 11)	E	E	5	None
204.0	204	0.5	1/2	69	B5	83	True	P1-Staff2	6	69.0	3.0	107.0	V7	True	('D#', 'F#', 'A', 'B')	D#	B	1.0	dominant seventh chord	(3, 6, 9, 11)	E	E	5	None
204.0	204	0.25	1/4	69	D#4	63	True	P1-Staff2	6	69.0	3.0	107.0	V7	True	('D#', 'F#', 'A', 'B')	D#	B	1.0	dominant seventh chord	(3, 6, 9, 11)	E	E	5	None
204.25	817/4	0.25	1/4	69	F#4	66	True	P1-Staff2	1	69.0	3.0	107.0	V7	False	('D#', 'F#', 'A', 'B')	D#	B	1.0	dominant seventh chord	(3, 6, 9, 11)	E	E	5	None
204.25	817/4	0.25	1/4	69	B4	71	True	P1-Staff2	1	69.0	3.0	107.0	V7	False	('D#', 'F#', 'A', 'B')	D#	B	1.0	dominant seventh chord	(3, 6, 9, 11)	E	E	5	None
204.5	409/2	0.5	1/2	69	A5	81	True	P1-Staff2	6	69.0	3.0	107.0	V7	False	('D#', 'F#', 'A', 'B')	D#	B	1.0	dominant seventh chord	(3, 6, 9, 11)	E	E	5	None
204.5	409/2	0.25	1/4	69	F#4	66	True	P1-Staff2	1	69.0	3.0	107.0	V7	False	('D#', 'F#', 'A', 'B')	D#	B	1.0	dominant seventh chord	(3, 6, 9, 11)	E	E	5	None
204.5	409/2	0.25	1/4	69	B4	71	True	P1-Staff2	1	69.0	3.0	107.0	V7	False	('D#', 'F#', 'A', 'B')	D#	B	1.0	dominant seventh chord	(3, 6, 9, 11)	E	E	5	None
204.75	819/4	0.25	1/4	69	F#4	66	True	P1-Staff2	1	69.0	3.0	107.0	V7	False	('D#', 'F#', 'A', 'B')	D#	B	1.0	dominant seventh chord	(3, 6, 9, 11)	E	E	5	None
204.75	819/4	0.25	1/4	69	B4	71	True	P1-Staff2	1	69.0	3.0	107.0	V7	False	('D#', 'F#', 'A', 'B')	D#	B	1.0	dominant seventh chord	(3, 6, 9, 11)	E	E	5	None
205.0	205	0.125	1/8	69	A5	81	False	P1-Staff2	6	69.0	3.0	107.0	V7	False	('D#', 'F#', 'A', 'B')	D#	B	1.0	dominant seventh chord	(3, 6, 9, 11)	E	E	5	None
205.0	205	0.25	1/4	69	D#4	63	True	P1-Staff2	6	69.0	3.0	107.0	V7	False	('D#', 'F#', 'A', 'B')	D#	B	1.0	dominant seventh chord	(3, 6, 9, 11)	E	E	5	None
205.125	1641/8	0.125	1/8	69	B5	83	True	P1-Staff2	6	69.0	3.0	107.0	V7	False	('D#', 'F#', 'A', 'B')	D#	B	1.0	dominant seventh chord	(3, 6, 9, 11)	E	E	5	None
205.25	821/4	0.125	1/8	69	A5	81	True	P1-Staff2	6	69.0	3.0	107.0	V7	False	('D#', 'F#', 'A', 'B')	D#	B	1.0	dominant seventh chord	(3, 6, 9, 11)	E	E	5	None
205.25	821/4	0.25	1/4	69	F#4	66	True	P1-Staff2	1	69.0	3.0	107.0	V7	False	('D#', 'F#', 'A', 'B')	D#	B	1.0	dominant seventh chord	(3, 6, 9, 11)	E	E	5	None
205.25	821/4	0.25	1/4	69	B4	71	True	P1-Staff2	1	69.0	3.0	107.0	V7	False	('D#', 'F#', 'A', 'B')	D#	B	1.0	dominant seventh chord	(3, 6, 9, 11)	E	E	5	None
205.375	1643/8	0.125	1/8	69	G#5	80	True	P1-Staff2	6	69.0	3.0	107.0	V7	False	('D#', 'F#', 'A', 'B')	D#	B	1.0	dominant seventh chord	(3, 6, 9, 11)	E	E	5	None
205.5	411/2	0.25	1/4	69	A5	81	True	P1-Staff2	6	69.0	3.0	107.0	V7	False	('D#', 'F#', 'A', 'B')	D#	B	1.0	dominant seventh chord	(3, 6, 9, 11)	E	E	5	None
205.5	411/2	0.25	1/4	69	F#4	66	True	P1-Staff2	1	69.0	3.0	107.0	V7	False	('D#', 'F#', 'A', 'B')	D#	B	1.0	dominant seventh chord	(3, 6, 9, 11)	E	E	5	None
205.5	411/2	0.25	1/4	69	B4	71	True	P1-Staff2	1	69.0	3.0	107.0	V7	False	('D#', 'F#', 'A', 'B')	D#	B	1.0	dominant seventh chord	(3, 6, 9, 11)	E	E	5	None
205.75	823/4	0.25	1/4	69	B5	83	True	P1-Staff2	6	69.0	3.0	107.0	V7	False	('D#', 'F#', 'A', 'B')	D#	B	1.0	dominant seventh chord	(3, 6, 9, 11)	E	E	5	None
205.75	823/4	0.25	1/4	69	F#4	66	True	P1-Staff2	1	69.0	3.0	107.0	V7	False	('D#', 'F#', 'A', 'B')	D#	B	1.0	dominant seventh chord	(3, 6, 9, 11)	E	E	5	None
205.75	823/4	0.25	1/4	69	B4	71	True	P1-Staff2	1	69.0	3.0	107.0	V7	False	('D#', 'F#', 'A', 'B')	D#	B	1.0	dominant seventh chord	(3, 6, 9, 11)	E	E	5	None
206.0	206	0.125	1/8	69	A5	81	True	P1-Staff2	6	69.0	3.0	107.0	V7	False	('D#', 'F#', 'A', 'B')	D#	B	1.0	dominant seventh chord	(3, 6, 9, 11)	E	E	5	None
206.0	206	0.25	1/4	69	D#4	63	True	P1-Staff2	6	69.0	3.0	107.0	V7	False	('D#', 'F#', 'A', 'B')	D#	B	1.0	dominant seventh chord	(3, 6, 9, 11)	E	E	5	None
206.125	1649/8	0.125	1/8	69	B5	83	True	P1-Staff2	6	69.0	3.0	107.0	V7	False	('D#', 'F#', 'A', 'B')	D#	B	1.0	dominant seventh chord	(3, 6, 9, 11)	E	E	5	None
206.25	825/4	0.25	1/4	69	C#6	85	True	P1-Staff2	6	69.0	3.0	107.0	V7	False	('D#', 'F#', 'A', 'B')	D#	B	1.0	dominant seventh chord	(3, 6, 9, 11)	E	E	5	None
206.25	825/4	0.25	1/4	69	F#4	66	True	P1-Staff2	1	69.0	3.0	107.0	V7	False	('D#', 'F#', 'A', 'B')	D#	B	1.0	dominant seventh chord	(3, 6, 9, 11)	E	E	5	None
206.25	825/4	0.25	1/4	69	B4	71	True	P1-Staff2	1	69.0	3.0	107.0	V7	False	('D#', 'F#', 'A', 'B')	D#	B	1.0	dominant seventh chord	(3, 6, 9, 11)	E	E	5	None
206.5	413/2	0.25	1/4	69	B5	83	True	P1-Staff2	6	69.0	3.0	107.0	V7	False	('D#', 'F#', 'A', 'B')	D#	B	1.0	dominant seventh chord	(3, 6, 9, 11)	E	E	5	None
206.5	413/2	0.25	1/4	69	F#4	66	True	P1-Staff2	1	69.0	3.0	107.0	V7	False	('D#', 'F#', 'A', 'B')	D#	B	1.0	dominant seventh chord	(3, 6, 9, 11)	E	E	5	None
206.5	413/2	0.25	1/4	69	B4	71	True	P1-Staff2	1	69.0	3.0	107.0	V7	False	('D#', 'F#', 'A', 'B')	D#	B	1.0	dominant seventh chord	(3, 6, 9, 11)	E	E	5	None
206.75	827/4	0.25	1/4	69	A5	81	True	P1-Staff2	6	69.0	3.0	107.0	V7	False	('D#', 'F#', 'A', 'B')	D#	B	1.0	dominant seventh chord	(3, 6, 9, 11)	E	E	5	None
206.75	827/4	0.25	1/4	69	F#4	66	True	P1-Staff2	1	69.0	3.0	107.0	V7	False	('D#', 'F#', 'A', 'B')	D#	B	1.0	dominant seventh chord	(3, 6, 9, 11)	E	E	5	None
206.75	827/4	0.25	1/4	69	B4	71	True	P1-Staff2	1	69.0	3.0	107.0	V7	False	('D#', 'F#', 'A', 'B')	D#	B	1.0	dominant seventh chord	(3, 6, 9, 11)	E	E	5	None
207.0	207	0.125	1/8	70	G#5	80	True	P1-Staff2	6	70.0	3.0	108.0	I	True	('E', 'G#', 'B')	E	E	0.0	major triad	(4, 8, 11)	E	E	1	None
207.0	207	0.5	1/2	70	E4	64	True	P1-Staff2	1	70.0	3.0	108.0	I	True	('E', 'G#', 'B')	E	E	0.0	major triad	(4, 8, 11)	E	E	1	None
207.0	207	0.5	1/2	70	G#4	68	True	P1-Staff2	1	70.0	3.0	108.0	I	True	('E', 'G#', 'B')	E	E	0.0	major triad	(4, 8, 11)	E	E	1	None
207.0	207	0.5	1/2	70	B4	71	True	P1-Staff2	1	70.0	3.0	108.0	I	True	('E', 'G#', 'B')	E	E	0.0	major triad	(4, 8, 11)	E	E	1	None
207.125	1657/8	0.125	1/8	70	E6	88	True	P1-Staff2	6	70.0	3.0	108.0	I	False	('E', 'G#', 'B')	E	E	0.0	major triad	(4, 8, 11)	E	E	1	None
207.25	829/4	0.125	1/8	70	B5	83	True	P1-Staff2	6	70.0	3.0	108.0	I	False	('E', 'G#', 'B')	E	E	0.0	major triad	(4, 8, 11)	E	E	1	None
207.375	1659/8	0.125	1/8	70	E6	88	True	P1-Staff2	6	70.0	3.0	108.0	I	False	('E', 'G#', 'B')	E	E	0.0	major triad	(4, 8, 11)	E	E	1	None
207.5	415/2	0.125	1/8	70	G#6	92	True	P1-Staff2	6	70.0	3.0	108.0	I	False	('E', 'G#', 'B')	E	E	0.0	major triad	(4, 8, 11)	E	E	1	None
207.625	1661/8	0.125	1/8	70	E6	88	True	P1-Staff2	6	70.0	3.0	108.0	I	False	('E', 'G#', 'B')	E	E	0.0	major triad	(4, 8, 11)	E	E	1	None
207.75	831/4	0.125	1/8	70	B5	83	True	P1-Staff2	6	70.0	3.0	108.0	I	False	('E', 'G#', 'B')	E	E	0.0	major triad	(4, 8, 11)	E	E	1	None
207.875	1663/8	0.125	1/8	70	E6	88	True	P1-Staff2	6	70.0	3.0	108.0	I	False	('E', 'G#', 'B')	E	E	0.0	major triad	(4, 8, 11)	E	E	1	None
208.0	208	0.125	1/8	70	G#5	80	True	P1-Staff2	6	70.0	3.0	108.0	I	False	('E', 'G#', 'B')	E	E	0.0	major triad	(4, 8, 11)	E	E	1	None
208.125	1665/8	0.125	1/8	70	E5	76	True	P1-Staff2	6	70.0	3.0	108.0	I	False	('E', 'G#', 'B')	E	E	0.0	major triad	(4, 8, 11)	E	E	1	None
208.25	833/4	0.125	1/8	70	B4	71	True	P1-Staff2	6	70.0	3.0	108.0	I	False	('E', 'G#', 'B')	E	E	0.0	major triad	(4, 8, 11)	E	E	1	None
208.375	1667/8	0.125	1/8	70	E5	76	True	P1-Staff2	6	70.0	3.0	108.0	I	False	('E', 'G#', 'B')	E	E	0.0	major triad	(4, 8, 11)	E	E	1	None
208.5	417/2	0.125	1/8	70	G#4	68	True	P1-Staff2	6	70.0	3.0	108.0	I	False	('E', 'G#', 'B')	E	E	0.0	major triad	(4, 8, 11)	E	E	1	None
208.625	1669/8	0.125	1/8	70	E4	64	True	P1-Staff2	6	70.0	3.0	108.0	I	False	('E', 'G#', 'B')	E	E	0.0	major triad	(4, 8, 11)	E	E	1	None
208.75	835/4	0.125	1/8	70	B3	59	True	P1-Staff2	6	70.0	3.0	108.0	I	False	('E', 'G#', 'B')	E	E	0.0	major triad	(4, 8, 11)	E	E	1	None
208.875	1671/8	0.125	1/8	70	E4	64	True	P1-Staff2	6	70.0	3.0	108.0	I	False	('E', 'G#', 'B')	E	E	0.0	major triad	(4, 8, 11)	E	E	1	None
209.0	209	0.125	1/8	70	G#3	56	True	P1-Staff2	6	70.0	3.0	108.0	I	False	('E', 'G#', 'B')	E	E	0.0	major triad	(4, 8, 11)	E	E	1	None
209.125	1673/8	0.125	1/8	70	E3	52	True	P1-Staff2	6	70.0	3.0	108.0	I	False	('E', 'G#', 'B')	E	E	0.0	major triad	(4, 8, 11)	E	E	1	None
209.25	837/4	0.125	1/8	70	B2	47	True	P1-Staff2	6	70.0	3.0	108.0	I	False	('E', 'G#', 'B')	E	E	0.0	major triad	(4, 8, 11)	E	E	1	None
209.375	1675/8	0.125	1/8	70	E3	52	True	P1-Staff2	6	70.0	3.0	108.0	I	False	('E', 'G#', 'B')	E	E	0.0	major triad	(4, 8, 11)	E	E	1	None
209.5	419/2	0.125	1/8	70	G#2	44	True	P1-Staff2	6	70.0	3.0	108.0	I	False	('E', 'G#', 'B')	E	E	0.0	major triad	(4, 8, 11)	E	E	1	None
209.5	419/2	0.5	1/2	70	E2	40	True	P1-Staff2	6	70.0	3.0	108.0	I	False	('E', 'G#', 'B')	E	E	0.0	major triad	(4, 8, 11)	E	E	1	None
209.625	1677/8	0.125	1/8	70	E3	52	True	P1-Staff2	6	70.0	3.0	108.0	I	False	('E', 'G#', 'B')	E	E	0.0	major triad	(4, 8, 11)	E	E	1	None
209.75	839/4	0.125	1/8	70	B2	47	True	P1-Staff2	6	70.0	3.0	108.0	I	False	('E', 'G#', 'B')	E	E	0.0	major triad	(4, 8, 11)	E	E	1	None
209.875	1679/8	0.125	1/8	70	E3	52	True	P1-Staff2	6	70.0	3.0	108.0	I	False	('E', 'G#', 'B')	E	E	0.0	major triad	(4, 8, 11)	E	E	1	None
210.0	210	0.125	1/8	71	D#2	39	True	P1-Staff2	6	71.0	3.0	109.0	V7	True	('F#', 'A', 'B', 'D#')	F#	B	2.0	dominant seventh chord	(3, 6, 9, 11)	E	E	5	None
210.0	210	0.5	1/2	71	F#1	30	True	P1-Staff2	1	71.0	3.0	109.0	V7	True	('F#', 'A', 'B', 'D#')	F#	B	2.0	dominant seventh chord	(3, 6, 9, 11)	E	E	5	None
210.0	210	0.5	1/2	71	B1	35	True	P1-Staff2	1	71.0	3.0	109.0	V7	True	('F#', 'A', 'B', 'D#')	F#	B	2.0	dominant seventh chord	(3, 6, 9, 11)	E	E	5	None
210.0	210	0.5	1/2	71	F#2	42	True	P1-Staff2	1	71.0	3.0	109.0	V7	True	('F#', 'A', 'B', 'D#')	F#	B	2.0	dominant seventh chord	(3, 6, 9, 11)	E	E	5	None
210.125	1681/8	0.125	1/8	71	B2	47	True	P1-Staff2	6	71.0	3.0	109.0	V7	False	('F#', 'A', 'B', 'D#')	F#	B	2.0	dominant seventh chord	(3, 6, 9, 11)	E	E	5	None
210.25	841/4	0.125	1/8	71	A2	45	True	P1-Staff2	6	71.0	3.0	109.0	V7	False	('F#', 'A', 'B', 'D#')	F#	B	2.0	dominant seventh chord	(3, 6, 9, 11)	E	E	5	None
210.375	1683/8	0.125	1/8	71	B2	47	True	P1-Staff2	6	71.0	3.0	109.0	V7	False	('F#', 'A', 'B', 'D#')	F#	B	2.0	dominant seventh chord	(3, 6, 9, 11)	E	E	5	None
210.5	421/2	0.125	1/8	71	D#3	51	True	P1-Staff2	6	71.0	3.0	109.0	V7	False	('F#', 'A', 'B', 'D#')	F#	B	2.0	dominant seventh chord	(3, 6, 9, 11)	E	E	5	None
210.625	1685/8	0.125	1/8	71	B2	47	True	P1-Staff2	6	71.0	3.0	109.0	V7	False	('F#', 'A', 'B', 'D#')	F#	B	2.0	dominant seventh chord	(3, 6, 9, 11)	E	E	5	None
210.75	843/4	0.125	1/8	71	A2	45	True	P1-Staff2	6	71.0	3.0	109.0	V7	False	('F#', 'A', 'B', 'D#')	F#	B	2.0	dominant seventh chord	(3, 6, 9, 11)	E	E	5	None
210.875	1687/8	0.125	1/8	71	B2	47	True	P1-Staff2	6	71.0	3.0	109.0	V7	False	('F#', 'A', 'B', 'D#')	F#	B	2.0	dominant seventh chord	(3, 6, 9, 11)	E	E	5	None
211.0	211	0.125	1/8	71	D#3	51	True	P1-Staff2	6	71.0	3.0	109.0	V7	False	('F#', 'A', 'B', 'D#')	F#	B	2.0	dominant seventh chord	(3, 6, 9, 11)	E	E	5	None
211.0	211	0.5	1/2	71	F#1	30	True	P1-Staff2	1	71.0	3.0	109.0	V7	False	('F#', 'A', 'B', 'D#')	F#	B	2.0	dominant seventh chord	(3, 6, 9, 11)	E	E	5	None
211.0	211	0.5	1/2	71	B1	35	True	P1-Staff2	1	71.0	3.0	109.0	V7	False	('F#', 'A', 'B', 'D#')	F#	B	2.0	dominant seventh chord	(3, 6, 9, 11)	E	E	5	None
211.0	211	0.5	1/2	71	F#2	42	True	P1-Staff2	1	71.0	3.0	109.0	V7	False	('F#', 'A', 'B', 'D#')	F#	B	2.0	dominant seventh chord	(3, 6, 9, 11)	E	E	5	None
211.125	1689/8	0.125	1/8	71	B3	59	True	P1-Staff2	6	71.0	3.0	109.0	V7	False	('F#', 'A', 'B', 'D#')	F#	B	2.0	dominant seventh chord	(3, 6, 9, 11)	E	E	5	None
211.25	845/4	0.125	1/8	71	A3	57	True	P1-Staff2	6	71.0	3.0	109.0	V7	False	('F#', 'A', 'B', 'D#')	F#	B	2.0	dominant seventh chord	(3, 6, 9, 11)	E	E	5	None
211.375	1691/8	0.125	1/8	71	B3	59	True	P1-Staff2	6	71.0	3.0	109.0	V7	False	('F#', 'A', 'B', 'D#')	F#	B	2.0	dominant seventh chord	(3, 6, 9, 11)	E	E	5	None
211.5	423/2	0.125	1/8	71	D#4	63	True	P1-Staff2	6	71.0	3.0	109.0	V7	False	('F#', 'A', 'B', 'D#')	F#	B	2.0	dominant seventh chord	(3, 6, 9, 11)	E	E	5	None
211.625	1693/8	0.125	1/8	71	B3	59	True	P1-Staff2	6	71.0	3.0	109.0	V7	False	('F#', 'A', 'B', 'D#')	F#	B	2.0	dominant seventh chord	(3, 6, 9, 11)	E	E	5	None
211.75	847/4	0.125	1/8	71	A3	57	True	P1-Staff2	6	71.0	3.0	109.0	V7	False	('F#', 'A', 'B', 'D#')	F#	B	2.0	dominant seventh chord	(3, 6, 9, 11)	E	E	5	None
211.875	1695/8	0.125	1/8	71	B3	59	True	P1-Staff2	6	71.0	3.0	109.0	V7	False	('F#', 'A', 'B', 'D#')	F#	B	2.0	dominant seventh chord	(3, 6, 9, 11)	E	E	5	None
212.0	212	0.125	1/8	71	D#4	63	True	P1-Staff2	6	71.0	3.0	109.0	V7	False	('F#', 'A', 'B', 'D#')	F#	B	2.0	dominant seventh chord	(3, 6, 9, 11)	E	E	5	None
212.0	212	0.5	1/2	71	F#1	30	True	P1-Staff2	1	71.0	3.0	109.0	V7	False	('F#', 'A', 'B', 'D#')	F#	B	2.0	dominant seventh chord	(3, 6, 9, 11)	E	E	5	None
212.0	212	0.5	1/2	71	B1	35	True	P1-Staff2	1	71.0	3.0	109.0	V7	False	('F#', 'A', 'B', 'D#')	F#	B	2.0	dominant seventh chord	(3, 6, 9, 11)	E	E	5	None
212.0	212	0.5	1/2	71	F#2	42	True	P1-Staff2	1	71.0	3.0	109.0	V7	False	('F#', 'A', 'B', 'D#')	F#	B	2.0	dominant seventh chord	(3, 6, 9, 11)	E	E	5	None
212.125	1697/8	0.125	1/8	71	B4	71	True	P1-Staff2	6	71.0	3.0	109.0	V7	False	('F#', 'A', 'B', 'D#')	F#	B	2.0	dominant seventh chord	(3, 6, 9, 11)	E	E	5	None
212.25	849/4	0.125	1/8	71	A4	69	True	P1-Staff2	6	71.0	3.0	109.0	V7	False	('F#', 'A', 'B', 'D#')	F#	B	2.0	dominant seventh chord	(3, 6, 9, 11)	E	E	5	None
212.375	1699/8	0.125	1/8	71	B4	71	True	P1-Staff2	6	71.0	3.0	109.0	V7	False	('F#', 'A', 'B', 'D#')	F#	B	2.0	dominant seventh chord	(3, 6, 9, 11)	E	E	5	None
212.5	425/2	0.125	1/8	71	D#5	75	True	P1-Staff2	6	71.0	3.0	109.0	V7	False	('F#', 'A', 'B', 'D#')	F#	B	2.0	dominant seventh chord	(3, 6, 9, 11)	E	E	5	None
212.625	1701/8	0.125	1/8	71	B4	71	True	P1-Staff2	6	71.0	3.0	109.0	V7	False	('F#', 'A', 'B', 'D#')	F#	B	2.0	dominant seventh chord	(3, 6, 9, 11)	E	E	5	None
212.75	851/4	0.125	1/8	71	A4	69	True	P1-Staff2	6	71.0	3.0	109.0	V7	False	('F#', 'A', 'B', 'D#')	F#	B	2.0	dominant seventh chord	(3, 6, 9, 11)	E	E	5	None
212.875	1703/8	0.125	1/8	71	B4	71	True	P1-Staff2	6	71.0	3.0	109.0	V7	False	('F#', 'A', 'B', 'D#')	F#	B	2.0	dominant seventh chord	(3, 6, 9, 11)	E	E	5	None
213.0	213	0.125	1/8	72	E5	76	True	P1-Staff2	6	72.0	3.0	110.0	I	True	('G#', 'B', 'E')	G#	E	1.0	major triad	(4, 8, 11)	E	E	1	None
213.0	213	0.5	1/2	72	G#1	32	True	P1-Staff2	1	72.0	3.0	110.0	I	True	('G#', 'B', 'E')	G#	E	1.0	major triad	(4, 8, 11)	E	E	1	None
213.0	213	0.5	1/2	72	B1	35	True	P1-Staff2	1	72.0	3.0	110.0	I	True	('G#', 'B', 'E')	G#	E	1.0	major triad	(4, 8, 11)	E	E	1	None
213.0	213	0.5	1/2	72	G#2	44	True	P1-Staff2	1	72.0	3.0	110.0	I	True	('G#', 'B', 'E')	G#	E	1.0	major triad	(4, 8, 11)	E	E	1	None
213.125	1705/8	0.125	1/8	72	B5	83	True	P1-Staff2	6	72.0	3.0	110.0	I	False	('G#', 'B', 'E')	G#	E	1.0	major triad	(4, 8, 11)	E	E	1	None
213.25	853/4	0.125	1/8	72	G#5	80	True	P1-Staff2	6	72.0	3.0	110.0	I	False	('G#', 'B', 'E')	G#	E	1.0	major triad	(4, 8, 11)	E	E	1	None
213.375	1707/8	0.125	1/8	72	B5	83	True	P1-Staff2	6	72.0	3.0	110.0	I	False	('G#', 'B', 'E')	G#	E	1.0	major triad	(4, 8, 11)	E	E	1	None
213.5	427/2	0.125	1/8	72	E6	88	True	P1-Staff2	6	72.0	3.0	110.0	I	False	('G#', 'B', 'E')	G#	E	1.0	major triad	(4, 8, 11)	E	E	1	None
213.625	1709/8	0.125	1/8	72	B5	83	True	P1-Staff2	6	72.0	3.0	110.0	I	False	('G#', 'B', 'E')	G#	E	1.0	major triad	(4, 8, 11)	E	E	1	None
213.75	855/4	0.125	1/8	72	G#5	80	True	P1-Staff2	6	72.0	3.0	110.0	I	False	('G#', 'B', 'E')	G#	E	1.0	major triad	(4, 8, 11)	E	E	1	None
213.875	1711/8	0.125	1/8	72	B5	83	True	P1-Staff2	6	72.0	3.0	110.0	I	False	('G#', 'B', 'E')	G#	E	1.0	major triad	(4, 8, 11)	E	E	1	None
214.0	214	0.125	1/8	72	E5	76	True	P1-Staff2	6	72.0	3.0	110.0	I	False	('G#', 'B', 'E')	G#	E	1.0	major triad	(4, 8, 11)	E	E	1	None
214.125	1713/8	0.125	1/8	72	B4	71	True	P1-Staff2	6	72.0	3.0	110.0	I	False	('G#', 'B', 'E')	G#	E	1.0	major triad	(4, 8, 11)	E	E	1	None
214.25	857/4	0.125	1/8	72	G#4	68	True	P1-Staff2	6	72.0	3.0	110.0	I	False	('G#', 'B', 'E')	G#	E	1.0	major triad	(4, 8, 11)	E	E	1	None
214.375	1715/8	0.125	1/8	72	B4	71	True	P1-Staff2	6	72.0	3.0	110.0	I	False	('G#', 'B', 'E')	G#	E	1.0	major triad	(4, 8, 11)	E	E	1	None
214.5	429/2	0.125	1/8	72	E4	64	True	P1-Staff2	6	72.0	3.0	110.0	I	False	('G#', 'B', 'E')	G#	E	1.0	major triad	(4, 8, 11)	E	E	1	None
214.625	1717/8	0.125	1/8	72	B3	59	True	P1-Staff2	6	72.0	3.0	110.0	I	False	('G#', 'B', 'E')	G#	E	1.0	major triad	(4, 8, 11)	E	E	1	None
214.75	859/4	0.125	1/8	72	G#3	56	True	P1-Staff2	6	72.0	3.0	110.0	I	False	('G#', 'B', 'E')	G#	E	1.0	major triad	(4, 8, 11)	E	E	1	None
214.875	1719/8	0.125	1/8	72	B3	59	True	P1-Staff2	6	72.0	3.0	110.0	I	False	('G#', 'B', 'E')	G#	E	1.0	major triad	(4, 8, 11)	E	E	1	None
215.0	215	0.125	1/8	72	E3	52	True	P1-Staff2	6	72.0	3.0	110.0	I	False	('G#', 'B', 'E')	G#	E	1.0	major triad	(4, 8, 11)	E	E	1	None
215.125	1721/8	0.125	1/8	72	B3	59	True	P1-Staff2	6	72.0	3.0	110.0	I	False	('G#', 'B', 'E')	G#	E	1.0	major triad	(4, 8, 11)	E	E	1	None
215.25	861/4	0.125	1/8	72	G#3	56	True	P1-Staff2	6	72.0	3.0	110.0	I	False	('G#', 'B', 'E')	G#	E	1.0	major triad	(4, 8, 11)	E	E	1	None
215.375	1723/8	0.125	1/8	72	B3	59	True	P1-Staff2	6	72.0	3.0	110.0	I	False	('G#', 'B', 'E')	G#	E	1.0	major triad	(4, 8, 11)	E	E	1	None
215.5	431/2	0.125	1/8	72	E4	64	True	P1-Staff2	6	72.0	3.0	110.0	I	False	('G#', 'B', 'E')	G#	E	1.0	major triad	(4, 8, 11)	E	E	1	None
215.625	1725/8	0.125	1/8	72	B3	59	True	P1-Staff2	6	72.0	3.0	110.0	I	False	('G#', 'B', 'E')	G#	E	1.0	major triad	(4, 8, 11)	E	E	1	None
215.75	863/4	0.125	1/8	72	G#3	56	True	P1-Staff2	6	72.0	3.0	110.0	I	False	('G#', 'B', 'E')	G#	E	1.0	major triad	(4, 8, 11)	E	E	1	None
215.875	1727/8	0.125	1/8	72	B3	59	True	P1-Staff2	6	72.0	3.0	110.0	I	False	('G#', 'B', 'E')	G#	E	1.0	major triad	(4, 8, 11)	E	E	1	None
216.0	216	0.125	1/8	73	F#3	54	True	P1-Staff2	6	73.0	3.0	111.0	V7	True	('D#', 'F#', 'A', 'B')	D#	B	1.0	dominant seventh chord	(3, 6, 9, 11)	E	E	5	None
216.0	216	0.5	1/2	73	D#2	39	True	P1-Staff2	1	73.0	3.0	111.0	V7	True	('D#', 'F#', 'A', 'B')	D#	B	1.0	dominant seventh chord	(3, 6, 9, 11)	E	E	5	None
216.0	216	0.5	1/2	73	B2	47	True	P1-Staff2	1	73.0	3.0	111.0	V7	True	('D#', 'F#', 'A', 'B')	D#	B	1.0	dominant seventh chord	(3, 6, 9, 11)	E	E	5	None
216.0	216	0.5	1/2	73	D#3	51	True	P1-Staff2	1	73.0	3.0	111.0	V7	True	('D#', 'F#', 'A', 'B')	D#	B	1.0	dominant seventh chord	(3, 6, 9, 11)	E	E	5	None
216.125	1729/8	0.125	1/8	73	B3	59	True	P1-Staff2	6	73.0	3.0	111.0	V7	False	('D#', 'F#', 'A', 'B')	D#	B	1.0	dominant seventh chord	(3, 6, 9, 11)	E	E	5	None
216.25	865/4	0.125	1/8	73	A3	57	True	P1-Staff2	6	73.0	3.0	111.0	V7	False	('D#', 'F#', 'A', 'B')	D#	B	1.0	dominant seventh chord	(3, 6, 9, 11)	E	E	5	None
216.375	1731/8	0.125	1/8	73	B3	59	True	P1-Staff2	6	73.0	3.0	111.0	V7	False	('D#', 'F#', 'A', 'B')	D#	B	1.0	dominant seventh chord	(3, 6, 9, 11)	E	E	5	None
216.5	433/2	0.125	1/8	73	F#4	66	True	P1-Staff2	6	73.0	3.0	111.0	V7	False	('D#', 'F#', 'A', 'B')	D#	B	1.0	dominant seventh chord	(3, 6, 9, 11)	E	E	5	None
216.625	1733/8	0.125	1/8	73	B3	59	True	P1-Staff2	6	73.0	3.0	111.0	V7	False	('D#', 'F#', 'A', 'B')	D#	B	1.0	dominant seventh chord	(3, 6, 9, 11)	E	E	5	None
216.75	867/4	0.125	1/8	73	A3	57	True	P1-Staff2	6	73.0	3.0	111.0	V7	False	('D#', 'F#', 'A', 'B')	D#	B	1.0	dominant seventh chord	(3, 6, 9, 11)	E	E	5	None
216.875	1735/8	0.125	1/8	73	B3	59	True	P1-Staff2	6	73.0	3.0	111.0	V7	False	('D#', 'F#', 'A', 'B')	D#	B	1.0	dominant seventh chord	(3, 6, 9, 11)	E	E	5	None
217.0	217	0.125	1/8	73	F#4	66	True	P1-Staff2	6	73.0	3.0	111.0	V7	False	('D#', 'F#', 'A', 'B')	D#	B	1.0	dominant seventh chord	(3, 6, 9, 11)	E	E	5	None
217.0	217	0.5	1/2	73	D#2	39	True	P1-Staff2	1	73.0	3.0	111.0	V7	False	('D#', 'F#', 'A', 'B')	D#	B	1.0	dominant seventh chord	(3, 6, 9, 11)	E	E	5	None
217.0	217	0.5	1/2	73	B2	47	True	P1-Staff2	1	73.0	3.0	111.0	V7	False	('D#', 'F#', 'A', 'B')	D#	B	1.0	dominant seventh chord	(3, 6, 9, 11)	E	E	5	None
217.0	217	0.5	1/2	73	D#3	51	True	P1-Staff2	1	73.0	3.0	111.0	V7	False	('D#', 'F#', 'A', 'B')	D#	B	1.0	dominant seventh chord	(3, 6, 9, 11)	E	E	5	None
217.125	1737/8	0.125	1/8	73	B4	71	True	P1-Staff2	6	73.0	3.0	111.0	V7	False	('D#', 'F#', 'A', 'B')	D#	B	1.0	dominant seventh chord	(3, 6, 9, 11)	E	E	5	None
217.25	869/4	0.125	1/8	73	A4	69	True	P1-Staff2	6	73.0	3.0	111.0	V7	False	('D#', 'F#', 'A', 'B')	D#	B	1.0	dominant seventh chord	(3, 6, 9, 11)	E	E	5	None
217.375	1739/8	0.125	1/8	73	B4	71	True	P1-Staff2	6	73.0	3.0	111.0	V7	False	('D#', 'F#', 'A', 'B')	D#	B	1.0	dominant seventh chord	(3, 6, 9, 11)	E	E	5	None
217.5	435/2	0.125	1/8	73	F#5	78	True	P1-Staff2	6	73.0	3.0	111.0	V7	False	('D#', 'F#', 'A', 'B')	D#	B	1.0	dominant seventh chord	(3, 6, 9, 11)	E	E	5	None
217.625	1741/8	0.125	1/8	73	B4	71	True	P1-Staff2	6	73.0	3.0	111.0	V7	False	('D#', 'F#', 'A', 'B')	D#	B	1.0	dominant seventh chord	(3, 6, 9, 11)	E	E	5	None
217.75	871/4	0.125	1/8	73	A4	69	True	P1-Staff2	6	73.0	3.0	111.0	V7	False	('D#', 'F#', 'A', 'B')	D#	B	1.0	dominant seventh chord	(3, 6, 9, 11)	E	E	5	None
217.875	1743/8	0.125	1/8	73	B4	71	True	P1-Staff2	6	73.0	3.0	111.0	V7	False	('D#', 'F#', 'A', 'B')	D#	B	1.0	dominant seventh chord	(3, 6, 9, 11)	E	E	5	None
218.0	218	0.125	1/8	73	F#5	78	True	P1-Staff2	6	73.0	3.0	111.0	V7	False	('D#', 'F#', 'A', 'B')	D#	B	1.0	dominant seventh chord	(3, 6, 9, 11)	E	E	5	None
218.0	218	0.5	1/2	73	D#2	39	True	P1-Staff2	1	73.0	3.0	111.0	V7	False	('D#', 'F#', 'A', 'B')	D#	B	1.0	dominant seventh chord	(3, 6, 9, 11)	E	E	5	None
218.0	218	0.5	1/2	73	B2	47	True	P1-Staff2	1	73.0	3.0	111.0	V7	False	('D#', 'F#', 'A', 'B')	D#	B	1.0	dominant seventh chord	(3, 6, 9, 11)	E	E	5	None
218.0	218	0.5	1/2	73	D#3	51	True	P1-Staff2	1	73.0	3.0	111.0	V7	False	('D#', 'F#', 'A', 'B')	D#	B	1.0	dominant seventh chord	(3, 6, 9, 11)	E	E	5	None
218.125	1745/8	0.125	1/8	73	B5	83	True	P1-Staff2	6	73.0	3.0	111.0	V7	False	('D#', 'F#', 'A', 'B')	D#	B	1.0	dominant seventh chord	(3, 6, 9, 11)	E	E	5	None
218.25	873/4	0.125	1/8	73	A5	81	True	P1-Staff2	6	73.0	3.0	111.0	V7	False	('D#', 'F#', 'A', 'B')	D#	B	1.0	dominant seventh chord	(3, 6, 9, 11)	E	E	5	None
218.375	1747/8	0.125	1/8	73	B5	83	True	P1-Staff2	6	73.0	3.0	111.0	V7	False	('D#', 'F#', 'A', 'B')	D#	B	1.0	dominant seventh chord	(3, 6, 9, 11)	E	E	5	None
218.5	437/2	0.125	1/8	73	F#6	90	True	P1-Staff2	6	73.0	3.0	111.0	V7	False	('D#', 'F#', 'A', 'B')	D#	B	1.0	dominant seventh chord	(3, 6, 9, 11)	E	E	5	None
218.625	1749/8	0.125	1/8	73	B5	83	True	P1-Staff2	6	73.0	3.0	111.0	V7	False	('D#', 'F#', 'A', 'B')	D#	B	1.0	dominant seventh chord	(3, 6, 9, 11)	E	E	5	None
218.75	875/4	0.125	1/8	73	A5	81	True	P1-Staff2	6	73.0	3.0	111.0	V7	False	('D#', 'F#', 'A', 'B')	D#	B	1.0	dominant seventh chord	(3, 6, 9, 11)	E	E	5	None
218.875	1751/8	0.125	1/8	73	B5	83	True	P1-Staff2	6	73.0	3.0	111.0	V7	False	('D#', 'F#', 'A', 'B')	D#	B	1.0	dominant seventh chord	(3, 6, 9, 11)	E	E	5	None
219.0	219	0.125	1/8	74	G#5	80	True	P1-Staff2	6	74.0	1.5	112.0	I	True	('E', 'G#', 'B')	E	E	0.0	major triad	(4, 8, 11)	E	E	1	None
219.0	219	0.5	1/2	74	E2	40	True	P1-Staff2	1	74.0	1.5	112.0	I	True	('E', 'G#', 'B')	E	E	0.0	major triad	(4, 8, 11)	E	E	1	None
219.0	219	0.5	1/2	74	B2	47	True	P1-Staff2	1	74.0	1.5	112.0	I	True	('E', 'G#', 'B')	E	E	0.0	major triad	(4, 8, 11)	E	E	1	None
219.0	219	0.5	1/2	74	E3	52	True	P1-Staff2	1	74.0	1.5	112.0	I	True	('E', 'G#', 'B')	E	E	0.0	major triad	(4, 8, 11)	E	E	1	None
219.125	1753/8	0.125	1/8	74	G#6	92	True	P1-Staff2	6	74.0	1.5	112.0	I	False	('E', 'G#', 'B')	E	E	0.0	major triad	(4, 8, 11)	E	E	1	None
219.25	877/4	0.125	1/8	74	B5	83	True	P1-Staff2	6	74.0	1.5	112.0	I	False	('E', 'G#', 'B')	E	E	0.0	major triad	(4, 8, 11)	E	E	1	None
219.375	1755/8	0.125	1/8	74	G#6	92	True	P1-Staff2	6	74.0	1.5	112.0	I	False	('E', 'G#', 'B')	E	E	0.0	major triad	(4, 8, 11)	E	E	1	None
219.5	439/2	0.125	1/8	74	G#5	80	True	P1-Staff2	6	74.0	1.5	112.0	I	False	('E', 'G#', 'B')	E	E	0.0	major triad	(4, 8, 11)	E	E	1	None
219.5	439/2	0.5	1/2	74	E3	52	True	P1-Staff2	1	74.0	1.5	112.0	I	False	('E', 'G#', 'B')	E	E	0.0	major triad	(4, 8, 11)	E	E	1	None
219.5	439/2	0.5	1/2	74	E4	64	True	P1-Staff2	1	74.0	1.5	112.0	I	False	('E', 'G#', 'B')	E	E	0.0	major triad	(4, 8, 11)	E	E	1	None
219.625	1757/8	0.125	1/8	74	G#6	92	True	P1-Staff2	6	74.0	1.5	112.0	I	False	('E', 'G#', 'B')	E	E	0.0	major triad	(4, 8, 11)	E	E	1	None
219.75	879/4	0.125	1/8	74	B5	83	True	P1-Staff2	6	74.0	1.5	112.0	I	False	('E', 'G#', 'B')	E	E	0.0	major triad	(4, 8, 11)	E	E	1	None
219.875	1759/8	0.125	1/8	74	G#6	92	True	P1-Staff2	6	74.0	1.5	112.0	I	False	('E', 'G#', 'B')	E	E	0.0	major triad	(4, 8, 11)	E	E	1	None
220.0	220	0.125	1/8	74	G#5	80	True	P1-Staff2	6	74.0	1.5	112.0	I	False	('E', 'G#', 'B')	E	E	0.0	major triad	(4, 8, 11)	E	E	1	None
220.0	220	0.5	1/2	74	E3	52	True	P1-Staff2	1	74.0	1.5	112.0	I	False	('E', 'G#', 'B')	E	E	0.0	major triad	(4, 8, 11)	E	E	1	None
220.0	220	0.5	1/2	74	E4	64	True	P1-Staff2	1	74.0	1.5	112.0	I	False	('E', 'G#', 'B')	E	E	0.0	major triad	(4, 8, 11)	E	E	1	None
220.125	1761/8	0.125	1/8	74	G#6	92	True	P1-Staff2	6	74.0	1.5	112.0	I	False	('E', 'G#', 'B')	E	E	0.0	major triad	(4, 8, 11)	E	E	1	None
220.25	881/4	0.125	1/8	74	B5	83	True	P1-Staff2	6	74.0	1.5	112.0	I	False	('E', 'G#', 'B')	E	E	0.0	major triad	(4, 8, 11)	E	E	1	None
220.375	1763/8	0.125	1/8	74	G#6	92	True	P1-Staff2	6	74.0	1.5	112.0	I	False	('E', 'G#', 'B')	E	E	0.0	major triad	(4, 8, 11)	E	E	1	None
220.5	441/2	0.125	1/8	74	A5	81	True	P1-Staff2	6	74.0	1.0	113.0	IV	True	('C#', 'E', 'A')	C#	A	1.0	major triad	(1, 4, 9)	E	E	4	None
220.5	441/2	0.5	1/2	74	C#3	49	True	P1-Staff2	1	74.0	1.0	113.0	IV	True	('C#', 'E', 'A')	C#	A	1.0	major triad	(1, 4, 9)	E	E	4	None
220.5	441/2	0.5	1/2	74	E3	52	True	P1-Staff2	1	74.0	1.0	113.0	IV	True	('C#', 'E', 'A')	C#	A	1.0	major triad	(1, 4, 9)	E	E	4	None
220.5	441/2	0.5	1/2	74	C#4	61	True	P1-Staff2	1	74.0	1.0	113.0	IV	True	('C#', 'E', 'A')	C#	A	1.0	major triad	(1, 4, 9)	E	E	4	None
220.625	1765/8	0.125	1/8	74	A6	93	True	P1-Staff2	6	74.0	1.0	113.0	IV	False	('C#', 'E', 'A')	C#	A	1.0	major triad	(1, 4, 9)	E	E	4	None
220.75	883/4	0.125	1/8	74	E6	88	True	P1-Staff2	6	74.0	1.0	113.0	IV	False	('C#', 'E', 'A')	C#	A	1.0	major triad	(1, 4, 9)	E	E	4	None
220.875	1767/8	0.125	1/8	74	A6	93	True	P1-Staff2	6	74.0	1.0	113.0	IV	False	('C#', 'E', 'A')	C#	A	1.0	major triad	(1, 4, 9)	E	E	4	None
221.0	221	0.125	1/8	74	A5	81	True	P1-Staff2	6	74.0	1.0	113.0	IV	False	('C#', 'E', 'A')	C#	A	1.0	major triad	(1, 4, 9)	E	E	4	None
221.0	221	0.5	1/2	74	C#3	49	True	P1-Staff2	1	74.0	1.0	113.0	IV	False	('C#', 'E', 'A')	C#	A	1.0	major triad	(1, 4, 9)	E	E	4	None
221.0	221	0.5	1/2	74	E3	52	True	P1-Staff2	1	74.0	1.0	113.0	IV	False	('C#', 'E', 'A')	C#	A	1.0	major triad	(1, 4, 9)	E	E	4	None
221.0	221	0.5	1/2	74	C#4	61	True	P1-Staff2	1	74.0	1.0	113.0	IV	False	('C#', 'E', 'A')	C#	A	1.0	major triad	(1, 4, 9)	E	E	4	None
221.125	1769/8	0.125	1/8	74	A6	93	True	P1-Staff2	6	74.0	1.0	113.0	IV	False	('C#', 'E', 'A')	C#	A	1.0	major triad	(1, 4, 9)	E	E	4	None
221.25	885/4	0.125	1/8	74	E6	88	True	P1-Staff2	6	74.0	1.0	113.0	IV	False	('C#', 'E', 'A')	C#	A	1.0	major triad	(1, 4, 9)	E	E	4	None
221.375	1771/8	0.125	1/8	74	A6	93	True	P1-Staff2	6	74.0	1.0	113.0	IV	False	('C#', 'E', 'A')	C#	A	1.0	major triad	(1, 4, 9)	E	E	4	None
221.5	443/2	0.125	1/8	74	A#5	82	True	P1-Staff2	6	74.0	0.5	114.0	It	True	('C', 'E', 'A#')	C	A#	1.0	Italian augmented sixth chord	(0, 4, 10)	E	E	#4	None
221.5	443/2	0.5	1/2	74	C3	48	True	P1-Staff2	1	74.0	0.5	114.0	It	True	('C', 'E', 'A#')	C	A#	1.0	Italian augmented sixth chord	(0, 4, 10)	E	E	#4	None
221.5	443/2	0.5	1/2	74	E3	52	True	P1-Staff2	1	74.0	0.5	114.0	It	True	('C', 'E', 'A#')	C	A#	1.0	Italian augmented sixth chord	(0, 4, 10)	E	E	#4	None
221.5	443/2	0.5	1/2	74	C4	60	True	P1-Staff2	1	74.0	0.5	114.0	It	True	('C', 'E', 'A#')	C	A#	1.0	Italian augmented sixth chord	(0, 4, 10)	E	E	#4	None
221.625	1773/8	0.125	1/8	74	A#6	94	True	P1-Staff2	6	74.0	0.5	114.0	It	False	('C', 'E', 'A#')	C	A#	1.0	Italian augmented sixth chord	(0, 4, 10)	E	E	#4	None
221.75	887/4	0.125	1/8	74	E6	88	True	P1-Staff2	6	74.0	0.5	114.0	It	False	('C', 'E', 'A#')	C	A#	1.0	Italian augmented sixth chord	(0, 4, 10)	E	E	#4	None
221.875	1775/8	0.125	1/8	74	A#6	94	True	P1-Staff2	6	74.0	0.5	114.0	It	False	('C', 'E', 'A#')	C	A#	1.0	Italian augmented sixth chord	(0, 4, 10)	E	E	#4	None
222.0	222	0.125	1/8	75	A#5	82	True	P1-Staff2	6	75.0	0.5	115.0	It	True	('C', 'E', 'A#')	C	A#	1.0	Italian augmented sixth chord	(0, 4, 10)	E	E	#4	None
222.0	222	0.5	1/2	75	C3	48	True	P1-Staff2	1	75.0	0.5	115.0	It	True	('C', 'E', 'A#')	C	A#	1.0	Italian augmented sixth chord	(0, 4, 10)	E	E	#4	None
222.0	222	0.5	1/2	75	E3	52	True	P1-Staff2	1	75.0	0.5	115.0	It	True	('C', 'E', 'A#')	C	A#	1.0	Italian augmented sixth chord	(0, 4, 10)	E	E	#4	None
222.0	222	0.5	1/2	75	C4	60	True	P1-Staff2	1	75.0	0.5	115.0	It	True	('C', 'E', 'A#')	C	A#	1.0	Italian augmented sixth chord	(0, 4, 10)	E	E	#4	None
222.125	1777/8	0.125	1/8	75	A#6	94	True	P1-Staff2	6	75.0	0.5	115.0	It	False	('C', 'E', 'A#')	C	A#	1.0	Italian augmented sixth chord	(0, 4, 10)	E	E	#4	None
222.25	889/4	0.125	1/8	75	E6	88	True	P1-Staff2	6	75.0	0.5	115.0	It	False	('C', 'E', 'A#')	C	A#	1.0	Italian augmented sixth chord	(0, 4, 10)	E	E	#4	None
222.375	1779/8	0.125	1/8	75	A#6	94	True	P1-Staff2	6	75.0	0.5	115.0	It	False	('C', 'E', 'A#')	C	A#	1.0	Italian augmented sixth chord	(0, 4, 10)	E	E	#4	None
222.5	445/2	0.125	1/8	75	B5	83	True	P1-Staff2	6	75.0	0.5	116.0	I	True	('B', 'E', 'G#')	B	E	2.0	major triad	(4, 8, 11)	E	E	1	None
222.5	445/2	0.5	1/2	75	B2	47	True	P1-Staff2	1	75.0	0.5	116.0	I	True	('B', 'E', 'G#')	B	E	2.0	major triad	(4, 8, 11)	E	E	1	None
222.5	445/2	0.5	1/2	75	E3	52	True	P1-Staff2	1	75.0	0.5	116.0	I	True	('B', 'E', 'G#')	B	E	2.0	major triad	(4, 8, 11)	E	E	1	None
222.5	445/2	0.5	1/2	75	B3	59	True	P1-Staff2	1	75.0	0.5	116.0	I	True	('B', 'E', 'G#')	B	E	2.0	major triad	(4, 8, 11)	E	E	1	None
222.625	1781/8	0.125	1/8	75	B6	95	True	P1-Staff2	6	75.0	0.5	116.0	I	False	('B', 'E', 'G#')	B	E	2.0	major triad	(4, 8, 11)	E	E	1	None
222.75	891/4	0.125	1/8	75	E6	88	True	P1-Staff2	6	75.0	0.5	116.0	I	False	('B', 'E', 'G#')	B	E	2.0	major triad	(4, 8, 11)	E	E	1	None
222.875	1783/8	0.125	1/8	75	B6	95	True	P1-Staff2	6	75.0	0.5	116.0	I	False	('B', 'E', 'G#')	B	E	2.0	major triad	(4, 8, 11)	E	E	1	None
223.0	223	0.125	1/8	75	B5	83	True	P1-Staff2	6	75.0	0.5	117.0	IV	True	('A', 'C#', 'E')	A	A	0.0	major triad	(1, 4, 9)	E	E	4	None
223.0	223	0.5	1/2	75	A2	45	True	P1-Staff2	1	75.0	0.5	117.0	IV	True	('A', 'C#', 'E')	A	A	0.0	major triad	(1, 4, 9)	E	E	4	None
223.0	223	0.5	1/2	75	E3	52	True	P1-Staff2	1	75.0	0.5	117.0	IV	True	('A', 'C#', 'E')	A	A	0.0	major triad	(1, 4, 9)	E	E	4	None
223.0	223	0.5	1/2	75	A3	57	True	P1-Staff2	1	75.0	0.5	117.0	IV	True	('A', 'C#', 'E')	A	A	0.0	major triad	(1, 4, 9)	E	E	4	None
223.125	1785/8	0.125	1/8	75	B6	95	True	P1-Staff2	6	75.0	0.5	117.0	IV	False	('A', 'C#', 'E')	A	A	0.0	major triad	(1, 4, 9)	E	E	4	None
223.25	893/4	0.125	1/8	75	E6	88	True	P1-Staff2	6	75.0	0.5	117.0	IV	False	('A', 'C#', 'E')	A	A	0.0	major triad	(1, 4, 9)	E	E	4	None
223.375	1787/8	0.125	1/8	75	B6	95	True	P1-Staff2	6	75.0	0.5	117.0	IV	False	('A', 'C#', 'E')	A	A	0.0	major triad	(1, 4, 9)	E	E	4	None
223.5	447/2	0.125	1/8	75	B#5	84	True	P1-Staff2	6	75.0	1.0	118.0	I	True	('G#', 'B', 'E')	G#	E	1.0	major triad	(4, 8, 11)	E	E	1	None
223.5	447/2	0.5	1/2	75	G#2	44	True	P1-Staff2	1	75.0	1.0	118.0	I	True	('G#', 'B', 'E')	G#	E	1.0	major triad	(4, 8, 11)	E	E	1	None
223.5	447/2	0.5	1/2	75	E3	52	True	P1-Staff2	1	75.0	1.0	118.0	I	True	('G#', 'B', 'E')	G#	E	1.0	major triad	(4, 8, 11)	E	E	1	None
223.5	447/2	0.5	1/2	75	G#3	56	True	P1-Staff2	1	75.0	1.0	118.0	I	True	('G#', 'B', 'E')	G#	E	1.0	major triad	(4, 8, 11)	E	E	1	None
223.625	1789/8	0.125	1/8	75	B#6	96	True	P1-Staff2	6	75.0	1.0	118.0	I	False	('G#', 'B', 'E')	G#	E	1.0	major triad	(4, 8, 11)	E	E	1	None
223.75	895/4	0.125	1/8	75	E6	88	True	P1-Staff2	6	75.0	1.0	118.0	I	False	('G#', 'B', 'E')	G#	E	1.0	major triad	(4, 8, 11)	E	E	1	None
223.875	1791/8	0.125	1/8	75	B#6	96	True	P1-Staff2	6	75.0	1.0	118.0	I	False	('G#', 'B', 'E')	G#	E	1.0	major triad	(4, 8, 11)	E	E	1	None
224.0	224	0.125	1/8	75	B#4	72	True	P1-Staff2	6	75.0	1.0	118.0	I	False	('G#', 'B', 'E')	G#	E	1.0	major triad	(4, 8, 11)	E	E	1	None
224.0	224	0.5	1/2	75	G#3	56	True	P1-Staff2	1	75.0	1.0	118.0	I	False	('G#', 'B', 'E')	G#	E	1.0	major triad	(4, 8, 11)	E	E	1	None
224.0	224	0.5	1/2	75	E4	64	True	P1-Staff2	1	75.0	1.0	118.0	I	False	('G#', 'B', 'E')	G#	E	1.0	major triad	(4, 8, 11)	E	E	1	None
224.0	224	0.5	1/2	75	G#4	68	True	P1-Staff2	1	75.0	1.0	118.0	I	False	('G#', 'B', 'E')	G#	E	1.0	major triad	(4, 8, 11)	E	E	1	None
224.125	1793/8	0.125	1/8	75	B#5	84	True	P1-Staff2	6	75.0	1.0	118.0	I	False	('G#', 'B', 'E')	G#	E	1.0	major triad	(4, 8, 11)	E	E	1	None
224.25	897/4	0.125	1/8	75	E5	76	True	P1-Staff2	6	75.0	1.0	118.0	I	False	('G#', 'B', 'E')	G#	E	1.0	major triad	(4, 8, 11)	E	E	1	None
224.375	1795/8	0.125	1/8	75	B#5	84	True	P1-Staff2	6	75.0	1.0	118.0	I	False	('G#', 'B', 'E')	G#	E	1.0	major triad	(4, 8, 11)	E	E	1	None
224.5	449/2	0.125	1/8	75	C#5	73	True	P1-Staff2	6	75.0	0.5	119.0	IV	True	('A', 'C#', 'E')	A	A	0.0	major triad	(1, 4, 9)	E	E	4	None
224.5	449/2	0.5	1/2	75	A3	57	True	P1-Staff2	1	75.0	0.5	119.0	IV	True	('A', 'C#', 'E')	A	A	0.0	major triad	(1, 4, 9)	E	E	4	None
224.5	449/2	0.5	1/2	75	E4	64	True	P1-Staff2	1	75.0	0.5	119.0	IV	True	('A', 'C#', 'E')	A	A	0.0	major triad	(1, 4, 9)	E	E	4	None
224.5	449/2	0.5	1/2	75	A4	69	True	P1-Staff2	1	75.0	0.5	119.0	IV	True	('A', 'C#', 'E')	A	A	0.0	major triad	(1, 4, 9)	E	E	4	None
224.625	1797/8	0.125	1/8	75	C#6	85	True	P1-Staff2	6	75.0	0.5	119.0	IV	False	('A', 'C#', 'E')	A	A	0.0	major triad	(1, 4, 9)	E	E	4	None
224.75	899/4	0.125	1/8	75	E5	76	True	P1-Staff2	6	75.0	0.5	119.0	IV	False	('A', 'C#', 'E')	A	A	0.0	major triad	(1, 4, 9)	E	E	4	None
224.875	1799/8	0.125	1/8	75	C#6	85	True	P1-Staff2	6	75.0	0.5	119.0	IV	False	('A', 'C#', 'E')	A	A	0.0	major triad	(1, 4, 9)	E	E	4	None
225.0	225	0.75	3/4	76	C#6	85	True	P1-Staff2	6	76.0	1.0	120.0	IV	True	('A', 'C#', 'E')	A	A	0.0	major triad	(1, 4, 9)	E	E	4	None
225.25	901/4	0.25	1/4	76	A4	69	True	P1-Staff2	6	76.0	1.0	120.0	IV	False	('A', 'C#', 'E')	A	A	0.0	major triad	(1, 4, 9)	E	E	4	None
225.5	451/2	0.75	3/4	76	A3	57	True	P1-Staff2	6	76.0	1.0	120.0	IV	False	('A', 'C#', 'E')	A	A	0.0	major triad	(1, 4, 9)	E	E	4	None
225.75	903/4	0.25	1/4	76	C#5	73	True	P1-Staff2	6	76.0	1.0	120.0	IV	False	('A', 'C#', 'E')	A	A	0.0	major triad	(1, 4, 9)	E	E	4	None
226.0	226	0.75	3/4	76	B5	83	True	P1-Staff2	6	76.0	1.0	121.0	I	True	('G#', 'B', 'E')	G#	E	1.0	major triad	(4, 8, 11)	E	E	1	None
226.25	905/4	0.25	1/4	76	G#4	68	True	P1-Staff2	6	76.0	1.0	121.0	I	False	('G#', 'B', 'E')	G#	E	1.0	major triad	(4, 8, 11)	E	E	1	None
226.5	453/2	0.75	3/4	76	G#3	56	True	P1-Staff2	6	76.0	1.0	121.0	I	False	('G#', 'B', 'E')	G#	E	1.0	major triad	(4, 8, 11)	E	E	1	None
226.75	907/4	0.25	1/4	76	B4	71	True	P1-Staff2	6	76.0	1.0	121.0	I	False	('G#', 'B', 'E')	G#	E	1.0	major triad	(4, 8, 11)	E	E	1	None
227.0	227	0.75	3/4	76	A5	81	True	P1-Staff2	6	76.0	1.0	122.0	ii	True	('F#', 'A', 'C#')	F#	F#	0.0	minor triad	(1, 6, 9)	E	E	2	None
227.25	909/4	0.25	1/4	76	F#4	66	True	P1-Staff2	6	76.0	1.0	122.0	ii	False	('F#', 'A', 'C#')	F#	F#	0.0	minor triad	(1, 6, 9)	E	E	2	None
227.5	455/2	0.5	1/2	76	F#3	54	True	P1-Staff2	6	76.0	1.0	122.0	ii	False	('F#', 'A', 'C#')	F#	F#	0.0	minor triad	(1, 6, 9)	E	E	2	None
227.75	911/4	0.25	1/4	76	A#5	82	True	P1-Staff2	6	76.0	1.0	122.0	ii	False	('F#', 'A', 'C#')	F#	F#	0.0	minor triad	(1, 6, 9)	E	E	2	None
228.0	228	0.75	3/4	77	B5	83	True	P1-Staff2	6	77.0	1.0	123.0	I	True	('G#', 'B', 'E')	G#	E	1.0	major triad	(4, 8, 11)	E	E	1	None
228.0	228	0.25	1/4	77	F#3	54	False	P1-Staff2	6	77.0	1.0	123.0	I	True	('G#', 'B', 'E')	G#	E	1.0	major triad	(4, 8, 11)	E	E	1	None
228.25	913/4	0.25	1/4	77	G#4	68	True	P1-Staff2	6	77.0	1.0	123.0	I	False	('G#', 'B', 'E')	G#	E	1.0	major triad	(4, 8, 11)	E	E	1	None
228.5	457/2	0.75	3/4	77	G#3	56	True	P1-Staff2	6	77.0	1.0	123.0	I	False	('G#', 'B', 'E')	G#	E	1.0	major triad	(4, 8, 11)	E	E	1	None
228.75	915/4	0.25	1/4	77	B4	71	True	P1-Staff2	6	77.0	1.0	123.0	I	False	('G#', 'B', 'E')	G#	E	1.0	major triad	(4, 8, 11)	E	E	1	None
229.0	229	0.75	3/4	77	A5	81	True	P1-Staff2	6	77.0	1.0	124.0	ii	True	('F#', 'A', 'C#')	F#	F#	0.0	minor triad	(1, 6, 9)	E	E	2	None
229.25	917/4	0.25	1/4	77	F#4	66	True	P1-Staff2	6	77.0	1.0	124.0	ii	False	('F#', 'A', 'C#')	F#	F#	0.0	minor triad	(1, 6, 9)	E	E	2	None
229.5	459/2	0.5	1/2	77	F#3	54	True	P1-Staff2	6	77.0	1.0	124.0	ii	False	('F#', 'A', 'C#')	F#	F#	0.0	minor triad	(1, 6, 9)	E	E	2	None
229.75	919/4	0.25	1/4	77	A4	69	True	P1-Staff2	6	77.0	1.0	124.0	ii	False	('F#', 'A', 'C#')	F#	F#	0.0	minor triad	(1, 6, 9)	E	E	2	None
230.0	230	0.5	1/2	77	G#4	68	True	P1-Staff2	1	77.0	1.0	125.0	vi	True	('F', 'A-', 'C')	F	F	0.0	minor triad	(0, 5, 8)	A-	A-	6	None
230.0	230	0.5	1/2	77	G#5	80	True	P1-Staff2	1	77.0	1.0	125.0	vi	True	('F', 'A-', 'C')	F	F	0.0	minor triad	(0, 5, 8)	A-	A-	6	None
230.0	230	0.5	1/2	77	E#3	53	True	P1-Staff2	1	77.0	1.0	125.0	vi	True	('F', 'A-', 'C')	F	F	0.0	minor triad	(0, 5, 8)	A-	A-	6	None
230.0	230	0.5	1/2	77	E#4	65	True	P1-Staff2	1	77.0	1.0	125.0	vi	True	('F', 'A-', 'C')	F	F	0.0	minor triad	(0, 5, 8)	A-	A-	6	None
230.5	461/2	0.5	1/2	77	G4	67	True	P1-Staff2	1	77.0	1.0	125.0	vi	False	('F', 'A-', 'C')	F	F	0.0	minor triad	(0, 5, 8)	A-	A-	6	None
230.5	461/2	0.5	1/2	77	G5	79	True	P1-Staff2	1	77.0	1.0	125.0	vi	False	('F', 'A-', 'C')	F	F	0.0	minor triad	(0, 5, 8)	A-	A-	6	None
230.5	461/2	0.5	1/2	77	E3	52	True	P1-Staff2	1	77.0	1.0	125.0	vi	False	('F', 'A-', 'C')	F	F	0.0	minor triad	(0, 5, 8)	A-	A-	6	None
230.5	461/2	0.5	1/2	77	E4	64	True	P1-Staff2	1	77.0	1.0	125.0	vi	False	('F', 'A-', 'C')	F	F	0.0	minor triad	(0, 5, 8)	A-	A-	6	None
231.0	231	1.5	3/2	78	G4	67	True	P1-Staff2	1	78.0	2.0	126.0	V	True	('E-', 'G', 'B-')	E-	E-	0.0	major triad	(3, 7, 10)	A-	A-	5	None
231.0	231	1.5	3/2	78	G5	79	True	P1-Staff2	1	78.0	2.0	126.0	V	True	('E-', 'G', 'B-')	E-	E-	0.0	major triad	(3, 7, 10)	A-	A-	5	None
231.0	231	1.5	3/2	78	E-3	51	True	P1-Staff2	1	78.0	2.0	126.0	V	True	('E-', 'G', 'B-')	E-	E-	0.0	major triad	(3, 7, 10)	A-	A-	5	None
231.0	231	1.5	3/2	78	E-4	63	True	P1-Staff2	1	78.0	2.0	126.0	V	True	('E-', 'G', 'B-')	E-	E-	0.0	major triad	(3, 7, 10)	A-	A-	5	None
232.5	465/2	0.5	1/2	78	A-4	68	True	P1-Staff2	1	78.0	2.0	126.0	V	False	('E-', 'G', 'B-')	E-	E-	0.0	major triad	(3, 7, 10)	A-	A-	5	None
232.5	465/2	0.5	1/2	78	A-5	80	True	P1-Staff2	1	78.0	2.0	126.0	V	False	('E-', 'G', 'B-')	E-	E-	0.0	major triad	(3, 7, 10)	A-	A-	5	None
232.5	465/2	0.5	1/2	78	F3	53	True	P1-Staff2	1	78.0	2.0	126.0	V	False	('E-', 'G', 'B-')	E-	E-	0.0	major triad	(3, 7, 10)	A-	A-	5	None
232.5	465/2	0.5	1/2	78	F4	65	True	P1-Staff2	1	78.0	2.0	126.0	V	False	('E-', 'G', 'B-')	E-	E-	0.0	major triad	(3, 7, 10)	A-	A-	5	None
233.0	233	0.25	1/4	78	B-4	70	True	P1-Staff2	1	78.0	1.0	127.0	I	True	('A-', 'C', 'E-')	A-	A-	0.0	major triad	(0, 3, 8)	A-	A-	1	None
233.0	233	0.25	1/4	78	B-5	82	True	P1-Staff2	1	78.0	1.0	127.0	I	True	('A-', 'C', 'E-')	A-	A-	0.0	major triad	(0, 3, 8)	A-	A-	1	None
233.0	233	0.25	1/4	78	G3	55	True	P1-Staff2	1	78.0	1.0	127.0	I	True	('A-', 'C', 'E-')	A-	A-	0.0	major triad	(0, 3, 8)	A-	A-	1	None
233.0	233	0.25	1/4	78	G4	67	True	P1-Staff2	1	78.0	1.0	127.0	I	True	('A-', 'C', 'E-')	A-	A-	0.0	major triad	(0, 3, 8)	A-	A-	1	None
233.25	933/4	0.25	1/4	78	C5	72	True	P1-Staff2	1	78.0	1.0	127.0	I	False	('A-', 'C', 'E-')	A-	A-	0.0	major triad	(0, 3, 8)	A-	A-	1	None
233.25	933/4	0.25	1/4	78	C6	84	True	P1-Staff2	1	78.0	1.0	127.0	I	False	('A-', 'C', 'E-')	A-	A-	0.0	major triad	(0, 3, 8)	A-	A-	1	None
233.25	933/4	0.25	1/4	78	A-3	56	True	P1-Staff2	1	78.0	1.0	127.0	I	False	('A-', 'C', 'E-')	A-	A-	0.0	major triad	(0, 3, 8)	A-	A-	1	None
233.25	933/4	0.25	1/4	78	A-4	68	True	P1-Staff2	1	78.0	1.0	127.0	I	False	('A-', 'C', 'E-')	A-	A-	0.0	major triad	(0, 3, 8)	A-	A-	1	None
233.5	467/2	0.25	1/4	78	D-5	73	True	P1-Staff2	1	78.0	1.0	127.0	I	False	('A-', 'C', 'E-')	A-	A-	0.0	major triad	(0, 3, 8)	A-	A-	1	None
233.5	467/2	0.25	1/4	78	D-6	85	True	P1-Staff2	1	78.0	1.0	127.0	I	False	('A-', 'C', 'E-')	A-	A-	0.0	major triad	(0, 3, 8)	A-	A-	1	None
233.5	467/2	0.25	1/4	78	B-3	58	True	P1-Staff2	1	78.0	1.0	127.0	I	False	('A-', 'C', 'E-')	A-	A-	0.0	major triad	(0, 3, 8)	A-	A-	1	None
233.5	467/2	0.25	1/4	78	B-4	70	True	P1-Staff2	1	78.0	1.0	127.0	I	False	('A-', 'C', 'E-')	A-	A-	0.0	major triad	(0, 3, 8)	A-	A-	1	None
233.75	935/4	0.25	1/4	78	E-5	75	True	P1-Staff2	1	78.0	1.0	127.0	I	False	('A-', 'C', 'E-')	A-	A-	0.0	major triad	(0, 3, 8)	A-	A-	1	None
233.75	935/4	0.25	1/4	78	E-6	87	True	P1-Staff2	1	78.0	1.0	127.0	I	False	('A-', 'C', 'E-')	A-	A-	0.0	major triad	(0, 3, 8)	A-	A-	1	None
233.75	935/4	0.25	1/4	78	C4	60	True	P1-Staff2	1	78.0	1.0	127.0	I	False	('A-', 'C', 'E-')	A-	A-	0.0	major triad	(0, 3, 8)	A-	A-	1	None
233.75	935/4	0.25	1/4	78	C5	72	True	P1-Staff2	1	78.0	1.0	127.0	I	False	('A-', 'C', 'E-')	A-	A-	0.0	major triad	(0, 3, 8)	A-	A-	1	None
234.0	234	0.75	3/4	79	F6	89	True	P1-Staff2	6	79.0	1.0	128.0	IV	True	('D-', 'F', 'A-')	D-	D-	0.0	major triad	(1, 5, 8)	A-	A-	4	None
234.25	937/4	0.25	1/4	79	D-5	73	True	P1-Staff2	6	79.0	1.0	128.0	IV	False	('D-', 'F', 'A-')	D-	D-	0.0	major triad	(1, 5, 8)	A-	A-	4	None
234.5	469/2	0.75	3/4	79	D-4	61	True	P1-Staff2	6	79.0	1.0	128.0	IV	False	('D-', 'F', 'A-')	D-	D-	0.0	major triad	(1, 5, 8)	A-	A-	4	None
234.75	939/4	0.25	1/4	79	F5	77	True	P1-Staff2	6	79.0	1.0	128.0	IV	False	('D-', 'F', 'A-')	D-	D-	0.0	major triad	(1, 5, 8)	A-	A-	4	None
235.0	235	0.75	3/4	79	E-6	87	True	P1-Staff2	6	79.0	1.0	129.0	I	True	('C', 'E-', 'A-')	C	A-	1.0	major triad	(0, 3, 8)	A-	A-	1	None
235.25	941/4	0.25	1/4	79	C5	72	True	P1-Staff2	6	79.0	1.0	129.0	I	False	('C', 'E-', 'A-')	C	A-	1.0	major triad	(0, 3, 8)	A-	A-	1	None
235.5	471/2	0.75	3/4	79	C4	60	True	P1-Staff2	6	79.0	1.0	129.0	I	False	('C', 'E-', 'A-')	C	A-	1.0	major triad	(0, 3, 8)	A-	A-	1	None
235.75	943/4	0.25	1/4	79	E-5	75	True	P1-Staff2	6	79.0	1.0	129.0	I	False	('C', 'E-', 'A-')	C	A-	1.0	major triad	(0, 3, 8)	A-	A-	1	None
236.0	236	0.75	3/4	79	D-6	85	True	P1-Staff2	6	79.0	1.0	130.0	ii	True	('B-', 'D-', 'F')	B-	B-	0.0	minor triad	(1, 5, 10)	A-	A-	2	None
236.25	945/4	0.25	1/4	79	B-4	70	True	P1-Staff2	6	79.0	1.0	130.0	ii	False	('B-', 'D-', 'F')	B-	B-	0.0	minor triad	(1, 5, 10)	A-	A-	2	None
236.5	473/2	0.5	1/2	79	B-3	58	True	P1-Staff2	6	79.0	1.0	130.0	ii	False	('B-', 'D-', 'F')	B-	B-	0.0	minor triad	(1, 5, 10)	A-	A-	2	None
236.75	947/4	0.25	1/4	79	D6	86	True	P1-Staff2	6	79.0	1.0	130.0	ii	False	('B-', 'D-', 'F')	B-	B-	0.0	minor triad	(1, 5, 10)	A-	A-	2	None
237.0	237	0.75	3/4	80	E-6	87	True	P1-Staff2	6	80.0	1.0	131.0	I	True	('C', 'E-', 'A-')	C	A-	1.0	major triad	(0, 3, 8)	A-	A-	1	None
237.0	237	0.25	1/4	80	B-3	58	False	P1-Staff2	6	80.0	1.0	131.0	I	True	('C', 'E-', 'A-')	C	A-	1.0	major triad	(0, 3, 8)	A-	A-	1	None
237.25	949/4	0.25	1/4	80	C5	72	True	P1-Staff2	6	80.0	1.0	131.0	I	False	('C', 'E-', 'A-')	C	A-	1.0	major triad	(0, 3, 8)	A-	A-	1	None
237.5	475/2	0.75	3/4	80	C4	60	True	P1-Staff2	6	80.0	1.0	131.0	I	False	('C', 'E-', 'A-')	C	A-	1.0	major triad	(0, 3, 8)	A-	A-	1	None
237.75	951/4	0.25	1/4	80	E-5	75	True	P1-Staff2	6	80.0	1.0	131.0	I	False	('C', 'E-', 'A-')	C	A-	1.0	major triad	(0, 3, 8)	A-	A-	1	None
238.0	238	0.75	3/4	80	D-6	85	True	P1-Staff2	6	80.0	1.0	132.0	ii	True	('B-', 'D-', 'F')	B-	B-	0.0	minor triad	(1, 5, 10)	A-	A-	2	None
238.25	953/4	0.25	1/4	80	B-4	70	True	P1-Staff2	6	80.0	1.0	132.0	ii	False	('B-', 'D-', 'F')	B-	B-	0.0	minor triad	(1, 5, 10)	A-	A-	2	None
238.5	477/2	0.5	1/2	80	B-3	58	True	P1-Staff2	6	80.0	1.0	132.0	ii	False	('B-', 'D-', 'F')	B-	B-	0.0	minor triad	(1, 5, 10)	A-	A-	2	None
238.75	955/4	0.25	1/4	80	D-5	73	True	P1-Staff2	6	80.0	1.0	132.0	ii	False	('B-', 'D-', 'F')	B-	B-	0.0	minor triad	(1, 5, 10)	A-	A-	2	None
239.0	239	0.25	1/4	80	C6	84	True	P1-Staff2	6	80.0	1.0	133.0	I	True	('A-', 'C', 'E-')	A-	A-	0.0	major triad	(0, 3, 8)	A-	A-	1	None
239.0	239	0.25	1/4	80	A-4	68	True	P1-Staff2	6	80.0	1.0	133.0	I	True	('A-', 'C', 'E-')	A-	A-	0.0	major triad	(0, 3, 8)	A-	A-	1	None
239.25	957/4	0.25	1/4	80	C5	72	True	P1-Staff2	6	80.0	1.0	133.0	I	False	('A-', 'C', 'E-')	A-	A-	0.0	major triad	(0, 3, 8)	A-	A-	1	None
239.25	957/4	0.25	1/4	80	A-3	56	True	P1-Staff2	6	80.0	1.0	133.0	I	False	('A-', 'C', 'E-')	A-	A-	0.0	major triad	(0, 3, 8)	A-	A-	1	None
239.5	479/2	0.25	1/4	80	D-5	73	True	P1-Staff2	6	80.0	1.0	133.0	I	False	('A-', 'C', 'E-')	A-	A-	0.0	major triad	(0, 3, 8)	A-	A-	1	None
239.5	479/2	0.25	1/4	80	B-3	58	True	P1-Staff2	6	80.0	1.0	133.0	I	False	('A-', 'C', 'E-')	A-	A-	0.0	major triad	(0, 3, 8)	A-	A-	1	None
239.75	959/4	0.25	1/4	80	E-5	75	True	P1-Staff2	6	80.0	1.0	133.0	I	False	('A-', 'C', 'E-')	A-	A-	0.0	major triad	(0, 3, 8)	A-	A-	1	None
239.75	959/4	0.25	1/4	80	C4	60	True	P1-Staff2	6	80.0	1.0	133.0	I	False	('A-', 'C', 'E-')	A-	A-	0.0	major triad	(0, 3, 8)	A-	A-	1	None
240.0	240	0.25	1/4	81	G5	79	True	P1-Staff2	6	81.0	0.5	134.0	V/vi	True	('E', 'G', 'C')	E	C	1.0	major triad	(0, 4, 7)	A-	f	5	6
240.0	240	0.25	1/4	81	E-4	63	True	P1-Staff2	6	81.0	0.5	134.0	V/vi	True	('E', 'G', 'C')	E	C	1.0	major triad	(0, 4, 7)	A-	f	5	6
240.25	961/4	0.25	1/4	81	E5	76	True	P1-Staff2	6	81.0	0.5	134.0	V/vi	False	('E', 'G', 'C')	E	C	1.0	major triad	(0, 4, 7)	A-	f	5	6
240.25	961/4	0.25	1/4	81	C4	60	True	P1-Staff2	6	81.0	0.5	134.0	V/vi	False	('E', 'G', 'C')	E	C	1.0	major triad	(0, 4, 7)	A-	f	5	6
240.5	481/2	0.25	1/4	81	F5	77	True	P1-Staff2	6	81.0	0.5	135.0	IV	True	('D-', 'F', 'A-')	D-	D-	0.0	major triad	(1, 5, 8)	A-	A-	4	None
240.5	481/2	0.25	1/4	81	D-4	61	True	P1-Staff2	6	81.0	0.5	135.0	IV	True	('D-', 'F', 'A-')	D-	D-	0.0	major triad	(1, 5, 8)	A-	A-	4	None
240.75	963/4	0.25	1/4	81	F4	65	True	P1-Staff2	6	81.0	0.5	135.0	IV	False	('D-', 'F', 'A-')	D-	D-	0.0	major triad	(1, 5, 8)	A-	A-	4	None
240.75	963/4	0.25	1/4	81	D-3	49	True	P1-Staff2	6	81.0	0.5	135.0	IV	False	('D-', 'F', 'A-')	D-	D-	0.0	major triad	(1, 5, 8)	A-	A-	4	None
241.0	241	0.25	1/4	81	F5	77	True	P1-Staff2	6	81.0	0.5	136.0	viio/iii	True	('D', 'F', 'B')	D	B	1.0	diminished triad	(2, 5, 11)	A-	c	#7	3
241.0	241	0.25	1/4	81	D-4	61	True	P1-Staff2	6	81.0	0.5	136.0	viio/iii	True	('D', 'F', 'B')	D	B	1.0	diminished triad	(2, 5, 11)	A-	c	#7	3
241.25	965/4	0.25	1/4	81	D5	74	True	P1-Staff2	6	81.0	0.5	136.0	viio/iii	False	('D', 'F', 'B')	D	B	1.0	diminished triad	(2, 5, 11)	A-	c	#7	3
241.25	965/4	0.25	1/4	81	B3	59	True	P1-Staff2	6	81.0	0.5	136.0	viio/iii	False	('D', 'F', 'B')	D	B	1.0	diminished triad	(2, 5, 11)	A-	c	#7	3
241.5	483/2	0.25	1/4	81	E-5	75	True	P1-Staff2	6	81.0	0.5	137.0	iii	True	('C', 'E-', 'G')	C	C	0.0	minor triad	(0, 3, 7)	A-	A-	3	None
241.5	483/2	0.25	1/4	81	C4	60	True	P1-Staff2	6	81.0	0.5	137.0	iii	True	('C', 'E-', 'G')	C	C	0.0	minor triad	(0, 3, 7)	A-	A-	3	None
241.75	967/4	0.25	1/4	81	E-4	63	True	P1-Staff2	6	81.0	0.5	137.0	iii	False	('C', 'E-', 'G')	C	C	0.0	minor triad	(0, 3, 7)	A-	A-	3	None
241.75	967/4	0.25	1/4	81	C3	48	True	P1-Staff2	6	81.0	0.5	137.0	iii	False	('C', 'E-', 'G')	C	C	0.0	minor triad	(0, 3, 7)	A-	A-	3	None
242.0	242	0.25	1/4	81	E-5	75	True	P1-Staff2	6	81.0	0.5	138.0	viio/ii	True	('C', 'E-', 'A')	C	A	1.0	diminished triad	(0, 3, 9)	A-	b-	#7	2
242.0	242	0.25	1/4	81	C4	60	True	P1-Staff2	6	81.0	0.5	138.0	viio/ii	True	('C', 'E-', 'A')	C	A	1.0	diminished triad	(0, 3, 9)	A-	b-	#7	2
242.25	969/4	0.25	1/4	81	C5	72	True	P1-Staff2	6	81.0	0.5	138.0	viio/ii	False	('C', 'E-', 'A')	C	A	1.0	diminished triad	(0, 3, 9)	A-	b-	#7	2
242.25	969/4	0.25	1/4	81	A3	57	True	P1-Staff2	6	81.0	0.5	138.0	viio/ii	False	('C', 'E-', 'A')	C	A	1.0	diminished triad	(0, 3, 9)	A-	b-	#7	2
242.5	485/2	0.25	1/4	81	D-5	73	True	P1-Staff2	6	81.0	0.5	139.0	ii	True	('B-', 'D-', 'F')	B-	B-	0.0	minor triad	(1, 5, 10)	A-	A-	2	None
242.5	485/2	0.25	1/4	81	B-3	58	True	P1-Staff2	6	81.0	0.5	139.0	ii	True	('B-', 'D-', 'F')	B-	B-	0.0	minor triad	(1, 5, 10)	A-	A-	2	None
242.75	971/4	0.25	1/4	81	D-4	61	True	P1-Staff2	6	81.0	0.5	139.0	ii	False	('B-', 'D-', 'F')	B-	B-	0.0	minor triad	(1, 5, 10)	A-	A-	2	None
242.75	971/4	0.25	1/4	81	B-2	46	True	P1-Staff2	6	81.0	0.5	139.0	ii	False	('B-', 'D-', 'F')	B-	B-	0.0	minor triad	(1, 5, 10)	A-	A-	2	None
243.0	243	0.25	1/4	82	F5	77	True	P1-Staff2	1	82.0	0.5	140.0	viio/iii	True	('D', 'F', 'B')	D	B	1.0	diminished triad	(2, 5, 11)	A-	c	#7	3
243.0	243	0.25	1/4	82	D-4	61	True	P1-Staff2	5	82.0	0.5	140.0	viio/iii	True	('D', 'F', 'B')	D	B	1.0	diminished triad	(2, 5, 11)	A-	c	#7	3
243.25	973/4	0.25	1/4	82	D5	74	True	P1-Staff2	1	82.0	0.5	140.0	viio/iii	False	('D', 'F', 'B')	D	B	1.0	diminished triad	(2, 5, 11)	A-	c	#7	3
243.25	973/4	0.25	1/4	82	B3	59	True	P1-Staff2	5	82.0	0.5	140.0	viio/iii	False	('D', 'F', 'B')	D	B	1.0	diminished triad	(2, 5, 11)	A-	c	#7	3
243.5	487/2	0.25	1/4	82	E-5	75	True	P1-Staff2	1	82.0	0.5	141.0	iii	True	('C', 'E-', 'G')	C	C	0.0	minor triad	(0, 3, 7)	A-	A-	3	None
243.5	487/2	0.25	1/4	82	C4	60	True	P1-Staff2	5	82.0	0.5	141.0	iii	True	('C', 'E-', 'G')	C	C	0.0	minor triad	(0, 3, 7)	A-	A-	3	None
243.75	975/4	0.25	1/4	82	E-4	63	True	P1-Staff2	1	82.0	0.5	141.0	iii	False	('C', 'E-', 'G')	C	C	0.0	minor triad	(0, 3, 7)	A-	A-	3	None
243.75	975/4	0.25	1/4	82	C3	48	True	P1-Staff2	5	82.0	0.5	141.0	iii	False	('C', 'E-', 'G')	C	C	0.0	minor triad	(0, 3, 7)	A-	A-	3	None
244.0	244	0.25	1/4	82	E-5	75	True	P1-Staff2	1	82.0	0.5	142.0	viio/ii	True	('C', 'E-', 'A')	C	A	1.0	diminished triad	(0, 3, 9)	A-	b-	#7	2
244.0	244	0.25	1/4	82	C4	60	True	P1-Staff2	5	82.0	0.5	142.0	viio/ii	True	('C', 'E-', 'A')	C	A	1.0	diminished triad	(0, 3, 9)	A-	b-	#7	2
244.25	977/4	0.25	1/4	82	C5	72	True	P1-Staff2	1	82.0	0.5	142.0	viio/ii	False	('C', 'E-', 'A')	C	A	1.0	diminished triad	(0, 3, 9)	A-	b-	#7	2
244.25	977/4	0.25	1/4	82	A3	57	True	P1-Staff2	5	82.0	0.5	142.0	viio/ii	False	('C', 'E-', 'A')	C	A	1.0	diminished triad	(0, 3, 9)	A-	b-	#7	2
244.5	489/2	0.25	1/4	82	D-5	73	True	P1-Staff2	1	82.0	0.5	143.0	ii	True	('B-', 'D-', 'F')	B-	B-	0.0	minor triad	(1, 5, 10)	A-	A-	2	None
244.5	489/2	0.25	1/4	82	B-3	58	True	P1-Staff2	5	82.0	0.5	143.0	ii	True	('B-', 'D-', 'F')	B-	B-	0.0	minor triad	(1, 5, 10)	A-	A-	2	None
244.75	979/4	0.25	1/4	82	D-4	61	True	P1-Staff2	1	82.0	0.5	143.0	ii	False	('B-', 'D-', 'F')	B-	B-	0.0	minor triad	(1, 5, 10)	A-	A-	2	None
244.75	979/4	0.25	1/4	82	B-2	46	True	P1-Staff2	5	82.0	0.5	143.0	ii	False	('B-', 'D-', 'F')	B-	B-	0.0	minor triad	(1, 5, 10)	A-	A-	2	None
245.0	245	0.25	1/4	82	C5	72	True	P1-Staff2	1	82.0	0.25	144.0	I	True	('C', 'E-', 'A-')	C	A-	1.0	major triad	(0, 3, 8)	A-	A-	1	None
245.0	245	0.5	1/2	82	E-4	63	True	P1-Staff2	2	82.0	0.25	144.0	I	True	('C', 'E-', 'A-')	C	A-	1.0	major triad	(0, 3, 8)	A-	A-	1	None
245.0	245	0.25	1/4	82	A-3	56	True	P1-Staff2	5	82.0	0.25	144.0	I	True	('C', 'E-', 'A-')	C	A-	1.0	major triad	(0, 3, 8)	A-	A-	1	None
245.0	245	0.25	1/4	82	C3	48	True	P1-Staff2	6	82.0	0.25	144.0	I	True	('C', 'E-', 'A-')	C	A-	1.0	major triad	(0, 3, 8)	A-	A-	1	None
245.25	981/4	0.25	1/4	82	B-4	70	True	P1-Staff2	1	82.0	0.25	145.0	V7	True	('D-', 'E-', 'G', 'B-')	D-	E-	3.0	dominant seventh chord	(1, 3, 7, 10)	A-	A-	5	None
245.25	981/4	0.25	1/4	82	G3	55	True	P1-Staff2	5	82.0	0.25	145.0	V7	True	('D-', 'E-', 'G', 'B-')	D-	E-	3.0	dominant seventh chord	(1, 3, 7, 10)	A-	A-	5	None
245.25	981/4	0.25	1/4	82	D-3	49	True	P1-Staff2	6	82.0	0.25	145.0	V7	True	('D-', 'E-', 'G', 'B-')	D-	E-	3.0	dominant seventh chord	(1, 3, 7, 10)	A-	A-	5	None
245.5	491/2	0.25	1/4	82	C5	72	True	P1-Staff2	1	82.0	0.25	146.0	I	True	('C', 'E-', 'A-')	C	A-	1.0	major triad	(0, 3, 8)	A-	A-	1	None
245.5	491/2	0.5	1/2	82	E-4	63	True	P1-Staff2	2	82.0	0.25	146.0	I	True	('C', 'E-', 'A-')	C	A-	1.0	major triad	(0, 3, 8)	A-	A-	1	None
245.5	491/2	0.25	1/4	82	A-3	56	True	P1-Staff2	5	82.0	0.25	146.0	I	True	('C', 'E-', 'A-')	C	A-	1.0	major triad	(0, 3, 8)	A-	A-	1	None
245.5	491/2	0.25	1/4	82	C3	48	True	P1-Staff2	6	82.0	0.25	146.0	I	True	('C', 'E-', 'A-')	C	A-	1.0	major triad	(0, 3, 8)	A-	A-	1	None
245.75	983/4	0.25	1/4	82	B-4	70	True	P1-Staff2	1	82.0	0.25	147.0	V7	True	('D-', 'E-', 'G', 'B-')	D-	E-	3.0	dominant seventh chord	(1, 3, 7, 10)	A-	A-	5	None
245.75	983/4	0.25	1/4	82	G3	55	True	P1-Staff2	5	82.0	0.25	147.0	V7	True	('D-', 'E-', 'G', 'B-')	D-	E-	3.0	dominant seventh chord	(1, 3, 7, 10)	A-	A-	5	None
245.75	983/4	0.25	1/4	82	D-3	49	True	P1-Staff2	6	82.0	0.25	147.0	V7	True	('D-', 'E-', 'G', 'B-')	D-	E-	3.0	dominant seventh chord	(1, 3, 7, 10)	A-	A-	5	None
246.0	246	1.0	1	83	E-4	63	True	P1-Staff2	1	83.0	1.0	148.0	I	True	('C', 'E-', 'A-')	C	A-	1.0	major triad	(0, 3, 8)	A-	A-	1	None
246.0	246	1.0	1	83	C5	72	True	P1-Staff2	1	83.0	1.0	148.0	I	True	('C', 'E-', 'A-')	C	A-	1.0	major triad	(0, 3, 8)	A-	A-	1	None
246.0	246	1.0	1	83	C3	48	True	P1-Staff2	1	83.0	1.0	148.0	I	True	('C', 'E-', 'A-')	C	A-	1.0	major triad	(0, 3, 8)	A-	A-	1	None
246.0	246	1.0	1	83	A-3	56	True	P1-Staff2	1	83.0	1.0	148.0	I	True	('C', 'E-', 'A-')	C	A-	1.0	major triad	(0, 3, 8)	A-	A-	1	None
247.0	247	1.0	1	83	E-4	63	True	P1-Staff2	1	83.0	1.0	149.0	V7	True	('D-', 'E-', 'G', 'B-')	D-	E-	3.0	dominant seventh chord	(1, 3, 7, 10)	A-	A-	5	None
247.0	247	1.0	1	83	B-4	70	True	P1-Staff2	1	83.0	1.0	149.0	V7	True	('D-', 'E-', 'G', 'B-')	D-	E-	3.0	dominant seventh chord	(1, 3, 7, 10)	A-	A-	5	None
247.0	247	1.0	1	83	D-3	49	True	P1-Staff2	1	83.0	1.0	149.0	V7	True	('D-', 'E-', 'G', 'B-')	D-	E-	3.0	dominant seventh chord	(1, 3, 7, 10)	A-	A-	5	None
247.0	247	1.0	1	83	G3	55	True	P1-Staff2	1	83.0	1.0	149.0	V7	True	('D-', 'E-', 'G', 'B-')	D-	E-	3.0	dominant seventh chord	(1, 3, 7, 10)	A-	A-	5	None
248.0	248	0.25	1/4	83	E-5	75	True	P1-Staff2	1	83.0	0.25	150.0	I	True	('C', 'E-', 'A-')	C	A-	1.0	major triad	(0, 3, 8)	A-	A-	1	None
248.0	248	0.25	1/4	83	E-4	63	True	P1-Staff2	2	83.0	0.25	150.0	I	True	('C', 'E-', 'A-')	C	A-	1.0	major triad	(0, 3, 8)	A-	A-	1	None
248.0	248	0.25	1/4	83	A-3	56	True	P1-Staff2	5	83.0	0.25	150.0	I	True	('C', 'E-', 'A-')	C	A-	1.0	major triad	(0, 3, 8)	A-	A-	1	None
248.0	248	0.25	1/4	83	C3	48	True	P1-Staff2	6	83.0	0.25	150.0	I	True	('C', 'E-', 'A-')	C	A-	1.0	major triad	(0, 3, 8)	A-	A-	1	None
248.25	993/4	0.25	1/4	83	D5	74	True	P1-Staff2	1	83.0	0.25	151.0	V7/V	True	('B-', 'D', 'F', 'A-')	B-	B-	0.0	dominant seventh chord	(2, 5, 8, 10)	A-	E-	5	5
248.25	993/4	0.25	1/4	83	A-4	68	True	P1-Staff2	2	83.0	0.25	151.0	V7/V	True	('B-', 'D', 'F', 'A-')	B-	B-	0.0	dominant seventh chord	(2, 5, 8, 10)	A-	E-	5	5
248.25	993/4	0.25	1/4	83	F3	53	True	P1-Staff2	5	83.0	0.25	151.0	V7/V	True	('B-', 'D', 'F', 'A-')	B-	B-	0.0	dominant seventh chord	(2, 5, 8, 10)	A-	E-	5	5
248.25	993/4	0.25	1/4	83	B-2	46	True	P1-Staff2	6	83.0	0.25	151.0	V7/V	True	('B-', 'D', 'F', 'A-')	B-	B-	0.0	dominant seventh chord	(2, 5, 8, 10)	A-	E-	5	5
248.5	497/2	0.25	1/4	83	E-5	75	True	P1-Staff2	1	83.0	0.25	152.0	I	True	('C', 'E-', 'A-')	C	A-	1.0	major triad	(0, 3, 8)	A-	A-	1	None
248.5	497/2	0.25	1/4	83	E-4	63	True	P1-Staff2	2	83.0	0.25	152.0	I	True	('C', 'E-', 'A-')	C	A-	1.0	major triad	(0, 3, 8)	A-	A-	1	None
248.5	497/2	0.25	1/4	83	A-3	56	True	P1-Staff2	5	83.0	0.25	152.0	I	True	('C', 'E-', 'A-')	C	A-	1.0	major triad	(0, 3, 8)	A-	A-	1	None
248.5	497/2	0.25	1/4	83	C3	48	True	P1-Staff2	6	83.0	0.25	152.0	I	True	('C', 'E-', 'A-')	C	A-	1.0	major triad	(0, 3, 8)	A-	A-	1	None
248.75	995/4	0.25	1/4	83	D5	74	True	P1-Staff2	1	83.0	0.25	153.0	V7/V	True	('B-', 'D', 'F', 'A-')	B-	B-	0.0	dominant seventh chord	(2, 5, 8, 10)	A-	E-	5	5
248.75	995/4	0.25	1/4	83	A-4	68	True	P1-Staff2	2	83.0	0.25	153.0	V7/V	True	('B-', 'D', 'F', 'A-')	B-	B-	0.0	dominant seventh chord	(2, 5, 8, 10)	A-	E-	5	5
248.75	995/4	0.25	1/4	83	F3	53	True	P1-Staff2	5	83.0	0.25	153.0	V7/V	True	('B-', 'D', 'F', 'A-')	B-	B-	0.0	dominant seventh chord	(2, 5, 8, 10)	A-	E-	5	5
248.75	995/4	0.25	1/4	83	B-2	46	True	P1-Staff2	6	83.0	0.25	153.0	V7/V	True	('B-', 'D', 'F', 'A-')	B-	B-	0.0	dominant seventh chord	(2, 5, 8, 10)	A-	E-	5	5
249.0	249	1.0	1	84	E-4	63	True	P1-Staff2	1	84.0	1.0	154.0	I	True	('C', 'E-', 'A-')	C	A-	1.0	major triad	(0, 3, 8)	A-	A-	1	None
249.0	249	1.0	1	84	A-4	68	True	P1-Staff2	1	84.0	1.0	154.0	I	True	('C', 'E-', 'A-')	C	A-	1.0	major triad	(0, 3, 8)	A-	A-	1	None
249.0	249	1.0	1	84	E-5	75	True	P1-Staff2	1	84.0	1.0	154.0	I	True	('C', 'E-', 'A-')	C	A-	1.0	major triad	(0, 3, 8)	A-	A-	1	None
249.0	249	1.0	1	84	C3	48	True	P1-Staff2	1	84.0	1.0	154.0	I	True	('C', 'E-', 'A-')	C	A-	1.0	major triad	(0, 3, 8)	A-	A-	1	None
249.0	249	1.0	1	84	E-3	51	True	P1-Staff2	1	84.0	1.0	154.0	I	True	('C', 'E-', 'A-')	C	A-	1.0	major triad	(0, 3, 8)	A-	A-	1	None
249.0	249	1.0	1	84	A-3	56	True	P1-Staff2	1	84.0	1.0	154.0	I	True	('C', 'E-', 'A-')	C	A-	1.0	major triad	(0, 3, 8)	A-	A-	1	None
250.0	250	0.0	0	84	D4	62	True	P1-Staff2	6	84.0	1.0	155.0	V7/V	True	('B-', 'D', 'F', 'A-')	B-	B-	0.0	dominant seventh chord	(2, 5, 8, 10)	A-	E-	5	5
250.0	250	0.0	0	84	A-4	68	True	P1-Staff2	6	84.0	1.0	155.0	V7/V	True	('B-', 'D', 'F', 'A-')	B-	B-	0.0	dominant seventh chord	(2, 5, 8, 10)	A-	E-	5	5
250.0	250	1.5	3/2	84	F5	77	True	P1-Staff2	6	84.0	1.0	155.0	V7/V	True	('B-', 'D', 'F', 'A-')	B-	B-	0.0	dominant seventh chord	(2, 5, 8, 10)	A-	E-	5	5
250.0	250	1.0	1	84	B-2	46	True	P1-Staff2	6	84.0	1.0	155.0	V7/V	True	('B-', 'D', 'F', 'A-')	B-	B-	0.0	dominant seventh chord	(2, 5, 8, 10)	A-	E-	5	5
251.0	251	1.0	1	84	A-2	44	True	P1-Staff2	6	84.0	1.0	156.0	V7/V	True	('A-', 'B-', 'D', 'F')	A-	B-	3.0	dominant seventh chord	(2, 5, 8, 10)	A-	E-	5	5
251.5	503/2	0.0	0	84	D4	62	True	P1-Staff2	6	84.0	1.0	156.0	V7/V	False	('A-', 'B-', 'D', 'F')	A-	B-	3.0	dominant seventh chord	(2, 5, 8, 10)	A-	E-	5	5
251.5	503/2	0.0	0	84	B-4	70	True	P1-Staff2	6	84.0	1.0	156.0	V7/V	False	('A-', 'B-', 'D', 'F')	A-	B-	3.0	dominant seventh chord	(2, 5, 8, 10)	A-	E-	5	5
251.5	503/2	0.5	1/2	84	F5	77	True	P1-Staff2	6	84.0	1.0	156.0	V7/V	False	('A-', 'B-', 'D', 'F')	A-	B-	3.0	dominant seventh chord	(2, 5, 8, 10)	A-	E-	5	5
252.0	252	1.0	1	85	G2	43	True	P1-Staff2	6	85.0	1.0	157.0	V	True	('G', 'B-', 'E-')	G	E-	1.0	major triad	(3, 7, 10)	A-	A-	5	None
252.5	505/2	0.0	0	85	E-4	63	True	P1-Staff2	6	85.0	1.0	157.0	V	False	('G', 'B-', 'E-')	G	E-	1.0	major triad	(3, 7, 10)	A-	A-	5	None
252.5	505/2	0.0	0	85	B-4	70	True	P1-Staff2	6	85.0	1.0	157.0	V	False	('G', 'B-', 'E-')	G	E-	1.0	major triad	(3, 7, 10)	A-	A-	5	None
252.5	505/2	0.5	1/2	85	G5	79	True	P1-Staff2	6	85.0	1.0	157.0	V	False	('G', 'B-', 'E-')	G	E-	1.0	major triad	(3, 7, 10)	A-	A-	5	None
253.0	253	1.0	1	85	F2	41	True	P1-Staff2	6	85.0	1.0	158.0	V7/V	True	('F', 'A-', 'B-', 'D')	F	B-	2.0	dominant seventh chord	(2, 5, 8, 10)	A-	E-	5	5
253.5	507/2	0.0	0	85	F4	65	True	P1-Staff2	6	85.0	1.0	158.0	V7/V	False	('F', 'A-', 'B-', 'D')	F	B-	2.0	dominant seventh chord	(2, 5, 8, 10)	A-	E-	5	5
253.5	507/2	0.0	0	85	B-4	70	True	P1-Staff2	6	85.0	1.0	158.0	V7/V	False	('F', 'A-', 'B-', 'D')	F	B-	2.0	dominant seventh chord	(2, 5, 8, 10)	A-	E-	5	5
253.5	507/2	0.5	1/2	85	A-5	80	True	P1-Staff2	6	85.0	1.0	158.0	V7/V	False	('F', 'A-', 'B-', 'D')	F	B-	2.0	dominant seventh chord	(2, 5, 8, 10)	A-	E-	5	5
254.0	254	1.0	1	85	E-2	39	True	P1-Staff2	6	85.0	1.0	159.0	V	True	('E-', 'G', 'B-')	E-	E-	0.0	major triad	(3, 7, 10)	A-	A-	5	None
254.5	509/2	0.0	0	85	G4	67	True	P1-Staff2	6	85.0	1.0	159.0	V	False	('E-', 'G', 'B-')	E-	E-	0.0	major triad	(3, 7, 10)	A-	A-	5	None
254.5	509/2	0.0	0	85	B-4	70	True	P1-Staff2	6	85.0	1.0	159.0	V	False	('E-', 'G', 'B-')	E-	E-	0.0	major triad	(3, 7, 10)	A-	A-	5	None
254.5	509/2	0.5	1/2	85	B-5	82	True	P1-Staff2	6	85.0	1.0	159.0	V	False	('E-', 'G', 'B-')	E-	E-	0.0	major triad	(3, 7, 10)	A-	A-	5	None
255.0	255	0.5	1/2	86	B-5	82	False	P1-Staff2	1	86.0	2.0	160.0	V7	True	('D-', 'E-', 'G', 'B-')	D-	E-	3.0	dominant seventh chord	(1, 3, 7, 10)	A-	A-	5	None
255.0	255	2.0	2	86	D-2	37	True	P1-Staff2	5	86.0	2.0	160.0	V7	True	('D-', 'E-', 'G', 'B-')	D-	E-	3.0	dominant seventh chord	(1, 3, 7, 10)	A-	A-	5	None
255.5	511/2	0.5	1/2	86	C6	84	True	P1-Staff2	1	86.0	2.0	160.0	V7	False	('D-', 'E-', 'G', 'B-')	D-	E-	3.0	dominant seventh chord	(1, 3, 7, 10)	A-	A-	5	None
256.0	256	0.5	1/2	86	D-6	85	True	P1-Staff2	1	86.0	2.0	160.0	V7	False	('D-', 'E-', 'G', 'B-')	D-	E-	3.0	dominant seventh chord	(1, 3, 7, 10)	A-	A-	5	None
256.5	513/2	0.5	1/2	86	D6	86	True	P1-Staff2	1	86.0	2.0	160.0	V7	False	('D-', 'E-', 'G', 'B-')	D-	E-	3.0	dominant seventh chord	(1, 3, 7, 10)	A-	A-	5	None
257.0	257	1.0	1	86	E-6	87	True	P1-Staff2	1	86.0	1.0	161.0	V	True	('E-', 'G', 'B-')	E-	E-	0.0	major triad	(3, 7, 10)	A-	A-	5	None
257.0	257	0.25	1/4	86	D-2	37	True	P1-Staff2	5	86.0	1.0	161.0	V	True	('E-', 'G', 'B-')	E-	E-	0.0	major triad	(3, 7, 10)	A-	A-	5	None
257.0	257	0.25	1/4	86	D-2	37	True	P1-Staff2	6	86.0	1.0	161.0	V	True	('E-', 'G', 'B-')	E-	E-	0.0	major triad	(3, 7, 10)	A-	A-	5	None
257.25	1029/4	0.125	1/8	86	C2	36	True	P1-Staff2	5	86.0	1.0	161.0	V	False	('E-', 'G', 'B-')	E-	E-	0.0	major triad	(3, 7, 10)	A-	A-	5	None
257.375	2059/8	0.125	1/8	86	D-2	37	True	P1-Staff2	5	86.0	1.0	161.0	V	False	('E-', 'G', 'B-')	E-	E-	0.0	major triad	(3, 7, 10)	A-	A-	5	None
257.5	515/2	0.125	1/8	86	E-2	39	True	P1-Staff2	5	86.0	1.0	161.0	V	False	('E-', 'G', 'B-')	E-	E-	0.0	major triad	(3, 7, 10)	A-	A-	5	None
257.625	2061/8	0.125	1/8	86	D-2	37	True	P1-Staff2	5	86.0	1.0	161.0	V	False	('E-', 'G', 'B-')	E-	E-	0.0	major triad	(3, 7, 10)	A-	A-	5	None
257.75	1031/4	0.125	1/8	86	C2	36	True	P1-Staff2	5	86.0	1.0	161.0	V	False	('E-', 'G', 'B-')	E-	E-	0.0	major triad	(3, 7, 10)	A-	A-	5	None
257.875	2063/8	0.125	1/8	86	B-1	34	True	P1-Staff2	5	86.0	1.0	161.0	V	False	('E-', 'G', 'B-')	E-	E-	0.0	major triad	(3, 7, 10)	A-	A-	5	None
258.0	258	0.5	1/2	87	E-6	87	False	P1-Staff2	6	87.0	3.0	162.0	I	True	('A-', 'C', 'E-')	A-	A-	0.0	major triad	(0, 3, 8)	A-	A-	1	None
258.0	258	0.25	1/4	87	A-1	32	True	P1-Staff2	6	87.0	3.0	162.0	I	True	('A-', 'C', 'E-')	A-	A-	0.0	major triad	(0, 3, 8)	A-	A-	1	None
258.25	1033/4	0.25	1/4	87	A-2	44	True	P1-Staff2	1	87.0	3.0	162.0	I	False	('A-', 'C', 'E-')	A-	A-	0.0	major triad	(0, 3, 8)	A-	A-	1	None
258.25	1033/4	0.25	1/4	87	C3	48	True	P1-Staff2	1	87.0	3.0	162.0	I	False	('A-', 'C', 'E-')	A-	A-	0.0	major triad	(0, 3, 8)	A-	A-	1	None
258.5	517/2	0.5	1/2	87	C4	60	True	P1-Staff2	6	87.0	3.0	162.0	I	False	('A-', 'C', 'E-')	A-	A-	0.0	major triad	(0, 3, 8)	A-	A-	1	None
258.5	517/2	0.25	1/4	87	A-2	44	True	P1-Staff2	1	87.0	3.0	162.0	I	False	('A-', 'C', 'E-')	A-	A-	0.0	major triad	(0, 3, 8)	A-	A-	1	None
258.5	517/2	0.25	1/4	87	C3	48	True	P1-Staff2	1	87.0	3.0	162.0	I	False	('A-', 'C', 'E-')	A-	A-	0.0	major triad	(0, 3, 8)	A-	A-	1	None
258.75	1035/4	0.25	1/4	87	G2	43	True	P1-Staff2	1	87.0	3.0	162.0	I	False	('A-', 'C', 'E-')	A-	A-	0.0	major triad	(0, 3, 8)	A-	A-	1	None
258.75	1035/4	0.25	1/4	87	A-2	44	True	P1-Staff2	1	87.0	3.0	162.0	I	False	('A-', 'C', 'E-')	A-	A-	0.0	major triad	(0, 3, 8)	A-	A-	1	None
258.75	1035/4	0.25	1/4	87	C3	48	True	P1-Staff2	1	87.0	3.0	162.0	I	False	('A-', 'C', 'E-')	A-	A-	0.0	major triad	(0, 3, 8)	A-	A-	1	None
259.0	259	0.25	1/4	87	G2	43	True	P1-Staff2	1	87.0	3.0	162.0	I	False	('A-', 'C', 'E-')	A-	A-	0.0	major triad	(0, 3, 8)	A-	A-	1	None
259.0	259	0.25	1/4	87	A-2	44	True	P1-Staff2	1	87.0	3.0	162.0	I	False	('A-', 'C', 'E-')	A-	A-	0.0	major triad	(0, 3, 8)	A-	A-	1	None
259.0	259	0.25	1/4	87	C3	48	True	P1-Staff2	1	87.0	3.0	162.0	I	False	('A-', 'C', 'E-')	A-	A-	0.0	major triad	(0, 3, 8)	A-	A-	1	None
259.25	1037/4	0.25	1/4	87	F2	41	True	P1-Staff2	1	87.0	3.0	162.0	I	False	('A-', 'C', 'E-')	A-	A-	0.0	major triad	(0, 3, 8)	A-	A-	1	None
259.25	1037/4	0.25	1/4	87	A-2	44	True	P1-Staff2	1	87.0	3.0	162.0	I	False	('A-', 'C', 'E-')	A-	A-	0.0	major triad	(0, 3, 8)	A-	A-	1	None
259.25	1037/4	0.25	1/4	87	C3	48	True	P1-Staff2	1	87.0	3.0	162.0	I	False	('A-', 'C', 'E-')	A-	A-	0.0	major triad	(0, 3, 8)	A-	A-	1	None
259.5	519/2	0.25	1/4	87	F2	41	True	P1-Staff2	1	87.0	3.0	162.0	I	False	('A-', 'C', 'E-')	A-	A-	0.0	major triad	(0, 3, 8)	A-	A-	1	None
259.5	519/2	0.25	1/4	87	A-2	44	True	P1-Staff2	1	87.0	3.0	162.0	I	False	('A-', 'C', 'E-')	A-	A-	0.0	major triad	(0, 3, 8)	A-	A-	1	None
259.5	519/2	0.25	1/4	87	C3	48	True	P1-Staff2	1	87.0	3.0	162.0	I	False	('A-', 'C', 'E-')	A-	A-	0.0	major triad	(0, 3, 8)	A-	A-	1	None
259.75	1039/4	0.25	1/4	87	C4	60	True	P1-Staff2	6	87.0	3.0	162.0	I	False	('A-', 'C', 'E-')	A-	A-	0.0	major triad	(0, 3, 8)	A-	A-	1	None
259.75	1039/4	0.25	1/4	87	E-2	39	True	P1-Staff2	1	87.0	3.0	162.0	I	False	('A-', 'C', 'E-')	A-	A-	0.0	major triad	(0, 3, 8)	A-	A-	1	None
259.75	1039/4	0.25	1/4	87	A-2	44	True	P1-Staff2	1	87.0	3.0	162.0	I	False	('A-', 'C', 'E-')	A-	A-	0.0	major triad	(0, 3, 8)	A-	A-	1	None
259.75	1039/4	0.25	1/4	87	C3	48	True	P1-Staff2	1	87.0	3.0	162.0	I	False	('A-', 'C', 'E-')	A-	A-	0.0	major triad	(0, 3, 8)	A-	A-	1	None
260.0	260	0.25	1/4	87	D-4	61	True	P1-Staff2	6	87.0	3.0	162.0	I	False	('A-', 'C', 'E-')	A-	A-	0.0	major triad	(0, 3, 8)	A-	A-	1	None
260.0	260	0.25	1/4	87	E-2	39	True	P1-Staff2	1	87.0	3.0	162.0	I	False	('A-', 'C', 'E-')	A-	A-	0.0	major triad	(0, 3, 8)	A-	A-	1	None
260.0	260	0.25	1/4	87	A-2	44	True	P1-Staff2	1	87.0	3.0	162.0	I	False	('A-', 'C', 'E-')	A-	A-	0.0	major triad	(0, 3, 8)	A-	A-	1	None
260.0	260	0.25	1/4	87	C3	48	True	P1-Staff2	1	87.0	3.0	162.0	I	False	('A-', 'C', 'E-')	A-	A-	0.0	major triad	(0, 3, 8)	A-	A-	1	None
260.25	1041/4	0.25	1/4	87	E-4	63	True	P1-Staff2	6	87.0	3.0	162.0	I	False	('A-', 'C', 'E-')	A-	A-	0.0	major triad	(0, 3, 8)	A-	A-	1	None
260.25	1041/4	0.25	1/4	87	D-2	37	True	P1-Staff2	1	87.0	3.0	162.0	I	False	('A-', 'C', 'E-')	A-	A-	0.0	major triad	(0, 3, 8)	A-	A-	1	None
260.25	1041/4	0.25	1/4	87	A-2	44	True	P1-Staff2	1	87.0	3.0	162.0	I	False	('A-', 'C', 'E-')	A-	A-	0.0	major triad	(0, 3, 8)	A-	A-	1	None
260.25	1041/4	0.25	1/4	87	C3	48	True	P1-Staff2	1	87.0	3.0	162.0	I	False	('A-', 'C', 'E-')	A-	A-	0.0	major triad	(0, 3, 8)	A-	A-	1	None
260.5	521/2	0.25	1/4	87	F4	65	True	P1-Staff2	6	87.0	3.0	162.0	I	False	('A-', 'C', 'E-')	A-	A-	0.0	major triad	(0, 3, 8)	A-	A-	1	None
260.5	521/2	0.25	1/4	87	C2	36	True	P1-Staff2	1	87.0	3.0	162.0	I	False	('A-', 'C', 'E-')	A-	A-	0.0	major triad	(0, 3, 8)	A-	A-	1	None
260.5	521/2	0.25	1/4	87	A-2	44	True	P1-Staff2	1	87.0	3.0	162.0	I	False	('A-', 'C', 'E-')	A-	A-	0.0	major triad	(0, 3, 8)	A-	A-	1	None
260.5	521/2	0.25	1/4	87	C3	48	True	P1-Staff2	1	87.0	3.0	162.0	I	False	('A-', 'C', 'E-')	A-	A-	0.0	major triad	(0, 3, 8)	A-	A-	1	None
260.75	1043/4	0.25	1/4	87	G4	67	True	P1-Staff2	6	87.0	3.0	162.0	I	False	('A-', 'C', 'E-')	A-	A-	0.0	major triad	(0, 3, 8)	A-	A-	1	None
260.75	1043/4	0.25	1/4	87	C2	36	True	P1-Staff2	1	87.0	3.0	162.0	I	False	('A-', 'C', 'E-')	A-	A-	0.0	major triad	(0, 3, 8)	A-	A-	1	None
260.75	1043/4	0.25	1/4	87	A-2	44	True	P1-Staff2	1	87.0	3.0	162.0	I	False	('A-', 'C', 'E-')	A-	A-	0.0	major triad	(0, 3, 8)	A-	A-	1	None
260.75	1043/4	0.25	1/4	87	C3	48	True	P1-Staff2	1	87.0	3.0	162.0	I	False	('A-', 'C', 'E-')	A-	A-	0.0	major triad	(0, 3, 8)	A-	A-	1	None
261.0	261	0.5	1/2	88	A-4	68	True	P1-Staff2	6	88.0	3.0	163.0	I	True	('C', 'E-', 'A-')	C	A-	1.0	major triad	(0, 3, 8)	A-	A-	1	None
261.0	261	0.25	1/4	88	C2	36	True	P1-Staff2	6	88.0	3.0	163.0	I	True	('C', 'E-', 'A-')	C	A-	1.0	major triad	(0, 3, 8)	A-	A-	1	None
261.25	1045/4	0.25	1/4	88	A-2	44	True	P1-Staff2	1	88.0	3.0	163.0	I	False	('C', 'E-', 'A-')	C	A-	1.0	major triad	(0, 3, 8)	A-	A-	1	None
261.25	1045/4	0.25	1/4	88	C3	48	True	P1-Staff2	1	88.0	3.0	163.0	I	False	('C', 'E-', 'A-')	C	A-	1.0	major triad	(0, 3, 8)	A-	A-	1	None
261.5	523/2	0.5	1/2	88	E-4	63	True	P1-Staff2	6	88.0	3.0	163.0	I	False	('C', 'E-', 'A-')	C	A-	1.0	major triad	(0, 3, 8)	A-	A-	1	None
261.5	523/2	0.25	1/4	88	A-2	44	True	P1-Staff2	1	88.0	3.0	163.0	I	False	('C', 'E-', 'A-')	C	A-	1.0	major triad	(0, 3, 8)	A-	A-	1	None
261.5	523/2	0.25	1/4	88	C3	48	True	P1-Staff2	1	88.0	3.0	163.0	I	False	('C', 'E-', 'A-')	C	A-	1.0	major triad	(0, 3, 8)	A-	A-	1	None
261.75	1047/4	0.25	1/4	88	G2	43	True	P1-Staff2	1	88.0	3.0	163.0	I	False	('C', 'E-', 'A-')	C	A-	1.0	major triad	(0, 3, 8)	A-	A-	1	None
261.75	1047/4	0.25	1/4	88	A-2	44	True	P1-Staff2	1	88.0	3.0	163.0	I	False	('C', 'E-', 'A-')	C	A-	1.0	major triad	(0, 3, 8)	A-	A-	1	None
261.75	1047/4	0.25	1/4	88	C3	48	True	P1-Staff2	1	88.0	3.0	163.0	I	False	('C', 'E-', 'A-')	C	A-	1.0	major triad	(0, 3, 8)	A-	A-	1	None
262.0	262	0.25	1/4	88	G2	43	True	P1-Staff2	1	88.0	3.0	163.0	I	False	('C', 'E-', 'A-')	C	A-	1.0	major triad	(0, 3, 8)	A-	A-	1	None
262.0	262	0.25	1/4	88	A-2	44	True	P1-Staff2	1	88.0	3.0	163.0	I	False	('C', 'E-', 'A-')	C	A-	1.0	major triad	(0, 3, 8)	A-	A-	1	None
262.0	262	0.25	1/4	88	C3	48	True	P1-Staff2	1	88.0	3.0	163.0	I	False	('C', 'E-', 'A-')	C	A-	1.0	major triad	(0, 3, 8)	A-	A-	1	None
262.25	1049/4	0.25	1/4	88	F2	41	True	P1-Staff2	1	88.0	3.0	163.0	I	False	('C', 'E-', 'A-')	C	A-	1.0	major triad	(0, 3, 8)	A-	A-	1	None
262.25	1049/4	0.25	1/4	88	A-2	44	True	P1-Staff2	1	88.0	3.0	163.0	I	False	('C', 'E-', 'A-')	C	A-	1.0	major triad	(0, 3, 8)	A-	A-	1	None
262.25	1049/4	0.25	1/4	88	C3	48	True	P1-Staff2	1	88.0	3.0	163.0	I	False	('C', 'E-', 'A-')	C	A-	1.0	major triad	(0, 3, 8)	A-	A-	1	None
262.5	525/2	0.25	1/4	88	F2	41	True	P1-Staff2	1	88.0	3.0	163.0	I	False	('C', 'E-', 'A-')	C	A-	1.0	major triad	(0, 3, 8)	A-	A-	1	None
262.5	525/2	0.25	1/4	88	A-2	44	True	P1-Staff2	1	88.0	3.0	163.0	I	False	('C', 'E-', 'A-')	C	A-	1.0	major triad	(0, 3, 8)	A-	A-	1	None
262.5	525/2	0.25	1/4	88	C3	48	True	P1-Staff2	1	88.0	3.0	163.0	I	False	('C', 'E-', 'A-')	C	A-	1.0	major triad	(0, 3, 8)	A-	A-	1	None
262.75	1051/4	0.25	1/4	88	G4	67	True	P1-Staff2	6	88.0	3.0	163.0	I	False	('C', 'E-', 'A-')	C	A-	1.0	major triad	(0, 3, 8)	A-	A-	1	None
262.75	1051/4	0.25	1/4	88	E-2	39	True	P1-Staff2	1	88.0	3.0	163.0	I	False	('C', 'E-', 'A-')	C	A-	1.0	major triad	(0, 3, 8)	A-	A-	1	None
262.75	1051/4	0.25	1/4	88	A-2	44	True	P1-Staff2	1	88.0	3.0	163.0	I	False	('C', 'E-', 'A-')	C	A-	1.0	major triad	(0, 3, 8)	A-	A-	1	None
262.75	1051/4	0.25	1/4	88	C3	48	True	P1-Staff2	1	88.0	3.0	163.0	I	False	('C', 'E-', 'A-')	C	A-	1.0	major triad	(0, 3, 8)	A-	A-	1	None
263.0	263	0.25	1/4	88	A-4	68	True	P1-Staff2	6	88.0	3.0	163.0	I	False	('C', 'E-', 'A-')	C	A-	1.0	major triad	(0, 3, 8)	A-	A-	1	None
263.0	263	0.25	1/4	88	E-2	39	True	P1-Staff2	1	88.0	3.0	163.0	I	False	('C', 'E-', 'A-')	C	A-	1.0	major triad	(0, 3, 8)	A-	A-	1	None
263.0	263	0.25	1/4	88	A-2	44	True	P1-Staff2	1	88.0	3.0	163.0	I	False	('C', 'E-', 'A-')	C	A-	1.0	major triad	(0, 3, 8)	A-	A-	1	None
263.0	263	0.25	1/4	88	C3	48	True	P1-Staff2	1	88.0	3.0	163.0	I	False	('C', 'E-', 'A-')	C	A-	1.0	major triad	(0, 3, 8)	A-	A-	1	None
263.25	1053/4	0.25	1/4	88	B-4	70	True	P1-Staff2	6	88.0	3.0	163.0	I	False	('C', 'E-', 'A-')	C	A-	1.0	major triad	(0, 3, 8)	A-	A-	1	None
263.25	1053/4	0.25	1/4	88	D-2	37	True	P1-Staff2	1	88.0	3.0	163.0	I	False	('C', 'E-', 'A-')	C	A-	1.0	major triad	(0, 3, 8)	A-	A-	1	None
263.25	1053/4	0.25	1/4	88	A-2	44	True	P1-Staff2	1	88.0	3.0	163.0	I	False	('C', 'E-', 'A-')	C	A-	1.0	major triad	(0, 3, 8)	A-	A-	1	None
263.25	1053/4	0.25	1/4	88	C3	48	True	P1-Staff2	1	88.0	3.0	163.0	I	False	('C', 'E-', 'A-')	C	A-	1.0	major triad	(0, 3, 8)	A-	A-	1	None
263.5	527/2	0.25	1/4	88	C5	72	True	P1-Staff2	6	88.0	3.0	163.0	I	False	('C', 'E-', 'A-')	C	A-	1.0	major triad	(0, 3, 8)	A-	A-	1	None
263.5	527/2	0.25	1/4	88	C2	36	True	P1-Staff2	1	88.0	3.0	163.0	I	False	('C', 'E-', 'A-')	C	A-	1.0	major triad	(0, 3, 8)	A-	A-	1	None
263.5	527/2	0.25	1/4	88	A-2	44	True	P1-Staff2	1	88.0	3.0	163.0	I	False	('C', 'E-', 'A-')	C	A-	1.0	major triad	(0, 3, 8)	A-	A-	1	None
263.5	527/2	0.25	1/4	88	C3	48	True	P1-Staff2	1	88.0	3.0	163.0	I	False	('C', 'E-', 'A-')	C	A-	1.0	major triad	(0, 3, 8)	A-	A-	1	None
263.75	1055/4	0.25	1/4	88	D-5	73	True	P1-Staff2	6	88.0	3.0	163.0	I	False	('C', 'E-', 'A-')	C	A-	1.0	major triad	(0, 3, 8)	A-	A-	1	None
263.75	1055/4	0.25	1/4	88	C2	36	True	P1-Staff2	1	88.0	3.0	163.0	I	False	('C', 'E-', 'A-')	C	A-	1.0	major triad	(0, 3, 8)	A-	A-	1	None
263.75	1055/4	0.25	1/4	88	A-2	44	True	P1-Staff2	1	88.0	3.0	163.0	I	False	('C', 'E-', 'A-')	C	A-	1.0	major triad	(0, 3, 8)	A-	A-	1	None
263.75	1055/4	0.25	1/4	88	C3	48	True	P1-Staff2	1	88.0	3.0	163.0	I	False	('C', 'E-', 'A-')	C	A-	1.0	major triad	(0, 3, 8)	A-	A-	1	None
264.0	264	0.5	1/2	89	E-5	75	True	P1-Staff2	6	89.0	3.0	164.0	I	True	('C', 'E-', 'A-')	C	A-	1.0	major triad	(0, 3, 8)	A-	A-	1	None
264.0	264	0.25	1/4	89	C2	36	True	P1-Staff2	6	89.0	3.0	164.0	I	True	('C', 'E-', 'A-')	C	A-	1.0	major triad	(0, 3, 8)	A-	A-	1	None
264.25	1057/4	0.25	1/4	89	A-2	44	True	P1-Staff2	1	89.0	3.0	164.0	I	False	('C', 'E-', 'A-')	C	A-	1.0	major triad	(0, 3, 8)	A-	A-	1	None
264.25	1057/4	0.25	1/4	89	C3	48	True	P1-Staff2	1	89.0	3.0	164.0	I	False	('C', 'E-', 'A-')	C	A-	1.0	major triad	(0, 3, 8)	A-	A-	1	None
264.5	529/2	0.5	1/2	89	A-4	68	True	P1-Staff2	6	89.0	3.0	164.0	I	False	('C', 'E-', 'A-')	C	A-	1.0	major triad	(0, 3, 8)	A-	A-	1	None
264.5	529/2	0.25	1/4	89	A-2	44	True	P1-Staff2	1	89.0	3.0	164.0	I	False	('C', 'E-', 'A-')	C	A-	1.0	major triad	(0, 3, 8)	A-	A-	1	None
264.5	529/2	0.25	1/4	89	C3	48	True	P1-Staff2	1	89.0	3.0	164.0	I	False	('C', 'E-', 'A-')	C	A-	1.0	major triad	(0, 3, 8)	A-	A-	1	None
264.75	1059/4	0.25	1/4	89	G2	43	True	P1-Staff2	1	89.0	3.0	164.0	I	False	('C', 'E-', 'A-')	C	A-	1.0	major triad	(0, 3, 8)	A-	A-	1	None
264.75	1059/4	0.25	1/4	89	A-2	44	True	P1-Staff2	1	89.0	3.0	164.0	I	False	('C', 'E-', 'A-')	C	A-	1.0	major triad	(0, 3, 8)	A-	A-	1	None
264.75	1059/4	0.25	1/4	89	C3	48	True	P1-Staff2	1	89.0	3.0	164.0	I	False	('C', 'E-', 'A-')	C	A-	1.0	major triad	(0, 3, 8)	A-	A-	1	None
265.0	265	0.25	1/4	89	G2	43	True	P1-Staff2	1	89.0	3.0	164.0	I	False	('C', 'E-', 'A-')	C	A-	1.0	major triad	(0, 3, 8)	A-	A-	1	None
265.0	265	0.25	1/4	89	A-2	44	True	P1-Staff2	1	89.0	3.0	164.0	I	False	('C', 'E-', 'A-')	C	A-	1.0	major triad	(0, 3, 8)	A-	A-	1	None
265.0	265	0.25	1/4	89	C3	48	True	P1-Staff2	1	89.0	3.0	164.0	I	False	('C', 'E-', 'A-')	C	A-	1.0	major triad	(0, 3, 8)	A-	A-	1	None
265.25	1061/4	0.25	1/4	89	F2	41	True	P1-Staff2	1	89.0	3.0	164.0	I	False	('C', 'E-', 'A-')	C	A-	1.0	major triad	(0, 3, 8)	A-	A-	1	None
265.25	1061/4	0.25	1/4	89	A-2	44	True	P1-Staff2	1	89.0	3.0	164.0	I	False	('C', 'E-', 'A-')	C	A-	1.0	major triad	(0, 3, 8)	A-	A-	1	None
265.25	1061/4	0.25	1/4	89	C3	48	True	P1-Staff2	1	89.0	3.0	164.0	I	False	('C', 'E-', 'A-')	C	A-	1.0	major triad	(0, 3, 8)	A-	A-	1	None
265.5	531/2	0.25	1/4	89	F2	41	True	P1-Staff2	1	89.0	3.0	164.0	I	False	('C', 'E-', 'A-')	C	A-	1.0	major triad	(0, 3, 8)	A-	A-	1	None
265.5	531/2	0.25	1/4	89	A-2	44	True	P1-Staff2	1	89.0	3.0	164.0	I	False	('C', 'E-', 'A-')	C	A-	1.0	major triad	(0, 3, 8)	A-	A-	1	None
265.5	531/2	0.25	1/4	89	C3	48	True	P1-Staff2	1	89.0	3.0	164.0	I	False	('C', 'E-', 'A-')	C	A-	1.0	major triad	(0, 3, 8)	A-	A-	1	None
265.75	1063/4	0.25	1/4	89	A-5	80	True	P1-Staff2	6	89.0	3.0	164.0	I	False	('C', 'E-', 'A-')	C	A-	1.0	major triad	(0, 3, 8)	A-	A-	1	None
265.75	1063/4	0.25	1/4	89	E-2	39	True	P1-Staff2	1	89.0	3.0	164.0	I	False	('C', 'E-', 'A-')	C	A-	1.0	major triad	(0, 3, 8)	A-	A-	1	None
265.75	1063/4	0.25	1/4	89	A-2	44	True	P1-Staff2	1	89.0	3.0	164.0	I	False	('C', 'E-', 'A-')	C	A-	1.0	major triad	(0, 3, 8)	A-	A-	1	None
265.75	1063/4	0.25	1/4	89	C3	48	True	P1-Staff2	1	89.0	3.0	164.0	I	False	('C', 'E-', 'A-')	C	A-	1.0	major triad	(0, 3, 8)	A-	A-	1	None
266.0	266	0.25	1/4	89	B-5	82	True	P1-Staff2	6	89.0	3.0	164.0	I	False	('C', 'E-', 'A-')	C	A-	1.0	major triad	(0, 3, 8)	A-	A-	1	None
266.0	266	0.25	1/4	89	E-2	39	True	P1-Staff2	1	89.0	3.0	164.0	I	False	('C', 'E-', 'A-')	C	A-	1.0	major triad	(0, 3, 8)	A-	A-	1	None
266.0	266	0.25	1/4	89	A-2	44	True	P1-Staff2	1	89.0	3.0	164.0	I	False	('C', 'E-', 'A-')	C	A-	1.0	major triad	(0, 3, 8)	A-	A-	1	None
266.0	266	0.25	1/4	89	C3	48	True	P1-Staff2	1	89.0	3.0	164.0	I	False	('C', 'E-', 'A-')	C	A-	1.0	major triad	(0, 3, 8)	A-	A-	1	None
266.25	1065/4	0.25	1/4	89	C6	84	True	P1-Staff2	6	89.0	3.0	164.0	I	False	('C', 'E-', 'A-')	C	A-	1.0	major triad	(0, 3, 8)	A-	A-	1	None
266.25	1065/4	0.25	1/4	89	D-2	37	True	P1-Staff2	1	89.0	3.0	164.0	I	False	('C', 'E-', 'A-')	C	A-	1.0	major triad	(0, 3, 8)	A-	A-	1	None
266.25	1065/4	0.25	1/4	89	A-2	44	True	P1-Staff2	1	89.0	3.0	164.0	I	False	('C', 'E-', 'A-')	C	A-	1.0	major triad	(0, 3, 8)	A-	A-	1	None
266.25	1065/4	0.25	1/4	89	C3	48	True	P1-Staff2	1	89.0	3.0	164.0	I	False	('C', 'E-', 'A-')	C	A-	1.0	major triad	(0, 3, 8)	A-	A-	1	None
266.5	533/2	0.25	1/4	89	D-6	85	True	P1-Staff2	6	89.0	3.0	164.0	I	False	('C', 'E-', 'A-')	C	A-	1.0	major triad	(0, 3, 8)	A-	A-	1	None
266.5	533/2	0.25	1/4	89	C2	36	True	P1-Staff2	1	89.0	3.0	164.0	I	False	('C', 'E-', 'A-')	C	A-	1.0	major triad	(0, 3, 8)	A-	A-	1	None
266.5	533/2	0.25	1/4	89	A-2	44	True	P1-Staff2	1	89.0	3.0	164.0	I	False	('C', 'E-', 'A-')	C	A-	1.0	major triad	(0, 3, 8)	A-	A-	1	None
266.5	533/2	0.25	1/4	89	C3	48	True	P1-Staff2	1	89.0	3.0	164.0	I	False	('C', 'E-', 'A-')	C	A-	1.0	major triad	(0, 3, 8)	A-	A-	1	None
266.75	1067/4	0.25	1/4	89	E-6	87	True	P1-Staff2	6	89.0	3.0	164.0	I	False	('C', 'E-', 'A-')	C	A-	1.0	major triad	(0, 3, 8)	A-	A-	1	None
266.75	1067/4	0.25	1/4	89	C2	36	True	P1-Staff2	1	89.0	3.0	164.0	I	False	('C', 'E-', 'A-')	C	A-	1.0	major triad	(0, 3, 8)	A-	A-	1	None
266.75	1067/4	0.25	1/4	89	A-2	44	True	P1-Staff2	1	89.0	3.0	164.0	I	False	('C', 'E-', 'A-')	C	A-	1.0	major triad	(0, 3, 8)	A-	A-	1	None
266.75	1067/4	0.25	1/4	89	C3	48	True	P1-Staff2	1	89.0	3.0	164.0	I	False	('C', 'E-', 'A-')	C	A-	1.0	major triad	(0, 3, 8)	A-	A-	1	None
267.0	267	1.0	1	90	F6	89	True	P1-Staff2	6	90.0	2.0	165.0	ii7	True	('D-', 'F', 'A-', 'B-')	D-	B-	1.0	minor seventh chord	(1, 5, 8, 10)	A-	A-	2	None
267.0	267	1.0	1	90	D-2	37	True	P1-Staff2	1	90.0	2.0	165.0	ii7	True	('D-', 'F', 'A-', 'B-')	D-	B-	1.0	minor seventh chord	(1, 5, 8, 10)	A-	A-	2	None
267.0	267	1.0	1	90	A-2	44	True	P1-Staff2	1	90.0	2.0	165.0	ii7	True	('D-', 'F', 'A-', 'B-')	D-	B-	1.0	minor seventh chord	(1, 5, 8, 10)	A-	A-	2	None
267.0	267	1.0	1	90	B-2	46	True	P1-Staff2	1	90.0	2.0	165.0	ii7	True	('D-', 'F', 'A-', 'B-')	D-	B-	1.0	minor seventh chord	(1, 5, 8, 10)	A-	A-	2	None
268.75	1075/4	0.25	1/4	90	F4	65	True	P1-Staff2	1	90.0	2.0	165.0	ii7	False	('D-', 'F', 'A-', 'B-')	D-	B-	1.0	minor seventh chord	(1, 5, 8, 10)	A-	A-	2	None
268.75	1075/4	0.25	1/4	90	B-4	70	True	P1-Staff2	1	90.0	2.0	165.0	ii7	False	('D-', 'F', 'A-', 'B-')	D-	B-	1.0	minor seventh chord	(1, 5, 8, 10)	A-	A-	2	None
268.75	1075/4	0.25	1/4	90	D3	50	True	P1-Staff2	1	90.0	2.0	165.0	ii7	False	('D-', 'F', 'A-', 'B-')	D-	B-	1.0	minor seventh chord	(1, 5, 8, 10)	A-	A-	2	None
268.75	1075/4	0.25	1/4	90	A-3	56	True	P1-Staff2	1	90.0	2.0	165.0	ii7	False	('D-', 'F', 'A-', 'B-')	D-	B-	1.0	minor seventh chord	(1, 5, 8, 10)	A-	A-	2	None
269.0	269	0.5	1/2	90	G4	67	True	P1-Staff2	1	90.0	1.0	166.0	V	True	('E-', 'G', 'B-')	E-	E-	0.0	major triad	(3, 7, 10)	A-	A-	5	None
269.0	269	0.5	1/2	90	E-5	75	True	P1-Staff2	1	90.0	1.0	166.0	V	True	('E-', 'G', 'B-')	E-	E-	0.0	major triad	(3, 7, 10)	A-	A-	5	None
269.0	269	0.5	1/2	90	E-3	51	True	P1-Staff2	1	90.0	1.0	166.0	V	True	('E-', 'G', 'B-')	E-	E-	0.0	major triad	(3, 7, 10)	A-	A-	5	None
269.0	269	0.5	1/2	90	G3	55	True	P1-Staff2	1	90.0	1.0	166.0	V	True	('E-', 'G', 'B-')	E-	E-	0.0	major triad	(3, 7, 10)	A-	A-	5	None
269.75	1079/4	0.25	1/4	90	G4	67	True	P1-Staff2	1	90.0	1.0	166.0	V	False	('E-', 'G', 'B-')	E-	E-	0.0	major triad	(3, 7, 10)	A-	A-	5	None
269.75	1079/4	0.25	1/4	90	E-5	75	True	P1-Staff2	1	90.0	1.0	166.0	V	False	('E-', 'G', 'B-')	E-	E-	0.0	major triad	(3, 7, 10)	A-	A-	5	None
269.75	1079/4	0.25	1/4	90	E-3	51	True	P1-Staff2	1	90.0	1.0	166.0	V	False	('E-', 'G', 'B-')	E-	E-	0.0	major triad	(3, 7, 10)	A-	A-	5	None
269.75	1079/4	0.25	1/4	90	B-3	58	True	P1-Staff2	1	90.0	1.0	166.0	V	False	('E-', 'G', 'B-')	E-	E-	0.0	major triad	(3, 7, 10)	A-	A-	5	None
270.0	270	1.0	1	91	C-5	71	True	P1-Staff2	1	91.0	1.0	167.0	viio7/V	True	('F', 'A-', 'C-', 'D')	F	D	1.0	diminished seventh chord	(2, 5, 8, 11)	A-	E-	7	5
270.0	270	1.0	1	91	D5	74	True	P1-Staff2	1	91.0	1.0	167.0	viio7/V	True	('F', 'A-', 'C-', 'D')	F	D	1.0	diminished seventh chord	(2, 5, 8, 11)	A-	E-	7	5
270.0	270	1.0	1	91	F3	53	True	P1-Staff2	1	91.0	1.0	167.0	viio7/V	True	('F', 'A-', 'C-', 'D')	F	D	1.0	diminished seventh chord	(2, 5, 8, 11)	A-	E-	7	5
270.0	270	1.0	1	91	A-3	56	True	P1-Staff2	1	91.0	1.0	167.0	viio7/V	True	('F', 'A-', 'C-', 'D')	F	D	1.0	diminished seventh chord	(2, 5, 8, 11)	A-	E-	7	5
271.0	271	1.0	1	91	F-4	64	True	P1-Staff2	1	91.0	1.0	168.0	viio7	True	('G', 'B-', 'D-', 'F-')	G	G	0.0	diminished seventh chord	(1, 4, 7, 10)	A-	A-	7	None
271.0	271	1.0	1	91	D-5	73	True	P1-Staff2	1	91.0	1.0	168.0	viio7	True	('G', 'B-', 'D-', 'F-')	G	G	0.0	diminished seventh chord	(1, 4, 7, 10)	A-	A-	7	None
271.0	271	1.0	1	91	G3	55	True	P1-Staff2	1	91.0	1.0	168.0	viio7	True	('G', 'B-', 'D-', 'F-')	G	G	0.0	diminished seventh chord	(1, 4, 7, 10)	A-	A-	7	None
271.0	271	1.0	1	91	B-3	58	True	P1-Staff2	1	91.0	1.0	168.0	viio7	True	('G', 'B-', 'D-', 'F-')	G	G	0.0	diminished seventh chord	(1, 4, 7, 10)	A-	A-	7	None
272.0	272	0.25	1/4	91	E-4	63	True	P1-Staff2	1	91.0	1.0	169.0	I	True	('A-', 'C', 'E-')	A-	A-	0.0	major triad	(0, 3, 8)	A-	A-	1	None
272.0	272	0.25	1/4	91	C5	72	True	P1-Staff2	1	91.0	1.0	169.0	I	True	('A-', 'C', 'E-')	A-	A-	0.0	major triad	(0, 3, 8)	A-	A-	1	None
272.0	272	0.25	1/4	91	A-3	56	True	P1-Staff2	1	91.0	1.0	169.0	I	True	('A-', 'C', 'E-')	A-	A-	0.0	major triad	(0, 3, 8)	A-	A-	1	None
272.0	272	0.25	1/4	91	C4	60	True	P1-Staff2	1	91.0	1.0	169.0	I	True	('A-', 'C', 'E-')	A-	A-	0.0	major triad	(0, 3, 8)	A-	A-	1	None
272.25	1089/4	0.25	1/4	91	A-6	92	True	P1-Staff2	6	91.0	1.0	169.0	I	False	('A-', 'C', 'E-')	A-	A-	0.0	major triad	(0, 3, 8)	A-	A-	1	None
272.25	1089/4	0.25	1/4	91	A-3	56	True	P1-Staff2	1	91.0	1.0	169.0	I	False	('A-', 'C', 'E-')	A-	A-	0.0	major triad	(0, 3, 8)	A-	A-	1	None
272.25	1089/4	0.25	1/4	91	C4	60	True	P1-Staff2	1	91.0	1.0	169.0	I	False	('A-', 'C', 'E-')	A-	A-	0.0	major triad	(0, 3, 8)	A-	A-	1	None
272.5	545/2	0.25	1/4	91	G6	91	True	P1-Staff2	6	91.0	1.0	169.0	I	False	('A-', 'C', 'E-')	A-	A-	0.0	major triad	(0, 3, 8)	A-	A-	1	None
272.5	545/2	0.25	1/4	91	B-3	58	True	P1-Staff2	1	91.0	1.0	169.0	I	False	('A-', 'C', 'E-')	A-	A-	0.0	major triad	(0, 3, 8)	A-	A-	1	None
272.5	545/2	0.25	1/4	91	D-4	61	True	P1-Staff2	1	91.0	1.0	169.0	I	False	('A-', 'C', 'E-')	A-	A-	0.0	major triad	(0, 3, 8)	A-	A-	1	None
272.75	1091/4	0.25	1/4	91	G-6	90	True	P1-Staff2	6	91.0	1.0	169.0	I	False	('A-', 'C', 'E-')	A-	A-	0.0	major triad	(0, 3, 8)	A-	A-	1	None
272.75	1091/4	0.25	1/4	91	C4	60	True	P1-Staff2	1	91.0	1.0	169.0	I	False	('A-', 'C', 'E-')	A-	A-	0.0	major triad	(0, 3, 8)	A-	A-	1	None
272.75	1091/4	0.25	1/4	91	E-4	63	True	P1-Staff2	1	91.0	1.0	169.0	I	False	('A-', 'C', 'E-')	A-	A-	0.0	major triad	(0, 3, 8)	A-	A-	1	None
273.0	273	0.125	1/8	92	F6	89	True	P1-Staff2	6	92.0	2.0	170.0	IV	True	('D-', 'F', 'A-')	D-	D-	0.0	major triad	(1, 5, 8)	A-	A-	4	None
273.0	273	0.5	1/2	92	D-4	61	True	P1-Staff2	1	92.0	2.0	170.0	IV	True	('D-', 'F', 'A-')	D-	D-	0.0	major triad	(1, 5, 8)	A-	A-	4	None
273.0	273	0.5	1/2	92	F4	65	True	P1-Staff2	1	92.0	2.0	170.0	IV	True	('D-', 'F', 'A-')	D-	D-	0.0	major triad	(1, 5, 8)	A-	A-	4	None
273.125	2185/8	0.125	1/8	92	E-6	87	True	P1-Staff2	6	92.0	2.0	170.0	IV	False	('D-', 'F', 'A-')	D-	D-	0.0	major triad	(1, 5, 8)	A-	A-	4	None
273.25	1093/4	0.125	1/8	92	D-6	85	True	P1-Staff2	6	92.0	2.0	170.0	IV	False	('D-', 'F', 'A-')	D-	D-	0.0	major triad	(1, 5, 8)	A-	A-	4	None
273.375	2187/8	0.125	1/8	92	C6	84	True	P1-Staff2	6	92.0	2.0	170.0	IV	False	('D-', 'F', 'A-')	D-	D-	0.0	major triad	(1, 5, 8)	A-	A-	4	None
273.5	547/2	0.125	1/8	92	C-6	83	True	P1-Staff2	6	92.0	2.0	170.0	IV	False	('D-', 'F', 'A-')	D-	D-	0.0	major triad	(1, 5, 8)	A-	A-	4	None
273.625	2189/8	0.125	1/8	92	B-5	82	True	P1-Staff2	6	92.0	2.0	170.0	IV	False	('D-', 'F', 'A-')	D-	D-	0.0	major triad	(1, 5, 8)	A-	A-	4	None
273.75	1095/4	0.125	1/8	92	A5	81	True	P1-Staff2	6	92.0	2.0	170.0	IV	False	('D-', 'F', 'A-')	D-	D-	0.0	major triad	(1, 5, 8)	A-	A-	4	None
273.875	2191/8	0.125	1/8	92	A-5	80	True	P1-Staff2	6	92.0	2.0	170.0	IV	False	('D-', 'F', 'A-')	D-	D-	0.0	major triad	(1, 5, 8)	A-	A-	4	None
274.0	274	0.125	1/8	92	G5	79	True	P1-Staff2	6	92.0	2.0	170.0	IV	False	('D-', 'F', 'A-')	D-	D-	0.0	major triad	(1, 5, 8)	A-	A-	4	None
274.125	2193/8	0.125	1/8	92	G-5	78	True	P1-Staff2	6	92.0	2.0	170.0	IV	False	('D-', 'F', 'A-')	D-	D-	0.0	major triad	(1, 5, 8)	A-	A-	4	None
274.25	1097/4	0.125	1/8	92	F5	77	True	P1-Staff2	6	92.0	2.0	170.0	IV	False	('D-', 'F', 'A-')	D-	D-	0.0	major triad	(1, 5, 8)	A-	A-	4	None
274.375	2195/8	0.125	1/8	92	E5	76	True	P1-Staff2	6	92.0	2.0	170.0	IV	False	('D-', 'F', 'A-')	D-	D-	0.0	major triad	(1, 5, 8)	A-	A-	4	None
274.5	549/2	0.125	1/8	92	E-5	75	True	P1-Staff2	6	92.0	2.0	170.0	IV	False	('D-', 'F', 'A-')	D-	D-	0.0	major triad	(1, 5, 8)	A-	A-	4	None
274.5	549/2	0.25	1/4	92	D-3	49	True	P1-Staff2	1	92.0	2.0	170.0	IV	False	('D-', 'F', 'A-')	D-	D-	0.0	major triad	(1, 5, 8)	A-	A-	4	None
274.5	549/2	0.25	1/4	92	F3	53	True	P1-Staff2	1	92.0	2.0	170.0	IV	False	('D-', 'F', 'A-')	D-	D-	0.0	major triad	(1, 5, 8)	A-	A-	4	None
274.5	549/2	0.25	1/4	92	A-3	56	True	P1-Staff2	1	92.0	2.0	170.0	IV	False	('D-', 'F', 'A-')	D-	D-	0.0	major triad	(1, 5, 8)	A-	A-	4	None
274.625	2197/8	0.125	1/8	92	D-5	73	True	P1-Staff2	6	92.0	2.0	170.0	IV	False	('D-', 'F', 'A-')	D-	D-	0.0	major triad	(1, 5, 8)	A-	A-	4	None
274.75	1099/4	0.125	1/8	92	C5	72	True	P1-Staff2	6	92.0	2.0	170.0	IV	False	('D-', 'F', 'A-')	D-	D-	0.0	major triad	(1, 5, 8)	A-	A-	4	None
274.75	1099/4	0.25	1/4	92	D-3	49	True	P1-Staff2	1	92.0	2.0	170.0	IV	False	('D-', 'F', 'A-')	D-	D-	0.0	major triad	(1, 5, 8)	A-	A-	4	None
274.75	1099/4	0.25	1/4	92	F3	53	True	P1-Staff2	1	92.0	2.0	170.0	IV	False	('D-', 'F', 'A-')	D-	D-	0.0	major triad	(1, 5, 8)	A-	A-	4	None
274.75	1099/4	0.25	1/4	92	A-3	56	True	P1-Staff2	1	92.0	2.0	170.0	IV	False	('D-', 'F', 'A-')	D-	D-	0.0	major triad	(1, 5, 8)	A-	A-	4	None
274.875	2199/8	0.125	1/8	92	B-4	70	True	P1-Staff2	6	92.0	2.0	170.0	IV	False	('D-', 'F', 'A-')	D-	D-	0.0	major triad	(1, 5, 8)	A-	A-	4	None
275.0	275	0.5	1/2	92	B-4	70	True	P1-Staff2	1	92.0	1.0	171.0	V	True	('E-', 'G', 'B-')	E-	E-	0.0	major triad	(3, 7, 10)	A-	A-	5	None
275.0	275	0.5	1/2	92	E-5	75	True	P1-Staff2	1	92.0	1.0	171.0	V	True	('E-', 'G', 'B-')	E-	E-	0.0	major triad	(3, 7, 10)	A-	A-	5	None
275.0	275	0.5	1/2	92	E-3	51	True	P1-Staff2	1	92.0	1.0	171.0	V	True	('E-', 'G', 'B-')	E-	E-	0.0	major triad	(3, 7, 10)	A-	A-	5	None
275.0	275	0.5	1/2	92	G3	55	True	P1-Staff2	1	92.0	1.0	171.0	V	True	('E-', 'G', 'B-')	E-	E-	0.0	major triad	(3, 7, 10)	A-	A-	5	None
275.75	1103/4	0.25	1/4	92	G4	67	True	P1-Staff2	1	92.0	1.0	171.0	V	False	('E-', 'G', 'B-')	E-	E-	0.0	major triad	(3, 7, 10)	A-	A-	5	None
275.75	1103/4	0.25	1/4	92	E-5	75	True	P1-Staff2	1	92.0	1.0	171.0	V	False	('E-', 'G', 'B-')	E-	E-	0.0	major triad	(3, 7, 10)	A-	A-	5	None
275.75	1103/4	0.25	1/4	92	E-3	51	True	P1-Staff2	1	92.0	1.0	171.0	V	False	('E-', 'G', 'B-')	E-	E-	0.0	major triad	(3, 7, 10)	A-	A-	5	None
275.75	1103/4	0.25	1/4	92	B-3	58	True	P1-Staff2	1	92.0	1.0	171.0	V	False	('E-', 'G', 'B-')	E-	E-	0.0	major triad	(3, 7, 10)	A-	A-	5	None
276.0	276	0.5	1/2	93	E-5	75	True	P1-Staff2	1	93.0	2.0	172.0	I	True	('A-', 'C', 'E-')	A-	A-	0.0	major triad	(0, 3, 8)	A-	A-	1	None
276.0	276	2.0	2	93	A-4	68	True	P1-Staff2	2	93.0	2.0	172.0	I	True	('A-', 'C', 'E-')	A-	A-	0.0	major triad	(0, 3, 8)	A-	A-	1	None
276.0	276	0.5	1/2	93	C4	60	True	P1-Staff2	5	93.0	2.0	172.0	I	True	('A-', 'C', 'E-')	A-	A-	0.0	major triad	(0, 3, 8)	A-	A-	1	None
276.0	276	1.0	1	93	A-3	56	True	P1-Staff2	6	93.0	2.0	172.0	I	True	('A-', 'C', 'E-')	A-	A-	0.0	major triad	(0, 3, 8)	A-	A-	1	None
276.5	553/2	0.25	1/4	93	F5	77	True	P1-Staff2	1	93.0	2.0	172.0	I	False	('A-', 'C', 'E-')	A-	A-	0.0	major triad	(0, 3, 8)	A-	A-	1	None
276.5	553/2	0.25	1/4	93	D-4	61	True	P1-Staff2	5	93.0	2.0	172.0	I	False	('A-', 'C', 'E-')	A-	A-	0.0	major triad	(0, 3, 8)	A-	A-	1	None
276.75	1107/4	0.25	1/4	93	E-5	75	True	P1-Staff2	1	93.0	2.0	172.0	I	False	('A-', 'C', 'E-')	A-	A-	0.0	major triad	(0, 3, 8)	A-	A-	1	None
276.75	1107/4	0.25	1/4	93	C4	60	True	P1-Staff2	5	93.0	2.0	172.0	I	False	('A-', 'C', 'E-')	A-	A-	0.0	major triad	(0, 3, 8)	A-	A-	1	None
277.0	277	0.25	1/4	93	D-5	73	True	P1-Staff2	1	93.0	2.0	172.0	I	False	('A-', 'C', 'E-')	A-	A-	0.0	major triad	(0, 3, 8)	A-	A-	1	None
277.0	277	0.25	1/4	93	B-3	58	True	P1-Staff2	5	93.0	2.0	172.0	I	False	('A-', 'C', 'E-')	A-	A-	0.0	major triad	(0, 3, 8)	A-	A-	1	None
277.0	277	0.25	1/4	93	A-3	56	False	P1-Staff2	6	93.0	2.0	172.0	I	False	('A-', 'C', 'E-')	A-	A-	0.0	major triad	(0, 3, 8)	A-	A-	1	None
277.25	1109/4	0.25	1/4	93	C5	72	True	P1-Staff2	1	93.0	2.0	172.0	I	False	('A-', 'C', 'E-')	A-	A-	0.0	major triad	(0, 3, 8)	A-	A-	1	None
277.25	1109/4	0.25	1/4	93	A-3	56	True	P1-Staff2	5	93.0	2.0	172.0	I	False	('A-', 'C', 'E-')	A-	A-	0.0	major triad	(0, 3, 8)	A-	A-	1	None
277.5	555/2	0.25	1/4	93	B-4	70	True	P1-Staff2	1	93.0	2.0	172.0	I	False	('A-', 'C', 'E-')	A-	A-	0.0	major triad	(0, 3, 8)	A-	A-	1	None
277.5	555/2	0.25	1/4	93	G3	55	True	P1-Staff2	5	93.0	2.0	172.0	I	False	('A-', 'C', 'E-')	A-	A-	0.0	major triad	(0, 3, 8)	A-	A-	1	None
277.75	1111/4	0.25	1/4	93	C5	72	True	P1-Staff2	1	93.0	2.0	172.0	I	False	('A-', 'C', 'E-')	A-	A-	0.0	major triad	(0, 3, 8)	A-	A-	1	None
277.75	1111/4	0.25	1/4	93	A-3	56	True	P1-Staff2	5	93.0	2.0	172.0	I	False	('A-', 'C', 'E-')	A-	A-	0.0	major triad	(0, 3, 8)	A-	A-	1	None
278.0	278	1.0	1	93	D-5	73	True	P1-Staff2	1	93.0	1.0	173.0	V7	True	('E-', 'G', 'B-', 'D-')	E-	E-	0.0	dominant seventh chord	(1, 3, 7, 10)	A-	A-	5	None
278.0	278	0.25	1/4	93	A-4	68	False	P1-Staff2	2	93.0	1.0	173.0	V7	True	('E-', 'G', 'B-', 'D-')	E-	E-	0.0	dominant seventh chord	(1, 3, 7, 10)	A-	A-	5	None
278.0	278	1.0	1	93	B-3	58	True	P1-Staff2	5	93.0	1.0	173.0	V7	True	('E-', 'G', 'B-', 'D-')	E-	E-	0.0	dominant seventh chord	(1, 3, 7, 10)	A-	A-	5	None
278.0	278	1.0	1	93	E-3	51	True	P1-Staff2	6	93.0	1.0	173.0	V7	True	('E-', 'G', 'B-', 'D-')	E-	E-	0.0	dominant seventh chord	(1, 3, 7, 10)	A-	A-	5	None
278.25	1113/4	0.25	1/4	93	F4	65	True	P1-Staff2	2	93.0	1.0	173.0	V7	False	('E-', 'G', 'B-', 'D-')	E-	E-	0.0	dominant seventh chord	(1, 3, 7, 10)	A-	A-	5	None
278.5	557/2	0.25	1/4	93	A-4	68	True	P1-Staff2	2	93.0	1.0	173.0	V7	False	('E-', 'G', 'B-', 'D-')	E-	E-	0.0	dominant seventh chord	(1, 3, 7, 10)	A-	A-	5	None
278.75	1115/4	0.25	1/4	93	G4	67	True	P1-Staff2	2	93.0	1.0	173.0	V7	False	('E-', 'G', 'B-', 'D-')	E-	E-	0.0	dominant seventh chord	(1, 3, 7, 10)	A-	A-	5	None
279.0	279	0.25	1/4	94	A-4	68	True	P1-Staff2	1	94.0	2.0	174.0	I	True	('A-', 'C', 'E-')	A-	A-	0.0	major triad	(0, 3, 8)	A-	A-	1	None
279.0	279	0.25	1/4	94	C5	72	True	P1-Staff2	1	94.0	2.0	174.0	I	True	('A-', 'C', 'E-')	A-	A-	0.0	major triad	(0, 3, 8)	A-	A-	1	None
279.0	279	0.25	1/4	94	A-3	56	True	P1-Staff2	5	94.0	2.0	174.0	I	True	('A-', 'C', 'E-')	A-	A-	0.0	major triad	(0, 3, 8)	A-	A-	1	None
279.0	279	1.0	1	94	A-2	44	True	P1-Staff2	6	94.0	2.0	174.0	I	True	('A-', 'C', 'E-')	A-	A-	0.0	major triad	(0, 3, 8)	A-	A-	1	None
279.25	1117/4	0.25	1/4	94	E-4	63	True	P1-Staff2	1	94.0	2.0	174.0	I	False	('A-', 'C', 'E-')	A-	A-	0.0	major triad	(0, 3, 8)	A-	A-	1	None
279.25	1117/4	0.25	1/4	94	C3	48	True	P1-Staff2	5	94.0	2.0	174.0	I	False	('A-', 'C', 'E-')	A-	A-	0.0	major triad	(0, 3, 8)	A-	A-	1	None
279.5	559/2	0.25	1/4	94	F4	65	True	P1-Staff2	1	94.0	2.0	174.0	I	False	('A-', 'C', 'E-')	A-	A-	0.0	major triad	(0, 3, 8)	A-	A-	1	None
279.5	559/2	0.25	1/4	94	D-3	49	True	P1-Staff2	5	94.0	2.0	174.0	I	False	('A-', 'C', 'E-')	A-	A-	0.0	major triad	(0, 3, 8)	A-	A-	1	None
279.75	1119/4	0.25	1/4	94	E-4	63	True	P1-Staff2	1	94.0	2.0	174.0	I	False	('A-', 'C', 'E-')	A-	A-	0.0	major triad	(0, 3, 8)	A-	A-	1	None
279.75	1119/4	0.25	1/4	94	C3	48	True	P1-Staff2	5	94.0	2.0	174.0	I	False	('A-', 'C', 'E-')	A-	A-	0.0	major triad	(0, 3, 8)	A-	A-	1	None
280.0	280	0.25	1/4	94	D-4	61	True	P1-Staff2	1	94.0	2.0	174.0	I	False	('A-', 'C', 'E-')	A-	A-	0.0	major triad	(0, 3, 8)	A-	A-	1	None
280.0	280	0.25	1/4	94	B-2	46	True	P1-Staff2	5	94.0	2.0	174.0	I	False	('A-', 'C', 'E-')	A-	A-	0.0	major triad	(0, 3, 8)	A-	A-	1	None
280.0	280	0.25	1/4	94	A-2	44	False	P1-Staff2	6	94.0	2.0	174.0	I	False	('A-', 'C', 'E-')	A-	A-	0.0	major triad	(0, 3, 8)	A-	A-	1	None
280.25	1121/4	0.25	1/4	94	C4	60	True	P1-Staff2	1	94.0	2.0	174.0	I	False	('A-', 'C', 'E-')	A-	A-	0.0	major triad	(0, 3, 8)	A-	A-	1	None
280.25	1121/4	0.25	1/4	94	A-2	44	True	P1-Staff2	5	94.0	2.0	174.0	I	False	('A-', 'C', 'E-')	A-	A-	0.0	major triad	(0, 3, 8)	A-	A-	1	None
280.5	561/2	0.25	1/4	94	B-3	58	True	P1-Staff2	1	94.0	2.0	174.0	I	False	('A-', 'C', 'E-')	A-	A-	0.0	major triad	(0, 3, 8)	A-	A-	1	None
280.5	561/2	0.25	1/4	94	G2	43	True	P1-Staff2	5	94.0	2.0	174.0	I	False	('A-', 'C', 'E-')	A-	A-	0.0	major triad	(0, 3, 8)	A-	A-	1	None
280.75	1123/4	0.25	1/4	94	C4	60	True	P1-Staff2	1	94.0	2.0	174.0	I	False	('A-', 'C', 'E-')	A-	A-	0.0	major triad	(0, 3, 8)	A-	A-	1	None
280.75	1123/4	0.25	1/4	94	A-2	44	True	P1-Staff2	5	94.0	2.0	174.0	I	False	('A-', 'C', 'E-')	A-	A-	0.0	major triad	(0, 3, 8)	A-	A-	1	None
281.0	281	0.25	1/4	94	A-4	68	True	P1-Staff2	1	94.0	1.0	175.0	V7	True	('E-', 'G', 'B-', 'D-')	E-	E-	0.0	dominant seventh chord	(1, 3, 7, 10)	A-	A-	5	None
281.0	281	1.0	1	94	D-4	61	True	P1-Staff2	2	94.0	1.0	175.0	V7	True	('E-', 'G', 'B-', 'D-')	E-	E-	0.0	dominant seventh chord	(1, 3, 7, 10)	A-	A-	5	None
281.0	281	1.0	1	94	E-2	39	True	P1-Staff2	1	94.0	1.0	175.0	V7	True	('E-', 'G', 'B-', 'D-')	E-	E-	0.0	dominant seventh chord	(1, 3, 7, 10)	A-	A-	5	None
281.0	281	1.0	1	94	B-2	46	True	P1-Staff2	1	94.0	1.0	175.0	V7	True	('E-', 'G', 'B-', 'D-')	E-	E-	0.0	dominant seventh chord	(1, 3, 7, 10)	A-	A-	5	None
281.25	1125/4	0.25	1/4	94	F4	65	True	P1-Staff2	1	94.0	1.0	175.0	V7	False	('E-', 'G', 'B-', 'D-')	E-	E-	0.0	dominant seventh chord	(1, 3, 7, 10)	A-	A-	5	None
281.5	563/2	0.25	1/4	94	A-4	68	True	P1-Staff2	1	94.0	1.0	175.0	V7	False	('E-', 'G', 'B-', 'D-')	E-	E-	0.0	dominant seventh chord	(1, 3, 7, 10)	A-	A-	5	None
281.75	1127/4	0.25	1/4	94	G4	67	True	P1-Staff2	1	94.0	1.0	175.0	V7	False	('E-', 'G', 'B-', 'D-')	E-	E-	0.0	dominant seventh chord	(1, 3, 7, 10)	A-	A-	5	None
282.0	282	0.25	1/4	95	B-4	70	True	P1-Staff2	6	95.0	3.0	176.0	I	True	('A-', 'C', 'E-')	A-	A-	0.0	major triad	(0, 3, 8)	A-	A-	1	None
282.0	282	1.0	1	95	A-1	32	True	P1-Staff2	1	95.0	3.0	176.0	I	True	('A-', 'C', 'E-')	A-	A-	0.0	major triad	(0, 3, 8)	A-	A-	1	None
282.0	282	1.0	1	95	A-2	44	True	P1-Staff2	1	95.0	3.0	176.0	I	True	('A-', 'C', 'E-')	A-	A-	0.0	major triad	(0, 3, 8)	A-	A-	1	None
282.25	1129/4	0.25	1/4	95	G4	67	True	P1-Staff2	6	95.0	3.0	176.0	I	False	('A-', 'C', 'E-')	A-	A-	0.0	major triad	(0, 3, 8)	A-	A-	1	None
282.5	565/2	0.25	1/4	95	B-4	70	True	P1-Staff2	6	95.0	3.0	176.0	I	False	('A-', 'C', 'E-')	A-	A-	0.0	major triad	(0, 3, 8)	A-	A-	1	None
282.75	1131/4	0.25	1/4	95	A-4	68	True	P1-Staff2	6	95.0	3.0	176.0	I	False	('A-', 'C', 'E-')	A-	A-	0.0	major triad	(0, 3, 8)	A-	A-	1	None
283.0	283	0.25	1/4	95	D-5	73	True	P1-Staff2	6	95.0	3.0	176.0	I	False	('A-', 'C', 'E-')	A-	A-	0.0	major triad	(0, 3, 8)	A-	A-	1	None
283.0	283	2.0	2	95	A-1	32	True	P1-Staff2	1	95.0	3.0	176.0	I	False	('A-', 'C', 'E-')	A-	A-	0.0	major triad	(0, 3, 8)	A-	A-	1	None
283.0	283	2.0	2	95	C2	36	True	P1-Staff2	1	95.0	3.0	176.0	I	False	('A-', 'C', 'E-')	A-	A-	0.0	major triad	(0, 3, 8)	A-	A-	1	None
283.0	283	2.0	2	95	E-2	39	True	P1-Staff2	1	95.0	3.0	176.0	I	False	('A-', 'C', 'E-')	A-	A-	0.0	major triad	(0, 3, 8)	A-	A-	1	None
283.0	283	2.0	2	95	A-2	44	True	P1-Staff2	1	95.0	3.0	176.0	I	False	('A-', 'C', 'E-')	A-	A-	0.0	major triad	(0, 3, 8)	A-	A-	1	None
283.25	1133/4	0.25	1/4	95	B4	71	True	P1-Staff2	6	95.0	3.0	176.0	I	False	('A-', 'C', 'E-')	A-	A-	0.0	major triad	(0, 3, 8)	A-	A-	1	None
283.5	567/2	0.25	1/4	95	D-5	73	True	P1-Staff2	6	95.0	3.0	176.0	I	False	('A-', 'C', 'E-')	A-	A-	0.0	major triad	(0, 3, 8)	A-	A-	1	None
283.75	1135/4	0.25	1/4	95	C5	72	True	P1-Staff2	6	95.0	3.0	176.0	I	False	('A-', 'C', 'E-')	A-	A-	0.0	major triad	(0, 3, 8)	A-	A-	1	None
284.0	284	0.25	1/4	95	F5	77	True	P1-Staff2	6	95.0	3.0	176.0	I	False	('A-', 'C', 'E-')	A-	A-	0.0	major triad	(0, 3, 8)	A-	A-	1	None
284.25	1137/4	0.25	1/4	95	D5	74	True	P1-Staff2	6	95.0	3.0	176.0	I	False	('A-', 'C', 'E-')	A-	A-	0.0	major triad	(0, 3, 8)	A-	A-	1	None
284.5	569/2	0.25	1/4	95	F5	77	True	P1-Staff2	6	95.0	3.0	176.0	I	False	('A-', 'C', 'E-')	A-	A-	0.0	major triad	(0, 3, 8)	A-	A-	1	None
284.75	1139/4	0.25	1/4	95	E-5	75	True	P1-Staff2	6	95.0	3.0	176.0	I	False	('A-', 'C', 'E-')	A-	A-	0.0	major triad	(0, 3, 8)	A-	A-	1	None
285.0	285	0.25	1/4	96	B-5	82	True	P1-Staff2	6	96.0	3.0	177.0	I	True	('A-', 'C', 'E-')	A-	A-	0.0	major triad	(0, 3, 8)	A-	A-	1	None
285.0	285	1.0	1	96	A-1	32	False	P1-Staff2	1	96.0	3.0	177.0	I	True	('A-', 'C', 'E-')	A-	A-	0.0	major triad	(0, 3, 8)	A-	A-	1	None
285.0	285	1.0	1	96	C2	36	False	P1-Staff2	1	96.0	3.0	177.0	I	True	('A-', 'C', 'E-')	A-	A-	0.0	major triad	(0, 3, 8)	A-	A-	1	None
285.0	285	1.0	1	96	E-2	39	False	P1-Staff2	1	96.0	3.0	177.0	I	True	('A-', 'C', 'E-')	A-	A-	0.0	major triad	(0, 3, 8)	A-	A-	1	None
285.0	285	1.0	1	96	A-2	44	False	P1-Staff2	1	96.0	3.0	177.0	I	True	('A-', 'C', 'E-')	A-	A-	0.0	major triad	(0, 3, 8)	A-	A-	1	None
285.25	1141/4	0.25	1/4	96	G5	79	True	P1-Staff2	6	96.0	3.0	177.0	I	False	('A-', 'C', 'E-')	A-	A-	0.0	major triad	(0, 3, 8)	A-	A-	1	None
285.5	571/2	0.25	1/4	96	B-5	82	True	P1-Staff2	6	96.0	3.0	177.0	I	False	('A-', 'C', 'E-')	A-	A-	0.0	major triad	(0, 3, 8)	A-	A-	1	None
285.75	1143/4	0.25	1/4	96	A-5	80	True	P1-Staff2	6	96.0	3.0	177.0	I	False	('A-', 'C', 'E-')	A-	A-	0.0	major triad	(0, 3, 8)	A-	A-	1	None
286.0	286	0.25	1/4	96	D-6	85	True	P1-Staff2	6	96.0	3.0	177.0	I	False	('A-', 'C', 'E-')	A-	A-	0.0	major triad	(0, 3, 8)	A-	A-	1	None
286.0	286	1.0	1	96	A-2	44	True	P1-Staff2	1	96.0	3.0	177.0	I	False	('A-', 'C', 'E-')	A-	A-	0.0	major triad	(0, 3, 8)	A-	A-	1	None
286.0	286	1.0	1	96	C3	48	True	P1-Staff2	1	96.0	3.0	177.0	I	False	('A-', 'C', 'E-')	A-	A-	0.0	major triad	(0, 3, 8)	A-	A-	1	None
286.0	286	1.0	1	96	E-3	51	True	P1-Staff2	1	96.0	3.0	177.0	I	False	('A-', 'C', 'E-')	A-	A-	0.0	major triad	(0, 3, 8)	A-	A-	1	None
286.0	286	1.0	1	96	A-3	56	True	P1-Staff2	1	96.0	3.0	177.0	I	False	('A-', 'C', 'E-')	A-	A-	0.0	major triad	(0, 3, 8)	A-	A-	1	None
286.25	1145/4	0.25	1/4	96	B5	83	True	P1-Staff2	6	96.0	3.0	177.0	I	False	('A-', 'C', 'E-')	A-	A-	0.0	major triad	(0, 3, 8)	A-	A-	1	None
286.5	573/2	0.25	1/4	96	D-6	85	True	P1-Staff2	6	96.0	3.0	177.0	I	False	('A-', 'C', 'E-')	A-	A-	0.0	major triad	(0, 3, 8)	A-	A-	1	None
286.75	1147/4	0.25	1/4	96	C6	84	True	P1-Staff2	6	96.0	3.0	177.0	I	False	('A-', 'C', 'E-')	A-	A-	0.0	major triad	(0, 3, 8)	A-	A-	1	None
287.0	287	0.25	1/4	96	F6	89	True	P1-Staff2	6	96.0	3.0	177.0	I	False	('A-', 'C', 'E-')	A-	A-	0.0	major triad	(0, 3, 8)	A-	A-	1	None
287.0	287	1.0	1	96	A-3	56	True	P1-Staff2	1	96.0	3.0	177.0	I	False	('A-', 'C', 'E-')	A-	A-	0.0	major triad	(0, 3, 8)	A-	A-	1	None
287.0	287	1.0	1	96	C4	60	True	P1-Staff2	1	96.0	3.0	177.0	I	False	('A-', 'C', 'E-')	A-	A-	0.0	major triad	(0, 3, 8)	A-	A-	1	None
287.0	287	1.0	1	96	E-4	63	True	P1-Staff2	1	96.0	3.0	177.0	I	False	('A-', 'C', 'E-')	A-	A-	0.0	major triad	(0, 3, 8)	A-	A-	1	None
287.25	1149/4	0.25	1/4	96	D6	86	True	P1-Staff2	6	96.0	3.0	177.0	I	False	('A-', 'C', 'E-')	A-	A-	0.0	major triad	(0, 3, 8)	A-	A-	1	None
287.5	575/2	0.25	1/4	96	F6	89	True	P1-Staff2	6	96.0	3.0	177.0	I	False	('A-', 'C', 'E-')	A-	A-	0.0	major triad	(0, 3, 8)	A-	A-	1	None
287.75	1151/4	0.25	1/4	96	E-6	87	True	P1-Staff2	6	96.0	3.0	177.0	I	False	('A-', 'C', 'E-')	A-	A-	0.0	major triad	(0, 3, 8)	A-	A-	1	None
288.0	288	0.25	1/4	97	E-6	87	True	P1-Staff2	6	97.0	3.0	178.0	V7/V	True	('F', 'A-', 'B-', 'D')	F	B-	2.0	dominant seventh chord	(2, 5, 8, 10)	A-	E-	5	5
288.0	288	1.0	1	97	F3	53	True	P1-Staff2	1	97.0	3.0	178.0	V7/V	True	('F', 'A-', 'B-', 'D')	F	B-	2.0	dominant seventh chord	(2, 5, 8, 10)	A-	E-	5	5
288.0	288	1.0	1	97	A-3	56	True	P1-Staff2	1	97.0	3.0	178.0	V7/V	True	('F', 'A-', 'B-', 'D')	F	B-	2.0	dominant seventh chord	(2, 5, 8, 10)	A-	E-	5	5
288.0	288	1.0	1	97	B-3	58	True	P1-Staff2	1	97.0	3.0	178.0	V7/V	True	('F', 'A-', 'B-', 'D')	F	B-	2.0	dominant seventh chord	(2, 5, 8, 10)	A-	E-	5	5
288.0	288	1.0	1	97	D4	62	True	P1-Staff2	1	97.0	3.0	178.0	V7/V	True	('F', 'A-', 'B-', 'D')	F	B-	2.0	dominant seventh chord	(2, 5, 8, 10)	A-	E-	5	5
288.25	1153/4	0.25	1/4	97	C6	84	True	P1-Staff2	6	97.0	3.0	178.0	V7/V	False	('F', 'A-', 'B-', 'D')	F	B-	2.0	dominant seventh chord	(2, 5, 8, 10)	A-	E-	5	5
288.5	577/2	0.25	1/4	97	E-6	87	True	P1-Staff2	6	97.0	3.0	178.0	V7/V	False	('F', 'A-', 'B-', 'D')	F	B-	2.0	dominant seventh chord	(2, 5, 8, 10)	A-	E-	5	5
288.75	1155/4	0.25	1/4	97	D6	86	True	P1-Staff2	6	97.0	3.0	178.0	V7/V	False	('F', 'A-', 'B-', 'D')	F	B-	2.0	dominant seventh chord	(2, 5, 8, 10)	A-	E-	5	5
289.0	289	0.25	1/4	97	C7	96	True	P1-Staff2	6	97.0	3.0	178.0	V7/V	False	('F', 'A-', 'B-', 'D')	F	B-	2.0	dominant seventh chord	(2, 5, 8, 10)	A-	E-	5	5
289.0	289	2.0	2	97	F3	53	True	P1-Staff2	1	97.0	3.0	178.0	V7/V	False	('F', 'A-', 'B-', 'D')	F	B-	2.0	dominant seventh chord	(2, 5, 8, 10)	A-	E-	5	5
289.0	289	2.0	2	97	A-3	56	True	P1-Staff2	1	97.0	3.0	178.0	V7/V	False	('F', 'A-', 'B-', 'D')	F	B-	2.0	dominant seventh chord	(2, 5, 8, 10)	A-	E-	5	5
289.0	289	2.0	2	97	B-3	58	True	P1-Staff2	1	97.0	3.0	178.0	V7/V	False	('F', 'A-', 'B-', 'D')	F	B-	2.0	dominant seventh chord	(2, 5, 8, 10)	A-	E-	5	5
289.0	289	2.0	2	97	D4	62	True	P1-Staff2	1	97.0	3.0	178.0	V7/V	False	('F', 'A-', 'B-', 'D')	F	B-	2.0	dominant seventh chord	(2, 5, 8, 10)	A-	E-	5	5
289.25	1157/4	0.25	1/4	97	A6	93	True	P1-Staff2	6	97.0	3.0	178.0	V7/V	False	('F', 'A-', 'B-', 'D')	F	B-	2.0	dominant seventh chord	(2, 5, 8, 10)	A-	E-	5	5
289.5	579/2	0.25	1/4	97	C7	96	True	P1-Staff2	6	97.0	3.0	178.0	V7/V	False	('F', 'A-', 'B-', 'D')	F	B-	2.0	dominant seventh chord	(2, 5, 8, 10)	A-	E-	5	5
289.75	1159/4	0.25	1/4	97	B-6	94	True	P1-Staff2	6	97.0	3.0	178.0	V7/V	False	('F', 'A-', 'B-', 'D')	F	B-	2.0	dominant seventh chord	(2, 5, 8, 10)	A-	E-	5	5
290.0	290	0.25	1/4	97	E-6	87	True	P1-Staff2	6	97.0	3.0	178.0	V7/V	False	('F', 'A-', 'B-', 'D')	F	B-	2.0	dominant seventh chord	(2, 5, 8, 10)	A-	E-	5	5
290.25	1161/4	0.25	1/4	97	C6	84	True	P1-Staff2	6	97.0	3.0	178.0	V7/V	False	('F', 'A-', 'B-', 'D')	F	B-	2.0	dominant seventh chord	(2, 5, 8, 10)	A-	E-	5	5
290.5	581/2	0.25	1/4	97	E-6	87	True	P1-Staff2	6	97.0	3.0	178.0	V7/V	False	('F', 'A-', 'B-', 'D')	F	B-	2.0	dominant seventh chord	(2, 5, 8, 10)	A-	E-	5	5
290.75	1163/4	0.25	1/4	97	D6	86	True	P1-Staff2	6	97.0	3.0	178.0	V7/V	False	('F', 'A-', 'B-', 'D')	F	B-	2.0	dominant seventh chord	(2, 5, 8, 10)	A-	E-	5	5
291.0	291	0.25	1/4	98	F6	89	True	P1-Staff2	6	98.0	3.0	179.0	V	True	('E-', 'G', 'B-')	E-	E-	0.0	major triad	(3, 7, 10)	A-	A-	5	None
291.0	291	1.0	1	98	E-3	51	True	P1-Staff2	1	98.0	3.0	179.0	V	True	('E-', 'G', 'B-')	E-	E-	0.0	major triad	(3, 7, 10)	A-	A-	5	None
291.0	291	1.0	1	98	G3	55	True	P1-Staff2	1	98.0	3.0	179.0	V	True	('E-', 'G', 'B-')	E-	E-	0.0	major triad	(3, 7, 10)	A-	A-	5	None
291.0	291	1.0	1	98	B-3	58	True	P1-Staff2	1	98.0	3.0	179.0	V	True	('E-', 'G', 'B-')	E-	E-	0.0	major triad	(3, 7, 10)	A-	A-	5	None
291.0	291	1.0	1	98	E-4	63	True	P1-Staff2	1	98.0	3.0	179.0	V	True	('E-', 'G', 'B-')	E-	E-	0.0	major triad	(3, 7, 10)	A-	A-	5	None
291.25	1165/4	0.25	1/4	98	D6	86	True	P1-Staff2	6	98.0	3.0	179.0	V	False	('E-', 'G', 'B-')	E-	E-	0.0	major triad	(3, 7, 10)	A-	A-	5	None
291.5	583/2	0.25	1/4	98	F6	89	True	P1-Staff2	6	98.0	3.0	179.0	V	False	('E-', 'G', 'B-')	E-	E-	0.0	major triad	(3, 7, 10)	A-	A-	5	None
291.75	1167/4	0.25	1/4	98	E-6	87	True	P1-Staff2	6	98.0	3.0	179.0	V	False	('E-', 'G', 'B-')	E-	E-	0.0	major triad	(3, 7, 10)	A-	A-	5	None
292.0	292	0.25	1/4	98	C7	96	True	P1-Staff2	6	98.0	3.0	179.0	V	False	('E-', 'G', 'B-')	E-	E-	0.0	major triad	(3, 7, 10)	A-	A-	5	None
292.0	292	1.0	1	98	E-3	51	True	P1-Staff2	1	98.0	3.0	179.0	V	False	('E-', 'G', 'B-')	E-	E-	0.0	major triad	(3, 7, 10)	A-	A-	5	None
292.0	292	1.0	1	98	G3	55	True	P1-Staff2	1	98.0	3.0	179.0	V	False	('E-', 'G', 'B-')	E-	E-	0.0	major triad	(3, 7, 10)	A-	A-	5	None
292.0	292	1.0	1	98	B-3	58	True	P1-Staff2	1	98.0	3.0	179.0	V	False	('E-', 'G', 'B-')	E-	E-	0.0	major triad	(3, 7, 10)	A-	A-	5	None
292.0	292	1.0	1	98	E-4	63	True	P1-Staff2	1	98.0	3.0	179.0	V	False	('E-', 'G', 'B-')	E-	E-	0.0	major triad	(3, 7, 10)	A-	A-	5	None
292.25	1169/4	0.25	1/4	98	A6	93	True	P1-Staff2	6	98.0	3.0	179.0	V	False	('E-', 'G', 'B-')	E-	E-	0.0	major triad	(3, 7, 10)	A-	A-	5	None
292.5	585/2	0.25	1/4	98	C7	96	True	P1-Staff2	6	98.0	3.0	179.0	V	False	('E-', 'G', 'B-')	E-	E-	0.0	major triad	(3, 7, 10)	A-	A-	5	None
292.75	1171/4	0.25	1/4	98	B-6	94	True	P1-Staff2	6	98.0	3.0	179.0	V	False	('E-', 'G', 'B-')	E-	E-	0.0	major triad	(3, 7, 10)	A-	A-	5	None
293.0	293	0.25	1/4	98	F6	89	True	P1-Staff2	6	98.0	3.0	179.0	V	False	('E-', 'G', 'B-')	E-	E-	0.0	major triad	(3, 7, 10)	A-	A-	5	None
293.0	293	1.0	1	98	E-3	51	True	P1-Staff2	1	98.0	3.0	179.0	V	False	('E-', 'G', 'B-')	E-	E-	0.0	major triad	(3, 7, 10)	A-	A-	5	None
293.0	293	1.0	1	98	G3	55	True	P1-Staff2	1	98.0	3.0	179.0	V	False	('E-', 'G', 'B-')	E-	E-	0.0	major triad	(3, 7, 10)	A-	A-	5	None
293.0	293	1.0	1	98	B-3	58	True	P1-Staff2	1	98.0	3.0	179.0	V	False	('E-', 'G', 'B-')	E-	E-	0.0	major triad	(3, 7, 10)	A-	A-	5	None
293.0	293	1.0	1	98	E-4	63	True	P1-Staff2	1	98.0	3.0	179.0	V	False	('E-', 'G', 'B-')	E-	E-	0.0	major triad	(3, 7, 10)	A-	A-	5	None
293.25	1173/4	0.25	1/4	98	D6	86	True	P1-Staff2	6	98.0	3.0	179.0	V	False	('E-', 'G', 'B-')	E-	E-	0.0	major triad	(3, 7, 10)	A-	A-	5	None
293.5	587/2	0.25	1/4	98	F6	89	True	P1-Staff2	6	98.0	3.0	179.0	V	False	('E-', 'G', 'B-')	E-	E-	0.0	major triad	(3, 7, 10)	A-	A-	5	None
293.75	1175/4	0.25	1/4	98	E-6	87	True	P1-Staff2	6	98.0	3.0	179.0	V	False	('E-', 'G', 'B-')	E-	E-	0.0	major triad	(3, 7, 10)	A-	A-	5	None
294.0	294	0.25	1/4	99	E-6	87	True	P1-Staff2	6	99.0	3.0	180.0	V7/V	True	('F', 'A-', 'B-', 'D')	F	B-	2.0	dominant seventh chord	(2, 5, 8, 10)	A-	E-	5	5
294.0	294	1.0	1	99	F3	53	True	P1-Staff2	1	99.0	3.0	180.0	V7/V	True	('F', 'A-', 'B-', 'D')	F	B-	2.0	dominant seventh chord	(2, 5, 8, 10)	A-	E-	5	5
294.0	294	1.0	1	99	A-3	56	True	P1-Staff2	1	99.0	3.0	180.0	V7/V	True	('F', 'A-', 'B-', 'D')	F	B-	2.0	dominant seventh chord	(2, 5, 8, 10)	A-	E-	5	5
294.0	294	1.0	1	99	B-3	58	True	P1-Staff2	1	99.0	3.0	180.0	V7/V	True	('F', 'A-', 'B-', 'D')	F	B-	2.0	dominant seventh chord	(2, 5, 8, 10)	A-	E-	5	5
294.0	294	1.0	1	99	D4	62	True	P1-Staff2	1	99.0	3.0	180.0	V7/V	True	('F', 'A-', 'B-', 'D')	F	B-	2.0	dominant seventh chord	(2, 5, 8, 10)	A-	E-	5	5
294.25	1177/4	0.25	1/4	99	C6	84	True	P1-Staff2	6	99.0	3.0	180.0	V7/V	False	('F', 'A-', 'B-', 'D')	F	B-	2.0	dominant seventh chord	(2, 5, 8, 10)	A-	E-	5	5
294.5	589/2	0.25	1/4	99	E-6	87	True	P1-Staff2	6	99.0	3.0	180.0	V7/V	False	('F', 'A-', 'B-', 'D')	F	B-	2.0	dominant seventh chord	(2, 5, 8, 10)	A-	E-	5	5
294.75	1179/4	0.25	1/4	99	D6	86	True	P1-Staff2	6	99.0	3.0	180.0	V7/V	False	('F', 'A-', 'B-', 'D')	F	B-	2.0	dominant seventh chord	(2, 5, 8, 10)	A-	E-	5	5
295.0	295	0.25	1/4	99	C7	96	True	P1-Staff2	6	99.0	3.0	180.0	V7/V	False	('F', 'A-', 'B-', 'D')	F	B-	2.0	dominant seventh chord	(2, 5, 8, 10)	A-	E-	5	5
295.0	295	2.0	2	99	F3	53	True	P1-Staff2	1	99.0	3.0	180.0	V7/V	False	('F', 'A-', 'B-', 'D')	F	B-	2.0	dominant seventh chord	(2, 5, 8, 10)	A-	E-	5	5
295.0	295	2.0	2	99	A-3	56	True	P1-Staff2	1	99.0	3.0	180.0	V7/V	False	('F', 'A-', 'B-', 'D')	F	B-	2.0	dominant seventh chord	(2, 5, 8, 10)	A-	E-	5	5
295.0	295	2.0	2	99	B-3	58	True	P1-Staff2	1	99.0	3.0	180.0	V7/V	False	('F', 'A-', 'B-', 'D')	F	B-	2.0	dominant seventh chord	(2, 5, 8, 10)	A-	E-	5	5
295.0	295	2.0	2	99	D4	62	True	P1-Staff2	1	99.0	3.0	180.0	V7/V	False	('F', 'A-', 'B-', 'D')	F	B-	2.0	dominant seventh chord	(2, 5, 8, 10)	A-	E-	5	5
295.25	1181/4	0.25	1/4	99	A6	93	True	P1-Staff2	6	99.0	3.0	180.0	V7/V	False	('F', 'A-', 'B-', 'D')	F	B-	2.0	dominant seventh chord	(2, 5, 8, 10)	A-	E-	5	5
295.5	591/2	0.25	1/4	99	C7	96	True	P1-Staff2	6	99.0	3.0	180.0	V7/V	False	('F', 'A-', 'B-', 'D')	F	B-	2.0	dominant seventh chord	(2, 5, 8, 10)	A-	E-	5	5
295.75	1183/4	0.25	1/4	99	B-6	94	True	P1-Staff2	6	99.0	3.0	180.0	V7/V	False	('F', 'A-', 'B-', 'D')	F	B-	2.0	dominant seventh chord	(2, 5, 8, 10)	A-	E-	5	5
296.0	296	0.25	1/4	99	E-6	87	True	P1-Staff2	6	99.0	3.0	180.0	V7/V	False	('F', 'A-', 'B-', 'D')	F	B-	2.0	dominant seventh chord	(2, 5, 8, 10)	A-	E-	5	5
296.25	1185/4	0.25	1/4	99	C6	84	True	P1-Staff2	6	99.0	3.0	180.0	V7/V	False	('F', 'A-', 'B-', 'D')	F	B-	2.0	dominant seventh chord	(2, 5, 8, 10)	A-	E-	5	5
296.5	593/2	0.25	1/4	99	E-6	87	True	P1-Staff2	6	99.0	3.0	180.0	V7/V	False	('F', 'A-', 'B-', 'D')	F	B-	2.0	dominant seventh chord	(2, 5, 8, 10)	A-	E-	5	5
296.75	1187/4	0.25	1/4	99	D6	86	True	P1-Staff2	6	99.0	3.0	180.0	V7/V	False	('F', 'A-', 'B-', 'D')	F	B-	2.0	dominant seventh chord	(2, 5, 8, 10)	A-	E-	5	5
297.0	297	0.25	1/4	100	F6	89	True	P1-Staff2	6	100.0	1.0	181.0	V	True	('E-', 'G', 'B-')	E-	E-	0.0	major triad	(3, 7, 10)	A-	A-	5	None
297.0	297	1.0	1	100	E-3	51	True	P1-Staff2	1	100.0	1.0	181.0	V	True	('E-', 'G', 'B-')	E-	E-	0.0	major triad	(3, 7, 10)	A-	A-	5	None
297.0	297	1.0	1	100	G3	55	True	P1-Staff2	1	100.0	1.0	181.0	V	True	('E-', 'G', 'B-')	E-	E-	0.0	major triad	(3, 7, 10)	A-	A-	5	None
297.0	297	1.0	1	100	B-3	58	True	P1-Staff2	1	100.0	1.0	181.0	V	True	('E-', 'G', 'B-')	E-	E-	0.0	major triad	(3, 7, 10)	A-	A-	5	None
297.0	297	1.0	1	100	E-4	63	True	P1-Staff2	1	100.0	1.0	181.0	V	True	('E-', 'G', 'B-')	E-	E-	0.0	major triad	(3, 7, 10)	A-	A-	5	None
297.25	1189/4	0.25	1/4	100	D6	86	True	P1-Staff2	6	100.0	1.0	181.0	V	False	('E-', 'G', 'B-')	E-	E-	0.0	major triad	(3, 7, 10)	A-	A-	5	None
297.5	595/2	0.25	1/4	100	F6	89	True	P1-Staff2	6	100.0	1.0	181.0	V	False	('E-', 'G', 'B-')	E-	E-	0.0	major triad	(3, 7, 10)	A-	A-	5	None
297.75	1191/4	0.25	1/4	100	E-6	87	True	P1-Staff2	6	100.0	1.0	181.0	V	False	('E-', 'G', 'B-')	E-	E-	0.0	major triad	(3, 7, 10)	A-	A-	5	None
298.0	298	2.0	2	100	G5	79	True	P1-Staff2	1	100.0	2.0	182.0	V7	True	('D-', 'E-', 'G', 'B-')	D-	E-	3.0	dominant seventh chord	(1, 3, 7, 10)	A-	A-	5	None
298.0	298	2.0	2	100	F6	89	True	P1-Staff2	1	100.0	2.0	182.0	V7	True	('D-', 'E-', 'G', 'B-')	D-	E-	3.0	dominant seventh chord	(1, 3, 7, 10)	A-	A-	5	None
298.0	298	2.0	2	100	D-3	49	True	P1-Staff2	1	100.0	2.0	182.0	V7	True	('D-', 'E-', 'G', 'B-')	D-	E-	3.0	dominant seventh chord	(1, 3, 7, 10)	A-	A-	5	None
298.0	298	2.0	2	100	B-3	58	True	P1-Staff2	1	100.0	2.0	182.0	V7	True	('D-', 'E-', 'G', 'B-')	D-	E-	3.0	dominant seventh chord	(1, 3, 7, 10)	A-	A-	5	None
300.0	300	0.5	1/2	101	G5	79	False	P1-Staff2	1	101.0	0.5	183.0	V7	True	('D-', 'E-', 'G', 'B-')	D-	E-	3.0	dominant seventh chord	(1, 3, 7, 10)	A-	A-	5	None
300.0	300	0.5	1/2	101	F6	89	False	P1-Staff2	1	101.0	0.5	183.0	V7	True	('D-', 'E-', 'G', 'B-')	D-	E-	3.0	dominant seventh chord	(1, 3, 7, 10)	A-	A-	5	None
300.0	300	0.5	1/2	101	D-3	49	False	P1-Staff2	1	101.0	0.5	183.0	V7	True	('D-', 'E-', 'G', 'B-')	D-	E-	3.0	dominant seventh chord	(1, 3, 7, 10)	A-	A-	5	None
300.0	300	0.5	1/2	101	B-3	58	False	P1-Staff2	1	101.0	0.5	183.0	V7	True	('D-', 'E-', 'G', 'B-')	D-	E-	3.0	dominant seventh chord	(1, 3, 7, 10)	A-	A-	5	None
300.5	601/2	0.5	1/2	101	A-5	80	True	P1-Staff2	1	101.0	2.5	184.0	I	True	('C', 'E-', 'A-')	C	A-	1.0	major triad	(0, 3, 8)	A-	A-	1	None
300.5	601/2	0.5	1/2	101	E-6	87	True	P1-Staff2	1	101.0	2.5	184.0	I	True	('C', 'E-', 'A-')	C	A-	1.0	major triad	(0, 3, 8)	A-	A-	1	None
300.5	601/2	0.5	1/2	101	C3	48	True	P1-Staff2	1	101.0	2.5	184.0	I	True	('C', 'E-', 'A-')	C	A-	1.0	major triad	(0, 3, 8)	A-	A-	1	None
300.5	601/2	0.5	1/2	101	C4	60	True	P1-Staff2	1	101.0	2.5	184.0	I	True	('C', 'E-', 'A-')	C	A-	1.0	major triad	(0, 3, 8)	A-	A-	1	None
301.0	301	2.0	2	101	A-4	68	True	P1-Staff2	1	101.0	2.5	184.0	I	False	('C', 'E-', 'A-')	C	A-	1.0	major triad	(0, 3, 8)	A-	A-	1	None
301.0	301	2.0	2	101	E-5	75	True	P1-Staff2	1	101.0	2.5	184.0	I	False	('C', 'E-', 'A-')	C	A-	1.0	major triad	(0, 3, 8)	A-	A-	1	None
301.0	301	2.0	2	101	C3	48	True	P1-Staff2	1	101.0	2.5	184.0	I	False	('C', 'E-', 'A-')	C	A-	1.0	major triad	(0, 3, 8)	A-	A-	1	None
301.0	301	2.0	2	101	C4	60	True	P1-Staff2	1	101.0	2.5	184.0	I	False	('C', 'E-', 'A-')	C	A-	1.0	major triad	(0, 3, 8)	A-	A-	1	None
303.0	303	0.5	1/2	102	A-4	68	False	P1-Staff2	1	102.0	0.5	185.0	I	True	('C', 'E-', 'A-')	C	A-	1.0	major triad	(0, 3, 8)	A-	A-	1	None
303.0	303	0.5	1/2	102	E-5	75	False	P1-Staff2	1	102.0	0.5	185.0	I	True	('C', 'E-', 'A-')	C	A-	1.0	major triad	(0, 3, 8)	A-	A-	1	None
303.0	303	0.5	1/2	102	C3	48	False	P1-Staff2	1	102.0	0.5	185.0	I	True	('C', 'E-', 'A-')	C	A-	1.0	major triad	(0, 3, 8)	A-	A-	1	None
303.0	303	0.5	1/2	102	C4	60	False	P1-Staff2	1	102.0	0.5	185.0	I	True	('C', 'E-', 'A-')	C	A-	1.0	major triad	(0, 3, 8)	A-	A-	1	None
303.5	607/2	0.5	1/2	102	B-4	70	True	P1-Staff2	1	102.0	2.5	186.0	viio7/vi	True	('E', 'G', 'B-', 'D-')	E	E	0.0	diminished seventh chord	(1, 4, 7, 10)	A-	f	#7	6
303.5	607/2	0.5	1/2	102	D-5	73	True	P1-Staff2	1	102.0	2.5	186.0	viio7/vi	True	('E', 'G', 'B-', 'D-')	E	E	0.0	diminished seventh chord	(1, 4, 7, 10)	A-	f	#7	6
303.5	607/2	0.5	1/2	102	E3	52	True	P1-Staff2	1	102.0	2.5	186.0	viio7/vi	True	('E', 'G', 'B-', 'D-')	E	E	0.0	diminished seventh chord	(1, 4, 7, 10)	A-	f	#7	6
303.5	607/2	0.5	1/2	102	G3	55	True	P1-Staff2	1	102.0	2.5	186.0	viio7/vi	True	('E', 'G', 'B-', 'D-')	E	E	0.0	diminished seventh chord	(1, 4, 7, 10)	A-	f	#7	6
304.0	304	2.0	2	102	B-4	70	True	P1-Staff2	1	102.0	2.5	186.0	viio7/vi	False	('E', 'G', 'B-', 'D-')	E	E	0.0	diminished seventh chord	(1, 4, 7, 10)	A-	f	#7	6
304.0	304	2.0	2	102	D-5	73	True	P1-Staff2	1	102.0	2.5	186.0	viio7/vi	False	('E', 'G', 'B-', 'D-')	E	E	0.0	diminished seventh chord	(1, 4, 7, 10)	A-	f	#7	6
304.0	304	2.0	2	102	E3	52	True	P1-Staff2	1	102.0	2.5	186.0	viio7/vi	False	('E', 'G', 'B-', 'D-')	E	E	0.0	diminished seventh chord	(1, 4, 7, 10)	A-	f	#7	6
304.0	304	2.0	2	102	G3	55	True	P1-Staff2	1	102.0	2.5	186.0	viio7/vi	False	('E', 'G', 'B-', 'D-')	E	E	0.0	diminished seventh chord	(1, 4, 7, 10)	A-	f	#7	6
306.0	306	0.5	1/2	103	B-4	70	False	P1-Staff2	1	103.0	0.5	187.0	viio7/vi	True	('E', 'G', 'B-', 'D-')	E	E	0.0	diminished seventh chord	(1, 4, 7, 10)	A-	f	#7	6
306.0	306	0.5	1/2	103	D-5	73	False	P1-Staff2	1	103.0	0.5	187.0	viio7/vi	True	('E', 'G', 'B-', 'D-')	E	E	0.0	diminished seventh chord	(1, 4, 7, 10)	A-	f	#7	6
306.0	306	0.5	1/2	103	E3	52	False	P1-Staff2	1	103.0	0.5	187.0	viio7/vi	True	('E', 'G', 'B-', 'D-')	E	E	0.0	diminished seventh chord	(1, 4, 7, 10)	A-	f	#7	6
306.0	306	0.5	1/2	103	G3	55	False	P1-Staff2	1	103.0	0.5	187.0	viio7/vi	True	('E', 'G', 'B-', 'D-')	E	E	0.0	diminished seventh chord	(1, 4, 7, 10)	A-	f	#7	6
306.5	613/2	0.5	1/2	103	A-4	68	True	P1-Staff2	1	103.0	2.5	188.0	vi	True	('F', 'A-', 'C')	F	F	0.0	minor triad	(0, 5, 8)	A-	A-	6	None
306.5	613/2	0.5	1/2	103	C5	72	True	P1-Staff2	1	103.0	2.5	188.0	vi	True	('F', 'A-', 'C')	F	F	0.0	minor triad	(0, 5, 8)	A-	A-	6	None
306.5	613/2	0.5	1/2	103	F3	53	True	P1-Staff2	1	103.0	2.5	188.0	vi	True	('F', 'A-', 'C')	F	F	0.0	minor triad	(0, 5, 8)	A-	A-	6	None
306.5	613/2	0.5	1/2	103	A-3	56	True	P1-Staff2	1	103.0	2.5	188.0	vi	True	('F', 'A-', 'C')	F	F	0.0	minor triad	(0, 5, 8)	A-	A-	6	None
307.0	307	2.0	2	103	A-4	68	True	P1-Staff2	1	103.0	2.5	188.0	vi	False	('F', 'A-', 'C')	F	F	0.0	minor triad	(0, 5, 8)	A-	A-	6	None
307.0	307	2.0	2	103	C5	72	True	P1-Staff2	1	103.0	2.5	188.0	vi	False	('F', 'A-', 'C')	F	F	0.0	minor triad	(0, 5, 8)	A-	A-	6	None
307.0	307	2.0	2	103	F3	53	True	P1-Staff2	1	103.0	2.5	188.0	vi	False	('F', 'A-', 'C')	F	F	0.0	minor triad	(0, 5, 8)	A-	A-	6	None
307.0	307	2.0	2	103	A-3	56	True	P1-Staff2	1	103.0	2.5	188.0	vi	False	('F', 'A-', 'C')	F	F	0.0	minor triad	(0, 5, 8)	A-	A-	6	None
309.0	309	0.5	1/2	104	A-4	68	False	P1-Staff2	1	104.0	0.5	189.0	vi	True	('F', 'A-', 'C')	F	F	0.0	minor triad	(0, 5, 8)	A-	A-	6	None
309.0	309	0.5	1/2	104	C5	72	False	P1-Staff2	1	104.0	0.5	189.0	vi	True	('F', 'A-', 'C')	F	F	0.0	minor triad	(0, 5, 8)	A-	A-	6	None
309.0	309	0.5	1/2	104	F3	53	False	P1-Staff2	1	104.0	0.5	189.0	vi	True	('F', 'A-', 'C')	F	F	0.0	minor triad	(0, 5, 8)	A-	A-	6	None
309.0	309	0.5	1/2	104	A-3	56	False	P1-Staff2	1	104.0	0.5	189.0	vi	True	('F', 'A-', 'C')	F	F	0.0	minor triad	(0, 5, 8)	A-	A-	6	None
309.5	619/2	0.5	1/2	104	G4	67	True	P1-Staff2	1	104.0	2.5	190.0	V	True	('E-', 'G', 'B-')	E-	E-	0.0	major triad	(3, 7, 10)	A-	A-	5	None
309.5	619/2	0.5	1/2	104	E-5	75	True	P1-Staff2	1	104.0	2.5	190.0	V	True	('E-', 'G', 'B-')	E-	E-	0.0	major triad	(3, 7, 10)	A-	A-	5	None
309.5	619/2	0.5	1/2	104	E-3	51	True	P1-Staff2	1	104.0	2.5	190.0	V	True	('E-', 'G', 'B-')	E-	E-	0.0	major triad	(3, 7, 10)	A-	A-	5	None
309.5	619/2	0.5	1/2	104	B-3	58	True	P1-Staff2	1	104.0	2.5	190.0	V	True	('E-', 'G', 'B-')	E-	E-	0.0	major triad	(3, 7, 10)	A-	A-	5	None
310.0	310	2.0	2	104	G4	67	True	P1-Staff2	1	104.0	2.5	190.0	V	False	('E-', 'G', 'B-')	E-	E-	0.0	major triad	(3, 7, 10)	A-	A-	5	None
310.0	310	2.0	2	104	E-5	75	True	P1-Staff2	1	104.0	2.5	190.0	V	False	('E-', 'G', 'B-')	E-	E-	0.0	major triad	(3, 7, 10)	A-	A-	5	None
310.0	310	2.0	2	104	E-3	51	True	P1-Staff2	1	104.0	2.5	190.0	V	False	('E-', 'G', 'B-')	E-	E-	0.0	major triad	(3, 7, 10)	A-	A-	5	None
310.0	310	2.0	2	104	B-3	58	True	P1-Staff2	1	104.0	2.5	190.0	V	False	('E-', 'G', 'B-')	E-	E-	0.0	major triad	(3, 7, 10)	A-	A-	5	None
312.0	312	0.125	1/8	105	A-4	68	True	P1-Staff2	6	105.0	3.0	191.0	I	True	('A-', 'C', 'E-')	A-	A-	0.0	major triad	(0, 3, 8)	A-	A-	1	None
312.0	312	0.5	1/2	105	A-3	56	True	P1-Staff2	1	105.0	3.0	191.0	I	True	('A-', 'C', 'E-')	A-	A-	0.0	major triad	(0, 3, 8)	A-	A-	1	None
312.0	312	0.5	1/2	105	C4	60	True	P1-Staff2	1	105.0	3.0	191.0	I	True	('A-', 'C', 'E-')	A-	A-	0.0	major triad	(0, 3, 8)	A-	A-	1	None
312.125	2497/8	0.125	1/8	105	E-5	75	True	P1-Staff2	6	105.0	3.0	191.0	I	False	('A-', 'C', 'E-')	A-	A-	0.0	major triad	(0, 3, 8)	A-	A-	1	None
312.25	1249/4	0.125	1/8	105	C5	72	True	P1-Staff2	6	105.0	3.0	191.0	I	False	('A-', 'C', 'E-')	A-	A-	0.0	major triad	(0, 3, 8)	A-	A-	1	None
312.375	2499/8	0.125	1/8	105	E-5	75	True	P1-Staff2	6	105.0	3.0	191.0	I	False	('A-', 'C', 'E-')	A-	A-	0.0	major triad	(0, 3, 8)	A-	A-	1	None
312.5	625/2	0.125	1/8	105	A-5	80	True	P1-Staff2	6	105.0	3.0	191.0	I	False	('A-', 'C', 'E-')	A-	A-	0.0	major triad	(0, 3, 8)	A-	A-	1	None
312.625	2501/8	0.125	1/8	105	E-5	75	True	P1-Staff2	6	105.0	3.0	191.0	I	False	('A-', 'C', 'E-')	A-	A-	0.0	major triad	(0, 3, 8)	A-	A-	1	None
312.75	1251/4	0.125	1/8	105	C5	72	True	P1-Staff2	6	105.0	3.0	191.0	I	False	('A-', 'C', 'E-')	A-	A-	0.0	major triad	(0, 3, 8)	A-	A-	1	None
312.875	2503/8	0.125	1/8	105	E-5	75	True	P1-Staff2	6	105.0	3.0	191.0	I	False	('A-', 'C', 'E-')	A-	A-	0.0	major triad	(0, 3, 8)	A-	A-	1	None
313.0	313	0.125	1/8	105	A-4	68	True	P1-Staff2	6	105.0	3.0	191.0	I	False	('A-', 'C', 'E-')	A-	A-	0.0	major triad	(0, 3, 8)	A-	A-	1	None
313.125	2505/8	0.125	1/8	105	E-4	63	True	P1-Staff2	6	105.0	3.0	191.0	I	False	('A-', 'C', 'E-')	A-	A-	0.0	major triad	(0, 3, 8)	A-	A-	1	None
313.25	1253/4	0.125	1/8	105	C4	60	True	P1-Staff2	6	105.0	3.0	191.0	I	False	('A-', 'C', 'E-')	A-	A-	0.0	major triad	(0, 3, 8)	A-	A-	1	None
313.375	2507/8	0.125	1/8	105	E-4	63	True	P1-Staff2	6	105.0	3.0	191.0	I	False	('A-', 'C', 'E-')	A-	A-	0.0	major triad	(0, 3, 8)	A-	A-	1	None
313.5	627/2	0.125	1/8	105	A-3	56	True	P1-Staff2	6	105.0	3.0	191.0	I	False	('A-', 'C', 'E-')	A-	A-	0.0	major triad	(0, 3, 8)	A-	A-	1	None
313.625	2509/8	0.125	1/8	105	E-3	51	True	P1-Staff2	6	105.0	3.0	191.0	I	False	('A-', 'C', 'E-')	A-	A-	0.0	major triad	(0, 3, 8)	A-	A-	1	None
313.75	1255/4	0.125	1/8	105	C3	48	True	P1-Staff2	6	105.0	3.0	191.0	I	False	('A-', 'C', 'E-')	A-	A-	0.0	major triad	(0, 3, 8)	A-	A-	1	None
313.875	2511/8	0.125	1/8	105	E-3	51	True	P1-Staff2	6	105.0	3.0	191.0	I	False	('A-', 'C', 'E-')	A-	A-	0.0	major triad	(0, 3, 8)	A-	A-	1	None
314.0	314	0.125	1/8	105	A-2	44	True	P1-Staff2	6	105.0	3.0	191.0	I	False	('A-', 'C', 'E-')	A-	A-	0.0	major triad	(0, 3, 8)	A-	A-	1	None
314.125	2513/8	0.125	1/8	105	E-2	39	True	P1-Staff2	6	105.0	3.0	191.0	I	False	('A-', 'C', 'E-')	A-	A-	0.0	major triad	(0, 3, 8)	A-	A-	1	None
314.25	1257/4	0.125	1/8	105	C2	36	True	P1-Staff2	6	105.0	3.0	191.0	I	False	('A-', 'C', 'E-')	A-	A-	0.0	major triad	(0, 3, 8)	A-	A-	1	None
314.375	2515/8	0.125	1/8	105	E-2	39	True	P1-Staff2	6	105.0	3.0	191.0	I	False	('A-', 'C', 'E-')	A-	A-	0.0	major triad	(0, 3, 8)	A-	A-	1	None
314.5	629/2	0.125	1/8	105	A-1	32	True	P1-Staff2	6	105.0	3.0	191.0	I	False	('A-', 'C', 'E-')	A-	A-	0.0	major triad	(0, 3, 8)	A-	A-	1	None
314.625	2517/8	0.125	1/8	105	C2	36	True	P1-Staff2	6	105.0	3.0	191.0	I	False	('A-', 'C', 'E-')	A-	A-	0.0	major triad	(0, 3, 8)	A-	A-	1	None
314.75	1259/4	0.125	1/8	105	E-2	39	True	P1-Staff2	6	105.0	3.0	191.0	I	False	('A-', 'C', 'E-')	A-	A-	0.0	major triad	(0, 3, 8)	A-	A-	1	None
314.875	2519/8	0.125	1/8	105	A-2	44	True	P1-Staff2	6	105.0	3.0	191.0	I	False	('A-', 'C', 'E-')	A-	A-	0.0	major triad	(0, 3, 8)	A-	A-	1	None
315.0	315	0.125	1/8	106	G2	43	True	P1-Staff2	6	106.0	3.0	192.0	V7	True	('B-', 'D-', 'E-', 'G')	B-	E-	2.0	dominant seventh chord	(1, 3, 7, 10)	A-	A-	5	None
315.0	315	0.5	1/2	106	B-1	34	True	P1-Staff2	1	106.0	3.0	192.0	V7	True	('B-', 'D-', 'E-', 'G')	B-	E-	2.0	dominant seventh chord	(1, 3, 7, 10)	A-	A-	5	None
315.0	315	0.5	1/2	106	E-2	39	True	P1-Staff2	1	106.0	3.0	192.0	V7	True	('B-', 'D-', 'E-', 'G')	B-	E-	2.0	dominant seventh chord	(1, 3, 7, 10)	A-	A-	5	None
315.0	315	0.5	1/2	106	B-2	46	True	P1-Staff2	1	106.0	3.0	192.0	V7	True	('B-', 'D-', 'E-', 'G')	B-	E-	2.0	dominant seventh chord	(1, 3, 7, 10)	A-	A-	5	None
315.125	2521/8	0.125	1/8	106	E-3	51	True	P1-Staff2	6	106.0	3.0	192.0	V7	False	('B-', 'D-', 'E-', 'G')	B-	E-	2.0	dominant seventh chord	(1, 3, 7, 10)	A-	A-	5	None
315.25	1261/4	0.125	1/8	106	D-3	49	True	P1-Staff2	6	106.0	3.0	192.0	V7	False	('B-', 'D-', 'E-', 'G')	B-	E-	2.0	dominant seventh chord	(1, 3, 7, 10)	A-	A-	5	None
315.375	2523/8	0.125	1/8	106	E-3	51	True	P1-Staff2	6	106.0	3.0	192.0	V7	False	('B-', 'D-', 'E-', 'G')	B-	E-	2.0	dominant seventh chord	(1, 3, 7, 10)	A-	A-	5	None
315.5	631/2	0.125	1/8	106	G3	55	True	P1-Staff2	6	106.0	3.0	192.0	V7	False	('B-', 'D-', 'E-', 'G')	B-	E-	2.0	dominant seventh chord	(1, 3, 7, 10)	A-	A-	5	None
315.625	2525/8	0.125	1/8	106	E-3	51	True	P1-Staff2	6	106.0	3.0	192.0	V7	False	('B-', 'D-', 'E-', 'G')	B-	E-	2.0	dominant seventh chord	(1, 3, 7, 10)	A-	A-	5	None
315.75	1263/4	0.125	1/8	106	D-3	49	True	P1-Staff2	6	106.0	3.0	192.0	V7	False	('B-', 'D-', 'E-', 'G')	B-	E-	2.0	dominant seventh chord	(1, 3, 7, 10)	A-	A-	5	None
315.875	2527/8	0.125	1/8	106	E-3	51	True	P1-Staff2	6	106.0	3.0	192.0	V7	False	('B-', 'D-', 'E-', 'G')	B-	E-	2.0	dominant seventh chord	(1, 3, 7, 10)	A-	A-	5	None
316.0	316	0.125	1/8	106	G3	55	True	P1-Staff2	6	106.0	3.0	192.0	V7	False	('B-', 'D-', 'E-', 'G')	B-	E-	2.0	dominant seventh chord	(1, 3, 7, 10)	A-	A-	5	None
316.0	316	0.5	1/2	106	B-1	34	True	P1-Staff2	1	106.0	3.0	192.0	V7	False	('B-', 'D-', 'E-', 'G')	B-	E-	2.0	dominant seventh chord	(1, 3, 7, 10)	A-	A-	5	None
316.0	316	0.5	1/2	106	E-2	39	True	P1-Staff2	1	106.0	3.0	192.0	V7	False	('B-', 'D-', 'E-', 'G')	B-	E-	2.0	dominant seventh chord	(1, 3, 7, 10)	A-	A-	5	None
316.0	316	0.5	1/2	106	B-2	46	True	P1-Staff2	1	106.0	3.0	192.0	V7	False	('B-', 'D-', 'E-', 'G')	B-	E-	2.0	dominant seventh chord	(1, 3, 7, 10)	A-	A-	5	None
316.125	2529/8	0.125	1/8	106	E-4	63	True	P1-Staff2	6	106.0	3.0	192.0	V7	False	('B-', 'D-', 'E-', 'G')	B-	E-	2.0	dominant seventh chord	(1, 3, 7, 10)	A-	A-	5	None
316.25	1265/4	0.125	1/8	106	D-4	61	True	P1-Staff2	6	106.0	3.0	192.0	V7	False	('B-', 'D-', 'E-', 'G')	B-	E-	2.0	dominant seventh chord	(1, 3, 7, 10)	A-	A-	5	None
316.375	2531/8	0.125	1/8	106	E-4	63	True	P1-Staff2	6	106.0	3.0	192.0	V7	False	('B-', 'D-', 'E-', 'G')	B-	E-	2.0	dominant seventh chord	(1, 3, 7, 10)	A-	A-	5	None
316.5	633/2	0.125	1/8	106	G4	67	True	P1-Staff2	6	106.0	3.0	192.0	V7	False	('B-', 'D-', 'E-', 'G')	B-	E-	2.0	dominant seventh chord	(1, 3, 7, 10)	A-	A-	5	None
316.625	2533/8	0.125	1/8	106	E-4	63	True	P1-Staff2	6	106.0	3.0	192.0	V7	False	('B-', 'D-', 'E-', 'G')	B-	E-	2.0	dominant seventh chord	(1, 3, 7, 10)	A-	A-	5	None
316.75	1267/4	0.125	1/8	106	D-4	61	True	P1-Staff2	6	106.0	3.0	192.0	V7	False	('B-', 'D-', 'E-', 'G')	B-	E-	2.0	dominant seventh chord	(1, 3, 7, 10)	A-	A-	5	None
316.875	2535/8	0.125	1/8	106	E-4	63	True	P1-Staff2	6	106.0	3.0	192.0	V7	False	('B-', 'D-', 'E-', 'G')	B-	E-	2.0	dominant seventh chord	(1, 3, 7, 10)	A-	A-	5	None
317.0	317	0.125	1/8	106	G4	67	True	P1-Staff2	6	106.0	3.0	192.0	V7	False	('B-', 'D-', 'E-', 'G')	B-	E-	2.0	dominant seventh chord	(1, 3, 7, 10)	A-	A-	5	None
317.0	317	0.5	1/2	106	B-1	34	True	P1-Staff2	1	106.0	3.0	192.0	V7	False	('B-', 'D-', 'E-', 'G')	B-	E-	2.0	dominant seventh chord	(1, 3, 7, 10)	A-	A-	5	None
317.0	317	0.5	1/2	106	E-2	39	True	P1-Staff2	1	106.0	3.0	192.0	V7	False	('B-', 'D-', 'E-', 'G')	B-	E-	2.0	dominant seventh chord	(1, 3, 7, 10)	A-	A-	5	None
317.0	317	0.5	1/2	106	B-2	46	True	P1-Staff2	1	106.0	3.0	192.0	V7	False	('B-', 'D-', 'E-', 'G')	B-	E-	2.0	dominant seventh chord	(1, 3, 7, 10)	A-	A-	5	None
317.125	2537/8	0.125	1/8	106	E-5	75	True	P1-Staff2	6	106.0	3.0	192.0	V7	False	('B-', 'D-', 'E-', 'G')	B-	E-	2.0	dominant seventh chord	(1, 3, 7, 10)	A-	A-	5	None
317.25	1269/4	0.125	1/8	106	D-5	73	True	P1-Staff2	6	106.0	3.0	192.0	V7	False	('B-', 'D-', 'E-', 'G')	B-	E-	2.0	dominant seventh chord	(1, 3, 7, 10)	A-	A-	5	None
317.375	2539/8	0.125	1/8	106	E-5	75	True	P1-Staff2	6	106.0	3.0	192.0	V7	False	('B-', 'D-', 'E-', 'G')	B-	E-	2.0	dominant seventh chord	(1, 3, 7, 10)	A-	A-	5	None
317.5	635/2	0.125	1/8	106	G5	79	True	P1-Staff2	6	106.0	3.0	192.0	V7	False	('B-', 'D-', 'E-', 'G')	B-	E-	2.0	dominant seventh chord	(1, 3, 7, 10)	A-	A-	5	None
317.625	2541/8	0.125	1/8	106	E-5	75	True	P1-Staff2	6	106.0	3.0	192.0	V7	False	('B-', 'D-', 'E-', 'G')	B-	E-	2.0	dominant seventh chord	(1, 3, 7, 10)	A-	A-	5	None
317.75	1271/4	0.125	1/8	106	D-5	73	True	P1-Staff2	6	106.0	3.0	192.0	V7	False	('B-', 'D-', 'E-', 'G')	B-	E-	2.0	dominant seventh chord	(1, 3, 7, 10)	A-	A-	5	None
317.875	2543/8	0.125	1/8	106	E-5	75	True	P1-Staff2	6	106.0	3.0	192.0	V7	False	('B-', 'D-', 'E-', 'G')	B-	E-	2.0	dominant seventh chord	(1, 3, 7, 10)	A-	A-	5	None
318.0	318	0.125	1/8	107	A-5	80	True	P1-Staff2	6	107.0	3.0	193.0	I	True	('C', 'E-', 'A-')	C	A-	1.0	major triad	(0, 3, 8)	A-	A-	1	None
318.0	318	0.5	1/2	107	C2	36	True	P1-Staff2	1	107.0	3.0	193.0	I	True	('C', 'E-', 'A-')	C	A-	1.0	major triad	(0, 3, 8)	A-	A-	1	None
318.0	318	0.5	1/2	107	E-2	39	True	P1-Staff2	1	107.0	3.0	193.0	I	True	('C', 'E-', 'A-')	C	A-	1.0	major triad	(0, 3, 8)	A-	A-	1	None
318.0	318	0.5	1/2	107	C3	48	True	P1-Staff2	1	107.0	3.0	193.0	I	True	('C', 'E-', 'A-')	C	A-	1.0	major triad	(0, 3, 8)	A-	A-	1	None
318.125	2545/8	0.125	1/8	107	E-6	87	True	P1-Staff2	6	107.0	3.0	193.0	I	False	('C', 'E-', 'A-')	C	A-	1.0	major triad	(0, 3, 8)	A-	A-	1	None
318.25	1273/4	0.125	1/8	107	C6	84	True	P1-Staff2	6	107.0	3.0	193.0	I	False	('C', 'E-', 'A-')	C	A-	1.0	major triad	(0, 3, 8)	A-	A-	1	None
318.375	2547/8	0.125	1/8	107	E-6	87	True	P1-Staff2	6	107.0	3.0	193.0	I	False	('C', 'E-', 'A-')	C	A-	1.0	major triad	(0, 3, 8)	A-	A-	1	None
318.5	637/2	0.125	1/8	107	A-6	92	True	P1-Staff2	6	107.0	3.0	193.0	I	False	('C', 'E-', 'A-')	C	A-	1.0	major triad	(0, 3, 8)	A-	A-	1	None
318.625	2549/8	0.125	1/8	107	E-6	87	True	P1-Staff2	6	107.0	3.0	193.0	I	False	('C', 'E-', 'A-')	C	A-	1.0	major triad	(0, 3, 8)	A-	A-	1	None
318.75	1275/4	0.125	1/8	107	C6	84	True	P1-Staff2	6	107.0	3.0	193.0	I	False	('C', 'E-', 'A-')	C	A-	1.0	major triad	(0, 3, 8)	A-	A-	1	None
318.875	2551/8	0.125	1/8	107	E-6	87	True	P1-Staff2	6	107.0	3.0	193.0	I	False	('C', 'E-', 'A-')	C	A-	1.0	major triad	(0, 3, 8)	A-	A-	1	None
319.0	319	0.125	1/8	107	A-5	80	True	P1-Staff2	6	107.0	3.0	193.0	I	False	('C', 'E-', 'A-')	C	A-	1.0	major triad	(0, 3, 8)	A-	A-	1	None
319.125	2553/8	0.125	1/8	107	E-5	75	True	P1-Staff2	6	107.0	3.0	193.0	I	False	('C', 'E-', 'A-')	C	A-	1.0	major triad	(0, 3, 8)	A-	A-	1	None
319.25	1277/4	0.125	1/8	107	C5	72	True	P1-Staff2	6	107.0	3.0	193.0	I	False	('C', 'E-', 'A-')	C	A-	1.0	major triad	(0, 3, 8)	A-	A-	1	None
319.375	2555/8	0.125	1/8	107	E-5	75	True	P1-Staff2	6	107.0	3.0	193.0	I	False	('C', 'E-', 'A-')	C	A-	1.0	major triad	(0, 3, 8)	A-	A-	1	None
319.5	639/2	0.125	1/8	107	A-4	68	True	P1-Staff2	6	107.0	3.0	193.0	I	False	('C', 'E-', 'A-')	C	A-	1.0	major triad	(0, 3, 8)	A-	A-	1	None
319.625	2557/8	0.125	1/8	107	E-4	63	True	P1-Staff2	6	107.0	3.0	193.0	I	False	('C', 'E-', 'A-')	C	A-	1.0	major triad	(0, 3, 8)	A-	A-	1	None
319.75	1279/4	0.125	1/8	107	C4	60	True	P1-Staff2	6	107.0	3.0	193.0	I	False	('C', 'E-', 'A-')	C	A-	1.0	major triad	(0, 3, 8)	A-	A-	1	None
319.875	2559/8	0.125	1/8	107	E-4	63	True	P1-Staff2	6	107.0	3.0	193.0	I	False	('C', 'E-', 'A-')	C	A-	1.0	major triad	(0, 3, 8)	A-	A-	1	None
320.0	320	0.125	1/8	107	A-3	56	True	P1-Staff2	6	107.0	3.0	193.0	I	False	('C', 'E-', 'A-')	C	A-	1.0	major triad	(0, 3, 8)	A-	A-	1	None
320.125	2561/8	0.125	1/8	107	E-3	51	True	P1-Staff2	6	107.0	3.0	193.0	I	False	('C', 'E-', 'A-')	C	A-	1.0	major triad	(0, 3, 8)	A-	A-	1	None
320.25	1281/4	0.125	1/8	107	C3	48	True	P1-Staff2	6	107.0	3.0	193.0	I	False	('C', 'E-', 'A-')	C	A-	1.0	major triad	(0, 3, 8)	A-	A-	1	None
320.375	2563/8	0.125	1/8	107	E-3	51	True	P1-Staff2	6	107.0	3.0	193.0	I	False	('C', 'E-', 'A-')	C	A-	1.0	major triad	(0, 3, 8)	A-	A-	1	None
320.5	641/2	0.125	1/8	107	A-2	44	True	P1-Staff2	6	107.0	3.0	193.0	I	False	('C', 'E-', 'A-')	C	A-	1.0	major triad	(0, 3, 8)	A-	A-	1	None
320.625	2565/8	0.125	1/8	107	E-3	51	True	P1-Staff2	6	107.0	3.0	193.0	I	False	('C', 'E-', 'A-')	C	A-	1.0	major triad	(0, 3, 8)	A-	A-	1	None
320.75	1283/4	0.125	1/8	107	C3	48	True	P1-Staff2	6	107.0	3.0	193.0	I	False	('C', 'E-', 'A-')	C	A-	1.0	major triad	(0, 3, 8)	A-	A-	1	None
320.875	2567/8	0.125	1/8	107	E-3	51	True	P1-Staff2	6	107.0	3.0	193.0	I	False	('C', 'E-', 'A-')	C	A-	1.0	major triad	(0, 3, 8)	A-	A-	1	None
321.0	321	0.125	1/8	108	B-2	46	True	P1-Staff2	6	108.0	3.0	194.0	V7	True	('G', 'B-', 'D-', 'E-')	G	E-	1.0	dominant seventh chord	(1, 3, 7, 10)	A-	A-	5	None
321.0	321	0.5	1/2	108	G1	31	True	P1-Staff2	1	108.0	3.0	194.0	V7	True	('G', 'B-', 'D-', 'E-')	G	E-	1.0	dominant seventh chord	(1, 3, 7, 10)	A-	A-	5	None
321.0	321	0.5	1/2	108	E-2	39	True	P1-Staff2	1	108.0	3.0	194.0	V7	True	('G', 'B-', 'D-', 'E-')	G	E-	1.0	dominant seventh chord	(1, 3, 7, 10)	A-	A-	5	None
321.0	321	0.5	1/2	108	G2	43	True	P1-Staff2	1	108.0	3.0	194.0	V7	True	('G', 'B-', 'D-', 'E-')	G	E-	1.0	dominant seventh chord	(1, 3, 7, 10)	A-	A-	5	None
321.125	2569/8	0.125	1/8	108	E-3	51	True	P1-Staff2	6	108.0	3.0	194.0	V7	False	('G', 'B-', 'D-', 'E-')	G	E-	1.0	dominant seventh chord	(1, 3, 7, 10)	A-	A-	5	None
321.25	1285/4	0.125	1/8	108	D-3	49	True	P1-Staff2	6	108.0	3.0	194.0	V7	False	('G', 'B-', 'D-', 'E-')	G	E-	1.0	dominant seventh chord	(1, 3, 7, 10)	A-	A-	5	None
321.375	2571/8	0.125	1/8	108	E-3	51	True	P1-Staff2	6	108.0	3.0	194.0	V7	False	('G', 'B-', 'D-', 'E-')	G	E-	1.0	dominant seventh chord	(1, 3, 7, 10)	A-	A-	5	None
321.5	643/2	0.125	1/8	108	B-3	58	True	P1-Staff2	6	108.0	3.0	194.0	V7	False	('G', 'B-', 'D-', 'E-')	G	E-	1.0	dominant seventh chord	(1, 3, 7, 10)	A-	A-	5	None
321.625	2573/8	0.125	1/8	108	E-3	51	True	P1-Staff2	6	108.0	3.0	194.0	V7	False	('G', 'B-', 'D-', 'E-')	G	E-	1.0	dominant seventh chord	(1, 3, 7, 10)	A-	A-	5	None
321.75	1287/4	0.125	1/8	108	D-3	49	True	P1-Staff2	6	108.0	3.0	194.0	V7	False	('G', 'B-', 'D-', 'E-')	G	E-	1.0	dominant seventh chord	(1, 3, 7, 10)	A-	A-	5	None
321.875	2575/8	0.125	1/8	108	E-3	51	True	P1-Staff2	6	108.0	3.0	194.0	V7	False	('G', 'B-', 'D-', 'E-')	G	E-	1.0	dominant seventh chord	(1, 3, 7, 10)	A-	A-	5	None
322.0	322	0.125	1/8	108	B-3	58	True	P1-Staff2	6	108.0	3.0	194.0	V7	False	('G', 'B-', 'D-', 'E-')	G	E-	1.0	dominant seventh chord	(1, 3, 7, 10)	A-	A-	5	None
322.0	322	0.5	1/2	108	G2	43	True	P1-Staff2	1	108.0	3.0	194.0	V7	False	('G', 'B-', 'D-', 'E-')	G	E-	1.0	dominant seventh chord	(1, 3, 7, 10)	A-	A-	5	None
322.0	322	0.5	1/2	108	E-3	51	True	P1-Staff2	1	108.0	3.0	194.0	V7	False	('G', 'B-', 'D-', 'E-')	G	E-	1.0	dominant seventh chord	(1, 3, 7, 10)	A-	A-	5	None
322.0	322	0.5	1/2	108	G3	55	True	P1-Staff2	1	108.0	3.0	194.0	V7	False	('G', 'B-', 'D-', 'E-')	G	E-	1.0	dominant seventh chord	(1, 3, 7, 10)	A-	A-	5	None
322.125	2577/8	0.125	1/8	108	E-4	63	True	P1-Staff2	6	108.0	3.0	194.0	V7	False	('G', 'B-', 'D-', 'E-')	G	E-	1.0	dominant seventh chord	(1, 3, 7, 10)	A-	A-	5	None
322.25	1289/4	0.125	1/8	108	D-4	61	True	P1-Staff2	6	108.0	3.0	194.0	V7	False	('G', 'B-', 'D-', 'E-')	G	E-	1.0	dominant seventh chord	(1, 3, 7, 10)	A-	A-	5	None
322.375	2579/8	0.125	1/8	108	E-4	63	True	P1-Staff2	6	108.0	3.0	194.0	V7	False	('G', 'B-', 'D-', 'E-')	G	E-	1.0	dominant seventh chord	(1, 3, 7, 10)	A-	A-	5	None
322.5	645/2	0.125	1/8	108	B-4	70	True	P1-Staff2	6	108.0	3.0	194.0	V7	False	('G', 'B-', 'D-', 'E-')	G	E-	1.0	dominant seventh chord	(1, 3, 7, 10)	A-	A-	5	None
322.625	2581/8	0.125	1/8	108	E-4	63	True	P1-Staff2	6	108.0	3.0	194.0	V7	False	('G', 'B-', 'D-', 'E-')	G	E-	1.0	dominant seventh chord	(1, 3, 7, 10)	A-	A-	5	None
322.75	1291/4	0.125	1/8	108	D-4	61	True	P1-Staff2	6	108.0	3.0	194.0	V7	False	('G', 'B-', 'D-', 'E-')	G	E-	1.0	dominant seventh chord	(1, 3, 7, 10)	A-	A-	5	None
322.875	2583/8	0.125	1/8	108	E-4	63	True	P1-Staff2	6	108.0	3.0	194.0	V7	False	('G', 'B-', 'D-', 'E-')	G	E-	1.0	dominant seventh chord	(1, 3, 7, 10)	A-	A-	5	None
323.0	323	0.125	1/8	108	B-4	70	True	P1-Staff2	6	108.0	3.0	194.0	V7	False	('G', 'B-', 'D-', 'E-')	G	E-	1.0	dominant seventh chord	(1, 3, 7, 10)	A-	A-	5	None
323.0	323	0.5	1/2	108	G2	43	True	P1-Staff2	1	108.0	3.0	194.0	V7	False	('G', 'B-', 'D-', 'E-')	G	E-	1.0	dominant seventh chord	(1, 3, 7, 10)	A-	A-	5	None
323.0	323	0.5	1/2	108	E-3	51	True	P1-Staff2	1	108.0	3.0	194.0	V7	False	('G', 'B-', 'D-', 'E-')	G	E-	1.0	dominant seventh chord	(1, 3, 7, 10)	A-	A-	5	None
323.0	323	0.5	1/2	108	G3	55	True	P1-Staff2	1	108.0	3.0	194.0	V7	False	('G', 'B-', 'D-', 'E-')	G	E-	1.0	dominant seventh chord	(1, 3, 7, 10)	A-	A-	5	None
323.125	2585/8	0.125	1/8	108	E-5	75	True	P1-Staff2	6	108.0	3.0	194.0	V7	False	('G', 'B-', 'D-', 'E-')	G	E-	1.0	dominant seventh chord	(1, 3, 7, 10)	A-	A-	5	None
323.25	1293/4	0.125	1/8	108	D-5	73	True	P1-Staff2	6	108.0	3.0	194.0	V7	False	('G', 'B-', 'D-', 'E-')	G	E-	1.0	dominant seventh chord	(1, 3, 7, 10)	A-	A-	5	None
323.375	2587/8	0.125	1/8	108	E-5	75	True	P1-Staff2	6	108.0	3.0	194.0	V7	False	('G', 'B-', 'D-', 'E-')	G	E-	1.0	dominant seventh chord	(1, 3, 7, 10)	A-	A-	5	None
323.5	647/2	0.125	1/8	108	B-5	82	True	P1-Staff2	6	108.0	3.0	194.0	V7	False	('G', 'B-', 'D-', 'E-')	G	E-	1.0	dominant seventh chord	(1, 3, 7, 10)	A-	A-	5	None
323.625	2589/8	0.125	1/8	108	E-5	75	True	P1-Staff2	6	108.0	3.0	194.0	V7	False	('G', 'B-', 'D-', 'E-')	G	E-	1.0	dominant seventh chord	(1, 3, 7, 10)	A-	A-	5	None
323.75	1295/4	0.125	1/8	108	D-5	73	True	P1-Staff2	6	108.0	3.0	194.0	V7	False	('G', 'B-', 'D-', 'E-')	G	E-	1.0	dominant seventh chord	(1, 3, 7, 10)	A-	A-	5	None
323.875	2591/8	0.125	1/8	108	E-5	75	True	P1-Staff2	6	108.0	3.0	194.0	V7	False	('G', 'B-', 'D-', 'E-')	G	E-	1.0	dominant seventh chord	(1, 3, 7, 10)	A-	A-	5	None
324.0	324	0.125	1/8	109	C5	72	True	P1-Staff2	6	109.0	1.0	195.0	I	True	('A-', 'C', 'E-')	A-	A-	0.0	major triad	(0, 3, 8)	A-	A-	1	None
324.0	324	0.5	1/2	109	A-2	44	True	P1-Staff2	1	109.0	1.0	195.0	I	True	('A-', 'C', 'E-')	A-	A-	0.0	major triad	(0, 3, 8)	A-	A-	1	None
324.0	324	0.5	1/2	109	E-3	51	True	P1-Staff2	1	109.0	1.0	195.0	I	True	('A-', 'C', 'E-')	A-	A-	0.0	major triad	(0, 3, 8)	A-	A-	1	None
324.0	324	0.5	1/2	109	A-3	56	True	P1-Staff2	1	109.0	1.0	195.0	I	True	('A-', 'C', 'E-')	A-	A-	0.0	major triad	(0, 3, 8)	A-	A-	1	None
324.125	2593/8	0.125	1/8	109	E-5	75	True	P1-Staff2	6	109.0	1.0	195.0	I	False	('A-', 'C', 'E-')	A-	A-	0.0	major triad	(0, 3, 8)	A-	A-	1	None
324.25	1297/4	0.125	1/8	109	C5	72	True	P1-Staff2	6	109.0	1.0	195.0	I	False	('A-', 'C', 'E-')	A-	A-	0.0	major triad	(0, 3, 8)	A-	A-	1	None
324.375	2595/8	0.125	1/8	109	E-5	75	True	P1-Staff2	6	109.0	1.0	195.0	I	False	('A-', 'C', 'E-')	A-	A-	0.0	major triad	(0, 3, 8)	A-	A-	1	None
324.5	649/2	0.125	1/8	109	C6	84	True	P1-Staff2	6	109.0	1.0	195.0	I	False	('A-', 'C', 'E-')	A-	A-	0.0	major triad	(0, 3, 8)	A-	A-	1	None
324.625	2597/8	0.125	1/8	109	E-5	75	True	P1-Staff2	6	109.0	1.0	195.0	I	False	('A-', 'C', 'E-')	A-	A-	0.0	major triad	(0, 3, 8)	A-	A-	1	None
324.75	1299/4	0.125	1/8	109	C5	72	True	P1-Staff2	6	109.0	1.0	195.0	I	False	('A-', 'C', 'E-')	A-	A-	0.0	major triad	(0, 3, 8)	A-	A-	1	None
324.875	2599/8	0.125	1/8	109	E-5	75	True	P1-Staff2	6	109.0	1.0	195.0	I	False	('A-', 'C', 'E-')	A-	A-	0.0	major triad	(0, 3, 8)	A-	A-	1	None
325.0	325	0.125	1/8	109	D-5	73	True	P1-Staff2	6	109.0	1.0	196.0	IV	True	('F', 'A-', 'D-')	F	D-	1.0	major triad	(1, 5, 8)	A-	A-	4	None
325.0	325	0.5	1/2	109	F3	53	True	P1-Staff2	1	109.0	1.0	196.0	IV	True	('F', 'A-', 'D-')	F	D-	1.0	major triad	(1, 5, 8)	A-	A-	4	None
325.0	325	0.5	1/2	109	A-3	56	True	P1-Staff2	1	109.0	1.0	196.0	IV	True	('F', 'A-', 'D-')	F	D-	1.0	major triad	(1, 5, 8)	A-	A-	4	None
325.0	325	0.5	1/2	109	F4	65	True	P1-Staff2	1	109.0	1.0	196.0	IV	True	('F', 'A-', 'D-')	F	D-	1.0	major triad	(1, 5, 8)	A-	A-	4	None
325.125	2601/8	0.125	1/8	109	A-5	80	True	P1-Staff2	6	109.0	1.0	196.0	IV	False	('F', 'A-', 'D-')	F	D-	1.0	major triad	(1, 5, 8)	A-	A-	4	None
325.25	1301/4	0.125	1/8	109	D-5	73	True	P1-Staff2	6	109.0	1.0	196.0	IV	False	('F', 'A-', 'D-')	F	D-	1.0	major triad	(1, 5, 8)	A-	A-	4	None
325.375	2603/8	0.125	1/8	109	A-5	80	True	P1-Staff2	6	109.0	1.0	196.0	IV	False	('F', 'A-', 'D-')	F	D-	1.0	major triad	(1, 5, 8)	A-	A-	4	None
325.5	651/2	0.125	1/8	109	D-6	85	True	P1-Staff2	6	109.0	1.0	196.0	IV	False	('F', 'A-', 'D-')	F	D-	1.0	major triad	(1, 5, 8)	A-	A-	4	None
325.625	2605/8	0.125	1/8	109	A-5	80	True	P1-Staff2	6	109.0	1.0	196.0	IV	False	('F', 'A-', 'D-')	F	D-	1.0	major triad	(1, 5, 8)	A-	A-	4	None
325.75	1303/4	0.125	1/8	109	F5	77	True	P1-Staff2	6	109.0	1.0	196.0	IV	False	('F', 'A-', 'D-')	F	D-	1.0	major triad	(1, 5, 8)	A-	A-	4	None
325.875	2607/8	0.125	1/8	109	A-5	80	True	P1-Staff2	6	109.0	1.0	196.0	IV	False	('F', 'A-', 'D-')	F	D-	1.0	major triad	(1, 5, 8)	A-	A-	4	None
326.0	326	0.125	1/8	109	E-5	75	True	P1-Staff2	6	109.0	1.0	197.0	I	True	('C', 'E-', 'A-')	C	A-	1.0	major triad	(0, 3, 8)	A-	A-	1	None
326.0	326	0.5	1/2	109	C3	48	True	P1-Staff2	1	109.0	1.0	197.0	I	True	('C', 'E-', 'A-')	C	A-	1.0	major triad	(0, 3, 8)	A-	A-	1	None
326.0	326	0.5	1/2	109	A-3	56	True	P1-Staff2	1	109.0	1.0	197.0	I	True	('C', 'E-', 'A-')	C	A-	1.0	major triad	(0, 3, 8)	A-	A-	1	None
326.0	326	0.5	1/2	109	C4	60	True	P1-Staff2	1	109.0	1.0	197.0	I	True	('C', 'E-', 'A-')	C	A-	1.0	major triad	(0, 3, 8)	A-	A-	1	None
326.125	2609/8	0.125	1/8	109	E-6	87	True	P1-Staff2	6	109.0	1.0	197.0	I	False	('C', 'E-', 'A-')	C	A-	1.0	major triad	(0, 3, 8)	A-	A-	1	None
326.25	1305/4	0.125	1/8	109	A-5	80	True	P1-Staff2	6	109.0	1.0	197.0	I	False	('C', 'E-', 'A-')	C	A-	1.0	major triad	(0, 3, 8)	A-	A-	1	None
326.375	2611/8	0.125	1/8	109	E-6	87	True	P1-Staff2	6	109.0	1.0	197.0	I	False	('C', 'E-', 'A-')	C	A-	1.0	major triad	(0, 3, 8)	A-	A-	1	None
326.5	653/2	0.125	1/8	109	E5	76	True	P1-Staff2	6	109.0	1.0	197.0	I	False	('C', 'E-', 'A-')	C	A-	1.0	major triad	(0, 3, 8)	A-	A-	1	None
326.5	653/2	0.5	1/2	109	C3	48	True	P1-Staff2	1	109.0	1.0	197.0	I	False	('C', 'E-', 'A-')	C	A-	1.0	major triad	(0, 3, 8)	A-	A-	1	None
326.5	653/2	0.5	1/2	109	A-3	56	True	P1-Staff2	1	109.0	1.0	197.0	I	False	('C', 'E-', 'A-')	C	A-	1.0	major triad	(0, 3, 8)	A-	A-	1	None
326.5	653/2	0.5	1/2	109	C4	60	True	P1-Staff2	1	109.0	1.0	197.0	I	False	('C', 'E-', 'A-')	C	A-	1.0	major triad	(0, 3, 8)	A-	A-	1	None
326.625	2613/8	0.125	1/8	109	E6	88	True	P1-Staff2	6	109.0	1.0	197.0	I	False	('C', 'E-', 'A-')	C	A-	1.0	major triad	(0, 3, 8)	A-	A-	1	None
326.75	1307/4	0.125	1/8	109	A-5	80	True	P1-Staff2	6	109.0	1.0	197.0	I	False	('C', 'E-', 'A-')	C	A-	1.0	major triad	(0, 3, 8)	A-	A-	1	None
326.875	2615/8	0.125	1/8	109	E6	88	True	P1-Staff2	6	109.0	1.0	197.0	I	False	('C', 'E-', 'A-')	C	A-	1.0	major triad	(0, 3, 8)	A-	A-	1	None
327.0	327	0.125	1/8	110	F5	77	True	P1-Staff2	6	110.0	1.0	198.0	IV	True	('D-', 'F', 'A-')	D-	D-	0.0	major triad	(1, 5, 8)	A-	A-	4	None
327.0	327	0.5	1/2	110	D-3	49	True	P1-Staff2	1	110.0	1.0	198.0	IV	True	('D-', 'F', 'A-')	D-	D-	0.0	major triad	(1, 5, 8)	A-	A-	4	None
327.0	327	0.5	1/2	110	A-3	56	True	P1-Staff2	1	110.0	1.0	198.0	IV	True	('D-', 'F', 'A-')	D-	D-	0.0	major triad	(1, 5, 8)	A-	A-	4	None
327.0	327	0.5	1/2	110	D-4	61	True	P1-Staff2	1	110.0	1.0	198.0	IV	True	('D-', 'F', 'A-')	D-	D-	0.0	major triad	(1, 5, 8)	A-	A-	4	None
327.125	2617/8	0.125	1/8	110	F6	89	True	P1-Staff2	6	110.0	1.0	198.0	IV	False	('D-', 'F', 'A-')	D-	D-	0.0	major triad	(1, 5, 8)	A-	A-	4	None
327.25	1309/4	0.125	1/8	110	F5	77	True	P1-Staff2	6	110.0	1.0	198.0	IV	False	('D-', 'F', 'A-')	D-	D-	0.0	major triad	(1, 5, 8)	A-	A-	4	None
327.375	2619/8	0.125	1/8	110	A-5	80	True	P1-Staff2	6	110.0	1.0	198.0	IV	False	('D-', 'F', 'A-')	D-	D-	0.0	major triad	(1, 5, 8)	A-	A-	4	None
327.5	655/2	0.125	1/8	110	F6	89	True	P1-Staff2	6	110.0	1.0	198.0	IV	False	('D-', 'F', 'A-')	D-	D-	0.0	major triad	(1, 5, 8)	A-	A-	4	None
327.625	2621/8	0.125	1/8	110	D-6	85	True	P1-Staff2	6	110.0	1.0	198.0	IV	False	('D-', 'F', 'A-')	D-	D-	0.0	major triad	(1, 5, 8)	A-	A-	4	None
327.75	1311/4	0.125	1/8	110	A-5	80	True	P1-Staff2	6	110.0	1.0	198.0	IV	False	('D-', 'F', 'A-')	D-	D-	0.0	major triad	(1, 5, 8)	A-	A-	4	None
327.875	2623/8	0.125	1/8	110	D-6	85	True	P1-Staff2	6	110.0	1.0	198.0	IV	False	('D-', 'F', 'A-')	D-	D-	0.0	major triad	(1, 5, 8)	A-	A-	4	None
328.0	328	0.125	1/8	110	G5	79	True	P1-Staff2	6	110.0	1.0	199.0	V7	True	('B-', 'D-', 'E-', 'G')	B-	E-	2.0	dominant seventh chord	(1, 3, 7, 10)	A-	A-	5	None
328.0	328	0.5	1/2	110	B-2	46	True	P1-Staff2	1	110.0	1.0	199.0	V7	True	('B-', 'D-', 'E-', 'G')	B-	E-	2.0	dominant seventh chord	(1, 3, 7, 10)	A-	A-	5	None
328.0	328	0.5	1/2	110	E-3	51	True	P1-Staff2	1	110.0	1.0	199.0	V7	True	('B-', 'D-', 'E-', 'G')	B-	E-	2.0	dominant seventh chord	(1, 3, 7, 10)	A-	A-	5	None
328.0	328	0.5	1/2	110	B-3	58	True	P1-Staff2	1	110.0	1.0	199.0	V7	True	('B-', 'D-', 'E-', 'G')	B-	E-	2.0	dominant seventh chord	(1, 3, 7, 10)	A-	A-	5	None
328.125	2625/8	0.125	1/8	110	E-6	87	True	P1-Staff2	6	110.0	1.0	199.0	V7	False	('B-', 'D-', 'E-', 'G')	B-	E-	2.0	dominant seventh chord	(1, 3, 7, 10)	A-	A-	5	None
328.25	1313/4	0.125	1/8	110	D-6	85	True	P1-Staff2	6	110.0	1.0	199.0	V7	False	('B-', 'D-', 'E-', 'G')	B-	E-	2.0	dominant seventh chord	(1, 3, 7, 10)	A-	A-	5	None
328.375	2627/8	0.125	1/8	110	E-6	87	True	P1-Staff2	6	110.0	1.0	199.0	V7	False	('B-', 'D-', 'E-', 'G')	B-	E-	2.0	dominant seventh chord	(1, 3, 7, 10)	A-	A-	5	None
328.5	657/2	0.125	1/8	110	G6	91	True	P1-Staff2	6	110.0	1.0	199.0	V7	False	('B-', 'D-', 'E-', 'G')	B-	E-	2.0	dominant seventh chord	(1, 3, 7, 10)	A-	A-	5	None
328.625	2629/8	0.125	1/8	110	E-6	87	True	P1-Staff2	6	110.0	1.0	199.0	V7	False	('B-', 'D-', 'E-', 'G')	B-	E-	2.0	dominant seventh chord	(1, 3, 7, 10)	A-	A-	5	None
328.75	1315/4	0.125	1/8	110	D-6	85	True	P1-Staff2	6	110.0	1.0	199.0	V7	False	('B-', 'D-', 'E-', 'G')	B-	E-	2.0	dominant seventh chord	(1, 3, 7, 10)	A-	A-	5	None
328.875	2631/8	0.125	1/8	110	E-6	87	True	P1-Staff2	6	110.0	1.0	199.0	V7	False	('B-', 'D-', 'E-', 'G')	B-	E-	2.0	dominant seventh chord	(1, 3, 7, 10)	A-	A-	5	None
329.0	329	0.125	1/8	110	G5	79	True	P1-Staff2	6	110.0	1.0	200.0	I	True	('C', 'E-', 'A-')	C	A-	1.0	major triad	(0, 3, 8)	A-	A-	1	None
329.0	329	0.5	1/2	110	C3	48	True	P1-Staff2	1	110.0	1.0	200.0	I	True	('C', 'E-', 'A-')	C	A-	1.0	major triad	(0, 3, 8)	A-	A-	1	None
329.0	329	0.5	1/2	110	E-3	51	True	P1-Staff2	1	110.0	1.0	200.0	I	True	('C', 'E-', 'A-')	C	A-	1.0	major triad	(0, 3, 8)	A-	A-	1	None
329.0	329	0.5	1/2	110	C4	60	True	P1-Staff2	1	110.0	1.0	200.0	I	True	('C', 'E-', 'A-')	C	A-	1.0	major triad	(0, 3, 8)	A-	A-	1	None
329.125	2633/8	0.125	1/8	110	G6	91	True	P1-Staff2	6	110.0	1.0	200.0	I	False	('C', 'E-', 'A-')	C	A-	1.0	major triad	(0, 3, 8)	A-	A-	1	None
329.25	1317/4	0.125	1/8	110	C6	84	True	P1-Staff2	1	110.0	1.0	200.0	I	False	('C', 'E-', 'A-')	C	A-	1.0	major triad	(0, 3, 8)	A-	A-	1	None
329.25	1317/4	0.125	1/8	110	E-6	87	True	P1-Staff2	1	110.0	1.0	200.0	I	False	('C', 'E-', 'A-')	C	A-	1.0	major triad	(0, 3, 8)	A-	A-	1	None
329.375	2635/8	0.125	1/8	110	G6	91	True	P1-Staff2	6	110.0	1.0	200.0	I	False	('C', 'E-', 'A-')	C	A-	1.0	major triad	(0, 3, 8)	A-	A-	1	None
329.5	659/2	0.125	1/8	110	A-5	80	True	P1-Staff2	6	110.0	1.0	200.0	I	False	('C', 'E-', 'A-')	C	A-	1.0	major triad	(0, 3, 8)	A-	A-	1	None
329.5	659/2	0.5	1/2	110	C3	48	True	P1-Staff2	1	110.0	1.0	200.0	I	False	('C', 'E-', 'A-')	C	A-	1.0	major triad	(0, 3, 8)	A-	A-	1	None
329.5	659/2	0.5	1/2	110	E-3	51	True	P1-Staff2	1	110.0	1.0	200.0	I	False	('C', 'E-', 'A-')	C	A-	1.0	major triad	(0, 3, 8)	A-	A-	1	None
329.5	659/2	0.5	1/2	110	C4	60	True	P1-Staff2	1	110.0	1.0	200.0	I	False	('C', 'E-', 'A-')	C	A-	1.0	major triad	(0, 3, 8)	A-	A-	1	None
329.625	2637/8	0.125	1/8	110	A-6	92	True	P1-Staff2	6	110.0	1.0	200.0	I	False	('C', 'E-', 'A-')	C	A-	1.0	major triad	(0, 3, 8)	A-	A-	1	None
329.75	1319/4	0.125	1/8	110	C6	84	True	P1-Staff2	1	110.0	1.0	200.0	I	False	('C', 'E-', 'A-')	C	A-	1.0	major triad	(0, 3, 8)	A-	A-	1	None
329.75	1319/4	0.125	1/8	110	E-6	87	True	P1-Staff2	1	110.0	1.0	200.0	I	False	('C', 'E-', 'A-')	C	A-	1.0	major triad	(0, 3, 8)	A-	A-	1	None
329.875	2639/8	0.125	1/8	110	A-6	92	True	P1-Staff2	6	110.0	1.0	200.0	I	False	('C', 'E-', 'A-')	C	A-	1.0	major triad	(0, 3, 8)	A-	A-	1	None
330.0	330	1.0	1	111	F5	77	True	P1-Staff2	6	111.0	2.0	201.0	IV	True	('D-', 'F', 'A-')	D-	D-	0.0	major triad	(1, 5, 8)	A-	A-	4	None
330.0	330	0.5	1/2	111	A-3	56	True	P1-Staff2	5	111.0	2.0	201.0	IV	True	('D-', 'F', 'A-')	D-	D-	0.0	major triad	(1, 5, 8)	A-	A-	4	None
330.0	330	2.0	2	111	D-3	49	True	P1-Staff2	6	111.0	2.0	201.0	IV	True	('D-', 'F', 'A-')	D-	D-	0.0	major triad	(1, 5, 8)	A-	A-	4	None
330.5	661/2	0.5	1/2	111	A3	57	True	P1-Staff2	5	111.0	2.0	201.0	IV	False	('D-', 'F', 'A-')	D-	D-	0.0	major triad	(1, 5, 8)	A-	A-	4	None
331.0	331	0.25	1/4	111	F5	77	False	P1-Staff2	6	111.0	2.0	201.0	IV	False	('D-', 'F', 'A-')	D-	D-	0.0	major triad	(1, 5, 8)	A-	A-	4	None
331.0	331	0.5	1/2	111	B-3	58	True	P1-Staff2	5	111.0	2.0	201.0	IV	False	('D-', 'F', 'A-')	D-	D-	0.0	major triad	(1, 5, 8)	A-	A-	4	None
331.25	1325/4	0.25	1/4	111	B-4	70	True	P1-Staff2	6	111.0	2.0	201.0	IV	False	('D-', 'F', 'A-')	D-	D-	0.0	major triad	(1, 5, 8)	A-	A-	4	None
331.5	663/2	0.25	1/4	111	C5	72	True	P1-Staff2	6	111.0	2.0	201.0	IV	False	('D-', 'F', 'A-')	D-	D-	0.0	major triad	(1, 5, 8)	A-	A-	4	None
331.5	663/2	0.25	1/4	111	C4	60	True	P1-Staff2	5	111.0	2.0	201.0	IV	False	('D-', 'F', 'A-')	D-	D-	0.0	major triad	(1, 5, 8)	A-	A-	4	None
331.75	1327/4	0.25	1/4	111	D-5	73	True	P1-Staff2	6	111.0	2.0	201.0	IV	False	('D-', 'F', 'A-')	D-	D-	0.0	major triad	(1, 5, 8)	A-	A-	4	None
331.75	1327/4	0.25	1/4	111	D-4	61	True	P1-Staff2	5	111.0	2.0	201.0	IV	False	('D-', 'F', 'A-')	D-	D-	0.0	major triad	(1, 5, 8)	A-	A-	4	None
332.0	332	0.5	1/2	111	G4	67	True	P1-Staff2	6	111.0	1.0	202.0	V	True	('E-', 'G', 'B-')	E-	E-	0.0	major triad	(3, 7, 10)	A-	A-	5	None
332.0	332	1.0	1	111	G3	55	True	P1-Staff2	1	111.0	1.0	202.0	V	True	('E-', 'G', 'B-')	E-	E-	0.0	major triad	(3, 7, 10)	A-	A-	5	None
332.0	332	1.0	1	111	B-3	58	True	P1-Staff2	1	111.0	1.0	202.0	V	True	('E-', 'G', 'B-')	E-	E-	0.0	major triad	(3, 7, 10)	A-	A-	5	None
332.0	332	1.0	1	111	E-3	51	True	P1-Staff2	6	111.0	1.0	202.0	V	True	('E-', 'G', 'B-')	E-	E-	0.0	major triad	(3, 7, 10)	A-	A-	5	None
332.5	665/2	0.5	1/2	111	E-5	75	True	P1-Staff2	6	111.0	1.0	202.0	V	False	('E-', 'G', 'B-')	E-	E-	0.0	major triad	(3, 7, 10)	A-	A-	5	None
333.0	333	0.25	1/4	112	E-5	75	False	P1-Staff2	6	112.0	3.0	203.0	I	True	('C', 'E-', 'A-')	C	A-	1.0	major triad	(0, 3, 8)	A-	A-	1	None
333.0	333	1.5	3/2	112	C4	60	True	P1-Staff2	1	112.0	3.0	203.0	I	True	('C', 'E-', 'A-')	C	A-	1.0	major triad	(0, 3, 8)	A-	A-	1	None
333.0	333	1.5	3/2	112	E-4	63	True	P1-Staff2	1	112.0	3.0	203.0	I	True	('C', 'E-', 'A-')	C	A-	1.0	major triad	(0, 3, 8)	A-	A-	1	None
333.25	1333/4	0.25	1/4	112	D-5	73	True	P1-Staff2	6	112.0	3.0	203.0	I	False	('C', 'E-', 'A-')	C	A-	1.0	major triad	(0, 3, 8)	A-	A-	1	None
333.5	667/2	0.25	1/4	112	C5	72	True	P1-Staff2	6	112.0	3.0	203.0	I	False	('C', 'E-', 'A-')	C	A-	1.0	major triad	(0, 3, 8)	A-	A-	1	None
333.75	1335/4	0.25	1/4	112	C6	84	True	P1-Staff2	6	112.0	3.0	203.0	I	False	('C', 'E-', 'A-')	C	A-	1.0	major triad	(0, 3, 8)	A-	A-	1	None
334.0	334	0.25	1/4	112	B-5	82	True	P1-Staff2	6	112.0	3.0	203.0	I	False	('C', 'E-', 'A-')	C	A-	1.0	major triad	(0, 3, 8)	A-	A-	1	None
334.25	1337/4	0.25	1/4	112	G5	79	True	P1-Staff2	6	112.0	3.0	203.0	I	False	('C', 'E-', 'A-')	C	A-	1.0	major triad	(0, 3, 8)	A-	A-	1	None
334.5	669/2	0.25	1/4	112	B-5	82	True	P1-Staff2	6	112.0	3.0	203.0	I	False	('C', 'E-', 'A-')	C	A-	1.0	major triad	(0, 3, 8)	A-	A-	1	None
334.5	669/2	0.5	1/2	112	A-3	56	True	P1-Staff2	1	112.0	3.0	203.0	I	False	('C', 'E-', 'A-')	C	A-	1.0	major triad	(0, 3, 8)	A-	A-	1	None
334.5	669/2	0.5	1/2	112	C4	60	True	P1-Staff2	1	112.0	3.0	203.0	I	False	('C', 'E-', 'A-')	C	A-	1.0	major triad	(0, 3, 8)	A-	A-	1	None
334.75	1339/4	0.25	1/4	112	A-5	80	True	P1-Staff2	6	112.0	3.0	203.0	I	False	('C', 'E-', 'A-')	C	A-	1.0	major triad	(0, 3, 8)	A-	A-	1	None
335.0	335	0.25	1/4	112	C6	84	True	P1-Staff2	6	112.0	3.0	203.0	I	False	('C', 'E-', 'A-')	C	A-	1.0	major triad	(0, 3, 8)	A-	A-	1	None
335.0	335	0.75	3/4	112	A-3	56	True	P1-Staff2	1	112.0	3.0	203.0	I	False	('C', 'E-', 'A-')	C	A-	1.0	major triad	(0, 3, 8)	A-	A-	1	None
335.0	335	0.75	3/4	112	C4	60	True	P1-Staff2	1	112.0	3.0	203.0	I	False	('C', 'E-', 'A-')	C	A-	1.0	major triad	(0, 3, 8)	A-	A-	1	None
335.25	1341/4	0.25	1/4	112	A-5	80	True	P1-Staff2	6	112.0	3.0	203.0	I	False	('C', 'E-', 'A-')	C	A-	1.0	major triad	(0, 3, 8)	A-	A-	1	None
335.5	671/2	0.25	1/4	112	E-5	75	True	P1-Staff2	6	112.0	3.0	203.0	I	False	('C', 'E-', 'A-')	C	A-	1.0	major triad	(0, 3, 8)	A-	A-	1	None
335.75	1343/4	0.25	1/4	112	E5	76	True	P1-Staff2	6	112.0	3.0	203.0	I	False	('C', 'E-', 'A-')	C	A-	1.0	major triad	(0, 3, 8)	A-	A-	1	None
335.75	1343/4	0.25	1/4	112	A-3	56	True	P1-Staff2	1	112.0	3.0	203.0	I	False	('C', 'E-', 'A-')	C	A-	1.0	major triad	(0, 3, 8)	A-	A-	1	None
335.75	1343/4	0.25	1/4	112	C4	60	True	P1-Staff2	1	112.0	3.0	203.0	I	False	('C', 'E-', 'A-')	C	A-	1.0	major triad	(0, 3, 8)	A-	A-	1	None
336.0	336	1.0	1	113	F5	77	True	P1-Staff2	1	113.0	2.0	204.0	IV7	True	('D-', 'F', 'A-', 'C')	D-	D-	0.0	major seventh chord	(0, 1, 5, 8)	A-	A-	4	None
336.0	336	0.25	1/4	113	A-3	56	True	P1-Staff2	1	113.0	2.0	204.0	IV7	True	('D-', 'F', 'A-', 'C')	D-	D-	0.0	major seventh chord	(0, 1, 5, 8)	A-	A-	4	None
336.0	336	0.25	1/4	113	C4	60	True	P1-Staff2	1	113.0	2.0	204.0	IV7	True	('D-', 'F', 'A-', 'C')	D-	D-	0.0	major seventh chord	(0, 1, 5, 8)	A-	A-	4	None
336.0	336	1.0	1	113	D-3	49	True	P1-Staff2	6	113.0	2.0	204.0	IV7	True	('D-', 'F', 'A-', 'C')	D-	D-	0.0	major seventh chord	(0, 1, 5, 8)	A-	A-	4	None
336.25	1345/4	0.25	1/4	113	A3	57	True	P1-Staff2	5	113.0	2.0	204.0	IV7	False	('D-', 'F', 'A-', 'C')	D-	D-	0.0	major seventh chord	(0, 1, 5, 8)	A-	A-	4	None
336.5	673/2	0.25	1/4	113	B-3	58	True	P1-Staff2	5	113.0	2.0	204.0	IV7	False	('D-', 'F', 'A-', 'C')	D-	D-	0.0	major seventh chord	(0, 1, 5, 8)	A-	A-	4	None
336.75	1347/4	0.25	1/4	113	C4	60	True	P1-Staff2	5	113.0	2.0	204.0	IV7	False	('D-', 'F', 'A-', 'C')	D-	D-	0.0	major seventh chord	(0, 1, 5, 8)	A-	A-	4	None
337.0	337	0.25	1/4	113	F5	77	False	P1-Staff2	1	113.0	2.0	204.0	IV7	False	('D-', 'F', 'A-', 'C')	D-	D-	0.0	major seventh chord	(0, 1, 5, 8)	A-	A-	4	None
337.0	337	0.25	1/4	113	D-4	61	True	P1-Staff2	5	113.0	2.0	204.0	IV7	False	('D-', 'F', 'A-', 'C')	D-	D-	0.0	major seventh chord	(0, 1, 5, 8)	A-	A-	4	None
337.0	337	0.25	1/4	113	D-3	49	False	P1-Staff2	6	113.0	2.0	204.0	IV7	False	('D-', 'F', 'A-', 'C')	D-	D-	0.0	major seventh chord	(0, 1, 5, 8)	A-	A-	4	None
337.25	1349/4	0.25	1/4	113	B-4	70	True	P1-Staff2	1	113.0	2.0	204.0	IV7	False	('D-', 'F', 'A-', 'C')	D-	D-	0.0	major seventh chord	(0, 1, 5, 8)	A-	A-	4	None
337.25	1349/4	0.25	1/4	113	D-3	49	True	P1-Staff2	6	113.0	2.0	204.0	IV7	False	('D-', 'F', 'A-', 'C')	D-	D-	0.0	major seventh chord	(0, 1, 5, 8)	A-	A-	4	None
337.5	675/2	0.25	1/4	113	C5	72	True	P1-Staff2	1	113.0	2.0	204.0	IV7	False	('D-', 'F', 'A-', 'C')	D-	D-	0.0	major seventh chord	(0, 1, 5, 8)	A-	A-	4	None
337.5	675/2	0.25	1/4	113	E-3	51	True	P1-Staff2	6	113.0	2.0	204.0	IV7	False	('D-', 'F', 'A-', 'C')	D-	D-	0.0	major seventh chord	(0, 1, 5, 8)	A-	A-	4	None
337.75	1351/4	0.25	1/4	113	D-5	73	True	P1-Staff2	1	113.0	2.0	204.0	IV7	False	('D-', 'F', 'A-', 'C')	D-	D-	0.0	major seventh chord	(0, 1, 5, 8)	A-	A-	4	None
337.75	1351/4	0.25	1/4	113	F3	53	True	P1-Staff2	6	113.0	2.0	204.0	IV7	False	('D-', 'F', 'A-', 'C')	D-	D-	0.0	major seventh chord	(0, 1, 5, 8)	A-	A-	4	None
338.0	338	0.5	1/2	113	G4	67	True	P1-Staff2	1	113.0	1.0	205.0	V	True	('E-', 'G', 'B-')	E-	E-	0.0	major triad	(3, 7, 10)	A-	A-	5	None
338.0	338	0.25	1/4	113	E-3	51	True	P1-Staff2	5	113.0	1.0	205.0	V	True	('E-', 'G', 'B-')	E-	E-	0.0	major triad	(3, 7, 10)	A-	A-	5	None
338.25	1353/4	0.25	1/4	113	E-2	39	True	P1-Staff2	5	113.0	1.0	205.0	V	False	('E-', 'G', 'B-')	E-	E-	0.0	major triad	(3, 7, 10)	A-	A-	5	None
338.5	677/2	0.5	1/2	113	E-5	75	True	P1-Staff2	1	113.0	1.0	205.0	V	False	('E-', 'G', 'B-')	E-	E-	0.0	major triad	(3, 7, 10)	A-	A-	5	None
338.5	677/2	0.25	1/4	113	F2	41	True	P1-Staff2	5	113.0	1.0	205.0	V	False	('E-', 'G', 'B-')	E-	E-	0.0	major triad	(3, 7, 10)	A-	A-	5	None
338.75	1355/4	0.25	1/4	113	G2	43	True	P1-Staff2	5	113.0	1.0	205.0	V	False	('E-', 'G', 'B-')	E-	E-	0.0	major triad	(3, 7, 10)	A-	A-	5	None
339.0	339	1.0	1	114	C5	72	True	P1-Staff2	1	114.0	1.0	206.0	I	True	('A-', 'C', 'E-')	A-	A-	0.0	major triad	(0, 3, 8)	A-	A-	1	None
339.0	339	1.0	1	114	E-4	63	True	P1-Staff2	1	114.0	1.0	206.0	I	True	('A-', 'C', 'E-')	A-	A-	0.0	major triad	(0, 3, 8)	A-	A-	1	None
339.0	339	1.0	1	114	A-4	68	True	P1-Staff2	1	114.0	1.0	206.0	I	True	('A-', 'C', 'E-')	A-	A-	0.0	major triad	(0, 3, 8)	A-	A-	1	None
339.0	339	1.0	1	114	A-2	44	True	P1-Staff2	5	114.0	1.0	206.0	I	True	('A-', 'C', 'E-')	A-	A-	0.0	major triad	(0, 3, 8)	A-	A-	1	None
339.0	339	2.0	2	114	A-1	32	True	P1-Staff2	6	114.0	1.0	206.0	I	True	('A-', 'C', 'E-')	A-	A-	0.0	major triad	(0, 3, 8)	A-	A-	1	None
340.0	340	1.5	3/2	114	D-5	73	True	P1-Staff2	1	114.0	1.0	207.0	IV	True	('F', 'A-', 'D-')	F	D-	1.0	major triad	(1, 5, 8)	A-	A-	4	None
340.0	340	0.5	1/2	114	A-4	68	True	P1-Staff2	2	114.0	1.0	207.0	IV	True	('F', 'A-', 'D-')	F	D-	1.0	major triad	(1, 5, 8)	A-	A-	4	None
340.0	340	0.5	1/2	114	F2	41	True	P1-Staff2	5	114.0	1.0	207.0	IV	True	('F', 'A-', 'D-')	F	D-	1.0	major triad	(1, 5, 8)	A-	A-	4	None
340.5	681/2	0.5	1/2	114	F4	65	True	P1-Staff2	2	114.0	1.0	207.0	IV	False	('F', 'A-', 'D-')	F	D-	1.0	major triad	(1, 5, 8)	A-	A-	4	None
340.5	681/2	0.5	1/2	114	D-2	37	True	P1-Staff2	5	114.0	1.0	207.0	IV	False	('F', 'A-', 'D-')	F	D-	1.0	major triad	(1, 5, 8)	A-	A-	4	None
341.0	341	0.5	1/2	114	B-4	70	True	P1-Staff2	2	114.0	1.0	208.0	V7	True	('E-', 'G', 'B-', 'D-')	E-	E-	0.0	dominant seventh chord	(1, 3, 7, 10)	A-	A-	5	None
341.0	341	0.5	1/2	114	G2	43	True	P1-Staff2	5	114.0	1.0	208.0	V7	True	('E-', 'G', 'B-', 'D-')	E-	E-	0.0	dominant seventh chord	(1, 3, 7, 10)	A-	A-	5	None
341.0	341	0.5	1/2	114	A-1	32	False	P1-Staff2	6	114.0	1.0	208.0	V7	True	('E-', 'G', 'B-', 'D-')	E-	E-	0.0	dominant seventh chord	(1, 3, 7, 10)	A-	A-	5	None
341.5	683/2	0.5	1/2	114	D-5	73	True	P1-Staff2	1	114.0	1.0	208.0	V7	False	('E-', 'G', 'B-', 'D-')	E-	E-	0.0	dominant seventh chord	(1, 3, 7, 10)	A-	A-	5	None
341.5	683/2	0.5	1/2	114	F-4	64	True	P1-Staff2	1	114.0	1.0	208.0	V7	False	('E-', 'G', 'B-', 'D-')	E-	E-	0.0	dominant seventh chord	(1, 3, 7, 10)	A-	A-	5	None
341.5	683/2	0.5	1/2	114	G4	67	True	P1-Staff2	1	114.0	1.0	208.0	V7	False	('E-', 'G', 'B-', 'D-')	E-	E-	0.0	dominant seventh chord	(1, 3, 7, 10)	A-	A-	5	None
341.5	683/2	0.5	1/2	114	B-2	46	True	P1-Staff2	5	114.0	1.0	208.0	V7	False	('E-', 'G', 'B-', 'D-')	E-	E-	0.0	dominant seventh chord	(1, 3, 7, 10)	A-	A-	5	None
341.5	683/2	0.5	1/2	114	A-1	32	True	P1-Staff2	6	114.0	1.0	208.0	V7	False	('E-', 'G', 'B-', 'D-')	E-	E-	0.0	dominant seventh chord	(1, 3, 7, 10)	A-	A-	5	None
342.0	342	2.0	2	115	G4	67	True	P1-Staff2	1	115.0	2.0	209.0	V7	True	('E-', 'G', 'B-', 'D-')	E-	E-	0.0	dominant seventh chord	(1, 3, 7, 10)	A-	A-	5	None
342.0	342	2.0	2	115	D-5	73	True	P1-Staff2	1	115.0	2.0	209.0	V7	True	('E-', 'G', 'B-', 'D-')	E-	E-	0.0	dominant seventh chord	(1, 3, 7, 10)	A-	A-	5	None
342.0	342	1.0	1	115	F-4	64	True	P1-Staff2	2	115.0	2.0	209.0	V7	True	('E-', 'G', 'B-', 'D-')	E-	E-	0.0	dominant seventh chord	(1, 3, 7, 10)	A-	A-	5	None
342.0	342	2.0	2	115	B-2	46	True	P1-Staff2	5	115.0	2.0	209.0	V7	True	('E-', 'G', 'B-', 'D-')	E-	E-	0.0	dominant seventh chord	(1, 3, 7, 10)	A-	A-	5	None
342.0	342	2.0	2	115	A-1	32	True	P1-Staff2	6	115.0	2.0	209.0	V7	True	('E-', 'G', 'B-', 'D-')	E-	E-	0.0	dominant seventh chord	(1, 3, 7, 10)	A-	A-	5	None
343.0	343	1.0	1	115	E-4	63	True	P1-Staff2	2	115.0	2.0	209.0	V7	False	('E-', 'G', 'B-', 'D-')	E-	E-	0.0	dominant seventh chord	(1, 3, 7, 10)	A-	A-	5	None
344.0	344	0.5	1/2	115	A-4	68	True	P1-Staff2	1	115.0	1.0	210.0	I	True	('A-', 'C', 'E-')	A-	A-	0.0	major triad	(0, 3, 8)	A-	A-	1	None
344.0	344	0.5	1/2	115	C5	72	True	P1-Staff2	1	115.0	1.0	210.0	I	True	('A-', 'C', 'E-')	A-	A-	0.0	major triad	(0, 3, 8)	A-	A-	1	None
344.0	344	0.5	1/2	115	E-4	63	True	P1-Staff2	2	115.0	1.0	210.0	I	True	('A-', 'C', 'E-')	A-	A-	0.0	major triad	(0, 3, 8)	A-	A-	1	None
344.0	344	0.5	1/2	115	A-2	44	True	P1-Staff2	5	115.0	1.0	210.0	I	True	('A-', 'C', 'E-')	A-	A-	0.0	major triad	(0, 3, 8)	A-	A-	1	None
344.0	344	0.5	1/2	115	A-1	32	True	P1-Staff2	6	115.0	1.0	210.0	I	True	('A-', 'C', 'E-')	A-	A-	0.0	major triad	(0, 3, 8)	A-	A-	1	None
345.0	345	0.5	1/2	116	A-4	68	True	P1-Staff2	1	116.0	3.0	211.0	I	True	('A-', 'C', 'E-')	A-	A-	0.0	major triad	(0, 3, 8)	A-	A-	1	None
345.0	345	0.5	1/2	116	C5	72	True	P1-Staff2	1	116.0	3.0	211.0	I	True	('A-', 'C', 'E-')	A-	A-	0.0	major triad	(0, 3, 8)	A-	A-	1	None
345.0	345	0.5	1/2	116	E-4	63	True	P1-Staff2	2	116.0	3.0	211.0	I	True	('A-', 'C', 'E-')	A-	A-	0.0	major triad	(0, 3, 8)	A-	A-	1	None
345.0	345	0.5	1/2	116	A-2	44	True	P1-Staff2	5	116.0	3.0	211.0	I	True	('A-', 'C', 'E-')	A-	A-	0.0	major triad	(0, 3, 8)	A-	A-	1	None
345.0	345	3.0	1/2	116	A-1	32	True	P1-Staff2	6	116.0	3.0	211.0	I	True	('A-', 'C', 'E-')	A-	A-	0.0	major triad	(0, 3, 8)	A-	A-	1	None
