j_offset	s_duration	s_measure	s_notes	s_intervals	s_isOnset	a_measure	a_duration	a_annotationNumber	a_romanNumeral	a_isOnset	a_pitchNames	a_bass	a_root	a_inversion	a_quality	a_pcset	a_localKey	a_tonicizedKey	a_degree1	a_degree2
0.0	0.5	1	['E-2', 'B-3', 'E-4', 'G4']	['P5', 'P1', 'M3']	[True, True, True, True]	1.0	3.0	0.0	I	True	('E-', 'G', 'B-')	E-	E-	0.0	major triad	(3, 7, 10)	E-	E-	1	None
0.5	0.5	1	['E-3', 'B-3', 'E-4', 'G4']	['P5', 'P1', 'M3']	[True, False, False, False]	1.0	3.0	0.0	I	False	('E-', 'G', 'B-')	E-	E-	0.0	major triad	(3, 7, 10)	E-	E-	1	None
1.0	0.5	1	['E-3', 'B-3', 'E-4', 'G4']	['P5', 'P1', 'M3']	[True, False, False, False]	1.0	3.0	0.0	I	False	('E-', 'G', 'B-')	E-	E-	0.0	major triad	(3, 7, 10)	E-	E-	1	None
1.5	0.5	1	['E-3', 'B-3', 'E-4', 'G4']	['P5', 'P1', 'M3']	[True, False, False, False]	1.0	3.0	0.0	I	False	('E-', 'G', 'B-')	E-	E-	0.0	major triad	(3, 7, 10)	E-	E-	1	None
2.0	0.5	1	['E-3', 'B-3', 'E-4', 'G4']	['P5', 'P1', 'M3']	[True, False, False, False]	1.0	3.0	0.0	I	False	('E-', 'G', 'B-')	E-	E-	0.0	major triad	(3, 7, 10)	E-	E-	1	None
2.5	0.5	1	['E-3', 'B-3', 'E-4', 'G4']	['P5', 'P1', 'M3']	[True, False, False, False]	1.0	3.0	0.0	I	False	('E-', 'G', 'B-')	E-	E-	0.0	major triad	(3, 7, 10)	E-	E-	1	None
3.0	0.5	2	['E-3', 'G3', 'B-3', 'E-4']	['M3', 'P5', 'P1']	[True, True, True, True]	2.0	3.0	1.0	I	True	('E-', 'G', 'B-')	E-	E-	0.0	major triad	(3, 7, 10)	E-	E-	1	None
3.5	0.5	2	['E-3', 'G3', 'B-3', 'E-4']	['M3', 'P5', 'P1']	[True, False, False, False]	2.0	3.0	1.0	I	False	('E-', 'G', 'B-')	E-	E-	0.0	major triad	(3, 7, 10)	E-	E-	1	None
4.0	0.5	2	['E-3']	[]	[True]	2.0	3.0	1.0	I	False	('E-', 'G', 'B-')	E-	E-	0.0	major triad	(3, 7, 10)	E-	E-	1	None
4.5	0.5	2	['E-3']	[]	[True]	2.0	3.0	1.0	I	False	('E-', 'G', 'B-')	E-	E-	0.0	major triad	(3, 7, 10)	E-	E-	1	None
5.0	0.5	2	['E-3']	[]	[True]	2.0	3.0	1.0	I	False	('E-', 'G', 'B-')	E-	E-	0.0	major triad	(3, 7, 10)	E-	E-	1	None
5.5	0.5	2	['E-3']	[]	[True]	2.0	3.0	1.0	I	False	('E-', 'G', 'B-')	E-	E-	0.0	major triad	(3, 7, 10)	E-	E-	1	None
6.0	0.5	3	['E-2', 'B-3', 'E-4', 'G4', 'B-4']	['P5', 'P1', 'M3', 'P5']	[True, True, True, True, True]	3.0	3.0	2.0	I	True	('E-', 'G', 'B-')	E-	E-	0.0	major triad	(3, 7, 10)	E-	E-	1	None
6.5	0.5	3	['E-3', 'B-3', 'E-4', 'G4', 'B-4']	['P5', 'P1', 'M3', 'P5']	[True, False, False, False, False]	3.0	3.0	2.0	I	False	('E-', 'G', 'B-')	E-	E-	0.0	major triad	(3, 7, 10)	E-	E-	1	None
7.0	0.5	3	['E-3', 'B-3', 'E-4', 'G4', 'B-4']	['P5', 'P1', 'M3', 'P5']	[True, False, False, False, False]	3.0	3.0	2.0	I	False	('E-', 'G', 'B-')	E-	E-	0.0	major triad	(3, 7, 10)	E-	E-	1	None
7.5	0.5	3	['E-3', 'B-3', 'E-4', 'G4', 'B-4']	['P5', 'P1', 'M3', 'P5']	[True, False, False, False, False]	3.0	3.0	2.0	I	False	('E-', 'G', 'B-')	E-	E-	0.0	major triad	(3, 7, 10)	E-	E-	1	None
8.0	0.5	3	['E-3', 'B-3', 'E-4', 'G4', 'B-4']	['P5', 'P1', 'M3', 'P5']	[True, False, False, False, False]	3.0	3.0	2.0	I	False	('E-', 'G', 'B-')	E-	E-	0.0	major triad	(3, 7, 10)	E-	E-	1	None
8.5	0.5	3	['E-3', 'B-3', 'E-4', 'G4', 'B-4']	['P5', 'P1', 'M3', 'P5']	[True, False, False, False, False]	3.0	3.0	2.0	I	False	('E-', 'G', 'B-')	E-	E-	0.0	major triad	(3, 7, 10)	E-	E-	1	None
9.0	0.5	4	['E-3', 'G3', 'B-3', 'E-4', 'G4']	['M3', 'P5', 'P1', 'M3']	[True, True, True, True, True]	4.0	3.0	3.0	I	True	('E-', 'G', 'B-')	E-	E-	0.0	major triad	(3, 7, 10)	E-	E-	1	None
9.5	0.5	4	['E-3', 'G3', 'B-3', 'E-4', 'G4']	['M3', 'P5', 'P1', 'M3']	[True, False, False, False, False]	4.0	3.0	3.0	I	False	('E-', 'G', 'B-')	E-	E-	0.0	major triad	(3, 7, 10)	E-	E-	1	None
10.0	0.5	4	['E-3']	[]	[True]	4.0	3.0	3.0	I	False	('E-', 'G', 'B-')	E-	E-	0.0	major triad	(3, 7, 10)	E-	E-	1	None
10.5	0.5	4	['E-3']	[]	[True]	4.0	3.0	3.0	I	False	('E-', 'G', 'B-')	E-	E-	0.0	major triad	(3, 7, 10)	E-	E-	1	None
11.0	0.5	4	['E-3']	[]	[True]	4.0	3.0	3.0	I	False	('E-', 'G', 'B-')	E-	E-	0.0	major triad	(3, 7, 10)	E-	E-	1	None
11.5	0.5	4	['E-3', 'B-4']	['P5']	[True, True]	4.0	3.0	3.0	I	False	('E-', 'G', 'B-')	E-	E-	0.0	major triad	(3, 7, 10)	E-	E-	1	None
12.0	0.5	5	['E-3', 'G3', 'E-4', 'E-5']	['M3', 'P1', 'P1']	[True, True, True, True]	5.0	1.5	4.0	I	True	('E-', 'G', 'B-')	E-	E-	0.0	major triad	(3, 7, 10)	E-	E-	1	None
12.5	0.5	5	['E-3', 'G3', 'E-4', 'D5']	['M3', 'P1', 'M7']	[False, False, False, True]	5.0	1.5	4.0	I	False	('E-', 'G', 'B-')	E-	E-	0.0	major triad	(3, 7, 10)	E-	E-	1	None
13.0	0.5	5	['E-3', 'G3', 'E-4', 'F5']	['M3', 'P1', 'M2']	[False, False, False, True]	5.0	1.5	4.0	I	False	('E-', 'G', 'B-')	E-	E-	0.0	major triad	(3, 7, 10)	E-	E-	1	None
13.5	0.5	5	['F3', 'A-3', 'E-4', 'E-5']	['m3', 'm7', 'm7']	[True, True, False, True]	5.0	1.5	5.0	ii7	True	('F', 'A-', 'C', 'E-')	F	F	0.0	minor seventh chord	(0, 3, 5, 8)	E-	E-	2	None
14.0	0.5	5	['F3', 'A-3', 'E-4', 'D5']	['m3', 'm7', 'M6']	[False, False, False, True]	5.0	1.5	5.0	ii7	False	('F', 'A-', 'C', 'E-')	F	F	0.0	minor seventh chord	(0, 3, 5, 8)	E-	E-	2	None
14.5	0.5	5	['F3', 'A-3', 'E-4', 'F5']	['m3', 'm7', 'P1']	[False, False, False, True]	5.0	1.5	5.0	ii7	False	('F', 'A-', 'C', 'E-')	F	F	0.0	minor seventh chord	(0, 3, 5, 8)	E-	E-	2	None
15.0	0.5	6	['G3', 'B-3', 'E-4', 'E-5']	['m3', 'm6', 'm6']	[True, True, False, True]	6.0	3.0	6.0	I	True	('G', 'B-', 'E-')	G	E-	1.0	major triad	(3, 7, 10)	E-	E-	1	None
15.5	0.5	6	['G3', 'B-3', 'E-4', 'D5']	['m3', 'm6', 'P5']	[False, False, False, True]	6.0	3.0	6.0	I	False	('G', 'B-', 'E-')	G	E-	1.0	major triad	(3, 7, 10)	E-	E-	1	None
16.0	0.5	6	['F5']	[]	[True]	6.0	3.0	6.0	I	False	('G', 'B-', 'E-')	G	E-	1.0	major triad	(3, 7, 10)	E-	E-	1	None
16.5	0.5	6	['E-5']	[]	[True]	6.0	3.0	6.0	I	False	('G', 'B-', 'E-')	G	E-	1.0	major triad	(3, 7, 10)	E-	E-	1	None
17.0	0.5	6	['D5']	[]	[True]	6.0	3.0	6.0	I	False	('G', 'B-', 'E-')	G	E-	1.0	major triad	(3, 7, 10)	E-	E-	1	None
17.5	0.5	6	['C5']	[]	[True]	6.0	3.0	6.0	I	False	('G', 'B-', 'E-')	G	E-	1.0	major triad	(3, 7, 10)	E-	E-	1	None
18.0	0.5	7	['B-3', 'D4', 'B-4', 'A-5']	['M3', 'P1', 'm7']	[True, True, True, True]	7.0	1.5	7.0	V7	True	('B-', 'D', 'F', 'A-')	B-	B-	0.0	dominant seventh chord	(2, 5, 8, 10)	E-	E-	5	None
18.5	0.5	7	['B-3', 'D4', 'B-4', 'G5']	['M3', 'P1', 'M6']	[False, False, False, True]	7.0	1.5	7.0	V7	False	('B-', 'D', 'F', 'A-')	B-	B-	0.0	dominant seventh chord	(2, 5, 8, 10)	E-	E-	5	None
19.0	0.5	7	['B-3', 'D4', 'B-4', 'B-5']	['M3', 'P1', 'P1']	[False, False, False, True]	7.0	1.5	7.0	V7	False	('B-', 'D', 'F', 'A-')	B-	B-	0.0	dominant seventh chord	(2, 5, 8, 10)	E-	E-	5	None
19.5	0.5	7	['C4', 'E-4', 'B-4', 'A-5']	['m3', 'm7', 'm6']	[True, True, False, True]	7.0	1.5	8.0	vi7	True	('C', 'E-', 'G', 'B-')	C	C	0.0	minor seventh chord	(0, 3, 7, 10)	E-	E-	6	None
20.0	0.5	7	['C4', 'E-4', 'B-4', 'G5']	['m3', 'm7', 'P5']	[False, False, False, True]	7.0	1.5	8.0	vi7	False	('C', 'E-', 'G', 'B-')	C	C	0.0	minor seventh chord	(0, 3, 7, 10)	E-	E-	6	None
20.5	0.5	7	['C4', 'E-4', 'B-4', 'B-5']	['m3', 'm7', 'm7']	[False, False, False, True]	7.0	1.5	8.0	vi7	False	('C', 'E-', 'G', 'B-')	C	C	0.0	minor seventh chord	(0, 3, 7, 10)	E-	E-	6	None
21.0	0.5	8	['D4', 'F4', 'B-4', 'A-5']	['m3', 'm6', 'd5']	[True, True, False, True]	8.0	3.0	9.0	V7	True	('D', 'F', 'A-', 'B-')	D	B-	1.0	dominant seventh chord	(2, 5, 8, 10)	E-	E-	5	None
21.5	0.5	8	['D4', 'F4', 'B-4', 'G5']	['m3', 'm6', 'P4']	[False, False, False, True]	8.0	3.0	9.0	V7	False	('D', 'F', 'A-', 'B-')	D	B-	1.0	dominant seventh chord	(2, 5, 8, 10)	E-	E-	5	None
22.0	0.5	8	['B-5']	[]	[True]	8.0	3.0	9.0	V7	False	('D', 'F', 'A-', 'B-')	D	B-	1.0	dominant seventh chord	(2, 5, 8, 10)	E-	E-	5	None
22.5	0.5	8	['A-5']	[]	[True]	8.0	3.0	9.0	V7	False	('D', 'F', 'A-', 'B-')	D	B-	1.0	dominant seventh chord	(2, 5, 8, 10)	E-	E-	5	None
23.0	0.5	8	['G5']	[]	[True]	8.0	3.0	9.0	V7	False	('D', 'F', 'A-', 'B-')	D	B-	1.0	dominant seventh chord	(2, 5, 8, 10)	E-	E-	5	None
23.5	0.5	8	['F5']	[]	[True]	8.0	3.0	9.0	V7	False	('D', 'F', 'A-', 'B-')	D	B-	1.0	dominant seventh chord	(2, 5, 8, 10)	E-	E-	5	None
24.0	0.5	9	['E-4', 'G4', 'E-5', 'E-6']	['M3', 'P1', 'P1']	[True, True, True, True]	9.0	1.5	10.0	I	True	('E-', 'G', 'B-')	E-	E-	0.0	major triad	(3, 7, 10)	E-	E-	1	None
24.5	0.5	9	['E-4', 'G4', 'E-5', 'D6']	['M3', 'P1', 'M7']	[False, False, False, True]	9.0	1.5	10.0	I	False	('E-', 'G', 'B-')	E-	E-	0.0	major triad	(3, 7, 10)	E-	E-	1	None
25.0	0.5	9	['E-4', 'G4', 'E-5', 'F6']	['M3', 'P1', 'M2']	[False, False, False, True]	9.0	1.5	10.0	I	False	('E-', 'G', 'B-')	E-	E-	0.0	major triad	(3, 7, 10)	E-	E-	1	None
25.5	0.5	9	['F4', 'A-4', 'E-5', 'E-6']	['m3', 'm7', 'm7']	[True, True, False, True]	9.0	1.5	11.0	ii7	True	('F', 'A-', 'C', 'E-')	F	F	0.0	minor seventh chord	(0, 3, 5, 8)	E-	E-	2	None
26.0	0.5	9	['F4', 'A-4', 'E-5', 'D6']	['m3', 'm7', 'M6']	[False, False, False, True]	9.0	1.5	11.0	ii7	False	('F', 'A-', 'C', 'E-')	F	F	0.0	minor seventh chord	(0, 3, 5, 8)	E-	E-	2	None
26.5	0.5	9	['F4', 'A-4', 'E-5', 'F6']	['m3', 'm7', 'P1']	[False, False, False, True]	9.0	1.5	11.0	ii7	False	('F', 'A-', 'C', 'E-')	F	F	0.0	minor seventh chord	(0, 3, 5, 8)	E-	E-	2	None
27.0	0.5	10	['G4', 'B-4', 'E-5', 'E-6']	['m3', 'm6', 'm6']	[True, True, False, True]	10.0	1.5	12.0	I	True	('G', 'B-', 'E-')	G	E-	1.0	major triad	(3, 7, 10)	E-	E-	1	None
27.5	0.5	10	['G4', 'B-4', 'E-5', 'D6']	['m3', 'm6', 'P5']	[False, False, False, True]	10.0	1.5	12.0	I	False	('G', 'B-', 'E-')	G	E-	1.0	major triad	(3, 7, 10)	E-	E-	1	None
28.0	0.5	10	['G4', 'B-4', 'E-5', 'F6']	['m3', 'm6', 'm7']	[False, False, False, True]	10.0	1.5	12.0	I	False	('G', 'B-', 'E-')	G	E-	1.0	major triad	(3, 7, 10)	E-	E-	1	None
28.5	0.5	10	['G4', 'B-4', 'D-5', 'E-5', 'E-6']	['m3', 'd5', 'm6', 'm6']	[True, True, True, True, True]	10.0	1.5	13.0	V7/IV	True	('G', 'B-', 'D-', 'E-')	G	E-	1.0	dominant seventh chord	(1, 3, 7, 10)	E-	A-	5	4
29.0	0.5	10	['G4', 'B-4', 'D-5', 'E-5', 'D-6']	['m3', 'd5', 'm6', 'd5']	[False, False, False, False, True]	10.0	1.5	13.0	V7/IV	False	('G', 'B-', 'D-', 'E-')	G	E-	1.0	dominant seventh chord	(1, 3, 7, 10)	E-	A-	5	4
29.5	0.5	10	['G4', 'B-4', 'D-5', 'E-5', 'C6']	['m3', 'd5', 'm6', 'P4']	[False, False, False, False, True]	10.0	1.5	13.0	V7/IV	False	('G', 'B-', 'D-', 'E-')	G	E-	1.0	dominant seventh chord	(1, 3, 7, 10)	E-	A-	5	4
30.0	0.5	11	['A-4', 'C5', 'E-5', 'B5']	['M3', 'P5', 'A2']	[True, True, True, True]	11.0	3.0	14.0	IV	True	('A-', 'C', 'E-')	A-	A-	0.0	major triad	(0, 3, 8)	E-	E-	4	None
30.5	0.5	11	['A-4', 'C5', 'E-5', 'C6']	['M3', 'P5', 'M3']	[False, False, False, True]	11.0	3.0	14.0	IV	False	('A-', 'C', 'E-')	A-	A-	0.0	major triad	(0, 3, 8)	E-	E-	4	None
31.0	0.5	11	['B-5']	[]	[True]	11.0	3.0	14.0	IV	False	('A-', 'C', 'E-')	A-	A-	0.0	major triad	(0, 3, 8)	E-	E-	4	None
31.5	0.5	11	['A-5']	[]	[True]	11.0	3.0	14.0	IV	False	('A-', 'C', 'E-')	A-	A-	0.0	major triad	(0, 3, 8)	E-	E-	4	None
32.0	0.5	11	['G5']	[]	[True]	11.0	3.0	14.0	IV	False	('A-', 'C', 'E-')	A-	A-	0.0	major triad	(0, 3, 8)	E-	E-	4	None
32.5	0.5	11	['F5']	[]	[True]	11.0	3.0	14.0	IV	False	('A-', 'C', 'E-')	A-	A-	0.0	major triad	(0, 3, 8)	E-	E-	4	None
33.0	0.5	12	['B-3', 'E-4', 'G4', 'E-5']	['P4', 'M6', 'P4']	[True, True, True, True]	12.0	1.5	15.0	I	True	('B-', 'E-', 'G')	B-	E-	2.0	major triad	(3, 7, 10)	E-	E-	1	None
33.5	0.5	12	['B-3', 'E-4', 'G4', 'D5']	['P4', 'M6', 'M3']	[False, False, False, True]	12.0	1.5	15.0	I	False	('B-', 'E-', 'G')	B-	E-	2.0	major triad	(3, 7, 10)	E-	E-	1	None
34.0	0.5	12	['F5']	[]	[True]	12.0	1.5	15.0	I	False	('B-', 'E-', 'G')	B-	E-	2.0	major triad	(3, 7, 10)	E-	E-	1	None
34.5	0.5	12	['B-3', 'F4', 'A-4', 'A-5']	['P5', 'm7', 'm7']	[True, True, True, True]	12.0	1.5	16.0	V7	True	('B-', 'D', 'F', 'A-')	B-	B-	0.0	dominant seventh chord	(2, 5, 8, 10)	E-	E-	5	None
35.0	0.5	12	['B-3', 'F4', 'A-4', 'F5']	['P5', 'm7', 'P5']	[False, False, False, True]	12.0	1.5	16.0	V7	False	('B-', 'D', 'F', 'A-')	B-	B-	0.0	dominant seventh chord	(2, 5, 8, 10)	E-	E-	5	None
35.5	0.5	12	['D5']	[]	[True]	12.0	1.5	16.0	V7	False	('B-', 'D', 'F', 'A-')	B-	B-	0.0	dominant seventh chord	(2, 5, 8, 10)	E-	E-	5	None
36.0	0.5	13	['E-4', 'E-5']	['P1']	[True, True]	13.0	3.0	17.0	I	True	('E-', 'G', 'B-')	E-	E-	0.0	major triad	(3, 7, 10)	E-	E-	1	None
36.5	0.5	13	['D4', 'E-5']	['m2']	[True, False]	13.0	3.0	17.0	I	False	('E-', 'G', 'B-')	E-	E-	0.0	major triad	(3, 7, 10)	E-	E-	1	None
37.0	0.5	13	['F4']	[]	[True]	13.0	3.0	17.0	I	False	('E-', 'G', 'B-')	E-	E-	0.0	major triad	(3, 7, 10)	E-	E-	1	None
37.5	0.5	13	['E-4', 'G4', 'E-5', 'G5']	['M3', 'P1', 'M3']	[True, True, True, True]	13.0	3.0	17.0	I	False	('E-', 'G', 'B-')	E-	E-	0.0	major triad	(3, 7, 10)	E-	E-	1	None
38.0	0.5	13	['D4', 'G4', 'E-5', 'G5']	['P4', 'm2', 'P4']	[True, False, False, False]	13.0	3.0	17.0	I	False	('E-', 'G', 'B-')	E-	E-	0.0	major triad	(3, 7, 10)	E-	E-	1	None
38.5	0.5	13	['F4', 'G4', 'E-5', 'G5']	['M2', 'm7', 'M2']	[True, False, False, False]	13.0	3.0	17.0	I	False	('E-', 'G', 'B-')	E-	E-	0.0	major triad	(3, 7, 10)	E-	E-	1	None
39.0	0.5	14	['E-4', 'G4', 'E-5', 'G5']	['M3', 'P1', 'M3']	[True, False, False, False]	14.0	1.5	18.0	I	True	('E-', 'G', 'B-')	E-	E-	0.0	major triad	(3, 7, 10)	E-	E-	1	None
39.5	0.5	14	['D4', 'G4', 'E-5', 'G5']	['P4', 'm2', 'P4']	[True, False, False, False]	14.0	1.5	18.0	I	False	('E-', 'G', 'B-')	E-	E-	0.0	major triad	(3, 7, 10)	E-	E-	1	None
40.0	0.5	14	['F4', 'G4', 'E-5', 'G5']	['M2', 'm7', 'M2']	[True, False, False, False]	14.0	1.5	18.0	I	False	('E-', 'G', 'B-')	E-	E-	0.0	major triad	(3, 7, 10)	E-	E-	1	None
40.5	0.5	14	['E-4', 'A-4', 'E-5', 'A-5']	['P4', 'P1', 'P4']	[True, True, True, True]	14.0	1.5	19.0	IV	True	('C', 'E-', 'A-')	C	A-	1.0	major triad	(0, 3, 8)	E-	E-	4	None
41.0	0.5	14	['D4', 'A-4', 'E-5', 'A-5']	['d5', 'm2', 'd5']	[True, False, False, False]	14.0	1.5	19.0	IV	False	('C', 'E-', 'A-')	C	A-	1.0	major triad	(0, 3, 8)	E-	E-	4	None
41.5	0.5	14	['C4', 'A-4', 'E-5', 'A-5']	['m6', 'm3', 'm6']	[True, False, False, False]	14.0	1.5	19.0	IV	False	('C', 'E-', 'A-')	C	A-	1.0	major triad	(0, 3, 8)	E-	E-	4	None
42.0	0.5	15	['B-3', 'B-4', 'E-5', 'G5', 'B-5']	['P1', 'P4', 'M6', 'P1']	[True, True, True, True, True]	15.0	3.0	20.0	I	True	('B-', 'E-', 'G')	B-	E-	2.0	major triad	(3, 7, 10)	E-	E-	1	None
42.5	0.5	15	['A3', 'B-4', 'E-5', 'G5', 'B-5']	['m2', 'd5', 'm7', 'm2']	[True, False, False, False, False]	15.0	3.0	20.0	I	False	('B-', 'E-', 'G')	B-	E-	2.0	major triad	(3, 7, 10)	E-	E-	1	None
43.0	0.5	15	['C4', 'B-4', 'E-5', 'G5', 'B-5']	['m7', 'm3', 'P5', 'm7']	[True, False, False, False, False]	15.0	3.0	20.0	I	False	('B-', 'E-', 'G')	B-	E-	2.0	major triad	(3, 7, 10)	E-	E-	1	None
43.5	0.5	15	['B-3', 'B-4', 'E-5', 'G5', 'B-5']	['P1', 'P4', 'M6', 'P1']	[True, False, False, False, False]	15.0	3.0	20.0	I	False	('B-', 'E-', 'G')	B-	E-	2.0	major triad	(3, 7, 10)	E-	E-	1	None
44.0	0.5	15	['A-3', 'B-4', 'E-5', 'G5', 'B-5']	['M2', 'P5', 'M7', 'M2']	[True, False, False, False, False]	15.0	3.0	20.0	I	False	('B-', 'E-', 'G')	B-	E-	2.0	major triad	(3, 7, 10)	E-	E-	1	None
44.5	0.5	15	['G3', 'B-4', 'E-5', 'G5', 'B-5']	['m3', 'm6', 'P1', 'm3']	[True, False, False, False, False]	15.0	3.0	20.0	I	False	('B-', 'E-', 'G')	B-	E-	2.0	major triad	(3, 7, 10)	E-	E-	1	None
45.0	0.5	16	['B-2', 'F3', 'D4', 'A-4', 'B-4', 'D5']	['P5', 'M3', 'm7', 'P1', 'M3']	[True, True, True, True, True, True]	16.0	3.0	21.0	V7	True	('B-', 'D', 'F', 'A-')	B-	B-	0.0	dominant seventh chord	(2, 5, 8, 10)	E-	E-	5	None
45.5	0.5	16	['B-2', 'G3', 'D4', 'A-4', 'B-4', 'D5']	['M6', 'M3', 'm7', 'P1', 'M3']	[False, True, False, False, False, False]	16.0	3.0	21.0	V7	False	('B-', 'D', 'F', 'A-')	B-	B-	0.0	dominant seventh chord	(2, 5, 8, 10)	E-	E-	5	None
46.0	0.5	16	['B-2', 'A-3', 'D4', 'A-4', 'B-4', 'D5']	['m7', 'M3', 'm7', 'P1', 'M3']	[False, True, False, False, False, False]	16.0	3.0	21.0	V7	False	('B-', 'D', 'F', 'A-')	B-	B-	0.0	dominant seventh chord	(2, 5, 8, 10)	E-	E-	5	None
46.5	0.5	16	['B-2', 'B-3', 'D4', 'A-4', 'B-4', 'D5']	['P1', 'M3', 'm7', 'P1', 'M3']	[False, True, False, False, False, False]	16.0	3.0	21.0	V7	False	('B-', 'D', 'F', 'A-')	B-	B-	0.0	dominant seventh chord	(2, 5, 8, 10)	E-	E-	5	None
47.0	0.5	16	['B-2', 'F3', 'D4', 'A-4', 'B-4', 'D5']	['P5', 'M3', 'm7', 'P1', 'M3']	[False, True, False, False, False, False]	16.0	3.0	21.0	V7	False	('B-', 'D', 'F', 'A-')	B-	B-	0.0	dominant seventh chord	(2, 5, 8, 10)	E-	E-	5	None
47.5	0.5	16	['B-2', 'A-3', 'D4', 'A-4', 'B-4', 'D5']	['m7', 'M3', 'm7', 'P1', 'M3']	[False, True, False, False, False, False]	16.0	3.0	21.0	V7	False	('B-', 'D', 'F', 'A-')	B-	B-	0.0	dominant seventh chord	(2, 5, 8, 10)	E-	E-	5	None
48.0	0.5	17	['E-3', 'G3', 'E-4', 'G4', 'B-4', 'E-5']	['M3', 'P1', 'M3', 'P5', 'P1']	[True, True, True, True, True, True]	17.0	3.0	22.0	I	True	('E-', 'G', 'B-')	E-	E-	0.0	major triad	(3, 7, 10)	E-	E-	1	None
48.5	0.5	17	['E-3', 'F3', 'E-4', 'G4', 'B-4', 'E-5']	['M2', 'P1', 'M3', 'P5', 'P1']	[False, True, False, False, False, False]	17.0	3.0	22.0	I	False	('E-', 'G', 'B-')	E-	E-	0.0	major triad	(3, 7, 10)	E-	E-	1	None
49.0	0.5	17	['G3']	[]	[True]	17.0	3.0	22.0	I	False	('E-', 'G', 'B-')	E-	E-	0.0	major triad	(3, 7, 10)	E-	E-	1	None
49.5	0.5	17	['A-3']	[]	[True]	17.0	3.0	22.0	I	False	('E-', 'G', 'B-')	E-	E-	0.0	major triad	(3, 7, 10)	E-	E-	1	None
50.0	0.5	17	['B-3']	[]	[True]	17.0	3.0	22.0	I	False	('E-', 'G', 'B-')	E-	E-	0.0	major triad	(3, 7, 10)	E-	E-	1	None
50.5	0.5	17	['C4']	[]	[True]	17.0	3.0	22.0	I	False	('E-', 'G', 'B-')	E-	E-	0.0	major triad	(3, 7, 10)	E-	E-	1	None
51.0	0.5	18	['D4']	[]	[True]	18.0	3.0	23.0	I	True	('E-', 'G', 'B-')	E-	E-	0.0	major triad	(3, 7, 10)	E-	E-	1	None
51.5	0.5	18	['E-4']	[]	[True]	18.0	3.0	23.0	I	False	('E-', 'G', 'B-')	E-	E-	0.0	major triad	(3, 7, 10)	E-	E-	1	None
52.0	0.5	18	['F4']	[]	[True]	18.0	3.0	23.0	I	False	('E-', 'G', 'B-')	E-	E-	0.0	major triad	(3, 7, 10)	E-	E-	1	None
52.5	0.5	18	['G4', 'E-5']	['m6']	[True, True]	18.0	3.0	23.0	I	False	('E-', 'G', 'B-')	E-	E-	0.0	major triad	(3, 7, 10)	E-	E-	1	None
53.0	0.5	18	['A-4', 'F5']	['M6']	[True, True]	18.0	3.0	23.0	I	False	('E-', 'G', 'B-')	E-	E-	0.0	major triad	(3, 7, 10)	E-	E-	1	None
53.5	0.5	18	['B-4', 'G5']	['M6']	[True, True]	18.0	3.0	23.0	I	False	('E-', 'G', 'B-')	E-	E-	0.0	major triad	(3, 7, 10)	E-	E-	1	None
54.0	0.5	19	['A-4', 'F5']	['M6']	[True, True]	19.0	3.0	24.0	V7	True	('B-', 'D', 'F', 'A-')	B-	B-	0.0	dominant seventh chord	(2, 5, 8, 10)	E-	E-	5	None
54.5	0.5	19	['G4', 'E-5']	['m6']	[True, True]	19.0	3.0	24.0	V7	False	('B-', 'D', 'F', 'A-')	B-	B-	0.0	dominant seventh chord	(2, 5, 8, 10)	E-	E-	5	None
55.0	0.5	19	['F4', 'D5']	['M6']	[True, True]	19.0	3.0	24.0	V7	False	('B-', 'D', 'F', 'A-')	B-	B-	0.0	dominant seventh chord	(2, 5, 8, 10)	E-	E-	5	None
55.5	0.5	19	['E-4', 'C5']	['M6']	[True, True]	19.0	3.0	24.0	V7	False	('B-', 'D', 'F', 'A-')	B-	B-	0.0	dominant seventh chord	(2, 5, 8, 10)	E-	E-	5	None
56.0	0.5	19	['D4', 'B-4']	['m6']	[True, True]	19.0	3.0	24.0	V7	False	('B-', 'D', 'F', 'A-')	B-	B-	0.0	dominant seventh chord	(2, 5, 8, 10)	E-	E-	5	None
56.5	0.5	19	['C4', 'A-4']	['m6']	[True, True]	19.0	3.0	24.0	V7	False	('B-', 'D', 'F', 'A-')	B-	B-	0.0	dominant seventh chord	(2, 5, 8, 10)	E-	E-	5	None
57.0	0.5	20	['B-3', 'G4']	['M6']	[True, True]	20.0	3.0	25.0	V7	True	('B-', 'D', 'F', 'A-')	B-	B-	0.0	dominant seventh chord	(2, 5, 8, 10)	E-	E-	5	None
57.5	0.5	20	['C4', 'A-4']	['m6']	[True, True]	20.0	3.0	25.0	V7	False	('B-', 'D', 'F', 'A-')	B-	B-	0.0	dominant seventh chord	(2, 5, 8, 10)	E-	E-	5	None
58.0	0.5	20	['B-3', 'G4']	['M6']	[True, True]	20.0	3.0	25.0	V7	False	('B-', 'D', 'F', 'A-')	B-	B-	0.0	dominant seventh chord	(2, 5, 8, 10)	E-	E-	5	None
58.5	0.5	20	['A-3', 'F4']	['M6']	[True, True]	20.0	3.0	25.0	V7	False	('B-', 'D', 'F', 'A-')	B-	B-	0.0	dominant seventh chord	(2, 5, 8, 10)	E-	E-	5	None
59.0	0.5	20	['G3', 'E-4']	['m6']	[True, True]	20.0	3.0	25.0	V7	False	('B-', 'D', 'F', 'A-')	B-	B-	0.0	dominant seventh chord	(2, 5, 8, 10)	E-	E-	5	None
59.5	0.5	20	['F3', 'D4']	['M6']	[True, True]	20.0	3.0	25.0	V7	False	('B-', 'D', 'F', 'A-')	B-	B-	0.0	dominant seventh chord	(2, 5, 8, 10)	E-	E-	5	None
60.0	0.5	21	['E-3', 'E-4']	['P1']	[True, True]	21.0	3.0	26.0	I	True	('E-', 'G', 'B-')	E-	E-	0.0	major triad	(3, 7, 10)	E-	E-	1	None
60.5	0.5	21	['E-3', 'F4']	['M2']	[False, True]	21.0	3.0	26.0	I	False	('E-', 'G', 'B-')	E-	E-	0.0	major triad	(3, 7, 10)	E-	E-	1	None
61.0	0.5	21	['G4']	[]	[True]	21.0	3.0	26.0	I	False	('E-', 'G', 'B-')	E-	E-	0.0	major triad	(3, 7, 10)	E-	E-	1	None
61.5	0.5	21	['A-4']	[]	[True]	21.0	3.0	26.0	I	False	('E-', 'G', 'B-')	E-	E-	0.0	major triad	(3, 7, 10)	E-	E-	1	None
62.0	0.5	21	['B-4']	[]	[True]	21.0	3.0	26.0	I	False	('E-', 'G', 'B-')	E-	E-	0.0	major triad	(3, 7, 10)	E-	E-	1	None
62.5	0.5	21	['C5']	[]	[True]	21.0	3.0	26.0	I	False	('E-', 'G', 'B-')	E-	E-	0.0	major triad	(3, 7, 10)	E-	E-	1	None
63.0	0.5	22	['D5']	[]	[True]	22.0	3.0	27.0	I	True	('E-', 'G', 'B-')	E-	E-	0.0	major triad	(3, 7, 10)	E-	E-	1	None
63.5	0.5	22	['E-5']	[]	[True]	22.0	3.0	27.0	I	False	('E-', 'G', 'B-')	E-	E-	0.0	major triad	(3, 7, 10)	E-	E-	1	None
64.0	0.5	22	['F5']	[]	[True]	22.0	3.0	27.0	I	False	('E-', 'G', 'B-')	E-	E-	0.0	major triad	(3, 7, 10)	E-	E-	1	None
64.5	0.5	22	['E-4', 'G5']	['M3']	[True, True]	22.0	3.0	27.0	I	False	('E-', 'G', 'B-')	E-	E-	0.0	major triad	(3, 7, 10)	E-	E-	1	None
65.0	0.5	22	['F4', 'A-5']	['m3']	[True, True]	22.0	3.0	27.0	I	False	('E-', 'G', 'B-')	E-	E-	0.0	major triad	(3, 7, 10)	E-	E-	1	None
65.5	0.5	22	['G4', 'B-5']	['m3']	[True, True]	22.0	3.0	27.0	I	False	('E-', 'G', 'B-')	E-	E-	0.0	major triad	(3, 7, 10)	E-	E-	1	None
66.0	0.5	23	['F4', 'A-5']	['m3']	[True, True]	23.0	3.0	28.0	V7	True	('B-', 'D', 'F', 'A-')	B-	B-	0.0	dominant seventh chord	(2, 5, 8, 10)	E-	E-	5	None
66.5	0.5	23	['E-4', 'G5']	['M3']	[True, True]	23.0	3.0	28.0	V7	False	('B-', 'D', 'F', 'A-')	B-	B-	0.0	dominant seventh chord	(2, 5, 8, 10)	E-	E-	5	None
67.0	0.5	23	['D4', 'F5']	['m3']	[True, True]	23.0	3.0	28.0	V7	False	('B-', 'D', 'F', 'A-')	B-	B-	0.0	dominant seventh chord	(2, 5, 8, 10)	E-	E-	5	None
67.5	0.5	23	['C4', 'E-5']	['m3']	[True, True]	23.0	3.0	28.0	V7	False	('B-', 'D', 'F', 'A-')	B-	B-	0.0	dominant seventh chord	(2, 5, 8, 10)	E-	E-	5	None
68.0	0.5	23	['B-3', 'D5']	['M3']	[True, True]	23.0	3.0	28.0	V7	False	('B-', 'D', 'F', 'A-')	B-	B-	0.0	dominant seventh chord	(2, 5, 8, 10)	E-	E-	5	None
68.5	0.5	23	['A-3', 'C5']	['M3']	[True, True]	23.0	3.0	28.0	V7	False	('B-', 'D', 'F', 'A-')	B-	B-	0.0	dominant seventh chord	(2, 5, 8, 10)	E-	E-	5	None
69.0	0.5	24	['G3', 'B-4']	['m3']	[True, True]	24.0	3.0	29.0	V7	True	('B-', 'D', 'F', 'A-')	B-	B-	0.0	dominant seventh chord	(2, 5, 8, 10)	E-	E-	5	None
69.5	0.5	24	['A-3', 'C5']	['M3']	[True, True]	24.0	3.0	29.0	V7	False	('B-', 'D', 'F', 'A-')	B-	B-	0.0	dominant seventh chord	(2, 5, 8, 10)	E-	E-	5	None
70.0	0.5	24	['G3', 'B-4']	['m3']	[True, True]	24.0	3.0	29.0	V7	False	('B-', 'D', 'F', 'A-')	B-	B-	0.0	dominant seventh chord	(2, 5, 8, 10)	E-	E-	5	None
70.5	0.5	24	['F3', 'A-4']	['m3']	[True, True]	24.0	3.0	29.0	V7	False	('B-', 'D', 'F', 'A-')	B-	B-	0.0	dominant seventh chord	(2, 5, 8, 10)	E-	E-	5	None
71.0	0.5	24	['E-3', 'G4']	['M3']	[True, True]	24.0	3.0	29.0	V7	False	('B-', 'D', 'F', 'A-')	B-	B-	0.0	dominant seventh chord	(2, 5, 8, 10)	E-	E-	5	None
71.5	0.5	24	['D3', 'F4']	['m3']	[True, True]	24.0	3.0	29.0	V7	False	('B-', 'D', 'F', 'A-')	B-	B-	0.0	dominant seventh chord	(2, 5, 8, 10)	E-	E-	5	None
72.0	3.0	25	['D-2', 'E-2', 'D-3', 'G3', 'B-3', 'E-4', 'G4']	['M2', 'P1', 'A4', 'M6', 'M2', 'A4']	[True, True, True, True, True, True, True]	25.0	3.0	30.0	V7/IV	True	('D-', 'E-', 'G', 'B-')	D-	E-	3.0	dominant seventh chord	(1, 3, 7, 10)	E-	A-	5	4
75.0	1.0	26	['D-2', 'E-2', 'D-3', 'E-3', 'G3', 'B-3', 'E-4']	['M2', 'P1', 'M2', 'A4', 'M6', 'M2']	[False, False, False, True, True, True, True]	26.0	3.0	31.0	V7/IV	True	('D-', 'E-', 'G', 'B-')	D-	E-	3.0	dominant seventh chord	(1, 3, 7, 10)	E-	A-	5	4
76.0	1.5	26	['D-2', 'E-2', 'D-3', 'E-3', 'G3', 'B-3', 'E-4']	['M2', 'P1', 'M2', 'A4', 'M6', 'M2']	[False, False, False, True, True, True, True]	26.0	3.0	31.0	V7/IV	False	('D-', 'E-', 'G', 'B-')	D-	E-	3.0	dominant seventh chord	(1, 3, 7, 10)	E-	A-	5	4
77.5	0.5	26	['D-4', 'E-4', 'G4', 'G5']	['M2', 'A4', 'A4']	[True, True, True, True]	26.0	3.0	31.0	V7/IV	False	('D-', 'E-', 'G', 'B-')	D-	E-	3.0	dominant seventh chord	(1, 3, 7, 10)	E-	A-	5	4
78.0	1.0	27	['C4', 'E-4', 'A-4', 'A-5']	['m3', 'm6', 'm6']	[True, True, True, True]	27.0	3.0	32.0	IV	True	('C', 'E-', 'A-')	C	A-	1.0	major triad	(0, 3, 8)	E-	E-	4	None
79.0	0.5	27	['C4', 'E-4', 'A-4', 'A-5']	['m3', 'm6', 'm6']	[True, True, True, True]	27.0	3.0	32.0	IV	False	('C', 'E-', 'A-')	C	A-	1.0	major triad	(0, 3, 8)	E-	E-	4	None
79.5	1.0	27	['C4', 'E-4', 'A-4', 'A-5']	['m3', 'm6', 'm6']	[True, True, True, True]	27.0	3.0	32.0	IV	False	('C', 'E-', 'A-')	C	A-	1.0	major triad	(0, 3, 8)	E-	E-	4	None
80.5	0.5	27	['C4', 'E-4', 'A-4', 'C5', 'C6']	['m3', 'm6', 'P1', 'P1']	[True, True, True, True, True]	27.0	3.0	32.0	IV	False	('C', 'E-', 'A-')	C	A-	1.0	major triad	(0, 3, 8)	E-	E-	4	None
81.0	1.0	28	['C4', 'E-4', 'A-4', 'E-5', 'E-6']	['m3', 'm6', 'm3', 'm3']	[True, True, True, True, True]	28.0	3.0	33.0	IV	True	('C', 'E-', 'A-')	C	A-	1.0	major triad	(0, 3, 8)	E-	E-	4	None
82.0	2.0	28	['C4', 'E-4', 'A-4', 'E-5', 'E-6']	['m3', 'm6', 'm3', 'm3']	[True, True, True, True, True]	28.0	3.0	33.0	IV	False	('C', 'E-', 'A-')	C	A-	1.0	major triad	(0, 3, 8)	E-	E-	4	None
84.0	3.0	29	['E-2', 'E-3', 'A3', 'C4', 'G-4', 'A4']	['P1', 'A4', 'M6', 'm3', 'A4']	[True, True, True, True, True, True]	29.0	3.0	34.0	viio7	True	('E-', 'G-', 'A', 'C')	E-	A	2.0	diminished seventh chord	(0, 3, 6, 9)	b-	b-	#7	None
87.0	1.0	30	['E-2', 'E-3', 'A3', 'C4', 'G-4']	['P1', 'A4', 'M6', 'm3']	[False, False, True, True, True]	30.0	3.0	35.0	viio7	True	('E-', 'G-', 'A', 'C')	E-	A	2.0	diminished seventh chord	(0, 3, 6, 9)	b-	b-	#7	None
88.0	1.5	30	['E-2', 'E-3', 'A3', 'C4', 'G-4']	['P1', 'A4', 'M6', 'm3']	[False, False, True, True, True]	30.0	3.0	35.0	viio7	False	('E-', 'G-', 'A', 'C')	E-	A	2.0	diminished seventh chord	(0, 3, 6, 9)	b-	b-	#7	None
89.5	0.5	30	['E-4', 'G-4', 'A4', 'A5']	['m3', 'A4', 'A4']	[True, True, True, True]	30.0	3.0	35.0	viio7	False	('E-', 'G-', 'A', 'C')	E-	A	2.0	diminished seventh chord	(0, 3, 6, 9)	b-	b-	#7	None
90.0	1.0	31	['D-4', 'F4', 'B-4', 'B-5']	['M3', 'M6', 'M6']	[True, True, True, True]	31.0	3.0	36.0	i	True	('D-', 'F', 'B-')	D-	B-	1.0	minor triad	(1, 5, 10)	b-	b-	1	None
91.0	0.5	31	['D-4', 'F4', 'B-4', 'B-5']	['M3', 'M6', 'M6']	[True, True, True, True]	31.0	3.0	36.0	i	False	('D-', 'F', 'B-')	D-	B-	1.0	minor triad	(1, 5, 10)	b-	b-	1	None
91.5	1.0	31	['D-4', 'F4', 'B-4', 'B-5']	['M3', 'M6', 'M6']	[True, True, True, True]	31.0	3.0	36.0	i	False	('D-', 'F', 'B-')	D-	B-	1.0	minor triad	(1, 5, 10)	b-	b-	1	None
92.5	0.5	31	['D-4', 'F4', 'B-4', 'D-5', 'D-6']	['M3', 'M6', 'P1', 'P1']	[True, True, True, True, True]	31.0	3.0	36.0	i	False	('D-', 'F', 'B-')	D-	B-	1.0	minor triad	(1, 5, 10)	b-	b-	1	None
93.0	1.0	32	['D-4', 'F4', 'B-4', 'F5', 'F6']	['M3', 'M6', 'M3', 'M3']	[True, True, True, True, True]	32.0	3.0	37.0	i	True	('D-', 'F', 'B-')	D-	B-	1.0	minor triad	(1, 5, 10)	b-	b-	1	None
94.0	2.0	32	['D-4', 'F4', 'B-4', 'F5', 'F6']	['M3', 'M6', 'M3', 'M3']	[True, True, True, True, True]	32.0	3.0	37.0	i	False	('D-', 'F', 'B-')	D-	B-	1.0	minor triad	(1, 5, 10)	b-	b-	1	None
96.0	3.0	33	['G-2', 'G-3', 'D-5', 'E5', 'D-6']	['P1', 'P5', 'A6', 'P5']	[True, True, True, True, True]	33.0	3.0	38.0	Ger7	True	('G-', 'B-', 'D-', 'E')	G-	E	1.0	German augmented sixth chord	(1, 4, 6, 10)	b-	b-	#4	None
99.0	3.0	34	['G-3', 'G-4', 'B-4', 'E5', 'B-5']	['P1', 'M3', 'A6', 'M3']	[True, True, True, True, True]	34.0	3.0	39.0	Ger7	True	('G-', 'B-', 'D-', 'E')	G-	E	1.0	German augmented sixth chord	(1, 4, 6, 10)	b-	b-	#4	None
102.0	1.0	35	['F3', 'F4', 'A5']	['P1', 'M3']	[True, True, True]	35.0	3.0	40.0	V7	True	('F', 'A', 'C', 'E-')	F	F	0.0	dominant seventh chord	(0, 3, 5, 9)	b-	b-	5	None
103.0	0.5	35	['F3', 'C4', 'C6']	['P5', 'P5']	[False, True, True]	35.0	3.0	40.0	V7	False	('F', 'A', 'C', 'E-')	F	F	0.0	dominant seventh chord	(0, 3, 5, 9)	b-	b-	5	None
103.5	1.0	35	['F3', 'F4', 'F5']	['P1', 'P1']	[False, True, True]	35.0	3.0	40.0	V7	False	('F', 'A', 'C', 'E-')	F	F	0.0	dominant seventh chord	(0, 3, 5, 9)	b-	b-	5	None
104.5	0.5	35	['F3', 'E-4', 'A5']	['m7', 'M3']	[False, True, True]	35.0	3.0	40.0	V7	False	('F', 'A', 'C', 'E-')	F	F	0.0	dominant seventh chord	(0, 3, 5, 9)	b-	b-	5	None
105.0	1.0	36	['F3', 'D-4', 'B-5']	['m6', 'P4']	[False, True, True]	36.0	3.0	41.0	i	True	('F', 'B-', 'D-')	F	B-	2.0	minor triad	(1, 5, 10)	b-	b-	1	None
106.0	0.5	36	['F3', 'B-3', 'D-6']	['P4', 'm6']	[False, True, True]	36.0	3.0	41.0	i	False	('F', 'B-', 'D-')	F	B-	2.0	minor triad	(1, 5, 10)	b-	b-	1	None
106.5	1.0	36	['F3', 'D-4', 'F5']	['m6', 'P1']	[False, True, True]	36.0	3.0	41.0	i	False	('F', 'B-', 'D-')	F	B-	2.0	minor triad	(1, 5, 10)	b-	b-	1	None
107.5	0.5	36	['F3', 'E4', 'B-5']	['M7', 'P4']	[False, True, True]	36.0	3.0	41.0	i	False	('F', 'B-', 'D-')	F	B-	2.0	minor triad	(1, 5, 10)	b-	b-	1	None
108.0	1.0	37	['F3', 'F4', 'A5']	['P1', 'M3']	[True, True, True]	37.0	3.0	42.0	V7	True	('F', 'A', 'C', 'E-')	F	F	0.0	dominant seventh chord	(0, 3, 5, 9)	b-	b-	5	None
109.0	0.5	37	['F3', 'C4', 'C6']	['P5', 'P5']	[False, True, True]	37.0	3.0	42.0	V7	False	('F', 'A', 'C', 'E-')	F	F	0.0	dominant seventh chord	(0, 3, 5, 9)	b-	b-	5	None
109.5	1.0	37	['F3', 'F4', 'F5']	['P1', 'P1']	[False, True, True]	37.0	3.0	42.0	V7	False	('F', 'A', 'C', 'E-')	F	F	0.0	dominant seventh chord	(0, 3, 5, 9)	b-	b-	5	None
110.5	0.5	37	['F3', 'E-4', 'A5']	['m7', 'M3']	[False, True, True]	37.0	3.0	42.0	V7	False	('F', 'A', 'C', 'E-')	F	F	0.0	dominant seventh chord	(0, 3, 5, 9)	b-	b-	5	None
111.0	1.0	38	['F3', 'D-4', 'B-5']	['m6', 'P4']	[False, True, True]	38.0	3.0	43.0	i	True	('F', 'B-', 'D-')	F	B-	2.0	minor triad	(1, 5, 10)	b-	b-	1	None
112.0	0.5	38	['F3', 'B-3', 'D-6']	['P4', 'm6']	[False, True, True]	38.0	3.0	43.0	i	False	('F', 'B-', 'D-')	F	B-	2.0	minor triad	(1, 5, 10)	b-	b-	1	None
112.5	1.0	38	['F3', 'D-4', 'F5']	['m6', 'P1']	[False, True, True]	38.0	3.0	43.0	i	False	('F', 'B-', 'D-')	F	B-	2.0	minor triad	(1, 5, 10)	b-	b-	1	None
113.5	0.5	38	['F3', 'E4', 'B-5']	['M7', 'P4']	[False, True, True]	38.0	3.0	43.0	i	False	('F', 'B-', 'D-')	F	B-	2.0	minor triad	(1, 5, 10)	b-	b-	1	None
114.0	0.5	39	['F3', 'F4', 'A5']	['P1', 'M3']	[True, True, True]	39.0	3.0	44.0	V	True	('F', 'A', 'C')	F	F	0.0	major triad	(0, 5, 9)	B-	B-	5	None
114.5	0.5	39	['F3', 'F4', 'B5']	['P1', 'A4']	[False, False, True]	39.0	3.0	44.0	V	False	('F', 'A', 'C')	F	F	0.0	major triad	(0, 5, 9)	B-	B-	5	None
115.0	0.5	39	['C6']	[]	[True]	39.0	3.0	44.0	V	False	('F', 'A', 'C')	F	F	0.0	major triad	(0, 5, 9)	B-	B-	5	None
115.5	0.5	39	['F5']	[]	[True]	39.0	3.0	44.0	V	False	('F', 'A', 'C')	F	F	0.0	major triad	(0, 5, 9)	B-	B-	5	None
116.0	0.5	39	['G#5']	[]	[True]	39.0	3.0	44.0	V	False	('F', 'A', 'C')	F	F	0.0	major triad	(0, 5, 9)	B-	B-	5	None
116.5	0.5	39	['A5']	[]	[True]	39.0	3.0	44.0	V	False	('F', 'A', 'C')	F	F	0.0	major triad	(0, 5, 9)	B-	B-	5	None
117.0	0.5	40	['C5']	[]	[True]	40.0	3.0	45.0	V	True	('F', 'A', 'C')	F	F	0.0	major triad	(0, 5, 9)	B-	B-	5	None
117.5	0.5	40	['E5']	[]	[True]	40.0	3.0	45.0	V	False	('F', 'A', 'C')	F	F	0.0	major triad	(0, 5, 9)	B-	B-	5	None
118.0	0.5	40	['F5']	[]	[True]	40.0	3.0	45.0	V	False	('F', 'A', 'C')	F	F	0.0	major triad	(0, 5, 9)	B-	B-	5	None
118.5	0.5	40	['A4']	[]	[True]	40.0	3.0	45.0	V	False	('F', 'A', 'C')	F	F	0.0	major triad	(0, 5, 9)	B-	B-	5	None
119.0	0.5	40	['B4']	[]	[True]	40.0	3.0	45.0	V	False	('F', 'A', 'C')	F	F	0.0	major triad	(0, 5, 9)	B-	B-	5	None
119.5	0.5	40	['C5']	[]	[True]	40.0	3.0	45.0	V	False	('F', 'A', 'C')	F	F	0.0	major triad	(0, 5, 9)	B-	B-	5	None
120.0	0.5	41	['F3', 'F4']	['P1']	[True, True]	41.0	3.0	46.0	V7	True	('F', 'A', 'C', 'E-')	F	F	0.0	dominant seventh chord	(0, 3, 5, 9)	B-	B-	5	None
120.5	0.5	41	['E-4', 'A4']	['A4']	[True, True]	41.0	3.0	46.0	V7	False	('F', 'A', 'C', 'E-')	F	F	0.0	dominant seventh chord	(0, 3, 5, 9)	B-	B-	5	None
121.0	0.5	41	['E-4', 'C5']	['M6']	[False, True]	41.0	3.0	46.0	V7	False	('F', 'A', 'C', 'E-')	F	F	0.0	dominant seventh chord	(0, 3, 5, 9)	B-	B-	5	None
121.5	0.5	41	['E-4', 'F5']	['M2']	[False, True]	41.0	3.0	46.0	V7	False	('F', 'A', 'C', 'E-')	F	F	0.0	dominant seventh chord	(0, 3, 5, 9)	B-	B-	5	None
122.0	0.5	41	['E-4', 'A4']	['A4']	[False, True]	41.0	3.0	46.0	V7	False	('F', 'A', 'C', 'E-')	F	F	0.0	dominant seventh chord	(0, 3, 5, 9)	B-	B-	5	None
122.5	0.5	41	['E-4', 'C5']	['M6']	[False, True]	41.0	3.0	46.0	V7	False	('F', 'A', 'C', 'E-')	F	F	0.0	dominant seventh chord	(0, 3, 5, 9)	B-	B-	5	None
123.0	0.5	42	['E-4', 'F4']	['M2']	[False, True]	42.0	1.5	47.0	V7	True	('F', 'A', 'C', 'E-')	F	F	0.0	dominant seventh chord	(0, 3, 5, 9)	B-	B-	5	None
123.5	0.5	42	['E-4', 'C5']	['M6']	[False, True]	42.0	1.5	47.0	V7	False	('F', 'A', 'C', 'E-')	F	F	0.0	dominant seventh chord	(0, 3, 5, 9)	B-	B-	5	None
124.0	0.5	42	['E-4', 'A4']	['A4']	[False, True]	42.0	1.5	47.0	V7	False	('F', 'A', 'C', 'E-')	F	F	0.0	dominant seventh chord	(0, 3, 5, 9)	B-	B-	5	None
124.5	0.5	42	['D4', 'B-4']	['m6']	[True, True]	42.0	1.5	48.0	I	True	('B-', 'D', 'F')	B-	B-	0.0	major triad	(2, 5, 10)	B-	B-	1	None
125.0	0.5	42	['C4', 'C5']	['P1']	[True, True]	42.0	1.5	48.0	I	False	('B-', 'D', 'F')	B-	B-	0.0	major triad	(2, 5, 10)	B-	B-	1	None
125.5	0.5	42	['B-3', 'D5']	['M3']	[True, True]	42.0	1.5	48.0	I	False	('B-', 'D', 'F')	B-	B-	0.0	major triad	(2, 5, 10)	B-	B-	1	None
126.0	0.5	43	['F3', 'F4']	['P1']	[True, True]	43.0	3.0	49.0	V7	True	('F', 'A', 'C', 'E-')	F	F	0.0	dominant seventh chord	(0, 3, 5, 9)	B-	B-	5	None
126.5	0.5	43	['E-4', 'A4']	['A4']	[True, True]	43.0	3.0	49.0	V7	False	('F', 'A', 'C', 'E-')	F	F	0.0	dominant seventh chord	(0, 3, 5, 9)	B-	B-	5	None
127.0	0.5	43	['E-4', 'C5']	['M6']	[False, True]	43.0	3.0	49.0	V7	False	('F', 'A', 'C', 'E-')	F	F	0.0	dominant seventh chord	(0, 3, 5, 9)	B-	B-	5	None
127.5	0.5	43	['E-4', 'F5']	['M2']	[False, True]	43.0	3.0	49.0	V7	False	('F', 'A', 'C', 'E-')	F	F	0.0	dominant seventh chord	(0, 3, 5, 9)	B-	B-	5	None
128.0	0.5	43	['E-4', 'A4']	['A4']	[False, True]	43.0	3.0	49.0	V7	False	('F', 'A', 'C', 'E-')	F	F	0.0	dominant seventh chord	(0, 3, 5, 9)	B-	B-	5	None
128.5	0.5	43	['E-4', 'C5']	['M6']	[False, True]	43.0	3.0	49.0	V7	False	('F', 'A', 'C', 'E-')	F	F	0.0	dominant seventh chord	(0, 3, 5, 9)	B-	B-	5	None
129.0	0.5	44	['E-4', 'F4']	['M2']	[False, True]	44.0	1.5	50.0	V7	True	('F', 'A', 'C', 'E-')	F	F	0.0	dominant seventh chord	(0, 3, 5, 9)	B-	B-	5	None
129.5	0.5	44	['E-4', 'C5']	['M6']	[False, True]	44.0	1.5	50.0	V7	False	('F', 'A', 'C', 'E-')	F	F	0.0	dominant seventh chord	(0, 3, 5, 9)	B-	B-	5	None
130.0	0.5	44	['E-4', 'A4']	['A4']	[False, True]	44.0	1.5	50.0	V7	False	('F', 'A', 'C', 'E-')	F	F	0.0	dominant seventh chord	(0, 3, 5, 9)	B-	B-	5	None
130.5	0.5	44	['D4', 'B-4']	['m6']	[True, True]	44.0	1.5	51.0	I	True	('B-', 'D', 'F')	B-	B-	0.0	major triad	(2, 5, 10)	B-	B-	1	None
131.0	0.5	44	['C4', 'C5']	['P1']	[True, True]	44.0	1.5	51.0	I	False	('B-', 'D', 'F')	B-	B-	0.0	major triad	(2, 5, 10)	B-	B-	1	None
131.5	0.5	44	['B-3', 'D5']	['M3']	[True, True]	44.0	1.5	51.0	I	False	('B-', 'D', 'F')	B-	B-	0.0	major triad	(2, 5, 10)	B-	B-	1	None
132.0	0.5	45	['C4', 'F#4']	['A4']	[True, True]	45.0	1.5	52.0	viio/vi	True	('A', 'C', 'F#')	A	F#	1.0	diminished triad	(0, 6, 9)	B-	g	#7	6
132.5	0.5	45	['A3', 'A4']	['P1']	[True, True]	45.0	1.5	52.0	viio/vi	False	('A', 'C', 'F#')	A	F#	1.0	diminished triad	(0, 6, 9)	B-	g	#7	6
133.0	0.5	45	['C4', 'F#4']	['A4']	[True, True]	45.0	1.5	52.0	viio/vi	False	('A', 'C', 'F#')	A	F#	1.0	diminished triad	(0, 6, 9)	B-	g	#7	6
133.5	0.5	45	['B-3', 'G4']	['M6']	[True, True]	45.0	1.5	53.0	vi	True	('G', 'B-', 'D')	G	G	0.0	minor triad	(2, 7, 10)	B-	B-	6	None
134.0	0.5	45	['A3', 'A4']	['P1']	[True, True]	45.0	1.5	53.0	vi	False	('G', 'B-', 'D')	G	G	0.0	minor triad	(2, 7, 10)	B-	B-	6	None
134.5	0.5	45	['G3', 'B-4']	['m3']	[True, True]	45.0	1.5	53.0	vi	False	('G', 'B-', 'D')	G	G	0.0	minor triad	(2, 7, 10)	B-	B-	6	None
135.0	0.5	46	['A-3', 'D4']	['A4']	[True, True]	46.0	1.5	54.0	viio/IV	True	('F', 'A-', 'D')	F	D	1.0	diminished triad	(2, 5, 8)	B-	E-	7	4
135.5	0.5	46	['F3', 'F4']	['P1']	[True, True]	46.0	1.5	54.0	viio/IV	False	('F', 'A-', 'D')	F	D	1.0	diminished triad	(2, 5, 8)	B-	E-	7	4
136.0	0.5	46	['A-3', 'D4']	['A4']	[True, True]	46.0	1.5	54.0	viio/IV	False	('F', 'A-', 'D')	F	D	1.0	diminished triad	(2, 5, 8)	B-	E-	7	4
136.5	0.5	46	['G3', 'E-4']	['m6']	[True, True]	46.0	1.5	55.0	IV	True	('E-', 'G', 'B-')	E-	E-	0.0	major triad	(3, 7, 10)	B-	B-	4	None
137.0	0.5	46	['F3', 'F4']	['P1']	[True, True]	46.0	1.5	55.0	IV	False	('E-', 'G', 'B-')	E-	E-	0.0	major triad	(3, 7, 10)	B-	B-	4	None
137.5	0.5	46	['E-3', 'G4']	['M3']	[True, True]	46.0	1.5	55.0	IV	False	('E-', 'G', 'B-')	E-	E-	0.0	major triad	(3, 7, 10)	B-	B-	4	None
138.0	0.5	47	['F3', 'B3']	['A4']	[True, True]	47.0	1.5	56.0	viio/ii	True	('D', 'F', 'B')	D	B	1.0	diminished triad	(2, 5, 11)	B-	c	#7	2
138.5	0.5	47	['D3', 'D4']	['P1']	[True, True]	47.0	1.5	56.0	viio/ii	False	('D', 'F', 'B')	D	B	1.0	diminished triad	(2, 5, 11)	B-	c	#7	2
139.0	0.5	47	['F3', 'B3']	['A4']	[True, True]	47.0	1.5	56.0	viio/ii	False	('D', 'F', 'B')	D	B	1.0	diminished triad	(2, 5, 11)	B-	c	#7	2
139.5	0.5	47	['E-3', 'C4']	['M6']	[True, True]	47.0	1.5	57.0	ii	True	('C', 'E-', 'G')	C	C	0.0	minor triad	(0, 3, 7)	B-	B-	2	None
140.0	0.5	47	['D3', 'D4']	['P1']	[True, True]	47.0	1.5	57.0	ii	False	('C', 'E-', 'G')	C	C	0.0	minor triad	(0, 3, 7)	B-	B-	2	None
140.5	0.5	47	['C3', 'E-4']	['m3']	[True, True]	47.0	1.5	57.0	ii	False	('C', 'E-', 'G')	C	C	0.0	minor triad	(0, 3, 7)	B-	B-	2	None
141.0	0.5	48	['F2', 'F3', 'B-3']	['P1', 'P4']	[True, True, True]	48.0	1.5	58.0	I	True	('F', 'B-', 'D')	F	B-	2.0	major triad	(2, 5, 10)	B-	B-	1	None
141.5	0.5	48	['F2', 'D3', 'D4']	['M6', 'M6']	[False, True, True]	48.0	1.5	58.0	I	False	('F', 'B-', 'D')	F	B-	2.0	major triad	(2, 5, 10)	B-	B-	1	None
142.0	0.5	48	['F2', 'B-2', 'F4']	['P4', 'P1']	[False, True, True]	48.0	1.5	58.0	I	False	('F', 'B-', 'D')	F	B-	2.0	major triad	(2, 5, 10)	B-	B-	1	None
142.5	0.5	48	['F2', 'F3', 'E-4']	['P1', 'm7']	[True, True, True]	48.0	1.5	59.0	V7	True	('F', 'A', 'C', 'E-')	F	F	0.0	dominant seventh chord	(0, 3, 5, 9)	B-	B-	5	None
143.0	0.5	48	['F2', 'E-3', 'C4']	['m7', 'P5']	[False, True, True]	48.0	1.5	59.0	V7	False	('F', 'A', 'C', 'E-')	F	F	0.0	dominant seventh chord	(0, 3, 5, 9)	B-	B-	5	None
143.5	0.5	48	['F2', 'C3', 'A3']	['P5', 'M3']	[False, True, True]	48.0	1.5	59.0	V7	False	('F', 'A', 'C', 'E-')	F	F	0.0	dominant seventh chord	(0, 3, 5, 9)	B-	B-	5	None
144.0	0.5	49	['B-2', 'B-3']	['P1']	[True, True]	49.0	3.0	60.0	I	True	('B-', 'D', 'F')	B-	B-	0.0	major triad	(2, 5, 10)	B-	B-	1	None
144.5	0.5	49	['B-3']	[]	[False]	49.0	3.0	60.0	I	False	('B-', 'D', 'F')	B-	B-	0.0	major triad	(2, 5, 10)	B-	B-	1	None
145.0	0.5	49	['C4']	[]	[True]	49.0	3.0	60.0	I	False	('B-', 'D', 'F')	B-	B-	0.0	major triad	(2, 5, 10)	B-	B-	1	None
145.5	0.5	49	['C#4']	[]	[True]	49.0	3.0	60.0	I	False	('B-', 'D', 'F')	B-	B-	0.0	major triad	(2, 5, 10)	B-	B-	1	None
146.0	0.5	49	['D4']	[]	[True]	49.0	3.0	60.0	I	False	('B-', 'D', 'F')	B-	B-	0.0	major triad	(2, 5, 10)	B-	B-	1	None
146.5	0.5	49	['E-4']	[]	[True]	49.0	3.0	60.0	I	False	('B-', 'D', 'F')	B-	B-	0.0	major triad	(2, 5, 10)	B-	B-	1	None
147.0	0.5	50	['E4']	[]	[True]	50.0	3.0	61.0	I	True	('B-', 'D', 'F')	B-	B-	0.0	major triad	(2, 5, 10)	B-	B-	1	None
147.5	0.5	50	['F4']	[]	[True]	50.0	3.0	61.0	I	False	('B-', 'D', 'F')	B-	B-	0.0	major triad	(2, 5, 10)	B-	B-	1	None
148.0	0.5	50	['E-4']	[]	[True]	50.0	3.0	61.0	I	False	('B-', 'D', 'F')	B-	B-	0.0	major triad	(2, 5, 10)	B-	B-	1	None
148.5	0.5	50	['D4']	[]	[True]	50.0	3.0	61.0	I	False	('B-', 'D', 'F')	B-	B-	0.0	major triad	(2, 5, 10)	B-	B-	1	None
149.0	0.5	50	['C4']	[]	[True]	50.0	3.0	61.0	I	False	('B-', 'D', 'F')	B-	B-	0.0	major triad	(2, 5, 10)	B-	B-	1	None
149.5	0.5	50	['B-3']	[]	[True]	50.0	3.0	61.0	I	False	('B-', 'D', 'F')	B-	B-	0.0	major triad	(2, 5, 10)	B-	B-	1	None
150.0	0.5	51	['F4', 'A4']	['M3']	[True, True]	51.0	3.0	62.0	V7	True	('F', 'A', 'C', 'E-')	F	F	0.0	dominant seventh chord	(0, 3, 5, 9)	B-	B-	5	None
150.5	0.5	51	['E4', 'F6']	['m2']	[True, True]	51.0	3.0	62.0	V7	False	('F', 'A', 'C', 'E-')	F	F	0.0	dominant seventh chord	(0, 3, 5, 9)	B-	B-	5	None
151.0	0.5	51	['E-4', 'F6']	['M2']	[True, False]	51.0	3.0	62.0	V7	False	('F', 'A', 'C', 'E-')	F	F	0.0	dominant seventh chord	(0, 3, 5, 9)	B-	B-	5	None
151.5	0.5	51	['C4', 'F6']	['P4']	[True, False]	51.0	3.0	62.0	V7	False	('F', 'A', 'C', 'E-')	F	F	0.0	dominant seventh chord	(0, 3, 5, 9)	B-	B-	5	None
152.0	0.5	51	['A3', 'F6']	['m6']	[True, False]	51.0	3.0	62.0	V7	False	('F', 'A', 'C', 'E-')	F	F	0.0	dominant seventh chord	(0, 3, 5, 9)	B-	B-	5	None
152.5	0.5	51	['F3', 'F6']	['P1']	[True, False]	51.0	3.0	62.0	V7	False	('F', 'A', 'C', 'E-')	F	F	0.0	dominant seventh chord	(0, 3, 5, 9)	B-	B-	5	None
153.0	0.5	52	['E3', 'F6']	['m2']	[True, False]	52.0	1.5	63.0	V7	True	('F', 'A', 'C', 'E-')	F	F	0.0	dominant seventh chord	(0, 3, 5, 9)	B-	B-	5	None
153.5	0.5	52	['F3', 'F6']	['P1']	[True, False]	52.0	1.5	63.0	V7	False	('F', 'A', 'C', 'E-')	F	F	0.0	dominant seventh chord	(0, 3, 5, 9)	B-	B-	5	None
154.0	0.5	52	['E-3', 'A4']	['A4']	[True, True]	52.0	1.5	63.0	V7	False	('F', 'A', 'C', 'E-')	F	F	0.0	dominant seventh chord	(0, 3, 5, 9)	B-	B-	5	None
154.5	0.5	52	['D3', 'B-4']	['m6']	[True, True]	52.0	1.5	64.0	I	True	('B-', 'D', 'F')	B-	B-	0.0	major triad	(2, 5, 10)	B-	B-	1	None
155.0	0.5	52	['C3', 'C5']	['P1']	[True, True]	52.0	1.5	64.0	I	False	('B-', 'D', 'F')	B-	B-	0.0	major triad	(2, 5, 10)	B-	B-	1	None
155.5	0.5	52	['B-2', 'D5']	['M3']	[True, True]	52.0	1.5	64.0	I	False	('B-', 'D', 'F')	B-	B-	0.0	major triad	(2, 5, 10)	B-	B-	1	None
156.0	0.5	53	['F4', 'A4']	['M3']	[True, True]	53.0	3.0	65.0	V7	True	('F', 'A', 'C', 'E-')	F	F	0.0	dominant seventh chord	(0, 3, 5, 9)	B-	B-	5	None
156.5	0.5	53	['E4', 'F6']	['m2']	[True, True]	53.0	3.0	65.0	V7	False	('F', 'A', 'C', 'E-')	F	F	0.0	dominant seventh chord	(0, 3, 5, 9)	B-	B-	5	None
157.0	0.5	53	['E-4', 'F6']	['M2']	[True, False]	53.0	3.0	65.0	V7	False	('F', 'A', 'C', 'E-')	F	F	0.0	dominant seventh chord	(0, 3, 5, 9)	B-	B-	5	None
157.5	0.5	53	['C4', 'F6']	['P4']	[True, False]	53.0	3.0	65.0	V7	False	('F', 'A', 'C', 'E-')	F	F	0.0	dominant seventh chord	(0, 3, 5, 9)	B-	B-	5	None
158.0	0.5	53	['A3', 'F6']	['m6']	[True, False]	53.0	3.0	65.0	V7	False	('F', 'A', 'C', 'E-')	F	F	0.0	dominant seventh chord	(0, 3, 5, 9)	B-	B-	5	None
158.5	0.5	53	['F3', 'F6']	['P1']	[True, False]	53.0	3.0	65.0	V7	False	('F', 'A', 'C', 'E-')	F	F	0.0	dominant seventh chord	(0, 3, 5, 9)	B-	B-	5	None
159.0	0.5	54	['E3', 'F6']	['m2']	[True, False]	54.0	1.5	66.0	V7	True	('F', 'A', 'C', 'E-')	F	F	0.0	dominant seventh chord	(0, 3, 5, 9)	B-	B-	5	None
159.5	0.5	54	['F3', 'F6']	['P1']	[True, False]	54.0	1.5	66.0	V7	False	('F', 'A', 'C', 'E-')	F	F	0.0	dominant seventh chord	(0, 3, 5, 9)	B-	B-	5	None
160.0	0.5	54	['E-3', 'A4']	['A4']	[True, True]	54.0	1.5	66.0	V7	False	('F', 'A', 'C', 'E-')	F	F	0.0	dominant seventh chord	(0, 3, 5, 9)	B-	B-	5	None
160.5	0.5	54	['D3', 'B-4']	['m6']	[True, True]	54.0	1.5	67.0	I	True	('B-', 'D', 'F')	B-	B-	0.0	major triad	(2, 5, 10)	B-	B-	1	None
161.0	0.5	54	['C3', 'C5']	['P1']	[True, True]	54.0	1.5	67.0	I	False	('B-', 'D', 'F')	B-	B-	0.0	major triad	(2, 5, 10)	B-	B-	1	None
161.5	0.5	54	['B-2', 'D5']	['M3']	[True, True]	54.0	1.5	67.0	I	False	('B-', 'D', 'F')	B-	B-	0.0	major triad	(2, 5, 10)	B-	B-	1	None
162.0	0.5	55	['A2', 'F#4']	['M6']	[True, True]	55.0	1.5	68.0	viio/vi	True	('A', 'C', 'F#')	A	F#	1.0	diminished triad	(0, 6, 9)	B-	g	#7	6
162.5	0.5	55	['C4', 'A4']	['M6']	[True, True]	55.0	1.5	68.0	viio/vi	False	('A', 'C', 'F#')	A	F#	1.0	diminished triad	(0, 6, 9)	B-	g	#7	6
163.0	0.5	55	['A3', 'F#4']	['M6']	[True, True]	55.0	1.5	68.0	viio/vi	False	('A', 'C', 'F#')	A	F#	1.0	diminished triad	(0, 6, 9)	B-	g	#7	6
163.5	0.5	55	['B-3', 'G4']	['M6']	[True, True]	55.0	1.5	69.0	vi	True	('G', 'B-', 'D')	G	G	0.0	minor triad	(2, 7, 10)	B-	B-	6	None
164.0	0.5	55	['A3', 'A4']	['P1']	[True, True]	55.0	1.5	69.0	vi	False	('G', 'B-', 'D')	G	G	0.0	minor triad	(2, 7, 10)	B-	B-	6	None
164.5	0.5	55	['G3', 'B-4']	['m3']	[True, True]	55.0	1.5	69.0	vi	False	('G', 'B-', 'D')	G	G	0.0	minor triad	(2, 7, 10)	B-	B-	6	None
165.0	0.5	56	['A-3', 'D4']	['A4']	[True, True]	56.0	1.5	70.0	viio/IV	True	('F', 'A-', 'D')	F	D	1.0	diminished triad	(2, 5, 8)	B-	E-	7	4
165.5	0.5	56	['F3', 'F4']	['P1']	[True, True]	56.0	1.5	70.0	viio/IV	False	('F', 'A-', 'D')	F	D	1.0	diminished triad	(2, 5, 8)	B-	E-	7	4
166.0	0.5	56	['A-3', 'D4']	['A4']	[True, True]	56.0	1.5	70.0	viio/IV	False	('F', 'A-', 'D')	F	D	1.0	diminished triad	(2, 5, 8)	B-	E-	7	4
166.5	0.5	56	['G3', 'E-4']	['m6']	[True, True]	56.0	1.5	71.0	IV	True	('E-', 'G', 'B-')	E-	E-	0.0	major triad	(3, 7, 10)	B-	B-	4	None
167.0	0.5	56	['F3', 'F4']	['P1']	[True, True]	56.0	1.5	71.0	IV	False	('E-', 'G', 'B-')	E-	E-	0.0	major triad	(3, 7, 10)	B-	B-	4	None
167.5	0.5	56	['E-3', 'G4']	['M3']	[True, True]	56.0	1.5	71.0	IV	False	('E-', 'G', 'B-')	E-	E-	0.0	major triad	(3, 7, 10)	B-	B-	4	None
168.0	0.5	57	['F3', 'B3']	['A4']	[True, True]	57.0	1.5	72.0	viio/ii	True	('D', 'F', 'B')	D	B	1.0	diminished triad	(2, 5, 11)	B-	c	#7	2
168.5	0.5	57	['D3', 'D4']	['P1']	[True, True]	57.0	1.5	72.0	viio/ii	False	('D', 'F', 'B')	D	B	1.0	diminished triad	(2, 5, 11)	B-	c	#7	2
169.0	0.5	57	['F3', 'B3']	['A4']	[True, True]	57.0	1.5	72.0	viio/ii	False	('D', 'F', 'B')	D	B	1.0	diminished triad	(2, 5, 11)	B-	c	#7	2
169.5	0.5	57	['E-3', 'C4']	['M6']	[True, True]	57.0	1.5	73.0	ii7	True	('C', 'E-', 'G', 'B-')	C	C	0.0	minor seventh chord	(0, 3, 7, 10)	B-	B-	2	None
170.0	0.5	57	['D3', 'D4']	['P1']	[True, True]	57.0	1.5	73.0	ii7	False	('C', 'E-', 'G', 'B-')	C	C	0.0	minor seventh chord	(0, 3, 7, 10)	B-	B-	2	None
170.5	0.5	57	['C3', 'E-4']	['m3']	[True, True]	57.0	1.5	73.0	ii7	False	('C', 'E-', 'G', 'B-')	C	C	0.0	minor seventh chord	(0, 3, 7, 10)	B-	B-	2	None
171.0	0.5	58	['F3', 'B-3']	['P4']	[True, True]	58.0	1.5	74.0	I	True	('F', 'B-', 'D')	F	B-	2.0	major triad	(2, 5, 10)	B-	B-	1	None
171.5	0.5	58	['D3', 'D4']	['P1']	[True, True]	58.0	1.5	74.0	I	False	('F', 'B-', 'D')	F	B-	2.0	major triad	(2, 5, 10)	B-	B-	1	None
172.0	0.5	58	['F2', 'F4']	['P1']	[True, True]	58.0	1.5	74.0	I	False	('F', 'B-', 'D')	F	B-	2.0	major triad	(2, 5, 10)	B-	B-	1	None
172.5	0.5	58	['E-3', 'C4']	['M6']	[True, True]	58.0	1.5	75.0	V7	True	('F', 'A', 'C', 'E-')	F	F	0.0	dominant seventh chord	(0, 3, 5, 9)	B-	B-	5	None
173.0	0.5	58	['C3', 'E-4']	['m3']	[True, True]	58.0	1.5	75.0	V7	False	('F', 'A', 'C', 'E-')	F	F	0.0	dominant seventh chord	(0, 3, 5, 9)	B-	B-	5	None
173.5	0.5	58	['F2', 'A4']	['M3']	[True, True]	58.0	1.5	75.0	V7	False	('F', 'A', 'C', 'E-')	F	F	0.0	dominant seventh chord	(0, 3, 5, 9)	B-	B-	5	None
174.0	1.0	59	['B-1', 'B-2', 'D4', 'B-4']	['P1', 'M3', 'P1']	[True, True, True, True]	59.0	3.0	76.0	I	True	('B-', 'D', 'F')	B-	B-	0.0	major triad	(2, 5, 10)	B-	B-	1	None
175.0	0.5	59	['B-1', 'B-2', 'D4', 'B-4']	['P1', 'M3', 'P1']	[True, True, True, True]	59.0	3.0	76.0	I	False	('B-', 'D', 'F')	B-	B-	0.0	major triad	(2, 5, 10)	B-	B-	1	None
175.5	1.5	59	['B-2', 'F3', 'D4', 'D5']	['P5', 'M3', 'M3']	[True, True, True, True]	59.0	3.0	76.0	I	False	('B-', 'D', 'F')	B-	B-	0.0	major triad	(2, 5, 10)	B-	B-	1	None
177.0	1.5	60	['C3', 'F3', 'A3', 'E-4', 'C5']	['P4', 'M6', 'm3', 'P1']	[True, False, True, True, True]	60.0	1.5	77.0	V7	True	('C', 'E-', 'F', 'A')	C	F	2.0	dominant seventh chord	(0, 3, 5, 9)	B-	B-	5	None
178.5	1.5	60	['D3', 'F3', 'B-3', 'F4', 'B-4']	['m3', 'm6', 'm3', 'm6']	[True, False, True, True, True]	60.0	1.5	78.0	I	True	('D', 'F', 'B-')	D	B-	1.0	major triad	(2, 5, 10)	B-	B-	1	None
180.0	1.0	61	['E-3', 'G3', 'G4']	['M3', 'M3']	[True, True, True]	61.0	1.5	79.0	ii	True	('E-', 'G', 'C')	E-	C	1.0	minor triad	(0, 3, 7)	B-	B-	2	None
181.0	0.5	61	['E-3', 'G3', 'G4']	['M3', 'M3']	[True, True, True]	61.0	1.5	79.0	ii	False	('E-', 'G', 'C')	E-	C	1.0	minor triad	(0, 3, 7)	B-	B-	2	None
181.5	1.5	61	['C3', 'G3', 'E-4', 'E-5']	['P5', 'm3', 'm3']	[True, True, True, True]	61.0	1.5	80.0	ii	True	('C', 'E-', 'G')	C	C	0.0	minor triad	(0, 3, 7)	B-	B-	2	None
183.0	1.5	62	['D3', 'G3', 'B3', 'F4', 'D5']	['P4', 'M6', 'm3', 'P1']	[True, False, True, True, True]	62.0	1.5	81.0	V7/ii	True	('D', 'F', 'G', 'B')	D	G	2.0	dominant seventh chord	(2, 5, 7, 11)	B-	c	5	2
184.5	1.5	62	['E-3', 'G3', 'C4', 'G4', 'C5']	['M3', 'M6', 'M3', 'M6']	[True, False, True, True, True]	62.0	1.5	82.0	ii	True	('E-', 'G', 'C')	E-	C	1.0	minor triad	(0, 3, 7)	B-	B-	2	None
186.0	1.0	63	['F3', 'C4', 'A4']	['P5', 'M3']	[True, False, True]	63.0	3.0	83.0	V	True	('F', 'A', 'C')	F	F	0.0	major triad	(0, 5, 9)	B-	B-	5	None
187.0	0.5	63	['F3', 'C4', 'A4']	['P5', 'M3']	[True, False, True]	63.0	3.0	83.0	V	False	('F', 'A', 'C')	F	F	0.0	major triad	(0, 5, 9)	B-	B-	5	None
187.5	1.5	63	['F3', 'F4', 'A4', 'A5']	['P1', 'M3', 'M3']	[True, True, True, True]	63.0	3.0	83.0	V	False	('F', 'A', 'C')	F	F	0.0	major triad	(0, 5, 9)	B-	B-	5	None
189.0	1.5	64	['G3', 'E4', 'B-4', 'B-5']	['M6', 'm3', 'm3']	[True, True, True, True]	64.0	1.5	84.0	viio/V	True	('G', 'B-', 'E')	G	E	1.0	diminished triad	(4, 7, 10)	B-	F	7	5
190.5	1.5	64	['A3', 'E-4', 'C5', 'C6']	['d5', 'm3', 'm3']	[True, True, True, True]	64.0	1.5	85.0	V7	True	('A', 'C', 'E-', 'F')	A	F	1.0	dominant seventh chord	(0, 3, 5, 9)	B-	B-	5	None
192.0	1.5	65	['B-3', 'D4', 'D5', 'D6']	['M3', 'M3', 'M3']	[True, True, True, True]	65.0	1.5	86.0	I	True	('B-', 'D', 'F')	B-	B-	0.0	major triad	(2, 5, 10)	B-	B-	1	None
193.5	1.5	65	['A3', 'C4', 'F5', 'F6']	['m3', 'm6', 'm6']	[True, True, True, True]	65.0	1.5	87.0	V	True	('A', 'C', 'F')	A	F	1.0	major triad	(0, 5, 9)	B-	B-	5	None
195.0	0.5	66	['G3', 'B-3', 'F5', 'F6']	['m3', 'm7', 'm7']	[True, True, False, False]	66.0	1.5	88.0	vi7	True	('G', 'B-', 'D', 'F')	G	G	0.0	minor seventh chord	(2, 5, 7, 10)	B-	B-	6	None
195.5	0.5	66	['G3', 'B-3', 'G5', 'F6']	['m3', 'P1', 'm7']	[False, False, True, False]	66.0	1.5	88.0	vi7	False	('G', 'B-', 'D', 'F')	G	G	0.0	minor seventh chord	(2, 5, 7, 10)	B-	B-	6	None
196.0	0.5	66	['G3', 'B-3', 'F5', 'F6']	['m3', 'm7', 'm7']	[False, False, True, False]	66.0	1.5	88.0	vi7	False	('G', 'B-', 'D', 'F')	G	G	0.0	minor seventh chord	(2, 5, 7, 10)	B-	B-	6	None
196.5	0.5	66	['C3', 'B-3', 'E5', 'E6', 'F6']	['m7', 'M3', 'M3', 'P4']	[True, True, True, True, True]	66.0	1.5	89.0	V7/V	True	('C', 'E', 'G', 'B-')	C	C	0.0	dominant seventh chord	(0, 4, 7, 10)	B-	F	5	5
197.0	0.5	66	['C3', 'B-3', 'E5', 'D6']	['m7', 'M3', 'M2']	[False, False, False, True]	66.0	1.5	89.0	V7/V	False	('C', 'E', 'G', 'B-')	C	C	0.0	dominant seventh chord	(0, 4, 7, 10)	B-	F	5	5
197.5	0.5	66	['C3', 'B-3', 'E5', 'E6']	['m7', 'M3', 'M3']	[False, False, False, True]	66.0	1.5	89.0	V7/V	False	('C', 'E', 'G', 'B-')	C	C	0.0	dominant seventh chord	(0, 4, 7, 10)	B-	F	5	5
198.0	1.0	67	['F3', 'A3', 'F5', 'F6']	['M3', 'P1', 'P1']	[True, True, True, True]	67.0	1.5	90.0	V	True	('F', 'A', 'C')	F	F	0.0	major triad	(0, 5, 9)	B-	B-	5	None
199.0	0.5	67	['F3', 'A3', 'F5', 'F6']	['M3', 'P1', 'P1']	[True, True, True, True]	67.0	1.5	90.0	V	False	('F', 'A', 'C')	F	F	0.0	major triad	(0, 5, 9)	B-	B-	5	None
199.5	0.5	67	['B-2', 'F3', 'D4']	['P5', 'M3']	[True, True, True]	67.0	1.5	91.0	I	True	('B-', 'D', 'F')	B-	B-	0.0	major triad	(2, 5, 10)	B-	B-	1	None
200.0	0.5	67	['B-2', 'F3', 'D4', 'D5']	['P5', 'M3', 'M3']	[False, False, False, True]	67.0	1.5	91.0	I	False	('B-', 'D', 'F')	B-	B-	0.0	major triad	(2, 5, 10)	B-	B-	1	None
200.5	0.5	67	['B-2', 'F3', 'D4', 'D5']	['P5', 'M3', 'M3']	[False, False, False, True]	67.0	1.5	91.0	I	False	('B-', 'D', 'F')	B-	B-	0.0	major triad	(2, 5, 10)	B-	B-	1	None
201.0	0.5	68	['C3', 'F3', 'A3', 'E-4', 'D5']	['P4', 'M6', 'm3', 'M2']	[True, False, True, True, True]	68.0	1.5	92.0	V7	True	('C', 'E-', 'F', 'A')	C	F	2.0	dominant seventh chord	(0, 3, 5, 9)	B-	B-	5	None
201.5	0.5	68	['C3', 'F3', 'A3', 'E-4', 'C5']	['P4', 'M6', 'm3', 'P1']	[False, False, False, False, True]	68.0	1.5	92.0	V7	False	('C', 'E-', 'F', 'A')	C	F	2.0	dominant seventh chord	(0, 3, 5, 9)	B-	B-	5	None
202.0	0.5	68	['C3', 'F3', 'A3', 'E-4', 'C5']	['P4', 'M6', 'm3', 'P1']	[False, False, False, False, True]	68.0	1.5	92.0	V7	False	('C', 'E-', 'F', 'A')	C	F	2.0	dominant seventh chord	(0, 3, 5, 9)	B-	B-	5	None
202.5	0.5	68	['D3', 'F3', 'B-3', 'F4']	['m3', 'm6', 'm3']	[True, False, True, True]	68.0	1.5	93.0	I	True	('D', 'F', 'B-')	D	B-	1.0	major triad	(2, 5, 10)	B-	B-	1	None
203.0	0.5	68	['D3', 'F3', 'B-3', 'F4', 'B-4']	['m3', 'm6', 'm3', 'm6']	[False, False, False, False, True]	68.0	1.5	93.0	I	False	('D', 'F', 'B-')	D	B-	1.0	major triad	(2, 5, 10)	B-	B-	1	None
203.5	0.5	68	['D3', 'F3', 'B-3', 'F4', 'B-4']	['m3', 'm6', 'm3', 'm6']	[False, False, False, False, True]	68.0	1.5	93.0	I	False	('D', 'F', 'B-')	D	B-	1.0	major triad	(2, 5, 10)	B-	B-	1	None
204.0	0.5	69	['E-3', 'G3', 'A4']	['M3', 'A4']	[True, True, True]	69.0	1.5	94.0	ii	True	('E-', 'G', 'C')	E-	C	1.0	minor triad	(0, 3, 7)	B-	B-	2	None
204.5	0.5	69	['E-3', 'G3', 'G4']	['M3', 'M3']	[False, False, True]	69.0	1.5	94.0	ii	False	('E-', 'G', 'C')	E-	C	1.0	minor triad	(0, 3, 7)	B-	B-	2	None
205.0	0.5	69	['G4']	[]	[True]	69.0	1.5	94.0	ii	False	('E-', 'G', 'C')	E-	C	1.0	minor triad	(0, 3, 7)	B-	B-	2	None
205.5	0.5	69	['C3', 'G3', 'E-4']	['P5', 'm3']	[True, True, True]	69.0	1.5	95.0	ii	True	('C', 'E-', 'G')	C	C	0.0	minor triad	(0, 3, 7)	B-	B-	2	None
206.0	0.5	69	['C3', 'G3', 'E-4', 'E-5']	['P5', 'm3', 'm3']	[False, False, False, True]	69.0	1.5	95.0	ii	False	('C', 'E-', 'G')	C	C	0.0	minor triad	(0, 3, 7)	B-	B-	2	None
206.5	0.5	69	['C3', 'G3', 'E-4', 'E-5']	['P5', 'm3', 'm3']	[False, False, False, True]	69.0	1.5	95.0	ii	False	('C', 'E-', 'G')	C	C	0.0	minor triad	(0, 3, 7)	B-	B-	2	None
207.0	0.5	70	['D3', 'G3', 'B3', 'F4', 'E-5']	['P4', 'M6', 'm3', 'm2']	[True, False, True, True, True]	70.0	1.5	96.0	V7/ii	True	('D', 'F', 'G', 'B')	D	G	2.0	dominant seventh chord	(2, 5, 7, 11)	B-	c	5	2
207.5	0.5	70	['D3', 'G3', 'B3', 'F4', 'D5']	['P4', 'M6', 'm3', 'P1']	[False, False, False, False, True]	70.0	1.5	96.0	V7/ii	False	('D', 'F', 'G', 'B')	D	G	2.0	dominant seventh chord	(2, 5, 7, 11)	B-	c	5	2
208.0	0.5	70	['D3', 'G3', 'B3', 'F4', 'D5']	['P4', 'M6', 'm3', 'P1']	[False, False, False, False, True]	70.0	1.5	96.0	V7/ii	False	('D', 'F', 'G', 'B')	D	G	2.0	dominant seventh chord	(2, 5, 7, 11)	B-	c	5	2
208.5	0.5	70	['E-3', 'G3', 'C4', 'G4']	['M3', 'M6', 'M3']	[True, False, True, True]	70.0	1.5	97.0	ii	True	('E-', 'G', 'C')	E-	C	1.0	minor triad	(0, 3, 7)	B-	B-	2	None
209.0	0.5	70	['E-3', 'G3', 'C4', 'G4', 'C5']	['M3', 'M6', 'M3', 'M6']	[False, False, False, False, True]	70.0	1.5	97.0	ii	False	('E-', 'G', 'C')	E-	C	1.0	minor triad	(0, 3, 7)	B-	B-	2	None
209.5	0.5	70	['E-3', 'G3', 'C4', 'G4', 'C5']	['M3', 'M6', 'M3', 'M6']	[False, False, False, False, True]	70.0	1.5	97.0	ii	False	('E-', 'G', 'C')	E-	C	1.0	minor triad	(0, 3, 7)	B-	B-	2	None
210.0	0.5	71	['F3', 'C4', 'B-4']	['P5', 'P4']	[True, False, True]	71.0	3.0	98.0	V	True	('F', 'A', 'C')	F	F	0.0	major triad	(0, 5, 9)	B-	B-	5	None
210.5	0.5	71	['F3', 'C4', 'A4']	['P5', 'M3']	[False, False, True]	71.0	3.0	98.0	V	False	('F', 'A', 'C')	F	F	0.0	major triad	(0, 5, 9)	B-	B-	5	None
211.0	0.5	71	['A4']	[]	[True]	71.0	3.0	98.0	V	False	('F', 'A', 'C')	F	F	0.0	major triad	(0, 5, 9)	B-	B-	5	None
211.5	0.5	71	['A4', 'F5', 'A5']	['m6', 'P1']	[True, True, True]	71.0	3.0	98.0	V	False	('F', 'A', 'C')	F	F	0.0	major triad	(0, 5, 9)	B-	B-	5	None
212.0	0.5	71	['F4', 'A4', 'F5', 'A5']	['M3', 'P1', 'M3']	[True, False, False, False]	71.0	3.0	98.0	V	False	('F', 'A', 'C')	F	F	0.0	major triad	(0, 5, 9)	B-	B-	5	None
212.5	0.5	71	['F4', 'A4', 'F5', 'A5']	['M3', 'P1', 'M3']	[True, False, False, False]	71.0	3.0	98.0	V	False	('F', 'A', 'C')	F	F	0.0	major triad	(0, 5, 9)	B-	B-	5	None
213.0	0.5	72	['F4', 'B-4', 'G5', 'B-5']	['P4', 'M2', 'P4']	[True, True, True, True]	72.0	1.5	99.0	viio/V	True	('E', 'G', 'B-')	E	E	0.0	diminished triad	(4, 7, 10)	B-	F	7	5
213.5	0.5	72	['E-4', 'B-4', 'G5', 'B-5']	['P5', 'M3', 'P5']	[True, False, False, False]	72.0	1.5	99.0	viio/V	False	('E', 'G', 'B-')	E	E	0.0	diminished triad	(4, 7, 10)	B-	F	7	5
214.0	0.5	72	['E-4', 'B-4', 'G5', 'B-5']	['P5', 'M3', 'P5']	[True, False, False, False]	72.0	1.5	99.0	viio/V	False	('E', 'G', 'B-')	E	E	0.0	diminished triad	(4, 7, 10)	B-	F	7	5
214.5	0.5	72	['C5', 'A5', 'C6']	['M6', 'P1']	[True, True, True]	72.0	1.5	100.0	V7	True	('E-', 'F', 'A', 'C')	E-	F	3.0	dominant seventh chord	(0, 3, 5, 9)	B-	B-	5	None
215.0	0.5	72	['E-4', 'C5', 'A5', 'C6']	['M6', 'A4', 'M6']	[True, False, False, False]	72.0	1.5	100.0	V7	False	('E-', 'F', 'A', 'C')	E-	F	3.0	dominant seventh chord	(0, 3, 5, 9)	B-	B-	5	None
215.5	0.5	72	['E-4', 'C5', 'A5', 'C6']	['M6', 'A4', 'M6']	[True, False, False, False]	72.0	1.5	100.0	V7	False	('E-', 'F', 'A', 'C')	E-	F	3.0	dominant seventh chord	(0, 3, 5, 9)	B-	B-	5	None
216.0	0.5	73	['E-4', 'D5', 'B-5', 'D6']	['M7', 'P5', 'M7']	[True, True, True, True]	73.0	3.0	101.0	I	True	('D', 'F', 'B-')	D	B-	1.0	major triad	(2, 5, 10)	B-	B-	1	None
216.5	0.5	73	['D4', 'D5', 'B-5', 'D6']	['P1', 'm6', 'P1']	[True, False, False, False]	73.0	3.0	101.0	I	False	('D', 'F', 'B-')	D	B-	1.0	major triad	(2, 5, 10)	B-	B-	1	None
217.0	0.5	73	['D4']	[]	[True]	73.0	3.0	101.0	I	False	('D', 'F', 'B-')	D	B-	1.0	major triad	(2, 5, 10)	B-	B-	1	None
217.5	0.5	73	['F3']	[]	[True]	73.0	3.0	101.0	I	False	('D', 'F', 'B-')	D	B-	1.0	major triad	(2, 5, 10)	B-	B-	1	None
218.0	0.5	73	['F3', 'D4', 'F4', 'B-4', 'B-5']	['M6', 'P1', 'P4', 'P4']	[False, True, True, True, True]	73.0	3.0	101.0	I	False	('D', 'F', 'B-')	D	B-	1.0	major triad	(2, 5, 10)	B-	B-	1	None
218.5	0.5	73	['D4', 'F4', 'B-4', 'B-5']	['m3', 'm6', 'm6']	[True, True, True, True]	73.0	3.0	101.0	I	False	('D', 'F', 'B-')	D	B-	1.0	major triad	(2, 5, 10)	B-	B-	1	None
219.0	0.5	74	['F2', 'B-4', 'B-5']	['P4', 'P4']	[True, True, True]	74.0	1.5	102.0	V7	True	('F', 'A', 'C', 'E-')	F	F	0.0	dominant seventh chord	(0, 3, 5, 9)	B-	B-	5	None
219.5	0.5	74	['F2', 'C4', 'E-4', 'A4', 'A5']	['P5', 'm7', 'M3', 'M3']	[False, True, True, True, True]	74.0	1.5	102.0	V7	False	('F', 'A', 'C', 'E-')	F	F	0.0	dominant seventh chord	(0, 3, 5, 9)	B-	B-	5	None
220.0	0.5	74	['C4', 'E-4', 'A4', 'A5']	['m3', 'M6', 'M6']	[True, True, True, True]	74.0	1.5	102.0	V7	False	('F', 'A', 'C', 'E-')	F	F	0.0	dominant seventh chord	(0, 3, 5, 9)	B-	B-	5	None
220.5	0.5	74	['F3']	[]	[True]	74.0	1.5	103.0	vi	True	('B-', 'D', 'G')	B-	G	1.0	minor triad	(2, 7, 10)	B-	B-	6	None
221.0	0.5	74	['F3', 'B-3', 'D4', 'G4', 'G5']	['P4', 'M6', 'M2', 'M2']	[False, True, True, True, True]	74.0	1.5	103.0	vi	False	('B-', 'D', 'G')	B-	G	1.0	minor triad	(2, 7, 10)	B-	B-	6	None
221.5	0.5	74	['B-3', 'D4', 'G4', 'G5']	['M3', 'M6', 'M6']	[True, True, True, True]	74.0	1.5	103.0	vi	False	('B-', 'D', 'G')	B-	G	1.0	minor triad	(2, 7, 10)	B-	B-	6	None
222.0	0.5	75	['F2', 'G4', 'G5']	['M2', 'M2']	[True, True, True]	75.0	1.5	104.0	V	True	('F', 'A', 'C')	F	F	0.0	major triad	(0, 5, 9)	B-	B-	5	None
222.5	0.5	75	['F2', 'A3', 'C4', 'F4', 'F5']	['M3', 'P5', 'P1', 'P1']	[False, True, True, True, True]	75.0	1.5	104.0	V	False	('F', 'A', 'C')	F	F	0.0	major triad	(0, 5, 9)	B-	B-	5	None
223.0	0.5	75	['A3', 'C4', 'F4', 'F5']	['m3', 'm6', 'm6']	[True, True, True, True]	75.0	1.5	104.0	V	False	('F', 'A', 'C')	F	F	0.0	major triad	(0, 5, 9)	B-	B-	5	None
223.5	0.5	75	['F3']	[]	[True]	75.0	1.5	105.0	IV	True	('G', 'B-', 'E-')	G	E-	1.0	major triad	(3, 7, 10)	B-	B-	4	None
224.0	0.5	75	['F3', 'G3', 'B-3', 'E-4', 'E-5']	['M2', 'P4', 'm7', 'm7']	[False, True, True, True, True]	75.0	1.5	105.0	IV	False	('G', 'B-', 'E-')	G	E-	1.0	major triad	(3, 7, 10)	B-	B-	4	None
224.5	0.5	75	['G3', 'B-3', 'E-4', 'E-5']	['m3', 'm6', 'm6']	[True, True, True, True]	75.0	1.5	105.0	IV	False	('G', 'B-', 'E-')	G	E-	1.0	major triad	(3, 7, 10)	B-	B-	4	None
225.0	0.5	76	['F2', 'E-4', 'E-5']	['m7', 'm7']	[True, True, True]	76.0	1.5	106.0	iii	True	('F', 'A', 'D')	F	D	1.0	minor triad	(2, 5, 9)	B-	B-	3	None
225.5	0.5	76	['F2', 'F3', 'A3', 'D4', 'D5']	['P1', 'M3', 'M6', 'M6']	[False, True, True, True, True]	76.0	1.5	106.0	iii	False	('F', 'A', 'D')	F	D	1.0	minor triad	(2, 5, 9)	B-	B-	3	None
226.0	0.5	76	['F3', 'A3', 'D4', 'D5']	['M3', 'M6', 'M6']	[True, True, True, True]	76.0	1.5	106.0	iii	False	('F', 'A', 'D')	F	D	1.0	minor triad	(2, 5, 9)	B-	B-	3	None
226.5	0.5	76	['F2']	[]	[True]	76.0	1.5	107.0	ii	True	('E-', 'G', 'C')	E-	C	1.0	minor triad	(0, 3, 7)	B-	B-	2	None
227.0	0.5	76	['F2', 'E-3', 'G3', 'C4', 'C5']	['m7', 'M2', 'P5', 'P5']	[False, True, True, True, True]	76.0	1.5	107.0	ii	False	('E-', 'G', 'C')	E-	C	1.0	minor triad	(0, 3, 7)	B-	B-	2	None
227.5	0.5	76	['E-3', 'G3', 'C4', 'C5']	['M3', 'M6', 'M6']	[True, True, True, True]	76.0	1.5	107.0	ii	False	('E-', 'G', 'C')	E-	C	1.0	minor triad	(0, 3, 7)	B-	B-	2	None
228.0	0.5	77	['F2', 'C4', 'C5']	['P5', 'P5']	[True, True, True]	77.0	1.5	108.0	I	True	('D', 'F', 'B-')	D	B-	1.0	major triad	(2, 5, 10)	B-	B-	1	None
228.5	0.5	77	['F2', 'D3', 'F3', 'B-3', 'B-4']	['M6', 'P1', 'P4', 'P4']	[False, True, True, True, True]	77.0	1.5	108.0	I	False	('D', 'F', 'B-')	D	B-	1.0	major triad	(2, 5, 10)	B-	B-	1	None
229.0	0.5	77	['D3', 'F3', 'B-3', 'B-4']	['m3', 'm6', 'm6']	[True, True, True, True]	77.0	1.5	108.0	I	False	('D', 'F', 'B-')	D	B-	1.0	major triad	(2, 5, 10)	B-	B-	1	None
229.5	0.5	77	['F2', 'B-3', 'B-4']	['P4', 'P4']	[True, True, True]	77.0	1.5	109.0	V	True	('F', 'A', 'C')	F	F	0.0	major triad	(0, 5, 9)	B-	B-	5	None
230.0	0.5	77	['F2', 'C3', 'E-3', 'A3', 'A4']	['P5', 'm7', 'M3', 'M3']	[False, True, True, True, True]	77.0	1.5	109.0	V	False	('F', 'A', 'C')	F	F	0.0	major triad	(0, 5, 9)	B-	B-	5	None
230.5	0.5	77	['C3', 'E-3', 'A3', 'A4']	['m3', 'M6', 'M6']	[True, True, True, True]	77.0	1.5	109.0	V	False	('F', 'A', 'C')	F	F	0.0	major triad	(0, 5, 9)	B-	B-	5	None
231.0	0.5	78	['F2', 'A3', 'A4']	['M3', 'M3']	[True, True, True]	78.0	1.5	110.0	vi	True	('B-', 'D', 'G')	B-	G	1.0	minor triad	(2, 7, 10)	B-	B-	6	None
231.5	0.5	78	['F2', 'B-2', 'D3', 'G3', 'G4']	['P4', 'M6', 'M2', 'M2']	[False, True, True, True, True]	78.0	1.5	110.0	vi	False	('B-', 'D', 'G')	B-	G	1.0	minor triad	(2, 7, 10)	B-	B-	6	None
232.0	0.5	78	['B-2', 'D3', 'G3', 'G4']	['M3', 'M6', 'M6']	[True, True, True, True]	78.0	1.5	110.0	vi	False	('B-', 'D', 'G')	B-	G	1.0	minor triad	(2, 7, 10)	B-	B-	6	None
232.5	0.5	78	['F2', 'G3', 'G4']	['M2', 'M2']	[True, True, True]	78.0	1.5	111.0	V	True	('F', 'A', 'C')	F	F	0.0	major triad	(0, 5, 9)	B-	B-	5	None
233.0	0.5	78	['F2', 'A2', 'C3', 'F3', 'F4']	['M3', 'P5', 'P1', 'P1']	[False, True, True, True, True]	78.0	1.5	111.0	V	False	('F', 'A', 'C')	F	F	0.0	major triad	(0, 5, 9)	B-	B-	5	None
233.5	0.5	78	['A2', 'C3', 'F3', 'F4']	['m3', 'm6', 'm6']	[True, True, True, True]	78.0	1.5	111.0	V	False	('F', 'A', 'C')	F	F	0.0	major triad	(0, 5, 9)	B-	B-	5	None
234.0	0.5	79	['F#1', 'C2', 'F#2', 'F3', 'F4']	['d5', 'P1', 'd1', 'd1']	[True, True, True, True, True]	79.0	3.0	112.0	viio7/vi	True	('G#', 'B', 'D', 'F')	G#	G#	0.0	diminished seventh chord	(2, 5, 8, 11)	C	a	#7	6
234.5	0.5	79	['F#1', 'C2', 'F#2', 'E-3', 'A3', 'C4', 'E-4']	['d5', 'P1', 'd7', 'm3', 'd5', 'd7']	[True, True, True, True, True, True, True]	79.0	3.0	112.0	viio7/vi	False	('G#', 'B', 'D', 'F')	G#	G#	0.0	diminished seventh chord	(2, 5, 8, 11)	C	a	#7	6
235.0	0.5	79	['F#1', 'C2', 'F#2', 'E-3', 'A3', 'C4', 'E-4']	['d5', 'P1', 'd7', 'm3', 'd5', 'd7']	[True, True, True, True, True, True, True]	79.0	3.0	112.0	viio7/vi	False	('G#', 'B', 'D', 'F')	G#	G#	0.0	diminished seventh chord	(2, 5, 8, 11)	C	a	#7	6
235.5	0.5	79	['F#1', 'C2', 'F#2', 'E-3', 'A3', 'C4', 'E-4']	['d5', 'P1', 'd7', 'm3', 'd5', 'd7']	[True, True, True, True, True, True, True]	79.0	3.0	112.0	viio7/vi	False	('G#', 'B', 'D', 'F')	G#	G#	0.0	diminished seventh chord	(2, 5, 8, 11)	C	a	#7	6
236.0	0.5	79	['F#1', 'C2', 'F#2', 'E-3', 'A3', 'C4', 'E-4']	['d5', 'P1', 'd7', 'm3', 'd5', 'd7']	[True, True, True, True, True, True, True]	79.0	3.0	112.0	viio7/vi	False	('G#', 'B', 'D', 'F')	G#	G#	0.0	diminished seventh chord	(2, 5, 8, 11)	C	a	#7	6
236.5	0.5	79	['F#1', 'C2', 'F#2', 'E-3', 'A3', 'C4', 'E-4']	['d5', 'P1', 'd7', 'm3', 'd5', 'd7']	[True, True, True, True, True, True, True]	79.0	3.0	112.0	viio7/vi	False	('G#', 'B', 'D', 'F')	G#	G#	0.0	diminished seventh chord	(2, 5, 8, 11)	C	a	#7	6
237.0	0.5	80	['F#1', 'C2', 'F#2', 'E-3', 'A3', 'C4', 'E-4']	['d5', 'P1', 'd7', 'm3', 'd5', 'd7']	[True, True, True, True, True, True, True]	80.0	3.0	113.0	viio7/vi	True	('G#', 'B', 'D', 'F')	G#	G#	0.0	diminished seventh chord	(2, 5, 8, 11)	C	a	#7	6
237.5	0.5	80	['F#1', 'C2', 'F#2', 'E-3', 'A3', 'C4', 'E-4']	['d5', 'P1', 'd7', 'm3', 'd5', 'd7']	[True, True, True, True, True, True, True]	80.0	3.0	113.0	viio7/vi	False	('G#', 'B', 'D', 'F')	G#	G#	0.0	diminished seventh chord	(2, 5, 8, 11)	C	a	#7	6
238.0	0.5	80	['F#1', 'C2', 'F#2', 'E-3', 'A3', 'C4', 'E-4']	['d5', 'P1', 'd7', 'm3', 'd5', 'd7']	[True, True, True, True, True, True, True]	80.0	3.0	113.0	viio7/vi	False	('G#', 'B', 'D', 'F')	G#	G#	0.0	diminished seventh chord	(2, 5, 8, 11)	C	a	#7	6
238.5	0.5	80	['F#1', 'C2', 'F#2', 'E-3', 'A3', 'C4', 'E-4']	['d5', 'P1', 'd7', 'm3', 'd5', 'd7']	[True, True, True, True, True, True, True]	80.0	3.0	113.0	viio7/vi	False	('G#', 'B', 'D', 'F')	G#	G#	0.0	diminished seventh chord	(2, 5, 8, 11)	C	a	#7	6
239.0	0.5	80	['F#1', 'C2', 'F#2', 'E-3', 'A3', 'C4', 'E-4']	['d5', 'P1', 'd7', 'm3', 'd5', 'd7']	[True, True, True, True, True, True, True]	80.0	3.0	113.0	viio7/vi	False	('G#', 'B', 'D', 'F')	G#	G#	0.0	diminished seventh chord	(2, 5, 8, 11)	C	a	#7	6
239.5	0.5	80	['F#1', 'C2', 'F#2', 'E-3', 'A3', 'C4', 'E-4']	['d5', 'P1', 'd7', 'm3', 'd5', 'd7']	[True, True, True, True, True, True, True]	80.0	3.0	113.0	viio7/vi	False	('G#', 'B', 'D', 'F')	G#	G#	0.0	diminished seventh chord	(2, 5, 8, 11)	C	a	#7	6
240.0	1.0	81	['G1', 'C2', 'G2', 'E3', 'G3', 'C4', 'E4']	['P4', 'P1', 'M6', 'P1', 'P4', 'M6']	[True, True, True, True, True, True, True]	81.0	3.0	114.0	I	True	('G', 'C', 'E')	G	C	2.0	major triad	(0, 4, 7)	C	C	1	None
241.0	0.5	81	['G1', 'C2', 'G2', 'E3', 'G3', 'C4', 'E4']	['P4', 'P1', 'M6', 'P1', 'P4', 'M6']	[True, True, True, True, True, True, True]	81.0	3.0	114.0	I	False	('G', 'C', 'E')	G	C	2.0	major triad	(0, 4, 7)	C	C	1	None
241.5	1.5	81	['G2', 'E3', 'G3', 'C4']	['M6', 'P1', 'P4']	[True, True, True, True]	81.0	3.0	114.0	I	False	('G', 'C', 'E')	G	C	2.0	major triad	(0, 4, 7)	C	C	1	None
243.0	1.5	82	['G2', 'F3', 'G3', 'B3']	['m7', 'P1', 'M3']	[False, True, False, True]	82.0	3.0	115.0	V7	True	('G', 'B', 'D', 'F')	G	G	0.0	dominant seventh chord	(2, 5, 7, 11)	C	C	5	None
244.5	1.5	82	['G2', 'B2', 'G3', 'F4']	['M3', 'P1', 'm7']	[False, True, False, True]	82.0	3.0	115.0	V7	False	('G', 'B', 'D', 'F')	G	G	0.0	dominant seventh chord	(2, 5, 7, 11)	C	C	5	None
246.0	1.5	83	['G2', 'C3', 'G3', 'E4']	['P4', 'P1', 'M6']	[True, True, False, True]	83.0	3.0	116.0	I	True	('G', 'C', 'E')	G	C	2.0	major triad	(0, 4, 7)	C	C	1	None
247.5	1.5	83	['G2', 'E3', 'G3', 'C4', 'G4']	['M6', 'P1', 'P4', 'P1']	[False, True, True, True, True]	83.0	3.0	116.0	I	False	('G', 'C', 'E')	G	C	2.0	major triad	(0, 4, 7)	C	C	1	None
249.0	1.5	84	['G2', 'F3', 'G3', 'B3', 'G4']	['m7', 'P1', 'M3', 'P1']	[False, True, True, True, False]	84.0	3.0	117.0	V7	True	('G', 'B', 'D', 'F')	G	G	0.0	dominant seventh chord	(2, 5, 7, 11)	C	C	5	None
250.5	1.5	84	['G2', 'B2', 'G3', 'F4', 'G4']	['M3', 'P1', 'm7', 'P1']	[False, True, False, True, False]	84.0	3.0	117.0	V7	False	('G', 'B', 'D', 'F')	G	G	0.0	dominant seventh chord	(2, 5, 7, 11)	C	C	5	None
252.0	1.0	85	['G2', 'C3', 'G3', 'E4', 'G4']	['P4', 'P1', 'M6', 'P1']	[True, True, False, True, False]	85.0	3.0	118.0	I	True	('G', 'C', 'E')	G	C	2.0	major triad	(0, 4, 7)	C	C	1	None
253.0	0.5	85	['G2']	[]	[False]	85.0	3.0	118.0	I	False	('G', 'C', 'E')	G	C	2.0	major triad	(0, 4, 7)	C	C	1	None
253.5	0.5	85	['G2', 'C3', 'F#4', 'F#5']	['P4', 'M7', 'M7']	[False, True, True, True]	85.0	3.0	118.0	I	False	('G', 'C', 'E')	G	C	2.0	major triad	(0, 4, 7)	C	C	1	None
254.0	0.5	85	['G2', 'C3', 'G4', 'G5']	['P4', 'P1', 'P1']	[False, False, True, True]	85.0	3.0	118.0	I	False	('G', 'C', 'E')	G	C	2.0	major triad	(0, 4, 7)	C	C	1	None
254.5	0.5	85	['G2', 'C3', 'A4', 'A5']	['P4', 'M2', 'M2']	[False, False, True, True]	85.0	3.0	118.0	I	False	('G', 'C', 'E')	G	C	2.0	major triad	(0, 4, 7)	C	C	1	None
255.0	0.5	86	['G2', 'B2', 'G4', 'G5']	['M3', 'P1', 'P1']	[False, True, True, True]	86.0	3.0	119.0	V7	True	('G', 'B', 'D', 'F')	G	G	0.0	dominant seventh chord	(2, 5, 7, 11)	C	C	5	None
255.5	0.5	86	['G2', 'B2', 'F4', 'F5']	['M3', 'm7', 'm7']	[False, False, True, True]	86.0	3.0	119.0	V7	False	('G', 'B', 'D', 'F')	G	G	0.0	dominant seventh chord	(2, 5, 7, 11)	C	C	5	None
256.0	0.5	86	['G2', 'B2', 'E4', 'E5']	['M3', 'M6', 'M6']	[False, False, True, True]	86.0	3.0	119.0	V7	False	('G', 'B', 'D', 'F')	G	G	0.0	dominant seventh chord	(2, 5, 7, 11)	C	C	5	None
256.5	0.5	86	['G2', 'F3', 'D4', 'D5']	['m7', 'P5', 'P5']	[False, True, True, True]	86.0	3.0	119.0	V7	False	('G', 'B', 'D', 'F')	G	G	0.0	dominant seventh chord	(2, 5, 7, 11)	C	C	5	None
257.0	0.5	86	['G2', 'F3', 'C4', 'C5']	['m7', 'P4', 'P4']	[False, False, True, True]	86.0	3.0	119.0	V7	False	('G', 'B', 'D', 'F')	G	G	0.0	dominant seventh chord	(2, 5, 7, 11)	C	C	5	None
257.5	0.5	86	['G2', 'F3', 'B3', 'B4']	['m7', 'M3', 'M3']	[False, False, True, True]	86.0	3.0	119.0	V7	False	('G', 'B', 'D', 'F')	G	G	0.0	dominant seventh chord	(2, 5, 7, 11)	C	C	5	None
258.0	0.5	87	['G2', 'E3', 'C4', 'C5']	['M6', 'P4', 'P4']	[True, True, True, True]	87.0	3.0	120.0	I	True	('G', 'C', 'E')	G	C	2.0	major triad	(0, 4, 7)	C	C	1	None
258.5	0.5	87	['G2', 'E3', 'D4', 'D5']	['M6', 'P5', 'P5']	[False, False, True, True]	87.0	3.0	120.0	I	False	('G', 'C', 'E')	G	C	2.0	major triad	(0, 4, 7)	C	C	1	None
259.0	0.5	87	['G2', 'E3', 'E4', 'E5']	['M6', 'M6', 'M6']	[False, False, True, True]	87.0	3.0	120.0	I	False	('G', 'C', 'E')	G	C	2.0	major triad	(0, 4, 7)	C	C	1	None
259.5	0.5	87	['G2', 'C3', 'F#4', 'F#5']	['P4', 'M7', 'M7']	[False, True, True, True]	87.0	3.0	120.0	I	False	('G', 'C', 'E')	G	C	2.0	major triad	(0, 4, 7)	C	C	1	None
260.0	0.5	87	['G2', 'C3', 'G4', 'G5']	['P4', 'P1', 'P1']	[False, False, True, True]	87.0	3.0	120.0	I	False	('G', 'C', 'E')	G	C	2.0	major triad	(0, 4, 7)	C	C	1	None
260.5	0.5	87	['G2', 'C3', 'A4', 'A5']	['P4', 'M2', 'M2']	[False, False, True, True]	87.0	3.0	120.0	I	False	('G', 'C', 'E')	G	C	2.0	major triad	(0, 4, 7)	C	C	1	None
261.0	0.5	88	['G2', 'B2', 'G4', 'G5']	['M3', 'P1', 'P1']	[False, True, True, True]	88.0	3.0	121.0	V7	True	('G', 'B', 'D', 'F')	G	G	0.0	dominant seventh chord	(2, 5, 7, 11)	C	C	5	None
261.5	0.5	88	['G2', 'B2', 'F4', 'F5']	['M3', 'm7', 'm7']	[False, False, True, True]	88.0	3.0	121.0	V7	False	('G', 'B', 'D', 'F')	G	G	0.0	dominant seventh chord	(2, 5, 7, 11)	C	C	5	None
262.0	0.5	88	['G2', 'B2', 'E4', 'E5']	['M3', 'M6', 'M6']	[False, False, True, True]	88.0	3.0	121.0	V7	False	('G', 'B', 'D', 'F')	G	G	0.0	dominant seventh chord	(2, 5, 7, 11)	C	C	5	None
262.5	0.5	88	['G2', 'F3', 'D4', 'D5']	['m7', 'P5', 'P5']	[False, True, True, True]	88.0	3.0	121.0	V7	False	('G', 'B', 'D', 'F')	G	G	0.0	dominant seventh chord	(2, 5, 7, 11)	C	C	5	None
263.0	0.5	88	['G2', 'F3', 'C4', 'C5']	['m7', 'P4', 'P4']	[False, False, True, True]	88.0	3.0	121.0	V7	False	('G', 'B', 'D', 'F')	G	G	0.0	dominant seventh chord	(2, 5, 7, 11)	C	C	5	None
263.5	0.5	88	['G2', 'F3', 'B3', 'B4']	['m7', 'M3', 'M3']	[False, False, True, True]	88.0	3.0	121.0	V7	False	('G', 'B', 'D', 'F')	G	G	0.0	dominant seventh chord	(2, 5, 7, 11)	C	C	5	None
264.0	1.5	89	['C3', 'E3', 'C4', 'C5']	['M3', 'P1', 'P1']	[True, True, True, True]	89.0	1.5	122.0	I	True	('C', 'E', 'G')	C	C	0.0	major triad	(0, 4, 7)	C	C	1	None
265.5	0.5	89	['B-2', 'G3', 'C4', 'C5']	['M6', 'M2', 'M2']	[True, True, False, False]	89.0	1.5	123.0	V7/V	True	('B-', 'C', 'E', 'G')	B-	C	3.0	dominant seventh chord	(0, 4, 7, 10)	B-	F	5	5
266.0	0.5	89	['B-2', 'G3', 'D4', 'D5']	['M6', 'M3', 'M3']	[False, False, True, True]	89.0	1.5	123.0	V7/V	False	('B-', 'C', 'E', 'G')	B-	C	3.0	dominant seventh chord	(0, 4, 7, 10)	B-	F	5	5
266.5	0.5	89	['B-2', 'G3', 'E4', 'E5']	['M6', 'A4', 'A4']	[False, False, True, True]	89.0	1.5	123.0	V7/V	False	('B-', 'C', 'E', 'G')	B-	C	3.0	dominant seventh chord	(0, 4, 7, 10)	B-	F	5	5
267.0	1.0	90	['A2', 'F3', 'F4', 'F5']	['m6', 'm6', 'm6']	[True, True, True, True]	90.0	1.5	124.0	V7	True	('A', 'C', 'E-', 'F')	A	F	1.0	dominant seventh chord	(0, 3, 5, 9)	B-	B-	5	None
268.0	0.5	90	['A2', 'F3', 'E-4', 'E-5']	['m6', 'd5', 'd5']	[False, False, True, True]	90.0	1.5	124.0	V7	False	('A', 'C', 'E-', 'F')	A	F	1.0	dominant seventh chord	(0, 3, 5, 9)	B-	B-	5	None
268.5	1.0	90	['B-2', 'F3', 'B-3', 'D4', 'D5']	['P5', 'P1', 'M3', 'M3']	[True, False, True, True, True]	90.0	1.5	125.0	I	True	('B-', 'D', 'F')	B-	B-	0.0	major triad	(2, 5, 10)	B-	B-	1	None
269.5	0.5	90	['B-2', 'F3', 'B-3', 'E-4', 'E-5']	['P5', 'P1', 'P4', 'P4']	[False, False, False, True, True]	90.0	1.5	125.0	I	False	('B-', 'D', 'F')	B-	B-	0.0	major triad	(2, 5, 10)	B-	B-	1	None
270.0	1.0	91	['F#2', 'D3', 'F#3', 'D4', 'D5']	['m6', 'P1', 'm6', 'm6']	[True, True, True, True, True]	91.0	1.5	126.0	V7/vi	True	('F#', 'A', 'C', 'D')	F#	D	1.0	dominant seventh chord	(0, 2, 6, 9)	B-	g	5	6
271.0	0.5	91	['F#2', 'D3', 'F#3', 'C4', 'C5']	['m6', 'P1', 'd5', 'd5']	[False, False, False, True, True]	91.0	1.5	126.0	V7/vi	False	('F#', 'A', 'C', 'D')	F#	D	1.0	dominant seventh chord	(0, 2, 6, 9)	B-	g	5	6
271.5	1.0	91	['G2', 'D3', 'G3', 'B-3', 'B-4']	['P5', 'P1', 'm3', 'm3']	[True, False, True, True, True]	91.0	1.5	127.0	vi	True	('G', 'B-', 'D')	G	G	0.0	minor triad	(2, 7, 10)	B-	B-	6	None
272.5	0.5	91	['G2', 'D3', 'G3', 'D4', 'D5']	['P5', 'P1', 'P5', 'P5']	[False, False, False, True, True]	91.0	1.5	127.0	vi	False	('G', 'B-', 'D')	G	G	0.0	minor triad	(2, 7, 10)	B-	B-	6	None
273.0	1.0	92	['E-2', 'E-3', 'C4', 'C5']	['P1', 'M6', 'M6']	[True, True, True, True]	92.0	1.5	128.0	ii	True	('E-', 'G', 'C')	E-	C	1.0	minor triad	(0, 3, 7)	B-	B-	2	None
274.0	0.5	92	['B-3', 'B-4']	['P1']	[True, True]	92.0	1.5	128.0	ii	False	('E-', 'G', 'C')	E-	C	1.0	minor triad	(0, 3, 7)	B-	B-	2	None
274.5	1.0	92	['F2', 'F3', 'A3', 'A4']	['P1', 'M3', 'M3']	[True, True, True, True]	92.0	1.5	129.0	V	True	('F', 'A', 'C')	F	F	0.0	major triad	(0, 5, 9)	B-	B-	5	None
275.5	0.5	92	['C4', 'C5']	['P1']	[True, True]	92.0	1.5	129.0	V	False	('F', 'A', 'C')	F	F	0.0	major triad	(0, 5, 9)	B-	B-	5	None
276.0	0.5	93	['B-1', 'B-2', 'B-3', 'B-4']	['P1', 'P1', 'P1']	[True, True, True, True]	93.0	3.0	130.0	I	True	('B-', 'D', 'F')	B-	B-	0.0	major triad	(2, 5, 10)	B-	B-	1	None
276.5	0.5	93	['B-2', 'B-4']	['P1']	[True, True]	93.0	3.0	130.0	I	False	('B-', 'D', 'F')	B-	B-	0.0	major triad	(2, 5, 10)	B-	B-	1	None
277.0	0.5	93	['B-2', 'B-4']	['P1']	[True, True]	93.0	3.0	130.0	I	False	('B-', 'D', 'F')	B-	B-	0.0	major triad	(2, 5, 10)	B-	B-	1	None
277.5	0.5	93	['B-2', 'B-4']	['P1']	[True, True]	93.0	3.0	130.0	I	False	('B-', 'D', 'F')	B-	B-	0.0	major triad	(2, 5, 10)	B-	B-	1	None
278.0	0.5	93	['A2', 'A4']	['P1']	[True, True]	93.0	3.0	130.0	I	False	('B-', 'D', 'F')	B-	B-	0.0	major triad	(2, 5, 10)	B-	B-	1	None
278.5	0.5	93	['B-2', 'B-4']	['P1']	[True, True]	93.0	3.0	130.0	I	False	('B-', 'D', 'F')	B-	B-	0.0	major triad	(2, 5, 10)	B-	B-	1	None
279.0	0.5	94	['D2', 'D3', 'D4', 'D5']	['P1', 'P1', 'P1']	[True, True, True, True]	94.0	3.0	131.0	I	True	('B-', 'D', 'F')	B-	B-	0.0	major triad	(2, 5, 10)	B-	B-	1	None
279.5	0.5	94	['D3', 'D5']	['P1']	[True, True]	94.0	3.0	131.0	I	False	('B-', 'D', 'F')	B-	B-	0.0	major triad	(2, 5, 10)	B-	B-	1	None
280.0	0.5	94	['D3', 'D5']	['P1']	[True, True]	94.0	3.0	131.0	I	False	('B-', 'D', 'F')	B-	B-	0.0	major triad	(2, 5, 10)	B-	B-	1	None
280.5	0.5	94	['D3', 'D5']	['P1']	[True, True]	94.0	3.0	131.0	I	False	('B-', 'D', 'F')	B-	B-	0.0	major triad	(2, 5, 10)	B-	B-	1	None
281.0	0.5	94	['C#3', 'C#5']	['P1']	[True, True]	94.0	3.0	131.0	I	False	('B-', 'D', 'F')	B-	B-	0.0	major triad	(2, 5, 10)	B-	B-	1	None
281.5	0.5	94	['D3', 'D5']	['P1']	[True, True]	94.0	3.0	131.0	I	False	('B-', 'D', 'F')	B-	B-	0.0	major triad	(2, 5, 10)	B-	B-	1	None
282.0	0.5	95	['F2', 'F3', 'F4', 'F5']	['P1', 'P1', 'P1']	[True, True, True, True]	95.0	3.0	132.0	I	True	('B-', 'D', 'F')	B-	B-	0.0	major triad	(2, 5, 10)	B-	B-	1	None
282.5	0.5	95	['F3', 'F5']	['P1']	[True, True]	95.0	3.0	132.0	I	False	('B-', 'D', 'F')	B-	B-	0.0	major triad	(2, 5, 10)	B-	B-	1	None
283.0	0.5	95	['F3', 'F5']	['P1']	[True, True]	95.0	3.0	132.0	I	False	('B-', 'D', 'F')	B-	B-	0.0	major triad	(2, 5, 10)	B-	B-	1	None
283.5	0.5	95	['F3', 'F5']	['P1']	[True, True]	95.0	3.0	132.0	I	False	('B-', 'D', 'F')	B-	B-	0.0	major triad	(2, 5, 10)	B-	B-	1	None
284.0	0.5	95	['E3', 'E5']	['P1']	[True, True]	95.0	3.0	132.0	I	False	('B-', 'D', 'F')	B-	B-	0.0	major triad	(2, 5, 10)	B-	B-	1	None
284.5	0.5	95	['F3', 'F5']	['P1']	[True, True]	95.0	3.0	132.0	I	False	('B-', 'D', 'F')	B-	B-	0.0	major triad	(2, 5, 10)	B-	B-	1	None
285.0	0.5	96	['B-2', 'B-3', 'B-4', 'B-5']	['P1', 'P1', 'P1']	[True, True, True, True]	96.0	3.0	133.0	I	True	('B-', 'D', 'F')	B-	B-	0.0	major triad	(2, 5, 10)	B-	B-	1	None
285.5	0.5	96	['B-3', 'B-5']	['P1']	[True, True]	96.0	3.0	133.0	I	False	('B-', 'D', 'F')	B-	B-	0.0	major triad	(2, 5, 10)	B-	B-	1	None
286.0	0.5	96	['B-3', 'B-5']	['P1']	[True, True]	96.0	3.0	133.0	I	False	('B-', 'D', 'F')	B-	B-	0.0	major triad	(2, 5, 10)	B-	B-	1	None
286.5	0.5	96	['B-3', 'B-5']	['P1']	[True, True]	96.0	3.0	133.0	I	False	('B-', 'D', 'F')	B-	B-	0.0	major triad	(2, 5, 10)	B-	B-	1	None
287.0	0.5	96	['A3', 'A5']	['P1']	[True, True]	96.0	3.0	133.0	I	False	('B-', 'D', 'F')	B-	B-	0.0	major triad	(2, 5, 10)	B-	B-	1	None
287.5	0.5	96	['B-3', 'B-5']	['P1']	[True, True]	96.0	3.0	133.0	I	False	('B-', 'D', 'F')	B-	B-	0.0	major triad	(2, 5, 10)	B-	B-	1	None
288.0	0.25	97	['G3', 'B-3', 'B-4']	['m3', 'm3']	[True, True, True]	97.0	3.0	134.0	vi	True	('G', 'B-', 'D')	G	G	0.0	minor triad	(2, 7, 10)	B-	B-	6	None
288.25	0.25	97	['G3', 'B-3', 'C5']	['m3', 'P4']	[False, False, True]	97.0	3.0	134.0	vi	False	('G', 'B-', 'D')	G	G	0.0	minor triad	(2, 7, 10)	B-	B-	6	None
288.5	0.25	97	['G3', 'B-3', 'B-4']	['m3', 'm3']	[False, False, True]	97.0	3.0	134.0	vi	False	('G', 'B-', 'D')	G	G	0.0	minor triad	(2, 7, 10)	B-	B-	6	None
288.75	0.25	97	['G3', 'B-3', 'A4']	['m3', 'M2']	[False, False, True]	97.0	3.0	134.0	vi	False	('G', 'B-', 'D')	G	G	0.0	minor triad	(2, 7, 10)	B-	B-	6	None
289.0	0.25	97	['G3', 'B-3', 'B-4']	['m3', 'm3']	[False, False, True]	97.0	3.0	134.0	vi	False	('G', 'B-', 'D')	G	G	0.0	minor triad	(2, 7, 10)	B-	B-	6	None
289.25	0.25	97	['G3', 'B-3', 'A4']	['m3', 'M2']	[False, False, True]	97.0	3.0	134.0	vi	False	('G', 'B-', 'D')	G	G	0.0	minor triad	(2, 7, 10)	B-	B-	6	None
289.5	0.25	97	['G3', 'B-3', 'B-4']	['m3', 'm3']	[False, False, True]	97.0	3.0	134.0	vi	False	('G', 'B-', 'D')	G	G	0.0	minor triad	(2, 7, 10)	B-	B-	6	None
289.75	0.25	97	['G3', 'B-3', 'B4']	['m3', 'M3']	[False, False, True]	97.0	3.0	134.0	vi	False	('G', 'B-', 'D')	G	G	0.0	minor triad	(2, 7, 10)	B-	B-	6	None
290.0	0.25	97	['G3', 'B-3', 'C5']	['m3', 'P4']	[False, False, True]	97.0	3.0	134.0	vi	False	('G', 'B-', 'D')	G	G	0.0	minor triad	(2, 7, 10)	B-	B-	6	None
290.25	0.25	97	['G3', 'B-3', 'C#5']	['m3', 'A4']	[False, False, True]	97.0	3.0	134.0	vi	False	('G', 'B-', 'D')	G	G	0.0	minor triad	(2, 7, 10)	B-	B-	6	None
290.5	0.25	97	['G3', 'B-3', 'D5']	['m3', 'P5']	[False, False, True]	97.0	3.0	134.0	vi	False	('G', 'B-', 'D')	G	G	0.0	minor triad	(2, 7, 10)	B-	B-	6	None
290.75	0.25	97	['G3', 'B-3', 'E-5']	['m3', 'm6']	[False, False, True]	97.0	3.0	134.0	vi	False	('G', 'B-', 'D')	G	G	0.0	minor triad	(2, 7, 10)	B-	B-	6	None
291.0	0.2143	98	['G-3', 'B-3', 'D-4', 'E4', 'E5']	['M3', 'P5', 'A6', 'A6']	[True, True, True, True, True]	98.0	3.0	135.0	Ger7	True	('G-', 'B-', 'D-', 'E')	G-	E	1.0	German augmented sixth chord	(1, 4, 6, 10)	B-	B-	#4	None
291.2143	0.2143	98	['G-3', 'B-3', 'D-4', 'E4', 'F5']	['M3', 'P5', 'A6', 'M7']	[False, False, False, False, True]	98.0	3.0	135.0	Ger7	False	('G-', 'B-', 'D-', 'E')	G-	E	1.0	German augmented sixth chord	(1, 4, 6, 10)	B-	B-	#4	None
291.4286	0.2143	98	['G-3', 'B-3', 'D-4', 'E4', 'F#5']	['M3', 'P5', 'A6', 'A7']	[False, False, False, False, True]	98.0	3.0	135.0	Ger7	False	('G-', 'B-', 'D-', 'E')	G-	E	1.0	German augmented sixth chord	(1, 4, 6, 10)	B-	B-	#4	None
291.6429	0.2143	98	['G-3', 'B-3', 'D-4', 'E4', 'G5']	['M3', 'P5', 'A6', 'A1']	[False, False, False, False, True]	98.0	3.0	135.0	Ger7	False	('G-', 'B-', 'D-', 'E')	G-	E	1.0	German augmented sixth chord	(1, 4, 6, 10)	B-	B-	#4	None
291.8571	0.2143	98	['G-3', 'B-3', 'D-4', 'E4', 'A-5']	['M3', 'P5', 'A6', 'M2']	[False, False, False, False, True]	98.0	3.0	135.0	Ger7	False	('G-', 'B-', 'D-', 'E')	G-	E	1.0	German augmented sixth chord	(1, 4, 6, 10)	B-	B-	#4	None
292.0714	0.2143	98	['G-3', 'B-3', 'D-4', 'E4', 'A5']	['M3', 'P5', 'A6', 'A2']	[False, False, False, False, True]	98.0	3.0	135.0	Ger7	False	('G-', 'B-', 'D-', 'E')	G-	E	1.0	German augmented sixth chord	(1, 4, 6, 10)	B-	B-	#4	None
292.2857	0.2143	98	['G-3', 'B-3', 'D-4', 'E4', 'B-5']	['M3', 'P5', 'A6', 'M3']	[False, False, False, False, True]	98.0	3.0	135.0	Ger7	False	('G-', 'B-', 'D-', 'E')	G-	E	1.0	German augmented sixth chord	(1, 4, 6, 10)	B-	B-	#4	None
292.5	0.25	98	['G-3', 'B-3', 'D-4', 'E4', 'B5']	['M3', 'P5', 'A6', 'A3']	[False, False, False, False, True]	98.0	3.0	135.0	Ger7	False	('G-', 'B-', 'D-', 'E')	G-	E	1.0	German augmented sixth chord	(1, 4, 6, 10)	B-	B-	#4	None
292.75	0.25	98	['G-3', 'B-3', 'D-4', 'E4', 'C6']	['M3', 'P5', 'A6', 'A4']	[False, False, False, False, True]	98.0	3.0	135.0	Ger7	False	('G-', 'B-', 'D-', 'E')	G-	E	1.0	German augmented sixth chord	(1, 4, 6, 10)	B-	B-	#4	None
293.0	0.25	98	['G-3', 'B-3', 'D-4', 'E4', 'C#6']	['M3', 'P5', 'A6', 'AA4']	[False, False, False, False, True]	98.0	3.0	135.0	Ger7	False	('G-', 'B-', 'D-', 'E')	G-	E	1.0	German augmented sixth chord	(1, 4, 6, 10)	B-	B-	#4	None
293.25	0.25	98	['G-3', 'B-3', 'D-4', 'E4', 'D6']	['M3', 'P5', 'A6', 'A5']	[False, False, False, False, True]	98.0	3.0	135.0	Ger7	False	('G-', 'B-', 'D-', 'E')	G-	E	1.0	German augmented sixth chord	(1, 4, 6, 10)	B-	B-	#4	None
293.5	0.25	98	['G-3', 'B-3', 'D-4', 'E4', 'E-6']	['M3', 'P5', 'A6', 'M6']	[False, False, False, False, True]	98.0	3.0	135.0	Ger7	False	('G-', 'B-', 'D-', 'E')	G-	E	1.0	German augmented sixth chord	(1, 4, 6, 10)	B-	B-	#4	None
293.75	0.25	98	['G-3', 'B-3', 'D-4', 'E4', 'E6']	['M3', 'P5', 'A6', 'A6']	[False, False, False, False, True]	98.0	3.0	135.0	Ger7	False	('G-', 'B-', 'D-', 'E')	G-	E	1.0	German augmented sixth chord	(1, 4, 6, 10)	B-	B-	#4	None
294.0	0.5	99	['F3', 'B-3', 'D4', 'F4', 'F6']	['P4', 'M6', 'P1', 'P1']	[True, True, True, True, True]	99.0	3.0	136.0	I	True	('F', 'B-', 'D')	F	B-	2.0	major triad	(2, 5, 10)	B-	B-	1	None
294.5	0.5	99	['F3', 'F6']	['P1']	[True, False]	99.0	3.0	136.0	I	False	('F', 'B-', 'D')	F	B-	2.0	major triad	(2, 5, 10)	B-	B-	1	None
295.0	0.5	99	['F3']	[]	[True]	99.0	3.0	136.0	I	False	('F', 'B-', 'D')	F	B-	2.0	major triad	(2, 5, 10)	B-	B-	1	None
295.5	0.5	99	['D5', 'B-5', 'D6']	['m6', 'P1']	[True, True, True]	99.0	3.0	136.0	I	False	('F', 'B-', 'D')	F	B-	2.0	major triad	(2, 5, 10)	B-	B-	1	None
296.0	0.5	99	['F3', 'D5', 'B-5', 'D6']	['M6', 'P4', 'M6']	[True, False, False, False]	99.0	3.0	136.0	I	False	('F', 'B-', 'D')	F	B-	2.0	major triad	(2, 5, 10)	B-	B-	1	None
296.5	0.5	99	['F3']	[]	[True]	99.0	3.0	136.0	I	False	('F', 'B-', 'D')	F	B-	2.0	major triad	(2, 5, 10)	B-	B-	1	None
297.0	0.5	100	['E-5', 'C6', 'E-6']	['M6', 'P1']	[True, True, True]	100.0	3.0	137.0	V7	True	('F', 'A', 'C', 'E-')	F	F	0.0	dominant seventh chord	(0, 3, 5, 9)	B-	B-	5	None
297.5	0.5	100	['F2', 'E-5', 'C6', 'E-6']	['m7', 'P5', 'm7']	[True, False, False, False]	100.0	3.0	137.0	V7	False	('F', 'A', 'C', 'E-')	F	F	0.0	dominant seventh chord	(0, 3, 5, 9)	B-	B-	5	None
298.0	0.5	100	['F2']	[]	[True]	100.0	3.0	137.0	V7	False	('F', 'A', 'C', 'E-')	F	F	0.0	dominant seventh chord	(0, 3, 5, 9)	B-	B-	5	None
298.5	0.5	100	['A4', 'C5', 'E-5', 'A5']	['m3', 'd5', 'P1']	[True, True, True, True]	100.0	3.0	137.0	V7	False	('F', 'A', 'C', 'E-')	F	F	0.0	dominant seventh chord	(0, 3, 5, 9)	B-	B-	5	None
299.0	0.5	100	['F2', 'A4', 'C5', 'E-5', 'A5']	['M3', 'P5', 'm7', 'M3']	[True, False, False, False, False]	100.0	3.0	137.0	V7	False	('F', 'A', 'C', 'E-')	F	F	0.0	dominant seventh chord	(0, 3, 5, 9)	B-	B-	5	None
299.5	0.5	100	['F2']	[]	[True]	100.0	3.0	137.0	V7	False	('F', 'A', 'C', 'E-')	F	F	0.0	dominant seventh chord	(0, 3, 5, 9)	B-	B-	5	None
300.0	0.25	101	['B-1', 'B-3']	['P1']	[True, True]	101.0	3.0	138.0	I	True	('B-', 'D', 'F')	B-	B-	0.0	major triad	(2, 5, 10)	B-	B-	1	None
300.25	0.25	101	['B-1', 'B-4']	['P1']	[False, True]	101.0	3.0	138.0	I	False	('B-', 'D', 'F')	B-	B-	0.0	major triad	(2, 5, 10)	B-	B-	1	None
300.5	0.25	101	['B-2', 'B-3']	['P1']	[True, True]	101.0	3.0	138.0	I	False	('B-', 'D', 'F')	B-	B-	0.0	major triad	(2, 5, 10)	B-	B-	1	None
300.75	0.25	101	['B-2', 'B-4']	['P1']	[False, True]	101.0	3.0	138.0	I	False	('B-', 'D', 'F')	B-	B-	0.0	major triad	(2, 5, 10)	B-	B-	1	None
301.0	0.25	101	['B-2', 'B-3']	['P1']	[True, True]	101.0	3.0	138.0	I	False	('B-', 'D', 'F')	B-	B-	0.0	major triad	(2, 5, 10)	B-	B-	1	None
301.25	0.25	101	['B-2', 'B-4']	['P1']	[False, True]	101.0	3.0	138.0	I	False	('B-', 'D', 'F')	B-	B-	0.0	major triad	(2, 5, 10)	B-	B-	1	None
301.5	0.25	101	['B-2', 'B-3']	['P1']	[True, True]	101.0	3.0	138.0	I	False	('B-', 'D', 'F')	B-	B-	0.0	major triad	(2, 5, 10)	B-	B-	1	None
301.75	0.25	101	['B-2', 'B-4']	['P1']	[False, True]	101.0	3.0	138.0	I	False	('B-', 'D', 'F')	B-	B-	0.0	major triad	(2, 5, 10)	B-	B-	1	None
302.0	0.25	101	['A2', 'A3']	['P1']	[True, True]	101.0	3.0	138.0	I	False	('B-', 'D', 'F')	B-	B-	0.0	major triad	(2, 5, 10)	B-	B-	1	None
302.25	0.25	101	['A2', 'A4']	['P1']	[False, True]	101.0	3.0	138.0	I	False	('B-', 'D', 'F')	B-	B-	0.0	major triad	(2, 5, 10)	B-	B-	1	None
302.5	0.25	101	['B-2', 'B-3']	['P1']	[True, True]	101.0	3.0	138.0	I	False	('B-', 'D', 'F')	B-	B-	0.0	major triad	(2, 5, 10)	B-	B-	1	None
302.75	0.25	101	['B-2', 'B-4']	['P1']	[False, True]	101.0	3.0	138.0	I	False	('B-', 'D', 'F')	B-	B-	0.0	major triad	(2, 5, 10)	B-	B-	1	None
303.0	0.25	102	['D2', 'D4']	['P1']	[True, True]	102.0	3.0	139.0	I	True	('B-', 'D', 'F')	B-	B-	0.0	major triad	(2, 5, 10)	B-	B-	1	None
303.25	0.25	102	['D2', 'D5']	['P1']	[False, True]	102.0	3.0	139.0	I	False	('B-', 'D', 'F')	B-	B-	0.0	major triad	(2, 5, 10)	B-	B-	1	None
303.5	0.25	102	['D3', 'D4']	['P1']	[True, True]	102.0	3.0	139.0	I	False	('B-', 'D', 'F')	B-	B-	0.0	major triad	(2, 5, 10)	B-	B-	1	None
303.75	0.25	102	['D3', 'D5']	['P1']	[False, True]	102.0	3.0	139.0	I	False	('B-', 'D', 'F')	B-	B-	0.0	major triad	(2, 5, 10)	B-	B-	1	None
304.0	0.25	102	['D3', 'D4']	['P1']	[True, True]	102.0	3.0	139.0	I	False	('B-', 'D', 'F')	B-	B-	0.0	major triad	(2, 5, 10)	B-	B-	1	None
304.25	0.25	102	['D3', 'D5']	['P1']	[False, True]	102.0	3.0	139.0	I	False	('B-', 'D', 'F')	B-	B-	0.0	major triad	(2, 5, 10)	B-	B-	1	None
304.5	0.25	102	['D3', 'D4']	['P1']	[True, True]	102.0	3.0	139.0	I	False	('B-', 'D', 'F')	B-	B-	0.0	major triad	(2, 5, 10)	B-	B-	1	None
304.75	0.25	102	['D3', 'D5']	['P1']	[False, True]	102.0	3.0	139.0	I	False	('B-', 'D', 'F')	B-	B-	0.0	major triad	(2, 5, 10)	B-	B-	1	None
305.0	0.25	102	['C#3', 'C#4']	['P1']	[True, True]	102.0	3.0	139.0	I	False	('B-', 'D', 'F')	B-	B-	0.0	major triad	(2, 5, 10)	B-	B-	1	None
305.25	0.25	102	['C#3', 'C#5']	['P1']	[False, True]	102.0	3.0	139.0	I	False	('B-', 'D', 'F')	B-	B-	0.0	major triad	(2, 5, 10)	B-	B-	1	None
305.5	0.25	102	['D3', 'D4']	['P1']	[True, True]	102.0	3.0	139.0	I	False	('B-', 'D', 'F')	B-	B-	0.0	major triad	(2, 5, 10)	B-	B-	1	None
305.75	0.25	102	['D3', 'D5']	['P1']	[False, True]	102.0	3.0	139.0	I	False	('B-', 'D', 'F')	B-	B-	0.0	major triad	(2, 5, 10)	B-	B-	1	None
306.0	0.25	103	['F2', 'F4']	['P1']	[True, True]	103.0	3.0	140.0	I	True	('B-', 'D', 'F')	B-	B-	0.0	major triad	(2, 5, 10)	B-	B-	1	None
306.25	0.25	103	['F2', 'F5']	['P1']	[False, True]	103.0	3.0	140.0	I	False	('B-', 'D', 'F')	B-	B-	0.0	major triad	(2, 5, 10)	B-	B-	1	None
306.5	0.25	103	['F3', 'F4']	['P1']	[True, True]	103.0	3.0	140.0	I	False	('B-', 'D', 'F')	B-	B-	0.0	major triad	(2, 5, 10)	B-	B-	1	None
306.75	0.25	103	['F3', 'F5']	['P1']	[False, True]	103.0	3.0	140.0	I	False	('B-', 'D', 'F')	B-	B-	0.0	major triad	(2, 5, 10)	B-	B-	1	None
307.0	0.25	103	['F3', 'F4']	['P1']	[True, True]	103.0	3.0	140.0	I	False	('B-', 'D', 'F')	B-	B-	0.0	major triad	(2, 5, 10)	B-	B-	1	None
307.25	0.25	103	['F3', 'F5']	['P1']	[False, True]	103.0	3.0	140.0	I	False	('B-', 'D', 'F')	B-	B-	0.0	major triad	(2, 5, 10)	B-	B-	1	None
307.5	0.25	103	['F3', 'F4']	['P1']	[True, True]	103.0	3.0	140.0	I	False	('B-', 'D', 'F')	B-	B-	0.0	major triad	(2, 5, 10)	B-	B-	1	None
307.75	0.25	103	['F3', 'F5']	['P1']	[False, True]	103.0	3.0	140.0	I	False	('B-', 'D', 'F')	B-	B-	0.0	major triad	(2, 5, 10)	B-	B-	1	None
308.0	0.25	103	['E3', 'E4']	['P1']	[True, True]	103.0	3.0	140.0	I	False	('B-', 'D', 'F')	B-	B-	0.0	major triad	(2, 5, 10)	B-	B-	1	None
308.25	0.25	103	['E3', 'E5']	['P1']	[False, True]	103.0	3.0	140.0	I	False	('B-', 'D', 'F')	B-	B-	0.0	major triad	(2, 5, 10)	B-	B-	1	None
308.5	0.25	103	['F3', 'F4']	['P1']	[True, True]	103.0	3.0	140.0	I	False	('B-', 'D', 'F')	B-	B-	0.0	major triad	(2, 5, 10)	B-	B-	1	None
308.75	0.25	103	['F3', 'F5']	['P1']	[False, True]	103.0	3.0	140.0	I	False	('B-', 'D', 'F')	B-	B-	0.0	major triad	(2, 5, 10)	B-	B-	1	None
309.0	0.25	104	['B-2', 'B-4']	['P1']	[True, True]	104.0	3.0	141.0	I	True	('B-', 'D', 'F')	B-	B-	0.0	major triad	(2, 5, 10)	B-	B-	1	None
309.25	0.25	104	['B-2', 'B-5']	['P1']	[False, True]	104.0	3.0	141.0	I	False	('B-', 'D', 'F')	B-	B-	0.0	major triad	(2, 5, 10)	B-	B-	1	None
309.5	0.25	104	['B-3', 'B-4']	['P1']	[True, True]	104.0	3.0	141.0	I	False	('B-', 'D', 'F')	B-	B-	0.0	major triad	(2, 5, 10)	B-	B-	1	None
309.75	0.25	104	['B-3', 'B-5']	['P1']	[False, True]	104.0	3.0	141.0	I	False	('B-', 'D', 'F')	B-	B-	0.0	major triad	(2, 5, 10)	B-	B-	1	None
310.0	0.25	104	['B-3', 'B-4']	['P1']	[True, True]	104.0	3.0	141.0	I	False	('B-', 'D', 'F')	B-	B-	0.0	major triad	(2, 5, 10)	B-	B-	1	None
310.25	0.25	104	['B-3', 'B-5']	['P1']	[False, True]	104.0	3.0	141.0	I	False	('B-', 'D', 'F')	B-	B-	0.0	major triad	(2, 5, 10)	B-	B-	1	None
310.5	0.25	104	['B-3', 'B-4']	['P1']	[True, True]	104.0	3.0	141.0	I	False	('B-', 'D', 'F')	B-	B-	0.0	major triad	(2, 5, 10)	B-	B-	1	None
310.75	0.25	104	['B-3', 'B-5']	['P1']	[False, True]	104.0	3.0	141.0	I	False	('B-', 'D', 'F')	B-	B-	0.0	major triad	(2, 5, 10)	B-	B-	1	None
311.0	0.25	104	['A3', 'A4']	['P1']	[True, True]	104.0	3.0	141.0	I	False	('B-', 'D', 'F')	B-	B-	0.0	major triad	(2, 5, 10)	B-	B-	1	None
311.25	0.25	104	['A3', 'A5']	['P1']	[False, True]	104.0	3.0	141.0	I	False	('B-', 'D', 'F')	B-	B-	0.0	major triad	(2, 5, 10)	B-	B-	1	None
311.5	0.25	104	['B-3', 'B-4']	['P1']	[True, True]	104.0	3.0	141.0	I	False	('B-', 'D', 'F')	B-	B-	0.0	major triad	(2, 5, 10)	B-	B-	1	None
311.75	0.25	104	['B-3', 'B-5']	['P1']	[False, True]	104.0	3.0	141.0	I	False	('B-', 'D', 'F')	B-	B-	0.0	major triad	(2, 5, 10)	B-	B-	1	None
312.0	0.25	105	['G2', 'B-2', 'G3', 'B-3']	['m3', 'P1', 'm3']	[True, True, True, True]	105.0	3.0	142.0	vi	True	('G', 'B-', 'D')	G	G	0.0	minor triad	(2, 7, 10)	B-	B-	6	None
312.25	0.25	105	['G2', 'B-2', 'G3', 'C4']	['m3', 'P1', 'P4']	[False, False, False, True]	105.0	3.0	142.0	vi	False	('G', 'B-', 'D')	G	G	0.0	minor triad	(2, 7, 10)	B-	B-	6	None
312.5	0.25	105	['G2', 'B-2', 'G3', 'B-3']	['m3', 'P1', 'm3']	[False, False, False, True]	105.0	3.0	142.0	vi	False	('G', 'B-', 'D')	G	G	0.0	minor triad	(2, 7, 10)	B-	B-	6	None
312.75	0.25	105	['G2', 'B-2', 'G3', 'A3']	['m3', 'P1', 'M2']	[False, False, False, True]	105.0	3.0	142.0	vi	False	('G', 'B-', 'D')	G	G	0.0	minor triad	(2, 7, 10)	B-	B-	6	None
313.0	0.25	105	['G2', 'B-2', 'G3', 'B-3']	['m3', 'P1', 'm3']	[False, False, False, True]	105.0	3.0	142.0	vi	False	('G', 'B-', 'D')	G	G	0.0	minor triad	(2, 7, 10)	B-	B-	6	None
313.25	0.25	105	['G2', 'B-2', 'G3', 'A3']	['m3', 'P1', 'M2']	[False, False, False, True]	105.0	3.0	142.0	vi	False	('G', 'B-', 'D')	G	G	0.0	minor triad	(2, 7, 10)	B-	B-	6	None
313.5	0.25	105	['G2', 'B-2', 'G3', 'B-3']	['m3', 'P1', 'm3']	[False, False, False, True]	105.0	3.0	142.0	vi	False	('G', 'B-', 'D')	G	G	0.0	minor triad	(2, 7, 10)	B-	B-	6	None
313.75	0.25	105	['G2', 'B-2', 'G3', 'B3']	['m3', 'P1', 'M3']	[False, False, False, True]	105.0	3.0	142.0	vi	False	('G', 'B-', 'D')	G	G	0.0	minor triad	(2, 7, 10)	B-	B-	6	None
314.0	0.25	105	['G2', 'B-2', 'G3', 'C4']	['m3', 'P1', 'P4']	[False, False, False, True]	105.0	3.0	142.0	vi	False	('G', 'B-', 'D')	G	G	0.0	minor triad	(2, 7, 10)	B-	B-	6	None
314.25	0.25	105	['G2', 'B-2', 'G3', 'C#4']	['m3', 'P1', 'A4']	[False, False, False, True]	105.0	3.0	142.0	vi	False	('G', 'B-', 'D')	G	G	0.0	minor triad	(2, 7, 10)	B-	B-	6	None
314.5	0.25	105	['G2', 'B-2', 'G3', 'D4']	['m3', 'P1', 'P5']	[False, False, False, True]	105.0	3.0	142.0	vi	False	('G', 'B-', 'D')	G	G	0.0	minor triad	(2, 7, 10)	B-	B-	6	None
314.75	0.25	105	['G2', 'B-2', 'G3', 'E-4']	['m3', 'P1', 'm6']	[False, False, False, True]	105.0	3.0	142.0	vi	False	('G', 'B-', 'D')	G	G	0.0	minor triad	(2, 7, 10)	B-	B-	6	None
315.0	0.25	106	['G-2', 'B-2', 'G-3', 'E4']	['M3', 'P1', 'A6']	[True, True, True, True]	106.0	3.0	143.0	It	True	('G-', 'B-', 'E')	G-	E	1.0	Italian augmented sixth chord	(4, 6, 10)	B-	B-	#4	None
315.25	0.25	106	['G-2', 'B-2', 'G-3', 'F4']	['M3', 'P1', 'M7']	[False, False, False, True]	106.0	3.0	143.0	It	False	('G-', 'B-', 'E')	G-	E	1.0	Italian augmented sixth chord	(4, 6, 10)	B-	B-	#4	None
315.5	0.25	106	['G-2', 'B-2', 'G-3', 'F#4']	['M3', 'P1', 'A7']	[False, False, False, True]	106.0	3.0	143.0	It	False	('G-', 'B-', 'E')	G-	E	1.0	Italian augmented sixth chord	(4, 6, 10)	B-	B-	#4	None
315.75	0.25	106	['G-2', 'B-2', 'G-3', 'G4']	['M3', 'P1', 'A1']	[False, False, False, True]	106.0	3.0	143.0	It	False	('G-', 'B-', 'E')	G-	E	1.0	Italian augmented sixth chord	(4, 6, 10)	B-	B-	#4	None
316.0	0.25	106	['G-2', 'B-2', 'G-3', 'A-4']	['M3', 'P1', 'M2']	[False, False, False, True]	106.0	3.0	143.0	It	False	('G-', 'B-', 'E')	G-	E	1.0	Italian augmented sixth chord	(4, 6, 10)	B-	B-	#4	None
316.25	0.25	106	['G-2', 'B-2', 'G-3', 'A4']	['M3', 'P1', 'A2']	[False, False, False, True]	106.0	3.0	143.0	It	False	('G-', 'B-', 'E')	G-	E	1.0	Italian augmented sixth chord	(4, 6, 10)	B-	B-	#4	None
316.5	0.25	106	['G-2', 'B-2', 'G-3', 'B-4']	['M3', 'P1', 'M3']	[False, False, False, True]	106.0	3.0	143.0	It	False	('G-', 'B-', 'E')	G-	E	1.0	Italian augmented sixth chord	(4, 6, 10)	B-	B-	#4	None
316.75	0.25	106	['G-2', 'B-2', 'G-3', 'B4']	['M3', 'P1', 'A3']	[False, False, False, True]	106.0	3.0	143.0	It	False	('G-', 'B-', 'E')	G-	E	1.0	Italian augmented sixth chord	(4, 6, 10)	B-	B-	#4	None
317.0	0.25	106	['G-2', 'B-2', 'G-3', 'C5']	['M3', 'P1', 'A4']	[False, False, False, True]	106.0	3.0	143.0	It	False	('G-', 'B-', 'E')	G-	E	1.0	Italian augmented sixth chord	(4, 6, 10)	B-	B-	#4	None
317.25	0.25	106	['G-2', 'B-2', 'G-3', 'C#5']	['M3', 'P1', 'AA4']	[False, False, False, True]	106.0	3.0	143.0	It	False	('G-', 'B-', 'E')	G-	E	1.0	Italian augmented sixth chord	(4, 6, 10)	B-	B-	#4	None
317.5	0.25	106	['G-2', 'B-2', 'G-3', 'D5']	['M3', 'P1', 'A5']	[False, False, False, True]	106.0	3.0	143.0	It	False	('G-', 'B-', 'E')	G-	E	1.0	Italian augmented sixth chord	(4, 6, 10)	B-	B-	#4	None
317.75	0.25	106	['G-2', 'B-2', 'G-3', 'E-5']	['M3', 'P1', 'M6']	[False, False, False, True]	106.0	3.0	143.0	It	False	('G-', 'B-', 'E')	G-	E	1.0	Italian augmented sixth chord	(4, 6, 10)	B-	B-	#4	None
318.0	0.25	107	['F2', 'B-2', 'F3', 'E5']	['P4', 'P1', 'M7']	[True, True, True, True]	107.0	3.0	144.0	I	True	('F', 'B-', 'D')	F	B-	2.0	major triad	(2, 5, 10)	B-	B-	1	None
318.25	0.25	107	['F2', 'B-2', 'F3', 'F5']	['P4', 'P1', 'P1']	[False, False, False, True]	107.0	3.0	144.0	I	False	('F', 'B-', 'D')	F	B-	2.0	major triad	(2, 5, 10)	B-	B-	1	None
318.5	0.25	107	['F2', 'B-2', 'F3', 'F#5']	['P4', 'P1', 'A1']	[False, False, False, True]	107.0	3.0	144.0	I	False	('F', 'B-', 'D')	F	B-	2.0	major triad	(2, 5, 10)	B-	B-	1	None
318.75	0.25	107	['F2', 'B-2', 'F3', 'G5']	['P4', 'P1', 'M2']	[False, False, False, True]	107.0	3.0	144.0	I	False	('F', 'B-', 'D')	F	B-	2.0	major triad	(2, 5, 10)	B-	B-	1	None
319.0	0.25	107	['F2', 'B-2', 'F3', 'A-5']	['P4', 'P1', 'm3']	[False, False, False, True]	107.0	3.0	144.0	I	False	('F', 'B-', 'D')	F	B-	2.0	major triad	(2, 5, 10)	B-	B-	1	None
319.25	0.25	107	['F2', 'B-2', 'F3', 'A5']	['P4', 'P1', 'M3']	[False, False, False, True]	107.0	3.0	144.0	I	False	('F', 'B-', 'D')	F	B-	2.0	major triad	(2, 5, 10)	B-	B-	1	None
319.5	0.25	107	['F2', 'B-2', 'F3', 'B-5']	['P4', 'P1', 'P4']	[False, False, False, True]	107.0	3.0	144.0	I	False	('F', 'B-', 'D')	F	B-	2.0	major triad	(2, 5, 10)	B-	B-	1	None
319.75	0.25	107	['F2', 'B-2', 'F3', 'B5']	['P4', 'P1', 'A4']	[False, False, False, True]	107.0	3.0	144.0	I	False	('F', 'B-', 'D')	F	B-	2.0	major triad	(2, 5, 10)	B-	B-	1	None
320.0	0.25	107	['F2', 'B-2', 'F3', 'C6']	['P4', 'P1', 'P5']	[False, False, False, True]	107.0	3.0	144.0	I	False	('F', 'B-', 'D')	F	B-	2.0	major triad	(2, 5, 10)	B-	B-	1	None
320.25	0.25	107	['F2', 'B-2', 'F3', 'D-6']	['P4', 'P1', 'm6']	[False, False, False, True]	107.0	3.0	144.0	I	False	('F', 'B-', 'D')	F	B-	2.0	major triad	(2, 5, 10)	B-	B-	1	None
320.5	0.25	107	['F2', 'B-2', 'F3', 'C6']	['P4', 'P1', 'P5']	[False, False, False, True]	107.0	3.0	144.0	I	False	('F', 'B-', 'D')	F	B-	2.0	major triad	(2, 5, 10)	B-	B-	1	None
320.75	0.25	107	['F2', 'B-2', 'F3', 'D-6']	['P4', 'P1', 'm6']	[False, False, False, True]	107.0	3.0	144.0	I	False	('F', 'B-', 'D')	F	B-	2.0	major triad	(2, 5, 10)	B-	B-	1	None
321.0	0.25	108	['E2', 'B-2', 'E3', 'C6']	['d5', 'P1', 'm6']	[True, True, True, True]	108.0	3.0	145.0	V7/V	True	('E', 'G', 'B-', 'C')	E	C	1.0	dominant seventh chord	(0, 4, 7, 10)	B-	F	5	5
321.25	0.25	108	['E2', 'B-2', 'E3', 'D-6']	['d5', 'P1', 'd7']	[False, False, False, True]	108.0	3.0	145.0	V7/V	False	('E', 'G', 'B-', 'C')	E	C	1.0	dominant seventh chord	(0, 4, 7, 10)	B-	F	5	5
321.5	0.25	108	['E2', 'B-2', 'E3', 'C6']	['d5', 'P1', 'm6']	[False, False, False, True]	108.0	3.0	145.0	V7/V	False	('E', 'G', 'B-', 'C')	E	C	1.0	dominant seventh chord	(0, 4, 7, 10)	B-	F	5	5
321.75	0.25	108	['E2', 'B-2', 'E3', 'D-6']	['d5', 'P1', 'd7']	[False, False, False, True]	108.0	3.0	145.0	V7/V	False	('E', 'G', 'B-', 'C')	E	C	1.0	dominant seventh chord	(0, 4, 7, 10)	B-	F	5	5
322.0	0.25	108	['E2', 'B-2', 'E3', 'C6']	['d5', 'P1', 'm6']	[False, False, False, True]	108.0	3.0	145.0	V7/V	False	('E', 'G', 'B-', 'C')	E	C	1.0	dominant seventh chord	(0, 4, 7, 10)	B-	F	5	5
322.25	0.25	108	['E2', 'B-2', 'E3', 'D-6']	['d5', 'P1', 'd7']	[False, False, False, True]	108.0	3.0	145.0	V7/V	False	('E', 'G', 'B-', 'C')	E	C	1.0	dominant seventh chord	(0, 4, 7, 10)	B-	F	5	5
322.5	0.25	108	['E2', 'B-2', 'E3', 'C6']	['d5', 'P1', 'm6']	[False, False, False, True]	108.0	3.0	145.0	V7/V	False	('E', 'G', 'B-', 'C')	E	C	1.0	dominant seventh chord	(0, 4, 7, 10)	B-	F	5	5
322.75	0.25	108	['E2', 'B-2', 'E3', 'D-6']	['d5', 'P1', 'd7']	[False, False, False, True]	108.0	3.0	145.0	V7/V	False	('E', 'G', 'B-', 'C')	E	C	1.0	dominant seventh chord	(0, 4, 7, 10)	B-	F	5	5
323.0	0.25	108	['E2', 'B-2', 'E3', 'C6']	['d5', 'P1', 'm6']	[False, False, False, True]	108.0	3.0	145.0	V7/V	False	('E', 'G', 'B-', 'C')	E	C	1.0	dominant seventh chord	(0, 4, 7, 10)	B-	F	5	5
323.25	0.25	108	['E2', 'B-2', 'E3', 'D-6']	['d5', 'P1', 'd7']	[False, False, False, True]	108.0	3.0	145.0	V7/V	False	('E', 'G', 'B-', 'C')	E	C	1.0	dominant seventh chord	(0, 4, 7, 10)	B-	F	5	5
323.5	0.25	108	['E2', 'B-2', 'E3', 'C6']	['d5', 'P1', 'm6']	[False, False, False, True]	108.0	3.0	145.0	V7/V	False	('E', 'G', 'B-', 'C')	E	C	1.0	dominant seventh chord	(0, 4, 7, 10)	B-	F	5	5
323.75	0.25	108	['E2', 'B-2', 'E3', 'D-6']	['d5', 'P1', 'd7']	[False, False, False, True]	108.0	3.0	145.0	V7/V	False	('E', 'G', 'B-', 'C')	E	C	1.0	dominant seventh chord	(0, 4, 7, 10)	B-	F	5	5
324.0	0.1667	109	['F2', 'B-2', 'F3', 'D6']	['P4', 'P1', 'M6']	[True, True, True, True]	109.0	3.0	146.0	I	True	('F', 'B-', 'D')	F	B-	2.0	major triad	(2, 5, 10)	B-	B-	1	None
324.1667	0.1667	109	['F2', 'B-2', 'F3', 'D6', 'E-6']	['P4', 'P1', 'M6', 'm7']	[False, False, False, False, True]	109.0	3.0	146.0	I	False	('F', 'B-', 'D')	F	B-	2.0	major triad	(2, 5, 10)	B-	B-	1	None
324.3333	0.1667	109	['F2', 'B-2', 'F3', 'D6']	['P4', 'P1', 'M6']	[False, False, False, False]	109.0	3.0	146.0	I	False	('F', 'B-', 'D')	F	B-	2.0	major triad	(2, 5, 10)	B-	B-	1	None
324.5	0.5	109	['F2', 'B-2', 'F3', 'C6']	['P4', 'P1', 'P5']	[False, False, False, True]	109.0	3.0	146.0	I	False	('F', 'B-', 'D')	F	B-	2.0	major triad	(2, 5, 10)	B-	B-	1	None
325.0	0.5	109	['B-5']	[]	[True]	109.0	3.0	146.0	I	False	('F', 'B-', 'D')	F	B-	2.0	major triad	(2, 5, 10)	B-	B-	1	None
325.5	0.1667	109	['F3', 'B-3', 'D4', 'B-5']	['P4', 'M6', 'P4']	[True, True, True, True]	109.0	3.0	146.0	I	False	('F', 'B-', 'D')	F	B-	2.0	major triad	(2, 5, 10)	B-	B-	1	None
325.6667	0.1667	109	['F3', 'B-3', 'D4', 'B-5', 'C6']	['P4', 'M6', 'P4', 'P5']	[False, False, False, False, True]	109.0	3.0	146.0	I	False	('F', 'B-', 'D')	F	B-	2.0	major triad	(2, 5, 10)	B-	B-	1	None
325.8333	0.1667	109	['F3', 'B-3', 'D4', 'B-5']	['P4', 'M6', 'P4']	[False, False, False, False]	109.0	3.0	146.0	I	False	('F', 'B-', 'D')	F	B-	2.0	major triad	(2, 5, 10)	B-	B-	1	None
326.0	0.5	109	['F3', 'B-3', 'D4', 'A5']	['P4', 'M6', 'M3']	[False, False, False, True]	109.0	3.0	146.0	I	False	('F', 'B-', 'D')	F	B-	2.0	major triad	(2, 5, 10)	B-	B-	1	None
326.5	0.5	109	['G5']	[]	[True]	109.0	3.0	146.0	I	False	('F', 'B-', 'D')	F	B-	2.0	major triad	(2, 5, 10)	B-	B-	1	None
327.0	0.1667	110	['F3', 'B-3', 'D4', 'F5']	['P4', 'M6', 'P1']	[True, True, True, True]	110.0	1.5	147.0	I	True	('F', 'B-', 'D')	F	B-	2.0	major triad	(2, 5, 10)	B-	B-	1	None
327.1667	0.1667	110	['F3', 'B-3', 'D4', 'F5', 'G5']	['P4', 'M6', 'P1', 'M2']	[False, False, False, False, True]	110.0	1.5	147.0	I	False	('F', 'B-', 'D')	F	B-	2.0	major triad	(2, 5, 10)	B-	B-	1	None
327.3333	0.1667	110	['F3', 'B-3', 'D4', 'F5']	['P4', 'M6', 'P1']	[False, False, False, False]	110.0	1.5	147.0	I	False	('F', 'B-', 'D')	F	B-	2.0	major triad	(2, 5, 10)	B-	B-	1	None
327.5	0.5	110	['F3', 'B-3', 'D4', 'E-5']	['P4', 'M6', 'm7']	[False, False, False, True]	110.0	1.5	147.0	I	False	('F', 'B-', 'D')	F	B-	2.0	major triad	(2, 5, 10)	B-	B-	1	None
328.0	0.5	110	['D5']	[]	[True]	110.0	1.5	147.0	I	False	('F', 'B-', 'D')	F	B-	2.0	major triad	(2, 5, 10)	B-	B-	1	None
328.5	0.5	110	['F3', 'C4', 'E-4', 'C5']	['P5', 'm7', 'P5']	[True, True, True, True]	110.0	1.5	148.0	V7	True	('F', 'A', 'C', 'E-')	F	F	0.0	dominant seventh chord	(0, 3, 5, 9)	B-	B-	5	None
329.0	0.5	110	['F3', 'C4', 'E-4', 'E-5']	['P5', 'm7', 'm7']	[False, False, False, True]	110.0	1.5	148.0	V7	False	('F', 'A', 'C', 'E-')	F	F	0.0	dominant seventh chord	(0, 3, 5, 9)	B-	B-	5	None
329.5	0.5	110	['A4']	[]	[True]	110.0	1.5	148.0	V7	False	('F', 'A', 'C', 'E-')	F	F	0.0	dominant seventh chord	(0, 3, 5, 9)	B-	B-	5	None
330.0	0.25	111	['B-3', 'D4', 'B-4']	['M3', 'P1']	[True, True, True]	111.0	3.0	149.0	I	True	('B-', 'D', 'F')	B-	B-	0.0	major triad	(2, 5, 10)	B-	B-	1	None
330.25	0.25	111	['B-3', 'D4', 'D5']	['M3', 'M3']	[False, False, True]	111.0	3.0	149.0	I	False	('B-', 'D', 'F')	B-	B-	0.0	major triad	(2, 5, 10)	B-	B-	1	None
330.5	0.25	111	['B-3', 'D4', 'B-5']	['M3', 'P1']	[False, False, True]	111.0	3.0	149.0	I	False	('B-', 'D', 'F')	B-	B-	0.0	major triad	(2, 5, 10)	B-	B-	1	None
330.75	0.25	111	['B-3', 'D4', 'D5']	['M3', 'M3']	[False, False, True]	111.0	3.0	149.0	I	False	('B-', 'D', 'F')	B-	B-	0.0	major triad	(2, 5, 10)	B-	B-	1	None
331.0	0.25	111	['B-5']	[]	[True]	111.0	3.0	149.0	I	False	('B-', 'D', 'F')	B-	B-	0.0	major triad	(2, 5, 10)	B-	B-	1	None
331.25	0.25	111	['D5']	[]	[True]	111.0	3.0	149.0	I	False	('B-', 'D', 'F')	B-	B-	0.0	major triad	(2, 5, 10)	B-	B-	1	None
331.5	0.25	111	['B-2', 'B-4']	['P1']	[True, True]	111.0	3.0	149.0	I	False	('B-', 'D', 'F')	B-	B-	0.0	major triad	(2, 5, 10)	B-	B-	1	None
331.75	0.25	111	['B-2', 'D5']	['M3']	[False, True]	111.0	3.0	149.0	I	False	('B-', 'D', 'F')	B-	B-	0.0	major triad	(2, 5, 10)	B-	B-	1	None
332.0	0.25	111	['B-2', 'B-5']	['P1']	[False, True]	111.0	3.0	149.0	I	False	('B-', 'D', 'F')	B-	B-	0.0	major triad	(2, 5, 10)	B-	B-	1	None
332.25	0.25	111	['B-2', 'D5']	['M3']	[False, True]	111.0	3.0	149.0	I	False	('B-', 'D', 'F')	B-	B-	0.0	major triad	(2, 5, 10)	B-	B-	1	None
332.5	0.25	111	['B-2', 'B-5']	['P1']	[False, True]	111.0	3.0	149.0	I	False	('B-', 'D', 'F')	B-	B-	0.0	major triad	(2, 5, 10)	B-	B-	1	None
332.75	0.25	111	['B-2', 'D5']	['M3']	[False, True]	111.0	3.0	149.0	I	False	('B-', 'D', 'F')	B-	B-	0.0	major triad	(2, 5, 10)	B-	B-	1	None
333.0	0.25	112	['B-2', 'C-5']	['m2']	[False, True]	112.0	1.5	150.0	viio7/IV	True	('C-', 'D', 'F', 'A-')	C-	D	3.0	diminished seventh chord	(2, 5, 8, 11)	B-	E-	7	4
333.25	0.25	112	['B-2', 'D5']	['M3']	[False, True]	112.0	1.5	150.0	viio7/IV	False	('C-', 'D', 'F', 'A-')	C-	D	3.0	diminished seventh chord	(2, 5, 8, 11)	B-	E-	7	4
333.5	0.25	112	['B-2', 'A-5']	['m7']	[False, True]	112.0	1.5	150.0	viio7/IV	False	('C-', 'D', 'F', 'A-')	C-	D	3.0	diminished seventh chord	(2, 5, 8, 11)	B-	E-	7	4
333.75	0.25	112	['B-2', 'D5']	['M3']	[False, True]	112.0	1.5	150.0	viio7/IV	False	('C-', 'D', 'F', 'A-')	C-	D	3.0	diminished seventh chord	(2, 5, 8, 11)	B-	E-	7	4
334.0	0.25	112	['B-2', 'A-5']	['m7']	[False, True]	112.0	1.5	150.0	viio7/IV	False	('C-', 'D', 'F', 'A-')	C-	D	3.0	diminished seventh chord	(2, 5, 8, 11)	B-	E-	7	4
334.25	0.25	112	['B-2', 'D5']	['M3']	[False, True]	112.0	1.5	150.0	viio7/IV	False	('C-', 'D', 'F', 'A-')	C-	D	3.0	diminished seventh chord	(2, 5, 8, 11)	B-	E-	7	4
334.5	0.25	112	['B-2', 'B-4']	['P1']	[False, True]	112.0	1.5	151.0	I	True	('B-', 'D', 'F')	B-	B-	0.0	major triad	(2, 5, 10)	B-	B-	1	None
334.75	0.25	112	['B-2', 'D5']	['M3']	[False, True]	112.0	1.5	151.0	I	False	('B-', 'D', 'F')	B-	B-	0.0	major triad	(2, 5, 10)	B-	B-	1	None
335.0	0.25	112	['B-2', 'B-5']	['P1']	[False, True]	112.0	1.5	151.0	I	False	('B-', 'D', 'F')	B-	B-	0.0	major triad	(2, 5, 10)	B-	B-	1	None
335.25	0.25	112	['B-2', 'D5']	['M3']	[False, True]	112.0	1.5	151.0	I	False	('B-', 'D', 'F')	B-	B-	0.0	major triad	(2, 5, 10)	B-	B-	1	None
335.5	0.25	112	['B-2', 'B-5']	['P1']	[False, True]	112.0	1.5	151.0	I	False	('B-', 'D', 'F')	B-	B-	0.0	major triad	(2, 5, 10)	B-	B-	1	None
335.75	0.25	112	['B-2', 'D5']	['M3']	[False, True]	112.0	1.5	151.0	I	False	('B-', 'D', 'F')	B-	B-	0.0	major triad	(2, 5, 10)	B-	B-	1	None
336.0	0.25	113	['B-2', 'A-4']	['m7']	[False, True]	113.0	1.5	152.0	viio7/IV	True	('A-', 'C-', 'D', 'F')	A-	D	2.0	diminished seventh chord	(2, 5, 8, 11)	B-	E-	7	4
336.25	0.25	113	['B-2', 'D5']	['M3']	[False, True]	113.0	1.5	152.0	viio7/IV	False	('A-', 'C-', 'D', 'F')	A-	D	2.0	diminished seventh chord	(2, 5, 8, 11)	B-	E-	7	4
336.5	0.25	113	['B-2', 'C-6']	['m2']	[False, True]	113.0	1.5	152.0	viio7/IV	False	('A-', 'C-', 'D', 'F')	A-	D	2.0	diminished seventh chord	(2, 5, 8, 11)	B-	E-	7	4
336.75	0.25	113	['B-2', 'D5']	['M3']	[False, True]	113.0	1.5	152.0	viio7/IV	False	('A-', 'C-', 'D', 'F')	A-	D	2.0	diminished seventh chord	(2, 5, 8, 11)	B-	E-	7	4
337.0	0.25	113	['B-2', 'C-6']	['m2']	[False, True]	113.0	1.5	152.0	viio7/IV	False	('A-', 'C-', 'D', 'F')	A-	D	2.0	diminished seventh chord	(2, 5, 8, 11)	B-	E-	7	4
337.25	0.25	113	['B-2', 'D5']	['M3']	[False, True]	113.0	1.5	152.0	viio7/IV	False	('A-', 'C-', 'D', 'F')	A-	D	2.0	diminished seventh chord	(2, 5, 8, 11)	B-	E-	7	4
337.5	0.25	113	['B-3', 'B-4']	['P1']	[True, True]	113.0	1.5	153.0	I	True	('B-', 'D', 'F')	B-	B-	0.0	major triad	(2, 5, 10)	B-	B-	1	None
337.75	0.25	113	['B-3', 'D5']	['M3']	[False, True]	113.0	1.5	153.0	I	False	('B-', 'D', 'F')	B-	B-	0.0	major triad	(2, 5, 10)	B-	B-	1	None
338.0	0.25	113	['B-3', 'B-5']	['P1']	[False, True]	113.0	1.5	153.0	I	False	('B-', 'D', 'F')	B-	B-	0.0	major triad	(2, 5, 10)	B-	B-	1	None
338.25	0.25	113	['B-3', 'D5']	['M3']	[False, True]	113.0	1.5	153.0	I	False	('B-', 'D', 'F')	B-	B-	0.0	major triad	(2, 5, 10)	B-	B-	1	None
338.5	0.25	113	['B-3', 'B-5']	['P1']	[False, True]	113.0	1.5	153.0	I	False	('B-', 'D', 'F')	B-	B-	0.0	major triad	(2, 5, 10)	B-	B-	1	None
338.75	0.25	113	['B-3', 'D5']	['M3']	[False, True]	113.0	1.5	153.0	I	False	('B-', 'D', 'F')	B-	B-	0.0	major triad	(2, 5, 10)	B-	B-	1	None
339.0	0.25	114	['B-3', 'C-5']	['m2']	[False, True]	114.0	1.5	154.0	viio7/IV	True	('C-', 'D', 'F', 'A-')	C-	D	3.0	diminished seventh chord	(2, 5, 8, 11)	B-	E-	7	4
339.25	0.25	114	['B-3', 'D5']	['M3']	[False, True]	114.0	1.5	154.0	viio7/IV	False	('C-', 'D', 'F', 'A-')	C-	D	3.0	diminished seventh chord	(2, 5, 8, 11)	B-	E-	7	4
339.5	0.25	114	['B-3', 'A-5']	['m7']	[False, True]	114.0	1.5	154.0	viio7/IV	False	('C-', 'D', 'F', 'A-')	C-	D	3.0	diminished seventh chord	(2, 5, 8, 11)	B-	E-	7	4
339.75	0.25	114	['B-3', 'D5']	['M3']	[False, True]	114.0	1.5	154.0	viio7/IV	False	('C-', 'D', 'F', 'A-')	C-	D	3.0	diminished seventh chord	(2, 5, 8, 11)	B-	E-	7	4
340.0	0.25	114	['B-3', 'A-5']	['m7']	[False, True]	114.0	1.5	154.0	viio7/IV	False	('C-', 'D', 'F', 'A-')	C-	D	3.0	diminished seventh chord	(2, 5, 8, 11)	B-	E-	7	4
340.25	0.25	114	['B-3', 'D5']	['M3']	[False, True]	114.0	1.5	154.0	viio7/IV	False	('C-', 'D', 'F', 'A-')	C-	D	3.0	diminished seventh chord	(2, 5, 8, 11)	B-	E-	7	4
340.5	0.25	114	['B-3', 'A-4']	['m7']	[False, True]	114.0	1.5	155.0	viio7/IV	True	('A-', 'C-', 'D', 'F')	A-	D	2.0	diminished seventh chord	(2, 5, 8, 11)	B-	E-	7	4
340.75	0.25	114	['B-3', 'D5']	['M3']	[False, True]	114.0	1.5	155.0	viio7/IV	False	('A-', 'C-', 'D', 'F')	A-	D	2.0	diminished seventh chord	(2, 5, 8, 11)	B-	E-	7	4
341.0	0.25	114	['B-3', 'C-6']	['m2']	[False, True]	114.0	1.5	155.0	viio7/IV	False	('A-', 'C-', 'D', 'F')	A-	D	2.0	diminished seventh chord	(2, 5, 8, 11)	B-	E-	7	4
341.25	0.25	114	['B-3', 'D5']	['M3']	[False, True]	114.0	1.5	155.0	viio7/IV	False	('A-', 'C-', 'D', 'F')	A-	D	2.0	diminished seventh chord	(2, 5, 8, 11)	B-	E-	7	4
341.5	0.25	114	['B-3', 'C-6']	['m2']	[False, True]	114.0	1.5	155.0	viio7/IV	False	('A-', 'C-', 'D', 'F')	A-	D	2.0	diminished seventh chord	(2, 5, 8, 11)	B-	E-	7	4
341.75	0.25	114	['B-3', 'D5']	['M3']	[False, True]	114.0	1.5	155.0	viio7/IV	False	('A-', 'C-', 'D', 'F')	A-	D	2.0	diminished seventh chord	(2, 5, 8, 11)	B-	E-	7	4
342.0	0.25	115	['B-3', 'G4']	['M6']	[False, True]	115.0	1.5	156.0	IV	True	('G', 'B-', 'E-')	G	E-	1.0	major triad	(3, 7, 10)	B-	B-	4	None
342.25	0.25	115	['B-3', 'E-5']	['P4']	[False, True]	115.0	1.5	156.0	IV	False	('G', 'B-', 'E-')	G	E-	1.0	major triad	(3, 7, 10)	B-	B-	4	None
342.5	0.25	115	['B-3', 'B-5']	['P1']	[False, True]	115.0	1.5	156.0	IV	False	('G', 'B-', 'E-')	G	E-	1.0	major triad	(3, 7, 10)	B-	B-	4	None
342.75	0.25	115	['B-3', 'E-5']	['P4']	[False, True]	115.0	1.5	156.0	IV	False	('G', 'B-', 'E-')	G	E-	1.0	major triad	(3, 7, 10)	B-	B-	4	None
343.0	0.25	115	['B-3', 'B-5']	['P1']	[False, True]	115.0	1.5	156.0	IV	False	('G', 'B-', 'E-')	G	E-	1.0	major triad	(3, 7, 10)	B-	B-	4	None
343.25	0.25	115	['B-3', 'E-5']	['P4']	[False, True]	115.0	1.5	156.0	IV	False	('G', 'B-', 'E-')	G	E-	1.0	major triad	(3, 7, 10)	B-	B-	4	None
343.5	0.25	115	['B-2', 'A-4']	['m7']	[True, True]	115.0	1.5	157.0	bVII	True	('A-', 'C', 'E-')	A-	A-	0.0	major triad	(0, 3, 8)	B-	B-	-7	None
343.75	0.25	115	['B-2', 'E-5']	['P4']	[False, True]	115.0	1.5	157.0	bVII	False	('A-', 'C', 'E-')	A-	A-	0.0	major triad	(0, 3, 8)	B-	B-	-7	None
344.0	0.25	115	['B-2', 'A-5']	['m7']	[False, True]	115.0	1.5	157.0	bVII	False	('A-', 'C', 'E-')	A-	A-	0.0	major triad	(0, 3, 8)	B-	B-	-7	None
344.25	0.25	115	['B-2', 'E-5']	['P4']	[False, True]	115.0	1.5	157.0	bVII	False	('A-', 'C', 'E-')	A-	A-	0.0	major triad	(0, 3, 8)	B-	B-	-7	None
344.5	0.25	115	['B-2', 'A-5']	['m7']	[False, True]	115.0	1.5	157.0	bVII	False	('A-', 'C', 'E-')	A-	A-	0.0	major triad	(0, 3, 8)	B-	B-	-7	None
344.75	0.25	115	['B-2', 'E-5']	['P4']	[False, True]	115.0	1.5	157.0	bVII	False	('A-', 'C', 'E-')	A-	A-	0.0	major triad	(0, 3, 8)	B-	B-	-7	None
345.0	0.25	116	['B-2', 'B-4']	['P1']	[False, True]	116.0	1.5	158.0	IV	True	('B-', 'E-', 'G')	B-	E-	2.0	major triad	(3, 7, 10)	B-	B-	4	None
345.25	0.25	116	['B-2', 'E-5']	['P4']	[False, True]	116.0	1.5	158.0	IV	False	('B-', 'E-', 'G')	B-	E-	2.0	major triad	(3, 7, 10)	B-	B-	4	None
345.5	0.25	116	['B-2', 'G5']	['M6']	[False, True]	116.0	1.5	158.0	IV	False	('B-', 'E-', 'G')	B-	E-	2.0	major triad	(3, 7, 10)	B-	B-	4	None
345.75	0.25	116	['B-2', 'E-5']	['P4']	[False, True]	116.0	1.5	158.0	IV	False	('B-', 'E-', 'G')	B-	E-	2.0	major triad	(3, 7, 10)	B-	B-	4	None
346.0	0.25	116	['B-2', 'G5']	['M6']	[False, True]	116.0	1.5	158.0	IV	False	('B-', 'E-', 'G')	B-	E-	2.0	major triad	(3, 7, 10)	B-	B-	4	None
346.25	0.25	116	['B-2', 'E-5']	['P4']	[False, True]	116.0	1.5	158.0	IV	False	('B-', 'E-', 'G')	B-	E-	2.0	major triad	(3, 7, 10)	B-	B-	4	None
346.5	0.25	116	['B-2', 'B-4']	['P1']	[False, True]	116.0	1.5	159.0	iv	True	('B-', 'E-', 'G-')	B-	E-	2.0	minor triad	(3, 6, 10)	B-	B-	4	None
346.75	0.25	116	['B-2', 'E-5']	['P4']	[False, True]	116.0	1.5	159.0	iv	False	('B-', 'E-', 'G-')	B-	E-	2.0	minor triad	(3, 6, 10)	B-	B-	4	None
347.0	0.25	116	['B-2', 'G-5']	['m6']	[False, True]	116.0	1.5	159.0	iv	False	('B-', 'E-', 'G-')	B-	E-	2.0	minor triad	(3, 6, 10)	B-	B-	4	None
347.25	0.25	116	['B-2', 'E-5']	['P4']	[False, True]	116.0	1.5	159.0	iv	False	('B-', 'E-', 'G-')	B-	E-	2.0	minor triad	(3, 6, 10)	B-	B-	4	None
347.5	0.25	116	['B-2', 'G-5']	['m6']	[False, True]	116.0	1.5	159.0	iv	False	('B-', 'E-', 'G-')	B-	E-	2.0	minor triad	(3, 6, 10)	B-	B-	4	None
347.75	0.25	116	['B-2', 'E-5']	['P4']	[False, True]	116.0	1.5	159.0	iv	False	('B-', 'E-', 'G-')	B-	E-	2.0	minor triad	(3, 6, 10)	B-	B-	4	None
348.0	0.25	117	['B-2', 'A4']	['M7']	[False, True]	117.0	1.5	160.0	viio7	True	('A', 'C', 'E-', 'G-')	A	A	0.0	diminished seventh chord	(0, 3, 6, 9)	B-	B-	7	None
348.25	0.25	117	['B-2', 'E-5']	['P4']	[False, True]	117.0	1.5	160.0	viio7	False	('A', 'C', 'E-', 'G-')	A	A	0.0	diminished seventh chord	(0, 3, 6, 9)	B-	B-	7	None
348.5	0.25	117	['B-2', 'G-5']	['m6']	[False, True]	117.0	1.5	160.0	viio7	False	('A', 'C', 'E-', 'G-')	A	A	0.0	diminished seventh chord	(0, 3, 6, 9)	B-	B-	7	None
348.75	0.25	117	['B-2', 'E-5']	['P4']	[False, True]	117.0	1.5	160.0	viio7	False	('A', 'C', 'E-', 'G-')	A	A	0.0	diminished seventh chord	(0, 3, 6, 9)	B-	B-	7	None
349.0	0.25	117	['B-2', 'G-5']	['m6']	[False, True]	117.0	1.5	160.0	viio7	False	('A', 'C', 'E-', 'G-')	A	A	0.0	diminished seventh chord	(0, 3, 6, 9)	B-	B-	7	None
349.25	0.25	117	['B-2', 'E-5']	['P4']	[False, True]	117.0	1.5	160.0	viio7	False	('A', 'C', 'E-', 'G-')	A	A	0.0	diminished seventh chord	(0, 3, 6, 9)	B-	B-	7	None
349.5	0.25	117	['B-1', 'A4']	['M7']	[True, True]	117.0	1.5	161.0	V7	True	('A', 'C', 'E-', 'F')	A	F	1.0	dominant seventh chord	(0, 3, 5, 9)	B-	B-	5	None
349.75	0.25	117	['B-1', 'E-5']	['P4']	[False, True]	117.0	1.5	161.0	V7	False	('A', 'C', 'E-', 'F')	A	F	1.0	dominant seventh chord	(0, 3, 5, 9)	B-	B-	5	None
350.0	0.25	117	['B-1', 'F5']	['P5']	[False, True]	117.0	1.5	161.0	V7	False	('A', 'C', 'E-', 'F')	A	F	1.0	dominant seventh chord	(0, 3, 5, 9)	B-	B-	5	None
350.25	0.25	117	['B-1', 'E-5']	['P4']	[False, True]	117.0	1.5	161.0	V7	False	('A', 'C', 'E-', 'F')	A	F	1.0	dominant seventh chord	(0, 3, 5, 9)	B-	B-	5	None
350.5	0.25	117	['B-1', 'F5']	['P5']	[False, True]	117.0	1.5	161.0	V7	False	('A', 'C', 'E-', 'F')	A	F	1.0	dominant seventh chord	(0, 3, 5, 9)	B-	B-	5	None
350.75	0.25	117	['B-1', 'E-5']	['P4']	[False, True]	117.0	1.5	161.0	V7	False	('A', 'C', 'E-', 'F')	A	F	1.0	dominant seventh chord	(0, 3, 5, 9)	B-	B-	5	None
351.0	0.25	118	['B-1', 'A4']	['M7']	[False, True]	118.0	3.0	162.0	V7	True	('A', 'C', 'E-', 'F')	A	F	1.0	dominant seventh chord	(0, 3, 5, 9)	B-	B-	5	None
351.25	0.25	118	['B-1', 'E-5']	['P4']	[False, True]	118.0	3.0	162.0	V7	False	('A', 'C', 'E-', 'F')	A	F	1.0	dominant seventh chord	(0, 3, 5, 9)	B-	B-	5	None
351.5	0.25	118	['B-1', 'F5']	['P5']	[False, True]	118.0	3.0	162.0	V7	False	('A', 'C', 'E-', 'F')	A	F	1.0	dominant seventh chord	(0, 3, 5, 9)	B-	B-	5	None
351.75	0.25	118	['B-1', 'E-5']	['P4']	[False, True]	118.0	3.0	162.0	V7	False	('A', 'C', 'E-', 'F')	A	F	1.0	dominant seventh chord	(0, 3, 5, 9)	B-	B-	5	None
352.0	0.25	118	['B-1', 'F5']	['P5']	[False, True]	118.0	3.0	162.0	V7	False	('A', 'C', 'E-', 'F')	A	F	1.0	dominant seventh chord	(0, 3, 5, 9)	B-	B-	5	None
352.25	0.25	118	['B-1', 'E-5']	['P4']	[False, True]	118.0	3.0	162.0	V7	False	('A', 'C', 'E-', 'F')	A	F	1.0	dominant seventh chord	(0, 3, 5, 9)	B-	B-	5	None
352.5	0.25	118	['B-1', 'A4']	['M7']	[False, True]	118.0	3.0	162.0	V7	False	('A', 'C', 'E-', 'F')	A	F	1.0	dominant seventh chord	(0, 3, 5, 9)	B-	B-	5	None
352.75	0.25	118	['B-1', 'E-5']	['P4']	[False, True]	118.0	3.0	162.0	V7	False	('A', 'C', 'E-', 'F')	A	F	1.0	dominant seventh chord	(0, 3, 5, 9)	B-	B-	5	None
353.0	0.25	118	['B-1', 'F5']	['P5']	[False, True]	118.0	3.0	162.0	V7	False	('A', 'C', 'E-', 'F')	A	F	1.0	dominant seventh chord	(0, 3, 5, 9)	B-	B-	5	None
353.25	0.25	118	['B-1', 'E-5']	['P4']	[False, True]	118.0	3.0	162.0	V7	False	('A', 'C', 'E-', 'F')	A	F	1.0	dominant seventh chord	(0, 3, 5, 9)	B-	B-	5	None
353.5	0.25	118	['B-1', 'F5']	['P5']	[False, True]	118.0	3.0	162.0	V7	False	('A', 'C', 'E-', 'F')	A	F	1.0	dominant seventh chord	(0, 3, 5, 9)	B-	B-	5	None
353.75	0.25	118	['B-1', 'E-5']	['P4']	[False, True]	118.0	3.0	162.0	V7	False	('A', 'C', 'E-', 'F')	A	F	1.0	dominant seventh chord	(0, 3, 5, 9)	B-	B-	5	None
354.0	0.25	119	['B-1', 'B-4']	['P1']	[False, True]	119.0	3.0	163.0	I	True	('B-', 'D', 'F')	B-	B-	0.0	major triad	(2, 5, 10)	B-	B-	1	None
354.25	0.25	119	['B-1', 'D5']	['M3']	[False, True]	119.0	3.0	163.0	I	False	('B-', 'D', 'F')	B-	B-	0.0	major triad	(2, 5, 10)	B-	B-	1	None
354.5	0.25	119	['B-1', 'F5']	['P5']	[False, True]	119.0	3.0	163.0	I	False	('B-', 'D', 'F')	B-	B-	0.0	major triad	(2, 5, 10)	B-	B-	1	None
354.75	0.25	119	['B-1', 'D5']	['M3']	[False, True]	119.0	3.0	163.0	I	False	('B-', 'D', 'F')	B-	B-	0.0	major triad	(2, 5, 10)	B-	B-	1	None
355.0	0.25	119	['B-1', 'F5']	['P5']	[False, True]	119.0	3.0	163.0	I	False	('B-', 'D', 'F')	B-	B-	0.0	major triad	(2, 5, 10)	B-	B-	1	None
355.25	0.25	119	['B-1', 'D5']	['M3']	[False, True]	119.0	3.0	163.0	I	False	('B-', 'D', 'F')	B-	B-	0.0	major triad	(2, 5, 10)	B-	B-	1	None
355.5	0.25	119	['B-2', 'F4']	['P5']	[True, True]	119.0	3.0	163.0	I	False	('B-', 'D', 'F')	B-	B-	0.0	major triad	(2, 5, 10)	B-	B-	1	None
355.75	0.25	119	['B-2', 'B-4']	['P1']	[False, True]	119.0	3.0	163.0	I	False	('B-', 'D', 'F')	B-	B-	0.0	major triad	(2, 5, 10)	B-	B-	1	None
356.0	0.25	119	['B-2', 'D5']	['M3']	[False, True]	119.0	3.0	163.0	I	False	('B-', 'D', 'F')	B-	B-	0.0	major triad	(2, 5, 10)	B-	B-	1	None
356.25	0.25	119	['B-2', 'B-4']	['P1']	[False, True]	119.0	3.0	163.0	I	False	('B-', 'D', 'F')	B-	B-	0.0	major triad	(2, 5, 10)	B-	B-	1	None
356.5	0.25	119	['B-2', 'D5']	['M3']	[False, True]	119.0	3.0	163.0	I	False	('B-', 'D', 'F')	B-	B-	0.0	major triad	(2, 5, 10)	B-	B-	1	None
356.75	0.25	119	['B-2', 'B-4']	['P1']	[False, True]	119.0	3.0	163.0	I	False	('B-', 'D', 'F')	B-	B-	0.0	major triad	(2, 5, 10)	B-	B-	1	None
357.0	0.25	120	['B-2', 'F4']	['P5']	[False, True]	120.0	1.5	164.0	viio7/IV	True	('F', 'A-', 'C-', 'D')	F	D	1.0	diminished seventh chord	(2, 5, 8, 11)	B-	E-	7	4
357.25	0.25	120	['B-2', 'C-5']	['m2']	[False, True]	120.0	1.5	164.0	viio7/IV	False	('F', 'A-', 'C-', 'D')	F	D	1.0	diminished seventh chord	(2, 5, 8, 11)	B-	E-	7	4
357.5	0.25	120	['B-2', 'D5']	['M3']	[False, True]	120.0	1.5	164.0	viio7/IV	False	('F', 'A-', 'C-', 'D')	F	D	1.0	diminished seventh chord	(2, 5, 8, 11)	B-	E-	7	4
357.75	0.25	120	['B-2', 'C-5']	['m2']	[False, True]	120.0	1.5	164.0	viio7/IV	False	('F', 'A-', 'C-', 'D')	F	D	1.0	diminished seventh chord	(2, 5, 8, 11)	B-	E-	7	4
358.0	0.25	120	['B-2', 'D5']	['M3']	[False, True]	120.0	1.5	164.0	viio7/IV	False	('F', 'A-', 'C-', 'D')	F	D	1.0	diminished seventh chord	(2, 5, 8, 11)	B-	E-	7	4
358.25	0.25	120	['B-2', 'C-5']	['m2']	[False, True]	120.0	1.5	164.0	viio7/IV	False	('F', 'A-', 'C-', 'D')	F	D	1.0	diminished seventh chord	(2, 5, 8, 11)	B-	E-	7	4
358.5	0.25	120	['B-2', 'F4']	['P5']	[False, True]	120.0	1.5	165.0	I	True	('B-', 'D', 'F')	B-	B-	0.0	major triad	(2, 5, 10)	B-	B-	1	None
358.75	0.25	120	['B-2', 'B-4']	['P1']	[False, True]	120.0	1.5	165.0	I	False	('B-', 'D', 'F')	B-	B-	0.0	major triad	(2, 5, 10)	B-	B-	1	None
359.0	0.25	120	['B-2', 'D5']	['M3']	[False, True]	120.0	1.5	165.0	I	False	('B-', 'D', 'F')	B-	B-	0.0	major triad	(2, 5, 10)	B-	B-	1	None
359.25	0.25	120	['B-2', 'B-4']	['P1']	[False, True]	120.0	1.5	165.0	I	False	('B-', 'D', 'F')	B-	B-	0.0	major triad	(2, 5, 10)	B-	B-	1	None
359.5	0.25	120	['B-2', 'D5']	['M3']	[False, True]	120.0	1.5	165.0	I	False	('B-', 'D', 'F')	B-	B-	0.0	major triad	(2, 5, 10)	B-	B-	1	None
359.75	0.25	120	['B-2', 'B-4']	['P1']	[False, True]	120.0	1.5	165.0	I	False	('B-', 'D', 'F')	B-	B-	0.0	major triad	(2, 5, 10)	B-	B-	1	None
360.0	0.25	121	['B-2', 'F4']	['P5']	[False, True]	121.0	1.5	166.0	V7/IV	True	('F', 'A-', 'B-', 'D')	F	B-	2.0	dominant seventh chord	(2, 5, 8, 10)	B-	E-	5	4
360.25	0.25	121	['B-2', 'A-4']	['m7']	[False, True]	121.0	1.5	166.0	V7/IV	False	('F', 'A-', 'B-', 'D')	F	B-	2.0	dominant seventh chord	(2, 5, 8, 10)	B-	E-	5	4
360.5	0.25	121	['B-2', 'D5']	['M3']	[False, True]	121.0	1.5	166.0	V7/IV	False	('F', 'A-', 'B-', 'D')	F	B-	2.0	dominant seventh chord	(2, 5, 8, 10)	B-	E-	5	4
360.75	0.25	121	['B-2', 'A-4']	['m7']	[False, True]	121.0	1.5	166.0	V7/IV	False	('F', 'A-', 'B-', 'D')	F	B-	2.0	dominant seventh chord	(2, 5, 8, 10)	B-	E-	5	4
361.0	0.25	121	['B-2', 'D5']	['M3']	[False, True]	121.0	1.5	166.0	V7/IV	False	('F', 'A-', 'B-', 'D')	F	B-	2.0	dominant seventh chord	(2, 5, 8, 10)	B-	E-	5	4
361.25	0.25	121	['B-2', 'A-4']	['m7']	[False, True]	121.0	1.5	166.0	V7/IV	False	('F', 'A-', 'B-', 'D')	F	B-	2.0	dominant seventh chord	(2, 5, 8, 10)	B-	E-	5	4
361.5	0.25	121	['B-3', 'F4']	['P5']	[True, True]	121.0	1.5	167.0	I	True	('B-', 'D', 'F')	B-	B-	0.0	major triad	(2, 5, 10)	B-	B-	1	None
361.75	0.25	121	['B-3', 'B-4']	['P1']	[False, True]	121.0	1.5	167.0	I	False	('B-', 'D', 'F')	B-	B-	0.0	major triad	(2, 5, 10)	B-	B-	1	None
362.0	0.25	121	['B-3', 'D5']	['M3']	[False, True]	121.0	1.5	167.0	I	False	('B-', 'D', 'F')	B-	B-	0.0	major triad	(2, 5, 10)	B-	B-	1	None
362.25	0.25	121	['B-3', 'B-4']	['P1']	[False, True]	121.0	1.5	167.0	I	False	('B-', 'D', 'F')	B-	B-	0.0	major triad	(2, 5, 10)	B-	B-	1	None
362.5	0.25	121	['B-3', 'D5']	['M3']	[False, True]	121.0	1.5	167.0	I	False	('B-', 'D', 'F')	B-	B-	0.0	major triad	(2, 5, 10)	B-	B-	1	None
362.75	0.25	121	['B-3', 'B-4']	['P1']	[False, True]	121.0	1.5	167.0	I	False	('B-', 'D', 'F')	B-	B-	0.0	major triad	(2, 5, 10)	B-	B-	1	None
363.0	0.25	122	['B-3', 'F4']	['P5']	[False, True]	122.0	1.5	168.0	viio7/IV	True	('A-', 'C-', 'D', 'F')	A-	D	2.0	diminished seventh chord	(2, 5, 8, 11)	B-	E-	7	4
363.25	0.25	122	['B-3', 'C-5']	['m2']	[False, True]	122.0	1.5	168.0	viio7/IV	False	('A-', 'C-', 'D', 'F')	A-	D	2.0	diminished seventh chord	(2, 5, 8, 11)	B-	E-	7	4
363.5	0.25	122	['B-3', 'D5']	['M3']	[False, True]	122.0	1.5	168.0	viio7/IV	False	('A-', 'C-', 'D', 'F')	A-	D	2.0	diminished seventh chord	(2, 5, 8, 11)	B-	E-	7	4
363.75	0.25	122	['B-3', 'C-5']	['m2']	[False, True]	122.0	1.5	168.0	viio7/IV	False	('A-', 'C-', 'D', 'F')	A-	D	2.0	diminished seventh chord	(2, 5, 8, 11)	B-	E-	7	4
364.0	0.25	122	['B-3', 'D5']	['M3']	[False, True]	122.0	1.5	168.0	viio7/IV	False	('A-', 'C-', 'D', 'F')	A-	D	2.0	diminished seventh chord	(2, 5, 8, 11)	B-	E-	7	4
364.25	0.25	122	['B-3', 'C-5']	['m2']	[False, True]	122.0	1.5	168.0	viio7/IV	False	('A-', 'C-', 'D', 'F')	A-	D	2.0	diminished seventh chord	(2, 5, 8, 11)	B-	E-	7	4
364.5	0.25	122	['B-3', 'F4']	['P5']	[False, True]	122.0	1.5	169.0	V7/IV	True	('F', 'A-', 'B-', 'D')	F	B-	2.0	dominant seventh chord	(2, 5, 8, 10)	B-	E-	5	4
364.75	0.25	122	['B-3', 'A-4']	['m7']	[False, True]	122.0	1.5	169.0	V7/IV	False	('F', 'A-', 'B-', 'D')	F	B-	2.0	dominant seventh chord	(2, 5, 8, 10)	B-	E-	5	4
365.0	0.25	122	['B-3', 'D5']	['M3']	[False, True]	122.0	1.5	169.0	V7/IV	False	('F', 'A-', 'B-', 'D')	F	B-	2.0	dominant seventh chord	(2, 5, 8, 10)	B-	E-	5	4
365.25	0.25	122	['B-3', 'A-4']	['m7']	[False, True]	122.0	1.5	169.0	V7/IV	False	('F', 'A-', 'B-', 'D')	F	B-	2.0	dominant seventh chord	(2, 5, 8, 10)	B-	E-	5	4
365.5	0.25	122	['B-3', 'D5']	['M3']	[False, True]	122.0	1.5	169.0	V7/IV	False	('F', 'A-', 'B-', 'D')	F	B-	2.0	dominant seventh chord	(2, 5, 8, 10)	B-	E-	5	4
365.75	0.25	122	['B-3', 'A-4']	['m7']	[False, True]	122.0	1.5	169.0	V7/IV	False	('F', 'A-', 'B-', 'D')	F	B-	2.0	dominant seventh chord	(2, 5, 8, 10)	B-	E-	5	4
366.0	0.25	123	['B-3', 'E-4']	['P4']	[False, True]	123.0	1.5	170.0	IV	True	('E-', 'G', 'B-')	E-	E-	0.0	major triad	(3, 7, 10)	B-	B-	4	None
366.25	0.25	123	['B-3', 'G4']	['M6']	[False, True]	123.0	1.5	170.0	IV	False	('E-', 'G', 'B-')	E-	E-	0.0	major triad	(3, 7, 10)	B-	B-	4	None
366.5	0.25	123	['B-3', 'E-5']	['P4']	[False, True]	123.0	1.5	170.0	IV	False	('E-', 'G', 'B-')	E-	E-	0.0	major triad	(3, 7, 10)	B-	B-	4	None
366.75	0.25	123	['B-3', 'G4']	['M6']	[False, True]	123.0	1.5	170.0	IV	False	('E-', 'G', 'B-')	E-	E-	0.0	major triad	(3, 7, 10)	B-	B-	4	None
367.0	0.25	123	['B-3', 'E-5']	['P4']	[False, True]	123.0	1.5	170.0	IV	False	('E-', 'G', 'B-')	E-	E-	0.0	major triad	(3, 7, 10)	B-	B-	4	None
367.25	0.25	123	['B-3', 'G4']	['M6']	[False, True]	123.0	1.5	170.0	IV	False	('E-', 'G', 'B-')	E-	E-	0.0	major triad	(3, 7, 10)	B-	B-	4	None
367.5	0.25	123	['B-2', 'E-4']	['P4']	[True, True]	123.0	1.5	171.0	bVII	True	('A-', 'C', 'E-')	A-	A-	0.0	major triad	(0, 3, 8)	B-	B-	-7	None
367.75	0.25	123	['B-2', 'A-4']	['m7']	[False, True]	123.0	1.5	171.0	bVII	False	('A-', 'C', 'E-')	A-	A-	0.0	major triad	(0, 3, 8)	B-	B-	-7	None
368.0	0.25	123	['B-2', 'E-5']	['P4']	[False, True]	123.0	1.5	171.0	bVII	False	('A-', 'C', 'E-')	A-	A-	0.0	major triad	(0, 3, 8)	B-	B-	-7	None
368.25	0.25	123	['B-2', 'A-4']	['m7']	[False, True]	123.0	1.5	171.0	bVII	False	('A-', 'C', 'E-')	A-	A-	0.0	major triad	(0, 3, 8)	B-	B-	-7	None
368.5	0.25	123	['B-2', 'E-5']	['P4']	[False, True]	123.0	1.5	171.0	bVII	False	('A-', 'C', 'E-')	A-	A-	0.0	major triad	(0, 3, 8)	B-	B-	-7	None
368.75	0.25	123	['B-2', 'A-4']	['m7']	[False, True]	123.0	1.5	171.0	bVII	False	('A-', 'C', 'E-')	A-	A-	0.0	major triad	(0, 3, 8)	B-	B-	-7	None
369.0	0.25	124	['B-2', 'E-4']	['P4']	[False, True]	124.0	1.5	172.0	IV	True	('E-', 'G', 'B-')	E-	E-	0.0	major triad	(3, 7, 10)	B-	B-	4	None
369.25	0.25	124	['B-2', 'G4', 'B-4']	['M6', 'P1']	[False, True, True]	124.0	1.5	172.0	IV	False	('E-', 'G', 'B-')	E-	E-	0.0	major triad	(3, 7, 10)	B-	B-	4	None
369.5	0.25	124	['B-2', 'E-5']	['P4']	[False, True]	124.0	1.5	172.0	IV	False	('E-', 'G', 'B-')	E-	E-	0.0	major triad	(3, 7, 10)	B-	B-	4	None
369.75	0.25	124	['B-2', 'G4', 'B-4']	['M6', 'P1']	[False, True, True]	124.0	1.5	172.0	IV	False	('E-', 'G', 'B-')	E-	E-	0.0	major triad	(3, 7, 10)	B-	B-	4	None
370.0	0.25	124	['B-2', 'E-5']	['P4']	[False, True]	124.0	1.5	172.0	IV	False	('E-', 'G', 'B-')	E-	E-	0.0	major triad	(3, 7, 10)	B-	B-	4	None
370.25	0.25	124	['B-2', 'G4', 'B-4']	['M6', 'P1']	[False, True, True]	124.0	1.5	172.0	IV	False	('E-', 'G', 'B-')	E-	E-	0.0	major triad	(3, 7, 10)	B-	B-	4	None
370.5	0.25	124	['B-2', 'E-4']	['P4']	[False, True]	124.0	1.5	173.0	iv	True	('E-', 'G-', 'B-')	E-	E-	0.0	minor triad	(3, 6, 10)	B-	B-	4	None
370.75	0.25	124	['B-2', 'G-4']	['m6']	[False, True]	124.0	1.5	173.0	iv	False	('E-', 'G-', 'B-')	E-	E-	0.0	minor triad	(3, 6, 10)	B-	B-	4	None
371.0	0.25	124	['B-2', 'B-4']	['P1']	[False, True]	124.0	1.5	173.0	iv	False	('E-', 'G-', 'B-')	E-	E-	0.0	minor triad	(3, 6, 10)	B-	B-	4	None
371.25	0.25	124	['B-2', 'G-4']	['m6']	[False, True]	124.0	1.5	173.0	iv	False	('E-', 'G-', 'B-')	E-	E-	0.0	minor triad	(3, 6, 10)	B-	B-	4	None
371.5	0.25	124	['B-2', 'B-4']	['P1']	[False, True]	124.0	1.5	173.0	iv	False	('E-', 'G-', 'B-')	E-	E-	0.0	minor triad	(3, 6, 10)	B-	B-	4	None
371.75	0.25	124	['B-2', 'G-4']	['m6']	[False, True]	124.0	1.5	173.0	iv	False	('E-', 'G-', 'B-')	E-	E-	0.0	minor triad	(3, 6, 10)	B-	B-	4	None
372.0	0.25	125	['B-2', 'C4']	['M2']	[False, True]	125.0	1.5	174.0	iiø7	True	('C', 'E-', 'G-', 'B-')	C	C	0.0	half-diminished seventh chord	(0, 3, 6, 10)	B-	B-	2	None
372.25	0.25	125	['B-2', 'G-4']	['m6']	[False, True]	125.0	1.5	174.0	iiø7	False	('C', 'E-', 'G-', 'B-')	C	C	0.0	half-diminished seventh chord	(0, 3, 6, 10)	B-	B-	2	None
372.5	0.25	125	['B-2', 'B-4']	['P1']	[False, True]	125.0	1.5	174.0	iiø7	False	('C', 'E-', 'G-', 'B-')	C	C	0.0	half-diminished seventh chord	(0, 3, 6, 10)	B-	B-	2	None
372.75	0.25	125	['B-2', 'G-4']	['m6']	[False, True]	125.0	1.5	174.0	iiø7	False	('C', 'E-', 'G-', 'B-')	C	C	0.0	half-diminished seventh chord	(0, 3, 6, 10)	B-	B-	2	None
373.0	0.25	125	['B-2', 'B-4']	['P1']	[False, True]	125.0	1.5	174.0	iiø7	False	('C', 'E-', 'G-', 'B-')	C	C	0.0	half-diminished seventh chord	(0, 3, 6, 10)	B-	B-	2	None
373.25	0.25	125	['B-2', 'G-4']	['m6']	[False, True]	125.0	1.5	174.0	iiø7	False	('C', 'E-', 'G-', 'B-')	C	C	0.0	half-diminished seventh chord	(0, 3, 6, 10)	B-	B-	2	None
373.5	0.25	125	['B-1', 'C4']	['M2']	[True, True]	125.0	1.5	175.0	viio7	True	('C', 'E-', 'G-', 'A')	C	A	1.0	diminished seventh chord	(0, 3, 6, 9)	B-	B-	7	None
373.75	0.25	125	['B-1', 'G-4']	['m6']	[False, True]	125.0	1.5	175.0	viio7	False	('C', 'E-', 'G-', 'A')	C	A	1.0	diminished seventh chord	(0, 3, 6, 9)	B-	B-	7	None
374.0	0.25	125	['B-1', 'A4']	['M7']	[False, True]	125.0	1.5	175.0	viio7	False	('C', 'E-', 'G-', 'A')	C	A	1.0	diminished seventh chord	(0, 3, 6, 9)	B-	B-	7	None
374.25	0.25	125	['B-1', 'G-4']	['m6']	[False, True]	125.0	1.5	175.0	viio7	False	('C', 'E-', 'G-', 'A')	C	A	1.0	diminished seventh chord	(0, 3, 6, 9)	B-	B-	7	None
374.5	0.25	125	['B-1', 'A4']	['M7']	[False, True]	125.0	1.5	175.0	viio7	False	('C', 'E-', 'G-', 'A')	C	A	1.0	diminished seventh chord	(0, 3, 6, 9)	B-	B-	7	None
374.75	0.25	125	['B-1', 'G-4']	['m6']	[False, True]	125.0	1.5	175.0	viio7	False	('C', 'E-', 'G-', 'A')	C	A	1.0	diminished seventh chord	(0, 3, 6, 9)	B-	B-	7	None
375.0	0.25	126	['B-1', 'C4']	['M2']	[False, True]	126.0	1.5	176.0	V	True	('C', 'F', 'A')	C	F	2.0	major triad	(0, 5, 9)	B-	B-	5	None
375.25	0.25	126	['B-1', 'F4']	['P5']	[False, True]	126.0	1.5	176.0	V	False	('C', 'F', 'A')	C	F	2.0	major triad	(0, 5, 9)	B-	B-	5	None
375.5	0.25	126	['B-1', 'A4']	['M7']	[False, True]	126.0	1.5	176.0	V	False	('C', 'F', 'A')	C	F	2.0	major triad	(0, 5, 9)	B-	B-	5	None
375.75	0.25	126	['B-1', 'F4']	['P5']	[False, True]	126.0	1.5	176.0	V	False	('C', 'F', 'A')	C	F	2.0	major triad	(0, 5, 9)	B-	B-	5	None
376.0	0.25	126	['B-1', 'A4']	['M7']	[False, True]	126.0	1.5	176.0	V	False	('C', 'F', 'A')	C	F	2.0	major triad	(0, 5, 9)	B-	B-	5	None
376.25	0.25	126	['B-1', 'F4']	['P5']	[False, True]	126.0	1.5	176.0	V	False	('C', 'F', 'A')	C	F	2.0	major triad	(0, 5, 9)	B-	B-	5	None
376.5	0.25	126	['B-1', 'C4']	['M2']	[False, True]	126.0	1.5	177.0	viio	True	('C', 'E-', 'A')	C	A	1.0	diminished triad	(0, 3, 9)	B-	B-	7	None
376.75	0.25	126	['B-1', 'E-4']	['P4']	[False, True]	126.0	1.5	177.0	viio	False	('C', 'E-', 'A')	C	A	1.0	diminished triad	(0, 3, 9)	B-	B-	7	None
377.0	0.25	126	['B-1', 'A4']	['M7']	[False, True]	126.0	1.5	177.0	viio	False	('C', 'E-', 'A')	C	A	1.0	diminished triad	(0, 3, 9)	B-	B-	7	None
377.25	0.25	126	['B-1', 'E-4']	['P4']	[False, True]	126.0	1.5	177.0	viio	False	('C', 'E-', 'A')	C	A	1.0	diminished triad	(0, 3, 9)	B-	B-	7	None
377.5	0.25	126	['B-1', 'A4']	['M7']	[False, True]	126.0	1.5	177.0	viio	False	('C', 'E-', 'A')	C	A	1.0	diminished triad	(0, 3, 9)	B-	B-	7	None
377.75	0.25	126	['B-1', 'E-4']	['P4']	[False, True]	126.0	1.5	177.0	viio	False	('C', 'E-', 'A')	C	A	1.0	diminished triad	(0, 3, 9)	B-	B-	7	None
378.0	1.0	127	['B-1', 'D4', 'B-4']	['M3', 'P1']	[False, True, True]	127.0	3.0	178.0	I	True	('B-', 'D', 'F')	B-	B-	0.0	major triad	(2, 5, 10)	B-	B-	1	None
379.0	0.5	127	['D3', 'D4']	['P1']	[True, True]	127.0	3.0	178.0	I	False	('B-', 'D', 'F')	B-	B-	0.0	major triad	(2, 5, 10)	B-	B-	1	None
379.5	1.0	127	['D3', 'D4']	['P1']	[False, False]	127.0	3.0	178.0	I	False	('B-', 'D', 'F')	B-	B-	0.0	major triad	(2, 5, 10)	B-	B-	1	None
380.5	0.5	127	['B-2', 'B-3']	['P1']	[True, True]	127.0	3.0	178.0	I	False	('B-', 'D', 'F')	B-	B-	0.0	major triad	(2, 5, 10)	B-	B-	1	None
381.0	1.0	128	['F2', 'F3']	['P1']	[True, True]	128.0	1.0	179.0	I	True	('B-', 'D', 'F')	B-	B-	0.0	major triad	(2, 5, 10)	B-	B-	1	None
382.0	0.5	128	['F3', 'C4', 'E-4', 'E-5']	['P5', 'm7', 'm7']	[True, True, True, True]	128.0	2.0	180.0	V7	True	('F', 'A', 'C', 'E-')	F	F	0.0	dominant seventh chord	(0, 3, 5, 9)	B-	B-	5	None
382.5	1.0	128	['F3', 'C4', 'E-4', 'E-5']	['P5', 'm7', 'm7']	[False, False, False, False]	128.0	2.0	180.0	V7	False	('F', 'A', 'C', 'E-')	F	F	0.0	dominant seventh chord	(0, 3, 5, 9)	B-	B-	5	None
383.5	0.5	128	['F3', 'A3', 'E-4', 'C5']	['M3', 'm7', 'P5']	[False, True, False, True]	128.0	2.0	180.0	V7	False	('F', 'A', 'C', 'E-')	F	F	0.0	dominant seventh chord	(0, 3, 5, 9)	B-	B-	5	None
384.0	1.0	129	['B-2', 'B-3', 'D4', 'D5']	['P1', 'M3', 'M3']	[True, True, True, True]	129.0	3.0	181.0	I	True	('B-', 'D', 'F')	B-	B-	0.0	major triad	(2, 5, 10)	B-	B-	1	None
385.0	0.5	129	['D3', 'D4']	['P1']	[True, True]	129.0	3.0	181.0	I	False	('B-', 'D', 'F')	B-	B-	0.0	major triad	(2, 5, 10)	B-	B-	1	None
385.5	1.0	129	['D3', 'D4']	['P1']	[False, False]	129.0	3.0	181.0	I	False	('B-', 'D', 'F')	B-	B-	0.0	major triad	(2, 5, 10)	B-	B-	1	None
386.5	0.5	129	['B-2', 'B-3']	['P1']	[True, True]	129.0	3.0	181.0	I	False	('B-', 'D', 'F')	B-	B-	0.0	major triad	(2, 5, 10)	B-	B-	1	None
387.0	1.0	130	['F2', 'F3']	['P1']	[True, True]	130.0	1.0	182.0	I	True	('B-', 'D', 'F')	B-	B-	0.0	major triad	(2, 5, 10)	B-	B-	1	None
388.0	0.5	130	['F3', 'C4', 'E-5', 'F5']	['P5', 'm7', 'P1']	[True, True, True, True]	130.0	2.0	183.0	V7	True	('F', 'A', 'C', 'E-')	F	F	0.0	dominant seventh chord	(0, 3, 5, 9)	B-	B-	5	None
388.5	1.0	130	['F3', 'C4', 'E-5', 'F5']	['P5', 'm7', 'P1']	[False, False, False, False]	130.0	2.0	183.0	V7	False	('F', 'A', 'C', 'E-')	F	F	0.0	dominant seventh chord	(0, 3, 5, 9)	B-	B-	5	None
389.5	0.5	130	['F3', 'A3', 'C5', 'F5']	['M3', 'P5', 'P1']	[False, True, True, False]	130.0	2.0	183.0	V7	False	('F', 'A', 'C', 'E-')	F	F	0.0	dominant seventh chord	(0, 3, 5, 9)	B-	B-	5	None
390.0	1.0	131	['B-3', 'D5', 'F5']	['M3', 'P5']	[True, True, False]	131.0	3.0	184.0	I	True	('B-', 'D', 'F')	B-	B-	0.0	major triad	(2, 5, 10)	B-	B-	1	None
391.0	0.5	131	['D3', 'D4']	['P1']	[True, True]	131.0	3.0	184.0	I	False	('B-', 'D', 'F')	B-	B-	0.0	major triad	(2, 5, 10)	B-	B-	1	None
391.5	1.0	131	['D3', 'D4']	['P1']	[False, False]	131.0	3.0	184.0	I	False	('B-', 'D', 'F')	B-	B-	0.0	major triad	(2, 5, 10)	B-	B-	1	None
392.5	0.5	131	['B-2', 'B-3']	['P1']	[True, True]	131.0	3.0	184.0	I	False	('B-', 'D', 'F')	B-	B-	0.0	major triad	(2, 5, 10)	B-	B-	1	None
393.0	1.0	132	['F2', 'F3']	['P1']	[True, True]	132.0	1.0	185.0	I	True	('B-', 'D', 'F')	B-	B-	0.0	major triad	(2, 5, 10)	B-	B-	1	None
394.0	0.5	132	['F3', 'C4', 'E-4', 'F4', 'E-5', 'E-6']	['P5', 'm7', 'P1', 'm7', 'm7']	[True, True, True, True, True, True]	132.0	2.0	186.0	V7	True	('F', 'A', 'C', 'E-')	F	F	0.0	dominant seventh chord	(0, 3, 5, 9)	B-	B-	5	None
394.5	1.0	132	['F3', 'C4', 'E-4', 'F4', 'E-5', 'E-6']	['P5', 'm7', 'P1', 'm7', 'm7']	[False, False, False, False, False, False]	132.0	2.0	186.0	V7	False	('F', 'A', 'C', 'E-')	F	F	0.0	dominant seventh chord	(0, 3, 5, 9)	B-	B-	5	None
395.5	0.5	132	['F3', 'A3', 'E-4', 'C5', 'C6']	['M3', 'm7', 'P5', 'P5']	[True, True, True, True, True]	132.0	2.0	186.0	V7	False	('F', 'A', 'C', 'E-')	F	F	0.0	dominant seventh chord	(0, 3, 5, 9)	B-	B-	5	None
396.0	1.0	133	['B-3', 'D4', 'B-4', 'B-5']	['M3', 'P1', 'P1']	[True, True, True, True]	133.0	3.0	187.0	I	True	('B-', 'D', 'F')	B-	B-	0.0	major triad	(2, 5, 10)	B-	B-	1	None
397.0	0.5	133	['F4', 'F5', 'F6']	['P1', 'P1']	[True, True, True]	133.0	3.0	187.0	I	False	('B-', 'D', 'F')	B-	B-	0.0	major triad	(2, 5, 10)	B-	B-	1	None
397.5	1.0	133	['D4', 'D5', 'D6']	['P1', 'P1']	[True, True, True]	133.0	3.0	187.0	I	False	('B-', 'D', 'F')	B-	B-	0.0	major triad	(2, 5, 10)	B-	B-	1	None
398.5	0.5	133	['B-3', 'B-4', 'B-5']	['P1', 'P1']	[True, True, True]	133.0	3.0	187.0	I	False	('B-', 'D', 'F')	B-	B-	0.0	major triad	(2, 5, 10)	B-	B-	1	None
399.0	1.0	134	['F3', 'F4', 'F5']	['P1', 'P1']	[True, True, True]	134.0	3.0	188.0	I	True	('B-', 'D', 'F')	B-	B-	0.0	major triad	(2, 5, 10)	B-	B-	1	None
400.0	0.5	134	['D3', 'D4', 'D5']	['P1', 'P1']	[True, True, True]	134.0	3.0	188.0	I	False	('B-', 'D', 'F')	B-	B-	0.0	major triad	(2, 5, 10)	B-	B-	1	None
400.5	1.0	134	['B-2', 'B-3', 'B-4']	['P1', 'P1']	[True, True, True]	134.0	3.0	188.0	I	False	('B-', 'D', 'F')	B-	B-	0.0	major triad	(2, 5, 10)	B-	B-	1	None
401.5	0.5	134	['F2', 'F3', 'F4']	['P1', 'P1']	[True, True, True]	134.0	3.0	188.0	I	False	('B-', 'D', 'F')	B-	B-	0.0	major triad	(2, 5, 10)	B-	B-	1	None
402.0	1.0	135	['B-2', 'B-3', 'B-4']	['P1', 'P1']	[True, True, True]	135.0	3.0	189.0	I	True	('B-', 'D', 'F')	B-	B-	0.0	major triad	(2, 5, 10)	B-	B-	1	None
403.0	0.5	135	['B-2', 'B-3', 'B-4']	['P1', 'P1']	[True, True, True]	135.0	3.0	189.0	I	False	('B-', 'D', 'F')	B-	B-	0.0	major triad	(2, 5, 10)	B-	B-	1	None
403.5	1.0	135	['B-1', 'B-2', 'D3', 'F3', 'B-3']	['P1', 'M3', 'P5', 'P1']	[True, True, True, True, True]	135.0	3.0	189.0	I	False	('B-', 'D', 'F')	B-	B-	0.0	major triad	(2, 5, 10)	B-	B-	1	None
404.5	0.5	135	['B-1', 'B-2', 'D3', 'F3', 'B-3']	['P1', 'M3', 'P5', 'P1']	[True, True, True, True, True]	135.0	3.0	189.0	I	False	('B-', 'D', 'F')	B-	B-	0.0	major triad	(2, 5, 10)	B-	B-	1	None
405.0	1.0	136	['B-1', 'B-2', 'D3', 'F3', 'B-3']	['P1', 'M3', 'P5', 'P1']	[True, True, True, True, True]	136.0	3.0	190.0	I	True	('B-', 'D', 'F')	B-	B-	0.0	major triad	(2, 5, 10)	B-	B-	1	None
406.0	2.0	136	['B-1', 'B-2', 'D3', 'F3', 'B-3']	['P1', 'M3', 'P5', 'P1']	[True, True, True, True, True]	136.0	3.0	190.0	I	False	('B-', 'D', 'F')	B-	B-	0.0	major triad	(2, 5, 10)	B-	B-	1	None
408.0	0.5	137	['G1', 'F3', 'B3', 'D4']	['m7', 'M3', 'P5']	[True, True, True, True]	137.0	3.0	191.0	V7	True	('G', 'B', 'D', 'F')	G	G	0.0	dominant seventh chord	(2, 5, 7, 11)	c	c	5	None
408.5	0.5	137	['G2', 'F3', 'B3', 'D4']	['m7', 'M3', 'P5']	[True, False, False, False]	137.0	3.0	191.0	V7	False	('G', 'B', 'D', 'F')	G	G	0.0	dominant seventh chord	(2, 5, 7, 11)	c	c	5	None
409.0	0.5	137	['G2', 'F3', 'B3', 'D4']	['m7', 'M3', 'P5']	[True, False, False, False]	137.0	3.0	191.0	V7	False	('G', 'B', 'D', 'F')	G	G	0.0	dominant seventh chord	(2, 5, 7, 11)	c	c	5	None
409.5	0.5	137	['G2', 'F3', 'B3', 'D4']	['m7', 'M3', 'P5']	[True, False, False, False]	137.0	3.0	191.0	V7	False	('G', 'B', 'D', 'F')	G	G	0.0	dominant seventh chord	(2, 5, 7, 11)	c	c	5	None
410.0	0.5	137	['G2', 'F3', 'B3', 'D4']	['m7', 'M3', 'P5']	[True, False, False, False]	137.0	3.0	191.0	V7	False	('G', 'B', 'D', 'F')	G	G	0.0	dominant seventh chord	(2, 5, 7, 11)	c	c	5	None
410.5	0.5	137	['G2', 'F3', 'B3', 'D4']	['m7', 'M3', 'P5']	[True, False, False, False]	137.0	3.0	191.0	V7	False	('G', 'B', 'D', 'F')	G	G	0.0	dominant seventh chord	(2, 5, 7, 11)	c	c	5	None
411.0	0.5	138	['G2', 'D3', 'F3', 'B3']	['P5', 'm7', 'M3']	[True, True, True, True]	138.0	3.0	192.0	V7	True	('G', 'B', 'D', 'F')	G	G	0.0	dominant seventh chord	(2, 5, 7, 11)	c	c	5	None
411.5	0.5	138	['G2', 'D3', 'F3', 'B3']	['P5', 'm7', 'M3']	[True, False, False, False]	138.0	3.0	192.0	V7	False	('G', 'B', 'D', 'F')	G	G	0.0	dominant seventh chord	(2, 5, 7, 11)	c	c	5	None
412.0	0.5	138	['G2']	[]	[True]	138.0	3.0	192.0	V7	False	('G', 'B', 'D', 'F')	G	G	0.0	dominant seventh chord	(2, 5, 7, 11)	c	c	5	None
412.5	0.5	138	['G2']	[]	[True]	138.0	3.0	192.0	V7	False	('G', 'B', 'D', 'F')	G	G	0.0	dominant seventh chord	(2, 5, 7, 11)	c	c	5	None
413.0	0.5	138	['G2']	[]	[True]	138.0	3.0	192.0	V7	False	('G', 'B', 'D', 'F')	G	G	0.0	dominant seventh chord	(2, 5, 7, 11)	c	c	5	None
413.5	0.5	138	['G2']	[]	[True]	138.0	3.0	192.0	V7	False	('G', 'B', 'D', 'F')	G	G	0.0	dominant seventh chord	(2, 5, 7, 11)	c	c	5	None
414.0	0.5	139	['G1', 'B3', 'D4', 'F4']	['M3', 'P5', 'm7']	[True, True, True, True]	139.0	3.0	193.0	V7	True	('G', 'B', 'D', 'F')	G	G	0.0	dominant seventh chord	(2, 5, 7, 11)	c	c	5	None
414.5	0.5	139	['G2', 'B3', 'D4', 'F4']	['M3', 'P5', 'm7']	[True, False, False, False]	139.0	3.0	193.0	V7	False	('G', 'B', 'D', 'F')	G	G	0.0	dominant seventh chord	(2, 5, 7, 11)	c	c	5	None
415.0	0.5	139	['G2', 'B3', 'D4', 'F4']	['M3', 'P5', 'm7']	[True, False, False, False]	139.0	3.0	193.0	V7	False	('G', 'B', 'D', 'F')	G	G	0.0	dominant seventh chord	(2, 5, 7, 11)	c	c	5	None
415.5	0.5	139	['G2', 'B3', 'D4', 'F4']	['M3', 'P5', 'm7']	[True, False, False, False]	139.0	3.0	193.0	V7	False	('G', 'B', 'D', 'F')	G	G	0.0	dominant seventh chord	(2, 5, 7, 11)	c	c	5	None
416.0	0.5	139	['G2', 'B3', 'D4', 'F4']	['M3', 'P5', 'm7']	[True, False, False, False]	139.0	3.0	193.0	V7	False	('G', 'B', 'D', 'F')	G	G	0.0	dominant seventh chord	(2, 5, 7, 11)	c	c	5	None
416.5	0.5	139	['G2', 'B3', 'D4', 'F4']	['M3', 'P5', 'm7']	[True, False, False, False]	139.0	3.0	193.0	V7	False	('G', 'B', 'D', 'F')	G	G	0.0	dominant seventh chord	(2, 5, 7, 11)	c	c	5	None
417.0	0.5	140	['G2', 'F3', 'B3', 'D4']	['m7', 'M3', 'P5']	[True, True, True, True]	140.0	3.0	194.0	V7	True	('G', 'B', 'D', 'F')	G	G	0.0	dominant seventh chord	(2, 5, 7, 11)	c	c	5	None
417.5	0.5	140	['G2', 'F3', 'B3', 'D4']	['m7', 'M3', 'P5']	[True, False, False, False]	140.0	3.0	194.0	V7	False	('G', 'B', 'D', 'F')	G	G	0.0	dominant seventh chord	(2, 5, 7, 11)	c	c	5	None
418.0	0.5	140	['G2']	[]	[True]	140.0	3.0	194.0	V7	False	('G', 'B', 'D', 'F')	G	G	0.0	dominant seventh chord	(2, 5, 7, 11)	c	c	5	None
418.5	0.5	140	['G2']	[]	[True]	140.0	3.0	194.0	V7	False	('G', 'B', 'D', 'F')	G	G	0.0	dominant seventh chord	(2, 5, 7, 11)	c	c	5	None
419.0	0.5	140	['G2']	[]	[True]	140.0	3.0	194.0	V7	False	('G', 'B', 'D', 'F')	G	G	0.0	dominant seventh chord	(2, 5, 7, 11)	c	c	5	None
419.5	0.5	140	['G2']	[]	[True]	140.0	3.0	194.0	V7	False	('G', 'B', 'D', 'F')	G	G	0.0	dominant seventh chord	(2, 5, 7, 11)	c	c	5	None
420.0	0.5	141	['C2', 'C3', 'E-3', 'G3', 'C4']	['P1', 'm3', 'P5', 'P1']	[True, True, True, True, True]	141.0	3.0	195.0	i	True	('C', 'E-', 'G')	C	C	0.0	minor triad	(0, 3, 7)	c	c	1	None
420.5	0.5	141	['D3']	[]	[True]	141.0	3.0	195.0	i	False	('C', 'E-', 'G')	C	C	0.0	minor triad	(0, 3, 7)	c	c	1	None
421.0	0.5	141	['E-3']	[]	[True]	141.0	3.0	195.0	i	False	('C', 'E-', 'G')	C	C	0.0	minor triad	(0, 3, 7)	c	c	1	None
421.5	0.5	141	['F3']	[]	[True]	141.0	3.0	195.0	i	False	('C', 'E-', 'G')	C	C	0.0	minor triad	(0, 3, 7)	c	c	1	None
422.0	0.5	141	['G3']	[]	[True]	141.0	3.0	195.0	i	False	('C', 'E-', 'G')	C	C	0.0	minor triad	(0, 3, 7)	c	c	1	None
422.5	0.5	141	['A-3']	[]	[True]	141.0	3.0	195.0	i	False	('C', 'E-', 'G')	C	C	0.0	minor triad	(0, 3, 7)	c	c	1	None
423.0	0.5	142	['B3']	[]	[True]	142.0	3.0	196.0	i	True	('C', 'E-', 'G')	C	C	0.0	minor triad	(0, 3, 7)	c	c	1	None
423.5	0.5	142	['C4']	[]	[True]	142.0	3.0	196.0	i	False	('C', 'E-', 'G')	C	C	0.0	minor triad	(0, 3, 7)	c	c	1	None
424.0	0.5	142	['D4']	[]	[True]	142.0	3.0	196.0	i	False	('C', 'E-', 'G')	C	C	0.0	minor triad	(0, 3, 7)	c	c	1	None
424.5	0.5	142	['E-4']	[]	[True]	142.0	3.0	196.0	i	False	('C', 'E-', 'G')	C	C	0.0	minor triad	(0, 3, 7)	c	c	1	None
425.0	0.5	142	['F4']	[]	[True]	142.0	3.0	196.0	i	False	('C', 'E-', 'G')	C	C	0.0	minor triad	(0, 3, 7)	c	c	1	None
425.5	0.5	142	['G4']	[]	[True]	142.0	3.0	196.0	i	False	('C', 'E-', 'G')	C	C	0.0	minor triad	(0, 3, 7)	c	c	1	None
426.0	0.5	143	['F4', 'B4']	['A4']	[True, True]	143.0	3.0	197.0	V7	True	('F', 'G', 'B', 'D')	F	G	3.0	dominant seventh chord	(2, 5, 7, 11)	c	c	5	None
426.5	0.5	143	['E-4', 'C5']	['M6']	[True, True]	143.0	3.0	197.0	V7	False	('F', 'G', 'B', 'D')	F	G	3.0	dominant seventh chord	(2, 5, 7, 11)	c	c	5	None
427.0	0.5	143	['D4', 'D5']	['P1']	[True, True]	143.0	3.0	197.0	V7	False	('F', 'G', 'B', 'D')	F	G	3.0	dominant seventh chord	(2, 5, 7, 11)	c	c	5	None
427.5	0.5	143	['C4', 'E-5']	['m3']	[True, True]	143.0	3.0	197.0	V7	False	('F', 'G', 'B', 'D')	F	G	3.0	dominant seventh chord	(2, 5, 7, 11)	c	c	5	None
428.0	0.5	143	['B3', 'F5']	['d5']	[True, True]	143.0	3.0	197.0	V7	False	('F', 'G', 'B', 'D')	F	G	3.0	dominant seventh chord	(2, 5, 7, 11)	c	c	5	None
428.5	0.5	143	['A-3', 'G5']	['M7']	[True, True]	143.0	3.0	197.0	V7	False	('F', 'G', 'B', 'D')	F	G	3.0	dominant seventh chord	(2, 5, 7, 11)	c	c	5	None
429.0	0.5	144	['G3', 'A-5']	['m2']	[True, True]	144.0	3.0	198.0	V7	True	('F', 'G', 'B', 'D')	F	G	3.0	dominant seventh chord	(2, 5, 7, 11)	c	c	5	None
429.5	0.5	144	['F3', 'B5']	['A4']	[True, True]	144.0	3.0	198.0	V7	False	('F', 'G', 'B', 'D')	F	G	3.0	dominant seventh chord	(2, 5, 7, 11)	c	c	5	None
430.0	0.5	144	['E-3', 'C6']	['M6']	[True, True]	144.0	3.0	198.0	V7	False	('F', 'G', 'B', 'D')	F	G	3.0	dominant seventh chord	(2, 5, 7, 11)	c	c	5	None
430.5	0.5	144	['D3', 'D6']	['P1']	[True, True]	144.0	3.0	198.0	V7	False	('F', 'G', 'B', 'D')	F	G	3.0	dominant seventh chord	(2, 5, 7, 11)	c	c	5	None
431.0	0.5	144	['C3', 'E-6']	['m3']	[True, True]	144.0	3.0	198.0	V7	False	('F', 'G', 'B', 'D')	F	G	3.0	dominant seventh chord	(2, 5, 7, 11)	c	c	5	None
431.5	0.5	144	['B2', 'F6']	['d5']	[True, True]	144.0	3.0	198.0	V7	False	('F', 'G', 'B', 'D')	F	G	3.0	dominant seventh chord	(2, 5, 7, 11)	c	c	5	None
432.0	0.5	145	['C3', 'E-6']	['m3']	[True, True]	145.0	3.0	199.0	I	True	('C', 'E-', 'A-')	C	A-	1.0	major triad	(0, 3, 8)	A-	A-	1	None
432.5	0.5	145	['C3', 'D-6']	['m2']	[False, True]	145.0	3.0	199.0	I	False	('C', 'E-', 'A-')	C	A-	1.0	major triad	(0, 3, 8)	A-	A-	1	None
433.0	0.5	145	['C6']	[]	[True]	145.0	3.0	199.0	I	False	('C', 'E-', 'A-')	C	A-	1.0	major triad	(0, 3, 8)	A-	A-	1	None
433.5	0.5	145	['B-5']	[]	[True]	145.0	3.0	199.0	I	False	('C', 'E-', 'A-')	C	A-	1.0	major triad	(0, 3, 8)	A-	A-	1	None
434.0	0.5	145	['A-5']	[]	[True]	145.0	3.0	199.0	I	False	('C', 'E-', 'A-')	C	A-	1.0	major triad	(0, 3, 8)	A-	A-	1	None
434.5	0.5	145	['G5']	[]	[True]	145.0	3.0	199.0	I	False	('C', 'E-', 'A-')	C	A-	1.0	major triad	(0, 3, 8)	A-	A-	1	None
435.0	0.5	146	['F5']	[]	[True]	146.0	3.0	200.0	I	True	('C', 'E-', 'A-')	C	A-	1.0	major triad	(0, 3, 8)	A-	A-	1	None
435.5	0.5	146	['E-5']	[]	[True]	146.0	3.0	200.0	I	False	('C', 'E-', 'A-')	C	A-	1.0	major triad	(0, 3, 8)	A-	A-	1	None
436.0	0.5	146	['D-5']	[]	[True]	146.0	3.0	200.0	I	False	('C', 'E-', 'A-')	C	A-	1.0	major triad	(0, 3, 8)	A-	A-	1	None
436.5	0.5	146	['C5']	[]	[True]	146.0	3.0	200.0	I	False	('C', 'E-', 'A-')	C	A-	1.0	major triad	(0, 3, 8)	A-	A-	1	None
437.0	0.5	146	['B-4']	[]	[True]	146.0	3.0	200.0	I	False	('C', 'E-', 'A-')	C	A-	1.0	major triad	(0, 3, 8)	A-	A-	1	None
437.5	0.5	146	['A-4']	[]	[True]	146.0	3.0	200.0	I	False	('C', 'E-', 'A-')	C	A-	1.0	major triad	(0, 3, 8)	A-	A-	1	None
438.0	0.5	147	['D-4', 'G4']	['A4']	[True, True]	147.0	3.0	201.0	V7	True	('D-', 'E-', 'G', 'B-')	D-	E-	3.0	dominant seventh chord	(1, 3, 7, 10)	A-	A-	5	None
438.5	0.5	147	['C4', 'A-4']	['m6']	[True, True]	147.0	3.0	201.0	V7	False	('D-', 'E-', 'G', 'B-')	D-	E-	3.0	dominant seventh chord	(1, 3, 7, 10)	A-	A-	5	None
439.0	0.5	147	['B-3', 'B-4']	['P1']	[True, True]	147.0	3.0	201.0	V7	False	('D-', 'E-', 'G', 'B-')	D-	E-	3.0	dominant seventh chord	(1, 3, 7, 10)	A-	A-	5	None
439.5	0.5	147	['A-3', 'C5']	['M3']	[True, True]	147.0	3.0	201.0	V7	False	('D-', 'E-', 'G', 'B-')	D-	E-	3.0	dominant seventh chord	(1, 3, 7, 10)	A-	A-	5	None
440.0	0.5	147	['G3', 'D-5']	['d5']	[True, True]	147.0	3.0	201.0	V7	False	('D-', 'E-', 'G', 'B-')	D-	E-	3.0	dominant seventh chord	(1, 3, 7, 10)	A-	A-	5	None
440.5	0.5	147	['F3', 'E-5']	['m7']	[True, True]	147.0	3.0	201.0	V7	False	('D-', 'E-', 'G', 'B-')	D-	E-	3.0	dominant seventh chord	(1, 3, 7, 10)	A-	A-	5	None
441.0	0.5	148	['E-3', 'F5']	['M2']	[True, True]	148.0	3.0	202.0	V7	True	('D-', 'E-', 'G', 'B-')	D-	E-	3.0	dominant seventh chord	(1, 3, 7, 10)	A-	A-	5	None
441.5	0.5	148	['D-3', 'G5']	['A4']	[True, True]	148.0	3.0	202.0	V7	False	('D-', 'E-', 'G', 'B-')	D-	E-	3.0	dominant seventh chord	(1, 3, 7, 10)	A-	A-	5	None
442.0	0.5	148	['C3', 'A-5']	['m6']	[True, True]	148.0	3.0	202.0	V7	False	('D-', 'E-', 'G', 'B-')	D-	E-	3.0	dominant seventh chord	(1, 3, 7, 10)	A-	A-	5	None
442.5	0.5	148	['B-2', 'B-5']	['P1']	[True, True]	148.0	3.0	202.0	V7	False	('D-', 'E-', 'G', 'B-')	D-	E-	3.0	dominant seventh chord	(1, 3, 7, 10)	A-	A-	5	None
443.0	0.5	148	['A-2', 'C6']	['M3']	[True, True]	148.0	3.0	202.0	V7	False	('D-', 'E-', 'G', 'B-')	D-	E-	3.0	dominant seventh chord	(1, 3, 7, 10)	A-	A-	5	None
443.5	0.5	148	['G2', 'D-6']	['d5']	[True, True]	148.0	3.0	202.0	V7	False	('D-', 'E-', 'G', 'B-')	D-	E-	3.0	dominant seventh chord	(1, 3, 7, 10)	A-	A-	5	None
444.0	0.5	149	['A-2', 'C6']	['M3']	[True, True]	149.0	3.0	203.0	i	True	('A-', 'C', 'F')	A-	F	1.0	minor triad	(0, 5, 8)	f	f	1	None
444.5	0.5	149	['A-2', 'B-5']	['M2']	[False, True]	149.0	3.0	203.0	i	False	('A-', 'C', 'F')	A-	F	1.0	minor triad	(0, 5, 8)	f	f	1	None
445.0	0.5	149	['A-5']	[]	[True]	149.0	3.0	203.0	i	False	('A-', 'C', 'F')	A-	F	1.0	minor triad	(0, 5, 8)	f	f	1	None
445.5	0.5	149	['G5']	[]	[True]	149.0	3.0	203.0	i	False	('A-', 'C', 'F')	A-	F	1.0	minor triad	(0, 5, 8)	f	f	1	None
446.0	0.5	149	['F5']	[]	[True]	149.0	3.0	203.0	i	False	('A-', 'C', 'F')	A-	F	1.0	minor triad	(0, 5, 8)	f	f	1	None
446.5	0.5	149	['E-5']	[]	[True]	149.0	3.0	203.0	i	False	('A-', 'C', 'F')	A-	F	1.0	minor triad	(0, 5, 8)	f	f	1	None
447.0	0.5	150	['D-5']	[]	[True]	150.0	3.0	204.0	i	True	('A-', 'C', 'F')	A-	F	1.0	minor triad	(0, 5, 8)	f	f	1	None
447.5	0.5	150	['C5']	[]	[True]	150.0	3.0	204.0	i	False	('A-', 'C', 'F')	A-	F	1.0	minor triad	(0, 5, 8)	f	f	1	None
448.0	0.5	150	['B-4']	[]	[True]	150.0	3.0	204.0	i	False	('A-', 'C', 'F')	A-	F	1.0	minor triad	(0, 5, 8)	f	f	1	None
448.5	0.5	150	['A-4']	[]	[True]	150.0	3.0	204.0	i	False	('A-', 'C', 'F')	A-	F	1.0	minor triad	(0, 5, 8)	f	f	1	None
449.0	0.5	150	['G4']	[]	[True]	150.0	3.0	204.0	i	False	('A-', 'C', 'F')	A-	F	1.0	minor triad	(0, 5, 8)	f	f	1	None
449.5	0.5	150	['F4']	[]	[True]	150.0	3.0	204.0	i	False	('A-', 'C', 'F')	A-	F	1.0	minor triad	(0, 5, 8)	f	f	1	None
450.0	0.5	151	['B-3', 'E4']	['A4']	[True, True]	151.0	3.0	205.0	V7	True	('B-', 'C', 'E', 'G')	B-	C	3.0	dominant seventh chord	(0, 4, 7, 10)	f	f	5	None
450.5	0.5	151	['A-3', 'F4']	['M6']	[True, True]	151.0	3.0	205.0	V7	False	('B-', 'C', 'E', 'G')	B-	C	3.0	dominant seventh chord	(0, 4, 7, 10)	f	f	5	None
451.0	0.5	151	['G3', 'G4']	['P1']	[True, True]	151.0	3.0	205.0	V7	False	('B-', 'C', 'E', 'G')	B-	C	3.0	dominant seventh chord	(0, 4, 7, 10)	f	f	5	None
451.5	0.5	151	['F3', 'A-4']	['m3']	[True, True]	151.0	3.0	205.0	V7	False	('B-', 'C', 'E', 'G')	B-	C	3.0	dominant seventh chord	(0, 4, 7, 10)	f	f	5	None
452.0	0.5	151	['E3', 'B-4']	['d5']	[True, True]	151.0	3.0	205.0	V7	False	('B-', 'C', 'E', 'G')	B-	C	3.0	dominant seventh chord	(0, 4, 7, 10)	f	f	5	None
452.5	0.5	151	['D-3', 'C5']	['M7']	[True, True]	151.0	3.0	205.0	V7	False	('B-', 'C', 'E', 'G')	B-	C	3.0	dominant seventh chord	(0, 4, 7, 10)	f	f	5	None
453.0	0.5	152	['C3', 'D-5']	['m2']	[True, True]	152.0	3.0	206.0	V7	True	('B-', 'C', 'E', 'G')	B-	C	3.0	dominant seventh chord	(0, 4, 7, 10)	f	f	5	None
453.5	0.5	152	['B-2', 'E5']	['A4']	[True, True]	152.0	3.0	206.0	V7	False	('B-', 'C', 'E', 'G')	B-	C	3.0	dominant seventh chord	(0, 4, 7, 10)	f	f	5	None
454.0	0.5	152	['A-2', 'F5']	['M6']	[True, True]	152.0	3.0	206.0	V7	False	('B-', 'C', 'E', 'G')	B-	C	3.0	dominant seventh chord	(0, 4, 7, 10)	f	f	5	None
454.5	0.5	152	['G2', 'G5']	['P1']	[True, True]	152.0	3.0	206.0	V7	False	('B-', 'C', 'E', 'G')	B-	C	3.0	dominant seventh chord	(0, 4, 7, 10)	f	f	5	None
455.0	0.5	152	['F2', 'A-5']	['m3']	[True, True]	152.0	3.0	206.0	V7	False	('B-', 'C', 'E', 'G')	B-	C	3.0	dominant seventh chord	(0, 4, 7, 10)	f	f	5	None
455.5	0.5	152	['E2', 'B-5']	['d5']	[True, True]	152.0	3.0	206.0	V7	False	('B-', 'C', 'E', 'G')	B-	C	3.0	dominant seventh chord	(0, 4, 7, 10)	f	f	5	None
456.0	1.0	153	['F2', 'A-5']	['m3']	[True, True]	153.0	1.0	207.0	i	True	('F', 'A-', 'C')	F	F	0.0	minor triad	(0, 5, 8)	f	f	1	None
457.0	0.5	153	['A-2', 'A-3']	['P1']	[True, True]	153.0	2.0	208.0	i	True	('C', 'F', 'A-')	C	F	2.0	minor triad	(0, 5, 8)	f	f	1	None
457.5	1.0	153	['A-2', 'A-3']	['P1']	[False, False]	153.0	2.0	208.0	i	False	('C', 'F', 'A-')	C	F	2.0	minor triad	(0, 5, 8)	f	f	1	None
458.5	0.5	153	['F2', 'F3']	['P1']	[True, True]	153.0	2.0	208.0	i	False	('C', 'F', 'A-')	C	F	2.0	minor triad	(0, 5, 8)	f	f	1	None
459.0	1.0	154	['C2', 'C3']	['P1']	[True, True]	154.0	1.0	209.0	i	True	('C', 'F', 'A-')	C	F	2.0	minor triad	(0, 5, 8)	f	f	1	None
460.0	0.5	154	['C3', 'B-3', 'E4', 'D-5']	['m7', 'M3', 'm2']	[True, True, True, True]	154.0	2.0	210.0	V7	True	('C', 'E', 'G', 'B-')	C	C	0.0	dominant seventh chord	(0, 4, 7, 10)	f	f	5	None
460.5	1.0	154	['C3', 'B-3', 'E4', 'D-5']	['m7', 'M3', 'm2']	[False, False, False, False]	154.0	2.0	210.0	V7	False	('C', 'E', 'G', 'B-')	C	C	0.0	dominant seventh chord	(0, 4, 7, 10)	f	f	5	None
461.5	0.5	154	['C3', 'G3', 'E4', 'B-4']	['P5', 'M3', 'm7']	[False, True, False, True]	154.0	2.0	210.0	V7	False	('C', 'E', 'G', 'B-')	C	C	0.0	dominant seventh chord	(0, 4, 7, 10)	f	f	5	None
462.0	1.0	155	['F3', 'A-3', 'F4', 'A-4']	['m3', 'P1', 'm3']	[True, True, True, True]	155.0	1.0	211.0	i	True	('F', 'A-', 'C')	F	F	0.0	minor triad	(0, 5, 8)	f	f	1	None
463.0	0.5	155	['A-2', 'A-3']	['P1']	[True, True]	155.0	2.0	212.0	i	True	('C', 'F', 'A-')	C	F	2.0	minor triad	(0, 5, 8)	f	f	1	None
463.5	1.0	155	['A-2', 'A-3']	['P1']	[False, False]	155.0	2.0	212.0	i	False	('C', 'F', 'A-')	C	F	2.0	minor triad	(0, 5, 8)	f	f	1	None
464.5	0.5	155	['F2', 'F3']	['P1']	[True, True]	155.0	2.0	212.0	i	False	('C', 'F', 'A-')	C	F	2.0	minor triad	(0, 5, 8)	f	f	1	None
465.0	1.0	156	['C2', 'C3']	['P1']	[True, True]	156.0	1.0	213.0	i	True	('C', 'F', 'A-')	C	F	2.0	minor triad	(0, 5, 8)	f	f	1	None
466.0	0.5	156	['C3', 'B-3', 'E4', 'D-5', 'E5']	['m7', 'M3', 'm2', 'M3']	[True, True, True, True, True]	156.0	2.0	214.0	V7	True	('C', 'E', 'G', 'B-')	C	C	0.0	dominant seventh chord	(0, 4, 7, 10)	f	f	5	None
466.5	1.0	156	['C3', 'B-3', 'E4', 'D-5', 'E5']	['m7', 'M3', 'm2', 'M3']	[False, False, False, False, False]	156.0	2.0	214.0	V7	False	('C', 'E', 'G', 'B-')	C	C	0.0	dominant seventh chord	(0, 4, 7, 10)	f	f	5	None
467.5	0.5	156	['C3', 'G3', 'E4', 'B-4', 'E5']	['P5', 'M3', 'm7', 'M3']	[False, True, False, True, False]	156.0	2.0	214.0	V7	False	('C', 'E', 'G', 'B-')	C	C	0.0	dominant seventh chord	(0, 4, 7, 10)	f	f	5	None
468.0	1.0	157	['F3', 'A-3', 'F4', 'A-4', 'F5']	['m3', 'P1', 'm3', 'P1']	[True, True, True, True, True]	157.0	1.0	215.0	i	True	('F', 'A-', 'C')	F	F	0.0	minor triad	(0, 5, 8)	f	f	1	None
469.0	0.5	157	['A-2', 'A-3']	['P1']	[True, True]	157.0	2.0	216.0	viio/ii	True	('F#', 'A', 'C')	F#	F#	0.0	diminished triad	(0, 6, 9)	f	g	#7	2
469.5	1.0	157	['A-2', 'A-3']	['P1']	[False, False]	157.0	2.0	216.0	viio/ii	False	('F#', 'A', 'C')	F#	F#	0.0	diminished triad	(0, 6, 9)	f	g	#7	2
470.5	0.5	157	['F2', 'F3']	['P1']	[True, True]	157.0	2.0	216.0	viio/ii	False	('F#', 'A', 'C')	F#	F#	0.0	diminished triad	(0, 6, 9)	f	g	#7	2
471.0	1.0	158	['F#2', 'F#3']	['P1']	[True, True]	158.0	1.0	217.0	viio/ii	True	('F#', 'A', 'C')	F#	F#	0.0	diminished triad	(0, 6, 9)	f	g	#7	2
472.0	0.5	158	['F#3', 'C4', 'E-4', 'E-5']	['d5', 'd7', 'd7']	[True, True, True, True]	158.0	2.0	218.0	viio7	True	('F#', 'A', 'C', 'E-')	F#	F#	0.0	diminished seventh chord	(0, 3, 6, 9)	g	g	#7	None
472.5	1.0	158	['F#3', 'C4', 'E-4', 'E-5']	['d5', 'd7', 'd7']	[False, False, False, False]	158.0	2.0	218.0	viio7	False	('F#', 'A', 'C', 'E-')	F#	F#	0.0	diminished seventh chord	(0, 3, 6, 9)	g	g	#7	None
473.5	0.5	158	['F#3', 'A3', 'E-4', 'C5']	['m3', 'd7', 'd5']	[False, True, False, True]	158.0	2.0	218.0	viio7	False	('F#', 'A', 'C', 'E-')	F#	F#	0.0	diminished seventh chord	(0, 3, 6, 9)	g	g	#7	None
474.0	1.0	159	['G3', 'B-3', 'D4', 'B-4']	['m3', 'P5', 'm3']	[True, True, True, True]	159.0	1.0	219.0	i	True	('G', 'B-', 'D')	G	G	0.0	minor triad	(2, 7, 10)	g	g	1	None
475.0	0.5	159	['B-2', 'B-3']	['P1']	[True, True]	159.0	2.0	220.0	i	True	('D', 'G', 'B-')	D	G	2.0	minor triad	(2, 7, 10)	g	g	1	None
475.5	1.0	159	['B-2', 'B-3']	['P1']	[False, False]	159.0	2.0	220.0	i	False	('D', 'G', 'B-')	D	G	2.0	minor triad	(2, 7, 10)	g	g	1	None
476.5	0.5	159	['G2', 'G3']	['P1']	[True, True]	159.0	2.0	220.0	i	False	('D', 'G', 'B-')	D	G	2.0	minor triad	(2, 7, 10)	g	g	1	None
477.0	1.0	160	['D2', 'D3']	['P1']	[True, True]	160.0	1.0	221.0	i	True	('D', 'G', 'B-')	D	G	2.0	minor triad	(2, 7, 10)	g	g	1	None
478.0	0.5	160	['D3', 'C4', 'F#4', 'E-5', 'F#5']	['m7', 'M3', 'm2', 'M3']	[True, True, True, True, True]	160.0	2.0	222.0	V7	True	('D', 'F#', 'A', 'C')	D	D	0.0	dominant seventh chord	(0, 2, 6, 9)	g	g	5	None
478.5	1.0	160	['D3', 'C4', 'F#4', 'E-5', 'F#5']	['m7', 'M3', 'm2', 'M3']	[False, False, False, False, False]	160.0	2.0	222.0	V7	False	('D', 'F#', 'A', 'C')	D	D	0.0	dominant seventh chord	(0, 2, 6, 9)	g	g	5	None
479.5	0.5	160	['D3', 'A3', 'F#4', 'C5', 'F#5']	['P5', 'M3', 'm7', 'M3']	[False, True, False, True, False]	160.0	2.0	222.0	V7	False	('D', 'F#', 'A', 'C')	D	D	0.0	dominant seventh chord	(0, 2, 6, 9)	g	g	5	None
480.0	1.0	161	['G3', 'B-3', 'G4', 'B-4', 'G5']	['m3', 'P1', 'm3', 'P1']	[True, True, True, True, True]	161.0	1.0	223.0	i	True	('G', 'B-', 'D')	G	G	0.0	minor triad	(2, 7, 10)	g	g	1	None
481.0	0.5	161	['B-2', 'B-3']	['P1']	[True, True]	161.0	2.0	224.0	VI	True	('E-', 'G', 'B-')	E-	E-	0.0	major triad	(3, 7, 10)	g	g	6	None
481.5	1.0	161	['B-2', 'B-3']	['P1']	[False, False]	161.0	2.0	224.0	VI	False	('E-', 'G', 'B-')	E-	E-	0.0	major triad	(3, 7, 10)	g	g	6	None
482.5	0.5	161	['G2', 'G3']	['P1']	[True, True]	161.0	2.0	224.0	VI	False	('E-', 'G', 'B-')	E-	E-	0.0	major triad	(3, 7, 10)	g	g	6	None
483.0	1.0	162	['E-2', 'E-3']	['P1']	[True, True]	162.0	1.0	225.0	VI	True	('E-', 'G', 'B-')	E-	E-	0.0	major triad	(3, 7, 10)	g	g	6	None
484.0	0.5	162	['E-4', 'G4', 'C#5', 'G5', 'C#6']	['M3', 'A6', 'M3', 'A6']	[True, True, True, True, True]	162.0	2.0	226.0	viio/V	True	('E', 'G', 'C#')	E	C#	1.0	diminished triad	(1, 4, 7)	g	D	7	5
484.5	1.0	162	['E-4', 'G4', 'C#5', 'G5', 'C#6']	['M3', 'A6', 'M3', 'A6']	[False, False, False, False, False]	162.0	2.0	226.0	viio/V	False	('E', 'G', 'C#')	E	C#	1.0	diminished triad	(1, 4, 7)	g	D	7	5
485.5	0.5	162	['E-4', 'G4', 'C#5', 'G5', 'C#6']	['M3', 'A6', 'M3', 'A6']	[True, True, True, True, True]	162.0	2.0	226.0	viio/V	False	('E', 'G', 'C#')	E	C#	1.0	diminished triad	(1, 4, 7)	g	D	7	5
486.0	1.0	163	['D4', 'A4', 'D5', 'F#5', 'D6']	['P5', 'P1', 'M3', 'P1']	[True, True, True, True, True]	163.0	3.0	227.0	V	True	('D', 'F#', 'A')	D	D	0.0	major triad	(2, 6, 9)	g	g	5	None
487.0	0.5	163	['D2', 'D3', 'D4']	['P1', 'P1']	[True, True, True]	163.0	3.0	227.0	V	False	('D', 'F#', 'A')	D	D	0.0	major triad	(2, 6, 9)	g	g	5	None
487.5	1.0	163	['D2', 'D3', 'D4']	['P1', 'P1']	[False, False, False]	163.0	3.0	227.0	V	False	('D', 'F#', 'A')	D	D	0.0	major triad	(2, 6, 9)	g	g	5	None
488.5	0.5	163	['D2', 'D3', 'D4']	['P1', 'P1']	[True, True, True]	163.0	3.0	227.0	V	False	('D', 'F#', 'A')	D	D	0.0	major triad	(2, 6, 9)	g	g	5	None
489.0	1.0	164	['E-2', 'E-3', 'E-4']	['P1', 'P1']	[True, True, True]	164.0	1.0	228.0	V	True	('D', 'F#', 'A')	D	D	0.0	major triad	(2, 6, 9)	g	g	5	None
490.0	0.5	164	['E-4', 'G4', 'C#5', 'G5', 'C#6']	['M3', 'A6', 'M3', 'A6']	[True, True, True, True, True]	164.0	2.0	229.0	viio/V	True	('E', 'G', 'C#')	E	C#	1.0	diminished triad	(1, 4, 7)	g	D	7	5
490.5	1.0	164	['E-4', 'G4', 'C#5', 'G5', 'C#6']	['M3', 'A6', 'M3', 'A6']	[False, False, False, False, False]	164.0	2.0	229.0	viio/V	False	('E', 'G', 'C#')	E	C#	1.0	diminished triad	(1, 4, 7)	g	D	7	5
491.5	0.5	164	['E-4', 'G4', 'C#5', 'G5', 'C#6']	['M3', 'A6', 'M3', 'A6']	[True, True, True, True, True]	164.0	2.0	229.0	viio/V	False	('E', 'G', 'C#')	E	C#	1.0	diminished triad	(1, 4, 7)	g	D	7	5
492.0	1.0	165	['D4', 'F#4', 'A4', 'D5', 'F#5', 'D6']	['M3', 'P5', 'P1', 'M3', 'P1']	[True, True, True, True, True, True]	165.0	3.0	230.0	V	True	('D', 'F#', 'A')	D	D	0.0	major triad	(2, 6, 9)	g	g	5	None
493.0	0.5	165	['D5']	[]	[True]	165.0	3.0	230.0	V	False	('D', 'F#', 'A')	D	D	0.0	major triad	(2, 6, 9)	g	g	5	None
493.5	1.0	165	['D5']	[]	[False]	165.0	3.0	230.0	V	False	('D', 'F#', 'A')	D	D	0.0	major triad	(2, 6, 9)	g	g	5	None
494.5	0.5	165	['C#5']	[]	[True]	165.0	3.0	230.0	V	False	('D', 'F#', 'A')	D	D	0.0	major triad	(2, 6, 9)	g	g	5	None
495.0	1.0	166	['D5']	[]	[True]	166.0	3.0	231.0	V	True	('D', 'F#', 'A')	D	D	0.0	major triad	(2, 6, 9)	g	g	5	None
496.0	0.5	166	['D5']	[]	[True]	166.0	3.0	231.0	V	False	('D', 'F#', 'A')	D	D	0.0	major triad	(2, 6, 9)	g	g	5	None
496.5	1.0	166	['D5']	[]	[False]	166.0	3.0	231.0	V	False	('D', 'F#', 'A')	D	D	0.0	major triad	(2, 6, 9)	g	g	5	None
497.5	0.5	166	['C#5']	[]	[True]	166.0	3.0	231.0	V	False	('D', 'F#', 'A')	D	D	0.0	major triad	(2, 6, 9)	g	g	5	None
498.0	1.0	167	['D#3', 'F#3', 'A3', 'C4', 'C5']	['m3', 'd5', 'd7', 'd7']	[True, True, True, True, True]	167.0	3.0	232.0	viio7/V	True	('D#', 'F#', 'A', 'C')	D#	D#	0.0	diminished seventh chord	(0, 3, 6, 9)	a	E	7	5
499.0	0.5	167	['C5']	[]	[True]	167.0	3.0	232.0	viio7/V	False	('D#', 'F#', 'A', 'C')	D#	D#	0.0	diminished seventh chord	(0, 3, 6, 9)	a	E	7	5
499.5	1.0	167	['C5']	[]	[False]	167.0	3.0	232.0	viio7/V	False	('D#', 'F#', 'A', 'C')	D#	D#	0.0	diminished seventh chord	(0, 3, 6, 9)	a	E	7	5
500.5	0.5	167	['B4']	[]	[True]	167.0	3.0	232.0	viio7/V	False	('D#', 'F#', 'A', 'C')	D#	D#	0.0	diminished seventh chord	(0, 3, 6, 9)	a	E	7	5
501.0	1.0	168	['C5']	[]	[True]	168.0	3.0	233.0	viio7/V	True	('D#', 'F#', 'A', 'C')	D#	D#	0.0	diminished seventh chord	(0, 3, 6, 9)	a	E	7	5
502.0	0.5	168	['C5']	[]	[True]	168.0	3.0	233.0	viio7/V	False	('D#', 'F#', 'A', 'C')	D#	D#	0.0	diminished seventh chord	(0, 3, 6, 9)	a	E	7	5
502.5	1.0	168	['C5']	[]	[False]	168.0	3.0	233.0	viio7/V	False	('D#', 'F#', 'A', 'C')	D#	D#	0.0	diminished seventh chord	(0, 3, 6, 9)	a	E	7	5
503.5	0.5	168	['B4']	[]	[True]	168.0	3.0	233.0	viio7/V	False	('D#', 'F#', 'A', 'C')	D#	D#	0.0	diminished seventh chord	(0, 3, 6, 9)	a	E	7	5
504.0	0.5	169	['E2', 'C4', 'E4', 'C5']	['m6', 'P1', 'm6']	[True, True, True, True]	169.0	3.0	234.0	i	True	('E', 'A', 'C')	E	A	2.0	minor triad	(0, 4, 9)	a	a	1	None
504.5	0.5	169	['E3', 'C4', 'E4', 'C5']	['m6', 'P1', 'm6']	[True, False, False, False]	169.0	3.0	234.0	i	False	('E', 'A', 'C')	E	A	2.0	minor triad	(0, 4, 9)	a	a	1	None
505.0	0.5	169	['E3', 'C4', 'E4', 'C5']	['m6', 'P1', 'm6']	[True, False, False, False]	169.0	3.0	234.0	i	False	('E', 'A', 'C')	E	A	2.0	minor triad	(0, 4, 9)	a	a	1	None
505.5	0.5	169	['E3', 'C4', 'E4', 'C5']	['m6', 'P1', 'm6']	[True, False, False, False]	169.0	3.0	234.0	i	False	('E', 'A', 'C')	E	A	2.0	minor triad	(0, 4, 9)	a	a	1	None
506.0	0.5	169	['E3', 'C4', 'E4', 'C5']	['m6', 'P1', 'm6']	[True, False, False, False]	169.0	3.0	234.0	i	False	('E', 'A', 'C')	E	A	2.0	minor triad	(0, 4, 9)	a	a	1	None
506.5	0.5	169	['E3', 'C4', 'E4', 'C5']	['m6', 'P1', 'm6']	[True, False, False, False]	169.0	3.0	234.0	i	False	('E', 'A', 'C')	E	A	2.0	minor triad	(0, 4, 9)	a	a	1	None
507.0	0.5	170	['E3', 'C4', 'E4', 'A4']	['m6', 'P1', 'P4']	[True, False, False, True]	170.0	3.0	235.0	i	True	('E', 'A', 'C')	E	A	2.0	minor triad	(0, 4, 9)	a	a	1	None
507.5	0.5	170	['E3', 'C4', 'E4', 'A4']	['m6', 'P1', 'P4']	[True, False, False, False]	170.0	3.0	235.0	i	False	('E', 'A', 'C')	E	A	2.0	minor triad	(0, 4, 9)	a	a	1	None
508.0	0.5	170	['E3']	[]	[True]	170.0	3.0	235.0	i	False	('E', 'A', 'C')	E	A	2.0	minor triad	(0, 4, 9)	a	a	1	None
508.5	0.5	170	['E3']	[]	[True]	170.0	3.0	235.0	i	False	('E', 'A', 'C')	E	A	2.0	minor triad	(0, 4, 9)	a	a	1	None
509.0	0.5	170	['E3']	[]	[True]	170.0	3.0	235.0	i	False	('E', 'A', 'C')	E	A	2.0	minor triad	(0, 4, 9)	a	a	1	None
509.5	0.5	170	['E3']	[]	[True]	170.0	3.0	235.0	i	False	('E', 'A', 'C')	E	A	2.0	minor triad	(0, 4, 9)	a	a	1	None
510.0	0.5	171	['E2', 'D4', 'E4', 'G#4', 'B4', 'D5']	['m7', 'P1', 'M3', 'P5', 'm7']	[True, True, True, True, True, True]	171.0	3.0	236.0	V7	True	('E', 'G#', 'B', 'D')	E	E	0.0	dominant seventh chord	(2, 4, 8, 11)	a	a	5	None
510.5	0.5	171	['E3', 'D4', 'E4', 'G#4', 'B4', 'D5']	['m7', 'P1', 'M3', 'P5', 'm7']	[True, False, False, False, False, False]	171.0	3.0	236.0	V7	False	('E', 'G#', 'B', 'D')	E	E	0.0	dominant seventh chord	(2, 4, 8, 11)	a	a	5	None
511.0	0.5	171	['E3', 'D4', 'E4', 'G#4', 'B4', 'D5']	['m7', 'P1', 'M3', 'P5', 'm7']	[True, False, False, False, False, False]	171.0	3.0	236.0	V7	False	('E', 'G#', 'B', 'D')	E	E	0.0	dominant seventh chord	(2, 4, 8, 11)	a	a	5	None
511.5	0.5	171	['E3', 'D4', 'E4', 'G#4', 'B4', 'D5']	['m7', 'P1', 'M3', 'P5', 'm7']	[True, False, False, False, False, False]	171.0	3.0	236.0	V7	False	('E', 'G#', 'B', 'D')	E	E	0.0	dominant seventh chord	(2, 4, 8, 11)	a	a	5	None
512.0	0.5	171	['E3', 'D4', 'E4', 'G#4', 'B4', 'D5']	['m7', 'P1', 'M3', 'P5', 'm7']	[True, False, False, False, False, False]	171.0	3.0	236.0	V7	False	('E', 'G#', 'B', 'D')	E	E	0.0	dominant seventh chord	(2, 4, 8, 11)	a	a	5	None
512.5	0.5	171	['E3', 'D4', 'E4', 'G#4', 'B4', 'D5']	['m7', 'P1', 'M3', 'P5', 'm7']	[True, False, False, False, False, False]	171.0	3.0	236.0	V7	False	('E', 'G#', 'B', 'D')	E	E	0.0	dominant seventh chord	(2, 4, 8, 11)	a	a	5	None
513.0	0.5	172	['E3', 'D4', 'E4', 'G#4']	['m7', 'P1', 'M3']	[True, False, False, True]	172.0	3.0	237.0	V7	True	('E', 'G#', 'B', 'D')	E	E	0.0	dominant seventh chord	(2, 4, 8, 11)	a	a	5	None
513.5	0.5	172	['E3', 'D4', 'E4', 'G#4']	['m7', 'P1', 'M3']	[True, False, False, False]	172.0	3.0	237.0	V7	False	('E', 'G#', 'B', 'D')	E	E	0.0	dominant seventh chord	(2, 4, 8, 11)	a	a	5	None
514.0	0.5	172	['E3']	[]	[True]	172.0	3.0	237.0	V7	False	('E', 'G#', 'B', 'D')	E	E	0.0	dominant seventh chord	(2, 4, 8, 11)	a	a	5	None
514.5	0.5	172	['E3']	[]	[True]	172.0	3.0	237.0	V7	False	('E', 'G#', 'B', 'D')	E	E	0.0	dominant seventh chord	(2, 4, 8, 11)	a	a	5	None
515.0	0.5	172	['E3']	[]	[True]	172.0	3.0	237.0	V7	False	('E', 'G#', 'B', 'D')	E	E	0.0	dominant seventh chord	(2, 4, 8, 11)	a	a	5	None
515.5	0.5	172	['E3']	[]	[True]	172.0	3.0	237.0	V7	False	('E', 'G#', 'B', 'D')	E	E	0.0	dominant seventh chord	(2, 4, 8, 11)	a	a	5	None
516.0	0.5	173	['A2', 'C4', 'C5']	['m3', 'm3']	[True, True, True]	173.0	3.0	238.0	i	True	('A', 'C', 'E')	A	A	0.0	minor triad	(0, 4, 9)	a	a	1	None
516.5	0.5	173	['A2', 'E3', 'C4', 'C5']	['P5', 'm3', 'm3']	[False, True, False, False]	173.0	3.0	238.0	i	False	('A', 'C', 'E')	A	A	0.0	minor triad	(0, 4, 9)	a	a	1	None
517.0	0.5	173	['A2', 'E3', 'C4', 'C5']	['P5', 'm3', 'm3']	[False, True, False, False]	173.0	3.0	238.0	i	False	('A', 'C', 'E')	A	A	0.0	minor triad	(0, 4, 9)	a	a	1	None
517.5	0.5	173	['A2', 'C3', 'C4', 'C5']	['m3', 'm3', 'm3']	[True, True, False, False]	173.0	3.0	238.0	i	False	('A', 'C', 'E')	A	A	0.0	minor triad	(0, 4, 9)	a	a	1	None
518.0	0.5	173	['A2', 'E3', 'C4', 'C5']	['P5', 'm3', 'm3']	[False, True, False, False]	173.0	3.0	238.0	i	False	('A', 'C', 'E')	A	A	0.0	minor triad	(0, 4, 9)	a	a	1	None
518.5	0.5	173	['A2', 'E3', 'E4', 'E5']	['P5', 'P5', 'P5']	[False, True, True, True]	173.0	3.0	238.0	i	False	('A', 'C', 'E')	A	A	0.0	minor triad	(0, 4, 9)	a	a	1	None
519.0	0.5	174	['B2', 'E4', 'E5']	['P4', 'P4']	[True, True, True]	174.0	3.0	239.0	V7	True	('B', 'D', 'E', 'G#')	B	E	2.0	dominant seventh chord	(2, 4, 8, 11)	a	a	5	None
519.5	0.5	174	['B2', 'E3', 'E4', 'E5']	['P4', 'P4', 'P4']	[False, True, False, False]	174.0	3.0	239.0	V7	False	('B', 'D', 'E', 'G#')	B	E	2.0	dominant seventh chord	(2, 4, 8, 11)	a	a	5	None
520.0	0.5	174	['B2', 'E3', 'D4', 'D5']	['P4', 'm3', 'm3']	[False, True, True, True]	174.0	3.0	239.0	V7	False	('B', 'D', 'E', 'G#')	B	E	2.0	dominant seventh chord	(2, 4, 8, 11)	a	a	5	None
520.5	0.5	174	['G#2', 'C4', 'C5']	['d4', 'd4']	[True, True, True]	174.0	3.0	239.0	V7	False	('B', 'D', 'E', 'G#')	B	E	2.0	dominant seventh chord	(2, 4, 8, 11)	a	a	5	None
521.0	0.5	174	['G#2', 'E3', 'C4', 'C5']	['m6', 'd4', 'd4']	[False, True, False, False]	174.0	3.0	239.0	V7	False	('B', 'D', 'E', 'G#')	B	E	2.0	dominant seventh chord	(2, 4, 8, 11)	a	a	5	None
521.5	0.5	174	['G#2', 'E3', 'B3', 'B4']	['m6', 'm3', 'm3']	[False, True, True, True]	174.0	3.0	239.0	V7	False	('B', 'D', 'E', 'G#')	B	E	2.0	dominant seventh chord	(2, 4, 8, 11)	a	a	5	None
522.0	0.5	175	['A2', 'C4', 'C5']	['m3', 'm3']	[True, True, True]	175.0	3.0	240.0	i	True	('A', 'C', 'E')	A	A	0.0	minor triad	(0, 4, 9)	a	a	1	None
522.5	0.5	175	['A2', 'E3', 'C4', 'C5']	['P5', 'm3', 'm3']	[False, True, False, False]	175.0	3.0	240.0	i	False	('A', 'C', 'E')	A	A	0.0	minor triad	(0, 4, 9)	a	a	1	None
523.0	0.5	175	['A2', 'E3', 'C4', 'C5']	['P5', 'm3', 'm3']	[False, True, False, False]	175.0	3.0	240.0	i	False	('A', 'C', 'E')	A	A	0.0	minor triad	(0, 4, 9)	a	a	1	None
523.5	0.5	175	['A2', 'C3', 'C4', 'C5']	['m3', 'm3', 'm3']	[True, True, False, False]	175.0	3.0	240.0	i	False	('A', 'C', 'E')	A	A	0.0	minor triad	(0, 4, 9)	a	a	1	None
524.0	0.5	175	['A2', 'E3', 'C4', 'C5']	['P5', 'm3', 'm3']	[False, True, False, False]	175.0	3.0	240.0	i	False	('A', 'C', 'E')	A	A	0.0	minor triad	(0, 4, 9)	a	a	1	None
524.5	0.5	175	['A2', 'E3', 'E4', 'E5']	['P5', 'P5', 'P5']	[False, True, True, True]	175.0	3.0	240.0	i	False	('A', 'C', 'E')	A	A	0.0	minor triad	(0, 4, 9)	a	a	1	None
525.0	0.5	176	['B2', 'E4', 'E5']	['P4', 'P4']	[True, True, True]	176.0	3.0	241.0	V7	True	('B', 'D', 'E', 'G#')	B	E	2.0	dominant seventh chord	(2, 4, 8, 11)	a	a	5	None
525.5	0.5	176	['B2', 'E3', 'E4', 'E5']	['P4', 'P4', 'P4']	[False, True, False, False]	176.0	3.0	241.0	V7	False	('B', 'D', 'E', 'G#')	B	E	2.0	dominant seventh chord	(2, 4, 8, 11)	a	a	5	None
526.0	0.5	176	['B2', 'E3', 'D4', 'D5']	['P4', 'm3', 'm3']	[False, True, True, True]	176.0	3.0	241.0	V7	False	('B', 'D', 'E', 'G#')	B	E	2.0	dominant seventh chord	(2, 4, 8, 11)	a	a	5	None
526.5	0.5	176	['G#2', 'C4', 'C5']	['d4', 'd4']	[True, True, True]	176.0	3.0	241.0	V7	False	('B', 'D', 'E', 'G#')	B	E	2.0	dominant seventh chord	(2, 4, 8, 11)	a	a	5	None
527.0	0.5	176	['G#2', 'E3', 'C4', 'C5']	['m6', 'd4', 'd4']	[False, True, False, False]	176.0	3.0	241.0	V7	False	('B', 'D', 'E', 'G#')	B	E	2.0	dominant seventh chord	(2, 4, 8, 11)	a	a	5	None
527.5	0.5	176	['G#2', 'E3', 'B3', 'B4']	['m6', 'm3', 'm3']	[False, True, True, True]	176.0	3.0	241.0	V7	False	('B', 'D', 'E', 'G#')	B	E	2.0	dominant seventh chord	(2, 4, 8, 11)	a	a	5	None
528.0	0.5	177	['A2', 'F4', 'A4', 'D5', 'F5']	['m6', 'P1', 'P4', 'm6']	[True, True, True, True, True]	177.0	3.0	242.0	i	True	('A', 'D', 'F')	A	D	2.0	minor triad	(2, 5, 9)	d	d	1	None
528.5	0.5	177	['A3', 'F4', 'A4', 'D5', 'F5']	['m6', 'P1', 'P4', 'm6']	[True, False, False, False, False]	177.0	3.0	242.0	i	False	('A', 'D', 'F')	A	D	2.0	minor triad	(2, 5, 9)	d	d	1	None
529.0	0.5	177	['A3', 'F4', 'A4', 'D5', 'F5']	['m6', 'P1', 'P4', 'm6']	[True, False, False, False, False]	177.0	3.0	242.0	i	False	('A', 'D', 'F')	A	D	2.0	minor triad	(2, 5, 9)	d	d	1	None
529.5	0.5	177	['A3', 'F4', 'A4', 'D5', 'F5']	['m6', 'P1', 'P4', 'm6']	[True, False, False, False, False]	177.0	3.0	242.0	i	False	('A', 'D', 'F')	A	D	2.0	minor triad	(2, 5, 9)	d	d	1	None
530.0	0.5	177	['A3', 'F4', 'A4', 'D5', 'F5']	['m6', 'P1', 'P4', 'm6']	[True, False, False, False, False]	177.0	3.0	242.0	i	False	('A', 'D', 'F')	A	D	2.0	minor triad	(2, 5, 9)	d	d	1	None
530.5	0.5	177	['A3', 'F4', 'A4', 'D5', 'F5']	['m6', 'P1', 'P4', 'm6']	[True, False, False, False, False]	177.0	3.0	242.0	i	False	('A', 'D', 'F')	A	D	2.0	minor triad	(2, 5, 9)	d	d	1	None
531.0	0.5	178	['A3', 'F4', 'A4', 'D5']	['m6', 'P1', 'P4']	[True, False, False, True]	178.0	3.0	243.0	i	True	('A', 'D', 'F')	A	D	2.0	minor triad	(2, 5, 9)	d	d	1	None
531.5	0.5	178	['A3', 'F4', 'A4', 'D5']	['m6', 'P1', 'P4']	[True, False, False, False]	178.0	3.0	243.0	i	False	('A', 'D', 'F')	A	D	2.0	minor triad	(2, 5, 9)	d	d	1	None
532.0	0.5	178	['A3']	[]	[True]	178.0	3.0	243.0	i	False	('A', 'D', 'F')	A	D	2.0	minor triad	(2, 5, 9)	d	d	1	None
532.5	0.5	178	['A3']	[]	[True]	178.0	3.0	243.0	i	False	('A', 'D', 'F')	A	D	2.0	minor triad	(2, 5, 9)	d	d	1	None
533.0	0.5	178	['A3']	[]	[True]	178.0	3.0	243.0	i	False	('A', 'D', 'F')	A	D	2.0	minor triad	(2, 5, 9)	d	d	1	None
533.5	0.5	178	['A3']	[]	[True]	178.0	3.0	243.0	i	False	('A', 'D', 'F')	A	D	2.0	minor triad	(2, 5, 9)	d	d	1	None
534.0	0.5	179	['A2', 'G4', 'A4', 'C#5', 'E5', 'G5']	['m7', 'P1', 'M3', 'P5', 'm7']	[True, True, True, True, True, True]	179.0	3.0	244.0	V7	True	('A', 'C#', 'E', 'G')	A	A	0.0	dominant seventh chord	(1, 4, 7, 9)	d	d	5	None
534.5	0.5	179	['A3', 'G4', 'A4', 'C#5', 'E5', 'G5']	['m7', 'P1', 'M3', 'P5', 'm7']	[True, False, False, False, False, False]	179.0	3.0	244.0	V7	False	('A', 'C#', 'E', 'G')	A	A	0.0	dominant seventh chord	(1, 4, 7, 9)	d	d	5	None
535.0	0.5	179	['A3', 'G4', 'A4', 'C#5', 'E5', 'G5']	['m7', 'P1', 'M3', 'P5', 'm7']	[True, False, False, False, False, False]	179.0	3.0	244.0	V7	False	('A', 'C#', 'E', 'G')	A	A	0.0	dominant seventh chord	(1, 4, 7, 9)	d	d	5	None
535.5	0.5	179	['A3', 'G4', 'A4', 'C#5', 'E5', 'G5']	['m7', 'P1', 'M3', 'P5', 'm7']	[True, False, False, False, False, False]	179.0	3.0	244.0	V7	False	('A', 'C#', 'E', 'G')	A	A	0.0	dominant seventh chord	(1, 4, 7, 9)	d	d	5	None
536.0	0.5	179	['A3', 'G4', 'A4', 'C#5', 'E5', 'G5']	['m7', 'P1', 'M3', 'P5', 'm7']	[True, False, False, False, False, False]	179.0	3.0	244.0	V7	False	('A', 'C#', 'E', 'G')	A	A	0.0	dominant seventh chord	(1, 4, 7, 9)	d	d	5	None
536.5	0.5	179	['A3', 'G4', 'A4', 'C#5', 'E5', 'G5']	['m7', 'P1', 'M3', 'P5', 'm7']	[True, False, False, False, False, False]	179.0	3.0	244.0	V7	False	('A', 'C#', 'E', 'G')	A	A	0.0	dominant seventh chord	(1, 4, 7, 9)	d	d	5	None
537.0	0.5	180	['A3', 'G4', 'A4', 'C#5']	['m7', 'P1', 'M3']	[True, False, False, True]	180.0	3.0	245.0	V7	True	('A', 'C#', 'E', 'G')	A	A	0.0	dominant seventh chord	(1, 4, 7, 9)	d	d	5	None
537.5	0.5	180	['A3', 'G4', 'A4', 'C#5']	['m7', 'P1', 'M3']	[True, False, False, False]	180.0	3.0	245.0	V7	False	('A', 'C#', 'E', 'G')	A	A	0.0	dominant seventh chord	(1, 4, 7, 9)	d	d	5	None
538.0	0.5	180	['A3']	[]	[True]	180.0	3.0	245.0	V7	False	('A', 'C#', 'E', 'G')	A	A	0.0	dominant seventh chord	(1, 4, 7, 9)	d	d	5	None
538.5	0.5	180	['A3']	[]	[True]	180.0	3.0	245.0	V7	False	('A', 'C#', 'E', 'G')	A	A	0.0	dominant seventh chord	(1, 4, 7, 9)	d	d	5	None
539.0	0.5	180	['A3']	[]	[True]	180.0	3.0	245.0	V7	False	('A', 'C#', 'E', 'G')	A	A	0.0	dominant seventh chord	(1, 4, 7, 9)	d	d	5	None
539.5	0.5	180	['A3']	[]	[True]	180.0	3.0	245.0	V7	False	('A', 'C#', 'E', 'G')	A	A	0.0	dominant seventh chord	(1, 4, 7, 9)	d	d	5	None
540.0	0.5	181	['D3', 'F4', 'F5']	['m3', 'm3']	[True, True, True]	181.0	3.0	246.0	i	True	('D', 'F', 'A')	D	D	0.0	minor triad	(2, 5, 9)	d	d	1	None
540.5	0.5	181	['D3', 'A3', 'F4', 'F5']	['P5', 'm3', 'm3']	[False, True, False, False]	181.0	3.0	246.0	i	False	('D', 'F', 'A')	D	D	0.0	minor triad	(2, 5, 9)	d	d	1	None
541.0	0.5	181	['D3', 'A3', 'F4', 'F5']	['P5', 'm3', 'm3']	[False, True, False, False]	181.0	3.0	246.0	i	False	('D', 'F', 'A')	D	D	0.0	minor triad	(2, 5, 9)	d	d	1	None
541.5	0.5	181	['D3', 'F3', 'F4', 'F5']	['m3', 'm3', 'm3']	[True, True, False, False]	181.0	3.0	246.0	i	False	('D', 'F', 'A')	D	D	0.0	minor triad	(2, 5, 9)	d	d	1	None
542.0	0.5	181	['D3', 'A3', 'F4', 'F5']	['P5', 'm3', 'm3']	[False, True, False, False]	181.0	3.0	246.0	i	False	('D', 'F', 'A')	D	D	0.0	minor triad	(2, 5, 9)	d	d	1	None
542.5	0.5	181	['D3', 'A3', 'A4', 'A5']	['P5', 'P5', 'P5']	[False, True, True, True]	181.0	3.0	246.0	i	False	('D', 'F', 'A')	D	D	0.0	minor triad	(2, 5, 9)	d	d	1	None
543.0	0.5	182	['E3', 'A4', 'A5']	['P4', 'P4']	[True, True, True]	182.0	3.0	247.0	V7	True	('E', 'G', 'A', 'C#')	E	A	2.0	dominant seventh chord	(1, 4, 7, 9)	d	d	5	None
543.5	0.5	182	['E3', 'A3', 'A4', 'A5']	['P4', 'P4', 'P4']	[False, True, False, False]	182.0	3.0	247.0	V7	False	('E', 'G', 'A', 'C#')	E	A	2.0	dominant seventh chord	(1, 4, 7, 9)	d	d	5	None
544.0	0.5	182	['E3', 'A3', 'G4', 'G5']	['P4', 'm3', 'm3']	[False, True, True, True]	182.0	3.0	247.0	V7	False	('E', 'G', 'A', 'C#')	E	A	2.0	dominant seventh chord	(1, 4, 7, 9)	d	d	5	None
544.5	0.5	182	['C#3', 'F4', 'F5']	['d4', 'd4']	[True, True, True]	182.0	3.0	247.0	V7	False	('E', 'G', 'A', 'C#')	E	A	2.0	dominant seventh chord	(1, 4, 7, 9)	d	d	5	None
545.0	0.5	182	['C#3', 'A3', 'F4', 'F5']	['m6', 'd4', 'd4']	[False, True, False, False]	182.0	3.0	247.0	V7	False	('E', 'G', 'A', 'C#')	E	A	2.0	dominant seventh chord	(1, 4, 7, 9)	d	d	5	None
545.5	0.5	182	['C#3', 'A3', 'E4', 'E5']	['m6', 'm3', 'm3']	[False, True, True, True]	182.0	3.0	247.0	V7	False	('E', 'G', 'A', 'C#')	E	A	2.0	dominant seventh chord	(1, 4, 7, 9)	d	d	5	None
546.0	0.5	183	['D3', 'F4', 'F5']	['m3', 'm3']	[True, True, True]	183.0	3.0	248.0	i	True	('D', 'F', 'A')	D	D	0.0	minor triad	(2, 5, 9)	d	d	1	None
546.5	0.5	183	['D3', 'A3', 'F4', 'F5']	['P5', 'm3', 'm3']	[False, True, False, False]	183.0	3.0	248.0	i	False	('D', 'F', 'A')	D	D	0.0	minor triad	(2, 5, 9)	d	d	1	None
547.0	0.5	183	['D3', 'A3', 'F4', 'F5']	['P5', 'm3', 'm3']	[False, True, False, False]	183.0	3.0	248.0	i	False	('D', 'F', 'A')	D	D	0.0	minor triad	(2, 5, 9)	d	d	1	None
547.5	0.5	183	['D3', 'F3', 'F4', 'F5']	['m3', 'm3', 'm3']	[True, True, False, False]	183.0	3.0	248.0	i	False	('D', 'F', 'A')	D	D	0.0	minor triad	(2, 5, 9)	d	d	1	None
548.0	0.5	183	['D3', 'A3', 'F4', 'F5']	['P5', 'm3', 'm3']	[False, True, False, False]	183.0	3.0	248.0	i	False	('D', 'F', 'A')	D	D	0.0	minor triad	(2, 5, 9)	d	d	1	None
548.5	0.5	183	['D3', 'A3', 'A4', 'A5']	['P5', 'P5', 'P5']	[False, True, True, True]	183.0	3.0	248.0	i	False	('D', 'F', 'A')	D	D	0.0	minor triad	(2, 5, 9)	d	d	1	None
549.0	0.5	184	['E3', 'A4', 'A5']	['P4', 'P4']	[True, True, True]	184.0	3.0	249.0	V7	True	('E', 'G', 'A', 'C#')	E	A	2.0	dominant seventh chord	(1, 4, 7, 9)	d	d	5	None
549.5	0.5	184	['E3', 'A3', 'A4', 'A5']	['P4', 'P4', 'P4']	[False, True, False, False]	184.0	3.0	249.0	V7	False	('E', 'G', 'A', 'C#')	E	A	2.0	dominant seventh chord	(1, 4, 7, 9)	d	d	5	None
550.0	0.5	184	['E3', 'A3', 'G4', 'G5']	['P4', 'm3', 'm3']	[False, True, True, True]	184.0	3.0	249.0	V7	False	('E', 'G', 'A', 'C#')	E	A	2.0	dominant seventh chord	(1, 4, 7, 9)	d	d	5	None
550.5	0.5	184	['C#3', 'F4', 'F5']	['d4', 'd4']	[True, True, True]	184.0	3.0	249.0	V7	False	('E', 'G', 'A', 'C#')	E	A	2.0	dominant seventh chord	(1, 4, 7, 9)	d	d	5	None
551.0	0.5	184	['C#3', 'A3', 'F4', 'F5']	['m6', 'd4', 'd4']	[False, True, False, False]	184.0	3.0	249.0	V7	False	('E', 'G', 'A', 'C#')	E	A	2.0	dominant seventh chord	(1, 4, 7, 9)	d	d	5	None
551.5	0.5	184	['C#3', 'A3', 'E4', 'E5']	['m6', 'm3', 'm3']	[False, True, True, True]	184.0	3.0	249.0	V7	False	('E', 'G', 'A', 'C#')	E	A	2.0	dominant seventh chord	(1, 4, 7, 9)	d	d	5	None
552.0	3.0	185	['D3', 'A3', 'F4', 'F5']	['P5', 'm3', 'm3']	[True, True, True, True]	185.0	3.0	250.0	i	True	('D', 'F', 'A')	D	D	0.0	minor triad	(2, 5, 9)	d	d	1	None
555.0	1.0	186	['D3', 'A3', 'F4', 'A4']	['P5', 'm3', 'P5']	[False, False, False, True]	186.0	3.0	251.0	i	True	('D', 'F', 'A')	D	D	0.0	minor triad	(2, 5, 9)	d	d	1	None
556.0	2.0	186	['D3', 'A3', 'F4', 'A4']	['P5', 'm3', 'P5']	[False, False, False, True]	186.0	3.0	251.0	i	False	('D', 'F', 'A')	D	D	0.0	minor triad	(2, 5, 9)	d	d	1	None
558.0	3.0	187	['D3', 'B-3', 'F4', 'F5']	['m6', 'm3', 'm3']	[True, True, True, True]	187.0	3.0	252.0	V	True	('D', 'F', 'B-')	D	B-	1.0	major triad	(2, 5, 10)	E-	E-	5	None
561.0	1.0	188	['D3', 'B-3', 'F4', 'A-4']	['m6', 'm3', 'd5']	[False, False, False, True]	188.0	3.0	253.0	V7	True	('D', 'F', 'A-', 'B-')	D	B-	1.0	dominant seventh chord	(2, 5, 8, 10)	E-	E-	5	None
562.0	2.0	188	['D3', 'B-3', 'F4', 'A-4']	['m6', 'm3', 'd5']	[False, False, False, True]	188.0	3.0	253.0	V7	False	('D', 'F', 'A-', 'B-')	D	B-	1.0	dominant seventh chord	(2, 5, 8, 10)	E-	E-	5	None
564.0	0.5	189	['E-2', 'G3', 'B-3', 'E-4', 'G4']	['M3', 'P5', 'P1', 'M3']	[True, True, True, True, True]	189.0	3.0	254.0	I	True	('E-', 'G', 'B-')	E-	E-	0.0	major triad	(3, 7, 10)	E-	E-	1	None
564.5	0.5	189	['E-3', 'G3', 'B-3', 'E-4', 'G4']	['M3', 'P5', 'P1', 'M3']	[True, False, False, False, False]	189.0	3.0	254.0	I	False	('E-', 'G', 'B-')	E-	E-	0.0	major triad	(3, 7, 10)	E-	E-	1	None
565.0	0.5	189	['E-3', 'G3', 'B-3', 'E-4', 'G4']	['M3', 'P5', 'P1', 'M3']	[True, False, False, False, False]	189.0	3.0	254.0	I	False	('E-', 'G', 'B-')	E-	E-	0.0	major triad	(3, 7, 10)	E-	E-	1	None
565.5	0.5	189	['E-3', 'G3', 'B-3', 'E-4', 'G4']	['M3', 'P5', 'P1', 'M3']	[True, False, False, False, False]	189.0	3.0	254.0	I	False	('E-', 'G', 'B-')	E-	E-	0.0	major triad	(3, 7, 10)	E-	E-	1	None
566.0	0.5	189	['E-3', 'G3', 'B-3', 'E-4', 'G4']	['M3', 'P5', 'P1', 'M3']	[True, False, False, False, False]	189.0	3.0	254.0	I	False	('E-', 'G', 'B-')	E-	E-	0.0	major triad	(3, 7, 10)	E-	E-	1	None
566.5	0.5	189	['E-3', 'G3', 'B-3', 'E-4', 'G4']	['M3', 'P5', 'P1', 'M3']	[True, False, False, False, False]	189.0	3.0	254.0	I	False	('E-', 'G', 'B-')	E-	E-	0.0	major triad	(3, 7, 10)	E-	E-	1	None
567.0	0.5	190	['E-3', 'G3', 'B-3', 'E-4']	['M3', 'P5', 'P1']	[True, True, True, True]	190.0	3.0	255.0	I	True	('E-', 'G', 'B-')	E-	E-	0.0	major triad	(3, 7, 10)	E-	E-	1	None
567.5	0.5	190	['E-3', 'G3', 'B-3', 'E-4']	['M3', 'P5', 'P1']	[True, False, False, False]	190.0	3.0	255.0	I	False	('E-', 'G', 'B-')	E-	E-	0.0	major triad	(3, 7, 10)	E-	E-	1	None
568.0	0.5	190	['E-3']	[]	[True]	190.0	3.0	255.0	I	False	('E-', 'G', 'B-')	E-	E-	0.0	major triad	(3, 7, 10)	E-	E-	1	None
568.5	0.5	190	['E-3']	[]	[True]	190.0	3.0	255.0	I	False	('E-', 'G', 'B-')	E-	E-	0.0	major triad	(3, 7, 10)	E-	E-	1	None
569.0	0.5	190	['E-3']	[]	[True]	190.0	3.0	255.0	I	False	('E-', 'G', 'B-')	E-	E-	0.0	major triad	(3, 7, 10)	E-	E-	1	None
569.5	0.5	190	['E-3']	[]	[True]	190.0	3.0	255.0	I	False	('E-', 'G', 'B-')	E-	E-	0.0	major triad	(3, 7, 10)	E-	E-	1	None
570.0	0.5	191	['E-2', 'B-3', 'E-4', 'G4', 'B-4']	['P5', 'P1', 'M3', 'P5']	[True, True, True, True, True]	191.0	3.0	256.0	I	True	('E-', 'G', 'B-')	E-	E-	0.0	major triad	(3, 7, 10)	E-	E-	1	None
570.5	0.5	191	['E-3', 'B-3', 'E-4', 'G4', 'B-4']	['P5', 'P1', 'M3', 'P5']	[True, False, False, False, False]	191.0	3.0	256.0	I	False	('E-', 'G', 'B-')	E-	E-	0.0	major triad	(3, 7, 10)	E-	E-	1	None
571.0	0.5	191	['E-3', 'B-3', 'E-4', 'G4', 'B-4']	['P5', 'P1', 'M3', 'P5']	[True, False, False, False, False]	191.0	3.0	256.0	I	False	('E-', 'G', 'B-')	E-	E-	0.0	major triad	(3, 7, 10)	E-	E-	1	None
571.5	0.5	191	['E-3', 'B-3', 'E-4', 'G4', 'B-4']	['P5', 'P1', 'M3', 'P5']	[True, False, False, False, False]	191.0	3.0	256.0	I	False	('E-', 'G', 'B-')	E-	E-	0.0	major triad	(3, 7, 10)	E-	E-	1	None
572.0	0.5	191	['E-3', 'B-3', 'E-4', 'G4', 'B-4']	['P5', 'P1', 'M3', 'P5']	[True, False, False, False, False]	191.0	3.0	256.0	I	False	('E-', 'G', 'B-')	E-	E-	0.0	major triad	(3, 7, 10)	E-	E-	1	None
572.5	0.5	191	['E-3', 'B-3', 'E-4', 'G4', 'B-4']	['P5', 'P1', 'M3', 'P5']	[True, False, False, False, False]	191.0	3.0	256.0	I	False	('E-', 'G', 'B-')	E-	E-	0.0	major triad	(3, 7, 10)	E-	E-	1	None
573.0	0.5	192	['E-3', 'G3', 'B-3', 'E-4', 'G4']	['M3', 'P5', 'P1', 'M3']	[True, True, True, True, True]	192.0	3.0	257.0	I	True	('E-', 'G', 'B-')	E-	E-	0.0	major triad	(3, 7, 10)	E-	E-	1	None
573.5	0.5	192	['E-3', 'G3', 'B-3', 'E-4', 'G4']	['M3', 'P5', 'P1', 'M3']	[True, False, False, False, False]	192.0	3.0	257.0	I	False	('E-', 'G', 'B-')	E-	E-	0.0	major triad	(3, 7, 10)	E-	E-	1	None
574.0	0.5	192	['E-3']	[]	[True]	192.0	3.0	257.0	I	False	('E-', 'G', 'B-')	E-	E-	0.0	major triad	(3, 7, 10)	E-	E-	1	None
574.5	0.5	192	['E-3']	[]	[True]	192.0	3.0	257.0	I	False	('E-', 'G', 'B-')	E-	E-	0.0	major triad	(3, 7, 10)	E-	E-	1	None
575.0	0.5	192	['E-3']	[]	[True]	192.0	3.0	257.0	I	False	('E-', 'G', 'B-')	E-	E-	0.0	major triad	(3, 7, 10)	E-	E-	1	None
575.5	0.5	192	['E-3', 'B-4']	['P5']	[True, True]	192.0	3.0	257.0	I	False	('E-', 'G', 'B-')	E-	E-	0.0	major triad	(3, 7, 10)	E-	E-	1	None
576.0	0.5	193	['E-3', 'G3', 'E-4', 'E-5']	['M3', 'P1', 'P1']	[True, True, True, True]	193.0	1.5	258.0	I	True	('E-', 'G', 'B-')	E-	E-	0.0	major triad	(3, 7, 10)	E-	E-	1	None
576.5	0.5	193	['E-3', 'G3', 'E-4', 'D5']	['M3', 'P1', 'M7']	[False, False, False, True]	193.0	1.5	258.0	I	False	('E-', 'G', 'B-')	E-	E-	0.0	major triad	(3, 7, 10)	E-	E-	1	None
577.0	0.5	193	['E-3', 'G3', 'E-4', 'F5']	['M3', 'P1', 'M2']	[False, False, False, True]	193.0	1.5	258.0	I	False	('E-', 'G', 'B-')	E-	E-	0.0	major triad	(3, 7, 10)	E-	E-	1	None
577.5	0.5	193	['F3', 'A-3', 'E-4', 'E-5']	['m3', 'm7', 'm7']	[True, True, False, True]	193.0	1.5	259.0	ii7	True	('F', 'A-', 'C', 'E-')	F	F	0.0	minor seventh chord	(0, 3, 5, 8)	E-	E-	2	None
578.0	0.5	193	['F3', 'A-3', 'E-4', 'D5']	['m3', 'm7', 'M6']	[False, False, False, True]	193.0	1.5	259.0	ii7	False	('F', 'A-', 'C', 'E-')	F	F	0.0	minor seventh chord	(0, 3, 5, 8)	E-	E-	2	None
578.5	0.5	193	['F3', 'A-3', 'E-4', 'F5']	['m3', 'm7', 'P1']	[False, False, False, True]	193.0	1.5	259.0	ii7	False	('F', 'A-', 'C', 'E-')	F	F	0.0	minor seventh chord	(0, 3, 5, 8)	E-	E-	2	None
579.0	0.5	194	['G3', 'B-3', 'E-4', 'E-5']	['m3', 'm6', 'm6']	[True, True, False, True]	194.0	3.0	260.0	I	True	('G', 'B-', 'E-')	G	E-	1.0	major triad	(3, 7, 10)	E-	E-	1	None
579.5	0.5	194	['G3', 'B-3', 'E-4', 'D5']	['m3', 'm6', 'P5']	[False, False, False, True]	194.0	3.0	260.0	I	False	('G', 'B-', 'E-')	G	E-	1.0	major triad	(3, 7, 10)	E-	E-	1	None
580.0	0.5	194	['F5']	[]	[True]	194.0	3.0	260.0	I	False	('G', 'B-', 'E-')	G	E-	1.0	major triad	(3, 7, 10)	E-	E-	1	None
580.5	0.5	194	['E-5']	[]	[True]	194.0	3.0	260.0	I	False	('G', 'B-', 'E-')	G	E-	1.0	major triad	(3, 7, 10)	E-	E-	1	None
581.0	0.5	194	['D5']	[]	[True]	194.0	3.0	260.0	I	False	('G', 'B-', 'E-')	G	E-	1.0	major triad	(3, 7, 10)	E-	E-	1	None
581.5	0.5	194	['C5']	[]	[True]	194.0	3.0	260.0	I	False	('G', 'B-', 'E-')	G	E-	1.0	major triad	(3, 7, 10)	E-	E-	1	None
582.0	0.5	195	['B-3', 'D4', 'B-4', 'A-5']	['M3', 'P1', 'm7']	[True, True, True, True]	195.0	1.5	261.0	V7	True	('B-', 'D', 'F', 'A-')	B-	B-	0.0	dominant seventh chord	(2, 5, 8, 10)	E-	E-	5	None
582.5	0.5	195	['B-3', 'D4', 'B-4', 'G5']	['M3', 'P1', 'M6']	[False, False, False, True]	195.0	1.5	261.0	V7	False	('B-', 'D', 'F', 'A-')	B-	B-	0.0	dominant seventh chord	(2, 5, 8, 10)	E-	E-	5	None
583.0	0.5	195	['B-3', 'D4', 'B-4', 'B-5']	['M3', 'P1', 'P1']	[False, False, False, True]	195.0	1.5	261.0	V7	False	('B-', 'D', 'F', 'A-')	B-	B-	0.0	dominant seventh chord	(2, 5, 8, 10)	E-	E-	5	None
583.5	0.5	195	['C4', 'E-4', 'B-4', 'A-5']	['m3', 'm7', 'm6']	[True, True, False, True]	195.0	1.5	262.0	vi7	True	('C', 'E-', 'G', 'B-')	C	C	0.0	minor seventh chord	(0, 3, 7, 10)	E-	E-	6	None
584.0	0.5	195	['C4', 'E-4', 'B-4', 'G5']	['m3', 'm7', 'P5']	[False, False, False, True]	195.0	1.5	262.0	vi7	False	('C', 'E-', 'G', 'B-')	C	C	0.0	minor seventh chord	(0, 3, 7, 10)	E-	E-	6	None
584.5	0.5	195	['C4', 'E-4', 'B-4', 'B-5']	['m3', 'm7', 'm7']	[False, False, False, True]	195.0	1.5	262.0	vi7	False	('C', 'E-', 'G', 'B-')	C	C	0.0	minor seventh chord	(0, 3, 7, 10)	E-	E-	6	None
585.0	0.5	196	['D4', 'F4', 'B-4', 'A-5']	['m3', 'm6', 'd5']	[True, True, False, True]	196.0	3.0	263.0	V7	True	('D', 'F', 'A-', 'B-')	D	B-	1.0	dominant seventh chord	(2, 5, 8, 10)	E-	E-	5	None
585.5	0.5	196	['D4', 'F4', 'B-4', 'G5']	['m3', 'm6', 'P4']	[False, False, False, True]	196.0	3.0	263.0	V7	False	('D', 'F', 'A-', 'B-')	D	B-	1.0	dominant seventh chord	(2, 5, 8, 10)	E-	E-	5	None
586.0	0.5	196	['B-5']	[]	[True]	196.0	3.0	263.0	V7	False	('D', 'F', 'A-', 'B-')	D	B-	1.0	dominant seventh chord	(2, 5, 8, 10)	E-	E-	5	None
586.5	0.5	196	['A-5']	[]	[True]	196.0	3.0	263.0	V7	False	('D', 'F', 'A-', 'B-')	D	B-	1.0	dominant seventh chord	(2, 5, 8, 10)	E-	E-	5	None
587.0	0.5	196	['G5']	[]	[True]	196.0	3.0	263.0	V7	False	('D', 'F', 'A-', 'B-')	D	B-	1.0	dominant seventh chord	(2, 5, 8, 10)	E-	E-	5	None
587.5	0.5	196	['F5']	[]	[True]	196.0	3.0	263.0	V7	False	('D', 'F', 'A-', 'B-')	D	B-	1.0	dominant seventh chord	(2, 5, 8, 10)	E-	E-	5	None
588.0	0.5	197	['E-4', 'G4', 'E-5', 'E-6']	['M3', 'P1', 'P1']	[True, True, True, True]	197.0	1.5	264.0	I	True	('E-', 'G', 'B-')	E-	E-	0.0	major triad	(3, 7, 10)	E-	E-	1	None
588.5	0.5	197	['E-4', 'G4', 'E-5', 'D6']	['M3', 'P1', 'M7']	[False, False, False, True]	197.0	1.5	264.0	I	False	('E-', 'G', 'B-')	E-	E-	0.0	major triad	(3, 7, 10)	E-	E-	1	None
589.0	0.5	197	['E-4', 'G4', 'E-5', 'F6']	['M3', 'P1', 'M2']	[False, False, False, True]	197.0	1.5	264.0	I	False	('E-', 'G', 'B-')	E-	E-	0.0	major triad	(3, 7, 10)	E-	E-	1	None
589.5	0.5	197	['F4', 'A-4', 'E-5', 'E-6']	['m3', 'm7', 'm7']	[True, True, False, True]	197.0	1.5	265.0	ii7	True	('F', 'A-', 'C', 'E-')	F	F	0.0	minor seventh chord	(0, 3, 5, 8)	E-	E-	2	None
590.0	0.5	197	['F4', 'A-4', 'E-5', 'D6']	['m3', 'm7', 'M6']	[False, False, False, True]	197.0	1.5	265.0	ii7	False	('F', 'A-', 'C', 'E-')	F	F	0.0	minor seventh chord	(0, 3, 5, 8)	E-	E-	2	None
590.5	0.5	197	['F4', 'A-4', 'E-5', 'F6']	['m3', 'm7', 'P1']	[False, False, False, True]	197.0	1.5	265.0	ii7	False	('F', 'A-', 'C', 'E-')	F	F	0.0	minor seventh chord	(0, 3, 5, 8)	E-	E-	2	None
591.0	0.5	198	['G4', 'B-4', 'E-5', 'E-6']	['m3', 'm6', 'm6']	[True, True, False, True]	198.0	1.5	266.0	I	True	('G', 'B-', 'E-')	G	E-	1.0	major triad	(3, 7, 10)	E-	E-	1	None
591.5	0.5	198	['G4', 'B-4', 'E-5', 'D6']	['m3', 'm6', 'P5']	[False, False, False, True]	198.0	1.5	266.0	I	False	('G', 'B-', 'E-')	G	E-	1.0	major triad	(3, 7, 10)	E-	E-	1	None
592.0	0.5	198	['G4', 'B-4', 'E-5', 'F6']	['m3', 'm6', 'm7']	[False, False, False, True]	198.0	1.5	266.0	I	False	('G', 'B-', 'E-')	G	E-	1.0	major triad	(3, 7, 10)	E-	E-	1	None
592.5	0.5	198	['G4', 'B-4', 'D-5', 'E-5', 'E-6']	['m3', 'd5', 'm6', 'm6']	[True, True, True, True, True]	198.0	1.5	267.0	V7/IV	True	('G', 'B-', 'D-', 'E-')	G	E-	1.0	dominant seventh chord	(1, 3, 7, 10)	E-	A-	5	4
593.0	0.5	198	['G4', 'B-4', 'D-5', 'E-5', 'D-6']	['m3', 'd5', 'm6', 'd5']	[False, False, False, False, True]	198.0	1.5	267.0	V7/IV	False	('G', 'B-', 'D-', 'E-')	G	E-	1.0	dominant seventh chord	(1, 3, 7, 10)	E-	A-	5	4
593.5	0.5	198	['G4', 'B-4', 'D-5', 'E-5', 'C6']	['m3', 'd5', 'm6', 'P4']	[False, False, False, False, True]	198.0	1.5	267.0	V7/IV	False	('G', 'B-', 'D-', 'E-')	G	E-	1.0	dominant seventh chord	(1, 3, 7, 10)	E-	A-	5	4
594.0	0.5	199	['A-4', 'C5', 'E-5', 'B5']	['M3', 'P5', 'A2']	[True, True, True, True]	199.0	3.0	268.0	IV	True	('A-', 'C', 'E-')	A-	A-	0.0	major triad	(0, 3, 8)	E-	E-	4	None
594.5	0.5	199	['A-4', 'C5', 'E-5', 'C6']	['M3', 'P5', 'M3']	[False, False, False, True]	199.0	3.0	268.0	IV	False	('A-', 'C', 'E-')	A-	A-	0.0	major triad	(0, 3, 8)	E-	E-	4	None
595.0	0.5	199	['B-5']	[]	[True]	199.0	3.0	268.0	IV	False	('A-', 'C', 'E-')	A-	A-	0.0	major triad	(0, 3, 8)	E-	E-	4	None
595.5	0.5	199	['A-5']	[]	[True]	199.0	3.0	268.0	IV	False	('A-', 'C', 'E-')	A-	A-	0.0	major triad	(0, 3, 8)	E-	E-	4	None
596.0	0.5	199	['G5']	[]	[True]	199.0	3.0	268.0	IV	False	('A-', 'C', 'E-')	A-	A-	0.0	major triad	(0, 3, 8)	E-	E-	4	None
596.5	0.5	199	['F5']	[]	[True]	199.0	3.0	268.0	IV	False	('A-', 'C', 'E-')	A-	A-	0.0	major triad	(0, 3, 8)	E-	E-	4	None
597.0	0.5	200	['B-3', 'E-4', 'G4', 'E-5']	['P4', 'M6', 'P4']	[True, True, True, True]	200.0	1.5	269.0	I	True	('B-', 'E-', 'G')	B-	E-	2.0	major triad	(3, 7, 10)	E-	E-	1	None
597.5	0.5	200	['B-3', 'E-4', 'G4', 'D5']	['P4', 'M6', 'M3']	[False, False, False, True]	200.0	1.5	269.0	I	False	('B-', 'E-', 'G')	B-	E-	2.0	major triad	(3, 7, 10)	E-	E-	1	None
598.0	0.5	200	['F5']	[]	[True]	200.0	1.5	269.0	I	False	('B-', 'E-', 'G')	B-	E-	2.0	major triad	(3, 7, 10)	E-	E-	1	None
598.5	0.5	200	['B-3', 'F4', 'A-4', 'A-5']	['P5', 'm7', 'm7']	[True, True, True, True]	200.0	1.5	270.0	V7	True	('B-', 'D', 'F', 'A-')	B-	B-	0.0	dominant seventh chord	(2, 5, 8, 10)	E-	E-	5	None
599.0	0.5	200	['B-3', 'F4', 'A-4', 'F5']	['P5', 'm7', 'P5']	[False, False, False, True]	200.0	1.5	270.0	V7	False	('B-', 'D', 'F', 'A-')	B-	B-	0.0	dominant seventh chord	(2, 5, 8, 10)	E-	E-	5	None
599.5	0.5	200	['D5']	[]	[True]	200.0	1.5	270.0	V7	False	('B-', 'D', 'F', 'A-')	B-	B-	0.0	dominant seventh chord	(2, 5, 8, 10)	E-	E-	5	None
600.0	0.5	201	['E-4', 'E-5']	['P1']	[True, True]	201.0	3.0	271.0	I	True	('E-', 'G', 'B-')	E-	E-	0.0	major triad	(3, 7, 10)	E-	E-	1	None
600.5	0.5	201	['D4', 'E-5']	['m2']	[True, False]	201.0	3.0	271.0	I	False	('E-', 'G', 'B-')	E-	E-	0.0	major triad	(3, 7, 10)	E-	E-	1	None
601.0	0.5	201	['F4']	[]	[True]	201.0	3.0	271.0	I	False	('E-', 'G', 'B-')	E-	E-	0.0	major triad	(3, 7, 10)	E-	E-	1	None
601.5	0.5	201	['E-4', 'G4', 'E-5', 'G5']	['M3', 'P1', 'M3']	[True, True, True, True]	201.0	3.0	271.0	I	False	('E-', 'G', 'B-')	E-	E-	0.0	major triad	(3, 7, 10)	E-	E-	1	None
602.0	0.5	201	['D4', 'G4', 'E-5', 'G5']	['P4', 'm2', 'P4']	[True, False, False, False]	201.0	3.0	271.0	I	False	('E-', 'G', 'B-')	E-	E-	0.0	major triad	(3, 7, 10)	E-	E-	1	None
602.5	0.5	201	['F4', 'G4', 'E-5', 'G5']	['M2', 'm7', 'M2']	[True, False, False, False]	201.0	3.0	271.0	I	False	('E-', 'G', 'B-')	E-	E-	0.0	major triad	(3, 7, 10)	E-	E-	1	None
603.0	0.5	202	['E-4', 'G4', 'E-5', 'G5']	['M3', 'P1', 'M3']	[True, False, False, False]	202.0	1.5	272.0	I	True	('E-', 'G', 'B-')	E-	E-	0.0	major triad	(3, 7, 10)	E-	E-	1	None
603.5	0.5	202	['D4', 'G4', 'E-5', 'G5']	['P4', 'm2', 'P4']	[True, False, False, False]	202.0	1.5	272.0	I	False	('E-', 'G', 'B-')	E-	E-	0.0	major triad	(3, 7, 10)	E-	E-	1	None
604.0	0.5	202	['F4', 'G4', 'E-5', 'G5']	['M2', 'm7', 'M2']	[True, False, False, False]	202.0	1.5	272.0	I	False	('E-', 'G', 'B-')	E-	E-	0.0	major triad	(3, 7, 10)	E-	E-	1	None
604.5	0.5	202	['E-4', 'A-4', 'E-5', 'A-5']	['P4', 'P1', 'P4']	[True, True, True, True]	202.0	1.5	273.0	I	True	('C', 'E-', 'A-')	C	A-	1.0	major triad	(0, 3, 8)	A-	A-	1	None
605.0	0.5	202	['D-4', 'A-4', 'E-5', 'A-5']	['P5', 'M2', 'P5']	[True, False, False, False]	202.0	1.5	273.0	I	False	('C', 'E-', 'A-')	C	A-	1.0	major triad	(0, 3, 8)	A-	A-	1	None
605.5	0.5	202	['C4', 'A-4', 'E-5', 'A-5']	['m6', 'm3', 'm6']	[True, False, False, False]	202.0	1.5	273.0	I	False	('C', 'E-', 'A-')	C	A-	1.0	major triad	(0, 3, 8)	A-	A-	1	None
606.0	0.5	203	['B-3', 'B-4', 'E-5', 'B-5']	['P1', 'P4', 'P1']	[True, True, True, True]	203.0	1.5	274.0	V	True	('G', 'B-', 'E-')	G	E-	1.0	major triad	(3, 7, 10)	A-	A-	5	None
606.5	0.5	203	['A-3', 'B-4', 'E-5', 'B-5']	['M2', 'P5', 'M2']	[True, False, False, False]	203.0	1.5	274.0	V	False	('G', 'B-', 'E-')	G	E-	1.0	major triad	(3, 7, 10)	A-	A-	5	None
607.0	0.5	203	['G3', 'B-4', 'E-5', 'B-5']	['m3', 'm6', 'm3']	[True, False, False, False]	203.0	1.5	274.0	V	False	('G', 'B-', 'E-')	G	E-	1.0	major triad	(3, 7, 10)	A-	A-	5	None
607.5	0.5	203	['F3', 'C5', 'E-5', 'C6']	['P5', 'm7', 'P5']	[True, True, True, True]	203.0	1.5	275.0	I	True	('C', 'E-', 'A-')	C	A-	1.0	major triad	(0, 3, 8)	A-	A-	1	None
608.0	0.5	203	['E-3', 'C5', 'E-5', 'C6']	['M6', 'P1', 'M6']	[True, False, False, False]	203.0	1.5	275.0	I	False	('C', 'E-', 'A-')	C	A-	1.0	major triad	(0, 3, 8)	A-	A-	1	None
608.5	0.5	203	['D-3', 'C5', 'E-5', 'C6']	['M7', 'M2', 'M7']	[True, False, False, False]	203.0	1.5	275.0	I	False	('C', 'E-', 'A-')	C	A-	1.0	major triad	(0, 3, 8)	A-	A-	1	None
609.0	0.5	204	['C3', 'D-5', 'E-5', 'D-6']	['m2', 'm3', 'm2']	[True, True, True, True]	204.0	3.0	276.0	V7	True	('E-', 'G', 'B-', 'D-')	E-	E-	0.0	dominant seventh chord	(1, 3, 7, 10)	A-	A-	5	None
609.5	0.5	204	['B-2', 'D-5', 'E-5', 'D-6']	['m3', 'P4', 'm3']	[True, False, False, False]	204.0	3.0	276.0	V7	False	('E-', 'G', 'B-', 'D-')	E-	E-	0.0	dominant seventh chord	(1, 3, 7, 10)	A-	A-	5	None
610.0	0.5	204	['A-2', 'D-5', 'E-5', 'D-6']	['P4', 'P5', 'P4']	[True, False, False, False]	204.0	3.0	276.0	V7	False	('E-', 'G', 'B-', 'D-')	E-	E-	0.0	dominant seventh chord	(1, 3, 7, 10)	A-	A-	5	None
610.5	0.5	204	['G2', 'E-5', 'E-6']	['m6', 'm6']	[True, True, True]	204.0	3.0	276.0	V7	False	('E-', 'G', 'B-', 'D-')	E-	E-	0.0	dominant seventh chord	(1, 3, 7, 10)	A-	A-	5	None
611.0	0.5	204	['F2', 'E-5', 'E-6']	['m7', 'm7']	[True, False, False]	204.0	3.0	276.0	V7	False	('E-', 'G', 'B-', 'D-')	E-	E-	0.0	dominant seventh chord	(1, 3, 7, 10)	A-	A-	5	None
611.5	0.5	204	['E-2', 'E-5', 'E-6']	['P1', 'P1']	[True, False, False]	204.0	3.0	276.0	V7	False	('E-', 'G', 'B-', 'D-')	E-	E-	0.0	dominant seventh chord	(1, 3, 7, 10)	A-	A-	5	None
612.0	0.5	205	['A-1', 'E-2', 'A-2', 'C5', 'C6']	['P5', 'P1', 'M3', 'M3']	[True, True, True, True, True]	205.0	1.5	277.0	I	True	('A-', 'C', 'E-')	A-	A-	0.0	major triad	(0, 3, 8)	A-	A-	1	None
612.5	0.5	205	['A-1', 'E-2', 'A-2', 'E-6']	['P5', 'P1', 'P5']	[False, False, False, True]	205.0	1.5	277.0	I	False	('A-', 'C', 'E-')	A-	A-	0.0	major triad	(0, 3, 8)	A-	A-	1	None
613.0	0.5	205	['D-6']	[]	[True]	205.0	1.5	277.0	I	False	('A-', 'C', 'E-')	A-	A-	0.0	major triad	(0, 3, 8)	A-	A-	1	None
613.5	0.5	205	['B-1', 'E-2', 'B-2', 'C6']	['P4', 'P1', 'M2']	[True, True, True, True]	205.0	1.5	278.0	V7	True	('B-', 'D-', 'E-', 'G')	B-	E-	2.0	dominant seventh chord	(1, 3, 7, 10)	A-	A-	5	None
614.0	0.5	205	['B-1', 'E-2', 'B-2', 'B-5']	['P4', 'P1', 'P1']	[False, False, False, True]	205.0	1.5	278.0	V7	False	('B-', 'D-', 'E-', 'G')	B-	E-	2.0	dominant seventh chord	(1, 3, 7, 10)	A-	A-	5	None
614.5	0.5	205	['B-1', 'E-2', 'B-2', 'A-5']	['P4', 'P1', 'm7']	[False, False, False, True]	205.0	1.5	278.0	V7	False	('B-', 'D-', 'E-', 'G')	B-	E-	2.0	dominant seventh chord	(1, 3, 7, 10)	A-	A-	5	None
615.0	0.5	206	['B-1', 'E-2', 'B-2', 'G5']	['P4', 'P1', 'M6']	[False, False, False, True]	206.0	3.0	279.0	V7	True	('B-', 'D-', 'E-', 'G')	B-	E-	2.0	dominant seventh chord	(1, 3, 7, 10)	A-	A-	5	None
615.5	0.5	206	['B-1', 'E-2', 'B-2', 'F5']	['P4', 'P1', 'P5']	[False, False, False, True]	206.0	3.0	279.0	V7	False	('B-', 'D-', 'E-', 'G')	B-	E-	2.0	dominant seventh chord	(1, 3, 7, 10)	A-	A-	5	None
616.0	0.5	206	['B-1', 'E-2', 'B-2', 'E-5']	['P4', 'P1', 'P4']	[False, False, False, True]	206.0	3.0	279.0	V7	False	('B-', 'D-', 'E-', 'G')	B-	E-	2.0	dominant seventh chord	(1, 3, 7, 10)	A-	A-	5	None
616.5	0.5	206	['B-1', 'E-2', 'B-2', 'D-5']	['P4', 'P1', 'm3']	[False, False, False, True]	206.0	3.0	279.0	V7	False	('B-', 'D-', 'E-', 'G')	B-	E-	2.0	dominant seventh chord	(1, 3, 7, 10)	A-	A-	5	None
617.0	0.5	206	['B-1', 'E-2', 'B-2', 'C5']	['P4', 'P1', 'M2']	[False, False, False, True]	206.0	3.0	279.0	V7	False	('B-', 'D-', 'E-', 'G')	B-	E-	2.0	dominant seventh chord	(1, 3, 7, 10)	A-	A-	5	None
617.5	0.5	206	['B-1', 'E-2', 'B-2', 'B-4']	['P4', 'P1', 'P1']	[False, False, False, True]	206.0	3.0	279.0	V7	False	('B-', 'D-', 'E-', 'G')	B-	E-	2.0	dominant seventh chord	(1, 3, 7, 10)	A-	A-	5	None
618.0	0.5	207	['B-1', 'E-2', 'B-2', 'A-4']	['P4', 'P1', 'm7']	[False, False, False, True]	207.0	3.0	280.0	V7	True	('B-', 'D-', 'E-', 'G')	B-	E-	2.0	dominant seventh chord	(1, 3, 7, 10)	A-	A-	5	None
618.5	0.5	207	['B-1', 'E-2', 'B-2', 'G4']	['P4', 'P1', 'M6']	[False, False, False, True]	207.0	3.0	280.0	V7	False	('B-', 'D-', 'E-', 'G')	B-	E-	2.0	dominant seventh chord	(1, 3, 7, 10)	A-	A-	5	None
619.0	0.5	207	['B-1', 'E-2', 'B-2', 'F4']	['P4', 'P1', 'P5']	[False, False, False, True]	207.0	3.0	280.0	V7	False	('B-', 'D-', 'E-', 'G')	B-	E-	2.0	dominant seventh chord	(1, 3, 7, 10)	A-	A-	5	None
619.5	0.5	207	['B-1', 'E-2', 'B-2', 'E-4']	['P4', 'P1', 'P4']	[False, False, False, True]	207.0	3.0	280.0	V7	False	('B-', 'D-', 'E-', 'G')	B-	E-	2.0	dominant seventh chord	(1, 3, 7, 10)	A-	A-	5	None
620.0	0.5	207	['B-1', 'E-2', 'B-2', 'D4']	['P4', 'P1', 'M3']	[False, False, False, True]	207.0	3.0	280.0	V7	False	('B-', 'D-', 'E-', 'G')	B-	E-	2.0	dominant seventh chord	(1, 3, 7, 10)	A-	A-	5	None
620.5	0.5	207	['B-1', 'E-2', 'B-2', 'F4']	['P4', 'P1', 'P5']	[False, False, False, True]	207.0	3.0	280.0	V7	False	('B-', 'D-', 'E-', 'G')	B-	E-	2.0	dominant seventh chord	(1, 3, 7, 10)	A-	A-	5	None
621.0	0.5	208	['G1', 'E-2', 'G2', 'E-4']	['m6', 'P1', 'm6']	[True, True, True, True]	208.0	3.0	281.0	V7	True	('G', 'B-', 'D-', 'E-')	G	E-	1.0	dominant seventh chord	(1, 3, 7, 10)	A-	A-	5	None
621.5	0.5	208	['G1', 'E-2', 'G2', 'D4']	['m6', 'P1', 'P5']	[False, False, False, True]	208.0	3.0	281.0	V7	False	('G', 'B-', 'D-', 'E-')	G	E-	1.0	dominant seventh chord	(1, 3, 7, 10)	A-	A-	5	None
622.0	0.5	208	['G1', 'E-2', 'G2', 'F4']	['m6', 'P1', 'm7']	[False, False, False, True]	208.0	3.0	281.0	V7	False	('G', 'B-', 'D-', 'E-')	G	E-	1.0	dominant seventh chord	(1, 3, 7, 10)	A-	A-	5	None
622.5	0.5	208	['G1', 'E-2', 'G2', 'E-4']	['m6', 'P1', 'm6']	[False, False, False, True]	208.0	3.0	281.0	V7	False	('G', 'B-', 'D-', 'E-')	G	E-	1.0	dominant seventh chord	(1, 3, 7, 10)	A-	A-	5	None
623.0	0.5	208	['G1', 'E-2', 'G2', 'F4']	['m6', 'P1', 'm7']	[False, False, False, True]	208.0	3.0	281.0	V7	False	('G', 'B-', 'D-', 'E-')	G	E-	1.0	dominant seventh chord	(1, 3, 7, 10)	A-	A-	5	None
623.5	0.5	208	['G1', 'E-2', 'G2', 'D-4']	['m6', 'P1', 'd5']	[False, False, False, True]	208.0	3.0	281.0	V7	False	('G', 'B-', 'D-', 'E-')	G	E-	1.0	dominant seventh chord	(1, 3, 7, 10)	A-	A-	5	None
624.0	0.5	209	['A-1', 'E-2', 'A-2', 'C4']	['P5', 'P1', 'M3']	[True, True, True, True]	209.0	1.5	282.0	I	True	('A-', 'C', 'E-')	A-	A-	0.0	major triad	(0, 3, 8)	A-	A-	1	None
624.5	0.5	209	['A-1', 'E-2', 'A-2', 'C6']	['P5', 'P1', 'M3']	[False, False, False, True]	209.0	1.5	282.0	I	False	('A-', 'C', 'E-')	A-	A-	0.0	major triad	(0, 3, 8)	A-	A-	1	None
625.0	0.5	209	['E-6']	[]	[True]	209.0	1.5	282.0	I	False	('A-', 'C', 'E-')	A-	A-	0.0	major triad	(0, 3, 8)	A-	A-	1	None
625.5	0.1667	209	['B-1', 'E-2', 'B-2', 'D-6']	['P4', 'P1', 'm3']	[True, True, True, True]	209.0	1.5	283.0	V7	True	('B-', 'D-', 'E-', 'G')	B-	E-	2.0	dominant seventh chord	(1, 3, 7, 10)	A-	A-	5	None
625.6667	0.1667	209	['B-1', 'E-2', 'B-2', 'D-6', 'E-6']	['P4', 'P1', 'm3', 'P4']	[False, False, False, False, True]	209.0	1.5	283.0	V7	False	('B-', 'D-', 'E-', 'G')	B-	E-	2.0	dominant seventh chord	(1, 3, 7, 10)	A-	A-	5	None
625.8333	0.1667	209	['B-1', 'E-2', 'B-2', 'D-6']	['P4', 'P1', 'm3']	[False, False, False, False]	209.0	1.5	283.0	V7	False	('B-', 'D-', 'E-', 'G')	B-	E-	2.0	dominant seventh chord	(1, 3, 7, 10)	A-	A-	5	None
626.0	0.5	209	['B-1', 'E-2', 'B-2', 'C6']	['P4', 'P1', 'M2']	[False, False, False, True]	209.0	1.5	283.0	V7	False	('B-', 'D-', 'E-', 'G')	B-	E-	2.0	dominant seventh chord	(1, 3, 7, 10)	A-	A-	5	None
626.5	0.5	209	['B-1', 'E-2', 'B-2', 'B-5']	['P4', 'P1', 'P1']	[False, False, False, True]	209.0	1.5	283.0	V7	False	('B-', 'D-', 'E-', 'G')	B-	E-	2.0	dominant seventh chord	(1, 3, 7, 10)	A-	A-	5	None
627.0	0.1667	210	['B-1', 'E-2', 'B-2', 'A-5']	['P4', 'P1', 'm7']	[False, False, False, True]	210.0	3.0	284.0	V7	True	('B-', 'D-', 'E-', 'G')	B-	E-	2.0	dominant seventh chord	(1, 3, 7, 10)	A-	A-	5	None
627.1667	0.1667	210	['B-1', 'E-2', 'B-2', 'A-5', 'B-5']	['P4', 'P1', 'm7', 'P1']	[False, False, False, False, True]	210.0	3.0	284.0	V7	False	('B-', 'D-', 'E-', 'G')	B-	E-	2.0	dominant seventh chord	(1, 3, 7, 10)	A-	A-	5	None
627.3333	0.1667	210	['B-1', 'E-2', 'B-2', 'A-5']	['P4', 'P1', 'm7']	[False, False, False, False]	210.0	3.0	284.0	V7	False	('B-', 'D-', 'E-', 'G')	B-	E-	2.0	dominant seventh chord	(1, 3, 7, 10)	A-	A-	5	None
627.5	0.5	210	['B-1', 'E-2', 'B-2', 'G5']	['P4', 'P1', 'M6']	[False, False, False, True]	210.0	3.0	284.0	V7	False	('B-', 'D-', 'E-', 'G')	B-	E-	2.0	dominant seventh chord	(1, 3, 7, 10)	A-	A-	5	None
628.0	0.5	210	['B-1', 'E-2', 'B-2', 'F5']	['P4', 'P1', 'P5']	[False, False, False, True]	210.0	3.0	284.0	V7	False	('B-', 'D-', 'E-', 'G')	B-	E-	2.0	dominant seventh chord	(1, 3, 7, 10)	A-	A-	5	None
628.5	0.1667	210	['B-1', 'E-2', 'B-2', 'E-5']	['P4', 'P1', 'P4']	[False, False, False, True]	210.0	3.0	284.0	V7	False	('B-', 'D-', 'E-', 'G')	B-	E-	2.0	dominant seventh chord	(1, 3, 7, 10)	A-	A-	5	None
628.6667	0.1667	210	['B-1', 'E-2', 'B-2', 'E-5', 'F5']	['P4', 'P1', 'P4', 'P5']	[False, False, False, False, True]	210.0	3.0	284.0	V7	False	('B-', 'D-', 'E-', 'G')	B-	E-	2.0	dominant seventh chord	(1, 3, 7, 10)	A-	A-	5	None
628.8333	0.1667	210	['B-1', 'E-2', 'B-2', 'E-5']	['P4', 'P1', 'P4']	[False, False, False, False]	210.0	3.0	284.0	V7	False	('B-', 'D-', 'E-', 'G')	B-	E-	2.0	dominant seventh chord	(1, 3, 7, 10)	A-	A-	5	None
629.0	0.5	210	['B-1', 'E-2', 'B-2', 'D-5']	['P4', 'P1', 'm3']	[False, False, False, True]	210.0	3.0	284.0	V7	False	('B-', 'D-', 'E-', 'G')	B-	E-	2.0	dominant seventh chord	(1, 3, 7, 10)	A-	A-	5	None
629.5	0.5	210	['B-1', 'E-2', 'B-2', 'C5']	['P4', 'P1', 'M2']	[False, False, False, True]	210.0	3.0	284.0	V7	False	('B-', 'D-', 'E-', 'G')	B-	E-	2.0	dominant seventh chord	(1, 3, 7, 10)	A-	A-	5	None
630.0	0.1667	211	['B-1', 'E-2', 'B-2', 'B-4']	['P4', 'P1', 'P1']	[False, False, False, True]	211.0	3.0	285.0	V7	True	('B-', 'D-', 'E-', 'G')	B-	E-	2.0	dominant seventh chord	(1, 3, 7, 10)	A-	A-	5	None
630.1667	0.1667	211	['B-1', 'E-2', 'B-2', 'B-4', 'C5']	['P4', 'P1', 'P1', 'M2']	[False, False, False, False, True]	211.0	3.0	285.0	V7	False	('B-', 'D-', 'E-', 'G')	B-	E-	2.0	dominant seventh chord	(1, 3, 7, 10)	A-	A-	5	None
630.3333	0.1667	211	['B-1', 'E-2', 'B-2', 'B-4']	['P4', 'P1', 'P1']	[False, False, False, False]	211.0	3.0	285.0	V7	False	('B-', 'D-', 'E-', 'G')	B-	E-	2.0	dominant seventh chord	(1, 3, 7, 10)	A-	A-	5	None
630.5	0.5	211	['B-1', 'E-2', 'B-2', 'A-4']	['P4', 'P1', 'm7']	[False, False, False, True]	211.0	3.0	285.0	V7	False	('B-', 'D-', 'E-', 'G')	B-	E-	2.0	dominant seventh chord	(1, 3, 7, 10)	A-	A-	5	None
631.0	0.5	211	['B-1', 'E-2', 'B-2', 'G4']	['P4', 'P1', 'M6']	[False, False, False, True]	211.0	3.0	285.0	V7	False	('B-', 'D-', 'E-', 'G')	B-	E-	2.0	dominant seventh chord	(1, 3, 7, 10)	A-	A-	5	None
631.5	0.1667	211	['B-1', 'E-2', 'B-2', 'F4']	['P4', 'P1', 'P5']	[False, False, False, True]	211.0	3.0	285.0	V7	False	('B-', 'D-', 'E-', 'G')	B-	E-	2.0	dominant seventh chord	(1, 3, 7, 10)	A-	A-	5	None
631.6667	0.1667	211	['B-1', 'E-2', 'B-2', 'F4', 'G4']	['P4', 'P1', 'P5', 'M6']	[False, False, False, False, True]	211.0	3.0	285.0	V7	False	('B-', 'D-', 'E-', 'G')	B-	E-	2.0	dominant seventh chord	(1, 3, 7, 10)	A-	A-	5	None
631.8333	0.1667	211	['B-1', 'E-2', 'B-2', 'F4']	['P4', 'P1', 'P5']	[False, False, False, False]	211.0	3.0	285.0	V7	False	('B-', 'D-', 'E-', 'G')	B-	E-	2.0	dominant seventh chord	(1, 3, 7, 10)	A-	A-	5	None
632.0	0.5	211	['B-1', 'E-2', 'B-2', 'E-4']	['P4', 'P1', 'P4']	[False, False, False, True]	211.0	3.0	285.0	V7	False	('B-', 'D-', 'E-', 'G')	B-	E-	2.0	dominant seventh chord	(1, 3, 7, 10)	A-	A-	5	None
632.5	0.5	211	['B-1', 'E-2', 'B-2', 'D4']	['P4', 'P1', 'M3']	[False, False, False, True]	211.0	3.0	285.0	V7	False	('B-', 'D-', 'E-', 'G')	B-	E-	2.0	dominant seventh chord	(1, 3, 7, 10)	A-	A-	5	None
633.0	0.5	212	['G1', 'E-2', 'G2', 'E-4']	['m6', 'P1', 'm6']	[True, True, True, True]	212.0	3.0	286.0	V7	True	('G', 'B-', 'D-', 'E-')	G	E-	1.0	dominant seventh chord	(1, 3, 7, 10)	A-	A-	5	None
633.5	0.5	212	['G1', 'E-2', 'G2', 'F4']	['m6', 'P1', 'm7']	[False, False, False, True]	212.0	3.0	286.0	V7	False	('G', 'B-', 'D-', 'E-')	G	E-	1.0	dominant seventh chord	(1, 3, 7, 10)	A-	A-	5	None
634.0	0.5	212	['G1', 'E-2', 'G2', 'D4']	['m6', 'P1', 'P5']	[False, False, False, True]	212.0	3.0	286.0	V7	False	('G', 'B-', 'D-', 'E-')	G	E-	1.0	dominant seventh chord	(1, 3, 7, 10)	A-	A-	5	None
634.5	0.5	212	['G1', 'E-2', 'G2', 'E-4']	['m6', 'P1', 'm6']	[False, False, False, True]	212.0	3.0	286.0	V7	False	('G', 'B-', 'D-', 'E-')	G	E-	1.0	dominant seventh chord	(1, 3, 7, 10)	A-	A-	5	None
635.0	0.5	212	['G1', 'E-2', 'G2', 'F4']	['m6', 'P1', 'm7']	[False, False, False, True]	212.0	3.0	286.0	V7	False	('G', 'B-', 'D-', 'E-')	G	E-	1.0	dominant seventh chord	(1, 3, 7, 10)	A-	A-	5	None
635.5	0.5	212	['G1', 'E-2', 'G2', 'D-4']	['m6', 'P1', 'd5']	[False, False, False, True]	212.0	3.0	286.0	V7	False	('G', 'B-', 'D-', 'E-')	G	E-	1.0	dominant seventh chord	(1, 3, 7, 10)	A-	A-	5	None
636.0	0.5	213	['A-1', 'A-2', 'C4']	['P1', 'M3']	[True, True, True]	213.0	3.0	287.0	I	True	('A-', 'C', 'E-')	A-	A-	0.0	major triad	(0, 3, 8)	A-	A-	1	None
636.5	0.5	213	['A-1', 'A-2', 'D-4']	['P1', 'P4']	[False, False, True]	213.0	3.0	287.0	I	False	('A-', 'C', 'E-')	A-	A-	0.0	major triad	(0, 3, 8)	A-	A-	1	None
637.0	0.5	213	['A-1', 'A-2', 'B3']	['P1', 'A2']	[False, False, True]	213.0	3.0	287.0	I	False	('A-', 'C', 'E-')	A-	A-	0.0	major triad	(0, 3, 8)	A-	A-	1	None
637.5	0.5	213	['A-1', 'A-2', 'C4']	['P1', 'M3']	[False, False, True]	213.0	3.0	287.0	I	False	('A-', 'C', 'E-')	A-	A-	0.0	major triad	(0, 3, 8)	A-	A-	1	None
638.0	0.5	213	['A-1', 'A-2', 'D-4']	['P1', 'P4']	[False, False, True]	213.0	3.0	287.0	I	False	('A-', 'C', 'E-')	A-	A-	0.0	major triad	(0, 3, 8)	A-	A-	1	None
638.5	0.5	213	['A-1', 'A-2', 'D4']	['P1', 'A4']	[False, False, True]	213.0	3.0	287.0	I	False	('A-', 'C', 'E-')	A-	A-	0.0	major triad	(0, 3, 8)	A-	A-	1	None
639.0	0.5	214	['A-1', 'A-2', 'E-4']	['P1', 'P5']	[False, False, True]	214.0	3.0	288.0	I	True	('A-', 'C', 'E-')	A-	A-	0.0	major triad	(0, 3, 8)	A-	A-	1	None
639.5	0.5	214	['A-1', 'A-2', 'E4']	['P1', 'A5']	[False, False, True]	214.0	3.0	288.0	I	False	('A-', 'C', 'E-')	A-	A-	0.0	major triad	(0, 3, 8)	A-	A-	1	None
640.0	0.5	214	['A-1', 'A-2', 'F4']	['P1', 'M6']	[False, False, True]	214.0	3.0	288.0	I	False	('A-', 'C', 'E-')	A-	A-	0.0	major triad	(0, 3, 8)	A-	A-	1	None
640.5	0.5	214	['A1', 'A2', 'G-4']	['P1', 'd7']	[True, True, True]	214.0	3.0	288.0	I	False	('A-', 'C', 'E-')	A-	A-	0.0	major triad	(0, 3, 8)	A-	A-	1	None
641.0	0.5	214	['A1', 'A2', 'F4']	['P1', 'm6']	[False, False, True]	214.0	3.0	288.0	I	False	('A-', 'C', 'E-')	A-	A-	0.0	major triad	(0, 3, 8)	A-	A-	1	None
641.5	0.5	214	['A1', 'A2', 'E-4']	['P1', 'd5']	[False, False, True]	214.0	3.0	288.0	I	False	('A-', 'C', 'E-')	A-	A-	0.0	major triad	(0, 3, 8)	A-	A-	1	None
642.0	1.0	215	['B-1', 'B-2', 'D4']	['P1', 'M3']	[True, True, True]	215.0	3.0	289.0	V7	True	('B-', 'D', 'F', 'A-')	B-	B-	0.0	dominant seventh chord	(2, 5, 8, 10)	e-	e-	5	None
643.0	0.5	215	['B-2', 'F4']	['P5']	[False, True]	215.0	3.0	289.0	V7	False	('B-', 'D', 'F', 'A-')	B-	B-	0.0	dominant seventh chord	(2, 5, 8, 10)	e-	e-	5	None
643.5	1.0	215	['B-2', 'D4']	['M3']	[False, True]	215.0	3.0	289.0	V7	False	('B-', 'D', 'F', 'A-')	B-	B-	0.0	dominant seventh chord	(2, 5, 8, 10)	e-	e-	5	None
644.5	0.5	215	['B-2', 'A-3', 'B-3']	['m7', 'P1']	[False, True, True]	215.0	3.0	289.0	V7	False	('B-', 'D', 'F', 'A-')	B-	B-	0.0	dominant seventh chord	(2, 5, 8, 10)	e-	e-	5	None
645.0	1.0	216	['B-2', 'G-3', 'E-4']	['m6', 'P4']	[False, True, True]	216.0	3.0	290.0	i	True	('B-', 'E-', 'G-')	B-	E-	2.0	minor triad	(3, 6, 10)	e-	e-	1	None
646.0	0.5	216	['B-2', 'E-3', 'G-4']	['P4', 'm6']	[False, True, True]	216.0	3.0	290.0	i	False	('B-', 'E-', 'G-')	B-	E-	2.0	minor triad	(3, 6, 10)	e-	e-	1	None
646.5	1.0	216	['B-2', 'G-3', 'B-3']	['m6', 'P1']	[False, True, True]	216.0	3.0	290.0	i	False	('B-', 'E-', 'G-')	B-	E-	2.0	minor triad	(3, 6, 10)	e-	e-	1	None
647.5	0.5	216	['B-2', 'A3', 'E-4']	['M7', 'P4']	[False, True, True]	216.0	3.0	290.0	i	False	('B-', 'E-', 'G-')	B-	E-	2.0	minor triad	(3, 6, 10)	e-	e-	1	None
648.0	1.0	217	['B-2', 'B-3', 'D4']	['P1', 'M3']	[False, True, True]	217.0	3.0	291.0	V7	True	('B-', 'D', 'F', 'A-')	B-	B-	0.0	dominant seventh chord	(2, 5, 8, 10)	e-	e-	5	None
649.0	0.5	217	['F4', 'D5']	['M6']	[True, True]	217.0	3.0	291.0	V7	False	('B-', 'D', 'F', 'A-')	B-	B-	0.0	dominant seventh chord	(2, 5, 8, 10)	e-	e-	5	None
649.5	1.0	217	['D4', 'B-5']	['m6']	[True, True]	217.0	3.0	291.0	V7	False	('B-', 'D', 'F', 'A-')	B-	B-	0.0	dominant seventh chord	(2, 5, 8, 10)	e-	e-	5	None
650.5	0.5	217	['B-3', 'A-5']	['m7']	[True, True]	217.0	3.0	291.0	V7	False	('B-', 'D', 'F', 'A-')	B-	B-	0.0	dominant seventh chord	(2, 5, 8, 10)	e-	e-	5	None
651.0	1.0	218	['E-4', 'G-5']	['m3']	[True, True]	218.0	3.0	292.0	i	True	('E-', 'G-', 'B-')	E-	E-	0.0	minor triad	(3, 6, 10)	e-	e-	1	None
652.0	0.5	218	['G-4', 'E-5']	['M6']	[True, True]	218.0	3.0	292.0	i	False	('E-', 'G-', 'B-')	E-	E-	0.0	minor triad	(3, 6, 10)	e-	e-	1	None
652.5	1.0	218	['B-3', 'G-5']	['m6']	[True, True]	218.0	3.0	292.0	i	False	('E-', 'G-', 'B-')	E-	E-	0.0	minor triad	(3, 6, 10)	e-	e-	1	None
653.5	0.5	218	['E-4', 'A5']	['A4']	[True, True]	218.0	3.0	292.0	i	False	('E-', 'G-', 'B-')	E-	E-	0.0	minor triad	(3, 6, 10)	e-	e-	1	None
654.0	0.5	219	['B-3', 'D4', 'B-5']	['M3', 'P1']	[True, True, True]	219.0	3.0	293.0	V	True	('B-', 'D', 'F')	B-	B-	0.0	major triad	(2, 5, 10)	E-	E-	5	None
654.5	0.5	219	['B-3', 'D4', 'E6']	['M3', 'A4']	[False, False, True]	219.0	3.0	293.0	V	False	('B-', 'D', 'F')	B-	B-	0.0	major triad	(2, 5, 10)	E-	E-	5	None
655.0	0.5	219	['F6']	[]	[True]	219.0	3.0	293.0	V	False	('B-', 'D', 'F')	B-	B-	0.0	major triad	(2, 5, 10)	E-	E-	5	None
655.5	0.5	219	['B-5']	[]	[True]	219.0	3.0	293.0	V	False	('B-', 'D', 'F')	B-	B-	0.0	major triad	(2, 5, 10)	E-	E-	5	None
656.0	0.5	219	['C#6']	[]	[True]	219.0	3.0	293.0	V	False	('B-', 'D', 'F')	B-	B-	0.0	major triad	(2, 5, 10)	E-	E-	5	None
656.5	0.5	219	['D6']	[]	[True]	219.0	3.0	293.0	V	False	('B-', 'D', 'F')	B-	B-	0.0	major triad	(2, 5, 10)	E-	E-	5	None
657.0	0.5	220	['F5']	[]	[True]	220.0	3.0	294.0	V	True	('B-', 'D', 'F')	B-	B-	0.0	major triad	(2, 5, 10)	E-	E-	5	None
657.5	0.5	220	['A5']	[]	[True]	220.0	3.0	294.0	V	False	('B-', 'D', 'F')	B-	B-	0.0	major triad	(2, 5, 10)	E-	E-	5	None
658.0	0.5	220	['B-5']	[]	[True]	220.0	3.0	294.0	V	False	('B-', 'D', 'F')	B-	B-	0.0	major triad	(2, 5, 10)	E-	E-	5	None
658.5	0.5	220	['D5']	[]	[True]	220.0	3.0	294.0	V	False	('B-', 'D', 'F')	B-	B-	0.0	major triad	(2, 5, 10)	E-	E-	5	None
659.0	0.5	220	['E5']	[]	[True]	220.0	3.0	294.0	V	False	('B-', 'D', 'F')	B-	B-	0.0	major triad	(2, 5, 10)	E-	E-	5	None
659.5	0.5	220	['F5']	[]	[True]	220.0	3.0	294.0	V	False	('B-', 'D', 'F')	B-	B-	0.0	major triad	(2, 5, 10)	E-	E-	5	None
660.0	0.5	221	['B-3', 'C#5']	['A2']	[True, True]	221.0	3.0	295.0	V7	True	('B-', 'D', 'F', 'A-')	B-	B-	0.0	dominant seventh chord	(2, 5, 8, 10)	E-	E-	5	None
660.5	0.5	221	['A-4', 'D5']	['A4']	[True, True]	221.0	3.0	295.0	V7	False	('B-', 'D', 'F', 'A-')	B-	B-	0.0	dominant seventh chord	(2, 5, 8, 10)	E-	E-	5	None
661.0	0.5	221	['A-4', 'B-4']	['M2']	[False, True]	221.0	3.0	295.0	V7	False	('B-', 'D', 'F', 'A-')	B-	B-	0.0	dominant seventh chord	(2, 5, 8, 10)	E-	E-	5	None
661.5	0.5	221	['A-4', 'C#5']	['A3']	[False, True]	221.0	3.0	295.0	V7	False	('B-', 'D', 'F', 'A-')	B-	B-	0.0	dominant seventh chord	(2, 5, 8, 10)	E-	E-	5	None
662.0	0.5	221	['A-4', 'D5']	['A4']	[False, True]	221.0	3.0	295.0	V7	False	('B-', 'D', 'F', 'A-')	B-	B-	0.0	dominant seventh chord	(2, 5, 8, 10)	E-	E-	5	None
662.5	0.5	221	['A-4', 'B-4']	['M2']	[False, True]	221.0	3.0	295.0	V7	False	('B-', 'D', 'F', 'A-')	B-	B-	0.0	dominant seventh chord	(2, 5, 8, 10)	E-	E-	5	None
663.0	0.5	222	['A-4', 'C#5']	['A3']	[False, True]	222.0	1.5	296.0	V7	True	('B-', 'D', 'F', 'A-')	B-	B-	0.0	dominant seventh chord	(2, 5, 8, 10)	E-	E-	5	None
663.5	0.5	222	['A-4', 'D5']	['A4']	[False, True]	222.0	1.5	296.0	V7	False	('B-', 'D', 'F', 'A-')	B-	B-	0.0	dominant seventh chord	(2, 5, 8, 10)	E-	E-	5	None
664.0	0.5	222	['A-4', 'B-4']	['M2']	[False, True]	222.0	1.5	296.0	V7	False	('B-', 'D', 'F', 'A-')	B-	B-	0.0	dominant seventh chord	(2, 5, 8, 10)	E-	E-	5	None
664.5	0.5	222	['G4', 'E-5']	['m6']	[True, True]	222.0	1.5	297.0	I	True	('E-', 'G', 'B-')	E-	E-	0.0	major triad	(3, 7, 10)	E-	E-	1	None
665.0	0.5	222	['F4', 'F5']	['P1']	[True, True]	222.0	1.5	297.0	I	False	('E-', 'G', 'B-')	E-	E-	0.0	major triad	(3, 7, 10)	E-	E-	1	None
665.5	0.5	222	['E-4', 'G5']	['M3']	[True, True]	222.0	1.5	297.0	I	False	('E-', 'G', 'B-')	E-	E-	0.0	major triad	(3, 7, 10)	E-	E-	1	None
666.0	0.5	223	['B-3', 'C#5']	['A2']	[True, True]	223.0	3.0	298.0	V7	True	('B-', 'D', 'F', 'A-')	B-	B-	0.0	dominant seventh chord	(2, 5, 8, 10)	E-	E-	5	None
666.5	0.5	223	['A-4', 'D5']	['A4']	[True, True]	223.0	3.0	298.0	V7	False	('B-', 'D', 'F', 'A-')	B-	B-	0.0	dominant seventh chord	(2, 5, 8, 10)	E-	E-	5	None
667.0	0.5	223	['A-4', 'B-4']	['M2']	[False, True]	223.0	3.0	298.0	V7	False	('B-', 'D', 'F', 'A-')	B-	B-	0.0	dominant seventh chord	(2, 5, 8, 10)	E-	E-	5	None
667.5	0.5	223	['A-4', 'C#5']	['A3']	[False, True]	223.0	3.0	298.0	V7	False	('B-', 'D', 'F', 'A-')	B-	B-	0.0	dominant seventh chord	(2, 5, 8, 10)	E-	E-	5	None
668.0	0.5	223	['A-4', 'D5']	['A4']	[False, True]	223.0	3.0	298.0	V7	False	('B-', 'D', 'F', 'A-')	B-	B-	0.0	dominant seventh chord	(2, 5, 8, 10)	E-	E-	5	None
668.5	0.5	223	['A-4', 'B-4']	['M2']	[False, True]	223.0	3.0	298.0	V7	False	('B-', 'D', 'F', 'A-')	B-	B-	0.0	dominant seventh chord	(2, 5, 8, 10)	E-	E-	5	None
669.0	0.5	224	['A-4', 'C#5']	['A3']	[False, True]	224.0	1.5	299.0	V7	True	('B-', 'D', 'F', 'A-')	B-	B-	0.0	dominant seventh chord	(2, 5, 8, 10)	E-	E-	5	None
669.5	0.5	224	['A-4', 'D5']	['A4']	[False, True]	224.0	1.5	299.0	V7	False	('B-', 'D', 'F', 'A-')	B-	B-	0.0	dominant seventh chord	(2, 5, 8, 10)	E-	E-	5	None
670.0	0.5	224	['A-4', 'B-4']	['M2']	[False, True]	224.0	1.5	299.0	V7	False	('B-', 'D', 'F', 'A-')	B-	B-	0.0	dominant seventh chord	(2, 5, 8, 10)	E-	E-	5	None
670.5	0.5	224	['G4', 'E-5']	['m6']	[True, True]	224.0	1.5	300.0	I	True	('E-', 'G', 'B-')	E-	E-	0.0	major triad	(3, 7, 10)	E-	E-	1	None
671.0	0.5	224	['F4', 'F5']	['P1']	[True, True]	224.0	1.5	300.0	I	False	('E-', 'G', 'B-')	E-	E-	0.0	major triad	(3, 7, 10)	E-	E-	1	None
671.5	0.5	224	['E-4', 'G5']	['M3']	[True, True]	224.0	1.5	300.0	I	False	('E-', 'G', 'B-')	E-	E-	0.0	major triad	(3, 7, 10)	E-	E-	1	None
672.0	0.5	225	['F4', 'B4']	['A4']	[True, True]	225.0	1.5	301.0	viio/vi	True	('D', 'F', 'B')	D	B	1.0	diminished triad	(2, 5, 11)	E-	c	#7	6
672.5	0.5	225	['D4', 'D5']	['P1']	[True, True]	225.0	1.5	301.0	viio/vi	False	('D', 'F', 'B')	D	B	1.0	diminished triad	(2, 5, 11)	E-	c	#7	6
673.0	0.5	225	['F4', 'B4']	['A4']	[True, True]	225.0	1.5	301.0	viio/vi	False	('D', 'F', 'B')	D	B	1.0	diminished triad	(2, 5, 11)	E-	c	#7	6
673.5	0.5	225	['E-4', 'C5']	['M6']	[True, True]	225.0	1.5	302.0	vi	True	('C', 'E-', 'G')	C	C	0.0	minor triad	(0, 3, 7)	E-	E-	6	None
674.0	0.5	225	['D4', 'D5']	['P1']	[True, True]	225.0	1.5	302.0	vi	False	('C', 'E-', 'G')	C	C	0.0	minor triad	(0, 3, 7)	E-	E-	6	None
674.5	0.5	225	['C4', 'E-5']	['m3']	[True, True]	225.0	1.5	302.0	vi	False	('C', 'E-', 'G')	C	C	0.0	minor triad	(0, 3, 7)	E-	E-	6	None
675.0	0.5	226	['D-4', 'G4']	['A4']	[True, True]	226.0	1.5	303.0	viio/IV	True	('B-', 'D-', 'G')	B-	G	1.0	diminished triad	(1, 7, 10)	E-	A-	7	4
675.5	0.5	226	['B-3', 'B-4']	['P1']	[True, True]	226.0	1.5	303.0	viio/IV	False	('B-', 'D-', 'G')	B-	G	1.0	diminished triad	(1, 7, 10)	E-	A-	7	4
676.0	0.5	226	['D-4', 'G4']	['A4']	[True, True]	226.0	1.5	303.0	viio/IV	False	('B-', 'D-', 'G')	B-	G	1.0	diminished triad	(1, 7, 10)	E-	A-	7	4
676.5	0.5	226	['C4', 'A-4']	['m6']	[True, True]	226.0	1.5	304.0	IV	True	('A-', 'C', 'E-')	A-	A-	0.0	major triad	(0, 3, 8)	E-	E-	4	None
677.0	0.5	226	['B-3', 'B-4']	['P1']	[True, True]	226.0	1.5	304.0	IV	False	('A-', 'C', 'E-')	A-	A-	0.0	major triad	(0, 3, 8)	E-	E-	4	None
677.5	0.5	226	['A-3', 'C5']	['M3']	[True, True]	226.0	1.5	304.0	IV	False	('A-', 'C', 'E-')	A-	A-	0.0	major triad	(0, 3, 8)	E-	E-	4	None
678.0	0.5	227	['B-3', 'E4']	['A4']	[True, True]	227.0	1.5	305.0	viio/ii	True	('G', 'B-', 'E')	G	E	1.0	diminished triad	(4, 7, 10)	E-	f	#7	2
678.5	0.5	227	['G3', 'G4']	['P1']	[True, True]	227.0	1.5	305.0	viio/ii	False	('G', 'B-', 'E')	G	E	1.0	diminished triad	(4, 7, 10)	E-	f	#7	2
679.0	0.5	227	['B-3', 'E4']	['A4']	[True, True]	227.0	1.5	305.0	viio/ii	False	('G', 'B-', 'E')	G	E	1.0	diminished triad	(4, 7, 10)	E-	f	#7	2
679.5	0.5	227	['A-3', 'F4']	['M6']	[True, True]	227.0	1.5	306.0	ii	True	('F', 'A-', 'C')	F	F	0.0	minor triad	(0, 5, 8)	E-	E-	2	None
680.0	0.5	227	['G3', 'G4']	['P1']	[True, True]	227.0	1.5	306.0	ii	False	('F', 'A-', 'C')	F	F	0.0	minor triad	(0, 5, 8)	E-	E-	2	None
680.5	0.5	227	['F3', 'A-4']	['m3']	[True, True]	227.0	1.5	306.0	ii	False	('F', 'A-', 'C')	F	F	0.0	minor triad	(0, 5, 8)	E-	E-	2	None
681.0	0.5	228	['B-2', 'B-3', 'E-4']	['P1', 'P4']	[True, True, True]	228.0	1.5	307.0	I	True	('B-', 'E-', 'G')	B-	E-	2.0	major triad	(3, 7, 10)	E-	E-	1	None
681.5	0.5	228	['B-2', 'G3', 'G4']	['M6', 'M6']	[False, True, True]	228.0	1.5	307.0	I	False	('B-', 'E-', 'G')	B-	E-	2.0	major triad	(3, 7, 10)	E-	E-	1	None
682.0	0.5	228	['B-2', 'E-3', 'B-4']	['P4', 'P1']	[False, True, True]	228.0	1.5	307.0	I	False	('B-', 'E-', 'G')	B-	E-	2.0	major triad	(3, 7, 10)	E-	E-	1	None
682.5	0.5	228	['B-2', 'B-3', 'A-4']	['P1', 'm7']	[True, True, True]	228.0	1.5	308.0	V7	True	('B-', 'D', 'F', 'A-')	B-	B-	0.0	dominant seventh chord	(2, 5, 8, 10)	E-	E-	5	None
683.0	0.5	228	['B-2', 'A-3', 'F4']	['m7', 'P5']	[False, True, True]	228.0	1.5	308.0	V7	False	('B-', 'D', 'F', 'A-')	B-	B-	0.0	dominant seventh chord	(2, 5, 8, 10)	E-	E-	5	None
683.5	0.5	228	['B-2', 'F3', 'D4']	['P5', 'M3']	[False, True, True]	228.0	1.5	308.0	V7	False	('B-', 'D', 'F', 'A-')	B-	B-	0.0	dominant seventh chord	(2, 5, 8, 10)	E-	E-	5	None
684.0	0.5	229	['E-3', 'G3', 'E-4']	['M3', 'P1']	[True, True, True]	229.0	3.0	309.0	I	True	('E-', 'G', 'B-')	E-	E-	0.0	major triad	(3, 7, 10)	E-	E-	1	None
684.5	0.5	229	['E-4']	[]	[False]	229.0	3.0	309.0	I	False	('E-', 'G', 'B-')	E-	E-	0.0	major triad	(3, 7, 10)	E-	E-	1	None
685.0	0.5	229	['F4']	[]	[True]	229.0	3.0	309.0	I	False	('E-', 'G', 'B-')	E-	E-	0.0	major triad	(3, 7, 10)	E-	E-	1	None
685.5	0.5	229	['F#4']	[]	[True]	229.0	3.0	309.0	I	False	('E-', 'G', 'B-')	E-	E-	0.0	major triad	(3, 7, 10)	E-	E-	1	None
686.0	0.5	229	['G4']	[]	[True]	229.0	3.0	309.0	I	False	('E-', 'G', 'B-')	E-	E-	0.0	major triad	(3, 7, 10)	E-	E-	1	None
686.5	0.5	229	['F4']	[]	[True]	229.0	3.0	309.0	I	False	('E-', 'G', 'B-')	E-	E-	0.0	major triad	(3, 7, 10)	E-	E-	1	None
687.0	0.5	230	['E-4']	[]	[True]	230.0	3.0	310.0	I	True	('E-', 'G', 'B-')	E-	E-	0.0	major triad	(3, 7, 10)	E-	E-	1	None
687.5	0.5	230	['G4']	[]	[True]	230.0	3.0	310.0	I	False	('E-', 'G', 'B-')	E-	E-	0.0	major triad	(3, 7, 10)	E-	E-	1	None
688.0	0.5	230	['F4']	[]	[True]	230.0	3.0	310.0	I	False	('E-', 'G', 'B-')	E-	E-	0.0	major triad	(3, 7, 10)	E-	E-	1	None
688.5	0.5	230	['E-4']	[]	[True]	230.0	3.0	310.0	I	False	('E-', 'G', 'B-')	E-	E-	0.0	major triad	(3, 7, 10)	E-	E-	1	None
689.0	0.5	230	['D4']	[]	[True]	230.0	3.0	310.0	I	False	('E-', 'G', 'B-')	E-	E-	0.0	major triad	(3, 7, 10)	E-	E-	1	None
689.5	0.5	230	['C4']	[]	[True]	230.0	3.0	310.0	I	False	('E-', 'G', 'B-')	E-	E-	0.0	major triad	(3, 7, 10)	E-	E-	1	None
690.0	0.5	231	['B-3', 'D4']	['M3']	[True, True]	231.0	3.0	311.0	V7	True	('B-', 'D', 'F', 'A-')	B-	B-	0.0	dominant seventh chord	(2, 5, 8, 10)	E-	E-	5	None
690.5	0.5	231	['A3', 'B-5']	['m2']	[True, True]	231.0	3.0	311.0	V7	False	('B-', 'D', 'F', 'A-')	B-	B-	0.0	dominant seventh chord	(2, 5, 8, 10)	E-	E-	5	None
691.0	0.5	231	['A-3', 'B-5']	['M2']	[True, False]	231.0	3.0	311.0	V7	False	('B-', 'D', 'F', 'A-')	B-	B-	0.0	dominant seventh chord	(2, 5, 8, 10)	E-	E-	5	None
691.5	0.5	231	['F3', 'B-5']	['P4']	[True, False]	231.0	3.0	311.0	V7	False	('B-', 'D', 'F', 'A-')	B-	B-	0.0	dominant seventh chord	(2, 5, 8, 10)	E-	E-	5	None
692.0	0.5	231	['D3', 'B-5']	['m6']	[True, False]	231.0	3.0	311.0	V7	False	('B-', 'D', 'F', 'A-')	B-	B-	0.0	dominant seventh chord	(2, 5, 8, 10)	E-	E-	5	None
692.5	0.5	231	['B-2', 'B-5']	['P1']	[True, False]	231.0	3.0	311.0	V7	False	('B-', 'D', 'F', 'A-')	B-	B-	0.0	dominant seventh chord	(2, 5, 8, 10)	E-	E-	5	None
693.0	0.5	232	['A2', 'B-5']	['m2']	[True, False]	232.0	1.5	312.0	V7	True	('B-', 'D', 'F', 'A-')	B-	B-	0.0	dominant seventh chord	(2, 5, 8, 10)	E-	E-	5	None
693.5	0.5	232	['B-2', 'B-5']	['P1']	[True, False]	232.0	1.5	312.0	V7	False	('B-', 'D', 'F', 'A-')	B-	B-	0.0	dominant seventh chord	(2, 5, 8, 10)	E-	E-	5	None
694.0	0.5	232	['A-2', 'D4']	['A4']	[True, True]	232.0	1.5	312.0	V7	False	('B-', 'D', 'F', 'A-')	B-	B-	0.0	dominant seventh chord	(2, 5, 8, 10)	E-	E-	5	None
694.5	0.5	232	['G2', 'E-4']	['m6']	[True, True]	232.0	1.5	313.0	I	True	('E-', 'G', 'B-')	E-	E-	0.0	major triad	(3, 7, 10)	E-	E-	1	None
695.0	0.5	232	['F2', 'F4']	['P1']	[True, True]	232.0	1.5	313.0	I	False	('E-', 'G', 'B-')	E-	E-	0.0	major triad	(3, 7, 10)	E-	E-	1	None
695.5	0.5	232	['E-2', 'G4']	['M3']	[True, True]	232.0	1.5	313.0	I	False	('E-', 'G', 'B-')	E-	E-	0.0	major triad	(3, 7, 10)	E-	E-	1	None
696.0	0.5	233	['B-3', 'D4']	['M3']	[True, True]	233.0	3.0	314.0	V7	True	('B-', 'D', 'F', 'A-')	B-	B-	0.0	dominant seventh chord	(2, 5, 8, 10)	E-	E-	5	None
696.5	0.5	233	['A3', 'B-5']	['m2']	[True, True]	233.0	3.0	314.0	V7	False	('B-', 'D', 'F', 'A-')	B-	B-	0.0	dominant seventh chord	(2, 5, 8, 10)	E-	E-	5	None
697.0	0.5	233	['A-3', 'B-5']	['M2']	[True, False]	233.0	3.0	314.0	V7	False	('B-', 'D', 'F', 'A-')	B-	B-	0.0	dominant seventh chord	(2, 5, 8, 10)	E-	E-	5	None
697.5	0.5	233	['F3', 'B-5']	['P4']	[True, False]	233.0	3.0	314.0	V7	False	('B-', 'D', 'F', 'A-')	B-	B-	0.0	dominant seventh chord	(2, 5, 8, 10)	E-	E-	5	None
698.0	0.5	233	['D3', 'B-5']	['m6']	[True, False]	233.0	3.0	314.0	V7	False	('B-', 'D', 'F', 'A-')	B-	B-	0.0	dominant seventh chord	(2, 5, 8, 10)	E-	E-	5	None
698.5	0.5	233	['B-2', 'B-5']	['P1']	[True, False]	233.0	3.0	314.0	V7	False	('B-', 'D', 'F', 'A-')	B-	B-	0.0	dominant seventh chord	(2, 5, 8, 10)	E-	E-	5	None
699.0	0.5	234	['A2', 'B-5']	['m2']	[True, False]	234.0	1.5	315.0	V7	True	('B-', 'D', 'F', 'A-')	B-	B-	0.0	dominant seventh chord	(2, 5, 8, 10)	E-	E-	5	None
699.5	0.5	234	['B-2', 'B-5']	['P1']	[True, False]	234.0	1.5	315.0	V7	False	('B-', 'D', 'F', 'A-')	B-	B-	0.0	dominant seventh chord	(2, 5, 8, 10)	E-	E-	5	None
700.0	0.5	234	['A-2', 'D4']	['A4']	[True, True]	234.0	1.5	315.0	V7	False	('B-', 'D', 'F', 'A-')	B-	B-	0.0	dominant seventh chord	(2, 5, 8, 10)	E-	E-	5	None
700.5	0.5	234	['G2', 'E-4']	['m6']	[True, True]	234.0	1.5	316.0	I	True	('E-', 'G', 'B-')	E-	E-	0.0	major triad	(3, 7, 10)	E-	E-	1	None
701.0	0.5	234	['F2', 'F4']	['P1']	[True, True]	234.0	1.5	316.0	I	False	('E-', 'G', 'B-')	E-	E-	0.0	major triad	(3, 7, 10)	E-	E-	1	None
701.5	0.5	234	['E-2', 'G4']	['M3']	[True, True]	234.0	1.5	316.0	I	False	('E-', 'G', 'B-')	E-	E-	0.0	major triad	(3, 7, 10)	E-	E-	1	None
702.0	0.5	235	['B2', 'F4']	['d5']	[True, True]	235.0	1.5	317.0	viio/vi	True	('D', 'F', 'B')	D	B	1.0	diminished triad	(2, 5, 11)	E-	c	#7	6
702.5	0.5	235	['B3', 'D5']	['m3']	[True, True]	235.0	1.5	317.0	viio/vi	False	('D', 'F', 'B')	D	B	1.0	diminished triad	(2, 5, 11)	E-	c	#7	6
703.0	0.5	235	['D4', 'F5']	['m3']	[True, True]	235.0	1.5	317.0	viio/vi	False	('D', 'F', 'B')	D	B	1.0	diminished triad	(2, 5, 11)	E-	c	#7	6
703.5	0.5	235	['C4', 'E-5']	['m3']	[True, True]	235.0	1.5	318.0	vi	True	('C', 'E-', 'G')	C	C	0.0	minor triad	(0, 3, 7)	E-	E-	6	None
704.0	0.5	235	['D4', 'D5']	['P1']	[True, True]	235.0	1.5	318.0	vi	False	('C', 'E-', 'G')	C	C	0.0	minor triad	(0, 3, 7)	E-	E-	6	None
704.5	0.5	235	['E-4', 'C5']	['M6']	[True, True]	235.0	1.5	318.0	vi	False	('C', 'E-', 'G')	C	C	0.0	minor triad	(0, 3, 7)	E-	E-	6	None
705.0	0.5	236	['G3', 'D-5']	['d5']	[True, True]	236.0	1.5	319.0	viio/IV	True	('B-', 'D-', 'G')	B-	G	1.0	diminished triad	(1, 7, 10)	E-	A-	7	4
705.5	0.5	236	['B-3', 'B-4']	['P1']	[True, True]	236.0	1.5	319.0	viio/IV	False	('B-', 'D-', 'G')	B-	G	1.0	diminished triad	(1, 7, 10)	E-	A-	7	4
706.0	0.5	236	['G3', 'D-5']	['d5']	[True, True]	236.0	1.5	319.0	viio/IV	False	('B-', 'D-', 'G')	B-	G	1.0	diminished triad	(1, 7, 10)	E-	A-	7	4
706.5	0.5	236	['A-3', 'C5']	['M3']	[True, True]	236.0	1.5	320.0	IV	True	('A-', 'C', 'E-')	A-	A-	0.0	major triad	(0, 3, 8)	E-	E-	4	None
707.0	0.5	236	['B-3', 'B-4']	['P1']	[True, True]	236.0	1.5	320.0	IV	False	('A-', 'C', 'E-')	A-	A-	0.0	major triad	(0, 3, 8)	E-	E-	4	None
707.5	0.5	236	['C4', 'A-4']	['m6']	[True, True]	236.0	1.5	320.0	IV	False	('A-', 'C', 'E-')	A-	A-	0.0	major triad	(0, 3, 8)	E-	E-	4	None
708.0	0.5	237	['E3', 'B-4']	['d5']	[True, True]	237.0	1.5	321.0	viio/ii	True	('G', 'B-', 'E')	G	E	1.0	diminished triad	(4, 7, 10)	E-	f	#7	2
708.5	0.5	237	['G3', 'G4']	['P1']	[True, True]	237.0	1.5	321.0	viio/ii	False	('G', 'B-', 'E')	G	E	1.0	diminished triad	(4, 7, 10)	E-	f	#7	2
709.0	0.5	237	['E3', 'B-4']	['d5']	[True, True]	237.0	1.5	321.0	viio/ii	False	('G', 'B-', 'E')	G	E	1.0	diminished triad	(4, 7, 10)	E-	f	#7	2
709.5	0.5	237	['F3', 'A-4']	['m3']	[True, True]	237.0	1.5	322.0	ii7	True	('F', 'A-', 'C', 'E-')	F	F	0.0	minor seventh chord	(0, 3, 5, 8)	E-	E-	2	None
710.0	0.5	237	['G3', 'G4']	['P1']	[True, True]	237.0	1.5	322.0	ii7	False	('F', 'A-', 'C', 'E-')	F	F	0.0	minor seventh chord	(0, 3, 5, 8)	E-	E-	2	None
710.5	0.5	237	['A-3', 'F4']	['M6']	[True, True]	237.0	1.5	322.0	ii7	False	('F', 'A-', 'C', 'E-')	F	F	0.0	minor seventh chord	(0, 3, 5, 8)	E-	E-	2	None
711.0	0.5	238	['B-3', 'E-4']	['P4']	[True, True]	238.0	1.5	323.0	I	True	('B-', 'E-', 'G')	B-	E-	2.0	major triad	(3, 7, 10)	E-	E-	1	None
711.5	0.5	238	['G3', 'G4']	['P1']	[True, True]	238.0	1.5	323.0	I	False	('B-', 'E-', 'G')	B-	E-	2.0	major triad	(3, 7, 10)	E-	E-	1	None
712.0	0.5	238	['B-2', 'B-4']	['P1']	[True, True]	238.0	1.5	323.0	I	False	('B-', 'E-', 'G')	B-	E-	2.0	major triad	(3, 7, 10)	E-	E-	1	None
712.5	0.5	238	['A-3', 'F4']	['M6']	[True, True]	238.0	1.5	324.0	V7	True	('B-', 'D', 'F', 'A-')	B-	B-	0.0	dominant seventh chord	(2, 5, 8, 10)	E-	E-	5	None
713.0	0.5	238	['F3', 'A-4']	['m3']	[True, True]	238.0	1.5	324.0	V7	False	('B-', 'D', 'F', 'A-')	B-	B-	0.0	dominant seventh chord	(2, 5, 8, 10)	E-	E-	5	None
713.5	0.5	238	['B-2', 'D5']	['M3']	[True, True]	238.0	1.5	324.0	V7	False	('B-', 'D', 'F', 'A-')	B-	B-	0.0	dominant seventh chord	(2, 5, 8, 10)	E-	E-	5	None
714.0	1.0	239	['E-3', 'G3', 'G4', 'E-5']	['M3', 'M3', 'P1']	[True, True, True, True]	239.0	3.0	325.0	I	True	('E-', 'G', 'B-')	E-	E-	0.0	major triad	(3, 7, 10)	E-	E-	1	None
715.0	0.5	239	['E-3', 'G3', 'G4', 'E-5']	['M3', 'M3', 'P1']	[True, True, True, True]	239.0	3.0	325.0	I	False	('E-', 'G', 'B-')	E-	E-	0.0	major triad	(3, 7, 10)	E-	E-	1	None
715.5	1.5	239	['E-2', 'B-2', 'E-3', 'G3', 'G4']	['P5', 'P1', 'M3', 'M3']	[True, True, True, True, True]	239.0	3.0	325.0	I	False	('E-', 'G', 'B-')	E-	E-	0.0	major triad	(3, 7, 10)	E-	E-	1	None
717.0	1.5	240	['F2', 'B-2', 'D3', 'A-3', 'F4']	['P4', 'M6', 'm3', 'P1']	[True, False, True, True, True]	240.0	1.5	326.0	V7	True	('F', 'A-', 'B-', 'D')	F	B-	2.0	dominant seventh chord	(2, 5, 8, 10)	E-	E-	5	None
718.5	1.5	240	['G2', 'B-2', 'E-3', 'B-3', 'E-4']	['m3', 'm6', 'm3', 'm6']	[True, False, True, True, True]	240.0	1.5	327.0	I	True	('G', 'B-', 'E-')	G	E-	1.0	major triad	(3, 7, 10)	E-	E-	1	None
720.0	1.0	241	['A-2', 'C3', 'C4']	['M3', 'M3']	[True, True, True]	241.0	1.5	328.0	ii	True	('A-', 'C', 'F')	A-	F	1.0	minor triad	(0, 5, 8)	E-	E-	2	None
721.0	0.5	241	['A-2', 'C3', 'C4']	['M3', 'M3']	[True, True, True]	241.0	1.5	328.0	ii	False	('A-', 'C', 'F')	A-	F	1.0	minor triad	(0, 5, 8)	E-	E-	2	None
721.5	1.5	241	['F2', 'C3', 'F3', 'A-3', 'A-4']	['P5', 'P1', 'm3', 'm3']	[True, True, True, True, True]	241.0	1.5	329.0	ii	True	('F', 'A-', 'C')	F	F	0.0	minor triad	(0, 5, 8)	E-	E-	2	None
723.0	1.5	242	['G2', 'C3', 'E3', 'B-3', 'G4']	['P4', 'M6', 'm3', 'P1']	[True, False, True, True, True]	242.0	1.5	330.0	V7/ii	True	('G', 'B-', 'C', 'E')	G	C	2.0	dominant seventh chord	(0, 4, 7, 10)	E-	f	5	2
724.5	1.5	242	['A-2', 'C3', 'F3', 'C4', 'F4']	['M3', 'M6', 'M3', 'M6']	[True, False, True, True, True]	242.0	1.5	331.0	ii	True	('A-', 'C', 'F')	A-	F	1.0	minor triad	(0, 5, 8)	E-	E-	2	None
726.0	1.0	243	['B-2', 'F3', 'D4']	['P5', 'M3']	[True, False, True]	243.0	3.0	332.0	V	True	('B-', 'D', 'F')	B-	B-	0.0	major triad	(2, 5, 10)	E-	E-	5	None
727.0	0.5	243	['B-2', 'F3', 'D4']	['P5', 'M3']	[True, False, True]	243.0	3.0	332.0	V	False	('B-', 'D', 'F')	B-	B-	0.0	major triad	(2, 5, 10)	E-	E-	5	None
727.5	1.5	243	['B-3', 'B-4', 'D5']	['P1', 'M3']	[True, True, True]	243.0	3.0	332.0	V	False	('B-', 'D', 'F')	B-	B-	0.0	major triad	(2, 5, 10)	E-	E-	5	None
729.0	1.5	244	['C4', 'A4', 'E-5']	['M6', 'm3']	[True, True, True]	244.0	1.5	333.0	viio/V	True	('C', 'E-', 'A')	C	A	1.0	diminished triad	(0, 3, 9)	E-	B-	7	5
730.5	1.5	244	['D4', 'A-4', 'F5']	['d5', 'm3']	[True, True, True]	244.0	1.5	334.0	V7	True	('D', 'F', 'A-', 'B-')	D	B-	1.0	dominant seventh chord	(2, 5, 8, 10)	E-	E-	5	None
732.0	1.5	245	['E-4', 'G4', 'G5']	['M3', 'M3']	[True, True, True]	245.0	1.5	335.0	I	True	('E-', 'G', 'B-')	E-	E-	0.0	major triad	(3, 7, 10)	E-	E-	1	None
733.5	1.5	245	['D4', 'F4', 'B-4', 'B-5']	['m3', 'm6', 'm6']	[True, True, True, True]	245.0	1.5	336.0	V	True	('D', 'F', 'B-')	D	B-	1.0	major triad	(2, 5, 10)	E-	E-	5	None
735.0	0.5	246	['C4', 'E-4', 'B-4', 'B-5']	['m3', 'm7', 'm7']	[True, True, False, False]	246.0	1.5	337.0	vi7	True	('C', 'E-', 'G', 'B-')	C	C	0.0	minor seventh chord	(0, 3, 7, 10)	E-	E-	6	None
735.5	0.5	246	['C4', 'E-4', 'B-4', 'C6']	['m3', 'm7', 'P1']	[False, False, False, True]	246.0	1.5	337.0	vi7	False	('C', 'E-', 'G', 'B-')	C	C	0.0	minor seventh chord	(0, 3, 7, 10)	E-	E-	6	None
736.0	0.5	246	['C4', 'E-4', 'B-4', 'B-5']	['m3', 'm7', 'm7']	[False, False, False, True]	246.0	1.5	337.0	vi7	False	('C', 'E-', 'G', 'B-')	C	C	0.0	minor seventh chord	(0, 3, 7, 10)	E-	E-	6	None
736.5	0.5	246	['F3', 'E-4', 'A4', 'B-4', 'A5', 'B-5']	['m7', 'M3', 'P4', 'M3', 'P4']	[True, True, True, True, True, True]	246.0	1.5	338.0	V7/V	True	('F', 'A', 'C', 'E-')	F	F	0.0	dominant seventh chord	(0, 3, 5, 9)	E-	B-	5	5
737.0	0.5	246	['F3', 'E-4', 'G4', 'G5']	['m7', 'M2', 'M2']	[False, False, True, True]	246.0	1.5	338.0	V7/V	False	('F', 'A', 'C', 'E-')	F	F	0.0	dominant seventh chord	(0, 3, 5, 9)	E-	B-	5	5
737.5	0.5	246	['F3', 'E-4', 'A4', 'A5']	['m7', 'M3', 'M3']	[False, False, True, True]	246.0	1.5	338.0	V7/V	False	('F', 'A', 'C', 'E-')	F	F	0.0	dominant seventh chord	(0, 3, 5, 9)	E-	B-	5	5
738.0	1.0	247	['B-3', 'D4', 'B-4', 'B-5']	['M3', 'P1', 'P1']	[True, True, True, True]	247.0	1.5	339.0	V	True	('B-', 'D', 'F')	B-	B-	0.0	major triad	(2, 5, 10)	E-	E-	5	None
739.0	0.5	247	['B-3', 'D4', 'B-4', 'B-5']	['M3', 'P1', 'P1']	[True, True, True, True]	247.0	1.5	339.0	V	False	('B-', 'D', 'F')	B-	B-	0.0	major triad	(2, 5, 10)	E-	E-	5	None
739.5	0.5	247	['E-3', 'B-3', 'G4']	['P5', 'M3']	[True, True, True]	247.0	1.5	340.0	I	True	('E-', 'G', 'B-')	E-	E-	0.0	major triad	(3, 7, 10)	E-	E-	1	None
740.0	0.5	247	['E-3', 'B-3', 'G4', 'G5']	['P5', 'M3', 'M3']	[False, False, False, True]	247.0	1.5	340.0	I	False	('E-', 'G', 'B-')	E-	E-	0.0	major triad	(3, 7, 10)	E-	E-	1	None
740.5	0.5	247	['E-3', 'B-3', 'G4', 'G5']	['P5', 'M3', 'M3']	[False, False, False, True]	247.0	1.5	340.0	I	False	('E-', 'G', 'B-')	E-	E-	0.0	major triad	(3, 7, 10)	E-	E-	1	None
741.0	0.5	248	['F3', 'B-3', 'D4', 'A-4', 'G5']	['P4', 'M6', 'm3', 'M2']	[True, False, True, True, True]	248.0	1.5	341.0	V7	True	('F', 'A-', 'B-', 'D')	F	B-	2.0	dominant seventh chord	(2, 5, 8, 10)	E-	E-	5	None
741.5	0.5	248	['F3', 'B-3', 'D4', 'A-4', 'F5']	['P4', 'M6', 'm3', 'P1']	[False, False, False, False, True]	248.0	1.5	341.0	V7	False	('F', 'A-', 'B-', 'D')	F	B-	2.0	dominant seventh chord	(2, 5, 8, 10)	E-	E-	5	None
742.0	0.5	248	['F3', 'B-3', 'D4', 'A-4', 'F5']	['P4', 'M6', 'm3', 'P1']	[False, False, False, False, True]	248.0	1.5	341.0	V7	False	('F', 'A-', 'B-', 'D')	F	B-	2.0	dominant seventh chord	(2, 5, 8, 10)	E-	E-	5	None
742.5	0.5	248	['G3', 'B-3', 'E-4', 'B-4']	['m3', 'm6', 'm3']	[True, False, True, True]	248.0	1.5	342.0	I	True	('G', 'B-', 'E-')	G	E-	1.0	major triad	(3, 7, 10)	E-	E-	1	None
743.0	0.5	248	['G3', 'B-3', 'E-4', 'B-4', 'E-5']	['m3', 'm6', 'm3', 'm6']	[False, False, False, False, True]	248.0	1.5	342.0	I	False	('G', 'B-', 'E-')	G	E-	1.0	major triad	(3, 7, 10)	E-	E-	1	None
743.5	0.5	248	['G3', 'B-3', 'E-4', 'B-4', 'E-5']	['m3', 'm6', 'm3', 'm6']	[False, False, False, False, True]	248.0	1.5	342.0	I	False	('G', 'B-', 'E-')	G	E-	1.0	major triad	(3, 7, 10)	E-	E-	1	None
744.0	0.5	249	['A-3', 'C4', 'D5']	['M3', 'A4']	[True, True, True]	249.0	1.5	343.0	ii	True	('A-', 'C', 'F')	A-	F	1.0	minor triad	(0, 5, 8)	E-	E-	2	None
744.5	0.5	249	['A-3', 'C4', 'C5']	['M3', 'M3']	[False, False, True]	249.0	1.5	343.0	ii	False	('A-', 'C', 'F')	A-	F	1.0	minor triad	(0, 5, 8)	E-	E-	2	None
745.0	0.5	249	['C5']	[]	[True]	249.0	1.5	343.0	ii	False	('A-', 'C', 'F')	A-	F	1.0	minor triad	(0, 5, 8)	E-	E-	2	None
745.5	0.5	249	['F3', 'C4', 'A-4']	['P5', 'm3']	[True, True, True]	249.0	1.5	344.0	ii	True	('F', 'A-', 'C')	F	F	0.0	minor triad	(0, 5, 8)	E-	E-	2	None
746.0	0.5	249	['F3', 'C4', 'A-4', 'A-5']	['P5', 'm3', 'm3']	[False, False, False, True]	249.0	1.5	344.0	ii	False	('F', 'A-', 'C')	F	F	0.0	minor triad	(0, 5, 8)	E-	E-	2	None
746.5	0.5	249	['F3', 'C4', 'A-4', 'A-5']	['P5', 'm3', 'm3']	[False, False, False, True]	249.0	1.5	344.0	ii	False	('F', 'A-', 'C')	F	F	0.0	minor triad	(0, 5, 8)	E-	E-	2	None
747.0	0.5	250	['G3', 'C4', 'E4', 'B-4', 'A-5']	['P4', 'M6', 'm3', 'm2']	[True, False, True, True, True]	250.0	1.5	345.0	V7/ii	True	('G', 'B-', 'C', 'E')	G	C	2.0	dominant seventh chord	(0, 4, 7, 10)	E-	f	5	2
747.5	0.5	250	['G3', 'C4', 'E4', 'B-4', 'G5']	['P4', 'M6', 'm3', 'P1']	[False, False, False, False, True]	250.0	1.5	345.0	V7/ii	False	('G', 'B-', 'C', 'E')	G	C	2.0	dominant seventh chord	(0, 4, 7, 10)	E-	f	5	2
748.0	0.5	250	['G3', 'C4', 'E4', 'B-4', 'G5']	['P4', 'M6', 'm3', 'P1']	[False, False, False, False, True]	250.0	1.5	345.0	V7/ii	False	('G', 'B-', 'C', 'E')	G	C	2.0	dominant seventh chord	(0, 4, 7, 10)	E-	f	5	2
748.5	0.5	250	['A-3', 'C4', 'F4', 'C5']	['M3', 'M6', 'M3']	[True, False, True, True]	250.0	1.5	346.0	ii	True	('A-', 'C', 'F')	A-	F	1.0	minor triad	(0, 5, 8)	E-	E-	2	None
749.0	0.5	250	['A-3', 'C4', 'F4', 'C5', 'F5']	['M3', 'M6', 'M3', 'M6']	[False, False, False, False, True]	250.0	1.5	346.0	ii	False	('A-', 'C', 'F')	A-	F	1.0	minor triad	(0, 5, 8)	E-	E-	2	None
749.5	0.5	250	['A-3', 'C4', 'F4', 'C5', 'F5']	['M3', 'M6', 'M3', 'M6']	[False, False, False, False, True]	250.0	1.5	346.0	ii	False	('A-', 'C', 'F')	A-	F	1.0	minor triad	(0, 5, 8)	E-	E-	2	None
750.0	0.5	251	['B-3', 'F4', 'E-5']	['P5', 'P4']	[True, False, True]	251.0	3.0	347.0	V	True	('B-', 'D', 'F')	B-	B-	0.0	major triad	(2, 5, 10)	E-	E-	5	None
750.5	0.5	251	['B-3', 'F4', 'D5']	['P5', 'M3']	[False, False, True]	251.0	3.0	347.0	V	False	('B-', 'D', 'F')	B-	B-	0.0	major triad	(2, 5, 10)	E-	E-	5	None
751.0	0.5	251	['D5']	[]	[True]	251.0	3.0	347.0	V	False	('B-', 'D', 'F')	B-	B-	0.0	major triad	(2, 5, 10)	E-	E-	5	None
751.5	0.5	251	['D5', 'B-5']	['m6']	[True, True]	251.0	3.0	347.0	V	False	('B-', 'D', 'F')	B-	B-	0.0	major triad	(2, 5, 10)	E-	E-	5	None
752.0	0.5	251	['B-4', 'D5', 'B-5']	['M3', 'P1']	[True, False, False]	251.0	3.0	347.0	V	False	('B-', 'D', 'F')	B-	B-	0.0	major triad	(2, 5, 10)	E-	E-	5	None
752.5	0.5	251	['B-4', 'D5', 'B-5']	['M3', 'P1']	[True, False, False]	251.0	3.0	347.0	V	False	('B-', 'D', 'F')	B-	B-	0.0	major triad	(2, 5, 10)	E-	E-	5	None
753.0	0.5	252	['B-4', 'E-5', 'C6']	['P4', 'M2']	[True, True, True]	252.0	1.5	348.0	viio/V	True	('A', 'C', 'E-')	A	A	0.0	diminished triad	(0, 3, 9)	E-	B-	7	5
753.5	0.5	252	['A-4', 'E-5', 'C6']	['P5', 'M3']	[True, False, False]	252.0	1.5	348.0	viio/V	False	('A', 'C', 'E-')	A	A	0.0	diminished triad	(0, 3, 9)	E-	B-	7	5
754.0	0.5	252	['A-4', 'E-5', 'C6']	['P5', 'M3']	[True, False, False]	252.0	1.5	348.0	viio/V	False	('A', 'C', 'E-')	A	A	0.0	diminished triad	(0, 3, 9)	E-	B-	7	5
754.5	0.5	252	['F5', 'D6']	['M6']	[True, True]	252.0	1.5	349.0	V7	True	('A-', 'B-', 'D', 'F')	A-	B-	3.0	dominant seventh chord	(2, 5, 8, 10)	E-	E-	5	None
755.0	0.5	252	['A-4', 'F5', 'D6']	['M6', 'A4']	[True, False, False]	252.0	1.5	349.0	V7	False	('A-', 'B-', 'D', 'F')	A-	B-	3.0	dominant seventh chord	(2, 5, 8, 10)	E-	E-	5	None
755.5	0.5	252	['A-4', 'F5', 'D6']	['M6', 'A4']	[True, False, False]	252.0	1.5	349.0	V7	False	('A-', 'B-', 'D', 'F')	A-	B-	3.0	dominant seventh chord	(2, 5, 8, 10)	E-	E-	5	None
756.0	0.5	253	['A-4', 'G5', 'E-6']	['M7', 'P5']	[True, True, True]	253.0	1.5	350.0	I	True	('G', 'B-', 'E-')	G	E-	1.0	major triad	(3, 7, 10)	E-	E-	1	None
756.5	0.5	253	['G4', 'G5', 'E-6']	['P1', 'm6']	[True, False, False]	253.0	1.5	350.0	I	False	('G', 'B-', 'E-')	G	E-	1.0	major triad	(3, 7, 10)	E-	E-	1	None
757.0	0.5	253	['G4']	[]	[True]	253.0	1.5	350.0	I	False	('G', 'B-', 'E-')	G	E-	1.0	major triad	(3, 7, 10)	E-	E-	1	None
757.5	0.5	253	['B-3']	[]	[True]	253.0	1.5	351.0	I	True	('B-', 'E-', 'G')	B-	E-	2.0	major triad	(3, 7, 10)	E-	E-	1	None
758.0	0.5	253	['B-3', 'G4', 'B-4', 'E-5', 'E-6']	['M6', 'P1', 'P4', 'P4']	[False, True, True, True, True]	253.0	1.5	351.0	I	False	('B-', 'E-', 'G')	B-	E-	2.0	major triad	(3, 7, 10)	E-	E-	1	None
758.5	0.5	253	['G4', 'B-4', 'E-5', 'E-6']	['m3', 'm6', 'm6']	[True, True, True, True]	253.0	1.5	351.0	I	False	('B-', 'E-', 'G')	B-	E-	2.0	major triad	(3, 7, 10)	E-	E-	1	None
759.0	0.5	254	['B-2', 'E-5', 'E-6']	['P4', 'P4']	[True, True, True]	254.0	1.5	352.0	V7	True	('B-', 'D', 'F', 'A-')	B-	B-	0.0	dominant seventh chord	(2, 5, 8, 10)	E-	E-	5	None
759.5	0.5	254	['B-2', 'F4', 'A-4', 'D5', 'D6']	['P5', 'm7', 'M3', 'M3']	[False, True, True, True, True]	254.0	1.5	352.0	V7	False	('B-', 'D', 'F', 'A-')	B-	B-	0.0	dominant seventh chord	(2, 5, 8, 10)	E-	E-	5	None
760.0	0.5	254	['F4', 'A-4', 'D5', 'D6']	['m3', 'M6', 'M6']	[True, True, True, True]	254.0	1.5	352.0	V7	False	('B-', 'D', 'F', 'A-')	B-	B-	0.0	dominant seventh chord	(2, 5, 8, 10)	E-	E-	5	None
760.5	0.5	254	['B-3']	[]	[True]	254.0	1.5	353.0	vi	True	('E-', 'G', 'C')	E-	C	1.0	minor triad	(0, 3, 7)	E-	E-	6	None
761.0	0.5	254	['B-3', 'E-4', 'G4', 'C5', 'C6']	['P4', 'M6', 'M2', 'M2']	[False, True, True, True, True]	254.0	1.5	353.0	vi	False	('E-', 'G', 'C')	E-	C	1.0	minor triad	(0, 3, 7)	E-	E-	6	None
761.5	0.5	254	['E-4', 'G4', 'C5', 'C6']	['M3', 'M6', 'M6']	[True, True, True, True]	254.0	1.5	353.0	vi	False	('E-', 'G', 'C')	E-	C	1.0	minor triad	(0, 3, 7)	E-	E-	6	None
762.0	0.5	255	['B-2', 'C5', 'C6']	['M2', 'M2']	[True, True, True]	255.0	1.5	354.0	V	True	('B-', 'D', 'F')	B-	B-	0.0	major triad	(2, 5, 10)	E-	E-	5	None
762.5	0.5	255	['B-2', 'D4', 'F4', 'B-4', 'B-5']	['M3', 'P5', 'P1', 'P1']	[False, True, True, True, True]	255.0	1.5	354.0	V	False	('B-', 'D', 'F')	B-	B-	0.0	major triad	(2, 5, 10)	E-	E-	5	None
763.0	0.5	255	['D4', 'F4', 'B-4', 'B-5']	['m3', 'm6', 'm6']	[True, True, True, True]	255.0	1.5	354.0	V	False	('B-', 'D', 'F')	B-	B-	0.0	major triad	(2, 5, 10)	E-	E-	5	None
763.5	0.5	255	['B-3']	[]	[True]	255.0	1.5	355.0	IV	True	('C', 'E-', 'A-')	C	A-	1.0	major triad	(0, 3, 8)	E-	E-	4	None
764.0	0.5	255	['B-3', 'C4', 'E-4', 'A-4', 'A-5']	['M2', 'P4', 'm7', 'm7']	[False, True, True, True, True]	255.0	1.5	355.0	IV	False	('C', 'E-', 'A-')	C	A-	1.0	major triad	(0, 3, 8)	E-	E-	4	None
764.5	0.5	255	['C4', 'E-4', 'A-4', 'A-5']	['m3', 'm6', 'm6']	[True, True, True, True]	255.0	1.5	355.0	IV	False	('C', 'E-', 'A-')	C	A-	1.0	major triad	(0, 3, 8)	E-	E-	4	None
765.0	0.5	256	['B-2', 'A-4', 'A-5']	['m7', 'm7']	[True, True, True]	256.0	1.5	356.0	iii	True	('B-', 'D', 'G')	B-	G	1.0	minor triad	(2, 7, 10)	E-	E-	3	None
765.5	0.5	256	['B-2', 'B-3', 'D4', 'G4', 'G5']	['P1', 'M3', 'M6', 'M6']	[False, True, True, True, True]	256.0	1.5	356.0	iii	False	('B-', 'D', 'G')	B-	G	1.0	minor triad	(2, 7, 10)	E-	E-	3	None
766.0	0.5	256	['B-3', 'D4', 'G4', 'G5']	['M3', 'M6', 'M6']	[True, True, True, True]	256.0	1.5	356.0	iii	False	('B-', 'D', 'G')	B-	G	1.0	minor triad	(2, 7, 10)	E-	E-	3	None
766.5	0.5	256	['B-2']	[]	[True]	256.0	1.5	357.0	ii	True	('A-', 'C', 'F')	A-	F	1.0	minor triad	(0, 5, 8)	E-	E-	2	None
767.0	0.5	256	['B-2', 'A-3', 'C4', 'F4', 'F5']	['m7', 'M2', 'P5', 'P5']	[False, True, True, True, True]	256.0	1.5	357.0	ii	False	('A-', 'C', 'F')	A-	F	1.0	minor triad	(0, 5, 8)	E-	E-	2	None
767.5	0.5	256	['A-3', 'C4', 'F4', 'F5']	['M3', 'M6', 'M6']	[True, True, True, True]	256.0	1.5	357.0	ii	False	('A-', 'C', 'F')	A-	F	1.0	minor triad	(0, 5, 8)	E-	E-	2	None
768.0	0.5	257	['B-2', 'F4', 'F5']	['P5', 'P5']	[True, True, True]	257.0	1.5	358.0	I	True	('G', 'B-', 'E-')	G	E-	1.0	major triad	(3, 7, 10)	E-	E-	1	None
768.5	0.5	257	['B-2', 'G3', 'B-3', 'E-4', 'E-5']	['M6', 'P1', 'P4', 'P4']	[False, True, True, True, True]	257.0	1.5	358.0	I	False	('G', 'B-', 'E-')	G	E-	1.0	major triad	(3, 7, 10)	E-	E-	1	None
769.0	0.5	257	['G3', 'B-3', 'E-4', 'E-5']	['m3', 'm6', 'm6']	[True, True, True, True]	257.0	1.5	358.0	I	False	('G', 'B-', 'E-')	G	E-	1.0	major triad	(3, 7, 10)	E-	E-	1	None
769.5	0.5	257	['B-2', 'E-4', 'E-5']	['P4', 'P4']	[True, True, True]	257.0	1.5	359.0	V	True	('B-', 'D', 'F')	B-	B-	0.0	major triad	(2, 5, 10)	E-	E-	5	None
770.0	0.5	257	['B-2', 'F3', 'A-3', 'D4', 'D5']	['P5', 'm7', 'M3', 'M3']	[False, True, True, True, True]	257.0	1.5	359.0	V	False	('B-', 'D', 'F')	B-	B-	0.0	major triad	(2, 5, 10)	E-	E-	5	None
770.5	0.5	257	['F3', 'A-3', 'D4', 'D5']	['m3', 'M6', 'M6']	[True, True, True, True]	257.0	1.5	359.0	V	False	('B-', 'D', 'F')	B-	B-	0.0	major triad	(2, 5, 10)	E-	E-	5	None
771.0	0.5	258	['B-2', 'D4', 'D5']	['M3', 'M3']	[True, True, True]	258.0	1.5	360.0	vi	True	('E-', 'G', 'C')	E-	C	1.0	minor triad	(0, 3, 7)	E-	E-	6	None
771.5	0.5	258	['B-2', 'E-3', 'G3', 'C4', 'C5']	['P4', 'M6', 'M2', 'M2']	[False, True, True, True, True]	258.0	1.5	360.0	vi	False	('E-', 'G', 'C')	E-	C	1.0	minor triad	(0, 3, 7)	E-	E-	6	None
772.0	0.5	258	['E-3', 'G3', 'C4', 'C5']	['M3', 'M6', 'M6']	[True, True, True, True]	258.0	1.5	360.0	vi	False	('E-', 'G', 'C')	E-	C	1.0	minor triad	(0, 3, 7)	E-	E-	6	None
772.5	0.5	258	['B-2', 'C4', 'C5']	['M2', 'M2']	[True, True, True]	258.0	1.5	361.0	V	True	('B-', 'D', 'F')	B-	B-	0.0	major triad	(2, 5, 10)	E-	E-	5	None
773.0	0.5	258	['B-2', 'D3', 'F3', 'B-3', 'B-4']	['M3', 'P5', 'P1', 'P1']	[False, True, True, True, True]	258.0	1.5	361.0	V	False	('B-', 'D', 'F')	B-	B-	0.0	major triad	(2, 5, 10)	E-	E-	5	None
773.5	0.5	258	['D3', 'F3', 'B-3', 'B-4']	['m3', 'm6', 'm6']	[True, True, True, True]	258.0	1.5	361.0	V	False	('B-', 'D', 'F')	B-	B-	0.0	major triad	(2, 5, 10)	E-	E-	5	None
774.0	0.5	259	['B1', 'F2', 'B2', 'B-3', 'B-4']	['d5', 'P1', 'd1', 'd1']	[True, True, True, True, True]	259.0	3.0	362.0	viio7/vi	True	('C#', 'E', 'G', 'B-')	C#	C#	0.0	diminished seventh chord	(1, 4, 7, 10)	F	d	#7	6
774.5	0.5	259	['B1', 'F2', 'B2', 'A-3', 'D4', 'F4', 'A-4']	['d5', 'P1', 'd7', 'm3', 'd5', 'd7']	[True, True, True, True, True, True, True]	259.0	3.0	362.0	viio7/vi	False	('C#', 'E', 'G', 'B-')	C#	C#	0.0	diminished seventh chord	(1, 4, 7, 10)	F	d	#7	6
775.0	0.5	259	['B1', 'F2', 'B2', 'A-3', 'D4', 'F4', 'A-4']	['d5', 'P1', 'd7', 'm3', 'd5', 'd7']	[True, True, True, True, True, True, True]	259.0	3.0	362.0	viio7/vi	False	('C#', 'E', 'G', 'B-')	C#	C#	0.0	diminished seventh chord	(1, 4, 7, 10)	F	d	#7	6
775.5	0.5	259	['B1', 'F2', 'B2', 'A-3', 'D4', 'F4', 'A-4']	['d5', 'P1', 'd7', 'm3', 'd5', 'd7']	[True, True, True, True, True, True, True]	259.0	3.0	362.0	viio7/vi	False	('C#', 'E', 'G', 'B-')	C#	C#	0.0	diminished seventh chord	(1, 4, 7, 10)	F	d	#7	6
776.0	0.5	259	['B1', 'F2', 'B2', 'A-3', 'D4', 'F4', 'A-4']	['d5', 'P1', 'd7', 'm3', 'd5', 'd7']	[True, True, True, True, True, True, True]	259.0	3.0	362.0	viio7/vi	False	('C#', 'E', 'G', 'B-')	C#	C#	0.0	diminished seventh chord	(1, 4, 7, 10)	F	d	#7	6
776.5	0.5	259	['B1', 'F2', 'B2', 'A-3', 'D4', 'F4', 'A-4']	['d5', 'P1', 'd7', 'm3', 'd5', 'd7']	[True, True, True, True, True, True, True]	259.0	3.0	362.0	viio7/vi	False	('C#', 'E', 'G', 'B-')	C#	C#	0.0	diminished seventh chord	(1, 4, 7, 10)	F	d	#7	6
777.0	0.5	260	['B1', 'F2', 'B2', 'A-3', 'D4', 'F4', 'A-4']	['d5', 'P1', 'd7', 'm3', 'd5', 'd7']	[True, True, True, True, True, True, True]	260.0	3.0	363.0	viio7/vi	True	('C#', 'E', 'G', 'B-')	C#	C#	0.0	diminished seventh chord	(1, 4, 7, 10)	F	d	#7	6
777.5	0.5	260	['B1', 'F2', 'B2', 'A-3', 'D4', 'F4', 'A-4']	['d5', 'P1', 'd7', 'm3', 'd5', 'd7']	[True, True, True, True, True, True, True]	260.0	3.0	363.0	viio7/vi	False	('C#', 'E', 'G', 'B-')	C#	C#	0.0	diminished seventh chord	(1, 4, 7, 10)	F	d	#7	6
778.0	0.5	260	['B1', 'F2', 'B2', 'A-3', 'D4', 'F4', 'A-4']	['d5', 'P1', 'd7', 'm3', 'd5', 'd7']	[True, True, True, True, True, True, True]	260.0	3.0	363.0	viio7/vi	False	('C#', 'E', 'G', 'B-')	C#	C#	0.0	diminished seventh chord	(1, 4, 7, 10)	F	d	#7	6
778.5	0.5	260	['B1', 'F2', 'B2', 'A-3', 'D4', 'F4', 'A-4']	['d5', 'P1', 'd7', 'm3', 'd5', 'd7']	[True, True, True, True, True, True, True]	260.0	3.0	363.0	viio7/vi	False	('C#', 'E', 'G', 'B-')	C#	C#	0.0	diminished seventh chord	(1, 4, 7, 10)	F	d	#7	6
779.0	0.5	260	['B1', 'F2', 'B2', 'A-3', 'D4', 'F4', 'A-4']	['d5', 'P1', 'd7', 'm3', 'd5', 'd7']	[True, True, True, True, True, True, True]	260.0	3.0	363.0	viio7/vi	False	('C#', 'E', 'G', 'B-')	C#	C#	0.0	diminished seventh chord	(1, 4, 7, 10)	F	d	#7	6
779.5	0.5	260	['B1', 'F2', 'B2', 'A-3', 'D4', 'F4', 'A-4']	['d5', 'P1', 'd7', 'm3', 'd5', 'd7']	[True, True, True, True, True, True, True]	260.0	3.0	363.0	viio7/vi	False	('C#', 'E', 'G', 'B-')	C#	C#	0.0	diminished seventh chord	(1, 4, 7, 10)	F	d	#7	6
780.0	1.0	261	['C2', 'F2', 'C3', 'A3', 'C4', 'F4', 'A4']	['P4', 'P1', 'M6', 'P1', 'P4', 'M6']	[True, True, True, True, True, True, True]	261.0	3.0	364.0	I	True	('C', 'F', 'A')	C	F	2.0	major triad	(0, 5, 9)	F	F	1	None
781.0	0.5	261	['C2', 'F2', 'C3', 'A3', 'C4', 'F4', 'A4']	['P4', 'P1', 'M6', 'P1', 'P4', 'M6']	[True, True, True, True, True, True, True]	261.0	3.0	364.0	I	False	('C', 'F', 'A')	C	F	2.0	major triad	(0, 5, 9)	F	F	1	None
781.5	1.5	261	['C3', 'A3', 'C4', 'F4']	['M6', 'P1', 'P4']	[True, True, True, True]	261.0	3.0	364.0	I	False	('C', 'F', 'A')	C	F	2.0	major triad	(0, 5, 9)	F	F	1	None
783.0	1.5	262	['C3', 'B-3', 'C4', 'E4']	['m7', 'P1', 'M3']	[False, True, False, True]	262.0	3.0	365.0	V7	True	('C', 'E', 'G', 'B-')	C	C	0.0	dominant seventh chord	(0, 4, 7, 10)	F	F	5	None
784.5	1.5	262	['C3', 'E3', 'C4', 'B-4']	['M3', 'P1', 'm7']	[False, True, False, True]	262.0	3.0	365.0	V7	False	('C', 'E', 'G', 'B-')	C	C	0.0	dominant seventh chord	(0, 4, 7, 10)	F	F	5	None
786.0	1.5	263	['C3', 'F3', 'C4', 'A4']	['P4', 'P1', 'M6']	[True, True, False, True]	263.0	3.0	366.0	I	True	('C', 'F', 'A')	C	F	2.0	major triad	(0, 5, 9)	F	F	1	None
787.5	1.5	263	['C3', 'A3', 'C4', 'F4', 'C5']	['M6', 'P1', 'P4', 'P1']	[False, True, True, True, True]	263.0	3.0	366.0	I	False	('C', 'F', 'A')	C	F	2.0	major triad	(0, 5, 9)	F	F	1	None
789.0	1.5	264	['C3', 'B-3', 'C4', 'E4', 'C5']	['m7', 'P1', 'M3', 'P1']	[False, True, False, True, False]	264.0	3.0	367.0	V7	True	('C', 'E', 'G', 'B-')	C	C	0.0	dominant seventh chord	(0, 4, 7, 10)	F	F	5	None
790.5	1.5	264	['C3', 'E3', 'C4', 'B-4', 'C5']	['M3', 'P1', 'm7', 'P1']	[False, True, False, True, False]	264.0	3.0	367.0	V7	False	('C', 'E', 'G', 'B-')	C	C	0.0	dominant seventh chord	(0, 4, 7, 10)	F	F	5	None
792.0	1.0	265	['C3', 'F3', 'C4', 'A4', 'C5']	['P4', 'P1', 'M6', 'P1']	[True, True, False, True, False]	265.0	3.0	368.0	I	True	('C', 'F', 'A')	C	F	2.0	major triad	(0, 5, 9)	F	F	1	None
793.0	0.5	265	['C3']	[]	[False]	265.0	3.0	368.0	I	False	('C', 'F', 'A')	C	F	2.0	major triad	(0, 5, 9)	F	F	1	None
793.5	0.5	265	['C3', 'F3', 'B4', 'B5']	['P4', 'M7', 'M7']	[False, True, True, True]	265.0	3.0	368.0	I	False	('C', 'F', 'A')	C	F	2.0	major triad	(0, 5, 9)	F	F	1	None
794.0	0.5	265	['C3', 'F3', 'C5', 'C6']	['P4', 'P1', 'P1']	[False, False, True, True]	265.0	3.0	368.0	I	False	('C', 'F', 'A')	C	F	2.0	major triad	(0, 5, 9)	F	F	1	None
794.5	0.5	265	['C3', 'F3', 'D5', 'D6']	['P4', 'M2', 'M2']	[False, False, True, True]	265.0	3.0	368.0	I	False	('C', 'F', 'A')	C	F	2.0	major triad	(0, 5, 9)	F	F	1	None
795.0	0.5	266	['C3', 'E3', 'C5', 'C6']	['M3', 'P1', 'P1']	[False, True, True, True]	266.0	3.0	369.0	V7	True	('C', 'E', 'G', 'B-')	C	C	0.0	dominant seventh chord	(0, 4, 7, 10)	F	F	5	None
795.5	0.5	266	['C3', 'E3', 'B-4', 'B-5']	['M3', 'm7', 'm7']	[False, False, True, True]	266.0	3.0	369.0	V7	False	('C', 'E', 'G', 'B-')	C	C	0.0	dominant seventh chord	(0, 4, 7, 10)	F	F	5	None
796.0	0.5	266	['C3', 'E3', 'A4', 'A5']	['M3', 'M6', 'M6']	[False, False, True, True]	266.0	3.0	369.0	V7	False	('C', 'E', 'G', 'B-')	C	C	0.0	dominant seventh chord	(0, 4, 7, 10)	F	F	5	None
796.5	0.5	266	['C3', 'B-3', 'G4', 'G5']	['m7', 'P5', 'P5']	[False, True, True, True]	266.0	3.0	369.0	V7	False	('C', 'E', 'G', 'B-')	C	C	0.0	dominant seventh chord	(0, 4, 7, 10)	F	F	5	None
797.0	0.5	266	['C3', 'B-3', 'F4', 'F5']	['m7', 'P4', 'P4']	[False, False, True, True]	266.0	3.0	369.0	V7	False	('C', 'E', 'G', 'B-')	C	C	0.0	dominant seventh chord	(0, 4, 7, 10)	F	F	5	None
797.5	0.5	266	['C3', 'B-3', 'E4', 'E5']	['m7', 'M3', 'M3']	[False, False, True, True]	266.0	3.0	369.0	V7	False	('C', 'E', 'G', 'B-')	C	C	0.0	dominant seventh chord	(0, 4, 7, 10)	F	F	5	None
798.0	0.5	267	['C3', 'A3', 'F4', 'F5']	['M6', 'P4', 'P4']	[True, True, True, True]	267.0	3.0	370.0	I	True	('C', 'F', 'A')	C	F	2.0	major triad	(0, 5, 9)	F	F	1	None
798.5	0.5	267	['C3', 'A3', 'G4', 'G5']	['M6', 'P5', 'P5']	[False, False, True, True]	267.0	3.0	370.0	I	False	('C', 'F', 'A')	C	F	2.0	major triad	(0, 5, 9)	F	F	1	None
799.0	0.5	267	['C3', 'A3', 'A4', 'A5']	['M6', 'M6', 'M6']	[False, False, True, True]	267.0	3.0	370.0	I	False	('C', 'F', 'A')	C	F	2.0	major triad	(0, 5, 9)	F	F	1	None
799.5	0.5	267	['C3', 'F3', 'B4', 'B5']	['P4', 'M7', 'M7']	[False, True, True, True]	267.0	3.0	370.0	I	False	('C', 'F', 'A')	C	F	2.0	major triad	(0, 5, 9)	F	F	1	None
800.0	0.5	267	['C3', 'F3', 'C5', 'C6']	['P4', 'P1', 'P1']	[False, False, True, True]	267.0	3.0	370.0	I	False	('C', 'F', 'A')	C	F	2.0	major triad	(0, 5, 9)	F	F	1	None
800.5	0.5	267	['C3', 'F3', 'D5', 'D6']	['P4', 'M2', 'M2']	[False, False, True, True]	267.0	3.0	370.0	I	False	('C', 'F', 'A')	C	F	2.0	major triad	(0, 5, 9)	F	F	1	None
801.0	0.5	268	['C3', 'E3', 'C5', 'C6']	['M3', 'P1', 'P1']	[False, True, True, True]	268.0	3.0	371.0	V7	True	('C', 'E', 'G', 'B-')	C	C	0.0	dominant seventh chord	(0, 4, 7, 10)	F	F	5	None
801.5	0.5	268	['C3', 'E3', 'B-4', 'B-5']	['M3', 'm7', 'm7']	[False, False, True, True]	268.0	3.0	371.0	V7	False	('C', 'E', 'G', 'B-')	C	C	0.0	dominant seventh chord	(0, 4, 7, 10)	F	F	5	None
802.0	0.5	268	['C3', 'E3', 'A4', 'A5']	['M3', 'M6', 'M6']	[False, False, True, True]	268.0	3.0	371.0	V7	False	('C', 'E', 'G', 'B-')	C	C	0.0	dominant seventh chord	(0, 4, 7, 10)	F	F	5	None
802.5	0.5	268	['C3', 'B-3', 'G4', 'G5']	['m7', 'P5', 'P5']	[False, True, True, True]	268.0	3.0	371.0	V7	False	('C', 'E', 'G', 'B-')	C	C	0.0	dominant seventh chord	(0, 4, 7, 10)	F	F	5	None
803.0	0.5	268	['C3', 'B-3', 'F4', 'F5']	['m7', 'P4', 'P4']	[False, False, True, True]	268.0	3.0	371.0	V7	False	('C', 'E', 'G', 'B-')	C	C	0.0	dominant seventh chord	(0, 4, 7, 10)	F	F	5	None
803.5	0.5	268	['C3', 'B-3', 'E4', 'E5']	['m7', 'M3', 'M3']	[False, False, True, True]	268.0	3.0	371.0	V7	False	('C', 'E', 'G', 'B-')	C	C	0.0	dominant seventh chord	(0, 4, 7, 10)	F	F	5	None
804.0	1.5	269	['F3', 'A3', 'F4', 'F5']	['M3', 'P1', 'P1']	[True, True, True, True]	269.0	1.5	372.0	I	True	('F', 'A', 'C')	F	F	0.0	major triad	(0, 5, 9)	F	F	1	None
805.5	0.5	269	['E-3', 'A3', 'F4', 'F5']	['A4', 'M2', 'M2']	[True, False, False, False]	269.0	1.5	373.0	V7/V	True	('E-', 'F', 'A', 'C')	E-	F	3.0	dominant seventh chord	(0, 3, 5, 9)	E-	B-	5	5
806.0	0.5	269	['E-3', 'B-3', 'G4', 'G5']	['P5', 'M3', 'M3']	[False, True, True, True]	269.0	1.5	373.0	V7/V	False	('E-', 'F', 'A', 'C')	E-	F	3.0	dominant seventh chord	(0, 3, 5, 9)	E-	B-	5	5
806.5	0.5	269	['E-3', 'C4', 'A4', 'A5']	['M6', 'A4', 'A4']	[False, True, True, True]	269.0	1.5	373.0	V7/V	False	('E-', 'F', 'A', 'C')	E-	F	3.0	dominant seventh chord	(0, 3, 5, 9)	E-	B-	5	5
807.0	1.0	270	['D3', 'B-3', 'B-4', 'B-5']	['m6', 'm6', 'm6']	[True, True, True, True]	270.0	1.5	374.0	V7	True	('D', 'F', 'A-', 'B-')	D	B-	1.0	dominant seventh chord	(2, 5, 8, 10)	E-	E-	5	None
808.0	0.5	270	['D3', 'B-3', 'A-4', 'A-5']	['m6', 'd5', 'd5']	[False, False, True, True]	270.0	1.5	374.0	V7	False	('D', 'F', 'A-', 'B-')	D	B-	1.0	dominant seventh chord	(2, 5, 8, 10)	E-	E-	5	None
808.5	1.0	270	['E-3', 'B-3', 'E-4', 'G4', 'G5']	['P5', 'P1', 'M3', 'M3']	[True, False, True, True, True]	270.0	1.5	375.0	I	True	('E-', 'G', 'B-')	E-	E-	0.0	major triad	(3, 7, 10)	E-	E-	1	None
809.5	0.5	270	['E-3', 'B-3', 'E-4', 'A-4', 'A-5']	['P5', 'P1', 'P4', 'P4']	[False, False, False, True, True]	270.0	1.5	375.0	I	False	('E-', 'G', 'B-')	E-	E-	0.0	major triad	(3, 7, 10)	E-	E-	1	None
810.0	1.0	271	['B2', 'G3', 'B3', 'G4', 'G5']	['m6', 'P1', 'm6', 'm6']	[True, True, True, True, True]	271.0	1.5	376.0	V7/vi	True	('B', 'D', 'F', 'G')	B	G	1.0	dominant seventh chord	(2, 5, 7, 11)	E-	c	5	6
811.0	0.5	271	['B2', 'G3', 'B3', 'F4', 'F5']	['m6', 'P1', 'd5', 'd5']	[False, False, False, True, True]	271.0	1.5	376.0	V7/vi	False	('B', 'D', 'F', 'G')	B	G	1.0	dominant seventh chord	(2, 5, 7, 11)	E-	c	5	6
811.5	1.0	271	['C3', 'G3', 'C4', 'E-4', 'E-5']	['P5', 'P1', 'm3', 'm3']	[True, False, True, True, True]	271.0	1.5	377.0	vi	True	('C', 'E-', 'G')	C	C	0.0	minor triad	(0, 3, 7)	E-	E-	6	None
812.5	0.5	271	['C3', 'G3', 'C4', 'G4', 'G5']	['P5', 'P1', 'P5', 'P5']	[False, False, False, True, True]	271.0	1.5	377.0	vi	False	('C', 'E-', 'G')	C	C	0.0	minor triad	(0, 3, 7)	E-	E-	6	None
813.0	1.0	272	['A-2', 'A-3', 'F4', 'F5']	['P1', 'M6', 'M6']	[True, True, True, True]	272.0	1.5	378.0	ii	True	('A-', 'C', 'F')	A-	F	1.0	minor triad	(0, 5, 8)	E-	E-	2	None
814.0	0.5	272	['E-4', 'E-5']	['P1']	[True, True]	272.0	1.5	378.0	ii	False	('A-', 'C', 'F')	A-	F	1.0	minor triad	(0, 5, 8)	E-	E-	2	None
814.5	1.0	272	['B-2', 'B-3', 'D4', 'D5']	['P1', 'M3', 'M3']	[True, True, True, True]	272.0	1.5	379.0	V	True	('B-', 'D', 'F')	B-	B-	0.0	major triad	(2, 5, 10)	E-	E-	5	None
815.5	0.5	272	['F4', 'F5']	['P1']	[True, True]	272.0	1.5	379.0	V	False	('B-', 'D', 'F')	B-	B-	0.0	major triad	(2, 5, 10)	E-	E-	5	None
816.0	0.5	273	['E-2', 'E-3', 'E-4', 'E-5']	['P1', 'P1', 'P1']	[True, True, True, True]	273.0	3.0	380.0	I	True	('E-', 'G', 'B-')	E-	E-	0.0	major triad	(3, 7, 10)	E-	E-	1	None
816.5	0.5	273	['E-3', 'E-5']	['P1']	[True, True]	273.0	3.0	380.0	I	False	('E-', 'G', 'B-')	E-	E-	0.0	major triad	(3, 7, 10)	E-	E-	1	None
817.0	0.5	273	['E-3', 'E-5']	['P1']	[True, True]	273.0	3.0	380.0	I	False	('E-', 'G', 'B-')	E-	E-	0.0	major triad	(3, 7, 10)	E-	E-	1	None
817.5	0.5	273	['E-3', 'E-5']	['P1']	[True, True]	273.0	3.0	380.0	I	False	('E-', 'G', 'B-')	E-	E-	0.0	major triad	(3, 7, 10)	E-	E-	1	None
818.0	0.5	273	['D3', 'D5']	['P1']	[True, True]	273.0	3.0	380.0	I	False	('E-', 'G', 'B-')	E-	E-	0.0	major triad	(3, 7, 10)	E-	E-	1	None
818.5	0.5	273	['E-3', 'E-5']	['P1']	[True, True]	273.0	3.0	380.0	I	False	('E-', 'G', 'B-')	E-	E-	0.0	major triad	(3, 7, 10)	E-	E-	1	None
819.0	0.5	274	['G2', 'G3', 'G4', 'G5']	['P1', 'P1', 'P1']	[True, True, True, True]	274.0	3.0	381.0	I	True	('E-', 'G', 'B-')	E-	E-	0.0	major triad	(3, 7, 10)	E-	E-	1	None
819.5	0.5	274	['G3', 'G5']	['P1']	[True, True]	274.0	3.0	381.0	I	False	('E-', 'G', 'B-')	E-	E-	0.0	major triad	(3, 7, 10)	E-	E-	1	None
820.0	0.5	274	['G3', 'G5']	['P1']	[True, True]	274.0	3.0	381.0	I	False	('E-', 'G', 'B-')	E-	E-	0.0	major triad	(3, 7, 10)	E-	E-	1	None
820.5	0.5	274	['G3', 'G5']	['P1']	[True, True]	274.0	3.0	381.0	I	False	('E-', 'G', 'B-')	E-	E-	0.0	major triad	(3, 7, 10)	E-	E-	1	None
821.0	0.5	274	['F#3', 'F#5']	['P1']	[True, True]	274.0	3.0	381.0	I	False	('E-', 'G', 'B-')	E-	E-	0.0	major triad	(3, 7, 10)	E-	E-	1	None
821.5	0.5	274	['G3', 'G5']	['P1']	[True, True]	274.0	3.0	381.0	I	False	('E-', 'G', 'B-')	E-	E-	0.0	major triad	(3, 7, 10)	E-	E-	1	None
822.0	0.5	275	['B-2', 'B-3', 'B-4', 'B-5']	['P1', 'P1', 'P1']	[True, True, True, True]	275.0	3.0	382.0	I	True	('E-', 'G', 'B-')	E-	E-	0.0	major triad	(3, 7, 10)	E-	E-	1	None
822.5	0.5	275	['B-3', 'B-5']	['P1']	[True, True]	275.0	3.0	382.0	I	False	('E-', 'G', 'B-')	E-	E-	0.0	major triad	(3, 7, 10)	E-	E-	1	None
823.0	0.5	275	['B-3', 'B-5']	['P1']	[True, True]	275.0	3.0	382.0	I	False	('E-', 'G', 'B-')	E-	E-	0.0	major triad	(3, 7, 10)	E-	E-	1	None
823.5	0.5	275	['B-3', 'B-5']	['P1']	[True, True]	275.0	3.0	382.0	I	False	('E-', 'G', 'B-')	E-	E-	0.0	major triad	(3, 7, 10)	E-	E-	1	None
824.0	0.5	275	['A3', 'A5']	['P1']	[True, True]	275.0	3.0	382.0	I	False	('E-', 'G', 'B-')	E-	E-	0.0	major triad	(3, 7, 10)	E-	E-	1	None
824.5	0.5	275	['B-3', 'B-5']	['P1']	[True, True]	275.0	3.0	382.0	I	False	('E-', 'G', 'B-')	E-	E-	0.0	major triad	(3, 7, 10)	E-	E-	1	None
825.0	0.5	276	['E-3', 'E-4', 'E-5', 'E-6']	['P1', 'P1', 'P1']	[True, True, True, True]	276.0	3.0	383.0	I	True	('E-', 'G', 'B-')	E-	E-	0.0	major triad	(3, 7, 10)	E-	E-	1	None
825.5	0.5	276	['E-4', 'E-6']	['P1']	[True, True]	276.0	3.0	383.0	I	False	('E-', 'G', 'B-')	E-	E-	0.0	major triad	(3, 7, 10)	E-	E-	1	None
826.0	0.5	276	['E-4', 'E-6']	['P1']	[True, True]	276.0	3.0	383.0	I	False	('E-', 'G', 'B-')	E-	E-	0.0	major triad	(3, 7, 10)	E-	E-	1	None
826.5	0.5	276	['E-4', 'E-6']	['P1']	[True, True]	276.0	3.0	383.0	I	False	('E-', 'G', 'B-')	E-	E-	0.0	major triad	(3, 7, 10)	E-	E-	1	None
827.0	0.5	276	['D4', 'D6']	['P1']	[True, True]	276.0	3.0	383.0	I	False	('E-', 'G', 'B-')	E-	E-	0.0	major triad	(3, 7, 10)	E-	E-	1	None
827.5	0.5	276	['E-4', 'E-6']	['P1']	[True, True]	276.0	3.0	383.0	I	False	('E-', 'G', 'B-')	E-	E-	0.0	major triad	(3, 7, 10)	E-	E-	1	None
828.0	0.25	277	['C3', 'E-3', 'E-4']	['m3', 'm3']	[True, True, True]	277.0	3.0	384.0	vi	True	('C', 'E-', 'G')	C	C	0.0	minor triad	(0, 3, 7)	E-	E-	6	None
828.25	0.25	277	['C3', 'E-3', 'F4']	['m3', 'P4']	[False, False, True]	277.0	3.0	384.0	vi	False	('C', 'E-', 'G')	C	C	0.0	minor triad	(0, 3, 7)	E-	E-	6	None
828.5	0.25	277	['C3', 'E-3', 'E-4']	['m3', 'm3']	[False, False, True]	277.0	3.0	384.0	vi	False	('C', 'E-', 'G')	C	C	0.0	minor triad	(0, 3, 7)	E-	E-	6	None
828.75	0.25	277	['C3', 'E-3', 'D4']	['m3', 'M2']	[False, False, True]	277.0	3.0	384.0	vi	False	('C', 'E-', 'G')	C	C	0.0	minor triad	(0, 3, 7)	E-	E-	6	None
829.0	0.25	277	['C3', 'E-3', 'E-4']	['m3', 'm3']	[False, False, True]	277.0	3.0	384.0	vi	False	('C', 'E-', 'G')	C	C	0.0	minor triad	(0, 3, 7)	E-	E-	6	None
829.25	0.25	277	['C3', 'E-3', 'D4']	['m3', 'M2']	[False, False, True]	277.0	3.0	384.0	vi	False	('C', 'E-', 'G')	C	C	0.0	minor triad	(0, 3, 7)	E-	E-	6	None
829.5	0.25	277	['C3', 'E-3', 'E-4']	['m3', 'm3']	[False, False, True]	277.0	3.0	384.0	vi	False	('C', 'E-', 'G')	C	C	0.0	minor triad	(0, 3, 7)	E-	E-	6	None
829.75	0.25	277	['C3', 'E-3', 'E4']	['m3', 'M3']	[False, False, True]	277.0	3.0	384.0	vi	False	('C', 'E-', 'G')	C	C	0.0	minor triad	(0, 3, 7)	E-	E-	6	None
830.0	0.25	277	['C3', 'E-3', 'F4']	['m3', 'P4']	[False, False, True]	277.0	3.0	384.0	vi	False	('C', 'E-', 'G')	C	C	0.0	minor triad	(0, 3, 7)	E-	E-	6	None
830.25	0.25	277	['C3', 'E-3', 'F#4']	['m3', 'A4']	[False, False, True]	277.0	3.0	384.0	vi	False	('C', 'E-', 'G')	C	C	0.0	minor triad	(0, 3, 7)	E-	E-	6	None
830.5	0.25	277	['C3', 'E-3', 'G4']	['m3', 'P5']	[False, False, True]	277.0	3.0	384.0	vi	False	('C', 'E-', 'G')	C	C	0.0	minor triad	(0, 3, 7)	E-	E-	6	None
830.75	0.25	277	['C3', 'E-3', 'A-4']	['m3', 'm6']	[False, False, True]	277.0	3.0	384.0	vi	False	('C', 'E-', 'G')	C	C	0.0	minor triad	(0, 3, 7)	E-	E-	6	None
831.0	0.2143	278	['C-3', 'E-3', 'G-3', 'A3', 'A4']	['M3', 'P5', 'A6', 'A6']	[True, True, True, True, True]	278.0	3.0	385.0	Ger7	True	('C-', 'E-', 'G-', 'A')	C-	A	1.0	German augmented sixth chord	(3, 6, 9, 11)	E-	E-	#4	None
831.2143	0.2143	278	['C-3', 'E-3', 'G-3', 'A3', 'B-4']	['M3', 'P5', 'A6', 'M7']	[False, False, False, False, True]	278.0	3.0	385.0	Ger7	False	('C-', 'E-', 'G-', 'A')	C-	A	1.0	German augmented sixth chord	(3, 6, 9, 11)	E-	E-	#4	None
831.4286	0.2143	278	['C-3', 'E-3', 'G-3', 'A3', 'B4']	['M3', 'P5', 'A6', 'A7']	[False, False, False, False, True]	278.0	3.0	385.0	Ger7	False	('C-', 'E-', 'G-', 'A')	C-	A	1.0	German augmented sixth chord	(3, 6, 9, 11)	E-	E-	#4	None
831.6429	0.2143	278	['C-3', 'E-3', 'G-3', 'A3', 'C5']	['M3', 'P5', 'A6', 'A1']	[False, False, False, False, True]	278.0	3.0	385.0	Ger7	False	('C-', 'E-', 'G-', 'A')	C-	A	1.0	German augmented sixth chord	(3, 6, 9, 11)	E-	E-	#4	None
831.8571	0.2143	278	['C-3', 'E-3', 'G-3', 'A3', 'C#5']	['M3', 'P5', 'A6', 'AA1']	[False, False, False, False, True]	278.0	3.0	385.0	Ger7	False	('C-', 'E-', 'G-', 'A')	C-	A	1.0	German augmented sixth chord	(3, 6, 9, 11)	E-	E-	#4	None
832.0714	0.2143	278	['C-3', 'E-3', 'G-3', 'A3', 'D5']	['M3', 'P5', 'A6', 'A2']	[False, False, False, False, True]	278.0	3.0	385.0	Ger7	False	('C-', 'E-', 'G-', 'A')	C-	A	1.0	German augmented sixth chord	(3, 6, 9, 11)	E-	E-	#4	None
832.2857	0.2143	278	['C-3', 'E-3', 'G-3', 'A3', 'E-5']	['M3', 'P5', 'A6', 'M3']	[False, False, False, False, True]	278.0	3.0	385.0	Ger7	False	('C-', 'E-', 'G-', 'A')	C-	A	1.0	German augmented sixth chord	(3, 6, 9, 11)	E-	E-	#4	None
832.5	0.25	278	['C-3', 'E-3', 'G-3', 'A3', 'E5']	['M3', 'P5', 'A6', 'A3']	[False, False, False, False, True]	278.0	3.0	385.0	Ger7	False	('C-', 'E-', 'G-', 'A')	C-	A	1.0	German augmented sixth chord	(3, 6, 9, 11)	E-	E-	#4	None
832.75	0.25	278	['C-3', 'E-3', 'G-3', 'A3', 'F5']	['M3', 'P5', 'A6', 'A4']	[False, False, False, False, True]	278.0	3.0	385.0	Ger7	False	('C-', 'E-', 'G-', 'A')	C-	A	1.0	German augmented sixth chord	(3, 6, 9, 11)	E-	E-	#4	None
833.0	0.25	278	['C-3', 'E-3', 'G-3', 'A3', 'F#5']	['M3', 'P5', 'A6', 'AA4']	[False, False, False, False, True]	278.0	3.0	385.0	Ger7	False	('C-', 'E-', 'G-', 'A')	C-	A	1.0	German augmented sixth chord	(3, 6, 9, 11)	E-	E-	#4	None
833.25	0.25	278	['C-3', 'E-3', 'G-3', 'A3', 'G5']	['M3', 'P5', 'A6', 'A5']	[False, False, False, False, True]	278.0	3.0	385.0	Ger7	False	('C-', 'E-', 'G-', 'A')	C-	A	1.0	German augmented sixth chord	(3, 6, 9, 11)	E-	E-	#4	None
833.5	0.25	278	['C-3', 'E-3', 'G-3', 'A3', 'A-5']	['M3', 'P5', 'A6', 'M6']	[False, False, False, False, True]	278.0	3.0	385.0	Ger7	False	('C-', 'E-', 'G-', 'A')	C-	A	1.0	German augmented sixth chord	(3, 6, 9, 11)	E-	E-	#4	None
833.75	0.25	278	['C-3', 'E-3', 'G-3', 'A3', 'A5']	['M3', 'P5', 'A6', 'A6']	[False, False, False, False, True]	278.0	3.0	385.0	Ger7	False	('C-', 'E-', 'G-', 'A')	C-	A	1.0	German augmented sixth chord	(3, 6, 9, 11)	E-	E-	#4	None
834.0	0.5	279	['B-2', 'E-3', 'G3', 'B-3', 'B-5']	['P4', 'M6', 'P1', 'P1']	[True, True, True, True, True]	279.0	3.0	386.0	I	True	('B-', 'E-', 'G')	B-	E-	2.0	major triad	(3, 7, 10)	E-	E-	1	None
834.5	0.5	279	['B-3', 'B-5']	['P1']	[True, False]	279.0	3.0	386.0	I	False	('B-', 'E-', 'G')	B-	E-	2.0	major triad	(3, 7, 10)	E-	E-	1	None
835.0	0.5	279	['B-3']	[]	[True]	279.0	3.0	386.0	I	False	('B-', 'E-', 'G')	B-	E-	2.0	major triad	(3, 7, 10)	E-	E-	1	None
835.5	0.5	279	['G4', 'E-5', 'G5']	['m6', 'P1']	[True, True, True]	279.0	3.0	386.0	I	False	('B-', 'E-', 'G')	B-	E-	2.0	major triad	(3, 7, 10)	E-	E-	1	None
836.0	0.5	279	['B-3', 'G4', 'E-5', 'G5']	['M6', 'P4', 'M6']	[True, False, False, False]	279.0	3.0	386.0	I	False	('B-', 'E-', 'G')	B-	E-	2.0	major triad	(3, 7, 10)	E-	E-	1	None
836.5	0.5	279	['B-3']	[]	[True]	279.0	3.0	386.0	I	False	('B-', 'E-', 'G')	B-	E-	2.0	major triad	(3, 7, 10)	E-	E-	1	None
837.0	0.5	280	['A-4', 'F5', 'A-5']	['M6', 'P1']	[True, True, True]	280.0	3.0	387.0	V7	True	('B-', 'D', 'F', 'A-')	B-	B-	0.0	dominant seventh chord	(2, 5, 8, 10)	E-	E-	5	None
837.5	0.5	280	['B-2', 'A-4', 'F5', 'A-5']	['m7', 'P5', 'm7']	[True, False, False, False]	280.0	3.0	387.0	V7	False	('B-', 'D', 'F', 'A-')	B-	B-	0.0	dominant seventh chord	(2, 5, 8, 10)	E-	E-	5	None
838.0	0.5	280	['B-2']	[]	[True]	280.0	3.0	387.0	V7	False	('B-', 'D', 'F', 'A-')	B-	B-	0.0	dominant seventh chord	(2, 5, 8, 10)	E-	E-	5	None
838.5	0.5	280	['F4', 'A-4', 'D5']	['m3', 'M6']	[True, True, True]	280.0	3.0	387.0	V7	False	('B-', 'D', 'F', 'A-')	B-	B-	0.0	dominant seventh chord	(2, 5, 8, 10)	E-	E-	5	None
839.0	0.5	280	['B-2', 'F4', 'A-4', 'D5']	['P5', 'm7', 'M3']	[True, False, False, False]	280.0	3.0	387.0	V7	False	('B-', 'D', 'F', 'A-')	B-	B-	0.0	dominant seventh chord	(2, 5, 8, 10)	E-	E-	5	None
839.5	0.5	280	['B-2']	[]	[True]	280.0	3.0	387.0	V7	False	('B-', 'D', 'F', 'A-')	B-	B-	0.0	dominant seventh chord	(2, 5, 8, 10)	E-	E-	5	None
840.0	0.25	281	['E-2', 'E-3']	['P1']	[True, True]	281.0	3.0	388.0	I	True	('E-', 'G', 'B-')	E-	E-	0.0	major triad	(3, 7, 10)	E-	E-	1	None
840.25	0.25	281	['E-2', 'E-4']	['P1']	[False, True]	281.0	3.0	388.0	I	False	('E-', 'G', 'B-')	E-	E-	0.0	major triad	(3, 7, 10)	E-	E-	1	None
840.5	0.25	281	['E-2', 'E-3']	['P1']	[True, True]	281.0	3.0	388.0	I	False	('E-', 'G', 'B-')	E-	E-	0.0	major triad	(3, 7, 10)	E-	E-	1	None
840.75	0.25	281	['E-2', 'E-4']	['P1']	[False, True]	281.0	3.0	388.0	I	False	('E-', 'G', 'B-')	E-	E-	0.0	major triad	(3, 7, 10)	E-	E-	1	None
841.0	0.25	281	['E-2', 'E-3']	['P1']	[True, True]	281.0	3.0	388.0	I	False	('E-', 'G', 'B-')	E-	E-	0.0	major triad	(3, 7, 10)	E-	E-	1	None
841.25	0.25	281	['E-2', 'E-4']	['P1']	[False, True]	281.0	3.0	388.0	I	False	('E-', 'G', 'B-')	E-	E-	0.0	major triad	(3, 7, 10)	E-	E-	1	None
841.5	0.25	281	['E-2', 'E-3']	['P1']	[True, True]	281.0	3.0	388.0	I	False	('E-', 'G', 'B-')	E-	E-	0.0	major triad	(3, 7, 10)	E-	E-	1	None
841.75	0.25	281	['E-2', 'E-4']	['P1']	[False, True]	281.0	3.0	388.0	I	False	('E-', 'G', 'B-')	E-	E-	0.0	major triad	(3, 7, 10)	E-	E-	1	None
842.0	0.25	281	['D2', 'D3']	['P1']	[True, True]	281.0	3.0	388.0	I	False	('E-', 'G', 'B-')	E-	E-	0.0	major triad	(3, 7, 10)	E-	E-	1	None
842.25	0.25	281	['D2', 'D4']	['P1']	[False, True]	281.0	3.0	388.0	I	False	('E-', 'G', 'B-')	E-	E-	0.0	major triad	(3, 7, 10)	E-	E-	1	None
842.5	0.25	281	['E-2', 'E-3']	['P1']	[True, True]	281.0	3.0	388.0	I	False	('E-', 'G', 'B-')	E-	E-	0.0	major triad	(3, 7, 10)	E-	E-	1	None
842.75	0.25	281	['E-2', 'E-4']	['P1']	[False, True]	281.0	3.0	388.0	I	False	('E-', 'G', 'B-')	E-	E-	0.0	major triad	(3, 7, 10)	E-	E-	1	None
843.0	0.25	282	['G1', 'G3']	['P1']	[True, True]	282.0	3.0	389.0	I	True	('E-', 'G', 'B-')	E-	E-	0.0	major triad	(3, 7, 10)	E-	E-	1	None
843.25	0.25	282	['G1', 'G4']	['P1']	[False, True]	282.0	3.0	389.0	I	False	('E-', 'G', 'B-')	E-	E-	0.0	major triad	(3, 7, 10)	E-	E-	1	None
843.5	0.25	282	['G2', 'G3']	['P1']	[True, True]	282.0	3.0	389.0	I	False	('E-', 'G', 'B-')	E-	E-	0.0	major triad	(3, 7, 10)	E-	E-	1	None
843.75	0.25	282	['G2', 'G4']	['P1']	[False, True]	282.0	3.0	389.0	I	False	('E-', 'G', 'B-')	E-	E-	0.0	major triad	(3, 7, 10)	E-	E-	1	None
844.0	0.25	282	['G2', 'G3']	['P1']	[True, True]	282.0	3.0	389.0	I	False	('E-', 'G', 'B-')	E-	E-	0.0	major triad	(3, 7, 10)	E-	E-	1	None
844.25	0.25	282	['G2', 'G4']	['P1']	[False, True]	282.0	3.0	389.0	I	False	('E-', 'G', 'B-')	E-	E-	0.0	major triad	(3, 7, 10)	E-	E-	1	None
844.5	0.25	282	['G2', 'G3']	['P1']	[True, True]	282.0	3.0	389.0	I	False	('E-', 'G', 'B-')	E-	E-	0.0	major triad	(3, 7, 10)	E-	E-	1	None
844.75	0.25	282	['G2', 'G4']	['P1']	[False, True]	282.0	3.0	389.0	I	False	('E-', 'G', 'B-')	E-	E-	0.0	major triad	(3, 7, 10)	E-	E-	1	None
845.0	0.25	282	['F#2', 'F#3']	['P1']	[True, True]	282.0	3.0	389.0	I	False	('E-', 'G', 'B-')	E-	E-	0.0	major triad	(3, 7, 10)	E-	E-	1	None
845.25	0.25	282	['F#2', 'F#4']	['P1']	[False, True]	282.0	3.0	389.0	I	False	('E-', 'G', 'B-')	E-	E-	0.0	major triad	(3, 7, 10)	E-	E-	1	None
845.5	0.25	282	['G2', 'G3']	['P1']	[True, True]	282.0	3.0	389.0	I	False	('E-', 'G', 'B-')	E-	E-	0.0	major triad	(3, 7, 10)	E-	E-	1	None
845.75	0.25	282	['G2', 'G4']	['P1']	[False, True]	282.0	3.0	389.0	I	False	('E-', 'G', 'B-')	E-	E-	0.0	major triad	(3, 7, 10)	E-	E-	1	None
846.0	0.25	283	['B-1', 'B-3']	['P1']	[True, True]	283.0	3.0	390.0	I	True	('E-', 'G', 'B-')	E-	E-	0.0	major triad	(3, 7, 10)	E-	E-	1	None
846.25	0.25	283	['B-1', 'B-4']	['P1']	[False, True]	283.0	3.0	390.0	I	False	('E-', 'G', 'B-')	E-	E-	0.0	major triad	(3, 7, 10)	E-	E-	1	None
846.5	0.25	283	['B-2', 'B-3']	['P1']	[True, True]	283.0	3.0	390.0	I	False	('E-', 'G', 'B-')	E-	E-	0.0	major triad	(3, 7, 10)	E-	E-	1	None
846.75	0.25	283	['B-2', 'B-4']	['P1']	[False, True]	283.0	3.0	390.0	I	False	('E-', 'G', 'B-')	E-	E-	0.0	major triad	(3, 7, 10)	E-	E-	1	None
847.0	0.25	283	['B-2', 'B-3']	['P1']	[True, True]	283.0	3.0	390.0	I	False	('E-', 'G', 'B-')	E-	E-	0.0	major triad	(3, 7, 10)	E-	E-	1	None
847.25	0.25	283	['B-2', 'B-4']	['P1']	[False, True]	283.0	3.0	390.0	I	False	('E-', 'G', 'B-')	E-	E-	0.0	major triad	(3, 7, 10)	E-	E-	1	None
847.5	0.25	283	['B-2', 'B-3']	['P1']	[True, True]	283.0	3.0	390.0	I	False	('E-', 'G', 'B-')	E-	E-	0.0	major triad	(3, 7, 10)	E-	E-	1	None
847.75	0.25	283	['B-2', 'B-4']	['P1']	[False, True]	283.0	3.0	390.0	I	False	('E-', 'G', 'B-')	E-	E-	0.0	major triad	(3, 7, 10)	E-	E-	1	None
848.0	0.25	283	['A2', 'A3']	['P1']	[True, True]	283.0	3.0	390.0	I	False	('E-', 'G', 'B-')	E-	E-	0.0	major triad	(3, 7, 10)	E-	E-	1	None
848.25	0.25	283	['A2', 'A4']	['P1']	[False, True]	283.0	3.0	390.0	I	False	('E-', 'G', 'B-')	E-	E-	0.0	major triad	(3, 7, 10)	E-	E-	1	None
848.5	0.25	283	['B-2', 'B-3']	['P1']	[True, True]	283.0	3.0	390.0	I	False	('E-', 'G', 'B-')	E-	E-	0.0	major triad	(3, 7, 10)	E-	E-	1	None
848.75	0.25	283	['B-2', 'B-4']	['P1']	[False, True]	283.0	3.0	390.0	I	False	('E-', 'G', 'B-')	E-	E-	0.0	major triad	(3, 7, 10)	E-	E-	1	None
849.0	0.25	284	['E-2', 'E-4']	['P1']	[True, True]	284.0	3.0	391.0	I	True	('E-', 'G', 'B-')	E-	E-	0.0	major triad	(3, 7, 10)	E-	E-	1	None
849.25	0.25	284	['E-2', 'E-5']	['P1']	[False, True]	284.0	3.0	391.0	I	False	('E-', 'G', 'B-')	E-	E-	0.0	major triad	(3, 7, 10)	E-	E-	1	None
849.5	0.25	284	['E-3', 'E-4']	['P1']	[True, True]	284.0	3.0	391.0	I	False	('E-', 'G', 'B-')	E-	E-	0.0	major triad	(3, 7, 10)	E-	E-	1	None
849.75	0.25	284	['E-3', 'E-5']	['P1']	[False, True]	284.0	3.0	391.0	I	False	('E-', 'G', 'B-')	E-	E-	0.0	major triad	(3, 7, 10)	E-	E-	1	None
850.0	0.25	284	['E-3', 'E-4']	['P1']	[True, True]	284.0	3.0	391.0	I	False	('E-', 'G', 'B-')	E-	E-	0.0	major triad	(3, 7, 10)	E-	E-	1	None
850.25	0.25	284	['E-3', 'E-5']	['P1']	[False, True]	284.0	3.0	391.0	I	False	('E-', 'G', 'B-')	E-	E-	0.0	major triad	(3, 7, 10)	E-	E-	1	None
850.5	0.25	284	['E-3', 'E-4']	['P1']	[True, True]	284.0	3.0	391.0	I	False	('E-', 'G', 'B-')	E-	E-	0.0	major triad	(3, 7, 10)	E-	E-	1	None
850.75	0.25	284	['E-3', 'E-5']	['P1']	[False, True]	284.0	3.0	391.0	I	False	('E-', 'G', 'B-')	E-	E-	0.0	major triad	(3, 7, 10)	E-	E-	1	None
851.0	0.25	284	['D3', 'D4']	['P1']	[True, True]	284.0	3.0	391.0	I	False	('E-', 'G', 'B-')	E-	E-	0.0	major triad	(3, 7, 10)	E-	E-	1	None
851.25	0.25	284	['D3', 'D5']	['P1']	[False, True]	284.0	3.0	391.0	I	False	('E-', 'G', 'B-')	E-	E-	0.0	major triad	(3, 7, 10)	E-	E-	1	None
851.5	0.25	284	['E-3', 'E-4']	['P1']	[True, True]	284.0	3.0	391.0	I	False	('E-', 'G', 'B-')	E-	E-	0.0	major triad	(3, 7, 10)	E-	E-	1	None
851.75	0.25	284	['E-3', 'E-5']	['P1']	[False, True]	284.0	3.0	391.0	I	False	('E-', 'G', 'B-')	E-	E-	0.0	major triad	(3, 7, 10)	E-	E-	1	None
852.0	0.25	285	['C2', 'E-2', 'C3', 'E-3']	['m3', 'P1', 'm3']	[True, True, True, True]	285.0	3.0	392.0	vi	True	('C', 'E-', 'G')	C	C	0.0	minor triad	(0, 3, 7)	E-	E-	6	None
852.25	0.25	285	['C2', 'E-2', 'C3', 'F3']	['m3', 'P1', 'P4']	[False, False, False, True]	285.0	3.0	392.0	vi	False	('C', 'E-', 'G')	C	C	0.0	minor triad	(0, 3, 7)	E-	E-	6	None
852.5	0.25	285	['C2', 'E-2', 'C3', 'E-3']	['m3', 'P1', 'm3']	[False, False, False, True]	285.0	3.0	392.0	vi	False	('C', 'E-', 'G')	C	C	0.0	minor triad	(0, 3, 7)	E-	E-	6	None
852.75	0.25	285	['C2', 'E-2', 'C3', 'D3']	['m3', 'P1', 'M2']	[False, False, False, True]	285.0	3.0	392.0	vi	False	('C', 'E-', 'G')	C	C	0.0	minor triad	(0, 3, 7)	E-	E-	6	None
853.0	0.25	285	['C2', 'E-2', 'C3', 'E-3']	['m3', 'P1', 'm3']	[False, False, False, True]	285.0	3.0	392.0	vi	False	('C', 'E-', 'G')	C	C	0.0	minor triad	(0, 3, 7)	E-	E-	6	None
853.25	0.25	285	['C2', 'E-2', 'C3', 'D3']	['m3', 'P1', 'M2']	[False, False, False, True]	285.0	3.0	392.0	vi	False	('C', 'E-', 'G')	C	C	0.0	minor triad	(0, 3, 7)	E-	E-	6	None
853.5	0.25	285	['C2', 'E-2', 'C3', 'E-3']	['m3', 'P1', 'm3']	[False, False, False, True]	285.0	3.0	392.0	vi	False	('C', 'E-', 'G')	C	C	0.0	minor triad	(0, 3, 7)	E-	E-	6	None
853.75	0.25	285	['C2', 'E-2', 'C3', 'E3']	['m3', 'P1', 'M3']	[False, False, False, True]	285.0	3.0	392.0	vi	False	('C', 'E-', 'G')	C	C	0.0	minor triad	(0, 3, 7)	E-	E-	6	None
854.0	0.25	285	['C2', 'E-2', 'C3', 'F3']	['m3', 'P1', 'P4']	[False, False, False, True]	285.0	3.0	392.0	vi	False	('C', 'E-', 'G')	C	C	0.0	minor triad	(0, 3, 7)	E-	E-	6	None
854.25	0.25	285	['C2', 'E-2', 'C3', 'F#3']	['m3', 'P1', 'A4']	[False, False, False, True]	285.0	3.0	392.0	vi	False	('C', 'E-', 'G')	C	C	0.0	minor triad	(0, 3, 7)	E-	E-	6	None
854.5	0.25	285	['C2', 'E-2', 'C3', 'G3']	['m3', 'P1', 'P5']	[False, False, False, True]	285.0	3.0	392.0	vi	False	('C', 'E-', 'G')	C	C	0.0	minor triad	(0, 3, 7)	E-	E-	6	None
854.75	0.25	285	['C2', 'E-2', 'C3', 'A-3']	['m3', 'P1', 'm6']	[False, False, False, True]	285.0	3.0	392.0	vi	False	('C', 'E-', 'G')	C	C	0.0	minor triad	(0, 3, 7)	E-	E-	6	None
855.0	0.25	286	['C-2', 'E-2', 'C-3', 'A3']	['M3', 'P1', 'A6']	[True, True, True, True]	286.0	3.0	393.0	It	True	('C-', 'E-', 'A')	C-	A	1.0	Italian augmented sixth chord	(3, 9, 11)	E-	E-	#4	None
855.25	0.25	286	['C-2', 'E-2', 'C-3', 'B-3']	['M3', 'P1', 'M7']	[False, False, False, True]	286.0	3.0	393.0	It	False	('C-', 'E-', 'A')	C-	A	1.0	Italian augmented sixth chord	(3, 9, 11)	E-	E-	#4	None
855.5	0.25	286	['C-2', 'E-2', 'C-3', 'B3']	['M3', 'P1', 'A7']	[False, False, False, True]	286.0	3.0	393.0	It	False	('C-', 'E-', 'A')	C-	A	1.0	Italian augmented sixth chord	(3, 9, 11)	E-	E-	#4	None
855.75	0.25	286	['C-2', 'E-2', 'C-3', 'C4']	['M3', 'P1', 'A1']	[False, False, False, True]	286.0	3.0	393.0	It	False	('C-', 'E-', 'A')	C-	A	1.0	Italian augmented sixth chord	(3, 9, 11)	E-	E-	#4	None
856.0	0.25	286	['C-2', 'E-2', 'C-3', 'C#4']	['M3', 'P1', 'AA1']	[False, False, False, True]	286.0	3.0	393.0	It	False	('C-', 'E-', 'A')	C-	A	1.0	Italian augmented sixth chord	(3, 9, 11)	E-	E-	#4	None
856.25	0.25	286	['C-2', 'E-2', 'C-3', 'D4']	['M3', 'P1', 'A2']	[False, False, False, True]	286.0	3.0	393.0	It	False	('C-', 'E-', 'A')	C-	A	1.0	Italian augmented sixth chord	(3, 9, 11)	E-	E-	#4	None
856.5	0.25	286	['C-2', 'E-2', 'C-3', 'E-4']	['M3', 'P1', 'M3']	[False, False, False, True]	286.0	3.0	393.0	It	False	('C-', 'E-', 'A')	C-	A	1.0	Italian augmented sixth chord	(3, 9, 11)	E-	E-	#4	None
856.75	0.25	286	['C-2', 'E-2', 'C-3', 'E4']	['M3', 'P1', 'A3']	[False, False, False, True]	286.0	3.0	393.0	It	False	('C-', 'E-', 'A')	C-	A	1.0	Italian augmented sixth chord	(3, 9, 11)	E-	E-	#4	None
857.0	0.25	286	['C-2', 'E-2', 'C-3', 'F4']	['M3', 'P1', 'A4']	[False, False, False, True]	286.0	3.0	393.0	It	False	('C-', 'E-', 'A')	C-	A	1.0	Italian augmented sixth chord	(3, 9, 11)	E-	E-	#4	None
857.25	0.25	286	['C-2', 'E-2', 'C-3', 'F#4']	['M3', 'P1', 'AA4']	[False, False, False, True]	286.0	3.0	393.0	It	False	('C-', 'E-', 'A')	C-	A	1.0	Italian augmented sixth chord	(3, 9, 11)	E-	E-	#4	None
857.5	0.25	286	['C-2', 'E-2', 'C-3', 'G4']	['M3', 'P1', 'A5']	[False, False, False, True]	286.0	3.0	393.0	It	False	('C-', 'E-', 'A')	C-	A	1.0	Italian augmented sixth chord	(3, 9, 11)	E-	E-	#4	None
857.75	0.25	286	['C-2', 'E-2', 'C-3', 'A-4']	['M3', 'P1', 'M6']	[False, False, False, True]	286.0	3.0	393.0	It	False	('C-', 'E-', 'A')	C-	A	1.0	Italian augmented sixth chord	(3, 9, 11)	E-	E-	#4	None
858.0	0.25	287	['B-1', 'E-2', 'B-2', 'A4']	['P4', 'P1', 'M7']	[True, True, True, True]	287.0	3.0	394.0	I	True	('B-', 'E-', 'G')	B-	E-	2.0	major triad	(3, 7, 10)	E-	E-	1	None
858.25	0.25	287	['B-1', 'E-2', 'B-2', 'B-4']	['P4', 'P1', 'P1']	[False, False, False, True]	287.0	3.0	394.0	I	False	('B-', 'E-', 'G')	B-	E-	2.0	major triad	(3, 7, 10)	E-	E-	1	None
858.5	0.25	287	['B-1', 'E-2', 'B-2', 'B4']	['P4', 'P1', 'A1']	[False, False, False, True]	287.0	3.0	394.0	I	False	('B-', 'E-', 'G')	B-	E-	2.0	major triad	(3, 7, 10)	E-	E-	1	None
858.75	0.25	287	['B-1', 'E-2', 'B-2', 'C5']	['P4', 'P1', 'M2']	[False, False, False, True]	287.0	3.0	394.0	I	False	('B-', 'E-', 'G')	B-	E-	2.0	major triad	(3, 7, 10)	E-	E-	1	None
859.0	0.25	287	['B-1', 'E-2', 'B-2', 'C#5']	['P4', 'P1', 'A2']	[False, False, False, True]	287.0	3.0	394.0	I	False	('B-', 'E-', 'G')	B-	E-	2.0	major triad	(3, 7, 10)	E-	E-	1	None
859.25	0.25	287	['B-1', 'E-2', 'B-2', 'D5']	['P4', 'P1', 'M3']	[False, False, False, True]	287.0	3.0	394.0	I	False	('B-', 'E-', 'G')	B-	E-	2.0	major triad	(3, 7, 10)	E-	E-	1	None
859.5	0.25	287	['B-1', 'E-2', 'B-2', 'E-5']	['P4', 'P1', 'P4']	[False, False, False, True]	287.0	3.0	394.0	I	False	('B-', 'E-', 'G')	B-	E-	2.0	major triad	(3, 7, 10)	E-	E-	1	None
859.75	0.25	287	['B-1', 'E-2', 'B-2', 'E5']	['P4', 'P1', 'A4']	[False, False, False, True]	287.0	3.0	394.0	I	False	('B-', 'E-', 'G')	B-	E-	2.0	major triad	(3, 7, 10)	E-	E-	1	None
860.0	0.25	287	['B-1', 'E-2', 'B-2', 'F5']	['P4', 'P1', 'P5']	[False, False, False, True]	287.0	3.0	394.0	I	False	('B-', 'E-', 'G')	B-	E-	2.0	major triad	(3, 7, 10)	E-	E-	1	None
860.25	0.25	287	['B-1', 'E-2', 'B-2', 'G-5']	['P4', 'P1', 'm6']	[False, False, False, True]	287.0	3.0	394.0	I	False	('B-', 'E-', 'G')	B-	E-	2.0	major triad	(3, 7, 10)	E-	E-	1	None
860.5	0.25	287	['B-1', 'E-2', 'B-2', 'F5']	['P4', 'P1', 'P5']	[False, False, False, True]	287.0	3.0	394.0	I	False	('B-', 'E-', 'G')	B-	E-	2.0	major triad	(3, 7, 10)	E-	E-	1	None
860.75	0.25	287	['B-1', 'E-2', 'B-2', 'G-5']	['P4', 'P1', 'm6']	[False, False, False, True]	287.0	3.0	394.0	I	False	('B-', 'E-', 'G')	B-	E-	2.0	major triad	(3, 7, 10)	E-	E-	1	None
861.0	0.25	288	['A1', 'E-2', 'A2', 'F5']	['d5', 'P1', 'm6']	[True, True, True, True]	288.0	3.0	395.0	V7/V	True	('A', 'C', 'E-', 'F')	A	F	1.0	dominant seventh chord	(0, 3, 5, 9)	E-	B-	5	5
861.25	0.25	288	['A1', 'E-2', 'A2', 'G-5']	['d5', 'P1', 'd7']	[False, False, False, True]	288.0	3.0	395.0	V7/V	False	('A', 'C', 'E-', 'F')	A	F	1.0	dominant seventh chord	(0, 3, 5, 9)	E-	B-	5	5
861.5	0.25	288	['A1', 'E-2', 'A2', 'F5']	['d5', 'P1', 'm6']	[False, False, False, True]	288.0	3.0	395.0	V7/V	False	('A', 'C', 'E-', 'F')	A	F	1.0	dominant seventh chord	(0, 3, 5, 9)	E-	B-	5	5
861.75	0.25	288	['A1', 'E-2', 'A2', 'G-5']	['d5', 'P1', 'd7']	[False, False, False, True]	288.0	3.0	395.0	V7/V	False	('A', 'C', 'E-', 'F')	A	F	1.0	dominant seventh chord	(0, 3, 5, 9)	E-	B-	5	5
862.0	0.25	288	['A1', 'E-2', 'A2', 'F5']	['d5', 'P1', 'm6']	[False, False, False, True]	288.0	3.0	395.0	V7/V	False	('A', 'C', 'E-', 'F')	A	F	1.0	dominant seventh chord	(0, 3, 5, 9)	E-	B-	5	5
862.25	0.25	288	['A1', 'E-2', 'A2', 'G-5']	['d5', 'P1', 'd7']	[False, False, False, True]	288.0	3.0	395.0	V7/V	False	('A', 'C', 'E-', 'F')	A	F	1.0	dominant seventh chord	(0, 3, 5, 9)	E-	B-	5	5
862.5	0.25	288	['A1', 'E-2', 'A2', 'F5']	['d5', 'P1', 'm6']	[False, False, False, True]	288.0	3.0	395.0	V7/V	False	('A', 'C', 'E-', 'F')	A	F	1.0	dominant seventh chord	(0, 3, 5, 9)	E-	B-	5	5
862.75	0.25	288	['A1', 'E-2', 'A2', 'G-5']	['d5', 'P1', 'd7']	[False, False, False, True]	288.0	3.0	395.0	V7/V	False	('A', 'C', 'E-', 'F')	A	F	1.0	dominant seventh chord	(0, 3, 5, 9)	E-	B-	5	5
863.0	0.25	288	['A1', 'E-2', 'A2', 'F5']	['d5', 'P1', 'm6']	[False, False, False, True]	288.0	3.0	395.0	V7/V	False	('A', 'C', 'E-', 'F')	A	F	1.0	dominant seventh chord	(0, 3, 5, 9)	E-	B-	5	5
863.25	0.25	288	['A1', 'E-2', 'A2', 'G-5']	['d5', 'P1', 'd7']	[False, False, False, True]	288.0	3.0	395.0	V7/V	False	('A', 'C', 'E-', 'F')	A	F	1.0	dominant seventh chord	(0, 3, 5, 9)	E-	B-	5	5
863.5	0.25	288	['A1', 'E-2', 'A2', 'F5']	['d5', 'P1', 'm6']	[False, False, False, True]	288.0	3.0	395.0	V7/V	False	('A', 'C', 'E-', 'F')	A	F	1.0	dominant seventh chord	(0, 3, 5, 9)	E-	B-	5	5
863.75	0.25	288	['A1', 'E-2', 'A2', 'G-5']	['d5', 'P1', 'd7']	[False, False, False, True]	288.0	3.0	395.0	V7/V	False	('A', 'C', 'E-', 'F')	A	F	1.0	dominant seventh chord	(0, 3, 5, 9)	E-	B-	5	5
864.0	0.1667	289	['B-1', 'E-2', 'B-2', 'G5']	['P4', 'P1', 'M6']	[True, True, True, True]	289.0	3.0	396.0	I	True	('B-', 'E-', 'G')	B-	E-	2.0	major triad	(3, 7, 10)	E-	E-	1	None
864.1667	0.1667	289	['B-1', 'E-2', 'B-2', 'G5', 'A-5']	['P4', 'P1', 'M6', 'm7']	[False, False, False, False, True]	289.0	3.0	396.0	I	False	('B-', 'E-', 'G')	B-	E-	2.0	major triad	(3, 7, 10)	E-	E-	1	None
864.3333	0.1667	289	['B-1', 'E-2', 'B-2', 'G5']	['P4', 'P1', 'M6']	[False, False, False, False]	289.0	3.0	396.0	I	False	('B-', 'E-', 'G')	B-	E-	2.0	major triad	(3, 7, 10)	E-	E-	1	None
864.5	0.5	289	['B-1', 'E-2', 'B-2', 'F5']	['P4', 'P1', 'P5']	[False, False, False, True]	289.0	3.0	396.0	I	False	('B-', 'E-', 'G')	B-	E-	2.0	major triad	(3, 7, 10)	E-	E-	1	None
865.0	0.5	289	['E-5']	[]	[True]	289.0	3.0	396.0	I	False	('B-', 'E-', 'G')	B-	E-	2.0	major triad	(3, 7, 10)	E-	E-	1	None
865.5	0.1667	289	['B-2', 'E-3', 'G3', 'E-5']	['P4', 'M6', 'P4']	[True, True, True, True]	289.0	3.0	396.0	I	False	('B-', 'E-', 'G')	B-	E-	2.0	major triad	(3, 7, 10)	E-	E-	1	None
865.6667	0.1667	289	['B-2', 'E-3', 'G3', 'E-5', 'F5']	['P4', 'M6', 'P4', 'P5']	[False, False, False, False, True]	289.0	3.0	396.0	I	False	('B-', 'E-', 'G')	B-	E-	2.0	major triad	(3, 7, 10)	E-	E-	1	None
865.8333	0.1667	289	['B-2', 'E-3', 'G3', 'E-5']	['P4', 'M6', 'P4']	[False, False, False, False]	289.0	3.0	396.0	I	False	('B-', 'E-', 'G')	B-	E-	2.0	major triad	(3, 7, 10)	E-	E-	1	None
866.0	0.5	289	['B-2', 'E-3', 'G3', 'D5']	['P4', 'M6', 'M3']	[False, False, False, True]	289.0	3.0	396.0	I	False	('B-', 'E-', 'G')	B-	E-	2.0	major triad	(3, 7, 10)	E-	E-	1	None
866.5	0.5	289	['C5']	[]	[True]	289.0	3.0	396.0	I	False	('B-', 'E-', 'G')	B-	E-	2.0	major triad	(3, 7, 10)	E-	E-	1	None
867.0	0.1667	290	['B-2', 'E-3', 'G3', 'B-4']	['P4', 'M6', 'P1']	[True, True, True, True]	290.0	1.5	397.0	I	True	('B-', 'E-', 'G')	B-	E-	2.0	major triad	(3, 7, 10)	E-	E-	1	None
867.1667	0.1667	290	['B-2', 'E-3', 'G3', 'B-4', 'C5']	['P4', 'M6', 'P1', 'M2']	[False, False, False, False, True]	290.0	1.5	397.0	I	False	('B-', 'E-', 'G')	B-	E-	2.0	major triad	(3, 7, 10)	E-	E-	1	None
867.3333	0.1667	290	['B-2', 'E-3', 'G3', 'B-4']	['P4', 'M6', 'P1']	[False, False, False, False]	290.0	1.5	397.0	I	False	('B-', 'E-', 'G')	B-	E-	2.0	major triad	(3, 7, 10)	E-	E-	1	None
867.5	0.5	290	['B-2', 'E-3', 'G3', 'A-4']	['P4', 'M6', 'm7']	[False, False, False, True]	290.0	1.5	397.0	I	False	('B-', 'E-', 'G')	B-	E-	2.0	major triad	(3, 7, 10)	E-	E-	1	None
868.0	0.5	290	['G4']	[]	[True]	290.0	1.5	397.0	I	False	('B-', 'E-', 'G')	B-	E-	2.0	major triad	(3, 7, 10)	E-	E-	1	None
868.5	0.5	290	['B-2', 'F3', 'A-3', 'F4']	['P5', 'm7', 'P5']	[True, True, True, True]	290.0	1.5	398.0	V7	True	('B-', 'D', 'F', 'A-')	B-	B-	0.0	dominant seventh chord	(2, 5, 8, 10)	E-	E-	5	None
869.0	0.5	290	['B-2', 'F3', 'A-3', 'A-4']	['P5', 'm7', 'm7']	[False, False, False, True]	290.0	1.5	398.0	V7	False	('B-', 'D', 'F', 'A-')	B-	B-	0.0	dominant seventh chord	(2, 5, 8, 10)	E-	E-	5	None
869.5	0.5	290	['D4']	[]	[True]	290.0	1.5	398.0	V7	False	('B-', 'D', 'F', 'A-')	B-	B-	0.0	dominant seventh chord	(2, 5, 8, 10)	E-	E-	5	None
870.0	0.5	291	['E-3', 'G3', 'E-4']	['M3', 'P1']	[True, True, True]	291.0	3.0	399.0	I	True	('E-', 'G', 'B-')	E-	E-	0.0	major triad	(3, 7, 10)	E-	E-	1	None
870.5	0.25	291	['E-3', 'G3', 'E-6']	['M3', 'P1']	[False, False, True]	291.0	3.0	399.0	I	False	('E-', 'G', 'B-')	E-	E-	0.0	major triad	(3, 7, 10)	E-	E-	1	None
870.75	0.25	291	['E-3', 'G3', 'G5']	['M3', 'M3']	[False, False, True]	291.0	3.0	399.0	I	False	('E-', 'G', 'B-')	E-	E-	0.0	major triad	(3, 7, 10)	E-	E-	1	None
871.0	0.25	291	['E-6']	[]	[True]	291.0	3.0	399.0	I	False	('E-', 'G', 'B-')	E-	E-	0.0	major triad	(3, 7, 10)	E-	E-	1	None
871.25	0.25	291	['G5']	[]	[True]	291.0	3.0	399.0	I	False	('E-', 'G', 'B-')	E-	E-	0.0	major triad	(3, 7, 10)	E-	E-	1	None
871.5	0.25	291	['E-3', 'E-5']	['P1']	[True, True]	291.0	3.0	399.0	I	False	('E-', 'G', 'B-')	E-	E-	0.0	major triad	(3, 7, 10)	E-	E-	1	None
871.75	0.25	291	['E-3', 'G5']	['M3']	[False, True]	291.0	3.0	399.0	I	False	('E-', 'G', 'B-')	E-	E-	0.0	major triad	(3, 7, 10)	E-	E-	1	None
872.0	0.25	291	['E-3', 'E-6']	['P1']	[False, True]	291.0	3.0	399.0	I	False	('E-', 'G', 'B-')	E-	E-	0.0	major triad	(3, 7, 10)	E-	E-	1	None
872.25	0.25	291	['E-3', 'G5']	['M3']	[False, True]	291.0	3.0	399.0	I	False	('E-', 'G', 'B-')	E-	E-	0.0	major triad	(3, 7, 10)	E-	E-	1	None
872.5	0.25	291	['E-3', 'E-6']	['P1']	[False, True]	291.0	3.0	399.0	I	False	('E-', 'G', 'B-')	E-	E-	0.0	major triad	(3, 7, 10)	E-	E-	1	None
872.75	0.25	291	['E-3', 'G5']	['M3']	[False, True]	291.0	3.0	399.0	I	False	('E-', 'G', 'B-')	E-	E-	0.0	major triad	(3, 7, 10)	E-	E-	1	None
873.0	0.25	292	['E-3', 'F-5']	['m2']	[False, True]	292.0	1.5	400.0	viio7/IV	True	('F-', 'G', 'B-', 'D-')	F-	G	3.0	diminished seventh chord	(1, 4, 7, 10)	E-	A-	7	4
873.25	0.25	292	['E-3', 'G5']	['M3']	[False, True]	292.0	1.5	400.0	viio7/IV	False	('F-', 'G', 'B-', 'D-')	F-	G	3.0	diminished seventh chord	(1, 4, 7, 10)	E-	A-	7	4
873.5	0.25	292	['E-3', 'D-6']	['m7']	[False, True]	292.0	1.5	400.0	viio7/IV	False	('F-', 'G', 'B-', 'D-')	F-	G	3.0	diminished seventh chord	(1, 4, 7, 10)	E-	A-	7	4
873.75	0.25	292	['E-3', 'G5']	['M3']	[False, True]	292.0	1.5	400.0	viio7/IV	False	('F-', 'G', 'B-', 'D-')	F-	G	3.0	diminished seventh chord	(1, 4, 7, 10)	E-	A-	7	4
874.0	0.25	292	['E-3', 'D-6']	['m7']	[False, True]	292.0	1.5	400.0	viio7/IV	False	('F-', 'G', 'B-', 'D-')	F-	G	3.0	diminished seventh chord	(1, 4, 7, 10)	E-	A-	7	4
874.25	0.25	292	['E-3', 'G5']	['M3']	[False, True]	292.0	1.5	400.0	viio7/IV	False	('F-', 'G', 'B-', 'D-')	F-	G	3.0	diminished seventh chord	(1, 4, 7, 10)	E-	A-	7	4
874.5	0.25	292	['E-3', 'E-5']	['P1']	[False, True]	292.0	1.5	401.0	I	True	('E-', 'G', 'B-')	E-	E-	0.0	major triad	(3, 7, 10)	E-	E-	1	None
874.75	0.25	292	['E-3', 'G5']	['M3']	[False, True]	292.0	1.5	401.0	I	False	('E-', 'G', 'B-')	E-	E-	0.0	major triad	(3, 7, 10)	E-	E-	1	None
875.0	0.25	292	['E-3', 'E-6']	['P1']	[False, True]	292.0	1.5	401.0	I	False	('E-', 'G', 'B-')	E-	E-	0.0	major triad	(3, 7, 10)	E-	E-	1	None
875.25	0.25	292	['E-3', 'G5']	['M3']	[False, True]	292.0	1.5	401.0	I	False	('E-', 'G', 'B-')	E-	E-	0.0	major triad	(3, 7, 10)	E-	E-	1	None
875.5	0.25	292	['E-3', 'E-6']	['P1']	[False, True]	292.0	1.5	401.0	I	False	('E-', 'G', 'B-')	E-	E-	0.0	major triad	(3, 7, 10)	E-	E-	1	None
875.75	0.25	292	['E-3', 'G5']	['M3']	[False, True]	292.0	1.5	401.0	I	False	('E-', 'G', 'B-')	E-	E-	0.0	major triad	(3, 7, 10)	E-	E-	1	None
876.0	0.25	293	['E-3', 'D-5']	['m7']	[False, True]	293.0	1.5	402.0	viio7/IV	True	('D-', 'F-', 'G', 'B-')	D-	G	2.0	diminished seventh chord	(1, 4, 7, 10)	E-	A-	7	4
876.25	0.25	293	['E-3', 'G5']	['M3']	[False, True]	293.0	1.5	402.0	viio7/IV	False	('D-', 'F-', 'G', 'B-')	D-	G	2.0	diminished seventh chord	(1, 4, 7, 10)	E-	A-	7	4
876.5	0.25	293	['E-3', 'F-6']	['m2']	[False, True]	293.0	1.5	402.0	viio7/IV	False	('D-', 'F-', 'G', 'B-')	D-	G	2.0	diminished seventh chord	(1, 4, 7, 10)	E-	A-	7	4
876.75	0.25	293	['E-3', 'G5']	['M3']	[False, True]	293.0	1.5	402.0	viio7/IV	False	('D-', 'F-', 'G', 'B-')	D-	G	2.0	diminished seventh chord	(1, 4, 7, 10)	E-	A-	7	4
877.0	0.25	293	['E-3', 'F-6']	['m2']	[False, True]	293.0	1.5	402.0	viio7/IV	False	('D-', 'F-', 'G', 'B-')	D-	G	2.0	diminished seventh chord	(1, 4, 7, 10)	E-	A-	7	4
877.25	0.25	293	['E-3', 'G5']	['M3']	[False, True]	293.0	1.5	402.0	viio7/IV	False	('D-', 'F-', 'G', 'B-')	D-	G	2.0	diminished seventh chord	(1, 4, 7, 10)	E-	A-	7	4
877.5	0.25	293	['E-4', 'E-5']	['P1']	[True, True]	293.0	1.5	403.0	I	True	('E-', 'G', 'B-')	E-	E-	0.0	major triad	(3, 7, 10)	E-	E-	1	None
877.75	0.25	293	['E-4', 'G5']	['M3']	[False, True]	293.0	1.5	403.0	I	False	('E-', 'G', 'B-')	E-	E-	0.0	major triad	(3, 7, 10)	E-	E-	1	None
878.0	0.25	293	['E-4', 'E-6']	['P1']	[False, True]	293.0	1.5	403.0	I	False	('E-', 'G', 'B-')	E-	E-	0.0	major triad	(3, 7, 10)	E-	E-	1	None
878.25	0.25	293	['E-4', 'G5']	['M3']	[False, True]	293.0	1.5	403.0	I	False	('E-', 'G', 'B-')	E-	E-	0.0	major triad	(3, 7, 10)	E-	E-	1	None
878.5	0.25	293	['E-4', 'E-6']	['P1']	[False, True]	293.0	1.5	403.0	I	False	('E-', 'G', 'B-')	E-	E-	0.0	major triad	(3, 7, 10)	E-	E-	1	None
878.75	0.25	293	['E-4', 'G5']	['M3']	[False, True]	293.0	1.5	403.0	I	False	('E-', 'G', 'B-')	E-	E-	0.0	major triad	(3, 7, 10)	E-	E-	1	None
879.0	0.25	294	['E-4', 'F-5']	['m2']	[False, True]	294.0	1.5	404.0	viio7/IV	True	('F-', 'G', 'B-', 'D-')	F-	G	3.0	diminished seventh chord	(1, 4, 7, 10)	E-	A-	7	4
879.25	0.25	294	['E-4', 'G5']	['M3']	[False, True]	294.0	1.5	404.0	viio7/IV	False	('F-', 'G', 'B-', 'D-')	F-	G	3.0	diminished seventh chord	(1, 4, 7, 10)	E-	A-	7	4
879.5	0.25	294	['E-4', 'D-6']	['m7']	[False, True]	294.0	1.5	404.0	viio7/IV	False	('F-', 'G', 'B-', 'D-')	F-	G	3.0	diminished seventh chord	(1, 4, 7, 10)	E-	A-	7	4
879.75	0.25	294	['E-4', 'G5']	['M3']	[False, True]	294.0	1.5	404.0	viio7/IV	False	('F-', 'G', 'B-', 'D-')	F-	G	3.0	diminished seventh chord	(1, 4, 7, 10)	E-	A-	7	4
880.0	0.25	294	['E-4', 'D-6']	['m7']	[False, True]	294.0	1.5	404.0	viio7/IV	False	('F-', 'G', 'B-', 'D-')	F-	G	3.0	diminished seventh chord	(1, 4, 7, 10)	E-	A-	7	4
880.25	0.25	294	['E-4', 'G5']	['M3']	[False, True]	294.0	1.5	404.0	viio7/IV	False	('F-', 'G', 'B-', 'D-')	F-	G	3.0	diminished seventh chord	(1, 4, 7, 10)	E-	A-	7	4
880.5	0.25	294	['E-4', 'D-5']	['m7']	[False, True]	294.0	1.5	405.0	viio7/IV	True	('D-', 'F-', 'G', 'B-')	D-	G	2.0	diminished seventh chord	(1, 4, 7, 10)	E-	A-	7	4
880.75	0.25	294	['E-4', 'G5']	['M3']	[False, True]	294.0	1.5	405.0	viio7/IV	False	('D-', 'F-', 'G', 'B-')	D-	G	2.0	diminished seventh chord	(1, 4, 7, 10)	E-	A-	7	4
881.0	0.25	294	['E-4', 'F-6']	['m2']	[False, True]	294.0	1.5	405.0	viio7/IV	False	('D-', 'F-', 'G', 'B-')	D-	G	2.0	diminished seventh chord	(1, 4, 7, 10)	E-	A-	7	4
881.25	0.25	294	['E-4', 'G5']	['M3']	[False, True]	294.0	1.5	405.0	viio7/IV	False	('D-', 'F-', 'G', 'B-')	D-	G	2.0	diminished seventh chord	(1, 4, 7, 10)	E-	A-	7	4
881.5	0.25	294	['E-4', 'F-6']	['m2']	[False, True]	294.0	1.5	405.0	viio7/IV	False	('D-', 'F-', 'G', 'B-')	D-	G	2.0	diminished seventh chord	(1, 4, 7, 10)	E-	A-	7	4
881.75	0.25	294	['E-4', 'G5']	['M3']	[False, True]	294.0	1.5	405.0	viio7/IV	False	('D-', 'F-', 'G', 'B-')	D-	G	2.0	diminished seventh chord	(1, 4, 7, 10)	E-	A-	7	4
882.0	0.25	295	['E-4', 'C5']	['M6']	[False, True]	295.0	1.5	406.0	IV	True	('C', 'E-', 'A-')	C	A-	1.0	major triad	(0, 3, 8)	E-	E-	4	None
882.25	0.25	295	['E-4', 'A-5']	['P4']	[False, True]	295.0	1.5	406.0	IV	False	('C', 'E-', 'A-')	C	A-	1.0	major triad	(0, 3, 8)	E-	E-	4	None
882.5	0.25	295	['E-4', 'E-6']	['P1']	[False, True]	295.0	1.5	406.0	IV	False	('C', 'E-', 'A-')	C	A-	1.0	major triad	(0, 3, 8)	E-	E-	4	None
882.75	0.25	295	['E-4', 'A-5']	['P4']	[False, True]	295.0	1.5	406.0	IV	False	('C', 'E-', 'A-')	C	A-	1.0	major triad	(0, 3, 8)	E-	E-	4	None
883.0	0.25	295	['E-4', 'E-6']	['P1']	[False, True]	295.0	1.5	406.0	IV	False	('C', 'E-', 'A-')	C	A-	1.0	major triad	(0, 3, 8)	E-	E-	4	None
883.25	0.25	295	['E-4', 'A-5']	['P4']	[False, True]	295.0	1.5	406.0	IV	False	('C', 'E-', 'A-')	C	A-	1.0	major triad	(0, 3, 8)	E-	E-	4	None
883.5	0.25	295	['E-3', 'D-5']	['m7']	[True, True]	295.0	1.5	407.0	bVII	True	('D-', 'F', 'A-')	D-	D-	0.0	major triad	(1, 5, 8)	E-	E-	-7	None
883.75	0.25	295	['E-3', 'A-5']	['P4']	[False, True]	295.0	1.5	407.0	bVII	False	('D-', 'F', 'A-')	D-	D-	0.0	major triad	(1, 5, 8)	E-	E-	-7	None
884.0	0.25	295	['E-3', 'D-6']	['m7']	[False, True]	295.0	1.5	407.0	bVII	False	('D-', 'F', 'A-')	D-	D-	0.0	major triad	(1, 5, 8)	E-	E-	-7	None
884.25	0.25	295	['E-3', 'A-5']	['P4']	[False, True]	295.0	1.5	407.0	bVII	False	('D-', 'F', 'A-')	D-	D-	0.0	major triad	(1, 5, 8)	E-	E-	-7	None
884.5	0.25	295	['E-3', 'D-6']	['m7']	[False, True]	295.0	1.5	407.0	bVII	False	('D-', 'F', 'A-')	D-	D-	0.0	major triad	(1, 5, 8)	E-	E-	-7	None
884.75	0.25	295	['E-3', 'A-5']	['P4']	[False, True]	295.0	1.5	407.0	bVII	False	('D-', 'F', 'A-')	D-	D-	0.0	major triad	(1, 5, 8)	E-	E-	-7	None
885.0	0.25	296	['E-3', 'E-5']	['P1']	[False, True]	296.0	1.5	408.0	IV	True	('E-', 'A-', 'C')	E-	A-	2.0	major triad	(0, 3, 8)	E-	E-	4	None
885.25	0.25	296	['E-3', 'A-5']	['P4']	[False, True]	296.0	1.5	408.0	IV	False	('E-', 'A-', 'C')	E-	A-	2.0	major triad	(0, 3, 8)	E-	E-	4	None
885.5	0.25	296	['E-3', 'C6']	['M6']	[False, True]	296.0	1.5	408.0	IV	False	('E-', 'A-', 'C')	E-	A-	2.0	major triad	(0, 3, 8)	E-	E-	4	None
885.75	0.25	296	['E-3', 'A-5']	['P4']	[False, True]	296.0	1.5	408.0	IV	False	('E-', 'A-', 'C')	E-	A-	2.0	major triad	(0, 3, 8)	E-	E-	4	None
886.0	0.25	296	['E-3', 'C6']	['M6']	[False, True]	296.0	1.5	408.0	IV	False	('E-', 'A-', 'C')	E-	A-	2.0	major triad	(0, 3, 8)	E-	E-	4	None
886.25	0.25	296	['E-3', 'A-5']	['P4']	[False, True]	296.0	1.5	408.0	IV	False	('E-', 'A-', 'C')	E-	A-	2.0	major triad	(0, 3, 8)	E-	E-	4	None
886.5	0.25	296	['E-3', 'E-5']	['P1']	[False, True]	296.0	1.5	409.0	iv	True	('E-', 'A-', 'C-')	E-	A-	2.0	minor triad	(3, 8, 11)	E-	E-	4	None
886.75	0.25	296	['E-3', 'A-5']	['P4']	[False, True]	296.0	1.5	409.0	iv	False	('E-', 'A-', 'C-')	E-	A-	2.0	minor triad	(3, 8, 11)	E-	E-	4	None
887.0	0.25	296	['E-3', 'C-6']	['m6']	[False, True]	296.0	1.5	409.0	iv	False	('E-', 'A-', 'C-')	E-	A-	2.0	minor triad	(3, 8, 11)	E-	E-	4	None
887.25	0.25	296	['E-3', 'A-5']	['P4']	[False, True]	296.0	1.5	409.0	iv	False	('E-', 'A-', 'C-')	E-	A-	2.0	minor triad	(3, 8, 11)	E-	E-	4	None
887.5	0.25	296	['E-3', 'C-6']	['m6']	[False, True]	296.0	1.5	409.0	iv	False	('E-', 'A-', 'C-')	E-	A-	2.0	minor triad	(3, 8, 11)	E-	E-	4	None
887.75	0.25	296	['E-3', 'A-5']	['P4']	[False, True]	296.0	1.5	409.0	iv	False	('E-', 'A-', 'C-')	E-	A-	2.0	minor triad	(3, 8, 11)	E-	E-	4	None
888.0	0.25	297	['E-3', 'D5']	['M7']	[False, True]	297.0	1.5	410.0	viio7	True	('D', 'F', 'A-', 'C-')	D	D	0.0	diminished seventh chord	(2, 5, 8, 11)	E-	E-	7	None
888.25	0.25	297	['E-3', 'A-5']	['P4']	[False, True]	297.0	1.5	410.0	viio7	False	('D', 'F', 'A-', 'C-')	D	D	0.0	diminished seventh chord	(2, 5, 8, 11)	E-	E-	7	None
888.5	0.25	297	['E-3', 'C-6']	['m6']	[False, True]	297.0	1.5	410.0	viio7	False	('D', 'F', 'A-', 'C-')	D	D	0.0	diminished seventh chord	(2, 5, 8, 11)	E-	E-	7	None
888.75	0.25	297	['E-3', 'A-5']	['P4']	[False, True]	297.0	1.5	410.0	viio7	False	('D', 'F', 'A-', 'C-')	D	D	0.0	diminished seventh chord	(2, 5, 8, 11)	E-	E-	7	None
889.0	0.25	297	['E-3', 'C-6']	['m6']	[False, True]	297.0	1.5	410.0	viio7	False	('D', 'F', 'A-', 'C-')	D	D	0.0	diminished seventh chord	(2, 5, 8, 11)	E-	E-	7	None
889.25	0.25	297	['E-3', 'A-5']	['P4']	[False, True]	297.0	1.5	410.0	viio7	False	('D', 'F', 'A-', 'C-')	D	D	0.0	diminished seventh chord	(2, 5, 8, 11)	E-	E-	7	None
889.5	0.25	297	['E-2', 'D5']	['M7']	[True, True]	297.0	1.5	411.0	V7	True	('D', 'F', 'A-', 'B-')	D	B-	1.0	dominant seventh chord	(2, 5, 8, 10)	E-	E-	5	None
889.75	0.25	297	['E-2', 'A-5']	['P4']	[False, True]	297.0	1.5	411.0	V7	False	('D', 'F', 'A-', 'B-')	D	B-	1.0	dominant seventh chord	(2, 5, 8, 10)	E-	E-	5	None
890.0	0.25	297	['E-2', 'B-5']	['P5']	[False, True]	297.0	1.5	411.0	V7	False	('D', 'F', 'A-', 'B-')	D	B-	1.0	dominant seventh chord	(2, 5, 8, 10)	E-	E-	5	None
890.25	0.25	297	['E-2', 'A-5']	['P4']	[False, True]	297.0	1.5	411.0	V7	False	('D', 'F', 'A-', 'B-')	D	B-	1.0	dominant seventh chord	(2, 5, 8, 10)	E-	E-	5	None
890.5	0.25	297	['E-2', 'B-5']	['P5']	[False, True]	297.0	1.5	411.0	V7	False	('D', 'F', 'A-', 'B-')	D	B-	1.0	dominant seventh chord	(2, 5, 8, 10)	E-	E-	5	None
890.75	0.25	297	['E-2', 'A-5']	['P4']	[False, True]	297.0	1.5	411.0	V7	False	('D', 'F', 'A-', 'B-')	D	B-	1.0	dominant seventh chord	(2, 5, 8, 10)	E-	E-	5	None
891.0	0.25	298	['E-2', 'D5']	['M7']	[False, True]	298.0	3.0	412.0	V7	True	('D', 'F', 'A-', 'B-')	D	B-	1.0	dominant seventh chord	(2, 5, 8, 10)	E-	E-	5	None
891.25	0.25	298	['E-2', 'A-5']	['P4']	[False, True]	298.0	3.0	412.0	V7	False	('D', 'F', 'A-', 'B-')	D	B-	1.0	dominant seventh chord	(2, 5, 8, 10)	E-	E-	5	None
891.5	0.25	298	['E-2', 'B-5']	['P5']	[False, True]	298.0	3.0	412.0	V7	False	('D', 'F', 'A-', 'B-')	D	B-	1.0	dominant seventh chord	(2, 5, 8, 10)	E-	E-	5	None
891.75	0.25	298	['E-2', 'A-5']	['P4']	[False, True]	298.0	3.0	412.0	V7	False	('D', 'F', 'A-', 'B-')	D	B-	1.0	dominant seventh chord	(2, 5, 8, 10)	E-	E-	5	None
892.0	0.25	298	['E-2', 'B-5']	['P5']	[False, True]	298.0	3.0	412.0	V7	False	('D', 'F', 'A-', 'B-')	D	B-	1.0	dominant seventh chord	(2, 5, 8, 10)	E-	E-	5	None
892.25	0.25	298	['E-2', 'A-5']	['P4']	[False, True]	298.0	3.0	412.0	V7	False	('D', 'F', 'A-', 'B-')	D	B-	1.0	dominant seventh chord	(2, 5, 8, 10)	E-	E-	5	None
892.5	0.25	298	['E-2', 'D5']	['M7']	[False, True]	298.0	3.0	412.0	V7	False	('D', 'F', 'A-', 'B-')	D	B-	1.0	dominant seventh chord	(2, 5, 8, 10)	E-	E-	5	None
892.75	0.25	298	['E-2', 'A-5']	['P4']	[False, True]	298.0	3.0	412.0	V7	False	('D', 'F', 'A-', 'B-')	D	B-	1.0	dominant seventh chord	(2, 5, 8, 10)	E-	E-	5	None
893.0	0.25	298	['E-2', 'B-5']	['P5']	[False, True]	298.0	3.0	412.0	V7	False	('D', 'F', 'A-', 'B-')	D	B-	1.0	dominant seventh chord	(2, 5, 8, 10)	E-	E-	5	None
893.25	0.25	298	['E-2', 'A-5']	['P4']	[False, True]	298.0	3.0	412.0	V7	False	('D', 'F', 'A-', 'B-')	D	B-	1.0	dominant seventh chord	(2, 5, 8, 10)	E-	E-	5	None
893.5	0.25	298	['E-2', 'B-5']	['P5']	[False, True]	298.0	3.0	412.0	V7	False	('D', 'F', 'A-', 'B-')	D	B-	1.0	dominant seventh chord	(2, 5, 8, 10)	E-	E-	5	None
893.75	0.25	298	['E-2', 'A-5']	['P4']	[False, True]	298.0	3.0	412.0	V7	False	('D', 'F', 'A-', 'B-')	D	B-	1.0	dominant seventh chord	(2, 5, 8, 10)	E-	E-	5	None
894.0	0.25	299	['E-2', 'E-5']	['P1']	[False, True]	299.0	3.0	413.0	I	True	('E-', 'G', 'B-')	E-	E-	0.0	major triad	(3, 7, 10)	E-	E-	1	None
894.25	0.25	299	['E-2', 'G5']	['M3']	[False, True]	299.0	3.0	413.0	I	False	('E-', 'G', 'B-')	E-	E-	0.0	major triad	(3, 7, 10)	E-	E-	1	None
894.5	0.25	299	['E-2', 'B-5']	['P5']	[False, True]	299.0	3.0	413.0	I	False	('E-', 'G', 'B-')	E-	E-	0.0	major triad	(3, 7, 10)	E-	E-	1	None
894.75	0.25	299	['E-2', 'G5']	['M3']	[False, True]	299.0	3.0	413.0	I	False	('E-', 'G', 'B-')	E-	E-	0.0	major triad	(3, 7, 10)	E-	E-	1	None
895.0	0.25	299	['E-2', 'B-5']	['P5']	[False, True]	299.0	3.0	413.0	I	False	('E-', 'G', 'B-')	E-	E-	0.0	major triad	(3, 7, 10)	E-	E-	1	None
895.25	0.25	299	['E-2', 'G5']	['M3']	[False, True]	299.0	3.0	413.0	I	False	('E-', 'G', 'B-')	E-	E-	0.0	major triad	(3, 7, 10)	E-	E-	1	None
895.5	0.25	299	['E-3', 'G4']	['M3']	[True, True]	299.0	3.0	413.0	I	False	('E-', 'G', 'B-')	E-	E-	0.0	major triad	(3, 7, 10)	E-	E-	1	None
895.75	0.25	299	['E-3', 'E-5']	['P1']	[False, True]	299.0	3.0	413.0	I	False	('E-', 'G', 'B-')	E-	E-	0.0	major triad	(3, 7, 10)	E-	E-	1	None
896.0	0.25	299	['E-3', 'G5']	['M3']	[False, True]	299.0	3.0	413.0	I	False	('E-', 'G', 'B-')	E-	E-	0.0	major triad	(3, 7, 10)	E-	E-	1	None
896.25	0.25	299	['E-3', 'E-5']	['P1']	[False, True]	299.0	3.0	413.0	I	False	('E-', 'G', 'B-')	E-	E-	0.0	major triad	(3, 7, 10)	E-	E-	1	None
896.5	0.25	299	['E-3', 'G5']	['M3']	[False, True]	299.0	3.0	413.0	I	False	('E-', 'G', 'B-')	E-	E-	0.0	major triad	(3, 7, 10)	E-	E-	1	None
896.75	0.25	299	['E-3', 'E-5']	['P1']	[False, True]	299.0	3.0	413.0	I	False	('E-', 'G', 'B-')	E-	E-	0.0	major triad	(3, 7, 10)	E-	E-	1	None
897.0	0.25	300	['E-3', 'G4']	['M3']	[False, True]	300.0	1.5	414.0	viio7/IV	True	('G', 'B-', 'D-', 'F-')	G	G	0.0	diminished seventh chord	(1, 4, 7, 10)	E-	A-	7	4
897.25	0.25	300	['E-3', 'F-5']	['m2']	[False, True]	300.0	1.5	414.0	viio7/IV	False	('G', 'B-', 'D-', 'F-')	G	G	0.0	diminished seventh chord	(1, 4, 7, 10)	E-	A-	7	4
897.5	0.25	300	['E-3', 'G5']	['M3']	[False, True]	300.0	1.5	414.0	viio7/IV	False	('G', 'B-', 'D-', 'F-')	G	G	0.0	diminished seventh chord	(1, 4, 7, 10)	E-	A-	7	4
897.75	0.25	300	['E-3', 'F-5']	['m2']	[False, True]	300.0	1.5	414.0	viio7/IV	False	('G', 'B-', 'D-', 'F-')	G	G	0.0	diminished seventh chord	(1, 4, 7, 10)	E-	A-	7	4
898.0	0.25	300	['E-3', 'G5']	['M3']	[False, True]	300.0	1.5	414.0	viio7/IV	False	('G', 'B-', 'D-', 'F-')	G	G	0.0	diminished seventh chord	(1, 4, 7, 10)	E-	A-	7	4
898.25	0.25	300	['E-3', 'F-5']	['m2']	[False, True]	300.0	1.5	414.0	viio7/IV	False	('G', 'B-', 'D-', 'F-')	G	G	0.0	diminished seventh chord	(1, 4, 7, 10)	E-	A-	7	4
898.5	0.25	300	['E-3', 'G4']	['M3']	[False, True]	300.0	1.5	415.0	I	True	('E-', 'G', 'B-')	E-	E-	0.0	major triad	(3, 7, 10)	E-	E-	1	None
898.75	0.25	300	['E-3', 'E-5']	['P1']	[False, True]	300.0	1.5	415.0	I	False	('E-', 'G', 'B-')	E-	E-	0.0	major triad	(3, 7, 10)	E-	E-	1	None
899.0	0.25	300	['E-3', 'G5']	['M3']	[False, True]	300.0	1.5	415.0	I	False	('E-', 'G', 'B-')	E-	E-	0.0	major triad	(3, 7, 10)	E-	E-	1	None
899.25	0.25	300	['E-3', 'E-5']	['P1']	[False, True]	300.0	1.5	415.0	I	False	('E-', 'G', 'B-')	E-	E-	0.0	major triad	(3, 7, 10)	E-	E-	1	None
899.5	0.25	300	['E-3', 'G5']	['M3']	[False, True]	300.0	1.5	415.0	I	False	('E-', 'G', 'B-')	E-	E-	0.0	major triad	(3, 7, 10)	E-	E-	1	None
899.75	0.25	300	['E-3', 'E-5']	['P1']	[False, True]	300.0	1.5	415.0	I	False	('E-', 'G', 'B-')	E-	E-	0.0	major triad	(3, 7, 10)	E-	E-	1	None
900.0	0.25	301	['E-3', 'G4']	['M3']	[False, True]	301.0	1.5	416.0	V7/IV	True	('G', 'B-', 'D-', 'E-')	G	E-	1.0	dominant seventh chord	(1, 3, 7, 10)	E-	A-	5	4
900.25	0.25	301	['E-3', 'D-5']	['m7']	[False, True]	301.0	1.5	416.0	V7/IV	False	('G', 'B-', 'D-', 'E-')	G	E-	1.0	dominant seventh chord	(1, 3, 7, 10)	E-	A-	5	4
900.5	0.25	301	['E-3', 'G5']	['M3']	[False, True]	301.0	1.5	416.0	V7/IV	False	('G', 'B-', 'D-', 'E-')	G	E-	1.0	dominant seventh chord	(1, 3, 7, 10)	E-	A-	5	4
900.75	0.25	301	['E-3', 'D-5']	['m7']	[False, True]	301.0	1.5	416.0	V7/IV	False	('G', 'B-', 'D-', 'E-')	G	E-	1.0	dominant seventh chord	(1, 3, 7, 10)	E-	A-	5	4
901.0	0.25	301	['E-3', 'G5']	['M3']	[False, True]	301.0	1.5	416.0	V7/IV	False	('G', 'B-', 'D-', 'E-')	G	E-	1.0	dominant seventh chord	(1, 3, 7, 10)	E-	A-	5	4
901.25	0.25	301	['E-3', 'D-5']	['m7']	[False, True]	301.0	1.5	416.0	V7/IV	False	('G', 'B-', 'D-', 'E-')	G	E-	1.0	dominant seventh chord	(1, 3, 7, 10)	E-	A-	5	4
901.5	0.25	301	['E-4', 'G4']	['M3']	[True, True]	301.0	1.5	417.0	I	True	('E-', 'G', 'B-')	E-	E-	0.0	major triad	(3, 7, 10)	E-	E-	1	None
901.75	0.25	301	['E-4', 'E-5']	['P1']	[False, True]	301.0	1.5	417.0	I	False	('E-', 'G', 'B-')	E-	E-	0.0	major triad	(3, 7, 10)	E-	E-	1	None
902.0	0.25	301	['E-4', 'G5']	['M3']	[False, True]	301.0	1.5	417.0	I	False	('E-', 'G', 'B-')	E-	E-	0.0	major triad	(3, 7, 10)	E-	E-	1	None
902.25	0.25	301	['E-4', 'E-5']	['P1']	[False, True]	301.0	1.5	417.0	I	False	('E-', 'G', 'B-')	E-	E-	0.0	major triad	(3, 7, 10)	E-	E-	1	None
902.5	0.25	301	['E-4', 'G5']	['M3']	[False, True]	301.0	1.5	417.0	I	False	('E-', 'G', 'B-')	E-	E-	0.0	major triad	(3, 7, 10)	E-	E-	1	None
902.75	0.25	301	['E-4', 'E-5']	['P1']	[False, True]	301.0	1.5	417.0	I	False	('E-', 'G', 'B-')	E-	E-	0.0	major triad	(3, 7, 10)	E-	E-	1	None
903.0	0.25	302	['E-4', 'G4']	['M3']	[False, True]	302.0	1.5	418.0	viio7/IV	True	('G', 'B-', 'D-', 'F-')	G	G	0.0	diminished seventh chord	(1, 4, 7, 10)	E-	A-	7	4
903.25	0.25	302	['E-4', 'F-5']	['m2']	[False, True]	302.0	1.5	418.0	viio7/IV	False	('G', 'B-', 'D-', 'F-')	G	G	0.0	diminished seventh chord	(1, 4, 7, 10)	E-	A-	7	4
903.5	0.25	302	['E-4', 'G5']	['M3']	[False, True]	302.0	1.5	418.0	viio7/IV	False	('G', 'B-', 'D-', 'F-')	G	G	0.0	diminished seventh chord	(1, 4, 7, 10)	E-	A-	7	4
903.75	0.25	302	['E-4', 'F-5']	['m2']	[False, True]	302.0	1.5	418.0	viio7/IV	False	('G', 'B-', 'D-', 'F-')	G	G	0.0	diminished seventh chord	(1, 4, 7, 10)	E-	A-	7	4
904.0	0.25	302	['E-4', 'G5']	['M3']	[False, True]	302.0	1.5	418.0	viio7/IV	False	('G', 'B-', 'D-', 'F-')	G	G	0.0	diminished seventh chord	(1, 4, 7, 10)	E-	A-	7	4
904.25	0.25	302	['E-4', 'F-5']	['m2']	[False, True]	302.0	1.5	418.0	viio7/IV	False	('G', 'B-', 'D-', 'F-')	G	G	0.0	diminished seventh chord	(1, 4, 7, 10)	E-	A-	7	4
904.5	0.25	302	['E-4', 'G4']	['M3']	[False, True]	302.0	1.5	419.0	V7/IV	True	('G', 'B-', 'D-', 'E-')	G	E-	1.0	dominant seventh chord	(1, 3, 7, 10)	E-	A-	5	4
904.75	0.25	302	['E-4', 'D-5']	['m7']	[False, True]	302.0	1.5	419.0	V7/IV	False	('G', 'B-', 'D-', 'E-')	G	E-	1.0	dominant seventh chord	(1, 3, 7, 10)	E-	A-	5	4
905.0	0.25	302	['E-4', 'G5']	['M3']	[False, True]	302.0	1.5	419.0	V7/IV	False	('G', 'B-', 'D-', 'E-')	G	E-	1.0	dominant seventh chord	(1, 3, 7, 10)	E-	A-	5	4
905.25	0.25	302	['E-4', 'D-5']	['m7']	[False, True]	302.0	1.5	419.0	V7/IV	False	('G', 'B-', 'D-', 'E-')	G	E-	1.0	dominant seventh chord	(1, 3, 7, 10)	E-	A-	5	4
905.5	0.25	302	['E-4', 'G5']	['M3']	[False, True]	302.0	1.5	419.0	V7/IV	False	('G', 'B-', 'D-', 'E-')	G	E-	1.0	dominant seventh chord	(1, 3, 7, 10)	E-	A-	5	4
905.75	0.25	302	['E-4', 'D-5']	['m7']	[False, True]	302.0	1.5	419.0	V7/IV	False	('G', 'B-', 'D-', 'E-')	G	E-	1.0	dominant seventh chord	(1, 3, 7, 10)	E-	A-	5	4
906.0	0.25	303	['E-4', 'A-4']	['P4']	[False, True]	303.0	1.5	420.0	IV	True	('A-', 'C', 'E-')	A-	A-	0.0	major triad	(0, 3, 8)	E-	E-	4	None
906.25	0.25	303	['E-4', 'C5']	['M6']	[False, True]	303.0	1.5	420.0	IV	False	('A-', 'C', 'E-')	A-	A-	0.0	major triad	(0, 3, 8)	E-	E-	4	None
906.5	0.25	303	['E-4', 'A-5']	['P4']	[False, True]	303.0	1.5	420.0	IV	False	('A-', 'C', 'E-')	A-	A-	0.0	major triad	(0, 3, 8)	E-	E-	4	None
906.75	0.25	303	['E-4', 'C5']	['M6']	[False, True]	303.0	1.5	420.0	IV	False	('A-', 'C', 'E-')	A-	A-	0.0	major triad	(0, 3, 8)	E-	E-	4	None
907.0	0.25	303	['E-4', 'A-5']	['P4']	[False, True]	303.0	1.5	420.0	IV	False	('A-', 'C', 'E-')	A-	A-	0.0	major triad	(0, 3, 8)	E-	E-	4	None
907.25	0.25	303	['E-4', 'C5']	['M6']	[False, True]	303.0	1.5	420.0	IV	False	('A-', 'C', 'E-')	A-	A-	0.0	major triad	(0, 3, 8)	E-	E-	4	None
907.5	0.25	303	['E-3', 'A-4']	['P4']	[True, True]	303.0	1.5	421.0	iv	True	('A-', 'C-', 'E-')	A-	A-	0.0	minor triad	(3, 8, 11)	E-	E-	4	None
907.75	0.25	303	['E-3', 'C-5']	['m6']	[False, True]	303.0	1.5	421.0	iv	False	('A-', 'C-', 'E-')	A-	A-	0.0	minor triad	(3, 8, 11)	E-	E-	4	None
908.0	0.25	303	['E-3', 'A-5']	['P4']	[False, True]	303.0	1.5	421.0	iv	False	('A-', 'C-', 'E-')	A-	A-	0.0	minor triad	(3, 8, 11)	E-	E-	4	None
908.25	0.25	303	['E-3', 'C-5']	['m6']	[False, True]	303.0	1.5	421.0	iv	False	('A-', 'C-', 'E-')	A-	A-	0.0	minor triad	(3, 8, 11)	E-	E-	4	None
908.5	0.25	303	['E-3', 'A-5']	['P4']	[False, True]	303.0	1.5	421.0	iv	False	('A-', 'C-', 'E-')	A-	A-	0.0	minor triad	(3, 8, 11)	E-	E-	4	None
908.75	0.25	303	['E-3', 'C-5']	['m6']	[False, True]	303.0	1.5	421.0	iv	False	('A-', 'C-', 'E-')	A-	A-	0.0	minor triad	(3, 8, 11)	E-	E-	4	None
909.0	0.25	304	['E-3', 'A-4']	['P4']	[False, True]	304.0	3.0	422.0	I	True	('E-', 'G', 'B-')	E-	E-	0.0	major triad	(3, 7, 10)	E-	E-	1	None
909.25	0.25	304	['E-3', 'B-4']	['P5']	[False, True]	304.0	3.0	422.0	I	False	('E-', 'G', 'B-')	E-	E-	0.0	major triad	(3, 7, 10)	E-	E-	1	None
909.5	0.25	304	['E-3', 'E-5']	['P1']	[False, True]	304.0	3.0	422.0	I	False	('E-', 'G', 'B-')	E-	E-	0.0	major triad	(3, 7, 10)	E-	E-	1	None
909.75	0.25	304	['E-3', 'B-4']	['P5']	[False, True]	304.0	3.0	422.0	I	False	('E-', 'G', 'B-')	E-	E-	0.0	major triad	(3, 7, 10)	E-	E-	1	None
910.0	0.25	304	['E-3', 'E-5']	['P1']	[False, True]	304.0	3.0	422.0	I	False	('E-', 'G', 'B-')	E-	E-	0.0	major triad	(3, 7, 10)	E-	E-	1	None
910.25	0.25	304	['E-3', 'B-4']	['P5']	[False, True]	304.0	3.0	422.0	I	False	('E-', 'G', 'B-')	E-	E-	0.0	major triad	(3, 7, 10)	E-	E-	1	None
910.5	0.25	304	['E-3', 'G4']	['M3']	[False, True]	304.0	3.0	422.0	I	False	('E-', 'G', 'B-')	E-	E-	0.0	major triad	(3, 7, 10)	E-	E-	1	None
910.75	0.25	304	['E-3', 'B-4']	['P5']	[False, True]	304.0	3.0	422.0	I	False	('E-', 'G', 'B-')	E-	E-	0.0	major triad	(3, 7, 10)	E-	E-	1	None
911.0	0.25	304	['E-3', 'E-5']	['P1']	[False, True]	304.0	3.0	422.0	I	False	('E-', 'G', 'B-')	E-	E-	0.0	major triad	(3, 7, 10)	E-	E-	1	None
911.25	0.25	304	['E-3', 'B-4']	['P5']	[False, True]	304.0	3.0	422.0	I	False	('E-', 'G', 'B-')	E-	E-	0.0	major triad	(3, 7, 10)	E-	E-	1	None
911.5	0.25	304	['E-3', 'E-5']	['P1']	[False, True]	304.0	3.0	422.0	I	False	('E-', 'G', 'B-')	E-	E-	0.0	major triad	(3, 7, 10)	E-	E-	1	None
911.75	0.25	304	['E-3', 'B-4']	['P5']	[False, True]	304.0	3.0	422.0	I	False	('E-', 'G', 'B-')	E-	E-	0.0	major triad	(3, 7, 10)	E-	E-	1	None
912.0	0.25	305	['E-3', 'F4']	['M2']	[False, True]	305.0	1.5	423.0	ii7	True	('F', 'A-', 'C', 'E-')	F	F	0.0	minor seventh chord	(0, 3, 5, 8)	E-	E-	2	None
912.25	0.25	305	['E-3', 'A-4']	['P4']	[False, True]	305.0	1.5	423.0	ii7	False	('F', 'A-', 'C', 'E-')	F	F	0.0	minor seventh chord	(0, 3, 5, 8)	E-	E-	2	None
912.5	0.25	305	['E-3', 'E-5']	['P1']	[False, True]	305.0	1.5	423.0	ii7	False	('F', 'A-', 'C', 'E-')	F	F	0.0	minor seventh chord	(0, 3, 5, 8)	E-	E-	2	None
912.75	0.25	305	['E-3', 'A-4']	['P4']	[False, True]	305.0	1.5	423.0	ii7	False	('F', 'A-', 'C', 'E-')	F	F	0.0	minor seventh chord	(0, 3, 5, 8)	E-	E-	2	None
913.0	0.25	305	['E-3', 'E-5']	['P1']	[False, True]	305.0	1.5	423.0	ii7	False	('F', 'A-', 'C', 'E-')	F	F	0.0	minor seventh chord	(0, 3, 5, 8)	E-	E-	2	None
913.25	0.25	305	['E-3', 'A-4']	['P4']	[False, True]	305.0	1.5	423.0	ii7	False	('F', 'A-', 'C', 'E-')	F	F	0.0	minor seventh chord	(0, 3, 5, 8)	E-	E-	2	None
913.5	0.25	305	['E-2', 'F4']	['M2']	[True, True]	305.0	1.5	424.0	viio	True	('F', 'A-', 'D')	F	D	1.0	diminished triad	(2, 5, 8)	E-	E-	7	None
913.75	0.25	305	['E-2', 'A-4']	['P4']	[False, True]	305.0	1.5	424.0	viio	False	('F', 'A-', 'D')	F	D	1.0	diminished triad	(2, 5, 8)	E-	E-	7	None
914.0	0.25	305	['E-2', 'D5']	['M7']	[False, True]	305.0	1.5	424.0	viio	False	('F', 'A-', 'D')	F	D	1.0	diminished triad	(2, 5, 8)	E-	E-	7	None
914.25	0.25	305	['E-2', 'A-4']	['P4']	[False, True]	305.0	1.5	424.0	viio	False	('F', 'A-', 'D')	F	D	1.0	diminished triad	(2, 5, 8)	E-	E-	7	None
914.5	0.25	305	['E-2', 'D5']	['M7']	[False, True]	305.0	1.5	424.0	viio	False	('F', 'A-', 'D')	F	D	1.0	diminished triad	(2, 5, 8)	E-	E-	7	None
914.75	0.25	305	['E-2', 'A-4']	['P4']	[False, True]	305.0	1.5	424.0	viio	False	('F', 'A-', 'D')	F	D	1.0	diminished triad	(2, 5, 8)	E-	E-	7	None
915.0	0.25	306	['E-2', 'F4']	['M2']	[False, True]	306.0	1.5	425.0	V	True	('F', 'B-', 'D')	F	B-	2.0	major triad	(2, 5, 10)	E-	E-	5	None
915.25	0.25	306	['E-2', 'B-4']	['P5']	[False, True]	306.0	1.5	425.0	V	False	('F', 'B-', 'D')	F	B-	2.0	major triad	(2, 5, 10)	E-	E-	5	None
915.5	0.25	306	['E-2', 'D5']	['M7']	[False, True]	306.0	1.5	425.0	V	False	('F', 'B-', 'D')	F	B-	2.0	major triad	(2, 5, 10)	E-	E-	5	None
915.75	0.25	306	['E-2', 'B-4']	['P5']	[False, True]	306.0	1.5	425.0	V	False	('F', 'B-', 'D')	F	B-	2.0	major triad	(2, 5, 10)	E-	E-	5	None
916.0	0.25	306	['E-2', 'D5']	['M7']	[False, True]	306.0	1.5	425.0	V	False	('F', 'B-', 'D')	F	B-	2.0	major triad	(2, 5, 10)	E-	E-	5	None
916.25	0.25	306	['E-2', 'B-4']	['P5']	[False, True]	306.0	1.5	425.0	V	False	('F', 'B-', 'D')	F	B-	2.0	major triad	(2, 5, 10)	E-	E-	5	None
916.5	0.25	306	['E-2', 'F4']	['M2']	[False, True]	306.0	1.5	426.0	viio7	True	('F', 'A-', 'C-', 'D')	F	D	1.0	diminished seventh chord	(2, 5, 8, 11)	E-	E-	7	None
916.75	0.25	306	['E-2', 'A-4', 'C-5']	['P4', 'm6']	[False, True, True]	306.0	1.5	426.0	viio7	False	('F', 'A-', 'C-', 'D')	F	D	1.0	diminished seventh chord	(2, 5, 8, 11)	E-	E-	7	None
917.0	0.25	306	['E-2', 'D5']	['M7']	[False, True]	306.0	1.5	426.0	viio7	False	('F', 'A-', 'C-', 'D')	F	D	1.0	diminished seventh chord	(2, 5, 8, 11)	E-	E-	7	None
917.25	0.25	306	['E-2', 'A-4', 'C-5']	['P4', 'm6']	[False, True, True]	306.0	1.5	426.0	viio7	False	('F', 'A-', 'C-', 'D')	F	D	1.0	diminished seventh chord	(2, 5, 8, 11)	E-	E-	7	None
917.5	0.25	306	['E-2', 'D5']	['M7']	[False, True]	306.0	1.5	426.0	viio7	False	('F', 'A-', 'C-', 'D')	F	D	1.0	diminished seventh chord	(2, 5, 8, 11)	E-	E-	7	None
917.75	0.25	306	['E-2', 'A-4', 'C-5']	['P4', 'm6']	[False, True, True]	306.0	1.5	426.0	viio7	False	('F', 'A-', 'C-', 'D')	F	D	1.0	diminished seventh chord	(2, 5, 8, 11)	E-	E-	7	None
918.0	1.0	307	['E-2', 'E-3', 'G4', 'B-4', 'E-5']	['P1', 'M3', 'P5', 'P1']	[False, True, True, True, True]	307.0	3.0	427.0	I	True	('E-', 'G', 'B-')	E-	E-	0.0	major triad	(3, 7, 10)	E-	E-	1	None
919.0	0.5	307	['G3', 'G4']	['P1']	[True, True]	307.0	3.0	427.0	I	False	('E-', 'G', 'B-')	E-	E-	0.0	major triad	(3, 7, 10)	E-	E-	1	None
919.5	1.0	307	['G3', 'G4']	['P1']	[False, False]	307.0	3.0	427.0	I	False	('E-', 'G', 'B-')	E-	E-	0.0	major triad	(3, 7, 10)	E-	E-	1	None
920.5	0.5	307	['E-3', 'E-4']	['P1']	[True, True]	307.0	3.0	427.0	I	False	('E-', 'G', 'B-')	E-	E-	0.0	major triad	(3, 7, 10)	E-	E-	1	None
921.0	1.0	308	['B-2', 'B-3']	['P1']	[True, True]	308.0	1.0	428.0	I	True	('E-', 'G', 'B-')	E-	E-	0.0	major triad	(3, 7, 10)	E-	E-	1	None
922.0	0.5	308	['B-3', 'D4', 'A-4', 'F5']	['M3', 'm7', 'P5']	[True, True, True, True]	308.0	2.0	429.0	V7	True	('B-', 'D', 'F', 'A-')	B-	B-	0.0	dominant seventh chord	(2, 5, 8, 10)	E-	E-	5	None
922.5	1.0	308	['B-3', 'D4', 'A-4', 'F5']	['M3', 'm7', 'P5']	[False, False, False, False]	308.0	2.0	429.0	V7	False	('B-', 'D', 'F', 'A-')	B-	B-	0.0	dominant seventh chord	(2, 5, 8, 10)	E-	E-	5	None
923.5	0.5	308	['B-3', 'F4', 'A-4', 'D5']	['P5', 'm7', 'M3']	[False, True, False, True]	308.0	2.0	429.0	V7	False	('B-', 'D', 'F', 'A-')	B-	B-	0.0	dominant seventh chord	(2, 5, 8, 10)	E-	E-	5	None
924.0	1.0	309	['E-3', 'E-4', 'E-5']	['P1', 'P1']	[True, True, True]	309.0	3.0	430.0	I	True	('E-', 'G', 'B-')	E-	E-	0.0	major triad	(3, 7, 10)	E-	E-	1	None
925.0	0.5	309	['G3', 'G4']	['P1']	[True, True]	309.0	3.0	430.0	I	False	('E-', 'G', 'B-')	E-	E-	0.0	major triad	(3, 7, 10)	E-	E-	1	None
925.5	1.0	309	['G3', 'G4']	['P1']	[False, False]	309.0	3.0	430.0	I	False	('E-', 'G', 'B-')	E-	E-	0.0	major triad	(3, 7, 10)	E-	E-	1	None
926.5	0.5	309	['E-3', 'E-4']	['P1']	[True, True]	309.0	3.0	430.0	I	False	('E-', 'G', 'B-')	E-	E-	0.0	major triad	(3, 7, 10)	E-	E-	1	None
927.0	1.0	310	['B-2', 'B-3']	['P1']	[True, True]	310.0	1.0	431.0	I	True	('E-', 'G', 'B-')	E-	E-	0.0	major triad	(3, 7, 10)	E-	E-	1	None
928.0	0.5	310	['B-3', 'F4', 'A-4', 'A-5']	['P5', 'm7', 'm7']	[True, True, True, True]	310.0	2.0	432.0	V7	True	('B-', 'D', 'F', 'A-')	B-	B-	0.0	dominant seventh chord	(2, 5, 8, 10)	E-	E-	5	None
928.5	1.0	310	['B-3', 'F4', 'A-4', 'A-5']	['P5', 'm7', 'm7']	[False, False, False, False]	310.0	2.0	432.0	V7	False	('B-', 'D', 'F', 'A-')	B-	B-	0.0	dominant seventh chord	(2, 5, 8, 10)	E-	E-	5	None
929.5	0.5	310	['B-3', 'D4', 'A-4', 'F5']	['M3', 'm7', 'P5']	[False, True, False, True]	310.0	2.0	432.0	V7	False	('B-', 'D', 'F', 'A-')	B-	B-	0.0	dominant seventh chord	(2, 5, 8, 10)	E-	E-	5	None
930.0	1.0	311	['E-3', 'E-4', 'G5']	['P1', 'M3']	[True, True, True]	311.0	3.0	433.0	I	True	('E-', 'G', 'B-')	E-	E-	0.0	major triad	(3, 7, 10)	E-	E-	1	None
931.0	0.5	311	['G3', 'G4']	['P1']	[True, True]	311.0	3.0	433.0	I	False	('E-', 'G', 'B-')	E-	E-	0.0	major triad	(3, 7, 10)	E-	E-	1	None
931.5	1.0	311	['G3', 'G4']	['P1']	[False, False]	311.0	3.0	433.0	I	False	('E-', 'G', 'B-')	E-	E-	0.0	major triad	(3, 7, 10)	E-	E-	1	None
932.5	0.5	311	['E-3', 'E-4']	['P1']	[True, True]	311.0	3.0	433.0	I	False	('E-', 'G', 'B-')	E-	E-	0.0	major triad	(3, 7, 10)	E-	E-	1	None
933.0	1.0	312	['B-2', 'B-3']	['P1']	[True, True]	312.0	1.0	434.0	I	True	('E-', 'G', 'B-')	E-	E-	0.0	major triad	(3, 7, 10)	E-	E-	1	None
934.0	0.5	312	['B-1', 'B-2', 'F5', 'A-5', 'F6']	['P1', 'P5', 'm7', 'P5']	[True, True, True, True, True]	312.0	2.0	435.0	V7	True	('B-', 'D', 'F', 'A-')	B-	B-	0.0	dominant seventh chord	(2, 5, 8, 10)	E-	E-	5	None
934.5	1.0	312	['B-1', 'B-2', 'F5', 'A-5', 'F6']	['P1', 'P5', 'm7', 'P5']	[False, False, False, False, False]	312.0	2.0	435.0	V7	False	('B-', 'D', 'F', 'A-')	B-	B-	0.0	dominant seventh chord	(2, 5, 8, 10)	E-	E-	5	None
935.5	0.5	312	['B-1', 'B-2', 'F5', 'A-5', 'D6']	['P1', 'P5', 'm7', 'M3']	[True, True, True, True, True]	312.0	2.0	435.0	V7	False	('B-', 'D', 'F', 'A-')	B-	B-	0.0	dominant seventh chord	(2, 5, 8, 10)	E-	E-	5	None
936.0	0.5	313	['B1', 'F5', 'A-5', 'D6', 'F6']	['d5', 'd7', 'm3', 'd5']	[True, True, True, True, True]	313.0	3.0	436.0	viio7/vi	True	('B', 'D', 'F', 'A-')	B	B	0.0	diminished seventh chord	(2, 5, 8, 11)	E-	c	#7	6
936.5	0.5	313	['B2', 'F5', 'A-5', 'D6', 'F6']	['d5', 'd7', 'm3', 'd5']	[True, False, False, False, False]	313.0	3.0	436.0	viio7/vi	False	('B', 'D', 'F', 'A-')	B	B	0.0	diminished seventh chord	(2, 5, 8, 11)	E-	c	#7	6
937.0	0.5	313	['B2', 'F5', 'A-5', 'D6', 'F6']	['d5', 'd7', 'm3', 'd5']	[True, False, False, False, False]	313.0	3.0	436.0	viio7/vi	False	('B', 'D', 'F', 'A-')	B	B	0.0	diminished seventh chord	(2, 5, 8, 11)	E-	c	#7	6
937.5	0.5	313	['B2', 'F5', 'A-5', 'D6', 'F6']	['d5', 'd7', 'm3', 'd5']	[True, False, False, False, False]	313.0	3.0	436.0	viio7/vi	False	('B', 'D', 'F', 'A-')	B	B	0.0	diminished seventh chord	(2, 5, 8, 11)	E-	c	#7	6
938.0	0.5	313	['B2', 'F5', 'A-5', 'D6', 'F6']	['d5', 'd7', 'm3', 'd5']	[True, False, False, False, False]	313.0	3.0	436.0	viio7/vi	False	('B', 'D', 'F', 'A-')	B	B	0.0	diminished seventh chord	(2, 5, 8, 11)	E-	c	#7	6
938.5	0.5	313	['B2', 'F5', 'A-5', 'D6', 'F6']	['d5', 'd7', 'm3', 'd5']	[True, False, False, False, False]	313.0	3.0	436.0	viio7/vi	False	('B', 'D', 'F', 'A-')	B	B	0.0	diminished seventh chord	(2, 5, 8, 11)	E-	c	#7	6
939.0	0.5	314	['B2', 'F5', 'A-5', 'D6', 'F6']	['d5', 'd7', 'm3', 'd5']	[True, False, False, False, False]	314.0	3.0	437.0	viio7/vi	True	('B', 'D', 'F', 'A-')	B	B	0.0	diminished seventh chord	(2, 5, 8, 11)	E-	c	#7	6
939.5	0.5	314	['B2', 'F5', 'A-5', 'D6', 'F6']	['d5', 'd7', 'm3', 'd5']	[True, False, False, False, False]	314.0	3.0	437.0	viio7/vi	False	('B', 'D', 'F', 'A-')	B	B	0.0	diminished seventh chord	(2, 5, 8, 11)	E-	c	#7	6
940.0	0.5	314	['B2', 'F5', 'A-5', 'D6']	['d5', 'd7', 'm3']	[True, True, True, True]	314.0	3.0	437.0	viio7/vi	False	('B', 'D', 'F', 'A-')	B	B	0.0	diminished seventh chord	(2, 5, 8, 11)	E-	c	#7	6
940.5	0.5	314	['B2', 'F5', 'A-5', 'D6', 'F6']	['d5', 'd7', 'm3', 'd5']	[True, True, True, True, True]	314.0	3.0	437.0	viio7/vi	False	('B', 'D', 'F', 'A-')	B	B	0.0	diminished seventh chord	(2, 5, 8, 11)	E-	c	#7	6
941.0	0.5	314	['B2', 'F5', 'A-5', 'D6', 'F6']	['d5', 'd7', 'm3', 'd5']	[True, False, False, False, False]	314.0	3.0	437.0	viio7/vi	False	('B', 'D', 'F', 'A-')	B	B	0.0	diminished seventh chord	(2, 5, 8, 11)	E-	c	#7	6
941.5	0.5	314	['B2', 'F5', 'A-5', 'D6']	['d5', 'd7', 'm3']	[True, True, True, True]	314.0	3.0	437.0	viio7/vi	False	('B', 'D', 'F', 'A-')	B	B	0.0	diminished seventh chord	(2, 5, 8, 11)	E-	c	#7	6
942.0	0.5	315	['C2', 'E-5', 'G5', 'C6', 'E-6']	['m3', 'P5', 'P1', 'm3']	[True, True, True, True, True]	315.0	3.0	438.0	vi	True	('C', 'E-', 'G')	C	C	0.0	minor triad	(0, 3, 7)	E-	E-	6	None
942.5	0.5	315	['C3', 'E-5', 'G5', 'C6', 'E-6']	['m3', 'P5', 'P1', 'm3']	[True, False, False, False, False]	315.0	3.0	438.0	vi	False	('C', 'E-', 'G')	C	C	0.0	minor triad	(0, 3, 7)	E-	E-	6	None
943.0	0.5	315	['C3', 'E-5', 'G5', 'C6', 'E-6']	['m3', 'P5', 'P1', 'm3']	[True, False, False, False, False]	315.0	3.0	438.0	vi	False	('C', 'E-', 'G')	C	C	0.0	minor triad	(0, 3, 7)	E-	E-	6	None
943.5	0.5	315	['C3', 'E-5', 'G5', 'C6', 'E-6']	['m3', 'P5', 'P1', 'm3']	[True, False, False, False, False]	315.0	3.0	438.0	vi	False	('C', 'E-', 'G')	C	C	0.0	minor triad	(0, 3, 7)	E-	E-	6	None
944.0	0.5	315	['C3', 'E-5', 'G5', 'C6', 'E-6']	['m3', 'P5', 'P1', 'm3']	[True, False, False, False, False]	315.0	3.0	438.0	vi	False	('C', 'E-', 'G')	C	C	0.0	minor triad	(0, 3, 7)	E-	E-	6	None
944.5	0.5	315	['C3', 'E-5', 'G5', 'C6', 'E-6']	['m3', 'P5', 'P1', 'm3']	[True, False, False, False, False]	315.0	3.0	438.0	vi	False	('C', 'E-', 'G')	C	C	0.0	minor triad	(0, 3, 7)	E-	E-	6	None
945.0	0.5	316	['C3', 'C5', 'E-5', 'G5', 'C6']	['P1', 'm3', 'P5', 'P1']	[True, True, True, True, True]	316.0	2.5	439.0	vi	True	('C', 'E-', 'G')	C	C	0.0	minor triad	(0, 3, 7)	E-	E-	6	None
945.5	0.5	316	['C3', 'C5', 'E-5', 'G5', 'C6']	['P1', 'm3', 'P5', 'P1']	[True, False, False, False, False]	316.0	2.5	439.0	vi	False	('C', 'E-', 'G')	C	C	0.0	minor triad	(0, 3, 7)	E-	E-	6	None
946.0	0.5	316	['C3']	[]	[True]	316.0	2.5	439.0	vi	False	('C', 'E-', 'G')	C	C	0.0	minor triad	(0, 3, 7)	E-	E-	6	None
946.5	0.5	316	['C3']	[]	[True]	316.0	2.5	439.0	vi	False	('C', 'E-', 'G')	C	C	0.0	minor triad	(0, 3, 7)	E-	E-	6	None
947.0	0.5	316	['C3']	[]	[True]	316.0	2.5	439.0	vi	False	('C', 'E-', 'G')	C	C	0.0	minor triad	(0, 3, 7)	E-	E-	6	None
947.5	0.5	316	['C3', 'B-4', 'C5', 'E5', 'G5']	['m7', 'P1', 'M3', 'P5']	[True, True, True, True, True]	316.0	0.5	440.0	V7/ii	True	('C', 'E', 'G', 'B-')	C	C	0.0	dominant seventh chord	(0, 4, 7, 10)	E-	f	5	2
948.0	0.5	317	['F2', 'A-4', 'C5', 'F5', 'A-5']	['m3', 'P5', 'P1', 'm3']	[True, True, True, True, True]	317.0	3.0	441.0	ii	True	('F', 'A-', 'C')	F	F	0.0	minor triad	(0, 5, 8)	E-	E-	2	None
948.5	0.5	317	['F3', 'A-4', 'C5', 'F5', 'A-5']	['m3', 'P5', 'P1', 'm3']	[True, False, False, False, False]	317.0	3.0	441.0	ii	False	('F', 'A-', 'C')	F	F	0.0	minor triad	(0, 5, 8)	E-	E-	2	None
949.0	0.5	317	['F3', 'A-4', 'C5', 'F5', 'A-5']	['m3', 'P5', 'P1', 'm3']	[True, False, False, False, False]	317.0	3.0	441.0	ii	False	('F', 'A-', 'C')	F	F	0.0	minor triad	(0, 5, 8)	E-	E-	2	None
949.5	0.5	317	['F3', 'A-4', 'C5', 'F5', 'A-5']	['m3', 'P5', 'P1', 'm3']	[True, False, False, False, False]	317.0	3.0	441.0	ii	False	('F', 'A-', 'C')	F	F	0.0	minor triad	(0, 5, 8)	E-	E-	2	None
950.0	0.5	317	['F3', 'A-4', 'C5', 'F5', 'A-5']	['m3', 'P5', 'P1', 'm3']	[True, False, False, False, False]	317.0	3.0	441.0	ii	False	('F', 'A-', 'C')	F	F	0.0	minor triad	(0, 5, 8)	E-	E-	2	None
950.5	0.5	317	['F3', 'A-4', 'C5', 'F5', 'A-5']	['m3', 'P5', 'P1', 'm3']	[True, False, False, False, False]	317.0	3.0	441.0	ii	False	('F', 'A-', 'C')	F	F	0.0	minor triad	(0, 5, 8)	E-	E-	2	None
951.0	0.5	318	['F2', 'F4', 'A-4', 'C5', 'F5']	['P1', 'm3', 'P5', 'P1']	[True, True, True, True, True]	318.0	2.5	442.0	ii	True	('F', 'A-', 'C')	F	F	0.0	minor triad	(0, 5, 8)	E-	E-	2	None
951.5	0.5	318	['F3', 'F4', 'A-4', 'C5', 'F5']	['P1', 'm3', 'P5', 'P1']	[True, False, False, False, False]	318.0	2.5	442.0	ii	False	('F', 'A-', 'C')	F	F	0.0	minor triad	(0, 5, 8)	E-	E-	2	None
952.0	0.5	318	['F3']	[]	[True]	318.0	2.5	442.0	ii	False	('F', 'A-', 'C')	F	F	0.0	minor triad	(0, 5, 8)	E-	E-	2	None
952.5	0.5	318	['E-2']	[]	[True]	318.0	2.5	442.0	ii	False	('F', 'A-', 'C')	F	F	0.0	minor triad	(0, 5, 8)	E-	E-	2	None
953.0	0.5	318	['E-3']	[]	[True]	318.0	2.5	442.0	ii	False	('F', 'A-', 'C')	F	F	0.0	minor triad	(0, 5, 8)	E-	E-	2	None
953.5	0.5	318	['E-3', 'F4', 'A4', 'C5', 'F5']	['M2', 'A4', 'M6', 'M2']	[True, True, True, True, True]	318.0	0.5	443.0	V7/V	True	('E-', 'F', 'A', 'C')	E-	F	3.0	dominant seventh chord	(0, 3, 5, 9)	E-	B-	5	5
954.0	0.5	319	['D2', 'F4', 'A-4', 'B-4', 'F5']	['m3', 'd5', 'm6', 'm3']	[True, True, True, True, True]	319.0	3.0	444.0	V7	True	('D', 'F', 'A-', 'B-')	D	B-	1.0	dominant seventh chord	(2, 5, 8, 10)	E-	E-	5	None
954.5	0.5	319	['D3', 'F4', 'A-4', 'B-4', 'F5']	['m3', 'd5', 'm6', 'm3']	[True, False, False, False, False]	319.0	3.0	444.0	V7	False	('D', 'F', 'A-', 'B-')	D	B-	1.0	dominant seventh chord	(2, 5, 8, 10)	E-	E-	5	None
955.0	0.5	319	['D3', 'F4', 'A-4', 'B-4', 'F5']	['m3', 'd5', 'm6', 'm3']	[True, False, False, False, False]	319.0	3.0	444.0	V7	False	('D', 'F', 'A-', 'B-')	D	B-	1.0	dominant seventh chord	(2, 5, 8, 10)	E-	E-	5	None
955.5	0.5	319	['B-2', 'F4', 'A-4', 'B-4', 'F5']	['P5', 'm7', 'P1', 'P5']	[True, False, False, False, False]	319.0	3.0	444.0	V7	False	('D', 'F', 'A-', 'B-')	D	B-	1.0	dominant seventh chord	(2, 5, 8, 10)	E-	E-	5	None
956.0	0.5	319	['B-3', 'F4', 'A-4', 'B-4', 'F5']	['P5', 'm7', 'P1', 'P5']	[True, False, False, False, False]	319.0	3.0	444.0	V7	False	('D', 'F', 'A-', 'B-')	D	B-	1.0	dominant seventh chord	(2, 5, 8, 10)	E-	E-	5	None
956.5	0.5	319	['B-3', 'F4', 'A-4', 'B-4', 'F5']	['P5', 'm7', 'P1', 'P5']	[True, False, False, False, False]	319.0	3.0	444.0	V7	False	('D', 'F', 'A-', 'B-')	D	B-	1.0	dominant seventh chord	(2, 5, 8, 10)	E-	E-	5	None
957.0	0.5	320	['B-3', 'F4', 'A-4', 'D5']	['P5', 'm7', 'M3']	[True, True, True, True]	320.0	3.0	445.0	V7	True	('B-', 'D', 'F', 'A-')	B-	B-	0.0	dominant seventh chord	(2, 5, 8, 10)	E-	E-	5	None
957.5	0.5	320	['B-3', 'F4', 'A-4', 'D5']	['P5', 'm7', 'M3']	[True, False, False, False]	320.0	3.0	445.0	V7	False	('B-', 'D', 'F', 'A-')	B-	B-	0.0	dominant seventh chord	(2, 5, 8, 10)	E-	E-	5	None
958.0	0.5	320	['B-3']	[]	[True]	320.0	3.0	445.0	V7	False	('B-', 'D', 'F', 'A-')	B-	B-	0.0	dominant seventh chord	(2, 5, 8, 10)	E-	E-	5	None
958.5	0.5	320	['B-3', 'D4', 'F4', 'A-4']	['M3', 'P5', 'm7']	[True, True, True, True]	320.0	3.0	445.0	V7	False	('B-', 'D', 'F', 'A-')	B-	B-	0.0	dominant seventh chord	(2, 5, 8, 10)	E-	E-	5	None
959.0	0.5	320	['B-3', 'D4', 'F4', 'A-4']	['M3', 'P5', 'm7']	[True, False, False, False]	320.0	3.0	445.0	V7	False	('B-', 'D', 'F', 'A-')	B-	B-	0.0	dominant seventh chord	(2, 5, 8, 10)	E-	E-	5	None
959.5	0.5	320	['B-3']	[]	[True]	320.0	3.0	445.0	V7	False	('B-', 'D', 'F', 'A-')	B-	B-	0.0	dominant seventh chord	(2, 5, 8, 10)	E-	E-	5	None
960.0	0.5	321	['A-3', 'B-3', 'D4', 'F4']	['M2', 'A4', 'M6']	[True, True, True, True]	321.0	3.0	446.0	V7	True	('B-', 'D', 'F', 'A-')	B-	B-	0.0	dominant seventh chord	(2, 5, 8, 10)	E-	E-	5	None
960.5	0.5	321	['A-3', 'B-3', 'D4', 'F4']	['M2', 'A4', 'M6']	[False, True, False, False]	321.0	3.0	446.0	V7	False	('B-', 'D', 'F', 'A-')	B-	B-	0.0	dominant seventh chord	(2, 5, 8, 10)	E-	E-	5	None
961.0	0.5	321	['B-3']	[]	[True]	321.0	3.0	446.0	V7	False	('B-', 'D', 'F', 'A-')	B-	B-	0.0	dominant seventh chord	(2, 5, 8, 10)	E-	E-	5	None
961.5	0.5	321	['F3', 'A-3', 'B-3', 'D4']	['m3', 'P4', 'M6']	[True, True, True, True]	321.0	3.0	446.0	V7	False	('B-', 'D', 'F', 'A-')	B-	B-	0.0	dominant seventh chord	(2, 5, 8, 10)	E-	E-	5	None
962.0	0.5	321	['F3', 'A-3', 'B-3', 'D4']	['m3', 'P4', 'M6']	[False, False, True, False]	321.0	3.0	446.0	V7	False	('B-', 'D', 'F', 'A-')	B-	B-	0.0	dominant seventh chord	(2, 5, 8, 10)	E-	E-	5	None
962.5	0.5	321	['B-3']	[]	[True]	321.0	3.0	446.0	V7	False	('B-', 'D', 'F', 'A-')	B-	B-	0.0	dominant seventh chord	(2, 5, 8, 10)	E-	E-	5	None
963.0	0.5	322	['D3', 'F3', 'A-3', 'B-3']	['m3', 'd5', 'm6']	[True, True, True, True]	322.0	3.0	447.0	V7	True	('B-', 'D', 'F', 'A-')	B-	B-	0.0	dominant seventh chord	(2, 5, 8, 10)	E-	E-	5	None
963.5	0.5	322	['D3', 'F3', 'A-3', 'B-3']	['m3', 'd5', 'm6']	[False, False, False, True]	322.0	3.0	447.0	V7	False	('B-', 'D', 'F', 'A-')	B-	B-	0.0	dominant seventh chord	(2, 5, 8, 10)	E-	E-	5	None
964.0	0.5	322	['B-3']	[]	[True]	322.0	3.0	447.0	V7	False	('B-', 'D', 'F', 'A-')	B-	B-	0.0	dominant seventh chord	(2, 5, 8, 10)	E-	E-	5	None
964.5	0.5	322	['A-2', 'D3', 'F3', 'B-3']	['A4', 'M6', 'M2']	[True, True, True, True]	322.0	3.0	447.0	V7	False	('B-', 'D', 'F', 'A-')	B-	B-	0.0	dominant seventh chord	(2, 5, 8, 10)	E-	E-	5	None
965.0	0.5	322	['A-2', 'D3', 'F3', 'B-3']	['A4', 'M6', 'M2']	[False, False, False, True]	322.0	3.0	447.0	V7	False	('B-', 'D', 'F', 'A-')	B-	B-	0.0	dominant seventh chord	(2, 5, 8, 10)	E-	E-	5	None
965.5	0.5	322	['B-3']	[]	[True]	322.0	3.0	447.0	V7	False	('B-', 'D', 'F', 'A-')	B-	B-	0.0	dominant seventh chord	(2, 5, 8, 10)	E-	E-	5	None
966.0	1.0	323	['G2', 'E-3', 'B-3']	['m6', 'm3']	[True, True, True]	323.0	1.5	448.0	I	True	('B-', 'E-', 'G')	B-	E-	2.0	major triad	(3, 7, 10)	E-	E-	1	None
967.0	0.5	323	['G2', 'E-3', 'B-3']	['m6', 'm3']	[True, True, True]	323.0	1.5	448.0	I	False	('B-', 'E-', 'G')	B-	E-	2.0	major triad	(3, 7, 10)	E-	E-	1	None
967.5	1.5	323	['E-3', 'B-3', 'G4', 'G5']	['P5', 'M3', 'M3']	[True, True, True, True]	323.0	1.5	449.0	I	True	('E-', 'G', 'B-')	E-	E-	0.0	major triad	(3, 7, 10)	E-	E-	1	None
969.0	1.5	324	['F3', 'B-3', 'D4', 'A-4', 'F5']	['P4', 'M6', 'm3', 'P1']	[True, False, True, True, True]	324.0	1.5	450.0	V7	True	('F', 'A-', 'B-', 'D')	F	B-	2.0	dominant seventh chord	(2, 5, 8, 10)	E-	E-	5	None
970.5	1.5	324	['G3', 'B-3', 'E-4', 'B-4', 'E-5']	['m3', 'm6', 'm3', 'm6']	[True, False, True, True, True]	324.0	1.5	451.0	I	True	('G', 'B-', 'E-')	G	E-	1.0	major triad	(3, 7, 10)	E-	E-	1	None
972.0	1.0	325	['A-3', 'C4', 'C5']	['M3', 'M3']	[True, True, True]	325.0	1.5	452.0	ii	True	('A-', 'C', 'F')	A-	F	1.0	minor triad	(0, 5, 8)	E-	E-	2	None
973.0	0.5	325	['A-3', 'C4', 'C5']	['M3', 'M3']	[True, True, True]	325.0	1.5	452.0	ii	False	('A-', 'C', 'F')	A-	F	1.0	minor triad	(0, 5, 8)	E-	E-	2	None
973.5	1.5	325	['F3', 'C4', 'A-4', 'A-5']	['P5', 'm3', 'm3']	[True, True, True, True]	325.0	1.5	453.0	ii	True	('F', 'A-', 'C')	F	F	0.0	minor triad	(0, 5, 8)	E-	E-	2	None
975.0	1.5	326	['G3', 'C4', 'E4', 'B-4', 'G5']	['P4', 'M6', 'm3', 'P1']	[True, False, True, True, True]	326.0	1.5	454.0	V7/ii	True	('G', 'B-', 'C', 'E')	G	C	2.0	dominant seventh chord	(0, 4, 7, 10)	E-	f	5	2
976.5	1.5	326	['A-3', 'C4', 'F4', 'C5', 'F5']	['M3', 'M6', 'M3', 'M6']	[True, False, True, True, True]	326.0	1.5	455.0	ii	True	('A-', 'C', 'F')	A-	F	1.0	minor triad	(0, 5, 8)	E-	E-	2	None
978.0	1.0	327	['B-3', 'F4', 'D5']	['P5', 'M3']	[True, False, True]	327.0	1.5	456.0	V	True	('B-', 'D', 'F')	B-	B-	0.0	major triad	(2, 5, 10)	E-	E-	5	None
979.0	0.5	327	['B-3', 'F4', 'D5']	['P5', 'M3']	[True, False, True]	327.0	1.5	456.0	V	False	('B-', 'D', 'F')	B-	B-	0.0	major triad	(2, 5, 10)	E-	E-	5	None
979.5	0.5	327	['E-3', 'G3', 'B-4']	['M3', 'P5']	[True, True, True]	327.0	1.5	457.0	I	True	('E-', 'G', 'B-')	E-	E-	0.0	major triad	(3, 7, 10)	E-	E-	1	None
980.0	0.5	327	['E-3', 'G3', 'G4', 'B-4']	['M3', 'M3', 'P5']	[False, False, True, False]	327.0	1.5	457.0	I	False	('E-', 'G', 'B-')	E-	E-	0.0	major triad	(3, 7, 10)	E-	E-	1	None
980.5	0.5	327	['E-3', 'G3', 'G4', 'B-4']	['M3', 'M3', 'P5']	[False, False, True, False]	327.0	1.5	457.0	I	False	('E-', 'G', 'B-')	E-	E-	0.0	major triad	(3, 7, 10)	E-	E-	1	None
981.0	0.5	328	['F3', 'A-3', 'G4', 'D5']	['m3', 'M2', 'M6']	[True, True, True, True]	328.0	1.5	458.0	viio	True	('F', 'A-', 'D')	F	D	1.0	diminished triad	(2, 5, 8)	E-	E-	7	None
981.5	0.5	328	['F3', 'A-3', 'F4', 'D5']	['m3', 'P1', 'M6']	[False, False, True, False]	328.0	1.5	458.0	viio	False	('F', 'A-', 'D')	F	D	1.0	diminished triad	(2, 5, 8)	E-	E-	7	None
982.0	0.5	328	['F3', 'A-3', 'F4', 'D5']	['m3', 'P1', 'M6']	[False, False, True, False]	328.0	1.5	458.0	viio	False	('F', 'A-', 'D')	F	D	1.0	diminished triad	(2, 5, 8)	E-	E-	7	None
982.5	0.5	328	['G3', 'B-3', 'E-5']	['m3', 'm6']	[True, True, True]	328.0	1.5	459.0	I	True	('G', 'B-', 'E-')	G	E-	1.0	major triad	(3, 7, 10)	E-	E-	1	None
983.0	0.5	328	['G3', 'B-3', 'E-4', 'E-5']	['m3', 'm6', 'm6']	[False, False, True, False]	328.0	1.5	459.0	I	False	('G', 'B-', 'E-')	G	E-	1.0	major triad	(3, 7, 10)	E-	E-	1	None
983.5	0.5	328	['G3', 'B-3', 'E-4', 'E-5']	['m3', 'm6', 'm6']	[False, False, True, False]	328.0	1.5	459.0	I	False	('G', 'B-', 'E-')	G	E-	1.0	major triad	(3, 7, 10)	E-	E-	1	None
984.0	0.5	329	['A-3', 'C4', 'D4', 'C5']	['M3', 'A4', 'M3']	[True, True, True, True]	329.0	1.5	460.0	IV	True	('A-', 'C', 'E-')	A-	A-	0.0	major triad	(0, 3, 8)	E-	E-	4	None
984.5	0.5	329	['A-3', 'C4', 'E-4', 'C5']	['M3', 'P5', 'M3']	[False, False, True, False]	329.0	1.5	460.0	IV	False	('A-', 'C', 'E-')	A-	A-	0.0	major triad	(0, 3, 8)	E-	E-	4	None
985.0	0.5	329	['E-4']	[]	[True]	329.0	1.5	460.0	IV	False	('A-', 'C', 'E-')	A-	A-	0.0	major triad	(0, 3, 8)	E-	E-	4	None
985.5	0.5	329	['F3', 'A-3', 'C5']	['m3', 'P5']	[True, True, True]	329.0	1.5	461.0	ii	True	('F', 'A-', 'C')	F	F	0.0	minor triad	(0, 5, 8)	E-	E-	2	None
986.0	0.5	329	['F3', 'A-3', 'A-4', 'C5']	['m3', 'm3', 'P5']	[False, False, True, False]	329.0	1.5	461.0	ii	False	('F', 'A-', 'C')	F	F	0.0	minor triad	(0, 5, 8)	E-	E-	2	None
986.5	0.5	329	['F3', 'A-3', 'A-4', 'C5']	['m3', 'm3', 'P5']	[False, False, True, False]	329.0	1.5	461.0	ii	False	('F', 'A-', 'C')	F	F	0.0	minor triad	(0, 5, 8)	E-	E-	2	None
987.0	0.5	330	['G3', 'B-3', 'A-4', 'E5']	['m3', 'm2', 'M6']	[True, True, True, True]	330.0	1.5	462.0	viio/ii	True	('G', 'B-', 'E')	G	E	1.0	diminished triad	(4, 7, 10)	E-	f	#7	2
987.5	0.5	330	['G3', 'B-3', 'G4', 'E5']	['m3', 'P1', 'M6']	[False, False, True, False]	330.0	1.5	462.0	viio/ii	False	('G', 'B-', 'E')	G	E	1.0	diminished triad	(4, 7, 10)	E-	f	#7	2
988.0	0.5	330	['G3', 'B-3', 'G4', 'E5']	['m3', 'P1', 'M6']	[False, False, True, False]	330.0	1.5	462.0	viio/ii	False	('G', 'B-', 'E')	G	E	1.0	diminished triad	(4, 7, 10)	E-	f	#7	2
988.5	0.5	330	['A-3', 'C4', 'F5']	['M3', 'M6']	[True, True, True]	330.0	1.5	463.0	ii	True	('A-', 'C', 'F')	A-	F	1.0	minor triad	(0, 5, 8)	E-	E-	2	None
989.0	0.5	330	['A-3', 'C4', 'F4', 'F5']	['M3', 'M6', 'M6']	[False, False, True, False]	330.0	1.5	463.0	ii	False	('A-', 'C', 'F')	A-	F	1.0	minor triad	(0, 5, 8)	E-	E-	2	None
989.5	0.5	330	['A-3', 'C4', 'F4', 'F5']	['M3', 'M6', 'M6']	[False, False, True, False]	330.0	1.5	463.0	ii	False	('A-', 'C', 'F')	A-	F	1.0	minor triad	(0, 5, 8)	E-	E-	2	None
990.0	0.5	331	['B-3', 'D4', 'E4', 'D5']	['M3', 'A4', 'M3']	[True, True, True, True]	331.0	1.5	464.0	V	True	('B-', 'D', 'F')	B-	B-	0.0	major triad	(2, 5, 10)	E-	E-	5	None
990.5	0.5	331	['B-3', 'D4', 'F4', 'D5']	['M3', 'P5', 'M3']	[False, False, True, False]	331.0	1.5	464.0	V	False	('B-', 'D', 'F')	B-	B-	0.0	major triad	(2, 5, 10)	E-	E-	5	None
991.0	0.5	331	['F4']	[]	[True]	331.0	1.5	464.0	V	False	('B-', 'D', 'F')	B-	B-	0.0	major triad	(2, 5, 10)	E-	E-	5	None
991.5	0.5	331	['B-4', 'D5']	['M3']	[True, True]	331.0	1.5	465.0	V7	True	('B-', 'D', 'F', 'A-')	B-	B-	0.0	dominant seventh chord	(2, 5, 8, 10)	E-	E-	5	None
992.0	0.5	331	['C4', 'A-4', 'B-4', 'D5']	['m6', 'm7', 'M2']	[True, True, False, False]	331.0	1.5	465.0	V7	False	('B-', 'D', 'F', 'A-')	B-	B-	0.0	dominant seventh chord	(2, 5, 8, 10)	E-	E-	5	None
992.5	0.5	331	['C4', 'A-4', 'B-4', 'D5']	['m6', 'm7', 'M2']	[True, True, False, False]	331.0	1.5	465.0	V7	False	('B-', 'D', 'F', 'A-')	B-	B-	0.0	dominant seventh chord	(2, 5, 8, 10)	E-	E-	5	None
993.0	0.5	332	['C4', 'A-4', 'C5', 'E-5']	['m6', 'P1', 'm3']	[True, True, True, True]	332.0	1.5	466.0	vi7	True	('B-', 'C', 'E-', 'G')	B-	C	3.0	minor seventh chord	(0, 3, 7, 10)	E-	E-	6	None
993.5	0.5	332	['B-3', 'G4', 'C5', 'E-5']	['M6', 'M2', 'P4']	[True, True, False, False]	332.0	1.5	466.0	vi7	False	('B-', 'C', 'E-', 'G')	B-	C	3.0	minor seventh chord	(0, 3, 7, 10)	E-	E-	6	None
994.0	0.5	332	['B-3', 'G4', 'C5', 'E-5']	['M6', 'M2', 'P4']	[True, True, False, False]	332.0	1.5	466.0	vi7	False	('B-', 'C', 'E-', 'G')	B-	C	3.0	minor seventh chord	(0, 3, 7, 10)	E-	E-	6	None
994.5	0.5	332	['D5', 'F5']	['m3']	[True, True]	332.0	1.5	467.0	viio	True	('A-', 'D', 'F')	A-	D	2.0	diminished triad	(2, 5, 8)	E-	E-	7	None
995.0	0.5	332	['A-3', 'F4', 'D5', 'F5']	['M6', 'A4', 'M6']	[True, True, False, False]	332.0	1.5	467.0	viio	False	('A-', 'D', 'F')	A-	D	2.0	diminished triad	(2, 5, 8)	E-	E-	7	None
995.5	0.5	332	['A-3', 'F4', 'D5', 'F5']	['M6', 'A4', 'M6']	[True, True, False, False]	332.0	1.5	467.0	viio	False	('A-', 'D', 'F')	A-	D	2.0	diminished triad	(2, 5, 8)	E-	E-	7	None
996.0	0.5	333	['A-3', 'F4', 'E-5', 'G5']	['M6', 'P5', 'M7']	[True, True, True, True]	333.0	1.5	468.0	I	True	('G', 'B-', 'E-')	G	E-	1.0	major triad	(3, 7, 10)	E-	E-	1	None
996.5	0.5	333	['G3', 'E-4', 'E-5', 'G5']	['m6', 'm6', 'P1']	[True, True, False, False]	333.0	1.5	468.0	I	False	('G', 'B-', 'E-')	G	E-	1.0	major triad	(3, 7, 10)	E-	E-	1	None
997.0	0.5	333	['G3', 'E-4']	['m6']	[True, True]	333.0	1.5	468.0	I	False	('G', 'B-', 'E-')	G	E-	1.0	major triad	(3, 7, 10)	E-	E-	1	None
997.5	0.5	333	['E-5', 'G5', 'E-6']	['M3', 'P1']	[True, True, True]	333.0	1.5	469.0	vi	True	('E-', 'G', 'C')	E-	C	1.0	minor triad	(0, 3, 7)	E-	E-	6	None
998.0	0.5	333	['E-3', 'C4', 'E-5', 'G5', 'E-6']	['M6', 'P1', 'M3', 'P1']	[True, True, False, False, False]	333.0	1.5	469.0	vi	False	('E-', 'G', 'C')	E-	C	1.0	minor triad	(0, 3, 7)	E-	E-	6	None
998.5	0.5	333	['E-3', 'C4', 'E-5', 'G5', 'E-6']	['M6', 'P1', 'M3', 'P1']	[True, True, False, False, False]	333.0	1.5	469.0	vi	False	('E-', 'G', 'C')	E-	C	1.0	minor triad	(0, 3, 7)	E-	E-	6	None
999.0	0.5	334	['E-3', 'C4', 'F5', 'A-5', 'E-6']	['M6', 'M2', 'P4', 'P1']	[True, True, True, True, True]	334.0	1.5	470.0	ii7	True	('F', 'A-', 'C', 'E-')	F	F	0.0	minor seventh chord	(0, 3, 5, 8)	E-	E-	2	None
999.5	0.5	334	['D-3', 'B-3', 'F5', 'A-5', 'E-6']	['M6', 'M3', 'P5', 'M2']	[True, True, False, False, False]	334.0	1.5	470.0	ii7	False	('F', 'A-', 'C', 'E-')	F	F	0.0	minor seventh chord	(0, 3, 5, 8)	E-	E-	2	None
1000.0	0.5	334	['D-3', 'B-3', 'F5', 'A-5', 'E-6']	['M6', 'M3', 'P5', 'M2']	[True, True, False, False, False]	334.0	1.5	470.0	ii7	False	('F', 'A-', 'C', 'E-')	F	F	0.0	minor seventh chord	(0, 3, 5, 8)	E-	E-	2	None
1000.5	0.5	334	['G5', 'B-5', 'E-6']	['m3', 'm6']	[True, True, True]	334.0	1.5	471.0	I	True	('G', 'B-', 'E-')	G	E-	1.0	major triad	(3, 7, 10)	E-	E-	1	None
1001.0	0.5	334	['D-3', 'B-3', 'G5', 'B-5', 'E-6']	['M6', 'A4', 'M6', 'M2']	[True, True, False, False, False]	334.0	1.5	471.0	I	False	('G', 'B-', 'E-')	G	E-	1.0	major triad	(3, 7, 10)	E-	E-	1	None
1001.5	0.5	334	['D-3', 'B-3', 'G5', 'B-5', 'E-6']	['M6', 'A4', 'M6', 'M2']	[True, True, False, False, False]	334.0	1.5	471.0	I	False	('G', 'B-', 'E-')	G	E-	1.0	major triad	(3, 7, 10)	E-	E-	1	None
1002.0	0.5	335	['D-3', 'B-3', 'A-5', 'C6', 'E-6']	['M6', 'P5', 'M7', 'M2']	[True, True, True, True, True]	335.0	1.5	472.0	IV	True	('A-', 'C', 'E-')	A-	A-	0.0	major triad	(0, 3, 8)	E-	E-	4	None
1002.5	0.5	335	['C3', 'A-3', 'A-5', 'C6', 'E-6']	['m6', 'm6', 'P1', 'm3']	[True, True, False, False, False]	335.0	1.5	472.0	IV	False	('A-', 'C', 'E-')	A-	A-	0.0	major triad	(0, 3, 8)	E-	E-	4	None
1003.0	0.5	335	['C3', 'A-3']	['m6']	[True, True]	335.0	1.5	472.0	IV	False	('A-', 'C', 'E-')	A-	A-	0.0	major triad	(0, 3, 8)	E-	E-	4	None
1003.5	0.5	335	['E-5', 'E-6']	['P1']	[True, True]	335.0	1.5	473.0	I	True	('B-', 'E-', 'G')	B-	E-	2.0	major triad	(3, 7, 10)	E-	E-	1	None
1004.0	0.5	335	['B-2', 'G3', 'E-5', 'E-6']	['M6', 'P4', 'P4']	[True, True, False, False]	335.0	1.5	473.0	I	False	('B-', 'E-', 'G')	B-	E-	2.0	major triad	(3, 7, 10)	E-	E-	1	None
1004.5	0.5	335	['B-2', 'G3', 'E-5', 'E-6']	['M6', 'P4', 'P4']	[True, True, False, False]	335.0	1.5	473.0	I	False	('B-', 'E-', 'G')	B-	E-	2.0	major triad	(3, 7, 10)	E-	E-	1	None
1005.0	0.5	336	['B-2', 'G3', 'E-4', 'E-5']	['M6', 'P4', 'P4']	[True, True, True, True]	336.0	1.5	474.0	ii7	True	('A-', 'C', 'E-', 'F')	A-	F	1.0	minor seventh chord	(0, 3, 5, 8)	E-	E-	2	None
1005.5	0.5	336	['A-2', 'F3', 'E-4', 'E-5']	['M6', 'P5', 'P5']	[True, True, False, False]	336.0	1.5	474.0	ii7	False	('A-', 'C', 'E-', 'F')	A-	F	1.0	minor seventh chord	(0, 3, 5, 8)	E-	E-	2	None
1006.0	0.5	336	['A-2', 'F3', 'E-4', 'E-5']	['M6', 'P5', 'P5']	[True, True, False, False]	336.0	1.5	474.0	ii7	False	('A-', 'C', 'E-', 'F')	A-	F	1.0	minor seventh chord	(0, 3, 5, 8)	E-	E-	2	None
1006.5	0.5	336	['B-4', 'B-5']	['P1']	[True, True]	336.0	1.5	475.0	I	True	('G', 'B-', 'E-')	G	E-	1.0	major triad	(3, 7, 10)	E-	E-	1	None
1007.0	0.5	336	['G2', 'E-3', 'B-4', 'B-5']	['m6', 'm3', 'm3']	[True, True, False, False]	336.0	1.5	475.0	I	False	('G', 'B-', 'E-')	G	E-	1.0	major triad	(3, 7, 10)	E-	E-	1	None
1007.5	0.5	336	['G2', 'E-3', 'B-4', 'B-5']	['m6', 'm3', 'm3']	[True, True, False, False]	336.0	1.5	475.0	I	False	('G', 'B-', 'E-')	G	E-	1.0	major triad	(3, 7, 10)	E-	E-	1	None
1008.0	0.5	337	['G2', 'E-3', 'B-3', 'B-4']	['m6', 'm3', 'm3']	[True, True, True, True]	337.0	1.5	476.0	V	True	('F', 'B-', 'D')	F	B-	2.0	major triad	(2, 5, 10)	E-	E-	5	None
1008.5	0.5	337	['F2', 'D3', 'B-3', 'B-4']	['M6', 'P4', 'P4']	[True, True, False, False]	337.0	1.5	476.0	V	False	('F', 'B-', 'D')	F	B-	2.0	major triad	(2, 5, 10)	E-	E-	5	None
1009.0	0.5	337	['F2', 'D3', 'B-3', 'B-4']	['M6', 'P4', 'P4']	[True, True, False, False]	337.0	1.5	476.0	V	False	('F', 'B-', 'D')	F	B-	2.0	major triad	(2, 5, 10)	E-	E-	5	None
1009.5	0.5	337	['A-4', 'A-5']	['P1']	[True, True]	337.0	1.5	477.0	IV	True	('E-', 'A-', 'C')	E-	A-	2.0	major triad	(0, 3, 8)	E-	E-	4	None
1010.0	0.5	337	['E-2', 'C3', 'A-4', 'A-5']	['M6', 'P4', 'P4']	[True, True, False, False]	337.0	1.5	477.0	IV	False	('E-', 'A-', 'C')	E-	A-	2.0	major triad	(0, 3, 8)	E-	E-	4	None
1010.5	0.5	337	['E-2', 'C3', 'A-4', 'A-5']	['M6', 'P4', 'P4']	[True, True, False, False]	337.0	1.5	477.0	IV	False	('E-', 'A-', 'C')	E-	A-	2.0	major triad	(0, 3, 8)	E-	E-	4	None
1011.0	0.5	338	['A-3', 'B-3']	['M2']	[True, True]	338.0	3.0	478.0	V7	True	('D', 'F', 'A-', 'B-')	D	B-	1.0	dominant seventh chord	(2, 5, 8, 10)	E-	E-	5	None
1011.5	0.5	338	['D2', 'B-2', 'A-3', 'B-3']	['m6', 'd5', 'm6']	[True, True, False, False]	338.0	3.0	478.0	V7	False	('D', 'F', 'A-', 'B-')	D	B-	1.0	dominant seventh chord	(2, 5, 8, 10)	E-	E-	5	None
1012.0	0.5	338	['D2', 'B-2', 'A-3', 'B-3']	['m6', 'd5', 'm6']	[True, True, False, False]	338.0	3.0	478.0	V7	False	('D', 'F', 'A-', 'B-')	D	B-	1.0	dominant seventh chord	(2, 5, 8, 10)	E-	E-	5	None
1012.5	0.5	338	['E-3', 'A-3', 'B-3', 'E-4']	['P4', 'P5', 'P1']	[True, True, True, True]	338.0	3.0	478.0	V7	False	('D', 'F', 'A-', 'B-')	D	B-	1.0	dominant seventh chord	(2, 5, 8, 10)	E-	E-	5	None
1013.0	0.5	338	['C2', 'B-2', 'E-3', 'A-3', 'B-3', 'E-4']	['m7', 'm3', 'm6', 'm7', 'm3']	[True, True, False, False, False, False]	338.0	3.0	478.0	V7	False	('D', 'F', 'A-', 'B-')	D	B-	1.0	dominant seventh chord	(2, 5, 8, 10)	E-	E-	5	None
1013.5	0.5	338	['C2', 'B-2', 'E-3', 'A-3', 'B-3', 'E-4']	['m7', 'm3', 'm6', 'm7', 'm3']	[True, True, False, False, False, False]	338.0	3.0	478.0	V7	False	('D', 'F', 'A-', 'B-')	D	B-	1.0	dominant seventh chord	(2, 5, 8, 10)	E-	E-	5	None
1014.0	1.0	339	['B-1', 'B-2', 'D3', 'A-3', 'B-3', 'D4']	['P1', 'M3', 'm7', 'P1', 'M3']	[True, True, True, True, True, True]	339.0	3.0	479.0	V7	True	('B-', 'D', 'F', 'A-')	B-	B-	0.0	dominant seventh chord	(2, 5, 8, 10)	E-	E-	5	None
1015.0	0.5	339	['B-1', 'B-2', 'A-4']	['P1', 'm7']	[False, False, True]	339.0	3.0	479.0	V7	False	('B-', 'D', 'F', 'A-')	B-	B-	0.0	dominant seventh chord	(2, 5, 8, 10)	E-	E-	5	None
1015.5	1.0	339	['B-1', 'B-2', 'A-4']	['P1', 'm7']	[False, False, False]	339.0	3.0	479.0	V7	False	('B-', 'D', 'F', 'A-')	B-	B-	0.0	dominant seventh chord	(2, 5, 8, 10)	E-	E-	5	None
1016.5	0.5	339	['B-1', 'B-2', 'F4']	['P1', 'P5']	[False, False, True]	339.0	3.0	479.0	V7	False	('B-', 'D', 'F', 'A-')	B-	B-	0.0	dominant seventh chord	(2, 5, 8, 10)	E-	E-	5	None
1017.0	1.0	340	['B-2', 'D4']	['M3']	[False, True]	340.0	3.0	480.0	V7	True	('B-', 'D', 'F', 'A-')	B-	B-	0.0	dominant seventh chord	(2, 5, 8, 10)	E-	E-	5	None
1018.0	0.5	340	['B-2', 'C-4', 'A-4', 'A-5']	['m2', 'm7', 'm7']	[False, True, True, True]	340.0	3.0	480.0	V7	False	('B-', 'D', 'F', 'A-')	B-	B-	0.0	dominant seventh chord	(2, 5, 8, 10)	E-	E-	5	None
1018.5	1.0	340	['B-2', 'C-4', 'A-4', 'A-5']	['m2', 'm7', 'm7']	[False, False, False, False]	340.0	3.0	480.0	V7	False	('B-', 'D', 'F', 'A-')	B-	B-	0.0	dominant seventh chord	(2, 5, 8, 10)	E-	E-	5	None
1019.5	0.5	340	['B-2', 'A-3', 'F4', 'F5']	['m7', 'P5', 'P5']	[False, True, True, True]	340.0	3.0	480.0	V7	False	('B-', 'D', 'F', 'A-')	B-	B-	0.0	dominant seventh chord	(2, 5, 8, 10)	E-	E-	5	None
1020.0	1.0	341	['B-2', 'F3', 'D4', 'D5']	['P5', 'M3', 'M3']	[False, True, True, True]	341.0	3.0	481.0	V7	True	('B-', 'D', 'F', 'A-')	B-	B-	0.0	dominant seventh chord	(2, 5, 8, 10)	E-	E-	5	None
1021.0	0.5	341	['B-2', 'A-4']	['m7']	[False, True]	341.0	3.0	481.0	V7	False	('B-', 'D', 'F', 'A-')	B-	B-	0.0	dominant seventh chord	(2, 5, 8, 10)	E-	E-	5	None
1021.5	1.0	341	['B-2', 'A-4']	['m7']	[False, False]	341.0	3.0	481.0	V7	False	('B-', 'D', 'F', 'A-')	B-	B-	0.0	dominant seventh chord	(2, 5, 8, 10)	E-	E-	5	None
1022.5	0.5	341	['B-2', 'F4']	['P5']	[False, True]	341.0	3.0	481.0	V7	False	('B-', 'D', 'F', 'A-')	B-	B-	0.0	dominant seventh chord	(2, 5, 8, 10)	E-	E-	5	None
1023.0	1.0	342	['B-2', 'D4']	['M3']	[False, True]	342.0	3.0	482.0	V7	True	('B-', 'D', 'F', 'A-')	B-	B-	0.0	dominant seventh chord	(2, 5, 8, 10)	E-	E-	5	None
1024.0	0.5	342	['B-2', 'A-3', 'C-5', 'C-6']	['m7', 'm2', 'm2']	[False, True, True, True]	342.0	3.0	482.0	V7	False	('B-', 'D', 'F', 'A-')	B-	B-	0.0	dominant seventh chord	(2, 5, 8, 10)	E-	E-	5	None
1024.5	1.0	342	['B-2', 'A-3', 'C-5', 'C-6']	['m7', 'm2', 'm2']	[False, False, False, False]	342.0	3.0	482.0	V7	False	('B-', 'D', 'F', 'A-')	B-	B-	0.0	dominant seventh chord	(2, 5, 8, 10)	E-	E-	5	None
1025.5	0.5	342	['B-2', 'F3', 'A-4', 'A-5']	['P5', 'm7', 'm7']	[False, True, True, True]	342.0	3.0	482.0	V7	False	('B-', 'D', 'F', 'A-')	B-	B-	0.0	dominant seventh chord	(2, 5, 8, 10)	E-	E-	5	None
1026.0	1.0	343	['B-2', 'D3', 'F4', 'F5']	['M3', 'P5', 'P5']	[False, True, True, True]	343.0	3.0	483.0	V7	True	('B-', 'D', 'F', 'A-')	B-	B-	0.0	dominant seventh chord	(2, 5, 8, 10)	E-	E-	5	None
1027.0	0.5	343	['C-5']	[]	[True]	343.0	3.0	483.0	V7	False	('B-', 'D', 'F', 'A-')	B-	B-	0.0	dominant seventh chord	(2, 5, 8, 10)	E-	E-	5	None
1027.5	1.0	343	['C-5']	[]	[False]	343.0	3.0	483.0	V7	False	('B-', 'D', 'F', 'A-')	B-	B-	0.0	dominant seventh chord	(2, 5, 8, 10)	E-	E-	5	None
1028.5	0.5	343	['A-4']	[]	[True]	343.0	3.0	483.0	V7	False	('B-', 'D', 'F', 'A-')	B-	B-	0.0	dominant seventh chord	(2, 5, 8, 10)	E-	E-	5	None
1029.0	1.0	344	['F4']	[]	[True]	344.0	3.0	484.0	V7	True	('B-', 'D', 'F', 'A-')	B-	B-	0.0	dominant seventh chord	(2, 5, 8, 10)	E-	E-	5	None
1030.0	0.5	344	['C-5']	[]	[True]	344.0	3.0	484.0	V7	False	('B-', 'D', 'F', 'A-')	B-	B-	0.0	dominant seventh chord	(2, 5, 8, 10)	E-	E-	5	None
1030.5	1.0	344	['C-5']	[]	[False]	344.0	3.0	484.0	V7	False	('B-', 'D', 'F', 'A-')	B-	B-	0.0	dominant seventh chord	(2, 5, 8, 10)	E-	E-	5	None
1031.5	0.5	344	['A-4']	[]	[True]	344.0	3.0	484.0	V7	False	('B-', 'D', 'F', 'A-')	B-	B-	0.0	dominant seventh chord	(2, 5, 8, 10)	E-	E-	5	None
1032.0	1.0	345	['F4']	[]	[True]	345.0	3.0	485.0	V7	True	('B-', 'D', 'F', 'A-')	B-	B-	0.0	dominant seventh chord	(2, 5, 8, 10)	E-	E-	5	None
1033.0	0.5	345	['C-5']	[]	[True]	345.0	3.0	485.0	V7	False	('B-', 'D', 'F', 'A-')	B-	B-	0.0	dominant seventh chord	(2, 5, 8, 10)	E-	E-	5	None
1033.5	1.0	345	['C-5']	[]	[False]	345.0	3.0	485.0	V7	False	('B-', 'D', 'F', 'A-')	B-	B-	0.0	dominant seventh chord	(2, 5, 8, 10)	E-	E-	5	None
1034.5	0.5	345	['B-4']	[]	[True]	345.0	3.0	485.0	V7	False	('B-', 'D', 'F', 'A-')	B-	B-	0.0	dominant seventh chord	(2, 5, 8, 10)	E-	E-	5	None
1035.0	1.0	346	['A4']	[]	[True]	346.0	1.0	486.0	V7	True	('B-', 'D', 'F', 'A-')	B-	B-	0.0	dominant seventh chord	(2, 5, 8, 10)	E-	E-	5	None
1036.0	0.5	346	['C4', 'A4']	['M6']	[True, True]	346.0	2.0	487.0	viio/V	True	('C', 'E-', 'A')	C	A	1.0	diminished triad	(0, 3, 9)	E-	B-	7	5
1036.5	1.0	346	['C4', 'A4']	['M6']	[False, False]	346.0	2.0	487.0	viio/V	False	('C', 'E-', 'A')	C	A	1.0	diminished triad	(0, 3, 9)	E-	B-	7	5
1037.5	0.5	346	['C-4', 'A-4']	['M6']	[True, True]	346.0	2.0	487.0	viio/V	False	('C', 'E-', 'A')	C	A	1.0	diminished triad	(0, 3, 9)	E-	B-	7	5
1038.0	1.0	347	['B-3', 'G4']	['M6']	[True, True]	347.0	3.0	488.0	iii	True	('B-', 'D', 'G')	B-	G	1.0	minor triad	(2, 7, 10)	E-	E-	3	None
1039.0	0.5	347	['B-3', 'G4', 'G5']	['M6', 'M6']	[True, True, True]	347.0	3.0	488.0	iii	False	('B-', 'D', 'G')	B-	G	1.0	minor triad	(2, 7, 10)	E-	E-	3	None
1039.5	1.0	347	['B-3', 'G4', 'G5']	['M6', 'M6']	[False, False, False]	347.0	3.0	488.0	iii	False	('B-', 'D', 'G')	B-	G	1.0	minor triad	(2, 7, 10)	E-	E-	3	None
1040.5	0.5	347	['A3', 'F#4', 'F#5']	['M6', 'M6']	[True, True, True]	347.0	3.0	488.0	iii	False	('B-', 'D', 'G')	B-	G	1.0	minor triad	(2, 7, 10)	E-	E-	3	None
1041.0	1.0	348	['A-3', 'F4', 'F5']	['M6', 'M6']	[True, True, True]	348.0	1.0	489.0	ii	True	('A-', 'C', 'F')	A-	F	1.0	minor triad	(0, 5, 8)	E-	E-	2	None
1042.0	0.5	348	['G3', 'E4', 'E5']	['M6', 'M6']	[True, True, True]	348.0	2.0	490.0	viio/ii	True	('G', 'B-', 'E')	G	E	1.0	diminished triad	(4, 7, 10)	E-	f	#7	2
1042.5	1.0	348	['G3', 'E4', 'E5']	['M6', 'M6']	[False, False, False]	348.0	2.0	490.0	viio/ii	False	('G', 'B-', 'E')	G	E	1.0	diminished triad	(4, 7, 10)	E-	f	#7	2
1043.5	0.5	348	['F#3', 'E-4', 'A4', 'E-5']	['d7', 'm3', 'd7']	[True, True, True, True]	348.0	2.0	490.0	viio/ii	False	('G', 'B-', 'E')	G	E	1.0	diminished triad	(4, 7, 10)	E-	f	#7	2
1044.0	3.0	349	['B-2', 'F3', 'E-4', 'A-4', 'E-5']	['P5', 'P4', 'm7', 'P4']	[True, True, False, True, False]	349.0	3.0	491.0	V7	True	('B-', 'D', 'F', 'A-')	B-	B-	0.0	dominant seventh chord	(2, 5, 8, 10)	E-	E-	5	None
1047.0	3.0	350	['B-2', 'F3', 'B-3', 'D4', 'A-4', 'D5']	['P5', 'P1', 'M3', 'm7', 'M3']	[False, False, True, True, False, True]	350.0	3.0	492.0	V7	True	('B-', 'D', 'F', 'A-')	B-	B-	0.0	dominant seventh chord	(2, 5, 8, 10)	E-	E-	5	None
1050.0	0.5	351	['E-2', 'E-4', 'G4', 'E-5']	['P1', 'M3', 'P1']	[True, True, True, True]	351.0	3.0	493.0	I	True	('E-', 'G', 'B-')	E-	E-	0.0	major triad	(3, 7, 10)	E-	E-	1	None
1050.5	0.5	351	['E-3', 'E-4', 'G4', 'E-5']	['P1', 'M3', 'P1']	[True, False, False, False]	351.0	3.0	493.0	I	False	('E-', 'G', 'B-')	E-	E-	0.0	major triad	(3, 7, 10)	E-	E-	1	None
1051.0	0.5	351	['E-3']	[]	[True]	351.0	3.0	493.0	I	False	('E-', 'G', 'B-')	E-	E-	0.0	major triad	(3, 7, 10)	E-	E-	1	None
1051.5	0.5	351	['E-3']	[]	[True]	351.0	3.0	493.0	I	False	('E-', 'G', 'B-')	E-	E-	0.0	major triad	(3, 7, 10)	E-	E-	1	None
1052.0	0.5	351	['E-3']	[]	[True]	351.0	3.0	493.0	I	False	('E-', 'G', 'B-')	E-	E-	0.0	major triad	(3, 7, 10)	E-	E-	1	None
1052.5	0.5	351	['E-3']	[]	[True]	351.0	3.0	493.0	I	False	('E-', 'G', 'B-')	E-	E-	0.0	major triad	(3, 7, 10)	E-	E-	1	None
1053.0	0.5	352	['E-3', 'B-3', 'E-4', 'G4']	['P5', 'P1', 'M3']	[True, True, True, True]	352.0	3.0	494.0	I	True	('E-', 'G', 'B-')	E-	E-	0.0	major triad	(3, 7, 10)	E-	E-	1	None
1053.5	0.5	352	['E-3', 'B-3', 'E-4', 'G4']	['P5', 'P1', 'M3']	[True, False, False, False]	352.0	3.0	494.0	I	False	('E-', 'G', 'B-')	E-	E-	0.0	major triad	(3, 7, 10)	E-	E-	1	None
1054.0	0.5	352	['E-3', 'B-3', 'E-4', 'G4']	['P5', 'P1', 'M3']	[True, False, False, False]	352.0	3.0	494.0	I	False	('E-', 'G', 'B-')	E-	E-	0.0	major triad	(3, 7, 10)	E-	E-	1	None
1054.5	0.5	352	['E-3', 'B-3', 'E-4', 'G4']	['P5', 'P1', 'M3']	[True, False, False, False]	352.0	3.0	494.0	I	False	('E-', 'G', 'B-')	E-	E-	0.0	major triad	(3, 7, 10)	E-	E-	1	None
1055.0	0.5	352	['E-3', 'B-3', 'E-4', 'G4']	['P5', 'P1', 'M3']	[True, False, False, False]	352.0	3.0	494.0	I	False	('E-', 'G', 'B-')	E-	E-	0.0	major triad	(3, 7, 10)	E-	E-	1	None
1055.5	0.5	352	['E-3', 'B-3', 'E-4', 'G4']	['P5', 'P1', 'M3']	[True, False, False, False]	352.0	3.0	494.0	I	False	('E-', 'G', 'B-')	E-	E-	0.0	major triad	(3, 7, 10)	E-	E-	1	None
1056.0	0.5	353	['E-2', 'G3', 'B-3', 'E-4']	['M3', 'P5', 'P1']	[True, True, True, True]	353.0	3.0	495.0	I	True	('E-', 'G', 'B-')	E-	E-	0.0	major triad	(3, 7, 10)	E-	E-	1	None
1056.5	0.5	353	['E-3', 'G3', 'B-3', 'E-4']	['M3', 'P5', 'P1']	[True, False, False, False]	353.0	3.0	495.0	I	False	('E-', 'G', 'B-')	E-	E-	0.0	major triad	(3, 7, 10)	E-	E-	1	None
1057.0	0.5	353	['E-3']	[]	[True]	353.0	3.0	495.0	I	False	('E-', 'G', 'B-')	E-	E-	0.0	major triad	(3, 7, 10)	E-	E-	1	None
1057.5	0.5	353	['E-3']	[]	[True]	353.0	3.0	495.0	I	False	('E-', 'G', 'B-')	E-	E-	0.0	major triad	(3, 7, 10)	E-	E-	1	None
1058.0	0.5	353	['E-3']	[]	[True]	353.0	3.0	495.0	I	False	('E-', 'G', 'B-')	E-	E-	0.0	major triad	(3, 7, 10)	E-	E-	1	None
1058.5	0.5	353	['E-3']	[]	[True]	353.0	3.0	495.0	I	False	('E-', 'G', 'B-')	E-	E-	0.0	major triad	(3, 7, 10)	E-	E-	1	None
1059.0	0.5	354	['E-3', 'B-3', 'E-4', 'G4', 'B-4']	['P5', 'P1', 'M3', 'P5']	[True, True, True, True, True]	354.0	3.0	496.0	I	True	('E-', 'G', 'B-')	E-	E-	0.0	major triad	(3, 7, 10)	E-	E-	1	None
1059.5	0.5	354	['E-3', 'B-3', 'E-4', 'G4', 'B-4']	['P5', 'P1', 'M3', 'P5']	[True, False, False, False, False]	354.0	3.0	496.0	I	False	('E-', 'G', 'B-')	E-	E-	0.0	major triad	(3, 7, 10)	E-	E-	1	None
1060.0	0.5	354	['E-3', 'B-3', 'E-4', 'G4', 'B-4']	['P5', 'P1', 'M3', 'P5']	[True, False, False, False, False]	354.0	3.0	496.0	I	False	('E-', 'G', 'B-')	E-	E-	0.0	major triad	(3, 7, 10)	E-	E-	1	None
1060.5	0.5	354	['E-3', 'B-3', 'E-4', 'G4', 'B-4']	['P5', 'P1', 'M3', 'P5']	[True, False, False, False, False]	354.0	3.0	496.0	I	False	('E-', 'G', 'B-')	E-	E-	0.0	major triad	(3, 7, 10)	E-	E-	1	None
1061.0	0.5	354	['E-3', 'B-3', 'E-4', 'G4', 'B-4']	['P5', 'P1', 'M3', 'P5']	[True, False, False, False, False]	354.0	3.0	496.0	I	False	('E-', 'G', 'B-')	E-	E-	0.0	major triad	(3, 7, 10)	E-	E-	1	None
1061.5	0.5	354	['E-3', 'B-3', 'E-4', 'G4', 'B-4']	['P5', 'P1', 'M3', 'P5']	[True, False, False, False, False]	354.0	3.0	496.0	I	False	('E-', 'G', 'B-')	E-	E-	0.0	major triad	(3, 7, 10)	E-	E-	1	None
1062.0	0.25	355	['E-2', 'G3', 'B-3', 'E-4', 'G4']	['M3', 'P5', 'P1', 'M3']	[True, True, True, True, True]	355.0	3.0	497.0	I	True	('E-', 'G', 'B-')	E-	E-	0.0	major triad	(3, 7, 10)	E-	E-	1	None
1062.25	0.25	355	['E-3', 'G3', 'B-3', 'E-4', 'G4']	['M3', 'P5', 'P1', 'M3']	[True, False, False, False, False]	355.0	3.0	497.0	I	False	('E-', 'G', 'B-')	E-	E-	0.0	major triad	(3, 7, 10)	E-	E-	1	None
1062.5	0.25	355	['D3', 'G3', 'B-3', 'E-4', 'G4']	['P4', 'm6', 'm2', 'P4']	[True, False, False, False, False]	355.0	3.0	497.0	I	False	('E-', 'G', 'B-')	E-	E-	0.0	major triad	(3, 7, 10)	E-	E-	1	None
1062.75	0.25	355	['E-3', 'G3', 'B-3', 'E-4', 'G4']	['M3', 'P5', 'P1', 'M3']	[True, False, False, False, False]	355.0	3.0	497.0	I	False	('E-', 'G', 'B-')	E-	E-	0.0	major triad	(3, 7, 10)	E-	E-	1	None
1063.0	0.25	355	['D3']	[]	[True]	355.0	3.0	497.0	I	False	('E-', 'G', 'B-')	E-	E-	0.0	major triad	(3, 7, 10)	E-	E-	1	None
1063.25	0.25	355	['E-3']	[]	[True]	355.0	3.0	497.0	I	False	('E-', 'G', 'B-')	E-	E-	0.0	major triad	(3, 7, 10)	E-	E-	1	None
1063.5	0.25	355	['D3', 'E-4', 'G4', 'B-4', 'E-5']	['m2', 'P4', 'm6', 'm2']	[True, True, True, True, True]	355.0	3.0	497.0	I	False	('E-', 'G', 'B-')	E-	E-	0.0	major triad	(3, 7, 10)	E-	E-	1	None
1063.75	0.25	355	['E-3', 'E-4', 'G4', 'B-4', 'E-5']	['P1', 'M3', 'P5', 'P1']	[True, False, False, False, False]	355.0	3.0	497.0	I	False	('E-', 'G', 'B-')	E-	E-	0.0	major triad	(3, 7, 10)	E-	E-	1	None
1064.0	0.25	355	['D3', 'E-4', 'G4', 'B-4', 'E-5']	['m2', 'P4', 'm6', 'm2']	[True, False, False, False, False]	355.0	3.0	497.0	I	False	('E-', 'G', 'B-')	E-	E-	0.0	major triad	(3, 7, 10)	E-	E-	1	None
1064.25	0.25	355	['E-3', 'E-4', 'G4', 'B-4', 'E-5']	['P1', 'M3', 'P5', 'P1']	[True, False, False, False, False]	355.0	3.0	497.0	I	False	('E-', 'G', 'B-')	E-	E-	0.0	major triad	(3, 7, 10)	E-	E-	1	None
1064.5	0.25	355	['D3']	[]	[True]	355.0	3.0	497.0	I	False	('E-', 'G', 'B-')	E-	E-	0.0	major triad	(3, 7, 10)	E-	E-	1	None
1064.75	0.25	355	['E-3']	[]	[True]	355.0	3.0	497.0	I	False	('E-', 'G', 'B-')	E-	E-	0.0	major triad	(3, 7, 10)	E-	E-	1	None
1065.0	0.25	356	['E-2', 'B-3', 'E-4', 'G4', 'B-4']	['P5', 'P1', 'M3', 'P5']	[True, True, True, True, True]	356.0	3.0	498.0	I	True	('E-', 'G', 'B-')	E-	E-	0.0	major triad	(3, 7, 10)	E-	E-	1	None
1065.25	0.25	356	['E-3', 'B-3', 'E-4', 'G4', 'B-4']	['P5', 'P1', 'M3', 'P5']	[True, False, False, False, False]	356.0	3.0	498.0	I	False	('E-', 'G', 'B-')	E-	E-	0.0	major triad	(3, 7, 10)	E-	E-	1	None
1065.5	0.25	356	['D3', 'B-3', 'E-4', 'G4', 'B-4']	['m6', 'm2', 'P4', 'm6']	[True, False, False, False, False]	356.0	3.0	498.0	I	False	('E-', 'G', 'B-')	E-	E-	0.0	major triad	(3, 7, 10)	E-	E-	1	None
1065.75	0.25	356	['E-3', 'B-3', 'E-4', 'G4', 'B-4']	['P5', 'P1', 'M3', 'P5']	[True, False, False, False, False]	356.0	3.0	498.0	I	False	('E-', 'G', 'B-')	E-	E-	0.0	major triad	(3, 7, 10)	E-	E-	1	None
1066.0	0.25	356	['D3']	[]	[True]	356.0	3.0	498.0	I	False	('E-', 'G', 'B-')	E-	E-	0.0	major triad	(3, 7, 10)	E-	E-	1	None
1066.25	0.25	356	['E-3']	[]	[True]	356.0	3.0	498.0	I	False	('E-', 'G', 'B-')	E-	E-	0.0	major triad	(3, 7, 10)	E-	E-	1	None
1066.5	0.25	356	['D3', 'G4', 'B-4', 'E-5', 'G5']	['P4', 'm6', 'm2', 'P4']	[True, True, True, True, True]	356.0	3.0	498.0	I	False	('E-', 'G', 'B-')	E-	E-	0.0	major triad	(3, 7, 10)	E-	E-	1	None
1066.75	0.25	356	['E-3', 'G4', 'B-4', 'E-5', 'G5']	['M3', 'P5', 'P1', 'M3']	[True, False, False, False, False]	356.0	3.0	498.0	I	False	('E-', 'G', 'B-')	E-	E-	0.0	major triad	(3, 7, 10)	E-	E-	1	None
1067.0	0.25	356	['D3', 'G4', 'B-4', 'E-5', 'G5']	['P4', 'm6', 'm2', 'P4']	[True, False, False, False, False]	356.0	3.0	498.0	I	False	('E-', 'G', 'B-')	E-	E-	0.0	major triad	(3, 7, 10)	E-	E-	1	None
1067.25	0.25	356	['E-3', 'G4', 'B-4', 'E-5', 'G5']	['M3', 'P5', 'P1', 'M3']	[True, False, False, False, False]	356.0	3.0	498.0	I	False	('E-', 'G', 'B-')	E-	E-	0.0	major triad	(3, 7, 10)	E-	E-	1	None
1067.5	0.25	356	['D3']	[]	[True]	356.0	3.0	498.0	I	False	('E-', 'G', 'B-')	E-	E-	0.0	major triad	(3, 7, 10)	E-	E-	1	None
1067.75	0.25	356	['E-3']	[]	[True]	356.0	3.0	498.0	I	False	('E-', 'G', 'B-')	E-	E-	0.0	major triad	(3, 7, 10)	E-	E-	1	None
1068.0	0.25	357	['E-2', 'E-4', 'G4', 'B-4', 'E-5']	['P1', 'M3', 'P5', 'P1']	[True, True, True, True, True]	357.0	3.0	499.0	I	True	('E-', 'G', 'B-')	E-	E-	0.0	major triad	(3, 7, 10)	E-	E-	1	None
1068.25	0.25	357	['E-3', 'E-4', 'G4', 'B-4', 'E-5']	['P1', 'M3', 'P5', 'P1']	[True, False, False, False, False]	357.0	3.0	499.0	I	False	('E-', 'G', 'B-')	E-	E-	0.0	major triad	(3, 7, 10)	E-	E-	1	None
1068.5	0.25	357	['D3', 'E-4', 'G4', 'B-4', 'E-5']	['m2', 'P4', 'm6', 'm2']	[True, False, False, False, False]	357.0	3.0	499.0	I	False	('E-', 'G', 'B-')	E-	E-	0.0	major triad	(3, 7, 10)	E-	E-	1	None
1068.75	0.25	357	['E-3', 'E-4', 'G4', 'B-4', 'E-5']	['P1', 'M3', 'P5', 'P1']	[True, False, False, False, False]	357.0	3.0	499.0	I	False	('E-', 'G', 'B-')	E-	E-	0.0	major triad	(3, 7, 10)	E-	E-	1	None
1069.0	0.25	357	['D3']	[]	[True]	357.0	3.0	499.0	I	False	('E-', 'G', 'B-')	E-	E-	0.0	major triad	(3, 7, 10)	E-	E-	1	None
1069.25	0.25	357	['E-3']	[]	[True]	357.0	3.0	499.0	I	False	('E-', 'G', 'B-')	E-	E-	0.0	major triad	(3, 7, 10)	E-	E-	1	None
1069.5	0.25	357	['D3', 'B-4', 'E-5', 'G5', 'B-5']	['m6', 'm2', 'P4', 'm6']	[True, True, True, True, True]	357.0	3.0	499.0	I	False	('E-', 'G', 'B-')	E-	E-	0.0	major triad	(3, 7, 10)	E-	E-	1	None
1069.75	0.25	357	['E-3', 'B-4', 'E-5', 'G5', 'B-5']	['P5', 'P1', 'M3', 'P5']	[True, False, False, False, False]	357.0	3.0	499.0	I	False	('E-', 'G', 'B-')	E-	E-	0.0	major triad	(3, 7, 10)	E-	E-	1	None
1070.0	0.25	357	['D3', 'B-4', 'E-5', 'G5', 'B-5']	['m6', 'm2', 'P4', 'm6']	[True, False, False, False, False]	357.0	3.0	499.0	I	False	('E-', 'G', 'B-')	E-	E-	0.0	major triad	(3, 7, 10)	E-	E-	1	None
1070.25	0.25	357	['E-3', 'B-4', 'E-5', 'G5', 'B-5']	['P5', 'P1', 'M3', 'P5']	[True, False, False, False, False]	357.0	3.0	499.0	I	False	('E-', 'G', 'B-')	E-	E-	0.0	major triad	(3, 7, 10)	E-	E-	1	None
1070.5	0.25	357	['D3']	[]	[True]	357.0	3.0	499.0	I	False	('E-', 'G', 'B-')	E-	E-	0.0	major triad	(3, 7, 10)	E-	E-	1	None
1070.75	0.25	357	['E-3']	[]	[True]	357.0	3.0	499.0	I	False	('E-', 'G', 'B-')	E-	E-	0.0	major triad	(3, 7, 10)	E-	E-	1	None
1071.0	0.25	358	['B-2', 'G4', 'B-4', 'E-5', 'G5']	['M6', 'P1', 'P4', 'M6']	[True, True, True, True, True]	358.0	3.0	500.0	I	True	('E-', 'G', 'B-')	E-	E-	0.0	major triad	(3, 7, 10)	E-	E-	1	None
1071.25	0.25	358	['E-3', 'G4', 'B-4', 'E-5', 'G5']	['M3', 'P5', 'P1', 'M3']	[True, False, False, False, False]	358.0	3.0	500.0	I	False	('E-', 'G', 'B-')	E-	E-	0.0	major triad	(3, 7, 10)	E-	E-	1	None
1071.5	0.25	358	['D3', 'G4', 'B-4', 'E-5', 'G5']	['P4', 'm6', 'm2', 'P4']	[True, False, False, False, False]	358.0	3.0	500.0	I	False	('E-', 'G', 'B-')	E-	E-	0.0	major triad	(3, 7, 10)	E-	E-	1	None
1071.75	0.25	358	['E-3', 'G4', 'B-4', 'E-5', 'G5']	['M3', 'P5', 'P1', 'M3']	[True, False, False, False, False]	358.0	3.0	500.0	I	False	('E-', 'G', 'B-')	E-	E-	0.0	major triad	(3, 7, 10)	E-	E-	1	None
1072.0	0.25	358	['D3']	[]	[True]	358.0	3.0	500.0	I	False	('E-', 'G', 'B-')	E-	E-	0.0	major triad	(3, 7, 10)	E-	E-	1	None
1072.25	0.25	358	['E-3']	[]	[True]	358.0	3.0	500.0	I	False	('E-', 'G', 'B-')	E-	E-	0.0	major triad	(3, 7, 10)	E-	E-	1	None
1072.5	0.25	358	['G2', 'E-5', 'G5', 'B-5', 'E-6']	['m6', 'P1', 'm3', 'm6']	[True, True, True, True, True]	358.0	3.0	500.0	I	False	('E-', 'G', 'B-')	E-	E-	0.0	major triad	(3, 7, 10)	E-	E-	1	None
1072.75	0.25	358	['E-3', 'E-5', 'G5', 'B-5', 'E-6']	['P1', 'M3', 'P5', 'P1']	[True, False, False, False, False]	358.0	3.0	500.0	I	False	('E-', 'G', 'B-')	E-	E-	0.0	major triad	(3, 7, 10)	E-	E-	1	None
1073.0	0.25	358	['D3', 'E-5', 'G5', 'B-5', 'E-6']	['m2', 'P4', 'm6', 'm2']	[True, False, False, False, False]	358.0	3.0	500.0	I	False	('E-', 'G', 'B-')	E-	E-	0.0	major triad	(3, 7, 10)	E-	E-	1	None
1073.25	0.25	358	['E-3', 'E-5', 'G5', 'B-5', 'E-6']	['P1', 'M3', 'P5', 'P1']	[True, False, False, False, False]	358.0	3.0	500.0	I	False	('E-', 'G', 'B-')	E-	E-	0.0	major triad	(3, 7, 10)	E-	E-	1	None
1073.5	0.25	358	['D3']	[]	[True]	358.0	3.0	500.0	I	False	('E-', 'G', 'B-')	E-	E-	0.0	major triad	(3, 7, 10)	E-	E-	1	None
1073.75	0.25	358	['E-3']	[]	[True]	358.0	3.0	500.0	I	False	('E-', 'G', 'B-')	E-	E-	0.0	major triad	(3, 7, 10)	E-	E-	1	None
1074.0	1.0	359	['E-2', 'G3', 'B-3', 'E-4']	['M3', 'P5', 'P1']	[True, True, True, True]	359.0	1.5	501.0	I	True	('E-', 'G', 'B-')	E-	E-	0.0	major triad	(3, 7, 10)	E-	E-	1	None
1075.0	0.5	359	['E-2', 'G3', 'B-3', 'E-4']	['M3', 'P5', 'P1']	[True, True, True, True]	359.0	1.5	501.0	I	False	('E-', 'G', 'B-')	E-	E-	0.0	major triad	(3, 7, 10)	E-	E-	1	None
1075.5	1.0	359	['B-1', 'B-2', 'F3', 'A-3', 'B-3', 'D4']	['P1', 'P5', 'm7', 'P1', 'M3']	[True, True, True, True, True, True]	359.0	1.5	502.0	V7	True	('B-', 'D', 'F', 'A-')	B-	B-	0.0	dominant seventh chord	(2, 5, 8, 10)	E-	E-	5	None
1076.5	0.5	359	['B-1', 'B-2', 'F3', 'A-3', 'B-3', 'D4']	['P1', 'P5', 'm7', 'P1', 'M3']	[True, True, True, True, True, True]	359.0	1.5	502.0	V7	False	('B-', 'D', 'F', 'A-')	B-	B-	0.0	dominant seventh chord	(2, 5, 8, 10)	E-	E-	5	None
1077.0	1.0	360	['E-2', 'E-3', 'G3', 'B-3', 'E-4']	['P1', 'M3', 'P5', 'P1']	[True, True, True, True, True]	360.0	1.5	503.0	I	True	('E-', 'G', 'B-')	E-	E-	0.0	major triad	(3, 7, 10)	E-	E-	1	None
1078.0	0.5	360	['E-2', 'E-3', 'G3', 'B-3', 'E-4']	['P1', 'M3', 'P5', 'P1']	[True, True, True, True, True]	360.0	1.5	503.0	I	False	('E-', 'G', 'B-')	E-	E-	0.0	major triad	(3, 7, 10)	E-	E-	1	None
1078.5	1.0	360	['B-1', 'B-2', 'D5', 'F5', 'A-5', 'B-5', 'D6']	['P1', 'M3', 'P5', 'm7', 'P1', 'M3']	[True, True, True, True, True, True, True]	360.0	1.5	504.0	V7	True	('B-', 'D', 'F', 'A-')	B-	B-	0.0	dominant seventh chord	(2, 5, 8, 10)	E-	E-	5	None
1079.5	0.5	360	['B-1', 'B-2', 'D5', 'F5', 'A-5', 'B-5', 'D6']	['P1', 'M3', 'P5', 'm7', 'P1', 'M3']	[True, True, True, True, True, True, True]	360.0	1.5	504.0	V7	False	('B-', 'D', 'F', 'A-')	B-	B-	0.0	dominant seventh chord	(2, 5, 8, 10)	E-	E-	5	None
1080.0	1.0	361	['E-2', 'E-3', 'E-5', 'G5', 'B-5', 'E-6']	['P1', 'P1', 'M3', 'P5', 'P1']	[True, True, True, True, True, True]	361.0	3.0	505.0	I	True	('E-', 'G', 'B-')	E-	E-	0.0	major triad	(3, 7, 10)	E-	E-	1	None
1081.0	2.0	361	['E-2', 'E-3', 'E-5', 'G5', 'B-5', 'E-6']	['P1', 'P1', 'M3', 'P5', 'P1']	[True, True, True, True, True, True]	361.0	3.0	505.0	I	False	('E-', 'G', 'B-')	E-	E-	0.0	major triad	(3, 7, 10)	E-	E-	1	None
1083.0	3.0	362	['E-2', 'E-3', 'E-5', 'G5', 'B-5', 'E-6']	['P1', 'P1', 'M3', 'P5', 'P1']	[True, True, True, True, True, True]	361.0	3.0	505.0	I	False	('E-', 'G', 'B-')	E-	E-	0.0	major triad	(3, 7, 10)	E-	E-	1	None
