j_offset	s_duration	s_measure	s_notes	s_intervals	s_isOnset	a_measure	a_duration	a_annotationNumber	a_romanNumeral	a_isOnset	a_pitchNames	a_bass	a_root	a_inversion	a_quality	a_pcset	a_localKey	a_tonicizedKey	a_degree1	a_degree2
0.0	1.0	1	['B-3', 'G4', 'B-4']	['M6', 'P1']	[True, True, True]	1.0	4.0	0.0	I	True	('E-', 'G', 'B-')	E-	E-	0.0	major triad	(3, 7, 10)	E-	E-	1	None
1.0	1.0	1	['B-3', 'G4', 'B-4']	['M6', 'P1']	[True, True, True]	1.0	4.0	0.0	I	False	('E-', 'G', 'B-')	E-	E-	0.0	major triad	(3, 7, 10)	E-	E-	1	None
2.0	0.25	1	['B-3', 'E-4', 'G4']	['P4', 'M6']	[True, True, True]	1.0	4.0	0.0	I	False	('E-', 'G', 'B-')	E-	E-	0.0	major triad	(3, 7, 10)	E-	E-	1	None
2.25	0.25	1	['B-2', 'B-3', 'E-4', 'G4']	['P1', 'P4', 'M6']	[True, False, False, False]	1.0	4.0	0.0	I	False	('E-', 'G', 'B-')	E-	E-	0.0	major triad	(3, 7, 10)	E-	E-	1	None
2.5	0.25	1	['C3', 'B-3', 'E-4', 'G4']	['m7', 'm3', 'P5']	[True, False, False, False]	1.0	4.0	0.0	I	False	('E-', 'G', 'B-')	E-	E-	0.0	major triad	(3, 7, 10)	E-	E-	1	None
2.75	0.25	1	['D3', 'B-3', 'E-4', 'G4']	['m6', 'm2', 'P4']	[True, False, False, False]	1.0	4.0	0.0	I	False	('E-', 'G', 'B-')	E-	E-	0.0	major triad	(3, 7, 10)	E-	E-	1	None
3.0	0.25	1	['E-3', 'B-3', 'E-4', 'G4']	['P5', 'P1', 'M3']	[True, False, False, False]	1.0	4.0	0.0	I	False	('E-', 'G', 'B-')	E-	E-	0.0	major triad	(3, 7, 10)	E-	E-	1	None
3.25	0.25	1	['F3', 'B-3', 'E-4', 'G4']	['P4', 'm7', 'M2']	[True, False, False, False]	1.0	4.0	0.0	I	False	('E-', 'G', 'B-')	E-	E-	0.0	major triad	(3, 7, 10)	E-	E-	1	None
3.5	0.25	1	['G3', 'B-3', 'E-4', 'G4']	['m3', 'm6', 'P1']	[True, False, False, False]	1.0	4.0	0.0	I	False	('E-', 'G', 'B-')	E-	E-	0.0	major triad	(3, 7, 10)	E-	E-	1	None
3.75	0.25	1	['E-3', 'B-3', 'E-4', 'G4']	['P5', 'P1', 'M3']	[True, False, False, False]	1.0	4.0	0.0	I	False	('E-', 'G', 'B-')	E-	E-	0.0	major triad	(3, 7, 10)	E-	E-	1	None
4.0	0.5	2	['A-3', 'B-3', 'D4', 'F4']	['M2', 'A4', 'M6']	[True, True, True, True]	2.0	4.0	1.0	V7	True	('B-', 'D', 'F', 'A-')	B-	B-	0.0	dominant seventh chord	(2, 5, 8, 10)	E-	E-	5	None
4.5	0.5	2	['B-3', 'D4', 'F4']	['M3', 'P5']	[False, False, False]	2.0	4.0	1.0	V7	False	('B-', 'D', 'F', 'A-')	B-	B-	0.0	dominant seventh chord	(2, 5, 8, 10)	E-	E-	5	None
5.0	1.0	2	['B-3', 'D4', 'F4']	['M3', 'P5']	[True, True, True]	2.0	4.0	1.0	V7	False	('B-', 'D', 'F', 'A-')	B-	B-	0.0	dominant seventh chord	(2, 5, 8, 10)	E-	E-	5	None
6.0	0.25	2	['A-3', 'B-3', 'F4', 'A-4', 'B-4']	['M2', 'M6', 'P1', 'M2']	[True, True, True, True, True]	2.0	4.0	1.0	V7	False	('B-', 'D', 'F', 'A-')	B-	B-	0.0	dominant seventh chord	(2, 5, 8, 10)	E-	E-	5	None
6.25	0.25	2	['G3', 'B-3', 'F4', 'A-4', 'B-4']	['m3', 'm7', 'm2', 'm3']	[True, False, False, False, False]	2.0	4.0	1.0	V7	False	('B-', 'D', 'F', 'A-')	B-	B-	0.0	dominant seventh chord	(2, 5, 8, 10)	E-	E-	5	None
6.5	0.25	2	['F3', 'B-3', 'F4', 'A-4', 'B-4']	['P4', 'P1', 'm3', 'P4']	[True, False, False, False, False]	2.0	4.0	1.0	V7	False	('B-', 'D', 'F', 'A-')	B-	B-	0.0	dominant seventh chord	(2, 5, 8, 10)	E-	E-	5	None
6.75	0.25	2	['E-3', 'B-3', 'F4', 'A-4', 'B-4']	['P5', 'M2', 'P4', 'P5']	[True, False, False, False, False]	2.0	4.0	1.0	V7	False	('B-', 'D', 'F', 'A-')	B-	B-	0.0	dominant seventh chord	(2, 5, 8, 10)	E-	E-	5	None
7.0	0.25	2	['D3', 'B-3', 'F4', 'A-4', 'B-4']	['m6', 'm3', 'd5', 'm6']	[True, False, False, False, False]	2.0	4.0	1.0	V7	False	('B-', 'D', 'F', 'A-')	B-	B-	0.0	dominant seventh chord	(2, 5, 8, 10)	E-	E-	5	None
7.25	0.25	2	['C3', 'B-3', 'F4', 'A-4', 'B-4']	['m7', 'P4', 'm6', 'm7']	[True, False, False, False, False]	2.0	4.0	1.0	V7	False	('B-', 'D', 'F', 'A-')	B-	B-	0.0	dominant seventh chord	(2, 5, 8, 10)	E-	E-	5	None
7.5	0.25	2	['B-2', 'B-3', 'F4', 'A-4', 'B-4']	['P1', 'P5', 'm7', 'P1']	[True, False, False, False, False]	2.0	4.0	1.0	V7	False	('B-', 'D', 'F', 'A-')	B-	B-	0.0	dominant seventh chord	(2, 5, 8, 10)	E-	E-	5	None
7.75	0.25	2	['D3', 'B-3', 'F4', 'A-4', 'B-4']	['m6', 'm3', 'd5', 'm6']	[True, False, False, False, False]	2.0	4.0	1.0	V7	False	('B-', 'D', 'F', 'A-')	B-	B-	0.0	dominant seventh chord	(2, 5, 8, 10)	E-	E-	5	None
8.0	0.5	3	['E-3', 'B-3', 'G4', 'B-4']	['P5', 'M3', 'P5']	[True, True, True, True]	3.0	4.0	2.0	I	True	('E-', 'G', 'B-')	E-	E-	0.0	major triad	(3, 7, 10)	E-	E-	1	None
8.5	0.5	3	['B-3', 'G4', 'B-4']	['M6', 'P1']	[False, False, False]	3.0	4.0	2.0	I	False	('E-', 'G', 'B-')	E-	E-	0.0	major triad	(3, 7, 10)	E-	E-	1	None
9.0	1.0	3	['B-3', 'G4', 'B-4']	['M6', 'P1']	[True, True, True]	3.0	4.0	2.0	I	False	('E-', 'G', 'B-')	E-	E-	0.0	major triad	(3, 7, 10)	E-	E-	1	None
10.0	0.25	3	['B-3', 'E-4', 'G4']	['P4', 'M6']	[True, True, True]	3.0	4.0	2.0	I	False	('E-', 'G', 'B-')	E-	E-	0.0	major triad	(3, 7, 10)	E-	E-	1	None
10.25	0.25	3	['B-2', 'B-3', 'E-4', 'G4']	['P1', 'P4', 'M6']	[True, False, False, False]	3.0	4.0	2.0	I	False	('E-', 'G', 'B-')	E-	E-	0.0	major triad	(3, 7, 10)	E-	E-	1	None
10.5	0.25	3	['C3', 'B-3', 'E-4', 'G4']	['m7', 'm3', 'P5']	[True, False, False, False]	3.0	4.0	2.0	I	False	('E-', 'G', 'B-')	E-	E-	0.0	major triad	(3, 7, 10)	E-	E-	1	None
10.75	0.25	3	['D3', 'B-3', 'E-4', 'G4']	['m6', 'm2', 'P4']	[True, False, False, False]	3.0	4.0	2.0	I	False	('E-', 'G', 'B-')	E-	E-	0.0	major triad	(3, 7, 10)	E-	E-	1	None
11.0	0.25	3	['E-3', 'B-3', 'E-4', 'G4']	['P5', 'P1', 'M3']	[True, False, False, False]	3.0	4.0	2.0	I	False	('E-', 'G', 'B-')	E-	E-	0.0	major triad	(3, 7, 10)	E-	E-	1	None
11.25	0.25	3	['F3', 'B-3', 'E-4', 'G4']	['P4', 'm7', 'M2']	[True, False, False, False]	3.0	4.0	2.0	I	False	('E-', 'G', 'B-')	E-	E-	0.0	major triad	(3, 7, 10)	E-	E-	1	None
11.5	0.25	3	['G3', 'B-3', 'E-4', 'G4']	['m3', 'm6', 'P1']	[True, False, False, False]	3.0	4.0	2.0	I	False	('E-', 'G', 'B-')	E-	E-	0.0	major triad	(3, 7, 10)	E-	E-	1	None
11.75	0.25	3	['E-3', 'B-3', 'E-4', 'G4']	['P5', 'P1', 'M3']	[True, False, False, False]	3.0	4.0	2.0	I	False	('E-', 'G', 'B-')	E-	E-	0.0	major triad	(3, 7, 10)	E-	E-	1	None
12.0	0.25	4	['A-3', 'B-3', 'D4', 'F4']	['M2', 'A4', 'M6']	[True, True, True, True]	4.0	2.0	3.0	V7	True	('B-', 'D', 'F', 'A-')	B-	B-	0.0	dominant seventh chord	(2, 5, 8, 10)	E-	E-	5	None
12.25	0.25	4	['F3', 'B-3', 'D4', 'F4']	['P4', 'M6', 'P1']	[True, False, False, False]	4.0	2.0	3.0	V7	False	('B-', 'D', 'F', 'A-')	B-	B-	0.0	dominant seventh chord	(2, 5, 8, 10)	E-	E-	5	None
12.5	0.25	4	['D3', 'B-4']	['m6']	[True, True]	4.0	2.0	3.0	V7	False	('B-', 'D', 'F', 'A-')	B-	B-	0.0	dominant seventh chord	(2, 5, 8, 10)	E-	E-	5	None
12.75	0.25	4	['B-2', 'B-4']	['P1']	[True, False]	4.0	2.0	3.0	V7	False	('B-', 'D', 'F', 'A-')	B-	B-	0.0	dominant seventh chord	(2, 5, 8, 10)	E-	E-	5	None
13.0	0.25	4	['A-2', 'B-4']	['M2']	[True, False]	4.0	2.0	3.0	V7	False	('B-', 'D', 'F', 'A-')	B-	B-	0.0	dominant seventh chord	(2, 5, 8, 10)	E-	E-	5	None
13.25	0.25	4	['F2', 'B-4']	['P4']	[True, False]	4.0	2.0	3.0	V7	False	('B-', 'D', 'F', 'A-')	B-	B-	0.0	dominant seventh chord	(2, 5, 8, 10)	E-	E-	5	None
13.5	0.25	4	['D2', 'A-3', 'B-4']	['d5', 'm6']	[True, True, True]	4.0	2.0	3.0	V7	False	('B-', 'D', 'F', 'A-')	B-	B-	0.0	dominant seventh chord	(2, 5, 8, 10)	E-	E-	5	None
13.75	0.25	4	['B-1', 'A-3', 'B-4']	['m7', 'P1']	[True, False, False]	4.0	2.0	3.0	V7	False	('B-', 'D', 'F', 'A-')	B-	B-	0.0	dominant seventh chord	(2, 5, 8, 10)	E-	E-	5	None
14.0	1.0	4	['E-2', 'G3', 'E-4']	['M3', 'P1']	[True, True, True]	4.0	2.0	4.0	I	True	('E-', 'G', 'B-')	E-	E-	0.0	major triad	(3, 7, 10)	E-	E-	1	None
15.0	0.5	4	['E-3']	[]	[True]	4.0	2.0	4.0	I	False	('E-', 'G', 'B-')	E-	E-	0.0	major triad	(3, 7, 10)	E-	E-	1	None
15.5	0.5	4	['E-3']	[]	[True]	4.0	2.0	4.0	I	False	('E-', 'G', 'B-')	E-	E-	0.0	major triad	(3, 7, 10)	E-	E-	1	None
16.0	1.0	5	['F4', 'A-4']	['m3']	[True, True]	5.0	4.0	5.0	V7	True	('B-', 'D', 'F', 'A-')	B-	B-	0.0	dominant seventh chord	(2, 5, 8, 10)	E-	E-	5	None
17.0	1.0	5	['F4', 'A-4']	['m3']	[True, True]	5.0	4.0	5.0	V7	False	('B-', 'D', 'F', 'A-')	B-	B-	0.0	dominant seventh chord	(2, 5, 8, 10)	E-	E-	5	None
18.0	0.25	5	['F4', 'A-4', 'D5']	['m3', 'M6']	[True, True, True]	5.0	4.0	5.0	V7	False	('B-', 'D', 'F', 'A-')	B-	B-	0.0	dominant seventh chord	(2, 5, 8, 10)	E-	E-	5	None
18.25	0.25	5	['B-1', 'F4', 'A-4', 'D5']	['P5', 'm7', 'M3']	[True, False, False, False]	5.0	4.0	5.0	V7	False	('B-', 'D', 'F', 'A-')	B-	B-	0.0	dominant seventh chord	(2, 5, 8, 10)	E-	E-	5	None
18.5	0.25	5	['B-2', 'F4', 'A-4', 'D5']	['P5', 'm7', 'M3']	[True, False, False, False]	5.0	4.0	5.0	V7	False	('B-', 'D', 'F', 'A-')	B-	B-	0.0	dominant seventh chord	(2, 5, 8, 10)	E-	E-	5	None
18.75	0.25	5	['C3', 'F4', 'A-4', 'D5']	['P4', 'm6', 'M2']	[True, False, False, False]	5.0	4.0	5.0	V7	False	('B-', 'D', 'F', 'A-')	B-	B-	0.0	dominant seventh chord	(2, 5, 8, 10)	E-	E-	5	None
19.0	0.25	5	['D3', 'F4', 'A-4', 'D5']	['m3', 'd5', 'P1']	[True, False, False, False]	5.0	4.0	5.0	V7	False	('B-', 'D', 'F', 'A-')	B-	B-	0.0	dominant seventh chord	(2, 5, 8, 10)	E-	E-	5	None
19.25	0.25	5	['E-3', 'F4', 'A-4', 'D5']	['M2', 'P4', 'M7']	[True, False, False, False]	5.0	4.0	5.0	V7	False	('B-', 'D', 'F', 'A-')	B-	B-	0.0	dominant seventh chord	(2, 5, 8, 10)	E-	E-	5	None
19.5	0.25	5	['F3', 'F4', 'A-4', 'D5']	['P1', 'm3', 'M6']	[True, False, False, False]	5.0	4.0	5.0	V7	False	('B-', 'D', 'F', 'A-')	B-	B-	0.0	dominant seventh chord	(2, 5, 8, 10)	E-	E-	5	None
19.75	0.25	5	['G3', 'F4', 'A-4', 'D5']	['m7', 'm2', 'P5']	[True, False, False, False]	5.0	4.0	5.0	V7	False	('B-', 'D', 'F', 'A-')	B-	B-	0.0	dominant seventh chord	(2, 5, 8, 10)	E-	E-	5	None
20.0	0.5	6	['A3', 'F4', 'D5']	['m6', 'P4']	[True, True, True]	6.0	4.0	6.0	V7	True	('B-', 'D', 'F', 'A-')	B-	B-	0.0	dominant seventh chord	(2, 5, 8, 10)	E-	E-	5	None
20.5	0.5	6	['B-3', 'F4', 'D5']	['P5', 'M3']	[True, False, False]	6.0	4.0	6.0	V7	False	('B-', 'D', 'F', 'A-')	B-	B-	0.0	dominant seventh chord	(2, 5, 8, 10)	E-	E-	5	None
21.0	1.0	6	['B-3', 'F4', 'D5']	['P5', 'M3']	[False, True, True]	6.0	4.0	6.0	V7	False	('B-', 'D', 'F', 'A-')	B-	B-	0.0	dominant seventh chord	(2, 5, 8, 10)	E-	E-	5	None
22.0	0.25	6	['B-3', 'F4', 'A-4', 'D5', 'F5']	['P5', 'm7', 'M3', 'P5']	[False, True, True, True, True]	6.0	4.0	6.0	V7	False	('B-', 'D', 'F', 'A-')	B-	B-	0.0	dominant seventh chord	(2, 5, 8, 10)	E-	E-	5	None
22.25	0.25	6	['B-1', 'F4', 'A-4', 'D5', 'F5']	['P5', 'm7', 'M3', 'P5']	[True, False, False, False, False]	6.0	4.0	6.0	V7	False	('B-', 'D', 'F', 'A-')	B-	B-	0.0	dominant seventh chord	(2, 5, 8, 10)	E-	E-	5	None
22.5	0.25	6	['B-2', 'F4', 'A-4', 'D5', 'F5']	['P5', 'm7', 'M3', 'P5']	[True, False, False, False, False]	6.0	4.0	6.0	V7	False	('B-', 'D', 'F', 'A-')	B-	B-	0.0	dominant seventh chord	(2, 5, 8, 10)	E-	E-	5	None
22.75	0.25	6	['C3', 'F4', 'A-4', 'D5', 'F5']	['P4', 'm6', 'M2', 'P4']	[True, False, False, False, False]	6.0	4.0	6.0	V7	False	('B-', 'D', 'F', 'A-')	B-	B-	0.0	dominant seventh chord	(2, 5, 8, 10)	E-	E-	5	None
23.0	0.25	6	['D3', 'F4', 'A-4', 'D5', 'F5']	['m3', 'd5', 'P1', 'm3']	[True, False, False, False, False]	6.0	4.0	6.0	V7	False	('B-', 'D', 'F', 'A-')	B-	B-	0.0	dominant seventh chord	(2, 5, 8, 10)	E-	E-	5	None
23.25	0.25	6	['E-3', 'F4', 'A-4', 'D5', 'F5']	['M2', 'P4', 'M7', 'M2']	[True, False, False, False, False]	6.0	4.0	6.0	V7	False	('B-', 'D', 'F', 'A-')	B-	B-	0.0	dominant seventh chord	(2, 5, 8, 10)	E-	E-	5	None
23.5	0.25	6	['F3', 'F4', 'A-4', 'D5', 'F5']	['P1', 'm3', 'M6', 'P1']	[True, False, False, False, False]	6.0	4.0	6.0	V7	False	('B-', 'D', 'F', 'A-')	B-	B-	0.0	dominant seventh chord	(2, 5, 8, 10)	E-	E-	5	None
23.75	0.25	6	['G3', 'F4', 'A-4', 'D5', 'F5']	['m7', 'm2', 'P5', 'm7']	[True, False, False, False, False]	6.0	4.0	6.0	V7	False	('B-', 'D', 'F', 'A-')	B-	B-	0.0	dominant seventh chord	(2, 5, 8, 10)	E-	E-	5	None
24.0	0.5	7	['A3', 'F4', 'D5', 'F5']	['m6', 'P4', 'm6']	[True, True, True, True]	7.0	2.5	7.0	V7	True	('B-', 'D', 'F', 'A-')	B-	B-	0.0	dominant seventh chord	(2, 5, 8, 10)	E-	E-	5	None
24.5	0.5	7	['B-3', 'F4', 'D5', 'F5']	['P5', 'M3', 'P5']	[True, False, False, False]	7.0	2.5	7.0	V7	False	('B-', 'D', 'F', 'A-')	B-	B-	0.0	dominant seventh chord	(2, 5, 8, 10)	E-	E-	5	None
25.0	1.0	7	['B-3', 'F4', 'D5', 'F5']	['P5', 'M3', 'P5']	[False, True, True, True]	7.0	2.5	7.0	V7	False	('B-', 'D', 'F', 'A-')	B-	B-	0.0	dominant seventh chord	(2, 5, 8, 10)	E-	E-	5	None
26.0	0.5	7	['B-3', 'D5', 'F5', 'A-5']	['M3', 'P5', 'm7']	[False, True, True, True]	7.0	2.5	7.0	V7	False	('B-', 'D', 'F', 'A-')	B-	B-	0.0	dominant seventh chord	(2, 5, 8, 10)	E-	E-	5	None
26.5	0.5	7	['B3', 'D5', 'F5', 'A-5']	['m3', 'd5', 'd7']	[True, False, False, False]	7.0	0.5	8.0	viio7/vi	True	('B', 'D', 'F', 'A-')	B	B	0.0	diminished seventh chord	(2, 5, 8, 11)	E-	c	#7	6
27.0	0.5	7	['C4', 'E-5', 'A-5']	['m3', 'm6']	[True, True, False]	7.0	0.5	9.0	vi	True	('C', 'E-', 'G')	C	C	0.0	minor triad	(0, 3, 7)	E-	E-	6	None
27.5	0.5	7	['G3', 'B4', 'G5']	['M3', 'P1']	[True, True, True]	7.0	0.5	10.0	V/vi	True	('G', 'B', 'D')	G	G	0.0	major triad	(2, 7, 11)	E-	c	5	6
28.0	0.5	8	['A-3', 'C5', 'G5']	['M3', 'M7']	[True, True, True]	8.0	0.5	11.0	IV7	True	('A-', 'C', 'E-', 'G')	A-	A-	0.0	major seventh chord	(0, 3, 7, 8)	E-	E-	4	None
28.5	0.5	8	['A3', 'C5', 'F5']	['m3', 'm6']	[True, True, True]	8.0	0.5	12.0	V/V	True	('A', 'C', 'F')	A	F	1.0	major triad	(0, 5, 9)	E-	B-	5	5
29.0	0.5	8	['B-3', 'G4', 'E-5']	['M6', 'P4']	[True, True, True]	8.0	1.0	13.0	V7	True	('B-', 'D', 'F', 'A-')	B-	B-	0.0	dominant seventh chord	(2, 5, 8, 10)	E-	E-	5	None
29.5	0.5	8	['B-2', 'B-3', 'F4', 'A-4', 'D5']	['P1', 'P5', 'm7', 'M3']	[True, False, True, True, True]	8.0	1.0	13.0	V7	False	('B-', 'D', 'F', 'A-')	B-	B-	0.0	dominant seventh chord	(2, 5, 8, 10)	E-	E-	5	None
30.0	0.5	8	['E-3', 'B-3', 'A-4', 'F5']	['P5', 'P4', 'M2']	[True, False, True, True]	8.0	2.0	14.0	I	True	('E-', 'G', 'B-')	E-	E-	0.0	major triad	(3, 7, 10)	E-	E-	1	None
30.5	0.5	8	['E-3', 'D4', 'A-4', 'F5']	['M7', 'P4', 'M2']	[False, True, False, False]	8.0	2.0	14.0	I	False	('E-', 'G', 'B-')	E-	E-	0.0	major triad	(3, 7, 10)	E-	E-	1	None
31.0	0.5	8	['E-3', 'E-4', 'G4', 'E-5']	['P1', 'M3', 'P1']	[False, True, True, True]	8.0	2.0	14.0	I	False	('E-', 'G', 'B-')	E-	E-	0.0	major triad	(3, 7, 10)	E-	E-	1	None
31.5	0.5	8	['B-3']	[]	[True]	8.0	2.0	14.0	I	False	('E-', 'G', 'B-')	E-	E-	0.0	major triad	(3, 7, 10)	E-	E-	1	None
32.0	0.5	9	['E-2', 'B-2', 'E-3', 'G3', 'B-3', 'E-4', 'G4']	['P5', 'P1', 'M3', 'P5', 'P1', 'M3']	[True, True, True, True, True, True, True]	9.0	4.0	15.0	I	True	('E-', 'G', 'B-')	E-	E-	0.0	major triad	(3, 7, 10)	E-	E-	1	None
32.5	0.5	9	['E-2', 'B-2', 'E-3', 'G3', 'B-3', 'E-4', 'G4']	['P5', 'P1', 'M3', 'P5', 'P1', 'M3']	[True, True, True, True, True, True, False]	9.0	4.0	15.0	I	False	('E-', 'G', 'B-')	E-	E-	0.0	major triad	(3, 7, 10)	E-	E-	1	None
33.0	0.5	9	['E-2', 'B-2', 'E-3', 'G3', 'B-3', 'E-4', 'G4']	['P5', 'P1', 'M3', 'P5', 'P1', 'M3']	[True, True, True, True, True, True, True]	9.0	4.0	15.0	I	False	('E-', 'G', 'B-')	E-	E-	0.0	major triad	(3, 7, 10)	E-	E-	1	None
33.5	0.5	9	['E-2', 'B-2', 'E-3', 'G3', 'B-3', 'E-4', 'G4']	['P5', 'P1', 'M3', 'P5', 'P1', 'M3']	[True, True, True, True, True, True, False]	9.0	4.0	15.0	I	False	('E-', 'G', 'B-')	E-	E-	0.0	major triad	(3, 7, 10)	E-	E-	1	None
34.0	0.5	9	['E-2', 'B-2', 'E-3', 'G3', 'B-3', 'E-4', 'G4']	['P5', 'P1', 'M3', 'P5', 'P1', 'M3']	[True, True, True, True, True, True, True]	9.0	4.0	15.0	I	False	('E-', 'G', 'B-')	E-	E-	0.0	major triad	(3, 7, 10)	E-	E-	1	None
34.5	0.5	9	['E-2', 'B-2', 'E-3', 'G3', 'B-3', 'E-4', 'G4']	['P5', 'P1', 'M3', 'P5', 'P1', 'M3']	[True, True, True, True, True, True, False]	9.0	4.0	15.0	I	False	('E-', 'G', 'B-')	E-	E-	0.0	major triad	(3, 7, 10)	E-	E-	1	None
35.0	0.5	9	['E-2', 'B-2', 'E-3', 'G3', 'B-3', 'E-4', 'G4']	['P5', 'P1', 'M3', 'P5', 'P1', 'M3']	[True, True, True, True, True, True, False]	9.0	4.0	15.0	I	False	('E-', 'G', 'B-')	E-	E-	0.0	major triad	(3, 7, 10)	E-	E-	1	None
35.5	0.5	9	['E-2', 'B-2', 'E-3', 'G3', 'B-3', 'E-4', 'F4']	['P5', 'P1', 'M3', 'P5', 'P1', 'M2']	[True, True, True, True, True, True, True]	9.0	4.0	15.0	I	False	('E-', 'G', 'B-')	E-	E-	0.0	major triad	(3, 7, 10)	E-	E-	1	None
36.0	0.5	10	['E-2', 'B-2', 'E-3', 'G3', 'E-4']	['P5', 'P1', 'M3', 'P1']	[True, True, True, True, True]	10.0	4.0	16.0	I	True	('E-', 'G', 'B-')	E-	E-	0.0	major triad	(3, 7, 10)	E-	E-	1	None
36.5	0.5	10	['E-2', 'B-2', 'E-3', 'G3', 'E-4', 'F4']	['P5', 'P1', 'M3', 'P1', 'M2']	[True, True, True, True, True, True]	10.0	4.0	16.0	I	False	('E-', 'G', 'B-')	E-	E-	0.0	major triad	(3, 7, 10)	E-	E-	1	None
37.0	0.5	10	['E-2', 'B-2', 'E-3', 'G3', 'E-4', 'G4']	['P5', 'P1', 'M3', 'P1', 'M3']	[True, True, True, True, True, True]	10.0	4.0	16.0	I	False	('E-', 'G', 'B-')	E-	E-	0.0	major triad	(3, 7, 10)	E-	E-	1	None
37.5	0.5	10	['E-2', 'B-2', 'E-3', 'G3', 'E-4', 'A-4']	['P5', 'P1', 'M3', 'P1', 'P4']	[True, True, True, True, True, True]	10.0	4.0	16.0	I	False	('E-', 'G', 'B-')	E-	E-	0.0	major triad	(3, 7, 10)	E-	E-	1	None
38.0	0.5	10	['E-2', 'B-2', 'E-3', 'G3', 'E-4', 'A4']	['P5', 'P1', 'M3', 'P1', 'A4']	[True, True, True, True, True, True]	10.0	4.0	16.0	I	False	('E-', 'G', 'B-')	E-	E-	0.0	major triad	(3, 7, 10)	E-	E-	1	None
38.5	0.5	10	['E-2', 'B-2', 'E-3', 'G3', 'E-4', 'A4']	['P5', 'P1', 'M3', 'P1', 'A4']	[True, True, True, True, True, False]	10.0	4.0	16.0	I	False	('E-', 'G', 'B-')	E-	E-	0.0	major triad	(3, 7, 10)	E-	E-	1	None
39.0	0.5	10	['E-2', 'B-2', 'E-3', 'G3', 'E-4', 'B-4']	['P5', 'P1', 'M3', 'P1', 'P5']	[True, True, True, True, True, True]	10.0	4.0	16.0	I	False	('E-', 'G', 'B-')	E-	E-	0.0	major triad	(3, 7, 10)	E-	E-	1	None
39.5	0.5	10	['E-2', 'B-2', 'E-3', 'G3', 'E-4']	['P5', 'P1', 'M3', 'P1']	[True, True, True, True, True]	10.0	4.0	16.0	I	False	('E-', 'G', 'B-')	E-	E-	0.0	major triad	(3, 7, 10)	E-	E-	1	None
40.0	0.5	11	['F2', 'B-2', 'D3', 'A-3', 'D4', 'B-4']	['P4', 'M6', 'm3', 'M6', 'P4']	[True, True, True, True, True, True]	11.0	4.0	17.0	V7	True	('F', 'A-', 'B-', 'D')	F	B-	2.0	dominant seventh chord	(2, 5, 8, 10)	E-	E-	5	None
40.5	0.5	11	['F2', 'B-2', 'D3', 'A-3', 'D4', 'B-4']	['P4', 'M6', 'm3', 'M6', 'P4']	[True, True, True, True, True, False]	11.0	4.0	17.0	V7	False	('F', 'A-', 'B-', 'D')	F	B-	2.0	dominant seventh chord	(2, 5, 8, 10)	E-	E-	5	None
41.0	0.5	11	['F2', 'B-2', 'D3', 'A-3', 'D4', 'B-4']	['P4', 'M6', 'm3', 'M6', 'P4']	[True, True, True, True, True, True]	11.0	4.0	17.0	V7	False	('F', 'A-', 'B-', 'D')	F	B-	2.0	dominant seventh chord	(2, 5, 8, 10)	E-	E-	5	None
41.5	0.5	11	['F2', 'B-2', 'D3', 'A-3', 'D4', 'B-4']	['P4', 'M6', 'm3', 'M6', 'P4']	[True, True, True, True, True, False]	11.0	4.0	17.0	V7	False	('F', 'A-', 'B-', 'D')	F	B-	2.0	dominant seventh chord	(2, 5, 8, 10)	E-	E-	5	None
42.0	0.5	11	['F2', 'B-2', 'D3', 'A-3', 'D4', 'B-4']	['P4', 'M6', 'm3', 'M6', 'P4']	[True, True, True, True, True, True]	11.0	4.0	17.0	V7	False	('F', 'A-', 'B-', 'D')	F	B-	2.0	dominant seventh chord	(2, 5, 8, 10)	E-	E-	5	None
42.5	0.5	11	['F2', 'B-2', 'D3', 'A-3', 'D4', 'B-4']	['P4', 'M6', 'm3', 'M6', 'P4']	[True, True, True, True, True, False]	11.0	4.0	17.0	V7	False	('F', 'A-', 'B-', 'D')	F	B-	2.0	dominant seventh chord	(2, 5, 8, 10)	E-	E-	5	None
43.0	0.5	11	['F2', 'B-2', 'D3', 'A-3', 'D4', 'B-4']	['P4', 'M6', 'm3', 'M6', 'P4']	[True, True, True, True, True, False]	11.0	4.0	17.0	V7	False	('F', 'A-', 'B-', 'D')	F	B-	2.0	dominant seventh chord	(2, 5, 8, 10)	E-	E-	5	None
43.5	0.5	11	['F2', 'B-2', 'D3', 'A-3', 'D4', 'A-4']	['P4', 'M6', 'm3', 'M6', 'm3']	[True, True, True, True, True, True]	11.0	4.0	17.0	V7	False	('F', 'A-', 'B-', 'D')	F	B-	2.0	dominant seventh chord	(2, 5, 8, 10)	E-	E-	5	None
44.0	0.5	12	['B-1', 'B-2', 'A-3', 'D4', 'G4']	['P1', 'm7', 'M3', 'M6']	[True, True, True, True, True]	12.0	2.0	18.0	V7	True	('B-', 'D', 'F', 'A-')	B-	B-	0.0	dominant seventh chord	(2, 5, 8, 10)	E-	E-	5	None
44.5	0.5	12	['B-1', 'B-2', 'A-3', 'D4', 'F4']	['P1', 'm7', 'M3', 'P5']	[True, True, True, True, True]	12.0	2.0	18.0	V7	False	('B-', 'D', 'F', 'A-')	B-	B-	0.0	dominant seventh chord	(2, 5, 8, 10)	E-	E-	5	None
45.0	0.5	12	['B-1', 'B-2', 'A-3', 'D4', 'A-4']	['P1', 'm7', 'M3', 'm7']	[True, True, True, True, True]	12.0	2.0	18.0	V7	False	('B-', 'D', 'F', 'A-')	B-	B-	0.0	dominant seventh chord	(2, 5, 8, 10)	E-	E-	5	None
45.5	0.5	12	['B-1', 'B-2', 'A-3', 'D4']	['P1', 'm7', 'M3']	[True, True, True, True]	12.0	2.0	18.0	V7	False	('B-', 'D', 'F', 'A-')	B-	B-	0.0	dominant seventh chord	(2, 5, 8, 10)	E-	E-	5	None
46.0	0.5	12	['E-2', 'B-2', 'G3', 'F4']	['P5', 'M3', 'M2']	[True, True, True, True]	12.0	2.0	19.0	I	True	('E-', 'G', 'B-')	E-	E-	0.0	major triad	(3, 7, 10)	E-	E-	1	None
46.5	0.5	12	['E-2', 'B-2', 'G3', 'F4']	['P5', 'M3', 'M2']	[True, True, True, False]	12.0	2.0	19.0	I	False	('E-', 'G', 'B-')	E-	E-	0.0	major triad	(3, 7, 10)	E-	E-	1	None
47.0	0.5	12	['E-2', 'B-2', 'G3', 'E-4']	['P5', 'M3', 'P1']	[True, True, True, True]	12.0	2.0	19.0	I	False	('E-', 'G', 'B-')	E-	E-	0.0	major triad	(3, 7, 10)	E-	E-	1	None
47.5	0.5	12	['G4']	[]	[True]	12.0	2.0	19.0	I	False	('E-', 'G', 'B-')	E-	E-	0.0	major triad	(3, 7, 10)	E-	E-	1	None
48.0	1.0	13	['C3', 'E3', 'G3', 'C4', 'E4', 'G4', 'C5', 'E5']	['M3', 'P5', 'P1', 'M3', 'P5', 'P1', 'M3']	[True, True, True, True, True, True, True, True]	13.0	4.0	20.0	V	True	('C', 'E', 'G')	C	C	0.0	major triad	(0, 4, 7)	f	f	5	None
49.0	1.0	13	['C3', 'E3', 'G3', 'C4', 'E4', 'G4', 'C5', 'E5']	['M3', 'P5', 'P1', 'M3', 'P5', 'P1', 'M3']	[True, True, True, True, True, True, True, True]	13.0	4.0	20.0	V	False	('C', 'E', 'G')	C	C	0.0	major triad	(0, 4, 7)	f	f	5	None
50.0	1.5	13	['C3', 'E3', 'G3', 'C4', 'E4', 'G4', 'C5', 'E5']	['M3', 'P5', 'P1', 'M3', 'P5', 'P1', 'M3']	[True, True, True, True, True, True, True, True]	13.0	4.0	20.0	V	False	('C', 'E', 'G')	C	C	0.0	major triad	(0, 4, 7)	f	f	5	None
51.5	0.5	13	['C4', 'E4', 'C5']	['M3', 'P1']	[True, True, True]	13.0	4.0	20.0	V	False	('C', 'E', 'G')	C	C	0.0	major triad	(0, 4, 7)	f	f	5	None
52.0	0.5	14	['B3', 'C4', 'F4', 'D5']	['m2', 'd5', 'm3']	[True, True, True, True]	14.0	0.5	21.0	viio/V	True	('B', 'D', 'F')	B	B	0.0	diminished triad	(2, 5, 11)	f	C	7	5
52.5	0.5	14	['B-3', 'C4', 'G4', 'C5', 'E5']	['M2', 'M6', 'M2', 'A4']	[True, True, True, True, True]	14.0	0.5	22.0	V7	True	('B-', 'C', 'E', 'G')	B-	C	3.0	dominant seventh chord	(0, 4, 7, 10)	f	f	5	None
53.0	0.5	14	['A-3', 'C4', 'A-4', 'C5', 'F5']	['M3', 'P1', 'M3', 'M6']	[True, True, True, True, True]	14.0	0.5	23.0	i	True	('A-', 'C', 'F')	A-	F	1.0	minor triad	(0, 5, 8)	f	f	1	None
53.5	0.5	14	['E3', 'C4', 'B-4', 'C5', 'G5']	['m6', 'd5', 'm6', 'm3']	[True, True, True, True, True]	14.0	0.5	24.0	V7	True	('E', 'G', 'B-', 'C')	E	C	1.0	dominant seventh chord	(0, 4, 7, 10)	f	f	5	None
54.0	1.5	14	['F3', 'C4', 'A-4', 'C5', 'A-5']	['P5', 'm3', 'P5', 'm3']	[True, True, True, True, True]	14.0	2.0	25.0	i	True	('F', 'A-', 'C')	F	F	0.0	minor triad	(0, 5, 8)	f	f	1	None
55.5	0.5	14	['E2', 'A-4', 'C5', 'A-5']	['d4', 'm6', 'd4']	[True, False, False, False]	14.0	2.0	25.0	i	False	('F', 'A-', 'C')	F	F	0.0	minor triad	(0, 5, 8)	f	f	1	None
56.0	0.5	15	['F2', 'A-5']	['m3']	[True, False]	15.0	4.0	26.0	V7	True	('B-', 'D', 'F', 'A-')	B-	B-	0.0	dominant seventh chord	(2, 5, 8, 10)	E-	E-	5	None
56.5	0.25	15	['G2', 'A-5']	['m2']	[True, True]	15.0	4.0	26.0	V7	False	('B-', 'D', 'F', 'A-')	B-	B-	0.0	dominant seventh chord	(2, 5, 8, 10)	E-	E-	5	None
56.75	0.25	15	['G2', 'G5']	['P1']	[False, True]	15.0	4.0	26.0	V7	False	('B-', 'D', 'F', 'A-')	B-	B-	0.0	dominant seventh chord	(2, 5, 8, 10)	E-	E-	5	None
57.0	0.25	15	['A-2', 'F5']	['M6']	[True, True]	15.0	4.0	26.0	V7	False	('B-', 'D', 'F', 'A-')	B-	B-	0.0	dominant seventh chord	(2, 5, 8, 10)	E-	E-	5	None
57.25	0.25	15	['A-2', 'E-5']	['P5']	[False, True]	15.0	4.0	26.0	V7	False	('B-', 'D', 'F', 'A-')	B-	B-	0.0	dominant seventh chord	(2, 5, 8, 10)	E-	E-	5	None
57.5	0.25	15	['A2', 'D5']	['P4']	[True, True]	15.0	4.0	26.0	V7	False	('B-', 'D', 'F', 'A-')	B-	B-	0.0	dominant seventh chord	(2, 5, 8, 10)	E-	E-	5	None
57.75	0.25	15	['A2', 'C5']	['m3']	[False, True]	15.0	4.0	26.0	V7	False	('B-', 'D', 'F', 'A-')	B-	B-	0.0	dominant seventh chord	(2, 5, 8, 10)	E-	E-	5	None
58.0	0.5	15	['B-2', 'B-4']	['P1']	[True, True]	15.0	4.0	26.0	V7	False	('B-', 'D', 'F', 'A-')	B-	B-	0.0	dominant seventh chord	(2, 5, 8, 10)	E-	E-	5	None
58.5	0.25	15	['B-2', 'A-4', 'B-4']	['m7', 'P1']	[False, True, False]	15.0	4.0	26.0	V7	False	('B-', 'D', 'F', 'A-')	B-	B-	0.0	dominant seventh chord	(2, 5, 8, 10)	E-	E-	5	None
58.75	0.25	15	['B-2', 'G4', 'B-4']	['M6', 'P1']	[False, True, False]	15.0	4.0	26.0	V7	False	('B-', 'D', 'F', 'A-')	B-	B-	0.0	dominant seventh chord	(2, 5, 8, 10)	E-	E-	5	None
59.0	0.25	15	['B-2', 'F4', 'B-4']	['P5', 'P1']	[False, True, False]	15.0	4.0	26.0	V7	False	('B-', 'D', 'F', 'A-')	B-	B-	0.0	dominant seventh chord	(2, 5, 8, 10)	E-	E-	5	None
59.25	0.25	15	['B-2', 'E-4', 'B-4']	['P4', 'P1']	[False, True, False]	15.0	4.0	26.0	V7	False	('B-', 'D', 'F', 'A-')	B-	B-	0.0	dominant seventh chord	(2, 5, 8, 10)	E-	E-	5	None
59.5	0.25	15	['B-2', 'D4', 'B-4']	['M3', 'P1']	[False, True, False]	15.0	4.0	26.0	V7	False	('B-', 'D', 'F', 'A-')	B-	B-	0.0	dominant seventh chord	(2, 5, 8, 10)	E-	E-	5	None
59.75	0.25	15	['B-2', 'C4', 'B-4']	['M2', 'P1']	[False, True, False]	15.0	4.0	26.0	V7	False	('B-', 'D', 'F', 'A-')	B-	B-	0.0	dominant seventh chord	(2, 5, 8, 10)	E-	E-	5	None
60.0	0.25	16	['B-2', 'B-3', 'B-4']	['P1', 'P1']	[True, True, False]	16.0	1.0	27.0	I	True	('B-', 'E-', 'G')	B-	E-	2.0	major triad	(3, 7, 10)	E-	E-	1	None
60.25	0.25	16	['B-2', 'C3', 'B-3', 'B-4']	['M2', 'P1', 'P1']	[False, True, False, False]	16.0	1.0	27.0	I	False	('B-', 'E-', 'G')	B-	E-	2.0	major triad	(3, 7, 10)	E-	E-	1	None
60.5	0.25	16	['B-2', 'D3', 'B-3', 'A4']	['M3', 'P1', 'M7']	[False, True, False, True]	16.0	1.0	27.0	I	False	('B-', 'E-', 'G')	B-	E-	2.0	major triad	(3, 7, 10)	E-	E-	1	None
60.75	0.25	16	['B-2', 'E-3', 'B-3', 'A4']	['P4', 'P1', 'M7']	[False, True, False, False]	16.0	1.0	27.0	I	False	('B-', 'E-', 'G')	B-	E-	2.0	major triad	(3, 7, 10)	E-	E-	1	None
61.0	0.25	16	['B-2', 'F3', 'D4', 'A-4']	['P5', 'M3', 'm7']	[True, True, True, True]	16.0	1.0	28.0	V7	True	('B-', 'D', 'F', 'A-')	B-	B-	0.0	dominant seventh chord	(2, 5, 8, 10)	E-	E-	5	None
61.25	0.25	16	['B-2', 'G3', 'D4', 'A-4']	['M6', 'M3', 'm7']	[False, True, False, False]	16.0	1.0	28.0	V7	False	('B-', 'D', 'F', 'A-')	B-	B-	0.0	dominant seventh chord	(2, 5, 8, 10)	E-	E-	5	None
61.5	0.25	16	['B-2', 'A-3', 'D4', 'F4']	['m7', 'M3', 'P5']	[False, True, False, True]	16.0	1.0	28.0	V7	False	('B-', 'D', 'F', 'A-')	B-	B-	0.0	dominant seventh chord	(2, 5, 8, 10)	E-	E-	5	None
61.75	0.25	16	['B-2', 'F3', 'D4', 'F4']	['P5', 'M3', 'P5']	[False, True, False, False]	16.0	1.0	28.0	V7	False	('B-', 'D', 'F', 'A-')	B-	B-	0.0	dominant seventh chord	(2, 5, 8, 10)	E-	E-	5	None
62.0	1.0	16	['E-3', 'G3', 'E-4']	['M3', 'P1']	[True, True, True]	16.0	2.0	29.0	I	True	('E-', 'G', 'B-')	E-	E-	0.0	major triad	(3, 7, 10)	E-	E-	1	None
63.0	0.5	16	['E-2']	[]	[True]	16.0	2.0	29.0	I	False	('E-', 'G', 'B-')	E-	E-	0.0	major triad	(3, 7, 10)	E-	E-	1	None
63.5	0.5	16	['G4']	[]	[True]	16.0	2.0	29.0	I	False	('E-', 'G', 'B-')	E-	E-	0.0	major triad	(3, 7, 10)	E-	E-	1	None
64.0	1.0	17	['C3', 'E3', 'G3', 'C4', 'E4', 'G4', 'C5', 'E5']	['M3', 'P5', 'P1', 'M3', 'P5', 'P1', 'M3']	[True, True, True, True, True, True, True, True]	17.0	4.0	30.0	V	True	('C', 'E', 'G')	C	C	0.0	major triad	(0, 4, 7)	f	f	5	None
65.0	1.0	17	['C3', 'E3', 'G3', 'C4', 'E4', 'G4', 'C5', 'E5']	['M3', 'P5', 'P1', 'M3', 'P5', 'P1', 'M3']	[True, True, True, True, True, True, True, True]	17.0	4.0	30.0	V	False	('C', 'E', 'G')	C	C	0.0	major triad	(0, 4, 7)	f	f	5	None
66.0	1.5	17	['C3', 'E3', 'G3', 'C4', 'E4', 'G4', 'C5', 'E5']	['M3', 'P5', 'P1', 'M3', 'P5', 'P1', 'M3']	[True, True, True, True, True, True, True, True]	17.0	4.0	30.0	V	False	('C', 'E', 'G')	C	C	0.0	major triad	(0, 4, 7)	f	f	5	None
67.5	0.5	17	['C4', 'C5']	['P1']	[True, True]	17.0	4.0	30.0	V	False	('C', 'E', 'G')	C	C	0.0	major triad	(0, 4, 7)	f	f	5	None
68.0	0.5	18	['B3', 'C4', 'D5']	['m2', 'm3']	[True, True, True]	18.0	0.5	31.0	viio/V	True	('B', 'D', 'F')	B	B	0.0	diminished triad	(2, 5, 11)	f	C	7	5
68.5	0.5	18	['B-3', 'C4', 'E5']	['M2', 'A4']	[True, True, True]	18.0	0.5	32.0	V7	True	('B-', 'C', 'E', 'G')	B-	C	3.0	dominant seventh chord	(0, 4, 7, 10)	f	f	5	None
69.0	0.5	18	['A-3', 'C4', 'F5']	['M3', 'M6']	[True, True, True]	18.0	0.5	33.0	i	True	('A-', 'C', 'F')	A-	F	1.0	minor triad	(0, 5, 8)	f	f	1	None
69.5	0.5	18	['E3', 'C4', 'G5']	['m6', 'm3']	[True, True, True]	18.0	0.5	34.0	V7	True	('E', 'G', 'B-', 'C')	E	C	1.0	dominant seventh chord	(0, 4, 7, 10)	f	f	5	None
70.0	1.5	18	['F3', 'C4', 'A-5']	['P5', 'm3']	[True, True, True]	18.0	2.0	35.0	i	True	('F', 'A-', 'C')	F	F	0.0	minor triad	(0, 5, 8)	f	f	1	None
71.5	0.5	18	['E2', 'A-5']	['d4']	[True, False]	18.0	2.0	35.0	i	False	('F', 'A-', 'C')	F	F	0.0	minor triad	(0, 5, 8)	f	f	1	None
72.0	0.5	19	['F2', 'A-5']	['m3']	[True, False]	19.0	4.0	36.0	V7	True	('B-', 'D', 'F', 'A-')	B-	B-	0.0	dominant seventh chord	(2, 5, 8, 10)	E-	E-	5	None
72.5	0.25	19	['G2', 'A-5']	['m2']	[True, True]	19.0	4.0	36.0	V7	False	('B-', 'D', 'F', 'A-')	B-	B-	0.0	dominant seventh chord	(2, 5, 8, 10)	E-	E-	5	None
72.75	0.25	19	['G2', 'G5']	['P1']	[False, True]	19.0	4.0	36.0	V7	False	('B-', 'D', 'F', 'A-')	B-	B-	0.0	dominant seventh chord	(2, 5, 8, 10)	E-	E-	5	None
73.0	0.25	19	['A-2', 'F5']	['M6']	[True, True]	19.0	4.0	36.0	V7	False	('B-', 'D', 'F', 'A-')	B-	B-	0.0	dominant seventh chord	(2, 5, 8, 10)	E-	E-	5	None
73.25	0.25	19	['A-2', 'E-5']	['P5']	[False, True]	19.0	4.0	36.0	V7	False	('B-', 'D', 'F', 'A-')	B-	B-	0.0	dominant seventh chord	(2, 5, 8, 10)	E-	E-	5	None
73.5	0.25	19	['A2', 'D5']	['P4']	[True, True]	19.0	4.0	36.0	V7	False	('B-', 'D', 'F', 'A-')	B-	B-	0.0	dominant seventh chord	(2, 5, 8, 10)	E-	E-	5	None
73.75	0.25	19	['A2', 'C5']	['m3']	[False, True]	19.0	4.0	36.0	V7	False	('B-', 'D', 'F', 'A-')	B-	B-	0.0	dominant seventh chord	(2, 5, 8, 10)	E-	E-	5	None
74.0	0.5	19	['B-2', 'B-4']	['P1']	[True, True]	19.0	4.0	36.0	V7	False	('B-', 'D', 'F', 'A-')	B-	B-	0.0	dominant seventh chord	(2, 5, 8, 10)	E-	E-	5	None
74.5	0.25	19	['B-2', 'A-4', 'B-4']	['m7', 'P1']	[False, True, False]	19.0	4.0	36.0	V7	False	('B-', 'D', 'F', 'A-')	B-	B-	0.0	dominant seventh chord	(2, 5, 8, 10)	E-	E-	5	None
74.75	0.25	19	['B-2', 'G4', 'B-4']	['M6', 'P1']	[False, True, False]	19.0	4.0	36.0	V7	False	('B-', 'D', 'F', 'A-')	B-	B-	0.0	dominant seventh chord	(2, 5, 8, 10)	E-	E-	5	None
75.0	0.25	19	['B-2', 'F4', 'B-4']	['P5', 'P1']	[False, True, False]	19.0	4.0	36.0	V7	False	('B-', 'D', 'F', 'A-')	B-	B-	0.0	dominant seventh chord	(2, 5, 8, 10)	E-	E-	5	None
75.25	0.25	19	['B-2', 'E-4', 'B-4']	['P4', 'P1']	[False, True, False]	19.0	4.0	36.0	V7	False	('B-', 'D', 'F', 'A-')	B-	B-	0.0	dominant seventh chord	(2, 5, 8, 10)	E-	E-	5	None
75.5	0.25	19	['B-2', 'D4', 'B-4']	['M3', 'P1']	[False, True, False]	19.0	4.0	36.0	V7	False	('B-', 'D', 'F', 'A-')	B-	B-	0.0	dominant seventh chord	(2, 5, 8, 10)	E-	E-	5	None
75.75	0.25	19	['B-2', 'C4', 'B-4']	['M2', 'P1']	[False, True, False]	19.0	4.0	36.0	V7	False	('B-', 'D', 'F', 'A-')	B-	B-	0.0	dominant seventh chord	(2, 5, 8, 10)	E-	E-	5	None
76.0	0.25	20	['B-2', 'B-3', 'B-4']	['P1', 'P1']	[True, True, False]	20.0	1.0	37.0	I	True	('B-', 'E-', 'G')	B-	E-	2.0	major triad	(3, 7, 10)	E-	E-	1	None
76.25	0.25	20	['B-2', 'C3', 'B-3', 'B-4']	['M2', 'P1', 'P1']	[False, True, False, False]	20.0	1.0	37.0	I	False	('B-', 'E-', 'G')	B-	E-	2.0	major triad	(3, 7, 10)	E-	E-	1	None
76.5	0.25	20	['B-2', 'D3', 'B-3', 'A4']	['M3', 'P1', 'M7']	[False, True, False, True]	20.0	1.0	37.0	I	False	('B-', 'E-', 'G')	B-	E-	2.0	major triad	(3, 7, 10)	E-	E-	1	None
76.75	0.25	20	['B-2', 'E-3', 'B-3', 'A4']	['P4', 'P1', 'M7']	[False, True, False, False]	20.0	1.0	37.0	I	False	('B-', 'E-', 'G')	B-	E-	2.0	major triad	(3, 7, 10)	E-	E-	1	None
77.0	0.25	20	['B-2', 'F3', 'D4', 'A-4']	['P5', 'M3', 'm7']	[True, True, True, True]	20.0	1.0	38.0	V7	True	('B-', 'D', 'F', 'A-')	B-	B-	0.0	dominant seventh chord	(2, 5, 8, 10)	E-	E-	5	None
77.25	0.25	20	['B-2', 'G3', 'D4', 'A-4']	['M6', 'M3', 'm7']	[False, True, False, False]	20.0	1.0	38.0	V7	False	('B-', 'D', 'F', 'A-')	B-	B-	0.0	dominant seventh chord	(2, 5, 8, 10)	E-	E-	5	None
77.5	0.25	20	['B-2', 'A-3', 'D4', 'F4']	['m7', 'M3', 'P5']	[False, True, False, True]	20.0	1.0	38.0	V7	False	('B-', 'D', 'F', 'A-')	B-	B-	0.0	dominant seventh chord	(2, 5, 8, 10)	E-	E-	5	None
77.75	0.25	20	['B-2', 'F3', 'D4', 'F4']	['P5', 'M3', 'P5']	[False, True, False, False]	20.0	1.0	38.0	V7	False	('B-', 'D', 'F', 'A-')	B-	B-	0.0	dominant seventh chord	(2, 5, 8, 10)	E-	E-	5	None
78.0	1.0	20	['E-3', 'G3', 'E-4']	['M3', 'P1']	[True, True, True]	20.0	2.0	39.0	I	True	('E-', 'G', 'B-')	E-	E-	0.0	major triad	(3, 7, 10)	E-	E-	1	None
79.0	0.5	20	['E-2']	[]	[True]	20.0	2.0	39.0	I	False	('E-', 'G', 'B-')	E-	E-	0.0	major triad	(3, 7, 10)	E-	E-	1	None
79.5	0.5	20	['B-3']	[]	[True]	20.0	2.0	39.0	I	False	('E-', 'G', 'B-')	E-	E-	0.0	major triad	(3, 7, 10)	E-	E-	1	None
80.0	1.0	21	['B-3', 'G4', 'B-4']	['M6', 'P1']	[True, True, True]	21.0	4.0	40.0	I	True	('E-', 'G', 'B-')	E-	E-	0.0	major triad	(3, 7, 10)	E-	E-	1	None
81.0	1.0	21	['B-3', 'G4', 'B-4']	['M6', 'P1']	[True, True, True]	21.0	4.0	40.0	I	False	('E-', 'G', 'B-')	E-	E-	0.0	major triad	(3, 7, 10)	E-	E-	1	None
82.0	0.25	21	['B-3', 'E-4', 'G4']	['P4', 'M6']	[True, True, True]	21.0	4.0	40.0	I	False	('E-', 'G', 'B-')	E-	E-	0.0	major triad	(3, 7, 10)	E-	E-	1	None
82.25	0.25	21	['B-2', 'B-3', 'E-4', 'G4']	['P1', 'P4', 'M6']	[True, False, False, False]	21.0	4.0	40.0	I	False	('E-', 'G', 'B-')	E-	E-	0.0	major triad	(3, 7, 10)	E-	E-	1	None
82.5	0.25	21	['C3', 'B-3', 'E-4', 'G4']	['m7', 'm3', 'P5']	[True, False, False, False]	21.0	4.0	40.0	I	False	('E-', 'G', 'B-')	E-	E-	0.0	major triad	(3, 7, 10)	E-	E-	1	None
82.75	0.25	21	['D3', 'B-3', 'E-4', 'G4']	['m6', 'm2', 'P4']	[True, False, False, False]	21.0	4.0	40.0	I	False	('E-', 'G', 'B-')	E-	E-	0.0	major triad	(3, 7, 10)	E-	E-	1	None
83.0	0.25	21	['E-3', 'B-3', 'E-4', 'G4']	['P5', 'P1', 'M3']	[True, False, False, False]	21.0	4.0	40.0	I	False	('E-', 'G', 'B-')	E-	E-	0.0	major triad	(3, 7, 10)	E-	E-	1	None
83.25	0.25	21	['F3', 'B-3', 'E-4', 'G4']	['P4', 'm7', 'M2']	[True, False, False, False]	21.0	4.0	40.0	I	False	('E-', 'G', 'B-')	E-	E-	0.0	major triad	(3, 7, 10)	E-	E-	1	None
83.5	0.25	21	['G3', 'B-3', 'E-4', 'G4']	['m3', 'm6', 'P1']	[True, False, False, False]	21.0	4.0	40.0	I	False	('E-', 'G', 'B-')	E-	E-	0.0	major triad	(3, 7, 10)	E-	E-	1	None
83.75	0.25	21	['E-3', 'B-3', 'E-4', 'G4']	['P5', 'P1', 'M3']	[True, False, False, False]	21.0	4.0	40.0	I	False	('E-', 'G', 'B-')	E-	E-	0.0	major triad	(3, 7, 10)	E-	E-	1	None
84.0	0.5	22	['A-3', 'B-3', 'D4', 'F4']	['M2', 'A4', 'M6']	[True, True, True, True]	22.0	4.0	41.0	V7	True	('B-', 'D', 'F', 'A-')	B-	B-	0.0	dominant seventh chord	(2, 5, 8, 10)	E-	E-	5	None
84.5	0.5	22	['B-3', 'D4', 'F4']	['M3', 'P5']	[False, False, False]	22.0	4.0	41.0	V7	False	('B-', 'D', 'F', 'A-')	B-	B-	0.0	dominant seventh chord	(2, 5, 8, 10)	E-	E-	5	None
85.0	1.0	22	['B-3', 'D4', 'F4']	['M3', 'P5']	[True, True, True]	22.0	4.0	41.0	V7	False	('B-', 'D', 'F', 'A-')	B-	B-	0.0	dominant seventh chord	(2, 5, 8, 10)	E-	E-	5	None
86.0	0.25	22	['A-3', 'B-3', 'F4', 'A-4', 'B-4']	['M2', 'M6', 'P1', 'M2']	[True, True, True, True, True]	22.0	4.0	41.0	V7	False	('B-', 'D', 'F', 'A-')	B-	B-	0.0	dominant seventh chord	(2, 5, 8, 10)	E-	E-	5	None
86.25	0.25	22	['G3', 'B-3', 'F4', 'A-4', 'B-4']	['m3', 'm7', 'm2', 'm3']	[True, False, False, False, False]	22.0	4.0	41.0	V7	False	('B-', 'D', 'F', 'A-')	B-	B-	0.0	dominant seventh chord	(2, 5, 8, 10)	E-	E-	5	None
86.5	0.25	22	['F3', 'B-3', 'F4', 'A-4', 'B-4']	['P4', 'P1', 'm3', 'P4']	[True, False, False, False, False]	22.0	4.0	41.0	V7	False	('B-', 'D', 'F', 'A-')	B-	B-	0.0	dominant seventh chord	(2, 5, 8, 10)	E-	E-	5	None
86.75	0.25	22	['E-3', 'B-3', 'F4', 'A-4', 'B-4']	['P5', 'M2', 'P4', 'P5']	[True, False, False, False, False]	22.0	4.0	41.0	V7	False	('B-', 'D', 'F', 'A-')	B-	B-	0.0	dominant seventh chord	(2, 5, 8, 10)	E-	E-	5	None
87.0	0.25	22	['D3', 'B-3', 'F4', 'A-4', 'B-4']	['m6', 'm3', 'd5', 'm6']	[True, False, False, False, False]	22.0	4.0	41.0	V7	False	('B-', 'D', 'F', 'A-')	B-	B-	0.0	dominant seventh chord	(2, 5, 8, 10)	E-	E-	5	None
87.25	0.25	22	['C3', 'B-3', 'F4', 'A-4', 'B-4']	['m7', 'P4', 'm6', 'm7']	[True, False, False, False, False]	22.0	4.0	41.0	V7	False	('B-', 'D', 'F', 'A-')	B-	B-	0.0	dominant seventh chord	(2, 5, 8, 10)	E-	E-	5	None
87.5	0.25	22	['B-2', 'B-3', 'F4', 'A-4', 'B-4']	['P1', 'P5', 'm7', 'P1']	[True, False, False, False, False]	22.0	4.0	41.0	V7	False	('B-', 'D', 'F', 'A-')	B-	B-	0.0	dominant seventh chord	(2, 5, 8, 10)	E-	E-	5	None
87.75	0.25	22	['D3', 'B-3', 'F4', 'A-4', 'B-4']	['m6', 'm3', 'd5', 'm6']	[True, False, False, False, False]	22.0	4.0	41.0	V7	False	('B-', 'D', 'F', 'A-')	B-	B-	0.0	dominant seventh chord	(2, 5, 8, 10)	E-	E-	5	None
88.0	0.5	23	['E-3', 'B-3', 'G4', 'B-4']	['P5', 'M3', 'P5']	[True, True, True, True]	23.0	4.0	42.0	I	True	('E-', 'G', 'B-')	E-	E-	0.0	major triad	(3, 7, 10)	E-	E-	1	None
88.5	0.5	23	['B-3', 'G4', 'B-4']	['M6', 'P1']	[False, False, False]	23.0	4.0	42.0	I	False	('E-', 'G', 'B-')	E-	E-	0.0	major triad	(3, 7, 10)	E-	E-	1	None
89.0	1.0	23	['B-3', 'G4', 'B-4']	['M6', 'P1']	[True, True, True]	23.0	4.0	42.0	I	False	('E-', 'G', 'B-')	E-	E-	0.0	major triad	(3, 7, 10)	E-	E-	1	None
90.0	0.25	23	['B-3', 'E-4', 'G4']	['P4', 'M6']	[True, True, True]	23.0	4.0	42.0	I	False	('E-', 'G', 'B-')	E-	E-	0.0	major triad	(3, 7, 10)	E-	E-	1	None
90.25	0.25	23	['B-2', 'B-3', 'E-4', 'G4']	['P1', 'P4', 'M6']	[True, False, False, False]	23.0	4.0	42.0	I	False	('E-', 'G', 'B-')	E-	E-	0.0	major triad	(3, 7, 10)	E-	E-	1	None
90.5	0.25	23	['C3', 'B-3', 'E-4', 'G4']	['m7', 'm3', 'P5']	[True, False, False, False]	23.0	4.0	42.0	I	False	('E-', 'G', 'B-')	E-	E-	0.0	major triad	(3, 7, 10)	E-	E-	1	None
90.75	0.25	23	['D3', 'B-3', 'E-4', 'G4']	['m6', 'm2', 'P4']	[True, False, False, False]	23.0	4.0	42.0	I	False	('E-', 'G', 'B-')	E-	E-	0.0	major triad	(3, 7, 10)	E-	E-	1	None
91.0	0.25	23	['E-3', 'B-3', 'E-4', 'G4']	['P5', 'P1', 'M3']	[True, False, False, False]	23.0	4.0	42.0	I	False	('E-', 'G', 'B-')	E-	E-	0.0	major triad	(3, 7, 10)	E-	E-	1	None
91.25	0.25	23	['F3', 'B-3', 'E-4', 'G4']	['P4', 'm7', 'M2']	[True, False, False, False]	23.0	4.0	42.0	I	False	('E-', 'G', 'B-')	E-	E-	0.0	major triad	(3, 7, 10)	E-	E-	1	None
91.5	0.25	23	['G3', 'B-3', 'E-4', 'G4']	['m3', 'm6', 'P1']	[True, False, False, False]	23.0	4.0	42.0	I	False	('E-', 'G', 'B-')	E-	E-	0.0	major triad	(3, 7, 10)	E-	E-	1	None
91.75	0.25	23	['E-3', 'B-3', 'E-4', 'G4']	['P5', 'P1', 'M3']	[True, False, False, False]	23.0	4.0	42.0	I	False	('E-', 'G', 'B-')	E-	E-	0.0	major triad	(3, 7, 10)	E-	E-	1	None
92.0	0.25	24	['A-3', 'B-3', 'D4', 'F4']	['M2', 'A4', 'M6']	[True, True, True, True]	24.0	2.0	43.0	V7	True	('B-', 'D', 'F', 'A-')	B-	B-	0.0	dominant seventh chord	(2, 5, 8, 10)	E-	E-	5	None
92.25	0.25	24	['F3', 'B-3', 'D4', 'F4']	['P4', 'M6', 'P1']	[True, False, False, False]	24.0	2.0	43.0	V7	False	('B-', 'D', 'F', 'A-')	B-	B-	0.0	dominant seventh chord	(2, 5, 8, 10)	E-	E-	5	None
92.5	0.25	24	['D3', 'B-4']	['m6']	[True, True]	24.0	2.0	43.0	V7	False	('B-', 'D', 'F', 'A-')	B-	B-	0.0	dominant seventh chord	(2, 5, 8, 10)	E-	E-	5	None
92.75	0.25	24	['B-2', 'B-4']	['P1']	[True, False]	24.0	2.0	43.0	V7	False	('B-', 'D', 'F', 'A-')	B-	B-	0.0	dominant seventh chord	(2, 5, 8, 10)	E-	E-	5	None
93.0	0.25	24	['A-2', 'B-4']	['M2']	[True, False]	24.0	2.0	43.0	V7	False	('B-', 'D', 'F', 'A-')	B-	B-	0.0	dominant seventh chord	(2, 5, 8, 10)	E-	E-	5	None
93.25	0.25	24	['F2', 'B-4']	['P4']	[True, False]	24.0	2.0	43.0	V7	False	('B-', 'D', 'F', 'A-')	B-	B-	0.0	dominant seventh chord	(2, 5, 8, 10)	E-	E-	5	None
93.5	0.25	24	['D2', 'A-3', 'B-4']	['d5', 'm6']	[True, True, True]	24.0	2.0	43.0	V7	False	('B-', 'D', 'F', 'A-')	B-	B-	0.0	dominant seventh chord	(2, 5, 8, 10)	E-	E-	5	None
93.75	0.25	24	['B-1', 'A-3', 'B-4']	['m7', 'P1']	[True, False, False]	24.0	2.0	43.0	V7	False	('B-', 'D', 'F', 'A-')	B-	B-	0.0	dominant seventh chord	(2, 5, 8, 10)	E-	E-	5	None
94.0	1.0	24	['E-2', 'G3', 'E-4']	['M3', 'P1']	[True, True, True]	24.0	2.0	44.0	I	True	('E-', 'G', 'B-')	E-	E-	0.0	major triad	(3, 7, 10)	E-	E-	1	None
95.0	0.5	24	['E-3']	[]	[True]	24.0	2.0	44.0	I	False	('E-', 'G', 'B-')	E-	E-	0.0	major triad	(3, 7, 10)	E-	E-	1	None
95.5	0.5	24	['B-3']	[]	[True]	24.0	2.0	44.0	I	False	('E-', 'G', 'B-')	E-	E-	0.0	major triad	(3, 7, 10)	E-	E-	1	None
96.0	0.5	25	['B-3', 'G4', 'B-4']	['M6', 'P1']	[True, True, True]	25.0	4.0	45.0	I	True	('E-', 'G', 'B-')	E-	E-	0.0	major triad	(3, 7, 10)	E-	E-	1	None
96.5	0.5	25	['B-3', 'G4', 'B-4']	['M6', 'P1']	[True, True, True]	25.0	4.0	45.0	I	False	('E-', 'G', 'B-')	E-	E-	0.0	major triad	(3, 7, 10)	E-	E-	1	None
97.0	0.5	25	['B-3', 'G4', 'B-4']	['M6', 'P1']	[True, True, True]	25.0	4.0	45.0	I	False	('E-', 'G', 'B-')	E-	E-	0.0	major triad	(3, 7, 10)	E-	E-	1	None
97.5	0.5	25	['B-3', 'G4', 'B-4']	['M6', 'P1']	[True, True, True]	25.0	4.0	45.0	I	False	('E-', 'G', 'B-')	E-	E-	0.0	major triad	(3, 7, 10)	E-	E-	1	None
98.0	0.25	25	['B-3', 'E-4', 'G4']	['P4', 'M6']	[True, True, True]	25.0	4.0	45.0	I	False	('E-', 'G', 'B-')	E-	E-	0.0	major triad	(3, 7, 10)	E-	E-	1	None
98.25	0.25	25	['B-2', 'B-3', 'E-4', 'G4']	['P1', 'P4', 'M6']	[True, False, False, False]	25.0	4.0	45.0	I	False	('E-', 'G', 'B-')	E-	E-	0.0	major triad	(3, 7, 10)	E-	E-	1	None
98.5	0.25	25	['C3', 'B-3', 'E-4', 'G4']	['m7', 'm3', 'P5']	[True, False, False, False]	25.0	4.0	45.0	I	False	('E-', 'G', 'B-')	E-	E-	0.0	major triad	(3, 7, 10)	E-	E-	1	None
98.75	0.25	25	['D3', 'B-3', 'E-4', 'G4']	['m6', 'm2', 'P4']	[True, False, False, False]	25.0	4.0	45.0	I	False	('E-', 'G', 'B-')	E-	E-	0.0	major triad	(3, 7, 10)	E-	E-	1	None
99.0	0.25	25	['E-3', 'B-3', 'E-4', 'G4']	['P5', 'P1', 'M3']	[True, False, False, False]	25.0	4.0	45.0	I	False	('E-', 'G', 'B-')	E-	E-	0.0	major triad	(3, 7, 10)	E-	E-	1	None
99.25	0.25	25	['F3', 'B-3', 'E-4', 'G4']	['P4', 'm7', 'M2']	[True, False, False, False]	25.0	4.0	45.0	I	False	('E-', 'G', 'B-')	E-	E-	0.0	major triad	(3, 7, 10)	E-	E-	1	None
99.5	0.25	25	['G3', 'B-3', 'E-4', 'G4']	['m3', 'm6', 'P1']	[True, False, False, False]	25.0	4.0	45.0	I	False	('E-', 'G', 'B-')	E-	E-	0.0	major triad	(3, 7, 10)	E-	E-	1	None
99.75	0.25	25	['E-3', 'B-3', 'E-4', 'G4']	['P5', 'P1', 'M3']	[True, False, False, False]	25.0	4.0	45.0	I	False	('E-', 'G', 'B-')	E-	E-	0.0	major triad	(3, 7, 10)	E-	E-	1	None
100.0	0.5	26	['A-3', 'B-3', 'D4', 'F4']	['M2', 'A4', 'M6']	[True, True, True, True]	26.0	4.0	46.0	V7	True	('B-', 'D', 'F', 'A-')	B-	B-	0.0	dominant seventh chord	(2, 5, 8, 10)	E-	E-	5	None
100.5	0.5	26	['B-3', 'D4', 'F4']	['M3', 'P5']	[True, True, True]	26.0	4.0	46.0	V7	False	('B-', 'D', 'F', 'A-')	B-	B-	0.0	dominant seventh chord	(2, 5, 8, 10)	E-	E-	5	None
101.0	0.5	26	['B-3', 'D4', 'F4']	['M3', 'P5']	[True, True, True]	26.0	4.0	46.0	V7	False	('B-', 'D', 'F', 'A-')	B-	B-	0.0	dominant seventh chord	(2, 5, 8, 10)	E-	E-	5	None
101.5	0.5	26	['B-3', 'D4', 'F4']	['M3', 'P5']	[True, True, True]	26.0	4.0	46.0	V7	False	('B-', 'D', 'F', 'A-')	B-	B-	0.0	dominant seventh chord	(2, 5, 8, 10)	E-	E-	5	None
102.0	0.25	26	['A-3', 'B-3', 'F4', 'A-4', 'B-4']	['M2', 'M6', 'P1', 'M2']	[True, True, True, True, True]	26.0	4.0	46.0	V7	False	('B-', 'D', 'F', 'A-')	B-	B-	0.0	dominant seventh chord	(2, 5, 8, 10)	E-	E-	5	None
102.25	0.25	26	['G3', 'B-3', 'F4', 'A-4', 'B-4']	['m3', 'm7', 'm2', 'm3']	[True, False, False, False, False]	26.0	4.0	46.0	V7	False	('B-', 'D', 'F', 'A-')	B-	B-	0.0	dominant seventh chord	(2, 5, 8, 10)	E-	E-	5	None
102.5	0.25	26	['F3', 'B-3', 'F4', 'A-4', 'B-4']	['P4', 'P1', 'm3', 'P4']	[True, False, False, False, False]	26.0	4.0	46.0	V7	False	('B-', 'D', 'F', 'A-')	B-	B-	0.0	dominant seventh chord	(2, 5, 8, 10)	E-	E-	5	None
102.75	0.25	26	['E-3', 'B-3', 'F4', 'A-4', 'B-4']	['P5', 'M2', 'P4', 'P5']	[True, False, False, False, False]	26.0	4.0	46.0	V7	False	('B-', 'D', 'F', 'A-')	B-	B-	0.0	dominant seventh chord	(2, 5, 8, 10)	E-	E-	5	None
103.0	0.25	26	['D3', 'B-3', 'F4', 'A-4', 'B-4']	['m6', 'm3', 'd5', 'm6']	[True, False, False, False, False]	26.0	4.0	46.0	V7	False	('B-', 'D', 'F', 'A-')	B-	B-	0.0	dominant seventh chord	(2, 5, 8, 10)	E-	E-	5	None
103.25	0.25	26	['C3', 'B-3', 'F4', 'A-4', 'B-4']	['m7', 'P4', 'm6', 'm7']	[True, False, False, False, False]	26.0	4.0	46.0	V7	False	('B-', 'D', 'F', 'A-')	B-	B-	0.0	dominant seventh chord	(2, 5, 8, 10)	E-	E-	5	None
103.5	0.25	26	['B-2', 'B-3', 'F4', 'A-4', 'B-4']	['P1', 'P5', 'm7', 'P1']	[True, False, False, False, False]	26.0	4.0	46.0	V7	False	('B-', 'D', 'F', 'A-')	B-	B-	0.0	dominant seventh chord	(2, 5, 8, 10)	E-	E-	5	None
103.75	0.25	26	['D3', 'B-3', 'F4', 'A-4', 'B-4']	['m6', 'm3', 'd5', 'm6']	[True, False, False, False, False]	26.0	4.0	46.0	V7	False	('B-', 'D', 'F', 'A-')	B-	B-	0.0	dominant seventh chord	(2, 5, 8, 10)	E-	E-	5	None
104.0	0.5	27	['E-3', 'B-3', 'G4', 'B-4']	['P5', 'M3', 'P5']	[True, True, True, True]	27.0	4.0	47.0	I	True	('E-', 'G', 'B-')	E-	E-	0.0	major triad	(3, 7, 10)	E-	E-	1	None
104.5	0.5	27	['B-3', 'G4', 'B-4']	['M6', 'P1']	[True, True, True]	27.0	4.0	47.0	I	False	('E-', 'G', 'B-')	E-	E-	0.0	major triad	(3, 7, 10)	E-	E-	1	None
105.0	0.5	27	['B-3', 'G4', 'B-4']	['M6', 'P1']	[True, True, True]	27.0	4.0	47.0	I	False	('E-', 'G', 'B-')	E-	E-	0.0	major triad	(3, 7, 10)	E-	E-	1	None
105.5	0.5	27	['B-3', 'G4', 'B-4']	['M6', 'P1']	[True, True, True]	27.0	4.0	47.0	I	False	('E-', 'G', 'B-')	E-	E-	0.0	major triad	(3, 7, 10)	E-	E-	1	None
106.0	0.25	27	['B-3', 'E-4', 'G4']	['P4', 'M6']	[True, True, True]	27.0	4.0	47.0	I	False	('E-', 'G', 'B-')	E-	E-	0.0	major triad	(3, 7, 10)	E-	E-	1	None
106.25	0.25	27	['B-2', 'B-3', 'E-4', 'G4']	['P1', 'P4', 'M6']	[True, False, False, False]	27.0	4.0	47.0	I	False	('E-', 'G', 'B-')	E-	E-	0.0	major triad	(3, 7, 10)	E-	E-	1	None
106.5	0.25	27	['C3', 'B-3', 'E-4', 'G4']	['m7', 'm3', 'P5']	[True, False, False, False]	27.0	4.0	47.0	I	False	('E-', 'G', 'B-')	E-	E-	0.0	major triad	(3, 7, 10)	E-	E-	1	None
106.75	0.25	27	['D3', 'B-3', 'E-4', 'G4']	['m6', 'm2', 'P4']	[True, False, False, False]	27.0	4.0	47.0	I	False	('E-', 'G', 'B-')	E-	E-	0.0	major triad	(3, 7, 10)	E-	E-	1	None
107.0	0.25	27	['E-3', 'B-3', 'E-4', 'G4']	['P5', 'P1', 'M3']	[True, False, False, False]	27.0	4.0	47.0	I	False	('E-', 'G', 'B-')	E-	E-	0.0	major triad	(3, 7, 10)	E-	E-	1	None
107.25	0.25	27	['F3', 'B-3', 'E-4', 'G4']	['P4', 'm7', 'M2']	[True, False, False, False]	27.0	4.0	47.0	I	False	('E-', 'G', 'B-')	E-	E-	0.0	major triad	(3, 7, 10)	E-	E-	1	None
107.5	0.25	27	['G3', 'B-3', 'E-4', 'G4']	['m3', 'm6', 'P1']	[True, False, False, False]	27.0	4.0	47.0	I	False	('E-', 'G', 'B-')	E-	E-	0.0	major triad	(3, 7, 10)	E-	E-	1	None
107.75	0.25	27	['E-3', 'B-3', 'E-4', 'G4']	['P5', 'P1', 'M3']	[True, False, False, False]	27.0	4.0	47.0	I	False	('E-', 'G', 'B-')	E-	E-	0.0	major triad	(3, 7, 10)	E-	E-	1	None
108.0	0.25	28	['A-3', 'B-3', 'D4', 'F4']	['M2', 'A4', 'M6']	[True, True, True, True]	28.0	2.0	48.0	V7	True	('B-', 'D', 'F', 'A-')	B-	B-	0.0	dominant seventh chord	(2, 5, 8, 10)	E-	E-	5	None
108.25	0.25	28	['F3', 'B-3', 'D4', 'F4']	['P4', 'M6', 'P1']	[True, False, False, False]	28.0	2.0	48.0	V7	False	('B-', 'D', 'F', 'A-')	B-	B-	0.0	dominant seventh chord	(2, 5, 8, 10)	E-	E-	5	None
108.5	0.25	28	['D3', 'B-4']	['m6']	[True, True]	28.0	2.0	48.0	V7	False	('B-', 'D', 'F', 'A-')	B-	B-	0.0	dominant seventh chord	(2, 5, 8, 10)	E-	E-	5	None
108.75	0.25	28	['B-2', 'B-4']	['P1']	[True, False]	28.0	2.0	48.0	V7	False	('B-', 'D', 'F', 'A-')	B-	B-	0.0	dominant seventh chord	(2, 5, 8, 10)	E-	E-	5	None
109.0	0.25	28	['A-2', 'B-4']	['M2']	[True, False]	28.0	2.0	48.0	V7	False	('B-', 'D', 'F', 'A-')	B-	B-	0.0	dominant seventh chord	(2, 5, 8, 10)	E-	E-	5	None
109.25	0.25	28	['F2', 'B-4']	['P4']	[True, False]	28.0	2.0	48.0	V7	False	('B-', 'D', 'F', 'A-')	B-	B-	0.0	dominant seventh chord	(2, 5, 8, 10)	E-	E-	5	None
109.5	0.25	28	['D2', 'A-3', 'B-4']	['d5', 'm6']	[True, True, True]	28.0	2.0	48.0	V7	False	('B-', 'D', 'F', 'A-')	B-	B-	0.0	dominant seventh chord	(2, 5, 8, 10)	E-	E-	5	None
109.75	0.25	28	['B-1', 'A-3', 'B-4']	['m7', 'P1']	[True, False, False]	28.0	2.0	48.0	V7	False	('B-', 'D', 'F', 'A-')	B-	B-	0.0	dominant seventh chord	(2, 5, 8, 10)	E-	E-	5	None
110.0	1.0	28	['E-2', 'G3', 'E-4']	['M3', 'P1']	[True, True, True]	28.0	2.0	49.0	I	True	('E-', 'G', 'B-')	E-	E-	0.0	major triad	(3, 7, 10)	E-	E-	1	None
111.0	0.5	28	['E-3']	[]	[True]	28.0	2.0	49.0	I	False	('E-', 'G', 'B-')	E-	E-	0.0	major triad	(3, 7, 10)	E-	E-	1	None
111.5	0.5	28	['E-3']	[]	[True]	28.0	2.0	49.0	I	False	('E-', 'G', 'B-')	E-	E-	0.0	major triad	(3, 7, 10)	E-	E-	1	None
112.0	0.5	29	['F4', 'A-4']	['m3']	[True, True]	29.0	4.0	50.0	V7	True	('B-', 'D', 'F', 'A-')	B-	B-	0.0	dominant seventh chord	(2, 5, 8, 10)	E-	E-	5	None
112.5	0.5	29	['F4', 'A-4']	['m3']	[True, True]	29.0	4.0	50.0	V7	False	('B-', 'D', 'F', 'A-')	B-	B-	0.0	dominant seventh chord	(2, 5, 8, 10)	E-	E-	5	None
113.0	0.5	29	['F4', 'A-4']	['m3']	[True, True]	29.0	4.0	50.0	V7	False	('B-', 'D', 'F', 'A-')	B-	B-	0.0	dominant seventh chord	(2, 5, 8, 10)	E-	E-	5	None
113.5	0.5	29	['F4', 'A-4']	['m3']	[True, True]	29.0	4.0	50.0	V7	False	('B-', 'D', 'F', 'A-')	B-	B-	0.0	dominant seventh chord	(2, 5, 8, 10)	E-	E-	5	None
114.0	0.25	29	['F4', 'A-4', 'D5']	['m3', 'M6']	[True, True, True]	29.0	4.0	50.0	V7	False	('B-', 'D', 'F', 'A-')	B-	B-	0.0	dominant seventh chord	(2, 5, 8, 10)	E-	E-	5	None
114.25	0.25	29	['B-1', 'F4', 'A-4', 'D5']	['P5', 'm7', 'M3']	[True, False, False, False]	29.0	4.0	50.0	V7	False	('B-', 'D', 'F', 'A-')	B-	B-	0.0	dominant seventh chord	(2, 5, 8, 10)	E-	E-	5	None
114.5	0.25	29	['B-2', 'F4', 'A-4', 'D5']	['P5', 'm7', 'M3']	[True, False, False, False]	29.0	4.0	50.0	V7	False	('B-', 'D', 'F', 'A-')	B-	B-	0.0	dominant seventh chord	(2, 5, 8, 10)	E-	E-	5	None
114.75	0.25	29	['C3', 'F4', 'A-4', 'D5']	['P4', 'm6', 'M2']	[True, False, False, False]	29.0	4.0	50.0	V7	False	('B-', 'D', 'F', 'A-')	B-	B-	0.0	dominant seventh chord	(2, 5, 8, 10)	E-	E-	5	None
115.0	0.25	29	['D3', 'F4', 'A-4', 'D5']	['m3', 'd5', 'P1']	[True, False, False, False]	29.0	4.0	50.0	V7	False	('B-', 'D', 'F', 'A-')	B-	B-	0.0	dominant seventh chord	(2, 5, 8, 10)	E-	E-	5	None
115.25	0.25	29	['E-3', 'F4', 'A-4', 'D5']	['M2', 'P4', 'M7']	[True, False, False, False]	29.0	4.0	50.0	V7	False	('B-', 'D', 'F', 'A-')	B-	B-	0.0	dominant seventh chord	(2, 5, 8, 10)	E-	E-	5	None
115.5	0.25	29	['F3', 'F4', 'A-4', 'D5']	['P1', 'm3', 'M6']	[True, False, False, False]	29.0	4.0	50.0	V7	False	('B-', 'D', 'F', 'A-')	B-	B-	0.0	dominant seventh chord	(2, 5, 8, 10)	E-	E-	5	None
115.75	0.25	29	['G3', 'F4', 'A-4', 'D5']	['m7', 'm2', 'P5']	[True, False, False, False]	29.0	4.0	50.0	V7	False	('B-', 'D', 'F', 'A-')	B-	B-	0.0	dominant seventh chord	(2, 5, 8, 10)	E-	E-	5	None
116.0	0.5	30	['A3', 'F4', 'D5']	['m6', 'P4']	[True, True, True]	30.0	4.0	51.0	V7	True	('B-', 'D', 'F', 'A-')	B-	B-	0.0	dominant seventh chord	(2, 5, 8, 10)	E-	E-	5	None
116.5	0.5	30	['B-3', 'F4', 'D5']	['P5', 'M3']	[True, True, True]	30.0	4.0	51.0	V7	False	('B-', 'D', 'F', 'A-')	B-	B-	0.0	dominant seventh chord	(2, 5, 8, 10)	E-	E-	5	None
117.0	0.5	30	['B-3', 'F4', 'D5']	['P5', 'M3']	[False, True, True]	30.0	4.0	51.0	V7	False	('B-', 'D', 'F', 'A-')	B-	B-	0.0	dominant seventh chord	(2, 5, 8, 10)	E-	E-	5	None
117.5	0.5	30	['B-3', 'F4', 'D5']	['P5', 'M3']	[False, True, True]	30.0	4.0	51.0	V7	False	('B-', 'D', 'F', 'A-')	B-	B-	0.0	dominant seventh chord	(2, 5, 8, 10)	E-	E-	5	None
118.0	0.25	30	['B-3', 'F4', 'A-4', 'D5', 'F5']	['P5', 'm7', 'M3', 'P5']	[False, True, True, True, True]	30.0	4.0	51.0	V7	False	('B-', 'D', 'F', 'A-')	B-	B-	0.0	dominant seventh chord	(2, 5, 8, 10)	E-	E-	5	None
118.25	0.25	30	['B-1', 'F4', 'A-4', 'D5', 'F5']	['P5', 'm7', 'M3', 'P5']	[True, False, False, False, False]	30.0	4.0	51.0	V7	False	('B-', 'D', 'F', 'A-')	B-	B-	0.0	dominant seventh chord	(2, 5, 8, 10)	E-	E-	5	None
118.5	0.25	30	['B-2', 'F4', 'A-4', 'D5', 'F5']	['P5', 'm7', 'M3', 'P5']	[True, False, False, False, False]	30.0	4.0	51.0	V7	False	('B-', 'D', 'F', 'A-')	B-	B-	0.0	dominant seventh chord	(2, 5, 8, 10)	E-	E-	5	None
118.75	0.25	30	['C3', 'F4', 'A-4', 'D5', 'F5']	['P4', 'm6', 'M2', 'P4']	[True, False, False, False, False]	30.0	4.0	51.0	V7	False	('B-', 'D', 'F', 'A-')	B-	B-	0.0	dominant seventh chord	(2, 5, 8, 10)	E-	E-	5	None
119.0	0.25	30	['D3', 'F4', 'A-4', 'D5', 'F5']	['m3', 'd5', 'P1', 'm3']	[True, False, False, False, False]	30.0	4.0	51.0	V7	False	('B-', 'D', 'F', 'A-')	B-	B-	0.0	dominant seventh chord	(2, 5, 8, 10)	E-	E-	5	None
119.25	0.25	30	['E-3', 'F4', 'A-4', 'D5', 'F5']	['M2', 'P4', 'M7', 'M2']	[True, False, False, False, False]	30.0	4.0	51.0	V7	False	('B-', 'D', 'F', 'A-')	B-	B-	0.0	dominant seventh chord	(2, 5, 8, 10)	E-	E-	5	None
119.5	0.25	30	['F3', 'F4', 'A-4', 'D5', 'F5']	['P1', 'm3', 'M6', 'P1']	[True, False, False, False, False]	30.0	4.0	51.0	V7	False	('B-', 'D', 'F', 'A-')	B-	B-	0.0	dominant seventh chord	(2, 5, 8, 10)	E-	E-	5	None
119.75	0.25	30	['G3', 'F4', 'A-4', 'D5', 'F5']	['m7', 'm2', 'P5', 'm7']	[True, False, False, False, False]	30.0	4.0	51.0	V7	False	('B-', 'D', 'F', 'A-')	B-	B-	0.0	dominant seventh chord	(2, 5, 8, 10)	E-	E-	5	None
120.0	0.5	31	['A3', 'F4', 'D5', 'F5']	['m6', 'P4', 'm6']	[True, True, True, True]	31.0	2.5	52.0	V7	True	('B-', 'D', 'F', 'A-')	B-	B-	0.0	dominant seventh chord	(2, 5, 8, 10)	E-	E-	5	None
120.5	0.5	31	['B-3', 'F4', 'D5', 'F5']	['P5', 'M3', 'P5']	[True, True, True, True]	31.0	2.5	52.0	V7	False	('B-', 'D', 'F', 'A-')	B-	B-	0.0	dominant seventh chord	(2, 5, 8, 10)	E-	E-	5	None
121.0	0.5	31	['B-3', 'F4', 'D5', 'F5']	['P5', 'M3', 'P5']	[False, True, True, True]	31.0	2.5	52.0	V7	False	('B-', 'D', 'F', 'A-')	B-	B-	0.0	dominant seventh chord	(2, 5, 8, 10)	E-	E-	5	None
121.5	0.5	31	['B-3', 'F4', 'D5', 'F5']	['P5', 'M3', 'P5']	[False, True, True, True]	31.0	2.5	52.0	V7	False	('B-', 'D', 'F', 'A-')	B-	B-	0.0	dominant seventh chord	(2, 5, 8, 10)	E-	E-	5	None
122.0	0.5	31	['B-3', 'D5', 'F5', 'A-5']	['M3', 'P5', 'm7']	[False, True, True, True]	31.0	2.5	52.0	V7	False	('B-', 'D', 'F', 'A-')	B-	B-	0.0	dominant seventh chord	(2, 5, 8, 10)	E-	E-	5	None
122.5	0.5	31	['B3', 'D5', 'F5', 'A-5']	['m3', 'd5', 'd7']	[True, False, False, False]	31.0	0.5	53.0	viio7/vi	True	('B', 'D', 'F', 'A-')	B	B	0.0	diminished seventh chord	(2, 5, 8, 11)	E-	c	#7	6
123.0	0.5	31	['C4', 'E-5', 'A-5']	['m3', 'm6']	[True, True, False]	31.0	0.5	54.0	vi	True	('C', 'E-', 'G')	C	C	0.0	minor triad	(0, 3, 7)	E-	E-	6	None
123.5	0.5	31	['G3', 'B4', 'G5']	['M3', 'P1']	[True, True, True]	31.0	0.5	55.0	V/vi	True	('G', 'B', 'D')	G	G	0.0	major triad	(2, 7, 11)	E-	c	5	6
124.0	0.5	32	['A-3', 'C5', 'G5']	['M3', 'M7']	[True, True, True]	32.0	0.5	56.0	IV7	True	('A-', 'C', 'E-', 'G')	A-	A-	0.0	major seventh chord	(0, 3, 7, 8)	E-	E-	4	None
124.5	0.5	32	['A3', 'C5', 'F5']	['m3', 'm6']	[True, True, True]	32.0	0.5	57.0	V/V	True	('A', 'C', 'F')	A	F	1.0	major triad	(0, 5, 9)	E-	B-	5	5
125.0	0.5	32	['B-3', 'G4', 'E-5']	['M6', 'P4']	[True, True, True]	32.0	1.0	58.0	V7	True	('B-', 'D', 'F', 'A-')	B-	B-	0.0	dominant seventh chord	(2, 5, 8, 10)	E-	E-	5	None
125.5	0.5	32	['B-2', 'B-3', 'F4', 'A-4', 'D5']	['P1', 'P5', 'm7', 'M3']	[True, False, True, True, True]	32.0	1.0	58.0	V7	False	('B-', 'D', 'F', 'A-')	B-	B-	0.0	dominant seventh chord	(2, 5, 8, 10)	E-	E-	5	None
126.0	0.5	32	['E-3', 'B-3', 'A-4', 'F5']	['P5', 'P4', 'M2']	[True, False, True, True]	32.0	2.0	59.0	I	True	('E-', 'G', 'B-')	E-	E-	0.0	major triad	(3, 7, 10)	E-	E-	1	None
126.5	0.5	32	['E-3', 'D4', 'A-4', 'F5']	['M7', 'P4', 'M2']	[False, True, False, False]	32.0	2.0	59.0	I	False	('E-', 'G', 'B-')	E-	E-	0.0	major triad	(3, 7, 10)	E-	E-	1	None
127.0	0.5	32	['E-3', 'E-4', 'G4', 'E-5']	['P1', 'M3', 'P1']	[False, True, True, True]	32.0	2.0	59.0	I	False	('E-', 'G', 'B-')	E-	E-	0.0	major triad	(3, 7, 10)	E-	E-	1	None
127.5	0.5	32	['E-3', 'E-4', 'G4', 'E-5']	['P1', 'M3', 'P1']	[False, True, True, True]	32.0	2.0	59.0	I	False	('E-', 'G', 'B-')	E-	E-	0.0	major triad	(3, 7, 10)	E-	E-	1	None
128.0	0.25	33	['G4']	[]	[True]	33.0	4.0	60.0	V7	True	('B-', 'D', 'F', 'A-')	B-	B-	0.0	dominant seventh chord	(2, 5, 8, 10)	E-	E-	5	None
128.25	0.25	33	['A-4']	[]	[True]	33.0	4.0	60.0	V7	False	('B-', 'D', 'F', 'A-')	B-	B-	0.0	dominant seventh chord	(2, 5, 8, 10)	E-	E-	5	None
128.5	0.25	33	['G4']	[]	[True]	33.0	4.0	60.0	V7	False	('B-', 'D', 'F', 'A-')	B-	B-	0.0	dominant seventh chord	(2, 5, 8, 10)	E-	E-	5	None
128.75	0.25	33	['A-4']	[]	[True]	33.0	4.0	60.0	V7	False	('B-', 'D', 'F', 'A-')	B-	B-	0.0	dominant seventh chord	(2, 5, 8, 10)	E-	E-	5	None
129.0	0.25	33	['G4']	[]	[True]	33.0	4.0	60.0	V7	False	('B-', 'D', 'F', 'A-')	B-	B-	0.0	dominant seventh chord	(2, 5, 8, 10)	E-	E-	5	None
129.25	0.25	33	['A-4']	[]	[True]	33.0	4.0	60.0	V7	False	('B-', 'D', 'F', 'A-')	B-	B-	0.0	dominant seventh chord	(2, 5, 8, 10)	E-	E-	5	None
129.5	0.25	33	['G4']	[]	[True]	33.0	4.0	60.0	V7	False	('B-', 'D', 'F', 'A-')	B-	B-	0.0	dominant seventh chord	(2, 5, 8, 10)	E-	E-	5	None
129.75	0.25	33	['A-4']	[]	[True]	33.0	4.0	60.0	V7	False	('B-', 'D', 'F', 'A-')	B-	B-	0.0	dominant seventh chord	(2, 5, 8, 10)	E-	E-	5	None
130.0	0.25	33	['F4', 'A-4', 'D5']	['m3', 'M6']	[True, True, True]	33.0	4.0	60.0	V7	False	('B-', 'D', 'F', 'A-')	B-	B-	0.0	dominant seventh chord	(2, 5, 8, 10)	E-	E-	5	None
130.25	0.25	33	['B-1', 'F4', 'A-4', 'D5']	['P5', 'm7', 'M3']	[True, False, False, False]	33.0	4.0	60.0	V7	False	('B-', 'D', 'F', 'A-')	B-	B-	0.0	dominant seventh chord	(2, 5, 8, 10)	E-	E-	5	None
130.5	0.25	33	['B-2', 'F4', 'A-4', 'D5']	['P5', 'm7', 'M3']	[True, False, False, False]	33.0	4.0	60.0	V7	False	('B-', 'D', 'F', 'A-')	B-	B-	0.0	dominant seventh chord	(2, 5, 8, 10)	E-	E-	5	None
130.75	0.25	33	['C3', 'F4', 'A-4', 'D5']	['P4', 'm6', 'M2']	[True, False, False, False]	33.0	4.0	60.0	V7	False	('B-', 'D', 'F', 'A-')	B-	B-	0.0	dominant seventh chord	(2, 5, 8, 10)	E-	E-	5	None
131.0	0.25	33	['D3', 'F4', 'A-4', 'D5']	['m3', 'd5', 'P1']	[True, False, False, False]	33.0	4.0	60.0	V7	False	('B-', 'D', 'F', 'A-')	B-	B-	0.0	dominant seventh chord	(2, 5, 8, 10)	E-	E-	5	None
131.25	0.25	33	['E-3', 'F4', 'A-4', 'D5']	['M2', 'P4', 'M7']	[True, False, False, False]	33.0	4.0	60.0	V7	False	('B-', 'D', 'F', 'A-')	B-	B-	0.0	dominant seventh chord	(2, 5, 8, 10)	E-	E-	5	None
131.5	0.25	33	['F3', 'F4', 'A-4', 'D5']	['P1', 'm3', 'M6']	[True, False, False, False]	33.0	4.0	60.0	V7	False	('B-', 'D', 'F', 'A-')	B-	B-	0.0	dominant seventh chord	(2, 5, 8, 10)	E-	E-	5	None
131.75	0.25	33	['G3', 'F4', 'A-4', 'D5']	['m7', 'm2', 'P5']	[True, False, False, False]	33.0	4.0	60.0	V7	False	('B-', 'D', 'F', 'A-')	B-	B-	0.0	dominant seventh chord	(2, 5, 8, 10)	E-	E-	5	None
132.0	0.25	34	['A3', 'C#5']	['M3']	[True, True]	34.0	4.0	61.0	V7	True	('B-', 'D', 'F', 'A-')	B-	B-	0.0	dominant seventh chord	(2, 5, 8, 10)	E-	E-	5	None
132.25	0.25	34	['A3', 'D5']	['P4']	[False, True]	34.0	4.0	61.0	V7	False	('B-', 'D', 'F', 'A-')	B-	B-	0.0	dominant seventh chord	(2, 5, 8, 10)	E-	E-	5	None
132.5	0.25	34	['B-3', 'C#5']	['A2']	[True, True]	34.0	4.0	61.0	V7	False	('B-', 'D', 'F', 'A-')	B-	B-	0.0	dominant seventh chord	(2, 5, 8, 10)	E-	E-	5	None
132.75	0.25	34	['B-3', 'D5']	['M3']	[False, True]	34.0	4.0	61.0	V7	False	('B-', 'D', 'F', 'A-')	B-	B-	0.0	dominant seventh chord	(2, 5, 8, 10)	E-	E-	5	None
133.0	0.25	34	['B-3', 'C#5']	['A2']	[False, True]	34.0	4.0	61.0	V7	False	('B-', 'D', 'F', 'A-')	B-	B-	0.0	dominant seventh chord	(2, 5, 8, 10)	E-	E-	5	None
133.25	0.25	34	['B-3', 'D5']	['M3']	[False, True]	34.0	4.0	61.0	V7	False	('B-', 'D', 'F', 'A-')	B-	B-	0.0	dominant seventh chord	(2, 5, 8, 10)	E-	E-	5	None
133.5	0.25	34	['B-3', 'C#5']	['A2']	[False, True]	34.0	4.0	61.0	V7	False	('B-', 'D', 'F', 'A-')	B-	B-	0.0	dominant seventh chord	(2, 5, 8, 10)	E-	E-	5	None
133.75	0.25	34	['B-3', 'D5']	['M3']	[False, True]	34.0	4.0	61.0	V7	False	('B-', 'D', 'F', 'A-')	B-	B-	0.0	dominant seventh chord	(2, 5, 8, 10)	E-	E-	5	None
134.0	0.25	34	['B-3', 'F4', 'A-4', 'D5', 'F5']	['P5', 'm7', 'M3', 'P5']	[False, True, True, True, True]	34.0	4.0	61.0	V7	False	('B-', 'D', 'F', 'A-')	B-	B-	0.0	dominant seventh chord	(2, 5, 8, 10)	E-	E-	5	None
134.25	0.25	34	['B-1', 'F4', 'A-4', 'D5', 'F5']	['P5', 'm7', 'M3', 'P5']	[True, False, False, False, False]	34.0	4.0	61.0	V7	False	('B-', 'D', 'F', 'A-')	B-	B-	0.0	dominant seventh chord	(2, 5, 8, 10)	E-	E-	5	None
134.5	0.25	34	['B-2', 'F4', 'A-4', 'D5', 'F5']	['P5', 'm7', 'M3', 'P5']	[True, False, False, False, False]	34.0	4.0	61.0	V7	False	('B-', 'D', 'F', 'A-')	B-	B-	0.0	dominant seventh chord	(2, 5, 8, 10)	E-	E-	5	None
134.75	0.25	34	['C3', 'F4', 'A-4', 'D5', 'F5']	['P4', 'm6', 'M2', 'P4']	[True, False, False, False, False]	34.0	4.0	61.0	V7	False	('B-', 'D', 'F', 'A-')	B-	B-	0.0	dominant seventh chord	(2, 5, 8, 10)	E-	E-	5	None
135.0	0.25	34	['D3', 'F4', 'A-4', 'D5', 'F5']	['m3', 'd5', 'P1', 'm3']	[True, False, False, False, False]	34.0	4.0	61.0	V7	False	('B-', 'D', 'F', 'A-')	B-	B-	0.0	dominant seventh chord	(2, 5, 8, 10)	E-	E-	5	None
135.25	0.25	34	['E-3', 'F4', 'A-4', 'D5', 'F5']	['M2', 'P4', 'M7', 'M2']	[True, False, False, False, False]	34.0	4.0	61.0	V7	False	('B-', 'D', 'F', 'A-')	B-	B-	0.0	dominant seventh chord	(2, 5, 8, 10)	E-	E-	5	None
135.5	0.25	34	['F3', 'F4', 'A-4', 'D5', 'F5']	['P1', 'm3', 'M6', 'P1']	[True, False, False, False, False]	34.0	4.0	61.0	V7	False	('B-', 'D', 'F', 'A-')	B-	B-	0.0	dominant seventh chord	(2, 5, 8, 10)	E-	E-	5	None
135.75	0.25	34	['G3', 'F4', 'A-4', 'D5', 'F5']	['m7', 'm2', 'P5', 'm7']	[True, False, False, False, False]	34.0	4.0	61.0	V7	False	('B-', 'D', 'F', 'A-')	B-	B-	0.0	dominant seventh chord	(2, 5, 8, 10)	E-	E-	5	None
136.0	0.25	35	['A3', 'D5', 'F5']	['P4', 'm6']	[True, False, False]	35.0	2.5	62.0	V7	True	('B-', 'D', 'F', 'A-')	B-	B-	0.0	dominant seventh chord	(2, 5, 8, 10)	E-	E-	5	None
136.25	0.25	35	['A3', 'D5', 'F5']	['P4', 'm6']	[False, True, True]	35.0	2.5	62.0	V7	False	('B-', 'D', 'F', 'A-')	B-	B-	0.0	dominant seventh chord	(2, 5, 8, 10)	E-	E-	5	None
136.5	0.25	35	['B-3', 'C#5', 'E5']	['A2', 'A4']	[True, True, True]	35.0	2.5	62.0	V7	False	('B-', 'D', 'F', 'A-')	B-	B-	0.0	dominant seventh chord	(2, 5, 8, 10)	E-	E-	5	None
136.75	0.25	35	['B-3', 'D5', 'F5']	['M3', 'P5']	[False, True, True]	35.0	2.5	62.0	V7	False	('B-', 'D', 'F', 'A-')	B-	B-	0.0	dominant seventh chord	(2, 5, 8, 10)	E-	E-	5	None
137.0	0.25	35	['B-3', 'C#5', 'E5']	['A2', 'A4']	[False, True, True]	35.0	2.5	62.0	V7	False	('B-', 'D', 'F', 'A-')	B-	B-	0.0	dominant seventh chord	(2, 5, 8, 10)	E-	E-	5	None
137.25	0.25	35	['B-3', 'D5', 'F5']	['M3', 'P5']	[False, True, True]	35.0	2.5	62.0	V7	False	('B-', 'D', 'F', 'A-')	B-	B-	0.0	dominant seventh chord	(2, 5, 8, 10)	E-	E-	5	None
137.5	0.25	35	['B-3', 'C#5', 'E5']	['A2', 'A4']	[False, True, True]	35.0	2.5	62.0	V7	False	('B-', 'D', 'F', 'A-')	B-	B-	0.0	dominant seventh chord	(2, 5, 8, 10)	E-	E-	5	None
137.75	0.25	35	['B-3', 'D5', 'F5']	['M3', 'P5']	[False, True, True]	35.0	2.5	62.0	V7	False	('B-', 'D', 'F', 'A-')	B-	B-	0.0	dominant seventh chord	(2, 5, 8, 10)	E-	E-	5	None
138.0	0.5	35	['B-3', 'D5', 'F5', 'A-5']	['M3', 'P5', 'm7']	[False, True, True, True]	35.0	2.5	62.0	V7	False	('B-', 'D', 'F', 'A-')	B-	B-	0.0	dominant seventh chord	(2, 5, 8, 10)	E-	E-	5	None
138.5	0.5	35	['B3', 'D5', 'F5', 'A-5']	['m3', 'd5', 'd7']	[True, False, False, False]	35.0	0.5	63.0	viio7/vi	True	('B', 'D', 'F', 'A-')	B	B	0.0	diminished seventh chord	(2, 5, 8, 11)	E-	c	#7	6
139.0	0.5	35	['C4', 'E-5', 'A-5']	['m3', 'm6']	[True, True, False]	35.0	0.5	64.0	vi	True	('C', 'E-', 'G')	C	C	0.0	minor triad	(0, 3, 7)	E-	E-	6	None
139.5	0.5	35	['G3', 'B4', 'G5']	['M3', 'P1']	[True, True, True]	35.0	0.5	65.0	V/vi	True	('G', 'B', 'D')	G	G	0.0	major triad	(2, 7, 11)	E-	c	5	6
140.0	0.5	36	['A-3', 'C5', 'G5']	['M3', 'M7']	[True, True, True]	36.0	0.5	66.0	IV7	True	('A-', 'C', 'E-', 'G')	A-	A-	0.0	major seventh chord	(0, 3, 7, 8)	E-	E-	4	None
140.5	0.5	36	['A3', 'C5', 'F5']	['m3', 'm6']	[True, True, True]	36.0	0.5	67.0	V/V	True	('A', 'C', 'F')	A	F	1.0	major triad	(0, 5, 9)	E-	B-	5	5
141.0	0.5	36	['B-3', 'G4', 'E-5']	['M6', 'P4']	[True, True, True]	36.0	1.0	68.0	V7	True	('B-', 'D', 'F', 'A-')	B-	B-	0.0	dominant seventh chord	(2, 5, 8, 10)	E-	E-	5	None
141.5	0.5	36	['B-2', 'B-3', 'F4', 'A-4', 'D5']	['P1', 'P5', 'm7', 'M3']	[True, False, True, True, True]	36.0	1.0	68.0	V7	False	('B-', 'D', 'F', 'A-')	B-	B-	0.0	dominant seventh chord	(2, 5, 8, 10)	E-	E-	5	None
142.0	0.5	36	['E-3', 'B-3', 'A-4', 'F5']	['P5', 'P4', 'M2']	[True, False, True, True]	36.0	2.0	69.0	I	True	('E-', 'G', 'B-')	E-	E-	0.0	major triad	(3, 7, 10)	E-	E-	1	None
142.5	0.5	36	['E-3', 'D4', 'A-4', 'F5']	['M7', 'P4', 'M2']	[False, True, False, False]	36.0	2.0	69.0	I	False	('E-', 'G', 'B-')	E-	E-	0.0	major triad	(3, 7, 10)	E-	E-	1	None
143.0	0.5	36	['E-3', 'E-4', 'G4', 'E-5']	['P1', 'M3', 'P1']	[False, True, True, True]	36.0	2.0	69.0	I	False	('E-', 'G', 'B-')	E-	E-	0.0	major triad	(3, 7, 10)	E-	E-	1	None
143.5	0.25	36	['G3']	[]	[True]	36.0	2.0	69.0	I	False	('E-', 'G', 'B-')	E-	E-	0.0	major triad	(3, 7, 10)	E-	E-	1	None
143.75	0.25	36	['F3']	[]	[True]	36.0	2.0	69.0	I	False	('E-', 'G', 'B-')	E-	E-	0.0	major triad	(3, 7, 10)	E-	E-	1	None
144.0	0.25	37	['C2', 'E2', 'G2', 'C3', 'E3']	['M3', 'P5', 'P1', 'M3']	[True, True, True, True, True]	37.0	3.0	70.0	I	True	('C', 'E', 'G')	C	C	0.0	major triad	(0, 4, 7)	C	C	1	None
144.25	0.25	37	['C2', 'E2', 'G2', 'C3', 'G3']	['M3', 'P5', 'P1', 'P5']	[False, False, False, False, True]	37.0	3.0	70.0	I	False	('C', 'E', 'G')	C	C	0.0	major triad	(0, 4, 7)	C	C	1	None
144.5	0.25	37	['C2', 'E2', 'G2', 'C3', 'C4']	['M3', 'P5', 'P1', 'P1']	[False, False, False, False, True]	37.0	3.0	70.0	I	False	('C', 'E', 'G')	C	C	0.0	major triad	(0, 4, 7)	C	C	1	None
144.75	0.25	37	['C2', 'E2', 'G2', 'C3', 'G3']	['M3', 'P5', 'P1', 'P5']	[False, False, False, False, True]	37.0	3.0	70.0	I	False	('C', 'E', 'G')	C	C	0.0	major triad	(0, 4, 7)	C	C	1	None
145.0	0.25	37	['E4']	[]	[True]	37.0	3.0	70.0	I	False	('C', 'E', 'G')	C	C	0.0	major triad	(0, 4, 7)	C	C	1	None
145.25	0.25	37	['C4']	[]	[True]	37.0	3.0	70.0	I	False	('C', 'E', 'G')	C	C	0.0	major triad	(0, 4, 7)	C	C	1	None
145.5	0.25	37	['G4']	[]	[True]	37.0	3.0	70.0	I	False	('C', 'E', 'G')	C	C	0.0	major triad	(0, 4, 7)	C	C	1	None
145.75	0.25	37	['E4']	[]	[True]	37.0	3.0	70.0	I	False	('C', 'E', 'G')	C	C	0.0	major triad	(0, 4, 7)	C	C	1	None
146.0	0.25	37	['C5']	[]	[True]	37.0	3.0	70.0	I	False	('C', 'E', 'G')	C	C	0.0	major triad	(0, 4, 7)	C	C	1	None
146.25	0.25	37	['G4']	[]	[True]	37.0	3.0	70.0	I	False	('C', 'E', 'G')	C	C	0.0	major triad	(0, 4, 7)	C	C	1	None
146.5	0.25	37	['E5']	[]	[True]	37.0	3.0	70.0	I	False	('C', 'E', 'G')	C	C	0.0	major triad	(0, 4, 7)	C	C	1	None
146.75	0.25	37	['C5']	[]	[True]	37.0	3.0	70.0	I	False	('C', 'E', 'G')	C	C	0.0	major triad	(0, 4, 7)	C	C	1	None
147.0	0.5	38	['C4', 'E4', 'G4', 'G5']	['M3', 'P5', 'P5']	[True, True, True, True]	38.0	1.5	71.0	I	True	('C', 'E', 'G')	C	C	0.0	major triad	(0, 4, 7)	C	C	1	None
147.5	0.5	38	['C4', 'E4', 'G4', 'E5']	['M3', 'P5', 'M3']	[True, True, True, True]	38.0	1.5	71.0	I	False	('C', 'E', 'G')	C	C	0.0	major triad	(0, 4, 7)	C	C	1	None
148.0	0.5	38	['C4', 'E4', 'G4', 'C5']	['M3', 'P5', 'P1']	[True, True, True, True]	38.0	1.5	71.0	I	False	('C', 'E', 'G')	C	C	0.0	major triad	(0, 4, 7)	C	C	1	None
148.5	1.0	38	['D4', 'F4', 'G4', 'B4']	['m3', 'P4', 'M6']	[True, True, True, True]	38.0	1.5	72.0	V7	True	('D', 'F', 'G', 'B')	D	G	2.0	dominant seventh chord	(2, 5, 7, 11)	C	C	5	None
149.5	0.25	38	['D4']	[]	[True]	38.0	1.5	72.0	V7	False	('D', 'F', 'G', 'B')	D	G	2.0	dominant seventh chord	(2, 5, 7, 11)	C	C	5	None
149.75	0.25	38	['C4']	[]	[True]	38.0	1.5	72.0	V7	False	('D', 'F', 'G', 'B')	D	G	2.0	dominant seventh chord	(2, 5, 7, 11)	C	C	5	None
150.0	0.25	39	['G2', 'B2', 'D3', 'G3', 'B3']	['M3', 'P5', 'P1', 'M3']	[True, True, True, True, True]	39.0	3.0	73.0	V	True	('G', 'B', 'D')	G	G	0.0	major triad	(2, 7, 11)	C	C	5	None
150.25	0.25	39	['G2', 'B2', 'D3', 'G3', 'D4']	['M3', 'P5', 'P1', 'P5']	[False, False, False, False, True]	39.0	3.0	73.0	V	False	('G', 'B', 'D')	G	G	0.0	major triad	(2, 7, 11)	C	C	5	None
150.5	0.25	39	['G2', 'B2', 'D3', 'G3', 'G4']	['M3', 'P5', 'P1', 'P1']	[False, False, False, False, True]	39.0	3.0	73.0	V	False	('G', 'B', 'D')	G	G	0.0	major triad	(2, 7, 11)	C	C	5	None
150.75	0.25	39	['G2', 'B2', 'D3', 'G3', 'D4']	['M3', 'P5', 'P1', 'P5']	[False, False, False, False, True]	39.0	3.0	73.0	V	False	('G', 'B', 'D')	G	G	0.0	major triad	(2, 7, 11)	C	C	5	None
151.0	0.25	39	['B4']	[]	[True]	39.0	3.0	73.0	V	False	('G', 'B', 'D')	G	G	0.0	major triad	(2, 7, 11)	C	C	5	None
151.25	0.25	39	['G4']	[]	[True]	39.0	3.0	73.0	V	False	('G', 'B', 'D')	G	G	0.0	major triad	(2, 7, 11)	C	C	5	None
151.5	0.25	39	['D5']	[]	[True]	39.0	3.0	73.0	V	False	('G', 'B', 'D')	G	G	0.0	major triad	(2, 7, 11)	C	C	5	None
151.75	0.25	39	['B4']	[]	[True]	39.0	3.0	73.0	V	False	('G', 'B', 'D')	G	G	0.0	major triad	(2, 7, 11)	C	C	5	None
152.0	0.25	39	['G5']	[]	[True]	39.0	3.0	73.0	V	False	('G', 'B', 'D')	G	G	0.0	major triad	(2, 7, 11)	C	C	5	None
152.25	0.25	39	['D5']	[]	[True]	39.0	3.0	73.0	V	False	('G', 'B', 'D')	G	G	0.0	major triad	(2, 7, 11)	C	C	5	None
152.5	0.25	39	['B5']	[]	[True]	39.0	3.0	73.0	V	False	('G', 'B', 'D')	G	G	0.0	major triad	(2, 7, 11)	C	C	5	None
152.75	0.25	39	['G5']	[]	[True]	39.0	3.0	73.0	V	False	('G', 'B', 'D')	G	G	0.0	major triad	(2, 7, 11)	C	C	5	None
153.0	0.5	40	['B3', 'D4', 'G4', 'D6']	['m3', 'm6', 'm3']	[True, True, True, True]	40.0	1.5	74.0	V7	True	('B', 'D', 'F', 'G')	B	G	1.0	dominant seventh chord	(2, 5, 7, 11)	C	C	5	None
153.5	0.5	40	['B3', 'D4', 'G4', 'B5']	['m3', 'm6', 'P1']	[True, True, True, True]	40.0	1.5	74.0	V7	False	('B', 'D', 'F', 'G')	B	G	1.0	dominant seventh chord	(2, 5, 7, 11)	C	C	5	None
154.0	0.5	40	['B3', 'D4', 'G4', 'F5']	['m3', 'm6', 'd5']	[True, True, True, True]	40.0	1.5	74.0	V7	False	('B', 'D', 'F', 'G')	B	G	1.0	dominant seventh chord	(2, 5, 7, 11)	C	C	5	None
154.5	1.0	40	['C4', 'E4', 'G4', 'E5']	['M3', 'P5', 'M3']	[True, True, True, True]	40.0	1.5	75.0	I	True	('C', 'E', 'G')	C	C	0.0	major triad	(0, 4, 7)	C	C	1	None
155.5	0.25	40	['G5']	[]	[True]	40.0	1.5	75.0	I	False	('C', 'E', 'G')	C	C	0.0	major triad	(0, 4, 7)	C	C	1	None
155.75	0.25	40	['F5']	[]	[True]	40.0	1.5	75.0	I	False	('C', 'E', 'G')	C	C	0.0	major triad	(0, 4, 7)	C	C	1	None
156.0	0.25	41	['E5']	[]	[True]	41.0	1.5	76.0	I	True	('C', 'E', 'G')	C	C	0.0	major triad	(0, 4, 7)	C	C	1	None
156.25	0.25	41	['G5']	[]	[True]	41.0	1.5	76.0	I	False	('C', 'E', 'G')	C	C	0.0	major triad	(0, 4, 7)	C	C	1	None
156.5	0.25	41	['G4', 'E5']	['M6']	[True, True]	41.0	1.5	76.0	I	False	('C', 'E', 'G')	C	C	0.0	major triad	(0, 4, 7)	C	C	1	None
156.75	0.25	41	['F4', 'D5']	['M6']	[True, True]	41.0	1.5	76.0	I	False	('C', 'E', 'G')	C	C	0.0	major triad	(0, 4, 7)	C	C	1	None
157.0	0.25	41	['E4', 'C5']	['m6']	[True, True]	41.0	1.5	76.0	I	False	('C', 'E', 'G')	C	C	0.0	major triad	(0, 4, 7)	C	C	1	None
157.25	0.25	41	['G4', 'E5']	['M6']	[True, True]	41.0	1.5	76.0	I	False	('C', 'E', 'G')	C	C	0.0	major triad	(0, 4, 7)	C	C	1	None
157.5	0.25	41	['E4', 'C5']	['m6']	[True, True]	41.0	1.5	77.0	vi7	True	('C', 'E', 'G', 'A')	C	A	1.0	minor seventh chord	(0, 4, 7, 9)	C	C	6	None
157.75	0.25	41	['D4', 'B4']	['M6']	[True, True]	41.0	1.5	77.0	vi7	False	('C', 'E', 'G', 'A')	C	A	1.0	minor seventh chord	(0, 4, 7, 9)	C	C	6	None
158.0	0.25	41	['C4', 'A4']	['M6']	[True, True]	41.0	1.5	77.0	vi7	False	('C', 'E', 'G', 'A')	C	A	1.0	minor seventh chord	(0, 4, 7, 9)	C	C	6	None
158.25	0.25	41	['E4', 'C5']	['m6']	[True, True]	41.0	1.5	77.0	vi7	False	('C', 'E', 'G', 'A')	C	A	1.0	minor seventh chord	(0, 4, 7, 9)	C	C	6	None
158.5	0.25	41	['C4', 'A4']	['M6']	[True, True]	41.0	1.5	77.0	vi7	False	('C', 'E', 'G', 'A')	C	A	1.0	minor seventh chord	(0, 4, 7, 9)	C	C	6	None
158.75	0.25	41	['B3', 'G4']	['m6']	[True, True]	41.0	1.5	77.0	vi7	False	('C', 'E', 'G', 'A')	C	A	1.0	minor seventh chord	(0, 4, 7, 9)	C	C	6	None
159.0	0.25	42	['A3', 'F4']	['m6']	[True, True]	42.0	1.5	78.0	IV	True	('F', 'A', 'C')	F	F	0.0	major triad	(0, 5, 9)	C	C	4	None
159.25	0.25	42	['C4', 'A4']	['M6']	[True, True]	42.0	1.5	78.0	IV	False	('F', 'A', 'C')	F	F	0.0	major triad	(0, 5, 9)	C	C	4	None
159.5	0.25	42	['A3', 'F4']	['m6']	[True, True]	42.0	1.5	78.0	IV	False	('F', 'A', 'C')	F	F	0.0	major triad	(0, 5, 9)	C	C	4	None
159.75	0.25	42	['G3', 'E4']	['M6']	[True, True]	42.0	1.5	78.0	IV	False	('F', 'A', 'C')	F	F	0.0	major triad	(0, 5, 9)	C	C	4	None
160.0	0.25	42	['F3', 'D4']	['M6']	[True, True]	42.0	1.5	78.0	IV	False	('F', 'A', 'C')	F	F	0.0	major triad	(0, 5, 9)	C	C	4	None
160.25	0.25	42	['A3', 'F4']	['m6']	[True, True]	42.0	1.5	78.0	IV	False	('F', 'A', 'C')	F	F	0.0	major triad	(0, 5, 9)	C	C	4	None
160.5	0.25	42	['F3', 'D4']	['M6']	[True, True]	42.0	1.5	79.0	viiø7	True	('D', 'F', 'A', 'B')	D	B	1.0	half-diminished seventh chord	(2, 5, 9, 11)	C	C	7	None
160.75	0.25	42	['E3', 'C4']	['m6']	[True, True]	42.0	1.5	79.0	viiø7	False	('D', 'F', 'A', 'B')	D	B	1.0	half-diminished seventh chord	(2, 5, 9, 11)	C	C	7	None
161.0	0.25	42	['D3', 'B3']	['M6']	[True, True]	42.0	1.5	79.0	viiø7	False	('D', 'F', 'A', 'B')	D	B	1.0	half-diminished seventh chord	(2, 5, 9, 11)	C	C	7	None
161.25	0.25	42	['F3', 'D4']	['M6']	[True, True]	42.0	1.5	79.0	viiø7	False	('D', 'F', 'A', 'B')	D	B	1.0	half-diminished seventh chord	(2, 5, 9, 11)	C	C	7	None
161.5	0.25	42	['D3', 'B3']	['M6']	[True, True]	42.0	1.5	79.0	viiø7	False	('D', 'F', 'A', 'B')	D	B	1.0	half-diminished seventh chord	(2, 5, 9, 11)	C	C	7	None
161.75	0.25	42	['C3', 'A3']	['M6']	[True, True]	42.0	1.5	79.0	viiø7	False	('D', 'F', 'A', 'B')	D	B	1.0	half-diminished seventh chord	(2, 5, 9, 11)	C	C	7	None
162.0	0.25	43	['B2', 'G#3']	['M6']	[True, True]	43.0	1.5	80.0	V7/vi	True	('G#', 'B', 'D', 'E')	G#	E	1.0	dominant seventh chord	(2, 4, 8, 11)	C	a	5	6
162.25	0.25	43	['B2', 'B3']	['P1']	[False, True]	43.0	1.5	80.0	V7/vi	False	('G#', 'B', 'D', 'E')	G#	E	1.0	dominant seventh chord	(2, 4, 8, 11)	C	a	5	6
162.5	0.25	43	['G#3']	[]	[True]	43.0	1.5	80.0	V7/vi	False	('G#', 'B', 'D', 'E')	G#	E	1.0	dominant seventh chord	(2, 4, 8, 11)	C	a	5	6
162.75	0.25	43	['E2', 'F3']	['m2']	[True, True]	43.0	1.5	80.0	V7/vi	False	('G#', 'B', 'D', 'E')	G#	E	1.0	dominant seventh chord	(2, 4, 8, 11)	C	a	5	6
163.0	0.25	43	['F#2', 'E3']	['m7']	[True, True]	43.0	1.5	80.0	V7/vi	False	('G#', 'B', 'D', 'E')	G#	E	1.0	dominant seventh chord	(2, 4, 8, 11)	C	a	5	6
163.25	0.25	43	['G#2', 'D3']	['d5']	[True, True]	43.0	1.5	80.0	V7/vi	False	('G#', 'B', 'D', 'E')	G#	E	1.0	dominant seventh chord	(2, 4, 8, 11)	C	a	5	6
163.5	0.25	43	['A2', 'C3']	['m3']	[True, True]	43.0	1.5	81.0	vi	True	('A', 'C', 'E')	A	A	0.0	minor triad	(0, 4, 9)	C	C	6	None
163.75	0.25	43	['A2', 'E4']	['P5']	[False, True]	43.0	1.5	81.0	vi	False	('A', 'C', 'E')	A	A	0.0	minor triad	(0, 4, 9)	C	C	6	None
164.0	0.25	43	['C4']	[]	[True]	43.0	1.5	81.0	vi	False	('A', 'C', 'E')	A	A	0.0	minor triad	(0, 4, 9)	C	C	6	None
164.25	0.25	43	['A1', 'B3']	['M2']	[True, True]	43.0	1.5	81.0	vi	False	('A', 'C', 'E')	A	A	0.0	minor triad	(0, 4, 9)	C	C	6	None
164.5	0.25	43	['B1', 'A3']	['m7']	[True, True]	43.0	1.5	81.0	vi	False	('A', 'C', 'E')	A	A	0.0	minor triad	(0, 4, 9)	C	C	6	None
164.75	0.25	43	['C2', 'G3']	['P5']	[True, True]	43.0	1.5	81.0	vi	False	('A', 'C', 'E')	A	A	0.0	minor triad	(0, 4, 9)	C	C	6	None
165.0	0.25	44	['D2', 'F#3']	['M3']	[True, True]	44.0	1.5	82.0	V7/V	True	('D', 'F#', 'A', 'C')	D	D	0.0	dominant seventh chord	(0, 2, 6, 9)	C	G	5	5
165.25	0.25	44	['D2', 'E3']	['M2']	[False, True]	44.0	1.5	82.0	V7/V	False	('D', 'F#', 'A', 'C')	D	D	0.0	dominant seventh chord	(0, 2, 6, 9)	C	G	5	5
165.5	0.25	44	['D3']	[]	[True]	44.0	1.5	82.0	V7/V	False	('D', 'F#', 'A', 'C')	D	D	0.0	dominant seventh chord	(0, 2, 6, 9)	C	G	5	5
165.75	0.25	44	['D2', 'C3']	['m7']	[True, True]	44.0	1.5	82.0	V7/V	False	('D', 'F#', 'A', 'C')	D	D	0.0	dominant seventh chord	(0, 2, 6, 9)	C	G	5	5
166.0	0.25	44	['E2', 'B2']	['P5']	[True, True]	44.0	1.5	82.0	V7/V	False	('D', 'F#', 'A', 'C')	D	D	0.0	dominant seventh chord	(0, 2, 6, 9)	C	G	5	5
166.25	0.25	44	['F#2', 'A2']	['m3']	[True, True]	44.0	1.5	82.0	V7/V	False	('D', 'F#', 'A', 'C')	D	D	0.0	dominant seventh chord	(0, 2, 6, 9)	C	G	5	5
166.5	1.0	44	['G1', 'G2']	['P1']	[True, True]	44.0	1.5	83.0	V	True	('G', 'B', 'D')	G	G	0.0	major triad	(2, 7, 11)	C	C	5	None
167.5	0.25	44	['D3']	[]	[True]	44.0	1.5	83.0	V	False	('G', 'B', 'D')	G	G	0.0	major triad	(2, 7, 11)	C	C	5	None
167.75	0.25	44	['C3']	[]	[True]	44.0	1.5	83.0	V	False	('G', 'B', 'D')	G	G	0.0	major triad	(2, 7, 11)	C	C	5	None
168.0	0.25	45	['B2']	[]	[True]	45.0	3.0	84.0	V	True	('G', 'B', 'D')	G	G	0.0	major triad	(2, 7, 11)	C	C	5	None
168.25	0.25	45	['D3']	[]	[True]	45.0	3.0	84.0	V	False	('G', 'B', 'D')	G	G	0.0	major triad	(2, 7, 11)	C	C	5	None
168.5	0.25	45	['G3']	[]	[True]	45.0	3.0	84.0	V	False	('G', 'B', 'D')	G	G	0.0	major triad	(2, 7, 11)	C	C	5	None
168.75	0.25	45	['D3']	[]	[True]	45.0	3.0	84.0	V	False	('G', 'B', 'D')	G	G	0.0	major triad	(2, 7, 11)	C	C	5	None
169.0	0.25	45	['B3']	[]	[True]	45.0	3.0	84.0	V	False	('G', 'B', 'D')	G	G	0.0	major triad	(2, 7, 11)	C	C	5	None
169.25	0.25	45	['G3']	[]	[True]	45.0	3.0	84.0	V	False	('G', 'B', 'D')	G	G	0.0	major triad	(2, 7, 11)	C	C	5	None
169.5	0.25	45	['D4']	[]	[True]	45.0	3.0	84.0	V	False	('G', 'B', 'D')	G	G	0.0	major triad	(2, 7, 11)	C	C	5	None
169.75	0.25	45	['B3']	[]	[True]	45.0	3.0	84.0	V	False	('G', 'B', 'D')	G	G	0.0	major triad	(2, 7, 11)	C	C	5	None
170.0	0.25	45	['G4']	[]	[True]	45.0	3.0	84.0	V	False	('G', 'B', 'D')	G	G	0.0	major triad	(2, 7, 11)	C	C	5	None
170.25	0.25	45	['D4']	[]	[True]	45.0	3.0	84.0	V	False	('G', 'B', 'D')	G	G	0.0	major triad	(2, 7, 11)	C	C	5	None
170.5	0.5	45	['G1', 'B1', 'D2', 'G2', 'B4']	['M3', 'P5', 'P1', 'M3']	[True, True, True, True, True]	45.0	3.0	84.0	V	False	('G', 'B', 'D')	G	G	0.0	major triad	(2, 7, 11)	C	C	5	None
171.0	0.25	46	['D3']	[]	[True]	46.0	3.0	85.0	V7	True	('G', 'B', 'D', 'F')	G	G	0.0	dominant seventh chord	(2, 5, 7, 11)	C	C	5	None
171.25	0.25	46	['F3']	[]	[True]	46.0	3.0	85.0	V7	False	('G', 'B', 'D', 'F')	G	G	0.0	dominant seventh chord	(2, 5, 7, 11)	C	C	5	None
171.5	0.25	46	['B3']	[]	[True]	46.0	3.0	85.0	V7	False	('G', 'B', 'D', 'F')	G	G	0.0	dominant seventh chord	(2, 5, 7, 11)	C	C	5	None
171.75	0.25	46	['F3']	[]	[True]	46.0	3.0	85.0	V7	False	('G', 'B', 'D', 'F')	G	G	0.0	dominant seventh chord	(2, 5, 7, 11)	C	C	5	None
172.0	0.25	46	['D4']	[]	[True]	46.0	3.0	85.0	V7	False	('G', 'B', 'D', 'F')	G	G	0.0	dominant seventh chord	(2, 5, 7, 11)	C	C	5	None
172.25	0.25	46	['B3']	[]	[True]	46.0	3.0	85.0	V7	False	('G', 'B', 'D', 'F')	G	G	0.0	dominant seventh chord	(2, 5, 7, 11)	C	C	5	None
172.5	0.25	46	['F4']	[]	[True]	46.0	3.0	85.0	V7	False	('G', 'B', 'D', 'F')	G	G	0.0	dominant seventh chord	(2, 5, 7, 11)	C	C	5	None
172.75	0.25	46	['D4']	[]	[True]	46.0	3.0	85.0	V7	False	('G', 'B', 'D', 'F')	G	G	0.0	dominant seventh chord	(2, 5, 7, 11)	C	C	5	None
173.0	0.25	46	['B4']	[]	[True]	46.0	3.0	85.0	V7	False	('G', 'B', 'D', 'F')	G	G	0.0	dominant seventh chord	(2, 5, 7, 11)	C	C	5	None
173.25	0.25	46	['F4']	[]	[True]	46.0	3.0	85.0	V7	False	('G', 'B', 'D', 'F')	G	G	0.0	dominant seventh chord	(2, 5, 7, 11)	C	C	5	None
173.5	0.5	46	['G1', 'B1', 'D2', 'G2', 'D5']	['M3', 'P5', 'P1', 'P5']	[True, True, True, True, True]	46.0	3.0	85.0	V7	False	('G', 'B', 'D', 'F')	G	G	0.0	dominant seventh chord	(2, 5, 7, 11)	C	C	5	None
174.0	0.25	47	['F3']	[]	[True]	47.0	3.0	86.0	V7	True	('G', 'B', 'D', 'F')	G	G	0.0	dominant seventh chord	(2, 5, 7, 11)	C	C	5	None
174.25	0.25	47	['B3']	[]	[True]	47.0	3.0	86.0	V7	False	('G', 'B', 'D', 'F')	G	G	0.0	dominant seventh chord	(2, 5, 7, 11)	C	C	5	None
174.5	0.25	47	['D4']	[]	[True]	47.0	3.0	86.0	V7	False	('G', 'B', 'D', 'F')	G	G	0.0	dominant seventh chord	(2, 5, 7, 11)	C	C	5	None
174.75	0.25	47	['B3']	[]	[True]	47.0	3.0	86.0	V7	False	('G', 'B', 'D', 'F')	G	G	0.0	dominant seventh chord	(2, 5, 7, 11)	C	C	5	None
175.0	0.25	47	['F4']	[]	[True]	47.0	3.0	86.0	V7	False	('G', 'B', 'D', 'F')	G	G	0.0	dominant seventh chord	(2, 5, 7, 11)	C	C	5	None
175.25	0.25	47	['D4']	[]	[True]	47.0	3.0	86.0	V7	False	('G', 'B', 'D', 'F')	G	G	0.0	dominant seventh chord	(2, 5, 7, 11)	C	C	5	None
175.5	0.25	47	['B4']	[]	[True]	47.0	3.0	86.0	V7	False	('G', 'B', 'D', 'F')	G	G	0.0	dominant seventh chord	(2, 5, 7, 11)	C	C	5	None
175.75	0.25	47	['F4']	[]	[True]	47.0	3.0	86.0	V7	False	('G', 'B', 'D', 'F')	G	G	0.0	dominant seventh chord	(2, 5, 7, 11)	C	C	5	None
176.0	0.25	47	['D5']	[]	[True]	47.0	3.0	86.0	V7	False	('G', 'B', 'D', 'F')	G	G	0.0	dominant seventh chord	(2, 5, 7, 11)	C	C	5	None
176.25	0.25	47	['B4']	[]	[True]	47.0	3.0	86.0	V7	False	('G', 'B', 'D', 'F')	G	G	0.0	dominant seventh chord	(2, 5, 7, 11)	C	C	5	None
176.5	0.5	47	['G2', 'B2', 'D3', 'G3', 'F5']	['M3', 'P5', 'P1', 'm7']	[True, True, True, True, True]	47.0	3.0	86.0	V7	False	('G', 'B', 'D', 'F')	G	G	0.0	dominant seventh chord	(2, 5, 7, 11)	C	C	5	None
177.0	0.25	48	['B4']	[]	[True]	48.0	3.0	87.0	V7	True	('G', 'B', 'D', 'F')	G	G	0.0	dominant seventh chord	(2, 5, 7, 11)	C	C	5	None
177.25	0.25	48	['F4']	[]	[True]	48.0	3.0	87.0	V7	False	('G', 'B', 'D', 'F')	G	G	0.0	dominant seventh chord	(2, 5, 7, 11)	C	C	5	None
177.5	0.25	48	['D5']	[]	[True]	48.0	3.0	87.0	V7	False	('G', 'B', 'D', 'F')	G	G	0.0	dominant seventh chord	(2, 5, 7, 11)	C	C	5	None
177.75	0.25	48	['B4']	[]	[True]	48.0	3.0	87.0	V7	False	('G', 'B', 'D', 'F')	G	G	0.0	dominant seventh chord	(2, 5, 7, 11)	C	C	5	None
178.0	0.5	48	['G2', 'B2', 'D3', 'G3', 'F5']	['M3', 'P5', 'P1', 'm7']	[True, True, True, True, True]	48.0	3.0	87.0	V7	False	('G', 'B', 'D', 'F')	G	G	0.0	dominant seventh chord	(2, 5, 7, 11)	C	C	5	None
178.5	0.25	48	['B4']	[]	[True]	48.0	3.0	87.0	V7	False	('G', 'B', 'D', 'F')	G	G	0.0	dominant seventh chord	(2, 5, 7, 11)	C	C	5	None
178.75	0.25	48	['F4']	[]	[True]	48.0	3.0	87.0	V7	False	('G', 'B', 'D', 'F')	G	G	0.0	dominant seventh chord	(2, 5, 7, 11)	C	C	5	None
179.0	0.25	48	['D5']	[]	[True]	48.0	3.0	87.0	V7	False	('G', 'B', 'D', 'F')	G	G	0.0	dominant seventh chord	(2, 5, 7, 11)	C	C	5	None
179.25	0.25	48	['B4']	[]	[True]	48.0	3.0	87.0	V7	False	('G', 'B', 'D', 'F')	G	G	0.0	dominant seventh chord	(2, 5, 7, 11)	C	C	5	None
179.5	0.5	48	['G2', 'B2', 'D3', 'G3', 'F5']	['M3', 'P5', 'P1', 'm7']	[True, True, True, True, True]	48.0	3.0	87.0	V7	False	('G', 'B', 'D', 'F')	G	G	0.0	dominant seventh chord	(2, 5, 7, 11)	C	C	5	None
180.0	0.25	49	['E5']	[]	[True]	49.0	1.5	88.0	I	True	('E', 'G', 'C')	E	C	1.0	major triad	(0, 4, 7)	C	C	1	None
180.25	0.25	49	['G5']	[]	[True]	49.0	1.5	88.0	I	False	('E', 'G', 'C')	E	C	1.0	major triad	(0, 4, 7)	C	C	1	None
180.5	0.25	49	['G4', 'E5']	['M6']	[True, True]	49.0	1.5	88.0	I	False	('E', 'G', 'C')	E	C	1.0	major triad	(0, 4, 7)	C	C	1	None
180.75	0.25	49	['F4', 'D5']	['M6']	[True, True]	49.0	1.5	88.0	I	False	('E', 'G', 'C')	E	C	1.0	major triad	(0, 4, 7)	C	C	1	None
181.0	0.25	49	['E4', 'C5']	['m6']	[True, True]	49.0	1.5	88.0	I	False	('E', 'G', 'C')	E	C	1.0	major triad	(0, 4, 7)	C	C	1	None
181.25	0.25	49	['G4', 'E5']	['M6']	[True, True]	49.0	1.5	88.0	I	False	('E', 'G', 'C')	E	C	1.0	major triad	(0, 4, 7)	C	C	1	None
181.5	0.25	49	['E4', 'C5']	['m6']	[True, True]	49.0	1.5	89.0	vi7	True	('C', 'E', 'G', 'A')	C	A	1.0	minor seventh chord	(0, 4, 7, 9)	C	C	6	None
181.75	0.25	49	['D4', 'B4']	['M6']	[True, True]	49.0	1.5	89.0	vi7	False	('C', 'E', 'G', 'A')	C	A	1.0	minor seventh chord	(0, 4, 7, 9)	C	C	6	None
182.0	0.25	49	['C4', 'A4']	['M6']	[True, True]	49.0	1.5	89.0	vi7	False	('C', 'E', 'G', 'A')	C	A	1.0	minor seventh chord	(0, 4, 7, 9)	C	C	6	None
182.25	0.25	49	['E4', 'C5']	['m6']	[True, True]	49.0	1.5	89.0	vi7	False	('C', 'E', 'G', 'A')	C	A	1.0	minor seventh chord	(0, 4, 7, 9)	C	C	6	None
182.5	0.25	49	['C4', 'A4']	['M6']	[True, True]	49.0	1.5	89.0	vi7	False	('C', 'E', 'G', 'A')	C	A	1.0	minor seventh chord	(0, 4, 7, 9)	C	C	6	None
182.75	0.25	49	['B3', 'G4']	['m6']	[True, True]	49.0	1.5	89.0	vi7	False	('C', 'E', 'G', 'A')	C	A	1.0	minor seventh chord	(0, 4, 7, 9)	C	C	6	None
183.0	0.25	50	['A3', 'F4']	['m6']	[True, True]	50.0	1.5	90.0	IV	True	('F', 'A', 'C')	F	F	0.0	major triad	(0, 5, 9)	C	C	4	None
183.25	0.25	50	['C4', 'A4']	['M6']	[True, True]	50.0	1.5	90.0	IV	False	('F', 'A', 'C')	F	F	0.0	major triad	(0, 5, 9)	C	C	4	None
183.5	0.25	50	['A3', 'F4']	['m6']	[True, True]	50.0	1.5	90.0	IV	False	('F', 'A', 'C')	F	F	0.0	major triad	(0, 5, 9)	C	C	4	None
183.75	0.25	50	['G3', 'E4']	['M6']	[True, True]	50.0	1.5	90.0	IV	False	('F', 'A', 'C')	F	F	0.0	major triad	(0, 5, 9)	C	C	4	None
184.0	0.25	50	['F3', 'D4']	['M6']	[True, True]	50.0	1.5	90.0	IV	False	('F', 'A', 'C')	F	F	0.0	major triad	(0, 5, 9)	C	C	4	None
184.25	0.25	50	['A3', 'F4']	['m6']	[True, True]	50.0	1.5	90.0	IV	False	('F', 'A', 'C')	F	F	0.0	major triad	(0, 5, 9)	C	C	4	None
184.5	0.25	50	['F3', 'D4']	['M6']	[True, True]	50.0	1.5	91.0	viio	True	('B', 'D', 'F')	B	B	0.0	diminished triad	(2, 5, 11)	C	C	7	None
184.75	0.25	50	['E3', 'C4']	['m6']	[True, True]	50.0	1.5	91.0	viio	False	('B', 'D', 'F')	B	B	0.0	diminished triad	(2, 5, 11)	C	C	7	None
185.0	0.25	50	['D3', 'B3']	['M6']	[True, True]	50.0	1.5	91.0	viio	False	('B', 'D', 'F')	B	B	0.0	diminished triad	(2, 5, 11)	C	C	7	None
185.25	0.25	50	['C3', 'A3']	['M6']	[True, True]	50.0	1.5	91.0	viio	False	('B', 'D', 'F')	B	B	0.0	diminished triad	(2, 5, 11)	C	C	7	None
185.5	0.25	50	['B2', 'G3']	['m6']	[True, True]	50.0	1.5	91.0	viio	False	('B', 'D', 'F')	B	B	0.0	diminished triad	(2, 5, 11)	C	C	7	None
185.75	0.25	50	['D3', 'F3']	['m3']	[True, True]	50.0	1.5	91.0	viio	False	('B', 'D', 'F')	B	B	0.0	diminished triad	(2, 5, 11)	C	C	7	None
186.0	0.25	51	['C3', 'E3']	['M3']	[True, True]	51.0	1.5	92.0	I	True	('C', 'E', 'G')	C	C	0.0	major triad	(0, 4, 7)	C	C	1	None
186.25	0.25	51	['C3', 'G4']	['P5']	[False, True]	51.0	1.5	92.0	I	False	('C', 'E', 'G')	C	C	0.0	major triad	(0, 4, 7)	C	C	1	None
186.5	0.25	51	['E4']	[]	[True]	51.0	1.5	92.0	I	False	('C', 'E', 'G')	C	C	0.0	major triad	(0, 4, 7)	C	C	1	None
186.75	0.25	51	['C2', 'D4']	['M2']	[True, True]	51.0	1.5	92.0	I	False	('C', 'E', 'G')	C	C	0.0	major triad	(0, 4, 7)	C	C	1	None
187.0	0.25	51	['D2', 'C4']	['m7']	[True, True]	51.0	1.5	92.0	I	False	('C', 'E', 'G')	C	C	0.0	major triad	(0, 4, 7)	C	C	1	None
187.25	0.25	51	['E2', 'B-3']	['d5']	[True, True]	51.0	1.5	92.0	I	False	('C', 'E', 'G')	C	C	0.0	major triad	(0, 4, 7)	C	C	1	None
187.5	0.25	51	['F2', 'A3']	['M3']	[True, True]	51.0	1.5	93.0	ii7	True	('D', 'F', 'A', 'C')	D	D	0.0	minor seventh chord	(0, 2, 5, 9)	C	C	2	None
187.75	0.25	51	['F2', 'A4']	['M3']	[False, True]	51.0	1.5	93.0	ii7	False	('D', 'F', 'A', 'C')	D	D	0.0	minor seventh chord	(0, 2, 5, 9)	C	C	2	None
188.0	0.25	51	['F4']	[]	[True]	51.0	1.5	93.0	ii7	False	('D', 'F', 'A', 'C')	D	D	0.0	minor seventh chord	(0, 2, 5, 9)	C	C	2	None
188.25	0.25	51	['D2', 'E4']	['M2']	[True, True]	51.0	1.5	93.0	ii7	False	('D', 'F', 'A', 'C')	D	D	0.0	minor seventh chord	(0, 2, 5, 9)	C	C	2	None
188.5	0.25	51	['E2', 'D4']	['m7']	[True, True]	51.0	1.5	93.0	ii7	False	('D', 'F', 'A', 'C')	D	D	0.0	minor seventh chord	(0, 2, 5, 9)	C	C	2	None
188.75	0.25	51	['F2', 'C4']	['P5']	[True, True]	51.0	1.5	93.0	ii7	False	('D', 'F', 'A', 'C')	D	D	0.0	minor seventh chord	(0, 2, 5, 9)	C	C	2	None
189.0	0.25	52	['G2', 'B3']	['M3']	[True, True]	52.0	1.5	94.0	V7	True	('G', 'B', 'D', 'F')	G	G	0.0	dominant seventh chord	(2, 5, 7, 11)	C	C	5	None
189.25	0.25	52	['G2', 'A3']	['M2']	[False, True]	52.0	1.5	94.0	V7	False	('G', 'B', 'D', 'F')	G	G	0.0	dominant seventh chord	(2, 5, 7, 11)	C	C	5	None
189.5	0.25	52	['G3']	[]	[True]	52.0	1.5	94.0	V7	False	('G', 'B', 'D', 'F')	G	G	0.0	dominant seventh chord	(2, 5, 7, 11)	C	C	5	None
189.75	0.25	52	['G1', 'F3']	['m7']	[True, True]	52.0	1.5	94.0	V7	False	('G', 'B', 'D', 'F')	G	G	0.0	dominant seventh chord	(2, 5, 7, 11)	C	C	5	None
190.0	0.25	52	['A1', 'E3']	['P5']	[True, True]	52.0	1.5	94.0	V7	False	('G', 'B', 'D', 'F')	G	G	0.0	dominant seventh chord	(2, 5, 7, 11)	C	C	5	None
190.25	0.25	52	['B1', 'D3']	['m3']	[True, True]	52.0	1.5	94.0	V7	False	('G', 'B', 'D', 'F')	G	G	0.0	dominant seventh chord	(2, 5, 7, 11)	C	C	5	None
190.5	1.0	52	['C2', 'C3']	['P1']	[True, True]	52.0	1.5	95.0	I	True	('C', 'E', 'G')	C	C	0.0	major triad	(0, 4, 7)	C	C	1	None
191.5	0.25	52	['D3']	[]	[True]	52.0	1.5	95.0	I	False	('C', 'E', 'G')	C	C	0.0	major triad	(0, 4, 7)	C	C	1	None
191.75	0.25	52	['C3']	[]	[True]	52.0	1.5	95.0	I	False	('C', 'E', 'G')	C	C	0.0	major triad	(0, 4, 7)	C	C	1	None
192.0	0.25	53	['B2']	[]	[True]	53.0	3.0	96.0	V	True	('G', 'B', 'D')	G	G	0.0	major triad	(2, 7, 11)	C	C	5	None
192.25	0.25	53	['D3']	[]	[True]	53.0	3.0	96.0	V	False	('G', 'B', 'D')	G	G	0.0	major triad	(2, 7, 11)	C	C	5	None
192.5	0.25	53	['G3']	[]	[True]	53.0	3.0	96.0	V	False	('G', 'B', 'D')	G	G	0.0	major triad	(2, 7, 11)	C	C	5	None
192.75	0.25	53	['D3']	[]	[True]	53.0	3.0	96.0	V	False	('G', 'B', 'D')	G	G	0.0	major triad	(2, 7, 11)	C	C	5	None
193.0	0.25	53	['B3']	[]	[True]	53.0	3.0	96.0	V	False	('G', 'B', 'D')	G	G	0.0	major triad	(2, 7, 11)	C	C	5	None
193.25	0.25	53	['G3']	[]	[True]	53.0	3.0	96.0	V	False	('G', 'B', 'D')	G	G	0.0	major triad	(2, 7, 11)	C	C	5	None
193.5	0.25	53	['D4']	[]	[True]	53.0	3.0	96.0	V	False	('G', 'B', 'D')	G	G	0.0	major triad	(2, 7, 11)	C	C	5	None
193.75	0.25	53	['B3']	[]	[True]	53.0	3.0	96.0	V	False	('G', 'B', 'D')	G	G	0.0	major triad	(2, 7, 11)	C	C	5	None
194.0	0.25	53	['G4']	[]	[True]	53.0	3.0	96.0	V	False	('G', 'B', 'D')	G	G	0.0	major triad	(2, 7, 11)	C	C	5	None
194.25	0.25	53	['D4']	[]	[True]	53.0	3.0	96.0	V	False	('G', 'B', 'D')	G	G	0.0	major triad	(2, 7, 11)	C	C	5	None
194.5	0.5	53	['G1', 'B1', 'D2', 'G2', 'B4']	['M3', 'P5', 'P1', 'M3']	[True, True, True, True, True]	53.0	3.0	96.0	V	False	('G', 'B', 'D')	G	G	0.0	major triad	(2, 7, 11)	C	C	5	None
195.0	0.25	54	['D3']	[]	[True]	54.0	3.0	97.0	V7	True	('G', 'B', 'D', 'F')	G	G	0.0	dominant seventh chord	(2, 5, 7, 11)	C	C	5	None
195.25	0.25	54	['F3']	[]	[True]	54.0	3.0	97.0	V7	False	('G', 'B', 'D', 'F')	G	G	0.0	dominant seventh chord	(2, 5, 7, 11)	C	C	5	None
195.5	0.25	54	['B3']	[]	[True]	54.0	3.0	97.0	V7	False	('G', 'B', 'D', 'F')	G	G	0.0	dominant seventh chord	(2, 5, 7, 11)	C	C	5	None
195.75	0.25	54	['F3']	[]	[True]	54.0	3.0	97.0	V7	False	('G', 'B', 'D', 'F')	G	G	0.0	dominant seventh chord	(2, 5, 7, 11)	C	C	5	None
196.0	0.25	54	['D4']	[]	[True]	54.0	3.0	97.0	V7	False	('G', 'B', 'D', 'F')	G	G	0.0	dominant seventh chord	(2, 5, 7, 11)	C	C	5	None
196.25	0.25	54	['B3']	[]	[True]	54.0	3.0	97.0	V7	False	('G', 'B', 'D', 'F')	G	G	0.0	dominant seventh chord	(2, 5, 7, 11)	C	C	5	None
196.5	0.25	54	['F4']	[]	[True]	54.0	3.0	97.0	V7	False	('G', 'B', 'D', 'F')	G	G	0.0	dominant seventh chord	(2, 5, 7, 11)	C	C	5	None
196.75	0.25	54	['D4']	[]	[True]	54.0	3.0	97.0	V7	False	('G', 'B', 'D', 'F')	G	G	0.0	dominant seventh chord	(2, 5, 7, 11)	C	C	5	None
197.0	0.25	54	['B4']	[]	[True]	54.0	3.0	97.0	V7	False	('G', 'B', 'D', 'F')	G	G	0.0	dominant seventh chord	(2, 5, 7, 11)	C	C	5	None
197.25	0.25	54	['F4']	[]	[True]	54.0	3.0	97.0	V7	False	('G', 'B', 'D', 'F')	G	G	0.0	dominant seventh chord	(2, 5, 7, 11)	C	C	5	None
197.5	0.5	54	['G1', 'B1', 'D2', 'G2', 'D5']	['M3', 'P5', 'P1', 'P5']	[True, True, True, True, True]	54.0	3.0	97.0	V7	False	('G', 'B', 'D', 'F')	G	G	0.0	dominant seventh chord	(2, 5, 7, 11)	C	C	5	None
198.0	0.25	55	['F3']	[]	[True]	55.0	3.0	98.0	V7	True	('G', 'B', 'D', 'F')	G	G	0.0	dominant seventh chord	(2, 5, 7, 11)	C	C	5	None
198.25	0.25	55	['B3']	[]	[True]	55.0	3.0	98.0	V7	False	('G', 'B', 'D', 'F')	G	G	0.0	dominant seventh chord	(2, 5, 7, 11)	C	C	5	None
198.5	0.25	55	['D4']	[]	[True]	55.0	3.0	98.0	V7	False	('G', 'B', 'D', 'F')	G	G	0.0	dominant seventh chord	(2, 5, 7, 11)	C	C	5	None
198.75	0.25	55	['B3']	[]	[True]	55.0	3.0	98.0	V7	False	('G', 'B', 'D', 'F')	G	G	0.0	dominant seventh chord	(2, 5, 7, 11)	C	C	5	None
199.0	0.25	55	['F4']	[]	[True]	55.0	3.0	98.0	V7	False	('G', 'B', 'D', 'F')	G	G	0.0	dominant seventh chord	(2, 5, 7, 11)	C	C	5	None
199.25	0.25	55	['D4']	[]	[True]	55.0	3.0	98.0	V7	False	('G', 'B', 'D', 'F')	G	G	0.0	dominant seventh chord	(2, 5, 7, 11)	C	C	5	None
199.5	0.25	55	['B4']	[]	[True]	55.0	3.0	98.0	V7	False	('G', 'B', 'D', 'F')	G	G	0.0	dominant seventh chord	(2, 5, 7, 11)	C	C	5	None
199.75	0.25	55	['F4']	[]	[True]	55.0	3.0	98.0	V7	False	('G', 'B', 'D', 'F')	G	G	0.0	dominant seventh chord	(2, 5, 7, 11)	C	C	5	None
200.0	0.25	55	['D5']	[]	[True]	55.0	3.0	98.0	V7	False	('G', 'B', 'D', 'F')	G	G	0.0	dominant seventh chord	(2, 5, 7, 11)	C	C	5	None
200.25	0.25	55	['B4']	[]	[True]	55.0	3.0	98.0	V7	False	('G', 'B', 'D', 'F')	G	G	0.0	dominant seventh chord	(2, 5, 7, 11)	C	C	5	None
200.5	0.5	55	['G2', 'B2', 'D3', 'G3', 'F5']	['M3', 'P5', 'P1', 'm7']	[True, True, True, True, True]	55.0	3.0	98.0	V7	False	('G', 'B', 'D', 'F')	G	G	0.0	dominant seventh chord	(2, 5, 7, 11)	C	C	5	None
201.0	0.25	56	['B4']	[]	[True]	56.0	3.0	99.0	V7	True	('G', 'B', 'D', 'F')	G	G	0.0	dominant seventh chord	(2, 5, 7, 11)	C	C	5	None
201.25	0.25	56	['F4']	[]	[True]	56.0	3.0	99.0	V7	False	('G', 'B', 'D', 'F')	G	G	0.0	dominant seventh chord	(2, 5, 7, 11)	C	C	5	None
201.5	0.25	56	['D5']	[]	[True]	56.0	3.0	99.0	V7	False	('G', 'B', 'D', 'F')	G	G	0.0	dominant seventh chord	(2, 5, 7, 11)	C	C	5	None
201.75	0.25	56	['B4']	[]	[True]	56.0	3.0	99.0	V7	False	('G', 'B', 'D', 'F')	G	G	0.0	dominant seventh chord	(2, 5, 7, 11)	C	C	5	None
202.0	0.5	56	['G2', 'B2', 'D3', 'G3', 'F5']	['M3', 'P5', 'P1', 'm7']	[True, True, True, True, True]	56.0	3.0	99.0	V7	False	('G', 'B', 'D', 'F')	G	G	0.0	dominant seventh chord	(2, 5, 7, 11)	C	C	5	None
202.5	0.25	56	['B4']	[]	[True]	56.0	3.0	99.0	V7	False	('G', 'B', 'D', 'F')	G	G	0.0	dominant seventh chord	(2, 5, 7, 11)	C	C	5	None
202.75	0.25	56	['F4']	[]	[True]	56.0	3.0	99.0	V7	False	('G', 'B', 'D', 'F')	G	G	0.0	dominant seventh chord	(2, 5, 7, 11)	C	C	5	None
203.0	0.25	56	['D5']	[]	[True]	56.0	3.0	99.0	V7	False	('G', 'B', 'D', 'F')	G	G	0.0	dominant seventh chord	(2, 5, 7, 11)	C	C	5	None
203.25	0.25	56	['B4']	[]	[True]	56.0	3.0	99.0	V7	False	('G', 'B', 'D', 'F')	G	G	0.0	dominant seventh chord	(2, 5, 7, 11)	C	C	5	None
203.5	0.5	56	['G2', 'B2', 'D3', 'G3', 'F5']	['M3', 'P5', 'P1', 'm7']	[True, True, True, True, True]	56.0	3.0	99.0	V7	False	('G', 'B', 'D', 'F')	G	G	0.0	dominant seventh chord	(2, 5, 7, 11)	C	C	5	None
204.0	0.25	57	['E-5']	[]	[True]	57.0	1.5	100.0	i	True	('E-', 'G', 'C')	E-	C	1.0	minor triad	(0, 3, 7)	C	C	1	None
204.25	0.25	57	['G5']	[]	[True]	57.0	1.5	100.0	i	False	('E-', 'G', 'C')	E-	C	1.0	minor triad	(0, 3, 7)	C	C	1	None
204.5	0.25	57	['G4', 'E-5']	['m6']	[True, True]	57.0	1.5	100.0	i	False	('E-', 'G', 'C')	E-	C	1.0	minor triad	(0, 3, 7)	C	C	1	None
204.75	0.25	57	['F4', 'D5']	['M6']	[True, True]	57.0	1.5	100.0	i	False	('E-', 'G', 'C')	E-	C	1.0	minor triad	(0, 3, 7)	C	C	1	None
205.0	0.25	57	['E-4', 'C5']	['M6']	[True, True]	57.0	1.5	100.0	i	False	('E-', 'G', 'C')	E-	C	1.0	minor triad	(0, 3, 7)	C	C	1	None
205.25	0.25	57	['G4', 'E-5']	['m6']	[True, True]	57.0	1.5	100.0	i	False	('E-', 'G', 'C')	E-	C	1.0	minor triad	(0, 3, 7)	C	C	1	None
205.5	0.25	57	['E-4', 'C5']	['M6']	[True, True]	57.0	1.5	101.0	IV7	True	('C', 'E-', 'G', 'A-')	C	A-	1.0	major seventh chord	(0, 3, 7, 8)	E-	E-	4	None
205.75	0.25	57	['D4', 'B-4']	['m6']	[True, True]	57.0	1.5	101.0	IV7	False	('C', 'E-', 'G', 'A-')	C	A-	1.0	major seventh chord	(0, 3, 7, 8)	E-	E-	4	None
206.0	0.25	57	['C4', 'A-4']	['m6']	[True, True]	57.0	1.5	101.0	IV7	False	('C', 'E-', 'G', 'A-')	C	A-	1.0	major seventh chord	(0, 3, 7, 8)	E-	E-	4	None
206.25	0.25	57	['E-4', 'C5']	['M6']	[True, True]	57.0	1.5	101.0	IV7	False	('C', 'E-', 'G', 'A-')	C	A-	1.0	major seventh chord	(0, 3, 7, 8)	E-	E-	4	None
206.5	0.25	57	['C4', 'A-4']	['m6']	[True, True]	57.0	1.5	101.0	IV7	False	('C', 'E-', 'G', 'A-')	C	A-	1.0	major seventh chord	(0, 3, 7, 8)	E-	E-	4	None
206.75	0.25	57	['B-3', 'G4']	['M6']	[True, True]	57.0	1.5	101.0	IV7	False	('C', 'E-', 'G', 'A-')	C	A-	1.0	major seventh chord	(0, 3, 7, 8)	E-	E-	4	None
207.0	0.25	58	['A-3', 'F4']	['M6']	[True, True]	58.0	1.5	102.0	ii	True	('F', 'A-', 'C')	F	F	0.0	minor triad	(0, 5, 8)	E-	E-	2	None
207.25	0.25	58	['C4', 'A-4']	['m6']	[True, True]	58.0	1.5	102.0	ii	False	('F', 'A-', 'C')	F	F	0.0	minor triad	(0, 5, 8)	E-	E-	2	None
207.5	0.25	58	['A-3', 'F4']	['M6']	[True, True]	58.0	1.5	102.0	ii	False	('F', 'A-', 'C')	F	F	0.0	minor triad	(0, 5, 8)	E-	E-	2	None
207.75	0.25	58	['G3', 'E-4']	['m6']	[True, True]	58.0	1.5	102.0	ii	False	('F', 'A-', 'C')	F	F	0.0	minor triad	(0, 5, 8)	E-	E-	2	None
208.0	0.25	58	['F3', 'D4']	['M6']	[True, True]	58.0	1.5	102.0	ii	False	('F', 'A-', 'C')	F	F	0.0	minor triad	(0, 5, 8)	E-	E-	2	None
208.25	0.25	58	['A-3', 'F4']	['M6']	[True, True]	58.0	1.5	102.0	ii	False	('F', 'A-', 'C')	F	F	0.0	minor triad	(0, 5, 8)	E-	E-	2	None
208.5	0.25	58	['F3', 'D4']	['M6']	[True, True]	58.0	1.5	103.0	V7	True	('D', 'F', 'A-', 'B-')	D	B-	1.0	dominant seventh chord	(2, 5, 8, 10)	E-	E-	5	None
208.75	0.25	58	['E-3', 'C4']	['M6']	[True, True]	58.0	1.5	103.0	V7	False	('D', 'F', 'A-', 'B-')	D	B-	1.0	dominant seventh chord	(2, 5, 8, 10)	E-	E-	5	None
209.0	0.25	58	['D3', 'B-3']	['m6']	[True, True]	58.0	1.5	103.0	V7	False	('D', 'F', 'A-', 'B-')	D	B-	1.0	dominant seventh chord	(2, 5, 8, 10)	E-	E-	5	None
209.25	0.25	58	['F3', 'A-4']	['m3']	[True, True]	58.0	1.5	103.0	V7	False	('D', 'F', 'A-', 'B-')	D	B-	1.0	dominant seventh chord	(2, 5, 8, 10)	E-	E-	5	None
209.5	0.25	58	['D3', 'F4']	['m3']	[True, True]	58.0	1.5	103.0	V7	False	('D', 'F', 'A-', 'B-')	D	B-	1.0	dominant seventh chord	(2, 5, 8, 10)	E-	E-	5	None
209.75	0.25	58	['C3', 'E-4']	['m3']	[True, True]	58.0	1.5	103.0	V7	False	('D', 'F', 'A-', 'B-')	D	B-	1.0	dominant seventh chord	(2, 5, 8, 10)	E-	E-	5	None
210.0	0.25	59	['B-2', 'D4']	['M3']	[True, True]	59.0	3.0	104.0	V7	True	('B-', 'D', 'F', 'A-')	B-	B-	0.0	dominant seventh chord	(2, 5, 8, 10)	E-	E-	5	None
210.25	0.25	59	['A-3', 'F4']	['M6']	[True, True]	59.0	3.0	104.0	V7	False	('B-', 'D', 'F', 'A-')	B-	B-	0.0	dominant seventh chord	(2, 5, 8, 10)	E-	E-	5	None
210.5	0.25	59	['F3', 'D4']	['M6']	[True, True]	59.0	3.0	104.0	V7	False	('B-', 'D', 'F', 'A-')	B-	B-	0.0	dominant seventh chord	(2, 5, 8, 10)	E-	E-	5	None
210.75	0.25	59	['E-3', 'C4']	['M6']	[True, True]	59.0	3.0	104.0	V7	False	('B-', 'D', 'F', 'A-')	B-	B-	0.0	dominant seventh chord	(2, 5, 8, 10)	E-	E-	5	None
211.0	0.25	59	['D3', 'B-3']	['m6']	[True, True]	59.0	3.0	104.0	V7	False	('B-', 'D', 'F', 'A-')	B-	B-	0.0	dominant seventh chord	(2, 5, 8, 10)	E-	E-	5	None
211.25	0.25	59	['F3', 'A-4']	['m3']	[True, True]	59.0	3.0	104.0	V7	False	('B-', 'D', 'F', 'A-')	B-	B-	0.0	dominant seventh chord	(2, 5, 8, 10)	E-	E-	5	None
211.5	0.25	59	['D3', 'F4']	['m3']	[True, True]	59.0	3.0	104.0	V7	False	('B-', 'D', 'F', 'A-')	B-	B-	0.0	dominant seventh chord	(2, 5, 8, 10)	E-	E-	5	None
211.75	0.25	59	['C3', 'E-4']	['m3']	[True, True]	59.0	3.0	104.0	V7	False	('B-', 'D', 'F', 'A-')	B-	B-	0.0	dominant seventh chord	(2, 5, 8, 10)	E-	E-	5	None
212.0	0.25	59	['B-2', 'D4']	['M3']	[True, True]	59.0	3.0	104.0	V7	False	('B-', 'D', 'F', 'A-')	B-	B-	0.0	dominant seventh chord	(2, 5, 8, 10)	E-	E-	5	None
212.25	0.25	59	['F3', 'A-4']	['m3']	[True, True]	59.0	3.0	104.0	V7	False	('B-', 'D', 'F', 'A-')	B-	B-	0.0	dominant seventh chord	(2, 5, 8, 10)	E-	E-	5	None
212.5	0.25	59	['D3', 'F4']	['m3']	[True, True]	59.0	3.0	104.0	V7	False	('B-', 'D', 'F', 'A-')	B-	B-	0.0	dominant seventh chord	(2, 5, 8, 10)	E-	E-	5	None
212.75	0.25	59	['C3', 'E4']	['M3']	[True, True]	59.0	3.0	104.0	V7	False	('B-', 'D', 'F', 'A-')	B-	B-	0.0	dominant seventh chord	(2, 5, 8, 10)	E-	E-	5	None
213.0	0.25	60	['B-2', 'D4']	['M3']	[True, True]	60.0	3.0	105.0	V7	True	('B-', 'D', 'F', 'A-')	B-	B-	0.0	dominant seventh chord	(2, 5, 8, 10)	E-	E-	5	None
213.25	0.25	60	['F3', 'A-4']	['m3']	[True, True]	60.0	3.0	105.0	V7	False	('B-', 'D', 'F', 'A-')	B-	B-	0.0	dominant seventh chord	(2, 5, 8, 10)	E-	E-	5	None
213.5	0.25	60	['D3', 'F4']	['m3']	[True, True]	60.0	3.0	105.0	V7	False	('B-', 'D', 'F', 'A-')	B-	B-	0.0	dominant seventh chord	(2, 5, 8, 10)	E-	E-	5	None
213.75	0.25	60	['C3', 'E-4']	['m3']	[True, True]	60.0	3.0	105.0	V7	False	('B-', 'D', 'F', 'A-')	B-	B-	0.0	dominant seventh chord	(2, 5, 8, 10)	E-	E-	5	None
214.0	0.25	60	['B-2', 'D4']	['M3']	[True, True]	60.0	3.0	105.0	V7	False	('B-', 'D', 'F', 'A-')	B-	B-	0.0	dominant seventh chord	(2, 5, 8, 10)	E-	E-	5	None
214.25	0.25	60	['F3', 'A-4']	['m3']	[True, True]	60.0	3.0	105.0	V7	False	('B-', 'D', 'F', 'A-')	B-	B-	0.0	dominant seventh chord	(2, 5, 8, 10)	E-	E-	5	None
214.5	0.25	60	['D3', 'F4']	['m3']	[True, True]	60.0	3.0	105.0	V7	False	('B-', 'D', 'F', 'A-')	B-	B-	0.0	dominant seventh chord	(2, 5, 8, 10)	E-	E-	5	None
214.75	0.25	60	['C3', 'E-4']	['m3']	[True, True]	60.0	3.0	105.0	V7	False	('B-', 'D', 'F', 'A-')	B-	B-	0.0	dominant seventh chord	(2, 5, 8, 10)	E-	E-	5	None
215.0	0.25	60	['B-2', 'D4']	['M3']	[True, True]	60.0	3.0	105.0	V7	False	('B-', 'D', 'F', 'A-')	B-	B-	0.0	dominant seventh chord	(2, 5, 8, 10)	E-	E-	5	None
215.25	0.25	60	['F3', 'A-4']	['m3']	[True, True]	60.0	3.0	105.0	V7	False	('B-', 'D', 'F', 'A-')	B-	B-	0.0	dominant seventh chord	(2, 5, 8, 10)	E-	E-	5	None
215.5	0.25	60	['D3', 'F4']	['m3']	[True, True]	60.0	3.0	105.0	V7	False	('B-', 'D', 'F', 'A-')	B-	B-	0.0	dominant seventh chord	(2, 5, 8, 10)	E-	E-	5	None
215.75	0.25	60	['B-2', 'E-4']	['P4']	[True, True]	60.0	3.0	105.0	V7	False	('B-', 'D', 'F', 'A-')	B-	B-	0.0	dominant seventh chord	(2, 5, 8, 10)	E-	E-	5	None
216.0	0.25	61	['B-2', 'D4']	['M3']	[True, True]	61.0	3.0	106.0	V7	True	('B-', 'D', 'F', 'A-')	B-	B-	0.0	dominant seventh chord	(2, 5, 8, 10)	E-	E-	5	None
216.25	0.25	61	['C3', 'E-4']	['m3']	[True, True]	61.0	3.0	106.0	V7	False	('B-', 'D', 'F', 'A-')	B-	B-	0.0	dominant seventh chord	(2, 5, 8, 10)	E-	E-	5	None
216.5	0.25	61	['D3', 'F4']	['m3']	[True, True]	61.0	3.0	106.0	V7	False	('B-', 'D', 'F', 'A-')	B-	B-	0.0	dominant seventh chord	(2, 5, 8, 10)	E-	E-	5	None
216.75	0.25	61	['E-3', 'G4']	['M3']	[True, True]	61.0	3.0	106.0	V7	False	('B-', 'D', 'F', 'A-')	B-	B-	0.0	dominant seventh chord	(2, 5, 8, 10)	E-	E-	5	None
217.0	0.25	61	['F3', 'A-4']	['m3']	[True, True]	61.0	3.0	106.0	V7	False	('B-', 'D', 'F', 'A-')	B-	B-	0.0	dominant seventh chord	(2, 5, 8, 10)	E-	E-	5	None
217.25	0.25	61	['G3', 'B-4']	['m3']	[True, True]	61.0	3.0	106.0	V7	False	('B-', 'D', 'F', 'A-')	B-	B-	0.0	dominant seventh chord	(2, 5, 8, 10)	E-	E-	5	None
217.5	0.25	61	['A-3', 'C5']	['M3']	[True, True]	61.0	3.0	106.0	V7	False	('B-', 'D', 'F', 'A-')	B-	B-	0.0	dominant seventh chord	(2, 5, 8, 10)	E-	E-	5	None
217.75	0.25	61	['B-3', 'D5']	['M3']	[True, True]	61.0	3.0	106.0	V7	False	('B-', 'D', 'F', 'A-')	B-	B-	0.0	dominant seventh chord	(2, 5, 8, 10)	E-	E-	5	None
218.0	0.25	61	['C4', 'E-5']	['m3']	[True, True]	61.0	3.0	106.0	V7	False	('B-', 'D', 'F', 'A-')	B-	B-	0.0	dominant seventh chord	(2, 5, 8, 10)	E-	E-	5	None
218.25	0.25	61	['C#4', 'E5']	['m3']	[True, True]	61.0	3.0	106.0	V7	False	('B-', 'D', 'F', 'A-')	B-	B-	0.0	dominant seventh chord	(2, 5, 8, 10)	E-	E-	5	None
218.5	0.25	61	['D4', 'F5']	['m3']	[True, True]	61.0	3.0	106.0	V7	False	('B-', 'D', 'F', 'A-')	B-	B-	0.0	dominant seventh chord	(2, 5, 8, 10)	E-	E-	5	None
218.75	0.25	61	['E-4', 'G5']	['M3']	[True, True]	61.0	3.0	106.0	V7	False	('B-', 'D', 'F', 'A-')	B-	B-	0.0	dominant seventh chord	(2, 5, 8, 10)	E-	E-	5	None
219.0	3.0	62	['B-3', 'F4', 'D5', 'A-5']	['P5', 'M3', 'm7']	[True, True, True, True]	62.0	3.0	107.0	V7	True	('B-', 'D', 'F', 'A-')	B-	B-	0.0	dominant seventh chord	(2, 5, 8, 10)	E-	E-	5	None
222.0	1.0	63	['B-3', 'G4', 'B-4']	['M6', 'P1']	[True, True, True]	63.0	4.0	108.0	I	True	('E-', 'G', 'B-')	E-	E-	0.0	major triad	(3, 7, 10)	E-	E-	1	None
223.0	1.0	63	['B-3', 'G4', 'B-4']	['M6', 'P1']	[True, True, True]	63.0	4.0	108.0	I	False	('E-', 'G', 'B-')	E-	E-	0.0	major triad	(3, 7, 10)	E-	E-	1	None
224.0	0.25	63	['B-3', 'E-4', 'G4']	['P4', 'M6']	[True, True, True]	63.0	4.0	108.0	I	False	('E-', 'G', 'B-')	E-	E-	0.0	major triad	(3, 7, 10)	E-	E-	1	None
224.25	0.25	63	['B-2', 'B-3', 'E-4', 'G4']	['P1', 'P4', 'M6']	[True, False, False, False]	63.0	4.0	108.0	I	False	('E-', 'G', 'B-')	E-	E-	0.0	major triad	(3, 7, 10)	E-	E-	1	None
224.5	0.25	63	['C3', 'B-3', 'E-4', 'G4']	['m7', 'm3', 'P5']	[True, False, False, False]	63.0	4.0	108.0	I	False	('E-', 'G', 'B-')	E-	E-	0.0	major triad	(3, 7, 10)	E-	E-	1	None
224.75	0.25	63	['D3', 'B-3', 'E-4', 'G4']	['m6', 'm2', 'P4']	[True, False, False, False]	63.0	4.0	108.0	I	False	('E-', 'G', 'B-')	E-	E-	0.0	major triad	(3, 7, 10)	E-	E-	1	None
225.0	0.25	63	['E-3', 'B-3', 'E-4', 'G4']	['P5', 'P1', 'M3']	[True, False, False, False]	63.0	4.0	108.0	I	False	('E-', 'G', 'B-')	E-	E-	0.0	major triad	(3, 7, 10)	E-	E-	1	None
225.25	0.25	63	['F3', 'B-3', 'E-4', 'G4']	['P4', 'm7', 'M2']	[True, False, False, False]	63.0	4.0	108.0	I	False	('E-', 'G', 'B-')	E-	E-	0.0	major triad	(3, 7, 10)	E-	E-	1	None
225.5	0.25	63	['G3', 'B-3', 'E-4', 'G4']	['m3', 'm6', 'P1']	[True, False, False, False]	63.0	4.0	108.0	I	False	('E-', 'G', 'B-')	E-	E-	0.0	major triad	(3, 7, 10)	E-	E-	1	None
225.75	0.25	63	['E-3', 'B-3', 'E-4', 'G4']	['P5', 'P1', 'M3']	[True, False, False, False]	63.0	4.0	108.0	I	False	('E-', 'G', 'B-')	E-	E-	0.0	major triad	(3, 7, 10)	E-	E-	1	None
226.0	0.5	64	['A-3', 'B-3', 'D4', 'F4']	['M2', 'A4', 'M6']	[True, True, True, True]	64.0	4.0	109.0	V7	True	('B-', 'D', 'F', 'A-')	B-	B-	0.0	dominant seventh chord	(2, 5, 8, 10)	E-	E-	5	None
226.5	0.5	64	['B-3', 'D4', 'F4']	['M3', 'P5']	[False, False, False]	64.0	4.0	109.0	V7	False	('B-', 'D', 'F', 'A-')	B-	B-	0.0	dominant seventh chord	(2, 5, 8, 10)	E-	E-	5	None
227.0	1.0	64	['B-3', 'D4', 'F4']	['M3', 'P5']	[True, True, True]	64.0	4.0	109.0	V7	False	('B-', 'D', 'F', 'A-')	B-	B-	0.0	dominant seventh chord	(2, 5, 8, 10)	E-	E-	5	None
228.0	0.25	64	['A-3', 'B-3', 'F4', 'A-4', 'B-4']	['M2', 'M6', 'P1', 'M2']	[True, True, True, True, True]	64.0	4.0	109.0	V7	False	('B-', 'D', 'F', 'A-')	B-	B-	0.0	dominant seventh chord	(2, 5, 8, 10)	E-	E-	5	None
228.25	0.25	64	['G3', 'B-3', 'F4', 'A-4', 'B-4']	['m3', 'm7', 'm2', 'm3']	[True, False, False, False, False]	64.0	4.0	109.0	V7	False	('B-', 'D', 'F', 'A-')	B-	B-	0.0	dominant seventh chord	(2, 5, 8, 10)	E-	E-	5	None
228.5	0.25	64	['F3', 'B-3', 'F4', 'A-4', 'B-4']	['P4', 'P1', 'm3', 'P4']	[True, False, False, False, False]	64.0	4.0	109.0	V7	False	('B-', 'D', 'F', 'A-')	B-	B-	0.0	dominant seventh chord	(2, 5, 8, 10)	E-	E-	5	None
228.75	0.25	64	['E-3', 'B-3', 'F4', 'A-4', 'B-4']	['P5', 'M2', 'P4', 'P5']	[True, False, False, False, False]	64.0	4.0	109.0	V7	False	('B-', 'D', 'F', 'A-')	B-	B-	0.0	dominant seventh chord	(2, 5, 8, 10)	E-	E-	5	None
229.0	0.25	64	['D3', 'B-3', 'F4', 'A-4', 'B-4']	['m6', 'm3', 'd5', 'm6']	[True, False, False, False, False]	64.0	4.0	109.0	V7	False	('B-', 'D', 'F', 'A-')	B-	B-	0.0	dominant seventh chord	(2, 5, 8, 10)	E-	E-	5	None
229.25	0.25	64	['C3', 'B-3', 'F4', 'A-4', 'B-4']	['m7', 'P4', 'm6', 'm7']	[True, False, False, False, False]	64.0	4.0	109.0	V7	False	('B-', 'D', 'F', 'A-')	B-	B-	0.0	dominant seventh chord	(2, 5, 8, 10)	E-	E-	5	None
229.5	0.25	64	['B-2', 'B-3', 'F4', 'A-4', 'B-4']	['P1', 'P5', 'm7', 'P1']	[True, False, False, False, False]	64.0	4.0	109.0	V7	False	('B-', 'D', 'F', 'A-')	B-	B-	0.0	dominant seventh chord	(2, 5, 8, 10)	E-	E-	5	None
229.75	0.25	64	['D3', 'B-3', 'F4', 'A-4', 'B-4']	['m6', 'm3', 'd5', 'm6']	[True, False, False, False, False]	64.0	4.0	109.0	V7	False	('B-', 'D', 'F', 'A-')	B-	B-	0.0	dominant seventh chord	(2, 5, 8, 10)	E-	E-	5	None
230.0	0.5	65	['E-3', 'B-3', 'G4', 'B-4']	['P5', 'M3', 'P5']	[True, True, True, True]	65.0	4.0	110.0	I	True	('E-', 'G', 'B-')	E-	E-	0.0	major triad	(3, 7, 10)	E-	E-	1	None
230.5	0.5	65	['B-3', 'G4', 'B-4']	['M6', 'P1']	[False, False, False]	65.0	4.0	110.0	I	False	('E-', 'G', 'B-')	E-	E-	0.0	major triad	(3, 7, 10)	E-	E-	1	None
231.0	1.0	65	['B-3', 'G4', 'B-4']	['M6', 'P1']	[True, True, True]	65.0	4.0	110.0	I	False	('E-', 'G', 'B-')	E-	E-	0.0	major triad	(3, 7, 10)	E-	E-	1	None
232.0	0.25	65	['B-3', 'E-4', 'G4']	['P4', 'M6']	[True, True, True]	65.0	4.0	110.0	I	False	('E-', 'G', 'B-')	E-	E-	0.0	major triad	(3, 7, 10)	E-	E-	1	None
232.25	0.25	65	['B-2', 'B-3', 'E-4', 'G4']	['P1', 'P4', 'M6']	[True, False, False, False]	65.0	4.0	110.0	I	False	('E-', 'G', 'B-')	E-	E-	0.0	major triad	(3, 7, 10)	E-	E-	1	None
232.5	0.25	65	['C3', 'B-3', 'E-4', 'G4']	['m7', 'm3', 'P5']	[True, False, False, False]	65.0	4.0	110.0	I	False	('E-', 'G', 'B-')	E-	E-	0.0	major triad	(3, 7, 10)	E-	E-	1	None
232.75	0.25	65	['D3', 'B-3', 'E-4', 'G4']	['m6', 'm2', 'P4']	[True, False, False, False]	65.0	4.0	110.0	I	False	('E-', 'G', 'B-')	E-	E-	0.0	major triad	(3, 7, 10)	E-	E-	1	None
233.0	0.25	65	['E-3', 'B-3', 'E-4', 'G4']	['P5', 'P1', 'M3']	[True, False, False, False]	65.0	4.0	110.0	I	False	('E-', 'G', 'B-')	E-	E-	0.0	major triad	(3, 7, 10)	E-	E-	1	None
233.25	0.25	65	['F3', 'B-3', 'E-4', 'G4']	['P4', 'm7', 'M2']	[True, False, False, False]	65.0	4.0	110.0	I	False	('E-', 'G', 'B-')	E-	E-	0.0	major triad	(3, 7, 10)	E-	E-	1	None
233.5	0.25	65	['G3', 'B-3', 'E-4', 'G4']	['m3', 'm6', 'P1']	[True, False, False, False]	65.0	4.0	110.0	I	False	('E-', 'G', 'B-')	E-	E-	0.0	major triad	(3, 7, 10)	E-	E-	1	None
233.75	0.25	65	['E-3', 'B-3', 'E-4', 'G4']	['P5', 'P1', 'M3']	[True, False, False, False]	65.0	4.0	110.0	I	False	('E-', 'G', 'B-')	E-	E-	0.0	major triad	(3, 7, 10)	E-	E-	1	None
234.0	0.25	66	['A-3', 'B-3', 'D4', 'F4']	['M2', 'A4', 'M6']	[True, True, True, True]	66.0	2.0	111.0	V7	True	('B-', 'D', 'F', 'A-')	B-	B-	0.0	dominant seventh chord	(2, 5, 8, 10)	E-	E-	5	None
234.25	0.25	66	['F3', 'B-3', 'D4', 'F4']	['P4', 'M6', 'P1']	[True, False, False, False]	66.0	2.0	111.0	V7	False	('B-', 'D', 'F', 'A-')	B-	B-	0.0	dominant seventh chord	(2, 5, 8, 10)	E-	E-	5	None
234.5	0.25	66	['D3', 'B-4']	['m6']	[True, True]	66.0	2.0	111.0	V7	False	('B-', 'D', 'F', 'A-')	B-	B-	0.0	dominant seventh chord	(2, 5, 8, 10)	E-	E-	5	None
234.75	0.25	66	['B-2', 'B-4']	['P1']	[True, False]	66.0	2.0	111.0	V7	False	('B-', 'D', 'F', 'A-')	B-	B-	0.0	dominant seventh chord	(2, 5, 8, 10)	E-	E-	5	None
235.0	0.25	66	['A-2', 'B-4']	['M2']	[True, False]	66.0	2.0	111.0	V7	False	('B-', 'D', 'F', 'A-')	B-	B-	0.0	dominant seventh chord	(2, 5, 8, 10)	E-	E-	5	None
235.25	0.25	66	['F2', 'B-4']	['P4']	[True, False]	66.0	2.0	111.0	V7	False	('B-', 'D', 'F', 'A-')	B-	B-	0.0	dominant seventh chord	(2, 5, 8, 10)	E-	E-	5	None
235.5	0.25	66	['D2', 'A-3', 'B-4']	['d5', 'm6']	[True, True, True]	66.0	2.0	111.0	V7	False	('B-', 'D', 'F', 'A-')	B-	B-	0.0	dominant seventh chord	(2, 5, 8, 10)	E-	E-	5	None
235.75	0.25	66	['B-1', 'A-3', 'B-4']	['m7', 'P1']	[True, False, False]	66.0	2.0	111.0	V7	False	('B-', 'D', 'F', 'A-')	B-	B-	0.0	dominant seventh chord	(2, 5, 8, 10)	E-	E-	5	None
236.0	1.0	66	['E-2', 'G3', 'E-4']	['M3', 'P1']	[True, True, True]	66.0	2.0	112.0	I	True	('E-', 'G', 'B-')	E-	E-	0.0	major triad	(3, 7, 10)	E-	E-	1	None
237.0	0.5	66	['E-3']	[]	[True]	66.0	2.0	112.0	I	False	('E-', 'G', 'B-')	E-	E-	0.0	major triad	(3, 7, 10)	E-	E-	1	None
237.5	0.5	66	['E-3']	[]	[True]	66.0	2.0	112.0	I	False	('E-', 'G', 'B-')	E-	E-	0.0	major triad	(3, 7, 10)	E-	E-	1	None
238.0	1.0	67	['B-2', 'G3', 'B-3']	['M6', 'P1']	[True, True, True]	67.0	4.0	113.0	I	True	('B-', 'E-', 'G')	B-	E-	2.0	major triad	(3, 7, 10)	E-	E-	1	None
239.0	1.0	67	['B-2', 'G3', 'B-3']	['M6', 'P1']	[True, True, True]	67.0	4.0	113.0	I	False	('B-', 'E-', 'G')	B-	E-	2.0	major triad	(3, 7, 10)	E-	E-	1	None
240.0	0.25	67	['B-2', 'E-3', 'G3']	['P4', 'M6']	[True, True, True]	67.0	4.0	113.0	I	False	('B-', 'E-', 'G')	B-	E-	2.0	major triad	(3, 7, 10)	E-	E-	1	None
240.25	0.25	67	['B-2', 'E-3', 'G3', 'B-4']	['P4', 'M6', 'P1']	[False, False, False, True]	67.0	4.0	113.0	I	False	('B-', 'E-', 'G')	B-	E-	2.0	major triad	(3, 7, 10)	E-	E-	1	None
240.5	0.25	67	['B-2', 'E-3', 'G3', 'C5']	['P4', 'M6', 'M2']	[False, False, False, True]	67.0	4.0	113.0	I	False	('B-', 'E-', 'G')	B-	E-	2.0	major triad	(3, 7, 10)	E-	E-	1	None
240.75	0.25	67	['B-2', 'E-3', 'G3', 'D5']	['P4', 'M6', 'M3']	[False, False, False, True]	67.0	4.0	113.0	I	False	('B-', 'E-', 'G')	B-	E-	2.0	major triad	(3, 7, 10)	E-	E-	1	None
241.0	0.25	67	['B-2', 'E-3', 'G3', 'E-5']	['P4', 'M6', 'P4']	[False, False, False, True]	67.0	4.0	113.0	I	False	('B-', 'E-', 'G')	B-	E-	2.0	major triad	(3, 7, 10)	E-	E-	1	None
241.25	0.25	67	['B-2', 'E-3', 'G3', 'F5']	['P4', 'M6', 'P5']	[False, False, False, True]	67.0	4.0	113.0	I	False	('B-', 'E-', 'G')	B-	E-	2.0	major triad	(3, 7, 10)	E-	E-	1	None
241.5	0.25	67	['B-2', 'E-3', 'G3', 'G5']	['P4', 'M6', 'M6']	[False, False, False, True]	67.0	4.0	113.0	I	False	('B-', 'E-', 'G')	B-	E-	2.0	major triad	(3, 7, 10)	E-	E-	1	None
241.75	0.25	67	['B-2', 'E-3', 'G3', 'E-5']	['P4', 'M6', 'P4']	[False, False, False, True]	67.0	4.0	113.0	I	False	('B-', 'E-', 'G')	B-	E-	2.0	major triad	(3, 7, 10)	E-	E-	1	None
242.0	0.5	68	['B-2', 'D3', 'F3', 'A-5']	['M3', 'P5', 'm7']	[True, True, True, True]	68.0	4.0	114.0	V7	True	('B-', 'D', 'F', 'A-')	B-	B-	0.0	dominant seventh chord	(2, 5, 8, 10)	E-	E-	5	None
242.5	0.5	68	['B-2', 'D3', 'F3']	['M3', 'P5']	[False, False, False]	68.0	4.0	114.0	V7	False	('B-', 'D', 'F', 'A-')	B-	B-	0.0	dominant seventh chord	(2, 5, 8, 10)	E-	E-	5	None
243.0	1.0	68	['B-2', 'D3', 'F3']	['M3', 'P5']	[True, True, True]	68.0	4.0	114.0	V7	False	('B-', 'D', 'F', 'A-')	B-	B-	0.0	dominant seventh chord	(2, 5, 8, 10)	E-	E-	5	None
244.0	0.25	68	['B-2', 'F3', 'A-3', 'B-3', 'A-5']	['P5', 'm7', 'P1', 'm7']	[True, True, True, True, True]	68.0	4.0	114.0	V7	False	('B-', 'D', 'F', 'A-')	B-	B-	0.0	dominant seventh chord	(2, 5, 8, 10)	E-	E-	5	None
244.25	0.25	68	['B-2', 'F3', 'A-3', 'B-3', 'G5']	['P5', 'm7', 'P1', 'M6']	[False, False, False, False, True]	68.0	4.0	114.0	V7	False	('B-', 'D', 'F', 'A-')	B-	B-	0.0	dominant seventh chord	(2, 5, 8, 10)	E-	E-	5	None
244.5	0.25	68	['B-2', 'F3', 'A-3', 'B-3', 'F5']	['P5', 'm7', 'P1', 'P5']	[False, False, False, False, True]	68.0	4.0	114.0	V7	False	('B-', 'D', 'F', 'A-')	B-	B-	0.0	dominant seventh chord	(2, 5, 8, 10)	E-	E-	5	None
244.75	0.25	68	['B-2', 'F3', 'A-3', 'B-3', 'E-5']	['P5', 'm7', 'P1', 'P4']	[False, False, False, False, True]	68.0	4.0	114.0	V7	False	('B-', 'D', 'F', 'A-')	B-	B-	0.0	dominant seventh chord	(2, 5, 8, 10)	E-	E-	5	None
245.0	0.25	68	['B-2', 'F3', 'A-3', 'B-3', 'D5']	['P5', 'm7', 'P1', 'M3']	[False, False, False, False, True]	68.0	4.0	114.0	V7	False	('B-', 'D', 'F', 'A-')	B-	B-	0.0	dominant seventh chord	(2, 5, 8, 10)	E-	E-	5	None
245.25	0.25	68	['B-2', 'F3', 'A-3', 'B-3', 'C5']	['P5', 'm7', 'P1', 'M2']	[False, False, False, False, True]	68.0	4.0	114.0	V7	False	('B-', 'D', 'F', 'A-')	B-	B-	0.0	dominant seventh chord	(2, 5, 8, 10)	E-	E-	5	None
245.5	0.25	68	['B-2', 'F3', 'A-3', 'B-3', 'B-4']	['P5', 'm7', 'P1', 'P1']	[False, False, False, False, True]	68.0	4.0	114.0	V7	False	('B-', 'D', 'F', 'A-')	B-	B-	0.0	dominant seventh chord	(2, 5, 8, 10)	E-	E-	5	None
245.75	0.25	68	['B-2', 'F3', 'A-3', 'B-3', 'D5']	['P5', 'm7', 'P1', 'M3']	[False, False, False, False, True]	68.0	4.0	114.0	V7	False	('B-', 'D', 'F', 'A-')	B-	B-	0.0	dominant seventh chord	(2, 5, 8, 10)	E-	E-	5	None
246.0	0.5	69	['B-2', 'G3', 'B-3', 'E-5']	['M6', 'P1', 'P4']	[True, True, True, True]	69.0	4.0	115.0	I	True	('B-', 'E-', 'G')	B-	E-	2.0	major triad	(3, 7, 10)	E-	E-	1	None
246.5	0.5	69	['B-2', 'G3', 'B-3']	['M6', 'P1']	[False, False, False]	69.0	4.0	115.0	I	False	('B-', 'E-', 'G')	B-	E-	2.0	major triad	(3, 7, 10)	E-	E-	1	None
247.0	1.0	69	['B-2', 'G3', 'B-3']	['M6', 'P1']	[True, True, True]	69.0	4.0	115.0	I	False	('B-', 'E-', 'G')	B-	E-	2.0	major triad	(3, 7, 10)	E-	E-	1	None
248.0	0.25	69	['B-2', 'E-3', 'G3']	['P4', 'M6']	[True, True, True]	69.0	4.0	115.0	I	False	('B-', 'E-', 'G')	B-	E-	2.0	major triad	(3, 7, 10)	E-	E-	1	None
248.25	0.25	69	['B-2', 'E-3', 'G3', 'B-4']	['P4', 'M6', 'P1']	[False, False, False, True]	69.0	4.0	115.0	I	False	('B-', 'E-', 'G')	B-	E-	2.0	major triad	(3, 7, 10)	E-	E-	1	None
248.5	0.25	69	['B-2', 'E-3', 'G3', 'C5']	['P4', 'M6', 'M2']	[False, False, False, True]	69.0	4.0	115.0	I	False	('B-', 'E-', 'G')	B-	E-	2.0	major triad	(3, 7, 10)	E-	E-	1	None
248.75	0.25	69	['B-2', 'E-3', 'G3', 'D5']	['P4', 'M6', 'M3']	[False, False, False, True]	69.0	4.0	115.0	I	False	('B-', 'E-', 'G')	B-	E-	2.0	major triad	(3, 7, 10)	E-	E-	1	None
249.0	0.25	69	['B-2', 'E-3', 'G3', 'E-5']	['P4', 'M6', 'P4']	[False, False, False, True]	69.0	4.0	115.0	I	False	('B-', 'E-', 'G')	B-	E-	2.0	major triad	(3, 7, 10)	E-	E-	1	None
249.25	0.25	69	['B-2', 'E-3', 'G3', 'F5']	['P4', 'M6', 'P5']	[False, False, False, True]	69.0	4.0	115.0	I	False	('B-', 'E-', 'G')	B-	E-	2.0	major triad	(3, 7, 10)	E-	E-	1	None
249.5	0.25	69	['B-2', 'E-3', 'G3', 'G5']	['P4', 'M6', 'M6']	[False, False, False, True]	69.0	4.0	115.0	I	False	('B-', 'E-', 'G')	B-	E-	2.0	major triad	(3, 7, 10)	E-	E-	1	None
249.75	0.25	69	['B-2', 'E-3', 'G3', 'E-5']	['P4', 'M6', 'P4']	[False, False, False, True]	69.0	4.0	115.0	I	False	('B-', 'E-', 'G')	B-	E-	2.0	major triad	(3, 7, 10)	E-	E-	1	None
250.0	0.25	70	['B-2', 'D3', 'F3', 'A-5']	['M3', 'P5', 'm7']	[True, True, True, True]	70.0	1.5	116.0	V7	True	('B-', 'D', 'F', 'A-')	B-	B-	0.0	dominant seventh chord	(2, 5, 8, 10)	E-	E-	5	None
250.25	0.25	70	['B-2', 'D3', 'F3', 'F5']	['M3', 'P5', 'P5']	[False, False, False, True]	70.0	1.5	116.0	V7	False	('B-', 'D', 'F', 'A-')	B-	B-	0.0	dominant seventh chord	(2, 5, 8, 10)	E-	E-	5	None
250.5	0.25	70	['B-3', 'D5']	['M3']	[True, True]	70.0	1.5	116.0	V7	False	('B-', 'D', 'F', 'A-')	B-	B-	0.0	dominant seventh chord	(2, 5, 8, 10)	E-	E-	5	None
250.75	0.25	70	['B-3', 'B-4']	['P1']	[False, True]	70.0	1.5	116.0	V7	False	('B-', 'D', 'F', 'A-')	B-	B-	0.0	dominant seventh chord	(2, 5, 8, 10)	E-	E-	5	None
251.0	0.25	70	['B-3', 'A-4']	['m7']	[False, True]	70.0	1.5	116.0	V7	False	('B-', 'D', 'F', 'A-')	B-	B-	0.0	dominant seventh chord	(2, 5, 8, 10)	E-	E-	5	None
251.25	0.25	70	['B-3', 'F4']	['P5']	[False, True]	70.0	1.5	116.0	V7	False	('B-', 'D', 'F', 'A-')	B-	B-	0.0	dominant seventh chord	(2, 5, 8, 10)	E-	E-	5	None
251.5	0.25	70	['A-2', 'B-3', 'D4']	['M2', 'A4']	[True, True, True]	70.0	0.5	117.0	V7	True	('A-', 'B-', 'D', 'F')	A-	B-	3.0	dominant seventh chord	(2, 5, 8, 10)	E-	E-	5	None
251.75	0.25	70	['A-2', 'B-3']	['M2']	[False, False]	70.0	0.5	117.0	V7	False	('A-', 'B-', 'D', 'F')	A-	B-	3.0	dominant seventh chord	(2, 5, 8, 10)	E-	E-	5	None
252.0	0.5	70	['G2', 'E-3', 'E-4']	['m6', 'm6']	[True, True, True]	70.0	2.0	118.0	I	True	('G', 'B-', 'E-')	G	E-	1.0	major triad	(3, 7, 10)	E-	E-	1	None
252.5	0.5	70	['E-4']	[]	[False]	70.0	2.0	118.0	I	False	('G', 'B-', 'E-')	G	E-	1.0	major triad	(3, 7, 10)	E-	E-	1	None
253.0	0.5	70	['E-5']	[]	[True]	70.0	2.0	118.0	I	False	('G', 'B-', 'E-')	G	E-	1.0	major triad	(3, 7, 10)	E-	E-	1	None
253.5	0.5	70	['E-5']	[]	[True]	70.0	2.0	118.0	I	False	('G', 'B-', 'E-')	G	E-	1.0	major triad	(3, 7, 10)	E-	E-	1	None
254.0	1.0	71	['F4', 'A-4']	['m3']	[True, True]	71.0	4.0	119.0	V7	True	('B-', 'D', 'F', 'A-')	B-	B-	0.0	dominant seventh chord	(2, 5, 8, 10)	E-	E-	5	None
255.0	1.0	71	['F4', 'A-4']	['m3']	[True, True]	71.0	4.0	119.0	V7	False	('B-', 'D', 'F', 'A-')	B-	B-	0.0	dominant seventh chord	(2, 5, 8, 10)	E-	E-	5	None
256.0	0.25	71	['F4', 'A-4', 'D5']	['m3', 'M6']	[True, True, True]	71.0	4.0	119.0	V7	False	('B-', 'D', 'F', 'A-')	B-	B-	0.0	dominant seventh chord	(2, 5, 8, 10)	E-	E-	5	None
256.25	0.25	71	['B-1', 'F4', 'A-4', 'D5']	['P5', 'm7', 'M3']	[True, False, False, False]	71.0	4.0	119.0	V7	False	('B-', 'D', 'F', 'A-')	B-	B-	0.0	dominant seventh chord	(2, 5, 8, 10)	E-	E-	5	None
256.5	0.25	71	['B-2', 'F4', 'A-4', 'D5']	['P5', 'm7', 'M3']	[True, False, False, False]	71.0	4.0	119.0	V7	False	('B-', 'D', 'F', 'A-')	B-	B-	0.0	dominant seventh chord	(2, 5, 8, 10)	E-	E-	5	None
256.75	0.25	71	['C3', 'F4', 'A-4', 'D5']	['P4', 'm6', 'M2']	[True, False, False, False]	71.0	4.0	119.0	V7	False	('B-', 'D', 'F', 'A-')	B-	B-	0.0	dominant seventh chord	(2, 5, 8, 10)	E-	E-	5	None
257.0	0.25	71	['D3', 'F4', 'A-4', 'D5']	['m3', 'd5', 'P1']	[True, False, False, False]	71.0	4.0	119.0	V7	False	('B-', 'D', 'F', 'A-')	B-	B-	0.0	dominant seventh chord	(2, 5, 8, 10)	E-	E-	5	None
257.25	0.25	71	['E-3', 'F4', 'A-4', 'D5']	['M2', 'P4', 'M7']	[True, False, False, False]	71.0	4.0	119.0	V7	False	('B-', 'D', 'F', 'A-')	B-	B-	0.0	dominant seventh chord	(2, 5, 8, 10)	E-	E-	5	None
257.5	0.25	71	['F3', 'F4', 'A-4', 'D5']	['P1', 'm3', 'M6']	[True, False, False, False]	71.0	4.0	119.0	V7	False	('B-', 'D', 'F', 'A-')	B-	B-	0.0	dominant seventh chord	(2, 5, 8, 10)	E-	E-	5	None
257.75	0.25	71	['G3', 'F4', 'A-4', 'D5']	['m7', 'm2', 'P5']	[True, False, False, False]	71.0	4.0	119.0	V7	False	('B-', 'D', 'F', 'A-')	B-	B-	0.0	dominant seventh chord	(2, 5, 8, 10)	E-	E-	5	None
258.0	0.5	72	['A3', 'F4', 'D5']	['m6', 'P4']	[True, True, True]	72.0	4.0	120.0	V7	True	('B-', 'D', 'F', 'A-')	B-	B-	0.0	dominant seventh chord	(2, 5, 8, 10)	E-	E-	5	None
258.5	0.5	72	['B-3', 'F4', 'D5']	['P5', 'M3']	[True, False, False]	72.0	4.0	120.0	V7	False	('B-', 'D', 'F', 'A-')	B-	B-	0.0	dominant seventh chord	(2, 5, 8, 10)	E-	E-	5	None
259.0	1.0	72	['B-3', 'F4', 'D5']	['P5', 'M3']	[False, True, True]	72.0	4.0	120.0	V7	False	('B-', 'D', 'F', 'A-')	B-	B-	0.0	dominant seventh chord	(2, 5, 8, 10)	E-	E-	5	None
260.0	0.25	72	['B-3', 'F4', 'A-4', 'D5', 'F5']	['P5', 'm7', 'M3', 'P5']	[False, True, True, True, True]	72.0	4.0	120.0	V7	False	('B-', 'D', 'F', 'A-')	B-	B-	0.0	dominant seventh chord	(2, 5, 8, 10)	E-	E-	5	None
260.25	0.25	72	['B-1', 'F4', 'A-4', 'D5', 'F5']	['P5', 'm7', 'M3', 'P5']	[True, False, False, False, False]	72.0	4.0	120.0	V7	False	('B-', 'D', 'F', 'A-')	B-	B-	0.0	dominant seventh chord	(2, 5, 8, 10)	E-	E-	5	None
260.5	0.25	72	['B-2', 'F4', 'A-4', 'D5', 'F5']	['P5', 'm7', 'M3', 'P5']	[True, False, False, False, False]	72.0	4.0	120.0	V7	False	('B-', 'D', 'F', 'A-')	B-	B-	0.0	dominant seventh chord	(2, 5, 8, 10)	E-	E-	5	None
260.75	0.25	72	['C3', 'F4', 'A-4', 'D5', 'F5']	['P4', 'm6', 'M2', 'P4']	[True, False, False, False, False]	72.0	4.0	120.0	V7	False	('B-', 'D', 'F', 'A-')	B-	B-	0.0	dominant seventh chord	(2, 5, 8, 10)	E-	E-	5	None
261.0	0.25	72	['D3', 'F4', 'A-4', 'D5', 'F5']	['m3', 'd5', 'P1', 'm3']	[True, False, False, False, False]	72.0	4.0	120.0	V7	False	('B-', 'D', 'F', 'A-')	B-	B-	0.0	dominant seventh chord	(2, 5, 8, 10)	E-	E-	5	None
261.25	0.25	72	['E-3', 'F4', 'A-4', 'D5', 'F5']	['M2', 'P4', 'M7', 'M2']	[True, False, False, False, False]	72.0	4.0	120.0	V7	False	('B-', 'D', 'F', 'A-')	B-	B-	0.0	dominant seventh chord	(2, 5, 8, 10)	E-	E-	5	None
261.5	0.25	72	['F3', 'F4', 'A-4', 'D5', 'F5']	['P1', 'm3', 'M6', 'P1']	[True, False, False, False, False]	72.0	4.0	120.0	V7	False	('B-', 'D', 'F', 'A-')	B-	B-	0.0	dominant seventh chord	(2, 5, 8, 10)	E-	E-	5	None
261.75	0.25	72	['G3', 'F4', 'A-4', 'D5', 'F5']	['m7', 'm2', 'P5', 'm7']	[True, False, False, False, False]	72.0	4.0	120.0	V7	False	('B-', 'D', 'F', 'A-')	B-	B-	0.0	dominant seventh chord	(2, 5, 8, 10)	E-	E-	5	None
262.0	0.5	73	['A3', 'F4', 'D5', 'F5']	['m6', 'P4', 'm6']	[True, True, True, True]	73.0	2.5	121.0	V7	True	('B-', 'D', 'F', 'A-')	B-	B-	0.0	dominant seventh chord	(2, 5, 8, 10)	E-	E-	5	None
262.5	0.5	73	['B-3', 'F4', 'D5', 'F5']	['P5', 'M3', 'P5']	[True, False, False, False]	73.0	2.5	121.0	V7	False	('B-', 'D', 'F', 'A-')	B-	B-	0.0	dominant seventh chord	(2, 5, 8, 10)	E-	E-	5	None
263.0	1.0	73	['B-3', 'F4', 'D5', 'F5']	['P5', 'M3', 'P5']	[False, True, True, True]	73.0	2.5	121.0	V7	False	('B-', 'D', 'F', 'A-')	B-	B-	0.0	dominant seventh chord	(2, 5, 8, 10)	E-	E-	5	None
264.0	0.5	73	['B-3', 'D5', 'F5', 'A-5']	['M3', 'P5', 'm7']	[False, True, True, True]	73.0	2.5	121.0	V7	False	('B-', 'D', 'F', 'A-')	B-	B-	0.0	dominant seventh chord	(2, 5, 8, 10)	E-	E-	5	None
264.5	0.5	73	['B3', 'D5', 'F5', 'A-5']	['m3', 'd5', 'd7']	[True, False, False, False]	73.0	0.5	122.0	viio7/vi	True	('B', 'D', 'F', 'A-')	B	B	0.0	diminished seventh chord	(2, 5, 8, 11)	E-	c	#7	6
265.0	0.5	73	['C4', 'E-5', 'A-5']	['m3', 'm6']	[True, True, False]	73.0	0.5	123.0	vi	True	('C', 'E-', 'G')	C	C	0.0	minor triad	(0, 3, 7)	E-	E-	6	None
265.5	0.5	73	['G3', 'B4', 'G5']	['M3', 'P1']	[True, True, True]	73.0	0.5	124.0	V/vi	True	('G', 'B', 'D')	G	G	0.0	major triad	(2, 7, 11)	E-	c	5	6
266.0	0.5	74	['A-3', 'C5', 'G5']	['M3', 'M7']	[True, True, True]	74.0	0.5	125.0	IV7	True	('A-', 'C', 'E-', 'G')	A-	A-	0.0	major seventh chord	(0, 3, 7, 8)	E-	E-	4	None
266.5	0.5	74	['A3', 'C5', 'F5']	['m3', 'm6']	[True, True, True]	74.0	0.5	126.0	V/V	True	('A', 'C', 'F')	A	F	1.0	major triad	(0, 5, 9)	E-	B-	5	5
267.0	0.5	74	['B-3', 'G4', 'E-5']	['M6', 'P4']	[True, True, True]	74.0	1.0	127.0	V7	True	('B-', 'D', 'F', 'A-')	B-	B-	0.0	dominant seventh chord	(2, 5, 8, 10)	E-	E-	5	None
267.5	0.5	74	['B-2', 'B-3', 'F4', 'A-4', 'D5']	['P1', 'P5', 'm7', 'M3']	[True, False, True, True, True]	74.0	1.0	127.0	V7	False	('B-', 'D', 'F', 'A-')	B-	B-	0.0	dominant seventh chord	(2, 5, 8, 10)	E-	E-	5	None
268.0	0.5	74	['E-3', 'B-3', 'A-4', 'F5']	['P5', 'P4', 'M2']	[True, False, True, True]	74.0	2.0	128.0	I	True	('E-', 'G', 'B-')	E-	E-	0.0	major triad	(3, 7, 10)	E-	E-	1	None
268.5	0.5	74	['E-3', 'D4', 'A-4', 'F5']	['M7', 'P4', 'M2']	[False, True, False, False]	74.0	2.0	128.0	I	False	('E-', 'G', 'B-')	E-	E-	0.0	major triad	(3, 7, 10)	E-	E-	1	None
269.0	0.5	74	['E-3', 'E-4', 'G4', 'E-5']	['P1', 'M3', 'P1']	[False, True, True, True]	74.0	2.0	128.0	I	False	('E-', 'G', 'B-')	E-	E-	0.0	major triad	(3, 7, 10)	E-	E-	1	None
269.5	0.5	74	['E-3', 'E-4', 'G4', 'E-5']	['P1', 'M3', 'P1']	[False, True, True, True]	74.0	2.0	128.0	I	False	('E-', 'G', 'B-')	E-	E-	0.0	major triad	(3, 7, 10)	E-	E-	1	None
270.0	1.0	75	['F3', 'A-3']	['m3']	[True, True]	75.0	4.0	129.0	V7	True	('F', 'A-', 'B-', 'D')	F	B-	2.0	dominant seventh chord	(2, 5, 8, 10)	E-	E-	5	None
271.0	1.0	75	['F3', 'A-3']	['m3']	[True, True]	75.0	4.0	129.0	V7	False	('F', 'A-', 'B-', 'D')	F	B-	2.0	dominant seventh chord	(2, 5, 8, 10)	E-	E-	5	None
272.0	0.5	75	['F3', 'A-3', 'D4']	['m3', 'M6']	[True, True, True]	75.0	4.0	129.0	V7	False	('F', 'A-', 'B-', 'D')	F	B-	2.0	dominant seventh chord	(2, 5, 8, 10)	E-	E-	5	None
272.5	0.25	75	['F3', 'A-3', 'D4', 'B-4']	['m3', 'M6', 'P4']	[False, False, False, True]	75.0	4.0	129.0	V7	False	('F', 'A-', 'B-', 'D')	F	B-	2.0	dominant seventh chord	(2, 5, 8, 10)	E-	E-	5	None
272.75	0.25	75	['F3', 'A-3', 'D4', 'C5']	['m3', 'M6', 'P5']	[False, False, False, True]	75.0	4.0	129.0	V7	False	('F', 'A-', 'B-', 'D')	F	B-	2.0	dominant seventh chord	(2, 5, 8, 10)	E-	E-	5	None
273.0	0.25	75	['F3', 'A-3', 'D4', 'D5']	['m3', 'M6', 'M6']	[False, False, False, True]	75.0	4.0	129.0	V7	False	('F', 'A-', 'B-', 'D')	F	B-	2.0	dominant seventh chord	(2, 5, 8, 10)	E-	E-	5	None
273.25	0.25	75	['F3', 'A-3', 'D4', 'E-5']	['m3', 'M6', 'm7']	[False, False, False, True]	75.0	4.0	129.0	V7	False	('F', 'A-', 'B-', 'D')	F	B-	2.0	dominant seventh chord	(2, 5, 8, 10)	E-	E-	5	None
273.5	0.25	75	['F3', 'A-3', 'D4', 'F5']	['m3', 'M6', 'P1']	[False, False, False, True]	75.0	4.0	129.0	V7	False	('F', 'A-', 'B-', 'D')	F	B-	2.0	dominant seventh chord	(2, 5, 8, 10)	E-	E-	5	None
273.75	0.25	75	['F3', 'A-3', 'D4', 'G5']	['m3', 'M6', 'M2']	[False, False, False, True]	75.0	4.0	129.0	V7	False	('F', 'A-', 'B-', 'D')	F	B-	2.0	dominant seventh chord	(2, 5, 8, 10)	E-	E-	5	None
274.0	0.5	76	['F3', 'D4', 'A5']	['M6', 'M3']	[True, True, True]	76.0	4.0	130.0	V7	True	('F', 'A-', 'B-', 'D')	F	B-	2.0	dominant seventh chord	(2, 5, 8, 10)	E-	E-	5	None
274.5	0.5	76	['F3', 'D4', 'B-5']	['M6', 'P4']	[False, False, True]	76.0	4.0	130.0	V7	False	('F', 'A-', 'B-', 'D')	F	B-	2.0	dominant seventh chord	(2, 5, 8, 10)	E-	E-	5	None
275.0	1.0	76	['F3', 'D4', 'B-5']	['M6', 'P4']	[True, True, False]	76.0	4.0	130.0	V7	False	('F', 'A-', 'B-', 'D')	F	B-	2.0	dominant seventh chord	(2, 5, 8, 10)	E-	E-	5	None
276.0	0.5	76	['A-3', 'D4', 'F4', 'B-5']	['A4', 'M6', 'M2']	[True, True, True, False]	76.0	4.0	130.0	V7	False	('F', 'A-', 'B-', 'D')	F	B-	2.0	dominant seventh chord	(2, 5, 8, 10)	E-	E-	5	None
276.5	0.25	76	['A-3', 'D4', 'F4', 'B-4']	['A4', 'M6', 'M2']	[False, False, False, True]	76.0	4.0	130.0	V7	False	('F', 'A-', 'B-', 'D')	F	B-	2.0	dominant seventh chord	(2, 5, 8, 10)	E-	E-	5	None
276.75	0.25	76	['A-3', 'D4', 'F4', 'C5']	['A4', 'M6', 'M3']	[False, False, False, True]	76.0	4.0	130.0	V7	False	('F', 'A-', 'B-', 'D')	F	B-	2.0	dominant seventh chord	(2, 5, 8, 10)	E-	E-	5	None
277.0	0.25	76	['A-3', 'D4', 'F4', 'D5']	['A4', 'M6', 'A4']	[False, False, False, True]	76.0	4.0	130.0	V7	False	('F', 'A-', 'B-', 'D')	F	B-	2.0	dominant seventh chord	(2, 5, 8, 10)	E-	E-	5	None
277.25	0.25	76	['A-3', 'D4', 'F4', 'E-5']	['A4', 'M6', 'P5']	[False, False, False, True]	76.0	4.0	130.0	V7	False	('F', 'A-', 'B-', 'D')	F	B-	2.0	dominant seventh chord	(2, 5, 8, 10)	E-	E-	5	None
277.5	0.25	76	['A-3', 'D4', 'F4', 'F5']	['A4', 'M6', 'M6']	[False, False, False, True]	76.0	4.0	130.0	V7	False	('F', 'A-', 'B-', 'D')	F	B-	2.0	dominant seventh chord	(2, 5, 8, 10)	E-	E-	5	None
277.75	0.25	76	['A-3', 'D4', 'F4', 'G5']	['A4', 'M6', 'M7']	[False, False, False, True]	76.0	4.0	130.0	V7	False	('F', 'A-', 'B-', 'D')	F	B-	2.0	dominant seventh chord	(2, 5, 8, 10)	E-	E-	5	None
278.0	0.5	77	['D4', 'F4', 'A5']	['m3', 'P5']	[True, True, True]	77.0	2.5	131.0	V7	True	('D', 'F', 'A-', 'B-')	D	B-	1.0	dominant seventh chord	(2, 5, 8, 10)	E-	E-	5	None
278.5	0.5	77	['D4', 'F4', 'B-5']	['m3', 'm6']	[False, False, True]	77.0	2.5	131.0	V7	False	('D', 'F', 'A-', 'B-')	D	B-	1.0	dominant seventh chord	(2, 5, 8, 10)	E-	E-	5	None
279.0	1.0	77	['D4', 'F4', 'B-5']	['m3', 'm6']	[True, True, False]	77.0	2.5	131.0	V7	False	('D', 'F', 'A-', 'B-')	D	B-	1.0	dominant seventh chord	(2, 5, 8, 10)	E-	E-	5	None
280.0	0.5	77	['D4', 'F4', 'A-4', 'B-5']	['m3', 'd5', 'm6']	[True, True, True, False]	77.0	2.5	131.0	V7	False	('D', 'F', 'A-', 'B-')	D	B-	1.0	dominant seventh chord	(2, 5, 8, 10)	E-	E-	5	None
280.5	0.5	77	['D4', 'F4', 'A-4', 'B5']	['m3', 'd5', 'M6']	[False, False, False, True]	77.0	0.5	132.0	viio7/vi	True	('D', 'F', 'A-', 'B')	D	B	1.0	diminished seventh chord	(2, 5, 8, 11)	E-	c	#7	6
281.0	0.5	77	['E-4', 'A-4', 'C6']	['P4', 'M6']	[True, False, True]	77.0	0.5	133.0	IV	True	('E-', 'A-', 'C')	E-	A-	2.0	major triad	(0, 3, 8)	E-	E-	4	None
281.5	0.5	77	['B3', 'G4', 'D6']	['m6', 'm3']	[True, True, True]	77.0	0.5	134.0	V/vi	True	('B', 'D', 'G')	B	G	1.0	major triad	(2, 7, 11)	E-	c	5	6
282.0	0.5	78	['C4', 'G4', 'E-6']	['P5', 'm3']	[True, True, True]	78.0	0.5	135.0	vi	True	('C', 'E-', 'G')	C	C	0.0	minor triad	(0, 3, 7)	E-	E-	6	None
282.5	0.5	78	['A3', 'F4', 'C6']	['m6', 'm3']	[True, True, True]	78.0	0.5	136.0	V/V	True	('A', 'C', 'F')	A	F	1.0	major triad	(0, 5, 9)	E-	B-	5	5
283.0	0.5	78	['B-3', 'E-4', 'G5']	['P4', 'M6']	[True, True, True]	78.0	2.0	137.0	V7	True	('B-', 'D', 'F', 'A-')	B-	B-	0.0	dominant seventh chord	(2, 5, 8, 10)	E-	E-	5	None
283.5	0.5	78	['B-3', 'D4', 'A-5']	['M3', 'm7']	[True, True, True]	78.0	2.0	137.0	V7	False	('B-', 'D', 'F', 'A-')	B-	B-	0.0	dominant seventh chord	(2, 5, 8, 10)	E-	E-	5	None
284.0	0.5	78	['B-3', 'F4', 'A-5']	['P5', 'm7']	[True, True, False]	78.0	2.0	137.0	V7	False	('B-', 'D', 'F', 'A-')	B-	B-	0.0	dominant seventh chord	(2, 5, 8, 10)	E-	E-	5	None
284.5	0.5	78	['B-3', 'F4', 'D5']	['P5', 'M3']	[False, False, True]	78.0	2.0	137.0	V7	False	('B-', 'D', 'F', 'A-')	B-	B-	0.0	dominant seventh chord	(2, 5, 8, 10)	E-	E-	5	None
285.0	0.5	78	['E-3', 'E-4', 'E-5']	['P1', 'P1']	[True, True, True]	78.0	1.0	138.0	I	True	('E-', 'G', 'B-')	E-	E-	0.0	major triad	(3, 7, 10)	E-	E-	1	None
285.5	0.5	78	['E-4']	[]	[True]	78.0	1.0	138.0	I	False	('E-', 'G', 'B-')	E-	E-	0.0	major triad	(3, 7, 10)	E-	E-	1	None
286.0	1.0	79	['G4', 'B-4', 'D-5']	['m3', 'd5']	[True, True, True]	79.0	4.0	139.0	viio/IV	True	('G', 'B-', 'D-')	G	G	0.0	diminished triad	(1, 7, 10)	E-	A-	7	4
287.0	1.0	79	['G4', 'B-4', 'D-5']	['m3', 'd5']	[True, True, True]	79.0	4.0	139.0	viio/IV	False	('G', 'B-', 'D-')	G	G	0.0	diminished triad	(1, 7, 10)	E-	A-	7	4
288.0	1.0	79	['E-3']	[]	[True]	79.0	4.0	139.0	viio/IV	False	('G', 'B-', 'D-')	G	G	0.0	diminished triad	(1, 7, 10)	E-	A-	7	4
289.0	1.0	79	['E-2']	[]	[True]	79.0	4.0	139.0	viio/IV	False	('G', 'B-', 'D-')	G	G	0.0	diminished triad	(1, 7, 10)	E-	A-	7	4
290.0	1.0	80	['E-4', 'A-4', 'C5']	['P4', 'M6']	[True, True, True]	80.0	4.0	140.0	IV	True	('E-', 'A-', 'C')	E-	A-	2.0	major triad	(0, 3, 8)	E-	E-	4	None
291.0	1.0	80	['E-4', 'A-4', 'C5']	['P4', 'M6']	[True, True, True]	80.0	4.0	140.0	IV	False	('E-', 'A-', 'C')	E-	A-	2.0	major triad	(0, 3, 8)	E-	E-	4	None
292.0	1.0	80	['E-3']	[]	[True]	80.0	4.0	140.0	IV	False	('E-', 'A-', 'C')	E-	A-	2.0	major triad	(0, 3, 8)	E-	E-	4	None
293.0	1.0	80	['E-2']	[]	[True]	80.0	4.0	140.0	IV	False	('E-', 'A-', 'C')	E-	A-	2.0	major triad	(0, 3, 8)	E-	E-	4	None
294.0	1.0	81	['D4', 'F4', 'A-4']	['m3', 'd5']	[True, True, True]	81.0	4.0	141.0	viio	True	('D', 'F', 'A-')	D	D	0.0	diminished triad	(2, 5, 8)	E-	E-	7	None
295.0	1.0	81	['D4', 'F4', 'A-4']	['m3', 'd5']	[True, True, True]	81.0	4.0	141.0	viio	False	('D', 'F', 'A-')	D	D	0.0	diminished triad	(2, 5, 8)	E-	E-	7	None
296.0	1.0	81	['E-3']	[]	[True]	81.0	4.0	141.0	viio	False	('D', 'F', 'A-')	D	D	0.0	diminished triad	(2, 5, 8)	E-	E-	7	None
297.0	1.0	81	['E-2']	[]	[True]	81.0	4.0	141.0	viio	False	('D', 'F', 'A-')	D	D	0.0	diminished triad	(2, 5, 8)	E-	E-	7	None
298.0	1.0	82	['B-3', 'E-4', 'G4']	['P4', 'M6']	[True, True, True]	82.0	2.0	142.0	I	True	('E-', 'G', 'B-')	E-	E-	0.0	major triad	(3, 7, 10)	E-	E-	1	None
299.0	0.5	82	['E-3']	[]	[True]	82.0	2.0	142.0	I	False	('E-', 'G', 'B-')	E-	E-	0.0	major triad	(3, 7, 10)	E-	E-	1	None
299.5	0.5	82	['E-2']	[]	[True]	82.0	2.0	142.0	I	False	('E-', 'G', 'B-')	E-	E-	0.0	major triad	(3, 7, 10)	E-	E-	1	None
300.0	1.0	82	['D4', 'F4', 'A-4']	['m3', 'd5']	[True, True, True]	82.0	2.0	143.0	viio	True	('D', 'F', 'A-')	D	D	0.0	diminished triad	(2, 5, 8)	E-	E-	7	None
301.0	0.5	82	['E-3']	[]	[True]	82.0	2.0	143.0	viio	False	('D', 'F', 'A-')	D	D	0.0	diminished triad	(2, 5, 8)	E-	E-	7	None
301.5	0.5	82	['E-2']	[]	[True]	82.0	2.0	143.0	viio	False	('D', 'F', 'A-')	D	D	0.0	diminished triad	(2, 5, 8)	E-	E-	7	None
302.0	1.0	83	['B-3', 'E-4', 'G4']	['P4', 'M6']	[True, True, True]	83.0	2.0	144.0	I	True	('E-', 'G', 'B-')	E-	E-	0.0	major triad	(3, 7, 10)	E-	E-	1	None
303.0	0.5	83	['E-3']	[]	[True]	83.0	2.0	144.0	I	False	('E-', 'G', 'B-')	E-	E-	0.0	major triad	(3, 7, 10)	E-	E-	1	None
303.5	0.5	83	['E-2']	[]	[True]	83.0	2.0	144.0	I	False	('E-', 'G', 'B-')	E-	E-	0.0	major triad	(3, 7, 10)	E-	E-	1	None
304.0	1.0	83	['D4', 'F4', 'A-4']	['m3', 'd5']	[True, True, True]	83.0	2.0	145.0	viio	True	('D', 'F', 'A-')	D	D	0.0	diminished triad	(2, 5, 8)	E-	E-	7	None
305.0	0.5	83	['E-3']	[]	[True]	83.0	2.0	145.0	viio	False	('D', 'F', 'A-')	D	D	0.0	diminished triad	(2, 5, 8)	E-	E-	7	None
305.5	0.5	83	['E-2']	[]	[True]	83.0	2.0	145.0	viio	False	('D', 'F', 'A-')	D	D	0.0	diminished triad	(2, 5, 8)	E-	E-	7	None
306.0	1.0	84	['B-3', 'E-4', 'G4']	['P4', 'M6']	[True, True, True]	84.0	4.0	146.0	I	True	('E-', 'G', 'B-')	E-	E-	0.0	major triad	(3, 7, 10)	E-	E-	1	None
307.0	0.5	84	['E-3']	[]	[True]	84.0	4.0	146.0	I	False	('E-', 'G', 'B-')	E-	E-	0.0	major triad	(3, 7, 10)	E-	E-	1	None
307.5	0.5	84	['E-2']	[]	[True]	84.0	4.0	146.0	I	False	('E-', 'G', 'B-')	E-	E-	0.0	major triad	(3, 7, 10)	E-	E-	1	None
308.0	2.0	84	['E-2']	[]	[True]	84.0	4.0	146.0	I	False	('E-', 'G', 'B-')	E-	E-	0.0	major triad	(3, 7, 10)	E-	E-	1	None
310.0	1.0	85	['G3', 'B-3', 'E-4', 'G4']	['m3', 'm6', 'P1']	[True, True, True, True]	85.0	4.0	147.0	I	True	('E-', 'G', 'B-')	E-	E-	0.0	major triad	(3, 7, 10)	E-	E-	1	None
311.0	0.5	85	['E-3']	[]	[True]	85.0	4.0	147.0	I	False	('E-', 'G', 'B-')	E-	E-	0.0	major triad	(3, 7, 10)	E-	E-	1	None
311.5	0.5	85	['E-2']	[]	[True]	85.0	4.0	147.0	I	False	('E-', 'G', 'B-')	E-	E-	0.0	major triad	(3, 7, 10)	E-	E-	1	None
312.0	2.0	85	['E-2']	[]	[True]	85.0	4.0	147.0	I	False	('E-', 'G', 'B-')	E-	E-	0.0	major triad	(3, 7, 10)	E-	E-	1	None
314.0	1.0	86	['G5', 'B-5', 'E-6']	['m3', 'm6']	[True, True, True]	86.0	4.0	148.0	I	True	('E-', 'G', 'B-')	E-	E-	0.0	major triad	(3, 7, 10)	E-	E-	1	None
315.0	3.0	86	['E-2', 'G5', 'B-5', 'E-6']	['M3', 'P5', 'P1']	[True, False, False, False]	86.0	4.0	148.0	I	False	('E-', 'G', 'B-')	E-	E-	0.0	major triad	(3, 7, 10)	E-	E-	1	None
