j_offset	s_offset_frac	s_duration	s_duration_frac	s_measure	s_note	s_midi	s_isOnset	s_part_id	s_voice_id	a_measure	a_duration	a_annotationNumber	a_romanNumeral	a_isOnset	a_pitchNames	a_bass	a_root	a_inversion	a_quality	a_pcset	a_localKey	a_tonicizedKey	a_degree1	a_degree2
0.0	0	1.0	1	1	B-4	70	True	spine_0	1	1.0	4.0	0.0	I	True	('E-', 'G', 'B-')	E-	E-	0.0	major triad	(3, 7, 10)	E-	E-	1	None
0.0	0	1.0	1	1	G4	67	True	spine_0	1	1.0	4.0	0.0	I	True	('E-', 'G', 'B-')	E-	E-	0.0	major triad	(3, 7, 10)	E-	E-	1	None
0.0	0	0.5	1/2	1	E-3	51	True	spine_0	1	1.0	4.0	0.0	I	True	('E-', 'G', 'B-')	E-	E-	0.0	major triad	(3, 7, 10)	E-	E-	1	None
0.5	1/2	0.5	1/2	1	E-2	39	True	spine_0	1	1.0	4.0	0.0	I	False	('E-', 'G', 'B-')	E-	E-	0.0	major triad	(3, 7, 10)	E-	E-	1	None
1.0	1	0.5	1/2	1	C5	72	True	spine_0	1	1.0	4.0	0.0	I	False	('E-', 'G', 'B-')	E-	E-	0.0	major triad	(3, 7, 10)	E-	E-	1	None
1.0	1	0.5	1/2	1	A-4	68	True	spine_0	1	1.0	4.0	0.0	I	False	('E-', 'G', 'B-')	E-	E-	0.0	major triad	(3, 7, 10)	E-	E-	1	None
1.5	3/2	0.5	1/2	1	A-4	68	True	spine_0	1	1.0	4.0	0.0	I	False	('E-', 'G', 'B-')	E-	E-	0.0	major triad	(3, 7, 10)	E-	E-	1	None
1.5	3/2	0.5	1/2	1	F4	65	True	spine_0	1	1.0	4.0	0.0	I	False	('E-', 'G', 'B-')	E-	E-	0.0	major triad	(3, 7, 10)	E-	E-	1	None
2.0	2	1.0	1	1	G4	67	True	spine_0	1	1.0	4.0	0.0	I	False	('E-', 'G', 'B-')	E-	E-	0.0	major triad	(3, 7, 10)	E-	E-	1	None
2.0	2	0.5	1/2	1	E-4	63	True	spine_0	1	1.0	4.0	0.0	I	False	('E-', 'G', 'B-')	E-	E-	0.0	major triad	(3, 7, 10)	E-	E-	1	None
2.0	2	0.5	1/2	1	E-3	51	True	spine_0	1	1.0	4.0	0.0	I	False	('E-', 'G', 'B-')	E-	E-	0.0	major triad	(3, 7, 10)	E-	E-	1	None
2.5	5/2	0.5	1/2	1	B-3	58	True	spine_0	1	1.0	4.0	0.0	I	False	('E-', 'G', 'B-')	E-	E-	0.0	major triad	(3, 7, 10)	E-	E-	1	None
2.5	5/2	0.5	1/2	1	E-2	39	True	spine_0	1	1.0	4.0	0.0	I	False	('E-', 'G', 'B-')	E-	E-	0.0	major triad	(3, 7, 10)	E-	E-	1	None
3.0	3	0.5	1/2	1	A-4	68	True	spine_0	1	1.0	4.0	0.0	I	False	('E-', 'G', 'B-')	E-	E-	0.0	major triad	(3, 7, 10)	E-	E-	1	None
3.0	3	0.5	1/2	1	C4	60	True	spine_0	1	1.0	4.0	0.0	I	False	('E-', 'G', 'B-')	E-	E-	0.0	major triad	(3, 7, 10)	E-	E-	1	None
3.5	7/2	0.5	1/2	1	F4	65	True	spine_0	1	1.0	4.0	0.0	I	False	('E-', 'G', 'B-')	E-	E-	0.0	major triad	(3, 7, 10)	E-	E-	1	None
3.5	7/2	0.5	1/2	1	A-3	56	True	spine_0	1	1.0	4.0	0.0	I	False	('E-', 'G', 'B-')	E-	E-	0.0	major triad	(3, 7, 10)	E-	E-	1	None
4.0	4	1.0	1	2	E-4	63	True	spine_0	1	2.0	4.0	1.0	I	True	('E-', 'G', 'B-')	E-	E-	0.0	major triad	(3, 7, 10)	E-	E-	1	None
4.0	4	1.5	3/2	2	G3	55	True	spine_0	1	2.0	4.0	1.0	I	True	('E-', 'G', 'B-')	E-	E-	0.0	major triad	(3, 7, 10)	E-	E-	1	None
4.0	4	0.5	1/2	2	E-3	51	True	spine_0	1	2.0	4.0	1.0	I	True	('E-', 'G', 'B-')	E-	E-	0.0	major triad	(3, 7, 10)	E-	E-	1	None
4.5	9/2	0.5	1/2	2	E-2	39	True	spine_0	1	2.0	4.0	1.0	I	False	('E-', 'G', 'B-')	E-	E-	0.0	major triad	(3, 7, 10)	E-	E-	1	None
5.0	5	0.5	1/2	2	D4	62	True	spine_0	1	2.0	4.0	1.0	I	False	('E-', 'G', 'B-')	E-	E-	0.0	major triad	(3, 7, 10)	E-	E-	1	None
5.0	5	0.5	1/2	2	E-2	39	True	spine_0	1	2.0	4.0	1.0	I	False	('E-', 'G', 'B-')	E-	E-	0.0	major triad	(3, 7, 10)	E-	E-	1	None
5.5	11/2	0.5	1/2	2	C4	60	True	spine_0	1	2.0	4.0	1.0	I	False	('E-', 'G', 'B-')	E-	E-	0.0	major triad	(3, 7, 10)	E-	E-	1	None
5.5	11/2	0.5	1/2	2	A-3	56	True	spine_0	1	2.0	4.0	1.0	I	False	('E-', 'G', 'B-')	E-	E-	0.0	major triad	(3, 7, 10)	E-	E-	1	None
5.5	11/2	0.5	1/2	2	E-2	39	True	spine_0	1	2.0	4.0	1.0	I	False	('E-', 'G', 'B-')	E-	E-	0.0	major triad	(3, 7, 10)	E-	E-	1	None
6.0	6	0.5	1/2	2	B-3	58	True	spine_0	1	2.0	4.0	1.0	I	False	('E-', 'G', 'B-')	E-	E-	0.0	major triad	(3, 7, 10)	E-	E-	1	None
6.0	6	0.5	1/2	2	G3	55	True	spine_0	1	2.0	4.0	1.0	I	False	('E-', 'G', 'B-')	E-	E-	0.0	major triad	(3, 7, 10)	E-	E-	1	None
6.0	6	0.5	1/2	2	E-2	39	True	spine_0	1	2.0	4.0	1.0	I	False	('E-', 'G', 'B-')	E-	E-	0.0	major triad	(3, 7, 10)	E-	E-	1	None
6.5	13/2	0.5	1/2	2	B-3	58	True	spine_0	1	2.0	4.0	1.0	I	False	('E-', 'G', 'B-')	E-	E-	0.0	major triad	(3, 7, 10)	E-	E-	1	None
6.5	13/2	0.5	1/2	2	G3	55	True	spine_0	1	2.0	4.0	1.0	I	False	('E-', 'G', 'B-')	E-	E-	0.0	major triad	(3, 7, 10)	E-	E-	1	None
6.5	13/2	0.5	1/2	2	E-3	51	True	spine_0	1	2.0	4.0	1.0	I	False	('E-', 'G', 'B-')	E-	E-	0.0	major triad	(3, 7, 10)	E-	E-	1	None
7.0	7	0.5	1/2	2	B-3	58	True	spine_0	1	2.0	4.0	1.0	I	False	('E-', 'G', 'B-')	E-	E-	0.0	major triad	(3, 7, 10)	E-	E-	1	None
7.0	7	0.5	1/2	2	F3	53	True	spine_0	1	2.0	4.0	1.0	I	False	('E-', 'G', 'B-')	E-	E-	0.0	major triad	(3, 7, 10)	E-	E-	1	None
7.0	7	0.5	1/2	2	D3	50	True	spine_0	1	2.0	4.0	1.0	I	False	('E-', 'G', 'B-')	E-	E-	0.0	major triad	(3, 7, 10)	E-	E-	1	None
7.5	15/2	0.5	1/2	2	B-3	58	True	spine_0	1	2.0	4.0	1.0	I	False	('E-', 'G', 'B-')	E-	E-	0.0	major triad	(3, 7, 10)	E-	E-	1	None
7.5	15/2	0.5	1/2	2	E-3	51	True	spine_0	1	2.0	4.0	1.0	I	False	('E-', 'G', 'B-')	E-	E-	0.0	major triad	(3, 7, 10)	E-	E-	1	None
7.5	15/2	0.5	1/2	2	C3	48	True	spine_0	1	2.0	4.0	1.0	I	False	('E-', 'G', 'B-')	E-	E-	0.0	major triad	(3, 7, 10)	E-	E-	1	None
8.0	8	1.5	3/2	3	B-3	58	True	spine_0	1	3.0	4.0	2.0	I	True	('E-', 'G', 'B-')	E-	E-	0.0	major triad	(3, 7, 10)	E-	E-	1	None
8.0	8	0.5	1/2	3	D3	50	True	spine_0	1	3.0	4.0	2.0	I	True	('E-', 'G', 'B-')	E-	E-	0.0	major triad	(3, 7, 10)	E-	E-	1	None
8.0	8	0.5	1/2	3	B-2	46	True	spine_0	1	3.0	4.0	2.0	I	True	('E-', 'G', 'B-')	E-	E-	0.0	major triad	(3, 7, 10)	E-	E-	1	None
8.5	17/2	0.5	1/2	3	C4	60	True	spine_0	1	3.0	4.0	2.0	I	False	('E-', 'G', 'B-')	E-	E-	0.0	major triad	(3, 7, 10)	E-	E-	1	None
8.5	17/2	0.5	1/2	3	A-2	44	True	spine_0	1	3.0	4.0	2.0	I	False	('E-', 'G', 'B-')	E-	E-	0.0	major triad	(3, 7, 10)	E-	E-	1	None
9.0	9	0.5	1/2	3	B-3	58	True	spine_0	1	3.0	4.0	2.0	I	False	('E-', 'G', 'B-')	E-	E-	0.0	major triad	(3, 7, 10)	E-	E-	1	None
9.0	9	0.5	1/2	3	G2	43	True	spine_0	1	3.0	4.0	2.0	I	False	('E-', 'G', 'B-')	E-	E-	0.0	major triad	(3, 7, 10)	E-	E-	1	None
9.5	19/2	0.25	1/4	3	C4	60	True	spine_0	1	3.0	4.0	2.0	I	False	('E-', 'G', 'B-')	E-	E-	0.0	major triad	(3, 7, 10)	E-	E-	1	None
9.5	19/2	0.5	1/2	3	A-3	56	True	spine_0	1	3.0	4.0	2.0	I	False	('E-', 'G', 'B-')	E-	E-	0.0	major triad	(3, 7, 10)	E-	E-	1	None
9.5	19/2	0.5	1/2	3	F2	41	True	spine_0	1	3.0	4.0	2.0	I	False	('E-', 'G', 'B-')	E-	E-	0.0	major triad	(3, 7, 10)	E-	E-	1	None
9.75	39/4	0.25	1/4	3	D4	62	True	spine_0	1	3.0	4.0	2.0	I	False	('E-', 'G', 'B-')	E-	E-	0.0	major triad	(3, 7, 10)	E-	E-	1	None
10.0	10	0.25	1/4	3	E-4	63	True	spine_0	1	3.0	4.0	2.0	I	False	('E-', 'G', 'B-')	E-	E-	0.0	major triad	(3, 7, 10)	E-	E-	1	None
10.0	10	1.0	1	3	G3	55	True	spine_0	1	3.0	4.0	2.0	I	False	('E-', 'G', 'B-')	E-	E-	0.0	major triad	(3, 7, 10)	E-	E-	1	None
10.0	10	1.0	1	3	E-2	39	True	spine_0	1	3.0	4.0	2.0	I	False	('E-', 'G', 'B-')	E-	E-	0.0	major triad	(3, 7, 10)	E-	E-	1	None
10.25	41/4	0.25	1/4	3	F4	65	True	spine_0	1	3.0	4.0	2.0	I	False	('E-', 'G', 'B-')	E-	E-	0.0	major triad	(3, 7, 10)	E-	E-	1	None
10.5	21/2	0.25	1/4	3	G4	67	True	spine_0	1	3.0	4.0	2.0	I	False	('E-', 'G', 'B-')	E-	E-	0.0	major triad	(3, 7, 10)	E-	E-	1	None
10.75	43/4	0.25	1/4	3	A-4	68	True	spine_0	1	3.0	4.0	2.0	I	False	('E-', 'G', 'B-')	E-	E-	0.0	major triad	(3, 7, 10)	E-	E-	1	None
11.0	11	0.25	1/4	3	B-4	70	True	spine_0	1	3.0	4.0	2.0	I	False	('E-', 'G', 'B-')	E-	E-	0.0	major triad	(3, 7, 10)	E-	E-	1	None
11.25	45/4	0.25	1/4	3	C5	72	True	spine_0	1	3.0	4.0	2.0	I	False	('E-', 'G', 'B-')	E-	E-	0.0	major triad	(3, 7, 10)	E-	E-	1	None
11.5	23/2	0.25	1/4	3	D5	74	True	spine_0	1	3.0	4.0	2.0	I	False	('E-', 'G', 'B-')	E-	E-	0.0	major triad	(3, 7, 10)	E-	E-	1	None
11.75	47/4	0.25	1/4	3	E-5	75	True	spine_0	1	3.0	4.0	2.0	I	False	('E-', 'G', 'B-')	E-	E-	0.0	major triad	(3, 7, 10)	E-	E-	1	None
12.0	12	1.0	1	4	B-4	70	True	spine_0	1	4.0	1.0	3.0	I	True	('E-', 'G', 'B-')	E-	E-	0.0	major triad	(3, 7, 10)	E-	E-	1	None
12.5	25/2	0.5	1/2	4	G4	67	True	spine_0	1	4.0	1.0	3.0	I	False	('E-', 'G', 'B-')	E-	E-	0.0	major triad	(3, 7, 10)	E-	E-	1	None
13.0	13	1.0	1	4	A-4	68	True	spine_0	1	4.0	1.0	4.0	V7	True	('B-', 'D', 'F', 'A-')	B-	B-	0.0	dominant seventh chord	(2, 5, 8, 10)	E-	E-	5	None
13.0	13	0.5	1/2	4	F4	65	True	spine_0	1	4.0	1.0	4.0	V7	True	('B-', 'D', 'F', 'A-')	B-	B-	0.0	dominant seventh chord	(2, 5, 8, 10)	E-	E-	5	None
13.5	27/2	0.5	1/2	4	B-3	58	True	spine_0	1	4.0	1.0	4.0	V7	False	('B-', 'D', 'F', 'A-')	B-	B-	0.0	dominant seventh chord	(2, 5, 8, 10)	E-	E-	5	None
14.0	14	1.0	1	4	G4	67	True	spine_0	1	4.0	2.0	5.0	I	True	('E-', 'G', 'B-')	E-	E-	0.0	major triad	(3, 7, 10)	E-	E-	1	None
14.0	14	1.0	1	4	E-4	63	True	spine_0	1	4.0	2.0	5.0	I	True	('E-', 'G', 'B-')	E-	E-	0.0	major triad	(3, 7, 10)	E-	E-	1	None
14.5	29/2	0.5	1/2	4	E-2	39	True	spine_0	1	4.0	2.0	5.0	I	False	('E-', 'G', 'B-')	E-	E-	0.0	major triad	(3, 7, 10)	E-	E-	1	None
15.0	15	0.1667	1/6	4	G2	43	True	spine_0	1	4.0	2.0	5.0	I	False	('E-', 'G', 'B-')	E-	E-	0.0	major triad	(3, 7, 10)	E-	E-	1	None
15.1667	91/6	0.1667	1/6	4	E-2	39	True	spine_0	1	4.0	2.0	5.0	I	False	('E-', 'G', 'B-')	E-	E-	0.0	major triad	(3, 7, 10)	E-	E-	1	None
15.3333	46/3	0.1667	1/6	4	G2	43	True	spine_0	1	4.0	2.0	5.0	I	False	('E-', 'G', 'B-')	E-	E-	0.0	major triad	(3, 7, 10)	E-	E-	1	None
15.5	31/2	0.1667	1/6	4	B-2	46	True	spine_0	1	4.0	2.0	5.0	I	False	('E-', 'G', 'B-')	E-	E-	0.0	major triad	(3, 7, 10)	E-	E-	1	None
15.6667	47/3	0.1667	1/6	4	G2	43	True	spine_0	1	4.0	2.0	5.0	I	False	('E-', 'G', 'B-')	E-	E-	0.0	major triad	(3, 7, 10)	E-	E-	1	None
15.8333	95/6	0.1667	1/6	4	B-2	46	True	spine_0	1	4.0	2.0	5.0	I	False	('E-', 'G', 'B-')	E-	E-	0.0	major triad	(3, 7, 10)	E-	E-	1	None
16.0	16	1.0	1	5	B-4	70	True	spine_0	1	5.0	4.0	6.0	I	True	('E-', 'G', 'B-')	E-	E-	0.0	major triad	(3, 7, 10)	E-	E-	1	None
16.0	16	1.0	1	5	G4	67	True	spine_0	1	5.0	4.0	6.0	I	True	('E-', 'G', 'B-')	E-	E-	0.0	major triad	(3, 7, 10)	E-	E-	1	None
16.0	16	0.5	1/2	5	E-3	51	True	spine_0	1	5.0	4.0	6.0	I	True	('E-', 'G', 'B-')	E-	E-	0.0	major triad	(3, 7, 10)	E-	E-	1	None
16.5	33/2	0.5	1/2	5	E-2	39	True	spine_0	1	5.0	4.0	6.0	I	False	('E-', 'G', 'B-')	E-	E-	0.0	major triad	(3, 7, 10)	E-	E-	1	None
17.0	17	0.5	1/2	5	C5	72	True	spine_0	1	5.0	4.0	6.0	I	False	('E-', 'G', 'B-')	E-	E-	0.0	major triad	(3, 7, 10)	E-	E-	1	None
17.0	17	0.5	1/2	5	A-4	68	True	spine_0	1	5.0	4.0	6.0	I	False	('E-', 'G', 'B-')	E-	E-	0.0	major triad	(3, 7, 10)	E-	E-	1	None
17.5	35/2	0.5	1/2	5	A-4	68	True	spine_0	1	5.0	4.0	6.0	I	False	('E-', 'G', 'B-')	E-	E-	0.0	major triad	(3, 7, 10)	E-	E-	1	None
17.5	35/2	0.5	1/2	5	F4	65	True	spine_0	1	5.0	4.0	6.0	I	False	('E-', 'G', 'B-')	E-	E-	0.0	major triad	(3, 7, 10)	E-	E-	1	None
18.0	18	1.0	1	5	G4	67	True	spine_0	1	5.0	4.0	6.0	I	False	('E-', 'G', 'B-')	E-	E-	0.0	major triad	(3, 7, 10)	E-	E-	1	None
18.0	18	0.5	1/2	5	E-4	63	True	spine_0	1	5.0	4.0	6.0	I	False	('E-', 'G', 'B-')	E-	E-	0.0	major triad	(3, 7, 10)	E-	E-	1	None
18.0	18	0.5	1/2	5	E-3	51	True	spine_0	1	5.0	4.0	6.0	I	False	('E-', 'G', 'B-')	E-	E-	0.0	major triad	(3, 7, 10)	E-	E-	1	None
18.5	37/2	0.5	1/2	5	B-3	58	True	spine_0	1	5.0	4.0	6.0	I	False	('E-', 'G', 'B-')	E-	E-	0.0	major triad	(3, 7, 10)	E-	E-	1	None
18.5	37/2	0.5	1/2	5	E-2	39	True	spine_0	1	5.0	4.0	6.0	I	False	('E-', 'G', 'B-')	E-	E-	0.0	major triad	(3, 7, 10)	E-	E-	1	None
19.0	19	0.5	1/2	5	A-4	68	True	spine_0	1	5.0	4.0	6.0	I	False	('E-', 'G', 'B-')	E-	E-	0.0	major triad	(3, 7, 10)	E-	E-	1	None
19.0	19	0.5	1/2	5	C4	60	True	spine_0	1	5.0	4.0	6.0	I	False	('E-', 'G', 'B-')	E-	E-	0.0	major triad	(3, 7, 10)	E-	E-	1	None
19.5	39/2	0.5	1/2	5	F4	65	True	spine_0	1	5.0	4.0	6.0	I	False	('E-', 'G', 'B-')	E-	E-	0.0	major triad	(3, 7, 10)	E-	E-	1	None
19.5	39/2	0.5	1/2	5	A-3	56	True	spine_0	1	5.0	4.0	6.0	I	False	('E-', 'G', 'B-')	E-	E-	0.0	major triad	(3, 7, 10)	E-	E-	1	None
20.0	20	1.0	1	6	E-4	63	True	spine_0	1	6.0	3.0	7.0	I	True	('E-', 'G', 'B-')	E-	E-	0.0	major triad	(3, 7, 10)	E-	E-	1	None
20.0	20	0.5	1/2	6	G3	55	True	spine_0	1	6.0	3.0	7.0	I	True	('E-', 'G', 'B-')	E-	E-	0.0	major triad	(3, 7, 10)	E-	E-	1	None
20.5	41/2	0.5	1/2	6	E-4	63	True	spine_0	1	6.0	3.0	7.0	I	False	('E-', 'G', 'B-')	E-	E-	0.0	major triad	(3, 7, 10)	E-	E-	1	None
21.0	21	0.75	3/4	6	F4	65	True	spine_0	1	6.0	3.0	7.0	I	False	('E-', 'G', 'B-')	E-	E-	0.0	major triad	(3, 7, 10)	E-	E-	1	None
21.0	21	0.5	1/2	6	D4	62	True	spine_0	1	6.0	3.0	7.0	I	False	('E-', 'G', 'B-')	E-	E-	0.0	major triad	(3, 7, 10)	E-	E-	1	None
21.5	43/2	0.5	1/2	6	B-3	58	True	spine_0	1	6.0	3.0	7.0	I	False	('E-', 'G', 'B-')	E-	E-	0.0	major triad	(3, 7, 10)	E-	E-	1	None
21.75	87/4	0.125	1/8	6	E-4	63	True	spine_0	1	6.0	3.0	7.0	I	False	('E-', 'G', 'B-')	E-	E-	0.0	major triad	(3, 7, 10)	E-	E-	1	None
21.875	175/8	0.125	1/8	6	F4	65	True	spine_0	1	6.0	3.0	7.0	I	False	('E-', 'G', 'B-')	E-	E-	0.0	major triad	(3, 7, 10)	E-	E-	1	None
22.0	22	1.0	1	6	G4	67	True	spine_0	1	6.0	3.0	7.0	I	False	('E-', 'G', 'B-')	E-	E-	0.0	major triad	(3, 7, 10)	E-	E-	1	None
22.0	22	0.5	1/2	6	E-4	63	True	spine_0	1	6.0	3.0	7.0	I	False	('E-', 'G', 'B-')	E-	E-	0.0	major triad	(3, 7, 10)	E-	E-	1	None
22.5	45/2	0.5	1/2	6	D4	62	True	spine_0	1	6.0	3.0	7.0	I	False	('E-', 'G', 'B-')	E-	E-	0.0	major triad	(3, 7, 10)	E-	E-	1	None
23.0	23	0.75	3/4	6	A4	69	True	spine_0	1	6.0	1.0	8.0	V7/V	True	('C', 'E-', 'F', 'A')	C	F	2.0	dominant seventh chord	(0, 3, 5, 9)	E-	B-	5	5
23.0	23	0.5	1/2	6	C4	60	True	spine_0	1	6.0	1.0	8.0	V7/V	True	('C', 'E-', 'F', 'A')	C	F	2.0	dominant seventh chord	(0, 3, 5, 9)	E-	B-	5	5
23.5	47/2	0.5	1/2	6	F4	65	True	spine_0	1	6.0	1.0	8.0	V7/V	False	('C', 'E-', 'F', 'A')	C	F	2.0	dominant seventh chord	(0, 3, 5, 9)	E-	B-	5	5
23.75	95/4	0.125	1/8	6	G4	67	True	spine_0	1	6.0	1.0	8.0	V7/V	False	('C', 'E-', 'F', 'A')	C	F	2.0	dominant seventh chord	(0, 3, 5, 9)	E-	B-	5	5
23.875	191/8	0.125	1/8	6	A4	69	True	spine_0	1	6.0	1.0	8.0	V7/V	False	('C', 'E-', 'F', 'A')	C	F	2.0	dominant seventh chord	(0, 3, 5, 9)	E-	B-	5	5
24.0	24	1.0	1	7	B-4	70	True	spine_0	1	7.0	2.0	9.0	V	True	('D', 'F', 'B-')	D	B-	1.0	major triad	(2, 5, 10)	E-	E-	5	None
24.0	24	1.0	1	7	F5	77	True	spine_0	1	7.0	2.0	9.0	V	True	('D', 'F', 'B-')	D	B-	1.0	major triad	(2, 5, 10)	E-	E-	5	None
24.0	24	0.5	1/2	7	B-3	58	True	spine_0	1	7.0	2.0	9.0	V	True	('D', 'F', 'B-')	D	B-	1.0	major triad	(2, 5, 10)	E-	E-	5	None
24.0	24	1.0	1	7	D4	62	True	spine_0	1	7.0	2.0	9.0	V	True	('D', 'F', 'B-')	D	B-	1.0	major triad	(2, 5, 10)	E-	E-	5	None
24.5	49/2	0.5	1/2	7	B-4	70	True	spine_0	1	7.0	2.0	9.0	V	False	('D', 'F', 'B-')	D	B-	1.0	major triad	(2, 5, 10)	E-	E-	5	None
25.0	25	0.5	1/2	7	G5	79	True	spine_0	1	7.0	2.0	9.0	V	False	('D', 'F', 'B-')	D	B-	1.0	major triad	(2, 5, 10)	E-	E-	5	None
25.0	25	0.5	1/2	7	E-4	63	True	spine_0	1	7.0	2.0	9.0	V	False	('D', 'F', 'B-')	D	B-	1.0	major triad	(2, 5, 10)	E-	E-	5	None
25.5	51/2	0.5	1/2	7	E-5	75	True	spine_0	1	7.0	2.0	9.0	V	False	('D', 'F', 'B-')	D	B-	1.0	major triad	(2, 5, 10)	E-	E-	5	None
25.5	51/2	0.5	1/2	7	C4	60	True	spine_0	1	7.0	2.0	9.0	V	False	('D', 'F', 'B-')	D	B-	1.0	major triad	(2, 5, 10)	E-	E-	5	None
26.0	26	1.0	1	7	D5	74	True	spine_0	1	7.0	2.0	10.0	V	True	('B-', 'D', 'F')	B-	B-	0.0	major triad	(2, 5, 10)	E-	E-	5	None
26.0	26	0.5	1/2	7	B-3	58	True	spine_0	1	7.0	2.0	10.0	V	True	('B-', 'D', 'F')	B-	B-	0.0	major triad	(2, 5, 10)	E-	E-	5	None
26.0	26	0.5	1/2	7	B-3	58	True	spine_0	1	7.0	2.0	10.0	V	True	('B-', 'D', 'F')	B-	B-	0.0	major triad	(2, 5, 10)	E-	E-	5	None
26.5	53/2	0.5	1/2	7	B-4	70	True	spine_0	1	7.0	2.0	10.0	V	False	('B-', 'D', 'F')	B-	B-	0.0	major triad	(2, 5, 10)	E-	E-	5	None
26.5	53/2	0.5	1/2	7	F4	65	True	spine_0	1	7.0	2.0	10.0	V	False	('B-', 'D', 'F')	B-	B-	0.0	major triad	(2, 5, 10)	E-	E-	5	None
27.0	27	0.5	1/2	7	E-5	75	True	spine_0	1	7.0	2.0	10.0	V	False	('B-', 'D', 'F')	B-	B-	0.0	major triad	(2, 5, 10)	E-	E-	5	None
27.0	27	0.5	1/2	7	G4	67	True	spine_0	1	7.0	2.0	10.0	V	False	('B-', 'D', 'F')	B-	B-	0.0	major triad	(2, 5, 10)	E-	E-	5	None
27.5	55/2	0.5	1/2	7	C5	72	True	spine_0	1	7.0	2.0	10.0	V	False	('B-', 'D', 'F')	B-	B-	0.0	major triad	(2, 5, 10)	E-	E-	5	None
27.5	55/2	0.5	1/2	7	E-4	63	True	spine_0	1	7.0	2.0	10.0	V	False	('B-', 'D', 'F')	B-	B-	0.0	major triad	(2, 5, 10)	E-	E-	5	None
28.0	28	1.0	1	8	B-4	70	True	spine_0	1	8.0	4.0	11.0	V	True	('D', 'F', 'B-')	D	B-	1.0	major triad	(2, 5, 10)	E-	E-	5	None
28.0	28	0.5	1/2	8	B-4	70	True	spine_0	1	8.0	4.0	11.0	V	True	('D', 'F', 'B-')	D	B-	1.0	major triad	(2, 5, 10)	E-	E-	5	None
28.0	28	1.5	3/2	8	D4	62	True	spine_0	1	8.0	4.0	11.0	V	True	('D', 'F', 'B-')	D	B-	1.0	major triad	(2, 5, 10)	E-	E-	5	None
28.5	57/2	0.5	1/2	8	B-3	58	True	spine_0	1	8.0	4.0	11.0	V	False	('D', 'F', 'B-')	D	B-	1.0	major triad	(2, 5, 10)	E-	E-	5	None
29.0	29	0.5	1/2	8	A4	69	True	spine_0	1	8.0	4.0	11.0	V	False	('D', 'F', 'B-')	D	B-	1.0	major triad	(2, 5, 10)	E-	E-	5	None
29.0	29	0.5	1/2	8	B-3	58	True	spine_0	1	8.0	4.0	11.0	V	False	('D', 'F', 'B-')	D	B-	1.0	major triad	(2, 5, 10)	E-	E-	5	None
29.5	59/2	0.5	1/2	8	G4	67	True	spine_0	1	8.0	4.0	11.0	V	False	('D', 'F', 'B-')	D	B-	1.0	major triad	(2, 5, 10)	E-	E-	5	None
29.5	59/2	0.5	1/2	8	B-3	58	True	spine_0	1	8.0	4.0	11.0	V	False	('D', 'F', 'B-')	D	B-	1.0	major triad	(2, 5, 10)	E-	E-	5	None
29.5	59/2	0.5	1/2	8	E-4	63	True	spine_0	1	8.0	4.0	11.0	V	False	('D', 'F', 'B-')	D	B-	1.0	major triad	(2, 5, 10)	E-	E-	5	None
30.0	30	0.5	1/2	8	F4	65	True	spine_0	1	8.0	4.0	11.0	V	False	('D', 'F', 'B-')	D	B-	1.0	major triad	(2, 5, 10)	E-	E-	5	None
30.0	30	0.5	1/2	8	B-3	58	True	spine_0	1	8.0	4.0	11.0	V	False	('D', 'F', 'B-')	D	B-	1.0	major triad	(2, 5, 10)	E-	E-	5	None
30.0	30	0.5	1/2	8	D4	62	True	spine_0	1	8.0	4.0	11.0	V	False	('D', 'F', 'B-')	D	B-	1.0	major triad	(2, 5, 10)	E-	E-	5	None
30.5	61/2	0.5	1/2	8	F4	65	True	spine_0	1	8.0	4.0	11.0	V	False	('D', 'F', 'B-')	D	B-	1.0	major triad	(2, 5, 10)	E-	E-	5	None
30.5	61/2	0.5	1/2	8	B-3	58	True	spine_0	1	8.0	4.0	11.0	V	False	('D', 'F', 'B-')	D	B-	1.0	major triad	(2, 5, 10)	E-	E-	5	None
30.5	61/2	0.5	1/2	8	D4	62	True	spine_0	1	8.0	4.0	11.0	V	False	('D', 'F', 'B-')	D	B-	1.0	major triad	(2, 5, 10)	E-	E-	5	None
31.0	31	0.5	1/2	8	F4	65	True	spine_0	1	8.0	4.0	11.0	V	False	('D', 'F', 'B-')	D	B-	1.0	major triad	(2, 5, 10)	E-	E-	5	None
31.0	31	0.5	1/2	8	A3	57	True	spine_0	1	8.0	4.0	11.0	V	False	('D', 'F', 'B-')	D	B-	1.0	major triad	(2, 5, 10)	E-	E-	5	None
31.0	31	0.5	1/2	8	C4	60	True	spine_0	1	8.0	4.0	11.0	V	False	('D', 'F', 'B-')	D	B-	1.0	major triad	(2, 5, 10)	E-	E-	5	None
31.5	63/2	0.5	1/2	8	F4	65	True	spine_0	1	8.0	4.0	11.0	V	False	('D', 'F', 'B-')	D	B-	1.0	major triad	(2, 5, 10)	E-	E-	5	None
31.5	63/2	0.5	1/2	8	G3	55	True	spine_0	1	8.0	4.0	11.0	V	False	('D', 'F', 'B-')	D	B-	1.0	major triad	(2, 5, 10)	E-	E-	5	None
31.5	63/2	0.5	1/2	8	B-3	58	True	spine_0	1	8.0	4.0	11.0	V	False	('D', 'F', 'B-')	D	B-	1.0	major triad	(2, 5, 10)	E-	E-	5	None
32.0	32	1.5	3/2	9	F4	65	True	spine_0	1	9.0	2.0	12.0	V7/V	True	('A', 'C', 'E-', 'F')	A	F	1.0	dominant seventh chord	(0, 3, 5, 9)	E-	B-	5	5
32.0	32	0.5	1/2	9	F3	53	True	spine_0	1	9.0	2.0	12.0	V7/V	True	('A', 'C', 'E-', 'F')	A	F	1.0	dominant seventh chord	(0, 3, 5, 9)	E-	B-	5	5
32.0	32	0.5	1/2	9	A3	57	True	spine_0	1	9.0	2.0	12.0	V7/V	True	('A', 'C', 'E-', 'F')	A	F	1.0	dominant seventh chord	(0, 3, 5, 9)	E-	B-	5	5
32.5	65/2	0.5	1/2	9	E-3	51	True	spine_0	1	9.0	2.0	12.0	V7/V	False	('A', 'C', 'E-', 'F')	A	F	1.0	dominant seventh chord	(0, 3, 5, 9)	E-	B-	5	5
32.5	65/2	0.5	1/2	9	G4	67	True	spine_0	1	9.0	2.0	12.0	V7/V	False	('A', 'C', 'E-', 'F')	A	F	1.0	dominant seventh chord	(0, 3, 5, 9)	E-	B-	5	5
33.0	33	0.5	1/2	9	D3	50	True	spine_0	1	9.0	2.0	12.0	V7/V	False	('A', 'C', 'E-', 'F')	A	F	1.0	dominant seventh chord	(0, 3, 5, 9)	E-	B-	5	5
33.0	33	0.5	1/2	9	F4	65	True	spine_0	1	9.0	2.0	12.0	V7/V	False	('A', 'C', 'E-', 'F')	A	F	1.0	dominant seventh chord	(0, 3, 5, 9)	E-	B-	5	5
33.5	67/2	0.25	1/4	9	G4	67	True	spine_0	1	9.0	2.0	12.0	V7/V	False	('A', 'C', 'E-', 'F')	A	F	1.0	dominant seventh chord	(0, 3, 5, 9)	E-	B-	5	5
33.5	67/2	0.5	1/2	9	C3	48	True	spine_0	1	9.0	2.0	12.0	V7/V	False	('A', 'C', 'E-', 'F')	A	F	1.0	dominant seventh chord	(0, 3, 5, 9)	E-	B-	5	5
33.5	67/2	0.5	1/2	9	E-4	63	True	spine_0	1	9.0	2.0	12.0	V7/V	False	('A', 'C', 'E-', 'F')	A	F	1.0	dominant seventh chord	(0, 3, 5, 9)	E-	B-	5	5
33.75	135/4	0.25	1/4	9	A4	69	True	spine_0	1	9.0	2.0	12.0	V7/V	False	('A', 'C', 'E-', 'F')	A	F	1.0	dominant seventh chord	(0, 3, 5, 9)	E-	B-	5	5
34.0	34	0.25	1/4	9	B-4	70	True	spine_0	1	9.0	2.0	13.0	V	True	('D', 'F', 'B-')	D	B-	1.0	major triad	(2, 5, 10)	E-	E-	5	None
34.0	34	1.0	1	9	B-3	58	True	spine_0	1	9.0	2.0	13.0	V	True	('D', 'F', 'B-')	D	B-	1.0	major triad	(2, 5, 10)	E-	E-	5	None
34.0	34	1.0	1	9	D4	62	True	spine_0	1	9.0	2.0	13.0	V	True	('D', 'F', 'B-')	D	B-	1.0	major triad	(2, 5, 10)	E-	E-	5	None
34.25	137/4	0.25	1/4	9	C5	72	True	spine_0	1	9.0	2.0	13.0	V	False	('D', 'F', 'B-')	D	B-	1.0	major triad	(2, 5, 10)	E-	E-	5	None
34.5	69/2	0.25	1/4	9	D5	74	True	spine_0	1	9.0	2.0	13.0	V	False	('D', 'F', 'B-')	D	B-	1.0	major triad	(2, 5, 10)	E-	E-	5	None
34.75	139/4	0.25	1/4	9	E-5	75	True	spine_0	1	9.0	2.0	13.0	V	False	('D', 'F', 'B-')	D	B-	1.0	major triad	(2, 5, 10)	E-	E-	5	None
35.0	35	0.25	1/4	9	F5	77	True	spine_0	1	9.0	2.0	13.0	V	False	('D', 'F', 'B-')	D	B-	1.0	major triad	(2, 5, 10)	E-	E-	5	None
35.25	141/4	0.25	1/4	9	G5	79	True	spine_0	1	9.0	2.0	13.0	V	False	('D', 'F', 'B-')	D	B-	1.0	major triad	(2, 5, 10)	E-	E-	5	None
35.5	71/2	0.25	1/4	9	A5	81	True	spine_0	1	9.0	2.0	13.0	V	False	('D', 'F', 'B-')	D	B-	1.0	major triad	(2, 5, 10)	E-	E-	5	None
35.75	143/4	0.25	1/4	9	B-5	82	True	spine_0	1	9.0	2.0	13.0	V	False	('D', 'F', 'B-')	D	B-	1.0	major triad	(2, 5, 10)	E-	E-	5	None
36.0	36	1.0	1	10	F5	77	True	spine_0	1	10.0	2.0	14.0	V	True	('D', 'F', 'B-')	D	B-	1.0	major triad	(2, 5, 10)	E-	E-	5	None
36.5	73/2	0.5	1/2	10	D5	74	True	spine_0	1	10.0	2.0	14.0	V	False	('D', 'F', 'B-')	D	B-	1.0	major triad	(2, 5, 10)	E-	E-	5	None
37.0	37	0.5	1/2	10	C5	72	True	spine_0	1	10.0	2.0	14.0	V	False	('D', 'F', 'B-')	D	B-	1.0	major triad	(2, 5, 10)	E-	E-	5	None
37.0	37	1.0	1	10	E-5	75	True	spine_0	1	10.0	2.0	14.0	V	False	('D', 'F', 'B-')	D	B-	1.0	major triad	(2, 5, 10)	E-	E-	5	None
37.5	75/2	0.5	1/2	10	F4	65	True	spine_0	1	10.0	2.0	14.0	V	False	('D', 'F', 'B-')	D	B-	1.0	major triad	(2, 5, 10)	E-	E-	5	None
38.0	38	0.5	1/2	10	B-4	70	True	spine_0	1	10.0	2.0	15.0	V7	True	('B-', 'D', 'F', 'A-')	B-	B-	0.0	dominant seventh chord	(2, 5, 8, 10)	E-	E-	5	None
38.0	38	0.25	1/4	10	D5	74	True	spine_0	1	10.0	2.0	15.0	V7	True	('B-', 'D', 'F', 'A-')	B-	B-	0.0	dominant seventh chord	(2, 5, 8, 10)	E-	E-	5	None
38.25	153/4	0.25	1/4	10	E-5	75	True	spine_0	1	10.0	2.0	15.0	V7	False	('B-', 'D', 'F', 'A-')	B-	B-	0.0	dominant seventh chord	(2, 5, 8, 10)	E-	E-	5	None
38.5	77/2	0.5	1/2	10	B-3	58	True	spine_0	1	10.0	2.0	15.0	V7	False	('B-', 'D', 'F', 'A-')	B-	B-	0.0	dominant seventh chord	(2, 5, 8, 10)	E-	E-	5	None
38.5	77/2	0.25	1/4	10	F5	77	True	spine_0	1	10.0	2.0	15.0	V7	False	('B-', 'D', 'F', 'A-')	B-	B-	0.0	dominant seventh chord	(2, 5, 8, 10)	E-	E-	5	None
38.75	155/4	0.25	1/4	10	G5	79	True	spine_0	1	10.0	2.0	15.0	V7	False	('B-', 'D', 'F', 'A-')	B-	B-	0.0	dominant seventh chord	(2, 5, 8, 10)	E-	E-	5	None
39.0	39	0.25	1/4	10	A-5	80	True	spine_0	1	10.0	2.0	15.0	V7	False	('B-', 'D', 'F', 'A-')	B-	B-	0.0	dominant seventh chord	(2, 5, 8, 10)	E-	E-	5	None
39.25	157/4	0.25	1/4	10	F5	77	True	spine_0	1	10.0	2.0	15.0	V7	False	('B-', 'D', 'F', 'A-')	B-	B-	0.0	dominant seventh chord	(2, 5, 8, 10)	E-	E-	5	None
39.5	79/2	0.5	1/2	10	B-3	58	True	spine_0	1	10.0	2.0	15.0	V7	False	('B-', 'D', 'F', 'A-')	B-	B-	0.0	dominant seventh chord	(2, 5, 8, 10)	E-	E-	5	None
39.5	79/2	0.25	1/4	10	D5	74	True	spine_0	1	10.0	2.0	15.0	V7	False	('B-', 'D', 'F', 'A-')	B-	B-	0.0	dominant seventh chord	(2, 5, 8, 10)	E-	E-	5	None
39.75	159/4	0.25	1/4	10	A-4	68	True	spine_0	1	10.0	2.0	15.0	V7	False	('B-', 'D', 'F', 'A-')	B-	B-	0.0	dominant seventh chord	(2, 5, 8, 10)	E-	E-	5	None
40.0	40	1.0	1	11	B-4	70	True	spine_0	1	11.0	2.0	16.0	I	True	('E-', 'G', 'B-')	E-	E-	0.0	major triad	(3, 7, 10)	E-	E-	1	None
40.0	40	1.0	1	11	G4	67	True	spine_0	1	11.0	2.0	16.0	I	True	('E-', 'G', 'B-')	E-	E-	0.0	major triad	(3, 7, 10)	E-	E-	1	None
40.0	40	1.0	1	11	G4	67	True	spine_0	1	11.0	2.0	16.0	I	True	('E-', 'G', 'B-')	E-	E-	0.0	major triad	(3, 7, 10)	E-	E-	1	None
40.0	40	0.5	1/2	11	E-3	51	True	spine_0	1	11.0	2.0	16.0	I	True	('E-', 'G', 'B-')	E-	E-	0.0	major triad	(3, 7, 10)	E-	E-	1	None
40.5	81/2	0.5	1/2	11	E-2	39	True	spine_0	1	11.0	2.0	16.0	I	False	('E-', 'G', 'B-')	E-	E-	0.0	major triad	(3, 7, 10)	E-	E-	1	None
41.0	41	0.25	1/4	11	C5	72	True	spine_0	1	11.0	2.0	16.0	I	False	('E-', 'G', 'B-')	E-	E-	0.0	major triad	(3, 7, 10)	E-	E-	1	None
41.0	41	0.25	1/4	11	A-4	68	True	spine_0	1	11.0	2.0	16.0	I	False	('E-', 'G', 'B-')	E-	E-	0.0	major triad	(3, 7, 10)	E-	E-	1	None
41.25	165/4	0.25	1/4	11	A-4	68	True	spine_0	1	11.0	2.0	16.0	I	False	('E-', 'G', 'B-')	E-	E-	0.0	major triad	(3, 7, 10)	E-	E-	1	None
41.25	165/4	0.25	1/4	11	F4	65	True	spine_0	1	11.0	2.0	16.0	I	False	('E-', 'G', 'B-')	E-	E-	0.0	major triad	(3, 7, 10)	E-	E-	1	None
41.5	83/2	0.25	1/4	11	C5	72	True	spine_0	1	11.0	2.0	16.0	I	False	('E-', 'G', 'B-')	E-	E-	0.0	major triad	(3, 7, 10)	E-	E-	1	None
41.5	83/2	0.25	1/4	11	A-4	68	True	spine_0	1	11.0	2.0	16.0	I	False	('E-', 'G', 'B-')	E-	E-	0.0	major triad	(3, 7, 10)	E-	E-	1	None
41.75	167/4	0.25	1/4	11	A-4	68	True	spine_0	1	11.0	2.0	16.0	I	False	('E-', 'G', 'B-')	E-	E-	0.0	major triad	(3, 7, 10)	E-	E-	1	None
41.75	167/4	0.25	1/4	11	F4	65	True	spine_0	1	11.0	2.0	16.0	I	False	('E-', 'G', 'B-')	E-	E-	0.0	major triad	(3, 7, 10)	E-	E-	1	None
42.0	42	1.0	1	11	G4	67	True	spine_0	1	11.0	2.0	17.0	I	True	('G', 'B-', 'E-')	G	E-	1.0	major triad	(3, 7, 10)	E-	E-	1	None
42.0	42	1.0	1	11	B-5	82	True	spine_0	1	11.0	2.0	17.0	I	True	('G', 'B-', 'E-')	G	E-	1.0	major triad	(3, 7, 10)	E-	E-	1	None
42.0	42	0.5	1/2	11	E-4	63	True	spine_0	1	11.0	2.0	17.0	I	True	('G', 'B-', 'E-')	G	E-	1.0	major triad	(3, 7, 10)	E-	E-	1	None
42.0	42	1.0	1	11	G4	67	True	spine_0	1	11.0	2.0	17.0	I	True	('G', 'B-', 'E-')	G	E-	1.0	major triad	(3, 7, 10)	E-	E-	1	None
42.5	85/2	0.5	1/2	11	E-3	51	True	spine_0	1	11.0	2.0	17.0	I	False	('G', 'B-', 'E-')	G	E-	1.0	major triad	(3, 7, 10)	E-	E-	1	None
43.0	43	0.25	1/4	11	C6	84	True	spine_0	1	11.0	2.0	17.0	I	False	('G', 'B-', 'E-')	G	E-	1.0	major triad	(3, 7, 10)	E-	E-	1	None
43.0	43	0.25	1/4	11	A-4	68	True	spine_0	1	11.0	2.0	17.0	I	False	('G', 'B-', 'E-')	G	E-	1.0	major triad	(3, 7, 10)	E-	E-	1	None
43.25	173/4	0.25	1/4	11	A-5	80	True	spine_0	1	11.0	2.0	17.0	I	False	('G', 'B-', 'E-')	G	E-	1.0	major triad	(3, 7, 10)	E-	E-	1	None
43.25	173/4	0.25	1/4	11	F4	65	True	spine_0	1	11.0	2.0	17.0	I	False	('G', 'B-', 'E-')	G	E-	1.0	major triad	(3, 7, 10)	E-	E-	1	None
43.5	87/2	0.25	1/4	11	C6	84	True	spine_0	1	11.0	2.0	17.0	I	False	('G', 'B-', 'E-')	G	E-	1.0	major triad	(3, 7, 10)	E-	E-	1	None
43.5	87/2	0.25	1/4	11	A-4	68	True	spine_0	1	11.0	2.0	17.0	I	False	('G', 'B-', 'E-')	G	E-	1.0	major triad	(3, 7, 10)	E-	E-	1	None
43.75	175/4	0.25	1/4	11	A-5	80	True	spine_0	1	11.0	2.0	17.0	I	False	('G', 'B-', 'E-')	G	E-	1.0	major triad	(3, 7, 10)	E-	E-	1	None
43.75	175/4	0.25	1/4	11	F4	65	True	spine_0	1	11.0	2.0	17.0	I	False	('G', 'B-', 'E-')	G	E-	1.0	major triad	(3, 7, 10)	E-	E-	1	None
44.0	44	1.0	1	12	G5	79	True	spine_0	1	12.0	4.0	18.0	I	True	('E-', 'G', 'B-')	E-	E-	0.0	major triad	(3, 7, 10)	E-	E-	1	None
44.0	44	1.0	1	12	G5	79	True	spine_0	1	12.0	4.0	18.0	I	True	('E-', 'G', 'B-')	E-	E-	0.0	major triad	(3, 7, 10)	E-	E-	1	None
44.0	44	1.0	1	12	B-4	70	True	spine_0	1	12.0	4.0	18.0	I	True	('E-', 'G', 'B-')	E-	E-	0.0	major triad	(3, 7, 10)	E-	E-	1	None
44.0	44	0.5	1/2	12	E-4	63	True	spine_0	1	12.0	4.0	18.0	I	True	('E-', 'G', 'B-')	E-	E-	0.0	major triad	(3, 7, 10)	E-	E-	1	None
44.5	89/2	0.5	1/2	12	E-3	51	True	spine_0	1	12.0	4.0	18.0	I	False	('E-', 'G', 'B-')	E-	E-	0.0	major triad	(3, 7, 10)	E-	E-	1	None
45.0	45	0.25	1/4	12	A-5	80	True	spine_0	1	12.0	4.0	18.0	I	False	('E-', 'G', 'B-')	E-	E-	0.0	major triad	(3, 7, 10)	E-	E-	1	None
45.0	45	0.25	1/4	12	C5	72	True	spine_0	1	12.0	4.0	18.0	I	False	('E-', 'G', 'B-')	E-	E-	0.0	major triad	(3, 7, 10)	E-	E-	1	None
45.25	181/4	0.25	1/4	12	F5	77	True	spine_0	1	12.0	4.0	18.0	I	False	('E-', 'G', 'B-')	E-	E-	0.0	major triad	(3, 7, 10)	E-	E-	1	None
45.25	181/4	0.25	1/4	12	A-4	68	True	spine_0	1	12.0	4.0	18.0	I	False	('E-', 'G', 'B-')	E-	E-	0.0	major triad	(3, 7, 10)	E-	E-	1	None
45.5	91/2	0.25	1/4	12	A-5	80	True	spine_0	1	12.0	4.0	18.0	I	False	('E-', 'G', 'B-')	E-	E-	0.0	major triad	(3, 7, 10)	E-	E-	1	None
45.5	91/2	0.25	1/4	12	C5	72	True	spine_0	1	12.0	4.0	18.0	I	False	('E-', 'G', 'B-')	E-	E-	0.0	major triad	(3, 7, 10)	E-	E-	1	None
45.75	183/4	0.25	1/4	12	F5	77	True	spine_0	1	12.0	4.0	18.0	I	False	('E-', 'G', 'B-')	E-	E-	0.0	major triad	(3, 7, 10)	E-	E-	1	None
45.75	183/4	0.25	1/4	12	A-4	68	True	spine_0	1	12.0	4.0	18.0	I	False	('E-', 'G', 'B-')	E-	E-	0.0	major triad	(3, 7, 10)	E-	E-	1	None
46.0	46	0.25	1/4	12	E-5	75	True	spine_0	1	12.0	4.0	18.0	I	False	('E-', 'G', 'B-')	E-	E-	0.0	major triad	(3, 7, 10)	E-	E-	1	None
46.0	46	0.25	1/4	12	E-5	75	True	spine_0	1	12.0	4.0	18.0	I	False	('E-', 'G', 'B-')	E-	E-	0.0	major triad	(3, 7, 10)	E-	E-	1	None
46.0	46	0.25	1/4	12	G4	67	True	spine_0	1	12.0	4.0	18.0	I	False	('E-', 'G', 'B-')	E-	E-	0.0	major triad	(3, 7, 10)	E-	E-	1	None
46.0	46	0.25	1/4	12	E-4	63	True	spine_0	1	12.0	4.0	18.0	I	False	('E-', 'G', 'B-')	E-	E-	0.0	major triad	(3, 7, 10)	E-	E-	1	None
46.25	185/4	0.25	1/4	12	D5	74	True	spine_0	1	12.0	4.0	18.0	I	False	('E-', 'G', 'B-')	E-	E-	0.0	major triad	(3, 7, 10)	E-	E-	1	None
46.25	185/4	0.25	1/4	12	D5	74	True	spine_0	1	12.0	4.0	18.0	I	False	('E-', 'G', 'B-')	E-	E-	0.0	major triad	(3, 7, 10)	E-	E-	1	None
46.25	185/4	0.25	1/4	12	D5	74	True	spine_0	1	12.0	4.0	18.0	I	False	('E-', 'G', 'B-')	E-	E-	0.0	major triad	(3, 7, 10)	E-	E-	1	None
46.25	185/4	0.25	1/4	12	D4	62	True	spine_0	1	12.0	4.0	18.0	I	False	('E-', 'G', 'B-')	E-	E-	0.0	major triad	(3, 7, 10)	E-	E-	1	None
46.5	93/2	0.25	1/4	12	E-5	75	True	spine_0	1	12.0	4.0	18.0	I	False	('E-', 'G', 'B-')	E-	E-	0.0	major triad	(3, 7, 10)	E-	E-	1	None
46.5	93/2	0.25	1/4	12	E-5	75	True	spine_0	1	12.0	4.0	18.0	I	False	('E-', 'G', 'B-')	E-	E-	0.0	major triad	(3, 7, 10)	E-	E-	1	None
46.5	93/2	0.25	1/4	12	E-5	75	True	spine_0	1	12.0	4.0	18.0	I	False	('E-', 'G', 'B-')	E-	E-	0.0	major triad	(3, 7, 10)	E-	E-	1	None
46.5	93/2	0.25	1/4	12	E-4	63	True	spine_0	1	12.0	4.0	18.0	I	False	('E-', 'G', 'B-')	E-	E-	0.0	major triad	(3, 7, 10)	E-	E-	1	None
46.75	187/4	0.25	1/4	12	B-4	70	True	spine_0	1	12.0	4.0	18.0	I	False	('E-', 'G', 'B-')	E-	E-	0.0	major triad	(3, 7, 10)	E-	E-	1	None
46.75	187/4	0.25	1/4	12	B-4	70	True	spine_0	1	12.0	4.0	18.0	I	False	('E-', 'G', 'B-')	E-	E-	0.0	major triad	(3, 7, 10)	E-	E-	1	None
46.75	187/4	0.25	1/4	12	B-4	70	True	spine_0	1	12.0	4.0	18.0	I	False	('E-', 'G', 'B-')	E-	E-	0.0	major triad	(3, 7, 10)	E-	E-	1	None
46.75	187/4	0.25	1/4	12	B-3	58	True	spine_0	1	12.0	4.0	18.0	I	False	('E-', 'G', 'B-')	E-	E-	0.0	major triad	(3, 7, 10)	E-	E-	1	None
47.0	47	0.25	1/4	12	A-4	68	True	spine_0	1	12.0	4.0	18.0	I	False	('E-', 'G', 'B-')	E-	E-	0.0	major triad	(3, 7, 10)	E-	E-	1	None
47.0	47	0.25	1/4	12	A-4	68	True	spine_0	1	12.0	4.0	18.0	I	False	('E-', 'G', 'B-')	E-	E-	0.0	major triad	(3, 7, 10)	E-	E-	1	None
47.0	47	0.25	1/4	12	A-4	68	True	spine_0	1	12.0	4.0	18.0	I	False	('E-', 'G', 'B-')	E-	E-	0.0	major triad	(3, 7, 10)	E-	E-	1	None
47.0	47	0.25	1/4	12	A-3	56	True	spine_0	1	12.0	4.0	18.0	I	False	('E-', 'G', 'B-')	E-	E-	0.0	major triad	(3, 7, 10)	E-	E-	1	None
47.25	189/4	0.25	1/4	12	G4	67	True	spine_0	1	12.0	4.0	18.0	I	False	('E-', 'G', 'B-')	E-	E-	0.0	major triad	(3, 7, 10)	E-	E-	1	None
47.25	189/4	0.25	1/4	12	G4	67	True	spine_0	1	12.0	4.0	18.0	I	False	('E-', 'G', 'B-')	E-	E-	0.0	major triad	(3, 7, 10)	E-	E-	1	None
47.25	189/4	0.25	1/4	12	G4	67	True	spine_0	1	12.0	4.0	18.0	I	False	('E-', 'G', 'B-')	E-	E-	0.0	major triad	(3, 7, 10)	E-	E-	1	None
47.25	189/4	0.25	1/4	12	G3	55	True	spine_0	1	12.0	4.0	18.0	I	False	('E-', 'G', 'B-')	E-	E-	0.0	major triad	(3, 7, 10)	E-	E-	1	None
47.5	95/2	0.25	1/4	12	F4	65	True	spine_0	1	12.0	4.0	18.0	I	False	('E-', 'G', 'B-')	E-	E-	0.0	major triad	(3, 7, 10)	E-	E-	1	None
47.5	95/2	0.25	1/4	12	F4	65	True	spine_0	1	12.0	4.0	18.0	I	False	('E-', 'G', 'B-')	E-	E-	0.0	major triad	(3, 7, 10)	E-	E-	1	None
47.5	95/2	0.25	1/4	12	F4	65	True	spine_0	1	12.0	4.0	18.0	I	False	('E-', 'G', 'B-')	E-	E-	0.0	major triad	(3, 7, 10)	E-	E-	1	None
47.5	95/2	0.25	1/4	12	F3	53	True	spine_0	1	12.0	4.0	18.0	I	False	('E-', 'G', 'B-')	E-	E-	0.0	major triad	(3, 7, 10)	E-	E-	1	None
47.75	191/4	0.25	1/4	12	E-4	63	True	spine_0	1	12.0	4.0	18.0	I	False	('E-', 'G', 'B-')	E-	E-	0.0	major triad	(3, 7, 10)	E-	E-	1	None
47.75	191/4	0.25	1/4	12	E-4	63	True	spine_0	1	12.0	4.0	18.0	I	False	('E-', 'G', 'B-')	E-	E-	0.0	major triad	(3, 7, 10)	E-	E-	1	None
47.75	191/4	0.25	1/4	12	E-4	63	True	spine_0	1	12.0	4.0	18.0	I	False	('E-', 'G', 'B-')	E-	E-	0.0	major triad	(3, 7, 10)	E-	E-	1	None
47.75	191/4	0.25	1/4	12	E-3	51	True	spine_0	1	12.0	4.0	18.0	I	False	('E-', 'G', 'B-')	E-	E-	0.0	major triad	(3, 7, 10)	E-	E-	1	None
48.0	48	0.5	1/2	13	D4	62	True	spine_0	1	13.0	2.0	19.0	V	True	('D', 'F', 'B-')	D	B-	1.0	major triad	(2, 5, 10)	E-	E-	5	None
48.0	48	0.5	1/2	13	D4	62	True	spine_0	1	13.0	2.0	19.0	V	True	('D', 'F', 'B-')	D	B-	1.0	major triad	(2, 5, 10)	E-	E-	5	None
48.0	48	0.5	1/2	13	D4	62	True	spine_0	1	13.0	2.0	19.0	V	True	('D', 'F', 'B-')	D	B-	1.0	major triad	(2, 5, 10)	E-	E-	5	None
48.0	48	0.5	1/2	13	D3	50	True	spine_0	1	13.0	2.0	19.0	V	True	('D', 'F', 'B-')	D	B-	1.0	major triad	(2, 5, 10)	E-	E-	5	None
48.5	97/2	0.5	1/2	13	B-4	70	True	spine_0	1	13.0	2.0	19.0	V	False	('D', 'F', 'B-')	D	B-	1.0	major triad	(2, 5, 10)	E-	E-	5	None
48.5	97/2	0.5	1/2	13	B-4	70	True	spine_0	1	13.0	2.0	19.0	V	False	('D', 'F', 'B-')	D	B-	1.0	major triad	(2, 5, 10)	E-	E-	5	None
48.5	97/2	0.5	1/2	13	B-4	70	True	spine_0	1	13.0	2.0	19.0	V	False	('D', 'F', 'B-')	D	B-	1.0	major triad	(2, 5, 10)	E-	E-	5	None
48.5	97/2	0.5	1/2	13	B-3	58	True	spine_0	1	13.0	2.0	19.0	V	False	('D', 'F', 'B-')	D	B-	1.0	major triad	(2, 5, 10)	E-	E-	5	None
49.0	49	0.5	1/2	13	B-4	70	True	spine_0	1	13.0	2.0	19.0	V	False	('D', 'F', 'B-')	D	B-	1.0	major triad	(2, 5, 10)	E-	E-	5	None
49.0	49	0.5	1/2	13	B-4	70	True	spine_0	1	13.0	2.0	19.0	V	False	('D', 'F', 'B-')	D	B-	1.0	major triad	(2, 5, 10)	E-	E-	5	None
49.0	49	0.5	1/2	13	B-4	70	True	spine_0	1	13.0	2.0	19.0	V	False	('D', 'F', 'B-')	D	B-	1.0	major triad	(2, 5, 10)	E-	E-	5	None
49.0	49	0.5	1/2	13	B-3	58	True	spine_0	1	13.0	2.0	19.0	V	False	('D', 'F', 'B-')	D	B-	1.0	major triad	(2, 5, 10)	E-	E-	5	None
49.5	99/2	0.5	1/2	13	B-4	70	True	spine_0	1	13.0	2.0	19.0	V	False	('D', 'F', 'B-')	D	B-	1.0	major triad	(2, 5, 10)	E-	E-	5	None
49.5	99/2	0.5	1/2	13	B-4	70	True	spine_0	1	13.0	2.0	19.0	V	False	('D', 'F', 'B-')	D	B-	1.0	major triad	(2, 5, 10)	E-	E-	5	None
49.5	99/2	0.5	1/2	13	B-4	70	True	spine_0	1	13.0	2.0	19.0	V	False	('D', 'F', 'B-')	D	B-	1.0	major triad	(2, 5, 10)	E-	E-	5	None
49.5	99/2	0.5	1/2	13	B-3	58	True	spine_0	1	13.0	2.0	19.0	V	False	('D', 'F', 'B-')	D	B-	1.0	major triad	(2, 5, 10)	E-	E-	5	None
50.0	50	0.25	1/4	13	E-5	75	True	spine_0	1	13.0	2.0	20.0	I	True	('E-', 'G', 'B-')	E-	E-	0.0	major triad	(3, 7, 10)	E-	E-	1	None
50.0	50	0.25	1/4	13	E-5	75	True	spine_0	1	13.0	2.0	20.0	I	True	('E-', 'G', 'B-')	E-	E-	0.0	major triad	(3, 7, 10)	E-	E-	1	None
50.0	50	0.25	1/4	13	E-5	75	True	spine_0	1	13.0	2.0	20.0	I	True	('E-', 'G', 'B-')	E-	E-	0.0	major triad	(3, 7, 10)	E-	E-	1	None
50.0	50	0.25	1/4	13	E-4	63	True	spine_0	1	13.0	2.0	20.0	I	True	('E-', 'G', 'B-')	E-	E-	0.0	major triad	(3, 7, 10)	E-	E-	1	None
50.25	201/4	0.25	1/4	13	D5	74	True	spine_0	1	13.0	2.0	20.0	I	False	('E-', 'G', 'B-')	E-	E-	0.0	major triad	(3, 7, 10)	E-	E-	1	None
50.25	201/4	0.25	1/4	13	D5	74	True	spine_0	1	13.0	2.0	20.0	I	False	('E-', 'G', 'B-')	E-	E-	0.0	major triad	(3, 7, 10)	E-	E-	1	None
50.25	201/4	0.25	1/4	13	D5	74	True	spine_0	1	13.0	2.0	20.0	I	False	('E-', 'G', 'B-')	E-	E-	0.0	major triad	(3, 7, 10)	E-	E-	1	None
50.25	201/4	0.25	1/4	13	D4	62	True	spine_0	1	13.0	2.0	20.0	I	False	('E-', 'G', 'B-')	E-	E-	0.0	major triad	(3, 7, 10)	E-	E-	1	None
50.5	101/2	0.25	1/4	13	E-5	75	True	spine_0	1	13.0	2.0	20.0	I	False	('E-', 'G', 'B-')	E-	E-	0.0	major triad	(3, 7, 10)	E-	E-	1	None
50.5	101/2	0.25	1/4	13	E-5	75	True	spine_0	1	13.0	2.0	20.0	I	False	('E-', 'G', 'B-')	E-	E-	0.0	major triad	(3, 7, 10)	E-	E-	1	None
50.5	101/2	0.25	1/4	13	E-5	75	True	spine_0	1	13.0	2.0	20.0	I	False	('E-', 'G', 'B-')	E-	E-	0.0	major triad	(3, 7, 10)	E-	E-	1	None
50.5	101/2	0.25	1/4	13	E-4	63	True	spine_0	1	13.0	2.0	20.0	I	False	('E-', 'G', 'B-')	E-	E-	0.0	major triad	(3, 7, 10)	E-	E-	1	None
50.75	203/4	0.25	1/4	13	B-4	70	True	spine_0	1	13.0	2.0	20.0	I	False	('E-', 'G', 'B-')	E-	E-	0.0	major triad	(3, 7, 10)	E-	E-	1	None
50.75	203/4	0.25	1/4	13	B-4	70	True	spine_0	1	13.0	2.0	20.0	I	False	('E-', 'G', 'B-')	E-	E-	0.0	major triad	(3, 7, 10)	E-	E-	1	None
50.75	203/4	0.25	1/4	13	B-4	70	True	spine_0	1	13.0	2.0	20.0	I	False	('E-', 'G', 'B-')	E-	E-	0.0	major triad	(3, 7, 10)	E-	E-	1	None
50.75	203/4	0.25	1/4	13	B-3	58	True	spine_0	1	13.0	2.0	20.0	I	False	('E-', 'G', 'B-')	E-	E-	0.0	major triad	(3, 7, 10)	E-	E-	1	None
51.0	51	0.25	1/4	13	A-4	68	True	spine_0	1	13.0	2.0	20.0	I	False	('E-', 'G', 'B-')	E-	E-	0.0	major triad	(3, 7, 10)	E-	E-	1	None
51.0	51	0.25	1/4	13	A-4	68	True	spine_0	1	13.0	2.0	20.0	I	False	('E-', 'G', 'B-')	E-	E-	0.0	major triad	(3, 7, 10)	E-	E-	1	None
51.0	51	0.25	1/4	13	A-4	68	True	spine_0	1	13.0	2.0	20.0	I	False	('E-', 'G', 'B-')	E-	E-	0.0	major triad	(3, 7, 10)	E-	E-	1	None
51.0	51	0.25	1/4	13	A-3	56	True	spine_0	1	13.0	2.0	20.0	I	False	('E-', 'G', 'B-')	E-	E-	0.0	major triad	(3, 7, 10)	E-	E-	1	None
51.25	205/4	0.25	1/4	13	G4	67	True	spine_0	1	13.0	2.0	20.0	I	False	('E-', 'G', 'B-')	E-	E-	0.0	major triad	(3, 7, 10)	E-	E-	1	None
51.25	205/4	0.25	1/4	13	G4	67	True	spine_0	1	13.0	2.0	20.0	I	False	('E-', 'G', 'B-')	E-	E-	0.0	major triad	(3, 7, 10)	E-	E-	1	None
51.25	205/4	0.25	1/4	13	G4	67	True	spine_0	1	13.0	2.0	20.0	I	False	('E-', 'G', 'B-')	E-	E-	0.0	major triad	(3, 7, 10)	E-	E-	1	None
51.25	205/4	0.25	1/4	13	G3	55	True	spine_0	1	13.0	2.0	20.0	I	False	('E-', 'G', 'B-')	E-	E-	0.0	major triad	(3, 7, 10)	E-	E-	1	None
51.5	103/2	0.25	1/4	13	F4	65	True	spine_0	1	13.0	2.0	20.0	I	False	('E-', 'G', 'B-')	E-	E-	0.0	major triad	(3, 7, 10)	E-	E-	1	None
51.5	103/2	0.25	1/4	13	F4	65	True	spine_0	1	13.0	2.0	20.0	I	False	('E-', 'G', 'B-')	E-	E-	0.0	major triad	(3, 7, 10)	E-	E-	1	None
51.5	103/2	0.25	1/4	13	F4	65	True	spine_0	1	13.0	2.0	20.0	I	False	('E-', 'G', 'B-')	E-	E-	0.0	major triad	(3, 7, 10)	E-	E-	1	None
51.5	103/2	0.25	1/4	13	F3	53	True	spine_0	1	13.0	2.0	20.0	I	False	('E-', 'G', 'B-')	E-	E-	0.0	major triad	(3, 7, 10)	E-	E-	1	None
51.75	207/4	0.25	1/4	13	E-4	63	True	spine_0	1	13.0	2.0	20.0	I	False	('E-', 'G', 'B-')	E-	E-	0.0	major triad	(3, 7, 10)	E-	E-	1	None
51.75	207/4	0.25	1/4	13	E-4	63	True	spine_0	1	13.0	2.0	20.0	I	False	('E-', 'G', 'B-')	E-	E-	0.0	major triad	(3, 7, 10)	E-	E-	1	None
51.75	207/4	0.25	1/4	13	E-4	63	True	spine_0	1	13.0	2.0	20.0	I	False	('E-', 'G', 'B-')	E-	E-	0.0	major triad	(3, 7, 10)	E-	E-	1	None
51.75	207/4	0.25	1/4	13	E-3	51	True	spine_0	1	13.0	2.0	20.0	I	False	('E-', 'G', 'B-')	E-	E-	0.0	major triad	(3, 7, 10)	E-	E-	1	None
52.0	52	0.5	1/2	14	D4	62	True	spine_0	1	14.0	2.0	21.0	V	True	('D', 'F', 'B-')	D	B-	1.0	major triad	(2, 5, 10)	E-	E-	5	None
52.0	52	1.0	1	14	D4	62	True	spine_0	1	14.0	2.0	21.0	V	True	('D', 'F', 'B-')	D	B-	1.0	major triad	(2, 5, 10)	E-	E-	5	None
52.0	52	1.0	1	14	D4	62	True	spine_0	1	14.0	2.0	21.0	V	True	('D', 'F', 'B-')	D	B-	1.0	major triad	(2, 5, 10)	E-	E-	5	None
52.0	52	2.0	2	14	D3	50	True	spine_0	1	14.0	2.0	21.0	V	True	('D', 'F', 'B-')	D	B-	1.0	major triad	(2, 5, 10)	E-	E-	5	None
52.5	105/2	0.5	1/2	14	B-4	70	True	spine_0	1	14.0	2.0	21.0	V	False	('D', 'F', 'B-')	D	B-	1.0	major triad	(2, 5, 10)	E-	E-	5	None
53.0	53	0.5	1/2	14	B-4	70	True	spine_0	1	14.0	2.0	21.0	V	False	('D', 'F', 'B-')	D	B-	1.0	major triad	(2, 5, 10)	E-	E-	5	None
53.0	53	2.0	2	14	B-4	70	True	spine_0	1	14.0	2.0	21.0	V	False	('D', 'F', 'B-')	D	B-	1.0	major triad	(2, 5, 10)	E-	E-	5	None
53.0	53	1.0	1	14	F4	65	True	spine_0	1	14.0	2.0	21.0	V	False	('D', 'F', 'B-')	D	B-	1.0	major triad	(2, 5, 10)	E-	E-	5	None
53.5	107/2	0.5	1/2	14	B-4	70	True	spine_0	1	14.0	2.0	21.0	V	False	('D', 'F', 'B-')	D	B-	1.0	major triad	(2, 5, 10)	E-	E-	5	None
54.0	54	0.5	1/2	14	E-5	75	True	spine_0	1	14.0	1.0	22.0	vi	True	('C', 'E-', 'G')	C	C	0.0	minor triad	(0, 3, 7)	E-	E-	6	None
54.0	54	1.0	1	14	G4	67	True	spine_0	1	14.0	1.0	22.0	vi	True	('C', 'E-', 'G')	C	C	0.0	minor triad	(0, 3, 7)	E-	E-	6	None
54.0	54	1.0	1	14	C3	48	True	spine_0	1	14.0	1.0	22.0	vi	True	('C', 'E-', 'G')	C	C	0.0	minor triad	(0, 3, 7)	E-	E-	6	None
54.5	109/2	0.5	1/2	14	E-5	75	True	spine_0	1	14.0	1.0	22.0	vi	False	('C', 'E-', 'G')	C	C	0.0	minor triad	(0, 3, 7)	E-	E-	6	None
55.0	55	0.5	1/2	14	E-5	75	True	spine_0	1	14.0	1.0	23.0	V7/V	True	('F', 'A', 'C', 'E-')	F	F	0.0	dominant seventh chord	(0, 3, 5, 9)	E-	B-	5	5
55.0	55	0.5	1/2	14	A4	69	True	spine_0	1	14.0	1.0	23.0	V7/V	True	('F', 'A', 'C', 'E-')	F	F	0.0	dominant seventh chord	(0, 3, 5, 9)	E-	B-	5	5
55.0	55	0.5	1/2	14	C4	60	True	spine_0	1	14.0	1.0	23.0	V7/V	True	('F', 'A', 'C', 'E-')	F	F	0.0	dominant seventh chord	(0, 3, 5, 9)	E-	B-	5	5
55.0	55	1.0	1	14	F3	53	True	spine_0	1	14.0	1.0	23.0	V7/V	True	('F', 'A', 'C', 'E-')	F	F	0.0	dominant seventh chord	(0, 3, 5, 9)	E-	B-	5	5
55.5	111/2	0.5	1/2	14	E-5	75	True	spine_0	1	14.0	1.0	23.0	V7/V	False	('F', 'A', 'C', 'E-')	F	F	0.0	dominant seventh chord	(0, 3, 5, 9)	E-	B-	5	5
55.5	111/2	0.5	1/2	14	C5	72	True	spine_0	1	14.0	1.0	23.0	V7/V	False	('F', 'A', 'C', 'E-')	F	F	0.0	dominant seventh chord	(0, 3, 5, 9)	E-	B-	5	5
55.5	111/2	0.5	1/2	14	A4	69	True	spine_0	1	14.0	1.0	23.0	V7/V	False	('F', 'A', 'C', 'E-')	F	F	0.0	dominant seventh chord	(0, 3, 5, 9)	E-	B-	5	5
56.0	56	2.0	2	15	E-5	75	True	spine_0	1	15.0	4.0	24.0	V	True	('B-', 'D', 'F')	B-	B-	0.0	major triad	(2, 5, 10)	E-	E-	5	None
56.0	56	2.0	2	15	C5	72	True	spine_0	1	15.0	4.0	24.0	V	True	('B-', 'D', 'F')	B-	B-	0.0	major triad	(2, 5, 10)	E-	E-	5	None
56.0	56	2.0	2	15	A4	69	True	spine_0	1	15.0	4.0	24.0	V	True	('B-', 'D', 'F')	B-	B-	0.0	major triad	(2, 5, 10)	E-	E-	5	None
56.0	56	2.0	2	15	B-2	46	True	spine_0	1	15.0	4.0	24.0	V	True	('B-', 'D', 'F')	B-	B-	0.0	major triad	(2, 5, 10)	E-	E-	5	None
58.0	58	1.0	1	15	D5	74	True	spine_0	1	15.0	4.0	24.0	V	False	('B-', 'D', 'F')	B-	B-	0.0	major triad	(2, 5, 10)	E-	E-	5	None
58.0	58	1.0	1	15	B-4	70	True	spine_0	1	15.0	4.0	24.0	V	False	('B-', 'D', 'F')	B-	B-	0.0	major triad	(2, 5, 10)	E-	E-	5	None
58.0	58	1.0	1	15	B-4	70	True	spine_0	1	15.0	4.0	24.0	V	False	('B-', 'D', 'F')	B-	B-	0.0	major triad	(2, 5, 10)	E-	E-	5	None
58.0	58	1.0	1	15	B-2	46	False	spine_0	1	15.0	4.0	24.0	V	False	('B-', 'D', 'F')	B-	B-	0.0	major triad	(2, 5, 10)	E-	E-	5	None
60.0	60	1.0	1	16	B-4	70	True	spine_0	1	16.0	2.0	25.0	I	True	('G', 'B-', 'E-')	G	E-	1.0	major triad	(3, 7, 10)	E-	E-	1	None
60.0	60	1.0	1	16	G4	67	True	spine_0	1	16.0	2.0	25.0	I	True	('G', 'B-', 'E-')	G	E-	1.0	major triad	(3, 7, 10)	E-	E-	1	None
61.0	61	0.5	1/2	16	C5	72	True	spine_0	1	16.0	2.0	25.0	I	False	('G', 'B-', 'E-')	G	E-	1.0	major triad	(3, 7, 10)	E-	E-	1	None
61.0	61	0.5	1/2	16	A-4	68	True	spine_0	1	16.0	2.0	25.0	I	False	('G', 'B-', 'E-')	G	E-	1.0	major triad	(3, 7, 10)	E-	E-	1	None
61.5	123/2	0.5	1/2	16	A-4	68	True	spine_0	1	16.0	2.0	25.0	I	False	('G', 'B-', 'E-')	G	E-	1.0	major triad	(3, 7, 10)	E-	E-	1	None
61.5	123/2	0.5	1/2	16	F4	65	True	spine_0	1	16.0	2.0	25.0	I	False	('G', 'B-', 'E-')	G	E-	1.0	major triad	(3, 7, 10)	E-	E-	1	None
62.0	62	1.5	3/2	16	D-5	73	True	spine_0	1	16.0	2.0	26.0	V7/ii	True	('B-', 'C', 'E', 'G')	B-	C	3.0	dominant seventh chord	(0, 4, 7, 10)	E-	f	5	2
62.0	62	2.0	2	16	G4	67	True	spine_0	1	16.0	2.0	26.0	V7/ii	True	('B-', 'C', 'E', 'G')	B-	C	3.0	dominant seventh chord	(0, 4, 7, 10)	E-	f	5	2
62.0	62	2.0	2	16	E4	64	True	spine_0	1	16.0	2.0	26.0	V7/ii	True	('B-', 'C', 'E', 'G')	B-	C	3.0	dominant seventh chord	(0, 4, 7, 10)	E-	f	5	2
62.0	62	2.0	2	16	B-3	58	True	spine_0	1	16.0	2.0	26.0	V7/ii	True	('B-', 'C', 'E', 'G')	B-	C	3.0	dominant seventh chord	(0, 4, 7, 10)	E-	f	5	2
63.5	127/2	0.5	1/2	16	C5	72	True	spine_0	1	16.0	2.0	26.0	V7/ii	False	('B-', 'C', 'E', 'G')	B-	C	3.0	dominant seventh chord	(0, 4, 7, 10)	E-	f	5	2
64.0	64	2.0	2	17	C5	72	True	spine_0	1	17.0	2.0	27.0	V7/ii	True	('B-', 'C', 'E', 'G')	B-	C	3.0	dominant seventh chord	(0, 4, 7, 10)	E-	f	5	2
64.0	64	2.0	2	17	G4	67	False	spine_0	1	17.0	2.0	27.0	V7/ii	True	('B-', 'C', 'E', 'G')	B-	C	3.0	dominant seventh chord	(0, 4, 7, 10)	E-	f	5	2
64.0	64	2.0	2	17	E4	64	False	spine_0	1	17.0	2.0	27.0	V7/ii	True	('B-', 'C', 'E', 'G')	B-	C	3.0	dominant seventh chord	(0, 4, 7, 10)	E-	f	5	2
64.0	64	2.0	2	17	B-3	58	False	spine_0	1	17.0	2.0	27.0	V7/ii	True	('B-', 'C', 'E', 'G')	B-	C	3.0	dominant seventh chord	(0, 4, 7, 10)	E-	f	5	2
66.0	66	0.25	1/4	17	C5	72	False	spine_0	1	17.0	2.0	28.0	ii	True	('A-', 'C', 'F')	A-	F	1.0	minor triad	(0, 5, 8)	E-	E-	2	None
66.0	66	1.0	1	17	A-4	68	True	spine_0	1	17.0	2.0	28.0	ii	True	('A-', 'C', 'F')	A-	F	1.0	minor triad	(0, 5, 8)	E-	E-	2	None
66.0	66	1.0	1	17	F4	65	True	spine_0	1	17.0	2.0	28.0	ii	True	('A-', 'C', 'F')	A-	F	1.0	minor triad	(0, 5, 8)	E-	E-	2	None
66.0	66	1.0	1	17	A-3	56	True	spine_0	1	17.0	2.0	28.0	ii	True	('A-', 'C', 'F')	A-	F	1.0	minor triad	(0, 5, 8)	E-	E-	2	None
66.25	265/4	0.25	1/4	17	E5	76	True	spine_0	1	17.0	2.0	28.0	ii	False	('A-', 'C', 'F')	A-	F	1.0	minor triad	(0, 5, 8)	E-	E-	2	None
66.5	133/2	0.25	1/4	17	F5	77	True	spine_0	1	17.0	2.0	28.0	ii	False	('A-', 'C', 'F')	A-	F	1.0	minor triad	(0, 5, 8)	E-	E-	2	None
66.75	267/4	0.25	1/4	17	G5	79	True	spine_0	1	17.0	2.0	28.0	ii	False	('A-', 'C', 'F')	A-	F	1.0	minor triad	(0, 5, 8)	E-	E-	2	None
67.0	67	0.25	1/4	17	A-5	80	True	spine_0	1	17.0	2.0	28.0	ii	False	('A-', 'C', 'F')	A-	F	1.0	minor triad	(0, 5, 8)	E-	E-	2	None
67.25	269/4	0.25	1/4	17	G5	79	True	spine_0	1	17.0	2.0	28.0	ii	False	('A-', 'C', 'F')	A-	F	1.0	minor triad	(0, 5, 8)	E-	E-	2	None
67.5	135/2	0.25	1/4	17	B-5	82	True	spine_0	1	17.0	2.0	28.0	ii	False	('A-', 'C', 'F')	A-	F	1.0	minor triad	(0, 5, 8)	E-	E-	2	None
67.75	271/4	0.25	1/4	17	A-5	80	True	spine_0	1	17.0	2.0	28.0	ii	False	('A-', 'C', 'F')	A-	F	1.0	minor triad	(0, 5, 8)	E-	E-	2	None
68.0	68	0.5	1/2	18	C6	84	True	spine_0	1	18.0	4.0	29.0	ii	True	('A-', 'C', 'F')	A-	F	1.0	minor triad	(0, 5, 8)	E-	E-	2	None
68.75	275/4	0.25	1/4	18	B-5	82	True	spine_0	1	18.0	4.0	29.0	ii	False	('A-', 'C', 'F')	A-	F	1.0	minor triad	(0, 5, 8)	E-	E-	2	None
69.0	69	0.5	1/2	18	A-5	80	True	spine_0	1	18.0	4.0	29.0	ii	False	('A-', 'C', 'F')	A-	F	1.0	minor triad	(0, 5, 8)	E-	E-	2	None
69.75	279/4	0.25	1/4	18	G5	79	True	spine_0	1	18.0	4.0	29.0	ii	False	('A-', 'C', 'F')	A-	F	1.0	minor triad	(0, 5, 8)	E-	E-	2	None
70.0	70	0.5	1/2	18	F5	77	True	spine_0	1	18.0	4.0	29.0	ii	False	('A-', 'C', 'F')	A-	F	1.0	minor triad	(0, 5, 8)	E-	E-	2	None
71.75	287/4	0.25	1/4	18	G5	79	True	spine_0	1	18.0	4.0	29.0	ii	False	('A-', 'C', 'F')	A-	F	1.0	minor triad	(0, 5, 8)	E-	E-	2	None
72.0	72	0.5	1/2	19	A-5	80	True	spine_0	1	19.0	2.0	30.0	ii	True	('A-', 'C', 'F')	A-	F	1.0	minor triad	(0, 5, 8)	E-	E-	2	None
72.75	291/4	0.25	1/4	19	G5	79	True	spine_0	1	19.0	2.0	30.0	ii	False	('A-', 'C', 'F')	A-	F	1.0	minor triad	(0, 5, 8)	E-	E-	2	None
73.0	73	0.5	1/2	19	F5	77	True	spine_0	1	19.0	2.0	30.0	ii	False	('A-', 'C', 'F')	A-	F	1.0	minor triad	(0, 5, 8)	E-	E-	2	None
73.75	295/4	0.25	1/4	19	E-5	75	True	spine_0	1	19.0	2.0	30.0	ii	False	('A-', 'C', 'F')	A-	F	1.0	minor triad	(0, 5, 8)	E-	E-	2	None
74.0	74	1.5	3/2	19	D5	74	True	spine_0	1	19.0	1.5	31.0	viio7	True	('A-', 'C-', 'D', 'F')	A-	D	2.0	diminished seventh chord	(2, 5, 8, 11)	E-	E-	7	None
74.0	74	1.5	3/2	19	C-5	71	True	spine_0	1	19.0	1.5	31.0	viio7	True	('A-', 'C-', 'D', 'F')	A-	D	2.0	diminished seventh chord	(2, 5, 8, 11)	E-	E-	7	None
74.0	74	1.5	3/2	19	F4	65	True	spine_0	1	19.0	1.5	31.0	viio7	True	('A-', 'C-', 'D', 'F')	A-	D	2.0	diminished seventh chord	(2, 5, 8, 11)	E-	E-	7	None
74.0	74	1.5	3/2	19	A-3	56	True	spine_0	1	19.0	1.5	31.0	viio7	True	('A-', 'C-', 'D', 'F')	A-	D	2.0	diminished seventh chord	(2, 5, 8, 11)	E-	E-	7	None
75.5	151/2	0.5	1/2	19	E-5	75	True	spine_0	1	19.0	0.5	32.0	I	True	('G', 'B-', 'E-')	G	E-	1.0	major triad	(3, 7, 10)	E-	E-	1	None
75.5	151/2	0.5	1/2	19	B-4	70	True	spine_0	1	19.0	0.5	32.0	I	True	('G', 'B-', 'E-')	G	E-	1.0	major triad	(3, 7, 10)	E-	E-	1	None
75.5	151/2	0.5	1/2	19	G4	67	True	spine_0	1	19.0	0.5	32.0	I	True	('G', 'B-', 'E-')	G	E-	1.0	major triad	(3, 7, 10)	E-	E-	1	None
75.5	151/2	0.5	1/2	19	G3	55	True	spine_0	1	19.0	0.5	32.0	I	True	('G', 'B-', 'E-')	G	E-	1.0	major triad	(3, 7, 10)	E-	E-	1	None
76.0	76	1.0	1	20	E-5	75	True	spine_0	1	20.0	4.0	33.0	I	True	('G', 'B-', 'E-')	G	E-	1.0	major triad	(3, 7, 10)	E-	E-	1	None
76.0	76	1.0	1	20	B-4	70	True	spine_0	1	20.0	4.0	33.0	I	True	('G', 'B-', 'E-')	G	E-	1.0	major triad	(3, 7, 10)	E-	E-	1	None
76.0	76	1.0	1	20	G4	67	True	spine_0	1	20.0	4.0	33.0	I	True	('G', 'B-', 'E-')	G	E-	1.0	major triad	(3, 7, 10)	E-	E-	1	None
76.0	76	1.0	1	20	G3	55	True	spine_0	1	20.0	4.0	33.0	I	True	('G', 'B-', 'E-')	G	E-	1.0	major triad	(3, 7, 10)	E-	E-	1	None
77.0	77	0.25	1/4	20	E-5	75	False	spine_0	1	20.0	4.0	33.0	I	False	('G', 'B-', 'E-')	G	E-	1.0	major triad	(3, 7, 10)	E-	E-	1	None
77.25	309/4	0.25	1/4	20	D5	74	True	spine_0	1	20.0	4.0	33.0	I	False	('G', 'B-', 'E-')	G	E-	1.0	major triad	(3, 7, 10)	E-	E-	1	None
77.5	155/2	0.25	1/4	20	F5	77	True	spine_0	1	20.0	4.0	33.0	I	False	('G', 'B-', 'E-')	G	E-	1.0	major triad	(3, 7, 10)	E-	E-	1	None
77.75	311/4	0.25	1/4	20	E-5	75	True	spine_0	1	20.0	4.0	33.0	I	False	('G', 'B-', 'E-')	G	E-	1.0	major triad	(3, 7, 10)	E-	E-	1	None
78.0	78	0.5	1/2	20	G5	79	True	spine_0	1	20.0	4.0	33.0	I	False	('G', 'B-', 'E-')	G	E-	1.0	major triad	(3, 7, 10)	E-	E-	1	None
78.5	157/2	0.5	1/2	20	G5	79	True	spine_0	1	20.0	4.0	33.0	I	False	('G', 'B-', 'E-')	G	E-	1.0	major triad	(3, 7, 10)	E-	E-	1	None
79.0	79	0.5	1/2	20	G5	79	True	spine_0	1	20.0	4.0	33.0	I	False	('G', 'B-', 'E-')	G	E-	1.0	major triad	(3, 7, 10)	E-	E-	1	None
79.5	159/2	0.5	1/2	20	G5	79	True	spine_0	1	20.0	4.0	33.0	I	False	('G', 'B-', 'E-')	G	E-	1.0	major triad	(3, 7, 10)	E-	E-	1	None
80.0	80	1.0	1	21	B4	71	True	spine_0	1	21.0	1.0	34.0	viio7/vi	True	('D', 'F', 'A-', 'B')	D	B	1.0	diminished seventh chord	(2, 5, 8, 11)	E-	c	#7	6
80.0	80	1.0	1	21	A-4	68	True	spine_0	1	21.0	1.0	34.0	viio7/vi	True	('D', 'F', 'A-', 'B')	D	B	1.0	diminished seventh chord	(2, 5, 8, 11)	E-	c	#7	6
80.0	80	1.0	1	21	F4	65	True	spine_0	1	21.0	1.0	34.0	viio7/vi	True	('D', 'F', 'A-', 'B')	D	B	1.0	diminished seventh chord	(2, 5, 8, 11)	E-	c	#7	6
80.0	80	1.0	1	21	D3	50	True	spine_0	1	21.0	1.0	34.0	viio7/vi	True	('D', 'F', 'A-', 'B')	D	B	1.0	diminished seventh chord	(2, 5, 8, 11)	E-	c	#7	6
81.0	81	0.5	1/2	21	C5	72	True	spine_0	1	21.0	1.0	35.0	vi	True	('C', 'E-', 'G')	C	C	0.0	minor triad	(0, 3, 7)	E-	E-	6	None
81.0	81	0.5	1/2	21	G4	67	True	spine_0	1	21.0	1.0	35.0	vi	True	('C', 'E-', 'G')	C	C	0.0	minor triad	(0, 3, 7)	E-	E-	6	None
81.0	81	0.5	1/2	21	E-4	63	True	spine_0	1	21.0	1.0	35.0	vi	True	('C', 'E-', 'G')	C	C	0.0	minor triad	(0, 3, 7)	E-	E-	6	None
81.0	81	0.5	1/2	21	E-3	51	True	spine_0	1	21.0	1.0	35.0	vi	True	('C', 'E-', 'G')	C	C	0.0	minor triad	(0, 3, 7)	E-	E-	6	None
81.5	163/2	0.25	1/4	21	G5	79	True	spine_0	1	21.0	1.0	35.0	vi	False	('C', 'E-', 'G')	C	C	0.0	minor triad	(0, 3, 7)	E-	E-	6	None
81.5	163/2	0.25	1/4	21	E-5	75	True	spine_0	1	21.0	1.0	35.0	vi	False	('C', 'E-', 'G')	C	C	0.0	minor triad	(0, 3, 7)	E-	E-	6	None
81.5	163/2	0.5	1/2	21	C4	60	True	spine_0	1	21.0	1.0	35.0	vi	False	('C', 'E-', 'G')	C	C	0.0	minor triad	(0, 3, 7)	E-	E-	6	None
81.5	163/2	0.5	1/2	21	C3	48	True	spine_0	1	21.0	1.0	35.0	vi	False	('C', 'E-', 'G')	C	C	0.0	minor triad	(0, 3, 7)	E-	E-	6	None
81.75	327/4	0.25	1/4	21	E-5	75	True	spine_0	1	21.0	1.0	35.0	vi	False	('C', 'E-', 'G')	C	C	0.0	minor triad	(0, 3, 7)	E-	E-	6	None
81.75	327/4	0.25	1/4	21	C5	72	True	spine_0	1	21.0	1.0	35.0	vi	False	('C', 'E-', 'G')	C	C	0.0	minor triad	(0, 3, 7)	E-	E-	6	None
82.0	82	1.0	1	21	D5	74	True	spine_0	1	21.0	1.5	36.0	V	True	('F', 'B-', 'D')	F	B-	2.0	major triad	(2, 5, 10)	E-	E-	5	None
82.0	82	1.0	1	21	B-4	70	True	spine_0	1	21.0	1.5	36.0	V	True	('F', 'B-', 'D')	F	B-	2.0	major triad	(2, 5, 10)	E-	E-	5	None
82.0	82	2.0	2	21	F4	65	True	spine_0	1	21.0	1.5	36.0	V	True	('F', 'B-', 'D')	F	B-	2.0	major triad	(2, 5, 10)	E-	E-	5	None
82.0	82	1.5	3/2	21	F3	53	True	spine_0	1	21.0	1.5	36.0	V	True	('F', 'B-', 'D')	F	B-	2.0	major triad	(2, 5, 10)	E-	E-	5	None
83.0	83	0.5	1/2	21	C5	72	True	spine_0	1	21.0	1.5	36.0	V	False	('F', 'B-', 'D')	F	B-	2.0	major triad	(2, 5, 10)	E-	E-	5	None
83.0	83	0.5	1/2	21	A4	69	True	spine_0	1	21.0	1.5	36.0	V	False	('F', 'B-', 'D')	F	B-	2.0	major triad	(2, 5, 10)	E-	E-	5	None
83.5	167/2	0.125	1/8	21	B-4	70	True	spine_0	1	21.0	0.5	37.0	V	True	('D', 'F', 'B-')	D	B-	1.0	major triad	(2, 5, 10)	E-	E-	5	None
83.5	167/2	0.5	1/2	21	B-4	70	True	spine_0	1	21.0	0.5	37.0	V	True	('D', 'F', 'B-')	D	B-	1.0	major triad	(2, 5, 10)	E-	E-	5	None
83.5	167/2	0.5	1/2	21	D3	50	True	spine_0	1	21.0	0.5	37.0	V	True	('D', 'F', 'B-')	D	B-	1.0	major triad	(2, 5, 10)	E-	E-	5	None
83.625	669/8	0.375	3/8	21	B-5	82	True	spine_0	1	21.0	0.5	37.0	V	False	('D', 'F', 'B-')	D	B-	1.0	major triad	(2, 5, 10)	E-	E-	5	None
84.0	84	0.125	1/8	22	A5	81	True	spine_0	1	22.0	2.0	38.0	I	True	('E-', 'G', 'B-')	E-	E-	0.0	major triad	(3, 7, 10)	E-	E-	1	None
84.0	84	1.5	3/2	22	B-4	70	True	spine_0	1	22.0	2.0	38.0	I	True	('E-', 'G', 'B-')	E-	E-	0.0	major triad	(3, 7, 10)	E-	E-	1	None
84.0	84	2.0	2	22	G4	67	True	spine_0	1	22.0	2.0	38.0	I	True	('E-', 'G', 'B-')	E-	E-	0.0	major triad	(3, 7, 10)	E-	E-	1	None
84.0	84	1.5	3/2	22	E-3	51	True	spine_0	1	22.0	2.0	38.0	I	True	('E-', 'G', 'B-')	E-	E-	0.0	major triad	(3, 7, 10)	E-	E-	1	None
84.125	673/8	0.375	3/8	22	G5	79	True	spine_0	1	22.0	2.0	38.0	I	False	('E-', 'G', 'B-')	E-	E-	0.0	major triad	(3, 7, 10)	E-	E-	1	None
84.5	169/2	0.125	1/8	22	F5	77	True	spine_0	1	22.0	2.0	38.0	I	False	('E-', 'G', 'B-')	E-	E-	0.0	major triad	(3, 7, 10)	E-	E-	1	None
84.625	677/8	0.375	3/8	22	E-5	75	True	spine_0	1	22.0	2.0	38.0	I	False	('E-', 'G', 'B-')	E-	E-	0.0	major triad	(3, 7, 10)	E-	E-	1	None
85.0	85	0.125	1/8	22	D5	74	True	spine_0	1	22.0	2.0	38.0	I	False	('E-', 'G', 'B-')	E-	E-	0.0	major triad	(3, 7, 10)	E-	E-	1	None
85.125	681/8	0.375	3/8	22	C5	72	True	spine_0	1	22.0	2.0	38.0	I	False	('E-', 'G', 'B-')	E-	E-	0.0	major triad	(3, 7, 10)	E-	E-	1	None
85.5	171/2	0.125	1/8	22	G5	79	True	spine_0	1	22.0	2.0	38.0	I	False	('E-', 'G', 'B-')	E-	E-	0.0	major triad	(3, 7, 10)	E-	E-	1	None
85.5	171/2	0.25	1/4	22	B-4	70	True	spine_0	1	22.0	2.0	38.0	I	False	('E-', 'G', 'B-')	E-	E-	0.0	major triad	(3, 7, 10)	E-	E-	1	None
85.5	171/2	0.5	1/2	22	E3	52	True	spine_0	1	22.0	2.0	38.0	I	False	('E-', 'G', 'B-')	E-	E-	0.0	major triad	(3, 7, 10)	E-	E-	1	None
85.625	685/8	0.375	3/8	22	B-4	70	True	spine_0	1	22.0	2.0	38.0	I	False	('E-', 'G', 'B-')	E-	E-	0.0	major triad	(3, 7, 10)	E-	E-	1	None
85.75	343/4	0.25	1/4	22	D4	62	True	spine_0	1	22.0	2.0	38.0	I	False	('E-', 'G', 'B-')	E-	E-	0.0	major triad	(3, 7, 10)	E-	E-	1	None
86.0	86	1.0	1	22	B-4	70	True	spine_0	1	22.0	1.0	39.0	V	True	('F', 'B-', 'D')	F	B-	2.0	major triad	(2, 5, 10)	E-	E-	5	None
86.0	86	1.0	1	22	D4	62	True	spine_0	1	22.0	1.0	39.0	V	True	('F', 'B-', 'D')	F	B-	2.0	major triad	(2, 5, 10)	E-	E-	5	None
86.0	86	0.5	1/2	22	F4	65	True	spine_0	1	22.0	1.0	39.0	V	True	('F', 'B-', 'D')	F	B-	2.0	major triad	(2, 5, 10)	E-	E-	5	None
86.0	86	0.5	1/2	22	F3	53	True	spine_0	1	22.0	1.0	39.0	V	True	('F', 'B-', 'D')	F	B-	2.0	major triad	(2, 5, 10)	E-	E-	5	None
86.5	173/2	0.5	1/2	22	F3	53	True	spine_0	1	22.0	1.0	39.0	V	False	('F', 'B-', 'D')	F	B-	2.0	major triad	(2, 5, 10)	E-	E-	5	None
86.5	173/2	0.5	1/2	22	F2	41	True	spine_0	1	22.0	1.0	39.0	V	False	('F', 'B-', 'D')	F	B-	2.0	major triad	(2, 5, 10)	E-	E-	5	None
87.0	87	0.5	1/2	22	A4	69	True	spine_0	1	22.0	1.0	40.0	V/V	True	('F', 'A', 'C')	F	F	0.0	major triad	(0, 5, 9)	E-	B-	5	5
87.0	87	0.5	1/2	22	C4	60	True	spine_0	1	22.0	1.0	40.0	V/V	True	('F', 'A', 'C')	F	F	0.0	major triad	(0, 5, 9)	E-	B-	5	5
87.0	87	0.5	1/2	22	F3	53	True	spine_0	1	22.0	1.0	40.0	V/V	True	('F', 'A', 'C')	F	F	0.0	major triad	(0, 5, 9)	E-	B-	5	5
87.0	87	0.5	1/2	22	F2	41	True	spine_0	1	22.0	1.0	40.0	V/V	True	('F', 'A', 'C')	F	F	0.0	major triad	(0, 5, 9)	E-	B-	5	5
87.5	175/2	0.5	1/2	22	G4	67	True	spine_0	1	22.0	1.0	40.0	V/V	False	('F', 'A', 'C')	F	F	0.0	major triad	(0, 5, 9)	E-	B-	5	5
87.5	175/2	0.5	1/2	22	B-3	58	True	spine_0	1	22.0	1.0	40.0	V/V	False	('F', 'A', 'C')	F	F	0.0	major triad	(0, 5, 9)	E-	B-	5	5
87.5	175/2	0.5	1/2	22	F3	53	True	spine_0	1	22.0	1.0	40.0	V/V	False	('F', 'A', 'C')	F	F	0.0	major triad	(0, 5, 9)	E-	B-	5	5
87.5	175/2	0.5	1/2	22	F2	41	True	spine_0	1	22.0	1.0	40.0	V/V	False	('F', 'A', 'C')	F	F	0.0	major triad	(0, 5, 9)	E-	B-	5	5
88.0	88	1.0	1	23	G4	67	True	spine_0	1	23.0	4.0	41.0	V/V	True	('F', 'A', 'C')	F	F	0.0	major triad	(0, 5, 9)	E-	B-	5	5
88.0	88	1.0	1	23	B-3	58	True	spine_0	1	23.0	4.0	41.0	V/V	True	('F', 'A', 'C')	F	F	0.0	major triad	(0, 5, 9)	E-	B-	5	5
88.0	88	1.5	3/2	23	F3	53	True	spine_0	1	23.0	4.0	41.0	V/V	True	('F', 'A', 'C')	F	F	0.0	major triad	(0, 5, 9)	E-	B-	5	5
88.0	88	0.5	1/2	23	F2	41	True	spine_0	1	23.0	4.0	41.0	V/V	True	('F', 'A', 'C')	F	F	0.0	major triad	(0, 5, 9)	E-	B-	5	5
88.5	177/2	0.5	1/2	23	F3	53	True	spine_0	1	23.0	4.0	41.0	V/V	False	('F', 'A', 'C')	F	F	0.0	major triad	(0, 5, 9)	E-	B-	5	5
89.0	89	0.5	1/2	23	F4	65	True	spine_0	1	23.0	4.0	41.0	V/V	False	('F', 'A', 'C')	F	F	0.0	major triad	(0, 5, 9)	E-	B-	5	5
89.0	89	0.5	1/2	23	A3	57	True	spine_0	1	23.0	4.0	41.0	V/V	False	('F', 'A', 'C')	F	F	0.0	major triad	(0, 5, 9)	E-	B-	5	5
89.0	89	0.5	1/2	23	F3	53	True	spine_0	1	23.0	4.0	41.0	V/V	False	('F', 'A', 'C')	F	F	0.0	major triad	(0, 5, 9)	E-	B-	5	5
89.5	179/2	0.5	1/2	23	E4	64	True	spine_0	1	23.0	4.0	41.0	V/V	False	('F', 'A', 'C')	F	F	0.0	major triad	(0, 5, 9)	E-	B-	5	5
89.5	179/2	0.5	1/2	23	G3	55	True	spine_0	1	23.0	4.0	41.0	V/V	False	('F', 'A', 'C')	F	F	0.0	major triad	(0, 5, 9)	E-	B-	5	5
89.5	179/2	0.5	1/2	23	B-3	58	True	spine_0	1	23.0	4.0	41.0	V/V	False	('F', 'A', 'C')	F	F	0.0	major triad	(0, 5, 9)	E-	B-	5	5
89.5	179/2	0.5	1/2	23	F3	53	True	spine_0	1	23.0	4.0	41.0	V/V	False	('F', 'A', 'C')	F	F	0.0	major triad	(0, 5, 9)	E-	B-	5	5
90.0	90	1.5	3/2	23	E4	64	True	spine_0	1	23.0	4.0	41.0	V/V	False	('F', 'A', 'C')	F	F	0.0	major triad	(0, 5, 9)	E-	B-	5	5
90.0	90	1.5	3/2	23	G3	55	True	spine_0	1	23.0	4.0	41.0	V/V	False	('F', 'A', 'C')	F	F	0.0	major triad	(0, 5, 9)	E-	B-	5	5
90.0	90	1.5	3/2	23	B-3	58	True	spine_0	1	23.0	4.0	41.0	V/V	False	('F', 'A', 'C')	F	F	0.0	major triad	(0, 5, 9)	E-	B-	5	5
90.0	90	0.5	1/2	23	F2	41	True	spine_0	1	23.0	4.0	41.0	V/V	False	('F', 'A', 'C')	F	F	0.0	major triad	(0, 5, 9)	E-	B-	5	5
90.5	181/2	0.5	1/2	23	F3	53	True	spine_0	1	23.0	4.0	41.0	V/V	False	('F', 'A', 'C')	F	F	0.0	major triad	(0, 5, 9)	E-	B-	5	5
91.0	91	0.5	1/2	23	F3	53	True	spine_0	1	23.0	4.0	41.0	V/V	False	('F', 'A', 'C')	F	F	0.0	major triad	(0, 5, 9)	E-	B-	5	5
91.5	183/2	0.25	1/4	23	G4	67	True	spine_0	1	23.0	4.0	41.0	V/V	False	('F', 'A', 'C')	F	F	0.0	major triad	(0, 5, 9)	E-	B-	5	5
91.5	183/2	0.25	1/4	23	B-3	58	True	spine_0	1	23.0	4.0	41.0	V/V	False	('F', 'A', 'C')	F	F	0.0	major triad	(0, 5, 9)	E-	B-	5	5
91.5	183/2	0.25	1/4	23	G3	55	True	spine_0	1	23.0	4.0	41.0	V/V	False	('F', 'A', 'C')	F	F	0.0	major triad	(0, 5, 9)	E-	B-	5	5
91.5	183/2	0.5	1/2	23	F3	53	True	spine_0	1	23.0	4.0	41.0	V/V	False	('F', 'A', 'C')	F	F	0.0	major triad	(0, 5, 9)	E-	B-	5	5
91.75	367/4	0.25	1/4	23	F4	65	True	spine_0	1	23.0	4.0	41.0	V/V	False	('F', 'A', 'C')	F	F	0.0	major triad	(0, 5, 9)	E-	B-	5	5
91.75	367/4	0.25	1/4	23	A3	57	True	spine_0	1	23.0	4.0	41.0	V/V	False	('F', 'A', 'C')	F	F	0.0	major triad	(0, 5, 9)	E-	B-	5	5
91.75	367/4	0.25	1/4	23	A3	57	True	spine_0	1	23.0	4.0	41.0	V/V	False	('F', 'A', 'C')	F	F	0.0	major triad	(0, 5, 9)	E-	B-	5	5
92.0	92	1.5	3/2	24	F4	65	True	spine_0	1	24.0	2.0	42.0	V/V	True	('F', 'A', 'C')	F	F	0.0	major triad	(0, 5, 9)	E-	B-	5	5
92.0	92	1.5	3/2	24	A3	57	True	spine_0	1	24.0	2.0	42.0	V/V	True	('F', 'A', 'C')	F	F	0.0	major triad	(0, 5, 9)	E-	B-	5	5
92.0	92	0.5	1/2	24	A3	57	True	spine_0	1	24.0	2.0	42.0	V/V	True	('F', 'A', 'C')	F	F	0.0	major triad	(0, 5, 9)	E-	B-	5	5
92.0	92	0.5	1/2	24	F2	41	True	spine_0	1	24.0	2.0	42.0	V/V	True	('F', 'A', 'C')	F	F	0.0	major triad	(0, 5, 9)	E-	B-	5	5
92.5	185/2	1.0	1	24	C4	60	True	spine_0	1	24.0	2.0	42.0	V/V	False	('F', 'A', 'C')	F	F	0.0	major triad	(0, 5, 9)	E-	B-	5	5
92.5	185/2	0.5	1/2	24	F3	53	True	spine_0	1	24.0	2.0	42.0	V/V	False	('F', 'A', 'C')	F	F	0.0	major triad	(0, 5, 9)	E-	B-	5	5
93.0	93	0.5	1/2	24	E-3	51	True	spine_0	1	24.0	2.0	42.0	V/V	False	('F', 'A', 'C')	F	F	0.0	major triad	(0, 5, 9)	E-	B-	5	5
93.5	187/2	0.5	1/2	24	A3	57	True	spine_0	1	24.0	2.0	42.0	V/V	False	('F', 'A', 'C')	F	F	0.0	major triad	(0, 5, 9)	E-	B-	5	5
93.5	187/2	0.5	1/2	24	F4	65	True	spine_0	1	24.0	2.0	42.0	V/V	False	('F', 'A', 'C')	F	F	0.0	major triad	(0, 5, 9)	E-	B-	5	5
93.5	187/2	0.5	1/2	24	C4	60	True	spine_0	1	24.0	2.0	42.0	V/V	False	('F', 'A', 'C')	F	F	0.0	major triad	(0, 5, 9)	E-	B-	5	5
93.5	187/2	0.5	1/2	24	E-2	39	True	spine_0	1	24.0	2.0	42.0	V/V	False	('F', 'A', 'C')	F	F	0.0	major triad	(0, 5, 9)	E-	B-	5	5
94.0	94	0.25	1/4	24	B-3	58	True	spine_0	1	24.0	2.0	43.0	V	True	('D', 'F', 'B-')	D	B-	1.0	major triad	(2, 5, 10)	E-	E-	5	None
94.0	94	1.0	1	24	F4	65	True	spine_0	1	24.0	2.0	43.0	V	True	('D', 'F', 'B-')	D	B-	1.0	major triad	(2, 5, 10)	E-	E-	5	None
94.0	94	1.0	1	24	B-3	58	True	spine_0	1	24.0	2.0	43.0	V	True	('D', 'F', 'B-')	D	B-	1.0	major triad	(2, 5, 10)	E-	E-	5	None
94.0	94	1.0	1	24	D2	38	True	spine_0	1	24.0	2.0	43.0	V	True	('D', 'F', 'B-')	D	B-	1.0	major triad	(2, 5, 10)	E-	E-	5	None
94.25	377/4	0.25	1/4	24	F4	65	True	spine_0	1	24.0	2.0	43.0	V	False	('D', 'F', 'B-')	D	B-	1.0	major triad	(2, 5, 10)	E-	E-	5	None
94.5	189/2	0.25	1/4	24	D4	62	True	spine_0	1	24.0	2.0	43.0	V	False	('D', 'F', 'B-')	D	B-	1.0	major triad	(2, 5, 10)	E-	E-	5	None
94.75	379/4	0.25	1/4	24	B-4	70	True	spine_0	1	24.0	2.0	43.0	V	False	('D', 'F', 'B-')	D	B-	1.0	major triad	(2, 5, 10)	E-	E-	5	None
95.0	95	0.25	1/4	24	F4	65	True	spine_0	1	24.0	2.0	43.0	V	False	('D', 'F', 'B-')	D	B-	1.0	major triad	(2, 5, 10)	E-	E-	5	None
95.25	381/4	0.25	1/4	24	D5	74	True	spine_0	1	24.0	2.0	43.0	V	False	('D', 'F', 'B-')	D	B-	1.0	major triad	(2, 5, 10)	E-	E-	5	None
95.5	191/2	0.25	1/4	24	B-4	70	True	spine_0	1	24.0	2.0	43.0	V	False	('D', 'F', 'B-')	D	B-	1.0	major triad	(2, 5, 10)	E-	E-	5	None
95.75	383/4	0.25	1/4	24	F5	77	True	spine_0	1	24.0	2.0	43.0	V	False	('D', 'F', 'B-')	D	B-	1.0	major triad	(2, 5, 10)	E-	E-	5	None
96.0	96	0.25	1/4	25	D5	74	True	spine_0	1	25.0	4.0	44.0	V	True	('D', 'F', 'B-')	D	B-	1.0	major triad	(2, 5, 10)	E-	E-	5	None
96.25	385/4	0.25	1/4	25	B-5	82	True	spine_0	1	25.0	4.0	44.0	V	False	('D', 'F', 'B-')	D	B-	1.0	major triad	(2, 5, 10)	E-	E-	5	None
96.5	193/2	0.25	1/4	25	F5	77	True	spine_0	1	25.0	4.0	44.0	V	False	('D', 'F', 'B-')	D	B-	1.0	major triad	(2, 5, 10)	E-	E-	5	None
96.75	387/4	0.25	1/4	25	D6	86	True	spine_0	1	25.0	4.0	44.0	V	False	('D', 'F', 'B-')	D	B-	1.0	major triad	(2, 5, 10)	E-	E-	5	None
97.0	97	0.25	1/4	25	B-5	82	True	spine_0	1	25.0	4.0	44.0	V	False	('D', 'F', 'B-')	D	B-	1.0	major triad	(2, 5, 10)	E-	E-	5	None
97.25	389/4	0.25	1/4	25	F6	89	True	spine_0	1	25.0	4.0	44.0	V	False	('D', 'F', 'B-')	D	B-	1.0	major triad	(2, 5, 10)	E-	E-	5	None
97.5	195/2	0.25	1/4	25	E-6	87	True	spine_0	1	25.0	4.0	44.0	V	False	('D', 'F', 'B-')	D	B-	1.0	major triad	(2, 5, 10)	E-	E-	5	None
97.75	391/4	0.25	1/4	25	D6	86	True	spine_0	1	25.0	4.0	44.0	V	False	('D', 'F', 'B-')	D	B-	1.0	major triad	(2, 5, 10)	E-	E-	5	None
98.0	98	0.25	1/4	25	C6	84	True	spine_0	1	25.0	4.0	44.0	V	False	('D', 'F', 'B-')	D	B-	1.0	major triad	(2, 5, 10)	E-	E-	5	None
98.25	393/4	0.25	1/4	25	B-5	82	True	spine_0	1	25.0	4.0	44.0	V	False	('D', 'F', 'B-')	D	B-	1.0	major triad	(2, 5, 10)	E-	E-	5	None
98.5	197/2	0.25	1/4	25	A5	81	True	spine_0	1	25.0	4.0	44.0	V	False	('D', 'F', 'B-')	D	B-	1.0	major triad	(2, 5, 10)	E-	E-	5	None
98.75	395/4	0.25	1/4	25	B-5	82	True	spine_0	1	25.0	4.0	44.0	V	False	('D', 'F', 'B-')	D	B-	1.0	major triad	(2, 5, 10)	E-	E-	5	None
99.0	99	0.25	1/4	25	A5	81	True	spine_0	1	25.0	4.0	44.0	V	False	('D', 'F', 'B-')	D	B-	1.0	major triad	(2, 5, 10)	E-	E-	5	None
99.25	397/4	0.25	1/4	25	B-5	82	True	spine_0	1	25.0	4.0	44.0	V	False	('D', 'F', 'B-')	D	B-	1.0	major triad	(2, 5, 10)	E-	E-	5	None
99.5	199/2	0.25	1/4	25	A5	81	True	spine_0	1	25.0	4.0	44.0	V	False	('D', 'F', 'B-')	D	B-	1.0	major triad	(2, 5, 10)	E-	E-	5	None
99.75	399/4	0.25	1/4	25	B-5	82	True	spine_0	1	25.0	4.0	44.0	V	False	('D', 'F', 'B-')	D	B-	1.0	major triad	(2, 5, 10)	E-	E-	5	None
100.0	100	1.0	1	26	A-5	80	True	spine_0	1	26.0	2.0	45.0	V7	True	('D', 'F', 'A-', 'B-')	D	B-	1.0	dominant seventh chord	(2, 5, 8, 10)	E-	E-	5	None
100.0	100	2.0	2	26	B-4	70	True	spine_0	1	26.0	2.0	45.0	V7	True	('D', 'F', 'A-', 'B-')	D	B-	1.0	dominant seventh chord	(2, 5, 8, 10)	E-	E-	5	None
100.0	100	1.0	1	26	F4	65	True	spine_0	1	26.0	2.0	45.0	V7	True	('D', 'F', 'A-', 'B-')	D	B-	1.0	dominant seventh chord	(2, 5, 8, 10)	E-	E-	5	None
100.0	100	2.0	2	26	D4	62	True	spine_0	1	26.0	2.0	45.0	V7	True	('D', 'F', 'A-', 'B-')	D	B-	1.0	dominant seventh chord	(2, 5, 8, 10)	E-	E-	5	None
101.0	101	1.0	1	26	F#5	78	True	spine_0	1	26.0	2.0	45.0	V7	False	('D', 'F', 'A-', 'B-')	D	B-	1.0	dominant seventh chord	(2, 5, 8, 10)	E-	E-	5	None
101.0	101	1.0	1	26	B-4	70	True	spine_0	1	26.0	2.0	45.0	V7	False	('D', 'F', 'A-', 'B-')	D	B-	1.0	dominant seventh chord	(2, 5, 8, 10)	E-	E-	5	None
102.0	102	1.5	3/2	26	G5	79	True	spine_0	1	26.0	2.0	46.0	I	True	('E-', 'G', 'B-')	E-	E-	0.0	major triad	(3, 7, 10)	E-	E-	1	None
102.0	102	0.5	1/2	26	B-4	70	False	spine_0	1	26.0	2.0	46.0	I	True	('E-', 'G', 'B-')	E-	E-	0.0	major triad	(3, 7, 10)	E-	E-	1	None
102.0	102	1.0	1	26	G4	67	True	spine_0	1	26.0	2.0	46.0	I	True	('E-', 'G', 'B-')	E-	E-	0.0	major triad	(3, 7, 10)	E-	E-	1	None
102.0	102	2.0	2	26	E-4	63	True	spine_0	1	26.0	2.0	46.0	I	True	('E-', 'G', 'B-')	E-	E-	0.0	major triad	(3, 7, 10)	E-	E-	1	None
102.5	205/2	0.5	1/2	26	B4	71	True	spine_0	1	26.0	2.0	46.0	I	False	('E-', 'G', 'B-')	E-	E-	0.0	major triad	(3, 7, 10)	E-	E-	1	None
103.0	103	0.5	1/2	26	C5	72	True	spine_0	1	26.0	2.0	46.0	I	False	('E-', 'G', 'B-')	E-	E-	0.0	major triad	(3, 7, 10)	E-	E-	1	None
103.5	207/2	0.25	1/4	26	F5	77	True	spine_0	1	26.0	2.0	46.0	I	False	('E-', 'G', 'B-')	E-	E-	0.0	major triad	(3, 7, 10)	E-	E-	1	None
103.75	415/4	0.25	1/4	26	E-5	75	True	spine_0	1	26.0	2.0	46.0	I	False	('E-', 'G', 'B-')	E-	E-	0.0	major triad	(3, 7, 10)	E-	E-	1	None
104.0	104	0.25	1/4	27	D5	74	True	spine_0	1	27.0	2.0	47.0	I	True	('E-', 'G', 'B-')	E-	E-	0.0	major triad	(3, 7, 10)	E-	E-	1	None
104.25	417/4	0.25	1/4	27	C5	72	True	spine_0	1	27.0	2.0	47.0	I	False	('E-', 'G', 'B-')	E-	E-	0.0	major triad	(3, 7, 10)	E-	E-	1	None
104.5	209/2	0.25	1/4	27	B4	71	True	spine_0	1	27.0	2.0	47.0	I	False	('E-', 'G', 'B-')	E-	E-	0.0	major triad	(3, 7, 10)	E-	E-	1	None
104.75	419/4	0.25	1/4	27	C5	72	True	spine_0	1	27.0	2.0	47.0	I	False	('E-', 'G', 'B-')	E-	E-	0.0	major triad	(3, 7, 10)	E-	E-	1	None
105.0	105	0.25	1/4	27	B4	71	True	spine_0	1	27.0	2.0	47.0	I	False	('E-', 'G', 'B-')	E-	E-	0.0	major triad	(3, 7, 10)	E-	E-	1	None
105.25	421/4	0.25	1/4	27	C5	72	True	spine_0	1	27.0	2.0	47.0	I	False	('E-', 'G', 'B-')	E-	E-	0.0	major triad	(3, 7, 10)	E-	E-	1	None
105.5	211/2	0.25	1/4	27	E-5	75	True	spine_0	1	27.0	2.0	47.0	I	False	('E-', 'G', 'B-')	E-	E-	0.0	major triad	(3, 7, 10)	E-	E-	1	None
105.75	423/4	0.25	1/4	27	C5	72	True	spine_0	1	27.0	2.0	47.0	I	False	('E-', 'G', 'B-')	E-	E-	0.0	major triad	(3, 7, 10)	E-	E-	1	None
106.0	106	1.5	3/2	27	B-4	70	True	spine_0	1	27.0	1.0	48.0	viio7/V/V	True	('E', 'G', 'B-', 'D-')	E	E	0.0	diminished seventh chord	(1, 4, 7, 10)	E-	F	7	5
106.5	213/2	0.5	1/2	27	D-4	61	True	spine_0	1	27.0	1.0	48.0	viio7/V/V	False	('E', 'G', 'B-', 'D-')	E	E	0.0	diminished seventh chord	(1, 4, 7, 10)	E-	F	7	5
106.5	213/2	0.5	1/2	27	G4	67	True	spine_0	1	27.0	1.0	48.0	viio7/V/V	False	('E', 'G', 'B-', 'D-')	E	E	0.0	diminished seventh chord	(1, 4, 7, 10)	E-	F	7	5
106.5	213/2	0.5	1/2	27	E3	52	True	spine_0	1	27.0	1.0	48.0	viio7/V/V	False	('E', 'G', 'B-', 'D-')	E	E	0.0	diminished seventh chord	(1, 4, 7, 10)	E-	F	7	5
107.0	107	0.5	1/2	27	D4	62	True	spine_0	1	27.0	1.0	49.0	V7/V	True	('F', 'A', 'C', 'E-')	F	F	0.0	dominant seventh chord	(0, 3, 5, 9)	E-	B-	5	5
107.0	107	0.5	1/2	27	F4	65	True	spine_0	1	27.0	1.0	49.0	V7/V	True	('F', 'A', 'C', 'E-')	F	F	0.0	dominant seventh chord	(0, 3, 5, 9)	E-	B-	5	5
107.0	107	0.5	1/2	27	F3	53	True	spine_0	1	27.0	1.0	49.0	V7/V	True	('F', 'A', 'C', 'E-')	F	F	0.0	dominant seventh chord	(0, 3, 5, 9)	E-	B-	5	5
107.5	215/2	0.5	1/2	27	C5	72	True	spine_0	1	27.0	1.0	49.0	V7/V	False	('F', 'A', 'C', 'E-')	F	F	0.0	dominant seventh chord	(0, 3, 5, 9)	E-	B-	5	5
107.5	215/2	0.5	1/2	27	E-4	63	True	spine_0	1	27.0	1.0	49.0	V7/V	False	('F', 'A', 'C', 'E-')	F	F	0.0	dominant seventh chord	(0, 3, 5, 9)	E-	B-	5	5
107.5	215/2	0.5	1/2	27	A3	57	True	spine_0	1	27.0	1.0	49.0	V7/V	False	('F', 'A', 'C', 'E-')	F	F	0.0	dominant seventh chord	(0, 3, 5, 9)	E-	B-	5	5
107.5	215/2	0.5	1/2	27	F3	53	True	spine_0	1	27.0	1.0	49.0	V7/V	False	('F', 'A', 'C', 'E-')	F	F	0.0	dominant seventh chord	(0, 3, 5, 9)	E-	B-	5	5
108.0	108	0.25	1/4	28	D4	62	True	spine_0	1	28.0	4.0	50.0	V	True	('B-', 'D', 'F')	B-	B-	0.0	major triad	(2, 5, 10)	E-	E-	5	None
108.0	108	1.0	1	28	B-3	58	True	spine_0	1	28.0	4.0	50.0	V	True	('B-', 'D', 'F')	B-	B-	0.0	major triad	(2, 5, 10)	E-	E-	5	None
108.0	108	1.0	1	28	B-2	46	True	spine_0	1	28.0	4.0	50.0	V	True	('B-', 'D', 'F')	B-	B-	0.0	major triad	(2, 5, 10)	E-	E-	5	None
108.25	433/4	0.25	1/4	28	D5	74	True	spine_0	1	28.0	4.0	50.0	V	False	('B-', 'D', 'F')	B-	B-	0.0	major triad	(2, 5, 10)	E-	E-	5	None
108.25	433/4	0.25	1/4	28	B-4	70	True	spine_0	1	28.0	4.0	50.0	V	False	('B-', 'D', 'F')	B-	B-	0.0	major triad	(2, 5, 10)	E-	E-	5	None
108.5	217/2	0.25	1/4	28	G5	79	True	spine_0	1	28.0	4.0	50.0	V	False	('B-', 'D', 'F')	B-	B-	0.0	major triad	(2, 5, 10)	E-	E-	5	None
108.5	217/2	0.25	1/4	28	E-5	75	True	spine_0	1	28.0	4.0	50.0	V	False	('B-', 'D', 'F')	B-	B-	0.0	major triad	(2, 5, 10)	E-	E-	5	None
108.75	435/4	0.25	1/4	28	F5	77	True	spine_0	1	28.0	4.0	50.0	V	False	('B-', 'D', 'F')	B-	B-	0.0	major triad	(2, 5, 10)	E-	E-	5	None
108.75	435/4	0.25	1/4	28	D5	74	True	spine_0	1	28.0	4.0	50.0	V	False	('B-', 'D', 'F')	B-	B-	0.0	major triad	(2, 5, 10)	E-	E-	5	None
109.0	109	0.5	1/2	28	F5	77	True	spine_0	1	28.0	4.0	50.0	V	False	('B-', 'D', 'F')	B-	B-	0.0	major triad	(2, 5, 10)	E-	E-	5	None
109.0	109	0.5	1/2	28	D5	74	True	spine_0	1	28.0	4.0	50.0	V	False	('B-', 'D', 'F')	B-	B-	0.0	major triad	(2, 5, 10)	E-	E-	5	None
109.25	437/4	0.25	1/4	28	D4	62	True	spine_0	1	28.0	4.0	50.0	V	False	('B-', 'D', 'F')	B-	B-	0.0	major triad	(2, 5, 10)	E-	E-	5	None
109.25	437/4	0.25	1/4	28	B-3	58	True	spine_0	1	28.0	4.0	50.0	V	False	('B-', 'D', 'F')	B-	B-	0.0	major triad	(2, 5, 10)	E-	E-	5	None
109.5	219/2	0.25	1/4	28	G4	67	True	spine_0	1	28.0	4.0	50.0	V	False	('B-', 'D', 'F')	B-	B-	0.0	major triad	(2, 5, 10)	E-	E-	5	None
109.5	219/2	0.25	1/4	28	E-4	63	True	spine_0	1	28.0	4.0	50.0	V	False	('B-', 'D', 'F')	B-	B-	0.0	major triad	(2, 5, 10)	E-	E-	5	None
109.75	439/4	0.25	1/4	28	F4	65	True	spine_0	1	28.0	4.0	50.0	V	False	('B-', 'D', 'F')	B-	B-	0.0	major triad	(2, 5, 10)	E-	E-	5	None
109.75	439/4	0.25	1/4	28	D4	62	True	spine_0	1	28.0	4.0	50.0	V	False	('B-', 'D', 'F')	B-	B-	0.0	major triad	(2, 5, 10)	E-	E-	5	None
110.0	110	0.5	1/2	28	F4	65	True	spine_0	1	28.0	4.0	50.0	V	False	('B-', 'D', 'F')	B-	B-	0.0	major triad	(2, 5, 10)	E-	E-	5	None
110.0	110	1.0	1	28	D4	62	True	spine_0	1	28.0	4.0	50.0	V	False	('B-', 'D', 'F')	B-	B-	0.0	major triad	(2, 5, 10)	E-	E-	5	None
110.25	441/4	0.25	1/4	28	D5	74	True	spine_0	1	28.0	4.0	50.0	V	False	('B-', 'D', 'F')	B-	B-	0.0	major triad	(2, 5, 10)	E-	E-	5	None
110.25	441/4	0.25	1/4	28	B-4	70	True	spine_0	1	28.0	4.0	50.0	V	False	('B-', 'D', 'F')	B-	B-	0.0	major triad	(2, 5, 10)	E-	E-	5	None
110.5	221/2	0.25	1/4	28	G5	79	True	spine_0	1	28.0	4.0	50.0	V	False	('B-', 'D', 'F')	B-	B-	0.0	major triad	(2, 5, 10)	E-	E-	5	None
110.5	221/2	0.25	1/4	28	E-5	75	True	spine_0	1	28.0	4.0	50.0	V	False	('B-', 'D', 'F')	B-	B-	0.0	major triad	(2, 5, 10)	E-	E-	5	None
110.75	443/4	0.25	1/4	28	F5	77	True	spine_0	1	28.0	4.0	50.0	V	False	('B-', 'D', 'F')	B-	B-	0.0	major triad	(2, 5, 10)	E-	E-	5	None
110.75	443/4	0.25	1/4	28	D5	74	True	spine_0	1	28.0	4.0	50.0	V	False	('B-', 'D', 'F')	B-	B-	0.0	major triad	(2, 5, 10)	E-	E-	5	None
111.0	111	0.5	1/2	28	F5	77	True	spine_0	1	28.0	4.0	50.0	V	False	('B-', 'D', 'F')	B-	B-	0.0	major triad	(2, 5, 10)	E-	E-	5	None
111.0	111	0.5	1/2	28	D5	74	True	spine_0	1	28.0	4.0	50.0	V	False	('B-', 'D', 'F')	B-	B-	0.0	major triad	(2, 5, 10)	E-	E-	5	None
111.25	445/4	0.25	1/4	28	D4	62	True	spine_0	1	28.0	4.0	50.0	V	False	('B-', 'D', 'F')	B-	B-	0.0	major triad	(2, 5, 10)	E-	E-	5	None
111.25	445/4	0.25	1/4	28	B-3	58	True	spine_0	1	28.0	4.0	50.0	V	False	('B-', 'D', 'F')	B-	B-	0.0	major triad	(2, 5, 10)	E-	E-	5	None
111.5	223/2	0.25	1/4	28	G4	67	True	spine_0	1	28.0	4.0	50.0	V	False	('B-', 'D', 'F')	B-	B-	0.0	major triad	(2, 5, 10)	E-	E-	5	None
111.5	223/2	0.25	1/4	28	E-4	63	True	spine_0	1	28.0	4.0	50.0	V	False	('B-', 'D', 'F')	B-	B-	0.0	major triad	(2, 5, 10)	E-	E-	5	None
111.75	447/4	0.25	1/4	28	F4	65	True	spine_0	1	28.0	4.0	50.0	V	False	('B-', 'D', 'F')	B-	B-	0.0	major triad	(2, 5, 10)	E-	E-	5	None
111.75	447/4	0.25	1/4	28	D4	62	True	spine_0	1	28.0	4.0	50.0	V	False	('B-', 'D', 'F')	B-	B-	0.0	major triad	(2, 5, 10)	E-	E-	5	None
112.0	112	0.5	1/2	29	F4	65	True	spine_0	1	29.0	2.0	51.0	V	True	('B-', 'D', 'F')	B-	B-	0.0	major triad	(2, 5, 10)	E-	E-	5	None
112.0	112	1.0	1	29	D4	62	True	spine_0	1	29.0	2.0	51.0	V	True	('B-', 'D', 'F')	B-	B-	0.0	major triad	(2, 5, 10)	E-	E-	5	None
112.25	449/4	0.25	1/4	29	D5	74	True	spine_0	1	29.0	2.0	51.0	V	False	('B-', 'D', 'F')	B-	B-	0.0	major triad	(2, 5, 10)	E-	E-	5	None
112.25	449/4	0.25	1/4	29	B-4	70	True	spine_0	1	29.0	2.0	51.0	V	False	('B-', 'D', 'F')	B-	B-	0.0	major triad	(2, 5, 10)	E-	E-	5	None
112.5	225/2	0.25	1/4	29	C6	84	True	spine_0	1	29.0	2.0	51.0	V	False	('B-', 'D', 'F')	B-	B-	0.0	major triad	(2, 5, 10)	E-	E-	5	None
112.5	225/2	0.25	1/4	29	A-5	80	True	spine_0	1	29.0	2.0	51.0	V	False	('B-', 'D', 'F')	B-	B-	0.0	major triad	(2, 5, 10)	E-	E-	5	None
112.75	451/4	0.25	1/4	29	B-5	82	True	spine_0	1	29.0	2.0	51.0	V	False	('B-', 'D', 'F')	B-	B-	0.0	major triad	(2, 5, 10)	E-	E-	5	None
112.75	451/4	0.25	1/4	29	G5	79	True	spine_0	1	29.0	2.0	51.0	V	False	('B-', 'D', 'F')	B-	B-	0.0	major triad	(2, 5, 10)	E-	E-	5	None
113.0	113	0.5	1/2	29	B-5	82	True	spine_0	1	29.0	2.0	51.0	V	False	('B-', 'D', 'F')	B-	B-	0.0	major triad	(2, 5, 10)	E-	E-	5	None
113.0	113	0.5	1/2	29	G5	79	True	spine_0	1	29.0	2.0	51.0	V	False	('B-', 'D', 'F')	B-	B-	0.0	major triad	(2, 5, 10)	E-	E-	5	None
113.25	453/4	0.25	1/4	29	D4	62	True	spine_0	1	29.0	2.0	51.0	V	False	('B-', 'D', 'F')	B-	B-	0.0	major triad	(2, 5, 10)	E-	E-	5	None
113.25	453/4	0.25	1/4	29	B-3	58	True	spine_0	1	29.0	2.0	51.0	V	False	('B-', 'D', 'F')	B-	B-	0.0	major triad	(2, 5, 10)	E-	E-	5	None
113.5	227/2	0.5	1/2	29	A-5	80	True	spine_0	1	29.0	2.0	51.0	V	False	('B-', 'D', 'F')	B-	B-	0.0	major triad	(2, 5, 10)	E-	E-	5	None
113.5	227/2	0.5	1/2	29	F5	77	True	spine_0	1	29.0	2.0	51.0	V	False	('B-', 'D', 'F')	B-	B-	0.0	major triad	(2, 5, 10)	E-	E-	5	None
113.5	227/2	0.25	1/4	29	E-4	63	True	spine_0	1	29.0	2.0	51.0	V	False	('B-', 'D', 'F')	B-	B-	0.0	major triad	(2, 5, 10)	E-	E-	5	None
113.5	227/2	0.25	1/4	29	C4	60	True	spine_0	1	29.0	2.0	51.0	V	False	('B-', 'D', 'F')	B-	B-	0.0	major triad	(2, 5, 10)	E-	E-	5	None
113.75	455/4	0.25	1/4	29	F4	65	True	spine_0	1	29.0	2.0	51.0	V	False	('B-', 'D', 'F')	B-	B-	0.0	major triad	(2, 5, 10)	E-	E-	5	None
113.75	455/4	0.25	1/4	29	D4	62	True	spine_0	1	29.0	2.0	51.0	V	False	('B-', 'D', 'F')	B-	B-	0.0	major triad	(2, 5, 10)	E-	E-	5	None
114.0	114	0.25	1/4	29	G5	79	True	spine_0	1	29.0	1.0	52.0	I	True	('E-', 'G', 'B-')	E-	E-	0.0	major triad	(3, 7, 10)	E-	E-	1	None
114.0	114	1.0	1	29	E-5	75	True	spine_0	1	29.0	1.0	52.0	I	True	('E-', 'G', 'B-')	E-	E-	0.0	major triad	(3, 7, 10)	E-	E-	1	None
114.0	114	1.0	1	29	G4	67	True	spine_0	1	29.0	1.0	52.0	I	True	('E-', 'G', 'B-')	E-	E-	0.0	major triad	(3, 7, 10)	E-	E-	1	None
114.0	114	1.0	1	29	E-4	63	True	spine_0	1	29.0	1.0	52.0	I	True	('E-', 'G', 'B-')	E-	E-	0.0	major triad	(3, 7, 10)	E-	E-	1	None
114.25	457/4	0.25	1/4	29	E-6	87	True	spine_0	1	29.0	1.0	52.0	I	False	('E-', 'G', 'B-')	E-	E-	0.0	major triad	(3, 7, 10)	E-	E-	1	None
114.5	229/2	0.25	1/4	29	D6	86	True	spine_0	1	29.0	1.0	52.0	I	False	('E-', 'G', 'B-')	E-	E-	0.0	major triad	(3, 7, 10)	E-	E-	1	None
114.75	459/4	0.25	1/4	29	C6	84	True	spine_0	1	29.0	1.0	52.0	I	False	('E-', 'G', 'B-')	E-	E-	0.0	major triad	(3, 7, 10)	E-	E-	1	None
115.0	115	0.5	1/2	29	G6	91	True	spine_0	1	29.0	1.0	53.0	vi	True	('C', 'E-', 'G')	C	C	0.0	minor triad	(0, 3, 7)	E-	E-	6	None
115.25	461/4	0.25	1/4	29	C2	36	True	spine_0	1	29.0	1.0	53.0	vi	False	('C', 'E-', 'G')	C	C	0.0	minor triad	(0, 3, 7)	E-	E-	6	None
115.5	231/2	0.25	1/4	29	E-2	39	True	spine_0	1	29.0	1.0	53.0	vi	False	('C', 'E-', 'G')	C	C	0.0	minor triad	(0, 3, 7)	E-	E-	6	None
115.75	463/4	0.25	1/4	29	C2	36	True	spine_0	1	29.0	1.0	53.0	vi	False	('C', 'E-', 'G')	C	C	0.0	minor triad	(0, 3, 7)	E-	E-	6	None
116.0	116	0.25	1/4	30	G2	43	True	spine_0	1	30.0	4.0	54.0	vi	True	('C', 'E-', 'G')	C	C	0.0	minor triad	(0, 3, 7)	E-	E-	6	None
116.25	465/4	0.25	1/4	30	E-2	39	True	spine_0	1	30.0	4.0	54.0	vi	False	('C', 'E-', 'G')	C	C	0.0	minor triad	(0, 3, 7)	E-	E-	6	None
116.5	233/2	0.25	1/4	30	C3	48	True	spine_0	1	30.0	4.0	54.0	vi	False	('C', 'E-', 'G')	C	C	0.0	minor triad	(0, 3, 7)	E-	E-	6	None
116.75	467/4	0.25	1/4	30	G2	43	True	spine_0	1	30.0	4.0	54.0	vi	False	('C', 'E-', 'G')	C	C	0.0	minor triad	(0, 3, 7)	E-	E-	6	None
117.0	117	0.25	1/4	30	E-3	51	True	spine_0	1	30.0	4.0	54.0	vi	False	('C', 'E-', 'G')	C	C	0.0	minor triad	(0, 3, 7)	E-	E-	6	None
117.25	469/4	0.25	1/4	30	C3	48	True	spine_0	1	30.0	4.0	54.0	vi	False	('C', 'E-', 'G')	C	C	0.0	minor triad	(0, 3, 7)	E-	E-	6	None
117.5	235/2	0.25	1/4	30	G3	55	True	spine_0	1	30.0	4.0	54.0	vi	False	('C', 'E-', 'G')	C	C	0.0	minor triad	(0, 3, 7)	E-	E-	6	None
117.75	471/4	0.25	1/4	30	E-3	51	True	spine_0	1	30.0	4.0	54.0	vi	False	('C', 'E-', 'G')	C	C	0.0	minor triad	(0, 3, 7)	E-	E-	6	None
118.0	118	2.0	2	30	E-5	75	True	spine_0	1	30.0	4.0	54.0	vi	False	('C', 'E-', 'G')	C	C	0.0	minor triad	(0, 3, 7)	E-	E-	6	None
118.0	118	2.0	2	30	C5	72	True	spine_0	1	30.0	4.0	54.0	vi	False	('C', 'E-', 'G')	C	C	0.0	minor triad	(0, 3, 7)	E-	E-	6	None
118.0	118	1.0	1	30	C4	60	True	spine_0	1	30.0	4.0	54.0	vi	False	('C', 'E-', 'G')	C	C	0.0	minor triad	(0, 3, 7)	E-	E-	6	None
118.25	473/4	0.25	1/4	30	G4	67	True	spine_0	1	30.0	4.0	54.0	vi	False	('C', 'E-', 'G')	C	C	0.0	minor triad	(0, 3, 7)	E-	E-	6	None
118.5	237/2	0.25	1/4	30	E-5	75	True	spine_0	1	30.0	4.0	54.0	vi	False	('C', 'E-', 'G')	C	C	0.0	minor triad	(0, 3, 7)	E-	E-	6	None
118.75	475/4	0.25	1/4	30	G4	67	True	spine_0	1	30.0	4.0	54.0	vi	False	('C', 'E-', 'G')	C	C	0.0	minor triad	(0, 3, 7)	E-	E-	6	None
119.0	119	1.0	1	30	B-3	58	True	spine_0	1	30.0	4.0	54.0	vi	False	('C', 'E-', 'G')	C	C	0.0	minor triad	(0, 3, 7)	E-	E-	6	None
119.25	477/4	0.25	1/4	30	G-4	66	True	spine_0	1	30.0	4.0	54.0	vi	False	('C', 'E-', 'G')	C	C	0.0	minor triad	(0, 3, 7)	E-	E-	6	None
119.5	239/2	0.25	1/4	30	E-5	75	True	spine_0	1	30.0	4.0	54.0	vi	False	('C', 'E-', 'G')	C	C	0.0	minor triad	(0, 3, 7)	E-	E-	6	None
119.75	479/4	0.25	1/4	30	G-4	66	True	spine_0	1	30.0	4.0	54.0	vi	False	('C', 'E-', 'G')	C	C	0.0	minor triad	(0, 3, 7)	E-	E-	6	None
120.0	120	1.0	1	31	E-5	75	False	spine_0	1	31.0	1.0	55.0	V7/V	True	('A', 'C', 'E-', 'F')	A	F	1.0	dominant seventh chord	(0, 3, 5, 9)	E-	B-	5	5
120.0	120	1.0	1	31	C5	72	False	spine_0	1	31.0	1.0	55.0	V7/V	True	('A', 'C', 'E-', 'F')	A	F	1.0	dominant seventh chord	(0, 3, 5, 9)	E-	B-	5	5
120.0	120	1.0	1	31	A3	57	True	spine_0	1	31.0	1.0	55.0	V7/V	True	('A', 'C', 'E-', 'F')	A	F	1.0	dominant seventh chord	(0, 3, 5, 9)	E-	B-	5	5
120.25	481/4	0.25	1/4	31	F4	65	True	spine_0	1	31.0	1.0	55.0	V7/V	False	('A', 'C', 'E-', 'F')	A	F	1.0	dominant seventh chord	(0, 3, 5, 9)	E-	B-	5	5
120.5	241/2	0.25	1/4	31	E-5	75	True	spine_0	1	31.0	1.0	55.0	V7/V	False	('A', 'C', 'E-', 'F')	A	F	1.0	dominant seventh chord	(0, 3, 5, 9)	E-	B-	5	5
120.75	483/4	0.25	1/4	31	F4	65	True	spine_0	1	31.0	1.0	55.0	V7/V	False	('A', 'C', 'E-', 'F')	A	F	1.0	dominant seventh chord	(0, 3, 5, 9)	E-	B-	5	5
121.0	121	1.0	1	31	D5	74	True	spine_0	1	31.0	1.0	56.0	V	True	('B-', 'D', 'F')	B-	B-	0.0	major triad	(2, 5, 10)	E-	E-	5	None
121.0	121	1.0	1	31	B-4	70	True	spine_0	1	31.0	1.0	56.0	V	True	('B-', 'D', 'F')	B-	B-	0.0	major triad	(2, 5, 10)	E-	E-	5	None
121.0	121	1.0	1	31	B-3	58	True	spine_0	1	31.0	1.0	56.0	V	True	('B-', 'D', 'F')	B-	B-	0.0	major triad	(2, 5, 10)	E-	E-	5	None
121.25	485/4	0.25	1/4	31	F4	65	True	spine_0	1	31.0	1.0	56.0	V	False	('B-', 'D', 'F')	B-	B-	0.0	major triad	(2, 5, 10)	E-	E-	5	None
121.5	243/2	0.25	1/4	31	D5	74	True	spine_0	1	31.0	1.0	56.0	V	False	('B-', 'D', 'F')	B-	B-	0.0	major triad	(2, 5, 10)	E-	E-	5	None
121.75	487/4	0.25	1/4	31	F4	65	True	spine_0	1	31.0	1.0	56.0	V	False	('B-', 'D', 'F')	B-	B-	0.0	major triad	(2, 5, 10)	E-	E-	5	None
122.0	122	0.25	1/4	31	C5	72	True	spine_0	1	31.0	1.0	57.0	vi	True	('E-', 'G', 'C')	E-	C	1.0	minor triad	(0, 3, 7)	E-	E-	6	None
122.0	122	0.75	3/4	31	G4	67	True	spine_0	1	31.0	1.0	57.0	vi	True	('E-', 'G', 'C')	E-	C	1.0	minor triad	(0, 3, 7)	E-	E-	6	None
122.0	122	0.5	1/2	31	E-4	63	True	spine_0	1	31.0	1.0	57.0	vi	True	('E-', 'G', 'C')	E-	C	1.0	minor triad	(0, 3, 7)	E-	E-	6	None
122.0	122	1.0	1	31	E-3	51	True	spine_0	1	31.0	1.0	57.0	vi	True	('E-', 'G', 'C')	E-	C	1.0	minor triad	(0, 3, 7)	E-	E-	6	None
122.25	489/4	0.25	1/4	31	G5	79	True	spine_0	1	31.0	1.0	57.0	vi	False	('E-', 'G', 'C')	E-	C	1.0	minor triad	(0, 3, 7)	E-	E-	6	None
122.5	245/2	0.25	1/4	31	E-5	75	True	spine_0	1	31.0	1.0	57.0	vi	False	('E-', 'G', 'C')	E-	C	1.0	minor triad	(0, 3, 7)	E-	E-	6	None
122.5	245/2	0.5	1/2	31	G4	67	True	spine_0	1	31.0	1.0	57.0	vi	False	('E-', 'G', 'C')	E-	C	1.0	minor triad	(0, 3, 7)	E-	E-	6	None
122.75	491/4	0.25	1/4	31	C5	72	True	spine_0	1	31.0	1.0	57.0	vi	False	('E-', 'G', 'C')	E-	C	1.0	minor triad	(0, 3, 7)	E-	E-	6	None
122.75	491/4	0.25	1/4	31	E-4	63	True	spine_0	1	31.0	1.0	57.0	vi	False	('E-', 'G', 'C')	E-	C	1.0	minor triad	(0, 3, 7)	E-	E-	6	None
123.0	123	0.5	1/2	31	B-4	70	True	spine_0	1	31.0	0.5	58.0	V	True	('F', 'B-', 'D')	F	B-	2.0	major triad	(2, 5, 10)	E-	E-	5	None
123.0	123	0.5	1/2	31	D4	62	True	spine_0	1	31.0	0.5	58.0	V	True	('F', 'B-', 'D')	F	B-	2.0	major triad	(2, 5, 10)	E-	E-	5	None
123.0	123	0.5	1/2	31	F4	65	True	spine_0	1	31.0	0.5	58.0	V	True	('F', 'B-', 'D')	F	B-	2.0	major triad	(2, 5, 10)	E-	E-	5	None
123.0	123	0.5	1/2	31	F3	53	True	spine_0	1	31.0	0.5	58.0	V	True	('F', 'B-', 'D')	F	B-	2.0	major triad	(2, 5, 10)	E-	E-	5	None
123.5	247/2	0.5	1/2	31	A4	69	True	spine_0	1	31.0	0.5	59.0	V7/V	True	('F', 'A', 'C', 'E-')	F	F	0.0	dominant seventh chord	(0, 3, 5, 9)	E-	B-	5	5
123.5	247/2	0.5	1/2	31	C4	60	True	spine_0	1	31.0	0.5	59.0	V7/V	True	('F', 'A', 'C', 'E-')	F	F	0.0	dominant seventh chord	(0, 3, 5, 9)	E-	B-	5	5
123.5	247/2	0.5	1/2	31	E-4	63	True	spine_0	1	31.0	0.5	59.0	V7/V	True	('F', 'A', 'C', 'E-')	F	F	0.0	dominant seventh chord	(0, 3, 5, 9)	E-	B-	5	5
123.5	247/2	0.5	1/2	31	F3	53	True	spine_0	1	31.0	0.5	59.0	V7/V	True	('F', 'A', 'C', 'E-')	F	F	0.0	dominant seventh chord	(0, 3, 5, 9)	E-	B-	5	5
124.0	124	1.0	1	32	B-4	70	True	spine_0	1	32.0	2.0	60.0	V	True	('B-', 'D', 'F')	B-	B-	0.0	major triad	(2, 5, 10)	E-	E-	5	None
124.0	124	1.0	1	32	B-3	58	True	spine_0	1	32.0	2.0	60.0	V	True	('B-', 'D', 'F')	B-	B-	0.0	major triad	(2, 5, 10)	E-	E-	5	None
124.0	124	1.0	1	32	D4	62	True	spine_0	1	32.0	2.0	60.0	V	True	('B-', 'D', 'F')	B-	B-	0.0	major triad	(2, 5, 10)	E-	E-	5	None
124.0	124	0.5	1/2	32	B-3	58	True	spine_0	1	32.0	2.0	60.0	V	True	('B-', 'D', 'F')	B-	B-	0.0	major triad	(2, 5, 10)	E-	E-	5	None
124.5	249/2	0.5	1/2	32	B-2	46	True	spine_0	1	32.0	2.0	60.0	V	False	('B-', 'D', 'F')	B-	B-	0.0	major triad	(2, 5, 10)	E-	E-	5	None
125.0	125	0.25	1/4	32	D4	62	True	spine_0	1	32.0	2.0	60.0	V	False	('B-', 'D', 'F')	B-	B-	0.0	major triad	(2, 5, 10)	E-	E-	5	None
125.25	501/4	0.25	1/4	32	B-3	58	True	spine_0	1	32.0	2.0	60.0	V	False	('B-', 'D', 'F')	B-	B-	0.0	major triad	(2, 5, 10)	E-	E-	5	None
125.5	251/2	0.5	1/2	32	B-3	58	True	spine_0	1	32.0	2.0	60.0	V	False	('B-', 'D', 'F')	B-	B-	0.0	major triad	(2, 5, 10)	E-	E-	5	None
125.5	251/2	0.25	1/4	32	G4	67	True	spine_0	1	32.0	2.0	60.0	V	False	('B-', 'D', 'F')	B-	B-	0.0	major triad	(2, 5, 10)	E-	E-	5	None
125.75	503/4	0.25	1/4	32	E4	64	True	spine_0	1	32.0	2.0	60.0	V	False	('B-', 'D', 'F')	B-	B-	0.0	major triad	(2, 5, 10)	E-	E-	5	None
126.0	126	1.0	1	32	A3	57	True	spine_0	1	32.0	2.0	61.0	V/V	True	('F', 'A', 'C')	F	F	0.0	major triad	(0, 5, 9)	E-	B-	5	5
126.0	126	0.5	1/2	32	F4	65	True	spine_0	1	32.0	2.0	61.0	V/V	True	('F', 'A', 'C')	F	F	0.0	major triad	(0, 5, 9)	E-	B-	5	5
126.5	253/2	0.5	1/2	32	F4	65	True	spine_0	1	32.0	2.0	61.0	V/V	False	('F', 'A', 'C')	F	F	0.0	major triad	(0, 5, 9)	E-	B-	5	5
127.0	127	0.5	1/2	32	G3	55	True	spine_0	1	32.0	2.0	61.0	V/V	False	('F', 'A', 'C')	F	F	0.0	major triad	(0, 5, 9)	E-	B-	5	5
127.0	127	0.25	1/4	32	E4	64	True	spine_0	1	32.0	2.0	61.0	V/V	False	('F', 'A', 'C')	F	F	0.0	major triad	(0, 5, 9)	E-	B-	5	5
127.25	509/4	0.25	1/4	32	G4	67	True	spine_0	1	32.0	2.0	61.0	V/V	False	('F', 'A', 'C')	F	F	0.0	major triad	(0, 5, 9)	E-	B-	5	5
127.5	255/2	0.5	1/2	32	C3	48	True	spine_0	1	32.0	2.0	61.0	V/V	False	('F', 'A', 'C')	F	F	0.0	major triad	(0, 5, 9)	E-	B-	5	5
127.5	255/2	0.25	1/4	32	A4	69	True	spine_0	1	32.0	2.0	61.0	V/V	False	('F', 'A', 'C')	F	F	0.0	major triad	(0, 5, 9)	E-	B-	5	5
127.75	511/4	0.25	1/4	32	B-4	70	True	spine_0	1	32.0	2.0	61.0	V/V	False	('F', 'A', 'C')	F	F	0.0	major triad	(0, 5, 9)	E-	B-	5	5
128.0	128	1.0	1	33	F3	53	True	spine_0	1	33.0	4.0	62.0	V	True	('B-', 'D', 'F')	B-	B-	0.0	major triad	(2, 5, 10)	E-	E-	5	None
128.0	128	0.5	1/2	33	B-4	70	True	spine_0	1	33.0	4.0	62.0	V	True	('B-', 'D', 'F')	B-	B-	0.0	major triad	(2, 5, 10)	E-	E-	5	None
128.5	257/2	0.5	1/2	33	A4	69	True	spine_0	1	33.0	4.0	62.0	V	False	('B-', 'D', 'F')	B-	B-	0.0	major triad	(2, 5, 10)	E-	E-	5	None
129.0	129	0.25	1/4	33	G3	55	True	spine_0	1	33.0	4.0	62.0	V	False	('B-', 'D', 'F')	B-	B-	0.0	major triad	(2, 5, 10)	E-	E-	5	None
129.25	517/4	0.25	1/4	33	E-3	51	True	spine_0	1	33.0	4.0	62.0	V	False	('B-', 'D', 'F')	B-	B-	0.0	major triad	(2, 5, 10)	E-	E-	5	None
129.5	259/2	0.5	1/2	33	E-3	51	True	spine_0	1	33.0	4.0	62.0	V	False	('B-', 'D', 'F')	B-	B-	0.0	major triad	(2, 5, 10)	E-	E-	5	None
129.5	259/2	0.25	1/4	33	C4	60	True	spine_0	1	33.0	4.0	62.0	V	False	('B-', 'D', 'F')	B-	B-	0.0	major triad	(2, 5, 10)	E-	E-	5	None
129.75	519/4	0.25	1/4	33	A3	57	True	spine_0	1	33.0	4.0	62.0	V	False	('B-', 'D', 'F')	B-	B-	0.0	major triad	(2, 5, 10)	E-	E-	5	None
130.0	130	1.0	1	33	D3	50	True	spine_0	1	33.0	4.0	62.0	V	False	('B-', 'D', 'F')	B-	B-	0.0	major triad	(2, 5, 10)	E-	E-	5	None
130.0	130	0.25	1/4	33	B-3	58	True	spine_0	1	33.0	4.0	62.0	V	False	('B-', 'D', 'F')	B-	B-	0.0	major triad	(2, 5, 10)	E-	E-	5	None
130.25	521/4	0.25	1/4	33	C4	60	True	spine_0	1	33.0	4.0	62.0	V	False	('B-', 'D', 'F')	B-	B-	0.0	major triad	(2, 5, 10)	E-	E-	5	None
130.5	261/2	0.375	3/8	33	D4	62	True	spine_0	1	33.0	4.0	62.0	V	False	('B-', 'D', 'F')	B-	B-	0.0	major triad	(2, 5, 10)	E-	E-	5	None
130.875	1047/8	0.125	1/8	33	F3	53	True	spine_0	1	33.0	4.0	62.0	V	False	('B-', 'D', 'F')	B-	B-	0.0	major triad	(2, 5, 10)	E-	E-	5	None
131.0	131	0.5	1/2	33	E-3	51	True	spine_0	1	33.0	4.0	62.0	V	False	('B-', 'D', 'F')	B-	B-	0.0	major triad	(2, 5, 10)	E-	E-	5	None
131.0	131	0.25	1/4	33	G3	55	True	spine_0	1	33.0	4.0	62.0	V	False	('B-', 'D', 'F')	B-	B-	0.0	major triad	(2, 5, 10)	E-	E-	5	None
131.25	525/4	0.25	1/4	33	E-3	51	True	spine_0	1	33.0	4.0	62.0	V	False	('B-', 'D', 'F')	B-	B-	0.0	major triad	(2, 5, 10)	E-	E-	5	None
131.5	263/2	0.5	1/2	33	F3	53	True	spine_0	1	33.0	4.0	62.0	V	False	('B-', 'D', 'F')	B-	B-	0.0	major triad	(2, 5, 10)	E-	E-	5	None
131.5	263/2	0.25	1/4	33	C3	48	True	spine_0	1	33.0	4.0	62.0	V	False	('B-', 'D', 'F')	B-	B-	0.0	major triad	(2, 5, 10)	E-	E-	5	None
131.75	527/4	0.25	1/4	33	F3	53	True	spine_0	1	33.0	4.0	62.0	V	False	('B-', 'D', 'F')	B-	B-	0.0	major triad	(2, 5, 10)	E-	E-	5	None
132.0	132	1.0	1	34	B-3	58	True	spine_0	1	34.0	4.0	63.0	V	True	('B-', 'D', 'F')	B-	B-	0.0	major triad	(2, 5, 10)	E-	E-	5	None
132.0	132	0.5	1/2	34	B-2	46	True	spine_0	1	34.0	4.0	63.0	V	True	('B-', 'D', 'F')	B-	B-	0.0	major triad	(2, 5, 10)	E-	E-	5	None
132.5	265/2	0.5	1/2	34	B-3	58	True	spine_0	1	34.0	4.0	63.0	V	False	('B-', 'D', 'F')	B-	B-	0.0	major triad	(2, 5, 10)	E-	E-	5	None
133.0	133	0.25	1/4	34	D5	74	True	spine_0	1	34.0	4.0	63.0	V	False	('B-', 'D', 'F')	B-	B-	0.0	major triad	(2, 5, 10)	E-	E-	5	None
133.25	533/4	0.25	1/4	34	B-4	70	True	spine_0	1	34.0	4.0	63.0	V	False	('B-', 'D', 'F')	B-	B-	0.0	major triad	(2, 5, 10)	E-	E-	5	None
133.5	267/2	0.25	1/4	34	G5	79	True	spine_0	1	34.0	4.0	63.0	V	False	('B-', 'D', 'F')	B-	B-	0.0	major triad	(2, 5, 10)	E-	E-	5	None
133.5	267/2	0.5	1/2	34	B-4	70	True	spine_0	1	34.0	4.0	63.0	V	False	('B-', 'D', 'F')	B-	B-	0.0	major triad	(2, 5, 10)	E-	E-	5	None
133.75	535/4	0.25	1/4	34	E5	76	True	spine_0	1	34.0	4.0	63.0	V	False	('B-', 'D', 'F')	B-	B-	0.0	major triad	(2, 5, 10)	E-	E-	5	None
134.0	134	0.5	1/2	34	F5	77	True	spine_0	1	34.0	4.0	63.0	V	False	('B-', 'D', 'F')	B-	B-	0.0	major triad	(2, 5, 10)	E-	E-	5	None
134.0	134	0.5	1/2	34	A4	69	True	spine_0	1	34.0	4.0	63.0	V	False	('B-', 'D', 'F')	B-	B-	0.0	major triad	(2, 5, 10)	E-	E-	5	None
134.5	269/2	0.5	1/2	34	F5	77	True	spine_0	1	34.0	4.0	63.0	V	False	('B-', 'D', 'F')	B-	B-	0.0	major triad	(2, 5, 10)	E-	E-	5	None
134.5	269/2	0.5	1/2	34	A3	57	True	spine_0	1	34.0	4.0	63.0	V	False	('B-', 'D', 'F')	B-	B-	0.0	major triad	(2, 5, 10)	E-	E-	5	None
135.0	135	0.25	1/4	34	E5	76	True	spine_0	1	34.0	4.0	63.0	V	False	('B-', 'D', 'F')	B-	B-	0.0	major triad	(2, 5, 10)	E-	E-	5	None
135.0	135	0.5	1/2	34	G3	55	True	spine_0	1	34.0	4.0	63.0	V	False	('B-', 'D', 'F')	B-	B-	0.0	major triad	(2, 5, 10)	E-	E-	5	None
135.25	541/4	0.25	1/4	34	G5	79	True	spine_0	1	34.0	4.0	63.0	V	False	('B-', 'D', 'F')	B-	B-	0.0	major triad	(2, 5, 10)	E-	E-	5	None
135.5	271/2	0.25	1/4	34	A5	81	True	spine_0	1	34.0	4.0	63.0	V	False	('B-', 'D', 'F')	B-	B-	0.0	major triad	(2, 5, 10)	E-	E-	5	None
135.5	271/2	0.5	1/2	34	C4	60	True	spine_0	1	34.0	4.0	63.0	V	False	('B-', 'D', 'F')	B-	B-	0.0	major triad	(2, 5, 10)	E-	E-	5	None
135.75	543/4	0.25	1/4	34	B-5	82	True	spine_0	1	34.0	4.0	63.0	V	False	('B-', 'D', 'F')	B-	B-	0.0	major triad	(2, 5, 10)	E-	E-	5	None
136.0	136	0.5	1/2	35	B-5	82	True	spine_0	1	35.0	4.0	64.0	V/V	True	('F', 'A', 'C')	F	F	0.0	major triad	(0, 5, 9)	E-	B-	5	5
136.0	136	0.5	1/2	35	F4	65	True	spine_0	1	35.0	4.0	64.0	V/V	True	('F', 'A', 'C')	F	F	0.0	major triad	(0, 5, 9)	E-	B-	5	5
136.5	273/2	0.5	1/2	35	A5	81	True	spine_0	1	35.0	4.0	64.0	V/V	False	('F', 'A', 'C')	F	F	0.0	major triad	(0, 5, 9)	E-	B-	5	5
136.5	273/2	0.5	1/2	35	F3	53	True	spine_0	1	35.0	4.0	64.0	V/V	False	('F', 'A', 'C')	F	F	0.0	major triad	(0, 5, 9)	E-	B-	5	5
137.0	137	0.25	1/4	35	G4	67	True	spine_0	1	35.0	4.0	64.0	V/V	False	('F', 'A', 'C')	F	F	0.0	major triad	(0, 5, 9)	E-	B-	5	5
137.25	549/4	0.25	1/4	35	E-4	63	True	spine_0	1	35.0	4.0	64.0	V/V	False	('F', 'A', 'C')	F	F	0.0	major triad	(0, 5, 9)	E-	B-	5	5
137.5	275/2	0.25	1/4	35	C5	72	True	spine_0	1	35.0	4.0	64.0	V/V	False	('F', 'A', 'C')	F	F	0.0	major triad	(0, 5, 9)	E-	B-	5	5
137.5	275/2	0.5	1/2	35	E-4	63	True	spine_0	1	35.0	4.0	64.0	V/V	False	('F', 'A', 'C')	F	F	0.0	major triad	(0, 5, 9)	E-	B-	5	5
137.75	551/4	0.25	1/4	35	A4	69	True	spine_0	1	35.0	4.0	64.0	V/V	False	('F', 'A', 'C')	F	F	0.0	major triad	(0, 5, 9)	E-	B-	5	5
138.0	138	0.25	1/4	35	B-4	70	True	spine_0	1	35.0	4.0	64.0	V/V	False	('F', 'A', 'C')	F	F	0.0	major triad	(0, 5, 9)	E-	B-	5	5
138.0	138	0.5	1/2	35	D4	62	True	spine_0	1	35.0	4.0	64.0	V/V	False	('F', 'A', 'C')	F	F	0.0	major triad	(0, 5, 9)	E-	B-	5	5
138.25	553/4	0.25	1/4	35	C5	72	True	spine_0	1	35.0	4.0	64.0	V/V	False	('F', 'A', 'C')	F	F	0.0	major triad	(0, 5, 9)	E-	B-	5	5
138.5	277/2	0.375	3/8	35	D5	74	True	spine_0	1	35.0	4.0	64.0	V/V	False	('F', 'A', 'C')	F	F	0.0	major triad	(0, 5, 9)	E-	B-	5	5
138.5	277/2	0.5	1/2	35	D3	50	True	spine_0	1	35.0	4.0	64.0	V/V	False	('F', 'A', 'C')	F	F	0.0	major triad	(0, 5, 9)	E-	B-	5	5
138.875	1111/8	0.125	1/8	35	F4	65	True	spine_0	1	35.0	4.0	64.0	V/V	False	('F', 'A', 'C')	F	F	0.0	major triad	(0, 5, 9)	E-	B-	5	5
139.0	139	0.25	1/4	35	G4	67	True	spine_0	1	35.0	4.0	64.0	V/V	False	('F', 'A', 'C')	F	F	0.0	major triad	(0, 5, 9)	E-	B-	5	5
139.0	139	0.5	1/2	35	E-3	51	True	spine_0	1	35.0	4.0	64.0	V/V	False	('F', 'A', 'C')	F	F	0.0	major triad	(0, 5, 9)	E-	B-	5	5
139.25	557/4	0.25	1/4	35	E-4	63	True	spine_0	1	35.0	4.0	64.0	V/V	False	('F', 'A', 'C')	F	F	0.0	major triad	(0, 5, 9)	E-	B-	5	5
139.5	279/2	0.25	1/4	35	C4	60	True	spine_0	1	35.0	4.0	64.0	V/V	False	('F', 'A', 'C')	F	F	0.0	major triad	(0, 5, 9)	E-	B-	5	5
139.5	279/2	0.5	1/2	35	F3	53	True	spine_0	1	35.0	4.0	64.0	V/V	False	('F', 'A', 'C')	F	F	0.0	major triad	(0, 5, 9)	E-	B-	5	5
139.75	559/4	0.25	1/4	35	A3	57	True	spine_0	1	35.0	4.0	64.0	V/V	False	('F', 'A', 'C')	F	F	0.0	major triad	(0, 5, 9)	E-	B-	5	5
140.0	140	1.0	1	36	B-3	58	True	spine_0	1	36.0	3.0	65.0	V	True	('B-', 'D', 'F')	B-	B-	0.0	major triad	(2, 5, 10)	E-	E-	5	None
140.0	140	1.0	1	36	B-3	58	True	spine_0	1	36.0	3.0	65.0	V	True	('B-', 'D', 'F')	B-	B-	0.0	major triad	(2, 5, 10)	E-	E-	5	None
140.0	140	0.25	1/4	36	B-2	46	True	spine_0	1	36.0	3.0	65.0	V	True	('B-', 'D', 'F')	B-	B-	0.0	major triad	(2, 5, 10)	E-	E-	5	None
140.25	561/4	0.25	1/4	36	B-3	58	True	spine_0	1	36.0	3.0	65.0	V	False	('B-', 'D', 'F')	B-	B-	0.0	major triad	(2, 5, 10)	E-	E-	5	None
140.5	281/2	0.25	1/4	36	F3	53	True	spine_0	1	36.0	3.0	65.0	V	False	('B-', 'D', 'F')	B-	B-	0.0	major triad	(2, 5, 10)	E-	E-	5	None
140.75	563/4	0.25	1/4	36	D3	50	True	spine_0	1	36.0	3.0	65.0	V	False	('B-', 'D', 'F')	B-	B-	0.0	major triad	(2, 5, 10)	E-	E-	5	None
141.0	141	0.25	1/4	36	F5	77	True	spine_0	1	36.0	3.0	65.0	V	False	('B-', 'D', 'F')	B-	B-	0.0	major triad	(2, 5, 10)	E-	E-	5	None
141.0	141	0.25	1/4	36	D5	74	True	spine_0	1	36.0	3.0	65.0	V	False	('B-', 'D', 'F')	B-	B-	0.0	major triad	(2, 5, 10)	E-	E-	5	None
141.0	141	0.5	1/2	36	B-2	46	True	spine_0	1	36.0	3.0	65.0	V	False	('B-', 'D', 'F')	B-	B-	0.0	major triad	(2, 5, 10)	E-	E-	5	None
141.25	565/4	0.25	1/4	36	D5	74	True	spine_0	1	36.0	3.0	65.0	V	False	('B-', 'D', 'F')	B-	B-	0.0	major triad	(2, 5, 10)	E-	E-	5	None
141.25	565/4	0.25	1/4	36	B-4	70	True	spine_0	1	36.0	3.0	65.0	V	False	('B-', 'D', 'F')	B-	B-	0.0	major triad	(2, 5, 10)	E-	E-	5	None
141.5	283/2	0.25	1/4	36	G5	79	True	spine_0	1	36.0	3.0	65.0	V	False	('B-', 'D', 'F')	B-	B-	0.0	major triad	(2, 5, 10)	E-	E-	5	None
141.5	283/2	0.25	1/4	36	E-5	75	True	spine_0	1	36.0	3.0	65.0	V	False	('B-', 'D', 'F')	B-	B-	0.0	major triad	(2, 5, 10)	E-	E-	5	None
141.5	283/2	0.5	1/2	36	B-2	46	True	spine_0	1	36.0	3.0	65.0	V	False	('B-', 'D', 'F')	B-	B-	0.0	major triad	(2, 5, 10)	E-	E-	5	None
141.75	567/4	0.25	1/4	36	E-5	75	True	spine_0	1	36.0	3.0	65.0	V	False	('B-', 'D', 'F')	B-	B-	0.0	major triad	(2, 5, 10)	E-	E-	5	None
141.75	567/4	0.25	1/4	36	C5	72	True	spine_0	1	36.0	3.0	65.0	V	False	('B-', 'D', 'F')	B-	B-	0.0	major triad	(2, 5, 10)	E-	E-	5	None
142.0	142	0.75	3/4	36	F5	77	True	spine_0	1	36.0	3.0	65.0	V	False	('B-', 'D', 'F')	B-	B-	0.0	major triad	(2, 5, 10)	E-	E-	5	None
142.0	142	0.75	3/4	36	D5	74	True	spine_0	1	36.0	3.0	65.0	V	False	('B-', 'D', 'F')	B-	B-	0.0	major triad	(2, 5, 10)	E-	E-	5	None
142.0	142	0.25	1/4	36	B-3	58	True	spine_0	1	36.0	3.0	65.0	V	False	('B-', 'D', 'F')	B-	B-	0.0	major triad	(2, 5, 10)	E-	E-	5	None
142.0	142	0.5	1/2	36	B-2	46	True	spine_0	1	36.0	3.0	65.0	V	False	('B-', 'D', 'F')	B-	B-	0.0	major triad	(2, 5, 10)	E-	E-	5	None
142.25	569/4	0.25	1/4	36	D4	62	True	spine_0	1	36.0	3.0	65.0	V	False	('B-', 'D', 'F')	B-	B-	0.0	major triad	(2, 5, 10)	E-	E-	5	None
142.5	285/2	0.25	1/4	36	F4	65	True	spine_0	1	36.0	3.0	65.0	V	False	('B-', 'D', 'F')	B-	B-	0.0	major triad	(2, 5, 10)	E-	E-	5	None
142.5	285/2	0.5	1/2	36	B-2	46	True	spine_0	1	36.0	3.0	65.0	V	False	('B-', 'D', 'F')	B-	B-	0.0	major triad	(2, 5, 10)	E-	E-	5	None
142.75	571/4	0.25	1/4	36	D5	74	True	spine_0	1	36.0	3.0	65.0	V	False	('B-', 'D', 'F')	B-	B-	0.0	major triad	(2, 5, 10)	E-	E-	5	None
142.75	571/4	0.25	1/4	36	F4	65	True	spine_0	1	36.0	3.0	65.0	V	False	('B-', 'D', 'F')	B-	B-	0.0	major triad	(2, 5, 10)	E-	E-	5	None
142.75	571/4	0.25	1/4	36	B-4	70	True	spine_0	1	36.0	3.0	65.0	V	False	('B-', 'D', 'F')	B-	B-	0.0	major triad	(2, 5, 10)	E-	E-	5	None
143.0	143	0.25	1/4	36	E-5	75	True	spine_0	1	36.0	0.5	66.0	V	True	('B-', 'D', 'F')	B-	B-	0.0	major triad	(2, 5, 10)	E-	E-	5	None
143.0	143	0.25	1/4	36	G4	67	True	spine_0	1	36.0	0.5	66.0	V	True	('B-', 'D', 'F')	B-	B-	0.0	major triad	(2, 5, 10)	E-	E-	5	None
143.0	143	0.5	1/2	36	B-3	58	True	spine_0	1	36.0	0.5	66.0	V	True	('B-', 'D', 'F')	B-	B-	0.0	major triad	(2, 5, 10)	E-	E-	5	None
143.0	143	0.5	1/2	36	B-2	46	True	spine_0	1	36.0	0.5	66.0	V	True	('B-', 'D', 'F')	B-	B-	0.0	major triad	(2, 5, 10)	E-	E-	5	None
143.25	573/4	0.25	1/4	36	C5	72	True	spine_0	1	36.0	0.5	66.0	V	False	('B-', 'D', 'F')	B-	B-	0.0	major triad	(2, 5, 10)	E-	E-	5	None
143.25	573/4	0.25	1/4	36	E-4	63	True	spine_0	1	36.0	0.5	66.0	V	False	('B-', 'D', 'F')	B-	B-	0.0	major triad	(2, 5, 10)	E-	E-	5	None
143.5	287/2	0.25	1/4	36	B-4	70	True	spine_0	1	36.0	0.5	67.0	I	True	('B-', 'E-', 'G')	B-	E-	2.0	major triad	(3, 7, 10)	E-	E-	1	None
143.5	287/2	0.25	1/4	36	D4	62	True	spine_0	1	36.0	0.5	67.0	I	True	('B-', 'E-', 'G')	B-	E-	2.0	major triad	(3, 7, 10)	E-	E-	1	None
143.5	287/2	0.5	1/2	36	B-2	46	True	spine_0	1	36.0	0.5	67.0	I	True	('B-', 'E-', 'G')	B-	E-	2.0	major triad	(3, 7, 10)	E-	E-	1	None
143.75	575/4	0.25	1/4	36	A4	69	True	spine_0	1	36.0	0.5	67.0	I	False	('B-', 'E-', 'G')	B-	E-	2.0	major triad	(3, 7, 10)	E-	E-	1	None
143.75	575/4	0.25	1/4	36	C4	60	True	spine_0	1	36.0	0.5	67.0	I	False	('B-', 'E-', 'G')	B-	E-	2.0	major triad	(3, 7, 10)	E-	E-	1	None
144.0	144	0.75	3/4	37	B-4	70	True	spine_0	1	37.0	3.5	68.0	V	True	('B-', 'D', 'F')	B-	B-	0.0	major triad	(2, 5, 10)	E-	E-	5	None
144.0	144	0.75	3/4	37	D4	62	True	spine_0	1	37.0	3.5	68.0	V	True	('B-', 'D', 'F')	B-	B-	0.0	major triad	(2, 5, 10)	E-	E-	5	None
144.0	144	0.25	1/4	37	B-2	46	True	spine_0	1	37.0	3.5	68.0	V	True	('B-', 'D', 'F')	B-	B-	0.0	major triad	(2, 5, 10)	E-	E-	5	None
144.25	577/4	0.25	1/4	37	B-3	58	True	spine_0	1	37.0	3.5	68.0	V	False	('B-', 'D', 'F')	B-	B-	0.0	major triad	(2, 5, 10)	E-	E-	5	None
144.5	289/2	0.25	1/4	37	F3	53	True	spine_0	1	37.0	3.5	68.0	V	False	('B-', 'D', 'F')	B-	B-	0.0	major triad	(2, 5, 10)	E-	E-	5	None
144.75	579/4	0.25	1/4	37	D5	74	True	spine_0	1	37.0	3.5	68.0	V	False	('B-', 'D', 'F')	B-	B-	0.0	major triad	(2, 5, 10)	E-	E-	5	None
144.75	579/4	0.25	1/4	37	B-4	70	True	spine_0	1	37.0	3.5	68.0	V	False	('B-', 'D', 'F')	B-	B-	0.0	major triad	(2, 5, 10)	E-	E-	5	None
144.75	579/4	0.25	1/4	37	D3	50	True	spine_0	1	37.0	3.5	68.0	V	False	('B-', 'D', 'F')	B-	B-	0.0	major triad	(2, 5, 10)	E-	E-	5	None
145.0	145	0.25	1/4	37	F5	77	True	spine_0	1	37.0	3.5	68.0	V	False	('B-', 'D', 'F')	B-	B-	0.0	major triad	(2, 5, 10)	E-	E-	5	None
145.0	145	0.25	1/4	37	D5	74	True	spine_0	1	37.0	3.5	68.0	V	False	('B-', 'D', 'F')	B-	B-	0.0	major triad	(2, 5, 10)	E-	E-	5	None
145.0	145	0.5	1/2	37	B-2	46	True	spine_0	1	37.0	3.5	68.0	V	False	('B-', 'D', 'F')	B-	B-	0.0	major triad	(2, 5, 10)	E-	E-	5	None
145.25	581/4	0.25	1/4	37	D5	74	True	spine_0	1	37.0	3.5	68.0	V	False	('B-', 'D', 'F')	B-	B-	0.0	major triad	(2, 5, 10)	E-	E-	5	None
145.25	581/4	0.25	1/4	37	B-4	70	True	spine_0	1	37.0	3.5	68.0	V	False	('B-', 'D', 'F')	B-	B-	0.0	major triad	(2, 5, 10)	E-	E-	5	None
145.5	291/2	0.25	1/4	37	G5	79	True	spine_0	1	37.0	3.5	68.0	V	False	('B-', 'D', 'F')	B-	B-	0.0	major triad	(2, 5, 10)	E-	E-	5	None
145.5	291/2	0.25	1/4	37	E-5	75	True	spine_0	1	37.0	3.5	68.0	V	False	('B-', 'D', 'F')	B-	B-	0.0	major triad	(2, 5, 10)	E-	E-	5	None
145.5	291/2	0.5	1/2	37	B-2	46	True	spine_0	1	37.0	3.5	68.0	V	False	('B-', 'D', 'F')	B-	B-	0.0	major triad	(2, 5, 10)	E-	E-	5	None
145.75	583/4	0.25	1/4	37	E-5	75	True	spine_0	1	37.0	3.5	68.0	V	False	('B-', 'D', 'F')	B-	B-	0.0	major triad	(2, 5, 10)	E-	E-	5	None
145.75	583/4	0.25	1/4	37	C5	72	True	spine_0	1	37.0	3.5	68.0	V	False	('B-', 'D', 'F')	B-	B-	0.0	major triad	(2, 5, 10)	E-	E-	5	None
146.0	146	0.75	3/4	37	F5	77	True	spine_0	1	37.0	3.5	68.0	V	False	('B-', 'D', 'F')	B-	B-	0.0	major triad	(2, 5, 10)	E-	E-	5	None
146.0	146	0.75	3/4	37	D5	74	True	spine_0	1	37.0	3.5	68.0	V	False	('B-', 'D', 'F')	B-	B-	0.0	major triad	(2, 5, 10)	E-	E-	5	None
146.0	146	0.25	1/4	37	B-3	58	True	spine_0	1	37.0	3.5	68.0	V	False	('B-', 'D', 'F')	B-	B-	0.0	major triad	(2, 5, 10)	E-	E-	5	None
146.0	146	0.5	1/2	37	B-2	46	True	spine_0	1	37.0	3.5	68.0	V	False	('B-', 'D', 'F')	B-	B-	0.0	major triad	(2, 5, 10)	E-	E-	5	None
146.25	585/4	0.25	1/4	37	D4	62	True	spine_0	1	37.0	3.5	68.0	V	False	('B-', 'D', 'F')	B-	B-	0.0	major triad	(2, 5, 10)	E-	E-	5	None
146.5	293/2	0.25	1/4	37	F4	65	True	spine_0	1	37.0	3.5	68.0	V	False	('B-', 'D', 'F')	B-	B-	0.0	major triad	(2, 5, 10)	E-	E-	5	None
146.5	293/2	0.5	1/2	37	B-2	46	True	spine_0	1	37.0	3.5	68.0	V	False	('B-', 'D', 'F')	B-	B-	0.0	major triad	(2, 5, 10)	E-	E-	5	None
146.75	587/4	0.25	1/4	37	D5	74	True	spine_0	1	37.0	3.5	68.0	V	False	('B-', 'D', 'F')	B-	B-	0.0	major triad	(2, 5, 10)	E-	E-	5	None
146.75	587/4	0.25	1/4	37	F4	65	True	spine_0	1	37.0	3.5	68.0	V	False	('B-', 'D', 'F')	B-	B-	0.0	major triad	(2, 5, 10)	E-	E-	5	None
146.75	587/4	0.25	1/4	37	B-4	70	True	spine_0	1	37.0	3.5	68.0	V	False	('B-', 'D', 'F')	B-	B-	0.0	major triad	(2, 5, 10)	E-	E-	5	None
147.0	147	0.25	1/4	37	E-5	75	True	spine_0	1	37.0	3.5	68.0	V	False	('B-', 'D', 'F')	B-	B-	0.0	major triad	(2, 5, 10)	E-	E-	5	None
147.0	147	0.25	1/4	37	G4	67	True	spine_0	1	37.0	3.5	68.0	V	False	('B-', 'D', 'F')	B-	B-	0.0	major triad	(2, 5, 10)	E-	E-	5	None
147.0	147	0.5	1/2	37	B-3	58	True	spine_0	1	37.0	3.5	68.0	V	False	('B-', 'D', 'F')	B-	B-	0.0	major triad	(2, 5, 10)	E-	E-	5	None
147.0	147	0.5	1/2	37	B-2	46	True	spine_0	1	37.0	3.5	68.0	V	False	('B-', 'D', 'F')	B-	B-	0.0	major triad	(2, 5, 10)	E-	E-	5	None
147.25	589/4	0.25	1/4	37	C5	72	True	spine_0	1	37.0	3.5	68.0	V	False	('B-', 'D', 'F')	B-	B-	0.0	major triad	(2, 5, 10)	E-	E-	5	None
147.25	589/4	0.25	1/4	37	E-4	63	True	spine_0	1	37.0	3.5	68.0	V	False	('B-', 'D', 'F')	B-	B-	0.0	major triad	(2, 5, 10)	E-	E-	5	None
147.5	295/2	0.25	1/4	37	B-4	70	True	spine_0	1	37.0	0.5	69.0	I	True	('B-', 'E-', 'G')	B-	E-	2.0	major triad	(3, 7, 10)	E-	E-	1	None
147.5	295/2	0.25	1/4	37	D4	62	True	spine_0	1	37.0	0.5	69.0	I	True	('B-', 'E-', 'G')	B-	E-	2.0	major triad	(3, 7, 10)	E-	E-	1	None
147.5	295/2	0.5	1/2	37	B-2	46	True	spine_0	1	37.0	0.5	69.0	I	True	('B-', 'E-', 'G')	B-	E-	2.0	major triad	(3, 7, 10)	E-	E-	1	None
147.75	591/4	0.25	1/4	37	A4	69	True	spine_0	1	37.0	0.5	69.0	I	False	('B-', 'E-', 'G')	B-	E-	2.0	major triad	(3, 7, 10)	E-	E-	1	None
147.75	591/4	0.25	1/4	37	C4	60	True	spine_0	1	37.0	0.5	69.0	I	False	('B-', 'E-', 'G')	B-	E-	2.0	major triad	(3, 7, 10)	E-	E-	1	None
148.0	148	1.0	1	38	B-4	70	True	spine_0	1	38.0	4.0	70.0	V	True	('B-', 'D', 'F')	B-	B-	0.0	major triad	(2, 5, 10)	E-	E-	5	None
148.0	148	1.0	1	38	D4	62	True	spine_0	1	38.0	4.0	70.0	V	True	('B-', 'D', 'F')	B-	B-	0.0	major triad	(2, 5, 10)	E-	E-	5	None
148.0	148	0.25	1/4	38	B-2	46	True	spine_0	1	38.0	4.0	70.0	V	True	('B-', 'D', 'F')	B-	B-	0.0	major triad	(2, 5, 10)	E-	E-	5	None
148.25	593/4	0.25	1/4	38	B-3	58	True	spine_0	1	38.0	4.0	70.0	V	False	('B-', 'D', 'F')	B-	B-	0.0	major triad	(2, 5, 10)	E-	E-	5	None
148.5	297/2	0.25	1/4	38	F3	53	True	spine_0	1	38.0	4.0	70.0	V	False	('B-', 'D', 'F')	B-	B-	0.0	major triad	(2, 5, 10)	E-	E-	5	None
148.75	595/4	0.25	1/4	38	D3	50	True	spine_0	1	38.0	4.0	70.0	V	False	('B-', 'D', 'F')	B-	B-	0.0	major triad	(2, 5, 10)	E-	E-	5	None
149.0	149	0.25	1/4	38	B-4	70	False	spine_0	1	38.0	4.0	70.0	V	False	('B-', 'D', 'F')	B-	B-	0.0	major triad	(2, 5, 10)	E-	E-	5	None
149.0	149	0.5	1/2	38	B-2	46	True	spine_0	1	38.0	4.0	70.0	V	False	('B-', 'D', 'F')	B-	B-	0.0	major triad	(2, 5, 10)	E-	E-	5	None
149.25	597/4	0.25	1/4	38	A4	69	True	spine_0	1	38.0	4.0	70.0	V	False	('B-', 'D', 'F')	B-	B-	0.0	major triad	(2, 5, 10)	E-	E-	5	None
149.5	299/2	0.25	1/4	38	C5	72	True	spine_0	1	38.0	4.0	70.0	V	False	('B-', 'D', 'F')	B-	B-	0.0	major triad	(2, 5, 10)	E-	E-	5	None
149.75	599/4	0.25	1/4	38	B-4	70	True	spine_0	1	38.0	4.0	70.0	V	False	('B-', 'D', 'F')	B-	B-	0.0	major triad	(2, 5, 10)	E-	E-	5	None
150.0	150	0.25	1/4	38	D5	74	True	spine_0	1	38.0	4.0	70.0	V	False	('B-', 'D', 'F')	B-	B-	0.0	major triad	(2, 5, 10)	E-	E-	5	None
150.0	150	0.25	1/4	38	B-4	70	True	spine_0	1	38.0	4.0	70.0	V	False	('B-', 'D', 'F')	B-	B-	0.0	major triad	(2, 5, 10)	E-	E-	5	None
150.25	601/4	0.25	1/4	38	C5	72	True	spine_0	1	38.0	4.0	70.0	V	False	('B-', 'D', 'F')	B-	B-	0.0	major triad	(2, 5, 10)	E-	E-	5	None
150.25	601/4	0.25	1/4	38	A4	69	True	spine_0	1	38.0	4.0	70.0	V	False	('B-', 'D', 'F')	B-	B-	0.0	major triad	(2, 5, 10)	E-	E-	5	None
150.5	301/2	0.25	1/4	38	E-5	75	True	spine_0	1	38.0	4.0	70.0	V	False	('B-', 'D', 'F')	B-	B-	0.0	major triad	(2, 5, 10)	E-	E-	5	None
150.5	301/2	0.25	1/4	38	C5	72	True	spine_0	1	38.0	4.0	70.0	V	False	('B-', 'D', 'F')	B-	B-	0.0	major triad	(2, 5, 10)	E-	E-	5	None
150.75	603/4	0.25	1/4	38	D5	74	True	spine_0	1	38.0	4.0	70.0	V	False	('B-', 'D', 'F')	B-	B-	0.0	major triad	(2, 5, 10)	E-	E-	5	None
150.75	603/4	0.25	1/4	38	B-4	70	True	spine_0	1	38.0	4.0	70.0	V	False	('B-', 'D', 'F')	B-	B-	0.0	major triad	(2, 5, 10)	E-	E-	5	None
151.0	151	0.25	1/4	38	F5	77	True	spine_0	1	38.0	4.0	70.0	V	False	('B-', 'D', 'F')	B-	B-	0.0	major triad	(2, 5, 10)	E-	E-	5	None
151.0	151	0.25	1/4	38	D5	74	True	spine_0	1	38.0	4.0	70.0	V	False	('B-', 'D', 'F')	B-	B-	0.0	major triad	(2, 5, 10)	E-	E-	5	None
151.25	605/4	0.25	1/4	38	E-5	75	True	spine_0	1	38.0	4.0	70.0	V	False	('B-', 'D', 'F')	B-	B-	0.0	major triad	(2, 5, 10)	E-	E-	5	None
151.25	605/4	0.25	1/4	38	C5	72	True	spine_0	1	38.0	4.0	70.0	V	False	('B-', 'D', 'F')	B-	B-	0.0	major triad	(2, 5, 10)	E-	E-	5	None
151.5	303/2	0.25	1/4	38	G5	79	True	spine_0	1	38.0	4.0	70.0	V	False	('B-', 'D', 'F')	B-	B-	0.0	major triad	(2, 5, 10)	E-	E-	5	None
151.5	303/2	0.25	1/4	38	E-5	75	True	spine_0	1	38.0	4.0	70.0	V	False	('B-', 'D', 'F')	B-	B-	0.0	major triad	(2, 5, 10)	E-	E-	5	None
151.75	607/4	0.25	1/4	38	F5	77	True	spine_0	1	38.0	4.0	70.0	V	False	('B-', 'D', 'F')	B-	B-	0.0	major triad	(2, 5, 10)	E-	E-	5	None
151.75	607/4	0.25	1/4	38	D5	74	True	spine_0	1	38.0	4.0	70.0	V	False	('B-', 'D', 'F')	B-	B-	0.0	major triad	(2, 5, 10)	E-	E-	5	None
152.0	152	1.5	3/2	39	A-5	80	True	spine_0	1	39.0	4.0	71.0	V	True	('B-', 'D', 'F')	B-	B-	0.0	major triad	(2, 5, 10)	E-	E-	5	None
152.0	152	1.5	3/2	39	F5	77	True	spine_0	1	39.0	4.0	71.0	V	True	('B-', 'D', 'F')	B-	B-	0.0	major triad	(2, 5, 10)	E-	E-	5	None
153.5	307/2	0.5	1/2	39	G5	79	True	spine_0	1	39.0	4.0	71.0	V	False	('B-', 'D', 'F')	B-	B-	0.0	major triad	(2, 5, 10)	E-	E-	5	None
153.5	307/2	0.5	1/2	39	E-5	75	True	spine_0	1	39.0	4.0	71.0	V	False	('B-', 'D', 'F')	B-	B-	0.0	major triad	(2, 5, 10)	E-	E-	5	None
154.0	154	0.5	1/2	39	F5	77	True	spine_0	1	39.0	4.0	71.0	V	False	('B-', 'D', 'F')	B-	B-	0.0	major triad	(2, 5, 10)	E-	E-	5	None
154.0	154	0.5	1/2	39	D5	74	True	spine_0	1	39.0	4.0	71.0	V	False	('B-', 'D', 'F')	B-	B-	0.0	major triad	(2, 5, 10)	E-	E-	5	None
154.5	309/2	0.5	1/2	39	E-5	75	True	spine_0	1	39.0	4.0	71.0	V	False	('B-', 'D', 'F')	B-	B-	0.0	major triad	(2, 5, 10)	E-	E-	5	None
154.5	309/2	0.5	1/2	39	C5	72	True	spine_0	1	39.0	4.0	71.0	V	False	('B-', 'D', 'F')	B-	B-	0.0	major triad	(2, 5, 10)	E-	E-	5	None
155.0	155	0.5	1/2	39	D5	74	True	spine_0	1	39.0	4.0	71.0	V	False	('B-', 'D', 'F')	B-	B-	0.0	major triad	(2, 5, 10)	E-	E-	5	None
155.0	155	0.5	1/2	39	B-4	70	True	spine_0	1	39.0	4.0	71.0	V	False	('B-', 'D', 'F')	B-	B-	0.0	major triad	(2, 5, 10)	E-	E-	5	None
155.5	311/2	0.5	1/2	39	C5	72	True	spine_0	1	39.0	4.0	71.0	V	False	('B-', 'D', 'F')	B-	B-	0.0	major triad	(2, 5, 10)	E-	E-	5	None
155.5	311/2	0.5	1/2	39	A-4	68	True	spine_0	1	39.0	4.0	71.0	V	False	('B-', 'D', 'F')	B-	B-	0.0	major triad	(2, 5, 10)	E-	E-	5	None
156.0	156	1.5	3/2	40	A-5	80	True	spine_0	1	40.0	4.0	72.0	V	True	('B-', 'D', 'F')	B-	B-	0.0	major triad	(2, 5, 10)	E-	E-	5	None
156.0	156	1.5	3/2	40	F5	77	True	spine_0	1	40.0	4.0	72.0	V	True	('B-', 'D', 'F')	B-	B-	0.0	major triad	(2, 5, 10)	E-	E-	5	None
157.5	315/2	0.5	1/2	40	G5	79	True	spine_0	1	40.0	4.0	72.0	V	False	('B-', 'D', 'F')	B-	B-	0.0	major triad	(2, 5, 10)	E-	E-	5	None
157.5	315/2	0.5	1/2	40	E-5	75	True	spine_0	1	40.0	4.0	72.0	V	False	('B-', 'D', 'F')	B-	B-	0.0	major triad	(2, 5, 10)	E-	E-	5	None
158.0	158	0.5	1/2	40	F5	77	True	spine_0	1	40.0	4.0	72.0	V	False	('B-', 'D', 'F')	B-	B-	0.0	major triad	(2, 5, 10)	E-	E-	5	None
158.0	158	0.5	1/2	40	D5	74	True	spine_0	1	40.0	4.0	72.0	V	False	('B-', 'D', 'F')	B-	B-	0.0	major triad	(2, 5, 10)	E-	E-	5	None
158.5	317/2	0.5	1/2	40	E-5	75	True	spine_0	1	40.0	4.0	72.0	V	False	('B-', 'D', 'F')	B-	B-	0.0	major triad	(2, 5, 10)	E-	E-	5	None
158.5	317/2	0.5	1/2	40	C5	72	True	spine_0	1	40.0	4.0	72.0	V	False	('B-', 'D', 'F')	B-	B-	0.0	major triad	(2, 5, 10)	E-	E-	5	None
159.0	159	0.5	1/2	40	D5	74	True	spine_0	1	40.0	4.0	72.0	V	False	('B-', 'D', 'F')	B-	B-	0.0	major triad	(2, 5, 10)	E-	E-	5	None
159.0	159	0.5	1/2	40	B4	71	True	spine_0	1	40.0	4.0	72.0	V	False	('B-', 'D', 'F')	B-	B-	0.0	major triad	(2, 5, 10)	E-	E-	5	None
159.5	319/2	0.5	1/2	40	C5	72	True	spine_0	1	40.0	4.0	72.0	V	False	('B-', 'D', 'F')	B-	B-	0.0	major triad	(2, 5, 10)	E-	E-	5	None
159.5	319/2	0.5	1/2	40	A4	69	True	spine_0	1	40.0	4.0	72.0	V	False	('B-', 'D', 'F')	B-	B-	0.0	major triad	(2, 5, 10)	E-	E-	5	None
160.0	160	0.5	1/2	41	B4	71	True	spine_0	1	41.0	1.0	73.0	V/vi	True	('G', 'B', 'D')	G	G	0.0	major triad	(2, 7, 11)	E-	c	5	6
160.0	160	4.0	4	41	G5	79	True	spine_0	1	41.0	1.0	73.0	V/vi	True	('G', 'B', 'D')	G	G	0.0	major triad	(2, 7, 11)	E-	c	5	6
160.0	160	0.5	1/2	41	G4	67	True	spine_0	1	41.0	1.0	73.0	V/vi	True	('G', 'B', 'D')	G	G	0.0	major triad	(2, 7, 11)	E-	c	5	6
160.0	160	1.0	1	41	G3	55	True	spine_0	1	41.0	1.0	73.0	V/vi	True	('G', 'B', 'D')	G	G	0.0	major triad	(2, 7, 11)	E-	c	5	6
160.5	321/2	0.5	1/2	41	D5	74	True	spine_0	1	41.0	1.0	73.0	V/vi	False	('G', 'B', 'D')	G	G	0.0	major triad	(2, 7, 11)	E-	c	5	6
160.5	321/2	0.5	1/2	41	B4	71	True	spine_0	1	41.0	1.0	73.0	V/vi	False	('G', 'B', 'D')	G	G	0.0	major triad	(2, 7, 11)	E-	c	5	6
161.0	161	0.5	1/2	41	E-5	75	True	spine_0	1	41.0	3.0	74.0	III	True	('G', 'B', 'D')	G	G	0.0	major triad	(2, 7, 11)	E-	E-	3	None
161.0	161	0.5	1/2	41	C5	72	True	spine_0	1	41.0	3.0	74.0	III	True	('G', 'B', 'D')	G	G	0.0	major triad	(2, 7, 11)	E-	E-	3	None
161.5	323/2	0.5	1/2	41	C5	72	True	spine_0	1	41.0	3.0	74.0	III	False	('G', 'B', 'D')	G	G	0.0	major triad	(2, 7, 11)	E-	E-	3	None
161.5	323/2	0.5	1/2	41	F#4	66	True	spine_0	1	41.0	3.0	74.0	III	False	('G', 'B', 'D')	G	G	0.0	major triad	(2, 7, 11)	E-	E-	3	None
162.0	162	0.5	1/2	41	B4	71	True	spine_0	1	41.0	3.0	74.0	III	False	('G', 'B', 'D')	G	G	0.0	major triad	(2, 7, 11)	E-	E-	3	None
162.0	162	0.5	1/2	41	G4	67	True	spine_0	1	41.0	3.0	74.0	III	False	('G', 'B', 'D')	G	G	0.0	major triad	(2, 7, 11)	E-	E-	3	None
162.0	162	1.0	1	41	G3	55	True	spine_0	1	41.0	3.0	74.0	III	False	('G', 'B', 'D')	G	G	0.0	major triad	(2, 7, 11)	E-	E-	3	None
162.5	325/2	0.5	1/2	41	B4	71	True	spine_0	1	41.0	3.0	74.0	III	False	('G', 'B', 'D')	G	G	0.0	major triad	(2, 7, 11)	E-	E-	3	None
162.5	325/2	0.5	1/2	41	D4	62	True	spine_0	1	41.0	3.0	74.0	III	False	('G', 'B', 'D')	G	G	0.0	major triad	(2, 7, 11)	E-	E-	3	None
163.0	163	0.5	1/2	41	C5	72	True	spine_0	1	41.0	3.0	74.0	III	False	('G', 'B', 'D')	G	G	0.0	major triad	(2, 7, 11)	E-	E-	3	None
163.0	163	0.5	1/2	41	E-4	63	True	spine_0	1	41.0	3.0	74.0	III	False	('G', 'B', 'D')	G	G	0.0	major triad	(2, 7, 11)	E-	E-	3	None
163.5	327/2	0.5	1/2	41	F#4	66	True	spine_0	1	41.0	3.0	74.0	III	False	('G', 'B', 'D')	G	G	0.0	major triad	(2, 7, 11)	E-	E-	3	None
163.5	327/2	0.5	1/2	41	C4	60	True	spine_0	1	41.0	3.0	74.0	III	False	('G', 'B', 'D')	G	G	0.0	major triad	(2, 7, 11)	E-	E-	3	None
164.0	164	4.0	4	42	G4	67	True	spine_0	1	42.0	4.0	75.0	III	True	('G', 'B', 'D')	G	G	0.0	major triad	(2, 7, 11)	E-	E-	3	None
164.0	164	0.5	1/2	42	G5	79	False	spine_0	1	42.0	4.0	75.0	III	True	('G', 'B', 'D')	G	G	0.0	major triad	(2, 7, 11)	E-	E-	3	None
164.0	164	0.5	1/2	42	B3	59	True	spine_0	1	42.0	4.0	75.0	III	True	('G', 'B', 'D')	G	G	0.0	major triad	(2, 7, 11)	E-	E-	3	None
164.0	164	1.0	1	42	G2	43	True	spine_0	1	42.0	4.0	75.0	III	True	('G', 'B', 'D')	G	G	0.0	major triad	(2, 7, 11)	E-	E-	3	None
164.5	329/2	0.5	1/2	42	D5	74	True	spine_0	1	42.0	4.0	75.0	III	False	('G', 'B', 'D')	G	G	0.0	major triad	(2, 7, 11)	E-	E-	3	None
164.5	329/2	0.5	1/2	42	B3	59	True	spine_0	1	42.0	4.0	75.0	III	False	('G', 'B', 'D')	G	G	0.0	major triad	(2, 7, 11)	E-	E-	3	None
165.0	165	0.5	1/2	42	E-5	75	True	spine_0	1	42.0	4.0	75.0	III	False	('G', 'B', 'D')	G	G	0.0	major triad	(2, 7, 11)	E-	E-	3	None
165.0	165	0.5	1/2	42	C4	60	True	spine_0	1	42.0	4.0	75.0	III	False	('G', 'B', 'D')	G	G	0.0	major triad	(2, 7, 11)	E-	E-	3	None
165.5	331/2	0.5	1/2	42	C5	72	True	spine_0	1	42.0	4.0	75.0	III	False	('G', 'B', 'D')	G	G	0.0	major triad	(2, 7, 11)	E-	E-	3	None
165.5	331/2	0.5	1/2	42	F#3	54	True	spine_0	1	42.0	4.0	75.0	III	False	('G', 'B', 'D')	G	G	0.0	major triad	(2, 7, 11)	E-	E-	3	None
166.0	166	0.5	1/2	42	B4	71	True	spine_0	1	42.0	4.0	75.0	III	False	('G', 'B', 'D')	G	G	0.0	major triad	(2, 7, 11)	E-	E-	3	None
166.0	166	0.5	1/2	42	G3	55	True	spine_0	1	42.0	4.0	75.0	III	False	('G', 'B', 'D')	G	G	0.0	major triad	(2, 7, 11)	E-	E-	3	None
166.0	166	1.0	1	42	G2	43	True	spine_0	1	42.0	4.0	75.0	III	False	('G', 'B', 'D')	G	G	0.0	major triad	(2, 7, 11)	E-	E-	3	None
166.5	333/2	0.5	1/2	42	B4	71	True	spine_0	1	42.0	4.0	75.0	III	False	('G', 'B', 'D')	G	G	0.0	major triad	(2, 7, 11)	E-	E-	3	None
166.5	333/2	0.5	1/2	42	D4	62	True	spine_0	1	42.0	4.0	75.0	III	False	('G', 'B', 'D')	G	G	0.0	major triad	(2, 7, 11)	E-	E-	3	None
167.0	167	0.5	1/2	42	C5	72	True	spine_0	1	42.0	4.0	75.0	III	False	('G', 'B', 'D')	G	G	0.0	major triad	(2, 7, 11)	E-	E-	3	None
167.0	167	0.5	1/2	42	E-4	63	True	spine_0	1	42.0	4.0	75.0	III	False	('G', 'B', 'D')	G	G	0.0	major triad	(2, 7, 11)	E-	E-	3	None
167.5	335/2	0.5	1/2	42	F#4	66	True	spine_0	1	42.0	4.0	75.0	III	False	('G', 'B', 'D')	G	G	0.0	major triad	(2, 7, 11)	E-	E-	3	None
167.5	335/2	0.5	1/2	42	C4	60	True	spine_0	1	42.0	4.0	75.0	III	False	('G', 'B', 'D')	G	G	0.0	major triad	(2, 7, 11)	E-	E-	3	None
168.0	168	0.75	3/4	43	G4	67	False	spine_0	1	43.0	4.0	76.0	III	True	('G', 'B', 'D')	G	G	0.0	major triad	(2, 7, 11)	E-	E-	3	None
168.0	168	1.0	1	43	G4	67	True	spine_0	1	43.0	4.0	76.0	III	True	('G', 'B', 'D')	G	G	0.0	major triad	(2, 7, 11)	E-	E-	3	None
168.0	168	1.0	1	43	B3	59	True	spine_0	1	43.0	4.0	76.0	III	True	('G', 'B', 'D')	G	G	0.0	major triad	(2, 7, 11)	E-	E-	3	None
168.0	168	1.0	1	43	G2	43	True	spine_0	1	43.0	4.0	76.0	III	True	('G', 'B', 'D')	G	G	0.0	major triad	(2, 7, 11)	E-	E-	3	None
168.75	675/4	0.25	1/4	43	F#4	66	True	spine_0	1	43.0	4.0	76.0	III	False	('G', 'B', 'D')	G	G	0.0	major triad	(2, 7, 11)	E-	E-	3	None
169.0	169	0.75	3/4	43	G4	67	True	spine_0	1	43.0	4.0	76.0	III	False	('G', 'B', 'D')	G	G	0.0	major triad	(2, 7, 11)	E-	E-	3	None
169.75	679/4	0.25	1/4	43	F#4	66	True	spine_0	1	43.0	4.0	76.0	III	False	('G', 'B', 'D')	G	G	0.0	major triad	(2, 7, 11)	E-	E-	3	None
170.0	170	1.0	1	43	G4	67	True	spine_0	1	43.0	4.0	76.0	III	False	('G', 'B', 'D')	G	G	0.0	major triad	(2, 7, 11)	E-	E-	3	None
171.0	171	0.25	1/4	43	G4	67	True	spine_0	1	43.0	4.0	76.0	III	False	('G', 'B', 'D')	G	G	0.0	major triad	(2, 7, 11)	E-	E-	3	None
171.25	685/4	0.25	1/4	43	A-4	68	True	spine_0	1	43.0	4.0	76.0	III	False	('G', 'B', 'D')	G	G	0.0	major triad	(2, 7, 11)	E-	E-	3	None
171.5	343/2	0.25	1/4	43	G4	67	True	spine_0	1	43.0	4.0	76.0	III	False	('G', 'B', 'D')	G	G	0.0	major triad	(2, 7, 11)	E-	E-	3	None
171.75	687/4	0.25	1/4	43	A-4	68	True	spine_0	1	43.0	4.0	76.0	III	False	('G', 'B', 'D')	G	G	0.0	major triad	(2, 7, 11)	E-	E-	3	None
172.0	172	1.0	1	44	B-4	70	True	spine_0	1	44.0	4.0	77.0	I	True	('E-', 'G', 'B-')	E-	E-	0.0	major triad	(3, 7, 10)	E-	E-	1	None
172.0	172	1.0	1	44	G4	67	True	spine_0	1	44.0	4.0	77.0	I	True	('E-', 'G', 'B-')	E-	E-	0.0	major triad	(3, 7, 10)	E-	E-	1	None
172.0	172	0.5	1/2	44	E-3	51	True	spine_0	1	44.0	4.0	77.0	I	True	('E-', 'G', 'B-')	E-	E-	0.0	major triad	(3, 7, 10)	E-	E-	1	None
172.5	345/2	0.5	1/2	44	E-2	39	True	spine_0	1	44.0	4.0	77.0	I	False	('E-', 'G', 'B-')	E-	E-	0.0	major triad	(3, 7, 10)	E-	E-	1	None
173.0	173	0.5	1/2	44	C5	72	True	spine_0	1	44.0	4.0	77.0	I	False	('E-', 'G', 'B-')	E-	E-	0.0	major triad	(3, 7, 10)	E-	E-	1	None
173.0	173	0.5	1/2	44	A-4	68	True	spine_0	1	44.0	4.0	77.0	I	False	('E-', 'G', 'B-')	E-	E-	0.0	major triad	(3, 7, 10)	E-	E-	1	None
173.5	347/2	0.5	1/2	44	A-4	68	True	spine_0	1	44.0	4.0	77.0	I	False	('E-', 'G', 'B-')	E-	E-	0.0	major triad	(3, 7, 10)	E-	E-	1	None
173.5	347/2	0.5	1/2	44	F4	65	True	spine_0	1	44.0	4.0	77.0	I	False	('E-', 'G', 'B-')	E-	E-	0.0	major triad	(3, 7, 10)	E-	E-	1	None
174.0	174	1.0	1	44	G4	67	True	spine_0	1	44.0	4.0	77.0	I	False	('E-', 'G', 'B-')	E-	E-	0.0	major triad	(3, 7, 10)	E-	E-	1	None
174.0	174	0.5	1/2	44	E-4	63	True	spine_0	1	44.0	4.0	77.0	I	False	('E-', 'G', 'B-')	E-	E-	0.0	major triad	(3, 7, 10)	E-	E-	1	None
174.0	174	0.5	1/2	44	E-3	51	True	spine_0	1	44.0	4.0	77.0	I	False	('E-', 'G', 'B-')	E-	E-	0.0	major triad	(3, 7, 10)	E-	E-	1	None
174.5	349/2	0.5	1/2	44	B-3	58	True	spine_0	1	44.0	4.0	77.0	I	False	('E-', 'G', 'B-')	E-	E-	0.0	major triad	(3, 7, 10)	E-	E-	1	None
174.5	349/2	0.5	1/2	44	E-2	39	True	spine_0	1	44.0	4.0	77.0	I	False	('E-', 'G', 'B-')	E-	E-	0.0	major triad	(3, 7, 10)	E-	E-	1	None
175.0	175	0.5	1/2	44	A-4	68	True	spine_0	1	44.0	4.0	77.0	I	False	('E-', 'G', 'B-')	E-	E-	0.0	major triad	(3, 7, 10)	E-	E-	1	None
175.0	175	0.5	1/2	44	C4	60	True	spine_0	1	44.0	4.0	77.0	I	False	('E-', 'G', 'B-')	E-	E-	0.0	major triad	(3, 7, 10)	E-	E-	1	None
175.5	351/2	0.5	1/2	44	F4	65	True	spine_0	1	44.0	4.0	77.0	I	False	('E-', 'G', 'B-')	E-	E-	0.0	major triad	(3, 7, 10)	E-	E-	1	None
175.5	351/2	0.5	1/2	44	A-3	56	True	spine_0	1	44.0	4.0	77.0	I	False	('E-', 'G', 'B-')	E-	E-	0.0	major triad	(3, 7, 10)	E-	E-	1	None
176.0	176	1.0	1	45	E-4	63	True	spine_0	1	45.0	4.0	78.0	I	True	('E-', 'G', 'B-')	E-	E-	0.0	major triad	(3, 7, 10)	E-	E-	1	None
176.0	176	1.5	3/2	45	G3	55	True	spine_0	1	45.0	4.0	78.0	I	True	('E-', 'G', 'B-')	E-	E-	0.0	major triad	(3, 7, 10)	E-	E-	1	None
176.0	176	0.5	1/2	45	E-3	51	True	spine_0	1	45.0	4.0	78.0	I	True	('E-', 'G', 'B-')	E-	E-	0.0	major triad	(3, 7, 10)	E-	E-	1	None
176.5	353/2	0.5	1/2	45	E-2	39	True	spine_0	1	45.0	4.0	78.0	I	False	('E-', 'G', 'B-')	E-	E-	0.0	major triad	(3, 7, 10)	E-	E-	1	None
177.0	177	0.5	1/2	45	D4	62	True	spine_0	1	45.0	4.0	78.0	I	False	('E-', 'G', 'B-')	E-	E-	0.0	major triad	(3, 7, 10)	E-	E-	1	None
177.0	177	0.5	1/2	45	E-2	39	True	spine_0	1	45.0	4.0	78.0	I	False	('E-', 'G', 'B-')	E-	E-	0.0	major triad	(3, 7, 10)	E-	E-	1	None
177.5	355/2	0.5	1/2	45	C4	60	True	spine_0	1	45.0	4.0	78.0	I	False	('E-', 'G', 'B-')	E-	E-	0.0	major triad	(3, 7, 10)	E-	E-	1	None
177.5	355/2	0.5	1/2	45	A-3	56	True	spine_0	1	45.0	4.0	78.0	I	False	('E-', 'G', 'B-')	E-	E-	0.0	major triad	(3, 7, 10)	E-	E-	1	None
177.5	355/2	0.5	1/2	45	E-2	39	True	spine_0	1	45.0	4.0	78.0	I	False	('E-', 'G', 'B-')	E-	E-	0.0	major triad	(3, 7, 10)	E-	E-	1	None
178.0	178	0.5	1/2	45	B-3	58	True	spine_0	1	45.0	4.0	78.0	I	False	('E-', 'G', 'B-')	E-	E-	0.0	major triad	(3, 7, 10)	E-	E-	1	None
178.0	178	0.5	1/2	45	G3	55	True	spine_0	1	45.0	4.0	78.0	I	False	('E-', 'G', 'B-')	E-	E-	0.0	major triad	(3, 7, 10)	E-	E-	1	None
178.0	178	0.5	1/2	45	E-2	39	True	spine_0	1	45.0	4.0	78.0	I	False	('E-', 'G', 'B-')	E-	E-	0.0	major triad	(3, 7, 10)	E-	E-	1	None
178.5	357/2	0.5	1/2	45	B-3	58	True	spine_0	1	45.0	4.0	78.0	I	False	('E-', 'G', 'B-')	E-	E-	0.0	major triad	(3, 7, 10)	E-	E-	1	None
178.5	357/2	0.5	1/2	45	G4	67	True	spine_0	1	45.0	4.0	78.0	I	False	('E-', 'G', 'B-')	E-	E-	0.0	major triad	(3, 7, 10)	E-	E-	1	None
178.5	357/2	0.5	1/2	45	E-3	51	True	spine_0	1	45.0	4.0	78.0	I	False	('E-', 'G', 'B-')	E-	E-	0.0	major triad	(3, 7, 10)	E-	E-	1	None
179.0	179	0.5	1/2	45	B-3	58	True	spine_0	1	45.0	4.0	78.0	I	False	('E-', 'G', 'B-')	E-	E-	0.0	major triad	(3, 7, 10)	E-	E-	1	None
179.0	179	0.5	1/2	45	F4	65	True	spine_0	1	45.0	4.0	78.0	I	False	('E-', 'G', 'B-')	E-	E-	0.0	major triad	(3, 7, 10)	E-	E-	1	None
179.0	179	0.5	1/2	45	D3	50	True	spine_0	1	45.0	4.0	78.0	I	False	('E-', 'G', 'B-')	E-	E-	0.0	major triad	(3, 7, 10)	E-	E-	1	None
179.5	359/2	0.5	1/2	45	B-3	58	True	spine_0	1	45.0	4.0	78.0	I	False	('E-', 'G', 'B-')	E-	E-	0.0	major triad	(3, 7, 10)	E-	E-	1	None
179.5	359/2	0.5	1/2	45	E-4	63	True	spine_0	1	45.0	4.0	78.0	I	False	('E-', 'G', 'B-')	E-	E-	0.0	major triad	(3, 7, 10)	E-	E-	1	None
179.5	359/2	0.5	1/2	45	C3	48	True	spine_0	1	45.0	4.0	78.0	I	False	('E-', 'G', 'B-')	E-	E-	0.0	major triad	(3, 7, 10)	E-	E-	1	None
180.0	180	1.5	3/2	46	B-3	58	True	spine_0	1	46.0	4.0	79.0	I	True	('E-', 'G', 'B-')	E-	E-	0.0	major triad	(3, 7, 10)	E-	E-	1	None
180.0	180	0.5	1/2	46	D4	62	True	spine_0	1	46.0	4.0	79.0	I	True	('E-', 'G', 'B-')	E-	E-	0.0	major triad	(3, 7, 10)	E-	E-	1	None
180.0	180	0.5	1/2	46	B-2	46	True	spine_0	1	46.0	4.0	79.0	I	True	('E-', 'G', 'B-')	E-	E-	0.0	major triad	(3, 7, 10)	E-	E-	1	None
180.5	361/2	0.5	1/2	46	C4	60	True	spine_0	1	46.0	4.0	79.0	I	False	('E-', 'G', 'B-')	E-	E-	0.0	major triad	(3, 7, 10)	E-	E-	1	None
180.5	361/2	0.5	1/2	46	A-2	44	True	spine_0	1	46.0	4.0	79.0	I	False	('E-', 'G', 'B-')	E-	E-	0.0	major triad	(3, 7, 10)	E-	E-	1	None
181.0	181	0.5	1/2	46	B-3	58	True	spine_0	1	46.0	4.0	79.0	I	False	('E-', 'G', 'B-')	E-	E-	0.0	major triad	(3, 7, 10)	E-	E-	1	None
181.0	181	0.5	1/2	46	G2	43	True	spine_0	1	46.0	4.0	79.0	I	False	('E-', 'G', 'B-')	E-	E-	0.0	major triad	(3, 7, 10)	E-	E-	1	None
181.5	363/2	0.25	1/4	46	C4	60	True	spine_0	1	46.0	4.0	79.0	I	False	('E-', 'G', 'B-')	E-	E-	0.0	major triad	(3, 7, 10)	E-	E-	1	None
181.5	363/2	0.5	1/2	46	A-3	56	True	spine_0	1	46.0	4.0	79.0	I	False	('E-', 'G', 'B-')	E-	E-	0.0	major triad	(3, 7, 10)	E-	E-	1	None
181.5	363/2	0.5	1/2	46	F2	41	True	spine_0	1	46.0	4.0	79.0	I	False	('E-', 'G', 'B-')	E-	E-	0.0	major triad	(3, 7, 10)	E-	E-	1	None
181.75	727/4	0.25	1/4	46	D4	62	True	spine_0	1	46.0	4.0	79.0	I	False	('E-', 'G', 'B-')	E-	E-	0.0	major triad	(3, 7, 10)	E-	E-	1	None
182.0	182	0.5	1/2	46	E-4	63	True	spine_0	1	46.0	4.0	79.0	I	False	('E-', 'G', 'B-')	E-	E-	0.0	major triad	(3, 7, 10)	E-	E-	1	None
182.0	182	0.5	1/2	46	G3	55	True	spine_0	1	46.0	4.0	79.0	I	False	('E-', 'G', 'B-')	E-	E-	0.0	major triad	(3, 7, 10)	E-	E-	1	None
182.0	182	1.0	1	46	E-2	39	True	spine_0	1	46.0	4.0	79.0	I	False	('E-', 'G', 'B-')	E-	E-	0.0	major triad	(3, 7, 10)	E-	E-	1	None
182.5	365/2	0.5	1/2	46	E-5	75	True	spine_0	1	46.0	4.0	79.0	I	False	('E-', 'G', 'B-')	E-	E-	0.0	major triad	(3, 7, 10)	E-	E-	1	None
182.5	365/2	0.5	1/2	46	C5	72	True	spine_0	1	46.0	4.0	79.0	I	False	('E-', 'G', 'B-')	E-	E-	0.0	major triad	(3, 7, 10)	E-	E-	1	None
182.5	365/2	0.5	1/2	46	A-4	68	True	spine_0	1	46.0	4.0	79.0	I	False	('E-', 'G', 'B-')	E-	E-	0.0	major triad	(3, 7, 10)	E-	E-	1	None
183.0	183	0.5	1/2	46	E-5	75	True	spine_0	1	46.0	4.0	79.0	I	False	('E-', 'G', 'B-')	E-	E-	0.0	major triad	(3, 7, 10)	E-	E-	1	None
183.0	183	0.5	1/2	46	B-4	70	True	spine_0	1	46.0	4.0	79.0	I	False	('E-', 'G', 'B-')	E-	E-	0.0	major triad	(3, 7, 10)	E-	E-	1	None
183.0	183	0.5	1/2	46	G4	67	True	spine_0	1	46.0	4.0	79.0	I	False	('E-', 'G', 'B-')	E-	E-	0.0	major triad	(3, 7, 10)	E-	E-	1	None
183.5	367/2	0.5	1/2	46	E-5	75	True	spine_0	1	46.0	4.0	79.0	I	False	('E-', 'G', 'B-')	E-	E-	0.0	major triad	(3, 7, 10)	E-	E-	1	None
183.5	367/2	0.5	1/2	46	A-4	68	True	spine_0	1	46.0	4.0	79.0	I	False	('E-', 'G', 'B-')	E-	E-	0.0	major triad	(3, 7, 10)	E-	E-	1	None
183.5	367/2	0.5	1/2	46	F4	65	True	spine_0	1	46.0	4.0	79.0	I	False	('E-', 'G', 'B-')	E-	E-	0.0	major triad	(3, 7, 10)	E-	E-	1	None
184.0	184	1.5	3/2	47	E-5	75	True	spine_0	1	47.0	2.0	80.0	I	True	('E-', 'G', 'B-')	E-	E-	0.0	major triad	(3, 7, 10)	E-	E-	1	None
184.0	184	0.5	1/2	47	G4	67	True	spine_0	1	47.0	2.0	80.0	I	True	('E-', 'G', 'B-')	E-	E-	0.0	major triad	(3, 7, 10)	E-	E-	1	None
184.0	184	0.5	1/2	47	E-4	63	True	spine_0	1	47.0	2.0	80.0	I	True	('E-', 'G', 'B-')	E-	E-	0.0	major triad	(3, 7, 10)	E-	E-	1	None
184.5	369/2	0.5	1/2	47	F4	65	True	spine_0	1	47.0	2.0	80.0	I	False	('E-', 'G', 'B-')	E-	E-	0.0	major triad	(3, 7, 10)	E-	E-	1	None
184.5	369/2	0.5	1/2	47	D-4	61	True	spine_0	1	47.0	2.0	80.0	I	False	('E-', 'G', 'B-')	E-	E-	0.0	major triad	(3, 7, 10)	E-	E-	1	None
185.0	185	0.5	1/2	47	E-4	63	True	spine_0	1	47.0	2.0	80.0	I	False	('E-', 'G', 'B-')	E-	E-	0.0	major triad	(3, 7, 10)	E-	E-	1	None
185.0	185	0.5	1/2	47	C4	60	True	spine_0	1	47.0	2.0	80.0	I	False	('E-', 'G', 'B-')	E-	E-	0.0	major triad	(3, 7, 10)	E-	E-	1	None
185.5	371/2	0.25	1/4	47	F5	77	True	spine_0	1	47.0	2.0	80.0	I	False	('E-', 'G', 'B-')	E-	E-	0.0	major triad	(3, 7, 10)	E-	E-	1	None
185.5	371/2	0.5	1/2	47	D-4	61	True	spine_0	1	47.0	2.0	80.0	I	False	('E-', 'G', 'B-')	E-	E-	0.0	major triad	(3, 7, 10)	E-	E-	1	None
185.5	371/2	0.5	1/2	47	B-3	58	True	spine_0	1	47.0	2.0	80.0	I	False	('E-', 'G', 'B-')	E-	E-	0.0	major triad	(3, 7, 10)	E-	E-	1	None
185.75	743/4	0.25	1/4	47	G5	79	True	spine_0	1	47.0	2.0	80.0	I	False	('E-', 'G', 'B-')	E-	E-	0.0	major triad	(3, 7, 10)	E-	E-	1	None
186.0	186	0.5	1/2	47	A-5	80	True	spine_0	1	47.0	2.0	81.0	ii	True	('F', 'A-', 'C')	F	F	0.0	minor triad	(0, 5, 8)	E-	E-	2	None
186.0	186	0.5	1/2	47	C4	60	True	spine_0	1	47.0	2.0	81.0	ii	True	('F', 'A-', 'C')	F	F	0.0	minor triad	(0, 5, 8)	E-	E-	2	None
186.0	186	1.0	1	47	A-3	56	True	spine_0	1	47.0	2.0	81.0	ii	True	('F', 'A-', 'C')	F	F	0.0	minor triad	(0, 5, 8)	E-	E-	2	None
186.5	373/2	0.5	1/2	47	C5	72	True	spine_0	1	47.0	2.0	81.0	ii	False	('F', 'A-', 'C')	F	F	0.0	minor triad	(0, 5, 8)	E-	E-	2	None
186.5	373/2	0.5	1/2	47	A-4	68	True	spine_0	1	47.0	2.0	81.0	ii	False	('F', 'A-', 'C')	F	F	0.0	minor triad	(0, 5, 8)	E-	E-	2	None
186.5	373/2	0.5	1/2	47	F4	65	True	spine_0	1	47.0	2.0	81.0	ii	False	('F', 'A-', 'C')	F	F	0.0	minor triad	(0, 5, 8)	E-	E-	2	None
187.0	187	0.5	1/2	47	C5	72	True	spine_0	1	47.0	2.0	81.0	ii	False	('F', 'A-', 'C')	F	F	0.0	minor triad	(0, 5, 8)	E-	E-	2	None
187.0	187	0.5	1/2	47	G4	67	True	spine_0	1	47.0	2.0	81.0	ii	False	('F', 'A-', 'C')	F	F	0.0	minor triad	(0, 5, 8)	E-	E-	2	None
187.0	187	0.5	1/2	47	E4	64	True	spine_0	1	47.0	2.0	81.0	ii	False	('F', 'A-', 'C')	F	F	0.0	minor triad	(0, 5, 8)	E-	E-	2	None
187.5	375/2	0.5	1/2	47	C5	72	True	spine_0	1	47.0	2.0	81.0	ii	False	('F', 'A-', 'C')	F	F	0.0	minor triad	(0, 5, 8)	E-	E-	2	None
187.5	375/2	0.5	1/2	47	F4	65	True	spine_0	1	47.0	2.0	81.0	ii	False	('F', 'A-', 'C')	F	F	0.0	minor triad	(0, 5, 8)	E-	E-	2	None
187.5	375/2	0.5	1/2	47	D4	62	True	spine_0	1	47.0	2.0	81.0	ii	False	('F', 'A-', 'C')	F	F	0.0	minor triad	(0, 5, 8)	E-	E-	2	None
188.0	188	1.5	3/2	48	C5	72	True	spine_0	1	48.0	2.0	82.0	ii	True	('F', 'A-', 'C')	F	F	0.0	minor triad	(0, 5, 8)	E-	E-	2	None
188.0	188	0.5	1/2	48	E-4	63	True	spine_0	1	48.0	2.0	82.0	ii	True	('F', 'A-', 'C')	F	F	0.0	minor triad	(0, 5, 8)	E-	E-	2	None
188.0	188	0.5	1/2	48	C4	60	True	spine_0	1	48.0	2.0	82.0	ii	True	('F', 'A-', 'C')	F	F	0.0	minor triad	(0, 5, 8)	E-	E-	2	None
188.5	377/2	0.5	1/2	48	D-4	61	True	spine_0	1	48.0	2.0	82.0	ii	False	('F', 'A-', 'C')	F	F	0.0	minor triad	(0, 5, 8)	E-	E-	2	None
188.5	377/2	0.5	1/2	48	B-3	58	True	spine_0	1	48.0	2.0	82.0	ii	False	('F', 'A-', 'C')	F	F	0.0	minor triad	(0, 5, 8)	E-	E-	2	None
189.0	189	0.5	1/2	48	C4	60	True	spine_0	1	48.0	2.0	82.0	ii	False	('F', 'A-', 'C')	F	F	0.0	minor triad	(0, 5, 8)	E-	E-	2	None
189.0	189	0.5	1/2	48	A-3	56	True	spine_0	1	48.0	2.0	82.0	ii	False	('F', 'A-', 'C')	F	F	0.0	minor triad	(0, 5, 8)	E-	E-	2	None
189.5	379/2	0.25	1/4	48	D5	74	True	spine_0	1	48.0	2.0	82.0	ii	False	('F', 'A-', 'C')	F	F	0.0	minor triad	(0, 5, 8)	E-	E-	2	None
189.5	379/2	0.5	1/2	48	B-3	58	True	spine_0	1	48.0	2.0	82.0	ii	False	('F', 'A-', 'C')	F	F	0.0	minor triad	(0, 5, 8)	E-	E-	2	None
189.5	379/2	0.5	1/2	48	G3	55	True	spine_0	1	48.0	2.0	82.0	ii	False	('F', 'A-', 'C')	F	F	0.0	minor triad	(0, 5, 8)	E-	E-	2	None
189.75	759/4	0.25	1/4	48	E5	76	True	spine_0	1	48.0	2.0	82.0	ii	False	('F', 'A-', 'C')	F	F	0.0	minor triad	(0, 5, 8)	E-	E-	2	None
190.0	190	0.5	1/2	48	F5	77	True	spine_0	1	48.0	2.0	83.0	V	True	('B-', 'D', 'F')	B-	B-	0.0	major triad	(2, 5, 10)	E-	E-	5	None
190.0	190	0.5	1/2	48	A-3	56	True	spine_0	1	48.0	2.0	83.0	V	True	('B-', 'D', 'F')	B-	B-	0.0	major triad	(2, 5, 10)	E-	E-	5	None
190.0	190	1.0	1	48	F3	53	True	spine_0	1	48.0	2.0	83.0	V	True	('B-', 'D', 'F')	B-	B-	0.0	major triad	(2, 5, 10)	E-	E-	5	None
190.5	381/2	0.5	1/2	48	F5	77	True	spine_0	1	48.0	2.0	83.0	V	False	('B-', 'D', 'F')	B-	B-	0.0	major triad	(2, 5, 10)	E-	E-	5	None
190.5	381/2	0.5	1/2	48	D-5	73	True	spine_0	1	48.0	2.0	83.0	V	False	('B-', 'D', 'F')	B-	B-	0.0	major triad	(2, 5, 10)	E-	E-	5	None
190.5	381/2	0.5	1/2	48	B-4	70	True	spine_0	1	48.0	2.0	83.0	V	False	('B-', 'D', 'F')	B-	B-	0.0	major triad	(2, 5, 10)	E-	E-	5	None
191.0	191	0.5	1/2	48	F5	77	True	spine_0	1	48.0	2.0	83.0	V	False	('B-', 'D', 'F')	B-	B-	0.0	major triad	(2, 5, 10)	E-	E-	5	None
191.0	191	0.5	1/2	48	C5	72	True	spine_0	1	48.0	2.0	83.0	V	False	('B-', 'D', 'F')	B-	B-	0.0	major triad	(2, 5, 10)	E-	E-	5	None
191.0	191	0.5	1/2	48	A-4	68	True	spine_0	1	48.0	2.0	83.0	V	False	('B-', 'D', 'F')	B-	B-	0.0	major triad	(2, 5, 10)	E-	E-	5	None
191.5	383/2	0.5	1/2	48	F5	77	True	spine_0	1	48.0	2.0	83.0	V	False	('B-', 'D', 'F')	B-	B-	0.0	major triad	(2, 5, 10)	E-	E-	5	None
191.5	383/2	0.5	1/2	48	B-4	70	True	spine_0	1	48.0	2.0	83.0	V	False	('B-', 'D', 'F')	B-	B-	0.0	major triad	(2, 5, 10)	E-	E-	5	None
191.5	383/2	0.5	1/2	48	G4	67	True	spine_0	1	48.0	2.0	83.0	V	False	('B-', 'D', 'F')	B-	B-	0.0	major triad	(2, 5, 10)	E-	E-	5	None
192.0	192	1.5	3/2	49	F5	77	True	spine_0	1	49.0	4.0	84.0	V	True	('B-', 'D', 'F')	B-	B-	0.0	major triad	(2, 5, 10)	E-	E-	5	None
192.0	192	0.5	1/2	49	A-4	68	True	spine_0	1	49.0	4.0	84.0	V	True	('B-', 'D', 'F')	B-	B-	0.0	major triad	(2, 5, 10)	E-	E-	5	None
192.0	192	0.5	1/2	49	F4	65	True	spine_0	1	49.0	4.0	84.0	V	True	('B-', 'D', 'F')	B-	B-	0.0	major triad	(2, 5, 10)	E-	E-	5	None
192.5	385/2	0.5	1/2	49	G4	67	True	spine_0	1	49.0	4.0	84.0	V	False	('B-', 'D', 'F')	B-	B-	0.0	major triad	(2, 5, 10)	E-	E-	5	None
192.5	385/2	0.5	1/2	49	E-4	63	True	spine_0	1	49.0	4.0	84.0	V	False	('B-', 'D', 'F')	B-	B-	0.0	major triad	(2, 5, 10)	E-	E-	5	None
193.0	193	0.5	1/2	49	F4	65	True	spine_0	1	49.0	4.0	84.0	V	False	('B-', 'D', 'F')	B-	B-	0.0	major triad	(2, 5, 10)	E-	E-	5	None
193.0	193	0.5	1/2	49	D-4	61	True	spine_0	1	49.0	4.0	84.0	V	False	('B-', 'D', 'F')	B-	B-	0.0	major triad	(2, 5, 10)	E-	E-	5	None
193.5	387/2	0.25	1/4	49	G5	79	True	spine_0	1	49.0	4.0	84.0	V	False	('B-', 'D', 'F')	B-	B-	0.0	major triad	(2, 5, 10)	E-	E-	5	None
193.5	387/2	0.5	1/2	49	E-4	63	True	spine_0	1	49.0	4.0	84.0	V	False	('B-', 'D', 'F')	B-	B-	0.0	major triad	(2, 5, 10)	E-	E-	5	None
193.5	387/2	0.5	1/2	49	C4	60	True	spine_0	1	49.0	4.0	84.0	V	False	('B-', 'D', 'F')	B-	B-	0.0	major triad	(2, 5, 10)	E-	E-	5	None
193.75	775/4	0.25	1/4	49	A-5	80	True	spine_0	1	49.0	4.0	84.0	V	False	('B-', 'D', 'F')	B-	B-	0.0	major triad	(2, 5, 10)	E-	E-	5	None
194.0	194	0.5	1/2	49	B-5	82	True	spine_0	1	49.0	4.0	84.0	V	False	('B-', 'D', 'F')	B-	B-	0.0	major triad	(2, 5, 10)	E-	E-	5	None
194.0	194	0.5	1/2	49	D-4	61	True	spine_0	1	49.0	4.0	84.0	V	False	('B-', 'D', 'F')	B-	B-	0.0	major triad	(2, 5, 10)	E-	E-	5	None
194.0	194	0.5	1/2	49	B-3	58	True	spine_0	1	49.0	4.0	84.0	V	False	('B-', 'D', 'F')	B-	B-	0.0	major triad	(2, 5, 10)	E-	E-	5	None
194.5	389/2	0.5	1/2	49	C6	84	True	spine_0	1	49.0	4.0	84.0	V	False	('B-', 'D', 'F')	B-	B-	0.0	major triad	(2, 5, 10)	E-	E-	5	None
194.5	389/2	0.5	1/2	49	C4	60	True	spine_0	1	49.0	4.0	84.0	V	False	('B-', 'D', 'F')	B-	B-	0.0	major triad	(2, 5, 10)	E-	E-	5	None
194.5	389/2	0.5	1/2	49	A-3	56	True	spine_0	1	49.0	4.0	84.0	V	False	('B-', 'D', 'F')	B-	B-	0.0	major triad	(2, 5, 10)	E-	E-	5	None
195.0	195	0.5	1/2	49	D-6	85	True	spine_0	1	49.0	4.0	84.0	V	False	('B-', 'D', 'F')	B-	B-	0.0	major triad	(2, 5, 10)	E-	E-	5	None
195.0	195	0.5	1/2	49	B-3	58	True	spine_0	1	49.0	4.0	84.0	V	False	('B-', 'D', 'F')	B-	B-	0.0	major triad	(2, 5, 10)	E-	E-	5	None
195.0	195	0.5	1/2	49	G3	55	True	spine_0	1	49.0	4.0	84.0	V	False	('B-', 'D', 'F')	B-	B-	0.0	major triad	(2, 5, 10)	E-	E-	5	None
195.5	391/2	0.5	1/2	49	D-6	85	True	spine_0	1	49.0	4.0	84.0	V	False	('B-', 'D', 'F')	B-	B-	0.0	major triad	(2, 5, 10)	E-	E-	5	None
195.5	391/2	0.5	1/2	49	A-3	56	True	spine_0	1	49.0	4.0	84.0	V	False	('B-', 'D', 'F')	B-	B-	0.0	major triad	(2, 5, 10)	E-	E-	5	None
195.5	391/2	0.5	1/2	49	F3	53	True	spine_0	1	49.0	4.0	84.0	V	False	('B-', 'D', 'F')	B-	B-	0.0	major triad	(2, 5, 10)	E-	E-	5	None
196.0	196	0.5	1/2	50	D-6	85	True	spine_0	1	50.0	2.0	85.0	V/ii	True	('E', 'G', 'C')	E	C	1.0	major triad	(0, 4, 7)	E-	f	5	2
196.0	196	1.0	1	50	G3	55	True	spine_0	1	50.0	2.0	85.0	V/ii	True	('E', 'G', 'C')	E	C	1.0	major triad	(0, 4, 7)	E-	f	5	2
196.0	196	1.0	1	50	E3	52	True	spine_0	1	50.0	2.0	85.0	V/ii	True	('E', 'G', 'C')	E	C	1.0	major triad	(0, 4, 7)	E-	f	5	2
196.5	393/2	1.0	1	50	C6	84	True	spine_0	1	50.0	2.0	85.0	V/ii	False	('E', 'G', 'C')	E	C	1.0	major triad	(0, 4, 7)	E-	f	5	2
197.0	197	1.0	1	50	G4	67	True	spine_0	1	50.0	2.0	85.0	V/ii	False	('E', 'G', 'C')	E	C	1.0	major triad	(0, 4, 7)	E-	f	5	2
197.0	197	1.0	1	50	E4	64	True	spine_0	1	50.0	2.0	85.0	V/ii	False	('E', 'G', 'C')	E	C	1.0	major triad	(0, 4, 7)	E-	f	5	2
197.5	395/2	1.0	1	50	B-5	82	True	spine_0	1	50.0	2.0	85.0	V/ii	False	('E', 'G', 'C')	E	C	1.0	major triad	(0, 4, 7)	E-	f	5	2
198.0	198	0.5	1/2	50	A-4	68	True	spine_0	1	50.0	2.0	86.0	ii	True	('F', 'A-', 'C')	F	F	0.0	minor triad	(0, 5, 8)	E-	E-	2	None
198.0	198	0.5	1/2	50	F4	65	True	spine_0	1	50.0	2.0	86.0	ii	True	('F', 'A-', 'C')	F	F	0.0	minor triad	(0, 5, 8)	E-	E-	2	None
198.0	198	0.25	1/4	50	F2	41	True	spine_0	1	50.0	2.0	86.0	ii	True	('F', 'A-', 'C')	F	F	0.0	minor triad	(0, 5, 8)	E-	E-	2	None
198.25	793/4	0.25	1/4	50	C3	48	True	spine_0	1	50.0	2.0	86.0	ii	False	('F', 'A-', 'C')	F	F	0.0	minor triad	(0, 5, 8)	E-	E-	2	None
198.5	397/2	0.5	1/2	50	A-5	80	True	spine_0	1	50.0	2.0	86.0	ii	False	('F', 'A-', 'C')	F	F	0.0	minor triad	(0, 5, 8)	E-	E-	2	None
198.5	397/2	0.5	1/2	50	A-5	80	True	spine_0	1	50.0	2.0	86.0	ii	False	('F', 'A-', 'C')	F	F	0.0	minor triad	(0, 5, 8)	E-	E-	2	None
198.5	397/2	0.5	1/2	50	C5	72	True	spine_0	1	50.0	2.0	86.0	ii	False	('F', 'A-', 'C')	F	F	0.0	minor triad	(0, 5, 8)	E-	E-	2	None
198.5	397/2	0.25	1/4	50	A-2	44	True	spine_0	1	50.0	2.0	86.0	ii	False	('F', 'A-', 'C')	F	F	0.0	minor triad	(0, 5, 8)	E-	E-	2	None
198.75	795/4	0.25	1/4	50	F3	53	True	spine_0	1	50.0	2.0	86.0	ii	False	('F', 'A-', 'C')	F	F	0.0	minor triad	(0, 5, 8)	E-	E-	2	None
199.0	199	0.5	1/2	50	A-5	80	True	spine_0	1	50.0	2.0	86.0	ii	False	('F', 'A-', 'C')	F	F	0.0	minor triad	(0, 5, 8)	E-	E-	2	None
199.0	199	0.5	1/2	50	C5	72	True	spine_0	1	50.0	2.0	86.0	ii	False	('F', 'A-', 'C')	F	F	0.0	minor triad	(0, 5, 8)	E-	E-	2	None
199.0	199	0.25	1/4	50	C3	48	True	spine_0	1	50.0	2.0	86.0	ii	False	('F', 'A-', 'C')	F	F	0.0	minor triad	(0, 5, 8)	E-	E-	2	None
199.25	797/4	0.25	1/4	50	A-3	56	True	spine_0	1	50.0	2.0	86.0	ii	False	('F', 'A-', 'C')	F	F	0.0	minor triad	(0, 5, 8)	E-	E-	2	None
199.5	399/2	0.5	1/2	50	A-5	80	True	spine_0	1	50.0	2.0	86.0	ii	False	('F', 'A-', 'C')	F	F	0.0	minor triad	(0, 5, 8)	E-	E-	2	None
199.5	399/2	0.5	1/2	50	C5	72	True	spine_0	1	50.0	2.0	86.0	ii	False	('F', 'A-', 'C')	F	F	0.0	minor triad	(0, 5, 8)	E-	E-	2	None
199.5	399/2	0.25	1/4	50	F3	53	True	spine_0	1	50.0	2.0	86.0	ii	False	('F', 'A-', 'C')	F	F	0.0	minor triad	(0, 5, 8)	E-	E-	2	None
199.75	799/4	0.25	1/4	50	C4	60	True	spine_0	1	50.0	2.0	86.0	ii	False	('F', 'A-', 'C')	F	F	0.0	minor triad	(0, 5, 8)	E-	E-	2	None
200.0	200	0.25	1/4	51	C4	60	True	spine_0	1	51.0	2.0	87.0	ii	True	('F', 'A-', 'C')	F	F	0.0	minor triad	(0, 5, 8)	E-	E-	2	None
200.0	200	2.0	2	51	A-5	80	True	spine_0	1	51.0	2.0	87.0	ii	True	('F', 'A-', 'C')	F	F	0.0	minor triad	(0, 5, 8)	E-	E-	2	None
200.0	200	4.0	4	51	C5	72	True	spine_0	1	51.0	2.0	87.0	ii	True	('F', 'A-', 'C')	F	F	0.0	minor triad	(0, 5, 8)	E-	E-	2	None
200.0	200	1.0	1	51	A-3	56	True	spine_0	1	51.0	2.0	87.0	ii	True	('F', 'A-', 'C')	F	F	0.0	minor triad	(0, 5, 8)	E-	E-	2	None
200.25	801/4	0.25	1/4	51	A-4	68	True	spine_0	1	51.0	2.0	87.0	ii	False	('F', 'A-', 'C')	F	F	0.0	minor triad	(0, 5, 8)	E-	E-	2	None
200.5	401/2	0.25	1/4	51	F4	65	True	spine_0	1	51.0	2.0	87.0	ii	False	('F', 'A-', 'C')	F	F	0.0	minor triad	(0, 5, 8)	E-	E-	2	None
200.75	803/4	0.25	1/4	51	C5	72	True	spine_0	1	51.0	2.0	87.0	ii	False	('F', 'A-', 'C')	F	F	0.0	minor triad	(0, 5, 8)	E-	E-	2	None
201.0	201	0.25	1/4	51	A-4	68	True	spine_0	1	51.0	2.0	87.0	ii	False	('F', 'A-', 'C')	F	F	0.0	minor triad	(0, 5, 8)	E-	E-	2	None
201.25	805/4	0.25	1/4	51	F5	77	True	spine_0	1	51.0	2.0	87.0	ii	False	('F', 'A-', 'C')	F	F	0.0	minor triad	(0, 5, 8)	E-	E-	2	None
201.5	403/2	0.25	1/4	51	C5	72	True	spine_0	1	51.0	2.0	87.0	ii	False	('F', 'A-', 'C')	F	F	0.0	minor triad	(0, 5, 8)	E-	E-	2	None
201.75	807/4	0.25	1/4	51	A-5	80	True	spine_0	1	51.0	2.0	87.0	ii	False	('F', 'A-', 'C')	F	F	0.0	minor triad	(0, 5, 8)	E-	E-	2	None
202.0	202	1.0	1	51	B-5	82	True	spine_0	1	51.0	2.0	88.0	V7/ii	True	('E', 'G', 'B-', 'C')	E	C	1.0	dominant seventh chord	(0, 4, 7, 10)	E-	f	5	2
202.0	202	0.5	1/2	51	G5	79	True	spine_0	1	51.0	2.0	88.0	V7/ii	True	('E', 'G', 'B-', 'C')	E	C	1.0	dominant seventh chord	(0, 4, 7, 10)	E-	f	5	2
202.0	202	0.25	1/4	51	E2	40	True	spine_0	1	51.0	2.0	88.0	V7/ii	True	('E', 'G', 'B-', 'C')	E	C	1.0	dominant seventh chord	(0, 4, 7, 10)	E-	f	5	2
202.25	809/4	0.25	1/4	51	C3	48	True	spine_0	1	51.0	2.0	88.0	V7/ii	False	('E', 'G', 'B-', 'C')	E	C	1.0	dominant seventh chord	(0, 4, 7, 10)	E-	f	5	2
202.5	405/2	0.5	1/2	51	B-5	82	True	spine_0	1	51.0	2.0	88.0	V7/ii	False	('E', 'G', 'B-', 'C')	E	C	1.0	dominant seventh chord	(0, 4, 7, 10)	E-	f	5	2
202.5	405/2	0.25	1/4	51	G2	43	True	spine_0	1	51.0	2.0	88.0	V7/ii	False	('E', 'G', 'B-', 'C')	E	C	1.0	dominant seventh chord	(0, 4, 7, 10)	E-	f	5	2
202.75	811/4	0.25	1/4	51	E3	52	True	spine_0	1	51.0	2.0	88.0	V7/ii	False	('E', 'G', 'B-', 'C')	E	C	1.0	dominant seventh chord	(0, 4, 7, 10)	E-	f	5	2
203.0	203	0.5	1/2	51	B-5	82	True	spine_0	1	51.0	2.0	88.0	V7/ii	False	('E', 'G', 'B-', 'C')	E	C	1.0	dominant seventh chord	(0, 4, 7, 10)	E-	f	5	2
203.0	203	0.25	1/4	51	C3	48	True	spine_0	1	51.0	2.0	88.0	V7/ii	False	('E', 'G', 'B-', 'C')	E	C	1.0	dominant seventh chord	(0, 4, 7, 10)	E-	f	5	2
203.25	813/4	0.25	1/4	51	G3	55	True	spine_0	1	51.0	2.0	88.0	V7/ii	False	('E', 'G', 'B-', 'C')	E	C	1.0	dominant seventh chord	(0, 4, 7, 10)	E-	f	5	2
203.5	407/2	0.5	1/2	51	B-5	82	True	spine_0	1	51.0	2.0	88.0	V7/ii	False	('E', 'G', 'B-', 'C')	E	C	1.0	dominant seventh chord	(0, 4, 7, 10)	E-	f	5	2
203.5	407/2	0.25	1/4	51	E3	52	True	spine_0	1	51.0	2.0	88.0	V7/ii	False	('E', 'G', 'B-', 'C')	E	C	1.0	dominant seventh chord	(0, 4, 7, 10)	E-	f	5	2
203.75	815/4	0.25	1/4	51	C4	60	True	spine_0	1	51.0	2.0	88.0	V7/ii	False	('E', 'G', 'B-', 'C')	E	C	1.0	dominant seventh chord	(0, 4, 7, 10)	E-	f	5	2
204.0	204	0.25	1/4	52	E4	64	True	spine_0	1	52.0	2.0	89.0	V7/ii	True	('E', 'G', 'B-', 'C')	E	C	1.0	dominant seventh chord	(0, 4, 7, 10)	E-	f	5	2
204.0	204	2.0	2	52	B-5	82	True	spine_0	1	52.0	2.0	89.0	V7/ii	True	('E', 'G', 'B-', 'C')	E	C	1.0	dominant seventh chord	(0, 4, 7, 10)	E-	f	5	2
204.0	204	4.0	4	52	C5	72	False	spine_0	1	52.0	2.0	89.0	V7/ii	True	('E', 'G', 'B-', 'C')	E	C	1.0	dominant seventh chord	(0, 4, 7, 10)	E-	f	5	2
204.0	204	1.0	1	52	C2	36	True	spine_0	1	52.0	2.0	89.0	V7/ii	True	('E', 'G', 'B-', 'C')	E	C	1.0	dominant seventh chord	(0, 4, 7, 10)	E-	f	5	2
204.25	817/4	0.25	1/4	52	C5	72	True	spine_0	1	52.0	2.0	89.0	V7/ii	False	('E', 'G', 'B-', 'C')	E	C	1.0	dominant seventh chord	(0, 4, 7, 10)	E-	f	5	2
204.5	409/2	0.25	1/4	52	G4	67	True	spine_0	1	52.0	2.0	89.0	V7/ii	False	('E', 'G', 'B-', 'C')	E	C	1.0	dominant seventh chord	(0, 4, 7, 10)	E-	f	5	2
204.75	819/4	0.25	1/4	52	E5	76	True	spine_0	1	52.0	2.0	89.0	V7/ii	False	('E', 'G', 'B-', 'C')	E	C	1.0	dominant seventh chord	(0, 4, 7, 10)	E-	f	5	2
205.0	205	0.25	1/4	52	C5	72	True	spine_0	1	52.0	2.0	89.0	V7/ii	False	('E', 'G', 'B-', 'C')	E	C	1.0	dominant seventh chord	(0, 4, 7, 10)	E-	f	5	2
205.25	821/4	0.25	1/4	52	G5	79	True	spine_0	1	52.0	2.0	89.0	V7/ii	False	('E', 'G', 'B-', 'C')	E	C	1.0	dominant seventh chord	(0, 4, 7, 10)	E-	f	5	2
205.5	411/2	0.25	1/4	52	E5	76	True	spine_0	1	52.0	2.0	89.0	V7/ii	False	('E', 'G', 'B-', 'C')	E	C	1.0	dominant seventh chord	(0, 4, 7, 10)	E-	f	5	2
205.75	823/4	0.25	1/4	52	B-5	82	True	spine_0	1	52.0	2.0	89.0	V7/ii	False	('E', 'G', 'B-', 'C')	E	C	1.0	dominant seventh chord	(0, 4, 7, 10)	E-	f	5	2
206.0	206	1.0	1	52	A-5	80	True	spine_0	1	52.0	2.0	90.0	ii	True	('F', 'A-', 'C')	F	F	0.0	minor triad	(0, 5, 8)	E-	E-	2	None
206.0	206	2.0	2	52	A-5	80	True	spine_0	1	52.0	2.0	90.0	ii	True	('F', 'A-', 'C')	F	F	0.0	minor triad	(0, 5, 8)	E-	E-	2	None
206.0	206	0.25	1/4	52	F2	41	True	spine_0	1	52.0	2.0	90.0	ii	True	('F', 'A-', 'C')	F	F	0.0	minor triad	(0, 5, 8)	E-	E-	2	None
206.25	825/4	0.25	1/4	52	C3	48	True	spine_0	1	52.0	2.0	90.0	ii	False	('F', 'A-', 'C')	F	F	0.0	minor triad	(0, 5, 8)	E-	E-	2	None
206.5	413/2	0.25	1/4	52	A-2	44	True	spine_0	1	52.0	2.0	90.0	ii	False	('F', 'A-', 'C')	F	F	0.0	minor triad	(0, 5, 8)	E-	E-	2	None
206.75	827/4	0.25	1/4	52	F3	53	True	spine_0	1	52.0	2.0	90.0	ii	False	('F', 'A-', 'C')	F	F	0.0	minor triad	(0, 5, 8)	E-	E-	2	None
207.0	207	0.25	1/4	52	C3	48	True	spine_0	1	52.0	2.0	90.0	ii	False	('F', 'A-', 'C')	F	F	0.0	minor triad	(0, 5, 8)	E-	E-	2	None
207.25	829/4	0.25	1/4	52	A-3	56	True	spine_0	1	52.0	2.0	90.0	ii	False	('F', 'A-', 'C')	F	F	0.0	minor triad	(0, 5, 8)	E-	E-	2	None
207.5	415/2	0.25	1/4	52	F3	53	True	spine_0	1	52.0	2.0	90.0	ii	False	('F', 'A-', 'C')	F	F	0.0	minor triad	(0, 5, 8)	E-	E-	2	None
207.75	831/4	0.25	1/4	52	C4	60	True	spine_0	1	52.0	2.0	90.0	ii	False	('F', 'A-', 'C')	F	F	0.0	minor triad	(0, 5, 8)	E-	E-	2	None
208.0	208	0.25	1/4	53	C4	60	True	spine_0	1	53.0	2.0	91.0	ii	True	('F', 'A-', 'C')	F	F	0.0	minor triad	(0, 5, 8)	E-	E-	2	None
208.0	208	4.0	4	53	A-5	80	False	spine_0	1	53.0	2.0	91.0	ii	True	('F', 'A-', 'C')	F	F	0.0	minor triad	(0, 5, 8)	E-	E-	2	None
208.0	208	2.0	2	53	C5	72	False	spine_0	1	53.0	2.0	91.0	ii	True	('F', 'A-', 'C')	F	F	0.0	minor triad	(0, 5, 8)	E-	E-	2	None
208.0	208	1.0	1	53	A-3	56	True	spine_0	1	53.0	2.0	91.0	ii	True	('F', 'A-', 'C')	F	F	0.0	minor triad	(0, 5, 8)	E-	E-	2	None
208.25	833/4	0.25	1/4	53	A-4	68	True	spine_0	1	53.0	2.0	91.0	ii	False	('F', 'A-', 'C')	F	F	0.0	minor triad	(0, 5, 8)	E-	E-	2	None
208.5	417/2	0.25	1/4	53	F4	65	True	spine_0	1	53.0	2.0	91.0	ii	False	('F', 'A-', 'C')	F	F	0.0	minor triad	(0, 5, 8)	E-	E-	2	None
208.75	835/4	0.25	1/4	53	C5	72	True	spine_0	1	53.0	2.0	91.0	ii	False	('F', 'A-', 'C')	F	F	0.0	minor triad	(0, 5, 8)	E-	E-	2	None
209.0	209	0.25	1/4	53	A-4	68	True	spine_0	1	53.0	2.0	91.0	ii	False	('F', 'A-', 'C')	F	F	0.0	minor triad	(0, 5, 8)	E-	E-	2	None
209.25	837/4	0.25	1/4	53	F5	77	True	spine_0	1	53.0	2.0	91.0	ii	False	('F', 'A-', 'C')	F	F	0.0	minor triad	(0, 5, 8)	E-	E-	2	None
209.5	419/2	0.25	1/4	53	C5	72	True	spine_0	1	53.0	2.0	91.0	ii	False	('F', 'A-', 'C')	F	F	0.0	minor triad	(0, 5, 8)	E-	E-	2	None
209.75	839/4	0.25	1/4	53	A-5	80	True	spine_0	1	53.0	2.0	91.0	ii	False	('F', 'A-', 'C')	F	F	0.0	minor triad	(0, 5, 8)	E-	E-	2	None
210.0	210	1.0	1	53	A-5	80	True	spine_0	1	53.0	2.0	92.0	V	True	('D', 'F', 'B-')	D	B-	1.0	major triad	(2, 5, 10)	E-	E-	5	None
210.0	210	2.0	2	53	B-4	70	True	spine_0	1	53.0	2.0	92.0	V	True	('D', 'F', 'B-')	D	B-	1.0	major triad	(2, 5, 10)	E-	E-	5	None
210.0	210	0.25	1/4	53	D2	38	True	spine_0	1	53.0	2.0	92.0	V	True	('D', 'F', 'B-')	D	B-	1.0	major triad	(2, 5, 10)	E-	E-	5	None
210.25	841/4	0.25	1/4	53	B-2	46	True	spine_0	1	53.0	2.0	92.0	V	False	('D', 'F', 'B-')	D	B-	1.0	major triad	(2, 5, 10)	E-	E-	5	None
210.5	421/2	0.25	1/4	53	F2	41	True	spine_0	1	53.0	2.0	92.0	V	False	('D', 'F', 'B-')	D	B-	1.0	major triad	(2, 5, 10)	E-	E-	5	None
210.75	843/4	0.25	1/4	53	D3	50	True	spine_0	1	53.0	2.0	92.0	V	False	('D', 'F', 'B-')	D	B-	1.0	major triad	(2, 5, 10)	E-	E-	5	None
211.0	211	0.25	1/4	53	B-2	46	True	spine_0	1	53.0	2.0	92.0	V	False	('D', 'F', 'B-')	D	B-	1.0	major triad	(2, 5, 10)	E-	E-	5	None
211.25	845/4	0.25	1/4	53	F3	53	True	spine_0	1	53.0	2.0	92.0	V	False	('D', 'F', 'B-')	D	B-	1.0	major triad	(2, 5, 10)	E-	E-	5	None
211.5	423/2	0.25	1/4	53	D3	50	True	spine_0	1	53.0	2.0	92.0	V	False	('D', 'F', 'B-')	D	B-	1.0	major triad	(2, 5, 10)	E-	E-	5	None
211.75	847/4	0.25	1/4	53	B-3	58	True	spine_0	1	53.0	2.0	92.0	V	False	('D', 'F', 'B-')	D	B-	1.0	major triad	(2, 5, 10)	E-	E-	5	None
212.0	212	0.25	1/4	54	B-3	58	True	spine_0	1	54.0	2.0	93.0	V	True	('D', 'F', 'B-')	D	B-	1.0	major triad	(2, 5, 10)	E-	E-	5	None
212.0	212	2.0	2	54	A-5	80	False	spine_0	1	54.0	2.0	93.0	V	True	('D', 'F', 'B-')	D	B-	1.0	major triad	(2, 5, 10)	E-	E-	5	None
212.0	212	4.0	4	54	B-4	70	False	spine_0	1	54.0	2.0	93.0	V	True	('D', 'F', 'B-')	D	B-	1.0	major triad	(2, 5, 10)	E-	E-	5	None
212.0	212	1.0	1	54	D3	50	True	spine_0	1	54.0	2.0	93.0	V	True	('D', 'F', 'B-')	D	B-	1.0	major triad	(2, 5, 10)	E-	E-	5	None
212.25	849/4	0.25	1/4	54	F4	65	True	spine_0	1	54.0	2.0	93.0	V	False	('D', 'F', 'B-')	D	B-	1.0	major triad	(2, 5, 10)	E-	E-	5	None
212.5	425/2	0.25	1/4	54	D4	62	True	spine_0	1	54.0	2.0	93.0	V	False	('D', 'F', 'B-')	D	B-	1.0	major triad	(2, 5, 10)	E-	E-	5	None
212.75	851/4	0.25	1/4	54	B-4	70	True	spine_0	1	54.0	2.0	93.0	V	False	('D', 'F', 'B-')	D	B-	1.0	major triad	(2, 5, 10)	E-	E-	5	None
213.0	213	0.25	1/4	54	F4	65	True	spine_0	1	54.0	2.0	93.0	V	False	('D', 'F', 'B-')	D	B-	1.0	major triad	(2, 5, 10)	E-	E-	5	None
213.25	853/4	0.25	1/4	54	D5	74	True	spine_0	1	54.0	2.0	93.0	V	False	('D', 'F', 'B-')	D	B-	1.0	major triad	(2, 5, 10)	E-	E-	5	None
213.5	427/2	0.25	1/4	54	B-4	70	True	spine_0	1	54.0	2.0	93.0	V	False	('D', 'F', 'B-')	D	B-	1.0	major triad	(2, 5, 10)	E-	E-	5	None
213.75	855/4	0.25	1/4	54	A-5	80	True	spine_0	1	54.0	2.0	93.0	V	False	('D', 'F', 'B-')	D	B-	1.0	major triad	(2, 5, 10)	E-	E-	5	None
214.0	214	1.0	1	54	G5	79	True	spine_0	1	54.0	2.0	94.0	I	True	('E-', 'G', 'B-')	E-	E-	0.0	major triad	(3, 7, 10)	E-	E-	1	None
214.0	214	2.0	2	54	G5	79	True	spine_0	1	54.0	2.0	94.0	I	True	('E-', 'G', 'B-')	E-	E-	0.0	major triad	(3, 7, 10)	E-	E-	1	None
214.0	214	0.25	1/4	54	E-2	39	True	spine_0	1	54.0	2.0	94.0	I	True	('E-', 'G', 'B-')	E-	E-	0.0	major triad	(3, 7, 10)	E-	E-	1	None
214.25	857/4	0.25	1/4	54	B-2	46	True	spine_0	1	54.0	2.0	94.0	I	False	('E-', 'G', 'B-')	E-	E-	0.0	major triad	(3, 7, 10)	E-	E-	1	None
214.5	429/2	0.25	1/4	54	G2	43	True	spine_0	1	54.0	2.0	94.0	I	False	('E-', 'G', 'B-')	E-	E-	0.0	major triad	(3, 7, 10)	E-	E-	1	None
214.75	859/4	0.25	1/4	54	E-3	51	True	spine_0	1	54.0	2.0	94.0	I	False	('E-', 'G', 'B-')	E-	E-	0.0	major triad	(3, 7, 10)	E-	E-	1	None
215.0	215	0.25	1/4	54	B-2	46	True	spine_0	1	54.0	2.0	94.0	I	False	('E-', 'G', 'B-')	E-	E-	0.0	major triad	(3, 7, 10)	E-	E-	1	None
215.25	861/4	0.25	1/4	54	G3	55	True	spine_0	1	54.0	2.0	94.0	I	False	('E-', 'G', 'B-')	E-	E-	0.0	major triad	(3, 7, 10)	E-	E-	1	None
215.5	431/2	0.25	1/4	54	E-3	51	True	spine_0	1	54.0	2.0	94.0	I	False	('E-', 'G', 'B-')	E-	E-	0.0	major triad	(3, 7, 10)	E-	E-	1	None
215.75	863/4	0.25	1/4	54	B-3	58	True	spine_0	1	54.0	2.0	94.0	I	False	('E-', 'G', 'B-')	E-	E-	0.0	major triad	(3, 7, 10)	E-	E-	1	None
216.0	216	0.25	1/4	55	B-3	58	True	spine_0	1	55.0	2.0	95.0	I	True	('E-', 'G', 'B-')	E-	E-	0.0	major triad	(3, 7, 10)	E-	E-	1	None
216.0	216	2.0	2	55	G5	79	False	spine_0	1	55.0	2.0	95.0	I	True	('E-', 'G', 'B-')	E-	E-	0.0	major triad	(3, 7, 10)	E-	E-	1	None
216.0	216	2.0	2	55	B-4	70	False	spine_0	1	55.0	2.0	95.0	I	True	('E-', 'G', 'B-')	E-	E-	0.0	major triad	(3, 7, 10)	E-	E-	1	None
216.0	216	1.0	1	55	E-3	51	True	spine_0	1	55.0	2.0	95.0	I	True	('E-', 'G', 'B-')	E-	E-	0.0	major triad	(3, 7, 10)	E-	E-	1	None
216.25	865/4	0.25	1/4	55	G4	67	True	spine_0	1	55.0	2.0	95.0	I	False	('E-', 'G', 'B-')	E-	E-	0.0	major triad	(3, 7, 10)	E-	E-	1	None
216.5	433/2	0.25	1/4	55	E-4	63	True	spine_0	1	55.0	2.0	95.0	I	False	('E-', 'G', 'B-')	E-	E-	0.0	major triad	(3, 7, 10)	E-	E-	1	None
216.75	867/4	0.25	1/4	55	B-4	70	True	spine_0	1	55.0	2.0	95.0	I	False	('E-', 'G', 'B-')	E-	E-	0.0	major triad	(3, 7, 10)	E-	E-	1	None
217.0	217	0.25	1/4	55	G4	67	True	spine_0	1	55.0	2.0	95.0	I	False	('E-', 'G', 'B-')	E-	E-	0.0	major triad	(3, 7, 10)	E-	E-	1	None
217.25	869/4	0.25	1/4	55	E-5	75	True	spine_0	1	55.0	2.0	95.0	I	False	('E-', 'G', 'B-')	E-	E-	0.0	major triad	(3, 7, 10)	E-	E-	1	None
217.5	435/2	0.25	1/4	55	B-4	70	True	spine_0	1	55.0	2.0	95.0	I	False	('E-', 'G', 'B-')	E-	E-	0.0	major triad	(3, 7, 10)	E-	E-	1	None
217.75	871/4	0.25	1/4	55	G5	79	True	spine_0	1	55.0	2.0	95.0	I	False	('E-', 'G', 'B-')	E-	E-	0.0	major triad	(3, 7, 10)	E-	E-	1	None
218.0	218	1.0	1	55	F5	77	True	spine_0	1	55.0	2.0	96.0	V7/vi	True	('B', 'D', 'F', 'G')	B	G	1.0	dominant seventh chord	(2, 5, 7, 11)	E-	c	5	6
218.0	218	2.0	2	55	F5	77	True	spine_0	1	55.0	2.0	96.0	V7/vi	True	('B', 'D', 'F', 'G')	B	G	1.0	dominant seventh chord	(2, 5, 7, 11)	E-	c	5	6
218.0	218	2.0	2	55	G4	67	True	spine_0	1	55.0	2.0	96.0	V7/vi	True	('B', 'D', 'F', 'G')	B	G	1.0	dominant seventh chord	(2, 5, 7, 11)	E-	c	5	6
218.0	218	0.25	1/4	55	B2	47	True	spine_0	1	55.0	2.0	96.0	V7/vi	True	('B', 'D', 'F', 'G')	B	G	1.0	dominant seventh chord	(2, 5, 7, 11)	E-	c	5	6
218.25	873/4	0.25	1/4	55	G3	55	True	spine_0	1	55.0	2.0	96.0	V7/vi	False	('B', 'D', 'F', 'G')	B	G	1.0	dominant seventh chord	(2, 5, 7, 11)	E-	c	5	6
218.5	437/2	0.25	1/4	55	D3	50	True	spine_0	1	55.0	2.0	96.0	V7/vi	False	('B', 'D', 'F', 'G')	B	G	1.0	dominant seventh chord	(2, 5, 7, 11)	E-	c	5	6
218.75	875/4	0.25	1/4	55	B3	59	True	spine_0	1	55.0	2.0	96.0	V7/vi	False	('B', 'D', 'F', 'G')	B	G	1.0	dominant seventh chord	(2, 5, 7, 11)	E-	c	5	6
219.0	219	0.25	1/4	55	G3	55	True	spine_0	1	55.0	2.0	96.0	V7/vi	False	('B', 'D', 'F', 'G')	B	G	1.0	dominant seventh chord	(2, 5, 7, 11)	E-	c	5	6
219.25	877/4	0.25	1/4	55	D4	62	True	spine_0	1	55.0	2.0	96.0	V7/vi	False	('B', 'D', 'F', 'G')	B	G	1.0	dominant seventh chord	(2, 5, 7, 11)	E-	c	5	6
219.5	439/2	0.25	1/4	55	B3	59	True	spine_0	1	55.0	2.0	96.0	V7/vi	False	('B', 'D', 'F', 'G')	B	G	1.0	dominant seventh chord	(2, 5, 7, 11)	E-	c	5	6
219.75	879/4	0.25	1/4	55	G4	67	True	spine_0	1	55.0	2.0	96.0	V7/vi	False	('B', 'D', 'F', 'G')	B	G	1.0	dominant seventh chord	(2, 5, 7, 11)	E-	c	5	6
220.0	220	0.25	1/4	56	B3	59	True	spine_0	1	56.0	2.0	97.0	V7/vi	True	('B', 'D', 'F', 'G')	B	G	1.0	dominant seventh chord	(2, 5, 7, 11)	E-	c	5	6
220.0	220	2.0	2	56	F5	77	False	spine_0	1	56.0	2.0	97.0	V7/vi	True	('B', 'D', 'F', 'G')	B	G	1.0	dominant seventh chord	(2, 5, 7, 11)	E-	c	5	6
220.0	220	4.0	4	56	G4	67	False	spine_0	1	56.0	2.0	97.0	V7/vi	True	('B', 'D', 'F', 'G')	B	G	1.0	dominant seventh chord	(2, 5, 7, 11)	E-	c	5	6
220.0	220	1.0	1	56	B3	59	True	spine_0	1	56.0	2.0	97.0	V7/vi	True	('B', 'D', 'F', 'G')	B	G	1.0	dominant seventh chord	(2, 5, 7, 11)	E-	c	5	6
220.25	881/4	0.25	1/4	56	G4	67	True	spine_0	1	56.0	2.0	97.0	V7/vi	False	('B', 'D', 'F', 'G')	B	G	1.0	dominant seventh chord	(2, 5, 7, 11)	E-	c	5	6
220.5	441/2	0.25	1/4	56	D4	62	True	spine_0	1	56.0	2.0	97.0	V7/vi	False	('B', 'D', 'F', 'G')	B	G	1.0	dominant seventh chord	(2, 5, 7, 11)	E-	c	5	6
220.75	883/4	0.25	1/4	56	B4	71	True	spine_0	1	56.0	2.0	97.0	V7/vi	False	('B', 'D', 'F', 'G')	B	G	1.0	dominant seventh chord	(2, 5, 7, 11)	E-	c	5	6
221.0	221	0.25	1/4	56	G4	67	True	spine_0	1	56.0	2.0	97.0	V7/vi	False	('B', 'D', 'F', 'G')	B	G	1.0	dominant seventh chord	(2, 5, 7, 11)	E-	c	5	6
221.25	885/4	0.25	1/4	56	D5	74	True	spine_0	1	56.0	2.0	97.0	V7/vi	False	('B', 'D', 'F', 'G')	B	G	1.0	dominant seventh chord	(2, 5, 7, 11)	E-	c	5	6
221.5	443/2	0.25	1/4	56	B4	71	True	spine_0	1	56.0	2.0	97.0	V7/vi	False	('B', 'D', 'F', 'G')	B	G	1.0	dominant seventh chord	(2, 5, 7, 11)	E-	c	5	6
221.75	887/4	0.25	1/4	56	F5	77	True	spine_0	1	56.0	2.0	97.0	V7/vi	False	('B', 'D', 'F', 'G')	B	G	1.0	dominant seventh chord	(2, 5, 7, 11)	E-	c	5	6
222.0	222	1.0	1	56	E-5	75	True	spine_0	1	56.0	2.0	98.0	vi	True	('C', 'E-', 'G')	C	C	0.0	minor triad	(0, 3, 7)	E-	E-	6	None
222.0	222	2.0	2	56	E-5	75	True	spine_0	1	56.0	2.0	98.0	vi	True	('C', 'E-', 'G')	C	C	0.0	minor triad	(0, 3, 7)	E-	E-	6	None
222.0	222	0.25	1/4	56	C2	36	True	spine_0	1	56.0	2.0	98.0	vi	True	('C', 'E-', 'G')	C	C	0.0	minor triad	(0, 3, 7)	E-	E-	6	None
222.25	889/4	0.25	1/4	56	G2	43	True	spine_0	1	56.0	2.0	98.0	vi	False	('C', 'E-', 'G')	C	C	0.0	minor triad	(0, 3, 7)	E-	E-	6	None
222.5	445/2	0.25	1/4	56	E-2	39	True	spine_0	1	56.0	2.0	98.0	vi	False	('C', 'E-', 'G')	C	C	0.0	minor triad	(0, 3, 7)	E-	E-	6	None
222.75	891/4	0.25	1/4	56	C3	48	True	spine_0	1	56.0	2.0	98.0	vi	False	('C', 'E-', 'G')	C	C	0.0	minor triad	(0, 3, 7)	E-	E-	6	None
223.0	223	0.25	1/4	56	G2	43	True	spine_0	1	56.0	2.0	98.0	vi	False	('C', 'E-', 'G')	C	C	0.0	minor triad	(0, 3, 7)	E-	E-	6	None
223.25	893/4	0.25	1/4	56	E-3	51	True	spine_0	1	56.0	2.0	98.0	vi	False	('C', 'E-', 'G')	C	C	0.0	minor triad	(0, 3, 7)	E-	E-	6	None
223.5	447/2	0.25	1/4	56	C3	48	True	spine_0	1	56.0	2.0	98.0	vi	False	('C', 'E-', 'G')	C	C	0.0	minor triad	(0, 3, 7)	E-	E-	6	None
223.75	895/4	0.25	1/4	56	G3	55	True	spine_0	1	56.0	2.0	98.0	vi	False	('C', 'E-', 'G')	C	C	0.0	minor triad	(0, 3, 7)	E-	E-	6	None
224.0	224	0.25	1/4	57	C4	60	True	spine_0	1	57.0	2.0	99.0	vi	True	('C', 'E-', 'G')	C	C	0.0	minor triad	(0, 3, 7)	E-	E-	6	None
224.0	224	2.0	2	57	E-5	75	False	spine_0	1	57.0	2.0	99.0	vi	True	('C', 'E-', 'G')	C	C	0.0	minor triad	(0, 3, 7)	E-	E-	6	None
224.0	224	2.0	2	57	G4	67	False	spine_0	1	57.0	2.0	99.0	vi	True	('C', 'E-', 'G')	C	C	0.0	minor triad	(0, 3, 7)	E-	E-	6	None
224.0	224	1.0	1	57	E-3	51	True	spine_0	1	57.0	2.0	99.0	vi	True	('C', 'E-', 'G')	C	C	0.0	minor triad	(0, 3, 7)	E-	E-	6	None
224.25	897/4	0.25	1/4	57	G4	67	True	spine_0	1	57.0	2.0	99.0	vi	False	('C', 'E-', 'G')	C	C	0.0	minor triad	(0, 3, 7)	E-	E-	6	None
224.5	449/2	0.25	1/4	57	E-4	63	True	spine_0	1	57.0	2.0	99.0	vi	False	('C', 'E-', 'G')	C	C	0.0	minor triad	(0, 3, 7)	E-	E-	6	None
224.75	899/4	0.25	1/4	57	C5	72	True	spine_0	1	57.0	2.0	99.0	vi	False	('C', 'E-', 'G')	C	C	0.0	minor triad	(0, 3, 7)	E-	E-	6	None
225.0	225	0.25	1/4	57	G4	67	True	spine_0	1	57.0	2.0	99.0	vi	False	('C', 'E-', 'G')	C	C	0.0	minor triad	(0, 3, 7)	E-	E-	6	None
225.25	901/4	0.25	1/4	57	E-5	75	True	spine_0	1	57.0	2.0	99.0	vi	False	('C', 'E-', 'G')	C	C	0.0	minor triad	(0, 3, 7)	E-	E-	6	None
225.5	451/2	0.25	1/4	57	C5	72	True	spine_0	1	57.0	2.0	99.0	vi	False	('C', 'E-', 'G')	C	C	0.0	minor triad	(0, 3, 7)	E-	E-	6	None
225.75	903/4	0.25	1/4	57	G5	79	True	spine_0	1	57.0	2.0	99.0	vi	False	('C', 'E-', 'G')	C	C	0.0	minor triad	(0, 3, 7)	E-	E-	6	None
226.0	226	1.0	1	57	A-5	80	True	spine_0	1	57.0	2.0	100.0	viio7/vi	True	('F', 'A-', 'B', 'D')	F	B	2.0	diminished seventh chord	(2, 5, 8, 11)	E-	c	#7	6
226.0	226	2.0	2	57	B4	71	True	spine_0	1	57.0	2.0	100.0	viio7/vi	True	('F', 'A-', 'B', 'D')	F	B	2.0	diminished seventh chord	(2, 5, 8, 11)	E-	c	#7	6
226.0	226	1.0	1	57	F3	53	True	spine_0	1	57.0	2.0	100.0	viio7/vi	True	('F', 'A-', 'B', 'D')	F	B	2.0	diminished seventh chord	(2, 5, 8, 11)	E-	c	#7	6
226.25	905/4	0.25	1/4	57	D4	62	True	spine_0	1	57.0	2.0	100.0	viio7/vi	False	('F', 'A-', 'B', 'D')	F	B	2.0	diminished seventh chord	(2, 5, 8, 11)	E-	c	#7	6
226.5	453/2	0.25	1/4	57	B4	71	True	spine_0	1	57.0	2.0	100.0	viio7/vi	False	('F', 'A-', 'B', 'D')	F	B	2.0	diminished seventh chord	(2, 5, 8, 11)	E-	c	#7	6
226.75	907/4	0.25	1/4	57	D4	62	True	spine_0	1	57.0	2.0	100.0	viio7/vi	False	('F', 'A-', 'B', 'D')	F	B	2.0	diminished seventh chord	(2, 5, 8, 11)	E-	c	#7	6
227.0	227	1.0	1	57	F4	65	True	spine_0	1	57.0	2.0	100.0	viio7/vi	False	('F', 'A-', 'B', 'D')	F	B	2.0	diminished seventh chord	(2, 5, 8, 11)	E-	c	#7	6
227.25	909/4	0.25	1/4	57	D4	62	True	spine_0	1	57.0	2.0	100.0	viio7/vi	False	('F', 'A-', 'B', 'D')	F	B	2.0	diminished seventh chord	(2, 5, 8, 11)	E-	c	#7	6
227.5	455/2	0.25	1/4	57	B4	71	True	spine_0	1	57.0	2.0	100.0	viio7/vi	False	('F', 'A-', 'B', 'D')	F	B	2.0	diminished seventh chord	(2, 5, 8, 11)	E-	c	#7	6
227.75	911/4	0.25	1/4	57	D4	62	True	spine_0	1	57.0	2.0	100.0	viio7/vi	False	('F', 'A-', 'B', 'D')	F	B	2.0	diminished seventh chord	(2, 5, 8, 11)	E-	c	#7	6
228.0	228	1.0	1	58	G5	79	True	spine_0	1	58.0	2.0	101.0	vi	True	('C', 'E-', 'G')	C	C	0.0	minor triad	(0, 3, 7)	E-	E-	6	None
228.0	228	2.0	2	58	C5	72	True	spine_0	1	58.0	2.0	101.0	vi	True	('C', 'E-', 'G')	C	C	0.0	minor triad	(0, 3, 7)	E-	E-	6	None
228.0	228	1.0	1	58	E-4	63	True	spine_0	1	58.0	2.0	101.0	vi	True	('C', 'E-', 'G')	C	C	0.0	minor triad	(0, 3, 7)	E-	E-	6	None
228.25	913/4	0.25	1/4	58	C4	60	True	spine_0	1	58.0	2.0	101.0	vi	False	('C', 'E-', 'G')	C	C	0.0	minor triad	(0, 3, 7)	E-	E-	6	None
228.5	457/2	0.25	1/4	58	C5	72	True	spine_0	1	58.0	2.0	101.0	vi	False	('C', 'E-', 'G')	C	C	0.0	minor triad	(0, 3, 7)	E-	E-	6	None
228.75	915/4	0.25	1/4	58	C4	60	True	spine_0	1	58.0	2.0	101.0	vi	False	('C', 'E-', 'G')	C	C	0.0	minor triad	(0, 3, 7)	E-	E-	6	None
229.0	229	0.25	1/4	58	F5	77	True	spine_0	1	58.0	2.0	101.0	vi	False	('C', 'E-', 'G')	C	C	0.0	minor triad	(0, 3, 7)	E-	E-	6	None
229.0	229	1.0	1	58	E-3	51	True	spine_0	1	58.0	2.0	101.0	vi	False	('C', 'E-', 'G')	C	C	0.0	minor triad	(0, 3, 7)	E-	E-	6	None
229.25	917/4	0.25	1/4	58	E-5	75	True	spine_0	1	58.0	2.0	101.0	vi	False	('C', 'E-', 'G')	C	C	0.0	minor triad	(0, 3, 7)	E-	E-	6	None
229.25	917/4	0.25	1/4	58	C4	60	True	spine_0	1	58.0	2.0	101.0	vi	False	('C', 'E-', 'G')	C	C	0.0	minor triad	(0, 3, 7)	E-	E-	6	None
229.5	459/2	0.25	1/4	58	D5	74	True	spine_0	1	58.0	2.0	101.0	vi	False	('C', 'E-', 'G')	C	C	0.0	minor triad	(0, 3, 7)	E-	E-	6	None
229.5	459/2	0.25	1/4	58	C5	72	True	spine_0	1	58.0	2.0	101.0	vi	False	('C', 'E-', 'G')	C	C	0.0	minor triad	(0, 3, 7)	E-	E-	6	None
229.75	919/4	0.25	1/4	58	C5	72	True	spine_0	1	58.0	2.0	101.0	vi	False	('C', 'E-', 'G')	C	C	0.0	minor triad	(0, 3, 7)	E-	E-	6	None
229.75	919/4	0.25	1/4	58	C4	60	True	spine_0	1	58.0	2.0	101.0	vi	False	('C', 'E-', 'G')	C	C	0.0	minor triad	(0, 3, 7)	E-	E-	6	None
230.0	230	2.0	2	58	A-5	80	True	spine_0	1	58.0	2.0	102.0	viio7/vi	True	('F', 'A-', 'B', 'D')	F	B	2.0	diminished seventh chord	(2, 5, 8, 11)	E-	c	#7	6
230.0	230	2.0	2	58	B4	71	True	spine_0	1	58.0	2.0	102.0	viio7/vi	True	('F', 'A-', 'B', 'D')	F	B	2.0	diminished seventh chord	(2, 5, 8, 11)	E-	c	#7	6
230.0	230	1.0	1	58	F3	53	True	spine_0	1	58.0	2.0	102.0	viio7/vi	True	('F', 'A-', 'B', 'D')	F	B	2.0	diminished seventh chord	(2, 5, 8, 11)	E-	c	#7	6
230.25	921/4	0.25	1/4	58	D4	62	True	spine_0	1	58.0	2.0	102.0	viio7/vi	False	('F', 'A-', 'B', 'D')	F	B	2.0	diminished seventh chord	(2, 5, 8, 11)	E-	c	#7	6
230.5	461/2	0.25	1/4	58	B4	71	True	spine_0	1	58.0	2.0	102.0	viio7/vi	False	('F', 'A-', 'B', 'D')	F	B	2.0	diminished seventh chord	(2, 5, 8, 11)	E-	c	#7	6
230.75	923/4	0.25	1/4	58	D4	62	True	spine_0	1	58.0	2.0	102.0	viio7/vi	False	('F', 'A-', 'B', 'D')	F	B	2.0	diminished seventh chord	(2, 5, 8, 11)	E-	c	#7	6
231.0	231	1.0	1	58	F4	65	True	spine_0	1	58.0	2.0	102.0	viio7/vi	False	('F', 'A-', 'B', 'D')	F	B	2.0	diminished seventh chord	(2, 5, 8, 11)	E-	c	#7	6
231.25	925/4	0.25	1/4	58	D4	62	True	spine_0	1	58.0	2.0	102.0	viio7/vi	False	('F', 'A-', 'B', 'D')	F	B	2.0	diminished seventh chord	(2, 5, 8, 11)	E-	c	#7	6
231.5	463/2	0.25	1/4	58	B4	71	True	spine_0	1	58.0	2.0	102.0	viio7/vi	False	('F', 'A-', 'B', 'D')	F	B	2.0	diminished seventh chord	(2, 5, 8, 11)	E-	c	#7	6
231.75	927/4	0.25	1/4	58	D4	62	True	spine_0	1	58.0	2.0	102.0	viio7/vi	False	('F', 'A-', 'B', 'D')	F	B	2.0	diminished seventh chord	(2, 5, 8, 11)	E-	c	#7	6
232.0	232	1.0	1	59	G5	79	True	spine_0	1	59.0	2.0	103.0	vi	True	('C', 'E-', 'G')	C	C	0.0	minor triad	(0, 3, 7)	E-	E-	6	None
232.0	232	1.5	3/2	59	C5	72	True	spine_0	1	59.0	2.0	103.0	vi	True	('C', 'E-', 'G')	C	C	0.0	minor triad	(0, 3, 7)	E-	E-	6	None
232.0	232	1.0	1	59	E-4	63	True	spine_0	1	59.0	2.0	103.0	vi	True	('C', 'E-', 'G')	C	C	0.0	minor triad	(0, 3, 7)	E-	E-	6	None
232.25	929/4	0.25	1/4	59	C4	60	True	spine_0	1	59.0	2.0	103.0	vi	False	('C', 'E-', 'G')	C	C	0.0	minor triad	(0, 3, 7)	E-	E-	6	None
232.5	465/2	0.25	1/4	59	C5	72	True	spine_0	1	59.0	2.0	103.0	vi	False	('C', 'E-', 'G')	C	C	0.0	minor triad	(0, 3, 7)	E-	E-	6	None
232.75	931/4	0.25	1/4	59	C4	60	True	spine_0	1	59.0	2.0	103.0	vi	False	('C', 'E-', 'G')	C	C	0.0	minor triad	(0, 3, 7)	E-	E-	6	None
233.0	233	0.25	1/4	59	F5	77	True	spine_0	1	59.0	2.0	103.0	vi	False	('C', 'E-', 'G')	C	C	0.0	minor triad	(0, 3, 7)	E-	E-	6	None
233.0	233	1.0	1	59	E-3	51	True	spine_0	1	59.0	2.0	103.0	vi	False	('C', 'E-', 'G')	C	C	0.0	minor triad	(0, 3, 7)	E-	E-	6	None
233.25	933/4	0.25	1/4	59	E-5	75	True	spine_0	1	59.0	2.0	103.0	vi	False	('C', 'E-', 'G')	C	C	0.0	minor triad	(0, 3, 7)	E-	E-	6	None
233.25	933/4	0.25	1/4	59	C4	60	True	spine_0	1	59.0	2.0	103.0	vi	False	('C', 'E-', 'G')	C	C	0.0	minor triad	(0, 3, 7)	E-	E-	6	None
233.5	467/2	0.25	1/4	59	D5	74	True	spine_0	1	59.0	2.0	103.0	vi	False	('C', 'E-', 'G')	C	C	0.0	minor triad	(0, 3, 7)	E-	E-	6	None
233.5	467/2	0.25	1/4	59	C5	72	True	spine_0	1	59.0	2.0	103.0	vi	False	('C', 'E-', 'G')	C	C	0.0	minor triad	(0, 3, 7)	E-	E-	6	None
233.5	467/2	0.5	1/2	59	G4	67	True	spine_0	1	59.0	2.0	103.0	vi	False	('C', 'E-', 'G')	C	C	0.0	minor triad	(0, 3, 7)	E-	E-	6	None
233.75	935/4	0.25	1/4	59	C5	72	True	spine_0	1	59.0	2.0	103.0	vi	False	('C', 'E-', 'G')	C	C	0.0	minor triad	(0, 3, 7)	E-	E-	6	None
233.75	935/4	0.25	1/4	59	C4	60	True	spine_0	1	59.0	2.0	103.0	vi	False	('C', 'E-', 'G')	C	C	0.0	minor triad	(0, 3, 7)	E-	E-	6	None
234.0	234	0.25	1/4	59	D-5	73	True	spine_0	1	59.0	2.0	104.0	N/vi	True	('F', 'A-', 'D-')	F	D-	1.0	major triad	(1, 5, 8)	E-	c	-2	6
234.0	234	1.0	1	59	A-4	68	True	spine_0	1	59.0	2.0	104.0	N/vi	True	('F', 'A-', 'D-')	F	D-	1.0	major triad	(1, 5, 8)	E-	c	-2	6
234.0	234	1.0	1	59	F4	65	True	spine_0	1	59.0	2.0	104.0	N/vi	True	('F', 'A-', 'D-')	F	D-	1.0	major triad	(1, 5, 8)	E-	c	-2	6
234.0	234	1.0	1	59	F3	53	True	spine_0	1	59.0	2.0	104.0	N/vi	True	('F', 'A-', 'D-')	F	D-	1.0	major triad	(1, 5, 8)	E-	c	-2	6
234.25	937/4	0.25	1/4	59	D-5	73	True	spine_0	1	59.0	2.0	104.0	N/vi	False	('F', 'A-', 'D-')	F	D-	1.0	major triad	(1, 5, 8)	E-	c	-2	6
234.5	469/2	0.25	1/4	59	C5	72	True	spine_0	1	59.0	2.0	104.0	N/vi	False	('F', 'A-', 'D-')	F	D-	1.0	major triad	(1, 5, 8)	E-	c	-2	6
234.75	939/4	0.25	1/4	59	D-5	73	True	spine_0	1	59.0	2.0	104.0	N/vi	False	('F', 'A-', 'D-')	F	D-	1.0	major triad	(1, 5, 8)	E-	c	-2	6
235.0	235	0.25	1/4	59	E-5	75	True	spine_0	1	59.0	2.0	104.0	N/vi	False	('F', 'A-', 'D-')	F	D-	1.0	major triad	(1, 5, 8)	E-	c	-2	6
235.25	941/4	0.25	1/4	59	D-5	73	True	spine_0	1	59.0	2.0	104.0	N/vi	False	('F', 'A-', 'D-')	F	D-	1.0	major triad	(1, 5, 8)	E-	c	-2	6
235.5	471/2	0.25	1/4	59	F5	77	True	spine_0	1	59.0	2.0	104.0	N/vi	False	('F', 'A-', 'D-')	F	D-	1.0	major triad	(1, 5, 8)	E-	c	-2	6
235.75	943/4	0.25	1/4	59	D-5	73	True	spine_0	1	59.0	2.0	104.0	N/vi	False	('F', 'A-', 'D-')	F	D-	1.0	major triad	(1, 5, 8)	E-	c	-2	6
236.0	236	1.0	1	60	A-5	80	True	spine_0	1	60.0	2.0	105.0	N/vi	True	('F', 'A-', 'D-')	F	D-	1.0	major triad	(1, 5, 8)	E-	c	-2	6
237.0	237	0.25	1/4	60	G5	79	True	spine_0	1	60.0	2.0	105.0	N/vi	False	('F', 'A-', 'D-')	F	D-	1.0	major triad	(1, 5, 8)	E-	c	-2	6
237.25	949/4	0.25	1/4	60	F5	77	True	spine_0	1	60.0	2.0	105.0	N/vi	False	('F', 'A-', 'D-')	F	D-	1.0	major triad	(1, 5, 8)	E-	c	-2	6
237.5	475/2	0.25	1/4	60	E-5	75	True	spine_0	1	60.0	2.0	105.0	N/vi	False	('F', 'A-', 'D-')	F	D-	1.0	major triad	(1, 5, 8)	E-	c	-2	6
237.75	951/4	0.25	1/4	60	D5	74	True	spine_0	1	60.0	2.0	105.0	N/vi	False	('F', 'A-', 'D-')	F	D-	1.0	major triad	(1, 5, 8)	E-	c	-2	6
238.0	238	1.5	3/2	60	C5	72	True	spine_0	1	60.0	1.0	106.0	viio7/V/vi	True	('F#', 'A', 'C', 'E-')	F#	F#	0.0	diminished seventh chord	(0, 3, 6, 9)	E-	G	7	5
238.5	477/2	0.5	1/2	60	E-4	63	True	spine_0	1	60.0	1.0	106.0	viio7/V/vi	False	('F#', 'A', 'C', 'E-')	F#	F#	0.0	diminished seventh chord	(0, 3, 6, 9)	E-	G	7	5
238.5	477/2	0.5	1/2	60	A3	57	True	spine_0	1	60.0	1.0	106.0	viio7/V/vi	False	('F#', 'A', 'C', 'E-')	F#	F#	0.0	diminished seventh chord	(0, 3, 6, 9)	E-	G	7	5
238.5	477/2	0.5	1/2	60	F#3	54	True	spine_0	1	60.0	1.0	106.0	viio7/V/vi	False	('F#', 'A', 'C', 'E-')	F#	F#	0.0	diminished seventh chord	(0, 3, 6, 9)	E-	G	7	5
239.0	239	0.5	1/2	60	G3	55	True	spine_0	1	60.0	1.0	107.0	V7/vi	True	('G', 'B', 'D', 'F')	G	G	0.0	dominant seventh chord	(2, 5, 7, 11)	E-	c	5	6
239.0	239	0.5	1/2	60	G3	55	True	spine_0	1	60.0	1.0	107.0	V7/vi	True	('G', 'B', 'D', 'F')	G	G	0.0	dominant seventh chord	(2, 5, 7, 11)	E-	c	5	6
239.5	479/2	0.5	1/2	60	D5	74	True	spine_0	1	60.0	1.0	107.0	V7/vi	False	('G', 'B', 'D', 'F')	G	G	0.0	dominant seventh chord	(2, 5, 7, 11)	E-	c	5	6
239.5	479/2	0.5	1/2	60	F4	65	True	spine_0	1	60.0	1.0	107.0	V7/vi	False	('G', 'B', 'D', 'F')	G	G	0.0	dominant seventh chord	(2, 5, 7, 11)	E-	c	5	6
239.5	479/2	0.5	1/2	60	G3	55	True	spine_0	1	60.0	1.0	107.0	V7/vi	False	('G', 'B', 'D', 'F')	G	G	0.0	dominant seventh chord	(2, 5, 7, 11)	E-	c	5	6
239.5	479/2	0.5	1/2	60	G2	43	True	spine_0	1	60.0	1.0	107.0	V7/vi	False	('G', 'B', 'D', 'F')	G	G	0.0	dominant seventh chord	(2, 5, 7, 11)	E-	c	5	6
240.0	240	0.25	1/4	61	E-4	63	True	spine_0	1	61.0	4.0	108.0	vi	True	('C', 'E-', 'G')	C	C	0.0	minor triad	(0, 3, 7)	E-	E-	6	None
240.0	240	1.0	1	61	G3	55	True	spine_0	1	61.0	4.0	108.0	vi	True	('C', 'E-', 'G')	C	C	0.0	minor triad	(0, 3, 7)	E-	E-	6	None
240.0	240	1.0	1	61	C3	48	True	spine_0	1	61.0	4.0	108.0	vi	True	('C', 'E-', 'G')	C	C	0.0	minor triad	(0, 3, 7)	E-	E-	6	None
240.25	961/4	0.25	1/4	61	E-5	75	True	spine_0	1	61.0	4.0	108.0	vi	False	('C', 'E-', 'G')	C	C	0.0	minor triad	(0, 3, 7)	E-	E-	6	None
240.25	961/4	0.25	1/4	61	C5	72	True	spine_0	1	61.0	4.0	108.0	vi	False	('C', 'E-', 'G')	C	C	0.0	minor triad	(0, 3, 7)	E-	E-	6	None
240.5	481/2	0.25	1/4	61	A-5	80	True	spine_0	1	61.0	4.0	108.0	vi	False	('C', 'E-', 'G')	C	C	0.0	minor triad	(0, 3, 7)	E-	E-	6	None
240.5	481/2	0.25	1/4	61	F5	77	True	spine_0	1	61.0	4.0	108.0	vi	False	('C', 'E-', 'G')	C	C	0.0	minor triad	(0, 3, 7)	E-	E-	6	None
240.75	963/4	0.25	1/4	61	G5	79	True	spine_0	1	61.0	4.0	108.0	vi	False	('C', 'E-', 'G')	C	C	0.0	minor triad	(0, 3, 7)	E-	E-	6	None
240.75	963/4	0.25	1/4	61	E-5	75	True	spine_0	1	61.0	4.0	108.0	vi	False	('C', 'E-', 'G')	C	C	0.0	minor triad	(0, 3, 7)	E-	E-	6	None
241.0	241	0.5	1/2	61	G5	79	True	spine_0	1	61.0	4.0	108.0	vi	False	('C', 'E-', 'G')	C	C	0.0	minor triad	(0, 3, 7)	E-	E-	6	None
241.0	241	0.5	1/2	61	E-5	75	True	spine_0	1	61.0	4.0	108.0	vi	False	('C', 'E-', 'G')	C	C	0.0	minor triad	(0, 3, 7)	E-	E-	6	None
241.25	965/4	0.25	1/4	61	E-4	63	True	spine_0	1	61.0	4.0	108.0	vi	False	('C', 'E-', 'G')	C	C	0.0	minor triad	(0, 3, 7)	E-	E-	6	None
241.25	965/4	0.25	1/4	61	C4	60	True	spine_0	1	61.0	4.0	108.0	vi	False	('C', 'E-', 'G')	C	C	0.0	minor triad	(0, 3, 7)	E-	E-	6	None
241.5	483/2	0.25	1/4	61	A-4	68	True	spine_0	1	61.0	4.0	108.0	vi	False	('C', 'E-', 'G')	C	C	0.0	minor triad	(0, 3, 7)	E-	E-	6	None
241.5	483/2	0.25	1/4	61	F4	65	True	spine_0	1	61.0	4.0	108.0	vi	False	('C', 'E-', 'G')	C	C	0.0	minor triad	(0, 3, 7)	E-	E-	6	None
241.75	967/4	0.25	1/4	61	G4	67	True	spine_0	1	61.0	4.0	108.0	vi	False	('C', 'E-', 'G')	C	C	0.0	minor triad	(0, 3, 7)	E-	E-	6	None
241.75	967/4	0.25	1/4	61	E-4	63	True	spine_0	1	61.0	4.0	108.0	vi	False	('C', 'E-', 'G')	C	C	0.0	minor triad	(0, 3, 7)	E-	E-	6	None
242.0	242	0.5	1/2	61	G4	67	True	spine_0	1	61.0	4.0	108.0	vi	False	('C', 'E-', 'G')	C	C	0.0	minor triad	(0, 3, 7)	E-	E-	6	None
242.0	242	0.5	1/2	61	E-4	63	True	spine_0	1	61.0	4.0	108.0	vi	False	('C', 'E-', 'G')	C	C	0.0	minor triad	(0, 3, 7)	E-	E-	6	None
242.25	969/4	0.25	1/4	61	E-5	75	True	spine_0	1	61.0	4.0	108.0	vi	False	('C', 'E-', 'G')	C	C	0.0	minor triad	(0, 3, 7)	E-	E-	6	None
242.25	969/4	0.25	1/4	61	C5	72	True	spine_0	1	61.0	4.0	108.0	vi	False	('C', 'E-', 'G')	C	C	0.0	minor triad	(0, 3, 7)	E-	E-	6	None
242.5	485/2	0.25	1/4	61	A-5	80	True	spine_0	1	61.0	4.0	108.0	vi	False	('C', 'E-', 'G')	C	C	0.0	minor triad	(0, 3, 7)	E-	E-	6	None
242.5	485/2	0.25	1/4	61	F5	77	True	spine_0	1	61.0	4.0	108.0	vi	False	('C', 'E-', 'G')	C	C	0.0	minor triad	(0, 3, 7)	E-	E-	6	None
242.75	971/4	0.25	1/4	61	G5	79	True	spine_0	1	61.0	4.0	108.0	vi	False	('C', 'E-', 'G')	C	C	0.0	minor triad	(0, 3, 7)	E-	E-	6	None
242.75	971/4	0.25	1/4	61	E-5	75	True	spine_0	1	61.0	4.0	108.0	vi	False	('C', 'E-', 'G')	C	C	0.0	minor triad	(0, 3, 7)	E-	E-	6	None
243.0	243	0.5	1/2	61	G5	79	True	spine_0	1	61.0	4.0	108.0	vi	False	('C', 'E-', 'G')	C	C	0.0	minor triad	(0, 3, 7)	E-	E-	6	None
243.0	243	0.5	1/2	61	E-5	75	True	spine_0	1	61.0	4.0	108.0	vi	False	('C', 'E-', 'G')	C	C	0.0	minor triad	(0, 3, 7)	E-	E-	6	None
243.25	973/4	0.25	1/4	61	E-4	63	True	spine_0	1	61.0	4.0	108.0	vi	False	('C', 'E-', 'G')	C	C	0.0	minor triad	(0, 3, 7)	E-	E-	6	None
243.25	973/4	0.25	1/4	61	C4	60	True	spine_0	1	61.0	4.0	108.0	vi	False	('C', 'E-', 'G')	C	C	0.0	minor triad	(0, 3, 7)	E-	E-	6	None
243.5	487/2	0.25	1/4	61	A-4	68	True	spine_0	1	61.0	4.0	108.0	vi	False	('C', 'E-', 'G')	C	C	0.0	minor triad	(0, 3, 7)	E-	E-	6	None
243.5	487/2	0.25	1/4	61	F4	65	True	spine_0	1	61.0	4.0	108.0	vi	False	('C', 'E-', 'G')	C	C	0.0	minor triad	(0, 3, 7)	E-	E-	6	None
243.75	975/4	0.25	1/4	61	G4	67	True	spine_0	1	61.0	4.0	108.0	vi	False	('C', 'E-', 'G')	C	C	0.0	minor triad	(0, 3, 7)	E-	E-	6	None
243.75	975/4	0.25	1/4	61	E-4	63	True	spine_0	1	61.0	4.0	108.0	vi	False	('C', 'E-', 'G')	C	C	0.0	minor triad	(0, 3, 7)	E-	E-	6	None
244.0	244	1.0	1	62	G4	67	True	spine_0	1	62.0	2.0	109.0	vi	True	('C', 'E-', 'G')	C	C	0.0	minor triad	(0, 3, 7)	E-	E-	6	None
244.0	244	1.0	1	62	E-4	63	True	spine_0	1	62.0	2.0	109.0	vi	True	('C', 'E-', 'G')	C	C	0.0	minor triad	(0, 3, 7)	E-	E-	6	None
244.25	977/4	0.25	1/4	62	C5	72	True	spine_0	1	62.0	2.0	109.0	vi	False	('C', 'E-', 'G')	C	C	0.0	minor triad	(0, 3, 7)	E-	E-	6	None
244.5	489/2	0.25	1/4	62	B5	83	True	spine_0	1	62.0	2.0	109.0	vi	False	('C', 'E-', 'G')	C	C	0.0	minor triad	(0, 3, 7)	E-	E-	6	None
244.75	979/4	0.25	1/4	62	C6	84	True	spine_0	1	62.0	2.0	109.0	vi	False	('C', 'E-', 'G')	C	C	0.0	minor triad	(0, 3, 7)	E-	E-	6	None
245.0	245	0.5	1/2	62	C6	84	True	spine_0	1	62.0	2.0	109.0	vi	False	('C', 'E-', 'G')	C	C	0.0	minor triad	(0, 3, 7)	E-	E-	6	None
245.5	491/2	0.5	1/2	62	E-5	75	True	spine_0	1	62.0	2.0	109.0	vi	False	('C', 'E-', 'G')	C	C	0.0	minor triad	(0, 3, 7)	E-	E-	6	None
245.5	491/2	0.5	1/2	62	G4	67	True	spine_0	1	62.0	2.0	109.0	vi	False	('C', 'E-', 'G')	C	C	0.0	minor triad	(0, 3, 7)	E-	E-	6	None
245.5	491/2	0.5	1/2	62	G4	67	True	spine_0	1	62.0	2.0	109.0	vi	False	('C', 'E-', 'G')	C	C	0.0	minor triad	(0, 3, 7)	E-	E-	6	None
245.5	491/2	0.5	1/2	62	C3	48	True	spine_0	1	62.0	2.0	109.0	vi	False	('C', 'E-', 'G')	C	C	0.0	minor triad	(0, 3, 7)	E-	E-	6	None
246.0	246	0.5	1/2	62	D5	74	True	spine_0	1	62.0	1.0	110.0	iio/vi	True	('F', 'A-', 'D')	F	D	1.0	diminished triad	(2, 5, 8)	E-	c	2	6
246.0	246	1.0	1	62	A-4	68	True	spine_0	1	62.0	1.0	110.0	iio/vi	True	('F', 'A-', 'D')	F	D	1.0	diminished triad	(2, 5, 8)	E-	c	2	6
246.0	246	1.0	1	62	F4	65	True	spine_0	1	62.0	1.0	110.0	iio/vi	True	('F', 'A-', 'D')	F	D	1.0	diminished triad	(2, 5, 8)	E-	c	2	6
246.0	246	1.0	1	62	F3	53	True	spine_0	1	62.0	1.0	110.0	iio/vi	True	('F', 'A-', 'D')	F	D	1.0	diminished triad	(2, 5, 8)	E-	c	2	6
246.5	493/2	0.5	1/2	62	A-5	80	True	spine_0	1	62.0	1.0	110.0	iio/vi	False	('F', 'A-', 'D')	F	D	1.0	diminished triad	(2, 5, 8)	E-	c	2	6
247.0	247	0.5	1/2	62	G5	79	True	spine_0	1	62.0	1.0	111.0	V/vi	True	('G', 'B', 'D')	G	G	0.0	major triad	(2, 7, 11)	E-	c	5	6
247.0	247	1.0	1	62	G3	55	True	spine_0	1	62.0	1.0	111.0	V/vi	True	('G', 'B', 'D')	G	G	0.0	major triad	(2, 7, 11)	E-	c	5	6
247.5	495/2	0.5	1/2	62	B4	71	True	spine_0	1	62.0	1.0	111.0	V/vi	False	('G', 'B', 'D')	G	G	0.0	major triad	(2, 7, 11)	E-	c	5	6
247.5	495/2	0.5	1/2	62	D4	62	True	spine_0	1	62.0	1.0	111.0	V/vi	False	('G', 'B', 'D')	G	G	0.0	major triad	(2, 7, 11)	E-	c	5	6
247.5	495/2	0.5	1/2	62	G3	55	True	spine_0	1	62.0	1.0	111.0	V/vi	False	('G', 'B', 'D')	G	G	0.0	major triad	(2, 7, 11)	E-	c	5	6
248.0	248	1.0	1	63	C5	72	True	spine_0	1	63.0	4.0	112.0	vi	True	('C', 'E-', 'G')	C	C	0.0	minor triad	(0, 3, 7)	E-	E-	6	None
248.0	248	1.0	1	63	G4	67	True	spine_0	1	63.0	4.0	112.0	vi	True	('C', 'E-', 'G')	C	C	0.0	minor triad	(0, 3, 7)	E-	E-	6	None
248.0	248	0.5	1/2	63	C3	48	True	spine_0	1	63.0	4.0	112.0	vi	True	('C', 'E-', 'G')	C	C	0.0	minor triad	(0, 3, 7)	E-	E-	6	None
248.0	248	1.0	1	63	E-4	63	True	spine_0	1	63.0	4.0	112.0	vi	True	('C', 'E-', 'G')	C	C	0.0	minor triad	(0, 3, 7)	E-	E-	6	None
248.5	497/2	0.5	1/2	63	C3	48	True	spine_0	1	63.0	4.0	112.0	vi	False	('C', 'E-', 'G')	C	C	0.0	minor triad	(0, 3, 7)	E-	E-	6	None
249.0	249	0.5	1/2	63	A-4	68	True	spine_0	1	63.0	4.0	112.0	vi	False	('C', 'E-', 'G')	C	C	0.0	minor triad	(0, 3, 7)	E-	E-	6	None
249.0	249	0.5	1/2	63	C3	48	True	spine_0	1	63.0	4.0	112.0	vi	False	('C', 'E-', 'G')	C	C	0.0	minor triad	(0, 3, 7)	E-	E-	6	None
249.0	249	0.5	1/2	63	F4	65	True	spine_0	1	63.0	4.0	112.0	vi	False	('C', 'E-', 'G')	C	C	0.0	minor triad	(0, 3, 7)	E-	E-	6	None
249.5	499/2	0.5	1/2	63	F4	65	True	spine_0	1	63.0	4.0	112.0	vi	False	('C', 'E-', 'G')	C	C	0.0	minor triad	(0, 3, 7)	E-	E-	6	None
249.5	499/2	0.5	1/2	63	C3	48	True	spine_0	1	63.0	4.0	112.0	vi	False	('C', 'E-', 'G')	C	C	0.0	minor triad	(0, 3, 7)	E-	E-	6	None
249.5	499/2	0.5	1/2	63	D4	62	True	spine_0	1	63.0	4.0	112.0	vi	False	('C', 'E-', 'G')	C	C	0.0	minor triad	(0, 3, 7)	E-	E-	6	None
250.0	250	1.0	1	63	E-4	63	True	spine_0	1	63.0	4.0	112.0	vi	False	('C', 'E-', 'G')	C	C	0.0	minor triad	(0, 3, 7)	E-	E-	6	None
250.0	250	0.5	1/2	63	C3	48	True	spine_0	1	63.0	4.0	112.0	vi	False	('C', 'E-', 'G')	C	C	0.0	minor triad	(0, 3, 7)	E-	E-	6	None
250.0	250	0.5	1/2	63	C4	60	True	spine_0	1	63.0	4.0	112.0	vi	False	('C', 'E-', 'G')	C	C	0.0	minor triad	(0, 3, 7)	E-	E-	6	None
250.5	501/2	0.5	1/2	63	C3	48	True	spine_0	1	63.0	4.0	112.0	vi	False	('C', 'E-', 'G')	C	C	0.0	minor triad	(0, 3, 7)	E-	E-	6	None
250.5	501/2	0.5	1/2	63	G4	67	True	spine_0	1	63.0	4.0	112.0	vi	False	('C', 'E-', 'G')	C	C	0.0	minor triad	(0, 3, 7)	E-	E-	6	None
251.0	251	0.5	1/2	63	F4	65	True	spine_0	1	63.0	4.0	112.0	vi	False	('C', 'E-', 'G')	C	C	0.0	minor triad	(0, 3, 7)	E-	E-	6	None
251.0	251	0.5	1/2	63	C3	48	True	spine_0	1	63.0	4.0	112.0	vi	False	('C', 'E-', 'G')	C	C	0.0	minor triad	(0, 3, 7)	E-	E-	6	None
251.0	251	0.5	1/2	63	A-4	68	True	spine_0	1	63.0	4.0	112.0	vi	False	('C', 'E-', 'G')	C	C	0.0	minor triad	(0, 3, 7)	E-	E-	6	None
251.5	503/2	0.5	1/2	63	D4	62	True	spine_0	1	63.0	4.0	112.0	vi	False	('C', 'E-', 'G')	C	C	0.0	minor triad	(0, 3, 7)	E-	E-	6	None
251.5	503/2	0.5	1/2	63	C3	48	True	spine_0	1	63.0	4.0	112.0	vi	False	('C', 'E-', 'G')	C	C	0.0	minor triad	(0, 3, 7)	E-	E-	6	None
251.5	503/2	0.5	1/2	63	F4	65	True	spine_0	1	63.0	4.0	112.0	vi	False	('C', 'E-', 'G')	C	C	0.0	minor triad	(0, 3, 7)	E-	E-	6	None
252.0	252	1.0	1	64	C5	72	True	spine_0	1	64.0	2.0	113.0	vi	True	('C', 'E-', 'G')	C	C	0.0	minor triad	(0, 3, 7)	E-	E-	6	None
252.0	252	1.0	1	64	E-4	63	True	spine_0	1	64.0	2.0	113.0	vi	True	('C', 'E-', 'G')	C	C	0.0	minor triad	(0, 3, 7)	E-	E-	6	None
252.0	252	0.5	1/2	64	C3	48	True	spine_0	1	64.0	2.0	113.0	vi	True	('C', 'E-', 'G')	C	C	0.0	minor triad	(0, 3, 7)	E-	E-	6	None
252.0	252	0.5	1/2	64	E-4	63	True	spine_0	1	64.0	2.0	113.0	vi	True	('C', 'E-', 'G')	C	C	0.0	minor triad	(0, 3, 7)	E-	E-	6	None
252.5	505/2	0.5	1/2	64	C3	48	True	spine_0	1	64.0	2.0	113.0	vi	False	('C', 'E-', 'G')	C	C	0.0	minor triad	(0, 3, 7)	E-	E-	6	None
252.5	505/2	0.5	1/2	64	C4	60	True	spine_0	1	64.0	2.0	113.0	vi	False	('C', 'E-', 'G')	C	C	0.0	minor triad	(0, 3, 7)	E-	E-	6	None
253.0	253	0.5	1/2	64	D-5	73	True	spine_0	1	64.0	2.0	113.0	vi	False	('C', 'E-', 'G')	C	C	0.0	minor triad	(0, 3, 7)	E-	E-	6	None
253.0	253	1.0	1	64	E4	64	True	spine_0	1	64.0	2.0	113.0	vi	False	('C', 'E-', 'G')	C	C	0.0	minor triad	(0, 3, 7)	E-	E-	6	None
253.0	253	0.5	1/2	64	C3	48	True	spine_0	1	64.0	2.0	113.0	vi	False	('C', 'E-', 'G')	C	C	0.0	minor triad	(0, 3, 7)	E-	E-	6	None
253.0	253	0.5	1/2	64	B-3	58	True	spine_0	1	64.0	2.0	113.0	vi	False	('C', 'E-', 'G')	C	C	0.0	minor triad	(0, 3, 7)	E-	E-	6	None
253.5	507/2	0.5	1/2	64	B-4	70	True	spine_0	1	64.0	2.0	113.0	vi	False	('C', 'E-', 'G')	C	C	0.0	minor triad	(0, 3, 7)	E-	E-	6	None
253.5	507/2	0.5	1/2	64	C3	48	True	spine_0	1	64.0	2.0	113.0	vi	False	('C', 'E-', 'G')	C	C	0.0	minor triad	(0, 3, 7)	E-	E-	6	None
253.5	507/2	0.5	1/2	64	G3	55	True	spine_0	1	64.0	2.0	113.0	vi	False	('C', 'E-', 'G')	C	C	0.0	minor triad	(0, 3, 7)	E-	E-	6	None
254.0	254	1.0	1	64	A-4	68	True	spine_0	1	64.0	2.0	114.0	ii	True	('F', 'A-', 'C')	F	F	0.0	minor triad	(0, 5, 8)	E-	E-	2	None
254.0	254	1.0	1	64	F4	65	True	spine_0	1	64.0	2.0	114.0	ii	True	('F', 'A-', 'C')	F	F	0.0	minor triad	(0, 5, 8)	E-	E-	2	None
254.0	254	1.0	1	64	C5	72	True	spine_0	1	64.0	2.0	114.0	ii	True	('F', 'A-', 'C')	F	F	0.0	minor triad	(0, 5, 8)	E-	E-	2	None
254.0	254	0.5	1/2	64	F3	53	True	spine_0	1	64.0	2.0	114.0	ii	True	('F', 'A-', 'C')	F	F	0.0	minor triad	(0, 5, 8)	E-	E-	2	None
254.5	509/2	0.5	1/2	64	F2	41	True	spine_0	1	64.0	2.0	114.0	ii	False	('F', 'A-', 'C')	F	F	0.0	minor triad	(0, 5, 8)	E-	E-	2	None
255.0	255	0.5	1/2	64	B-4	70	True	spine_0	1	64.0	2.0	114.0	ii	False	('F', 'A-', 'C')	F	F	0.0	minor triad	(0, 5, 8)	E-	E-	2	None
255.0	255	0.5	1/2	64	D-5	73	True	spine_0	1	64.0	2.0	114.0	ii	False	('F', 'A-', 'C')	F	F	0.0	minor triad	(0, 5, 8)	E-	E-	2	None
255.0	255	0.5	1/2	64	F2	41	True	spine_0	1	64.0	2.0	114.0	ii	False	('F', 'A-', 'C')	F	F	0.0	minor triad	(0, 5, 8)	E-	E-	2	None
255.5	511/2	0.5	1/2	64	G4	67	True	spine_0	1	64.0	2.0	114.0	ii	False	('F', 'A-', 'C')	F	F	0.0	minor triad	(0, 5, 8)	E-	E-	2	None
255.5	511/2	0.5	1/2	64	B-4	70	True	spine_0	1	64.0	2.0	114.0	ii	False	('F', 'A-', 'C')	F	F	0.0	minor triad	(0, 5, 8)	E-	E-	2	None
255.5	511/2	0.5	1/2	64	F2	41	True	spine_0	1	64.0	2.0	114.0	ii	False	('F', 'A-', 'C')	F	F	0.0	minor triad	(0, 5, 8)	E-	E-	2	None
256.0	256	1.0	1	65	F4	65	True	spine_0	1	65.0	3.0	115.0	ii	True	('F', 'A-', 'C')	F	F	0.0	minor triad	(0, 5, 8)	E-	E-	2	None
256.0	256	1.0	1	65	C4	60	True	spine_0	1	65.0	3.0	115.0	ii	True	('F', 'A-', 'C')	F	F	0.0	minor triad	(0, 5, 8)	E-	E-	2	None
256.0	256	1.0	1	65	A-4	68	True	spine_0	1	65.0	3.0	115.0	ii	True	('F', 'A-', 'C')	F	F	0.0	minor triad	(0, 5, 8)	E-	E-	2	None
256.0	256	0.5	1/2	65	F2	41	True	spine_0	1	65.0	3.0	115.0	ii	True	('F', 'A-', 'C')	F	F	0.0	minor triad	(0, 5, 8)	E-	E-	2	None
256.5	513/2	0.5	1/2	65	F2	41	True	spine_0	1	65.0	3.0	115.0	ii	False	('F', 'A-', 'C')	F	F	0.0	minor triad	(0, 5, 8)	E-	E-	2	None
257.0	257	0.5	1/2	65	D-4	61	True	spine_0	1	65.0	3.0	115.0	ii	False	('F', 'A-', 'C')	F	F	0.0	minor triad	(0, 5, 8)	E-	E-	2	None
257.0	257	0.5	1/2	65	B-4	70	True	spine_0	1	65.0	3.0	115.0	ii	False	('F', 'A-', 'C')	F	F	0.0	minor triad	(0, 5, 8)	E-	E-	2	None
257.0	257	0.5	1/2	65	F2	41	True	spine_0	1	65.0	3.0	115.0	ii	False	('F', 'A-', 'C')	F	F	0.0	minor triad	(0, 5, 8)	E-	E-	2	None
257.5	515/2	0.5	1/2	65	B-3	58	True	spine_0	1	65.0	3.0	115.0	ii	False	('F', 'A-', 'C')	F	F	0.0	minor triad	(0, 5, 8)	E-	E-	2	None
257.5	515/2	0.5	1/2	65	G4	67	True	spine_0	1	65.0	3.0	115.0	ii	False	('F', 'A-', 'C')	F	F	0.0	minor triad	(0, 5, 8)	E-	E-	2	None
257.5	515/2	0.5	1/2	65	F2	41	True	spine_0	1	65.0	3.0	115.0	ii	False	('F', 'A-', 'C')	F	F	0.0	minor triad	(0, 5, 8)	E-	E-	2	None
258.0	258	1.0	1	65	F5	77	True	spine_0	1	65.0	3.0	115.0	ii	False	('F', 'A-', 'C')	F	F	0.0	minor triad	(0, 5, 8)	E-	E-	2	None
258.0	258	1.0	1	65	A-3	56	True	spine_0	1	65.0	3.0	115.0	ii	False	('F', 'A-', 'C')	F	F	0.0	minor triad	(0, 5, 8)	E-	E-	2	None
258.0	258	1.0	1	65	F4	65	True	spine_0	1	65.0	3.0	115.0	ii	False	('F', 'A-', 'C')	F	F	0.0	minor triad	(0, 5, 8)	E-	E-	2	None
258.0	258	0.5	1/2	65	F2	41	True	spine_0	1	65.0	3.0	115.0	ii	False	('F', 'A-', 'C')	F	F	0.0	minor triad	(0, 5, 8)	E-	E-	2	None
258.5	517/2	0.5	1/2	65	F2	41	True	spine_0	1	65.0	3.0	115.0	ii	False	('F', 'A-', 'C')	F	F	0.0	minor triad	(0, 5, 8)	E-	E-	2	None
259.0	259	0.5	1/2	65	G-5	78	True	spine_0	1	65.0	1.0	116.0	V7/V	True	('F', 'A', 'C', 'E-')	F	F	0.0	dominant seventh chord	(0, 3, 5, 9)	E-	B-	5	5
259.0	259	1.0	1	65	A3	57	True	spine_0	1	65.0	1.0	116.0	V7/V	True	('F', 'A', 'C', 'E-')	F	F	0.0	dominant seventh chord	(0, 3, 5, 9)	E-	B-	5	5
259.0	259	0.5	1/2	65	E-4	63	True	spine_0	1	65.0	1.0	116.0	V7/V	True	('F', 'A', 'C', 'E-')	F	F	0.0	dominant seventh chord	(0, 3, 5, 9)	E-	B-	5	5
259.0	259	0.5	1/2	65	F2	41	True	spine_0	1	65.0	1.0	116.0	V7/V	True	('F', 'A', 'C', 'E-')	F	F	0.0	dominant seventh chord	(0, 3, 5, 9)	E-	B-	5	5
259.5	519/2	0.5	1/2	65	E-5	75	True	spine_0	1	65.0	1.0	116.0	V7/V	False	('F', 'A', 'C', 'E-')	F	F	0.0	dominant seventh chord	(0, 3, 5, 9)	E-	B-	5	5
259.5	519/2	0.5	1/2	65	C4	60	True	spine_0	1	65.0	1.0	116.0	V7/V	False	('F', 'A', 'C', 'E-')	F	F	0.0	dominant seventh chord	(0, 3, 5, 9)	E-	B-	5	5
259.5	519/2	0.5	1/2	65	F2	41	True	spine_0	1	65.0	1.0	116.0	V7/V	False	('F', 'A', 'C', 'E-')	F	F	0.0	dominant seventh chord	(0, 3, 5, 9)	E-	B-	5	5
260.0	260	1.0	1	66	D-5	73	True	spine_0	1	66.0	4.0	117.0	v	True	('B-', 'D-', 'F')	B-	B-	0.0	minor triad	(1, 5, 10)	E-	E-	5	None
260.0	260	1.0	1	66	F4	65	True	spine_0	1	66.0	4.0	117.0	v	True	('B-', 'D-', 'F')	B-	B-	0.0	minor triad	(1, 5, 10)	E-	E-	5	None
260.0	260	1.0	1	66	B-3	58	True	spine_0	1	66.0	4.0	117.0	v	True	('B-', 'D-', 'F')	B-	B-	0.0	minor triad	(1, 5, 10)	E-	E-	5	None
260.0	260	0.5	1/2	66	B-2	46	True	spine_0	1	66.0	4.0	117.0	v	True	('B-', 'D-', 'F')	B-	B-	0.0	minor triad	(1, 5, 10)	E-	E-	5	None
260.5	521/2	0.5	1/2	66	B-2	46	True	spine_0	1	66.0	4.0	117.0	v	False	('B-', 'D-', 'F')	B-	B-	0.0	minor triad	(1, 5, 10)	E-	E-	5	None
261.0	261	0.5	1/2	66	E-5	75	True	spine_0	1	66.0	4.0	117.0	v	False	('B-', 'D-', 'F')	B-	B-	0.0	minor triad	(1, 5, 10)	E-	E-	5	None
261.0	261	0.5	1/2	66	G-4	66	True	spine_0	1	66.0	4.0	117.0	v	False	('B-', 'D-', 'F')	B-	B-	0.0	minor triad	(1, 5, 10)	E-	E-	5	None
261.0	261	0.5	1/2	66	B-2	46	True	spine_0	1	66.0	4.0	117.0	v	False	('B-', 'D-', 'F')	B-	B-	0.0	minor triad	(1, 5, 10)	E-	E-	5	None
261.5	523/2	0.5	1/2	66	C5	72	True	spine_0	1	66.0	4.0	117.0	v	False	('B-', 'D-', 'F')	B-	B-	0.0	minor triad	(1, 5, 10)	E-	E-	5	None
261.5	523/2	0.5	1/2	66	E-4	63	True	spine_0	1	66.0	4.0	117.0	v	False	('B-', 'D-', 'F')	B-	B-	0.0	minor triad	(1, 5, 10)	E-	E-	5	None
261.5	523/2	0.5	1/2	66	B-2	46	True	spine_0	1	66.0	4.0	117.0	v	False	('B-', 'D-', 'F')	B-	B-	0.0	minor triad	(1, 5, 10)	E-	E-	5	None
262.0	262	1.0	1	66	B-4	70	True	spine_0	1	66.0	4.0	117.0	v	False	('B-', 'D-', 'F')	B-	B-	0.0	minor triad	(1, 5, 10)	E-	E-	5	None
262.0	262	1.0	1	66	D-4	61	True	spine_0	1	66.0	4.0	117.0	v	False	('B-', 'D-', 'F')	B-	B-	0.0	minor triad	(1, 5, 10)	E-	E-	5	None
262.0	262	1.0	1	66	B-4	70	True	spine_0	1	66.0	4.0	117.0	v	False	('B-', 'D-', 'F')	B-	B-	0.0	minor triad	(1, 5, 10)	E-	E-	5	None
262.0	262	0.5	1/2	66	B-2	46	True	spine_0	1	66.0	4.0	117.0	v	False	('B-', 'D-', 'F')	B-	B-	0.0	minor triad	(1, 5, 10)	E-	E-	5	None
262.5	525/2	0.5	1/2	66	B-2	46	True	spine_0	1	66.0	4.0	117.0	v	False	('B-', 'D-', 'F')	B-	B-	0.0	minor triad	(1, 5, 10)	E-	E-	5	None
263.0	263	1.0	1	66	D4	62	True	spine_0	1	66.0	4.0	117.0	v	False	('B-', 'D-', 'F')	B-	B-	0.0	minor triad	(1, 5, 10)	E-	E-	5	None
263.0	263	0.5	1/2	66	C-5	71	True	spine_0	1	66.0	4.0	117.0	v	False	('B-', 'D-', 'F')	B-	B-	0.0	minor triad	(1, 5, 10)	E-	E-	5	None
263.0	263	0.5	1/2	66	B-2	46	True	spine_0	1	66.0	4.0	117.0	v	False	('B-', 'D-', 'F')	B-	B-	0.0	minor triad	(1, 5, 10)	E-	E-	5	None
263.5	527/2	0.5	1/2	66	A-4	68	True	spine_0	1	66.0	4.0	117.0	v	False	('B-', 'D-', 'F')	B-	B-	0.0	minor triad	(1, 5, 10)	E-	E-	5	None
263.5	527/2	0.5	1/2	66	B-2	46	True	spine_0	1	66.0	4.0	117.0	v	False	('B-', 'D-', 'F')	B-	B-	0.0	minor triad	(1, 5, 10)	E-	E-	5	None
264.0	264	1.0	1	67	E-5	75	True	spine_0	1	67.0	2.0	118.0	V7/IV	True	('E-', 'G', 'B-', 'D-')	E-	E-	0.0	dominant seventh chord	(1, 3, 7, 10)	E-	A-	5	4
264.0	264	1.0	1	67	E-4	63	True	spine_0	1	67.0	2.0	118.0	V7/IV	True	('E-', 'G', 'B-', 'D-')	E-	E-	0.0	dominant seventh chord	(1, 3, 7, 10)	E-	A-	5	4
264.0	264	2.0	2	67	G4	67	True	spine_0	1	67.0	2.0	118.0	V7/IV	True	('E-', 'G', 'B-', 'D-')	E-	E-	0.0	dominant seventh chord	(1, 3, 7, 10)	E-	A-	5	4
264.0	264	0.5	1/2	67	E-3	51	True	spine_0	1	67.0	2.0	118.0	V7/IV	True	('E-', 'G', 'B-', 'D-')	E-	E-	0.0	dominant seventh chord	(1, 3, 7, 10)	E-	A-	5	4
264.5	529/2	0.5	1/2	67	E-3	51	True	spine_0	1	67.0	2.0	118.0	V7/IV	False	('E-', 'G', 'B-', 'D-')	E-	E-	0.0	dominant seventh chord	(1, 3, 7, 10)	E-	A-	5	4
265.0	265	0.5	1/2	67	F5	77	True	spine_0	1	67.0	2.0	118.0	V7/IV	False	('E-', 'G', 'B-', 'D-')	E-	E-	0.0	dominant seventh chord	(1, 3, 7, 10)	E-	A-	5	4
265.0	265	0.5	1/2	67	E-3	51	True	spine_0	1	67.0	2.0	118.0	V7/IV	False	('E-', 'G', 'B-', 'D-')	E-	E-	0.0	dominant seventh chord	(1, 3, 7, 10)	E-	A-	5	4
265.5	531/2	0.5	1/2	67	D-5	73	True	spine_0	1	67.0	2.0	118.0	V7/IV	False	('E-', 'G', 'B-', 'D-')	E-	E-	0.0	dominant seventh chord	(1, 3, 7, 10)	E-	A-	5	4
265.5	531/2	0.5	1/2	67	E-3	51	True	spine_0	1	67.0	2.0	118.0	V7/IV	False	('E-', 'G', 'B-', 'D-')	E-	E-	0.0	dominant seventh chord	(1, 3, 7, 10)	E-	A-	5	4
266.0	266	1.0	1	67	C5	72	True	spine_0	1	67.0	2.0	119.0	IV	True	('E-', 'A-', 'C')	E-	A-	2.0	major triad	(0, 3, 8)	E-	E-	4	None
266.0	266	1.0	1	67	E-4	63	True	spine_0	1	67.0	2.0	119.0	IV	True	('E-', 'A-', 'C')	E-	A-	2.0	major triad	(0, 3, 8)	E-	E-	4	None
266.0	266	1.0	1	67	A-4	68	True	spine_0	1	67.0	2.0	119.0	IV	True	('E-', 'A-', 'C')	E-	A-	2.0	major triad	(0, 3, 8)	E-	E-	4	None
266.0	266	0.5	1/2	67	E-3	51	True	spine_0	1	67.0	2.0	119.0	IV	True	('E-', 'A-', 'C')	E-	A-	2.0	major triad	(0, 3, 8)	E-	E-	4	None
266.5	533/2	0.5	1/2	67	E-3	51	True	spine_0	1	67.0	2.0	119.0	IV	False	('E-', 'A-', 'C')	E-	A-	2.0	major triad	(0, 3, 8)	E-	E-	4	None
267.0	267	0.5	1/2	67	D-5	73	True	spine_0	1	67.0	2.0	119.0	IV	False	('E-', 'A-', 'C')	E-	A-	2.0	major triad	(0, 3, 8)	E-	E-	4	None
267.0	267	0.5	1/2	67	F4	65	True	spine_0	1	67.0	2.0	119.0	IV	False	('E-', 'A-', 'C')	E-	A-	2.0	major triad	(0, 3, 8)	E-	E-	4	None
267.0	267	0.5	1/2	67	E-3	51	True	spine_0	1	67.0	2.0	119.0	IV	False	('E-', 'A-', 'C')	E-	A-	2.0	major triad	(0, 3, 8)	E-	E-	4	None
267.5	535/2	0.5	1/2	67	B-4	70	True	spine_0	1	67.0	2.0	119.0	IV	False	('E-', 'A-', 'C')	E-	A-	2.0	major triad	(0, 3, 8)	E-	E-	4	None
267.5	535/2	0.5	1/2	67	D-4	61	True	spine_0	1	67.0	2.0	119.0	IV	False	('E-', 'A-', 'C')	E-	A-	2.0	major triad	(0, 3, 8)	E-	E-	4	None
267.5	535/2	0.5	1/2	67	E-3	51	True	spine_0	1	67.0	2.0	119.0	IV	False	('E-', 'A-', 'C')	E-	A-	2.0	major triad	(0, 3, 8)	E-	E-	4	None
268.0	268	1.0	1	68	A-4	68	True	spine_0	1	68.0	4.0	120.0	IV	True	('A-', 'C', 'E-')	A-	A-	0.0	major triad	(0, 3, 8)	E-	E-	4	None
268.0	268	1.5	3/2	68	C4	60	True	spine_0	1	68.0	4.0	120.0	IV	True	('A-', 'C', 'E-')	A-	A-	0.0	major triad	(0, 3, 8)	E-	E-	4	None
268.0	268	0.5	1/2	68	A-3	56	True	spine_0	1	68.0	4.0	120.0	IV	True	('A-', 'C', 'E-')	A-	A-	0.0	major triad	(0, 3, 8)	E-	E-	4	None
268.5	537/2	0.5	1/2	68	A-2	44	True	spine_0	1	68.0	4.0	120.0	IV	False	('A-', 'C', 'E-')	A-	A-	0.0	major triad	(0, 3, 8)	E-	E-	4	None
269.0	269	0.5	1/2	68	G4	67	True	spine_0	1	68.0	4.0	120.0	IV	False	('A-', 'C', 'E-')	A-	A-	0.0	major triad	(0, 3, 8)	E-	E-	4	None
269.0	269	0.5	1/2	68	A-2	44	True	spine_0	1	68.0	4.0	120.0	IV	False	('A-', 'C', 'E-')	A-	A-	0.0	major triad	(0, 3, 8)	E-	E-	4	None
269.5	539/2	0.5	1/2	68	F4	65	True	spine_0	1	68.0	4.0	120.0	IV	False	('A-', 'C', 'E-')	A-	A-	0.0	major triad	(0, 3, 8)	E-	E-	4	None
269.5	539/2	0.5	1/2	68	D-4	61	True	spine_0	1	68.0	4.0	120.0	IV	False	('A-', 'C', 'E-')	A-	A-	0.0	major triad	(0, 3, 8)	E-	E-	4	None
269.5	539/2	0.5	1/2	68	A-2	44	True	spine_0	1	68.0	4.0	120.0	IV	False	('A-', 'C', 'E-')	A-	A-	0.0	major triad	(0, 3, 8)	E-	E-	4	None
270.0	270	0.5	1/2	68	E-4	63	True	spine_0	1	68.0	4.0	120.0	IV	False	('A-', 'C', 'E-')	A-	A-	0.0	major triad	(0, 3, 8)	E-	E-	4	None
270.0	270	1.0	1	68	C4	60	True	spine_0	1	68.0	4.0	120.0	IV	False	('A-', 'C', 'E-')	A-	A-	0.0	major triad	(0, 3, 8)	E-	E-	4	None
270.0	270	0.5	1/2	68	A-2	44	True	spine_0	1	68.0	4.0	120.0	IV	False	('A-', 'C', 'E-')	A-	A-	0.0	major triad	(0, 3, 8)	E-	E-	4	None
270.5	541/2	0.5	1/2	68	E-4	63	True	spine_0	1	68.0	4.0	120.0	IV	False	('A-', 'C', 'E-')	A-	A-	0.0	major triad	(0, 3, 8)	E-	E-	4	None
270.5	541/2	0.5	1/2	68	C4	60	True	spine_0	1	68.0	4.0	120.0	IV	False	('A-', 'C', 'E-')	A-	A-	0.0	major triad	(0, 3, 8)	E-	E-	4	None
270.5	541/2	0.5	1/2	68	A-3	56	True	spine_0	1	68.0	4.0	120.0	IV	False	('A-', 'C', 'E-')	A-	A-	0.0	major triad	(0, 3, 8)	E-	E-	4	None
271.0	271	0.5	1/2	68	E-4	63	True	spine_0	1	68.0	4.0	120.0	IV	False	('A-', 'C', 'E-')	A-	A-	0.0	major triad	(0, 3, 8)	E-	E-	4	None
271.0	271	0.5	1/2	68	B-3	58	True	spine_0	1	68.0	4.0	120.0	IV	False	('A-', 'C', 'E-')	A-	A-	0.0	major triad	(0, 3, 8)	E-	E-	4	None
271.0	271	0.5	1/2	68	G3	55	True	spine_0	1	68.0	4.0	120.0	IV	False	('A-', 'C', 'E-')	A-	A-	0.0	major triad	(0, 3, 8)	E-	E-	4	None
271.5	543/2	0.5	1/2	68	E-4	63	True	spine_0	1	68.0	4.0	120.0	IV	False	('A-', 'C', 'E-')	A-	A-	0.0	major triad	(0, 3, 8)	E-	E-	4	None
271.5	543/2	0.5	1/2	68	A-3	56	True	spine_0	1	68.0	4.0	120.0	IV	False	('A-', 'C', 'E-')	A-	A-	0.0	major triad	(0, 3, 8)	E-	E-	4	None
271.5	543/2	0.5	1/2	68	F3	53	True	spine_0	1	68.0	4.0	120.0	IV	False	('A-', 'C', 'E-')	A-	A-	0.0	major triad	(0, 3, 8)	E-	E-	4	None
272.0	272	1.5	3/2	69	E-4	63	True	spine_0	1	69.0	4.0	121.0	IV	True	('A-', 'C', 'E-')	A-	A-	0.0	major triad	(0, 3, 8)	E-	E-	4	None
272.0	272	0.5	1/2	69	G3	55	True	spine_0	1	69.0	4.0	121.0	IV	True	('A-', 'C', 'E-')	A-	A-	0.0	major triad	(0, 3, 8)	E-	E-	4	None
272.0	272	0.5	1/2	69	E-3	51	True	spine_0	1	69.0	4.0	121.0	IV	True	('A-', 'C', 'E-')	A-	A-	0.0	major triad	(0, 3, 8)	E-	E-	4	None
272.5	545/2	0.5	1/2	69	F3	53	True	spine_0	1	69.0	4.0	121.0	IV	False	('A-', 'C', 'E-')	A-	A-	0.0	major triad	(0, 3, 8)	E-	E-	4	None
272.5	545/2	0.5	1/2	69	D-3	49	True	spine_0	1	69.0	4.0	121.0	IV	False	('A-', 'C', 'E-')	A-	A-	0.0	major triad	(0, 3, 8)	E-	E-	4	None
273.0	273	0.5	1/2	69	E-3	51	True	spine_0	1	69.0	4.0	121.0	IV	False	('A-', 'C', 'E-')	A-	A-	0.0	major triad	(0, 3, 8)	E-	E-	4	None
273.0	273	0.5	1/2	69	C3	48	True	spine_0	1	69.0	4.0	121.0	IV	False	('A-', 'C', 'E-')	A-	A-	0.0	major triad	(0, 3, 8)	E-	E-	4	None
273.5	547/2	0.25	1/4	69	F4	65	True	spine_0	1	69.0	4.0	121.0	IV	False	('A-', 'C', 'E-')	A-	A-	0.0	major triad	(0, 3, 8)	E-	E-	4	None
273.5	547/2	0.5	1/2	69	D-3	49	True	spine_0	1	69.0	4.0	121.0	IV	False	('A-', 'C', 'E-')	A-	A-	0.0	major triad	(0, 3, 8)	E-	E-	4	None
273.5	547/2	0.5	1/2	69	B-2	46	True	spine_0	1	69.0	4.0	121.0	IV	False	('A-', 'C', 'E-')	A-	A-	0.0	major triad	(0, 3, 8)	E-	E-	4	None
273.75	1095/4	0.25	1/4	69	G4	67	True	spine_0	1	69.0	4.0	121.0	IV	False	('A-', 'C', 'E-')	A-	A-	0.0	major triad	(0, 3, 8)	E-	E-	4	None
274.0	274	0.5	1/2	69	A-4	68	True	spine_0	1	69.0	4.0	121.0	IV	False	('A-', 'C', 'E-')	A-	A-	0.0	major triad	(0, 3, 8)	E-	E-	4	None
274.0	274	0.5	1/2	69	C3	48	True	spine_0	1	69.0	4.0	121.0	IV	False	('A-', 'C', 'E-')	A-	A-	0.0	major triad	(0, 3, 8)	E-	E-	4	None
274.0	274	1.0	1	69	A-2	44	True	spine_0	1	69.0	4.0	121.0	IV	False	('A-', 'C', 'E-')	A-	A-	0.0	major triad	(0, 3, 8)	E-	E-	4	None
274.5	549/2	0.5	1/2	69	E-5	75	True	spine_0	1	69.0	4.0	121.0	IV	False	('A-', 'C', 'E-')	A-	A-	0.0	major triad	(0, 3, 8)	E-	E-	4	None
274.5	549/2	0.5	1/2	69	C5	72	True	spine_0	1	69.0	4.0	121.0	IV	False	('A-', 'C', 'E-')	A-	A-	0.0	major triad	(0, 3, 8)	E-	E-	4	None
274.5	549/2	0.5	1/2	69	A-4	68	True	spine_0	1	69.0	4.0	121.0	IV	False	('A-', 'C', 'E-')	A-	A-	0.0	major triad	(0, 3, 8)	E-	E-	4	None
275.0	275	0.5	1/2	69	E-5	75	True	spine_0	1	69.0	4.0	121.0	IV	False	('A-', 'C', 'E-')	A-	A-	0.0	major triad	(0, 3, 8)	E-	E-	4	None
275.0	275	0.5	1/2	69	B-4	70	True	spine_0	1	69.0	4.0	121.0	IV	False	('A-', 'C', 'E-')	A-	A-	0.0	major triad	(0, 3, 8)	E-	E-	4	None
275.0	275	0.5	1/2	69	G4	67	True	spine_0	1	69.0	4.0	121.0	IV	False	('A-', 'C', 'E-')	A-	A-	0.0	major triad	(0, 3, 8)	E-	E-	4	None
275.5	551/2	0.5	1/2	69	E-5	75	True	spine_0	1	69.0	4.0	121.0	IV	False	('A-', 'C', 'E-')	A-	A-	0.0	major triad	(0, 3, 8)	E-	E-	4	None
275.5	551/2	0.5	1/2	69	A-4	68	True	spine_0	1	69.0	4.0	121.0	IV	False	('A-', 'C', 'E-')	A-	A-	0.0	major triad	(0, 3, 8)	E-	E-	4	None
275.5	551/2	0.5	1/2	69	F4	65	True	spine_0	1	69.0	4.0	121.0	IV	False	('A-', 'C', 'E-')	A-	A-	0.0	major triad	(0, 3, 8)	E-	E-	4	None
276.0	276	1.5	3/2	70	E-5	75	True	spine_0	1	70.0	4.0	122.0	IV	True	('A-', 'C', 'E-')	A-	A-	0.0	major triad	(0, 3, 8)	E-	E-	4	None
276.0	276	0.5	1/2	70	G4	67	True	spine_0	1	70.0	4.0	122.0	IV	True	('A-', 'C', 'E-')	A-	A-	0.0	major triad	(0, 3, 8)	E-	E-	4	None
276.0	276	0.5	1/2	70	E-4	63	True	spine_0	1	70.0	4.0	122.0	IV	True	('A-', 'C', 'E-')	A-	A-	0.0	major triad	(0, 3, 8)	E-	E-	4	None
276.5	553/2	0.5	1/2	70	F4	65	True	spine_0	1	70.0	4.0	122.0	IV	False	('A-', 'C', 'E-')	A-	A-	0.0	major triad	(0, 3, 8)	E-	E-	4	None
276.5	553/2	0.5	1/2	70	D-4	61	True	spine_0	1	70.0	4.0	122.0	IV	False	('A-', 'C', 'E-')	A-	A-	0.0	major triad	(0, 3, 8)	E-	E-	4	None
277.0	277	0.5	1/2	70	E-4	63	True	spine_0	1	70.0	4.0	122.0	IV	False	('A-', 'C', 'E-')	A-	A-	0.0	major triad	(0, 3, 8)	E-	E-	4	None
277.0	277	0.5	1/2	70	C4	60	True	spine_0	1	70.0	4.0	122.0	IV	False	('A-', 'C', 'E-')	A-	A-	0.0	major triad	(0, 3, 8)	E-	E-	4	None
277.5	555/2	0.25	1/4	70	F5	77	True	spine_0	1	70.0	4.0	122.0	IV	False	('A-', 'C', 'E-')	A-	A-	0.0	major triad	(0, 3, 8)	E-	E-	4	None
277.5	555/2	0.5	1/2	70	D-4	61	True	spine_0	1	70.0	4.0	122.0	IV	False	('A-', 'C', 'E-')	A-	A-	0.0	major triad	(0, 3, 8)	E-	E-	4	None
277.5	555/2	0.5	1/2	70	B-3	58	True	spine_0	1	70.0	4.0	122.0	IV	False	('A-', 'C', 'E-')	A-	A-	0.0	major triad	(0, 3, 8)	E-	E-	4	None
277.75	1111/4	0.25	1/4	70	G5	79	True	spine_0	1	70.0	4.0	122.0	IV	False	('A-', 'C', 'E-')	A-	A-	0.0	major triad	(0, 3, 8)	E-	E-	4	None
278.0	278	0.5	1/2	70	A-5	80	True	spine_0	1	70.0	4.0	122.0	IV	False	('A-', 'C', 'E-')	A-	A-	0.0	major triad	(0, 3, 8)	E-	E-	4	None
278.0	278	1.0	1	70	C4	60	True	spine_0	1	70.0	4.0	122.0	IV	False	('A-', 'C', 'E-')	A-	A-	0.0	major triad	(0, 3, 8)	E-	E-	4	None
278.0	278	1.0	1	70	A-3	56	True	spine_0	1	70.0	4.0	122.0	IV	False	('A-', 'C', 'E-')	A-	A-	0.0	major triad	(0, 3, 8)	E-	E-	4	None
278.75	1115/4	0.25	1/4	70	B-5	82	True	spine_0	1	70.0	4.0	122.0	IV	False	('A-', 'C', 'E-')	A-	A-	0.0	major triad	(0, 3, 8)	E-	E-	4	None
279.0	279	0.5	1/2	70	C6	84	True	spine_0	1	70.0	4.0	122.0	IV	False	('A-', 'C', 'E-')	A-	A-	0.0	major triad	(0, 3, 8)	E-	E-	4	None
279.75	1119/4	0.25	1/4	70	B-5	82	True	spine_0	1	70.0	4.0	122.0	IV	False	('A-', 'C', 'E-')	A-	A-	0.0	major triad	(0, 3, 8)	E-	E-	4	None
280.0	280	0.5	1/2	71	A-5	80	True	spine_0	1	71.0	2.0	123.0	IV	True	('A-', 'C', 'E-')	A-	A-	0.0	major triad	(0, 3, 8)	E-	E-	4	None
280.75	1123/4	0.25	1/4	71	G5	79	True	spine_0	1	71.0	2.0	123.0	IV	False	('A-', 'C', 'E-')	A-	A-	0.0	major triad	(0, 3, 8)	E-	E-	4	None
281.0	281	0.5	1/2	71	F5	77	True	spine_0	1	71.0	2.0	123.0	IV	False	('A-', 'C', 'E-')	A-	A-	0.0	major triad	(0, 3, 8)	E-	E-	4	None
281.75	1127/4	0.25	1/4	71	E-5	75	True	spine_0	1	71.0	2.0	123.0	IV	False	('A-', 'C', 'E-')	A-	A-	0.0	major triad	(0, 3, 8)	E-	E-	4	None
282.0	282	0.5	1/2	71	D5	74	True	spine_0	1	71.0	2.0	124.0	V7	True	('A-', 'B-', 'D', 'F')	A-	B-	3.0	dominant seventh chord	(2, 5, 8, 10)	E-	E-	5	None
282.0	282	0.5	1/2	71	B-4	70	True	spine_0	1	71.0	2.0	124.0	V7	True	('A-', 'B-', 'D', 'F')	A-	B-	3.0	dominant seventh chord	(2, 5, 8, 10)	E-	E-	5	None
282.0	282	1.0	1	71	F4	65	True	spine_0	1	71.0	2.0	124.0	V7	True	('A-', 'B-', 'D', 'F')	A-	B-	3.0	dominant seventh chord	(2, 5, 8, 10)	E-	E-	5	None
282.0	282	1.0	1	71	A-3	56	True	spine_0	1	71.0	2.0	124.0	V7	True	('A-', 'B-', 'D', 'F')	A-	B-	3.0	dominant seventh chord	(2, 5, 8, 10)	E-	E-	5	None
283.75	1135/4	0.25	1/4	71	B-5	82	True	spine_0	1	71.0	2.0	124.0	V7	False	('A-', 'B-', 'D', 'F')	A-	B-	3.0	dominant seventh chord	(2, 5, 8, 10)	E-	E-	5	None
283.75	1135/4	0.25	1/4	71	G5	79	True	spine_0	1	71.0	2.0	124.0	V7	False	('A-', 'B-', 'D', 'F')	A-	B-	3.0	dominant seventh chord	(2, 5, 8, 10)	E-	E-	5	None
284.0	284	0.5	1/2	72	A-5	80	True	spine_0	1	72.0	4.0	125.0	V7	True	('A-', 'B-', 'D', 'F')	A-	B-	3.0	dominant seventh chord	(2, 5, 8, 10)	E-	E-	5	None
284.0	284	0.5	1/2	72	F5	77	True	spine_0	1	72.0	4.0	125.0	V7	True	('A-', 'B-', 'D', 'F')	A-	B-	3.0	dominant seventh chord	(2, 5, 8, 10)	E-	E-	5	None
285.75	1143/4	0.25	1/4	72	G5	79	True	spine_0	1	72.0	4.0	125.0	V7	False	('A-', 'B-', 'D', 'F')	A-	B-	3.0	dominant seventh chord	(2, 5, 8, 10)	E-	E-	5	None
285.75	1143/4	0.25	1/4	72	E-5	75	True	spine_0	1	72.0	4.0	125.0	V7	False	('A-', 'B-', 'D', 'F')	A-	B-	3.0	dominant seventh chord	(2, 5, 8, 10)	E-	E-	5	None
286.0	286	0.5	1/2	72	F5	77	True	spine_0	1	72.0	4.0	125.0	V7	False	('A-', 'B-', 'D', 'F')	A-	B-	3.0	dominant seventh chord	(2, 5, 8, 10)	E-	E-	5	None
286.0	286	0.5	1/2	72	D5	74	True	spine_0	1	72.0	4.0	125.0	V7	False	('A-', 'B-', 'D', 'F')	A-	B-	3.0	dominant seventh chord	(2, 5, 8, 10)	E-	E-	5	None
286.75	1147/4	0.25	1/4	72	E-5	75	True	spine_0	1	72.0	4.0	125.0	V7	False	('A-', 'B-', 'D', 'F')	A-	B-	3.0	dominant seventh chord	(2, 5, 8, 10)	E-	E-	5	None
286.75	1147/4	0.25	1/4	72	C5	72	True	spine_0	1	72.0	4.0	125.0	V7	False	('A-', 'B-', 'D', 'F')	A-	B-	3.0	dominant seventh chord	(2, 5, 8, 10)	E-	E-	5	None
287.0	287	0.5	1/2	72	D5	74	True	spine_0	1	72.0	4.0	125.0	V7	False	('A-', 'B-', 'D', 'F')	A-	B-	3.0	dominant seventh chord	(2, 5, 8, 10)	E-	E-	5	None
287.0	287	0.5	1/2	72	B-4	70	True	spine_0	1	72.0	4.0	125.0	V7	False	('A-', 'B-', 'D', 'F')	A-	B-	3.0	dominant seventh chord	(2, 5, 8, 10)	E-	E-	5	None
287.75	1151/4	0.25	1/4	72	C5	72	True	spine_0	1	72.0	4.0	125.0	V7	False	('A-', 'B-', 'D', 'F')	A-	B-	3.0	dominant seventh chord	(2, 5, 8, 10)	E-	E-	5	None
287.75	1151/4	0.25	1/4	72	A-4	68	True	spine_0	1	72.0	4.0	125.0	V7	False	('A-', 'B-', 'D', 'F')	A-	B-	3.0	dominant seventh chord	(2, 5, 8, 10)	E-	E-	5	None
288.0	288	1.0	1	73	B-4	70	True	spine_0	1	73.0	4.0	126.0	I	True	('E-', 'G', 'B-')	E-	E-	0.0	major triad	(3, 7, 10)	E-	E-	1	None
288.0	288	1.0	1	73	G4	67	True	spine_0	1	73.0	4.0	126.0	I	True	('E-', 'G', 'B-')	E-	E-	0.0	major triad	(3, 7, 10)	E-	E-	1	None
288.0	288	0.5	1/2	73	E-3	51	True	spine_0	1	73.0	4.0	126.0	I	True	('E-', 'G', 'B-')	E-	E-	0.0	major triad	(3, 7, 10)	E-	E-	1	None
288.5	577/2	0.5	1/2	73	E-2	39	True	spine_0	1	73.0	4.0	126.0	I	False	('E-', 'G', 'B-')	E-	E-	0.0	major triad	(3, 7, 10)	E-	E-	1	None
289.0	289	0.5	1/2	73	C5	72	True	spine_0	1	73.0	4.0	126.0	I	False	('E-', 'G', 'B-')	E-	E-	0.0	major triad	(3, 7, 10)	E-	E-	1	None
289.0	289	0.5	1/2	73	A-4	68	True	spine_0	1	73.0	4.0	126.0	I	False	('E-', 'G', 'B-')	E-	E-	0.0	major triad	(3, 7, 10)	E-	E-	1	None
289.5	579/2	0.5	1/2	73	A-4	68	True	spine_0	1	73.0	4.0	126.0	I	False	('E-', 'G', 'B-')	E-	E-	0.0	major triad	(3, 7, 10)	E-	E-	1	None
289.5	579/2	0.5	1/2	73	F4	65	True	spine_0	1	73.0	4.0	126.0	I	False	('E-', 'G', 'B-')	E-	E-	0.0	major triad	(3, 7, 10)	E-	E-	1	None
290.0	290	1.0	1	73	G4	67	True	spine_0	1	73.0	4.0	126.0	I	False	('E-', 'G', 'B-')	E-	E-	0.0	major triad	(3, 7, 10)	E-	E-	1	None
290.0	290	1.0	1	73	E-4	63	True	spine_0	1	73.0	4.0	126.0	I	False	('E-', 'G', 'B-')	E-	E-	0.0	major triad	(3, 7, 10)	E-	E-	1	None
290.0	290	1.0	1	73	B-3	58	True	spine_0	1	73.0	4.0	126.0	I	False	('E-', 'G', 'B-')	E-	E-	0.0	major triad	(3, 7, 10)	E-	E-	1	None
290.0	290	0.5	1/2	73	E-3	51	True	spine_0	1	73.0	4.0	126.0	I	False	('E-', 'G', 'B-')	E-	E-	0.0	major triad	(3, 7, 10)	E-	E-	1	None
290.5	581/2	0.5	1/2	73	E-2	39	True	spine_0	1	73.0	4.0	126.0	I	False	('E-', 'G', 'B-')	E-	E-	0.0	major triad	(3, 7, 10)	E-	E-	1	None
291.0	291	0.5	1/2	73	A-4	68	True	spine_0	1	73.0	4.0	126.0	I	False	('E-', 'G', 'B-')	E-	E-	0.0	major triad	(3, 7, 10)	E-	E-	1	None
291.0	291	0.5	1/2	73	C4	60	True	spine_0	1	73.0	4.0	126.0	I	False	('E-', 'G', 'B-')	E-	E-	0.0	major triad	(3, 7, 10)	E-	E-	1	None
291.5	583/2	0.5	1/2	73	F4	65	True	spine_0	1	73.0	4.0	126.0	I	False	('E-', 'G', 'B-')	E-	E-	0.0	major triad	(3, 7, 10)	E-	E-	1	None
291.5	583/2	0.5	1/2	73	A-3	56	True	spine_0	1	73.0	4.0	126.0	I	False	('E-', 'G', 'B-')	E-	E-	0.0	major triad	(3, 7, 10)	E-	E-	1	None
292.0	292	1.0	1	74	E-4	63	True	spine_0	1	74.0	4.0	127.0	I	True	('E-', 'G', 'B-')	E-	E-	0.0	major triad	(3, 7, 10)	E-	E-	1	None
292.0	292	1.5	3/2	74	G3	55	True	spine_0	1	74.0	4.0	127.0	I	True	('E-', 'G', 'B-')	E-	E-	0.0	major triad	(3, 7, 10)	E-	E-	1	None
292.0	292	0.5	1/2	74	E-3	51	True	spine_0	1	74.0	4.0	127.0	I	True	('E-', 'G', 'B-')	E-	E-	0.0	major triad	(3, 7, 10)	E-	E-	1	None
292.5	585/2	0.5	1/2	74	E-2	39	True	spine_0	1	74.0	4.0	127.0	I	False	('E-', 'G', 'B-')	E-	E-	0.0	major triad	(3, 7, 10)	E-	E-	1	None
293.0	293	0.5	1/2	74	D4	62	True	spine_0	1	74.0	4.0	127.0	I	False	('E-', 'G', 'B-')	E-	E-	0.0	major triad	(3, 7, 10)	E-	E-	1	None
293.0	293	0.5	1/2	74	E-2	39	True	spine_0	1	74.0	4.0	127.0	I	False	('E-', 'G', 'B-')	E-	E-	0.0	major triad	(3, 7, 10)	E-	E-	1	None
293.5	587/2	0.5	1/2	74	C4	60	True	spine_0	1	74.0	4.0	127.0	I	False	('E-', 'G', 'B-')	E-	E-	0.0	major triad	(3, 7, 10)	E-	E-	1	None
293.5	587/2	0.5	1/2	74	A-3	56	True	spine_0	1	74.0	4.0	127.0	I	False	('E-', 'G', 'B-')	E-	E-	0.0	major triad	(3, 7, 10)	E-	E-	1	None
293.5	587/2	0.5	1/2	74	E-2	39	True	spine_0	1	74.0	4.0	127.0	I	False	('E-', 'G', 'B-')	E-	E-	0.0	major triad	(3, 7, 10)	E-	E-	1	None
294.0	294	0.5	1/2	74	B-3	58	True	spine_0	1	74.0	4.0	127.0	I	False	('E-', 'G', 'B-')	E-	E-	0.0	major triad	(3, 7, 10)	E-	E-	1	None
294.0	294	0.5	1/2	74	G3	55	True	spine_0	1	74.0	4.0	127.0	I	False	('E-', 'G', 'B-')	E-	E-	0.0	major triad	(3, 7, 10)	E-	E-	1	None
294.0	294	0.5	1/2	74	E-2	39	True	spine_0	1	74.0	4.0	127.0	I	False	('E-', 'G', 'B-')	E-	E-	0.0	major triad	(3, 7, 10)	E-	E-	1	None
294.5	589/2	0.5	1/2	74	B-3	58	True	spine_0	1	74.0	4.0	127.0	I	False	('E-', 'G', 'B-')	E-	E-	0.0	major triad	(3, 7, 10)	E-	E-	1	None
294.5	589/2	0.5	1/2	74	G3	55	True	spine_0	1	74.0	4.0	127.0	I	False	('E-', 'G', 'B-')	E-	E-	0.0	major triad	(3, 7, 10)	E-	E-	1	None
294.5	589/2	0.5	1/2	74	E-3	51	True	spine_0	1	74.0	4.0	127.0	I	False	('E-', 'G', 'B-')	E-	E-	0.0	major triad	(3, 7, 10)	E-	E-	1	None
295.0	295	0.5	1/2	74	B-3	58	True	spine_0	1	74.0	4.0	127.0	I	False	('E-', 'G', 'B-')	E-	E-	0.0	major triad	(3, 7, 10)	E-	E-	1	None
295.0	295	0.5	1/2	74	F3	53	True	spine_0	1	74.0	4.0	127.0	I	False	('E-', 'G', 'B-')	E-	E-	0.0	major triad	(3, 7, 10)	E-	E-	1	None
295.0	295	0.5	1/2	74	D3	50	True	spine_0	1	74.0	4.0	127.0	I	False	('E-', 'G', 'B-')	E-	E-	0.0	major triad	(3, 7, 10)	E-	E-	1	None
295.5	591/2	0.5	1/2	74	B-3	58	True	spine_0	1	74.0	4.0	127.0	I	False	('E-', 'G', 'B-')	E-	E-	0.0	major triad	(3, 7, 10)	E-	E-	1	None
295.5	591/2	0.5	1/2	74	E-3	51	True	spine_0	1	74.0	4.0	127.0	I	False	('E-', 'G', 'B-')	E-	E-	0.0	major triad	(3, 7, 10)	E-	E-	1	None
295.5	591/2	0.5	1/2	74	C3	48	True	spine_0	1	74.0	4.0	127.0	I	False	('E-', 'G', 'B-')	E-	E-	0.0	major triad	(3, 7, 10)	E-	E-	1	None
296.0	296	1.5	3/2	75	B-3	58	True	spine_0	1	75.0	4.0	128.0	I	True	('E-', 'G', 'B-')	E-	E-	0.0	major triad	(3, 7, 10)	E-	E-	1	None
296.0	296	0.5	1/2	75	D3	50	True	spine_0	1	75.0	4.0	128.0	I	True	('E-', 'G', 'B-')	E-	E-	0.0	major triad	(3, 7, 10)	E-	E-	1	None
296.0	296	0.5	1/2	75	B-2	46	True	spine_0	1	75.0	4.0	128.0	I	True	('E-', 'G', 'B-')	E-	E-	0.0	major triad	(3, 7, 10)	E-	E-	1	None
296.5	593/2	0.5	1/2	75	C4	60	True	spine_0	1	75.0	4.0	128.0	I	False	('E-', 'G', 'B-')	E-	E-	0.0	major triad	(3, 7, 10)	E-	E-	1	None
296.5	593/2	0.5	1/2	75	A-2	44	True	spine_0	1	75.0	4.0	128.0	I	False	('E-', 'G', 'B-')	E-	E-	0.0	major triad	(3, 7, 10)	E-	E-	1	None
297.0	297	0.5	1/2	75	B-3	58	True	spine_0	1	75.0	4.0	128.0	I	False	('E-', 'G', 'B-')	E-	E-	0.0	major triad	(3, 7, 10)	E-	E-	1	None
297.0	297	0.5	1/2	75	G2	43	True	spine_0	1	75.0	4.0	128.0	I	False	('E-', 'G', 'B-')	E-	E-	0.0	major triad	(3, 7, 10)	E-	E-	1	None
297.5	595/2	0.25	1/4	75	C4	60	True	spine_0	1	75.0	4.0	128.0	I	False	('E-', 'G', 'B-')	E-	E-	0.0	major triad	(3, 7, 10)	E-	E-	1	None
297.5	595/2	0.5	1/2	75	A-3	56	True	spine_0	1	75.0	4.0	128.0	I	False	('E-', 'G', 'B-')	E-	E-	0.0	major triad	(3, 7, 10)	E-	E-	1	None
297.5	595/2	0.5	1/2	75	F2	41	True	spine_0	1	75.0	4.0	128.0	I	False	('E-', 'G', 'B-')	E-	E-	0.0	major triad	(3, 7, 10)	E-	E-	1	None
297.75	1191/4	0.25	1/4	75	D4	62	True	spine_0	1	75.0	4.0	128.0	I	False	('E-', 'G', 'B-')	E-	E-	0.0	major triad	(3, 7, 10)	E-	E-	1	None
298.0	298	0.25	1/4	75	E-4	63	True	spine_0	1	75.0	4.0	128.0	I	False	('E-', 'G', 'B-')	E-	E-	0.0	major triad	(3, 7, 10)	E-	E-	1	None
298.0	298	1.0	1	75	G3	55	True	spine_0	1	75.0	4.0	128.0	I	False	('E-', 'G', 'B-')	E-	E-	0.0	major triad	(3, 7, 10)	E-	E-	1	None
298.0	298	1.0	1	75	E-2	39	True	spine_0	1	75.0	4.0	128.0	I	False	('E-', 'G', 'B-')	E-	E-	0.0	major triad	(3, 7, 10)	E-	E-	1	None
298.25	1193/4	0.25	1/4	75	F4	65	True	spine_0	1	75.0	4.0	128.0	I	False	('E-', 'G', 'B-')	E-	E-	0.0	major triad	(3, 7, 10)	E-	E-	1	None
298.5	597/2	0.25	1/4	75	G4	67	True	spine_0	1	75.0	4.0	128.0	I	False	('E-', 'G', 'B-')	E-	E-	0.0	major triad	(3, 7, 10)	E-	E-	1	None
298.75	1195/4	0.25	1/4	75	A-4	68	True	spine_0	1	75.0	4.0	128.0	I	False	('E-', 'G', 'B-')	E-	E-	0.0	major triad	(3, 7, 10)	E-	E-	1	None
299.0	299	0.25	1/4	75	B-4	70	True	spine_0	1	75.0	4.0	128.0	I	False	('E-', 'G', 'B-')	E-	E-	0.0	major triad	(3, 7, 10)	E-	E-	1	None
299.25	1197/4	0.25	1/4	75	C5	72	True	spine_0	1	75.0	4.0	128.0	I	False	('E-', 'G', 'B-')	E-	E-	0.0	major triad	(3, 7, 10)	E-	E-	1	None
299.5	599/2	0.25	1/4	75	D5	74	True	spine_0	1	75.0	4.0	128.0	I	False	('E-', 'G', 'B-')	E-	E-	0.0	major triad	(3, 7, 10)	E-	E-	1	None
299.75	1199/4	0.25	1/4	75	E-5	75	True	spine_0	1	75.0	4.0	128.0	I	False	('E-', 'G', 'B-')	E-	E-	0.0	major triad	(3, 7, 10)	E-	E-	1	None
300.0	300	1.0	1	76	B-4	70	True	spine_0	1	76.0	4.0	129.0	I	True	('E-', 'G', 'B-')	E-	E-	0.0	major triad	(3, 7, 10)	E-	E-	1	None
300.5	601/2	0.5	1/2	76	G4	67	True	spine_0	1	76.0	4.0	129.0	I	False	('E-', 'G', 'B-')	E-	E-	0.0	major triad	(3, 7, 10)	E-	E-	1	None
301.0	301	1.0	1	76	A-4	68	True	spine_0	1	76.0	4.0	129.0	I	False	('E-', 'G', 'B-')	E-	E-	0.0	major triad	(3, 7, 10)	E-	E-	1	None
301.0	301	0.5	1/2	76	F4	65	True	spine_0	1	76.0	4.0	129.0	I	False	('E-', 'G', 'B-')	E-	E-	0.0	major triad	(3, 7, 10)	E-	E-	1	None
301.5	603/2	0.5	1/2	76	B-3	58	True	spine_0	1	76.0	4.0	129.0	I	False	('E-', 'G', 'B-')	E-	E-	0.0	major triad	(3, 7, 10)	E-	E-	1	None
302.0	302	1.0	1	76	G4	67	True	spine_0	1	76.0	4.0	129.0	I	False	('E-', 'G', 'B-')	E-	E-	0.0	major triad	(3, 7, 10)	E-	E-	1	None
302.0	302	1.0	1	76	E-4	63	True	spine_0	1	76.0	4.0	129.0	I	False	('E-', 'G', 'B-')	E-	E-	0.0	major triad	(3, 7, 10)	E-	E-	1	None
302.5	605/2	0.5	1/2	76	E-2	39	True	spine_0	1	76.0	4.0	129.0	I	False	('E-', 'G', 'B-')	E-	E-	0.0	major triad	(3, 7, 10)	E-	E-	1	None
303.0	303	0.1667	1/6	76	G2	43	True	spine_0	1	76.0	4.0	129.0	I	False	('E-', 'G', 'B-')	E-	E-	0.0	major triad	(3, 7, 10)	E-	E-	1	None
303.1667	1819/6	0.1667	1/6	76	E-2	39	True	spine_0	1	76.0	4.0	129.0	I	False	('E-', 'G', 'B-')	E-	E-	0.0	major triad	(3, 7, 10)	E-	E-	1	None
303.3333	910/3	0.1667	1/6	76	G2	43	True	spine_0	1	76.0	4.0	129.0	I	False	('E-', 'G', 'B-')	E-	E-	0.0	major triad	(3, 7, 10)	E-	E-	1	None
303.5	607/2	0.1667	1/6	76	B-2	46	True	spine_0	1	76.0	4.0	129.0	I	False	('E-', 'G', 'B-')	E-	E-	0.0	major triad	(3, 7, 10)	E-	E-	1	None
303.6667	911/3	0.1667	1/6	76	G2	43	True	spine_0	1	76.0	4.0	129.0	I	False	('E-', 'G', 'B-')	E-	E-	0.0	major triad	(3, 7, 10)	E-	E-	1	None
303.8333	1823/6	0.1667	1/6	76	B-2	46	True	spine_0	1	76.0	4.0	129.0	I	False	('E-', 'G', 'B-')	E-	E-	0.0	major triad	(3, 7, 10)	E-	E-	1	None
304.0	304	1.0	1	77	B-4	70	True	spine_0	1	77.0	2.0	130.0	I	True	('E-', 'G', 'B-')	E-	E-	0.0	major triad	(3, 7, 10)	E-	E-	1	None
304.0	304	1.0	1	77	G4	67	True	spine_0	1	77.0	2.0	130.0	I	True	('E-', 'G', 'B-')	E-	E-	0.0	major triad	(3, 7, 10)	E-	E-	1	None
304.0	304	1.0	1	77	E-3	51	True	spine_0	1	77.0	2.0	130.0	I	True	('E-', 'G', 'B-')	E-	E-	0.0	major triad	(3, 7, 10)	E-	E-	1	None
305.0	305	0.25	1/4	77	C5	72	True	spine_0	1	77.0	2.0	130.0	I	False	('E-', 'G', 'B-')	E-	E-	0.0	major triad	(3, 7, 10)	E-	E-	1	None
305.0	305	0.25	1/4	77	A-4	68	True	spine_0	1	77.0	2.0	130.0	I	False	('E-', 'G', 'B-')	E-	E-	0.0	major triad	(3, 7, 10)	E-	E-	1	None
305.25	1221/4	0.25	1/4	77	A-4	68	True	spine_0	1	77.0	2.0	130.0	I	False	('E-', 'G', 'B-')	E-	E-	0.0	major triad	(3, 7, 10)	E-	E-	1	None
305.25	1221/4	0.25	1/4	77	F4	65	True	spine_0	1	77.0	2.0	130.0	I	False	('E-', 'G', 'B-')	E-	E-	0.0	major triad	(3, 7, 10)	E-	E-	1	None
305.5	611/2	0.25	1/4	77	C5	72	True	spine_0	1	77.0	2.0	130.0	I	False	('E-', 'G', 'B-')	E-	E-	0.0	major triad	(3, 7, 10)	E-	E-	1	None
305.5	611/2	0.25	1/4	77	A-4	68	True	spine_0	1	77.0	2.0	130.0	I	False	('E-', 'G', 'B-')	E-	E-	0.0	major triad	(3, 7, 10)	E-	E-	1	None
305.75	1223/4	0.25	1/4	77	A-4	68	True	spine_0	1	77.0	2.0	130.0	I	False	('E-', 'G', 'B-')	E-	E-	0.0	major triad	(3, 7, 10)	E-	E-	1	None
305.75	1223/4	0.25	1/4	77	F4	65	True	spine_0	1	77.0	2.0	130.0	I	False	('E-', 'G', 'B-')	E-	E-	0.0	major triad	(3, 7, 10)	E-	E-	1	None
306.0	306	1.0	1	77	B-5	82	True	spine_0	1	77.0	2.0	131.0	I	True	('G', 'B-', 'E-')	G	E-	1.0	major triad	(3, 7, 10)	E-	E-	1	None
306.0	306	1.0	1	77	G4	67	True	spine_0	1	77.0	2.0	131.0	I	True	('G', 'B-', 'E-')	G	E-	1.0	major triad	(3, 7, 10)	E-	E-	1	None
306.0	306	0.5	1/2	77	E-4	63	True	spine_0	1	77.0	2.0	131.0	I	True	('G', 'B-', 'E-')	G	E-	1.0	major triad	(3, 7, 10)	E-	E-	1	None
306.0	306	1.0	1	77	G4	67	True	spine_0	1	77.0	2.0	131.0	I	True	('G', 'B-', 'E-')	G	E-	1.0	major triad	(3, 7, 10)	E-	E-	1	None
306.5	613/2	0.5	1/2	77	E-3	51	True	spine_0	1	77.0	2.0	131.0	I	False	('G', 'B-', 'E-')	G	E-	1.0	major triad	(3, 7, 10)	E-	E-	1	None
307.0	307	0.25	1/4	77	C6	84	True	spine_0	1	77.0	2.0	131.0	I	False	('G', 'B-', 'E-')	G	E-	1.0	major triad	(3, 7, 10)	E-	E-	1	None
307.0	307	0.25	1/4	77	A-4	68	True	spine_0	1	77.0	2.0	131.0	I	False	('G', 'B-', 'E-')	G	E-	1.0	major triad	(3, 7, 10)	E-	E-	1	None
307.25	1229/4	0.25	1/4	77	A-5	80	True	spine_0	1	77.0	2.0	131.0	I	False	('G', 'B-', 'E-')	G	E-	1.0	major triad	(3, 7, 10)	E-	E-	1	None
307.25	1229/4	0.25	1/4	77	F4	65	True	spine_0	1	77.0	2.0	131.0	I	False	('G', 'B-', 'E-')	G	E-	1.0	major triad	(3, 7, 10)	E-	E-	1	None
307.5	615/2	0.25	1/4	77	C6	84	True	spine_0	1	77.0	2.0	131.0	I	False	('G', 'B-', 'E-')	G	E-	1.0	major triad	(3, 7, 10)	E-	E-	1	None
307.5	615/2	0.25	1/4	77	A-4	68	True	spine_0	1	77.0	2.0	131.0	I	False	('G', 'B-', 'E-')	G	E-	1.0	major triad	(3, 7, 10)	E-	E-	1	None
307.75	1231/4	0.25	1/4	77	A-5	80	True	spine_0	1	77.0	2.0	131.0	I	False	('G', 'B-', 'E-')	G	E-	1.0	major triad	(3, 7, 10)	E-	E-	1	None
307.75	1231/4	0.25	1/4	77	F4	65	True	spine_0	1	77.0	2.0	131.0	I	False	('G', 'B-', 'E-')	G	E-	1.0	major triad	(3, 7, 10)	E-	E-	1	None
308.0	308	1.0	1	78	G5	79	True	spine_0	1	78.0	4.0	132.0	I	True	('E-', 'G', 'B-')	E-	E-	0.0	major triad	(3, 7, 10)	E-	E-	1	None
308.0	308	1.0	1	78	G5	79	True	spine_0	1	78.0	4.0	132.0	I	True	('E-', 'G', 'B-')	E-	E-	0.0	major triad	(3, 7, 10)	E-	E-	1	None
308.0	308	1.0	1	78	B-4	70	True	spine_0	1	78.0	4.0	132.0	I	True	('E-', 'G', 'B-')	E-	E-	0.0	major triad	(3, 7, 10)	E-	E-	1	None
308.0	308	0.5	1/2	78	E-4	63	True	spine_0	1	78.0	4.0	132.0	I	True	('E-', 'G', 'B-')	E-	E-	0.0	major triad	(3, 7, 10)	E-	E-	1	None
308.5	617/2	0.5	1/2	78	E-3	51	True	spine_0	1	78.0	4.0	132.0	I	False	('E-', 'G', 'B-')	E-	E-	0.0	major triad	(3, 7, 10)	E-	E-	1	None
309.0	309	0.25	1/4	78	A-5	80	True	spine_0	1	78.0	4.0	132.0	I	False	('E-', 'G', 'B-')	E-	E-	0.0	major triad	(3, 7, 10)	E-	E-	1	None
309.0	309	0.25	1/4	78	C5	72	True	spine_0	1	78.0	4.0	132.0	I	False	('E-', 'G', 'B-')	E-	E-	0.0	major triad	(3, 7, 10)	E-	E-	1	None
309.25	1237/4	0.25	1/4	78	F5	77	True	spine_0	1	78.0	4.0	132.0	I	False	('E-', 'G', 'B-')	E-	E-	0.0	major triad	(3, 7, 10)	E-	E-	1	None
309.25	1237/4	0.25	1/4	78	A-4	68	True	spine_0	1	78.0	4.0	132.0	I	False	('E-', 'G', 'B-')	E-	E-	0.0	major triad	(3, 7, 10)	E-	E-	1	None
309.5	619/2	0.25	1/4	78	A-5	80	True	spine_0	1	78.0	4.0	132.0	I	False	('E-', 'G', 'B-')	E-	E-	0.0	major triad	(3, 7, 10)	E-	E-	1	None
309.5	619/2	0.25	1/4	78	C5	72	True	spine_0	1	78.0	4.0	132.0	I	False	('E-', 'G', 'B-')	E-	E-	0.0	major triad	(3, 7, 10)	E-	E-	1	None
309.75	1239/4	0.25	1/4	78	F5	77	True	spine_0	1	78.0	4.0	132.0	I	False	('E-', 'G', 'B-')	E-	E-	0.0	major triad	(3, 7, 10)	E-	E-	1	None
309.75	1239/4	0.25	1/4	78	A-4	68	True	spine_0	1	78.0	4.0	132.0	I	False	('E-', 'G', 'B-')	E-	E-	0.0	major triad	(3, 7, 10)	E-	E-	1	None
310.0	310	0.25	1/4	78	E-5	75	True	spine_0	1	78.0	4.0	132.0	I	False	('E-', 'G', 'B-')	E-	E-	0.0	major triad	(3, 7, 10)	E-	E-	1	None
310.0	310	0.25	1/4	78	E-5	75	True	spine_0	1	78.0	4.0	132.0	I	False	('E-', 'G', 'B-')	E-	E-	0.0	major triad	(3, 7, 10)	E-	E-	1	None
310.0	310	0.25	1/4	78	G4	67	True	spine_0	1	78.0	4.0	132.0	I	False	('E-', 'G', 'B-')	E-	E-	0.0	major triad	(3, 7, 10)	E-	E-	1	None
310.0	310	0.25	1/4	78	E-4	63	True	spine_0	1	78.0	4.0	132.0	I	False	('E-', 'G', 'B-')	E-	E-	0.0	major triad	(3, 7, 10)	E-	E-	1	None
310.25	1241/4	0.25	1/4	78	D5	74	True	spine_0	1	78.0	4.0	132.0	I	False	('E-', 'G', 'B-')	E-	E-	0.0	major triad	(3, 7, 10)	E-	E-	1	None
310.25	1241/4	0.25	1/4	78	D5	74	True	spine_0	1	78.0	4.0	132.0	I	False	('E-', 'G', 'B-')	E-	E-	0.0	major triad	(3, 7, 10)	E-	E-	1	None
310.25	1241/4	0.25	1/4	78	D5	74	True	spine_0	1	78.0	4.0	132.0	I	False	('E-', 'G', 'B-')	E-	E-	0.0	major triad	(3, 7, 10)	E-	E-	1	None
310.25	1241/4	0.25	1/4	78	D4	62	True	spine_0	1	78.0	4.0	132.0	I	False	('E-', 'G', 'B-')	E-	E-	0.0	major triad	(3, 7, 10)	E-	E-	1	None
310.5	621/2	0.25	1/4	78	E-5	75	True	spine_0	1	78.0	4.0	132.0	I	False	('E-', 'G', 'B-')	E-	E-	0.0	major triad	(3, 7, 10)	E-	E-	1	None
310.5	621/2	0.25	1/4	78	E-5	75	True	spine_0	1	78.0	4.0	132.0	I	False	('E-', 'G', 'B-')	E-	E-	0.0	major triad	(3, 7, 10)	E-	E-	1	None
310.5	621/2	0.25	1/4	78	E-5	75	True	spine_0	1	78.0	4.0	132.0	I	False	('E-', 'G', 'B-')	E-	E-	0.0	major triad	(3, 7, 10)	E-	E-	1	None
310.5	621/2	0.25	1/4	78	E-4	63	True	spine_0	1	78.0	4.0	132.0	I	False	('E-', 'G', 'B-')	E-	E-	0.0	major triad	(3, 7, 10)	E-	E-	1	None
310.75	1243/4	0.25	1/4	78	B-4	70	True	spine_0	1	78.0	4.0	132.0	I	False	('E-', 'G', 'B-')	E-	E-	0.0	major triad	(3, 7, 10)	E-	E-	1	None
310.75	1243/4	0.25	1/4	78	B-4	70	True	spine_0	1	78.0	4.0	132.0	I	False	('E-', 'G', 'B-')	E-	E-	0.0	major triad	(3, 7, 10)	E-	E-	1	None
310.75	1243/4	0.25	1/4	78	B-4	70	True	spine_0	1	78.0	4.0	132.0	I	False	('E-', 'G', 'B-')	E-	E-	0.0	major triad	(3, 7, 10)	E-	E-	1	None
310.75	1243/4	0.25	1/4	78	B-3	58	True	spine_0	1	78.0	4.0	132.0	I	False	('E-', 'G', 'B-')	E-	E-	0.0	major triad	(3, 7, 10)	E-	E-	1	None
311.0	311	0.25	1/4	78	A-4	68	True	spine_0	1	78.0	4.0	132.0	I	False	('E-', 'G', 'B-')	E-	E-	0.0	major triad	(3, 7, 10)	E-	E-	1	None
311.0	311	0.25	1/4	78	A-4	68	True	spine_0	1	78.0	4.0	132.0	I	False	('E-', 'G', 'B-')	E-	E-	0.0	major triad	(3, 7, 10)	E-	E-	1	None
311.0	311	0.25	1/4	78	A-4	68	True	spine_0	1	78.0	4.0	132.0	I	False	('E-', 'G', 'B-')	E-	E-	0.0	major triad	(3, 7, 10)	E-	E-	1	None
311.0	311	0.25	1/4	78	A-3	56	True	spine_0	1	78.0	4.0	132.0	I	False	('E-', 'G', 'B-')	E-	E-	0.0	major triad	(3, 7, 10)	E-	E-	1	None
311.25	1245/4	0.25	1/4	78	G4	67	True	spine_0	1	78.0	4.0	132.0	I	False	('E-', 'G', 'B-')	E-	E-	0.0	major triad	(3, 7, 10)	E-	E-	1	None
311.25	1245/4	0.25	1/4	78	G4	67	True	spine_0	1	78.0	4.0	132.0	I	False	('E-', 'G', 'B-')	E-	E-	0.0	major triad	(3, 7, 10)	E-	E-	1	None
311.25	1245/4	0.25	1/4	78	G4	67	True	spine_0	1	78.0	4.0	132.0	I	False	('E-', 'G', 'B-')	E-	E-	0.0	major triad	(3, 7, 10)	E-	E-	1	None
311.25	1245/4	0.25	1/4	78	G3	55	True	spine_0	1	78.0	4.0	132.0	I	False	('E-', 'G', 'B-')	E-	E-	0.0	major triad	(3, 7, 10)	E-	E-	1	None
311.5	623/2	0.25	1/4	78	F4	65	True	spine_0	1	78.0	4.0	132.0	I	False	('E-', 'G', 'B-')	E-	E-	0.0	major triad	(3, 7, 10)	E-	E-	1	None
311.5	623/2	0.25	1/4	78	F4	65	True	spine_0	1	78.0	4.0	132.0	I	False	('E-', 'G', 'B-')	E-	E-	0.0	major triad	(3, 7, 10)	E-	E-	1	None
311.5	623/2	0.25	1/4	78	F4	65	True	spine_0	1	78.0	4.0	132.0	I	False	('E-', 'G', 'B-')	E-	E-	0.0	major triad	(3, 7, 10)	E-	E-	1	None
311.5	623/2	0.25	1/4	78	F3	53	True	spine_0	1	78.0	4.0	132.0	I	False	('E-', 'G', 'B-')	E-	E-	0.0	major triad	(3, 7, 10)	E-	E-	1	None
311.75	1247/4	0.25	1/4	78	E-4	63	True	spine_0	1	78.0	4.0	132.0	I	False	('E-', 'G', 'B-')	E-	E-	0.0	major triad	(3, 7, 10)	E-	E-	1	None
311.75	1247/4	0.25	1/4	78	E-4	63	True	spine_0	1	78.0	4.0	132.0	I	False	('E-', 'G', 'B-')	E-	E-	0.0	major triad	(3, 7, 10)	E-	E-	1	None
311.75	1247/4	0.25	1/4	78	E-4	63	True	spine_0	1	78.0	4.0	132.0	I	False	('E-', 'G', 'B-')	E-	E-	0.0	major triad	(3, 7, 10)	E-	E-	1	None
311.75	1247/4	0.25	1/4	78	E-3	51	True	spine_0	1	78.0	4.0	132.0	I	False	('E-', 'G', 'B-')	E-	E-	0.0	major triad	(3, 7, 10)	E-	E-	1	None
312.0	312	0.5	1/2	79	D4	62	True	spine_0	1	79.0	2.0	133.0	V	True	('B-', 'D', 'F')	B-	B-	0.0	major triad	(2, 5, 10)	E-	E-	5	None
312.0	312	0.5	1/2	79	D4	62	True	spine_0	1	79.0	2.0	133.0	V	True	('B-', 'D', 'F')	B-	B-	0.0	major triad	(2, 5, 10)	E-	E-	5	None
312.0	312	0.5	1/2	79	D4	62	True	spine_0	1	79.0	2.0	133.0	V	True	('B-', 'D', 'F')	B-	B-	0.0	major triad	(2, 5, 10)	E-	E-	5	None
312.0	312	0.5	1/2	79	D3	50	True	spine_0	1	79.0	2.0	133.0	V	True	('B-', 'D', 'F')	B-	B-	0.0	major triad	(2, 5, 10)	E-	E-	5	None
312.5	625/2	0.5	1/2	79	B-4	70	True	spine_0	1	79.0	2.0	133.0	V	False	('B-', 'D', 'F')	B-	B-	0.0	major triad	(2, 5, 10)	E-	E-	5	None
312.5	625/2	0.5	1/2	79	B-4	70	True	spine_0	1	79.0	2.0	133.0	V	False	('B-', 'D', 'F')	B-	B-	0.0	major triad	(2, 5, 10)	E-	E-	5	None
312.5	625/2	0.5	1/2	79	B-4	70	True	spine_0	1	79.0	2.0	133.0	V	False	('B-', 'D', 'F')	B-	B-	0.0	major triad	(2, 5, 10)	E-	E-	5	None
312.5	625/2	0.5	1/2	79	B-3	58	True	spine_0	1	79.0	2.0	133.0	V	False	('B-', 'D', 'F')	B-	B-	0.0	major triad	(2, 5, 10)	E-	E-	5	None
313.0	313	0.5	1/2	79	B-4	70	True	spine_0	1	79.0	2.0	133.0	V	False	('B-', 'D', 'F')	B-	B-	0.0	major triad	(2, 5, 10)	E-	E-	5	None
313.0	313	0.5	1/2	79	B-4	70	True	spine_0	1	79.0	2.0	133.0	V	False	('B-', 'D', 'F')	B-	B-	0.0	major triad	(2, 5, 10)	E-	E-	5	None
313.0	313	0.5	1/2	79	B-4	70	True	spine_0	1	79.0	2.0	133.0	V	False	('B-', 'D', 'F')	B-	B-	0.0	major triad	(2, 5, 10)	E-	E-	5	None
313.0	313	0.5	1/2	79	B-3	58	True	spine_0	1	79.0	2.0	133.0	V	False	('B-', 'D', 'F')	B-	B-	0.0	major triad	(2, 5, 10)	E-	E-	5	None
313.5	627/2	0.5	1/2	79	B-4	70	True	spine_0	1	79.0	2.0	133.0	V	False	('B-', 'D', 'F')	B-	B-	0.0	major triad	(2, 5, 10)	E-	E-	5	None
313.5	627/2	0.5	1/2	79	B-4	70	True	spine_0	1	79.0	2.0	133.0	V	False	('B-', 'D', 'F')	B-	B-	0.0	major triad	(2, 5, 10)	E-	E-	5	None
313.5	627/2	0.5	1/2	79	B-4	70	True	spine_0	1	79.0	2.0	133.0	V	False	('B-', 'D', 'F')	B-	B-	0.0	major triad	(2, 5, 10)	E-	E-	5	None
313.5	627/2	0.5	1/2	79	B-3	58	True	spine_0	1	79.0	2.0	133.0	V	False	('B-', 'D', 'F')	B-	B-	0.0	major triad	(2, 5, 10)	E-	E-	5	None
314.0	314	0.25	1/4	79	E-5	75	True	spine_0	1	79.0	2.0	134.0	I	True	('E-', 'G', 'B-')	E-	E-	0.0	major triad	(3, 7, 10)	E-	E-	1	None
314.0	314	0.25	1/4	79	E-5	75	True	spine_0	1	79.0	2.0	134.0	I	True	('E-', 'G', 'B-')	E-	E-	0.0	major triad	(3, 7, 10)	E-	E-	1	None
314.0	314	0.25	1/4	79	E-5	75	True	spine_0	1	79.0	2.0	134.0	I	True	('E-', 'G', 'B-')	E-	E-	0.0	major triad	(3, 7, 10)	E-	E-	1	None
314.0	314	0.25	1/4	79	E-4	63	True	spine_0	1	79.0	2.0	134.0	I	True	('E-', 'G', 'B-')	E-	E-	0.0	major triad	(3, 7, 10)	E-	E-	1	None
314.25	1257/4	0.25	1/4	79	D5	74	True	spine_0	1	79.0	2.0	134.0	I	False	('E-', 'G', 'B-')	E-	E-	0.0	major triad	(3, 7, 10)	E-	E-	1	None
314.25	1257/4	0.25	1/4	79	D5	74	True	spine_0	1	79.0	2.0	134.0	I	False	('E-', 'G', 'B-')	E-	E-	0.0	major triad	(3, 7, 10)	E-	E-	1	None
314.25	1257/4	0.25	1/4	79	D5	74	True	spine_0	1	79.0	2.0	134.0	I	False	('E-', 'G', 'B-')	E-	E-	0.0	major triad	(3, 7, 10)	E-	E-	1	None
314.25	1257/4	0.25	1/4	79	D4	62	True	spine_0	1	79.0	2.0	134.0	I	False	('E-', 'G', 'B-')	E-	E-	0.0	major triad	(3, 7, 10)	E-	E-	1	None
314.5	629/2	0.25	1/4	79	E-5	75	True	spine_0	1	79.0	2.0	134.0	I	False	('E-', 'G', 'B-')	E-	E-	0.0	major triad	(3, 7, 10)	E-	E-	1	None
314.5	629/2	0.25	1/4	79	E-5	75	True	spine_0	1	79.0	2.0	134.0	I	False	('E-', 'G', 'B-')	E-	E-	0.0	major triad	(3, 7, 10)	E-	E-	1	None
314.5	629/2	0.25	1/4	79	E-5	75	True	spine_0	1	79.0	2.0	134.0	I	False	('E-', 'G', 'B-')	E-	E-	0.0	major triad	(3, 7, 10)	E-	E-	1	None
314.5	629/2	0.25	1/4	79	E-4	63	True	spine_0	1	79.0	2.0	134.0	I	False	('E-', 'G', 'B-')	E-	E-	0.0	major triad	(3, 7, 10)	E-	E-	1	None
314.75	1259/4	0.25	1/4	79	B-4	70	True	spine_0	1	79.0	2.0	134.0	I	False	('E-', 'G', 'B-')	E-	E-	0.0	major triad	(3, 7, 10)	E-	E-	1	None
314.75	1259/4	0.25	1/4	79	B-4	70	True	spine_0	1	79.0	2.0	134.0	I	False	('E-', 'G', 'B-')	E-	E-	0.0	major triad	(3, 7, 10)	E-	E-	1	None
314.75	1259/4	0.25	1/4	79	B-4	70	True	spine_0	1	79.0	2.0	134.0	I	False	('E-', 'G', 'B-')	E-	E-	0.0	major triad	(3, 7, 10)	E-	E-	1	None
314.75	1259/4	0.25	1/4	79	B-3	58	True	spine_0	1	79.0	2.0	134.0	I	False	('E-', 'G', 'B-')	E-	E-	0.0	major triad	(3, 7, 10)	E-	E-	1	None
315.0	315	0.25	1/4	79	A-4	68	True	spine_0	1	79.0	2.0	134.0	I	False	('E-', 'G', 'B-')	E-	E-	0.0	major triad	(3, 7, 10)	E-	E-	1	None
315.0	315	0.25	1/4	79	A-4	68	True	spine_0	1	79.0	2.0	134.0	I	False	('E-', 'G', 'B-')	E-	E-	0.0	major triad	(3, 7, 10)	E-	E-	1	None
315.0	315	0.25	1/4	79	A-4	68	True	spine_0	1	79.0	2.0	134.0	I	False	('E-', 'G', 'B-')	E-	E-	0.0	major triad	(3, 7, 10)	E-	E-	1	None
315.0	315	0.25	1/4	79	A-3	56	True	spine_0	1	79.0	2.0	134.0	I	False	('E-', 'G', 'B-')	E-	E-	0.0	major triad	(3, 7, 10)	E-	E-	1	None
315.25	1261/4	0.25	1/4	79	G4	67	True	spine_0	1	79.0	2.0	134.0	I	False	('E-', 'G', 'B-')	E-	E-	0.0	major triad	(3, 7, 10)	E-	E-	1	None
315.25	1261/4	0.25	1/4	79	G4	67	True	spine_0	1	79.0	2.0	134.0	I	False	('E-', 'G', 'B-')	E-	E-	0.0	major triad	(3, 7, 10)	E-	E-	1	None
315.25	1261/4	0.25	1/4	79	G4	67	True	spine_0	1	79.0	2.0	134.0	I	False	('E-', 'G', 'B-')	E-	E-	0.0	major triad	(3, 7, 10)	E-	E-	1	None
315.25	1261/4	0.25	1/4	79	G3	55	True	spine_0	1	79.0	2.0	134.0	I	False	('E-', 'G', 'B-')	E-	E-	0.0	major triad	(3, 7, 10)	E-	E-	1	None
315.5	631/2	0.25	1/4	79	F4	65	True	spine_0	1	79.0	2.0	134.0	I	False	('E-', 'G', 'B-')	E-	E-	0.0	major triad	(3, 7, 10)	E-	E-	1	None
315.5	631/2	0.25	1/4	79	F4	65	True	spine_0	1	79.0	2.0	134.0	I	False	('E-', 'G', 'B-')	E-	E-	0.0	major triad	(3, 7, 10)	E-	E-	1	None
315.5	631/2	0.25	1/4	79	F4	65	True	spine_0	1	79.0	2.0	134.0	I	False	('E-', 'G', 'B-')	E-	E-	0.0	major triad	(3, 7, 10)	E-	E-	1	None
315.5	631/2	0.25	1/4	79	F3	53	True	spine_0	1	79.0	2.0	134.0	I	False	('E-', 'G', 'B-')	E-	E-	0.0	major triad	(3, 7, 10)	E-	E-	1	None
315.75	1263/4	0.25	1/4	79	E-4	63	True	spine_0	1	79.0	2.0	134.0	I	False	('E-', 'G', 'B-')	E-	E-	0.0	major triad	(3, 7, 10)	E-	E-	1	None
315.75	1263/4	0.25	1/4	79	E-4	63	True	spine_0	1	79.0	2.0	134.0	I	False	('E-', 'G', 'B-')	E-	E-	0.0	major triad	(3, 7, 10)	E-	E-	1	None
315.75	1263/4	0.25	1/4	79	E-4	63	True	spine_0	1	79.0	2.0	134.0	I	False	('E-', 'G', 'B-')	E-	E-	0.0	major triad	(3, 7, 10)	E-	E-	1	None
315.75	1263/4	0.25	1/4	79	E-3	51	True	spine_0	1	79.0	2.0	134.0	I	False	('E-', 'G', 'B-')	E-	E-	0.0	major triad	(3, 7, 10)	E-	E-	1	None
316.0	316	0.5	1/2	80	D4	62	True	spine_0	1	80.0	2.0	135.0	V	True	('D', 'F', 'B-')	D	B-	1.0	major triad	(2, 5, 10)	E-	E-	5	None
316.0	316	0.5	1/2	80	D4	62	True	spine_0	1	80.0	2.0	135.0	V	True	('D', 'F', 'B-')	D	B-	1.0	major triad	(2, 5, 10)	E-	E-	5	None
316.0	316	0.5	1/2	80	D4	62	True	spine_0	1	80.0	2.0	135.0	V	True	('D', 'F', 'B-')	D	B-	1.0	major triad	(2, 5, 10)	E-	E-	5	None
316.0	316	2.0	2	80	D3	50	True	spine_0	1	80.0	2.0	135.0	V	True	('D', 'F', 'B-')	D	B-	1.0	major triad	(2, 5, 10)	E-	E-	5	None
316.5	633/2	0.5	1/2	80	B-4	70	True	spine_0	1	80.0	2.0	135.0	V	False	('D', 'F', 'B-')	D	B-	1.0	major triad	(2, 5, 10)	E-	E-	5	None
316.5	633/2	0.5	1/2	80	B-4	70	True	spine_0	1	80.0	2.0	135.0	V	False	('D', 'F', 'B-')	D	B-	1.0	major triad	(2, 5, 10)	E-	E-	5	None
316.5	633/2	0.5	1/2	80	B-4	70	True	spine_0	1	80.0	2.0	135.0	V	False	('D', 'F', 'B-')	D	B-	1.0	major triad	(2, 5, 10)	E-	E-	5	None
317.0	317	0.5	1/2	80	B-4	70	True	spine_0	1	80.0	2.0	135.0	V	False	('D', 'F', 'B-')	D	B-	1.0	major triad	(2, 5, 10)	E-	E-	5	None
317.0	317	0.5	1/2	80	B-4	70	True	spine_0	1	80.0	2.0	135.0	V	False	('D', 'F', 'B-')	D	B-	1.0	major triad	(2, 5, 10)	E-	E-	5	None
317.0	317	0.5	1/2	80	B-4	70	True	spine_0	1	80.0	2.0	135.0	V	False	('D', 'F', 'B-')	D	B-	1.0	major triad	(2, 5, 10)	E-	E-	5	None
317.5	635/2	0.5	1/2	80	B-4	70	True	spine_0	1	80.0	2.0	135.0	V	False	('D', 'F', 'B-')	D	B-	1.0	major triad	(2, 5, 10)	E-	E-	5	None
317.5	635/2	0.5	1/2	80	B-4	70	True	spine_0	1	80.0	2.0	135.0	V	False	('D', 'F', 'B-')	D	B-	1.0	major triad	(2, 5, 10)	E-	E-	5	None
317.5	635/2	0.5	1/2	80	B-4	70	True	spine_0	1	80.0	2.0	135.0	V	False	('D', 'F', 'B-')	D	B-	1.0	major triad	(2, 5, 10)	E-	E-	5	None
318.0	318	0.25	1/4	80	E-5	75	True	spine_0	1	80.0	1.0	136.0	vi7	True	('C', 'E-', 'G', 'B-')	C	C	0.0	minor seventh chord	(0, 3, 7, 10)	E-	E-	6	None
318.0	318	2.0	2	80	E-5	75	True	spine_0	1	80.0	1.0	136.0	vi7	True	('C', 'E-', 'G', 'B-')	C	C	0.0	minor seventh chord	(0, 3, 7, 10)	E-	E-	6	None
318.0	318	1.0	1	80	B-4	70	True	spine_0	1	80.0	1.0	136.0	vi7	True	('C', 'E-', 'G', 'B-')	C	C	0.0	minor seventh chord	(0, 3, 7, 10)	E-	E-	6	None
318.0	318	1.0	1	80	C3	48	True	spine_0	1	80.0	1.0	136.0	vi7	True	('C', 'E-', 'G', 'B-')	C	C	0.0	minor seventh chord	(0, 3, 7, 10)	E-	E-	6	None
318.25	1273/4	0.25	1/4	80	D5	74	True	spine_0	1	80.0	1.0	136.0	vi7	False	('C', 'E-', 'G', 'B-')	C	C	0.0	minor seventh chord	(0, 3, 7, 10)	E-	E-	6	None
318.5	637/2	0.25	1/4	80	E-5	75	True	spine_0	1	80.0	1.0	136.0	vi7	False	('C', 'E-', 'G', 'B-')	C	C	0.0	minor seventh chord	(0, 3, 7, 10)	E-	E-	6	None
318.75	1275/4	0.25	1/4	80	G4	67	True	spine_0	1	80.0	1.0	136.0	vi7	False	('C', 'E-', 'G', 'B-')	C	C	0.0	minor seventh chord	(0, 3, 7, 10)	E-	E-	6	None
319.0	319	0.25	1/4	80	A-4	68	True	spine_0	1	80.0	1.0	137.0	ii	True	('F', 'A-', 'C')	F	F	0.0	minor triad	(0, 5, 8)	E-	E-	2	None
319.0	319	1.0	1	80	A-4	68	True	spine_0	1	80.0	1.0	137.0	ii	True	('F', 'A-', 'C')	F	F	0.0	minor triad	(0, 5, 8)	E-	E-	2	None
319.0	319	1.0	1	80	F3	53	True	spine_0	1	80.0	1.0	137.0	ii	True	('F', 'A-', 'C')	F	F	0.0	minor triad	(0, 5, 8)	E-	E-	2	None
319.25	1277/4	0.25	1/4	80	A-5	80	True	spine_0	1	80.0	1.0	137.0	ii	False	('F', 'A-', 'C')	F	F	0.0	minor triad	(0, 5, 8)	E-	E-	2	None
319.5	639/2	0.25	1/4	80	F5	77	True	spine_0	1	80.0	1.0	137.0	ii	False	('F', 'A-', 'C')	F	F	0.0	minor triad	(0, 5, 8)	E-	E-	2	None
319.75	1279/4	0.25	1/4	80	E-5	75	True	spine_0	1	80.0	1.0	137.0	ii	False	('F', 'A-', 'C')	F	F	0.0	minor triad	(0, 5, 8)	E-	E-	2	None
320.0	320	0.25	1/4	81	D5	74	True	spine_0	1	81.0	1.0	138.0	V7	True	('B-', 'D', 'F', 'A-')	B-	B-	0.0	dominant seventh chord	(2, 5, 8, 10)	E-	E-	5	None
320.0	320	2.0	2	81	D5	74	True	spine_0	1	81.0	1.0	138.0	V7	True	('B-', 'D', 'F', 'A-')	B-	B-	0.0	dominant seventh chord	(2, 5, 8, 10)	E-	E-	5	None
320.0	320	1.0	1	81	A-4	68	False	spine_0	1	81.0	1.0	138.0	V7	True	('B-', 'D', 'F', 'A-')	B-	B-	0.0	dominant seventh chord	(2, 5, 8, 10)	E-	E-	5	None
320.0	320	1.0	1	81	B-2	46	True	spine_0	1	81.0	1.0	138.0	V7	True	('B-', 'D', 'F', 'A-')	B-	B-	0.0	dominant seventh chord	(2, 5, 8, 10)	E-	E-	5	None
320.25	1281/4	0.25	1/4	81	C5	72	True	spine_0	1	81.0	1.0	138.0	V7	False	('B-', 'D', 'F', 'A-')	B-	B-	0.0	dominant seventh chord	(2, 5, 8, 10)	E-	E-	5	None
320.5	641/2	0.25	1/4	81	D5	74	True	spine_0	1	81.0	1.0	138.0	V7	False	('B-', 'D', 'F', 'A-')	B-	B-	0.0	dominant seventh chord	(2, 5, 8, 10)	E-	E-	5	None
320.75	1283/4	0.25	1/4	81	F4	65	True	spine_0	1	81.0	1.0	138.0	V7	False	('B-', 'D', 'F', 'A-')	B-	B-	0.0	dominant seventh chord	(2, 5, 8, 10)	E-	E-	5	None
321.0	321	0.25	1/4	81	G4	67	True	spine_0	1	81.0	1.0	139.0	I7	True	('E-', 'G', 'B-', 'D')	E-	E-	0.0	major seventh chord	(2, 3, 7, 10)	E-	E-	1	None
321.0	321	2.0	2	81	G4	67	True	spine_0	1	81.0	1.0	139.0	I7	True	('E-', 'G', 'B-', 'D')	E-	E-	0.0	major seventh chord	(2, 3, 7, 10)	E-	E-	1	None
321.0	321	1.0	1	81	E-3	51	True	spine_0	1	81.0	1.0	139.0	I7	True	('E-', 'G', 'B-', 'D')	E-	E-	0.0	major seventh chord	(2, 3, 7, 10)	E-	E-	1	None
321.25	1285/4	0.25	1/4	81	D5	74	True	spine_0	1	81.0	1.0	139.0	I7	False	('E-', 'G', 'B-', 'D')	E-	E-	0.0	major seventh chord	(2, 3, 7, 10)	E-	E-	1	None
321.5	643/2	0.25	1/4	81	E-5	75	True	spine_0	1	81.0	1.0	139.0	I7	False	('E-', 'G', 'B-', 'D')	E-	E-	0.0	major seventh chord	(2, 3, 7, 10)	E-	E-	1	None
321.75	1287/4	0.25	1/4	81	D5	74	True	spine_0	1	81.0	1.0	139.0	I7	False	('E-', 'G', 'B-', 'D')	E-	E-	0.0	major seventh chord	(2, 3, 7, 10)	E-	E-	1	None
322.0	322	0.25	1/4	81	C5	72	True	spine_0	1	81.0	1.0	140.0	IV7	True	('A-', 'C', 'E-', 'G')	A-	A-	0.0	major seventh chord	(0, 3, 7, 8)	E-	E-	4	None
322.0	322	2.0	2	81	C5	72	True	spine_0	1	81.0	1.0	140.0	IV7	True	('A-', 'C', 'E-', 'G')	A-	A-	0.0	major seventh chord	(0, 3, 7, 8)	E-	E-	4	None
322.0	322	1.0	1	81	A-2	44	True	spine_0	1	81.0	1.0	140.0	IV7	True	('A-', 'C', 'E-', 'G')	A-	A-	0.0	major seventh chord	(0, 3, 7, 8)	E-	E-	4	None
322.25	1289/4	0.25	1/4	81	B-4	70	True	spine_0	1	81.0	1.0	140.0	IV7	False	('A-', 'C', 'E-', 'G')	A-	A-	0.0	major seventh chord	(0, 3, 7, 8)	E-	E-	4	None
322.5	645/2	0.25	1/4	81	C5	72	True	spine_0	1	81.0	1.0	140.0	IV7	False	('A-', 'C', 'E-', 'G')	A-	A-	0.0	major seventh chord	(0, 3, 7, 8)	E-	E-	4	None
322.75	1291/4	0.25	1/4	81	E-4	63	True	spine_0	1	81.0	1.0	140.0	IV7	False	('A-', 'C', 'E-', 'G')	A-	A-	0.0	major seventh chord	(0, 3, 7, 8)	E-	E-	4	None
323.0	323	0.25	1/4	81	F4	65	True	spine_0	1	81.0	1.0	141.0	viio	True	('D', 'F', 'A-')	D	D	0.0	diminished triad	(2, 5, 8)	E-	E-	7	None
323.0	323	1.0	1	81	F4	65	True	spine_0	1	81.0	1.0	141.0	viio	True	('D', 'F', 'A-')	D	D	0.0	diminished triad	(2, 5, 8)	E-	E-	7	None
323.0	323	1.0	1	81	D3	50	True	spine_0	1	81.0	1.0	141.0	viio	True	('D', 'F', 'A-')	D	D	0.0	diminished triad	(2, 5, 8)	E-	E-	7	None
323.25	1293/4	0.25	1/4	81	F5	77	True	spine_0	1	81.0	1.0	141.0	viio	False	('D', 'F', 'A-')	D	D	0.0	diminished triad	(2, 5, 8)	E-	E-	7	None
323.5	647/2	0.25	1/4	81	D5	74	True	spine_0	1	81.0	1.0	141.0	viio	False	('D', 'F', 'A-')	D	D	0.0	diminished triad	(2, 5, 8)	E-	E-	7	None
323.75	1295/4	0.25	1/4	81	C5	72	True	spine_0	1	81.0	1.0	141.0	viio	False	('D', 'F', 'A-')	D	D	0.0	diminished triad	(2, 5, 8)	E-	E-	7	None
324.0	324	0.25	1/4	82	B-4	70	True	spine_0	1	82.0	1.0	142.0	iii7	True	('G', 'B-', 'D', 'F')	G	G	0.0	minor seventh chord	(2, 5, 7, 10)	E-	E-	3	None
324.0	324	2.0	2	82	B-4	70	True	spine_0	1	82.0	1.0	142.0	iii7	True	('G', 'B-', 'D', 'F')	G	G	0.0	minor seventh chord	(2, 5, 7, 10)	E-	E-	3	None
324.0	324	1.0	1	82	F4	65	False	spine_0	1	82.0	1.0	142.0	iii7	True	('G', 'B-', 'D', 'F')	G	G	0.0	minor seventh chord	(2, 5, 7, 10)	E-	E-	3	None
324.0	324	1.0	1	82	G2	43	True	spine_0	1	82.0	1.0	142.0	iii7	True	('G', 'B-', 'D', 'F')	G	G	0.0	minor seventh chord	(2, 5, 7, 10)	E-	E-	3	None
324.25	1297/4	0.25	1/4	82	A4	69	True	spine_0	1	82.0	1.0	142.0	iii7	False	('G', 'B-', 'D', 'F')	G	G	0.0	minor seventh chord	(2, 5, 7, 10)	E-	E-	3	None
324.5	649/2	0.25	1/4	82	B-4	70	True	spine_0	1	82.0	1.0	142.0	iii7	False	('G', 'B-', 'D', 'F')	G	G	0.0	minor seventh chord	(2, 5, 7, 10)	E-	E-	3	None
324.75	1299/4	0.25	1/4	82	D4	62	True	spine_0	1	82.0	1.0	142.0	iii7	False	('G', 'B-', 'D', 'F')	G	G	0.0	minor seventh chord	(2, 5, 7, 10)	E-	E-	3	None
325.0	325	0.25	1/4	82	E-4	63	True	spine_0	1	82.0	1.0	143.0	vi7	True	('C', 'E-', 'G', 'B-')	C	C	0.0	minor seventh chord	(0, 3, 7, 10)	E-	E-	6	None
325.0	325	1.5	3/2	82	E-4	63	True	spine_0	1	82.0	1.0	143.0	vi7	True	('C', 'E-', 'G', 'B-')	C	C	0.0	minor seventh chord	(0, 3, 7, 10)	E-	E-	6	None
325.0	325	1.0	1	82	C3	48	True	spine_0	1	82.0	1.0	143.0	vi7	True	('C', 'E-', 'G', 'B-')	C	C	0.0	minor seventh chord	(0, 3, 7, 10)	E-	E-	6	None
325.25	1301/4	0.25	1/4	82	B-4	70	True	spine_0	1	82.0	1.0	143.0	vi7	False	('C', 'E-', 'G', 'B-')	C	C	0.0	minor seventh chord	(0, 3, 7, 10)	E-	E-	6	None
325.5	651/2	0.25	1/4	82	C5	72	True	spine_0	1	82.0	1.0	143.0	vi7	False	('C', 'E-', 'G', 'B-')	C	C	0.0	minor seventh chord	(0, 3, 7, 10)	E-	E-	6	None
325.75	1303/4	0.25	1/4	82	B-4	70	True	spine_0	1	82.0	1.0	143.0	vi7	False	('C', 'E-', 'G', 'B-')	C	C	0.0	minor seventh chord	(0, 3, 7, 10)	E-	E-	6	None
326.0	326	0.25	1/4	82	A-4	68	True	spine_0	1	82.0	2.0	144.0	V/V	True	('F', 'A', 'C')	F	F	0.0	major triad	(0, 5, 9)	E-	B-	5	5
326.0	326	1.0	1	82	A-4	68	True	spine_0	1	82.0	2.0	144.0	V/V	True	('F', 'A', 'C')	F	F	0.0	major triad	(0, 5, 9)	E-	B-	5	5
326.0	326	0.5	1/2	82	F2	41	True	spine_0	1	82.0	2.0	144.0	V/V	True	('F', 'A', 'C')	F	F	0.0	major triad	(0, 5, 9)	E-	B-	5	5
326.25	1305/4	0.25	1/4	82	G4	67	True	spine_0	1	82.0	2.0	144.0	V/V	False	('F', 'A', 'C')	F	F	0.0	major triad	(0, 5, 9)	E-	B-	5	5
326.5	653/2	0.25	1/4	82	A-4	68	True	spine_0	1	82.0	2.0	144.0	V/V	False	('F', 'A', 'C')	F	F	0.0	major triad	(0, 5, 9)	E-	B-	5	5
326.5	653/2	0.5	1/2	82	D4	62	True	spine_0	1	82.0	2.0	144.0	V/V	False	('F', 'A', 'C')	F	F	0.0	major triad	(0, 5, 9)	E-	B-	5	5
326.5	653/2	0.5	1/2	82	B-2	46	True	spine_0	1	82.0	2.0	144.0	V/V	False	('F', 'A', 'C')	F	F	0.0	major triad	(0, 5, 9)	E-	B-	5	5
326.75	1307/4	0.25	1/4	82	F4	65	True	spine_0	1	82.0	2.0	144.0	V/V	False	('F', 'A', 'C')	F	F	0.0	major triad	(0, 5, 9)	E-	B-	5	5
327.0	327	0.25	1/4	82	G4	67	True	spine_0	1	82.0	2.0	144.0	V/V	False	('F', 'A', 'C')	F	F	0.0	major triad	(0, 5, 9)	E-	B-	5	5
327.0	327	1.0	1	82	G4	67	True	spine_0	1	82.0	2.0	144.0	V/V	False	('F', 'A', 'C')	F	F	0.0	major triad	(0, 5, 9)	E-	B-	5	5
327.0	327	0.5	1/2	82	E-4	63	True	spine_0	1	82.0	2.0	144.0	V/V	False	('F', 'A', 'C')	F	F	0.0	major triad	(0, 5, 9)	E-	B-	5	5
327.0	327	0.5	1/2	82	E-2	39	True	spine_0	1	82.0	2.0	144.0	V/V	False	('F', 'A', 'C')	F	F	0.0	major triad	(0, 5, 9)	E-	B-	5	5
327.25	1309/4	0.25	1/4	82	F4	65	True	spine_0	1	82.0	2.0	144.0	V/V	False	('F', 'A', 'C')	F	F	0.0	major triad	(0, 5, 9)	E-	B-	5	5
327.5	655/2	0.25	1/4	82	G4	67	True	spine_0	1	82.0	2.0	144.0	V/V	False	('F', 'A', 'C')	F	F	0.0	major triad	(0, 5, 9)	E-	B-	5	5
327.5	655/2	0.5	1/2	82	E-4	63	True	spine_0	1	82.0	2.0	144.0	V/V	False	('F', 'A', 'C')	F	F	0.0	major triad	(0, 5, 9)	E-	B-	5	5
327.5	655/2	0.5	1/2	82	A2	45	True	spine_0	1	82.0	2.0	144.0	V/V	False	('F', 'A', 'C')	F	F	0.0	major triad	(0, 5, 9)	E-	B-	5	5
327.75	1311/4	0.25	1/4	82	E-4	63	True	spine_0	1	82.0	2.0	144.0	V/V	False	('F', 'A', 'C')	F	F	0.0	major triad	(0, 5, 9)	E-	B-	5	5
328.0	328	3.0	3	83	B-4	70	True	spine_0	1	83.0	4.0	145.0	V	True	('B-', 'D', 'F')	B-	B-	0.0	major triad	(2, 5, 10)	E-	E-	5	None
328.0	328	1.0	1	83	F4	65	True	spine_0	1	83.0	4.0	145.0	V	True	('B-', 'D', 'F')	B-	B-	0.0	major triad	(2, 5, 10)	E-	E-	5	None
328.0	328	1.0	1	83	D4	62	True	spine_0	1	83.0	4.0	145.0	V	True	('B-', 'D', 'F')	B-	B-	0.0	major triad	(2, 5, 10)	E-	E-	5	None
328.0	328	1.0	1	83	B-2	46	True	spine_0	1	83.0	4.0	145.0	V	True	('B-', 'D', 'F')	B-	B-	0.0	major triad	(2, 5, 10)	E-	E-	5	None
329.0	329	0.5	1/2	83	G-4	66	True	spine_0	1	83.0	4.0	145.0	V	False	('B-', 'D', 'F')	B-	B-	0.0	major triad	(2, 5, 10)	E-	E-	5	None
329.0	329	0.5	1/2	83	E-4	63	True	spine_0	1	83.0	4.0	145.0	V	False	('B-', 'D', 'F')	B-	B-	0.0	major triad	(2, 5, 10)	E-	E-	5	None
329.5	659/2	0.5	1/2	83	E-4	63	True	spine_0	1	83.0	4.0	145.0	V	False	('B-', 'D', 'F')	B-	B-	0.0	major triad	(2, 5, 10)	E-	E-	5	None
329.5	659/2	0.5	1/2	83	C4	60	True	spine_0	1	83.0	4.0	145.0	V	False	('B-', 'D', 'F')	B-	B-	0.0	major triad	(2, 5, 10)	E-	E-	5	None
330.0	330	1.0	1	83	F4	65	True	spine_0	1	83.0	4.0	145.0	V	False	('B-', 'D', 'F')	B-	B-	0.0	major triad	(2, 5, 10)	E-	E-	5	None
330.0	330	1.0	1	83	D4	62	True	spine_0	1	83.0	4.0	145.0	V	False	('B-', 'D', 'F')	B-	B-	0.0	major triad	(2, 5, 10)	E-	E-	5	None
330.0	330	1.0	1	83	D4	62	True	spine_0	1	83.0	4.0	145.0	V	False	('B-', 'D', 'F')	B-	B-	0.0	major triad	(2, 5, 10)	E-	E-	5	None
331.0	331	0.5	1/2	83	C-5	71	True	spine_0	1	83.0	4.0	145.0	V	False	('B-', 'D', 'F')	B-	B-	0.0	major triad	(2, 5, 10)	E-	E-	5	None
331.0	331	0.5	1/2	83	E-4	63	True	spine_0	1	83.0	4.0	145.0	V	False	('B-', 'D', 'F')	B-	B-	0.0	major triad	(2, 5, 10)	E-	E-	5	None
331.5	663/2	0.5	1/2	83	A4	69	True	spine_0	1	83.0	4.0	145.0	V	False	('B-', 'D', 'F')	B-	B-	0.0	major triad	(2, 5, 10)	E-	E-	5	None
331.5	663/2	0.5	1/2	83	C4	60	True	spine_0	1	83.0	4.0	145.0	V	False	('B-', 'D', 'F')	B-	B-	0.0	major triad	(2, 5, 10)	E-	E-	5	None
332.0	332	3.0	3	84	B-4	70	True	spine_0	1	84.0	4.0	146.0	V	True	('B-', 'D', 'F')	B-	B-	0.0	major triad	(2, 5, 10)	E-	E-	5	None
332.0	332	1.0	1	84	F4	65	True	spine_0	1	84.0	4.0	146.0	V	True	('B-', 'D', 'F')	B-	B-	0.0	major triad	(2, 5, 10)	E-	E-	5	None
332.0	332	1.0	1	84	D4	62	True	spine_0	1	84.0	4.0	146.0	V	True	('B-', 'D', 'F')	B-	B-	0.0	major triad	(2, 5, 10)	E-	E-	5	None
332.0	332	1.0	1	84	D4	62	True	spine_0	1	84.0	4.0	146.0	V	True	('B-', 'D', 'F')	B-	B-	0.0	major triad	(2, 5, 10)	E-	E-	5	None
333.0	333	0.5	1/2	84	G-4	66	True	spine_0	1	84.0	4.0	146.0	V	False	('B-', 'D', 'F')	B-	B-	0.0	major triad	(2, 5, 10)	E-	E-	5	None
333.0	333	0.5	1/2	84	E-4	63	True	spine_0	1	84.0	4.0	146.0	V	False	('B-', 'D', 'F')	B-	B-	0.0	major triad	(2, 5, 10)	E-	E-	5	None
333.5	667/2	0.5	1/2	84	E-4	63	True	spine_0	1	84.0	4.0	146.0	V	False	('B-', 'D', 'F')	B-	B-	0.0	major triad	(2, 5, 10)	E-	E-	5	None
333.5	667/2	0.5	1/2	84	C4	60	True	spine_0	1	84.0	4.0	146.0	V	False	('B-', 'D', 'F')	B-	B-	0.0	major triad	(2, 5, 10)	E-	E-	5	None
334.0	334	1.0	1	84	F4	65	True	spine_0	1	84.0	4.0	146.0	V	False	('B-', 'D', 'F')	B-	B-	0.0	major triad	(2, 5, 10)	E-	E-	5	None
334.0	334	1.0	1	84	D4	62	True	spine_0	1	84.0	4.0	146.0	V	False	('B-', 'D', 'F')	B-	B-	0.0	major triad	(2, 5, 10)	E-	E-	5	None
334.0	334	1.0	1	84	D4	62	True	spine_0	1	84.0	4.0	146.0	V	False	('B-', 'D', 'F')	B-	B-	0.0	major triad	(2, 5, 10)	E-	E-	5	None
335.0	335	0.5	1/2	84	C-5	71	True	spine_0	1	84.0	4.0	146.0	V	False	('B-', 'D', 'F')	B-	B-	0.0	major triad	(2, 5, 10)	E-	E-	5	None
335.0	335	0.5	1/2	84	E-4	63	True	spine_0	1	84.0	4.0	146.0	V	False	('B-', 'D', 'F')	B-	B-	0.0	major triad	(2, 5, 10)	E-	E-	5	None
335.5	671/2	0.5	1/2	84	A4	69	True	spine_0	1	84.0	4.0	146.0	V	False	('B-', 'D', 'F')	B-	B-	0.0	major triad	(2, 5, 10)	E-	E-	5	None
335.5	671/2	0.5	1/2	84	C4	60	True	spine_0	1	84.0	4.0	146.0	V	False	('B-', 'D', 'F')	B-	B-	0.0	major triad	(2, 5, 10)	E-	E-	5	None
336.0	336	0.75	3/4	85	B-4	70	True	spine_0	1	85.0	2.0	147.0	V	True	('B-', 'D', 'F')	B-	B-	0.0	major triad	(2, 5, 10)	E-	E-	5	None
336.0	336	1.0	1	85	D4	62	True	spine_0	1	85.0	2.0	147.0	V	True	('B-', 'D', 'F')	B-	B-	0.0	major triad	(2, 5, 10)	E-	E-	5	None
336.75	1347/4	0.25	1/4	85	A4	69	True	spine_0	1	85.0	2.0	147.0	V	False	('B-', 'D', 'F')	B-	B-	0.0	major triad	(2, 5, 10)	E-	E-	5	None
337.0	337	0.75	3/4	85	B-4	70	True	spine_0	1	85.0	2.0	147.0	V	False	('B-', 'D', 'F')	B-	B-	0.0	major triad	(2, 5, 10)	E-	E-	5	None
337.75	1351/4	0.25	1/4	85	A4	69	True	spine_0	1	85.0	2.0	147.0	V	False	('B-', 'D', 'F')	B-	B-	0.0	major triad	(2, 5, 10)	E-	E-	5	None
338.0	338	2.0	2	85	B-4	70	True	spine_0	1	85.0	2.0	148.0	I	True	('G', 'B-', 'E-')	G	E-	1.0	major triad	(3, 7, 10)	E-	E-	1	None
338.0	338	1.0	1	85	B-4	70	True	spine_0	1	85.0	2.0	148.0	I	True	('G', 'B-', 'E-')	G	E-	1.0	major triad	(3, 7, 10)	E-	E-	1	None
338.0	338	1.0	1	85	G4	67	True	spine_0	1	85.0	2.0	148.0	I	True	('G', 'B-', 'E-')	G	E-	1.0	major triad	(3, 7, 10)	E-	E-	1	None
339.0	339	0.5	1/2	85	C5	72	True	spine_0	1	85.0	2.0	148.0	I	False	('G', 'B-', 'E-')	G	E-	1.0	major triad	(3, 7, 10)	E-	E-	1	None
339.0	339	0.5	1/2	85	A-4	68	True	spine_0	1	85.0	2.0	148.0	I	False	('G', 'B-', 'E-')	G	E-	1.0	major triad	(3, 7, 10)	E-	E-	1	None
339.5	679/2	0.5	1/2	85	A-4	68	True	spine_0	1	85.0	2.0	148.0	I	False	('G', 'B-', 'E-')	G	E-	1.0	major triad	(3, 7, 10)	E-	E-	1	None
339.5	679/2	0.5	1/2	85	F4	65	True	spine_0	1	85.0	2.0	148.0	I	False	('G', 'B-', 'E-')	G	E-	1.0	major triad	(3, 7, 10)	E-	E-	1	None
340.0	340	1.5	3/2	86	D-5	73	True	spine_0	1	86.0	4.0	149.0	V7/ii	True	('B-', 'C', 'E', 'G')	B-	C	3.0	dominant seventh chord	(0, 4, 7, 10)	E-	f	5	2
340.0	340	4.0	4	86	G4	67	True	spine_0	1	86.0	4.0	149.0	V7/ii	True	('B-', 'C', 'E', 'G')	B-	C	3.0	dominant seventh chord	(0, 4, 7, 10)	E-	f	5	2
340.0	340	4.0	4	86	E4	64	True	spine_0	1	86.0	4.0	149.0	V7/ii	True	('B-', 'C', 'E', 'G')	B-	C	3.0	dominant seventh chord	(0, 4, 7, 10)	E-	f	5	2
340.0	340	4.0	4	86	B-3	58	True	spine_0	1	86.0	4.0	149.0	V7/ii	True	('B-', 'C', 'E', 'G')	B-	C	3.0	dominant seventh chord	(0, 4, 7, 10)	E-	f	5	2
341.5	683/2	0.5	1/2	86	C5	72	True	spine_0	1	86.0	4.0	149.0	V7/ii	False	('B-', 'C', 'E', 'G')	B-	C	3.0	dominant seventh chord	(0, 4, 7, 10)	E-	f	5	2
342.0	342	2.0	2	86	C5	72	True	spine_0	1	86.0	4.0	149.0	V7/ii	False	('B-', 'C', 'E', 'G')	B-	C	3.0	dominant seventh chord	(0, 4, 7, 10)	E-	f	5	2
344.0	344	0.25	1/4	87	C5	72	False	spine_0	1	87.0	4.0	150.0	ii	True	('A-', 'C', 'F')	A-	F	1.0	minor triad	(0, 5, 8)	E-	E-	2	None
344.0	344	1.0	1	87	A-4	68	True	spine_0	1	87.0	4.0	150.0	ii	True	('A-', 'C', 'F')	A-	F	1.0	minor triad	(0, 5, 8)	E-	E-	2	None
344.0	344	1.0	1	87	F4	65	True	spine_0	1	87.0	4.0	150.0	ii	True	('A-', 'C', 'F')	A-	F	1.0	minor triad	(0, 5, 8)	E-	E-	2	None
344.0	344	1.0	1	87	A-3	56	True	spine_0	1	87.0	4.0	150.0	ii	True	('A-', 'C', 'F')	A-	F	1.0	minor triad	(0, 5, 8)	E-	E-	2	None
344.25	1377/4	0.25	1/4	87	E5	76	True	spine_0	1	87.0	4.0	150.0	ii	False	('A-', 'C', 'F')	A-	F	1.0	minor triad	(0, 5, 8)	E-	E-	2	None
344.5	689/2	0.25	1/4	87	F5	77	True	spine_0	1	87.0	4.0	150.0	ii	False	('A-', 'C', 'F')	A-	F	1.0	minor triad	(0, 5, 8)	E-	E-	2	None
344.75	1379/4	0.25	1/4	87	G5	79	True	spine_0	1	87.0	4.0	150.0	ii	False	('A-', 'C', 'F')	A-	F	1.0	minor triad	(0, 5, 8)	E-	E-	2	None
345.0	345	0.25	1/4	87	A-5	80	True	spine_0	1	87.0	4.0	150.0	ii	False	('A-', 'C', 'F')	A-	F	1.0	minor triad	(0, 5, 8)	E-	E-	2	None
345.25	1381/4	0.25	1/4	87	G5	79	True	spine_0	1	87.0	4.0	150.0	ii	False	('A-', 'C', 'F')	A-	F	1.0	minor triad	(0, 5, 8)	E-	E-	2	None
345.5	691/2	0.25	1/4	87	B-5	82	True	spine_0	1	87.0	4.0	150.0	ii	False	('A-', 'C', 'F')	A-	F	1.0	minor triad	(0, 5, 8)	E-	E-	2	None
345.75	1383/4	0.25	1/4	87	A-5	80	True	spine_0	1	87.0	4.0	150.0	ii	False	('A-', 'C', 'F')	A-	F	1.0	minor triad	(0, 5, 8)	E-	E-	2	None
346.0	346	0.5	1/2	87	C6	84	True	spine_0	1	87.0	4.0	150.0	ii	False	('A-', 'C', 'F')	A-	F	1.0	minor triad	(0, 5, 8)	E-	E-	2	None
348.0	348	1.5	3/2	88	C-5	71	True	spine_0	1	88.0	4.0	151.0	V7	True	('A-', 'B-', 'D', 'F')	A-	B-	3.0	dominant seventh chord	(2, 5, 8, 10)	E-	E-	5	None
348.0	348	4.0	4	88	F4	65	True	spine_0	1	88.0	4.0	151.0	V7	True	('A-', 'B-', 'D', 'F')	A-	B-	3.0	dominant seventh chord	(2, 5, 8, 10)	E-	E-	5	None
348.0	348	4.0	4	88	D4	62	True	spine_0	1	88.0	4.0	151.0	V7	True	('A-', 'B-', 'D', 'F')	A-	B-	3.0	dominant seventh chord	(2, 5, 8, 10)	E-	E-	5	None
348.0	348	4.0	4	88	A-3	56	True	spine_0	1	88.0	4.0	151.0	V7	True	('A-', 'B-', 'D', 'F')	A-	B-	3.0	dominant seventh chord	(2, 5, 8, 10)	E-	E-	5	None
349.5	699/2	0.5	1/2	88	B-4	70	True	spine_0	1	88.0	4.0	151.0	V7	False	('A-', 'B-', 'D', 'F')	A-	B-	3.0	dominant seventh chord	(2, 5, 8, 10)	E-	E-	5	None
350.0	350	2.0	2	88	B-4	70	True	spine_0	1	88.0	4.0	151.0	V7	False	('A-', 'B-', 'D', 'F')	A-	B-	3.0	dominant seventh chord	(2, 5, 8, 10)	E-	E-	5	None
352.0	352	0.25	1/4	89	B-4	70	False	spine_0	1	89.0	4.0	152.0	I	True	('G', 'B-', 'E-')	G	E-	1.0	major triad	(3, 7, 10)	E-	E-	1	None
352.0	352	1.0	1	89	G4	67	True	spine_0	1	89.0	4.0	152.0	I	True	('G', 'B-', 'E-')	G	E-	1.0	major triad	(3, 7, 10)	E-	E-	1	None
352.0	352	1.0	1	89	E-4	63	True	spine_0	1	89.0	4.0	152.0	I	True	('G', 'B-', 'E-')	G	E-	1.0	major triad	(3, 7, 10)	E-	E-	1	None
352.0	352	1.0	1	89	G3	55	True	spine_0	1	89.0	4.0	152.0	I	True	('G', 'B-', 'E-')	G	E-	1.0	major triad	(3, 7, 10)	E-	E-	1	None
352.25	1409/4	0.25	1/4	89	D5	74	True	spine_0	1	89.0	4.0	152.0	I	False	('G', 'B-', 'E-')	G	E-	1.0	major triad	(3, 7, 10)	E-	E-	1	None
352.5	705/2	0.25	1/4	89	E-5	75	True	spine_0	1	89.0	4.0	152.0	I	False	('G', 'B-', 'E-')	G	E-	1.0	major triad	(3, 7, 10)	E-	E-	1	None
352.75	1411/4	0.25	1/4	89	F5	77	True	spine_0	1	89.0	4.0	152.0	I	False	('G', 'B-', 'E-')	G	E-	1.0	major triad	(3, 7, 10)	E-	E-	1	None
353.0	353	0.25	1/4	89	G5	79	True	spine_0	1	89.0	4.0	152.0	I	False	('G', 'B-', 'E-')	G	E-	1.0	major triad	(3, 7, 10)	E-	E-	1	None
353.25	1413/4	0.25	1/4	89	F5	77	True	spine_0	1	89.0	4.0	152.0	I	False	('G', 'B-', 'E-')	G	E-	1.0	major triad	(3, 7, 10)	E-	E-	1	None
353.5	707/2	0.25	1/4	89	A-5	80	True	spine_0	1	89.0	4.0	152.0	I	False	('G', 'B-', 'E-')	G	E-	1.0	major triad	(3, 7, 10)	E-	E-	1	None
353.75	1415/4	0.25	1/4	89	G5	79	True	spine_0	1	89.0	4.0	152.0	I	False	('G', 'B-', 'E-')	G	E-	1.0	major triad	(3, 7, 10)	E-	E-	1	None
354.0	354	0.5	1/2	89	B-5	82	True	spine_0	1	89.0	4.0	152.0	I	False	('G', 'B-', 'E-')	G	E-	1.0	major triad	(3, 7, 10)	E-	E-	1	None
355.75	1423/4	0.25	1/4	89	A-5	80	True	spine_0	1	89.0	4.0	152.0	I	False	('G', 'B-', 'E-')	G	E-	1.0	major triad	(3, 7, 10)	E-	E-	1	None
356.0	356	0.5	1/2	90	G5	79	True	spine_0	1	90.0	2.0	153.0	I	True	('G', 'B-', 'E-')	G	E-	1.0	major triad	(3, 7, 10)	E-	E-	1	None
356.75	1427/4	0.25	1/4	90	F5	77	True	spine_0	1	90.0	2.0	153.0	I	False	('G', 'B-', 'E-')	G	E-	1.0	major triad	(3, 7, 10)	E-	E-	1	None
357.0	357	0.5	1/2	90	E-5	75	True	spine_0	1	90.0	2.0	153.0	I	False	('G', 'B-', 'E-')	G	E-	1.0	major triad	(3, 7, 10)	E-	E-	1	None
357.75	1431/4	0.25	1/4	90	D5	74	True	spine_0	1	90.0	2.0	153.0	I	False	('G', 'B-', 'E-')	G	E-	1.0	major triad	(3, 7, 10)	E-	E-	1	None
358.0	358	0.5	1/2	90	C5	72	True	spine_0	1	90.0	2.0	154.0	IV	True	('A-', 'C', 'E-')	A-	A-	0.0	major triad	(0, 3, 8)	E-	E-	4	None
358.0	358	1.0	1	90	E-4	63	True	spine_0	1	90.0	2.0	154.0	IV	True	('A-', 'C', 'E-')	A-	A-	0.0	major triad	(0, 3, 8)	E-	E-	4	None
358.0	358	1.0	1	90	A-3	56	True	spine_0	1	90.0	2.0	154.0	IV	True	('A-', 'C', 'E-')	A-	A-	0.0	major triad	(0, 3, 8)	E-	E-	4	None
358.0	358	1.0	1	90	A-3	56	True	spine_0	1	90.0	2.0	154.0	IV	True	('A-', 'C', 'E-')	A-	A-	0.0	major triad	(0, 3, 8)	E-	E-	4	None
359.75	1439/4	0.25	1/4	90	B-4	70	True	spine_0	1	90.0	2.0	154.0	IV	False	('A-', 'C', 'E-')	A-	A-	0.0	major triad	(0, 3, 8)	E-	E-	4	None
360.0	360	0.5	1/2	91	A-4	68	True	spine_0	1	91.0	2.0	155.0	IV	True	('A-', 'C', 'E-')	A-	A-	0.0	major triad	(0, 3, 8)	E-	E-	4	None
360.75	1443/4	0.25	1/4	91	G4	67	True	spine_0	1	91.0	2.0	155.0	IV	False	('A-', 'C', 'E-')	A-	A-	0.0	major triad	(0, 3, 8)	E-	E-	4	None
361.0	361	0.5	1/2	91	F4	65	True	spine_0	1	91.0	2.0	155.0	IV	False	('A-', 'C', 'E-')	A-	A-	0.0	major triad	(0, 3, 8)	E-	E-	4	None
361.75	1447/4	0.25	1/4	91	C5	72	True	spine_0	1	91.0	2.0	155.0	IV	False	('A-', 'C', 'E-')	A-	A-	0.0	major triad	(0, 3, 8)	E-	E-	4	None
362.0	362	1.0	1	91	E4	64	True	spine_0	1	91.0	1.0	156.0	viio7/ii	True	('G', 'B-', 'D-', 'E')	G	E	1.0	diminished seventh chord	(1, 4, 7, 10)	E-	f	#7	2
362.0	362	1.0	1	91	D-4	61	True	spine_0	1	91.0	1.0	156.0	viio7/ii	True	('G', 'B-', 'D-', 'E')	G	E	1.0	diminished seventh chord	(1, 4, 7, 10)	E-	f	#7	2
362.0	362	1.0	1	91	B-3	58	True	spine_0	1	91.0	1.0	156.0	viio7/ii	True	('G', 'B-', 'D-', 'E')	G	E	1.0	diminished seventh chord	(1, 4, 7, 10)	E-	f	#7	2
362.0	362	1.0	1	91	G2	43	True	spine_0	1	91.0	1.0	156.0	viio7/ii	True	('G', 'B-', 'D-', 'E')	G	E	1.0	diminished seventh chord	(1, 4, 7, 10)	E-	f	#7	2
363.0	363	0.5	1/2	91	F4	65	True	spine_0	1	91.0	1.0	157.0	ii	True	('A-', 'C', 'F')	A-	F	1.0	minor triad	(0, 5, 8)	E-	E-	2	None
363.0	363	0.5	1/2	91	C4	60	True	spine_0	1	91.0	1.0	157.0	ii	True	('A-', 'C', 'F')	A-	F	1.0	minor triad	(0, 5, 8)	E-	E-	2	None
363.0	363	0.5	1/2	91	A-3	56	True	spine_0	1	91.0	1.0	157.0	ii	True	('A-', 'C', 'F')	A-	F	1.0	minor triad	(0, 5, 8)	E-	E-	2	None
363.0	363	0.5	1/2	91	A-2	44	True	spine_0	1	91.0	1.0	157.0	ii	True	('A-', 'C', 'F')	A-	F	1.0	minor triad	(0, 5, 8)	E-	E-	2	None
363.5	727/2	0.25	1/4	91	C5	72	True	spine_0	1	91.0	1.0	157.0	ii	False	('A-', 'C', 'F')	A-	F	1.0	minor triad	(0, 5, 8)	E-	E-	2	None
363.5	727/2	0.25	1/4	91	A-4	68	True	spine_0	1	91.0	1.0	157.0	ii	False	('A-', 'C', 'F')	A-	F	1.0	minor triad	(0, 5, 8)	E-	E-	2	None
363.5	727/2	0.5	1/2	91	F3	53	True	spine_0	1	91.0	1.0	157.0	ii	False	('A-', 'C', 'F')	A-	F	1.0	minor triad	(0, 5, 8)	E-	E-	2	None
363.5	727/2	0.5	1/2	91	F2	41	True	spine_0	1	91.0	1.0	157.0	ii	False	('A-', 'C', 'F')	A-	F	1.0	minor triad	(0, 5, 8)	E-	E-	2	None
363.75	1455/4	0.25	1/4	91	A-4	68	True	spine_0	1	91.0	1.0	157.0	ii	False	('A-', 'C', 'F')	A-	F	1.0	minor triad	(0, 5, 8)	E-	E-	2	None
363.75	1455/4	0.25	1/4	91	F4	65	True	spine_0	1	91.0	1.0	157.0	ii	False	('A-', 'C', 'F')	A-	F	1.0	minor triad	(0, 5, 8)	E-	E-	2	None
364.0	364	1.0	1	92	G4	67	True	spine_0	1	92.0	2.0	158.0	I	True	('B-', 'E-', 'G')	B-	E-	2.0	major triad	(3, 7, 10)	E-	E-	1	None
364.0	364	1.0	1	92	E-4	63	True	spine_0	1	92.0	2.0	158.0	I	True	('B-', 'E-', 'G')	B-	E-	2.0	major triad	(3, 7, 10)	E-	E-	1	None
364.0	364	1.5	3/2	92	B-3	58	True	spine_0	1	92.0	2.0	158.0	I	True	('B-', 'E-', 'G')	B-	E-	2.0	major triad	(3, 7, 10)	E-	E-	1	None
364.0	364	1.5	3/2	92	B-2	46	True	spine_0	1	92.0	2.0	158.0	I	True	('B-', 'E-', 'G')	B-	E-	2.0	major triad	(3, 7, 10)	E-	E-	1	None
365.0	365	0.5	1/2	92	F4	65	True	spine_0	1	92.0	2.0	158.0	I	False	('B-', 'E-', 'G')	B-	E-	2.0	major triad	(3, 7, 10)	E-	E-	1	None
365.0	365	0.5	1/2	92	D4	62	True	spine_0	1	92.0	2.0	158.0	I	False	('B-', 'E-', 'G')	B-	E-	2.0	major triad	(3, 7, 10)	E-	E-	1	None
365.5	731/2	0.125	1/8	92	E-4	63	True	spine_0	1	92.0	2.0	158.0	I	False	('B-', 'E-', 'G')	B-	E-	2.0	major triad	(3, 7, 10)	E-	E-	1	None
365.5	731/2	0.5	1/2	92	E-4	63	True	spine_0	1	92.0	2.0	158.0	I	False	('B-', 'E-', 'G')	B-	E-	2.0	major triad	(3, 7, 10)	E-	E-	1	None
365.5	731/2	0.5	1/2	92	E-4	63	True	spine_0	1	92.0	2.0	158.0	I	False	('B-', 'E-', 'G')	B-	E-	2.0	major triad	(3, 7, 10)	E-	E-	1	None
365.5	731/2	0.5	1/2	92	G2	43	True	spine_0	1	92.0	2.0	158.0	I	False	('B-', 'E-', 'G')	B-	E-	2.0	major triad	(3, 7, 10)	E-	E-	1	None
365.625	2925/8	0.375	3/8	92	E-5	75	True	spine_0	1	92.0	2.0	158.0	I	False	('B-', 'E-', 'G')	B-	E-	2.0	major triad	(3, 7, 10)	E-	E-	1	None
366.0	366	0.125	1/8	92	D5	74	True	spine_0	1	92.0	2.0	159.0	ii7	True	('A-', 'C', 'E-', 'F')	A-	F	1.0	minor seventh chord	(0, 3, 5, 8)	E-	E-	2	None
366.0	366	2.0	2	92	C4	60	True	spine_0	1	92.0	2.0	159.0	ii7	True	('A-', 'C', 'E-', 'F')	A-	F	1.0	minor seventh chord	(0, 3, 5, 8)	E-	E-	2	None
366.0	366	1.5	3/2	92	E-4	63	True	spine_0	1	92.0	2.0	159.0	ii7	True	('A-', 'C', 'E-', 'F')	A-	F	1.0	minor seventh chord	(0, 3, 5, 8)	E-	E-	2	None
366.0	366	1.5	3/2	92	A-2	44	True	spine_0	1	92.0	2.0	159.0	ii7	True	('A-', 'C', 'E-', 'F')	A-	F	1.0	minor seventh chord	(0, 3, 5, 8)	E-	E-	2	None
366.125	2929/8	0.375	3/8	92	C5	72	True	spine_0	1	92.0	2.0	159.0	ii7	False	('A-', 'C', 'E-', 'F')	A-	F	1.0	minor seventh chord	(0, 3, 5, 8)	E-	E-	2	None
366.5	733/2	0.125	1/8	92	B-4	70	True	spine_0	1	92.0	2.0	159.0	ii7	False	('A-', 'C', 'E-', 'F')	A-	F	1.0	minor seventh chord	(0, 3, 5, 8)	E-	E-	2	None
366.625	2933/8	0.375	3/8	92	A-4	68	True	spine_0	1	92.0	2.0	159.0	ii7	False	('A-', 'C', 'E-', 'F')	A-	F	1.0	minor seventh chord	(0, 3, 5, 8)	E-	E-	2	None
367.0	367	0.125	1/8	92	G4	67	True	spine_0	1	92.0	2.0	159.0	ii7	False	('A-', 'C', 'E-', 'F')	A-	F	1.0	minor seventh chord	(0, 3, 5, 8)	E-	E-	2	None
367.125	2937/8	0.375	3/8	92	F4	65	True	spine_0	1	92.0	2.0	159.0	ii7	False	('A-', 'C', 'E-', 'F')	A-	F	1.0	minor seventh chord	(0, 3, 5, 8)	E-	E-	2	None
367.5	735/2	0.125	1/8	92	C5	72	True	spine_0	1	92.0	2.0	159.0	ii7	False	('A-', 'C', 'E-', 'F')	A-	F	1.0	minor seventh chord	(0, 3, 5, 8)	E-	E-	2	None
367.5	735/2	0.25	1/4	92	E-4	63	True	spine_0	1	92.0	2.0	159.0	ii7	False	('A-', 'C', 'E-', 'F')	A-	F	1.0	minor seventh chord	(0, 3, 5, 8)	E-	E-	2	None
367.5	735/2	0.5	1/2	92	A2	45	True	spine_0	1	92.0	2.0	159.0	ii7	False	('A-', 'C', 'E-', 'F')	A-	F	1.0	minor seventh chord	(0, 3, 5, 8)	E-	E-	2	None
367.625	2941/8	0.375	3/8	92	E-4	63	True	spine_0	1	92.0	2.0	159.0	ii7	False	('A-', 'C', 'E-', 'F')	A-	F	1.0	minor seventh chord	(0, 3, 5, 8)	E-	E-	2	None
367.75	1471/4	0.25	1/4	92	G3	55	True	spine_0	1	92.0	2.0	159.0	ii7	False	('A-', 'C', 'E-', 'F')	A-	F	1.0	minor seventh chord	(0, 3, 5, 8)	E-	E-	2	None
368.0	368	1.0	1	93	E-4	63	True	spine_0	1	93.0	2.0	160.0	I	True	('B-', 'E-', 'G')	B-	E-	2.0	major triad	(3, 7, 10)	E-	E-	1	None
368.0	368	1.5	3/2	93	B-3	58	True	spine_0	1	93.0	2.0	160.0	I	True	('B-', 'E-', 'G')	B-	E-	2.0	major triad	(3, 7, 10)	E-	E-	1	None
368.0	368	1.0	1	93	G3	55	True	spine_0	1	93.0	2.0	160.0	I	True	('B-', 'E-', 'G')	B-	E-	2.0	major triad	(3, 7, 10)	E-	E-	1	None
368.0	368	0.5	1/2	93	B-2	46	True	spine_0	1	93.0	2.0	160.0	I	True	('B-', 'E-', 'G')	B-	E-	2.0	major triad	(3, 7, 10)	E-	E-	1	None
368.5	737/2	0.5	1/2	93	B-2	46	True	spine_0	1	93.0	2.0	160.0	I	False	('B-', 'E-', 'G')	B-	E-	2.0	major triad	(3, 7, 10)	E-	E-	1	None
369.0	369	0.5	1/2	93	D4	62	True	spine_0	1	93.0	2.0	160.0	I	False	('B-', 'E-', 'G')	B-	E-	2.0	major triad	(3, 7, 10)	E-	E-	1	None
369.0	369	0.5	1/2	93	F3	53	True	spine_0	1	93.0	2.0	160.0	I	False	('B-', 'E-', 'G')	B-	E-	2.0	major triad	(3, 7, 10)	E-	E-	1	None
369.0	369	0.5	1/2	93	B-2	46	True	spine_0	1	93.0	2.0	160.0	I	False	('B-', 'E-', 'G')	B-	E-	2.0	major triad	(3, 7, 10)	E-	E-	1	None
369.5	739/2	0.5	1/2	93	A-4	68	True	spine_0	1	93.0	2.0	160.0	I	False	('B-', 'E-', 'G')	B-	E-	2.0	major triad	(3, 7, 10)	E-	E-	1	None
369.5	739/2	0.5	1/2	93	D4	62	True	spine_0	1	93.0	2.0	160.0	I	False	('B-', 'E-', 'G')	B-	E-	2.0	major triad	(3, 7, 10)	E-	E-	1	None
369.5	739/2	0.5	1/2	93	F4	65	True	spine_0	1	93.0	2.0	160.0	I	False	('B-', 'E-', 'G')	B-	E-	2.0	major triad	(3, 7, 10)	E-	E-	1	None
369.5	739/2	0.5	1/2	93	B-2	46	True	spine_0	1	93.0	2.0	160.0	I	False	('B-', 'E-', 'G')	B-	E-	2.0	major triad	(3, 7, 10)	E-	E-	1	None
370.0	370	1.0	1	93	A-4	68	True	spine_0	1	93.0	2.0	161.0	V7	True	('B-', 'D', 'F', 'A-')	B-	B-	0.0	dominant seventh chord	(2, 5, 8, 10)	E-	E-	5	None
370.0	370	1.0	1	93	D4	62	True	spine_0	1	93.0	2.0	161.0	V7	True	('B-', 'D', 'F', 'A-')	B-	B-	0.0	dominant seventh chord	(2, 5, 8, 10)	E-	E-	5	None
370.0	370	1.0	1	93	F4	65	True	spine_0	1	93.0	2.0	161.0	V7	True	('B-', 'D', 'F', 'A-')	B-	B-	0.0	dominant seventh chord	(2, 5, 8, 10)	E-	E-	5	None
370.0	370	0.5	1/2	93	B-2	46	True	spine_0	1	93.0	2.0	161.0	V7	True	('B-', 'D', 'F', 'A-')	B-	B-	0.0	dominant seventh chord	(2, 5, 8, 10)	E-	E-	5	None
370.5	741/2	0.5	1/2	93	B-2	46	True	spine_0	1	93.0	2.0	161.0	V7	False	('B-', 'D', 'F', 'A-')	B-	B-	0.0	dominant seventh chord	(2, 5, 8, 10)	E-	E-	5	None
371.0	371	0.5	1/2	93	G4	67	True	spine_0	1	93.0	2.0	161.0	V7	False	('B-', 'D', 'F', 'A-')	B-	B-	0.0	dominant seventh chord	(2, 5, 8, 10)	E-	E-	5	None
371.0	371	0.5	1/2	93	E-4	63	True	spine_0	1	93.0	2.0	161.0	V7	False	('B-', 'D', 'F', 'A-')	B-	B-	0.0	dominant seventh chord	(2, 5, 8, 10)	E-	E-	5	None
371.0	371	0.5	1/2	93	E-4	63	True	spine_0	1	93.0	2.0	161.0	V7	False	('B-', 'D', 'F', 'A-')	B-	B-	0.0	dominant seventh chord	(2, 5, 8, 10)	E-	E-	5	None
371.0	371	0.5	1/2	93	B-2	46	True	spine_0	1	93.0	2.0	161.0	V7	False	('B-', 'D', 'F', 'A-')	B-	B-	0.0	dominant seventh chord	(2, 5, 8, 10)	E-	E-	5	None
371.5	743/2	0.5	1/2	93	E-5	75	True	spine_0	1	93.0	2.0	161.0	V7	False	('B-', 'D', 'F', 'A-')	B-	B-	0.0	dominant seventh chord	(2, 5, 8, 10)	E-	E-	5	None
371.5	743/2	0.5	1/2	93	G4	67	True	spine_0	1	93.0	2.0	161.0	V7	False	('B-', 'D', 'F', 'A-')	B-	B-	0.0	dominant seventh chord	(2, 5, 8, 10)	E-	E-	5	None
371.5	743/2	0.5	1/2	93	B-3	58	True	spine_0	1	93.0	2.0	161.0	V7	False	('B-', 'D', 'F', 'A-')	B-	B-	0.0	dominant seventh chord	(2, 5, 8, 10)	E-	E-	5	None
371.5	743/2	0.5	1/2	93	B-2	46	True	spine_0	1	93.0	2.0	161.0	V7	False	('B-', 'D', 'F', 'A-')	B-	B-	0.0	dominant seventh chord	(2, 5, 8, 10)	E-	E-	5	None
372.0	372	1.0	1	94	E-5	75	True	spine_0	1	94.0	2.0	162.0	I	True	('B-', 'E-', 'G')	B-	E-	2.0	major triad	(3, 7, 10)	E-	E-	1	None
372.0	372	1.0	1	94	G4	67	True	spine_0	1	94.0	2.0	162.0	I	True	('B-', 'E-', 'G')	B-	E-	2.0	major triad	(3, 7, 10)	E-	E-	1	None
372.0	372	1.5	3/2	94	B-3	58	True	spine_0	1	94.0	2.0	162.0	I	True	('B-', 'E-', 'G')	B-	E-	2.0	major triad	(3, 7, 10)	E-	E-	1	None
372.0	372	0.5	1/2	94	B-2	46	True	spine_0	1	94.0	2.0	162.0	I	True	('B-', 'E-', 'G')	B-	E-	2.0	major triad	(3, 7, 10)	E-	E-	1	None
372.5	745/2	0.5	1/2	94	B-2	46	True	spine_0	1	94.0	2.0	162.0	I	False	('B-', 'E-', 'G')	B-	E-	2.0	major triad	(3, 7, 10)	E-	E-	1	None
373.0	373	0.5	1/2	94	D5	74	True	spine_0	1	94.0	2.0	162.0	I	False	('B-', 'E-', 'G')	B-	E-	2.0	major triad	(3, 7, 10)	E-	E-	1	None
373.0	373	0.5	1/2	94	F4	65	True	spine_0	1	94.0	2.0	162.0	I	False	('B-', 'E-', 'G')	B-	E-	2.0	major triad	(3, 7, 10)	E-	E-	1	None
373.0	373	0.5	1/2	94	B-2	46	True	spine_0	1	94.0	2.0	162.0	I	False	('B-', 'E-', 'G')	B-	E-	2.0	major triad	(3, 7, 10)	E-	E-	1	None
373.5	747/2	0.5	1/2	94	A-5	80	True	spine_0	1	94.0	2.0	162.0	I	False	('B-', 'E-', 'G')	B-	E-	2.0	major triad	(3, 7, 10)	E-	E-	1	None
373.5	747/2	0.5	1/2	94	F5	77	True	spine_0	1	94.0	2.0	162.0	I	False	('B-', 'E-', 'G')	B-	E-	2.0	major triad	(3, 7, 10)	E-	E-	1	None
373.5	747/2	0.5	1/2	94	D4	62	True	spine_0	1	94.0	2.0	162.0	I	False	('B-', 'E-', 'G')	B-	E-	2.0	major triad	(3, 7, 10)	E-	E-	1	None
373.5	747/2	0.5	1/2	94	B-2	46	True	spine_0	1	94.0	2.0	162.0	I	False	('B-', 'E-', 'G')	B-	E-	2.0	major triad	(3, 7, 10)	E-	E-	1	None
374.0	374	1.5	3/2	94	A-5	80	True	spine_0	1	94.0	2.0	163.0	V7	True	('B-', 'D', 'F', 'A-')	B-	B-	0.0	dominant seventh chord	(2, 5, 8, 10)	E-	E-	5	None
374.0	374	1.5	3/2	94	F5	77	True	spine_0	1	94.0	2.0	163.0	V7	True	('B-', 'D', 'F', 'A-')	B-	B-	0.0	dominant seventh chord	(2, 5, 8, 10)	E-	E-	5	None
374.0	374	2.0	2	94	D4	62	True	spine_0	1	94.0	2.0	163.0	V7	True	('B-', 'D', 'F', 'A-')	B-	B-	0.0	dominant seventh chord	(2, 5, 8, 10)	E-	E-	5	None
374.0	374	0.5	1/2	94	B-2	46	True	spine_0	1	94.0	2.0	163.0	V7	True	('B-', 'D', 'F', 'A-')	B-	B-	0.0	dominant seventh chord	(2, 5, 8, 10)	E-	E-	5	None
374.5	749/2	0.5	1/2	94	B-2	46	True	spine_0	1	94.0	2.0	163.0	V7	False	('B-', 'D', 'F', 'A-')	B-	B-	0.0	dominant seventh chord	(2, 5, 8, 10)	E-	E-	5	None
375.0	375	0.5	1/2	94	B-2	46	True	spine_0	1	94.0	2.0	163.0	V7	False	('B-', 'D', 'F', 'A-')	B-	B-	0.0	dominant seventh chord	(2, 5, 8, 10)	E-	E-	5	None
375.5	751/2	0.5	1/2	94	A-4	68	True	spine_0	1	94.0	2.0	163.0	V7	False	('B-', 'D', 'F', 'A-')	B-	B-	0.0	dominant seventh chord	(2, 5, 8, 10)	E-	E-	5	None
375.5	751/2	0.5	1/2	94	F4	65	True	spine_0	1	94.0	2.0	163.0	V7	False	('B-', 'D', 'F', 'A-')	B-	B-	0.0	dominant seventh chord	(2, 5, 8, 10)	E-	E-	5	None
375.5	751/2	0.5	1/2	94	B-2	46	True	spine_0	1	94.0	2.0	163.0	V7	False	('B-', 'D', 'F', 'A-')	B-	B-	0.0	dominant seventh chord	(2, 5, 8, 10)	E-	E-	5	None
376.0	376	0.5	1/2	95	G4	67	True	spine_0	1	95.0	1.0	164.0	I	True	('E-', 'G', 'B-')	E-	E-	0.0	major triad	(3, 7, 10)	E-	E-	1	None
376.0	376	2.0	2	95	E-4	63	True	spine_0	1	95.0	1.0	164.0	I	True	('E-', 'G', 'B-')	E-	E-	0.0	major triad	(3, 7, 10)	E-	E-	1	None
376.0	376	0.5	1/2	95	E-4	63	True	spine_0	1	95.0	1.0	164.0	I	True	('E-', 'G', 'B-')	E-	E-	0.0	major triad	(3, 7, 10)	E-	E-	1	None
376.0	376	1.0	1	95	E-3	51	True	spine_0	1	95.0	1.0	164.0	I	True	('E-', 'G', 'B-')	E-	E-	0.0	major triad	(3, 7, 10)	E-	E-	1	None
376.5	753/2	0.5	1/2	95	E-5	75	True	spine_0	1	95.0	1.0	164.0	I	False	('E-', 'G', 'B-')	E-	E-	0.0	major triad	(3, 7, 10)	E-	E-	1	None
376.5	753/2	1.0	1	95	B-3	58	True	spine_0	1	95.0	1.0	164.0	I	False	('E-', 'G', 'B-')	E-	E-	0.0	major triad	(3, 7, 10)	E-	E-	1	None
377.0	377	0.5	1/2	95	D-5	73	True	spine_0	1	95.0	1.0	165.0	V7/IV	True	('G', 'B-', 'D-', 'E-')	G	E-	1.0	dominant seventh chord	(1, 3, 7, 10)	E-	A-	5	4
377.0	377	1.0	1	95	G2	43	True	spine_0	1	95.0	1.0	165.0	V7/IV	True	('G', 'B-', 'D-', 'E-')	G	E-	1.0	dominant seventh chord	(1, 3, 7, 10)	E-	A-	5	4
377.5	755/2	0.5	1/2	95	B4	71	True	spine_0	1	95.0	1.0	165.0	V7/IV	False	('G', 'B-', 'D-', 'E-')	G	E-	1.0	dominant seventh chord	(1, 3, 7, 10)	E-	A-	5	4
377.5	755/2	0.5	1/2	95	G3	55	True	spine_0	1	95.0	1.0	165.0	V7/IV	False	('G', 'B-', 'D-', 'E-')	G	E-	1.0	dominant seventh chord	(1, 3, 7, 10)	E-	A-	5	4
378.0	378	1.5	3/2	95	C5	72	True	spine_0	1	95.0	1.0	166.0	IV	True	('A-', 'C', 'E-')	A-	A-	0.0	major triad	(0, 3, 8)	E-	E-	4	None
378.0	378	0.5	1/2	95	E-4	63	False	spine_0	1	95.0	1.0	166.0	IV	True	('A-', 'C', 'E-')	A-	A-	0.0	major triad	(0, 3, 8)	E-	E-	4	None
378.0	378	1.0	1	95	A-3	56	True	spine_0	1	95.0	1.0	166.0	IV	True	('A-', 'C', 'E-')	A-	A-	0.0	major triad	(0, 3, 8)	E-	E-	4	None
378.0	378	1.0	1	95	A-2	44	True	spine_0	1	95.0	1.0	166.0	IV	True	('A-', 'C', 'E-')	A-	A-	0.0	major triad	(0, 3, 8)	E-	E-	4	None
378.5	757/2	0.5	1/2	95	E4	64	True	spine_0	1	95.0	1.0	166.0	IV	False	('A-', 'C', 'E-')	A-	A-	0.0	major triad	(0, 3, 8)	E-	E-	4	None
379.0	379	0.5	1/2	95	F4	65	True	spine_0	1	95.0	1.0	167.0	ii	True	('F', 'A-', 'C')	F	F	0.0	minor triad	(0, 5, 8)	E-	E-	2	None
379.5	759/2	0.25	1/4	95	B-4	70	True	spine_0	1	95.0	1.0	167.0	ii	False	('F', 'A-', 'C')	F	F	0.0	minor triad	(0, 5, 8)	E-	E-	2	None
379.75	1519/4	0.25	1/4	95	A-4	68	True	spine_0	1	95.0	1.0	167.0	ii	False	('F', 'A-', 'C')	F	F	0.0	minor triad	(0, 5, 8)	E-	E-	2	None
380.0	380	0.25	1/4	96	G4	67	True	spine_0	1	96.0	3.5	168.0	ii	True	('F', 'A-', 'C')	F	F	0.0	minor triad	(0, 5, 8)	E-	E-	2	None
380.25	1521/4	0.25	1/4	96	F4	65	True	spine_0	1	96.0	3.5	168.0	ii	False	('F', 'A-', 'C')	F	F	0.0	minor triad	(0, 5, 8)	E-	E-	2	None
380.5	761/2	0.25	1/4	96	E4	64	True	spine_0	1	96.0	3.5	168.0	ii	False	('F', 'A-', 'C')	F	F	0.0	minor triad	(0, 5, 8)	E-	E-	2	None
380.75	1523/4	0.25	1/4	96	F4	65	True	spine_0	1	96.0	3.5	168.0	ii	False	('F', 'A-', 'C')	F	F	0.0	minor triad	(0, 5, 8)	E-	E-	2	None
381.0	381	0.25	1/4	96	E4	64	True	spine_0	1	96.0	3.5	168.0	ii	False	('F', 'A-', 'C')	F	F	0.0	minor triad	(0, 5, 8)	E-	E-	2	None
381.25	1525/4	0.25	1/4	96	F4	65	True	spine_0	1	96.0	3.5	168.0	ii	False	('F', 'A-', 'C')	F	F	0.0	minor triad	(0, 5, 8)	E-	E-	2	None
381.5	763/2	0.25	1/4	96	A-4	68	True	spine_0	1	96.0	3.5	168.0	ii	False	('F', 'A-', 'C')	F	F	0.0	minor triad	(0, 5, 8)	E-	E-	2	None
381.75	1527/4	0.25	1/4	96	F4	65	True	spine_0	1	96.0	3.5	168.0	ii	False	('F', 'A-', 'C')	F	F	0.0	minor triad	(0, 5, 8)	E-	E-	2	None
382.0	382	1.5	3/2	96	E-4	63	True	spine_0	1	96.0	3.5	168.0	ii	False	('F', 'A-', 'C')	F	F	0.0	minor triad	(0, 5, 8)	E-	E-	2	None
382.5	765/2	0.5	1/2	96	C4	60	True	spine_0	1	96.0	3.5	168.0	ii	False	('F', 'A-', 'C')	F	F	0.0	minor triad	(0, 5, 8)	E-	E-	2	None
382.5	765/2	0.5	1/2	96	G-3	54	True	spine_0	1	96.0	3.5	168.0	ii	False	('F', 'A-', 'C')	F	F	0.0	minor triad	(0, 5, 8)	E-	E-	2	None
382.5	765/2	0.5	1/2	96	A2	45	True	spine_0	1	96.0	3.5	168.0	ii	False	('F', 'A-', 'C')	F	F	0.0	minor triad	(0, 5, 8)	E-	E-	2	None
383.0	383	0.5	1/2	96	B-3	58	True	spine_0	1	96.0	3.5	168.0	ii	False	('F', 'A-', 'C')	F	F	0.0	minor triad	(0, 5, 8)	E-	E-	2	None
383.0	383	0.5	1/2	96	G3	55	True	spine_0	1	96.0	3.5	168.0	ii	False	('F', 'A-', 'C')	F	F	0.0	minor triad	(0, 5, 8)	E-	E-	2	None
383.0	383	0.5	1/2	96	B-2	46	True	spine_0	1	96.0	3.5	168.0	ii	False	('F', 'A-', 'C')	F	F	0.0	minor triad	(0, 5, 8)	E-	E-	2	None
383.5	767/2	0.5	1/2	96	F4	65	True	spine_0	1	96.0	0.5	169.0	V7	True	('B-', 'D', 'F', 'A-')	B-	B-	0.0	dominant seventh chord	(2, 5, 8, 10)	E-	E-	5	None
383.5	767/2	0.5	1/2	96	D4	62	True	spine_0	1	96.0	0.5	169.0	V7	True	('B-', 'D', 'F', 'A-')	B-	B-	0.0	dominant seventh chord	(2, 5, 8, 10)	E-	E-	5	None
383.5	767/2	0.5	1/2	96	A-3	56	True	spine_0	1	96.0	0.5	169.0	V7	True	('B-', 'D', 'F', 'A-')	B-	B-	0.0	dominant seventh chord	(2, 5, 8, 10)	E-	E-	5	None
383.5	767/2	0.5	1/2	96	B-2	46	True	spine_0	1	96.0	0.5	169.0	V7	True	('B-', 'D', 'F', 'A-')	B-	B-	0.0	dominant seventh chord	(2, 5, 8, 10)	E-	E-	5	None
384.0	384	0.25	1/4	97	E-4	63	True	spine_0	1	97.0	4.0	170.0	I	True	('E-', 'G', 'B-')	E-	E-	0.0	major triad	(3, 7, 10)	E-	E-	1	None
384.0	384	1.0	1	97	G3	55	True	spine_0	1	97.0	4.0	170.0	I	True	('E-', 'G', 'B-')	E-	E-	0.0	major triad	(3, 7, 10)	E-	E-	1	None
384.0	384	1.0	1	97	E-3	51	True	spine_0	1	97.0	4.0	170.0	I	True	('E-', 'G', 'B-')	E-	E-	0.0	major triad	(3, 7, 10)	E-	E-	1	None
384.25	1537/4	0.25	1/4	97	G4	67	True	spine_0	1	97.0	4.0	170.0	I	False	('E-', 'G', 'B-')	E-	E-	0.0	major triad	(3, 7, 10)	E-	E-	1	None
384.25	1537/4	0.25	1/4	97	E-4	63	True	spine_0	1	97.0	4.0	170.0	I	False	('E-', 'G', 'B-')	E-	E-	0.0	major triad	(3, 7, 10)	E-	E-	1	None
384.5	769/2	0.25	1/4	97	C5	72	True	spine_0	1	97.0	4.0	170.0	I	False	('E-', 'G', 'B-')	E-	E-	0.0	major triad	(3, 7, 10)	E-	E-	1	None
384.5	769/2	0.25	1/4	97	A-4	68	True	spine_0	1	97.0	4.0	170.0	I	False	('E-', 'G', 'B-')	E-	E-	0.0	major triad	(3, 7, 10)	E-	E-	1	None
384.75	1539/4	0.25	1/4	97	B-4	70	True	spine_0	1	97.0	4.0	170.0	I	False	('E-', 'G', 'B-')	E-	E-	0.0	major triad	(3, 7, 10)	E-	E-	1	None
384.75	1539/4	0.25	1/4	97	G4	67	True	spine_0	1	97.0	4.0	170.0	I	False	('E-', 'G', 'B-')	E-	E-	0.0	major triad	(3, 7, 10)	E-	E-	1	None
385.0	385	0.5	1/2	97	B-4	70	True	spine_0	1	97.0	4.0	170.0	I	False	('E-', 'G', 'B-')	E-	E-	0.0	major triad	(3, 7, 10)	E-	E-	1	None
385.0	385	0.5	1/2	97	G4	67	True	spine_0	1	97.0	4.0	170.0	I	False	('E-', 'G', 'B-')	E-	E-	0.0	major triad	(3, 7, 10)	E-	E-	1	None
385.25	1541/4	0.25	1/4	97	G3	55	True	spine_0	1	97.0	4.0	170.0	I	False	('E-', 'G', 'B-')	E-	E-	0.0	major triad	(3, 7, 10)	E-	E-	1	None
385.25	1541/4	0.25	1/4	97	E-3	51	True	spine_0	1	97.0	4.0	170.0	I	False	('E-', 'G', 'B-')	E-	E-	0.0	major triad	(3, 7, 10)	E-	E-	1	None
385.5	771/2	0.25	1/4	97	C4	60	True	spine_0	1	97.0	4.0	170.0	I	False	('E-', 'G', 'B-')	E-	E-	0.0	major triad	(3, 7, 10)	E-	E-	1	None
385.5	771/2	0.25	1/4	97	A-3	56	True	spine_0	1	97.0	4.0	170.0	I	False	('E-', 'G', 'B-')	E-	E-	0.0	major triad	(3, 7, 10)	E-	E-	1	None
385.75	1543/4	0.25	1/4	97	B-3	58	True	spine_0	1	97.0	4.0	170.0	I	False	('E-', 'G', 'B-')	E-	E-	0.0	major triad	(3, 7, 10)	E-	E-	1	None
385.75	1543/4	0.25	1/4	97	G3	55	True	spine_0	1	97.0	4.0	170.0	I	False	('E-', 'G', 'B-')	E-	E-	0.0	major triad	(3, 7, 10)	E-	E-	1	None
386.0	386	0.5	1/2	97	B-3	58	True	spine_0	1	97.0	4.0	170.0	I	False	('E-', 'G', 'B-')	E-	E-	0.0	major triad	(3, 7, 10)	E-	E-	1	None
386.0	386	0.5	1/2	97	G3	55	True	spine_0	1	97.0	4.0	170.0	I	False	('E-', 'G', 'B-')	E-	E-	0.0	major triad	(3, 7, 10)	E-	E-	1	None
386.25	1545/4	0.25	1/4	97	G4	67	True	spine_0	1	97.0	4.0	170.0	I	False	('E-', 'G', 'B-')	E-	E-	0.0	major triad	(3, 7, 10)	E-	E-	1	None
386.25	1545/4	0.25	1/4	97	E-4	63	True	spine_0	1	97.0	4.0	170.0	I	False	('E-', 'G', 'B-')	E-	E-	0.0	major triad	(3, 7, 10)	E-	E-	1	None
386.5	773/2	0.25	1/4	97	C5	72	True	spine_0	1	97.0	4.0	170.0	I	False	('E-', 'G', 'B-')	E-	E-	0.0	major triad	(3, 7, 10)	E-	E-	1	None
386.5	773/2	0.25	1/4	97	A-4	68	True	spine_0	1	97.0	4.0	170.0	I	False	('E-', 'G', 'B-')	E-	E-	0.0	major triad	(3, 7, 10)	E-	E-	1	None
386.75	1547/4	0.25	1/4	97	B-4	70	True	spine_0	1	97.0	4.0	170.0	I	False	('E-', 'G', 'B-')	E-	E-	0.0	major triad	(3, 7, 10)	E-	E-	1	None
386.75	1547/4	0.25	1/4	97	G4	67	True	spine_0	1	97.0	4.0	170.0	I	False	('E-', 'G', 'B-')	E-	E-	0.0	major triad	(3, 7, 10)	E-	E-	1	None
387.0	387	0.5	1/2	97	B-4	70	True	spine_0	1	97.0	4.0	170.0	I	False	('E-', 'G', 'B-')	E-	E-	0.0	major triad	(3, 7, 10)	E-	E-	1	None
387.0	387	0.5	1/2	97	G4	67	True	spine_0	1	97.0	4.0	170.0	I	False	('E-', 'G', 'B-')	E-	E-	0.0	major triad	(3, 7, 10)	E-	E-	1	None
387.25	1549/4	0.25	1/4	97	G3	55	True	spine_0	1	97.0	4.0	170.0	I	False	('E-', 'G', 'B-')	E-	E-	0.0	major triad	(3, 7, 10)	E-	E-	1	None
387.25	1549/4	0.25	1/4	97	E-3	51	True	spine_0	1	97.0	4.0	170.0	I	False	('E-', 'G', 'B-')	E-	E-	0.0	major triad	(3, 7, 10)	E-	E-	1	None
387.5	775/2	0.25	1/4	97	C4	60	True	spine_0	1	97.0	4.0	170.0	I	False	('E-', 'G', 'B-')	E-	E-	0.0	major triad	(3, 7, 10)	E-	E-	1	None
387.5	775/2	0.25	1/4	97	A-3	56	True	spine_0	1	97.0	4.0	170.0	I	False	('E-', 'G', 'B-')	E-	E-	0.0	major triad	(3, 7, 10)	E-	E-	1	None
387.75	1551/4	0.25	1/4	97	B-3	58	True	spine_0	1	97.0	4.0	170.0	I	False	('E-', 'G', 'B-')	E-	E-	0.0	major triad	(3, 7, 10)	E-	E-	1	None
387.75	1551/4	0.25	1/4	97	G3	55	True	spine_0	1	97.0	4.0	170.0	I	False	('E-', 'G', 'B-')	E-	E-	0.0	major triad	(3, 7, 10)	E-	E-	1	None
388.0	388	0.5	1/2	98	B-3	58	True	spine_0	1	98.0	1.0	171.0	I	True	('E-', 'G', 'B-')	E-	E-	0.0	major triad	(3, 7, 10)	E-	E-	1	None
388.0	388	0.5	1/2	98	G3	55	True	spine_0	1	98.0	1.0	171.0	I	True	('E-', 'G', 'B-')	E-	E-	0.0	major triad	(3, 7, 10)	E-	E-	1	None
388.25	1553/4	0.25	1/4	98	G4	67	True	spine_0	1	98.0	1.0	171.0	I	False	('E-', 'G', 'B-')	E-	E-	0.0	major triad	(3, 7, 10)	E-	E-	1	None
388.25	1553/4	0.25	1/4	98	E-4	63	True	spine_0	1	98.0	1.0	171.0	I	False	('E-', 'G', 'B-')	E-	E-	0.0	major triad	(3, 7, 10)	E-	E-	1	None
388.5	777/2	0.25	1/4	98	F5	77	True	spine_0	1	98.0	1.0	171.0	I	False	('E-', 'G', 'B-')	E-	E-	0.0	major triad	(3, 7, 10)	E-	E-	1	None
388.5	777/2	0.25	1/4	98	D-5	73	True	spine_0	1	98.0	1.0	171.0	I	False	('E-', 'G', 'B-')	E-	E-	0.0	major triad	(3, 7, 10)	E-	E-	1	None
388.75	1555/4	0.25	1/4	98	E-5	75	True	spine_0	1	98.0	1.0	171.0	I	False	('E-', 'G', 'B-')	E-	E-	0.0	major triad	(3, 7, 10)	E-	E-	1	None
388.75	1555/4	0.25	1/4	98	C5	72	True	spine_0	1	98.0	1.0	171.0	I	False	('E-', 'G', 'B-')	E-	E-	0.0	major triad	(3, 7, 10)	E-	E-	1	None
389.0	389	0.5	1/2	98	E-5	75	True	spine_0	1	98.0	1.0	172.0	V7/IV	True	('E-', 'G', 'B-', 'D-')	E-	E-	0.0	dominant seventh chord	(1, 3, 7, 10)	E-	A-	5	4
389.0	389	0.5	1/2	98	C5	72	True	spine_0	1	98.0	1.0	172.0	V7/IV	True	('E-', 'G', 'B-', 'D-')	E-	E-	0.0	dominant seventh chord	(1, 3, 7, 10)	E-	A-	5	4
389.25	1557/4	0.25	1/4	98	G3	55	True	spine_0	1	98.0	1.0	172.0	V7/IV	False	('E-', 'G', 'B-', 'D-')	E-	E-	0.0	dominant seventh chord	(1, 3, 7, 10)	E-	A-	5	4
389.25	1557/4	0.25	1/4	98	E-3	51	True	spine_0	1	98.0	1.0	172.0	V7/IV	False	('E-', 'G', 'B-', 'D-')	E-	E-	0.0	dominant seventh chord	(1, 3, 7, 10)	E-	A-	5	4
389.5	779/2	0.5	1/2	98	D-5	73	True	spine_0	1	98.0	1.0	172.0	V7/IV	False	('E-', 'G', 'B-', 'D-')	E-	E-	0.0	dominant seventh chord	(1, 3, 7, 10)	E-	A-	5	4
389.5	779/2	0.5	1/2	98	B-4	70	True	spine_0	1	98.0	1.0	172.0	V7/IV	False	('E-', 'G', 'B-', 'D-')	E-	E-	0.0	dominant seventh chord	(1, 3, 7, 10)	E-	A-	5	4
389.5	779/2	0.25	1/4	98	A-3	56	True	spine_0	1	98.0	1.0	172.0	V7/IV	False	('E-', 'G', 'B-', 'D-')	E-	E-	0.0	dominant seventh chord	(1, 3, 7, 10)	E-	A-	5	4
389.5	779/2	0.25	1/4	98	F3	53	True	spine_0	1	98.0	1.0	172.0	V7/IV	False	('E-', 'G', 'B-', 'D-')	E-	E-	0.0	dominant seventh chord	(1, 3, 7, 10)	E-	A-	5	4
389.75	1559/4	0.25	1/4	98	B-3	58	True	spine_0	1	98.0	1.0	172.0	V7/IV	False	('E-', 'G', 'B-', 'D-')	E-	E-	0.0	dominant seventh chord	(1, 3, 7, 10)	E-	A-	5	4
389.75	1559/4	0.25	1/4	98	G3	55	True	spine_0	1	98.0	1.0	172.0	V7/IV	False	('E-', 'G', 'B-', 'D-')	E-	E-	0.0	dominant seventh chord	(1, 3, 7, 10)	E-	A-	5	4
390.0	390	0.25	1/4	98	C5	72	True	spine_0	1	98.0	1.0	173.0	IV	True	('C', 'E-', 'A-')	C	A-	1.0	major triad	(0, 3, 8)	E-	E-	4	None
390.0	390	1.0	1	98	A-4	68	True	spine_0	1	98.0	1.0	173.0	IV	True	('C', 'E-', 'A-')	C	A-	1.0	major triad	(0, 3, 8)	E-	E-	4	None
390.0	390	1.0	1	98	C4	60	True	spine_0	1	98.0	1.0	173.0	IV	True	('C', 'E-', 'A-')	C	A-	1.0	major triad	(0, 3, 8)	E-	E-	4	None
390.0	390	1.0	1	98	A-3	56	True	spine_0	1	98.0	1.0	173.0	IV	True	('C', 'E-', 'A-')	C	A-	1.0	major triad	(0, 3, 8)	E-	E-	4	None
390.25	1561/4	0.25	1/4	98	A-5	80	True	spine_0	1	98.0	1.0	173.0	IV	False	('C', 'E-', 'A-')	C	A-	1.0	major triad	(0, 3, 8)	E-	E-	4	None
390.5	781/2	0.25	1/4	98	G5	79	True	spine_0	1	98.0	1.0	173.0	IV	False	('C', 'E-', 'A-')	C	A-	1.0	major triad	(0, 3, 8)	E-	E-	4	None
390.75	1563/4	0.25	1/4	98	F5	77	True	spine_0	1	98.0	1.0	173.0	IV	False	('C', 'E-', 'A-')	C	A-	1.0	major triad	(0, 3, 8)	E-	E-	4	None
391.0	391	0.5	1/2	98	C6	84	True	spine_0	1	98.0	1.0	174.0	ii	True	('F', 'A-', 'C')	F	F	0.0	minor triad	(0, 5, 8)	E-	E-	2	None
391.25	1565/4	0.25	1/4	98	F2	41	True	spine_0	1	98.0	1.0	174.0	ii	False	('F', 'A-', 'C')	F	F	0.0	minor triad	(0, 5, 8)	E-	E-	2	None
391.5	783/2	0.25	1/4	98	A-2	44	True	spine_0	1	98.0	1.0	174.0	ii	False	('F', 'A-', 'C')	F	F	0.0	minor triad	(0, 5, 8)	E-	E-	2	None
391.75	1567/4	0.25	1/4	98	F2	41	True	spine_0	1	98.0	1.0	174.0	ii	False	('F', 'A-', 'C')	F	F	0.0	minor triad	(0, 5, 8)	E-	E-	2	None
392.0	392	0.25	1/4	99	C3	48	True	spine_0	1	99.0	4.0	175.0	ii	True	('F', 'A-', 'C')	F	F	0.0	minor triad	(0, 5, 8)	E-	E-	2	None
392.25	1569/4	0.25	1/4	99	A-2	44	True	spine_0	1	99.0	4.0	175.0	ii	False	('F', 'A-', 'C')	F	F	0.0	minor triad	(0, 5, 8)	E-	E-	2	None
392.5	785/2	0.25	1/4	99	F3	53	True	spine_0	1	99.0	4.0	175.0	ii	False	('F', 'A-', 'C')	F	F	0.0	minor triad	(0, 5, 8)	E-	E-	2	None
392.75	1571/4	0.25	1/4	99	C3	48	True	spine_0	1	99.0	4.0	175.0	ii	False	('F', 'A-', 'C')	F	F	0.0	minor triad	(0, 5, 8)	E-	E-	2	None
393.0	393	0.25	1/4	99	A-3	56	True	spine_0	1	99.0	4.0	175.0	ii	False	('F', 'A-', 'C')	F	F	0.0	minor triad	(0, 5, 8)	E-	E-	2	None
393.25	1573/4	0.25	1/4	99	F3	53	True	spine_0	1	99.0	4.0	175.0	ii	False	('F', 'A-', 'C')	F	F	0.0	minor triad	(0, 5, 8)	E-	E-	2	None
393.5	787/2	0.25	1/4	99	C4	60	True	spine_0	1	99.0	4.0	175.0	ii	False	('F', 'A-', 'C')	F	F	0.0	minor triad	(0, 5, 8)	E-	E-	2	None
393.75	1575/4	0.25	1/4	99	A-3	56	True	spine_0	1	99.0	4.0	175.0	ii	False	('F', 'A-', 'C')	F	F	0.0	minor triad	(0, 5, 8)	E-	E-	2	None
394.0	394	2.0	2	99	A-5	80	True	spine_0	1	99.0	4.0	175.0	ii	False	('F', 'A-', 'C')	F	F	0.0	minor triad	(0, 5, 8)	E-	E-	2	None
394.0	394	2.0	2	99	F4	65	True	spine_0	1	99.0	4.0	175.0	ii	False	('F', 'A-', 'C')	F	F	0.0	minor triad	(0, 5, 8)	E-	E-	2	None
394.0	394	1.0	1	99	F4	65	True	spine_0	1	99.0	4.0	175.0	ii	False	('F', 'A-', 'C')	F	F	0.0	minor triad	(0, 5, 8)	E-	E-	2	None
394.25	1577/4	0.25	1/4	99	C5	72	True	spine_0	1	99.0	4.0	175.0	ii	False	('F', 'A-', 'C')	F	F	0.0	minor triad	(0, 5, 8)	E-	E-	2	None
394.5	789/2	0.25	1/4	99	A-5	80	True	spine_0	1	99.0	4.0	175.0	ii	False	('F', 'A-', 'C')	F	F	0.0	minor triad	(0, 5, 8)	E-	E-	2	None
394.75	1579/4	0.25	1/4	99	C5	72	True	spine_0	1	99.0	4.0	175.0	ii	False	('F', 'A-', 'C')	F	F	0.0	minor triad	(0, 5, 8)	E-	E-	2	None
395.0	395	1.0	1	99	E-4	63	True	spine_0	1	99.0	4.0	175.0	ii	False	('F', 'A-', 'C')	F	F	0.0	minor triad	(0, 5, 8)	E-	E-	2	None
395.25	1581/4	0.25	1/4	99	C-5	71	True	spine_0	1	99.0	4.0	175.0	ii	False	('F', 'A-', 'C')	F	F	0.0	minor triad	(0, 5, 8)	E-	E-	2	None
395.5	791/2	0.25	1/4	99	A-5	80	True	spine_0	1	99.0	4.0	175.0	ii	False	('F', 'A-', 'C')	F	F	0.0	minor triad	(0, 5, 8)	E-	E-	2	None
395.75	1583/4	0.25	1/4	99	C-5	71	True	spine_0	1	99.0	4.0	175.0	ii	False	('F', 'A-', 'C')	F	F	0.0	minor triad	(0, 5, 8)	E-	E-	2	None
396.0	396	1.0	1	100	A-5	80	False	spine_0	1	100.0	1.0	176.0	V7	True	('D', 'F', 'A-', 'B-')	D	B-	1.0	dominant seventh chord	(2, 5, 8, 10)	E-	E-	5	None
396.0	396	1.0	1	100	F4	65	False	spine_0	1	100.0	1.0	176.0	V7	True	('D', 'F', 'A-', 'B-')	D	B-	1.0	dominant seventh chord	(2, 5, 8, 10)	E-	E-	5	None
396.0	396	1.0	1	100	D4	62	True	spine_0	1	100.0	1.0	176.0	V7	True	('D', 'F', 'A-', 'B-')	D	B-	1.0	dominant seventh chord	(2, 5, 8, 10)	E-	E-	5	None
396.25	1585/4	0.25	1/4	100	B-4	70	True	spine_0	1	100.0	1.0	176.0	V7	False	('D', 'F', 'A-', 'B-')	D	B-	1.0	dominant seventh chord	(2, 5, 8, 10)	E-	E-	5	None
396.5	793/2	0.25	1/4	100	A-5	80	True	spine_0	1	100.0	1.0	176.0	V7	False	('D', 'F', 'A-', 'B-')	D	B-	1.0	dominant seventh chord	(2, 5, 8, 10)	E-	E-	5	None
396.75	1587/4	0.25	1/4	100	B-4	70	True	spine_0	1	100.0	1.0	176.0	V7	False	('D', 'F', 'A-', 'B-')	D	B-	1.0	dominant seventh chord	(2, 5, 8, 10)	E-	E-	5	None
397.0	397	1.0	1	100	G5	79	True	spine_0	1	100.0	1.0	177.0	I	True	('E-', 'G', 'B-')	E-	E-	0.0	major triad	(3, 7, 10)	E-	E-	1	None
397.0	397	1.0	1	100	E-4	63	True	spine_0	1	100.0	1.0	177.0	I	True	('E-', 'G', 'B-')	E-	E-	0.0	major triad	(3, 7, 10)	E-	E-	1	None
397.0	397	1.0	1	100	E-4	63	True	spine_0	1	100.0	1.0	177.0	I	True	('E-', 'G', 'B-')	E-	E-	0.0	major triad	(3, 7, 10)	E-	E-	1	None
397.25	1589/4	0.25	1/4	100	B-4	70	True	spine_0	1	100.0	1.0	177.0	I	False	('E-', 'G', 'B-')	E-	E-	0.0	major triad	(3, 7, 10)	E-	E-	1	None
397.5	795/2	0.25	1/4	100	G5	79	True	spine_0	1	100.0	1.0	177.0	I	False	('E-', 'G', 'B-')	E-	E-	0.0	major triad	(3, 7, 10)	E-	E-	1	None
397.75	1591/4	0.25	1/4	100	B-4	70	True	spine_0	1	100.0	1.0	177.0	I	False	('E-', 'G', 'B-')	E-	E-	0.0	major triad	(3, 7, 10)	E-	E-	1	None
398.0	398	0.25	1/4	100	F5	77	True	spine_0	1	100.0	1.0	178.0	ii	True	('A-', 'C', 'F')	A-	F	1.0	minor triad	(0, 5, 8)	E-	E-	2	None
398.0	398	0.75	3/4	100	C5	72	True	spine_0	1	100.0	1.0	178.0	ii	True	('A-', 'C', 'F')	A-	F	1.0	minor triad	(0, 5, 8)	E-	E-	2	None
398.0	398	1.0	1	100	A-3	56	True	spine_0	1	100.0	1.0	178.0	ii	True	('A-', 'C', 'F')	A-	F	1.0	minor triad	(0, 5, 8)	E-	E-	2	None
398.0	398	1.0	1	100	A-3	56	True	spine_0	1	100.0	1.0	178.0	ii	True	('A-', 'C', 'F')	A-	F	1.0	minor triad	(0, 5, 8)	E-	E-	2	None
398.25	1593/4	0.25	1/4	100	C6	84	True	spine_0	1	100.0	1.0	178.0	ii	False	('A-', 'C', 'F')	A-	F	1.0	minor triad	(0, 5, 8)	E-	E-	2	None
398.5	797/2	0.25	1/4	100	A-5	80	True	spine_0	1	100.0	1.0	178.0	ii	False	('A-', 'C', 'F')	A-	F	1.0	minor triad	(0, 5, 8)	E-	E-	2	None
398.75	1595/4	0.25	1/4	100	F5	77	True	spine_0	1	100.0	1.0	178.0	ii	False	('A-', 'C', 'F')	A-	F	1.0	minor triad	(0, 5, 8)	E-	E-	2	None
398.75	1595/4	0.25	1/4	100	A-4	68	True	spine_0	1	100.0	1.0	178.0	ii	False	('A-', 'C', 'F')	A-	F	1.0	minor triad	(0, 5, 8)	E-	E-	2	None
399.0	399	0.5	1/2	100	E-5	75	True	spine_0	1	100.0	0.5	179.0	I	True	('B-', 'E-', 'G')	B-	E-	2.0	major triad	(3, 7, 10)	E-	E-	1	None
399.0	399	0.5	1/2	100	G4	67	True	spine_0	1	100.0	0.5	179.0	I	True	('B-', 'E-', 'G')	B-	E-	2.0	major triad	(3, 7, 10)	E-	E-	1	None
399.0	399	0.5	1/2	100	B-3	58	True	spine_0	1	100.0	0.5	179.0	I	True	('B-', 'E-', 'G')	B-	E-	2.0	major triad	(3, 7, 10)	E-	E-	1	None
399.0	399	0.5	1/2	100	B-3	58	True	spine_0	1	100.0	0.5	179.0	I	True	('B-', 'E-', 'G')	B-	E-	2.0	major triad	(3, 7, 10)	E-	E-	1	None
399.5	799/2	0.5	1/2	100	D5	74	True	spine_0	1	100.0	0.5	180.0	V	True	('B-', 'D', 'F')	B-	B-	0.0	major triad	(2, 5, 10)	E-	E-	5	None
399.5	799/2	0.5	1/2	100	F4	65	True	spine_0	1	100.0	0.5	180.0	V	True	('B-', 'D', 'F')	B-	B-	0.0	major triad	(2, 5, 10)	E-	E-	5	None
399.5	799/2	0.5	1/2	100	B-3	58	True	spine_0	1	100.0	0.5	180.0	V	True	('B-', 'D', 'F')	B-	B-	0.0	major triad	(2, 5, 10)	E-	E-	5	None
399.5	799/2	0.5	1/2	100	B-3	58	True	spine_0	1	100.0	0.5	180.0	V	True	('B-', 'D', 'F')	B-	B-	0.0	major triad	(2, 5, 10)	E-	E-	5	None
400.0	400	1.0	1	101	E-5	75	True	spine_0	1	101.0	2.0	181.0	I	True	('E-', 'G', 'B-')	E-	E-	0.0	major triad	(3, 7, 10)	E-	E-	1	None
400.0	400	1.0	1	101	E-4	63	True	spine_0	1	101.0	2.0	181.0	I	True	('E-', 'G', 'B-')	E-	E-	0.0	major triad	(3, 7, 10)	E-	E-	1	None
400.0	400	0.5	1/2	101	E-4	63	True	spine_0	1	101.0	2.0	181.0	I	True	('E-', 'G', 'B-')	E-	E-	0.0	major triad	(3, 7, 10)	E-	E-	1	None
400.0	400	0.5	1/2	101	E-3	51	True	spine_0	1	101.0	2.0	181.0	I	True	('E-', 'G', 'B-')	E-	E-	0.0	major triad	(3, 7, 10)	E-	E-	1	None
400.5	801/2	0.5	1/2	101	E-2	39	True	spine_0	1	101.0	2.0	181.0	I	False	('E-', 'G', 'B-')	E-	E-	0.0	major triad	(3, 7, 10)	E-	E-	1	None
401.0	401	0.25	1/4	101	G4	67	True	spine_0	1	101.0	2.0	181.0	I	False	('E-', 'G', 'B-')	E-	E-	0.0	major triad	(3, 7, 10)	E-	E-	1	None
401.25	1605/4	0.25	1/4	101	E-4	63	True	spine_0	1	101.0	2.0	181.0	I	False	('E-', 'G', 'B-')	E-	E-	0.0	major triad	(3, 7, 10)	E-	E-	1	None
401.5	803/2	0.25	1/4	101	C5	72	True	spine_0	1	101.0	2.0	181.0	I	False	('E-', 'G', 'B-')	E-	E-	0.0	major triad	(3, 7, 10)	E-	E-	1	None
401.5	803/2	0.5	1/2	101	E-3	51	True	spine_0	1	101.0	2.0	181.0	I	False	('E-', 'G', 'B-')	E-	E-	0.0	major triad	(3, 7, 10)	E-	E-	1	None
401.75	1607/4	0.25	1/4	101	A4	69	True	spine_0	1	101.0	2.0	181.0	I	False	('E-', 'G', 'B-')	E-	E-	0.0	major triad	(3, 7, 10)	E-	E-	1	None
402.0	402	0.5	1/2	101	B-4	70	True	spine_0	1	101.0	2.0	182.0	ii7	True	('C', 'E-', 'F', 'A-')	C	F	2.0	minor seventh chord	(0, 3, 5, 8)	E-	E-	2	None
402.0	402	0.5	1/2	101	D3	50	True	spine_0	1	101.0	2.0	182.0	ii7	True	('C', 'E-', 'F', 'A-')	C	F	2.0	minor seventh chord	(0, 3, 5, 8)	E-	E-	2	None
402.5	805/2	0.5	1/2	101	B-4	70	True	spine_0	1	101.0	2.0	182.0	ii7	False	('C', 'E-', 'F', 'A-')	C	F	2.0	minor seventh chord	(0, 3, 5, 8)	E-	E-	2	None
402.5	805/2	0.5	1/2	101	D2	38	True	spine_0	1	101.0	2.0	182.0	ii7	False	('C', 'E-', 'F', 'A-')	C	F	2.0	minor seventh chord	(0, 3, 5, 8)	E-	E-	2	None
403.0	403	0.25	1/4	101	A4	69	True	spine_0	1	101.0	2.0	182.0	ii7	False	('C', 'E-', 'F', 'A-')	C	F	2.0	minor seventh chord	(0, 3, 5, 8)	E-	E-	2	None
403.0	403	0.5	1/2	101	C2	36	True	spine_0	1	101.0	2.0	182.0	ii7	False	('C', 'E-', 'F', 'A-')	C	F	2.0	minor seventh chord	(0, 3, 5, 8)	E-	E-	2	None
403.25	1613/4	0.25	1/4	101	C5	72	True	spine_0	1	101.0	2.0	182.0	ii7	False	('C', 'E-', 'F', 'A-')	C	F	2.0	minor seventh chord	(0, 3, 5, 8)	E-	E-	2	None
403.5	807/2	0.25	1/4	101	D5	74	True	spine_0	1	101.0	2.0	182.0	ii7	False	('C', 'E-', 'F', 'A-')	C	F	2.0	minor seventh chord	(0, 3, 5, 8)	E-	E-	2	None
403.5	807/2	0.5	1/2	101	F2	41	True	spine_0	1	101.0	2.0	182.0	ii7	False	('C', 'E-', 'F', 'A-')	C	F	2.0	minor seventh chord	(0, 3, 5, 8)	E-	E-	2	None
403.75	1615/4	0.25	1/4	101	E-5	75	True	spine_0	1	101.0	2.0	182.0	ii7	False	('C', 'E-', 'F', 'A-')	C	F	2.0	minor seventh chord	(0, 3, 5, 8)	E-	E-	2	None
404.0	404	1.0	1	102	D5	74	True	spine_0	1	102.0	2.0	183.0	V	True	('B-', 'D', 'F')	B-	B-	0.0	major triad	(2, 5, 10)	E-	E-	5	None
404.0	404	0.5	1/2	102	B-2	46	True	spine_0	1	102.0	2.0	183.0	V	True	('B-', 'D', 'F')	B-	B-	0.0	major triad	(2, 5, 10)	E-	E-	5	None
404.5	809/2	0.5	1/2	102	B-3	58	True	spine_0	1	102.0	2.0	183.0	V	False	('B-', 'D', 'F')	B-	B-	0.0	major triad	(2, 5, 10)	E-	E-	5	None
405.0	405	0.25	1/4	102	C4	60	True	spine_0	1	102.0	2.0	183.0	V	False	('B-', 'D', 'F')	B-	B-	0.0	major triad	(2, 5, 10)	E-	E-	5	None
405.25	1621/4	0.25	1/4	102	A-3	56	True	spine_0	1	102.0	2.0	183.0	V	False	('B-', 'D', 'F')	B-	B-	0.0	major triad	(2, 5, 10)	E-	E-	5	None
405.5	811/2	0.25	1/4	102	F4	65	True	spine_0	1	102.0	2.0	183.0	V	False	('B-', 'D', 'F')	B-	B-	0.0	major triad	(2, 5, 10)	E-	E-	5	None
405.5	811/2	0.5	1/2	102	A-2	44	True	spine_0	1	102.0	2.0	183.0	V	False	('B-', 'D', 'F')	B-	B-	0.0	major triad	(2, 5, 10)	E-	E-	5	None
405.75	1623/4	0.25	1/4	102	D4	62	True	spine_0	1	102.0	2.0	183.0	V	False	('B-', 'D', 'F')	B-	B-	0.0	major triad	(2, 5, 10)	E-	E-	5	None
406.0	406	0.25	1/4	102	E-4	63	True	spine_0	1	102.0	1.0	184.0	I	True	('G', 'B-', 'E-')	G	E-	1.0	major triad	(3, 7, 10)	E-	E-	1	None
406.0	406	1.0	1	102	G2	43	True	spine_0	1	102.0	1.0	184.0	I	True	('G', 'B-', 'E-')	G	E-	1.0	major triad	(3, 7, 10)	E-	E-	1	None
406.25	1625/4	0.25	1/4	102	F4	65	True	spine_0	1	102.0	1.0	184.0	I	False	('G', 'B-', 'E-')	G	E-	1.0	major triad	(3, 7, 10)	E-	E-	1	None
406.5	813/2	0.375	3/8	102	G4	67	True	spine_0	1	102.0	1.0	184.0	I	False	('G', 'B-', 'E-')	G	E-	1.0	major triad	(3, 7, 10)	E-	E-	1	None
406.875	3255/8	0.125	1/8	102	B-3	58	True	spine_0	1	102.0	1.0	184.0	I	False	('G', 'B-', 'E-')	G	E-	1.0	major triad	(3, 7, 10)	E-	E-	1	None
407.0	407	0.25	1/4	102	C4	60	True	spine_0	1	102.0	0.5	185.0	IV	True	('A-', 'C', 'E-')	A-	A-	0.0	major triad	(0, 3, 8)	E-	E-	4	None
407.0	407	0.5	1/2	102	A-2	44	True	spine_0	1	102.0	0.5	185.0	IV	True	('A-', 'C', 'E-')	A-	A-	0.0	major triad	(0, 3, 8)	E-	E-	4	None
407.25	1629/4	0.25	1/4	102	A-3	56	True	spine_0	1	102.0	0.5	185.0	IV	False	('A-', 'C', 'E-')	A-	A-	0.0	major triad	(0, 3, 8)	E-	E-	4	None
407.5	815/2	0.25	1/4	102	F3	53	True	spine_0	1	102.0	0.5	186.0	V	True	('B-', 'D', 'F')	B-	B-	0.0	major triad	(2, 5, 10)	E-	E-	5	None
407.5	815/2	0.5	1/2	102	B-2	46	True	spine_0	1	102.0	0.5	186.0	V	True	('B-', 'D', 'F')	B-	B-	0.0	major triad	(2, 5, 10)	E-	E-	5	None
407.75	1631/4	0.25	1/4	102	D3	50	True	spine_0	1	102.0	0.5	186.0	V	False	('B-', 'D', 'F')	B-	B-	0.0	major triad	(2, 5, 10)	E-	E-	5	None
408.0	408	1.0	1	103	E-3	51	True	spine_0	1	103.0	2.0	187.0	I	True	('E-', 'G', 'B-')	E-	E-	0.0	major triad	(3, 7, 10)	E-	E-	1	None
408.0	408	0.5	1/2	103	E-3	51	True	spine_0	1	103.0	2.0	187.0	I	True	('E-', 'G', 'B-')	E-	E-	0.0	major triad	(3, 7, 10)	E-	E-	1	None
408.5	817/2	0.5	1/2	103	E-2	39	True	spine_0	1	103.0	2.0	187.0	I	False	('E-', 'G', 'B-')	E-	E-	0.0	major triad	(3, 7, 10)	E-	E-	1	None
409.0	409	0.25	1/4	103	G5	79	True	spine_0	1	103.0	2.0	187.0	I	False	('E-', 'G', 'B-')	E-	E-	0.0	major triad	(3, 7, 10)	E-	E-	1	None
409.25	1637/4	0.25	1/4	103	E-5	75	True	spine_0	1	103.0	2.0	187.0	I	False	('E-', 'G', 'B-')	E-	E-	0.0	major triad	(3, 7, 10)	E-	E-	1	None
409.5	819/2	0.25	1/4	103	C6	84	True	spine_0	1	103.0	2.0	187.0	I	False	('E-', 'G', 'B-')	E-	E-	0.0	major triad	(3, 7, 10)	E-	E-	1	None
409.5	819/2	0.5	1/2	103	E-5	75	True	spine_0	1	103.0	2.0	187.0	I	False	('E-', 'G', 'B-')	E-	E-	0.0	major triad	(3, 7, 10)	E-	E-	1	None
409.75	1639/4	0.25	1/4	103	A5	81	True	spine_0	1	103.0	2.0	187.0	I	False	('E-', 'G', 'B-')	E-	E-	0.0	major triad	(3, 7, 10)	E-	E-	1	None
410.0	410	0.5	1/2	103	B-5	82	True	spine_0	1	103.0	1.0	188.0	V	True	('D', 'F', 'B-')	D	B-	1.0	major triad	(2, 5, 10)	E-	E-	5	None
410.0	410	0.5	1/2	103	D5	74	True	spine_0	1	103.0	1.0	188.0	V	True	('D', 'F', 'B-')	D	B-	1.0	major triad	(2, 5, 10)	E-	E-	5	None
410.5	821/2	0.5	1/2	103	B-5	82	True	spine_0	1	103.0	1.0	188.0	V	False	('D', 'F', 'B-')	D	B-	1.0	major triad	(2, 5, 10)	E-	E-	5	None
410.5	821/2	0.5	1/2	103	D4	62	True	spine_0	1	103.0	1.0	188.0	V	False	('D', 'F', 'B-')	D	B-	1.0	major triad	(2, 5, 10)	E-	E-	5	None
411.0	411	0.25	1/4	103	A5	81	True	spine_0	1	103.0	1.0	189.0	ii7	True	('C', 'E-', 'F', 'A-')	C	F	2.0	minor seventh chord	(0, 3, 5, 8)	E-	E-	2	None
411.0	411	0.5	1/2	103	C4	60	True	spine_0	1	103.0	1.0	189.0	ii7	True	('C', 'E-', 'F', 'A-')	C	F	2.0	minor seventh chord	(0, 3, 5, 8)	E-	E-	2	None
411.25	1645/4	0.25	1/4	103	C6	84	True	spine_0	1	103.0	1.0	189.0	ii7	False	('C', 'E-', 'F', 'A-')	C	F	2.0	minor seventh chord	(0, 3, 5, 8)	E-	E-	2	None
411.5	823/2	0.25	1/4	103	D6	86	True	spine_0	1	103.0	1.0	189.0	ii7	False	('C', 'E-', 'F', 'A-')	C	F	2.0	minor seventh chord	(0, 3, 5, 8)	E-	E-	2	None
411.5	823/2	0.5	1/2	103	F4	65	True	spine_0	1	103.0	1.0	189.0	ii7	False	('C', 'E-', 'F', 'A-')	C	F	2.0	minor seventh chord	(0, 3, 5, 8)	E-	E-	2	None
411.75	1647/4	0.25	1/4	103	E-6	87	True	spine_0	1	103.0	1.0	189.0	ii7	False	('C', 'E-', 'F', 'A-')	C	F	2.0	minor seventh chord	(0, 3, 5, 8)	E-	E-	2	None
412.0	412	1.0	1	104	D6	86	True	spine_0	1	104.0	1.0	190.0	V	True	('B-', 'D', 'F')	B-	B-	0.0	major triad	(2, 5, 10)	E-	E-	5	None
412.0	412	0.5	1/2	104	B-4	70	True	spine_0	1	104.0	1.0	190.0	V	True	('B-', 'D', 'F')	B-	B-	0.0	major triad	(2, 5, 10)	E-	E-	5	None
412.5	825/2	0.5	1/2	104	B-3	58	True	spine_0	1	104.0	1.0	190.0	V	False	('B-', 'D', 'F')	B-	B-	0.0	major triad	(2, 5, 10)	E-	E-	5	None
413.0	413	0.25	1/4	104	C5	72	True	spine_0	1	104.0	1.0	191.0	ii7	True	('A-', 'C', 'E-', 'F')	A-	F	1.0	minor seventh chord	(0, 3, 5, 8)	E-	E-	2	None
413.25	1653/4	0.25	1/4	104	A-4	68	True	spine_0	1	104.0	1.0	191.0	ii7	False	('A-', 'C', 'E-', 'F')	A-	F	1.0	minor seventh chord	(0, 3, 5, 8)	E-	E-	2	None
413.5	827/2	0.25	1/4	104	F5	77	True	spine_0	1	104.0	1.0	191.0	ii7	False	('A-', 'C', 'E-', 'F')	A-	F	1.0	minor seventh chord	(0, 3, 5, 8)	E-	E-	2	None
413.5	827/2	0.5	1/2	104	A-3	56	True	spine_0	1	104.0	1.0	191.0	ii7	False	('A-', 'C', 'E-', 'F')	A-	F	1.0	minor seventh chord	(0, 3, 5, 8)	E-	E-	2	None
413.75	1655/4	0.25	1/4	104	D5	74	True	spine_0	1	104.0	1.0	191.0	ii7	False	('A-', 'C', 'E-', 'F')	A-	F	1.0	minor seventh chord	(0, 3, 5, 8)	E-	E-	2	None
414.0	414	0.25	1/4	104	E-5	75	True	spine_0	1	104.0	1.5	192.0	I	True	('G', 'B-', 'E-')	G	E-	1.0	major triad	(3, 7, 10)	E-	E-	1	None
414.0	414	1.0	1	104	G3	55	True	spine_0	1	104.0	1.5	192.0	I	True	('G', 'B-', 'E-')	G	E-	1.0	major triad	(3, 7, 10)	E-	E-	1	None
414.25	1657/4	0.25	1/4	104	F5	77	True	spine_0	1	104.0	1.5	192.0	I	False	('G', 'B-', 'E-')	G	E-	1.0	major triad	(3, 7, 10)	E-	E-	1	None
414.5	829/2	0.375	3/8	104	G5	79	True	spine_0	1	104.0	1.5	192.0	I	False	('G', 'B-', 'E-')	G	E-	1.0	major triad	(3, 7, 10)	E-	E-	1	None
414.875	3319/8	0.125	1/8	104	B-4	70	True	spine_0	1	104.0	1.5	192.0	I	False	('G', 'B-', 'E-')	G	E-	1.0	major triad	(3, 7, 10)	E-	E-	1	None
415.0	415	0.25	1/4	104	C5	72	True	spine_0	1	104.0	1.5	192.0	I	False	('G', 'B-', 'E-')	G	E-	1.0	major triad	(3, 7, 10)	E-	E-	1	None
415.0	415	0.5	1/2	104	A-3	56	True	spine_0	1	104.0	1.5	192.0	I	False	('G', 'B-', 'E-')	G	E-	1.0	major triad	(3, 7, 10)	E-	E-	1	None
415.25	1661/4	0.25	1/4	104	A-4	68	True	spine_0	1	104.0	1.5	192.0	I	False	('G', 'B-', 'E-')	G	E-	1.0	major triad	(3, 7, 10)	E-	E-	1	None
415.5	831/2	0.25	1/4	104	F4	65	True	spine_0	1	104.0	0.5	193.0	V	True	('B-', 'D', 'F')	B-	B-	0.0	major triad	(2, 5, 10)	E-	E-	5	None
415.5	831/2	0.5	1/2	104	B-3	58	True	spine_0	1	104.0	0.5	193.0	V	True	('B-', 'D', 'F')	B-	B-	0.0	major triad	(2, 5, 10)	E-	E-	5	None
415.75	1663/4	0.25	1/4	104	D4	62	True	spine_0	1	104.0	0.5	193.0	V	False	('B-', 'D', 'F')	B-	B-	0.0	major triad	(2, 5, 10)	E-	E-	5	None
416.0	416	1.0	1	105	E-4	63	True	spine_0	1	105.0	3.0	194.0	I	True	('E-', 'G', 'B-')	E-	E-	0.0	major triad	(3, 7, 10)	E-	E-	1	None
416.0	416	1.0	1	105	E-4	63	True	spine_0	1	105.0	3.0	194.0	I	True	('E-', 'G', 'B-')	E-	E-	0.0	major triad	(3, 7, 10)	E-	E-	1	None
416.0	416	0.25	1/4	105	E-2	39	True	spine_0	1	105.0	3.0	194.0	I	True	('E-', 'G', 'B-')	E-	E-	0.0	major triad	(3, 7, 10)	E-	E-	1	None
416.25	1665/4	0.25	1/4	105	E-3	51	True	spine_0	1	105.0	3.0	194.0	I	False	('E-', 'G', 'B-')	E-	E-	0.0	major triad	(3, 7, 10)	E-	E-	1	None
416.5	833/2	0.25	1/4	105	B-2	46	True	spine_0	1	105.0	3.0	194.0	I	False	('E-', 'G', 'B-')	E-	E-	0.0	major triad	(3, 7, 10)	E-	E-	1	None
416.75	1667/4	0.25	1/4	105	G2	43	True	spine_0	1	105.0	3.0	194.0	I	False	('E-', 'G', 'B-')	E-	E-	0.0	major triad	(3, 7, 10)	E-	E-	1	None
417.0	417	0.25	1/4	105	B-4	70	True	spine_0	1	105.0	3.0	194.0	I	False	('E-', 'G', 'B-')	E-	E-	0.0	major triad	(3, 7, 10)	E-	E-	1	None
417.0	417	0.25	1/4	105	G4	67	True	spine_0	1	105.0	3.0	194.0	I	False	('E-', 'G', 'B-')	E-	E-	0.0	major triad	(3, 7, 10)	E-	E-	1	None
417.0	417	0.5	1/2	105	E-2	39	True	spine_0	1	105.0	3.0	194.0	I	False	('E-', 'G', 'B-')	E-	E-	0.0	major triad	(3, 7, 10)	E-	E-	1	None
417.25	1669/4	0.25	1/4	105	G4	67	True	spine_0	1	105.0	3.0	194.0	I	False	('E-', 'G', 'B-')	E-	E-	0.0	major triad	(3, 7, 10)	E-	E-	1	None
417.25	1669/4	0.25	1/4	105	E-4	63	True	spine_0	1	105.0	3.0	194.0	I	False	('E-', 'G', 'B-')	E-	E-	0.0	major triad	(3, 7, 10)	E-	E-	1	None
417.5	835/2	0.25	1/4	105	C5	72	True	spine_0	1	105.0	3.0	194.0	I	False	('E-', 'G', 'B-')	E-	E-	0.0	major triad	(3, 7, 10)	E-	E-	1	None
417.5	835/2	0.25	1/4	105	A-4	68	True	spine_0	1	105.0	3.0	194.0	I	False	('E-', 'G', 'B-')	E-	E-	0.0	major triad	(3, 7, 10)	E-	E-	1	None
417.5	835/2	0.5	1/2	105	E-2	39	True	spine_0	1	105.0	3.0	194.0	I	False	('E-', 'G', 'B-')	E-	E-	0.0	major triad	(3, 7, 10)	E-	E-	1	None
417.75	1671/4	0.25	1/4	105	A-4	68	True	spine_0	1	105.0	3.0	194.0	I	False	('E-', 'G', 'B-')	E-	E-	0.0	major triad	(3, 7, 10)	E-	E-	1	None
417.75	1671/4	0.25	1/4	105	F4	65	True	spine_0	1	105.0	3.0	194.0	I	False	('E-', 'G', 'B-')	E-	E-	0.0	major triad	(3, 7, 10)	E-	E-	1	None
418.0	418	0.75	3/4	105	B-4	70	True	spine_0	1	105.0	3.0	194.0	I	False	('E-', 'G', 'B-')	E-	E-	0.0	major triad	(3, 7, 10)	E-	E-	1	None
418.0	418	0.75	3/4	105	G4	67	True	spine_0	1	105.0	3.0	194.0	I	False	('E-', 'G', 'B-')	E-	E-	0.0	major triad	(3, 7, 10)	E-	E-	1	None
418.0	418	0.25	1/4	105	E-3	51	True	spine_0	1	105.0	3.0	194.0	I	False	('E-', 'G', 'B-')	E-	E-	0.0	major triad	(3, 7, 10)	E-	E-	1	None
418.0	418	0.5	1/2	105	E-2	39	True	spine_0	1	105.0	3.0	194.0	I	False	('E-', 'G', 'B-')	E-	E-	0.0	major triad	(3, 7, 10)	E-	E-	1	None
418.25	1673/4	0.25	1/4	105	G3	55	True	spine_0	1	105.0	3.0	194.0	I	False	('E-', 'G', 'B-')	E-	E-	0.0	major triad	(3, 7, 10)	E-	E-	1	None
418.5	837/2	0.25	1/4	105	B-3	58	True	spine_0	1	105.0	3.0	194.0	I	False	('E-', 'G', 'B-')	E-	E-	0.0	major triad	(3, 7, 10)	E-	E-	1	None
418.5	837/2	0.5	1/2	105	E-2	39	True	spine_0	1	105.0	3.0	194.0	I	False	('E-', 'G', 'B-')	E-	E-	0.0	major triad	(3, 7, 10)	E-	E-	1	None
418.75	1675/4	0.25	1/4	105	G5	79	True	spine_0	1	105.0	3.0	194.0	I	False	('E-', 'G', 'B-')	E-	E-	0.0	major triad	(3, 7, 10)	E-	E-	1	None
418.75	1675/4	0.25	1/4	105	B-4	70	True	spine_0	1	105.0	3.0	194.0	I	False	('E-', 'G', 'B-')	E-	E-	0.0	major triad	(3, 7, 10)	E-	E-	1	None
418.75	1675/4	0.25	1/4	105	E-4	63	True	spine_0	1	105.0	3.0	194.0	I	False	('E-', 'G', 'B-')	E-	E-	0.0	major triad	(3, 7, 10)	E-	E-	1	None
419.0	419	0.25	1/4	105	A-5	80	True	spine_0	1	105.0	0.5	195.0	IV	True	('E-', 'A-', 'C')	E-	A-	2.0	major triad	(0, 3, 8)	E-	E-	4	None
419.0	419	0.25	1/4	105	C5	72	True	spine_0	1	105.0	0.5	195.0	IV	True	('E-', 'A-', 'C')	E-	A-	2.0	major triad	(0, 3, 8)	E-	E-	4	None
419.0	419	0.5	1/2	105	E-3	51	True	spine_0	1	105.0	0.5	195.0	IV	True	('E-', 'A-', 'C')	E-	A-	2.0	major triad	(0, 3, 8)	E-	E-	4	None
419.0	419	0.5	1/2	105	E-2	39	True	spine_0	1	105.0	0.5	195.0	IV	True	('E-', 'A-', 'C')	E-	A-	2.0	major triad	(0, 3, 8)	E-	E-	4	None
419.25	1677/4	0.25	1/4	105	F5	77	True	spine_0	1	105.0	0.5	195.0	IV	False	('E-', 'A-', 'C')	E-	A-	2.0	major triad	(0, 3, 8)	E-	E-	4	None
419.25	1677/4	0.25	1/4	105	A-4	68	True	spine_0	1	105.0	0.5	195.0	IV	False	('E-', 'A-', 'C')	E-	A-	2.0	major triad	(0, 3, 8)	E-	E-	4	None
419.5	839/2	0.25	1/4	105	E-5	75	True	spine_0	1	105.0	0.5	196.0	viio	True	('D', 'F', 'A-')	D	D	0.0	diminished triad	(2, 5, 8)	E-	E-	7	None
419.5	839/2	0.25	1/4	105	G4	67	True	spine_0	1	105.0	0.5	196.0	viio	True	('D', 'F', 'A-')	D	D	0.0	diminished triad	(2, 5, 8)	E-	E-	7	None
419.5	839/2	0.5	1/2	105	E-2	39	True	spine_0	1	105.0	0.5	196.0	viio	True	('D', 'F', 'A-')	D	D	0.0	diminished triad	(2, 5, 8)	E-	E-	7	None
419.75	1679/4	0.25	1/4	105	D5	74	True	spine_0	1	105.0	0.5	196.0	viio	False	('D', 'F', 'A-')	D	D	0.0	diminished triad	(2, 5, 8)	E-	E-	7	None
419.75	1679/4	0.25	1/4	105	F4	65	True	spine_0	1	105.0	0.5	196.0	viio	False	('D', 'F', 'A-')	D	D	0.0	diminished triad	(2, 5, 8)	E-	E-	7	None
420.0	420	0.75	3/4	106	E-5	75	True	spine_0	1	106.0	3.0	197.0	I	True	('E-', 'G', 'B-')	E-	E-	0.0	major triad	(3, 7, 10)	E-	E-	1	None
420.0	420	0.75	3/4	106	G4	67	True	spine_0	1	106.0	3.0	197.0	I	True	('E-', 'G', 'B-')	E-	E-	0.0	major triad	(3, 7, 10)	E-	E-	1	None
420.0	420	0.25	1/4	106	E-2	39	True	spine_0	1	106.0	3.0	197.0	I	True	('E-', 'G', 'B-')	E-	E-	0.0	major triad	(3, 7, 10)	E-	E-	1	None
420.25	1681/4	0.25	1/4	106	E-3	51	True	spine_0	1	106.0	3.0	197.0	I	False	('E-', 'G', 'B-')	E-	E-	0.0	major triad	(3, 7, 10)	E-	E-	1	None
420.5	841/2	0.25	1/4	106	B-2	46	True	spine_0	1	106.0	3.0	197.0	I	False	('E-', 'G', 'B-')	E-	E-	0.0	major triad	(3, 7, 10)	E-	E-	1	None
420.75	1683/4	0.25	1/4	106	G4	67	True	spine_0	1	106.0	3.0	197.0	I	False	('E-', 'G', 'B-')	E-	E-	0.0	major triad	(3, 7, 10)	E-	E-	1	None
420.75	1683/4	0.25	1/4	106	E-4	63	True	spine_0	1	106.0	3.0	197.0	I	False	('E-', 'G', 'B-')	E-	E-	0.0	major triad	(3, 7, 10)	E-	E-	1	None
420.75	1683/4	0.25	1/4	106	G2	43	True	spine_0	1	106.0	3.0	197.0	I	False	('E-', 'G', 'B-')	E-	E-	0.0	major triad	(3, 7, 10)	E-	E-	1	None
421.0	421	0.25	1/4	106	B-4	70	True	spine_0	1	106.0	3.0	197.0	I	False	('E-', 'G', 'B-')	E-	E-	0.0	major triad	(3, 7, 10)	E-	E-	1	None
421.0	421	0.25	1/4	106	G4	67	True	spine_0	1	106.0	3.0	197.0	I	False	('E-', 'G', 'B-')	E-	E-	0.0	major triad	(3, 7, 10)	E-	E-	1	None
421.0	421	0.5	1/2	106	E-2	39	True	spine_0	1	106.0	3.0	197.0	I	False	('E-', 'G', 'B-')	E-	E-	0.0	major triad	(3, 7, 10)	E-	E-	1	None
421.25	1685/4	0.25	1/4	106	G4	67	True	spine_0	1	106.0	3.0	197.0	I	False	('E-', 'G', 'B-')	E-	E-	0.0	major triad	(3, 7, 10)	E-	E-	1	None
421.25	1685/4	0.25	1/4	106	E-4	63	True	spine_0	1	106.0	3.0	197.0	I	False	('E-', 'G', 'B-')	E-	E-	0.0	major triad	(3, 7, 10)	E-	E-	1	None
421.5	843/2	0.25	1/4	106	C5	72	True	spine_0	1	106.0	3.0	197.0	I	False	('E-', 'G', 'B-')	E-	E-	0.0	major triad	(3, 7, 10)	E-	E-	1	None
421.5	843/2	0.25	1/4	106	A-4	68	True	spine_0	1	106.0	3.0	197.0	I	False	('E-', 'G', 'B-')	E-	E-	0.0	major triad	(3, 7, 10)	E-	E-	1	None
421.5	843/2	0.5	1/2	106	E-2	39	True	spine_0	1	106.0	3.0	197.0	I	False	('E-', 'G', 'B-')	E-	E-	0.0	major triad	(3, 7, 10)	E-	E-	1	None
421.75	1687/4	0.25	1/4	106	A-4	68	True	spine_0	1	106.0	3.0	197.0	I	False	('E-', 'G', 'B-')	E-	E-	0.0	major triad	(3, 7, 10)	E-	E-	1	None
421.75	1687/4	0.25	1/4	106	F4	65	True	spine_0	1	106.0	3.0	197.0	I	False	('E-', 'G', 'B-')	E-	E-	0.0	major triad	(3, 7, 10)	E-	E-	1	None
422.0	422	0.75	3/4	106	B-4	70	True	spine_0	1	106.0	3.0	197.0	I	False	('E-', 'G', 'B-')	E-	E-	0.0	major triad	(3, 7, 10)	E-	E-	1	None
422.0	422	0.75	3/4	106	G4	67	True	spine_0	1	106.0	3.0	197.0	I	False	('E-', 'G', 'B-')	E-	E-	0.0	major triad	(3, 7, 10)	E-	E-	1	None
422.0	422	0.25	1/4	106	E-3	51	True	spine_0	1	106.0	3.0	197.0	I	False	('E-', 'G', 'B-')	E-	E-	0.0	major triad	(3, 7, 10)	E-	E-	1	None
422.0	422	0.5	1/2	106	E-2	39	True	spine_0	1	106.0	3.0	197.0	I	False	('E-', 'G', 'B-')	E-	E-	0.0	major triad	(3, 7, 10)	E-	E-	1	None
422.25	1689/4	0.25	1/4	106	G3	55	True	spine_0	1	106.0	3.0	197.0	I	False	('E-', 'G', 'B-')	E-	E-	0.0	major triad	(3, 7, 10)	E-	E-	1	None
422.5	845/2	0.25	1/4	106	B-3	58	True	spine_0	1	106.0	3.0	197.0	I	False	('E-', 'G', 'B-')	E-	E-	0.0	major triad	(3, 7, 10)	E-	E-	1	None
422.5	845/2	0.5	1/2	106	E-2	39	True	spine_0	1	106.0	3.0	197.0	I	False	('E-', 'G', 'B-')	E-	E-	0.0	major triad	(3, 7, 10)	E-	E-	1	None
422.75	1691/4	0.25	1/4	106	G4	67	True	spine_0	1	106.0	3.0	197.0	I	False	('E-', 'G', 'B-')	E-	E-	0.0	major triad	(3, 7, 10)	E-	E-	1	None
422.75	1691/4	0.25	1/4	106	B-3	58	True	spine_0	1	106.0	3.0	197.0	I	False	('E-', 'G', 'B-')	E-	E-	0.0	major triad	(3, 7, 10)	E-	E-	1	None
422.75	1691/4	0.25	1/4	106	E-4	63	True	spine_0	1	106.0	3.0	197.0	I	False	('E-', 'G', 'B-')	E-	E-	0.0	major triad	(3, 7, 10)	E-	E-	1	None
423.0	423	0.25	1/4	106	A-4	68	True	spine_0	1	106.0	0.5	198.0	IV	True	('E-', 'A-', 'C')	E-	A-	2.0	major triad	(0, 3, 8)	E-	E-	4	None
423.0	423	0.5	1/2	106	C4	60	True	spine_0	1	106.0	0.5	198.0	IV	True	('E-', 'A-', 'C')	E-	A-	2.0	major triad	(0, 3, 8)	E-	E-	4	None
423.0	423	0.5	1/2	106	E-3	51	True	spine_0	1	106.0	0.5	198.0	IV	True	('E-', 'A-', 'C')	E-	A-	2.0	major triad	(0, 3, 8)	E-	E-	4	None
423.0	423	0.5	1/2	106	E-2	39	True	spine_0	1	106.0	0.5	198.0	IV	True	('E-', 'A-', 'C')	E-	A-	2.0	major triad	(0, 3, 8)	E-	E-	4	None
423.25	1693/4	0.25	1/4	106	F4	65	True	spine_0	1	106.0	0.5	198.0	IV	False	('E-', 'A-', 'C')	E-	A-	2.0	major triad	(0, 3, 8)	E-	E-	4	None
423.5	847/2	0.25	1/4	106	E-4	63	True	spine_0	1	106.0	0.5	199.0	viio	True	('D', 'F', 'A-')	D	D	0.0	diminished triad	(2, 5, 8)	E-	E-	7	None
423.5	847/2	0.5	1/2	106	A-3	56	True	spine_0	1	106.0	0.5	199.0	viio	True	('D', 'F', 'A-')	D	D	0.0	diminished triad	(2, 5, 8)	E-	E-	7	None
423.5	847/2	0.5	1/2	106	F3	53	True	spine_0	1	106.0	0.5	199.0	viio	True	('D', 'F', 'A-')	D	D	0.0	diminished triad	(2, 5, 8)	E-	E-	7	None
423.5	847/2	0.5	1/2	106	E-2	39	True	spine_0	1	106.0	0.5	199.0	viio	True	('D', 'F', 'A-')	D	D	0.0	diminished triad	(2, 5, 8)	E-	E-	7	None
423.75	1695/4	0.25	1/4	106	D4	62	True	spine_0	1	106.0	0.5	199.0	viio	False	('D', 'F', 'A-')	D	D	0.0	diminished triad	(2, 5, 8)	E-	E-	7	None
424.0	424	1.0	1	107	E-4	63	True	spine_0	1	107.0	4.0	200.0	I	True	('E-', 'G', 'B-')	E-	E-	0.0	major triad	(3, 7, 10)	E-	E-	1	None
424.0	424	1.0	1	107	G3	55	True	spine_0	1	107.0	4.0	200.0	I	True	('E-', 'G', 'B-')	E-	E-	0.0	major triad	(3, 7, 10)	E-	E-	1	None
424.0	424	1.0	1	107	E-3	51	True	spine_0	1	107.0	4.0	200.0	I	True	('E-', 'G', 'B-')	E-	E-	0.0	major triad	(3, 7, 10)	E-	E-	1	None
424.0	424	0.25	1/4	107	E-2	39	True	spine_0	1	107.0	4.0	200.0	I	True	('E-', 'G', 'B-')	E-	E-	0.0	major triad	(3, 7, 10)	E-	E-	1	None
424.25	1697/4	0.25	1/4	107	E-3	51	True	spine_0	1	107.0	4.0	200.0	I	False	('E-', 'G', 'B-')	E-	E-	0.0	major triad	(3, 7, 10)	E-	E-	1	None
424.5	849/2	0.25	1/4	107	B-2	46	True	spine_0	1	107.0	4.0	200.0	I	False	('E-', 'G', 'B-')	E-	E-	0.0	major triad	(3, 7, 10)	E-	E-	1	None
424.75	1699/4	0.25	1/4	107	G2	43	True	spine_0	1	107.0	4.0	200.0	I	False	('E-', 'G', 'B-')	E-	E-	0.0	major triad	(3, 7, 10)	E-	E-	1	None
425.0	425	0.25	1/4	107	E-4	63	False	spine_0	1	107.0	4.0	200.0	I	False	('E-', 'G', 'B-')	E-	E-	0.0	major triad	(3, 7, 10)	E-	E-	1	None
425.0	425	1.0	1	107	E-2	39	True	spine_0	1	107.0	4.0	200.0	I	False	('E-', 'G', 'B-')	E-	E-	0.0	major triad	(3, 7, 10)	E-	E-	1	None
425.25	1701/4	0.25	1/4	107	D4	62	True	spine_0	1	107.0	4.0	200.0	I	False	('E-', 'G', 'B-')	E-	E-	0.0	major triad	(3, 7, 10)	E-	E-	1	None
425.5	851/2	0.25	1/4	107	F4	65	True	spine_0	1	107.0	4.0	200.0	I	False	('E-', 'G', 'B-')	E-	E-	0.0	major triad	(3, 7, 10)	E-	E-	1	None
425.75	1703/4	0.25	1/4	107	E-4	63	True	spine_0	1	107.0	4.0	200.0	I	False	('E-', 'G', 'B-')	E-	E-	0.0	major triad	(3, 7, 10)	E-	E-	1	None
426.0	426	0.25	1/4	107	G4	67	True	spine_0	1	107.0	4.0	200.0	I	False	('E-', 'G', 'B-')	E-	E-	0.0	major triad	(3, 7, 10)	E-	E-	1	None
426.0	426	0.25	1/4	107	E-4	63	True	spine_0	1	107.0	4.0	200.0	I	False	('E-', 'G', 'B-')	E-	E-	0.0	major triad	(3, 7, 10)	E-	E-	1	None
426.25	1705/4	0.25	1/4	107	F4	65	True	spine_0	1	107.0	4.0	200.0	I	False	('E-', 'G', 'B-')	E-	E-	0.0	major triad	(3, 7, 10)	E-	E-	1	None
426.25	1705/4	0.25	1/4	107	D4	62	True	spine_0	1	107.0	4.0	200.0	I	False	('E-', 'G', 'B-')	E-	E-	0.0	major triad	(3, 7, 10)	E-	E-	1	None
426.5	853/2	0.25	1/4	107	A-4	68	True	spine_0	1	107.0	4.0	200.0	I	False	('E-', 'G', 'B-')	E-	E-	0.0	major triad	(3, 7, 10)	E-	E-	1	None
426.5	853/2	0.25	1/4	107	F4	65	True	spine_0	1	107.0	4.0	200.0	I	False	('E-', 'G', 'B-')	E-	E-	0.0	major triad	(3, 7, 10)	E-	E-	1	None
426.75	1707/4	0.25	1/4	107	G4	67	True	spine_0	1	107.0	4.0	200.0	I	False	('E-', 'G', 'B-')	E-	E-	0.0	major triad	(3, 7, 10)	E-	E-	1	None
426.75	1707/4	0.25	1/4	107	E-4	63	True	spine_0	1	107.0	4.0	200.0	I	False	('E-', 'G', 'B-')	E-	E-	0.0	major triad	(3, 7, 10)	E-	E-	1	None
427.0	427	0.25	1/4	107	B-4	70	True	spine_0	1	107.0	4.0	200.0	I	False	('E-', 'G', 'B-')	E-	E-	0.0	major triad	(3, 7, 10)	E-	E-	1	None
427.0	427	0.25	1/4	107	G4	67	True	spine_0	1	107.0	4.0	200.0	I	False	('E-', 'G', 'B-')	E-	E-	0.0	major triad	(3, 7, 10)	E-	E-	1	None
427.25	1709/4	0.25	1/4	107	A-4	68	True	spine_0	1	107.0	4.0	200.0	I	False	('E-', 'G', 'B-')	E-	E-	0.0	major triad	(3, 7, 10)	E-	E-	1	None
427.25	1709/4	0.25	1/4	107	F4	65	True	spine_0	1	107.0	4.0	200.0	I	False	('E-', 'G', 'B-')	E-	E-	0.0	major triad	(3, 7, 10)	E-	E-	1	None
427.5	855/2	0.25	1/4	107	C5	72	True	spine_0	1	107.0	4.0	200.0	I	False	('E-', 'G', 'B-')	E-	E-	0.0	major triad	(3, 7, 10)	E-	E-	1	None
427.5	855/2	0.25	1/4	107	A-4	68	True	spine_0	1	107.0	4.0	200.0	I	False	('E-', 'G', 'B-')	E-	E-	0.0	major triad	(3, 7, 10)	E-	E-	1	None
427.75	1711/4	0.25	1/4	107	B-4	70	True	spine_0	1	107.0	4.0	200.0	I	False	('E-', 'G', 'B-')	E-	E-	0.0	major triad	(3, 7, 10)	E-	E-	1	None
427.75	1711/4	0.25	1/4	107	G4	67	True	spine_0	1	107.0	4.0	200.0	I	False	('E-', 'G', 'B-')	E-	E-	0.0	major triad	(3, 7, 10)	E-	E-	1	None
428.0	428	1.0	1	108	D-5	73	True	spine_0	1	108.0	2.0	201.0	viio7/V/V	True	('E', 'G', 'B-', 'D-')	E	E	0.0	diminished seventh chord	(1, 4, 7, 10)	E-	F	7	5
428.0	428	1.0	1	108	B-4	70	True	spine_0	1	108.0	2.0	201.0	viio7/V/V	True	('E', 'G', 'B-', 'D-')	E	E	0.0	diminished seventh chord	(1, 4, 7, 10)	E-	F	7	5
428.0	428	0.5	1/2	108	E3	52	True	spine_0	1	108.0	2.0	201.0	viio7/V/V	True	('E', 'G', 'B-', 'D-')	E	E	0.0	diminished seventh chord	(1, 4, 7, 10)	E-	F	7	5
428.5	857/2	0.5	1/2	108	E3	52	True	spine_0	1	108.0	2.0	201.0	viio7/V/V	False	('E', 'G', 'B-', 'D-')	E	E	0.0	diminished seventh chord	(1, 4, 7, 10)	E-	F	7	5
429.0	429	0.5	1/2	108	C5	72	True	spine_0	1	108.0	2.0	201.0	viio7/V/V	False	('E', 'G', 'B-', 'D-')	E	E	0.0	diminished seventh chord	(1, 4, 7, 10)	E-	F	7	5
429.0	429	0.5	1/2	108	A-4	68	True	spine_0	1	108.0	2.0	201.0	viio7/V/V	False	('E', 'G', 'B-', 'D-')	E	E	0.0	diminished seventh chord	(1, 4, 7, 10)	E-	F	7	5
429.0	429	0.5	1/2	108	E3	52	True	spine_0	1	108.0	2.0	201.0	viio7/V/V	False	('E', 'G', 'B-', 'D-')	E	E	0.0	diminished seventh chord	(1, 4, 7, 10)	E-	F	7	5
429.5	859/2	0.5	1/2	108	B-4	70	True	spine_0	1	108.0	2.0	201.0	viio7/V/V	False	('E', 'G', 'B-', 'D-')	E	E	0.0	diminished seventh chord	(1, 4, 7, 10)	E-	F	7	5
429.5	859/2	0.5	1/2	108	G4	67	True	spine_0	1	108.0	2.0	201.0	viio7/V/V	False	('E', 'G', 'B-', 'D-')	E	E	0.0	diminished seventh chord	(1, 4, 7, 10)	E-	F	7	5
429.5	859/2	0.5	1/2	108	E3	52	True	spine_0	1	108.0	2.0	201.0	viio7/V/V	False	('E', 'G', 'B-', 'D-')	E	E	0.0	diminished seventh chord	(1, 4, 7, 10)	E-	F	7	5
430.0	430	0.5	1/2	108	A4	69	True	spine_0	1	108.0	1.0	202.0	V7/V	True	('F', 'A', 'C', 'E-')	F	F	0.0	dominant seventh chord	(0, 3, 5, 9)	E-	B-	5	5
430.0	430	0.5	1/2	108	F4	65	True	spine_0	1	108.0	1.0	202.0	V7/V	True	('F', 'A', 'C', 'E-')	F	F	0.0	dominant seventh chord	(0, 3, 5, 9)	E-	B-	5	5
430.0	430	0.5	1/2	108	F3	53	True	spine_0	1	108.0	1.0	202.0	V7/V	True	('F', 'A', 'C', 'E-')	F	F	0.0	dominant seventh chord	(0, 3, 5, 9)	E-	B-	5	5
430.5	861/2	0.5	1/2	108	E-5	75	True	spine_0	1	108.0	1.0	202.0	V7/V	False	('F', 'A', 'C', 'E-')	F	F	0.0	dominant seventh chord	(0, 3, 5, 9)	E-	B-	5	5
430.5	861/2	0.5	1/2	108	C5	72	True	spine_0	1	108.0	1.0	202.0	V7/V	False	('F', 'A', 'C', 'E-')	F	F	0.0	dominant seventh chord	(0, 3, 5, 9)	E-	B-	5	5
430.5	861/2	0.5	1/2	108	F3	53	True	spine_0	1	108.0	1.0	202.0	V7/V	False	('F', 'A', 'C', 'E-')	F	F	0.0	dominant seventh chord	(0, 3, 5, 9)	E-	B-	5	5
431.0	431	0.5	1/2	108	D5	74	True	spine_0	1	108.0	1.0	203.0	V/iii	True	('F#', 'A', 'D')	F#	D	1.0	major triad	(2, 6, 9)	E-	g	5	3
431.0	431	0.5	1/2	108	B4	71	True	spine_0	1	108.0	1.0	203.0	V/iii	True	('F#', 'A', 'D')	F#	D	1.0	major triad	(2, 6, 9)	E-	g	5	3
431.0	431	0.5	1/2	108	F#3	54	True	spine_0	1	108.0	1.0	203.0	V/iii	True	('F#', 'A', 'D')	F#	D	1.0	major triad	(2, 6, 9)	E-	g	5	3
431.5	863/2	0.5	1/2	108	C5	72	True	spine_0	1	108.0	1.0	203.0	V/iii	False	('F#', 'A', 'D')	F#	D	1.0	major triad	(2, 6, 9)	E-	g	5	3
431.5	863/2	0.5	1/2	108	A4	69	True	spine_0	1	108.0	1.0	203.0	V/iii	False	('F#', 'A', 'D')	F#	D	1.0	major triad	(2, 6, 9)	E-	g	5	3
431.5	863/2	0.5	1/2	108	F#3	54	True	spine_0	1	108.0	1.0	203.0	V/iii	False	('F#', 'A', 'D')	F#	D	1.0	major triad	(2, 6, 9)	E-	g	5	3
432.0	432	2.0	2	109	D4	62	True	spine_0	1	109.0	2.0	204.0	viio	True	('F', 'A-', 'D')	F	D	1.0	diminished triad	(2, 5, 8)	E-	E-	7	None
432.0	432	2.0	2	109	A-3	56	True	spine_0	1	109.0	2.0	204.0	viio	True	('F', 'A-', 'D')	F	D	1.0	diminished triad	(2, 5, 8)	E-	E-	7	None
432.0	432	2.0	2	109	F3	53	True	spine_0	1	109.0	2.0	204.0	viio	True	('F', 'A-', 'D')	F	D	1.0	diminished triad	(2, 5, 8)	E-	E-	7	None
432.0	432	2.0	2	109	E-2	39	True	spine_0	1	109.0	2.0	204.0	viio	True	('F', 'A-', 'D')	F	D	1.0	diminished triad	(2, 5, 8)	E-	E-	7	None
434.0	434	1.0	1	109	E-4	63	True	spine_0	1	109.0	2.0	205.0	I	True	('E-', 'G', 'B-')	E-	E-	0.0	major triad	(3, 7, 10)	E-	E-	1	None
434.0	434	1.0	1	109	G3	55	True	spine_0	1	109.0	2.0	205.0	I	True	('E-', 'G', 'B-')	E-	E-	0.0	major triad	(3, 7, 10)	E-	E-	1	None
434.0	434	1.0	1	109	E-3	51	True	spine_0	1	109.0	2.0	205.0	I	True	('E-', 'G', 'B-')	E-	E-	0.0	major triad	(3, 7, 10)	E-	E-	1	None
434.0	434	2.0	1	109	E-2	39	False	spine_0	1	109.0	2.0	205.0	I	True	('E-', 'G', 'B-')	E-	E-	0.0	major triad	(3, 7, 10)	E-	E-	1	None
