j_offset	s_duration	s_measure	s_note	s_midi	s_isOnset	a_measure	a_duration	a_annotationNumber	a_romanNumeral	a_isOnset	a_pitchNames	a_bass	a_root	a_inversion	a_quality	a_pcset	a_localKey	a_tonicizedKey	a_degree1	a_degree2
0.0	1.5	1.0	A4	69.0	True	1.0	3.0	0.0	I	True	('A', 'C#', 'E')	A	A	0.0	major triad	(1, 4, 9)	A	A	1	None
0.5	0.5	1.0	C#4	61.0	True	1.0	3.0	0.0	I	False	('A', 'C#', 'E')	A	A	0.0	major triad	(1, 4, 9)	A	A	1	None
0.5	0.5	1.0	E4	64.0	True	1.0	3.0	0.0	I	False	('A', 'C#', 'E')	A	A	0.0	major triad	(1, 4, 9)	A	A	1	None
0.5	0.5	1.0	A3	57.0	True	1.0	3.0	0.0	I	False	('A', 'C#', 'E')	A	A	0.0	major triad	(1, 4, 9)	A	A	1	None
1.0	0.5	1.0	C#4	61.0	True	1.0	3.0	0.0	I	False	('A', 'C#', 'E')	A	A	0.0	major triad	(1, 4, 9)	A	A	1	None
1.0	0.5	1.0	E4	64.0	True	1.0	3.0	0.0	I	False	('A', 'C#', 'E')	A	A	0.0	major triad	(1, 4, 9)	A	A	1	None
1.0	0.5	1.0	A3	57.0	True	1.0	3.0	0.0	I	False	('A', 'C#', 'E')	A	A	0.0	major triad	(1, 4, 9)	A	A	1	None
1.5	1.0	1.0	A3	57.0	True	1.0	3.0	0.0	I	False	('A', 'C#', 'E')	A	A	0.0	major triad	(1, 4, 9)	A	A	1	None
1.5	1.0	1.0	E4	64.0	True	1.0	3.0	0.0	I	False	('A', 'C#', 'E')	A	A	0.0	major triad	(1, 4, 9)	A	A	1	None
1.5	0.25	1.0	C#5	73.0	True	1.0	3.0	0.0	I	False	('A', 'C#', 'E')	A	A	0.0	major triad	(1, 4, 9)	A	A	1	None
1.5	1.0	1.0	C#4	61.0	True	1.0	3.0	0.0	I	False	('A', 'C#', 'E')	A	A	0.0	major triad	(1, 4, 9)	A	A	1	None
1.75	0.25	1.0	A4	69.0	True	1.0	3.0	0.0	I	False	('A', 'C#', 'E')	A	A	0.0	major triad	(1, 4, 9)	A	A	1	None
2.0	0.25	1.0	E5	76.0	True	1.0	3.0	0.0	I	False	('A', 'C#', 'E')	A	A	0.0	major triad	(1, 4, 9)	A	A	1	None
2.25	0.25	1.0	C#5	73.0	True	1.0	3.0	0.0	I	False	('A', 'C#', 'E')	A	A	0.0	major triad	(1, 4, 9)	A	A	1	None
2.5	0.25	1.0	A4	69.0	True	1.0	3.0	0.0	I	False	('A', 'C#', 'E')	A	A	0.0	major triad	(1, 4, 9)	A	A	1	None
2.75	0.25	1.0	E4	64.0	True	1.0	3.0	0.0	I	False	('A', 'C#', 'E')	A	A	0.0	major triad	(1, 4, 9)	A	A	1	None
3.0	0.5	2.0	C#4	61.0	True	2.0	1.0	1.0	I	True	('A', 'C#', 'E')	A	A	0.0	major triad	(1, 4, 9)	A	A	1	None
3.5	0.5	2.0	A3	57.0	True	2.0	1.0	1.0	I	False	('A', 'C#', 'E')	A	A	0.0	major triad	(1, 4, 9)	A	A	1	None
4.0	0.5	2.0	E3	52.0	True	2.0	0.5	2.0	V	True	('E', 'G#', 'B')	E	E	0.0	major triad	(4, 8, 11)	A	A	5	None
4.0	0.5	2.0	E3	52.0	True	2.0	0.5	2.0	V	True	('E', 'G#', 'B')	E	E	0.0	major triad	(4, 8, 11)	A	A	5	None
4.0	0.5	2.0	B3	59.0	True	2.0	0.5	2.0	V	True	('E', 'G#', 'B')	E	E	0.0	major triad	(4, 8, 11)	A	A	5	None
4.0	0.5	2.0	G#3	56.0	True	2.0	0.5	2.0	V	True	('E', 'G#', 'B')	E	E	0.0	major triad	(4, 8, 11)	A	A	5	None
4.5	0.5	2.0	C#4	61.0	True	2.0	1.5	3.0	I	True	('A', 'C#', 'E')	A	A	0.0	major triad	(1, 4, 9)	A	A	1	None
4.5	1.0	2.0	A3	57.0	True	2.0	1.5	3.0	I	True	('A', 'C#', 'E')	A	A	0.0	major triad	(1, 4, 9)	A	A	1	None
4.5	1.0	2.0	E3	52.0	True	2.0	1.5	3.0	I	True	('A', 'C#', 'E')	A	A	0.0	major triad	(1, 4, 9)	A	A	1	None
4.5	1.0	2.0	A3	57.0	True	2.0	1.5	3.0	I	True	('A', 'C#', 'E')	A	A	0.0	major triad	(1, 4, 9)	A	A	1	None
5.0	0.5	2.0	A3	57.0	True	2.0	1.5	3.0	I	False	('A', 'C#', 'E')	A	A	0.0	major triad	(1, 4, 9)	A	A	1	None
6.0	0.5	3.0	B4	71.0	True	3.0	1.5	4.0	V	True	('E', 'G#', 'B')	E	E	0.0	major triad	(4, 8, 11)	A	A	5	None
6.0	0.5	3.0	E4	64.0	True	3.0	1.5	4.0	V	True	('E', 'G#', 'B')	E	E	0.0	major triad	(4, 8, 11)	A	A	5	None
6.5	0.5	3.0	B4	71.0	True	3.0	1.5	4.0	V	False	('E', 'G#', 'B')	E	E	0.0	major triad	(4, 8, 11)	A	A	5	None
6.5	0.5	3.0	G#4	68.0	True	3.0	1.5	4.0	V	False	('E', 'G#', 'B')	E	E	0.0	major triad	(4, 8, 11)	A	A	5	None
6.5	0.5	3.0	E3	52.0	True	3.0	1.5	4.0	V	False	('E', 'G#', 'B')	E	E	0.0	major triad	(4, 8, 11)	A	A	5	None
7.0	0.5	3.0	B4	71.0	True	3.0	1.5	4.0	V	False	('E', 'G#', 'B')	E	E	0.0	major triad	(4, 8, 11)	A	A	5	None
7.0	0.5	3.0	G#4	68.0	True	3.0	1.5	4.0	V	False	('E', 'G#', 'B')	E	E	0.0	major triad	(4, 8, 11)	A	A	5	None
7.0	0.5	3.0	E3	52.0	True	3.0	1.5	4.0	V	False	('E', 'G#', 'B')	E	E	0.0	major triad	(4, 8, 11)	A	A	5	None
7.5	0.5	3.0	A4	69.0	True	3.0	1.5	5.0	I	True	('A', 'C#', 'E')	A	A	0.0	major triad	(1, 4, 9)	A	A	1	None
7.5	0.5	3.0	C#5	73.0	True	3.0	1.5	5.0	I	True	('A', 'C#', 'E')	A	A	0.0	major triad	(1, 4, 9)	A	A	1	None
8.0	0.5	3.0	A4	69.0	True	3.0	1.5	5.0	I	False	('A', 'C#', 'E')	A	A	0.0	major triad	(1, 4, 9)	A	A	1	None
8.0	0.5	3.0	A2	45.0	True	3.0	1.5	5.0	I	False	('A', 'C#', 'E')	A	A	0.0	major triad	(1, 4, 9)	A	A	1	None
8.0	0.5	3.0	C#5	73.0	True	3.0	1.5	5.0	I	False	('A', 'C#', 'E')	A	A	0.0	major triad	(1, 4, 9)	A	A	1	None
8.5	0.5	3.0	C#5	73.0	True	3.0	1.5	5.0	I	False	('A', 'C#', 'E')	A	A	0.0	major triad	(1, 4, 9)	A	A	1	None
8.5	0.5	3.0	A4	69.0	True	3.0	1.5	5.0	I	False	('A', 'C#', 'E')	A	A	0.0	major triad	(1, 4, 9)	A	A	1	None
8.5	0.5	3.0	A2	45.0	True	3.0	1.5	5.0	I	False	('A', 'C#', 'E')	A	A	0.0	major triad	(1, 4, 9)	A	A	1	None
9.0	0.5	4.0	D5	74.0	True	4.0	1.5	6.0	V7	True	('E', 'G#', 'B', 'D')	E	E	0.0	dominant seventh chord	(2, 4, 8, 11)	A	A	5	None
9.0	0.5	4.0	E4	64.0	True	4.0	1.5	6.0	V7	True	('E', 'G#', 'B', 'D')	E	E	0.0	dominant seventh chord	(2, 4, 8, 11)	A	A	5	None
9.5	0.5	4.0	G#2	44.0	True	4.0	1.5	6.0	V7	False	('E', 'G#', 'B', 'D')	E	E	0.0	dominant seventh chord	(2, 4, 8, 11)	A	A	5	None
9.5	0.5	4.0	B4	71.0	True	4.0	1.5	6.0	V7	False	('E', 'G#', 'B', 'D')	E	E	0.0	dominant seventh chord	(2, 4, 8, 11)	A	A	5	None
9.5	0.5	4.0	E4	64.0	True	4.0	1.5	6.0	V7	False	('E', 'G#', 'B', 'D')	E	E	0.0	dominant seventh chord	(2, 4, 8, 11)	A	A	5	None
9.5	0.25	4.0	D5	74.0	True	4.0	1.5	6.0	V7	False	('E', 'G#', 'B', 'D')	E	E	0.0	dominant seventh chord	(2, 4, 8, 11)	A	A	5	None
9.5	0.5	4.0	E4	64.0	True	4.0	1.5	6.0	V7	False	('E', 'G#', 'B', 'D')	E	E	0.0	dominant seventh chord	(2, 4, 8, 11)	A	A	5	None
9.75	0.25	4.0	C#5	73.0	True	4.0	1.5	6.0	V7	False	('E', 'G#', 'B', 'D')	E	E	0.0	dominant seventh chord	(2, 4, 8, 11)	A	A	5	None
10.0	0.5	4.0	D5	74.0	True	4.0	1.5	6.0	V7	False	('E', 'G#', 'B', 'D')	E	E	0.0	dominant seventh chord	(2, 4, 8, 11)	A	A	5	None
10.0	0.5	4.0	E4	64.0	True	4.0	1.5	6.0	V7	False	('E', 'G#', 'B', 'D')	E	E	0.0	dominant seventh chord	(2, 4, 8, 11)	A	A	5	None
10.0	0.5	4.0	B4	71.0	True	4.0	1.5	6.0	V7	False	('E', 'G#', 'B', 'D')	E	E	0.0	dominant seventh chord	(2, 4, 8, 11)	A	A	5	None
10.0	0.5	4.0	E4	64.0	True	4.0	1.5	6.0	V7	False	('E', 'G#', 'B', 'D')	E	E	0.0	dominant seventh chord	(2, 4, 8, 11)	A	A	5	None
10.0	0.5	4.0	G#2	44.0	True	4.0	1.5	6.0	V7	False	('E', 'G#', 'B', 'D')	E	E	0.0	dominant seventh chord	(2, 4, 8, 11)	A	A	5	None
10.5	1.0	4.0	A2	45.0	True	4.0	1.5	7.0	I	True	('A', 'C#', 'E')	A	A	0.0	major triad	(1, 4, 9)	A	A	1	None
10.5	0.5	4.0	E4	64.0	True	4.0	1.5	7.0	I	True	('A', 'C#', 'E')	A	A	0.0	major triad	(1, 4, 9)	A	A	1	None
10.5	0.5	4.0	A4	69.0	True	4.0	1.5	7.0	I	True	('A', 'C#', 'E')	A	A	0.0	major triad	(1, 4, 9)	A	A	1	None
10.5	0.5	4.0	E4	64.0	True	4.0	1.5	7.0	I	True	('A', 'C#', 'E')	A	A	0.0	major triad	(1, 4, 9)	A	A	1	None
10.5	0.5	4.0	C#5	73.0	True	4.0	1.5	7.0	I	True	('A', 'C#', 'E')	A	A	0.0	major triad	(1, 4, 9)	A	A	1	None
12.0	1.5	5.0	A4	69.0	True	5.0	3.0	8.0	I	True	('A', 'C#', 'E')	A	A	0.0	major triad	(1, 4, 9)	A	A	1	None
12.5	0.5	5.0	C#4	61.0	True	5.0	3.0	8.0	I	False	('A', 'C#', 'E')	A	A	0.0	major triad	(1, 4, 9)	A	A	1	None
12.5	0.5	5.0	E4	64.0	True	5.0	3.0	8.0	I	False	('A', 'C#', 'E')	A	A	0.0	major triad	(1, 4, 9)	A	A	1	None
12.5	0.5	5.0	A3	57.0	True	5.0	3.0	8.0	I	False	('A', 'C#', 'E')	A	A	0.0	major triad	(1, 4, 9)	A	A	1	None
13.0	0.5	5.0	C#4	61.0	True	5.0	3.0	8.0	I	False	('A', 'C#', 'E')	A	A	0.0	major triad	(1, 4, 9)	A	A	1	None
13.0	0.5	5.0	E4	64.0	True	5.0	3.0	8.0	I	False	('A', 'C#', 'E')	A	A	0.0	major triad	(1, 4, 9)	A	A	1	None
13.0	0.5	5.0	A3	57.0	True	5.0	3.0	8.0	I	False	('A', 'C#', 'E')	A	A	0.0	major triad	(1, 4, 9)	A	A	1	None
13.5	1.0	5.0	A3	57.0	True	5.0	3.0	8.0	I	False	('A', 'C#', 'E')	A	A	0.0	major triad	(1, 4, 9)	A	A	1	None
13.5	1.0	5.0	E4	64.0	True	5.0	3.0	8.0	I	False	('A', 'C#', 'E')	A	A	0.0	major triad	(1, 4, 9)	A	A	1	None
13.5	0.25	5.0	C#5	73.0	True	5.0	3.0	8.0	I	False	('A', 'C#', 'E')	A	A	0.0	major triad	(1, 4, 9)	A	A	1	None
13.5	0.5	5.0	C#4	61.0	True	5.0	3.0	8.0	I	False	('A', 'C#', 'E')	A	A	0.0	major triad	(1, 4, 9)	A	A	1	None
13.75	0.25	5.0	A4	69.0	True	5.0	3.0	8.0	I	False	('A', 'C#', 'E')	A	A	0.0	major triad	(1, 4, 9)	A	A	1	None
14.0	0.25	5.0	E5	76.0	True	5.0	3.0	8.0	I	False	('A', 'C#', 'E')	A	A	0.0	major triad	(1, 4, 9)	A	A	1	None
14.25	0.25	5.0	C#5	73.0	True	5.0	3.0	8.0	I	False	('A', 'C#', 'E')	A	A	0.0	major triad	(1, 4, 9)	A	A	1	None
14.5	0.25	5.0	A4	69.0	True	5.0	3.0	8.0	I	False	('A', 'C#', 'E')	A	A	0.0	major triad	(1, 4, 9)	A	A	1	None
14.75	0.25	5.0	E4	64.0	True	5.0	3.0	8.0	I	False	('A', 'C#', 'E')	A	A	0.0	major triad	(1, 4, 9)	A	A	1	None
15.0	0.5	6.0	C#4	61.0	True	6.0	1.0	9.0	I	True	('A', 'C#', 'E')	A	A	0.0	major triad	(1, 4, 9)	A	A	1	None
15.5	0.5	6.0	A3	57.0	True	6.0	1.0	9.0	I	False	('A', 'C#', 'E')	A	A	0.0	major triad	(1, 4, 9)	A	A	1	None
16.0	0.5	6.0	E3	52.0	True	6.0	0.5	10.0	V	True	('E', 'G#', 'B')	E	E	0.0	major triad	(4, 8, 11)	A	A	5	None
16.0	0.5	6.0	E3	52.0	True	6.0	0.5	10.0	V	True	('E', 'G#', 'B')	E	E	0.0	major triad	(4, 8, 11)	A	A	5	None
16.0	0.5	6.0	G#3	56.0	True	6.0	0.5	10.0	V	True	('E', 'G#', 'B')	E	E	0.0	major triad	(4, 8, 11)	A	A	5	None
16.0	0.5	6.0	B3	59.0	True	6.0	0.5	10.0	V	True	('E', 'G#', 'B')	E	E	0.0	major triad	(4, 8, 11)	A	A	5	None
16.5	0.5	6.0	C#4	61.0	True	6.0	1.5	11.0	I	True	('A', 'C#', 'E')	A	A	0.0	major triad	(1, 4, 9)	A	A	1	None
16.5	1.0	6.0	A3	57.0	True	6.0	1.5	11.0	I	True	('A', 'C#', 'E')	A	A	0.0	major triad	(1, 4, 9)	A	A	1	None
16.5	1.0	6.0	E3	52.0	True	6.0	1.5	11.0	I	True	('A', 'C#', 'E')	A	A	0.0	major triad	(1, 4, 9)	A	A	1	None
16.5	1.0	6.0	A3	57.0	True	6.0	1.5	11.0	I	True	('A', 'C#', 'E')	A	A	0.0	major triad	(1, 4, 9)	A	A	1	None
17.0	0.5	6.0	A3	57.0	True	6.0	1.5	11.0	I	False	('A', 'C#', 'E')	A	A	0.0	major triad	(1, 4, 9)	A	A	1	None
18.0	0.5	7.0	F#4	66.0	True	7.0	3.0	12.0	IV	True	('D', 'F#', 'A')	D	D	0.0	major triad	(2, 6, 9)	A	A	4	None
18.0	0.5	7.0	D4	62.0	True	7.0	3.0	12.0	IV	True	('D', 'F#', 'A')	D	D	0.0	major triad	(2, 6, 9)	A	A	4	None
18.5	0.5	7.0	D3	50.0	True	7.0	3.0	12.0	IV	False	('D', 'F#', 'A')	D	D	0.0	major triad	(2, 6, 9)	A	A	4	None
18.5	0.5	7.0	A3	57.0	True	7.0	3.0	12.0	IV	False	('D', 'F#', 'A')	D	D	0.0	major triad	(2, 6, 9)	A	A	4	None
18.5	0.5	7.0	F#4	66.0	True	7.0	3.0	12.0	IV	False	('D', 'F#', 'A')	D	D	0.0	major triad	(2, 6, 9)	A	A	4	None
19.0	0.5	7.0	F#4	66.0	True	7.0	3.0	12.0	IV	False	('D', 'F#', 'A')	D	D	0.0	major triad	(2, 6, 9)	A	A	4	None
19.0	0.5	7.0	A3	57.0	True	7.0	3.0	12.0	IV	False	('D', 'F#', 'A')	D	D	0.0	major triad	(2, 6, 9)	A	A	4	None
19.0	0.5	7.0	D3	50.0	True	7.0	3.0	12.0	IV	False	('D', 'F#', 'A')	D	D	0.0	major triad	(2, 6, 9)	A	A	4	None
19.5	0.5	7.0	E4	64.0	True	7.0	3.0	12.0	IV	False	('D', 'F#', 'A')	D	D	0.0	major triad	(2, 6, 9)	A	A	4	None
19.5	0.5	7.0	C#4	61.0	True	7.0	3.0	12.0	IV	False	('D', 'F#', 'A')	D	D	0.0	major triad	(2, 6, 9)	A	A	4	None
20.0	0.5	7.0	E4	64.0	True	7.0	3.0	12.0	IV	False	('D', 'F#', 'A')	D	D	0.0	major triad	(2, 6, 9)	A	A	4	None
20.0	0.5	7.0	C#4	61.0	True	7.0	3.0	12.0	IV	False	('D', 'F#', 'A')	D	D	0.0	major triad	(2, 6, 9)	A	A	4	None
20.0	0.5	7.0	A3	57.0	True	7.0	3.0	12.0	IV	False	('D', 'F#', 'A')	D	D	0.0	major triad	(2, 6, 9)	A	A	4	None
20.5	0.5	7.0	A3	57.0	True	7.0	3.0	12.0	IV	False	('D', 'F#', 'A')	D	D	0.0	major triad	(2, 6, 9)	A	A	4	None
20.5	0.5	7.0	E4	64.0	True	7.0	3.0	12.0	IV	False	('D', 'F#', 'A')	D	D	0.0	major triad	(2, 6, 9)	A	A	4	None
20.5	0.5	7.0	A3	57.0	True	7.0	3.0	12.0	IV	False	('D', 'F#', 'A')	D	D	0.0	major triad	(2, 6, 9)	A	A	4	None
21.0	0.25	8.0	B3	59.0	True	8.0	1.5	13.0	V7	True	('E', 'G#', 'B', 'D')	E	E	0.0	dominant seventh chord	(2, 4, 8, 11)	A	A	5	None
21.0	0.5	8.0	E4	64.0	True	8.0	1.5	13.0	V7	True	('E', 'G#', 'B', 'D')	E	E	0.0	dominant seventh chord	(2, 4, 8, 11)	A	A	5	None
21.0	1.5	8.0	B3	59.0	True	8.0	1.5	13.0	V7	True	('E', 'G#', 'B', 'D')	E	E	0.0	dominant seventh chord	(2, 4, 8, 11)	A	A	5	None
21.0	1.5	8.0	G#3	56.0	True	8.0	1.5	13.0	V7	True	('E', 'G#', 'B', 'D')	E	E	0.0	dominant seventh chord	(2, 4, 8, 11)	A	A	5	None
21.25	0.25	8.0	E4	64.0	True	8.0	1.5	13.0	V7	False	('E', 'G#', 'B', 'D')	E	E	0.0	dominant seventh chord	(2, 4, 8, 11)	A	A	5	None
21.5	0.25	8.0	G#4	68.0	True	8.0	1.5	13.0	V7	False	('E', 'G#', 'B', 'D')	E	E	0.0	dominant seventh chord	(2, 4, 8, 11)	A	A	5	None
21.5	0.5	8.0	D4	62.0	True	8.0	1.5	13.0	V7	False	('E', 'G#', 'B', 'D')	E	E	0.0	dominant seventh chord	(2, 4, 8, 11)	A	A	5	None
21.75	0.25	8.0	E4	64.0	True	8.0	1.5	13.0	V7	False	('E', 'G#', 'B', 'D')	E	E	0.0	dominant seventh chord	(2, 4, 8, 11)	A	A	5	None
22.0	0.5	8.0	D4	62.0	True	8.0	1.5	13.0	V7	False	('E', 'G#', 'B', 'D')	E	E	0.0	dominant seventh chord	(2, 4, 8, 11)	A	A	5	None
22.0	0.25	8.0	E5	76.0	True	8.0	1.5	13.0	V7	False	('E', 'G#', 'B', 'D')	E	E	0.0	dominant seventh chord	(2, 4, 8, 11)	A	A	5	None
22.25	0.25	8.0	E4	64.0	True	8.0	1.5	13.0	V7	False	('E', 'G#', 'B', 'D')	E	E	0.0	dominant seventh chord	(2, 4, 8, 11)	A	A	5	None
22.5	0.25	8.0	C#5	73.0	True	8.0	1.5	14.0	I	True	('A', 'C#', 'E')	A	A	0.0	major triad	(1, 4, 9)	A	A	1	None
22.5	1.5	8.0	C#4	61.0	True	8.0	1.5	14.0	I	True	('A', 'C#', 'E')	A	A	0.0	major triad	(1, 4, 9)	A	A	1	None
22.5	1.5	8.0	C#4	61.0	True	8.0	1.5	14.0	I	True	('A', 'C#', 'E')	A	A	0.0	major triad	(1, 4, 9)	A	A	1	None
22.5	1.5	8.0	A3	57.0	True	8.0	1.5	14.0	I	True	('A', 'C#', 'E')	A	A	0.0	major triad	(1, 4, 9)	A	A	1	None
22.75	0.25	8.0	E4	64.0	True	8.0	1.5	14.0	I	False	('A', 'C#', 'E')	A	A	0.0	major triad	(1, 4, 9)	A	A	1	None
23.0	0.25	8.0	C#4	61.0	True	8.0	1.5	14.0	I	False	('A', 'C#', 'E')	A	A	0.0	major triad	(1, 4, 9)	A	A	1	None
23.25	0.25	8.0	E4	64.0	True	8.0	1.5	14.0	I	False	('A', 'C#', 'E')	A	A	0.0	major triad	(1, 4, 9)	A	A	1	None
23.5	0.25	8.0	A3	57.0	True	8.0	1.5	14.0	I	False	('A', 'C#', 'E')	A	A	0.0	major triad	(1, 4, 9)	A	A	1	None
23.75	0.25	8.0	E4	64.0	True	8.0	1.5	14.0	I	False	('A', 'C#', 'E')	A	A	0.0	major triad	(1, 4, 9)	A	A	1	None
24.0	0.25	9.0	B3	59.0	True	9.0	1.5	15.0	V7	True	('E', 'G#', 'B', 'D')	E	E	0.0	dominant seventh chord	(2, 4, 8, 11)	A	A	5	None
24.0	1.5	9.0	D4	62.0	True	9.0	1.5	15.0	V7	True	('E', 'G#', 'B', 'D')	E	E	0.0	dominant seventh chord	(2, 4, 8, 11)	A	A	5	None
24.0	1.5	9.0	B3	59.0	True	9.0	1.5	15.0	V7	True	('E', 'G#', 'B', 'D')	E	E	0.0	dominant seventh chord	(2, 4, 8, 11)	A	A	5	None
24.0	1.5	9.0	G#3	56.0	True	9.0	1.5	15.0	V7	True	('E', 'G#', 'B', 'D')	E	E	0.0	dominant seventh chord	(2, 4, 8, 11)	A	A	5	None
24.25	0.25	9.0	E4	64.0	True	9.0	1.5	15.0	V7	False	('E', 'G#', 'B', 'D')	E	E	0.0	dominant seventh chord	(2, 4, 8, 11)	A	A	5	None
24.5	0.25	9.0	G#4	68.0	True	9.0	1.5	15.0	V7	False	('E', 'G#', 'B', 'D')	E	E	0.0	dominant seventh chord	(2, 4, 8, 11)	A	A	5	None
24.75	0.25	9.0	E4	64.0	True	9.0	1.5	15.0	V7	False	('E', 'G#', 'B', 'D')	E	E	0.0	dominant seventh chord	(2, 4, 8, 11)	A	A	5	None
25.0	0.25	9.0	E5	76.0	True	9.0	1.5	15.0	V7	False	('E', 'G#', 'B', 'D')	E	E	0.0	dominant seventh chord	(2, 4, 8, 11)	A	A	5	None
25.25	0.25	9.0	E4	64.0	True	9.0	1.5	15.0	V7	False	('E', 'G#', 'B', 'D')	E	E	0.0	dominant seventh chord	(2, 4, 8, 11)	A	A	5	None
25.5	1.5	9.0	A3	57.0	True	9.0	1.5	16.0	I	True	('A', 'C#', 'E')	A	A	0.0	major triad	(1, 4, 9)	A	A	1	None
25.5	1.5	9.0	C#4	61.0	True	9.0	1.5	16.0	I	True	('A', 'C#', 'E')	A	A	0.0	major triad	(1, 4, 9)	A	A	1	None
25.5	0.25	9.0	C#5	73.0	True	9.0	1.5	16.0	I	True	('A', 'C#', 'E')	A	A	0.0	major triad	(1, 4, 9)	A	A	1	None
25.5	1.5	9.0	C#4	61.0	True	9.0	1.5	16.0	I	True	('A', 'C#', 'E')	A	A	0.0	major triad	(1, 4, 9)	A	A	1	None
25.75	0.25	9.0	E4	64.0	True	9.0	1.5	16.0	I	False	('A', 'C#', 'E')	A	A	0.0	major triad	(1, 4, 9)	A	A	1	None
26.0	0.25	9.0	C#4	61.0	True	9.0	1.5	16.0	I	False	('A', 'C#', 'E')	A	A	0.0	major triad	(1, 4, 9)	A	A	1	None
26.25	0.25	9.0	E4	64.0	True	9.0	1.5	16.0	I	False	('A', 'C#', 'E')	A	A	0.0	major triad	(1, 4, 9)	A	A	1	None
26.5	0.25	9.0	A3	57.0	True	9.0	1.5	16.0	I	False	('A', 'C#', 'E')	A	A	0.0	major triad	(1, 4, 9)	A	A	1	None
26.75	0.25	9.0	E4	64.0	True	9.0	1.5	16.0	I	False	('A', 'C#', 'E')	A	A	0.0	major triad	(1, 4, 9)	A	A	1	None
27.0	1.5	10.0	G#3	56.0	True	10.0	1.5	17.0	V7	True	('E', 'G#', 'B', 'D')	E	E	0.0	dominant seventh chord	(2, 4, 8, 11)	A	A	5	None
27.0	1.5	10.0	B3	59.0	True	10.0	1.5	17.0	V7	True	('E', 'G#', 'B', 'D')	E	E	0.0	dominant seventh chord	(2, 4, 8, 11)	A	A	5	None
27.0	0.25	10.0	B3	59.0	True	10.0	1.5	17.0	V7	True	('E', 'G#', 'B', 'D')	E	E	0.0	dominant seventh chord	(2, 4, 8, 11)	A	A	5	None
27.0	1.5	10.0	D4	62.0	True	10.0	1.5	17.0	V7	True	('E', 'G#', 'B', 'D')	E	E	0.0	dominant seventh chord	(2, 4, 8, 11)	A	A	5	None
27.25	0.25	10.0	E4	64.0	True	10.0	1.5	17.0	V7	False	('E', 'G#', 'B', 'D')	E	E	0.0	dominant seventh chord	(2, 4, 8, 11)	A	A	5	None
27.5	0.25	10.0	G#4	68.0	True	10.0	1.5	17.0	V7	False	('E', 'G#', 'B', 'D')	E	E	0.0	dominant seventh chord	(2, 4, 8, 11)	A	A	5	None
27.75	0.25	10.0	E4	64.0	True	10.0	1.5	17.0	V7	False	('E', 'G#', 'B', 'D')	E	E	0.0	dominant seventh chord	(2, 4, 8, 11)	A	A	5	None
28.0	0.25	10.0	E5	76.0	True	10.0	1.5	17.0	V7	False	('E', 'G#', 'B', 'D')	E	E	0.0	dominant seventh chord	(2, 4, 8, 11)	A	A	5	None
28.25	0.25	10.0	E4	64.0	True	10.0	1.5	17.0	V7	False	('E', 'G#', 'B', 'D')	E	E	0.0	dominant seventh chord	(2, 4, 8, 11)	A	A	5	None
28.5	0.5	10.0	C#4	61.0	True	10.0	1.5	18.0	I	True	('A', 'C#', 'E')	A	A	0.0	major triad	(1, 4, 9)	A	A	1	None
28.5	0.5	10.0	C#5	73.0	True	10.0	1.5	18.0	I	True	('A', 'C#', 'E')	A	A	0.0	major triad	(1, 4, 9)	A	A	1	None
28.5	0.5	10.0	C#4	61.0	True	10.0	1.5	18.0	I	True	('A', 'C#', 'E')	A	A	0.0	major triad	(1, 4, 9)	A	A	1	None
28.5	0.5	10.0	A3	57.0	True	10.0	1.5	18.0	I	True	('A', 'C#', 'E')	A	A	0.0	major triad	(1, 4, 9)	A	A	1	None
30.0	1.5	11.0	A4	69.0	True	11.0	3.0	19.0	I	True	('A', 'C#', 'E')	A	A	0.0	major triad	(1, 4, 9)	A	A	1	None
30.5	0.5	11.0	C#4	61.0	True	11.0	3.0	19.0	I	False	('A', 'C#', 'E')	A	A	0.0	major triad	(1, 4, 9)	A	A	1	None
30.5	0.5	11.0	E4	64.0	True	11.0	3.0	19.0	I	False	('A', 'C#', 'E')	A	A	0.0	major triad	(1, 4, 9)	A	A	1	None
30.5	0.5	11.0	A3	57.0	True	11.0	3.0	19.0	I	False	('A', 'C#', 'E')	A	A	0.0	major triad	(1, 4, 9)	A	A	1	None
31.0	0.5	11.0	E4	64.0	True	11.0	3.0	19.0	I	False	('A', 'C#', 'E')	A	A	0.0	major triad	(1, 4, 9)	A	A	1	None
31.0	0.5	11.0	C#4	61.0	True	11.0	3.0	19.0	I	False	('A', 'C#', 'E')	A	A	0.0	major triad	(1, 4, 9)	A	A	1	None
31.0	0.5	11.0	A3	57.0	True	11.0	3.0	19.0	I	False	('A', 'C#', 'E')	A	A	0.0	major triad	(1, 4, 9)	A	A	1	None
31.5	1.0	11.0	A3	57.0	True	11.0	3.0	19.0	I	False	('A', 'C#', 'E')	A	A	0.0	major triad	(1, 4, 9)	A	A	1	None
31.5	1.0	11.0	E4	64.0	True	11.0	3.0	19.0	I	False	('A', 'C#', 'E')	A	A	0.0	major triad	(1, 4, 9)	A	A	1	None
31.5	1.0	11.0	C#4	61.0	True	11.0	3.0	19.0	I	False	('A', 'C#', 'E')	A	A	0.0	major triad	(1, 4, 9)	A	A	1	None
31.5	0.25	11.0	C#5	73.0	True	11.0	3.0	19.0	I	False	('A', 'C#', 'E')	A	A	0.0	major triad	(1, 4, 9)	A	A	1	None
31.75	0.25	11.0	A4	69.0	True	11.0	3.0	19.0	I	False	('A', 'C#', 'E')	A	A	0.0	major triad	(1, 4, 9)	A	A	1	None
32.0	0.25	11.0	E5	76.0	True	11.0	3.0	19.0	I	False	('A', 'C#', 'E')	A	A	0.0	major triad	(1, 4, 9)	A	A	1	None
32.25	0.25	11.0	C#5	73.0	True	11.0	3.0	19.0	I	False	('A', 'C#', 'E')	A	A	0.0	major triad	(1, 4, 9)	A	A	1	None
32.5	0.25	11.0	A4	69.0	True	11.0	3.0	19.0	I	False	('A', 'C#', 'E')	A	A	0.0	major triad	(1, 4, 9)	A	A	1	None
32.75	0.25	11.0	E4	64.0	True	11.0	3.0	19.0	I	False	('A', 'C#', 'E')	A	A	0.0	major triad	(1, 4, 9)	A	A	1	None
33.0	0.5	12.0	C#4	61.0	True	12.0	1.0	20.0	I	True	('A', 'C#', 'E')	A	A	0.0	major triad	(1, 4, 9)	A	A	1	None
33.5	0.5	12.0	A3	57.0	True	12.0	1.0	20.0	I	False	('A', 'C#', 'E')	A	A	0.0	major triad	(1, 4, 9)	A	A	1	None
34.0	0.5	12.0	E3	52.0	True	12.0	0.5	21.0	V	True	('E', 'G#', 'B')	E	E	0.0	major triad	(4, 8, 11)	A	A	5	None
34.0	0.5	12.0	E3	52.0	True	12.0	0.5	21.0	V	True	('E', 'G#', 'B')	E	E	0.0	major triad	(4, 8, 11)	A	A	5	None
34.0	0.5	12.0	G#3	56.0	True	12.0	0.5	21.0	V	True	('E', 'G#', 'B')	E	E	0.0	major triad	(4, 8, 11)	A	A	5	None
34.0	0.5	12.0	B3	59.0	True	12.0	0.5	21.0	V	True	('E', 'G#', 'B')	E	E	0.0	major triad	(4, 8, 11)	A	A	5	None
34.5	0.5	12.0	C#4	61.0	True	12.0	1.5	22.0	I	True	('A', 'C#', 'E')	A	A	0.0	major triad	(1, 4, 9)	A	A	1	None
34.5	1.0	12.0	A3	57.0	True	12.0	1.5	22.0	I	True	('A', 'C#', 'E')	A	A	0.0	major triad	(1, 4, 9)	A	A	1	None
34.5	1.0	12.0	E3	52.0	True	12.0	1.5	22.0	I	True	('A', 'C#', 'E')	A	A	0.0	major triad	(1, 4, 9)	A	A	1	None
34.5	1.0	12.0	A3	57.0	True	12.0	1.5	22.0	I	True	('A', 'C#', 'E')	A	A	0.0	major triad	(1, 4, 9)	A	A	1	None
35.0	0.5	12.0	A3	57.0	True	12.0	1.5	22.0	I	False	('A', 'C#', 'E')	A	A	0.0	major triad	(1, 4, 9)	A	A	1	None
36.0	0.5	13.0	D5	74.0	True	13.0	3.0	23.0	V	True	('E', 'G#', 'B')	E	E	0.0	major triad	(4, 8, 11)	A	A	5	None
36.0	0.5	13.0	B4	71.0	True	13.0	3.0	23.0	V	True	('E', 'G#', 'B')	E	E	0.0	major triad	(4, 8, 11)	A	A	5	None
36.5	0.5	13.0	G#4	68.0	True	13.0	3.0	23.0	V	False	('E', 'G#', 'B')	E	E	0.0	major triad	(4, 8, 11)	A	A	5	None
36.5	0.5	13.0	B4	71.0	True	13.0	3.0	23.0	V	False	('E', 'G#', 'B')	E	E	0.0	major triad	(4, 8, 11)	A	A	5	None
37.0	0.5	13.0	C#5	73.0	True	13.0	3.0	23.0	V	False	('E', 'G#', 'B')	E	E	0.0	major triad	(4, 8, 11)	A	A	5	None
37.0	0.5	13.0	A4	69.0	True	13.0	3.0	23.0	V	False	('E', 'G#', 'B')	E	E	0.0	major triad	(4, 8, 11)	A	A	5	None
37.5	0.5	13.0	D5	74.0	True	13.0	3.0	23.0	V	False	('E', 'G#', 'B')	E	E	0.0	major triad	(4, 8, 11)	A	A	5	None
37.5	0.5	13.0	B4	71.0	True	13.0	3.0	23.0	V	False	('E', 'G#', 'B')	E	E	0.0	major triad	(4, 8, 11)	A	A	5	None
38.0	0.5	13.0	B4	71.0	True	13.0	3.0	23.0	V	False	('E', 'G#', 'B')	E	E	0.0	major triad	(4, 8, 11)	A	A	5	None
38.0	0.5	13.0	G#4	68.0	True	13.0	3.0	23.0	V	False	('E', 'G#', 'B')	E	E	0.0	major triad	(4, 8, 11)	A	A	5	None
39.0	0.5	14.0	A3	57.0	True	14.0	3.0	24.0	I	True	('A', 'C#', 'E')	A	A	0.0	major triad	(1, 4, 9)	A	A	1	None
39.0	0.5	14.0	A4	69.0	True	14.0	3.0	24.0	I	True	('A', 'C#', 'E')	A	A	0.0	major triad	(1, 4, 9)	A	A	1	None
39.0	0.5	14.0	C#5	73.0	True	14.0	3.0	24.0	I	True	('A', 'C#', 'E')	A	A	0.0	major triad	(1, 4, 9)	A	A	1	None
39.0	0.5	14.0	E4	64.0	True	14.0	3.0	24.0	I	True	('A', 'C#', 'E')	A	A	0.0	major triad	(1, 4, 9)	A	A	1	None
39.5	0.5	14.0	C#5	73.0	True	14.0	3.0	24.0	I	False	('A', 'C#', 'E')	A	A	0.0	major triad	(1, 4, 9)	A	A	1	None
39.5	0.5	14.0	E4	64.0	True	14.0	3.0	24.0	I	False	('A', 'C#', 'E')	A	A	0.0	major triad	(1, 4, 9)	A	A	1	None
39.5	0.5	14.0	A4	69.0	True	14.0	3.0	24.0	I	False	('A', 'C#', 'E')	A	A	0.0	major triad	(1, 4, 9)	A	A	1	None
39.5	0.5	14.0	A3	57.0	True	14.0	3.0	24.0	I	False	('A', 'C#', 'E')	A	A	0.0	major triad	(1, 4, 9)	A	A	1	None
40.0	0.5	14.0	A4	69.0	True	14.0	3.0	24.0	I	False	('A', 'C#', 'E')	A	A	0.0	major triad	(1, 4, 9)	A	A	1	None
40.0	0.5	14.0	C#5	73.0	True	14.0	3.0	24.0	I	False	('A', 'C#', 'E')	A	A	0.0	major triad	(1, 4, 9)	A	A	1	None
40.0	0.5	14.0	E4	64.0	True	14.0	3.0	24.0	I	False	('A', 'C#', 'E')	A	A	0.0	major triad	(1, 4, 9)	A	A	1	None
40.0	0.5	14.0	A3	57.0	True	14.0	3.0	24.0	I	False	('A', 'C#', 'E')	A	A	0.0	major triad	(1, 4, 9)	A	A	1	None
40.5	0.5	14.0	F#3	54.0	True	14.0	3.0	24.0	I	False	('A', 'C#', 'E')	A	A	0.0	major triad	(1, 4, 9)	A	A	1	None
40.5	0.5	14.0	F#4	66.0	True	14.0	3.0	24.0	I	False	('A', 'C#', 'E')	A	A	0.0	major triad	(1, 4, 9)	A	A	1	None
40.5	0.5	14.0	A4	69.0	True	14.0	3.0	24.0	I	False	('A', 'C#', 'E')	A	A	0.0	major triad	(1, 4, 9)	A	A	1	None
40.5	0.5	14.0	C#5	73.0	True	14.0	3.0	24.0	I	False	('A', 'C#', 'E')	A	A	0.0	major triad	(1, 4, 9)	A	A	1	None
41.0	0.25	14.0	C#5	73.0	True	14.0	3.0	24.0	I	False	('A', 'C#', 'E')	A	A	0.0	major triad	(1, 4, 9)	A	A	1	None
41.0	0.5	14.0	A4	69.0	True	14.0	3.0	24.0	I	False	('A', 'C#', 'E')	A	A	0.0	major triad	(1, 4, 9)	A	A	1	None
41.0	0.5	14.0	F#4	66.0	True	14.0	3.0	24.0	I	False	('A', 'C#', 'E')	A	A	0.0	major triad	(1, 4, 9)	A	A	1	None
41.0	0.5	14.0	F#3	54.0	True	14.0	3.0	24.0	I	False	('A', 'C#', 'E')	A	A	0.0	major triad	(1, 4, 9)	A	A	1	None
41.25	0.25	14.0	D5	74.0	True	14.0	3.0	24.0	I	False	('A', 'C#', 'E')	A	A	0.0	major triad	(1, 4, 9)	A	A	1	None
41.5	0.5	14.0	F#3	54.0	True	14.0	3.0	24.0	I	False	('A', 'C#', 'E')	A	A	0.0	major triad	(1, 4, 9)	A	A	1	None
41.5	0.5	14.0	F#4	66.0	True	14.0	3.0	24.0	I	False	('A', 'C#', 'E')	A	A	0.0	major triad	(1, 4, 9)	A	A	1	None
41.5	0.5	14.0	C#5	73.0	True	14.0	3.0	24.0	I	False	('A', 'C#', 'E')	A	A	0.0	major triad	(1, 4, 9)	A	A	1	None
41.5	0.5	14.0	A4	69.0	True	14.0	3.0	24.0	I	False	('A', 'C#', 'E')	A	A	0.0	major triad	(1, 4, 9)	A	A	1	None
42.0	2.0	15.0	B5	83.0	True	15.0	3.0	25.0	V7/vi	True	('C#', 'E#', 'G#', 'B')	C#	C#	0.0	dominant seventh chord	(1, 5, 8, 11)	A	f#	5	6
42.0	1.5	15.0	G#5	80.0	True	15.0	3.0	25.0	V7/vi	True	('C#', 'E#', 'G#', 'B')	C#	C#	0.0	dominant seventh chord	(1, 5, 8, 11)	A	f#	5	6
42.0	2.0	15.0	C#5	73.0	True	15.0	3.0	25.0	V7/vi	True	('C#', 'E#', 'G#', 'B')	C#	C#	0.0	dominant seventh chord	(1, 5, 8, 11)	A	f#	5	6
42.0	3.0	15.0	E#3	53.0	True	15.0	3.0	25.0	V7/vi	True	('C#', 'E#', 'G#', 'B')	C#	C#	0.0	dominant seventh chord	(1, 5, 8, 11)	A	f#	5	6
43.5	1.0	15.0	G#5	80.0	False	15.0	3.0	25.0	V7/vi	False	('C#', 'E#', 'G#', 'B')	C#	C#	0.0	dominant seventh chord	(1, 5, 8, 11)	A	f#	5	6
44.0	0.5	15.0	C#5	73.0	False	15.0	3.0	25.0	V7/vi	False	('C#', 'E#', 'G#', 'B')	C#	C#	0.0	dominant seventh chord	(1, 5, 8, 11)	A	f#	5	6
44.0	0.5	15.0	B5	83.0	False	15.0	3.0	25.0	V7/vi	False	('C#', 'E#', 'G#', 'B')	C#	C#	0.0	dominant seventh chord	(1, 5, 8, 11)	A	f#	5	6
44.5	0.5	15.0	C#5	73.0	True	15.0	3.0	25.0	V7/vi	False	('C#', 'E#', 'G#', 'B')	C#	C#	0.0	dominant seventh chord	(1, 5, 8, 11)	A	f#	5	6
44.5	0.5	15.0	B4	71.0	True	15.0	3.0	25.0	V7/vi	False	('C#', 'E#', 'G#', 'B')	C#	C#	0.0	dominant seventh chord	(1, 5, 8, 11)	A	f#	5	6
44.5	0.25	15.0	G#5	80.0	True	15.0	3.0	25.0	V7/vi	False	('C#', 'E#', 'G#', 'B')	C#	C#	0.0	dominant seventh chord	(1, 5, 8, 11)	A	f#	5	6
44.75	0.125	15.0	F#5	78.0	True	15.0	3.0	25.0	V7/vi	False	('C#', 'E#', 'G#', 'B')	C#	C#	0.0	dominant seventh chord	(1, 5, 8, 11)	A	f#	5	6
44.875	0.125	15.0	G#5	80.0	True	15.0	3.0	25.0	V7/vi	False	('C#', 'E#', 'G#', 'B')	C#	C#	0.0	dominant seventh chord	(1, 5, 8, 11)	A	f#	5	6
45.0	0.5	16.0	A5	81.0	True	16.0	3.0	26.0	vi	True	('F#', 'A', 'C#')	F#	F#	0.0	minor triad	(1, 6, 9)	A	A	6	None
45.0	1.0	16.0	C#5	73.0	True	16.0	3.0	26.0	vi	True	('F#', 'A', 'C#')	F#	F#	0.0	minor triad	(1, 6, 9)	A	A	6	None
45.0	1.0	16.0	A4	69.0	True	16.0	3.0	26.0	vi	True	('F#', 'A', 'C#')	F#	F#	0.0	minor triad	(1, 6, 9)	A	A	6	None
45.0	1.0	16.0	F#3	54.0	True	16.0	3.0	26.0	vi	True	('F#', 'A', 'C#')	F#	F#	0.0	minor triad	(1, 6, 9)	A	A	6	None
45.5	0.25	16.0	E#5	77.0	True	16.0	3.0	26.0	vi	False	('F#', 'A', 'C#')	F#	F#	0.0	minor triad	(1, 6, 9)	A	A	6	None
45.75	0.125	16.0	D#5	75.0	True	16.0	3.0	26.0	vi	False	('F#', 'A', 'C#')	F#	F#	0.0	minor triad	(1, 6, 9)	A	A	6	None
45.875	0.125	16.0	E#5	77.0	True	16.0	3.0	26.0	vi	False	('F#', 'A', 'C#')	F#	F#	0.0	minor triad	(1, 6, 9)	A	A	6	None
46.0	0.5	16.0	F#5	78.0	True	16.0	3.0	26.0	vi	False	('F#', 'A', 'C#')	F#	F#	0.0	minor triad	(1, 6, 9)	A	A	6	None
46.5	0.25	16.0	C#5	73.0	True	16.0	3.0	26.0	vi	False	('F#', 'A', 'C#')	F#	F#	0.0	minor triad	(1, 6, 9)	A	A	6	None
46.75	0.125	16.0	B4	71.0	True	16.0	3.0	26.0	vi	False	('F#', 'A', 'C#')	F#	F#	0.0	minor triad	(1, 6, 9)	A	A	6	None
46.875	0.125	16.0	C#5	73.0	True	16.0	3.0	26.0	vi	False	('F#', 'A', 'C#')	F#	F#	0.0	minor triad	(1, 6, 9)	A	A	6	None
47.0	0.5	16.0	D5	74.0	True	16.0	3.0	26.0	vi	False	('F#', 'A', 'C#')	F#	F#	0.0	minor triad	(1, 6, 9)	A	A	6	None
47.5	0.25	16.0	B4	71.0	True	16.0	3.0	26.0	vi	False	('F#', 'A', 'C#')	F#	F#	0.0	minor triad	(1, 6, 9)	A	A	6	None
47.75	0.125	16.0	A4	69.0	True	16.0	3.0	26.0	vi	False	('F#', 'A', 'C#')	F#	F#	0.0	minor triad	(1, 6, 9)	A	A	6	None
47.875	0.125	16.0	B4	71.0	True	16.0	3.0	26.0	vi	False	('F#', 'A', 'C#')	F#	F#	0.0	minor triad	(1, 6, 9)	A	A	6	None
48.0	0.5	17.0	C#5	73.0	True	17.0	3.0	27.0	vi	True	('F#', 'A', 'C#')	F#	F#	0.0	minor triad	(1, 6, 9)	A	A	6	None
48.5	0.25	17.0	G#4	68.0	True	17.0	3.0	27.0	vi	False	('F#', 'A', 'C#')	F#	F#	0.0	minor triad	(1, 6, 9)	A	A	6	None
48.75	0.125	17.0	F#4	66.0	True	17.0	3.0	27.0	vi	False	('F#', 'A', 'C#')	F#	F#	0.0	minor triad	(1, 6, 9)	A	A	6	None
48.875	0.125	17.0	G#4	68.0	True	17.0	3.0	27.0	vi	False	('F#', 'A', 'C#')	F#	F#	0.0	minor triad	(1, 6, 9)	A	A	6	None
49.0	0.5	17.0	A4	69.0	True	17.0	3.0	27.0	vi	False	('F#', 'A', 'C#')	F#	F#	0.0	minor triad	(1, 6, 9)	A	A	6	None
49.5	0.5	17.0	E#4	65.0	True	17.0	3.0	27.0	vi	False	('F#', 'A', 'C#')	F#	F#	0.0	minor triad	(1, 6, 9)	A	A	6	None
49.5	0.5	17.0	E#4	65.0	True	17.0	3.0	27.0	vi	False	('F#', 'A', 'C#')	F#	F#	0.0	minor triad	(1, 6, 9)	A	A	6	None
49.5	0.5	17.0	E#4	65.0	True	17.0	3.0	27.0	vi	False	('F#', 'A', 'C#')	F#	F#	0.0	minor triad	(1, 6, 9)	A	A	6	None
49.5	0.5	17.0	E#3	53.0	True	17.0	3.0	27.0	vi	False	('F#', 'A', 'C#')	F#	F#	0.0	minor triad	(1, 6, 9)	A	A	6	None
50.0	0.5	17.0	F#4	66.0	True	17.0	3.0	27.0	vi	False	('F#', 'A', 'C#')	F#	F#	0.0	minor triad	(1, 6, 9)	A	A	6	None
50.0	0.5	17.0	F#3	54.0	True	17.0	3.0	27.0	vi	False	('F#', 'A', 'C#')	F#	F#	0.0	minor triad	(1, 6, 9)	A	A	6	None
50.0	0.5	17.0	F#4	66.0	True	17.0	3.0	27.0	vi	False	('F#', 'A', 'C#')	F#	F#	0.0	minor triad	(1, 6, 9)	A	A	6	None
50.0	0.5	17.0	F#4	66.0	True	17.0	3.0	27.0	vi	False	('F#', 'A', 'C#')	F#	F#	0.0	minor triad	(1, 6, 9)	A	A	6	None
50.5	0.5	17.0	A4	69.0	True	17.0	3.0	27.0	vi	False	('F#', 'A', 'C#')	F#	F#	0.0	minor triad	(1, 6, 9)	A	A	6	None
50.5	0.5	17.0	A4	69.0	True	17.0	3.0	27.0	vi	False	('F#', 'A', 'C#')	F#	F#	0.0	minor triad	(1, 6, 9)	A	A	6	None
50.5	0.5	17.0	A4	69.0	True	17.0	3.0	27.0	vi	False	('F#', 'A', 'C#')	F#	F#	0.0	minor triad	(1, 6, 9)	A	A	6	None
50.5	0.5	17.0	A3	57.0	True	17.0	3.0	27.0	vi	False	('F#', 'A', 'C#')	F#	F#	0.0	minor triad	(1, 6, 9)	A	A	6	None
51.0	1.5	18.0	C4	60.0	True	18.0	1.5	28.0	vi	True	('F#', 'A', 'C#')	F#	F#	0.0	minor triad	(1, 6, 9)	A	A	6	None
51.0	1.5	18.0	C4	60.0	True	18.0	1.5	28.0	vi	True	('F#', 'A', 'C#')	F#	F#	0.0	minor triad	(1, 6, 9)	A	A	6	None
51.0	1.5	18.0	C4	60.0	True	18.0	1.5	28.0	vi	True	('F#', 'A', 'C#')	F#	F#	0.0	minor triad	(1, 6, 9)	A	A	6	None
51.0	1.5	18.0	C3	48.0	True	18.0	1.5	28.0	vi	True	('F#', 'A', 'C#')	F#	F#	0.0	minor triad	(1, 6, 9)	A	A	6	None
52.5	1.0	18.0	B2	47.0	True	18.0	1.5	29.0	V/V	True	('B', 'D#', 'F#')	B	B	0.0	major triad	(3, 6, 11)	A	E	5	5
52.5	1.0	18.0	B3	59.0	True	18.0	1.5	29.0	V/V	True	('B', 'D#', 'F#')	B	B	0.0	major triad	(3, 6, 11)	A	E	5	5
52.5	1.0	18.0	B3	59.0	True	18.0	1.5	29.0	V/V	True	('B', 'D#', 'F#')	B	B	0.0	major triad	(3, 6, 11)	A	E	5	5
52.5	1.0	18.0	B3	59.0	True	18.0	1.5	29.0	V/V	True	('B', 'D#', 'F#')	B	B	0.0	major triad	(3, 6, 11)	A	E	5	5
53.5	0.5	18.0	A#3	58.0	True	18.0	1.5	29.0	V/V	False	('B', 'D#', 'F#')	B	B	0.0	major triad	(3, 6, 11)	A	E	5	5
53.5	0.5	18.0	A#3	58.0	True	18.0	1.5	29.0	V/V	False	('B', 'D#', 'F#')	B	B	0.0	major triad	(3, 6, 11)	A	E	5	5
53.5	0.5	18.0	A#3	58.0	True	18.0	1.5	29.0	V/V	False	('B', 'D#', 'F#')	B	B	0.0	major triad	(3, 6, 11)	A	E	5	5
53.5	0.5	18.0	A#2	46.0	True	18.0	1.5	29.0	V/V	False	('B', 'D#', 'F#')	B	B	0.0	major triad	(3, 6, 11)	A	E	5	5
54.0	1.0	19.0	B3	59.0	True	19.0	3.0	30.0	V7/V	True	('B', 'D#', 'F#', 'A')	B	B	0.0	dominant seventh chord	(3, 6, 9, 11)	A	E	5	5
54.0	0.5	19.0	B3	59.0	True	19.0	3.0	30.0	V7/V	True	('B', 'D#', 'F#', 'A')	B	B	0.0	dominant seventh chord	(3, 6, 9, 11)	A	E	5	5
54.0	0.5	19.0	B3	59.0	True	19.0	3.0	30.0	V7/V	True	('B', 'D#', 'F#', 'A')	B	B	0.0	dominant seventh chord	(3, 6, 9, 11)	A	E	5	5
54.0	1.0	19.0	B2	47.0	True	19.0	3.0	30.0	V7/V	True	('B', 'D#', 'F#', 'A')	B	B	0.0	dominant seventh chord	(3, 6, 9, 11)	A	E	5	5
54.5	0.5	19.0	F#4	66.0	True	19.0	3.0	30.0	V7/V	False	('B', 'D#', 'F#', 'A')	B	B	0.0	dominant seventh chord	(3, 6, 9, 11)	A	E	5	5
54.5	0.5	19.0	A4	69.0	True	19.0	3.0	30.0	V7/V	False	('B', 'D#', 'F#', 'A')	B	B	0.0	dominant seventh chord	(3, 6, 9, 11)	A	E	5	5
55.0	0.5	19.0	B3	59.0	True	19.0	3.0	30.0	V7/V	False	('B', 'D#', 'F#', 'A')	B	B	0.0	dominant seventh chord	(3, 6, 9, 11)	A	E	5	5
55.0	0.5	19.0	A4	69.0	True	19.0	3.0	30.0	V7/V	False	('B', 'D#', 'F#', 'A')	B	B	0.0	dominant seventh chord	(3, 6, 9, 11)	A	E	5	5
55.0	0.5	19.0	F#4	66.0	True	19.0	3.0	30.0	V7/V	False	('B', 'D#', 'F#', 'A')	B	B	0.0	dominant seventh chord	(3, 6, 9, 11)	A	E	5	5
55.5	1.0	19.0	D#4	63.0	True	19.0	3.0	30.0	V7/V	False	('B', 'D#', 'F#', 'A')	B	B	0.0	dominant seventh chord	(3, 6, 9, 11)	A	E	5	5
55.5	1.0	19.0	B2	47.0	True	19.0	3.0	30.0	V7/V	False	('B', 'D#', 'F#', 'A')	B	B	0.0	dominant seventh chord	(3, 6, 9, 11)	A	E	5	5
56.0	0.5	19.0	A4	69.0	True	19.0	3.0	30.0	V7/V	False	('B', 'D#', 'F#', 'A')	B	B	0.0	dominant seventh chord	(3, 6, 9, 11)	A	E	5	5
56.0	0.5	19.0	F#4	66.0	True	19.0	3.0	30.0	V7/V	False	('B', 'D#', 'F#', 'A')	B	B	0.0	dominant seventh chord	(3, 6, 9, 11)	A	E	5	5
56.5	0.5	19.0	F#4	66.0	True	19.0	3.0	30.0	V7/V	False	('B', 'D#', 'F#', 'A')	B	B	0.0	dominant seventh chord	(3, 6, 9, 11)	A	E	5	5
56.5	0.5	19.0	A4	69.0	True	19.0	3.0	30.0	V7/V	False	('B', 'D#', 'F#', 'A')	B	B	0.0	dominant seventh chord	(3, 6, 9, 11)	A	E	5	5
56.5	0.5	19.0	D#4	63.0	True	19.0	3.0	30.0	V7/V	False	('B', 'D#', 'F#', 'A')	B	B	0.0	dominant seventh chord	(3, 6, 9, 11)	A	E	5	5
57.0	1.0	20.0	F#4	66.0	True	20.0	3.0	31.0	V7/V	True	('B', 'D#', 'F#', 'A')	B	B	0.0	dominant seventh chord	(3, 6, 9, 11)	A	E	5	5
57.0	1.0	20.0	B2	47.0	True	20.0	3.0	31.0	V7/V	True	('B', 'D#', 'F#', 'A')	B	B	0.0	dominant seventh chord	(3, 6, 9, 11)	A	E	5	5
57.5	0.5	20.0	A4	69.0	True	20.0	3.0	31.0	V7/V	False	('B', 'D#', 'F#', 'A')	B	B	0.0	dominant seventh chord	(3, 6, 9, 11)	A	E	5	5
57.5	0.5	20.0	D#4	63.0	True	20.0	3.0	31.0	V7/V	False	('B', 'D#', 'F#', 'A')	B	B	0.0	dominant seventh chord	(3, 6, 9, 11)	A	E	5	5
58.0	0.5	20.0	F#4	66.0	True	20.0	3.0	31.0	V7/V	False	('B', 'D#', 'F#', 'A')	B	B	0.0	dominant seventh chord	(3, 6, 9, 11)	A	E	5	5
58.0	0.5	20.0	A4	69.0	True	20.0	3.0	31.0	V7/V	False	('B', 'D#', 'F#', 'A')	B	B	0.0	dominant seventh chord	(3, 6, 9, 11)	A	E	5	5
58.0	0.5	20.0	D#4	63.0	True	20.0	3.0	31.0	V7/V	False	('B', 'D#', 'F#', 'A')	B	B	0.0	dominant seventh chord	(3, 6, 9, 11)	A	E	5	5
58.5	1.0	20.0	B2	47.0	True	20.0	3.0	31.0	V7/V	False	('B', 'D#', 'F#', 'A')	B	B	0.0	dominant seventh chord	(3, 6, 9, 11)	A	E	5	5
58.5	1.0	20.0	A4	69.0	True	20.0	3.0	31.0	V7/V	False	('B', 'D#', 'F#', 'A')	B	B	0.0	dominant seventh chord	(3, 6, 9, 11)	A	E	5	5
59.0	0.5	20.0	F#4	66.0	True	20.0	3.0	31.0	V7/V	False	('B', 'D#', 'F#', 'A')	B	B	0.0	dominant seventh chord	(3, 6, 9, 11)	A	E	5	5
59.0	0.5	20.0	D#4	63.0	True	20.0	3.0	31.0	V7/V	False	('B', 'D#', 'F#', 'A')	B	B	0.0	dominant seventh chord	(3, 6, 9, 11)	A	E	5	5
59.5	0.5	20.0	A4	69.0	True	20.0	3.0	31.0	V7/V	False	('B', 'D#', 'F#', 'A')	B	B	0.0	dominant seventh chord	(3, 6, 9, 11)	A	E	5	5
59.5	0.5	20.0	F#4	66.0	True	20.0	3.0	31.0	V7/V	False	('B', 'D#', 'F#', 'A')	B	B	0.0	dominant seventh chord	(3, 6, 9, 11)	A	E	5	5
59.5	0.5	20.0	D#4	63.0	True	20.0	3.0	31.0	V7/V	False	('B', 'D#', 'F#', 'A')	B	B	0.0	dominant seventh chord	(3, 6, 9, 11)	A	E	5	5
60.0	1.0	21.0	B2	47.0	True	21.0	3.0	32.0	V7/V	True	('B', 'D#', 'F#', 'A')	B	B	0.0	dominant seventh chord	(3, 6, 9, 11)	A	E	5	5
60.0	2.0	21.0	C#5	73.0	True	21.0	3.0	32.0	V7/V	True	('B', 'D#', 'F#', 'A')	B	B	0.0	dominant seventh chord	(3, 6, 9, 11)	A	E	5	5
60.0	2.0	21.0	A4	69.0	True	21.0	3.0	32.0	V7/V	True	('B', 'D#', 'F#', 'A')	B	B	0.0	dominant seventh chord	(3, 6, 9, 11)	A	E	5	5
60.5	0.5	21.0	D#4	63.0	True	21.0	3.0	32.0	V7/V	False	('B', 'D#', 'F#', 'A')	B	B	0.0	dominant seventh chord	(3, 6, 9, 11)	A	E	5	5
61.0	0.5	21.0	D#4	63.0	True	21.0	3.0	32.0	V7/V	False	('B', 'D#', 'F#', 'A')	B	B	0.0	dominant seventh chord	(3, 6, 9, 11)	A	E	5	5
61.5	0.5	21.0	D#4	63.0	True	21.0	3.0	32.0	V7/V	False	('B', 'D#', 'F#', 'A')	B	B	0.0	dominant seventh chord	(3, 6, 9, 11)	A	E	5	5
62.0	0.5	21.0	B4	71.0	True	21.0	3.0	32.0	V7/V	False	('B', 'D#', 'F#', 'A')	B	B	0.0	dominant seventh chord	(3, 6, 9, 11)	A	E	5	5
62.0	0.5	21.0	G#4	68.0	True	21.0	3.0	32.0	V7/V	False	('B', 'D#', 'F#', 'A')	B	B	0.0	dominant seventh chord	(3, 6, 9, 11)	A	E	5	5
62.0	0.5	21.0	D#4	63.0	True	21.0	3.0	32.0	V7/V	False	('B', 'D#', 'F#', 'A')	B	B	0.0	dominant seventh chord	(3, 6, 9, 11)	A	E	5	5
62.5	0.5	21.0	A4	69.0	True	21.0	3.0	32.0	V7/V	False	('B', 'D#', 'F#', 'A')	B	B	0.0	dominant seventh chord	(3, 6, 9, 11)	A	E	5	5
62.5	0.5	21.0	F#4	66.0	True	21.0	3.0	32.0	V7/V	False	('B', 'D#', 'F#', 'A')	B	B	0.0	dominant seventh chord	(3, 6, 9, 11)	A	E	5	5
62.5	0.5	21.0	D#4	63.0	True	21.0	3.0	32.0	V7/V	False	('B', 'D#', 'F#', 'A')	B	B	0.0	dominant seventh chord	(3, 6, 9, 11)	A	E	5	5
63.0	2.0	22.0	E4	64.0	True	22.0	1.5	33.0	I	True	('E', 'G#', 'B')	E	E	0.0	major triad	(4, 8, 11)	E	E	1	None
63.0	1.0	22.0	E4	64.0	True	22.0	1.5	33.0	I	True	('E', 'G#', 'B')	E	E	0.0	major triad	(4, 8, 11)	E	E	1	None
63.0	0.25	22.0	G#4	68.0	True	22.0	1.5	33.0	I	True	('E', 'G#', 'B')	E	E	0.0	major triad	(4, 8, 11)	E	E	1	None
63.25	0.25	22.0	B4	71.0	True	22.0	1.5	33.0	I	False	('E', 'G#', 'B')	E	E	0.0	major triad	(4, 8, 11)	E	E	1	None
63.5	0.25	22.0	G#4	68.0	True	22.0	1.5	33.0	I	False	('E', 'G#', 'B')	E	E	0.0	major triad	(4, 8, 11)	E	E	1	None
63.75	0.25	22.0	B4	71.0	True	22.0	1.5	33.0	I	False	('E', 'G#', 'B')	E	E	0.0	major triad	(4, 8, 11)	E	E	1	None
64.0	0.25	22.0	A4	69.0	True	22.0	1.5	33.0	I	False	('E', 'G#', 'B')	E	E	0.0	major triad	(4, 8, 11)	E	E	1	None
64.25	0.25	22.0	C#5	73.0	True	22.0	1.5	33.0	I	False	('E', 'G#', 'B')	E	E	0.0	major triad	(4, 8, 11)	E	E	1	None
64.5	0.5	22.0	F#4	66.0	True	22.0	1.5	34.0	ii	True	('F#', 'A', 'C#')	F#	F#	0.0	minor triad	(1, 6, 9)	E	E	2	None
65.0	0.5	22.0	D#4	63.0	True	22.0	1.5	34.0	ii	False	('F#', 'A', 'C#')	F#	F#	0.0	minor triad	(1, 6, 9)	E	E	2	None
65.5	0.5	22.0	C#4	61.0	True	22.0	1.5	34.0	ii	False	('F#', 'A', 'C#')	F#	F#	0.0	minor triad	(1, 6, 9)	E	E	2	None
66.0	0.25	23.0	F#4	66.0	True	23.0	1.5	35.0	viio	True	('D#', 'F#', 'A')	D#	D#	0.0	diminished triad	(3, 6, 9)	E	E	7	None
66.0	2.0	23.0	D#4	63.0	True	23.0	1.5	35.0	viio	True	('D#', 'F#', 'A')	D#	D#	0.0	diminished triad	(3, 6, 9)	E	E	7	None
66.25	0.25	23.0	A4	69.0	True	23.0	1.5	35.0	viio	False	('D#', 'F#', 'A')	D#	D#	0.0	diminished triad	(3, 6, 9)	E	E	7	None
66.5	0.25	23.0	F#4	66.0	True	23.0	1.5	35.0	viio	False	('D#', 'F#', 'A')	D#	D#	0.0	diminished triad	(3, 6, 9)	E	E	7	None
66.75	0.25	23.0	A4	69.0	True	23.0	1.5	35.0	viio	False	('D#', 'F#', 'A')	D#	D#	0.0	diminished triad	(3, 6, 9)	E	E	7	None
67.0	0.25	23.0	G#4	68.0	True	23.0	1.5	35.0	viio	False	('D#', 'F#', 'A')	D#	D#	0.0	diminished triad	(3, 6, 9)	E	E	7	None
67.25	0.25	23.0	B4	71.0	True	23.0	1.5	35.0	viio	False	('D#', 'F#', 'A')	D#	D#	0.0	diminished triad	(3, 6, 9)	E	E	7	None
67.5	0.5	23.0	E4	64.0	True	23.0	1.5	36.0	I	True	('E', 'G#', 'B')	E	E	0.0	major triad	(4, 8, 11)	E	E	1	None
68.0	0.5	23.0	C#4	61.0	True	23.0	1.5	36.0	I	False	('E', 'G#', 'B')	E	E	0.0	major triad	(4, 8, 11)	E	E	1	None
68.5	0.5	23.0	B3	59.0	True	23.0	1.5	36.0	I	False	('E', 'G#', 'B')	E	E	0.0	major triad	(4, 8, 11)	E	E	1	None
69.0	2.0	24.0	C#4	61.0	True	24.0	1.5	37.0	vi	True	('C#', 'E', 'G#')	C#	C#	0.0	minor triad	(1, 4, 8)	E	E	6	None
69.0	0.25	24.0	E4	64.0	True	24.0	1.5	37.0	vi	True	('C#', 'E', 'G#')	C#	C#	0.0	minor triad	(1, 4, 8)	E	E	6	None
69.25	0.25	24.0	G#4	68.0	True	24.0	1.5	37.0	vi	False	('C#', 'E', 'G#')	C#	C#	0.0	minor triad	(1, 4, 8)	E	E	6	None
69.5	0.25	24.0	E4	64.0	True	24.0	1.5	37.0	vi	False	('C#', 'E', 'G#')	C#	C#	0.0	minor triad	(1, 4, 8)	E	E	6	None
69.75	0.25	24.0	G#4	68.0	True	24.0	1.5	37.0	vi	False	('C#', 'E', 'G#')	C#	C#	0.0	minor triad	(1, 4, 8)	E	E	6	None
70.0	0.25	24.0	F#4	66.0	True	24.0	1.5	37.0	vi	False	('C#', 'E', 'G#')	C#	C#	0.0	minor triad	(1, 4, 8)	E	E	6	None
70.25	0.25	24.0	A4	69.0	True	24.0	1.5	37.0	vi	False	('C#', 'E', 'G#')	C#	C#	0.0	minor triad	(1, 4, 8)	E	E	6	None
70.5	0.25	24.0	D#4	63.0	True	24.0	1.0	38.0	V7	True	('B', 'D#', 'F#', 'A')	B	B	0.0	dominant seventh chord	(3, 6, 9, 11)	E	E	5	None
70.75	0.25	24.0	F#4	66.0	True	24.0	1.0	38.0	V7	False	('B', 'D#', 'F#', 'A')	B	B	0.0	dominant seventh chord	(3, 6, 9, 11)	E	E	5	None
71.0	0.25	24.0	D#4	63.0	True	24.0	1.0	38.0	V7	False	('B', 'D#', 'F#', 'A')	B	B	0.0	dominant seventh chord	(3, 6, 9, 11)	E	E	5	None
71.0	0.5	24.0	B3	59.0	True	24.0	1.0	38.0	V7	False	('B', 'D#', 'F#', 'A')	B	B	0.0	dominant seventh chord	(3, 6, 9, 11)	E	E	5	None
71.25	0.25	24.0	F#4	66.0	True	24.0	1.0	38.0	V7	False	('B', 'D#', 'F#', 'A')	B	B	0.0	dominant seventh chord	(3, 6, 9, 11)	E	E	5	None
71.5	0.25	24.0	E4	64.0	True	24.0	0.5	39.0	I	True	('E', 'G#', 'B')	E	E	0.0	major triad	(4, 8, 11)	E	E	1	None
71.5	0.5	24.0	A3	57.0	True	24.0	0.5	39.0	I	True	('E', 'G#', 'B')	E	E	0.0	major triad	(4, 8, 11)	E	E	1	None
71.75	0.25	24.0	G#4	68.0	True	24.0	0.5	39.0	I	False	('E', 'G#', 'B')	E	E	0.0	major triad	(4, 8, 11)	E	E	1	None
72.0	0.25	25.0	C#4	61.0	True	25.0	1.5	40.0	IV	True	('A', 'C#', 'E')	A	A	0.0	major triad	(1, 4, 9)	E	E	4	None
72.0	3.0	25.0	A3	57.0	True	25.0	1.5	40.0	IV	True	('A', 'C#', 'E')	A	A	0.0	major triad	(1, 4, 9)	E	E	4	None
72.25	0.25	25.0	E4	64.0	True	25.0	1.5	40.0	IV	False	('A', 'C#', 'E')	A	A	0.0	major triad	(1, 4, 9)	E	E	4	None
72.5	0.25	25.0	C#4	61.0	True	25.0	1.5	40.0	IV	False	('A', 'C#', 'E')	A	A	0.0	major triad	(1, 4, 9)	E	E	4	None
72.75	0.25	25.0	E4	64.0	True	25.0	1.5	40.0	IV	False	('A', 'C#', 'E')	A	A	0.0	major triad	(1, 4, 9)	E	E	4	None
73.0	0.25	25.0	D#4	63.0	True	25.0	1.5	40.0	IV	False	('A', 'C#', 'E')	A	A	0.0	major triad	(1, 4, 9)	E	E	4	None
73.25	0.25	25.0	F#4	66.0	True	25.0	1.5	40.0	IV	False	('A', 'C#', 'E')	A	A	0.0	major triad	(1, 4, 9)	E	E	4	None
73.5	0.5	25.0	B3	59.0	True	25.0	1.5	41.0	V	True	('B', 'D#', 'F#')	B	B	0.0	major triad	(3, 6, 11)	E	E	5	None
74.0	0.5	25.0	C#4	61.0	True	25.0	1.5	41.0	V	False	('B', 'D#', 'F#')	B	B	0.0	major triad	(3, 6, 11)	E	E	5	None
74.5	0.5	25.0	D#4	63.0	True	25.0	1.5	41.0	V	False	('B', 'D#', 'F#')	B	B	0.0	major triad	(3, 6, 11)	E	E	5	None
75.0	0.5	26.0	E4	64.0	True	26.0	1.0	42.0	I	True	('E', 'G#', 'B')	E	E	0.0	major triad	(4, 8, 11)	E	E	1	None
75.0	1.0	26.0	G#3	56.0	True	26.0	1.0	42.0	I	True	('E', 'G#', 'B')	E	E	0.0	major triad	(4, 8, 11)	E	E	1	None
75.5	0.25	26.0	G#4	68.0	True	26.0	1.0	42.0	I	False	('E', 'G#', 'B')	E	E	0.0	major triad	(4, 8, 11)	E	E	1	None
75.75	0.25	26.0	B4	71.0	True	26.0	1.0	42.0	I	False	('E', 'G#', 'B')	E	E	0.0	major triad	(4, 8, 11)	E	E	1	None
76.0	0.5	26.0	B3	59.0	True	26.0	0.5	43.0	V7	True	('B', 'D#', 'F#', 'A')	B	B	0.0	dominant seventh chord	(3, 6, 9, 11)	E	E	5	None
76.0	0.5	26.0	A3	57.0	True	26.0	0.5	43.0	V7	True	('B', 'D#', 'F#', 'A')	B	B	0.0	dominant seventh chord	(3, 6, 9, 11)	E	E	5	None
76.0	0.5	26.0	D#5	75.0	True	26.0	0.5	43.0	V7	True	('B', 'D#', 'F#', 'A')	B	B	0.0	dominant seventh chord	(3, 6, 9, 11)	E	E	5	None
76.0	0.5	26.0	F#4	66.0	True	26.0	0.5	43.0	V7	True	('B', 'D#', 'F#', 'A')	B	B	0.0	dominant seventh chord	(3, 6, 9, 11)	E	E	5	None
76.5	0.5	26.0	E5	76.0	True	26.0	1.0	44.0	I	True	('E', 'G#', 'B')	E	E	0.0	major triad	(4, 8, 11)	E	E	1	None
76.5	0.5	26.0	E4	64.0	True	26.0	1.0	44.0	I	True	('E', 'G#', 'B')	E	E	0.0	major triad	(4, 8, 11)	E	E	1	None
76.5	1.0	26.0	B3	59.0	True	26.0	1.0	44.0	I	True	('E', 'G#', 'B')	E	E	0.0	major triad	(4, 8, 11)	E	E	1	None
76.5	1.0	26.0	G#3	56.0	True	26.0	1.0	44.0	I	True	('E', 'G#', 'B')	E	E	0.0	major triad	(4, 8, 11)	E	E	1	None
77.0	0.5	26.0	B4	71.0	True	26.0	1.0	44.0	I	False	('E', 'G#', 'B')	E	E	0.0	major triad	(4, 8, 11)	E	E	1	None
77.0	0.25	26.0	G#4	68.0	True	26.0	1.0	44.0	I	False	('E', 'G#', 'B')	E	E	0.0	major triad	(4, 8, 11)	E	E	1	None
77.25	0.25	26.0	E4	64.0	True	26.0	1.0	44.0	I	False	('E', 'G#', 'B')	E	E	0.0	major triad	(4, 8, 11)	E	E	1	None
77.5	0.5	26.0	A3	57.0	True	26.0	0.5	45.0	V7	True	('B', 'D#', 'F#', 'A')	B	B	0.0	dominant seventh chord	(3, 6, 9, 11)	E	E	5	None
77.5	0.5	26.0	F#4	66.0	True	26.0	0.5	45.0	V7	True	('B', 'D#', 'F#', 'A')	B	B	0.0	dominant seventh chord	(3, 6, 9, 11)	E	E	5	None
77.5	0.5	26.0	B3	59.0	True	26.0	0.5	45.0	V7	True	('B', 'D#', 'F#', 'A')	B	B	0.0	dominant seventh chord	(3, 6, 9, 11)	E	E	5	None
77.5	0.5	26.0	D#5	75.0	True	26.0	0.5	45.0	V7	True	('B', 'D#', 'F#', 'A')	B	B	0.0	dominant seventh chord	(3, 6, 9, 11)	E	E	5	None
78.0	0.5	27.0	E5	76.0	True	27.0	1.0	46.0	I	True	('E', 'G#', 'B')	E	E	0.0	major triad	(4, 8, 11)	E	E	1	None
78.0	0.5	27.0	E4	64.0	True	27.0	1.0	46.0	I	True	('E', 'G#', 'B')	E	E	0.0	major triad	(4, 8, 11)	E	E	1	None
78.0	1.0	27.0	E4	64.0	True	27.0	1.0	46.0	I	True	('E', 'G#', 'B')	E	E	0.0	major triad	(4, 8, 11)	E	E	1	None
78.0	1.0	27.0	G#3	56.0	True	27.0	1.0	46.0	I	True	('E', 'G#', 'B')	E	E	0.0	major triad	(4, 8, 11)	E	E	1	None
78.5	0.5	27.0	B4	71.0	True	27.0	1.0	46.0	I	False	('E', 'G#', 'B')	E	E	0.0	major triad	(4, 8, 11)	E	E	1	None
78.5	0.25	27.0	G#4	68.0	True	27.0	1.0	46.0	I	False	('E', 'G#', 'B')	E	E	0.0	major triad	(4, 8, 11)	E	E	1	None
78.75	0.25	27.0	E4	64.0	True	27.0	1.0	46.0	I	False	('E', 'G#', 'B')	E	E	0.0	major triad	(4, 8, 11)	E	E	1	None
79.0	0.5	27.0	A3	57.0	True	27.0	0.5	47.0	V7	True	('B', 'D#', 'F#', 'A')	B	B	0.0	dominant seventh chord	(3, 6, 9, 11)	E	E	5	None
79.0	0.5	27.0	F#4	66.0	True	27.0	0.5	47.0	V7	True	('B', 'D#', 'F#', 'A')	B	B	0.0	dominant seventh chord	(3, 6, 9, 11)	E	E	5	None
79.0	0.5	27.0	D#5	75.0	True	27.0	0.5	47.0	V7	True	('B', 'D#', 'F#', 'A')	B	B	0.0	dominant seventh chord	(3, 6, 9, 11)	E	E	5	None
79.0	0.5	27.0	B3	59.0	True	27.0	0.5	47.0	V7	True	('B', 'D#', 'F#', 'A')	B	B	0.0	dominant seventh chord	(3, 6, 9, 11)	E	E	5	None
79.5	0.5	27.0	E5	76.0	True	27.0	0.5	48.0	I	True	('E', 'G#', 'B')	E	E	0.0	major triad	(4, 8, 11)	E	E	1	None
79.5	0.5	27.0	B3	59.0	True	27.0	0.5	48.0	I	True	('E', 'G#', 'B')	E	E	0.0	major triad	(4, 8, 11)	E	E	1	None
79.5	0.5	27.0	E4	64.0	True	27.0	0.5	48.0	I	True	('E', 'G#', 'B')	E	E	0.0	major triad	(4, 8, 11)	E	E	1	None
79.5	0.5	27.0	G#3	56.0	True	27.0	0.5	48.0	I	True	('E', 'G#', 'B')	E	E	0.0	major triad	(4, 8, 11)	E	E	1	None
80.0	0.5	27.0	A3	57.0	True	27.0	0.5	49.0	V	True	('B', 'D#', 'F#')	B	B	0.0	major triad	(3, 6, 11)	E	E	5	None
80.0	0.5	27.0	D#5	75.0	True	27.0	0.5	49.0	V	True	('B', 'D#', 'F#')	B	B	0.0	major triad	(3, 6, 11)	E	E	5	None
80.0	0.5	27.0	B3	59.0	True	27.0	0.5	49.0	V	True	('B', 'D#', 'F#')	B	B	0.0	major triad	(3, 6, 11)	E	E	5	None
80.0	0.5	27.0	F#4	66.0	True	27.0	0.5	49.0	V	True	('B', 'D#', 'F#')	B	B	0.0	major triad	(3, 6, 11)	E	E	5	None
80.5	0.5	27.0	E5	76.0	True	27.0	0.5	50.0	I	True	('E', 'G#', 'B')	E	E	0.0	major triad	(4, 8, 11)	E	E	1	None
80.5	0.5	27.0	B3	59.0	True	27.0	0.5	50.0	I	True	('E', 'G#', 'B')	E	E	0.0	major triad	(4, 8, 11)	E	E	1	None
80.5	0.5	27.0	E4	64.0	True	27.0	0.5	50.0	I	True	('E', 'G#', 'B')	E	E	0.0	major triad	(4, 8, 11)	E	E	1	None
80.5	0.5	27.0	G#3	56.0	True	27.0	0.5	50.0	I	True	('E', 'G#', 'B')	E	E	0.0	major triad	(4, 8, 11)	E	E	1	None
81.0	0.5	28.0	F#4	66.0	True	28.0	0.5	51.0	V7	True	('B', 'D#', 'F#', 'A')	B	B	0.0	dominant seventh chord	(3, 6, 9, 11)	E	E	5	None
81.0	0.5	28.0	A3	57.0	True	28.0	0.5	51.0	V7	True	('B', 'D#', 'F#', 'A')	B	B	0.0	dominant seventh chord	(3, 6, 9, 11)	E	E	5	None
81.0	0.5	28.0	D#5	75.0	True	28.0	0.5	51.0	V7	True	('B', 'D#', 'F#', 'A')	B	B	0.0	dominant seventh chord	(3, 6, 9, 11)	E	E	5	None
81.0	0.5	28.0	B3	59.0	True	28.0	0.5	51.0	V7	True	('B', 'D#', 'F#', 'A')	B	B	0.0	dominant seventh chord	(3, 6, 9, 11)	E	E	5	None
81.5	0.5	28.0	E4	64.0	True	28.0	0.5	52.0	I	True	('E', 'G#', 'B')	E	E	0.0	major triad	(4, 8, 11)	E	E	1	None
81.5	0.5	28.0	G#3	56.0	True	28.0	0.5	52.0	I	True	('E', 'G#', 'B')	E	E	0.0	major triad	(4, 8, 11)	E	E	1	None
81.5	0.5	28.0	E5	76.0	True	28.0	0.5	52.0	I	True	('E', 'G#', 'B')	E	E	0.0	major triad	(4, 8, 11)	E	E	1	None
81.5	0.5	28.0	B3	59.0	True	28.0	0.5	52.0	I	True	('E', 'G#', 'B')	E	E	0.0	major triad	(4, 8, 11)	E	E	1	None
82.0	0.5	28.0	D#5	75.0	True	28.0	0.5	53.0	V7	True	('B', 'D#', 'F#', 'A')	B	B	0.0	dominant seventh chord	(3, 6, 9, 11)	E	E	5	None
82.0	0.5	28.0	B3	59.0	True	28.0	0.5	53.0	V7	True	('B', 'D#', 'F#', 'A')	B	B	0.0	dominant seventh chord	(3, 6, 9, 11)	E	E	5	None
82.0	0.5	28.0	F#4	66.0	True	28.0	0.5	53.0	V7	True	('B', 'D#', 'F#', 'A')	B	B	0.0	dominant seventh chord	(3, 6, 9, 11)	E	E	5	None
82.0	0.5	28.0	A3	57.0	True	28.0	0.5	53.0	V7	True	('B', 'D#', 'F#', 'A')	B	B	0.0	dominant seventh chord	(3, 6, 9, 11)	E	E	5	None
82.5	0.5	28.0	E5	76.0	True	28.0	0.5	54.0	I	True	('E', 'G#', 'B')	E	E	0.0	major triad	(4, 8, 11)	E	E	1	None
82.5	0.5	28.0	B3	59.0	True	28.0	0.5	54.0	I	True	('E', 'G#', 'B')	E	E	0.0	major triad	(4, 8, 11)	E	E	1	None
82.5	0.5	28.0	E4	64.0	True	28.0	0.5	54.0	I	True	('E', 'G#', 'B')	E	E	0.0	major triad	(4, 8, 11)	E	E	1	None
82.5	0.5	28.0	G#3	56.0	True	28.0	0.5	54.0	I	True	('E', 'G#', 'B')	E	E	0.0	major triad	(4, 8, 11)	E	E	1	None
83.0	0.5	28.0	A3	57.0	True	28.0	0.5	55.0	V7	True	('B', 'D#', 'F#', 'A')	B	B	0.0	dominant seventh chord	(3, 6, 9, 11)	E	E	5	None
83.0	0.5	28.0	F#4	66.0	True	28.0	0.5	55.0	V7	True	('B', 'D#', 'F#', 'A')	B	B	0.0	dominant seventh chord	(3, 6, 9, 11)	E	E	5	None
83.0	0.5	28.0	D#5	75.0	True	28.0	0.5	55.0	V7	True	('B', 'D#', 'F#', 'A')	B	B	0.0	dominant seventh chord	(3, 6, 9, 11)	E	E	5	None
83.0	0.5	28.0	B3	59.0	True	28.0	0.5	55.0	V7	True	('B', 'D#', 'F#', 'A')	B	B	0.0	dominant seventh chord	(3, 6, 9, 11)	E	E	5	None
83.5	0.5	28.0	G#3	56.0	True	28.0	0.5	56.0	I	True	('E', 'G#', 'B')	E	E	0.0	major triad	(4, 8, 11)	E	E	1	None
83.5	0.5	28.0	E5	76.0	True	28.0	0.5	56.0	I	True	('E', 'G#', 'B')	E	E	0.0	major triad	(4, 8, 11)	E	E	1	None
83.5	0.5	28.0	B3	59.0	True	28.0	0.5	56.0	I	True	('E', 'G#', 'B')	E	E	0.0	major triad	(4, 8, 11)	E	E	1	None
83.5	0.5	28.0	E4	64.0	True	28.0	0.5	56.0	I	True	('E', 'G#', 'B')	E	E	0.0	major triad	(4, 8, 11)	E	E	1	None
84.0	0.5	29.0	B3	59.0	True	29.0	3.0	57.0	V7	True	('B', 'D#', 'F#', 'A')	B	B	0.0	dominant seventh chord	(3, 6, 9, 11)	E	E	5	None
84.0	0.5	29.0	F#3	54.0	True	29.0	3.0	57.0	V7	True	('B', 'D#', 'F#', 'A')	B	B	0.0	dominant seventh chord	(3, 6, 9, 11)	E	E	5	None
84.0	0.5	29.0	A4	69.0	True	29.0	3.0	57.0	V7	True	('B', 'D#', 'F#', 'A')	B	B	0.0	dominant seventh chord	(3, 6, 9, 11)	E	E	5	None
84.0	0.25	29.0	D#5	75.0	True	29.0	3.0	57.0	V7	True	('B', 'D#', 'F#', 'A')	B	B	0.0	dominant seventh chord	(3, 6, 9, 11)	E	E	5	None
84.25	0.25	29.0	E5	76.0	True	29.0	3.0	57.0	V7	False	('B', 'D#', 'F#', 'A')	B	B	0.0	dominant seventh chord	(3, 6, 9, 11)	E	E	5	None
84.5	0.25	29.0	F#5	78.0	True	29.0	3.0	57.0	V7	False	('B', 'D#', 'F#', 'A')	B	B	0.0	dominant seventh chord	(3, 6, 9, 11)	E	E	5	None
84.75	0.25	29.0	G#5	80.0	True	29.0	3.0	57.0	V7	False	('B', 'D#', 'F#', 'A')	B	B	0.0	dominant seventh chord	(3, 6, 9, 11)	E	E	5	None
85.0	0.25	29.0	A5	81.0	True	29.0	3.0	57.0	V7	False	('B', 'D#', 'F#', 'A')	B	B	0.0	dominant seventh chord	(3, 6, 9, 11)	E	E	5	None
85.25	0.25	29.0	B5	83.0	True	29.0	3.0	57.0	V7	False	('B', 'D#', 'F#', 'A')	B	B	0.0	dominant seventh chord	(3, 6, 9, 11)	E	E	5	None
85.5	0.25	29.0	A5	81.0	True	29.0	3.0	57.0	V7	False	('B', 'D#', 'F#', 'A')	B	B	0.0	dominant seventh chord	(3, 6, 9, 11)	E	E	5	None
85.75	0.25	29.0	G#5	80.0	True	29.0	3.0	57.0	V7	False	('B', 'D#', 'F#', 'A')	B	B	0.0	dominant seventh chord	(3, 6, 9, 11)	E	E	5	None
86.0	0.25	29.0	F#5	78.0	True	29.0	3.0	57.0	V7	False	('B', 'D#', 'F#', 'A')	B	B	0.0	dominant seventh chord	(3, 6, 9, 11)	E	E	5	None
86.25	0.25	29.0	E5	76.0	True	29.0	3.0	57.0	V7	False	('B', 'D#', 'F#', 'A')	B	B	0.0	dominant seventh chord	(3, 6, 9, 11)	E	E	5	None
86.5	0.25	29.0	D#5	75.0	True	29.0	3.0	57.0	V7	False	('B', 'D#', 'F#', 'A')	B	B	0.0	dominant seventh chord	(3, 6, 9, 11)	E	E	5	None
86.75	0.25	29.0	C#5	73.0	True	29.0	3.0	57.0	V7	False	('B', 'D#', 'F#', 'A')	B	B	0.0	dominant seventh chord	(3, 6, 9, 11)	E	E	5	None
87.0	0.5	30.0	B4	71.0	True	30.0	3.0	58.0	V7	True	('B', 'D#', 'F#', 'A')	B	B	0.0	dominant seventh chord	(3, 6, 9, 11)	E	E	5	None
89.5	0.5	30.0	B4	71.0	True	30.0	3.0	58.0	V7	False	('B', 'D#', 'F#', 'A')	B	B	0.0	dominant seventh chord	(3, 6, 9, 11)	E	E	5	None
90.0	2.0	31.0	G5	79.0	True	31.0	1.5	59.0	i	True	('E', 'G', 'B')	E	E	0.0	minor triad	(4, 7, 11)	E	E	1	None
90.0	1.5	31.0	B4	71.0	True	31.0	1.5	59.0	i	True	('E', 'G', 'B')	E	E	0.0	minor triad	(4, 7, 11)	E	E	1	None
90.0	1.5	31.0	E4	64.0	True	31.0	1.5	59.0	i	True	('E', 'G', 'B')	E	E	0.0	minor triad	(4, 7, 11)	E	E	1	None
90.0	0.5	31.0	E4	64.0	True	31.0	1.5	59.0	i	True	('E', 'G', 'B')	E	E	0.0	minor triad	(4, 7, 11)	E	E	1	None
90.5	0.5	31.0	E4	64.0	True	31.0	1.5	59.0	i	False	('E', 'G', 'B')	E	E	0.0	minor triad	(4, 7, 11)	E	E	1	None
91.0	0.5	31.0	E4	64.0	True	31.0	1.5	59.0	i	False	('E', 'G', 'B')	E	E	0.0	minor triad	(4, 7, 11)	E	E	1	None
91.5	0.5	31.0	A3	57.0	True	31.0	1.5	60.0	iv7	True	('A', 'C', 'E', 'G#')	A	A	0.0	minor-augmented tetrachord	(0, 4, 8, 9)	E	E	4	None
91.5	1.5	31.0	C5	72.0	True	31.0	1.5	60.0	iv7	True	('A', 'C', 'E', 'G#')	A	A	0.0	minor-augmented tetrachord	(0, 4, 8, 9)	E	E	4	None
91.5	1.5	31.0	E5	76.0	True	31.0	1.5	60.0	iv7	True	('A', 'C', 'E', 'G#')	A	A	0.0	minor-augmented tetrachord	(0, 4, 8, 9)	E	E	4	None
92.0	0.5	31.0	G5	79.0	False	31.0	1.5	60.0	iv7	False	('A', 'C', 'E', 'G#')	A	A	0.0	minor-augmented tetrachord	(0, 4, 8, 9)	E	E	4	None
92.0	0.5	31.0	A3	57.0	True	31.0	1.5	60.0	iv7	False	('A', 'C', 'E', 'G#')	A	A	0.0	minor-augmented tetrachord	(0, 4, 8, 9)	E	E	4	None
92.5	0.5	31.0	A5	81.0	True	31.0	1.5	60.0	iv7	False	('A', 'C', 'E', 'G#')	A	A	0.0	minor-augmented tetrachord	(0, 4, 8, 9)	E	E	4	None
92.5	0.5	31.0	A3	57.0	True	31.0	1.5	60.0	iv7	False	('A', 'C', 'E', 'G#')	A	A	0.0	minor-augmented tetrachord	(0, 4, 8, 9)	E	E	4	None
93.0	0.5	32.0	F#5	78.0	True	32.0	1.5	61.0	I7	True	('D', 'F#', 'A', 'C#')	D	D	0.0	major seventh chord	(1, 2, 6, 9)	D	D	1	None
93.0	1.5	32.0	C5	72.0	True	32.0	1.5	61.0	I7	True	('D', 'F#', 'A', 'C#')	D	D	0.0	major seventh chord	(1, 2, 6, 9)	D	D	1	None
93.0	1.5	32.0	A4	69.0	True	32.0	1.5	61.0	I7	True	('D', 'F#', 'A', 'C#')	D	D	0.0	major seventh chord	(1, 2, 6, 9)	D	D	1	None
93.0	0.5	32.0	D4	62.0	True	32.0	1.5	61.0	I7	True	('D', 'F#', 'A', 'C#')	D	D	0.0	major seventh chord	(1, 2, 6, 9)	D	D	1	None
93.5	0.5	32.0	D4	62.0	True	32.0	1.5	61.0	I7	False	('D', 'F#', 'A', 'C#')	D	D	0.0	major seventh chord	(1, 2, 6, 9)	D	D	1	None
93.5	0.5	32.0	E5	76.0	True	32.0	1.5	61.0	I7	False	('D', 'F#', 'A', 'C#')	D	D	0.0	major seventh chord	(1, 2, 6, 9)	D	D	1	None
94.0	0.5	32.0	D5	74.0	True	32.0	1.5	61.0	I7	False	('D', 'F#', 'A', 'C#')	D	D	0.0	major seventh chord	(1, 2, 6, 9)	D	D	1	None
94.0	0.5	32.0	D4	62.0	True	32.0	1.5	61.0	I7	False	('D', 'F#', 'A', 'C#')	D	D	0.0	major seventh chord	(1, 2, 6, 9)	D	D	1	None
94.5	1.0	32.0	D5	74.0	True	32.0	1.5	62.0	I	True	('D', 'F#', 'A')	D	D	0.0	major triad	(2, 6, 9)	D	D	1	None
94.5	1.5	32.0	A4	69.0	True	32.0	1.5	62.0	I	True	('D', 'F#', 'A')	D	D	0.0	major triad	(2, 6, 9)	D	D	1	None
94.5	1.5	32.0	D4	62.0	True	32.0	1.5	62.0	I	True	('D', 'F#', 'A')	D	D	0.0	major triad	(2, 6, 9)	D	D	1	None
94.5	0.5	32.0	F#3	54.0	True	32.0	1.5	62.0	I	True	('D', 'F#', 'A')	D	D	0.0	major triad	(2, 6, 9)	D	D	1	None
95.0	0.5	32.0	F#3	54.0	True	32.0	1.5	62.0	I	False	('D', 'F#', 'A')	D	D	0.0	major triad	(2, 6, 9)	D	D	1	None
95.5	0.5	32.0	F#3	54.0	True	32.0	1.5	62.0	I	False	('D', 'F#', 'A')	D	D	0.0	major triad	(2, 6, 9)	D	D	1	None
95.5	0.5	32.0	C5	72.0	True	32.0	1.5	62.0	I	False	('D', 'F#', 'A')	D	D	0.0	major triad	(2, 6, 9)	D	D	1	None
96.0	0.5	33.0	G3	55.0	True	33.0	1.5	63.0	IV	True	('G', 'B', 'D')	G	G	0.0	major triad	(2, 7, 11)	D	D	4	None
96.0	1.5	33.0	G4	67.0	True	33.0	1.5	63.0	IV	True	('G', 'B', 'D')	G	G	0.0	major triad	(2, 7, 11)	D	D	4	None
96.0	0.5	33.0	B4	71.0	True	33.0	1.5	63.0	IV	True	('G', 'B', 'D')	G	G	0.0	major triad	(2, 7, 11)	D	D	4	None
96.0	1.5	33.0	D4	62.0	True	33.0	1.5	63.0	IV	True	('G', 'B', 'D')	G	G	0.0	major triad	(2, 7, 11)	D	D	4	None
96.5	0.5	33.0	A4	69.0	True	33.0	1.5	63.0	IV	False	('G', 'B', 'D')	G	G	0.0	major triad	(2, 7, 11)	D	D	4	None
96.5	0.5	33.0	G3	55.0	True	33.0	1.5	63.0	IV	False	('G', 'B', 'D')	G	G	0.0	major triad	(2, 7, 11)	D	D	4	None
97.0	0.5	33.0	B4	71.0	True	33.0	1.5	63.0	IV	False	('G', 'B', 'D')	G	G	0.0	major triad	(2, 7, 11)	D	D	4	None
97.0	0.5	33.0	G3	55.0	True	33.0	1.5	63.0	IV	False	('G', 'B', 'D')	G	G	0.0	major triad	(2, 7, 11)	D	D	4	None
97.5	0.5	33.0	C#5	73.0	True	33.0	1.5	64.0	V7	True	('A', 'C#', 'E', 'G')	A	A	0.0	dominant seventh chord	(1, 4, 7, 9)	D	D	5	None
97.5	1.5	33.0	G4	67.0	True	33.0	1.5	64.0	V7	True	('A', 'C#', 'E', 'G')	A	A	0.0	dominant seventh chord	(1, 4, 7, 9)	D	D	5	None
97.5	1.5	33.0	E4	64.0	True	33.0	1.5	64.0	V7	True	('A', 'C#', 'E', 'G')	A	A	0.0	dominant seventh chord	(1, 4, 7, 9)	D	D	5	None
97.5	0.5	33.0	A3	57.0	True	33.0	1.5	64.0	V7	True	('A', 'C#', 'E', 'G')	A	A	0.0	dominant seventh chord	(1, 4, 7, 9)	D	D	5	None
98.0	0.5	33.0	B4	71.0	True	33.0	1.5	64.0	V7	False	('A', 'C#', 'E', 'G')	A	A	0.0	dominant seventh chord	(1, 4, 7, 9)	D	D	5	None
98.0	0.5	33.0	A3	57.0	True	33.0	1.5	64.0	V7	False	('A', 'C#', 'E', 'G')	A	A	0.0	dominant seventh chord	(1, 4, 7, 9)	D	D	5	None
98.5	0.5	33.0	A3	57.0	True	33.0	1.5	64.0	V7	False	('A', 'C#', 'E', 'G')	A	A	0.0	dominant seventh chord	(1, 4, 7, 9)	D	D	5	None
98.5	0.5	33.0	C#5	73.0	True	33.0	1.5	64.0	V7	False	('A', 'C#', 'E', 'G')	A	A	0.0	dominant seventh chord	(1, 4, 7, 9)	D	D	5	None
99.0	1.0	34.0	D4	62.0	True	34.0	3.0	65.0	I	True	('D', 'F#', 'A')	D	D	0.0	major triad	(2, 6, 9)	D	D	1	None
99.0	1.0	34.0	D3	50.0	True	34.0	3.0	65.0	I	True	('D', 'F#', 'A')	D	D	0.0	major triad	(2, 6, 9)	D	D	1	None
99.0	1.5	34.0	D5	74.0	True	34.0	3.0	65.0	I	True	('D', 'F#', 'A')	D	D	0.0	major triad	(2, 6, 9)	D	D	1	None
99.0	0.5	34.0	F#4	66.0	True	34.0	3.0	65.0	I	True	('D', 'F#', 'A')	D	D	0.0	major triad	(2, 6, 9)	D	D	1	None
99.5	0.25	34.0	F#4	66.0	True	34.0	3.0	65.0	I	False	('D', 'F#', 'A')	D	D	0.0	major triad	(2, 6, 9)	D	D	1	None
99.75	0.25	34.0	G4	67.0	True	34.0	3.0	65.0	I	False	('D', 'F#', 'A')	D	D	0.0	major triad	(2, 6, 9)	D	D	1	None
100.0	0.25	34.0	A4	69.0	True	34.0	3.0	65.0	I	False	('D', 'F#', 'A')	D	D	0.0	major triad	(2, 6, 9)	D	D	1	None
100.25	0.25	34.0	G4	67.0	True	34.0	3.0	65.0	I	False	('D', 'F#', 'A')	D	D	0.0	major triad	(2, 6, 9)	D	D	1	None
100.5	1.0	34.0	D4	62.0	True	34.0	3.0	65.0	I	False	('D', 'F#', 'A')	D	D	0.0	major triad	(2, 6, 9)	D	D	1	None
100.5	1.0	34.0	F#4	66.0	True	34.0	3.0	65.0	I	False	('D', 'F#', 'A')	D	D	0.0	major triad	(2, 6, 9)	D	D	1	None
101.5	0.5	34.0	D5	74.0	True	34.0	3.0	65.0	I	False	('D', 'F#', 'A')	D	D	0.0	major triad	(2, 6, 9)	D	D	1	None
102.0	0.5	35.0	D5	74.0	True	35.0	1.5	66.0	I	True	('D', 'F#', 'A')	D	D	0.0	major triad	(2, 6, 9)	D	D	1	None
102.0	0.25	35.0	F#4	66.0	True	35.0	1.5	66.0	I	True	('D', 'F#', 'A')	D	D	0.0	major triad	(2, 6, 9)	D	D	1	None
102.0	0.5	35.0	D4	62.0	True	35.0	1.5	66.0	I	True	('D', 'F#', 'A')	D	D	0.0	major triad	(2, 6, 9)	D	D	1	None
102.25	0.25	35.0	A4	69.0	True	35.0	1.5	66.0	I	False	('D', 'F#', 'A')	D	D	0.0	major triad	(2, 6, 9)	D	D	1	None
102.5	0.5	35.0	D4	62.0	True	35.0	1.5	66.0	I	False	('D', 'F#', 'A')	D	D	0.0	major triad	(2, 6, 9)	D	D	1	None
102.5	0.25	35.0	F#4	66.0	True	35.0	1.5	66.0	I	False	('D', 'F#', 'A')	D	D	0.0	major triad	(2, 6, 9)	D	D	1	None
102.5	0.5	35.0	D4	62.0	True	35.0	1.5	66.0	I	False	('D', 'F#', 'A')	D	D	0.0	major triad	(2, 6, 9)	D	D	1	None
102.75	0.25	35.0	A4	69.0	True	35.0	1.5	66.0	I	False	('D', 'F#', 'A')	D	D	0.0	major triad	(2, 6, 9)	D	D	1	None
103.0	0.5	35.0	D5	74.0	True	35.0	1.5	66.0	I	False	('D', 'F#', 'A')	D	D	0.0	major triad	(2, 6, 9)	D	D	1	None
103.0	0.25	35.0	F#4	66.0	True	35.0	1.5	66.0	I	False	('D', 'F#', 'A')	D	D	0.0	major triad	(2, 6, 9)	D	D	1	None
103.0	0.5	35.0	D4	62.0	True	35.0	1.5	66.0	I	False	('D', 'F#', 'A')	D	D	0.0	major triad	(2, 6, 9)	D	D	1	None
103.25	0.25	35.0	A4	69.0	True	35.0	1.5	66.0	I	False	('D', 'F#', 'A')	D	D	0.0	major triad	(2, 6, 9)	D	D	1	None
103.5	0.25	35.0	G#4	68.0	True	35.0	1.5	67.0	V7/IV	True	('D', 'F#', 'A', 'C')	D	D	0.0	dominant seventh chord	(0, 2, 6, 9)	D	G	5	4
103.5	0.5	35.0	B3	59.0	True	35.0	1.5	67.0	V7/IV	True	('D', 'F#', 'A', 'C')	D	D	0.0	dominant seventh chord	(0, 2, 6, 9)	D	G	5	4
103.5	0.5	35.0	D5	74.0	True	35.0	1.5	67.0	V7/IV	True	('D', 'F#', 'A', 'C')	D	D	0.0	dominant seventh chord	(0, 2, 6, 9)	D	G	5	4
103.75	0.25	35.0	B4	71.0	True	35.0	1.5	67.0	V7/IV	False	('D', 'F#', 'A', 'C')	D	D	0.0	dominant seventh chord	(0, 2, 6, 9)	D	G	5	4
104.0	0.5	35.0	D4	62.0	True	35.0	1.5	67.0	V7/IV	False	('D', 'F#', 'A', 'C')	D	D	0.0	dominant seventh chord	(0, 2, 6, 9)	D	G	5	4
104.0	0.25	35.0	G#4	68.0	True	35.0	1.5	67.0	V7/IV	False	('D', 'F#', 'A', 'C')	D	D	0.0	dominant seventh chord	(0, 2, 6, 9)	D	G	5	4
104.0	0.5	35.0	B3	59.0	True	35.0	1.5	67.0	V7/IV	False	('D', 'F#', 'A', 'C')	D	D	0.0	dominant seventh chord	(0, 2, 6, 9)	D	G	5	4
104.25	0.25	35.0	B4	71.0	True	35.0	1.5	67.0	V7/IV	False	('D', 'F#', 'A', 'C')	D	D	0.0	dominant seventh chord	(0, 2, 6, 9)	D	G	5	4
104.5	0.5	35.0	E4	64.0	True	35.0	1.5	67.0	V7/IV	False	('D', 'F#', 'A', 'C')	D	D	0.0	dominant seventh chord	(0, 2, 6, 9)	D	G	5	4
104.5	0.5	35.0	D5	74.0	True	35.0	1.5	67.0	V7/IV	False	('D', 'F#', 'A', 'C')	D	D	0.0	dominant seventh chord	(0, 2, 6, 9)	D	G	5	4
104.5	0.25	35.0	G#4	68.0	True	35.0	1.5	67.0	V7/IV	False	('D', 'F#', 'A', 'C')	D	D	0.0	dominant seventh chord	(0, 2, 6, 9)	D	G	5	4
104.75	0.25	35.0	B4	71.0	True	35.0	1.5	67.0	V7/IV	False	('D', 'F#', 'A', 'C')	D	D	0.0	dominant seventh chord	(0, 2, 6, 9)	D	G	5	4
105.0	0.5	36.0	C#5	73.0	True	36.0	3.0	68.0	IV	True	('G', 'B', 'D')	G	G	0.0	major triad	(2, 7, 11)	D	D	4	None
105.0	1.0	36.0	A4	69.0	True	36.0	3.0	68.0	IV	True	('G', 'B', 'D')	G	G	0.0	major triad	(2, 7, 11)	D	D	4	None
105.0	1.0	36.0	A3	57.0	True	36.0	3.0	68.0	IV	True	('G', 'B', 'D')	G	G	0.0	major triad	(2, 7, 11)	D	D	4	None
105.5	0.25	36.0	E5	76.0	True	36.0	3.0	68.0	IV	False	('G', 'B', 'D')	G	G	0.0	major triad	(2, 7, 11)	D	D	4	None
105.75	0.25	36.0	D5	74.0	True	36.0	3.0	68.0	IV	False	('G', 'B', 'D')	G	G	0.0	major triad	(2, 7, 11)	D	D	4	None
106.0	0.25	36.0	C#5	73.0	True	36.0	3.0	68.0	IV	False	('G', 'B', 'D')	G	G	0.0	major triad	(2, 7, 11)	D	D	4	None
106.25	0.25	36.0	B4	71.0	True	36.0	3.0	68.0	IV	False	('G', 'B', 'D')	G	G	0.0	major triad	(2, 7, 11)	D	D	4	None
106.5	1.0	36.0	A4	69.0	True	36.0	3.0	68.0	IV	False	('G', 'B', 'D')	G	G	0.0	major triad	(2, 7, 11)	D	D	4	None
107.5	0.5	36.0	E5	76.0	True	36.0	3.0	68.0	IV	False	('G', 'B', 'D')	G	G	0.0	major triad	(2, 7, 11)	D	D	4	None
108.0	0.5	37.0	E3	52.0	True	37.0	1.5	69.0	ii	True	('E', 'G', 'B')	E	E	0.0	minor triad	(4, 7, 11)	D	D	2	None
108.0	0.25	37.0	G4	67.0	True	37.0	1.5	69.0	ii	True	('E', 'G', 'B')	E	E	0.0	minor triad	(4, 7, 11)	D	D	2	None
108.0	0.5	37.0	E5	76.0	True	37.0	1.5	69.0	ii	True	('E', 'G', 'B')	E	E	0.0	minor triad	(4, 7, 11)	D	D	2	None
108.25	0.25	37.0	B4	71.0	True	37.0	1.5	69.0	ii	False	('E', 'G', 'B')	E	E	0.0	minor triad	(4, 7, 11)	D	D	2	None
108.5	0.5	37.0	E4	64.0	True	37.0	1.5	69.0	ii	False	('E', 'G', 'B')	E	E	0.0	minor triad	(4, 7, 11)	D	D	2	None
108.5	0.25	37.0	G4	67.0	True	37.0	1.5	69.0	ii	False	('E', 'G', 'B')	E	E	0.0	minor triad	(4, 7, 11)	D	D	2	None
108.5	0.5	37.0	E4	64.0	True	37.0	1.5	69.0	ii	False	('E', 'G', 'B')	E	E	0.0	minor triad	(4, 7, 11)	D	D	2	None
108.75	0.25	37.0	B4	71.0	True	37.0	1.5	69.0	ii	False	('E', 'G', 'B')	E	E	0.0	minor triad	(4, 7, 11)	D	D	2	None
109.0	0.5	37.0	E5	76.0	True	37.0	1.5	69.0	ii	False	('E', 'G', 'B')	E	E	0.0	minor triad	(4, 7, 11)	D	D	2	None
109.0	0.25	37.0	G4	67.0	True	37.0	1.5	69.0	ii	False	('E', 'G', 'B')	E	E	0.0	minor triad	(4, 7, 11)	D	D	2	None
109.0	0.5	37.0	E4	64.0	True	37.0	1.5	69.0	ii	False	('E', 'G', 'B')	E	E	0.0	minor triad	(4, 7, 11)	D	D	2	None
109.25	0.25	37.0	B4	71.0	True	37.0	1.5	69.0	ii	False	('E', 'G', 'B')	E	E	0.0	minor triad	(4, 7, 11)	D	D	2	None
109.5	0.5	37.0	E5	76.0	True	37.0	1.5	70.0	V7/VI	True	('F#', 'A#', 'C#', 'E')	F#	F#	0.0	dominant seventh chord	(1, 4, 6, 10)	D	B	5	6
109.5	0.25	37.0	A#4	70.0	True	37.0	1.5	70.0	V7/VI	True	('F#', 'A#', 'C#', 'E')	F#	F#	0.0	dominant seventh chord	(1, 4, 6, 10)	D	B	5	6
109.5	0.5	37.0	C#4	61.0	True	37.0	1.5	70.0	V7/VI	True	('F#', 'A#', 'C#', 'E')	F#	F#	0.0	dominant seventh chord	(1, 4, 6, 10)	D	B	5	6
109.75	0.25	37.0	C#5	73.0	True	37.0	1.5	70.0	V7/VI	False	('F#', 'A#', 'C#', 'E')	F#	F#	0.0	dominant seventh chord	(1, 4, 6, 10)	D	B	5	6
110.0	0.5	37.0	E4	64.0	True	37.0	1.5	70.0	V7/VI	False	('F#', 'A#', 'C#', 'E')	F#	F#	0.0	dominant seventh chord	(1, 4, 6, 10)	D	B	5	6
110.0	0.25	37.0	A#4	70.0	True	37.0	1.5	70.0	V7/VI	False	('F#', 'A#', 'C#', 'E')	F#	F#	0.0	dominant seventh chord	(1, 4, 6, 10)	D	B	5	6
110.0	0.5	37.0	C#4	61.0	True	37.0	1.5	70.0	V7/VI	False	('F#', 'A#', 'C#', 'E')	F#	F#	0.0	dominant seventh chord	(1, 4, 6, 10)	D	B	5	6
110.25	0.25	37.0	C#5	73.0	True	37.0	1.5	70.0	V7/VI	False	('F#', 'A#', 'C#', 'E')	F#	F#	0.0	dominant seventh chord	(1, 4, 6, 10)	D	B	5	6
110.5	0.5	37.0	F#4	66.0	True	37.0	1.5	70.0	V7/VI	False	('F#', 'A#', 'C#', 'E')	F#	F#	0.0	dominant seventh chord	(1, 4, 6, 10)	D	B	5	6
110.5	0.25	37.0	A#4	70.0	True	37.0	1.5	70.0	V7/VI	False	('F#', 'A#', 'C#', 'E')	F#	F#	0.0	dominant seventh chord	(1, 4, 6, 10)	D	B	5	6
110.5	0.5	37.0	E5	76.0	True	37.0	1.5	70.0	V7/VI	False	('F#', 'A#', 'C#', 'E')	F#	F#	0.0	dominant seventh chord	(1, 4, 6, 10)	D	B	5	6
110.75	0.25	37.0	C#5	73.0	True	37.0	1.5	70.0	V7/VI	False	('F#', 'A#', 'C#', 'E')	F#	F#	0.0	dominant seventh chord	(1, 4, 6, 10)	D	B	5	6
111.0	0.5	38.0	D#5	75.0	True	38.0	3.0	71.0	V	True	('B', 'D#', 'F#')	B	B	0.0	major triad	(3, 6, 11)	E	E	5	None
111.0	1.0	38.0	B4	71.0	True	38.0	3.0	71.0	V	True	('B', 'D#', 'F#')	B	B	0.0	major triad	(3, 6, 11)	E	E	5	None
111.0	1.0	38.0	B3	59.0	True	38.0	3.0	71.0	V	True	('B', 'D#', 'F#')	B	B	0.0	major triad	(3, 6, 11)	E	E	5	None
111.5	0.25	38.0	F#5	78.0	True	38.0	3.0	71.0	V	False	('B', 'D#', 'F#')	B	B	0.0	major triad	(3, 6, 11)	E	E	5	None
111.75	0.25	38.0	E5	76.0	True	38.0	3.0	71.0	V	False	('B', 'D#', 'F#')	B	B	0.0	major triad	(3, 6, 11)	E	E	5	None
112.0	0.25	38.0	D#5	75.0	True	38.0	3.0	71.0	V	False	('B', 'D#', 'F#')	B	B	0.0	major triad	(3, 6, 11)	E	E	5	None
112.25	0.25	38.0	C#5	73.0	True	38.0	3.0	71.0	V	False	('B', 'D#', 'F#')	B	B	0.0	major triad	(3, 6, 11)	E	E	5	None
112.5	1.0	38.0	B4	71.0	True	38.0	3.0	71.0	V	False	('B', 'D#', 'F#')	B	B	0.0	major triad	(3, 6, 11)	E	E	5	None
113.5	0.25	38.0	D#5	75.0	True	38.0	3.0	71.0	V	False	('B', 'D#', 'F#')	B	B	0.0	major triad	(3, 6, 11)	E	E	5	None
113.75	0.25	38.0	B4	71.0	True	38.0	3.0	71.0	V	False	('B', 'D#', 'F#')	B	B	0.0	major triad	(3, 6, 11)	E	E	5	None
114.0	0.25	39.0	G5	79.0	True	39.0	0.5	72.0	V	True	('B', 'D#', 'F#')	B	B	0.0	major triad	(3, 6, 11)	E	E	5	None
114.25	0.25	39.0	E5	76.0	True	39.0	0.5	72.0	V	False	('B', 'D#', 'F#')	B	B	0.0	major triad	(3, 6, 11)	E	E	5	None
114.5	0.25	39.0	G5	79.0	True	39.0	0.5	73.0	viio7/V	True	('A#', 'C#', 'E', 'G')	A#	A#	0.0	diminished seventh chord	(1, 4, 7, 10)	E	B	7	5
114.5	0.5	39.0	G4	67.0	True	39.0	0.5	73.0	viio7/V	True	('A#', 'C#', 'E', 'G')	A#	A#	0.0	diminished seventh chord	(1, 4, 7, 10)	E	B	7	5
114.5	0.5	39.0	C#4	61.0	True	39.0	0.5	73.0	viio7/V	True	('A#', 'C#', 'E', 'G')	A#	A#	0.0	diminished seventh chord	(1, 4, 7, 10)	E	B	7	5
114.5	0.5	39.0	A#3	58.0	True	39.0	0.5	73.0	viio7/V	True	('A#', 'C#', 'E', 'G')	A#	A#	0.0	diminished seventh chord	(1, 4, 7, 10)	E	B	7	5
114.75	0.25	39.0	E5	76.0	True	39.0	0.5	73.0	viio7/V	False	('A#', 'C#', 'E', 'G')	A#	A#	0.0	diminished seventh chord	(1, 4, 7, 10)	E	B	7	5
115.0	0.5	39.0	B3	59.0	True	39.0	1.0	74.0	V	True	('B', 'D#', 'F#')	B	B	0.0	major triad	(3, 6, 11)	E	E	5	None
115.0	0.5	39.0	D#4	63.0	True	39.0	1.0	74.0	V	True	('B', 'D#', 'F#')	B	B	0.0	major triad	(3, 6, 11)	E	E	5	None
115.0	0.5	39.0	F#4	66.0	True	39.0	1.0	74.0	V	True	('B', 'D#', 'F#')	B	B	0.0	major triad	(3, 6, 11)	E	E	5	None
115.0	0.25	39.0	D#5	75.0	True	39.0	1.0	74.0	V	True	('B', 'D#', 'F#')	B	B	0.0	major triad	(3, 6, 11)	E	E	5	None
115.25	0.25	39.0	B4	71.0	True	39.0	1.0	74.0	V	False	('B', 'D#', 'F#')	B	B	0.0	major triad	(3, 6, 11)	E	E	5	None
115.5	0.25	39.0	G5	79.0	True	39.0	1.0	74.0	V	False	('B', 'D#', 'F#')	B	B	0.0	major triad	(3, 6, 11)	E	E	5	None
115.75	0.25	39.0	E5	76.0	True	39.0	1.0	74.0	V	False	('B', 'D#', 'F#')	B	B	0.0	major triad	(3, 6, 11)	E	E	5	None
116.0	0.5	39.0	C#4	61.0	True	39.0	0.5	75.0	viio7/V	True	('A#', 'C#', 'E', 'G')	A#	A#	0.0	diminished seventh chord	(1, 4, 7, 10)	E	B	7	5
116.0	0.5	39.0	A#3	58.0	True	39.0	0.5	75.0	viio7/V	True	('A#', 'C#', 'E', 'G')	A#	A#	0.0	diminished seventh chord	(1, 4, 7, 10)	E	B	7	5
116.0	0.25	39.0	G5	79.0	True	39.0	0.5	75.0	viio7/V	True	('A#', 'C#', 'E', 'G')	A#	A#	0.0	diminished seventh chord	(1, 4, 7, 10)	E	B	7	5
116.0	0.5	39.0	G4	67.0	True	39.0	0.5	75.0	viio7/V	True	('A#', 'C#', 'E', 'G')	A#	A#	0.0	diminished seventh chord	(1, 4, 7, 10)	E	B	7	5
116.25	0.25	39.0	E5	76.0	True	39.0	0.5	75.0	viio7/V	False	('A#', 'C#', 'E', 'G')	A#	A#	0.0	diminished seventh chord	(1, 4, 7, 10)	E	B	7	5
116.5	0.25	39.0	D#5	75.0	True	39.0	0.5	76.0	V	True	('B', 'D#', 'F#')	B	B	0.0	major triad	(3, 6, 11)	E	E	5	None
116.5	0.5	39.0	F#4	66.0	True	39.0	0.5	76.0	V	True	('B', 'D#', 'F#')	B	B	0.0	major triad	(3, 6, 11)	E	E	5	None
116.5	0.5	39.0	D#4	63.0	True	39.0	0.5	76.0	V	True	('B', 'D#', 'F#')	B	B	0.0	major triad	(3, 6, 11)	E	E	5	None
116.5	0.5	39.0	B3	59.0	True	39.0	0.5	76.0	V	True	('B', 'D#', 'F#')	B	B	0.0	major triad	(3, 6, 11)	E	E	5	None
116.75	0.25	39.0	B4	71.0	True	39.0	0.5	76.0	V	False	('B', 'D#', 'F#')	B	B	0.0	major triad	(3, 6, 11)	E	E	5	None
117.0	0.25	40.0	G5	79.0	True	40.0	0.5	77.0	V	True	('B', 'D#', 'F#')	B	B	0.0	major triad	(3, 6, 11)	E	E	5	None
117.25	0.25	40.0	E5	76.0	True	40.0	0.5	77.0	V	False	('B', 'D#', 'F#')	B	B	0.0	major triad	(3, 6, 11)	E	E	5	None
117.5	0.5	40.0	A#3	58.0	True	40.0	0.5	78.0	viio7/V	True	('A#', 'C#', 'E', 'G')	A#	A#	0.0	diminished seventh chord	(1, 4, 7, 10)	E	B	7	5
117.5	0.5	40.0	C#4	61.0	True	40.0	0.5	78.0	viio7/V	True	('A#', 'C#', 'E', 'G')	A#	A#	0.0	diminished seventh chord	(1, 4, 7, 10)	E	B	7	5
117.5	0.25	40.0	G5	79.0	True	40.0	0.5	78.0	viio7/V	True	('A#', 'C#', 'E', 'G')	A#	A#	0.0	diminished seventh chord	(1, 4, 7, 10)	E	B	7	5
117.5	0.5	40.0	G4	67.0	True	40.0	0.5	78.0	viio7/V	True	('A#', 'C#', 'E', 'G')	A#	A#	0.0	diminished seventh chord	(1, 4, 7, 10)	E	B	7	5
117.75	0.25	40.0	E5	76.0	True	40.0	0.5	78.0	viio7/V	False	('A#', 'C#', 'E', 'G')	A#	A#	0.0	diminished seventh chord	(1, 4, 7, 10)	E	B	7	5
118.0	0.25	40.0	D#5	75.0	True	40.0	1.0	79.0	V	True	('B', 'D#', 'F#')	B	B	0.0	major triad	(3, 6, 11)	E	E	5	None
118.0	0.5	40.0	F#4	66.0	True	40.0	1.0	79.0	V	True	('B', 'D#', 'F#')	B	B	0.0	major triad	(3, 6, 11)	E	E	5	None
118.0	0.5	40.0	D#4	63.0	True	40.0	1.0	79.0	V	True	('B', 'D#', 'F#')	B	B	0.0	major triad	(3, 6, 11)	E	E	5	None
118.0	0.5	40.0	B3	59.0	True	40.0	1.0	79.0	V	True	('B', 'D#', 'F#')	B	B	0.0	major triad	(3, 6, 11)	E	E	5	None
118.25	0.25	40.0	B4	71.0	True	40.0	1.0	79.0	V	False	('B', 'D#', 'F#')	B	B	0.0	major triad	(3, 6, 11)	E	E	5	None
118.5	0.25	40.0	G5	79.0	True	40.0	1.0	79.0	V	False	('B', 'D#', 'F#')	B	B	0.0	major triad	(3, 6, 11)	E	E	5	None
118.75	0.25	40.0	E5	76.0	True	40.0	1.0	79.0	V	False	('B', 'D#', 'F#')	B	B	0.0	major triad	(3, 6, 11)	E	E	5	None
119.0	0.25	40.0	G5	79.0	True	40.0	0.5	80.0	viio7/V	True	('A#', 'C#', 'E', 'G')	A#	A#	0.0	diminished seventh chord	(1, 4, 7, 10)	E	B	7	5
119.0	0.5	40.0	G4	67.0	True	40.0	0.5	80.0	viio7/V	True	('A#', 'C#', 'E', 'G')	A#	A#	0.0	diminished seventh chord	(1, 4, 7, 10)	E	B	7	5
119.0	0.5	40.0	C#4	61.0	True	40.0	0.5	80.0	viio7/V	True	('A#', 'C#', 'E', 'G')	A#	A#	0.0	diminished seventh chord	(1, 4, 7, 10)	E	B	7	5
119.0	0.5	40.0	A#3	58.0	True	40.0	0.5	80.0	viio7/V	True	('A#', 'C#', 'E', 'G')	A#	A#	0.0	diminished seventh chord	(1, 4, 7, 10)	E	B	7	5
119.25	0.25	40.0	E5	76.0	True	40.0	0.5	80.0	viio7/V	False	('A#', 'C#', 'E', 'G')	A#	A#	0.0	diminished seventh chord	(1, 4, 7, 10)	E	B	7	5
119.5	0.5	40.0	D#4	63.0	True	40.0	0.5	81.0	V	True	('B', 'D#', 'F#')	B	B	0.0	major triad	(3, 6, 11)	E	E	5	None
119.5	0.5	40.0	B3	59.0	True	40.0	0.5	81.0	V	True	('B', 'D#', 'F#')	B	B	0.0	major triad	(3, 6, 11)	E	E	5	None
119.5	0.25	40.0	D#5	75.0	True	40.0	0.5	81.0	V	True	('B', 'D#', 'F#')	B	B	0.0	major triad	(3, 6, 11)	E	E	5	None
119.5	0.5	40.0	F#4	66.0	True	40.0	0.5	81.0	V	True	('B', 'D#', 'F#')	B	B	0.0	major triad	(3, 6, 11)	E	E	5	None
119.75	0.25	40.0	B4	71.0	True	40.0	0.5	81.0	V	False	('B', 'D#', 'F#')	B	B	0.0	major triad	(3, 6, 11)	E	E	5	None
120.0	0.25	41.0	C#5	73.0	True	41.0	3.0	82.0	V	True	('B', 'D#', 'F#')	B	B	0.0	major triad	(3, 6, 11)	E	E	5	None
120.25	0.25	41.0	E5	76.0	True	41.0	3.0	82.0	V	False	('B', 'D#', 'F#')	B	B	0.0	major triad	(3, 6, 11)	E	E	5	None
120.5	0.25	41.0	D#5	75.0	True	41.0	3.0	82.0	V	False	('B', 'D#', 'F#')	B	B	0.0	major triad	(3, 6, 11)	E	E	5	None
120.75	0.25	41.0	F#5	78.0	True	41.0	3.0	82.0	V	False	('B', 'D#', 'F#')	B	B	0.0	major triad	(3, 6, 11)	E	E	5	None
121.0	0.25	41.0	E5	76.0	True	41.0	3.0	82.0	V	False	('B', 'D#', 'F#')	B	B	0.0	major triad	(3, 6, 11)	E	E	5	None
121.25	0.25	41.0	G#5	80.0	True	41.0	3.0	82.0	V	False	('B', 'D#', 'F#')	B	B	0.0	major triad	(3, 6, 11)	E	E	5	None
121.5	0.25	41.0	F#5	78.0	True	41.0	3.0	82.0	V	False	('B', 'D#', 'F#')	B	B	0.0	major triad	(3, 6, 11)	E	E	5	None
121.75	0.25	41.0	A5	81.0	True	41.0	3.0	82.0	V	False	('B', 'D#', 'F#')	B	B	0.0	major triad	(3, 6, 11)	E	E	5	None
122.0	0.25	41.0	G#5	80.0	True	41.0	3.0	82.0	V	False	('B', 'D#', 'F#')	B	B	0.0	major triad	(3, 6, 11)	E	E	5	None
122.25	0.25	41.0	B5	83.0	True	41.0	3.0	82.0	V	False	('B', 'D#', 'F#')	B	B	0.0	major triad	(3, 6, 11)	E	E	5	None
122.5	0.25	41.0	A5	81.0	True	41.0	3.0	82.0	V	False	('B', 'D#', 'F#')	B	B	0.0	major triad	(3, 6, 11)	E	E	5	None
122.75	0.25	41.0	C#6	85.0	True	41.0	3.0	82.0	V	False	('B', 'D#', 'F#')	B	B	0.0	major triad	(3, 6, 11)	E	E	5	None
123.0	2.0	42.0	B5	83.0	True	42.0	1.5	83.0	I	True	('E', 'G#', 'B')	E	E	0.0	major triad	(4, 8, 11)	E	E	1	None
123.5	0.5	42.0	B4	71.0	True	42.0	1.5	83.0	I	False	('E', 'G#', 'B')	E	E	0.0	major triad	(4, 8, 11)	E	E	1	None
123.5	0.5	42.0	E4	64.0	True	42.0	1.5	83.0	I	False	('E', 'G#', 'B')	E	E	0.0	major triad	(4, 8, 11)	E	E	1	None
123.5	0.5	42.0	G#3	56.0	True	42.0	1.5	83.0	I	False	('E', 'G#', 'B')	E	E	0.0	major triad	(4, 8, 11)	E	E	1	None
124.0	0.5	42.0	B4	71.0	True	42.0	1.5	83.0	I	False	('E', 'G#', 'B')	E	E	0.0	major triad	(4, 8, 11)	E	E	1	None
124.0	0.5	42.0	E4	64.0	True	42.0	1.5	83.0	I	False	('E', 'G#', 'B')	E	E	0.0	major triad	(4, 8, 11)	E	E	1	None
124.0	0.5	42.0	G#3	56.0	True	42.0	1.5	83.0	I	False	('E', 'G#', 'B')	E	E	0.0	major triad	(4, 8, 11)	E	E	1	None
124.5	1.5	42.0	D#4	63.0	True	42.0	1.5	84.0	V	True	('B', 'D#', 'F#')	B	B	0.0	major triad	(3, 6, 11)	E	E	5	None
124.5	1.5	42.0	F#3	54.0	True	42.0	1.5	84.0	V	True	('B', 'D#', 'F#')	B	B	0.0	major triad	(3, 6, 11)	E	E	5	None
124.5	1.5	42.0	B4	71.0	True	42.0	1.5	84.0	V	True	('B', 'D#', 'F#')	B	B	0.0	major triad	(3, 6, 11)	E	E	5	None
125.0	0.5	42.0	A#5	82.0	True	42.0	1.5	84.0	V	False	('B', 'D#', 'F#')	B	B	0.0	major triad	(3, 6, 11)	E	E	5	None
125.5	0.5	42.0	A5	81.0	True	42.0	1.5	84.0	V	False	('B', 'D#', 'F#')	B	B	0.0	major triad	(3, 6, 11)	E	E	5	None
126.0	0.5	43.0	G#5	80.0	True	43.0	0.5	85.0	I	True	('E', 'G#', 'B')	E	E	0.0	major triad	(4, 8, 11)	E	E	1	None
126.0	0.5	43.0	B4	71.0	False	43.0	0.5	85.0	I	True	('E', 'G#', 'B')	E	E	0.0	major triad	(4, 8, 11)	E	E	1	None
126.0	0.5	43.0	E4	64.0	True	43.0	0.5	85.0	I	True	('E', 'G#', 'B')	E	E	0.0	major triad	(4, 8, 11)	E	E	1	None
126.0	0.5	43.0	E3	52.0	True	43.0	0.5	85.0	I	True	('E', 'G#', 'B')	E	E	0.0	major triad	(4, 8, 11)	E	E	1	None
126.5	0.5	43.0	A4	69.0	True	43.0	0.5	86.0	V7	True	('B', 'D#', 'F#', 'A')	B	B	0.0	dominant seventh chord	(3, 6, 9, 11)	E	E	5	None
126.5	0.5	43.0	F#3	54.0	True	43.0	0.5	86.0	V7	True	('B', 'D#', 'F#', 'A')	B	B	0.0	dominant seventh chord	(3, 6, 9, 11)	E	E	5	None
126.5	0.5	43.0	D#5	75.0	True	43.0	0.5	86.0	V7	True	('B', 'D#', 'F#', 'A')	B	B	0.0	dominant seventh chord	(3, 6, 9, 11)	E	E	5	None
126.5	0.5	43.0	F#5	78.0	True	43.0	0.5	86.0	V7	True	('B', 'D#', 'F#', 'A')	B	B	0.0	dominant seventh chord	(3, 6, 9, 11)	E	E	5	None
127.0	0.5	43.0	E5	76.0	True	43.0	0.5	87.0	I	True	('E', 'G#', 'B')	E	E	0.0	major triad	(4, 8, 11)	E	E	1	None
127.0	0.5	43.0	E5	76.0	True	43.0	0.5	87.0	I	True	('E', 'G#', 'B')	E	E	0.0	major triad	(4, 8, 11)	E	E	1	None
127.0	0.5	43.0	B4	71.0	True	43.0	0.5	87.0	I	True	('E', 'G#', 'B')	E	E	0.0	major triad	(4, 8, 11)	E	E	1	None
127.0	0.5	43.0	G#3	56.0	True	43.0	0.5	87.0	I	True	('E', 'G#', 'B')	E	E	0.0	major triad	(4, 8, 11)	E	E	1	None
127.5	0.5	43.0	D#5	75.0	True	43.0	1.0	88.0	IV	True	('A', 'C#', 'E')	A	A	0.0	major triad	(1, 4, 9)	E	E	4	None
127.5	1.0	43.0	E4	64.0	True	43.0	1.0	88.0	IV	True	('A', 'C#', 'E')	A	A	0.0	major triad	(1, 4, 9)	E	E	4	None
127.5	1.5	43.0	A3	57.0	True	43.0	1.0	88.0	IV	True	('A', 'C#', 'E')	A	A	0.0	major triad	(1, 4, 9)	E	E	4	None
128.0	0.5	43.0	C#5	73.0	True	43.0	1.0	88.0	IV	False	('A', 'C#', 'E')	A	A	0.0	major triad	(1, 4, 9)	E	E	4	None
128.5	0.5	43.0	F#5	78.0	True	43.0	0.5	89.0	ii	True	('F#', 'A', 'C#')	F#	F#	0.0	minor triad	(1, 6, 9)	E	E	2	None
128.5	0.5	43.0	C#5	73.0	True	43.0	0.5	89.0	ii	True	('F#', 'A', 'C#')	F#	F#	0.0	minor triad	(1, 6, 9)	E	E	2	None
128.5	0.5	43.0	A5	81.0	True	43.0	0.5	89.0	ii	True	('F#', 'A', 'C#')	F#	F#	0.0	minor triad	(1, 6, 9)	E	E	2	None
129.0	1.0	44.0	B3	59.0	True	44.0	1.0	90.0	I	True	('B', 'E', 'G#')	B	E	2.0	major triad	(4, 8, 11)	E	E	1	None
129.0	1.0	44.0	B4	71.0	True	44.0	1.0	90.0	I	True	('B', 'E', 'G#')	B	E	2.0	major triad	(4, 8, 11)	E	E	1	None
129.0	1.0	44.0	E5	76.0	True	44.0	1.0	90.0	I	True	('B', 'E', 'G#')	B	E	2.0	major triad	(4, 8, 11)	E	E	1	None
129.0	1.0	44.0	G#5	80.0	True	44.0	1.0	90.0	I	True	('B', 'E', 'G#')	B	E	2.0	major triad	(4, 8, 11)	E	E	1	None
130.0	0.5	44.0	F#5	78.0	True	44.0	0.5	91.0	V7	True	('B', 'D#', 'F#', 'A')	B	B	0.0	dominant seventh chord	(3, 6, 9, 11)	E	E	5	None
130.0	0.5	44.0	D#5	75.0	True	44.0	0.5	91.0	V7	True	('B', 'D#', 'F#', 'A')	B	B	0.0	dominant seventh chord	(3, 6, 9, 11)	E	E	5	None
130.0	0.5	44.0	A4	69.0	True	44.0	0.5	91.0	V7	True	('B', 'D#', 'F#', 'A')	B	B	0.0	dominant seventh chord	(3, 6, 9, 11)	E	E	5	None
130.0	0.5	44.0	B2	47.0	True	44.0	0.5	91.0	V7	True	('B', 'D#', 'F#', 'A')	B	B	0.0	dominant seventh chord	(3, 6, 9, 11)	E	E	5	None
130.5	1.0	44.0	G#4	68.0	True	44.0	1.5	92.0	I	True	('E', 'G#', 'B')	E	E	0.0	major triad	(4, 8, 11)	E	E	1	None
130.5	1.0	44.0	E3	52.0	True	44.0	1.5	92.0	I	True	('E', 'G#', 'B')	E	E	0.0	major triad	(4, 8, 11)	E	E	1	None
130.5	1.0	44.0	E5	76.0	True	44.0	1.5	92.0	I	True	('E', 'G#', 'B')	E	E	0.0	major triad	(4, 8, 11)	E	E	1	None
130.5	1.0	44.0	E5	76.0	True	44.0	1.5	92.0	I	True	('E', 'G#', 'B')	E	E	0.0	major triad	(4, 8, 11)	E	E	1	None
131.5	0.5	44.0	B4	71.0	True	44.0	1.5	92.0	I	False	('E', 'G#', 'B')	E	E	0.0	major triad	(4, 8, 11)	E	E	1	None
132.0	2.0	45.0	B5	83.0	True	45.0	1.5	93.0	i	True	('E', 'G', 'B')	E	E	0.0	minor triad	(4, 7, 11)	E	E	1	None
132.0	3.0	45.0	B4	71.0	True	45.0	1.5	93.0	i	True	('E', 'G', 'B')	E	E	0.0	minor triad	(4, 7, 11)	E	E	1	None
132.5	0.5	45.0	E4	64.0	True	45.0	1.5	93.0	i	False	('E', 'G', 'B')	E	E	0.0	minor triad	(4, 7, 11)	E	E	1	None
132.5	0.5	45.0	G3	55.0	True	45.0	1.5	93.0	i	False	('E', 'G', 'B')	E	E	0.0	minor triad	(4, 7, 11)	E	E	1	None
133.0	0.5	45.0	E4	64.0	True	45.0	1.5	93.0	i	False	('E', 'G', 'B')	E	E	0.0	minor triad	(4, 7, 11)	E	E	1	None
133.0	0.5	45.0	G3	55.0	True	45.0	1.5	93.0	i	False	('E', 'G', 'B')	E	E	0.0	minor triad	(4, 7, 11)	E	E	1	None
133.5	1.0	45.0	D#4	63.0	True	45.0	1.5	94.0	V7	True	('B', 'D#', 'F#', 'A')	B	B	0.0	dominant seventh chord	(3, 6, 9, 11)	E	E	5	None
133.5	1.0	45.0	F#3	54.0	True	45.0	1.5	94.0	V7	True	('B', 'D#', 'F#', 'A')	B	B	0.0	dominant seventh chord	(3, 6, 9, 11)	E	E	5	None
134.0	0.5	45.0	A#5	82.0	True	45.0	1.5	94.0	V7	False	('B', 'D#', 'F#', 'A')	B	B	0.0	dominant seventh chord	(3, 6, 9, 11)	E	E	5	None
134.5	0.5	45.0	A5	81.0	True	45.0	1.5	94.0	V7	False	('B', 'D#', 'F#', 'A')	B	B	0.0	dominant seventh chord	(3, 6, 9, 11)	E	E	5	None
135.0	0.5	46.0	G#5	80.0	True	46.0	0.5	95.0	V7	True	('B', 'D#', 'F#', 'A')	B	B	0.0	dominant seventh chord	(3, 6, 9, 11)	E	E	5	None
135.0	0.5	46.0	B4	71.0	False	46.0	0.5	95.0	V7	True	('B', 'D#', 'F#', 'A')	B	B	0.0	dominant seventh chord	(3, 6, 9, 11)	E	E	5	None
135.5	1.0	46.0	G5	79.0	True	46.0	1.0	96.0	viio7/V	True	('A#', 'C#', 'E', 'G')	A#	A#	0.0	diminished seventh chord	(1, 4, 7, 10)	E	B	7	5
135.5	0.5	46.0	E5	76.0	True	46.0	1.0	96.0	viio7/V	True	('A#', 'C#', 'E', 'G')	A#	A#	0.0	diminished seventh chord	(1, 4, 7, 10)	E	B	7	5
135.5	0.5	46.0	A#4	70.0	True	46.0	1.0	96.0	viio7/V	True	('A#', 'C#', 'E', 'G')	A#	A#	0.0	diminished seventh chord	(1, 4, 7, 10)	E	B	7	5
136.0	0.5	46.0	E5	76.0	True	46.0	1.0	96.0	viio7/V	False	('A#', 'C#', 'E', 'G')	A#	A#	0.0	diminished seventh chord	(1, 4, 7, 10)	E	B	7	5
136.0	0.5	46.0	A#4	70.0	True	46.0	1.0	96.0	viio7/V	False	('A#', 'C#', 'E', 'G')	A#	A#	0.0	diminished seventh chord	(1, 4, 7, 10)	E	B	7	5
136.5	1.0	46.0	B4	71.0	True	46.0	1.5	97.0	V	True	('B', 'D#', 'F#')	B	B	0.0	major triad	(3, 6, 11)	E	E	5	None
136.5	0.5	46.0	E5	76.0	True	46.0	1.5	97.0	V	True	('B', 'D#', 'F#')	B	B	0.0	major triad	(3, 6, 11)	E	E	5	None
136.5	0.5	46.0	G5	79.0	True	46.0	1.5	97.0	V	True	('B', 'D#', 'F#')	B	B	0.0	major triad	(3, 6, 11)	E	E	5	None
137.0	0.5	46.0	F#5	78.0	True	46.0	1.5	97.0	V	False	('B', 'D#', 'F#')	B	B	0.0	major triad	(3, 6, 11)	E	E	5	None
137.0	0.5	46.0	D#5	75.0	True	46.0	1.5	97.0	V	False	('B', 'D#', 'F#')	B	B	0.0	major triad	(3, 6, 11)	E	E	5	None
137.5	0.5	46.0	B3	59.0	True	46.0	1.5	97.0	V	False	('B', 'D#', 'F#')	B	B	0.0	major triad	(3, 6, 11)	E	E	5	None
138.0	2.0	47.0	B4	71.0	True	47.0	1.0	98.0	V	True	('B', 'D#', 'F#')	B	B	0.0	major triad	(3, 6, 11)	E	E	5	None
138.0	3.0	47.0	B2	47.0	True	47.0	1.0	98.0	V	True	('B', 'D#', 'F#')	B	B	0.0	major triad	(3, 6, 11)	E	E	5	None
138.5	0.5	47.0	G5	79.0	True	47.0	1.0	98.0	V	False	('B', 'D#', 'F#')	B	B	0.0	major triad	(3, 6, 11)	E	E	5	None
138.5	0.5	47.0	E5	76.0	True	47.0	1.0	98.0	V	False	('B', 'D#', 'F#')	B	B	0.0	major triad	(3, 6, 11)	E	E	5	None
139.0	0.5	47.0	G5	79.0	True	47.0	0.5	99.0	i	True	('B', 'E', 'G')	B	E	2.0	minor triad	(4, 7, 11)	E	E	1	None
139.0	0.5	47.0	E5	76.0	True	47.0	0.5	99.0	i	True	('B', 'E', 'G')	B	E	2.0	minor triad	(4, 7, 11)	E	E	1	None
139.5	1.0	47.0	D#5	75.0	True	47.0	1.0	100.0	V	True	('B', 'D#', 'F#')	B	B	0.0	major triad	(3, 6, 11)	E	E	5	None
139.5	1.0	47.0	F#5	78.0	True	47.0	1.0	100.0	V	True	('B', 'D#', 'F#')	B	B	0.0	major triad	(3, 6, 11)	E	E	5	None
140.0	0.5	47.0	A#4	70.0	True	47.0	1.0	100.0	V	False	('B', 'D#', 'F#')	B	B	0.0	major triad	(3, 6, 11)	E	E	5	None
140.5	0.5	47.0	A4	69.0	True	47.0	0.5	101.0	V7	True	('B', 'D#', 'F#', 'A')	B	B	0.0	dominant seventh chord	(3, 6, 9, 11)	E	E	5	None
141.0	0.5	48.0	G#4	68.0	True	48.0	1.0	102.0	V7	True	('B', 'D#', 'F#', 'A')	B	B	0.0	dominant seventh chord	(3, 6, 9, 11)	E	E	5	None
141.0	3.0	48.0	B2	47.0	False	48.0	1.0	102.0	V7	True	('B', 'D#', 'F#', 'A')	B	B	0.0	dominant seventh chord	(3, 6, 9, 11)	E	E	5	None
141.5	0.5	48.0	E5	76.0	True	48.0	1.0	102.0	V7	False	('B', 'D#', 'F#', 'A')	B	B	0.0	dominant seventh chord	(3, 6, 9, 11)	E	E	5	None
141.5	1.0	48.0	G4	67.0	True	48.0	1.0	102.0	V7	False	('B', 'D#', 'F#', 'A')	B	B	0.0	dominant seventh chord	(3, 6, 9, 11)	E	E	5	None
141.5	0.5	48.0	B4	71.0	True	48.0	1.0	102.0	V7	False	('B', 'D#', 'F#', 'A')	B	B	0.0	dominant seventh chord	(3, 6, 9, 11)	E	E	5	None
142.0	0.5	48.0	E5	76.0	True	48.0	0.5	103.0	i	True	('B', 'E', 'G')	B	E	2.0	minor triad	(4, 7, 11)	E	E	1	None
142.0	0.5	48.0	B4	71.0	True	48.0	0.5	103.0	i	True	('B', 'E', 'G')	B	E	2.0	minor triad	(4, 7, 11)	E	E	1	None
142.5	1.0	48.0	B4	71.0	True	48.0	1.0	104.0	V	True	('B', 'D#', 'F#')	B	B	0.0	major triad	(3, 6, 11)	E	E	5	None
142.5	0.5	48.0	E5	76.0	True	48.0	1.0	104.0	V	True	('B', 'D#', 'F#')	B	B	0.0	major triad	(3, 6, 11)	E	E	5	None
142.5	1.0	48.0	F#4	66.0	True	48.0	1.0	104.0	V	True	('B', 'D#', 'F#')	B	B	0.0	major triad	(3, 6, 11)	E	E	5	None
143.0	0.5	48.0	D#5	75.0	True	48.0	1.0	104.0	V	False	('B', 'D#', 'F#')	B	B	0.0	major triad	(3, 6, 11)	E	E	5	None
143.5	0.5	48.0	A#4	70.0	True	48.0	0.5	105.0	viio7/V	True	('A#', 'C#', 'E', 'G')	A#	A#	0.0	diminished seventh chord	(1, 4, 7, 10)	E	B	7	5
143.5	0.5	48.0	G5	79.0	True	48.0	0.5	105.0	viio7/V	True	('A#', 'C#', 'E', 'G')	A#	A#	0.0	diminished seventh chord	(1, 4, 7, 10)	E	B	7	5
143.5	0.5	48.0	E4	64.0	True	48.0	0.5	105.0	viio7/V	True	('A#', 'C#', 'E', 'G')	A#	A#	0.0	diminished seventh chord	(1, 4, 7, 10)	E	B	7	5
144.0	1.0	49.0	D#4	63.0	True	49.0	1.0	106.0	V	True	('B', 'D#', 'F#')	B	B	0.0	major triad	(3, 6, 11)	E	E	5	None
144.0	2.0	49.0	B4	71.0	True	49.0	1.0	106.0	V	True	('B', 'D#', 'F#')	B	B	0.0	major triad	(3, 6, 11)	E	E	5	None
144.0	0.5	49.0	G5	79.0	False	49.0	1.0	106.0	V	True	('B', 'D#', 'F#')	B	B	0.0	major triad	(3, 6, 11)	E	E	5	None
144.0	3.0	49.0	B2	47.0	False	49.0	1.0	106.0	V	True	('B', 'D#', 'F#')	B	B	0.0	major triad	(3, 6, 11)	E	E	5	None
144.5	0.5	49.0	F#5	78.0	True	49.0	1.0	106.0	V	False	('B', 'D#', 'F#')	B	B	0.0	major triad	(3, 6, 11)	E	E	5	None
145.0	1.0	49.0	E5	76.0	True	49.0	0.5	107.0	i	True	('B', 'E', 'G')	B	E	2.0	minor triad	(4, 7, 11)	E	E	1	None
145.0	0.5	49.0	G4	67.0	True	49.0	0.5	107.0	i	True	('B', 'E', 'G')	B	E	2.0	minor triad	(4, 7, 11)	E	E	1	None
145.5	1.0	49.0	F#4	66.0	True	49.0	1.0	108.0	V	True	('B', 'D#', 'F#')	B	B	0.0	major triad	(3, 6, 11)	E	E	5	None
146.0	0.5	49.0	D#5	75.0	True	49.0	1.0	108.0	V	False	('B', 'D#', 'F#')	B	B	0.0	major triad	(3, 6, 11)	E	E	5	None
146.0	0.5	49.0	B4	71.0	False	49.0	1.0	108.0	V	False	('B', 'D#', 'F#')	B	B	0.0	major triad	(3, 6, 11)	E	E	5	None
146.5	0.5	49.0	G5	79.0	True	49.0	0.5	109.0	viio7/V	True	('A#', 'C#', 'E', 'G')	A#	A#	0.0	diminished seventh chord	(1, 4, 7, 10)	E	B	7	5
146.5	0.5	49.0	E4	64.0	True	49.0	0.5	109.0	viio7/V	True	('A#', 'C#', 'E', 'G')	A#	A#	0.0	diminished seventh chord	(1, 4, 7, 10)	E	B	7	5
146.5	0.5	49.0	A#4	70.0	True	49.0	0.5	109.0	viio7/V	True	('A#', 'C#', 'E', 'G')	A#	A#	0.0	diminished seventh chord	(1, 4, 7, 10)	E	B	7	5
147.0	1.0	50.0	B2	47.0	True	50.0	1.0	110.0	V	True	('B', 'D#', 'F#')	B	B	0.0	major triad	(3, 6, 11)	E	E	5	None
147.0	1.0	50.0	B4	71.0	True	50.0	1.0	110.0	V	True	('B', 'D#', 'F#')	B	B	0.0	major triad	(3, 6, 11)	E	E	5	None
147.0	0.5	50.0	G5	79.0	False	50.0	1.0	110.0	V	True	('B', 'D#', 'F#')	B	B	0.0	major triad	(3, 6, 11)	E	E	5	None
147.0	1.0	50.0	D#4	63.0	True	50.0	1.0	110.0	V	True	('B', 'D#', 'F#')	B	B	0.0	major triad	(3, 6, 11)	E	E	5	None
147.5	0.5	50.0	F#5	78.0	True	50.0	1.0	110.0	V	False	('B', 'D#', 'F#')	B	B	0.0	major triad	(3, 6, 11)	E	E	5	None
148.0	0.5	50.0	B3	59.0	True	50.0	0.5	111.0	viio7/V	True	('A#', 'C#', 'E', 'G')	A#	A#	0.0	diminished seventh chord	(1, 4, 7, 10)	E	B	7	5
148.0	1.0	50.0	G5	79.0	True	50.0	0.5	111.0	viio7/V	True	('A#', 'C#', 'E', 'G')	A#	A#	0.0	diminished seventh chord	(1, 4, 7, 10)	E	B	7	5
148.0	0.5	50.0	E4	64.0	True	50.0	0.5	111.0	viio7/V	True	('A#', 'C#', 'E', 'G')	A#	A#	0.0	diminished seventh chord	(1, 4, 7, 10)	E	B	7	5
148.0	0.5	50.0	A#4	70.0	True	50.0	0.5	111.0	viio7/V	True	('A#', 'C#', 'E', 'G')	A#	A#	0.0	diminished seventh chord	(1, 4, 7, 10)	E	B	7	5
148.5	1.0	50.0	B4	71.0	True	50.0	1.5	112.0	V	True	('B', 'D#', 'F#')	B	B	0.0	major triad	(3, 6, 11)	E	E	5	None
148.5	1.0	50.0	B2	47.0	True	50.0	1.5	112.0	V	True	('B', 'D#', 'F#')	B	B	0.0	major triad	(3, 6, 11)	E	E	5	None
148.5	1.0	50.0	D#4	63.0	True	50.0	1.5	112.0	V	True	('B', 'D#', 'F#')	B	B	0.0	major triad	(3, 6, 11)	E	E	5	None
149.0	0.5	50.0	F#5	78.0	True	50.0	1.5	112.0	V	False	('B', 'D#', 'F#')	B	B	0.0	major triad	(3, 6, 11)	E	E	5	None
150.0						51.0	1.0	113.0	V	True	('B', 'D#', 'F#')	B	B	0.0	major triad	(3, 6, 11)	E	E	5	None
151.0	0.5	51.0	G#4	68.0	True	51.0	2.0	114.0	I	True	('E', 'G#', 'B')	E	E	0.0	major triad	(4, 8, 11)	E	E	1	None
151.0	0.5	51.0	B4	71.0	True	51.0	2.0	114.0	I	True	('E', 'G#', 'B')	E	E	0.0	major triad	(4, 8, 11)	E	E	1	None
151.5	0.5	51.0	A4	69.0	True	51.0	2.0	114.0	I	False	('E', 'G#', 'B')	E	E	0.0	major triad	(4, 8, 11)	E	E	1	None
151.5	0.25	51.0	C#5	73.0	True	51.0	2.0	114.0	I	False	('E', 'G#', 'B')	E	E	0.0	major triad	(4, 8, 11)	E	E	1	None
151.75	0.25	51.0	E5	76.0	True	51.0	2.0	114.0	I	False	('E', 'G#', 'B')	E	E	0.0	major triad	(4, 8, 11)	E	E	1	None
152.0	0.25	51.0	D#5	75.0	True	51.0	2.0	114.0	I	False	('E', 'G#', 'B')	E	E	0.0	major triad	(4, 8, 11)	E	E	1	None
152.0	0.5	51.0	B4	71.0	True	51.0	2.0	114.0	I	False	('E', 'G#', 'B')	E	E	0.0	major triad	(4, 8, 11)	E	E	1	None
152.25	0.25	51.0	F#5	78.0	True	51.0	2.0	114.0	I	False	('E', 'G#', 'B')	E	E	0.0	major triad	(4, 8, 11)	E	E	1	None
152.5	0.25	51.0	E5	76.0	True	51.0	2.0	114.0	I	False	('E', 'G#', 'B')	E	E	0.0	major triad	(4, 8, 11)	E	E	1	None
152.5	0.5	51.0	C#5	73.0	True	51.0	2.0	114.0	I	False	('E', 'G#', 'B')	E	E	0.0	major triad	(4, 8, 11)	E	E	1	None
152.75	0.25	51.0	G#5	80.0	True	51.0	2.0	114.0	I	False	('E', 'G#', 'B')	E	E	0.0	major triad	(4, 8, 11)	E	E	1	None
153.0	0.5	52.0	D#5	75.0	True	52.0	3.0	115.0	I	True	('E', 'G#', 'B')	E	E	0.0	major triad	(4, 8, 11)	E	E	1	None
153.0	0.25	52.0	F#5	78.0	True	52.0	3.0	115.0	I	True	('E', 'G#', 'B')	E	E	0.0	major triad	(4, 8, 11)	E	E	1	None
153.25	0.25	52.0	A5	81.0	True	52.0	3.0	115.0	I	False	('E', 'G#', 'B')	E	E	0.0	major triad	(4, 8, 11)	E	E	1	None
153.5	0.25	52.0	G#5	80.0	True	52.0	3.0	115.0	I	False	('E', 'G#', 'B')	E	E	0.0	major triad	(4, 8, 11)	E	E	1	None
153.5	0.5	52.0	E5	76.0	True	52.0	3.0	115.0	I	False	('E', 'G#', 'B')	E	E	0.0	major triad	(4, 8, 11)	E	E	1	None
153.75	0.25	52.0	B5	83.0	True	52.0	3.0	115.0	I	False	('E', 'G#', 'B')	E	E	0.0	major triad	(4, 8, 11)	E	E	1	None
154.0	0.25	52.0	A5	81.0	True	52.0	3.0	115.0	I	False	('E', 'G#', 'B')	E	E	0.0	major triad	(4, 8, 11)	E	E	1	None
154.0	0.5	52.0	F#5	78.0	True	52.0	3.0	115.0	I	False	('E', 'G#', 'B')	E	E	0.0	major triad	(4, 8, 11)	E	E	1	None
154.25	0.25	52.0	C#6	85.0	True	52.0	3.0	115.0	I	False	('E', 'G#', 'B')	E	E	0.0	major triad	(4, 8, 11)	E	E	1	None
154.5	0.5	52.0	G#5	80.0	True	52.0	3.0	115.0	I	False	('E', 'G#', 'B')	E	E	0.0	major triad	(4, 8, 11)	E	E	1	None
154.5	1.5	52.0	B5	83.0	True	52.0	3.0	115.0	I	False	('E', 'G#', 'B')	E	E	0.0	major triad	(4, 8, 11)	E	E	1	None
155.0	0.5	52.0	B4	71.0	True	52.0	3.0	115.0	I	False	('E', 'G#', 'B')	E	E	0.0	major triad	(4, 8, 11)	E	E	1	None
155.0	0.5	52.0	E4	64.0	True	52.0	3.0	115.0	I	False	('E', 'G#', 'B')	E	E	0.0	major triad	(4, 8, 11)	E	E	1	None
155.0	0.5	52.0	G#3	56.0	True	52.0	3.0	115.0	I	False	('E', 'G#', 'B')	E	E	0.0	major triad	(4, 8, 11)	E	E	1	None
155.5	0.5	52.0	B4	71.0	True	52.0	3.0	115.0	I	False	('E', 'G#', 'B')	E	E	0.0	major triad	(4, 8, 11)	E	E	1	None
155.5	0.5	52.0	E4	64.0	True	52.0	3.0	115.0	I	False	('E', 'G#', 'B')	E	E	0.0	major triad	(4, 8, 11)	E	E	1	None
155.5	0.5	52.0	G#3	56.0	True	52.0	3.0	115.0	I	False	('E', 'G#', 'B')	E	E	0.0	major triad	(4, 8, 11)	E	E	1	None
156.0	0.5	53.0	B5	83.0	False	53.0	1.5	116.0	V	True	('B', 'D#', 'F#')	B	B	0.0	major triad	(3, 6, 11)	E	E	5	None
156.0	2.0	53.0	B4	71.0	True	53.0	1.5	116.0	V	True	('B', 'D#', 'F#')	B	B	0.0	major triad	(3, 6, 11)	E	E	5	None
156.0	1.5	53.0	D#4	63.0	True	53.0	1.5	116.0	V	True	('B', 'D#', 'F#')	B	B	0.0	major triad	(3, 6, 11)	E	E	5	None
156.0	1.5	53.0	F#3	54.0	True	53.0	1.5	116.0	V	True	('B', 'D#', 'F#')	B	B	0.0	major triad	(3, 6, 11)	E	E	5	None
156.5	0.5	53.0	A#5	82.0	True	53.0	1.5	116.0	V	False	('B', 'D#', 'F#')	B	B	0.0	major triad	(3, 6, 11)	E	E	5	None
157.0	0.5	53.0	A5	81.0	True	53.0	1.5	116.0	V	False	('B', 'D#', 'F#')	B	B	0.0	major triad	(3, 6, 11)	E	E	5	None
157.5	0.5	53.0	G#5	80.0	True	53.0	0.5	117.0	I	True	('E', 'G#', 'B')	E	E	0.0	major triad	(4, 8, 11)	E	E	1	None
157.5	0.5	53.0	E4	64.0	True	53.0	0.5	117.0	I	True	('E', 'G#', 'B')	E	E	0.0	major triad	(4, 8, 11)	E	E	1	None
157.5	0.5	53.0	E3	52.0	True	53.0	0.5	117.0	I	True	('E', 'G#', 'B')	E	E	0.0	major triad	(4, 8, 11)	E	E	1	None
158.0	0.5	53.0	F#5	78.0	True	53.0	0.5	118.0	V7	True	('B', 'D#', 'F#', 'A')	B	B	0.0	dominant seventh chord	(3, 6, 9, 11)	E	E	5	None
158.0	0.5	53.0	D#5	75.0	True	53.0	0.5	118.0	V7	True	('B', 'D#', 'F#', 'A')	B	B	0.0	dominant seventh chord	(3, 6, 9, 11)	E	E	5	None
158.0	0.5	53.0	A4	69.0	True	53.0	0.5	118.0	V7	True	('B', 'D#', 'F#', 'A')	B	B	0.0	dominant seventh chord	(3, 6, 9, 11)	E	E	5	None
158.0	0.5	53.0	F#3	54.0	True	53.0	0.5	118.0	V7	True	('B', 'D#', 'F#', 'A')	B	B	0.0	dominant seventh chord	(3, 6, 9, 11)	E	E	5	None
158.5	0.5	53.0	G#3	56.0	True	53.0	0.5	119.0	I	True	('E', 'G#', 'B')	E	E	0.0	major triad	(4, 8, 11)	E	E	1	None
158.5	0.5	53.0	E5	76.0	True	53.0	0.5	119.0	I	True	('E', 'G#', 'B')	E	E	0.0	major triad	(4, 8, 11)	E	E	1	None
158.5	0.5	53.0	E5	76.0	True	53.0	0.5	119.0	I	True	('E', 'G#', 'B')	E	E	0.0	major triad	(4, 8, 11)	E	E	1	None
158.5	0.5	53.0	B4	71.0	True	53.0	0.5	119.0	I	True	('E', 'G#', 'B')	E	E	0.0	major triad	(4, 8, 11)	E	E	1	None
159.0	0.5	54.0	D#5	75.0	True	54.0	1.5	120.0	IV	True	('A', 'C#', 'E')	A	A	0.0	major triad	(1, 4, 9)	E	E	4	None
159.0	1.0	54.0	E4	64.0	True	54.0	1.5	120.0	IV	True	('A', 'C#', 'E')	A	A	0.0	major triad	(1, 4, 9)	E	E	4	None
159.0	1.5	54.0	A3	57.0	True	54.0	1.5	120.0	IV	True	('A', 'C#', 'E')	A	A	0.0	major triad	(1, 4, 9)	E	E	4	None
159.5	0.5	54.0	C#5	73.0	True	54.0	1.5	120.0	IV	False	('A', 'C#', 'E')	A	A	0.0	major triad	(1, 4, 9)	E	E	4	None
160.0	0.5	54.0	A5	81.0	True	54.0	1.5	120.0	IV	False	('A', 'C#', 'E')	A	A	0.0	major triad	(1, 4, 9)	E	E	4	None
160.0	0.5	54.0	F#5	78.0	True	54.0	1.5	120.0	IV	False	('A', 'C#', 'E')	A	A	0.0	major triad	(1, 4, 9)	E	E	4	None
160.0	0.5	54.0	C#5	73.0	True	54.0	1.5	120.0	IV	False	('A', 'C#', 'E')	A	A	0.0	major triad	(1, 4, 9)	E	E	4	None
160.5	1.0	54.0	B3	59.0	True	54.0	1.0	121.0	I	True	('B', 'E', 'G#')	B	E	2.0	major triad	(4, 8, 11)	E	E	1	None
160.5	1.0	54.0	G#5	80.0	True	54.0	1.0	121.0	I	True	('B', 'E', 'G#')	B	E	2.0	major triad	(4, 8, 11)	E	E	1	None
160.5	1.0	54.0	E5	76.0	True	54.0	1.0	121.0	I	True	('B', 'E', 'G#')	B	E	2.0	major triad	(4, 8, 11)	E	E	1	None
160.5	1.0	54.0	B4	71.0	True	54.0	1.0	121.0	I	True	('B', 'E', 'G#')	B	E	2.0	major triad	(4, 8, 11)	E	E	1	None
161.5	0.5	54.0	F#5	78.0	True	54.0	0.5	122.0	V	True	('B', 'D#', 'F#')	B	B	0.0	major triad	(3, 6, 11)	E	E	5	None
161.5	0.5	54.0	D#5	75.0	True	54.0	0.5	122.0	V	True	('B', 'D#', 'F#')	B	B	0.0	major triad	(3, 6, 11)	E	E	5	None
161.5	0.5	54.0	A4	69.0	True	54.0	0.5	122.0	V	True	('B', 'D#', 'F#')	B	B	0.0	major triad	(3, 6, 11)	E	E	5	None
161.5	0.5	54.0	B2	47.0	True	54.0	0.5	122.0	V	True	('B', 'D#', 'F#')	B	B	0.0	major triad	(3, 6, 11)	E	E	5	None
162.0	1.0	55.0	G#4	68.0	True	55.0	3.0	123.0	I	True	('E', 'G#', 'B')	E	E	0.0	major triad	(4, 8, 11)	E	E	1	None
162.0	1.0	55.0	E3	52.0	True	55.0	3.0	123.0	I	True	('E', 'G#', 'B')	E	E	0.0	major triad	(4, 8, 11)	E	E	1	None
162.0	1.0	55.0	E5	76.0	True	55.0	3.0	123.0	I	True	('E', 'G#', 'B')	E	E	0.0	major triad	(4, 8, 11)	E	E	1	None
162.0	1.0	55.0	E5	76.0	True	55.0	3.0	123.0	I	True	('E', 'G#', 'B')	E	E	0.0	major triad	(4, 8, 11)	E	E	1	None
163.0	0.5	55.0	B4	71.0	True	55.0	3.0	123.0	I	False	('E', 'G#', 'B')	E	E	0.0	major triad	(4, 8, 11)	E	E	1	None
163.5	0.5	55.0	B4	71.0	True	55.0	3.0	123.0	I	False	('E', 'G#', 'B')	E	E	0.0	major triad	(4, 8, 11)	E	E	1	None
163.5	0.5	55.0	G#4	68.0	True	55.0	3.0	123.0	I	False	('E', 'G#', 'B')	E	E	0.0	major triad	(4, 8, 11)	E	E	1	None
163.5	0.5	55.0	E4	64.0	True	55.0	3.0	123.0	I	False	('E', 'G#', 'B')	E	E	0.0	major triad	(4, 8, 11)	E	E	1	None
163.5	0.5	55.0	E4	64.0	True	55.0	3.0	123.0	I	False	('E', 'G#', 'B')	E	E	0.0	major triad	(4, 8, 11)	E	E	1	None
164.0	0.5	55.0	E4	64.0	True	55.0	3.0	123.0	I	False	('E', 'G#', 'B')	E	E	0.0	major triad	(4, 8, 11)	E	E	1	None
164.0	0.5	55.0	E4	64.0	True	55.0	3.0	123.0	I	False	('E', 'G#', 'B')	E	E	0.0	major triad	(4, 8, 11)	E	E	1	None
164.0	0.5	55.0	B4	71.0	True	55.0	3.0	123.0	I	False	('E', 'G#', 'B')	E	E	0.0	major triad	(4, 8, 11)	E	E	1	None
164.0	0.5	55.0	G#4	68.0	True	55.0	3.0	123.0	I	False	('E', 'G#', 'B')	E	E	0.0	major triad	(4, 8, 11)	E	E	1	None
164.5	0.5	55.0	B4	71.0	True	55.0	3.0	123.0	I	False	('E', 'G#', 'B')	E	E	0.0	major triad	(4, 8, 11)	E	E	1	None
164.5	0.5	55.0	G#4	68.0	True	55.0	3.0	123.0	I	False	('E', 'G#', 'B')	E	E	0.0	major triad	(4, 8, 11)	E	E	1	None
164.5	0.5	55.0	E4	64.0	True	55.0	3.0	123.0	I	False	('E', 'G#', 'B')	E	E	0.0	major triad	(4, 8, 11)	E	E	1	None
164.5	0.5	55.0	E4	64.0	True	55.0	3.0	123.0	I	False	('E', 'G#', 'B')	E	E	0.0	major triad	(4, 8, 11)	E	E	1	None
165.0	0.5	56.0	E5	76.0	True	56.0	1.5	124.0	vi	True	('C#', 'E', 'G#')	C#	C#	0.0	minor triad	(1, 4, 8)	E	E	6	None
165.0	0.5	56.0	G#4	68.0	True	56.0	1.5	124.0	vi	True	('C#', 'E', 'G#')	C#	C#	0.0	minor triad	(1, 4, 8)	E	E	6	None
165.0	0.5	56.0	E4	64.0	True	56.0	1.5	124.0	vi	True	('C#', 'E', 'G#')	C#	C#	0.0	minor triad	(1, 4, 8)	E	E	6	None
165.0	0.5	56.0	C#4	61.0	True	56.0	1.5	124.0	vi	True	('C#', 'E', 'G#')	C#	C#	0.0	minor triad	(1, 4, 8)	E	E	6	None
165.5	0.5	56.0	C#4	61.0	True	56.0	1.5	124.0	vi	False	('C#', 'E', 'G#')	C#	C#	0.0	minor triad	(1, 4, 8)	E	E	6	None
165.5	0.5	56.0	E5	76.0	True	56.0	1.5	124.0	vi	False	('C#', 'E', 'G#')	C#	C#	0.0	minor triad	(1, 4, 8)	E	E	6	None
165.5	0.5	56.0	G#4	68.0	True	56.0	1.5	124.0	vi	False	('C#', 'E', 'G#')	C#	C#	0.0	minor triad	(1, 4, 8)	E	E	6	None
165.5	0.5	56.0	E4	64.0	True	56.0	1.5	124.0	vi	False	('C#', 'E', 'G#')	C#	C#	0.0	minor triad	(1, 4, 8)	E	E	6	None
166.0	0.5	56.0	E5	76.0	True	56.0	1.5	124.0	vi	False	('C#', 'E', 'G#')	C#	C#	0.0	minor triad	(1, 4, 8)	E	E	6	None
166.0	0.5	56.0	E4	64.0	True	56.0	1.5	124.0	vi	False	('C#', 'E', 'G#')	C#	C#	0.0	minor triad	(1, 4, 8)	E	E	6	None
166.0	0.5	56.0	C#4	61.0	True	56.0	1.5	124.0	vi	False	('C#', 'E', 'G#')	C#	C#	0.0	minor triad	(1, 4, 8)	E	E	6	None
166.0	0.5	56.0	E5	76.0	True	56.0	1.5	124.0	vi	False	('C#', 'E', 'G#')	C#	C#	0.0	minor triad	(1, 4, 8)	E	E	6	None
166.5	0.5	56.0	F#5	78.0	True	56.0	1.5	125.0	V	True	('B', 'D#', 'F#')	B	B	0.0	major triad	(3, 6, 11)	E	E	5	None
166.5	0.5	56.0	D#5	75.0	True	56.0	1.5	125.0	V	True	('B', 'D#', 'F#')	B	B	0.0	major triad	(3, 6, 11)	E	E	5	None
166.5	0.5	56.0	B4	71.0	True	56.0	1.5	125.0	V	True	('B', 'D#', 'F#')	B	B	0.0	major triad	(3, 6, 11)	E	E	5	None
166.5	0.5	56.0	B3	59.0	True	56.0	1.5	125.0	V	True	('B', 'D#', 'F#')	B	B	0.0	major triad	(3, 6, 11)	E	E	5	None
167.0	0.5	56.0	B3	59.0	True	56.0	1.5	125.0	V	False	('B', 'D#', 'F#')	B	B	0.0	major triad	(3, 6, 11)	E	E	5	None
167.0	0.5	56.0	B4	71.0	True	56.0	1.5	125.0	V	False	('B', 'D#', 'F#')	B	B	0.0	major triad	(3, 6, 11)	E	E	5	None
167.0	0.25	56.0	F#5	78.0	True	56.0	1.5	125.0	V	False	('B', 'D#', 'F#')	B	B	0.0	major triad	(3, 6, 11)	E	E	5	None
167.0	0.25	56.0	D#5	75.0	True	56.0	1.5	125.0	V	False	('B', 'D#', 'F#')	B	B	0.0	major triad	(3, 6, 11)	E	E	5	None
167.25	0.25	56.0	E5	76.0	True	56.0	1.5	125.0	V	False	('B', 'D#', 'F#')	B	B	0.0	major triad	(3, 6, 11)	E	E	5	None
167.25	0.25	56.0	C#5	73.0	True	56.0	1.5	125.0	V	False	('B', 'D#', 'F#')	B	B	0.0	major triad	(3, 6, 11)	E	E	5	None
167.5	0.5	56.0	F#5	78.0	True	56.0	1.5	125.0	V	False	('B', 'D#', 'F#')	B	B	0.0	major triad	(3, 6, 11)	E	E	5	None
167.5	0.5	56.0	D#5	75.0	True	56.0	1.5	125.0	V	False	('B', 'D#', 'F#')	B	B	0.0	major triad	(3, 6, 11)	E	E	5	None
167.5	0.5	56.0	B4	71.0	True	56.0	1.5	125.0	V	False	('B', 'D#', 'F#')	B	B	0.0	major triad	(3, 6, 11)	E	E	5	None
167.5	0.5	56.0	B3	59.0	True	56.0	1.5	125.0	V	False	('B', 'D#', 'F#')	B	B	0.0	major triad	(3, 6, 11)	E	E	5	None
168.0	1.0	57.0	E3	52.0	True	57.0	1.5	126.0	I	True	('E', 'G#', 'B')	E	E	0.0	major triad	(4, 8, 11)	E	E	1	None
168.0	1.0	57.0	E5	76.0	True	57.0	1.5	126.0	I	True	('E', 'G#', 'B')	E	E	0.0	major triad	(4, 8, 11)	E	E	1	None
168.0	1.0	57.0	G#5	80.0	True	57.0	1.5	126.0	I	True	('E', 'G#', 'B')	E	E	0.0	major triad	(4, 8, 11)	E	E	1	None
168.0	1.0	57.0	B4	71.0	True	57.0	1.5	126.0	I	True	('E', 'G#', 'B')	E	E	0.0	major triad	(4, 8, 11)	E	E	1	None
169.0	0.5	57.0	G#5	80.0	True	57.0	1.5	126.0	I	False	('E', 'G#', 'B')	E	E	0.0	major triad	(4, 8, 11)	E	E	1	None
169.0	0.5	57.0	E5	76.0	True	57.0	1.5	126.0	I	False	('E', 'G#', 'B')	E	E	0.0	major triad	(4, 8, 11)	E	E	1	None
169.0	0.5	57.0	B4	71.0	True	57.0	1.5	126.0	I	False	('E', 'G#', 'B')	E	E	0.0	major triad	(4, 8, 11)	E	E	1	None
169.0	0.5	57.0	E3	52.0	True	57.0	1.5	126.0	I	False	('E', 'G#', 'B')	E	E	0.0	major triad	(4, 8, 11)	E	E	1	None
169.5	0.5	57.0	F#5	78.0	True	57.0	1.5	127.0	V7/vi	True	('G#', 'B#', 'D#', 'F#')	G#	G#	0.0	dominant seventh chord	(0, 3, 6, 8)	E	c#	5	6
169.5	0.5	57.0	D#5	75.0	True	57.0	1.5	127.0	V7/vi	True	('G#', 'B#', 'D#', 'F#')	G#	G#	0.0	dominant seventh chord	(0, 3, 6, 8)	E	c#	5	6
169.5	0.5	57.0	B#4	72.0	True	57.0	1.5	127.0	V7/vi	True	('G#', 'B#', 'D#', 'F#')	G#	G#	0.0	dominant seventh chord	(0, 3, 6, 8)	E	c#	5	6
169.5	0.5	57.0	G#3	56.0	True	57.0	1.5	127.0	V7/vi	True	('G#', 'B#', 'D#', 'F#')	G#	G#	0.0	dominant seventh chord	(0, 3, 6, 8)	E	c#	5	6
170.0	0.5	57.0	G#3	56.0	True	57.0	1.5	127.0	V7/vi	False	('G#', 'B#', 'D#', 'F#')	G#	G#	0.0	dominant seventh chord	(0, 3, 6, 8)	E	c#	5	6
170.0	0.5	57.0	F#5	78.0	True	57.0	1.5	127.0	V7/vi	False	('G#', 'B#', 'D#', 'F#')	G#	G#	0.0	dominant seventh chord	(0, 3, 6, 8)	E	c#	5	6
170.0	0.5	57.0	D#5	75.0	True	57.0	1.5	127.0	V7/vi	False	('G#', 'B#', 'D#', 'F#')	G#	G#	0.0	dominant seventh chord	(0, 3, 6, 8)	E	c#	5	6
170.0	0.5	57.0	B#4	72.0	True	57.0	1.5	127.0	V7/vi	False	('G#', 'B#', 'D#', 'F#')	G#	G#	0.0	dominant seventh chord	(0, 3, 6, 8)	E	c#	5	6
170.5	0.5	57.0	F#5	78.0	True	57.0	1.5	127.0	V7/vi	False	('G#', 'B#', 'D#', 'F#')	G#	G#	0.0	dominant seventh chord	(0, 3, 6, 8)	E	c#	5	6
170.5	0.5	57.0	D#5	75.0	True	57.0	1.5	127.0	V7/vi	False	('G#', 'B#', 'D#', 'F#')	G#	G#	0.0	dominant seventh chord	(0, 3, 6, 8)	E	c#	5	6
170.5	0.5	57.0	B#4	72.0	True	57.0	1.5	127.0	V7/vi	False	('G#', 'B#', 'D#', 'F#')	G#	G#	0.0	dominant seventh chord	(0, 3, 6, 8)	E	c#	5	6
170.5	0.5	57.0	G#3	56.0	True	57.0	1.5	127.0	V7/vi	False	('G#', 'B#', 'D#', 'F#')	G#	G#	0.0	dominant seventh chord	(0, 3, 6, 8)	E	c#	5	6
171.0	0.5	58.0	C#4	61.0	True	58.0	1.0	128.0	vi	True	('C#', 'E', 'G#')	C#	C#	0.0	minor triad	(1, 4, 8)	E	E	6	None
171.0	0.5	58.0	E5	76.0	True	58.0	1.0	128.0	vi	True	('C#', 'E', 'G#')	C#	C#	0.0	minor triad	(1, 4, 8)	E	E	6	None
171.0	0.5	58.0	G#4	68.0	True	58.0	1.0	128.0	vi	True	('C#', 'E', 'G#')	C#	C#	0.0	minor triad	(1, 4, 8)	E	E	6	None
171.0	0.5	58.0	C#5	73.0	True	58.0	1.0	128.0	vi	True	('C#', 'E', 'G#')	C#	C#	0.0	minor triad	(1, 4, 8)	E	E	6	None
171.5	0.25	58.0	E5	76.0	True	58.0	1.0	128.0	vi	False	('C#', 'E', 'G#')	C#	C#	0.0	minor triad	(1, 4, 8)	E	E	6	None
171.5	0.5	58.0	G#4	68.0	True	58.0	1.0	128.0	vi	False	('C#', 'E', 'G#')	C#	C#	0.0	minor triad	(1, 4, 8)	E	E	6	None
171.5	0.5	58.0	C#5	73.0	True	58.0	1.0	128.0	vi	False	('C#', 'E', 'G#')	C#	C#	0.0	minor triad	(1, 4, 8)	E	E	6	None
171.5	0.5	58.0	C#4	61.0	True	58.0	1.0	128.0	vi	False	('C#', 'E', 'G#')	C#	C#	0.0	minor triad	(1, 4, 8)	E	E	6	None
171.75	0.25	58.0	D#5	75.0	True	58.0	1.0	128.0	vi	False	('C#', 'E', 'G#')	C#	C#	0.0	minor triad	(1, 4, 8)	E	E	6	None
172.0	0.5	58.0	G#4	68.0	True	58.0	1.5	129.0	ii	True	('F#', 'A', 'C#')	F#	F#	0.0	minor triad	(1, 6, 9)	E	E	2	None
172.0	0.5	58.0	C#4	61.0	True	58.0	1.5	129.0	ii	True	('F#', 'A', 'C#')	F#	F#	0.0	minor triad	(1, 6, 9)	E	E	2	None
172.0	0.5	58.0	E5	76.0	True	58.0	1.5	129.0	ii	True	('F#', 'A', 'C#')	F#	F#	0.0	minor triad	(1, 6, 9)	E	E	2	None
172.0	0.5	58.0	G#4	68.0	True	58.0	1.5	129.0	ii	True	('F#', 'A', 'C#')	F#	F#	0.0	minor triad	(1, 6, 9)	E	E	2	None
172.5	0.5	58.0	F#5	78.0	True	58.0	1.5	129.0	ii	False	('F#', 'A', 'C#')	F#	F#	0.0	minor triad	(1, 6, 9)	E	E	2	None
172.5	0.5	58.0	C#5	73.0	True	58.0	1.5	129.0	ii	False	('F#', 'A', 'C#')	F#	F#	0.0	minor triad	(1, 6, 9)	E	E	2	None
172.5	0.5	58.0	A4	69.0	True	58.0	1.5	129.0	ii	False	('F#', 'A', 'C#')	F#	F#	0.0	minor triad	(1, 6, 9)	E	E	2	None
172.5	0.5	58.0	A3	57.0	True	58.0	1.5	129.0	ii	False	('F#', 'A', 'C#')	F#	F#	0.0	minor triad	(1, 6, 9)	E	E	2	None
173.0	0.5	58.0	A5	81.0	True	58.0	1.5	129.0	ii	False	('F#', 'A', 'C#')	F#	F#	0.0	minor triad	(1, 6, 9)	E	E	2	None
173.0	0.5	58.0	A4	69.0	True	58.0	1.5	129.0	ii	False	('F#', 'A', 'C#')	F#	F#	0.0	minor triad	(1, 6, 9)	E	E	2	None
173.0	0.5	58.0	C#5	73.0	True	58.0	1.5	129.0	ii	False	('F#', 'A', 'C#')	F#	F#	0.0	minor triad	(1, 6, 9)	E	E	2	None
173.0	0.5	58.0	F#3	54.0	True	58.0	1.5	129.0	ii	False	('F#', 'A', 'C#')	F#	F#	0.0	minor triad	(1, 6, 9)	E	E	2	None
173.5	0.5	58.0	B3	59.0	True	58.0	0.5	130.0	V7	True	('B', 'D#', 'F#', 'A')	B	B	0.0	dominant seventh chord	(3, 6, 9, 11)	E	E	5	None
173.5	0.5	58.0	F#4	66.0	True	58.0	0.5	130.0	V7	True	('B', 'D#', 'F#', 'A')	B	B	0.0	dominant seventh chord	(3, 6, 9, 11)	E	E	5	None
173.5	0.5	58.0	D#5	75.0	True	58.0	0.5	130.0	V7	True	('B', 'D#', 'F#', 'A')	B	B	0.0	dominant seventh chord	(3, 6, 9, 11)	E	E	5	None
173.5	0.5	58.0	A4	69.0	True	58.0	0.5	130.0	V7	True	('B', 'D#', 'F#', 'A')	B	B	0.0	dominant seventh chord	(3, 6, 9, 11)	E	E	5	None
174.0	1.0	59.0	E5	76.0	True	59.0	2.5	131.0	I	True	('E', 'G#', 'B')	E	E	0.0	major triad	(4, 8, 11)	E	E	1	None
174.0	1.0	59.0	G#4	68.0	True	59.0	2.5	131.0	I	True	('E', 'G#', 'B')	E	E	0.0	major triad	(4, 8, 11)	E	E	1	None
174.0	1.0	59.0	G#4	68.0	True	59.0	2.5	131.0	I	True	('E', 'G#', 'B')	E	E	0.0	major triad	(4, 8, 11)	E	E	1	None
174.0	1.0	59.0	E3	52.0	True	59.0	2.5	131.0	I	True	('E', 'G#', 'B')	E	E	0.0	major triad	(4, 8, 11)	E	E	1	None
175.0	0.5	59.0	B4	71.0	True	59.0	2.5	131.0	I	False	('E', 'G#', 'B')	E	E	0.0	major triad	(4, 8, 11)	E	E	1	None
175.0	0.5	59.0	G#4	68.0	True	59.0	2.5	131.0	I	False	('E', 'G#', 'B')	E	E	0.0	major triad	(4, 8, 11)	E	E	1	None
175.5	0.5	59.0	A4	69.0	True	59.0	2.5	131.0	I	False	('E', 'G#', 'B')	E	E	0.0	major triad	(4, 8, 11)	E	E	1	None
175.5	0.5	59.0	C#5	73.0	True	59.0	2.5	131.0	I	False	('E', 'G#', 'B')	E	E	0.0	major triad	(4, 8, 11)	E	E	1	None
176.0	0.5	59.0	G#4	68.0	True	59.0	2.5	131.0	I	False	('E', 'G#', 'B')	E	E	0.0	major triad	(4, 8, 11)	E	E	1	None
176.0	0.5	59.0	B4	71.0	True	59.0	2.5	131.0	I	False	('E', 'G#', 'B')	E	E	0.0	major triad	(4, 8, 11)	E	E	1	None
176.5	0.5	59.0	D#5	75.0	True	59.0	0.5	132.0	V7	True	('B', 'D#', 'F#', 'A')	B	B	0.0	dominant seventh chord	(3, 6, 9, 11)	E	E	5	None
176.5	0.5	59.0	F#4	66.0	True	59.0	0.5	132.0	V7	True	('B', 'D#', 'F#', 'A')	B	B	0.0	dominant seventh chord	(3, 6, 9, 11)	E	E	5	None
176.5	0.5	59.0	A4	69.0	True	59.0	0.5	132.0	V7	True	('B', 'D#', 'F#', 'A')	B	B	0.0	dominant seventh chord	(3, 6, 9, 11)	E	E	5	None
176.5	0.5	59.0	B3	59.0	True	59.0	0.5	132.0	V7	True	('B', 'D#', 'F#', 'A')	B	B	0.0	dominant seventh chord	(3, 6, 9, 11)	E	E	5	None
176.5	0.5	59.0	B2	47.0	True	59.0	0.5	132.0	V7	True	('B', 'D#', 'F#', 'A')	B	B	0.0	dominant seventh chord	(3, 6, 9, 11)	E	E	5	None
177.0	1.0	60.0	E3	52.0	True	60.0	2.5	133.0	I	True	('E', 'G#', 'B')	E	E	0.0	major triad	(4, 8, 11)	E	E	1	None
177.0	1.0	60.0	B3	59.0	True	60.0	2.5	133.0	I	True	('E', 'G#', 'B')	E	E	0.0	major triad	(4, 8, 11)	E	E	1	None
177.0	1.0	60.0	G#4	68.0	True	60.0	2.5	133.0	I	True	('E', 'G#', 'B')	E	E	0.0	major triad	(4, 8, 11)	E	E	1	None
177.0	0.5	60.0	E4	64.0	True	60.0	2.5	133.0	I	True	('E', 'G#', 'B')	E	E	0.0	major triad	(4, 8, 11)	E	E	1	None
177.0	0.5	60.0	E5	76.0	True	60.0	2.5	133.0	I	True	('E', 'G#', 'B')	E	E	0.0	major triad	(4, 8, 11)	E	E	1	None
177.5	0.5	60.0	G#5	80.0	True	60.0	2.5	133.0	I	False	('E', 'G#', 'B')	E	E	0.0	major triad	(4, 8, 11)	E	E	1	None
177.5	0.5	60.0	E5	76.0	True	60.0	2.5	133.0	I	False	('E', 'G#', 'B')	E	E	0.0	major triad	(4, 8, 11)	E	E	1	None
178.0	0.5	60.0	B4	71.0	True	60.0	2.5	133.0	I	False	('E', 'G#', 'B')	E	E	0.0	major triad	(4, 8, 11)	E	E	1	None
178.0	0.5	60.0	G#4	68.0	True	60.0	2.5	133.0	I	False	('E', 'G#', 'B')	E	E	0.0	major triad	(4, 8, 11)	E	E	1	None
178.5	0.5	60.0	C#5	73.0	True	60.0	2.5	133.0	I	False	('E', 'G#', 'B')	E	E	0.0	major triad	(4, 8, 11)	E	E	1	None
178.5	0.5	60.0	A4	69.0	True	60.0	2.5	133.0	I	False	('E', 'G#', 'B')	E	E	0.0	major triad	(4, 8, 11)	E	E	1	None
179.0	0.5	60.0	B4	71.0	True	60.0	2.5	133.0	I	False	('E', 'G#', 'B')	E	E	0.0	major triad	(4, 8, 11)	E	E	1	None
179.0	0.5	60.0	G#4	68.0	True	60.0	2.5	133.0	I	False	('E', 'G#', 'B')	E	E	0.0	major triad	(4, 8, 11)	E	E	1	None
179.5	0.5	60.0	B2	47.0	True	60.0	0.5	134.0	V7	True	('B', 'D#', 'F#', 'A')	B	B	0.0	dominant seventh chord	(3, 6, 9, 11)	E	E	5	None
179.5	0.5	60.0	B3	59.0	True	60.0	0.5	134.0	V7	True	('B', 'D#', 'F#', 'A')	B	B	0.0	dominant seventh chord	(3, 6, 9, 11)	E	E	5	None
179.5	0.5	60.0	F#4	66.0	True	60.0	0.5	134.0	V7	True	('B', 'D#', 'F#', 'A')	B	B	0.0	dominant seventh chord	(3, 6, 9, 11)	E	E	5	None
179.5	0.5	60.0	D#5	75.0	True	60.0	0.5	134.0	V7	True	('B', 'D#', 'F#', 'A')	B	B	0.0	dominant seventh chord	(3, 6, 9, 11)	E	E	5	None
179.5	0.5	60.0	A4	69.0	True	60.0	0.5	134.0	V7	True	('B', 'D#', 'F#', 'A')	B	B	0.0	dominant seventh chord	(3, 6, 9, 11)	E	E	5	None
180.0	1.0	61.0	E5	76.0	True	61.0	1.5	135.0	I	True	('E', 'G#', 'B')	E	E	0.0	major triad	(4, 8, 11)	E	E	1	None
180.0	1.0	61.0	E4	64.0	True	61.0	1.5	135.0	I	True	('E', 'G#', 'B')	E	E	0.0	major triad	(4, 8, 11)	E	E	1	None
180.0	3.0	61.0	E5	76.0	True	61.0	1.5	135.0	I	True	('E', 'G#', 'B')	E	E	0.0	major triad	(4, 8, 11)	E	E	1	None
180.0	1.0	61.0	B3	59.0	True	61.0	1.5	135.0	I	True	('E', 'G#', 'B')	E	E	0.0	major triad	(4, 8, 11)	E	E	1	None
180.0	1.0	61.0	E3	52.0	True	61.0	1.5	135.0	I	True	('E', 'G#', 'B')	E	E	0.0	major triad	(4, 8, 11)	E	E	1	None
181.0	0.5	61.0	G#3	56.0	True	61.0	1.5	135.0	I	False	('E', 'G#', 'B')	E	E	0.0	major triad	(4, 8, 11)	E	E	1	None
181.0	0.5	61.0	E4	64.0	True	61.0	1.5	135.0	I	False	('E', 'G#', 'B')	E	E	0.0	major triad	(4, 8, 11)	E	E	1	None
181.0	0.5	61.0	B3	59.0	True	61.0	1.5	135.0	I	False	('E', 'G#', 'B')	E	E	0.0	major triad	(4, 8, 11)	E	E	1	None
181.5	1.5	61.0	E4	64.0	True	61.0	1.5	136.0	IV	True	('A', 'C#', 'E')	A	A	0.0	major triad	(1, 4, 9)	E	E	4	None
181.5	0.5	61.0	C#4	61.0	True	61.0	1.5	136.0	IV	True	('A', 'C#', 'E')	A	A	0.0	major triad	(1, 4, 9)	E	E	4	None
181.5	0.5	61.0	A3	57.0	True	61.0	1.5	136.0	IV	True	('A', 'C#', 'E')	A	A	0.0	major triad	(1, 4, 9)	E	E	4	None
182.0	0.5	61.0	B3	59.0	True	61.0	1.5	136.0	IV	False	('A', 'C#', 'E')	A	A	0.0	major triad	(1, 4, 9)	E	E	4	None
182.0	0.5	61.0	G#3	56.0	True	61.0	1.5	136.0	IV	False	('A', 'C#', 'E')	A	A	0.0	major triad	(1, 4, 9)	E	E	4	None
182.5	0.5	61.0	A3	57.0	True	61.0	1.5	136.0	IV	False	('A', 'C#', 'E')	A	A	0.0	major triad	(1, 4, 9)	E	E	4	None
182.5	0.5	61.0	F#3	54.0	True	61.0	1.5	136.0	IV	False	('A', 'C#', 'E')	A	A	0.0	major triad	(1, 4, 9)	E	E	4	None
183.0	1.0	62.0	E4	64.0	True	62.0	1.5	137.0	I	True	('E', 'G#', 'B')	E	E	0.0	major triad	(4, 8, 11)	E	E	1	None
183.0	1.0	62.0	B3	59.0	True	62.0	1.5	137.0	I	True	('E', 'G#', 'B')	E	E	0.0	major triad	(4, 8, 11)	E	E	1	None
183.0	3.0	62.0	E5	76.0	False	62.0	1.5	137.0	I	True	('E', 'G#', 'B')	E	E	0.0	major triad	(4, 8, 11)	E	E	1	None
183.0	1.0	62.0	G#3	56.0	True	62.0	1.5	137.0	I	True	('E', 'G#', 'B')	E	E	0.0	major triad	(4, 8, 11)	E	E	1	None
183.0	1.0	62.0	E2	40.0	True	62.0	1.5	137.0	I	True	('E', 'G#', 'B')	E	E	0.0	major triad	(4, 8, 11)	E	E	1	None
184.0	0.5	62.0	E4	64.0	True	62.0	1.5	137.0	I	False	('E', 'G#', 'B')	E	E	0.0	major triad	(4, 8, 11)	E	E	1	None
184.0	0.5	62.0	B3	59.0	True	62.0	1.5	137.0	I	False	('E', 'G#', 'B')	E	E	0.0	major triad	(4, 8, 11)	E	E	1	None
184.0	0.5	62.0	G#3	56.0	True	62.0	1.5	137.0	I	False	('E', 'G#', 'B')	E	E	0.0	major triad	(4, 8, 11)	E	E	1	None
184.5	0.5	62.0	A3	57.0	True	62.0	1.5	138.0	IV	True	('A', 'C#', 'E')	A	A	0.0	major triad	(1, 4, 9)	E	E	4	None
184.5	0.5	62.0	C#4	61.0	True	62.0	1.5	138.0	IV	True	('A', 'C#', 'E')	A	A	0.0	major triad	(1, 4, 9)	E	E	4	None
184.5	1.5	62.0	E4	64.0	True	62.0	1.5	138.0	IV	True	('A', 'C#', 'E')	A	A	0.0	major triad	(1, 4, 9)	E	E	4	None
185.0	0.5	62.0	B3	59.0	True	62.0	1.5	138.0	IV	False	('A', 'C#', 'E')	A	A	0.0	major triad	(1, 4, 9)	E	E	4	None
185.0	0.5	62.0	G#3	56.0	True	62.0	1.5	138.0	IV	False	('A', 'C#', 'E')	A	A	0.0	major triad	(1, 4, 9)	E	E	4	None
185.5	0.5	62.0	A3	57.0	True	62.0	1.5	138.0	IV	False	('A', 'C#', 'E')	A	A	0.0	major triad	(1, 4, 9)	E	E	4	None
185.5	0.5	62.0	F#3	54.0	True	62.0	1.5	138.0	IV	False	('A', 'C#', 'E')	A	A	0.0	major triad	(1, 4, 9)	E	E	4	None
186.0	1.5	63.0	E4	64.0	True	63.0	1.5	139.0	I	True	('E', 'G#', 'B')	E	E	0.0	major triad	(4, 8, 11)	E	E	1	None
186.0	1.0	63.0	B3	59.0	True	63.0	1.5	139.0	I	True	('E', 'G#', 'B')	E	E	0.0	major triad	(4, 8, 11)	E	E	1	None
186.0	1.5	63.0	E5	76.0	False	63.0	1.5	139.0	I	True	('E', 'G#', 'B')	E	E	0.0	major triad	(4, 8, 11)	E	E	1	None
186.0	1.0	63.0	G#3	56.0	True	63.0	1.5	139.0	I	True	('E', 'G#', 'B')	E	E	0.0	major triad	(4, 8, 11)	E	E	1	None
186.0	3.0	63.0	E2	40.0	True	63.0	1.5	139.0	I	True	('E', 'G#', 'B')	E	E	0.0	major triad	(4, 8, 11)	E	E	1	None
187.0	0.5	63.0	A3	57.0	True	63.0	1.5	139.0	I	False	('E', 'G#', 'B')	E	E	0.0	major triad	(4, 8, 11)	E	E	1	None
187.0	0.5	63.0	C#4	61.0	True	63.0	1.5	139.0	I	False	('E', 'G#', 'B')	E	E	0.0	major triad	(4, 8, 11)	E	E	1	None
187.5	1.0	63.0	D4	62.0	True	63.0	1.0	140.0	V7	True	('B', 'D#', 'F#', 'A')	B	B	0.0	dominant seventh chord	(3, 6, 9, 11)	E	E	5	None
187.5	1.0	63.0	G#4	68.0	True	63.0	1.0	140.0	V7	True	('B', 'D#', 'F#', 'A')	B	B	0.0	dominant seventh chord	(3, 6, 9, 11)	E	E	5	None
187.5	1.0	63.0	B3	59.0	True	63.0	1.0	140.0	V7	True	('B', 'D#', 'F#', 'A')	B	B	0.0	dominant seventh chord	(3, 6, 9, 11)	E	E	5	None
187.5	1.5	63.0	E4	64.0	True	63.0	1.0	140.0	V7	True	('B', 'D#', 'F#', 'A')	B	B	0.0	dominant seventh chord	(3, 6, 9, 11)	E	E	5	None
188.5	0.5	63.0	C#4	61.0	True	63.0	0.5	141.0	IV	True	('A', 'C#', 'E')	A	A	0.0	major triad	(1, 4, 9)	E	E	4	None
188.5	0.5	63.0	A4	69.0	True	63.0	0.5	141.0	IV	True	('A', 'C#', 'E')	A	A	0.0	major triad	(1, 4, 9)	E	E	4	None
188.5	0.5	63.0	A3	57.0	True	63.0	0.5	141.0	IV	True	('A', 'C#', 'E')	A	A	0.0	major triad	(1, 4, 9)	E	E	4	None
189.0	1.5	64.0	E2	40.0	True	64.0	3.0	142.0	V7/IV	True	('E', 'G#', 'B', 'D')	E	E	0.0	dominant seventh chord	(2, 4, 8, 11)	E	A	5	4
189.0	2.0	64.0	B3	59.0	True	64.0	3.0	142.0	V7/IV	True	('E', 'G#', 'B', 'D')	E	E	0.0	dominant seventh chord	(2, 4, 8, 11)	E	A	5	4
189.0	1.5	64.0	D4	62.0	True	64.0	3.0	142.0	V7/IV	True	('E', 'G#', 'B', 'D')	E	E	0.0	dominant seventh chord	(2, 4, 8, 11)	E	A	5	4
189.0	1.5	64.0	E4	64.0	True	64.0	3.0	142.0	V7/IV	True	('E', 'G#', 'B', 'D')	E	E	0.0	dominant seventh chord	(2, 4, 8, 11)	E	A	5	4
189.0	2.0	64.0	G#4	68.0	True	64.0	3.0	142.0	V7/IV	True	('E', 'G#', 'B', 'D')	E	E	0.0	dominant seventh chord	(2, 4, 8, 11)	E	A	5	4
190.5	0.5	64.0	E4	64.0	True	64.0	3.0	142.0	V7/IV	False	('E', 'G#', 'B', 'D')	E	E	0.0	dominant seventh chord	(2, 4, 8, 11)	E	A	5	4
190.5	0.5	64.0	E2	40.0	True	64.0	3.0	142.0	V7/IV	False	('E', 'G#', 'B', 'D')	E	E	0.0	dominant seventh chord	(2, 4, 8, 11)	E	A	5	4
191.0	0.5	64.0	F#4	66.0	True	64.0	3.0	142.0	V7/IV	False	('E', 'G#', 'B', 'D')	E	E	0.0	dominant seventh chord	(2, 4, 8, 11)	E	A	5	4
191.5	0.5	64.0	G#4	68.0	True	64.0	3.0	142.0	V7/IV	False	('E', 'G#', 'B', 'D')	E	E	0.0	dominant seventh chord	(2, 4, 8, 11)	E	A	5	4
192.0	0.5	65.0	E2	40.0	True	65.0	3.0	143.0	V7/IV	True	('E', 'G#', 'B', 'D')	E	E	0.0	dominant seventh chord	(2, 4, 8, 11)	E	A	5	4
192.0	0.5	65.0	B3	59.0	True	65.0	3.0	143.0	V7/IV	True	('E', 'G#', 'B', 'D')	E	E	0.0	dominant seventh chord	(2, 4, 8, 11)	E	A	5	4
192.0	1.5	65.0	D4	62.0	True	65.0	3.0	143.0	V7/IV	True	('E', 'G#', 'B', 'D')	E	E	0.0	dominant seventh chord	(2, 4, 8, 11)	E	A	5	4
192.0	1.5	65.0	E4	64.0	True	65.0	3.0	143.0	V7/IV	True	('E', 'G#', 'B', 'D')	E	E	0.0	dominant seventh chord	(2, 4, 8, 11)	E	A	5	4
192.0	0.5	65.0	G#4	68.0	True	65.0	3.0	143.0	V7/IV	True	('E', 'G#', 'B', 'D')	E	E	0.0	dominant seventh chord	(2, 4, 8, 11)	E	A	5	4
193.5	0.5	65.0	E4	64.0	True	65.0	3.0	143.0	V7/IV	False	('E', 'G#', 'B', 'D')	E	E	0.0	dominant seventh chord	(2, 4, 8, 11)	E	A	5	4
194.0	0.5	65.0	F#4	66.0	True	65.0	3.0	143.0	V7/IV	False	('E', 'G#', 'B', 'D')	E	E	0.0	dominant seventh chord	(2, 4, 8, 11)	E	A	5	4
194.5	0.5	65.0	G4	67.0	True	65.0	3.0	143.0	V7/IV	False	('E', 'G#', 'B', 'D')	E	E	0.0	dominant seventh chord	(2, 4, 8, 11)	E	A	5	4
195.0	1.5	66.0	F#4	66.0	True	66.0	1.5	144.0	V7	True	('F#', 'A#', 'C#', 'E')	F#	F#	0.0	dominant seventh chord	(1, 4, 6, 10)	b	b	5	None
195.0	1.5	66.0	E4	64.0	True	66.0	1.5	144.0	V7	True	('F#', 'A#', 'C#', 'E')	F#	F#	0.0	dominant seventh chord	(1, 4, 6, 10)	b	b	5	None
195.0	0.5	66.0	C#4	61.0	True	66.0	1.5	144.0	V7	True	('F#', 'A#', 'C#', 'E')	F#	F#	0.0	dominant seventh chord	(1, 4, 6, 10)	b	b	5	None
195.0	0.5	66.0	A#2	46.0	True	66.0	1.5	144.0	V7	True	('F#', 'A#', 'C#', 'E')	F#	F#	0.0	dominant seventh chord	(1, 4, 6, 10)	b	b	5	None
195.5	0.5	66.0	C#4	61.0	True	66.0	1.5	144.0	V7	False	('F#', 'A#', 'C#', 'E')	F#	F#	0.0	dominant seventh chord	(1, 4, 6, 10)	b	b	5	None
195.5	0.5	66.0	A#2	46.0	True	66.0	1.5	144.0	V7	False	('F#', 'A#', 'C#', 'E')	F#	F#	0.0	dominant seventh chord	(1, 4, 6, 10)	b	b	5	None
196.0	0.5	66.0	C#4	61.0	True	66.0	1.5	144.0	V7	False	('F#', 'A#', 'C#', 'E')	F#	F#	0.0	dominant seventh chord	(1, 4, 6, 10)	b	b	5	None
196.0	0.5	66.0	A#2	46.0	True	66.0	1.5	144.0	V7	False	('F#', 'A#', 'C#', 'E')	F#	F#	0.0	dominant seventh chord	(1, 4, 6, 10)	b	b	5	None
196.5	0.5	66.0	B2	47.0	True	66.0	1.5	145.0	i	True	('B', 'D', 'F#')	B	B	0.0	minor triad	(2, 6, 11)	b	b	1	None
196.5	0.5	66.0	F#4	66.0	True	66.0	1.5	145.0	i	True	('B', 'D', 'F#')	B	B	0.0	minor triad	(2, 6, 11)	b	b	1	None
196.5	1.5	66.0	D4	62.0	True	66.0	1.5	145.0	i	True	('B', 'D', 'F#')	B	B	0.0	minor triad	(2, 6, 11)	b	b	1	None
196.5	0.5	66.0	B3	59.0	True	66.0	1.5	145.0	i	True	('B', 'D', 'F#')	B	B	0.0	minor triad	(2, 6, 11)	b	b	1	None
197.0	0.25	66.0	D5	74.0	True	66.0	1.5	145.0	i	False	('B', 'D', 'F#')	B	B	0.0	minor triad	(2, 6, 11)	b	b	1	None
197.0	0.5	66.0	B3	59.0	True	66.0	1.5	145.0	i	False	('B', 'D', 'F#')	B	B	0.0	minor triad	(2, 6, 11)	b	b	1	None
197.0	0.5	66.0	B2	47.0	True	66.0	1.5	145.0	i	False	('B', 'D', 'F#')	B	B	0.0	minor triad	(2, 6, 11)	b	b	1	None
197.25	0.25	66.0	B4	71.0	True	66.0	1.5	145.0	i	False	('B', 'D', 'F#')	B	B	0.0	minor triad	(2, 6, 11)	b	b	1	None
197.5	0.5	66.0	F#4	66.0	True	66.0	1.5	145.0	i	False	('B', 'D', 'F#')	B	B	0.0	minor triad	(2, 6, 11)	b	b	1	None
197.5	0.5	66.0	B3	59.0	True	66.0	1.5	145.0	i	False	('B', 'D', 'F#')	B	B	0.0	minor triad	(2, 6, 11)	b	b	1	None
197.5	0.5	66.0	B2	47.0	True	66.0	1.5	145.0	i	False	('B', 'D', 'F#')	B	B	0.0	minor triad	(2, 6, 11)	b	b	1	None
198.0	0.5	67.0	F#4	66.0	True	67.0	1.5	146.0	V7	True	('F#', 'A#', 'C#', 'E')	F#	F#	0.0	dominant seventh chord	(1, 4, 6, 10)	b	b	5	None
198.0	1.5	67.0	E4	64.0	True	67.0	1.5	146.0	V7	True	('F#', 'A#', 'C#', 'E')	F#	F#	0.0	dominant seventh chord	(1, 4, 6, 10)	b	b	5	None
198.0	0.5	67.0	C#4	61.0	True	67.0	1.5	146.0	V7	True	('F#', 'A#', 'C#', 'E')	F#	F#	0.0	dominant seventh chord	(1, 4, 6, 10)	b	b	5	None
198.0	0.5	67.0	A#2	46.0	True	67.0	1.5	146.0	V7	True	('F#', 'A#', 'C#', 'E')	F#	F#	0.0	dominant seventh chord	(1, 4, 6, 10)	b	b	5	None
198.5	0.25	67.0	E5	76.0	True	67.0	1.5	146.0	V7	False	('F#', 'A#', 'C#', 'E')	F#	F#	0.0	dominant seventh chord	(1, 4, 6, 10)	b	b	5	None
198.5	0.5	67.0	C#4	61.0	True	67.0	1.5	146.0	V7	False	('F#', 'A#', 'C#', 'E')	F#	F#	0.0	dominant seventh chord	(1, 4, 6, 10)	b	b	5	None
198.5	0.5	67.0	A#2	46.0	True	67.0	1.5	146.0	V7	False	('F#', 'A#', 'C#', 'E')	F#	F#	0.0	dominant seventh chord	(1, 4, 6, 10)	b	b	5	None
198.75	0.25	67.0	C#5	73.0	True	67.0	1.5	146.0	V7	False	('F#', 'A#', 'C#', 'E')	F#	F#	0.0	dominant seventh chord	(1, 4, 6, 10)	b	b	5	None
199.0	0.5	67.0	C#4	61.0	True	67.0	1.5	146.0	V7	False	('F#', 'A#', 'C#', 'E')	F#	F#	0.0	dominant seventh chord	(1, 4, 6, 10)	b	b	5	None
199.0	0.5	67.0	A#2	46.0	True	67.0	1.5	146.0	V7	False	('F#', 'A#', 'C#', 'E')	F#	F#	0.0	dominant seventh chord	(1, 4, 6, 10)	b	b	5	None
199.0	0.5	67.0	F#4	66.0	True	67.0	1.5	146.0	V7	False	('F#', 'A#', 'C#', 'E')	F#	F#	0.0	dominant seventh chord	(1, 4, 6, 10)	b	b	5	None
199.5	0.5	67.0	F#4	66.0	True	67.0	1.5	147.0	i	True	('B', 'D', 'F#')	B	B	0.0	minor triad	(2, 6, 11)	b	b	1	None
199.5	1.5	67.0	D4	62.0	True	67.0	1.5	147.0	i	True	('B', 'D', 'F#')	B	B	0.0	minor triad	(2, 6, 11)	b	b	1	None
199.5	0.5	67.0	B3	59.0	True	67.0	1.5	147.0	i	True	('B', 'D', 'F#')	B	B	0.0	minor triad	(2, 6, 11)	b	b	1	None
199.5	0.5	67.0	B2	47.0	True	67.0	1.5	147.0	i	True	('B', 'D', 'F#')	B	B	0.0	minor triad	(2, 6, 11)	b	b	1	None
200.0	0.5	67.0	B2	47.0	True	67.0	1.5	147.0	i	False	('B', 'D', 'F#')	B	B	0.0	minor triad	(2, 6, 11)	b	b	1	None
200.0	0.25	67.0	D5	74.0	True	67.0	1.5	147.0	i	False	('B', 'D', 'F#')	B	B	0.0	minor triad	(2, 6, 11)	b	b	1	None
200.0	0.5	67.0	B3	59.0	True	67.0	1.5	147.0	i	False	('B', 'D', 'F#')	B	B	0.0	minor triad	(2, 6, 11)	b	b	1	None
200.25	0.25	67.0	B4	71.0	True	67.0	1.5	147.0	i	False	('B', 'D', 'F#')	B	B	0.0	minor triad	(2, 6, 11)	b	b	1	None
200.5	0.5	67.0	F#4	66.0	True	67.0	1.5	147.0	i	False	('B', 'D', 'F#')	B	B	0.0	minor triad	(2, 6, 11)	b	b	1	None
200.5	0.5	67.0	B3	59.0	True	67.0	1.5	147.0	i	False	('B', 'D', 'F#')	B	B	0.0	minor triad	(2, 6, 11)	b	b	1	None
200.5	0.5	67.0	B2	47.0	True	67.0	1.5	147.0	i	False	('B', 'D', 'F#')	B	B	0.0	minor triad	(2, 6, 11)	b	b	1	None
201.0	0.5	68.0	E#4	65.0	True	68.0	3.0	148.0	Ger7	True	('E#', 'G', 'B', 'D')	E#	E#	0.0	enharmonic to dominant seventh chord	(2, 5, 7, 11)	b	b	#4	None
201.0	0.5	68.0	D4	62.0	True	68.0	3.0	148.0	Ger7	True	('E#', 'G', 'B', 'D')	E#	E#	0.0	enharmonic to dominant seventh chord	(2, 5, 7, 11)	b	b	#4	None
201.0	1.0	68.0	B3	59.0	True	68.0	3.0	148.0	Ger7	True	('E#', 'G', 'B', 'D')	E#	E#	0.0	enharmonic to dominant seventh chord	(2, 5, 7, 11)	b	b	#4	None
201.0	0.5	68.0	G2	43.0	True	68.0	3.0	148.0	Ger7	True	('E#', 'G', 'B', 'D')	E#	E#	0.0	enharmonic to dominant seventh chord	(2, 5, 7, 11)	b	b	#4	None
201.5	0.25	68.0	D5	74.0	True	68.0	3.0	148.0	Ger7	False	('E#', 'G', 'B', 'D')	E#	E#	0.0	enharmonic to dominant seventh chord	(2, 5, 7, 11)	b	b	#4	None
201.75	0.25	68.0	B4	71.0	True	68.0	3.0	148.0	Ger7	False	('E#', 'G', 'B', 'D')	E#	E#	0.0	enharmonic to dominant seventh chord	(2, 5, 7, 11)	b	b	#4	None
202.0	0.25	68.0	D5	74.0	True	68.0	3.0	148.0	Ger7	False	('E#', 'G', 'B', 'D')	E#	E#	0.0	enharmonic to dominant seventh chord	(2, 5, 7, 11)	b	b	#4	None
202.25	0.25	68.0	B4	71.0	True	68.0	3.0	148.0	Ger7	False	('E#', 'G', 'B', 'D')	E#	E#	0.0	enharmonic to dominant seventh chord	(2, 5, 7, 11)	b	b	#4	None
202.5	0.5	68.0	E#4	65.0	True	68.0	3.0	148.0	Ger7	False	('E#', 'G', 'B', 'D')	E#	E#	0.0	enharmonic to dominant seventh chord	(2, 5, 7, 11)	b	b	#4	None
203.0	0.5	68.0	B3	59.0	True	68.0	3.0	148.0	Ger7	False	('E#', 'G', 'B', 'D')	E#	E#	0.0	enharmonic to dominant seventh chord	(2, 5, 7, 11)	b	b	#4	None
203.0	0.5	68.0	G3	55.0	True	68.0	3.0	148.0	Ger7	False	('E#', 'G', 'B', 'D')	E#	E#	0.0	enharmonic to dominant seventh chord	(2, 5, 7, 11)	b	b	#4	None
203.0	0.5	68.0	D4	62.0	True	68.0	3.0	148.0	Ger7	False	('E#', 'G', 'B', 'D')	E#	E#	0.0	enharmonic to dominant seventh chord	(2, 5, 7, 11)	b	b	#4	None
203.5	0.5	68.0	D4	62.0	True	68.0	3.0	148.0	Ger7	False	('E#', 'G', 'B', 'D')	E#	E#	0.0	enharmonic to dominant seventh chord	(2, 5, 7, 11)	b	b	#4	None
203.5	0.5	68.0	B3	59.0	True	68.0	3.0	148.0	Ger7	False	('E#', 'G', 'B', 'D')	E#	E#	0.0	enharmonic to dominant seventh chord	(2, 5, 7, 11)	b	b	#4	None
203.5	0.5	68.0	G3	55.0	True	68.0	3.0	148.0	Ger7	False	('E#', 'G', 'B', 'D')	E#	E#	0.0	enharmonic to dominant seventh chord	(2, 5, 7, 11)	b	b	#4	None
204.0	0.5	69.0	E#4	65.0	True	69.0	3.0	149.0	Ger7	True	('E#', 'G', 'B', 'D')	E#	E#	0.0	enharmonic to dominant seventh chord	(2, 5, 7, 11)	b	b	#4	None
204.0	1.0	69.0	B3	59.0	True	69.0	3.0	149.0	Ger7	True	('E#', 'G', 'B', 'D')	E#	E#	0.0	enharmonic to dominant seventh chord	(2, 5, 7, 11)	b	b	#4	None
204.0	1.0	69.0	G3	55.0	True	69.0	3.0	149.0	Ger7	True	('E#', 'G', 'B', 'D')	E#	E#	0.0	enharmonic to dominant seventh chord	(2, 5, 7, 11)	b	b	#4	None
204.0	1.0	69.0	D4	62.0	True	69.0	3.0	149.0	Ger7	True	('E#', 'G', 'B', 'D')	E#	E#	0.0	enharmonic to dominant seventh chord	(2, 5, 7, 11)	b	b	#4	None
204.5	0.25	69.0	D5	74.0	True	69.0	3.0	149.0	Ger7	False	('E#', 'G', 'B', 'D')	E#	E#	0.0	enharmonic to dominant seventh chord	(2, 5, 7, 11)	b	b	#4	None
204.75	0.25	69.0	B4	71.0	True	69.0	3.0	149.0	Ger7	False	('E#', 'G', 'B', 'D')	E#	E#	0.0	enharmonic to dominant seventh chord	(2, 5, 7, 11)	b	b	#4	None
205.0	0.25	69.0	D5	74.0	True	69.0	3.0	149.0	Ger7	False	('E#', 'G', 'B', 'D')	E#	E#	0.0	enharmonic to dominant seventh chord	(2, 5, 7, 11)	b	b	#4	None
205.25	0.25	69.0	B4	71.0	True	69.0	3.0	149.0	Ger7	False	('E#', 'G', 'B', 'D')	E#	E#	0.0	enharmonic to dominant seventh chord	(2, 5, 7, 11)	b	b	#4	None
205.5	0.5	69.0	E#4	65.0	True	69.0	3.0	149.0	Ger7	False	('E#', 'G', 'B', 'D')	E#	E#	0.0	enharmonic to dominant seventh chord	(2, 5, 7, 11)	b	b	#4	None
206.0	0.5	69.0	G3	55.0	True	69.0	3.0	149.0	Ger7	False	('E#', 'G', 'B', 'D')	E#	E#	0.0	enharmonic to dominant seventh chord	(2, 5, 7, 11)	b	b	#4	None
206.0	0.5	69.0	D4	62.0	True	69.0	3.0	149.0	Ger7	False	('E#', 'G', 'B', 'D')	E#	E#	0.0	enharmonic to dominant seventh chord	(2, 5, 7, 11)	b	b	#4	None
206.0	0.5	69.0	B3	59.0	True	69.0	3.0	149.0	Ger7	False	('E#', 'G', 'B', 'D')	E#	E#	0.0	enharmonic to dominant seventh chord	(2, 5, 7, 11)	b	b	#4	None
206.5	0.5	69.0	B3	59.0	True	69.0	3.0	149.0	Ger7	False	('E#', 'G', 'B', 'D')	E#	E#	0.0	enharmonic to dominant seventh chord	(2, 5, 7, 11)	b	b	#4	None
206.5	0.5	69.0	G3	55.0	True	69.0	3.0	149.0	Ger7	False	('E#', 'G', 'B', 'D')	E#	E#	0.0	enharmonic to dominant seventh chord	(2, 5, 7, 11)	b	b	#4	None
206.5	0.5	69.0	D4	62.0	True	69.0	3.0	149.0	Ger7	False	('E#', 'G', 'B', 'D')	E#	E#	0.0	enharmonic to dominant seventh chord	(2, 5, 7, 11)	b	b	#4	None
207.0	1.5	70.0	D5	74.0	True	70.0	1.5	150.0	VI	True	('G', 'B', 'D')	G	G	0.0	major triad	(2, 7, 11)	b	b	6	None
207.0	0.5	70.0	D4	62.0	True	70.0	1.5	150.0	VI	True	('G', 'B', 'D')	G	G	0.0	major triad	(2, 7, 11)	b	b	6	None
207.0	0.5	70.0	B3	59.0	True	70.0	1.5	150.0	VI	True	('G', 'B', 'D')	G	G	0.0	major triad	(2, 7, 11)	b	b	6	None
207.0	0.5	70.0	G3	55.0	True	70.0	1.5	150.0	VI	True	('G', 'B', 'D')	G	G	0.0	major triad	(2, 7, 11)	b	b	6	None
207.5	0.5	70.0	G3	55.0	True	70.0	1.5	150.0	VI	False	('G', 'B', 'D')	G	G	0.0	major triad	(2, 7, 11)	b	b	6	None
207.5	0.5	70.0	D4	62.0	True	70.0	1.5	150.0	VI	False	('G', 'B', 'D')	G	G	0.0	major triad	(2, 7, 11)	b	b	6	None
207.5	0.5	70.0	B3	59.0	True	70.0	1.5	150.0	VI	False	('G', 'B', 'D')	G	G	0.0	major triad	(2, 7, 11)	b	b	6	None
208.0	0.5	70.0	D4	62.0	True	70.0	1.5	150.0	VI	False	('G', 'B', 'D')	G	G	0.0	major triad	(2, 7, 11)	b	b	6	None
208.0	0.5	70.0	B3	59.0	True	70.0	1.5	150.0	VI	False	('G', 'B', 'D')	G	G	0.0	major triad	(2, 7, 11)	b	b	6	None
208.0	0.5	70.0	G3	55.0	True	70.0	1.5	150.0	VI	False	('G', 'B', 'D')	G	G	0.0	major triad	(2, 7, 11)	b	b	6	None
208.5	1.5	70.0	F4	65.0	True	70.0	1.5	151.0	V7	True	('F#', 'A#', 'C#', 'E')	F#	F#	0.0	dominant seventh chord	(1, 4, 6, 10)	b	b	5	None
208.5	0.5	70.0	D4	62.0	True	70.0	1.5	151.0	V7	True	('F#', 'A#', 'C#', 'E')	F#	F#	0.0	dominant seventh chord	(1, 4, 6, 10)	b	b	5	None
208.5	0.5	70.0	B3	59.0	True	70.0	1.5	151.0	V7	True	('F#', 'A#', 'C#', 'E')	F#	F#	0.0	dominant seventh chord	(1, 4, 6, 10)	b	b	5	None
208.5	0.5	70.0	G3	55.0	True	70.0	1.5	151.0	V7	True	('F#', 'A#', 'C#', 'E')	F#	F#	0.0	dominant seventh chord	(1, 4, 6, 10)	b	b	5	None
209.0	0.5	70.0	G3	55.0	True	70.0	1.5	151.0	V7	False	('F#', 'A#', 'C#', 'E')	F#	F#	0.0	dominant seventh chord	(1, 4, 6, 10)	b	b	5	None
209.0	0.5	70.0	D4	62.0	True	70.0	1.5	151.0	V7	False	('F#', 'A#', 'C#', 'E')	F#	F#	0.0	dominant seventh chord	(1, 4, 6, 10)	b	b	5	None
209.0	0.5	70.0	B3	59.0	True	70.0	1.5	151.0	V7	False	('F#', 'A#', 'C#', 'E')	F#	F#	0.0	dominant seventh chord	(1, 4, 6, 10)	b	b	5	None
209.5	0.5	70.0	B3	59.0	True	70.0	1.5	151.0	V7	False	('F#', 'A#', 'C#', 'E')	F#	F#	0.0	dominant seventh chord	(1, 4, 6, 10)	b	b	5	None
209.5	0.5	70.0	D4	62.0	True	70.0	1.5	151.0	V7	False	('F#', 'A#', 'C#', 'E')	F#	F#	0.0	dominant seventh chord	(1, 4, 6, 10)	b	b	5	None
209.5	0.5	70.0	G3	55.0	True	70.0	1.5	151.0	V7	False	('F#', 'A#', 'C#', 'E')	F#	F#	0.0	dominant seventh chord	(1, 4, 6, 10)	b	b	5	None
210.0	1.5	71.0	E4	64.0	True	71.0	3.0	152.0	V7/II	True	('G#', 'B#', 'D#', 'F#')	G#	G#	0.0	dominant seventh chord	(0, 3, 6, 8)	b	C#	5	2
210.0	0.5	71.0	D4	62.0	True	71.0	3.0	152.0	V7/II	True	('G#', 'B#', 'D#', 'F#')	G#	G#	0.0	dominant seventh chord	(0, 3, 6, 8)	b	C#	5	2
210.0	0.5	71.0	B3	59.0	True	71.0	3.0	152.0	V7/II	True	('G#', 'B#', 'D#', 'F#')	G#	G#	0.0	dominant seventh chord	(0, 3, 6, 8)	b	C#	5	2
210.0	0.5	71.0	G#3	56.0	True	71.0	3.0	152.0	V7/II	True	('G#', 'B#', 'D#', 'F#')	G#	G#	0.0	dominant seventh chord	(0, 3, 6, 8)	b	C#	5	2
210.5	0.5	71.0	D4	62.0	True	71.0	3.0	152.0	V7/II	False	('G#', 'B#', 'D#', 'F#')	G#	G#	0.0	dominant seventh chord	(0, 3, 6, 8)	b	C#	5	2
210.5	0.5	71.0	B3	59.0	True	71.0	3.0	152.0	V7/II	False	('G#', 'B#', 'D#', 'F#')	G#	G#	0.0	dominant seventh chord	(0, 3, 6, 8)	b	C#	5	2
210.5	0.5	71.0	G#3	56.0	True	71.0	3.0	152.0	V7/II	False	('G#', 'B#', 'D#', 'F#')	G#	G#	0.0	dominant seventh chord	(0, 3, 6, 8)	b	C#	5	2
211.0	0.5	71.0	D4	62.0	True	71.0	3.0	152.0	V7/II	False	('G#', 'B#', 'D#', 'F#')	G#	G#	0.0	dominant seventh chord	(0, 3, 6, 8)	b	C#	5	2
211.0	0.5	71.0	B3	59.0	True	71.0	3.0	152.0	V7/II	False	('G#', 'B#', 'D#', 'F#')	G#	G#	0.0	dominant seventh chord	(0, 3, 6, 8)	b	C#	5	2
211.0	0.5	71.0	G#3	56.0	True	71.0	3.0	152.0	V7/II	False	('G#', 'B#', 'D#', 'F#')	G#	G#	0.0	dominant seventh chord	(0, 3, 6, 8)	b	C#	5	2
211.5	0.5	71.0	G#3	56.0	True	71.0	3.0	152.0	V7/II	False	('G#', 'B#', 'D#', 'F#')	G#	G#	0.0	dominant seventh chord	(0, 3, 6, 8)	b	C#	5	2
211.5	1.5	71.0	E5	76.0	True	71.0	3.0	152.0	V7/II	False	('G#', 'B#', 'D#', 'F#')	G#	G#	0.0	dominant seventh chord	(0, 3, 6, 8)	b	C#	5	2
211.5	0.5	71.0	D4	62.0	True	71.0	3.0	152.0	V7/II	False	('G#', 'B#', 'D#', 'F#')	G#	G#	0.0	dominant seventh chord	(0, 3, 6, 8)	b	C#	5	2
211.5	0.5	71.0	B3	59.0	True	71.0	3.0	152.0	V7/II	False	('G#', 'B#', 'D#', 'F#')	G#	G#	0.0	dominant seventh chord	(0, 3, 6, 8)	b	C#	5	2
212.0	0.5	71.0	G#3	56.0	True	71.0	3.0	152.0	V7/II	False	('G#', 'B#', 'D#', 'F#')	G#	G#	0.0	dominant seventh chord	(0, 3, 6, 8)	b	C#	5	2
212.0	0.5	71.0	D4	62.0	True	71.0	3.0	152.0	V7/II	False	('G#', 'B#', 'D#', 'F#')	G#	G#	0.0	dominant seventh chord	(0, 3, 6, 8)	b	C#	5	2
212.0	0.5	71.0	B3	59.0	True	71.0	3.0	152.0	V7/II	False	('G#', 'B#', 'D#', 'F#')	G#	G#	0.0	dominant seventh chord	(0, 3, 6, 8)	b	C#	5	2
212.5	0.5	71.0	B3	59.0	True	71.0	3.0	152.0	V7/II	False	('G#', 'B#', 'D#', 'F#')	G#	G#	0.0	dominant seventh chord	(0, 3, 6, 8)	b	C#	5	2
212.5	0.5	71.0	G#3	56.0	True	71.0	3.0	152.0	V7/II	False	('G#', 'B#', 'D#', 'F#')	G#	G#	0.0	dominant seventh chord	(0, 3, 6, 8)	b	C#	5	2
212.5	0.5	71.0	D4	62.0	True	71.0	3.0	152.0	V7/II	False	('G#', 'B#', 'D#', 'F#')	G#	G#	0.0	dominant seventh chord	(0, 3, 6, 8)	b	C#	5	2
213.0	1.5	72.0	E5	76.0	False	72.0	1.5	153.0	II	True	('C#', 'E#', 'G#')	C#	C#	0.0	major triad	(1, 5, 8)	b	b	2	None
213.0	0.5	72.0	C#4	61.0	True	72.0	1.5	153.0	II	True	('C#', 'E#', 'G#')	C#	C#	0.0	major triad	(1, 5, 8)	b	b	2	None
213.0	0.5	72.0	A3	57.0	True	72.0	1.5	153.0	II	True	('C#', 'E#', 'G#')	C#	C#	0.0	major triad	(1, 5, 8)	b	b	2	None
213.0	0.5	72.0	A3	57.0	True	72.0	1.5	153.0	II	True	('C#', 'E#', 'G#')	C#	C#	0.0	major triad	(1, 5, 8)	b	b	2	None
213.5	0.5	72.0	A3	57.0	True	72.0	1.5	153.0	II	False	('C#', 'E#', 'G#')	C#	C#	0.0	major triad	(1, 5, 8)	b	b	2	None
213.5	0.5	72.0	C#4	61.0	True	72.0	1.5	153.0	II	False	('C#', 'E#', 'G#')	C#	C#	0.0	major triad	(1, 5, 8)	b	b	2	None
213.5	0.5	72.0	A3	57.0	True	72.0	1.5	153.0	II	False	('C#', 'E#', 'G#')	C#	C#	0.0	major triad	(1, 5, 8)	b	b	2	None
214.0	0.5	72.0	C#4	61.0	True	72.0	1.5	153.0	II	False	('C#', 'E#', 'G#')	C#	C#	0.0	major triad	(1, 5, 8)	b	b	2	None
214.0	0.5	72.0	A3	57.0	True	72.0	1.5	153.0	II	False	('C#', 'E#', 'G#')	C#	C#	0.0	major triad	(1, 5, 8)	b	b	2	None
214.0	0.5	72.0	A3	57.0	True	72.0	1.5	153.0	II	False	('C#', 'E#', 'G#')	C#	C#	0.0	major triad	(1, 5, 8)	b	b	2	None
214.5	1.5	72.0	G4	67.0	True	72.0	1.5	154.0	II7	True	('C#', 'E#', 'G#', 'B')	C#	C#	0.0	dominant seventh chord	(1, 5, 8, 11)	b	b	2	None
214.5	0.5	72.0	E4	64.0	True	72.0	1.5	154.0	II7	True	('C#', 'E#', 'G#', 'B')	C#	C#	0.0	dominant seventh chord	(1, 5, 8, 11)	b	b	2	None
214.5	0.5	72.0	C#4	61.0	True	72.0	1.5	154.0	II7	True	('C#', 'E#', 'G#', 'B')	C#	C#	0.0	dominant seventh chord	(1, 5, 8, 11)	b	b	2	None
214.5	0.5	72.0	A3	57.0	True	72.0	1.5	154.0	II7	True	('C#', 'E#', 'G#', 'B')	C#	C#	0.0	dominant seventh chord	(1, 5, 8, 11)	b	b	2	None
215.0	0.5	72.0	A3	57.0	True	72.0	1.5	154.0	II7	False	('C#', 'E#', 'G#', 'B')	C#	C#	0.0	dominant seventh chord	(1, 5, 8, 11)	b	b	2	None
215.0	0.5	72.0	E4	64.0	True	72.0	1.5	154.0	II7	False	('C#', 'E#', 'G#', 'B')	C#	C#	0.0	dominant seventh chord	(1, 5, 8, 11)	b	b	2	None
215.0	0.5	72.0	C#4	61.0	True	72.0	1.5	154.0	II7	False	('C#', 'E#', 'G#', 'B')	C#	C#	0.0	dominant seventh chord	(1, 5, 8, 11)	b	b	2	None
215.5	0.5	72.0	C#4	61.0	True	72.0	1.5	154.0	II7	False	('C#', 'E#', 'G#', 'B')	C#	C#	0.0	dominant seventh chord	(1, 5, 8, 11)	b	b	2	None
215.5	0.5	72.0	A3	57.0	True	72.0	1.5	154.0	II7	False	('C#', 'E#', 'G#', 'B')	C#	C#	0.0	dominant seventh chord	(1, 5, 8, 11)	b	b	2	None
215.5	0.5	72.0	E4	64.0	True	72.0	1.5	154.0	II7	False	('C#', 'E#', 'G#', 'B')	C#	C#	0.0	dominant seventh chord	(1, 5, 8, 11)	b	b	2	None
216.0	1.5	73.0	F#4	66.0	True	73.0	3.0	155.0	V7	True	('F#', 'A#', 'C#', 'E')	F#	F#	0.0	dominant seventh chord	(1, 4, 6, 10)	b	b	5	None
216.0	0.5	73.0	E4	64.0	True	73.0	3.0	155.0	V7	True	('F#', 'A#', 'C#', 'E')	F#	F#	0.0	dominant seventh chord	(1, 4, 6, 10)	b	b	5	None
216.0	0.5	73.0	C#4	61.0	True	73.0	3.0	155.0	V7	True	('F#', 'A#', 'C#', 'E')	F#	F#	0.0	dominant seventh chord	(1, 4, 6, 10)	b	b	5	None
216.0	0.5	73.0	A#3	58.0	True	73.0	3.0	155.0	V7	True	('F#', 'A#', 'C#', 'E')	F#	F#	0.0	dominant seventh chord	(1, 4, 6, 10)	b	b	5	None
216.5	0.5	73.0	A#3	58.0	True	73.0	3.0	155.0	V7	False	('F#', 'A#', 'C#', 'E')	F#	F#	0.0	dominant seventh chord	(1, 4, 6, 10)	b	b	5	None
216.5	0.5	73.0	E4	64.0	True	73.0	3.0	155.0	V7	False	('F#', 'A#', 'C#', 'E')	F#	F#	0.0	dominant seventh chord	(1, 4, 6, 10)	b	b	5	None
216.5	0.5	73.0	C#4	61.0	True	73.0	3.0	155.0	V7	False	('F#', 'A#', 'C#', 'E')	F#	F#	0.0	dominant seventh chord	(1, 4, 6, 10)	b	b	5	None
217.0	0.5	73.0	E4	64.0	True	73.0	3.0	155.0	V7	False	('F#', 'A#', 'C#', 'E')	F#	F#	0.0	dominant seventh chord	(1, 4, 6, 10)	b	b	5	None
217.0	0.5	73.0	C#4	61.0	True	73.0	3.0	155.0	V7	False	('F#', 'A#', 'C#', 'E')	F#	F#	0.0	dominant seventh chord	(1, 4, 6, 10)	b	b	5	None
217.0	0.5	73.0	A#3	58.0	True	73.0	3.0	155.0	V7	False	('F#', 'A#', 'C#', 'E')	F#	F#	0.0	dominant seventh chord	(1, 4, 6, 10)	b	b	5	None
217.5	1.5	73.0	F#5	78.0	True	73.0	3.0	155.0	V7	False	('F#', 'A#', 'C#', 'E')	F#	F#	0.0	dominant seventh chord	(1, 4, 6, 10)	b	b	5	None
217.5	0.5	73.0	E4	64.0	True	73.0	3.0	155.0	V7	False	('F#', 'A#', 'C#', 'E')	F#	F#	0.0	dominant seventh chord	(1, 4, 6, 10)	b	b	5	None
217.5	0.5	73.0	C#4	61.0	True	73.0	3.0	155.0	V7	False	('F#', 'A#', 'C#', 'E')	F#	F#	0.0	dominant seventh chord	(1, 4, 6, 10)	b	b	5	None
217.5	0.5	73.0	A#3	58.0	True	73.0	3.0	155.0	V7	False	('F#', 'A#', 'C#', 'E')	F#	F#	0.0	dominant seventh chord	(1, 4, 6, 10)	b	b	5	None
218.0	0.5	73.0	A#3	58.0	True	73.0	3.0	155.0	V7	False	('F#', 'A#', 'C#', 'E')	F#	F#	0.0	dominant seventh chord	(1, 4, 6, 10)	b	b	5	None
218.0	0.5	73.0	E4	64.0	True	73.0	3.0	155.0	V7	False	('F#', 'A#', 'C#', 'E')	F#	F#	0.0	dominant seventh chord	(1, 4, 6, 10)	b	b	5	None
218.0	0.5	73.0	C#4	61.0	True	73.0	3.0	155.0	V7	False	('F#', 'A#', 'C#', 'E')	F#	F#	0.0	dominant seventh chord	(1, 4, 6, 10)	b	b	5	None
218.5	0.5	73.0	E4	64.0	True	73.0	3.0	155.0	V7	False	('F#', 'A#', 'C#', 'E')	F#	F#	0.0	dominant seventh chord	(1, 4, 6, 10)	b	b	5	None
218.5	0.5	73.0	C#4	61.0	True	73.0	3.0	155.0	V7	False	('F#', 'A#', 'C#', 'E')	F#	F#	0.0	dominant seventh chord	(1, 4, 6, 10)	b	b	5	None
218.5	0.5	73.0	A#3	58.0	True	73.0	3.0	155.0	V7	False	('F#', 'A#', 'C#', 'E')	F#	F#	0.0	dominant seventh chord	(1, 4, 6, 10)	b	b	5	None
219.0	0.5	74.0	F#5	78.0	True	74.0	3.0	156.0	iv	True	('E', 'G', 'B')	E	E	0.0	minor triad	(4, 7, 11)	b	b	4	None
219.0	0.5	74.0	D4	62.0	True	74.0	3.0	156.0	iv	True	('E', 'G', 'B')	E	E	0.0	minor triad	(4, 7, 11)	b	b	4	None
219.0	0.5	74.0	D4	62.0	True	74.0	3.0	156.0	iv	True	('E', 'G', 'B')	E	E	0.0	minor triad	(4, 7, 11)	b	b	4	None
219.0	0.5	74.0	B3	59.0	True	74.0	3.0	156.0	iv	True	('E', 'G', 'B')	E	E	0.0	minor triad	(4, 7, 11)	b	b	4	None
219.5	0.5	74.0	B3	59.0	True	74.0	3.0	156.0	iv	False	('E', 'G', 'B')	E	E	0.0	minor triad	(4, 7, 11)	b	b	4	None
219.5	0.5	74.0	D4	62.0	True	74.0	3.0	156.0	iv	False	('E', 'G', 'B')	E	E	0.0	minor triad	(4, 7, 11)	b	b	4	None
219.5	0.5	74.0	D6	86.0	True	74.0	3.0	156.0	iv	False	('E', 'G', 'B')	E	E	0.0	minor triad	(4, 7, 11)	b	b	4	None
219.5	0.5	74.0	F#4	66.0	True	74.0	3.0	156.0	iv	False	('E', 'G', 'B')	E	E	0.0	minor triad	(4, 7, 11)	b	b	4	None
220.0	0.5	74.0	C#6	85.0	True	74.0	3.0	156.0	iv	False	('E', 'G', 'B')	E	E	0.0	minor triad	(4, 7, 11)	b	b	4	None
220.0	0.5	74.0	F#4	66.0	True	74.0	3.0	156.0	iv	False	('E', 'G', 'B')	E	E	0.0	minor triad	(4, 7, 11)	b	b	4	None
220.0	0.5	74.0	D4	62.0	True	74.0	3.0	156.0	iv	False	('E', 'G', 'B')	E	E	0.0	minor triad	(4, 7, 11)	b	b	4	None
220.0	0.5	74.0	B3	59.0	True	74.0	3.0	156.0	iv	False	('E', 'G', 'B')	E	E	0.0	minor triad	(4, 7, 11)	b	b	4	None
220.5	0.5	74.0	B5	83.0	True	74.0	3.0	156.0	iv	False	('E', 'G', 'B')	E	E	0.0	minor triad	(4, 7, 11)	b	b	4	None
220.5	0.5	74.0	F#4	66.0	True	74.0	3.0	156.0	iv	False	('E', 'G', 'B')	E	E	0.0	minor triad	(4, 7, 11)	b	b	4	None
220.5	0.5	74.0	D4	62.0	True	74.0	3.0	156.0	iv	False	('E', 'G', 'B')	E	E	0.0	minor triad	(4, 7, 11)	b	b	4	None
220.5	0.5	74.0	B3	59.0	True	74.0	3.0	156.0	iv	False	('E', 'G', 'B')	E	E	0.0	minor triad	(4, 7, 11)	b	b	4	None
221.0	0.5	74.0	D4	62.0	True	74.0	3.0	156.0	iv	False	('E', 'G', 'B')	E	E	0.0	minor triad	(4, 7, 11)	b	b	4	None
221.0	0.5	74.0	B3	59.0	True	74.0	3.0	156.0	iv	False	('E', 'G', 'B')	E	E	0.0	minor triad	(4, 7, 11)	b	b	4	None
221.0	0.25	74.0	D6	86.0	True	74.0	3.0	156.0	iv	False	('E', 'G', 'B')	E	E	0.0	minor triad	(4, 7, 11)	b	b	4	None
221.0	0.5	74.0	F#4	66.0	True	74.0	3.0	156.0	iv	False	('E', 'G', 'B')	E	E	0.0	minor triad	(4, 7, 11)	b	b	4	None
221.25	0.25	74.0	C#6	85.0	True	74.0	3.0	156.0	iv	False	('E', 'G', 'B')	E	E	0.0	minor triad	(4, 7, 11)	b	b	4	None
221.5	0.5	74.0	B3	59.0	True	74.0	3.0	156.0	iv	False	('E', 'G', 'B')	E	E	0.0	minor triad	(4, 7, 11)	b	b	4	None
221.5	0.25	74.0	B5	83.0	True	74.0	3.0	156.0	iv	False	('E', 'G', 'B')	E	E	0.0	minor triad	(4, 7, 11)	b	b	4	None
221.5	0.5	74.0	F#4	66.0	True	74.0	3.0	156.0	iv	False	('E', 'G', 'B')	E	E	0.0	minor triad	(4, 7, 11)	b	b	4	None
221.5	0.5	74.0	D4	62.0	True	74.0	3.0	156.0	iv	False	('E', 'G', 'B')	E	E	0.0	minor triad	(4, 7, 11)	b	b	4	None
221.75	0.25	74.0	A5	81.0	True	74.0	3.0	156.0	iv	False	('E', 'G', 'B')	E	E	0.0	minor triad	(4, 7, 11)	b	b	4	None
222.0	0.5	75.0	G#5	80.0	True	75.0	3.0	157.0	iio	True	('C#', 'E', 'G')	C#	C#	0.0	diminished triad	(1, 4, 7)	b	b	2	None
222.0	0.5	75.0	G#4	68.0	True	75.0	3.0	157.0	iio	True	('C#', 'E', 'G')	C#	C#	0.0	diminished triad	(1, 4, 7)	b	b	2	None
222.0	0.5	75.0	D4	62.0	True	75.0	3.0	157.0	iio	True	('C#', 'E', 'G')	C#	C#	0.0	diminished triad	(1, 4, 7)	b	b	2	None
222.0	0.5	75.0	B3	59.0	True	75.0	3.0	157.0	iio	True	('C#', 'E', 'G')	C#	C#	0.0	diminished triad	(1, 4, 7)	b	b	2	None
222.5	0.5	75.0	B5	83.0	True	75.0	3.0	157.0	iio	False	('C#', 'E', 'G')	C#	C#	0.0	diminished triad	(1, 4, 7)	b	b	2	None
222.5	0.5	75.0	G#4	68.0	True	75.0	3.0	157.0	iio	False	('C#', 'E', 'G')	C#	C#	0.0	diminished triad	(1, 4, 7)	b	b	2	None
222.5	0.5	75.0	D4	62.0	True	75.0	3.0	157.0	iio	False	('C#', 'E', 'G')	C#	C#	0.0	diminished triad	(1, 4, 7)	b	b	2	None
222.5	0.5	75.0	B3	59.0	True	75.0	3.0	157.0	iio	False	('C#', 'E', 'G')	C#	C#	0.0	diminished triad	(1, 4, 7)	b	b	2	None
223.0	0.5	75.0	A5	81.0	True	75.0	3.0	157.0	iio	False	('C#', 'E', 'G')	C#	C#	0.0	diminished triad	(1, 4, 7)	b	b	2	None
223.0	0.5	75.0	G#4	68.0	True	75.0	3.0	157.0	iio	False	('C#', 'E', 'G')	C#	C#	0.0	diminished triad	(1, 4, 7)	b	b	2	None
223.0	0.5	75.0	D4	62.0	True	75.0	3.0	157.0	iio	False	('C#', 'E', 'G')	C#	C#	0.0	diminished triad	(1, 4, 7)	b	b	2	None
223.0	0.5	75.0	B3	59.0	True	75.0	3.0	157.0	iio	False	('C#', 'E', 'G')	C#	C#	0.0	diminished triad	(1, 4, 7)	b	b	2	None
223.5	0.5	75.0	B3	59.0	True	75.0	3.0	157.0	iio	False	('C#', 'E', 'G')	C#	C#	0.0	diminished triad	(1, 4, 7)	b	b	2	None
223.5	0.5	75.0	D4	62.0	True	75.0	3.0	157.0	iio	False	('C#', 'E', 'G')	C#	C#	0.0	diminished triad	(1, 4, 7)	b	b	2	None
223.5	0.5	75.0	G#4	68.0	True	75.0	3.0	157.0	iio	False	('C#', 'E', 'G')	C#	C#	0.0	diminished triad	(1, 4, 7)	b	b	2	None
223.5	0.5	75.0	G#5	80.0	True	75.0	3.0	157.0	iio	False	('C#', 'E', 'G')	C#	C#	0.0	diminished triad	(1, 4, 7)	b	b	2	None
224.0	0.5	75.0	B3	59.0	True	75.0	3.0	157.0	iio	False	('C#', 'E', 'G')	C#	C#	0.0	diminished triad	(1, 4, 7)	b	b	2	None
224.0	0.25	75.0	B5	83.0	True	75.0	3.0	157.0	iio	False	('C#', 'E', 'G')	C#	C#	0.0	diminished triad	(1, 4, 7)	b	b	2	None
224.0	0.5	75.0	G#4	68.0	True	75.0	3.0	157.0	iio	False	('C#', 'E', 'G')	C#	C#	0.0	diminished triad	(1, 4, 7)	b	b	2	None
224.0	0.5	75.0	D4	62.0	True	75.0	3.0	157.0	iio	False	('C#', 'E', 'G')	C#	C#	0.0	diminished triad	(1, 4, 7)	b	b	2	None
224.25	0.25	75.0	A5	81.0	True	75.0	3.0	157.0	iio	False	('C#', 'E', 'G')	C#	C#	0.0	diminished triad	(1, 4, 7)	b	b	2	None
224.5	0.25	75.0	G#5	80.0	True	75.0	3.0	157.0	iio	False	('C#', 'E', 'G')	C#	C#	0.0	diminished triad	(1, 4, 7)	b	b	2	None
224.5	0.5	75.0	G#4	68.0	True	75.0	3.0	157.0	iio	False	('C#', 'E', 'G')	C#	C#	0.0	diminished triad	(1, 4, 7)	b	b	2	None
224.5	0.5	75.0	D4	62.0	True	75.0	3.0	157.0	iio	False	('C#', 'E', 'G')	C#	C#	0.0	diminished triad	(1, 4, 7)	b	b	2	None
224.5	0.5	75.0	B3	59.0	True	75.0	3.0	157.0	iio	False	('C#', 'E', 'G')	C#	C#	0.0	diminished triad	(1, 4, 7)	b	b	2	None
224.75	0.25	75.0	F#5	78.0	True	75.0	3.0	157.0	iio	False	('C#', 'E', 'G')	C#	C#	0.0	diminished triad	(1, 4, 7)	b	b	2	None
225.0	1.5	76.0	E#5	77.0	True	76.0	3.0	158.0	V7	True	('F#', 'A#', 'C#', 'E')	F#	F#	0.0	dominant seventh chord	(1, 4, 6, 10)	b	b	5	None
225.0	0.5	76.0	G#4	68.0	True	76.0	3.0	158.0	V7	True	('F#', 'A#', 'C#', 'E')	F#	F#	0.0	dominant seventh chord	(1, 4, 6, 10)	b	b	5	None
225.0	0.5	76.0	C#4	61.0	True	76.0	3.0	158.0	V7	True	('F#', 'A#', 'C#', 'E')	F#	F#	0.0	dominant seventh chord	(1, 4, 6, 10)	b	b	5	None
225.0	0.5	76.0	C#4	61.0	True	76.0	3.0	158.0	V7	True	('F#', 'A#', 'C#', 'E')	F#	F#	0.0	dominant seventh chord	(1, 4, 6, 10)	b	b	5	None
225.5	0.5	76.0	G#4	68.0	True	76.0	3.0	158.0	V7	False	('F#', 'A#', 'C#', 'E')	F#	F#	0.0	dominant seventh chord	(1, 4, 6, 10)	b	b	5	None
225.5	0.5	76.0	C#4	61.0	True	76.0	3.0	158.0	V7	False	('F#', 'A#', 'C#', 'E')	F#	F#	0.0	dominant seventh chord	(1, 4, 6, 10)	b	b	5	None
225.5	0.5	76.0	C#4	61.0	True	76.0	3.0	158.0	V7	False	('F#', 'A#', 'C#', 'E')	F#	F#	0.0	dominant seventh chord	(1, 4, 6, 10)	b	b	5	None
226.0	0.5	76.0	C#4	61.0	True	76.0	3.0	158.0	V7	False	('F#', 'A#', 'C#', 'E')	F#	F#	0.0	dominant seventh chord	(1, 4, 6, 10)	b	b	5	None
226.0	0.5	76.0	C#4	61.0	True	76.0	3.0	158.0	V7	False	('F#', 'A#', 'C#', 'E')	F#	F#	0.0	dominant seventh chord	(1, 4, 6, 10)	b	b	5	None
226.0	0.5	76.0	G#4	68.0	True	76.0	3.0	158.0	V7	False	('F#', 'A#', 'C#', 'E')	F#	F#	0.0	dominant seventh chord	(1, 4, 6, 10)	b	b	5	None
226.5	0.5	76.0	C#4	61.0	True	76.0	3.0	158.0	V7	False	('F#', 'A#', 'C#', 'E')	F#	F#	0.0	dominant seventh chord	(1, 4, 6, 10)	b	b	5	None
226.5	1.5	76.0	C#5	73.0	True	76.0	3.0	158.0	V7	False	('F#', 'A#', 'C#', 'E')	F#	F#	0.0	dominant seventh chord	(1, 4, 6, 10)	b	b	5	None
226.5	0.5	76.0	G#4	68.0	True	76.0	3.0	158.0	V7	False	('F#', 'A#', 'C#', 'E')	F#	F#	0.0	dominant seventh chord	(1, 4, 6, 10)	b	b	5	None
226.5	0.5	76.0	E#4	65.0	True	76.0	3.0	158.0	V7	False	('F#', 'A#', 'C#', 'E')	F#	F#	0.0	dominant seventh chord	(1, 4, 6, 10)	b	b	5	None
227.0	0.5	76.0	G#4	68.0	True	76.0	3.0	158.0	V7	False	('F#', 'A#', 'C#', 'E')	F#	F#	0.0	dominant seventh chord	(1, 4, 6, 10)	b	b	5	None
227.0	0.5	76.0	E#4	65.0	True	76.0	3.0	158.0	V7	False	('F#', 'A#', 'C#', 'E')	F#	F#	0.0	dominant seventh chord	(1, 4, 6, 10)	b	b	5	None
227.0	0.5	76.0	C#4	61.0	True	76.0	3.0	158.0	V7	False	('F#', 'A#', 'C#', 'E')	F#	F#	0.0	dominant seventh chord	(1, 4, 6, 10)	b	b	5	None
227.5	0.5	76.0	G#4	68.0	True	76.0	3.0	158.0	V7	False	('F#', 'A#', 'C#', 'E')	F#	F#	0.0	dominant seventh chord	(1, 4, 6, 10)	b	b	5	None
227.5	0.5	76.0	E#4	65.0	True	76.0	3.0	158.0	V7	False	('F#', 'A#', 'C#', 'E')	F#	F#	0.0	dominant seventh chord	(1, 4, 6, 10)	b	b	5	None
227.5	0.5	76.0	C#4	61.0	True	76.0	3.0	158.0	V7	False	('F#', 'A#', 'C#', 'E')	F#	F#	0.0	dominant seventh chord	(1, 4, 6, 10)	b	b	5	None
228.0	0.5	77.0	C5	72.0	True	77.0	1.5	159.0	It	True	('E#', 'G', 'B')	E#	E#	0.0	incomplete dominant-seventh chord	(5, 7, 11)	b	b	#4	None
228.0	1.0	77.0	F#4	66.0	True	77.0	1.5	159.0	It	True	('E#', 'G', 'B')	E#	E#	0.0	incomplete dominant-seventh chord	(5, 7, 11)	b	b	#4	None
228.0	1.0	77.0	F#4	66.0	True	77.0	1.5	159.0	It	True	('E#', 'G', 'B')	E#	E#	0.0	incomplete dominant-seventh chord	(5, 7, 11)	b	b	#4	None
228.0	1.0	77.0	D4	62.0	True	77.0	1.5	159.0	It	True	('E#', 'G', 'B')	E#	E#	0.0	incomplete dominant-seventh chord	(5, 7, 11)	b	b	#4	None
228.5	0.25	77.0	A5	81.0	True	77.0	1.5	159.0	It	False	('E#', 'G', 'B')	E#	E#	0.0	incomplete dominant-seventh chord	(5, 7, 11)	b	b	#4	None
228.75	0.25	77.0	F#5	78.0	True	77.0	1.5	159.0	It	False	('E#', 'G', 'B')	E#	E#	0.0	incomplete dominant-seventh chord	(5, 7, 11)	b	b	#4	None
229.0	0.25	77.0	A5	81.0	True	77.0	1.5	159.0	It	False	('E#', 'G', 'B')	E#	E#	0.0	incomplete dominant-seventh chord	(5, 7, 11)	b	b	#4	None
229.25	0.25	77.0	F#5	78.0	True	77.0	1.5	159.0	It	False	('E#', 'G', 'B')	E#	E#	0.0	incomplete dominant-seventh chord	(5, 7, 11)	b	b	#4	None
229.5	0.5	77.0	C5	72.0	True	77.0	1.5	160.0	Ger7	True	('E#', 'G', 'B', 'D')	E#	E#	0.0	enharmonic to dominant seventh chord	(2, 5, 7, 11)	b	b	#4	None
230.0	0.5	77.0	F#4	66.0	True	77.0	1.5	160.0	Ger7	False	('E#', 'G', 'B', 'D')	E#	E#	0.0	enharmonic to dominant seventh chord	(2, 5, 7, 11)	b	b	#4	None
230.0	0.5	77.0	D4	62.0	True	77.0	1.5	160.0	Ger7	False	('E#', 'G', 'B', 'D')	E#	E#	0.0	enharmonic to dominant seventh chord	(2, 5, 7, 11)	b	b	#4	None
230.0	0.5	77.0	A4	69.0	True	77.0	1.5	160.0	Ger7	False	('E#', 'G', 'B', 'D')	E#	E#	0.0	enharmonic to dominant seventh chord	(2, 5, 7, 11)	b	b	#4	None
230.5	0.5	77.0	A4	69.0	True	77.0	1.5	160.0	Ger7	False	('E#', 'G', 'B', 'D')	E#	E#	0.0	enharmonic to dominant seventh chord	(2, 5, 7, 11)	b	b	#4	None
230.5	0.5	77.0	F#4	66.0	True	77.0	1.5	160.0	Ger7	False	('E#', 'G', 'B', 'D')	E#	E#	0.0	enharmonic to dominant seventh chord	(2, 5, 7, 11)	b	b	#4	None
230.5	0.5	77.0	D4	62.0	True	77.0	1.5	160.0	Ger7	False	('E#', 'G', 'B', 'D')	E#	E#	0.0	enharmonic to dominant seventh chord	(2, 5, 7, 11)	b	b	#4	None
231.0	1.0	78.0	F#4	66.0	True	78.0	3.0	161.0	Ger7	True	('E#', 'G', 'B', 'D')	E#	E#	0.0	enharmonic to dominant seventh chord	(2, 5, 7, 11)	b	b	#4	None
231.0	1.0	78.0	D4	62.0	True	78.0	3.0	161.0	Ger7	True	('E#', 'G', 'B', 'D')	E#	E#	0.0	enharmonic to dominant seventh chord	(2, 5, 7, 11)	b	b	#4	None
231.0	0.5	78.0	B#4	72.0	True	78.0	3.0	161.0	Ger7	True	('E#', 'G', 'B', 'D')	E#	E#	0.0	enharmonic to dominant seventh chord	(2, 5, 7, 11)	b	b	#4	None
231.0	1.0	78.0	A4	69.0	True	78.0	3.0	161.0	Ger7	True	('E#', 'G', 'B', 'D')	E#	E#	0.0	enharmonic to dominant seventh chord	(2, 5, 7, 11)	b	b	#4	None
231.5	0.25	78.0	A5	81.0	True	78.0	3.0	161.0	Ger7	False	('E#', 'G', 'B', 'D')	E#	E#	0.0	enharmonic to dominant seventh chord	(2, 5, 7, 11)	b	b	#4	None
231.75	0.25	78.0	F#5	78.0	True	78.0	3.0	161.0	Ger7	False	('E#', 'G', 'B', 'D')	E#	E#	0.0	enharmonic to dominant seventh chord	(2, 5, 7, 11)	b	b	#4	None
232.0	0.25	78.0	A5	81.0	True	78.0	3.0	161.0	Ger7	False	('E#', 'G', 'B', 'D')	E#	E#	0.0	enharmonic to dominant seventh chord	(2, 5, 7, 11)	b	b	#4	None
232.25	0.25	78.0	F#5	78.0	True	78.0	3.0	161.0	Ger7	False	('E#', 'G', 'B', 'D')	E#	E#	0.0	enharmonic to dominant seventh chord	(2, 5, 7, 11)	b	b	#4	None
232.5	0.5	78.0	B#4	72.0	True	78.0	3.0	161.0	Ger7	False	('E#', 'G', 'B', 'D')	E#	E#	0.0	enharmonic to dominant seventh chord	(2, 5, 7, 11)	b	b	#4	None
233.0	0.5	78.0	A4	69.0	True	78.0	3.0	161.0	Ger7	False	('E#', 'G', 'B', 'D')	E#	E#	0.0	enharmonic to dominant seventh chord	(2, 5, 7, 11)	b	b	#4	None
233.0	0.5	78.0	F#4	66.0	True	78.0	3.0	161.0	Ger7	False	('E#', 'G', 'B', 'D')	E#	E#	0.0	enharmonic to dominant seventh chord	(2, 5, 7, 11)	b	b	#4	None
233.0	0.5	78.0	D4	62.0	True	78.0	3.0	161.0	Ger7	False	('E#', 'G', 'B', 'D')	E#	E#	0.0	enharmonic to dominant seventh chord	(2, 5, 7, 11)	b	b	#4	None
233.5	0.5	78.0	D4	62.0	True	78.0	3.0	161.0	Ger7	False	('E#', 'G', 'B', 'D')	E#	E#	0.0	enharmonic to dominant seventh chord	(2, 5, 7, 11)	b	b	#4	None
233.5	0.5	78.0	A4	69.0	True	78.0	3.0	161.0	Ger7	False	('E#', 'G', 'B', 'D')	E#	E#	0.0	enharmonic to dominant seventh chord	(2, 5, 7, 11)	b	b	#4	None
233.5	0.5	78.0	F#4	66.0	True	78.0	3.0	161.0	Ger7	False	('E#', 'G', 'B', 'D')	E#	E#	0.0	enharmonic to dominant seventh chord	(2, 5, 7, 11)	b	b	#4	None
234.0	1.5	79.0	A5	81.0	True	79.0	3.0	162.0	VI	True	('G', 'B', 'D')	G	G	0.0	major triad	(2, 7, 11)	b	b	6	None
234.0	0.5	79.0	A4	69.0	True	79.0	3.0	162.0	VI	True	('G', 'B', 'D')	G	G	0.0	major triad	(2, 7, 11)	b	b	6	None
234.0	0.5	79.0	F#4	66.0	True	79.0	3.0	162.0	VI	True	('G', 'B', 'D')	G	G	0.0	major triad	(2, 7, 11)	b	b	6	None
234.0	0.5	79.0	D4	62.0	True	79.0	3.0	162.0	VI	True	('G', 'B', 'D')	G	G	0.0	major triad	(2, 7, 11)	b	b	6	None
234.5	0.5	79.0	A4	69.0	True	79.0	3.0	162.0	VI	False	('G', 'B', 'D')	G	G	0.0	major triad	(2, 7, 11)	b	b	6	None
234.5	0.5	79.0	F#4	66.0	True	79.0	3.0	162.0	VI	False	('G', 'B', 'D')	G	G	0.0	major triad	(2, 7, 11)	b	b	6	None
234.5	0.5	79.0	D4	62.0	True	79.0	3.0	162.0	VI	False	('G', 'B', 'D')	G	G	0.0	major triad	(2, 7, 11)	b	b	6	None
235.0	0.5	79.0	A4	69.0	True	79.0	3.0	162.0	VI	False	('G', 'B', 'D')	G	G	0.0	major triad	(2, 7, 11)	b	b	6	None
235.0	0.5	79.0	F#4	66.0	True	79.0	3.0	162.0	VI	False	('G', 'B', 'D')	G	G	0.0	major triad	(2, 7, 11)	b	b	6	None
235.0	0.5	79.0	D4	62.0	True	79.0	3.0	162.0	VI	False	('G', 'B', 'D')	G	G	0.0	major triad	(2, 7, 11)	b	b	6	None
235.5	0.5	79.0	D4	62.0	True	79.0	3.0	162.0	VI	False	('G', 'B', 'D')	G	G	0.0	major triad	(2, 7, 11)	b	b	6	None
235.5	1.5	79.0	C5	72.0	True	79.0	3.0	162.0	VI	False	('G', 'B', 'D')	G	G	0.0	major triad	(2, 7, 11)	b	b	6	None
235.5	0.5	79.0	A4	69.0	True	79.0	3.0	162.0	VI	False	('G', 'B', 'D')	G	G	0.0	major triad	(2, 7, 11)	b	b	6	None
235.5	0.5	79.0	F#4	66.0	True	79.0	3.0	162.0	VI	False	('G', 'B', 'D')	G	G	0.0	major triad	(2, 7, 11)	b	b	6	None
236.0	0.5	79.0	A4	69.0	True	79.0	3.0	162.0	VI	False	('G', 'B', 'D')	G	G	0.0	major triad	(2, 7, 11)	b	b	6	None
236.0	0.5	79.0	F#4	66.0	True	79.0	3.0	162.0	VI	False	('G', 'B', 'D')	G	G	0.0	major triad	(2, 7, 11)	b	b	6	None
236.0	0.5	79.0	D4	62.0	True	79.0	3.0	162.0	VI	False	('G', 'B', 'D')	G	G	0.0	major triad	(2, 7, 11)	b	b	6	None
236.5	0.5	79.0	A4	69.0	True	79.0	3.0	162.0	VI	False	('G', 'B', 'D')	G	G	0.0	major triad	(2, 7, 11)	b	b	6	None
236.5	0.5	79.0	F#4	66.0	True	79.0	3.0	162.0	VI	False	('G', 'B', 'D')	G	G	0.0	major triad	(2, 7, 11)	b	b	6	None
236.5	0.5	79.0	D4	62.0	True	79.0	3.0	162.0	VI	False	('G', 'B', 'D')	G	G	0.0	major triad	(2, 7, 11)	b	b	6	None
237.0	0.5	80.0	D#4	63.0	True	80.0	3.0	163.0	V7/vii	True	('E#', 'G##', 'B#', 'D#')	E#	E#	0.0	dominant seventh chord	(0, 3, 5, 9)	b	a#	5	#7
237.0	1.5	80.0	B4	71.0	True	80.0	3.0	163.0	V7/vii	True	('E#', 'G##', 'B#', 'D#')	E#	E#	0.0	dominant seventh chord	(0, 3, 5, 9)	b	a#	5	#7
237.0	0.5	80.0	A4	69.0	True	80.0	3.0	163.0	V7/vii	True	('E#', 'G##', 'B#', 'D#')	E#	E#	0.0	dominant seventh chord	(0, 3, 5, 9)	b	a#	5	#7
237.0	0.5	80.0	F#4	66.0	True	80.0	3.0	163.0	V7/vii	True	('E#', 'G##', 'B#', 'D#')	E#	E#	0.0	dominant seventh chord	(0, 3, 5, 9)	b	a#	5	#7
237.5	0.5	80.0	A4	69.0	True	80.0	3.0	163.0	V7/vii	False	('E#', 'G##', 'B#', 'D#')	E#	E#	0.0	dominant seventh chord	(0, 3, 5, 9)	b	a#	5	#7
237.5	0.5	80.0	F#4	66.0	True	80.0	3.0	163.0	V7/vii	False	('E#', 'G##', 'B#', 'D#')	E#	E#	0.0	dominant seventh chord	(0, 3, 5, 9)	b	a#	5	#7
237.5	0.5	80.0	D#4	63.0	True	80.0	3.0	163.0	V7/vii	False	('E#', 'G##', 'B#', 'D#')	E#	E#	0.0	dominant seventh chord	(0, 3, 5, 9)	b	a#	5	#7
238.0	0.5	80.0	A4	69.0	True	80.0	3.0	163.0	V7/vii	False	('E#', 'G##', 'B#', 'D#')	E#	E#	0.0	dominant seventh chord	(0, 3, 5, 9)	b	a#	5	#7
238.0	0.5	80.0	F#4	66.0	True	80.0	3.0	163.0	V7/vii	False	('E#', 'G##', 'B#', 'D#')	E#	E#	0.0	dominant seventh chord	(0, 3, 5, 9)	b	a#	5	#7
238.0	0.5	80.0	D#4	63.0	True	80.0	3.0	163.0	V7/vii	False	('E#', 'G##', 'B#', 'D#')	E#	E#	0.0	dominant seventh chord	(0, 3, 5, 9)	b	a#	5	#7
238.5	0.5	80.0	D#4	63.0	True	80.0	3.0	163.0	V7/vii	False	('E#', 'G##', 'B#', 'D#')	E#	E#	0.0	dominant seventh chord	(0, 3, 5, 9)	b	a#	5	#7
238.5	0.5	80.0	F#4	66.0	True	80.0	3.0	163.0	V7/vii	False	('E#', 'G##', 'B#', 'D#')	E#	E#	0.0	dominant seventh chord	(0, 3, 5, 9)	b	a#	5	#7
238.5	1.5	80.0	B5	83.0	True	80.0	3.0	163.0	V7/vii	False	('E#', 'G##', 'B#', 'D#')	E#	E#	0.0	dominant seventh chord	(0, 3, 5, 9)	b	a#	5	#7
238.5	0.5	80.0	A4	69.0	True	80.0	3.0	163.0	V7/vii	False	('E#', 'G##', 'B#', 'D#')	E#	E#	0.0	dominant seventh chord	(0, 3, 5, 9)	b	a#	5	#7
239.0	0.5	80.0	A4	69.0	True	80.0	3.0	163.0	V7/vii	False	('E#', 'G##', 'B#', 'D#')	E#	E#	0.0	dominant seventh chord	(0, 3, 5, 9)	b	a#	5	#7
239.0	0.5	80.0	F#4	66.0	True	80.0	3.0	163.0	V7/vii	False	('E#', 'G##', 'B#', 'D#')	E#	E#	0.0	dominant seventh chord	(0, 3, 5, 9)	b	a#	5	#7
239.0	0.5	80.0	D#4	63.0	True	80.0	3.0	163.0	V7/vii	False	('E#', 'G##', 'B#', 'D#')	E#	E#	0.0	dominant seventh chord	(0, 3, 5, 9)	b	a#	5	#7
239.5	0.5	80.0	A4	69.0	True	80.0	3.0	163.0	V7/vii	False	('E#', 'G##', 'B#', 'D#')	E#	E#	0.0	dominant seventh chord	(0, 3, 5, 9)	b	a#	5	#7
239.5	0.5	80.0	F#4	66.0	True	80.0	3.0	163.0	V7/vii	False	('E#', 'G##', 'B#', 'D#')	E#	E#	0.0	dominant seventh chord	(0, 3, 5, 9)	b	a#	5	#7
239.5	0.5	80.0	D#4	63.0	True	80.0	3.0	163.0	V7/vii	False	('E#', 'G##', 'B#', 'D#')	E#	E#	0.0	dominant seventh chord	(0, 3, 5, 9)	b	a#	5	#7
240.0	0.5	81.0	E4	64.0	True	81.0	3.0	164.0	vii	True	('A#', 'C#', 'E#')	A#	A#	0.0	minor triad	(1, 5, 10)	b	b	#7	None
240.0	1.5	81.0	B5	83.0	False	81.0	3.0	164.0	vii	True	('A#', 'C#', 'E#')	A#	A#	0.0	minor triad	(1, 5, 10)	b	b	#7	None
240.0	0.5	81.0	G#4	68.0	True	81.0	3.0	164.0	vii	True	('A#', 'C#', 'E#')	A#	A#	0.0	minor triad	(1, 5, 10)	b	b	#7	None
240.0	0.5	81.0	G#4	68.0	True	81.0	3.0	164.0	vii	True	('A#', 'C#', 'E#')	A#	A#	0.0	minor triad	(1, 5, 10)	b	b	#7	None
240.5	0.5	81.0	G#4	68.0	True	81.0	3.0	164.0	vii	False	('A#', 'C#', 'E#')	A#	A#	0.0	minor triad	(1, 5, 10)	b	b	#7	None
240.5	0.5	81.0	E4	64.0	True	81.0	3.0	164.0	vii	False	('A#', 'C#', 'E#')	A#	A#	0.0	minor triad	(1, 5, 10)	b	b	#7	None
240.5	0.5	81.0	G#4	68.0	True	81.0	3.0	164.0	vii	False	('A#', 'C#', 'E#')	A#	A#	0.0	minor triad	(1, 5, 10)	b	b	#7	None
241.0	0.5	81.0	G#4	68.0	True	81.0	3.0	164.0	vii	False	('A#', 'C#', 'E#')	A#	A#	0.0	minor triad	(1, 5, 10)	b	b	#7	None
241.0	0.5	81.0	G#4	68.0	True	81.0	3.0	164.0	vii	False	('A#', 'C#', 'E#')	A#	A#	0.0	minor triad	(1, 5, 10)	b	b	#7	None
241.0	0.5	81.0	E4	64.0	True	81.0	3.0	164.0	vii	False	('A#', 'C#', 'E#')	A#	A#	0.0	minor triad	(1, 5, 10)	b	b	#7	None
241.5	0.5	81.0	E4	64.0	True	81.0	3.0	164.0	vii	False	('A#', 'C#', 'E#')	A#	A#	0.0	minor triad	(1, 5, 10)	b	b	#7	None
241.5	1.5	81.0	D5	74.0	True	81.0	3.0	164.0	vii	False	('A#', 'C#', 'E#')	A#	A#	0.0	minor triad	(1, 5, 10)	b	b	#7	None
241.5	0.5	81.0	B4	71.0	True	81.0	3.0	164.0	vii	False	('A#', 'C#', 'E#')	A#	A#	0.0	minor triad	(1, 5, 10)	b	b	#7	None
241.5	0.5	81.0	G#4	68.0	True	81.0	3.0	164.0	vii	False	('A#', 'C#', 'E#')	A#	A#	0.0	minor triad	(1, 5, 10)	b	b	#7	None
242.0	0.5	81.0	B4	71.0	True	81.0	3.0	164.0	vii	False	('A#', 'C#', 'E#')	A#	A#	0.0	minor triad	(1, 5, 10)	b	b	#7	None
242.0	0.5	81.0	G#4	68.0	True	81.0	3.0	164.0	vii	False	('A#', 'C#', 'E#')	A#	A#	0.0	minor triad	(1, 5, 10)	b	b	#7	None
242.0	0.5	81.0	E4	64.0	True	81.0	3.0	164.0	vii	False	('A#', 'C#', 'E#')	A#	A#	0.0	minor triad	(1, 5, 10)	b	b	#7	None
242.5	0.5	81.0	B4	71.0	True	81.0	3.0	164.0	vii	False	('A#', 'C#', 'E#')	A#	A#	0.0	minor triad	(1, 5, 10)	b	b	#7	None
242.5	0.5	81.0	G#4	68.0	True	81.0	3.0	164.0	vii	False	('A#', 'C#', 'E#')	A#	A#	0.0	minor triad	(1, 5, 10)	b	b	#7	None
242.5	0.5	81.0	E4	64.0	True	81.0	3.0	164.0	vii	False	('A#', 'C#', 'E#')	A#	A#	0.0	minor triad	(1, 5, 10)	b	b	#7	None
243.0	0.5	82.0	E#4	65.0	True	82.0	3.0	165.0	V7	True	('F#', 'A#', 'C#', 'E')	F#	F#	0.0	dominant seventh chord	(1, 4, 6, 10)	b	b	5	None
243.0	0.5	82.0	G#4	68.0	True	82.0	3.0	165.0	V7	True	('F#', 'A#', 'C#', 'E')	F#	F#	0.0	dominant seventh chord	(1, 4, 6, 10)	b	b	5	None
243.0	1.5	82.0	C#5	73.0	True	82.0	3.0	165.0	V7	True	('F#', 'A#', 'C#', 'E')	F#	F#	0.0	dominant seventh chord	(1, 4, 6, 10)	b	b	5	None
243.0	0.5	82.0	B4	71.0	True	82.0	3.0	165.0	V7	True	('F#', 'A#', 'C#', 'E')	F#	F#	0.0	dominant seventh chord	(1, 4, 6, 10)	b	b	5	None
243.5	0.5	82.0	B4	71.0	True	82.0	3.0	165.0	V7	False	('F#', 'A#', 'C#', 'E')	F#	F#	0.0	dominant seventh chord	(1, 4, 6, 10)	b	b	5	None
243.5	0.5	82.0	G#4	68.0	True	82.0	3.0	165.0	V7	False	('F#', 'A#', 'C#', 'E')	F#	F#	0.0	dominant seventh chord	(1, 4, 6, 10)	b	b	5	None
243.5	0.5	82.0	E#4	65.0	True	82.0	3.0	165.0	V7	False	('F#', 'A#', 'C#', 'E')	F#	F#	0.0	dominant seventh chord	(1, 4, 6, 10)	b	b	5	None
244.0	0.5	82.0	B4	71.0	True	82.0	3.0	165.0	V7	False	('F#', 'A#', 'C#', 'E')	F#	F#	0.0	dominant seventh chord	(1, 4, 6, 10)	b	b	5	None
244.0	0.5	82.0	G#4	68.0	True	82.0	3.0	165.0	V7	False	('F#', 'A#', 'C#', 'E')	F#	F#	0.0	dominant seventh chord	(1, 4, 6, 10)	b	b	5	None
244.0	0.5	82.0	E#4	65.0	True	82.0	3.0	165.0	V7	False	('F#', 'A#', 'C#', 'E')	F#	F#	0.0	dominant seventh chord	(1, 4, 6, 10)	b	b	5	None
244.5	0.5	82.0	E#4	65.0	True	82.0	3.0	165.0	V7	False	('F#', 'A#', 'C#', 'E')	F#	F#	0.0	dominant seventh chord	(1, 4, 6, 10)	b	b	5	None
244.5	0.5	82.0	G#4	68.0	True	82.0	3.0	165.0	V7	False	('F#', 'A#', 'C#', 'E')	F#	F#	0.0	dominant seventh chord	(1, 4, 6, 10)	b	b	5	None
244.5	1.5	82.0	C#6	85.0	True	82.0	3.0	165.0	V7	False	('F#', 'A#', 'C#', 'E')	F#	F#	0.0	dominant seventh chord	(1, 4, 6, 10)	b	b	5	None
244.5	0.5	82.0	B4	71.0	True	82.0	3.0	165.0	V7	False	('F#', 'A#', 'C#', 'E')	F#	F#	0.0	dominant seventh chord	(1, 4, 6, 10)	b	b	5	None
245.0	0.5	82.0	B4	71.0	True	82.0	3.0	165.0	V7	False	('F#', 'A#', 'C#', 'E')	F#	F#	0.0	dominant seventh chord	(1, 4, 6, 10)	b	b	5	None
245.0	0.5	82.0	G#4	68.0	True	82.0	3.0	165.0	V7	False	('F#', 'A#', 'C#', 'E')	F#	F#	0.0	dominant seventh chord	(1, 4, 6, 10)	b	b	5	None
245.0	0.5	82.0	E#4	65.0	True	82.0	3.0	165.0	V7	False	('F#', 'A#', 'C#', 'E')	F#	F#	0.0	dominant seventh chord	(1, 4, 6, 10)	b	b	5	None
245.5	0.5	82.0	B4	71.0	True	82.0	3.0	165.0	V7	False	('F#', 'A#', 'C#', 'E')	F#	F#	0.0	dominant seventh chord	(1, 4, 6, 10)	b	b	5	None
245.5	0.5	82.0	G#4	68.0	True	82.0	3.0	165.0	V7	False	('F#', 'A#', 'C#', 'E')	F#	F#	0.0	dominant seventh chord	(1, 4, 6, 10)	b	b	5	None
245.5	0.5	82.0	E#4	65.0	True	82.0	3.0	165.0	V7	False	('F#', 'A#', 'C#', 'E')	F#	F#	0.0	dominant seventh chord	(1, 4, 6, 10)	b	b	5	None
246.0	0.5	83.0	F#4	66.0	True	83.0	3.0	166.0	i	True	('B', 'D', 'F#')	B	B	0.0	minor triad	(2, 6, 11)	b	b	1	None
246.0	1.5	83.0	C#6	85.0	False	83.0	3.0	166.0	i	True	('B', 'D', 'F#')	B	B	0.0	minor triad	(2, 6, 11)	b	b	1	None
246.0	0.5	83.0	A4	69.0	True	83.0	3.0	166.0	i	True	('B', 'D', 'F#')	B	B	0.0	minor triad	(2, 6, 11)	b	b	1	None
246.0	0.5	83.0	F#4	66.0	True	83.0	3.0	166.0	i	True	('B', 'D', 'F#')	B	B	0.0	minor triad	(2, 6, 11)	b	b	1	None
246.5	0.5	83.0	F#4	66.0	True	83.0	3.0	166.0	i	False	('B', 'D', 'F#')	B	B	0.0	minor triad	(2, 6, 11)	b	b	1	None
246.5	0.5	83.0	A4	69.0	True	83.0	3.0	166.0	i	False	('B', 'D', 'F#')	B	B	0.0	minor triad	(2, 6, 11)	b	b	1	None
246.5	0.5	83.0	F#4	66.0	True	83.0	3.0	166.0	i	False	('B', 'D', 'F#')	B	B	0.0	minor triad	(2, 6, 11)	b	b	1	None
247.0	0.5	83.0	F#4	66.0	True	83.0	3.0	166.0	i	False	('B', 'D', 'F#')	B	B	0.0	minor triad	(2, 6, 11)	b	b	1	None
247.0	0.5	83.0	A4	69.0	True	83.0	3.0	166.0	i	False	('B', 'D', 'F#')	B	B	0.0	minor triad	(2, 6, 11)	b	b	1	None
247.0	0.5	83.0	F#4	66.0	True	83.0	3.0	166.0	i	False	('B', 'D', 'F#')	B	B	0.0	minor triad	(2, 6, 11)	b	b	1	None
247.5	0.5	83.0	A3	57.0	True	83.0	3.0	166.0	i	False	('B', 'D', 'F#')	B	B	0.0	minor triad	(2, 6, 11)	b	b	1	None
247.5	1.5	83.0	F#5	78.0	True	83.0	3.0	166.0	i	False	('B', 'D', 'F#')	B	B	0.0	minor triad	(2, 6, 11)	b	b	1	None
247.5	0.5	83.0	C#5	73.0	True	83.0	3.0	166.0	i	False	('B', 'D', 'F#')	B	B	0.0	minor triad	(2, 6, 11)	b	b	1	None
247.5	0.5	83.0	F#4	66.0	True	83.0	3.0	166.0	i	False	('B', 'D', 'F#')	B	B	0.0	minor triad	(2, 6, 11)	b	b	1	None
248.0	0.5	83.0	C#5	73.0	True	83.0	3.0	166.0	i	False	('B', 'D', 'F#')	B	B	0.0	minor triad	(2, 6, 11)	b	b	1	None
248.0	0.5	83.0	F#4	66.0	True	83.0	3.0	166.0	i	False	('B', 'D', 'F#')	B	B	0.0	minor triad	(2, 6, 11)	b	b	1	None
248.0	0.5	83.0	A3	57.0	True	83.0	3.0	166.0	i	False	('B', 'D', 'F#')	B	B	0.0	minor triad	(2, 6, 11)	b	b	1	None
248.5	0.5	83.0	C#5	73.0	True	83.0	3.0	166.0	i	False	('B', 'D', 'F#')	B	B	0.0	minor triad	(2, 6, 11)	b	b	1	None
248.5	0.5	83.0	A3	57.0	True	83.0	3.0	166.0	i	False	('B', 'D', 'F#')	B	B	0.0	minor triad	(2, 6, 11)	b	b	1	None
248.5	0.5	83.0	F#4	66.0	True	83.0	3.0	166.0	i	False	('B', 'D', 'F#')	B	B	0.0	minor triad	(2, 6, 11)	b	b	1	None
249.0	0.25	84.0	D6	86.0	True	84.0	3.0	167.0	iv	True	('E', 'G', 'B')	E	E	0.0	minor triad	(4, 7, 11)	b	b	4	None
249.0	0.5	84.0	F#4	66.0	True	84.0	3.0	167.0	iv	True	('E', 'G', 'B')	E	E	0.0	minor triad	(4, 7, 11)	b	b	4	None
249.0	0.5	84.0	F#4	66.0	True	84.0	3.0	167.0	iv	True	('E', 'G', 'B')	E	E	0.0	minor triad	(4, 7, 11)	b	b	4	None
249.0	0.5	84.0	B3	59.0	True	84.0	3.0	167.0	iv	True	('E', 'G', 'B')	E	E	0.0	minor triad	(4, 7, 11)	b	b	4	None
249.25	0.25	84.0	B5	83.0	True	84.0	3.0	167.0	iv	False	('E', 'G', 'B')	E	E	0.0	minor triad	(4, 7, 11)	b	b	4	None
249.5	0.25	84.0	F#5	78.0	True	84.0	3.0	167.0	iv	False	('E', 'G', 'B')	E	E	0.0	minor triad	(4, 7, 11)	b	b	4	None
249.75	0.25	84.0	D5	74.0	True	84.0	3.0	167.0	iv	False	('E', 'G', 'B')	E	E	0.0	minor triad	(4, 7, 11)	b	b	4	None
250.0	0.25	84.0	B4	71.0	True	84.0	3.0	167.0	iv	False	('E', 'G', 'B')	E	E	0.0	minor triad	(4, 7, 11)	b	b	4	None
250.25	0.25	84.0	D5	74.0	True	84.0	3.0	167.0	iv	False	('E', 'G', 'B')	E	E	0.0	minor triad	(4, 7, 11)	b	b	4	None
250.5	0.5	84.0	B4	71.0	True	84.0	3.0	167.0	iv	False	('E', 'G', 'B')	E	E	0.0	minor triad	(4, 7, 11)	b	b	4	None
251.0	0.25	84.0	D5	74.0	True	84.0	3.0	167.0	iv	False	('E', 'G', 'B')	E	E	0.0	minor triad	(4, 7, 11)	b	b	4	None
251.0	0.5	84.0	F#4	66.0	True	84.0	3.0	167.0	iv	False	('E', 'G', 'B')	E	E	0.0	minor triad	(4, 7, 11)	b	b	4	None
251.0	0.5	84.0	B3	59.0	True	84.0	3.0	167.0	iv	False	('E', 'G', 'B')	E	E	0.0	minor triad	(4, 7, 11)	b	b	4	None
251.25	0.25	84.0	F#5	78.0	True	84.0	3.0	167.0	iv	False	('E', 'G', 'B')	E	E	0.0	minor triad	(4, 7, 11)	b	b	4	None
251.5	0.25	84.0	D5	74.0	True	84.0	3.0	167.0	iv	False	('E', 'G', 'B')	E	E	0.0	minor triad	(4, 7, 11)	b	b	4	None
251.5	0.5	84.0	F#4	66.0	True	84.0	3.0	167.0	iv	False	('E', 'G', 'B')	E	E	0.0	minor triad	(4, 7, 11)	b	b	4	None
251.5	0.5	84.0	B3	59.0	True	84.0	3.0	167.0	iv	False	('E', 'G', 'B')	E	E	0.0	minor triad	(4, 7, 11)	b	b	4	None
251.75	0.25	84.0	F#5	78.0	True	84.0	3.0	167.0	iv	False	('E', 'G', 'B')	E	E	0.0	minor triad	(4, 7, 11)	b	b	4	None
252.0	0.25	85.0	D6	86.0	True	85.0	3.0	168.0	V7/III	True	('A', 'C#', 'E', 'G')	A	A	0.0	dominant seventh chord	(1, 4, 7, 9)	b	D	5	3
252.0	0.5	85.0	E5	76.0	True	85.0	3.0	168.0	V7/III	True	('A', 'C#', 'E', 'G')	A	A	0.0	dominant seventh chord	(1, 4, 7, 9)	b	D	5	3
252.0	0.5	85.0	B4	71.0	True	85.0	3.0	168.0	V7/III	True	('A', 'C#', 'E', 'G')	A	A	0.0	dominant seventh chord	(1, 4, 7, 9)	b	D	5	3
252.0	0.5	85.0	G#3	56.0	True	85.0	3.0	168.0	V7/III	True	('A', 'C#', 'E', 'G')	A	A	0.0	dominant seventh chord	(1, 4, 7, 9)	b	D	5	3
252.25	0.25	85.0	B5	83.0	True	85.0	3.0	168.0	V7/III	False	('A', 'C#', 'E', 'G')	A	A	0.0	dominant seventh chord	(1, 4, 7, 9)	b	D	5	3
252.5	0.25	85.0	G#5	80.0	True	85.0	3.0	168.0	V7/III	False	('A', 'C#', 'E', 'G')	A	A	0.0	dominant seventh chord	(1, 4, 7, 9)	b	D	5	3
252.75	0.25	85.0	E5	76.0	True	85.0	3.0	168.0	V7/III	False	('A', 'C#', 'E', 'G')	A	A	0.0	dominant seventh chord	(1, 4, 7, 9)	b	D	5	3
253.0	0.25	85.0	B4	71.0	True	85.0	3.0	168.0	V7/III	False	('A', 'C#', 'E', 'G')	A	A	0.0	dominant seventh chord	(1, 4, 7, 9)	b	D	5	3
253.25	0.25	85.0	E5	76.0	True	85.0	3.0	168.0	V7/III	False	('A', 'C#', 'E', 'G')	A	A	0.0	dominant seventh chord	(1, 4, 7, 9)	b	D	5	3
253.5	0.5	85.0	G#4	68.0	True	85.0	3.0	168.0	V7/III	False	('A', 'C#', 'E', 'G')	A	A	0.0	dominant seventh chord	(1, 4, 7, 9)	b	D	5	3
254.0	0.5	85.0	B4	71.0	True	85.0	3.0	168.0	V7/III	False	('A', 'C#', 'E', 'G')	A	A	0.0	dominant seventh chord	(1, 4, 7, 9)	b	D	5	3
254.0	0.25	85.0	D5	74.0	True	85.0	3.0	168.0	V7/III	False	('A', 'C#', 'E', 'G')	A	A	0.0	dominant seventh chord	(1, 4, 7, 9)	b	D	5	3
254.0	0.5	85.0	G#3	56.0	True	85.0	3.0	168.0	V7/III	False	('A', 'C#', 'E', 'G')	A	A	0.0	dominant seventh chord	(1, 4, 7, 9)	b	D	5	3
254.25	0.25	85.0	E5	76.0	True	85.0	3.0	168.0	V7/III	False	('A', 'C#', 'E', 'G')	A	A	0.0	dominant seventh chord	(1, 4, 7, 9)	b	D	5	3
254.5	0.25	85.0	D5	74.0	True	85.0	3.0	168.0	V7/III	False	('A', 'C#', 'E', 'G')	A	A	0.0	dominant seventh chord	(1, 4, 7, 9)	b	D	5	3
254.5	0.5	85.0	B4	71.0	True	85.0	3.0	168.0	V7/III	False	('A', 'C#', 'E', 'G')	A	A	0.0	dominant seventh chord	(1, 4, 7, 9)	b	D	5	3
254.5	0.5	85.0	G#3	56.0	True	85.0	3.0	168.0	V7/III	False	('A', 'C#', 'E', 'G')	A	A	0.0	dominant seventh chord	(1, 4, 7, 9)	b	D	5	3
254.75	0.25	85.0	E5	76.0	True	85.0	3.0	168.0	V7/III	False	('A', 'C#', 'E', 'G')	A	A	0.0	dominant seventh chord	(1, 4, 7, 9)	b	D	5	3
255.0	0.5	86.0	A3	57.0	True	86.0	3.0	169.0	III	True	('D', 'F#', 'A')	D	D	0.0	major triad	(2, 6, 9)	b	b	3	None
255.0	0.25	86.0	C#6	85.0	True	86.0	3.0	169.0	III	True	('D', 'F#', 'A')	D	D	0.0	major triad	(2, 6, 9)	b	b	3	None
255.0	0.5	86.0	C#5	73.0	True	86.0	3.0	169.0	III	True	('D', 'F#', 'A')	D	D	0.0	major triad	(2, 6, 9)	b	b	3	None
255.0	0.5	86.0	E4	64.0	True	86.0	3.0	169.0	III	True	('D', 'F#', 'A')	D	D	0.0	major triad	(2, 6, 9)	b	b	3	None
255.25	0.25	86.0	A5	81.0	True	86.0	3.0	169.0	III	False	('D', 'F#', 'A')	D	D	0.0	major triad	(2, 6, 9)	b	b	3	None
255.5	0.25	86.0	E5	76.0	True	86.0	3.0	169.0	III	False	('D', 'F#', 'A')	D	D	0.0	major triad	(2, 6, 9)	b	b	3	None
255.75	0.25	86.0	C#5	73.0	True	86.0	3.0	169.0	III	False	('D', 'F#', 'A')	D	D	0.0	major triad	(2, 6, 9)	b	b	3	None
256.0	0.25	86.0	A4	69.0	True	86.0	3.0	169.0	III	False	('D', 'F#', 'A')	D	D	0.0	major triad	(2, 6, 9)	b	b	3	None
256.25	0.25	86.0	C#5	73.0	True	86.0	3.0	169.0	III	False	('D', 'F#', 'A')	D	D	0.0	major triad	(2, 6, 9)	b	b	3	None
256.5	1.0	86.0	A4	69.0	True	86.0	3.0	169.0	III	False	('D', 'F#', 'A')	D	D	0.0	major triad	(2, 6, 9)	b	b	3	None
257.0	0.5	86.0	A3	57.0	True	86.0	3.0	169.0	III	False	('D', 'F#', 'A')	D	D	0.0	major triad	(2, 6, 9)	b	b	3	None
257.0	0.5	86.0	E4	64.0	True	86.0	3.0	169.0	III	False	('D', 'F#', 'A')	D	D	0.0	major triad	(2, 6, 9)	b	b	3	None
257.0	0.25	86.0	C#5	73.0	True	86.0	3.0	169.0	III	False	('D', 'F#', 'A')	D	D	0.0	major triad	(2, 6, 9)	b	b	3	None
257.25	0.25	86.0	E5	76.0	True	86.0	3.0	169.0	III	False	('D', 'F#', 'A')	D	D	0.0	major triad	(2, 6, 9)	b	b	3	None
257.5	0.5	86.0	E4	64.0	True	86.0	3.0	169.0	III	False	('D', 'F#', 'A')	D	D	0.0	major triad	(2, 6, 9)	b	b	3	None
257.5	0.5	86.0	G#3	56.0	True	86.0	3.0	169.0	III	False	('D', 'F#', 'A')	D	D	0.0	major triad	(2, 6, 9)	b	b	3	None
257.5	0.25	86.0	C#5	73.0	True	86.0	3.0	169.0	III	False	('D', 'F#', 'A')	D	D	0.0	major triad	(2, 6, 9)	b	b	3	None
257.75	0.25	86.0	E5	76.0	True	86.0	3.0	169.0	III	False	('D', 'F#', 'A')	D	D	0.0	major triad	(2, 6, 9)	b	b	3	None
258.0	0.25	87.0	C#6	85.0	True	87.0	3.0	170.0	iv	True	('E', 'G', 'B')	E	E	0.0	minor triad	(4, 7, 11)	b	b	4	None
258.0	0.5	87.0	D5	74.0	True	87.0	3.0	170.0	iv	True	('E', 'G', 'B')	E	E	0.0	minor triad	(4, 7, 11)	b	b	4	None
258.0	0.5	87.0	A4	69.0	True	87.0	3.0	170.0	iv	True	('E', 'G', 'B')	E	E	0.0	minor triad	(4, 7, 11)	b	b	4	None
258.0	0.5	87.0	F#3	54.0	True	87.0	3.0	170.0	iv	True	('E', 'G', 'B')	E	E	0.0	minor triad	(4, 7, 11)	b	b	4	None
258.25	0.25	87.0	A5	81.0	True	87.0	3.0	170.0	iv	False	('E', 'G', 'B')	E	E	0.0	minor triad	(4, 7, 11)	b	b	4	None
258.5	0.25	87.0	F#5	78.0	True	87.0	3.0	170.0	iv	False	('E', 'G', 'B')	E	E	0.0	minor triad	(4, 7, 11)	b	b	4	None
258.75	0.25	87.0	D5	74.0	True	87.0	3.0	170.0	iv	False	('E', 'G', 'B')	E	E	0.0	minor triad	(4, 7, 11)	b	b	4	None
259.0	0.25	87.0	A4	69.0	True	87.0	3.0	170.0	iv	False	('E', 'G', 'B')	E	E	0.0	minor triad	(4, 7, 11)	b	b	4	None
259.25	0.25	87.0	D5	74.0	True	87.0	3.0	170.0	iv	False	('E', 'G', 'B')	E	E	0.0	minor triad	(4, 7, 11)	b	b	4	None
259.5	1.0	87.0	F#4	66.0	True	87.0	3.0	170.0	iv	False	('E', 'G', 'B')	E	E	0.0	minor triad	(4, 7, 11)	b	b	4	None
260.0	0.5	87.0	F#3	54.0	True	87.0	3.0	170.0	iv	False	('E', 'G', 'B')	E	E	0.0	minor triad	(4, 7, 11)	b	b	4	None
260.0	0.5	87.0	A4	69.0	True	87.0	3.0	170.0	iv	False	('E', 'G', 'B')	E	E	0.0	minor triad	(4, 7, 11)	b	b	4	None
260.0	0.25	87.0	C#5	73.0	True	87.0	3.0	170.0	iv	False	('E', 'G', 'B')	E	E	0.0	minor triad	(4, 7, 11)	b	b	4	None
260.25	0.25	87.0	D5	74.0	True	87.0	3.0	170.0	iv	False	('E', 'G', 'B')	E	E	0.0	minor triad	(4, 7, 11)	b	b	4	None
260.5	0.5	87.0	A4	69.0	True	87.0	3.0	170.0	iv	False	('E', 'G', 'B')	E	E	0.0	minor triad	(4, 7, 11)	b	b	4	None
260.5	0.25	87.0	C#5	73.0	True	87.0	3.0	170.0	iv	False	('E', 'G', 'B')	E	E	0.0	minor triad	(4, 7, 11)	b	b	4	None
260.5	0.5	87.0	F#3	54.0	True	87.0	3.0	170.0	iv	False	('E', 'G', 'B')	E	E	0.0	minor triad	(4, 7, 11)	b	b	4	None
260.75	0.25	87.0	D5	74.0	True	87.0	3.0	170.0	iv	False	('E', 'G', 'B')	E	E	0.0	minor triad	(4, 7, 11)	b	b	4	None
261.0	0.25	88.0	B5	83.0	True	88.0	3.0	171.0	ii	True	('C#', 'E', 'G#')	C#	C#	0.0	minor triad	(1, 4, 8)	b	b	2	None
261.0	0.5	88.0	B4	71.0	True	88.0	3.0	171.0	ii	True	('C#', 'E', 'G#')	C#	C#	0.0	minor triad	(1, 4, 8)	b	b	2	None
261.0	0.5	88.0	D4	62.0	True	88.0	3.0	171.0	ii	True	('C#', 'E', 'G#')	C#	C#	0.0	minor triad	(1, 4, 8)	b	b	2	None
261.0	0.5	88.0	G#3	56.0	True	88.0	3.0	171.0	ii	True	('C#', 'E', 'G#')	C#	C#	0.0	minor triad	(1, 4, 8)	b	b	2	None
261.25	0.25	88.0	G#5	80.0	True	88.0	3.0	171.0	ii	False	('C#', 'E', 'G#')	C#	C#	0.0	minor triad	(1, 4, 8)	b	b	2	None
261.5	0.25	88.0	D5	74.0	True	88.0	3.0	171.0	ii	False	('C#', 'E', 'G#')	C#	C#	0.0	minor triad	(1, 4, 8)	b	b	2	None
261.75	0.25	88.0	B4	71.0	True	88.0	3.0	171.0	ii	False	('C#', 'E', 'G#')	C#	C#	0.0	minor triad	(1, 4, 8)	b	b	2	None
262.0	0.25	88.0	G#4	68.0	True	88.0	3.0	171.0	ii	False	('C#', 'E', 'G#')	C#	C#	0.0	minor triad	(1, 4, 8)	b	b	2	None
262.25	0.25	88.0	B4	71.0	True	88.0	3.0	171.0	ii	False	('C#', 'E', 'G#')	C#	C#	0.0	minor triad	(1, 4, 8)	b	b	2	None
262.5	1.0	88.0	G#4	68.0	True	88.0	3.0	171.0	ii	False	('C#', 'E', 'G#')	C#	C#	0.0	minor triad	(1, 4, 8)	b	b	2	None
263.0	0.5	88.0	G#3	56.0	True	88.0	3.0	171.0	ii	False	('C#', 'E', 'G#')	C#	C#	0.0	minor triad	(1, 4, 8)	b	b	2	None
263.0	0.25	88.0	B4	71.0	True	88.0	3.0	171.0	ii	False	('C#', 'E', 'G#')	C#	C#	0.0	minor triad	(1, 4, 8)	b	b	2	None
263.0	0.5	88.0	D4	62.0	True	88.0	3.0	171.0	ii	False	('C#', 'E', 'G#')	C#	C#	0.0	minor triad	(1, 4, 8)	b	b	2	None
263.25	0.25	88.0	D5	74.0	True	88.0	3.0	171.0	ii	False	('C#', 'E', 'G#')	C#	C#	0.0	minor triad	(1, 4, 8)	b	b	2	None
263.5	0.5	88.0	D4	62.0	True	88.0	3.0	171.0	ii	False	('C#', 'E', 'G#')	C#	C#	0.0	minor triad	(1, 4, 8)	b	b	2	None
263.5	0.25	88.0	B4	71.0	True	88.0	3.0	171.0	ii	False	('C#', 'E', 'G#')	C#	C#	0.0	minor triad	(1, 4, 8)	b	b	2	None
263.5	0.5	88.0	F#3	54.0	True	88.0	3.0	171.0	ii	False	('C#', 'E', 'G#')	C#	C#	0.0	minor triad	(1, 4, 8)	b	b	2	None
263.75	0.25	88.0	D5	74.0	True	88.0	3.0	171.0	ii	False	('C#', 'E', 'G#')	C#	C#	0.0	minor triad	(1, 4, 8)	b	b	2	None
264.0	0.25	89.0	B5	83.0	True	89.0	3.0	172.0	V7	True	('F#', 'A#', 'C#', 'E')	F#	F#	0.0	dominant seventh chord	(1, 4, 6, 10)	b	b	5	None
264.0	0.5	89.0	C#5	73.0	True	89.0	3.0	172.0	V7	True	('F#', 'A#', 'C#', 'E')	F#	F#	0.0	dominant seventh chord	(1, 4, 6, 10)	b	b	5	None
264.0	0.5	89.0	G#4	68.0	True	89.0	3.0	172.0	V7	True	('F#', 'A#', 'C#', 'E')	F#	F#	0.0	dominant seventh chord	(1, 4, 6, 10)	b	b	5	None
264.0	0.5	89.0	E#3	53.0	True	89.0	3.0	172.0	V7	True	('F#', 'A#', 'C#', 'E')	F#	F#	0.0	dominant seventh chord	(1, 4, 6, 10)	b	b	5	None
264.25	0.25	89.0	G#5	80.0	True	89.0	3.0	172.0	V7	False	('F#', 'A#', 'C#', 'E')	F#	F#	0.0	dominant seventh chord	(1, 4, 6, 10)	b	b	5	None
264.5	0.25	89.0	E#5	77.0	True	89.0	3.0	172.0	V7	False	('F#', 'A#', 'C#', 'E')	F#	F#	0.0	dominant seventh chord	(1, 4, 6, 10)	b	b	5	None
264.75	0.25	89.0	C#5	73.0	True	89.0	3.0	172.0	V7	False	('F#', 'A#', 'C#', 'E')	F#	F#	0.0	dominant seventh chord	(1, 4, 6, 10)	b	b	5	None
265.0	0.25	89.0	G#4	68.0	True	89.0	3.0	172.0	V7	False	('F#', 'A#', 'C#', 'E')	F#	F#	0.0	dominant seventh chord	(1, 4, 6, 10)	b	b	5	None
265.25	0.25	89.0	C#5	73.0	True	89.0	3.0	172.0	V7	False	('F#', 'A#', 'C#', 'E')	F#	F#	0.0	dominant seventh chord	(1, 4, 6, 10)	b	b	5	None
265.5	1.0	89.0	E#4	65.0	True	89.0	3.0	172.0	V7	False	('F#', 'A#', 'C#', 'E')	F#	F#	0.0	dominant seventh chord	(1, 4, 6, 10)	b	b	5	None
266.0	0.25	89.0	B4	71.0	True	89.0	3.0	172.0	V7	False	('F#', 'A#', 'C#', 'E')	F#	F#	0.0	dominant seventh chord	(1, 4, 6, 10)	b	b	5	None
266.0	0.5	89.0	G#4	68.0	True	89.0	3.0	172.0	V7	False	('F#', 'A#', 'C#', 'E')	F#	F#	0.0	dominant seventh chord	(1, 4, 6, 10)	b	b	5	None
266.0	0.5	89.0	E#3	53.0	True	89.0	3.0	172.0	V7	False	('F#', 'A#', 'C#', 'E')	F#	F#	0.0	dominant seventh chord	(1, 4, 6, 10)	b	b	5	None
266.25	0.25	89.0	C#5	73.0	True	89.0	3.0	172.0	V7	False	('F#', 'A#', 'C#', 'E')	F#	F#	0.0	dominant seventh chord	(1, 4, 6, 10)	b	b	5	None
266.5	0.5	89.0	E#3	53.0	True	89.0	3.0	172.0	V7	False	('F#', 'A#', 'C#', 'E')	F#	F#	0.0	dominant seventh chord	(1, 4, 6, 10)	b	b	5	None
266.5	0.25	89.0	B4	71.0	True	89.0	3.0	172.0	V7	False	('F#', 'A#', 'C#', 'E')	F#	F#	0.0	dominant seventh chord	(1, 4, 6, 10)	b	b	5	None
266.5	0.5	89.0	G#4	68.0	True	89.0	3.0	172.0	V7	False	('F#', 'A#', 'C#', 'E')	F#	F#	0.0	dominant seventh chord	(1, 4, 6, 10)	b	b	5	None
266.75	0.25	89.0	C#5	73.0	True	89.0	3.0	172.0	V7	False	('F#', 'A#', 'C#', 'E')	F#	F#	0.0	dominant seventh chord	(1, 4, 6, 10)	b	b	5	None
267.0	0.25	90.0	F#4	66.0	True	90.0	1.5	173.0	ii	True	('C#', 'E', 'G#')	C#	C#	0.0	minor triad	(1, 4, 8)	b	b	2	None
267.0	1.0	90.0	A4	69.0	True	90.0	1.5	173.0	ii	True	('C#', 'E', 'G#')	C#	C#	0.0	minor triad	(1, 4, 8)	b	b	2	None
267.0	1.0	90.0	A4	69.0	True	90.0	1.5	173.0	ii	True	('C#', 'E', 'G#')	C#	C#	0.0	minor triad	(1, 4, 8)	b	b	2	None
267.0	1.0	90.0	F#3	54.0	True	90.0	1.5	173.0	ii	True	('C#', 'E', 'G#')	C#	C#	0.0	minor triad	(1, 4, 8)	b	b	2	None
267.25	0.25	90.0	C#5	73.0	True	90.0	1.5	173.0	ii	False	('C#', 'E', 'G#')	C#	C#	0.0	minor triad	(1, 4, 8)	b	b	2	None
267.5	0.25	90.0	A4	69.0	True	90.0	1.5	173.0	ii	False	('C#', 'E', 'G#')	C#	C#	0.0	minor triad	(1, 4, 8)	b	b	2	None
267.75	0.25	90.0	C#5	73.0	True	90.0	1.5	173.0	ii	False	('C#', 'E', 'G#')	C#	C#	0.0	minor triad	(1, 4, 8)	b	b	2	None
268.0	0.25	90.0	F#4	66.0	True	90.0	1.5	173.0	ii	False	('C#', 'E', 'G#')	C#	C#	0.0	minor triad	(1, 4, 8)	b	b	2	None
268.25	0.25	90.0	C#5	73.0	True	90.0	1.5	173.0	ii	False	('C#', 'E', 'G#')	C#	C#	0.0	minor triad	(1, 4, 8)	b	b	2	None
268.5	0.25	90.0	G#4	68.0	True	90.0	1.5	174.0	V7	True	('F#', 'A#', 'C#', 'E')	F#	F#	0.0	dominant seventh chord	(1, 4, 6, 10)	b	b	5	None
268.5	1.0	90.0	C#5	73.0	True	90.0	1.5	174.0	V7	True	('F#', 'A#', 'C#', 'E')	F#	F#	0.0	dominant seventh chord	(1, 4, 6, 10)	b	b	5	None
268.5	1.0	90.0	B4	71.0	True	90.0	1.5	174.0	V7	True	('F#', 'A#', 'C#', 'E')	F#	F#	0.0	dominant seventh chord	(1, 4, 6, 10)	b	b	5	None
268.5	1.0	90.0	E#3	53.0	True	90.0	1.5	174.0	V7	True	('F#', 'A#', 'C#', 'E')	F#	F#	0.0	dominant seventh chord	(1, 4, 6, 10)	b	b	5	None
268.75	0.25	90.0	C#5	73.0	True	90.0	1.5	174.0	V7	False	('F#', 'A#', 'C#', 'E')	F#	F#	0.0	dominant seventh chord	(1, 4, 6, 10)	b	b	5	None
269.0	0.25	90.0	E#5	77.0	True	90.0	1.5	174.0	V7	False	('F#', 'A#', 'C#', 'E')	F#	F#	0.0	dominant seventh chord	(1, 4, 6, 10)	b	b	5	None
269.25	0.25	90.0	C#5	73.0	True	90.0	1.5	174.0	V7	False	('F#', 'A#', 'C#', 'E')	F#	F#	0.0	dominant seventh chord	(1, 4, 6, 10)	b	b	5	None
269.5	0.25	90.0	C#6	85.0	True	90.0	1.5	174.0	V7	False	('F#', 'A#', 'C#', 'E')	F#	F#	0.0	dominant seventh chord	(1, 4, 6, 10)	b	b	5	None
269.75	0.25	90.0	C#5	73.0	True	90.0	1.5	174.0	V7	False	('F#', 'A#', 'C#', 'E')	F#	F#	0.0	dominant seventh chord	(1, 4, 6, 10)	b	b	5	None
270.0	1.0	91.0	C#5	73.0	True	91.0	1.5	175.0	ii	True	('C#', 'E', 'G#')	C#	C#	0.0	minor triad	(1, 4, 8)	b	b	2	None
270.0	1.0	91.0	A4	69.0	True	91.0	1.5	175.0	ii	True	('C#', 'E', 'G#')	C#	C#	0.0	minor triad	(1, 4, 8)	b	b	2	None
270.0	1.0	91.0	F#3	54.0	True	91.0	1.5	175.0	ii	True	('C#', 'E', 'G#')	C#	C#	0.0	minor triad	(1, 4, 8)	b	b	2	None
270.0	0.25	91.0	A5	81.0	True	91.0	1.5	175.0	ii	True	('C#', 'E', 'G#')	C#	C#	0.0	minor triad	(1, 4, 8)	b	b	2	None
270.25	0.25	91.0	C#5	73.0	True	91.0	1.5	175.0	ii	False	('C#', 'E', 'G#')	C#	C#	0.0	minor triad	(1, 4, 8)	b	b	2	None
270.5	0.25	91.0	A4	69.0	True	91.0	1.5	175.0	ii	False	('C#', 'E', 'G#')	C#	C#	0.0	minor triad	(1, 4, 8)	b	b	2	None
270.75	0.25	91.0	C#5	73.0	True	91.0	1.5	175.0	ii	False	('C#', 'E', 'G#')	C#	C#	0.0	minor triad	(1, 4, 8)	b	b	2	None
271.0	0.25	91.0	F#4	66.0	True	91.0	1.5	175.0	ii	False	('C#', 'E', 'G#')	C#	C#	0.0	minor triad	(1, 4, 8)	b	b	2	None
271.25	0.25	91.0	C#5	73.0	True	91.0	1.5	175.0	ii	False	('C#', 'E', 'G#')	C#	C#	0.0	minor triad	(1, 4, 8)	b	b	2	None
271.5	1.0	91.0	E#3	53.0	True	91.0	1.5	176.0	V7	True	('F#', 'A#', 'C#', 'E')	F#	F#	0.0	dominant seventh chord	(1, 4, 6, 10)	b	b	5	None
271.5	1.0	91.0	C#5	73.0	True	91.0	1.5	176.0	V7	True	('F#', 'A#', 'C#', 'E')	F#	F#	0.0	dominant seventh chord	(1, 4, 6, 10)	b	b	5	None
271.5	0.25	91.0	G#4	68.0	True	91.0	1.5	176.0	V7	True	('F#', 'A#', 'C#', 'E')	F#	F#	0.0	dominant seventh chord	(1, 4, 6, 10)	b	b	5	None
271.5	1.0	91.0	B4	71.0	True	91.0	1.5	176.0	V7	True	('F#', 'A#', 'C#', 'E')	F#	F#	0.0	dominant seventh chord	(1, 4, 6, 10)	b	b	5	None
271.75	0.25	91.0	C#5	73.0	True	91.0	1.5	176.0	V7	False	('F#', 'A#', 'C#', 'E')	F#	F#	0.0	dominant seventh chord	(1, 4, 6, 10)	b	b	5	None
272.0	0.25	91.0	E#5	77.0	True	91.0	1.5	176.0	V7	False	('F#', 'A#', 'C#', 'E')	F#	F#	0.0	dominant seventh chord	(1, 4, 6, 10)	b	b	5	None
272.25	0.25	91.0	C#5	73.0	True	91.0	1.5	176.0	V7	False	('F#', 'A#', 'C#', 'E')	F#	F#	0.0	dominant seventh chord	(1, 4, 6, 10)	b	b	5	None
272.5	0.25	91.0	C#6	85.0	True	91.0	1.5	176.0	V7	False	('F#', 'A#', 'C#', 'E')	F#	F#	0.0	dominant seventh chord	(1, 4, 6, 10)	b	b	5	None
272.75	0.25	91.0	C#5	73.0	True	91.0	1.5	176.0	V7	False	('F#', 'A#', 'C#', 'E')	F#	F#	0.0	dominant seventh chord	(1, 4, 6, 10)	b	b	5	None
273.0	1.0	92.0	A4	69.0	True	92.0	1.5	177.0	ii	True	('C#', 'E', 'G#')	C#	C#	0.0	minor triad	(1, 4, 8)	b	b	2	None
273.0	1.0	92.0	F#3	54.0	True	92.0	1.5	177.0	ii	True	('C#', 'E', 'G#')	C#	C#	0.0	minor triad	(1, 4, 8)	b	b	2	None
273.0	1.0	92.0	C#5	73.0	True	92.0	1.5	177.0	ii	True	('C#', 'E', 'G#')	C#	C#	0.0	minor triad	(1, 4, 8)	b	b	2	None
273.0	0.25	92.0	A5	81.0	True	92.0	1.5	177.0	ii	True	('C#', 'E', 'G#')	C#	C#	0.0	minor triad	(1, 4, 8)	b	b	2	None
273.25	0.25	92.0	C#5	73.0	True	92.0	1.5	177.0	ii	False	('C#', 'E', 'G#')	C#	C#	0.0	minor triad	(1, 4, 8)	b	b	2	None
273.5	0.25	92.0	A4	69.0	True	92.0	1.5	177.0	ii	False	('C#', 'E', 'G#')	C#	C#	0.0	minor triad	(1, 4, 8)	b	b	2	None
273.75	0.25	92.0	C#5	73.0	True	92.0	1.5	177.0	ii	False	('C#', 'E', 'G#')	C#	C#	0.0	minor triad	(1, 4, 8)	b	b	2	None
274.0	0.25	92.0	F#4	66.0	True	92.0	1.5	177.0	ii	False	('C#', 'E', 'G#')	C#	C#	0.0	minor triad	(1, 4, 8)	b	b	2	None
274.25	0.25	92.0	C#5	73.0	True	92.0	1.5	177.0	ii	False	('C#', 'E', 'G#')	C#	C#	0.0	minor triad	(1, 4, 8)	b	b	2	None
274.5	1.0	92.0	C#5	73.0	True	92.0	1.5	178.0	V7	True	('F#', 'A#', 'C#', 'E')	F#	F#	0.0	dominant seventh chord	(1, 4, 6, 10)	b	b	5	None
274.5	1.0	92.0	B4	71.0	True	92.0	1.5	178.0	V7	True	('F#', 'A#', 'C#', 'E')	F#	F#	0.0	dominant seventh chord	(1, 4, 6, 10)	b	b	5	None
274.5	1.0	92.0	E#3	53.0	True	92.0	1.5	178.0	V7	True	('F#', 'A#', 'C#', 'E')	F#	F#	0.0	dominant seventh chord	(1, 4, 6, 10)	b	b	5	None
274.5	0.25	92.0	G#4	68.0	True	92.0	1.5	178.0	V7	True	('F#', 'A#', 'C#', 'E')	F#	F#	0.0	dominant seventh chord	(1, 4, 6, 10)	b	b	5	None
274.75	0.25	92.0	C#5	73.0	True	92.0	1.5	178.0	V7	False	('F#', 'A#', 'C#', 'E')	F#	F#	0.0	dominant seventh chord	(1, 4, 6, 10)	b	b	5	None
275.0	0.25	92.0	E#5	77.0	True	92.0	1.5	178.0	V7	False	('F#', 'A#', 'C#', 'E')	F#	F#	0.0	dominant seventh chord	(1, 4, 6, 10)	b	b	5	None
275.25	0.25	92.0	C#5	73.0	True	92.0	1.5	178.0	V7	False	('F#', 'A#', 'C#', 'E')	F#	F#	0.0	dominant seventh chord	(1, 4, 6, 10)	b	b	5	None
275.5	0.25	92.0	C#6	85.0	True	92.0	1.5	178.0	V7	False	('F#', 'A#', 'C#', 'E')	F#	F#	0.0	dominant seventh chord	(1, 4, 6, 10)	b	b	5	None
275.75	0.25	92.0	C#5	73.0	True	92.0	1.5	178.0	V7	False	('F#', 'A#', 'C#', 'E')	F#	F#	0.0	dominant seventh chord	(1, 4, 6, 10)	b	b	5	None
276.0	0.25	93.0	A5	81.0	True	93.0	1.5	179.0	ii	True	('C#', 'E', 'G#')	C#	C#	0.0	minor triad	(1, 4, 8)	b	b	2	None
276.0	1.0	93.0	C#5	73.0	True	93.0	1.5	179.0	ii	True	('C#', 'E', 'G#')	C#	C#	0.0	minor triad	(1, 4, 8)	b	b	2	None
276.0	1.0	93.0	F#4	66.0	True	93.0	1.5	179.0	ii	True	('C#', 'E', 'G#')	C#	C#	0.0	minor triad	(1, 4, 8)	b	b	2	None
276.0	1.0	93.0	F#3	54.0	True	93.0	1.5	179.0	ii	True	('C#', 'E', 'G#')	C#	C#	0.0	minor triad	(1, 4, 8)	b	b	2	None
276.25	0.25	93.0	C#5	73.0	True	93.0	1.5	179.0	ii	False	('C#', 'E', 'G#')	C#	C#	0.0	minor triad	(1, 4, 8)	b	b	2	None
276.5	0.25	93.0	A5	81.0	True	93.0	1.5	179.0	ii	False	('C#', 'E', 'G#')	C#	C#	0.0	minor triad	(1, 4, 8)	b	b	2	None
276.75	0.25	93.0	C#5	73.0	True	93.0	1.5	179.0	ii	False	('C#', 'E', 'G#')	C#	C#	0.0	minor triad	(1, 4, 8)	b	b	2	None
277.0	0.5	93.0	E4	64.0	True	93.0	1.5	179.0	ii	False	('C#', 'E', 'G#')	C#	C#	0.0	minor triad	(1, 4, 8)	b	b	2	None
277.0	0.25	93.0	A#5	82.0	True	93.0	1.5	179.0	ii	False	('C#', 'E', 'G#')	C#	C#	0.0	minor triad	(1, 4, 8)	b	b	2	None
277.25	0.25	93.0	C#5	73.0	True	93.0	1.5	179.0	ii	False	('C#', 'E', 'G#')	C#	C#	0.0	minor triad	(1, 4, 8)	b	b	2	None
277.5	1.0	93.0	D#4	63.0	True	93.0	1.5	180.0	V7	True	('F#', 'A#', 'C#', 'E')	F#	F#	0.0	dominant seventh chord	(1, 4, 6, 10)	b	b	5	None
277.5	0.25	93.0	B5	83.0	True	93.0	1.5	180.0	V7	True	('F#', 'A#', 'C#', 'E')	F#	F#	0.0	dominant seventh chord	(1, 4, 6, 10)	b	b	5	None
277.75	0.25	93.0	C#5	73.0	True	93.0	1.5	180.0	V7	False	('F#', 'A#', 'C#', 'E')	F#	F#	0.0	dominant seventh chord	(1, 4, 6, 10)	b	b	5	None
278.0	0.25	93.0	B5	83.0	True	93.0	1.5	180.0	V7	False	('F#', 'A#', 'C#', 'E')	F#	F#	0.0	dominant seventh chord	(1, 4, 6, 10)	b	b	5	None
278.25	0.25	93.0	C#5	73.0	True	93.0	1.5	180.0	V7	False	('F#', 'A#', 'C#', 'E')	F#	F#	0.0	dominant seventh chord	(1, 4, 6, 10)	b	b	5	None
278.5	0.25	93.0	B#5	84.0	True	93.0	1.5	180.0	V7	False	('F#', 'A#', 'C#', 'E')	F#	F#	0.0	dominant seventh chord	(1, 4, 6, 10)	b	b	5	None
278.5	0.5	93.0	F#4	66.0	True	93.0	1.5	180.0	V7	False	('F#', 'A#', 'C#', 'E')	F#	F#	0.0	dominant seventh chord	(1, 4, 6, 10)	b	b	5	None
278.5	0.5	93.0	D4	62.0	True	93.0	1.5	180.0	V7	False	('F#', 'A#', 'C#', 'E')	F#	F#	0.0	dominant seventh chord	(1, 4, 6, 10)	b	b	5	None
278.75	0.25	93.0	C#5	73.0	True	93.0	1.5	180.0	V7	False	('F#', 'A#', 'C#', 'E')	F#	F#	0.0	dominant seventh chord	(1, 4, 6, 10)	b	b	5	None
279.0	0.25	94.0	C#6	85.0	True	94.0	1.5	181.0	V	True	('F#', 'A#', 'C#')	F#	F#	0.0	major triad	(1, 6, 10)	b	b	5	None
279.0	1.0	94.0	E#4	65.0	True	94.0	1.5	181.0	V	True	('F#', 'A#', 'C#')	F#	F#	0.0	major triad	(1, 6, 10)	b	b	5	None
279.0	1.0	94.0	C#4	61.0	True	94.0	1.5	181.0	V	True	('F#', 'A#', 'C#')	F#	F#	0.0	major triad	(1, 6, 10)	b	b	5	None
279.0	1.0	94.0	C#3	49.0	True	94.0	1.5	181.0	V	True	('F#', 'A#', 'C#')	F#	F#	0.0	major triad	(1, 6, 10)	b	b	5	None
279.25	0.25	94.0	C#5	73.0	True	94.0	1.5	181.0	V	False	('F#', 'A#', 'C#')	F#	F#	0.0	major triad	(1, 6, 10)	b	b	5	None
279.5	0.25	94.0	C#6	85.0	True	94.0	1.5	181.0	V	False	('F#', 'A#', 'C#')	F#	F#	0.0	major triad	(1, 6, 10)	b	b	5	None
279.75	0.25	94.0	C#5	73.0	True	94.0	1.5	181.0	V	False	('F#', 'A#', 'C#')	F#	F#	0.0	major triad	(1, 6, 10)	b	b	5	None
280.0	0.5	94.0	E#4	65.0	True	94.0	1.5	181.0	V	False	('F#', 'A#', 'C#')	F#	F#	0.0	major triad	(1, 6, 10)	b	b	5	None
280.0	0.25	94.0	G#5	80.0	True	94.0	1.5	181.0	V	False	('F#', 'A#', 'C#')	F#	F#	0.0	major triad	(1, 6, 10)	b	b	5	None
280.25	0.25	94.0	C#5	73.0	True	94.0	1.5	181.0	V	False	('F#', 'A#', 'C#')	F#	F#	0.0	major triad	(1, 6, 10)	b	b	5	None
280.5	1.0	94.0	F#4	66.0	True	94.0	1.5	182.0	i	True	('B', 'D', 'F#')	B	B	0.0	minor triad	(2, 6, 11)	b	b	1	None
280.5	0.25	94.0	A5	81.0	True	94.0	1.5	182.0	i	True	('B', 'D', 'F#')	B	B	0.0	minor triad	(2, 6, 11)	b	b	1	None
280.75	0.25	94.0	C#5	73.0	True	94.0	1.5	182.0	i	False	('B', 'D', 'F#')	B	B	0.0	minor triad	(2, 6, 11)	b	b	1	None
281.0	0.25	94.0	A5	81.0	True	94.0	1.5	182.0	i	False	('B', 'D', 'F#')	B	B	0.0	minor triad	(2, 6, 11)	b	b	1	None
281.25	0.25	94.0	C#5	73.0	True	94.0	1.5	182.0	i	False	('B', 'D', 'F#')	B	B	0.0	minor triad	(2, 6, 11)	b	b	1	None
281.5	0.25	94.0	B#5	84.0	True	94.0	1.5	182.0	i	False	('B', 'D', 'F#')	B	B	0.0	minor triad	(2, 6, 11)	b	b	1	None
281.5	0.5	94.0	F#4	66.0	True	94.0	1.5	182.0	i	False	('B', 'D', 'F#')	B	B	0.0	minor triad	(2, 6, 11)	b	b	1	None
281.5	0.5	94.0	D4	62.0	True	94.0	1.5	182.0	i	False	('B', 'D', 'F#')	B	B	0.0	minor triad	(2, 6, 11)	b	b	1	None
281.75	0.25	94.0	C#5	73.0	True	94.0	1.5	182.0	i	False	('B', 'D', 'F#')	B	B	0.0	minor triad	(2, 6, 11)	b	b	1	None
282.0	1.0	95.0	E#4	65.0	True	95.0	1.5	183.0	V	True	('F#', 'A#', 'C#')	F#	F#	0.0	major triad	(1, 6, 10)	b	b	5	None
282.0	1.0	95.0	C#4	61.0	True	95.0	1.5	183.0	V	True	('F#', 'A#', 'C#')	F#	F#	0.0	major triad	(1, 6, 10)	b	b	5	None
282.0	1.0	95.0	C#3	49.0	True	95.0	1.5	183.0	V	True	('F#', 'A#', 'C#')	F#	F#	0.0	major triad	(1, 6, 10)	b	b	5	None
282.0	0.25	95.0	C#6	85.0	True	95.0	1.5	183.0	V	True	('F#', 'A#', 'C#')	F#	F#	0.0	major triad	(1, 6, 10)	b	b	5	None
282.25	0.25	95.0	C#5	73.0	True	95.0	1.5	183.0	V	False	('F#', 'A#', 'C#')	F#	F#	0.0	major triad	(1, 6, 10)	b	b	5	None
282.5	0.25	95.0	C#6	85.0	True	95.0	1.5	183.0	V	False	('F#', 'A#', 'C#')	F#	F#	0.0	major triad	(1, 6, 10)	b	b	5	None
282.75	0.25	95.0	C#5	73.0	True	95.0	1.5	183.0	V	False	('F#', 'A#', 'C#')	F#	F#	0.0	major triad	(1, 6, 10)	b	b	5	None
283.0	0.5	95.0	E#4	65.0	True	95.0	1.5	183.0	V	False	('F#', 'A#', 'C#')	F#	F#	0.0	major triad	(1, 6, 10)	b	b	5	None
283.0	0.25	95.0	G#5	80.0	True	95.0	1.5	183.0	V	False	('F#', 'A#', 'C#')	F#	F#	0.0	major triad	(1, 6, 10)	b	b	5	None
283.25	0.25	95.0	C#5	73.0	True	95.0	1.5	183.0	V	False	('F#', 'A#', 'C#')	F#	F#	0.0	major triad	(1, 6, 10)	b	b	5	None
283.5	1.0	95.0	F#4	66.0	True	95.0	1.5	184.0	i	True	('B', 'D', 'F#')	B	B	0.0	minor triad	(2, 6, 11)	b	b	1	None
283.5	0.25	95.0	A5	81.0	True	95.0	1.5	184.0	i	True	('B', 'D', 'F#')	B	B	0.0	minor triad	(2, 6, 11)	b	b	1	None
283.75	0.25	95.0	C#5	73.0	True	95.0	1.5	184.0	i	False	('B', 'D', 'F#')	B	B	0.0	minor triad	(2, 6, 11)	b	b	1	None
284.0	0.25	95.0	A5	81.0	True	95.0	1.5	184.0	i	False	('B', 'D', 'F#')	B	B	0.0	minor triad	(2, 6, 11)	b	b	1	None
284.25	0.25	95.0	C#5	73.0	True	95.0	1.5	184.0	i	False	('B', 'D', 'F#')	B	B	0.0	minor triad	(2, 6, 11)	b	b	1	None
284.5	0.25	95.0	B#5	84.0	True	95.0	1.5	184.0	i	False	('B', 'D', 'F#')	B	B	0.0	minor triad	(2, 6, 11)	b	b	1	None
284.5	0.5	95.0	F#4	66.0	True	95.0	1.5	184.0	i	False	('B', 'D', 'F#')	B	B	0.0	minor triad	(2, 6, 11)	b	b	1	None
284.5	0.5	95.0	D4	62.0	True	95.0	1.5	184.0	i	False	('B', 'D', 'F#')	B	B	0.0	minor triad	(2, 6, 11)	b	b	1	None
284.75	0.25	95.0	C#5	73.0	True	95.0	1.5	184.0	i	False	('B', 'D', 'F#')	B	B	0.0	minor triad	(2, 6, 11)	b	b	1	None
285.0	1.0	96.0	C#3	49.0	True	96.0	3.0	185.0	V	True	('F#', 'A#', 'C#')	F#	F#	0.0	major triad	(1, 6, 10)	b	b	5	None
285.0	1.0	96.0	C#4	61.0	True	96.0	3.0	185.0	V	True	('F#', 'A#', 'C#')	F#	F#	0.0	major triad	(1, 6, 10)	b	b	5	None
285.0	0.25	96.0	C#6	85.0	True	96.0	3.0	185.0	V	True	('F#', 'A#', 'C#')	F#	F#	0.0	major triad	(1, 6, 10)	b	b	5	None
285.0	1.0	96.0	E#4	65.0	True	96.0	3.0	185.0	V	True	('F#', 'A#', 'C#')	F#	F#	0.0	major triad	(1, 6, 10)	b	b	5	None
285.25	0.25	96.0	C#5	73.0	True	96.0	3.0	185.0	V	False	('F#', 'A#', 'C#')	F#	F#	0.0	major triad	(1, 6, 10)	b	b	5	None
285.5	0.25	96.0	C#6	85.0	True	96.0	3.0	185.0	V	False	('F#', 'A#', 'C#')	F#	F#	0.0	major triad	(1, 6, 10)	b	b	5	None
285.75	0.25	96.0	C#5	73.0	True	96.0	3.0	185.0	V	False	('F#', 'A#', 'C#')	F#	F#	0.0	major triad	(1, 6, 10)	b	b	5	None
286.0	0.25	96.0	C#6	85.0	True	96.0	3.0	185.0	V	False	('F#', 'A#', 'C#')	F#	F#	0.0	major triad	(1, 6, 10)	b	b	5	None
286.25	0.25	96.0	C#5	73.0	True	96.0	3.0	185.0	V	False	('F#', 'A#', 'C#')	F#	F#	0.0	major triad	(1, 6, 10)	b	b	5	None
286.5	0.25	96.0	C#6	85.0	True	96.0	3.0	185.0	V	False	('F#', 'A#', 'C#')	F#	F#	0.0	major triad	(1, 6, 10)	b	b	5	None
286.75	0.25	96.0	C#5	73.0	True	96.0	3.0	185.0	V	False	('F#', 'A#', 'C#')	F#	F#	0.0	major triad	(1, 6, 10)	b	b	5	None
287.0	0.25	96.0	C#6	85.0	True	96.0	3.0	185.0	V	False	('F#', 'A#', 'C#')	F#	F#	0.0	major triad	(1, 6, 10)	b	b	5	None
287.25	0.25	96.0	C#5	73.0	True	96.0	3.0	185.0	V	False	('F#', 'A#', 'C#')	F#	F#	0.0	major triad	(1, 6, 10)	b	b	5	None
287.5	0.25	96.0	C#6	85.0	True	96.0	3.0	185.0	V	False	('F#', 'A#', 'C#')	F#	F#	0.0	major triad	(1, 6, 10)	b	b	5	None
287.75	0.25	96.0	C#5	73.0	True	96.0	3.0	185.0	V	False	('F#', 'A#', 'C#')	F#	F#	0.0	major triad	(1, 6, 10)	b	b	5	None
288.0	3.0	97.0	G#4	68.0	True	97.0	3.0	186.0	viio7	True	('A#', 'C#', 'E', 'G')	A#	A#	0.0	diminished seventh chord	(1, 4, 7, 10)	b	b	#7	None
288.0	3.0	97.0	E#4	65.0	True	97.0	3.0	186.0	viio7	True	('A#', 'C#', 'E', 'G')	A#	A#	0.0	diminished seventh chord	(1, 4, 7, 10)	b	b	#7	None
288.0	3.0	97.0	B2	47.0	True	97.0	3.0	186.0	viio7	True	('A#', 'C#', 'E', 'G')	A#	A#	0.0	diminished seventh chord	(1, 4, 7, 10)	b	b	#7	None
288.0	0.5	97.0	D5	74.0	True	97.0	3.0	186.0	viio7	True	('A#', 'C#', 'E', 'G')	A#	A#	0.0	diminished seventh chord	(1, 4, 7, 10)	b	b	#7	None
288.5	0.5	97.0	D6	86.0	True	97.0	3.0	186.0	viio7	False	('A#', 'C#', 'E', 'G')	A#	A#	0.0	diminished seventh chord	(1, 4, 7, 10)	b	b	#7	None
289.0	0.5	97.0	D6	86.0	True	97.0	3.0	186.0	viio7	False	('A#', 'C#', 'E', 'G')	A#	A#	0.0	diminished seventh chord	(1, 4, 7, 10)	b	b	#7	None
289.5	0.5	97.0	D6	86.0	True	97.0	3.0	186.0	viio7	False	('A#', 'C#', 'E', 'G')	A#	A#	0.0	diminished seventh chord	(1, 4, 7, 10)	b	b	#7	None
290.0	0.25	97.0	B5	83.0	True	97.0	3.0	186.0	viio7	False	('A#', 'C#', 'E', 'G')	A#	A#	0.0	diminished seventh chord	(1, 4, 7, 10)	b	b	#7	None
290.25	0.125	97.0	A#5	82.0	True	97.0	3.0	186.0	viio7	False	('A#', 'C#', 'E', 'G')	A#	A#	0.0	diminished seventh chord	(1, 4, 7, 10)	b	b	#7	None
290.375	0.125	97.0	B5	83.0	True	97.0	3.0	186.0	viio7	False	('A#', 'C#', 'E', 'G')	A#	A#	0.0	diminished seventh chord	(1, 4, 7, 10)	b	b	#7	None
290.5	0.5	97.0	D6	86.0	True	97.0	3.0	186.0	viio7	False	('A#', 'C#', 'E', 'G')	A#	A#	0.0	diminished seventh chord	(1, 4, 7, 10)	b	b	#7	None
291.0	0.25	98.0	E#5	77.0	True	98.0	3.0	187.0	viio7	True	('A#', 'C#', 'E', 'G')	A#	A#	0.0	diminished seventh chord	(1, 4, 7, 10)	b	b	#7	None
291.0	3.0	98.0	G#4	68.0	False	98.0	3.0	187.0	viio7	True	('A#', 'C#', 'E', 'G')	A#	A#	0.0	diminished seventh chord	(1, 4, 7, 10)	b	b	#7	None
291.0	3.0	98.0	E#4	65.0	False	98.0	3.0	187.0	viio7	True	('A#', 'C#', 'E', 'G')	A#	A#	0.0	diminished seventh chord	(1, 4, 7, 10)	b	b	#7	None
291.0	3.0	98.0	B2	47.0	False	98.0	3.0	187.0	viio7	True	('A#', 'C#', 'E', 'G')	A#	A#	0.0	diminished seventh chord	(1, 4, 7, 10)	b	b	#7	None
291.25	0.125	98.0	D#5	75.0	True	98.0	3.0	187.0	viio7	False	('A#', 'C#', 'E', 'G')	A#	A#	0.0	diminished seventh chord	(1, 4, 7, 10)	b	b	#7	None
291.375	0.125	98.0	E#5	77.0	True	98.0	3.0	187.0	viio7	False	('A#', 'C#', 'E', 'G')	A#	A#	0.0	diminished seventh chord	(1, 4, 7, 10)	b	b	#7	None
291.5	0.5	98.0	G#5	80.0	True	98.0	3.0	187.0	viio7	False	('A#', 'C#', 'E', 'G')	A#	A#	0.0	diminished seventh chord	(1, 4, 7, 10)	b	b	#7	None
292.0	0.25	98.0	B4	71.0	True	98.0	3.0	187.0	viio7	False	('A#', 'C#', 'E', 'G')	A#	A#	0.0	diminished seventh chord	(1, 4, 7, 10)	b	b	#7	None
292.25	0.125	98.0	A#4	70.0	True	98.0	3.0	187.0	viio7	False	('A#', 'C#', 'E', 'G')	A#	A#	0.0	diminished seventh chord	(1, 4, 7, 10)	b	b	#7	None
292.375	0.125	98.0	B4	71.0	True	98.0	3.0	187.0	viio7	False	('A#', 'C#', 'E', 'G')	A#	A#	0.0	diminished seventh chord	(1, 4, 7, 10)	b	b	#7	None
292.5	0.5	98.0	D5	74.0	True	98.0	3.0	187.0	viio7	False	('A#', 'C#', 'E', 'G')	A#	A#	0.0	diminished seventh chord	(1, 4, 7, 10)	b	b	#7	None
293.0	0.25	98.0	G#4	68.0	True	98.0	3.0	187.0	viio7	False	('A#', 'C#', 'E', 'G')	A#	A#	0.0	diminished seventh chord	(1, 4, 7, 10)	b	b	#7	None
293.25	0.125	98.0	F#4	66.0	True	98.0	3.0	187.0	viio7	False	('A#', 'C#', 'E', 'G')	A#	A#	0.0	diminished seventh chord	(1, 4, 7, 10)	b	b	#7	None
293.375	0.125	98.0	G#4	68.0	True	98.0	3.0	187.0	viio7	False	('A#', 'C#', 'E', 'G')	A#	A#	0.0	diminished seventh chord	(1, 4, 7, 10)	b	b	#7	None
293.5	0.5	98.0	B4	71.0	True	98.0	3.0	187.0	viio7	False	('A#', 'C#', 'E', 'G')	A#	A#	0.0	diminished seventh chord	(1, 4, 7, 10)	b	b	#7	None
294.0	3.0	99.0	E#2	41.0	True	99.0	3.0	188.0	viio7	True	('A#', 'C#', 'E', 'G')	A#	A#	0.0	diminished seventh chord	(1, 4, 7, 10)	b	b	#7	None
294.0	2.0	99.0	D4	62.0	True	99.0	3.0	188.0	viio7	True	('A#', 'C#', 'E', 'G')	A#	A#	0.0	diminished seventh chord	(1, 4, 7, 10)	b	b	#7	None
294.0	3.0	99.0	B3	59.0	True	99.0	3.0	188.0	viio7	True	('A#', 'C#', 'E', 'G')	A#	A#	0.0	diminished seventh chord	(1, 4, 7, 10)	b	b	#7	None
294.0	3.0	99.0	G#3	56.0	True	99.0	3.0	188.0	viio7	True	('A#', 'C#', 'E', 'G')	A#	A#	0.0	diminished seventh chord	(1, 4, 7, 10)	b	b	#7	None
296.0	0.5	99.0	C#4	61.0	True	99.0	3.0	188.0	viio7	False	('A#', 'C#', 'E', 'G')	A#	A#	0.0	diminished seventh chord	(1, 4, 7, 10)	b	b	#7	None
296.5	0.5	99.0	B3	59.0	True	99.0	3.0	188.0	viio7	False	('A#', 'C#', 'E', 'G')	A#	A#	0.0	diminished seventh chord	(1, 4, 7, 10)	b	b	#7	None
297.0	0.25	100.0	A3	57.0	True	100.0	1.5	189.0	i	True	('B', 'D', 'F#')	B	B	0.0	minor triad	(2, 6, 11)	b	b	1	None
297.0	1.0	100.0	A3	57.0	True	100.0	1.5	189.0	i	True	('B', 'D', 'F#')	B	B	0.0	minor triad	(2, 6, 11)	b	b	1	None
297.0	1.0	100.0	A3	57.0	True	100.0	1.5	189.0	i	True	('B', 'D', 'F#')	B	B	0.0	minor triad	(2, 6, 11)	b	b	1	None
297.0	1.0	100.0	F#2	42.0	True	100.0	1.5	189.0	i	True	('B', 'D', 'F#')	B	B	0.0	minor triad	(2, 6, 11)	b	b	1	None
297.25	0.25	100.0	F#4	66.0	True	100.0	1.5	189.0	i	False	('B', 'D', 'F#')	B	B	0.0	minor triad	(2, 6, 11)	b	b	1	None
297.5	0.25	100.0	A4	69.0	True	100.0	1.5	189.0	i	False	('B', 'D', 'F#')	B	B	0.0	minor triad	(2, 6, 11)	b	b	1	None
297.75	0.25	100.0	F#4	66.0	True	100.0	1.5	189.0	i	False	('B', 'D', 'F#')	B	B	0.0	minor triad	(2, 6, 11)	b	b	1	None
298.0	0.25	100.0	A4	69.0	True	100.0	1.5	189.0	i	False	('B', 'D', 'F#')	B	B	0.0	minor triad	(2, 6, 11)	b	b	1	None
298.25	0.25	100.0	F#4	66.0	True	100.0	1.5	189.0	i	False	('B', 'D', 'F#')	B	B	0.0	minor triad	(2, 6, 11)	b	b	1	None
298.5	0.5	100.0	G#4	68.0	True	100.0	1.5	190.0	iio	True	('C#', 'E', 'G')	C#	C#	0.0	diminished triad	(1, 4, 7)	b	b	2	None
298.5	1.0	100.0	B3	59.0	True	100.0	1.5	190.0	iio	True	('C#', 'E', 'G')	C#	C#	0.0	diminished triad	(1, 4, 7)	b	b	2	None
298.5	1.0	100.0	B3	59.0	True	100.0	1.5	190.0	iio	True	('C#', 'E', 'G')	C#	C#	0.0	diminished triad	(1, 4, 7)	b	b	2	None
298.5	1.0	100.0	B2	47.0	True	100.0	1.5	190.0	iio	True	('C#', 'E', 'G')	C#	C#	0.0	diminished triad	(1, 4, 7)	b	b	2	None
299.0	0.5	100.0	B4	71.0	True	100.0	1.5	190.0	iio	False	('C#', 'E', 'G')	C#	C#	0.0	diminished triad	(1, 4, 7)	b	b	2	None
299.5	0.5	100.0	D5	74.0	True	100.0	1.5	190.0	iio	False	('C#', 'E', 'G')	C#	C#	0.0	diminished triad	(1, 4, 7)	b	b	2	None
300.0	1.0	101.0	C#3	49.0	True	101.0	1.5	191.0	V7	True	('F#', 'A#', 'C#', 'E')	F#	F#	0.0	dominant seventh chord	(1, 4, 6, 10)	b	b	5	None
300.0	1.0	101.0	C#4	61.0	True	101.0	1.5	191.0	V7	True	('F#', 'A#', 'C#', 'E')	F#	F#	0.0	dominant seventh chord	(1, 4, 6, 10)	b	b	5	None
300.0	0.25	101.0	C#4	61.0	True	101.0	1.5	191.0	V7	True	('F#', 'A#', 'C#', 'E')	F#	F#	0.0	dominant seventh chord	(1, 4, 6, 10)	b	b	5	None
300.0	1.0	101.0	C#4	61.0	True	101.0	1.5	191.0	V7	True	('F#', 'A#', 'C#', 'E')	F#	F#	0.0	dominant seventh chord	(1, 4, 6, 10)	b	b	5	None
300.25	0.25	101.0	E#4	65.0	True	101.0	1.5	191.0	V7	False	('F#', 'A#', 'C#', 'E')	F#	F#	0.0	dominant seventh chord	(1, 4, 6, 10)	b	b	5	None
300.5	0.25	101.0	G#4	68.0	True	101.0	1.5	191.0	V7	False	('F#', 'A#', 'C#', 'E')	F#	F#	0.0	dominant seventh chord	(1, 4, 6, 10)	b	b	5	None
300.75	0.25	101.0	E#4	65.0	True	101.0	1.5	191.0	V7	False	('F#', 'A#', 'C#', 'E')	F#	F#	0.0	dominant seventh chord	(1, 4, 6, 10)	b	b	5	None
301.0	0.25	101.0	G#4	68.0	True	101.0	1.5	191.0	V7	False	('F#', 'A#', 'C#', 'E')	F#	F#	0.0	dominant seventh chord	(1, 4, 6, 10)	b	b	5	None
301.25	0.25	101.0	E#4	65.0	True	101.0	1.5	191.0	V7	False	('F#', 'A#', 'C#', 'E')	F#	F#	0.0	dominant seventh chord	(1, 4, 6, 10)	b	b	5	None
301.5	1.0	101.0	D3	50.0	True	101.0	1.5	192.0	VI	True	('G', 'B', 'D')	G	G	0.0	major triad	(2, 7, 11)	b	b	6	None
301.5	1.0	101.0	D4	62.0	True	101.0	1.5	192.0	VI	True	('G', 'B', 'D')	G	G	0.0	major triad	(2, 7, 11)	b	b	6	None
301.5	0.5	101.0	F#4	66.0	True	101.0	1.5	192.0	VI	True	('G', 'B', 'D')	G	G	0.0	major triad	(2, 7, 11)	b	b	6	None
301.5	1.0	101.0	D4	62.0	True	101.0	1.5	192.0	VI	True	('G', 'B', 'D')	G	G	0.0	major triad	(2, 7, 11)	b	b	6	None
302.0	0.5	101.0	A4	69.0	True	101.0	1.5	192.0	VI	False	('G', 'B', 'D')	G	G	0.0	major triad	(2, 7, 11)	b	b	6	None
302.5	0.5	101.0	C#5	73.0	True	101.0	1.5	192.0	VI	False	('G', 'B', 'D')	G	G	0.0	major triad	(2, 7, 11)	b	b	6	None
303.0	0.25	102.0	A3	57.0	True	102.0	1.5	193.0	i	True	('B', 'D', 'F#')	B	B	0.0	minor triad	(2, 6, 11)	b	b	1	None
303.0	1.0	102.0	A3	57.0	True	102.0	1.5	193.0	i	True	('B', 'D', 'F#')	B	B	0.0	minor triad	(2, 6, 11)	b	b	1	None
303.0	1.0	102.0	A3	57.0	True	102.0	1.5	193.0	i	True	('B', 'D', 'F#')	B	B	0.0	minor triad	(2, 6, 11)	b	b	1	None
303.0	1.0	102.0	A2	45.0	True	102.0	1.5	193.0	i	True	('B', 'D', 'F#')	B	B	0.0	minor triad	(2, 6, 11)	b	b	1	None
303.25	0.25	102.0	F#4	66.0	True	102.0	1.5	193.0	i	False	('B', 'D', 'F#')	B	B	0.0	minor triad	(2, 6, 11)	b	b	1	None
303.5	0.25	102.0	A4	69.0	True	102.0	1.5	193.0	i	False	('B', 'D', 'F#')	B	B	0.0	minor triad	(2, 6, 11)	b	b	1	None
303.75	0.25	102.0	F#4	66.0	True	102.0	1.5	193.0	i	False	('B', 'D', 'F#')	B	B	0.0	minor triad	(2, 6, 11)	b	b	1	None
304.0	0.25	102.0	A4	69.0	True	102.0	1.5	193.0	i	False	('B', 'D', 'F#')	B	B	0.0	minor triad	(2, 6, 11)	b	b	1	None
304.25	0.25	102.0	F#4	66.0	True	102.0	1.5	193.0	i	False	('B', 'D', 'F#')	B	B	0.0	minor triad	(2, 6, 11)	b	b	1	None
304.5	0.5	102.0	G#4	68.0	True	102.0	1.5	194.0	iio	True	('C#', 'E', 'G')	C#	C#	0.0	diminished triad	(1, 4, 7)	b	b	2	None
304.5	1.0	102.0	B3	59.0	True	102.0	1.5	194.0	iio	True	('C#', 'E', 'G')	C#	C#	0.0	diminished triad	(1, 4, 7)	b	b	2	None
304.5	1.0	102.0	B3	59.0	True	102.0	1.5	194.0	iio	True	('C#', 'E', 'G')	C#	C#	0.0	diminished triad	(1, 4, 7)	b	b	2	None
304.5	1.0	102.0	B2	47.0	True	102.0	1.5	194.0	iio	True	('C#', 'E', 'G')	C#	C#	0.0	diminished triad	(1, 4, 7)	b	b	2	None
305.0	0.5	102.0	B4	71.0	True	102.0	1.5	194.0	iio	False	('C#', 'E', 'G')	C#	C#	0.0	diminished triad	(1, 4, 7)	b	b	2	None
305.5	0.5	102.0	D5	74.0	True	102.0	1.5	194.0	iio	False	('C#', 'E', 'G')	C#	C#	0.0	diminished triad	(1, 4, 7)	b	b	2	None
306.0	1.0	103.0	C#3	49.0	True	103.0	1.5	195.0	V	True	('F#', 'A#', 'C#')	F#	F#	0.0	major triad	(1, 6, 10)	b	b	5	None
306.0	1.0	103.0	C#4	61.0	True	103.0	1.5	195.0	V	True	('F#', 'A#', 'C#')	F#	F#	0.0	major triad	(1, 6, 10)	b	b	5	None
306.0	0.25	103.0	C#4	61.0	True	103.0	1.5	195.0	V	True	('F#', 'A#', 'C#')	F#	F#	0.0	major triad	(1, 6, 10)	b	b	5	None
306.0	1.0	103.0	C#4	61.0	True	103.0	1.5	195.0	V	True	('F#', 'A#', 'C#')	F#	F#	0.0	major triad	(1, 6, 10)	b	b	5	None
306.25	0.25	103.0	E#4	65.0	True	103.0	1.5	195.0	V	False	('F#', 'A#', 'C#')	F#	F#	0.0	major triad	(1, 6, 10)	b	b	5	None
306.5	0.25	103.0	G#4	68.0	True	103.0	1.5	195.0	V	False	('F#', 'A#', 'C#')	F#	F#	0.0	major triad	(1, 6, 10)	b	b	5	None
306.75	0.25	103.0	E#4	65.0	True	103.0	1.5	195.0	V	False	('F#', 'A#', 'C#')	F#	F#	0.0	major triad	(1, 6, 10)	b	b	5	None
307.0	0.25	103.0	G#4	68.0	True	103.0	1.5	195.0	V	False	('F#', 'A#', 'C#')	F#	F#	0.0	major triad	(1, 6, 10)	b	b	5	None
307.25	0.25	103.0	E#4	65.0	True	103.0	1.5	195.0	V	False	('F#', 'A#', 'C#')	F#	F#	0.0	major triad	(1, 6, 10)	b	b	5	None
307.5	0.5	103.0	F#4	66.0	True	103.0	1.5	196.0	i	True	('B', 'D', 'F#')	B	B	0.0	minor triad	(2, 6, 11)	b	b	1	None
307.5	1.0	103.0	F#4	66.0	True	103.0	1.5	196.0	i	True	('B', 'D', 'F#')	B	B	0.0	minor triad	(2, 6, 11)	b	b	1	None
307.5	1.0	103.0	F#4	66.0	True	103.0	1.5	196.0	i	True	('B', 'D', 'F#')	B	B	0.0	minor triad	(2, 6, 11)	b	b	1	None
307.5	1.0	103.0	F#3	54.0	True	103.0	1.5	196.0	i	True	('B', 'D', 'F#')	B	B	0.0	minor triad	(2, 6, 11)	b	b	1	None
308.5	0.5	103.0	C#5	73.0	True	103.0	1.5	196.0	i	False	('B', 'D', 'F#')	B	B	0.0	minor triad	(2, 6, 11)	b	b	1	None
309.0	0.5	104.0	F#4	66.0	True	104.0	1.5	197.0	i	True	('B', 'D', 'F#')	B	B	0.0	minor triad	(2, 6, 11)	b	b	1	None
309.0	0.5	104.0	F#5	78.0	True	104.0	1.5	197.0	i	True	('B', 'D', 'F#')	B	B	0.0	minor triad	(2, 6, 11)	b	b	1	None
309.0	0.5	104.0	C#5	73.0	True	104.0	1.5	197.0	i	True	('B', 'D', 'F#')	B	B	0.0	minor triad	(2, 6, 11)	b	b	1	None
309.0	0.5	104.0	A4	69.0	True	104.0	1.5	197.0	i	True	('B', 'D', 'F#')	B	B	0.0	minor triad	(2, 6, 11)	b	b	1	None
309.5	0.5	104.0	F#5	78.0	True	104.0	1.5	197.0	i	False	('B', 'D', 'F#')	B	B	0.0	minor triad	(2, 6, 11)	b	b	1	None
309.5	0.5	104.0	C#5	73.0	True	104.0	1.5	197.0	i	False	('B', 'D', 'F#')	B	B	0.0	minor triad	(2, 6, 11)	b	b	1	None
309.5	0.5	104.0	A4	69.0	True	104.0	1.5	197.0	i	False	('B', 'D', 'F#')	B	B	0.0	minor triad	(2, 6, 11)	b	b	1	None
309.5	0.5	104.0	F#4	66.0	True	104.0	1.5	197.0	i	False	('B', 'D', 'F#')	B	B	0.0	minor triad	(2, 6, 11)	b	b	1	None
310.0	0.5	104.0	F#5	78.0	True	104.0	1.5	197.0	i	False	('B', 'D', 'F#')	B	B	0.0	minor triad	(2, 6, 11)	b	b	1	None
310.0	0.5	104.0	C#5	73.0	True	104.0	1.5	197.0	i	False	('B', 'D', 'F#')	B	B	0.0	minor triad	(2, 6, 11)	b	b	1	None
310.0	0.5	104.0	A4	69.0	True	104.0	1.5	197.0	i	False	('B', 'D', 'F#')	B	B	0.0	minor triad	(2, 6, 11)	b	b	1	None
310.0	0.5	104.0	F#4	66.0	True	104.0	1.5	197.0	i	False	('B', 'D', 'F#')	B	B	0.0	minor triad	(2, 6, 11)	b	b	1	None
310.5	0.5	104.0	E#4	65.0	True	104.0	1.5	198.0	V	True	('F#', 'A#', 'C#')	F#	F#	0.0	major triad	(1, 6, 10)	b	b	5	None
310.5	0.5	104.0	C#5	73.0	True	104.0	1.5	198.0	V	True	('F#', 'A#', 'C#')	F#	F#	0.0	major triad	(1, 6, 10)	b	b	5	None
310.5	0.5	104.0	G#5	80.0	True	104.0	1.5	198.0	V	True	('F#', 'A#', 'C#')	F#	F#	0.0	major triad	(1, 6, 10)	b	b	5	None
310.5	0.5	104.0	G#4	68.0	True	104.0	1.5	198.0	V	True	('F#', 'A#', 'C#')	F#	F#	0.0	major triad	(1, 6, 10)	b	b	5	None
311.0	0.5	104.0	G#5	80.0	True	104.0	1.5	198.0	V	False	('F#', 'A#', 'C#')	F#	F#	0.0	major triad	(1, 6, 10)	b	b	5	None
311.0	0.5	104.0	C#5	73.0	True	104.0	1.5	198.0	V	False	('F#', 'A#', 'C#')	F#	F#	0.0	major triad	(1, 6, 10)	b	b	5	None
311.0	0.5	104.0	G#4	68.0	True	104.0	1.5	198.0	V	False	('F#', 'A#', 'C#')	F#	F#	0.0	major triad	(1, 6, 10)	b	b	5	None
311.0	0.5	104.0	E#4	65.0	True	104.0	1.5	198.0	V	False	('F#', 'A#', 'C#')	F#	F#	0.0	major triad	(1, 6, 10)	b	b	5	None
311.5	0.5	104.0	G#5	80.0	True	104.0	1.5	198.0	V	False	('F#', 'A#', 'C#')	F#	F#	0.0	major triad	(1, 6, 10)	b	b	5	None
311.5	0.5	104.0	C#5	73.0	True	104.0	1.5	198.0	V	False	('F#', 'A#', 'C#')	F#	F#	0.0	major triad	(1, 6, 10)	b	b	5	None
311.5	0.5	104.0	G#4	68.0	True	104.0	1.5	198.0	V	False	('F#', 'A#', 'C#')	F#	F#	0.0	major triad	(1, 6, 10)	b	b	5	None
311.5	0.5	104.0	E#4	65.0	True	104.0	1.5	198.0	V	False	('F#', 'A#', 'C#')	F#	F#	0.0	major triad	(1, 6, 10)	b	b	5	None
312.0	0.5	105.0	F#4	66.0	True	105.0	1.5	199.0	i	True	('B', 'D', 'F#')	B	B	0.0	minor triad	(2, 6, 11)	b	b	1	None
312.0	0.5	105.0	C#5	73.0	True	105.0	1.5	199.0	i	True	('B', 'D', 'F#')	B	B	0.0	minor triad	(2, 6, 11)	b	b	1	None
312.0	0.5	105.0	A5	81.0	True	105.0	1.5	199.0	i	True	('B', 'D', 'F#')	B	B	0.0	minor triad	(2, 6, 11)	b	b	1	None
312.0	0.5	105.0	F#4	66.0	True	105.0	1.5	199.0	i	True	('B', 'D', 'F#')	B	B	0.0	minor triad	(2, 6, 11)	b	b	1	None
312.5	0.25	105.0	A5	81.0	True	105.0	1.5	199.0	i	False	('B', 'D', 'F#')	B	B	0.0	minor triad	(2, 6, 11)	b	b	1	None
312.5	0.25	105.0	F#5	78.0	True	105.0	1.5	199.0	i	False	('B', 'D', 'F#')	B	B	0.0	minor triad	(2, 6, 11)	b	b	1	None
312.5	0.5	105.0	C#5	73.0	True	105.0	1.5	199.0	i	False	('B', 'D', 'F#')	B	B	0.0	minor triad	(2, 6, 11)	b	b	1	None
312.5	0.5	105.0	F#4	66.0	True	105.0	1.5	199.0	i	False	('B', 'D', 'F#')	B	B	0.0	minor triad	(2, 6, 11)	b	b	1	None
312.75	0.25	105.0	G#5	80.0	True	105.0	1.5	199.0	i	False	('B', 'D', 'F#')	B	B	0.0	minor triad	(2, 6, 11)	b	b	1	None
312.75	0.25	105.0	E#5	77.0	True	105.0	1.5	199.0	i	False	('B', 'D', 'F#')	B	B	0.0	minor triad	(2, 6, 11)	b	b	1	None
313.0	0.5	105.0	C#5	73.0	True	105.0	1.5	199.0	i	False	('B', 'D', 'F#')	B	B	0.0	minor triad	(2, 6, 11)	b	b	1	None
313.0	0.5	105.0	F#4	66.0	True	105.0	1.5	199.0	i	False	('B', 'D', 'F#')	B	B	0.0	minor triad	(2, 6, 11)	b	b	1	None
313.0	0.5	105.0	F#5	78.0	True	105.0	1.5	199.0	i	False	('B', 'D', 'F#')	B	B	0.0	minor triad	(2, 6, 11)	b	b	1	None
313.0	0.5	105.0	A5	81.0	True	105.0	1.5	199.0	i	False	('B', 'D', 'F#')	B	B	0.0	minor triad	(2, 6, 11)	b	b	1	None
313.5	1.0	105.0	C#4	61.0	True	105.0	1.5	200.0	V	True	('F#', 'A#', 'C#')	F#	F#	0.0	major triad	(1, 6, 10)	b	b	5	None
313.5	0.5	105.0	G#5	80.0	True	105.0	1.5	200.0	V	True	('F#', 'A#', 'C#')	F#	F#	0.0	major triad	(1, 6, 10)	b	b	5	None
313.5	0.5	105.0	E#5	77.0	True	105.0	1.5	200.0	V	True	('F#', 'A#', 'C#')	F#	F#	0.0	major triad	(1, 6, 10)	b	b	5	None
313.5	0.5	105.0	C#5	73.0	True	105.0	1.5	200.0	V	True	('F#', 'A#', 'C#')	F#	F#	0.0	major triad	(1, 6, 10)	b	b	5	None
314.5	0.5	105.0	C#5	73.0	True	105.0	1.5	200.0	V	False	('F#', 'A#', 'C#')	F#	F#	0.0	major triad	(1, 6, 10)	b	b	5	None
315.0	0.5	106.0	F#5	78.0	True	106.0	1.5	201.0	vi	True	('F#', 'A', 'C#')	F#	F#	0.0	minor triad	(1, 6, 9)	A	A	6	None
315.0	0.5	106.0	C#5	73.0	True	106.0	1.5	201.0	vi	True	('F#', 'A', 'C#')	F#	F#	0.0	minor triad	(1, 6, 9)	A	A	6	None
315.0	0.5	106.0	A4	69.0	True	106.0	1.5	201.0	vi	True	('F#', 'A', 'C#')	F#	F#	0.0	minor triad	(1, 6, 9)	A	A	6	None
315.0	0.5	106.0	F#4	66.0	True	106.0	1.5	201.0	vi	True	('F#', 'A', 'C#')	F#	F#	0.0	minor triad	(1, 6, 9)	A	A	6	None
315.5	0.5	106.0	A4	69.0	True	106.0	1.5	201.0	vi	False	('F#', 'A', 'C#')	F#	F#	0.0	minor triad	(1, 6, 9)	A	A	6	None
315.5	0.5	106.0	F#4	66.0	True	106.0	1.5	201.0	vi	False	('F#', 'A', 'C#')	F#	F#	0.0	minor triad	(1, 6, 9)	A	A	6	None
315.5	0.5	106.0	F#5	78.0	True	106.0	1.5	201.0	vi	False	('F#', 'A', 'C#')	F#	F#	0.0	minor triad	(1, 6, 9)	A	A	6	None
315.5	0.5	106.0	C#5	73.0	True	106.0	1.5	201.0	vi	False	('F#', 'A', 'C#')	F#	F#	0.0	minor triad	(1, 6, 9)	A	A	6	None
316.0	0.5	106.0	F#5	78.0	True	106.0	1.5	201.0	vi	False	('F#', 'A', 'C#')	F#	F#	0.0	minor triad	(1, 6, 9)	A	A	6	None
316.0	0.5	106.0	C#5	73.0	True	106.0	1.5	201.0	vi	False	('F#', 'A', 'C#')	F#	F#	0.0	minor triad	(1, 6, 9)	A	A	6	None
316.0	0.5	106.0	A4	69.0	True	106.0	1.5	201.0	vi	False	('F#', 'A', 'C#')	F#	F#	0.0	minor triad	(1, 6, 9)	A	A	6	None
316.0	0.5	106.0	F#4	66.0	True	106.0	1.5	201.0	vi	False	('F#', 'A', 'C#')	F#	F#	0.0	minor triad	(1, 6, 9)	A	A	6	None
316.5	0.5	106.0	G#5	80.0	True	106.0	1.5	202.0	V7	True	('E', 'G#', 'B', 'D')	E	E	0.0	dominant seventh chord	(2, 4, 8, 11)	A	A	5	None
316.5	0.5	106.0	D5	74.0	True	106.0	1.5	202.0	V7	True	('E', 'G#', 'B', 'D')	E	E	0.0	dominant seventh chord	(2, 4, 8, 11)	A	A	5	None
316.5	0.5	106.0	B4	71.0	True	106.0	1.5	202.0	V7	True	('E', 'G#', 'B', 'D')	E	E	0.0	dominant seventh chord	(2, 4, 8, 11)	A	A	5	None
316.5	0.5	106.0	E4	64.0	True	106.0	1.5	202.0	V7	True	('E', 'G#', 'B', 'D')	E	E	0.0	dominant seventh chord	(2, 4, 8, 11)	A	A	5	None
317.0	0.5	106.0	E4	64.0	True	106.0	1.5	202.0	V7	False	('E', 'G#', 'B', 'D')	E	E	0.0	dominant seventh chord	(2, 4, 8, 11)	A	A	5	None
317.0	0.5	106.0	B4	71.0	True	106.0	1.5	202.0	V7	False	('E', 'G#', 'B', 'D')	E	E	0.0	dominant seventh chord	(2, 4, 8, 11)	A	A	5	None
317.0	0.5	106.0	G#5	80.0	True	106.0	1.5	202.0	V7	False	('E', 'G#', 'B', 'D')	E	E	0.0	dominant seventh chord	(2, 4, 8, 11)	A	A	5	None
317.0	0.5	106.0	D5	74.0	True	106.0	1.5	202.0	V7	False	('E', 'G#', 'B', 'D')	E	E	0.0	dominant seventh chord	(2, 4, 8, 11)	A	A	5	None
317.5	0.5	106.0	G#5	80.0	True	106.0	1.5	202.0	V7	False	('E', 'G#', 'B', 'D')	E	E	0.0	dominant seventh chord	(2, 4, 8, 11)	A	A	5	None
317.5	0.5	106.0	D5	74.0	True	106.0	1.5	202.0	V7	False	('E', 'G#', 'B', 'D')	E	E	0.0	dominant seventh chord	(2, 4, 8, 11)	A	A	5	None
317.5	0.5	106.0	B4	71.0	True	106.0	1.5	202.0	V7	False	('E', 'G#', 'B', 'D')	E	E	0.0	dominant seventh chord	(2, 4, 8, 11)	A	A	5	None
317.5	0.5	106.0	E4	64.0	True	106.0	1.5	202.0	V7	False	('E', 'G#', 'B', 'D')	E	E	0.0	dominant seventh chord	(2, 4, 8, 11)	A	A	5	None
318.0	0.5	107.0	A5	81.0	True	107.0	1.5	203.0	I	True	('A', 'C#', 'E')	A	A	0.0	major triad	(1, 4, 9)	A	A	1	None
318.0	0.5	107.0	C#5	73.0	True	107.0	1.5	203.0	I	True	('A', 'C#', 'E')	A	A	0.0	major triad	(1, 4, 9)	A	A	1	None
318.0	0.5	107.0	A4	69.0	True	107.0	1.5	203.0	I	True	('A', 'C#', 'E')	A	A	0.0	major triad	(1, 4, 9)	A	A	1	None
318.0	0.5	107.0	A3	57.0	True	107.0	1.5	203.0	I	True	('A', 'C#', 'E')	A	A	0.0	major triad	(1, 4, 9)	A	A	1	None
318.5	0.5	107.0	A3	57.0	True	107.0	1.5	203.0	I	False	('A', 'C#', 'E')	A	A	0.0	major triad	(1, 4, 9)	A	A	1	None
318.5	0.5	107.0	E4	64.0	True	107.0	1.5	203.0	I	False	('A', 'C#', 'E')	A	A	0.0	major triad	(1, 4, 9)	A	A	1	None
318.5	0.25	107.0	A5	81.0	True	107.0	1.5	203.0	I	False	('A', 'C#', 'E')	A	A	0.0	major triad	(1, 4, 9)	A	A	1	None
318.5	0.25	107.0	A5	81.0	True	107.0	1.5	203.0	I	False	('A', 'C#', 'E')	A	A	0.0	major triad	(1, 4, 9)	A	A	1	None
318.75	0.25	107.0	B5	83.0	True	107.0	1.5	203.0	I	False	('A', 'C#', 'E')	A	A	0.0	major triad	(1, 4, 9)	A	A	1	None
318.75	0.25	107.0	G#5	80.0	True	107.0	1.5	203.0	I	False	('A', 'C#', 'E')	A	A	0.0	major triad	(1, 4, 9)	A	A	1	None
319.0	0.5	107.0	C#6	85.0	True	107.0	1.5	203.0	I	False	('A', 'C#', 'E')	A	A	0.0	major triad	(1, 4, 9)	A	A	1	None
319.0	0.5	107.0	A5	81.0	True	107.0	1.5	203.0	I	False	('A', 'C#', 'E')	A	A	0.0	major triad	(1, 4, 9)	A	A	1	None
319.0	0.5	107.0	E4	64.0	True	107.0	1.5	203.0	I	False	('A', 'C#', 'E')	A	A	0.0	major triad	(1, 4, 9)	A	A	1	None
319.0	0.5	107.0	A3	57.0	True	107.0	1.5	203.0	I	False	('A', 'C#', 'E')	A	A	0.0	major triad	(1, 4, 9)	A	A	1	None
319.5	0.5	107.0	B5	83.0	True	107.0	1.5	204.0	V	True	('E', 'G#', 'B')	E	E	0.0	major triad	(4, 8, 11)	A	A	5	None
319.5	0.5	107.0	G#5	80.0	True	107.0	1.5	204.0	V	True	('E', 'G#', 'B')	E	E	0.0	major triad	(4, 8, 11)	A	A	5	None
319.5	0.5	107.0	E4	64.0	True	107.0	1.5	204.0	V	True	('E', 'G#', 'B')	E	E	0.0	major triad	(4, 8, 11)	A	A	5	None
319.5	0.5	107.0	E3	52.0	True	107.0	1.5	204.0	V	True	('E', 'G#', 'B')	E	E	0.0	major triad	(4, 8, 11)	A	A	5	None
321.0						108.0	3.0	205.0	V	True	('E', 'G#', 'B')	E	E	0.0	major triad	(4, 8, 11)	A	A	5	None
324.0	1.5	109.0	A4	69.0	True	109.0	3.0	206.0	I	True	('A', 'C#', 'E')	A	A	0.0	major triad	(1, 4, 9)	A	A	1	None
324.5	0.5	109.0	E4	64.0	True	109.0	3.0	206.0	I	False	('A', 'C#', 'E')	A	A	0.0	major triad	(1, 4, 9)	A	A	1	None
324.5	0.5	109.0	C#4	61.0	True	109.0	3.0	206.0	I	False	('A', 'C#', 'E')	A	A	0.0	major triad	(1, 4, 9)	A	A	1	None
324.5	0.5	109.0	A3	57.0	True	109.0	3.0	206.0	I	False	('A', 'C#', 'E')	A	A	0.0	major triad	(1, 4, 9)	A	A	1	None
325.0	0.5	109.0	E4	64.0	True	109.0	3.0	206.0	I	False	('A', 'C#', 'E')	A	A	0.0	major triad	(1, 4, 9)	A	A	1	None
325.0	0.5	109.0	C#4	61.0	True	109.0	3.0	206.0	I	False	('A', 'C#', 'E')	A	A	0.0	major triad	(1, 4, 9)	A	A	1	None
325.0	0.5	109.0	A3	57.0	True	109.0	3.0	206.0	I	False	('A', 'C#', 'E')	A	A	0.0	major triad	(1, 4, 9)	A	A	1	None
325.5	1.0	109.0	C#4	61.0	True	109.0	3.0	206.0	I	False	('A', 'C#', 'E')	A	A	0.0	major triad	(1, 4, 9)	A	A	1	None
325.5	1.0	109.0	E4	64.0	True	109.0	3.0	206.0	I	False	('A', 'C#', 'E')	A	A	0.0	major triad	(1, 4, 9)	A	A	1	None
325.5	1.0	109.0	A3	57.0	True	109.0	3.0	206.0	I	False	('A', 'C#', 'E')	A	A	0.0	major triad	(1, 4, 9)	A	A	1	None
325.5	0.25	109.0	C#5	73.0	True	109.0	3.0	206.0	I	False	('A', 'C#', 'E')	A	A	0.0	major triad	(1, 4, 9)	A	A	1	None
325.75	0.25	109.0	A4	69.0	True	109.0	3.0	206.0	I	False	('A', 'C#', 'E')	A	A	0.0	major triad	(1, 4, 9)	A	A	1	None
326.0	0.25	109.0	E5	76.0	True	109.0	3.0	206.0	I	False	('A', 'C#', 'E')	A	A	0.0	major triad	(1, 4, 9)	A	A	1	None
326.25	0.25	109.0	C#5	73.0	True	109.0	3.0	206.0	I	False	('A', 'C#', 'E')	A	A	0.0	major triad	(1, 4, 9)	A	A	1	None
326.5	0.25	109.0	A4	69.0	True	109.0	3.0	206.0	I	False	('A', 'C#', 'E')	A	A	0.0	major triad	(1, 4, 9)	A	A	1	None
326.75	0.25	109.0	E4	64.0	True	109.0	3.0	206.0	I	False	('A', 'C#', 'E')	A	A	0.0	major triad	(1, 4, 9)	A	A	1	None
327.0	0.5	110.0	C#4	61.0	True	110.0	1.0	207.0	I	True	('A', 'C#', 'E')	A	A	0.0	major triad	(1, 4, 9)	A	A	1	None
327.5	0.5	110.0	A3	57.0	True	110.0	1.0	207.0	I	False	('A', 'C#', 'E')	A	A	0.0	major triad	(1, 4, 9)	A	A	1	None
328.0	0.5	110.0	E3	52.0	True	110.0	0.5	208.0	V	True	('E', 'G#', 'B')	E	E	0.0	major triad	(4, 8, 11)	A	A	5	None
328.0	0.5	110.0	E3	52.0	True	110.0	0.5	208.0	V	True	('E', 'G#', 'B')	E	E	0.0	major triad	(4, 8, 11)	A	A	5	None
328.0	0.5	110.0	B3	59.0	True	110.0	0.5	208.0	V	True	('E', 'G#', 'B')	E	E	0.0	major triad	(4, 8, 11)	A	A	5	None
328.0	0.5	110.0	G#3	56.0	True	110.0	0.5	208.0	V	True	('E', 'G#', 'B')	E	E	0.0	major triad	(4, 8, 11)	A	A	5	None
328.5	1.0	110.0	A3	57.0	True	110.0	1.5	209.0	I	True	('A', 'C#', 'E')	A	A	0.0	major triad	(1, 4, 9)	A	A	1	None
328.5	1.0	110.0	E3	52.0	True	110.0	1.5	209.0	I	True	('A', 'C#', 'E')	A	A	0.0	major triad	(1, 4, 9)	A	A	1	None
328.5	1.0	110.0	A3	57.0	True	110.0	1.5	209.0	I	True	('A', 'C#', 'E')	A	A	0.0	major triad	(1, 4, 9)	A	A	1	None
328.5	0.5	110.0	C#4	61.0	True	110.0	1.5	209.0	I	True	('A', 'C#', 'E')	A	A	0.0	major triad	(1, 4, 9)	A	A	1	None
329.0	0.5	110.0	A3	57.0	True	110.0	1.5	209.0	I	False	('A', 'C#', 'E')	A	A	0.0	major triad	(1, 4, 9)	A	A	1	None
330.0	0.5	111.0	B4	71.0	True	111.0	1.5	210.0	V	True	('E', 'G#', 'B')	E	E	0.0	major triad	(4, 8, 11)	A	A	5	None
330.0	0.5	111.0	E4	64.0	True	111.0	1.5	210.0	V	True	('E', 'G#', 'B')	E	E	0.0	major triad	(4, 8, 11)	A	A	5	None
330.5	0.5	111.0	B4	71.0	True	111.0	1.5	210.0	V	False	('E', 'G#', 'B')	E	E	0.0	major triad	(4, 8, 11)	A	A	5	None
330.5	0.5	111.0	G#4	68.0	True	111.0	1.5	210.0	V	False	('E', 'G#', 'B')	E	E	0.0	major triad	(4, 8, 11)	A	A	5	None
330.5	0.5	111.0	E3	52.0	True	111.0	1.5	210.0	V	False	('E', 'G#', 'B')	E	E	0.0	major triad	(4, 8, 11)	A	A	5	None
331.0	0.5	111.0	B4	71.0	True	111.0	1.5	210.0	V	False	('E', 'G#', 'B')	E	E	0.0	major triad	(4, 8, 11)	A	A	5	None
331.0	0.5	111.0	G#4	68.0	True	111.0	1.5	210.0	V	False	('E', 'G#', 'B')	E	E	0.0	major triad	(4, 8, 11)	A	A	5	None
331.0	0.5	111.0	E3	52.0	True	111.0	1.5	210.0	V	False	('E', 'G#', 'B')	E	E	0.0	major triad	(4, 8, 11)	A	A	5	None
331.5	0.5	111.0	C#5	73.0	True	111.0	1.5	211.0	I	True	('A', 'C#', 'E')	A	A	0.0	major triad	(1, 4, 9)	A	A	1	None
331.5	0.5	111.0	A4	69.0	True	111.0	1.5	211.0	I	True	('A', 'C#', 'E')	A	A	0.0	major triad	(1, 4, 9)	A	A	1	None
332.0	0.5	111.0	A4	69.0	True	111.0	1.5	211.0	I	False	('A', 'C#', 'E')	A	A	0.0	major triad	(1, 4, 9)	A	A	1	None
332.0	0.5	111.0	C#5	73.0	True	111.0	1.5	211.0	I	False	('A', 'C#', 'E')	A	A	0.0	major triad	(1, 4, 9)	A	A	1	None
332.0	0.5	111.0	A2	45.0	True	111.0	1.5	211.0	I	False	('A', 'C#', 'E')	A	A	0.0	major triad	(1, 4, 9)	A	A	1	None
332.5	0.5	111.0	A4	69.0	True	111.0	1.5	211.0	I	False	('A', 'C#', 'E')	A	A	0.0	major triad	(1, 4, 9)	A	A	1	None
332.5	0.5	111.0	A2	45.0	True	111.0	1.5	211.0	I	False	('A', 'C#', 'E')	A	A	0.0	major triad	(1, 4, 9)	A	A	1	None
332.5	0.5	111.0	C#5	73.0	True	111.0	1.5	211.0	I	False	('A', 'C#', 'E')	A	A	0.0	major triad	(1, 4, 9)	A	A	1	None
333.0	0.5	112.0	D5	74.0	True	112.0	1.5	212.0	V7	True	('E', 'G#', 'B', 'D')	E	E	0.0	dominant seventh chord	(2, 4, 8, 11)	A	A	5	None
333.5	0.25	112.0	D5	74.0	True	112.0	1.5	212.0	V7	False	('E', 'G#', 'B', 'D')	E	E	0.0	dominant seventh chord	(2, 4, 8, 11)	A	A	5	None
333.5	0.5	112.0	B4	71.0	True	112.0	1.5	212.0	V7	False	('E', 'G#', 'B', 'D')	E	E	0.0	dominant seventh chord	(2, 4, 8, 11)	A	A	5	None
333.5	0.5	112.0	E4	64.0	True	112.0	1.5	212.0	V7	False	('E', 'G#', 'B', 'D')	E	E	0.0	dominant seventh chord	(2, 4, 8, 11)	A	A	5	None
333.5	0.5	112.0	G#2	44.0	True	112.0	1.5	212.0	V7	False	('E', 'G#', 'B', 'D')	E	E	0.0	dominant seventh chord	(2, 4, 8, 11)	A	A	5	None
333.75	0.25	112.0	C#5	73.0	True	112.0	1.5	212.0	V7	False	('E', 'G#', 'B', 'D')	E	E	0.0	dominant seventh chord	(2, 4, 8, 11)	A	A	5	None
334.0	0.5	112.0	D5	74.0	True	112.0	1.5	212.0	V7	False	('E', 'G#', 'B', 'D')	E	E	0.0	dominant seventh chord	(2, 4, 8, 11)	A	A	5	None
334.0	0.5	112.0	B4	71.0	True	112.0	1.5	212.0	V7	False	('E', 'G#', 'B', 'D')	E	E	0.0	dominant seventh chord	(2, 4, 8, 11)	A	A	5	None
334.0	0.5	112.0	E4	64.0	True	112.0	1.5	212.0	V7	False	('E', 'G#', 'B', 'D')	E	E	0.0	dominant seventh chord	(2, 4, 8, 11)	A	A	5	None
334.0	0.5	112.0	G#2	44.0	True	112.0	1.5	212.0	V7	False	('E', 'G#', 'B', 'D')	E	E	0.0	dominant seventh chord	(2, 4, 8, 11)	A	A	5	None
334.5	1.0	112.0	A2	45.0	True	112.0	1.5	213.0	I	True	('A', 'C#', 'E')	A	A	0.0	major triad	(1, 4, 9)	A	A	1	None
334.5	0.5	112.0	E4	64.0	True	112.0	1.5	213.0	I	True	('A', 'C#', 'E')	A	A	0.0	major triad	(1, 4, 9)	A	A	1	None
334.5	0.5	112.0	A4	69.0	True	112.0	1.5	213.0	I	True	('A', 'C#', 'E')	A	A	0.0	major triad	(1, 4, 9)	A	A	1	None
334.5	0.5	112.0	C#5	73.0	True	112.0	1.5	213.0	I	True	('A', 'C#', 'E')	A	A	0.0	major triad	(1, 4, 9)	A	A	1	None
336.0	1.5	113.0	A4	69.0	True	113.0	3.0	214.0	i	True	('A', 'C', 'E')	A	A	0.0	minor triad	(0, 4, 9)	a	a	1	None
336.5	0.5	113.0	C4	60.0	True	113.0	3.0	214.0	i	False	('A', 'C', 'E')	A	A	0.0	minor triad	(0, 4, 9)	a	a	1	None
336.5	0.5	113.0	E4	64.0	True	113.0	3.0	214.0	i	False	('A', 'C', 'E')	A	A	0.0	minor triad	(0, 4, 9)	a	a	1	None
336.5	0.5	113.0	A3	57.0	True	113.0	3.0	214.0	i	False	('A', 'C', 'E')	A	A	0.0	minor triad	(0, 4, 9)	a	a	1	None
337.0	0.5	113.0	C4	60.0	True	113.0	3.0	214.0	i	False	('A', 'C', 'E')	A	A	0.0	minor triad	(0, 4, 9)	a	a	1	None
337.0	0.5	113.0	E4	64.0	True	113.0	3.0	214.0	i	False	('A', 'C', 'E')	A	A	0.0	minor triad	(0, 4, 9)	a	a	1	None
337.0	0.5	113.0	A3	57.0	True	113.0	3.0	214.0	i	False	('A', 'C', 'E')	A	A	0.0	minor triad	(0, 4, 9)	a	a	1	None
337.5	0.25	113.0	C5	72.0	True	113.0	3.0	214.0	i	False	('A', 'C', 'E')	A	A	0.0	minor triad	(0, 4, 9)	a	a	1	None
337.5	1.0	113.0	C4	60.0	True	113.0	3.0	214.0	i	False	('A', 'C', 'E')	A	A	0.0	minor triad	(0, 4, 9)	a	a	1	None
337.5	1.0	113.0	E4	64.0	True	113.0	3.0	214.0	i	False	('A', 'C', 'E')	A	A	0.0	minor triad	(0, 4, 9)	a	a	1	None
337.5	1.0	113.0	A3	57.0	True	113.0	3.0	214.0	i	False	('A', 'C', 'E')	A	A	0.0	minor triad	(0, 4, 9)	a	a	1	None
337.75	0.25	113.0	A4	69.0	True	113.0	3.0	214.0	i	False	('A', 'C', 'E')	A	A	0.0	minor triad	(0, 4, 9)	a	a	1	None
338.0	0.25	113.0	E5	76.0	True	113.0	3.0	214.0	i	False	('A', 'C', 'E')	A	A	0.0	minor triad	(0, 4, 9)	a	a	1	None
338.25	0.25	113.0	C5	72.0	True	113.0	3.0	214.0	i	False	('A', 'C', 'E')	A	A	0.0	minor triad	(0, 4, 9)	a	a	1	None
338.5	0.25	113.0	A4	69.0	True	113.0	3.0	214.0	i	False	('A', 'C', 'E')	A	A	0.0	minor triad	(0, 4, 9)	a	a	1	None
338.75	0.25	113.0	E4	64.0	True	113.0	3.0	214.0	i	False	('A', 'C', 'E')	A	A	0.0	minor triad	(0, 4, 9)	a	a	1	None
339.0	0.5	114.0	C4	60.0	True	114.0	1.0	215.0	i	True	('A', 'C', 'E')	A	A	0.0	minor triad	(0, 4, 9)	a	a	1	None
339.5	0.5	114.0	A3	57.0	True	114.0	1.0	215.0	i	False	('A', 'C', 'E')	A	A	0.0	minor triad	(0, 4, 9)	a	a	1	None
340.0	0.5	114.0	E3	52.0	True	114.0	0.5	216.0	V	True	('E', 'G#', 'B')	E	E	0.0	major triad	(4, 8, 11)	a	a	5	None
340.0	0.5	114.0	E3	52.0	True	114.0	0.5	216.0	V	True	('E', 'G#', 'B')	E	E	0.0	major triad	(4, 8, 11)	a	a	5	None
340.0	0.5	114.0	B3	59.0	True	114.0	0.5	216.0	V	True	('E', 'G#', 'B')	E	E	0.0	major triad	(4, 8, 11)	a	a	5	None
340.0	0.5	114.0	G#3	56.0	True	114.0	0.5	216.0	V	True	('E', 'G#', 'B')	E	E	0.0	major triad	(4, 8, 11)	a	a	5	None
340.5	0.5	114.0	C4	60.0	True	114.0	1.5	217.0	i	True	('A', 'C', 'E')	A	A	0.0	minor triad	(0, 4, 9)	a	a	1	None
340.5	1.0	114.0	A3	57.0	True	114.0	1.5	217.0	i	True	('A', 'C', 'E')	A	A	0.0	minor triad	(0, 4, 9)	a	a	1	None
340.5	1.0	114.0	E3	52.0	True	114.0	1.5	217.0	i	True	('A', 'C', 'E')	A	A	0.0	minor triad	(0, 4, 9)	a	a	1	None
340.5	1.0	114.0	A3	57.0	True	114.0	1.5	217.0	i	True	('A', 'C', 'E')	A	A	0.0	minor triad	(0, 4, 9)	a	a	1	None
341.0	0.5	114.0	A3	57.0	True	114.0	1.5	217.0	i	False	('A', 'C', 'E')	A	A	0.0	minor triad	(0, 4, 9)	a	a	1	None
341.5	0.5	114.0	E5	76.0	True	114.0	1.5	217.0	i	False	('A', 'C', 'E')	A	A	0.0	minor triad	(0, 4, 9)	a	a	1	None
341.5	0.5	114.0	C4	60.0	True	114.0	1.5	217.0	i	False	('A', 'C', 'E')	A	A	0.0	minor triad	(0, 4, 9)	a	a	1	None
342.0	0.25	115.0	F5	77.0	True	115.0	1.5	218.0	iv	True	('D', 'F', 'A')	D	D	0.0	minor triad	(2, 5, 9)	a	a	4	None
342.0	1.0	115.0	D4	62.0	True	115.0	1.5	218.0	iv	True	('D', 'F', 'A')	D	D	0.0	minor triad	(2, 5, 9)	a	a	4	None
342.25	0.25	115.0	A5	81.0	True	115.0	1.5	218.0	iv	False	('D', 'F', 'A')	D	D	0.0	minor triad	(2, 5, 9)	a	a	4	None
342.5	0.25	115.0	F5	77.0	True	115.0	1.5	218.0	iv	False	('D', 'F', 'A')	D	D	0.0	minor triad	(2, 5, 9)	a	a	4	None
342.75	0.25	115.0	A5	81.0	True	115.0	1.5	218.0	iv	False	('D', 'F', 'A')	D	D	0.0	minor triad	(2, 5, 9)	a	a	4	None
343.0	0.5	115.0	F4	65.0	True	115.0	1.5	218.0	iv	False	('D', 'F', 'A')	D	D	0.0	minor triad	(2, 5, 9)	a	a	4	None
343.0	0.25	115.0	F5	77.0	True	115.0	1.5	218.0	iv	False	('D', 'F', 'A')	D	D	0.0	minor triad	(2, 5, 9)	a	a	4	None
343.0	0.5	115.0	A4	69.0	True	115.0	1.5	218.0	iv	False	('D', 'F', 'A')	D	D	0.0	minor triad	(2, 5, 9)	a	a	4	None
343.25	0.25	115.0	D5	74.0	True	115.0	1.5	218.0	iv	False	('D', 'F', 'A')	D	D	0.0	minor triad	(2, 5, 9)	a	a	4	None
343.5	0.5	115.0	B4	71.0	True	115.0	1.5	219.0	VII	True	('G', 'B', 'D')	G	G	0.0	major triad	(2, 7, 11)	a	a	7	None
343.5	0.25	115.0	B4	71.0	True	115.0	1.5	219.0	VII	True	('G', 'B', 'D')	G	G	0.0	major triad	(2, 7, 11)	a	a	7	None
343.5	1.0	115.0	G4	67.0	True	115.0	1.5	219.0	VII	True	('G', 'B', 'D')	G	G	0.0	major triad	(2, 7, 11)	a	a	7	None
343.75	0.25	115.0	D5	74.0	True	115.0	1.5	219.0	VII	False	('G', 'B', 'D')	G	G	0.0	major triad	(2, 7, 11)	a	a	7	None
344.0	0.25	115.0	B4	71.0	True	115.0	1.5	219.0	VII	False	('G', 'B', 'D')	G	G	0.0	major triad	(2, 7, 11)	a	a	7	None
344.25	0.25	115.0	D5	74.0	True	115.0	1.5	219.0	VII	False	('G', 'B', 'D')	G	G	0.0	major triad	(2, 7, 11)	a	a	7	None
344.5	0.5	115.0	D5	74.0	True	115.0	1.5	219.0	VII	False	('G', 'B', 'D')	G	G	0.0	major triad	(2, 7, 11)	a	a	7	None
344.5	0.25	115.0	B4	71.0	True	115.0	1.5	219.0	VII	False	('G', 'B', 'D')	G	G	0.0	major triad	(2, 7, 11)	a	a	7	None
344.5	0.5	115.0	B3	59.0	True	115.0	1.5	219.0	VII	False	('G', 'B', 'D')	G	G	0.0	major triad	(2, 7, 11)	a	a	7	None
344.75	0.25	115.0	G4	67.0	True	115.0	1.5	219.0	VII	False	('G', 'B', 'D')	G	G	0.0	major triad	(2, 7, 11)	a	a	7	None
345.0	1.0	116.0	C4	60.0	True	116.0	1.5	220.0	III	True	('C', 'E', 'G')	C	C	0.0	major triad	(0, 4, 7)	a	a	3	None
345.0	0.5	116.0	E4	64.0	True	116.0	1.5	220.0	III	True	('C', 'E', 'G')	C	C	0.0	major triad	(0, 4, 7)	a	a	3	None
345.0	0.25	116.0	E5	76.0	True	116.0	1.5	220.0	III	True	('C', 'E', 'G')	C	C	0.0	major triad	(0, 4, 7)	a	a	3	None
345.25	0.25	116.0	G5	79.0	True	116.0	1.5	220.0	III	False	('C', 'E', 'G')	C	C	0.0	major triad	(0, 4, 7)	a	a	3	None
345.5	0.25	116.0	E5	76.0	True	116.0	1.5	220.0	III	False	('C', 'E', 'G')	C	C	0.0	major triad	(0, 4, 7)	a	a	3	None
345.75	0.25	116.0	G5	79.0	True	116.0	1.5	220.0	III	False	('C', 'E', 'G')	C	C	0.0	major triad	(0, 4, 7)	a	a	3	None
346.0	0.25	116.0	E5	76.0	True	116.0	1.5	220.0	III	False	('C', 'E', 'G')	C	C	0.0	major triad	(0, 4, 7)	a	a	3	None
346.0	0.5	116.0	G4	67.0	True	116.0	1.5	220.0	III	False	('C', 'E', 'G')	C	C	0.0	major triad	(0, 4, 7)	a	a	3	None
346.0	0.5	116.0	E4	64.0	True	116.0	1.5	220.0	III	False	('C', 'E', 'G')	C	C	0.0	major triad	(0, 4, 7)	a	a	3	None
346.25	0.25	116.0	C5	72.0	True	116.0	1.5	220.0	III	False	('C', 'E', 'G')	C	C	0.0	major triad	(0, 4, 7)	a	a	3	None
346.5	1.0	116.0	F4	65.0	True	116.0	1.5	221.0	VI	True	('F', 'A', 'C')	F	F	0.0	major triad	(0, 5, 9)	a	a	6	None
346.5	0.25	116.0	A4	69.0	True	116.0	1.5	221.0	VI	True	('F', 'A', 'C')	F	F	0.0	major triad	(0, 5, 9)	a	a	6	None
346.5	0.5	116.0	A4	69.0	True	116.0	1.5	221.0	VI	True	('F', 'A', 'C')	F	F	0.0	major triad	(0, 5, 9)	a	a	6	None
346.75	0.25	116.0	C5	72.0	True	116.0	1.5	221.0	VI	False	('F', 'A', 'C')	F	F	0.0	major triad	(0, 5, 9)	a	a	6	None
347.0	0.25	116.0	A4	69.0	True	116.0	1.5	221.0	VI	False	('F', 'A', 'C')	F	F	0.0	major triad	(0, 5, 9)	a	a	6	None
347.25	0.25	116.0	C5	72.0	True	116.0	1.5	221.0	VI	False	('F', 'A', 'C')	F	F	0.0	major triad	(0, 5, 9)	a	a	6	None
347.5	0.5	116.0	C5	72.0	True	116.0	1.5	221.0	VI	False	('F', 'A', 'C')	F	F	0.0	major triad	(0, 5, 9)	a	a	6	None
347.5	0.25	116.0	A4	69.0	True	116.0	1.5	221.0	VI	False	('F', 'A', 'C')	F	F	0.0	major triad	(0, 5, 9)	a	a	6	None
347.5	0.5	116.0	A3	57.0	True	116.0	1.5	221.0	VI	False	('F', 'A', 'C')	F	F	0.0	major triad	(0, 5, 9)	a	a	6	None
347.75	0.25	116.0	F4	65.0	True	116.0	1.5	221.0	VI	False	('F', 'A', 'C')	F	F	0.0	major triad	(0, 5, 9)	a	a	6	None
348.0	0.25	117.0	D5	74.0	True	117.0	1.5	222.0	iio	True	('B', 'D', 'F')	B	B	0.0	diminished triad	(2, 5, 11)	a	a	2	None
348.0	0.5	117.0	D4	62.0	True	117.0	1.5	222.0	iio	True	('B', 'D', 'F')	B	B	0.0	diminished triad	(2, 5, 11)	a	a	2	None
348.0	1.0	117.0	B3	59.0	True	117.0	1.5	222.0	iio	True	('B', 'D', 'F')	B	B	0.0	diminished triad	(2, 5, 11)	a	a	2	None
348.25	0.25	117.0	F5	77.0	True	117.0	1.5	222.0	iio	False	('B', 'D', 'F')	B	B	0.0	diminished triad	(2, 5, 11)	a	a	2	None
348.5	0.25	117.0	D5	74.0	True	117.0	1.5	222.0	iio	False	('B', 'D', 'F')	B	B	0.0	diminished triad	(2, 5, 11)	a	a	2	None
348.75	0.25	117.0	F5	77.0	True	117.0	1.5	222.0	iio	False	('B', 'D', 'F')	B	B	0.0	diminished triad	(2, 5, 11)	a	a	2	None
349.0	0.25	117.0	D5	74.0	True	117.0	1.5	222.0	iio	False	('B', 'D', 'F')	B	B	0.0	diminished triad	(2, 5, 11)	a	a	2	None
349.0	0.5	117.0	D4	62.0	True	117.0	1.5	222.0	iio	False	('B', 'D', 'F')	B	B	0.0	diminished triad	(2, 5, 11)	a	a	2	None
349.0	0.5	117.0	D4	62.0	True	117.0	1.5	222.0	iio	False	('B', 'D', 'F')	B	B	0.0	diminished triad	(2, 5, 11)	a	a	2	None
349.25	0.25	117.0	B4	71.0	True	117.0	1.5	222.0	iio	False	('B', 'D', 'F')	B	B	0.0	diminished triad	(2, 5, 11)	a	a	2	None
349.5	0.25	117.0	G#4	68.0	True	117.0	1.5	223.0	V	True	('E', 'G#', 'B')	E	E	0.0	major triad	(4, 8, 11)	a	a	5	None
349.5	1.0	117.0	E4	64.0	True	117.0	1.5	223.0	V	True	('E', 'G#', 'B')	E	E	0.0	major triad	(4, 8, 11)	a	a	5	None
349.5	0.5	117.0	G#4	68.0	True	117.0	1.5	223.0	V	True	('E', 'G#', 'B')	E	E	0.0	major triad	(4, 8, 11)	a	a	5	None
349.75	0.25	117.0	B4	71.0	True	117.0	1.5	223.0	V	False	('E', 'G#', 'B')	E	E	0.0	major triad	(4, 8, 11)	a	a	5	None
350.0	0.25	117.0	G#4	68.0	True	117.0	1.5	223.0	V	False	('E', 'G#', 'B')	E	E	0.0	major triad	(4, 8, 11)	a	a	5	None
350.25	0.25	117.0	B4	71.0	True	117.0	1.5	223.0	V	False	('E', 'G#', 'B')	E	E	0.0	major triad	(4, 8, 11)	a	a	5	None
350.5	0.5	117.0	B4	71.0	True	117.0	1.5	223.0	V	False	('E', 'G#', 'B')	E	E	0.0	major triad	(4, 8, 11)	a	a	5	None
350.5	0.25	117.0	G#4	68.0	True	117.0	1.5	223.0	V	False	('E', 'G#', 'B')	E	E	0.0	major triad	(4, 8, 11)	a	a	5	None
350.5	0.5	117.0	G#3	56.0	True	117.0	1.5	223.0	V	False	('E', 'G#', 'B')	E	E	0.0	major triad	(4, 8, 11)	a	a	5	None
350.75	0.25	117.0	E4	64.0	True	117.0	1.5	223.0	V	False	('E', 'G#', 'B')	E	E	0.0	major triad	(4, 8, 11)	a	a	5	None
351.0	0.25	118.0	C5	72.0	True	118.0	1.5	224.0	i	True	('A', 'C', 'E')	A	A	0.0	minor triad	(0, 4, 9)	a	a	1	None
351.0	0.5	118.0	C5	72.0	True	118.0	1.5	224.0	i	True	('A', 'C', 'E')	A	A	0.0	minor triad	(0, 4, 9)	a	a	1	None
351.0	1.0	118.0	A3	57.0	True	118.0	1.5	224.0	i	True	('A', 'C', 'E')	A	A	0.0	minor triad	(0, 4, 9)	a	a	1	None
351.25	0.25	118.0	E5	76.0	True	118.0	1.5	224.0	i	False	('A', 'C', 'E')	A	A	0.0	minor triad	(0, 4, 9)	a	a	1	None
351.5	0.25	118.0	C5	72.0	True	118.0	1.5	224.0	i	False	('A', 'C', 'E')	A	A	0.0	minor triad	(0, 4, 9)	a	a	1	None
351.75	0.25	118.0	E5	76.0	True	118.0	1.5	224.0	i	False	('A', 'C', 'E')	A	A	0.0	minor triad	(0, 4, 9)	a	a	1	None
352.0	0.5	118.0	B4	71.0	True	118.0	1.5	224.0	i	False	('A', 'C', 'E')	A	A	0.0	minor triad	(0, 4, 9)	a	a	1	None
352.0	0.5	118.0	G3	55.0	True	118.0	1.5	224.0	i	False	('A', 'C', 'E')	A	A	0.0	minor triad	(0, 4, 9)	a	a	1	None
352.5	0.25	118.0	A4	69.0	True	118.0	1.0	225.0	VI	True	('F', 'A', 'C')	F	F	0.0	major triad	(0, 5, 9)	a	a	6	None
352.5	1.0	118.0	F3	53.0	True	118.0	1.0	225.0	VI	True	('F', 'A', 'C')	F	F	0.0	major triad	(0, 5, 9)	a	a	6	None
352.75	0.25	118.0	C5	72.0	True	118.0	1.0	225.0	VI	False	('F', 'A', 'C')	F	F	0.0	major triad	(0, 5, 9)	a	a	6	None
353.0	0.25	118.0	A4	69.0	True	118.0	1.0	225.0	VI	False	('F', 'A', 'C')	F	F	0.0	major triad	(0, 5, 9)	a	a	6	None
353.25	0.25	118.0	C5	72.0	True	118.0	1.0	225.0	VI	False	('F', 'A', 'C')	F	F	0.0	major triad	(0, 5, 9)	a	a	6	None
353.5	0.5	118.0	D#4	63.0	True	118.0	0.5	226.0	It	True	('D#', 'F', 'A')	D#	D#	0.0	incomplete dominant-seventh chord	(3, 5, 9)	a	a	#4	None
353.5	0.5	118.0	A3	57.0	True	118.0	0.5	226.0	It	True	('D#', 'F', 'A')	D#	D#	0.0	incomplete dominant-seventh chord	(3, 5, 9)	a	a	#4	None
353.5	0.5	118.0	F3	53.0	True	118.0	0.5	226.0	It	True	('D#', 'F', 'A')	D#	D#	0.0	incomplete dominant-seventh chord	(3, 5, 9)	a	a	#4	None
354.0	0.5	119.0	E2	40.0	True	119.0	3.0	227.0	V	True	('E', 'G#', 'B')	E	E	0.0	major triad	(4, 8, 11)	a	a	5	None
354.0	0.5	119.0	E3	52.0	True	119.0	3.0	227.0	V	True	('E', 'G#', 'B')	E	E	0.0	major triad	(4, 8, 11)	a	a	5	None
354.0	1.0	119.0	E4	64.0	True	119.0	3.0	227.0	V	True	('E', 'G#', 'B')	E	E	0.0	major triad	(4, 8, 11)	a	a	5	None
354.0	0.5	119.0	G#3	56.0	True	119.0	3.0	227.0	V	True	('E', 'G#', 'B')	E	E	0.0	major triad	(4, 8, 11)	a	a	5	None
354.5	0.5	119.0	B3	59.0	True	119.0	3.0	227.0	V	False	('E', 'G#', 'B')	E	E	0.0	major triad	(4, 8, 11)	a	a	5	None
354.5	0.5	119.0	E3	52.0	True	119.0	3.0	227.0	V	False	('E', 'G#', 'B')	E	E	0.0	major triad	(4, 8, 11)	a	a	5	None
354.5	0.5	119.0	G#3	56.0	True	119.0	3.0	227.0	V	False	('E', 'G#', 'B')	E	E	0.0	major triad	(4, 8, 11)	a	a	5	None
355.0	0.5	119.0	E4	64.0	True	119.0	3.0	227.0	V	False	('E', 'G#', 'B')	E	E	0.0	major triad	(4, 8, 11)	a	a	5	None
355.0	0.5	119.0	G#3	56.0	True	119.0	3.0	227.0	V	False	('E', 'G#', 'B')	E	E	0.0	major triad	(4, 8, 11)	a	a	5	None
355.0	0.5	119.0	B3	59.0	True	119.0	3.0	227.0	V	False	('E', 'G#', 'B')	E	E	0.0	major triad	(4, 8, 11)	a	a	5	None
355.0	0.5	119.0	E3	52.0	True	119.0	3.0	227.0	V	False	('E', 'G#', 'B')	E	E	0.0	major triad	(4, 8, 11)	a	a	5	None
355.5	0.5	119.0	E2	40.0	True	119.0	3.0	227.0	V	False	('E', 'G#', 'B')	E	E	0.0	major triad	(4, 8, 11)	a	a	5	None
355.5	0.5	119.0	E4	64.0	True	119.0	3.0	227.0	V	False	('E', 'G#', 'B')	E	E	0.0	major triad	(4, 8, 11)	a	a	5	None
355.5	0.5	119.0	B3	59.0	True	119.0	3.0	227.0	V	False	('E', 'G#', 'B')	E	E	0.0	major triad	(4, 8, 11)	a	a	5	None
355.5	1.0	119.0	G#4	68.0	True	119.0	3.0	227.0	V	False	('E', 'G#', 'B')	E	E	0.0	major triad	(4, 8, 11)	a	a	5	None
356.0	0.5	119.0	E3	52.0	True	119.0	3.0	227.0	V	False	('E', 'G#', 'B')	E	E	0.0	major triad	(4, 8, 11)	a	a	5	None
356.0	0.5	119.0	E4	64.0	True	119.0	3.0	227.0	V	False	('E', 'G#', 'B')	E	E	0.0	major triad	(4, 8, 11)	a	a	5	None
356.0	0.5	119.0	B3	59.0	True	119.0	3.0	227.0	V	False	('E', 'G#', 'B')	E	E	0.0	major triad	(4, 8, 11)	a	a	5	None
356.5	0.5	119.0	G#4	68.0	True	119.0	3.0	227.0	V	False	('E', 'G#', 'B')	E	E	0.0	major triad	(4, 8, 11)	a	a	5	None
356.5	0.5	119.0	E4	64.0	True	119.0	3.0	227.0	V	False	('E', 'G#', 'B')	E	E	0.0	major triad	(4, 8, 11)	a	a	5	None
356.5	0.5	119.0	B3	59.0	True	119.0	3.0	227.0	V	False	('E', 'G#', 'B')	E	E	0.0	major triad	(4, 8, 11)	a	a	5	None
356.5	0.5	119.0	E3	52.0	True	119.0	3.0	227.0	V	False	('E', 'G#', 'B')	E	E	0.0	major triad	(4, 8, 11)	a	a	5	None
357.0	0.5	120.0	G#4	68.0	True	120.0	3.0	228.0	V	True	('E', 'G#', 'B')	E	E	0.0	major triad	(4, 8, 11)	a	a	5	None
357.0	0.5	120.0	E3	52.0	True	120.0	3.0	228.0	V	True	('E', 'G#', 'B')	E	E	0.0	major triad	(4, 8, 11)	a	a	5	None
357.0	0.5	120.0	E2	40.0	True	120.0	3.0	228.0	V	True	('E', 'G#', 'B')	E	E	0.0	major triad	(4, 8, 11)	a	a	5	None
357.0	1.0	120.0	B4	71.0	True	120.0	3.0	228.0	V	True	('E', 'G#', 'B')	E	E	0.0	major triad	(4, 8, 11)	a	a	5	None
357.5	0.5	120.0	G#4	68.0	True	120.0	3.0	228.0	V	False	('E', 'G#', 'B')	E	E	0.0	major triad	(4, 8, 11)	a	a	5	None
357.5	0.5	120.0	E4	64.0	True	120.0	3.0	228.0	V	False	('E', 'G#', 'B')	E	E	0.0	major triad	(4, 8, 11)	a	a	5	None
357.5	0.5	120.0	E3	52.0	True	120.0	3.0	228.0	V	False	('E', 'G#', 'B')	E	E	0.0	major triad	(4, 8, 11)	a	a	5	None
358.0	0.5	120.0	E3	52.0	True	120.0	3.0	228.0	V	False	('E', 'G#', 'B')	E	E	0.0	major triad	(4, 8, 11)	a	a	5	None
358.0	0.5	120.0	G#4	68.0	True	120.0	3.0	228.0	V	False	('E', 'G#', 'B')	E	E	0.0	major triad	(4, 8, 11)	a	a	5	None
358.0	0.5	120.0	E4	64.0	True	120.0	3.0	228.0	V	False	('E', 'G#', 'B')	E	E	0.0	major triad	(4, 8, 11)	a	a	5	None
358.0	0.5	120.0	B4	71.0	True	120.0	3.0	228.0	V	False	('E', 'G#', 'B')	E	E	0.0	major triad	(4, 8, 11)	a	a	5	None
358.5	1.0	120.0	D5	74.0	True	120.0	3.0	228.0	V	False	('E', 'G#', 'B')	E	E	0.0	major triad	(4, 8, 11)	a	a	5	None
358.5	0.5	120.0	B4	71.0	True	120.0	3.0	228.0	V	False	('E', 'G#', 'B')	E	E	0.0	major triad	(4, 8, 11)	a	a	5	None
358.5	0.5	120.0	G#3	56.0	True	120.0	3.0	228.0	V	False	('E', 'G#', 'B')	E	E	0.0	major triad	(4, 8, 11)	a	a	5	None
358.5	0.5	120.0	E2	40.0	True	120.0	3.0	228.0	V	False	('E', 'G#', 'B')	E	E	0.0	major triad	(4, 8, 11)	a	a	5	None
359.0	0.5	120.0	B4	71.0	True	120.0	3.0	228.0	V	False	('E', 'G#', 'B')	E	E	0.0	major triad	(4, 8, 11)	a	a	5	None
359.0	0.5	120.0	G#4	68.0	True	120.0	3.0	228.0	V	False	('E', 'G#', 'B')	E	E	0.0	major triad	(4, 8, 11)	a	a	5	None
359.0	0.5	120.0	E3	52.0	True	120.0	3.0	228.0	V	False	('E', 'G#', 'B')	E	E	0.0	major triad	(4, 8, 11)	a	a	5	None
359.5	0.5	120.0	E3	52.0	True	120.0	3.0	228.0	V	False	('E', 'G#', 'B')	E	E	0.0	major triad	(4, 8, 11)	a	a	5	None
359.5	0.5	120.0	G#4	68.0	True	120.0	3.0	228.0	V	False	('E', 'G#', 'B')	E	E	0.0	major triad	(4, 8, 11)	a	a	5	None
359.5	0.5	120.0	D5	74.0	True	120.0	3.0	228.0	V	False	('E', 'G#', 'B')	E	E	0.0	major triad	(4, 8, 11)	a	a	5	None
359.5	0.5	120.0	B4	71.0	True	120.0	3.0	228.0	V	False	('E', 'G#', 'B')	E	E	0.0	major triad	(4, 8, 11)	a	a	5	None
360.0	2.0	121.0	F#5	78.0	True	121.0	3.0	229.0	V7	True	('E', 'G#', 'B', 'D')	E	E	0.0	dominant seventh chord	(2, 4, 8, 11)	a	a	5	None
360.0	2.0	121.0	D5	74.0	True	121.0	3.0	229.0	V7	True	('E', 'G#', 'B', 'D')	E	E	0.0	dominant seventh chord	(2, 4, 8, 11)	a	a	5	None
360.0	0.5	121.0	G#4	68.0	True	121.0	3.0	229.0	V7	True	('E', 'G#', 'B', 'D')	E	E	0.0	dominant seventh chord	(2, 4, 8, 11)	a	a	5	None
360.0	1.0	121.0	G#2	44.0	True	121.0	3.0	229.0	V7	True	('E', 'G#', 'B', 'D')	E	E	0.0	dominant seventh chord	(2, 4, 8, 11)	a	a	5	None
360.5	0.5	121.0	G#4	68.0	True	121.0	3.0	229.0	V7	False	('E', 'G#', 'B', 'D')	E	E	0.0	dominant seventh chord	(2, 4, 8, 11)	a	a	5	None
361.0	0.5	121.0	G#4	68.0	True	121.0	3.0	229.0	V7	False	('E', 'G#', 'B', 'D')	E	E	0.0	dominant seventh chord	(2, 4, 8, 11)	a	a	5	None
361.5	0.5	121.0	G#4	68.0	True	121.0	3.0	229.0	V7	False	('E', 'G#', 'B', 'D')	E	E	0.0	dominant seventh chord	(2, 4, 8, 11)	a	a	5	None
362.0	0.5	121.0	E5	76.0	True	121.0	3.0	229.0	V7	False	('E', 'G#', 'B', 'D')	E	E	0.0	dominant seventh chord	(2, 4, 8, 11)	a	a	5	None
362.0	0.5	121.0	C#5	73.0	True	121.0	3.0	229.0	V7	False	('E', 'G#', 'B', 'D')	E	E	0.0	dominant seventh chord	(2, 4, 8, 11)	a	a	5	None
362.0	0.5	121.0	G#4	68.0	True	121.0	3.0	229.0	V7	False	('E', 'G#', 'B', 'D')	E	E	0.0	dominant seventh chord	(2, 4, 8, 11)	a	a	5	None
362.5	0.5	121.0	D5	74.0	True	121.0	3.0	229.0	V7	False	('E', 'G#', 'B', 'D')	E	E	0.0	dominant seventh chord	(2, 4, 8, 11)	a	a	5	None
362.5	0.5	121.0	B4	71.0	True	121.0	3.0	229.0	V7	False	('E', 'G#', 'B', 'D')	E	E	0.0	dominant seventh chord	(2, 4, 8, 11)	a	a	5	None
362.5	0.5	121.0	G#4	68.0	True	121.0	3.0	229.0	V7	False	('E', 'G#', 'B', 'D')	E	E	0.0	dominant seventh chord	(2, 4, 8, 11)	a	a	5	None
363.0	0.25	122.0	C#5	73.0	True	122.0	1.5	230.0	I	True	('A', 'C#', 'E')	A	A	0.0	major triad	(1, 4, 9)	a	a	1	None
363.0	2.0	122.0	A4	69.0	True	122.0	1.5	230.0	I	True	('A', 'C#', 'E')	A	A	0.0	major triad	(1, 4, 9)	a	a	1	None
363.0	1.0	122.0	A4	69.0	True	122.0	1.5	230.0	I	True	('A', 'C#', 'E')	A	A	0.0	major triad	(1, 4, 9)	a	a	1	None
363.25	0.25	122.0	E5	76.0	True	122.0	1.5	230.0	I	False	('A', 'C#', 'E')	A	A	0.0	major triad	(1, 4, 9)	a	a	1	None
363.5	0.25	122.0	C#5	73.0	True	122.0	1.5	230.0	I	False	('A', 'C#', 'E')	A	A	0.0	major triad	(1, 4, 9)	a	a	1	None
363.75	0.25	122.0	E5	76.0	True	122.0	1.5	230.0	I	False	('A', 'C#', 'E')	A	A	0.0	major triad	(1, 4, 9)	a	a	1	None
364.0	0.25	122.0	D5	74.0	True	122.0	1.5	230.0	I	False	('A', 'C#', 'E')	A	A	0.0	major triad	(1, 4, 9)	a	a	1	None
364.25	0.25	122.0	F#5	78.0	True	122.0	1.5	230.0	I	False	('A', 'C#', 'E')	A	A	0.0	major triad	(1, 4, 9)	a	a	1	None
364.5	0.5	122.0	B4	71.0	True	122.0	1.5	231.0	ii	True	('B', 'D', 'F#')	B	B	0.0	minor triad	(2, 6, 11)	a	a	2	None
365.0	0.5	122.0	G#4	68.0	True	122.0	1.5	231.0	ii	False	('B', 'D', 'F#')	B	B	0.0	minor triad	(2, 6, 11)	a	a	2	None
365.5	0.5	122.0	F#4	66.0	True	122.0	1.5	231.0	ii	False	('B', 'D', 'F#')	B	B	0.0	minor triad	(2, 6, 11)	a	a	2	None
366.0	0.25	123.0	B4	71.0	True	123.0	1.5	232.0	V7	True	('E', 'G#', 'B', 'D')	E	E	0.0	dominant seventh chord	(2, 4, 8, 11)	a	a	5	None
366.0	2.0	123.0	G#4	68.0	True	123.0	1.5	232.0	V7	True	('E', 'G#', 'B', 'D')	E	E	0.0	dominant seventh chord	(2, 4, 8, 11)	a	a	5	None
366.25	0.25	123.0	D5	74.0	True	123.0	1.5	232.0	V7	False	('E', 'G#', 'B', 'D')	E	E	0.0	dominant seventh chord	(2, 4, 8, 11)	a	a	5	None
366.5	0.25	123.0	B4	71.0	True	123.0	1.5	232.0	V7	False	('E', 'G#', 'B', 'D')	E	E	0.0	dominant seventh chord	(2, 4, 8, 11)	a	a	5	None
366.75	0.25	123.0	D5	74.0	True	123.0	1.5	232.0	V7	False	('E', 'G#', 'B', 'D')	E	E	0.0	dominant seventh chord	(2, 4, 8, 11)	a	a	5	None
367.0	0.25	123.0	C#5	73.0	True	123.0	1.5	232.0	V7	False	('E', 'G#', 'B', 'D')	E	E	0.0	dominant seventh chord	(2, 4, 8, 11)	a	a	5	None
367.25	0.25	123.0	E5	76.0	True	123.0	1.5	232.0	V7	False	('E', 'G#', 'B', 'D')	E	E	0.0	dominant seventh chord	(2, 4, 8, 11)	a	a	5	None
367.5	0.5	123.0	A4	69.0	True	123.0	1.5	233.0	i	True	('A', 'C', 'E')	A	A	0.0	minor triad	(0, 4, 9)	a	a	1	None
368.0	0.5	123.0	F#4	66.0	True	123.0	1.5	233.0	i	False	('A', 'C', 'E')	A	A	0.0	minor triad	(0, 4, 9)	a	a	1	None
368.5	0.5	123.0	E4	64.0	True	123.0	1.5	233.0	i	False	('A', 'C', 'E')	A	A	0.0	minor triad	(0, 4, 9)	a	a	1	None
369.0	2.0	124.0	F#4	66.0	True	124.0	1.5	234.0	vi	True	('F#', 'A', 'C#')	F#	F#	0.0	minor triad	(1, 6, 9)	a	a	#6	None
369.0	0.25	124.0	A4	69.0	True	124.0	1.5	234.0	vi	True	('F#', 'A', 'C#')	F#	F#	0.0	minor triad	(1, 6, 9)	a	a	#6	None
369.25	0.25	124.0	C#5	73.0	True	124.0	1.5	234.0	vi	False	('F#', 'A', 'C#')	F#	F#	0.0	minor triad	(1, 6, 9)	a	a	#6	None
369.5	0.25	124.0	A4	69.0	True	124.0	1.5	234.0	vi	False	('F#', 'A', 'C#')	F#	F#	0.0	minor triad	(1, 6, 9)	a	a	#6	None
369.75	0.25	124.0	C#5	73.0	True	124.0	1.5	234.0	vi	False	('F#', 'A', 'C#')	F#	F#	0.0	minor triad	(1, 6, 9)	a	a	#6	None
370.0	0.25	124.0	B4	71.0	True	124.0	1.5	234.0	vi	False	('F#', 'A', 'C#')	F#	F#	0.0	minor triad	(1, 6, 9)	a	a	#6	None
370.25	0.25	124.0	D5	74.0	True	124.0	1.5	234.0	vi	False	('F#', 'A', 'C#')	F#	F#	0.0	minor triad	(1, 6, 9)	a	a	#6	None
370.5	0.25	124.0	G#4	68.0	True	124.0	1.5	235.0	V7	True	('E', 'G#', 'B', 'D')	E	E	0.0	dominant seventh chord	(2, 4, 8, 11)	a	a	5	None
370.75	0.25	124.0	B4	71.0	True	124.0	1.5	235.0	V7	False	('E', 'G#', 'B', 'D')	E	E	0.0	dominant seventh chord	(2, 4, 8, 11)	a	a	5	None
371.0	0.25	124.0	G#4	68.0	True	124.0	1.5	235.0	V7	False	('E', 'G#', 'B', 'D')	E	E	0.0	dominant seventh chord	(2, 4, 8, 11)	a	a	5	None
371.0	0.5	124.0	E4	64.0	True	124.0	1.5	235.0	V7	False	('E', 'G#', 'B', 'D')	E	E	0.0	dominant seventh chord	(2, 4, 8, 11)	a	a	5	None
371.25	0.25	124.0	B4	71.0	True	124.0	1.5	235.0	V7	False	('E', 'G#', 'B', 'D')	E	E	0.0	dominant seventh chord	(2, 4, 8, 11)	a	a	5	None
371.5	0.5	124.0	D4	62.0	True	124.0	1.5	235.0	V7	False	('E', 'G#', 'B', 'D')	E	E	0.0	dominant seventh chord	(2, 4, 8, 11)	a	a	5	None
371.5	0.25	124.0	A4	69.0	True	124.0	1.5	235.0	V7	False	('E', 'G#', 'B', 'D')	E	E	0.0	dominant seventh chord	(2, 4, 8, 11)	a	a	5	None
371.75	0.25	124.0	C#5	73.0	True	124.0	1.5	235.0	V7	False	('E', 'G#', 'B', 'D')	E	E	0.0	dominant seventh chord	(2, 4, 8, 11)	a	a	5	None
372.0	0.25	125.0	F#4	66.0	True	125.0	1.5	236.0	IV	True	('D', 'F#', 'A')	D	D	0.0	major triad	(2, 6, 9)	a	a	4	None
372.0	3.0	125.0	D4	62.0	True	125.0	1.5	236.0	IV	True	('D', 'F#', 'A')	D	D	0.0	major triad	(2, 6, 9)	a	a	4	None
372.25	0.25	125.0	A4	69.0	True	125.0	1.5	236.0	IV	False	('D', 'F#', 'A')	D	D	0.0	major triad	(2, 6, 9)	a	a	4	None
372.5	0.25	125.0	F#4	66.0	True	125.0	1.5	236.0	IV	False	('D', 'F#', 'A')	D	D	0.0	major triad	(2, 6, 9)	a	a	4	None
372.75	0.25	125.0	A4	69.0	True	125.0	1.5	236.0	IV	False	('D', 'F#', 'A')	D	D	0.0	major triad	(2, 6, 9)	a	a	4	None
373.0	0.25	125.0	G#4	68.0	True	125.0	1.5	236.0	IV	False	('D', 'F#', 'A')	D	D	0.0	major triad	(2, 6, 9)	a	a	4	None
373.25	0.25	125.0	B4	71.0	True	125.0	1.5	236.0	IV	False	('D', 'F#', 'A')	D	D	0.0	major triad	(2, 6, 9)	a	a	4	None
373.5	0.5	125.0	E4	64.0	True	125.0	1.5	237.0	V	True	('E', 'G#', 'B')	E	E	0.0	major triad	(4, 8, 11)	a	a	5	None
374.0	0.5	125.0	F#4	66.0	True	125.0	1.5	237.0	V	False	('E', 'G#', 'B')	E	E	0.0	major triad	(4, 8, 11)	a	a	5	None
374.5	0.5	125.0	G#4	68.0	True	125.0	1.5	237.0	V	False	('E', 'G#', 'B')	E	E	0.0	major triad	(4, 8, 11)	a	a	5	None
375.0	0.5	126.0	A4	69.0	True	126.0	1.0	238.0	I	True	('A', 'C#', 'E')	A	A	0.0	major triad	(1, 4, 9)	a	a	1	None
375.0	1.0	126.0	C#4	61.0	True	126.0	1.0	238.0	I	True	('A', 'C#', 'E')	A	A	0.0	major triad	(1, 4, 9)	a	a	1	None
375.5	0.25	126.0	C#5	73.0	True	126.0	1.0	238.0	I	False	('A', 'C#', 'E')	A	A	0.0	major triad	(1, 4, 9)	a	a	1	None
375.75	0.25	126.0	A4	69.0	True	126.0	1.0	238.0	I	False	('A', 'C#', 'E')	A	A	0.0	major triad	(1, 4, 9)	a	a	1	None
376.0	0.5	126.0	E4	64.0	True	126.0	0.5	239.0	V7	True	('E', 'G#', 'B', 'D')	E	E	0.0	dominant seventh chord	(2, 4, 8, 11)	a	a	5	None
376.0	0.5	126.0	E4	64.0	True	126.0	0.5	239.0	V7	True	('E', 'G#', 'B', 'D')	E	E	0.0	dominant seventh chord	(2, 4, 8, 11)	a	a	5	None
376.0	0.5	126.0	D4	62.0	True	126.0	0.5	239.0	V7	True	('E', 'G#', 'B', 'D')	E	E	0.0	dominant seventh chord	(2, 4, 8, 11)	a	a	5	None
376.0	0.5	126.0	G#4	68.0	True	126.0	0.5	239.0	V7	True	('E', 'G#', 'B', 'D')	E	E	0.0	dominant seventh chord	(2, 4, 8, 11)	a	a	5	None
376.5	0.5	126.0	A4	69.0	True	126.0	1.0	240.0	I	True	('A', 'C#', 'E')	A	A	0.0	major triad	(1, 4, 9)	a	a	1	None
376.5	0.5	126.0	A4	69.0	True	126.0	1.0	240.0	I	True	('A', 'C#', 'E')	A	A	0.0	major triad	(1, 4, 9)	a	a	1	None
376.5	1.0	126.0	E4	64.0	True	126.0	1.0	240.0	I	True	('A', 'C#', 'E')	A	A	0.0	major triad	(1, 4, 9)	a	a	1	None
376.5	1.0	126.0	C#4	61.0	True	126.0	1.0	240.0	I	True	('A', 'C#', 'E')	A	A	0.0	major triad	(1, 4, 9)	a	a	1	None
377.0	0.25	126.0	C#5	73.0	True	126.0	1.0	240.0	I	False	('A', 'C#', 'E')	A	A	0.0	major triad	(1, 4, 9)	a	a	1	None
377.0	0.5	126.0	E4	64.0	True	126.0	1.0	240.0	I	False	('A', 'C#', 'E')	A	A	0.0	major triad	(1, 4, 9)	a	a	1	None
377.25	0.25	126.0	A4	69.0	True	126.0	1.0	240.0	I	False	('A', 'C#', 'E')	A	A	0.0	major triad	(1, 4, 9)	a	a	1	None
377.5	0.5	126.0	D4	62.0	True	126.0	0.5	241.0	V7	True	('E', 'G#', 'B', 'D')	E	E	0.0	dominant seventh chord	(2, 4, 8, 11)	a	a	5	None
377.5	0.5	126.0	E4	64.0	True	126.0	0.5	241.0	V7	True	('E', 'G#', 'B', 'D')	E	E	0.0	dominant seventh chord	(2, 4, 8, 11)	a	a	5	None
377.5	0.5	126.0	E4	64.0	True	126.0	0.5	241.0	V7	True	('E', 'G#', 'B', 'D')	E	E	0.0	dominant seventh chord	(2, 4, 8, 11)	a	a	5	None
377.5	0.5	126.0	G#4	68.0	True	126.0	0.5	241.0	V7	True	('E', 'G#', 'B', 'D')	E	E	0.0	dominant seventh chord	(2, 4, 8, 11)	a	a	5	None
378.0	0.5	127.0	A4	69.0	True	127.0	1.0	242.0	I	True	('A', 'C#', 'E')	A	A	0.0	major triad	(1, 4, 9)	a	a	1	None
378.0	0.5	127.0	A4	69.0	True	127.0	1.0	242.0	I	True	('A', 'C#', 'E')	A	A	0.0	major triad	(1, 4, 9)	a	a	1	None
378.0	1.0	127.0	E4	64.0	True	127.0	1.0	242.0	I	True	('A', 'C#', 'E')	A	A	0.0	major triad	(1, 4, 9)	a	a	1	None
378.0	1.0	127.0	C#4	61.0	True	127.0	1.0	242.0	I	True	('A', 'C#', 'E')	A	A	0.0	major triad	(1, 4, 9)	a	a	1	None
378.5	0.25	127.0	C#5	73.0	True	127.0	1.0	242.0	I	False	('A', 'C#', 'E')	A	A	0.0	major triad	(1, 4, 9)	a	a	1	None
378.5	0.5	127.0	E4	64.0	True	127.0	1.0	242.0	I	False	('A', 'C#', 'E')	A	A	0.0	major triad	(1, 4, 9)	a	a	1	None
378.75	0.25	127.0	A4	69.0	True	127.0	1.0	242.0	I	False	('A', 'C#', 'E')	A	A	0.0	major triad	(1, 4, 9)	a	a	1	None
379.0	0.5	127.0	E4	64.0	True	127.0	0.5	243.0	V7	True	('E', 'G#', 'B', 'D')	E	E	0.0	dominant seventh chord	(2, 4, 8, 11)	a	a	5	None
379.0	0.5	127.0	G#4	68.0	True	127.0	0.5	243.0	V7	True	('E', 'G#', 'B', 'D')	E	E	0.0	dominant seventh chord	(2, 4, 8, 11)	a	a	5	None
379.0	0.5	127.0	B3	59.0	True	127.0	0.5	243.0	V7	True	('E', 'G#', 'B', 'D')	E	E	0.0	dominant seventh chord	(2, 4, 8, 11)	a	a	5	None
379.0	0.5	127.0	D4	62.0	True	127.0	0.5	243.0	V7	True	('E', 'G#', 'B', 'D')	E	E	0.0	dominant seventh chord	(2, 4, 8, 11)	a	a	5	None
379.5	0.5	127.0	C#4	61.0	True	127.0	0.5	244.0	I	True	('A', 'C#', 'E')	A	A	0.0	major triad	(1, 4, 9)	a	a	1	None
379.5	0.5	127.0	A4	69.0	True	127.0	0.5	244.0	I	True	('A', 'C#', 'E')	A	A	0.0	major triad	(1, 4, 9)	a	a	1	None
379.5	0.5	127.0	A3	57.0	True	127.0	0.5	244.0	I	True	('A', 'C#', 'E')	A	A	0.0	major triad	(1, 4, 9)	a	a	1	None
379.5	0.5	127.0	A4	69.0	True	127.0	0.5	244.0	I	True	('A', 'C#', 'E')	A	A	0.0	major triad	(1, 4, 9)	a	a	1	None
380.0	0.5	127.0	D4	62.0	True	127.0	0.5	245.0	V7	True	('E', 'G#', 'B', 'D')	E	E	0.0	dominant seventh chord	(2, 4, 8, 11)	a	a	5	None
380.0	0.5	127.0	E4	64.0	True	127.0	0.5	245.0	V7	True	('E', 'G#', 'B', 'D')	E	E	0.0	dominant seventh chord	(2, 4, 8, 11)	a	a	5	None
380.0	0.5	127.0	G#4	68.0	True	127.0	0.5	245.0	V7	True	('E', 'G#', 'B', 'D')	E	E	0.0	dominant seventh chord	(2, 4, 8, 11)	a	a	5	None
380.0	0.5	127.0	B3	59.0	True	127.0	0.5	245.0	V7	True	('E', 'G#', 'B', 'D')	E	E	0.0	dominant seventh chord	(2, 4, 8, 11)	a	a	5	None
380.5	0.5	127.0	A4	69.0	True	127.0	0.5	246.0	I	True	('A', 'C#', 'E')	A	A	0.0	major triad	(1, 4, 9)	a	a	1	None
380.5	0.5	127.0	E4	64.0	True	127.0	0.5	246.0	I	True	('A', 'C#', 'E')	A	A	0.0	major triad	(1, 4, 9)	a	a	1	None
380.5	0.5	127.0	A3	57.0	True	127.0	0.5	246.0	I	True	('A', 'C#', 'E')	A	A	0.0	major triad	(1, 4, 9)	a	a	1	None
380.5	0.5	127.0	C#4	61.0	True	127.0	0.5	246.0	I	True	('A', 'C#', 'E')	A	A	0.0	major triad	(1, 4, 9)	a	a	1	None
381.0	0.5	128.0	E4	64.0	True	128.0	0.5	247.0	V7	True	('E', 'G#', 'B', 'D')	E	E	0.0	dominant seventh chord	(2, 4, 8, 11)	a	a	5	None
381.0	0.5	128.0	B3	59.0	True	128.0	0.5	247.0	V7	True	('E', 'G#', 'B', 'D')	E	E	0.0	dominant seventh chord	(2, 4, 8, 11)	a	a	5	None
381.0	0.5	128.0	D4	62.0	True	128.0	0.5	247.0	V7	True	('E', 'G#', 'B', 'D')	E	E	0.0	dominant seventh chord	(2, 4, 8, 11)	a	a	5	None
381.0	0.5	128.0	G#4	68.0	True	128.0	0.5	247.0	V7	True	('E', 'G#', 'B', 'D')	E	E	0.0	dominant seventh chord	(2, 4, 8, 11)	a	a	5	None
381.5	0.5	128.0	A4	69.0	True	128.0	0.5	248.0	I	True	('A', 'C#', 'E')	A	A	0.0	major triad	(1, 4, 9)	a	a	1	None
381.5	0.5	128.0	E4	64.0	True	128.0	0.5	248.0	I	True	('A', 'C#', 'E')	A	A	0.0	major triad	(1, 4, 9)	a	a	1	None
381.5	0.5	128.0	A3	57.0	True	128.0	0.5	248.0	I	True	('A', 'C#', 'E')	A	A	0.0	major triad	(1, 4, 9)	a	a	1	None
381.5	0.5	128.0	C#4	61.0	True	128.0	0.5	248.0	I	True	('A', 'C#', 'E')	A	A	0.0	major triad	(1, 4, 9)	a	a	1	None
382.0	0.5	128.0	D4	62.0	True	128.0	0.5	249.0	V7	True	('E', 'G#', 'B', 'D')	E	E	0.0	dominant seventh chord	(2, 4, 8, 11)	a	a	5	None
382.0	0.5	128.0	B3	59.0	True	128.0	0.5	249.0	V7	True	('E', 'G#', 'B', 'D')	E	E	0.0	dominant seventh chord	(2, 4, 8, 11)	a	a	5	None
382.0	0.5	128.0	G#4	68.0	True	128.0	0.5	249.0	V7	True	('E', 'G#', 'B', 'D')	E	E	0.0	dominant seventh chord	(2, 4, 8, 11)	a	a	5	None
382.0	0.5	128.0	E4	64.0	True	128.0	0.5	249.0	V7	True	('E', 'G#', 'B', 'D')	E	E	0.0	dominant seventh chord	(2, 4, 8, 11)	a	a	5	None
382.5	0.5	128.0	C#4	61.0	True	128.0	0.5	250.0	I	True	('A', 'C#', 'E')	A	A	0.0	major triad	(1, 4, 9)	a	a	1	None
382.5	0.5	128.0	A4	69.0	True	128.0	0.5	250.0	I	True	('A', 'C#', 'E')	A	A	0.0	major triad	(1, 4, 9)	a	a	1	None
382.5	0.5	128.0	A3	57.0	True	128.0	0.5	250.0	I	True	('A', 'C#', 'E')	A	A	0.0	major triad	(1, 4, 9)	a	a	1	None
382.5	0.5	128.0	E4	64.0	True	128.0	0.5	250.0	I	True	('A', 'C#', 'E')	A	A	0.0	major triad	(1, 4, 9)	a	a	1	None
383.0	0.5	128.0	D4	62.0	True	128.0	0.5	251.0	V7	True	('E', 'G#', 'B', 'D')	E	E	0.0	dominant seventh chord	(2, 4, 8, 11)	a	a	5	None
383.0	0.5	128.0	G#4	68.0	True	128.0	0.5	251.0	V7	True	('E', 'G#', 'B', 'D')	E	E	0.0	dominant seventh chord	(2, 4, 8, 11)	a	a	5	None
383.0	0.5	128.0	E4	64.0	True	128.0	0.5	251.0	V7	True	('E', 'G#', 'B', 'D')	E	E	0.0	dominant seventh chord	(2, 4, 8, 11)	a	a	5	None
383.0	0.5	128.0	B3	59.0	True	128.0	0.5	251.0	V7	True	('E', 'G#', 'B', 'D')	E	E	0.0	dominant seventh chord	(2, 4, 8, 11)	a	a	5	None
383.5	0.5	128.0	A4	69.0	True	128.0	0.5	252.0	I	True	('A', 'C#', 'E')	A	A	0.0	major triad	(1, 4, 9)	a	a	1	None
383.5	0.5	128.0	E4	64.0	True	128.0	0.5	252.0	I	True	('A', 'C#', 'E')	A	A	0.0	major triad	(1, 4, 9)	a	a	1	None
383.5	0.5	128.0	A3	57.0	True	128.0	0.5	252.0	I	True	('A', 'C#', 'E')	A	A	0.0	major triad	(1, 4, 9)	a	a	1	None
383.5	0.5	128.0	C#4	61.0	True	128.0	0.5	252.0	I	True	('A', 'C#', 'E')	A	A	0.0	major triad	(1, 4, 9)	a	a	1	None
384.0	0.25	129.0	G#4	68.0	True	129.0	3.0	253.0	V7	True	('E', 'G#', 'B', 'D')	E	E	0.0	dominant seventh chord	(2, 4, 8, 11)	a	a	5	None
384.0	1.0	129.0	E4	64.0	True	129.0	3.0	253.0	V7	True	('E', 'G#', 'B', 'D')	E	E	0.0	dominant seventh chord	(2, 4, 8, 11)	a	a	5	None
384.0	1.0	129.0	D4	62.0	True	129.0	3.0	253.0	V7	True	('E', 'G#', 'B', 'D')	E	E	0.0	dominant seventh chord	(2, 4, 8, 11)	a	a	5	None
384.0	1.0	129.0	B3	59.0	True	129.0	3.0	253.0	V7	True	('E', 'G#', 'B', 'D')	E	E	0.0	dominant seventh chord	(2, 4, 8, 11)	a	a	5	None
384.25	0.25	129.0	A4	69.0	True	129.0	3.0	253.0	V7	False	('E', 'G#', 'B', 'D')	E	E	0.0	dominant seventh chord	(2, 4, 8, 11)	a	a	5	None
384.5	0.25	129.0	B4	71.0	True	129.0	3.0	253.0	V7	False	('E', 'G#', 'B', 'D')	E	E	0.0	dominant seventh chord	(2, 4, 8, 11)	a	a	5	None
384.75	0.25	129.0	C#5	73.0	True	129.0	3.0	253.0	V7	False	('E', 'G#', 'B', 'D')	E	E	0.0	dominant seventh chord	(2, 4, 8, 11)	a	a	5	None
385.0	0.25	129.0	D5	74.0	True	129.0	3.0	253.0	V7	False	('E', 'G#', 'B', 'D')	E	E	0.0	dominant seventh chord	(2, 4, 8, 11)	a	a	5	None
385.25	0.25	129.0	E5	76.0	True	129.0	3.0	253.0	V7	False	('E', 'G#', 'B', 'D')	E	E	0.0	dominant seventh chord	(2, 4, 8, 11)	a	a	5	None
385.5	0.25	129.0	D5	74.0	True	129.0	3.0	253.0	V7	False	('E', 'G#', 'B', 'D')	E	E	0.0	dominant seventh chord	(2, 4, 8, 11)	a	a	5	None
385.75	0.25	129.0	C#5	73.0	True	129.0	3.0	253.0	V7	False	('E', 'G#', 'B', 'D')	E	E	0.0	dominant seventh chord	(2, 4, 8, 11)	a	a	5	None
386.0	0.25	129.0	B4	71.0	True	129.0	3.0	253.0	V7	False	('E', 'G#', 'B', 'D')	E	E	0.0	dominant seventh chord	(2, 4, 8, 11)	a	a	5	None
386.25	0.25	129.0	A4	69.0	True	129.0	3.0	253.0	V7	False	('E', 'G#', 'B', 'D')	E	E	0.0	dominant seventh chord	(2, 4, 8, 11)	a	a	5	None
386.5	0.25	129.0	G#4	68.0	True	129.0	3.0	253.0	V7	False	('E', 'G#', 'B', 'D')	E	E	0.0	dominant seventh chord	(2, 4, 8, 11)	a	a	5	None
386.75	0.25	129.0	F#4	66.0	True	129.0	3.0	253.0	V7	False	('E', 'G#', 'B', 'D')	E	E	0.0	dominant seventh chord	(2, 4, 8, 11)	a	a	5	None
387.0	1.0	130.0	E4	64.0	True	130.0	3.0	254.0	V7	True	('E', 'G#', 'B', 'D')	E	E	0.0	dominant seventh chord	(2, 4, 8, 11)	a	a	5	None
389.5	0.5	130.0	E5	76.0	True	130.0	3.0	254.0	V7	False	('E', 'G#', 'B', 'D')	E	E	0.0	dominant seventh chord	(2, 4, 8, 11)	a	a	5	None
390.0	2.0	131.0	C6	84.0	True	131.0	1.5	255.0	i	True	('A', 'C', 'E')	A	A	0.0	minor triad	(0, 4, 9)	a	a	1	None
390.0	1.5	131.0	E5	76.0	True	131.0	1.5	255.0	i	True	('A', 'C', 'E')	A	A	0.0	minor triad	(0, 4, 9)	a	a	1	None
390.0	1.5	131.0	A3	57.0	True	131.0	1.5	255.0	i	True	('A', 'C', 'E')	A	A	0.0	minor triad	(0, 4, 9)	a	a	1	None
390.0	0.5	131.0	A3	57.0	True	131.0	1.5	255.0	i	True	('A', 'C', 'E')	A	A	0.0	minor triad	(0, 4, 9)	a	a	1	None
390.5	0.5	131.0	A3	57.0	True	131.0	1.5	255.0	i	False	('A', 'C', 'E')	A	A	0.0	minor triad	(0, 4, 9)	a	a	1	None
391.0	0.5	131.0	A3	57.0	True	131.0	1.5	255.0	i	False	('A', 'C', 'E')	A	A	0.0	minor triad	(0, 4, 9)	a	a	1	None
391.5	1.5	131.0	F5	77.0	True	131.0	1.5	256.0	iv7	True	('D', 'F', 'A', 'C')	D	D	0.0	minor seventh chord	(0, 2, 5, 9)	a	a	4	None
391.5	1.5	131.0	A4	69.0	True	131.0	1.5	256.0	iv7	True	('D', 'F', 'A', 'C')	D	D	0.0	minor seventh chord	(0, 2, 5, 9)	a	a	4	None
391.5	0.5	131.0	D3	50.0	True	131.0	1.5	256.0	iv7	True	('D', 'F', 'A', 'C')	D	D	0.0	minor seventh chord	(0, 2, 5, 9)	a	a	4	None
392.0	0.5	131.0	C6	84.0	False	131.0	1.5	256.0	iv7	False	('D', 'F', 'A', 'C')	D	D	0.0	minor seventh chord	(0, 2, 5, 9)	a	a	4	None
392.0	0.5	131.0	D3	50.0	True	131.0	1.5	256.0	iv7	False	('D', 'F', 'A', 'C')	D	D	0.0	minor seventh chord	(0, 2, 5, 9)	a	a	4	None
392.5	0.5	131.0	D6	86.0	True	131.0	1.5	256.0	iv7	False	('D', 'F', 'A', 'C')	D	D	0.0	minor seventh chord	(0, 2, 5, 9)	a	a	4	None
392.5	0.5	131.0	D3	50.0	True	131.0	1.5	256.0	iv7	False	('D', 'F', 'A', 'C')	D	D	0.0	minor seventh chord	(0, 2, 5, 9)	a	a	4	None
393.0	1.5	132.0	F5	77.0	False	132.0	1.5	257.0	I7	True	('G', 'B', 'D', 'F#')	G	G	0.0	major seventh chord	(2, 6, 7, 11)	G	G	1	None
393.0	0.5	132.0	B5	83.0	True	132.0	1.5	257.0	I7	True	('G', 'B', 'D', 'F#')	G	G	0.0	major seventh chord	(2, 6, 7, 11)	G	G	1	None
393.0	1.5	132.0	D4	62.0	True	132.0	1.5	257.0	I7	True	('G', 'B', 'D', 'F#')	G	G	0.0	major seventh chord	(2, 6, 7, 11)	G	G	1	None
393.0	0.5	132.0	G3	55.0	True	132.0	1.5	257.0	I7	True	('G', 'B', 'D', 'F#')	G	G	0.0	major seventh chord	(2, 6, 7, 11)	G	G	1	None
393.5	0.5	132.0	A5	81.0	True	132.0	1.5	257.0	I7	False	('G', 'B', 'D', 'F#')	G	G	0.0	major seventh chord	(2, 6, 7, 11)	G	G	1	None
393.5	0.5	132.0	G3	55.0	True	132.0	1.5	257.0	I7	False	('G', 'B', 'D', 'F#')	G	G	0.0	major seventh chord	(2, 6, 7, 11)	G	G	1	None
394.0	0.5	132.0	G3	55.0	True	132.0	1.5	257.0	I7	False	('G', 'B', 'D', 'F#')	G	G	0.0	major seventh chord	(2, 6, 7, 11)	G	G	1	None
394.0	0.5	132.0	G5	79.0	True	132.0	1.5	257.0	I7	False	('G', 'B', 'D', 'F#')	G	G	0.0	major seventh chord	(2, 6, 7, 11)	G	G	1	None
394.5	1.0	132.0	G5	79.0	True	132.0	1.5	258.0	I	True	('G', 'B', 'D')	G	G	0.0	major triad	(2, 7, 11)	G	G	1	None
394.5	1.5	132.0	D5	74.0	True	132.0	1.5	258.0	I	True	('G', 'B', 'D')	G	G	0.0	major triad	(2, 7, 11)	G	G	1	None
394.5	1.5	132.0	G3	55.0	True	132.0	1.5	258.0	I	True	('G', 'B', 'D')	G	G	0.0	major triad	(2, 7, 11)	G	G	1	None
394.5	0.5	132.0	B2	47.0	True	132.0	1.5	258.0	I	True	('G', 'B', 'D')	G	G	0.0	major triad	(2, 7, 11)	G	G	1	None
395.0	0.5	132.0	B2	47.0	True	132.0	1.5	258.0	I	False	('G', 'B', 'D')	G	G	0.0	major triad	(2, 7, 11)	G	G	1	None
395.5	0.5	132.0	F5	77.0	True	132.0	1.5	258.0	I	False	('G', 'B', 'D')	G	G	0.0	major triad	(2, 7, 11)	G	G	1	None
395.5	0.5	132.0	B2	47.0	True	132.0	1.5	258.0	I	False	('G', 'B', 'D')	G	G	0.0	major triad	(2, 7, 11)	G	G	1	None
396.0	0.5	133.0	E5	76.0	True	133.0	1.5	259.0	IV	True	('C', 'E', 'G')	C	C	0.0	major triad	(0, 4, 7)	G	G	4	None
396.0	1.5	133.0	G4	67.0	True	133.0	1.5	259.0	IV	True	('C', 'E', 'G')	C	C	0.0	major triad	(0, 4, 7)	G	G	4	None
396.0	1.5	133.0	C4	60.0	True	133.0	1.5	259.0	IV	True	('C', 'E', 'G')	C	C	0.0	major triad	(0, 4, 7)	G	G	4	None
396.0	0.5	133.0	C3	48.0	True	133.0	1.5	259.0	IV	True	('C', 'E', 'G')	C	C	0.0	major triad	(0, 4, 7)	G	G	4	None
396.5	0.5	133.0	C3	48.0	True	133.0	1.5	259.0	IV	False	('C', 'E', 'G')	C	C	0.0	major triad	(0, 4, 7)	G	G	4	None
396.5	0.5	133.0	D5	74.0	True	133.0	1.5	259.0	IV	False	('C', 'E', 'G')	C	C	0.0	major triad	(0, 4, 7)	G	G	4	None
397.0	0.5	133.0	C3	48.0	True	133.0	1.5	259.0	IV	False	('C', 'E', 'G')	C	C	0.0	major triad	(0, 4, 7)	G	G	4	None
397.0	0.5	133.0	E5	76.0	True	133.0	1.5	259.0	IV	False	('C', 'E', 'G')	C	C	0.0	major triad	(0, 4, 7)	G	G	4	None
397.5	1.5	133.0	A3	57.0	True	133.0	1.5	260.0	V7	True	('D', 'F#', 'A', 'C')	D	D	0.0	dominant seventh chord	(0, 2, 6, 9)	G	G	5	None
397.5	0.5	133.0	D3	50.0	True	133.0	1.5	260.0	V7	True	('D', 'F#', 'A', 'C')	D	D	0.0	dominant seventh chord	(0, 2, 6, 9)	G	G	5	None
397.5	0.5	133.0	F#5	78.0	True	133.0	1.5	260.0	V7	True	('D', 'F#', 'A', 'C')	D	D	0.0	dominant seventh chord	(0, 2, 6, 9)	G	G	5	None
397.5	1.5	133.0	C5	72.0	True	133.0	1.5	260.0	V7	True	('D', 'F#', 'A', 'C')	D	D	0.0	dominant seventh chord	(0, 2, 6, 9)	G	G	5	None
398.0	0.5	133.0	E5	76.0	True	133.0	1.5	260.0	V7	False	('D', 'F#', 'A', 'C')	D	D	0.0	dominant seventh chord	(0, 2, 6, 9)	G	G	5	None
398.0	0.5	133.0	D3	50.0	True	133.0	1.5	260.0	V7	False	('D', 'F#', 'A', 'C')	D	D	0.0	dominant seventh chord	(0, 2, 6, 9)	G	G	5	None
398.5	0.5	133.0	F#5	78.0	True	133.0	1.5	260.0	V7	False	('D', 'F#', 'A', 'C')	D	D	0.0	dominant seventh chord	(0, 2, 6, 9)	G	G	5	None
398.5	0.5	133.0	D3	50.0	True	133.0	1.5	260.0	V7	False	('D', 'F#', 'A', 'C')	D	D	0.0	dominant seventh chord	(0, 2, 6, 9)	G	G	5	None
399.0	1.5	134.0	G5	79.0	True	134.0	3.0	261.0	I	True	('G', 'B', 'D')	G	G	0.0	major triad	(2, 7, 11)	G	G	1	None
399.0	0.5	134.0	B4	71.0	True	134.0	3.0	261.0	I	True	('G', 'B', 'D')	G	G	0.0	major triad	(2, 7, 11)	G	G	1	None
399.0	1.0	134.0	G3	55.0	True	134.0	3.0	261.0	I	True	('G', 'B', 'D')	G	G	0.0	major triad	(2, 7, 11)	G	G	1	None
399.0	1.0	134.0	G2	43.0	True	134.0	3.0	261.0	I	True	('G', 'B', 'D')	G	G	0.0	major triad	(2, 7, 11)	G	G	1	None
399.5	0.25	134.0	B4	71.0	True	134.0	3.0	261.0	I	False	('G', 'B', 'D')	G	G	0.0	major triad	(2, 7, 11)	G	G	1	None
399.75	0.25	134.0	C5	72.0	True	134.0	3.0	261.0	I	False	('G', 'B', 'D')	G	G	0.0	major triad	(2, 7, 11)	G	G	1	None
400.0	0.25	134.0	D5	74.0	True	134.0	3.0	261.0	I	False	('G', 'B', 'D')	G	G	0.0	major triad	(2, 7, 11)	G	G	1	None
400.25	0.25	134.0	C5	72.0	True	134.0	3.0	261.0	I	False	('G', 'B', 'D')	G	G	0.0	major triad	(2, 7, 11)	G	G	1	None
400.5	1.0	134.0	G4	67.0	True	134.0	3.0	261.0	I	False	('G', 'B', 'D')	G	G	0.0	major triad	(2, 7, 11)	G	G	1	None
400.5	0.5	134.0	B4	71.0	True	134.0	3.0	261.0	I	False	('G', 'B', 'D')	G	G	0.0	major triad	(2, 7, 11)	G	G	1	None
401.5	0.5	134.0	G5	79.0	True	134.0	3.0	261.0	I	False	('G', 'B', 'D')	G	G	0.0	major triad	(2, 7, 11)	G	G	1	None
402.0	0.5	135.0	G4	67.0	True	135.0	1.5	262.0	I	True	('G', 'B', 'D')	G	G	0.0	major triad	(2, 7, 11)	G	G	1	None
402.0	0.25	135.0	B4	71.0	True	135.0	1.5	262.0	I	True	('G', 'B', 'D')	G	G	0.0	major triad	(2, 7, 11)	G	G	1	None
402.0	0.5	135.0	G5	79.0	True	135.0	1.5	262.0	I	True	('G', 'B', 'D')	G	G	0.0	major triad	(2, 7, 11)	G	G	1	None
402.25	0.25	135.0	D5	74.0	True	135.0	1.5	262.0	I	False	('G', 'B', 'D')	G	G	0.0	major triad	(2, 7, 11)	G	G	1	None
402.5	0.25	135.0	B4	71.0	True	135.0	1.5	262.0	I	False	('G', 'B', 'D')	G	G	0.0	major triad	(2, 7, 11)	G	G	1	None
402.5	0.5	135.0	G4	67.0	True	135.0	1.5	262.0	I	False	('G', 'B', 'D')	G	G	0.0	major triad	(2, 7, 11)	G	G	1	None
402.5	0.5	135.0	G4	67.0	True	135.0	1.5	262.0	I	False	('G', 'B', 'D')	G	G	0.0	major triad	(2, 7, 11)	G	G	1	None
402.75	0.25	135.0	D5	74.0	True	135.0	1.5	262.0	I	False	('G', 'B', 'D')	G	G	0.0	major triad	(2, 7, 11)	G	G	1	None
403.0	0.5	135.0	G5	79.0	True	135.0	1.5	262.0	I	False	('G', 'B', 'D')	G	G	0.0	major triad	(2, 7, 11)	G	G	1	None
403.0	0.25	135.0	B4	71.0	True	135.0	1.5	262.0	I	False	('G', 'B', 'D')	G	G	0.0	major triad	(2, 7, 11)	G	G	1	None
403.0	0.5	135.0	G4	67.0	True	135.0	1.5	262.0	I	False	('G', 'B', 'D')	G	G	0.0	major triad	(2, 7, 11)	G	G	1	None
403.25	0.25	135.0	D5	74.0	True	135.0	1.5	262.0	I	False	('G', 'B', 'D')	G	G	0.0	major triad	(2, 7, 11)	G	G	1	None
403.5	0.5	135.0	G5	79.0	True	135.0	1.5	263.0	V7/IV	True	('G', 'B', 'D', 'F')	G	G	0.0	dominant seventh chord	(2, 5, 7, 11)	G	C	5	4
403.5	0.5	135.0	E4	64.0	True	135.0	1.5	263.0	V7/IV	True	('G', 'B', 'D', 'F')	G	G	0.0	dominant seventh chord	(2, 5, 7, 11)	G	C	5	4
403.5	0.25	135.0	C#5	73.0	True	135.0	1.5	263.0	V7/IV	True	('G', 'B', 'D', 'F')	G	G	0.0	dominant seventh chord	(2, 5, 7, 11)	G	C	5	4
403.75	0.25	135.0	E5	76.0	True	135.0	1.5	263.0	V7/IV	False	('G', 'B', 'D', 'F')	G	G	0.0	dominant seventh chord	(2, 5, 7, 11)	G	C	5	4
404.0	0.5	135.0	G4	67.0	True	135.0	1.5	263.0	V7/IV	False	('G', 'B', 'D', 'F')	G	G	0.0	dominant seventh chord	(2, 5, 7, 11)	G	C	5	4
404.0	0.25	135.0	C#5	73.0	True	135.0	1.5	263.0	V7/IV	False	('G', 'B', 'D', 'F')	G	G	0.0	dominant seventh chord	(2, 5, 7, 11)	G	C	5	4
404.0	0.5	135.0	E4	64.0	True	135.0	1.5	263.0	V7/IV	False	('G', 'B', 'D', 'F')	G	G	0.0	dominant seventh chord	(2, 5, 7, 11)	G	C	5	4
404.25	0.25	135.0	E5	76.0	True	135.0	1.5	263.0	V7/IV	False	('G', 'B', 'D', 'F')	G	G	0.0	dominant seventh chord	(2, 5, 7, 11)	G	C	5	4
404.5	0.25	135.0	C#5	73.0	True	135.0	1.5	263.0	V7/IV	False	('G', 'B', 'D', 'F')	G	G	0.0	dominant seventh chord	(2, 5, 7, 11)	G	C	5	4
404.5	0.5	135.0	A4	69.0	True	135.0	1.5	263.0	V7/IV	False	('G', 'B', 'D', 'F')	G	G	0.0	dominant seventh chord	(2, 5, 7, 11)	G	C	5	4
404.5	0.5	135.0	G5	79.0	True	135.0	1.5	263.0	V7/IV	False	('G', 'B', 'D', 'F')	G	G	0.0	dominant seventh chord	(2, 5, 7, 11)	G	C	5	4
404.75	0.25	135.0	E5	76.0	True	135.0	1.5	263.0	V7/IV	False	('G', 'B', 'D', 'F')	G	G	0.0	dominant seventh chord	(2, 5, 7, 11)	G	C	5	4
405.0	0.5	136.0	F#5	78.0	True	136.0	3.0	264.0	IV	True	('C', 'E', 'G')	C	C	0.0	major triad	(0, 4, 7)	G	G	4	None
405.0	1.0	136.0	D5	74.0	True	136.0	3.0	264.0	IV	True	('C', 'E', 'G')	C	C	0.0	major triad	(0, 4, 7)	G	G	4	None
405.0	1.0	136.0	D4	62.0	True	136.0	3.0	264.0	IV	True	('C', 'E', 'G')	C	C	0.0	major triad	(0, 4, 7)	G	G	4	None
405.5	0.25	136.0	A5	81.0	True	136.0	3.0	264.0	IV	False	('C', 'E', 'G')	C	C	0.0	major triad	(0, 4, 7)	G	G	4	None
405.75	0.25	136.0	G5	79.0	True	136.0	3.0	264.0	IV	False	('C', 'E', 'G')	C	C	0.0	major triad	(0, 4, 7)	G	G	4	None
406.0	0.25	136.0	F#5	78.0	True	136.0	3.0	264.0	IV	False	('C', 'E', 'G')	C	C	0.0	major triad	(0, 4, 7)	G	G	4	None
406.25	0.25	136.0	E5	76.0	True	136.0	3.0	264.0	IV	False	('C', 'E', 'G')	C	C	0.0	major triad	(0, 4, 7)	G	G	4	None
406.5	1.0	136.0	D5	74.0	True	136.0	3.0	264.0	IV	False	('C', 'E', 'G')	C	C	0.0	major triad	(0, 4, 7)	G	G	4	None
407.5	0.5	136.0	A5	81.0	True	136.0	3.0	264.0	IV	False	('C', 'E', 'G')	C	C	0.0	major triad	(0, 4, 7)	G	G	4	None
408.0	0.5	137.0	A5	81.0	True	137.0	1.5	265.0	i	True	('G', 'B-', 'D')	G	G	0.0	minor triad	(2, 7, 10)	G	G	1	None
408.0	0.25	137.0	C5	72.0	True	137.0	1.5	265.0	i	True	('G', 'B-', 'D')	G	G	0.0	minor triad	(2, 7, 10)	G	G	1	None
408.0	0.5	137.0	A3	57.0	True	137.0	1.5	265.0	i	True	('G', 'B-', 'D')	G	G	0.0	minor triad	(2, 7, 10)	G	G	1	None
408.25	0.25	137.0	E5	76.0	True	137.0	1.5	265.0	i	False	('G', 'B-', 'D')	G	G	0.0	minor triad	(2, 7, 10)	G	G	1	None
408.5	0.5	137.0	A4	69.0	True	137.0	1.5	265.0	i	False	('G', 'B-', 'D')	G	G	0.0	minor triad	(2, 7, 10)	G	G	1	None
408.5	0.5	137.0	A4	69.0	True	137.0	1.5	265.0	i	False	('G', 'B-', 'D')	G	G	0.0	minor triad	(2, 7, 10)	G	G	1	None
408.5	0.25	137.0	C5	72.0	True	137.0	1.5	265.0	i	False	('G', 'B-', 'D')	G	G	0.0	minor triad	(2, 7, 10)	G	G	1	None
408.75	0.25	137.0	E5	76.0	True	137.0	1.5	265.0	i	False	('G', 'B-', 'D')	G	G	0.0	minor triad	(2, 7, 10)	G	G	1	None
409.0	0.5	137.0	A5	81.0	True	137.0	1.5	265.0	i	False	('G', 'B-', 'D')	G	G	0.0	minor triad	(2, 7, 10)	G	G	1	None
409.0	0.5	137.0	A4	69.0	True	137.0	1.5	265.0	i	False	('G', 'B-', 'D')	G	G	0.0	minor triad	(2, 7, 10)	G	G	1	None
409.0	0.25	137.0	C5	72.0	True	137.0	1.5	265.0	i	False	('G', 'B-', 'D')	G	G	0.0	minor triad	(2, 7, 10)	G	G	1	None
409.25	0.25	137.0	E5	76.0	True	137.0	1.5	265.0	i	False	('G', 'B-', 'D')	G	G	0.0	minor triad	(2, 7, 10)	G	G	1	None
409.5	0.5	137.0	F#4	66.0	True	137.0	1.5	266.0	V7/V	True	('A', 'C#', 'E', 'G')	A	A	0.0	dominant seventh chord	(1, 4, 7, 9)	G	D	5	5
409.5	0.5	137.0	A5	81.0	True	137.0	1.5	266.0	V7/V	True	('A', 'C#', 'E', 'G')	A	A	0.0	dominant seventh chord	(1, 4, 7, 9)	G	D	5	5
409.5	0.25	137.0	D#5	75.0	True	137.0	1.5	266.0	V7/V	True	('A', 'C#', 'E', 'G')	A	A	0.0	dominant seventh chord	(1, 4, 7, 9)	G	D	5	5
409.75	0.25	137.0	F#5	78.0	True	137.0	1.5	266.0	V7/V	False	('A', 'C#', 'E', 'G')	A	A	0.0	dominant seventh chord	(1, 4, 7, 9)	G	D	5	5
410.0	0.5	137.0	A4	69.0	True	137.0	1.5	266.0	V7/V	False	('A', 'C#', 'E', 'G')	A	A	0.0	dominant seventh chord	(1, 4, 7, 9)	G	D	5	5
410.0	0.25	137.0	D#5	75.0	True	137.0	1.5	266.0	V7/V	False	('A', 'C#', 'E', 'G')	A	A	0.0	dominant seventh chord	(1, 4, 7, 9)	G	D	5	5
410.0	0.5	137.0	B4	71.0	True	137.0	1.5	266.0	V7/V	False	('A', 'C#', 'E', 'G')	A	A	0.0	dominant seventh chord	(1, 4, 7, 9)	G	D	5	5
410.25	0.25	137.0	F#5	78.0	True	137.0	1.5	266.0	V7/V	False	('A', 'C#', 'E', 'G')	A	A	0.0	dominant seventh chord	(1, 4, 7, 9)	G	D	5	5
410.5	0.5	137.0	A5	81.0	True	137.0	1.5	266.0	V7/V	False	('A', 'C#', 'E', 'G')	A	A	0.0	dominant seventh chord	(1, 4, 7, 9)	G	D	5	5
410.5	0.25	137.0	D#5	75.0	True	137.0	1.5	266.0	V7/V	False	('A', 'C#', 'E', 'G')	A	A	0.0	dominant seventh chord	(1, 4, 7, 9)	G	D	5	5
410.5	0.5	137.0	B4	71.0	True	137.0	1.5	266.0	V7/V	False	('A', 'C#', 'E', 'G')	A	A	0.0	dominant seventh chord	(1, 4, 7, 9)	G	D	5	5
410.75	0.25	137.0	F#5	78.0	True	137.0	1.5	266.0	V7/V	False	('A', 'C#', 'E', 'G')	A	A	0.0	dominant seventh chord	(1, 4, 7, 9)	G	D	5	5
411.0	0.5	138.0	G#5	80.0	True	138.0	3.0	267.0	V	True	('D', 'F#', 'A')	D	D	0.0	major triad	(2, 6, 9)	G	G	5	None
411.0	1.0	138.0	E5	76.0	True	138.0	3.0	267.0	V	True	('D', 'F#', 'A')	D	D	0.0	major triad	(2, 6, 9)	G	G	5	None
411.0	1.0	138.0	E4	64.0	True	138.0	3.0	267.0	V	True	('D', 'F#', 'A')	D	D	0.0	major triad	(2, 6, 9)	G	G	5	None
411.5	0.25	138.0	B5	83.0	True	138.0	3.0	267.0	V	False	('D', 'F#', 'A')	D	D	0.0	major triad	(2, 6, 9)	G	G	5	None
411.75	0.25	138.0	A5	81.0	True	138.0	3.0	267.0	V	False	('D', 'F#', 'A')	D	D	0.0	major triad	(2, 6, 9)	G	G	5	None
412.0	0.25	138.0	G#5	80.0	True	138.0	3.0	267.0	V	False	('D', 'F#', 'A')	D	D	0.0	major triad	(2, 6, 9)	G	G	5	None
412.25	0.25	138.0	F#5	78.0	True	138.0	3.0	267.0	V	False	('D', 'F#', 'A')	D	D	0.0	major triad	(2, 6, 9)	G	G	5	None
412.5	1.0	138.0	E5	76.0	True	138.0	3.0	267.0	V	False	('D', 'F#', 'A')	D	D	0.0	major triad	(2, 6, 9)	G	G	5	None
413.5	0.25	138.0	G#4	68.0	True	138.0	3.0	267.0	V	False	('D', 'F#', 'A')	D	D	0.0	major triad	(2, 6, 9)	G	G	5	None
413.75	0.25	138.0	E4	64.0	True	138.0	3.0	267.0	V	False	('D', 'F#', 'A')	D	D	0.0	major triad	(2, 6, 9)	G	G	5	None
414.0	0.25	139.0	C5	72.0	True	139.0	1.0	268.0	viio7/V	True	('C#', 'E', 'G', 'B-')	C#	C#	0.0	diminished seventh chord	(1, 4, 7, 10)	G	D	7	5
414.25	0.25	139.0	A4	69.0	True	139.0	1.0	268.0	viio7/V	False	('C#', 'E', 'G', 'B-')	C#	C#	0.0	diminished seventh chord	(1, 4, 7, 10)	G	D	7	5
414.5	0.25	139.0	C5	72.0	True	139.0	1.0	268.0	viio7/V	False	('C#', 'E', 'G', 'B-')	C#	C#	0.0	diminished seventh chord	(1, 4, 7, 10)	G	D	7	5
414.5	0.5	139.0	C4	60.0	True	139.0	1.0	268.0	viio7/V	False	('C#', 'E', 'G', 'B-')	C#	C#	0.0	diminished seventh chord	(1, 4, 7, 10)	G	D	7	5
414.5	0.5	139.0	D#3	51.0	True	139.0	1.0	268.0	viio7/V	False	('C#', 'E', 'G', 'B-')	C#	C#	0.0	diminished seventh chord	(1, 4, 7, 10)	G	D	7	5
414.5	0.5	139.0	F#3	54.0	True	139.0	1.0	268.0	viio7/V	False	('C#', 'E', 'G', 'B-')	C#	C#	0.0	diminished seventh chord	(1, 4, 7, 10)	G	D	7	5
414.75	0.25	139.0	A4	69.0	True	139.0	1.0	268.0	viio7/V	False	('C#', 'E', 'G', 'B-')	C#	C#	0.0	diminished seventh chord	(1, 4, 7, 10)	G	D	7	5
415.0	0.25	139.0	G#4	68.0	True	139.0	0.5	269.0	V	True	('D', 'F#', 'A')	D	D	0.0	major triad	(2, 6, 9)	G	G	5	None
415.0	0.5	139.0	B3	59.0	True	139.0	0.5	269.0	V	True	('D', 'F#', 'A')	D	D	0.0	major triad	(2, 6, 9)	G	G	5	None
415.0	0.5	139.0	G#3	56.0	True	139.0	0.5	269.0	V	True	('D', 'F#', 'A')	D	D	0.0	major triad	(2, 6, 9)	G	G	5	None
415.0	0.5	139.0	E3	52.0	True	139.0	0.5	269.0	V	True	('D', 'F#', 'A')	D	D	0.0	major triad	(2, 6, 9)	G	G	5	None
415.25	0.25	139.0	E4	64.0	True	139.0	0.5	269.0	V	False	('D', 'F#', 'A')	D	D	0.0	major triad	(2, 6, 9)	G	G	5	None
415.5	0.25	139.0	C5	72.0	True	139.0	1.0	270.0	viio7	True	('F#', 'A', 'C', 'E-')	F#	F#	0.0	diminished seventh chord	(0, 3, 6, 9)	G	G	7	None
415.75	0.25	139.0	A4	69.0	True	139.0	1.0	270.0	viio7	False	('F#', 'A', 'C', 'E-')	F#	F#	0.0	diminished seventh chord	(0, 3, 6, 9)	G	G	7	None
416.0	0.25	139.0	C5	72.0	True	139.0	1.0	270.0	viio7	False	('F#', 'A', 'C', 'E-')	F#	F#	0.0	diminished seventh chord	(0, 3, 6, 9)	G	G	7	None
416.0	0.5	139.0	C4	60.0	True	139.0	1.0	270.0	viio7	False	('F#', 'A', 'C', 'E-')	F#	F#	0.0	diminished seventh chord	(0, 3, 6, 9)	G	G	7	None
416.0	0.5	139.0	D#3	51.0	True	139.0	1.0	270.0	viio7	False	('F#', 'A', 'C', 'E-')	F#	F#	0.0	diminished seventh chord	(0, 3, 6, 9)	G	G	7	None
416.0	0.5	139.0	F#3	54.0	True	139.0	1.0	270.0	viio7	False	('F#', 'A', 'C', 'E-')	F#	F#	0.0	diminished seventh chord	(0, 3, 6, 9)	G	G	7	None
416.25	0.25	139.0	A4	69.0	True	139.0	1.0	270.0	viio7	False	('F#', 'A', 'C', 'E-')	F#	F#	0.0	diminished seventh chord	(0, 3, 6, 9)	G	G	7	None
416.5	0.5	139.0	G#3	56.0	True	139.0	0.5	271.0	V	True	('D', 'F#', 'A')	D	D	0.0	major triad	(2, 6, 9)	G	G	5	None
416.5	0.5	139.0	E3	52.0	True	139.0	0.5	271.0	V	True	('D', 'F#', 'A')	D	D	0.0	major triad	(2, 6, 9)	G	G	5	None
416.5	0.25	139.0	G#4	68.0	True	139.0	0.5	271.0	V	True	('D', 'F#', 'A')	D	D	0.0	major triad	(2, 6, 9)	G	G	5	None
416.5	0.5	139.0	B3	59.0	True	139.0	0.5	271.0	V	True	('D', 'F#', 'A')	D	D	0.0	major triad	(2, 6, 9)	G	G	5	None
416.75	0.25	139.0	E4	64.0	True	139.0	0.5	271.0	V	False	('D', 'F#', 'A')	D	D	0.0	major triad	(2, 6, 9)	G	G	5	None
417.0	0.25	140.0	C5	72.0	True	140.0	1.0	272.0	viio7	True	('F#', 'A', 'C', 'E-')	F#	F#	0.0	diminished seventh chord	(0, 3, 6, 9)	G	G	7	None
417.25	0.25	140.0	A4	69.0	True	140.0	1.0	272.0	viio7	False	('F#', 'A', 'C', 'E-')	F#	F#	0.0	diminished seventh chord	(0, 3, 6, 9)	G	G	7	None
417.5	0.25	140.0	C5	72.0	True	140.0	1.0	272.0	viio7	False	('F#', 'A', 'C', 'E-')	F#	F#	0.0	diminished seventh chord	(0, 3, 6, 9)	G	G	7	None
417.5	0.5	140.0	F#3	54.0	True	140.0	1.0	272.0	viio7	False	('F#', 'A', 'C', 'E-')	F#	F#	0.0	diminished seventh chord	(0, 3, 6, 9)	G	G	7	None
417.5	0.5	140.0	D#3	51.0	True	140.0	1.0	272.0	viio7	False	('F#', 'A', 'C', 'E-')	F#	F#	0.0	diminished seventh chord	(0, 3, 6, 9)	G	G	7	None
417.5	0.5	140.0	C4	60.0	True	140.0	1.0	272.0	viio7	False	('F#', 'A', 'C', 'E-')	F#	F#	0.0	diminished seventh chord	(0, 3, 6, 9)	G	G	7	None
417.75	0.25	140.0	A4	69.0	True	140.0	1.0	272.0	viio7	False	('F#', 'A', 'C', 'E-')	F#	F#	0.0	diminished seventh chord	(0, 3, 6, 9)	G	G	7	None
418.0	0.25	140.0	G#4	68.0	True	140.0	0.5	273.0	V	True	('D', 'F#', 'A')	D	D	0.0	major triad	(2, 6, 9)	G	G	5	None
418.0	0.5	140.0	B3	59.0	True	140.0	0.5	273.0	V	True	('D', 'F#', 'A')	D	D	0.0	major triad	(2, 6, 9)	G	G	5	None
418.0	0.5	140.0	G#3	56.0	True	140.0	0.5	273.0	V	True	('D', 'F#', 'A')	D	D	0.0	major triad	(2, 6, 9)	G	G	5	None
418.0	0.5	140.0	E3	52.0	True	140.0	0.5	273.0	V	True	('D', 'F#', 'A')	D	D	0.0	major triad	(2, 6, 9)	G	G	5	None
418.25	0.25	140.0	E4	64.0	True	140.0	0.5	273.0	V	False	('D', 'F#', 'A')	D	D	0.0	major triad	(2, 6, 9)	G	G	5	None
418.5	0.25	140.0	C5	72.0	True	140.0	1.0	274.0	viio7	True	('F#', 'A', 'C', 'E-')	F#	F#	0.0	diminished seventh chord	(0, 3, 6, 9)	G	G	7	None
418.75	0.25	140.0	A4	69.0	True	140.0	1.0	274.0	viio7	False	('F#', 'A', 'C', 'E-')	F#	F#	0.0	diminished seventh chord	(0, 3, 6, 9)	G	G	7	None
419.0	0.5	140.0	D#3	51.0	True	140.0	1.0	274.0	viio7	False	('F#', 'A', 'C', 'E-')	F#	F#	0.0	diminished seventh chord	(0, 3, 6, 9)	G	G	7	None
419.0	0.25	140.0	C5	72.0	True	140.0	1.0	274.0	viio7	False	('F#', 'A', 'C', 'E-')	F#	F#	0.0	diminished seventh chord	(0, 3, 6, 9)	G	G	7	None
419.0	0.5	140.0	C4	60.0	True	140.0	1.0	274.0	viio7	False	('F#', 'A', 'C', 'E-')	F#	F#	0.0	diminished seventh chord	(0, 3, 6, 9)	G	G	7	None
419.0	0.5	140.0	F#3	54.0	True	140.0	1.0	274.0	viio7	False	('F#', 'A', 'C', 'E-')	F#	F#	0.0	diminished seventh chord	(0, 3, 6, 9)	G	G	7	None
419.25	0.25	140.0	A4	69.0	True	140.0	1.0	274.0	viio7	False	('F#', 'A', 'C', 'E-')	F#	F#	0.0	diminished seventh chord	(0, 3, 6, 9)	G	G	7	None
419.5	0.25	140.0	G#4	68.0	True	140.0	0.5	275.0	V	True	('D', 'F#', 'A')	D	D	0.0	major triad	(2, 6, 9)	G	G	5	None
419.5	0.5	140.0	B3	59.0	True	140.0	0.5	275.0	V	True	('D', 'F#', 'A')	D	D	0.0	major triad	(2, 6, 9)	G	G	5	None
419.5	0.5	140.0	G#3	56.0	True	140.0	0.5	275.0	V	True	('D', 'F#', 'A')	D	D	0.0	major triad	(2, 6, 9)	G	G	5	None
419.5	0.5	140.0	E3	52.0	True	140.0	0.5	275.0	V	True	('D', 'F#', 'A')	D	D	0.0	major triad	(2, 6, 9)	G	G	5	None
419.75	0.25	140.0	E4	64.0	True	140.0	0.5	275.0	V	False	('D', 'F#', 'A')	D	D	0.0	major triad	(2, 6, 9)	G	G	5	None
420.0	0.25	141.0	F#4	66.0	True	141.0	3.0	276.0	V	True	('D', 'F#', 'A')	D	D	0.0	major triad	(2, 6, 9)	G	G	5	None
420.25	0.25	141.0	A4	69.0	True	141.0	3.0	276.0	V	False	('D', 'F#', 'A')	D	D	0.0	major triad	(2, 6, 9)	G	G	5	None
420.5	0.25	141.0	G#4	68.0	True	141.0	3.0	276.0	V	False	('D', 'F#', 'A')	D	D	0.0	major triad	(2, 6, 9)	G	G	5	None
420.75	0.25	141.0	B4	71.0	True	141.0	3.0	276.0	V	False	('D', 'F#', 'A')	D	D	0.0	major triad	(2, 6, 9)	G	G	5	None
421.0	0.25	141.0	A4	69.0	True	141.0	3.0	276.0	V	False	('D', 'F#', 'A')	D	D	0.0	major triad	(2, 6, 9)	G	G	5	None
421.25	0.25	141.0	C#5	73.0	True	141.0	3.0	276.0	V	False	('D', 'F#', 'A')	D	D	0.0	major triad	(2, 6, 9)	G	G	5	None
421.5	0.25	141.0	B4	71.0	True	141.0	3.0	276.0	V	False	('D', 'F#', 'A')	D	D	0.0	major triad	(2, 6, 9)	G	G	5	None
421.75	0.25	141.0	D5	74.0	True	141.0	3.0	276.0	V	False	('D', 'F#', 'A')	D	D	0.0	major triad	(2, 6, 9)	G	G	5	None
422.0	0.25	141.0	C#5	73.0	True	141.0	3.0	276.0	V	False	('D', 'F#', 'A')	D	D	0.0	major triad	(2, 6, 9)	G	G	5	None
422.25	0.25	141.0	E5	76.0	True	141.0	3.0	276.0	V	False	('D', 'F#', 'A')	D	D	0.0	major triad	(2, 6, 9)	G	G	5	None
422.5	0.25	141.0	D5	74.0	True	141.0	3.0	276.0	V	False	('D', 'F#', 'A')	D	D	0.0	major triad	(2, 6, 9)	G	G	5	None
422.75	0.25	141.0	F#5	78.0	True	141.0	3.0	276.0	V	False	('D', 'F#', 'A')	D	D	0.0	major triad	(2, 6, 9)	G	G	5	None
423.0	2.0	142.0	E5	76.0	True	142.0	1.5	277.0	I	True	('G', 'B', 'D')	G	G	0.0	major triad	(2, 7, 11)	G	G	1	None
423.5	0.5	142.0	E4	64.0	True	142.0	1.5	277.0	I	False	('G', 'B', 'D')	G	G	0.0	major triad	(2, 7, 11)	G	G	1	None
423.5	0.5	142.0	A3	57.0	True	142.0	1.5	277.0	I	False	('G', 'B', 'D')	G	G	0.0	major triad	(2, 7, 11)	G	G	1	None
423.5	0.5	142.0	C#3	49.0	True	142.0	1.5	277.0	I	False	('G', 'B', 'D')	G	G	0.0	major triad	(2, 7, 11)	G	G	1	None
424.0	0.5	142.0	E4	64.0	True	142.0	1.5	277.0	I	False	('G', 'B', 'D')	G	G	0.0	major triad	(2, 7, 11)	G	G	1	None
424.0	0.5	142.0	C#3	49.0	True	142.0	1.5	277.0	I	False	('G', 'B', 'D')	G	G	0.0	major triad	(2, 7, 11)	G	G	1	None
424.0	0.5	142.0	A3	57.0	True	142.0	1.5	277.0	I	False	('G', 'B', 'D')	G	G	0.0	major triad	(2, 7, 11)	G	G	1	None
424.5	1.5	142.0	E4	64.0	True	142.0	1.5	278.0	V	True	('D', 'F#', 'A')	D	D	0.0	major triad	(2, 6, 9)	G	G	5	None
424.5	1.0	142.0	G#3	56.0	True	142.0	1.5	278.0	V	True	('D', 'F#', 'A')	D	D	0.0	major triad	(2, 6, 9)	G	G	5	None
424.5	1.5	142.0	B2	47.0	True	142.0	1.5	278.0	V	True	('D', 'F#', 'A')	D	D	0.0	major triad	(2, 6, 9)	G	G	5	None
425.0	0.5	142.0	D#5	75.0	True	142.0	1.5	278.0	V	False	('D', 'F#', 'A')	D	D	0.0	major triad	(2, 6, 9)	G	G	5	None
425.5	0.5	142.0	D5	74.0	True	142.0	1.5	278.0	V	False	('D', 'F#', 'A')	D	D	0.0	major triad	(2, 6, 9)	G	G	5	None
426.0	0.5	143.0	A2	45.0	True	143.0	1.0	279.0	I	True	('G', 'B', 'D')	G	G	0.0	major triad	(2, 7, 11)	G	G	1	None
426.0	0.5	143.0	E4	64.0	False	143.0	1.0	279.0	I	True	('G', 'B', 'D')	G	G	0.0	major triad	(2, 7, 11)	G	G	1	None
426.0	0.5	143.0	A3	57.0	True	143.0	1.0	279.0	I	True	('G', 'B', 'D')	G	G	0.0	major triad	(2, 7, 11)	G	G	1	None
426.0	0.5	143.0	C#5	73.0	True	143.0	1.0	279.0	I	True	('G', 'B', 'D')	G	G	0.0	major triad	(2, 7, 11)	G	G	1	None
426.5	0.5	143.0	B4	71.0	True	143.0	1.0	279.0	I	False	('G', 'B', 'D')	G	G	0.0	major triad	(2, 7, 11)	G	G	1	None
426.5	0.5	143.0	G#4	68.0	True	143.0	1.0	279.0	I	False	('G', 'B', 'D')	G	G	0.0	major triad	(2, 7, 11)	G	G	1	None
426.5	0.5	143.0	D4	62.0	True	143.0	1.0	279.0	I	False	('G', 'B', 'D')	G	G	0.0	major triad	(2, 7, 11)	G	G	1	None
426.5	0.5	143.0	B2	47.0	True	143.0	1.0	279.0	I	False	('G', 'B', 'D')	G	G	0.0	major triad	(2, 7, 11)	G	G	1	None
427.0	0.5	143.0	A4	69.0	True	143.0	0.5	280.0	V7	True	('D', 'F#', 'A', 'C')	D	D	0.0	dominant seventh chord	(0, 2, 6, 9)	G	G	5	None
427.0	0.5	143.0	A4	69.0	True	143.0	0.5	280.0	V7	True	('D', 'F#', 'A', 'C')	D	D	0.0	dominant seventh chord	(0, 2, 6, 9)	G	G	5	None
427.0	0.5	143.0	E4	64.0	True	143.0	0.5	280.0	V7	True	('D', 'F#', 'A', 'C')	D	D	0.0	dominant seventh chord	(0, 2, 6, 9)	G	G	5	None
427.0	0.5	143.0	C#3	49.0	True	143.0	0.5	280.0	V7	True	('D', 'F#', 'A', 'C')	D	D	0.0	dominant seventh chord	(0, 2, 6, 9)	G	G	5	None
427.5	0.5	143.0	G#4	68.0	True	143.0	1.0	281.0	IV	True	('C', 'E', 'G')	C	C	0.0	major triad	(0, 4, 7)	G	G	4	None
427.5	1.0	143.0	A3	57.0	True	143.0	1.0	281.0	IV	True	('C', 'E', 'G')	C	C	0.0	major triad	(0, 4, 7)	G	G	4	None
427.5	1.5	143.0	D3	50.0	True	143.0	1.0	281.0	IV	True	('C', 'E', 'G')	C	C	0.0	major triad	(0, 4, 7)	G	G	4	None
428.0	0.5	143.0	F#4	66.0	True	143.0	1.0	281.0	IV	False	('C', 'E', 'G')	C	C	0.0	major triad	(0, 4, 7)	G	G	4	None
428.5	0.5	143.0	D5	74.0	True	143.0	0.5	282.0	ii	True	('A', 'C', 'E')	A	A	0.0	minor triad	(0, 4, 9)	G	G	2	None
428.5	0.5	143.0	B4	71.0	True	143.0	0.5	282.0	ii	True	('A', 'C', 'E')	A	A	0.0	minor triad	(0, 4, 9)	G	G	2	None
428.5	0.5	143.0	F#4	66.0	True	143.0	0.5	282.0	ii	True	('A', 'C', 'E')	A	A	0.0	minor triad	(0, 4, 9)	G	G	2	None
429.0	1.0	144.0	E3	52.0	True	144.0	1.0	283.0	I	True	('D', 'G', 'B')	D	G	2.0	major triad	(2, 7, 11)	G	G	1	None
429.0	1.0	144.0	A4	69.0	True	144.0	1.0	283.0	I	True	('D', 'G', 'B')	D	G	2.0	major triad	(2, 7, 11)	G	G	1	None
429.0	1.0	144.0	E4	64.0	True	144.0	1.0	283.0	I	True	('D', 'G', 'B')	D	G	2.0	major triad	(2, 7, 11)	G	G	1	None
429.0	1.0	144.0	C#5	73.0	True	144.0	1.0	283.0	I	True	('D', 'G', 'B')	D	G	2.0	major triad	(2, 7, 11)	G	G	1	None
430.0	0.5	144.0	E2	40.0	True	144.0	0.5	284.0	V7	True	('D', 'F#', 'A', 'C')	D	D	0.0	dominant seventh chord	(0, 2, 6, 9)	G	G	5	None
430.0	0.5	144.0	B4	71.0	True	144.0	0.5	284.0	V7	True	('D', 'F#', 'A', 'C')	D	D	0.0	dominant seventh chord	(0, 2, 6, 9)	G	G	5	None
430.0	0.5	144.0	D4	62.0	True	144.0	0.5	284.0	V7	True	('D', 'F#', 'A', 'C')	D	D	0.0	dominant seventh chord	(0, 2, 6, 9)	G	G	5	None
430.0	0.5	144.0	G#4	68.0	True	144.0	0.5	284.0	V7	True	('D', 'F#', 'A', 'C')	D	D	0.0	dominant seventh chord	(0, 2, 6, 9)	G	G	5	None
430.5	1.0	144.0	A2	45.0	True	144.0	1.5	285.0	I	True	('G', 'B', 'D')	G	G	0.0	major triad	(2, 7, 11)	G	G	1	None
430.5	1.0	144.0	A4	69.0	True	144.0	1.5	285.0	I	True	('G', 'B', 'D')	G	G	0.0	major triad	(2, 7, 11)	G	G	1	None
430.5	1.0	144.0	C#4	61.0	True	144.0	1.5	285.0	I	True	('G', 'B', 'D')	G	G	0.0	major triad	(2, 7, 11)	G	G	1	None
430.5	1.0	144.0	A4	69.0	True	144.0	1.5	285.0	I	True	('G', 'B', 'D')	G	G	0.0	major triad	(2, 7, 11)	G	G	1	None
431.5	0.5	144.0	E5	76.0	True	144.0	1.5	285.0	I	False	('G', 'B', 'D')	G	G	0.0	major triad	(2, 7, 11)	G	G	1	None
432.0	2.0	145.0	E6	88.0	True	145.0	1.5	286.0	i	True	('G', 'B-', 'D')	G	G	0.0	minor triad	(2, 7, 10)	G	G	1	None
432.0	3.0	145.0	E5	76.0	True	145.0	1.5	286.0	i	True	('G', 'B-', 'D')	G	G	0.0	minor triad	(2, 7, 10)	G	G	1	None
432.5	0.5	145.0	A4	69.0	True	145.0	1.5	286.0	i	False	('G', 'B-', 'D')	G	G	0.0	minor triad	(2, 7, 10)	G	G	1	None
432.5	0.5	145.0	C4	60.0	True	145.0	1.5	286.0	i	False	('G', 'B-', 'D')	G	G	0.0	minor triad	(2, 7, 10)	G	G	1	None
433.0	0.5	145.0	A4	69.0	True	145.0	1.5	286.0	i	False	('G', 'B-', 'D')	G	G	0.0	minor triad	(2, 7, 10)	G	G	1	None
433.0	0.5	145.0	C4	60.0	True	145.0	1.5	286.0	i	False	('G', 'B-', 'D')	G	G	0.0	minor triad	(2, 7, 10)	G	G	1	None
433.5	1.0	145.0	G#4	68.0	True	145.0	1.5	287.0	V	True	('D', 'F#', 'A')	D	D	0.0	major triad	(2, 6, 9)	G	G	5	None
433.5	1.0	145.0	B3	59.0	True	145.0	1.5	287.0	V	True	('D', 'F#', 'A')	D	D	0.0	major triad	(2, 6, 9)	G	G	5	None
434.0	0.5	145.0	D#6	87.0	True	145.0	1.5	287.0	V	False	('D', 'F#', 'A')	D	D	0.0	major triad	(2, 6, 9)	G	G	5	None
434.5	0.5	145.0	D6	86.0	True	145.0	1.5	287.0	V	False	('D', 'F#', 'A')	D	D	0.0	major triad	(2, 6, 9)	G	G	5	None
435.0	0.5	146.0	C#6	85.0	True	146.0	1.0	288.0	V	True	('D', 'F#', 'A')	D	D	0.0	major triad	(2, 6, 9)	G	G	5	None
435.0	0.5	146.0	E5	76.0	False	146.0	1.0	288.0	V	True	('D', 'F#', 'A')	D	D	0.0	major triad	(2, 6, 9)	G	G	5	None
435.5	0.5	146.0	D#5	75.0	True	146.0	1.0	288.0	V	False	('D', 'F#', 'A')	D	D	0.0	major triad	(2, 6, 9)	G	G	5	None
435.5	1.5	146.0	C6	84.0	True	146.0	1.0	288.0	V	False	('D', 'F#', 'A')	D	D	0.0	major triad	(2, 6, 9)	G	G	5	None
435.5	0.5	146.0	A5	81.0	True	146.0	1.0	288.0	V	False	('D', 'F#', 'A')	D	D	0.0	major triad	(2, 6, 9)	G	G	5	None
436.0	0.5	146.0	A5	81.0	True	146.0	0.5	289.0	viio7/V	True	('C#', 'E', 'G', 'B-')	C#	C#	0.0	diminished seventh chord	(1, 4, 7, 10)	G	D	7	5
436.0	0.5	146.0	D#5	75.0	True	146.0	0.5	289.0	viio7/V	True	('C#', 'E', 'G', 'B-')	C#	C#	0.0	diminished seventh chord	(1, 4, 7, 10)	G	D	7	5
436.5	0.5	146.0	A5	81.0	True	146.0	1.5	290.0	V	True	('D', 'F#', 'A')	D	D	0.0	major triad	(2, 6, 9)	G	G	5	None
436.5	1.0	146.0	E5	76.0	True	146.0	1.5	290.0	V	True	('D', 'F#', 'A')	D	D	0.0	major triad	(2, 6, 9)	G	G	5	None
437.0	0.5	146.0	B5	83.0	True	146.0	1.5	290.0	V	False	('D', 'F#', 'A')	D	D	0.0	major triad	(2, 6, 9)	G	G	5	None
437.0	0.5	146.0	G#5	80.0	True	146.0	1.5	290.0	V	False	('D', 'F#', 'A')	D	D	0.0	major triad	(2, 6, 9)	G	G	5	None
437.5	0.5	146.0	E4	64.0	True	146.0	1.5	290.0	V	False	('D', 'F#', 'A')	D	D	0.0	major triad	(2, 6, 9)	G	G	5	None
438.0	2.0	147.0	E5	76.0	True	147.0	1.5	291.0	i	True	('D', 'G', 'B-')	D	G	2.0	minor triad	(2, 7, 10)	G	G	1	None
438.0	3.0	147.0	E3	52.0	True	147.0	1.5	291.0	i	True	('D', 'G', 'B-')	D	G	2.0	minor triad	(2, 7, 10)	G	G	1	None
438.5	0.5	147.0	A4	69.0	True	147.0	1.5	291.0	i	False	('D', 'G', 'B-')	D	G	2.0	minor triad	(2, 7, 10)	G	G	1	None
438.5	0.5	147.0	C6	84.0	True	147.0	1.5	291.0	i	False	('D', 'G', 'B-')	D	G	2.0	minor triad	(2, 7, 10)	G	G	1	None
439.0	0.5	147.0	C6	84.0	True	147.0	1.5	291.0	i	False	('D', 'G', 'B-')	D	G	2.0	minor triad	(2, 7, 10)	G	G	1	None
439.0	0.5	147.0	A4	69.0	True	147.0	1.5	291.0	i	False	('D', 'G', 'B-')	D	G	2.0	minor triad	(2, 7, 10)	G	G	1	None
439.5	1.0	147.0	B5	83.0	True	147.0	1.5	292.0	V	True	('D', 'F#', 'A')	D	D	0.0	major triad	(2, 6, 9)	G	G	5	None
439.5	1.0	147.0	G#4	68.0	True	147.0	1.5	292.0	V	True	('D', 'F#', 'A')	D	D	0.0	major triad	(2, 6, 9)	G	G	5	None
440.0	0.5	147.0	D#5	75.0	True	147.0	1.5	292.0	V	False	('D', 'F#', 'A')	D	D	0.0	major triad	(2, 6, 9)	G	G	5	None
440.5	0.5	147.0	D5	74.0	True	147.0	1.5	292.0	V	False	('D', 'F#', 'A')	D	D	0.0	major triad	(2, 6, 9)	G	G	5	None
441.0	1.0	148.0	C#5	73.0	True	148.0	1.5	293.0	i	True	('D', 'G', 'B-')	D	G	2.0	minor triad	(2, 7, 10)	G	G	1	None
441.0	3.0	148.0	E3	52.0	False	148.0	1.5	293.0	i	True	('D', 'G', 'B-')	D	G	2.0	minor triad	(2, 7, 10)	G	G	1	None
441.5	0.5	148.0	E5	76.0	True	148.0	1.5	293.0	i	False	('D', 'G', 'B-')	D	G	2.0	minor triad	(2, 7, 10)	G	G	1	None
441.5	0.5	148.0	A5	81.0	True	148.0	1.5	293.0	i	False	('D', 'G', 'B-')	D	G	2.0	minor triad	(2, 7, 10)	G	G	1	None
442.0	0.5	148.0	E5	76.0	True	148.0	1.5	293.0	i	False	('D', 'G', 'B-')	D	G	2.0	minor triad	(2, 7, 10)	G	G	1	None
442.0	0.5	148.0	A5	81.0	True	148.0	1.5	293.0	i	False	('D', 'G', 'B-')	D	G	2.0	minor triad	(2, 7, 10)	G	G	1	None
442.0	0.5	148.0	C5	72.0	True	148.0	1.5	293.0	i	False	('D', 'G', 'B-')	D	G	2.0	minor triad	(2, 7, 10)	G	G	1	None
442.5	1.0	148.0	E5	76.0	True	148.0	1.5	294.0	V	True	('D', 'F#', 'A')	D	D	0.0	major triad	(2, 6, 9)	G	G	5	None
442.5	0.5	148.0	A5	81.0	True	148.0	1.5	294.0	V	True	('D', 'F#', 'A')	D	D	0.0	major triad	(2, 6, 9)	G	G	5	None
442.5	1.0	148.0	B4	71.0	True	148.0	1.5	294.0	V	True	('D', 'F#', 'A')	D	D	0.0	major triad	(2, 6, 9)	G	G	5	None
443.0	0.5	148.0	G#5	80.0	True	148.0	1.5	294.0	V	False	('D', 'F#', 'A')	D	D	0.0	major triad	(2, 6, 9)	G	G	5	None
443.5	0.5	148.0	C6	84.0	True	148.0	1.5	294.0	V	False	('D', 'F#', 'A')	D	D	0.0	major triad	(2, 6, 9)	G	G	5	None
443.5	0.5	148.0	A4	69.0	True	148.0	1.5	294.0	V	False	('D', 'F#', 'A')	D	D	0.0	major triad	(2, 6, 9)	G	G	5	None
443.5	0.5	148.0	D#5	75.0	True	148.0	1.5	294.0	V	False	('D', 'F#', 'A')	D	D	0.0	major triad	(2, 6, 9)	G	G	5	None
444.0	1.0	149.0	G#4	68.0	True	149.0	1.5	295.0	i	True	('D', 'G', 'B-')	D	G	2.0	minor triad	(2, 7, 10)	G	G	1	None
444.0	2.0	149.0	E5	76.0	True	149.0	1.5	295.0	i	True	('D', 'G', 'B-')	D	G	2.0	minor triad	(2, 7, 10)	G	G	1	None
444.0	3.0	149.0	E3	52.0	False	149.0	1.5	295.0	i	True	('D', 'G', 'B-')	D	G	2.0	minor triad	(2, 7, 10)	G	G	1	None
444.0	0.5	149.0	C6	84.0	False	149.0	1.5	295.0	i	True	('D', 'G', 'B-')	D	G	2.0	minor triad	(2, 7, 10)	G	G	1	None
444.5	0.5	149.0	B5	83.0	True	149.0	1.5	295.0	i	False	('D', 'G', 'B-')	D	G	2.0	minor triad	(2, 7, 10)	G	G	1	None
445.0	1.0	149.0	A5	81.0	True	149.0	1.5	295.0	i	False	('D', 'G', 'B-')	D	G	2.0	minor triad	(2, 7, 10)	G	G	1	None
445.0	0.5	149.0	C5	72.0	True	149.0	1.5	295.0	i	False	('D', 'G', 'B-')	D	G	2.0	minor triad	(2, 7, 10)	G	G	1	None
445.5	1.0	149.0	B4	71.0	True	149.0	1.5	296.0	V	True	('D', 'F#', 'A')	D	D	0.0	major triad	(2, 6, 9)	G	G	5	None
446.0	0.5	149.0	E5	76.0	False	149.0	1.5	296.0	V	False	('D', 'F#', 'A')	D	D	0.0	major triad	(2, 6, 9)	G	G	5	None
446.0	0.5	149.0	G#5	80.0	True	149.0	1.5	296.0	V	False	('D', 'F#', 'A')	D	D	0.0	major triad	(2, 6, 9)	G	G	5	None
446.5	0.5	149.0	C6	84.0	True	149.0	1.5	296.0	V	False	('D', 'F#', 'A')	D	D	0.0	major triad	(2, 6, 9)	G	G	5	None
446.5	0.5	149.0	A4	69.0	True	149.0	1.5	296.0	V	False	('D', 'F#', 'A')	D	D	0.0	major triad	(2, 6, 9)	G	G	5	None
446.5	0.5	149.0	D#5	75.0	True	149.0	1.5	296.0	V	False	('D', 'F#', 'A')	D	D	0.0	major triad	(2, 6, 9)	G	G	5	None
447.0	1.0	150.0	G#4	68.0	True	150.0	3.0	297.0	V	True	('D', 'F#', 'A')	D	D	0.0	major triad	(2, 6, 9)	G	G	5	None
447.0	1.0	150.0	E5	76.0	True	150.0	3.0	297.0	V	True	('D', 'F#', 'A')	D	D	0.0	major triad	(2, 6, 9)	G	G	5	None
447.0	2.0	150.0	E3	52.0	True	150.0	3.0	297.0	V	True	('D', 'F#', 'A')	D	D	0.0	major triad	(2, 6, 9)	G	G	5	None
447.0	0.5	150.0	C6	84.0	False	150.0	3.0	297.0	V	True	('D', 'F#', 'A')	D	D	0.0	major triad	(2, 6, 9)	G	G	5	None
447.5	0.5	150.0	B5	83.0	True	150.0	3.0	297.0	V	False	('D', 'F#', 'A')	D	D	0.0	major triad	(2, 6, 9)	G	G	5	None
448.0	0.5	150.0	C6	84.0	True	150.0	3.0	297.0	V	False	('D', 'F#', 'A')	D	D	0.0	major triad	(2, 6, 9)	G	G	5	None
448.0	0.5	150.0	D#5	75.0	True	150.0	3.0	297.0	V	False	('D', 'F#', 'A')	D	D	0.0	major triad	(2, 6, 9)	G	G	5	None
448.0	0.5	150.0	A4	69.0	True	150.0	3.0	297.0	V	False	('D', 'F#', 'A')	D	D	0.0	major triad	(2, 6, 9)	G	G	5	None
448.5	0.5	150.0	C6	84.0	True	150.0	3.0	297.0	V	False	('D', 'F#', 'A')	D	D	0.0	major triad	(2, 6, 9)	G	G	5	None
448.5	1.0	150.0	G#4	68.0	True	150.0	3.0	297.0	V	False	('D', 'F#', 'A')	D	D	0.0	major triad	(2, 6, 9)	G	G	5	None
448.5	1.0	150.0	E5	76.0	True	150.0	3.0	297.0	V	False	('D', 'F#', 'A')	D	D	0.0	major triad	(2, 6, 9)	G	G	5	None
449.0	0.5	150.0	B5	83.0	True	150.0	3.0	297.0	V	False	('D', 'F#', 'A')	D	D	0.0	major triad	(2, 6, 9)	G	G	5	None
449.0	0.5	150.0	E3	52.0	False	150.0	3.0	297.0	V	False	('D', 'F#', 'A')	D	D	0.0	major triad	(2, 6, 9)	G	G	5	None
450.0						151.0	3.0	298.0	V	True	('D', 'F#', 'A')	D	D	0.0	major triad	(2, 6, 9)	G	G	5	None
451.0	0.5	151.0	C#4	61.0	True	151.0	3.0	298.0	V	False	('D', 'F#', 'A')	D	D	0.0	major triad	(2, 6, 9)	G	G	5	None
451.0	0.5	151.0	E4	64.0	True	151.0	3.0	298.0	V	False	('D', 'F#', 'A')	D	D	0.0	major triad	(2, 6, 9)	G	G	5	None
451.5	0.25	151.0	F#4	66.0	True	151.0	3.0	298.0	V	False	('D', 'F#', 'A')	D	D	0.0	major triad	(2, 6, 9)	G	G	5	None
451.5	0.5	151.0	D4	62.0	True	151.0	3.0	298.0	V	False	('D', 'F#', 'A')	D	D	0.0	major triad	(2, 6, 9)	G	G	5	None
451.75	0.25	151.0	A4	69.0	True	151.0	3.0	298.0	V	False	('D', 'F#', 'A')	D	D	0.0	major triad	(2, 6, 9)	G	G	5	None
452.0	0.25	151.0	G#4	68.0	True	151.0	3.0	298.0	V	False	('D', 'F#', 'A')	D	D	0.0	major triad	(2, 6, 9)	G	G	5	None
452.0	0.5	151.0	E4	64.0	True	151.0	3.0	298.0	V	False	('D', 'F#', 'A')	D	D	0.0	major triad	(2, 6, 9)	G	G	5	None
452.25	0.25	151.0	B4	71.0	True	151.0	3.0	298.0	V	False	('D', 'F#', 'A')	D	D	0.0	major triad	(2, 6, 9)	G	G	5	None
452.5	0.25	151.0	A4	69.0	True	151.0	3.0	298.0	V	False	('D', 'F#', 'A')	D	D	0.0	major triad	(2, 6, 9)	G	G	5	None
452.5	0.5	151.0	F#4	66.0	True	151.0	3.0	298.0	V	False	('D', 'F#', 'A')	D	D	0.0	major triad	(2, 6, 9)	G	G	5	None
452.75	0.25	151.0	C#5	73.0	True	151.0	3.0	298.0	V	False	('D', 'F#', 'A')	D	D	0.0	major triad	(2, 6, 9)	G	G	5	None
453.0	0.25	152.0	B4	71.0	True	152.0	2.5	299.0	V	True	('D', 'F#', 'A')	D	D	0.0	major triad	(2, 6, 9)	G	G	5	None
453.0	0.5	152.0	G#4	68.0	True	152.0	2.5	299.0	V	True	('D', 'F#', 'A')	D	D	0.0	major triad	(2, 6, 9)	G	G	5	None
453.25	0.25	152.0	D5	74.0	True	152.0	2.5	299.0	V	False	('D', 'F#', 'A')	D	D	0.0	major triad	(2, 6, 9)	G	G	5	None
453.5	0.25	152.0	C#5	73.0	True	152.0	2.5	299.0	V	False	('D', 'F#', 'A')	D	D	0.0	major triad	(2, 6, 9)	G	G	5	None
453.5	0.5	152.0	A4	69.0	True	152.0	2.5	299.0	V	False	('D', 'F#', 'A')	D	D	0.0	major triad	(2, 6, 9)	G	G	5	None
453.75	0.25	152.0	E5	76.0	True	152.0	2.5	299.0	V	False	('D', 'F#', 'A')	D	D	0.0	major triad	(2, 6, 9)	G	G	5	None
454.0	0.25	152.0	D5	74.0	True	152.0	2.5	299.0	V	False	('D', 'F#', 'A')	D	D	0.0	major triad	(2, 6, 9)	G	G	5	None
454.0	0.5	152.0	B4	71.0	True	152.0	2.5	299.0	V	False	('D', 'F#', 'A')	D	D	0.0	major triad	(2, 6, 9)	G	G	5	None
454.25	0.25	152.0	F#5	78.0	True	152.0	2.5	299.0	V	False	('D', 'F#', 'A')	D	D	0.0	major triad	(2, 6, 9)	G	G	5	None
454.5	1.5	152.0	E5	76.0	True	152.0	2.5	299.0	V	False	('D', 'F#', 'A')	D	D	0.0	major triad	(2, 6, 9)	G	G	5	None
454.5	0.5	152.0	C#5	73.0	True	152.0	2.5	299.0	V	False	('D', 'F#', 'A')	D	D	0.0	major triad	(2, 6, 9)	G	G	5	None
455.0	0.5	152.0	A3	57.0	True	152.0	2.5	299.0	V	False	('D', 'F#', 'A')	D	D	0.0	major triad	(2, 6, 9)	G	G	5	None
455.0	0.5	152.0	E4	64.0	True	152.0	2.5	299.0	V	False	('D', 'F#', 'A')	D	D	0.0	major triad	(2, 6, 9)	G	G	5	None
455.0	0.5	152.0	C#3	49.0	True	152.0	2.5	299.0	V	False	('D', 'F#', 'A')	D	D	0.0	major triad	(2, 6, 9)	G	G	5	None
455.5	0.5	152.0	A3	57.0	True	152.0	0.5	300.0	I	True	('G', 'B', 'D')	G	G	0.0	major triad	(2, 7, 11)	G	G	1	None
455.5	0.5	152.0	C#3	49.0	True	152.0	0.5	300.0	I	True	('G', 'B', 'D')	G	G	0.0	major triad	(2, 7, 11)	G	G	1	None
455.5	0.5	152.0	E4	64.0	True	152.0	0.5	300.0	I	True	('G', 'B', 'D')	G	G	0.0	major triad	(2, 7, 11)	G	G	1	None
456.0	0.5	153.0	E5	76.0	False	153.0	1.5	301.0	V	True	('D', 'F#', 'A')	D	D	0.0	major triad	(2, 6, 9)	G	G	5	None
456.0	1.5	153.0	E4	64.0	True	153.0	1.5	301.0	V	True	('D', 'F#', 'A')	D	D	0.0	major triad	(2, 6, 9)	G	G	5	None
456.0	1.5	153.0	G#3	56.0	True	153.0	1.5	301.0	V	True	('D', 'F#', 'A')	D	D	0.0	major triad	(2, 6, 9)	G	G	5	None
456.0	1.5	153.0	B2	47.0	True	153.0	1.5	301.0	V	True	('D', 'F#', 'A')	D	D	0.0	major triad	(2, 6, 9)	G	G	5	None
456.5	0.5	153.0	D#5	75.0	True	153.0	1.5	301.0	V	False	('D', 'F#', 'A')	D	D	0.0	major triad	(2, 6, 9)	G	G	5	None
457.0	0.5	153.0	D5	74.0	True	153.0	1.5	301.0	V	False	('D', 'F#', 'A')	D	D	0.0	major triad	(2, 6, 9)	G	G	5	None
457.5	0.5	153.0	C#5	73.0	True	153.0	1.5	302.0	I	True	('G', 'B', 'D')	G	G	0.0	major triad	(2, 7, 11)	G	G	1	None
457.5	0.5	153.0	E4	64.0	True	153.0	1.5	302.0	I	True	('G', 'B', 'D')	G	G	0.0	major triad	(2, 7, 11)	G	G	1	None
457.5	0.5	153.0	A3	57.0	True	153.0	1.5	302.0	I	True	('G', 'B', 'D')	G	G	0.0	major triad	(2, 7, 11)	G	G	1	None
457.5	0.5	153.0	A2	45.0	True	153.0	1.5	302.0	I	True	('G', 'B', 'D')	G	G	0.0	major triad	(2, 7, 11)	G	G	1	None
458.0	0.5	153.0	B2	47.0	True	153.0	1.5	302.0	I	False	('G', 'B', 'D')	G	G	0.0	major triad	(2, 7, 11)	G	G	1	None
458.0	0.5	153.0	G#4	68.0	True	153.0	1.5	302.0	I	False	('G', 'B', 'D')	G	G	0.0	major triad	(2, 7, 11)	G	G	1	None
458.0	0.5	153.0	B4	71.0	True	153.0	1.5	302.0	I	False	('G', 'B', 'D')	G	G	0.0	major triad	(2, 7, 11)	G	G	1	None
458.0	0.5	153.0	D4	62.0	True	153.0	1.5	302.0	I	False	('G', 'B', 'D')	G	G	0.0	major triad	(2, 7, 11)	G	G	1	None
458.5	0.5	153.0	A4	69.0	True	153.0	1.5	302.0	I	False	('G', 'B', 'D')	G	G	0.0	major triad	(2, 7, 11)	G	G	1	None
458.5	0.5	153.0	A4	69.0	True	153.0	1.5	302.0	I	False	('G', 'B', 'D')	G	G	0.0	major triad	(2, 7, 11)	G	G	1	None
458.5	0.5	153.0	C#3	49.0	True	153.0	1.5	302.0	I	False	('G', 'B', 'D')	G	G	0.0	major triad	(2, 7, 11)	G	G	1	None
458.5	0.5	153.0	E4	64.0	True	153.0	1.5	302.0	I	False	('G', 'B', 'D')	G	G	0.0	major triad	(2, 7, 11)	G	G	1	None
459.0	1.0	154.0	A3	57.0	True	154.0	1.5	303.0	IV	True	('C', 'E', 'G')	C	C	0.0	major triad	(0, 4, 7)	G	G	4	None
459.0	0.5	154.0	G#4	68.0	True	154.0	1.5	303.0	IV	True	('C', 'E', 'G')	C	C	0.0	major triad	(0, 4, 7)	G	G	4	None
459.0	1.5	154.0	D3	50.0	True	154.0	1.5	303.0	IV	True	('C', 'E', 'G')	C	C	0.0	major triad	(0, 4, 7)	G	G	4	None
459.5	0.5	154.0	F#4	66.0	True	154.0	1.5	303.0	IV	False	('C', 'E', 'G')	C	C	0.0	major triad	(0, 4, 7)	G	G	4	None
460.0	0.5	154.0	B4	71.0	True	154.0	1.5	303.0	IV	False	('C', 'E', 'G')	C	C	0.0	major triad	(0, 4, 7)	G	G	4	None
460.0	0.5	154.0	F#4	66.0	True	154.0	1.5	303.0	IV	False	('C', 'E', 'G')	C	C	0.0	major triad	(0, 4, 7)	G	G	4	None
460.0	0.5	154.0	D5	74.0	True	154.0	1.5	303.0	IV	False	('C', 'E', 'G')	C	C	0.0	major triad	(0, 4, 7)	G	G	4	None
460.5	1.0	154.0	C#5	73.0	True	154.0	1.0	304.0	I	True	('G', 'B', 'D')	G	G	0.0	major triad	(2, 7, 11)	G	G	1	None
460.5	1.0	154.0	A4	69.0	True	154.0	1.0	304.0	I	True	('G', 'B', 'D')	G	G	0.0	major triad	(2, 7, 11)	G	G	1	None
460.5	1.0	154.0	E3	52.0	True	154.0	1.0	304.0	I	True	('G', 'B', 'D')	G	G	0.0	major triad	(2, 7, 11)	G	G	1	None
460.5	1.0	154.0	E4	64.0	True	154.0	1.0	304.0	I	True	('G', 'B', 'D')	G	G	0.0	major triad	(2, 7, 11)	G	G	1	None
461.5	0.5	154.0	B4	71.0	True	154.0	0.5	305.0	V7	True	('D', 'F#', 'A', 'C')	D	D	0.0	dominant seventh chord	(0, 2, 6, 9)	G	G	5	None
461.5	0.5	154.0	G#4	68.0	True	154.0	0.5	305.0	V7	True	('D', 'F#', 'A', 'C')	D	D	0.0	dominant seventh chord	(0, 2, 6, 9)	G	G	5	None
461.5	0.5	154.0	D4	62.0	True	154.0	0.5	305.0	V7	True	('D', 'F#', 'A', 'C')	D	D	0.0	dominant seventh chord	(0, 2, 6, 9)	G	G	5	None
461.5	0.5	154.0	E2	40.0	True	154.0	0.5	305.0	V7	True	('D', 'F#', 'A', 'C')	D	D	0.0	dominant seventh chord	(0, 2, 6, 9)	G	G	5	None
462.0	1.0	155.0	C#4	61.0	True	155.0	3.0	306.0	I	True	('G', 'B', 'D')	G	G	0.0	major triad	(2, 7, 11)	G	G	1	None
462.0	1.0	155.0	A4	69.0	True	155.0	3.0	306.0	I	True	('G', 'B', 'D')	G	G	0.0	major triad	(2, 7, 11)	G	G	1	None
462.0	1.0	155.0	A2	45.0	True	155.0	3.0	306.0	I	True	('G', 'B', 'D')	G	G	0.0	major triad	(2, 7, 11)	G	G	1	None
462.0	1.0	155.0	A4	69.0	True	155.0	3.0	306.0	I	True	('G', 'B', 'D')	G	G	0.0	major triad	(2, 7, 11)	G	G	1	None
463.0	0.5	155.0	E4	64.0	True	155.0	3.0	306.0	I	False	('G', 'B', 'D')	G	G	0.0	major triad	(2, 7, 11)	G	G	1	None
463.5	0.5	155.0	E4	64.0	True	155.0	3.0	306.0	I	False	('G', 'B', 'D')	G	G	0.0	major triad	(2, 7, 11)	G	G	1	None
463.5	0.5	155.0	C#4	61.0	True	155.0	3.0	306.0	I	False	('G', 'B', 'D')	G	G	0.0	major triad	(2, 7, 11)	G	G	1	None
463.5	0.5	155.0	A3	57.0	True	155.0	3.0	306.0	I	False	('G', 'B', 'D')	G	G	0.0	major triad	(2, 7, 11)	G	G	1	None
463.5	0.5	155.0	A3	57.0	True	155.0	3.0	306.0	I	False	('G', 'B', 'D')	G	G	0.0	major triad	(2, 7, 11)	G	G	1	None
464.0	0.5	155.0	E4	64.0	True	155.0	3.0	306.0	I	False	('G', 'B', 'D')	G	G	0.0	major triad	(2, 7, 11)	G	G	1	None
464.0	0.5	155.0	C#4	61.0	True	155.0	3.0	306.0	I	False	('G', 'B', 'D')	G	G	0.0	major triad	(2, 7, 11)	G	G	1	None
464.0	0.5	155.0	A3	57.0	True	155.0	3.0	306.0	I	False	('G', 'B', 'D')	G	G	0.0	major triad	(2, 7, 11)	G	G	1	None
464.0	0.5	155.0	A3	57.0	True	155.0	3.0	306.0	I	False	('G', 'B', 'D')	G	G	0.0	major triad	(2, 7, 11)	G	G	1	None
464.5	0.5	155.0	E4	64.0	True	155.0	3.0	306.0	I	False	('G', 'B', 'D')	G	G	0.0	major triad	(2, 7, 11)	G	G	1	None
464.5	0.5	155.0	C#4	61.0	True	155.0	3.0	306.0	I	False	('G', 'B', 'D')	G	G	0.0	major triad	(2, 7, 11)	G	G	1	None
464.5	0.5	155.0	A3	57.0	True	155.0	3.0	306.0	I	False	('G', 'B', 'D')	G	G	0.0	major triad	(2, 7, 11)	G	G	1	None
464.5	0.5	155.0	A3	57.0	True	155.0	3.0	306.0	I	False	('G', 'B', 'D')	G	G	0.0	major triad	(2, 7, 11)	G	G	1	None
465.0	0.5	156.0	F#3	54.0	True	156.0	1.5	307.0	vi	True	('E', 'G', 'B')	E	E	0.0	minor triad	(4, 7, 11)	G	G	6	None
465.0	0.5	156.0	C#4	61.0	True	156.0	1.5	307.0	vi	True	('E', 'G', 'B')	E	E	0.0	minor triad	(4, 7, 11)	G	G	6	None
465.0	0.5	156.0	A4	69.0	True	156.0	1.5	307.0	vi	True	('E', 'G', 'B')	E	E	0.0	minor triad	(4, 7, 11)	G	G	6	None
465.0	0.5	156.0	A3	57.0	True	156.0	1.5	307.0	vi	True	('E', 'G', 'B')	E	E	0.0	minor triad	(4, 7, 11)	G	G	6	None
465.5	0.5	156.0	A4	69.0	True	156.0	1.5	307.0	vi	False	('E', 'G', 'B')	E	E	0.0	minor triad	(4, 7, 11)	G	G	6	None
465.5	0.5	156.0	A3	57.0	True	156.0	1.5	307.0	vi	False	('E', 'G', 'B')	E	E	0.0	minor triad	(4, 7, 11)	G	G	6	None
465.5	0.5	156.0	C#4	61.0	True	156.0	1.5	307.0	vi	False	('E', 'G', 'B')	E	E	0.0	minor triad	(4, 7, 11)	G	G	6	None
465.5	0.5	156.0	F#3	54.0	True	156.0	1.5	307.0	vi	False	('E', 'G', 'B')	E	E	0.0	minor triad	(4, 7, 11)	G	G	6	None
466.0	0.5	156.0	A4	69.0	True	156.0	1.5	307.0	vi	False	('E', 'G', 'B')	E	E	0.0	minor triad	(4, 7, 11)	G	G	6	None
466.0	0.5	156.0	A3	57.0	True	156.0	1.5	307.0	vi	False	('E', 'G', 'B')	E	E	0.0	minor triad	(4, 7, 11)	G	G	6	None
466.0	0.5	156.0	A4	69.0	True	156.0	1.5	307.0	vi	False	('E', 'G', 'B')	E	E	0.0	minor triad	(4, 7, 11)	G	G	6	None
466.0	0.5	156.0	F#3	54.0	True	156.0	1.5	307.0	vi	False	('E', 'G', 'B')	E	E	0.0	minor triad	(4, 7, 11)	G	G	6	None
466.5	0.5	156.0	B4	71.0	True	156.0	1.5	308.0	V	True	('D', 'F#', 'A')	D	D	0.0	major triad	(2, 6, 9)	G	G	5	None
466.5	0.5	156.0	G#4	68.0	True	156.0	1.5	308.0	V	True	('D', 'F#', 'A')	D	D	0.0	major triad	(2, 6, 9)	G	G	5	None
466.5	0.5	156.0	E4	64.0	True	156.0	1.5	308.0	V	True	('D', 'F#', 'A')	D	D	0.0	major triad	(2, 6, 9)	G	G	5	None
466.5	0.5	156.0	E3	52.0	True	156.0	1.5	308.0	V	True	('D', 'F#', 'A')	D	D	0.0	major triad	(2, 6, 9)	G	G	5	None
467.0	0.25	156.0	G#4	68.0	True	156.0	1.5	308.0	V	False	('D', 'F#', 'A')	D	D	0.0	major triad	(2, 6, 9)	G	G	5	None
467.0	0.5	156.0	E4	64.0	True	156.0	1.5	308.0	V	False	('D', 'F#', 'A')	D	D	0.0	major triad	(2, 6, 9)	G	G	5	None
467.0	0.5	156.0	E3	52.0	True	156.0	1.5	308.0	V	False	('D', 'F#', 'A')	D	D	0.0	major triad	(2, 6, 9)	G	G	5	None
467.0	0.25	156.0	B4	71.0	True	156.0	1.5	308.0	V	False	('D', 'F#', 'A')	D	D	0.0	major triad	(2, 6, 9)	G	G	5	None
467.25	0.25	156.0	A4	69.0	True	156.0	1.5	308.0	V	False	('D', 'F#', 'A')	D	D	0.0	major triad	(2, 6, 9)	G	G	5	None
467.25	0.25	156.0	F#4	66.0	True	156.0	1.5	308.0	V	False	('D', 'F#', 'A')	D	D	0.0	major triad	(2, 6, 9)	G	G	5	None
467.5	0.5	156.0	E4	64.0	True	156.0	1.5	308.0	V	False	('D', 'F#', 'A')	D	D	0.0	major triad	(2, 6, 9)	G	G	5	None
467.5	0.5	156.0	G#4	68.0	True	156.0	1.5	308.0	V	False	('D', 'F#', 'A')	D	D	0.0	major triad	(2, 6, 9)	G	G	5	None
467.5	0.5	156.0	B4	71.0	True	156.0	1.5	308.0	V	False	('D', 'F#', 'A')	D	D	0.0	major triad	(2, 6, 9)	G	G	5	None
467.5	0.5	156.0	E3	52.0	True	156.0	1.5	308.0	V	False	('D', 'F#', 'A')	D	D	0.0	major triad	(2, 6, 9)	G	G	5	None
468.0	1.0	157.0	C#5	73.0	True	157.0	1.5	309.0	I	True	('G', 'B', 'D')	G	G	0.0	major triad	(2, 7, 11)	G	G	1	None
468.0	1.0	157.0	E4	64.0	True	157.0	1.5	309.0	I	True	('G', 'B', 'D')	G	G	0.0	major triad	(2, 7, 11)	G	G	1	None
468.0	1.0	157.0	A4	69.0	True	157.0	1.5	309.0	I	True	('G', 'B', 'D')	G	G	0.0	major triad	(2, 7, 11)	G	G	1	None
468.0	1.0	157.0	A2	45.0	True	157.0	1.5	309.0	I	True	('G', 'B', 'D')	G	G	0.0	major triad	(2, 7, 11)	G	G	1	None
469.0	0.5	157.0	C#5	73.0	True	157.0	1.5	309.0	I	False	('G', 'B', 'D')	G	G	0.0	major triad	(2, 7, 11)	G	G	1	None
469.0	0.5	157.0	A4	69.0	True	157.0	1.5	309.0	I	False	('G', 'B', 'D')	G	G	0.0	major triad	(2, 7, 11)	G	G	1	None
469.0	0.5	157.0	E4	64.0	True	157.0	1.5	309.0	I	False	('G', 'B', 'D')	G	G	0.0	major triad	(2, 7, 11)	G	G	1	None
469.0	0.5	157.0	A2	45.0	True	157.0	1.5	309.0	I	False	('G', 'B', 'D')	G	G	0.0	major triad	(2, 7, 11)	G	G	1	None
469.5	0.5	157.0	B4	71.0	True	157.0	1.5	310.0	V7/vi	True	('B', 'D#', 'F#', 'A')	B	B	0.0	dominant seventh chord	(3, 6, 9, 11)	G	e	5	6
469.5	0.5	157.0	E#4	65.0	True	157.0	1.5	310.0	V7/vi	True	('B', 'D#', 'F#', 'A')	B	B	0.0	dominant seventh chord	(3, 6, 9, 11)	G	e	5	6
469.5	0.5	157.0	C#3	49.0	True	157.0	1.5	310.0	V7/vi	True	('B', 'D#', 'F#', 'A')	B	B	0.0	dominant seventh chord	(3, 6, 9, 11)	G	e	5	6
469.5	0.5	157.0	G#4	68.0	True	157.0	1.5	310.0	V7/vi	True	('B', 'D#', 'F#', 'A')	B	B	0.0	dominant seventh chord	(3, 6, 9, 11)	G	e	5	6
470.0	0.5	157.0	B4	71.0	True	157.0	1.5	310.0	V7/vi	False	('B', 'D#', 'F#', 'A')	B	B	0.0	dominant seventh chord	(3, 6, 9, 11)	G	e	5	6
470.0	0.5	157.0	G#4	68.0	True	157.0	1.5	310.0	V7/vi	False	('B', 'D#', 'F#', 'A')	B	B	0.0	dominant seventh chord	(3, 6, 9, 11)	G	e	5	6
470.0	0.5	157.0	E#4	65.0	True	157.0	1.5	310.0	V7/vi	False	('B', 'D#', 'F#', 'A')	B	B	0.0	dominant seventh chord	(3, 6, 9, 11)	G	e	5	6
470.0	0.5	157.0	C#3	49.0	True	157.0	1.5	310.0	V7/vi	False	('B', 'D#', 'F#', 'A')	B	B	0.0	dominant seventh chord	(3, 6, 9, 11)	G	e	5	6
470.5	0.5	157.0	C#3	49.0	True	157.0	1.5	310.0	V7/vi	False	('B', 'D#', 'F#', 'A')	B	B	0.0	dominant seventh chord	(3, 6, 9, 11)	G	e	5	6
470.5	0.5	157.0	G#4	68.0	True	157.0	1.5	310.0	V7/vi	False	('B', 'D#', 'F#', 'A')	B	B	0.0	dominant seventh chord	(3, 6, 9, 11)	G	e	5	6
470.5	0.5	157.0	E#4	65.0	True	157.0	1.5	310.0	V7/vi	False	('B', 'D#', 'F#', 'A')	B	B	0.0	dominant seventh chord	(3, 6, 9, 11)	G	e	5	6
470.5	0.5	157.0	B4	71.0	True	157.0	1.5	310.0	V7/vi	False	('B', 'D#', 'F#', 'A')	B	B	0.0	dominant seventh chord	(3, 6, 9, 11)	G	e	5	6
471.0	0.5	158.0	A4	69.0	True	158.0	1.5	311.0	vi	True	('E', 'G', 'B')	E	E	0.0	minor triad	(4, 7, 11)	G	G	6	None
471.0	0.5	158.0	C#4	61.0	True	158.0	1.5	311.0	vi	True	('E', 'G', 'B')	E	E	0.0	minor triad	(4, 7, 11)	G	G	6	None
471.0	0.5	158.0	F#3	54.0	True	158.0	1.5	311.0	vi	True	('E', 'G', 'B')	E	E	0.0	minor triad	(4, 7, 11)	G	G	6	None
471.0	0.5	158.0	F#4	66.0	True	158.0	1.5	311.0	vi	True	('E', 'G', 'B')	E	E	0.0	minor triad	(4, 7, 11)	G	G	6	None
471.5	0.25	158.0	A4	69.0	True	158.0	1.5	311.0	vi	False	('E', 'G', 'B')	E	E	0.0	minor triad	(4, 7, 11)	G	G	6	None
471.5	0.5	158.0	C#4	61.0	True	158.0	1.5	311.0	vi	False	('E', 'G', 'B')	E	E	0.0	minor triad	(4, 7, 11)	G	G	6	None
471.5	0.5	158.0	F#4	66.0	True	158.0	1.5	311.0	vi	False	('E', 'G', 'B')	E	E	0.0	minor triad	(4, 7, 11)	G	G	6	None
471.5	0.5	158.0	F#3	54.0	True	158.0	1.5	311.0	vi	False	('E', 'G', 'B')	E	E	0.0	minor triad	(4, 7, 11)	G	G	6	None
471.75	0.25	158.0	G#4	68.0	True	158.0	1.5	311.0	vi	False	('E', 'G', 'B')	E	E	0.0	minor triad	(4, 7, 11)	G	G	6	None
472.0	0.5	158.0	C#4	61.0	True	158.0	1.5	311.0	vi	False	('E', 'G', 'B')	E	E	0.0	minor triad	(4, 7, 11)	G	G	6	None
472.0	0.5	158.0	C#4	61.0	True	158.0	1.5	311.0	vi	False	('E', 'G', 'B')	E	E	0.0	minor triad	(4, 7, 11)	G	G	6	None
472.0	0.5	158.0	A4	69.0	True	158.0	1.5	311.0	vi	False	('E', 'G', 'B')	E	E	0.0	minor triad	(4, 7, 11)	G	G	6	None
472.0	0.5	158.0	F#3	54.0	True	158.0	1.5	311.0	vi	False	('E', 'G', 'B')	E	E	0.0	minor triad	(4, 7, 11)	G	G	6	None
472.5	0.5	158.0	F#4	66.0	True	158.0	1.0	312.0	ii	True	('A', 'C', 'E')	A	A	0.0	minor triad	(0, 4, 9)	G	G	2	None
472.5	0.5	158.0	D4	62.0	True	158.0	1.0	312.0	ii	True	('A', 'C', 'E')	A	A	0.0	minor triad	(0, 4, 9)	G	G	2	None
472.5	0.5	158.0	D3	50.0	True	158.0	1.0	312.0	ii	True	('A', 'C', 'E')	A	A	0.0	minor triad	(0, 4, 9)	G	G	2	None
472.5	0.5	158.0	B4	71.0	True	158.0	1.0	312.0	ii	True	('A', 'C', 'E')	A	A	0.0	minor triad	(0, 4, 9)	G	G	2	None
473.0	0.5	158.0	D5	74.0	True	158.0	1.0	312.0	ii	False	('A', 'C', 'E')	A	A	0.0	minor triad	(0, 4, 9)	G	G	2	None
473.0	0.5	158.0	D4	62.0	True	158.0	1.0	312.0	ii	False	('A', 'C', 'E')	A	A	0.0	minor triad	(0, 4, 9)	G	G	2	None
473.0	0.5	158.0	F#4	66.0	True	158.0	1.0	312.0	ii	False	('A', 'C', 'E')	A	A	0.0	minor triad	(0, 4, 9)	G	G	2	None
473.0	0.5	158.0	B2	47.0	True	158.0	1.0	312.0	ii	False	('A', 'C', 'E')	A	A	0.0	minor triad	(0, 4, 9)	G	G	2	None
473.5	0.5	158.0	G#4	68.0	True	158.0	0.5	313.0	V7	True	('D', 'F#', 'A', 'C')	D	D	0.0	dominant seventh chord	(0, 2, 6, 9)	G	G	5	None
473.5	0.5	158.0	B3	59.0	True	158.0	0.5	313.0	V7	True	('D', 'F#', 'A', 'C')	D	D	0.0	dominant seventh chord	(0, 2, 6, 9)	G	G	5	None
473.5	0.5	158.0	E3	52.0	True	158.0	0.5	313.0	V7	True	('D', 'F#', 'A', 'C')	D	D	0.0	dominant seventh chord	(0, 2, 6, 9)	G	G	5	None
473.5	0.5	158.0	D4	62.0	True	158.0	0.5	313.0	V7	True	('D', 'F#', 'A', 'C')	D	D	0.0	dominant seventh chord	(0, 2, 6, 9)	G	G	5	None
474.0	1.0	159.0	A4	69.0	True	159.0	2.5	314.0	I	True	('G', 'B', 'D')	G	G	0.0	major triad	(2, 7, 11)	G	G	1	None
474.0	1.0	159.0	C#4	61.0	True	159.0	2.5	314.0	I	True	('G', 'B', 'D')	G	G	0.0	major triad	(2, 7, 11)	G	G	1	None
474.0	1.0	159.0	C#4	61.0	True	159.0	2.5	314.0	I	True	('G', 'B', 'D')	G	G	0.0	major triad	(2, 7, 11)	G	G	1	None
474.0	1.0	159.0	A2	45.0	True	159.0	2.5	314.0	I	True	('G', 'B', 'D')	G	G	0.0	major triad	(2, 7, 11)	G	G	1	None
475.0	0.5	159.0	E4	64.0	True	159.0	2.5	314.0	I	False	('G', 'B', 'D')	G	G	0.0	major triad	(2, 7, 11)	G	G	1	None
475.5	0.5	159.0	F#4	66.0	True	159.0	2.5	314.0	I	False	('G', 'B', 'D')	G	G	0.0	major triad	(2, 7, 11)	G	G	1	None
475.5	0.5	159.0	D4	62.0	True	159.0	2.5	314.0	I	False	('G', 'B', 'D')	G	G	0.0	major triad	(2, 7, 11)	G	G	1	None
476.0	0.5	159.0	C#4	61.0	True	159.0	2.5	314.0	I	False	('G', 'B', 'D')	G	G	0.0	major triad	(2, 7, 11)	G	G	1	None
476.0	0.5	159.0	E4	64.0	True	159.0	2.5	314.0	I	False	('G', 'B', 'D')	G	G	0.0	major triad	(2, 7, 11)	G	G	1	None
476.5	0.5	159.0	D4	62.0	True	159.0	0.5	315.0	V7	True	('D', 'F#', 'A', 'C')	D	D	0.0	dominant seventh chord	(0, 2, 6, 9)	G	G	5	None
476.5	0.5	159.0	E3	52.0	True	159.0	0.5	315.0	V7	True	('D', 'F#', 'A', 'C')	D	D	0.0	dominant seventh chord	(0, 2, 6, 9)	G	G	5	None
476.5	0.5	159.0	E2	40.0	True	159.0	0.5	315.0	V7	True	('D', 'F#', 'A', 'C')	D	D	0.0	dominant seventh chord	(0, 2, 6, 9)	G	G	5	None
476.5	0.5	159.0	G#4	68.0	True	159.0	0.5	315.0	V7	True	('D', 'F#', 'A', 'C')	D	D	0.0	dominant seventh chord	(0, 2, 6, 9)	G	G	5	None
476.5	0.5	159.0	B3	59.0	True	159.0	0.5	315.0	V7	True	('D', 'F#', 'A', 'C')	D	D	0.0	dominant seventh chord	(0, 2, 6, 9)	G	G	5	None
477.0	1.0	160.0	A2	45.0	True	160.0	2.5	316.0	I	True	('G', 'B', 'D')	G	G	0.0	major triad	(2, 7, 11)	G	G	1	None
477.0	0.5	160.0	A4	69.0	True	160.0	2.5	316.0	I	True	('G', 'B', 'D')	G	G	0.0	major triad	(2, 7, 11)	G	G	1	None
477.0	1.0	160.0	C#4	61.0	True	160.0	2.5	316.0	I	True	('G', 'B', 'D')	G	G	0.0	major triad	(2, 7, 11)	G	G	1	None
477.0	1.0	160.0	E3	52.0	True	160.0	2.5	316.0	I	True	('G', 'B', 'D')	G	G	0.0	major triad	(2, 7, 11)	G	G	1	None
477.0	0.5	160.0	A3	57.0	True	160.0	2.5	316.0	I	True	('G', 'B', 'D')	G	G	0.0	major triad	(2, 7, 11)	G	G	1	None
477.5	0.5	160.0	C#5	73.0	True	160.0	2.5	316.0	I	False	('G', 'B', 'D')	G	G	0.0	major triad	(2, 7, 11)	G	G	1	None
477.5	0.5	160.0	A4	69.0	True	160.0	2.5	316.0	I	False	('G', 'B', 'D')	G	G	0.0	major triad	(2, 7, 11)	G	G	1	None
478.0	0.5	160.0	E4	64.0	True	160.0	2.5	316.0	I	False	('G', 'B', 'D')	G	G	0.0	major triad	(2, 7, 11)	G	G	1	None
478.0	0.5	160.0	C#4	61.0	True	160.0	2.5	316.0	I	False	('G', 'B', 'D')	G	G	0.0	major triad	(2, 7, 11)	G	G	1	None
478.5	0.5	160.0	F#4	66.0	True	160.0	2.5	316.0	I	False	('G', 'B', 'D')	G	G	0.0	major triad	(2, 7, 11)	G	G	1	None
478.5	0.5	160.0	D4	62.0	True	160.0	2.5	316.0	I	False	('G', 'B', 'D')	G	G	0.0	major triad	(2, 7, 11)	G	G	1	None
479.0	0.5	160.0	E4	64.0	True	160.0	2.5	316.0	I	False	('G', 'B', 'D')	G	G	0.0	major triad	(2, 7, 11)	G	G	1	None
479.0	0.5	160.0	C#4	61.0	True	160.0	2.5	316.0	I	False	('G', 'B', 'D')	G	G	0.0	major triad	(2, 7, 11)	G	G	1	None
479.5	0.5	160.0	B3	59.0	True	160.0	0.5	317.0	V7	True	('D', 'F#', 'A', 'C')	D	D	0.0	dominant seventh chord	(0, 2, 6, 9)	G	G	5	None
479.5	0.5	160.0	D4	62.0	True	160.0	0.5	317.0	V7	True	('D', 'F#', 'A', 'C')	D	D	0.0	dominant seventh chord	(0, 2, 6, 9)	G	G	5	None
479.5	0.5	160.0	E3	52.0	True	160.0	0.5	317.0	V7	True	('D', 'F#', 'A', 'C')	D	D	0.0	dominant seventh chord	(0, 2, 6, 9)	G	G	5	None
479.5	0.5	160.0	E2	40.0	True	160.0	0.5	317.0	V7	True	('D', 'F#', 'A', 'C')	D	D	0.0	dominant seventh chord	(0, 2, 6, 9)	G	G	5	None
479.5	0.5	160.0	G#4	68.0	True	160.0	0.5	317.0	V7	True	('D', 'F#', 'A', 'C')	D	D	0.0	dominant seventh chord	(0, 2, 6, 9)	G	G	5	None
480.0	1.0	161.0	A2	45.0	True	161.0	1.5	318.0	I	True	('G', 'B', 'D')	G	G	0.0	major triad	(2, 7, 11)	G	G	1	None
480.0	3.0	161.0	A3	57.0	True	161.0	1.5	318.0	I	True	('G', 'B', 'D')	G	G	0.0	major triad	(2, 7, 11)	G	G	1	None
480.0	1.0	161.0	A3	57.0	True	161.0	1.5	318.0	I	True	('G', 'B', 'D')	G	G	0.0	major triad	(2, 7, 11)	G	G	1	None
480.0	1.0	161.0	A4	69.0	True	161.0	1.5	318.0	I	True	('G', 'B', 'D')	G	G	0.0	major triad	(2, 7, 11)	G	G	1	None
480.0	1.0	161.0	C#4	61.0	True	161.0	1.5	318.0	I	True	('G', 'B', 'D')	G	G	0.0	major triad	(2, 7, 11)	G	G	1	None
481.0	0.5	161.0	A4	69.0	True	161.0	1.5	318.0	I	False	('G', 'B', 'D')	G	G	0.0	major triad	(2, 7, 11)	G	G	1	None
481.0	0.5	161.0	C#4	61.0	True	161.0	1.5	318.0	I	False	('G', 'B', 'D')	G	G	0.0	major triad	(2, 7, 11)	G	G	1	None
481.0	0.5	161.0	E4	64.0	True	161.0	1.5	318.0	I	False	('G', 'B', 'D')	G	G	0.0	major triad	(2, 7, 11)	G	G	1	None
481.5	0.5	161.0	F#4	66.0	True	161.0	1.5	319.0	IV	True	('C', 'E', 'G')	C	C	0.0	major triad	(0, 4, 7)	G	G	4	None
481.5	0.5	161.0	D4	62.0	True	161.0	1.5	319.0	IV	True	('C', 'E', 'G')	C	C	0.0	major triad	(0, 4, 7)	G	G	4	None
481.5	1.5	161.0	A4	69.0	True	161.0	1.5	319.0	IV	True	('C', 'E', 'G')	C	C	0.0	major triad	(0, 4, 7)	G	G	4	None
482.0	0.5	161.0	E4	64.0	True	161.0	1.5	319.0	IV	False	('C', 'E', 'G')	C	C	0.0	major triad	(0, 4, 7)	G	G	4	None
482.0	0.5	161.0	C#4	61.0	True	161.0	1.5	319.0	IV	False	('C', 'E', 'G')	C	C	0.0	major triad	(0, 4, 7)	G	G	4	None
482.5	0.5	161.0	D4	62.0	True	161.0	1.5	319.0	IV	False	('C', 'E', 'G')	C	C	0.0	major triad	(0, 4, 7)	G	G	4	None
482.5	0.5	161.0	B3	59.0	True	161.0	1.5	319.0	IV	False	('C', 'E', 'G')	C	C	0.0	major triad	(0, 4, 7)	G	G	4	None
483.0	1.0	162.0	A2	45.0	True	162.0	1.5	320.0	I	True	('G', 'B', 'D')	G	G	0.0	major triad	(2, 7, 11)	G	G	1	None
483.0	1.0	162.0	C#4	61.0	True	162.0	1.5	320.0	I	True	('G', 'B', 'D')	G	G	0.0	major triad	(2, 7, 11)	G	G	1	None
483.0	1.0	162.0	E4	64.0	True	162.0	1.5	320.0	I	True	('G', 'B', 'D')	G	G	0.0	major triad	(2, 7, 11)	G	G	1	None
483.0	3.0	162.0	A3	57.0	False	162.0	1.5	320.0	I	True	('G', 'B', 'D')	G	G	0.0	major triad	(2, 7, 11)	G	G	1	None
483.0	1.0	162.0	A4	69.0	False	162.0	1.5	320.0	I	True	('G', 'B', 'D')	G	G	0.0	major triad	(2, 7, 11)	G	G	1	None
484.0	0.5	162.0	A4	69.0	True	162.0	1.5	320.0	I	False	('G', 'B', 'D')	G	G	0.0	major triad	(2, 7, 11)	G	G	1	None
484.0	0.5	162.0	E4	64.0	True	162.0	1.5	320.0	I	False	('G', 'B', 'D')	G	G	0.0	major triad	(2, 7, 11)	G	G	1	None
484.0	0.5	162.0	C#4	61.0	True	162.0	1.5	320.0	I	False	('G', 'B', 'D')	G	G	0.0	major triad	(2, 7, 11)	G	G	1	None
484.5	0.5	162.0	D4	62.0	True	162.0	1.5	321.0	IV	True	('C', 'E', 'G')	C	C	0.0	major triad	(0, 4, 7)	G	G	4	None
484.5	1.5	162.0	A4	69.0	True	162.0	1.5	321.0	IV	True	('C', 'E', 'G')	C	C	0.0	major triad	(0, 4, 7)	G	G	4	None
484.5	0.5	162.0	F#4	66.0	True	162.0	1.5	321.0	IV	True	('C', 'E', 'G')	C	C	0.0	major triad	(0, 4, 7)	G	G	4	None
485.0	0.5	162.0	C#4	61.0	True	162.0	1.5	321.0	IV	False	('C', 'E', 'G')	C	C	0.0	major triad	(0, 4, 7)	G	G	4	None
485.0	0.5	162.0	E4	64.0	True	162.0	1.5	321.0	IV	False	('C', 'E', 'G')	C	C	0.0	major triad	(0, 4, 7)	G	G	4	None
485.5	0.5	162.0	D4	62.0	True	162.0	1.5	321.0	IV	False	('C', 'E', 'G')	C	C	0.0	major triad	(0, 4, 7)	G	G	4	None
485.5	0.5	162.0	B3	59.0	True	162.0	1.5	321.0	IV	False	('C', 'E', 'G')	C	C	0.0	major triad	(0, 4, 7)	G	G	4	None
486.0	3.0	163.0	A2	45.0	True	163.0	3.0	322.0	I	True	('G', 'B', 'D')	G	G	0.0	major triad	(2, 7, 11)	G	G	1	None
486.0	1.0	163.0	C#4	61.0	True	163.0	3.0	322.0	I	True	('G', 'B', 'D')	G	G	0.0	major triad	(2, 7, 11)	G	G	1	None
486.0	1.5	163.0	A4	69.0	False	163.0	3.0	322.0	I	True	('G', 'B', 'D')	G	G	0.0	major triad	(2, 7, 11)	G	G	1	None
486.0	3.0	163.0	A3	57.0	False	163.0	3.0	322.0	I	True	('G', 'B', 'D')	G	G	0.0	major triad	(2, 7, 11)	G	G	1	None
486.0	1.0	163.0	E4	64.0	True	163.0	3.0	322.0	I	True	('G', 'B', 'D')	G	G	0.0	major triad	(2, 7, 11)	G	G	1	None
487.0	0.5	163.0	F#4	66.0	True	163.0	3.0	322.0	I	False	('G', 'B', 'D')	G	G	0.0	major triad	(2, 7, 11)	G	G	1	None
487.0	0.5	163.0	D4	62.0	True	163.0	3.0	322.0	I	False	('G', 'B', 'D')	G	G	0.0	major triad	(2, 7, 11)	G	G	1	None
487.5	1.5	163.0	A4	69.0	True	163.0	3.0	322.0	I	False	('G', 'B', 'D')	G	G	0.0	major triad	(2, 7, 11)	G	G	1	None
487.5	1.0	163.0	E4	64.0	True	163.0	3.0	322.0	I	False	('G', 'B', 'D')	G	G	0.0	major triad	(2, 7, 11)	G	G	1	None
487.5	1.0	163.0	C#4	61.0	True	163.0	3.0	322.0	I	False	('G', 'B', 'D')	G	G	0.0	major triad	(2, 7, 11)	G	G	1	None
488.5	0.5	163.0	F#4	66.0	True	163.0	3.0	322.0	I	False	('G', 'B', 'D')	G	G	0.0	major triad	(2, 7, 11)	G	G	1	None
488.5	0.5	163.0	D4	62.0	True	163.0	3.0	322.0	I	False	('G', 'B', 'D')	G	G	0.0	major triad	(2, 7, 11)	G	G	1	None
489.0	1.0	164.0	A2	45.0	False	164.0	3.0	323.0	I	True	('G', 'B', 'D')	G	G	0.0	major triad	(2, 7, 11)	G	G	1	None
489.0	1.0	164.0	A3	57.0	True	164.0	3.0	323.0	I	True	('G', 'B', 'D')	G	G	0.0	major triad	(2, 7, 11)	G	G	1	None
489.0	1.5	164.0	E4	64.0	True	164.0	3.0	323.0	I	True	('G', 'B', 'D')	G	G	0.0	major triad	(2, 7, 11)	G	G	1	None
489.0	1.5	164.0	A4	69.0	True	164.0	3.0	323.0	I	True	('G', 'B', 'D')	G	G	0.0	major triad	(2, 7, 11)	G	G	1	None
489.0	1.0	164.0	C#4	61.0	True	164.0	3.0	323.0	I	True	('G', 'B', 'D')	G	G	0.0	major triad	(2, 7, 11)	G	G	1	None
490.5	1.5	164.0	A4	69.0	True	164.0	3.0	323.0	I	False	('G', 'B', 'D')	G	G	0.0	major triad	(2, 7, 11)	G	G	1	None
490.5	0.5	164.0	E4	64.0	True	164.0	3.0	323.0	I	False	('G', 'B', 'D')	G	G	0.0	major triad	(2, 7, 11)	G	G	1	None
491.0	0.5	164.0	F#4	66.0	True	164.0	3.0	323.0	I	False	('G', 'B', 'D')	G	G	0.0	major triad	(2, 7, 11)	G	G	1	None
491.5	0.5	164.0	G4	67.0	True	164.0	3.0	323.0	I	False	('G', 'B', 'D')	G	G	0.0	major triad	(2, 7, 11)	G	G	1	None
492.0	3.0	165.0	E4	64.0	True	165.0	3.0	324.0	I	True	('G', 'B', 'D')	G	G	0.0	major triad	(2, 7, 11)	G	G	1	None
492.0	3.0	165.0	C#4	61.0	True	165.0	3.0	324.0	I	True	('G', 'B', 'D')	G	G	0.0	major triad	(2, 7, 11)	G	G	1	None
492.0	3.0	165.0	A3	57.0	True	165.0	3.0	324.0	I	True	('G', 'B', 'D')	G	G	0.0	major triad	(2, 7, 11)	G	G	1	None
492.0	3.0	165.0	A4	69.0	True	165.0	3.0	324.0	I	True	('G', 'B', 'D')	G	G	0.0	major triad	(2, 7, 11)	G	G	1	None
492.0	3.0	165.0	A2	45.0	True	165.0	3.0	324.0	I	True	('G', 'B', 'D')	G	G	0.0	major triad	(2, 7, 11)	G	G	1	None
495.0	0.5	166.0	A4	69.0	False	166.0	3.0	325.0	I	True	('G', 'B', 'D')	G	G	0.0	major triad	(2, 7, 11)	G	G	1	None
495.0	0.5	166.0	E4	64.0	False	166.0	3.0	325.0	I	True	('G', 'B', 'D')	G	G	0.0	major triad	(2, 7, 11)	G	G	1	None
495.0	1.0	166.0	C#4	61.0	False	166.0	3.0	325.0	I	True	('G', 'B', 'D')	G	G	0.0	major triad	(2, 7, 11)	G	G	1	None
495.0	1.0	166.0	A3	57.0	False	166.0	3.0	325.0	I	True	('G', 'B', 'D')	G	G	0.0	major triad	(2, 7, 11)	G	G	1	None
495.0	3.0	166.0	A2	45.0	False	166.0	3.0	325.0	I	True	('G', 'B', 'D')	G	G	0.0	major triad	(2, 7, 11)	G	G	1	None
