j_offset	s_duration	s_measure	s_note	s_midi	s_isOnset	a_measure	a_duration	a_annotationNumber	a_romanNumeral	a_isOnset	a_pitchNames	a_bass	a_root	a_inversion	a_quality	a_pcset	a_localKey	a_tonicizedKey	a_degree1	a_degree2
0.0	1.5	1.0	E-2	39.0	True	1.0	3.0	0.0	I	True	('E-', 'G', 'B-')	E-	E-	0.0	major triad	(3, 7, 10)	E-	E-	1	None
0.0	1.5	1.0	E-3	51.0	True	1.0	3.0	0.0	I	True	('E-', 'G', 'B-')	E-	E-	0.0	major triad	(3, 7, 10)	E-	E-	1	None
0.5	0.5	1.0	G3	55.0	True	1.0	3.0	0.0	I	False	('E-', 'G', 'B-')	E-	E-	0.0	major triad	(3, 7, 10)	E-	E-	1	None
0.5	0.5	1.0	B-3	58.0	True	1.0	3.0	0.0	I	False	('E-', 'G', 'B-')	E-	E-	0.0	major triad	(3, 7, 10)	E-	E-	1	None
0.5	0.5	1.0	E-4	63.0	True	1.0	3.0	0.0	I	False	('E-', 'G', 'B-')	E-	E-	0.0	major triad	(3, 7, 10)	E-	E-	1	None
1.0	0.5	1.0	B-3	58.0	True	1.0	3.0	0.0	I	False	('E-', 'G', 'B-')	E-	E-	0.0	major triad	(3, 7, 10)	E-	E-	1	None
1.0	0.5	1.0	E-4	63.0	True	1.0	3.0	0.0	I	False	('E-', 'G', 'B-')	E-	E-	0.0	major triad	(3, 7, 10)	E-	E-	1	None
1.0	0.5	1.0	G4	67.0	True	1.0	3.0	0.0	I	False	('E-', 'G', 'B-')	E-	E-	0.0	major triad	(3, 7, 10)	E-	E-	1	None
1.5	0.5	1.0	E-4	63.0	True	1.0	3.0	0.0	I	False	('E-', 'G', 'B-')	E-	E-	0.0	major triad	(3, 7, 10)	E-	E-	1	None
1.5	0.5	1.0	G4	67.0	True	1.0	3.0	0.0	I	False	('E-', 'G', 'B-')	E-	E-	0.0	major triad	(3, 7, 10)	E-	E-	1	None
1.5	0.5	1.0	B-4	70.0	True	1.0	3.0	0.0	I	False	('E-', 'G', 'B-')	E-	E-	0.0	major triad	(3, 7, 10)	E-	E-	1	None
2.0	0.5	1.0	G4	67.0	True	1.0	3.0	0.0	I	False	('E-', 'G', 'B-')	E-	E-	0.0	major triad	(3, 7, 10)	E-	E-	1	None
2.0	0.5	1.0	E-4	63.0	True	1.0	3.0	0.0	I	False	('E-', 'G', 'B-')	E-	E-	0.0	major triad	(3, 7, 10)	E-	E-	1	None
2.0	0.5	1.0	B-3	58.0	True	1.0	3.0	0.0	I	False	('E-', 'G', 'B-')	E-	E-	0.0	major triad	(3, 7, 10)	E-	E-	1	None
2.5	0.5	1.0	G3	55.0	True	1.0	3.0	0.0	I	False	('E-', 'G', 'B-')	E-	E-	0.0	major triad	(3, 7, 10)	E-	E-	1	None
2.5	0.5	1.0	B-3	58.0	True	1.0	3.0	0.0	I	False	('E-', 'G', 'B-')	E-	E-	0.0	major triad	(3, 7, 10)	E-	E-	1	None
2.5	0.5	1.0	E-4	63.0	True	1.0	3.0	0.0	I	False	('E-', 'G', 'B-')	E-	E-	0.0	major triad	(3, 7, 10)	E-	E-	1	None
3.0	1.5	2.0	E-2	39.0	True	2.0	3.0	1.0	V7	True	('B-', 'D', 'F', 'A-')	B-	B-	0.0	dominant seventh chord	(2, 5, 8, 10)	E-	E-	5	None
3.0	1.5	2.0	E-3	51.0	True	2.0	3.0	1.0	V7	True	('B-', 'D', 'F', 'A-')	B-	B-	0.0	dominant seventh chord	(2, 5, 8, 10)	E-	E-	5	None
3.5	0.5	2.0	F3	53.0	True	2.0	3.0	1.0	V7	False	('B-', 'D', 'F', 'A-')	B-	B-	0.0	dominant seventh chord	(2, 5, 8, 10)	E-	E-	5	None
3.5	0.5	2.0	A-3	56.0	True	2.0	3.0	1.0	V7	False	('B-', 'D', 'F', 'A-')	B-	B-	0.0	dominant seventh chord	(2, 5, 8, 10)	E-	E-	5	None
3.5	0.5	2.0	D4	62.0	True	2.0	3.0	1.0	V7	False	('B-', 'D', 'F', 'A-')	B-	B-	0.0	dominant seventh chord	(2, 5, 8, 10)	E-	E-	5	None
4.0	0.5	2.0	A-3	56.0	True	2.0	3.0	1.0	V7	False	('B-', 'D', 'F', 'A-')	B-	B-	0.0	dominant seventh chord	(2, 5, 8, 10)	E-	E-	5	None
4.0	0.5	2.0	D4	62.0	True	2.0	3.0	1.0	V7	False	('B-', 'D', 'F', 'A-')	B-	B-	0.0	dominant seventh chord	(2, 5, 8, 10)	E-	E-	5	None
4.0	0.5	2.0	F4	65.0	True	2.0	3.0	1.0	V7	False	('B-', 'D', 'F', 'A-')	B-	B-	0.0	dominant seventh chord	(2, 5, 8, 10)	E-	E-	5	None
4.5	0.5	2.0	B-4	70.0	True	2.0	3.0	1.0	V7	False	('B-', 'D', 'F', 'A-')	B-	B-	0.0	dominant seventh chord	(2, 5, 8, 10)	E-	E-	5	None
4.5	0.5	2.0	F4	65.0	True	2.0	3.0	1.0	V7	False	('B-', 'D', 'F', 'A-')	B-	B-	0.0	dominant seventh chord	(2, 5, 8, 10)	E-	E-	5	None
4.5	0.5	2.0	D4	62.0	True	2.0	3.0	1.0	V7	False	('B-', 'D', 'F', 'A-')	B-	B-	0.0	dominant seventh chord	(2, 5, 8, 10)	E-	E-	5	None
5.0	0.5	2.0	A-3	56.0	True	2.0	3.0	1.0	V7	False	('B-', 'D', 'F', 'A-')	B-	B-	0.0	dominant seventh chord	(2, 5, 8, 10)	E-	E-	5	None
5.0	0.5	2.0	D4	62.0	True	2.0	3.0	1.0	V7	False	('B-', 'D', 'F', 'A-')	B-	B-	0.0	dominant seventh chord	(2, 5, 8, 10)	E-	E-	5	None
5.0	0.5	2.0	F4	65.0	True	2.0	3.0	1.0	V7	False	('B-', 'D', 'F', 'A-')	B-	B-	0.0	dominant seventh chord	(2, 5, 8, 10)	E-	E-	5	None
5.5	0.5	2.0	F3	53.0	True	2.0	3.0	1.0	V7	False	('B-', 'D', 'F', 'A-')	B-	B-	0.0	dominant seventh chord	(2, 5, 8, 10)	E-	E-	5	None
5.5	0.5	2.0	A-3	56.0	True	2.0	3.0	1.0	V7	False	('B-', 'D', 'F', 'A-')	B-	B-	0.0	dominant seventh chord	(2, 5, 8, 10)	E-	E-	5	None
5.5	0.5	2.0	D4	62.0	True	2.0	3.0	1.0	V7	False	('B-', 'D', 'F', 'A-')	B-	B-	0.0	dominant seventh chord	(2, 5, 8, 10)	E-	E-	5	None
6.0	0.75	3.0	B-4	70.0	True	3.0	3.0	2.0	I	True	('E-', 'G', 'B-')	E-	E-	0.0	major triad	(3, 7, 10)	E-	E-	1	None
6.0	1.5	3.0	E-2	39.0	True	3.0	3.0	2.0	I	True	('E-', 'G', 'B-')	E-	E-	0.0	major triad	(3, 7, 10)	E-	E-	1	None
6.0	1.5	3.0	E-3	51.0	True	3.0	3.0	2.0	I	True	('E-', 'G', 'B-')	E-	E-	0.0	major triad	(3, 7, 10)	E-	E-	1	None
6.5	0.5	3.0	B-3	58.0	True	3.0	3.0	2.0	I	False	('E-', 'G', 'B-')	E-	E-	0.0	major triad	(3, 7, 10)	E-	E-	1	None
6.5	0.5	3.0	E-4	63.0	True	3.0	3.0	2.0	I	False	('E-', 'G', 'B-')	E-	E-	0.0	major triad	(3, 7, 10)	E-	E-	1	None
6.5	0.5	3.0	G3	55.0	True	3.0	3.0	2.0	I	False	('E-', 'G', 'B-')	E-	E-	0.0	major triad	(3, 7, 10)	E-	E-	1	None
6.75	0.25	3.0	A4	69.0	True	3.0	3.0	2.0	I	False	('E-', 'G', 'B-')	E-	E-	0.0	major triad	(3, 7, 10)	E-	E-	1	None
7.0	0.5	3.0	B-4	70.0	True	3.0	3.0	2.0	I	False	('E-', 'G', 'B-')	E-	E-	0.0	major triad	(3, 7, 10)	E-	E-	1	None
7.0	0.5	3.0	B-3	58.0	True	3.0	3.0	2.0	I	False	('E-', 'G', 'B-')	E-	E-	0.0	major triad	(3, 7, 10)	E-	E-	1	None
7.0	0.5	3.0	E-4	63.0	True	3.0	3.0	2.0	I	False	('E-', 'G', 'B-')	E-	E-	0.0	major triad	(3, 7, 10)	E-	E-	1	None
7.0	0.5	3.0	G4	67.0	True	3.0	3.0	2.0	I	False	('E-', 'G', 'B-')	E-	E-	0.0	major triad	(3, 7, 10)	E-	E-	1	None
7.5	1.0	3.0	E-5	75.0	True	3.0	3.0	2.0	I	False	('E-', 'G', 'B-')	E-	E-	0.0	major triad	(3, 7, 10)	E-	E-	1	None
7.5	0.5	3.0	E-4	63.0	True	3.0	3.0	2.0	I	False	('E-', 'G', 'B-')	E-	E-	0.0	major triad	(3, 7, 10)	E-	E-	1	None
7.5	0.5	3.0	G4	67.0	True	3.0	3.0	2.0	I	False	('E-', 'G', 'B-')	E-	E-	0.0	major triad	(3, 7, 10)	E-	E-	1	None
7.5	0.5	3.0	B-4	70.0	True	3.0	3.0	2.0	I	False	('E-', 'G', 'B-')	E-	E-	0.0	major triad	(3, 7, 10)	E-	E-	1	None
8.0	0.5	3.0	G4	67.0	True	3.0	3.0	2.0	I	False	('E-', 'G', 'B-')	E-	E-	0.0	major triad	(3, 7, 10)	E-	E-	1	None
8.0	0.5	3.0	B-3	58.0	True	3.0	3.0	2.0	I	False	('E-', 'G', 'B-')	E-	E-	0.0	major triad	(3, 7, 10)	E-	E-	1	None
8.0	0.5	3.0	E-4	63.0	True	3.0	3.0	2.0	I	False	('E-', 'G', 'B-')	E-	E-	0.0	major triad	(3, 7, 10)	E-	E-	1	None
8.5	0.5	3.0	B-3	58.0	True	3.0	3.0	2.0	I	False	('E-', 'G', 'B-')	E-	E-	0.0	major triad	(3, 7, 10)	E-	E-	1	None
8.5	0.5	3.0	E-4	63.0	True	3.0	3.0	2.0	I	False	('E-', 'G', 'B-')	E-	E-	0.0	major triad	(3, 7, 10)	E-	E-	1	None
8.5	0.5	3.0	B-4	70.0	True	3.0	3.0	2.0	I	False	('E-', 'G', 'B-')	E-	E-	0.0	major triad	(3, 7, 10)	E-	E-	1	None
8.5	0.5	3.0	G3	55.0	True	3.0	3.0	2.0	I	False	('E-', 'G', 'B-')	E-	E-	0.0	major triad	(3, 7, 10)	E-	E-	1	None
9.0	1.0	4.0	G4	67.0	True	4.0	3.0	3.0	V7/IV	True	('E-', 'G', 'B-', 'D-')	E-	E-	0.0	dominant seventh chord	(1, 3, 7, 10)	E-	A-	5	4
9.0	1.5	4.0	E-2	39.0	True	4.0	3.0	3.0	V7/IV	True	('E-', 'G', 'B-', 'D-')	E-	E-	0.0	dominant seventh chord	(1, 3, 7, 10)	E-	A-	5	4
9.0	1.5	4.0	E-3	51.0	True	4.0	3.0	3.0	V7/IV	True	('E-', 'G', 'B-', 'D-')	E-	E-	0.0	dominant seventh chord	(1, 3, 7, 10)	E-	A-	5	4
9.5	0.5	4.0	B-3	58.0	True	4.0	3.0	3.0	V7/IV	False	('E-', 'G', 'B-', 'D-')	E-	E-	0.0	dominant seventh chord	(1, 3, 7, 10)	E-	A-	5	4
9.5	0.5	4.0	D-4	61.0	True	4.0	3.0	3.0	V7/IV	False	('E-', 'G', 'B-', 'D-')	E-	E-	0.0	dominant seventh chord	(1, 3, 7, 10)	E-	A-	5	4
9.5	0.5	4.0	E-4	63.0	True	4.0	3.0	3.0	V7/IV	False	('E-', 'G', 'B-', 'D-')	E-	E-	0.0	dominant seventh chord	(1, 3, 7, 10)	E-	A-	5	4
10.0	0.5	4.0	G4	67.0	True	4.0	3.0	3.0	V7/IV	False	('E-', 'G', 'B-', 'D-')	E-	E-	0.0	dominant seventh chord	(1, 3, 7, 10)	E-	A-	5	4
10.0	0.5	4.0	D-4	61.0	True	4.0	3.0	3.0	V7/IV	False	('E-', 'G', 'B-', 'D-')	E-	E-	0.0	dominant seventh chord	(1, 3, 7, 10)	E-	A-	5	4
10.0	0.5	4.0	E-4	63.0	True	4.0	3.0	3.0	V7/IV	False	('E-', 'G', 'B-', 'D-')	E-	E-	0.0	dominant seventh chord	(1, 3, 7, 10)	E-	A-	5	4
10.0	0.5	4.0	G4	67.0	True	4.0	3.0	3.0	V7/IV	False	('E-', 'G', 'B-', 'D-')	E-	E-	0.0	dominant seventh chord	(1, 3, 7, 10)	E-	A-	5	4
10.5	0.5	4.0	D-5	73.0	True	4.0	3.0	3.0	V7/IV	False	('E-', 'G', 'B-', 'D-')	E-	E-	0.0	dominant seventh chord	(1, 3, 7, 10)	E-	A-	5	4
10.5	0.5	4.0	G4	67.0	True	4.0	3.0	3.0	V7/IV	False	('E-', 'G', 'B-', 'D-')	E-	E-	0.0	dominant seventh chord	(1, 3, 7, 10)	E-	A-	5	4
10.5	0.5	4.0	E-4	63.0	True	4.0	3.0	3.0	V7/IV	False	('E-', 'G', 'B-', 'D-')	E-	E-	0.0	dominant seventh chord	(1, 3, 7, 10)	E-	A-	5	4
10.5	1.0	4.0	F4	65.0	True	4.0	3.0	3.0	V7/IV	False	('E-', 'G', 'B-', 'D-')	E-	E-	0.0	dominant seventh chord	(1, 3, 7, 10)	E-	A-	5	4
11.0	0.5	4.0	D-4	61.0	True	4.0	3.0	3.0	V7/IV	False	('E-', 'G', 'B-', 'D-')	E-	E-	0.0	dominant seventh chord	(1, 3, 7, 10)	E-	A-	5	4
11.0	0.5	4.0	E-4	63.0	True	4.0	3.0	3.0	V7/IV	False	('E-', 'G', 'B-', 'D-')	E-	E-	0.0	dominant seventh chord	(1, 3, 7, 10)	E-	A-	5	4
11.0	0.5	4.0	G4	67.0	True	4.0	3.0	3.0	V7/IV	False	('E-', 'G', 'B-', 'D-')	E-	E-	0.0	dominant seventh chord	(1, 3, 7, 10)	E-	A-	5	4
11.5	0.5	4.0	E-4	63.0	True	4.0	3.0	3.0	V7/IV	False	('E-', 'G', 'B-', 'D-')	E-	E-	0.0	dominant seventh chord	(1, 3, 7, 10)	E-	A-	5	4
11.5	0.5	4.0	G3	55.0	True	4.0	3.0	3.0	V7/IV	False	('E-', 'G', 'B-', 'D-')	E-	E-	0.0	dominant seventh chord	(1, 3, 7, 10)	E-	A-	5	4
11.5	0.5	4.0	D-4	61.0	True	4.0	3.0	3.0	V7/IV	False	('E-', 'G', 'B-', 'D-')	E-	E-	0.0	dominant seventh chord	(1, 3, 7, 10)	E-	A-	5	4
11.5	0.5	4.0	E-4	63.0	True	4.0	3.0	3.0	V7/IV	False	('E-', 'G', 'B-', 'D-')	E-	E-	0.0	dominant seventh chord	(1, 3, 7, 10)	E-	A-	5	4
12.0	1.5	5.0	B-4	70.0	True	5.0	3.0	4.0	IV	True	('A-', 'C', 'E-')	A-	A-	0.0	major triad	(0, 3, 8)	E-	E-	4	None
12.0	1.5	5.0	E-2	39.0	True	5.0	3.0	4.0	IV	True	('A-', 'C', 'E-')	A-	A-	0.0	major triad	(0, 3, 8)	E-	E-	4	None
12.0	1.5	5.0	E-3	51.0	True	5.0	3.0	4.0	IV	True	('A-', 'C', 'E-')	A-	A-	0.0	major triad	(0, 3, 8)	E-	E-	4	None
12.5	0.5	5.0	E-4	63.0	True	5.0	3.0	4.0	IV	False	('A-', 'C', 'E-')	A-	A-	0.0	major triad	(0, 3, 8)	E-	E-	4	None
12.5	0.5	5.0	A-4	68.0	True	5.0	3.0	4.0	IV	False	('A-', 'C', 'E-')	A-	A-	0.0	major triad	(0, 3, 8)	E-	E-	4	None
12.5	0.5	5.0	C4	60.0	True	5.0	3.0	4.0	IV	False	('A-', 'C', 'E-')	A-	A-	0.0	major triad	(0, 3, 8)	E-	E-	4	None
13.0	0.5	5.0	E-4	63.0	True	5.0	3.0	4.0	IV	False	('A-', 'C', 'E-')	A-	A-	0.0	major triad	(0, 3, 8)	E-	E-	4	None
13.0	0.5	5.0	A-4	68.0	True	5.0	3.0	4.0	IV	False	('A-', 'C', 'E-')	A-	A-	0.0	major triad	(0, 3, 8)	E-	E-	4	None
13.0	0.5	5.0	C5	72.0	True	5.0	3.0	4.0	IV	False	('A-', 'C', 'E-')	A-	A-	0.0	major triad	(0, 3, 8)	E-	E-	4	None
13.5	1.0	5.0	A-4	68.0	True	5.0	3.0	4.0	IV	False	('A-', 'C', 'E-')	A-	A-	0.0	major triad	(0, 3, 8)	E-	E-	4	None
13.5	0.5	5.0	A-4	68.0	True	5.0	3.0	4.0	IV	False	('A-', 'C', 'E-')	A-	A-	0.0	major triad	(0, 3, 8)	E-	E-	4	None
13.5	0.5	5.0	C5	72.0	True	5.0	3.0	4.0	IV	False	('A-', 'C', 'E-')	A-	A-	0.0	major triad	(0, 3, 8)	E-	E-	4	None
13.5	0.5	5.0	E-5	75.0	True	5.0	3.0	4.0	IV	False	('A-', 'C', 'E-')	A-	A-	0.0	major triad	(0, 3, 8)	E-	E-	4	None
14.0	0.5	5.0	E-4	63.0	True	5.0	3.0	4.0	IV	False	('A-', 'C', 'E-')	A-	A-	0.0	major triad	(0, 3, 8)	E-	E-	4	None
14.0	0.5	5.0	A-4	68.0	True	5.0	3.0	4.0	IV	False	('A-', 'C', 'E-')	A-	A-	0.0	major triad	(0, 3, 8)	E-	E-	4	None
14.0	0.5	5.0	C5	72.0	True	5.0	3.0	4.0	IV	False	('A-', 'C', 'E-')	A-	A-	0.0	major triad	(0, 3, 8)	E-	E-	4	None
14.5	0.5	5.0	E-4	63.0	True	5.0	3.0	4.0	IV	False	('A-', 'C', 'E-')	A-	A-	0.0	major triad	(0, 3, 8)	E-	E-	4	None
14.5	0.5	5.0	C4	60.0	True	5.0	3.0	4.0	IV	False	('A-', 'C', 'E-')	A-	A-	0.0	major triad	(0, 3, 8)	E-	E-	4	None
14.5	0.5	5.0	A-4	68.0	True	5.0	3.0	4.0	IV	False	('A-', 'C', 'E-')	A-	A-	0.0	major triad	(0, 3, 8)	E-	E-	4	None
15.0	1.5	6.0	E-3	51.0	True	6.0	3.0	5.0	V7	True	('B-', 'D', 'F', 'A-')	B-	B-	0.0	dominant seventh chord	(2, 5, 8, 10)	E-	E-	5	None
15.0	1.0	6.0	F5	77.0	True	6.0	3.0	5.0	V7	True	('B-', 'D', 'F', 'A-')	B-	B-	0.0	dominant seventh chord	(2, 5, 8, 10)	E-	E-	5	None
15.0	1.5	6.0	E-2	39.0	True	6.0	3.0	5.0	V7	True	('B-', 'D', 'F', 'A-')	B-	B-	0.0	dominant seventh chord	(2, 5, 8, 10)	E-	E-	5	None
15.5	0.5	6.0	B-3	58.0	True	6.0	3.0	5.0	V7	False	('B-', 'D', 'F', 'A-')	B-	B-	0.0	dominant seventh chord	(2, 5, 8, 10)	E-	E-	5	None
15.5	0.5	6.0	D4	62.0	True	6.0	3.0	5.0	V7	False	('B-', 'D', 'F', 'A-')	B-	B-	0.0	dominant seventh chord	(2, 5, 8, 10)	E-	E-	5	None
15.5	0.5	6.0	A-4	68.0	True	6.0	3.0	5.0	V7	False	('B-', 'D', 'F', 'A-')	B-	B-	0.0	dominant seventh chord	(2, 5, 8, 10)	E-	E-	5	None
16.0	0.5	6.0	B-4	70.0	True	6.0	3.0	5.0	V7	False	('B-', 'D', 'F', 'A-')	B-	B-	0.0	dominant seventh chord	(2, 5, 8, 10)	E-	E-	5	None
16.0	0.5	6.0	A-4	68.0	True	6.0	3.0	5.0	V7	False	('B-', 'D', 'F', 'A-')	B-	B-	0.0	dominant seventh chord	(2, 5, 8, 10)	E-	E-	5	None
16.0	0.5	6.0	D4	62.0	True	6.0	3.0	5.0	V7	False	('B-', 'D', 'F', 'A-')	B-	B-	0.0	dominant seventh chord	(2, 5, 8, 10)	E-	E-	5	None
16.0	0.5	6.0	A-4	68.0	True	6.0	3.0	5.0	V7	False	('B-', 'D', 'F', 'A-')	B-	B-	0.0	dominant seventh chord	(2, 5, 8, 10)	E-	E-	5	None
16.5	0.5	6.0	B-4	70.0	True	6.0	3.0	5.0	V7	False	('B-', 'D', 'F', 'A-')	B-	B-	0.0	dominant seventh chord	(2, 5, 8, 10)	E-	E-	5	None
16.5	0.5	6.0	F5	77.0	True	6.0	3.0	5.0	V7	False	('B-', 'D', 'F', 'A-')	B-	B-	0.0	dominant seventh chord	(2, 5, 8, 10)	E-	E-	5	None
16.5	0.75	6.0	A-4	68.0	True	6.0	3.0	5.0	V7	False	('B-', 'D', 'F', 'A-')	B-	B-	0.0	dominant seventh chord	(2, 5, 8, 10)	E-	E-	5	None
16.5	0.5	6.0	A-4	68.0	True	6.0	3.0	5.0	V7	False	('B-', 'D', 'F', 'A-')	B-	B-	0.0	dominant seventh chord	(2, 5, 8, 10)	E-	E-	5	None
17.0	0.5	6.0	B-4	70.0	True	6.0	3.0	5.0	V7	False	('B-', 'D', 'F', 'A-')	B-	B-	0.0	dominant seventh chord	(2, 5, 8, 10)	E-	E-	5	None
17.0	0.5	6.0	D4	62.0	True	6.0	3.0	5.0	V7	False	('B-', 'D', 'F', 'A-')	B-	B-	0.0	dominant seventh chord	(2, 5, 8, 10)	E-	E-	5	None
17.0	0.5	6.0	A-4	68.0	True	6.0	3.0	5.0	V7	False	('B-', 'D', 'F', 'A-')	B-	B-	0.0	dominant seventh chord	(2, 5, 8, 10)	E-	E-	5	None
17.25	0.25	6.0	G4	67.0	True	6.0	3.0	5.0	V7	False	('B-', 'D', 'F', 'A-')	B-	B-	0.0	dominant seventh chord	(2, 5, 8, 10)	E-	E-	5	None
17.5	0.5	6.0	A-4	68.0	True	6.0	3.0	5.0	V7	False	('B-', 'D', 'F', 'A-')	B-	B-	0.0	dominant seventh chord	(2, 5, 8, 10)	E-	E-	5	None
17.5	0.5	6.0	B-3	58.0	True	6.0	3.0	5.0	V7	False	('B-', 'D', 'F', 'A-')	B-	B-	0.0	dominant seventh chord	(2, 5, 8, 10)	E-	E-	5	None
17.5	0.5	6.0	D4	62.0	True	6.0	3.0	5.0	V7	False	('B-', 'D', 'F', 'A-')	B-	B-	0.0	dominant seventh chord	(2, 5, 8, 10)	E-	E-	5	None
17.5	0.5	6.0	A-4	68.0	True	6.0	3.0	5.0	V7	False	('B-', 'D', 'F', 'A-')	B-	B-	0.0	dominant seventh chord	(2, 5, 8, 10)	E-	E-	5	None
18.0	1.0	7.0	B-4	70.0	True	7.0	1.5	6.0	I	True	('E-', 'G', 'B-')	E-	E-	0.0	major triad	(3, 7, 10)	E-	E-	1	None
18.0	1.0	7.0	E-2	39.0	True	7.0	1.5	6.0	I	True	('E-', 'G', 'B-')	E-	E-	0.0	major triad	(3, 7, 10)	E-	E-	1	None
18.0	1.0	7.0	E-3	51.0	True	7.0	1.5	6.0	I	True	('E-', 'G', 'B-')	E-	E-	0.0	major triad	(3, 7, 10)	E-	E-	1	None
18.5	0.5	7.0	B-3	58.0	True	7.0	1.5	6.0	I	False	('E-', 'G', 'B-')	E-	E-	0.0	major triad	(3, 7, 10)	E-	E-	1	None
18.5	0.5	7.0	E-4	63.0	True	7.0	1.5	6.0	I	False	('E-', 'G', 'B-')	E-	E-	0.0	major triad	(3, 7, 10)	E-	E-	1	None
18.5	0.5	7.0	G4	67.0	True	7.0	1.5	6.0	I	False	('E-', 'G', 'B-')	E-	E-	0.0	major triad	(3, 7, 10)	E-	E-	1	None
19.0	0.5	7.0	B-4	70.0	True	7.0	1.5	6.0	I	False	('E-', 'G', 'B-')	E-	E-	0.0	major triad	(3, 7, 10)	E-	E-	1	None
19.0	0.5	7.0	G4	67.0	True	7.0	1.5	6.0	I	False	('E-', 'G', 'B-')	E-	E-	0.0	major triad	(3, 7, 10)	E-	E-	1	None
19.0	0.5	7.0	B-4	70.0	True	7.0	1.5	6.0	I	False	('E-', 'G', 'B-')	E-	E-	0.0	major triad	(3, 7, 10)	E-	E-	1	None
19.0	0.5	7.0	E-4	63.0	True	7.0	1.5	6.0	I	False	('E-', 'G', 'B-')	E-	E-	0.0	major triad	(3, 7, 10)	E-	E-	1	None
19.5	1.0	7.0	A4	69.0	True	7.0	1.5	7.0	V	True	('D', 'F', 'B-')	D	B-	1.0	major triad	(2, 5, 10)	E-	E-	5	None
19.5	1.0	7.0	D2	38.0	True	7.0	1.5	7.0	V	True	('D', 'F', 'B-')	D	B-	1.0	major triad	(2, 5, 10)	E-	E-	5	None
19.5	1.0	7.0	D3	50.0	True	7.0	1.5	7.0	V	True	('D', 'F', 'B-')	D	B-	1.0	major triad	(2, 5, 10)	E-	E-	5	None
20.0	0.5	7.0	B-3	58.0	True	7.0	1.5	7.0	V	False	('D', 'F', 'B-')	D	B-	1.0	major triad	(2, 5, 10)	E-	E-	5	None
20.0	0.5	7.0	F4	65.0	True	7.0	1.5	7.0	V	False	('D', 'F', 'B-')	D	B-	1.0	major triad	(2, 5, 10)	E-	E-	5	None
20.5	0.5	7.0	B-4	70.0	True	7.0	1.5	7.0	V	False	('D', 'F', 'B-')	D	B-	1.0	major triad	(2, 5, 10)	E-	E-	5	None
20.5	0.5	7.0	B-4	70.0	True	7.0	1.5	7.0	V	False	('D', 'F', 'B-')	D	B-	1.0	major triad	(2, 5, 10)	E-	E-	5	None
20.5	0.5	7.0	F4	65.0	True	7.0	1.5	7.0	V	False	('D', 'F', 'B-')	D	B-	1.0	major triad	(2, 5, 10)	E-	E-	5	None
21.0	1.5	8.0	C2	36.0	True	8.0	1.5	8.0	vi7	True	('C', 'E-', 'G', 'B-')	C	C	0.0	minor seventh chord	(0, 3, 7, 10)	E-	E-	6	None
21.0	1.5	8.0	C3	48.0	True	8.0	1.5	8.0	vi7	True	('C', 'E-', 'G', 'B-')	C	C	0.0	minor seventh chord	(0, 3, 7, 10)	E-	E-	6	None
21.0	1.5	8.0	E-5	75.0	True	8.0	1.5	8.0	vi7	True	('C', 'E-', 'G', 'B-')	C	C	0.0	minor seventh chord	(0, 3, 7, 10)	E-	E-	6	None
21.5	0.5	8.0	B-3	58.0	True	8.0	1.5	8.0	vi7	False	('C', 'E-', 'G', 'B-')	C	C	0.0	minor seventh chord	(0, 3, 7, 10)	E-	E-	6	None
21.5	0.5	8.0	E-4	63.0	True	8.0	1.5	8.0	vi7	False	('C', 'E-', 'G', 'B-')	C	C	0.0	minor seventh chord	(0, 3, 7, 10)	E-	E-	6	None
22.0	0.5	8.0	E-4	63.0	True	8.0	1.5	8.0	vi7	False	('C', 'E-', 'G', 'B-')	C	C	0.0	minor seventh chord	(0, 3, 7, 10)	E-	E-	6	None
22.0	0.5	8.0	B-4	70.0	True	8.0	1.5	8.0	vi7	False	('C', 'E-', 'G', 'B-')	C	C	0.0	minor seventh chord	(0, 3, 7, 10)	E-	E-	6	None
22.5	1.0	8.0	A-4	68.0	True	8.0	1.5	9.0	IV	True	('C', 'E-', 'A-')	C	A-	1.0	major triad	(0, 3, 8)	E-	E-	4	None
22.5	0.5	8.0	A-4	68.0	True	8.0	1.5	9.0	IV	True	('C', 'E-', 'A-')	C	A-	1.0	major triad	(0, 3, 8)	E-	E-	4	None
22.5	0.5	8.0	E-5	75.0	True	8.0	1.5	9.0	IV	True	('C', 'E-', 'A-')	C	A-	1.0	major triad	(0, 3, 8)	E-	E-	4	None
23.0	0.5	8.0	E-4	63.0	True	8.0	1.5	9.0	IV	False	('C', 'E-', 'A-')	C	A-	1.0	major triad	(0, 3, 8)	E-	E-	4	None
23.0	0.5	8.0	A-4	68.0	True	8.0	1.5	9.0	IV	False	('C', 'E-', 'A-')	C	A-	1.0	major triad	(0, 3, 8)	E-	E-	4	None
23.5	0.5	8.0	E-4	63.0	True	8.0	1.5	9.0	IV	False	('C', 'E-', 'A-')	C	A-	1.0	major triad	(0, 3, 8)	E-	E-	4	None
23.5	0.5	8.0	A-3	56.0	True	8.0	1.5	9.0	IV	False	('C', 'E-', 'A-')	C	A-	1.0	major triad	(0, 3, 8)	E-	E-	4	None
24.0	1.5	9.0	B-2	46.0	True	9.0	3.0	10.0	viio7/ii	True	('B-', 'D-', 'E', 'G')	B-	E	2.0	diminished seventh chord	(1, 4, 7, 10)	E-	f	#7	2
24.0	1.5	9.0	B-1	34.0	True	9.0	3.0	10.0	viio7/ii	True	('B-', 'D-', 'E', 'G')	B-	E	2.0	diminished seventh chord	(1, 4, 7, 10)	E-	f	#7	2
24.0	1.0	9.0	G4	67.0	True	9.0	3.0	10.0	viio7/ii	True	('B-', 'D-', 'E', 'G')	B-	E	2.0	diminished seventh chord	(1, 4, 7, 10)	E-	f	#7	2
24.5	0.5	9.0	G3	55.0	True	9.0	3.0	10.0	viio7/ii	False	('B-', 'D-', 'E', 'G')	B-	E	2.0	diminished seventh chord	(1, 4, 7, 10)	E-	f	#7	2
24.5	0.5	9.0	D-4	61.0	True	9.0	3.0	10.0	viio7/ii	False	('B-', 'D-', 'E', 'G')	B-	E	2.0	diminished seventh chord	(1, 4, 7, 10)	E-	f	#7	2
24.5	0.5	9.0	E4	64.0	True	9.0	3.0	10.0	viio7/ii	False	('B-', 'D-', 'E', 'G')	B-	E	2.0	diminished seventh chord	(1, 4, 7, 10)	E-	f	#7	2
25.0	0.5	9.0	G4	67.0	True	9.0	3.0	10.0	viio7/ii	False	('B-', 'D-', 'E', 'G')	B-	E	2.0	diminished seventh chord	(1, 4, 7, 10)	E-	f	#7	2
25.0	0.5	9.0	F4	65.0	True	9.0	3.0	10.0	viio7/ii	False	('B-', 'D-', 'E', 'G')	B-	E	2.0	diminished seventh chord	(1, 4, 7, 10)	E-	f	#7	2
25.0	0.5	9.0	D-4	61.0	True	9.0	3.0	10.0	viio7/ii	False	('B-', 'D-', 'E', 'G')	B-	E	2.0	diminished seventh chord	(1, 4, 7, 10)	E-	f	#7	2
25.0	0.5	9.0	E4	64.0	True	9.0	3.0	10.0	viio7/ii	False	('B-', 'D-', 'E', 'G')	B-	E	2.0	diminished seventh chord	(1, 4, 7, 10)	E-	f	#7	2
25.5	0.5	9.0	G4	67.0	True	9.0	3.0	10.0	viio7/ii	False	('B-', 'D-', 'E', 'G')	B-	E	2.0	diminished seventh chord	(1, 4, 7, 10)	E-	f	#7	2
25.5	0.5	9.0	D-5	73.0	True	9.0	3.0	10.0	viio7/ii	False	('B-', 'D-', 'E', 'G')	B-	E	2.0	diminished seventh chord	(1, 4, 7, 10)	E-	f	#7	2
25.5	0.75	9.0	E4	64.0	True	9.0	3.0	10.0	viio7/ii	False	('B-', 'D-', 'E', 'G')	B-	E	2.0	diminished seventh chord	(1, 4, 7, 10)	E-	f	#7	2
25.5	0.5	9.0	E4	64.0	True	9.0	3.0	10.0	viio7/ii	False	('B-', 'D-', 'E', 'G')	B-	E	2.0	diminished seventh chord	(1, 4, 7, 10)	E-	f	#7	2
26.0	0.5	9.0	G4	67.0	True	9.0	3.0	10.0	viio7/ii	False	('B-', 'D-', 'E', 'G')	B-	E	2.0	diminished seventh chord	(1, 4, 7, 10)	E-	f	#7	2
26.0	0.5	9.0	E4	64.0	True	9.0	3.0	10.0	viio7/ii	False	('B-', 'D-', 'E', 'G')	B-	E	2.0	diminished seventh chord	(1, 4, 7, 10)	E-	f	#7	2
26.0	0.5	9.0	D-4	61.0	True	9.0	3.0	10.0	viio7/ii	False	('B-', 'D-', 'E', 'G')	B-	E	2.0	diminished seventh chord	(1, 4, 7, 10)	E-	f	#7	2
26.25	0.25	9.0	G4	67.0	True	9.0	3.0	10.0	viio7/ii	False	('B-', 'D-', 'E', 'G')	B-	E	2.0	diminished seventh chord	(1, 4, 7, 10)	E-	f	#7	2
26.5	0.5	9.0	B-4	70.0	True	9.0	3.0	10.0	viio7/ii	False	('B-', 'D-', 'E', 'G')	B-	E	2.0	diminished seventh chord	(1, 4, 7, 10)	E-	f	#7	2
26.5	0.5	9.0	G3	55.0	True	9.0	3.0	10.0	viio7/ii	False	('B-', 'D-', 'E', 'G')	B-	E	2.0	diminished seventh chord	(1, 4, 7, 10)	E-	f	#7	2
26.5	0.5	9.0	D-4	61.0	True	9.0	3.0	10.0	viio7/ii	False	('B-', 'D-', 'E', 'G')	B-	E	2.0	diminished seventh chord	(1, 4, 7, 10)	E-	f	#7	2
26.5	0.5	9.0	E4	64.0	True	9.0	3.0	10.0	viio7/ii	False	('B-', 'D-', 'E', 'G')	B-	E	2.0	diminished seventh chord	(1, 4, 7, 10)	E-	f	#7	2
27.0	1.5	10.0	D-5	73.0	True	10.0	3.0	11.0	ii	True	('A-', 'C', 'F')	A-	F	1.0	minor triad	(0, 5, 8)	E-	E-	2	None
27.0	1.5	10.0	A-1	32.0	True	10.0	3.0	11.0	ii	True	('A-', 'C', 'F')	A-	F	1.0	minor triad	(0, 5, 8)	E-	E-	2	None
27.0	1.5	10.0	A-2	44.0	True	10.0	3.0	11.0	ii	True	('A-', 'C', 'F')	A-	F	1.0	minor triad	(0, 5, 8)	E-	E-	2	None
27.5	0.5	10.0	D-4	61.0	True	10.0	3.0	11.0	ii	False	('A-', 'C', 'F')	A-	F	1.0	minor triad	(0, 5, 8)	E-	E-	2	None
27.5	0.5	10.0	E4	64.0	True	10.0	3.0	11.0	ii	False	('A-', 'C', 'F')	A-	F	1.0	minor triad	(0, 5, 8)	E-	E-	2	None
27.5	0.5	10.0	G3	55.0	True	10.0	3.0	11.0	ii	False	('A-', 'C', 'F')	A-	F	1.0	minor triad	(0, 5, 8)	E-	E-	2	None
28.0	0.5	10.0	D-4	61.0	True	10.0	3.0	11.0	ii	False	('A-', 'C', 'F')	A-	F	1.0	minor triad	(0, 5, 8)	E-	E-	2	None
28.0	0.5	10.0	E4	64.0	True	10.0	3.0	11.0	ii	False	('A-', 'C', 'F')	A-	F	1.0	minor triad	(0, 5, 8)	E-	E-	2	None
28.0	0.5	10.0	B-4	70.0	True	10.0	3.0	11.0	ii	False	('A-', 'C', 'F')	A-	F	1.0	minor triad	(0, 5, 8)	E-	E-	2	None
28.5	0.5	10.0	C5	72.0	True	10.0	3.0	11.0	ii	False	('A-', 'C', 'F')	A-	F	1.0	minor triad	(0, 5, 8)	E-	E-	2	None
28.5	0.5	10.0	A-3	56.0	True	10.0	3.0	11.0	ii	False	('A-', 'C', 'F')	A-	F	1.0	minor triad	(0, 5, 8)	E-	E-	2	None
28.5	0.5	10.0	C4	60.0	True	10.0	3.0	11.0	ii	False	('A-', 'C', 'F')	A-	F	1.0	minor triad	(0, 5, 8)	E-	E-	2	None
28.5	0.5	10.0	F4	65.0	True	10.0	3.0	11.0	ii	False	('A-', 'C', 'F')	A-	F	1.0	minor triad	(0, 5, 8)	E-	E-	2	None
29.0	0.5	10.0	A-4	68.0	True	10.0	3.0	11.0	ii	False	('A-', 'C', 'F')	A-	F	1.0	minor triad	(0, 5, 8)	E-	E-	2	None
29.0	0.5	10.0	A-4	68.0	True	10.0	3.0	11.0	ii	False	('A-', 'C', 'F')	A-	F	1.0	minor triad	(0, 5, 8)	E-	E-	2	None
29.0	0.5	10.0	C4	60.0	True	10.0	3.0	11.0	ii	False	('A-', 'C', 'F')	A-	F	1.0	minor triad	(0, 5, 8)	E-	E-	2	None
29.0	0.5	10.0	F4	65.0	True	10.0	3.0	11.0	ii	False	('A-', 'C', 'F')	A-	F	1.0	minor triad	(0, 5, 8)	E-	E-	2	None
29.5	0.5	10.0	A-4	68.0	True	10.0	3.0	11.0	ii	False	('A-', 'C', 'F')	A-	F	1.0	minor triad	(0, 5, 8)	E-	E-	2	None
29.5	0.5	10.0	C5	72.0	True	10.0	3.0	11.0	ii	False	('A-', 'C', 'F')	A-	F	1.0	minor triad	(0, 5, 8)	E-	E-	2	None
29.5	0.5	10.0	F4	65.0	True	10.0	3.0	11.0	ii	False	('A-', 'C', 'F')	A-	F	1.0	minor triad	(0, 5, 8)	E-	E-	2	None
29.5	0.5	10.0	F4	65.0	True	10.0	3.0	11.0	ii	False	('A-', 'C', 'F')	A-	F	1.0	minor triad	(0, 5, 8)	E-	E-	2	None
30.0	1.0	11.0	E-4	63.0	True	11.0	3.0	12.0	V7	True	('A-', 'B-', 'D', 'F')	A-	B-	3.0	dominant seventh chord	(2, 5, 8, 10)	E-	E-	5	None
30.0	1.5	11.0	A-1	32.0	True	11.0	3.0	12.0	V7	True	('A-', 'B-', 'D', 'F')	A-	B-	3.0	dominant seventh chord	(2, 5, 8, 10)	E-	E-	5	None
30.0	1.5	11.0	A-2	44.0	True	11.0	3.0	12.0	V7	True	('A-', 'B-', 'D', 'F')	A-	B-	3.0	dominant seventh chord	(2, 5, 8, 10)	E-	E-	5	None
30.5	0.5	11.0	F3	53.0	True	11.0	3.0	12.0	V7	False	('A-', 'B-', 'D', 'F')	A-	B-	3.0	dominant seventh chord	(2, 5, 8, 10)	E-	E-	5	None
30.5	0.5	11.0	B-3	58.0	True	11.0	3.0	12.0	V7	False	('A-', 'B-', 'D', 'F')	A-	B-	3.0	dominant seventh chord	(2, 5, 8, 10)	E-	E-	5	None
30.5	0.5	11.0	D4	62.0	True	11.0	3.0	12.0	V7	False	('A-', 'B-', 'D', 'F')	A-	B-	3.0	dominant seventh chord	(2, 5, 8, 10)	E-	E-	5	None
31.0	0.5	11.0	D4	62.0	True	11.0	3.0	12.0	V7	False	('A-', 'B-', 'D', 'F')	A-	B-	3.0	dominant seventh chord	(2, 5, 8, 10)	E-	E-	5	None
31.0	0.5	11.0	B-3	58.0	True	11.0	3.0	12.0	V7	False	('A-', 'B-', 'D', 'F')	A-	B-	3.0	dominant seventh chord	(2, 5, 8, 10)	E-	E-	5	None
31.0	0.5	11.0	D4	62.0	True	11.0	3.0	12.0	V7	False	('A-', 'B-', 'D', 'F')	A-	B-	3.0	dominant seventh chord	(2, 5, 8, 10)	E-	E-	5	None
31.0	0.5	11.0	F4	65.0	True	11.0	3.0	12.0	V7	False	('A-', 'B-', 'D', 'F')	A-	B-	3.0	dominant seventh chord	(2, 5, 8, 10)	E-	E-	5	None
31.5	0.5	11.0	B-4	70.0	True	11.0	3.0	12.0	V7	False	('A-', 'B-', 'D', 'F')	A-	B-	3.0	dominant seventh chord	(2, 5, 8, 10)	E-	E-	5	None
31.5	0.5	11.0	F4	65.0	True	11.0	3.0	12.0	V7	False	('A-', 'B-', 'D', 'F')	A-	B-	3.0	dominant seventh chord	(2, 5, 8, 10)	E-	E-	5	None
31.5	0.5	11.0	D4	62.0	True	11.0	3.0	12.0	V7	False	('A-', 'B-', 'D', 'F')	A-	B-	3.0	dominant seventh chord	(2, 5, 8, 10)	E-	E-	5	None
32.0	0.5	11.0	D5	74.0	True	11.0	3.0	12.0	V7	False	('A-', 'B-', 'D', 'F')	A-	B-	3.0	dominant seventh chord	(2, 5, 8, 10)	E-	E-	5	None
32.0	0.5	11.0	B-3	58.0	True	11.0	3.0	12.0	V7	False	('A-', 'B-', 'D', 'F')	A-	B-	3.0	dominant seventh chord	(2, 5, 8, 10)	E-	E-	5	None
32.0	0.5	11.0	D4	62.0	True	11.0	3.0	12.0	V7	False	('A-', 'B-', 'D', 'F')	A-	B-	3.0	dominant seventh chord	(2, 5, 8, 10)	E-	E-	5	None
32.0	0.5	11.0	F4	65.0	True	11.0	3.0	12.0	V7	False	('A-', 'B-', 'D', 'F')	A-	B-	3.0	dominant seventh chord	(2, 5, 8, 10)	E-	E-	5	None
32.5	0.5	11.0	B-4	70.0	True	11.0	3.0	12.0	V7	False	('A-', 'B-', 'D', 'F')	A-	B-	3.0	dominant seventh chord	(2, 5, 8, 10)	E-	E-	5	None
32.5	0.5	11.0	F3	53.0	True	11.0	3.0	12.0	V7	False	('A-', 'B-', 'D', 'F')	A-	B-	3.0	dominant seventh chord	(2, 5, 8, 10)	E-	E-	5	None
32.5	0.5	11.0	B-3	58.0	True	11.0	3.0	12.0	V7	False	('A-', 'B-', 'D', 'F')	A-	B-	3.0	dominant seventh chord	(2, 5, 8, 10)	E-	E-	5	None
32.5	0.5	11.0	D4	62.0	True	11.0	3.0	12.0	V7	False	('A-', 'B-', 'D', 'F')	A-	B-	3.0	dominant seventh chord	(2, 5, 8, 10)	E-	E-	5	None
33.0	1.5	12.0	E-5	75.0	True	12.0	1.5	13.0	I	True	('G', 'B-', 'E-')	G	E-	1.0	major triad	(3, 7, 10)	E-	E-	1	None
33.0	1.0	12.0	G1	31.0	True	12.0	1.5	13.0	I	True	('G', 'B-', 'E-')	G	E-	1.0	major triad	(3, 7, 10)	E-	E-	1	None
33.0	1.0	12.0	G2	43.0	True	12.0	1.5	13.0	I	True	('G', 'B-', 'E-')	G	E-	1.0	major triad	(3, 7, 10)	E-	E-	1	None
33.5	0.5	12.0	B-3	58.0	True	12.0	1.5	13.0	I	False	('G', 'B-', 'E-')	G	E-	1.0	major triad	(3, 7, 10)	E-	E-	1	None
33.5	0.5	12.0	E-4	63.0	True	12.0	1.5	13.0	I	False	('G', 'B-', 'E-')	G	E-	1.0	major triad	(3, 7, 10)	E-	E-	1	None
34.0	0.5	12.0	B-4	70.0	True	12.0	1.5	13.0	I	False	('G', 'B-', 'E-')	G	E-	1.0	major triad	(3, 7, 10)	E-	E-	1	None
34.0	0.5	12.0	E-4	63.0	True	12.0	1.5	13.0	I	False	('G', 'B-', 'E-')	G	E-	1.0	major triad	(3, 7, 10)	E-	E-	1	None
34.5	1.0	12.0	A-1	32.0	True	12.0	1.5	14.0	ii7	True	('A-', 'C', 'E-', 'F')	A-	F	1.0	minor seventh chord	(0, 3, 5, 8)	E-	E-	2	None
34.5	1.0	12.0	A-2	44.0	True	12.0	1.5	14.0	ii7	True	('A-', 'C', 'E-', 'F')	A-	F	1.0	minor seventh chord	(0, 3, 5, 8)	E-	E-	2	None
34.5	1.0	12.0	F4	65.0	True	12.0	1.5	14.0	ii7	True	('A-', 'C', 'E-', 'F')	A-	F	1.0	minor seventh chord	(0, 3, 5, 8)	E-	E-	2	None
35.0	0.5	12.0	C4	60.0	True	12.0	1.5	14.0	ii7	False	('A-', 'C', 'E-', 'F')	A-	F	1.0	minor seventh chord	(0, 3, 5, 8)	E-	E-	2	None
35.0	0.5	12.0	E-4	63.0	True	12.0	1.5	14.0	ii7	False	('A-', 'C', 'E-', 'F')	A-	F	1.0	minor seventh chord	(0, 3, 5, 8)	E-	E-	2	None
35.0	0.5	12.0	F4	65.0	True	12.0	1.5	14.0	ii7	False	('A-', 'C', 'E-', 'F')	A-	F	1.0	minor seventh chord	(0, 3, 5, 8)	E-	E-	2	None
35.5	0.5	12.0	F4	65.0	True	12.0	1.5	14.0	ii7	False	('A-', 'C', 'E-', 'F')	A-	F	1.0	minor seventh chord	(0, 3, 5, 8)	E-	E-	2	None
35.5	0.5	12.0	E-4	63.0	True	12.0	1.5	14.0	ii7	False	('A-', 'C', 'E-', 'F')	A-	F	1.0	minor seventh chord	(0, 3, 5, 8)	E-	E-	2	None
35.5	0.5	12.0	F4	65.0	True	12.0	1.5	14.0	ii7	False	('A-', 'C', 'E-', 'F')	A-	F	1.0	minor seventh chord	(0, 3, 5, 8)	E-	E-	2	None
35.5	0.5	12.0	C5	72.0	True	12.0	1.5	14.0	ii7	False	('A-', 'C', 'E-', 'F')	A-	F	1.0	minor seventh chord	(0, 3, 5, 8)	E-	E-	2	None
36.0	1.5	13.0	G-4	66.0	True	13.0	1.5	15.0	viio7/V	True	('C', 'E-', 'G-', 'A')	C	A	1.0	diminished seventh chord	(0, 3, 6, 9)	E-	B-	7	5
36.0	1.0	13.0	A1	33.0	True	13.0	1.5	15.0	viio7/V	True	('C', 'E-', 'G-', 'A')	C	A	1.0	diminished seventh chord	(0, 3, 6, 9)	E-	B-	7	5
36.0	1.0	13.0	A2	45.0	True	13.0	1.5	15.0	viio7/V	True	('C', 'E-', 'G-', 'A')	C	A	1.0	diminished seventh chord	(0, 3, 6, 9)	E-	B-	7	5
36.5	0.5	13.0	G-4	66.0	True	13.0	1.5	15.0	viio7/V	False	('C', 'E-', 'G-', 'A')	C	A	1.0	diminished seventh chord	(0, 3, 6, 9)	E-	B-	7	5
36.5	0.5	13.0	C4	60.0	True	13.0	1.5	15.0	viio7/V	False	('C', 'E-', 'G-', 'A')	C	A	1.0	diminished seventh chord	(0, 3, 6, 9)	E-	B-	7	5
36.5	0.5	13.0	E-4	63.0	True	13.0	1.5	15.0	viio7/V	False	('C', 'E-', 'G-', 'A')	C	A	1.0	diminished seventh chord	(0, 3, 6, 9)	E-	B-	7	5
37.0	0.5	13.0	E-4	63.0	True	13.0	1.5	15.0	viio7/V	False	('C', 'E-', 'G-', 'A')	C	A	1.0	diminished seventh chord	(0, 3, 6, 9)	E-	B-	7	5
37.0	0.5	13.0	G-4	66.0	True	13.0	1.5	15.0	viio7/V	False	('C', 'E-', 'G-', 'A')	C	A	1.0	diminished seventh chord	(0, 3, 6, 9)	E-	B-	7	5
37.0	0.5	13.0	C5	72.0	True	13.0	1.5	15.0	viio7/V	False	('C', 'E-', 'G-', 'A')	C	A	1.0	diminished seventh chord	(0, 3, 6, 9)	E-	B-	7	5
37.5	1.0	13.0	A4	69.0	True	13.0	1.5	16.0	viio7/V	True	('E-', 'G-', 'A', 'C')	E-	A	2.0	diminished seventh chord	(0, 3, 6, 9)	E-	B-	7	5
37.5	1.0	13.0	C2	36.0	True	13.0	1.5	16.0	viio7/V	True	('E-', 'G-', 'A', 'C')	E-	A	2.0	diminished seventh chord	(0, 3, 6, 9)	E-	B-	7	5
37.5	1.0	13.0	C3	48.0	True	13.0	1.5	16.0	viio7/V	True	('E-', 'G-', 'A', 'C')	E-	A	2.0	diminished seventh chord	(0, 3, 6, 9)	E-	B-	7	5
38.0	0.5	13.0	G-4	66.0	True	13.0	1.5	16.0	viio7/V	False	('E-', 'G-', 'A', 'C')	E-	A	2.0	diminished seventh chord	(0, 3, 6, 9)	E-	B-	7	5
38.0	0.5	13.0	A3	57.0	True	13.0	1.5	16.0	viio7/V	False	('E-', 'G-', 'A', 'C')	E-	A	2.0	diminished seventh chord	(0, 3, 6, 9)	E-	B-	7	5
38.0	0.5	13.0	E-4	63.0	True	13.0	1.5	16.0	viio7/V	False	('E-', 'G-', 'A', 'C')	E-	A	2.0	diminished seventh chord	(0, 3, 6, 9)	E-	B-	7	5
38.5	0.5	13.0	G-4	66.0	True	13.0	1.5	16.0	viio7/V	False	('E-', 'G-', 'A', 'C')	E-	A	2.0	diminished seventh chord	(0, 3, 6, 9)	E-	B-	7	5
38.5	0.5	13.0	A4	69.0	True	13.0	1.5	16.0	viio7/V	False	('E-', 'G-', 'A', 'C')	E-	A	2.0	diminished seventh chord	(0, 3, 6, 9)	E-	B-	7	5
38.5	0.5	13.0	C5	72.0	True	13.0	1.5	16.0	viio7/V	False	('E-', 'G-', 'A', 'C')	E-	A	2.0	diminished seventh chord	(0, 3, 6, 9)	E-	B-	7	5
38.5	0.5	13.0	E-4	63.0	True	13.0	1.5	16.0	viio7/V	False	('E-', 'G-', 'A', 'C')	E-	A	2.0	diminished seventh chord	(0, 3, 6, 9)	E-	B-	7	5
39.0	1.0	14.0	C5	72.0	True	14.0	1.5	17.0	Cad	True	('B-', 'E-', 'G')	B-	E-	2.0	major triad	(3, 7, 10)	E-	E-	1	None
39.0	1.0	14.0	B-1	34.0	True	14.0	1.5	17.0	Cad	True	('B-', 'E-', 'G')	B-	E-	2.0	major triad	(3, 7, 10)	E-	E-	1	None
39.0	1.0	14.0	B-2	46.0	True	14.0	1.5	17.0	Cad	True	('B-', 'E-', 'G')	B-	E-	2.0	major triad	(3, 7, 10)	E-	E-	1	None
39.5	0.5	14.0	G3	55.0	True	14.0	1.5	17.0	Cad	False	('B-', 'E-', 'G')	B-	E-	2.0	major triad	(3, 7, 10)	E-	E-	1	None
39.5	0.5	14.0	B-3	58.0	True	14.0	1.5	17.0	Cad	False	('B-', 'E-', 'G')	B-	E-	2.0	major triad	(3, 7, 10)	E-	E-	1	None
39.5	0.5	14.0	E-4	63.0	True	14.0	1.5	17.0	Cad	False	('B-', 'E-', 'G')	B-	E-	2.0	major triad	(3, 7, 10)	E-	E-	1	None
40.0	0.5	14.0	B-4	70.0	True	14.0	1.5	17.0	Cad	False	('B-', 'E-', 'G')	B-	E-	2.0	major triad	(3, 7, 10)	E-	E-	1	None
40.0	0.5	14.0	B-3	58.0	True	14.0	1.5	17.0	Cad	False	('B-', 'E-', 'G')	B-	E-	2.0	major triad	(3, 7, 10)	E-	E-	1	None
40.0	0.5	14.0	E-4	63.0	True	14.0	1.5	17.0	Cad	False	('B-', 'E-', 'G')	B-	E-	2.0	major triad	(3, 7, 10)	E-	E-	1	None
40.0	0.5	14.0	G4	67.0	True	14.0	1.5	17.0	Cad	False	('B-', 'E-', 'G')	B-	E-	2.0	major triad	(3, 7, 10)	E-	E-	1	None
40.5	1.0	14.0	F3	53.0	True	14.0	1.5	18.0	V7	True	('B-', 'D', 'F', 'A-')	B-	B-	0.0	dominant seventh chord	(2, 5, 8, 10)	E-	E-	5	None
40.5	1.0	14.0	B-2	46.0	True	14.0	1.5	18.0	V7	True	('B-', 'D', 'F', 'A-')	B-	B-	0.0	dominant seventh chord	(2, 5, 8, 10)	E-	E-	5	None
40.5	1.0	14.0	A-4	68.0	True	14.0	1.5	18.0	V7	True	('B-', 'D', 'F', 'A-')	B-	B-	0.0	dominant seventh chord	(2, 5, 8, 10)	E-	E-	5	None
40.5	1.0	14.0	A-3	56.0	True	14.0	1.5	18.0	V7	True	('B-', 'D', 'F', 'A-')	B-	B-	0.0	dominant seventh chord	(2, 5, 8, 10)	E-	E-	5	None
40.5	1.0	14.0	D4	62.0	True	14.0	1.5	18.0	V7	True	('B-', 'D', 'F', 'A-')	B-	B-	0.0	dominant seventh chord	(2, 5, 8, 10)	E-	E-	5	None
41.5	0.5	14.0	D4	62.0	True	14.0	1.5	18.0	V7	False	('B-', 'D', 'F', 'A-')	B-	B-	0.0	dominant seventh chord	(2, 5, 8, 10)	E-	E-	5	None
42.0	1.0	15.0	F4	65.0	True	15.0	3.0	19.0	I	True	('E-', 'G', 'B-')	E-	E-	0.0	major triad	(3, 7, 10)	E-	E-	1	None
42.0	1.5	15.0	E-2	39.0	True	15.0	3.0	19.0	I	True	('E-', 'G', 'B-')	E-	E-	0.0	major triad	(3, 7, 10)	E-	E-	1	None
42.0	1.5	15.0	E-3	51.0	True	15.0	3.0	19.0	I	True	('E-', 'G', 'B-')	E-	E-	0.0	major triad	(3, 7, 10)	E-	E-	1	None
42.5	0.5	15.0	G3	55.0	True	15.0	3.0	19.0	I	False	('E-', 'G', 'B-')	E-	E-	0.0	major triad	(3, 7, 10)	E-	E-	1	None
42.5	0.5	15.0	B-3	58.0	True	15.0	3.0	19.0	I	False	('E-', 'G', 'B-')	E-	E-	0.0	major triad	(3, 7, 10)	E-	E-	1	None
42.5	0.5	15.0	E-4	63.0	True	15.0	3.0	19.0	I	False	('E-', 'G', 'B-')	E-	E-	0.0	major triad	(3, 7, 10)	E-	E-	1	None
43.0	0.5	15.0	G4	67.0	True	15.0	3.0	19.0	I	False	('E-', 'G', 'B-')	E-	E-	0.0	major triad	(3, 7, 10)	E-	E-	1	None
43.0	0.5	15.0	E-4	63.0	True	15.0	3.0	19.0	I	False	('E-', 'G', 'B-')	E-	E-	0.0	major triad	(3, 7, 10)	E-	E-	1	None
43.0	0.5	15.0	B-3	58.0	True	15.0	3.0	19.0	I	False	('E-', 'G', 'B-')	E-	E-	0.0	major triad	(3, 7, 10)	E-	E-	1	None
43.0	0.5	15.0	E-4	63.0	True	15.0	3.0	19.0	I	False	('E-', 'G', 'B-')	E-	E-	0.0	major triad	(3, 7, 10)	E-	E-	1	None
43.5	0.5	15.0	G4	67.0	True	15.0	3.0	19.0	I	False	('E-', 'G', 'B-')	E-	E-	0.0	major triad	(3, 7, 10)	E-	E-	1	None
43.5	0.5	15.0	B-4	70.0	True	15.0	3.0	19.0	I	False	('E-', 'G', 'B-')	E-	E-	0.0	major triad	(3, 7, 10)	E-	E-	1	None
43.5	0.5	15.0	E-4	63.0	True	15.0	3.0	19.0	I	False	('E-', 'G', 'B-')	E-	E-	0.0	major triad	(3, 7, 10)	E-	E-	1	None
44.0	0.5	15.0	B-3	58.0	True	15.0	3.0	19.0	I	False	('E-', 'G', 'B-')	E-	E-	0.0	major triad	(3, 7, 10)	E-	E-	1	None
44.0	0.5	15.0	E-4	63.0	True	15.0	3.0	19.0	I	False	('E-', 'G', 'B-')	E-	E-	0.0	major triad	(3, 7, 10)	E-	E-	1	None
44.0	0.5	15.0	G4	67.0	True	15.0	3.0	19.0	I	False	('E-', 'G', 'B-')	E-	E-	0.0	major triad	(3, 7, 10)	E-	E-	1	None
44.5	0.5	15.0	G3	55.0	True	15.0	3.0	19.0	I	False	('E-', 'G', 'B-')	E-	E-	0.0	major triad	(3, 7, 10)	E-	E-	1	None
44.5	0.5	15.0	B-3	58.0	True	15.0	3.0	19.0	I	False	('E-', 'G', 'B-')	E-	E-	0.0	major triad	(3, 7, 10)	E-	E-	1	None
44.5	0.5	15.0	E-4	63.0	True	15.0	3.0	19.0	I	False	('E-', 'G', 'B-')	E-	E-	0.0	major triad	(3, 7, 10)	E-	E-	1	None
45.0	0.75	16.0	B-4	70.0	True	16.0	3.0	20.0	V	True	('D', 'F', 'B-')	D	B-	1.0	major triad	(2, 5, 10)	E-	E-	5	None
45.0	0.75	16.0	B-4	70.0	True	16.0	3.0	20.0	V	True	('D', 'F', 'B-')	D	B-	1.0	major triad	(2, 5, 10)	E-	E-	5	None
45.0	0.5	16.0	D2	38.0	True	16.0	3.0	20.0	V	True	('D', 'F', 'B-')	D	B-	1.0	major triad	(2, 5, 10)	E-	E-	5	None
45.0	0.5	16.0	D3	50.0	True	16.0	3.0	20.0	V	True	('D', 'F', 'B-')	D	B-	1.0	major triad	(2, 5, 10)	E-	E-	5	None
45.5	0.5	16.0	F3	53.0	True	16.0	3.0	20.0	V	False	('D', 'F', 'B-')	D	B-	1.0	major triad	(2, 5, 10)	E-	E-	5	None
45.5	0.5	16.0	B-3	58.0	True	16.0	3.0	20.0	V	False	('D', 'F', 'B-')	D	B-	1.0	major triad	(2, 5, 10)	E-	E-	5	None
45.75	0.25	16.0	C5	72.0	True	16.0	3.0	20.0	V	False	('D', 'F', 'B-')	D	B-	1.0	major triad	(2, 5, 10)	E-	E-	5	None
45.75	0.25	16.0	C5	72.0	True	16.0	3.0	20.0	V	False	('D', 'F', 'B-')	D	B-	1.0	major triad	(2, 5, 10)	E-	E-	5	None
46.0	0.5	16.0	B-4	70.0	True	16.0	3.0	20.0	V	False	('D', 'F', 'B-')	D	B-	1.0	major triad	(2, 5, 10)	E-	E-	5	None
46.0	0.5	16.0	B-4	70.0	True	16.0	3.0	20.0	V	False	('D', 'F', 'B-')	D	B-	1.0	major triad	(2, 5, 10)	E-	E-	5	None
46.0	0.5	16.0	B-3	58.0	True	16.0	3.0	20.0	V	False	('D', 'F', 'B-')	D	B-	1.0	major triad	(2, 5, 10)	E-	E-	5	None
46.0	0.5	16.0	D4	62.0	True	16.0	3.0	20.0	V	False	('D', 'F', 'B-')	D	B-	1.0	major triad	(2, 5, 10)	E-	E-	5	None
46.5	0.5	16.0	F4	65.0	True	16.0	3.0	20.0	V	False	('D', 'F', 'B-')	D	B-	1.0	major triad	(2, 5, 10)	E-	E-	5	None
46.5	0.5	16.0	B-4	70.0	True	16.0	3.0	20.0	V	False	('D', 'F', 'B-')	D	B-	1.0	major triad	(2, 5, 10)	E-	E-	5	None
46.5	0.5	16.0	B-4	70.0	True	16.0	3.0	20.0	V	False	('D', 'F', 'B-')	D	B-	1.0	major triad	(2, 5, 10)	E-	E-	5	None
46.5	0.5	16.0	D4	62.0	True	16.0	3.0	20.0	V	False	('D', 'F', 'B-')	D	B-	1.0	major triad	(2, 5, 10)	E-	E-	5	None
47.0	0.5	16.0	D4	62.0	True	16.0	3.0	20.0	V	False	('D', 'F', 'B-')	D	B-	1.0	major triad	(2, 5, 10)	E-	E-	5	None
47.0	0.5	16.0	B-3	58.0	True	16.0	3.0	20.0	V	False	('D', 'F', 'B-')	D	B-	1.0	major triad	(2, 5, 10)	E-	E-	5	None
47.0	0.5	16.0	C5	72.0	True	16.0	3.0	20.0	V	False	('D', 'F', 'B-')	D	B-	1.0	major triad	(2, 5, 10)	E-	E-	5	None
47.0	0.5	16.0	C5	72.0	True	16.0	3.0	20.0	V	False	('D', 'F', 'B-')	D	B-	1.0	major triad	(2, 5, 10)	E-	E-	5	None
47.5	0.5	16.0	B-3	58.0	True	16.0	3.0	20.0	V	False	('D', 'F', 'B-')	D	B-	1.0	major triad	(2, 5, 10)	E-	E-	5	None
47.5	0.5	16.0	F3	53.0	True	16.0	3.0	20.0	V	False	('D', 'F', 'B-')	D	B-	1.0	major triad	(2, 5, 10)	E-	E-	5	None
47.5	0.5	16.0	D5	74.0	True	16.0	3.0	20.0	V	False	('D', 'F', 'B-')	D	B-	1.0	major triad	(2, 5, 10)	E-	E-	5	None
47.5	0.5	16.0	D5	74.0	True	16.0	3.0	20.0	V	False	('D', 'F', 'B-')	D	B-	1.0	major triad	(2, 5, 10)	E-	E-	5	None
48.0	1.0	17.0	E-5	75.0	True	17.0	3.0	21.0	vi	True	('C', 'E-', 'G')	C	C	0.0	minor triad	(0, 3, 7)	E-	E-	6	None
48.0	1.0	17.0	E-5	75.0	True	17.0	3.0	21.0	vi	True	('C', 'E-', 'G')	C	C	0.0	minor triad	(0, 3, 7)	E-	E-	6	None
48.0	0.5	17.0	C2	36.0	True	17.0	3.0	21.0	vi	True	('C', 'E-', 'G')	C	C	0.0	minor triad	(0, 3, 7)	E-	E-	6	None
48.0	0.5	17.0	C3	48.0	True	17.0	3.0	21.0	vi	True	('C', 'E-', 'G')	C	C	0.0	minor triad	(0, 3, 7)	E-	E-	6	None
48.5	0.5	17.0	G3	55.0	True	17.0	3.0	21.0	vi	False	('C', 'E-', 'G')	C	C	0.0	minor triad	(0, 3, 7)	E-	E-	6	None
48.5	0.5	17.0	C4	60.0	True	17.0	3.0	21.0	vi	False	('C', 'E-', 'G')	C	C	0.0	minor triad	(0, 3, 7)	E-	E-	6	None
49.0	0.5	17.0	E-4	63.0	True	17.0	3.0	21.0	vi	False	('C', 'E-', 'G')	C	C	0.0	minor triad	(0, 3, 7)	E-	E-	6	None
49.0	0.5	17.0	C4	60.0	True	17.0	3.0	21.0	vi	False	('C', 'E-', 'G')	C	C	0.0	minor triad	(0, 3, 7)	E-	E-	6	None
49.0	0.5	17.0	D5	74.0	True	17.0	3.0	21.0	vi	False	('C', 'E-', 'G')	C	C	0.0	minor triad	(0, 3, 7)	E-	E-	6	None
49.0	0.5	17.0	D5	74.0	True	17.0	3.0	21.0	vi	False	('C', 'E-', 'G')	C	C	0.0	minor triad	(0, 3, 7)	E-	E-	6	None
49.5	1.0	17.0	C5	72.0	True	17.0	3.0	21.0	vi	False	('C', 'E-', 'G')	C	C	0.0	minor triad	(0, 3, 7)	E-	E-	6	None
49.5	1.0	17.0	C5	72.0	True	17.0	3.0	21.0	vi	False	('C', 'E-', 'G')	C	C	0.0	minor triad	(0, 3, 7)	E-	E-	6	None
49.5	0.5	17.0	E-4	63.0	True	17.0	3.0	21.0	vi	False	('C', 'E-', 'G')	C	C	0.0	minor triad	(0, 3, 7)	E-	E-	6	None
49.5	0.5	17.0	G4	67.0	True	17.0	3.0	21.0	vi	False	('C', 'E-', 'G')	C	C	0.0	minor triad	(0, 3, 7)	E-	E-	6	None
50.0	0.5	17.0	C4	60.0	True	17.0	3.0	21.0	vi	False	('C', 'E-', 'G')	C	C	0.0	minor triad	(0, 3, 7)	E-	E-	6	None
50.0	0.5	17.0	E-4	63.0	True	17.0	3.0	21.0	vi	False	('C', 'E-', 'G')	C	C	0.0	minor triad	(0, 3, 7)	E-	E-	6	None
50.5	0.5	17.0	G3	55.0	True	17.0	3.0	21.0	vi	False	('C', 'E-', 'G')	C	C	0.0	minor triad	(0, 3, 7)	E-	E-	6	None
50.5	0.5	17.0	C4	60.0	True	17.0	3.0	21.0	vi	False	('C', 'E-', 'G')	C	C	0.0	minor triad	(0, 3, 7)	E-	E-	6	None
50.5	0.5	17.0	G4	67.0	True	17.0	3.0	21.0	vi	False	('C', 'E-', 'G')	C	C	0.0	minor triad	(0, 3, 7)	E-	E-	6	None
50.5	0.5	17.0	G4	67.0	True	17.0	3.0	21.0	vi	False	('C', 'E-', 'G')	C	C	0.0	minor triad	(0, 3, 7)	E-	E-	6	None
51.0	0.5	18.0	C2	36.0	True	18.0	3.0	22.0	V	True	('F#', 'A', 'D')	F#	D	1.0	major triad	(2, 6, 9)	g	g	5	None
51.0	0.5	18.0	C3	48.0	True	18.0	3.0	22.0	V	True	('F#', 'A', 'D')	F#	D	1.0	major triad	(2, 6, 9)	g	g	5	None
51.0	1.5	18.0	B-4	70.0	True	18.0	3.0	22.0	V	True	('F#', 'A', 'D')	F#	D	1.0	major triad	(2, 6, 9)	g	g	5	None
51.0	1.5	18.0	B-4	70.0	True	18.0	3.0	22.0	V	True	('F#', 'A', 'D')	F#	D	1.0	major triad	(2, 6, 9)	g	g	5	None
51.5	0.5	18.0	A3	57.0	True	18.0	3.0	22.0	V	False	('F#', 'A', 'D')	F#	D	1.0	major triad	(2, 6, 9)	g	g	5	None
51.5	0.5	18.0	F#3	54.0	True	18.0	3.0	22.0	V	False	('F#', 'A', 'D')	F#	D	1.0	major triad	(2, 6, 9)	g	g	5	None
52.0	0.5	18.0	A3	57.0	True	18.0	3.0	22.0	V	False	('F#', 'A', 'D')	F#	D	1.0	major triad	(2, 6, 9)	g	g	5	None
52.0	0.5	18.0	D4	62.0	True	18.0	3.0	22.0	V	False	('F#', 'A', 'D')	F#	D	1.0	major triad	(2, 6, 9)	g	g	5	None
52.5	1.0	18.0	A4	69.0	True	18.0	3.0	22.0	V	False	('F#', 'A', 'D')	F#	D	1.0	major triad	(2, 6, 9)	g	g	5	None
52.5	1.5	18.0	A4	69.0	True	18.0	3.0	22.0	V	False	('F#', 'A', 'D')	F#	D	1.0	major triad	(2, 6, 9)	g	g	5	None
52.5	0.5	18.0	D4	62.0	True	18.0	3.0	22.0	V	False	('F#', 'A', 'D')	F#	D	1.0	major triad	(2, 6, 9)	g	g	5	None
52.5	0.5	18.0	F#4	66.0	True	18.0	3.0	22.0	V	False	('F#', 'A', 'D')	F#	D	1.0	major triad	(2, 6, 9)	g	g	5	None
53.0	0.5	18.0	A3	57.0	True	18.0	3.0	22.0	V	False	('F#', 'A', 'D')	F#	D	1.0	major triad	(2, 6, 9)	g	g	5	None
53.0	0.5	18.0	D4	62.0	True	18.0	3.0	22.0	V	False	('F#', 'A', 'D')	F#	D	1.0	major triad	(2, 6, 9)	g	g	5	None
53.5	0.5	18.0	F#3	54.0	True	18.0	3.0	22.0	V	False	('F#', 'A', 'D')	F#	D	1.0	major triad	(2, 6, 9)	g	g	5	None
53.5	0.5	18.0	A3	57.0	True	18.0	3.0	22.0	V	False	('F#', 'A', 'D')	F#	D	1.0	major triad	(2, 6, 9)	g	g	5	None
54.0	1.0	19.0	D5	74.0	True	19.0	1.5	23.0	i	True	('G', 'B-', 'D')	G	G	0.0	minor triad	(2, 7, 10)	g	g	1	None
54.0	1.5	19.0	G2	43.0	True	19.0	1.5	23.0	i	True	('G', 'B-', 'D')	G	G	0.0	minor triad	(2, 7, 10)	g	g	1	None
54.0	1.5	19.0	G3	55.0	True	19.0	1.5	23.0	i	True	('G', 'B-', 'D')	G	G	0.0	minor triad	(2, 7, 10)	g	g	1	None
54.5	0.5	19.0	G4	67.0	True	19.0	1.5	23.0	i	False	('G', 'B-', 'D')	G	G	0.0	minor triad	(2, 7, 10)	g	g	1	None
54.5	0.5	19.0	B-3	58.0	True	19.0	1.5	23.0	i	False	('G', 'B-', 'D')	G	G	0.0	minor triad	(2, 7, 10)	g	g	1	None
54.5	0.5	19.0	D4	62.0	True	19.0	1.5	23.0	i	False	('G', 'B-', 'D')	G	G	0.0	minor triad	(2, 7, 10)	g	g	1	None
55.0	0.5	19.0	B-4	70.0	True	19.0	1.5	23.0	i	False	('G', 'B-', 'D')	G	G	0.0	minor triad	(2, 7, 10)	g	g	1	None
55.0	0.5	19.0	D4	62.0	True	19.0	1.5	23.0	i	False	('G', 'B-', 'D')	G	G	0.0	minor triad	(2, 7, 10)	g	g	1	None
55.0	0.5	19.0	G4	67.0	True	19.0	1.5	23.0	i	False	('G', 'B-', 'D')	G	G	0.0	minor triad	(2, 7, 10)	g	g	1	None
55.0	0.5	19.0	B-4	70.0	True	19.0	1.5	23.0	i	False	('G', 'B-', 'D')	G	G	0.0	minor triad	(2, 7, 10)	g	g	1	None
55.5	0.75	19.0	A4	69.0	True	19.0	1.5	24.0	viio7	True	('F#', 'A', 'C', 'E-')	F#	F#	0.0	diminished seventh chord	(0, 3, 6, 9)	g	g	#7	None
55.5	1.5	19.0	C4	60.0	True	19.0	1.5	24.0	viio7	True	('F#', 'A', 'C', 'E-')	F#	F#	0.0	diminished seventh chord	(0, 3, 6, 9)	g	g	#7	None
56.0	0.5	19.0	E-4	63.0	True	19.0	1.5	24.0	viio7	False	('F#', 'A', 'C', 'E-')	F#	F#	0.0	diminished seventh chord	(0, 3, 6, 9)	g	g	#7	None
56.0	0.5	19.0	F#4	66.0	True	19.0	1.5	24.0	viio7	False	('F#', 'A', 'C', 'E-')	F#	F#	0.0	diminished seventh chord	(0, 3, 6, 9)	g	g	#7	None
56.0	0.5	19.0	A4	69.0	True	19.0	1.5	24.0	viio7	False	('F#', 'A', 'C', 'E-')	F#	F#	0.0	diminished seventh chord	(0, 3, 6, 9)	g	g	#7	None
56.25	0.25	19.0	G4	67.0	True	19.0	1.5	24.0	viio7	False	('F#', 'A', 'C', 'E-')	F#	F#	0.0	diminished seventh chord	(0, 3, 6, 9)	g	g	#7	None
56.5	0.5	19.0	E-5	75.0	True	19.0	1.5	24.0	viio7	False	('F#', 'A', 'C', 'E-')	F#	F#	0.0	diminished seventh chord	(0, 3, 6, 9)	g	g	#7	None
56.5	0.5	19.0	A4	69.0	True	19.0	1.5	24.0	viio7	False	('F#', 'A', 'C', 'E-')	F#	F#	0.0	diminished seventh chord	(0, 3, 6, 9)	g	g	#7	None
56.5	0.5	19.0	F#4	66.0	True	19.0	1.5	24.0	viio7	False	('F#', 'A', 'C', 'E-')	F#	F#	0.0	diminished seventh chord	(0, 3, 6, 9)	g	g	#7	None
56.5	0.5	19.0	F#4	66.0	True	19.0	1.5	24.0	viio7	False	('F#', 'A', 'C', 'E-')	F#	F#	0.0	diminished seventh chord	(0, 3, 6, 9)	g	g	#7	None
57.0	1.0	20.0	D5	74.0	True	20.0	3.0	25.0	i	True	('G', 'B-', 'D')	G	G	0.0	minor triad	(2, 7, 10)	g	g	1	None
57.0	3.0	20.0	G2	43.0	True	20.0	3.0	25.0	i	True	('G', 'B-', 'D')	G	G	0.0	minor triad	(2, 7, 10)	g	g	1	None
57.0	3.0	20.0	G3	55.0	True	20.0	3.0	25.0	i	True	('G', 'B-', 'D')	G	G	0.0	minor triad	(2, 7, 10)	g	g	1	None
57.5	0.5	20.0	B-3	58.0	True	20.0	3.0	25.0	i	False	('G', 'B-', 'D')	G	G	0.0	minor triad	(2, 7, 10)	g	g	1	None
57.5	0.5	20.0	D4	62.0	True	20.0	3.0	25.0	i	False	('G', 'B-', 'D')	G	G	0.0	minor triad	(2, 7, 10)	g	g	1	None
57.5	0.5	20.0	G4	67.0	True	20.0	3.0	25.0	i	False	('G', 'B-', 'D')	G	G	0.0	minor triad	(2, 7, 10)	g	g	1	None
58.0	0.5	20.0	B-4	70.0	True	20.0	3.0	25.0	i	False	('G', 'B-', 'D')	G	G	0.0	minor triad	(2, 7, 10)	g	g	1	None
58.0	0.5	20.0	D4	62.0	True	20.0	3.0	25.0	i	False	('G', 'B-', 'D')	G	G	0.0	minor triad	(2, 7, 10)	g	g	1	None
58.0	0.5	20.0	G4	67.0	True	20.0	3.0	25.0	i	False	('G', 'B-', 'D')	G	G	0.0	minor triad	(2, 7, 10)	g	g	1	None
58.0	0.5	20.0	B-4	70.0	True	20.0	3.0	25.0	i	False	('G', 'B-', 'D')	G	G	0.0	minor triad	(2, 7, 10)	g	g	1	None
58.5	0.5	20.0	D5	74.0	True	20.0	3.0	25.0	i	False	('G', 'B-', 'D')	G	G	0.0	minor triad	(2, 7, 10)	g	g	1	None
58.5	0.5	20.0	B-4	70.0	True	20.0	3.0	25.0	i	False	('G', 'B-', 'D')	G	G	0.0	minor triad	(2, 7, 10)	g	g	1	None
58.5	0.5	20.0	G4	67.0	True	20.0	3.0	25.0	i	False	('G', 'B-', 'D')	G	G	0.0	minor triad	(2, 7, 10)	g	g	1	None
58.5	1.0	20.0	G4	67.0	True	20.0	3.0	25.0	i	False	('G', 'B-', 'D')	G	G	0.0	minor triad	(2, 7, 10)	g	g	1	None
59.0	0.5	20.0	D4	62.0	True	20.0	3.0	25.0	i	False	('G', 'B-', 'D')	G	G	0.0	minor triad	(2, 7, 10)	g	g	1	None
59.0	0.5	20.0	G4	67.0	True	20.0	3.0	25.0	i	False	('G', 'B-', 'D')	G	G	0.0	minor triad	(2, 7, 10)	g	g	1	None
59.0	0.5	20.0	B-4	70.0	True	20.0	3.0	25.0	i	False	('G', 'B-', 'D')	G	G	0.0	minor triad	(2, 7, 10)	g	g	1	None
59.5	0.5	20.0	F4	65.0	True	20.0	3.0	25.0	i	False	('G', 'B-', 'D')	G	G	0.0	minor triad	(2, 7, 10)	g	g	1	None
59.5	0.5	20.0	B-3	58.0	True	20.0	3.0	25.0	i	False	('G', 'B-', 'D')	G	G	0.0	minor triad	(2, 7, 10)	g	g	1	None
59.5	0.5	20.0	D4	62.0	True	20.0	3.0	25.0	i	False	('G', 'B-', 'D')	G	G	0.0	minor triad	(2, 7, 10)	g	g	1	None
59.5	0.5	20.0	G4	67.0	True	20.0	3.0	25.0	i	False	('G', 'B-', 'D')	G	G	0.0	minor triad	(2, 7, 10)	g	g	1	None
60.0	1.5	21.0	F4	65.0	True	21.0	3.0	26.0	viio7	True	('G', 'B-', 'D-', 'E')	G	E	1.0	diminished seventh chord	(1, 4, 7, 10)	f	f	#7	None
60.0	3.0	21.0	G2	43.0	True	21.0	3.0	26.0	viio7	True	('G', 'B-', 'D-', 'E')	G	E	1.0	diminished seventh chord	(1, 4, 7, 10)	f	f	#7	None
60.0	3.0	21.0	G3	55.0	True	21.0	3.0	26.0	viio7	True	('G', 'B-', 'D-', 'E')	G	E	1.0	diminished seventh chord	(1, 4, 7, 10)	f	f	#7	None
60.5	0.5	21.0	D-4	61.0	True	21.0	3.0	26.0	viio7	False	('G', 'B-', 'D-', 'E')	G	E	1.0	diminished seventh chord	(1, 4, 7, 10)	f	f	#7	None
60.5	0.5	21.0	B-3	58.0	True	21.0	3.0	26.0	viio7	False	('G', 'B-', 'D-', 'E')	G	E	1.0	diminished seventh chord	(1, 4, 7, 10)	f	f	#7	None
61.0	0.5	21.0	D-4	61.0	True	21.0	3.0	26.0	viio7	False	('G', 'B-', 'D-', 'E')	G	E	1.0	diminished seventh chord	(1, 4, 7, 10)	f	f	#7	None
61.0	0.5	21.0	B-4	70.0	True	21.0	3.0	26.0	viio7	False	('G', 'B-', 'D-', 'E')	G	E	1.0	diminished seventh chord	(1, 4, 7, 10)	f	f	#7	None
61.5	1.5	21.0	E4	64.0	True	21.0	3.0	26.0	viio7	False	('G', 'B-', 'D-', 'E')	G	E	1.0	diminished seventh chord	(1, 4, 7, 10)	f	f	#7	None
61.5	0.5	21.0	B-4	70.0	True	21.0	3.0	26.0	viio7	False	('G', 'B-', 'D-', 'E')	G	E	1.0	diminished seventh chord	(1, 4, 7, 10)	f	f	#7	None
61.5	0.5	21.0	D-5	73.0	True	21.0	3.0	26.0	viio7	False	('G', 'B-', 'D-', 'E')	G	E	1.0	diminished seventh chord	(1, 4, 7, 10)	f	f	#7	None
62.0	0.5	21.0	D-4	61.0	True	21.0	3.0	26.0	viio7	False	('G', 'B-', 'D-', 'E')	G	E	1.0	diminished seventh chord	(1, 4, 7, 10)	f	f	#7	None
62.0	0.5	21.0	B-4	70.0	True	21.0	3.0	26.0	viio7	False	('G', 'B-', 'D-', 'E')	G	E	1.0	diminished seventh chord	(1, 4, 7, 10)	f	f	#7	None
62.5	0.5	21.0	B-3	58.0	True	21.0	3.0	26.0	viio7	False	('G', 'B-', 'D-', 'E')	G	E	1.0	diminished seventh chord	(1, 4, 7, 10)	f	f	#7	None
62.5	0.5	21.0	D-4	61.0	True	21.0	3.0	26.0	viio7	False	('G', 'B-', 'D-', 'E')	G	E	1.0	diminished seventh chord	(1, 4, 7, 10)	f	f	#7	None
63.0	1.0	22.0	F4	65.0	True	22.0	3.0	27.0	i	True	('A-', 'C', 'F')	A-	F	1.0	minor triad	(0, 5, 8)	f	f	1	None
63.0	1.5	22.0	A-2	44.0	True	22.0	3.0	27.0	i	True	('A-', 'C', 'F')	A-	F	1.0	minor triad	(0, 5, 8)	f	f	1	None
63.0	1.5	22.0	A-3	56.0	True	22.0	3.0	27.0	i	True	('A-', 'C', 'F')	A-	F	1.0	minor triad	(0, 5, 8)	f	f	1	None
63.5	0.5	22.0	F4	65.0	True	22.0	3.0	27.0	i	False	('A-', 'C', 'F')	A-	F	1.0	minor triad	(0, 5, 8)	f	f	1	None
63.5	0.5	22.0	C4	60.0	True	22.0	3.0	27.0	i	False	('A-', 'C', 'F')	A-	F	1.0	minor triad	(0, 5, 8)	f	f	1	None
64.0	0.5	22.0	G4	67.0	True	22.0	3.0	27.0	i	False	('A-', 'C', 'F')	A-	F	1.0	minor triad	(0, 5, 8)	f	f	1	None
64.0	0.5	22.0	F4	65.0	True	22.0	3.0	27.0	i	False	('A-', 'C', 'F')	A-	F	1.0	minor triad	(0, 5, 8)	f	f	1	None
64.0	0.5	22.0	A-4	68.0	True	22.0	3.0	27.0	i	False	('A-', 'C', 'F')	A-	F	1.0	minor triad	(0, 5, 8)	f	f	1	None
64.5	0.75	22.0	A-4	68.0	True	22.0	3.0	27.0	i	False	('A-', 'C', 'F')	A-	F	1.0	minor triad	(0, 5, 8)	f	f	1	None
64.5	0.5	22.0	A-4	68.0	True	22.0	3.0	27.0	i	False	('A-', 'C', 'F')	A-	F	1.0	minor triad	(0, 5, 8)	f	f	1	None
64.5	0.5	22.0	C5	72.0	True	22.0	3.0	27.0	i	False	('A-', 'C', 'F')	A-	F	1.0	minor triad	(0, 5, 8)	f	f	1	None
65.0	0.5	22.0	F4	65.0	True	22.0	3.0	27.0	i	False	('A-', 'C', 'F')	A-	F	1.0	minor triad	(0, 5, 8)	f	f	1	None
65.0	0.5	22.0	A-4	68.0	True	22.0	3.0	27.0	i	False	('A-', 'C', 'F')	A-	F	1.0	minor triad	(0, 5, 8)	f	f	1	None
65.25	0.25	22.0	G4	67.0	True	22.0	3.0	27.0	i	False	('A-', 'C', 'F')	A-	F	1.0	minor triad	(0, 5, 8)	f	f	1	None
65.5	0.5	22.0	F4	65.0	True	22.0	3.0	27.0	i	False	('A-', 'C', 'F')	A-	F	1.0	minor triad	(0, 5, 8)	f	f	1	None
65.5	0.5	22.0	F4	65.0	True	22.0	3.0	27.0	i	False	('A-', 'C', 'F')	A-	F	1.0	minor triad	(0, 5, 8)	f	f	1	None
65.5	0.5	22.0	C4	60.0	True	22.0	3.0	27.0	i	False	('A-', 'C', 'F')	A-	F	1.0	minor triad	(0, 5, 8)	f	f	1	None
66.0	1.5	23.0	F3	53.0	True	23.0	2.0	28.0	i	True	('F', 'A-', 'C')	F	F	0.0	minor triad	(0, 5, 8)	f	f	1	None
66.0	0.75	23.0	C5	72.0	True	23.0	2.0	28.0	i	True	('F', 'A-', 'C')	F	F	0.0	minor triad	(0, 5, 8)	f	f	1	None
66.0	1.5	23.0	F2	41.0	True	23.0	2.0	28.0	i	True	('F', 'A-', 'C')	F	F	0.0	minor triad	(0, 5, 8)	f	f	1	None
66.5	0.5	23.0	A-3	56.0	True	23.0	2.0	28.0	i	False	('F', 'A-', 'C')	F	F	0.0	minor triad	(0, 5, 8)	f	f	1	None
66.5	0.5	23.0	C4	60.0	True	23.0	2.0	28.0	i	False	('F', 'A-', 'C')	F	F	0.0	minor triad	(0, 5, 8)	f	f	1	None
66.75	0.25	23.0	B-4	70.0	True	23.0	2.0	28.0	i	False	('F', 'A-', 'C')	F	F	0.0	minor triad	(0, 5, 8)	f	f	1	None
67.0	0.5	23.0	A-4	68.0	True	23.0	2.0	28.0	i	False	('F', 'A-', 'C')	F	F	0.0	minor triad	(0, 5, 8)	f	f	1	None
67.0	0.5	23.0	C4	60.0	True	23.0	2.0	28.0	i	False	('F', 'A-', 'C')	F	F	0.0	minor triad	(0, 5, 8)	f	f	1	None
67.0	0.5	23.0	F4	65.0	True	23.0	2.0	28.0	i	False	('F', 'A-', 'C')	F	F	0.0	minor triad	(0, 5, 8)	f	f	1	None
67.5	1.0	23.0	F5	77.0	True	23.0	2.0	28.0	i	False	('F', 'A-', 'C')	F	F	0.0	minor triad	(0, 5, 8)	f	f	1	None
67.5	0.5	23.0	F4	65.0	True	23.0	2.0	28.0	i	False	('F', 'A-', 'C')	F	F	0.0	minor triad	(0, 5, 8)	f	f	1	None
67.5	0.5	23.0	A-4	68.0	True	23.0	2.0	28.0	i	False	('F', 'A-', 'C')	F	F	0.0	minor triad	(0, 5, 8)	f	f	1	None
68.0	0.5	23.0	C-4	59.0	True	23.0	1.0	29.0	iio	True	('F', 'A-', 'C-')	F	F	0.0	diminished triad	(5, 8, 11)	E-	E-	2	None
68.0	0.5	23.0	F4	65.0	True	23.0	1.0	29.0	iio	True	('F', 'A-', 'C-')	F	F	0.0	diminished triad	(5, 8, 11)	E-	E-	2	None
68.5	0.5	23.0	C-4	59.0	True	23.0	1.0	29.0	iio	False	('F', 'A-', 'C-')	F	F	0.0	diminished triad	(5, 8, 11)	E-	E-	2	None
68.5	0.5	23.0	E-5	75.0	True	23.0	1.0	29.0	iio	False	('F', 'A-', 'C-')	F	F	0.0	diminished triad	(5, 8, 11)	E-	E-	2	None
68.5	0.5	23.0	A-3	56.0	True	23.0	1.0	29.0	iio	False	('F', 'A-', 'C-')	F	F	0.0	diminished triad	(5, 8, 11)	E-	E-	2	None
69.0	1.5	24.0	E-5	75.0	True	24.0	3.0	30.0	V7	True	('B-', 'D', 'F', 'A-')	B-	B-	0.0	dominant seventh chord	(2, 5, 8, 10)	E-	E-	5	None
69.0	3.0	24.0	B-1	34.0	True	24.0	3.0	30.0	V7	True	('B-', 'D', 'F', 'A-')	B-	B-	0.0	dominant seventh chord	(2, 5, 8, 10)	E-	E-	5	None
69.0	3.0	24.0	B-2	46.0	True	24.0	3.0	30.0	V7	True	('B-', 'D', 'F', 'A-')	B-	B-	0.0	dominant seventh chord	(2, 5, 8, 10)	E-	E-	5	None
69.5	0.5	24.0	A-3	56.0	True	24.0	3.0	30.0	V7	False	('B-', 'D', 'F', 'A-')	B-	B-	0.0	dominant seventh chord	(2, 5, 8, 10)	E-	E-	5	None
69.5	0.5	24.0	B-3	58.0	True	24.0	3.0	30.0	V7	False	('B-', 'D', 'F', 'A-')	B-	B-	0.0	dominant seventh chord	(2, 5, 8, 10)	E-	E-	5	None
70.0	0.5	24.0	B-3	58.0	True	24.0	3.0	30.0	V7	False	('B-', 'D', 'F', 'A-')	B-	B-	0.0	dominant seventh chord	(2, 5, 8, 10)	E-	E-	5	None
70.0	0.5	24.0	F4	65.0	True	24.0	3.0	30.0	V7	False	('B-', 'D', 'F', 'A-')	B-	B-	0.0	dominant seventh chord	(2, 5, 8, 10)	E-	E-	5	None
70.5	0.5	24.0	F4	65.0	True	24.0	3.0	30.0	V7	False	('B-', 'D', 'F', 'A-')	B-	B-	0.0	dominant seventh chord	(2, 5, 8, 10)	E-	E-	5	None
70.5	1.5	24.0	D5	74.0	True	24.0	3.0	30.0	V7	False	('B-', 'D', 'F', 'A-')	B-	B-	0.0	dominant seventh chord	(2, 5, 8, 10)	E-	E-	5	None
70.5	0.5	24.0	A-4	68.0	True	24.0	3.0	30.0	V7	False	('B-', 'D', 'F', 'A-')	B-	B-	0.0	dominant seventh chord	(2, 5, 8, 10)	E-	E-	5	None
71.0	0.5	24.0	F4	65.0	True	24.0	3.0	30.0	V7	False	('B-', 'D', 'F', 'A-')	B-	B-	0.0	dominant seventh chord	(2, 5, 8, 10)	E-	E-	5	None
71.0	0.5	24.0	B-3	58.0	True	24.0	3.0	30.0	V7	False	('B-', 'D', 'F', 'A-')	B-	B-	0.0	dominant seventh chord	(2, 5, 8, 10)	E-	E-	5	None
71.5	0.5	24.0	B-3	58.0	True	24.0	3.0	30.0	V7	False	('B-', 'D', 'F', 'A-')	B-	B-	0.0	dominant seventh chord	(2, 5, 8, 10)	E-	E-	5	None
71.5	0.5	24.0	A-3	56.0	True	24.0	3.0	30.0	V7	False	('B-', 'D', 'F', 'A-')	B-	B-	0.0	dominant seventh chord	(2, 5, 8, 10)	E-	E-	5	None
72.0	1.5	25.0	E-5	75.0	True	25.0	1.5	31.0	I	True	('G', 'B-', 'E-')	G	E-	1.0	major triad	(3, 7, 10)	E-	E-	1	None
72.0	1.0	25.0	G1	31.0	True	25.0	1.5	31.0	I	True	('G', 'B-', 'E-')	G	E-	1.0	major triad	(3, 7, 10)	E-	E-	1	None
72.0	1.0	25.0	G2	43.0	True	25.0	1.5	31.0	I	True	('G', 'B-', 'E-')	G	E-	1.0	major triad	(3, 7, 10)	E-	E-	1	None
72.5	0.5	25.0	B-3	58.0	True	25.0	1.5	31.0	I	False	('G', 'B-', 'E-')	G	E-	1.0	major triad	(3, 7, 10)	E-	E-	1	None
72.5	0.5	25.0	E-4	63.0	True	25.0	1.5	31.0	I	False	('G', 'B-', 'E-')	G	E-	1.0	major triad	(3, 7, 10)	E-	E-	1	None
73.0	0.5	25.0	E-4	63.0	True	25.0	1.5	31.0	I	False	('G', 'B-', 'E-')	G	E-	1.0	major triad	(3, 7, 10)	E-	E-	1	None
73.0	0.5	25.0	B-4	70.0	True	25.0	1.5	31.0	I	False	('G', 'B-', 'E-')	G	E-	1.0	major triad	(3, 7, 10)	E-	E-	1	None
73.5	0.5	25.0	C-5	71.0	True	25.0	1.5	32.0	iiø7	True	('A-', 'C-', 'E-', 'F')	A-	F	1.0	half-diminished seventh chord	(3, 5, 8, 11)	E-	E-	2	None
73.5	1.0	25.0	A-1	32.0	True	25.0	1.5	32.0	iiø7	True	('A-', 'C-', 'E-', 'F')	A-	F	1.0	half-diminished seventh chord	(3, 5, 8, 11)	E-	E-	2	None
73.5	1.0	25.0	A-2	44.0	True	25.0	1.5	32.0	iiø7	True	('A-', 'C-', 'E-', 'F')	A-	F	1.0	half-diminished seventh chord	(3, 5, 8, 11)	E-	E-	2	None
74.0	0.5	25.0	F4	65.0	True	25.0	1.5	32.0	iiø7	False	('A-', 'C-', 'E-', 'F')	A-	F	1.0	half-diminished seventh chord	(3, 5, 8, 11)	E-	E-	2	None
74.0	0.5	25.0	E-4	63.0	True	25.0	1.5	32.0	iiø7	False	('A-', 'C-', 'E-', 'F')	A-	F	1.0	half-diminished seventh chord	(3, 5, 8, 11)	E-	E-	2	None
74.0	0.5	25.0	A-4	68.0	True	25.0	1.5	32.0	iiø7	False	('A-', 'C-', 'E-', 'F')	A-	F	1.0	half-diminished seventh chord	(3, 5, 8, 11)	E-	E-	2	None
74.0	0.5	25.0	C-4	59.0	True	25.0	1.5	32.0	iiø7	False	('A-', 'C-', 'E-', 'F')	A-	F	1.0	half-diminished seventh chord	(3, 5, 8, 11)	E-	E-	2	None
74.5	0.5	25.0	F4	65.0	True	25.0	1.5	32.0	iiø7	False	('A-', 'C-', 'E-', 'F')	A-	F	1.0	half-diminished seventh chord	(3, 5, 8, 11)	E-	E-	2	None
74.5	0.5	25.0	E-4	63.0	True	25.0	1.5	32.0	iiø7	False	('A-', 'C-', 'E-', 'F')	A-	F	1.0	half-diminished seventh chord	(3, 5, 8, 11)	E-	E-	2	None
74.5	0.5	25.0	F4	65.0	True	25.0	1.5	32.0	iiø7	False	('A-', 'C-', 'E-', 'F')	A-	F	1.0	half-diminished seventh chord	(3, 5, 8, 11)	E-	E-	2	None
74.5	0.5	25.0	C-5	71.0	True	25.0	1.5	32.0	iiø7	False	('A-', 'C-', 'E-', 'F')	A-	F	1.0	half-diminished seventh chord	(3, 5, 8, 11)	E-	E-	2	None
75.0	3.0	26.0	E-4	63.0	True	26.0	3.0	33.0	V7	True	('B-', 'D', 'F', 'A-')	B-	B-	0.0	dominant seventh chord	(2, 5, 8, 10)	E-	E-	5	None
75.0	1.5	26.0	B-1	34.0	True	26.0	3.0	33.0	V7	True	('B-', 'D', 'F', 'A-')	B-	B-	0.0	dominant seventh chord	(2, 5, 8, 10)	E-	E-	5	None
75.0	1.5	26.0	B-2	46.0	True	26.0	3.0	33.0	V7	True	('B-', 'D', 'F', 'A-')	B-	B-	0.0	dominant seventh chord	(2, 5, 8, 10)	E-	E-	5	None
75.5	0.5	26.0	E-4	63.0	True	26.0	3.0	33.0	V7	False	('B-', 'D', 'F', 'A-')	B-	B-	0.0	dominant seventh chord	(2, 5, 8, 10)	E-	E-	5	None
75.5	0.5	26.0	F3	53.0	True	26.0	3.0	33.0	V7	False	('B-', 'D', 'F', 'A-')	B-	B-	0.0	dominant seventh chord	(2, 5, 8, 10)	E-	E-	5	None
75.5	0.5	26.0	A-3	56.0	True	26.0	3.0	33.0	V7	False	('B-', 'D', 'F', 'A-')	B-	B-	0.0	dominant seventh chord	(2, 5, 8, 10)	E-	E-	5	None
76.0	0.5	26.0	E-4	63.0	True	26.0	3.0	33.0	V7	False	('B-', 'D', 'F', 'A-')	B-	B-	0.0	dominant seventh chord	(2, 5, 8, 10)	E-	E-	5	None
76.0	0.5	26.0	F4	65.0	True	26.0	3.0	33.0	V7	False	('B-', 'D', 'F', 'A-')	B-	B-	0.0	dominant seventh chord	(2, 5, 8, 10)	E-	E-	5	None
76.0	0.5	26.0	A-3	56.0	True	26.0	3.0	33.0	V7	False	('B-', 'D', 'F', 'A-')	B-	B-	0.0	dominant seventh chord	(2, 5, 8, 10)	E-	E-	5	None
76.5	0.5	26.0	E-4	63.0	True	26.0	3.0	33.0	V7	False	('B-', 'D', 'F', 'A-')	B-	B-	0.0	dominant seventh chord	(2, 5, 8, 10)	E-	E-	5	None
76.5	0.5	26.0	F4	65.0	True	26.0	3.0	33.0	V7	False	('B-', 'D', 'F', 'A-')	B-	B-	0.0	dominant seventh chord	(2, 5, 8, 10)	E-	E-	5	None
76.5	0.5	26.0	C-5	71.0	True	26.0	3.0	33.0	V7	False	('B-', 'D', 'F', 'A-')	B-	B-	0.0	dominant seventh chord	(2, 5, 8, 10)	E-	E-	5	None
77.0	0.5	26.0	A-3	56.0	True	26.0	3.0	33.0	V7	False	('B-', 'D', 'F', 'A-')	B-	B-	0.0	dominant seventh chord	(2, 5, 8, 10)	E-	E-	5	None
77.0	0.5	26.0	E-4	63.0	True	26.0	3.0	33.0	V7	False	('B-', 'D', 'F', 'A-')	B-	B-	0.0	dominant seventh chord	(2, 5, 8, 10)	E-	E-	5	None
77.0	0.5	26.0	F4	65.0	True	26.0	3.0	33.0	V7	False	('B-', 'D', 'F', 'A-')	B-	B-	0.0	dominant seventh chord	(2, 5, 8, 10)	E-	E-	5	None
77.5	0.5	26.0	F3	53.0	True	26.0	3.0	33.0	V7	False	('B-', 'D', 'F', 'A-')	B-	B-	0.0	dominant seventh chord	(2, 5, 8, 10)	E-	E-	5	None
77.5	0.5	26.0	A-3	56.0	True	26.0	3.0	33.0	V7	False	('B-', 'D', 'F', 'A-')	B-	B-	0.0	dominant seventh chord	(2, 5, 8, 10)	E-	E-	5	None
77.5	0.5	26.0	E-4	63.0	True	26.0	3.0	33.0	V7	False	('B-', 'D', 'F', 'A-')	B-	B-	0.0	dominant seventh chord	(2, 5, 8, 10)	E-	E-	5	None
78.0	1.5	27.0	B-2	46.0	True	27.0	3.0	34.0	V7	True	('B-', 'D', 'F', 'A-')	B-	B-	0.0	dominant seventh chord	(2, 5, 8, 10)	E-	E-	5	None
78.0	1.5	27.0	D4	62.0	True	27.0	3.0	34.0	V7	True	('B-', 'D', 'F', 'A-')	B-	B-	0.0	dominant seventh chord	(2, 5, 8, 10)	E-	E-	5	None
78.0	1.5	27.0	B-1	34.0	True	27.0	3.0	34.0	V7	True	('B-', 'D', 'F', 'A-')	B-	B-	0.0	dominant seventh chord	(2, 5, 8, 10)	E-	E-	5	None
78.5	0.5	27.0	D4	62.0	True	27.0	3.0	34.0	V7	False	('B-', 'D', 'F', 'A-')	B-	B-	0.0	dominant seventh chord	(2, 5, 8, 10)	E-	E-	5	None
78.5	0.5	27.0	F3	53.0	True	27.0	3.0	34.0	V7	False	('B-', 'D', 'F', 'A-')	B-	B-	0.0	dominant seventh chord	(2, 5, 8, 10)	E-	E-	5	None
78.5	0.5	27.0	A-3	56.0	True	27.0	3.0	34.0	V7	False	('B-', 'D', 'F', 'A-')	B-	B-	0.0	dominant seventh chord	(2, 5, 8, 10)	E-	E-	5	None
79.0	0.5	27.0	A-3	56.0	True	27.0	3.0	34.0	V7	False	('B-', 'D', 'F', 'A-')	B-	B-	0.0	dominant seventh chord	(2, 5, 8, 10)	E-	E-	5	None
79.0	0.5	27.0	D4	62.0	True	27.0	3.0	34.0	V7	False	('B-', 'D', 'F', 'A-')	B-	B-	0.0	dominant seventh chord	(2, 5, 8, 10)	E-	E-	5	None
79.0	0.5	27.0	F4	65.0	True	27.0	3.0	34.0	V7	False	('B-', 'D', 'F', 'A-')	B-	B-	0.0	dominant seventh chord	(2, 5, 8, 10)	E-	E-	5	None
79.5	0.5	27.0	D4	62.0	True	27.0	3.0	34.0	V7	False	('B-', 'D', 'F', 'A-')	B-	B-	0.0	dominant seventh chord	(2, 5, 8, 10)	E-	E-	5	None
79.5	0.5	27.0	F4	65.0	True	27.0	3.0	34.0	V7	False	('B-', 'D', 'F', 'A-')	B-	B-	0.0	dominant seventh chord	(2, 5, 8, 10)	E-	E-	5	None
79.5	0.5	27.0	B-4	70.0	True	27.0	3.0	34.0	V7	False	('B-', 'D', 'F', 'A-')	B-	B-	0.0	dominant seventh chord	(2, 5, 8, 10)	E-	E-	5	None
80.0	0.5	27.0	D4	62.0	True	27.0	3.0	34.0	V7	False	('B-', 'D', 'F', 'A-')	B-	B-	0.0	dominant seventh chord	(2, 5, 8, 10)	E-	E-	5	None
80.0	0.5	27.0	A-3	56.0	True	27.0	3.0	34.0	V7	False	('B-', 'D', 'F', 'A-')	B-	B-	0.0	dominant seventh chord	(2, 5, 8, 10)	E-	E-	5	None
80.0	0.5	27.0	F4	65.0	True	27.0	3.0	34.0	V7	False	('B-', 'D', 'F', 'A-')	B-	B-	0.0	dominant seventh chord	(2, 5, 8, 10)	E-	E-	5	None
80.5	0.5	27.0	A-3	56.0	True	27.0	3.0	34.0	V7	False	('B-', 'D', 'F', 'A-')	B-	B-	0.0	dominant seventh chord	(2, 5, 8, 10)	E-	E-	5	None
80.5	0.5	27.0	F3	53.0	True	27.0	3.0	34.0	V7	False	('B-', 'D', 'F', 'A-')	B-	B-	0.0	dominant seventh chord	(2, 5, 8, 10)	E-	E-	5	None
80.5	0.5	27.0	D4	62.0	True	27.0	3.0	34.0	V7	False	('B-', 'D', 'F', 'A-')	B-	B-	0.0	dominant seventh chord	(2, 5, 8, 10)	E-	E-	5	None
81.0						28.0	3.0	35.0	V7	True	('B-', 'D', 'F', 'A-')	B-	B-	0.0	dominant seventh chord	(2, 5, 8, 10)	E-	E-	5	None
84.0	0.75	29.0	B-4	70.0	True	29.0	3.0	36.0	I	True	('E-', 'G', 'B-')	E-	E-	0.0	major triad	(3, 7, 10)	E-	E-	1	None
84.0	0.5	29.0	E-3	51.0	True	29.0	3.0	36.0	I	True	('E-', 'G', 'B-')	E-	E-	0.0	major triad	(3, 7, 10)	E-	E-	1	None
84.0	0.75	29.0	B-4	70.0	True	29.0	3.0	36.0	I	True	('E-', 'G', 'B-')	E-	E-	0.0	major triad	(3, 7, 10)	E-	E-	1	None
84.0	0.75	29.0	B-5	82.0	True	29.0	3.0	36.0	I	True	('E-', 'G', 'B-')	E-	E-	0.0	major triad	(3, 7, 10)	E-	E-	1	None
84.0	0.5	29.0	E-2	39.0	True	29.0	3.0	36.0	I	True	('E-', 'G', 'B-')	E-	E-	0.0	major triad	(3, 7, 10)	E-	E-	1	None
84.5	0.5	29.0	G3	55.0	True	29.0	3.0	36.0	I	False	('E-', 'G', 'B-')	E-	E-	0.0	major triad	(3, 7, 10)	E-	E-	1	None
84.5	0.5	29.0	B-3	58.0	True	29.0	3.0	36.0	I	False	('E-', 'G', 'B-')	E-	E-	0.0	major triad	(3, 7, 10)	E-	E-	1	None
84.75	0.25	29.0	A4	69.0	True	29.0	3.0	36.0	I	False	('E-', 'G', 'B-')	E-	E-	0.0	major triad	(3, 7, 10)	E-	E-	1	None
84.75	0.25	29.0	A4	69.0	True	29.0	3.0	36.0	I	False	('E-', 'G', 'B-')	E-	E-	0.0	major triad	(3, 7, 10)	E-	E-	1	None
84.75	0.25	29.0	A5	81.0	True	29.0	3.0	36.0	I	False	('E-', 'G', 'B-')	E-	E-	0.0	major triad	(3, 7, 10)	E-	E-	1	None
85.0	0.5	29.0	B-3	58.0	True	29.0	3.0	36.0	I	False	('E-', 'G', 'B-')	E-	E-	0.0	major triad	(3, 7, 10)	E-	E-	1	None
85.0	0.5	29.0	E-4	63.0	True	29.0	3.0	36.0	I	False	('E-', 'G', 'B-')	E-	E-	0.0	major triad	(3, 7, 10)	E-	E-	1	None
85.0	0.5	29.0	B-4	70.0	True	29.0	3.0	36.0	I	False	('E-', 'G', 'B-')	E-	E-	0.0	major triad	(3, 7, 10)	E-	E-	1	None
85.0	0.5	29.0	B-4	70.0	True	29.0	3.0	36.0	I	False	('E-', 'G', 'B-')	E-	E-	0.0	major triad	(3, 7, 10)	E-	E-	1	None
85.0	0.5	29.0	B-5	82.0	True	29.0	3.0	36.0	I	False	('E-', 'G', 'B-')	E-	E-	0.0	major triad	(3, 7, 10)	E-	E-	1	None
85.5	1.0	29.0	E-5	75.0	True	29.0	3.0	36.0	I	False	('E-', 'G', 'B-')	E-	E-	0.0	major triad	(3, 7, 10)	E-	E-	1	None
85.5	1.0	29.0	E-5	75.0	True	29.0	3.0	36.0	I	False	('E-', 'G', 'B-')	E-	E-	0.0	major triad	(3, 7, 10)	E-	E-	1	None
85.5	1.0	29.0	E-6	87.0	True	29.0	3.0	36.0	I	False	('E-', 'G', 'B-')	E-	E-	0.0	major triad	(3, 7, 10)	E-	E-	1	None
85.5	0.5	29.0	E-4	63.0	True	29.0	3.0	36.0	I	False	('E-', 'G', 'B-')	E-	E-	0.0	major triad	(3, 7, 10)	E-	E-	1	None
85.5	0.5	29.0	G4	67.0	True	29.0	3.0	36.0	I	False	('E-', 'G', 'B-')	E-	E-	0.0	major triad	(3, 7, 10)	E-	E-	1	None
86.0	0.5	29.0	B-3	58.0	True	29.0	3.0	36.0	I	False	('E-', 'G', 'B-')	E-	E-	0.0	major triad	(3, 7, 10)	E-	E-	1	None
86.0	0.5	29.0	E-4	63.0	True	29.0	3.0	36.0	I	False	('E-', 'G', 'B-')	E-	E-	0.0	major triad	(3, 7, 10)	E-	E-	1	None
86.5	0.5	29.0	B-3	58.0	True	29.0	3.0	36.0	I	False	('E-', 'G', 'B-')	E-	E-	0.0	major triad	(3, 7, 10)	E-	E-	1	None
86.5	0.5	29.0	G3	55.0	True	29.0	3.0	36.0	I	False	('E-', 'G', 'B-')	E-	E-	0.0	major triad	(3, 7, 10)	E-	E-	1	None
86.5	0.5	29.0	B-4	70.0	True	29.0	3.0	36.0	I	False	('E-', 'G', 'B-')	E-	E-	0.0	major triad	(3, 7, 10)	E-	E-	1	None
86.5	0.5	29.0	B-4	70.0	True	29.0	3.0	36.0	I	False	('E-', 'G', 'B-')	E-	E-	0.0	major triad	(3, 7, 10)	E-	E-	1	None
86.5	0.5	29.0	B-5	82.0	True	29.0	3.0	36.0	I	False	('E-', 'G', 'B-')	E-	E-	0.0	major triad	(3, 7, 10)	E-	E-	1	None
87.0	1.0	30.0	G4	67.0	True	30.0	3.0	37.0	V7/IV	True	('E-', 'G', 'B-', 'D-')	E-	E-	0.0	dominant seventh chord	(1, 3, 7, 10)	E-	A-	5	4
87.0	1.0	30.0	G4	67.0	True	30.0	3.0	37.0	V7/IV	True	('E-', 'G', 'B-', 'D-')	E-	E-	0.0	dominant seventh chord	(1, 3, 7, 10)	E-	A-	5	4
87.0	1.0	30.0	G5	79.0	True	30.0	3.0	37.0	V7/IV	True	('E-', 'G', 'B-', 'D-')	E-	E-	0.0	dominant seventh chord	(1, 3, 7, 10)	E-	A-	5	4
87.0	0.5	30.0	E-2	39.0	True	30.0	3.0	37.0	V7/IV	True	('E-', 'G', 'B-', 'D-')	E-	E-	0.0	dominant seventh chord	(1, 3, 7, 10)	E-	A-	5	4
87.0	0.5	30.0	E-3	51.0	True	30.0	3.0	37.0	V7/IV	True	('E-', 'G', 'B-', 'D-')	E-	E-	0.0	dominant seventh chord	(1, 3, 7, 10)	E-	A-	5	4
87.5	0.5	30.0	E-3	51.0	True	30.0	3.0	37.0	V7/IV	False	('E-', 'G', 'B-', 'D-')	E-	E-	0.0	dominant seventh chord	(1, 3, 7, 10)	E-	A-	5	4
87.5	0.5	30.0	B-3	58.0	True	30.0	3.0	37.0	V7/IV	False	('E-', 'G', 'B-', 'D-')	E-	E-	0.0	dominant seventh chord	(1, 3, 7, 10)	E-	A-	5	4
88.0	0.5	30.0	G4	67.0	True	30.0	3.0	37.0	V7/IV	False	('E-', 'G', 'B-', 'D-')	E-	E-	0.0	dominant seventh chord	(1, 3, 7, 10)	E-	A-	5	4
88.0	0.5	30.0	G4	67.0	True	30.0	3.0	37.0	V7/IV	False	('E-', 'G', 'B-', 'D-')	E-	E-	0.0	dominant seventh chord	(1, 3, 7, 10)	E-	A-	5	4
88.0	0.5	30.0	G5	79.0	True	30.0	3.0	37.0	V7/IV	False	('E-', 'G', 'B-', 'D-')	E-	E-	0.0	dominant seventh chord	(1, 3, 7, 10)	E-	A-	5	4
88.0	0.5	30.0	B-3	58.0	True	30.0	3.0	37.0	V7/IV	False	('E-', 'G', 'B-', 'D-')	E-	E-	0.0	dominant seventh chord	(1, 3, 7, 10)	E-	A-	5	4
88.0	0.5	30.0	D-4	61.0	True	30.0	3.0	37.0	V7/IV	False	('E-', 'G', 'B-', 'D-')	E-	E-	0.0	dominant seventh chord	(1, 3, 7, 10)	E-	A-	5	4
88.5	1.0	30.0	F5	77.0	True	30.0	3.0	37.0	V7/IV	False	('E-', 'G', 'B-', 'D-')	E-	E-	0.0	dominant seventh chord	(1, 3, 7, 10)	E-	A-	5	4
88.5	0.5	30.0	E-4	63.0	True	30.0	3.0	37.0	V7/IV	False	('E-', 'G', 'B-', 'D-')	E-	E-	0.0	dominant seventh chord	(1, 3, 7, 10)	E-	A-	5	4
88.5	0.5	30.0	D-4	61.0	True	30.0	3.0	37.0	V7/IV	False	('E-', 'G', 'B-', 'D-')	E-	E-	0.0	dominant seventh chord	(1, 3, 7, 10)	E-	A-	5	4
88.5	1.0	30.0	F4	65.0	True	30.0	3.0	37.0	V7/IV	False	('E-', 'G', 'B-', 'D-')	E-	E-	0.0	dominant seventh chord	(1, 3, 7, 10)	E-	A-	5	4
88.5	1.0	30.0	F4	65.0	True	30.0	3.0	37.0	V7/IV	False	('E-', 'G', 'B-', 'D-')	E-	E-	0.0	dominant seventh chord	(1, 3, 7, 10)	E-	A-	5	4
89.0	0.5	30.0	B-3	58.0	True	30.0	3.0	37.0	V7/IV	False	('E-', 'G', 'B-', 'D-')	E-	E-	0.0	dominant seventh chord	(1, 3, 7, 10)	E-	A-	5	4
89.0	0.5	30.0	D-4	61.0	True	30.0	3.0	37.0	V7/IV	False	('E-', 'G', 'B-', 'D-')	E-	E-	0.0	dominant seventh chord	(1, 3, 7, 10)	E-	A-	5	4
89.5	0.5	30.0	E-4	63.0	True	30.0	3.0	37.0	V7/IV	False	('E-', 'G', 'B-', 'D-')	E-	E-	0.0	dominant seventh chord	(1, 3, 7, 10)	E-	A-	5	4
89.5	0.5	30.0	E-4	63.0	True	30.0	3.0	37.0	V7/IV	False	('E-', 'G', 'B-', 'D-')	E-	E-	0.0	dominant seventh chord	(1, 3, 7, 10)	E-	A-	5	4
89.5	0.5	30.0	E-5	75.0	True	30.0	3.0	37.0	V7/IV	False	('E-', 'G', 'B-', 'D-')	E-	E-	0.0	dominant seventh chord	(1, 3, 7, 10)	E-	A-	5	4
89.5	0.5	30.0	G3	55.0	True	30.0	3.0	37.0	V7/IV	False	('E-', 'G', 'B-', 'D-')	E-	E-	0.0	dominant seventh chord	(1, 3, 7, 10)	E-	A-	5	4
89.5	0.5	30.0	B-3	58.0	True	30.0	3.0	37.0	V7/IV	False	('E-', 'G', 'B-', 'D-')	E-	E-	0.0	dominant seventh chord	(1, 3, 7, 10)	E-	A-	5	4
90.0	0.5	31.0	E-3	51.0	True	31.0	3.0	38.0	IV	True	('A-', 'C', 'E-')	A-	A-	0.0	major triad	(0, 3, 8)	E-	E-	4	None
90.0	0.5	31.0	E-2	39.0	True	31.0	3.0	38.0	IV	True	('A-', 'C', 'E-')	A-	A-	0.0	major triad	(0, 3, 8)	E-	E-	4	None
90.0	1.5	31.0	B-5	82.0	True	31.0	3.0	38.0	IV	True	('A-', 'C', 'E-')	A-	A-	0.0	major triad	(0, 3, 8)	E-	E-	4	None
90.0	1.5	31.0	B-4	70.0	True	31.0	3.0	38.0	IV	True	('A-', 'C', 'E-')	A-	A-	0.0	major triad	(0, 3, 8)	E-	E-	4	None
90.0	1.5	31.0	B-4	70.0	True	31.0	3.0	38.0	IV	True	('A-', 'C', 'E-')	A-	A-	0.0	major triad	(0, 3, 8)	E-	E-	4	None
90.5	0.5	31.0	E-3	51.0	True	31.0	3.0	38.0	IV	False	('A-', 'C', 'E-')	A-	A-	0.0	major triad	(0, 3, 8)	E-	E-	4	None
90.5	0.5	31.0	A-3	56.0	True	31.0	3.0	38.0	IV	False	('A-', 'C', 'E-')	A-	A-	0.0	major triad	(0, 3, 8)	E-	E-	4	None
91.0	0.5	31.0	A-3	56.0	True	31.0	3.0	38.0	IV	False	('A-', 'C', 'E-')	A-	A-	0.0	major triad	(0, 3, 8)	E-	E-	4	None
91.0	0.5	31.0	C4	60.0	True	31.0	3.0	38.0	IV	False	('A-', 'C', 'E-')	A-	A-	0.0	major triad	(0, 3, 8)	E-	E-	4	None
91.5	0.5	31.0	E-4	63.0	True	31.0	3.0	38.0	IV	False	('A-', 'C', 'E-')	A-	A-	0.0	major triad	(0, 3, 8)	E-	E-	4	None
91.5	0.5	31.0	C4	60.0	True	31.0	3.0	38.0	IV	False	('A-', 'C', 'E-')	A-	A-	0.0	major triad	(0, 3, 8)	E-	E-	4	None
91.5	1.5	31.0	A-5	80.0	True	31.0	3.0	38.0	IV	False	('A-', 'C', 'E-')	A-	A-	0.0	major triad	(0, 3, 8)	E-	E-	4	None
91.5	1.5	31.0	A-4	68.0	True	31.0	3.0	38.0	IV	False	('A-', 'C', 'E-')	A-	A-	0.0	major triad	(0, 3, 8)	E-	E-	4	None
91.5	1.5	31.0	A-4	68.0	True	31.0	3.0	38.0	IV	False	('A-', 'C', 'E-')	A-	A-	0.0	major triad	(0, 3, 8)	E-	E-	4	None
92.0	0.5	31.0	A-3	56.0	True	31.0	3.0	38.0	IV	False	('A-', 'C', 'E-')	A-	A-	0.0	major triad	(0, 3, 8)	E-	E-	4	None
92.0	0.5	31.0	C4	60.0	True	31.0	3.0	38.0	IV	False	('A-', 'C', 'E-')	A-	A-	0.0	major triad	(0, 3, 8)	E-	E-	4	None
92.5	0.5	31.0	E-3	51.0	True	31.0	3.0	38.0	IV	False	('A-', 'C', 'E-')	A-	A-	0.0	major triad	(0, 3, 8)	E-	E-	4	None
92.5	0.5	31.0	A-3	56.0	True	31.0	3.0	38.0	IV	False	('A-', 'C', 'E-')	A-	A-	0.0	major triad	(0, 3, 8)	E-	E-	4	None
93.0	0.5	32.0	E-2	39.0	True	32.0	3.0	39.0	V7	True	('B-', 'D', 'F', 'A-')	B-	B-	0.0	dominant seventh chord	(2, 5, 8, 10)	E-	E-	5	None
93.0	0.5	32.0	E-3	51.0	True	32.0	3.0	39.0	V7	True	('B-', 'D', 'F', 'A-')	B-	B-	0.0	dominant seventh chord	(2, 5, 8, 10)	E-	E-	5	None
93.0	1.0	32.0	F5	77.0	True	32.0	3.0	39.0	V7	True	('B-', 'D', 'F', 'A-')	B-	B-	0.0	dominant seventh chord	(2, 5, 8, 10)	E-	E-	5	None
93.0	1.0	32.0	F5	77.0	True	32.0	3.0	39.0	V7	True	('B-', 'D', 'F', 'A-')	B-	B-	0.0	dominant seventh chord	(2, 5, 8, 10)	E-	E-	5	None
93.0	1.0	32.0	F6	89.0	True	32.0	3.0	39.0	V7	True	('B-', 'D', 'F', 'A-')	B-	B-	0.0	dominant seventh chord	(2, 5, 8, 10)	E-	E-	5	None
93.5	0.5	32.0	F3	53.0	True	32.0	3.0	39.0	V7	False	('B-', 'D', 'F', 'A-')	B-	B-	0.0	dominant seventh chord	(2, 5, 8, 10)	E-	E-	5	None
93.5	0.5	32.0	B-3	58.0	True	32.0	3.0	39.0	V7	False	('B-', 'D', 'F', 'A-')	B-	B-	0.0	dominant seventh chord	(2, 5, 8, 10)	E-	E-	5	None
94.0	0.5	32.0	A-4	68.0	True	32.0	3.0	39.0	V7	False	('B-', 'D', 'F', 'A-')	B-	B-	0.0	dominant seventh chord	(2, 5, 8, 10)	E-	E-	5	None
94.0	0.5	32.0	A-4	68.0	True	32.0	3.0	39.0	V7	False	('B-', 'D', 'F', 'A-')	B-	B-	0.0	dominant seventh chord	(2, 5, 8, 10)	E-	E-	5	None
94.0	0.5	32.0	A-5	80.0	True	32.0	3.0	39.0	V7	False	('B-', 'D', 'F', 'A-')	B-	B-	0.0	dominant seventh chord	(2, 5, 8, 10)	E-	E-	5	None
94.0	0.5	32.0	B-3	58.0	True	32.0	3.0	39.0	V7	False	('B-', 'D', 'F', 'A-')	B-	B-	0.0	dominant seventh chord	(2, 5, 8, 10)	E-	E-	5	None
94.0	0.5	32.0	D4	62.0	True	32.0	3.0	39.0	V7	False	('B-', 'D', 'F', 'A-')	B-	B-	0.0	dominant seventh chord	(2, 5, 8, 10)	E-	E-	5	None
94.5	0.5	32.0	F4	65.0	True	32.0	3.0	39.0	V7	False	('B-', 'D', 'F', 'A-')	B-	B-	0.0	dominant seventh chord	(2, 5, 8, 10)	E-	E-	5	None
94.5	0.5	32.0	D4	62.0	True	32.0	3.0	39.0	V7	False	('B-', 'D', 'F', 'A-')	B-	B-	0.0	dominant seventh chord	(2, 5, 8, 10)	E-	E-	5	None
94.5	0.75	32.0	A-5	80.0	True	32.0	3.0	39.0	V7	False	('B-', 'D', 'F', 'A-')	B-	B-	0.0	dominant seventh chord	(2, 5, 8, 10)	E-	E-	5	None
94.5	0.75	32.0	A-4	68.0	True	32.0	3.0	39.0	V7	False	('B-', 'D', 'F', 'A-')	B-	B-	0.0	dominant seventh chord	(2, 5, 8, 10)	E-	E-	5	None
94.5	0.75	32.0	A-4	68.0	True	32.0	3.0	39.0	V7	False	('B-', 'D', 'F', 'A-')	B-	B-	0.0	dominant seventh chord	(2, 5, 8, 10)	E-	E-	5	None
95.0	0.5	32.0	B-3	58.0	True	32.0	3.0	39.0	V7	False	('B-', 'D', 'F', 'A-')	B-	B-	0.0	dominant seventh chord	(2, 5, 8, 10)	E-	E-	5	None
95.0	0.5	32.0	D4	62.0	True	32.0	3.0	39.0	V7	False	('B-', 'D', 'F', 'A-')	B-	B-	0.0	dominant seventh chord	(2, 5, 8, 10)	E-	E-	5	None
95.25	0.25	32.0	G4	67.0	True	32.0	3.0	39.0	V7	False	('B-', 'D', 'F', 'A-')	B-	B-	0.0	dominant seventh chord	(2, 5, 8, 10)	E-	E-	5	None
95.25	0.25	32.0	G4	67.0	True	32.0	3.0	39.0	V7	False	('B-', 'D', 'F', 'A-')	B-	B-	0.0	dominant seventh chord	(2, 5, 8, 10)	E-	E-	5	None
95.25	0.25	32.0	G5	79.0	True	32.0	3.0	39.0	V7	False	('B-', 'D', 'F', 'A-')	B-	B-	0.0	dominant seventh chord	(2, 5, 8, 10)	E-	E-	5	None
95.5	0.5	32.0	F3	53.0	True	32.0	3.0	39.0	V7	False	('B-', 'D', 'F', 'A-')	B-	B-	0.0	dominant seventh chord	(2, 5, 8, 10)	E-	E-	5	None
95.5	0.5	32.0	B-3	58.0	True	32.0	3.0	39.0	V7	False	('B-', 'D', 'F', 'A-')	B-	B-	0.0	dominant seventh chord	(2, 5, 8, 10)	E-	E-	5	None
95.5	0.5	32.0	A-4	68.0	True	32.0	3.0	39.0	V7	False	('B-', 'D', 'F', 'A-')	B-	B-	0.0	dominant seventh chord	(2, 5, 8, 10)	E-	E-	5	None
95.5	0.5	32.0	A-4	68.0	True	32.0	3.0	39.0	V7	False	('B-', 'D', 'F', 'A-')	B-	B-	0.0	dominant seventh chord	(2, 5, 8, 10)	E-	E-	5	None
95.5	0.5	32.0	A-5	80.0	True	32.0	3.0	39.0	V7	False	('B-', 'D', 'F', 'A-')	B-	B-	0.0	dominant seventh chord	(2, 5, 8, 10)	E-	E-	5	None
96.0	1.0	33.0	B-4	70.0	True	33.0	1.5	40.0	I	True	('E-', 'G', 'B-')	E-	E-	0.0	major triad	(3, 7, 10)	E-	E-	1	None
96.0	1.0	33.0	B-4	70.0	True	33.0	1.5	40.0	I	True	('E-', 'G', 'B-')	E-	E-	0.0	major triad	(3, 7, 10)	E-	E-	1	None
96.0	1.0	33.0	B-5	82.0	True	33.0	1.5	40.0	I	True	('E-', 'G', 'B-')	E-	E-	0.0	major triad	(3, 7, 10)	E-	E-	1	None
96.0	0.5	33.0	E-2	39.0	True	33.0	1.5	40.0	I	True	('E-', 'G', 'B-')	E-	E-	0.0	major triad	(3, 7, 10)	E-	E-	1	None
96.0	0.5	33.0	E-3	51.0	True	33.0	1.5	40.0	I	True	('E-', 'G', 'B-')	E-	E-	0.0	major triad	(3, 7, 10)	E-	E-	1	None
96.5	0.5	33.0	G3	55.0	True	33.0	1.5	40.0	I	False	('E-', 'G', 'B-')	E-	E-	0.0	major triad	(3, 7, 10)	E-	E-	1	None
96.5	0.5	33.0	B-3	58.0	True	33.0	1.5	40.0	I	False	('E-', 'G', 'B-')	E-	E-	0.0	major triad	(3, 7, 10)	E-	E-	1	None
96.5	0.5	33.0	E-4	63.0	True	33.0	1.5	40.0	I	False	('E-', 'G', 'B-')	E-	E-	0.0	major triad	(3, 7, 10)	E-	E-	1	None
97.0	0.5	33.0	G4	67.0	True	33.0	1.5	40.0	I	False	('E-', 'G', 'B-')	E-	E-	0.0	major triad	(3, 7, 10)	E-	E-	1	None
97.0	0.5	33.0	E-4	63.0	True	33.0	1.5	40.0	I	False	('E-', 'G', 'B-')	E-	E-	0.0	major triad	(3, 7, 10)	E-	E-	1	None
97.0	0.5	33.0	B-4	70.0	True	33.0	1.5	40.0	I	False	('E-', 'G', 'B-')	E-	E-	0.0	major triad	(3, 7, 10)	E-	E-	1	None
97.0	0.5	33.0	B-5	82.0	True	33.0	1.5	40.0	I	False	('E-', 'G', 'B-')	E-	E-	0.0	major triad	(3, 7, 10)	E-	E-	1	None
97.0	0.5	33.0	B-4	70.0	True	33.0	1.5	40.0	I	False	('E-', 'G', 'B-')	E-	E-	0.0	major triad	(3, 7, 10)	E-	E-	1	None
97.0	0.5	33.0	B-3	58.0	True	33.0	1.5	40.0	I	False	('E-', 'G', 'B-')	E-	E-	0.0	major triad	(3, 7, 10)	E-	E-	1	None
97.5	1.0	33.0	A4	69.0	True	33.0	1.5	41.0	V	True	('D', 'F', 'B-')	D	B-	1.0	major triad	(2, 5, 10)	E-	E-	5	None
97.5	1.0	33.0	A4	69.0	True	33.0	1.5	41.0	V	True	('D', 'F', 'B-')	D	B-	1.0	major triad	(2, 5, 10)	E-	E-	5	None
97.5	1.0	33.0	A5	81.0	True	33.0	1.5	41.0	V	True	('D', 'F', 'B-')	D	B-	1.0	major triad	(2, 5, 10)	E-	E-	5	None
97.5	0.5	33.0	D2	38.0	True	33.0	1.5	41.0	V	True	('D', 'F', 'B-')	D	B-	1.0	major triad	(2, 5, 10)	E-	E-	5	None
97.5	0.5	33.0	D3	50.0	True	33.0	1.5	41.0	V	True	('D', 'F', 'B-')	D	B-	1.0	major triad	(2, 5, 10)	E-	E-	5	None
98.0	0.5	33.0	D4	62.0	True	33.0	1.5	41.0	V	False	('D', 'F', 'B-')	D	B-	1.0	major triad	(2, 5, 10)	E-	E-	5	None
98.0	0.5	33.0	F3	53.0	True	33.0	1.5	41.0	V	False	('D', 'F', 'B-')	D	B-	1.0	major triad	(2, 5, 10)	E-	E-	5	None
98.0	0.5	33.0	B-3	58.0	True	33.0	1.5	41.0	V	False	('D', 'F', 'B-')	D	B-	1.0	major triad	(2, 5, 10)	E-	E-	5	None
98.5	0.5	33.0	B-4	70.0	True	33.0	1.5	41.0	V	False	('D', 'F', 'B-')	D	B-	1.0	major triad	(2, 5, 10)	E-	E-	5	None
98.5	0.5	33.0	B-4	70.0	True	33.0	1.5	41.0	V	False	('D', 'F', 'B-')	D	B-	1.0	major triad	(2, 5, 10)	E-	E-	5	None
98.5	0.5	33.0	B-5	82.0	True	33.0	1.5	41.0	V	False	('D', 'F', 'B-')	D	B-	1.0	major triad	(2, 5, 10)	E-	E-	5	None
98.5	0.5	33.0	B-3	58.0	True	33.0	1.5	41.0	V	False	('D', 'F', 'B-')	D	B-	1.0	major triad	(2, 5, 10)	E-	E-	5	None
98.5	0.5	33.0	D4	62.0	True	33.0	1.5	41.0	V	False	('D', 'F', 'B-')	D	B-	1.0	major triad	(2, 5, 10)	E-	E-	5	None
98.5	0.5	33.0	F4	65.0	True	33.0	1.5	41.0	V	False	('D', 'F', 'B-')	D	B-	1.0	major triad	(2, 5, 10)	E-	E-	5	None
99.0	0.5	34.0	C3	48.0	True	34.0	1.5	42.0	vi7	True	('C', 'E-', 'G', 'B-')	C	C	0.0	minor seventh chord	(0, 3, 7, 10)	E-	E-	6	None
99.0	0.5	34.0	C2	36.0	True	34.0	1.5	42.0	vi7	True	('C', 'E-', 'G', 'B-')	C	C	0.0	minor seventh chord	(0, 3, 7, 10)	E-	E-	6	None
99.0	1.5	34.0	E-5	75.0	True	34.0	1.5	42.0	vi7	True	('C', 'E-', 'G', 'B-')	C	C	0.0	minor seventh chord	(0, 3, 7, 10)	E-	E-	6	None
99.0	1.5	34.0	E-5	75.0	True	34.0	1.5	42.0	vi7	True	('C', 'E-', 'G', 'B-')	C	C	0.0	minor seventh chord	(0, 3, 7, 10)	E-	E-	6	None
99.0	1.5	34.0	E-6	87.0	True	34.0	1.5	42.0	vi7	True	('C', 'E-', 'G', 'B-')	C	C	0.0	minor seventh chord	(0, 3, 7, 10)	E-	E-	6	None
99.5	0.5	34.0	E-3	51.0	True	34.0	1.5	42.0	vi7	False	('C', 'E-', 'G', 'B-')	C	C	0.0	minor seventh chord	(0, 3, 7, 10)	E-	E-	6	None
99.5	0.5	34.0	B-3	58.0	True	34.0	1.5	42.0	vi7	False	('C', 'E-', 'G', 'B-')	C	C	0.0	minor seventh chord	(0, 3, 7, 10)	E-	E-	6	None
100.0	0.5	34.0	B-3	58.0	True	34.0	1.5	42.0	vi7	False	('C', 'E-', 'G', 'B-')	C	C	0.0	minor seventh chord	(0, 3, 7, 10)	E-	E-	6	None
100.0	0.5	34.0	E-4	63.0	True	34.0	1.5	42.0	vi7	False	('C', 'E-', 'G', 'B-')	C	C	0.0	minor seventh chord	(0, 3, 7, 10)	E-	E-	6	None
100.5	1.5	34.0	A-4	68.0	True	34.0	1.5	43.0	IV	True	('C', 'E-', 'A-')	C	A-	1.0	major triad	(0, 3, 8)	E-	E-	4	None
100.5	1.5	34.0	A-4	68.0	True	34.0	1.5	43.0	IV	True	('C', 'E-', 'A-')	C	A-	1.0	major triad	(0, 3, 8)	E-	E-	4	None
100.5	1.5	34.0	A-5	80.0	True	34.0	1.5	43.0	IV	True	('C', 'E-', 'A-')	C	A-	1.0	major triad	(0, 3, 8)	E-	E-	4	None
100.5	0.5	34.0	C4	60.0	True	34.0	1.5	43.0	IV	True	('C', 'E-', 'A-')	C	A-	1.0	major triad	(0, 3, 8)	E-	E-	4	None
100.5	0.5	34.0	E-4	63.0	True	34.0	1.5	43.0	IV	True	('C', 'E-', 'A-')	C	A-	1.0	major triad	(0, 3, 8)	E-	E-	4	None
101.0	0.5	34.0	A-3	56.0	True	34.0	1.5	43.0	IV	False	('C', 'E-', 'A-')	C	A-	1.0	major triad	(0, 3, 8)	E-	E-	4	None
101.0	0.5	34.0	C4	60.0	True	34.0	1.5	43.0	IV	False	('C', 'E-', 'A-')	C	A-	1.0	major triad	(0, 3, 8)	E-	E-	4	None
101.5	0.5	34.0	E-3	51.0	True	34.0	1.5	43.0	IV	False	('C', 'E-', 'A-')	C	A-	1.0	major triad	(0, 3, 8)	E-	E-	4	None
101.5	0.5	34.0	A-3	56.0	True	34.0	1.5	43.0	IV	False	('C', 'E-', 'A-')	C	A-	1.0	major triad	(0, 3, 8)	E-	E-	4	None
102.0	0.5	35.0	B-1	34.0	True	35.0	3.0	44.0	viio7/ii	True	('B-', 'D-', 'E', 'G')	B-	E	2.0	diminished seventh chord	(1, 4, 7, 10)	E-	f	#7	2
102.0	0.5	35.0	B-2	46.0	True	35.0	3.0	44.0	viio7/ii	True	('B-', 'D-', 'E', 'G')	B-	E	2.0	diminished seventh chord	(1, 4, 7, 10)	E-	f	#7	2
102.0	1.0	35.0	G4	67.0	True	35.0	3.0	44.0	viio7/ii	True	('B-', 'D-', 'E', 'G')	B-	E	2.0	diminished seventh chord	(1, 4, 7, 10)	E-	f	#7	2
102.0	1.0	35.0	G4	67.0	True	35.0	3.0	44.0	viio7/ii	True	('B-', 'D-', 'E', 'G')	B-	E	2.0	diminished seventh chord	(1, 4, 7, 10)	E-	f	#7	2
102.0	1.0	35.0	G5	79.0	True	35.0	3.0	44.0	viio7/ii	True	('B-', 'D-', 'E', 'G')	B-	E	2.0	diminished seventh chord	(1, 4, 7, 10)	E-	f	#7	2
102.5	0.5	35.0	E3	52.0	True	35.0	3.0	44.0	viio7/ii	False	('B-', 'D-', 'E', 'G')	B-	E	2.0	diminished seventh chord	(1, 4, 7, 10)	E-	f	#7	2
102.5	0.5	35.0	G3	55.0	True	35.0	3.0	44.0	viio7/ii	False	('B-', 'D-', 'E', 'G')	B-	E	2.0	diminished seventh chord	(1, 4, 7, 10)	E-	f	#7	2
103.0	0.5	35.0	F4	65.0	True	35.0	3.0	44.0	viio7/ii	False	('B-', 'D-', 'E', 'G')	B-	E	2.0	diminished seventh chord	(1, 4, 7, 10)	E-	f	#7	2
103.0	0.5	35.0	F4	65.0	True	35.0	3.0	44.0	viio7/ii	False	('B-', 'D-', 'E', 'G')	B-	E	2.0	diminished seventh chord	(1, 4, 7, 10)	E-	f	#7	2
103.0	0.5	35.0	F5	77.0	True	35.0	3.0	44.0	viio7/ii	False	('B-', 'D-', 'E', 'G')	B-	E	2.0	diminished seventh chord	(1, 4, 7, 10)	E-	f	#7	2
103.0	0.5	35.0	G3	55.0	True	35.0	3.0	44.0	viio7/ii	False	('B-', 'D-', 'E', 'G')	B-	E	2.0	diminished seventh chord	(1, 4, 7, 10)	E-	f	#7	2
103.0	0.5	35.0	B-3	58.0	True	35.0	3.0	44.0	viio7/ii	False	('B-', 'D-', 'E', 'G')	B-	E	2.0	diminished seventh chord	(1, 4, 7, 10)	E-	f	#7	2
103.5	0.5	35.0	D-4	61.0	True	35.0	3.0	44.0	viio7/ii	False	('B-', 'D-', 'E', 'G')	B-	E	2.0	diminished seventh chord	(1, 4, 7, 10)	E-	f	#7	2
103.5	0.5	35.0	B-3	58.0	True	35.0	3.0	44.0	viio7/ii	False	('B-', 'D-', 'E', 'G')	B-	E	2.0	diminished seventh chord	(1, 4, 7, 10)	E-	f	#7	2
103.5	0.75	35.0	E4	64.0	True	35.0	3.0	44.0	viio7/ii	False	('B-', 'D-', 'E', 'G')	B-	E	2.0	diminished seventh chord	(1, 4, 7, 10)	E-	f	#7	2
103.5	0.75	35.0	E4	64.0	True	35.0	3.0	44.0	viio7/ii	False	('B-', 'D-', 'E', 'G')	B-	E	2.0	diminished seventh chord	(1, 4, 7, 10)	E-	f	#7	2
103.5	0.75	35.0	E5	76.0	True	35.0	3.0	44.0	viio7/ii	False	('B-', 'D-', 'E', 'G')	B-	E	2.0	diminished seventh chord	(1, 4, 7, 10)	E-	f	#7	2
104.0	0.5	35.0	G3	55.0	True	35.0	3.0	44.0	viio7/ii	False	('B-', 'D-', 'E', 'G')	B-	E	2.0	diminished seventh chord	(1, 4, 7, 10)	E-	f	#7	2
104.0	0.5	35.0	B-3	58.0	True	35.0	3.0	44.0	viio7/ii	False	('B-', 'D-', 'E', 'G')	B-	E	2.0	diminished seventh chord	(1, 4, 7, 10)	E-	f	#7	2
104.25	0.25	35.0	G4	67.0	True	35.0	3.0	44.0	viio7/ii	False	('B-', 'D-', 'E', 'G')	B-	E	2.0	diminished seventh chord	(1, 4, 7, 10)	E-	f	#7	2
104.25	0.25	35.0	G4	67.0	True	35.0	3.0	44.0	viio7/ii	False	('B-', 'D-', 'E', 'G')	B-	E	2.0	diminished seventh chord	(1, 4, 7, 10)	E-	f	#7	2
104.25	0.25	35.0	G5	79.0	True	35.0	3.0	44.0	viio7/ii	False	('B-', 'D-', 'E', 'G')	B-	E	2.0	diminished seventh chord	(1, 4, 7, 10)	E-	f	#7	2
104.5	0.5	35.0	E3	52.0	True	35.0	3.0	44.0	viio7/ii	False	('B-', 'D-', 'E', 'G')	B-	E	2.0	diminished seventh chord	(1, 4, 7, 10)	E-	f	#7	2
104.5	0.5	35.0	G3	55.0	True	35.0	3.0	44.0	viio7/ii	False	('B-', 'D-', 'E', 'G')	B-	E	2.0	diminished seventh chord	(1, 4, 7, 10)	E-	f	#7	2
104.5	0.5	35.0	B-4	70.0	True	35.0	3.0	44.0	viio7/ii	False	('B-', 'D-', 'E', 'G')	B-	E	2.0	diminished seventh chord	(1, 4, 7, 10)	E-	f	#7	2
104.5	0.5	35.0	B-4	70.0	True	35.0	3.0	44.0	viio7/ii	False	('B-', 'D-', 'E', 'G')	B-	E	2.0	diminished seventh chord	(1, 4, 7, 10)	E-	f	#7	2
104.5	0.5	35.0	B-5	82.0	True	35.0	3.0	44.0	viio7/ii	False	('B-', 'D-', 'E', 'G')	B-	E	2.0	diminished seventh chord	(1, 4, 7, 10)	E-	f	#7	2
105.0	1.5	36.0	D-5	73.0	True	36.0	3.0	45.0	ii	True	('A-', 'C', 'F')	A-	F	1.0	minor triad	(0, 5, 8)	E-	E-	2	None
105.0	1.5	36.0	D-5	73.0	True	36.0	3.0	45.0	ii	True	('A-', 'C', 'F')	A-	F	1.0	minor triad	(0, 5, 8)	E-	E-	2	None
105.0	1.5	36.0	D-6	85.0	True	36.0	3.0	45.0	ii	True	('A-', 'C', 'F')	A-	F	1.0	minor triad	(0, 5, 8)	E-	E-	2	None
105.0	0.5	36.0	A-1	32.0	True	36.0	3.0	45.0	ii	True	('A-', 'C', 'F')	A-	F	1.0	minor triad	(0, 5, 8)	E-	E-	2	None
105.0	0.5	36.0	A-2	44.0	True	36.0	3.0	45.0	ii	True	('A-', 'C', 'F')	A-	F	1.0	minor triad	(0, 5, 8)	E-	E-	2	None
105.5	0.5	36.0	G3	55.0	True	36.0	3.0	45.0	ii	False	('A-', 'C', 'F')	A-	F	1.0	minor triad	(0, 5, 8)	E-	E-	2	None
105.5	0.5	36.0	B-3	58.0	True	36.0	3.0	45.0	ii	False	('A-', 'C', 'F')	A-	F	1.0	minor triad	(0, 5, 8)	E-	E-	2	None
106.0	0.5	36.0	B-3	58.0	True	36.0	3.0	45.0	ii	False	('A-', 'C', 'F')	A-	F	1.0	minor triad	(0, 5, 8)	E-	E-	2	None
106.0	0.5	36.0	E4	64.0	True	36.0	3.0	45.0	ii	False	('A-', 'C', 'F')	A-	F	1.0	minor triad	(0, 5, 8)	E-	E-	2	None
106.5	0.5	36.0	A-3	56.0	True	36.0	3.0	45.0	ii	False	('A-', 'C', 'F')	A-	F	1.0	minor triad	(0, 5, 8)	E-	E-	2	None
106.5	0.5	36.0	A-2	44.0	True	36.0	3.0	45.0	ii	False	('A-', 'C', 'F')	A-	F	1.0	minor triad	(0, 5, 8)	E-	E-	2	None
106.5	0.5	36.0	C5	72.0	True	36.0	3.0	45.0	ii	False	('A-', 'C', 'F')	A-	F	1.0	minor triad	(0, 5, 8)	E-	E-	2	None
106.5	0.5	36.0	C5	72.0	True	36.0	3.0	45.0	ii	False	('A-', 'C', 'F')	A-	F	1.0	minor triad	(0, 5, 8)	E-	E-	2	None
106.5	0.5	36.0	C6	84.0	True	36.0	3.0	45.0	ii	False	('A-', 'C', 'F')	A-	F	1.0	minor triad	(0, 5, 8)	E-	E-	2	None
107.0	0.5	36.0	A-4	68.0	True	36.0	3.0	45.0	ii	False	('A-', 'C', 'F')	A-	F	1.0	minor triad	(0, 5, 8)	E-	E-	2	None
107.0	0.5	36.0	A-4	68.0	True	36.0	3.0	45.0	ii	False	('A-', 'C', 'F')	A-	F	1.0	minor triad	(0, 5, 8)	E-	E-	2	None
107.0	0.5	36.0	A-5	80.0	True	36.0	3.0	45.0	ii	False	('A-', 'C', 'F')	A-	F	1.0	minor triad	(0, 5, 8)	E-	E-	2	None
107.0	0.5	36.0	A-3	56.0	True	36.0	3.0	45.0	ii	False	('A-', 'C', 'F')	A-	F	1.0	minor triad	(0, 5, 8)	E-	E-	2	None
107.0	0.5	36.0	C4	60.0	True	36.0	3.0	45.0	ii	False	('A-', 'C', 'F')	A-	F	1.0	minor triad	(0, 5, 8)	E-	E-	2	None
107.5	0.5	36.0	F4	65.0	True	36.0	3.0	45.0	ii	False	('A-', 'C', 'F')	A-	F	1.0	minor triad	(0, 5, 8)	E-	E-	2	None
107.5	0.5	36.0	F4	65.0	True	36.0	3.0	45.0	ii	False	('A-', 'C', 'F')	A-	F	1.0	minor triad	(0, 5, 8)	E-	E-	2	None
107.5	0.5	36.0	F5	77.0	True	36.0	3.0	45.0	ii	False	('A-', 'C', 'F')	A-	F	1.0	minor triad	(0, 5, 8)	E-	E-	2	None
107.5	0.5	36.0	C4	60.0	True	36.0	3.0	45.0	ii	False	('A-', 'C', 'F')	A-	F	1.0	minor triad	(0, 5, 8)	E-	E-	2	None
107.5	0.5	36.0	F4	65.0	True	36.0	3.0	45.0	ii	False	('A-', 'C', 'F')	A-	F	1.0	minor triad	(0, 5, 8)	E-	E-	2	None
108.0	0.5	37.0	A-2	44.0	True	37.0	3.0	46.0	V7	True	('A-', 'B-', 'D', 'F')	A-	B-	3.0	dominant seventh chord	(2, 5, 8, 10)	E-	E-	5	None
108.0	0.5	37.0	A-1	32.0	True	37.0	3.0	46.0	V7	True	('A-', 'B-', 'D', 'F')	A-	B-	3.0	dominant seventh chord	(2, 5, 8, 10)	E-	E-	5	None
108.0	1.0	37.0	E-4	63.0	True	37.0	3.0	46.0	V7	True	('A-', 'B-', 'D', 'F')	A-	B-	3.0	dominant seventh chord	(2, 5, 8, 10)	E-	E-	5	None
108.0	1.0	37.0	E-5	75.0	True	37.0	3.0	46.0	V7	True	('A-', 'B-', 'D', 'F')	A-	B-	3.0	dominant seventh chord	(2, 5, 8, 10)	E-	E-	5	None
108.0	1.0	37.0	E-4	63.0	True	37.0	3.0	46.0	V7	True	('A-', 'B-', 'D', 'F')	A-	B-	3.0	dominant seventh chord	(2, 5, 8, 10)	E-	E-	5	None
108.5	0.5	37.0	F3	53.0	True	37.0	3.0	46.0	V7	False	('A-', 'B-', 'D', 'F')	A-	B-	3.0	dominant seventh chord	(2, 5, 8, 10)	E-	E-	5	None
108.5	0.5	37.0	B-3	58.0	True	37.0	3.0	46.0	V7	False	('A-', 'B-', 'D', 'F')	A-	B-	3.0	dominant seventh chord	(2, 5, 8, 10)	E-	E-	5	None
109.0	0.5	37.0	D4	62.0	True	37.0	3.0	46.0	V7	False	('A-', 'B-', 'D', 'F')	A-	B-	3.0	dominant seventh chord	(2, 5, 8, 10)	E-	E-	5	None
109.0	0.5	37.0	D4	62.0	True	37.0	3.0	46.0	V7	False	('A-', 'B-', 'D', 'F')	A-	B-	3.0	dominant seventh chord	(2, 5, 8, 10)	E-	E-	5	None
109.0	0.5	37.0	D5	74.0	True	37.0	3.0	46.0	V7	False	('A-', 'B-', 'D', 'F')	A-	B-	3.0	dominant seventh chord	(2, 5, 8, 10)	E-	E-	5	None
109.0	0.5	37.0	B-3	58.0	True	37.0	3.0	46.0	V7	False	('A-', 'B-', 'D', 'F')	A-	B-	3.0	dominant seventh chord	(2, 5, 8, 10)	E-	E-	5	None
109.0	0.5	37.0	D4	62.0	True	37.0	3.0	46.0	V7	False	('A-', 'B-', 'D', 'F')	A-	B-	3.0	dominant seventh chord	(2, 5, 8, 10)	E-	E-	5	None
109.5	0.5	37.0	D4	62.0	True	37.0	3.0	46.0	V7	False	('A-', 'B-', 'D', 'F')	A-	B-	3.0	dominant seventh chord	(2, 5, 8, 10)	E-	E-	5	None
109.5	0.5	37.0	F4	65.0	True	37.0	3.0	46.0	V7	False	('A-', 'B-', 'D', 'F')	A-	B-	3.0	dominant seventh chord	(2, 5, 8, 10)	E-	E-	5	None
110.0	0.5	37.0	D5	74.0	True	37.0	3.0	46.0	V7	False	('A-', 'B-', 'D', 'F')	A-	B-	3.0	dominant seventh chord	(2, 5, 8, 10)	E-	E-	5	None
110.0	0.5	37.0	D5	74.0	True	37.0	3.0	46.0	V7	False	('A-', 'B-', 'D', 'F')	A-	B-	3.0	dominant seventh chord	(2, 5, 8, 10)	E-	E-	5	None
110.0	0.5	37.0	D6	86.0	True	37.0	3.0	46.0	V7	False	('A-', 'B-', 'D', 'F')	A-	B-	3.0	dominant seventh chord	(2, 5, 8, 10)	E-	E-	5	None
110.0	0.5	37.0	B-3	58.0	True	37.0	3.0	46.0	V7	False	('A-', 'B-', 'D', 'F')	A-	B-	3.0	dominant seventh chord	(2, 5, 8, 10)	E-	E-	5	None
110.0	0.5	37.0	D4	62.0	True	37.0	3.0	46.0	V7	False	('A-', 'B-', 'D', 'F')	A-	B-	3.0	dominant seventh chord	(2, 5, 8, 10)	E-	E-	5	None
110.5	0.5	37.0	B-3	58.0	True	37.0	3.0	46.0	V7	False	('A-', 'B-', 'D', 'F')	A-	B-	3.0	dominant seventh chord	(2, 5, 8, 10)	E-	E-	5	None
110.5	0.5	37.0	F3	53.0	True	37.0	3.0	46.0	V7	False	('A-', 'B-', 'D', 'F')	A-	B-	3.0	dominant seventh chord	(2, 5, 8, 10)	E-	E-	5	None
110.5	0.5	37.0	B-4	70.0	True	37.0	3.0	46.0	V7	False	('A-', 'B-', 'D', 'F')	A-	B-	3.0	dominant seventh chord	(2, 5, 8, 10)	E-	E-	5	None
110.5	0.5	37.0	B-4	70.0	True	37.0	3.0	46.0	V7	False	('A-', 'B-', 'D', 'F')	A-	B-	3.0	dominant seventh chord	(2, 5, 8, 10)	E-	E-	5	None
110.5	0.5	37.0	B-5	82.0	True	37.0	3.0	46.0	V7	False	('A-', 'B-', 'D', 'F')	A-	B-	3.0	dominant seventh chord	(2, 5, 8, 10)	E-	E-	5	None
111.0	1.5	38.0	E-5	75.0	True	38.0	1.5	47.0	I	True	('G', 'B-', 'E-')	G	E-	1.0	major triad	(3, 7, 10)	E-	E-	1	None
111.0	0.5	38.0	E-5	75.0	True	38.0	1.5	47.0	I	True	('G', 'B-', 'E-')	G	E-	1.0	major triad	(3, 7, 10)	E-	E-	1	None
111.0	0.5	38.0	E-6	87.0	True	38.0	1.5	47.0	I	True	('G', 'B-', 'E-')	G	E-	1.0	major triad	(3, 7, 10)	E-	E-	1	None
111.0	1.5	38.0	G1	31.0	True	38.0	1.5	47.0	I	True	('G', 'B-', 'E-')	G	E-	1.0	major triad	(3, 7, 10)	E-	E-	1	None
111.0	1.5	38.0	G2	43.0	True	38.0	1.5	47.0	I	True	('G', 'B-', 'E-')	G	E-	1.0	major triad	(3, 7, 10)	E-	E-	1	None
111.5	0.5	38.0	B-3	58.0	True	38.0	1.5	47.0	I	False	('G', 'B-', 'E-')	G	E-	1.0	major triad	(3, 7, 10)	E-	E-	1	None
111.5	0.5	38.0	E-4	63.0	True	38.0	1.5	47.0	I	False	('G', 'B-', 'E-')	G	E-	1.0	major triad	(3, 7, 10)	E-	E-	1	None
112.0	0.5	38.0	B-4	70.0	True	38.0	1.5	47.0	I	False	('G', 'B-', 'E-')	G	E-	1.0	major triad	(3, 7, 10)	E-	E-	1	None
112.0	0.5	38.0	E-4	63.0	True	38.0	1.5	47.0	I	False	('G', 'B-', 'E-')	G	E-	1.0	major triad	(3, 7, 10)	E-	E-	1	None
112.5	1.0	38.0	F4	65.0	True	38.0	1.5	48.0	ii7	True	('A-', 'C', 'E-', 'F')	A-	F	1.0	minor seventh chord	(0, 3, 5, 8)	E-	E-	2	None
112.5	0.5	38.0	E-5	75.0	True	38.0	1.5	48.0	ii7	True	('A-', 'C', 'E-', 'F')	A-	F	1.0	minor seventh chord	(0, 3, 5, 8)	E-	E-	2	None
112.5	0.5	38.0	E-6	87.0	True	38.0	1.5	48.0	ii7	True	('A-', 'C', 'E-', 'F')	A-	F	1.0	minor seventh chord	(0, 3, 5, 8)	E-	E-	2	None
112.5	1.5	38.0	A-1	32.0	True	38.0	1.5	48.0	ii7	True	('A-', 'C', 'E-', 'F')	A-	F	1.0	minor seventh chord	(0, 3, 5, 8)	E-	E-	2	None
112.5	1.5	38.0	A-2	44.0	True	38.0	1.5	48.0	ii7	True	('A-', 'C', 'E-', 'F')	A-	F	1.0	minor seventh chord	(0, 3, 5, 8)	E-	E-	2	None
113.0	0.5	38.0	C4	60.0	True	38.0	1.5	48.0	ii7	False	('A-', 'C', 'E-', 'F')	A-	F	1.0	minor seventh chord	(0, 3, 5, 8)	E-	E-	2	None
113.0	0.5	38.0	E-4	63.0	True	38.0	1.5	48.0	ii7	False	('A-', 'C', 'E-', 'F')	A-	F	1.0	minor seventh chord	(0, 3, 5, 8)	E-	E-	2	None
113.0	0.5	38.0	F4	65.0	True	38.0	1.5	48.0	ii7	False	('A-', 'C', 'E-', 'F')	A-	F	1.0	minor seventh chord	(0, 3, 5, 8)	E-	E-	2	None
113.5	0.5	38.0	F4	65.0	True	38.0	1.5	48.0	ii7	False	('A-', 'C', 'E-', 'F')	A-	F	1.0	minor seventh chord	(0, 3, 5, 8)	E-	E-	2	None
113.5	0.5	38.0	C5	72.0	True	38.0	1.5	48.0	ii7	False	('A-', 'C', 'E-', 'F')	A-	F	1.0	minor seventh chord	(0, 3, 5, 8)	E-	E-	2	None
113.5	0.5	38.0	F4	65.0	True	38.0	1.5	48.0	ii7	False	('A-', 'C', 'E-', 'F')	A-	F	1.0	minor seventh chord	(0, 3, 5, 8)	E-	E-	2	None
113.5	0.5	38.0	E-4	63.0	True	38.0	1.5	48.0	ii7	False	('A-', 'C', 'E-', 'F')	A-	F	1.0	minor seventh chord	(0, 3, 5, 8)	E-	E-	2	None
114.0	1.5	39.0	G-4	66.0	True	39.0	3.0	49.0	viio7/V	True	('A', 'C', 'E-', 'G-')	A	A	0.0	diminished seventh chord	(0, 3, 6, 9)	E-	B-	7	5
114.0	0.5	39.0	E-5	75.0	True	39.0	3.0	49.0	viio7/V	True	('A', 'C', 'E-', 'G-')	A	A	0.0	diminished seventh chord	(0, 3, 6, 9)	E-	B-	7	5
114.0	0.5	39.0	E-6	87.0	True	39.0	3.0	49.0	viio7/V	True	('A', 'C', 'E-', 'G-')	A	A	0.0	diminished seventh chord	(0, 3, 6, 9)	E-	B-	7	5
114.0	1.5	39.0	A1	33.0	True	39.0	3.0	49.0	viio7/V	True	('A', 'C', 'E-', 'G-')	A	A	0.0	diminished seventh chord	(0, 3, 6, 9)	E-	B-	7	5
114.0	1.5	39.0	A2	45.0	True	39.0	3.0	49.0	viio7/V	True	('A', 'C', 'E-', 'G-')	A	A	0.0	diminished seventh chord	(0, 3, 6, 9)	E-	B-	7	5
114.5	0.5	39.0	C4	60.0	True	39.0	3.0	49.0	viio7/V	False	('A', 'C', 'E-', 'G-')	A	A	0.0	diminished seventh chord	(0, 3, 6, 9)	E-	B-	7	5
114.5	0.5	39.0	E-4	63.0	True	39.0	3.0	49.0	viio7/V	False	('A', 'C', 'E-', 'G-')	A	A	0.0	diminished seventh chord	(0, 3, 6, 9)	E-	B-	7	5
114.5	0.5	39.0	G-4	66.0	True	39.0	3.0	49.0	viio7/V	False	('A', 'C', 'E-', 'G-')	A	A	0.0	diminished seventh chord	(0, 3, 6, 9)	E-	B-	7	5
115.0	0.5	39.0	C5	72.0	True	39.0	3.0	49.0	viio7/V	False	('A', 'C', 'E-', 'G-')	A	A	0.0	diminished seventh chord	(0, 3, 6, 9)	E-	B-	7	5
115.0	0.5	39.0	E-4	63.0	True	39.0	3.0	49.0	viio7/V	False	('A', 'C', 'E-', 'G-')	A	A	0.0	diminished seventh chord	(0, 3, 6, 9)	E-	B-	7	5
115.0	0.5	39.0	G-4	66.0	True	39.0	3.0	49.0	viio7/V	False	('A', 'C', 'E-', 'G-')	A	A	0.0	diminished seventh chord	(0, 3, 6, 9)	E-	B-	7	5
115.5	1.0	39.0	A4	69.0	True	39.0	3.0	49.0	viio7/V	False	('A', 'C', 'E-', 'G-')	A	A	0.0	diminished seventh chord	(0, 3, 6, 9)	E-	B-	7	5
115.5	1.0	39.0	D5	74.0	True	39.0	3.0	49.0	viio7/V	False	('A', 'C', 'E-', 'G-')	A	A	0.0	diminished seventh chord	(0, 3, 6, 9)	E-	B-	7	5
115.5	1.0	39.0	D6	86.0	True	39.0	3.0	49.0	viio7/V	False	('A', 'C', 'E-', 'G-')	A	A	0.0	diminished seventh chord	(0, 3, 6, 9)	E-	B-	7	5
115.5	0.5	39.0	C3	48.0	True	39.0	3.0	49.0	viio7/V	False	('A', 'C', 'E-', 'G-')	A	A	0.0	diminished seventh chord	(0, 3, 6, 9)	E-	B-	7	5
115.5	0.5	39.0	C4	60.0	True	39.0	3.0	49.0	viio7/V	False	('A', 'C', 'E-', 'G-')	A	A	0.0	diminished seventh chord	(0, 3, 6, 9)	E-	B-	7	5
116.0	0.5	39.0	A3	57.0	True	39.0	3.0	49.0	viio7/V	False	('A', 'C', 'E-', 'G-')	A	A	0.0	diminished seventh chord	(0, 3, 6, 9)	E-	B-	7	5
116.0	0.5	39.0	E-4	63.0	True	39.0	3.0	49.0	viio7/V	False	('A', 'C', 'E-', 'G-')	A	A	0.0	diminished seventh chord	(0, 3, 6, 9)	E-	B-	7	5
116.0	0.5	39.0	G-4	66.0	True	39.0	3.0	49.0	viio7/V	False	('A', 'C', 'E-', 'G-')	A	A	0.0	diminished seventh chord	(0, 3, 6, 9)	E-	B-	7	5
116.5	0.5	39.0	A4	69.0	True	39.0	3.0	49.0	viio7/V	False	('A', 'C', 'E-', 'G-')	A	A	0.0	diminished seventh chord	(0, 3, 6, 9)	E-	B-	7	5
116.5	0.5	39.0	G-4	66.0	True	39.0	3.0	49.0	viio7/V	False	('A', 'C', 'E-', 'G-')	A	A	0.0	diminished seventh chord	(0, 3, 6, 9)	E-	B-	7	5
116.5	0.5	39.0	C5	72.0	True	39.0	3.0	49.0	viio7/V	False	('A', 'C', 'E-', 'G-')	A	A	0.0	diminished seventh chord	(0, 3, 6, 9)	E-	B-	7	5
116.5	0.5	39.0	C6	84.0	True	39.0	3.0	49.0	viio7/V	False	('A', 'C', 'E-', 'G-')	A	A	0.0	diminished seventh chord	(0, 3, 6, 9)	E-	B-	7	5
116.5	0.5	39.0	E-4	63.0	True	39.0	3.0	49.0	viio7/V	False	('A', 'C', 'E-', 'G-')	A	A	0.0	diminished seventh chord	(0, 3, 6, 9)	E-	B-	7	5
116.5	0.5	39.0	C5	72.0	True	39.0	3.0	49.0	viio7/V	False	('A', 'C', 'E-', 'G-')	A	A	0.0	diminished seventh chord	(0, 3, 6, 9)	E-	B-	7	5
117.0	1.0	40.0	C5	72.0	True	40.0	1.5	50.0	Cad	True	('B-', 'E-', 'G')	B-	E-	2.0	major triad	(3, 7, 10)	E-	E-	1	None
117.0	1.0	40.0	C6	84.0	True	40.0	1.5	50.0	Cad	True	('B-', 'E-', 'G')	B-	E-	2.0	major triad	(3, 7, 10)	E-	E-	1	None
117.0	0.5	40.0	B-2	46.0	True	40.0	1.5	50.0	Cad	True	('B-', 'E-', 'G')	B-	E-	2.0	major triad	(3, 7, 10)	E-	E-	1	None
117.0	0.5	40.0	B-3	58.0	True	40.0	1.5	50.0	Cad	True	('B-', 'E-', 'G')	B-	E-	2.0	major triad	(3, 7, 10)	E-	E-	1	None
117.0	1.0	40.0	C5	72.0	True	40.0	1.5	50.0	Cad	True	('B-', 'E-', 'G')	B-	E-	2.0	major triad	(3, 7, 10)	E-	E-	1	None
117.5	0.5	40.0	G3	55.0	True	40.0	1.5	50.0	Cad	False	('B-', 'E-', 'G')	B-	E-	2.0	major triad	(3, 7, 10)	E-	E-	1	None
117.5	0.5	40.0	E-4	63.0	True	40.0	1.5	50.0	Cad	False	('B-', 'E-', 'G')	B-	E-	2.0	major triad	(3, 7, 10)	E-	E-	1	None
117.5	0.5	40.0	B-3	58.0	True	40.0	1.5	50.0	Cad	False	('B-', 'E-', 'G')	B-	E-	2.0	major triad	(3, 7, 10)	E-	E-	1	None
118.0	0.5	40.0	G4	67.0	True	40.0	1.5	50.0	Cad	False	('B-', 'E-', 'G')	B-	E-	2.0	major triad	(3, 7, 10)	E-	E-	1	None
118.0	0.5	40.0	B-4	70.0	True	40.0	1.5	50.0	Cad	False	('B-', 'E-', 'G')	B-	E-	2.0	major triad	(3, 7, 10)	E-	E-	1	None
118.0	0.5	40.0	B-4	70.0	True	40.0	1.5	50.0	Cad	False	('B-', 'E-', 'G')	B-	E-	2.0	major triad	(3, 7, 10)	E-	E-	1	None
118.0	0.5	40.0	B-5	82.0	True	40.0	1.5	50.0	Cad	False	('B-', 'E-', 'G')	B-	E-	2.0	major triad	(3, 7, 10)	E-	E-	1	None
118.0	0.5	40.0	B-3	58.0	True	40.0	1.5	50.0	Cad	False	('B-', 'E-', 'G')	B-	E-	2.0	major triad	(3, 7, 10)	E-	E-	1	None
118.0	0.5	40.0	E-4	63.0	True	40.0	1.5	50.0	Cad	False	('B-', 'E-', 'G')	B-	E-	2.0	major triad	(3, 7, 10)	E-	E-	1	None
118.5	1.0	40.0	F4	65.0	True	40.0	1.5	51.0	V7	True	('B-', 'D', 'F', 'A-')	B-	B-	0.0	dominant seventh chord	(2, 5, 8, 10)	E-	E-	5	None
118.5	1.0	40.0	B-3	58.0	True	40.0	1.5	51.0	V7	True	('B-', 'D', 'F', 'A-')	B-	B-	0.0	dominant seventh chord	(2, 5, 8, 10)	E-	E-	5	None
118.5	1.0	40.0	A-5	80.0	True	40.0	1.5	51.0	V7	True	('B-', 'D', 'F', 'A-')	B-	B-	0.0	dominant seventh chord	(2, 5, 8, 10)	E-	E-	5	None
118.5	1.0	40.0	D5	74.0	True	40.0	1.5	51.0	V7	True	('B-', 'D', 'F', 'A-')	B-	B-	0.0	dominant seventh chord	(2, 5, 8, 10)	E-	E-	5	None
118.5	1.0	40.0	A-4	68.0	True	40.0	1.5	51.0	V7	True	('B-', 'D', 'F', 'A-')	B-	B-	0.0	dominant seventh chord	(2, 5, 8, 10)	E-	E-	5	None
119.5	0.5	40.0	D4	62.0	True	40.0	1.5	51.0	V7	False	('B-', 'D', 'F', 'A-')	B-	B-	0.0	dominant seventh chord	(2, 5, 8, 10)	E-	E-	5	None
119.5	0.5	40.0	A-3	56.0	True	40.0	1.5	51.0	V7	False	('B-', 'D', 'F', 'A-')	B-	B-	0.0	dominant seventh chord	(2, 5, 8, 10)	E-	E-	5	None
119.5	0.5	40.0	D4	62.0	True	40.0	1.5	51.0	V7	False	('B-', 'D', 'F', 'A-')	B-	B-	0.0	dominant seventh chord	(2, 5, 8, 10)	E-	E-	5	None
119.5	0.5	40.0	B-2	46.0	True	40.0	1.5	51.0	V7	False	('B-', 'D', 'F', 'A-')	B-	B-	0.0	dominant seventh chord	(2, 5, 8, 10)	E-	E-	5	None
119.5	0.5	40.0	F3	53.0	True	40.0	1.5	51.0	V7	False	('B-', 'D', 'F', 'A-')	B-	B-	0.0	dominant seventh chord	(2, 5, 8, 10)	E-	E-	5	None
120.0	1.0	41.0	F4	65.0	True	41.0	3.0	52.0	I	True	('E-', 'G', 'B-')	E-	E-	0.0	major triad	(3, 7, 10)	E-	E-	1	None
120.0	1.5	41.0	E-2	39.0	True	41.0	3.0	52.0	I	True	('E-', 'G', 'B-')	E-	E-	0.0	major triad	(3, 7, 10)	E-	E-	1	None
120.0	1.5	41.0	E-3	51.0	True	41.0	3.0	52.0	I	True	('E-', 'G', 'B-')	E-	E-	0.0	major triad	(3, 7, 10)	E-	E-	1	None
120.5	0.5	41.0	G3	55.0	True	41.0	3.0	52.0	I	False	('E-', 'G', 'B-')	E-	E-	0.0	major triad	(3, 7, 10)	E-	E-	1	None
120.5	0.5	41.0	B-3	58.0	True	41.0	3.0	52.0	I	False	('E-', 'G', 'B-')	E-	E-	0.0	major triad	(3, 7, 10)	E-	E-	1	None
120.5	0.5	41.0	E-4	63.0	True	41.0	3.0	52.0	I	False	('E-', 'G', 'B-')	E-	E-	0.0	major triad	(3, 7, 10)	E-	E-	1	None
121.0	0.5	41.0	G4	67.0	True	41.0	3.0	52.0	I	False	('E-', 'G', 'B-')	E-	E-	0.0	major triad	(3, 7, 10)	E-	E-	1	None
121.0	0.5	41.0	E-4	63.0	True	41.0	3.0	52.0	I	False	('E-', 'G', 'B-')	E-	E-	0.0	major triad	(3, 7, 10)	E-	E-	1	None
121.0	0.5	41.0	B-3	58.0	True	41.0	3.0	52.0	I	False	('E-', 'G', 'B-')	E-	E-	0.0	major triad	(3, 7, 10)	E-	E-	1	None
121.0	0.5	41.0	E-4	63.0	True	41.0	3.0	52.0	I	False	('E-', 'G', 'B-')	E-	E-	0.0	major triad	(3, 7, 10)	E-	E-	1	None
121.5	0.5	41.0	G4	67.0	True	41.0	3.0	52.0	I	False	('E-', 'G', 'B-')	E-	E-	0.0	major triad	(3, 7, 10)	E-	E-	1	None
121.5	0.5	41.0	E-4	63.0	True	41.0	3.0	52.0	I	False	('E-', 'G', 'B-')	E-	E-	0.0	major triad	(3, 7, 10)	E-	E-	1	None
121.5	0.5	41.0	B-4	70.0	True	41.0	3.0	52.0	I	False	('E-', 'G', 'B-')	E-	E-	0.0	major triad	(3, 7, 10)	E-	E-	1	None
122.0	0.5	41.0	B-3	58.0	True	41.0	3.0	52.0	I	False	('E-', 'G', 'B-')	E-	E-	0.0	major triad	(3, 7, 10)	E-	E-	1	None
122.0	0.5	41.0	E-4	63.0	True	41.0	3.0	52.0	I	False	('E-', 'G', 'B-')	E-	E-	0.0	major triad	(3, 7, 10)	E-	E-	1	None
122.0	0.5	41.0	G4	67.0	True	41.0	3.0	52.0	I	False	('E-', 'G', 'B-')	E-	E-	0.0	major triad	(3, 7, 10)	E-	E-	1	None
122.5	0.5	41.0	E-4	63.0	True	41.0	3.0	52.0	I	False	('E-', 'G', 'B-')	E-	E-	0.0	major triad	(3, 7, 10)	E-	E-	1	None
122.5	0.5	41.0	G3	55.0	True	41.0	3.0	52.0	I	False	('E-', 'G', 'B-')	E-	E-	0.0	major triad	(3, 7, 10)	E-	E-	1	None
122.5	0.5	41.0	B-3	58.0	True	41.0	3.0	52.0	I	False	('E-', 'G', 'B-')	E-	E-	0.0	major triad	(3, 7, 10)	E-	E-	1	None
122.5	0.5	41.0	E-4	63.0	True	41.0	3.0	52.0	I	False	('E-', 'G', 'B-')	E-	E-	0.0	major triad	(3, 7, 10)	E-	E-	1	None
123.0	0.5	42.0	E-3	51.0	True	42.0	3.0	53.0	viio7/V	True	('E-', 'G-', 'A', 'C')	E-	A	2.0	diminished seventh chord	(0, 3, 6, 9)	E-	B-	7	5
123.0	3.0	42.0	E-5	75.0	True	42.0	3.0	53.0	viio7/V	True	('E-', 'G-', 'A', 'C')	E-	A	2.0	diminished seventh chord	(0, 3, 6, 9)	E-	B-	7	5
123.0	3.0	42.0	E-5	75.0	True	42.0	3.0	53.0	viio7/V	True	('E-', 'G-', 'A', 'C')	E-	A	2.0	diminished seventh chord	(0, 3, 6, 9)	E-	B-	7	5
123.0	3.0	42.0	G-5	78.0	True	42.0	3.0	53.0	viio7/V	True	('E-', 'G-', 'A', 'C')	E-	A	2.0	diminished seventh chord	(0, 3, 6, 9)	E-	B-	7	5
123.0	3.0	42.0	C6	84.0	True	42.0	3.0	53.0	viio7/V	True	('E-', 'G-', 'A', 'C')	E-	A	2.0	diminished seventh chord	(0, 3, 6, 9)	E-	B-	7	5
123.0	3.0	42.0	E-6	87.0	True	42.0	3.0	53.0	viio7/V	True	('E-', 'G-', 'A', 'C')	E-	A	2.0	diminished seventh chord	(0, 3, 6, 9)	E-	B-	7	5
123.0	0.5	42.0	E-2	39.0	True	42.0	3.0	53.0	viio7/V	True	('E-', 'G-', 'A', 'C')	E-	A	2.0	diminished seventh chord	(0, 3, 6, 9)	E-	B-	7	5
123.5	0.5	42.0	C4	60.0	True	42.0	3.0	53.0	viio7/V	False	('E-', 'G-', 'A', 'C')	E-	A	2.0	diminished seventh chord	(0, 3, 6, 9)	E-	B-	7	5
123.5	0.5	42.0	A3	57.0	True	42.0	3.0	53.0	viio7/V	False	('E-', 'G-', 'A', 'C')	E-	A	2.0	diminished seventh chord	(0, 3, 6, 9)	E-	B-	7	5
124.0	0.5	42.0	C4	60.0	True	42.0	3.0	53.0	viio7/V	False	('E-', 'G-', 'A', 'C')	E-	A	2.0	diminished seventh chord	(0, 3, 6, 9)	E-	B-	7	5
124.0	0.5	42.0	G-4	66.0	True	42.0	3.0	53.0	viio7/V	False	('E-', 'G-', 'A', 'C')	E-	A	2.0	diminished seventh chord	(0, 3, 6, 9)	E-	B-	7	5
124.5	0.5	42.0	G-4	66.0	True	42.0	3.0	53.0	viio7/V	False	('E-', 'G-', 'A', 'C')	E-	A	2.0	diminished seventh chord	(0, 3, 6, 9)	E-	B-	7	5
124.5	0.5	42.0	A4	69.0	True	42.0	3.0	53.0	viio7/V	False	('E-', 'G-', 'A', 'C')	E-	A	2.0	diminished seventh chord	(0, 3, 6, 9)	E-	B-	7	5
125.0	0.5	42.0	C4	60.0	True	42.0	3.0	53.0	viio7/V	False	('E-', 'G-', 'A', 'C')	E-	A	2.0	diminished seventh chord	(0, 3, 6, 9)	E-	B-	7	5
125.0	0.5	42.0	G-4	66.0	True	42.0	3.0	53.0	viio7/V	False	('E-', 'G-', 'A', 'C')	E-	A	2.0	diminished seventh chord	(0, 3, 6, 9)	E-	B-	7	5
125.5	0.5	42.0	A3	57.0	True	42.0	3.0	53.0	viio7/V	False	('E-', 'G-', 'A', 'C')	E-	A	2.0	diminished seventh chord	(0, 3, 6, 9)	E-	B-	7	5
125.5	0.5	42.0	C4	60.0	True	42.0	3.0	53.0	viio7/V	False	('E-', 'G-', 'A', 'C')	E-	A	2.0	diminished seventh chord	(0, 3, 6, 9)	E-	B-	7	5
126.0	1.5	43.0	E-3	51.0	True	43.0	3.0	54.0	I	True	('E-', 'G', 'B-')	E-	E-	0.0	major triad	(3, 7, 10)	E-	E-	1	None
126.0	1.5	43.0	E-2	39.0	True	43.0	3.0	54.0	I	True	('E-', 'G', 'B-')	E-	E-	0.0	major triad	(3, 7, 10)	E-	E-	1	None
126.0	0.5	43.0	B-5	82.0	True	43.0	3.0	54.0	I	True	('E-', 'G', 'B-')	E-	E-	0.0	major triad	(3, 7, 10)	E-	E-	1	None
126.0	0.5	43.0	E-5	75.0	True	43.0	3.0	54.0	I	True	('E-', 'G', 'B-')	E-	E-	0.0	major triad	(3, 7, 10)	E-	E-	1	None
126.0	1.5	43.0	B-4	70.0	True	43.0	3.0	54.0	I	True	('E-', 'G', 'B-')	E-	E-	0.0	major triad	(3, 7, 10)	E-	E-	1	None
126.0	0.5	43.0	G5	79.0	True	43.0	3.0	54.0	I	True	('E-', 'G', 'B-')	E-	E-	0.0	major triad	(3, 7, 10)	E-	E-	1	None
126.0	0.5	43.0	B-4	70.0	True	43.0	3.0	54.0	I	True	('E-', 'G', 'B-')	E-	E-	0.0	major triad	(3, 7, 10)	E-	E-	1	None
126.5	0.5	43.0	G3	55.0	True	43.0	3.0	54.0	I	False	('E-', 'G', 'B-')	E-	E-	0.0	major triad	(3, 7, 10)	E-	E-	1	None
126.5	0.5	43.0	B-3	58.0	True	43.0	3.0	54.0	I	False	('E-', 'G', 'B-')	E-	E-	0.0	major triad	(3, 7, 10)	E-	E-	1	None
127.0	0.5	43.0	E-4	63.0	True	43.0	3.0	54.0	I	False	('E-', 'G', 'B-')	E-	E-	0.0	major triad	(3, 7, 10)	E-	E-	1	None
127.0	0.5	43.0	B-3	58.0	True	43.0	3.0	54.0	I	False	('E-', 'G', 'B-')	E-	E-	0.0	major triad	(3, 7, 10)	E-	E-	1	None
127.5	0.5	43.0	G4	67.0	True	43.0	3.0	54.0	I	False	('E-', 'G', 'B-')	E-	E-	0.0	major triad	(3, 7, 10)	E-	E-	1	None
127.5	0.5	43.0	E-4	63.0	True	43.0	3.0	54.0	I	False	('E-', 'G', 'B-')	E-	E-	0.0	major triad	(3, 7, 10)	E-	E-	1	None
128.0	0.5	43.0	B-3	58.0	True	43.0	3.0	54.0	I	False	('E-', 'G', 'B-')	E-	E-	0.0	major triad	(3, 7, 10)	E-	E-	1	None
128.0	0.5	43.0	E-4	63.0	True	43.0	3.0	54.0	I	False	('E-', 'G', 'B-')	E-	E-	0.0	major triad	(3, 7, 10)	E-	E-	1	None
128.5	0.5	43.0	E-4	63.0	True	43.0	3.0	54.0	I	False	('E-', 'G', 'B-')	E-	E-	0.0	major triad	(3, 7, 10)	E-	E-	1	None
128.5	0.5	43.0	G3	55.0	True	43.0	3.0	54.0	I	False	('E-', 'G', 'B-')	E-	E-	0.0	major triad	(3, 7, 10)	E-	E-	1	None
128.5	0.5	43.0	B-3	58.0	True	43.0	3.0	54.0	I	False	('E-', 'G', 'B-')	E-	E-	0.0	major triad	(3, 7, 10)	E-	E-	1	None
129.0	3.0	44.0	B-2	46.0	True	44.0	3.0	55.0	V7	True	('B-', 'D', 'F', 'A-')	B-	B-	0.0	dominant seventh chord	(2, 5, 8, 10)	E-	E-	5	None
129.0	3.0	44.0	B-1	34.0	True	44.0	3.0	55.0	V7	True	('B-', 'D', 'F', 'A-')	B-	B-	0.0	dominant seventh chord	(2, 5, 8, 10)	E-	E-	5	None
129.0	3.0	44.0	B-3	58.0	True	44.0	3.0	55.0	V7	True	('B-', 'D', 'F', 'A-')	B-	B-	0.0	dominant seventh chord	(2, 5, 8, 10)	E-	E-	5	None
129.0	3.0	44.0	D4	62.0	True	44.0	3.0	55.0	V7	True	('B-', 'D', 'F', 'A-')	B-	B-	0.0	dominant seventh chord	(2, 5, 8, 10)	E-	E-	5	None
129.0	3.0	44.0	A-4	68.0	True	44.0	3.0	55.0	V7	True	('B-', 'D', 'F', 'A-')	B-	B-	0.0	dominant seventh chord	(2, 5, 8, 10)	E-	E-	5	None
129.0	3.0	44.0	F3	53.0	True	44.0	3.0	55.0	V7	True	('B-', 'D', 'F', 'A-')	B-	B-	0.0	dominant seventh chord	(2, 5, 8, 10)	E-	E-	5	None
132.0	1.5	45.0	G4	67.0	True	45.0	3.0	56.0	I	True	('E-', 'G', 'B-')	E-	E-	0.0	major triad	(3, 7, 10)	E-	E-	1	None
132.0	1.5	45.0	E-2	39.0	True	45.0	3.0	56.0	I	True	('E-', 'G', 'B-')	E-	E-	0.0	major triad	(3, 7, 10)	E-	E-	1	None
132.0	1.5	45.0	E-3	51.0	True	45.0	3.0	56.0	I	True	('E-', 'G', 'B-')	E-	E-	0.0	major triad	(3, 7, 10)	E-	E-	1	None
132.5	0.5	45.0	G3	55.0	True	45.0	3.0	56.0	I	False	('E-', 'G', 'B-')	E-	E-	0.0	major triad	(3, 7, 10)	E-	E-	1	None
132.5	0.5	45.0	B-3	58.0	True	45.0	3.0	56.0	I	False	('E-', 'G', 'B-')	E-	E-	0.0	major triad	(3, 7, 10)	E-	E-	1	None
132.5	0.5	45.0	E-4	63.0	True	45.0	3.0	56.0	I	False	('E-', 'G', 'B-')	E-	E-	0.0	major triad	(3, 7, 10)	E-	E-	1	None
133.0	0.5	45.0	G4	67.0	True	45.0	3.0	56.0	I	False	('E-', 'G', 'B-')	E-	E-	0.0	major triad	(3, 7, 10)	E-	E-	1	None
133.0	0.5	45.0	E-4	63.0	True	45.0	3.0	56.0	I	False	('E-', 'G', 'B-')	E-	E-	0.0	major triad	(3, 7, 10)	E-	E-	1	None
133.0	0.5	45.0	B-3	58.0	True	45.0	3.0	56.0	I	False	('E-', 'G', 'B-')	E-	E-	0.0	major triad	(3, 7, 10)	E-	E-	1	None
133.5	0.5	45.0	E-4	63.0	True	45.0	3.0	56.0	I	False	('E-', 'G', 'B-')	E-	E-	0.0	major triad	(3, 7, 10)	E-	E-	1	None
133.5	0.5	45.0	G4	67.0	True	45.0	3.0	56.0	I	False	('E-', 'G', 'B-')	E-	E-	0.0	major triad	(3, 7, 10)	E-	E-	1	None
133.5	0.5	45.0	B-4	70.0	True	45.0	3.0	56.0	I	False	('E-', 'G', 'B-')	E-	E-	0.0	major triad	(3, 7, 10)	E-	E-	1	None
134.0	0.5	45.0	B-3	58.0	True	45.0	3.0	56.0	I	False	('E-', 'G', 'B-')	E-	E-	0.0	major triad	(3, 7, 10)	E-	E-	1	None
134.0	0.5	45.0	E-4	63.0	True	45.0	3.0	56.0	I	False	('E-', 'G', 'B-')	E-	E-	0.0	major triad	(3, 7, 10)	E-	E-	1	None
134.0	0.5	45.0	G4	67.0	True	45.0	3.0	56.0	I	False	('E-', 'G', 'B-')	E-	E-	0.0	major triad	(3, 7, 10)	E-	E-	1	None
134.5	0.5	45.0	E-4	63.0	True	45.0	3.0	56.0	I	False	('E-', 'G', 'B-')	E-	E-	0.0	major triad	(3, 7, 10)	E-	E-	1	None
134.5	0.5	45.0	B-3	58.0	True	45.0	3.0	56.0	I	False	('E-', 'G', 'B-')	E-	E-	0.0	major triad	(3, 7, 10)	E-	E-	1	None
134.5	0.5	45.0	G3	55.0	True	45.0	3.0	56.0	I	False	('E-', 'G', 'B-')	E-	E-	0.0	major triad	(3, 7, 10)	E-	E-	1	None
135.0	0.5	46.0	G4	67.0	True	45.0	3.0	56.0	I	False	('E-', 'G', 'B-')	E-	E-	0.0	major triad	(3, 7, 10)	E-	E-	1	None
135.0	1.5	46.0	E-3	51.0	True	45.0	3.0	56.0	I	False	('E-', 'G', 'B-')	E-	E-	0.0	major triad	(3, 7, 10)	E-	E-	1	None
135.0	0.5	46.0	E-5	75.0	True	45.0	3.0	56.0	I	False	('E-', 'G', 'B-')	E-	E-	0.0	major triad	(3, 7, 10)	E-	E-	1	None
135.0	0.5	46.0	B-4	70.0	True	45.0	3.0	56.0	I	False	('E-', 'G', 'B-')	E-	E-	0.0	major triad	(3, 7, 10)	E-	E-	1	None
135.0	1.5	46.0	E-2	39.0	True	45.0	3.0	56.0	I	False	('E-', 'G', 'B-')	E-	E-	0.0	major triad	(3, 7, 10)	E-	E-	1	None
135.5	0.5	46.0	E-4	63.0	True	45.0	3.0	56.0	I	False	('E-', 'G', 'B-')	E-	E-	0.0	major triad	(3, 7, 10)	E-	E-	1	None
135.5	0.5	46.0	G4	67.0	True	45.0	3.0	56.0	I	False	('E-', 'G', 'B-')	E-	E-	0.0	major triad	(3, 7, 10)	E-	E-	1	None
135.5	0.5	46.0	B-4	70.0	True	45.0	3.0	56.0	I	False	('E-', 'G', 'B-')	E-	E-	0.0	major triad	(3, 7, 10)	E-	E-	1	None
136.0	0.5	46.0	G4	67.0	True	45.0	3.0	56.0	I	False	('E-', 'G', 'B-')	E-	E-	0.0	major triad	(3, 7, 10)	E-	E-	1	None
136.0	0.5	46.0	B-4	70.0	True	45.0	3.0	56.0	I	False	('E-', 'G', 'B-')	E-	E-	0.0	major triad	(3, 7, 10)	E-	E-	1	None
136.0	0.5	46.0	E-5	75.0	True	45.0	3.0	56.0	I	False	('E-', 'G', 'B-')	E-	E-	0.0	major triad	(3, 7, 10)	E-	E-	1	None
136.5	0.5	46.0	G5	79.0	True	45.0	3.0	56.0	I	False	('E-', 'G', 'B-')	E-	E-	0.0	major triad	(3, 7, 10)	E-	E-	1	None
136.5	0.5	46.0	E-5	75.0	True	45.0	3.0	56.0	I	False	('E-', 'G', 'B-')	E-	E-	0.0	major triad	(3, 7, 10)	E-	E-	1	None
136.5	0.5	46.0	B-4	70.0	True	45.0	3.0	56.0	I	False	('E-', 'G', 'B-')	E-	E-	0.0	major triad	(3, 7, 10)	E-	E-	1	None
137.0	0.5	46.0	B-4	70.0	True	45.0	3.0	56.0	I	False	('E-', 'G', 'B-')	E-	E-	0.0	major triad	(3, 7, 10)	E-	E-	1	None
137.0	0.5	46.0	E-5	75.0	True	45.0	3.0	56.0	I	False	('E-', 'G', 'B-')	E-	E-	0.0	major triad	(3, 7, 10)	E-	E-	1	None
137.0	0.5	46.0	G4	67.0	True	45.0	3.0	56.0	I	False	('E-', 'G', 'B-')	E-	E-	0.0	major triad	(3, 7, 10)	E-	E-	1	None
137.5	0.5	46.0	E-4	63.0	True	45.0	3.0	56.0	I	False	('E-', 'G', 'B-')	E-	E-	0.0	major triad	(3, 7, 10)	E-	E-	1	None
137.5	0.5	46.0	G4	67.0	True	45.0	3.0	56.0	I	False	('E-', 'G', 'B-')	E-	E-	0.0	major triad	(3, 7, 10)	E-	E-	1	None
137.5	0.5	46.0	B-4	70.0	True	45.0	3.0	56.0	I	False	('E-', 'G', 'B-')	E-	E-	0.0	major triad	(3, 7, 10)	E-	E-	1	None
138.0	3.0	47.0	G5	79.0	True	45.0	3.0	56.0	I	False	('E-', 'G', 'B-')	E-	E-	0.0	major triad	(3, 7, 10)	E-	E-	1	None
138.0	3.0	47.0	B-5	82.0	True	45.0	3.0	56.0	I	False	('E-', 'G', 'B-')	E-	E-	0.0	major triad	(3, 7, 10)	E-	E-	1	None
138.0	3.0	47.0	G6	91.0	True	45.0	3.0	56.0	I	False	('E-', 'G', 'B-')	E-	E-	0.0	major triad	(3, 7, 10)	E-	E-	1	None
138.0	3.0	47.0	E-1	27.0	True	45.0	3.0	56.0	I	False	('E-', 'G', 'B-')	E-	E-	0.0	major triad	(3, 7, 10)	E-	E-	1	None
138.0	3.0	47.0	E-2	39.0	True	45.0	3.0	56.0	I	False	('E-', 'G', 'B-')	E-	E-	0.0	major triad	(3, 7, 10)	E-	E-	1	None
