j_offset	s_offset_frac	s_duration	s_duration_frac	s_measure	s_note	s_midi	s_isOnset	s_part_id	s_voice_id	a_measure	a_duration	a_annotationNumber	a_romanNumeral	a_isOnset	a_pitchNames	a_bass	a_root	a_inversion	a_quality	a_pcset	a_localKey	a_tonicizedKey	a_degree1	a_degree2
0.0	0	1.0	1	1	E-4	63	True	P3-Staff2	1	1.0	1.5	0.0	I	True	('A-', 'C', 'E-')	A-	A-	0.0	major triad	(0, 3, 8)	A-	A-	1	None
0.0	0	1.0	1	1	A-4	68	True	P3-Staff2	1	1.0	1.5	0.0	I	True	('A-', 'C', 'E-')	A-	A-	0.0	major triad	(0, 3, 8)	A-	A-	1	None
0.0	0	1.0	1	1	C5	72	True	P3-Staff2	1	1.0	1.5	0.0	I	True	('A-', 'C', 'E-')	A-	A-	0.0	major triad	(0, 3, 8)	A-	A-	1	None
0.0	0	1.5	3/2	1	A-2	44	True	P3-Staff2	6	1.0	1.5	0.0	I	True	('A-', 'C', 'E-')	A-	A-	0.0	major triad	(0, 3, 8)	A-	A-	1	None
0.5	1/2	0.5	1/2	1	A-3	56	True	P3-Staff2	5	1.0	1.5	0.0	I	False	('A-', 'C', 'E-')	A-	A-	0.0	major triad	(0, 3, 8)	A-	A-	1	None
1.0	1	0.5	1/2	1	A-4	68	True	P3-Staff2	1	1.0	1.5	0.0	I	False	('A-', 'C', 'E-')	A-	A-	0.0	major triad	(0, 3, 8)	A-	A-	1	None
1.0	1	0.5	1/2	1	C5	72	True	P3-Staff2	1	1.0	1.5	0.0	I	False	('A-', 'C', 'E-')	A-	A-	0.0	major triad	(0, 3, 8)	A-	A-	1	None
1.0	1	0.5	1/2	1	E-5	75	True	P3-Staff2	1	1.0	1.5	0.0	I	False	('A-', 'C', 'E-')	A-	A-	0.0	major triad	(0, 3, 8)	A-	A-	1	None
1.0	1	0.5	1/2	1	E-3	51	True	P3-Staff2	5	1.0	1.5	0.0	I	False	('A-', 'C', 'E-')	A-	A-	0.0	major triad	(0, 3, 8)	A-	A-	1	None
1.5	3/2	1.0	1	2	E-4	63	True	P3-Staff2	1	2.0	1.5	1.0	I	True	('A-', 'C', 'E-')	A-	A-	0.0	major triad	(0, 3, 8)	A-	A-	1	None
1.5	3/2	1.0	1	2	A-4	68	True	P3-Staff2	1	2.0	1.5	1.0	I	True	('A-', 'C', 'E-')	A-	A-	0.0	major triad	(0, 3, 8)	A-	A-	1	None
1.5	3/2	1.0	1	2	C5	72	True	P3-Staff2	1	2.0	1.5	1.0	I	True	('A-', 'C', 'E-')	A-	A-	0.0	major triad	(0, 3, 8)	A-	A-	1	None
1.5	3/2	1.5	3/2	2	A-2	44	True	P3-Staff2	6	2.0	1.5	1.0	I	True	('A-', 'C', 'E-')	A-	A-	0.0	major triad	(0, 3, 8)	A-	A-	1	None
2.0	2	0.5	1/2	2	A-3	56	True	P3-Staff2	5	2.0	1.5	1.0	I	False	('A-', 'C', 'E-')	A-	A-	0.0	major triad	(0, 3, 8)	A-	A-	1	None
2.5	5/2	0.5	1/2	2	A-4	68	True	P3-Staff2	1	2.0	1.5	1.0	I	False	('A-', 'C', 'E-')	A-	A-	0.0	major triad	(0, 3, 8)	A-	A-	1	None
2.5	5/2	0.5	1/2	2	C5	72	True	P3-Staff2	1	2.0	1.5	1.0	I	False	('A-', 'C', 'E-')	A-	A-	0.0	major triad	(0, 3, 8)	A-	A-	1	None
2.5	5/2	0.5	1/2	2	E-5	75	True	P3-Staff2	1	2.0	1.5	1.0	I	False	('A-', 'C', 'E-')	A-	A-	0.0	major triad	(0, 3, 8)	A-	A-	1	None
2.5	5/2	0.5	1/2	2	E-3	51	True	P3-Staff2	5	2.0	1.5	1.0	I	False	('A-', 'C', 'E-')	A-	A-	0.0	major triad	(0, 3, 8)	A-	A-	1	None
3.0	3	1.0	1	3	C5	72	True	P3-Staff2	1	3.0	1.5	2.0	I	True	('A-', 'C', 'E-')	A-	A-	0.0	major triad	(0, 3, 8)	A-	A-	1	None
3.0	3	1.0	1	3	A-4	68	True	P3-Staff2	1	3.0	1.5	2.0	I	True	('A-', 'C', 'E-')	A-	A-	0.0	major triad	(0, 3, 8)	A-	A-	1	None
3.0	3	1.0	1	3	E-4	63	True	P3-Staff2	1	3.0	1.5	2.0	I	True	('A-', 'C', 'E-')	A-	A-	0.0	major triad	(0, 3, 8)	A-	A-	1	None
3.0	3	1.0	1	3	A-4	68	True	P3-Staff2	1	3.0	1.5	2.0	I	True	('A-', 'C', 'E-')	A-	A-	0.0	major triad	(0, 3, 8)	A-	A-	1	None
3.0	3	1.0	1	3	C5	72	True	P3-Staff2	1	3.0	1.5	2.0	I	True	('A-', 'C', 'E-')	A-	A-	0.0	major triad	(0, 3, 8)	A-	A-	1	None
3.0	3	1.5	3/2	3	A-2	44	True	P3-Staff2	6	3.0	1.5	2.0	I	True	('A-', 'C', 'E-')	A-	A-	0.0	major triad	(0, 3, 8)	A-	A-	1	None
3.5	7/2	0.5	1/2	3	A-3	56	True	P3-Staff2	5	3.0	1.5	2.0	I	False	('A-', 'C', 'E-')	A-	A-	0.0	major triad	(0, 3, 8)	A-	A-	1	None
4.0	4	0.5	1/2	3	E-5	75	True	P3-Staff2	1	3.0	1.5	2.0	I	False	('A-', 'C', 'E-')	A-	A-	0.0	major triad	(0, 3, 8)	A-	A-	1	None
4.0	4	0.5	1/2	3	E-4	63	True	P3-Staff2	1	3.0	1.5	2.0	I	False	('A-', 'C', 'E-')	A-	A-	0.0	major triad	(0, 3, 8)	A-	A-	1	None
4.0	4	0.5	1/2	3	G4	67	True	P3-Staff2	1	3.0	1.5	2.0	I	False	('A-', 'C', 'E-')	A-	A-	0.0	major triad	(0, 3, 8)	A-	A-	1	None
4.0	4	0.5	1/2	3	B-4	70	True	P3-Staff2	1	3.0	1.5	2.0	I	False	('A-', 'C', 'E-')	A-	A-	0.0	major triad	(0, 3, 8)	A-	A-	1	None
4.0	4	0.5	1/2	3	E-5	75	True	P3-Staff2	1	3.0	1.5	2.0	I	False	('A-', 'C', 'E-')	A-	A-	0.0	major triad	(0, 3, 8)	A-	A-	1	None
4.0	4	0.5	1/2	3	E-3	51	True	P3-Staff2	5	3.0	1.5	2.0	I	False	('A-', 'C', 'E-')	A-	A-	0.0	major triad	(0, 3, 8)	A-	A-	1	None
4.5	9/2	0.75	3/4	4	D-5	73	True	P3-Staff2	1	4.0	1.0	3.0	viiø7	True	('B-', 'D-', 'F', 'G')	B-	G	1.0	half-diminished seventh chord	(1, 5, 7, 10)	A-	A-	7	None
4.5	9/2	1.0	1	4	F4	65	True	P3-Staff2	1	4.0	1.0	3.0	viiø7	True	('B-', 'D-', 'F', 'G')	B-	G	1.0	half-diminished seventh chord	(1, 5, 7, 10)	A-	A-	7	None
4.5	9/2	0.75	3/4	4	F4	65	True	P3-Staff2	1	4.0	1.0	3.0	viiø7	True	('B-', 'D-', 'F', 'G')	B-	G	1.0	half-diminished seventh chord	(1, 5, 7, 10)	A-	A-	7	None
4.5	9/2	0.75	3/4	4	D-5	73	True	P3-Staff2	1	4.0	1.0	3.0	viiø7	True	('B-', 'D-', 'F', 'G')	B-	G	1.0	half-diminished seventh chord	(1, 5, 7, 10)	A-	A-	7	None
4.5	9/2	1.5	3/2	4	G4	67	True	P3-Staff2	2	4.0	1.0	3.0	viiø7	True	('B-', 'D-', 'F', 'G')	B-	G	1.0	half-diminished seventh chord	(1, 5, 7, 10)	A-	A-	7	None
4.5	9/2	1.5	3/2	4	A-2	44	True	P3-Staff2	6	4.0	1.0	3.0	viiø7	True	('B-', 'D-', 'F', 'G')	B-	G	1.0	half-diminished seventh chord	(1, 5, 7, 10)	A-	A-	7	None
5.0	5	0.5	1/2	4	B-3	58	True	P3-Staff2	5	4.0	1.0	3.0	viiø7	False	('B-', 'D-', 'F', 'G')	B-	G	1.0	half-diminished seventh chord	(1, 5, 7, 10)	A-	A-	7	None
5.25	21/4	0.25	1/4	4	C5	72	True	P3-Staff2	1	4.0	1.0	3.0	viiø7	False	('B-', 'D-', 'F', 'G')	B-	G	1.0	half-diminished seventh chord	(1, 5, 7, 10)	A-	A-	7	None
5.25	21/4	0.25	1/4	4	E-4	63	True	P3-Staff2	1	4.0	1.0	3.0	viiø7	False	('B-', 'D-', 'F', 'G')	B-	G	1.0	half-diminished seventh chord	(1, 5, 7, 10)	A-	A-	7	None
5.25	21/4	0.25	1/4	4	C5	72	True	P3-Staff2	1	4.0	1.0	3.0	viiø7	False	('B-', 'D-', 'F', 'G')	B-	G	1.0	half-diminished seventh chord	(1, 5, 7, 10)	A-	A-	7	None
5.5	11/2	0.5	1/2	4	B-4	70	True	P3-Staff2	1	4.0	0.5	4.0	V7	True	('E-', 'G', 'B-', 'D-')	E-	E-	0.0	dominant seventh chord	(1, 3, 7, 10)	A-	A-	5	None
5.5	11/2	0.5	1/2	4	G4	67	True	P3-Staff2	1	4.0	0.5	4.0	V7	True	('E-', 'G', 'B-', 'D-')	E-	E-	0.0	dominant seventh chord	(1, 3, 7, 10)	A-	A-	5	None
5.5	11/2	0.5	1/2	4	D-4	61	True	P3-Staff2	1	4.0	0.5	4.0	V7	True	('E-', 'G', 'B-', 'D-')	E-	E-	0.0	dominant seventh chord	(1, 3, 7, 10)	A-	A-	5	None
5.5	11/2	0.5	1/2	4	B-4	70	True	P3-Staff2	1	4.0	0.5	4.0	V7	True	('E-', 'G', 'B-', 'D-')	E-	E-	0.0	dominant seventh chord	(1, 3, 7, 10)	A-	A-	5	None
5.5	11/2	0.5	1/2	4	E-3	51	True	P3-Staff2	5	4.0	0.5	4.0	V7	True	('E-', 'G', 'B-', 'D-')	E-	E-	0.0	dominant seventh chord	(1, 3, 7, 10)	A-	A-	5	None
6.0	6	1.0	1	5	C5	72	True	P3-Staff2	1	5.0	1.5	5.0	I	True	('A-', 'C', 'E-')	A-	A-	0.0	major triad	(0, 3, 8)	A-	A-	1	None
6.0	6	1.0	1	5	A-4	68	True	P3-Staff2	1	5.0	1.5	5.0	I	True	('A-', 'C', 'E-')	A-	A-	0.0	major triad	(0, 3, 8)	A-	A-	1	None
6.0	6	1.0	1	5	E-4	63	True	P3-Staff2	1	5.0	1.5	5.0	I	True	('A-', 'C', 'E-')	A-	A-	0.0	major triad	(0, 3, 8)	A-	A-	1	None
6.0	6	1.0	1	5	A-4	68	True	P3-Staff2	1	5.0	1.5	5.0	I	True	('A-', 'C', 'E-')	A-	A-	0.0	major triad	(0, 3, 8)	A-	A-	1	None
6.0	6	1.0	1	5	C5	72	True	P3-Staff2	1	5.0	1.5	5.0	I	True	('A-', 'C', 'E-')	A-	A-	0.0	major triad	(0, 3, 8)	A-	A-	1	None
6.0	6	1.5	3/2	5	A-2	44	True	P3-Staff2	6	5.0	1.5	5.0	I	True	('A-', 'C', 'E-')	A-	A-	0.0	major triad	(0, 3, 8)	A-	A-	1	None
6.5	13/2	0.5	1/2	5	A-3	56	True	P3-Staff2	5	5.0	1.5	5.0	I	False	('A-', 'C', 'E-')	A-	A-	0.0	major triad	(0, 3, 8)	A-	A-	1	None
7.0	7	0.5	1/2	5	E-5	75	True	P3-Staff2	1	5.0	1.5	5.0	I	False	('A-', 'C', 'E-')	A-	A-	0.0	major triad	(0, 3, 8)	A-	A-	1	None
7.0	7	0.5	1/2	5	E-4	63	True	P3-Staff2	1	5.0	1.5	5.0	I	False	('A-', 'C', 'E-')	A-	A-	0.0	major triad	(0, 3, 8)	A-	A-	1	None
7.0	7	0.5	1/2	5	G4	67	True	P3-Staff2	1	5.0	1.5	5.0	I	False	('A-', 'C', 'E-')	A-	A-	0.0	major triad	(0, 3, 8)	A-	A-	1	None
7.0	7	0.5	1/2	5	B-4	70	True	P3-Staff2	1	5.0	1.5	5.0	I	False	('A-', 'C', 'E-')	A-	A-	0.0	major triad	(0, 3, 8)	A-	A-	1	None
7.0	7	0.5	1/2	5	E-5	75	True	P3-Staff2	1	5.0	1.5	5.0	I	False	('A-', 'C', 'E-')	A-	A-	0.0	major triad	(0, 3, 8)	A-	A-	1	None
7.0	7	0.5	1/2	5	E-3	51	True	P3-Staff2	5	5.0	1.5	5.0	I	False	('A-', 'C', 'E-')	A-	A-	0.0	major triad	(0, 3, 8)	A-	A-	1	None
7.5	15/2	0.75	3/4	6	D-5	73	True	P3-Staff2	1	6.0	1.0	6.0	viiø7	True	('B-', 'D-', 'F', 'G')	B-	G	1.0	half-diminished seventh chord	(1, 5, 7, 10)	A-	A-	7	None
7.5	15/2	1.0	1	6	F4	65	True	P3-Staff2	1	6.0	1.0	6.0	viiø7	True	('B-', 'D-', 'F', 'G')	B-	G	1.0	half-diminished seventh chord	(1, 5, 7, 10)	A-	A-	7	None
7.5	15/2	0.75	3/4	6	F4	65	True	P3-Staff2	1	6.0	1.0	6.0	viiø7	True	('B-', 'D-', 'F', 'G')	B-	G	1.0	half-diminished seventh chord	(1, 5, 7, 10)	A-	A-	7	None
7.5	15/2	0.75	3/4	6	D-5	73	True	P3-Staff2	1	6.0	1.0	6.0	viiø7	True	('B-', 'D-', 'F', 'G')	B-	G	1.0	half-diminished seventh chord	(1, 5, 7, 10)	A-	A-	7	None
7.5	15/2	1.5	3/2	6	G4	67	True	P3-Staff2	2	6.0	1.0	6.0	viiø7	True	('B-', 'D-', 'F', 'G')	B-	G	1.0	half-diminished seventh chord	(1, 5, 7, 10)	A-	A-	7	None
7.5	15/2	1.5	3/2	6	A-2	44	True	P3-Staff2	6	6.0	1.0	6.0	viiø7	True	('B-', 'D-', 'F', 'G')	B-	G	1.0	half-diminished seventh chord	(1, 5, 7, 10)	A-	A-	7	None
8.0	8	0.5	1/2	6	B-3	58	True	P3-Staff2	5	6.0	1.0	6.0	viiø7	False	('B-', 'D-', 'F', 'G')	B-	G	1.0	half-diminished seventh chord	(1, 5, 7, 10)	A-	A-	7	None
8.25	33/4	0.25	1/4	6	C5	72	True	P3-Staff2	1	6.0	1.0	6.0	viiø7	False	('B-', 'D-', 'F', 'G')	B-	G	1.0	half-diminished seventh chord	(1, 5, 7, 10)	A-	A-	7	None
8.25	33/4	0.25	1/4	6	E-4	63	True	P3-Staff2	1	6.0	1.0	6.0	viiø7	False	('B-', 'D-', 'F', 'G')	B-	G	1.0	half-diminished seventh chord	(1, 5, 7, 10)	A-	A-	7	None
8.25	33/4	0.25	1/4	6	C5	72	True	P3-Staff2	1	6.0	1.0	6.0	viiø7	False	('B-', 'D-', 'F', 'G')	B-	G	1.0	half-diminished seventh chord	(1, 5, 7, 10)	A-	A-	7	None
8.5	17/2	0.5	1/2	6	B-4	70	True	P3-Staff2	1	6.0	0.5	7.0	V7	True	('E-', 'G', 'B-', 'D-')	E-	E-	0.0	dominant seventh chord	(1, 3, 7, 10)	A-	A-	5	None
8.5	17/2	0.5	1/2	6	G4	67	True	P3-Staff2	1	6.0	0.5	7.0	V7	True	('E-', 'G', 'B-', 'D-')	E-	E-	0.0	dominant seventh chord	(1, 3, 7, 10)	A-	A-	5	None
8.5	17/2	0.5	1/2	6	D-4	61	True	P3-Staff2	1	6.0	0.5	7.0	V7	True	('E-', 'G', 'B-', 'D-')	E-	E-	0.0	dominant seventh chord	(1, 3, 7, 10)	A-	A-	5	None
8.5	17/2	0.5	1/2	6	B-4	70	True	P3-Staff2	1	6.0	0.5	7.0	V7	True	('E-', 'G', 'B-', 'D-')	E-	E-	0.0	dominant seventh chord	(1, 3, 7, 10)	A-	A-	5	None
8.5	17/2	0.5	1/2	6	E-3	51	True	P3-Staff2	5	6.0	0.5	7.0	V7	True	('E-', 'G', 'B-', 'D-')	E-	E-	0.0	dominant seventh chord	(1, 3, 7, 10)	A-	A-	5	None
9.0	9	0.5	1/2	7	C5	72	True	P3-Staff2	1	7.0	1.5	8.0	I	True	('A-', 'C', 'E-')	A-	A-	0.0	major triad	(0, 3, 8)	A-	A-	1	None
9.0	9	0.5	1/2	7	E-4	63	True	P3-Staff2	1	7.0	1.5	8.0	I	True	('A-', 'C', 'E-')	A-	A-	0.0	major triad	(0, 3, 8)	A-	A-	1	None
9.0	9	0.5	1/2	7	E-4	63	True	P3-Staff2	1	7.0	1.5	8.0	I	True	('A-', 'C', 'E-')	A-	A-	0.0	major triad	(0, 3, 8)	A-	A-	1	None
9.0	9	0.5	1/2	7	A-4	68	True	P3-Staff2	1	7.0	1.5	8.0	I	True	('A-', 'C', 'E-')	A-	A-	0.0	major triad	(0, 3, 8)	A-	A-	1	None
9.0	9	0.5	1/2	7	C5	72	True	P3-Staff2	1	7.0	1.5	8.0	I	True	('A-', 'C', 'E-')	A-	A-	0.0	major triad	(0, 3, 8)	A-	A-	1	None
9.0	9	1.5	3/2	7	A-2	44	True	P3-Staff2	6	7.0	1.5	8.0	I	True	('A-', 'C', 'E-')	A-	A-	0.0	major triad	(0, 3, 8)	A-	A-	1	None
9.5	19/2	1.0	1	7	A-4	68	True	P3-Staff2	1	7.0	1.5	8.0	I	False	('A-', 'C', 'E-')	A-	A-	0.0	major triad	(0, 3, 8)	A-	A-	1	None
9.5	19/2	0.5	1/2	7	A-4	68	True	P3-Staff2	1	7.0	1.5	8.0	I	False	('A-', 'C', 'E-')	A-	A-	0.0	major triad	(0, 3, 8)	A-	A-	1	None
9.5	19/2	1.0	1	7	C4	60	True	P3-Staff2	1	7.0	1.5	8.0	I	False	('A-', 'C', 'E-')	A-	A-	0.0	major triad	(0, 3, 8)	A-	A-	1	None
9.5	19/2	1.0	1	7	E-4	63	True	P3-Staff2	1	7.0	1.5	8.0	I	False	('A-', 'C', 'E-')	A-	A-	0.0	major triad	(0, 3, 8)	A-	A-	1	None
9.5	19/2	1.0	1	7	A-4	68	True	P3-Staff2	1	7.0	1.5	8.0	I	False	('A-', 'C', 'E-')	A-	A-	0.0	major triad	(0, 3, 8)	A-	A-	1	None
9.5	19/2	0.5	1/2	7	A-3	56	True	P3-Staff2	5	7.0	1.5	8.0	I	False	('A-', 'C', 'E-')	A-	A-	0.0	major triad	(0, 3, 8)	A-	A-	1	None
10.0	10	0.5	1/2	7	E-4	63	True	P3-Staff2	1	7.0	1.5	8.0	I	False	('A-', 'C', 'E-')	A-	A-	0.0	major triad	(0, 3, 8)	A-	A-	1	None
10.0	10	0.5	1/2	7	E-3	51	True	P3-Staff2	5	7.0	1.5	8.0	I	False	('A-', 'C', 'E-')	A-	A-	0.0	major triad	(0, 3, 8)	A-	A-	1	None
10.5	21/2	1.0	1	8	F4	65	True	P3-Staff2	1	8.0	1.0	9.0	viio7/V	True	('A-', 'C-', 'D', 'F')	A-	D	2.0	diminished seventh chord	(2, 5, 8, 11)	A-	E-	7	5
10.5	21/2	1.0	1	8	D4	62	True	P3-Staff2	1	8.0	1.0	9.0	viio7/V	True	('A-', 'C-', 'D', 'F')	A-	D	2.0	diminished seventh chord	(2, 5, 8, 11)	A-	E-	7	5
10.5	21/2	1.0	1	8	C-4	59	True	P3-Staff2	1	8.0	1.0	9.0	viio7/V	True	('A-', 'C-', 'D', 'F')	A-	D	2.0	diminished seventh chord	(2, 5, 8, 11)	A-	E-	7	5
10.5	21/2	1.0	1	8	D4	62	True	P3-Staff2	1	8.0	1.0	9.0	viio7/V	True	('A-', 'C-', 'D', 'F')	A-	D	2.0	diminished seventh chord	(2, 5, 8, 11)	A-	E-	7	5
10.5	21/2	1.0	1	8	F4	65	True	P3-Staff2	1	8.0	1.0	9.0	viio7/V	True	('A-', 'C-', 'D', 'F')	A-	D	2.0	diminished seventh chord	(2, 5, 8, 11)	A-	E-	7	5
10.5	21/2	1.5	3/2	8	A-2	44	True	P3-Staff2	6	8.0	1.0	9.0	viio7/V	True	('A-', 'C-', 'D', 'F')	A-	D	2.0	diminished seventh chord	(2, 5, 8, 11)	A-	E-	7	5
11.0	11	0.5	1/2	8	A-3	56	True	P3-Staff2	5	8.0	1.0	9.0	viio7/V	False	('A-', 'C-', 'D', 'F')	A-	D	2.0	diminished seventh chord	(2, 5, 8, 11)	A-	E-	7	5
11.5	23/2	0.5	1/2	8	E-4	63	True	P3-Staff2	1	8.0	0.5	10.0	V7	True	('E-', 'G', 'B-', 'D-')	E-	E-	0.0	dominant seventh chord	(1, 3, 7, 10)	A-	A-	5	None
11.5	23/2	0.5	1/2	8	D-4	61	True	P3-Staff2	1	8.0	0.5	10.0	V7	True	('E-', 'G', 'B-', 'D-')	E-	E-	0.0	dominant seventh chord	(1, 3, 7, 10)	A-	A-	5	None
11.5	23/2	0.5	1/2	8	B-3	58	True	P3-Staff2	1	8.0	0.5	10.0	V7	True	('E-', 'G', 'B-', 'D-')	E-	E-	0.0	dominant seventh chord	(1, 3, 7, 10)	A-	A-	5	None
11.5	23/2	0.5	1/2	8	D-4	61	True	P3-Staff2	1	8.0	0.5	10.0	V7	True	('E-', 'G', 'B-', 'D-')	E-	E-	0.0	dominant seventh chord	(1, 3, 7, 10)	A-	A-	5	None
11.5	23/2	0.5	1/2	8	E-4	63	True	P3-Staff2	1	8.0	0.5	10.0	V7	True	('E-', 'G', 'B-', 'D-')	E-	E-	0.0	dominant seventh chord	(1, 3, 7, 10)	A-	A-	5	None
11.5	23/2	0.5	1/2	8	E-3	51	True	P3-Staff2	5	8.0	0.5	10.0	V7	True	('E-', 'G', 'B-', 'D-')	E-	E-	0.0	dominant seventh chord	(1, 3, 7, 10)	A-	A-	5	None
12.0	12	1.5	3/2	9	A-4	68	True	P3-Staff2	1	9.0	1.5	11.0	I	True	('A-', 'C', 'E-')	A-	A-	0.0	major triad	(0, 3, 8)	A-	A-	1	None
12.0	12	1.5	3/2	9	C4	60	True	P3-Staff2	1	9.0	1.5	11.0	I	True	('A-', 'C', 'E-')	A-	A-	0.0	major triad	(0, 3, 8)	A-	A-	1	None
12.0	12	1.5	3/2	9	A-4	68	True	P3-Staff2	1	9.0	1.5	11.0	I	True	('A-', 'C', 'E-')	A-	A-	0.0	major triad	(0, 3, 8)	A-	A-	1	None
12.0	12	1.0	1	9	C4	60	True	P3-Staff2	2	9.0	1.5	11.0	I	True	('A-', 'C', 'E-')	A-	A-	0.0	major triad	(0, 3, 8)	A-	A-	1	None
12.0	12	1.5	3/2	9	A-2	44	True	P3-Staff2	6	9.0	1.5	11.0	I	True	('A-', 'C', 'E-')	A-	A-	0.0	major triad	(0, 3, 8)	A-	A-	1	None
12.5	25/2	0.5	1/2	9	A-3	56	True	P3-Staff2	5	9.0	1.5	11.0	I	False	('A-', 'C', 'E-')	A-	A-	0.0	major triad	(0, 3, 8)	A-	A-	1	None
13.0	13	0.5	1/2	9	E-4	63	True	P3-Staff2	2	9.0	1.5	11.0	I	False	('A-', 'C', 'E-')	A-	A-	0.0	major triad	(0, 3, 8)	A-	A-	1	None
13.0	13	0.5	1/2	9	E-3	51	True	P3-Staff2	5	9.0	1.5	11.0	I	False	('A-', 'C', 'E-')	A-	A-	0.0	major triad	(0, 3, 8)	A-	A-	1	None
13.5	27/2	1.0	1	10	A-4	68	False	P3-Staff2	1	10.0	1.5	12.0	I	True	('A-', 'C', 'E-')	A-	A-	0.0	major triad	(0, 3, 8)	A-	A-	1	None
13.5	27/2	1.0	1	10	C4	60	False	P3-Staff2	1	10.0	1.5	12.0	I	True	('A-', 'C', 'E-')	A-	A-	0.0	major triad	(0, 3, 8)	A-	A-	1	None
13.5	27/2	1.5	3/2	10	A-4	68	True	P3-Staff2	1	10.0	1.5	12.0	I	True	('A-', 'C', 'E-')	A-	A-	0.0	major triad	(0, 3, 8)	A-	A-	1	None
13.5	27/2	1.0	1	10	C4	60	True	P3-Staff2	2	10.0	1.5	12.0	I	True	('A-', 'C', 'E-')	A-	A-	0.0	major triad	(0, 3, 8)	A-	A-	1	None
13.5	27/2	1.5	3/2	10	A-2	44	True	P3-Staff2	6	10.0	1.5	12.0	I	True	('A-', 'C', 'E-')	A-	A-	0.0	major triad	(0, 3, 8)	A-	A-	1	None
14.0	14	0.5	1/2	10	A-3	56	True	P3-Staff2	5	10.0	1.5	12.0	I	False	('A-', 'C', 'E-')	A-	A-	0.0	major triad	(0, 3, 8)	A-	A-	1	None
14.5	29/2	0.5	1/2	10	E-4	63	True	P3-Staff2	2	10.0	1.5	12.0	I	False	('A-', 'C', 'E-')	A-	A-	0.0	major triad	(0, 3, 8)	A-	A-	1	None
14.5	29/2	0.5	1/2	10	E-3	51	True	P3-Staff2	5	10.0	1.5	12.0	I	False	('A-', 'C', 'E-')	A-	A-	0.0	major triad	(0, 3, 8)	A-	A-	1	None
15.0	15	1.0	1	11	A-4	68	True	P3-Staff2	1	11.0	1.5	13.0	i	True	('F', 'A-', 'C')	F	F	0.0	minor triad	(0, 5, 8)	f	f	1	None
15.0	15	1.0	1	11	F4	65	True	P3-Staff2	1	11.0	1.5	13.0	i	True	('F', 'A-', 'C')	F	F	0.0	minor triad	(0, 5, 8)	f	f	1	None
15.0	15	1.0	1	11	C4	60	True	P3-Staff2	1	11.0	1.5	13.0	i	True	('F', 'A-', 'C')	F	F	0.0	minor triad	(0, 5, 8)	f	f	1	None
15.0	15	1.0	1	11	F4	65	True	P3-Staff2	1	11.0	1.5	13.0	i	True	('F', 'A-', 'C')	F	F	0.0	minor triad	(0, 5, 8)	f	f	1	None
15.0	15	1.0	1	11	A-4	68	True	P3-Staff2	1	11.0	1.5	13.0	i	True	('F', 'A-', 'C')	F	F	0.0	minor triad	(0, 5, 8)	f	f	1	None
15.0	15	1.5	3/2	11	F2	41	True	P3-Staff2	6	11.0	1.5	13.0	i	True	('F', 'A-', 'C')	F	F	0.0	minor triad	(0, 5, 8)	f	f	1	None
15.5	31/2	0.5	1/2	11	F3	53	True	P3-Staff2	5	11.0	1.5	13.0	i	False	('F', 'A-', 'C')	F	F	0.0	minor triad	(0, 5, 8)	f	f	1	None
16.0	16	0.5	1/2	11	C5	72	True	P3-Staff2	1	11.0	1.5	13.0	i	False	('F', 'A-', 'C')	F	F	0.0	minor triad	(0, 5, 8)	f	f	1	None
16.0	16	0.5	1/2	11	C4	60	True	P3-Staff2	1	11.0	1.5	13.0	i	False	('F', 'A-', 'C')	F	F	0.0	minor triad	(0, 5, 8)	f	f	1	None
16.0	16	0.5	1/2	11	F4	65	True	P3-Staff2	1	11.0	1.5	13.0	i	False	('F', 'A-', 'C')	F	F	0.0	minor triad	(0, 5, 8)	f	f	1	None
16.0	16	0.5	1/2	11	A-4	68	True	P3-Staff2	1	11.0	1.5	13.0	i	False	('F', 'A-', 'C')	F	F	0.0	minor triad	(0, 5, 8)	f	f	1	None
16.0	16	0.5	1/2	11	C5	72	True	P3-Staff2	1	11.0	1.5	13.0	i	False	('F', 'A-', 'C')	F	F	0.0	minor triad	(0, 5, 8)	f	f	1	None
16.0	16	0.5	1/2	11	C3	48	True	P3-Staff2	5	11.0	1.5	13.0	i	False	('F', 'A-', 'C')	F	F	0.0	minor triad	(0, 5, 8)	f	f	1	None
16.5	33/2	0.75	3/4	12	B-4	70	True	P3-Staff2	1	12.0	1.0	14.0	viio7	True	('G', 'B-', 'D-', 'E')	G	E	1.0	diminished seventh chord	(1, 4, 7, 10)	f	f	#7	None
16.5	33/2	1.0	1	12	E4	64	True	P3-Staff2	1	12.0	1.0	14.0	viio7	True	('G', 'B-', 'D-', 'E')	G	E	1.0	diminished seventh chord	(1, 4, 7, 10)	f	f	#7	None
16.5	33/2	0.75	3/4	12	D-4	61	True	P3-Staff2	1	12.0	1.0	14.0	viio7	True	('G', 'B-', 'D-', 'E')	G	E	1.0	diminished seventh chord	(1, 4, 7, 10)	f	f	#7	None
16.5	33/2	0.75	3/4	12	B-4	70	True	P3-Staff2	1	12.0	1.0	14.0	viio7	True	('G', 'B-', 'D-', 'E')	G	E	1.0	diminished seventh chord	(1, 4, 7, 10)	f	f	#7	None
16.5	33/2	1.5	3/2	12	E4	64	True	P3-Staff2	2	12.0	1.0	14.0	viio7	True	('G', 'B-', 'D-', 'E')	G	E	1.0	diminished seventh chord	(1, 4, 7, 10)	f	f	#7	None
16.5	33/2	1.5	3/2	12	F2	41	True	P3-Staff2	6	12.0	1.0	14.0	viio7	True	('G', 'B-', 'D-', 'E')	G	E	1.0	diminished seventh chord	(1, 4, 7, 10)	f	f	#7	None
17.0	17	0.5	1/2	12	G3	55	True	P3-Staff2	5	12.0	1.0	14.0	viio7	False	('G', 'B-', 'D-', 'E')	G	E	1.0	diminished seventh chord	(1, 4, 7, 10)	f	f	#7	None
17.25	69/4	0.25	1/4	12	A-4	68	True	P3-Staff2	1	12.0	1.0	14.0	viio7	False	('G', 'B-', 'D-', 'E')	G	E	1.0	diminished seventh chord	(1, 4, 7, 10)	f	f	#7	None
17.25	69/4	0.25	1/4	12	C4	60	True	P3-Staff2	1	12.0	1.0	14.0	viio7	False	('G', 'B-', 'D-', 'E')	G	E	1.0	diminished seventh chord	(1, 4, 7, 10)	f	f	#7	None
17.25	69/4	0.25	1/4	12	A-4	68	True	P3-Staff2	1	12.0	1.0	14.0	viio7	False	('G', 'B-', 'D-', 'E')	G	E	1.0	diminished seventh chord	(1, 4, 7, 10)	f	f	#7	None
17.5	35/2	0.5	1/2	12	G4	67	True	P3-Staff2	1	12.0	0.5	15.0	V7	True	('C', 'E', 'G', 'B-')	C	C	0.0	dominant seventh chord	(0, 4, 7, 10)	f	f	5	None
17.5	35/2	0.5	1/2	12	G4	67	True	P3-Staff2	1	12.0	0.5	15.0	V7	True	('C', 'E', 'G', 'B-')	C	C	0.0	dominant seventh chord	(0, 4, 7, 10)	f	f	5	None
17.5	35/2	0.5	1/2	12	B-3	58	True	P3-Staff2	1	12.0	0.5	15.0	V7	True	('C', 'E', 'G', 'B-')	C	C	0.0	dominant seventh chord	(0, 4, 7, 10)	f	f	5	None
17.5	35/2	0.5	1/2	12	G4	67	True	P3-Staff2	1	12.0	0.5	15.0	V7	True	('C', 'E', 'G', 'B-')	C	C	0.0	dominant seventh chord	(0, 4, 7, 10)	f	f	5	None
17.5	35/2	0.5	1/2	12	C3	48	True	P3-Staff2	5	12.0	0.5	15.0	V7	True	('C', 'E', 'G', 'B-')	C	C	0.0	dominant seventh chord	(0, 4, 7, 10)	f	f	5	None
18.0	18	1.0	1	13	A-4	68	True	P3-Staff2	1	13.0	1.5	16.0	i	True	('F', 'A-', 'C')	F	F	0.0	minor triad	(0, 5, 8)	f	f	1	None
18.0	18	1.0	1	13	F4	65	True	P3-Staff2	1	13.0	1.5	16.0	i	True	('F', 'A-', 'C')	F	F	0.0	minor triad	(0, 5, 8)	f	f	1	None
18.0	18	1.0	1	13	C4	60	True	P3-Staff2	1	13.0	1.5	16.0	i	True	('F', 'A-', 'C')	F	F	0.0	minor triad	(0, 5, 8)	f	f	1	None
18.0	18	1.0	1	13	F4	65	True	P3-Staff2	1	13.0	1.5	16.0	i	True	('F', 'A-', 'C')	F	F	0.0	minor triad	(0, 5, 8)	f	f	1	None
18.0	18	1.0	1	13	A-4	68	True	P3-Staff2	1	13.0	1.5	16.0	i	True	('F', 'A-', 'C')	F	F	0.0	minor triad	(0, 5, 8)	f	f	1	None
18.0	18	1.5	3/2	13	F2	41	True	P3-Staff2	6	13.0	1.5	16.0	i	True	('F', 'A-', 'C')	F	F	0.0	minor triad	(0, 5, 8)	f	f	1	None
18.5	37/2	0.5	1/2	13	F3	53	True	P3-Staff2	5	13.0	1.5	16.0	i	False	('F', 'A-', 'C')	F	F	0.0	minor triad	(0, 5, 8)	f	f	1	None
19.0	19	0.5	1/2	13	C5	72	True	P3-Staff2	1	13.0	1.5	16.0	i	False	('F', 'A-', 'C')	F	F	0.0	minor triad	(0, 5, 8)	f	f	1	None
19.0	19	0.5	1/2	13	C4	60	True	P3-Staff2	1	13.0	1.5	16.0	i	False	('F', 'A-', 'C')	F	F	0.0	minor triad	(0, 5, 8)	f	f	1	None
19.0	19	0.5	1/2	13	F4	65	True	P3-Staff2	1	13.0	1.5	16.0	i	False	('F', 'A-', 'C')	F	F	0.0	minor triad	(0, 5, 8)	f	f	1	None
19.0	19	0.5	1/2	13	A-4	68	True	P3-Staff2	1	13.0	1.5	16.0	i	False	('F', 'A-', 'C')	F	F	0.0	minor triad	(0, 5, 8)	f	f	1	None
19.0	19	0.5	1/2	13	C5	72	True	P3-Staff2	1	13.0	1.5	16.0	i	False	('F', 'A-', 'C')	F	F	0.0	minor triad	(0, 5, 8)	f	f	1	None
19.0	19	0.5	1/2	13	C3	48	True	P3-Staff2	5	13.0	1.5	16.0	i	False	('F', 'A-', 'C')	F	F	0.0	minor triad	(0, 5, 8)	f	f	1	None
19.5	39/2	0.75	3/4	14	B-4	70	True	P3-Staff2	1	14.0	1.0	17.0	viio7	True	('G', 'B-', 'D-', 'E')	G	E	1.0	diminished seventh chord	(1, 4, 7, 10)	f	f	#7	None
19.5	39/2	1.0	1	14	E4	64	True	P3-Staff2	1	14.0	1.0	17.0	viio7	True	('G', 'B-', 'D-', 'E')	G	E	1.0	diminished seventh chord	(1, 4, 7, 10)	f	f	#7	None
19.5	39/2	0.75	3/4	14	D-4	61	True	P3-Staff2	1	14.0	1.0	17.0	viio7	True	('G', 'B-', 'D-', 'E')	G	E	1.0	diminished seventh chord	(1, 4, 7, 10)	f	f	#7	None
19.5	39/2	0.75	3/4	14	B-4	70	True	P3-Staff2	1	14.0	1.0	17.0	viio7	True	('G', 'B-', 'D-', 'E')	G	E	1.0	diminished seventh chord	(1, 4, 7, 10)	f	f	#7	None
19.5	39/2	1.5	3/2	14	E4	64	True	P3-Staff2	2	14.0	1.0	17.0	viio7	True	('G', 'B-', 'D-', 'E')	G	E	1.0	diminished seventh chord	(1, 4, 7, 10)	f	f	#7	None
19.5	39/2	1.5	3/2	14	F2	41	True	P3-Staff2	6	14.0	1.0	17.0	viio7	True	('G', 'B-', 'D-', 'E')	G	E	1.0	diminished seventh chord	(1, 4, 7, 10)	f	f	#7	None
20.0	20	0.5	1/2	14	G3	55	True	P3-Staff2	5	14.0	1.0	17.0	viio7	False	('G', 'B-', 'D-', 'E')	G	E	1.0	diminished seventh chord	(1, 4, 7, 10)	f	f	#7	None
20.25	81/4	0.25	1/4	14	A-4	68	True	P3-Staff2	1	14.0	1.0	17.0	viio7	False	('G', 'B-', 'D-', 'E')	G	E	1.0	diminished seventh chord	(1, 4, 7, 10)	f	f	#7	None
20.25	81/4	0.25	1/4	14	C4	60	True	P3-Staff2	1	14.0	1.0	17.0	viio7	False	('G', 'B-', 'D-', 'E')	G	E	1.0	diminished seventh chord	(1, 4, 7, 10)	f	f	#7	None
20.25	81/4	0.25	1/4	14	A-4	68	True	P3-Staff2	1	14.0	1.0	17.0	viio7	False	('G', 'B-', 'D-', 'E')	G	E	1.0	diminished seventh chord	(1, 4, 7, 10)	f	f	#7	None
20.5	41/2	0.5	1/2	14	G4	67	True	P3-Staff2	1	14.0	0.5	18.0	V7	True	('C', 'E', 'G', 'B-')	C	C	0.0	dominant seventh chord	(0, 4, 7, 10)	f	f	5	None
20.5	41/2	0.5	1/2	14	G4	67	True	P3-Staff2	1	14.0	0.5	18.0	V7	True	('C', 'E', 'G', 'B-')	C	C	0.0	dominant seventh chord	(0, 4, 7, 10)	f	f	5	None
20.5	41/2	0.5	1/2	14	B-3	58	True	P3-Staff2	1	14.0	0.5	18.0	V7	True	('C', 'E', 'G', 'B-')	C	C	0.0	dominant seventh chord	(0, 4, 7, 10)	f	f	5	None
20.5	41/2	0.5	1/2	14	G4	67	True	P3-Staff2	1	14.0	0.5	18.0	V7	True	('C', 'E', 'G', 'B-')	C	C	0.0	dominant seventh chord	(0, 4, 7, 10)	f	f	5	None
20.5	41/2	0.5	1/2	14	C3	48	True	P3-Staff2	5	14.0	0.5	18.0	V7	True	('C', 'E', 'G', 'B-')	C	C	0.0	dominant seventh chord	(0, 4, 7, 10)	f	f	5	None
21.0	21	1.0	1	15	A-4	68	True	P3-Staff2	1	15.0	1.5	19.0	i	True	('F', 'A-', 'C')	F	F	0.0	minor triad	(0, 5, 8)	f	f	1	None
21.0	21	1.0	1	15	F4	65	True	P3-Staff2	1	15.0	1.5	19.0	i	True	('F', 'A-', 'C')	F	F	0.0	minor triad	(0, 5, 8)	f	f	1	None
21.0	21	1.0	1	15	C4	60	True	P3-Staff2	1	15.0	1.5	19.0	i	True	('F', 'A-', 'C')	F	F	0.0	minor triad	(0, 5, 8)	f	f	1	None
21.0	21	1.0	1	15	F4	65	True	P3-Staff2	1	15.0	1.5	19.0	i	True	('F', 'A-', 'C')	F	F	0.0	minor triad	(0, 5, 8)	f	f	1	None
21.0	21	1.0	1	15	A-4	68	True	P3-Staff2	1	15.0	1.5	19.0	i	True	('F', 'A-', 'C')	F	F	0.0	minor triad	(0, 5, 8)	f	f	1	None
21.0	21	1.5	3/2	15	F2	41	True	P3-Staff2	6	15.0	1.5	19.0	i	True	('F', 'A-', 'C')	F	F	0.0	minor triad	(0, 5, 8)	f	f	1	None
21.5	43/2	0.5	1/2	15	F3	53	True	P3-Staff2	5	15.0	1.5	19.0	i	False	('F', 'A-', 'C')	F	F	0.0	minor triad	(0, 5, 8)	f	f	1	None
22.0	22	0.5	1/2	15	F4	65	True	P3-Staff2	1	15.0	1.5	19.0	i	False	('F', 'A-', 'C')	F	F	0.0	minor triad	(0, 5, 8)	f	f	1	None
22.0	22	0.5	1/2	15	F4	65	True	P3-Staff2	1	15.0	1.5	19.0	i	False	('F', 'A-', 'C')	F	F	0.0	minor triad	(0, 5, 8)	f	f	1	None
22.0	22	0.5	1/2	15	A-3	56	True	P3-Staff2	1	15.0	1.5	19.0	i	False	('F', 'A-', 'C')	F	F	0.0	minor triad	(0, 5, 8)	f	f	1	None
22.0	22	0.5	1/2	15	C4	60	True	P3-Staff2	1	15.0	1.5	19.0	i	False	('F', 'A-', 'C')	F	F	0.0	minor triad	(0, 5, 8)	f	f	1	None
22.0	22	0.5	1/2	15	F4	65	True	P3-Staff2	1	15.0	1.5	19.0	i	False	('F', 'A-', 'C')	F	F	0.0	minor triad	(0, 5, 8)	f	f	1	None
22.0	22	0.5	1/2	15	C3	48	True	P3-Staff2	5	15.0	1.5	19.0	i	False	('F', 'A-', 'C')	F	F	0.0	minor triad	(0, 5, 8)	f	f	1	None
22.5	45/2	1.0	1	16	A-4	68	True	P3-Staff2	1	16.0	1.5	20.0	V7	True	('B-', 'D', 'F', 'A-')	B-	B-	0.0	dominant seventh chord	(2, 5, 8, 10)	E-	E-	5	None
22.5	45/2	0.75	3/4	16	F4	65	True	P3-Staff2	1	16.0	1.5	20.0	V7	True	('B-', 'D', 'F', 'A-')	B-	B-	0.0	dominant seventh chord	(2, 5, 8, 10)	E-	E-	5	None
22.5	45/2	1.0	1	16	C4	60	True	P3-Staff2	1	16.0	1.5	20.0	V7	True	('B-', 'D', 'F', 'A-')	B-	B-	0.0	dominant seventh chord	(2, 5, 8, 10)	E-	E-	5	None
22.5	45/2	1.0	1	16	F4	65	True	P3-Staff2	1	16.0	1.5	20.0	V7	True	('B-', 'D', 'F', 'A-')	B-	B-	0.0	dominant seventh chord	(2, 5, 8, 10)	E-	E-	5	None
22.5	45/2	1.0	1	16	A-4	68	True	P3-Staff2	1	16.0	1.5	20.0	V7	True	('B-', 'D', 'F', 'A-')	B-	B-	0.0	dominant seventh chord	(2, 5, 8, 10)	E-	E-	5	None
22.5	45/2	1.5	3/2	16	B-2	46	True	P3-Staff2	6	16.0	1.5	20.0	V7	True	('B-', 'D', 'F', 'A-')	B-	B-	0.0	dominant seventh chord	(2, 5, 8, 10)	E-	E-	5	None
23.0	23	0.5	1/2	16	A-3	56	True	P3-Staff2	5	16.0	1.5	20.0	V7	False	('B-', 'D', 'F', 'A-')	B-	B-	0.0	dominant seventh chord	(2, 5, 8, 10)	E-	E-	5	None
23.25	93/4	0.25	1/4	16	G4	67	True	P3-Staff2	1	16.0	1.5	20.0	V7	False	('B-', 'D', 'F', 'A-')	B-	B-	0.0	dominant seventh chord	(2, 5, 8, 10)	E-	E-	5	None
23.5	47/2	0.5	1/2	16	C5	72	True	P3-Staff2	1	16.0	1.5	20.0	V7	False	('B-', 'D', 'F', 'A-')	B-	B-	0.0	dominant seventh chord	(2, 5, 8, 10)	E-	E-	5	None
23.5	47/2	0.5	1/2	16	A-4	68	True	P3-Staff2	1	16.0	1.5	20.0	V7	False	('B-', 'D', 'F', 'A-')	B-	B-	0.0	dominant seventh chord	(2, 5, 8, 10)	E-	E-	5	None
23.5	47/2	0.5	1/2	16	D4	62	True	P3-Staff2	1	16.0	1.5	20.0	V7	False	('B-', 'D', 'F', 'A-')	B-	B-	0.0	dominant seventh chord	(2, 5, 8, 10)	E-	E-	5	None
23.5	47/2	0.5	1/2	16	F4	65	True	P3-Staff2	1	16.0	1.5	20.0	V7	False	('B-', 'D', 'F', 'A-')	B-	B-	0.0	dominant seventh chord	(2, 5, 8, 10)	E-	E-	5	None
23.5	47/2	0.5	1/2	16	A-4	68	True	P3-Staff2	1	16.0	1.5	20.0	V7	False	('B-', 'D', 'F', 'A-')	B-	B-	0.0	dominant seventh chord	(2, 5, 8, 10)	E-	E-	5	None
23.5	47/2	0.5	1/2	16	C5	72	True	P3-Staff2	1	16.0	1.5	20.0	V7	False	('B-', 'D', 'F', 'A-')	B-	B-	0.0	dominant seventh chord	(2, 5, 8, 10)	E-	E-	5	None
23.5	47/2	0.5	1/2	16	F3	53	True	P3-Staff2	5	16.0	1.5	20.0	V7	False	('B-', 'D', 'F', 'A-')	B-	B-	0.0	dominant seventh chord	(2, 5, 8, 10)	E-	E-	5	None
24.0	24	1.5	3/2	17	E-5	75	True	P3-Staff2	1	17.0	1.5	21.0	I	True	('E-', 'G', 'B-')	E-	E-	0.0	major triad	(3, 7, 10)	E-	E-	1	None
24.0	24	1.5	3/2	17	G4	67	True	P3-Staff2	1	17.0	1.5	21.0	I	True	('E-', 'G', 'B-')	E-	E-	0.0	major triad	(3, 7, 10)	E-	E-	1	None
24.0	24	1.5	3/2	17	E-4	63	True	P3-Staff2	1	17.0	1.5	21.0	I	True	('E-', 'G', 'B-')	E-	E-	0.0	major triad	(3, 7, 10)	E-	E-	1	None
24.0	24	1.5	3/2	17	E-5	75	True	P3-Staff2	1	17.0	1.5	21.0	I	True	('E-', 'G', 'B-')	E-	E-	0.0	major triad	(3, 7, 10)	E-	E-	1	None
24.0	24	1.0	1	17	G4	67	True	P3-Staff2	2	17.0	1.5	21.0	I	True	('E-', 'G', 'B-')	E-	E-	0.0	major triad	(3, 7, 10)	E-	E-	1	None
24.0	24	1.5	3/2	17	E-2	39	True	P3-Staff2	6	17.0	1.5	21.0	I	True	('E-', 'G', 'B-')	E-	E-	0.0	major triad	(3, 7, 10)	E-	E-	1	None
24.5	49/2	0.5	1/2	17	E-3	51	True	P3-Staff2	5	17.0	1.5	21.0	I	False	('E-', 'G', 'B-')	E-	E-	0.0	major triad	(3, 7, 10)	E-	E-	1	None
25.0	25	0.5	1/2	17	B-4	70	True	P3-Staff2	2	17.0	1.5	21.0	I	False	('E-', 'G', 'B-')	E-	E-	0.0	major triad	(3, 7, 10)	E-	E-	1	None
25.0	25	0.5	1/2	17	B-2	46	True	P3-Staff2	5	17.0	1.5	21.0	I	False	('E-', 'G', 'B-')	E-	E-	0.0	major triad	(3, 7, 10)	E-	E-	1	None
25.5	51/2	1.0	1	18	E-5	75	False	P3-Staff2	1	18.0	1.5	22.0	I	True	('E-', 'G', 'B-')	E-	E-	0.0	major triad	(3, 7, 10)	E-	E-	1	None
25.5	51/2	1.0	1	18	G4	67	False	P3-Staff2	1	18.0	1.5	22.0	I	True	('E-', 'G', 'B-')	E-	E-	0.0	major triad	(3, 7, 10)	E-	E-	1	None
25.5	51/2	1.5	3/2	18	E-4	63	True	P3-Staff2	1	18.0	1.5	22.0	I	True	('E-', 'G', 'B-')	E-	E-	0.0	major triad	(3, 7, 10)	E-	E-	1	None
25.5	51/2	1.5	3/2	18	E-5	75	True	P3-Staff2	1	18.0	1.5	22.0	I	True	('E-', 'G', 'B-')	E-	E-	0.0	major triad	(3, 7, 10)	E-	E-	1	None
25.5	51/2	1.0	1	18	G4	67	True	P3-Staff2	2	18.0	1.5	22.0	I	True	('E-', 'G', 'B-')	E-	E-	0.0	major triad	(3, 7, 10)	E-	E-	1	None
25.5	51/2	1.5	3/2	18	E-2	39	True	P3-Staff2	6	18.0	1.5	22.0	I	True	('E-', 'G', 'B-')	E-	E-	0.0	major triad	(3, 7, 10)	E-	E-	1	None
26.0	26	0.5	1/2	18	E-3	51	True	P3-Staff2	5	18.0	1.5	22.0	I	False	('E-', 'G', 'B-')	E-	E-	0.0	major triad	(3, 7, 10)	E-	E-	1	None
26.5	53/2	0.5	1/2	18	B-4	70	True	P3-Staff2	2	18.0	1.5	22.0	I	False	('E-', 'G', 'B-')	E-	E-	0.0	major triad	(3, 7, 10)	E-	E-	1	None
26.5	53/2	0.5	1/2	18	B-2	46	True	P3-Staff2	5	18.0	1.5	22.0	I	False	('E-', 'G', 'B-')	E-	E-	0.0	major triad	(3, 7, 10)	E-	E-	1	None
27.0	27	1.0	1	19	E-5	75	True	P3-Staff2	1	19.0	1.5	23.0	ii	True	('E-', 'G-', 'B-')	E-	E-	0.0	minor triad	(3, 6, 10)	D-	D-	2	None
27.0	27	1.0	1	19	G-4	66	True	P3-Staff2	1	19.0	1.5	23.0	ii	True	('E-', 'G-', 'B-')	E-	E-	0.0	minor triad	(3, 6, 10)	D-	D-	2	None
27.0	27	1.0	1	19	G-4	66	True	P3-Staff2	1	19.0	1.5	23.0	ii	True	('E-', 'G-', 'B-')	E-	E-	0.0	minor triad	(3, 6, 10)	D-	D-	2	None
27.0	27	1.0	1	19	B-4	70	True	P3-Staff2	1	19.0	1.5	23.0	ii	True	('E-', 'G-', 'B-')	E-	E-	0.0	minor triad	(3, 6, 10)	D-	D-	2	None
27.0	27	1.0	1	19	E-5	75	True	P3-Staff2	1	19.0	1.5	23.0	ii	True	('E-', 'G-', 'B-')	E-	E-	0.0	minor triad	(3, 6, 10)	D-	D-	2	None
27.0	27	1.5	3/2	19	E-3	51	True	P3-Staff2	6	19.0	1.5	23.0	ii	True	('E-', 'G-', 'B-')	E-	E-	0.0	minor triad	(3, 6, 10)	D-	D-	2	None
27.5	55/2	0.5	1/2	19	E-4	63	True	P3-Staff2	5	19.0	1.5	23.0	ii	False	('E-', 'G-', 'B-')	E-	E-	0.0	minor triad	(3, 6, 10)	D-	D-	2	None
28.0	28	0.5	1/2	19	B-4	70	True	P3-Staff2	1	19.0	1.5	23.0	ii	False	('E-', 'G-', 'B-')	E-	E-	0.0	minor triad	(3, 6, 10)	D-	D-	2	None
28.0	28	0.5	1/2	19	B-4	70	True	P3-Staff2	1	19.0	1.5	23.0	ii	False	('E-', 'G-', 'B-')	E-	E-	0.0	minor triad	(3, 6, 10)	D-	D-	2	None
28.0	28	0.5	1/2	19	E-4	63	True	P3-Staff2	1	19.0	1.5	23.0	ii	False	('E-', 'G-', 'B-')	E-	E-	0.0	minor triad	(3, 6, 10)	D-	D-	2	None
28.0	28	0.5	1/2	19	G-4	66	True	P3-Staff2	1	19.0	1.5	23.0	ii	False	('E-', 'G-', 'B-')	E-	E-	0.0	minor triad	(3, 6, 10)	D-	D-	2	None
28.0	28	0.5	1/2	19	B-4	70	True	P3-Staff2	1	19.0	1.5	23.0	ii	False	('E-', 'G-', 'B-')	E-	E-	0.0	minor triad	(3, 6, 10)	D-	D-	2	None
28.0	28	0.5	1/2	19	B-3	58	True	P3-Staff2	5	19.0	1.5	23.0	ii	False	('E-', 'G-', 'B-')	E-	E-	0.0	minor triad	(3, 6, 10)	D-	D-	2	None
28.5	57/2	0.75	3/4	20	C5	72	True	P3-Staff2	1	20.0	1.5	24.0	V7	True	('A-', 'C', 'E-', 'G-')	A-	A-	0.0	dominant seventh chord	(0, 3, 6, 8)	D-	D-	5	None
28.5	57/2	0.75	3/4	20	B-4	70	True	P3-Staff2	1	20.0	1.5	24.0	V7	True	('A-', 'C', 'E-', 'G-')	A-	A-	0.0	dominant seventh chord	(0, 3, 6, 8)	D-	D-	5	None
28.5	57/2	0.75	3/4	20	G-4	66	True	P3-Staff2	1	20.0	1.5	24.0	V7	True	('A-', 'C', 'E-', 'G-')	A-	A-	0.0	dominant seventh chord	(0, 3, 6, 8)	D-	D-	5	None
28.5	57/2	0.75	3/4	20	B-4	70	True	P3-Staff2	1	20.0	1.5	24.0	V7	True	('A-', 'C', 'E-', 'G-')	A-	A-	0.0	dominant seventh chord	(0, 3, 6, 8)	D-	D-	5	None
28.5	57/2	0.75	3/4	20	C5	72	True	P3-Staff2	1	20.0	1.5	24.0	V7	True	('A-', 'C', 'E-', 'G-')	A-	A-	0.0	dominant seventh chord	(0, 3, 6, 8)	D-	D-	5	None
28.5	57/2	1.5	3/2	20	A-2	44	True	P3-Staff2	6	20.0	1.5	24.0	V7	True	('A-', 'C', 'E-', 'G-')	A-	A-	0.0	dominant seventh chord	(0, 3, 6, 8)	D-	D-	5	None
29.0	29	0.5	1/2	20	A-3	56	True	P3-Staff2	5	20.0	1.5	24.0	V7	False	('A-', 'C', 'E-', 'G-')	A-	A-	0.0	dominant seventh chord	(0, 3, 6, 8)	D-	D-	5	None
29.25	117/4	0.25	1/4	20	D-5	73	True	P3-Staff2	1	20.0	1.5	24.0	V7	False	('A-', 'C', 'E-', 'G-')	A-	A-	0.0	dominant seventh chord	(0, 3, 6, 8)	D-	D-	5	None
29.25	117/4	0.25	1/4	20	A-4	68	True	P3-Staff2	1	20.0	1.5	24.0	V7	False	('A-', 'C', 'E-', 'G-')	A-	A-	0.0	dominant seventh chord	(0, 3, 6, 8)	D-	D-	5	None
29.25	117/4	0.25	1/4	20	F4	65	True	P3-Staff2	1	20.0	1.5	24.0	V7	False	('A-', 'C', 'E-', 'G-')	A-	A-	0.0	dominant seventh chord	(0, 3, 6, 8)	D-	D-	5	None
29.25	117/4	0.25	1/4	20	A-4	68	True	P3-Staff2	1	20.0	1.5	24.0	V7	False	('A-', 'C', 'E-', 'G-')	A-	A-	0.0	dominant seventh chord	(0, 3, 6, 8)	D-	D-	5	None
29.25	117/4	0.25	1/4	20	D-5	73	True	P3-Staff2	1	20.0	1.5	24.0	V7	False	('A-', 'C', 'E-', 'G-')	A-	A-	0.0	dominant seventh chord	(0, 3, 6, 8)	D-	D-	5	None
29.5	59/2	0.5	1/2	20	E-5	75	True	P3-Staff2	1	20.0	1.5	24.0	V7	False	('A-', 'C', 'E-', 'G-')	A-	A-	0.0	dominant seventh chord	(0, 3, 6, 8)	D-	D-	5	None
29.5	59/2	0.5	1/2	20	G-4	66	True	P3-Staff2	1	20.0	1.5	24.0	V7	False	('A-', 'C', 'E-', 'G-')	A-	A-	0.0	dominant seventh chord	(0, 3, 6, 8)	D-	D-	5	None
29.5	59/2	0.5	1/2	20	E-4	63	True	P3-Staff2	1	20.0	1.5	24.0	V7	False	('A-', 'C', 'E-', 'G-')	A-	A-	0.0	dominant seventh chord	(0, 3, 6, 8)	D-	D-	5	None
29.5	59/2	0.5	1/2	20	G-4	66	True	P3-Staff2	1	20.0	1.5	24.0	V7	False	('A-', 'C', 'E-', 'G-')	A-	A-	0.0	dominant seventh chord	(0, 3, 6, 8)	D-	D-	5	None
29.5	59/2	0.5	1/2	20	C5	72	True	P3-Staff2	1	20.0	1.5	24.0	V7	False	('A-', 'C', 'E-', 'G-')	A-	A-	0.0	dominant seventh chord	(0, 3, 6, 8)	D-	D-	5	None
29.5	59/2	0.5	1/2	20	E-5	75	True	P3-Staff2	1	20.0	1.5	24.0	V7	False	('A-', 'C', 'E-', 'G-')	A-	A-	0.0	dominant seventh chord	(0, 3, 6, 8)	D-	D-	5	None
29.5	59/2	0.5	1/2	20	A-2	44	True	P3-Staff2	5	20.0	1.5	24.0	V7	False	('A-', 'C', 'E-', 'G-')	A-	A-	0.0	dominant seventh chord	(0, 3, 6, 8)	D-	D-	5	None
30.0	30	1.0	1	21	D-5	73	True	P3-Staff2	1	21.0	1.5	25.0	I	True	('D-', 'F', 'A-')	D-	D-	0.0	major triad	(1, 5, 8)	D-	D-	1	None
30.0	30	1.0	1	21	F4	65	True	P3-Staff2	1	21.0	1.5	25.0	I	True	('D-', 'F', 'A-')	D-	D-	0.0	major triad	(1, 5, 8)	D-	D-	1	None
30.0	30	1.0	1	21	F4	65	True	P3-Staff2	1	21.0	1.5	25.0	I	True	('D-', 'F', 'A-')	D-	D-	0.0	major triad	(1, 5, 8)	D-	D-	1	None
30.0	30	1.0	1	21	A-4	68	True	P3-Staff2	1	21.0	1.5	25.0	I	True	('D-', 'F', 'A-')	D-	D-	0.0	major triad	(1, 5, 8)	D-	D-	1	None
30.0	30	1.0	1	21	D-5	73	True	P3-Staff2	1	21.0	1.5	25.0	I	True	('D-', 'F', 'A-')	D-	D-	0.0	major triad	(1, 5, 8)	D-	D-	1	None
30.0	30	1.5	3/2	21	D-3	49	True	P3-Staff2	6	21.0	1.5	25.0	I	True	('D-', 'F', 'A-')	D-	D-	0.0	major triad	(1, 5, 8)	D-	D-	1	None
30.5	61/2	0.5	1/2	21	D-4	61	True	P3-Staff2	5	21.0	1.5	25.0	I	False	('D-', 'F', 'A-')	D-	D-	0.0	major triad	(1, 5, 8)	D-	D-	1	None
31.0	31	0.5	1/2	21	A-4	68	True	P3-Staff2	1	21.0	1.5	25.0	I	False	('D-', 'F', 'A-')	D-	D-	0.0	major triad	(1, 5, 8)	D-	D-	1	None
31.0	31	0.5	1/2	21	A-4	68	True	P3-Staff2	1	21.0	1.5	25.0	I	False	('D-', 'F', 'A-')	D-	D-	0.0	major triad	(1, 5, 8)	D-	D-	1	None
31.0	31	0.5	1/2	21	F4	65	True	P3-Staff2	1	21.0	1.5	25.0	I	False	('D-', 'F', 'A-')	D-	D-	0.0	major triad	(1, 5, 8)	D-	D-	1	None
31.0	31	0.5	1/2	21	A-4	68	True	P3-Staff2	1	21.0	1.5	25.0	I	False	('D-', 'F', 'A-')	D-	D-	0.0	major triad	(1, 5, 8)	D-	D-	1	None
31.0	31	0.5	1/2	21	A-3	56	True	P3-Staff2	5	21.0	1.5	25.0	I	False	('D-', 'F', 'A-')	D-	D-	0.0	major triad	(1, 5, 8)	D-	D-	1	None
31.5	63/2	0.75	3/4	22	A4	69	True	P3-Staff2	1	22.0	1.5	26.0	V9	True	('F', 'A', 'C', 'E-', 'G-')	F	F	0.0	flat-ninth pentachord	(0, 3, 5, 6, 9)	b-	b-	5	None
31.5	63/2	0.75	3/4	22	G-4	66	True	P3-Staff2	1	22.0	1.5	26.0	V9	True	('F', 'A', 'C', 'E-', 'G-')	F	F	0.0	flat-ninth pentachord	(0, 3, 5, 6, 9)	b-	b-	5	None
31.5	63/2	0.75	3/4	22	E-4	63	True	P3-Staff2	1	22.0	1.5	26.0	V9	True	('F', 'A', 'C', 'E-', 'G-')	F	F	0.0	flat-ninth pentachord	(0, 3, 5, 6, 9)	b-	b-	5	None
31.5	63/2	0.75	3/4	22	G-4	66	True	P3-Staff2	1	22.0	1.5	26.0	V9	True	('F', 'A', 'C', 'E-', 'G-')	F	F	0.0	flat-ninth pentachord	(0, 3, 5, 6, 9)	b-	b-	5	None
31.5	63/2	0.75	3/4	22	A4	69	True	P3-Staff2	1	22.0	1.5	26.0	V9	True	('F', 'A', 'C', 'E-', 'G-')	F	F	0.0	flat-ninth pentachord	(0, 3, 5, 6, 9)	b-	b-	5	None
31.5	63/2	1.5	3/2	22	F2	41	True	P3-Staff2	6	22.0	1.5	26.0	V9	True	('F', 'A', 'C', 'E-', 'G-')	F	F	0.0	flat-ninth pentachord	(0, 3, 5, 6, 9)	b-	b-	5	None
32.0	32	0.5	1/2	22	F3	53	True	P3-Staff2	5	22.0	1.5	26.0	V9	False	('F', 'A', 'C', 'E-', 'G-')	F	F	0.0	flat-ninth pentachord	(0, 3, 5, 6, 9)	b-	b-	5	None
32.25	129/4	0.25	1/4	22	B-4	70	True	P3-Staff2	1	22.0	1.5	26.0	V9	False	('F', 'A', 'C', 'E-', 'G-')	F	F	0.0	flat-ninth pentachord	(0, 3, 5, 6, 9)	b-	b-	5	None
32.25	129/4	0.25	1/4	22	F4	65	True	P3-Staff2	1	22.0	1.5	26.0	V9	False	('F', 'A', 'C', 'E-', 'G-')	F	F	0.0	flat-ninth pentachord	(0, 3, 5, 6, 9)	b-	b-	5	None
32.25	129/4	0.25	1/4	22	D-4	61	True	P3-Staff2	1	22.0	1.5	26.0	V9	False	('F', 'A', 'C', 'E-', 'G-')	F	F	0.0	flat-ninth pentachord	(0, 3, 5, 6, 9)	b-	b-	5	None
32.25	129/4	0.25	1/4	22	F4	65	True	P3-Staff2	1	22.0	1.5	26.0	V9	False	('F', 'A', 'C', 'E-', 'G-')	F	F	0.0	flat-ninth pentachord	(0, 3, 5, 6, 9)	b-	b-	5	None
32.25	129/4	0.25	1/4	22	B-4	70	True	P3-Staff2	1	22.0	1.5	26.0	V9	False	('F', 'A', 'C', 'E-', 'G-')	F	F	0.0	flat-ninth pentachord	(0, 3, 5, 6, 9)	b-	b-	5	None
32.5	65/2	0.5	1/2	22	C5	72	True	P3-Staff2	1	22.0	1.5	26.0	V9	False	('F', 'A', 'C', 'E-', 'G-')	F	F	0.0	flat-ninth pentachord	(0, 3, 5, 6, 9)	b-	b-	5	None
32.5	65/2	0.5	1/2	22	E-4	63	True	P3-Staff2	1	22.0	1.5	26.0	V9	False	('F', 'A', 'C', 'E-', 'G-')	F	F	0.0	flat-ninth pentachord	(0, 3, 5, 6, 9)	b-	b-	5	None
32.5	65/2	0.5	1/2	22	C4	60	True	P3-Staff2	1	22.0	1.5	26.0	V9	False	('F', 'A', 'C', 'E-', 'G-')	F	F	0.0	flat-ninth pentachord	(0, 3, 5, 6, 9)	b-	b-	5	None
32.5	65/2	0.5	1/2	22	E-4	63	True	P3-Staff2	1	22.0	1.5	26.0	V9	False	('F', 'A', 'C', 'E-', 'G-')	F	F	0.0	flat-ninth pentachord	(0, 3, 5, 6, 9)	b-	b-	5	None
32.5	65/2	0.5	1/2	22	A4	69	True	P3-Staff2	1	22.0	1.5	26.0	V9	False	('F', 'A', 'C', 'E-', 'G-')	F	F	0.0	flat-ninth pentachord	(0, 3, 5, 6, 9)	b-	b-	5	None
32.5	65/2	0.5	1/2	22	C5	72	True	P3-Staff2	1	22.0	1.5	26.0	V9	False	('F', 'A', 'C', 'E-', 'G-')	F	F	0.0	flat-ninth pentachord	(0, 3, 5, 6, 9)	b-	b-	5	None
32.5	65/2	0.5	1/2	22	F2	41	True	P3-Staff2	5	22.0	1.5	26.0	V9	False	('F', 'A', 'C', 'E-', 'G-')	F	F	0.0	flat-ninth pentachord	(0, 3, 5, 6, 9)	b-	b-	5	None
33.0	33	1.0	1	23	B-4	70	True	P3-Staff2	1	23.0	1.5	27.0	i	True	('D-', 'F', 'B-')	D-	B-	1.0	minor triad	(1, 5, 10)	b-	b-	1	None
33.0	33	1.0	1	23	D-4	61	True	P3-Staff2	1	23.0	1.5	27.0	i	True	('D-', 'F', 'B-')	D-	B-	1.0	minor triad	(1, 5, 10)	b-	b-	1	None
33.0	33	1.0	1	23	D-4	61	True	P3-Staff2	1	23.0	1.5	27.0	i	True	('D-', 'F', 'B-')	D-	B-	1.0	minor triad	(1, 5, 10)	b-	b-	1	None
33.0	33	1.0	1	23	F4	65	True	P3-Staff2	1	23.0	1.5	27.0	i	True	('D-', 'F', 'B-')	D-	B-	1.0	minor triad	(1, 5, 10)	b-	b-	1	None
33.0	33	1.0	1	23	B-4	70	True	P3-Staff2	1	23.0	1.5	27.0	i	True	('D-', 'F', 'B-')	D-	B-	1.0	minor triad	(1, 5, 10)	b-	b-	1	None
33.0	33	1.5	3/2	23	D-3	49	True	P3-Staff2	6	23.0	1.5	27.0	i	True	('D-', 'F', 'B-')	D-	B-	1.0	minor triad	(1, 5, 10)	b-	b-	1	None
33.5	67/2	0.5	1/2	23	B-3	58	True	P3-Staff2	5	23.0	1.5	27.0	i	False	('D-', 'F', 'B-')	D-	B-	1.0	minor triad	(1, 5, 10)	b-	b-	1	None
34.0	34	0.5	1/2	23	B-4	70	True	P3-Staff2	1	23.0	1.5	27.0	i	False	('D-', 'F', 'B-')	D-	B-	1.0	minor triad	(1, 5, 10)	b-	b-	1	None
34.0	34	0.5	1/2	23	B-4	70	True	P3-Staff2	1	23.0	1.5	27.0	i	False	('D-', 'F', 'B-')	D-	B-	1.0	minor triad	(1, 5, 10)	b-	b-	1	None
34.0	34	0.5	1/2	23	D-4	61	True	P3-Staff2	1	23.0	1.5	27.0	i	False	('D-', 'F', 'B-')	D-	B-	1.0	minor triad	(1, 5, 10)	b-	b-	1	None
34.0	34	0.5	1/2	23	F4	65	True	P3-Staff2	1	23.0	1.5	27.0	i	False	('D-', 'F', 'B-')	D-	B-	1.0	minor triad	(1, 5, 10)	b-	b-	1	None
34.0	34	0.5	1/2	23	B-4	70	True	P3-Staff2	1	23.0	1.5	27.0	i	False	('D-', 'F', 'B-')	D-	B-	1.0	minor triad	(1, 5, 10)	b-	b-	1	None
34.0	34	0.5	1/2	23	F3	53	True	P3-Staff2	5	23.0	1.5	27.0	i	False	('D-', 'F', 'B-')	D-	B-	1.0	minor triad	(1, 5, 10)	b-	b-	1	None
34.5	69/2	0.75	3/4	24	C5	72	True	P3-Staff2	1	24.0	1.5	28.0	V7	True	('C', 'E-', 'F', 'A')	C	F	2.0	dominant seventh chord	(0, 3, 5, 9)	b-	b-	5	None
34.5	69/2	0.75	3/4	24	A4	69	True	P3-Staff2	1	24.0	1.5	28.0	V7	True	('C', 'E-', 'F', 'A')	C	F	2.0	dominant seventh chord	(0, 3, 5, 9)	b-	b-	5	None
34.5	69/2	0.75	3/4	24	C5	72	True	P3-Staff2	1	24.0	1.5	28.0	V7	True	('C', 'E-', 'F', 'A')	C	F	2.0	dominant seventh chord	(0, 3, 5, 9)	b-	b-	5	None
34.5	69/2	1.5	3/2	24	E-4	63	True	P3-Staff2	1	24.0	1.5	28.0	V7	True	('C', 'E-', 'F', 'A')	C	F	2.0	dominant seventh chord	(0, 3, 5, 9)	b-	b-	5	None
34.5	69/2	1.5	3/2	24	A4	69	True	P3-Staff2	1	24.0	1.5	28.0	V7	True	('C', 'E-', 'F', 'A')	C	F	2.0	dominant seventh chord	(0, 3, 5, 9)	b-	b-	5	None
34.5	69/2	1.5	3/2	24	C3	48	True	P3-Staff2	6	24.0	1.5	28.0	V7	True	('C', 'E-', 'F', 'A')	C	F	2.0	dominant seventh chord	(0, 3, 5, 9)	b-	b-	5	None
35.0	35	0.5	1/2	24	A3	57	True	P3-Staff2	5	24.0	1.5	28.0	V7	False	('C', 'E-', 'F', 'A')	C	F	2.0	dominant seventh chord	(0, 3, 5, 9)	b-	b-	5	None
35.25	141/4	0.25	1/4	24	B4	71	True	P3-Staff2	1	24.0	1.5	28.0	V7	False	('C', 'E-', 'F', 'A')	C	F	2.0	dominant seventh chord	(0, 3, 5, 9)	b-	b-	5	None
35.25	141/4	0.25	1/4	24	G#4	68	True	P3-Staff2	1	24.0	1.5	28.0	V7	False	('C', 'E-', 'F', 'A')	C	F	2.0	dominant seventh chord	(0, 3, 5, 9)	b-	b-	5	None
35.25	141/4	0.25	1/4	24	B4	71	True	P3-Staff2	1	24.0	1.5	28.0	V7	False	('C', 'E-', 'F', 'A')	C	F	2.0	dominant seventh chord	(0, 3, 5, 9)	b-	b-	5	None
35.5	71/2	0.5	1/2	24	C5	72	True	P3-Staff2	1	24.0	1.5	28.0	V7	False	('C', 'E-', 'F', 'A')	C	F	2.0	dominant seventh chord	(0, 3, 5, 9)	b-	b-	5	None
35.5	71/2	0.5	1/2	24	A4	69	True	P3-Staff2	1	24.0	1.5	28.0	V7	False	('C', 'E-', 'F', 'A')	C	F	2.0	dominant seventh chord	(0, 3, 5, 9)	b-	b-	5	None
35.5	71/2	0.5	1/2	24	C5	72	True	P3-Staff2	1	24.0	1.5	28.0	V7	False	('C', 'E-', 'F', 'A')	C	F	2.0	dominant seventh chord	(0, 3, 5, 9)	b-	b-	5	None
35.5	71/2	0.5	1/2	24	F3	53	True	P3-Staff2	5	24.0	1.5	28.0	V7	False	('C', 'E-', 'F', 'A')	C	F	2.0	dominant seventh chord	(0, 3, 5, 9)	b-	b-	5	None
36.0	36	0.5	1/2	25	E-5	75	True	P3-Staff2	1	25.0	1.5	29.0	i	True	('B-', 'D-', 'F')	B-	B-	0.0	minor triad	(1, 5, 10)	b-	b-	1	None
36.0	36	0.5	1/2	25	C5	72	True	P3-Staff2	1	25.0	1.5	29.0	i	True	('B-', 'D-', 'F')	B-	B-	0.0	minor triad	(1, 5, 10)	b-	b-	1	None
36.0	36	0.5	1/2	25	G-4	66	True	P3-Staff2	1	25.0	1.5	29.0	i	True	('B-', 'D-', 'F')	B-	B-	0.0	minor triad	(1, 5, 10)	b-	b-	1	None
36.0	36	0.5	1/2	25	C5	72	True	P3-Staff2	1	25.0	1.5	29.0	i	True	('B-', 'D-', 'F')	B-	B-	0.0	minor triad	(1, 5, 10)	b-	b-	1	None
36.0	36	0.5	1/2	25	E-5	75	True	P3-Staff2	1	25.0	1.5	29.0	i	True	('B-', 'D-', 'F')	B-	B-	0.0	minor triad	(1, 5, 10)	b-	b-	1	None
36.0	36	1.5	3/2	25	B-2	46	True	P3-Staff2	6	25.0	1.5	29.0	i	True	('B-', 'D-', 'F')	B-	B-	0.0	minor triad	(1, 5, 10)	b-	b-	1	None
36.5	73/2	0.5	1/2	25	D-5	73	True	P3-Staff2	1	25.0	1.5	29.0	i	False	('B-', 'D-', 'F')	B-	B-	0.0	minor triad	(1, 5, 10)	b-	b-	1	None
36.5	73/2	0.5	1/2	25	B-4	70	True	P3-Staff2	1	25.0	1.5	29.0	i	False	('B-', 'D-', 'F')	B-	B-	0.0	minor triad	(1, 5, 10)	b-	b-	1	None
36.5	73/2	0.5	1/2	25	F4	65	True	P3-Staff2	1	25.0	1.5	29.0	i	False	('B-', 'D-', 'F')	B-	B-	0.0	minor triad	(1, 5, 10)	b-	b-	1	None
36.5	73/2	0.5	1/2	25	B-4	70	True	P3-Staff2	1	25.0	1.5	29.0	i	False	('B-', 'D-', 'F')	B-	B-	0.0	minor triad	(1, 5, 10)	b-	b-	1	None
36.5	73/2	0.5	1/2	25	D-5	73	True	P3-Staff2	1	25.0	1.5	29.0	i	False	('B-', 'D-', 'F')	B-	B-	0.0	minor triad	(1, 5, 10)	b-	b-	1	None
36.5	73/2	0.5	1/2	25	B-3	58	True	P3-Staff2	5	25.0	1.5	29.0	i	False	('B-', 'D-', 'F')	B-	B-	0.0	minor triad	(1, 5, 10)	b-	b-	1	None
37.0	37	0.5	1/2	25	B-4	70	True	P3-Staff2	1	25.0	1.5	29.0	i	False	('B-', 'D-', 'F')	B-	B-	0.0	minor triad	(1, 5, 10)	b-	b-	1	None
37.0	37	0.5	1/2	25	F4	65	True	P3-Staff2	1	25.0	1.5	29.0	i	False	('B-', 'D-', 'F')	B-	B-	0.0	minor triad	(1, 5, 10)	b-	b-	1	None
37.0	37	0.5	1/2	25	D-4	61	True	P3-Staff2	1	25.0	1.5	29.0	i	False	('B-', 'D-', 'F')	B-	B-	0.0	minor triad	(1, 5, 10)	b-	b-	1	None
37.0	37	0.5	1/2	25	F4	65	True	P3-Staff2	1	25.0	1.5	29.0	i	False	('B-', 'D-', 'F')	B-	B-	0.0	minor triad	(1, 5, 10)	b-	b-	1	None
37.0	37	0.5	1/2	25	B-4	70	True	P3-Staff2	1	25.0	1.5	29.0	i	False	('B-', 'D-', 'F')	B-	B-	0.0	minor triad	(1, 5, 10)	b-	b-	1	None
37.0	37	0.5	1/2	25	F3	53	True	P3-Staff2	5	25.0	1.5	29.0	i	False	('B-', 'D-', 'F')	B-	B-	0.0	minor triad	(1, 5, 10)	b-	b-	1	None
37.5	75/2	1.0	1	26	A-4	68	True	P3-Staff2	1	26.0	1.0	30.0	III+	True	('C', 'E', 'A-')	C	A-	1.0	augmented triad	(0, 4, 8)	f	f	3	None
37.5	75/2	1.0	1	26	E4	64	True	P3-Staff2	1	26.0	1.0	30.0	III+	True	('C', 'E', 'A-')	C	A-	1.0	augmented triad	(0, 4, 8)	f	f	3	None
37.5	75/2	1.0	1	26	C4	60	True	P3-Staff2	1	26.0	1.0	30.0	III+	True	('C', 'E', 'A-')	C	A-	1.0	augmented triad	(0, 4, 8)	f	f	3	None
37.5	75/2	1.0	1	26	E4	64	True	P3-Staff2	1	26.0	1.0	30.0	III+	True	('C', 'E', 'A-')	C	A-	1.0	augmented triad	(0, 4, 8)	f	f	3	None
37.5	75/2	1.0	1	26	A-4	68	True	P3-Staff2	1	26.0	1.0	30.0	III+	True	('C', 'E', 'A-')	C	A-	1.0	augmented triad	(0, 4, 8)	f	f	3	None
37.5	75/2	1.5	3/2	26	C3	48	True	P3-Staff2	6	26.0	1.0	30.0	III+	True	('C', 'E', 'A-')	C	A-	1.0	augmented triad	(0, 4, 8)	f	f	3	None
38.0	38	0.5	1/2	26	A-3	56	True	P3-Staff2	5	26.0	1.0	30.0	III+	False	('C', 'E', 'A-')	C	A-	1.0	augmented triad	(0, 4, 8)	f	f	3	None
38.5	77/2	0.5	1/2	26	G4	67	True	P3-Staff2	1	26.0	0.5	31.0	V	True	('C', 'E', 'G')	C	C	0.0	major triad	(0, 4, 7)	f	f	5	None
38.5	77/2	0.5	1/2	26	E4	64	True	P3-Staff2	1	26.0	0.5	31.0	V	True	('C', 'E', 'G')	C	C	0.0	major triad	(0, 4, 7)	f	f	5	None
38.5	77/2	0.5	1/2	26	C4	60	True	P3-Staff2	1	26.0	0.5	31.0	V	True	('C', 'E', 'G')	C	C	0.0	major triad	(0, 4, 7)	f	f	5	None
38.5	77/2	0.5	1/2	26	E4	64	True	P3-Staff2	1	26.0	0.5	31.0	V	True	('C', 'E', 'G')	C	C	0.0	major triad	(0, 4, 7)	f	f	5	None
38.5	77/2	0.5	1/2	26	G4	67	True	P3-Staff2	1	26.0	0.5	31.0	V	True	('C', 'E', 'G')	C	C	0.0	major triad	(0, 4, 7)	f	f	5	None
38.5	77/2	0.5	1/2	26	G3	55	True	P3-Staff2	5	26.0	0.5	31.0	V	True	('C', 'E', 'G')	C	C	0.0	major triad	(0, 4, 7)	f	f	5	None
39.0	39	1.0	1	27	F4	65	True	P3-Staff2	1	27.0	1.5	32.0	i	True	('A-', 'C', 'F')	A-	F	1.0	minor triad	(0, 5, 8)	f	f	1	None
39.0	39	1.0	1	27	F4	65	True	P3-Staff2	1	27.0	1.5	32.0	i	True	('A-', 'C', 'F')	A-	F	1.0	minor triad	(0, 5, 8)	f	f	1	None
39.0	39	1.0	1	27	A-3	56	True	P3-Staff2	1	27.0	1.5	32.0	i	True	('A-', 'C', 'F')	A-	F	1.0	minor triad	(0, 5, 8)	f	f	1	None
39.0	39	1.0	1	27	C4	60	True	P3-Staff2	1	27.0	1.5	32.0	i	True	('A-', 'C', 'F')	A-	F	1.0	minor triad	(0, 5, 8)	f	f	1	None
39.0	39	1.0	1	27	F4	65	True	P3-Staff2	1	27.0	1.5	32.0	i	True	('A-', 'C', 'F')	A-	F	1.0	minor triad	(0, 5, 8)	f	f	1	None
39.0	39	1.5	3/2	27	A-2	44	True	P3-Staff2	6	27.0	1.5	32.0	i	True	('A-', 'C', 'F')	A-	F	1.0	minor triad	(0, 5, 8)	f	f	1	None
39.5	79/2	0.5	1/2	27	F3	53	True	P3-Staff2	5	27.0	1.5	32.0	i	False	('A-', 'C', 'F')	A-	F	1.0	minor triad	(0, 5, 8)	f	f	1	None
40.0	40	0.5	1/2	27	F4	65	True	P3-Staff2	1	27.0	1.5	32.0	i	False	('A-', 'C', 'F')	A-	F	1.0	minor triad	(0, 5, 8)	f	f	1	None
40.0	40	0.5	1/2	27	F4	65	True	P3-Staff2	1	27.0	1.5	32.0	i	False	('A-', 'C', 'F')	A-	F	1.0	minor triad	(0, 5, 8)	f	f	1	None
40.0	40	0.5	1/2	27	A-3	56	True	P3-Staff2	1	27.0	1.5	32.0	i	False	('A-', 'C', 'F')	A-	F	1.0	minor triad	(0, 5, 8)	f	f	1	None
40.0	40	0.5	1/2	27	C4	60	True	P3-Staff2	1	27.0	1.5	32.0	i	False	('A-', 'C', 'F')	A-	F	1.0	minor triad	(0, 5, 8)	f	f	1	None
40.0	40	0.5	1/2	27	F4	65	True	P3-Staff2	1	27.0	1.5	32.0	i	False	('A-', 'C', 'F')	A-	F	1.0	minor triad	(0, 5, 8)	f	f	1	None
40.0	40	0.5	1/2	27	C3	48	True	P3-Staff2	5	27.0	1.5	32.0	i	False	('A-', 'C', 'F')	A-	F	1.0	minor triad	(0, 5, 8)	f	f	1	None
40.5	81/2	1.0	1	28	F5	77	True	P3-Staff2	1	28.0	1.5	33.0	V7	True	('A', 'C', 'E-', 'F')	A	F	1.0	dominant seventh chord	(0, 3, 5, 9)	b-	b-	5	None
40.5	81/2	1.0	1	28	D-5	73	True	P3-Staff2	1	28.0	1.5	33.0	V7	True	('A', 'C', 'E-', 'F')	A	F	1.0	dominant seventh chord	(0, 3, 5, 9)	b-	b-	5	None
40.5	81/2	1.0	1	28	F4	65	True	P3-Staff2	1	28.0	1.5	33.0	V7	True	('A', 'C', 'E-', 'F')	A	F	1.0	dominant seventh chord	(0, 3, 5, 9)	b-	b-	5	None
40.5	81/2	1.0	1	28	D-5	73	True	P3-Staff2	1	28.0	1.5	33.0	V7	True	('A', 'C', 'E-', 'F')	A	F	1.0	dominant seventh chord	(0, 3, 5, 9)	b-	b-	5	None
40.5	81/2	1.0	1	28	F5	77	True	P3-Staff2	1	28.0	1.5	33.0	V7	True	('A', 'C', 'E-', 'F')	A	F	1.0	dominant seventh chord	(0, 3, 5, 9)	b-	b-	5	None
40.5	81/2	1.5	3/2	28	A2	45	True	P3-Staff2	6	28.0	1.5	33.0	V7	True	('A', 'C', 'E-', 'F')	A	F	1.0	dominant seventh chord	(0, 3, 5, 9)	b-	b-	5	None
41.0	41	0.5	1/2	28	A3	57	True	P3-Staff2	5	28.0	1.5	33.0	V7	False	('A', 'C', 'E-', 'F')	A	F	1.0	dominant seventh chord	(0, 3, 5, 9)	b-	b-	5	None
41.5	83/2	0.5	1/2	28	E-5	75	True	P3-Staff2	1	28.0	1.5	33.0	V7	False	('A', 'C', 'E-', 'F')	A	F	1.0	dominant seventh chord	(0, 3, 5, 9)	b-	b-	5	None
41.5	83/2	0.5	1/2	28	C5	72	True	P3-Staff2	1	28.0	1.5	33.0	V7	False	('A', 'C', 'E-', 'F')	A	F	1.0	dominant seventh chord	(0, 3, 5, 9)	b-	b-	5	None
41.5	83/2	0.5	1/2	28	F4	65	True	P3-Staff2	1	28.0	1.5	33.0	V7	False	('A', 'C', 'E-', 'F')	A	F	1.0	dominant seventh chord	(0, 3, 5, 9)	b-	b-	5	None
41.5	83/2	0.5	1/2	28	C5	72	True	P3-Staff2	1	28.0	1.5	33.0	V7	False	('A', 'C', 'E-', 'F')	A	F	1.0	dominant seventh chord	(0, 3, 5, 9)	b-	b-	5	None
41.5	83/2	0.5	1/2	28	E-5	75	True	P3-Staff2	1	28.0	1.5	33.0	V7	False	('A', 'C', 'E-', 'F')	A	F	1.0	dominant seventh chord	(0, 3, 5, 9)	b-	b-	5	None
41.5	83/2	0.5	1/2	28	F3	53	True	P3-Staff2	5	28.0	1.5	33.0	V7	False	('A', 'C', 'E-', 'F')	A	F	1.0	dominant seventh chord	(0, 3, 5, 9)	b-	b-	5	None
42.0	42	1.0	1	29	D-5	73	True	P3-Staff2	1	29.0	1.0	34.0	i	True	('B-', 'D-', 'F')	B-	B-	0.0	minor triad	(1, 5, 10)	b-	b-	1	None
42.0	42	1.0	1	29	B-4	70	True	P3-Staff2	1	29.0	1.0	34.0	i	True	('B-', 'D-', 'F')	B-	B-	0.0	minor triad	(1, 5, 10)	b-	b-	1	None
42.0	42	1.0	1	29	F4	65	True	P3-Staff2	1	29.0	1.0	34.0	i	True	('B-', 'D-', 'F')	B-	B-	0.0	minor triad	(1, 5, 10)	b-	b-	1	None
42.0	42	1.0	1	29	B-4	70	True	P3-Staff2	1	29.0	1.0	34.0	i	True	('B-', 'D-', 'F')	B-	B-	0.0	minor triad	(1, 5, 10)	b-	b-	1	None
42.0	42	1.0	1	29	D-5	73	True	P3-Staff2	1	29.0	1.0	34.0	i	True	('B-', 'D-', 'F')	B-	B-	0.0	minor triad	(1, 5, 10)	b-	b-	1	None
42.0	42	1.0	1	29	B-2	46	True	P3-Staff2	6	29.0	1.0	34.0	i	True	('B-', 'D-', 'F')	B-	B-	0.0	minor triad	(1, 5, 10)	b-	b-	1	None
42.5	85/2	1.0	1	29	F3	53	True	P3-Staff2	5	29.0	1.0	34.0	i	False	('B-', 'D-', 'F')	B-	B-	0.0	minor triad	(1, 5, 10)	b-	b-	1	None
43.0	43	0.5	1/2	29	C5	72	True	P3-Staff2	1	29.0	0.5	35.0	V7	True	('C', 'E-', 'F', 'A')	C	F	2.0	dominant seventh chord	(0, 3, 5, 9)	b-	b-	5	None
43.0	43	0.5	1/2	29	A4	69	True	P3-Staff2	1	29.0	0.5	35.0	V7	True	('C', 'E-', 'F', 'A')	C	F	2.0	dominant seventh chord	(0, 3, 5, 9)	b-	b-	5	None
43.0	43	0.5	1/2	29	E-4	63	True	P3-Staff2	1	29.0	0.5	35.0	V7	True	('C', 'E-', 'F', 'A')	C	F	2.0	dominant seventh chord	(0, 3, 5, 9)	b-	b-	5	None
43.0	43	0.5	1/2	29	A4	69	True	P3-Staff2	1	29.0	0.5	35.0	V7	True	('C', 'E-', 'F', 'A')	C	F	2.0	dominant seventh chord	(0, 3, 5, 9)	b-	b-	5	None
43.0	43	0.5	1/2	29	C5	72	True	P3-Staff2	1	29.0	0.5	35.0	V7	True	('C', 'E-', 'F', 'A')	C	F	2.0	dominant seventh chord	(0, 3, 5, 9)	b-	b-	5	None
43.0	43	0.5	1/2	29	C3	48	True	P3-Staff2	6	29.0	0.5	35.0	V7	True	('C', 'E-', 'F', 'A')	C	F	2.0	dominant seventh chord	(0, 3, 5, 9)	b-	b-	5	None
43.5	87/2	0.5	1/2	30	B-4	70	True	P3-Staff2	1	30.0	0.5	36.0	i	True	('D-', 'F', 'B-')	D-	B-	1.0	minor triad	(1, 5, 10)	b-	b-	1	None
43.5	87/2	0.5	1/2	30	B-4	70	True	P3-Staff2	1	30.0	0.5	36.0	i	True	('D-', 'F', 'B-')	D-	B-	1.0	minor triad	(1, 5, 10)	b-	b-	1	None
43.5	87/2	0.5	1/2	30	B-4	70	True	P3-Staff2	1	30.0	0.5	36.0	i	True	('D-', 'F', 'B-')	D-	B-	1.0	minor triad	(1, 5, 10)	b-	b-	1	None
43.5	87/2	1.0	1	30	D-4	61	True	P3-Staff2	1	30.0	0.5	36.0	i	True	('D-', 'F', 'B-')	D-	B-	1.0	minor triad	(1, 5, 10)	b-	b-	1	None
43.5	87/2	1.0	1	30	F4	65	True	P3-Staff2	1	30.0	0.5	36.0	i	True	('D-', 'F', 'B-')	D-	B-	1.0	minor triad	(1, 5, 10)	b-	b-	1	None
43.5	87/2	1.0	1	30	D-3	49	True	P3-Staff2	6	30.0	0.5	36.0	i	True	('D-', 'F', 'B-')	D-	B-	1.0	minor triad	(1, 5, 10)	b-	b-	1	None
44.0	44	1.0	1	30	A-4	68	True	P3-Staff2	1	30.0	0.5	37.0	IV	True	('D-', 'F', 'A-')	D-	D-	0.0	major triad	(1, 5, 8)	A-	A-	4	None
44.0	44	0.5	1/2	30	A-4	68	True	P3-Staff2	1	30.0	0.5	37.0	IV	True	('D-', 'F', 'A-')	D-	D-	0.0	major triad	(1, 5, 8)	A-	A-	4	None
44.0	44	0.5	1/2	30	A-4	68	True	P3-Staff2	1	30.0	0.5	37.0	IV	True	('D-', 'F', 'A-')	D-	D-	0.0	major triad	(1, 5, 8)	A-	A-	4	None
44.0	44	1.0	1	30	F3	53	True	P3-Staff2	5	30.0	0.5	37.0	IV	True	('D-', 'F', 'A-')	D-	D-	0.0	major triad	(1, 5, 8)	A-	A-	4	None
44.5	89/2	0.5	1/2	30	F4	65	True	P3-Staff2	1	30.0	0.5	38.0	viio/V	True	('D', 'F', 'A-')	D	D	0.0	diminished triad	(2, 5, 8)	A-	E-	7	5
44.5	89/2	0.5	1/2	30	C-4	59	True	P3-Staff2	1	30.0	0.5	38.0	viio/V	True	('D', 'F', 'A-')	D	D	0.0	diminished triad	(2, 5, 8)	A-	E-	7	5
44.5	89/2	0.5	1/2	30	F4	65	True	P3-Staff2	1	30.0	0.5	38.0	viio/V	True	('D', 'F', 'A-')	D	D	0.0	diminished triad	(2, 5, 8)	A-	E-	7	5
44.5	89/2	0.5	1/2	30	A-4	68	True	P3-Staff2	1	30.0	0.5	38.0	viio/V	True	('D', 'F', 'A-')	D	D	0.0	diminished triad	(2, 5, 8)	A-	E-	7	5
44.5	89/2	0.5	1/2	30	D3	50	True	P3-Staff2	6	30.0	0.5	38.0	viio/V	True	('D', 'F', 'A-')	D	D	0.0	diminished triad	(2, 5, 8)	A-	E-	7	5
45.0	45	1.0	1	31	A-4	68	True	P3-Staff2	1	31.0	1.5	39.0	I	True	('E-', 'A-', 'C')	E-	A-	2.0	major triad	(0, 3, 8)	A-	A-	1	None
45.0	45	1.0	1	31	E-4	63	True	P3-Staff2	1	31.0	1.5	39.0	I	True	('E-', 'A-', 'C')	E-	A-	2.0	major triad	(0, 3, 8)	A-	A-	1	None
45.0	45	1.0	1	31	C4	60	True	P3-Staff2	1	31.0	1.5	39.0	I	True	('E-', 'A-', 'C')	E-	A-	2.0	major triad	(0, 3, 8)	A-	A-	1	None
45.0	45	1.0	1	31	E-4	63	True	P3-Staff2	1	31.0	1.5	39.0	I	True	('E-', 'A-', 'C')	E-	A-	2.0	major triad	(0, 3, 8)	A-	A-	1	None
45.0	45	1.0	1	31	A-4	68	True	P3-Staff2	1	31.0	1.5	39.0	I	True	('E-', 'A-', 'C')	E-	A-	2.0	major triad	(0, 3, 8)	A-	A-	1	None
45.0	45	0.5	1/2	31	E-3	51	True	P3-Staff2	6	31.0	1.5	39.0	I	True	('E-', 'A-', 'C')	E-	A-	2.0	major triad	(0, 3, 8)	A-	A-	1	None
45.5	91/2	1.0	1	31	E-2	39	True	P3-Staff2	6	31.0	1.5	39.0	I	False	('E-', 'A-', 'C')	E-	A-	2.0	major triad	(0, 3, 8)	A-	A-	1	None
46.0	46	0.5	1/2	31	F4	65	True	P3-Staff2	1	31.0	1.5	39.0	I	False	('E-', 'A-', 'C')	E-	A-	2.0	major triad	(0, 3, 8)	A-	A-	1	None
46.0	46	0.5	1/2	31	D4	62	True	P3-Staff2	1	31.0	1.5	39.0	I	False	('E-', 'A-', 'C')	E-	A-	2.0	major triad	(0, 3, 8)	A-	A-	1	None
46.0	46	0.5	1/2	31	B3	59	True	P3-Staff2	1	31.0	1.5	39.0	I	False	('E-', 'A-', 'C')	E-	A-	2.0	major triad	(0, 3, 8)	A-	A-	1	None
46.0	46	0.5	1/2	31	D4	62	True	P3-Staff2	1	31.0	1.5	39.0	I	False	('E-', 'A-', 'C')	E-	A-	2.0	major triad	(0, 3, 8)	A-	A-	1	None
46.0	46	0.5	1/2	31	F4	65	True	P3-Staff2	1	31.0	1.5	39.0	I	False	('E-', 'A-', 'C')	E-	A-	2.0	major triad	(0, 3, 8)	A-	A-	1	None
46.5	93/2	1.0	1	32	E-5	75	True	P3-Staff2	1	32.0	1.0	40.0	I	True	('E-', 'A-', 'C')	E-	A-	2.0	major triad	(0, 3, 8)	A-	A-	1	None
46.5	93/2	0.5	1/2	32	E-4	63	True	P3-Staff2	1	32.0	1.0	40.0	I	True	('E-', 'A-', 'C')	E-	A-	2.0	major triad	(0, 3, 8)	A-	A-	1	None
46.5	93/2	1.0	1	32	G4	67	True	P3-Staff2	1	32.0	1.0	40.0	I	True	('E-', 'A-', 'C')	E-	A-	2.0	major triad	(0, 3, 8)	A-	A-	1	None
46.5	93/2	1.0	1	32	C5	72	True	P3-Staff2	1	32.0	1.0	40.0	I	True	('E-', 'A-', 'C')	E-	A-	2.0	major triad	(0, 3, 8)	A-	A-	1	None
46.5	93/2	1.0	1	32	E-5	75	True	P3-Staff2	1	32.0	1.0	40.0	I	True	('E-', 'A-', 'C')	E-	A-	2.0	major triad	(0, 3, 8)	A-	A-	1	None
46.5	93/2	1.5	3/2	32	E-1	27	True	P3-Staff2	1	32.0	1.0	40.0	I	True	('E-', 'A-', 'C')	E-	A-	2.0	major triad	(0, 3, 8)	A-	A-	1	None
46.5	93/2	1.5	3/2	32	E-2	39	True	P3-Staff2	1	32.0	1.0	40.0	I	True	('E-', 'A-', 'C')	E-	A-	2.0	major triad	(0, 3, 8)	A-	A-	1	None
47.0	47	0.5	1/2	32	F4	65	True	P3-Staff2	1	32.0	1.0	40.0	I	False	('E-', 'A-', 'C')	E-	A-	2.0	major triad	(0, 3, 8)	A-	A-	1	None
47.0	47	0.5	1/2	32	C4	60	True	P3-Staff2	5	32.0	1.0	40.0	I	False	('E-', 'A-', 'C')	E-	A-	2.0	major triad	(0, 3, 8)	A-	A-	1	None
47.5	95/2	0.5	1/2	32	C5	72	True	P3-Staff2	1	32.0	0.5	41.0	V7	True	('E-', 'G', 'B-', 'D-')	E-	E-	0.0	dominant seventh chord	(1, 3, 7, 10)	A-	A-	5	None
47.5	95/2	0.5	1/2	32	G4	67	True	P3-Staff2	1	32.0	0.5	41.0	V7	True	('E-', 'G', 'B-', 'D-')	E-	E-	0.0	dominant seventh chord	(1, 3, 7, 10)	A-	A-	5	None
47.5	95/2	0.5	1/2	32	D-4	61	True	P3-Staff2	1	32.0	0.5	41.0	V7	True	('E-', 'G', 'B-', 'D-')	E-	E-	0.0	dominant seventh chord	(1, 3, 7, 10)	A-	A-	5	None
47.5	95/2	0.5	1/2	32	G4	67	True	P3-Staff2	1	32.0	0.5	41.0	V7	True	('E-', 'G', 'B-', 'D-')	E-	E-	0.0	dominant seventh chord	(1, 3, 7, 10)	A-	A-	5	None
47.5	95/2	0.5	1/2	32	C5	72	True	P3-Staff2	1	32.0	0.5	41.0	V7	True	('E-', 'G', 'B-', 'D-')	E-	E-	0.0	dominant seventh chord	(1, 3, 7, 10)	A-	A-	5	None
47.5	95/2	0.5	1/2	32	E-3	51	True	P3-Staff2	5	32.0	0.5	41.0	V7	True	('E-', 'G', 'B-', 'D-')	E-	E-	0.0	dominant seventh chord	(1, 3, 7, 10)	A-	A-	5	None
48.0	48	1.5	3/2	33	A-4	68	True	P3-Staff2	1	33.0	1.5	42.0	I	True	('A-', 'C', 'E-')	A-	A-	0.0	major triad	(0, 3, 8)	A-	A-	1	None
48.0	48	1.5	3/2	33	A-4	68	True	P3-Staff2	1	33.0	1.5	42.0	I	True	('A-', 'C', 'E-')	A-	A-	0.0	major triad	(0, 3, 8)	A-	A-	1	None
48.0	48	0.5	1/2	33	C4	60	True	P3-Staff2	1	33.0	1.5	42.0	I	True	('A-', 'C', 'E-')	A-	A-	0.0	major triad	(0, 3, 8)	A-	A-	1	None
48.0	48	0.5	1/2	33	E-4	63	True	P3-Staff2	1	33.0	1.5	42.0	I	True	('A-', 'C', 'E-')	A-	A-	0.0	major triad	(0, 3, 8)	A-	A-	1	None
48.0	48	0.5	1/2	33	A-4	68	True	P3-Staff2	1	33.0	1.5	42.0	I	True	('A-', 'C', 'E-')	A-	A-	0.0	major triad	(0, 3, 8)	A-	A-	1	None
48.0	48	1.5	3/2	33	A-1	32	True	P3-Staff2	1	33.0	1.5	42.0	I	True	('A-', 'C', 'E-')	A-	A-	0.0	major triad	(0, 3, 8)	A-	A-	1	None
48.0	48	1.5	3/2	33	A-2	44	True	P3-Staff2	1	33.0	1.5	42.0	I	True	('A-', 'C', 'E-')	A-	A-	0.0	major triad	(0, 3, 8)	A-	A-	1	None
48.5	97/2	0.5	1/2	33	C4	60	True	P3-Staff2	2	33.0	1.5	42.0	I	False	('A-', 'C', 'E-')	A-	A-	0.0	major triad	(0, 3, 8)	A-	A-	1	None
49.0	49	0.5	1/2	33	E-4	63	True	P3-Staff2	2	33.0	1.5	42.0	I	False	('A-', 'C', 'E-')	A-	A-	0.0	major triad	(0, 3, 8)	A-	A-	1	None
49.5	99/2	1.5	3/2	34	A-4	68	False	P3-Staff2	1	34.0	1.5	43.0	I	True	('A-', 'C', 'E-')	A-	A-	0.0	major triad	(0, 3, 8)	A-	A-	1	None
49.5	99/2	1.5	3/2	34	A-4	68	False	P3-Staff2	1	34.0	1.5	43.0	I	True	('A-', 'C', 'E-')	A-	A-	0.0	major triad	(0, 3, 8)	A-	A-	1	None
49.5	99/2	0.5	1/2	34	A-4	68	True	P3-Staff2	2	34.0	1.5	43.0	I	True	('A-', 'C', 'E-')	A-	A-	0.0	major triad	(0, 3, 8)	A-	A-	1	None
49.5	99/2	0.5	1/2	34	A-1	32	False	P3-Staff2	1	34.0	1.5	43.0	I	True	('A-', 'C', 'E-')	A-	A-	0.0	major triad	(0, 3, 8)	A-	A-	1	None
49.5	99/2	0.5	1/2	34	A-2	44	False	P3-Staff2	1	34.0	1.5	43.0	I	True	('A-', 'C', 'E-')	A-	A-	0.0	major triad	(0, 3, 8)	A-	A-	1	None
50.0	50	0.5	1/2	34	A-3	56	True	P3-Staff2	1	34.0	1.5	43.0	I	False	('A-', 'C', 'E-')	A-	A-	0.0	major triad	(0, 3, 8)	A-	A-	1	None
50.0	50	0.5	1/2	34	C4	60	True	P3-Staff2	1	34.0	1.5	43.0	I	False	('A-', 'C', 'E-')	A-	A-	0.0	major triad	(0, 3, 8)	A-	A-	1	None
50.0	50	0.5	1/2	34	E-4	63	True	P3-Staff2	1	34.0	1.5	43.0	I	False	('A-', 'C', 'E-')	A-	A-	0.0	major triad	(0, 3, 8)	A-	A-	1	None
50.5	101/2	0.5	1/2	34	C4	60	True	P3-Staff2	1	34.0	1.5	43.0	I	False	('A-', 'C', 'E-')	A-	A-	0.0	major triad	(0, 3, 8)	A-	A-	1	None
50.5	101/2	0.5	1/2	34	E-4	63	True	P3-Staff2	1	34.0	1.5	43.0	I	False	('A-', 'C', 'E-')	A-	A-	0.0	major triad	(0, 3, 8)	A-	A-	1	None
50.5	101/2	0.5	1/2	34	A-4	68	True	P3-Staff2	1	34.0	1.5	43.0	I	False	('A-', 'C', 'E-')	A-	A-	0.0	major triad	(0, 3, 8)	A-	A-	1	None
51.0	51	1.0	1	35	A-4	68	False	P3-Staff2	1	35.0	1.5	44.0	bVI	True	('A-', 'C-', 'F-')	A-	F-	1.0	major triad	(4, 8, 11)	A-	A-	-6	None
51.0	51	1.0	1	35	A-4	68	False	P3-Staff2	1	35.0	1.5	44.0	bVI	True	('A-', 'C-', 'F-')	A-	F-	1.0	major triad	(4, 8, 11)	A-	A-	-6	None
51.0	51	1.0	1	35	C-5	71	True	P3-Staff2	1	35.0	1.5	44.0	bVI	True	('A-', 'C-', 'F-')	A-	F-	1.0	major triad	(4, 8, 11)	A-	A-	-6	None
51.0	51	1.5	3/2	35	F-4	64	True	P3-Staff2	1	35.0	1.5	44.0	bVI	True	('A-', 'C-', 'F-')	A-	F-	1.0	major triad	(4, 8, 11)	A-	A-	-6	None
51.0	51	1.5	3/2	35	A-4	68	True	P3-Staff2	1	35.0	1.5	44.0	bVI	True	('A-', 'C-', 'F-')	A-	F-	1.0	major triad	(4, 8, 11)	A-	A-	-6	None
51.0	51	1.5	3/2	35	A-2	44	True	P3-Staff2	6	35.0	1.5	44.0	bVI	True	('A-', 'C-', 'F-')	A-	F-	1.0	major triad	(4, 8, 11)	A-	A-	-6	None
51.5	103/2	0.5	1/2	35	A-3	56	True	P3-Staff2	5	35.0	1.5	44.0	bVI	False	('A-', 'C-', 'F-')	A-	F-	1.0	major triad	(4, 8, 11)	A-	A-	-6	None
52.0	52	0.5	1/2	35	F-5	76	True	P3-Staff2	1	35.0	1.5	44.0	bVI	False	('A-', 'C-', 'F-')	A-	F-	1.0	major triad	(4, 8, 11)	A-	A-	-6	None
52.0	52	0.5	1/2	35	F-3	52	True	P3-Staff2	5	35.0	1.5	44.0	bVI	False	('A-', 'C-', 'F-')	A-	F-	1.0	major triad	(4, 8, 11)	A-	A-	-6	None
52.5	105/2	0.75	3/4	36	C-5	71	True	P3-Staff2	1	36.0	1.5	45.0	bVI	True	('A-', 'C-', 'F-')	A-	F-	1.0	major triad	(4, 8, 11)	A-	A-	-6	None
52.5	105/2	1.0	1	36	F-4	64	True	P3-Staff2	1	36.0	1.5	45.0	bVI	True	('A-', 'C-', 'F-')	A-	F-	1.0	major triad	(4, 8, 11)	A-	A-	-6	None
52.5	105/2	1.0	1	36	A-4	68	True	P3-Staff2	1	36.0	1.5	45.0	bVI	True	('A-', 'C-', 'F-')	A-	F-	1.0	major triad	(4, 8, 11)	A-	A-	-6	None
52.5	105/2	1.5	3/2	36	A-2	44	True	P3-Staff2	6	36.0	1.5	45.0	bVI	True	('A-', 'C-', 'F-')	A-	F-	1.0	major triad	(4, 8, 11)	A-	A-	-6	None
53.0	53	0.5	1/2	36	A-3	56	True	P3-Staff2	5	36.0	1.5	45.0	bVI	False	('A-', 'C-', 'F-')	A-	F-	1.0	major triad	(4, 8, 11)	A-	A-	-6	None
53.25	213/4	0.25	1/4	36	B-4	70	True	P3-Staff2	1	36.0	1.5	45.0	bVI	False	('A-', 'C-', 'F-')	A-	F-	1.0	major triad	(4, 8, 11)	A-	A-	-6	None
53.5	107/2	0.5	1/2	36	A-4	68	True	P3-Staff2	1	36.0	1.5	45.0	bVI	False	('A-', 'C-', 'F-')	A-	F-	1.0	major triad	(4, 8, 11)	A-	A-	-6	None
53.5	107/2	0.5	1/2	36	C-4	59	True	P3-Staff2	1	36.0	1.5	45.0	bVI	False	('A-', 'C-', 'F-')	A-	F-	1.0	major triad	(4, 8, 11)	A-	A-	-6	None
53.5	107/2	0.5	1/2	36	F-4	64	True	P3-Staff2	1	36.0	1.5	45.0	bVI	False	('A-', 'C-', 'F-')	A-	F-	1.0	major triad	(4, 8, 11)	A-	A-	-6	None
53.5	107/2	0.5	1/2	36	F-3	52	True	P3-Staff2	5	36.0	1.5	45.0	bVI	False	('A-', 'C-', 'F-')	A-	F-	1.0	major triad	(4, 8, 11)	A-	A-	-6	None
54.0	54	1.5	3/2	37	E-5	75	True	P3-Staff2	1	37.0	1.5	46.0	I	True	('A-', 'C', 'E-')	A-	A-	0.0	major triad	(0, 3, 8)	A-	A-	1	None
54.0	54	1.0	1	37	E-4	63	True	P3-Staff2	1	37.0	1.5	46.0	I	True	('A-', 'C', 'E-')	A-	A-	0.0	major triad	(0, 3, 8)	A-	A-	1	None
54.0	54	1.0	1	37	A-4	68	True	P3-Staff2	1	37.0	1.5	46.0	I	True	('A-', 'C', 'E-')	A-	A-	0.0	major triad	(0, 3, 8)	A-	A-	1	None
54.0	54	1.0	1	37	C5	72	True	P3-Staff2	1	37.0	1.5	46.0	I	True	('A-', 'C', 'E-')	A-	A-	0.0	major triad	(0, 3, 8)	A-	A-	1	None
54.0	54	1.5	3/2	37	A-2	44	True	P3-Staff2	6	37.0	1.5	46.0	I	True	('A-', 'C', 'E-')	A-	A-	0.0	major triad	(0, 3, 8)	A-	A-	1	None
54.5	109/2	0.5	1/2	37	A-3	56	True	P3-Staff2	5	37.0	1.5	46.0	I	False	('A-', 'C', 'E-')	A-	A-	0.0	major triad	(0, 3, 8)	A-	A-	1	None
55.0	55	0.5	1/2	37	C4	60	True	P3-Staff2	1	37.0	1.5	46.0	I	False	('A-', 'C', 'E-')	A-	A-	0.0	major triad	(0, 3, 8)	A-	A-	1	None
55.0	55	0.5	1/2	37	E-4	63	True	P3-Staff2	1	37.0	1.5	46.0	I	False	('A-', 'C', 'E-')	A-	A-	0.0	major triad	(0, 3, 8)	A-	A-	1	None
55.0	55	0.5	1/2	37	A-4	68	True	P3-Staff2	1	37.0	1.5	46.0	I	False	('A-', 'C', 'E-')	A-	A-	0.0	major triad	(0, 3, 8)	A-	A-	1	None
55.0	55	0.5	1/2	37	E-3	51	True	P3-Staff2	5	37.0	1.5	46.0	I	False	('A-', 'C', 'E-')	A-	A-	0.0	major triad	(0, 3, 8)	A-	A-	1	None
55.5	111/2	1.5	3/2	38	E-5	75	False	P3-Staff2	1	38.0	1.5	47.0	V7	True	('E-', 'G', 'B-', 'D-')	E-	E-	0.0	dominant seventh chord	(1, 3, 7, 10)	A-	A-	5	None
55.5	111/2	1.5	3/2	38	B-3	58	True	P3-Staff2	1	38.0	1.5	47.0	V7	True	('E-', 'G', 'B-', 'D-')	E-	E-	0.0	dominant seventh chord	(1, 3, 7, 10)	A-	A-	5	None
55.5	111/2	1.5	3/2	38	D-4	61	True	P3-Staff2	1	38.0	1.5	47.0	V7	True	('E-', 'G', 'B-', 'D-')	E-	E-	0.0	dominant seventh chord	(1, 3, 7, 10)	A-	A-	5	None
55.5	111/2	1.5	3/2	38	E-4	63	True	P3-Staff2	1	38.0	1.5	47.0	V7	True	('E-', 'G', 'B-', 'D-')	E-	E-	0.0	dominant seventh chord	(1, 3, 7, 10)	A-	A-	5	None
55.5	111/2	1.5	3/2	38	A-2	44	True	P3-Staff2	6	38.0	1.5	47.0	V7	True	('E-', 'G', 'B-', 'D-')	E-	E-	0.0	dominant seventh chord	(1, 3, 7, 10)	A-	A-	5	None
56.0	56	0.5	1/2	38	G3	55	True	P3-Staff2	5	38.0	1.5	47.0	V7	False	('E-', 'G', 'B-', 'D-')	E-	E-	0.0	dominant seventh chord	(1, 3, 7, 10)	A-	A-	5	None
56.5	113/2	0.5	1/2	38	E-3	51	True	P3-Staff2	5	38.0	1.5	47.0	V7	False	('E-', 'G', 'B-', 'D-')	E-	E-	0.0	dominant seventh chord	(1, 3, 7, 10)	A-	A-	5	None
57.0	57	0.5	1/2	39	E-5	75	False	P3-Staff2	1	39.0	1.5	48.0	I	True	('A-', 'C', 'E-')	A-	A-	0.0	major triad	(0, 3, 8)	A-	A-	1	None
57.0	57	1.0	1	39	E-4	63	True	P3-Staff2	1	39.0	1.5	48.0	I	True	('A-', 'C', 'E-')	A-	A-	0.0	major triad	(0, 3, 8)	A-	A-	1	None
57.0	57	1.0	1	39	A-4	68	True	P3-Staff2	1	39.0	1.5	48.0	I	True	('A-', 'C', 'E-')	A-	A-	0.0	major triad	(0, 3, 8)	A-	A-	1	None
57.0	57	1.0	1	39	C5	72	True	P3-Staff2	1	39.0	1.5	48.0	I	True	('A-', 'C', 'E-')	A-	A-	0.0	major triad	(0, 3, 8)	A-	A-	1	None
57.0	57	1.5	3/2	39	A-2	44	True	P3-Staff2	6	39.0	1.5	48.0	I	True	('A-', 'C', 'E-')	A-	A-	0.0	major triad	(0, 3, 8)	A-	A-	1	None
57.5	115/2	0.5	1/2	39	A-3	56	True	P3-Staff2	5	39.0	1.5	48.0	I	False	('A-', 'C', 'E-')	A-	A-	0.0	major triad	(0, 3, 8)	A-	A-	1	None
58.0	58	0.5	1/2	39	C4	60	True	P3-Staff2	1	39.0	1.5	48.0	I	False	('A-', 'C', 'E-')	A-	A-	0.0	major triad	(0, 3, 8)	A-	A-	1	None
58.0	58	0.5	1/2	39	E-4	63	True	P3-Staff2	1	39.0	1.5	48.0	I	False	('A-', 'C', 'E-')	A-	A-	0.0	major triad	(0, 3, 8)	A-	A-	1	None
58.0	58	0.5	1/2	39	A-4	68	True	P3-Staff2	1	39.0	1.5	48.0	I	False	('A-', 'C', 'E-')	A-	A-	0.0	major triad	(0, 3, 8)	A-	A-	1	None
58.0	58	0.5	1/2	39	E-3	51	True	P3-Staff2	5	39.0	1.5	48.0	I	False	('A-', 'C', 'E-')	A-	A-	0.0	major triad	(0, 3, 8)	A-	A-	1	None
58.5	117/2	0.75	3/4	40	F4	65	True	P3-Staff2	1	40.0	1.5	49.0	viio7/V	True	('A-', 'C-', 'D', 'F')	A-	D	2.0	diminished seventh chord	(2, 5, 8, 11)	A-	E-	7	5
58.5	117/2	1.5	3/2	40	C-4	59	True	P3-Staff2	1	40.0	1.5	49.0	viio7/V	True	('A-', 'C-', 'D', 'F')	A-	D	2.0	diminished seventh chord	(2, 5, 8, 11)	A-	E-	7	5
58.5	117/2	1.5	3/2	40	D4	62	True	P3-Staff2	1	40.0	1.5	49.0	viio7/V	True	('A-', 'C-', 'D', 'F')	A-	D	2.0	diminished seventh chord	(2, 5, 8, 11)	A-	E-	7	5
58.5	117/2	1.5	3/2	40	A-2	44	True	P3-Staff2	6	40.0	1.5	49.0	viio7/V	True	('A-', 'C-', 'D', 'F')	A-	D	2.0	diminished seventh chord	(2, 5, 8, 11)	A-	E-	7	5
59.0	59	0.5	1/2	40	A-3	56	True	P3-Staff2	5	40.0	1.5	49.0	viio7/V	False	('A-', 'C-', 'D', 'F')	A-	D	2.0	diminished seventh chord	(2, 5, 8, 11)	A-	E-	7	5
59.25	237/4	0.25	1/4	40	G4	67	True	P3-Staff2	1	40.0	1.5	49.0	viio7/V	False	('A-', 'C-', 'D', 'F')	A-	D	2.0	diminished seventh chord	(2, 5, 8, 11)	A-	E-	7	5
59.5	119/2	0.5	1/2	40	A-4	68	True	P3-Staff2	1	40.0	1.5	49.0	viio7/V	False	('A-', 'C-', 'D', 'F')	A-	D	2.0	diminished seventh chord	(2, 5, 8, 11)	A-	E-	7	5
59.5	119/2	0.5	1/2	40	F3	53	True	P3-Staff2	5	40.0	1.5	49.0	viio7/V	False	('A-', 'C-', 'D', 'F')	A-	D	2.0	diminished seventh chord	(2, 5, 8, 11)	A-	E-	7	5
60.0	60	1.5	3/2	41	E-4	63	True	P3-Staff2	1	41.0	1.5	50.0	V7	True	('E-', 'G', 'B-', 'D-')	E-	E-	0.0	dominant seventh chord	(1, 3, 7, 10)	A-	A-	5	None
60.0	60	1.0	1	41	B-4	70	True	P3-Staff2	1	41.0	1.5	50.0	V7	True	('E-', 'G', 'B-', 'D-')	E-	E-	0.0	dominant seventh chord	(1, 3, 7, 10)	A-	A-	5	None
60.0	60	1.5	3/2	41	D-4	61	True	P3-Staff2	1	41.0	1.5	50.0	V7	True	('E-', 'G', 'B-', 'D-')	E-	E-	0.0	dominant seventh chord	(1, 3, 7, 10)	A-	A-	5	None
60.0	60	1.5	3/2	41	G4	67	True	P3-Staff2	1	41.0	1.5	50.0	V7	True	('E-', 'G', 'B-', 'D-')	E-	E-	0.0	dominant seventh chord	(1, 3, 7, 10)	A-	A-	5	None
60.0	60	1.5	3/2	41	A-2	44	True	P3-Staff2	6	41.0	1.5	50.0	V7	True	('E-', 'G', 'B-', 'D-')	E-	E-	0.0	dominant seventh chord	(1, 3, 7, 10)	A-	A-	5	None
60.5	121/2	0.5	1/2	41	G3	55	True	P3-Staff2	5	41.0	1.5	50.0	V7	False	('E-', 'G', 'B-', 'D-')	E-	E-	0.0	dominant seventh chord	(1, 3, 7, 10)	A-	A-	5	None
61.0	61	0.5	1/2	41	E-5	75	True	P3-Staff2	1	41.0	1.5	50.0	V7	False	('E-', 'G', 'B-', 'D-')	E-	E-	0.0	dominant seventh chord	(1, 3, 7, 10)	A-	A-	5	None
61.0	61	0.5	1/2	41	E-3	51	True	P3-Staff2	5	41.0	1.5	50.0	V7	False	('E-', 'G', 'B-', 'D-')	E-	E-	0.0	dominant seventh chord	(1, 3, 7, 10)	A-	A-	5	None
61.5	123/2	1.5	3/2	42	E-4	63	False	P3-Staff2	1	42.0	1.5	51.0	V+7	True	('E-', 'G', 'B', 'D-')	E-	E-	0.0	augmented seventh chord	(1, 3, 7, 11)	A-	A-	5	None
61.5	123/2	1.0	1	42	B4	71	True	P3-Staff2	1	42.0	1.5	51.0	V+7	True	('E-', 'G', 'B', 'D-')	E-	E-	0.0	augmented seventh chord	(1, 3, 7, 11)	A-	A-	5	None
61.5	123/2	1.5	3/2	42	D-4	61	True	P3-Staff2	1	42.0	1.5	51.0	V+7	True	('E-', 'G', 'B', 'D-')	E-	E-	0.0	augmented seventh chord	(1, 3, 7, 11)	A-	A-	5	None
61.5	123/2	1.5	3/2	42	G4	67	True	P3-Staff2	1	42.0	1.5	51.0	V+7	True	('E-', 'G', 'B', 'D-')	E-	E-	0.0	augmented seventh chord	(1, 3, 7, 11)	A-	A-	5	None
61.5	123/2	1.5	3/2	42	A-2	44	True	P3-Staff2	6	42.0	1.5	51.0	V+7	True	('E-', 'G', 'B', 'D-')	E-	E-	0.0	augmented seventh chord	(1, 3, 7, 11)	A-	A-	5	None
62.0	62	0.5	1/2	42	G3	55	True	P3-Staff2	5	42.0	1.5	51.0	V+7	False	('E-', 'G', 'B', 'D-')	E-	E-	0.0	augmented seventh chord	(1, 3, 7, 11)	A-	A-	5	None
62.5	125/2	0.5	1/2	42	E-5	75	True	P3-Staff2	1	42.0	1.5	51.0	V+7	False	('E-', 'G', 'B', 'D-')	E-	E-	0.0	augmented seventh chord	(1, 3, 7, 11)	A-	A-	5	None
62.5	125/2	0.5	1/2	42	E-3	51	True	P3-Staff2	5	42.0	1.5	51.0	V+7	False	('E-', 'G', 'B', 'D-')	E-	E-	0.0	augmented seventh chord	(1, 3, 7, 11)	A-	A-	5	None
63.0	63	1.0	1	43	C5	72	True	P3-Staff2	1	43.0	1.5	52.0	I	True	('A-', 'C', 'E-')	A-	A-	0.0	major triad	(0, 3, 8)	A-	A-	1	None
63.0	63	1.0	1	43	E-4	63	False	P3-Staff2	1	43.0	1.5	52.0	I	True	('A-', 'C', 'E-')	A-	A-	0.0	major triad	(0, 3, 8)	A-	A-	1	None
63.0	63	1.0	1	43	E-4	63	True	P3-Staff2	1	43.0	1.5	52.0	I	True	('A-', 'C', 'E-')	A-	A-	0.0	major triad	(0, 3, 8)	A-	A-	1	None
63.0	63	1.0	1	43	A-4	68	True	P3-Staff2	1	43.0	1.5	52.0	I	True	('A-', 'C', 'E-')	A-	A-	0.0	major triad	(0, 3, 8)	A-	A-	1	None
63.0	63	1.0	1	43	C5	72	True	P3-Staff2	1	43.0	1.5	52.0	I	True	('A-', 'C', 'E-')	A-	A-	0.0	major triad	(0, 3, 8)	A-	A-	1	None
63.0	63	1.5	3/2	43	A-2	44	True	P3-Staff2	6	43.0	1.5	52.0	I	True	('A-', 'C', 'E-')	A-	A-	0.0	major triad	(0, 3, 8)	A-	A-	1	None
63.5	127/2	0.5	1/2	43	A-3	56	True	P3-Staff2	5	43.0	1.5	52.0	I	False	('A-', 'C', 'E-')	A-	A-	0.0	major triad	(0, 3, 8)	A-	A-	1	None
64.0	64	0.5	1/2	43	E-5	75	True	P3-Staff2	1	43.0	1.5	52.0	I	False	('A-', 'C', 'E-')	A-	A-	0.0	major triad	(0, 3, 8)	A-	A-	1	None
64.0	64	0.5	1/2	43	G4	67	True	P3-Staff2	1	43.0	1.5	52.0	I	False	('A-', 'C', 'E-')	A-	A-	0.0	major triad	(0, 3, 8)	A-	A-	1	None
64.0	64	0.5	1/2	43	B-4	70	True	P3-Staff2	1	43.0	1.5	52.0	I	False	('A-', 'C', 'E-')	A-	A-	0.0	major triad	(0, 3, 8)	A-	A-	1	None
64.0	64	0.5	1/2	43	E-5	75	True	P3-Staff2	1	43.0	1.5	52.0	I	False	('A-', 'C', 'E-')	A-	A-	0.0	major triad	(0, 3, 8)	A-	A-	1	None
64.0	64	0.5	1/2	43	E-3	51	True	P3-Staff2	5	43.0	1.5	52.0	I	False	('A-', 'C', 'E-')	A-	A-	0.0	major triad	(0, 3, 8)	A-	A-	1	None
64.5	129/2	0.75	3/4	44	D-5	73	True	P3-Staff2	1	44.0	1.0	53.0	viiø7	True	('B-', 'D-', 'F', 'G')	B-	G	1.0	half-diminished seventh chord	(1, 5, 7, 10)	A-	A-	7	None
64.5	129/2	0.75	3/4	44	F4	65	True	P3-Staff2	1	44.0	1.0	53.0	viiø7	True	('B-', 'D-', 'F', 'G')	B-	G	1.0	half-diminished seventh chord	(1, 5, 7, 10)	A-	A-	7	None
64.5	129/2	0.75	3/4	44	D-5	73	True	P3-Staff2	1	44.0	1.0	53.0	viiø7	True	('B-', 'D-', 'F', 'G')	B-	G	1.0	half-diminished seventh chord	(1, 5, 7, 10)	A-	A-	7	None
64.5	129/2	1.5	3/2	44	G4	67	True	P3-Staff2	2	44.0	1.0	53.0	viiø7	True	('B-', 'D-', 'F', 'G')	B-	G	1.0	half-diminished seventh chord	(1, 5, 7, 10)	A-	A-	7	None
64.5	129/2	1.5	3/2	44	A-2	44	True	P3-Staff2	6	44.0	1.0	53.0	viiø7	True	('B-', 'D-', 'F', 'G')	B-	G	1.0	half-diminished seventh chord	(1, 5, 7, 10)	A-	A-	7	None
65.0	65	0.5	1/2	44	B-3	58	True	P3-Staff2	5	44.0	1.0	53.0	viiø7	False	('B-', 'D-', 'F', 'G')	B-	G	1.0	half-diminished seventh chord	(1, 5, 7, 10)	A-	A-	7	None
65.25	261/4	0.25	1/4	44	C5	72	True	P3-Staff2	1	44.0	1.0	53.0	viiø7	False	('B-', 'D-', 'F', 'G')	B-	G	1.0	half-diminished seventh chord	(1, 5, 7, 10)	A-	A-	7	None
65.25	261/4	0.25	1/4	44	E-4	63	True	P3-Staff2	1	44.0	1.0	53.0	viiø7	False	('B-', 'D-', 'F', 'G')	B-	G	1.0	half-diminished seventh chord	(1, 5, 7, 10)	A-	A-	7	None
65.25	261/4	0.25	1/4	44	C5	72	True	P3-Staff2	1	44.0	1.0	53.0	viiø7	False	('B-', 'D-', 'F', 'G')	B-	G	1.0	half-diminished seventh chord	(1, 5, 7, 10)	A-	A-	7	None
65.5	131/2	0.5	1/2	44	B-4	70	True	P3-Staff2	1	44.0	0.5	54.0	V7	True	('E-', 'G', 'B-', 'D-')	E-	E-	0.0	dominant seventh chord	(1, 3, 7, 10)	A-	A-	5	None
65.5	131/2	0.5	1/2	44	D-4	61	True	P3-Staff2	1	44.0	0.5	54.0	V7	True	('E-', 'G', 'B-', 'D-')	E-	E-	0.0	dominant seventh chord	(1, 3, 7, 10)	A-	A-	5	None
65.5	131/2	0.5	1/2	44	B-4	70	True	P3-Staff2	1	44.0	0.5	54.0	V7	True	('E-', 'G', 'B-', 'D-')	E-	E-	0.0	dominant seventh chord	(1, 3, 7, 10)	A-	A-	5	None
65.5	131/2	0.5	1/2	44	E-3	51	True	P3-Staff2	5	44.0	0.5	54.0	V7	True	('E-', 'G', 'B-', 'D-')	E-	E-	0.0	dominant seventh chord	(1, 3, 7, 10)	A-	A-	5	None
66.0	66	1.0	1	45	C5	72	True	P3-Staff2	1	45.0	1.5	55.0	I	True	('A-', 'C', 'E-')	A-	A-	0.0	major triad	(0, 3, 8)	A-	A-	1	None
66.0	66	1.0	1	45	E-4	63	True	P3-Staff2	1	45.0	1.5	55.0	I	True	('A-', 'C', 'E-')	A-	A-	0.0	major triad	(0, 3, 8)	A-	A-	1	None
66.0	66	1.0	1	45	A-4	68	True	P3-Staff2	1	45.0	1.5	55.0	I	True	('A-', 'C', 'E-')	A-	A-	0.0	major triad	(0, 3, 8)	A-	A-	1	None
66.0	66	1.0	1	45	C5	72	True	P3-Staff2	1	45.0	1.5	55.0	I	True	('A-', 'C', 'E-')	A-	A-	0.0	major triad	(0, 3, 8)	A-	A-	1	None
66.0	66	1.5	3/2	45	A-2	44	True	P3-Staff2	6	45.0	1.5	55.0	I	True	('A-', 'C', 'E-')	A-	A-	0.0	major triad	(0, 3, 8)	A-	A-	1	None
66.5	133/2	0.5	1/2	45	A-3	56	True	P3-Staff2	5	45.0	1.5	55.0	I	False	('A-', 'C', 'E-')	A-	A-	0.0	major triad	(0, 3, 8)	A-	A-	1	None
67.0	67	0.5	1/2	45	E-5	75	True	P3-Staff2	1	45.0	1.5	55.0	I	False	('A-', 'C', 'E-')	A-	A-	0.0	major triad	(0, 3, 8)	A-	A-	1	None
67.0	67	0.5	1/2	45	G4	67	True	P3-Staff2	1	45.0	1.5	55.0	I	False	('A-', 'C', 'E-')	A-	A-	0.0	major triad	(0, 3, 8)	A-	A-	1	None
67.0	67	0.5	1/2	45	B-4	70	True	P3-Staff2	1	45.0	1.5	55.0	I	False	('A-', 'C', 'E-')	A-	A-	0.0	major triad	(0, 3, 8)	A-	A-	1	None
67.0	67	0.5	1/2	45	E-5	75	True	P3-Staff2	1	45.0	1.5	55.0	I	False	('A-', 'C', 'E-')	A-	A-	0.0	major triad	(0, 3, 8)	A-	A-	1	None
67.0	67	0.5	1/2	45	E-3	51	True	P3-Staff2	5	45.0	1.5	55.0	I	False	('A-', 'C', 'E-')	A-	A-	0.0	major triad	(0, 3, 8)	A-	A-	1	None
67.5	135/2	0.75	3/4	46	D-5	73	True	P3-Staff2	1	46.0	1.0	56.0	viiø7	True	('B-', 'D-', 'F', 'G')	B-	G	1.0	half-diminished seventh chord	(1, 5, 7, 10)	A-	A-	7	None
67.5	135/2	0.75	3/4	46	F4	65	True	P3-Staff2	1	46.0	1.0	56.0	viiø7	True	('B-', 'D-', 'F', 'G')	B-	G	1.0	half-diminished seventh chord	(1, 5, 7, 10)	A-	A-	7	None
67.5	135/2	0.75	3/4	46	D-5	73	True	P3-Staff2	1	46.0	1.0	56.0	viiø7	True	('B-', 'D-', 'F', 'G')	B-	G	1.0	half-diminished seventh chord	(1, 5, 7, 10)	A-	A-	7	None
67.5	135/2	1.5	3/2	46	G4	67	True	P3-Staff2	2	46.0	1.0	56.0	viiø7	True	('B-', 'D-', 'F', 'G')	B-	G	1.0	half-diminished seventh chord	(1, 5, 7, 10)	A-	A-	7	None
67.5	135/2	1.5	3/2	46	A-2	44	True	P3-Staff2	6	46.0	1.0	56.0	viiø7	True	('B-', 'D-', 'F', 'G')	B-	G	1.0	half-diminished seventh chord	(1, 5, 7, 10)	A-	A-	7	None
68.0	68	0.5	1/2	46	B-3	58	True	P3-Staff2	5	46.0	1.0	56.0	viiø7	False	('B-', 'D-', 'F', 'G')	B-	G	1.0	half-diminished seventh chord	(1, 5, 7, 10)	A-	A-	7	None
68.25	273/4	0.25	1/4	46	C5	72	True	P3-Staff2	1	46.0	1.0	56.0	viiø7	False	('B-', 'D-', 'F', 'G')	B-	G	1.0	half-diminished seventh chord	(1, 5, 7, 10)	A-	A-	7	None
68.25	273/4	0.25	1/4	46	E-4	63	True	P3-Staff2	1	46.0	1.0	56.0	viiø7	False	('B-', 'D-', 'F', 'G')	B-	G	1.0	half-diminished seventh chord	(1, 5, 7, 10)	A-	A-	7	None
68.25	273/4	0.25	1/4	46	C5	72	True	P3-Staff2	1	46.0	1.0	56.0	viiø7	False	('B-', 'D-', 'F', 'G')	B-	G	1.0	half-diminished seventh chord	(1, 5, 7, 10)	A-	A-	7	None
68.5	137/2	0.5	1/2	46	B-4	70	True	P3-Staff2	1	46.0	0.5	57.0	V7	True	('E-', 'G', 'B-', 'D-')	E-	E-	0.0	dominant seventh chord	(1, 3, 7, 10)	A-	A-	5	None
68.5	137/2	0.5	1/2	46	D-4	61	True	P3-Staff2	1	46.0	0.5	57.0	V7	True	('E-', 'G', 'B-', 'D-')	E-	E-	0.0	dominant seventh chord	(1, 3, 7, 10)	A-	A-	5	None
68.5	137/2	0.5	1/2	46	B-4	70	True	P3-Staff2	1	46.0	0.5	57.0	V7	True	('E-', 'G', 'B-', 'D-')	E-	E-	0.0	dominant seventh chord	(1, 3, 7, 10)	A-	A-	5	None
68.5	137/2	0.5	1/2	46	E-3	51	True	P3-Staff2	5	46.0	0.5	57.0	V7	True	('E-', 'G', 'B-', 'D-')	E-	E-	0.0	dominant seventh chord	(1, 3, 7, 10)	A-	A-	5	None
69.0	69	1.0	1	47	E-4	63	True	P3-Staff2	1	47.0	1.5	58.0	I	True	('A-', 'C', 'E-')	A-	A-	0.0	major triad	(0, 3, 8)	A-	A-	1	None
69.0	69	1.0	1	47	A-4	68	True	P3-Staff2	1	47.0	1.5	58.0	I	True	('A-', 'C', 'E-')	A-	A-	0.0	major triad	(0, 3, 8)	A-	A-	1	None
69.0	69	1.0	1	47	C5	72	True	P3-Staff2	1	47.0	1.5	58.0	I	True	('A-', 'C', 'E-')	A-	A-	0.0	major triad	(0, 3, 8)	A-	A-	1	None
69.0	69	1.5	3/2	47	A-2	44	True	P3-Staff2	6	47.0	1.5	58.0	I	True	('A-', 'C', 'E-')	A-	A-	0.0	major triad	(0, 3, 8)	A-	A-	1	None
69.5	139/2	0.5	1/2	47	C5	72	True	P3-Staff2	1	47.0	1.5	58.0	I	False	('A-', 'C', 'E-')	A-	A-	0.0	major triad	(0, 3, 8)	A-	A-	1	None
69.5	139/2	0.5	1/2	47	A-3	56	True	P3-Staff2	5	47.0	1.5	58.0	I	False	('A-', 'C', 'E-')	A-	A-	0.0	major triad	(0, 3, 8)	A-	A-	1	None
70.0	70	0.5	1/2	47	A-4	68	True	P3-Staff2	1	47.0	1.5	58.0	I	False	('A-', 'C', 'E-')	A-	A-	0.0	major triad	(0, 3, 8)	A-	A-	1	None
70.0	70	0.5	1/2	47	C4	60	True	P3-Staff2	1	47.0	1.5	58.0	I	False	('A-', 'C', 'E-')	A-	A-	0.0	major triad	(0, 3, 8)	A-	A-	1	None
70.0	70	0.5	1/2	47	E-4	63	True	P3-Staff2	1	47.0	1.5	58.0	I	False	('A-', 'C', 'E-')	A-	A-	0.0	major triad	(0, 3, 8)	A-	A-	1	None
70.0	70	0.5	1/2	47	A-4	68	True	P3-Staff2	1	47.0	1.5	58.0	I	False	('A-', 'C', 'E-')	A-	A-	0.0	major triad	(0, 3, 8)	A-	A-	1	None
70.0	70	0.5	1/2	47	E-3	51	True	P3-Staff2	5	47.0	1.5	58.0	I	False	('A-', 'C', 'E-')	A-	A-	0.0	major triad	(0, 3, 8)	A-	A-	1	None
70.5	141/2	1.0	1	48	F4	65	True	P3-Staff2	1	48.0	1.0	59.0	viio7/V	True	('A-', 'C-', 'D', 'F')	A-	D	2.0	diminished seventh chord	(2, 5, 8, 11)	A-	E-	7	5
70.5	141/2	1.0	1	48	C-4	59	True	P3-Staff2	1	48.0	1.0	59.0	viio7/V	True	('A-', 'C-', 'D', 'F')	A-	D	2.0	diminished seventh chord	(2, 5, 8, 11)	A-	E-	7	5
70.5	141/2	1.0	1	48	D4	62	True	P3-Staff2	1	48.0	1.0	59.0	viio7/V	True	('A-', 'C-', 'D', 'F')	A-	D	2.0	diminished seventh chord	(2, 5, 8, 11)	A-	E-	7	5
70.5	141/2	1.0	1	48	F4	65	True	P3-Staff2	1	48.0	1.0	59.0	viio7/V	True	('A-', 'C-', 'D', 'F')	A-	D	2.0	diminished seventh chord	(2, 5, 8, 11)	A-	E-	7	5
70.5	141/2	1.5	3/2	48	A-2	44	True	P3-Staff2	6	48.0	1.0	59.0	viio7/V	True	('A-', 'C-', 'D', 'F')	A-	D	2.0	diminished seventh chord	(2, 5, 8, 11)	A-	E-	7	5
71.0	71	0.5	1/2	48	A-3	56	True	P3-Staff2	5	48.0	1.0	59.0	viio7/V	False	('A-', 'C-', 'D', 'F')	A-	D	2.0	diminished seventh chord	(2, 5, 8, 11)	A-	E-	7	5
71.5	143/2	0.5	1/2	48	E-4	63	True	P3-Staff2	1	48.0	0.5	60.0	V7	True	('E-', 'G', 'B-', 'D-')	E-	E-	0.0	dominant seventh chord	(1, 3, 7, 10)	A-	A-	5	None
71.5	143/2	0.5	1/2	48	B-3	58	True	P3-Staff2	1	48.0	0.5	60.0	V7	True	('E-', 'G', 'B-', 'D-')	E-	E-	0.0	dominant seventh chord	(1, 3, 7, 10)	A-	A-	5	None
71.5	143/2	0.5	1/2	48	D-4	61	True	P3-Staff2	1	48.0	0.5	60.0	V7	True	('E-', 'G', 'B-', 'D-')	E-	E-	0.0	dominant seventh chord	(1, 3, 7, 10)	A-	A-	5	None
71.5	143/2	0.5	1/2	48	E-4	63	True	P3-Staff2	1	48.0	0.5	60.0	V7	True	('E-', 'G', 'B-', 'D-')	E-	E-	0.0	dominant seventh chord	(1, 3, 7, 10)	A-	A-	5	None
71.5	143/2	0.5	1/2	48	E-3	51	True	P3-Staff2	5	48.0	0.5	60.0	V7	True	('E-', 'G', 'B-', 'D-')	E-	E-	0.0	dominant seventh chord	(1, 3, 7, 10)	A-	A-	5	None
72.0	72	1.5	3/2	49	A-4	68	True	P3-Staff2	1	49.0	1.5	61.0	I	True	('A-', 'C', 'E-')	A-	A-	0.0	major triad	(0, 3, 8)	A-	A-	1	None
72.0	72	1.5	3/2	49	A-4	68	True	P3-Staff2	1	49.0	1.5	61.0	I	True	('A-', 'C', 'E-')	A-	A-	0.0	major triad	(0, 3, 8)	A-	A-	1	None
72.0	72	1.0	1	49	C4	60	True	P3-Staff2	2	49.0	1.5	61.0	I	True	('A-', 'C', 'E-')	A-	A-	0.0	major triad	(0, 3, 8)	A-	A-	1	None
72.0	72	1.5	3/2	49	A-2	44	True	P3-Staff2	6	49.0	1.5	61.0	I	True	('A-', 'C', 'E-')	A-	A-	0.0	major triad	(0, 3, 8)	A-	A-	1	None
72.5	145/2	0.5	1/2	49	A-3	56	True	P3-Staff2	5	49.0	1.5	61.0	I	False	('A-', 'C', 'E-')	A-	A-	0.0	major triad	(0, 3, 8)	A-	A-	1	None
73.0	73	0.5	1/2	49	E-4	63	True	P3-Staff2	2	49.0	1.5	61.0	I	False	('A-', 'C', 'E-')	A-	A-	0.0	major triad	(0, 3, 8)	A-	A-	1	None
73.0	73	0.5	1/2	49	E-3	51	True	P3-Staff2	5	49.0	1.5	61.0	I	False	('A-', 'C', 'E-')	A-	A-	0.0	major triad	(0, 3, 8)	A-	A-	1	None
73.5	147/2	1.0	1	50	A-4	68	False	P3-Staff2	1	50.0	1.5	62.0	I	True	('A-', 'C', 'E-')	A-	A-	0.0	major triad	(0, 3, 8)	A-	A-	1	None
73.5	147/2	1.5	3/2	50	A-4	68	True	P3-Staff2	1	50.0	1.5	62.0	I	True	('A-', 'C', 'E-')	A-	A-	0.0	major triad	(0, 3, 8)	A-	A-	1	None
73.5	147/2	1.0	1	50	C4	60	True	P3-Staff2	2	50.0	1.5	62.0	I	True	('A-', 'C', 'E-')	A-	A-	0.0	major triad	(0, 3, 8)	A-	A-	1	None
73.5	147/2	1.5	3/2	50	A-2	44	True	P3-Staff2	6	50.0	1.5	62.0	I	True	('A-', 'C', 'E-')	A-	A-	0.0	major triad	(0, 3, 8)	A-	A-	1	None
74.0	74	0.5	1/2	50	A-3	56	True	P3-Staff2	5	50.0	1.5	62.0	I	False	('A-', 'C', 'E-')	A-	A-	0.0	major triad	(0, 3, 8)	A-	A-	1	None
74.5	149/2	0.5	1/2	50	E-4	63	True	P3-Staff2	2	50.0	1.5	62.0	I	False	('A-', 'C', 'E-')	A-	A-	0.0	major triad	(0, 3, 8)	A-	A-	1	None
74.5	149/2	0.5	1/2	50	E-3	51	True	P3-Staff2	5	50.0	1.5	62.0	I	False	('A-', 'C', 'E-')	A-	A-	0.0	major triad	(0, 3, 8)	A-	A-	1	None
75.0	75	1.0	1	51	A-4	68	True	P3-Staff2	1	51.0	1.5	63.0	i	True	('F', 'A-', 'C')	F	F	0.0	minor triad	(0, 5, 8)	f	f	1	None
75.0	75	1.0	1	51	C4	60	True	P3-Staff2	1	51.0	1.5	63.0	i	True	('F', 'A-', 'C')	F	F	0.0	minor triad	(0, 5, 8)	f	f	1	None
75.0	75	1.0	1	51	F4	65	True	P3-Staff2	1	51.0	1.5	63.0	i	True	('F', 'A-', 'C')	F	F	0.0	minor triad	(0, 5, 8)	f	f	1	None
75.0	75	1.0	1	51	A-4	68	True	P3-Staff2	1	51.0	1.5	63.0	i	True	('F', 'A-', 'C')	F	F	0.0	minor triad	(0, 5, 8)	f	f	1	None
75.0	75	1.5	3/2	51	F2	41	True	P3-Staff2	6	51.0	1.5	63.0	i	True	('F', 'A-', 'C')	F	F	0.0	minor triad	(0, 5, 8)	f	f	1	None
75.5	151/2	0.5	1/2	51	F3	53	True	P3-Staff2	5	51.0	1.5	63.0	i	False	('F', 'A-', 'C')	F	F	0.0	minor triad	(0, 5, 8)	f	f	1	None
76.0	76	0.5	1/2	51	C5	72	True	P3-Staff2	1	51.0	1.5	63.0	i	False	('F', 'A-', 'C')	F	F	0.0	minor triad	(0, 5, 8)	f	f	1	None
76.0	76	0.5	1/2	51	F4	65	True	P3-Staff2	1	51.0	1.5	63.0	i	False	('F', 'A-', 'C')	F	F	0.0	minor triad	(0, 5, 8)	f	f	1	None
76.0	76	0.5	1/2	51	A-4	68	True	P3-Staff2	1	51.0	1.5	63.0	i	False	('F', 'A-', 'C')	F	F	0.0	minor triad	(0, 5, 8)	f	f	1	None
76.0	76	0.5	1/2	51	C5	72	True	P3-Staff2	1	51.0	1.5	63.0	i	False	('F', 'A-', 'C')	F	F	0.0	minor triad	(0, 5, 8)	f	f	1	None
76.0	76	0.5	1/2	51	C3	48	True	P3-Staff2	5	51.0	1.5	63.0	i	False	('F', 'A-', 'C')	F	F	0.0	minor triad	(0, 5, 8)	f	f	1	None
76.5	153/2	0.75	3/4	52	B-4	70	True	P3-Staff2	1	52.0	1.0	64.0	viio7	True	('G', 'B-', 'D-', 'E')	G	E	1.0	diminished seventh chord	(1, 4, 7, 10)	f	f	#7	None
76.5	153/2	0.75	3/4	52	D-4	61	True	P3-Staff2	1	52.0	1.0	64.0	viio7	True	('G', 'B-', 'D-', 'E')	G	E	1.0	diminished seventh chord	(1, 4, 7, 10)	f	f	#7	None
76.5	153/2	0.75	3/4	52	B-4	70	True	P3-Staff2	1	52.0	1.0	64.0	viio7	True	('G', 'B-', 'D-', 'E')	G	E	1.0	diminished seventh chord	(1, 4, 7, 10)	f	f	#7	None
76.5	153/2	1.5	3/2	52	E4	64	True	P3-Staff2	2	52.0	1.0	64.0	viio7	True	('G', 'B-', 'D-', 'E')	G	E	1.0	diminished seventh chord	(1, 4, 7, 10)	f	f	#7	None
76.5	153/2	1.5	3/2	52	F2	41	True	P3-Staff2	6	52.0	1.0	64.0	viio7	True	('G', 'B-', 'D-', 'E')	G	E	1.0	diminished seventh chord	(1, 4, 7, 10)	f	f	#7	None
77.0	77	0.5	1/2	52	G3	55	True	P3-Staff2	5	52.0	1.0	64.0	viio7	False	('G', 'B-', 'D-', 'E')	G	E	1.0	diminished seventh chord	(1, 4, 7, 10)	f	f	#7	None
77.25	309/4	0.25	1/4	52	A-4	68	True	P3-Staff2	1	52.0	1.0	64.0	viio7	False	('G', 'B-', 'D-', 'E')	G	E	1.0	diminished seventh chord	(1, 4, 7, 10)	f	f	#7	None
77.25	309/4	0.25	1/4	52	C4	60	True	P3-Staff2	1	52.0	1.0	64.0	viio7	False	('G', 'B-', 'D-', 'E')	G	E	1.0	diminished seventh chord	(1, 4, 7, 10)	f	f	#7	None
77.25	309/4	0.25	1/4	52	A-4	68	True	P3-Staff2	1	52.0	1.0	64.0	viio7	False	('G', 'B-', 'D-', 'E')	G	E	1.0	diminished seventh chord	(1, 4, 7, 10)	f	f	#7	None
77.5	155/2	0.5	1/2	52	G4	67	True	P3-Staff2	1	52.0	0.5	65.0	V7	True	('C', 'E', 'G', 'B-')	C	C	0.0	dominant seventh chord	(0, 4, 7, 10)	f	f	5	None
77.5	155/2	0.5	1/2	52	B-3	58	True	P3-Staff2	1	52.0	0.5	65.0	V7	True	('C', 'E', 'G', 'B-')	C	C	0.0	dominant seventh chord	(0, 4, 7, 10)	f	f	5	None
77.5	155/2	0.5	1/2	52	G4	67	True	P3-Staff2	1	52.0	0.5	65.0	V7	True	('C', 'E', 'G', 'B-')	C	C	0.0	dominant seventh chord	(0, 4, 7, 10)	f	f	5	None
77.5	155/2	0.5	1/2	52	C3	48	True	P3-Staff2	5	52.0	0.5	65.0	V7	True	('C', 'E', 'G', 'B-')	C	C	0.0	dominant seventh chord	(0, 4, 7, 10)	f	f	5	None
78.0	78	1.0	1	53	A-4	68	True	P3-Staff2	1	53.0	1.5	66.0	i	True	('F', 'A-', 'C')	F	F	0.0	minor triad	(0, 5, 8)	f	f	1	None
78.0	78	1.0	1	53	C4	60	True	P3-Staff2	1	53.0	1.5	66.0	i	True	('F', 'A-', 'C')	F	F	0.0	minor triad	(0, 5, 8)	f	f	1	None
78.0	78	1.0	1	53	F4	65	True	P3-Staff2	1	53.0	1.5	66.0	i	True	('F', 'A-', 'C')	F	F	0.0	minor triad	(0, 5, 8)	f	f	1	None
78.0	78	1.0	1	53	A-4	68	True	P3-Staff2	1	53.0	1.5	66.0	i	True	('F', 'A-', 'C')	F	F	0.0	minor triad	(0, 5, 8)	f	f	1	None
78.0	78	1.5	3/2	53	F2	41	True	P3-Staff2	6	53.0	1.5	66.0	i	True	('F', 'A-', 'C')	F	F	0.0	minor triad	(0, 5, 8)	f	f	1	None
78.5	157/2	0.5	1/2	53	F3	53	True	P3-Staff2	5	53.0	1.5	66.0	i	False	('F', 'A-', 'C')	F	F	0.0	minor triad	(0, 5, 8)	f	f	1	None
79.0	79	0.5	1/2	53	C5	72	True	P3-Staff2	1	53.0	1.5	66.0	i	False	('F', 'A-', 'C')	F	F	0.0	minor triad	(0, 5, 8)	f	f	1	None
79.0	79	0.5	1/2	53	F4	65	True	P3-Staff2	1	53.0	1.5	66.0	i	False	('F', 'A-', 'C')	F	F	0.0	minor triad	(0, 5, 8)	f	f	1	None
79.0	79	0.5	1/2	53	A-4	68	True	P3-Staff2	1	53.0	1.5	66.0	i	False	('F', 'A-', 'C')	F	F	0.0	minor triad	(0, 5, 8)	f	f	1	None
79.0	79	0.5	1/2	53	C5	72	True	P3-Staff2	1	53.0	1.5	66.0	i	False	('F', 'A-', 'C')	F	F	0.0	minor triad	(0, 5, 8)	f	f	1	None
79.0	79	0.5	1/2	53	C3	48	True	P3-Staff2	5	53.0	1.5	66.0	i	False	('F', 'A-', 'C')	F	F	0.0	minor triad	(0, 5, 8)	f	f	1	None
79.5	159/2	0.75	3/4	54	B-4	70	True	P3-Staff2	1	54.0	1.0	67.0	viio7	True	('G', 'B-', 'D-', 'E')	G	E	1.0	diminished seventh chord	(1, 4, 7, 10)	f	f	#7	None
79.5	159/2	0.75	3/4	54	D-4	61	True	P3-Staff2	1	54.0	1.0	67.0	viio7	True	('G', 'B-', 'D-', 'E')	G	E	1.0	diminished seventh chord	(1, 4, 7, 10)	f	f	#7	None
79.5	159/2	0.75	3/4	54	B-4	70	True	P3-Staff2	1	54.0	1.0	67.0	viio7	True	('G', 'B-', 'D-', 'E')	G	E	1.0	diminished seventh chord	(1, 4, 7, 10)	f	f	#7	None
79.5	159/2	1.5	3/2	54	E4	64	True	P3-Staff2	2	54.0	1.0	67.0	viio7	True	('G', 'B-', 'D-', 'E')	G	E	1.0	diminished seventh chord	(1, 4, 7, 10)	f	f	#7	None
79.5	159/2	1.5	3/2	54	F2	41	True	P3-Staff2	6	54.0	1.0	67.0	viio7	True	('G', 'B-', 'D-', 'E')	G	E	1.0	diminished seventh chord	(1, 4, 7, 10)	f	f	#7	None
80.0	80	0.5	1/2	54	G3	55	True	P3-Staff2	5	54.0	1.0	67.0	viio7	False	('G', 'B-', 'D-', 'E')	G	E	1.0	diminished seventh chord	(1, 4, 7, 10)	f	f	#7	None
80.25	321/4	0.25	1/4	54	A-4	68	True	P3-Staff2	1	54.0	1.0	67.0	viio7	False	('G', 'B-', 'D-', 'E')	G	E	1.0	diminished seventh chord	(1, 4, 7, 10)	f	f	#7	None
80.25	321/4	0.25	1/4	54	C4	60	True	P3-Staff2	1	54.0	1.0	67.0	viio7	False	('G', 'B-', 'D-', 'E')	G	E	1.0	diminished seventh chord	(1, 4, 7, 10)	f	f	#7	None
80.25	321/4	0.25	1/4	54	A-4	68	True	P3-Staff2	1	54.0	1.0	67.0	viio7	False	('G', 'B-', 'D-', 'E')	G	E	1.0	diminished seventh chord	(1, 4, 7, 10)	f	f	#7	None
80.5	161/2	0.5	1/2	54	G4	67	True	P3-Staff2	1	54.0	0.5	68.0	V7	True	('C', 'E', 'G', 'B-')	C	C	0.0	dominant seventh chord	(0, 4, 7, 10)	f	f	5	None
80.5	161/2	0.5	1/2	54	B-3	58	True	P3-Staff2	1	54.0	0.5	68.0	V7	True	('C', 'E', 'G', 'B-')	C	C	0.0	dominant seventh chord	(0, 4, 7, 10)	f	f	5	None
80.5	161/2	0.5	1/2	54	G4	67	True	P3-Staff2	1	54.0	0.5	68.0	V7	True	('C', 'E', 'G', 'B-')	C	C	0.0	dominant seventh chord	(0, 4, 7, 10)	f	f	5	None
80.5	161/2	0.5	1/2	54	C3	48	True	P3-Staff2	5	54.0	0.5	68.0	V7	True	('C', 'E', 'G', 'B-')	C	C	0.0	dominant seventh chord	(0, 4, 7, 10)	f	f	5	None
81.0	81	1.0	1	55	A-4	68	True	P3-Staff2	1	55.0	1.5	69.0	i	True	('F', 'A-', 'C')	F	F	0.0	minor triad	(0, 5, 8)	f	f	1	None
81.0	81	1.0	1	55	C4	60	True	P3-Staff2	1	55.0	1.5	69.0	i	True	('F', 'A-', 'C')	F	F	0.0	minor triad	(0, 5, 8)	f	f	1	None
81.0	81	1.0	1	55	F4	65	True	P3-Staff2	1	55.0	1.5	69.0	i	True	('F', 'A-', 'C')	F	F	0.0	minor triad	(0, 5, 8)	f	f	1	None
81.0	81	1.0	1	55	A-4	68	True	P3-Staff2	1	55.0	1.5	69.0	i	True	('F', 'A-', 'C')	F	F	0.0	minor triad	(0, 5, 8)	f	f	1	None
81.0	81	1.5	3/2	55	F2	41	True	P3-Staff2	6	55.0	1.5	69.0	i	True	('F', 'A-', 'C')	F	F	0.0	minor triad	(0, 5, 8)	f	f	1	None
81.5	163/2	0.5	1/2	55	F3	53	True	P3-Staff2	5	55.0	1.5	69.0	i	False	('F', 'A-', 'C')	F	F	0.0	minor triad	(0, 5, 8)	f	f	1	None
82.0	82	0.5	1/2	55	F4	65	True	P3-Staff2	1	55.0	1.5	69.0	i	False	('F', 'A-', 'C')	F	F	0.0	minor triad	(0, 5, 8)	f	f	1	None
82.0	82	0.5	1/2	55	A-3	56	True	P3-Staff2	1	55.0	1.5	69.0	i	False	('F', 'A-', 'C')	F	F	0.0	minor triad	(0, 5, 8)	f	f	1	None
82.0	82	0.5	1/2	55	C4	60	True	P3-Staff2	1	55.0	1.5	69.0	i	False	('F', 'A-', 'C')	F	F	0.0	minor triad	(0, 5, 8)	f	f	1	None
82.0	82	0.5	1/2	55	F4	65	True	P3-Staff2	1	55.0	1.5	69.0	i	False	('F', 'A-', 'C')	F	F	0.0	minor triad	(0, 5, 8)	f	f	1	None
82.0	82	0.5	1/2	55	C3	48	True	P3-Staff2	5	55.0	1.5	69.0	i	False	('F', 'A-', 'C')	F	F	0.0	minor triad	(0, 5, 8)	f	f	1	None
82.5	165/2	0.75	3/4	56	A-4	68	True	P3-Staff2	1	56.0	1.5	70.0	V7	True	('B-', 'D', 'F', 'A-')	B-	B-	0.0	dominant seventh chord	(2, 5, 8, 10)	E-	E-	5	None
82.5	165/2	0.75	3/4	56	A-4	68	True	P3-Staff2	1	56.0	1.5	70.0	V7	True	('B-', 'D', 'F', 'A-')	B-	B-	0.0	dominant seventh chord	(2, 5, 8, 10)	E-	E-	5	None
82.5	165/2	1.0	1	56	C4	60	True	P3-Staff2	1	56.0	1.5	70.0	V7	True	('B-', 'D', 'F', 'A-')	B-	B-	0.0	dominant seventh chord	(2, 5, 8, 10)	E-	E-	5	None
82.5	165/2	1.0	1	56	F4	65	True	P3-Staff2	1	56.0	1.5	70.0	V7	True	('B-', 'D', 'F', 'A-')	B-	B-	0.0	dominant seventh chord	(2, 5, 8, 10)	E-	E-	5	None
82.5	165/2	1.5	3/2	56	B-1	34	True	P3-Staff2	6	56.0	1.5	70.0	V7	True	('B-', 'D', 'F', 'A-')	B-	B-	0.0	dominant seventh chord	(2, 5, 8, 10)	E-	E-	5	None
83.0	83	0.5	1/2	56	F3	53	True	P3-Staff2	5	56.0	1.5	70.0	V7	False	('B-', 'D', 'F', 'A-')	B-	B-	0.0	dominant seventh chord	(2, 5, 8, 10)	E-	E-	5	None
83.25	333/4	0.25	1/4	56	B-4	70	True	P3-Staff2	1	56.0	1.5	70.0	V7	False	('B-', 'D', 'F', 'A-')	B-	B-	0.0	dominant seventh chord	(2, 5, 8, 10)	E-	E-	5	None
83.25	333/4	0.25	1/4	56	B-4	70	True	P3-Staff2	1	56.0	1.5	70.0	V7	False	('B-', 'D', 'F', 'A-')	B-	B-	0.0	dominant seventh chord	(2, 5, 8, 10)	E-	E-	5	None
83.5	167/2	0.5	1/2	56	C5	72	True	P3-Staff2	1	56.0	1.5	70.0	V7	False	('B-', 'D', 'F', 'A-')	B-	B-	0.0	dominant seventh chord	(2, 5, 8, 10)	E-	E-	5	None
83.5	167/2	0.5	1/2	56	D4	62	True	P3-Staff2	1	56.0	1.5	70.0	V7	False	('B-', 'D', 'F', 'A-')	B-	B-	0.0	dominant seventh chord	(2, 5, 8, 10)	E-	E-	5	None
83.5	167/2	0.5	1/2	56	F4	65	True	P3-Staff2	1	56.0	1.5	70.0	V7	False	('B-', 'D', 'F', 'A-')	B-	B-	0.0	dominant seventh chord	(2, 5, 8, 10)	E-	E-	5	None
83.5	167/2	0.5	1/2	56	A-4	68	True	P3-Staff2	1	56.0	1.5	70.0	V7	False	('B-', 'D', 'F', 'A-')	B-	B-	0.0	dominant seventh chord	(2, 5, 8, 10)	E-	E-	5	None
83.5	167/2	0.5	1/2	56	C5	72	True	P3-Staff2	1	56.0	1.5	70.0	V7	False	('B-', 'D', 'F', 'A-')	B-	B-	0.0	dominant seventh chord	(2, 5, 8, 10)	E-	E-	5	None
83.5	167/2	0.5	1/2	56	B-2	46	True	P3-Staff2	5	56.0	1.5	70.0	V7	False	('B-', 'D', 'F', 'A-')	B-	B-	0.0	dominant seventh chord	(2, 5, 8, 10)	E-	E-	5	None
84.0	84	1.5	3/2	57	E-5	75	True	P3-Staff2	1	57.0	1.5	71.0	I	True	('E-', 'G', 'B-')	E-	E-	0.0	major triad	(3, 7, 10)	E-	E-	1	None
84.0	84	1.5	3/2	57	E-4	63	True	P3-Staff2	1	57.0	1.5	71.0	I	True	('E-', 'G', 'B-')	E-	E-	0.0	major triad	(3, 7, 10)	E-	E-	1	None
84.0	84	1.5	3/2	57	E-5	75	True	P3-Staff2	1	57.0	1.5	71.0	I	True	('E-', 'G', 'B-')	E-	E-	0.0	major triad	(3, 7, 10)	E-	E-	1	None
84.0	84	1.0	1	57	G4	67	True	P3-Staff2	2	57.0	1.5	71.0	I	True	('E-', 'G', 'B-')	E-	E-	0.0	major triad	(3, 7, 10)	E-	E-	1	None
84.0	84	1.5	3/2	57	E-2	39	True	P3-Staff2	6	57.0	1.5	71.0	I	True	('E-', 'G', 'B-')	E-	E-	0.0	major triad	(3, 7, 10)	E-	E-	1	None
84.5	169/2	0.5	1/2	57	E-3	51	True	P3-Staff2	5	57.0	1.5	71.0	I	False	('E-', 'G', 'B-')	E-	E-	0.0	major triad	(3, 7, 10)	E-	E-	1	None
85.0	85	0.5	1/2	57	B-4	70	True	P3-Staff2	2	57.0	1.5	71.0	I	False	('E-', 'G', 'B-')	E-	E-	0.0	major triad	(3, 7, 10)	E-	E-	1	None
85.0	85	0.5	1/2	57	B-2	46	True	P3-Staff2	5	57.0	1.5	71.0	I	False	('E-', 'G', 'B-')	E-	E-	0.0	major triad	(3, 7, 10)	E-	E-	1	None
85.5	171/2	1.0	1	58	E-5	75	True	P3-Staff2	1	58.0	1.5	72.0	I	True	('E-', 'G', 'B-')	E-	E-	0.0	major triad	(3, 7, 10)	E-	E-	1	None
85.5	171/2	1.5	3/2	58	E-4	63	True	P3-Staff2	1	58.0	1.5	72.0	I	True	('E-', 'G', 'B-')	E-	E-	0.0	major triad	(3, 7, 10)	E-	E-	1	None
85.5	171/2	1.5	3/2	58	E-5	75	True	P3-Staff2	1	58.0	1.5	72.0	I	True	('E-', 'G', 'B-')	E-	E-	0.0	major triad	(3, 7, 10)	E-	E-	1	None
85.5	171/2	1.0	1	58	G4	67	True	P3-Staff2	2	58.0	1.5	72.0	I	True	('E-', 'G', 'B-')	E-	E-	0.0	major triad	(3, 7, 10)	E-	E-	1	None
85.5	171/2	1.5	3/2	58	E-2	39	True	P3-Staff2	6	58.0	1.5	72.0	I	True	('E-', 'G', 'B-')	E-	E-	0.0	major triad	(3, 7, 10)	E-	E-	1	None
86.0	86	0.5	1/2	58	E-3	51	True	P3-Staff2	5	58.0	1.5	72.0	I	False	('E-', 'G', 'B-')	E-	E-	0.0	major triad	(3, 7, 10)	E-	E-	1	None
86.5	173/2	0.5	1/2	58	B-4	70	True	P3-Staff2	2	58.0	1.5	72.0	I	False	('E-', 'G', 'B-')	E-	E-	0.0	major triad	(3, 7, 10)	E-	E-	1	None
86.5	173/2	0.5	1/2	58	B-2	46	True	P3-Staff2	5	58.0	1.5	72.0	I	False	('E-', 'G', 'B-')	E-	E-	0.0	major triad	(3, 7, 10)	E-	E-	1	None
87.0	87	1.0	1	59	E-5	75	True	P3-Staff2	1	59.0	1.5	73.0	ii	True	('E-', 'G-', 'B-')	E-	E-	0.0	minor triad	(3, 6, 10)	D-	D-	2	None
87.0	87	1.0	1	59	G-4	66	True	P3-Staff2	1	59.0	1.5	73.0	ii	True	('E-', 'G-', 'B-')	E-	E-	0.0	minor triad	(3, 6, 10)	D-	D-	2	None
87.0	87	1.0	1	59	G-4	66	True	P3-Staff2	1	59.0	1.5	73.0	ii	True	('E-', 'G-', 'B-')	E-	E-	0.0	minor triad	(3, 6, 10)	D-	D-	2	None
87.0	87	1.0	1	59	B-4	70	True	P3-Staff2	1	59.0	1.5	73.0	ii	True	('E-', 'G-', 'B-')	E-	E-	0.0	minor triad	(3, 6, 10)	D-	D-	2	None
87.0	87	1.0	1	59	E-5	75	True	P3-Staff2	1	59.0	1.5	73.0	ii	True	('E-', 'G-', 'B-')	E-	E-	0.0	minor triad	(3, 6, 10)	D-	D-	2	None
87.0	87	1.5	3/2	59	E-3	51	True	P3-Staff2	6	59.0	1.5	73.0	ii	True	('E-', 'G-', 'B-')	E-	E-	0.0	minor triad	(3, 6, 10)	D-	D-	2	None
87.5	175/2	0.5	1/2	59	E-4	63	True	P3-Staff2	5	59.0	1.5	73.0	ii	False	('E-', 'G-', 'B-')	E-	E-	0.0	minor triad	(3, 6, 10)	D-	D-	2	None
88.0	88	0.5	1/2	59	B-4	70	True	P3-Staff2	1	59.0	1.5	73.0	ii	False	('E-', 'G-', 'B-')	E-	E-	0.0	minor triad	(3, 6, 10)	D-	D-	2	None
88.0	88	0.5	1/2	59	B-4	70	True	P3-Staff2	1	59.0	1.5	73.0	ii	False	('E-', 'G-', 'B-')	E-	E-	0.0	minor triad	(3, 6, 10)	D-	D-	2	None
88.0	88	0.5	1/2	59	E-4	63	True	P3-Staff2	1	59.0	1.5	73.0	ii	False	('E-', 'G-', 'B-')	E-	E-	0.0	minor triad	(3, 6, 10)	D-	D-	2	None
88.0	88	0.5	1/2	59	G-4	66	True	P3-Staff2	1	59.0	1.5	73.0	ii	False	('E-', 'G-', 'B-')	E-	E-	0.0	minor triad	(3, 6, 10)	D-	D-	2	None
88.0	88	0.5	1/2	59	B-4	70	True	P3-Staff2	1	59.0	1.5	73.0	ii	False	('E-', 'G-', 'B-')	E-	E-	0.0	minor triad	(3, 6, 10)	D-	D-	2	None
88.0	88	0.5	1/2	59	B-3	58	True	P3-Staff2	5	59.0	1.5	73.0	ii	False	('E-', 'G-', 'B-')	E-	E-	0.0	minor triad	(3, 6, 10)	D-	D-	2	None
88.5	177/2	0.75	3/4	60	C5	72	True	P3-Staff2	1	60.0	1.5	74.0	V7	True	('A-', 'C', 'E-', 'G-')	A-	A-	0.0	dominant seventh chord	(0, 3, 6, 8)	D-	D-	5	None
88.5	177/2	0.75	3/4	60	B-4	70	True	P3-Staff2	1	60.0	1.5	74.0	V7	True	('A-', 'C', 'E-', 'G-')	A-	A-	0.0	dominant seventh chord	(0, 3, 6, 8)	D-	D-	5	None
88.5	177/2	0.75	3/4	60	G-4	66	True	P3-Staff2	1	60.0	1.5	74.0	V7	True	('A-', 'C', 'E-', 'G-')	A-	A-	0.0	dominant seventh chord	(0, 3, 6, 8)	D-	D-	5	None
88.5	177/2	0.75	3/4	60	B-4	70	True	P3-Staff2	1	60.0	1.5	74.0	V7	True	('A-', 'C', 'E-', 'G-')	A-	A-	0.0	dominant seventh chord	(0, 3, 6, 8)	D-	D-	5	None
88.5	177/2	0.75	3/4	60	C5	72	True	P3-Staff2	1	60.0	1.5	74.0	V7	True	('A-', 'C', 'E-', 'G-')	A-	A-	0.0	dominant seventh chord	(0, 3, 6, 8)	D-	D-	5	None
88.5	177/2	1.5	3/2	60	A-2	44	True	P3-Staff2	6	60.0	1.5	74.0	V7	True	('A-', 'C', 'E-', 'G-')	A-	A-	0.0	dominant seventh chord	(0, 3, 6, 8)	D-	D-	5	None
89.0	89	0.5	1/2	60	A-3	56	True	P3-Staff2	5	60.0	1.5	74.0	V7	False	('A-', 'C', 'E-', 'G-')	A-	A-	0.0	dominant seventh chord	(0, 3, 6, 8)	D-	D-	5	None
89.25	357/4	0.25	1/4	60	D-5	73	True	P3-Staff2	1	60.0	1.5	74.0	V7	False	('A-', 'C', 'E-', 'G-')	A-	A-	0.0	dominant seventh chord	(0, 3, 6, 8)	D-	D-	5	None
89.25	357/4	0.25	1/4	60	A-4	68	True	P3-Staff2	1	60.0	1.5	74.0	V7	False	('A-', 'C', 'E-', 'G-')	A-	A-	0.0	dominant seventh chord	(0, 3, 6, 8)	D-	D-	5	None
89.25	357/4	0.25	1/4	60	F4	65	True	P3-Staff2	1	60.0	1.5	74.0	V7	False	('A-', 'C', 'E-', 'G-')	A-	A-	0.0	dominant seventh chord	(0, 3, 6, 8)	D-	D-	5	None
89.25	357/4	0.25	1/4	60	A-4	68	True	P3-Staff2	1	60.0	1.5	74.0	V7	False	('A-', 'C', 'E-', 'G-')	A-	A-	0.0	dominant seventh chord	(0, 3, 6, 8)	D-	D-	5	None
89.25	357/4	0.25	1/4	60	D-5	73	True	P3-Staff2	1	60.0	1.5	74.0	V7	False	('A-', 'C', 'E-', 'G-')	A-	A-	0.0	dominant seventh chord	(0, 3, 6, 8)	D-	D-	5	None
89.5	179/2	0.5	1/2	60	E-5	75	True	P3-Staff2	1	60.0	1.5	74.0	V7	False	('A-', 'C', 'E-', 'G-')	A-	A-	0.0	dominant seventh chord	(0, 3, 6, 8)	D-	D-	5	None
89.5	179/2	0.5	1/2	60	G-4	66	True	P3-Staff2	1	60.0	1.5	74.0	V7	False	('A-', 'C', 'E-', 'G-')	A-	A-	0.0	dominant seventh chord	(0, 3, 6, 8)	D-	D-	5	None
89.5	179/2	0.5	1/2	60	E-4	63	True	P3-Staff2	1	60.0	1.5	74.0	V7	False	('A-', 'C', 'E-', 'G-')	A-	A-	0.0	dominant seventh chord	(0, 3, 6, 8)	D-	D-	5	None
89.5	179/2	0.5	1/2	60	G-4	66	True	P3-Staff2	1	60.0	1.5	74.0	V7	False	('A-', 'C', 'E-', 'G-')	A-	A-	0.0	dominant seventh chord	(0, 3, 6, 8)	D-	D-	5	None
89.5	179/2	0.5	1/2	60	C5	72	True	P3-Staff2	1	60.0	1.5	74.0	V7	False	('A-', 'C', 'E-', 'G-')	A-	A-	0.0	dominant seventh chord	(0, 3, 6, 8)	D-	D-	5	None
89.5	179/2	0.5	1/2	60	E-5	75	True	P3-Staff2	1	60.0	1.5	74.0	V7	False	('A-', 'C', 'E-', 'G-')	A-	A-	0.0	dominant seventh chord	(0, 3, 6, 8)	D-	D-	5	None
89.5	179/2	0.5	1/2	60	A-2	44	True	P3-Staff2	5	60.0	1.5	74.0	V7	False	('A-', 'C', 'E-', 'G-')	A-	A-	0.0	dominant seventh chord	(0, 3, 6, 8)	D-	D-	5	None
90.0	90	1.0	1	61	D-5	73	True	P3-Staff2	1	61.0	1.5	75.0	I	True	('D-', 'F', 'A-')	D-	D-	0.0	major triad	(1, 5, 8)	D-	D-	1	None
90.0	90	1.0	1	61	F4	65	True	P3-Staff2	1	61.0	1.5	75.0	I	True	('D-', 'F', 'A-')	D-	D-	0.0	major triad	(1, 5, 8)	D-	D-	1	None
90.0	90	1.0	1	61	F4	65	True	P3-Staff2	1	61.0	1.5	75.0	I	True	('D-', 'F', 'A-')	D-	D-	0.0	major triad	(1, 5, 8)	D-	D-	1	None
90.0	90	1.0	1	61	A-4	68	True	P3-Staff2	1	61.0	1.5	75.0	I	True	('D-', 'F', 'A-')	D-	D-	0.0	major triad	(1, 5, 8)	D-	D-	1	None
90.0	90	1.0	1	61	D-5	73	True	P3-Staff2	1	61.0	1.5	75.0	I	True	('D-', 'F', 'A-')	D-	D-	0.0	major triad	(1, 5, 8)	D-	D-	1	None
90.0	90	1.5	3/2	61	D-3	49	True	P3-Staff2	6	61.0	1.5	75.0	I	True	('D-', 'F', 'A-')	D-	D-	0.0	major triad	(1, 5, 8)	D-	D-	1	None
90.5	181/2	0.5	1/2	61	D-4	61	True	P3-Staff2	5	61.0	1.5	75.0	I	False	('D-', 'F', 'A-')	D-	D-	0.0	major triad	(1, 5, 8)	D-	D-	1	None
91.0	91	0.5	1/2	61	A-4	68	True	P3-Staff2	1	61.0	1.5	75.0	I	False	('D-', 'F', 'A-')	D-	D-	0.0	major triad	(1, 5, 8)	D-	D-	1	None
91.0	91	0.5	1/2	61	A-4	68	True	P3-Staff2	1	61.0	1.5	75.0	I	False	('D-', 'F', 'A-')	D-	D-	0.0	major triad	(1, 5, 8)	D-	D-	1	None
91.0	91	0.5	1/2	61	D-4	61	True	P3-Staff2	1	61.0	1.5	75.0	I	False	('D-', 'F', 'A-')	D-	D-	0.0	major triad	(1, 5, 8)	D-	D-	1	None
91.0	91	0.5	1/2	61	F4	65	True	P3-Staff2	1	61.0	1.5	75.0	I	False	('D-', 'F', 'A-')	D-	D-	0.0	major triad	(1, 5, 8)	D-	D-	1	None
91.0	91	0.5	1/2	61	A-4	68	True	P3-Staff2	1	61.0	1.5	75.0	I	False	('D-', 'F', 'A-')	D-	D-	0.0	major triad	(1, 5, 8)	D-	D-	1	None
91.0	91	0.5	1/2	61	A-3	56	True	P3-Staff2	5	61.0	1.5	75.0	I	False	('D-', 'F', 'A-')	D-	D-	0.0	major triad	(1, 5, 8)	D-	D-	1	None
91.5	183/2	0.75	3/4	62	A4	69	True	P3-Staff2	1	62.0	1.5	76.0	V9	True	('F', 'A', 'C', 'E-', 'G-')	F	F	0.0	flat-ninth pentachord	(0, 3, 5, 6, 9)	b-	b-	5	None
91.5	183/2	0.75	3/4	62	G-4	66	True	P3-Staff2	1	62.0	1.5	76.0	V9	True	('F', 'A', 'C', 'E-', 'G-')	F	F	0.0	flat-ninth pentachord	(0, 3, 5, 6, 9)	b-	b-	5	None
91.5	183/2	0.75	3/4	62	E-4	63	True	P3-Staff2	1	62.0	1.5	76.0	V9	True	('F', 'A', 'C', 'E-', 'G-')	F	F	0.0	flat-ninth pentachord	(0, 3, 5, 6, 9)	b-	b-	5	None
91.5	183/2	0.75	3/4	62	G-4	66	True	P3-Staff2	1	62.0	1.5	76.0	V9	True	('F', 'A', 'C', 'E-', 'G-')	F	F	0.0	flat-ninth pentachord	(0, 3, 5, 6, 9)	b-	b-	5	None
91.5	183/2	0.75	3/4	62	A4	69	True	P3-Staff2	1	62.0	1.5	76.0	V9	True	('F', 'A', 'C', 'E-', 'G-')	F	F	0.0	flat-ninth pentachord	(0, 3, 5, 6, 9)	b-	b-	5	None
91.5	183/2	1.5	3/2	62	F2	41	True	P3-Staff2	6	62.0	1.5	76.0	V9	True	('F', 'A', 'C', 'E-', 'G-')	F	F	0.0	flat-ninth pentachord	(0, 3, 5, 6, 9)	b-	b-	5	None
92.0	92	0.5	1/2	62	F3	53	True	P3-Staff2	5	62.0	1.5	76.0	V9	False	('F', 'A', 'C', 'E-', 'G-')	F	F	0.0	flat-ninth pentachord	(0, 3, 5, 6, 9)	b-	b-	5	None
92.25	369/4	0.25	1/4	62	B-4	70	True	P3-Staff2	1	62.0	1.5	76.0	V9	False	('F', 'A', 'C', 'E-', 'G-')	F	F	0.0	flat-ninth pentachord	(0, 3, 5, 6, 9)	b-	b-	5	None
92.25	369/4	0.25	1/4	62	F4	65	True	P3-Staff2	1	62.0	1.5	76.0	V9	False	('F', 'A', 'C', 'E-', 'G-')	F	F	0.0	flat-ninth pentachord	(0, 3, 5, 6, 9)	b-	b-	5	None
92.25	369/4	0.25	1/4	62	D-4	61	True	P3-Staff2	1	62.0	1.5	76.0	V9	False	('F', 'A', 'C', 'E-', 'G-')	F	F	0.0	flat-ninth pentachord	(0, 3, 5, 6, 9)	b-	b-	5	None
92.25	369/4	0.25	1/4	62	F4	65	True	P3-Staff2	1	62.0	1.5	76.0	V9	False	('F', 'A', 'C', 'E-', 'G-')	F	F	0.0	flat-ninth pentachord	(0, 3, 5, 6, 9)	b-	b-	5	None
92.25	369/4	0.25	1/4	62	B-4	70	True	P3-Staff2	1	62.0	1.5	76.0	V9	False	('F', 'A', 'C', 'E-', 'G-')	F	F	0.0	flat-ninth pentachord	(0, 3, 5, 6, 9)	b-	b-	5	None
92.5	185/2	0.5	1/2	62	C5	72	True	P3-Staff2	1	62.0	1.5	76.0	V9	False	('F', 'A', 'C', 'E-', 'G-')	F	F	0.0	flat-ninth pentachord	(0, 3, 5, 6, 9)	b-	b-	5	None
92.5	185/2	0.5	1/2	62	E-4	63	True	P3-Staff2	1	62.0	1.5	76.0	V9	False	('F', 'A', 'C', 'E-', 'G-')	F	F	0.0	flat-ninth pentachord	(0, 3, 5, 6, 9)	b-	b-	5	None
92.5	185/2	0.5	1/2	62	C4	60	True	P3-Staff2	1	62.0	1.5	76.0	V9	False	('F', 'A', 'C', 'E-', 'G-')	F	F	0.0	flat-ninth pentachord	(0, 3, 5, 6, 9)	b-	b-	5	None
92.5	185/2	0.5	1/2	62	E-4	63	True	P3-Staff2	1	62.0	1.5	76.0	V9	False	('F', 'A', 'C', 'E-', 'G-')	F	F	0.0	flat-ninth pentachord	(0, 3, 5, 6, 9)	b-	b-	5	None
92.5	185/2	0.5	1/2	62	A4	69	True	P3-Staff2	1	62.0	1.5	76.0	V9	False	('F', 'A', 'C', 'E-', 'G-')	F	F	0.0	flat-ninth pentachord	(0, 3, 5, 6, 9)	b-	b-	5	None
92.5	185/2	0.5	1/2	62	C5	72	True	P3-Staff2	1	62.0	1.5	76.0	V9	False	('F', 'A', 'C', 'E-', 'G-')	F	F	0.0	flat-ninth pentachord	(0, 3, 5, 6, 9)	b-	b-	5	None
92.5	185/2	0.5	1/2	62	F2	41	True	P3-Staff2	5	62.0	1.5	76.0	V9	False	('F', 'A', 'C', 'E-', 'G-')	F	F	0.0	flat-ninth pentachord	(0, 3, 5, 6, 9)	b-	b-	5	None
93.0	93	1.0	1	63	B-4	70	True	P3-Staff2	1	63.0	1.5	77.0	i	True	('D-', 'F', 'B-')	D-	B-	1.0	minor triad	(1, 5, 10)	b-	b-	1	None
93.0	93	1.0	1	63	D-4	61	True	P3-Staff2	1	63.0	1.5	77.0	i	True	('D-', 'F', 'B-')	D-	B-	1.0	minor triad	(1, 5, 10)	b-	b-	1	None
93.0	93	1.0	1	63	D-4	61	True	P3-Staff2	1	63.0	1.5	77.0	i	True	('D-', 'F', 'B-')	D-	B-	1.0	minor triad	(1, 5, 10)	b-	b-	1	None
93.0	93	1.0	1	63	F4	65	True	P3-Staff2	1	63.0	1.5	77.0	i	True	('D-', 'F', 'B-')	D-	B-	1.0	minor triad	(1, 5, 10)	b-	b-	1	None
93.0	93	1.0	1	63	B-4	70	True	P3-Staff2	1	63.0	1.5	77.0	i	True	('D-', 'F', 'B-')	D-	B-	1.0	minor triad	(1, 5, 10)	b-	b-	1	None
93.0	93	1.5	3/2	63	D-3	49	True	P3-Staff2	6	63.0	1.5	77.0	i	True	('D-', 'F', 'B-')	D-	B-	1.0	minor triad	(1, 5, 10)	b-	b-	1	None
93.5	187/2	0.5	1/2	63	B-3	58	True	P3-Staff2	5	63.0	1.5	77.0	i	False	('D-', 'F', 'B-')	D-	B-	1.0	minor triad	(1, 5, 10)	b-	b-	1	None
94.0	94	0.5	1/2	63	B-4	70	True	P3-Staff2	1	63.0	1.5	77.0	i	False	('D-', 'F', 'B-')	D-	B-	1.0	minor triad	(1, 5, 10)	b-	b-	1	None
94.0	94	0.5	1/2	63	B-4	70	True	P3-Staff2	1	63.0	1.5	77.0	i	False	('D-', 'F', 'B-')	D-	B-	1.0	minor triad	(1, 5, 10)	b-	b-	1	None
94.0	94	0.5	1/2	63	D-4	61	True	P3-Staff2	1	63.0	1.5	77.0	i	False	('D-', 'F', 'B-')	D-	B-	1.0	minor triad	(1, 5, 10)	b-	b-	1	None
94.0	94	0.5	1/2	63	F4	65	True	P3-Staff2	1	63.0	1.5	77.0	i	False	('D-', 'F', 'B-')	D-	B-	1.0	minor triad	(1, 5, 10)	b-	b-	1	None
94.0	94	0.5	1/2	63	B-4	70	True	P3-Staff2	1	63.0	1.5	77.0	i	False	('D-', 'F', 'B-')	D-	B-	1.0	minor triad	(1, 5, 10)	b-	b-	1	None
94.0	94	0.5	1/2	63	F3	53	True	P3-Staff2	5	63.0	1.5	77.0	i	False	('D-', 'F', 'B-')	D-	B-	1.0	minor triad	(1, 5, 10)	b-	b-	1	None
94.5	189/2	1.0	1	64	C5	72	True	P3-Staff2	1	64.0	1.5	78.0	V7	True	('C', 'E-', 'F', 'A')	C	F	2.0	dominant seventh chord	(0, 3, 5, 9)	b-	b-	5	None
94.5	189/2	1.0	1	64	A4	69	True	P3-Staff2	1	64.0	1.5	78.0	V7	True	('C', 'E-', 'F', 'A')	C	F	2.0	dominant seventh chord	(0, 3, 5, 9)	b-	b-	5	None
94.5	189/2	1.0	1	64	E-4	63	True	P3-Staff2	1	64.0	1.5	78.0	V7	True	('C', 'E-', 'F', 'A')	C	F	2.0	dominant seventh chord	(0, 3, 5, 9)	b-	b-	5	None
94.5	189/2	1.0	1	64	A4	69	True	P3-Staff2	1	64.0	1.5	78.0	V7	True	('C', 'E-', 'F', 'A')	C	F	2.0	dominant seventh chord	(0, 3, 5, 9)	b-	b-	5	None
94.5	189/2	1.0	1	64	C5	72	True	P3-Staff2	1	64.0	1.5	78.0	V7	True	('C', 'E-', 'F', 'A')	C	F	2.0	dominant seventh chord	(0, 3, 5, 9)	b-	b-	5	None
94.5	189/2	1.5	3/2	64	C3	48	True	P3-Staff2	6	64.0	1.5	78.0	V7	True	('C', 'E-', 'F', 'A')	C	F	2.0	dominant seventh chord	(0, 3, 5, 9)	b-	b-	5	None
95.0	95	0.5	1/2	64	A3	57	True	P3-Staff2	5	64.0	1.5	78.0	V7	False	('C', 'E-', 'F', 'A')	C	F	2.0	dominant seventh chord	(0, 3, 5, 9)	b-	b-	5	None
95.5	191/2	0.25	1/4	64	B4	71	True	P3-Staff2	1	64.0	1.5	78.0	V7	False	('C', 'E-', 'F', 'A')	C	F	2.0	dominant seventh chord	(0, 3, 5, 9)	b-	b-	5	None
95.5	191/2	0.25	1/4	64	G#4	68	True	P3-Staff2	1	64.0	1.5	78.0	V7	False	('C', 'E-', 'F', 'A')	C	F	2.0	dominant seventh chord	(0, 3, 5, 9)	b-	b-	5	None
95.5	191/2	0.25	1/4	64	G#4	68	True	P3-Staff2	1	64.0	1.5	78.0	V7	False	('C', 'E-', 'F', 'A')	C	F	2.0	dominant seventh chord	(0, 3, 5, 9)	b-	b-	5	None
95.5	191/2	0.25	1/4	64	B4	71	True	P3-Staff2	1	64.0	1.5	78.0	V7	False	('C', 'E-', 'F', 'A')	C	F	2.0	dominant seventh chord	(0, 3, 5, 9)	b-	b-	5	None
95.5	191/2	0.5	1/2	64	F3	53	True	P3-Staff2	5	64.0	1.5	78.0	V7	False	('C', 'E-', 'F', 'A')	C	F	2.0	dominant seventh chord	(0, 3, 5, 9)	b-	b-	5	None
95.75	383/4	0.25	1/4	64	C5	72	True	P3-Staff2	1	64.0	1.5	78.0	V7	False	('C', 'E-', 'F', 'A')	C	F	2.0	dominant seventh chord	(0, 3, 5, 9)	b-	b-	5	None
95.75	383/4	0.25	1/4	64	A4	69	True	P3-Staff2	1	64.0	1.5	78.0	V7	False	('C', 'E-', 'F', 'A')	C	F	2.0	dominant seventh chord	(0, 3, 5, 9)	b-	b-	5	None
95.75	383/4	0.25	1/4	64	A4	69	True	P3-Staff2	1	64.0	1.5	78.0	V7	False	('C', 'E-', 'F', 'A')	C	F	2.0	dominant seventh chord	(0, 3, 5, 9)	b-	b-	5	None
95.75	383/4	0.25	1/4	64	C5	72	True	P3-Staff2	1	64.0	1.5	78.0	V7	False	('C', 'E-', 'F', 'A')	C	F	2.0	dominant seventh chord	(0, 3, 5, 9)	b-	b-	5	None
96.0	96	0.5	1/2	65	E-5	75	True	P3-Staff2	1	65.0	1.5	79.0	i	True	('B-', 'D-', 'F')	B-	B-	0.0	minor triad	(1, 5, 10)	b-	b-	1	None
96.0	96	0.5	1/2	65	C5	72	True	P3-Staff2	1	65.0	1.5	79.0	i	True	('B-', 'D-', 'F')	B-	B-	0.0	minor triad	(1, 5, 10)	b-	b-	1	None
96.0	96	0.5	1/2	65	G-4	66	True	P3-Staff2	1	65.0	1.5	79.0	i	True	('B-', 'D-', 'F')	B-	B-	0.0	minor triad	(1, 5, 10)	b-	b-	1	None
96.0	96	0.5	1/2	65	C5	72	True	P3-Staff2	1	65.0	1.5	79.0	i	True	('B-', 'D-', 'F')	B-	B-	0.0	minor triad	(1, 5, 10)	b-	b-	1	None
96.0	96	0.5	1/2	65	E-5	75	True	P3-Staff2	1	65.0	1.5	79.0	i	True	('B-', 'D-', 'F')	B-	B-	0.0	minor triad	(1, 5, 10)	b-	b-	1	None
96.0	96	1.5	3/2	65	B-2	46	True	P3-Staff2	6	65.0	1.5	79.0	i	True	('B-', 'D-', 'F')	B-	B-	0.0	minor triad	(1, 5, 10)	b-	b-	1	None
96.5	193/2	0.5	1/2	65	D-5	73	True	P3-Staff2	1	65.0	1.5	79.0	i	False	('B-', 'D-', 'F')	B-	B-	0.0	minor triad	(1, 5, 10)	b-	b-	1	None
96.5	193/2	0.5	1/2	65	B-4	70	True	P3-Staff2	1	65.0	1.5	79.0	i	False	('B-', 'D-', 'F')	B-	B-	0.0	minor triad	(1, 5, 10)	b-	b-	1	None
96.5	193/2	0.5	1/2	65	F4	65	True	P3-Staff2	1	65.0	1.5	79.0	i	False	('B-', 'D-', 'F')	B-	B-	0.0	minor triad	(1, 5, 10)	b-	b-	1	None
96.5	193/2	0.5	1/2	65	B-4	70	True	P3-Staff2	1	65.0	1.5	79.0	i	False	('B-', 'D-', 'F')	B-	B-	0.0	minor triad	(1, 5, 10)	b-	b-	1	None
96.5	193/2	0.5	1/2	65	D-5	73	True	P3-Staff2	1	65.0	1.5	79.0	i	False	('B-', 'D-', 'F')	B-	B-	0.0	minor triad	(1, 5, 10)	b-	b-	1	None
96.5	193/2	0.5	1/2	65	B-3	58	True	P3-Staff2	5	65.0	1.5	79.0	i	False	('B-', 'D-', 'F')	B-	B-	0.0	minor triad	(1, 5, 10)	b-	b-	1	None
97.0	97	0.5	1/2	65	B-4	70	True	P3-Staff2	1	65.0	1.5	79.0	i	False	('B-', 'D-', 'F')	B-	B-	0.0	minor triad	(1, 5, 10)	b-	b-	1	None
97.0	97	0.5	1/2	65	F4	65	True	P3-Staff2	1	65.0	1.5	79.0	i	False	('B-', 'D-', 'F')	B-	B-	0.0	minor triad	(1, 5, 10)	b-	b-	1	None
97.0	97	0.5	1/2	65	D-4	61	True	P3-Staff2	1	65.0	1.5	79.0	i	False	('B-', 'D-', 'F')	B-	B-	0.0	minor triad	(1, 5, 10)	b-	b-	1	None
97.0	97	0.5	1/2	65	F4	65	True	P3-Staff2	1	65.0	1.5	79.0	i	False	('B-', 'D-', 'F')	B-	B-	0.0	minor triad	(1, 5, 10)	b-	b-	1	None
97.0	97	0.5	1/2	65	B-4	70	True	P3-Staff2	1	65.0	1.5	79.0	i	False	('B-', 'D-', 'F')	B-	B-	0.0	minor triad	(1, 5, 10)	b-	b-	1	None
97.0	97	0.5	1/2	65	F3	53	True	P3-Staff2	5	65.0	1.5	79.0	i	False	('B-', 'D-', 'F')	B-	B-	0.0	minor triad	(1, 5, 10)	b-	b-	1	None
97.5	195/2	1.0	1	66	A-4	68	True	P3-Staff2	1	66.0	1.0	80.0	III+	True	('C', 'E', 'A-')	C	A-	1.0	augmented triad	(0, 4, 8)	f	f	3	None
97.5	195/2	1.0	1	66	E4	64	True	P3-Staff2	1	66.0	1.0	80.0	III+	True	('C', 'E', 'A-')	C	A-	1.0	augmented triad	(0, 4, 8)	f	f	3	None
97.5	195/2	1.0	1	66	C4	60	True	P3-Staff2	1	66.0	1.0	80.0	III+	True	('C', 'E', 'A-')	C	A-	1.0	augmented triad	(0, 4, 8)	f	f	3	None
97.5	195/2	1.0	1	66	E4	64	True	P3-Staff2	1	66.0	1.0	80.0	III+	True	('C', 'E', 'A-')	C	A-	1.0	augmented triad	(0, 4, 8)	f	f	3	None
97.5	195/2	1.0	1	66	A-4	68	True	P3-Staff2	1	66.0	1.0	80.0	III+	True	('C', 'E', 'A-')	C	A-	1.0	augmented triad	(0, 4, 8)	f	f	3	None
97.5	195/2	1.5	3/2	66	C3	48	True	P3-Staff2	6	66.0	1.0	80.0	III+	True	('C', 'E', 'A-')	C	A-	1.0	augmented triad	(0, 4, 8)	f	f	3	None
98.0	98	0.5	1/2	66	A-3	56	True	P3-Staff2	5	66.0	1.0	80.0	III+	False	('C', 'E', 'A-')	C	A-	1.0	augmented triad	(0, 4, 8)	f	f	3	None
98.5	197/2	0.5	1/2	66	G4	67	True	P3-Staff2	1	66.0	0.5	81.0	V	True	('C', 'E', 'G')	C	C	0.0	major triad	(0, 4, 7)	f	f	5	None
98.5	197/2	0.5	1/2	66	E4	64	True	P3-Staff2	1	66.0	0.5	81.0	V	True	('C', 'E', 'G')	C	C	0.0	major triad	(0, 4, 7)	f	f	5	None
98.5	197/2	0.5	1/2	66	C4	60	True	P3-Staff2	1	66.0	0.5	81.0	V	True	('C', 'E', 'G')	C	C	0.0	major triad	(0, 4, 7)	f	f	5	None
98.5	197/2	0.5	1/2	66	E4	64	True	P3-Staff2	1	66.0	0.5	81.0	V	True	('C', 'E', 'G')	C	C	0.0	major triad	(0, 4, 7)	f	f	5	None
98.5	197/2	0.5	1/2	66	G4	67	True	P3-Staff2	1	66.0	0.5	81.0	V	True	('C', 'E', 'G')	C	C	0.0	major triad	(0, 4, 7)	f	f	5	None
98.5	197/2	0.5	1/2	66	G3	55	True	P3-Staff2	5	66.0	0.5	81.0	V	True	('C', 'E', 'G')	C	C	0.0	major triad	(0, 4, 7)	f	f	5	None
99.0	99	1.0	1	67	F4	65	True	P3-Staff2	1	67.0	1.5	82.0	i	True	('A-', 'C', 'F')	A-	F	1.0	minor triad	(0, 5, 8)	f	f	1	None
99.0	99	1.0	1	67	F4	65	True	P3-Staff2	1	67.0	1.5	82.0	i	True	('A-', 'C', 'F')	A-	F	1.0	minor triad	(0, 5, 8)	f	f	1	None
99.0	99	1.0	1	67	A-3	56	True	P3-Staff2	1	67.0	1.5	82.0	i	True	('A-', 'C', 'F')	A-	F	1.0	minor triad	(0, 5, 8)	f	f	1	None
99.0	99	1.0	1	67	C4	60	True	P3-Staff2	1	67.0	1.5	82.0	i	True	('A-', 'C', 'F')	A-	F	1.0	minor triad	(0, 5, 8)	f	f	1	None
99.0	99	1.0	1	67	F4	65	True	P3-Staff2	1	67.0	1.5	82.0	i	True	('A-', 'C', 'F')	A-	F	1.0	minor triad	(0, 5, 8)	f	f	1	None
99.0	99	1.5	3/2	67	A-2	44	True	P3-Staff2	6	67.0	1.5	82.0	i	True	('A-', 'C', 'F')	A-	F	1.0	minor triad	(0, 5, 8)	f	f	1	None
99.5	199/2	0.5	1/2	67	F3	53	True	P3-Staff2	5	67.0	1.5	82.0	i	False	('A-', 'C', 'F')	A-	F	1.0	minor triad	(0, 5, 8)	f	f	1	None
100.0	100	0.5	1/2	67	F4	65	True	P3-Staff2	1	67.0	1.5	82.0	i	False	('A-', 'C', 'F')	A-	F	1.0	minor triad	(0, 5, 8)	f	f	1	None
100.0	100	0.5	1/2	67	F4	65	True	P3-Staff2	1	67.0	1.5	82.0	i	False	('A-', 'C', 'F')	A-	F	1.0	minor triad	(0, 5, 8)	f	f	1	None
100.0	100	0.5	1/2	67	A-3	56	True	P3-Staff2	1	67.0	1.5	82.0	i	False	('A-', 'C', 'F')	A-	F	1.0	minor triad	(0, 5, 8)	f	f	1	None
100.0	100	0.5	1/2	67	C4	60	True	P3-Staff2	1	67.0	1.5	82.0	i	False	('A-', 'C', 'F')	A-	F	1.0	minor triad	(0, 5, 8)	f	f	1	None
100.0	100	0.5	1/2	67	F4	65	True	P3-Staff2	1	67.0	1.5	82.0	i	False	('A-', 'C', 'F')	A-	F	1.0	minor triad	(0, 5, 8)	f	f	1	None
100.0	100	0.5	1/2	67	C3	48	True	P3-Staff2	5	67.0	1.5	82.0	i	False	('A-', 'C', 'F')	A-	F	1.0	minor triad	(0, 5, 8)	f	f	1	None
100.5	201/2	1.0	1	68	F5	77	True	P3-Staff2	1	68.0	1.5	83.0	V7	True	('A', 'C', 'E-', 'F')	A	F	1.0	dominant seventh chord	(0, 3, 5, 9)	b-	b-	5	None
100.5	201/2	1.0	1	68	D-5	73	True	P3-Staff2	1	68.0	1.5	83.0	V7	True	('A', 'C', 'E-', 'F')	A	F	1.0	dominant seventh chord	(0, 3, 5, 9)	b-	b-	5	None
100.5	201/2	1.0	1	68	F4	65	True	P3-Staff2	1	68.0	1.5	83.0	V7	True	('A', 'C', 'E-', 'F')	A	F	1.0	dominant seventh chord	(0, 3, 5, 9)	b-	b-	5	None
100.5	201/2	1.0	1	68	D-5	73	True	P3-Staff2	1	68.0	1.5	83.0	V7	True	('A', 'C', 'E-', 'F')	A	F	1.0	dominant seventh chord	(0, 3, 5, 9)	b-	b-	5	None
100.5	201/2	1.0	1	68	F5	77	True	P3-Staff2	1	68.0	1.5	83.0	V7	True	('A', 'C', 'E-', 'F')	A	F	1.0	dominant seventh chord	(0, 3, 5, 9)	b-	b-	5	None
100.5	201/2	1.5	3/2	68	A2	45	True	P3-Staff2	6	68.0	1.5	83.0	V7	True	('A', 'C', 'E-', 'F')	A	F	1.0	dominant seventh chord	(0, 3, 5, 9)	b-	b-	5	None
101.0	101	0.5	1/2	68	A3	57	True	P3-Staff2	5	68.0	1.5	83.0	V7	False	('A', 'C', 'E-', 'F')	A	F	1.0	dominant seventh chord	(0, 3, 5, 9)	b-	b-	5	None
101.5	203/2	0.5	1/2	68	E-5	75	True	P3-Staff2	1	68.0	1.5	83.0	V7	False	('A', 'C', 'E-', 'F')	A	F	1.0	dominant seventh chord	(0, 3, 5, 9)	b-	b-	5	None
101.5	203/2	0.5	1/2	68	C5	72	True	P3-Staff2	1	68.0	1.5	83.0	V7	False	('A', 'C', 'E-', 'F')	A	F	1.0	dominant seventh chord	(0, 3, 5, 9)	b-	b-	5	None
101.5	203/2	0.5	1/2	68	F4	65	True	P3-Staff2	1	68.0	1.5	83.0	V7	False	('A', 'C', 'E-', 'F')	A	F	1.0	dominant seventh chord	(0, 3, 5, 9)	b-	b-	5	None
101.5	203/2	0.5	1/2	68	C5	72	True	P3-Staff2	1	68.0	1.5	83.0	V7	False	('A', 'C', 'E-', 'F')	A	F	1.0	dominant seventh chord	(0, 3, 5, 9)	b-	b-	5	None
101.5	203/2	0.5	1/2	68	E-5	75	True	P3-Staff2	1	68.0	1.5	83.0	V7	False	('A', 'C', 'E-', 'F')	A	F	1.0	dominant seventh chord	(0, 3, 5, 9)	b-	b-	5	None
101.5	203/2	0.5	1/2	68	F3	53	True	P3-Staff2	5	68.0	1.5	83.0	V7	False	('A', 'C', 'E-', 'F')	A	F	1.0	dominant seventh chord	(0, 3, 5, 9)	b-	b-	5	None
102.0	102	1.0	1	69	D-5	73	True	P3-Staff2	1	69.0	1.0	84.0	i	True	('B-', 'D-', 'F')	B-	B-	0.0	minor triad	(1, 5, 10)	b-	b-	1	None
102.0	102	1.0	1	69	B-4	70	True	P3-Staff2	1	69.0	1.0	84.0	i	True	('B-', 'D-', 'F')	B-	B-	0.0	minor triad	(1, 5, 10)	b-	b-	1	None
102.0	102	1.0	1	69	F4	65	True	P3-Staff2	1	69.0	1.0	84.0	i	True	('B-', 'D-', 'F')	B-	B-	0.0	minor triad	(1, 5, 10)	b-	b-	1	None
102.0	102	1.0	1	69	B-4	70	True	P3-Staff2	1	69.0	1.0	84.0	i	True	('B-', 'D-', 'F')	B-	B-	0.0	minor triad	(1, 5, 10)	b-	b-	1	None
102.0	102	1.0	1	69	D-5	73	True	P3-Staff2	1	69.0	1.0	84.0	i	True	('B-', 'D-', 'F')	B-	B-	0.0	minor triad	(1, 5, 10)	b-	b-	1	None
102.0	102	1.0	1	69	B-2	46	True	P3-Staff2	6	69.0	1.0	84.0	i	True	('B-', 'D-', 'F')	B-	B-	0.0	minor triad	(1, 5, 10)	b-	b-	1	None
102.5	205/2	1.0	1	69	F3	53	True	P3-Staff2	5	69.0	1.0	84.0	i	False	('B-', 'D-', 'F')	B-	B-	0.0	minor triad	(1, 5, 10)	b-	b-	1	None
103.0	103	0.5	1/2	69	C5	72	True	P3-Staff2	1	69.0	0.5	85.0	V7	True	('C', 'E-', 'F', 'A')	C	F	2.0	dominant seventh chord	(0, 3, 5, 9)	b-	b-	5	None
103.0	103	0.5	1/2	69	A4	69	True	P3-Staff2	1	69.0	0.5	85.0	V7	True	('C', 'E-', 'F', 'A')	C	F	2.0	dominant seventh chord	(0, 3, 5, 9)	b-	b-	5	None
103.0	103	0.5	1/2	69	E-4	63	True	P3-Staff2	1	69.0	0.5	85.0	V7	True	('C', 'E-', 'F', 'A')	C	F	2.0	dominant seventh chord	(0, 3, 5, 9)	b-	b-	5	None
103.0	103	0.5	1/2	69	A4	69	True	P3-Staff2	1	69.0	0.5	85.0	V7	True	('C', 'E-', 'F', 'A')	C	F	2.0	dominant seventh chord	(0, 3, 5, 9)	b-	b-	5	None
103.0	103	0.5	1/2	69	C5	72	True	P3-Staff2	1	69.0	0.5	85.0	V7	True	('C', 'E-', 'F', 'A')	C	F	2.0	dominant seventh chord	(0, 3, 5, 9)	b-	b-	5	None
103.0	103	0.5	1/2	69	C3	48	True	P3-Staff2	6	69.0	0.5	85.0	V7	True	('C', 'E-', 'F', 'A')	C	F	2.0	dominant seventh chord	(0, 3, 5, 9)	b-	b-	5	None
103.5	207/2	1.0	1	70	B-4	70	True	P3-Staff2	1	70.0	0.5	86.0	i	True	('D-', 'F', 'B-')	D-	B-	1.0	minor triad	(1, 5, 10)	b-	b-	1	None
103.5	207/2	1.0	1	70	B-4	70	True	P3-Staff2	1	70.0	0.5	86.0	i	True	('D-', 'F', 'B-')	D-	B-	1.0	minor triad	(1, 5, 10)	b-	b-	1	None
103.5	207/2	1.0	1	70	D-4	61	True	P3-Staff2	1	70.0	0.5	86.0	i	True	('D-', 'F', 'B-')	D-	B-	1.0	minor triad	(1, 5, 10)	b-	b-	1	None
103.5	207/2	1.0	1	70	F4	65	True	P3-Staff2	1	70.0	0.5	86.0	i	True	('D-', 'F', 'B-')	D-	B-	1.0	minor triad	(1, 5, 10)	b-	b-	1	None
103.5	207/2	1.0	1	70	B-4	70	True	P3-Staff2	1	70.0	0.5	86.0	i	True	('D-', 'F', 'B-')	D-	B-	1.0	minor triad	(1, 5, 10)	b-	b-	1	None
103.5	207/2	1.0	1	70	D-3	49	True	P3-Staff2	6	70.0	0.5	86.0	i	True	('D-', 'F', 'B-')	D-	B-	1.0	minor triad	(1, 5, 10)	b-	b-	1	None
104.0	104	1.0	1	70	F3	53	True	P3-Staff2	5	70.0	0.5	87.0	IV	True	('D-', 'F', 'A-')	D-	D-	0.0	major triad	(1, 5, 8)	A-	A-	4	None
104.5	209/2	0.5	1/2	70	A-4	68	True	P3-Staff2	1	70.0	0.5	88.0	viio/V	True	('D', 'F', 'A-')	D	D	0.0	diminished triad	(2, 5, 8)	A-	E-	7	5
104.5	209/2	0.5	1/2	70	F4	65	True	P3-Staff2	1	70.0	0.5	88.0	viio/V	True	('D', 'F', 'A-')	D	D	0.0	diminished triad	(2, 5, 8)	A-	E-	7	5
104.5	209/2	0.5	1/2	70	C-4	59	True	P3-Staff2	1	70.0	0.5	88.0	viio/V	True	('D', 'F', 'A-')	D	D	0.0	diminished triad	(2, 5, 8)	A-	E-	7	5
104.5	209/2	0.5	1/2	70	F4	65	True	P3-Staff2	1	70.0	0.5	88.0	viio/V	True	('D', 'F', 'A-')	D	D	0.0	diminished triad	(2, 5, 8)	A-	E-	7	5
104.5	209/2	0.5	1/2	70	A-4	68	True	P3-Staff2	1	70.0	0.5	88.0	viio/V	True	('D', 'F', 'A-')	D	D	0.0	diminished triad	(2, 5, 8)	A-	E-	7	5
104.5	209/2	0.5	1/2	70	D3	50	True	P3-Staff2	6	70.0	0.5	88.0	viio/V	True	('D', 'F', 'A-')	D	D	0.0	diminished triad	(2, 5, 8)	A-	E-	7	5
105.0	105	1.0	1	71	A-4	68	True	P3-Staff2	1	71.0	1.5	89.0	I	True	('E-', 'A-', 'C')	E-	A-	2.0	major triad	(0, 3, 8)	A-	A-	1	None
105.0	105	1.0	1	71	E-4	63	True	P3-Staff2	1	71.0	1.5	89.0	I	True	('E-', 'A-', 'C')	E-	A-	2.0	major triad	(0, 3, 8)	A-	A-	1	None
105.0	105	1.0	1	71	C4	60	True	P3-Staff2	1	71.0	1.5	89.0	I	True	('E-', 'A-', 'C')	E-	A-	2.0	major triad	(0, 3, 8)	A-	A-	1	None
105.0	105	1.0	1	71	E-4	63	True	P3-Staff2	1	71.0	1.5	89.0	I	True	('E-', 'A-', 'C')	E-	A-	2.0	major triad	(0, 3, 8)	A-	A-	1	None
105.0	105	1.0	1	71	A-4	68	True	P3-Staff2	1	71.0	1.5	89.0	I	True	('E-', 'A-', 'C')	E-	A-	2.0	major triad	(0, 3, 8)	A-	A-	1	None
105.0	105	0.5	1/2	71	E-3	51	True	P3-Staff2	6	71.0	1.5	89.0	I	True	('E-', 'A-', 'C')	E-	A-	2.0	major triad	(0, 3, 8)	A-	A-	1	None
105.5	211/2	1.0	1	71	E-2	39	True	P3-Staff2	6	71.0	1.5	89.0	I	False	('E-', 'A-', 'C')	E-	A-	2.0	major triad	(0, 3, 8)	A-	A-	1	None
106.0	106	0.5	1/2	71	F4	65	True	P3-Staff2	1	71.0	1.5	89.0	I	False	('E-', 'A-', 'C')	E-	A-	2.0	major triad	(0, 3, 8)	A-	A-	1	None
106.0	106	0.5	1/2	71	D4	62	True	P3-Staff2	1	71.0	1.5	89.0	I	False	('E-', 'A-', 'C')	E-	A-	2.0	major triad	(0, 3, 8)	A-	A-	1	None
106.0	106	0.5	1/2	71	C-4	59	True	P3-Staff2	1	71.0	1.5	89.0	I	False	('E-', 'A-', 'C')	E-	A-	2.0	major triad	(0, 3, 8)	A-	A-	1	None
106.0	106	0.5	1/2	71	D4	62	True	P3-Staff2	1	71.0	1.5	89.0	I	False	('E-', 'A-', 'C')	E-	A-	2.0	major triad	(0, 3, 8)	A-	A-	1	None
106.0	106	0.5	1/2	71	F4	65	True	P3-Staff2	1	71.0	1.5	89.0	I	False	('E-', 'A-', 'C')	E-	A-	2.0	major triad	(0, 3, 8)	A-	A-	1	None
106.5	213/2	1.0	1	72	E-5	75	True	P3-Staff2	1	72.0	1.0	90.0	I	True	('E-', 'A-', 'C')	E-	A-	2.0	major triad	(0, 3, 8)	A-	A-	1	None
106.5	213/2	0.5	1/2	72	E-4	63	True	P3-Staff2	1	72.0	1.0	90.0	I	True	('E-', 'A-', 'C')	E-	A-	2.0	major triad	(0, 3, 8)	A-	A-	1	None
106.5	213/2	1.0	1	72	E-4	63	True	P3-Staff2	1	72.0	1.0	90.0	I	True	('E-', 'A-', 'C')	E-	A-	2.0	major triad	(0, 3, 8)	A-	A-	1	None
106.5	213/2	1.0	1	72	G4	67	True	P3-Staff2	1	72.0	1.0	90.0	I	True	('E-', 'A-', 'C')	E-	A-	2.0	major triad	(0, 3, 8)	A-	A-	1	None
106.5	213/2	1.0	1	72	C5	72	True	P3-Staff2	1	72.0	1.0	90.0	I	True	('E-', 'A-', 'C')	E-	A-	2.0	major triad	(0, 3, 8)	A-	A-	1	None
106.5	213/2	1.0	1	72	E-5	75	True	P3-Staff2	1	72.0	1.0	90.0	I	True	('E-', 'A-', 'C')	E-	A-	2.0	major triad	(0, 3, 8)	A-	A-	1	None
106.5	213/2	0.5	1/2	72	E-1	27	True	P3-Staff2	1	72.0	1.0	90.0	I	True	('E-', 'A-', 'C')	E-	A-	2.0	major triad	(0, 3, 8)	A-	A-	1	None
106.5	213/2	0.5	1/2	72	E-2	39	True	P3-Staff2	1	72.0	1.0	90.0	I	True	('E-', 'A-', 'C')	E-	A-	2.0	major triad	(0, 3, 8)	A-	A-	1	None
107.0	107	0.5	1/2	72	F4	65	True	P3-Staff2	1	72.0	1.0	90.0	I	False	('E-', 'A-', 'C')	E-	A-	2.0	major triad	(0, 3, 8)	A-	A-	1	None
107.0	107	0.5	1/2	72	C4	60	True	P3-Staff2	6	72.0	1.0	90.0	I	False	('E-', 'A-', 'C')	E-	A-	2.0	major triad	(0, 3, 8)	A-	A-	1	None
107.5	215/2	0.5	1/2	72	C5	72	True	P3-Staff2	1	72.0	0.5	91.0	V7	True	('E-', 'G', 'B-', 'D-')	E-	E-	0.0	dominant seventh chord	(1, 3, 7, 10)	A-	A-	5	None
107.5	215/2	0.5	1/2	72	G4	67	True	P3-Staff2	1	72.0	0.5	91.0	V7	True	('E-', 'G', 'B-', 'D-')	E-	E-	0.0	dominant seventh chord	(1, 3, 7, 10)	A-	A-	5	None
107.5	215/2	0.5	1/2	72	D-4	61	True	P3-Staff2	1	72.0	0.5	91.0	V7	True	('E-', 'G', 'B-', 'D-')	E-	E-	0.0	dominant seventh chord	(1, 3, 7, 10)	A-	A-	5	None
107.5	215/2	0.5	1/2	72	G4	67	True	P3-Staff2	1	72.0	0.5	91.0	V7	True	('E-', 'G', 'B-', 'D-')	E-	E-	0.0	dominant seventh chord	(1, 3, 7, 10)	A-	A-	5	None
107.5	215/2	0.5	1/2	72	C5	72	True	P3-Staff2	1	72.0	0.5	91.0	V7	True	('E-', 'G', 'B-', 'D-')	E-	E-	0.0	dominant seventh chord	(1, 3, 7, 10)	A-	A-	5	None
107.5	215/2	0.5	1/2	72	E-3	51	True	P3-Staff2	6	72.0	0.5	91.0	V7	True	('E-', 'G', 'B-', 'D-')	E-	E-	0.0	dominant seventh chord	(1, 3, 7, 10)	A-	A-	5	None
108.0	108	1.5	3/2	73	A-4	68	True	P3-Staff2	1	73.0	1.5	92.0	I	True	('A-', 'C', 'E-')	A-	A-	0.0	major triad	(0, 3, 8)	A-	A-	1	None
108.0	108	1.5	3/2	73	A-4	68	True	P3-Staff2	1	73.0	1.5	92.0	I	True	('A-', 'C', 'E-')	A-	A-	0.0	major triad	(0, 3, 8)	A-	A-	1	None
108.0	108	0.5	1/2	73	C4	60	True	P3-Staff2	1	73.0	1.5	92.0	I	True	('A-', 'C', 'E-')	A-	A-	0.0	major triad	(0, 3, 8)	A-	A-	1	None
108.0	108	0.5	1/2	73	E-4	63	True	P3-Staff2	1	73.0	1.5	92.0	I	True	('A-', 'C', 'E-')	A-	A-	0.0	major triad	(0, 3, 8)	A-	A-	1	None
108.0	108	0.5	1/2	73	A-4	68	True	P3-Staff2	1	73.0	1.5	92.0	I	True	('A-', 'C', 'E-')	A-	A-	0.0	major triad	(0, 3, 8)	A-	A-	1	None
108.0	108	1.5	3/2	73	A-1	32	True	P3-Staff2	1	73.0	1.5	92.0	I	True	('A-', 'C', 'E-')	A-	A-	0.0	major triad	(0, 3, 8)	A-	A-	1	None
108.0	108	1.5	3/2	73	A-2	44	True	P3-Staff2	1	73.0	1.5	92.0	I	True	('A-', 'C', 'E-')	A-	A-	0.0	major triad	(0, 3, 8)	A-	A-	1	None
108.5	217/2	0.5	1/2	73	C4	60	True	P3-Staff2	2	73.0	1.5	92.0	I	False	('A-', 'C', 'E-')	A-	A-	0.0	major triad	(0, 3, 8)	A-	A-	1	None
109.0	109	0.5	1/2	73	E-4	63	True	P3-Staff2	2	73.0	1.5	92.0	I	False	('A-', 'C', 'E-')	A-	A-	0.0	major triad	(0, 3, 8)	A-	A-	1	None
109.5	219/2	1.5	3/2	74	A-4	68	False	P3-Staff2	1	74.0	1.5	93.0	I	True	('A-', 'C', 'E-')	A-	A-	0.0	major triad	(0, 3, 8)	A-	A-	1	None
109.5	219/2	1.5	3/2	74	A-4	68	False	P3-Staff2	1	74.0	1.5	93.0	I	True	('A-', 'C', 'E-')	A-	A-	0.0	major triad	(0, 3, 8)	A-	A-	1	None
109.5	219/2	0.5	1/2	74	A-4	68	True	P3-Staff2	2	74.0	1.5	93.0	I	True	('A-', 'C', 'E-')	A-	A-	0.0	major triad	(0, 3, 8)	A-	A-	1	None
109.5	219/2	0.5	1/2	74	A-1	32	False	P3-Staff2	1	74.0	1.5	93.0	I	True	('A-', 'C', 'E-')	A-	A-	0.0	major triad	(0, 3, 8)	A-	A-	1	None
109.5	219/2	0.5	1/2	74	A-2	44	False	P3-Staff2	1	74.0	1.5	93.0	I	True	('A-', 'C', 'E-')	A-	A-	0.0	major triad	(0, 3, 8)	A-	A-	1	None
110.0	110	0.5	1/2	74	A-3	56	True	P3-Staff2	1	74.0	1.5	93.0	I	False	('A-', 'C', 'E-')	A-	A-	0.0	major triad	(0, 3, 8)	A-	A-	1	None
110.0	110	0.5	1/2	74	C4	60	True	P3-Staff2	1	74.0	1.5	93.0	I	False	('A-', 'C', 'E-')	A-	A-	0.0	major triad	(0, 3, 8)	A-	A-	1	None
110.0	110	0.5	1/2	74	E-4	63	True	P3-Staff2	1	74.0	1.5	93.0	I	False	('A-', 'C', 'E-')	A-	A-	0.0	major triad	(0, 3, 8)	A-	A-	1	None
110.5	221/2	0.5	1/2	74	C4	60	True	P3-Staff2	1	74.0	1.5	93.0	I	False	('A-', 'C', 'E-')	A-	A-	0.0	major triad	(0, 3, 8)	A-	A-	1	None
110.5	221/2	0.5	1/2	74	E-4	63	True	P3-Staff2	1	74.0	1.5	93.0	I	False	('A-', 'C', 'E-')	A-	A-	0.0	major triad	(0, 3, 8)	A-	A-	1	None
110.5	221/2	0.5	1/2	74	A-4	68	True	P3-Staff2	1	74.0	1.5	93.0	I	False	('A-', 'C', 'E-')	A-	A-	0.0	major triad	(0, 3, 8)	A-	A-	1	None
111.0	111	1.0	1	75	A-4	68	False	P3-Staff2	1	75.0	1.5	94.0	bVI	True	('A-', 'C-', 'F-')	A-	F-	1.0	major triad	(4, 8, 11)	A-	A-	-6	None
111.0	111	1.0	1	75	A-4	68	False	P3-Staff2	1	75.0	1.5	94.0	bVI	True	('A-', 'C-', 'F-')	A-	F-	1.0	major triad	(4, 8, 11)	A-	A-	-6	None
111.0	111	1.0	1	75	F-4	64	True	P3-Staff2	1	75.0	1.5	94.0	bVI	True	('A-', 'C-', 'F-')	A-	F-	1.0	major triad	(4, 8, 11)	A-	A-	-6	None
111.0	111	1.0	1	75	A-4	68	True	P3-Staff2	1	75.0	1.5	94.0	bVI	True	('A-', 'C-', 'F-')	A-	F-	1.0	major triad	(4, 8, 11)	A-	A-	-6	None
111.0	111	1.0	1	75	C-5	71	True	P3-Staff2	1	75.0	1.5	94.0	bVI	True	('A-', 'C-', 'F-')	A-	F-	1.0	major triad	(4, 8, 11)	A-	A-	-6	None
111.0	111	1.5	3/2	75	A-2	44	True	P3-Staff2	6	75.0	1.5	94.0	bVI	True	('A-', 'C-', 'F-')	A-	F-	1.0	major triad	(4, 8, 11)	A-	A-	-6	None
111.5	223/2	0.5	1/2	75	A-3	56	True	P3-Staff2	5	75.0	1.5	94.0	bVI	False	('A-', 'C-', 'F-')	A-	F-	1.0	major triad	(4, 8, 11)	A-	A-	-6	None
112.0	112	0.5	1/2	75	A-4	68	True	P3-Staff2	1	75.0	1.5	94.0	bVI	False	('A-', 'C-', 'F-')	A-	F-	1.0	major triad	(4, 8, 11)	A-	A-	-6	None
112.0	112	0.5	1/2	75	C-5	71	True	P3-Staff2	1	75.0	1.5	94.0	bVI	False	('A-', 'C-', 'F-')	A-	F-	1.0	major triad	(4, 8, 11)	A-	A-	-6	None
112.0	112	0.5	1/2	75	F-5	76	True	P3-Staff2	1	75.0	1.5	94.0	bVI	False	('A-', 'C-', 'F-')	A-	F-	1.0	major triad	(4, 8, 11)	A-	A-	-6	None
112.0	112	0.5	1/2	75	F-3	52	True	P3-Staff2	5	75.0	1.5	94.0	bVI	False	('A-', 'C-', 'F-')	A-	F-	1.0	major triad	(4, 8, 11)	A-	A-	-6	None
112.5	225/2	0.75	3/4	76	C-5	71	True	P3-Staff2	1	76.0	1.5	95.0	bVI	True	('A-', 'C-', 'F-')	A-	F-	1.0	major triad	(4, 8, 11)	A-	A-	-6	None
112.5	225/2	1.0	1	76	F-4	64	True	P3-Staff2	1	76.0	1.5	95.0	bVI	True	('A-', 'C-', 'F-')	A-	F-	1.0	major triad	(4, 8, 11)	A-	A-	-6	None
112.5	225/2	1.0	1	76	A-4	68	True	P3-Staff2	1	76.0	1.5	95.0	bVI	True	('A-', 'C-', 'F-')	A-	F-	1.0	major triad	(4, 8, 11)	A-	A-	-6	None
112.5	225/2	1.5	3/2	76	A-2	44	True	P3-Staff2	6	76.0	1.5	95.0	bVI	True	('A-', 'C-', 'F-')	A-	F-	1.0	major triad	(4, 8, 11)	A-	A-	-6	None
113.0	113	0.5	1/2	76	A-3	56	True	P3-Staff2	5	76.0	1.5	95.0	bVI	False	('A-', 'C-', 'F-')	A-	F-	1.0	major triad	(4, 8, 11)	A-	A-	-6	None
113.25	453/4	0.25	1/4	76	B-4	70	True	P3-Staff2	1	76.0	1.5	95.0	bVI	False	('A-', 'C-', 'F-')	A-	F-	1.0	major triad	(4, 8, 11)	A-	A-	-6	None
113.5	227/2	0.5	1/2	76	A-4	68	True	P3-Staff2	1	76.0	1.5	95.0	bVI	False	('A-', 'C-', 'F-')	A-	F-	1.0	major triad	(4, 8, 11)	A-	A-	-6	None
113.5	227/2	0.5	1/2	76	C-4	59	True	P3-Staff2	1	76.0	1.5	95.0	bVI	False	('A-', 'C-', 'F-')	A-	F-	1.0	major triad	(4, 8, 11)	A-	A-	-6	None
113.5	227/2	0.5	1/2	76	F-4	64	True	P3-Staff2	1	76.0	1.5	95.0	bVI	False	('A-', 'C-', 'F-')	A-	F-	1.0	major triad	(4, 8, 11)	A-	A-	-6	None
113.5	227/2	0.5	1/2	76	F-3	52	True	P3-Staff2	5	76.0	1.5	95.0	bVI	False	('A-', 'C-', 'F-')	A-	F-	1.0	major triad	(4, 8, 11)	A-	A-	-6	None
114.0	114	1.5	3/2	77	E-5	75	True	P3-Staff2	1	77.0	1.5	96.0	I	True	('A-', 'C', 'E-')	A-	A-	0.0	major triad	(0, 3, 8)	A-	A-	1	None
114.0	114	1.0	1	77	E-4	63	True	P3-Staff2	1	77.0	1.5	96.0	I	True	('A-', 'C', 'E-')	A-	A-	0.0	major triad	(0, 3, 8)	A-	A-	1	None
114.0	114	1.0	1	77	A-4	68	True	P3-Staff2	1	77.0	1.5	96.0	I	True	('A-', 'C', 'E-')	A-	A-	0.0	major triad	(0, 3, 8)	A-	A-	1	None
114.0	114	1.0	1	77	C5	72	True	P3-Staff2	1	77.0	1.5	96.0	I	True	('A-', 'C', 'E-')	A-	A-	0.0	major triad	(0, 3, 8)	A-	A-	1	None
114.0	114	1.5	3/2	77	A-2	44	True	P3-Staff2	6	77.0	1.5	96.0	I	True	('A-', 'C', 'E-')	A-	A-	0.0	major triad	(0, 3, 8)	A-	A-	1	None
114.5	229/2	0.5	1/2	77	A-3	56	True	P3-Staff2	5	77.0	1.5	96.0	I	False	('A-', 'C', 'E-')	A-	A-	0.0	major triad	(0, 3, 8)	A-	A-	1	None
115.0	115	0.5	1/2	77	C4	60	True	P3-Staff2	1	77.0	1.5	96.0	I	False	('A-', 'C', 'E-')	A-	A-	0.0	major triad	(0, 3, 8)	A-	A-	1	None
115.0	115	0.5	1/2	77	E-4	63	True	P3-Staff2	1	77.0	1.5	96.0	I	False	('A-', 'C', 'E-')	A-	A-	0.0	major triad	(0, 3, 8)	A-	A-	1	None
115.0	115	0.5	1/2	77	A-4	68	True	P3-Staff2	1	77.0	1.5	96.0	I	False	('A-', 'C', 'E-')	A-	A-	0.0	major triad	(0, 3, 8)	A-	A-	1	None
115.0	115	0.5	1/2	77	E-3	51	True	P3-Staff2	5	77.0	1.5	96.0	I	False	('A-', 'C', 'E-')	A-	A-	0.0	major triad	(0, 3, 8)	A-	A-	1	None
115.5	231/2	1.5	3/2	78	E-5	75	False	P3-Staff2	1	78.0	1.5	97.0	V7	True	('E-', 'G', 'B-', 'D-')	E-	E-	0.0	dominant seventh chord	(1, 3, 7, 10)	A-	A-	5	None
115.5	231/2	1.5	3/2	78	B-3	58	True	P3-Staff2	1	78.0	1.5	97.0	V7	True	('E-', 'G', 'B-', 'D-')	E-	E-	0.0	dominant seventh chord	(1, 3, 7, 10)	A-	A-	5	None
115.5	231/2	1.5	3/2	78	D-4	61	True	P3-Staff2	1	78.0	1.5	97.0	V7	True	('E-', 'G', 'B-', 'D-')	E-	E-	0.0	dominant seventh chord	(1, 3, 7, 10)	A-	A-	5	None
115.5	231/2	1.5	3/2	78	E-4	63	True	P3-Staff2	1	78.0	1.5	97.0	V7	True	('E-', 'G', 'B-', 'D-')	E-	E-	0.0	dominant seventh chord	(1, 3, 7, 10)	A-	A-	5	None
115.5	231/2	1.5	3/2	78	A-2	44	True	P3-Staff2	6	78.0	1.5	97.0	V7	True	('E-', 'G', 'B-', 'D-')	E-	E-	0.0	dominant seventh chord	(1, 3, 7, 10)	A-	A-	5	None
116.0	116	0.5	1/2	78	G3	55	True	P3-Staff2	5	78.0	1.5	97.0	V7	False	('E-', 'G', 'B-', 'D-')	E-	E-	0.0	dominant seventh chord	(1, 3, 7, 10)	A-	A-	5	None
116.5	233/2	0.5	1/2	78	E-3	51	True	P3-Staff2	5	78.0	1.5	97.0	V7	False	('E-', 'G', 'B-', 'D-')	E-	E-	0.0	dominant seventh chord	(1, 3, 7, 10)	A-	A-	5	None
117.0	117	1.0	1	79	E-5	75	False	P3-Staff2	1	79.0	1.5	98.0	I	True	('A-', 'C', 'E-')	A-	A-	0.0	major triad	(0, 3, 8)	A-	A-	1	None
117.0	117	1.0	1	79	E-4	63	True	P3-Staff2	1	79.0	1.5	98.0	I	True	('A-', 'C', 'E-')	A-	A-	0.0	major triad	(0, 3, 8)	A-	A-	1	None
117.0	117	1.0	1	79	A-4	68	True	P3-Staff2	1	79.0	1.5	98.0	I	True	('A-', 'C', 'E-')	A-	A-	0.0	major triad	(0, 3, 8)	A-	A-	1	None
117.0	117	1.0	1	79	C5	72	True	P3-Staff2	1	79.0	1.5	98.0	I	True	('A-', 'C', 'E-')	A-	A-	0.0	major triad	(0, 3, 8)	A-	A-	1	None
117.0	117	1.5	3/2	79	A-2	44	True	P3-Staff2	6	79.0	1.5	98.0	I	True	('A-', 'C', 'E-')	A-	A-	0.0	major triad	(0, 3, 8)	A-	A-	1	None
117.5	235/2	0.5	1/2	79	A-3	56	True	P3-Staff2	5	79.0	1.5	98.0	I	False	('A-', 'C', 'E-')	A-	A-	0.0	major triad	(0, 3, 8)	A-	A-	1	None
118.0	118	0.5	1/2	79	C4	60	True	P3-Staff2	1	79.0	1.5	98.0	I	False	('A-', 'C', 'E-')	A-	A-	0.0	major triad	(0, 3, 8)	A-	A-	1	None
118.0	118	0.5	1/2	79	E-4	63	True	P3-Staff2	1	79.0	1.5	98.0	I	False	('A-', 'C', 'E-')	A-	A-	0.0	major triad	(0, 3, 8)	A-	A-	1	None
118.0	118	0.5	1/2	79	A-4	68	True	P3-Staff2	1	79.0	1.5	98.0	I	False	('A-', 'C', 'E-')	A-	A-	0.0	major triad	(0, 3, 8)	A-	A-	1	None
118.0	118	0.5	1/2	79	E-3	51	True	P3-Staff2	5	79.0	1.5	98.0	I	False	('A-', 'C', 'E-')	A-	A-	0.0	major triad	(0, 3, 8)	A-	A-	1	None
118.5	237/2	0.75	3/4	80	F4	65	True	P3-Staff2	1	80.0	1.5	99.0	viio7/V	True	('A-', 'C-', 'D', 'F')	A-	D	2.0	diminished seventh chord	(2, 5, 8, 11)	A-	E-	7	5
118.5	237/2	1.5	3/2	80	C-4	59	True	P3-Staff2	1	80.0	1.5	99.0	viio7/V	True	('A-', 'C-', 'D', 'F')	A-	D	2.0	diminished seventh chord	(2, 5, 8, 11)	A-	E-	7	5
118.5	237/2	1.5	3/2	80	D4	62	True	P3-Staff2	1	80.0	1.5	99.0	viio7/V	True	('A-', 'C-', 'D', 'F')	A-	D	2.0	diminished seventh chord	(2, 5, 8, 11)	A-	E-	7	5
118.5	237/2	1.5	3/2	80	A-2	44	True	P3-Staff2	6	80.0	1.5	99.0	viio7/V	True	('A-', 'C-', 'D', 'F')	A-	D	2.0	diminished seventh chord	(2, 5, 8, 11)	A-	E-	7	5
119.0	119	0.5	1/2	80	A-3	56	True	P3-Staff2	5	80.0	1.5	99.0	viio7/V	False	('A-', 'C-', 'D', 'F')	A-	D	2.0	diminished seventh chord	(2, 5, 8, 11)	A-	E-	7	5
119.25	477/4	0.25	1/4	80	G4	67	True	P3-Staff2	1	80.0	1.5	99.0	viio7/V	False	('A-', 'C-', 'D', 'F')	A-	D	2.0	diminished seventh chord	(2, 5, 8, 11)	A-	E-	7	5
119.5	239/2	0.5	1/2	80	A-4	68	True	P3-Staff2	1	80.0	1.5	99.0	viio7/V	False	('A-', 'C-', 'D', 'F')	A-	D	2.0	diminished seventh chord	(2, 5, 8, 11)	A-	E-	7	5
119.5	239/2	0.5	1/2	80	F3	53	True	P3-Staff2	5	80.0	1.5	99.0	viio7/V	False	('A-', 'C-', 'D', 'F')	A-	D	2.0	diminished seventh chord	(2, 5, 8, 11)	A-	E-	7	5
120.0	120	1.5	3/2	81	E-4	63	True	P3-Staff2	1	81.0	1.5	100.0	V7	True	('E-', 'G', 'B-', 'D-')	E-	E-	0.0	dominant seventh chord	(1, 3, 7, 10)	A-	A-	5	None
120.0	120	1.0	1	81	B-4	70	True	P3-Staff2	1	81.0	1.5	100.0	V7	True	('E-', 'G', 'B-', 'D-')	E-	E-	0.0	dominant seventh chord	(1, 3, 7, 10)	A-	A-	5	None
120.0	120	1.5	3/2	81	D-4	61	True	P3-Staff2	1	81.0	1.5	100.0	V7	True	('E-', 'G', 'B-', 'D-')	E-	E-	0.0	dominant seventh chord	(1, 3, 7, 10)	A-	A-	5	None
120.0	120	1.5	3/2	81	G4	67	True	P3-Staff2	1	81.0	1.5	100.0	V7	True	('E-', 'G', 'B-', 'D-')	E-	E-	0.0	dominant seventh chord	(1, 3, 7, 10)	A-	A-	5	None
120.0	120	1.5	3/2	81	A-2	44	True	P3-Staff2	6	81.0	1.5	100.0	V7	True	('E-', 'G', 'B-', 'D-')	E-	E-	0.0	dominant seventh chord	(1, 3, 7, 10)	A-	A-	5	None
120.5	241/2	0.5	1/2	81	G3	55	True	P3-Staff2	5	81.0	1.5	100.0	V7	False	('E-', 'G', 'B-', 'D-')	E-	E-	0.0	dominant seventh chord	(1, 3, 7, 10)	A-	A-	5	None
121.0	121	0.5	1/2	81	E-5	75	True	P3-Staff2	1	81.0	1.5	100.0	V7	False	('E-', 'G', 'B-', 'D-')	E-	E-	0.0	dominant seventh chord	(1, 3, 7, 10)	A-	A-	5	None
121.0	121	0.5	1/2	81	E-3	51	True	P3-Staff2	5	81.0	1.5	100.0	V7	False	('E-', 'G', 'B-', 'D-')	E-	E-	0.0	dominant seventh chord	(1, 3, 7, 10)	A-	A-	5	None
121.5	243/2	1.5	3/2	82	E-4	63	False	P3-Staff2	1	82.0	1.5	101.0	V+7	True	('E-', 'G', 'B', 'D-')	E-	E-	0.0	augmented seventh chord	(1, 3, 7, 11)	A-	A-	5	None
121.5	243/2	1.0	1	82	B4	71	True	P3-Staff2	1	82.0	1.5	101.0	V+7	True	('E-', 'G', 'B', 'D-')	E-	E-	0.0	augmented seventh chord	(1, 3, 7, 11)	A-	A-	5	None
121.5	243/2	1.5	3/2	82	D-4	61	True	P3-Staff2	1	82.0	1.5	101.0	V+7	True	('E-', 'G', 'B', 'D-')	E-	E-	0.0	augmented seventh chord	(1, 3, 7, 11)	A-	A-	5	None
121.5	243/2	1.5	3/2	82	G4	67	True	P3-Staff2	1	82.0	1.5	101.0	V+7	True	('E-', 'G', 'B', 'D-')	E-	E-	0.0	augmented seventh chord	(1, 3, 7, 11)	A-	A-	5	None
121.5	243/2	1.5	3/2	82	A-2	44	True	P3-Staff2	6	82.0	1.5	101.0	V+7	True	('E-', 'G', 'B', 'D-')	E-	E-	0.0	augmented seventh chord	(1, 3, 7, 11)	A-	A-	5	None
122.0	122	0.5	1/2	82	G3	55	True	P3-Staff2	5	82.0	1.5	101.0	V+7	False	('E-', 'G', 'B', 'D-')	E-	E-	0.0	augmented seventh chord	(1, 3, 7, 11)	A-	A-	5	None
122.5	245/2	0.5	1/2	82	E-5	75	True	P3-Staff2	1	82.0	1.5	101.0	V+7	False	('E-', 'G', 'B', 'D-')	E-	E-	0.0	augmented seventh chord	(1, 3, 7, 11)	A-	A-	5	None
122.5	245/2	0.5	1/2	82	E-3	51	True	P3-Staff2	5	82.0	1.5	101.0	V+7	False	('E-', 'G', 'B', 'D-')	E-	E-	0.0	augmented seventh chord	(1, 3, 7, 11)	A-	A-	5	None
123.0	123	1.0	1	83	C5	72	True	P3-Staff2	1	83.0	1.5	102.0	I	True	('A-', 'C', 'E-')	A-	A-	0.0	major triad	(0, 3, 8)	A-	A-	1	None
123.0	123	1.0	1	83	E-4	63	False	P3-Staff2	1	83.0	1.5	102.0	I	True	('A-', 'C', 'E-')	A-	A-	0.0	major triad	(0, 3, 8)	A-	A-	1	None
123.0	123	1.0	1	83	E-4	63	True	P3-Staff2	1	83.0	1.5	102.0	I	True	('A-', 'C', 'E-')	A-	A-	0.0	major triad	(0, 3, 8)	A-	A-	1	None
123.0	123	1.0	1	83	A-4	68	True	P3-Staff2	1	83.0	1.5	102.0	I	True	('A-', 'C', 'E-')	A-	A-	0.0	major triad	(0, 3, 8)	A-	A-	1	None
123.0	123	1.0	1	83	C5	72	True	P3-Staff2	1	83.0	1.5	102.0	I	True	('A-', 'C', 'E-')	A-	A-	0.0	major triad	(0, 3, 8)	A-	A-	1	None
123.0	123	1.5	3/2	83	A-2	44	True	P3-Staff2	6	83.0	1.5	102.0	I	True	('A-', 'C', 'E-')	A-	A-	0.0	major triad	(0, 3, 8)	A-	A-	1	None
123.5	247/2	0.5	1/2	83	A-3	56	True	P3-Staff2	5	83.0	1.5	102.0	I	False	('A-', 'C', 'E-')	A-	A-	0.0	major triad	(0, 3, 8)	A-	A-	1	None
124.0	124	0.5	1/2	83	E-5	75	True	P3-Staff2	1	83.0	1.5	102.0	I	False	('A-', 'C', 'E-')	A-	A-	0.0	major triad	(0, 3, 8)	A-	A-	1	None
124.0	124	0.5	1/2	83	E-4	63	True	P3-Staff2	1	83.0	1.5	102.0	I	False	('A-', 'C', 'E-')	A-	A-	0.0	major triad	(0, 3, 8)	A-	A-	1	None
124.0	124	0.5	1/2	83	G4	67	True	P3-Staff2	1	83.0	1.5	102.0	I	False	('A-', 'C', 'E-')	A-	A-	0.0	major triad	(0, 3, 8)	A-	A-	1	None
124.0	124	0.5	1/2	83	B-4	70	True	P3-Staff2	1	83.0	1.5	102.0	I	False	('A-', 'C', 'E-')	A-	A-	0.0	major triad	(0, 3, 8)	A-	A-	1	None
124.0	124	0.5	1/2	83	E-5	75	True	P3-Staff2	1	83.0	1.5	102.0	I	False	('A-', 'C', 'E-')	A-	A-	0.0	major triad	(0, 3, 8)	A-	A-	1	None
124.0	124	0.5	1/2	83	E-3	51	True	P3-Staff2	5	83.0	1.5	102.0	I	False	('A-', 'C', 'E-')	A-	A-	0.0	major triad	(0, 3, 8)	A-	A-	1	None
124.5	249/2	0.75	3/4	84	D-5	73	True	P3-Staff2	1	84.0	1.0	103.0	viiø7	True	('B-', 'D-', 'F', 'G')	B-	G	1.0	half-diminished seventh chord	(1, 5, 7, 10)	A-	A-	7	None
124.5	249/2	0.75	3/4	84	F4	65	True	P3-Staff2	1	84.0	1.0	103.0	viiø7	True	('B-', 'D-', 'F', 'G')	B-	G	1.0	half-diminished seventh chord	(1, 5, 7, 10)	A-	A-	7	None
124.5	249/2	0.75	3/4	84	F4	65	True	P3-Staff2	1	84.0	1.0	103.0	viiø7	True	('B-', 'D-', 'F', 'G')	B-	G	1.0	half-diminished seventh chord	(1, 5, 7, 10)	A-	A-	7	None
124.5	249/2	0.75	3/4	84	D-5	73	True	P3-Staff2	1	84.0	1.0	103.0	viiø7	True	('B-', 'D-', 'F', 'G')	B-	G	1.0	half-diminished seventh chord	(1, 5, 7, 10)	A-	A-	7	None
124.5	249/2	1.5	3/2	84	G4	67	True	P3-Staff2	2	84.0	1.0	103.0	viiø7	True	('B-', 'D-', 'F', 'G')	B-	G	1.0	half-diminished seventh chord	(1, 5, 7, 10)	A-	A-	7	None
124.5	249/2	1.5	3/2	84	A-2	44	True	P3-Staff2	6	84.0	1.0	103.0	viiø7	True	('B-', 'D-', 'F', 'G')	B-	G	1.0	half-diminished seventh chord	(1, 5, 7, 10)	A-	A-	7	None
125.0	125	0.5	1/2	84	B-3	58	True	P3-Staff2	5	84.0	1.0	103.0	viiø7	False	('B-', 'D-', 'F', 'G')	B-	G	1.0	half-diminished seventh chord	(1, 5, 7, 10)	A-	A-	7	None
125.25	501/4	0.25	1/4	84	C5	72	True	P3-Staff2	1	84.0	1.0	103.0	viiø7	False	('B-', 'D-', 'F', 'G')	B-	G	1.0	half-diminished seventh chord	(1, 5, 7, 10)	A-	A-	7	None
125.25	501/4	0.25	1/4	84	E-4	63	True	P3-Staff2	1	84.0	1.0	103.0	viiø7	False	('B-', 'D-', 'F', 'G')	B-	G	1.0	half-diminished seventh chord	(1, 5, 7, 10)	A-	A-	7	None
125.25	501/4	0.25	1/4	84	E-4	63	True	P3-Staff2	1	84.0	1.0	103.0	viiø7	False	('B-', 'D-', 'F', 'G')	B-	G	1.0	half-diminished seventh chord	(1, 5, 7, 10)	A-	A-	7	None
125.25	501/4	0.25	1/4	84	C5	72	True	P3-Staff2	1	84.0	1.0	103.0	viiø7	False	('B-', 'D-', 'F', 'G')	B-	G	1.0	half-diminished seventh chord	(1, 5, 7, 10)	A-	A-	7	None
125.5	251/2	0.5	1/2	84	B-4	70	True	P3-Staff2	1	84.0	0.5	104.0	V7	True	('E-', 'G', 'B-', 'D-')	E-	E-	0.0	dominant seventh chord	(1, 3, 7, 10)	A-	A-	5	None
125.5	251/2	0.5	1/2	84	G4	67	True	P3-Staff2	1	84.0	0.5	104.0	V7	True	('E-', 'G', 'B-', 'D-')	E-	E-	0.0	dominant seventh chord	(1, 3, 7, 10)	A-	A-	5	None
125.5	251/2	0.5	1/2	84	D-4	61	True	P3-Staff2	1	84.0	0.5	104.0	V7	True	('E-', 'G', 'B-', 'D-')	E-	E-	0.0	dominant seventh chord	(1, 3, 7, 10)	A-	A-	5	None
125.5	251/2	0.5	1/2	84	B-4	70	True	P3-Staff2	1	84.0	0.5	104.0	V7	True	('E-', 'G', 'B-', 'D-')	E-	E-	0.0	dominant seventh chord	(1, 3, 7, 10)	A-	A-	5	None
125.5	251/2	0.5	1/2	84	E-3	51	True	P3-Staff2	5	84.0	0.5	104.0	V7	True	('E-', 'G', 'B-', 'D-')	E-	E-	0.0	dominant seventh chord	(1, 3, 7, 10)	A-	A-	5	None
126.0	126	1.0	1	85	C5	72	True	P3-Staff2	1	85.0	1.5	105.0	I	True	('A-', 'C', 'E-')	A-	A-	0.0	major triad	(0, 3, 8)	A-	A-	1	None
126.0	126	1.0	1	85	A-4	68	True	P3-Staff2	1	85.0	1.5	105.0	I	True	('A-', 'C', 'E-')	A-	A-	0.0	major triad	(0, 3, 8)	A-	A-	1	None
126.0	126	1.0	1	85	E-4	63	True	P3-Staff2	1	85.0	1.5	105.0	I	True	('A-', 'C', 'E-')	A-	A-	0.0	major triad	(0, 3, 8)	A-	A-	1	None
126.0	126	1.0	1	85	A-4	68	True	P3-Staff2	1	85.0	1.5	105.0	I	True	('A-', 'C', 'E-')	A-	A-	0.0	major triad	(0, 3, 8)	A-	A-	1	None
126.0	126	1.0	1	85	C5	72	True	P3-Staff2	1	85.0	1.5	105.0	I	True	('A-', 'C', 'E-')	A-	A-	0.0	major triad	(0, 3, 8)	A-	A-	1	None
126.0	126	1.5	3/2	85	A-2	44	True	P3-Staff2	6	85.0	1.5	105.0	I	True	('A-', 'C', 'E-')	A-	A-	0.0	major triad	(0, 3, 8)	A-	A-	1	None
126.5	253/2	0.5	1/2	85	A-3	56	True	P3-Staff2	5	85.0	1.5	105.0	I	False	('A-', 'C', 'E-')	A-	A-	0.0	major triad	(0, 3, 8)	A-	A-	1	None
127.0	127	0.5	1/2	85	E-5	75	True	P3-Staff2	1	85.0	1.5	105.0	I	False	('A-', 'C', 'E-')	A-	A-	0.0	major triad	(0, 3, 8)	A-	A-	1	None
127.0	127	0.5	1/2	85	E-4	63	True	P3-Staff2	1	85.0	1.5	105.0	I	False	('A-', 'C', 'E-')	A-	A-	0.0	major triad	(0, 3, 8)	A-	A-	1	None
127.0	127	0.5	1/2	85	G4	67	True	P3-Staff2	1	85.0	1.5	105.0	I	False	('A-', 'C', 'E-')	A-	A-	0.0	major triad	(0, 3, 8)	A-	A-	1	None
127.0	127	0.5	1/2	85	B-4	70	True	P3-Staff2	1	85.0	1.5	105.0	I	False	('A-', 'C', 'E-')	A-	A-	0.0	major triad	(0, 3, 8)	A-	A-	1	None
127.0	127	0.5	1/2	85	E-5	75	True	P3-Staff2	1	85.0	1.5	105.0	I	False	('A-', 'C', 'E-')	A-	A-	0.0	major triad	(0, 3, 8)	A-	A-	1	None
127.0	127	0.5	1/2	85	E-3	51	True	P3-Staff2	5	85.0	1.5	105.0	I	False	('A-', 'C', 'E-')	A-	A-	0.0	major triad	(0, 3, 8)	A-	A-	1	None
127.5	255/2	0.75	3/4	86	D-5	73	True	P3-Staff2	1	86.0	1.0	106.0	viiø7	True	('B-', 'D-', 'F', 'G')	B-	G	1.0	half-diminished seventh chord	(1, 5, 7, 10)	A-	A-	7	None
127.5	255/2	1.0	1	86	F4	65	True	P3-Staff2	1	86.0	1.0	106.0	viiø7	True	('B-', 'D-', 'F', 'G')	B-	G	1.0	half-diminished seventh chord	(1, 5, 7, 10)	A-	A-	7	None
127.5	255/2	0.75	3/4	86	F4	65	True	P3-Staff2	1	86.0	1.0	106.0	viiø7	True	('B-', 'D-', 'F', 'G')	B-	G	1.0	half-diminished seventh chord	(1, 5, 7, 10)	A-	A-	7	None
127.5	255/2	0.75	3/4	86	D-5	73	True	P3-Staff2	1	86.0	1.0	106.0	viiø7	True	('B-', 'D-', 'F', 'G')	B-	G	1.0	half-diminished seventh chord	(1, 5, 7, 10)	A-	A-	7	None
127.5	255/2	1.5	3/2	86	G4	67	True	P3-Staff2	2	86.0	1.0	106.0	viiø7	True	('B-', 'D-', 'F', 'G')	B-	G	1.0	half-diminished seventh chord	(1, 5, 7, 10)	A-	A-	7	None
127.5	255/2	1.5	3/2	86	A-2	44	True	P3-Staff2	6	86.0	1.0	106.0	viiø7	True	('B-', 'D-', 'F', 'G')	B-	G	1.0	half-diminished seventh chord	(1, 5, 7, 10)	A-	A-	7	None
128.0	128	0.5	1/2	86	B-3	58	True	P3-Staff2	5	86.0	1.0	106.0	viiø7	False	('B-', 'D-', 'F', 'G')	B-	G	1.0	half-diminished seventh chord	(1, 5, 7, 10)	A-	A-	7	None
128.25	513/4	0.25	1/4	86	C5	72	True	P3-Staff2	1	86.0	1.0	106.0	viiø7	False	('B-', 'D-', 'F', 'G')	B-	G	1.0	half-diminished seventh chord	(1, 5, 7, 10)	A-	A-	7	None
128.25	513/4	0.25	1/4	86	E-4	63	True	P3-Staff2	1	86.0	1.0	106.0	viiø7	False	('B-', 'D-', 'F', 'G')	B-	G	1.0	half-diminished seventh chord	(1, 5, 7, 10)	A-	A-	7	None
128.25	513/4	0.25	1/4	86	C5	72	True	P3-Staff2	1	86.0	1.0	106.0	viiø7	False	('B-', 'D-', 'F', 'G')	B-	G	1.0	half-diminished seventh chord	(1, 5, 7, 10)	A-	A-	7	None
128.5	257/2	0.5	1/2	86	B-4	70	True	P3-Staff2	1	86.0	0.5	107.0	V7	True	('E-', 'G', 'B-', 'D-')	E-	E-	0.0	dominant seventh chord	(1, 3, 7, 10)	A-	A-	5	None
128.5	257/2	0.5	1/2	86	G4	67	True	P3-Staff2	1	86.0	0.5	107.0	V7	True	('E-', 'G', 'B-', 'D-')	E-	E-	0.0	dominant seventh chord	(1, 3, 7, 10)	A-	A-	5	None
128.5	257/2	0.5	1/2	86	D-4	61	True	P3-Staff2	1	86.0	0.5	107.0	V7	True	('E-', 'G', 'B-', 'D-')	E-	E-	0.0	dominant seventh chord	(1, 3, 7, 10)	A-	A-	5	None
128.5	257/2	0.5	1/2	86	B-4	70	True	P3-Staff2	1	86.0	0.5	107.0	V7	True	('E-', 'G', 'B-', 'D-')	E-	E-	0.0	dominant seventh chord	(1, 3, 7, 10)	A-	A-	5	None
128.5	257/2	0.5	1/2	86	E-3	51	True	P3-Staff2	5	86.0	0.5	107.0	V7	True	('E-', 'G', 'B-', 'D-')	E-	E-	0.0	dominant seventh chord	(1, 3, 7, 10)	A-	A-	5	None
129.0	129	1.0	1	87	C5	72	True	P3-Staff2	1	87.0	1.5	108.0	I	True	('A-', 'C', 'E-')	A-	A-	0.0	major triad	(0, 3, 8)	A-	A-	1	None
129.0	129	0.5	1/2	87	E-4	63	True	P3-Staff2	1	87.0	1.5	108.0	I	True	('A-', 'C', 'E-')	A-	A-	0.0	major triad	(0, 3, 8)	A-	A-	1	None
129.0	129	1.0	1	87	E-4	63	True	P3-Staff2	1	87.0	1.5	108.0	I	True	('A-', 'C', 'E-')	A-	A-	0.0	major triad	(0, 3, 8)	A-	A-	1	None
129.0	129	1.0	1	87	A-4	68	True	P3-Staff2	1	87.0	1.5	108.0	I	True	('A-', 'C', 'E-')	A-	A-	0.0	major triad	(0, 3, 8)	A-	A-	1	None
129.0	129	1.0	1	87	C5	72	True	P3-Staff2	1	87.0	1.5	108.0	I	True	('A-', 'C', 'E-')	A-	A-	0.0	major triad	(0, 3, 8)	A-	A-	1	None
129.0	129	1.5	3/2	87	A-2	44	True	P3-Staff2	6	87.0	1.5	108.0	I	True	('A-', 'C', 'E-')	A-	A-	0.0	major triad	(0, 3, 8)	A-	A-	1	None
129.5	259/2	0.5	1/2	87	A-4	68	True	P3-Staff2	1	87.0	1.5	108.0	I	False	('A-', 'C', 'E-')	A-	A-	0.0	major triad	(0, 3, 8)	A-	A-	1	None
129.5	259/2	0.5	1/2	87	A-3	56	True	P3-Staff2	5	87.0	1.5	108.0	I	False	('A-', 'C', 'E-')	A-	A-	0.0	major triad	(0, 3, 8)	A-	A-	1	None
130.0	130	0.5	1/2	87	A-4	68	True	P3-Staff2	1	87.0	1.5	108.0	I	False	('A-', 'C', 'E-')	A-	A-	0.0	major triad	(0, 3, 8)	A-	A-	1	None
130.0	130	0.5	1/2	87	E-4	63	True	P3-Staff2	1	87.0	1.5	108.0	I	False	('A-', 'C', 'E-')	A-	A-	0.0	major triad	(0, 3, 8)	A-	A-	1	None
130.0	130	0.5	1/2	87	C4	60	True	P3-Staff2	1	87.0	1.5	108.0	I	False	('A-', 'C', 'E-')	A-	A-	0.0	major triad	(0, 3, 8)	A-	A-	1	None
130.0	130	0.5	1/2	87	E-4	63	True	P3-Staff2	1	87.0	1.5	108.0	I	False	('A-', 'C', 'E-')	A-	A-	0.0	major triad	(0, 3, 8)	A-	A-	1	None
130.0	130	0.5	1/2	87	A-4	68	True	P3-Staff2	1	87.0	1.5	108.0	I	False	('A-', 'C', 'E-')	A-	A-	0.0	major triad	(0, 3, 8)	A-	A-	1	None
130.0	130	0.5	1/2	87	E-3	51	True	P3-Staff2	5	87.0	1.5	108.0	I	False	('A-', 'C', 'E-')	A-	A-	0.0	major triad	(0, 3, 8)	A-	A-	1	None
130.5	261/2	0.5	1/2	88	F4	65	True	P3-Staff2	1	88.0	1.0	109.0	viio7/V	True	('A-', 'C-', 'D', 'F')	A-	D	2.0	diminished seventh chord	(2, 5, 8, 11)	A-	E-	7	5
130.5	261/2	0.5	1/2	88	D4	62	True	P3-Staff2	1	88.0	1.0	109.0	viio7/V	True	('A-', 'C-', 'D', 'F')	A-	D	2.0	diminished seventh chord	(2, 5, 8, 11)	A-	E-	7	5
130.5	261/2	0.5	1/2	88	C-4	59	True	P3-Staff2	1	88.0	1.0	109.0	viio7/V	True	('A-', 'C-', 'D', 'F')	A-	D	2.0	diminished seventh chord	(2, 5, 8, 11)	A-	E-	7	5
130.5	261/2	0.5	1/2	88	D4	62	True	P3-Staff2	1	88.0	1.0	109.0	viio7/V	True	('A-', 'C-', 'D', 'F')	A-	D	2.0	diminished seventh chord	(2, 5, 8, 11)	A-	E-	7	5
130.5	261/2	0.5	1/2	88	F4	65	True	P3-Staff2	1	88.0	1.0	109.0	viio7/V	True	('A-', 'C-', 'D', 'F')	A-	D	2.0	diminished seventh chord	(2, 5, 8, 11)	A-	E-	7	5
130.5	261/2	1.5	3/2	88	A-2	44	True	P3-Staff2	6	88.0	1.0	109.0	viio7/V	True	('A-', 'C-', 'D', 'F')	A-	D	2.0	diminished seventh chord	(2, 5, 8, 11)	A-	E-	7	5
131.0	131	1.0	1	88	E-4	63	True	P3-Staff2	1	88.0	1.0	109.0	viio7/V	False	('A-', 'C-', 'D', 'F')	A-	D	2.0	diminished seventh chord	(2, 5, 8, 11)	A-	E-	7	5
131.0	131	1.0	1	88	D-4	61	True	P3-Staff2	1	88.0	1.0	109.0	viio7/V	False	('A-', 'C-', 'D', 'F')	A-	D	2.0	diminished seventh chord	(2, 5, 8, 11)	A-	E-	7	5
131.0	131	1.0	1	88	B-3	58	True	P3-Staff2	1	88.0	1.0	109.0	viio7/V	False	('A-', 'C-', 'D', 'F')	A-	D	2.0	diminished seventh chord	(2, 5, 8, 11)	A-	E-	7	5
131.0	131	1.0	1	88	D-4	61	True	P3-Staff2	1	88.0	1.0	109.0	viio7/V	False	('A-', 'C-', 'D', 'F')	A-	D	2.0	diminished seventh chord	(2, 5, 8, 11)	A-	E-	7	5
131.0	131	1.0	1	88	E-4	63	True	P3-Staff2	1	88.0	1.0	109.0	viio7/V	False	('A-', 'C-', 'D', 'F')	A-	D	2.0	diminished seventh chord	(2, 5, 8, 11)	A-	E-	7	5
131.0	131	0.5	1/2	88	G3	55	True	P3-Staff2	5	88.0	1.0	109.0	viio7/V	False	('A-', 'C-', 'D', 'F')	A-	D	2.0	diminished seventh chord	(2, 5, 8, 11)	A-	E-	7	5
131.5	263/2	0.5	1/2	88	E-3	51	True	P3-Staff2	5	88.0	0.5	110.0	V7	True	('E-', 'G', 'B-', 'D-')	E-	E-	0.0	dominant seventh chord	(1, 3, 7, 10)	A-	A-	5	None
132.0	132	1.5	3/2	89	A-4	68	True	P3-Staff2	1	89.0	1.5	111.0	I	True	('A-', 'C', 'E-')	A-	A-	0.0	major triad	(0, 3, 8)	A-	A-	1	None
132.0	132	1.5	3/2	89	C4	60	True	P3-Staff2	1	89.0	1.5	111.0	I	True	('A-', 'C', 'E-')	A-	A-	0.0	major triad	(0, 3, 8)	A-	A-	1	None
132.0	132	1.5	3/2	89	A-4	68	True	P3-Staff2	1	89.0	1.5	111.0	I	True	('A-', 'C', 'E-')	A-	A-	0.0	major triad	(0, 3, 8)	A-	A-	1	None
132.0	132	1.0	1	89	C4	60	True	P3-Staff2	2	89.0	1.5	111.0	I	True	('A-', 'C', 'E-')	A-	A-	0.0	major triad	(0, 3, 8)	A-	A-	1	None
132.0	132	1.5	3/2	89	A-2	44	True	P3-Staff2	6	89.0	1.5	111.0	I	True	('A-', 'C', 'E-')	A-	A-	0.0	major triad	(0, 3, 8)	A-	A-	1	None
132.5	265/2	0.5	1/2	89	A-3	56	True	P3-Staff2	5	89.0	1.5	111.0	I	False	('A-', 'C', 'E-')	A-	A-	0.0	major triad	(0, 3, 8)	A-	A-	1	None
133.0	133	0.5	1/2	89	E-4	63	True	P3-Staff2	2	89.0	1.5	111.0	I	False	('A-', 'C', 'E-')	A-	A-	0.0	major triad	(0, 3, 8)	A-	A-	1	None
133.0	133	0.5	1/2	89	E-3	51	True	P3-Staff2	5	89.0	1.5	111.0	I	False	('A-', 'C', 'E-')	A-	A-	0.0	major triad	(0, 3, 8)	A-	A-	1	None
133.5	267/2	1.0	1	90	A-4	68	False	P3-Staff2	1	90.0	1.5	112.0	I	True	('A-', 'C', 'E-')	A-	A-	0.0	major triad	(0, 3, 8)	A-	A-	1	None
133.5	267/2	1.0	1	90	C4	60	False	P3-Staff2	1	90.0	1.5	112.0	I	True	('A-', 'C', 'E-')	A-	A-	0.0	major triad	(0, 3, 8)	A-	A-	1	None
133.5	267/2	1.5	3/2	90	A-4	68	True	P3-Staff2	1	90.0	1.5	112.0	I	True	('A-', 'C', 'E-')	A-	A-	0.0	major triad	(0, 3, 8)	A-	A-	1	None
133.5	267/2	1.0	1	90	C4	60	True	P3-Staff2	2	90.0	1.5	112.0	I	True	('A-', 'C', 'E-')	A-	A-	0.0	major triad	(0, 3, 8)	A-	A-	1	None
133.5	267/2	1.5	3/2	90	A-2	44	True	P3-Staff2	6	90.0	1.5	112.0	I	True	('A-', 'C', 'E-')	A-	A-	0.0	major triad	(0, 3, 8)	A-	A-	1	None
134.0	134	0.5	1/2	90	A-3	56	True	P3-Staff2	5	90.0	1.5	112.0	I	False	('A-', 'C', 'E-')	A-	A-	0.0	major triad	(0, 3, 8)	A-	A-	1	None
134.5	269/2	0.5	1/2	90	E-4	63	True	P3-Staff2	2	90.0	1.5	112.0	I	False	('A-', 'C', 'E-')	A-	A-	0.0	major triad	(0, 3, 8)	A-	A-	1	None
134.5	269/2	0.5	1/2	90	E-3	51	True	P3-Staff2	5	90.0	1.5	112.0	I	False	('A-', 'C', 'E-')	A-	A-	0.0	major triad	(0, 3, 8)	A-	A-	1	None
135.0	135	1.0	1	91	A-4	68	True	P3-Staff2	1	91.0	1.5	113.0	i	True	('F', 'A-', 'C')	F	F	0.0	minor triad	(0, 5, 8)	f	f	1	None
135.0	135	1.0	1	91	F4	65	True	P3-Staff2	1	91.0	1.5	113.0	i	True	('F', 'A-', 'C')	F	F	0.0	minor triad	(0, 5, 8)	f	f	1	None
135.0	135	1.0	1	91	C4	60	True	P3-Staff2	1	91.0	1.5	113.0	i	True	('F', 'A-', 'C')	F	F	0.0	minor triad	(0, 5, 8)	f	f	1	None
135.0	135	1.0	1	91	F4	65	True	P3-Staff2	1	91.0	1.5	113.0	i	True	('F', 'A-', 'C')	F	F	0.0	minor triad	(0, 5, 8)	f	f	1	None
135.0	135	1.0	1	91	A-4	68	True	P3-Staff2	1	91.0	1.5	113.0	i	True	('F', 'A-', 'C')	F	F	0.0	minor triad	(0, 5, 8)	f	f	1	None
135.0	135	1.5	3/2	91	F2	41	True	P3-Staff2	6	91.0	1.5	113.0	i	True	('F', 'A-', 'C')	F	F	0.0	minor triad	(0, 5, 8)	f	f	1	None
135.5	271/2	0.5	1/2	91	F3	53	True	P3-Staff2	5	91.0	1.5	113.0	i	False	('F', 'A-', 'C')	F	F	0.0	minor triad	(0, 5, 8)	f	f	1	None
136.0	136	0.5	1/2	91	C5	72	True	P3-Staff2	1	91.0	1.5	113.0	i	False	('F', 'A-', 'C')	F	F	0.0	minor triad	(0, 5, 8)	f	f	1	None
136.0	136	0.5	1/2	91	C4	60	True	P3-Staff2	1	91.0	1.5	113.0	i	False	('F', 'A-', 'C')	F	F	0.0	minor triad	(0, 5, 8)	f	f	1	None
136.0	136	0.5	1/2	91	F4	65	True	P3-Staff2	1	91.0	1.5	113.0	i	False	('F', 'A-', 'C')	F	F	0.0	minor triad	(0, 5, 8)	f	f	1	None
136.0	136	0.5	1/2	91	A-4	68	True	P3-Staff2	1	91.0	1.5	113.0	i	False	('F', 'A-', 'C')	F	F	0.0	minor triad	(0, 5, 8)	f	f	1	None
136.0	136	0.5	1/2	91	C5	72	True	P3-Staff2	1	91.0	1.5	113.0	i	False	('F', 'A-', 'C')	F	F	0.0	minor triad	(0, 5, 8)	f	f	1	None
136.0	136	0.5	1/2	91	C3	48	True	P3-Staff2	5	91.0	1.5	113.0	i	False	('F', 'A-', 'C')	F	F	0.0	minor triad	(0, 5, 8)	f	f	1	None
136.5	273/2	0.75	3/4	92	B-4	70	True	P3-Staff2	1	92.0	1.0	114.0	viio7	True	('G', 'B-', 'D-', 'E')	G	E	1.0	diminished seventh chord	(1, 4, 7, 10)	f	f	#7	None
136.5	273/2	1.0	1	92	E4	64	True	P3-Staff2	1	92.0	1.0	114.0	viio7	True	('G', 'B-', 'D-', 'E')	G	E	1.0	diminished seventh chord	(1, 4, 7, 10)	f	f	#7	None
136.5	273/2	0.75	3/4	92	D-4	61	True	P3-Staff2	1	92.0	1.0	114.0	viio7	True	('G', 'B-', 'D-', 'E')	G	E	1.0	diminished seventh chord	(1, 4, 7, 10)	f	f	#7	None
136.5	273/2	0.75	3/4	92	B-4	70	True	P3-Staff2	1	92.0	1.0	114.0	viio7	True	('G', 'B-', 'D-', 'E')	G	E	1.0	diminished seventh chord	(1, 4, 7, 10)	f	f	#7	None
136.5	273/2	1.5	3/2	92	E4	64	True	P3-Staff2	2	92.0	1.0	114.0	viio7	True	('G', 'B-', 'D-', 'E')	G	E	1.0	diminished seventh chord	(1, 4, 7, 10)	f	f	#7	None
136.5	273/2	1.5	3/2	92	F2	41	True	P3-Staff2	6	92.0	1.0	114.0	viio7	True	('G', 'B-', 'D-', 'E')	G	E	1.0	diminished seventh chord	(1, 4, 7, 10)	f	f	#7	None
137.0	137	0.5	1/2	92	G3	55	True	P3-Staff2	5	92.0	1.0	114.0	viio7	False	('G', 'B-', 'D-', 'E')	G	E	1.0	diminished seventh chord	(1, 4, 7, 10)	f	f	#7	None
137.25	549/4	0.25	1/4	92	A-4	68	True	P3-Staff2	1	92.0	1.0	114.0	viio7	False	('G', 'B-', 'D-', 'E')	G	E	1.0	diminished seventh chord	(1, 4, 7, 10)	f	f	#7	None
137.25	549/4	0.25	1/4	92	C4	60	True	P3-Staff2	1	92.0	1.0	114.0	viio7	False	('G', 'B-', 'D-', 'E')	G	E	1.0	diminished seventh chord	(1, 4, 7, 10)	f	f	#7	None
137.25	549/4	0.25	1/4	92	A-4	68	True	P3-Staff2	1	92.0	1.0	114.0	viio7	False	('G', 'B-', 'D-', 'E')	G	E	1.0	diminished seventh chord	(1, 4, 7, 10)	f	f	#7	None
137.5	275/2	0.5	1/2	92	G4	67	True	P3-Staff2	1	92.0	0.5	115.0	V7	True	('C', 'E', 'G', 'B-')	C	C	0.0	dominant seventh chord	(0, 4, 7, 10)	f	f	5	None
137.5	275/2	0.5	1/2	92	G4	67	True	P3-Staff2	1	92.0	0.5	115.0	V7	True	('C', 'E', 'G', 'B-')	C	C	0.0	dominant seventh chord	(0, 4, 7, 10)	f	f	5	None
137.5	275/2	0.5	1/2	92	B-3	58	True	P3-Staff2	1	92.0	0.5	115.0	V7	True	('C', 'E', 'G', 'B-')	C	C	0.0	dominant seventh chord	(0, 4, 7, 10)	f	f	5	None
137.5	275/2	0.5	1/2	92	G4	67	True	P3-Staff2	1	92.0	0.5	115.0	V7	True	('C', 'E', 'G', 'B-')	C	C	0.0	dominant seventh chord	(0, 4, 7, 10)	f	f	5	None
137.5	275/2	0.5	1/2	92	C3	48	True	P3-Staff2	5	92.0	0.5	115.0	V7	True	('C', 'E', 'G', 'B-')	C	C	0.0	dominant seventh chord	(0, 4, 7, 10)	f	f	5	None
138.0	138	1.0	1	93	A-4	68	True	P3-Staff2	1	93.0	1.5	116.0	i	True	('F', 'A-', 'C')	F	F	0.0	minor triad	(0, 5, 8)	f	f	1	None
138.0	138	1.0	1	93	F4	65	True	P3-Staff2	1	93.0	1.5	116.0	i	True	('F', 'A-', 'C')	F	F	0.0	minor triad	(0, 5, 8)	f	f	1	None
138.0	138	1.0	1	93	C4	60	True	P3-Staff2	1	93.0	1.5	116.0	i	True	('F', 'A-', 'C')	F	F	0.0	minor triad	(0, 5, 8)	f	f	1	None
138.0	138	1.0	1	93	F4	65	True	P3-Staff2	1	93.0	1.5	116.0	i	True	('F', 'A-', 'C')	F	F	0.0	minor triad	(0, 5, 8)	f	f	1	None
138.0	138	1.0	1	93	A-4	68	True	P3-Staff2	1	93.0	1.5	116.0	i	True	('F', 'A-', 'C')	F	F	0.0	minor triad	(0, 5, 8)	f	f	1	None
138.0	138	1.5	3/2	93	F2	41	True	P3-Staff2	6	93.0	1.5	116.0	i	True	('F', 'A-', 'C')	F	F	0.0	minor triad	(0, 5, 8)	f	f	1	None
138.5	277/2	0.5	1/2	93	F3	53	True	P3-Staff2	5	93.0	1.5	116.0	i	False	('F', 'A-', 'C')	F	F	0.0	minor triad	(0, 5, 8)	f	f	1	None
139.0	139	0.5	1/2	93	C5	72	True	P3-Staff2	1	93.0	1.5	116.0	i	False	('F', 'A-', 'C')	F	F	0.0	minor triad	(0, 5, 8)	f	f	1	None
139.0	139	0.5	1/2	93	C4	60	True	P3-Staff2	1	93.0	1.5	116.0	i	False	('F', 'A-', 'C')	F	F	0.0	minor triad	(0, 5, 8)	f	f	1	None
139.0	139	0.5	1/2	93	F4	65	True	P3-Staff2	1	93.0	1.5	116.0	i	False	('F', 'A-', 'C')	F	F	0.0	minor triad	(0, 5, 8)	f	f	1	None
139.0	139	0.5	1/2	93	A-4	68	True	P3-Staff2	1	93.0	1.5	116.0	i	False	('F', 'A-', 'C')	F	F	0.0	minor triad	(0, 5, 8)	f	f	1	None
139.0	139	0.5	1/2	93	C5	72	True	P3-Staff2	1	93.0	1.5	116.0	i	False	('F', 'A-', 'C')	F	F	0.0	minor triad	(0, 5, 8)	f	f	1	None
139.0	139	0.5	1/2	93	C3	48	True	P3-Staff2	5	93.0	1.5	116.0	i	False	('F', 'A-', 'C')	F	F	0.0	minor triad	(0, 5, 8)	f	f	1	None
139.5	279/2	0.75	3/4	94	B-4	70	True	P3-Staff2	1	94.0	1.0	117.0	viio7	True	('G', 'B-', 'D-', 'E')	G	E	1.0	diminished seventh chord	(1, 4, 7, 10)	f	f	#7	None
139.5	279/2	1.0	1	94	E4	64	True	P3-Staff2	1	94.0	1.0	117.0	viio7	True	('G', 'B-', 'D-', 'E')	G	E	1.0	diminished seventh chord	(1, 4, 7, 10)	f	f	#7	None
139.5	279/2	0.75	3/4	94	D-4	61	True	P3-Staff2	1	94.0	1.0	117.0	viio7	True	('G', 'B-', 'D-', 'E')	G	E	1.0	diminished seventh chord	(1, 4, 7, 10)	f	f	#7	None
139.5	279/2	0.75	3/4	94	B-4	70	True	P3-Staff2	1	94.0	1.0	117.0	viio7	True	('G', 'B-', 'D-', 'E')	G	E	1.0	diminished seventh chord	(1, 4, 7, 10)	f	f	#7	None
139.5	279/2	1.5	3/2	94	E4	64	True	P3-Staff2	2	94.0	1.0	117.0	viio7	True	('G', 'B-', 'D-', 'E')	G	E	1.0	diminished seventh chord	(1, 4, 7, 10)	f	f	#7	None
139.5	279/2	1.5	3/2	94	F2	41	True	P3-Staff2	6	94.0	1.0	117.0	viio7	True	('G', 'B-', 'D-', 'E')	G	E	1.0	diminished seventh chord	(1, 4, 7, 10)	f	f	#7	None
140.0	140	0.5	1/2	94	G3	55	True	P3-Staff2	5	94.0	1.0	117.0	viio7	False	('G', 'B-', 'D-', 'E')	G	E	1.0	diminished seventh chord	(1, 4, 7, 10)	f	f	#7	None
140.25	561/4	0.25	1/4	94	A-4	68	True	P3-Staff2	1	94.0	1.0	117.0	viio7	False	('G', 'B-', 'D-', 'E')	G	E	1.0	diminished seventh chord	(1, 4, 7, 10)	f	f	#7	None
140.25	561/4	0.25	1/4	94	C4	60	True	P3-Staff2	1	94.0	1.0	117.0	viio7	False	('G', 'B-', 'D-', 'E')	G	E	1.0	diminished seventh chord	(1, 4, 7, 10)	f	f	#7	None
140.25	561/4	0.25	1/4	94	A-4	68	True	P3-Staff2	1	94.0	1.0	117.0	viio7	False	('G', 'B-', 'D-', 'E')	G	E	1.0	diminished seventh chord	(1, 4, 7, 10)	f	f	#7	None
140.5	281/2	0.5	1/2	94	G4	67	True	P3-Staff2	1	94.0	0.5	118.0	V7	True	('C', 'E', 'G', 'B-')	C	C	0.0	dominant seventh chord	(0, 4, 7, 10)	f	f	5	None
140.5	281/2	0.5	1/2	94	G4	67	True	P3-Staff2	1	94.0	0.5	118.0	V7	True	('C', 'E', 'G', 'B-')	C	C	0.0	dominant seventh chord	(0, 4, 7, 10)	f	f	5	None
140.5	281/2	0.5	1/2	94	B-3	58	True	P3-Staff2	1	94.0	0.5	118.0	V7	True	('C', 'E', 'G', 'B-')	C	C	0.0	dominant seventh chord	(0, 4, 7, 10)	f	f	5	None
140.5	281/2	0.5	1/2	94	G4	67	True	P3-Staff2	1	94.0	0.5	118.0	V7	True	('C', 'E', 'G', 'B-')	C	C	0.0	dominant seventh chord	(0, 4, 7, 10)	f	f	5	None
140.5	281/2	0.5	1/2	94	C3	48	True	P3-Staff2	5	94.0	0.5	118.0	V7	True	('C', 'E', 'G', 'B-')	C	C	0.0	dominant seventh chord	(0, 4, 7, 10)	f	f	5	None
141.0	141	1.0	1	95	A-4	68	True	P3-Staff2	1	95.0	1.5	119.0	i	True	('F', 'A-', 'C')	F	F	0.0	minor triad	(0, 5, 8)	f	f	1	None
141.0	141	1.0	1	95	F4	65	True	P3-Staff2	1	95.0	1.5	119.0	i	True	('F', 'A-', 'C')	F	F	0.0	minor triad	(0, 5, 8)	f	f	1	None
141.0	141	1.0	1	95	C4	60	True	P3-Staff2	1	95.0	1.5	119.0	i	True	('F', 'A-', 'C')	F	F	0.0	minor triad	(0, 5, 8)	f	f	1	None
141.0	141	1.0	1	95	F4	65	True	P3-Staff2	1	95.0	1.5	119.0	i	True	('F', 'A-', 'C')	F	F	0.0	minor triad	(0, 5, 8)	f	f	1	None
141.0	141	1.0	1	95	A-4	68	True	P3-Staff2	1	95.0	1.5	119.0	i	True	('F', 'A-', 'C')	F	F	0.0	minor triad	(0, 5, 8)	f	f	1	None
141.0	141	1.5	3/2	95	F2	41	True	P3-Staff2	6	95.0	1.5	119.0	i	True	('F', 'A-', 'C')	F	F	0.0	minor triad	(0, 5, 8)	f	f	1	None
141.5	283/2	0.5	1/2	95	F3	53	True	P3-Staff2	5	95.0	1.5	119.0	i	False	('F', 'A-', 'C')	F	F	0.0	minor triad	(0, 5, 8)	f	f	1	None
142.0	142	0.5	1/2	95	F4	65	True	P3-Staff2	1	95.0	1.5	119.0	i	False	('F', 'A-', 'C')	F	F	0.0	minor triad	(0, 5, 8)	f	f	1	None
142.0	142	0.5	1/2	95	F4	65	True	P3-Staff2	1	95.0	1.5	119.0	i	False	('F', 'A-', 'C')	F	F	0.0	minor triad	(0, 5, 8)	f	f	1	None
142.0	142	0.5	1/2	95	A-3	56	True	P3-Staff2	1	95.0	1.5	119.0	i	False	('F', 'A-', 'C')	F	F	0.0	minor triad	(0, 5, 8)	f	f	1	None
142.0	142	0.5	1/2	95	C4	60	True	P3-Staff2	1	95.0	1.5	119.0	i	False	('F', 'A-', 'C')	F	F	0.0	minor triad	(0, 5, 8)	f	f	1	None
142.0	142	0.5	1/2	95	F4	65	True	P3-Staff2	1	95.0	1.5	119.0	i	False	('F', 'A-', 'C')	F	F	0.0	minor triad	(0, 5, 8)	f	f	1	None
142.0	142	0.5	1/2	95	C3	48	True	P3-Staff2	5	95.0	1.5	119.0	i	False	('F', 'A-', 'C')	F	F	0.0	minor triad	(0, 5, 8)	f	f	1	None
142.5	285/2	1.0	1	96	A-4	68	True	P3-Staff2	1	96.0	1.5	120.0	V7	True	('B-', 'D', 'F', 'A-')	B-	B-	0.0	dominant seventh chord	(2, 5, 8, 10)	E-	E-	5	None
142.5	285/2	0.75	3/4	96	F4	65	True	P3-Staff2	1	96.0	1.5	120.0	V7	True	('B-', 'D', 'F', 'A-')	B-	B-	0.0	dominant seventh chord	(2, 5, 8, 10)	E-	E-	5	None
142.5	285/2	1.0	1	96	C4	60	True	P3-Staff2	1	96.0	1.5	120.0	V7	True	('B-', 'D', 'F', 'A-')	B-	B-	0.0	dominant seventh chord	(2, 5, 8, 10)	E-	E-	5	None
142.5	285/2	1.0	1	96	F4	65	True	P3-Staff2	1	96.0	1.5	120.0	V7	True	('B-', 'D', 'F', 'A-')	B-	B-	0.0	dominant seventh chord	(2, 5, 8, 10)	E-	E-	5	None
142.5	285/2	1.0	1	96	A-4	68	True	P3-Staff2	1	96.0	1.5	120.0	V7	True	('B-', 'D', 'F', 'A-')	B-	B-	0.0	dominant seventh chord	(2, 5, 8, 10)	E-	E-	5	None
142.5	285/2	1.5	3/2	96	B-1	34	True	P3-Staff2	6	96.0	1.5	120.0	V7	True	('B-', 'D', 'F', 'A-')	B-	B-	0.0	dominant seventh chord	(2, 5, 8, 10)	E-	E-	5	None
143.0	143	0.5	1/2	96	F3	53	True	P3-Staff2	5	96.0	1.5	120.0	V7	False	('B-', 'D', 'F', 'A-')	B-	B-	0.0	dominant seventh chord	(2, 5, 8, 10)	E-	E-	5	None
143.25	573/4	0.25	1/4	96	G4	67	True	P3-Staff2	1	96.0	1.5	120.0	V7	False	('B-', 'D', 'F', 'A-')	B-	B-	0.0	dominant seventh chord	(2, 5, 8, 10)	E-	E-	5	None
143.5	287/2	0.5	1/2	96	C5	72	True	P3-Staff2	1	96.0	1.5	120.0	V7	False	('B-', 'D', 'F', 'A-')	B-	B-	0.0	dominant seventh chord	(2, 5, 8, 10)	E-	E-	5	None
143.5	287/2	0.5	1/2	96	A-4	68	True	P3-Staff2	1	96.0	1.5	120.0	V7	False	('B-', 'D', 'F', 'A-')	B-	B-	0.0	dominant seventh chord	(2, 5, 8, 10)	E-	E-	5	None
143.5	287/2	0.5	1/2	96	D4	62	True	P3-Staff2	1	96.0	1.5	120.0	V7	False	('B-', 'D', 'F', 'A-')	B-	B-	0.0	dominant seventh chord	(2, 5, 8, 10)	E-	E-	5	None
143.5	287/2	0.5	1/2	96	F4	65	True	P3-Staff2	1	96.0	1.5	120.0	V7	False	('B-', 'D', 'F', 'A-')	B-	B-	0.0	dominant seventh chord	(2, 5, 8, 10)	E-	E-	5	None
143.5	287/2	0.5	1/2	96	A-4	68	True	P3-Staff2	1	96.0	1.5	120.0	V7	False	('B-', 'D', 'F', 'A-')	B-	B-	0.0	dominant seventh chord	(2, 5, 8, 10)	E-	E-	5	None
143.5	287/2	0.5	1/2	96	C5	72	True	P3-Staff2	1	96.0	1.5	120.0	V7	False	('B-', 'D', 'F', 'A-')	B-	B-	0.0	dominant seventh chord	(2, 5, 8, 10)	E-	E-	5	None
143.5	287/2	0.5	1/2	96	B-2	46	True	P3-Staff2	5	96.0	1.5	120.0	V7	False	('B-', 'D', 'F', 'A-')	B-	B-	0.0	dominant seventh chord	(2, 5, 8, 10)	E-	E-	5	None
144.0	144	1.5	3/2	97	E-5	75	True	P3-Staff2	1	97.0	1.5	121.0	I	True	('E-', 'G', 'B-')	E-	E-	0.0	major triad	(3, 7, 10)	E-	E-	1	None
144.0	144	1.5	3/2	97	G4	67	True	P3-Staff2	1	97.0	1.5	121.0	I	True	('E-', 'G', 'B-')	E-	E-	0.0	major triad	(3, 7, 10)	E-	E-	1	None
144.0	144	1.5	3/2	97	E-4	63	True	P3-Staff2	1	97.0	1.5	121.0	I	True	('E-', 'G', 'B-')	E-	E-	0.0	major triad	(3, 7, 10)	E-	E-	1	None
144.0	144	1.5	3/2	97	E-5	75	True	P3-Staff2	1	97.0	1.5	121.0	I	True	('E-', 'G', 'B-')	E-	E-	0.0	major triad	(3, 7, 10)	E-	E-	1	None
144.0	144	1.0	1	97	G4	67	True	P3-Staff2	2	97.0	1.5	121.0	I	True	('E-', 'G', 'B-')	E-	E-	0.0	major triad	(3, 7, 10)	E-	E-	1	None
144.0	144	1.5	3/2	97	E-2	39	True	P3-Staff2	6	97.0	1.5	121.0	I	True	('E-', 'G', 'B-')	E-	E-	0.0	major triad	(3, 7, 10)	E-	E-	1	None
144.5	289/2	0.5	1/2	97	E-3	51	True	P3-Staff2	5	97.0	1.5	121.0	I	False	('E-', 'G', 'B-')	E-	E-	0.0	major triad	(3, 7, 10)	E-	E-	1	None
145.0	145	0.5	1/2	97	B-4	70	True	P3-Staff2	2	97.0	1.5	121.0	I	False	('E-', 'G', 'B-')	E-	E-	0.0	major triad	(3, 7, 10)	E-	E-	1	None
145.0	145	0.5	1/2	97	B-2	46	True	P3-Staff2	5	97.0	1.5	121.0	I	False	('E-', 'G', 'B-')	E-	E-	0.0	major triad	(3, 7, 10)	E-	E-	1	None
145.5	291/2	1.0	1	98	E-5	75	False	P3-Staff2	1	98.0	1.5	122.0	I	True	('E-', 'G', 'B-')	E-	E-	0.0	major triad	(3, 7, 10)	E-	E-	1	None
145.5	291/2	1.0	1	98	G4	67	False	P3-Staff2	1	98.0	1.5	122.0	I	True	('E-', 'G', 'B-')	E-	E-	0.0	major triad	(3, 7, 10)	E-	E-	1	None
145.5	291/2	1.5	3/2	98	E-4	63	True	P3-Staff2	1	98.0	1.5	122.0	I	True	('E-', 'G', 'B-')	E-	E-	0.0	major triad	(3, 7, 10)	E-	E-	1	None
145.5	291/2	1.5	3/2	98	E-5	75	True	P3-Staff2	1	98.0	1.5	122.0	I	True	('E-', 'G', 'B-')	E-	E-	0.0	major triad	(3, 7, 10)	E-	E-	1	None
145.5	291/2	1.0	1	98	G4	67	True	P3-Staff2	2	98.0	1.5	122.0	I	True	('E-', 'G', 'B-')	E-	E-	0.0	major triad	(3, 7, 10)	E-	E-	1	None
145.5	291/2	1.5	3/2	98	E-2	39	True	P3-Staff2	6	98.0	1.5	122.0	I	True	('E-', 'G', 'B-')	E-	E-	0.0	major triad	(3, 7, 10)	E-	E-	1	None
146.0	146	0.5	1/2	98	E-3	51	True	P3-Staff2	5	98.0	1.5	122.0	I	False	('E-', 'G', 'B-')	E-	E-	0.0	major triad	(3, 7, 10)	E-	E-	1	None
146.5	293/2	0.5	1/2	98	B-4	70	True	P3-Staff2	2	98.0	1.5	122.0	I	False	('E-', 'G', 'B-')	E-	E-	0.0	major triad	(3, 7, 10)	E-	E-	1	None
146.5	293/2	0.5	1/2	98	B-2	46	True	P3-Staff2	5	98.0	1.5	122.0	I	False	('E-', 'G', 'B-')	E-	E-	0.0	major triad	(3, 7, 10)	E-	E-	1	None
147.0	147	1.0	1	99	E-5	75	True	P3-Staff2	1	99.0	1.5	123.0	ii	True	('E-', 'G-', 'B-')	E-	E-	0.0	minor triad	(3, 6, 10)	D-	D-	2	None
147.0	147	1.0	1	99	G-4	66	True	P3-Staff2	1	99.0	1.5	123.0	ii	True	('E-', 'G-', 'B-')	E-	E-	0.0	minor triad	(3, 6, 10)	D-	D-	2	None
147.0	147	1.0	1	99	G-4	66	True	P3-Staff2	1	99.0	1.5	123.0	ii	True	('E-', 'G-', 'B-')	E-	E-	0.0	minor triad	(3, 6, 10)	D-	D-	2	None
147.0	147	1.0	1	99	B-4	70	True	P3-Staff2	1	99.0	1.5	123.0	ii	True	('E-', 'G-', 'B-')	E-	E-	0.0	minor triad	(3, 6, 10)	D-	D-	2	None
147.0	147	1.0	1	99	E-5	75	True	P3-Staff2	1	99.0	1.5	123.0	ii	True	('E-', 'G-', 'B-')	E-	E-	0.0	minor triad	(3, 6, 10)	D-	D-	2	None
147.0	147	1.5	3/2	99	E-3	51	True	P3-Staff2	6	99.0	1.5	123.0	ii	True	('E-', 'G-', 'B-')	E-	E-	0.0	minor triad	(3, 6, 10)	D-	D-	2	None
147.5	295/2	0.5	1/2	99	E-4	63	True	P3-Staff2	5	99.0	1.5	123.0	ii	False	('E-', 'G-', 'B-')	E-	E-	0.0	minor triad	(3, 6, 10)	D-	D-	2	None
148.0	148	0.5	1/2	99	B-4	70	True	P3-Staff2	1	99.0	1.5	123.0	ii	False	('E-', 'G-', 'B-')	E-	E-	0.0	minor triad	(3, 6, 10)	D-	D-	2	None
148.0	148	0.5	1/2	99	B-4	70	True	P3-Staff2	1	99.0	1.5	123.0	ii	False	('E-', 'G-', 'B-')	E-	E-	0.0	minor triad	(3, 6, 10)	D-	D-	2	None
148.0	148	0.5	1/2	99	E-4	63	True	P3-Staff2	1	99.0	1.5	123.0	ii	False	('E-', 'G-', 'B-')	E-	E-	0.0	minor triad	(3, 6, 10)	D-	D-	2	None
148.0	148	0.5	1/2	99	G-4	66	True	P3-Staff2	1	99.0	1.5	123.0	ii	False	('E-', 'G-', 'B-')	E-	E-	0.0	minor triad	(3, 6, 10)	D-	D-	2	None
148.0	148	0.5	1/2	99	B-4	70	True	P3-Staff2	1	99.0	1.5	123.0	ii	False	('E-', 'G-', 'B-')	E-	E-	0.0	minor triad	(3, 6, 10)	D-	D-	2	None
148.0	148	0.5	1/2	99	B-3	58	True	P3-Staff2	5	99.0	1.5	123.0	ii	False	('E-', 'G-', 'B-')	E-	E-	0.0	minor triad	(3, 6, 10)	D-	D-	2	None
148.5	297/2	0.75	3/4	100	C5	72	True	P3-Staff2	1	100.0	1.5	124.0	V7	True	('A-', 'C', 'E-', 'G-')	A-	A-	0.0	dominant seventh chord	(0, 3, 6, 8)	D-	D-	5	None
148.5	297/2	0.75	3/4	100	B-4	70	True	P3-Staff2	1	100.0	1.5	124.0	V7	True	('A-', 'C', 'E-', 'G-')	A-	A-	0.0	dominant seventh chord	(0, 3, 6, 8)	D-	D-	5	None
148.5	297/2	0.75	3/4	100	G-4	66	True	P3-Staff2	1	100.0	1.5	124.0	V7	True	('A-', 'C', 'E-', 'G-')	A-	A-	0.0	dominant seventh chord	(0, 3, 6, 8)	D-	D-	5	None
148.5	297/2	0.75	3/4	100	B-4	70	True	P3-Staff2	1	100.0	1.5	124.0	V7	True	('A-', 'C', 'E-', 'G-')	A-	A-	0.0	dominant seventh chord	(0, 3, 6, 8)	D-	D-	5	None
148.5	297/2	0.75	3/4	100	C5	72	True	P3-Staff2	1	100.0	1.5	124.0	V7	True	('A-', 'C', 'E-', 'G-')	A-	A-	0.0	dominant seventh chord	(0, 3, 6, 8)	D-	D-	5	None
148.5	297/2	1.5	3/2	100	A-2	44	True	P3-Staff2	6	100.0	1.5	124.0	V7	True	('A-', 'C', 'E-', 'G-')	A-	A-	0.0	dominant seventh chord	(0, 3, 6, 8)	D-	D-	5	None
149.0	149	0.5	1/2	100	A-3	56	True	P3-Staff2	5	100.0	1.5	124.0	V7	False	('A-', 'C', 'E-', 'G-')	A-	A-	0.0	dominant seventh chord	(0, 3, 6, 8)	D-	D-	5	None
149.25	597/4	0.25	1/4	100	D-5	73	True	P3-Staff2	1	100.0	1.5	124.0	V7	False	('A-', 'C', 'E-', 'G-')	A-	A-	0.0	dominant seventh chord	(0, 3, 6, 8)	D-	D-	5	None
149.25	597/4	0.25	1/4	100	A-4	68	True	P3-Staff2	1	100.0	1.5	124.0	V7	False	('A-', 'C', 'E-', 'G-')	A-	A-	0.0	dominant seventh chord	(0, 3, 6, 8)	D-	D-	5	None
149.25	597/4	0.25	1/4	100	F4	65	True	P3-Staff2	1	100.0	1.5	124.0	V7	False	('A-', 'C', 'E-', 'G-')	A-	A-	0.0	dominant seventh chord	(0, 3, 6, 8)	D-	D-	5	None
149.25	597/4	0.25	1/4	100	A-4	68	True	P3-Staff2	1	100.0	1.5	124.0	V7	False	('A-', 'C', 'E-', 'G-')	A-	A-	0.0	dominant seventh chord	(0, 3, 6, 8)	D-	D-	5	None
149.25	597/4	0.25	1/4	100	D-5	73	True	P3-Staff2	1	100.0	1.5	124.0	V7	False	('A-', 'C', 'E-', 'G-')	A-	A-	0.0	dominant seventh chord	(0, 3, 6, 8)	D-	D-	5	None
149.5	299/2	0.5	1/2	100	E-5	75	True	P3-Staff2	1	100.0	1.5	124.0	V7	False	('A-', 'C', 'E-', 'G-')	A-	A-	0.0	dominant seventh chord	(0, 3, 6, 8)	D-	D-	5	None
149.5	299/2	0.5	1/2	100	G-4	66	True	P3-Staff2	1	100.0	1.5	124.0	V7	False	('A-', 'C', 'E-', 'G-')	A-	A-	0.0	dominant seventh chord	(0, 3, 6, 8)	D-	D-	5	None
149.5	299/2	0.5	1/2	100	E-4	63	True	P3-Staff2	1	100.0	1.5	124.0	V7	False	('A-', 'C', 'E-', 'G-')	A-	A-	0.0	dominant seventh chord	(0, 3, 6, 8)	D-	D-	5	None
149.5	299/2	0.5	1/2	100	G-4	66	True	P3-Staff2	1	100.0	1.5	124.0	V7	False	('A-', 'C', 'E-', 'G-')	A-	A-	0.0	dominant seventh chord	(0, 3, 6, 8)	D-	D-	5	None
149.5	299/2	0.5	1/2	100	C5	72	True	P3-Staff2	1	100.0	1.5	124.0	V7	False	('A-', 'C', 'E-', 'G-')	A-	A-	0.0	dominant seventh chord	(0, 3, 6, 8)	D-	D-	5	None
149.5	299/2	0.5	1/2	100	E-5	75	True	P3-Staff2	1	100.0	1.5	124.0	V7	False	('A-', 'C', 'E-', 'G-')	A-	A-	0.0	dominant seventh chord	(0, 3, 6, 8)	D-	D-	5	None
149.5	299/2	0.5	1/2	100	A-2	44	True	P3-Staff2	5	100.0	1.5	124.0	V7	False	('A-', 'C', 'E-', 'G-')	A-	A-	0.0	dominant seventh chord	(0, 3, 6, 8)	D-	D-	5	None
150.0	150	1.0	1	101	D-5	73	True	P3-Staff2	1	101.0	1.5	125.0	I	True	('D-', 'F', 'A-')	D-	D-	0.0	major triad	(1, 5, 8)	D-	D-	1	None
150.0	150	1.0	1	101	F4	65	True	P3-Staff2	1	101.0	1.5	125.0	I	True	('D-', 'F', 'A-')	D-	D-	0.0	major triad	(1, 5, 8)	D-	D-	1	None
150.0	150	1.0	1	101	F4	65	True	P3-Staff2	1	101.0	1.5	125.0	I	True	('D-', 'F', 'A-')	D-	D-	0.0	major triad	(1, 5, 8)	D-	D-	1	None
150.0	150	1.0	1	101	A-4	68	True	P3-Staff2	1	101.0	1.5	125.0	I	True	('D-', 'F', 'A-')	D-	D-	0.0	major triad	(1, 5, 8)	D-	D-	1	None
150.0	150	1.0	1	101	D-5	73	True	P3-Staff2	1	101.0	1.5	125.0	I	True	('D-', 'F', 'A-')	D-	D-	0.0	major triad	(1, 5, 8)	D-	D-	1	None
150.0	150	1.5	3/2	101	D-3	49	True	P3-Staff2	6	101.0	1.5	125.0	I	True	('D-', 'F', 'A-')	D-	D-	0.0	major triad	(1, 5, 8)	D-	D-	1	None
150.5	301/2	0.5	1/2	101	D-4	61	True	P3-Staff2	5	101.0	1.5	125.0	I	False	('D-', 'F', 'A-')	D-	D-	0.0	major triad	(1, 5, 8)	D-	D-	1	None
151.0	151	0.5	1/2	101	A-4	68	True	P3-Staff2	1	101.0	1.5	125.0	I	False	('D-', 'F', 'A-')	D-	D-	0.0	major triad	(1, 5, 8)	D-	D-	1	None
151.0	151	0.5	1/2	101	A-4	68	True	P3-Staff2	1	101.0	1.5	125.0	I	False	('D-', 'F', 'A-')	D-	D-	0.0	major triad	(1, 5, 8)	D-	D-	1	None
151.0	151	0.5	1/2	101	F4	65	True	P3-Staff2	1	101.0	1.5	125.0	I	False	('D-', 'F', 'A-')	D-	D-	0.0	major triad	(1, 5, 8)	D-	D-	1	None
151.0	151	0.5	1/2	101	A-4	68	True	P3-Staff2	1	101.0	1.5	125.0	I	False	('D-', 'F', 'A-')	D-	D-	0.0	major triad	(1, 5, 8)	D-	D-	1	None
151.0	151	0.5	1/2	101	A-3	56	True	P3-Staff2	5	101.0	1.5	125.0	I	False	('D-', 'F', 'A-')	D-	D-	0.0	major triad	(1, 5, 8)	D-	D-	1	None
151.5	303/2	0.75	3/4	102	A4	69	True	P3-Staff2	1	102.0	1.5	126.0	V9	True	('F', 'A', 'C', 'E-', 'G-')	F	F	0.0	flat-ninth pentachord	(0, 3, 5, 6, 9)	b-	b-	5	None
151.5	303/2	0.75	3/4	102	G-4	66	True	P3-Staff2	1	102.0	1.5	126.0	V9	True	('F', 'A', 'C', 'E-', 'G-')	F	F	0.0	flat-ninth pentachord	(0, 3, 5, 6, 9)	b-	b-	5	None
151.5	303/2	0.75	3/4	102	E-4	63	True	P3-Staff2	1	102.0	1.5	126.0	V9	True	('F', 'A', 'C', 'E-', 'G-')	F	F	0.0	flat-ninth pentachord	(0, 3, 5, 6, 9)	b-	b-	5	None
151.5	303/2	0.75	3/4	102	G-4	66	True	P3-Staff2	1	102.0	1.5	126.0	V9	True	('F', 'A', 'C', 'E-', 'G-')	F	F	0.0	flat-ninth pentachord	(0, 3, 5, 6, 9)	b-	b-	5	None
151.5	303/2	0.75	3/4	102	A4	69	True	P3-Staff2	1	102.0	1.5	126.0	V9	True	('F', 'A', 'C', 'E-', 'G-')	F	F	0.0	flat-ninth pentachord	(0, 3, 5, 6, 9)	b-	b-	5	None
151.5	303/2	1.5	3/2	102	F2	41	True	P3-Staff2	6	102.0	1.5	126.0	V9	True	('F', 'A', 'C', 'E-', 'G-')	F	F	0.0	flat-ninth pentachord	(0, 3, 5, 6, 9)	b-	b-	5	None
152.0	152	0.5	1/2	102	F3	53	True	P3-Staff2	5	102.0	1.5	126.0	V9	False	('F', 'A', 'C', 'E-', 'G-')	F	F	0.0	flat-ninth pentachord	(0, 3, 5, 6, 9)	b-	b-	5	None
152.25	609/4	0.25	1/4	102	B-4	70	True	P3-Staff2	1	102.0	1.5	126.0	V9	False	('F', 'A', 'C', 'E-', 'G-')	F	F	0.0	flat-ninth pentachord	(0, 3, 5, 6, 9)	b-	b-	5	None
152.25	609/4	0.25	1/4	102	F4	65	True	P3-Staff2	1	102.0	1.5	126.0	V9	False	('F', 'A', 'C', 'E-', 'G-')	F	F	0.0	flat-ninth pentachord	(0, 3, 5, 6, 9)	b-	b-	5	None
152.25	609/4	0.25	1/4	102	D-4	61	True	P3-Staff2	1	102.0	1.5	126.0	V9	False	('F', 'A', 'C', 'E-', 'G-')	F	F	0.0	flat-ninth pentachord	(0, 3, 5, 6, 9)	b-	b-	5	None
152.25	609/4	0.25	1/4	102	F4	65	True	P3-Staff2	1	102.0	1.5	126.0	V9	False	('F', 'A', 'C', 'E-', 'G-')	F	F	0.0	flat-ninth pentachord	(0, 3, 5, 6, 9)	b-	b-	5	None
152.25	609/4	0.25	1/4	102	B-4	70	True	P3-Staff2	1	102.0	1.5	126.0	V9	False	('F', 'A', 'C', 'E-', 'G-')	F	F	0.0	flat-ninth pentachord	(0, 3, 5, 6, 9)	b-	b-	5	None
152.5	305/2	0.5	1/2	102	C5	72	True	P3-Staff2	1	102.0	1.5	126.0	V9	False	('F', 'A', 'C', 'E-', 'G-')	F	F	0.0	flat-ninth pentachord	(0, 3, 5, 6, 9)	b-	b-	5	None
152.5	305/2	0.5	1/2	102	E-4	63	True	P3-Staff2	1	102.0	1.5	126.0	V9	False	('F', 'A', 'C', 'E-', 'G-')	F	F	0.0	flat-ninth pentachord	(0, 3, 5, 6, 9)	b-	b-	5	None
152.5	305/2	0.5	1/2	102	C4	60	True	P3-Staff2	1	102.0	1.5	126.0	V9	False	('F', 'A', 'C', 'E-', 'G-')	F	F	0.0	flat-ninth pentachord	(0, 3, 5, 6, 9)	b-	b-	5	None
152.5	305/2	0.5	1/2	102	E-4	63	True	P3-Staff2	1	102.0	1.5	126.0	V9	False	('F', 'A', 'C', 'E-', 'G-')	F	F	0.0	flat-ninth pentachord	(0, 3, 5, 6, 9)	b-	b-	5	None
152.5	305/2	0.5	1/2	102	A4	69	True	P3-Staff2	1	102.0	1.5	126.0	V9	False	('F', 'A', 'C', 'E-', 'G-')	F	F	0.0	flat-ninth pentachord	(0, 3, 5, 6, 9)	b-	b-	5	None
152.5	305/2	0.5	1/2	102	C5	72	True	P3-Staff2	1	102.0	1.5	126.0	V9	False	('F', 'A', 'C', 'E-', 'G-')	F	F	0.0	flat-ninth pentachord	(0, 3, 5, 6, 9)	b-	b-	5	None
152.5	305/2	0.5	1/2	102	F2	41	True	P3-Staff2	5	102.0	1.5	126.0	V9	False	('F', 'A', 'C', 'E-', 'G-')	F	F	0.0	flat-ninth pentachord	(0, 3, 5, 6, 9)	b-	b-	5	None
153.0	153	1.0	1	103	B-4	70	True	P3-Staff2	1	103.0	1.5	127.0	i	True	('D-', 'F', 'B-')	D-	B-	1.0	minor triad	(1, 5, 10)	b-	b-	1	None
153.0	153	1.0	1	103	D-4	61	True	P3-Staff2	1	103.0	1.5	127.0	i	True	('D-', 'F', 'B-')	D-	B-	1.0	minor triad	(1, 5, 10)	b-	b-	1	None
153.0	153	1.0	1	103	D-4	61	True	P3-Staff2	1	103.0	1.5	127.0	i	True	('D-', 'F', 'B-')	D-	B-	1.0	minor triad	(1, 5, 10)	b-	b-	1	None
153.0	153	1.0	1	103	F4	65	True	P3-Staff2	1	103.0	1.5	127.0	i	True	('D-', 'F', 'B-')	D-	B-	1.0	minor triad	(1, 5, 10)	b-	b-	1	None
153.0	153	1.0	1	103	B-4	70	True	P3-Staff2	1	103.0	1.5	127.0	i	True	('D-', 'F', 'B-')	D-	B-	1.0	minor triad	(1, 5, 10)	b-	b-	1	None
153.0	153	1.5	3/2	103	D-3	49	True	P3-Staff2	6	103.0	1.5	127.0	i	True	('D-', 'F', 'B-')	D-	B-	1.0	minor triad	(1, 5, 10)	b-	b-	1	None
153.5	307/2	0.5	1/2	103	B-3	58	True	P3-Staff2	5	103.0	1.5	127.0	i	False	('D-', 'F', 'B-')	D-	B-	1.0	minor triad	(1, 5, 10)	b-	b-	1	None
154.0	154	0.5	1/2	103	B-4	70	True	P3-Staff2	1	103.0	1.5	127.0	i	False	('D-', 'F', 'B-')	D-	B-	1.0	minor triad	(1, 5, 10)	b-	b-	1	None
154.0	154	0.5	1/2	103	B-4	70	True	P3-Staff2	1	103.0	1.5	127.0	i	False	('D-', 'F', 'B-')	D-	B-	1.0	minor triad	(1, 5, 10)	b-	b-	1	None
154.0	154	0.5	1/2	103	D-4	61	True	P3-Staff2	1	103.0	1.5	127.0	i	False	('D-', 'F', 'B-')	D-	B-	1.0	minor triad	(1, 5, 10)	b-	b-	1	None
154.0	154	0.5	1/2	103	F4	65	True	P3-Staff2	1	103.0	1.5	127.0	i	False	('D-', 'F', 'B-')	D-	B-	1.0	minor triad	(1, 5, 10)	b-	b-	1	None
154.0	154	0.5	1/2	103	B-4	70	True	P3-Staff2	1	103.0	1.5	127.0	i	False	('D-', 'F', 'B-')	D-	B-	1.0	minor triad	(1, 5, 10)	b-	b-	1	None
154.0	154	0.5	1/2	103	F3	53	True	P3-Staff2	5	103.0	1.5	127.0	i	False	('D-', 'F', 'B-')	D-	B-	1.0	minor triad	(1, 5, 10)	b-	b-	1	None
154.5	309/2	1.0	1	104	C5	72	True	P3-Staff2	1	104.0	1.5	128.0	V7	True	('C', 'E-', 'F', 'A')	C	F	2.0	dominant seventh chord	(0, 3, 5, 9)	b-	b-	5	None
154.5	309/2	1.0	1	104	A4	69	True	P3-Staff2	1	104.0	1.5	128.0	V7	True	('C', 'E-', 'F', 'A')	C	F	2.0	dominant seventh chord	(0, 3, 5, 9)	b-	b-	5	None
154.5	309/2	1.0	1	104	E-4	63	True	P3-Staff2	1	104.0	1.5	128.0	V7	True	('C', 'E-', 'F', 'A')	C	F	2.0	dominant seventh chord	(0, 3, 5, 9)	b-	b-	5	None
154.5	309/2	1.0	1	104	A4	69	True	P3-Staff2	1	104.0	1.5	128.0	V7	True	('C', 'E-', 'F', 'A')	C	F	2.0	dominant seventh chord	(0, 3, 5, 9)	b-	b-	5	None
154.5	309/2	1.0	1	104	C5	72	True	P3-Staff2	1	104.0	1.5	128.0	V7	True	('C', 'E-', 'F', 'A')	C	F	2.0	dominant seventh chord	(0, 3, 5, 9)	b-	b-	5	None
154.5	309/2	1.5	3/2	104	C3	48	True	P3-Staff2	6	104.0	1.5	128.0	V7	True	('C', 'E-', 'F', 'A')	C	F	2.0	dominant seventh chord	(0, 3, 5, 9)	b-	b-	5	None
155.0	155	0.5	1/2	104	A3	57	True	P3-Staff2	5	104.0	1.5	128.0	V7	False	('C', 'E-', 'F', 'A')	C	F	2.0	dominant seventh chord	(0, 3, 5, 9)	b-	b-	5	None
155.5	311/2	0.25	1/4	104	B4	71	True	P3-Staff2	1	104.0	1.5	128.0	V7	False	('C', 'E-', 'F', 'A')	C	F	2.0	dominant seventh chord	(0, 3, 5, 9)	b-	b-	5	None
155.5	311/2	0.25	1/4	104	G#4	68	True	P3-Staff2	1	104.0	1.5	128.0	V7	False	('C', 'E-', 'F', 'A')	C	F	2.0	dominant seventh chord	(0, 3, 5, 9)	b-	b-	5	None
155.5	311/2	0.25	1/4	104	G#4	68	True	P3-Staff2	1	104.0	1.5	128.0	V7	False	('C', 'E-', 'F', 'A')	C	F	2.0	dominant seventh chord	(0, 3, 5, 9)	b-	b-	5	None
155.5	311/2	0.25	1/4	104	B4	71	True	P3-Staff2	1	104.0	1.5	128.0	V7	False	('C', 'E-', 'F', 'A')	C	F	2.0	dominant seventh chord	(0, 3, 5, 9)	b-	b-	5	None
155.5	311/2	0.5	1/2	104	F3	53	True	P3-Staff2	5	104.0	1.5	128.0	V7	False	('C', 'E-', 'F', 'A')	C	F	2.0	dominant seventh chord	(0, 3, 5, 9)	b-	b-	5	None
155.75	623/4	0.25	1/4	104	C5	72	True	P3-Staff2	1	104.0	1.5	128.0	V7	False	('C', 'E-', 'F', 'A')	C	F	2.0	dominant seventh chord	(0, 3, 5, 9)	b-	b-	5	None
155.75	623/4	0.25	1/4	104	A4	69	True	P3-Staff2	1	104.0	1.5	128.0	V7	False	('C', 'E-', 'F', 'A')	C	F	2.0	dominant seventh chord	(0, 3, 5, 9)	b-	b-	5	None
155.75	623/4	0.25	1/4	104	A4	69	True	P3-Staff2	1	104.0	1.5	128.0	V7	False	('C', 'E-', 'F', 'A')	C	F	2.0	dominant seventh chord	(0, 3, 5, 9)	b-	b-	5	None
155.75	623/4	0.25	1/4	104	C5	72	True	P3-Staff2	1	104.0	1.5	128.0	V7	False	('C', 'E-', 'F', 'A')	C	F	2.0	dominant seventh chord	(0, 3, 5, 9)	b-	b-	5	None
156.0	156	0.5	1/2	105	E-5	75	True	P3-Staff2	1	105.0	1.5	129.0	i	True	('B-', 'D-', 'F')	B-	B-	0.0	minor triad	(1, 5, 10)	b-	b-	1	None
156.0	156	0.5	1/2	105	C5	72	True	P3-Staff2	1	105.0	1.5	129.0	i	True	('B-', 'D-', 'F')	B-	B-	0.0	minor triad	(1, 5, 10)	b-	b-	1	None
156.0	156	0.5	1/2	105	G-4	66	True	P3-Staff2	1	105.0	1.5	129.0	i	True	('B-', 'D-', 'F')	B-	B-	0.0	minor triad	(1, 5, 10)	b-	b-	1	None
156.0	156	0.5	1/2	105	C5	72	True	P3-Staff2	1	105.0	1.5	129.0	i	True	('B-', 'D-', 'F')	B-	B-	0.0	minor triad	(1, 5, 10)	b-	b-	1	None
156.0	156	0.5	1/2	105	E-5	75	True	P3-Staff2	1	105.0	1.5	129.0	i	True	('B-', 'D-', 'F')	B-	B-	0.0	minor triad	(1, 5, 10)	b-	b-	1	None
156.0	156	1.5	3/2	105	B-2	46	True	P3-Staff2	6	105.0	1.5	129.0	i	True	('B-', 'D-', 'F')	B-	B-	0.0	minor triad	(1, 5, 10)	b-	b-	1	None
156.5	313/2	0.5	1/2	105	D-5	73	True	P3-Staff2	1	105.0	1.5	129.0	i	False	('B-', 'D-', 'F')	B-	B-	0.0	minor triad	(1, 5, 10)	b-	b-	1	None
156.5	313/2	0.5	1/2	105	B-4	70	True	P3-Staff2	1	105.0	1.5	129.0	i	False	('B-', 'D-', 'F')	B-	B-	0.0	minor triad	(1, 5, 10)	b-	b-	1	None
156.5	313/2	0.5	1/2	105	F4	65	True	P3-Staff2	1	105.0	1.5	129.0	i	False	('B-', 'D-', 'F')	B-	B-	0.0	minor triad	(1, 5, 10)	b-	b-	1	None
156.5	313/2	0.5	1/2	105	B-4	70	True	P3-Staff2	1	105.0	1.5	129.0	i	False	('B-', 'D-', 'F')	B-	B-	0.0	minor triad	(1, 5, 10)	b-	b-	1	None
156.5	313/2	0.5	1/2	105	D-5	73	True	P3-Staff2	1	105.0	1.5	129.0	i	False	('B-', 'D-', 'F')	B-	B-	0.0	minor triad	(1, 5, 10)	b-	b-	1	None
156.5	313/2	0.5	1/2	105	B-3	58	True	P3-Staff2	5	105.0	1.5	129.0	i	False	('B-', 'D-', 'F')	B-	B-	0.0	minor triad	(1, 5, 10)	b-	b-	1	None
157.0	157	0.5	1/2	105	B-4	70	True	P3-Staff2	1	105.0	1.5	129.0	i	False	('B-', 'D-', 'F')	B-	B-	0.0	minor triad	(1, 5, 10)	b-	b-	1	None
157.0	157	0.5	1/2	105	F4	65	True	P3-Staff2	1	105.0	1.5	129.0	i	False	('B-', 'D-', 'F')	B-	B-	0.0	minor triad	(1, 5, 10)	b-	b-	1	None
157.0	157	0.5	1/2	105	D-4	61	True	P3-Staff2	1	105.0	1.5	129.0	i	False	('B-', 'D-', 'F')	B-	B-	0.0	minor triad	(1, 5, 10)	b-	b-	1	None
157.0	157	0.5	1/2	105	F4	65	True	P3-Staff2	1	105.0	1.5	129.0	i	False	('B-', 'D-', 'F')	B-	B-	0.0	minor triad	(1, 5, 10)	b-	b-	1	None
157.0	157	0.5	1/2	105	B-4	70	True	P3-Staff2	1	105.0	1.5	129.0	i	False	('B-', 'D-', 'F')	B-	B-	0.0	minor triad	(1, 5, 10)	b-	b-	1	None
157.0	157	0.5	1/2	105	F3	53	True	P3-Staff2	5	105.0	1.5	129.0	i	False	('B-', 'D-', 'F')	B-	B-	0.0	minor triad	(1, 5, 10)	b-	b-	1	None
157.5	315/2	1.0	1	106	A-4	68	True	P3-Staff2	1	106.0	1.0	130.0	III+	True	('C', 'E', 'A-')	C	A-	1.0	augmented triad	(0, 4, 8)	f	f	3	None
157.5	315/2	1.0	1	106	E4	64	True	P3-Staff2	1	106.0	1.0	130.0	III+	True	('C', 'E', 'A-')	C	A-	1.0	augmented triad	(0, 4, 8)	f	f	3	None
157.5	315/2	1.0	1	106	C4	60	True	P3-Staff2	1	106.0	1.0	130.0	III+	True	('C', 'E', 'A-')	C	A-	1.0	augmented triad	(0, 4, 8)	f	f	3	None
157.5	315/2	1.0	1	106	E4	64	True	P3-Staff2	1	106.0	1.0	130.0	III+	True	('C', 'E', 'A-')	C	A-	1.0	augmented triad	(0, 4, 8)	f	f	3	None
157.5	315/2	1.0	1	106	A-4	68	True	P3-Staff2	1	106.0	1.0	130.0	III+	True	('C', 'E', 'A-')	C	A-	1.0	augmented triad	(0, 4, 8)	f	f	3	None
157.5	315/2	1.5	3/2	106	C3	48	True	P3-Staff2	6	106.0	1.0	130.0	III+	True	('C', 'E', 'A-')	C	A-	1.0	augmented triad	(0, 4, 8)	f	f	3	None
158.0	158	0.5	1/2	106	A-3	56	True	P3-Staff2	5	106.0	1.0	130.0	III+	False	('C', 'E', 'A-')	C	A-	1.0	augmented triad	(0, 4, 8)	f	f	3	None
158.5	317/2	0.5	1/2	106	G4	67	True	P3-Staff2	1	106.0	0.5	131.0	V	True	('C', 'E', 'G')	C	C	0.0	major triad	(0, 4, 7)	f	f	5	None
158.5	317/2	0.5	1/2	106	E4	64	True	P3-Staff2	1	106.0	0.5	131.0	V	True	('C', 'E', 'G')	C	C	0.0	major triad	(0, 4, 7)	f	f	5	None
158.5	317/2	0.5	1/2	106	C4	60	True	P3-Staff2	1	106.0	0.5	131.0	V	True	('C', 'E', 'G')	C	C	0.0	major triad	(0, 4, 7)	f	f	5	None
158.5	317/2	0.5	1/2	106	E4	64	True	P3-Staff2	1	106.0	0.5	131.0	V	True	('C', 'E', 'G')	C	C	0.0	major triad	(0, 4, 7)	f	f	5	None
158.5	317/2	0.5	1/2	106	G4	67	True	P3-Staff2	1	106.0	0.5	131.0	V	True	('C', 'E', 'G')	C	C	0.0	major triad	(0, 4, 7)	f	f	5	None
158.5	317/2	0.5	1/2	106	G3	55	True	P3-Staff2	5	106.0	0.5	131.0	V	True	('C', 'E', 'G')	C	C	0.0	major triad	(0, 4, 7)	f	f	5	None
159.0	159	1.0	1	107	F4	65	True	P3-Staff2	1	107.0	1.5	132.0	i	True	('A-', 'C', 'F')	A-	F	1.0	minor triad	(0, 5, 8)	f	f	1	None
159.0	159	1.0	1	107	F4	65	True	P3-Staff2	1	107.0	1.5	132.0	i	True	('A-', 'C', 'F')	A-	F	1.0	minor triad	(0, 5, 8)	f	f	1	None
159.0	159	1.0	1	107	A-3	56	True	P3-Staff2	1	107.0	1.5	132.0	i	True	('A-', 'C', 'F')	A-	F	1.0	minor triad	(0, 5, 8)	f	f	1	None
159.0	159	1.0	1	107	C4	60	True	P3-Staff2	1	107.0	1.5	132.0	i	True	('A-', 'C', 'F')	A-	F	1.0	minor triad	(0, 5, 8)	f	f	1	None
159.0	159	1.0	1	107	F4	65	True	P3-Staff2	1	107.0	1.5	132.0	i	True	('A-', 'C', 'F')	A-	F	1.0	minor triad	(0, 5, 8)	f	f	1	None
159.0	159	1.5	3/2	107	A-2	44	True	P3-Staff2	6	107.0	1.5	132.0	i	True	('A-', 'C', 'F')	A-	F	1.0	minor triad	(0, 5, 8)	f	f	1	None
159.5	319/2	0.5	1/2	107	F3	53	True	P3-Staff2	5	107.0	1.5	132.0	i	False	('A-', 'C', 'F')	A-	F	1.0	minor triad	(0, 5, 8)	f	f	1	None
160.0	160	0.5	1/2	107	F4	65	True	P3-Staff2	1	107.0	1.5	132.0	i	False	('A-', 'C', 'F')	A-	F	1.0	minor triad	(0, 5, 8)	f	f	1	None
160.0	160	0.5	1/2	107	F4	65	True	P3-Staff2	1	107.0	1.5	132.0	i	False	('A-', 'C', 'F')	A-	F	1.0	minor triad	(0, 5, 8)	f	f	1	None
160.0	160	0.5	1/2	107	A-3	56	True	P3-Staff2	1	107.0	1.5	132.0	i	False	('A-', 'C', 'F')	A-	F	1.0	minor triad	(0, 5, 8)	f	f	1	None
160.0	160	0.5	1/2	107	C4	60	True	P3-Staff2	1	107.0	1.5	132.0	i	False	('A-', 'C', 'F')	A-	F	1.0	minor triad	(0, 5, 8)	f	f	1	None
160.0	160	0.5	1/2	107	F4	65	True	P3-Staff2	1	107.0	1.5	132.0	i	False	('A-', 'C', 'F')	A-	F	1.0	minor triad	(0, 5, 8)	f	f	1	None
160.0	160	0.5	1/2	107	C3	48	True	P3-Staff2	5	107.0	1.5	132.0	i	False	('A-', 'C', 'F')	A-	F	1.0	minor triad	(0, 5, 8)	f	f	1	None
160.5	321/2	1.0	1	108	F5	77	True	P3-Staff2	1	108.0	1.5	133.0	V7	True	('A', 'C', 'E-', 'F')	A	F	1.0	dominant seventh chord	(0, 3, 5, 9)	b-	b-	5	None
160.5	321/2	1.0	1	108	D-5	73	True	P3-Staff2	1	108.0	1.5	133.0	V7	True	('A', 'C', 'E-', 'F')	A	F	1.0	dominant seventh chord	(0, 3, 5, 9)	b-	b-	5	None
160.5	321/2	1.0	1	108	F4	65	True	P3-Staff2	1	108.0	1.5	133.0	V7	True	('A', 'C', 'E-', 'F')	A	F	1.0	dominant seventh chord	(0, 3, 5, 9)	b-	b-	5	None
160.5	321/2	1.0	1	108	D-5	73	True	P3-Staff2	1	108.0	1.5	133.0	V7	True	('A', 'C', 'E-', 'F')	A	F	1.0	dominant seventh chord	(0, 3, 5, 9)	b-	b-	5	None
160.5	321/2	1.0	1	108	F5	77	True	P3-Staff2	1	108.0	1.5	133.0	V7	True	('A', 'C', 'E-', 'F')	A	F	1.0	dominant seventh chord	(0, 3, 5, 9)	b-	b-	5	None
160.5	321/2	1.5	3/2	108	A2	45	True	P3-Staff2	6	108.0	1.5	133.0	V7	True	('A', 'C', 'E-', 'F')	A	F	1.0	dominant seventh chord	(0, 3, 5, 9)	b-	b-	5	None
161.0	161	0.5	1/2	108	A3	57	True	P3-Staff2	5	108.0	1.5	133.0	V7	False	('A', 'C', 'E-', 'F')	A	F	1.0	dominant seventh chord	(0, 3, 5, 9)	b-	b-	5	None
161.5	323/2	0.5	1/2	108	E-5	75	True	P3-Staff2	1	108.0	1.5	133.0	V7	False	('A', 'C', 'E-', 'F')	A	F	1.0	dominant seventh chord	(0, 3, 5, 9)	b-	b-	5	None
161.5	323/2	0.5	1/2	108	C5	72	True	P3-Staff2	1	108.0	1.5	133.0	V7	False	('A', 'C', 'E-', 'F')	A	F	1.0	dominant seventh chord	(0, 3, 5, 9)	b-	b-	5	None
161.5	323/2	0.5	1/2	108	F4	65	True	P3-Staff2	1	108.0	1.5	133.0	V7	False	('A', 'C', 'E-', 'F')	A	F	1.0	dominant seventh chord	(0, 3, 5, 9)	b-	b-	5	None
161.5	323/2	0.5	1/2	108	C5	72	True	P3-Staff2	1	108.0	1.5	133.0	V7	False	('A', 'C', 'E-', 'F')	A	F	1.0	dominant seventh chord	(0, 3, 5, 9)	b-	b-	5	None
161.5	323/2	0.5	1/2	108	E-5	75	True	P3-Staff2	1	108.0	1.5	133.0	V7	False	('A', 'C', 'E-', 'F')	A	F	1.0	dominant seventh chord	(0, 3, 5, 9)	b-	b-	5	None
161.5	323/2	0.5	1/2	108	F3	53	True	P3-Staff2	5	108.0	1.5	133.0	V7	False	('A', 'C', 'E-', 'F')	A	F	1.0	dominant seventh chord	(0, 3, 5, 9)	b-	b-	5	None
162.0	162	1.0	1	109	D-5	73	True	P3-Staff2	1	109.0	1.0	134.0	i	True	('B-', 'D-', 'F')	B-	B-	0.0	minor triad	(1, 5, 10)	b-	b-	1	None
162.0	162	1.0	1	109	B-4	70	True	P3-Staff2	1	109.0	1.0	134.0	i	True	('B-', 'D-', 'F')	B-	B-	0.0	minor triad	(1, 5, 10)	b-	b-	1	None
162.0	162	1.0	1	109	F4	65	True	P3-Staff2	1	109.0	1.0	134.0	i	True	('B-', 'D-', 'F')	B-	B-	0.0	minor triad	(1, 5, 10)	b-	b-	1	None
162.0	162	1.0	1	109	B-4	70	True	P3-Staff2	1	109.0	1.0	134.0	i	True	('B-', 'D-', 'F')	B-	B-	0.0	minor triad	(1, 5, 10)	b-	b-	1	None
162.0	162	1.0	1	109	D-5	73	True	P3-Staff2	1	109.0	1.0	134.0	i	True	('B-', 'D-', 'F')	B-	B-	0.0	minor triad	(1, 5, 10)	b-	b-	1	None
162.0	162	1.0	1	109	B-2	46	True	P3-Staff2	6	109.0	1.0	134.0	i	True	('B-', 'D-', 'F')	B-	B-	0.0	minor triad	(1, 5, 10)	b-	b-	1	None
162.5	325/2	1.0	1	109	F3	53	True	P3-Staff2	5	109.0	1.0	134.0	i	False	('B-', 'D-', 'F')	B-	B-	0.0	minor triad	(1, 5, 10)	b-	b-	1	None
163.0	163	0.5	1/2	109	C5	72	True	P3-Staff2	1	109.0	0.5	135.0	V7	True	('C', 'E-', 'F', 'A')	C	F	2.0	dominant seventh chord	(0, 3, 5, 9)	b-	b-	5	None
163.0	163	0.5	1/2	109	A4	69	True	P3-Staff2	1	109.0	0.5	135.0	V7	True	('C', 'E-', 'F', 'A')	C	F	2.0	dominant seventh chord	(0, 3, 5, 9)	b-	b-	5	None
163.0	163	0.5	1/2	109	E-4	63	True	P3-Staff2	1	109.0	0.5	135.0	V7	True	('C', 'E-', 'F', 'A')	C	F	2.0	dominant seventh chord	(0, 3, 5, 9)	b-	b-	5	None
163.0	163	0.5	1/2	109	A4	69	True	P3-Staff2	1	109.0	0.5	135.0	V7	True	('C', 'E-', 'F', 'A')	C	F	2.0	dominant seventh chord	(0, 3, 5, 9)	b-	b-	5	None
163.0	163	0.5	1/2	109	C5	72	True	P3-Staff2	1	109.0	0.5	135.0	V7	True	('C', 'E-', 'F', 'A')	C	F	2.0	dominant seventh chord	(0, 3, 5, 9)	b-	b-	5	None
163.0	163	0.5	1/2	109	C3	48	True	P3-Staff2	6	109.0	0.5	135.0	V7	True	('C', 'E-', 'F', 'A')	C	F	2.0	dominant seventh chord	(0, 3, 5, 9)	b-	b-	5	None
163.5	327/2	1.0	1	110	B-4	70	True	P3-Staff2	1	110.0	0.5	136.0	i	True	('D-', 'F', 'B-')	D-	B-	1.0	minor triad	(1, 5, 10)	b-	b-	1	None
163.5	327/2	1.0	1	110	B-4	70	True	P3-Staff2	1	110.0	0.5	136.0	i	True	('D-', 'F', 'B-')	D-	B-	1.0	minor triad	(1, 5, 10)	b-	b-	1	None
163.5	327/2	1.0	1	110	D-4	61	True	P3-Staff2	1	110.0	0.5	136.0	i	True	('D-', 'F', 'B-')	D-	B-	1.0	minor triad	(1, 5, 10)	b-	b-	1	None
163.5	327/2	1.0	1	110	F4	65	True	P3-Staff2	1	110.0	0.5	136.0	i	True	('D-', 'F', 'B-')	D-	B-	1.0	minor triad	(1, 5, 10)	b-	b-	1	None
163.5	327/2	1.0	1	110	B-4	70	True	P3-Staff2	1	110.0	0.5	136.0	i	True	('D-', 'F', 'B-')	D-	B-	1.0	minor triad	(1, 5, 10)	b-	b-	1	None
163.5	327/2	1.0	1	110	D-3	49	True	P3-Staff2	6	110.0	0.5	136.0	i	True	('D-', 'F', 'B-')	D-	B-	1.0	minor triad	(1, 5, 10)	b-	b-	1	None
164.0	164	1.0	1	110	F3	53	True	P3-Staff2	5	110.0	0.5	137.0	IV	True	('D-', 'F', 'A-')	D-	D-	0.0	major triad	(1, 5, 8)	A-	A-	4	None
164.5	329/2	0.5	1/2	110	A-4	68	True	P3-Staff2	1	110.0	0.5	138.0	viio/V	True	('D', 'F', 'A-')	D	D	0.0	diminished triad	(2, 5, 8)	A-	E-	7	5
164.5	329/2	0.5	1/2	110	F4	65	True	P3-Staff2	1	110.0	0.5	138.0	viio/V	True	('D', 'F', 'A-')	D	D	0.0	diminished triad	(2, 5, 8)	A-	E-	7	5
164.5	329/2	0.5	1/2	110	C-4	59	True	P3-Staff2	1	110.0	0.5	138.0	viio/V	True	('D', 'F', 'A-')	D	D	0.0	diminished triad	(2, 5, 8)	A-	E-	7	5
164.5	329/2	0.5	1/2	110	F4	65	True	P3-Staff2	1	110.0	0.5	138.0	viio/V	True	('D', 'F', 'A-')	D	D	0.0	diminished triad	(2, 5, 8)	A-	E-	7	5
164.5	329/2	0.5	1/2	110	A-4	68	True	P3-Staff2	1	110.0	0.5	138.0	viio/V	True	('D', 'F', 'A-')	D	D	0.0	diminished triad	(2, 5, 8)	A-	E-	7	5
164.5	329/2	0.5	1/2	110	D3	50	True	P3-Staff2	6	110.0	0.5	138.0	viio/V	True	('D', 'F', 'A-')	D	D	0.0	diminished triad	(2, 5, 8)	A-	E-	7	5
165.0	165	1.5	3/2	111	A-4	68	True	P3-Staff2	1	111.0	1.5	139.0	I	True	('E-', 'A-', 'C')	E-	A-	2.0	major triad	(0, 3, 8)	A-	A-	1	None
165.0	165	1.5	3/2	111	E-4	63	True	P3-Staff2	1	111.0	1.5	139.0	I	True	('E-', 'A-', 'C')	E-	A-	2.0	major triad	(0, 3, 8)	A-	A-	1	None
165.0	165	1.5	3/2	111	C4	60	True	P3-Staff2	1	111.0	1.5	139.0	I	True	('E-', 'A-', 'C')	E-	A-	2.0	major triad	(0, 3, 8)	A-	A-	1	None
165.0	165	1.5	3/2	111	E-4	63	True	P3-Staff2	1	111.0	1.5	139.0	I	True	('E-', 'A-', 'C')	E-	A-	2.0	major triad	(0, 3, 8)	A-	A-	1	None
165.0	165	1.5	3/2	111	A-4	68	True	P3-Staff2	1	111.0	1.5	139.0	I	True	('E-', 'A-', 'C')	E-	A-	2.0	major triad	(0, 3, 8)	A-	A-	1	None
165.0	165	1.5	3/2	111	E-2	39	True	P3-Staff2	6	111.0	1.5	139.0	I	True	('E-', 'A-', 'C')	E-	A-	2.0	major triad	(0, 3, 8)	A-	A-	1	None
165.5	331/2	0.5	1/2	111	A-3	56	True	P3-Staff2	5	111.0	1.5	139.0	I	False	('E-', 'A-', 'C')	E-	A-	2.0	major triad	(0, 3, 8)	A-	A-	1	None
166.0	166	0.5	1/2	111	E-3	51	True	P3-Staff2	5	111.0	1.5	139.0	I	False	('E-', 'A-', 'C')	E-	A-	2.0	major triad	(0, 3, 8)	A-	A-	1	None
166.5	333/2	1.5	3/2	112	F4	65	True	P3-Staff2	1	112.0	1.5	140.0	viio7/V	True	('F', 'A-', 'C-', 'D')	F	D	1.0	diminished seventh chord	(2, 5, 8, 11)	A-	E-	7	5
166.5	333/2	1.5	3/2	112	F4	65	True	P3-Staff2	1	112.0	1.5	140.0	viio7/V	True	('F', 'A-', 'C-', 'D')	F	D	1.0	diminished seventh chord	(2, 5, 8, 11)	A-	E-	7	5
166.5	333/2	1.5	3/2	112	C-4	59	True	P3-Staff2	1	112.0	1.5	140.0	viio7/V	True	('F', 'A-', 'C-', 'D')	F	D	1.0	diminished seventh chord	(2, 5, 8, 11)	A-	E-	7	5
166.5	333/2	1.5	3/2	112	D4	62	True	P3-Staff2	1	112.0	1.5	140.0	viio7/V	True	('F', 'A-', 'C-', 'D')	F	D	1.0	diminished seventh chord	(2, 5, 8, 11)	A-	E-	7	5
166.5	333/2	1.5	3/2	112	F4	65	True	P3-Staff2	1	112.0	1.5	140.0	viio7/V	True	('F', 'A-', 'C-', 'D')	F	D	1.0	diminished seventh chord	(2, 5, 8, 11)	A-	E-	7	5
166.5	333/2	1.5	3/2	112	E-2	39	True	P3-Staff2	6	112.0	1.5	140.0	viio7/V	True	('F', 'A-', 'C-', 'D')	F	D	1.0	diminished seventh chord	(2, 5, 8, 11)	A-	E-	7	5
167.0	167	0.5	1/2	112	A-3	56	True	P3-Staff2	5	112.0	1.5	140.0	viio7/V	False	('F', 'A-', 'C-', 'D')	F	D	1.0	diminished seventh chord	(2, 5, 8, 11)	A-	E-	7	5
167.5	335/2	0.5	1/2	112	F3	53	True	P3-Staff2	5	112.0	1.5	140.0	viio7/V	False	('F', 'A-', 'C-', 'D')	F	D	1.0	diminished seventh chord	(2, 5, 8, 11)	A-	E-	7	5
168.0	168	1.5	3/2	113	E-5	75	True	P3-Staff2	1	113.0	1.5	141.0	viio7/vii	True	('E-', 'F#', 'A', 'C')	E-	F#	3.0	diminished seventh chord	(0, 3, 6, 9)	A-	g	#7	7
168.0	168	1.5	3/2	113	F#4	66	True	P3-Staff2	1	113.0	1.5	141.0	viio7/vii	True	('E-', 'F#', 'A', 'C')	E-	F#	3.0	diminished seventh chord	(0, 3, 6, 9)	A-	g	#7	7
168.0	168	1.5	3/2	113	E-4	63	True	P3-Staff2	1	113.0	1.5	141.0	viio7/vii	True	('E-', 'F#', 'A', 'C')	E-	F#	3.0	diminished seventh chord	(0, 3, 6, 9)	A-	g	#7	7
168.0	168	1.5	3/2	113	F#4	66	True	P3-Staff2	1	113.0	1.5	141.0	viio7/vii	True	('E-', 'F#', 'A', 'C')	E-	F#	3.0	diminished seventh chord	(0, 3, 6, 9)	A-	g	#7	7
168.0	168	1.5	3/2	113	A4	69	True	P3-Staff2	1	113.0	1.5	141.0	viio7/vii	True	('E-', 'F#', 'A', 'C')	E-	F#	3.0	diminished seventh chord	(0, 3, 6, 9)	A-	g	#7	7
168.0	168	1.5	3/2	113	C5	72	True	P3-Staff2	1	113.0	1.5	141.0	viio7/vii	True	('E-', 'F#', 'A', 'C')	E-	F#	3.0	diminished seventh chord	(0, 3, 6, 9)	A-	g	#7	7
168.0	168	1.5	3/2	113	E-5	75	True	P3-Staff2	1	113.0	1.5	141.0	viio7/vii	True	('E-', 'F#', 'A', 'C')	E-	F#	3.0	diminished seventh chord	(0, 3, 6, 9)	A-	g	#7	7
168.0	168	1.5	3/2	113	E-2	39	True	P3-Staff2	6	113.0	1.5	141.0	viio7/vii	True	('E-', 'F#', 'A', 'C')	E-	F#	3.0	diminished seventh chord	(0, 3, 6, 9)	A-	g	#7	7
168.5	337/2	0.5	1/2	113	C4	60	True	P3-Staff2	5	113.0	1.5	141.0	viio7/vii	False	('E-', 'F#', 'A', 'C')	E-	F#	3.0	diminished seventh chord	(0, 3, 6, 9)	A-	g	#7	7
169.0	169	0.5	1/2	113	E-3	51	True	P3-Staff2	5	113.0	1.5	141.0	viio7/vii	False	('E-', 'F#', 'A', 'C')	E-	F#	3.0	diminished seventh chord	(0, 3, 6, 9)	A-	g	#7	7
169.5	339/2	1.5	3/2	114	C5	72	True	P3-Staff2	1	114.0	1.5	142.0	iii	True	('E-', 'G', 'C')	E-	C	1.0	minor triad	(0, 3, 7)	A-	A-	3	None
169.5	339/2	1.5	3/2	114	G4	67	True	P3-Staff2	1	114.0	1.5	142.0	iii	True	('E-', 'G', 'C')	E-	C	1.0	minor triad	(0, 3, 7)	A-	A-	3	None
169.5	339/2	1.5	3/2	114	D-4	61	True	P3-Staff2	1	114.0	1.5	142.0	iii	True	('E-', 'G', 'C')	E-	C	1.0	minor triad	(0, 3, 7)	A-	A-	3	None
169.5	339/2	1.5	3/2	114	G4	67	True	P3-Staff2	1	114.0	1.5	142.0	iii	True	('E-', 'G', 'C')	E-	C	1.0	minor triad	(0, 3, 7)	A-	A-	3	None
169.5	339/2	1.5	3/2	114	C5	72	True	P3-Staff2	1	114.0	1.5	142.0	iii	True	('E-', 'G', 'C')	E-	C	1.0	minor triad	(0, 3, 7)	A-	A-	3	None
169.5	339/2	1.5	3/2	114	E-1	27	True	P3-Staff2	1	114.0	1.5	142.0	iii	True	('E-', 'G', 'C')	E-	C	1.0	minor triad	(0, 3, 7)	A-	A-	3	None
169.5	339/2	1.5	3/2	114	E-2	39	True	P3-Staff2	1	114.0	1.5	142.0	iii	True	('E-', 'G', 'C')	E-	C	1.0	minor triad	(0, 3, 7)	A-	A-	3	None
170.0	170	0.5	1/2	114	G3	55	True	P3-Staff2	5	114.0	1.5	142.0	iii	False	('E-', 'G', 'C')	E-	C	1.0	minor triad	(0, 3, 7)	A-	A-	3	None
170.5	341/2	0.5	1/2	114	E-3	51	True	P3-Staff2	5	114.0	1.5	142.0	iii	False	('E-', 'G', 'C')	E-	C	1.0	minor triad	(0, 3, 7)	A-	A-	3	None
171.0	171	1.5	3/2	115	A-4	68	True	P3-Staff2	1	115.0	1.5	143.0	I	True	('A-', 'C', 'E-')	A-	A-	0.0	major triad	(0, 3, 8)	A-	A-	1	None
171.0	171	1.5	3/2	115	A-4	68	True	P3-Staff2	1	115.0	1.5	143.0	I	True	('A-', 'C', 'E-')	A-	A-	0.0	major triad	(0, 3, 8)	A-	A-	1	None
171.0	171	1.0	1	115	E-4	63	True	P3-Staff2	1	115.0	1.5	143.0	I	True	('A-', 'C', 'E-')	A-	A-	0.0	major triad	(0, 3, 8)	A-	A-	1	None
171.0	171	1.0	1	115	A-4	68	True	P3-Staff2	1	115.0	1.5	143.0	I	True	('A-', 'C', 'E-')	A-	A-	0.0	major triad	(0, 3, 8)	A-	A-	1	None
171.0	171	1.0	1	115	C5	72	True	P3-Staff2	1	115.0	1.5	143.0	I	True	('A-', 'C', 'E-')	A-	A-	0.0	major triad	(0, 3, 8)	A-	A-	1	None
171.0	171	1.5	3/2	115	A-2	44	True	P3-Staff2	6	115.0	1.5	143.0	I	True	('A-', 'C', 'E-')	A-	A-	0.0	major triad	(0, 3, 8)	A-	A-	1	None
171.5	343/2	0.5	1/2	115	A-3	56	True	P3-Staff2	5	115.0	1.5	143.0	I	False	('A-', 'C', 'E-')	A-	A-	0.0	major triad	(0, 3, 8)	A-	A-	1	None
172.0	172	0.5	1/2	115	A-4	68	True	P3-Staff2	1	115.0	1.5	143.0	I	False	('A-', 'C', 'E-')	A-	A-	0.0	major triad	(0, 3, 8)	A-	A-	1	None
172.0	172	0.5	1/2	115	C5	72	True	P3-Staff2	1	115.0	1.5	143.0	I	False	('A-', 'C', 'E-')	A-	A-	0.0	major triad	(0, 3, 8)	A-	A-	1	None
172.0	172	0.5	1/2	115	E-5	75	True	P3-Staff2	1	115.0	1.5	143.0	I	False	('A-', 'C', 'E-')	A-	A-	0.0	major triad	(0, 3, 8)	A-	A-	1	None
172.0	172	0.5	1/2	115	E-3	51	True	P3-Staff2	5	115.0	1.5	143.0	I	False	('A-', 'C', 'E-')	A-	A-	0.0	major triad	(0, 3, 8)	A-	A-	1	None
172.5	345/2	1.5	3/2	116	E-4	63	True	P3-Staff2	1	116.0	1.0	144.0	viiø7	True	('B-', 'D-', 'F', 'G')	B-	G	1.0	half-diminished seventh chord	(1, 5, 7, 10)	A-	A-	7	None
172.5	345/2	1.5	3/2	116	E-4	63	True	P3-Staff2	1	116.0	1.0	144.0	viiø7	True	('B-', 'D-', 'F', 'G')	B-	G	1.0	half-diminished seventh chord	(1, 5, 7, 10)	A-	A-	7	None
172.5	345/2	0.75	3/4	116	F4	65	True	P3-Staff2	1	116.0	1.0	144.0	viiø7	True	('B-', 'D-', 'F', 'G')	B-	G	1.0	half-diminished seventh chord	(1, 5, 7, 10)	A-	A-	7	None
172.5	345/2	0.75	3/4	116	D-5	73	True	P3-Staff2	1	116.0	1.0	144.0	viiø7	True	('B-', 'D-', 'F', 'G')	B-	G	1.0	half-diminished seventh chord	(1, 5, 7, 10)	A-	A-	7	None
172.5	345/2	1.5	3/2	116	G4	67	True	P3-Staff2	2	116.0	1.0	144.0	viiø7	True	('B-', 'D-', 'F', 'G')	B-	G	1.0	half-diminished seventh chord	(1, 5, 7, 10)	A-	A-	7	None
172.5	345/2	1.5	3/2	116	A-2	44	True	P3-Staff2	6	116.0	1.0	144.0	viiø7	True	('B-', 'D-', 'F', 'G')	B-	G	1.0	half-diminished seventh chord	(1, 5, 7, 10)	A-	A-	7	None
173.0	173	0.5	1/2	116	B-3	58	True	P3-Staff2	5	116.0	1.0	144.0	viiø7	False	('B-', 'D-', 'F', 'G')	B-	G	1.0	half-diminished seventh chord	(1, 5, 7, 10)	A-	A-	7	None
173.25	693/4	0.25	1/4	116	E-4	63	True	P3-Staff2	1	116.0	1.0	144.0	viiø7	False	('B-', 'D-', 'F', 'G')	B-	G	1.0	half-diminished seventh chord	(1, 5, 7, 10)	A-	A-	7	None
173.25	693/4	0.25	1/4	116	C5	72	True	P3-Staff2	1	116.0	1.0	144.0	viiø7	False	('B-', 'D-', 'F', 'G')	B-	G	1.0	half-diminished seventh chord	(1, 5, 7, 10)	A-	A-	7	None
173.5	347/2	0.5	1/2	116	D-4	61	True	P3-Staff2	1	116.0	0.5	145.0	V7	True	('E-', 'G', 'B-', 'D-')	E-	E-	0.0	dominant seventh chord	(1, 3, 7, 10)	A-	A-	5	None
173.5	347/2	0.5	1/2	116	B-4	70	True	P3-Staff2	1	116.0	0.5	145.0	V7	True	('E-', 'G', 'B-', 'D-')	E-	E-	0.0	dominant seventh chord	(1, 3, 7, 10)	A-	A-	5	None
173.5	347/2	0.5	1/2	116	E-3	51	True	P3-Staff2	5	116.0	0.5	145.0	V7	True	('E-', 'G', 'B-', 'D-')	E-	E-	0.0	dominant seventh chord	(1, 3, 7, 10)	A-	A-	5	None
174.0	174	1.5	3/2	117	A-4	68	True	P3-Staff2	1	117.0	1.5	146.0	I	True	('A-', 'C', 'E-')	A-	A-	0.0	major triad	(0, 3, 8)	A-	A-	1	None
174.0	174	1.5	3/2	117	A-4	68	True	P3-Staff2	1	117.0	1.5	146.0	I	True	('A-', 'C', 'E-')	A-	A-	0.0	major triad	(0, 3, 8)	A-	A-	1	None
174.0	174	1.0	1	117	E-4	63	True	P3-Staff2	1	117.0	1.5	146.0	I	True	('A-', 'C', 'E-')	A-	A-	0.0	major triad	(0, 3, 8)	A-	A-	1	None
174.0	174	1.0	1	117	A-4	68	True	P3-Staff2	1	117.0	1.5	146.0	I	True	('A-', 'C', 'E-')	A-	A-	0.0	major triad	(0, 3, 8)	A-	A-	1	None
174.0	174	1.0	1	117	C5	72	True	P3-Staff2	1	117.0	1.5	146.0	I	True	('A-', 'C', 'E-')	A-	A-	0.0	major triad	(0, 3, 8)	A-	A-	1	None
174.0	174	1.5	3/2	117	A-2	44	True	P3-Staff2	6	117.0	1.5	146.0	I	True	('A-', 'C', 'E-')	A-	A-	0.0	major triad	(0, 3, 8)	A-	A-	1	None
174.5	349/2	0.5	1/2	117	A-3	56	True	P3-Staff2	5	117.0	1.5	146.0	I	False	('A-', 'C', 'E-')	A-	A-	0.0	major triad	(0, 3, 8)	A-	A-	1	None
175.0	175	0.5	1/2	117	A-4	68	True	P3-Staff2	1	117.0	1.5	146.0	I	False	('A-', 'C', 'E-')	A-	A-	0.0	major triad	(0, 3, 8)	A-	A-	1	None
175.0	175	0.5	1/2	117	C5	72	True	P3-Staff2	1	117.0	1.5	146.0	I	False	('A-', 'C', 'E-')	A-	A-	0.0	major triad	(0, 3, 8)	A-	A-	1	None
175.0	175	0.5	1/2	117	E-5	75	True	P3-Staff2	1	117.0	1.5	146.0	I	False	('A-', 'C', 'E-')	A-	A-	0.0	major triad	(0, 3, 8)	A-	A-	1	None
175.0	175	0.5	1/2	117	E-3	51	True	P3-Staff2	5	117.0	1.5	146.0	I	False	('A-', 'C', 'E-')	A-	A-	0.0	major triad	(0, 3, 8)	A-	A-	1	None
175.5	351/2	1.5	3/2	118	E-5	75	True	P3-Staff2	1	118.0	1.0	147.0	viiø7	True	('B-', 'D-', 'F', 'G')	B-	G	1.0	half-diminished seventh chord	(1, 5, 7, 10)	A-	A-	7	None
175.5	351/2	1.5	3/2	118	E-5	75	True	P3-Staff2	1	118.0	1.0	147.0	viiø7	True	('B-', 'D-', 'F', 'G')	B-	G	1.0	half-diminished seventh chord	(1, 5, 7, 10)	A-	A-	7	None
175.5	351/2	0.75	3/4	118	F4	65	True	P3-Staff2	1	118.0	1.0	147.0	viiø7	True	('B-', 'D-', 'F', 'G')	B-	G	1.0	half-diminished seventh chord	(1, 5, 7, 10)	A-	A-	7	None
175.5	351/2	0.75	3/4	118	D-5	73	True	P3-Staff2	1	118.0	1.0	147.0	viiø7	True	('B-', 'D-', 'F', 'G')	B-	G	1.0	half-diminished seventh chord	(1, 5, 7, 10)	A-	A-	7	None
175.5	351/2	1.5	3/2	118	G4	67	True	P3-Staff2	2	118.0	1.0	147.0	viiø7	True	('B-', 'D-', 'F', 'G')	B-	G	1.0	half-diminished seventh chord	(1, 5, 7, 10)	A-	A-	7	None
175.5	351/2	1.5	3/2	118	A-2	44	True	P3-Staff2	6	118.0	1.0	147.0	viiø7	True	('B-', 'D-', 'F', 'G')	B-	G	1.0	half-diminished seventh chord	(1, 5, 7, 10)	A-	A-	7	None
176.0	176	0.5	1/2	118	B-3	58	True	P3-Staff2	5	118.0	1.0	147.0	viiø7	False	('B-', 'D-', 'F', 'G')	B-	G	1.0	half-diminished seventh chord	(1, 5, 7, 10)	A-	A-	7	None
176.25	705/4	0.25	1/4	118	E-4	63	True	P3-Staff2	1	118.0	1.0	147.0	viiø7	False	('B-', 'D-', 'F', 'G')	B-	G	1.0	half-diminished seventh chord	(1, 5, 7, 10)	A-	A-	7	None
176.25	705/4	0.25	1/4	118	C5	72	True	P3-Staff2	1	118.0	1.0	147.0	viiø7	False	('B-', 'D-', 'F', 'G')	B-	G	1.0	half-diminished seventh chord	(1, 5, 7, 10)	A-	A-	7	None
176.5	353/2	0.5	1/2	118	D-4	61	True	P3-Staff2	1	118.0	0.5	148.0	V7	True	('E-', 'G', 'B-', 'D-')	E-	E-	0.0	dominant seventh chord	(1, 3, 7, 10)	A-	A-	5	None
176.5	353/2	0.5	1/2	118	B-4	70	True	P3-Staff2	1	118.0	0.5	148.0	V7	True	('E-', 'G', 'B-', 'D-')	E-	E-	0.0	dominant seventh chord	(1, 3, 7, 10)	A-	A-	5	None
176.5	353/2	0.5	1/2	118	E-3	51	True	P3-Staff2	5	118.0	0.5	148.0	V7	True	('E-', 'G', 'B-', 'D-')	E-	E-	0.0	dominant seventh chord	(1, 3, 7, 10)	A-	A-	5	None
177.0	177	1.5	3/2	119	E-5	75	True	P3-Staff2	1	119.0	1.5	149.0	I	True	('A-', 'C', 'E-')	A-	A-	0.0	major triad	(0, 3, 8)	A-	A-	1	None
177.0	177	1.5	3/2	119	E-5	75	True	P3-Staff2	1	119.0	1.5	149.0	I	True	('A-', 'C', 'E-')	A-	A-	0.0	major triad	(0, 3, 8)	A-	A-	1	None
177.0	177	1.5	3/2	119	C4	60	True	P3-Staff2	1	119.0	1.5	149.0	I	True	('A-', 'C', 'E-')	A-	A-	0.0	major triad	(0, 3, 8)	A-	A-	1	None
177.0	177	1.5	3/2	119	E-4	63	True	P3-Staff2	1	119.0	1.5	149.0	I	True	('A-', 'C', 'E-')	A-	A-	0.0	major triad	(0, 3, 8)	A-	A-	1	None
177.0	177	1.5	3/2	119	A-4	68	True	P3-Staff2	1	119.0	1.5	149.0	I	True	('A-', 'C', 'E-')	A-	A-	0.0	major triad	(0, 3, 8)	A-	A-	1	None
177.0	177	1.5	3/2	119	C5	72	True	P3-Staff2	1	119.0	1.5	149.0	I	True	('A-', 'C', 'E-')	A-	A-	0.0	major triad	(0, 3, 8)	A-	A-	1	None
177.0	177	1.5	3/2	119	A-2	44	True	P3-Staff2	6	119.0	1.5	149.0	I	True	('A-', 'C', 'E-')	A-	A-	0.0	major triad	(0, 3, 8)	A-	A-	1	None
177.5	355/2	0.5	1/2	119	A-3	56	True	P3-Staff2	5	119.0	1.5	149.0	I	False	('A-', 'C', 'E-')	A-	A-	0.0	major triad	(0, 3, 8)	A-	A-	1	None
178.0	178	0.5	1/2	119	E-3	51	True	P3-Staff2	5	119.0	1.5	149.0	I	False	('A-', 'C', 'E-')	A-	A-	0.0	major triad	(0, 3, 8)	A-	A-	1	None
178.5	357/2	1.5	3/2	120	E-5	75	False	P3-Staff2	1	120.0	1.5	150.0	I	True	('A-', 'C', 'E-')	A-	A-	0.0	major triad	(0, 3, 8)	A-	A-	1	None
178.5	357/2	1.5	3/2	120	E-5	75	False	P3-Staff2	1	120.0	1.5	150.0	I	True	('A-', 'C', 'E-')	A-	A-	0.0	major triad	(0, 3, 8)	A-	A-	1	None
178.5	357/2	1.5	3/2	120	E-4	63	True	P3-Staff2	1	120.0	1.5	150.0	I	True	('A-', 'C', 'E-')	A-	A-	0.0	major triad	(0, 3, 8)	A-	A-	1	None
178.5	357/2	1.5	3/2	120	B-4	70	True	P3-Staff2	1	120.0	1.5	150.0	I	True	('A-', 'C', 'E-')	A-	A-	0.0	major triad	(0, 3, 8)	A-	A-	1	None
178.5	357/2	1.5	3/2	120	E-5	75	True	P3-Staff2	1	120.0	1.5	150.0	I	True	('A-', 'C', 'E-')	A-	A-	0.0	major triad	(0, 3, 8)	A-	A-	1	None
178.5	357/2	1.5	3/2	120	A-2	44	True	P3-Staff2	6	120.0	1.5	150.0	I	True	('A-', 'C', 'E-')	A-	A-	0.0	major triad	(0, 3, 8)	A-	A-	1	None
179.0	179	0.5	1/2	120	B-3	58	True	P3-Staff2	5	120.0	1.5	150.0	I	False	('A-', 'C', 'E-')	A-	A-	0.0	major triad	(0, 3, 8)	A-	A-	1	None
179.5	359/2	0.5	1/2	120	E-3	51	True	P3-Staff2	5	120.0	1.5	150.0	I	False	('A-', 'C', 'E-')	A-	A-	0.0	major triad	(0, 3, 8)	A-	A-	1	None
180.0	180	1.5	3/2	121	E-5	75	False	P3-Staff2	1	121.0	1.5	151.0	vi	True	('F', 'A-', 'C')	F	F	0.0	minor triad	(0, 5, 8)	A-	A-	6	None
180.0	180	1.5	3/2	121	E-5	75	False	P3-Staff2	1	121.0	1.5	151.0	vi	True	('F', 'A-', 'C')	F	F	0.0	minor triad	(0, 5, 8)	A-	A-	6	None
180.0	180	1.5	3/2	121	A-4	68	True	P3-Staff2	1	121.0	1.5	151.0	vi	True	('F', 'A-', 'C')	F	F	0.0	minor triad	(0, 5, 8)	A-	A-	6	None
180.0	180	1.5	3/2	121	C5	72	True	P3-Staff2	1	121.0	1.5	151.0	vi	True	('F', 'A-', 'C')	F	F	0.0	minor triad	(0, 5, 8)	A-	A-	6	None
180.0	180	1.5	3/2	121	F5	77	True	P3-Staff2	1	121.0	1.5	151.0	vi	True	('F', 'A-', 'C')	F	F	0.0	minor triad	(0, 5, 8)	A-	A-	6	None
180.0	180	1.5	3/2	121	A-5	80	True	P3-Staff2	1	121.0	1.5	151.0	vi	True	('F', 'A-', 'C')	F	F	0.0	minor triad	(0, 5, 8)	A-	A-	6	None
180.0	180	1.5	3/2	121	F2	41	True	P3-Staff2	6	121.0	1.5	151.0	vi	True	('F', 'A-', 'C')	F	F	0.0	minor triad	(0, 5, 8)	A-	A-	6	None
180.5	361/2	0.5	1/2	121	F3	53	True	P3-Staff2	1	121.0	1.5	151.0	vi	False	('F', 'A-', 'C')	F	F	0.0	minor triad	(0, 5, 8)	A-	A-	6	None
180.5	361/2	0.5	1/2	121	A-3	56	True	P3-Staff2	1	121.0	1.5	151.0	vi	False	('F', 'A-', 'C')	F	F	0.0	minor triad	(0, 5, 8)	A-	A-	6	None
181.0	181	0.5	1/2	121	C3	48	True	P3-Staff2	5	121.0	1.5	151.0	vi	False	('F', 'A-', 'C')	F	F	0.0	minor triad	(0, 5, 8)	A-	A-	6	None
181.5	363/2	1.5	3/2	122	E-5	75	False	P3-Staff2	1	122.0	1.5	152.0	V	True	('E-', 'G', 'B-')	E-	E-	0.0	major triad	(3, 7, 10)	A-	A-	5	None
181.5	363/2	1.5	3/2	122	E-5	75	False	P3-Staff2	1	122.0	1.5	152.0	V	True	('E-', 'G', 'B-')	E-	E-	0.0	major triad	(3, 7, 10)	A-	A-	5	None
181.5	363/2	1.5	3/2	122	E-5	75	True	P3-Staff2	1	122.0	1.5	152.0	V	True	('E-', 'G', 'B-')	E-	E-	0.0	major triad	(3, 7, 10)	A-	A-	5	None
181.5	363/2	1.5	3/2	122	G5	79	True	P3-Staff2	1	122.0	1.5	152.0	V	True	('E-', 'G', 'B-')	E-	E-	0.0	major triad	(3, 7, 10)	A-	A-	5	None
181.5	363/2	1.5	3/2	122	B-5	82	True	P3-Staff2	1	122.0	1.5	152.0	V	True	('E-', 'G', 'B-')	E-	E-	0.0	major triad	(3, 7, 10)	A-	A-	5	None
181.5	363/2	1.5	3/2	122	E-6	87	True	P3-Staff2	1	122.0	1.5	152.0	V	True	('E-', 'G', 'B-')	E-	E-	0.0	major triad	(3, 7, 10)	A-	A-	5	None
181.5	363/2	1.5	3/2	122	E-2	39	True	P3-Staff2	6	122.0	1.5	152.0	V	True	('E-', 'G', 'B-')	E-	E-	0.0	major triad	(3, 7, 10)	A-	A-	5	None
182.0	182	0.5	1/2	122	G3	55	True	P3-Staff2	1	122.0	1.5	152.0	V	False	('E-', 'G', 'B-')	E-	E-	0.0	major triad	(3, 7, 10)	A-	A-	5	None
182.0	182	0.5	1/2	122	B-3	58	True	P3-Staff2	1	122.0	1.5	152.0	V	False	('E-', 'G', 'B-')	E-	E-	0.0	major triad	(3, 7, 10)	A-	A-	5	None
182.5	365/2	0.5	1/2	122	E-3	51	True	P3-Staff2	5	122.0	1.5	152.0	V	False	('E-', 'G', 'B-')	E-	E-	0.0	major triad	(3, 7, 10)	A-	A-	5	None
183.0	183	1.0	1	123	E-5	75	False	P3-Staff2	1	123.0	1.5	153.0	I	True	('A-', 'C', 'E-')	A-	A-	0.0	major triad	(0, 3, 8)	A-	A-	1	None
183.0	183	1.0	1	123	E-5	75	False	P3-Staff2	1	123.0	1.5	153.0	I	True	('A-', 'C', 'E-')	A-	A-	0.0	major triad	(0, 3, 8)	A-	A-	1	None
183.0	183	1.5	3/2	123	A-5	80	True	P3-Staff2	1	123.0	1.5	153.0	I	True	('A-', 'C', 'E-')	A-	A-	0.0	major triad	(0, 3, 8)	A-	A-	1	None
183.0	183	1.5	3/2	123	C6	84	True	P3-Staff2	1	123.0	1.5	153.0	I	True	('A-', 'C', 'E-')	A-	A-	0.0	major triad	(0, 3, 8)	A-	A-	1	None
183.0	183	1.5	3/2	123	E-6	87	True	P3-Staff2	1	123.0	1.5	153.0	I	True	('A-', 'C', 'E-')	A-	A-	0.0	major triad	(0, 3, 8)	A-	A-	1	None
183.0	183	1.5	3/2	123	A-6	92	True	P3-Staff2	1	123.0	1.5	153.0	I	True	('A-', 'C', 'E-')	A-	A-	0.0	major triad	(0, 3, 8)	A-	A-	1	None
183.0	183	1.5	3/2	123	A-1	32	True	P3-Staff2	1	123.0	1.5	153.0	I	True	('A-', 'C', 'E-')	A-	A-	0.0	major triad	(0, 3, 8)	A-	A-	1	None
183.0	183	1.5	3/2	123	A-2	44	True	P3-Staff2	1	123.0	1.5	153.0	I	True	('A-', 'C', 'E-')	A-	A-	0.0	major triad	(0, 3, 8)	A-	A-	1	None
183.5	367/2	0.5	1/2	123	A-3	56	True	P3-Staff2	1	123.0	1.5	153.0	I	False	('A-', 'C', 'E-')	A-	A-	0.0	major triad	(0, 3, 8)	A-	A-	1	None
183.5	367/2	0.5	1/2	123	C4	60	True	P3-Staff2	1	123.0	1.5	153.0	I	False	('A-', 'C', 'E-')	A-	A-	0.0	major triad	(0, 3, 8)	A-	A-	1	None
184.0	184	0.5	1/2	123	E-3	51	True	P3-Staff2	5	123.0	1.5	153.0	I	False	('A-', 'C', 'E-')	A-	A-	0.0	major triad	(0, 3, 8)	A-	A-	1	None
184.5	369/2	1.5	3/2	124	A-5	80	False	P3-Staff2	1	123.0	1.5	153.0	I	False	('A-', 'C', 'E-')	A-	A-	0.0	major triad	(0, 3, 8)	A-	A-	1	None
184.5	369/2	1.5	3/2	124	C6	84	False	P3-Staff2	1	123.0	1.5	153.0	I	False	('A-', 'C', 'E-')	A-	A-	0.0	major triad	(0, 3, 8)	A-	A-	1	None
184.5	369/2	1.5	3/2	124	E-6	87	False	P3-Staff2	1	123.0	1.5	153.0	I	False	('A-', 'C', 'E-')	A-	A-	0.0	major triad	(0, 3, 8)	A-	A-	1	None
184.5	369/2	1.5	3/2	124	A-6	92	False	P3-Staff2	1	123.0	1.5	153.0	I	False	('A-', 'C', 'E-')	A-	A-	0.0	major triad	(0, 3, 8)	A-	A-	1	None
184.5	369/2	1.5	3/2	124	A-1	32	True	P3-Staff2	1	123.0	1.5	153.0	I	False	('A-', 'C', 'E-')	A-	A-	0.0	major triad	(0, 3, 8)	A-	A-	1	None
184.5	369/2	1.5	3/2	124	A-2	44	True	P3-Staff2	1	123.0	1.5	153.0	I	False	('A-', 'C', 'E-')	A-	A-	0.0	major triad	(0, 3, 8)	A-	A-	1	None
185.0	185	0.5	1/2	124	A-3	56	True	P3-Staff2	1	123.0	1.5	153.0	I	False	('A-', 'C', 'E-')	A-	A-	0.0	major triad	(0, 3, 8)	A-	A-	1	None
185.0	185	0.5	1/2	124	C4	60	True	P3-Staff2	1	123.0	1.5	153.0	I	False	('A-', 'C', 'E-')	A-	A-	0.0	major triad	(0, 3, 8)	A-	A-	1	None
185.5	371/2	0.5	1/2	124	E-3	51	True	P3-Staff2	5	123.0	1.5	153.0	I	False	('A-', 'C', 'E-')	A-	A-	0.0	major triad	(0, 3, 8)	A-	A-	1	None
186.0	186	0.5	1/2	125	A-5	80	False	P3-Staff2	1	123.0	1.5	153.0	I	False	('A-', 'C', 'E-')	A-	A-	0.0	major triad	(0, 3, 8)	A-	A-	1	None
186.0	186	0.5	1/2	125	C6	84	False	P3-Staff2	1	123.0	1.5	153.0	I	False	('A-', 'C', 'E-')	A-	A-	0.0	major triad	(0, 3, 8)	A-	A-	1	None
186.0	186	0.5	1/2	125	E-6	87	False	P3-Staff2	1	123.0	1.5	153.0	I	False	('A-', 'C', 'E-')	A-	A-	0.0	major triad	(0, 3, 8)	A-	A-	1	None
186.0	186	0.5	1/2	125	A-6	92	False	P3-Staff2	1	123.0	1.5	153.0	I	False	('A-', 'C', 'E-')	A-	A-	0.0	major triad	(0, 3, 8)	A-	A-	1	None
186.0	186	0.5	1/2	125	A-1	32	True	P3-Staff2	1	123.0	1.5	153.0	I	False	('A-', 'C', 'E-')	A-	A-	0.0	major triad	(0, 3, 8)	A-	A-	1	None
186.0	186	1.5	1/2	125	A-2	44	True	P3-Staff2	1	123.0	1.5	153.0	I	False	('A-', 'C', 'E-')	A-	A-	0.0	major triad	(0, 3, 8)	A-	A-	1	None
