j_offset	s_duration	s_measure	s_note	s_midi	s_isOnset	a_measure	a_duration	a_annotationNumber	a_romanNumeral	a_isOnset	a_pitchNames	a_bass	a_root	a_inversion	a_quality	a_pcset	a_localKey	a_tonicizedKey	a_degree1	a_degree2
0.0	0.5	1	B-3	58	True	1.0	3.0	0.0	I	True	('E-', 'G', 'B-')	E-	E-	0.0	major triad	(3, 7, 10)	E-	E-	1	None
0.0	0.5	1	E-4	63	True	1.0	3.0	0.0	I	True	('E-', 'G', 'B-')	E-	E-	0.0	major triad	(3, 7, 10)	E-	E-	1	None
0.0	0.5	1	G4	67	True	1.0	3.0	0.0	I	True	('E-', 'G', 'B-')	E-	E-	0.0	major triad	(3, 7, 10)	E-	E-	1	None
0.0	0.5	1	B-4	70	True	1.0	3.0	0.0	I	True	('E-', 'G', 'B-')	E-	E-	0.0	major triad	(3, 7, 10)	E-	E-	1	None
0.0	3.0	1	E-1	27	True	1.0	3.0	0.0	I	True	('E-', 'G', 'B-')	E-	E-	0.0	major triad	(3, 7, 10)	E-	E-	1	None
0.0	3.0	1	E-2	39	True	1.0	3.0	0.0	I	True	('E-', 'G', 'B-')	E-	E-	0.0	major triad	(3, 7, 10)	E-	E-	1	None
0.5	0.5	1	B-3	58	True	1.0	3.0	0.0	I	False	('E-', 'G', 'B-')	E-	E-	0.0	major triad	(3, 7, 10)	E-	E-	1	None
0.5	0.5	1	E-4	63	True	1.0	3.0	0.0	I	False	('E-', 'G', 'B-')	E-	E-	0.0	major triad	(3, 7, 10)	E-	E-	1	None
0.5	0.5	1	G4	67	True	1.0	3.0	0.0	I	False	('E-', 'G', 'B-')	E-	E-	0.0	major triad	(3, 7, 10)	E-	E-	1	None
0.5	0.5	1	B-4	70	True	1.0	3.0	0.0	I	False	('E-', 'G', 'B-')	E-	E-	0.0	major triad	(3, 7, 10)	E-	E-	1	None
1.0	0.5	1	B-3	58	True	1.0	3.0	0.0	I	False	('E-', 'G', 'B-')	E-	E-	0.0	major triad	(3, 7, 10)	E-	E-	1	None
1.0	0.5	1	E-4	63	True	1.0	3.0	0.0	I	False	('E-', 'G', 'B-')	E-	E-	0.0	major triad	(3, 7, 10)	E-	E-	1	None
1.0	0.5	1	G4	67	True	1.0	3.0	0.0	I	False	('E-', 'G', 'B-')	E-	E-	0.0	major triad	(3, 7, 10)	E-	E-	1	None
1.0	0.5	1	B-4	70	True	1.0	3.0	0.0	I	False	('E-', 'G', 'B-')	E-	E-	0.0	major triad	(3, 7, 10)	E-	E-	1	None
1.5	0.5	1	B-3	58	True	1.0	3.0	0.0	I	False	('E-', 'G', 'B-')	E-	E-	0.0	major triad	(3, 7, 10)	E-	E-	1	None
1.5	0.5	1	E-4	63	True	1.0	3.0	0.0	I	False	('E-', 'G', 'B-')	E-	E-	0.0	major triad	(3, 7, 10)	E-	E-	1	None
1.5	0.5	1	G4	67	True	1.0	3.0	0.0	I	False	('E-', 'G', 'B-')	E-	E-	0.0	major triad	(3, 7, 10)	E-	E-	1	None
1.5	0.5	1	B-4	70	True	1.0	3.0	0.0	I	False	('E-', 'G', 'B-')	E-	E-	0.0	major triad	(3, 7, 10)	E-	E-	1	None
2.0	0.5	1	B-3	58	True	1.0	3.0	0.0	I	False	('E-', 'G', 'B-')	E-	E-	0.0	major triad	(3, 7, 10)	E-	E-	1	None
2.0	0.5	1	E-4	63	True	1.0	3.0	0.0	I	False	('E-', 'G', 'B-')	E-	E-	0.0	major triad	(3, 7, 10)	E-	E-	1	None
2.0	0.5	1	G4	67	True	1.0	3.0	0.0	I	False	('E-', 'G', 'B-')	E-	E-	0.0	major triad	(3, 7, 10)	E-	E-	1	None
2.0	0.5	1	B-4	70	True	1.0	3.0	0.0	I	False	('E-', 'G', 'B-')	E-	E-	0.0	major triad	(3, 7, 10)	E-	E-	1	None
2.5	0.5	1	B-3	58	True	1.0	3.0	0.0	I	False	('E-', 'G', 'B-')	E-	E-	0.0	major triad	(3, 7, 10)	E-	E-	1	None
2.5	0.5	1	E-4	63	True	1.0	3.0	0.0	I	False	('E-', 'G', 'B-')	E-	E-	0.0	major triad	(3, 7, 10)	E-	E-	1	None
2.5	0.5	1	G4	67	True	1.0	3.0	0.0	I	False	('E-', 'G', 'B-')	E-	E-	0.0	major triad	(3, 7, 10)	E-	E-	1	None
2.5	0.5	1	B-4	70	True	1.0	3.0	0.0	I	False	('E-', 'G', 'B-')	E-	E-	0.0	major triad	(3, 7, 10)	E-	E-	1	None
3.0	0.5	2	B-3	58	True	2.0	3.0	1.0	I	True	('E-', 'G', 'B-')	E-	E-	0.0	major triad	(3, 7, 10)	E-	E-	1	None
3.0	0.5	2	E-4	63	True	2.0	3.0	1.0	I	True	('E-', 'G', 'B-')	E-	E-	0.0	major triad	(3, 7, 10)	E-	E-	1	None
3.0	0.5	2	G4	67	True	2.0	3.0	1.0	I	True	('E-', 'G', 'B-')	E-	E-	0.0	major triad	(3, 7, 10)	E-	E-	1	None
3.0	0.5	2	B-4	70	True	2.0	3.0	1.0	I	True	('E-', 'G', 'B-')	E-	E-	0.0	major triad	(3, 7, 10)	E-	E-	1	None
3.0	3.0	2	E-1	27	False	2.0	3.0	1.0	I	True	('E-', 'G', 'B-')	E-	E-	0.0	major triad	(3, 7, 10)	E-	E-	1	None
3.0	3.0	2	E-2	39	False	2.0	3.0	1.0	I	True	('E-', 'G', 'B-')	E-	E-	0.0	major triad	(3, 7, 10)	E-	E-	1	None
3.5	0.5	2	B-3	58	True	2.0	3.0	1.0	I	False	('E-', 'G', 'B-')	E-	E-	0.0	major triad	(3, 7, 10)	E-	E-	1	None
3.5	0.5	2	E-4	63	True	2.0	3.0	1.0	I	False	('E-', 'G', 'B-')	E-	E-	0.0	major triad	(3, 7, 10)	E-	E-	1	None
3.5	0.5	2	G4	67	True	2.0	3.0	1.0	I	False	('E-', 'G', 'B-')	E-	E-	0.0	major triad	(3, 7, 10)	E-	E-	1	None
3.5	0.5	2	B-4	70	True	2.0	3.0	1.0	I	False	('E-', 'G', 'B-')	E-	E-	0.0	major triad	(3, 7, 10)	E-	E-	1	None
4.0	0.5	2	B-3	58	True	2.0	3.0	1.0	I	False	('E-', 'G', 'B-')	E-	E-	0.0	major triad	(3, 7, 10)	E-	E-	1	None
4.0	0.5	2	E-4	63	True	2.0	3.0	1.0	I	False	('E-', 'G', 'B-')	E-	E-	0.0	major triad	(3, 7, 10)	E-	E-	1	None
4.0	0.5	2	G4	67	True	2.0	3.0	1.0	I	False	('E-', 'G', 'B-')	E-	E-	0.0	major triad	(3, 7, 10)	E-	E-	1	None
4.0	0.5	2	B-4	70	True	2.0	3.0	1.0	I	False	('E-', 'G', 'B-')	E-	E-	0.0	major triad	(3, 7, 10)	E-	E-	1	None
4.5	0.5	2	B-3	58	True	2.0	3.0	1.0	I	False	('E-', 'G', 'B-')	E-	E-	0.0	major triad	(3, 7, 10)	E-	E-	1	None
4.5	0.5	2	E-4	63	True	2.0	3.0	1.0	I	False	('E-', 'G', 'B-')	E-	E-	0.0	major triad	(3, 7, 10)	E-	E-	1	None
4.5	0.5	2	G4	67	True	2.0	3.0	1.0	I	False	('E-', 'G', 'B-')	E-	E-	0.0	major triad	(3, 7, 10)	E-	E-	1	None
4.5	0.5	2	B-4	70	True	2.0	3.0	1.0	I	False	('E-', 'G', 'B-')	E-	E-	0.0	major triad	(3, 7, 10)	E-	E-	1	None
5.0	0.5	2	B-3	58	True	2.0	3.0	1.0	I	False	('E-', 'G', 'B-')	E-	E-	0.0	major triad	(3, 7, 10)	E-	E-	1	None
5.0	0.5	2	E-4	63	True	2.0	3.0	1.0	I	False	('E-', 'G', 'B-')	E-	E-	0.0	major triad	(3, 7, 10)	E-	E-	1	None
5.0	0.5	2	G4	67	True	2.0	3.0	1.0	I	False	('E-', 'G', 'B-')	E-	E-	0.0	major triad	(3, 7, 10)	E-	E-	1	None
5.0	0.5	2	B-4	70	True	2.0	3.0	1.0	I	False	('E-', 'G', 'B-')	E-	E-	0.0	major triad	(3, 7, 10)	E-	E-	1	None
5.5	0.5	2	B-3	58	True	2.0	3.0	1.0	I	False	('E-', 'G', 'B-')	E-	E-	0.0	major triad	(3, 7, 10)	E-	E-	1	None
5.5	0.5	2	E-4	63	True	2.0	3.0	1.0	I	False	('E-', 'G', 'B-')	E-	E-	0.0	major triad	(3, 7, 10)	E-	E-	1	None
5.5	0.5	2	G4	67	True	2.0	3.0	1.0	I	False	('E-', 'G', 'B-')	E-	E-	0.0	major triad	(3, 7, 10)	E-	E-	1	None
5.5	0.5	2	B-4	70	True	2.0	3.0	1.0	I	False	('E-', 'G', 'B-')	E-	E-	0.0	major triad	(3, 7, 10)	E-	E-	1	None
6.0	0.5	3	E-5	75	True	3.0	3.0	2.0	I	True	('B-', 'E-', 'G')	B-	E-	2.0	major triad	(3, 7, 10)	E-	E-	1	None
6.0	0.5	3	B-3	58	True	3.0	3.0	2.0	I	True	('B-', 'E-', 'G')	B-	E-	2.0	major triad	(3, 7, 10)	E-	E-	1	None
6.0	0.5	3	E-4	63	True	3.0	3.0	2.0	I	True	('B-', 'E-', 'G')	B-	E-	2.0	major triad	(3, 7, 10)	E-	E-	1	None
6.0	0.5	3	G4	67	True	3.0	3.0	2.0	I	True	('B-', 'E-', 'G')	B-	E-	2.0	major triad	(3, 7, 10)	E-	E-	1	None
6.0	0.5	3	B-4	70	True	3.0	3.0	2.0	I	True	('B-', 'E-', 'G')	B-	E-	2.0	major triad	(3, 7, 10)	E-	E-	1	None
6.5	0.5	3	D5	74	True	3.0	3.0	2.0	I	False	('B-', 'E-', 'G')	B-	E-	2.0	major triad	(3, 7, 10)	E-	E-	1	None
6.5	0.5	3	B-3	58	True	3.0	3.0	2.0	I	False	('B-', 'E-', 'G')	B-	E-	2.0	major triad	(3, 7, 10)	E-	E-	1	None
6.5	0.5	3	E-4	63	True	3.0	3.0	2.0	I	False	('B-', 'E-', 'G')	B-	E-	2.0	major triad	(3, 7, 10)	E-	E-	1	None
6.5	0.5	3	G4	67	True	3.0	3.0	2.0	I	False	('B-', 'E-', 'G')	B-	E-	2.0	major triad	(3, 7, 10)	E-	E-	1	None
6.5	0.5	3	B-4	70	True	3.0	3.0	2.0	I	False	('B-', 'E-', 'G')	B-	E-	2.0	major triad	(3, 7, 10)	E-	E-	1	None
7.0	1.0	3	C5	72	True	3.0	3.0	2.0	I	False	('B-', 'E-', 'G')	B-	E-	2.0	major triad	(3, 7, 10)	E-	E-	1	None
7.0	0.5	3	B-3	58	True	3.0	3.0	2.0	I	False	('B-', 'E-', 'G')	B-	E-	2.0	major triad	(3, 7, 10)	E-	E-	1	None
7.0	0.5	3	E-4	63	True	3.0	3.0	2.0	I	False	('B-', 'E-', 'G')	B-	E-	2.0	major triad	(3, 7, 10)	E-	E-	1	None
7.0	0.5	3	G4	67	True	3.0	3.0	2.0	I	False	('B-', 'E-', 'G')	B-	E-	2.0	major triad	(3, 7, 10)	E-	E-	1	None
7.0	0.5	3	B-4	70	True	3.0	3.0	2.0	I	False	('B-', 'E-', 'G')	B-	E-	2.0	major triad	(3, 7, 10)	E-	E-	1	None
7.5	0.5	3	B-3	58	True	3.0	3.0	2.0	I	False	('B-', 'E-', 'G')	B-	E-	2.0	major triad	(3, 7, 10)	E-	E-	1	None
7.5	0.5	3	E-4	63	True	3.0	3.0	2.0	I	False	('B-', 'E-', 'G')	B-	E-	2.0	major triad	(3, 7, 10)	E-	E-	1	None
7.5	0.5	3	G4	67	True	3.0	3.0	2.0	I	False	('B-', 'E-', 'G')	B-	E-	2.0	major triad	(3, 7, 10)	E-	E-	1	None
7.5	0.5	3	B-4	70	True	3.0	3.0	2.0	I	False	('B-', 'E-', 'G')	B-	E-	2.0	major triad	(3, 7, 10)	E-	E-	1	None
8.0	0.5	3	B-4	70	True	3.0	3.0	2.0	I	False	('B-', 'E-', 'G')	B-	E-	2.0	major triad	(3, 7, 10)	E-	E-	1	None
8.0	0.5	3	B-3	58	True	3.0	3.0	2.0	I	False	('B-', 'E-', 'G')	B-	E-	2.0	major triad	(3, 7, 10)	E-	E-	1	None
8.0	0.5	3	E-4	63	True	3.0	3.0	2.0	I	False	('B-', 'E-', 'G')	B-	E-	2.0	major triad	(3, 7, 10)	E-	E-	1	None
8.0	0.5	3	G4	67	True	3.0	3.0	2.0	I	False	('B-', 'E-', 'G')	B-	E-	2.0	major triad	(3, 7, 10)	E-	E-	1	None
8.0	0.5	3	B-4	70	True	3.0	3.0	2.0	I	False	('B-', 'E-', 'G')	B-	E-	2.0	major triad	(3, 7, 10)	E-	E-	1	None
8.5	0.5	3	C5	72	True	3.0	3.0	2.0	I	False	('B-', 'E-', 'G')	B-	E-	2.0	major triad	(3, 7, 10)	E-	E-	1	None
8.5	0.5	3	B-3	58	True	3.0	3.0	2.0	I	False	('B-', 'E-', 'G')	B-	E-	2.0	major triad	(3, 7, 10)	E-	E-	1	None
8.5	0.5	3	E-4	63	True	3.0	3.0	2.0	I	False	('B-', 'E-', 'G')	B-	E-	2.0	major triad	(3, 7, 10)	E-	E-	1	None
8.5	0.5	3	G4	67	True	3.0	3.0	2.0	I	False	('B-', 'E-', 'G')	B-	E-	2.0	major triad	(3, 7, 10)	E-	E-	1	None
8.5	0.5	3	B-4	70	True	3.0	3.0	2.0	I	False	('B-', 'E-', 'G')	B-	E-	2.0	major triad	(3, 7, 10)	E-	E-	1	None
9.0	0.5	4	D5	74	True	4.0	2.0	3.0	vi7	True	('C', 'E-', 'G', 'B-')	C	C	0.0	minor seventh chord	(0, 3, 7, 10)	E-	E-	6	None
9.0	0.5	4	C4	60	True	4.0	2.0	3.0	vi7	True	('C', 'E-', 'G', 'B-')	C	C	0.0	minor seventh chord	(0, 3, 7, 10)	E-	E-	6	None
9.0	0.5	4	E-4	63	True	4.0	2.0	3.0	vi7	True	('C', 'E-', 'G', 'B-')	C	C	0.0	minor seventh chord	(0, 3, 7, 10)	E-	E-	6	None
9.0	0.5	4	G4	67	True	4.0	2.0	3.0	vi7	True	('C', 'E-', 'G', 'B-')	C	C	0.0	minor seventh chord	(0, 3, 7, 10)	E-	E-	6	None
9.0	0.5	4	B-4	70	True	4.0	2.0	3.0	vi7	True	('C', 'E-', 'G', 'B-')	C	C	0.0	minor seventh chord	(0, 3, 7, 10)	E-	E-	6	None
9.5	0.5	4	C5	72	True	4.0	2.0	3.0	vi7	False	('C', 'E-', 'G', 'B-')	C	C	0.0	minor seventh chord	(0, 3, 7, 10)	E-	E-	6	None
9.5	0.5	4	C4	60	True	4.0	2.0	3.0	vi7	False	('C', 'E-', 'G', 'B-')	C	C	0.0	minor seventh chord	(0, 3, 7, 10)	E-	E-	6	None
9.5	0.5	4	E-4	63	True	4.0	2.0	3.0	vi7	False	('C', 'E-', 'G', 'B-')	C	C	0.0	minor seventh chord	(0, 3, 7, 10)	E-	E-	6	None
9.5	0.5	4	G4	67	True	4.0	2.0	3.0	vi7	False	('C', 'E-', 'G', 'B-')	C	C	0.0	minor seventh chord	(0, 3, 7, 10)	E-	E-	6	None
9.5	0.5	4	B-4	70	True	4.0	2.0	3.0	vi7	False	('C', 'E-', 'G', 'B-')	C	C	0.0	minor seventh chord	(0, 3, 7, 10)	E-	E-	6	None
10.0	0.0	4	B-6	94	True	4.0	2.0	3.0	vi7	False	('C', 'E-', 'G', 'B-')	C	C	0.0	minor seventh chord	(0, 3, 7, 10)	E-	E-	6	None
10.0	1.0	4	G4	67	True	4.0	2.0	3.0	vi7	False	('C', 'E-', 'G', 'B-')	C	C	0.0	minor seventh chord	(0, 3, 7, 10)	E-	E-	6	None
10.0	1.0	4	B-5	82	True	4.0	2.0	3.0	vi7	False	('C', 'E-', 'G', 'B-')	C	C	0.0	minor seventh chord	(0, 3, 7, 10)	E-	E-	6	None
10.0	1.0	4	B-6	94	True	4.0	2.0	3.0	vi7	False	('C', 'E-', 'G', 'B-')	C	C	0.0	minor seventh chord	(0, 3, 7, 10)	E-	E-	6	None
10.0	0.5	4	D4	62	True	4.0	2.0	3.0	vi7	False	('C', 'E-', 'G', 'B-')	C	C	0.0	minor seventh chord	(0, 3, 7, 10)	E-	E-	6	None
10.0	0.5	4	F4	65	True	4.0	2.0	3.0	vi7	False	('C', 'E-', 'G', 'B-')	C	C	0.0	minor seventh chord	(0, 3, 7, 10)	E-	E-	6	None
10.0	0.5	4	A-4	68	True	4.0	2.0	3.0	vi7	False	('C', 'E-', 'G', 'B-')	C	C	0.0	minor seventh chord	(0, 3, 7, 10)	E-	E-	6	None
10.0	0.5	4	B-4	70	True	4.0	2.0	3.0	vi7	False	('C', 'E-', 'G', 'B-')	C	C	0.0	minor seventh chord	(0, 3, 7, 10)	E-	E-	6	None
10.5	0.5	4	D4	62	True	4.0	2.0	3.0	vi7	False	('C', 'E-', 'G', 'B-')	C	C	0.0	minor seventh chord	(0, 3, 7, 10)	E-	E-	6	None
10.5	0.5	4	F4	65	True	4.0	2.0	3.0	vi7	False	('C', 'E-', 'G', 'B-')	C	C	0.0	minor seventh chord	(0, 3, 7, 10)	E-	E-	6	None
10.5	0.5	4	A-4	68	True	4.0	2.0	3.0	vi7	False	('C', 'E-', 'G', 'B-')	C	C	0.0	minor seventh chord	(0, 3, 7, 10)	E-	E-	6	None
10.5	0.5	4	B-4	70	True	4.0	2.0	3.0	vi7	False	('C', 'E-', 'G', 'B-')	C	C	0.0	minor seventh chord	(0, 3, 7, 10)	E-	E-	6	None
11.0	1.0	4	F4	65	True	4.0	1.0	4.0	V7	True	('B-', 'D', 'F', 'A-')	B-	B-	0.0	dominant seventh chord	(2, 5, 8, 10)	E-	E-	5	None
11.0	0.5	4	D4	62	True	4.0	1.0	4.0	V7	True	('B-', 'D', 'F', 'A-')	B-	B-	0.0	dominant seventh chord	(2, 5, 8, 10)	E-	E-	5	None
11.0	0.5	4	F4	65	True	4.0	1.0	4.0	V7	True	('B-', 'D', 'F', 'A-')	B-	B-	0.0	dominant seventh chord	(2, 5, 8, 10)	E-	E-	5	None
11.0	0.5	4	A-4	68	True	4.0	1.0	4.0	V7	True	('B-', 'D', 'F', 'A-')	B-	B-	0.0	dominant seventh chord	(2, 5, 8, 10)	E-	E-	5	None
11.0	0.5	4	B-4	70	True	4.0	1.0	4.0	V7	True	('B-', 'D', 'F', 'A-')	B-	B-	0.0	dominant seventh chord	(2, 5, 8, 10)	E-	E-	5	None
11.0	1.0	4	B-2	46	True	4.0	1.0	4.0	V7	True	('B-', 'D', 'F', 'A-')	B-	B-	0.0	dominant seventh chord	(2, 5, 8, 10)	E-	E-	5	None
11.5	0.5	4	D4	62	True	4.0	1.0	4.0	V7	False	('B-', 'D', 'F', 'A-')	B-	B-	0.0	dominant seventh chord	(2, 5, 8, 10)	E-	E-	5	None
11.5	0.5	4	F4	65	True	4.0	1.0	4.0	V7	False	('B-', 'D', 'F', 'A-')	B-	B-	0.0	dominant seventh chord	(2, 5, 8, 10)	E-	E-	5	None
11.5	0.5	4	A-4	68	True	4.0	1.0	4.0	V7	False	('B-', 'D', 'F', 'A-')	B-	B-	0.0	dominant seventh chord	(2, 5, 8, 10)	E-	E-	5	None
11.5	0.5	4	B-4	70	True	4.0	1.0	4.0	V7	False	('B-', 'D', 'F', 'A-')	B-	B-	0.0	dominant seventh chord	(2, 5, 8, 10)	E-	E-	5	None
12.0	0.5	5	B-4	70	True	5.0	0.5	5.0	I	True	('G', 'B-', 'E-')	G	E-	1.0	major triad	(3, 7, 10)	E-	E-	1	None
12.0	0.5	5	E-4	63	True	5.0	0.5	5.0	I	True	('G', 'B-', 'E-')	G	E-	1.0	major triad	(3, 7, 10)	E-	E-	1	None
12.0	0.5	5	B-4	70	True	5.0	0.5	5.0	I	True	('G', 'B-', 'E-')	G	E-	1.0	major triad	(3, 7, 10)	E-	E-	1	None
12.0	0.5	5	G3	55	True	5.0	0.5	5.0	I	True	('G', 'B-', 'E-')	G	E-	1.0	major triad	(3, 7, 10)	E-	E-	1	None
12.0	0.5	5	B-3	58	True	5.0	0.5	5.0	I	True	('G', 'B-', 'E-')	G	E-	1.0	major triad	(3, 7, 10)	E-	E-	1	None
12.5	0.5	5	B4	71	True	5.0	1.5	6.0	iv	True	('G-', 'A-', 'B-', 'E-')	G-	E-	1.0	perfect-fourth minor tetrachord	(3, 6, 8, 10)	b-	b-	4	None
12.5	0.5	5	E-4	63	True	5.0	1.5	6.0	iv	True	('G-', 'A-', 'B-', 'E-')	G-	E-	1.0	perfect-fourth minor tetrachord	(3, 6, 8, 10)	b-	b-	4	None
12.5	0.5	5	A4	69	True	5.0	1.5	6.0	iv	True	('G-', 'A-', 'B-', 'E-')	G-	E-	1.0	perfect-fourth minor tetrachord	(3, 6, 8, 10)	b-	b-	4	None
12.5	0.5	5	B4	71	True	5.0	1.5	6.0	iv	True	('G-', 'A-', 'B-', 'E-')	G-	E-	1.0	perfect-fourth minor tetrachord	(3, 6, 8, 10)	b-	b-	4	None
12.5	0.5	5	G-3	54	True	5.0	1.5	6.0	iv	True	('G-', 'A-', 'B-', 'E-')	G-	E-	1.0	perfect-fourth minor tetrachord	(3, 6, 8, 10)	b-	b-	4	None
12.5	0.5	5	B-3	58	True	5.0	1.5	6.0	iv	True	('G-', 'A-', 'B-', 'E-')	G-	E-	1.0	perfect-fourth minor tetrachord	(3, 6, 8, 10)	b-	b-	4	None
13.0	1.0	5	B4	71	True	5.0	1.5	6.0	iv	False	('G-', 'A-', 'B-', 'E-')	G-	E-	1.0	perfect-fourth minor tetrachord	(3, 6, 8, 10)	b-	b-	4	None
13.0	0.5	5	E-4	63	True	5.0	1.5	6.0	iv	False	('G-', 'A-', 'B-', 'E-')	G-	E-	1.0	perfect-fourth minor tetrachord	(3, 6, 8, 10)	b-	b-	4	None
13.0	0.5	5	A4	69	True	5.0	1.5	6.0	iv	False	('G-', 'A-', 'B-', 'E-')	G-	E-	1.0	perfect-fourth minor tetrachord	(3, 6, 8, 10)	b-	b-	4	None
13.0	0.5	5	B4	71	True	5.0	1.5	6.0	iv	False	('G-', 'A-', 'B-', 'E-')	G-	E-	1.0	perfect-fourth minor tetrachord	(3, 6, 8, 10)	b-	b-	4	None
13.0	1.0	5	G-3	54	True	5.0	1.5	6.0	iv	False	('G-', 'A-', 'B-', 'E-')	G-	E-	1.0	perfect-fourth minor tetrachord	(3, 6, 8, 10)	b-	b-	4	None
13.0	1.0	5	B-3	58	True	5.0	1.5	6.0	iv	False	('G-', 'A-', 'B-', 'E-')	G-	E-	1.0	perfect-fourth minor tetrachord	(3, 6, 8, 10)	b-	b-	4	None
13.5	0.5	5	E-4	63	True	5.0	1.5	6.0	iv	False	('G-', 'A-', 'B-', 'E-')	G-	E-	1.0	perfect-fourth minor tetrachord	(3, 6, 8, 10)	b-	b-	4	None
13.5	0.5	5	A4	69	True	5.0	1.5	6.0	iv	False	('G-', 'A-', 'B-', 'E-')	G-	E-	1.0	perfect-fourth minor tetrachord	(3, 6, 8, 10)	b-	b-	4	None
13.5	0.5	5	B4	71	True	5.0	1.5	6.0	iv	False	('G-', 'A-', 'B-', 'E-')	G-	E-	1.0	perfect-fourth minor tetrachord	(3, 6, 8, 10)	b-	b-	4	None
14.0	0.5	5	C5	72	True	5.0	0.5	7.0	V7	True	('F', 'A', 'C', 'E-')	F	F	0.0	dominant seventh chord	(0, 3, 5, 9)	b-	b-	5	None
14.0	0.5	5	E-4	63	True	5.0	0.5	7.0	V7	True	('F', 'A', 'C', 'E-')	F	F	0.0	dominant seventh chord	(0, 3, 5, 9)	b-	b-	5	None
14.0	0.5	5	A4	69	True	5.0	0.5	7.0	V7	True	('F', 'A', 'C', 'E-')	F	F	0.0	dominant seventh chord	(0, 3, 5, 9)	b-	b-	5	None
14.0	0.5	5	C5	72	True	5.0	0.5	7.0	V7	True	('F', 'A', 'C', 'E-')	F	F	0.0	dominant seventh chord	(0, 3, 5, 9)	b-	b-	5	None
14.0	1.0	5	F3	53	True	5.0	0.5	7.0	V7	True	('F', 'A', 'C', 'E-')	F	F	0.0	dominant seventh chord	(0, 3, 5, 9)	b-	b-	5	None
14.0	1.0	5	A3	57	True	5.0	0.5	7.0	V7	True	('F', 'A', 'C', 'E-')	F	F	0.0	dominant seventh chord	(0, 3, 5, 9)	b-	b-	5	None
14.5	0.5	5	C#5	73	True	5.0	0.5	8.0	V+7	True	('F', 'A', 'C#', 'E-')	F	F	0.0	augmented seventh chord	(1, 3, 5, 9)	b-	b-	5	None
14.5	0.5	5	E-4	63	True	5.0	0.5	8.0	V+7	True	('F', 'A', 'C#', 'E-')	F	F	0.0	augmented seventh chord	(1, 3, 5, 9)	b-	b-	5	None
14.5	0.5	5	A4	69	True	5.0	0.5	8.0	V+7	True	('F', 'A', 'C#', 'E-')	F	F	0.0	augmented seventh chord	(1, 3, 5, 9)	b-	b-	5	None
14.5	0.5	5	C#5	73	True	5.0	0.5	8.0	V+7	True	('F', 'A', 'C#', 'E-')	F	F	0.0	augmented seventh chord	(1, 3, 5, 9)	b-	b-	5	None
15.0	0.5	6	D5	74	True	6.0	3.0	9.0	V7/iv	True	('B-', 'D', 'F', 'A-')	B-	B-	0.0	dominant seventh chord	(2, 5, 8, 10)	b-	e-	5	4
15.0	0.5	6	D4	62	True	6.0	3.0	9.0	V7/iv	True	('B-', 'D', 'F', 'A-')	B-	B-	0.0	dominant seventh chord	(2, 5, 8, 10)	b-	e-	5	4
15.0	0.5	6	A-4	68	True	6.0	3.0	9.0	V7/iv	True	('B-', 'D', 'F', 'A-')	B-	B-	0.0	dominant seventh chord	(2, 5, 8, 10)	b-	e-	5	4
15.0	0.5	6	B-4	70	True	6.0	3.0	9.0	V7/iv	True	('B-', 'D', 'F', 'A-')	B-	B-	0.0	dominant seventh chord	(2, 5, 8, 10)	b-	e-	5	4
15.0	0.5	6	D5	74	True	6.0	3.0	9.0	V7/iv	True	('B-', 'D', 'F', 'A-')	B-	B-	0.0	dominant seventh chord	(2, 5, 8, 10)	b-	e-	5	4
15.0	3.0	6	B-1	34	True	6.0	3.0	9.0	V7/iv	True	('B-', 'D', 'F', 'A-')	B-	B-	0.0	dominant seventh chord	(2, 5, 8, 10)	b-	e-	5	4
15.0	3.0	6	B-2	46	True	6.0	3.0	9.0	V7/iv	True	('B-', 'D', 'F', 'A-')	B-	B-	0.0	dominant seventh chord	(2, 5, 8, 10)	b-	e-	5	4
15.5	0.5	6	E-5	75	True	6.0	3.0	9.0	V7/iv	False	('B-', 'D', 'F', 'A-')	B-	B-	0.0	dominant seventh chord	(2, 5, 8, 10)	b-	e-	5	4
15.5	0.5	6	A-4	68	True	6.0	3.0	9.0	V7/iv	False	('B-', 'D', 'F', 'A-')	B-	B-	0.0	dominant seventh chord	(2, 5, 8, 10)	b-	e-	5	4
15.5	0.5	6	B-4	70	True	6.0	3.0	9.0	V7/iv	False	('B-', 'D', 'F', 'A-')	B-	B-	0.0	dominant seventh chord	(2, 5, 8, 10)	b-	e-	5	4
15.5	0.5	6	E-5	75	True	6.0	3.0	9.0	V7/iv	False	('B-', 'D', 'F', 'A-')	B-	B-	0.0	dominant seventh chord	(2, 5, 8, 10)	b-	e-	5	4
15.5	0.5	6	E-4	63	True	6.0	3.0	9.0	V7/iv	False	('B-', 'D', 'F', 'A-')	B-	B-	0.0	dominant seventh chord	(2, 5, 8, 10)	b-	e-	5	4
16.0	1.0	6	F5	77	True	6.0	3.0	9.0	V7/iv	False	('B-', 'D', 'F', 'A-')	B-	B-	0.0	dominant seventh chord	(2, 5, 8, 10)	b-	e-	5	4
16.0	0.5	6	A-4	68	True	6.0	3.0	9.0	V7/iv	False	('B-', 'D', 'F', 'A-')	B-	B-	0.0	dominant seventh chord	(2, 5, 8, 10)	b-	e-	5	4
16.0	0.5	6	B-4	70	True	6.0	3.0	9.0	V7/iv	False	('B-', 'D', 'F', 'A-')	B-	B-	0.0	dominant seventh chord	(2, 5, 8, 10)	b-	e-	5	4
16.0	0.5	6	D5	74	True	6.0	3.0	9.0	V7/iv	False	('B-', 'D', 'F', 'A-')	B-	B-	0.0	dominant seventh chord	(2, 5, 8, 10)	b-	e-	5	4
16.0	0.5	6	F5	77	True	6.0	3.0	9.0	V7/iv	False	('B-', 'D', 'F', 'A-')	B-	B-	0.0	dominant seventh chord	(2, 5, 8, 10)	b-	e-	5	4
16.0	2.0	6	F4	65	True	6.0	3.0	9.0	V7/iv	False	('B-', 'D', 'F', 'A-')	B-	B-	0.0	dominant seventh chord	(2, 5, 8, 10)	b-	e-	5	4
16.5	0.5	6	A-4	68	True	6.0	3.0	9.0	V7/iv	False	('B-', 'D', 'F', 'A-')	B-	B-	0.0	dominant seventh chord	(2, 5, 8, 10)	b-	e-	5	4
16.5	0.5	6	B-4	70	True	6.0	3.0	9.0	V7/iv	False	('B-', 'D', 'F', 'A-')	B-	B-	0.0	dominant seventh chord	(2, 5, 8, 10)	b-	e-	5	4
16.5	0.5	6	D5	74	True	6.0	3.0	9.0	V7/iv	False	('B-', 'D', 'F', 'A-')	B-	B-	0.0	dominant seventh chord	(2, 5, 8, 10)	b-	e-	5	4
16.5	0.5	6	F5	77	True	6.0	3.0	9.0	V7/iv	False	('B-', 'D', 'F', 'A-')	B-	B-	0.0	dominant seventh chord	(2, 5, 8, 10)	b-	e-	5	4
17.0	0.25	6	F5	77	False	6.0	3.0	9.0	V7/iv	False	('B-', 'D', 'F', 'A-')	B-	B-	0.0	dominant seventh chord	(2, 5, 8, 10)	b-	e-	5	4
17.0	0.5	6	A-4	68	True	6.0	3.0	9.0	V7/iv	False	('B-', 'D', 'F', 'A-')	B-	B-	0.0	dominant seventh chord	(2, 5, 8, 10)	b-	e-	5	4
17.0	0.5	6	B-4	70	True	6.0	3.0	9.0	V7/iv	False	('B-', 'D', 'F', 'A-')	B-	B-	0.0	dominant seventh chord	(2, 5, 8, 10)	b-	e-	5	4
17.0	0.5	6	D5	74	True	6.0	3.0	9.0	V7/iv	False	('B-', 'D', 'F', 'A-')	B-	B-	0.0	dominant seventh chord	(2, 5, 8, 10)	b-	e-	5	4
17.0	0.5	6	F5	77	True	6.0	3.0	9.0	V7/iv	False	('B-', 'D', 'F', 'A-')	B-	B-	0.0	dominant seventh chord	(2, 5, 8, 10)	b-	e-	5	4
17.5	0.5	6	F5	77	True	6.0	3.0	9.0	V7/iv	False	('B-', 'D', 'F', 'A-')	B-	B-	0.0	dominant seventh chord	(2, 5, 8, 10)	b-	e-	5	4
17.5	0.5	6	A-4	68	True	6.0	3.0	9.0	V7/iv	False	('B-', 'D', 'F', 'A-')	B-	B-	0.0	dominant seventh chord	(2, 5, 8, 10)	b-	e-	5	4
17.5	0.5	6	B-4	70	True	6.0	3.0	9.0	V7/iv	False	('B-', 'D', 'F', 'A-')	B-	B-	0.0	dominant seventh chord	(2, 5, 8, 10)	b-	e-	5	4
17.5	0.5	6	D5	74	True	6.0	3.0	9.0	V7/iv	False	('B-', 'D', 'F', 'A-')	B-	B-	0.0	dominant seventh chord	(2, 5, 8, 10)	b-	e-	5	4
17.5	0.5	6	F5	77	True	6.0	3.0	9.0	V7/iv	False	('B-', 'D', 'F', 'A-')	B-	B-	0.0	dominant seventh chord	(2, 5, 8, 10)	b-	e-	5	4
18.0	0.5	7	G-5	78	True	7.0	0.5	10.0	VI	True	('G-', 'B-', 'D-')	G-	G-	0.0	major triad	(1, 6, 10)	b-	b-	6	None
18.0	0.5	7	D-5	73	True	7.0	0.5	10.0	VI	True	('G-', 'B-', 'D-')	G-	G-	0.0	major triad	(1, 6, 10)	b-	b-	6	None
18.0	0.5	7	G-5	78	True	7.0	0.5	10.0	VI	True	('G-', 'B-', 'D-')	G-	G-	0.0	major triad	(1, 6, 10)	b-	b-	6	None
18.0	0.5	7	D-6	85	True	7.0	0.5	10.0	VI	True	('G-', 'B-', 'D-')	G-	G-	0.0	major triad	(1, 6, 10)	b-	b-	6	None
18.0	0.5	7	G-4	66	True	7.0	0.5	10.0	VI	True	('G-', 'B-', 'D-')	G-	G-	0.0	major triad	(1, 6, 10)	b-	b-	6	None
18.0	0.5	7	B-4	70	True	7.0	0.5	10.0	VI	True	('G-', 'B-', 'D-')	G-	G-	0.0	major triad	(1, 6, 10)	b-	b-	6	None
18.5	0.5	7	F5	77	True	7.0	0.5	11.0	i	True	('F', 'B-', 'D-')	F	B-	2.0	minor triad	(1, 5, 10)	b-	b-	1	None
18.5	0.5	7	D-5	73	True	7.0	0.5	11.0	i	True	('F', 'B-', 'D-')	F	B-	2.0	minor triad	(1, 5, 10)	b-	b-	1	None
18.5	0.5	7	F5	77	True	7.0	0.5	11.0	i	True	('F', 'B-', 'D-')	F	B-	2.0	minor triad	(1, 5, 10)	b-	b-	1	None
18.5	0.5	7	D-6	85	True	7.0	0.5	11.0	i	True	('F', 'B-', 'D-')	F	B-	2.0	minor triad	(1, 5, 10)	b-	b-	1	None
18.5	0.5	7	F4	65	True	7.0	0.5	11.0	i	True	('F', 'B-', 'D-')	F	B-	2.0	minor triad	(1, 5, 10)	b-	b-	1	None
18.5	0.5	7	B-4	70	True	7.0	0.5	11.0	i	True	('F', 'B-', 'D-')	F	B-	2.0	minor triad	(1, 5, 10)	b-	b-	1	None
19.0	1.0	7	E5	76	True	7.0	2.0	12.0	Ger7	True	('G-', 'B-', 'D-', 'E')	G-	E	1.0	German augmented sixth chord	(1, 4, 6, 10)	b-	b-	#4	None
19.0	0.5	7	D-5	73	True	7.0	2.0	12.0	Ger7	True	('G-', 'B-', 'D-', 'E')	G-	E	1.0	German augmented sixth chord	(1, 4, 6, 10)	b-	b-	#4	None
19.0	0.5	7	E5	76	True	7.0	2.0	12.0	Ger7	True	('G-', 'B-', 'D-', 'E')	G-	E	1.0	German augmented sixth chord	(1, 4, 6, 10)	b-	b-	#4	None
19.0	0.5	7	D-6	85	True	7.0	2.0	12.0	Ger7	True	('G-', 'B-', 'D-', 'E')	G-	E	1.0	German augmented sixth chord	(1, 4, 6, 10)	b-	b-	#4	None
19.0	2.0	7	E4	64	True	7.0	2.0	12.0	Ger7	True	('G-', 'B-', 'D-', 'E')	G-	E	1.0	German augmented sixth chord	(1, 4, 6, 10)	b-	b-	#4	None
19.0	2.0	7	B-4	70	True	7.0	2.0	12.0	Ger7	True	('G-', 'B-', 'D-', 'E')	G-	E	1.0	German augmented sixth chord	(1, 4, 6, 10)	b-	b-	#4	None
19.5	0.5	7	D-5	73	True	7.0	2.0	12.0	Ger7	False	('G-', 'B-', 'D-', 'E')	G-	E	1.0	German augmented sixth chord	(1, 4, 6, 10)	b-	b-	#4	None
19.5	0.5	7	E5	76	True	7.0	2.0	12.0	Ger7	False	('G-', 'B-', 'D-', 'E')	G-	E	1.0	German augmented sixth chord	(1, 4, 6, 10)	b-	b-	#4	None
19.5	0.5	7	D-6	85	True	7.0	2.0	12.0	Ger7	False	('G-', 'B-', 'D-', 'E')	G-	E	1.0	German augmented sixth chord	(1, 4, 6, 10)	b-	b-	#4	None
20.0	1.0	7	B-4	70	True	7.0	2.0	12.0	Ger7	False	('G-', 'B-', 'D-', 'E')	G-	E	1.0	German augmented sixth chord	(1, 4, 6, 10)	b-	b-	#4	None
20.0	0.5	7	D-5	73	True	7.0	2.0	12.0	Ger7	False	('G-', 'B-', 'D-', 'E')	G-	E	1.0	German augmented sixth chord	(1, 4, 6, 10)	b-	b-	#4	None
20.0	0.5	7	E5	76	True	7.0	2.0	12.0	Ger7	False	('G-', 'B-', 'D-', 'E')	G-	E	1.0	German augmented sixth chord	(1, 4, 6, 10)	b-	b-	#4	None
20.0	0.5	7	D-6	85	True	7.0	2.0	12.0	Ger7	False	('G-', 'B-', 'D-', 'E')	G-	E	1.0	German augmented sixth chord	(1, 4, 6, 10)	b-	b-	#4	None
20.0	1.0	7	G-1	30	True	7.0	2.0	12.0	Ger7	False	('G-', 'B-', 'D-', 'E')	G-	E	1.0	German augmented sixth chord	(1, 4, 6, 10)	b-	b-	#4	None
20.0	1.0	7	G-2	42	True	7.0	2.0	12.0	Ger7	False	('G-', 'B-', 'D-', 'E')	G-	E	1.0	German augmented sixth chord	(1, 4, 6, 10)	b-	b-	#4	None
20.5	0.5	7	D-5	73	True	7.0	2.0	12.0	Ger7	False	('G-', 'B-', 'D-', 'E')	G-	E	1.0	German augmented sixth chord	(1, 4, 6, 10)	b-	b-	#4	None
20.5	0.5	7	E5	76	True	7.0	2.0	12.0	Ger7	False	('G-', 'B-', 'D-', 'E')	G-	E	1.0	German augmented sixth chord	(1, 4, 6, 10)	b-	b-	#4	None
20.5	0.5	7	D-6	85	True	7.0	2.0	12.0	Ger7	False	('G-', 'B-', 'D-', 'E')	G-	E	1.0	German augmented sixth chord	(1, 4, 6, 10)	b-	b-	#4	None
21.0	0.5	8	G-5	78	True	8.0	0.5	13.0	VI	True	('G-', 'B-', 'D-')	G-	G-	0.0	major triad	(1, 6, 10)	b-	b-	6	None
21.0	0.5	8	D-5	73	True	8.0	0.5	13.0	VI	True	('G-', 'B-', 'D-')	G-	G-	0.0	major triad	(1, 6, 10)	b-	b-	6	None
21.0	0.5	8	G-5	78	True	8.0	0.5	13.0	VI	True	('G-', 'B-', 'D-')	G-	G-	0.0	major triad	(1, 6, 10)	b-	b-	6	None
21.0	0.5	8	D-6	85	True	8.0	0.5	13.0	VI	True	('G-', 'B-', 'D-')	G-	G-	0.0	major triad	(1, 6, 10)	b-	b-	6	None
21.0	0.5	8	G-4	66	True	8.0	0.5	13.0	VI	True	('G-', 'B-', 'D-')	G-	G-	0.0	major triad	(1, 6, 10)	b-	b-	6	None
21.0	0.5	8	B-4	70	True	8.0	0.5	13.0	VI	True	('G-', 'B-', 'D-')	G-	G-	0.0	major triad	(1, 6, 10)	b-	b-	6	None
21.0	3.0	8	G-1	30	False	8.0	0.5	13.0	VI	True	('G-', 'B-', 'D-')	G-	G-	0.0	major triad	(1, 6, 10)	b-	b-	6	None
21.0	3.0	8	G-2	42	False	8.0	0.5	13.0	VI	True	('G-', 'B-', 'D-')	G-	G-	0.0	major triad	(1, 6, 10)	b-	b-	6	None
21.5	0.5	8	F5	77	True	8.0	0.5	14.0	i	True	('F', 'B-', 'D-')	F	B-	2.0	minor triad	(1, 5, 10)	b-	b-	1	None
21.5	0.5	8	D-5	73	True	8.0	0.5	14.0	i	True	('F', 'B-', 'D-')	F	B-	2.0	minor triad	(1, 5, 10)	b-	b-	1	None
21.5	0.5	8	F5	77	True	8.0	0.5	14.0	i	True	('F', 'B-', 'D-')	F	B-	2.0	minor triad	(1, 5, 10)	b-	b-	1	None
21.5	0.5	8	D-6	85	True	8.0	0.5	14.0	i	True	('F', 'B-', 'D-')	F	B-	2.0	minor triad	(1, 5, 10)	b-	b-	1	None
21.5	0.5	8	F4	65	True	8.0	0.5	14.0	i	True	('F', 'B-', 'D-')	F	B-	2.0	minor triad	(1, 5, 10)	b-	b-	1	None
21.5	0.5	8	B-4	70	True	8.0	0.5	14.0	i	True	('F', 'B-', 'D-')	F	B-	2.0	minor triad	(1, 5, 10)	b-	b-	1	None
22.0	1.0	8	E5	76	True	8.0	2.0	15.0	Ger7	True	('G-', 'B-', 'D-', 'E')	G-	E	1.0	German augmented sixth chord	(1, 4, 6, 10)	b-	b-	#4	None
22.0	0.5	8	D-5	73	True	8.0	2.0	15.0	Ger7	True	('G-', 'B-', 'D-', 'E')	G-	E	1.0	German augmented sixth chord	(1, 4, 6, 10)	b-	b-	#4	None
22.0	0.5	8	E5	76	True	8.0	2.0	15.0	Ger7	True	('G-', 'B-', 'D-', 'E')	G-	E	1.0	German augmented sixth chord	(1, 4, 6, 10)	b-	b-	#4	None
22.0	0.5	8	D-6	85	True	8.0	2.0	15.0	Ger7	True	('G-', 'B-', 'D-', 'E')	G-	E	1.0	German augmented sixth chord	(1, 4, 6, 10)	b-	b-	#4	None
22.0	2.0	8	E4	64	True	8.0	2.0	15.0	Ger7	True	('G-', 'B-', 'D-', 'E')	G-	E	1.0	German augmented sixth chord	(1, 4, 6, 10)	b-	b-	#4	None
22.0	2.0	8	B-4	70	True	8.0	2.0	15.0	Ger7	True	('G-', 'B-', 'D-', 'E')	G-	E	1.0	German augmented sixth chord	(1, 4, 6, 10)	b-	b-	#4	None
22.5	0.5	8	D-5	73	True	8.0	2.0	15.0	Ger7	False	('G-', 'B-', 'D-', 'E')	G-	E	1.0	German augmented sixth chord	(1, 4, 6, 10)	b-	b-	#4	None
22.5	0.5	8	E5	76	True	8.0	2.0	15.0	Ger7	False	('G-', 'B-', 'D-', 'E')	G-	E	1.0	German augmented sixth chord	(1, 4, 6, 10)	b-	b-	#4	None
22.5	0.5	8	D-6	85	True	8.0	2.0	15.0	Ger7	False	('G-', 'B-', 'D-', 'E')	G-	E	1.0	German augmented sixth chord	(1, 4, 6, 10)	b-	b-	#4	None
23.0	1.0	8	E5	76	True	8.0	2.0	15.0	Ger7	False	('G-', 'B-', 'D-', 'E')	G-	E	1.0	German augmented sixth chord	(1, 4, 6, 10)	b-	b-	#4	None
23.0	0.5	8	D-5	73	True	8.0	2.0	15.0	Ger7	False	('G-', 'B-', 'D-', 'E')	G-	E	1.0	German augmented sixth chord	(1, 4, 6, 10)	b-	b-	#4	None
23.0	0.5	8	E5	76	True	8.0	2.0	15.0	Ger7	False	('G-', 'B-', 'D-', 'E')	G-	E	1.0	German augmented sixth chord	(1, 4, 6, 10)	b-	b-	#4	None
23.0	0.5	8	D-6	85	True	8.0	2.0	15.0	Ger7	False	('G-', 'B-', 'D-', 'E')	G-	E	1.0	German augmented sixth chord	(1, 4, 6, 10)	b-	b-	#4	None
23.5	0.5	8	D-5	73	True	8.0	2.0	15.0	Ger7	False	('G-', 'B-', 'D-', 'E')	G-	E	1.0	German augmented sixth chord	(1, 4, 6, 10)	b-	b-	#4	None
23.5	0.5	8	E5	76	True	8.0	2.0	15.0	Ger7	False	('G-', 'B-', 'D-', 'E')	G-	E	1.0	German augmented sixth chord	(1, 4, 6, 10)	b-	b-	#4	None
23.5	0.5	8	D-6	85	True	8.0	2.0	15.0	Ger7	False	('G-', 'B-', 'D-', 'E')	G-	E	1.0	German augmented sixth chord	(1, 4, 6, 10)	b-	b-	#4	None
24.0	0.5	9	F5	77	True	9.0	1.0	16.0	viio/ii	True	('F', 'B', 'D')	F	B	2.0	diminished triad	(2, 5, 11)	b-	c	#7	2
24.0	1.0	9	D5	74	True	9.0	1.0	16.0	viio/ii	True	('F', 'B', 'D')	F	B	2.0	diminished triad	(2, 5, 11)	b-	c	#7	2
24.0	1.0	9	F5	77	True	9.0	1.0	16.0	viio/ii	True	('F', 'B', 'D')	F	B	2.0	diminished triad	(2, 5, 11)	b-	c	#7	2
24.0	1.0	9	B-5	82	True	9.0	1.0	16.0	viio/ii	True	('F', 'B', 'D')	F	B	2.0	diminished triad	(2, 5, 11)	b-	c	#7	2
24.0	1.0	9	D6	86	True	9.0	1.0	16.0	viio/ii	True	('F', 'B', 'D')	F	B	2.0	diminished triad	(2, 5, 11)	b-	c	#7	2
24.0	0.5	9	F2	41	True	9.0	1.0	16.0	viio/ii	True	('F', 'B', 'D')	F	B	2.0	diminished triad	(2, 5, 11)	b-	c	#7	2
24.0	1.0	9	F2	41	True	9.0	1.0	16.0	viio/ii	True	('F', 'B', 'D')	F	B	2.0	diminished triad	(2, 5, 11)	b-	c	#7	2
24.5	0.5	9	B-4	70	True	9.0	1.0	16.0	viio/ii	False	('F', 'B', 'D')	F	B	2.0	diminished triad	(2, 5, 11)	b-	c	#7	2
24.5	0.5	9	F3	53	True	9.0	1.0	16.0	viio/ii	False	('F', 'B', 'D')	F	B	2.0	diminished triad	(2, 5, 11)	b-	c	#7	2
25.0	1.0	9	E-5	75	True	9.0	1.0	17.0	V9	True	('F', 'A', 'C', 'E-', 'G-')	F	F	0.0	flat-ninth pentachord	(0, 3, 5, 6, 9)	b-	b-	5	None
25.0	0.5	9	G4	67	True	9.0	1.0	17.0	V9	True	('F', 'A', 'C', 'E-', 'G-')	F	F	0.0	flat-ninth pentachord	(0, 3, 5, 6, 9)	b-	b-	5	None
25.0	0.5	9	A4	69	True	9.0	1.0	17.0	V9	True	('F', 'A', 'C', 'E-', 'G-')	F	F	0.0	flat-ninth pentachord	(0, 3, 5, 6, 9)	b-	b-	5	None
25.0	0.5	9	E-5	75	True	9.0	1.0	17.0	V9	True	('F', 'A', 'C', 'E-', 'G-')	F	F	0.0	flat-ninth pentachord	(0, 3, 5, 6, 9)	b-	b-	5	None
25.0	1.0	9	F3	53	False	9.0	1.0	17.0	V9	True	('F', 'A', 'C', 'E-', 'G-')	F	F	0.0	flat-ninth pentachord	(0, 3, 5, 6, 9)	b-	b-	5	None
25.5	0.5	9	G4	67	True	9.0	1.0	17.0	V9	False	('F', 'A', 'C', 'E-', 'G-')	F	F	0.0	flat-ninth pentachord	(0, 3, 5, 6, 9)	b-	b-	5	None
25.5	0.5	9	A4	69	True	9.0	1.0	17.0	V9	False	('F', 'A', 'C', 'E-', 'G-')	F	F	0.0	flat-ninth pentachord	(0, 3, 5, 6, 9)	b-	b-	5	None
25.5	0.5	9	E-5	75	True	9.0	1.0	17.0	V9	False	('F', 'A', 'C', 'E-', 'G-')	F	F	0.0	flat-ninth pentachord	(0, 3, 5, 6, 9)	b-	b-	5	None
26.0	0.5	9	D5	74	True	9.0	1.0	18.0	V7	True	('F', 'A', 'C', 'E-')	F	F	0.0	dominant seventh chord	(0, 3, 5, 9)	b-	b-	5	None
26.0	0.5	9	F4	65	True	9.0	1.0	18.0	V7	True	('F', 'A', 'C', 'E-')	F	F	0.0	dominant seventh chord	(0, 3, 5, 9)	b-	b-	5	None
26.0	0.5	9	A4	69	True	9.0	1.0	18.0	V7	True	('F', 'A', 'C', 'E-')	F	F	0.0	dominant seventh chord	(0, 3, 5, 9)	b-	b-	5	None
26.0	0.5	9	D5	74	True	9.0	1.0	18.0	V7	True	('F', 'A', 'C', 'E-')	F	F	0.0	dominant seventh chord	(0, 3, 5, 9)	b-	b-	5	None
26.0	1.0	9	F1	29	True	9.0	1.0	18.0	V7	True	('F', 'A', 'C', 'E-')	F	F	0.0	dominant seventh chord	(0, 3, 5, 9)	b-	b-	5	None
26.0	1.0	9	F2	41	True	9.0	1.0	18.0	V7	True	('F', 'A', 'C', 'E-')	F	F	0.0	dominant seventh chord	(0, 3, 5, 9)	b-	b-	5	None
26.5	0.5	9	C5	72	True	9.0	1.0	18.0	V7	False	('F', 'A', 'C', 'E-')	F	F	0.0	dominant seventh chord	(0, 3, 5, 9)	b-	b-	5	None
26.5	0.5	9	E-4	63	True	9.0	1.0	18.0	V7	False	('F', 'A', 'C', 'E-')	F	F	0.0	dominant seventh chord	(0, 3, 5, 9)	b-	b-	5	None
26.5	0.5	9	A4	69	True	9.0	1.0	18.0	V7	False	('F', 'A', 'C', 'E-')	F	F	0.0	dominant seventh chord	(0, 3, 5, 9)	b-	b-	5	None
26.5	0.5	9	C5	72	True	9.0	1.0	18.0	V7	False	('F', 'A', 'C', 'E-')	F	F	0.0	dominant seventh chord	(0, 3, 5, 9)	b-	b-	5	None
27.0	0.5	10	C5	72	True	10.0	3.0	19.0	I	True	('B-', 'D', 'F')	B-	B-	0.0	major triad	(2, 5, 10)	b-	b-	1	None
27.0	0.5	10	E-4	63	True	10.0	3.0	19.0	I	True	('B-', 'D', 'F')	B-	B-	0.0	major triad	(2, 5, 10)	b-	b-	1	None
27.0	0.5	10	F4	65	True	10.0	3.0	19.0	I	True	('B-', 'D', 'F')	B-	B-	0.0	major triad	(2, 5, 10)	b-	b-	1	None
27.0	0.5	10	C5	72	True	10.0	3.0	19.0	I	True	('B-', 'D', 'F')	B-	B-	0.0	major triad	(2, 5, 10)	b-	b-	1	None
27.0	3.0	10	B-1	34	True	10.0	3.0	19.0	I	True	('B-', 'D', 'F')	B-	B-	0.0	major triad	(2, 5, 10)	b-	b-	1	None
27.0	3.0	10	B-2	46	True	10.0	3.0	19.0	I	True	('B-', 'D', 'F')	B-	B-	0.0	major triad	(2, 5, 10)	b-	b-	1	None
27.5	0.5	10	B-4	70	True	10.0	3.0	19.0	I	False	('B-', 'D', 'F')	B-	B-	0.0	major triad	(2, 5, 10)	b-	b-	1	None
27.5	0.5	10	D4	62	True	10.0	3.0	19.0	I	False	('B-', 'D', 'F')	B-	B-	0.0	major triad	(2, 5, 10)	b-	b-	1	None
27.5	0.5	10	F4	65	True	10.0	3.0	19.0	I	False	('B-', 'D', 'F')	B-	B-	0.0	major triad	(2, 5, 10)	b-	b-	1	None
27.5	0.5	10	B-4	70	True	10.0	3.0	19.0	I	False	('B-', 'D', 'F')	B-	B-	0.0	major triad	(2, 5, 10)	b-	b-	1	None
28.0	1.0	10	B-4	70	True	10.0	3.0	19.0	I	False	('B-', 'D', 'F')	B-	B-	0.0	major triad	(2, 5, 10)	b-	b-	1	None
28.0	0.5	10	D4	62	True	10.0	3.0	19.0	I	False	('B-', 'D', 'F')	B-	B-	0.0	major triad	(2, 5, 10)	b-	b-	1	None
28.0	0.5	10	F4	65	True	10.0	3.0	19.0	I	False	('B-', 'D', 'F')	B-	B-	0.0	major triad	(2, 5, 10)	b-	b-	1	None
28.0	0.5	10	B-4	70	True	10.0	3.0	19.0	I	False	('B-', 'D', 'F')	B-	B-	0.0	major triad	(2, 5, 10)	b-	b-	1	None
28.5	0.5	10	D4	62	True	10.0	3.0	19.0	I	False	('B-', 'D', 'F')	B-	B-	0.0	major triad	(2, 5, 10)	b-	b-	1	None
28.5	0.5	10	F4	65	True	10.0	3.0	19.0	I	False	('B-', 'D', 'F')	B-	B-	0.0	major triad	(2, 5, 10)	b-	b-	1	None
28.5	0.5	10	B-4	70	True	10.0	3.0	19.0	I	False	('B-', 'D', 'F')	B-	B-	0.0	major triad	(2, 5, 10)	b-	b-	1	None
29.0	0.25	10	B-4	70	False	10.0	3.0	19.0	I	False	('B-', 'D', 'F')	B-	B-	0.0	major triad	(2, 5, 10)	b-	b-	1	None
29.0	0.5	10	D4	62	True	10.0	3.0	19.0	I	False	('B-', 'D', 'F')	B-	B-	0.0	major triad	(2, 5, 10)	b-	b-	1	None
29.0	0.5	10	F4	65	True	10.0	3.0	19.0	I	False	('B-', 'D', 'F')	B-	B-	0.0	major triad	(2, 5, 10)	b-	b-	1	None
29.0	0.5	10	B-4	70	True	10.0	3.0	19.0	I	False	('B-', 'D', 'F')	B-	B-	0.0	major triad	(2, 5, 10)	b-	b-	1	None
29.5	0.5	10	B-4	70	True	10.0	3.0	19.0	I	False	('B-', 'D', 'F')	B-	B-	0.0	major triad	(2, 5, 10)	b-	b-	1	None
29.5	0.5	10	D4	62	True	10.0	3.0	19.0	I	False	('B-', 'D', 'F')	B-	B-	0.0	major triad	(2, 5, 10)	b-	b-	1	None
29.5	0.5	10	F4	65	True	10.0	3.0	19.0	I	False	('B-', 'D', 'F')	B-	B-	0.0	major triad	(2, 5, 10)	b-	b-	1	None
29.5	0.5	10	B-4	70	True	10.0	3.0	19.0	I	False	('B-', 'D', 'F')	B-	B-	0.0	major triad	(2, 5, 10)	b-	b-	1	None
30.0	0.5	11	C5	72	True	11.0	3.0	20.0	V7	True	('B-', 'C', 'E', 'G')	B-	C	3.0	dominant seventh chord	(0, 4, 7, 10)	f	f	5	None
30.0	3.0	11	C5	72	True	11.0	3.0	20.0	V7	True	('B-', 'C', 'E', 'G')	B-	C	3.0	dominant seventh chord	(0, 4, 7, 10)	f	f	5	None
30.0	0.5	11	C4	60	True	11.0	3.0	20.0	V7	True	('B-', 'C', 'E', 'G')	B-	C	3.0	dominant seventh chord	(0, 4, 7, 10)	f	f	5	None
30.0	0.5	11	E4	64	True	11.0	3.0	20.0	V7	True	('B-', 'C', 'E', 'G')	B-	C	3.0	dominant seventh chord	(0, 4, 7, 10)	f	f	5	None
30.0	0.5	11	G4	67	True	11.0	3.0	20.0	V7	True	('B-', 'C', 'E', 'G')	B-	C	3.0	dominant seventh chord	(0, 4, 7, 10)	f	f	5	None
30.0	1.0	11	B-1	34	True	11.0	3.0	20.0	V7	True	('B-', 'C', 'E', 'G')	B-	C	3.0	dominant seventh chord	(0, 4, 7, 10)	f	f	5	None
30.0	1.0	11	B-2	46	True	11.0	3.0	20.0	V7	True	('B-', 'C', 'E', 'G')	B-	C	3.0	dominant seventh chord	(0, 4, 7, 10)	f	f	5	None
30.0	0.5	11	B-1	34	True	11.0	3.0	20.0	V7	True	('B-', 'C', 'E', 'G')	B-	C	3.0	dominant seventh chord	(0, 4, 7, 10)	f	f	5	None
30.5	0.5	11	C5	72	True	11.0	3.0	20.0	V7	False	('B-', 'C', 'E', 'G')	B-	C	3.0	dominant seventh chord	(0, 4, 7, 10)	f	f	5	None
30.5	0.5	11	C4	60	True	11.0	3.0	20.0	V7	False	('B-', 'C', 'E', 'G')	B-	C	3.0	dominant seventh chord	(0, 4, 7, 10)	f	f	5	None
30.5	0.5	11	E4	64	True	11.0	3.0	20.0	V7	False	('B-', 'C', 'E', 'G')	B-	C	3.0	dominant seventh chord	(0, 4, 7, 10)	f	f	5	None
30.5	0.5	11	G4	67	True	11.0	3.0	20.0	V7	False	('B-', 'C', 'E', 'G')	B-	C	3.0	dominant seventh chord	(0, 4, 7, 10)	f	f	5	None
30.5	0.5	11	C2	36	True	11.0	3.0	20.0	V7	False	('B-', 'C', 'E', 'G')	B-	C	3.0	dominant seventh chord	(0, 4, 7, 10)	f	f	5	None
31.0	0.5	11	C5	72	True	11.0	3.0	20.0	V7	False	('B-', 'C', 'E', 'G')	B-	C	3.0	dominant seventh chord	(0, 4, 7, 10)	f	f	5	None
31.0	0.5	11	C4	60	True	11.0	3.0	20.0	V7	False	('B-', 'C', 'E', 'G')	B-	C	3.0	dominant seventh chord	(0, 4, 7, 10)	f	f	5	None
31.0	0.5	11	E4	64	True	11.0	3.0	20.0	V7	False	('B-', 'C', 'E', 'G')	B-	C	3.0	dominant seventh chord	(0, 4, 7, 10)	f	f	5	None
31.0	0.5	11	G4	67	True	11.0	3.0	20.0	V7	False	('B-', 'C', 'E', 'G')	B-	C	3.0	dominant seventh chord	(0, 4, 7, 10)	f	f	5	None
31.0	1.0	11	B-1	34	True	11.0	3.0	20.0	V7	False	('B-', 'C', 'E', 'G')	B-	C	3.0	dominant seventh chord	(0, 4, 7, 10)	f	f	5	None
31.0	1.0	11	B-2	46	True	11.0	3.0	20.0	V7	False	('B-', 'C', 'E', 'G')	B-	C	3.0	dominant seventh chord	(0, 4, 7, 10)	f	f	5	None
31.0	0.5	11	B-1	34	True	11.0	3.0	20.0	V7	False	('B-', 'C', 'E', 'G')	B-	C	3.0	dominant seventh chord	(0, 4, 7, 10)	f	f	5	None
31.5	0.5	11	C5	72	True	11.0	3.0	20.0	V7	False	('B-', 'C', 'E', 'G')	B-	C	3.0	dominant seventh chord	(0, 4, 7, 10)	f	f	5	None
31.5	0.5	11	C4	60	True	11.0	3.0	20.0	V7	False	('B-', 'C', 'E', 'G')	B-	C	3.0	dominant seventh chord	(0, 4, 7, 10)	f	f	5	None
31.5	0.5	11	E4	64	True	11.0	3.0	20.0	V7	False	('B-', 'C', 'E', 'G')	B-	C	3.0	dominant seventh chord	(0, 4, 7, 10)	f	f	5	None
31.5	0.5	11	G4	67	True	11.0	3.0	20.0	V7	False	('B-', 'C', 'E', 'G')	B-	C	3.0	dominant seventh chord	(0, 4, 7, 10)	f	f	5	None
31.5	0.5	11	C2	36	True	11.0	3.0	20.0	V7	False	('B-', 'C', 'E', 'G')	B-	C	3.0	dominant seventh chord	(0, 4, 7, 10)	f	f	5	None
32.0	0.5	11	C5	72	True	11.0	3.0	20.0	V7	False	('B-', 'C', 'E', 'G')	B-	C	3.0	dominant seventh chord	(0, 4, 7, 10)	f	f	5	None
32.0	0.5	11	C4	60	True	11.0	3.0	20.0	V7	False	('B-', 'C', 'E', 'G')	B-	C	3.0	dominant seventh chord	(0, 4, 7, 10)	f	f	5	None
32.0	0.5	11	E4	64	True	11.0	3.0	20.0	V7	False	('B-', 'C', 'E', 'G')	B-	C	3.0	dominant seventh chord	(0, 4, 7, 10)	f	f	5	None
32.0	0.5	11	G4	67	True	11.0	3.0	20.0	V7	False	('B-', 'C', 'E', 'G')	B-	C	3.0	dominant seventh chord	(0, 4, 7, 10)	f	f	5	None
32.0	1.0	11	B-1	34	True	11.0	3.0	20.0	V7	False	('B-', 'C', 'E', 'G')	B-	C	3.0	dominant seventh chord	(0, 4, 7, 10)	f	f	5	None
32.0	1.0	11	B-2	46	True	11.0	3.0	20.0	V7	False	('B-', 'C', 'E', 'G')	B-	C	3.0	dominant seventh chord	(0, 4, 7, 10)	f	f	5	None
32.0	0.5	11	B-1	34	True	11.0	3.0	20.0	V7	False	('B-', 'C', 'E', 'G')	B-	C	3.0	dominant seventh chord	(0, 4, 7, 10)	f	f	5	None
32.5	0.5	11	C5	72	True	11.0	3.0	20.0	V7	False	('B-', 'C', 'E', 'G')	B-	C	3.0	dominant seventh chord	(0, 4, 7, 10)	f	f	5	None
32.5	0.5	11	C4	60	True	11.0	3.0	20.0	V7	False	('B-', 'C', 'E', 'G')	B-	C	3.0	dominant seventh chord	(0, 4, 7, 10)	f	f	5	None
32.5	0.5	11	E4	64	True	11.0	3.0	20.0	V7	False	('B-', 'C', 'E', 'G')	B-	C	3.0	dominant seventh chord	(0, 4, 7, 10)	f	f	5	None
32.5	0.5	11	G4	67	True	11.0	3.0	20.0	V7	False	('B-', 'C', 'E', 'G')	B-	C	3.0	dominant seventh chord	(0, 4, 7, 10)	f	f	5	None
32.5	0.5	11	C2	36	True	11.0	3.0	20.0	V7	False	('B-', 'C', 'E', 'G')	B-	C	3.0	dominant seventh chord	(0, 4, 7, 10)	f	f	5	None
33.0	1.0	12	F5	77	True	12.0	3.0	21.0	ivb7	True	('B-', 'D-', 'F', 'A--')	B-	B-	0.0	half-diminished seventh chord	(1, 5, 7, 10)	f	f	4	None
33.0	3.0	12	D-5	73	True	12.0	3.0	21.0	ivb7	True	('B-', 'D-', 'F', 'A--')	B-	B-	0.0	half-diminished seventh chord	(1, 5, 7, 10)	f	f	4	None
33.0	0.5	12	D-4	61	True	12.0	3.0	21.0	ivb7	True	('B-', 'D-', 'F', 'A--')	B-	B-	0.0	half-diminished seventh chord	(1, 5, 7, 10)	f	f	4	None
33.0	0.5	12	F4	65	True	12.0	3.0	21.0	ivb7	True	('B-', 'D-', 'F', 'A--')	B-	B-	0.0	half-diminished seventh chord	(1, 5, 7, 10)	f	f	4	None
33.0	0.5	12	A-4	68	True	12.0	3.0	21.0	ivb7	True	('B-', 'D-', 'F', 'A--')	B-	B-	0.0	half-diminished seventh chord	(1, 5, 7, 10)	f	f	4	None
33.0	1.0	12	B-1	34	True	12.0	3.0	21.0	ivb7	True	('B-', 'D-', 'F', 'A--')	B-	B-	0.0	half-diminished seventh chord	(1, 5, 7, 10)	f	f	4	None
33.0	1.0	12	B-2	46	True	12.0	3.0	21.0	ivb7	True	('B-', 'D-', 'F', 'A--')	B-	B-	0.0	half-diminished seventh chord	(1, 5, 7, 10)	f	f	4	None
33.0	0.5	12	B-1	34	True	12.0	3.0	21.0	ivb7	True	('B-', 'D-', 'F', 'A--')	B-	B-	0.0	half-diminished seventh chord	(1, 5, 7, 10)	f	f	4	None
33.5	0.5	12	D-4	61	True	12.0	3.0	21.0	ivb7	False	('B-', 'D-', 'F', 'A--')	B-	B-	0.0	half-diminished seventh chord	(1, 5, 7, 10)	f	f	4	None
33.5	0.5	12	F4	65	True	12.0	3.0	21.0	ivb7	False	('B-', 'D-', 'F', 'A--')	B-	B-	0.0	half-diminished seventh chord	(1, 5, 7, 10)	f	f	4	None
33.5	0.5	12	A-4	68	True	12.0	3.0	21.0	ivb7	False	('B-', 'D-', 'F', 'A--')	B-	B-	0.0	half-diminished seventh chord	(1, 5, 7, 10)	f	f	4	None
33.5	0.5	12	C2	36	True	12.0	3.0	21.0	ivb7	False	('B-', 'D-', 'F', 'A--')	B-	B-	0.0	half-diminished seventh chord	(1, 5, 7, 10)	f	f	4	None
34.0	1.5	12	A-4	68	True	12.0	3.0	21.0	ivb7	False	('B-', 'D-', 'F', 'A--')	B-	B-	0.0	half-diminished seventh chord	(1, 5, 7, 10)	f	f	4	None
34.0	0.5	12	D-4	61	True	12.0	3.0	21.0	ivb7	False	('B-', 'D-', 'F', 'A--')	B-	B-	0.0	half-diminished seventh chord	(1, 5, 7, 10)	f	f	4	None
34.0	0.5	12	F4	65	True	12.0	3.0	21.0	ivb7	False	('B-', 'D-', 'F', 'A--')	B-	B-	0.0	half-diminished seventh chord	(1, 5, 7, 10)	f	f	4	None
34.0	0.5	12	A-4	68	True	12.0	3.0	21.0	ivb7	False	('B-', 'D-', 'F', 'A--')	B-	B-	0.0	half-diminished seventh chord	(1, 5, 7, 10)	f	f	4	None
34.0	1.0	12	B-1	34	True	12.0	3.0	21.0	ivb7	False	('B-', 'D-', 'F', 'A--')	B-	B-	0.0	half-diminished seventh chord	(1, 5, 7, 10)	f	f	4	None
34.0	1.0	12	B-2	46	True	12.0	3.0	21.0	ivb7	False	('B-', 'D-', 'F', 'A--')	B-	B-	0.0	half-diminished seventh chord	(1, 5, 7, 10)	f	f	4	None
34.0	0.5	12	B-1	34	True	12.0	3.0	21.0	ivb7	False	('B-', 'D-', 'F', 'A--')	B-	B-	0.0	half-diminished seventh chord	(1, 5, 7, 10)	f	f	4	None
34.5	0.5	12	D-4	61	True	12.0	3.0	21.0	ivb7	False	('B-', 'D-', 'F', 'A--')	B-	B-	0.0	half-diminished seventh chord	(1, 5, 7, 10)	f	f	4	None
34.5	0.5	12	F4	65	True	12.0	3.0	21.0	ivb7	False	('B-', 'D-', 'F', 'A--')	B-	B-	0.0	half-diminished seventh chord	(1, 5, 7, 10)	f	f	4	None
34.5	0.5	12	A-4	68	True	12.0	3.0	21.0	ivb7	False	('B-', 'D-', 'F', 'A--')	B-	B-	0.0	half-diminished seventh chord	(1, 5, 7, 10)	f	f	4	None
34.5	0.5	12	C2	36	True	12.0	3.0	21.0	ivb7	False	('B-', 'D-', 'F', 'A--')	B-	B-	0.0	half-diminished seventh chord	(1, 5, 7, 10)	f	f	4	None
35.0	0.5	12	D-4	61	True	12.0	3.0	21.0	ivb7	False	('B-', 'D-', 'F', 'A--')	B-	B-	0.0	half-diminished seventh chord	(1, 5, 7, 10)	f	f	4	None
35.0	0.5	12	F4	65	True	12.0	3.0	21.0	ivb7	False	('B-', 'D-', 'F', 'A--')	B-	B-	0.0	half-diminished seventh chord	(1, 5, 7, 10)	f	f	4	None
35.0	0.5	12	A-4	68	True	12.0	3.0	21.0	ivb7	False	('B-', 'D-', 'F', 'A--')	B-	B-	0.0	half-diminished seventh chord	(1, 5, 7, 10)	f	f	4	None
35.0	1.0	12	B-1	34	True	12.0	3.0	21.0	ivb7	False	('B-', 'D-', 'F', 'A--')	B-	B-	0.0	half-diminished seventh chord	(1, 5, 7, 10)	f	f	4	None
35.0	1.0	12	B-2	46	True	12.0	3.0	21.0	ivb7	False	('B-', 'D-', 'F', 'A--')	B-	B-	0.0	half-diminished seventh chord	(1, 5, 7, 10)	f	f	4	None
35.0	0.5	12	B-1	34	True	12.0	3.0	21.0	ivb7	False	('B-', 'D-', 'F', 'A--')	B-	B-	0.0	half-diminished seventh chord	(1, 5, 7, 10)	f	f	4	None
35.5	0.5	12	D-5	73	True	12.0	3.0	21.0	ivb7	False	('B-', 'D-', 'F', 'A--')	B-	B-	0.0	half-diminished seventh chord	(1, 5, 7, 10)	f	f	4	None
35.5	0.5	12	D-4	61	True	12.0	3.0	21.0	ivb7	False	('B-', 'D-', 'F', 'A--')	B-	B-	0.0	half-diminished seventh chord	(1, 5, 7, 10)	f	f	4	None
35.5	0.5	12	F4	65	True	12.0	3.0	21.0	ivb7	False	('B-', 'D-', 'F', 'A--')	B-	B-	0.0	half-diminished seventh chord	(1, 5, 7, 10)	f	f	4	None
35.5	0.5	12	A-4	68	True	12.0	3.0	21.0	ivb7	False	('B-', 'D-', 'F', 'A--')	B-	B-	0.0	half-diminished seventh chord	(1, 5, 7, 10)	f	f	4	None
35.5	0.5	12	C2	36	True	12.0	3.0	21.0	ivb7	False	('B-', 'D-', 'F', 'A--')	B-	B-	0.0	half-diminished seventh chord	(1, 5, 7, 10)	f	f	4	None
36.0	0.5	13	D5	74	True	13.0	3.0	22.0	V+7	True	('B-', 'D', 'F#', 'A-')	B-	B-	0.0	augmented seventh chord	(2, 6, 8, 10)	E-	E-	5	None
36.0	3.0	13	D5	74	True	13.0	3.0	22.0	V+7	True	('B-', 'D', 'F#', 'A-')	B-	B-	0.0	augmented seventh chord	(2, 6, 8, 10)	E-	E-	5	None
36.0	0.5	13	D4	62	True	13.0	3.0	22.0	V+7	True	('B-', 'D', 'F#', 'A-')	B-	B-	0.0	augmented seventh chord	(2, 6, 8, 10)	E-	E-	5	None
36.0	0.5	13	F#4	66	True	13.0	3.0	22.0	V+7	True	('B-', 'D', 'F#', 'A-')	B-	B-	0.0	augmented seventh chord	(2, 6, 8, 10)	E-	E-	5	None
36.0	0.5	13	A4	69	True	13.0	3.0	22.0	V+7	True	('B-', 'D', 'F#', 'A-')	B-	B-	0.0	augmented seventh chord	(2, 6, 8, 10)	E-	E-	5	None
36.0	1.0	13	B-1	34	True	13.0	3.0	22.0	V+7	True	('B-', 'D', 'F#', 'A-')	B-	B-	0.0	augmented seventh chord	(2, 6, 8, 10)	E-	E-	5	None
36.0	1.0	13	B-2	46	True	13.0	3.0	22.0	V+7	True	('B-', 'D', 'F#', 'A-')	B-	B-	0.0	augmented seventh chord	(2, 6, 8, 10)	E-	E-	5	None
36.0	0.5	13	B-1	34	True	13.0	3.0	22.0	V+7	True	('B-', 'D', 'F#', 'A-')	B-	B-	0.0	augmented seventh chord	(2, 6, 8, 10)	E-	E-	5	None
36.5	0.5	13	D5	74	True	13.0	3.0	22.0	V+7	False	('B-', 'D', 'F#', 'A-')	B-	B-	0.0	augmented seventh chord	(2, 6, 8, 10)	E-	E-	5	None
36.5	0.5	13	D4	62	True	13.0	3.0	22.0	V+7	False	('B-', 'D', 'F#', 'A-')	B-	B-	0.0	augmented seventh chord	(2, 6, 8, 10)	E-	E-	5	None
36.5	0.5	13	F#4	66	True	13.0	3.0	22.0	V+7	False	('B-', 'D', 'F#', 'A-')	B-	B-	0.0	augmented seventh chord	(2, 6, 8, 10)	E-	E-	5	None
36.5	0.5	13	A4	69	True	13.0	3.0	22.0	V+7	False	('B-', 'D', 'F#', 'A-')	B-	B-	0.0	augmented seventh chord	(2, 6, 8, 10)	E-	E-	5	None
36.5	0.5	13	C2	36	True	13.0	3.0	22.0	V+7	False	('B-', 'D', 'F#', 'A-')	B-	B-	0.0	augmented seventh chord	(2, 6, 8, 10)	E-	E-	5	None
37.0	0.5	13	D5	74	True	13.0	3.0	22.0	V+7	False	('B-', 'D', 'F#', 'A-')	B-	B-	0.0	augmented seventh chord	(2, 6, 8, 10)	E-	E-	5	None
37.0	0.5	13	D4	62	True	13.0	3.0	22.0	V+7	False	('B-', 'D', 'F#', 'A-')	B-	B-	0.0	augmented seventh chord	(2, 6, 8, 10)	E-	E-	5	None
37.0	0.5	13	F#4	66	True	13.0	3.0	22.0	V+7	False	('B-', 'D', 'F#', 'A-')	B-	B-	0.0	augmented seventh chord	(2, 6, 8, 10)	E-	E-	5	None
37.0	0.5	13	A4	69	True	13.0	3.0	22.0	V+7	False	('B-', 'D', 'F#', 'A-')	B-	B-	0.0	augmented seventh chord	(2, 6, 8, 10)	E-	E-	5	None
37.0	1.0	13	B-1	34	True	13.0	3.0	22.0	V+7	False	('B-', 'D', 'F#', 'A-')	B-	B-	0.0	augmented seventh chord	(2, 6, 8, 10)	E-	E-	5	None
37.0	1.0	13	B-2	46	True	13.0	3.0	22.0	V+7	False	('B-', 'D', 'F#', 'A-')	B-	B-	0.0	augmented seventh chord	(2, 6, 8, 10)	E-	E-	5	None
37.0	0.5	13	B-1	34	True	13.0	3.0	22.0	V+7	False	('B-', 'D', 'F#', 'A-')	B-	B-	0.0	augmented seventh chord	(2, 6, 8, 10)	E-	E-	5	None
37.5	0.5	13	D5	74	True	13.0	3.0	22.0	V+7	False	('B-', 'D', 'F#', 'A-')	B-	B-	0.0	augmented seventh chord	(2, 6, 8, 10)	E-	E-	5	None
37.5	0.5	13	D4	62	True	13.0	3.0	22.0	V+7	False	('B-', 'D', 'F#', 'A-')	B-	B-	0.0	augmented seventh chord	(2, 6, 8, 10)	E-	E-	5	None
37.5	0.5	13	F#4	66	True	13.0	3.0	22.0	V+7	False	('B-', 'D', 'F#', 'A-')	B-	B-	0.0	augmented seventh chord	(2, 6, 8, 10)	E-	E-	5	None
37.5	0.5	13	A4	69	True	13.0	3.0	22.0	V+7	False	('B-', 'D', 'F#', 'A-')	B-	B-	0.0	augmented seventh chord	(2, 6, 8, 10)	E-	E-	5	None
37.5	0.5	13	C2	36	True	13.0	3.0	22.0	V+7	False	('B-', 'D', 'F#', 'A-')	B-	B-	0.0	augmented seventh chord	(2, 6, 8, 10)	E-	E-	5	None
38.0	0.75	13	D5	74	True	13.0	3.0	22.0	V+7	False	('B-', 'D', 'F#', 'A-')	B-	B-	0.0	augmented seventh chord	(2, 6, 8, 10)	E-	E-	5	None
38.0	0.5	13	D4	62	True	13.0	3.0	22.0	V+7	False	('B-', 'D', 'F#', 'A-')	B-	B-	0.0	augmented seventh chord	(2, 6, 8, 10)	E-	E-	5	None
38.0	0.5	13	F#4	66	True	13.0	3.0	22.0	V+7	False	('B-', 'D', 'F#', 'A-')	B-	B-	0.0	augmented seventh chord	(2, 6, 8, 10)	E-	E-	5	None
38.0	0.5	13	A4	69	True	13.0	3.0	22.0	V+7	False	('B-', 'D', 'F#', 'A-')	B-	B-	0.0	augmented seventh chord	(2, 6, 8, 10)	E-	E-	5	None
38.0	1.0	13	B-1	34	True	13.0	3.0	22.0	V+7	False	('B-', 'D', 'F#', 'A-')	B-	B-	0.0	augmented seventh chord	(2, 6, 8, 10)	E-	E-	5	None
38.0	1.0	13	B-2	46	True	13.0	3.0	22.0	V+7	False	('B-', 'D', 'F#', 'A-')	B-	B-	0.0	augmented seventh chord	(2, 6, 8, 10)	E-	E-	5	None
38.0	0.5	13	B-1	34	True	13.0	3.0	22.0	V+7	False	('B-', 'D', 'F#', 'A-')	B-	B-	0.0	augmented seventh chord	(2, 6, 8, 10)	E-	E-	5	None
38.5	0.5	13	D4	62	True	13.0	3.0	22.0	V+7	False	('B-', 'D', 'F#', 'A-')	B-	B-	0.0	augmented seventh chord	(2, 6, 8, 10)	E-	E-	5	None
38.5	0.5	13	F#4	66	True	13.0	3.0	22.0	V+7	False	('B-', 'D', 'F#', 'A-')	B-	B-	0.0	augmented seventh chord	(2, 6, 8, 10)	E-	E-	5	None
38.5	0.5	13	A4	69	True	13.0	3.0	22.0	V+7	False	('B-', 'D', 'F#', 'A-')	B-	B-	0.0	augmented seventh chord	(2, 6, 8, 10)	E-	E-	5	None
38.5	0.5	13	C2	36	True	13.0	3.0	22.0	V+7	False	('B-', 'D', 'F#', 'A-')	B-	B-	0.0	augmented seventh chord	(2, 6, 8, 10)	E-	E-	5	None
38.75	0.25	13	D5	74	True	13.0	3.0	22.0	V+7	False	('B-', 'D', 'F#', 'A-')	B-	B-	0.0	augmented seventh chord	(2, 6, 8, 10)	E-	E-	5	None
39.0	2.0	14	G5	79	True	14.0	2.0	23.0	I	True	('B-', 'E-', 'G')	B-	E-	2.0	major triad	(3, 7, 10)	E-	E-	1	None
39.0	1.0	14	E-5	75	True	14.0	2.0	23.0	I	True	('B-', 'E-', 'G')	B-	E-	2.0	major triad	(3, 7, 10)	E-	E-	1	None
39.0	0.5	14	E-4	63	True	14.0	2.0	23.0	I	True	('B-', 'E-', 'G')	B-	E-	2.0	major triad	(3, 7, 10)	E-	E-	1	None
39.0	0.5	14	G4	67	True	14.0	2.0	23.0	I	True	('B-', 'E-', 'G')	B-	E-	2.0	major triad	(3, 7, 10)	E-	E-	1	None
39.0	0.5	14	A4	69	True	14.0	2.0	23.0	I	True	('B-', 'E-', 'G')	B-	E-	2.0	major triad	(3, 7, 10)	E-	E-	1	None
39.0	1.0	14	B-1	34	True	14.0	2.0	23.0	I	True	('B-', 'E-', 'G')	B-	E-	2.0	major triad	(3, 7, 10)	E-	E-	1	None
39.0	1.0	14	B-2	46	True	14.0	2.0	23.0	I	True	('B-', 'E-', 'G')	B-	E-	2.0	major triad	(3, 7, 10)	E-	E-	1	None
39.5	0.5	14	E-4	63	True	14.0	2.0	23.0	I	False	('B-', 'E-', 'G')	B-	E-	2.0	major triad	(3, 7, 10)	E-	E-	1	None
39.5	0.5	14	G4	67	True	14.0	2.0	23.0	I	False	('B-', 'E-', 'G')	B-	E-	2.0	major triad	(3, 7, 10)	E-	E-	1	None
39.5	0.5	14	A4	69	True	14.0	2.0	23.0	I	False	('B-', 'E-', 'G')	B-	E-	2.0	major triad	(3, 7, 10)	E-	E-	1	None
40.0	0.5	14	E-4	63	True	14.0	2.0	23.0	I	False	('B-', 'E-', 'G')	B-	E-	2.0	major triad	(3, 7, 10)	E-	E-	1	None
40.0	0.5	14	G4	67	True	14.0	2.0	23.0	I	False	('B-', 'E-', 'G')	B-	E-	2.0	major triad	(3, 7, 10)	E-	E-	1	None
40.0	0.5	14	B-4	70	True	14.0	2.0	23.0	I	False	('B-', 'E-', 'G')	B-	E-	2.0	major triad	(3, 7, 10)	E-	E-	1	None
40.0	1.0	14	B-3	58	True	14.0	2.0	23.0	I	False	('B-', 'E-', 'G')	B-	E-	2.0	major triad	(3, 7, 10)	E-	E-	1	None
40.5	0.5	14	E-4	63	True	14.0	2.0	23.0	I	False	('B-', 'E-', 'G')	B-	E-	2.0	major triad	(3, 7, 10)	E-	E-	1	None
40.5	0.5	14	G4	67	True	14.0	2.0	23.0	I	False	('B-', 'E-', 'G')	B-	E-	2.0	major triad	(3, 7, 10)	E-	E-	1	None
40.5	0.5	14	B-4	70	True	14.0	2.0	23.0	I	False	('B-', 'E-', 'G')	B-	E-	2.0	major triad	(3, 7, 10)	E-	E-	1	None
41.0	0.5	14	G5	79	True	14.0	1.0	24.0	I+	True	('B', 'E-', 'G')	B	E-	2.0	augmented triad	(3, 7, 11)	E-	E-	1	None
41.0	0.5	14	E-4	63	True	14.0	1.0	24.0	I+	True	('B', 'E-', 'G')	B	E-	2.0	augmented triad	(3, 7, 11)	E-	E-	1	None
41.0	0.5	14	G4	67	True	14.0	1.0	24.0	I+	True	('B', 'E-', 'G')	B	E-	2.0	augmented triad	(3, 7, 11)	E-	E-	1	None
41.0	0.5	14	B4	71	True	14.0	1.0	24.0	I+	True	('B', 'E-', 'G')	B	E-	2.0	augmented triad	(3, 7, 11)	E-	E-	1	None
41.0	1.0	14	B3	59	True	14.0	1.0	24.0	I+	True	('B', 'E-', 'G')	B	E-	2.0	augmented triad	(3, 7, 11)	E-	E-	1	None
41.5	0.5	14	G5	79	True	14.0	1.0	24.0	I+	False	('B', 'E-', 'G')	B	E-	2.0	augmented triad	(3, 7, 11)	E-	E-	1	None
41.5	0.5	14	E-4	63	True	14.0	1.0	24.0	I+	False	('B', 'E-', 'G')	B	E-	2.0	augmented triad	(3, 7, 11)	E-	E-	1	None
41.5	0.5	14	G4	67	True	14.0	1.0	24.0	I+	False	('B', 'E-', 'G')	B	E-	2.0	augmented triad	(3, 7, 11)	E-	E-	1	None
41.5	0.5	14	B4	71	True	14.0	1.0	24.0	I+	False	('B', 'E-', 'G')	B	E-	2.0	augmented triad	(3, 7, 11)	E-	E-	1	None
42.0	1.0	15	A-5	80	True	15.0	2.0	25.0	V9	True	('B-', 'D', 'F', 'A-', 'C')	B-	B-	0.0	dominant-ninth	(0, 2, 5, 8, 10)	E-	E-	5	None
42.0	2.0	15	D4	62	True	15.0	2.0	25.0	V9	True	('B-', 'D', 'F', 'A-', 'C')	B-	B-	0.0	dominant-ninth	(0, 2, 5, 8, 10)	E-	E-	5	None
42.0	2.0	15	A-4	68	True	15.0	2.0	25.0	V9	True	('B-', 'D', 'F', 'A-', 'C')	B-	B-	0.0	dominant-ninth	(0, 2, 5, 8, 10)	E-	E-	5	None
42.0	2.0	15	C5	72	True	15.0	2.0	25.0	V9	True	('B-', 'D', 'F', 'A-', 'C')	B-	B-	0.0	dominant-ninth	(0, 2, 5, 8, 10)	E-	E-	5	None
42.0	2.0	15	B-2	46	True	15.0	2.0	25.0	V9	True	('B-', 'D', 'F', 'A-', 'C')	B-	B-	0.0	dominant-ninth	(0, 2, 5, 8, 10)	E-	E-	5	None
42.0	2.0	15	F3	53	True	15.0	2.0	25.0	V9	True	('B-', 'D', 'F', 'A-', 'C')	B-	B-	0.0	dominant-ninth	(0, 2, 5, 8, 10)	E-	E-	5	None
42.0	2.0	15	B-3	58	True	15.0	2.0	25.0	V9	True	('B-', 'D', 'F', 'A-', 'C')	B-	B-	0.0	dominant-ninth	(0, 2, 5, 8, 10)	E-	E-	5	None
43.0	0.5	15	G5	79	True	15.0	2.0	25.0	V9	False	('B-', 'D', 'F', 'A-', 'C')	B-	B-	0.0	dominant-ninth	(0, 2, 5, 8, 10)	E-	E-	5	None
43.5	0.5	15	F5	77	True	15.0	2.0	25.0	V9	False	('B-', 'D', 'F', 'A-', 'C')	B-	B-	0.0	dominant-ninth	(0, 2, 5, 8, 10)	E-	E-	5	None
44.0	0.5	15	E-5	75	True	15.0	1.0	26.0	V7	True	('A-', 'B-', 'D', 'F')	A-	B-	3.0	dominant seventh chord	(2, 5, 8, 10)	E-	E-	5	None
44.0	1.0	15	F5	77	True	15.0	1.0	26.0	V7	True	('A-', 'B-', 'D', 'F')	A-	B-	3.0	dominant seventh chord	(2, 5, 8, 10)	E-	E-	5	None
44.0	1.0	15	B-5	82	True	15.0	1.0	26.0	V7	True	('A-', 'B-', 'D', 'F')	A-	B-	3.0	dominant seventh chord	(2, 5, 8, 10)	E-	E-	5	None
44.0	1.0	15	F6	89	True	15.0	1.0	26.0	V7	True	('A-', 'B-', 'D', 'F')	A-	B-	3.0	dominant seventh chord	(2, 5, 8, 10)	E-	E-	5	None
44.0	1.0	15	A-4	68	True	15.0	1.0	26.0	V7	True	('A-', 'B-', 'D', 'F')	A-	B-	3.0	dominant seventh chord	(2, 5, 8, 10)	E-	E-	5	None
44.0	1.0	15	B-4	70	True	15.0	1.0	26.0	V7	True	('A-', 'B-', 'D', 'F')	A-	B-	3.0	dominant seventh chord	(2, 5, 8, 10)	E-	E-	5	None
44.0	1.0	15	D5	74	True	15.0	1.0	26.0	V7	True	('A-', 'B-', 'D', 'F')	A-	B-	3.0	dominant seventh chord	(2, 5, 8, 10)	E-	E-	5	None
44.5	0.5	15	D5	74	True	15.0	1.0	26.0	V7	False	('A-', 'B-', 'D', 'F')	A-	B-	3.0	dominant seventh chord	(2, 5, 8, 10)	E-	E-	5	None
45.0	1.0	16	F5	77	True	16.0	2.0	27.0	I	True	('E-', 'G', 'B-')	E-	E-	0.0	major triad	(3, 7, 10)	E-	E-	1	None
45.0	1.0	16	F6	89	True	16.0	2.0	27.0	I	True	('E-', 'G', 'B-')	E-	E-	0.0	major triad	(3, 7, 10)	E-	E-	1	None
45.0	1.0	16	B-6	94	True	16.0	2.0	27.0	I	True	('E-', 'G', 'B-')	E-	E-	0.0	major triad	(3, 7, 10)	E-	E-	1	None
45.0	1.0	16	F7	101	True	16.0	2.0	27.0	I	True	('E-', 'G', 'B-')	E-	E-	0.0	major triad	(3, 7, 10)	E-	E-	1	None
45.0	1.0	16	G4	67	True	16.0	2.0	27.0	I	True	('E-', 'G', 'B-')	E-	E-	0.0	major triad	(3, 7, 10)	E-	E-	1	None
45.0	1.0	16	B-4	70	True	16.0	2.0	27.0	I	True	('E-', 'G', 'B-')	E-	E-	0.0	major triad	(3, 7, 10)	E-	E-	1	None
45.0	1.0	16	F5	77	True	16.0	2.0	27.0	I	True	('E-', 'G', 'B-')	E-	E-	0.0	major triad	(3, 7, 10)	E-	E-	1	None
46.0	1.0	16	E-5	75	True	16.0	2.0	27.0	I	False	('E-', 'G', 'B-')	E-	E-	0.0	major triad	(3, 7, 10)	E-	E-	1	None
46.0	0.5	16	E-6	87	True	16.0	2.0	27.0	I	False	('E-', 'G', 'B-')	E-	E-	0.0	major triad	(3, 7, 10)	E-	E-	1	None
46.0	0.5	16	B-6	94	False	16.0	2.0	27.0	I	False	('E-', 'G', 'B-')	E-	E-	0.0	major triad	(3, 7, 10)	E-	E-	1	None
46.0	0.5	16	E-7	99	True	16.0	2.0	27.0	I	False	('E-', 'G', 'B-')	E-	E-	0.0	major triad	(3, 7, 10)	E-	E-	1	None
46.0	0.5	16	G4	67	False	16.0	2.0	27.0	I	False	('E-', 'G', 'B-')	E-	E-	0.0	major triad	(3, 7, 10)	E-	E-	1	None
46.0	0.5	16	B-4	70	False	16.0	2.0	27.0	I	False	('E-', 'G', 'B-')	E-	E-	0.0	major triad	(3, 7, 10)	E-	E-	1	None
46.0	0.5	16	E-5	75	True	16.0	2.0	27.0	I	False	('E-', 'G', 'B-')	E-	E-	0.0	major triad	(3, 7, 10)	E-	E-	1	None
47.0	0.25	16	E-5	75	False	16.0	1.0	28.0	viio7/ii	True	('E', 'G', 'B-', 'D-')	E	E	0.0	diminished seventh chord	(1, 4, 7, 10)	E-	f	#7	2
47.0	1.0	16	D-4	61	True	16.0	1.0	28.0	viio7/ii	True	('E', 'G', 'B-', 'D-')	E	E	0.0	diminished seventh chord	(1, 4, 7, 10)	E-	f	#7	2
47.0	1.0	16	G4	67	True	16.0	1.0	28.0	viio7/ii	True	('E', 'G', 'B-', 'D-')	E	E	0.0	diminished seventh chord	(1, 4, 7, 10)	E-	f	#7	2
47.0	1.0	16	E3	52	True	16.0	1.0	28.0	viio7/ii	True	('E', 'G', 'B-', 'D-')	E	E	0.0	diminished seventh chord	(1, 4, 7, 10)	E-	f	#7	2
47.0	1.0	16	B-3	58	True	16.0	1.0	28.0	viio7/ii	True	('E', 'G', 'B-', 'D-')	E	E	0.0	diminished seventh chord	(1, 4, 7, 10)	E-	f	#7	2
47.5	0.5	16	G4	67	True	16.0	1.0	28.0	viio7/ii	False	('E', 'G', 'B-', 'D-')	E	E	0.0	diminished seventh chord	(1, 4, 7, 10)	E-	f	#7	2
48.0	0.5	17	A-4	68	True	17.0	0.5	29.0	ii	True	('F', 'A-', 'C')	F	F	0.0	minor triad	(0, 5, 8)	E-	E-	2	None
48.0	0.5	17	C4	60	True	17.0	0.5	29.0	ii	True	('F', 'A-', 'C')	F	F	0.0	minor triad	(0, 5, 8)	E-	E-	2	None
48.0	0.5	17	A-4	68	True	17.0	0.5	29.0	ii	True	('F', 'A-', 'C')	F	F	0.0	minor triad	(0, 5, 8)	E-	E-	2	None
48.0	0.5	17	F3	53	True	17.0	0.5	29.0	ii	True	('F', 'A-', 'C')	F	F	0.0	minor triad	(0, 5, 8)	E-	E-	2	None
48.0	0.5	17	A-3	56	True	17.0	0.5	29.0	ii	True	('F', 'A-', 'C')	F	F	0.0	minor triad	(0, 5, 8)	E-	E-	2	None
48.5	0.5	17	G4	67	True	17.0	0.5	30.0	viio7/ii	True	('E', 'G', 'B-', 'D-')	E	E	0.0	diminished seventh chord	(1, 4, 7, 10)	E-	f	#7	2
48.5	0.5	17	D-4	61	True	17.0	0.5	30.0	viio7/ii	True	('E', 'G', 'B-', 'D-')	E	E	0.0	diminished seventh chord	(1, 4, 7, 10)	E-	f	#7	2
48.5	0.5	17	G4	67	True	17.0	0.5	30.0	viio7/ii	True	('E', 'G', 'B-', 'D-')	E	E	0.0	diminished seventh chord	(1, 4, 7, 10)	E-	f	#7	2
48.5	0.5	17	E3	52	True	17.0	0.5	30.0	viio7/ii	True	('E', 'G', 'B-', 'D-')	E	E	0.0	diminished seventh chord	(1, 4, 7, 10)	E-	f	#7	2
48.5	0.5	17	B-3	58	True	17.0	0.5	30.0	viio7/ii	True	('E', 'G', 'B-', 'D-')	E	E	0.0	diminished seventh chord	(1, 4, 7, 10)	E-	f	#7	2
49.0	0.5	17	A-4	68	True	17.0	1.0	31.0	ii	True	('F', 'A-', 'C')	F	F	0.0	minor triad	(0, 5, 8)	E-	E-	2	None
49.0	0.5	17	C4	60	True	17.0	1.0	31.0	ii	True	('F', 'A-', 'C')	F	F	0.0	minor triad	(0, 5, 8)	E-	E-	2	None
49.0	0.5	17	A-4	68	True	17.0	1.0	31.0	ii	True	('F', 'A-', 'C')	F	F	0.0	minor triad	(0, 5, 8)	E-	E-	2	None
49.0	0.5	17	F3	53	True	17.0	1.0	31.0	ii	True	('F', 'A-', 'C')	F	F	0.0	minor triad	(0, 5, 8)	E-	E-	2	None
49.0	0.5	17	A-3	56	True	17.0	1.0	31.0	ii	True	('F', 'A-', 'C')	F	F	0.0	minor triad	(0, 5, 8)	E-	E-	2	None
49.5	0.5	17	C5	72	True	17.0	1.0	31.0	ii	False	('F', 'A-', 'C')	F	F	0.0	minor triad	(0, 5, 8)	E-	E-	2	None
50.0	0.5	17	D4	62	True	17.0	1.0	32.0	V7	True	('B-', 'D', 'F', 'A-')	B-	B-	0.0	dominant seventh chord	(2, 5, 8, 10)	E-	E-	5	None
50.0	1.0	17	A-4	68	True	17.0	1.0	32.0	V7	True	('B-', 'D', 'F', 'A-')	B-	B-	0.0	dominant seventh chord	(2, 5, 8, 10)	E-	E-	5	None
50.0	1.0	17	A-3	56	True	17.0	1.0	32.0	V7	True	('B-', 'D', 'F', 'A-')	B-	B-	0.0	dominant seventh chord	(2, 5, 8, 10)	E-	E-	5	None
50.0	1.0	17	D4	62	True	17.0	1.0	32.0	V7	True	('B-', 'D', 'F', 'A-')	B-	B-	0.0	dominant seventh chord	(2, 5, 8, 10)	E-	E-	5	None
50.0	1.0	17	B-1	34	True	17.0	1.0	32.0	V7	True	('B-', 'D', 'F', 'A-')	B-	B-	0.0	dominant seventh chord	(2, 5, 8, 10)	E-	E-	5	None
50.0	1.0	17	B-2	46	True	17.0	1.0	32.0	V7	True	('B-', 'D', 'F', 'A-')	B-	B-	0.0	dominant seventh chord	(2, 5, 8, 10)	E-	E-	5	None
50.5	0.5	17	F4	65	True	17.0	1.0	32.0	V7	False	('B-', 'D', 'F', 'A-')	B-	B-	0.0	dominant seventh chord	(2, 5, 8, 10)	E-	E-	5	None
51.0	1.5	18	E-4	63	True	18.0	3.0	33.0	I	True	('E-', 'G', 'B-')	E-	E-	0.0	major triad	(3, 7, 10)	E-	E-	1	None
51.0	0.5	18	E-4	63	True	18.0	3.0	33.0	I	True	('E-', 'G', 'B-')	E-	E-	0.0	major triad	(3, 7, 10)	E-	E-	1	None
51.0	0.5	18	G4	67	True	18.0	3.0	33.0	I	True	('E-', 'G', 'B-')	E-	E-	0.0	major triad	(3, 7, 10)	E-	E-	1	None
51.0	0.5	18	G3	55	True	18.0	3.0	33.0	I	True	('E-', 'G', 'B-')	E-	E-	0.0	major triad	(3, 7, 10)	E-	E-	1	None
51.0	0.5	18	B-3	58	True	18.0	3.0	33.0	I	True	('E-', 'G', 'B-')	E-	E-	0.0	major triad	(3, 7, 10)	E-	E-	1	None
51.0	3.0	18	E-1	27	True	18.0	3.0	33.0	I	True	('E-', 'G', 'B-')	E-	E-	0.0	major triad	(3, 7, 10)	E-	E-	1	None
51.0	3.0	18	E-2	39	True	18.0	3.0	33.0	I	True	('E-', 'G', 'B-')	E-	E-	0.0	major triad	(3, 7, 10)	E-	E-	1	None
51.5	0.5	18	B-3	58	True	18.0	3.0	33.0	I	False	('E-', 'G', 'B-')	E-	E-	0.0	major triad	(3, 7, 10)	E-	E-	1	None
51.5	0.5	18	E-4	63	True	18.0	3.0	33.0	I	False	('E-', 'G', 'B-')	E-	E-	0.0	major triad	(3, 7, 10)	E-	E-	1	None
51.5	0.5	18	G4	67	True	18.0	3.0	33.0	I	False	('E-', 'G', 'B-')	E-	E-	0.0	major triad	(3, 7, 10)	E-	E-	1	None
52.0	0.5	18	B-3	58	True	18.0	3.0	33.0	I	False	('E-', 'G', 'B-')	E-	E-	0.0	major triad	(3, 7, 10)	E-	E-	1	None
52.0	0.5	18	E-4	63	True	18.0	3.0	33.0	I	False	('E-', 'G', 'B-')	E-	E-	0.0	major triad	(3, 7, 10)	E-	E-	1	None
52.0	0.5	18	G4	67	True	18.0	3.0	33.0	I	False	('E-', 'G', 'B-')	E-	E-	0.0	major triad	(3, 7, 10)	E-	E-	1	None
52.5	0.5	18	B-3	58	True	18.0	3.0	33.0	I	False	('E-', 'G', 'B-')	E-	E-	0.0	major triad	(3, 7, 10)	E-	E-	1	None
52.5	0.5	18	E-4	63	True	18.0	3.0	33.0	I	False	('E-', 'G', 'B-')	E-	E-	0.0	major triad	(3, 7, 10)	E-	E-	1	None
52.5	0.5	18	G4	67	True	18.0	3.0	33.0	I	False	('E-', 'G', 'B-')	E-	E-	0.0	major triad	(3, 7, 10)	E-	E-	1	None
53.0	0.5	18	B-3	58	True	18.0	3.0	33.0	I	False	('E-', 'G', 'B-')	E-	E-	0.0	major triad	(3, 7, 10)	E-	E-	1	None
53.0	0.5	18	E-4	63	True	18.0	3.0	33.0	I	False	('E-', 'G', 'B-')	E-	E-	0.0	major triad	(3, 7, 10)	E-	E-	1	None
53.0	0.5	18	G4	67	True	18.0	3.0	33.0	I	False	('E-', 'G', 'B-')	E-	E-	0.0	major triad	(3, 7, 10)	E-	E-	1	None
53.5	0.5	18	B-3	58	True	18.0	3.0	33.0	I	False	('E-', 'G', 'B-')	E-	E-	0.0	major triad	(3, 7, 10)	E-	E-	1	None
53.5	0.5	18	E-4	63	True	18.0	3.0	33.0	I	False	('E-', 'G', 'B-')	E-	E-	0.0	major triad	(3, 7, 10)	E-	E-	1	None
53.5	0.5	18	G4	67	True	18.0	3.0	33.0	I	False	('E-', 'G', 'B-')	E-	E-	0.0	major triad	(3, 7, 10)	E-	E-	1	None
54.0	0.5	19	E-5	75	True	19.0	0.5	34.0	I	True	('E-', 'G', 'B-')	E-	E-	0.0	major triad	(3, 7, 10)	E-	E-	1	None
54.0	0.5	19	E-5	75	True	19.0	0.5	34.0	I	True	('E-', 'G', 'B-')	E-	E-	0.0	major triad	(3, 7, 10)	E-	E-	1	None
54.0	0.5	19	G5	79	True	19.0	0.5	34.0	I	True	('E-', 'G', 'B-')	E-	E-	0.0	major triad	(3, 7, 10)	E-	E-	1	None
54.0	0.5	19	B-5	82	True	19.0	0.5	34.0	I	True	('E-', 'G', 'B-')	E-	E-	0.0	major triad	(3, 7, 10)	E-	E-	1	None
54.0	0.5	19	E-4	63	True	19.0	0.5	34.0	I	True	('E-', 'G', 'B-')	E-	E-	0.0	major triad	(3, 7, 10)	E-	E-	1	None
54.0	0.5	19	G4	67	True	19.0	0.5	34.0	I	True	('E-', 'G', 'B-')	E-	E-	0.0	major triad	(3, 7, 10)	E-	E-	1	None
54.5	0.5	19	D5	74	True	19.0	0.5	35.0	I7	True	('D', 'E-', 'G', 'B-')	D	E-	3.0	major seventh chord	(2, 3, 7, 10)	E-	E-	1	None
54.5	0.5	19	D5	74	True	19.0	0.5	35.0	I7	True	('D', 'E-', 'G', 'B-')	D	E-	3.0	major seventh chord	(2, 3, 7, 10)	E-	E-	1	None
54.5	0.5	19	G5	79	True	19.0	0.5	35.0	I7	True	('D', 'E-', 'G', 'B-')	D	E-	3.0	major seventh chord	(2, 3, 7, 10)	E-	E-	1	None
54.5	0.5	19	B-5	82	True	19.0	0.5	35.0	I7	True	('D', 'E-', 'G', 'B-')	D	E-	3.0	major seventh chord	(2, 3, 7, 10)	E-	E-	1	None
54.5	0.5	19	D4	62	True	19.0	0.5	35.0	I7	True	('D', 'E-', 'G', 'B-')	D	E-	3.0	major seventh chord	(2, 3, 7, 10)	E-	E-	1	None
54.5	0.5	19	E-4	63	True	19.0	0.5	35.0	I7	True	('D', 'E-', 'G', 'B-')	D	E-	3.0	major seventh chord	(2, 3, 7, 10)	E-	E-	1	None
54.5	0.5	19	G4	67	True	19.0	0.5	35.0	I7	True	('D', 'E-', 'G', 'B-')	D	E-	3.0	major seventh chord	(2, 3, 7, 10)	E-	E-	1	None
55.0	0.5	19	C5	72	True	19.0	1.0	36.0	vi7	True	('C', 'E-', 'G', 'B-')	C	C	0.0	minor seventh chord	(0, 3, 7, 10)	E-	E-	6	None
55.0	0.5	19	C5	72	True	19.0	1.0	36.0	vi7	True	('C', 'E-', 'G', 'B-')	C	C	0.0	minor seventh chord	(0, 3, 7, 10)	E-	E-	6	None
55.0	0.5	19	G5	79	True	19.0	1.0	36.0	vi7	True	('C', 'E-', 'G', 'B-')	C	C	0.0	minor seventh chord	(0, 3, 7, 10)	E-	E-	6	None
55.0	0.5	19	B-5	82	True	19.0	1.0	36.0	vi7	True	('C', 'E-', 'G', 'B-')	C	C	0.0	minor seventh chord	(0, 3, 7, 10)	E-	E-	6	None
55.0	0.5	19	C4	60	True	19.0	1.0	36.0	vi7	True	('C', 'E-', 'G', 'B-')	C	C	0.0	minor seventh chord	(0, 3, 7, 10)	E-	E-	6	None
55.0	0.5	19	E-4	63	True	19.0	1.0	36.0	vi7	True	('C', 'E-', 'G', 'B-')	C	C	0.0	minor seventh chord	(0, 3, 7, 10)	E-	E-	6	None
55.0	0.5	19	G4	67	True	19.0	1.0	36.0	vi7	True	('C', 'E-', 'G', 'B-')	C	C	0.0	minor seventh chord	(0, 3, 7, 10)	E-	E-	6	None
55.5	0.5	19	C5	72	True	19.0	1.0	36.0	vi7	False	('C', 'E-', 'G', 'B-')	C	C	0.0	minor seventh chord	(0, 3, 7, 10)	E-	E-	6	None
55.5	0.5	19	C5	72	True	19.0	1.0	36.0	vi7	False	('C', 'E-', 'G', 'B-')	C	C	0.0	minor seventh chord	(0, 3, 7, 10)	E-	E-	6	None
55.5	0.5	19	G5	79	True	19.0	1.0	36.0	vi7	False	('C', 'E-', 'G', 'B-')	C	C	0.0	minor seventh chord	(0, 3, 7, 10)	E-	E-	6	None
55.5	0.5	19	B-5	82	True	19.0	1.0	36.0	vi7	False	('C', 'E-', 'G', 'B-')	C	C	0.0	minor seventh chord	(0, 3, 7, 10)	E-	E-	6	None
55.5	0.5	19	C4	60	True	19.0	1.0	36.0	vi7	False	('C', 'E-', 'G', 'B-')	C	C	0.0	minor seventh chord	(0, 3, 7, 10)	E-	E-	6	None
55.5	0.5	19	E-4	63	True	19.0	1.0	36.0	vi7	False	('C', 'E-', 'G', 'B-')	C	C	0.0	minor seventh chord	(0, 3, 7, 10)	E-	E-	6	None
55.5	0.5	19	G4	67	True	19.0	1.0	36.0	vi7	False	('C', 'E-', 'G', 'B-')	C	C	0.0	minor seventh chord	(0, 3, 7, 10)	E-	E-	6	None
56.0	0.5	19	B-4	70	True	19.0	0.5	37.0	I	True	('B-', 'E-', 'G')	B-	E-	2.0	major triad	(3, 7, 10)	E-	E-	1	None
56.0	0.5	19	B-4	70	True	19.0	0.5	37.0	I	True	('B-', 'E-', 'G')	B-	E-	2.0	major triad	(3, 7, 10)	E-	E-	1	None
56.0	0.5	19	G5	79	True	19.0	0.5	37.0	I	True	('B-', 'E-', 'G')	B-	E-	2.0	major triad	(3, 7, 10)	E-	E-	1	None
56.0	0.5	19	B-5	82	True	19.0	0.5	37.0	I	True	('B-', 'E-', 'G')	B-	E-	2.0	major triad	(3, 7, 10)	E-	E-	1	None
56.0	0.5	19	B-3	58	True	19.0	0.5	37.0	I	True	('B-', 'E-', 'G')	B-	E-	2.0	major triad	(3, 7, 10)	E-	E-	1	None
56.0	0.5	19	E-4	63	True	19.0	0.5	37.0	I	True	('B-', 'E-', 'G')	B-	E-	2.0	major triad	(3, 7, 10)	E-	E-	1	None
56.0	0.5	19	G4	67	True	19.0	0.5	37.0	I	True	('B-', 'E-', 'G')	B-	E-	2.0	major triad	(3, 7, 10)	E-	E-	1	None
56.5	0.5	19	C5	72	True	19.0	0.5	38.0	vi7	True	('C', 'E-', 'G', 'B-')	C	C	0.0	minor seventh chord	(0, 3, 7, 10)	E-	E-	6	None
56.5	0.5	19	C5	72	True	19.0	0.5	38.0	vi7	True	('C', 'E-', 'G', 'B-')	C	C	0.0	minor seventh chord	(0, 3, 7, 10)	E-	E-	6	None
56.5	0.5	19	G5	79	True	19.0	0.5	38.0	vi7	True	('C', 'E-', 'G', 'B-')	C	C	0.0	minor seventh chord	(0, 3, 7, 10)	E-	E-	6	None
56.5	0.5	19	B-5	82	True	19.0	0.5	38.0	vi7	True	('C', 'E-', 'G', 'B-')	C	C	0.0	minor seventh chord	(0, 3, 7, 10)	E-	E-	6	None
56.5	0.5	19	C4	60	True	19.0	0.5	38.0	vi7	True	('C', 'E-', 'G', 'B-')	C	C	0.0	minor seventh chord	(0, 3, 7, 10)	E-	E-	6	None
56.5	0.5	19	E-4	63	True	19.0	0.5	38.0	vi7	True	('C', 'E-', 'G', 'B-')	C	C	0.0	minor seventh chord	(0, 3, 7, 10)	E-	E-	6	None
56.5	0.5	19	G4	67	True	19.0	0.5	38.0	vi7	True	('C', 'E-', 'G', 'B-')	C	C	0.0	minor seventh chord	(0, 3, 7, 10)	E-	E-	6	None
57.0	0.5	20	D5	74	True	20.0	0.5	39.0	I7	True	('D', 'E-', 'G', 'B-')	D	E-	3.0	major seventh chord	(2, 3, 7, 10)	E-	E-	1	None
57.0	0.5	20	D5	74	True	20.0	0.5	39.0	I7	True	('D', 'E-', 'G', 'B-')	D	E-	3.0	major seventh chord	(2, 3, 7, 10)	E-	E-	1	None
57.0	0.5	20	G5	79	True	20.0	0.5	39.0	I7	True	('D', 'E-', 'G', 'B-')	D	E-	3.0	major seventh chord	(2, 3, 7, 10)	E-	E-	1	None
57.0	0.5	20	B-5	82	True	20.0	0.5	39.0	I7	True	('D', 'E-', 'G', 'B-')	D	E-	3.0	major seventh chord	(2, 3, 7, 10)	E-	E-	1	None
57.0	0.5	20	D4	62	True	20.0	0.5	39.0	I7	True	('D', 'E-', 'G', 'B-')	D	E-	3.0	major seventh chord	(2, 3, 7, 10)	E-	E-	1	None
57.0	0.5	20	E-4	63	True	20.0	0.5	39.0	I7	True	('D', 'E-', 'G', 'B-')	D	E-	3.0	major seventh chord	(2, 3, 7, 10)	E-	E-	1	None
57.0	0.5	20	G4	67	True	20.0	0.5	39.0	I7	True	('D', 'E-', 'G', 'B-')	D	E-	3.0	major seventh chord	(2, 3, 7, 10)	E-	E-	1	None
57.5	0.5	20	C5	72	True	20.0	0.5	40.0	vi7	True	('C', 'E-', 'G', 'B-')	C	C	0.0	minor seventh chord	(0, 3, 7, 10)	E-	E-	6	None
57.5	0.5	20	C5	72	True	20.0	0.5	40.0	vi7	True	('C', 'E-', 'G', 'B-')	C	C	0.0	minor seventh chord	(0, 3, 7, 10)	E-	E-	6	None
57.5	0.5	20	G5	79	True	20.0	0.5	40.0	vi7	True	('C', 'E-', 'G', 'B-')	C	C	0.0	minor seventh chord	(0, 3, 7, 10)	E-	E-	6	None
57.5	0.5	20	B-5	82	True	20.0	0.5	40.0	vi7	True	('C', 'E-', 'G', 'B-')	C	C	0.0	minor seventh chord	(0, 3, 7, 10)	E-	E-	6	None
57.5	0.5	20	C4	60	True	20.0	0.5	40.0	vi7	True	('C', 'E-', 'G', 'B-')	C	C	0.0	minor seventh chord	(0, 3, 7, 10)	E-	E-	6	None
57.5	0.5	20	E-4	63	True	20.0	0.5	40.0	vi7	True	('C', 'E-', 'G', 'B-')	C	C	0.0	minor seventh chord	(0, 3, 7, 10)	E-	E-	6	None
57.5	0.5	20	G4	67	True	20.0	0.5	40.0	vi7	True	('C', 'E-', 'G', 'B-')	C	C	0.0	minor seventh chord	(0, 3, 7, 10)	E-	E-	6	None
58.0	1.0	20	G4	67	True	20.0	1.0	41.0	I	True	('B-', 'E-', 'G')	B-	E-	2.0	major triad	(3, 7, 10)	E-	E-	1	None
58.0	0.5	20	D4	62	True	20.0	1.0	41.0	I	True	('B-', 'E-', 'G')	B-	E-	2.0	major triad	(3, 7, 10)	E-	E-	1	None
58.0	0.5	20	A-4	68	True	20.0	1.0	41.0	I	True	('B-', 'E-', 'G')	B-	E-	2.0	major triad	(3, 7, 10)	E-	E-	1	None
58.0	0.5	20	B-4	70	True	20.0	1.0	41.0	I	True	('B-', 'E-', 'G')	B-	E-	2.0	major triad	(3, 7, 10)	E-	E-	1	None
58.0	2.0	20	B-2	46	True	20.0	1.0	41.0	I	True	('B-', 'E-', 'G')	B-	E-	2.0	major triad	(3, 7, 10)	E-	E-	1	None
58.0	1.0	20	G3	55	True	20.0	1.0	41.0	I	True	('B-', 'E-', 'G')	B-	E-	2.0	major triad	(3, 7, 10)	E-	E-	1	None
58.5	0.5	20	D4	62	True	20.0	1.0	41.0	I	False	('B-', 'E-', 'G')	B-	E-	2.0	major triad	(3, 7, 10)	E-	E-	1	None
58.5	0.5	20	A-4	68	True	20.0	1.0	41.0	I	False	('B-', 'E-', 'G')	B-	E-	2.0	major triad	(3, 7, 10)	E-	E-	1	None
58.5	0.5	20	B-4	70	True	20.0	1.0	41.0	I	False	('B-', 'E-', 'G')	B-	E-	2.0	major triad	(3, 7, 10)	E-	E-	1	None
59.0	1.0	20	F4	65	True	20.0	1.0	42.0	V7	True	('B-', 'D', 'F', 'A-')	B-	B-	0.0	dominant seventh chord	(2, 5, 8, 10)	E-	E-	5	None
59.0	0.5	20	D4	62	True	20.0	1.0	42.0	V7	True	('B-', 'D', 'F', 'A-')	B-	B-	0.0	dominant seventh chord	(2, 5, 8, 10)	E-	E-	5	None
59.0	0.5	20	A-4	68	True	20.0	1.0	42.0	V7	True	('B-', 'D', 'F', 'A-')	B-	B-	0.0	dominant seventh chord	(2, 5, 8, 10)	E-	E-	5	None
59.0	0.5	20	B-4	70	True	20.0	1.0	42.0	V7	True	('B-', 'D', 'F', 'A-')	B-	B-	0.0	dominant seventh chord	(2, 5, 8, 10)	E-	E-	5	None
59.0	1.0	20	F3	53	True	20.0	1.0	42.0	V7	True	('B-', 'D', 'F', 'A-')	B-	B-	0.0	dominant seventh chord	(2, 5, 8, 10)	E-	E-	5	None
59.5	0.5	20	D4	62	True	20.0	1.0	42.0	V7	False	('B-', 'D', 'F', 'A-')	B-	B-	0.0	dominant seventh chord	(2, 5, 8, 10)	E-	E-	5	None
59.5	0.5	20	A-4	68	True	20.0	1.0	42.0	V7	False	('B-', 'D', 'F', 'A-')	B-	B-	0.0	dominant seventh chord	(2, 5, 8, 10)	E-	E-	5	None
59.5	0.5	20	B-4	70	True	20.0	1.0	42.0	V7	False	('B-', 'D', 'F', 'A-')	B-	B-	0.0	dominant seventh chord	(2, 5, 8, 10)	E-	E-	5	None
60.0	0.5	21	B-4	70	True	21.0	0.5	43.0	I	True	('G', 'B-', 'E-')	G	E-	1.0	major triad	(3, 7, 10)	E-	E-	1	None
60.0	0.5	21	B-3	58	True	21.0	0.5	43.0	I	True	('G', 'B-', 'E-')	G	E-	1.0	major triad	(3, 7, 10)	E-	E-	1	None
60.0	0.5	21	E-4	63	True	21.0	0.5	43.0	I	True	('G', 'B-', 'E-')	G	E-	1.0	major triad	(3, 7, 10)	E-	E-	1	None
60.0	0.5	21	B-4	70	True	21.0	0.5	43.0	I	True	('G', 'B-', 'E-')	G	E-	1.0	major triad	(3, 7, 10)	E-	E-	1	None
60.0	0.5	21	G2	43	True	21.0	0.5	43.0	I	True	('G', 'B-', 'E-')	G	E-	1.0	major triad	(3, 7, 10)	E-	E-	1	None
60.0	0.5	21	G3	55	True	21.0	0.5	43.0	I	True	('G', 'B-', 'E-')	G	E-	1.0	major triad	(3, 7, 10)	E-	E-	1	None
60.5	0.5	21	B4	71	True	21.0	1.5	44.0	iv	True	('G-', 'A-', 'B-', 'E-')	G-	E-	1.0	perfect-fourth minor tetrachord	(3, 6, 8, 10)	b-	b-	4	None
60.5	0.5	21	E-4	63	True	21.0	1.5	44.0	iv	True	('G-', 'A-', 'B-', 'E-')	G-	E-	1.0	perfect-fourth minor tetrachord	(3, 6, 8, 10)	b-	b-	4	None
60.5	0.5	21	A4	69	True	21.0	1.5	44.0	iv	True	('G-', 'A-', 'B-', 'E-')	G-	E-	1.0	perfect-fourth minor tetrachord	(3, 6, 8, 10)	b-	b-	4	None
60.5	0.5	21	B4	71	True	21.0	1.5	44.0	iv	True	('G-', 'A-', 'B-', 'E-')	G-	E-	1.0	perfect-fourth minor tetrachord	(3, 6, 8, 10)	b-	b-	4	None
60.5	0.5	21	G-2	42	True	21.0	1.5	44.0	iv	True	('G-', 'A-', 'B-', 'E-')	G-	E-	1.0	perfect-fourth minor tetrachord	(3, 6, 8, 10)	b-	b-	4	None
60.5	0.5	21	G-3	54	True	21.0	1.5	44.0	iv	True	('G-', 'A-', 'B-', 'E-')	G-	E-	1.0	perfect-fourth minor tetrachord	(3, 6, 8, 10)	b-	b-	4	None
61.0	1.0	21	B4	71	True	21.0	1.5	44.0	iv	False	('G-', 'A-', 'B-', 'E-')	G-	E-	1.0	perfect-fourth minor tetrachord	(3, 6, 8, 10)	b-	b-	4	None
61.0	0.5	21	E-4	63	True	21.0	1.5	44.0	iv	False	('G-', 'A-', 'B-', 'E-')	G-	E-	1.0	perfect-fourth minor tetrachord	(3, 6, 8, 10)	b-	b-	4	None
61.0	0.5	21	A4	69	True	21.0	1.5	44.0	iv	False	('G-', 'A-', 'B-', 'E-')	G-	E-	1.0	perfect-fourth minor tetrachord	(3, 6, 8, 10)	b-	b-	4	None
61.0	0.5	21	B4	71	True	21.0	1.5	44.0	iv	False	('G-', 'A-', 'B-', 'E-')	G-	E-	1.0	perfect-fourth minor tetrachord	(3, 6, 8, 10)	b-	b-	4	None
61.0	1.0	21	G-2	42	True	21.0	1.5	44.0	iv	False	('G-', 'A-', 'B-', 'E-')	G-	E-	1.0	perfect-fourth minor tetrachord	(3, 6, 8, 10)	b-	b-	4	None
61.0	1.0	21	G-3	54	True	21.0	1.5	44.0	iv	False	('G-', 'A-', 'B-', 'E-')	G-	E-	1.0	perfect-fourth minor tetrachord	(3, 6, 8, 10)	b-	b-	4	None
61.5	0.5	21	E-4	63	True	21.0	1.5	44.0	iv	False	('G-', 'A-', 'B-', 'E-')	G-	E-	1.0	perfect-fourth minor tetrachord	(3, 6, 8, 10)	b-	b-	4	None
61.5	0.5	21	A4	69	True	21.0	1.5	44.0	iv	False	('G-', 'A-', 'B-', 'E-')	G-	E-	1.0	perfect-fourth minor tetrachord	(3, 6, 8, 10)	b-	b-	4	None
61.5	0.5	21	B4	71	True	21.0	1.5	44.0	iv	False	('G-', 'A-', 'B-', 'E-')	G-	E-	1.0	perfect-fourth minor tetrachord	(3, 6, 8, 10)	b-	b-	4	None
62.0	0.5	21	C5	72	True	21.0	0.5	45.0	V7	True	('F', 'A', 'C', 'E-')	F	F	0.0	dominant seventh chord	(0, 3, 5, 9)	b-	b-	5	None
62.0	0.5	21	E-4	63	True	21.0	0.5	45.0	V7	True	('F', 'A', 'C', 'E-')	F	F	0.0	dominant seventh chord	(0, 3, 5, 9)	b-	b-	5	None
62.0	0.5	21	A4	69	True	21.0	0.5	45.0	V7	True	('F', 'A', 'C', 'E-')	F	F	0.0	dominant seventh chord	(0, 3, 5, 9)	b-	b-	5	None
62.0	0.5	21	C5	72	True	21.0	0.5	45.0	V7	True	('F', 'A', 'C', 'E-')	F	F	0.0	dominant seventh chord	(0, 3, 5, 9)	b-	b-	5	None
62.0	1.0	21	F2	41	True	21.0	0.5	45.0	V7	True	('F', 'A', 'C', 'E-')	F	F	0.0	dominant seventh chord	(0, 3, 5, 9)	b-	b-	5	None
62.0	1.0	21	F3	53	True	21.0	0.5	45.0	V7	True	('F', 'A', 'C', 'E-')	F	F	0.0	dominant seventh chord	(0, 3, 5, 9)	b-	b-	5	None
62.5	0.5	21	C#5	73	True	21.0	0.5	46.0	V+7	True	('F', 'A', 'C#', 'E-')	F	F	0.0	augmented seventh chord	(1, 3, 5, 9)	b-	b-	5	None
62.5	0.5	21	E-4	63	True	21.0	0.5	46.0	V+7	True	('F', 'A', 'C#', 'E-')	F	F	0.0	augmented seventh chord	(1, 3, 5, 9)	b-	b-	5	None
62.5	0.5	21	A4	69	True	21.0	0.5	46.0	V+7	True	('F', 'A', 'C#', 'E-')	F	F	0.0	augmented seventh chord	(1, 3, 5, 9)	b-	b-	5	None
62.5	0.5	21	C#5	73	True	21.0	0.5	46.0	V+7	True	('F', 'A', 'C#', 'E-')	F	F	0.0	augmented seventh chord	(1, 3, 5, 9)	b-	b-	5	None
63.0	0.5	22	D5	74	True	22.0	3.0	47.0	V7/iv	True	('B-', 'D', 'F', 'A-')	B-	B-	0.0	dominant seventh chord	(2, 5, 8, 10)	b-	e-	5	4
63.0	0.5	22	D4	62	True	22.0	3.0	47.0	V7/iv	True	('B-', 'D', 'F', 'A-')	B-	B-	0.0	dominant seventh chord	(2, 5, 8, 10)	b-	e-	5	4
63.0	0.5	22	A-4	68	True	22.0	3.0	47.0	V7/iv	True	('B-', 'D', 'F', 'A-')	B-	B-	0.0	dominant seventh chord	(2, 5, 8, 10)	b-	e-	5	4
63.0	0.5	22	B-4	70	True	22.0	3.0	47.0	V7/iv	True	('B-', 'D', 'F', 'A-')	B-	B-	0.0	dominant seventh chord	(2, 5, 8, 10)	b-	e-	5	4
63.0	0.5	22	D5	74	True	22.0	3.0	47.0	V7/iv	True	('B-', 'D', 'F', 'A-')	B-	B-	0.0	dominant seventh chord	(2, 5, 8, 10)	b-	e-	5	4
63.0	3.0	22	B-1	34	True	22.0	3.0	47.0	V7/iv	True	('B-', 'D', 'F', 'A-')	B-	B-	0.0	dominant seventh chord	(2, 5, 8, 10)	b-	e-	5	4
63.0	3.0	22	B-2	46	True	22.0	3.0	47.0	V7/iv	True	('B-', 'D', 'F', 'A-')	B-	B-	0.0	dominant seventh chord	(2, 5, 8, 10)	b-	e-	5	4
63.5	0.5	22	E-5	75	True	22.0	3.0	47.0	V7/iv	False	('B-', 'D', 'F', 'A-')	B-	B-	0.0	dominant seventh chord	(2, 5, 8, 10)	b-	e-	5	4
63.5	0.5	22	A-4	68	True	22.0	3.0	47.0	V7/iv	False	('B-', 'D', 'F', 'A-')	B-	B-	0.0	dominant seventh chord	(2, 5, 8, 10)	b-	e-	5	4
63.5	0.5	22	B-4	70	True	22.0	3.0	47.0	V7/iv	False	('B-', 'D', 'F', 'A-')	B-	B-	0.0	dominant seventh chord	(2, 5, 8, 10)	b-	e-	5	4
63.5	0.5	22	E-5	75	True	22.0	3.0	47.0	V7/iv	False	('B-', 'D', 'F', 'A-')	B-	B-	0.0	dominant seventh chord	(2, 5, 8, 10)	b-	e-	5	4
63.5	0.5	22	E-4	63	True	22.0	3.0	47.0	V7/iv	False	('B-', 'D', 'F', 'A-')	B-	B-	0.0	dominant seventh chord	(2, 5, 8, 10)	b-	e-	5	4
64.0	1.0	22	F5	77	True	22.0	3.0	47.0	V7/iv	False	('B-', 'D', 'F', 'A-')	B-	B-	0.0	dominant seventh chord	(2, 5, 8, 10)	b-	e-	5	4
64.0	0.5	22	A-4	68	True	22.0	3.0	47.0	V7/iv	False	('B-', 'D', 'F', 'A-')	B-	B-	0.0	dominant seventh chord	(2, 5, 8, 10)	b-	e-	5	4
64.0	0.5	22	B-4	70	True	22.0	3.0	47.0	V7/iv	False	('B-', 'D', 'F', 'A-')	B-	B-	0.0	dominant seventh chord	(2, 5, 8, 10)	b-	e-	5	4
64.0	0.5	22	D5	74	True	22.0	3.0	47.0	V7/iv	False	('B-', 'D', 'F', 'A-')	B-	B-	0.0	dominant seventh chord	(2, 5, 8, 10)	b-	e-	5	4
64.0	0.5	22	F5	77	True	22.0	3.0	47.0	V7/iv	False	('B-', 'D', 'F', 'A-')	B-	B-	0.0	dominant seventh chord	(2, 5, 8, 10)	b-	e-	5	4
64.0	2.0	22	F4	65	True	22.0	3.0	47.0	V7/iv	False	('B-', 'D', 'F', 'A-')	B-	B-	0.0	dominant seventh chord	(2, 5, 8, 10)	b-	e-	5	4
64.5	0.5	22	A-4	68	True	22.0	3.0	47.0	V7/iv	False	('B-', 'D', 'F', 'A-')	B-	B-	0.0	dominant seventh chord	(2, 5, 8, 10)	b-	e-	5	4
64.5	0.5	22	B-4	70	True	22.0	3.0	47.0	V7/iv	False	('B-', 'D', 'F', 'A-')	B-	B-	0.0	dominant seventh chord	(2, 5, 8, 10)	b-	e-	5	4
64.5	0.5	22	D5	74	True	22.0	3.0	47.0	V7/iv	False	('B-', 'D', 'F', 'A-')	B-	B-	0.0	dominant seventh chord	(2, 5, 8, 10)	b-	e-	5	4
64.5	0.5	22	F5	77	True	22.0	3.0	47.0	V7/iv	False	('B-', 'D', 'F', 'A-')	B-	B-	0.0	dominant seventh chord	(2, 5, 8, 10)	b-	e-	5	4
65.0	0.25	22	F5	77	False	22.0	3.0	47.0	V7/iv	False	('B-', 'D', 'F', 'A-')	B-	B-	0.0	dominant seventh chord	(2, 5, 8, 10)	b-	e-	5	4
65.0	0.5	22	A-4	68	True	22.0	3.0	47.0	V7/iv	False	('B-', 'D', 'F', 'A-')	B-	B-	0.0	dominant seventh chord	(2, 5, 8, 10)	b-	e-	5	4
65.0	0.5	22	B-4	70	True	22.0	3.0	47.0	V7/iv	False	('B-', 'D', 'F', 'A-')	B-	B-	0.0	dominant seventh chord	(2, 5, 8, 10)	b-	e-	5	4
65.0	0.5	22	D5	74	True	22.0	3.0	47.0	V7/iv	False	('B-', 'D', 'F', 'A-')	B-	B-	0.0	dominant seventh chord	(2, 5, 8, 10)	b-	e-	5	4
65.0	0.5	22	F5	77	True	22.0	3.0	47.0	V7/iv	False	('B-', 'D', 'F', 'A-')	B-	B-	0.0	dominant seventh chord	(2, 5, 8, 10)	b-	e-	5	4
65.5	0.5	22	F5	77	True	22.0	3.0	47.0	V7/iv	False	('B-', 'D', 'F', 'A-')	B-	B-	0.0	dominant seventh chord	(2, 5, 8, 10)	b-	e-	5	4
65.5	0.5	22	A-4	68	True	22.0	3.0	47.0	V7/iv	False	('B-', 'D', 'F', 'A-')	B-	B-	0.0	dominant seventh chord	(2, 5, 8, 10)	b-	e-	5	4
65.5	0.5	22	B-4	70	True	22.0	3.0	47.0	V7/iv	False	('B-', 'D', 'F', 'A-')	B-	B-	0.0	dominant seventh chord	(2, 5, 8, 10)	b-	e-	5	4
65.5	0.5	22	D5	74	True	22.0	3.0	47.0	V7/iv	False	('B-', 'D', 'F', 'A-')	B-	B-	0.0	dominant seventh chord	(2, 5, 8, 10)	b-	e-	5	4
65.5	0.5	22	F5	77	True	22.0	3.0	47.0	V7/iv	False	('B-', 'D', 'F', 'A-')	B-	B-	0.0	dominant seventh chord	(2, 5, 8, 10)	b-	e-	5	4
66.0	0.5	23	G-5	78	True	23.0	0.5	48.0	VI	True	('G-', 'B-', 'D-')	G-	G-	0.0	major triad	(1, 6, 10)	b-	b-	6	None
66.0	0.5	23	D-5	73	True	23.0	0.5	48.0	VI	True	('G-', 'B-', 'D-')	G-	G-	0.0	major triad	(1, 6, 10)	b-	b-	6	None
66.0	0.5	23	G-5	78	True	23.0	0.5	48.0	VI	True	('G-', 'B-', 'D-')	G-	G-	0.0	major triad	(1, 6, 10)	b-	b-	6	None
66.0	0.5	23	D-6	85	True	23.0	0.5	48.0	VI	True	('G-', 'B-', 'D-')	G-	G-	0.0	major triad	(1, 6, 10)	b-	b-	6	None
66.0	0.5	23	G-4	66	True	23.0	0.5	48.0	VI	True	('G-', 'B-', 'D-')	G-	G-	0.0	major triad	(1, 6, 10)	b-	b-	6	None
66.0	0.5	23	B-4	70	True	23.0	0.5	48.0	VI	True	('G-', 'B-', 'D-')	G-	G-	0.0	major triad	(1, 6, 10)	b-	b-	6	None
66.5	0.5	23	F5	77	True	23.0	0.5	49.0	i	True	('F', 'B-', 'D-')	F	B-	2.0	minor triad	(1, 5, 10)	b-	b-	1	None
66.5	0.5	23	D-5	73	True	23.0	0.5	49.0	i	True	('F', 'B-', 'D-')	F	B-	2.0	minor triad	(1, 5, 10)	b-	b-	1	None
66.5	0.5	23	F5	77	True	23.0	0.5	49.0	i	True	('F', 'B-', 'D-')	F	B-	2.0	minor triad	(1, 5, 10)	b-	b-	1	None
66.5	0.5	23	D-6	85	True	23.0	0.5	49.0	i	True	('F', 'B-', 'D-')	F	B-	2.0	minor triad	(1, 5, 10)	b-	b-	1	None
66.5	0.5	23	F4	65	True	23.0	0.5	49.0	i	True	('F', 'B-', 'D-')	F	B-	2.0	minor triad	(1, 5, 10)	b-	b-	1	None
66.5	0.5	23	B-4	70	True	23.0	0.5	49.0	i	True	('F', 'B-', 'D-')	F	B-	2.0	minor triad	(1, 5, 10)	b-	b-	1	None
67.0	1.0	23	E5	76	True	23.0	2.0	50.0	Ger7	True	('G-', 'B-', 'D-', 'E')	G-	E	1.0	German augmented sixth chord	(1, 4, 6, 10)	b-	b-	#4	None
67.0	0.5	23	D-5	73	True	23.0	2.0	50.0	Ger7	True	('G-', 'B-', 'D-', 'E')	G-	E	1.0	German augmented sixth chord	(1, 4, 6, 10)	b-	b-	#4	None
67.0	0.5	23	E5	76	True	23.0	2.0	50.0	Ger7	True	('G-', 'B-', 'D-', 'E')	G-	E	1.0	German augmented sixth chord	(1, 4, 6, 10)	b-	b-	#4	None
67.0	0.5	23	D-6	85	True	23.0	2.0	50.0	Ger7	True	('G-', 'B-', 'D-', 'E')	G-	E	1.0	German augmented sixth chord	(1, 4, 6, 10)	b-	b-	#4	None
67.0	2.0	23	E4	64	True	23.0	2.0	50.0	Ger7	True	('G-', 'B-', 'D-', 'E')	G-	E	1.0	German augmented sixth chord	(1, 4, 6, 10)	b-	b-	#4	None
67.0	2.0	23	B-4	70	True	23.0	2.0	50.0	Ger7	True	('G-', 'B-', 'D-', 'E')	G-	E	1.0	German augmented sixth chord	(1, 4, 6, 10)	b-	b-	#4	None
67.5	0.5	23	D-5	73	True	23.0	2.0	50.0	Ger7	False	('G-', 'B-', 'D-', 'E')	G-	E	1.0	German augmented sixth chord	(1, 4, 6, 10)	b-	b-	#4	None
67.5	0.5	23	E5	76	True	23.0	2.0	50.0	Ger7	False	('G-', 'B-', 'D-', 'E')	G-	E	1.0	German augmented sixth chord	(1, 4, 6, 10)	b-	b-	#4	None
67.5	0.5	23	D-6	85	True	23.0	2.0	50.0	Ger7	False	('G-', 'B-', 'D-', 'E')	G-	E	1.0	German augmented sixth chord	(1, 4, 6, 10)	b-	b-	#4	None
68.0	1.0	23	B-4	70	True	23.0	2.0	50.0	Ger7	False	('G-', 'B-', 'D-', 'E')	G-	E	1.0	German augmented sixth chord	(1, 4, 6, 10)	b-	b-	#4	None
68.0	0.5	23	D-5	73	True	23.0	2.0	50.0	Ger7	False	('G-', 'B-', 'D-', 'E')	G-	E	1.0	German augmented sixth chord	(1, 4, 6, 10)	b-	b-	#4	None
68.0	0.5	23	E5	76	True	23.0	2.0	50.0	Ger7	False	('G-', 'B-', 'D-', 'E')	G-	E	1.0	German augmented sixth chord	(1, 4, 6, 10)	b-	b-	#4	None
68.0	0.5	23	D-6	85	True	23.0	2.0	50.0	Ger7	False	('G-', 'B-', 'D-', 'E')	G-	E	1.0	German augmented sixth chord	(1, 4, 6, 10)	b-	b-	#4	None
68.0	1.0	23	G-1	30	True	23.0	2.0	50.0	Ger7	False	('G-', 'B-', 'D-', 'E')	G-	E	1.0	German augmented sixth chord	(1, 4, 6, 10)	b-	b-	#4	None
68.0	1.0	23	G-2	42	True	23.0	2.0	50.0	Ger7	False	('G-', 'B-', 'D-', 'E')	G-	E	1.0	German augmented sixth chord	(1, 4, 6, 10)	b-	b-	#4	None
68.5	0.5	23	D-5	73	True	23.0	2.0	50.0	Ger7	False	('G-', 'B-', 'D-', 'E')	G-	E	1.0	German augmented sixth chord	(1, 4, 6, 10)	b-	b-	#4	None
68.5	0.5	23	E5	76	True	23.0	2.0	50.0	Ger7	False	('G-', 'B-', 'D-', 'E')	G-	E	1.0	German augmented sixth chord	(1, 4, 6, 10)	b-	b-	#4	None
68.5	0.5	23	D-6	85	True	23.0	2.0	50.0	Ger7	False	('G-', 'B-', 'D-', 'E')	G-	E	1.0	German augmented sixth chord	(1, 4, 6, 10)	b-	b-	#4	None
69.0	0.5	24	G-5	78	True	24.0	0.5	51.0	VI	True	('G-', 'B-', 'D-')	G-	G-	0.0	major triad	(1, 6, 10)	b-	b-	6	None
69.0	0.5	24	D-5	73	True	24.0	0.5	51.0	VI	True	('G-', 'B-', 'D-')	G-	G-	0.0	major triad	(1, 6, 10)	b-	b-	6	None
69.0	0.5	24	G-5	78	True	24.0	0.5	51.0	VI	True	('G-', 'B-', 'D-')	G-	G-	0.0	major triad	(1, 6, 10)	b-	b-	6	None
69.0	0.5	24	D-6	85	True	24.0	0.5	51.0	VI	True	('G-', 'B-', 'D-')	G-	G-	0.0	major triad	(1, 6, 10)	b-	b-	6	None
69.0	0.5	24	G-4	66	True	24.0	0.5	51.0	VI	True	('G-', 'B-', 'D-')	G-	G-	0.0	major triad	(1, 6, 10)	b-	b-	6	None
69.0	0.5	24	B-4	70	True	24.0	0.5	51.0	VI	True	('G-', 'B-', 'D-')	G-	G-	0.0	major triad	(1, 6, 10)	b-	b-	6	None
69.0	3.0	24	G-1	30	False	24.0	0.5	51.0	VI	True	('G-', 'B-', 'D-')	G-	G-	0.0	major triad	(1, 6, 10)	b-	b-	6	None
69.0	3.0	24	G-2	42	False	24.0	0.5	51.0	VI	True	('G-', 'B-', 'D-')	G-	G-	0.0	major triad	(1, 6, 10)	b-	b-	6	None
69.5	0.5	24	F5	77	True	24.0	0.5	52.0	i	True	('F', 'B-', 'D-')	F	B-	2.0	minor triad	(1, 5, 10)	b-	b-	1	None
69.5	0.5	24	D-5	73	True	24.0	0.5	52.0	i	True	('F', 'B-', 'D-')	F	B-	2.0	minor triad	(1, 5, 10)	b-	b-	1	None
69.5	0.5	24	F5	77	True	24.0	0.5	52.0	i	True	('F', 'B-', 'D-')	F	B-	2.0	minor triad	(1, 5, 10)	b-	b-	1	None
69.5	0.5	24	D-6	85	True	24.0	0.5	52.0	i	True	('F', 'B-', 'D-')	F	B-	2.0	minor triad	(1, 5, 10)	b-	b-	1	None
69.5	0.5	24	F4	65	True	24.0	0.5	52.0	i	True	('F', 'B-', 'D-')	F	B-	2.0	minor triad	(1, 5, 10)	b-	b-	1	None
69.5	0.5	24	B-4	70	True	24.0	0.5	52.0	i	True	('F', 'B-', 'D-')	F	B-	2.0	minor triad	(1, 5, 10)	b-	b-	1	None
70.0	1.0	24	E5	76	True	24.0	2.0	53.0	Ger7	True	('G-', 'B-', 'D-', 'E')	G-	E	1.0	German augmented sixth chord	(1, 4, 6, 10)	b-	b-	#4	None
70.0	0.5	24	D-5	73	True	24.0	2.0	53.0	Ger7	True	('G-', 'B-', 'D-', 'E')	G-	E	1.0	German augmented sixth chord	(1, 4, 6, 10)	b-	b-	#4	None
70.0	0.5	24	E5	76	True	24.0	2.0	53.0	Ger7	True	('G-', 'B-', 'D-', 'E')	G-	E	1.0	German augmented sixth chord	(1, 4, 6, 10)	b-	b-	#4	None
70.0	0.5	24	D-6	85	True	24.0	2.0	53.0	Ger7	True	('G-', 'B-', 'D-', 'E')	G-	E	1.0	German augmented sixth chord	(1, 4, 6, 10)	b-	b-	#4	None
70.0	2.0	24	E4	64	True	24.0	2.0	53.0	Ger7	True	('G-', 'B-', 'D-', 'E')	G-	E	1.0	German augmented sixth chord	(1, 4, 6, 10)	b-	b-	#4	None
70.0	2.0	24	B-4	70	True	24.0	2.0	53.0	Ger7	True	('G-', 'B-', 'D-', 'E')	G-	E	1.0	German augmented sixth chord	(1, 4, 6, 10)	b-	b-	#4	None
70.5	0.5	24	D-5	73	True	24.0	2.0	53.0	Ger7	False	('G-', 'B-', 'D-', 'E')	G-	E	1.0	German augmented sixth chord	(1, 4, 6, 10)	b-	b-	#4	None
70.5	0.5	24	E5	76	True	24.0	2.0	53.0	Ger7	False	('G-', 'B-', 'D-', 'E')	G-	E	1.0	German augmented sixth chord	(1, 4, 6, 10)	b-	b-	#4	None
70.5	0.5	24	D-6	85	True	24.0	2.0	53.0	Ger7	False	('G-', 'B-', 'D-', 'E')	G-	E	1.0	German augmented sixth chord	(1, 4, 6, 10)	b-	b-	#4	None
71.0	1.0	24	E5	76	True	24.0	2.0	53.0	Ger7	False	('G-', 'B-', 'D-', 'E')	G-	E	1.0	German augmented sixth chord	(1, 4, 6, 10)	b-	b-	#4	None
71.0	0.5	24	D-5	73	True	24.0	2.0	53.0	Ger7	False	('G-', 'B-', 'D-', 'E')	G-	E	1.0	German augmented sixth chord	(1, 4, 6, 10)	b-	b-	#4	None
71.0	0.5	24	E5	76	True	24.0	2.0	53.0	Ger7	False	('G-', 'B-', 'D-', 'E')	G-	E	1.0	German augmented sixth chord	(1, 4, 6, 10)	b-	b-	#4	None
71.0	0.5	24	D-6	85	True	24.0	2.0	53.0	Ger7	False	('G-', 'B-', 'D-', 'E')	G-	E	1.0	German augmented sixth chord	(1, 4, 6, 10)	b-	b-	#4	None
71.5	0.5	24	D-5	73	True	24.0	2.0	53.0	Ger7	False	('G-', 'B-', 'D-', 'E')	G-	E	1.0	German augmented sixth chord	(1, 4, 6, 10)	b-	b-	#4	None
71.5	0.5	24	E5	76	True	24.0	2.0	53.0	Ger7	False	('G-', 'B-', 'D-', 'E')	G-	E	1.0	German augmented sixth chord	(1, 4, 6, 10)	b-	b-	#4	None
71.5	0.5	24	D-6	85	True	24.0	2.0	53.0	Ger7	False	('G-', 'B-', 'D-', 'E')	G-	E	1.0	German augmented sixth chord	(1, 4, 6, 10)	b-	b-	#4	None
72.0	0.5	25	F5	77	True	25.0	1.0	54.0	viio/ii	True	('F', 'B', 'D')	F	B	2.0	diminished triad	(2, 5, 11)	b-	c	#7	2
72.0	1.0	25	D5	74	True	25.0	1.0	54.0	viio/ii	True	('F', 'B', 'D')	F	B	2.0	diminished triad	(2, 5, 11)	b-	c	#7	2
72.0	1.0	25	F5	77	True	25.0	1.0	54.0	viio/ii	True	('F', 'B', 'D')	F	B	2.0	diminished triad	(2, 5, 11)	b-	c	#7	2
72.0	1.0	25	B-5	82	True	25.0	1.0	54.0	viio/ii	True	('F', 'B', 'D')	F	B	2.0	diminished triad	(2, 5, 11)	b-	c	#7	2
72.0	1.0	25	D6	86	True	25.0	1.0	54.0	viio/ii	True	('F', 'B', 'D')	F	B	2.0	diminished triad	(2, 5, 11)	b-	c	#7	2
72.0	0.5	25	F2	41	True	25.0	1.0	54.0	viio/ii	True	('F', 'B', 'D')	F	B	2.0	diminished triad	(2, 5, 11)	b-	c	#7	2
72.0	1.0	25	F2	41	True	25.0	1.0	54.0	viio/ii	True	('F', 'B', 'D')	F	B	2.0	diminished triad	(2, 5, 11)	b-	c	#7	2
72.5	0.5	25	B-4	70	True	25.0	1.0	54.0	viio/ii	False	('F', 'B', 'D')	F	B	2.0	diminished triad	(2, 5, 11)	b-	c	#7	2
72.5	0.5	25	F3	53	True	25.0	1.0	54.0	viio/ii	False	('F', 'B', 'D')	F	B	2.0	diminished triad	(2, 5, 11)	b-	c	#7	2
73.0	1.0	25	E-5	75	True	25.0	1.0	55.0	V9	True	('F', 'A', 'C', 'E-', 'G-')	F	F	0.0	flat-ninth pentachord	(0, 3, 5, 6, 9)	b-	b-	5	None
73.0	0.5	25	G4	67	True	25.0	1.0	55.0	V9	True	('F', 'A', 'C', 'E-', 'G-')	F	F	0.0	flat-ninth pentachord	(0, 3, 5, 6, 9)	b-	b-	5	None
73.0	0.5	25	A4	69	True	25.0	1.0	55.0	V9	True	('F', 'A', 'C', 'E-', 'G-')	F	F	0.0	flat-ninth pentachord	(0, 3, 5, 6, 9)	b-	b-	5	None
73.0	0.5	25	E-5	75	True	25.0	1.0	55.0	V9	True	('F', 'A', 'C', 'E-', 'G-')	F	F	0.0	flat-ninth pentachord	(0, 3, 5, 6, 9)	b-	b-	5	None
73.0	1.0	25	F3	53	False	25.0	1.0	55.0	V9	True	('F', 'A', 'C', 'E-', 'G-')	F	F	0.0	flat-ninth pentachord	(0, 3, 5, 6, 9)	b-	b-	5	None
73.5	0.5	25	G4	67	True	25.0	1.0	55.0	V9	False	('F', 'A', 'C', 'E-', 'G-')	F	F	0.0	flat-ninth pentachord	(0, 3, 5, 6, 9)	b-	b-	5	None
73.5	0.5	25	A4	69	True	25.0	1.0	55.0	V9	False	('F', 'A', 'C', 'E-', 'G-')	F	F	0.0	flat-ninth pentachord	(0, 3, 5, 6, 9)	b-	b-	5	None
73.5	0.5	25	E-5	75	True	25.0	1.0	55.0	V9	False	('F', 'A', 'C', 'E-', 'G-')	F	F	0.0	flat-ninth pentachord	(0, 3, 5, 6, 9)	b-	b-	5	None
74.0	0.5	25	D5	74	True	25.0	1.0	56.0	V7	True	('F', 'A', 'C', 'E-')	F	F	0.0	dominant seventh chord	(0, 3, 5, 9)	b-	b-	5	None
74.0	0.5	25	F4	65	True	25.0	1.0	56.0	V7	True	('F', 'A', 'C', 'E-')	F	F	0.0	dominant seventh chord	(0, 3, 5, 9)	b-	b-	5	None
74.0	0.5	25	A4	69	True	25.0	1.0	56.0	V7	True	('F', 'A', 'C', 'E-')	F	F	0.0	dominant seventh chord	(0, 3, 5, 9)	b-	b-	5	None
74.0	0.5	25	D5	74	True	25.0	1.0	56.0	V7	True	('F', 'A', 'C', 'E-')	F	F	0.0	dominant seventh chord	(0, 3, 5, 9)	b-	b-	5	None
74.0	1.0	25	F1	29	True	25.0	1.0	56.0	V7	True	('F', 'A', 'C', 'E-')	F	F	0.0	dominant seventh chord	(0, 3, 5, 9)	b-	b-	5	None
74.0	1.0	25	F2	41	True	25.0	1.0	56.0	V7	True	('F', 'A', 'C', 'E-')	F	F	0.0	dominant seventh chord	(0, 3, 5, 9)	b-	b-	5	None
74.5	0.5	25	C5	72	True	25.0	1.0	56.0	V7	False	('F', 'A', 'C', 'E-')	F	F	0.0	dominant seventh chord	(0, 3, 5, 9)	b-	b-	5	None
74.5	0.5	25	E-4	63	True	25.0	1.0	56.0	V7	False	('F', 'A', 'C', 'E-')	F	F	0.0	dominant seventh chord	(0, 3, 5, 9)	b-	b-	5	None
74.5	0.5	25	A4	69	True	25.0	1.0	56.0	V7	False	('F', 'A', 'C', 'E-')	F	F	0.0	dominant seventh chord	(0, 3, 5, 9)	b-	b-	5	None
74.5	0.5	25	C5	72	True	25.0	1.0	56.0	V7	False	('F', 'A', 'C', 'E-')	F	F	0.0	dominant seventh chord	(0, 3, 5, 9)	b-	b-	5	None
75.0	0.5	26	C5	72	True	26.0	3.0	57.0	I	True	('B-', 'D', 'F')	B-	B-	0.0	major triad	(2, 5, 10)	b-	b-	1	None
75.0	0.5	26	E-4	63	True	26.0	3.0	57.0	I	True	('B-', 'D', 'F')	B-	B-	0.0	major triad	(2, 5, 10)	b-	b-	1	None
75.0	0.5	26	F4	65	True	26.0	3.0	57.0	I	True	('B-', 'D', 'F')	B-	B-	0.0	major triad	(2, 5, 10)	b-	b-	1	None
75.0	0.5	26	C5	72	True	26.0	3.0	57.0	I	True	('B-', 'D', 'F')	B-	B-	0.0	major triad	(2, 5, 10)	b-	b-	1	None
75.0	3.0	26	B-1	34	True	26.0	3.0	57.0	I	True	('B-', 'D', 'F')	B-	B-	0.0	major triad	(2, 5, 10)	b-	b-	1	None
75.0	3.0	26	B-2	46	True	26.0	3.0	57.0	I	True	('B-', 'D', 'F')	B-	B-	0.0	major triad	(2, 5, 10)	b-	b-	1	None
75.5	0.5	26	B-4	70	True	26.0	3.0	57.0	I	False	('B-', 'D', 'F')	B-	B-	0.0	major triad	(2, 5, 10)	b-	b-	1	None
75.5	0.5	26	D4	62	True	26.0	3.0	57.0	I	False	('B-', 'D', 'F')	B-	B-	0.0	major triad	(2, 5, 10)	b-	b-	1	None
75.5	0.5	26	F4	65	True	26.0	3.0	57.0	I	False	('B-', 'D', 'F')	B-	B-	0.0	major triad	(2, 5, 10)	b-	b-	1	None
75.5	0.5	26	B-4	70	True	26.0	3.0	57.0	I	False	('B-', 'D', 'F')	B-	B-	0.0	major triad	(2, 5, 10)	b-	b-	1	None
76.0	1.0	26	B-4	70	True	26.0	3.0	57.0	I	False	('B-', 'D', 'F')	B-	B-	0.0	major triad	(2, 5, 10)	b-	b-	1	None
76.0	0.5	26	D4	62	True	26.0	3.0	57.0	I	False	('B-', 'D', 'F')	B-	B-	0.0	major triad	(2, 5, 10)	b-	b-	1	None
76.0	0.5	26	F4	65	True	26.0	3.0	57.0	I	False	('B-', 'D', 'F')	B-	B-	0.0	major triad	(2, 5, 10)	b-	b-	1	None
76.0	0.5	26	B-4	70	True	26.0	3.0	57.0	I	False	('B-', 'D', 'F')	B-	B-	0.0	major triad	(2, 5, 10)	b-	b-	1	None
76.5	0.5	26	D4	62	True	26.0	3.0	57.0	I	False	('B-', 'D', 'F')	B-	B-	0.0	major triad	(2, 5, 10)	b-	b-	1	None
76.5	0.5	26	F4	65	True	26.0	3.0	57.0	I	False	('B-', 'D', 'F')	B-	B-	0.0	major triad	(2, 5, 10)	b-	b-	1	None
76.5	0.5	26	B-4	70	True	26.0	3.0	57.0	I	False	('B-', 'D', 'F')	B-	B-	0.0	major triad	(2, 5, 10)	b-	b-	1	None
77.0	0.25	26	B-4	70	False	26.0	3.0	57.0	I	False	('B-', 'D', 'F')	B-	B-	0.0	major triad	(2, 5, 10)	b-	b-	1	None
77.0	0.5	26	D4	62	True	26.0	3.0	57.0	I	False	('B-', 'D', 'F')	B-	B-	0.0	major triad	(2, 5, 10)	b-	b-	1	None
77.0	0.5	26	F4	65	True	26.0	3.0	57.0	I	False	('B-', 'D', 'F')	B-	B-	0.0	major triad	(2, 5, 10)	b-	b-	1	None
77.0	0.5	26	B-4	70	True	26.0	3.0	57.0	I	False	('B-', 'D', 'F')	B-	B-	0.0	major triad	(2, 5, 10)	b-	b-	1	None
77.5	0.5	26	B-4	70	True	26.0	3.0	57.0	I	False	('B-', 'D', 'F')	B-	B-	0.0	major triad	(2, 5, 10)	b-	b-	1	None
77.5	0.5	26	D4	62	True	26.0	3.0	57.0	I	False	('B-', 'D', 'F')	B-	B-	0.0	major triad	(2, 5, 10)	b-	b-	1	None
77.5	0.5	26	F4	65	True	26.0	3.0	57.0	I	False	('B-', 'D', 'F')	B-	B-	0.0	major triad	(2, 5, 10)	b-	b-	1	None
77.5	0.5	26	B-4	70	True	26.0	3.0	57.0	I	False	('B-', 'D', 'F')	B-	B-	0.0	major triad	(2, 5, 10)	b-	b-	1	None
78.0	0.5	27	C5	72	True	27.0	3.0	58.0	V7	True	('B-', 'C', 'E', 'G')	B-	C	3.0	dominant seventh chord	(0, 4, 7, 10)	f	f	5	None
78.0	3.0	27	C5	72	True	27.0	3.0	58.0	V7	True	('B-', 'C', 'E', 'G')	B-	C	3.0	dominant seventh chord	(0, 4, 7, 10)	f	f	5	None
78.0	0.5	27	C4	60	True	27.0	3.0	58.0	V7	True	('B-', 'C', 'E', 'G')	B-	C	3.0	dominant seventh chord	(0, 4, 7, 10)	f	f	5	None
78.0	0.5	27	E4	64	True	27.0	3.0	58.0	V7	True	('B-', 'C', 'E', 'G')	B-	C	3.0	dominant seventh chord	(0, 4, 7, 10)	f	f	5	None
78.0	0.5	27	G4	67	True	27.0	3.0	58.0	V7	True	('B-', 'C', 'E', 'G')	B-	C	3.0	dominant seventh chord	(0, 4, 7, 10)	f	f	5	None
78.0	1.0	27	B-1	34	True	27.0	3.0	58.0	V7	True	('B-', 'C', 'E', 'G')	B-	C	3.0	dominant seventh chord	(0, 4, 7, 10)	f	f	5	None
78.0	1.0	27	B-2	46	True	27.0	3.0	58.0	V7	True	('B-', 'C', 'E', 'G')	B-	C	3.0	dominant seventh chord	(0, 4, 7, 10)	f	f	5	None
78.0	0.5	27	B-1	34	True	27.0	3.0	58.0	V7	True	('B-', 'C', 'E', 'G')	B-	C	3.0	dominant seventh chord	(0, 4, 7, 10)	f	f	5	None
78.5	0.5	27	C5	72	True	27.0	3.0	58.0	V7	False	('B-', 'C', 'E', 'G')	B-	C	3.0	dominant seventh chord	(0, 4, 7, 10)	f	f	5	None
78.5	0.5	27	C4	60	True	27.0	3.0	58.0	V7	False	('B-', 'C', 'E', 'G')	B-	C	3.0	dominant seventh chord	(0, 4, 7, 10)	f	f	5	None
78.5	0.5	27	E4	64	True	27.0	3.0	58.0	V7	False	('B-', 'C', 'E', 'G')	B-	C	3.0	dominant seventh chord	(0, 4, 7, 10)	f	f	5	None
78.5	0.5	27	G4	67	True	27.0	3.0	58.0	V7	False	('B-', 'C', 'E', 'G')	B-	C	3.0	dominant seventh chord	(0, 4, 7, 10)	f	f	5	None
78.5	0.5	27	C2	36	True	27.0	3.0	58.0	V7	False	('B-', 'C', 'E', 'G')	B-	C	3.0	dominant seventh chord	(0, 4, 7, 10)	f	f	5	None
79.0	0.5	27	C5	72	True	27.0	3.0	58.0	V7	False	('B-', 'C', 'E', 'G')	B-	C	3.0	dominant seventh chord	(0, 4, 7, 10)	f	f	5	None
79.0	0.5	27	C4	60	True	27.0	3.0	58.0	V7	False	('B-', 'C', 'E', 'G')	B-	C	3.0	dominant seventh chord	(0, 4, 7, 10)	f	f	5	None
79.0	0.5	27	E4	64	True	27.0	3.0	58.0	V7	False	('B-', 'C', 'E', 'G')	B-	C	3.0	dominant seventh chord	(0, 4, 7, 10)	f	f	5	None
79.0	0.5	27	G4	67	True	27.0	3.0	58.0	V7	False	('B-', 'C', 'E', 'G')	B-	C	3.0	dominant seventh chord	(0, 4, 7, 10)	f	f	5	None
79.0	1.0	27	B-1	34	True	27.0	3.0	58.0	V7	False	('B-', 'C', 'E', 'G')	B-	C	3.0	dominant seventh chord	(0, 4, 7, 10)	f	f	5	None
79.0	1.0	27	B-2	46	True	27.0	3.0	58.0	V7	False	('B-', 'C', 'E', 'G')	B-	C	3.0	dominant seventh chord	(0, 4, 7, 10)	f	f	5	None
79.0	0.5	27	B-1	34	True	27.0	3.0	58.0	V7	False	('B-', 'C', 'E', 'G')	B-	C	3.0	dominant seventh chord	(0, 4, 7, 10)	f	f	5	None
79.5	0.5	27	C5	72	True	27.0	3.0	58.0	V7	False	('B-', 'C', 'E', 'G')	B-	C	3.0	dominant seventh chord	(0, 4, 7, 10)	f	f	5	None
79.5	0.5	27	C4	60	True	27.0	3.0	58.0	V7	False	('B-', 'C', 'E', 'G')	B-	C	3.0	dominant seventh chord	(0, 4, 7, 10)	f	f	5	None
79.5	0.5	27	E4	64	True	27.0	3.0	58.0	V7	False	('B-', 'C', 'E', 'G')	B-	C	3.0	dominant seventh chord	(0, 4, 7, 10)	f	f	5	None
79.5	0.5	27	G4	67	True	27.0	3.0	58.0	V7	False	('B-', 'C', 'E', 'G')	B-	C	3.0	dominant seventh chord	(0, 4, 7, 10)	f	f	5	None
79.5	0.5	27	C2	36	True	27.0	3.0	58.0	V7	False	('B-', 'C', 'E', 'G')	B-	C	3.0	dominant seventh chord	(0, 4, 7, 10)	f	f	5	None
80.0	0.5	27	C5	72	True	27.0	3.0	58.0	V7	False	('B-', 'C', 'E', 'G')	B-	C	3.0	dominant seventh chord	(0, 4, 7, 10)	f	f	5	None
80.0	0.5	27	C4	60	True	27.0	3.0	58.0	V7	False	('B-', 'C', 'E', 'G')	B-	C	3.0	dominant seventh chord	(0, 4, 7, 10)	f	f	5	None
80.0	0.5	27	E4	64	True	27.0	3.0	58.0	V7	False	('B-', 'C', 'E', 'G')	B-	C	3.0	dominant seventh chord	(0, 4, 7, 10)	f	f	5	None
80.0	0.5	27	G4	67	True	27.0	3.0	58.0	V7	False	('B-', 'C', 'E', 'G')	B-	C	3.0	dominant seventh chord	(0, 4, 7, 10)	f	f	5	None
80.0	1.0	27	B-1	34	True	27.0	3.0	58.0	V7	False	('B-', 'C', 'E', 'G')	B-	C	3.0	dominant seventh chord	(0, 4, 7, 10)	f	f	5	None
80.0	1.0	27	B-2	46	True	27.0	3.0	58.0	V7	False	('B-', 'C', 'E', 'G')	B-	C	3.0	dominant seventh chord	(0, 4, 7, 10)	f	f	5	None
80.0	0.5	27	B-1	34	True	27.0	3.0	58.0	V7	False	('B-', 'C', 'E', 'G')	B-	C	3.0	dominant seventh chord	(0, 4, 7, 10)	f	f	5	None
80.5	0.5	27	C5	72	True	27.0	3.0	58.0	V7	False	('B-', 'C', 'E', 'G')	B-	C	3.0	dominant seventh chord	(0, 4, 7, 10)	f	f	5	None
80.5	0.5	27	C4	60	True	27.0	3.0	58.0	V7	False	('B-', 'C', 'E', 'G')	B-	C	3.0	dominant seventh chord	(0, 4, 7, 10)	f	f	5	None
80.5	0.5	27	E4	64	True	27.0	3.0	58.0	V7	False	('B-', 'C', 'E', 'G')	B-	C	3.0	dominant seventh chord	(0, 4, 7, 10)	f	f	5	None
80.5	0.5	27	G4	67	True	27.0	3.0	58.0	V7	False	('B-', 'C', 'E', 'G')	B-	C	3.0	dominant seventh chord	(0, 4, 7, 10)	f	f	5	None
80.5	0.5	27	C2	36	True	27.0	3.0	58.0	V7	False	('B-', 'C', 'E', 'G')	B-	C	3.0	dominant seventh chord	(0, 4, 7, 10)	f	f	5	None
81.0	1.0	28	F5	77	True	28.0	3.0	59.0	ivb7	True	('B-', 'D-', 'F', 'A--')	B-	B-	0.0	half-diminished seventh chord	(1, 5, 7, 10)	f	f	4	None
81.0	3.0	28	D-5	73	True	28.0	3.0	59.0	ivb7	True	('B-', 'D-', 'F', 'A--')	B-	B-	0.0	half-diminished seventh chord	(1, 5, 7, 10)	f	f	4	None
81.0	0.5	28	D-4	61	True	28.0	3.0	59.0	ivb7	True	('B-', 'D-', 'F', 'A--')	B-	B-	0.0	half-diminished seventh chord	(1, 5, 7, 10)	f	f	4	None
81.0	0.5	28	F4	65	True	28.0	3.0	59.0	ivb7	True	('B-', 'D-', 'F', 'A--')	B-	B-	0.0	half-diminished seventh chord	(1, 5, 7, 10)	f	f	4	None
81.0	0.5	28	A-4	68	True	28.0	3.0	59.0	ivb7	True	('B-', 'D-', 'F', 'A--')	B-	B-	0.0	half-diminished seventh chord	(1, 5, 7, 10)	f	f	4	None
81.0	1.0	28	B-1	34	True	28.0	3.0	59.0	ivb7	True	('B-', 'D-', 'F', 'A--')	B-	B-	0.0	half-diminished seventh chord	(1, 5, 7, 10)	f	f	4	None
81.0	1.0	28	B-2	46	True	28.0	3.0	59.0	ivb7	True	('B-', 'D-', 'F', 'A--')	B-	B-	0.0	half-diminished seventh chord	(1, 5, 7, 10)	f	f	4	None
81.0	0.5	28	B-1	34	True	28.0	3.0	59.0	ivb7	True	('B-', 'D-', 'F', 'A--')	B-	B-	0.0	half-diminished seventh chord	(1, 5, 7, 10)	f	f	4	None
81.5	0.5	28	D-4	61	True	28.0	3.0	59.0	ivb7	False	('B-', 'D-', 'F', 'A--')	B-	B-	0.0	half-diminished seventh chord	(1, 5, 7, 10)	f	f	4	None
81.5	0.5	28	F4	65	True	28.0	3.0	59.0	ivb7	False	('B-', 'D-', 'F', 'A--')	B-	B-	0.0	half-diminished seventh chord	(1, 5, 7, 10)	f	f	4	None
81.5	0.5	28	A-4	68	True	28.0	3.0	59.0	ivb7	False	('B-', 'D-', 'F', 'A--')	B-	B-	0.0	half-diminished seventh chord	(1, 5, 7, 10)	f	f	4	None
81.5	0.5	28	C2	36	True	28.0	3.0	59.0	ivb7	False	('B-', 'D-', 'F', 'A--')	B-	B-	0.0	half-diminished seventh chord	(1, 5, 7, 10)	f	f	4	None
82.0	1.5	28	A-4	68	True	28.0	3.0	59.0	ivb7	False	('B-', 'D-', 'F', 'A--')	B-	B-	0.0	half-diminished seventh chord	(1, 5, 7, 10)	f	f	4	None
82.0	0.5	28	D-4	61	True	28.0	3.0	59.0	ivb7	False	('B-', 'D-', 'F', 'A--')	B-	B-	0.0	half-diminished seventh chord	(1, 5, 7, 10)	f	f	4	None
82.0	0.5	28	F4	65	True	28.0	3.0	59.0	ivb7	False	('B-', 'D-', 'F', 'A--')	B-	B-	0.0	half-diminished seventh chord	(1, 5, 7, 10)	f	f	4	None
82.0	0.5	28	A-4	68	True	28.0	3.0	59.0	ivb7	False	('B-', 'D-', 'F', 'A--')	B-	B-	0.0	half-diminished seventh chord	(1, 5, 7, 10)	f	f	4	None
82.0	1.0	28	B-1	34	True	28.0	3.0	59.0	ivb7	False	('B-', 'D-', 'F', 'A--')	B-	B-	0.0	half-diminished seventh chord	(1, 5, 7, 10)	f	f	4	None
82.0	1.0	28	B-2	46	True	28.0	3.0	59.0	ivb7	False	('B-', 'D-', 'F', 'A--')	B-	B-	0.0	half-diminished seventh chord	(1, 5, 7, 10)	f	f	4	None
82.0	0.5	28	B-1	34	True	28.0	3.0	59.0	ivb7	False	('B-', 'D-', 'F', 'A--')	B-	B-	0.0	half-diminished seventh chord	(1, 5, 7, 10)	f	f	4	None
82.5	0.5	28	D-4	61	True	28.0	3.0	59.0	ivb7	False	('B-', 'D-', 'F', 'A--')	B-	B-	0.0	half-diminished seventh chord	(1, 5, 7, 10)	f	f	4	None
82.5	0.5	28	F4	65	True	28.0	3.0	59.0	ivb7	False	('B-', 'D-', 'F', 'A--')	B-	B-	0.0	half-diminished seventh chord	(1, 5, 7, 10)	f	f	4	None
82.5	0.5	28	A-4	68	True	28.0	3.0	59.0	ivb7	False	('B-', 'D-', 'F', 'A--')	B-	B-	0.0	half-diminished seventh chord	(1, 5, 7, 10)	f	f	4	None
82.5	0.5	28	C2	36	True	28.0	3.0	59.0	ivb7	False	('B-', 'D-', 'F', 'A--')	B-	B-	0.0	half-diminished seventh chord	(1, 5, 7, 10)	f	f	4	None
83.0	0.5	28	D-4	61	True	28.0	3.0	59.0	ivb7	False	('B-', 'D-', 'F', 'A--')	B-	B-	0.0	half-diminished seventh chord	(1, 5, 7, 10)	f	f	4	None
83.0	0.5	28	F4	65	True	28.0	3.0	59.0	ivb7	False	('B-', 'D-', 'F', 'A--')	B-	B-	0.0	half-diminished seventh chord	(1, 5, 7, 10)	f	f	4	None
83.0	0.5	28	A-4	68	True	28.0	3.0	59.0	ivb7	False	('B-', 'D-', 'F', 'A--')	B-	B-	0.0	half-diminished seventh chord	(1, 5, 7, 10)	f	f	4	None
83.0	1.0	28	B-1	34	True	28.0	3.0	59.0	ivb7	False	('B-', 'D-', 'F', 'A--')	B-	B-	0.0	half-diminished seventh chord	(1, 5, 7, 10)	f	f	4	None
83.0	1.0	28	B-2	46	True	28.0	3.0	59.0	ivb7	False	('B-', 'D-', 'F', 'A--')	B-	B-	0.0	half-diminished seventh chord	(1, 5, 7, 10)	f	f	4	None
83.0	0.5	28	B-1	34	True	28.0	3.0	59.0	ivb7	False	('B-', 'D-', 'F', 'A--')	B-	B-	0.0	half-diminished seventh chord	(1, 5, 7, 10)	f	f	4	None
83.5	0.5	28	D-5	73	True	28.0	3.0	59.0	ivb7	False	('B-', 'D-', 'F', 'A--')	B-	B-	0.0	half-diminished seventh chord	(1, 5, 7, 10)	f	f	4	None
83.5	0.5	28	D-4	61	True	28.0	3.0	59.0	ivb7	False	('B-', 'D-', 'F', 'A--')	B-	B-	0.0	half-diminished seventh chord	(1, 5, 7, 10)	f	f	4	None
83.5	0.5	28	F4	65	True	28.0	3.0	59.0	ivb7	False	('B-', 'D-', 'F', 'A--')	B-	B-	0.0	half-diminished seventh chord	(1, 5, 7, 10)	f	f	4	None
83.5	0.5	28	A-4	68	True	28.0	3.0	59.0	ivb7	False	('B-', 'D-', 'F', 'A--')	B-	B-	0.0	half-diminished seventh chord	(1, 5, 7, 10)	f	f	4	None
83.5	0.5	28	C2	36	True	28.0	3.0	59.0	ivb7	False	('B-', 'D-', 'F', 'A--')	B-	B-	0.0	half-diminished seventh chord	(1, 5, 7, 10)	f	f	4	None
84.0	0.5	29	D5	74	True	29.0	3.0	60.0	V+7	True	('B-', 'D', 'F#', 'A-')	B-	B-	0.0	augmented seventh chord	(2, 6, 8, 10)	E-	E-	5	None
84.0	3.0	29	D5	74	True	29.0	3.0	60.0	V+7	True	('B-', 'D', 'F#', 'A-')	B-	B-	0.0	augmented seventh chord	(2, 6, 8, 10)	E-	E-	5	None
84.0	0.5	29	D4	62	True	29.0	3.0	60.0	V+7	True	('B-', 'D', 'F#', 'A-')	B-	B-	0.0	augmented seventh chord	(2, 6, 8, 10)	E-	E-	5	None
84.0	0.5	29	F#4	66	True	29.0	3.0	60.0	V+7	True	('B-', 'D', 'F#', 'A-')	B-	B-	0.0	augmented seventh chord	(2, 6, 8, 10)	E-	E-	5	None
84.0	0.5	29	A4	69	True	29.0	3.0	60.0	V+7	True	('B-', 'D', 'F#', 'A-')	B-	B-	0.0	augmented seventh chord	(2, 6, 8, 10)	E-	E-	5	None
84.0	1.0	29	B-1	34	True	29.0	3.0	60.0	V+7	True	('B-', 'D', 'F#', 'A-')	B-	B-	0.0	augmented seventh chord	(2, 6, 8, 10)	E-	E-	5	None
84.0	1.0	29	B-2	46	True	29.0	3.0	60.0	V+7	True	('B-', 'D', 'F#', 'A-')	B-	B-	0.0	augmented seventh chord	(2, 6, 8, 10)	E-	E-	5	None
84.0	0.5	29	B-1	34	True	29.0	3.0	60.0	V+7	True	('B-', 'D', 'F#', 'A-')	B-	B-	0.0	augmented seventh chord	(2, 6, 8, 10)	E-	E-	5	None
84.5	0.5	29	D5	74	True	29.0	3.0	60.0	V+7	False	('B-', 'D', 'F#', 'A-')	B-	B-	0.0	augmented seventh chord	(2, 6, 8, 10)	E-	E-	5	None
84.5	0.5	29	D4	62	True	29.0	3.0	60.0	V+7	False	('B-', 'D', 'F#', 'A-')	B-	B-	0.0	augmented seventh chord	(2, 6, 8, 10)	E-	E-	5	None
84.5	0.5	29	F#4	66	True	29.0	3.0	60.0	V+7	False	('B-', 'D', 'F#', 'A-')	B-	B-	0.0	augmented seventh chord	(2, 6, 8, 10)	E-	E-	5	None
84.5	0.5	29	A4	69	True	29.0	3.0	60.0	V+7	False	('B-', 'D', 'F#', 'A-')	B-	B-	0.0	augmented seventh chord	(2, 6, 8, 10)	E-	E-	5	None
84.5	0.5	29	C2	36	True	29.0	3.0	60.0	V+7	False	('B-', 'D', 'F#', 'A-')	B-	B-	0.0	augmented seventh chord	(2, 6, 8, 10)	E-	E-	5	None
85.0	0.5	29	D5	74	True	29.0	3.0	60.0	V+7	False	('B-', 'D', 'F#', 'A-')	B-	B-	0.0	augmented seventh chord	(2, 6, 8, 10)	E-	E-	5	None
85.0	0.5	29	D4	62	True	29.0	3.0	60.0	V+7	False	('B-', 'D', 'F#', 'A-')	B-	B-	0.0	augmented seventh chord	(2, 6, 8, 10)	E-	E-	5	None
85.0	0.5	29	F#4	66	True	29.0	3.0	60.0	V+7	False	('B-', 'D', 'F#', 'A-')	B-	B-	0.0	augmented seventh chord	(2, 6, 8, 10)	E-	E-	5	None
85.0	0.5	29	A4	69	True	29.0	3.0	60.0	V+7	False	('B-', 'D', 'F#', 'A-')	B-	B-	0.0	augmented seventh chord	(2, 6, 8, 10)	E-	E-	5	None
85.0	1.0	29	B-1	34	True	29.0	3.0	60.0	V+7	False	('B-', 'D', 'F#', 'A-')	B-	B-	0.0	augmented seventh chord	(2, 6, 8, 10)	E-	E-	5	None
85.0	1.0	29	B-2	46	True	29.0	3.0	60.0	V+7	False	('B-', 'D', 'F#', 'A-')	B-	B-	0.0	augmented seventh chord	(2, 6, 8, 10)	E-	E-	5	None
85.0	0.5	29	B-1	34	True	29.0	3.0	60.0	V+7	False	('B-', 'D', 'F#', 'A-')	B-	B-	0.0	augmented seventh chord	(2, 6, 8, 10)	E-	E-	5	None
85.5	0.5	29	D5	74	True	29.0	3.0	60.0	V+7	False	('B-', 'D', 'F#', 'A-')	B-	B-	0.0	augmented seventh chord	(2, 6, 8, 10)	E-	E-	5	None
85.5	0.5	29	D4	62	True	29.0	3.0	60.0	V+7	False	('B-', 'D', 'F#', 'A-')	B-	B-	0.0	augmented seventh chord	(2, 6, 8, 10)	E-	E-	5	None
85.5	0.5	29	F#4	66	True	29.0	3.0	60.0	V+7	False	('B-', 'D', 'F#', 'A-')	B-	B-	0.0	augmented seventh chord	(2, 6, 8, 10)	E-	E-	5	None
85.5	0.5	29	A4	69	True	29.0	3.0	60.0	V+7	False	('B-', 'D', 'F#', 'A-')	B-	B-	0.0	augmented seventh chord	(2, 6, 8, 10)	E-	E-	5	None
85.5	0.5	29	C2	36	True	29.0	3.0	60.0	V+7	False	('B-', 'D', 'F#', 'A-')	B-	B-	0.0	augmented seventh chord	(2, 6, 8, 10)	E-	E-	5	None
86.0	0.5	29	D5	74	True	29.0	3.0	60.0	V+7	False	('B-', 'D', 'F#', 'A-')	B-	B-	0.0	augmented seventh chord	(2, 6, 8, 10)	E-	E-	5	None
86.0	0.5	29	D4	62	True	29.0	3.0	60.0	V+7	False	('B-', 'D', 'F#', 'A-')	B-	B-	0.0	augmented seventh chord	(2, 6, 8, 10)	E-	E-	5	None
86.0	0.5	29	F#4	66	True	29.0	3.0	60.0	V+7	False	('B-', 'D', 'F#', 'A-')	B-	B-	0.0	augmented seventh chord	(2, 6, 8, 10)	E-	E-	5	None
86.0	0.5	29	A4	69	True	29.0	3.0	60.0	V+7	False	('B-', 'D', 'F#', 'A-')	B-	B-	0.0	augmented seventh chord	(2, 6, 8, 10)	E-	E-	5	None
86.0	1.0	29	B-1	34	True	29.0	3.0	60.0	V+7	False	('B-', 'D', 'F#', 'A-')	B-	B-	0.0	augmented seventh chord	(2, 6, 8, 10)	E-	E-	5	None
86.0	1.0	29	B-2	46	True	29.0	3.0	60.0	V+7	False	('B-', 'D', 'F#', 'A-')	B-	B-	0.0	augmented seventh chord	(2, 6, 8, 10)	E-	E-	5	None
86.0	0.5	29	B-1	34	True	29.0	3.0	60.0	V+7	False	('B-', 'D', 'F#', 'A-')	B-	B-	0.0	augmented seventh chord	(2, 6, 8, 10)	E-	E-	5	None
86.5	0.5	29	D5	74	True	29.0	3.0	60.0	V+7	False	('B-', 'D', 'F#', 'A-')	B-	B-	0.0	augmented seventh chord	(2, 6, 8, 10)	E-	E-	5	None
86.5	0.5	29	D4	62	True	29.0	3.0	60.0	V+7	False	('B-', 'D', 'F#', 'A-')	B-	B-	0.0	augmented seventh chord	(2, 6, 8, 10)	E-	E-	5	None
86.5	0.5	29	F#4	66	True	29.0	3.0	60.0	V+7	False	('B-', 'D', 'F#', 'A-')	B-	B-	0.0	augmented seventh chord	(2, 6, 8, 10)	E-	E-	5	None
86.5	0.5	29	A4	69	True	29.0	3.0	60.0	V+7	False	('B-', 'D', 'F#', 'A-')	B-	B-	0.0	augmented seventh chord	(2, 6, 8, 10)	E-	E-	5	None
86.5	0.5	29	C2	36	True	29.0	3.0	60.0	V+7	False	('B-', 'D', 'F#', 'A-')	B-	B-	0.0	augmented seventh chord	(2, 6, 8, 10)	E-	E-	5	None
87.0	2.0	30	G5	79	True	30.0	2.0	61.0	I	True	('B-', 'E-', 'G')	B-	E-	2.0	major triad	(3, 7, 10)	E-	E-	1	None
87.0	1.0	30	E-5	75	True	30.0	2.0	61.0	I	True	('B-', 'E-', 'G')	B-	E-	2.0	major triad	(3, 7, 10)	E-	E-	1	None
87.0	0.5	30	E-4	63	True	30.0	2.0	61.0	I	True	('B-', 'E-', 'G')	B-	E-	2.0	major triad	(3, 7, 10)	E-	E-	1	None
87.0	0.5	30	G4	67	True	30.0	2.0	61.0	I	True	('B-', 'E-', 'G')	B-	E-	2.0	major triad	(3, 7, 10)	E-	E-	1	None
87.0	0.5	30	A4	69	True	30.0	2.0	61.0	I	True	('B-', 'E-', 'G')	B-	E-	2.0	major triad	(3, 7, 10)	E-	E-	1	None
87.0	1.0	30	B-1	34	True	30.0	2.0	61.0	I	True	('B-', 'E-', 'G')	B-	E-	2.0	major triad	(3, 7, 10)	E-	E-	1	None
87.0	1.0	30	B-2	46	True	30.0	2.0	61.0	I	True	('B-', 'E-', 'G')	B-	E-	2.0	major triad	(3, 7, 10)	E-	E-	1	None
87.5	0.5	30	E-4	63	True	30.0	2.0	61.0	I	False	('B-', 'E-', 'G')	B-	E-	2.0	major triad	(3, 7, 10)	E-	E-	1	None
87.5	0.5	30	G4	67	True	30.0	2.0	61.0	I	False	('B-', 'E-', 'G')	B-	E-	2.0	major triad	(3, 7, 10)	E-	E-	1	None
87.5	0.5	30	A4	69	True	30.0	2.0	61.0	I	False	('B-', 'E-', 'G')	B-	E-	2.0	major triad	(3, 7, 10)	E-	E-	1	None
88.0	0.5	30	E-4	63	True	30.0	2.0	61.0	I	False	('B-', 'E-', 'G')	B-	E-	2.0	major triad	(3, 7, 10)	E-	E-	1	None
88.0	0.5	30	G4	67	True	30.0	2.0	61.0	I	False	('B-', 'E-', 'G')	B-	E-	2.0	major triad	(3, 7, 10)	E-	E-	1	None
88.0	0.5	30	B-4	70	True	30.0	2.0	61.0	I	False	('B-', 'E-', 'G')	B-	E-	2.0	major triad	(3, 7, 10)	E-	E-	1	None
88.0	1.0	30	B-3	58	True	30.0	2.0	61.0	I	False	('B-', 'E-', 'G')	B-	E-	2.0	major triad	(3, 7, 10)	E-	E-	1	None
88.5	0.5	30	E-4	63	True	30.0	2.0	61.0	I	False	('B-', 'E-', 'G')	B-	E-	2.0	major triad	(3, 7, 10)	E-	E-	1	None
88.5	0.5	30	G4	67	True	30.0	2.0	61.0	I	False	('B-', 'E-', 'G')	B-	E-	2.0	major triad	(3, 7, 10)	E-	E-	1	None
88.5	0.5	30	B-4	70	True	30.0	2.0	61.0	I	False	('B-', 'E-', 'G')	B-	E-	2.0	major triad	(3, 7, 10)	E-	E-	1	None
89.0	0.5	30	G5	79	True	30.0	1.0	62.0	I+	True	('B', 'E-', 'G')	B	E-	2.0	augmented triad	(3, 7, 11)	E-	E-	1	None
89.0	0.5	30	E-4	63	True	30.0	1.0	62.0	I+	True	('B', 'E-', 'G')	B	E-	2.0	augmented triad	(3, 7, 11)	E-	E-	1	None
89.0	0.5	30	G4	67	True	30.0	1.0	62.0	I+	True	('B', 'E-', 'G')	B	E-	2.0	augmented triad	(3, 7, 11)	E-	E-	1	None
89.0	0.5	30	B4	71	True	30.0	1.0	62.0	I+	True	('B', 'E-', 'G')	B	E-	2.0	augmented triad	(3, 7, 11)	E-	E-	1	None
89.0	1.0	30	B3	59	True	30.0	1.0	62.0	I+	True	('B', 'E-', 'G')	B	E-	2.0	augmented triad	(3, 7, 11)	E-	E-	1	None
89.5	0.5	30	G5	79	True	30.0	1.0	62.0	I+	False	('B', 'E-', 'G')	B	E-	2.0	augmented triad	(3, 7, 11)	E-	E-	1	None
89.5	0.5	30	E-4	63	True	30.0	1.0	62.0	I+	False	('B', 'E-', 'G')	B	E-	2.0	augmented triad	(3, 7, 11)	E-	E-	1	None
89.5	0.5	30	G4	67	True	30.0	1.0	62.0	I+	False	('B', 'E-', 'G')	B	E-	2.0	augmented triad	(3, 7, 11)	E-	E-	1	None
89.5	0.5	30	B4	71	True	30.0	1.0	62.0	I+	False	('B', 'E-', 'G')	B	E-	2.0	augmented triad	(3, 7, 11)	E-	E-	1	None
90.0	1.0	31	A-5	80	True	31.0	2.0	63.0	V9	True	('B-', 'D', 'F', 'A-', 'C')	B-	B-	0.0	dominant-ninth	(0, 2, 5, 8, 10)	E-	E-	5	None
90.0	2.0	31	D4	62	True	31.0	2.0	63.0	V9	True	('B-', 'D', 'F', 'A-', 'C')	B-	B-	0.0	dominant-ninth	(0, 2, 5, 8, 10)	E-	E-	5	None
90.0	2.0	31	A-4	68	True	31.0	2.0	63.0	V9	True	('B-', 'D', 'F', 'A-', 'C')	B-	B-	0.0	dominant-ninth	(0, 2, 5, 8, 10)	E-	E-	5	None
90.0	2.0	31	C5	72	True	31.0	2.0	63.0	V9	True	('B-', 'D', 'F', 'A-', 'C')	B-	B-	0.0	dominant-ninth	(0, 2, 5, 8, 10)	E-	E-	5	None
90.0	2.0	31	B-2	46	True	31.0	2.0	63.0	V9	True	('B-', 'D', 'F', 'A-', 'C')	B-	B-	0.0	dominant-ninth	(0, 2, 5, 8, 10)	E-	E-	5	None
90.0	2.0	31	F3	53	True	31.0	2.0	63.0	V9	True	('B-', 'D', 'F', 'A-', 'C')	B-	B-	0.0	dominant-ninth	(0, 2, 5, 8, 10)	E-	E-	5	None
90.0	2.0	31	B-3	58	True	31.0	2.0	63.0	V9	True	('B-', 'D', 'F', 'A-', 'C')	B-	B-	0.0	dominant-ninth	(0, 2, 5, 8, 10)	E-	E-	5	None
91.0	0.5	31	G5	79	True	31.0	2.0	63.0	V9	False	('B-', 'D', 'F', 'A-', 'C')	B-	B-	0.0	dominant-ninth	(0, 2, 5, 8, 10)	E-	E-	5	None
91.5	0.5	31	F5	77	True	31.0	2.0	63.0	V9	False	('B-', 'D', 'F', 'A-', 'C')	B-	B-	0.0	dominant-ninth	(0, 2, 5, 8, 10)	E-	E-	5	None
92.0	0.5	31	E-5	75	True	31.0	1.0	64.0	V7	True	('A-', 'B-', 'D', 'F')	A-	B-	3.0	dominant seventh chord	(2, 5, 8, 10)	E-	E-	5	None
92.0	1.0	31	F5	77	True	31.0	1.0	64.0	V7	True	('A-', 'B-', 'D', 'F')	A-	B-	3.0	dominant seventh chord	(2, 5, 8, 10)	E-	E-	5	None
92.0	1.0	31	B-5	82	True	31.0	1.0	64.0	V7	True	('A-', 'B-', 'D', 'F')	A-	B-	3.0	dominant seventh chord	(2, 5, 8, 10)	E-	E-	5	None
92.0	1.0	31	F6	89	True	31.0	1.0	64.0	V7	True	('A-', 'B-', 'D', 'F')	A-	B-	3.0	dominant seventh chord	(2, 5, 8, 10)	E-	E-	5	None
92.0	1.0	31	A-4	68	True	31.0	1.0	64.0	V7	True	('A-', 'B-', 'D', 'F')	A-	B-	3.0	dominant seventh chord	(2, 5, 8, 10)	E-	E-	5	None
92.0	1.0	31	B-4	70	True	31.0	1.0	64.0	V7	True	('A-', 'B-', 'D', 'F')	A-	B-	3.0	dominant seventh chord	(2, 5, 8, 10)	E-	E-	5	None
92.0	1.0	31	D5	74	True	31.0	1.0	64.0	V7	True	('A-', 'B-', 'D', 'F')	A-	B-	3.0	dominant seventh chord	(2, 5, 8, 10)	E-	E-	5	None
92.5	0.5	31	D5	74	True	31.0	1.0	64.0	V7	False	('A-', 'B-', 'D', 'F')	A-	B-	3.0	dominant seventh chord	(2, 5, 8, 10)	E-	E-	5	None
93.0	1.0	32	F5	77	True	32.0	2.0	65.0	I	True	('E-', 'G', 'B-')	E-	E-	0.0	major triad	(3, 7, 10)	E-	E-	1	None
93.0	1.0	32	F6	89	True	32.0	2.0	65.0	I	True	('E-', 'G', 'B-')	E-	E-	0.0	major triad	(3, 7, 10)	E-	E-	1	None
93.0	1.0	32	B-6	94	True	32.0	2.0	65.0	I	True	('E-', 'G', 'B-')	E-	E-	0.0	major triad	(3, 7, 10)	E-	E-	1	None
93.0	1.0	32	F7	101	True	32.0	2.0	65.0	I	True	('E-', 'G', 'B-')	E-	E-	0.0	major triad	(3, 7, 10)	E-	E-	1	None
93.0	1.0	32	G4	67	True	32.0	2.0	65.0	I	True	('E-', 'G', 'B-')	E-	E-	0.0	major triad	(3, 7, 10)	E-	E-	1	None
93.0	1.0	32	B-4	70	True	32.0	2.0	65.0	I	True	('E-', 'G', 'B-')	E-	E-	0.0	major triad	(3, 7, 10)	E-	E-	1	None
93.0	1.0	32	F5	77	True	32.0	2.0	65.0	I	True	('E-', 'G', 'B-')	E-	E-	0.0	major triad	(3, 7, 10)	E-	E-	1	None
94.0	1.0	32	E-5	75	True	32.0	2.0	65.0	I	False	('E-', 'G', 'B-')	E-	E-	0.0	major triad	(3, 7, 10)	E-	E-	1	None
94.0	0.5	32	E-6	87	True	32.0	2.0	65.0	I	False	('E-', 'G', 'B-')	E-	E-	0.0	major triad	(3, 7, 10)	E-	E-	1	None
94.0	0.5	32	B-6	94	False	32.0	2.0	65.0	I	False	('E-', 'G', 'B-')	E-	E-	0.0	major triad	(3, 7, 10)	E-	E-	1	None
94.0	0.5	32	E-7	99	True	32.0	2.0	65.0	I	False	('E-', 'G', 'B-')	E-	E-	0.0	major triad	(3, 7, 10)	E-	E-	1	None
94.0	0.5	32	G4	67	False	32.0	2.0	65.0	I	False	('E-', 'G', 'B-')	E-	E-	0.0	major triad	(3, 7, 10)	E-	E-	1	None
94.0	0.5	32	B-4	70	False	32.0	2.0	65.0	I	False	('E-', 'G', 'B-')	E-	E-	0.0	major triad	(3, 7, 10)	E-	E-	1	None
94.0	0.5	32	E-5	75	True	32.0	2.0	65.0	I	False	('E-', 'G', 'B-')	E-	E-	0.0	major triad	(3, 7, 10)	E-	E-	1	None
95.0	0.25	32	E-5	75	False	32.0	1.0	66.0	viio7/ii	True	('E', 'G', 'B-', 'D-')	E	E	0.0	diminished seventh chord	(1, 4, 7, 10)	E-	f	#7	2
95.0	1.0	32	D-4	61	True	32.0	1.0	66.0	viio7/ii	True	('E', 'G', 'B-', 'D-')	E	E	0.0	diminished seventh chord	(1, 4, 7, 10)	E-	f	#7	2
95.0	1.0	32	G4	67	True	32.0	1.0	66.0	viio7/ii	True	('E', 'G', 'B-', 'D-')	E	E	0.0	diminished seventh chord	(1, 4, 7, 10)	E-	f	#7	2
95.0	1.0	32	E3	52	True	32.0	1.0	66.0	viio7/ii	True	('E', 'G', 'B-', 'D-')	E	E	0.0	diminished seventh chord	(1, 4, 7, 10)	E-	f	#7	2
95.0	1.0	32	B-3	58	True	32.0	1.0	66.0	viio7/ii	True	('E', 'G', 'B-', 'D-')	E	E	0.0	diminished seventh chord	(1, 4, 7, 10)	E-	f	#7	2
95.5	0.5	32	G4	67	True	32.0	1.0	66.0	viio7/ii	False	('E', 'G', 'B-', 'D-')	E	E	0.0	diminished seventh chord	(1, 4, 7, 10)	E-	f	#7	2
96.0	0.5	33	A-4	68	True	33.0	0.5	67.0	ii	True	('F', 'A-', 'C')	F	F	0.0	minor triad	(0, 5, 8)	E-	E-	2	None
96.0	0.5	33	C4	60	True	33.0	0.5	67.0	ii	True	('F', 'A-', 'C')	F	F	0.0	minor triad	(0, 5, 8)	E-	E-	2	None
96.0	0.5	33	A-4	68	True	33.0	0.5	67.0	ii	True	('F', 'A-', 'C')	F	F	0.0	minor triad	(0, 5, 8)	E-	E-	2	None
96.0	0.5	33	F3	53	True	33.0	0.5	67.0	ii	True	('F', 'A-', 'C')	F	F	0.0	minor triad	(0, 5, 8)	E-	E-	2	None
96.0	0.5	33	A-3	56	True	33.0	0.5	67.0	ii	True	('F', 'A-', 'C')	F	F	0.0	minor triad	(0, 5, 8)	E-	E-	2	None
96.5	0.5	33	G4	67	True	33.0	0.5	68.0	viio7/ii	True	('E', 'G', 'B-', 'D-')	E	E	0.0	diminished seventh chord	(1, 4, 7, 10)	E-	f	#7	2
96.5	0.5	33	D-4	61	True	33.0	0.5	68.0	viio7/ii	True	('E', 'G', 'B-', 'D-')	E	E	0.0	diminished seventh chord	(1, 4, 7, 10)	E-	f	#7	2
96.5	0.5	33	G4	67	True	33.0	0.5	68.0	viio7/ii	True	('E', 'G', 'B-', 'D-')	E	E	0.0	diminished seventh chord	(1, 4, 7, 10)	E-	f	#7	2
96.5	0.5	33	E3	52	True	33.0	0.5	68.0	viio7/ii	True	('E', 'G', 'B-', 'D-')	E	E	0.0	diminished seventh chord	(1, 4, 7, 10)	E-	f	#7	2
96.5	0.5	33	B-3	58	True	33.0	0.5	68.0	viio7/ii	True	('E', 'G', 'B-', 'D-')	E	E	0.0	diminished seventh chord	(1, 4, 7, 10)	E-	f	#7	2
97.0	0.5	33	A-4	68	True	33.0	1.0	69.0	ii	True	('F', 'A-', 'C')	F	F	0.0	minor triad	(0, 5, 8)	E-	E-	2	None
97.0	0.5	33	C4	60	True	33.0	1.0	69.0	ii	True	('F', 'A-', 'C')	F	F	0.0	minor triad	(0, 5, 8)	E-	E-	2	None
97.0	0.5	33	A-4	68	True	33.0	1.0	69.0	ii	True	('F', 'A-', 'C')	F	F	0.0	minor triad	(0, 5, 8)	E-	E-	2	None
97.0	0.5	33	F3	53	True	33.0	1.0	69.0	ii	True	('F', 'A-', 'C')	F	F	0.0	minor triad	(0, 5, 8)	E-	E-	2	None
97.0	0.5	33	A-3	56	True	33.0	1.0	69.0	ii	True	('F', 'A-', 'C')	F	F	0.0	minor triad	(0, 5, 8)	E-	E-	2	None
97.5	0.5	33	C5	72	True	33.0	1.0	69.0	ii	False	('F', 'A-', 'C')	F	F	0.0	minor triad	(0, 5, 8)	E-	E-	2	None
98.0	0.5	33	D4	62	True	33.0	1.0	70.0	V7	True	('B-', 'D', 'F', 'A-')	B-	B-	0.0	dominant seventh chord	(2, 5, 8, 10)	E-	E-	5	None
98.0	1.0	33	D4	62	True	33.0	1.0	70.0	V7	True	('B-', 'D', 'F', 'A-')	B-	B-	0.0	dominant seventh chord	(2, 5, 8, 10)	E-	E-	5	None
98.0	1.0	33	A-4	68	True	33.0	1.0	70.0	V7	True	('B-', 'D', 'F', 'A-')	B-	B-	0.0	dominant seventh chord	(2, 5, 8, 10)	E-	E-	5	None
98.0	1.0	33	A-3	56	True	33.0	1.0	70.0	V7	True	('B-', 'D', 'F', 'A-')	B-	B-	0.0	dominant seventh chord	(2, 5, 8, 10)	E-	E-	5	None
98.0	1.0	33	B-1	34	True	33.0	1.0	70.0	V7	True	('B-', 'D', 'F', 'A-')	B-	B-	0.0	dominant seventh chord	(2, 5, 8, 10)	E-	E-	5	None
98.0	1.0	33	B-2	46	True	33.0	1.0	70.0	V7	True	('B-', 'D', 'F', 'A-')	B-	B-	0.0	dominant seventh chord	(2, 5, 8, 10)	E-	E-	5	None
98.5	0.5	33	F4	65	True	33.0	1.0	70.0	V7	False	('B-', 'D', 'F', 'A-')	B-	B-	0.0	dominant seventh chord	(2, 5, 8, 10)	E-	E-	5	None
99.0	1.5	34	E-4	63	True	34.0	3.0	71.0	I	True	('E-', 'G', 'B-')	E-	E-	0.0	major triad	(3, 7, 10)	E-	E-	1	None
99.0	0.5	34	E-4	63	True	34.0	3.0	71.0	I	True	('E-', 'G', 'B-')	E-	E-	0.0	major triad	(3, 7, 10)	E-	E-	1	None
99.0	0.5	34	G4	67	True	34.0	3.0	71.0	I	True	('E-', 'G', 'B-')	E-	E-	0.0	major triad	(3, 7, 10)	E-	E-	1	None
99.0	0.5	34	G3	55	True	34.0	3.0	71.0	I	True	('E-', 'G', 'B-')	E-	E-	0.0	major triad	(3, 7, 10)	E-	E-	1	None
99.0	0.5	34	B-3	58	True	34.0	3.0	71.0	I	True	('E-', 'G', 'B-')	E-	E-	0.0	major triad	(3, 7, 10)	E-	E-	1	None
99.0	3.0	34	E-1	27	True	34.0	3.0	71.0	I	True	('E-', 'G', 'B-')	E-	E-	0.0	major triad	(3, 7, 10)	E-	E-	1	None
99.0	3.0	34	E-2	39	True	34.0	3.0	71.0	I	True	('E-', 'G', 'B-')	E-	E-	0.0	major triad	(3, 7, 10)	E-	E-	1	None
99.5	0.5	34	B-3	58	True	34.0	3.0	71.0	I	False	('E-', 'G', 'B-')	E-	E-	0.0	major triad	(3, 7, 10)	E-	E-	1	None
99.5	0.5	34	E-4	63	True	34.0	3.0	71.0	I	False	('E-', 'G', 'B-')	E-	E-	0.0	major triad	(3, 7, 10)	E-	E-	1	None
99.5	0.5	34	G4	67	True	34.0	3.0	71.0	I	False	('E-', 'G', 'B-')	E-	E-	0.0	major triad	(3, 7, 10)	E-	E-	1	None
100.0	0.5	34	B-3	58	True	34.0	3.0	71.0	I	False	('E-', 'G', 'B-')	E-	E-	0.0	major triad	(3, 7, 10)	E-	E-	1	None
100.0	0.5	34	E-4	63	True	34.0	3.0	71.0	I	False	('E-', 'G', 'B-')	E-	E-	0.0	major triad	(3, 7, 10)	E-	E-	1	None
100.0	0.5	34	G4	67	True	34.0	3.0	71.0	I	False	('E-', 'G', 'B-')	E-	E-	0.0	major triad	(3, 7, 10)	E-	E-	1	None
100.5	0.5	34	B-3	58	True	34.0	3.0	71.0	I	False	('E-', 'G', 'B-')	E-	E-	0.0	major triad	(3, 7, 10)	E-	E-	1	None
100.5	0.5	34	E-4	63	True	34.0	3.0	71.0	I	False	('E-', 'G', 'B-')	E-	E-	0.0	major triad	(3, 7, 10)	E-	E-	1	None
100.5	0.5	34	G4	67	True	34.0	3.0	71.0	I	False	('E-', 'G', 'B-')	E-	E-	0.0	major triad	(3, 7, 10)	E-	E-	1	None
101.0	0.5	34	B-3	58	True	34.0	3.0	71.0	I	False	('E-', 'G', 'B-')	E-	E-	0.0	major triad	(3, 7, 10)	E-	E-	1	None
101.0	0.5	34	E-4	63	True	34.0	3.0	71.0	I	False	('E-', 'G', 'B-')	E-	E-	0.0	major triad	(3, 7, 10)	E-	E-	1	None
101.0	0.5	34	G4	67	True	34.0	3.0	71.0	I	False	('E-', 'G', 'B-')	E-	E-	0.0	major triad	(3, 7, 10)	E-	E-	1	None
101.5	0.5	34	B-3	58	True	34.0	3.0	71.0	I	False	('E-', 'G', 'B-')	E-	E-	0.0	major triad	(3, 7, 10)	E-	E-	1	None
101.5	0.5	34	E-4	63	True	34.0	3.0	71.0	I	False	('E-', 'G', 'B-')	E-	E-	0.0	major triad	(3, 7, 10)	E-	E-	1	None
101.5	0.5	34	G4	67	True	34.0	3.0	71.0	I	False	('E-', 'G', 'B-')	E-	E-	0.0	major triad	(3, 7, 10)	E-	E-	1	None
102.0	0.5	35	E-5	75	True	35.0	0.5	72.0	I	True	('E-', 'G', 'B-')	E-	E-	0.0	major triad	(3, 7, 10)	E-	E-	1	None
102.0	0.5	35	E-5	75	True	35.0	0.5	72.0	I	True	('E-', 'G', 'B-')	E-	E-	0.0	major triad	(3, 7, 10)	E-	E-	1	None
102.0	0.5	35	G5	79	True	35.0	0.5	72.0	I	True	('E-', 'G', 'B-')	E-	E-	0.0	major triad	(3, 7, 10)	E-	E-	1	None
102.0	0.5	35	E-6	87	True	35.0	0.5	72.0	I	True	('E-', 'G', 'B-')	E-	E-	0.0	major triad	(3, 7, 10)	E-	E-	1	None
102.0	0.5	35	E-4	63	True	35.0	0.5	72.0	I	True	('E-', 'G', 'B-')	E-	E-	0.0	major triad	(3, 7, 10)	E-	E-	1	None
102.0	0.5	35	G4	67	True	35.0	0.5	72.0	I	True	('E-', 'G', 'B-')	E-	E-	0.0	major triad	(3, 7, 10)	E-	E-	1	None
102.5	0.5	35	D5	74	True	35.0	0.5	73.0	I7	True	('D', 'E-', 'G', 'B-')	D	E-	3.0	major seventh chord	(2, 3, 7, 10)	E-	E-	1	None
102.5	0.5	35	D5	74	True	35.0	0.5	73.0	I7	True	('D', 'E-', 'G', 'B-')	D	E-	3.0	major seventh chord	(2, 3, 7, 10)	E-	E-	1	None
102.5	0.5	35	G5	79	True	35.0	0.5	73.0	I7	True	('D', 'E-', 'G', 'B-')	D	E-	3.0	major seventh chord	(2, 3, 7, 10)	E-	E-	1	None
102.5	0.5	35	D6	86	True	35.0	0.5	73.0	I7	True	('D', 'E-', 'G', 'B-')	D	E-	3.0	major seventh chord	(2, 3, 7, 10)	E-	E-	1	None
102.5	0.5	35	D4	62	True	35.0	0.5	73.0	I7	True	('D', 'E-', 'G', 'B-')	D	E-	3.0	major seventh chord	(2, 3, 7, 10)	E-	E-	1	None
102.5	0.5	35	E-4	63	True	35.0	0.5	73.0	I7	True	('D', 'E-', 'G', 'B-')	D	E-	3.0	major seventh chord	(2, 3, 7, 10)	E-	E-	1	None
102.5	0.5	35	G4	67	True	35.0	0.5	73.0	I7	True	('D', 'E-', 'G', 'B-')	D	E-	3.0	major seventh chord	(2, 3, 7, 10)	E-	E-	1	None
103.0	1.0	35	C5	72	True	35.0	1.0	74.0	vi7	True	('C', 'E-', 'G', 'B-')	C	C	0.0	minor seventh chord	(0, 3, 7, 10)	E-	E-	6	None
103.0	0.5	35	C5	72	True	35.0	1.0	74.0	vi7	True	('C', 'E-', 'G', 'B-')	C	C	0.0	minor seventh chord	(0, 3, 7, 10)	E-	E-	6	None
103.0	0.5	35	G5	79	True	35.0	1.0	74.0	vi7	True	('C', 'E-', 'G', 'B-')	C	C	0.0	minor seventh chord	(0, 3, 7, 10)	E-	E-	6	None
103.0	0.5	35	C6	84	True	35.0	1.0	74.0	vi7	True	('C', 'E-', 'G', 'B-')	C	C	0.0	minor seventh chord	(0, 3, 7, 10)	E-	E-	6	None
103.0	0.5	35	C4	60	True	35.0	1.0	74.0	vi7	True	('C', 'E-', 'G', 'B-')	C	C	0.0	minor seventh chord	(0, 3, 7, 10)	E-	E-	6	None
103.0	0.5	35	E-4	63	True	35.0	1.0	74.0	vi7	True	('C', 'E-', 'G', 'B-')	C	C	0.0	minor seventh chord	(0, 3, 7, 10)	E-	E-	6	None
103.0	0.5	35	G4	67	True	35.0	1.0	74.0	vi7	True	('C', 'E-', 'G', 'B-')	C	C	0.0	minor seventh chord	(0, 3, 7, 10)	E-	E-	6	None
103.5	0.5	35	C5	72	True	35.0	1.0	74.0	vi7	False	('C', 'E-', 'G', 'B-')	C	C	0.0	minor seventh chord	(0, 3, 7, 10)	E-	E-	6	None
103.5	0.5	35	G5	79	True	35.0	1.0	74.0	vi7	False	('C', 'E-', 'G', 'B-')	C	C	0.0	minor seventh chord	(0, 3, 7, 10)	E-	E-	6	None
103.5	0.5	35	C6	84	True	35.0	1.0	74.0	vi7	False	('C', 'E-', 'G', 'B-')	C	C	0.0	minor seventh chord	(0, 3, 7, 10)	E-	E-	6	None
103.5	0.5	35	C4	60	True	35.0	1.0	74.0	vi7	False	('C', 'E-', 'G', 'B-')	C	C	0.0	minor seventh chord	(0, 3, 7, 10)	E-	E-	6	None
103.5	0.5	35	E-4	63	True	35.0	1.0	74.0	vi7	False	('C', 'E-', 'G', 'B-')	C	C	0.0	minor seventh chord	(0, 3, 7, 10)	E-	E-	6	None
103.5	0.5	35	G4	67	True	35.0	1.0	74.0	vi7	False	('C', 'E-', 'G', 'B-')	C	C	0.0	minor seventh chord	(0, 3, 7, 10)	E-	E-	6	None
104.0	0.5	35	B-4	70	True	35.0	0.5	75.0	I	True	('B-', 'E-', 'G')	B-	E-	2.0	major triad	(3, 7, 10)	E-	E-	1	None
104.0	0.5	35	B-4	70	True	35.0	0.5	75.0	I	True	('B-', 'E-', 'G')	B-	E-	2.0	major triad	(3, 7, 10)	E-	E-	1	None
104.0	0.5	35	G5	79	True	35.0	0.5	75.0	I	True	('B-', 'E-', 'G')	B-	E-	2.0	major triad	(3, 7, 10)	E-	E-	1	None
104.0	0.5	35	B-5	82	True	35.0	0.5	75.0	I	True	('B-', 'E-', 'G')	B-	E-	2.0	major triad	(3, 7, 10)	E-	E-	1	None
104.0	0.5	35	B-3	58	True	35.0	0.5	75.0	I	True	('B-', 'E-', 'G')	B-	E-	2.0	major triad	(3, 7, 10)	E-	E-	1	None
104.0	0.5	35	E-4	63	True	35.0	0.5	75.0	I	True	('B-', 'E-', 'G')	B-	E-	2.0	major triad	(3, 7, 10)	E-	E-	1	None
104.0	0.5	35	G4	67	True	35.0	0.5	75.0	I	True	('B-', 'E-', 'G')	B-	E-	2.0	major triad	(3, 7, 10)	E-	E-	1	None
104.5	0.5	35	C5	72	True	35.0	0.5	76.0	vi7	True	('C', 'E-', 'G', 'B-')	C	C	0.0	minor seventh chord	(0, 3, 7, 10)	E-	E-	6	None
104.5	0.5	35	C5	72	True	35.0	0.5	76.0	vi7	True	('C', 'E-', 'G', 'B-')	C	C	0.0	minor seventh chord	(0, 3, 7, 10)	E-	E-	6	None
104.5	0.5	35	G5	79	True	35.0	0.5	76.0	vi7	True	('C', 'E-', 'G', 'B-')	C	C	0.0	minor seventh chord	(0, 3, 7, 10)	E-	E-	6	None
104.5	0.5	35	C6	84	True	35.0	0.5	76.0	vi7	True	('C', 'E-', 'G', 'B-')	C	C	0.0	minor seventh chord	(0, 3, 7, 10)	E-	E-	6	None
104.5	0.5	35	C4	60	True	35.0	0.5	76.0	vi7	True	('C', 'E-', 'G', 'B-')	C	C	0.0	minor seventh chord	(0, 3, 7, 10)	E-	E-	6	None
104.5	0.5	35	E-4	63	True	35.0	0.5	76.0	vi7	True	('C', 'E-', 'G', 'B-')	C	C	0.0	minor seventh chord	(0, 3, 7, 10)	E-	E-	6	None
104.5	0.5	35	G4	67	True	35.0	0.5	76.0	vi7	True	('C', 'E-', 'G', 'B-')	C	C	0.0	minor seventh chord	(0, 3, 7, 10)	E-	E-	6	None
105.0	0.5	36	D5	74	True	36.0	0.5	77.0	I7	True	('D', 'E-', 'G', 'B-')	D	E-	3.0	major seventh chord	(2, 3, 7, 10)	E-	E-	1	None
105.0	0.5	36	D5	74	True	36.0	0.5	77.0	I7	True	('D', 'E-', 'G', 'B-')	D	E-	3.0	major seventh chord	(2, 3, 7, 10)	E-	E-	1	None
105.0	0.5	36	G5	79	True	36.0	0.5	77.0	I7	True	('D', 'E-', 'G', 'B-')	D	E-	3.0	major seventh chord	(2, 3, 7, 10)	E-	E-	1	None
105.0	0.5	36	D6	86	True	36.0	0.5	77.0	I7	True	('D', 'E-', 'G', 'B-')	D	E-	3.0	major seventh chord	(2, 3, 7, 10)	E-	E-	1	None
105.0	0.5	36	D4	62	True	36.0	0.5	77.0	I7	True	('D', 'E-', 'G', 'B-')	D	E-	3.0	major seventh chord	(2, 3, 7, 10)	E-	E-	1	None
105.0	0.5	36	E-4	63	True	36.0	0.5	77.0	I7	True	('D', 'E-', 'G', 'B-')	D	E-	3.0	major seventh chord	(2, 3, 7, 10)	E-	E-	1	None
105.0	0.5	36	G4	67	True	36.0	0.5	77.0	I7	True	('D', 'E-', 'G', 'B-')	D	E-	3.0	major seventh chord	(2, 3, 7, 10)	E-	E-	1	None
105.5	0.5	36	C5	72	True	36.0	0.5	78.0	vi7	True	('C', 'E-', 'G', 'B-')	C	C	0.0	minor seventh chord	(0, 3, 7, 10)	E-	E-	6	None
105.5	0.5	36	C5	72	True	36.0	0.5	78.0	vi7	True	('C', 'E-', 'G', 'B-')	C	C	0.0	minor seventh chord	(0, 3, 7, 10)	E-	E-	6	None
105.5	0.5	36	G5	79	True	36.0	0.5	78.0	vi7	True	('C', 'E-', 'G', 'B-')	C	C	0.0	minor seventh chord	(0, 3, 7, 10)	E-	E-	6	None
105.5	0.5	36	C6	84	True	36.0	0.5	78.0	vi7	True	('C', 'E-', 'G', 'B-')	C	C	0.0	minor seventh chord	(0, 3, 7, 10)	E-	E-	6	None
105.5	0.5	36	C4	60	True	36.0	0.5	78.0	vi7	True	('C', 'E-', 'G', 'B-')	C	C	0.0	minor seventh chord	(0, 3, 7, 10)	E-	E-	6	None
105.5	0.5	36	E-4	63	True	36.0	0.5	78.0	vi7	True	('C', 'E-', 'G', 'B-')	C	C	0.0	minor seventh chord	(0, 3, 7, 10)	E-	E-	6	None
105.5	0.5	36	G4	67	True	36.0	0.5	78.0	vi7	True	('C', 'E-', 'G', 'B-')	C	C	0.0	minor seventh chord	(0, 3, 7, 10)	E-	E-	6	None
106.0	1.0	36	G4	67	True	36.0	1.0	79.0	iii7	True	('B-', 'D', 'F', 'G')	B-	G	1.0	minor seventh chord	(2, 5, 7, 10)	E-	E-	3	None
106.0	0.5	36	D5	74	True	36.0	1.0	79.0	iii7	True	('B-', 'D', 'F', 'G')	B-	G	1.0	minor seventh chord	(2, 5, 7, 10)	E-	E-	3	None
106.0	0.5	36	G5	79	True	36.0	1.0	79.0	iii7	True	('B-', 'D', 'F', 'G')	B-	G	1.0	minor seventh chord	(2, 5, 7, 10)	E-	E-	3	None
106.0	0.5	36	B-5	82	True	36.0	1.0	79.0	iii7	True	('B-', 'D', 'F', 'G')	B-	G	1.0	minor seventh chord	(2, 5, 7, 10)	E-	E-	3	None
106.0	1.0	36	B-3	58	True	36.0	1.0	79.0	iii7	True	('B-', 'D', 'F', 'G')	B-	G	1.0	minor seventh chord	(2, 5, 7, 10)	E-	E-	3	None
106.0	1.0	36	D4	62	True	36.0	1.0	79.0	iii7	True	('B-', 'D', 'F', 'G')	B-	G	1.0	minor seventh chord	(2, 5, 7, 10)	E-	E-	3	None
106.0	1.0	36	A-4	68	True	36.0	1.0	79.0	iii7	True	('B-', 'D', 'F', 'G')	B-	G	1.0	minor seventh chord	(2, 5, 7, 10)	E-	E-	3	None
106.5	0.5	36	D5	74	True	36.0	1.0	79.0	iii7	False	('B-', 'D', 'F', 'G')	B-	G	1.0	minor seventh chord	(2, 5, 7, 10)	E-	E-	3	None
106.5	0.5	36	G5	79	True	36.0	1.0	79.0	iii7	False	('B-', 'D', 'F', 'G')	B-	G	1.0	minor seventh chord	(2, 5, 7, 10)	E-	E-	3	None
106.5	0.5	36	B-5	82	True	36.0	1.0	79.0	iii7	False	('B-', 'D', 'F', 'G')	B-	G	1.0	minor seventh chord	(2, 5, 7, 10)	E-	E-	3	None
106.5	1.5	36	B-2	46	True	36.0	1.0	79.0	iii7	False	('B-', 'D', 'F', 'G')	B-	G	1.0	minor seventh chord	(2, 5, 7, 10)	E-	E-	3	None
107.0	0.5	36	F4	65	True	36.0	1.0	80.0	V7	True	('B-', 'D', 'F', 'A-')	B-	B-	0.0	dominant seventh chord	(2, 5, 8, 10)	E-	E-	5	None
107.0	0.5	36	D5	74	True	36.0	1.0	80.0	V7	True	('B-', 'D', 'F', 'A-')	B-	B-	0.0	dominant seventh chord	(2, 5, 8, 10)	E-	E-	5	None
107.0	0.5	36	F5	77	True	36.0	1.0	80.0	V7	True	('B-', 'D', 'F', 'A-')	B-	B-	0.0	dominant seventh chord	(2, 5, 8, 10)	E-	E-	5	None
107.0	0.5	36	B-5	82	True	36.0	1.0	80.0	V7	True	('B-', 'D', 'F', 'A-')	B-	B-	0.0	dominant seventh chord	(2, 5, 8, 10)	E-	E-	5	None
107.0	0.5	36	B-3	58	True	36.0	1.0	80.0	V7	True	('B-', 'D', 'F', 'A-')	B-	B-	0.0	dominant seventh chord	(2, 5, 8, 10)	E-	E-	5	None
107.0	0.5	36	D4	62	True	36.0	1.0	80.0	V7	True	('B-', 'D', 'F', 'A-')	B-	B-	0.0	dominant seventh chord	(2, 5, 8, 10)	E-	E-	5	None
107.0	0.5	36	A-4	68	True	36.0	1.0	80.0	V7	True	('B-', 'D', 'F', 'A-')	B-	B-	0.0	dominant seventh chord	(2, 5, 8, 10)	E-	E-	5	None
107.5	0.5	36	B-4	70	True	36.0	1.0	80.0	V7	False	('B-', 'D', 'F', 'A-')	B-	B-	0.0	dominant seventh chord	(2, 5, 8, 10)	E-	E-	5	None
107.5	0.5	36	D5	74	True	36.0	1.0	80.0	V7	False	('B-', 'D', 'F', 'A-')	B-	B-	0.0	dominant seventh chord	(2, 5, 8, 10)	E-	E-	5	None
107.5	0.5	36	F5	77	True	36.0	1.0	80.0	V7	False	('B-', 'D', 'F', 'A-')	B-	B-	0.0	dominant seventh chord	(2, 5, 8, 10)	E-	E-	5	None
107.5	0.5	36	B-5	82	True	36.0	1.0	80.0	V7	False	('B-', 'D', 'F', 'A-')	B-	B-	0.0	dominant seventh chord	(2, 5, 8, 10)	E-	E-	5	None
107.5	0.5	36	B-3	58	True	36.0	1.0	80.0	V7	False	('B-', 'D', 'F', 'A-')	B-	B-	0.0	dominant seventh chord	(2, 5, 8, 10)	E-	E-	5	None
107.5	0.5	36	D4	62	True	36.0	1.0	80.0	V7	False	('B-', 'D', 'F', 'A-')	B-	B-	0.0	dominant seventh chord	(2, 5, 8, 10)	E-	E-	5	None
107.5	0.5	36	A-4	68	True	36.0	1.0	80.0	V7	False	('B-', 'D', 'F', 'A-')	B-	B-	0.0	dominant seventh chord	(2, 5, 8, 10)	E-	E-	5	None
108.0	0.5	37	B-4	70	True	37.0	0.5	81.0	I	True	('G', 'B-', 'E-')	G	E-	1.0	major triad	(3, 7, 10)	E-	E-	1	None
108.0	0.5	37	B-3	58	True	37.0	0.5	81.0	I	True	('G', 'B-', 'E-')	G	E-	1.0	major triad	(3, 7, 10)	E-	E-	1	None
108.0	0.5	37	E-4	63	True	37.0	0.5	81.0	I	True	('G', 'B-', 'E-')	G	E-	1.0	major triad	(3, 7, 10)	E-	E-	1	None
108.0	0.5	37	B-4	70	True	37.0	0.5	81.0	I	True	('G', 'B-', 'E-')	G	E-	1.0	major triad	(3, 7, 10)	E-	E-	1	None
108.0	0.5	37	G2	43	True	37.0	0.5	81.0	I	True	('G', 'B-', 'E-')	G	E-	1.0	major triad	(3, 7, 10)	E-	E-	1	None
108.0	0.5	37	G3	55	True	37.0	0.5	81.0	I	True	('G', 'B-', 'E-')	G	E-	1.0	major triad	(3, 7, 10)	E-	E-	1	None
108.5	0.5	37	B4	71	True	37.0	1.5	82.0	iv	True	('G-', 'A-', 'B-', 'E-')	G-	E-	1.0	perfect-fourth minor tetrachord	(3, 6, 8, 10)	b-	b-	4	None
108.5	0.5	37	E-4	63	True	37.0	1.5	82.0	iv	True	('G-', 'A-', 'B-', 'E-')	G-	E-	1.0	perfect-fourth minor tetrachord	(3, 6, 8, 10)	b-	b-	4	None
108.5	0.5	37	A4	69	True	37.0	1.5	82.0	iv	True	('G-', 'A-', 'B-', 'E-')	G-	E-	1.0	perfect-fourth minor tetrachord	(3, 6, 8, 10)	b-	b-	4	None
108.5	0.5	37	B4	71	True	37.0	1.5	82.0	iv	True	('G-', 'A-', 'B-', 'E-')	G-	E-	1.0	perfect-fourth minor tetrachord	(3, 6, 8, 10)	b-	b-	4	None
108.5	0.5	37	G-2	42	True	37.0	1.5	82.0	iv	True	('G-', 'A-', 'B-', 'E-')	G-	E-	1.0	perfect-fourth minor tetrachord	(3, 6, 8, 10)	b-	b-	4	None
108.5	0.5	37	G-3	54	True	37.0	1.5	82.0	iv	True	('G-', 'A-', 'B-', 'E-')	G-	E-	1.0	perfect-fourth minor tetrachord	(3, 6, 8, 10)	b-	b-	4	None
109.0	1.0	37	B4	71	True	37.0	1.5	82.0	iv	False	('G-', 'A-', 'B-', 'E-')	G-	E-	1.0	perfect-fourth minor tetrachord	(3, 6, 8, 10)	b-	b-	4	None
109.0	0.5	37	E-4	63	True	37.0	1.5	82.0	iv	False	('G-', 'A-', 'B-', 'E-')	G-	E-	1.0	perfect-fourth minor tetrachord	(3, 6, 8, 10)	b-	b-	4	None
109.0	0.5	37	A4	69	True	37.0	1.5	82.0	iv	False	('G-', 'A-', 'B-', 'E-')	G-	E-	1.0	perfect-fourth minor tetrachord	(3, 6, 8, 10)	b-	b-	4	None
109.0	0.5	37	B4	71	True	37.0	1.5	82.0	iv	False	('G-', 'A-', 'B-', 'E-')	G-	E-	1.0	perfect-fourth minor tetrachord	(3, 6, 8, 10)	b-	b-	4	None
109.0	1.0	37	G-2	42	True	37.0	1.5	82.0	iv	False	('G-', 'A-', 'B-', 'E-')	G-	E-	1.0	perfect-fourth minor tetrachord	(3, 6, 8, 10)	b-	b-	4	None
109.0	1.0	37	G-3	54	True	37.0	1.5	82.0	iv	False	('G-', 'A-', 'B-', 'E-')	G-	E-	1.0	perfect-fourth minor tetrachord	(3, 6, 8, 10)	b-	b-	4	None
109.5	0.5	37	E-4	63	True	37.0	1.5	82.0	iv	False	('G-', 'A-', 'B-', 'E-')	G-	E-	1.0	perfect-fourth minor tetrachord	(3, 6, 8, 10)	b-	b-	4	None
109.5	0.5	37	A4	69	True	37.0	1.5	82.0	iv	False	('G-', 'A-', 'B-', 'E-')	G-	E-	1.0	perfect-fourth minor tetrachord	(3, 6, 8, 10)	b-	b-	4	None
109.5	0.5	37	B4	71	True	37.0	1.5	82.0	iv	False	('G-', 'A-', 'B-', 'E-')	G-	E-	1.0	perfect-fourth minor tetrachord	(3, 6, 8, 10)	b-	b-	4	None
110.0	0.5	37	C5	72	True	37.0	0.5	83.0	V7	True	('F', 'A', 'C', 'E-')	F	F	0.0	dominant seventh chord	(0, 3, 5, 9)	b-	b-	5	None
110.0	0.5	37	E-4	63	True	37.0	0.5	83.0	V7	True	('F', 'A', 'C', 'E-')	F	F	0.0	dominant seventh chord	(0, 3, 5, 9)	b-	b-	5	None
110.0	0.5	37	A4	69	True	37.0	0.5	83.0	V7	True	('F', 'A', 'C', 'E-')	F	F	0.0	dominant seventh chord	(0, 3, 5, 9)	b-	b-	5	None
110.0	0.5	37	C5	72	True	37.0	0.5	83.0	V7	True	('F', 'A', 'C', 'E-')	F	F	0.0	dominant seventh chord	(0, 3, 5, 9)	b-	b-	5	None
110.0	1.0	37	F2	41	True	37.0	0.5	83.0	V7	True	('F', 'A', 'C', 'E-')	F	F	0.0	dominant seventh chord	(0, 3, 5, 9)	b-	b-	5	None
110.0	1.0	37	F3	53	True	37.0	0.5	83.0	V7	True	('F', 'A', 'C', 'E-')	F	F	0.0	dominant seventh chord	(0, 3, 5, 9)	b-	b-	5	None
110.5	0.5	37	C#5	73	True	37.0	0.5	84.0	V+7	True	('F', 'A', 'C#', 'E-')	F	F	0.0	augmented seventh chord	(1, 3, 5, 9)	b-	b-	5	None
110.5	0.5	37	E-4	63	True	37.0	0.5	84.0	V+7	True	('F', 'A', 'C#', 'E-')	F	F	0.0	augmented seventh chord	(1, 3, 5, 9)	b-	b-	5	None
110.5	0.5	37	A4	69	True	37.0	0.5	84.0	V+7	True	('F', 'A', 'C#', 'E-')	F	F	0.0	augmented seventh chord	(1, 3, 5, 9)	b-	b-	5	None
110.5	0.5	37	C#5	73	True	37.0	0.5	84.0	V+7	True	('F', 'A', 'C#', 'E-')	F	F	0.0	augmented seventh chord	(1, 3, 5, 9)	b-	b-	5	None
111.0	0.5	38	D5	74	True	38.0	3.0	85.0	V7/iv	True	('B-', 'D', 'F', 'A-')	B-	B-	0.0	dominant seventh chord	(2, 5, 8, 10)	b-	e-	5	4
111.0	0.5	38	D4	62	True	38.0	3.0	85.0	V7/iv	True	('B-', 'D', 'F', 'A-')	B-	B-	0.0	dominant seventh chord	(2, 5, 8, 10)	b-	e-	5	4
111.0	0.5	38	A-4	68	True	38.0	3.0	85.0	V7/iv	True	('B-', 'D', 'F', 'A-')	B-	B-	0.0	dominant seventh chord	(2, 5, 8, 10)	b-	e-	5	4
111.0	0.5	38	B-4	70	True	38.0	3.0	85.0	V7/iv	True	('B-', 'D', 'F', 'A-')	B-	B-	0.0	dominant seventh chord	(2, 5, 8, 10)	b-	e-	5	4
111.0	0.5	38	D5	74	True	38.0	3.0	85.0	V7/iv	True	('B-', 'D', 'F', 'A-')	B-	B-	0.0	dominant seventh chord	(2, 5, 8, 10)	b-	e-	5	4
111.0	3.0	38	B-1	34	True	38.0	3.0	85.0	V7/iv	True	('B-', 'D', 'F', 'A-')	B-	B-	0.0	dominant seventh chord	(2, 5, 8, 10)	b-	e-	5	4
111.0	3.0	38	B-2	46	True	38.0	3.0	85.0	V7/iv	True	('B-', 'D', 'F', 'A-')	B-	B-	0.0	dominant seventh chord	(2, 5, 8, 10)	b-	e-	5	4
111.5	0.5	38	E-5	75	True	38.0	3.0	85.0	V7/iv	False	('B-', 'D', 'F', 'A-')	B-	B-	0.0	dominant seventh chord	(2, 5, 8, 10)	b-	e-	5	4
111.5	0.5	38	A-4	68	True	38.0	3.0	85.0	V7/iv	False	('B-', 'D', 'F', 'A-')	B-	B-	0.0	dominant seventh chord	(2, 5, 8, 10)	b-	e-	5	4
111.5	0.5	38	B-4	70	True	38.0	3.0	85.0	V7/iv	False	('B-', 'D', 'F', 'A-')	B-	B-	0.0	dominant seventh chord	(2, 5, 8, 10)	b-	e-	5	4
111.5	0.5	38	E-5	75	True	38.0	3.0	85.0	V7/iv	False	('B-', 'D', 'F', 'A-')	B-	B-	0.0	dominant seventh chord	(2, 5, 8, 10)	b-	e-	5	4
111.5	0.5	38	E-4	63	True	38.0	3.0	85.0	V7/iv	False	('B-', 'D', 'F', 'A-')	B-	B-	0.0	dominant seventh chord	(2, 5, 8, 10)	b-	e-	5	4
112.0	1.0	38	F5	77	True	38.0	3.0	85.0	V7/iv	False	('B-', 'D', 'F', 'A-')	B-	B-	0.0	dominant seventh chord	(2, 5, 8, 10)	b-	e-	5	4
112.0	0.5	38	A-4	68	True	38.0	3.0	85.0	V7/iv	False	('B-', 'D', 'F', 'A-')	B-	B-	0.0	dominant seventh chord	(2, 5, 8, 10)	b-	e-	5	4
112.0	0.5	38	B-4	70	True	38.0	3.0	85.0	V7/iv	False	('B-', 'D', 'F', 'A-')	B-	B-	0.0	dominant seventh chord	(2, 5, 8, 10)	b-	e-	5	4
112.0	0.5	38	D5	74	True	38.0	3.0	85.0	V7/iv	False	('B-', 'D', 'F', 'A-')	B-	B-	0.0	dominant seventh chord	(2, 5, 8, 10)	b-	e-	5	4
112.0	0.5	38	F5	77	True	38.0	3.0	85.0	V7/iv	False	('B-', 'D', 'F', 'A-')	B-	B-	0.0	dominant seventh chord	(2, 5, 8, 10)	b-	e-	5	4
112.0	2.0	38	F4	65	True	38.0	3.0	85.0	V7/iv	False	('B-', 'D', 'F', 'A-')	B-	B-	0.0	dominant seventh chord	(2, 5, 8, 10)	b-	e-	5	4
112.5	0.5	38	A-4	68	True	38.0	3.0	85.0	V7/iv	False	('B-', 'D', 'F', 'A-')	B-	B-	0.0	dominant seventh chord	(2, 5, 8, 10)	b-	e-	5	4
112.5	0.5	38	B-4	70	True	38.0	3.0	85.0	V7/iv	False	('B-', 'D', 'F', 'A-')	B-	B-	0.0	dominant seventh chord	(2, 5, 8, 10)	b-	e-	5	4
112.5	0.5	38	D5	74	True	38.0	3.0	85.0	V7/iv	False	('B-', 'D', 'F', 'A-')	B-	B-	0.0	dominant seventh chord	(2, 5, 8, 10)	b-	e-	5	4
112.5	0.5	38	F5	77	True	38.0	3.0	85.0	V7/iv	False	('B-', 'D', 'F', 'A-')	B-	B-	0.0	dominant seventh chord	(2, 5, 8, 10)	b-	e-	5	4
113.0	0.25	38	F5	77	True	38.0	3.0	85.0	V7/iv	False	('B-', 'D', 'F', 'A-')	B-	B-	0.0	dominant seventh chord	(2, 5, 8, 10)	b-	e-	5	4
113.0	0.5	38	A-4	68	True	38.0	3.0	85.0	V7/iv	False	('B-', 'D', 'F', 'A-')	B-	B-	0.0	dominant seventh chord	(2, 5, 8, 10)	b-	e-	5	4
113.0	0.5	38	B-4	70	True	38.0	3.0	85.0	V7/iv	False	('B-', 'D', 'F', 'A-')	B-	B-	0.0	dominant seventh chord	(2, 5, 8, 10)	b-	e-	5	4
113.0	0.5	38	D5	74	True	38.0	3.0	85.0	V7/iv	False	('B-', 'D', 'F', 'A-')	B-	B-	0.0	dominant seventh chord	(2, 5, 8, 10)	b-	e-	5	4
113.0	0.5	38	F5	77	True	38.0	3.0	85.0	V7/iv	False	('B-', 'D', 'F', 'A-')	B-	B-	0.0	dominant seventh chord	(2, 5, 8, 10)	b-	e-	5	4
113.5	0.5	38	F5	77	True	38.0	3.0	85.0	V7/iv	False	('B-', 'D', 'F', 'A-')	B-	B-	0.0	dominant seventh chord	(2, 5, 8, 10)	b-	e-	5	4
113.5	0.5	38	A-4	68	True	38.0	3.0	85.0	V7/iv	False	('B-', 'D', 'F', 'A-')	B-	B-	0.0	dominant seventh chord	(2, 5, 8, 10)	b-	e-	5	4
113.5	0.5	38	B-4	70	True	38.0	3.0	85.0	V7/iv	False	('B-', 'D', 'F', 'A-')	B-	B-	0.0	dominant seventh chord	(2, 5, 8, 10)	b-	e-	5	4
113.5	0.5	38	D5	74	True	38.0	3.0	85.0	V7/iv	False	('B-', 'D', 'F', 'A-')	B-	B-	0.0	dominant seventh chord	(2, 5, 8, 10)	b-	e-	5	4
113.5	0.5	38	F5	77	True	38.0	3.0	85.0	V7/iv	False	('B-', 'D', 'F', 'A-')	B-	B-	0.0	dominant seventh chord	(2, 5, 8, 10)	b-	e-	5	4
114.0	0.5	39	G-5	78	True	39.0	0.5	86.0	VI	True	('G-', 'B-', 'D-')	G-	G-	0.0	major triad	(1, 6, 10)	b-	b-	6	None
114.0	0.5	39	D-5	73	True	39.0	0.5	86.0	VI	True	('G-', 'B-', 'D-')	G-	G-	0.0	major triad	(1, 6, 10)	b-	b-	6	None
114.0	0.5	39	G-5	78	True	39.0	0.5	86.0	VI	True	('G-', 'B-', 'D-')	G-	G-	0.0	major triad	(1, 6, 10)	b-	b-	6	None
114.0	0.5	39	D-6	85	True	39.0	0.5	86.0	VI	True	('G-', 'B-', 'D-')	G-	G-	0.0	major triad	(1, 6, 10)	b-	b-	6	None
114.0	0.5	39	G-4	66	True	39.0	0.5	86.0	VI	True	('G-', 'B-', 'D-')	G-	G-	0.0	major triad	(1, 6, 10)	b-	b-	6	None
114.0	0.5	39	B-4	70	True	39.0	0.5	86.0	VI	True	('G-', 'B-', 'D-')	G-	G-	0.0	major triad	(1, 6, 10)	b-	b-	6	None
114.5	0.5	39	F5	77	True	39.0	0.5	87.0	i	True	('F', 'B-', 'D-')	F	B-	2.0	minor triad	(1, 5, 10)	b-	b-	1	None
114.5	0.5	39	D-5	73	True	39.0	0.5	87.0	i	True	('F', 'B-', 'D-')	F	B-	2.0	minor triad	(1, 5, 10)	b-	b-	1	None
114.5	0.5	39	F5	77	True	39.0	0.5	87.0	i	True	('F', 'B-', 'D-')	F	B-	2.0	minor triad	(1, 5, 10)	b-	b-	1	None
114.5	0.5	39	D-6	85	True	39.0	0.5	87.0	i	True	('F', 'B-', 'D-')	F	B-	2.0	minor triad	(1, 5, 10)	b-	b-	1	None
114.5	0.5	39	F4	65	True	39.0	0.5	87.0	i	True	('F', 'B-', 'D-')	F	B-	2.0	minor triad	(1, 5, 10)	b-	b-	1	None
114.5	0.5	39	B-4	70	True	39.0	0.5	87.0	i	True	('F', 'B-', 'D-')	F	B-	2.0	minor triad	(1, 5, 10)	b-	b-	1	None
115.0	1.0	39	E5	76	True	39.0	2.0	88.0	Ger7	True	('G-', 'B-', 'D-', 'E')	G-	E	1.0	German augmented sixth chord	(1, 4, 6, 10)	b-	b-	#4	None
115.0	0.5	39	D-5	73	True	39.0	2.0	88.0	Ger7	True	('G-', 'B-', 'D-', 'E')	G-	E	1.0	German augmented sixth chord	(1, 4, 6, 10)	b-	b-	#4	None
115.0	0.5	39	E5	76	True	39.0	2.0	88.0	Ger7	True	('G-', 'B-', 'D-', 'E')	G-	E	1.0	German augmented sixth chord	(1, 4, 6, 10)	b-	b-	#4	None
115.0	0.5	39	D-6	85	True	39.0	2.0	88.0	Ger7	True	('G-', 'B-', 'D-', 'E')	G-	E	1.0	German augmented sixth chord	(1, 4, 6, 10)	b-	b-	#4	None
115.0	2.0	39	E4	64	True	39.0	2.0	88.0	Ger7	True	('G-', 'B-', 'D-', 'E')	G-	E	1.0	German augmented sixth chord	(1, 4, 6, 10)	b-	b-	#4	None
115.0	2.0	39	B-4	70	True	39.0	2.0	88.0	Ger7	True	('G-', 'B-', 'D-', 'E')	G-	E	1.0	German augmented sixth chord	(1, 4, 6, 10)	b-	b-	#4	None
115.5	0.5	39	D-5	73	True	39.0	2.0	88.0	Ger7	False	('G-', 'B-', 'D-', 'E')	G-	E	1.0	German augmented sixth chord	(1, 4, 6, 10)	b-	b-	#4	None
115.5	0.5	39	E5	76	True	39.0	2.0	88.0	Ger7	False	('G-', 'B-', 'D-', 'E')	G-	E	1.0	German augmented sixth chord	(1, 4, 6, 10)	b-	b-	#4	None
115.5	0.5	39	D-6	85	True	39.0	2.0	88.0	Ger7	False	('G-', 'B-', 'D-', 'E')	G-	E	1.0	German augmented sixth chord	(1, 4, 6, 10)	b-	b-	#4	None
116.0	1.0	39	B-4	70	True	39.0	2.0	88.0	Ger7	False	('G-', 'B-', 'D-', 'E')	G-	E	1.0	German augmented sixth chord	(1, 4, 6, 10)	b-	b-	#4	None
116.0	0.5	39	D-5	73	True	39.0	2.0	88.0	Ger7	False	('G-', 'B-', 'D-', 'E')	G-	E	1.0	German augmented sixth chord	(1, 4, 6, 10)	b-	b-	#4	None
116.0	0.5	39	E5	76	True	39.0	2.0	88.0	Ger7	False	('G-', 'B-', 'D-', 'E')	G-	E	1.0	German augmented sixth chord	(1, 4, 6, 10)	b-	b-	#4	None
116.0	0.5	39	D-6	85	True	39.0	2.0	88.0	Ger7	False	('G-', 'B-', 'D-', 'E')	G-	E	1.0	German augmented sixth chord	(1, 4, 6, 10)	b-	b-	#4	None
116.0	1.0	39	G-1	30	True	39.0	2.0	88.0	Ger7	False	('G-', 'B-', 'D-', 'E')	G-	E	1.0	German augmented sixth chord	(1, 4, 6, 10)	b-	b-	#4	None
116.0	1.0	39	G-2	42	True	39.0	2.0	88.0	Ger7	False	('G-', 'B-', 'D-', 'E')	G-	E	1.0	German augmented sixth chord	(1, 4, 6, 10)	b-	b-	#4	None
116.5	0.5	39	D-5	73	True	39.0	2.0	88.0	Ger7	False	('G-', 'B-', 'D-', 'E')	G-	E	1.0	German augmented sixth chord	(1, 4, 6, 10)	b-	b-	#4	None
116.5	0.5	39	E5	76	True	39.0	2.0	88.0	Ger7	False	('G-', 'B-', 'D-', 'E')	G-	E	1.0	German augmented sixth chord	(1, 4, 6, 10)	b-	b-	#4	None
116.5	0.5	39	D-6	85	True	39.0	2.0	88.0	Ger7	False	('G-', 'B-', 'D-', 'E')	G-	E	1.0	German augmented sixth chord	(1, 4, 6, 10)	b-	b-	#4	None
117.0	0.5	40	G-5	78	True	40.0	0.5	89.0	VI	True	('G-', 'B-', 'D-')	G-	G-	0.0	major triad	(1, 6, 10)	b-	b-	6	None
117.0	0.5	40	D-5	73	True	40.0	0.5	89.0	VI	True	('G-', 'B-', 'D-')	G-	G-	0.0	major triad	(1, 6, 10)	b-	b-	6	None
117.0	0.5	40	G-5	78	True	40.0	0.5	89.0	VI	True	('G-', 'B-', 'D-')	G-	G-	0.0	major triad	(1, 6, 10)	b-	b-	6	None
117.0	0.5	40	D-6	85	True	40.0	0.5	89.0	VI	True	('G-', 'B-', 'D-')	G-	G-	0.0	major triad	(1, 6, 10)	b-	b-	6	None
117.0	0.5	40	G-4	66	True	40.0	0.5	89.0	VI	True	('G-', 'B-', 'D-')	G-	G-	0.0	major triad	(1, 6, 10)	b-	b-	6	None
117.0	0.5	40	B-4	70	True	40.0	0.5	89.0	VI	True	('G-', 'B-', 'D-')	G-	G-	0.0	major triad	(1, 6, 10)	b-	b-	6	None
117.0	3.0	40	G-1	30	False	40.0	0.5	89.0	VI	True	('G-', 'B-', 'D-')	G-	G-	0.0	major triad	(1, 6, 10)	b-	b-	6	None
117.0	3.0	40	G-2	42	False	40.0	0.5	89.0	VI	True	('G-', 'B-', 'D-')	G-	G-	0.0	major triad	(1, 6, 10)	b-	b-	6	None
117.5	0.5	40	F5	77	True	40.0	0.5	90.0	i	True	('F', 'B-', 'D-')	F	B-	2.0	minor triad	(1, 5, 10)	b-	b-	1	None
117.5	0.5	40	D-5	73	True	40.0	0.5	90.0	i	True	('F', 'B-', 'D-')	F	B-	2.0	minor triad	(1, 5, 10)	b-	b-	1	None
117.5	0.5	40	F5	77	True	40.0	0.5	90.0	i	True	('F', 'B-', 'D-')	F	B-	2.0	minor triad	(1, 5, 10)	b-	b-	1	None
117.5	0.5	40	D-6	85	True	40.0	0.5	90.0	i	True	('F', 'B-', 'D-')	F	B-	2.0	minor triad	(1, 5, 10)	b-	b-	1	None
117.5	0.5	40	F4	65	True	40.0	0.5	90.0	i	True	('F', 'B-', 'D-')	F	B-	2.0	minor triad	(1, 5, 10)	b-	b-	1	None
117.5	0.5	40	B-4	70	True	40.0	0.5	90.0	i	True	('F', 'B-', 'D-')	F	B-	2.0	minor triad	(1, 5, 10)	b-	b-	1	None
118.0	1.0	40	E5	76	True	40.0	2.0	91.0	Ger7	True	('G-', 'B-', 'D-', 'E')	G-	E	1.0	German augmented sixth chord	(1, 4, 6, 10)	b-	b-	#4	None
118.0	0.5	40	D-5	73	True	40.0	2.0	91.0	Ger7	True	('G-', 'B-', 'D-', 'E')	G-	E	1.0	German augmented sixth chord	(1, 4, 6, 10)	b-	b-	#4	None
118.0	0.5	40	E5	76	True	40.0	2.0	91.0	Ger7	True	('G-', 'B-', 'D-', 'E')	G-	E	1.0	German augmented sixth chord	(1, 4, 6, 10)	b-	b-	#4	None
118.0	0.5	40	D-6	85	True	40.0	2.0	91.0	Ger7	True	('G-', 'B-', 'D-', 'E')	G-	E	1.0	German augmented sixth chord	(1, 4, 6, 10)	b-	b-	#4	None
118.0	2.0	40	E4	64	True	40.0	2.0	91.0	Ger7	True	('G-', 'B-', 'D-', 'E')	G-	E	1.0	German augmented sixth chord	(1, 4, 6, 10)	b-	b-	#4	None
118.0	2.0	40	B-4	70	True	40.0	2.0	91.0	Ger7	True	('G-', 'B-', 'D-', 'E')	G-	E	1.0	German augmented sixth chord	(1, 4, 6, 10)	b-	b-	#4	None
118.5	0.5	40	D-5	73	True	40.0	2.0	91.0	Ger7	False	('G-', 'B-', 'D-', 'E')	G-	E	1.0	German augmented sixth chord	(1, 4, 6, 10)	b-	b-	#4	None
118.5	0.5	40	E5	76	True	40.0	2.0	91.0	Ger7	False	('G-', 'B-', 'D-', 'E')	G-	E	1.0	German augmented sixth chord	(1, 4, 6, 10)	b-	b-	#4	None
118.5	0.5	40	D-6	85	True	40.0	2.0	91.0	Ger7	False	('G-', 'B-', 'D-', 'E')	G-	E	1.0	German augmented sixth chord	(1, 4, 6, 10)	b-	b-	#4	None
119.0	1.0	40	E5	76	True	40.0	2.0	91.0	Ger7	False	('G-', 'B-', 'D-', 'E')	G-	E	1.0	German augmented sixth chord	(1, 4, 6, 10)	b-	b-	#4	None
119.0	0.5	40	D-5	73	True	40.0	2.0	91.0	Ger7	False	('G-', 'B-', 'D-', 'E')	G-	E	1.0	German augmented sixth chord	(1, 4, 6, 10)	b-	b-	#4	None
119.0	0.5	40	E5	76	True	40.0	2.0	91.0	Ger7	False	('G-', 'B-', 'D-', 'E')	G-	E	1.0	German augmented sixth chord	(1, 4, 6, 10)	b-	b-	#4	None
119.0	0.5	40	D-6	85	True	40.0	2.0	91.0	Ger7	False	('G-', 'B-', 'D-', 'E')	G-	E	1.0	German augmented sixth chord	(1, 4, 6, 10)	b-	b-	#4	None
119.5	0.5	40	D-5	73	True	40.0	2.0	91.0	Ger7	False	('G-', 'B-', 'D-', 'E')	G-	E	1.0	German augmented sixth chord	(1, 4, 6, 10)	b-	b-	#4	None
119.5	0.5	40	E5	76	True	40.0	2.0	91.0	Ger7	False	('G-', 'B-', 'D-', 'E')	G-	E	1.0	German augmented sixth chord	(1, 4, 6, 10)	b-	b-	#4	None
119.5	0.5	40	D-6	85	True	40.0	2.0	91.0	Ger7	False	('G-', 'B-', 'D-', 'E')	G-	E	1.0	German augmented sixth chord	(1, 4, 6, 10)	b-	b-	#4	None
120.0	0.5	41	F5	77	True	41.0	1.0	92.0	viio/ii	True	('F', 'B', 'D')	F	B	2.0	diminished triad	(2, 5, 11)	b-	c	#7	2
120.0	1.0	41	D5	74	True	41.0	1.0	92.0	viio/ii	True	('F', 'B', 'D')	F	B	2.0	diminished triad	(2, 5, 11)	b-	c	#7	2
120.0	1.0	41	F5	77	True	41.0	1.0	92.0	viio/ii	True	('F', 'B', 'D')	F	B	2.0	diminished triad	(2, 5, 11)	b-	c	#7	2
120.0	1.0	41	B-5	82	True	41.0	1.0	92.0	viio/ii	True	('F', 'B', 'D')	F	B	2.0	diminished triad	(2, 5, 11)	b-	c	#7	2
120.0	1.0	41	D6	86	True	41.0	1.0	92.0	viio/ii	True	('F', 'B', 'D')	F	B	2.0	diminished triad	(2, 5, 11)	b-	c	#7	2
120.0	0.5	41	F2	41	True	41.0	1.0	92.0	viio/ii	True	('F', 'B', 'D')	F	B	2.0	diminished triad	(2, 5, 11)	b-	c	#7	2
120.0	1.0	41	F2	41	True	41.0	1.0	92.0	viio/ii	True	('F', 'B', 'D')	F	B	2.0	diminished triad	(2, 5, 11)	b-	c	#7	2
120.5	0.5	41	B-4	70	True	41.0	1.0	92.0	viio/ii	False	('F', 'B', 'D')	F	B	2.0	diminished triad	(2, 5, 11)	b-	c	#7	2
120.5	0.5	41	F3	53	True	41.0	1.0	92.0	viio/ii	False	('F', 'B', 'D')	F	B	2.0	diminished triad	(2, 5, 11)	b-	c	#7	2
121.0	1.0	41	E-5	75	True	41.0	1.0	93.0	V9	True	('F', 'A', 'C', 'E-', 'G-')	F	F	0.0	flat-ninth pentachord	(0, 3, 5, 6, 9)	b-	b-	5	None
121.0	0.5	41	G4	67	True	41.0	1.0	93.0	V9	True	('F', 'A', 'C', 'E-', 'G-')	F	F	0.0	flat-ninth pentachord	(0, 3, 5, 6, 9)	b-	b-	5	None
121.0	0.5	41	A4	69	True	41.0	1.0	93.0	V9	True	('F', 'A', 'C', 'E-', 'G-')	F	F	0.0	flat-ninth pentachord	(0, 3, 5, 6, 9)	b-	b-	5	None
121.0	0.5	41	E-5	75	True	41.0	1.0	93.0	V9	True	('F', 'A', 'C', 'E-', 'G-')	F	F	0.0	flat-ninth pentachord	(0, 3, 5, 6, 9)	b-	b-	5	None
121.0	1.0	41	F3	53	False	41.0	1.0	93.0	V9	True	('F', 'A', 'C', 'E-', 'G-')	F	F	0.0	flat-ninth pentachord	(0, 3, 5, 6, 9)	b-	b-	5	None
121.5	0.5	41	G4	67	True	41.0	1.0	93.0	V9	False	('F', 'A', 'C', 'E-', 'G-')	F	F	0.0	flat-ninth pentachord	(0, 3, 5, 6, 9)	b-	b-	5	None
121.5	0.5	41	A4	69	True	41.0	1.0	93.0	V9	False	('F', 'A', 'C', 'E-', 'G-')	F	F	0.0	flat-ninth pentachord	(0, 3, 5, 6, 9)	b-	b-	5	None
121.5	0.5	41	E-5	75	True	41.0	1.0	93.0	V9	False	('F', 'A', 'C', 'E-', 'G-')	F	F	0.0	flat-ninth pentachord	(0, 3, 5, 6, 9)	b-	b-	5	None
122.0	0.5	41	D5	74	True	41.0	1.0	94.0	V7	True	('F', 'A', 'C', 'E-')	F	F	0.0	dominant seventh chord	(0, 3, 5, 9)	b-	b-	5	None
122.0	0.5	41	F4	65	True	41.0	1.0	94.0	V7	True	('F', 'A', 'C', 'E-')	F	F	0.0	dominant seventh chord	(0, 3, 5, 9)	b-	b-	5	None
122.0	0.5	41	A4	69	True	41.0	1.0	94.0	V7	True	('F', 'A', 'C', 'E-')	F	F	0.0	dominant seventh chord	(0, 3, 5, 9)	b-	b-	5	None
122.0	0.5	41	D5	74	True	41.0	1.0	94.0	V7	True	('F', 'A', 'C', 'E-')	F	F	0.0	dominant seventh chord	(0, 3, 5, 9)	b-	b-	5	None
122.0	1.0	41	F1	29	True	41.0	1.0	94.0	V7	True	('F', 'A', 'C', 'E-')	F	F	0.0	dominant seventh chord	(0, 3, 5, 9)	b-	b-	5	None
122.0	1.0	41	F2	41	True	41.0	1.0	94.0	V7	True	('F', 'A', 'C', 'E-')	F	F	0.0	dominant seventh chord	(0, 3, 5, 9)	b-	b-	5	None
122.5	0.5	41	C5	72	True	41.0	1.0	94.0	V7	False	('F', 'A', 'C', 'E-')	F	F	0.0	dominant seventh chord	(0, 3, 5, 9)	b-	b-	5	None
122.5	0.5	41	E-4	63	True	41.0	1.0	94.0	V7	False	('F', 'A', 'C', 'E-')	F	F	0.0	dominant seventh chord	(0, 3, 5, 9)	b-	b-	5	None
122.5	0.5	41	A4	69	True	41.0	1.0	94.0	V7	False	('F', 'A', 'C', 'E-')	F	F	0.0	dominant seventh chord	(0, 3, 5, 9)	b-	b-	5	None
122.5	0.5	41	C5	72	True	41.0	1.0	94.0	V7	False	('F', 'A', 'C', 'E-')	F	F	0.0	dominant seventh chord	(0, 3, 5, 9)	b-	b-	5	None
123.0	0.5	42	C5	72	True	42.0	3.0	95.0	I	True	('B-', 'D', 'F')	B-	B-	0.0	major triad	(2, 5, 10)	b-	b-	1	None
123.0	0.5	42	E-4	63	True	42.0	3.0	95.0	I	True	('B-', 'D', 'F')	B-	B-	0.0	major triad	(2, 5, 10)	b-	b-	1	None
123.0	0.5	42	F4	65	True	42.0	3.0	95.0	I	True	('B-', 'D', 'F')	B-	B-	0.0	major triad	(2, 5, 10)	b-	b-	1	None
123.0	0.5	42	C5	72	True	42.0	3.0	95.0	I	True	('B-', 'D', 'F')	B-	B-	0.0	major triad	(2, 5, 10)	b-	b-	1	None
123.0	3.0	42	B-1	34	True	42.0	3.0	95.0	I	True	('B-', 'D', 'F')	B-	B-	0.0	major triad	(2, 5, 10)	b-	b-	1	None
123.0	3.0	42	B-2	46	True	42.0	3.0	95.0	I	True	('B-', 'D', 'F')	B-	B-	0.0	major triad	(2, 5, 10)	b-	b-	1	None
123.5	0.5	42	B-4	70	True	42.0	3.0	95.0	I	False	('B-', 'D', 'F')	B-	B-	0.0	major triad	(2, 5, 10)	b-	b-	1	None
123.5	0.5	42	D4	62	True	42.0	3.0	95.0	I	False	('B-', 'D', 'F')	B-	B-	0.0	major triad	(2, 5, 10)	b-	b-	1	None
123.5	0.5	42	F4	65	True	42.0	3.0	95.0	I	False	('B-', 'D', 'F')	B-	B-	0.0	major triad	(2, 5, 10)	b-	b-	1	None
123.5	0.5	42	B-4	70	True	42.0	3.0	95.0	I	False	('B-', 'D', 'F')	B-	B-	0.0	major triad	(2, 5, 10)	b-	b-	1	None
124.0	1.0	42	B-4	70	True	42.0	3.0	95.0	I	False	('B-', 'D', 'F')	B-	B-	0.0	major triad	(2, 5, 10)	b-	b-	1	None
124.0	0.5	42	D4	62	True	42.0	3.0	95.0	I	False	('B-', 'D', 'F')	B-	B-	0.0	major triad	(2, 5, 10)	b-	b-	1	None
124.0	0.5	42	F4	65	True	42.0	3.0	95.0	I	False	('B-', 'D', 'F')	B-	B-	0.0	major triad	(2, 5, 10)	b-	b-	1	None
124.0	0.5	42	B-4	70	True	42.0	3.0	95.0	I	False	('B-', 'D', 'F')	B-	B-	0.0	major triad	(2, 5, 10)	b-	b-	1	None
124.5	0.5	42	D4	62	True	42.0	3.0	95.0	I	False	('B-', 'D', 'F')	B-	B-	0.0	major triad	(2, 5, 10)	b-	b-	1	None
124.5	0.5	42	F4	65	True	42.0	3.0	95.0	I	False	('B-', 'D', 'F')	B-	B-	0.0	major triad	(2, 5, 10)	b-	b-	1	None
124.5	0.5	42	B-4	70	True	42.0	3.0	95.0	I	False	('B-', 'D', 'F')	B-	B-	0.0	major triad	(2, 5, 10)	b-	b-	1	None
125.0	0.25	42	B-4	70	False	42.0	3.0	95.0	I	False	('B-', 'D', 'F')	B-	B-	0.0	major triad	(2, 5, 10)	b-	b-	1	None
125.0	0.5	42	D4	62	True	42.0	3.0	95.0	I	False	('B-', 'D', 'F')	B-	B-	0.0	major triad	(2, 5, 10)	b-	b-	1	None
125.0	0.5	42	F4	65	True	42.0	3.0	95.0	I	False	('B-', 'D', 'F')	B-	B-	0.0	major triad	(2, 5, 10)	b-	b-	1	None
125.0	0.5	42	B-4	70	True	42.0	3.0	95.0	I	False	('B-', 'D', 'F')	B-	B-	0.0	major triad	(2, 5, 10)	b-	b-	1	None
125.5	0.5	42	B-4	70	True	42.0	3.0	95.0	I	False	('B-', 'D', 'F')	B-	B-	0.0	major triad	(2, 5, 10)	b-	b-	1	None
125.5	0.5	42	D4	62	True	42.0	3.0	95.0	I	False	('B-', 'D', 'F')	B-	B-	0.0	major triad	(2, 5, 10)	b-	b-	1	None
125.5	0.5	42	F4	65	True	42.0	3.0	95.0	I	False	('B-', 'D', 'F')	B-	B-	0.0	major triad	(2, 5, 10)	b-	b-	1	None
125.5	0.5	42	B-4	70	True	42.0	3.0	95.0	I	False	('B-', 'D', 'F')	B-	B-	0.0	major triad	(2, 5, 10)	b-	b-	1	None
126.0	0.5	43	C5	72	True	43.0	3.0	96.0	V7	True	('B-', 'C', 'E', 'G')	B-	C	3.0	dominant seventh chord	(0, 4, 7, 10)	f	f	5	None
126.0	3.0	43	C5	72	True	43.0	3.0	96.0	V7	True	('B-', 'C', 'E', 'G')	B-	C	3.0	dominant seventh chord	(0, 4, 7, 10)	f	f	5	None
126.0	0.5	43	C4	60	True	43.0	3.0	96.0	V7	True	('B-', 'C', 'E', 'G')	B-	C	3.0	dominant seventh chord	(0, 4, 7, 10)	f	f	5	None
126.0	0.5	43	E4	64	True	43.0	3.0	96.0	V7	True	('B-', 'C', 'E', 'G')	B-	C	3.0	dominant seventh chord	(0, 4, 7, 10)	f	f	5	None
126.0	0.5	43	G4	67	True	43.0	3.0	96.0	V7	True	('B-', 'C', 'E', 'G')	B-	C	3.0	dominant seventh chord	(0, 4, 7, 10)	f	f	5	None
126.0	1.0	43	B-1	34	True	43.0	3.0	96.0	V7	True	('B-', 'C', 'E', 'G')	B-	C	3.0	dominant seventh chord	(0, 4, 7, 10)	f	f	5	None
126.0	1.0	43	B-2	46	True	43.0	3.0	96.0	V7	True	('B-', 'C', 'E', 'G')	B-	C	3.0	dominant seventh chord	(0, 4, 7, 10)	f	f	5	None
126.0	0.5	43	B-1	34	True	43.0	3.0	96.0	V7	True	('B-', 'C', 'E', 'G')	B-	C	3.0	dominant seventh chord	(0, 4, 7, 10)	f	f	5	None
126.5	0.5	43	C5	72	True	43.0	3.0	96.0	V7	False	('B-', 'C', 'E', 'G')	B-	C	3.0	dominant seventh chord	(0, 4, 7, 10)	f	f	5	None
126.5	0.5	43	C4	60	True	43.0	3.0	96.0	V7	False	('B-', 'C', 'E', 'G')	B-	C	3.0	dominant seventh chord	(0, 4, 7, 10)	f	f	5	None
126.5	0.5	43	E4	64	True	43.0	3.0	96.0	V7	False	('B-', 'C', 'E', 'G')	B-	C	3.0	dominant seventh chord	(0, 4, 7, 10)	f	f	5	None
126.5	0.5	43	G4	67	True	43.0	3.0	96.0	V7	False	('B-', 'C', 'E', 'G')	B-	C	3.0	dominant seventh chord	(0, 4, 7, 10)	f	f	5	None
126.5	0.5	43	C2	36	True	43.0	3.0	96.0	V7	False	('B-', 'C', 'E', 'G')	B-	C	3.0	dominant seventh chord	(0, 4, 7, 10)	f	f	5	None
127.0	0.5	43	C5	72	True	43.0	3.0	96.0	V7	False	('B-', 'C', 'E', 'G')	B-	C	3.0	dominant seventh chord	(0, 4, 7, 10)	f	f	5	None
127.0	0.5	43	C4	60	True	43.0	3.0	96.0	V7	False	('B-', 'C', 'E', 'G')	B-	C	3.0	dominant seventh chord	(0, 4, 7, 10)	f	f	5	None
127.0	0.5	43	E4	64	True	43.0	3.0	96.0	V7	False	('B-', 'C', 'E', 'G')	B-	C	3.0	dominant seventh chord	(0, 4, 7, 10)	f	f	5	None
127.0	0.5	43	G4	67	True	43.0	3.0	96.0	V7	False	('B-', 'C', 'E', 'G')	B-	C	3.0	dominant seventh chord	(0, 4, 7, 10)	f	f	5	None
127.0	1.0	43	B-1	34	True	43.0	3.0	96.0	V7	False	('B-', 'C', 'E', 'G')	B-	C	3.0	dominant seventh chord	(0, 4, 7, 10)	f	f	5	None
127.0	1.0	43	B-2	46	True	43.0	3.0	96.0	V7	False	('B-', 'C', 'E', 'G')	B-	C	3.0	dominant seventh chord	(0, 4, 7, 10)	f	f	5	None
127.0	0.5	43	B-1	34	True	43.0	3.0	96.0	V7	False	('B-', 'C', 'E', 'G')	B-	C	3.0	dominant seventh chord	(0, 4, 7, 10)	f	f	5	None
127.5	0.5	43	C5	72	True	43.0	3.0	96.0	V7	False	('B-', 'C', 'E', 'G')	B-	C	3.0	dominant seventh chord	(0, 4, 7, 10)	f	f	5	None
127.5	0.5	43	C4	60	True	43.0	3.0	96.0	V7	False	('B-', 'C', 'E', 'G')	B-	C	3.0	dominant seventh chord	(0, 4, 7, 10)	f	f	5	None
127.5	0.5	43	E4	64	True	43.0	3.0	96.0	V7	False	('B-', 'C', 'E', 'G')	B-	C	3.0	dominant seventh chord	(0, 4, 7, 10)	f	f	5	None
127.5	0.5	43	G4	67	True	43.0	3.0	96.0	V7	False	('B-', 'C', 'E', 'G')	B-	C	3.0	dominant seventh chord	(0, 4, 7, 10)	f	f	5	None
127.5	0.5	43	C2	36	True	43.0	3.0	96.0	V7	False	('B-', 'C', 'E', 'G')	B-	C	3.0	dominant seventh chord	(0, 4, 7, 10)	f	f	5	None
128.0	0.5	43	C5	72	True	43.0	3.0	96.0	V7	False	('B-', 'C', 'E', 'G')	B-	C	3.0	dominant seventh chord	(0, 4, 7, 10)	f	f	5	None
128.0	0.5	43	C4	60	True	43.0	3.0	96.0	V7	False	('B-', 'C', 'E', 'G')	B-	C	3.0	dominant seventh chord	(0, 4, 7, 10)	f	f	5	None
128.0	0.5	43	E4	64	True	43.0	3.0	96.0	V7	False	('B-', 'C', 'E', 'G')	B-	C	3.0	dominant seventh chord	(0, 4, 7, 10)	f	f	5	None
128.0	0.5	43	G4	67	True	43.0	3.0	96.0	V7	False	('B-', 'C', 'E', 'G')	B-	C	3.0	dominant seventh chord	(0, 4, 7, 10)	f	f	5	None
128.0	1.0	43	B-1	34	True	43.0	3.0	96.0	V7	False	('B-', 'C', 'E', 'G')	B-	C	3.0	dominant seventh chord	(0, 4, 7, 10)	f	f	5	None
128.0	1.0	43	B-2	46	True	43.0	3.0	96.0	V7	False	('B-', 'C', 'E', 'G')	B-	C	3.0	dominant seventh chord	(0, 4, 7, 10)	f	f	5	None
128.0	0.5	43	B-1	34	True	43.0	3.0	96.0	V7	False	('B-', 'C', 'E', 'G')	B-	C	3.0	dominant seventh chord	(0, 4, 7, 10)	f	f	5	None
128.5	0.5	43	C5	72	True	43.0	3.0	96.0	V7	False	('B-', 'C', 'E', 'G')	B-	C	3.0	dominant seventh chord	(0, 4, 7, 10)	f	f	5	None
128.5	0.5	43	C4	60	True	43.0	3.0	96.0	V7	False	('B-', 'C', 'E', 'G')	B-	C	3.0	dominant seventh chord	(0, 4, 7, 10)	f	f	5	None
128.5	0.5	43	E4	64	True	43.0	3.0	96.0	V7	False	('B-', 'C', 'E', 'G')	B-	C	3.0	dominant seventh chord	(0, 4, 7, 10)	f	f	5	None
128.5	0.5	43	G4	67	True	43.0	3.0	96.0	V7	False	('B-', 'C', 'E', 'G')	B-	C	3.0	dominant seventh chord	(0, 4, 7, 10)	f	f	5	None
128.5	0.5	43	C2	36	True	43.0	3.0	96.0	V7	False	('B-', 'C', 'E', 'G')	B-	C	3.0	dominant seventh chord	(0, 4, 7, 10)	f	f	5	None
129.0	1.0	44	F5	77	True	44.0	3.0	97.0	ivb7	True	('B-', 'D-', 'F', 'A--')	B-	B-	0.0	half-diminished seventh chord	(1, 5, 7, 10)	f	f	4	None
129.0	3.0	44	D-5	73	True	44.0	3.0	97.0	ivb7	True	('B-', 'D-', 'F', 'A--')	B-	B-	0.0	half-diminished seventh chord	(1, 5, 7, 10)	f	f	4	None
129.0	0.5	44	D-4	61	True	44.0	3.0	97.0	ivb7	True	('B-', 'D-', 'F', 'A--')	B-	B-	0.0	half-diminished seventh chord	(1, 5, 7, 10)	f	f	4	None
129.0	0.5	44	F4	65	True	44.0	3.0	97.0	ivb7	True	('B-', 'D-', 'F', 'A--')	B-	B-	0.0	half-diminished seventh chord	(1, 5, 7, 10)	f	f	4	None
129.0	0.5	44	A-4	68	True	44.0	3.0	97.0	ivb7	True	('B-', 'D-', 'F', 'A--')	B-	B-	0.0	half-diminished seventh chord	(1, 5, 7, 10)	f	f	4	None
129.0	1.0	44	B-1	34	True	44.0	3.0	97.0	ivb7	True	('B-', 'D-', 'F', 'A--')	B-	B-	0.0	half-diminished seventh chord	(1, 5, 7, 10)	f	f	4	None
129.0	1.0	44	B-2	46	True	44.0	3.0	97.0	ivb7	True	('B-', 'D-', 'F', 'A--')	B-	B-	0.0	half-diminished seventh chord	(1, 5, 7, 10)	f	f	4	None
129.0	0.5	44	B-1	34	True	44.0	3.0	97.0	ivb7	True	('B-', 'D-', 'F', 'A--')	B-	B-	0.0	half-diminished seventh chord	(1, 5, 7, 10)	f	f	4	None
129.5	0.5	44	D-4	61	True	44.0	3.0	97.0	ivb7	False	('B-', 'D-', 'F', 'A--')	B-	B-	0.0	half-diminished seventh chord	(1, 5, 7, 10)	f	f	4	None
129.5	0.5	44	F4	65	True	44.0	3.0	97.0	ivb7	False	('B-', 'D-', 'F', 'A--')	B-	B-	0.0	half-diminished seventh chord	(1, 5, 7, 10)	f	f	4	None
129.5	0.5	44	A-4	68	True	44.0	3.0	97.0	ivb7	False	('B-', 'D-', 'F', 'A--')	B-	B-	0.0	half-diminished seventh chord	(1, 5, 7, 10)	f	f	4	None
129.5	0.5	44	C2	36	True	44.0	3.0	97.0	ivb7	False	('B-', 'D-', 'F', 'A--')	B-	B-	0.0	half-diminished seventh chord	(1, 5, 7, 10)	f	f	4	None
130.0	1.0	44	A-4	68	True	44.0	3.0	97.0	ivb7	False	('B-', 'D-', 'F', 'A--')	B-	B-	0.0	half-diminished seventh chord	(1, 5, 7, 10)	f	f	4	None
130.0	0.5	44	D-4	61	True	44.0	3.0	97.0	ivb7	False	('B-', 'D-', 'F', 'A--')	B-	B-	0.0	half-diminished seventh chord	(1, 5, 7, 10)	f	f	4	None
130.0	0.5	44	F4	65	True	44.0	3.0	97.0	ivb7	False	('B-', 'D-', 'F', 'A--')	B-	B-	0.0	half-diminished seventh chord	(1, 5, 7, 10)	f	f	4	None
130.0	0.5	44	A-4	68	True	44.0	3.0	97.0	ivb7	False	('B-', 'D-', 'F', 'A--')	B-	B-	0.0	half-diminished seventh chord	(1, 5, 7, 10)	f	f	4	None
130.0	1.0	44	B-1	34	True	44.0	3.0	97.0	ivb7	False	('B-', 'D-', 'F', 'A--')	B-	B-	0.0	half-diminished seventh chord	(1, 5, 7, 10)	f	f	4	None
130.0	1.0	44	B-2	46	True	44.0	3.0	97.0	ivb7	False	('B-', 'D-', 'F', 'A--')	B-	B-	0.0	half-diminished seventh chord	(1, 5, 7, 10)	f	f	4	None
130.0	0.5	44	B-1	34	True	44.0	3.0	97.0	ivb7	False	('B-', 'D-', 'F', 'A--')	B-	B-	0.0	half-diminished seventh chord	(1, 5, 7, 10)	f	f	4	None
130.5	0.5	44	D-4	61	True	44.0	3.0	97.0	ivb7	False	('B-', 'D-', 'F', 'A--')	B-	B-	0.0	half-diminished seventh chord	(1, 5, 7, 10)	f	f	4	None
130.5	0.5	44	F4	65	True	44.0	3.0	97.0	ivb7	False	('B-', 'D-', 'F', 'A--')	B-	B-	0.0	half-diminished seventh chord	(1, 5, 7, 10)	f	f	4	None
130.5	0.5	44	A-4	68	True	44.0	3.0	97.0	ivb7	False	('B-', 'D-', 'F', 'A--')	B-	B-	0.0	half-diminished seventh chord	(1, 5, 7, 10)	f	f	4	None
130.5	0.5	44	C2	36	True	44.0	3.0	97.0	ivb7	False	('B-', 'D-', 'F', 'A--')	B-	B-	0.0	half-diminished seventh chord	(1, 5, 7, 10)	f	f	4	None
131.0	0.5	44	D-4	61	True	44.0	3.0	97.0	ivb7	False	('B-', 'D-', 'F', 'A--')	B-	B-	0.0	half-diminished seventh chord	(1, 5, 7, 10)	f	f	4	None
131.0	0.5	44	F4	65	True	44.0	3.0	97.0	ivb7	False	('B-', 'D-', 'F', 'A--')	B-	B-	0.0	half-diminished seventh chord	(1, 5, 7, 10)	f	f	4	None
131.0	0.5	44	A-4	68	True	44.0	3.0	97.0	ivb7	False	('B-', 'D-', 'F', 'A--')	B-	B-	0.0	half-diminished seventh chord	(1, 5, 7, 10)	f	f	4	None
131.0	1.0	44	B-1	34	True	44.0	3.0	97.0	ivb7	False	('B-', 'D-', 'F', 'A--')	B-	B-	0.0	half-diminished seventh chord	(1, 5, 7, 10)	f	f	4	None
131.0	1.0	44	B-2	46	True	44.0	3.0	97.0	ivb7	False	('B-', 'D-', 'F', 'A--')	B-	B-	0.0	half-diminished seventh chord	(1, 5, 7, 10)	f	f	4	None
131.0	0.5	44	B-1	34	True	44.0	3.0	97.0	ivb7	False	('B-', 'D-', 'F', 'A--')	B-	B-	0.0	half-diminished seventh chord	(1, 5, 7, 10)	f	f	4	None
131.5	0.25	44	D-5	73	True	44.0	3.0	97.0	ivb7	False	('B-', 'D-', 'F', 'A--')	B-	B-	0.0	half-diminished seventh chord	(1, 5, 7, 10)	f	f	4	None
131.5	0.5	44	D-4	61	True	44.0	3.0	97.0	ivb7	False	('B-', 'D-', 'F', 'A--')	B-	B-	0.0	half-diminished seventh chord	(1, 5, 7, 10)	f	f	4	None
131.5	0.5	44	F4	65	True	44.0	3.0	97.0	ivb7	False	('B-', 'D-', 'F', 'A--')	B-	B-	0.0	half-diminished seventh chord	(1, 5, 7, 10)	f	f	4	None
131.5	0.5	44	A-4	68	True	44.0	3.0	97.0	ivb7	False	('B-', 'D-', 'F', 'A--')	B-	B-	0.0	half-diminished seventh chord	(1, 5, 7, 10)	f	f	4	None
131.5	0.5	44	C2	36	True	44.0	3.0	97.0	ivb7	False	('B-', 'D-', 'F', 'A--')	B-	B-	0.0	half-diminished seventh chord	(1, 5, 7, 10)	f	f	4	None
131.75	0.25	44	D-5	73	True	44.0	3.0	97.0	ivb7	False	('B-', 'D-', 'F', 'A--')	B-	B-	0.0	half-diminished seventh chord	(1, 5, 7, 10)	f	f	4	None
132.0	1.0	45	D5	74	True	45.0	3.0	98.0	V+7	True	('B-', 'D', 'F#', 'A-')	B-	B-	0.0	augmented seventh chord	(2, 6, 8, 10)	E-	E-	5	None
132.0	3.0	45	D5	74	True	45.0	3.0	98.0	V+7	True	('B-', 'D', 'F#', 'A-')	B-	B-	0.0	augmented seventh chord	(2, 6, 8, 10)	E-	E-	5	None
132.0	0.5	45	D4	62	True	45.0	3.0	98.0	V+7	True	('B-', 'D', 'F#', 'A-')	B-	B-	0.0	augmented seventh chord	(2, 6, 8, 10)	E-	E-	5	None
132.0	0.5	45	F#4	66	True	45.0	3.0	98.0	V+7	True	('B-', 'D', 'F#', 'A-')	B-	B-	0.0	augmented seventh chord	(2, 6, 8, 10)	E-	E-	5	None
132.0	0.5	45	A4	69	True	45.0	3.0	98.0	V+7	True	('B-', 'D', 'F#', 'A-')	B-	B-	0.0	augmented seventh chord	(2, 6, 8, 10)	E-	E-	5	None
132.0	1.0	45	B-1	34	True	45.0	3.0	98.0	V+7	True	('B-', 'D', 'F#', 'A-')	B-	B-	0.0	augmented seventh chord	(2, 6, 8, 10)	E-	E-	5	None
132.0	1.0	45	B-2	46	True	45.0	3.0	98.0	V+7	True	('B-', 'D', 'F#', 'A-')	B-	B-	0.0	augmented seventh chord	(2, 6, 8, 10)	E-	E-	5	None
132.0	0.5	45	B-1	34	True	45.0	3.0	98.0	V+7	True	('B-', 'D', 'F#', 'A-')	B-	B-	0.0	augmented seventh chord	(2, 6, 8, 10)	E-	E-	5	None
132.5	0.5	45	D4	62	True	45.0	3.0	98.0	V+7	False	('B-', 'D', 'F#', 'A-')	B-	B-	0.0	augmented seventh chord	(2, 6, 8, 10)	E-	E-	5	None
132.5	0.5	45	F#4	66	True	45.0	3.0	98.0	V+7	False	('B-', 'D', 'F#', 'A-')	B-	B-	0.0	augmented seventh chord	(2, 6, 8, 10)	E-	E-	5	None
132.5	0.5	45	A4	69	True	45.0	3.0	98.0	V+7	False	('B-', 'D', 'F#', 'A-')	B-	B-	0.0	augmented seventh chord	(2, 6, 8, 10)	E-	E-	5	None
132.5	0.5	45	C2	36	True	45.0	3.0	98.0	V+7	False	('B-', 'D', 'F#', 'A-')	B-	B-	0.0	augmented seventh chord	(2, 6, 8, 10)	E-	E-	5	None
133.0	0.5	45	D5	74	True	45.0	3.0	98.0	V+7	False	('B-', 'D', 'F#', 'A-')	B-	B-	0.0	augmented seventh chord	(2, 6, 8, 10)	E-	E-	5	None
133.0	0.5	45	D4	62	True	45.0	3.0	98.0	V+7	False	('B-', 'D', 'F#', 'A-')	B-	B-	0.0	augmented seventh chord	(2, 6, 8, 10)	E-	E-	5	None
133.0	0.5	45	F#4	66	True	45.0	3.0	98.0	V+7	False	('B-', 'D', 'F#', 'A-')	B-	B-	0.0	augmented seventh chord	(2, 6, 8, 10)	E-	E-	5	None
133.0	0.5	45	A4	69	True	45.0	3.0	98.0	V+7	False	('B-', 'D', 'F#', 'A-')	B-	B-	0.0	augmented seventh chord	(2, 6, 8, 10)	E-	E-	5	None
133.0	1.0	45	B-1	34	True	45.0	3.0	98.0	V+7	False	('B-', 'D', 'F#', 'A-')	B-	B-	0.0	augmented seventh chord	(2, 6, 8, 10)	E-	E-	5	None
133.0	1.0	45	B-2	46	True	45.0	3.0	98.0	V+7	False	('B-', 'D', 'F#', 'A-')	B-	B-	0.0	augmented seventh chord	(2, 6, 8, 10)	E-	E-	5	None
133.0	0.5	45	B-1	34	True	45.0	3.0	98.0	V+7	False	('B-', 'D', 'F#', 'A-')	B-	B-	0.0	augmented seventh chord	(2, 6, 8, 10)	E-	E-	5	None
133.5	0.5	45	D5	74	True	45.0	3.0	98.0	V+7	False	('B-', 'D', 'F#', 'A-')	B-	B-	0.0	augmented seventh chord	(2, 6, 8, 10)	E-	E-	5	None
133.5	0.5	45	D4	62	True	45.0	3.0	98.0	V+7	False	('B-', 'D', 'F#', 'A-')	B-	B-	0.0	augmented seventh chord	(2, 6, 8, 10)	E-	E-	5	None
133.5	0.5	45	F#4	66	True	45.0	3.0	98.0	V+7	False	('B-', 'D', 'F#', 'A-')	B-	B-	0.0	augmented seventh chord	(2, 6, 8, 10)	E-	E-	5	None
133.5	0.5	45	A4	69	True	45.0	3.0	98.0	V+7	False	('B-', 'D', 'F#', 'A-')	B-	B-	0.0	augmented seventh chord	(2, 6, 8, 10)	E-	E-	5	None
133.5	0.5	45	C2	36	True	45.0	3.0	98.0	V+7	False	('B-', 'D', 'F#', 'A-')	B-	B-	0.0	augmented seventh chord	(2, 6, 8, 10)	E-	E-	5	None
134.0	0.75	45	D5	74	True	45.0	3.0	98.0	V+7	False	('B-', 'D', 'F#', 'A-')	B-	B-	0.0	augmented seventh chord	(2, 6, 8, 10)	E-	E-	5	None
134.0	0.5	45	D4	62	True	45.0	3.0	98.0	V+7	False	('B-', 'D', 'F#', 'A-')	B-	B-	0.0	augmented seventh chord	(2, 6, 8, 10)	E-	E-	5	None
134.0	0.5	45	F#4	66	True	45.0	3.0	98.0	V+7	False	('B-', 'D', 'F#', 'A-')	B-	B-	0.0	augmented seventh chord	(2, 6, 8, 10)	E-	E-	5	None
134.0	0.5	45	A4	69	True	45.0	3.0	98.0	V+7	False	('B-', 'D', 'F#', 'A-')	B-	B-	0.0	augmented seventh chord	(2, 6, 8, 10)	E-	E-	5	None
134.0	1.0	45	B-1	34	True	45.0	3.0	98.0	V+7	False	('B-', 'D', 'F#', 'A-')	B-	B-	0.0	augmented seventh chord	(2, 6, 8, 10)	E-	E-	5	None
134.0	1.0	45	B-2	46	True	45.0	3.0	98.0	V+7	False	('B-', 'D', 'F#', 'A-')	B-	B-	0.0	augmented seventh chord	(2, 6, 8, 10)	E-	E-	5	None
134.0	0.5	45	B-1	34	True	45.0	3.0	98.0	V+7	False	('B-', 'D', 'F#', 'A-')	B-	B-	0.0	augmented seventh chord	(2, 6, 8, 10)	E-	E-	5	None
134.5	0.5	45	D4	62	True	45.0	3.0	98.0	V+7	False	('B-', 'D', 'F#', 'A-')	B-	B-	0.0	augmented seventh chord	(2, 6, 8, 10)	E-	E-	5	None
134.5	0.5	45	F#4	66	True	45.0	3.0	98.0	V+7	False	('B-', 'D', 'F#', 'A-')	B-	B-	0.0	augmented seventh chord	(2, 6, 8, 10)	E-	E-	5	None
134.5	0.5	45	A4	69	True	45.0	3.0	98.0	V+7	False	('B-', 'D', 'F#', 'A-')	B-	B-	0.0	augmented seventh chord	(2, 6, 8, 10)	E-	E-	5	None
134.5	0.5	45	C2	36	True	45.0	3.0	98.0	V+7	False	('B-', 'D', 'F#', 'A-')	B-	B-	0.0	augmented seventh chord	(2, 6, 8, 10)	E-	E-	5	None
134.75	0.25	45	D5	74	True	45.0	3.0	98.0	V+7	False	('B-', 'D', 'F#', 'A-')	B-	B-	0.0	augmented seventh chord	(2, 6, 8, 10)	E-	E-	5	None
135.0	2.0	46	G5	79	True	46.0	2.0	99.0	I	True	('B-', 'E-', 'G')	B-	E-	2.0	major triad	(3, 7, 10)	E-	E-	1	None
135.0	1.0	46	E-5	75	True	46.0	2.0	99.0	I	True	('B-', 'E-', 'G')	B-	E-	2.0	major triad	(3, 7, 10)	E-	E-	1	None
135.0	0.5	46	E-4	63	True	46.0	2.0	99.0	I	True	('B-', 'E-', 'G')	B-	E-	2.0	major triad	(3, 7, 10)	E-	E-	1	None
135.0	0.5	46	G4	67	True	46.0	2.0	99.0	I	True	('B-', 'E-', 'G')	B-	E-	2.0	major triad	(3, 7, 10)	E-	E-	1	None
135.0	0.5	46	A4	69	True	46.0	2.0	99.0	I	True	('B-', 'E-', 'G')	B-	E-	2.0	major triad	(3, 7, 10)	E-	E-	1	None
135.0	1.0	46	B-1	34	True	46.0	2.0	99.0	I	True	('B-', 'E-', 'G')	B-	E-	2.0	major triad	(3, 7, 10)	E-	E-	1	None
135.0	1.0	46	B-2	46	True	46.0	2.0	99.0	I	True	('B-', 'E-', 'G')	B-	E-	2.0	major triad	(3, 7, 10)	E-	E-	1	None
135.5	0.5	46	E-4	63	True	46.0	2.0	99.0	I	False	('B-', 'E-', 'G')	B-	E-	2.0	major triad	(3, 7, 10)	E-	E-	1	None
135.5	0.5	46	G4	67	True	46.0	2.0	99.0	I	False	('B-', 'E-', 'G')	B-	E-	2.0	major triad	(3, 7, 10)	E-	E-	1	None
135.5	0.5	46	A4	69	True	46.0	2.0	99.0	I	False	('B-', 'E-', 'G')	B-	E-	2.0	major triad	(3, 7, 10)	E-	E-	1	None
136.0	0.5	46	E-4	63	True	46.0	2.0	99.0	I	False	('B-', 'E-', 'G')	B-	E-	2.0	major triad	(3, 7, 10)	E-	E-	1	None
136.0	0.5	46	G4	67	True	46.0	2.0	99.0	I	False	('B-', 'E-', 'G')	B-	E-	2.0	major triad	(3, 7, 10)	E-	E-	1	None
136.0	0.5	46	B-4	70	True	46.0	2.0	99.0	I	False	('B-', 'E-', 'G')	B-	E-	2.0	major triad	(3, 7, 10)	E-	E-	1	None
136.0	1.0	46	B-3	58	True	46.0	2.0	99.0	I	False	('B-', 'E-', 'G')	B-	E-	2.0	major triad	(3, 7, 10)	E-	E-	1	None
136.5	0.5	46	E-4	63	True	46.0	2.0	99.0	I	False	('B-', 'E-', 'G')	B-	E-	2.0	major triad	(3, 7, 10)	E-	E-	1	None
136.5	0.5	46	G4	67	True	46.0	2.0	99.0	I	False	('B-', 'E-', 'G')	B-	E-	2.0	major triad	(3, 7, 10)	E-	E-	1	None
136.5	0.5	46	B-4	70	True	46.0	2.0	99.0	I	False	('B-', 'E-', 'G')	B-	E-	2.0	major triad	(3, 7, 10)	E-	E-	1	None
137.0	0.5	46	G5	79	True	46.0	1.0	100.0	I+	True	('B', 'E-', 'G')	B	E-	2.0	augmented triad	(3, 7, 11)	E-	E-	1	None
137.0	0.5	46	E-4	63	True	46.0	1.0	100.0	I+	True	('B', 'E-', 'G')	B	E-	2.0	augmented triad	(3, 7, 11)	E-	E-	1	None
137.0	0.5	46	G4	67	True	46.0	1.0	100.0	I+	True	('B', 'E-', 'G')	B	E-	2.0	augmented triad	(3, 7, 11)	E-	E-	1	None
137.0	0.5	46	B4	71	True	46.0	1.0	100.0	I+	True	('B', 'E-', 'G')	B	E-	2.0	augmented triad	(3, 7, 11)	E-	E-	1	None
137.0	1.0	46	B3	59	True	46.0	1.0	100.0	I+	True	('B', 'E-', 'G')	B	E-	2.0	augmented triad	(3, 7, 11)	E-	E-	1	None
137.5	0.5	46	G5	79	True	46.0	1.0	100.0	I+	False	('B', 'E-', 'G')	B	E-	2.0	augmented triad	(3, 7, 11)	E-	E-	1	None
137.5	0.5	46	E-4	63	True	46.0	1.0	100.0	I+	False	('B', 'E-', 'G')	B	E-	2.0	augmented triad	(3, 7, 11)	E-	E-	1	None
137.5	0.5	46	G4	67	True	46.0	1.0	100.0	I+	False	('B', 'E-', 'G')	B	E-	2.0	augmented triad	(3, 7, 11)	E-	E-	1	None
137.5	0.5	46	B4	71	True	46.0	1.0	100.0	I+	False	('B', 'E-', 'G')	B	E-	2.0	augmented triad	(3, 7, 11)	E-	E-	1	None
138.0	1.0	47	A-5	80	True	47.0	2.0	101.0	V9	True	('B-', 'D', 'F', 'A-', 'C')	B-	B-	0.0	dominant-ninth	(0, 2, 5, 8, 10)	E-	E-	5	None
138.0	2.0	47	D4	62	True	47.0	2.0	101.0	V9	True	('B-', 'D', 'F', 'A-', 'C')	B-	B-	0.0	dominant-ninth	(0, 2, 5, 8, 10)	E-	E-	5	None
138.0	2.0	47	A-4	68	True	47.0	2.0	101.0	V9	True	('B-', 'D', 'F', 'A-', 'C')	B-	B-	0.0	dominant-ninth	(0, 2, 5, 8, 10)	E-	E-	5	None
138.0	2.0	47	C5	72	True	47.0	2.0	101.0	V9	True	('B-', 'D', 'F', 'A-', 'C')	B-	B-	0.0	dominant-ninth	(0, 2, 5, 8, 10)	E-	E-	5	None
138.0	2.0	47	B-2	46	True	47.0	2.0	101.0	V9	True	('B-', 'D', 'F', 'A-', 'C')	B-	B-	0.0	dominant-ninth	(0, 2, 5, 8, 10)	E-	E-	5	None
138.0	2.0	47	F3	53	True	47.0	2.0	101.0	V9	True	('B-', 'D', 'F', 'A-', 'C')	B-	B-	0.0	dominant-ninth	(0, 2, 5, 8, 10)	E-	E-	5	None
138.0	2.0	47	B-3	58	True	47.0	2.0	101.0	V9	True	('B-', 'D', 'F', 'A-', 'C')	B-	B-	0.0	dominant-ninth	(0, 2, 5, 8, 10)	E-	E-	5	None
139.0	0.5	47	G5	79	True	47.0	2.0	101.0	V9	False	('B-', 'D', 'F', 'A-', 'C')	B-	B-	0.0	dominant-ninth	(0, 2, 5, 8, 10)	E-	E-	5	None
139.5	0.5	47	F5	77	True	47.0	2.0	101.0	V9	False	('B-', 'D', 'F', 'A-', 'C')	B-	B-	0.0	dominant-ninth	(0, 2, 5, 8, 10)	E-	E-	5	None
140.0	0.5	47	E-5	75	True	47.0	1.0	102.0	V7	True	('A-', 'B-', 'D', 'F')	A-	B-	3.0	dominant seventh chord	(2, 5, 8, 10)	E-	E-	5	None
140.0	1.0	47	F5	77	True	47.0	1.0	102.0	V7	True	('A-', 'B-', 'D', 'F')	A-	B-	3.0	dominant seventh chord	(2, 5, 8, 10)	E-	E-	5	None
140.0	1.0	47	B-5	82	True	47.0	1.0	102.0	V7	True	('A-', 'B-', 'D', 'F')	A-	B-	3.0	dominant seventh chord	(2, 5, 8, 10)	E-	E-	5	None
140.0	1.0	47	F6	89	True	47.0	1.0	102.0	V7	True	('A-', 'B-', 'D', 'F')	A-	B-	3.0	dominant seventh chord	(2, 5, 8, 10)	E-	E-	5	None
140.0	1.0	47	A-4	68	True	47.0	1.0	102.0	V7	True	('A-', 'B-', 'D', 'F')	A-	B-	3.0	dominant seventh chord	(2, 5, 8, 10)	E-	E-	5	None
140.0	1.0	47	B-4	70	True	47.0	1.0	102.0	V7	True	('A-', 'B-', 'D', 'F')	A-	B-	3.0	dominant seventh chord	(2, 5, 8, 10)	E-	E-	5	None
140.0	1.0	47	D5	74	True	47.0	1.0	102.0	V7	True	('A-', 'B-', 'D', 'F')	A-	B-	3.0	dominant seventh chord	(2, 5, 8, 10)	E-	E-	5	None
140.5	0.5	47	D5	74	True	47.0	1.0	102.0	V7	False	('A-', 'B-', 'D', 'F')	A-	B-	3.0	dominant seventh chord	(2, 5, 8, 10)	E-	E-	5	None
141.0	1.0	48	F5	77	True	48.0	2.0	103.0	I	True	('E-', 'G', 'B-')	E-	E-	0.0	major triad	(3, 7, 10)	E-	E-	1	None
141.0	1.0	48	F6	89	True	48.0	2.0	103.0	I	True	('E-', 'G', 'B-')	E-	E-	0.0	major triad	(3, 7, 10)	E-	E-	1	None
141.0	1.0	48	B-6	94	True	48.0	2.0	103.0	I	True	('E-', 'G', 'B-')	E-	E-	0.0	major triad	(3, 7, 10)	E-	E-	1	None
141.0	1.0	48	F7	101	True	48.0	2.0	103.0	I	True	('E-', 'G', 'B-')	E-	E-	0.0	major triad	(3, 7, 10)	E-	E-	1	None
141.0	1.0	48	G4	67	True	48.0	2.0	103.0	I	True	('E-', 'G', 'B-')	E-	E-	0.0	major triad	(3, 7, 10)	E-	E-	1	None
141.0	1.0	48	B-4	70	True	48.0	2.0	103.0	I	True	('E-', 'G', 'B-')	E-	E-	0.0	major triad	(3, 7, 10)	E-	E-	1	None
141.0	1.0	48	F5	77	True	48.0	2.0	103.0	I	True	('E-', 'G', 'B-')	E-	E-	0.0	major triad	(3, 7, 10)	E-	E-	1	None
142.0	1.0	48	E-5	75	True	48.0	2.0	103.0	I	False	('E-', 'G', 'B-')	E-	E-	0.0	major triad	(3, 7, 10)	E-	E-	1	None
142.0	0.5	48	E-6	87	True	48.0	2.0	103.0	I	False	('E-', 'G', 'B-')	E-	E-	0.0	major triad	(3, 7, 10)	E-	E-	1	None
142.0	0.5	48	B-6	94	False	48.0	2.0	103.0	I	False	('E-', 'G', 'B-')	E-	E-	0.0	major triad	(3, 7, 10)	E-	E-	1	None
142.0	0.5	48	E-7	99	True	48.0	2.0	103.0	I	False	('E-', 'G', 'B-')	E-	E-	0.0	major triad	(3, 7, 10)	E-	E-	1	None
142.0	0.5	48	G4	67	False	48.0	2.0	103.0	I	False	('E-', 'G', 'B-')	E-	E-	0.0	major triad	(3, 7, 10)	E-	E-	1	None
142.0	0.5	48	B-4	70	False	48.0	2.0	103.0	I	False	('E-', 'G', 'B-')	E-	E-	0.0	major triad	(3, 7, 10)	E-	E-	1	None
142.0	0.5	48	E-5	75	True	48.0	2.0	103.0	I	False	('E-', 'G', 'B-')	E-	E-	0.0	major triad	(3, 7, 10)	E-	E-	1	None
143.0	0.25	48	E-5	75	False	48.0	1.0	104.0	viio7/ii	True	('E', 'G', 'B-', 'D-')	E	E	0.0	diminished seventh chord	(1, 4, 7, 10)	E-	f	#7	2
143.0	1.0	48	D-4	61	True	48.0	1.0	104.0	viio7/ii	True	('E', 'G', 'B-', 'D-')	E	E	0.0	diminished seventh chord	(1, 4, 7, 10)	E-	f	#7	2
143.0	1.0	48	G4	67	True	48.0	1.0	104.0	viio7/ii	True	('E', 'G', 'B-', 'D-')	E	E	0.0	diminished seventh chord	(1, 4, 7, 10)	E-	f	#7	2
143.0	1.0	48	E3	52	True	48.0	1.0	104.0	viio7/ii	True	('E', 'G', 'B-', 'D-')	E	E	0.0	diminished seventh chord	(1, 4, 7, 10)	E-	f	#7	2
143.0	1.0	48	B-3	58	True	48.0	1.0	104.0	viio7/ii	True	('E', 'G', 'B-', 'D-')	E	E	0.0	diminished seventh chord	(1, 4, 7, 10)	E-	f	#7	2
143.5	0.5	48	G4	67	True	48.0	1.0	104.0	viio7/ii	False	('E', 'G', 'B-', 'D-')	E	E	0.0	diminished seventh chord	(1, 4, 7, 10)	E-	f	#7	2
144.0	0.5	49	A-4	68	True	49.0	0.5	105.0	ii	True	('F', 'A-', 'C')	F	F	0.0	minor triad	(0, 5, 8)	E-	E-	2	None
144.0	0.5	49	C4	60	True	49.0	0.5	105.0	ii	True	('F', 'A-', 'C')	F	F	0.0	minor triad	(0, 5, 8)	E-	E-	2	None
144.0	0.5	49	A-4	68	True	49.0	0.5	105.0	ii	True	('F', 'A-', 'C')	F	F	0.0	minor triad	(0, 5, 8)	E-	E-	2	None
144.0	0.5	49	F3	53	True	49.0	0.5	105.0	ii	True	('F', 'A-', 'C')	F	F	0.0	minor triad	(0, 5, 8)	E-	E-	2	None
144.0	0.5	49	A-3	56	True	49.0	0.5	105.0	ii	True	('F', 'A-', 'C')	F	F	0.0	minor triad	(0, 5, 8)	E-	E-	2	None
144.5	0.5	49	G4	67	True	49.0	0.5	106.0	viio7/ii	True	('E', 'G', 'B-', 'D-')	E	E	0.0	diminished seventh chord	(1, 4, 7, 10)	E-	f	#7	2
144.5	0.5	49	D-4	61	True	49.0	0.5	106.0	viio7/ii	True	('E', 'G', 'B-', 'D-')	E	E	0.0	diminished seventh chord	(1, 4, 7, 10)	E-	f	#7	2
144.5	0.5	49	G4	67	True	49.0	0.5	106.0	viio7/ii	True	('E', 'G', 'B-', 'D-')	E	E	0.0	diminished seventh chord	(1, 4, 7, 10)	E-	f	#7	2
144.5	0.5	49	E3	52	True	49.0	0.5	106.0	viio7/ii	True	('E', 'G', 'B-', 'D-')	E	E	0.0	diminished seventh chord	(1, 4, 7, 10)	E-	f	#7	2
144.5	0.5	49	B-3	58	True	49.0	0.5	106.0	viio7/ii	True	('E', 'G', 'B-', 'D-')	E	E	0.0	diminished seventh chord	(1, 4, 7, 10)	E-	f	#7	2
145.0	0.5	49	A-4	68	True	49.0	1.0	107.0	ii	True	('F', 'A-', 'C')	F	F	0.0	minor triad	(0, 5, 8)	E-	E-	2	None
145.0	0.5	49	C4	60	True	49.0	1.0	107.0	ii	True	('F', 'A-', 'C')	F	F	0.0	minor triad	(0, 5, 8)	E-	E-	2	None
145.0	0.5	49	A-4	68	True	49.0	1.0	107.0	ii	True	('F', 'A-', 'C')	F	F	0.0	minor triad	(0, 5, 8)	E-	E-	2	None
145.0	0.5	49	F3	53	True	49.0	1.0	107.0	ii	True	('F', 'A-', 'C')	F	F	0.0	minor triad	(0, 5, 8)	E-	E-	2	None
145.0	0.5	49	A-3	56	True	49.0	1.0	107.0	ii	True	('F', 'A-', 'C')	F	F	0.0	minor triad	(0, 5, 8)	E-	E-	2	None
145.5	0.5	49	C5	72	True	49.0	1.0	107.0	ii	False	('F', 'A-', 'C')	F	F	0.0	minor triad	(0, 5, 8)	E-	E-	2	None
146.0	0.5	49	D4	62	True	49.0	1.0	108.0	V7	True	('B-', 'D', 'F', 'A-')	B-	B-	0.0	dominant seventh chord	(2, 5, 8, 10)	E-	E-	5	None
146.0	1.0	49	D4	62	True	49.0	1.0	108.0	V7	True	('B-', 'D', 'F', 'A-')	B-	B-	0.0	dominant seventh chord	(2, 5, 8, 10)	E-	E-	5	None
146.0	1.0	49	A-4	68	True	49.0	1.0	108.0	V7	True	('B-', 'D', 'F', 'A-')	B-	B-	0.0	dominant seventh chord	(2, 5, 8, 10)	E-	E-	5	None
146.0	1.0	49	A-3	56	True	49.0	1.0	108.0	V7	True	('B-', 'D', 'F', 'A-')	B-	B-	0.0	dominant seventh chord	(2, 5, 8, 10)	E-	E-	5	None
146.0	1.0	49	B-1	34	True	49.0	1.0	108.0	V7	True	('B-', 'D', 'F', 'A-')	B-	B-	0.0	dominant seventh chord	(2, 5, 8, 10)	E-	E-	5	None
146.0	1.0	49	B-2	46	True	49.0	1.0	108.0	V7	True	('B-', 'D', 'F', 'A-')	B-	B-	0.0	dominant seventh chord	(2, 5, 8, 10)	E-	E-	5	None
146.5	0.5	49	F4	65	True	49.0	1.0	108.0	V7	False	('B-', 'D', 'F', 'A-')	B-	B-	0.0	dominant seventh chord	(2, 5, 8, 10)	E-	E-	5	None
147.0	1.5	50	E-4	63	True	50.0	3.0	109.0	I	True	('E-', 'G', 'B-')	E-	E-	0.0	major triad	(3, 7, 10)	E-	E-	1	None
147.0	1.0	50	E-4	63	True	50.0	3.0	109.0	I	True	('E-', 'G', 'B-')	E-	E-	0.0	major triad	(3, 7, 10)	E-	E-	1	None
147.0	1.0	50	G4	67	True	50.0	3.0	109.0	I	True	('E-', 'G', 'B-')	E-	E-	0.0	major triad	(3, 7, 10)	E-	E-	1	None
147.0	1.0	50	G3	55	True	50.0	3.0	109.0	I	True	('E-', 'G', 'B-')	E-	E-	0.0	major triad	(3, 7, 10)	E-	E-	1	None
147.0	1.0	50	B-3	58	True	50.0	3.0	109.0	I	True	('E-', 'G', 'B-')	E-	E-	0.0	major triad	(3, 7, 10)	E-	E-	1	None
147.0	0.5	50	E-2	39	True	50.0	3.0	109.0	I	True	('E-', 'G', 'B-')	E-	E-	0.0	major triad	(3, 7, 10)	E-	E-	1	None
147.5	0.5	50	E-1	27	True	50.0	3.0	109.0	I	False	('E-', 'G', 'B-')	E-	E-	0.0	major triad	(3, 7, 10)	E-	E-	1	None
148.0	2.0	50	E-5	75	True	50.0	3.0	109.0	I	False	('E-', 'G', 'B-')	E-	E-	0.0	major triad	(3, 7, 10)	E-	E-	1	None
148.0	2.0	50	G5	79	True	50.0	3.0	109.0	I	False	('E-', 'G', 'B-')	E-	E-	0.0	major triad	(3, 7, 10)	E-	E-	1	None
148.0	2.0	50	E-6	87	True	50.0	3.0	109.0	I	False	('E-', 'G', 'B-')	E-	E-	0.0	major triad	(3, 7, 10)	E-	E-	1	None
148.0	2.0	50	B-3	58	True	50.0	3.0	109.0	I	False	('E-', 'G', 'B-')	E-	E-	0.0	major triad	(3, 7, 10)	E-	E-	1	None
148.0	2.0	50	E-4	63	True	50.0	3.0	109.0	I	False	('E-', 'G', 'B-')	E-	E-	0.0	major triad	(3, 7, 10)	E-	E-	1	None
148.0	2.0	50	G4	67	True	50.0	3.0	109.0	I	False	('E-', 'G', 'B-')	E-	E-	0.0	major triad	(3, 7, 10)	E-	E-	1	None
148.0	2.0	50	E-1	27	False	50.0	3.0	109.0	I	False	('E-', 'G', 'B-')	E-	E-	0.0	major triad	(3, 7, 10)	E-	E-	1	None
