	onset_div	duration_div	j_offset	s_offset_frac	s_duration	s_duration_frac	s_measure	ts_beats	ts_beat_type	measureNumberWithSuffix	continuous_beat	s_note	s_midi	s_isOnset	s_step	s_alter	mn_onset	s_beat_float	s_downbeat	s_part_id	s_voice_id	a_measure	a_duration	a_annotationNumber	a_romanNumeral	a_isOnset	a_pitchNames	a_bass	a_root	a_inversion	a_quality	a_pcset	a_localKey	a_tonicizedKey	a_degree1	a_degree2
0	0	4	0.0	0	1.0	1	1	3	4	1	0.0	G5	79	True	G	0	0	1.0	1	Violoncello	1	1.0	3.0	0.0	i	True	('G', 'B-', 'D')	G	G	0.0	minor triad	(2, 7, 10)	g	g	1	None
1	0	4	0.0	0	1.0	1	1	3	4	1	0.0	D5	74	True	D	0	0	1.0	1	Violoncello	1	1.0	3.0	0.0	i	True	('G', 'B-', 'D')	G	G	0.0	minor triad	(2, 7, 10)	g	g	1	None
2	0	4	0.0	0	1.0	1	1	3	4	1	0.0	B-4	70	True	B	-1	0	1.0	1	Violoncello	1	1.0	3.0	0.0	i	True	('G', 'B-', 'D')	G	G	0.0	minor triad	(2, 7, 10)	g	g	1	None
3	0	8	0.0	0	2.0	2	1	3	4	1	0.0	G3	55	True	G	0	0	1.0	1	Violoncello	1	1.0	3.0	0.0	i	True	('G', 'B-', 'D')	G	G	0.0	minor triad	(2, 7, 10)	g	g	1	None
4	4	6	1.0	1	1.5	3/2	1	3	4	1	1.0	G5	79	True	G	0	1/4	2.0	2	Violoncello	1	1.0	3.0	0.0	i	False	('G', 'B-', 'D')	G	G	0.0	minor triad	(2, 7, 10)	g	g	1	None
5	4	6	1.0	1	1.5	3/2	1	3	4	1	1.0	D5	74	True	D	0	1/4	2.0	2	Violoncello	1	1.0	3.0	0.0	i	False	('G', 'B-', 'D')	G	G	0.0	minor triad	(2, 7, 10)	g	g	1	None
6	4	6	1.0	1	1.5	3/2	1	3	4	1	1.0	B-4	70	True	B	-1	1/4	2.0	2	Violoncello	1	1.0	3.0	0.0	i	False	('G', 'B-', 'D')	G	G	0.0	minor triad	(2, 7, 10)	g	g	1	None
7	8	4	2.0	2	1.0	1	1	3	4	1	2.0	G3	55	True	G	0	1/2	3.0	3	Violoncello	1	1.0	3.0	0.0	i	False	('G', 'B-', 'D')	G	G	0.0	minor triad	(2, 7, 10)	g	g	1	None
8	10	2	2.5	5/2	0.5	1/2	1	3	4	1	2.5	G5	79	False	G	0	5/8	3.5	0	Violoncello	1	1.0	3.0	0.0	i	False	('G', 'B-', 'D')	G	G	0.0	minor triad	(2, 7, 10)	g	g	1	None
9	10	2	2.5	5/2	0.5	1/2	1	3	4	1	2.5	D5	74	False	D	0	5/8	3.5	0	Violoncello	1	1.0	3.0	0.0	i	False	('G', 'B-', 'D')	G	G	0.0	minor triad	(2, 7, 10)	g	g	1	None
10	10	2	2.5	5/2	0.5	1/2	1	3	4	1	2.5	B-4	70	False	B	-1	5/8	3.5	0	Violoncello	1	1.0	3.0	0.0	i	False	('G', 'B-', 'D')	G	G	0.0	minor triad	(2, 7, 10)	g	g	1	None
11	12	2	3.0	3	0.5	1/2	2	3	4	2	3.0	G5	79	True	G	0	0	1.0	1	Violoncello	1	2.0	3.0	1.0	V	True	('F#', 'A', 'D')	F#	D	1.0	major triad	(2, 6, 9)	g	g	5	None
12	12	4	3.0	3	1.0	1	2	3	4	2	3.0	C5	72	True	C	0	0	1.0	1	Violoncello	1	2.0	3.0	1.0	V	True	('F#', 'A', 'D')	F#	D	1.0	major triad	(2, 6, 9)	g	g	5	None
13	12	4	3.0	3	1.0	1	2	3	4	2	3.0	A4	69	True	A	0	0	1.0	1	Violoncello	1	2.0	3.0	1.0	V	True	('F#', 'A', 'D')	F#	D	1.0	major triad	(2, 6, 9)	g	g	5	None
14	12	4	3.0	3	1.0	1	2	3	4	2	3.0	F#3	54	True	F	1	0	1.0	1	Violoncello	1	2.0	3.0	1.0	V	True	('F#', 'A', 'D')	F#	D	1.0	major triad	(2, 6, 9)	g	g	5	None
15	14	2	3.5	7/2	0.5	1/2	2	3	4	2	3.5	D5	74	True	D	0	1/8	1.5	0	Violoncello	1	2.0	3.0	1.0	V	False	('F#', 'A', 'D')	F#	D	1.0	major triad	(2, 6, 9)	g	g	5	None
16	16	6	4.0	4	1.5	3/2	2	3	4	2	4.0	D5	74	True	D	0	1/4	2.0	2	Violoncello	1	2.0	3.0	1.0	V	False	('F#', 'A', 'D')	F#	D	1.0	major triad	(2, 6, 9)	g	g	5	None
17	16	6	4.0	4	1.5	3/2	2	3	4	2	4.0	C5	72	True	C	0	1/4	2.0	2	Violoncello	1	2.0	3.0	1.0	V	False	('F#', 'A', 'D')	F#	D	1.0	major triad	(2, 6, 9)	g	g	5	None
18	16	6	4.0	4	1.5	3/2	2	3	4	2	4.0	A4	69	True	A	0	1/4	2.0	2	Violoncello	1	2.0	3.0	1.0	V	False	('F#', 'A', 'D')	F#	D	1.0	major triad	(2, 6, 9)	g	g	5	None
19	16	6	4.0	4	1.5	3/2	2	3	4	2	4.0	F#3	54	True	F	1	1/4	2.0	2	Violoncello	1	2.0	3.0	1.0	V	False	('F#', 'A', 'D')	F#	D	1.0	major triad	(2, 6, 9)	g	g	5	None
20	22	2	5.5	11/2	0.5	1/2	2	3	4	2	5.5	D5	74	False	D	0	5/8	3.5	0	Violoncello	1	2.0	3.0	1.0	V	False	('F#', 'A', 'D')	F#	D	1.0	major triad	(2, 6, 9)	g	g	5	None
21	22	2	5.5	11/2	0.5	1/2	2	3	4	2	5.5	C5	72	False	C	0	5/8	3.5	0	Violoncello	1	2.0	3.0	1.0	V	False	('F#', 'A', 'D')	F#	D	1.0	major triad	(2, 6, 9)	g	g	5	None
22	22	2	5.5	11/2	0.5	1/2	2	3	4	2	5.5	A4	69	False	A	0	5/8	3.5	0	Violoncello	1	2.0	3.0	1.0	V	False	('F#', 'A', 'D')	F#	D	1.0	major triad	(2, 6, 9)	g	g	5	None
23	22	2	5.5	11/2	0.5	1/2	2	3	4	2	5.5	F#3	54	False	F	1	5/8	3.5	0	Violoncello	1	2.0	3.0	1.0	V	False	('F#', 'A', 'D')	F#	D	1.0	major triad	(2, 6, 9)	g	g	5	None
24	24	2	6.0	6	0.5	1/2	3	3	4	3	6.0	D5	74	True	D	0	0	1.0	1	Violoncello	1	3.0	1.0	2.0	i	True	('G', 'B-', 'D')	G	G	0.0	minor triad	(2, 7, 10)	g	g	1	None
25	24	6	6.0	6	1.5	3/2	3	3	4	3	6.0	B-4	70	True	B	-1	0	1.0	1	Violoncello	1	3.0	1.0	2.0	i	True	('G', 'B-', 'D')	G	G	0.0	minor triad	(2, 7, 10)	g	g	1	None
26	24	6	6.0	6	1.5	3/2	3	3	4	3	6.0	G4	67	True	G	0	0	1.0	1	Violoncello	1	3.0	1.0	2.0	i	True	('G', 'B-', 'D')	G	G	0.0	minor triad	(2, 7, 10)	g	g	1	None
27	24	4	6.0	6	1.0	1	3	3	4	3	6.0	G3	55	True	G	0	0	1.0	1	Violoncello	1	3.0	1.0	2.0	i	True	('G', 'B-', 'D')	G	G	0.0	minor triad	(2, 7, 10)	g	g	1	None
28	26	2	6.5	13/2	0.5	1/2	3	3	4	3	6.5	E-5	75	True	E	-1	1/8	1.5	0	Violoncello	1	3.0	1.0	2.0	i	False	('G', 'B-', 'D')	G	G	0.0	minor triad	(2, 7, 10)	g	g	1	None
29	28	6	7.0	7	1.5	3/2	3	3	4	3	7.0	C5	72	True	C	0	1/4	2.0	2	Violoncello	1	3.0	2.0	3.0	iv	True	('E-', 'G', 'C')	E-	C	1.0	minor triad	(0, 3, 7)	g	g	4	None
30	28	8	7.0	7	2.0	2	3	3	4	3	7.0	G3	55	True	G	0	1/4	2.0	2	Violoncello	1	3.0	2.0	3.0	iv	True	('E-', 'G', 'C')	E-	C	1.0	minor triad	(0, 3, 7)	g	g	4	None
31	30	2	7.5	15/2	0.5	1/2	3	3	4	3	7.5	A4	69	True	A	0	3/8	2.5	0	Violoncello	1	3.0	2.0	3.0	iv	False	('E-', 'G', 'C')	E-	C	1.0	minor triad	(0, 3, 7)	g	g	4	None
32	30	2	7.5	15/2	0.5	1/2	3	3	4	3	7.5	F4	65	True	F	0	3/8	2.5	0	Violoncello	1	3.0	2.0	3.0	iv	False	('E-', 'G', 'C')	E-	C	1.0	minor triad	(0, 3, 7)	g	g	4	None
33	32	4	8.0	8	1.0	1	3	3	4	3	8.0	G4	67	True	G	0	1/2	3.0	3	Violoncello	1	3.0	2.0	3.0	iv	False	('E-', 'G', 'C')	E-	C	1.0	minor triad	(0, 3, 7)	g	g	4	None
34	32	1	8.0	8	0.25	1/4	3	3	4	3	8.0	E-4	63	True	E	-1	1/2	3.0	3	Violoncello	1	3.0	2.0	3.0	iv	False	('E-', 'G', 'C')	E-	C	1.0	minor triad	(0, 3, 7)	g	g	4	None
35	33	1	8.25	33/4	0.25	1/4	3	3	4	3	8.25	D4	62	True	D	0	9/16	3.25	0	Violoncello	1	3.0	2.0	3.0	iv	False	('E-', 'G', 'C')	E-	C	1.0	minor triad	(0, 3, 7)	g	g	4	None
36	34	2	8.5	17/2	0.5	1/2	3	3	4	3	8.5	C5	72	False	C	0	5/8	3.5	0	Violoncello	1	3.0	2.0	3.0	iv	False	('E-', 'G', 'C')	E-	C	1.0	minor triad	(0, 3, 7)	g	g	4	None
37	34	2	8.5	17/2	0.5	1/2	3	3	4	3	8.5	C4	60	True	C	0	5/8	3.5	0	Violoncello	1	3.0	2.0	3.0	iv	False	('E-', 'G', 'C')	E-	C	1.0	minor triad	(0, 3, 7)	g	g	4	None
38	36	4	9.0	9	1.0	1	4	3	4	4	9.0	C5	72	True	C	0	0	1.0	1	Violoncello	1	4.0	3.0	4.0	V	True	('D', 'F#', 'A')	D	D	0.0	major triad	(2, 6, 9)	g	g	5	None
39	36	4	9.0	9	1.0	1	4	3	4	4	9.0	F#4	66	True	F	1	0	1.0	1	Violoncello	1	4.0	3.0	4.0	V	True	('D', 'F#', 'A')	D	D	0.0	major triad	(2, 6, 9)	g	g	5	None
40	36	4	9.0	9	1.0	1	4	3	4	4	9.0	A3	57	True	A	0	0	1.0	1	Violoncello	1	4.0	3.0	4.0	V	True	('D', 'F#', 'A')	D	D	0.0	major triad	(2, 6, 9)	g	g	5	None
41	36	4	9.0	9	1.0	1	4	3	4	4	9.0	D3	50	True	D	0	0	1.0	1	Violoncello	1	4.0	3.0	4.0	V	True	('D', 'F#', 'A')	D	D	0.0	major triad	(2, 6, 9)	g	g	5	None
42	40	2	10.0	10	0.5	1/2	4	3	4	4	10.0	B-4	70	True	B	-1	1/4	2.0	2	Violoncello	1	4.0	3.0	4.0	V	False	('D', 'F#', 'A')	D	D	0.0	major triad	(2, 6, 9)	g	g	5	None
43	40	6	10.0	10	1.5	3/2	4	3	4	4	10.0	F#4	66	True	F	1	1/4	2.0	2	Violoncello	1	4.0	3.0	4.0	V	False	('D', 'F#', 'A')	D	D	0.0	major triad	(2, 6, 9)	g	g	5	None
44	40	6	10.0	10	1.5	3/2	4	3	4	4	10.0	D4	62	True	D	0	1/4	2.0	2	Violoncello	1	4.0	3.0	4.0	V	False	('D', 'F#', 'A')	D	D	0.0	major triad	(2, 6, 9)	g	g	5	None
45	40	6	10.0	10	1.5	3/2	4	3	4	4	10.0	D3	50	True	D	0	1/4	2.0	2	Violoncello	1	4.0	3.0	4.0	V	False	('D', 'F#', 'A')	D	D	0.0	major triad	(2, 6, 9)	g	g	5	None
46	42	2	10.5	21/2	0.5	1/2	4	3	4	4	10.5	A4	69	True	A	0	3/8	2.5	0	Violoncello	1	4.0	3.0	4.0	V	False	('D', 'F#', 'A')	D	D	0.0	major triad	(2, 6, 9)	g	g	5	None
47	46	2	11.5	23/2	0.5	1/2	4	3	4	4	11.5	A4	69	True	A	0	5/8	3.5	0	Violoncello	1	4.0	3.0	4.0	V	False	('D', 'F#', 'A')	D	D	0.0	major triad	(2, 6, 9)	g	g	5	None
48	46	2	11.5	23/2	0.5	1/2	4	3	4	4	11.5	F#4	66	True	F	1	5/8	3.5	0	Violoncello	1	4.0	3.0	4.0	V	False	('D', 'F#', 'A')	D	D	0.0	major triad	(2, 6, 9)	g	g	5	None
49	46	2	11.5	23/2	0.5	1/2	4	3	4	4	11.5	D4	62	True	D	0	5/8	3.5	0	Violoncello	1	4.0	3.0	4.0	V	False	('D', 'F#', 'A')	D	D	0.0	major triad	(2, 6, 9)	g	g	5	None
50	46	2	11.5	23/2	0.5	1/2	4	3	4	4	11.5	D3	50	True	D	0	5/8	3.5	0	Violoncello	1	4.0	3.0	4.0	V	False	('D', 'F#', 'A')	D	D	0.0	major triad	(2, 6, 9)	g	g	5	None
51	48	4	12.0	12	1.0	1	5	3	4	5	12.0	D5	74	True	D	0	0	1.0	1	Violoncello	1	5.0	3.0	5.0	V/iv	True	('B', 'D', 'G')	B	G	1.0	major triad	(2, 7, 11)	g	c	5	4
52	48	4	12.0	12	1.0	1	5	3	4	5	12.0	G4	67	True	G	0	0	1.0	1	Violoncello	1	5.0	3.0	5.0	V/iv	True	('B', 'D', 'G')	B	G	1.0	major triad	(2, 7, 11)	g	c	5	4
53	48	2	12.0	12	0.5	1/2	5	3	4	5	12.0	D4	62	True	D	0	0	1.0	1	Violoncello	1	5.0	3.0	5.0	V/iv	True	('B', 'D', 'G')	B	G	1.0	major triad	(2, 7, 11)	g	c	5	4
54	48	4	12.0	12	1.0	1	5	3	4	5	12.0	B2	47	True	B	0	0	1.0	1	Violoncello	1	5.0	3.0	5.0	V/iv	True	('B', 'D', 'G')	B	G	1.0	major triad	(2, 7, 11)	g	c	5	4
55	50	1	12.5	25/2	0.25	1/4	5	3	4	5	12.5	E-4	63	True	E	-1	1/8	1.5	0	Violoncello	1	5.0	3.0	5.0	V/iv	False	('B', 'D', 'G')	B	G	1.0	major triad	(2, 7, 11)	g	c	5	4
56	51	1	12.75	51/4	0.25	1/4	5	3	4	5	12.75	F4	65	True	F	0	3/16	1.75	0	Violoncello	1	5.0	3.0	5.0	V/iv	False	('B', 'D', 'G')	B	G	1.0	major triad	(2, 7, 11)	g	c	5	4
57	52	6	13.0	13	1.5	3/2	5	3	4	5	13.0	C5	72	True	C	0	1/4	2.0	2	Violoncello	1	5.0	3.0	5.0	V/iv	False	('B', 'D', 'G')	B	G	1.0	major triad	(2, 7, 11)	g	c	5	4
58	52	6	13.0	13	1.5	3/2	5	3	4	5	13.0	G4	67	True	G	0	1/4	2.0	2	Violoncello	1	5.0	3.0	5.0	V/iv	False	('B', 'D', 'G')	B	G	1.0	major triad	(2, 7, 11)	g	c	5	4
59	52	6	13.0	13	1.5	3/2	5	3	4	5	13.0	E-4	63	True	E	-1	1/4	2.0	2	Violoncello	1	5.0	3.0	5.0	V/iv	False	('B', 'D', 'G')	B	G	1.0	major triad	(2, 7, 11)	g	c	5	4
60	52	6	13.0	13	1.5	3/2	5	3	4	5	13.0	B2	47	True	B	0	1/4	2.0	2	Violoncello	1	5.0	3.0	5.0	V/iv	False	('B', 'D', 'G')	B	G	1.0	major triad	(2, 7, 11)	g	c	5	4
61	58	2	14.5	29/2	0.5	1/2	5	3	4	5	14.5	D5	74	True	D	0	5/8	3.5	0	Violoncello	1	5.0	3.0	5.0	V/iv	False	('B', 'D', 'G')	B	G	1.0	major triad	(2, 7, 11)	g	c	5	4
62	58	2	14.5	29/2	0.5	1/2	5	3	4	5	14.5	G4	67	False	G	0	5/8	3.5	0	Violoncello	1	5.0	3.0	5.0	V/iv	False	('B', 'D', 'G')	B	G	1.0	major triad	(2, 7, 11)	g	c	5	4
63	58	2	14.5	29/2	0.5	1/2	5	3	4	5	14.5	D4	62	True	D	0	5/8	3.5	0	Violoncello	1	5.0	3.0	5.0	V/iv	False	('B', 'D', 'G')	B	G	1.0	major triad	(2, 7, 11)	g	c	5	4
64	58	2	14.5	29/2	0.5	1/2	5	3	4	5	14.5	B2	47	False	B	0	5/8	3.5	0	Violoncello	1	5.0	3.0	5.0	V/iv	False	('B', 'D', 'G')	B	G	1.0	major triad	(2, 7, 11)	g	c	5	4
65	60	4	15.0	15	1.0	1	6	3	4	6	15.0	E-5	75	True	E	-1	0	1.0	1	Violoncello	1	6.0	3.0	6.0	iv	True	('C', 'E-', 'G')	C	C	0.0	minor triad	(0, 3, 7)	g	g	4	None
66	60	4	15.0	15	1.0	1	6	3	4	6	15.0	G4	67	True	G	0	0	1.0	1	Violoncello	1	6.0	3.0	6.0	iv	True	('C', 'E-', 'G')	C	C	0.0	minor triad	(0, 3, 7)	g	g	4	None
67	60	4	15.0	15	1.0	1	6	3	4	6	15.0	C4	60	True	C	0	0	1.0	1	Violoncello	1	6.0	3.0	6.0	iv	True	('C', 'E-', 'G')	C	C	0.0	minor triad	(0, 3, 7)	g	g	4	None
68	60	4	15.0	15	1.0	1	6	3	4	6	15.0	C3	48	True	C	0	0	1.0	1	Violoncello	1	6.0	3.0	6.0	iv	True	('C', 'E-', 'G')	C	C	0.0	minor triad	(0, 3, 7)	g	g	4	None
69	64	6	16.0	16	1.5	3/2	6	3	4	6	16.0	A4	69	True	A	0	1/4	2.0	2	Violoncello	1	6.0	3.0	6.0	iv	False	('C', 'E-', 'G')	C	C	0.0	minor triad	(0, 3, 7)	g	g	4	None
70	64	8	16.0	16	2.0	2	6	3	4	6	16.0	G4	67	True	G	0	1/4	2.0	2	Violoncello	1	6.0	3.0	6.0	iv	False	('C', 'E-', 'G')	C	C	0.0	minor triad	(0, 3, 7)	g	g	4	None
71	64	6	16.0	16	1.5	3/2	6	3	4	6	16.0	E-4	63	True	E	-1	1/4	2.0	2	Violoncello	1	6.0	3.0	6.0	iv	False	('C', 'E-', 'G')	C	C	0.0	minor triad	(0, 3, 7)	g	g	4	None
72	64	8	16.0	16	2.0	2	6	3	4	6	16.0	C3	48	True	C	0	1/4	2.0	2	Violoncello	1	6.0	3.0	6.0	iv	False	('C', 'E-', 'G')	C	C	0.0	minor triad	(0, 3, 7)	g	g	4	None
73	70	2	17.5	35/2	0.5	1/2	6	3	4	6	17.5	A4	69	False	A	0	5/8	3.5	0	Violoncello	1	6.0	3.0	6.0	iv	False	('C', 'E-', 'G')	C	C	0.0	minor triad	(0, 3, 7)	g	g	4	None
74	70	2	17.5	35/2	0.5	1/2	6	3	4	6	17.5	E-4	63	False	E	-1	5/8	3.5	0	Violoncello	1	6.0	3.0	6.0	iv	False	('C', 'E-', 'G')	C	C	0.0	minor triad	(0, 3, 7)	g	g	4	None
75	72	2	18.0	18	0.5	1/2	7	3	4	7	18.0	A4	69	True	A	0	0	1.0	1	Violoncello	1	7.0	2.0	7.0	i	True	('D', 'G', 'B-')	D	G	2.0	minor triad	(2, 7, 10)	g	g	1	None
76	72	4	18.0	18	1.0	1	7	3	4	7	18.0	G4	67	True	G	0	0	1.0	1	Violoncello	1	7.0	2.0	7.0	i	True	('D', 'G', 'B-')	D	G	2.0	minor triad	(2, 7, 10)	g	g	1	None
77	72	4	18.0	18	1.0	1	7	3	4	7	18.0	D4	62	True	D	0	0	1.0	1	Violoncello	1	7.0	2.0	7.0	i	True	('D', 'G', 'B-')	D	G	2.0	minor triad	(2, 7, 10)	g	g	1	None
78	72	12	18.0	18	3.0	3	7	3	4	7	18.0	D3	50	True	D	0	0	1.0	1	Violoncello	1	7.0	2.0	7.0	i	True	('D', 'G', 'B-')	D	G	2.0	minor triad	(2, 7, 10)	g	g	1	None
79	74	1	18.5	37/2	0.25	1/4	7	3	4	7	18.5	B-4	70	True	B	-1	1/8	1.5	0	Violoncello	1	7.0	2.0	7.0	i	False	('D', 'G', 'B-')	D	G	2.0	minor triad	(2, 7, 10)	g	g	1	None
80	75	1	18.75	75/4	0.25	1/4	7	3	4	7	18.75	C5	72	True	C	0	3/16	1.75	0	Violoncello	1	7.0	2.0	7.0	i	False	('D', 'G', 'B-')	D	G	2.0	minor triad	(2, 7, 10)	g	g	1	None
81	76	4	19.0	19	1.0	1	7	3	4	7	19.0	B-4	70	True	B	-1	1/4	2.0	2	Violoncello	1	7.0	2.0	7.0	i	False	('D', 'G', 'B-')	D	G	2.0	minor triad	(2, 7, 10)	g	g	1	None
82	76	4	19.0	19	1.0	1	7	3	4	7	19.0	G4	67	True	G	0	1/4	2.0	2	Violoncello	1	7.0	2.0	7.0	i	False	('D', 'G', 'B-')	D	G	2.0	minor triad	(2, 7, 10)	g	g	1	None
83	76	4	19.0	19	1.0	1	7	3	4	7	19.0	D4	62	True	D	0	1/4	2.0	2	Violoncello	1	7.0	2.0	7.0	i	False	('D', 'G', 'B-')	D	G	2.0	minor triad	(2, 7, 10)	g	g	1	None
84	80	2	20.0	20	0.5	1/2	7	3	4	7	20.0	A4	69	True	A	0	1/2	3.0	3	Violoncello	1	7.0	1.0	8.0	V7	True	('D', 'F#', 'A', 'C')	D	D	0.0	dominant seventh chord	(0, 2, 6, 9)	g	g	5	None
85	80	4	20.0	20	1.0	1	7	3	4	7	20.0	F#4	66	True	F	1	1/2	3.0	3	Violoncello	1	7.0	1.0	8.0	V7	True	('D', 'F#', 'A', 'C')	D	D	0.0	dominant seventh chord	(0, 2, 6, 9)	g	g	5	None
86	80	4	20.0	20	1.0	1	7	3	4	7	20.0	C4	60	True	C	0	1/2	3.0	3	Violoncello	1	7.0	1.0	8.0	V7	True	('D', 'F#', 'A', 'C')	D	D	0.0	dominant seventh chord	(0, 2, 6, 9)	g	g	5	None
87	82	2	20.5	41/2	0.5	1/2	7	3	4	7	20.5	G4	67	True	G	0	5/8	3.5	0	Violoncello	1	7.0	1.0	8.0	V7	False	('D', 'F#', 'A', 'C')	D	D	0.0	dominant seventh chord	(0, 2, 6, 9)	g	g	5	None
88	84	6	21.0	21	1.5	3/2	8	3	4	8	21.0	G4	67	True	G	0	0	1.0	1	Violoncello	1	8.0	3.0	9.0	i	True	('G', 'B-', 'D')	G	G	0.0	minor triad	(2, 7, 10)	g	g	1	None
89	84	6	21.0	21	1.5	3/2	8	3	4	8	21.0	G4	67	True	G	0	0	1.0	1	Violoncello	1	8.0	3.0	9.0	i	True	('G', 'B-', 'D')	G	G	0.0	minor triad	(2, 7, 10)	g	g	1	None
90	84	4	21.0	21	1.0	1	8	3	4	8	21.0	B-3	58	True	B	-1	0	1.0	1	Violoncello	1	8.0	3.0	9.0	i	True	('G', 'B-', 'D')	G	G	0.0	minor triad	(2, 7, 10)	g	g	1	None
91	84	12	21.0	21	3.0	3	8	3	4	8	21.0	G2	43	True	G	0	0	1.0	1	Violoncello	1	8.0	3.0	9.0	i	True	('G', 'B-', 'D')	G	G	0.0	minor triad	(2, 7, 10)	g	g	1	None
92	88	4	22.0	22	1.0	1	8	3	4	8	22.0	G3	55	True	G	0	1/4	2.0	2	Violoncello	1	8.0	3.0	9.0	i	False	('G', 'B-', 'D')	G	G	0.0	minor triad	(2, 7, 10)	g	g	1	None
93	90	2	22.5	45/2	0.5	1/2	8	3	4	8	22.5	A4	69	True	A	0	3/8	2.5	0	Violoncello	1	8.0	3.0	9.0	i	False	('G', 'B-', 'D')	G	G	0.0	minor triad	(2, 7, 10)	g	g	1	None
94	90	2	22.5	45/2	0.5	1/2	8	3	4	8	22.5	F#4	66	True	F	1	3/8	2.5	0	Violoncello	1	8.0	3.0	9.0	i	False	('G', 'B-', 'D')	G	G	0.0	minor triad	(2, 7, 10)	g	g	1	None
95	92	3	23.0	23	0.75	3/4	8	3	4	8	23.0	B-4	70	True	B	-1	1/2	3.0	3	Violoncello	1	8.0	3.0	9.0	i	False	('G', 'B-', 'D')	G	G	0.0	minor triad	(2, 7, 10)	g	g	1	None
96	92	3	23.0	23	0.75	3/4	8	3	4	8	23.0	G4	67	True	G	0	1/2	3.0	3	Violoncello	1	8.0	3.0	9.0	i	False	('G', 'B-', 'D')	G	G	0.0	minor triad	(2, 7, 10)	g	g	1	None
97	92	4	23.0	23	1.0	1	8	3	4	8	23.0	E-4	63	True	E	-1	1/2	3.0	3	Violoncello	1	8.0	3.0	9.0	i	False	('G', 'B-', 'D')	G	G	0.0	minor triad	(2, 7, 10)	g	g	1	None
98	95	1	23.75	95/4	0.25	1/4	8	3	4	8	23.75	C5	72	True	C	0	11/16	3.75	0	Violoncello	1	8.0	3.0	9.0	i	False	('G', 'B-', 'D')	G	G	0.0	minor triad	(2, 7, 10)	g	g	1	None
99	95	1	23.75	95/4	0.25	1/4	8	3	4	8	23.75	A4	69	True	A	0	11/16	3.75	0	Violoncello	1	8.0	3.0	9.0	i	False	('G', 'B-', 'D')	G	G	0.0	minor triad	(2, 7, 10)	g	g	1	None
100	96	3	24.0	24	0.75	3/4	9	3	4	9	24.0	D5	74	True	D	0	0	1.0	1	Violoncello	1	9.0	1.0	10.0	i	True	('G', 'B-', 'D')	G	G	0.0	minor triad	(2, 7, 10)	g	g	1	None
101	96	6	24.0	24	1.5	3/2	9	3	4	9	24.0	B-4	70	True	B	-1	0	1.0	1	Violoncello	1	9.0	1.0	10.0	i	True	('G', 'B-', 'D')	G	G	0.0	minor triad	(2, 7, 10)	g	g	1	None
102	96	6	24.0	24	1.5	3/2	9	3	4	9	24.0	D4	62	True	D	0	0	1.0	1	Violoncello	1	9.0	1.0	10.0	i	True	('G', 'B-', 'D')	G	G	0.0	minor triad	(2, 7, 10)	g	g	1	None
103	96	8	24.0	24	2.0	2	9	3	4	9	24.0	G3	55	True	G	0	0	1.0	1	Violoncello	1	9.0	1.0	10.0	i	True	('G', 'B-', 'D')	G	G	0.0	minor triad	(2, 7, 10)	g	g	1	None
104	99	1	24.75	99/4	0.25	1/4	9	3	4	9	24.75	G4	67	True	G	0	3/16	1.75	0	Violoncello	1	9.0	1.0	10.0	i	False	('G', 'B-', 'D')	G	G	0.0	minor triad	(2, 7, 10)	g	g	1	None
105	100	6	25.0	25	1.5	3/2	9	3	4	9	25.0	E-5	75	True	E	-1	1/4	2.0	2	Violoncello	1	9.0	2.0	11.0	VI	True	('G', 'B-', 'E-')	G	E-	1.0	major triad	(3, 7, 10)	g	g	6	None
106	102	2	25.5	51/2	0.5	1/2	9	3	4	9	25.5	B-4	70	False	B	-1	3/8	2.5	0	Violoncello	1	9.0	2.0	11.0	VI	False	('G', 'B-', 'E-')	G	E-	1.0	major triad	(3, 7, 10)	g	g	6	None
107	102	2	25.5	51/2	0.5	1/2	9	3	4	9	25.5	D4	62	False	D	0	3/8	2.5	0	Violoncello	1	9.0	2.0	11.0	VI	False	('G', 'B-', 'E-')	G	E-	1.0	major triad	(3, 7, 10)	g	g	6	None
108	104	3	26.0	26	0.75	3/4	9	3	4	9	26.0	A4	69	True	A	0	1/2	3.0	3	Violoncello	1	9.0	2.0	11.0	VI	False	('G', 'B-', 'E-')	G	E-	1.0	major triad	(3, 7, 10)	g	g	6	None
109	104	3	26.0	26	0.75	3/4	9	3	4	9	26.0	C4	60	True	C	0	1/2	3.0	3	Violoncello	1	9.0	2.0	11.0	VI	False	('G', 'B-', 'E-')	G	E-	1.0	major triad	(3, 7, 10)	g	g	6	None
110	104	4	26.0	26	1.0	1	9	3	4	9	26.0	G3	55	True	G	0	1/2	3.0	3	Violoncello	1	9.0	2.0	11.0	VI	False	('G', 'B-', 'E-')	G	E-	1.0	major triad	(3, 7, 10)	g	g	6	None
111	106	2	26.5	53/2	0.5	1/2	9	3	4	9	26.5	E-5	75	False	E	-1	5/8	3.5	0	Violoncello	1	9.0	2.0	11.0	VI	False	('G', 'B-', 'E-')	G	E-	1.0	major triad	(3, 7, 10)	g	g	6	None
112	107	1	26.75	107/4	0.25	1/4	9	3	4	9	26.75	G4	67	True	G	0	11/16	3.75	0	Violoncello	1	9.0	2.0	11.0	VI	False	('G', 'B-', 'E-')	G	E-	1.0	major triad	(3, 7, 10)	g	g	6	None
113	107	1	26.75	107/4	0.25	1/4	9	3	4	9	26.75	B-3	58	True	B	-1	11/16	3.75	0	Violoncello	1	9.0	2.0	11.0	VI	False	('G', 'B-', 'E-')	G	E-	1.0	major triad	(3, 7, 10)	g	g	6	None
114	108	4	27.0	27	1.0	1	10	3	4	10	27.0	E-5	75	True	E	-1	0	1.0	1	Violoncello	1	10.0	1.0	12.0	viio7	True	('F#', 'A', 'C', 'E-')	F#	F#	0.0	diminished seventh chord	(0, 3, 6, 9)	g	g	#7	None
115	108	6	27.0	27	1.5	3/2	10	3	4	10	27.0	A4	69	True	A	0	0	1.0	1	Violoncello	1	10.0	1.0	12.0	viio7	True	('F#', 'A', 'C', 'E-')	F#	F#	0.0	diminished seventh chord	(0, 3, 6, 9)	g	g	#7	None
116	108	6	27.0	27	1.5	3/2	10	3	4	10	27.0	C4	60	True	C	0	0	1.0	1	Violoncello	1	10.0	1.0	12.0	viio7	True	('F#', 'A', 'C', 'E-')	F#	F#	0.0	diminished seventh chord	(0, 3, 6, 9)	g	g	#7	None
117	108	4	27.0	27	1.0	1	10	3	4	10	27.0	F#3	54	True	F	1	0	1.0	1	Violoncello	1	10.0	1.0	12.0	viio7	True	('F#', 'A', 'C', 'E-')	F#	F#	0.0	diminished seventh chord	(0, 3, 6, 9)	g	g	#7	None
118	112	6	28.0	28	1.5	3/2	10	3	4	10	28.0	D5	74	True	D	0	1/4	2.0	2	Violoncello	1	10.0	2.0	13.0	V7	True	('F#', 'A', 'C', 'D')	F#	D	1.0	dominant seventh chord	(0, 2, 6, 9)	g	g	5	None
119	112	6	28.0	28	1.5	3/2	10	3	4	10	28.0	F#3	54	True	F	1	1/4	2.0	2	Violoncello	1	10.0	2.0	13.0	V7	True	('F#', 'A', 'C', 'D')	F#	D	1.0	dominant seventh chord	(0, 2, 6, 9)	g	g	5	None
120	114	2	28.5	57/2	0.5	1/2	10	3	4	10	28.5	B-4	70	True	B	-1	3/8	2.5	0	Violoncello	1	10.0	2.0	13.0	V7	False	('F#', 'A', 'C', 'D')	F#	D	1.0	dominant seventh chord	(0, 2, 6, 9)	g	g	5	None
121	114	2	28.5	57/2	0.5	1/2	10	3	4	10	28.5	A3	57	True	A	0	3/8	2.5	0	Violoncello	1	10.0	2.0	13.0	V7	False	('F#', 'A', 'C', 'D')	F#	D	1.0	dominant seventh chord	(0, 2, 6, 9)	g	g	5	None
122	116	4	29.0	29	1.0	1	10	3	4	10	29.0	A4	69	True	A	0	1/2	3.0	3	Violoncello	1	10.0	2.0	13.0	V7	False	('F#', 'A', 'C', 'D')	F#	D	1.0	dominant seventh chord	(0, 2, 6, 9)	g	g	5	None
123	116	4	29.0	29	1.0	1	10	3	4	10	29.0	D4	62	True	D	0	1/2	3.0	3	Violoncello	1	10.0	2.0	13.0	V7	False	('F#', 'A', 'C', 'D')	F#	D	1.0	dominant seventh chord	(0, 2, 6, 9)	g	g	5	None
124	118	2	29.5	59/2	0.5	1/2	10	3	4	10	29.5	D5	74	False	D	0	5/8	3.5	0	Violoncello	1	10.0	2.0	13.0	V7	False	('F#', 'A', 'C', 'D')	F#	D	1.0	dominant seventh chord	(0, 2, 6, 9)	g	g	5	None
125	118	2	29.5	59/2	0.5	1/2	10	3	4	10	29.5	F#3	54	False	F	1	5/8	3.5	0	Violoncello	1	10.0	2.0	13.0	V7	False	('F#', 'A', 'C', 'D')	F#	D	1.0	dominant seventh chord	(0, 2, 6, 9)	g	g	5	None
126	120	3	30.0	30	0.75	3/4	11	3	4	11	30.0	D5	74	True	D	0	0	1.0	1	Violoncello	1	11.0	1.0	14.0	i	True	('G', 'B-', 'D')	G	G	0.0	minor triad	(2, 7, 10)	g	g	1	None
127	120	6	30.0	30	1.5	3/2	11	3	4	11	30.0	B-4	70	True	B	-1	0	1.0	1	Violoncello	1	11.0	1.0	14.0	i	True	('G', 'B-', 'D')	G	G	0.0	minor triad	(2, 7, 10)	g	g	1	None
128	120	6	30.0	30	1.5	3/2	11	3	4	11	30.0	D4	62	True	D	0	0	1.0	1	Violoncello	1	11.0	1.0	14.0	i	True	('G', 'B-', 'D')	G	G	0.0	minor triad	(2, 7, 10)	g	g	1	None
129	120	4	30.0	30	1.0	1	11	3	4	11	30.0	G3	55	True	G	0	0	1.0	1	Violoncello	1	11.0	1.0	14.0	i	True	('G', 'B-', 'D')	G	G	0.0	minor triad	(2, 7, 10)	g	g	1	None
130	123	1	30.75	123/4	0.25	1/4	11	3	4	11	30.75	F#5	78	True	F	1	3/16	1.75	0	Violoncello	1	11.0	1.0	14.0	i	False	('G', 'B-', 'D')	G	G	0.0	minor triad	(2, 7, 10)	g	g	1	None
131	124	6	31.0	31	1.5	3/2	11	3	4	11	31.0	G5	79	True	G	0	1/4	2.0	2	Violoncello	1	11.0	1.5	15.0	iv	True	('E-', 'G', 'C')	E-	C	1.0	minor triad	(0, 3, 7)	g	g	4	None
132	124	8	31.0	31	2.0	2	11	3	4	11	31.0	E-3	51	True	E	-1	1/4	2.0	2	Violoncello	1	11.0	1.5	15.0	iv	True	('E-', 'G', 'C')	E-	C	1.0	minor triad	(0, 3, 7)	g	g	4	None
133	126	2	31.5	63/2	0.5	1/2	11	3	4	11	31.5	B-4	70	False	B	-1	3/8	2.5	0	Violoncello	1	11.0	1.5	15.0	iv	False	('E-', 'G', 'C')	E-	C	1.0	minor triad	(0, 3, 7)	g	g	4	None
134	126	2	31.5	63/2	0.5	1/2	11	3	4	11	31.5	D4	62	False	D	0	3/8	2.5	0	Violoncello	1	11.0	1.5	15.0	iv	False	('E-', 'G', 'C')	E-	C	1.0	minor triad	(0, 3, 7)	g	g	4	None
135	128	4	32.0	32	1.0	1	11	3	4	11	32.0	E-5	75	True	E	-1	1/2	3.0	3	Violoncello	1	11.0	1.5	15.0	iv	False	('E-', 'G', 'C')	E-	C	1.0	minor triad	(0, 3, 7)	g	g	4	None
136	128	4	32.0	32	1.0	1	11	3	4	11	32.0	C4	60	True	C	0	1/2	3.0	3	Violoncello	1	11.0	1.5	15.0	iv	False	('E-', 'G', 'C')	E-	C	1.0	minor triad	(0, 3, 7)	g	g	4	None
137	130	2	32.5	65/2	0.5	1/2	11	3	4	11	32.5	A5	81	True	A	0	5/8	3.5	0	Violoncello	1	11.0	0.5	16.0	iiø	True	('E-', 'A', 'C')	E-	A	2.0	diminished triad	(0, 3, 9)	g	g	2	None
138	132	4	33.0	33	1.0	1	12	3	4	12	33.0	F#5	78	True	F	1	0	1.0	1	Violoncello	1	12.0	3.0	17.0	V	True	('D', 'F#', 'A')	D	D	0.0	major triad	(2, 6, 9)	g	g	5	None
139	132	6	33.0	33	1.5	3/2	12	3	4	12	33.0	A4	69	True	A	0	0	1.0	1	Violoncello	1	12.0	3.0	17.0	V	True	('D', 'F#', 'A')	D	D	0.0	major triad	(2, 6, 9)	g	g	5	None
140	132	4	33.0	33	1.0	1	12	3	4	12	33.0	D4	62	True	D	0	0	1.0	1	Violoncello	1	12.0	3.0	17.0	V	True	('D', 'F#', 'A')	D	D	0.0	major triad	(2, 6, 9)	g	g	5	None
141	132	4	33.0	33	1.0	1	12	3	4	12	33.0	D3	50	True	D	0	0	1.0	1	Violoncello	1	12.0	3.0	17.0	V	True	('D', 'F#', 'A')	D	D	0.0	major triad	(2, 6, 9)	g	g	5	None
142	136	6	34.0	34	1.5	3/2	12	3	4	12	34.0	F#5	78	True	F	1	1/4	2.0	2	Violoncello	1	12.0	3.0	17.0	V	False	('D', 'F#', 'A')	D	D	0.0	major triad	(2, 6, 9)	g	g	5	None
143	136	6	34.0	34	1.5	3/2	12	3	4	12	34.0	D4	62	True	D	0	1/4	2.0	2	Violoncello	1	12.0	3.0	17.0	V	False	('D', 'F#', 'A')	D	D	0.0	major triad	(2, 6, 9)	g	g	5	None
144	136	6	34.0	34	1.5	3/2	12	3	4	12	34.0	D3	50	True	D	0	1/4	2.0	2	Violoncello	1	12.0	3.0	17.0	V	False	('D', 'F#', 'A')	D	D	0.0	major triad	(2, 6, 9)	g	g	5	None
145	138	2	34.5	69/2	0.5	1/2	12	3	4	12	34.5	A4	69	False	A	0	3/8	2.5	0	Violoncello	1	12.0	3.0	17.0	V	False	('D', 'F#', 'A')	D	D	0.0	major triad	(2, 6, 9)	g	g	5	None
146	140	4	35.0	35	1.0	1	12	3	4	12	35.0	A4	69	True	A	0	1/2	3.0	3	Violoncello	1	12.0	3.0	17.0	V	False	('D', 'F#', 'A')	D	D	0.0	major triad	(2, 6, 9)	g	g	5	None
147	142	2	35.5	71/2	0.5	1/2	12	3	4	12	35.5	E5	76	True	E	0	5/8	3.5	0	Violoncello	1	12.0	3.0	17.0	V	False	('D', 'F#', 'A')	D	D	0.0	major triad	(2, 6, 9)	g	g	5	None
148	142	2	35.5	71/2	0.5	1/2	12	3	4	12	35.5	D4	62	False	D	0	5/8	3.5	0	Violoncello	1	12.0	3.0	17.0	V	False	('D', 'F#', 'A')	D	D	0.0	major triad	(2, 6, 9)	g	g	5	None
149	142	2	35.5	71/2	0.5	1/2	12	3	4	12	35.5	D3	50	False	D	0	5/8	3.5	0	Violoncello	1	12.0	3.0	17.0	V	False	('D', 'F#', 'A')	D	D	0.0	major triad	(2, 6, 9)	g	g	5	None
150	144	4	36.0	36	1.0	1	13	3	4	13	36.0	F5	77	True	F	0	0	1.0	1	Violoncello	1	13.0	3.0	18.0	V7/iv	True	('B', 'D', 'F', 'G')	B	G	1.0	dominant seventh chord	(2, 5, 7, 11)	g	c	5	4
151	144	6	36.0	36	1.5	3/2	13	3	4	13	36.0	G4	67	True	G	0	0	1.0	1	Violoncello	1	13.0	3.0	18.0	V7/iv	True	('B', 'D', 'F', 'G')	B	G	1.0	dominant seventh chord	(2, 5, 7, 11)	g	c	5	4
152	144	4	36.0	36	1.0	1	13	3	4	13	36.0	D4	62	True	D	0	0	1.0	1	Violoncello	1	13.0	3.0	18.0	V7/iv	True	('B', 'D', 'F', 'G')	B	G	1.0	dominant seventh chord	(2, 5, 7, 11)	g	c	5	4
153	144	4	36.0	36	1.0	1	13	3	4	13	36.0	B2	47	True	B	0	0	1.0	1	Violoncello	1	13.0	3.0	18.0	V7/iv	True	('B', 'D', 'F', 'G')	B	G	1.0	dominant seventh chord	(2, 5, 7, 11)	g	c	5	4
154	148	6	37.0	37	1.5	3/2	13	3	4	13	37.0	F5	77	True	F	0	1/4	2.0	2	Violoncello	1	13.0	3.0	18.0	V7/iv	False	('B', 'D', 'F', 'G')	B	G	1.0	dominant seventh chord	(2, 5, 7, 11)	g	c	5	4
155	148	6	37.0	37	1.5	3/2	13	3	4	13	37.0	D4	62	True	D	0	1/4	2.0	2	Violoncello	1	13.0	3.0	18.0	V7/iv	False	('B', 'D', 'F', 'G')	B	G	1.0	dominant seventh chord	(2, 5, 7, 11)	g	c	5	4
156	148	6	37.0	37	1.5	3/2	13	3	4	13	37.0	B2	47	True	B	0	1/4	2.0	2	Violoncello	1	13.0	3.0	18.0	V7/iv	False	('B', 'D', 'F', 'G')	B	G	1.0	dominant seventh chord	(2, 5, 7, 11)	g	c	5	4
157	150	2	37.5	75/2	0.5	1/2	13	3	4	13	37.5	G4	67	False	G	0	3/8	2.5	0	Violoncello	1	13.0	3.0	18.0	V7/iv	False	('B', 'D', 'F', 'G')	B	G	1.0	dominant seventh chord	(2, 5, 7, 11)	g	c	5	4
158	152	4	38.0	38	1.0	1	13	3	4	13	38.0	G4	67	True	G	0	1/2	3.0	3	Violoncello	1	13.0	3.0	18.0	V7/iv	False	('B', 'D', 'F', 'G')	B	G	1.0	dominant seventh chord	(2, 5, 7, 11)	g	c	5	4
159	154	2	38.5	77/2	0.5	1/2	13	3	4	13	38.5	G5	79	True	G	0	5/8	3.5	0	Violoncello	1	13.0	3.0	18.0	V7/iv	False	('B', 'D', 'F', 'G')	B	G	1.0	dominant seventh chord	(2, 5, 7, 11)	g	c	5	4
160	154	2	38.5	77/2	0.5	1/2	13	3	4	13	38.5	D4	62	False	D	0	5/8	3.5	0	Violoncello	1	13.0	3.0	18.0	V7/iv	False	('B', 'D', 'F', 'G')	B	G	1.0	dominant seventh chord	(2, 5, 7, 11)	g	c	5	4
161	154	2	38.5	77/2	0.5	1/2	13	3	4	13	38.5	B2	47	False	B	0	5/8	3.5	0	Violoncello	1	13.0	3.0	18.0	V7/iv	False	('B', 'D', 'F', 'G')	B	G	1.0	dominant seventh chord	(2, 5, 7, 11)	g	c	5	4
162	156	3	39.0	39	0.75	3/4	14	3	4	14	39.0	E5	76	True	E	0	0	1.0	1	Violoncello	1	14.0	1.0	19.0	IV	True	('C', 'E', 'G')	C	C	0.0	major triad	(0, 4, 7)	g	g	4	None
163	156	4	39.0	39	1.0	1	14	3	4	14	39.0	G4	67	True	G	0	0	1.0	1	Violoncello	1	14.0	1.0	19.0	IV	True	('C', 'E', 'G')	C	C	0.0	major triad	(0, 4, 7)	g	g	4	None
164	156	4	39.0	39	1.0	1	14	3	4	14	39.0	D4	62	True	D	0	0	1.0	1	Violoncello	1	14.0	1.0	19.0	IV	True	('C', 'E', 'G')	C	C	0.0	major triad	(0, 4, 7)	g	g	4	None
165	156	4	39.0	39	1.0	1	14	3	4	14	39.0	C3	48	True	C	0	0	1.0	1	Violoncello	1	14.0	1.0	19.0	IV	True	('C', 'E', 'G')	C	C	0.0	major triad	(0, 4, 7)	g	g	4	None
166	159	1	39.75	159/4	0.25	1/4	14	3	4	14	39.75	D5	74	True	D	0	3/16	1.75	0	Violoncello	1	14.0	1.0	19.0	IV	False	('C', 'E', 'G')	C	C	0.0	major triad	(0, 4, 7)	g	g	4	None
167	160	6	40.0	40	1.5	3/2	14	3	4	14	40.0	E-5	75	True	E	-1	1/4	2.0	2	Violoncello	1	14.0	2.0	20.0	viio7	True	('C', 'E-', 'F#', 'A')	C	F#	2.0	diminished seventh chord	(0, 3, 6, 9)	g	g	#7	None
168	160	4	40.0	40	1.0	1	14	3	4	14	40.0	F#4	66	True	F	1	1/4	2.0	2	Violoncello	1	14.0	2.0	20.0	viio7	True	('C', 'E-', 'F#', 'A')	C	F#	2.0	diminished seventh chord	(0, 3, 6, 9)	g	g	#7	None
169	160	6	40.0	40	1.5	3/2	14	3	4	14	40.0	C4	60	True	C	0	1/4	2.0	2	Violoncello	1	14.0	2.0	20.0	viio7	True	('C', 'E-', 'F#', 'A')	C	F#	2.0	diminished seventh chord	(0, 3, 6, 9)	g	g	#7	None
170	160	8	40.0	40	2.0	2	14	3	4	14	40.0	C3	48	True	C	0	1/4	2.0	2	Violoncello	1	14.0	2.0	20.0	viio7	True	('C', 'E-', 'F#', 'A')	C	F#	2.0	diminished seventh chord	(0, 3, 6, 9)	g	g	#7	None
171	164	4	41.0	41	1.0	1	14	3	4	14	41.0	G4	67	True	G	0	1/2	3.0	3	Violoncello	1	14.0	2.0	20.0	viio7	False	('C', 'E-', 'F#', 'A')	C	F#	2.0	diminished seventh chord	(0, 3, 6, 9)	g	g	#7	None
172	166	2	41.5	83/2	0.5	1/2	14	3	4	14	41.5	D5	74	True	D	0	5/8	3.5	0	Violoncello	1	14.0	2.0	20.0	viio7	False	('C', 'E-', 'F#', 'A')	C	F#	2.0	diminished seventh chord	(0, 3, 6, 9)	g	g	#7	None
173	166	2	41.5	83/2	0.5	1/2	14	3	4	14	41.5	B-3	58	True	B	-1	5/8	3.5	0	Violoncello	1	14.0	2.0	20.0	viio7	False	('C', 'E-', 'F#', 'A')	C	F#	2.0	diminished seventh chord	(0, 3, 6, 9)	g	g	#7	None
174	168	3	42.0	42	0.75	3/4	15	3	4	15	42.0	C5	72	True	C	0	0	1.0	1	Violoncello	1	15.0	3.0	21.0	V	True	('D', 'F#', 'A')	D	D	0.0	major triad	(2, 6, 9)	g	g	5	None
175	168	6	42.0	42	1.5	3/2	15	3	4	15	42.0	G4	67	True	G	0	0	1.0	1	Violoncello	1	15.0	3.0	21.0	V	True	('D', 'F#', 'A')	D	D	0.0	major triad	(2, 6, 9)	g	g	5	None
176	168	4	42.0	42	1.0	1	15	3	4	15	42.0	A3	57	True	A	0	0	1.0	1	Violoncello	1	15.0	3.0	21.0	V	True	('D', 'F#', 'A')	D	D	0.0	major triad	(2, 6, 9)	g	g	5	None
177	168	12	42.0	42	3.0	3	15	3	4	15	42.0	D3	50	True	D	0	0	1.0	1	Violoncello	1	15.0	3.0	21.0	V	True	('D', 'F#', 'A')	D	D	0.0	major triad	(2, 6, 9)	g	g	5	None
178	171	1	42.75	171/4	0.25	1/4	15	3	4	15	42.75	B-4	70	True	B	-1	3/16	1.75	0	Violoncello	1	15.0	3.0	21.0	V	False	('D', 'F#', 'A')	D	D	0.0	major triad	(2, 6, 9)	g	g	5	None
179	172	6	43.0	43	1.5	3/2	15	3	4	15	43.0	A4	69	True	A	0	1/4	2.0	2	Violoncello	1	15.0	3.0	21.0	V	False	('D', 'F#', 'A')	D	D	0.0	major triad	(2, 6, 9)	g	g	5	None
180	172	6	43.0	43	1.5	3/2	15	3	4	15	43.0	D4	62	True	D	0	1/4	2.0	2	Violoncello	1	15.0	3.0	21.0	V	False	('D', 'F#', 'A')	D	D	0.0	major triad	(2, 6, 9)	g	g	5	None
181	174	2	43.5	87/2	0.5	1/2	15	3	4	15	43.5	A4	69	True	A	0	3/8	2.5	0	Violoncello	1	15.0	3.0	21.0	V	False	('D', 'F#', 'A')	D	D	0.0	major triad	(2, 6, 9)	g	g	5	None
182	176	4	44.0	44	1.0	1	15	3	4	15	44.0	F#4	66	True	F	1	1/2	3.0	3	Violoncello	1	15.0	3.0	21.0	V	False	('D', 'F#', 'A')	D	D	0.0	major triad	(2, 6, 9)	g	g	5	None
183	178	2	44.5	89/2	0.5	1/2	15	3	4	15	44.5	D5	74	True	D	0	5/8	3.5	0	Violoncello	1	15.0	3.0	21.0	V	False	('D', 'F#', 'A')	D	D	0.0	major triad	(2, 6, 9)	g	g	5	None
184	178	2	44.5	89/2	0.5	1/2	15	3	4	15	44.5	D4	62	False	D	0	5/8	3.5	0	Violoncello	1	15.0	3.0	21.0	V	False	('D', 'F#', 'A')	D	D	0.0	major triad	(2, 6, 9)	g	g	5	None
185	180	4	45.0	45	1.0	1	16	3	4	16	45.0	B-4	70	True	B	-1	0	1.0	1	Violoncello	1	16.0	3.0	22.0	i	True	('G', 'B-', 'D')	G	G	0.0	minor triad	(2, 7, 10)	g	g	1	None
186	180	6	45.0	45	1.5	3/2	16	3	4	16	45.0	G4	67	True	G	0	0	1.0	1	Violoncello	1	16.0	3.0	22.0	i	True	('G', 'B-', 'D')	G	G	0.0	minor triad	(2, 7, 10)	g	g	1	None
187	180	3	45.0	45	0.75	3/4	16	3	4	16	45.0	D4	62	True	D	0	0	1.0	1	Violoncello	1	16.0	3.0	22.0	i	True	('G', 'B-', 'D')	G	G	0.0	minor triad	(2, 7, 10)	g	g	1	None
188	180	12	45.0	45	3.0	3	16	3	4	16	45.0	G2	43	True	G	0	0	1.0	1	Violoncello	1	16.0	3.0	22.0	i	True	('G', 'B-', 'D')	G	G	0.0	minor triad	(2, 7, 10)	g	g	1	None
189	183	1	45.75	183/4	0.25	1/4	16	3	4	16	45.75	C4	60	True	C	0	3/16	1.75	0	Violoncello	1	16.0	3.0	22.0	i	False	('G', 'B-', 'D')	G	G	0.0	minor triad	(2, 7, 10)	g	g	1	None
190	184	6	46.0	46	1.5	3/2	16	3	4	16	46.0	G4	67	True	G	0	1/4	2.0	2	Violoncello	1	16.0	3.0	22.0	i	False	('G', 'B-', 'D')	G	G	0.0	minor triad	(2, 7, 10)	g	g	1	None
191	184	3	46.0	46	0.75	3/4	16	3	4	16	46.0	B-3	58	True	B	-1	1/4	2.0	2	Violoncello	1	16.0	3.0	22.0	i	False	('G', 'B-', 'D')	G	G	0.0	minor triad	(2, 7, 10)	g	g	1	None
192	186	2	46.5	93/2	0.5	1/2	16	3	4	16	46.5	A4	69	True	A	0	3/8	2.5	0	Violoncello	1	16.0	3.0	22.0	i	False	('G', 'B-', 'D')	G	G	0.0	minor triad	(2, 7, 10)	g	g	1	None
193	187	1	46.75	187/4	0.25	1/4	16	3	4	16	46.75	A3	57	True	A	0	7/16	2.75	0	Violoncello	1	16.0	3.0	22.0	i	False	('G', 'B-', 'D')	G	G	0.0	minor triad	(2, 7, 10)	g	g	1	None
194	188	3	47.0	47	0.75	3/4	16	3	4	16	47.0	B-4	70	True	B	-1	1/2	3.0	3	Violoncello	1	16.0	3.0	22.0	i	False	('G', 'B-', 'D')	G	G	0.0	minor triad	(2, 7, 10)	g	g	1	None
195	188	4	47.0	47	1.0	1	16	3	4	16	47.0	G3	55	True	G	0	1/2	3.0	3	Violoncello	1	16.0	3.0	22.0	i	False	('G', 'B-', 'D')	G	G	0.0	minor triad	(2, 7, 10)	g	g	1	None
196	190	2	47.5	95/2	0.5	1/2	16	3	4	16	47.5	A5	81	True	A	0	5/8	3.5	0	Violoncello	1	16.0	3.0	22.0	i	False	('G', 'B-', 'D')	G	G	0.0	minor triad	(2, 7, 10)	g	g	1	None
197	191	1	47.75	191/4	0.25	1/4	16	3	4	16	47.75	C5	72	True	C	0	11/16	3.75	0	Violoncello	1	16.0	3.0	22.0	i	False	('G', 'B-', 'D')	G	G	0.0	minor triad	(2, 7, 10)	g	g	1	None
198	192	4	48.0	48	1.0	1	17	3	4	17	48.0	B-5	82	True	B	-1	0	1.0	1	Violoncello	1	17.0	3.0	23.0	i	True	('G', 'B-', 'D')	G	G	0.0	minor triad	(2, 7, 10)	g	g	1	None
199	192	4	48.0	48	1.0	1	17	3	4	17	48.0	D5	74	True	D	0	0	1.0	1	Violoncello	1	17.0	3.0	23.0	i	True	('G', 'B-', 'D')	G	G	0.0	minor triad	(2, 7, 10)	g	g	1	None
200	192	2	48.0	48	0.5	1/2	17	3	4	17	48.0	G3	55	False	G	0	0	1.0	1	Violoncello	1	17.0	3.0	23.0	i	True	('G', 'B-', 'D')	G	G	0.0	minor triad	(2, 7, 10)	g	g	1	None
201	192	8	48.0	48	2.0	2	17	3	4	17	48.0	G3	55	True	G	0	0	1.0	1	Violoncello	1	17.0	3.0	23.0	i	True	('G', 'B-', 'D')	G	G	0.0	minor triad	(2, 7, 10)	g	g	1	None
202	194	2	48.5	97/2	0.5	1/2	17	3	4	17	48.5	G4	67	True	G	0	1/8	1.5	0	Violoncello	1	17.0	3.0	23.0	i	False	('G', 'B-', 'D')	G	G	0.0	minor triad	(2, 7, 10)	g	g	1	None
203	196	6	49.0	49	1.5	3/2	17	3	4	17	49.0	B-5	82	True	B	-1	1/4	2.0	2	Violoncello	1	17.0	3.0	23.0	i	False	('G', 'B-', 'D')	G	G	0.0	minor triad	(2, 7, 10)	g	g	1	None
204	196	6	49.0	49	1.5	3/2	17	3	4	17	49.0	D5	74	True	D	0	1/4	2.0	2	Violoncello	1	17.0	3.0	23.0	i	False	('G', 'B-', 'D')	G	G	0.0	minor triad	(2, 7, 10)	g	g	1	None
205	196	6	49.0	49	1.5	3/2	17	3	4	17	49.0	F4	65	True	F	0	1/4	2.0	2	Violoncello	1	17.0	3.0	23.0	i	False	('G', 'B-', 'D')	G	G	0.0	minor triad	(2, 7, 10)	g	g	1	None
206	200	4	50.0	50	1.0	1	17	3	4	17	50.0	G3	55	True	G	0	1/2	3.0	3	Violoncello	1	17.0	3.0	23.0	i	False	('G', 'B-', 'D')	G	G	0.0	minor triad	(2, 7, 10)	g	g	1	None
207	202	2	50.5	101/2	0.5	1/2	17	3	4	17	50.5	B-5	82	False	B	-1	5/8	3.5	0	Violoncello	1	17.0	3.0	23.0	i	False	('G', 'B-', 'D')	G	G	0.0	minor triad	(2, 7, 10)	g	g	1	None
208	202	2	50.5	101/2	0.5	1/2	17	3	4	17	50.5	D5	74	False	D	0	5/8	3.5	0	Violoncello	1	17.0	3.0	23.0	i	False	('G', 'B-', 'D')	G	G	0.0	minor triad	(2, 7, 10)	g	g	1	None
209	202	2	50.5	101/2	0.5	1/2	17	3	4	17	50.5	E-4	63	True	E	-1	5/8	3.5	0	Violoncello	1	17.0	3.0	23.0	i	False	('G', 'B-', 'D')	G	G	0.0	minor triad	(2, 7, 10)	g	g	1	None
210	204	4	51.0	51	1.0	1	18	3	4	18	51.0	B-5	82	True	B	-1	0	1.0	1	Violoncello	1	18.0	3.0	24.0	V	True	('F#', 'A', 'D')	F#	D	1.0	major triad	(2, 6, 9)	g	g	5	None
211	204	4	51.0	51	1.0	1	18	3	4	18	51.0	D5	74	True	D	0	0	1.0	1	Violoncello	1	18.0	3.0	24.0	V	True	('F#', 'A', 'D')	F#	D	1.0	major triad	(2, 6, 9)	g	g	5	None
212	204	4	51.0	51	1.0	1	18	3	4	18	51.0	D4	62	True	D	0	0	1.0	1	Violoncello	1	18.0	3.0	24.0	V	True	('F#', 'A', 'D')	F#	D	1.0	major triad	(2, 6, 9)	g	g	5	None
213	204	4	51.0	51	1.0	1	18	3	4	18	51.0	F#3	54	True	F	1	0	1.0	1	Violoncello	1	18.0	3.0	24.0	V	True	('F#', 'A', 'D')	F#	D	1.0	major triad	(2, 6, 9)	g	g	5	None
214	208	6	52.0	52	1.5	3/2	18	3	4	18	52.0	A5	81	True	A	0	1/4	2.0	2	Violoncello	1	18.0	3.0	24.0	V	False	('F#', 'A', 'D')	F#	D	1.0	major triad	(2, 6, 9)	g	g	5	None
215	208	6	52.0	52	1.5	3/2	18	3	4	18	52.0	C5	72	True	C	0	1/4	2.0	2	Violoncello	1	18.0	3.0	24.0	V	False	('F#', 'A', 'D')	F#	D	1.0	major triad	(2, 6, 9)	g	g	5	None
216	208	6	52.0	52	1.5	3/2	18	3	4	18	52.0	D4	62	True	D	0	1/4	2.0	2	Violoncello	1	18.0	3.0	24.0	V	False	('F#', 'A', 'D')	F#	D	1.0	major triad	(2, 6, 9)	g	g	5	None
217	208	6	52.0	52	1.5	3/2	18	3	4	18	52.0	F#3	54	True	F	1	1/4	2.0	2	Violoncello	1	18.0	3.0	24.0	V	False	('F#', 'A', 'D')	F#	D	1.0	major triad	(2, 6, 9)	g	g	5	None
218	214	2	53.5	107/2	0.5	1/2	18	3	4	18	53.5	A5	81	False	A	0	5/8	3.5	0	Violoncello	1	18.0	3.0	24.0	V	False	('F#', 'A', 'D')	F#	D	1.0	major triad	(2, 6, 9)	g	g	5	None
219	214	2	53.5	107/2	0.5	1/2	18	3	4	18	53.5	C5	72	False	C	0	5/8	3.5	0	Violoncello	1	18.0	3.0	24.0	V	False	('F#', 'A', 'D')	F#	D	1.0	major triad	(2, 6, 9)	g	g	5	None
220	214	2	53.5	107/2	0.5	1/2	18	3	4	18	53.5	D4	62	False	D	0	5/8	3.5	0	Violoncello	1	18.0	3.0	24.0	V	False	('F#', 'A', 'D')	F#	D	1.0	major triad	(2, 6, 9)	g	g	5	None
221	214	2	53.5	107/2	0.5	1/2	18	3	4	18	53.5	F#3	54	False	F	1	5/8	3.5	0	Violoncello	1	18.0	3.0	24.0	V	False	('F#', 'A', 'D')	F#	D	1.0	major triad	(2, 6, 9)	g	g	5	None
222	216	3	54.0	54	0.75	3/4	19	3	4	19	54.0	A5	81	True	A	0	0	1.0	1	Violoncello	1	19.0	1.0	25.0	i	True	('G', 'B-', 'D')	G	G	0.0	minor triad	(2, 7, 10)	g	g	1	None
223	216	4	54.0	54	1.0	1	19	3	4	19	54.0	B-4	70	True	B	-1	0	1.0	1	Violoncello	1	19.0	1.0	25.0	i	True	('G', 'B-', 'D')	G	G	0.0	minor triad	(2, 7, 10)	g	g	1	None
224	216	4	54.0	54	1.0	1	19	3	4	19	54.0	D4	62	True	D	0	0	1.0	1	Violoncello	1	19.0	1.0	25.0	i	True	('G', 'B-', 'D')	G	G	0.0	minor triad	(2, 7, 10)	g	g	1	None
225	216	4	54.0	54	1.0	1	19	3	4	19	54.0	G3	55	True	G	0	0	1.0	1	Violoncello	1	19.0	1.0	25.0	i	True	('G', 'B-', 'D')	G	G	0.0	minor triad	(2, 7, 10)	g	g	1	None
226	219	1	54.75	219/4	0.25	1/4	19	3	4	19	54.75	B-5	82	True	B	-1	3/16	1.75	0	Violoncello	1	19.0	1.0	25.0	i	False	('G', 'B-', 'D')	G	G	0.0	minor triad	(2, 7, 10)	g	g	1	None
227	220	6	55.0	55	1.5	3/2	19	3	4	19	55.0	G5	79	True	G	0	1/4	2.0	2	Violoncello	1	19.0	2.0	26.0	iv	True	('E-', 'G', 'C')	E-	C	1.0	minor triad	(0, 3, 7)	g	g	4	None
228	220	6	55.0	55	1.5	3/2	19	3	4	19	55.0	C5	72	True	C	0	1/4	2.0	2	Violoncello	1	19.0	2.0	26.0	iv	True	('E-', 'G', 'C')	E-	C	1.0	minor triad	(0, 3, 7)	g	g	4	None
229	220	2	55.0	55	0.5	1/2	19	3	4	19	55.0	C4	60	True	C	0	1/4	2.0	2	Violoncello	1	19.0	2.0	26.0	iv	True	('E-', 'G', 'C')	E-	C	1.0	minor triad	(0, 3, 7)	g	g	4	None
230	220	8	55.0	55	2.0	2	19	3	4	19	55.0	E-3	51	True	E	-1	1/4	2.0	2	Violoncello	1	19.0	2.0	26.0	iv	True	('E-', 'G', 'C')	E-	C	1.0	minor triad	(0, 3, 7)	g	g	4	None
231	222	2	55.5	111/2	0.5	1/2	19	3	4	19	55.5	B-3	58	True	B	-1	3/8	2.5	0	Violoncello	1	19.0	2.0	26.0	iv	False	('E-', 'G', 'C')	E-	C	1.0	minor triad	(0, 3, 7)	g	g	4	None
232	224	2	56.0	56	0.5	1/2	19	3	4	19	56.0	A3	57	True	A	0	1/2	3.0	3	Violoncello	1	19.0	2.0	26.0	iv	False	('E-', 'G', 'C')	E-	C	1.0	minor triad	(0, 3, 7)	g	g	4	None
233	226	2	56.5	113/2	0.5	1/2	19	3	4	19	56.5	F#5	78	True	F	1	5/8	3.5	0	Violoncello	1	19.0	2.0	26.0	iv	False	('E-', 'G', 'C')	E-	C	1.0	minor triad	(0, 3, 7)	g	g	4	None
234	226	2	56.5	113/2	0.5	1/2	19	3	4	19	56.5	D5	74	True	D	0	5/8	3.5	0	Violoncello	1	19.0	2.0	26.0	iv	False	('E-', 'G', 'C')	E-	C	1.0	minor triad	(0, 3, 7)	g	g	4	None
235	226	1	56.5	113/2	0.25	1/4	19	3	4	19	56.5	B-3	58	True	B	-1	5/8	3.5	0	Violoncello	1	19.0	2.0	26.0	iv	False	('E-', 'G', 'C')	E-	C	1.0	minor triad	(0, 3, 7)	g	g	4	None
236	227	1	56.75	227/4	0.25	1/4	19	3	4	19	56.75	A3	57	True	A	0	11/16	3.75	0	Violoncello	1	19.0	2.0	26.0	iv	False	('E-', 'G', 'C')	E-	C	1.0	minor triad	(0, 3, 7)	g	g	4	None
237	228	4	57.0	57	1.0	1	20	3	4	20	57.0	A5	81	True	A	0	0	1.0	1	Violoncello	1	20.0	3.0	27.0	V	True	('D', 'F#', 'A')	D	D	0.0	major triad	(2, 6, 9)	g	g	5	None
238	228	4	57.0	57	1.0	1	20	3	4	20	57.0	F#4	66	True	F	1	0	1.0	1	Violoncello	1	20.0	3.0	27.0	V	True	('D', 'F#', 'A')	D	D	0.0	major triad	(2, 6, 9)	g	g	5	None
239	228	4	57.0	57	1.0	1	20	3	4	20	57.0	D4	62	True	D	0	0	1.0	1	Violoncello	1	20.0	3.0	27.0	V	True	('D', 'F#', 'A')	D	D	0.0	major triad	(2, 6, 9)	g	g	5	None
240	228	4	57.0	57	1.0	1	20	3	4	20	57.0	D3	50	True	D	0	0	1.0	1	Violoncello	1	20.0	3.0	27.0	V	True	('D', 'F#', 'A')	D	D	0.0	major triad	(2, 6, 9)	g	g	5	None
241	232	6	58.0	58	1.5	3/2	20	3	4	20	58.0	A5	81	True	A	0	1/4	2.0	2	Violoncello	1	20.0	3.0	27.0	V	False	('D', 'F#', 'A')	D	D	0.0	major triad	(2, 6, 9)	g	g	5	None
242	232	6	58.0	58	1.5	3/2	20	3	4	20	58.0	F#4	66	True	F	1	1/4	2.0	2	Violoncello	1	20.0	3.0	27.0	V	False	('D', 'F#', 'A')	D	D	0.0	major triad	(2, 6, 9)	g	g	5	None
243	232	6	58.0	58	1.5	3/2	20	3	4	20	58.0	D4	62	True	D	0	1/4	2.0	2	Violoncello	1	20.0	3.0	27.0	V	False	('D', 'F#', 'A')	D	D	0.0	major triad	(2, 6, 9)	g	g	5	None
244	232	6	58.0	58	1.5	3/2	20	3	4	20	58.0	D3	50	True	D	0	1/4	2.0	2	Violoncello	1	20.0	3.0	27.0	V	False	('D', 'F#', 'A')	D	D	0.0	major triad	(2, 6, 9)	g	g	5	None
245	238	2	59.5	119/2	0.5	1/2	20	3	4	20	59.5	A5	81	False	A	0	5/8	3.5	0	Violoncello	1	20.0	3.0	27.0	V	False	('D', 'F#', 'A')	D	D	0.0	major triad	(2, 6, 9)	g	g	5	None
246	238	2	59.5	119/2	0.5	1/2	20	3	4	20	59.5	F#4	66	False	F	1	5/8	3.5	0	Violoncello	1	20.0	3.0	27.0	V	False	('D', 'F#', 'A')	D	D	0.0	major triad	(2, 6, 9)	g	g	5	None
247	238	2	59.5	119/2	0.5	1/2	20	3	4	20	59.5	D4	62	False	D	0	5/8	3.5	0	Violoncello	1	20.0	3.0	27.0	V	False	('D', 'F#', 'A')	D	D	0.0	major triad	(2, 6, 9)	g	g	5	None
248	238	2	59.5	119/2	0.5	1/2	20	3	4	20	59.5	D3	50	True	D	0	5/8	3.5	0	Violoncello	1	20.0	3.0	27.0	V	False	('D', 'F#', 'A')	D	D	0.0	major triad	(2, 6, 9)	g	g	5	None
249	240	2	60.0	60	0.5	1/2	21	3	4	21	60.0	A5	81	True	A	0	0	1.0	1	Violoncello	1	21.0	3.0	28.0	V/iv	True	('B', 'D', 'G')	B	G	1.0	major triad	(2, 7, 11)	g	c	5	4
250	240	4	60.0	60	1.0	1	21	3	4	21	60.0	G4	67	True	G	0	0	1.0	1	Violoncello	1	21.0	3.0	28.0	V/iv	True	('B', 'D', 'G')	B	G	1.0	major triad	(2, 7, 11)	g	c	5	4
251	240	4	60.0	60	1.0	1	21	3	4	21	60.0	D4	62	True	D	0	0	1.0	1	Violoncello	1	21.0	3.0	28.0	V/iv	True	('B', 'D', 'G')	B	G	1.0	major triad	(2, 7, 11)	g	c	5	4
252	240	4	60.0	60	1.0	1	21	3	4	21	60.0	B2	47	True	B	0	0	1.0	1	Violoncello	1	21.0	3.0	28.0	V/iv	True	('B', 'D', 'G')	B	G	1.0	major triad	(2, 7, 11)	g	c	5	4
253	242	2	60.5	121/2	0.5	1/2	21	3	4	21	60.5	D5	74	True	D	0	1/8	1.5	0	Violoncello	1	21.0	3.0	28.0	V/iv	False	('B', 'D', 'G')	B	G	1.0	major triad	(2, 7, 11)	g	c	5	4
254	244	6	61.0	61	1.5	3/2	21	3	4	21	61.0	G5	79	True	G	0	1/4	2.0	2	Violoncello	1	21.0	3.0	28.0	V/iv	False	('B', 'D', 'G')	B	G	1.0	major triad	(2, 7, 11)	g	c	5	4
255	244	6	61.0	61	1.5	3/2	21	3	4	21	61.0	G4	67	True	G	0	1/4	2.0	2	Violoncello	1	21.0	3.0	28.0	V/iv	False	('B', 'D', 'G')	B	G	1.0	major triad	(2, 7, 11)	g	c	5	4
256	244	6	61.0	61	1.5	3/2	21	3	4	21	61.0	D4	62	True	D	0	1/4	2.0	2	Violoncello	1	21.0	3.0	28.0	V/iv	False	('B', 'D', 'G')	B	G	1.0	major triad	(2, 7, 11)	g	c	5	4
257	244	6	61.0	61	1.5	3/2	21	3	4	21	61.0	B2	47	True	B	0	1/4	2.0	2	Violoncello	1	21.0	3.0	28.0	V/iv	False	('B', 'D', 'G')	B	G	1.0	major triad	(2, 7, 11)	g	c	5	4
258	250	2	62.5	125/2	0.5	1/2	21	3	4	21	62.5	D5	74	True	D	0	5/8	3.5	0	Violoncello	1	21.0	3.0	28.0	V/iv	False	('B', 'D', 'G')	B	G	1.0	major triad	(2, 7, 11)	g	c	5	4
259	250	2	62.5	125/2	0.5	1/2	21	3	4	21	62.5	G4	67	False	G	0	5/8	3.5	0	Violoncello	1	21.0	3.0	28.0	V/iv	False	('B', 'D', 'G')	B	G	1.0	major triad	(2, 7, 11)	g	c	5	4
260	250	2	62.5	125/2	0.5	1/2	21	3	4	21	62.5	D4	62	False	D	0	5/8	3.5	0	Violoncello	1	21.0	3.0	28.0	V/iv	False	('B', 'D', 'G')	B	G	1.0	major triad	(2, 7, 11)	g	c	5	4
261	250	2	62.5	125/2	0.5	1/2	21	3	4	21	62.5	B2	47	False	B	0	5/8	3.5	0	Violoncello	1	21.0	3.0	28.0	V/iv	False	('B', 'D', 'G')	B	G	1.0	major triad	(2, 7, 11)	g	c	5	4
262	252	2	63.0	63	0.5	1/2	22	3	4	22	63.0	D5	74	True	D	0	0	1.0	1	Violoncello	1	22.0	3.0	29.0	iv	True	('C', 'E-', 'G')	C	C	0.0	minor triad	(0, 3, 7)	g	g	4	None
263	252	4	63.0	63	1.0	1	22	3	4	22	63.0	G4	67	True	G	0	0	1.0	1	Violoncello	1	22.0	3.0	29.0	iv	True	('C', 'E-', 'G')	C	C	0.0	minor triad	(0, 3, 7)	g	g	4	None
264	252	4	63.0	63	1.0	1	22	3	4	22	63.0	E-4	63	True	E	-1	0	1.0	1	Violoncello	1	22.0	3.0	29.0	iv	True	('C', 'E-', 'G')	C	C	0.0	minor triad	(0, 3, 7)	g	g	4	None
265	252	4	63.0	63	1.0	1	22	3	4	22	63.0	C3	48	True	C	0	0	1.0	1	Violoncello	1	22.0	3.0	29.0	iv	True	('C', 'E-', 'G')	C	C	0.0	minor triad	(0, 3, 7)	g	g	4	None
266	254	2	63.5	127/2	0.5	1/2	22	3	4	22	63.5	G4	67	True	G	0	1/8	1.5	0	Violoncello	1	22.0	3.0	29.0	iv	False	('C', 'E-', 'G')	C	C	0.0	minor triad	(0, 3, 7)	g	g	4	None
267	256	6	64.0	64	1.5	3/2	22	3	4	22	64.0	E-5	75	True	E	-1	1/4	2.0	2	Violoncello	1	22.0	3.0	29.0	iv	False	('C', 'E-', 'G')	C	C	0.0	minor triad	(0, 3, 7)	g	g	4	None
268	256	6	64.0	64	1.5	3/2	22	3	4	22	64.0	G4	67	True	G	0	1/4	2.0	2	Violoncello	1	22.0	3.0	29.0	iv	False	('C', 'E-', 'G')	C	C	0.0	minor triad	(0, 3, 7)	g	g	4	None
269	256	6	64.0	64	1.5	3/2	22	3	4	22	64.0	A3	57	True	A	0	1/4	2.0	2	Violoncello	1	22.0	3.0	29.0	iv	False	('C', 'E-', 'G')	C	C	0.0	minor triad	(0, 3, 7)	g	g	4	None
270	256	8	64.0	64	2.0	2	22	3	4	22	64.0	C3	48	True	C	0	1/4	2.0	2	Violoncello	1	22.0	3.0	29.0	iv	False	('C', 'E-', 'G')	C	C	0.0	minor triad	(0, 3, 7)	g	g	4	None
271	262	2	65.5	131/2	0.5	1/2	22	3	4	22	65.5	E-5	75	False	E	-1	5/8	3.5	0	Violoncello	1	22.0	3.0	29.0	iv	False	('C', 'E-', 'G')	C	C	0.0	minor triad	(0, 3, 7)	g	g	4	None
272	262	2	65.5	131/2	0.5	1/2	22	3	4	22	65.5	G4	67	False	G	0	5/8	3.5	0	Violoncello	1	22.0	3.0	29.0	iv	False	('C', 'E-', 'G')	C	C	0.0	minor triad	(0, 3, 7)	g	g	4	None
273	262	2	65.5	131/2	0.5	1/2	22	3	4	22	65.5	A3	57	False	A	0	5/8	3.5	0	Violoncello	1	22.0	3.0	29.0	iv	False	('C', 'E-', 'G')	C	C	0.0	minor triad	(0, 3, 7)	g	g	4	None
274	264	2	66.0	66	0.5	1/2	23	3	4	23	66.0	E-5	75	True	E	-1	0	1.0	1	Violoncello	1	23.0	2.0	30.0	i	True	('D', 'G', 'B-')	D	G	2.0	minor triad	(2, 7, 10)	g	g	1	None
275	264	6	66.0	66	1.5	3/2	23	3	4	23	66.0	G4	67	True	G	0	0	1.0	1	Violoncello	1	23.0	2.0	30.0	i	True	('D', 'G', 'B-')	D	G	2.0	minor triad	(2, 7, 10)	g	g	1	None
276	264	2	66.0	66	0.5	1/2	23	3	4	23	66.0	A3	57	True	A	0	0	1.0	1	Violoncello	1	23.0	2.0	30.0	i	True	('D', 'G', 'B-')	D	G	2.0	minor triad	(2, 7, 10)	g	g	1	None
277	264	12	66.0	66	3.0	3	23	3	4	23	66.0	D3	50	True	D	0	0	1.0	1	Violoncello	1	23.0	2.0	30.0	i	True	('D', 'G', 'B-')	D	G	2.0	minor triad	(2, 7, 10)	g	g	1	None
278	266	2	66.5	133/2	0.5	1/2	23	3	4	23	66.5	A4	69	True	A	0	1/8	1.5	0	Violoncello	1	23.0	2.0	30.0	i	False	('D', 'G', 'B-')	D	G	2.0	minor triad	(2, 7, 10)	g	g	1	None
279	266	1	66.5	133/2	0.25	1/4	23	3	4	23	66.5	B-3	58	True	B	-1	1/8	1.5	0	Violoncello	1	23.0	2.0	30.0	i	False	('D', 'G', 'B-')	D	G	2.0	minor triad	(2, 7, 10)	g	g	1	None
280	267	1	66.75	267/4	0.25	1/4	23	3	4	23	66.75	C4	60	True	C	0	3/16	1.75	0	Violoncello	1	23.0	2.0	30.0	i	False	('D', 'G', 'B-')	D	G	2.0	minor triad	(2, 7, 10)	g	g	1	None
281	268	3	67.0	67	0.75	3/4	23	3	4	23	67.0	D5	74	True	D	0	1/4	2.0	2	Violoncello	1	23.0	2.0	30.0	i	False	('D', 'G', 'B-')	D	G	2.0	minor triad	(2, 7, 10)	g	g	1	None
282	268	6	67.0	67	1.5	3/2	23	3	4	23	67.0	B-3	58	True	B	-1	1/4	2.0	2	Violoncello	1	23.0	2.0	30.0	i	False	('D', 'G', 'B-')	D	G	2.0	minor triad	(2, 7, 10)	g	g	1	None
283	270	2	67.5	135/2	0.5	1/2	23	3	4	23	67.5	G4	67	False	G	0	3/8	2.5	0	Violoncello	1	23.0	2.0	30.0	i	False	('D', 'G', 'B-')	D	G	2.0	minor triad	(2, 7, 10)	g	g	1	None
284	271	1	67.75	271/4	0.25	1/4	23	3	4	23	67.75	E-5	75	True	E	-1	7/16	2.75	0	Violoncello	1	23.0	2.0	30.0	i	False	('D', 'G', 'B-')	D	G	2.0	minor triad	(2, 7, 10)	g	g	1	None
285	272	3	68.0	68	0.75	3/4	23	3	4	23	68.0	D5	74	True	D	0	1/2	3.0	3	Violoncello	1	23.0	1.0	31.0	V7	True	('D', 'F#', 'A', 'C')	D	D	0.0	dominant seventh chord	(0, 2, 6, 9)	g	g	5	None
286	272	4	68.0	68	1.0	1	23	3	4	23	68.0	F#4	66	True	F	1	1/2	3.0	3	Violoncello	1	23.0	1.0	31.0	V7	True	('D', 'F#', 'A', 'C')	D	D	0.0	dominant seventh chord	(0, 2, 6, 9)	g	g	5	None
287	274	2	68.5	137/2	0.5	1/2	23	3	4	23	68.5	A3	57	True	A	0	5/8	3.5	0	Violoncello	1	23.0	1.0	31.0	V7	False	('D', 'F#', 'A', 'C')	D	D	0.0	dominant seventh chord	(0, 2, 6, 9)	g	g	5	None
288	275	1	68.75	275/4	0.25	1/4	23	3	4	23	68.75	C5	72	True	C	0	11/16	3.75	0	Violoncello	1	23.0	1.0	31.0	V7	False	('D', 'F#', 'A', 'C')	D	D	0.0	dominant seventh chord	(0, 2, 6, 9)	g	g	5	None
289	276	4	69.0	69	1.0	1	24	3	4	24	69.0	B-4	70	True	B	-1	0	1.0	1	Violoncello	1	24.0	3.0	32.0	i	True	('G', 'B-', 'D')	G	G	0.0	minor triad	(2, 7, 10)	g	g	1	None
290	276	4	69.0	69	1.0	1	24	3	4	24	69.0	G4	67	True	G	0	0	1.0	1	Violoncello	1	24.0	3.0	32.0	i	True	('G', 'B-', 'D')	G	G	0.0	minor triad	(2, 7, 10)	g	g	1	None
291	276	4	69.0	69	1.0	1	24	3	4	24	69.0	G3	55	True	G	0	0	1.0	1	Violoncello	1	24.0	3.0	32.0	i	True	('G', 'B-', 'D')	G	G	0.0	minor triad	(2, 7, 10)	g	g	1	None
292	276	12	69.0	69	3.0	3	24	3	4	24	69.0	G2	43	True	G	0	0	1.0	1	Violoncello	1	24.0	3.0	32.0	i	True	('G', 'B-', 'D')	G	G	0.0	minor triad	(2, 7, 10)	g	g	1	None
293	280	6	70.0	70	1.5	3/2	24	3	4	24	70.0	G4	67	True	G	0	1/4	2.0	2	Violoncello	1	24.0	3.0	32.0	i	False	('G', 'B-', 'D')	G	G	0.0	minor triad	(2, 7, 10)	g	g	1	None
294	280	6	70.0	70	1.5	3/2	24	3	4	24	70.0	D4	62	True	D	0	1/4	2.0	2	Violoncello	1	24.0	3.0	32.0	i	False	('G', 'B-', 'D')	G	G	0.0	minor triad	(2, 7, 10)	g	g	1	None
295	280	6	70.0	70	1.5	3/2	24	3	4	24	70.0	B-3	58	True	B	-1	1/4	2.0	2	Violoncello	1	24.0	3.0	32.0	i	False	('G', 'B-', 'D')	G	G	0.0	minor triad	(2, 7, 10)	g	g	1	None
296	286	2	71.5	143/2	0.5	1/2	24	3	4	24	71.5	A4	69	True	A	0	5/8	3.5	0	Violoncello	1	24.0	3.0	32.0	i	False	('G', 'B-', 'D')	G	G	0.0	minor triad	(2, 7, 10)	g	g	1	None
297	286	1	71.5	143/2	0.25	1/4	24	3	4	24	71.5	E4	64	True	E	0	5/8	3.5	0	Violoncello	1	24.0	3.0	32.0	i	False	('G', 'B-', 'D')	G	G	0.0	minor triad	(2, 7, 10)	g	g	1	None
298	286	2	71.5	143/2	0.5	1/2	24	3	4	24	71.5	C4	60	True	C	0	5/8	3.5	0	Violoncello	1	24.0	3.0	32.0	i	False	('G', 'B-', 'D')	G	G	0.0	minor triad	(2, 7, 10)	g	g	1	None
299	287	1	71.75	287/4	0.25	1/4	24	3	4	24	71.75	F#4	66	True	F	1	11/16	3.75	0	Violoncello	1	24.0	3.0	32.0	i	False	('G', 'B-', 'D')	G	G	0.0	minor triad	(2, 7, 10)	g	g	1	None
300	288	3	72.0	72	0.75	3/4	25	3	4	25	72.0	B-4	70	True	B	-1	0	1.0	1	Violoncello	1	25.0	3.0	33.0	i	True	('G', 'B-', 'D')	G	G	0.0	minor triad	(2, 7, 10)	g	g	1	None
301	288	6	72.0	72	1.5	3/2	25	3	4	25	72.0	G4	67	True	G	0	0	1.0	1	Violoncello	1	25.0	3.0	33.0	i	True	('G', 'B-', 'D')	G	G	0.0	minor triad	(2, 7, 10)	g	g	1	None
302	288	4	72.0	72	1.0	1	25	3	4	25	72.0	D4	62	True	D	0	0	1.0	1	Violoncello	1	25.0	3.0	33.0	i	True	('G', 'B-', 'D')	G	G	0.0	minor triad	(2, 7, 10)	g	g	1	None
303	288	8	72.0	72	2.0	2	25	3	4	25	72.0	G3	55	True	G	0	0	1.0	1	Violoncello	1	25.0	3.0	33.0	i	True	('G', 'B-', 'D')	G	G	0.0	minor triad	(2, 7, 10)	g	g	1	None
304	291	1	72.75	291/4	0.25	1/4	25	3	4	25	72.75	A4	69	True	A	0	3/16	1.75	0	Violoncello	1	25.0	3.0	33.0	i	False	('G', 'B-', 'D')	G	G	0.0	minor triad	(2, 7, 10)	g	g	1	None
305	292	3	73.0	73	0.75	3/4	25	3	4	25	73.0	B-4	70	True	B	-1	1/4	2.0	2	Violoncello	1	25.0	3.0	33.0	i	False	('G', 'B-', 'D')	G	G	0.0	minor triad	(2, 7, 10)	g	g	1	None
306	292	8	73.0	73	2.0	2	25	3	4	25	73.0	D4	62	True	D	0	1/4	2.0	2	Violoncello	1	25.0	3.0	33.0	i	False	('G', 'B-', 'D')	G	G	0.0	minor triad	(2, 7, 10)	g	g	1	None
307	294	2	73.5	147/2	0.5	1/2	25	3	4	25	73.5	A4	69	True	A	0	3/8	2.5	0	Violoncello	1	25.0	3.0	33.0	i	False	('G', 'B-', 'D')	G	G	0.0	minor triad	(2, 7, 10)	g	g	1	None
308	295	1	73.75	295/4	0.25	1/4	25	3	4	25	73.75	C5	72	True	C	0	7/16	2.75	0	Violoncello	1	25.0	3.0	33.0	i	False	('G', 'B-', 'D')	G	G	0.0	minor triad	(2, 7, 10)	g	g	1	None
309	296	3	74.0	74	0.75	3/4	25	3	4	25	74.0	D5	74	True	D	0	1/2	3.0	3	Violoncello	1	25.0	3.0	33.0	i	False	('G', 'B-', 'D')	G	G	0.0	minor triad	(2, 7, 10)	g	g	1	None
310	296	4	74.0	74	1.0	1	25	3	4	25	74.0	B-4	70	True	B	-1	1/2	3.0	3	Violoncello	1	25.0	3.0	33.0	i	False	('G', 'B-', 'D')	G	G	0.0	minor triad	(2, 7, 10)	g	g	1	None
311	296	4	74.0	74	1.0	1	25	3	4	25	74.0	G3	55	True	G	0	1/2	3.0	3	Violoncello	1	25.0	3.0	33.0	i	False	('G', 'B-', 'D')	G	G	0.0	minor triad	(2, 7, 10)	g	g	1	None
312	299	1	74.75	299/4	0.25	1/4	25	3	4	25	74.75	E-5	75	True	E	-1	11/16	3.75	0	Violoncello	1	25.0	3.0	33.0	i	False	('G', 'B-', 'D')	G	G	0.0	minor triad	(2, 7, 10)	g	g	1	None
313	300	3	75.0	75	0.75	3/4	26	3	4	26	75.0	D5	74	True	D	0	0	1.0	1	Violoncello	1	26.0	3.0	34.0	V	True	('F#', 'A', 'D')	F#	D	1.0	major triad	(2, 6, 9)	g	g	5	None
314	300	4	75.0	75	1.0	1	26	3	4	26	75.0	B-4	70	True	B	-1	0	1.0	1	Violoncello	1	26.0	3.0	34.0	V	True	('F#', 'A', 'D')	F#	D	1.0	major triad	(2, 6, 9)	g	g	5	None
315	300	4	75.0	75	1.0	1	26	3	4	26	75.0	D4	62	True	D	0	0	1.0	1	Violoncello	1	26.0	3.0	34.0	V	True	('F#', 'A', 'D')	F#	D	1.0	major triad	(2, 6, 9)	g	g	5	None
316	300	4	75.0	75	1.0	1	26	3	4	26	75.0	F#3	54	True	F	1	0	1.0	1	Violoncello	1	26.0	3.0	34.0	V	True	('F#', 'A', 'D')	F#	D	1.0	major triad	(2, 6, 9)	g	g	5	None
317	303	1	75.75	303/4	0.25	1/4	26	3	4	26	75.75	E-5	75	True	E	-1	3/16	1.75	0	Violoncello	1	26.0	3.0	34.0	V	False	('F#', 'A', 'D')	F#	D	1.0	major triad	(2, 6, 9)	g	g	5	None
318	304	3	76.0	76	0.75	3/4	26	3	4	26	76.0	D5	74	True	D	0	1/4	2.0	2	Violoncello	1	26.0	3.0	34.0	V	False	('F#', 'A', 'D')	F#	D	1.0	major triad	(2, 6, 9)	g	g	5	None
319	304	6	76.0	76	1.5	3/2	26	3	4	26	76.0	A4	69	True	A	0	1/4	2.0	2	Violoncello	1	26.0	3.0	34.0	V	False	('F#', 'A', 'D')	F#	D	1.0	major triad	(2, 6, 9)	g	g	5	None
320	304	6	76.0	76	1.5	3/2	26	3	4	26	76.0	D4	62	True	D	0	1/4	2.0	2	Violoncello	1	26.0	3.0	34.0	V	False	('F#', 'A', 'D')	F#	D	1.0	major triad	(2, 6, 9)	g	g	5	None
321	304	6	76.0	76	1.5	3/2	26	3	4	26	76.0	F#3	54	True	F	1	1/4	2.0	2	Violoncello	1	26.0	3.0	34.0	V	False	('F#', 'A', 'D')	F#	D	1.0	major triad	(2, 6, 9)	g	g	5	None
322	307	1	76.75	307/4	0.25	1/4	26	3	4	26	76.75	C5	72	True	C	0	7/16	2.75	0	Violoncello	1	26.0	3.0	34.0	V	False	('F#', 'A', 'D')	F#	D	1.0	major triad	(2, 6, 9)	g	g	5	None
323	308	3	77.0	77	0.75	3/4	26	3	4	26	77.0	B-4	70	True	B	-1	1/2	3.0	3	Violoncello	1	26.0	3.0	34.0	V	False	('F#', 'A', 'D')	F#	D	1.0	major triad	(2, 6, 9)	g	g	5	None
324	310	2	77.5	155/2	0.5	1/2	26	3	4	26	77.5	A4	69	False	A	0	5/8	3.5	0	Violoncello	1	26.0	3.0	34.0	V	False	('F#', 'A', 'D')	F#	D	1.0	major triad	(2, 6, 9)	g	g	5	None
325	310	2	77.5	155/2	0.5	1/2	26	3	4	26	77.5	D4	62	False	D	0	5/8	3.5	0	Violoncello	1	26.0	3.0	34.0	V	False	('F#', 'A', 'D')	F#	D	1.0	major triad	(2, 6, 9)	g	g	5	None
326	310	2	77.5	155/2	0.5	1/2	26	3	4	26	77.5	F#3	54	False	F	1	5/8	3.5	0	Violoncello	1	26.0	3.0	34.0	V	False	('F#', 'A', 'D')	F#	D	1.0	major triad	(2, 6, 9)	g	g	5	None
327	311	1	77.75	311/4	0.25	1/4	26	3	4	26	77.75	A4	69	True	A	0	11/16	3.75	0	Violoncello	1	26.0	3.0	34.0	V	False	('F#', 'A', 'D')	F#	D	1.0	major triad	(2, 6, 9)	g	g	5	None
328	312	3	78.0	78	0.75	3/4	27	3	4	27	78.0	B-4	70	True	B	-1	0	1.0	1	Violoncello	1	27.0	1.0	35.0	i	True	('G', 'B-', 'D')	G	G	0.0	minor triad	(2, 7, 10)	g	g	1	None
329	312	3	78.0	78	0.75	3/4	27	3	4	27	78.0	G4	67	True	G	0	0	1.0	1	Violoncello	1	27.0	1.0	35.0	i	True	('G', 'B-', 'D')	G	G	0.0	minor triad	(2, 7, 10)	g	g	1	None
330	312	6	78.0	78	1.5	3/2	27	3	4	27	78.0	D4	62	True	D	0	0	1.0	1	Violoncello	1	27.0	1.0	35.0	i	True	('G', 'B-', 'D')	G	G	0.0	minor triad	(2, 7, 10)	g	g	1	None
331	312	4	78.0	78	1.0	1	27	3	4	27	78.0	G3	55	True	G	0	0	1.0	1	Violoncello	1	27.0	1.0	35.0	i	True	('G', 'B-', 'D')	G	G	0.0	minor triad	(2, 7, 10)	g	g	1	None
332	315	1	78.75	315/4	0.25	1/4	27	3	4	27	78.75	G4	67	True	G	0	3/16	1.75	0	Violoncello	1	27.0	1.0	35.0	i	False	('G', 'B-', 'D')	G	G	0.0	minor triad	(2, 7, 10)	g	g	1	None
333	315	1	78.75	315/4	0.25	1/4	27	3	4	27	78.75	A4	69	True	A	0	3/16	1.75	0	Violoncello	1	27.0	1.0	35.0	i	False	('G', 'B-', 'D')	G	G	0.0	minor triad	(2, 7, 10)	g	g	1	None
334	316	3	79.0	79	0.75	3/4	27	3	4	27	79.0	G5	79	True	G	0	1/4	2.0	2	Violoncello	1	27.0	2.0	36.0	iv	True	('E-', 'G', 'C')	E-	C	1.0	minor triad	(0, 3, 7)	g	g	4	None
335	316	4	79.0	79	1.0	1	27	3	4	27	79.0	B-4	70	True	B	-1	1/4	2.0	2	Violoncello	1	27.0	2.0	36.0	iv	True	('E-', 'G', 'C')	E-	C	1.0	minor triad	(0, 3, 7)	g	g	4	None
336	316	8	79.0	79	2.0	2	27	3	4	27	79.0	E-3	51	True	E	-1	1/4	2.0	2	Violoncello	1	27.0	2.0	36.0	iv	True	('E-', 'G', 'C')	E-	C	1.0	minor triad	(0, 3, 7)	g	g	4	None
337	318	2	79.5	159/2	0.5	1/2	27	3	4	27	79.5	D4	62	False	D	0	3/8	2.5	0	Violoncello	1	27.0	2.0	36.0	iv	False	('E-', 'G', 'C')	E-	C	1.0	minor triad	(0, 3, 7)	g	g	4	None
338	319	1	79.75	319/4	0.25	1/4	27	3	4	27	79.75	B-5	82	True	B	-1	7/16	2.75	0	Violoncello	1	27.0	2.0	36.0	iv	False	('E-', 'G', 'C')	E-	C	1.0	minor triad	(0, 3, 7)	g	g	4	None
339	320	3	80.0	80	0.75	3/4	27	3	4	27	80.0	A5	81	True	A	0	1/2	3.0	3	Violoncello	1	27.0	2.0	36.0	iv	False	('E-', 'G', 'C')	E-	C	1.0	minor triad	(0, 3, 7)	g	g	4	None
340	320	4	80.0	80	1.0	1	27	3	4	27	80.0	C5	72	True	C	0	1/2	3.0	3	Violoncello	1	27.0	2.0	36.0	iv	False	('E-', 'G', 'C')	E-	C	1.0	minor triad	(0, 3, 7)	g	g	4	None
341	320	4	80.0	80	1.0	1	27	3	4	27	80.0	E-4	63	True	E	-1	1/2	3.0	3	Violoncello	1	27.0	2.0	36.0	iv	False	('E-', 'G', 'C')	E-	C	1.0	minor triad	(0, 3, 7)	g	g	4	None
342	323	1	80.75	323/4	0.25	1/4	27	3	4	27	80.75	G5	79	True	G	0	11/16	3.75	0	Violoncello	1	27.0	2.0	36.0	iv	False	('E-', 'G', 'C')	E-	C	1.0	minor triad	(0, 3, 7)	g	g	4	None
343	324	6	81.0	81	1.5	3/2	28	3	4	28	81.0	F#5	78	True	F	1	0	1.0	1	Violoncello	1	28.0	3.0	37.0	V	True	('D', 'F#', 'A')	D	D	0.0	major triad	(2, 6, 9)	g	g	5	None
344	324	8	81.0	81	2.0	2	28	3	4	28	81.0	D5	74	True	D	0	0	1.0	1	Violoncello	1	28.0	3.0	37.0	V	True	('D', 'F#', 'A')	D	D	0.0	major triad	(2, 6, 9)	g	g	5	None
345	324	4	81.0	81	1.0	1	28	3	4	28	81.0	A3	57	True	A	0	0	1.0	1	Violoncello	1	28.0	3.0	37.0	V	True	('D', 'F#', 'A')	D	D	0.0	major triad	(2, 6, 9)	g	g	5	None
346	324	4	81.0	81	1.0	1	28	3	4	28	81.0	D3	50	True	D	0	0	1.0	1	Violoncello	1	28.0	3.0	37.0	V	True	('D', 'F#', 'A')	D	D	0.0	major triad	(2, 6, 9)	g	g	5	None
347	328	6	82.0	82	1.5	3/2	28	3	4	28	82.0	A4	69	True	A	0	1/4	2.0	2	Violoncello	1	28.0	3.0	37.0	V	False	('D', 'F#', 'A')	D	D	0.0	major triad	(2, 6, 9)	g	g	5	None
348	328	6	82.0	82	1.5	3/2	28	3	4	28	82.0	D3	50	True	D	0	1/4	2.0	2	Violoncello	1	28.0	3.0	37.0	V	False	('D', 'F#', 'A')	D	D	0.0	major triad	(2, 6, 9)	g	g	5	None
349	330	2	82.5	165/2	0.5	1/2	28	3	4	28	82.5	D5	74	True	D	0	3/8	2.5	0	Violoncello	1	28.0	3.0	37.0	V	False	('D', 'F#', 'A')	D	D	0.0	major triad	(2, 6, 9)	g	g	5	None
350	332	3	83.0	83	0.75	3/4	28	3	4	28	83.0	E5	76	True	E	0	1/2	3.0	3	Violoncello	1	28.0	3.0	37.0	V	False	('D', 'F#', 'A')	D	D	0.0	major triad	(2, 6, 9)	g	g	5	None
351	332	4	83.0	83	1.0	1	28	3	4	28	83.0	D5	74	True	D	0	1/2	3.0	3	Violoncello	1	28.0	3.0	37.0	V	False	('D', 'F#', 'A')	D	D	0.0	major triad	(2, 6, 9)	g	g	5	None
352	334	2	83.5	167/2	0.5	1/2	28	3	4	28	83.5	A4	69	False	A	0	5/8	3.5	0	Violoncello	1	28.0	3.0	37.0	V	False	('D', 'F#', 'A')	D	D	0.0	major triad	(2, 6, 9)	g	g	5	None
353	334	2	83.5	167/2	0.5	1/2	28	3	4	28	83.5	D3	50	False	D	0	5/8	3.5	0	Violoncello	1	28.0	3.0	37.0	V	False	('D', 'F#', 'A')	D	D	0.0	major triad	(2, 6, 9)	g	g	5	None
354	335	1	83.75	335/4	0.25	1/4	28	3	4	28	83.75	F#5	78	True	F	1	11/16	3.75	0	Violoncello	1	28.0	3.0	37.0	V	False	('D', 'F#', 'A')	D	D	0.0	major triad	(2, 6, 9)	g	g	5	None
355	336	3	84.0	84	0.75	3/4	29	3	4	29	84.0	G5	79	True	G	0	0	1.0	1	Violoncello	1	29.0	3.0	38.0	V/iv	True	('B', 'D', 'G')	B	G	1.0	major triad	(2, 7, 11)	g	c	5	4
356	336	6	84.0	84	1.5	3/2	29	3	4	29	84.0	D5	74	True	D	0	0	1.0	1	Violoncello	1	29.0	3.0	38.0	V/iv	True	('B', 'D', 'G')	B	G	1.0	major triad	(2, 7, 11)	g	c	5	4
357	336	8	84.0	84	2.0	2	29	3	4	29	84.0	G4	67	True	G	0	0	1.0	1	Violoncello	1	29.0	3.0	38.0	V/iv	True	('B', 'D', 'G')	B	G	1.0	major triad	(2, 7, 11)	g	c	5	4
358	336	4	84.0	84	1.0	1	29	3	4	29	84.0	B2	47	True	B	0	0	1.0	1	Violoncello	1	29.0	3.0	38.0	V/iv	True	('B', 'D', 'G')	B	G	1.0	major triad	(2, 7, 11)	g	c	5	4
359	339	1	84.75	339/4	0.25	1/4	29	3	4	29	84.75	A5	81	True	A	0	3/16	1.75	0	Violoncello	1	29.0	3.0	38.0	V/iv	False	('B', 'D', 'G')	B	G	1.0	major triad	(2, 7, 11)	g	c	5	4
360	340	3	85.0	85	0.75	3/4	29	3	4	29	85.0	G5	79	True	G	0	1/4	2.0	2	Violoncello	1	29.0	3.0	38.0	V/iv	False	('B', 'D', 'G')	B	G	1.0	major triad	(2, 7, 11)	g	c	5	4
361	340	6	85.0	85	1.5	3/2	29	3	4	29	85.0	B2	47	True	B	0	1/4	2.0	2	Violoncello	1	29.0	3.0	38.0	V/iv	False	('B', 'D', 'G')	B	G	1.0	major triad	(2, 7, 11)	g	c	5	4
362	342	2	85.5	171/2	0.5	1/2	29	3	4	29	85.5	D5	74	False	D	0	3/8	2.5	0	Violoncello	1	29.0	3.0	38.0	V/iv	False	('B', 'D', 'G')	B	G	1.0	major triad	(2, 7, 11)	g	c	5	4
363	343	1	85.75	343/4	0.25	1/4	29	3	4	29	85.75	F5	77	True	F	0	7/16	2.75	0	Violoncello	1	29.0	3.0	38.0	V/iv	False	('B', 'D', 'G')	B	G	1.0	major triad	(2, 7, 11)	g	c	5	4
364	344	3	86.0	86	0.75	3/4	29	3	4	29	86.0	E-5	75	True	E	-1	1/2	3.0	3	Violoncello	1	29.0	3.0	38.0	V/iv	False	('B', 'D', 'G')	B	G	1.0	major triad	(2, 7, 11)	g	c	5	4
365	344	4	86.0	86	1.0	1	29	3	4	29	86.0	G4	67	True	G	0	1/2	3.0	3	Violoncello	1	29.0	3.0	38.0	V/iv	False	('B', 'D', 'G')	B	G	1.0	major triad	(2, 7, 11)	g	c	5	4
366	344	4	86.0	86	1.0	1	29	3	4	29	86.0	F4	65	True	F	0	1/2	3.0	3	Violoncello	1	29.0	3.0	38.0	V/iv	False	('B', 'D', 'G')	B	G	1.0	major triad	(2, 7, 11)	g	c	5	4
367	346	2	86.5	173/2	0.5	1/2	29	3	4	29	86.5	B2	47	False	B	0	5/8	3.5	0	Violoncello	1	29.0	3.0	38.0	V/iv	False	('B', 'D', 'G')	B	G	1.0	major triad	(2, 7, 11)	g	c	5	4
368	347	1	86.75	347/4	0.25	1/4	29	3	4	29	86.75	D5	74	True	D	0	11/16	3.75	0	Violoncello	1	29.0	3.0	38.0	V/iv	False	('B', 'D', 'G')	B	G	1.0	major triad	(2, 7, 11)	g	c	5	4
369	348	3	87.0	87	0.75	3/4	30	3	4	30	87.0	E-5	75	True	E	-1	0	1.0	1	Violoncello	1	30.0	3.0	39.0	iv	True	('C', 'E-', 'G')	C	C	0.0	minor triad	(0, 3, 7)	g	g	4	None
370	348	4	87.0	87	1.0	1	30	3	4	30	87.0	G4	67	True	G	0	0	1.0	1	Violoncello	1	30.0	3.0	39.0	iv	True	('C', 'E-', 'G')	C	C	0.0	minor triad	(0, 3, 7)	g	g	4	None
371	348	6	87.0	87	1.5	3/2	30	3	4	30	87.0	E-4	63	True	E	-1	0	1.0	1	Violoncello	1	30.0	3.0	39.0	iv	True	('C', 'E-', 'G')	C	C	0.0	minor triad	(0, 3, 7)	g	g	4	None
372	348	4	87.0	87	1.0	1	30	3	4	30	87.0	C3	48	True	C	0	0	1.0	1	Violoncello	1	30.0	3.0	39.0	iv	True	('C', 'E-', 'G')	C	C	0.0	minor triad	(0, 3, 7)	g	g	4	None
373	351	1	87.75	351/4	0.25	1/4	30	3	4	30	87.75	F5	77	True	F	0	3/16	1.75	0	Violoncello	1	30.0	3.0	39.0	iv	False	('C', 'E-', 'G')	C	C	0.0	minor triad	(0, 3, 7)	g	g	4	None
374	352	3	88.0	88	0.75	3/4	30	3	4	30	88.0	E-5	75	True	E	-1	1/4	2.0	2	Violoncello	1	30.0	3.0	39.0	iv	False	('C', 'E-', 'G')	C	C	0.0	minor triad	(0, 3, 7)	g	g	4	None
375	352	4	88.0	88	1.0	1	30	3	4	30	88.0	A4	69	True	A	0	1/4	2.0	2	Violoncello	1	30.0	3.0	39.0	iv	False	('C', 'E-', 'G')	C	C	0.0	minor triad	(0, 3, 7)	g	g	4	None
376	352	8	88.0	88	2.0	2	30	3	4	30	88.0	C3	48	True	C	0	1/4	2.0	2	Violoncello	1	30.0	3.0	39.0	iv	False	('C', 'E-', 'G')	C	C	0.0	minor triad	(0, 3, 7)	g	g	4	None
377	354	2	88.5	177/2	0.5	1/2	30	3	4	30	88.5	F4	65	True	F	0	3/8	2.5	0	Violoncello	1	30.0	3.0	39.0	iv	False	('C', 'E-', 'G')	C	C	0.0	minor triad	(0, 3, 7)	g	g	4	None
378	355	1	88.75	355/4	0.25	1/4	30	3	4	30	88.75	D5	74	True	D	0	7/16	2.75	0	Violoncello	1	30.0	3.0	39.0	iv	False	('C', 'E-', 'G')	C	C	0.0	minor triad	(0, 3, 7)	g	g	4	None
379	356	3	89.0	89	0.75	3/4	30	3	4	30	89.0	C5	72	True	C	0	1/2	3.0	3	Violoncello	1	30.0	3.0	39.0	iv	False	('C', 'E-', 'G')	C	C	0.0	minor triad	(0, 3, 7)	g	g	4	None
380	356	4	89.0	89	1.0	1	30	3	4	30	89.0	G4	67	True	G	0	1/2	3.0	3	Violoncello	1	30.0	3.0	39.0	iv	False	('C', 'E-', 'G')	C	C	0.0	minor triad	(0, 3, 7)	g	g	4	None
381	356	3	89.0	89	0.75	3/4	30	3	4	30	89.0	E-4	63	True	E	-1	1/2	3.0	3	Violoncello	1	30.0	3.0	39.0	iv	False	('C', 'E-', 'G')	C	C	0.0	minor triad	(0, 3, 7)	g	g	4	None
382	359	1	89.75	359/4	0.25	1/4	30	3	4	30	89.75	B-4	70	True	B	-1	11/16	3.75	0	Violoncello	1	30.0	3.0	39.0	iv	False	('C', 'E-', 'G')	C	C	0.0	minor triad	(0, 3, 7)	g	g	4	None
383	359	1	89.75	359/4	0.25	1/4	30	3	4	30	89.75	D4	62	True	D	0	11/16	3.75	0	Violoncello	1	30.0	3.0	39.0	iv	False	('C', 'E-', 'G')	C	C	0.0	minor triad	(0, 3, 7)	g	g	4	None
384	360	3	90.0	90	0.75	3/4	31	3	4	31	90.0	A4	69	True	A	0	0	1.0	1	Violoncello	1	31.0	3.0	40.0	V7	True	('D', 'F#', 'A', 'C')	D	D	0.0	dominant seventh chord	(0, 2, 6, 9)	g	g	5	None
385	360	6	90.0	90	1.5	3/2	31	3	4	31	90.0	G4	67	True	G	0	0	1.0	1	Violoncello	1	31.0	3.0	40.0	V7	True	('D', 'F#', 'A', 'C')	D	D	0.0	dominant seventh chord	(0, 2, 6, 9)	g	g	5	None
386	360	6	90.0	90	1.5	3/2	31	3	4	31	90.0	C4	60	True	C	0	0	1.0	1	Violoncello	1	31.0	3.0	40.0	V7	True	('D', 'F#', 'A', 'C')	D	D	0.0	dominant seventh chord	(0, 2, 6, 9)	g	g	5	None
387	360	12	90.0	90	3.0	3	31	3	4	31	90.0	D3	50	True	D	0	0	1.0	1	Violoncello	1	31.0	3.0	40.0	V7	True	('D', 'F#', 'A', 'C')	D	D	0.0	dominant seventh chord	(0, 2, 6, 9)	g	g	5	None
388	363	1	90.75	363/4	0.25	1/4	31	3	4	31	90.75	B4	71	True	B	0	3/16	1.75	0	Violoncello	1	31.0	3.0	40.0	V7	False	('D', 'F#', 'A', 'C')	D	D	0.0	dominant seventh chord	(0, 2, 6, 9)	g	g	5	None
389	364	6	91.0	91	1.5	3/2	31	3	4	31	91.0	C5	72	True	C	0	1/4	2.0	2	Violoncello	1	31.0	3.0	40.0	V7	False	('D', 'F#', 'A', 'C')	D	D	0.0	dominant seventh chord	(0, 2, 6, 9)	g	g	5	None
390	366	2	91.5	183/2	0.5	1/2	31	3	4	31	91.5	G4	67	False	G	0	3/8	2.5	0	Violoncello	1	31.0	3.0	40.0	V7	False	('D', 'F#', 'A', 'C')	D	D	0.0	dominant seventh chord	(0, 2, 6, 9)	g	g	5	None
391	366	1	91.5	183/2	0.25	1/4	31	3	4	31	91.5	B3	59	True	B	0	3/8	2.5	0	Violoncello	1	31.0	3.0	40.0	V7	False	('D', 'F#', 'A', 'C')	D	D	0.0	dominant seventh chord	(0, 2, 6, 9)	g	g	5	None
392	367	1	91.75	367/4	0.25	1/4	31	3	4	31	91.75	A3	57	True	A	0	7/16	2.75	0	Violoncello	1	31.0	3.0	40.0	V7	False	('D', 'F#', 'A', 'C')	D	D	0.0	dominant seventh chord	(0, 2, 6, 9)	g	g	5	None
393	368	4	92.0	92	1.0	1	31	3	4	31	92.0	F#4	66	True	F	1	1/2	3.0	3	Violoncello	1	31.0	3.0	40.0	V7	False	('D', 'F#', 'A', 'C')	D	D	0.0	dominant seventh chord	(0, 2, 6, 9)	g	g	5	None
394	368	4	92.0	92	1.0	1	31	3	4	31	92.0	D4	62	True	D	0	1/2	3.0	3	Violoncello	1	31.0	3.0	40.0	V7	False	('D', 'F#', 'A', 'C')	D	D	0.0	dominant seventh chord	(0, 2, 6, 9)	g	g	5	None
395	370	2	92.5	185/2	0.5	1/2	31	3	4	31	92.5	D5	74	True	D	0	5/8	3.5	0	Violoncello	1	31.0	3.0	40.0	V7	False	('D', 'F#', 'A', 'C')	D	D	0.0	dominant seventh chord	(0, 2, 6, 9)	g	g	5	None
396	372	4	93.0	93	1.0	1	32	3	4	32	93.0	B4	71	True	B	0	0	1.0	1	Violoncello	1	32.0	3.0	41.0	I	True	('G', 'B', 'D')	G	G	0.0	major triad	(2, 7, 11)	g	g	1	None
397	372	4	93.0	93	1.0	1	32	3	4	32	93.0	G4	67	True	G	0	0	1.0	1	Violoncello	1	32.0	3.0	41.0	I	True	('G', 'B', 'D')	G	G	0.0	major triad	(2, 7, 11)	g	g	1	None
398	372	4	93.0	93	1.0	1	32	3	4	32	93.0	D4	62	True	D	0	0	1.0	1	Violoncello	1	32.0	3.0	41.0	I	True	('G', 'B', 'D')	G	G	0.0	major triad	(2, 7, 11)	g	g	1	None
399	372	12	93.0	93	3.0	3	32	3	4	32	93.0	G2	43	True	G	0	0	1.0	1	Violoncello	1	32.0	3.0	41.0	I	True	('G', 'B', 'D')	G	G	0.0	major triad	(2, 7, 11)	g	g	1	None
400	376	6	94.0	94	1.5	3/2	32	3	4	32	94.0	B4	71	True	B	0	1/4	2.0	2	Violoncello	1	32.0	3.0	41.0	I	False	('G', 'B', 'D')	G	G	0.0	major triad	(2, 7, 11)	g	g	1	None
401	376	6	94.0	94	1.5	3/2	32	3	4	32	94.0	G4	67	True	G	0	1/4	2.0	2	Violoncello	1	32.0	3.0	41.0	I	False	('G', 'B', 'D')	G	G	0.0	major triad	(2, 7, 11)	g	g	1	None
402	376	6	94.0	94	1.5	3/2	32	3	4	32	94.0	D4	62	True	D	0	1/4	2.0	2	Violoncello	1	32.0	3.0	41.0	I	False	('G', 'B', 'D')	G	G	0.0	major triad	(2, 7, 11)	g	g	1	None
403	382	1	95.5	191/2	0.25	1/4	32	3	4	32	95.5	C5	72	True	C	0	5/8	3.5	0	Violoncello	1	32.0	3.0	41.0	I	False	('G', 'B', 'D')	G	G	0.0	major triad	(2, 7, 11)	g	g	1	None
404	382	2	95.5	191/2	0.5	1/2	32	3	4	32	95.5	G4	67	False	G	0	5/8	3.5	0	Violoncello	1	32.0	3.0	41.0	I	False	('G', 'B', 'D')	G	G	0.0	major triad	(2, 7, 11)	g	g	1	None
405	382	2	95.5	191/2	0.5	1/2	32	3	4	32	95.5	D4	62	False	D	0	5/8	3.5	0	Violoncello	1	32.0	3.0	41.0	I	False	('G', 'B', 'D')	G	G	0.0	major triad	(2, 7, 11)	g	g	1	None
406	383	1	95.75	383/4	0.25	1/4	32	3	4	32	95.75	D5	74	True	D	0	11/16	3.75	0	Violoncello	1	32.0	3.0	41.0	I	False	('G', 'B', 'D')	G	G	0.0	major triad	(2, 7, 11)	g	g	1	None
407	384	4	96.0	96	1.0	1	33	3	4	33	96.0	C#5	73	True	C	1	0	1.0	1	Violoncello	1	33.0	3.0	42.0	V7/V	True	('G', 'A', 'C#', 'E')	G	A	3.0	dominant seventh chord	(1, 4, 7, 9)	g	D	5	5
408	384	4	96.0	96	1.0	1	33	3	4	33	96.0	A4	69	True	A	0	0	1.0	1	Violoncello	1	33.0	3.0	42.0	V7/V	True	('G', 'A', 'C#', 'E')	G	A	3.0	dominant seventh chord	(1, 4, 7, 9)	g	D	5	5
409	384	4	96.0	96	1.0	1	33	3	4	33	96.0	E4	64	True	E	0	0	1.0	1	Violoncello	1	33.0	3.0	42.0	V7/V	True	('G', 'A', 'C#', 'E')	G	A	3.0	dominant seventh chord	(1, 4, 7, 9)	g	D	5	5
410	384	8	96.0	96	2.0	2	33	3	4	33	96.0	G3	55	True	G	0	0	1.0	1	Violoncello	1	33.0	3.0	42.0	V7/V	True	('G', 'A', 'C#', 'E')	G	A	3.0	dominant seventh chord	(1, 4, 7, 9)	g	D	5	5
411	388	4	97.0	97	1.0	1	33	3	4	33	97.0	C#5	73	True	C	1	1/4	2.0	2	Violoncello	1	33.0	3.0	42.0	V7/V	False	('G', 'A', 'C#', 'E')	G	A	3.0	dominant seventh chord	(1, 4, 7, 9)	g	D	5	5
412	388	6	97.0	97	1.5	3/2	33	3	4	33	97.0	A4	69	True	A	0	1/4	2.0	2	Violoncello	1	33.0	3.0	42.0	V7/V	False	('G', 'A', 'C#', 'E')	G	A	3.0	dominant seventh chord	(1, 4, 7, 9)	g	D	5	5
413	388	6	97.0	97	1.5	3/2	33	3	4	33	97.0	E4	64	True	E	0	1/4	2.0	2	Violoncello	1	33.0	3.0	42.0	V7/V	False	('G', 'A', 'C#', 'E')	G	A	3.0	dominant seventh chord	(1, 4, 7, 9)	g	D	5	5
414	392	1	98.0	98	0.25	1/4	33	3	4	33	98.0	C#5	73	False	C	1	1/2	3.0	3	Violoncello	1	33.0	3.0	42.0	V7/V	False	('G', 'A', 'C#', 'E')	G	A	3.0	dominant seventh chord	(1, 4, 7, 9)	g	D	5	5
415	392	4	98.0	98	1.0	1	33	3	4	33	98.0	G3	55	True	G	0	1/2	3.0	3	Violoncello	1	33.0	3.0	42.0	V7/V	False	('G', 'A', 'C#', 'E')	G	A	3.0	dominant seventh chord	(1, 4, 7, 9)	g	D	5	5
416	393	1	98.25	393/4	0.25	1/4	33	3	4	33	98.25	D5	74	True	D	0	9/16	3.25	0	Violoncello	1	33.0	3.0	42.0	V7/V	False	('G', 'A', 'C#', 'E')	G	A	3.0	dominant seventh chord	(1, 4, 7, 9)	g	D	5	5
417	394	1	98.5	197/2	0.25	1/4	33	3	4	33	98.5	E5	76	True	E	0	5/8	3.5	0	Violoncello	1	33.0	3.0	42.0	V7/V	False	('G', 'A', 'C#', 'E')	G	A	3.0	dominant seventh chord	(1, 4, 7, 9)	g	D	5	5
418	394	2	98.5	197/2	0.5	1/2	33	3	4	33	98.5	A4	69	False	A	0	5/8	3.5	0	Violoncello	1	33.0	3.0	42.0	V7/V	False	('G', 'A', 'C#', 'E')	G	A	3.0	dominant seventh chord	(1, 4, 7, 9)	g	D	5	5
419	394	2	98.5	197/2	0.5	1/2	33	3	4	33	98.5	C#4	61	True	C	1	5/8	3.5	0	Violoncello	1	33.0	3.0	42.0	V7/V	False	('G', 'A', 'C#', 'E')	G	A	3.0	dominant seventh chord	(1, 4, 7, 9)	g	D	5	5
420	395	1	98.75	395/4	0.25	1/4	33	3	4	33	98.75	D5	74	True	D	0	11/16	3.75	0	Violoncello	1	33.0	3.0	42.0	V7/V	False	('G', 'A', 'C#', 'E')	G	A	3.0	dominant seventh chord	(1, 4, 7, 9)	g	D	5	5
421	396	4	99.0	99	1.0	1	34	3	4	34	99.0	D5	74	True	D	0	0	1.0	1	Violoncello	1	34.0	3.0	43.0	V	True	('F#', 'A', 'D')	F#	D	1.0	major triad	(2, 6, 9)	g	g	5	None
422	396	4	99.0	99	1.0	1	34	3	4	34	99.0	A4	69	True	A	0	0	1.0	1	Violoncello	1	34.0	3.0	43.0	V	True	('F#', 'A', 'D')	F#	D	1.0	major triad	(2, 6, 9)	g	g	5	None
423	396	4	99.0	99	1.0	1	34	3	4	34	99.0	D4	62	True	D	0	0	1.0	1	Violoncello	1	34.0	3.0	43.0	V	True	('F#', 'A', 'D')	F#	D	1.0	major triad	(2, 6, 9)	g	g	5	None
424	396	4	99.0	99	1.0	1	34	3	4	34	99.0	F#3	54	True	F	1	0	1.0	1	Violoncello	1	34.0	3.0	43.0	V	True	('F#', 'A', 'D')	F#	D	1.0	major triad	(2, 6, 9)	g	g	5	None
425	400	6	100.0	100	1.5	3/2	34	3	4	34	100.0	D5	74	True	D	0	1/4	2.0	2	Violoncello	1	34.0	3.0	43.0	V	False	('F#', 'A', 'D')	F#	D	1.0	major triad	(2, 6, 9)	g	g	5	None
426	400	6	100.0	100	1.5	3/2	34	3	4	34	100.0	A4	69	True	A	0	1/4	2.0	2	Violoncello	1	34.0	3.0	43.0	V	False	('F#', 'A', 'D')	F#	D	1.0	major triad	(2, 6, 9)	g	g	5	None
427	400	6	100.0	100	1.5	3/2	34	3	4	34	100.0	D4	62	True	D	0	1/4	2.0	2	Violoncello	1	34.0	3.0	43.0	V	False	('F#', 'A', 'D')	F#	D	1.0	major triad	(2, 6, 9)	g	g	5	None
428	400	6	100.0	100	1.5	3/2	34	3	4	34	100.0	F#3	54	True	F	1	1/4	2.0	2	Violoncello	1	34.0	3.0	43.0	V	False	('F#', 'A', 'D')	F#	D	1.0	major triad	(2, 6, 9)	g	g	5	None
429	406	2	101.5	203/2	0.5	1/2	34	3	4	34	101.5	A5	81	True	A	0	5/8	3.5	0	Violoncello	1	34.0	3.0	43.0	V	False	('F#', 'A', 'D')	F#	D	1.0	major triad	(2, 6, 9)	g	g	5	None
430	406	2	101.5	203/2	0.5	1/2	34	3	4	34	101.5	A4	69	True	A	0	5/8	3.5	0	Violoncello	1	34.0	3.0	43.0	V	False	('F#', 'A', 'D')	F#	D	1.0	major triad	(2, 6, 9)	g	g	5	None
431	406	2	101.5	203/2	0.5	1/2	34	3	4	34	101.5	D4	62	False	D	0	5/8	3.5	0	Violoncello	1	34.0	3.0	43.0	V	False	('F#', 'A', 'D')	F#	D	1.0	major triad	(2, 6, 9)	g	g	5	None
432	406	2	101.5	203/2	0.5	1/2	34	3	4	34	101.5	F#3	54	False	F	1	5/8	3.5	0	Violoncello	1	34.0	3.0	43.0	V	False	('F#', 'A', 'D')	F#	D	1.0	major triad	(2, 6, 9)	g	g	5	None
433	408	3	102.0	102	0.75	3/4	35	3	4	35	102.0	D5	74	True	D	0	0	1.0	1	Violoncello	1	35.0	1.0	44.0	i	True	('G', 'B-', 'D')	G	G	0.0	minor triad	(2, 7, 10)	g	g	1	None
434	408	6	102.0	102	1.5	3/2	35	3	4	35	102.0	B-4	70	True	B	-1	0	1.0	1	Violoncello	1	35.0	1.0	44.0	i	True	('G', 'B-', 'D')	G	G	0.0	minor triad	(2, 7, 10)	g	g	1	None
435	408	6	102.0	102	1.5	3/2	35	3	4	35	102.0	D4	62	True	D	0	0	1.0	1	Violoncello	1	35.0	1.0	44.0	i	True	('G', 'B-', 'D')	G	G	0.0	minor triad	(2, 7, 10)	g	g	1	None
436	408	4	102.0	102	1.0	1	35	3	4	35	102.0	G3	55	True	G	0	0	1.0	1	Violoncello	1	35.0	1.0	44.0	i	True	('G', 'B-', 'D')	G	G	0.0	minor triad	(2, 7, 10)	g	g	1	None
437	411	1	102.75	411/4	0.25	1/4	35	3	4	35	102.75	F#5	78	True	F	1	3/16	1.75	0	Violoncello	1	35.0	1.0	44.0	i	False	('G', 'B-', 'D')	G	G	0.0	minor triad	(2, 7, 10)	g	g	1	None
438	412	4	103.0	103	1.0	1	35	3	4	35	103.0	G5	79	True	G	0	1/4	2.0	2	Violoncello	1	35.0	2.0	45.0	iv	True	('E-', 'G', 'C')	E-	C	1.0	minor triad	(0, 3, 7)	g	g	4	None
439	412	8	103.0	103	2.0	2	35	3	4	35	103.0	E-3	51	True	E	-1	1/4	2.0	2	Violoncello	1	35.0	2.0	45.0	iv	True	('E-', 'G', 'C')	E-	C	1.0	minor triad	(0, 3, 7)	g	g	4	None
440	414	2	103.5	207/2	0.5	1/2	35	3	4	35	103.5	B-4	70	False	B	-1	3/8	2.5	0	Violoncello	1	35.0	2.0	45.0	iv	False	('E-', 'G', 'C')	E-	C	1.0	minor triad	(0, 3, 7)	g	g	4	None
441	414	2	103.5	207/2	0.5	1/2	35	3	4	35	103.5	D4	62	False	D	0	3/8	2.5	0	Violoncello	1	35.0	2.0	45.0	iv	False	('E-', 'G', 'C')	E-	C	1.0	minor triad	(0, 3, 7)	g	g	4	None
442	416	4	104.0	104	1.0	1	35	3	4	35	104.0	C5	72	True	C	0	1/2	3.0	3	Violoncello	1	35.0	2.0	45.0	iv	False	('E-', 'G', 'C')	E-	C	1.0	minor triad	(0, 3, 7)	g	g	4	None
443	416	3	104.0	104	0.75	3/4	35	3	4	35	104.0	A4	69	True	A	0	1/2	3.0	3	Violoncello	1	35.0	2.0	45.0	iv	False	('E-', 'G', 'C')	E-	C	1.0	minor triad	(0, 3, 7)	g	g	4	None
444	416	4	104.0	104	1.0	1	35	3	4	35	104.0	C4	60	True	C	0	1/2	3.0	3	Violoncello	1	35.0	2.0	45.0	iv	False	('E-', 'G', 'C')	E-	C	1.0	minor triad	(0, 3, 7)	g	g	4	None
445	419	1	104.75	419/4	0.25	1/4	35	3	4	35	104.75	G4	67	True	G	0	11/16	3.75	0	Violoncello	1	35.0	2.0	45.0	iv	False	('E-', 'G', 'C')	E-	C	1.0	minor triad	(0, 3, 7)	g	g	4	None
446	420	3	105.0	105	0.75	3/4	36	3	4	36	105.0	F5	77	True	F	0	0	1.0	1	Violoncello	1	36.0	3.0	46.0	ii7/iv	True	('D', 'F', 'A', 'C')	D	D	0.0	minor seventh chord	(0, 2, 5, 9)	g	c	2	4
447	420	4	105.0	105	1.0	1	36	3	4	36	105.0	A4	69	True	A	0	0	1.0	1	Violoncello	1	36.0	3.0	46.0	ii7/iv	True	('D', 'F', 'A', 'C')	D	D	0.0	minor seventh chord	(0, 2, 5, 9)	g	c	2	4
448	420	3	105.0	105	0.75	3/4	36	3	4	36	105.0	C4	60	True	C	0	0	1.0	1	Violoncello	1	36.0	3.0	46.0	ii7/iv	True	('D', 'F', 'A', 'C')	D	D	0.0	minor seventh chord	(0, 2, 5, 9)	g	c	2	4
449	420	4	105.0	105	1.0	1	36	3	4	36	105.0	D3	50	True	D	0	0	1.0	1	Violoncello	1	36.0	3.0	46.0	ii7/iv	True	('D', 'F', 'A', 'C')	D	D	0.0	minor seventh chord	(0, 2, 5, 9)	g	c	2	4
450	423	1	105.75	423/4	0.25	1/4	36	3	4	36	105.75	G5	79	True	G	0	3/16	1.75	0	Violoncello	1	36.0	3.0	46.0	ii7/iv	False	('D', 'F', 'A', 'C')	D	D	0.0	minor seventh chord	(0, 2, 5, 9)	g	c	2	4
451	423	1	105.75	423/4	0.25	1/4	36	3	4	36	105.75	A3	57	True	A	0	3/16	1.75	0	Violoncello	1	36.0	3.0	46.0	ii7/iv	False	('D', 'F', 'A', 'C')	D	D	0.0	minor seventh chord	(0, 2, 5, 9)	g	c	2	4
452	424	6	106.0	106	1.5	3/2	36	3	4	36	106.0	F5	77	True	F	0	1/4	2.0	2	Violoncello	1	36.0	3.0	46.0	ii7/iv	False	('D', 'F', 'A', 'C')	D	D	0.0	minor seventh chord	(0, 2, 5, 9)	g	c	2	4
453	424	6	106.0	106	1.5	3/2	36	3	4	36	106.0	B-4	70	True	B	-1	1/4	2.0	2	Violoncello	1	36.0	3.0	46.0	ii7/iv	False	('D', 'F', 'A', 'C')	D	D	0.0	minor seventh chord	(0, 2, 5, 9)	g	c	2	4
454	424	6	106.0	106	1.5	3/2	36	3	4	36	106.0	D4	62	True	D	0	1/4	2.0	2	Violoncello	1	36.0	3.0	46.0	ii7/iv	False	('D', 'F', 'A', 'C')	D	D	0.0	minor seventh chord	(0, 2, 5, 9)	g	c	2	4
455	424	6	106.0	106	1.5	3/2	36	3	4	36	106.0	D3	50	True	D	0	1/4	2.0	2	Violoncello	1	36.0	3.0	46.0	ii7/iv	False	('D', 'F', 'A', 'C')	D	D	0.0	minor seventh chord	(0, 2, 5, 9)	g	c	2	4
456	430	2	107.5	215/2	0.5	1/2	36	3	4	36	107.5	F5	77	False	F	0	5/8	3.5	0	Violoncello	1	36.0	3.0	46.0	ii7/iv	False	('D', 'F', 'A', 'C')	D	D	0.0	minor seventh chord	(0, 2, 5, 9)	g	c	2	4
457	430	2	107.5	215/2	0.5	1/2	36	3	4	36	107.5	A4	69	True	A	0	5/8	3.5	0	Violoncello	1	36.0	3.0	46.0	ii7/iv	False	('D', 'F', 'A', 'C')	D	D	0.0	minor seventh chord	(0, 2, 5, 9)	g	c	2	4
458	430	2	107.5	215/2	0.5	1/2	36	3	4	36	107.5	D4	62	False	D	0	5/8	3.5	0	Violoncello	1	36.0	3.0	46.0	ii7/iv	False	('D', 'F', 'A', 'C')	D	D	0.0	minor seventh chord	(0, 2, 5, 9)	g	c	2	4
459	430	2	107.5	215/2	0.5	1/2	36	3	4	36	107.5	D3	50	False	D	0	5/8	3.5	0	Violoncello	1	36.0	3.0	46.0	ii7/iv	False	('D', 'F', 'A', 'C')	D	D	0.0	minor seventh chord	(0, 2, 5, 9)	g	c	2	4
460	432	3	108.0	108	0.75	3/4	37	3	4	37	108.0	F5	77	True	F	0	0	1.0	1	Violoncello	1	37.0	3.0	47.0	V/iv	True	('B', 'D', 'G')	B	G	1.0	major triad	(2, 7, 11)	g	c	5	4
461	432	8	108.0	108	2.0	2	37	3	4	37	108.0	G4	67	True	G	0	0	1.0	1	Violoncello	1	37.0	3.0	47.0	V/iv	True	('B', 'D', 'G')	B	G	1.0	major triad	(2, 7, 11)	g	c	5	4
462	432	4	108.0	108	1.0	1	37	3	4	37	108.0	D4	62	True	D	0	0	1.0	1	Violoncello	1	37.0	3.0	47.0	V/iv	True	('B', 'D', 'G')	B	G	1.0	major triad	(2, 7, 11)	g	c	5	4
463	432	4	108.0	108	1.0	1	37	3	4	37	108.0	B2	47	True	B	0	0	1.0	1	Violoncello	1	37.0	3.0	47.0	V/iv	True	('B', 'D', 'G')	B	G	1.0	major triad	(2, 7, 11)	g	c	5	4
464	435	1	108.75	435/4	0.25	1/4	37	3	4	37	108.75	D5	74	True	D	0	3/16	1.75	0	Violoncello	1	37.0	3.0	47.0	V/iv	False	('B', 'D', 'G')	B	G	1.0	major triad	(2, 7, 11)	g	c	5	4
465	436	6	109.0	109	1.5	3/2	37	3	4	37	109.0	E-5	75	True	E	-1	1/4	2.0	2	Violoncello	1	37.0	3.0	47.0	V/iv	False	('B', 'D', 'G')	B	G	1.0	major triad	(2, 7, 11)	g	c	5	4
466	436	6	109.0	109	1.5	3/2	37	3	4	37	109.0	G3	55	True	G	0	1/4	2.0	2	Violoncello	1	37.0	3.0	47.0	V/iv	False	('B', 'D', 'G')	B	G	1.0	major triad	(2, 7, 11)	g	c	5	4
467	436	6	109.0	109	1.5	3/2	37	3	4	37	109.0	B2	47	True	B	0	1/4	2.0	2	Violoncello	1	37.0	3.0	47.0	V/iv	False	('B', 'D', 'G')	B	G	1.0	major triad	(2, 7, 11)	g	c	5	4
468	440	4	110.0	110	1.0	1	37	3	4	37	110.0	F4	65	True	F	0	1/2	3.0	3	Violoncello	1	37.0	3.0	47.0	V/iv	False	('B', 'D', 'G')	B	G	1.0	major triad	(2, 7, 11)	g	c	5	4
469	442	2	110.5	221/2	0.5	1/2	37	3	4	37	110.5	D5	74	True	D	0	5/8	3.5	0	Violoncello	1	37.0	3.0	47.0	V/iv	False	('B', 'D', 'G')	B	G	1.0	major triad	(2, 7, 11)	g	c	5	4
470	442	2	110.5	221/2	0.5	1/2	37	3	4	37	110.5	G3	55	False	G	0	5/8	3.5	0	Violoncello	1	37.0	3.0	47.0	V/iv	False	('B', 'D', 'G')	B	G	1.0	major triad	(2, 7, 11)	g	c	5	4
471	442	2	110.5	221/2	0.5	1/2	37	3	4	37	110.5	B2	47	False	B	0	5/8	3.5	0	Violoncello	1	37.0	3.0	47.0	V/iv	False	('B', 'D', 'G')	B	G	1.0	major triad	(2, 7, 11)	g	c	5	4
472	444	3	111.0	111	0.75	3/4	38	3	4	38	111.0	C5	72	True	C	0	0	1.0	1	Violoncello	1	38.0	3.0	48.0	ii7	True	('C', 'E', 'G', 'A')	C	A	1.0	minor seventh chord	(0, 4, 7, 9)	g	g	2	None
473	444	4	111.0	111	1.0	1	38	3	4	38	111.0	E4	64	True	E	0	0	1.0	1	Violoncello	1	38.0	3.0	48.0	ii7	True	('C', 'E', 'G', 'A')	C	A	1.0	minor seventh chord	(0, 4, 7, 9)	g	g	2	None
474	444	8	111.0	111	2.0	2	38	3	4	38	111.0	A3	57	True	A	0	0	1.0	1	Violoncello	1	38.0	3.0	48.0	ii7	True	('C', 'E', 'G', 'A')	C	A	1.0	minor seventh chord	(0, 4, 7, 9)	g	g	2	None
475	444	4	111.0	111	1.0	1	38	3	4	38	111.0	C3	48	True	C	0	0	1.0	1	Violoncello	1	38.0	3.0	48.0	ii7	True	('C', 'E', 'G', 'A')	C	A	1.0	minor seventh chord	(0, 4, 7, 9)	g	g	2	None
476	447	1	111.75	447/4	0.25	1/4	38	3	4	38	111.75	A4	69	True	A	0	3/16	1.75	0	Violoncello	1	38.0	3.0	48.0	ii7	False	('C', 'E', 'G', 'A')	C	A	1.0	minor seventh chord	(0, 4, 7, 9)	g	g	2	None
477	448	6	112.0	112	1.5	3/2	38	3	4	38	112.0	B-4	70	True	B	-1	1/4	2.0	2	Violoncello	1	38.0	3.0	48.0	ii7	False	('C', 'E', 'G', 'A')	C	A	1.0	minor seventh chord	(0, 4, 7, 9)	g	g	2	None
478	448	4	112.0	112	1.0	1	38	3	4	38	112.0	F#4	66	True	F	1	1/4	2.0	2	Violoncello	1	38.0	3.0	48.0	ii7	False	('C', 'E', 'G', 'A')	C	A	1.0	minor seventh chord	(0, 4, 7, 9)	g	g	2	None
479	448	8	112.0	112	2.0	2	38	3	4	38	112.0	C3	48	True	C	0	1/4	2.0	2	Violoncello	1	38.0	3.0	48.0	ii7	False	('C', 'E', 'G', 'A')	C	A	1.0	minor seventh chord	(0, 4, 7, 9)	g	g	2	None
480	452	4	113.0	113	1.0	1	38	3	4	38	113.0	G4	67	True	G	0	1/2	3.0	3	Violoncello	1	38.0	3.0	48.0	ii7	False	('C', 'E', 'G', 'A')	C	A	1.0	minor seventh chord	(0, 4, 7, 9)	g	g	2	None
481	452	3	113.0	113	0.75	3/4	38	3	4	38	113.0	G3	55	True	G	0	1/2	3.0	3	Violoncello	1	38.0	3.0	48.0	ii7	False	('C', 'E', 'G', 'A')	C	A	1.0	minor seventh chord	(0, 4, 7, 9)	g	g	2	None
482	454	2	113.5	227/2	0.5	1/2	38	3	4	38	113.5	A4	69	True	A	0	5/8	3.5	0	Violoncello	1	38.0	3.0	48.0	ii7	False	('C', 'E', 'G', 'A')	C	A	1.0	minor seventh chord	(0, 4, 7, 9)	g	g	2	None
483	455	1	113.75	455/4	0.25	1/4	38	3	4	38	113.75	A3	57	True	A	0	11/16	3.75	0	Violoncello	1	38.0	3.0	48.0	ii7	False	('C', 'E', 'G', 'A')	C	A	1.0	minor seventh chord	(0, 4, 7, 9)	g	g	2	None
484	456	2	114.0	114	0.5	1/2	39	3	4	39	114.0	A4	69	True	A	0	0	1.0	1	Violoncello	1	39.0	2.5	49.0	i	True	('D', 'G', 'B-')	D	G	2.0	minor triad	(2, 7, 10)	g	g	1	None
485	456	2	114.0	114	0.5	1/2	39	3	4	39	114.0	F#4	66	True	F	1	0	1.0	1	Violoncello	1	39.0	2.5	49.0	i	True	('D', 'G', 'B-')	D	G	2.0	minor triad	(2, 7, 10)	g	g	1	None
486	456	3	114.0	114	0.75	3/4	39	3	4	39	114.0	B-3	58	True	B	-1	0	1.0	1	Violoncello	1	39.0	2.5	49.0	i	True	('D', 'G', 'B-')	D	G	2.0	minor triad	(2, 7, 10)	g	g	1	None
487	456	12	114.0	114	3.0	3	39	3	4	39	114.0	D3	50	True	D	0	0	1.0	1	Violoncello	1	39.0	2.5	49.0	i	True	('D', 'G', 'B-')	D	G	2.0	minor triad	(2, 7, 10)	g	g	1	None
488	458	2	114.5	229/2	0.5	1/2	39	3	4	39	114.5	G4	67	True	G	0	1/8	1.5	0	Violoncello	1	39.0	2.5	49.0	i	False	('D', 'G', 'B-')	D	G	2.0	minor triad	(2, 7, 10)	g	g	1	None
489	458	2	114.5	229/2	0.5	1/2	39	3	4	39	114.5	E4	64	True	E	0	1/8	1.5	0	Violoncello	1	39.0	2.5	49.0	i	False	('D', 'G', 'B-')	D	G	2.0	minor triad	(2, 7, 10)	g	g	1	None
490	459	1	114.75	459/4	0.25	1/4	39	3	4	39	114.75	C4	60	True	C	0	3/16	1.75	0	Violoncello	1	39.0	2.5	49.0	i	False	('D', 'G', 'B-')	D	G	2.0	minor triad	(2, 7, 10)	g	g	1	None
491	460	6	115.0	115	1.5	3/2	39	3	4	39	115.0	G4	67	True	G	0	1/4	2.0	2	Violoncello	1	39.0	2.5	49.0	i	False	('D', 'G', 'B-')	D	G	2.0	minor triad	(2, 7, 10)	g	g	1	None
492	460	6	115.0	115	1.5	3/2	39	3	4	39	115.0	D4	62	True	D	0	1/4	2.0	2	Violoncello	1	39.0	2.5	49.0	i	False	('D', 'G', 'B-')	D	G	2.0	minor triad	(2, 7, 10)	g	g	1	None
493	460	6	115.0	115	1.5	3/2	39	3	4	39	115.0	B-3	58	True	B	-1	1/4	2.0	2	Violoncello	1	39.0	2.5	49.0	i	False	('D', 'G', 'B-')	D	G	2.0	minor triad	(2, 7, 10)	g	g	1	None
494	466	2	116.5	233/2	0.5	1/2	39	3	4	39	116.5	F#4	66	True	F	1	5/8	3.5	0	Violoncello	1	39.0	0.5	50.0	V	True	('D', 'F#', 'A')	D	D	0.0	major triad	(2, 6, 9)	g	g	5	None
495	466	2	116.5	233/2	0.5	1/2	39	3	4	39	116.5	D4	62	False	D	0	5/8	3.5	0	Violoncello	1	39.0	0.5	50.0	V	True	('D', 'F#', 'A')	D	D	0.0	major triad	(2, 6, 9)	g	g	5	None
496	466	2	116.5	233/2	0.5	1/2	39	3	4	39	116.5	A3	57	True	A	0	5/8	3.5	0	Violoncello	1	39.0	0.5	50.0	V	True	('D', 'F#', 'A')	D	D	0.0	major triad	(2, 6, 9)	g	g	5	None
497	468	4	117.0	117	1.0	1	40	3	4	40	117.0	G4	67	True	G	0	0	1.0	1	Violoncello	1	40.0	3.0	51.0	i	True	('G', 'B-', 'D')	G	G	0.0	minor triad	(2, 7, 10)	g	g	1	None
498	468	6	117.0	117	1.5	3/2	40	3	4	40	117.0	D4	62	True	D	0	0	1.0	1	Violoncello	1	40.0	3.0	51.0	i	True	('G', 'B-', 'D')	G	G	0.0	minor triad	(2, 7, 10)	g	g	1	None
499	468	6	117.0	117	1.5	3/2	40	3	4	40	117.0	G3	55	True	G	0	0	1.0	1	Violoncello	1	40.0	3.0	51.0	i	True	('G', 'B-', 'D')	G	G	0.0	minor triad	(2, 7, 10)	g	g	1	None
500	468	12	117.0	117	3.0	3	40	3	4	40	117.0	G2	43	True	G	0	0	1.0	1	Violoncello	1	40.0	3.0	51.0	i	True	('G', 'B-', 'D')	G	G	0.0	minor triad	(2, 7, 10)	g	g	1	None
501	472	6	118.0	118	1.5	3/2	40	3	4	40	118.0	G4	67	True	G	0	1/4	2.0	2	Violoncello	1	40.0	3.0	51.0	i	False	('G', 'B-', 'D')	G	G	0.0	minor triad	(2, 7, 10)	g	g	1	None
502	474	2	118.5	237/2	0.5	1/2	40	3	4	40	118.5	D4	62	False	D	0	3/8	2.5	0	Violoncello	1	40.0	3.0	51.0	i	False	('G', 'B-', 'D')	G	G	0.0	minor triad	(2, 7, 10)	g	g	1	None
503	474	2	118.5	237/2	0.5	1/2	40	3	4	40	118.5	G3	55	False	G	0	3/8	2.5	0	Violoncello	1	40.0	3.0	51.0	i	False	('G', 'B-', 'D')	G	G	0.0	minor triad	(2, 7, 10)	g	g	1	None
504	476	3	119.0	119	0.75	3/4	40	3	4	40	119.0	B-3	58	True	B	-1	1/2	3.0	3	Violoncello	1	40.0	3.0	51.0	i	False	('G', 'B-', 'D')	G	G	0.0	minor triad	(2, 7, 10)	g	g	1	None
505	476	4	119.0	119	1.0	1	40	3	4	40	119.0	D4	62	True	D	0	1/2	3.0	3	Violoncello	1	40.0	3.0	51.0	i	False	('G', 'B-', 'D')	G	G	0.0	minor triad	(2, 7, 10)	g	g	1	None
506	478	2	119.5	239/2	0.5	1/2	40	3	4	40	119.5	A4	69	True	A	0	5/8	3.5	0	Violoncello	1	40.0	3.0	51.0	i	False	('G', 'B-', 'D')	G	G	0.0	minor triad	(2, 7, 10)	g	g	1	None
507	479	1	119.75	479/4	0.25	1/4	40	3	4	40	119.75	C4	60	True	C	0	11/16	3.75	0	Violoncello	1	40.0	3.0	51.0	i	False	('G', 'B-', 'D')	G	G	0.0	minor triad	(2, 7, 10)	g	g	1	None
508	480	3	120.0	120	0.75	3/4	41	3	4	41	120.0	B-4	70	True	B	-1	0	1.0	1	Violoncello	1	41.0	1.0	52.0	i	True	('G', 'B-', 'D')	G	G	0.0	minor triad	(2, 7, 10)	g	g	1	None
509	480	6	120.0	120	1.5	3/2	41	3	4	41	120.0	D4	62	True	D	0	0	1.0	1	Violoncello	1	41.0	1.0	52.0	i	True	('G', 'B-', 'D')	G	G	0.0	minor triad	(2, 7, 10)	g	g	1	None
510	480	8	120.0	120	2.0	2	41	3	4	41	120.0	G4	67	True	G	0	0	1.0	1	Violoncello	1	41.0	1.0	52.0	i	True	('G', 'B-', 'D')	G	G	0.0	minor triad	(2, 7, 10)	g	g	1	None
511	480	4	120.0	120	1.0	1	41	3	4	41	120.0	G3	55	True	G	0	0	1.0	1	Violoncello	1	41.0	1.0	52.0	i	True	('G', 'B-', 'D')	G	G	0.0	minor triad	(2, 7, 10)	g	g	1	None
512	483	1	120.75	483/4	0.25	1/4	41	3	4	41	120.75	C5	72	True	C	0	3/16	1.75	0	Violoncello	1	41.0	1.0	52.0	i	False	('G', 'B-', 'D')	G	G	0.0	minor triad	(2, 7, 10)	g	g	1	None
513	484	6	121.0	121	1.5	3/2	41	3	4	41	121.0	C5	72	True	C	0	1/4	2.0	2	Violoncello	1	41.0	1.0	53.0	VII	True	('F', 'A', 'C')	F	F	0.0	major triad	(0, 5, 9)	g	g	7	None
514	484	4	121.0	121	1.0	1	41	3	4	41	121.0	F3	53	True	F	0	1/4	2.0	2	Violoncello	1	41.0	1.0	53.0	VII	True	('F', 'A', 'C')	F	F	0.0	major triad	(0, 5, 9)	g	g	7	None
515	486	1	121.5	243/2	0.25	1/4	41	3	4	41	121.5	E-4	63	True	E	-1	3/8	2.5	0	Violoncello	1	41.0	1.0	53.0	VII	False	('F', 'A', 'C')	F	F	0.0	major triad	(0, 5, 9)	g	g	7	None
516	487	1	121.75	487/4	0.25	1/4	41	3	4	41	121.75	F4	65	True	F	0	7/16	2.75	0	Violoncello	1	41.0	1.0	53.0	VII	False	('F', 'A', 'C')	F	F	0.0	major triad	(0, 5, 9)	g	g	7	None
517	488	4	122.0	122	1.0	1	41	3	4	41	122.0	G4	67	True	G	0	1/2	3.0	3	Violoncello	1	41.0	1.0	54.0	VI	True	('E-', 'G', 'B-')	E-	E-	0.0	major triad	(3, 7, 10)	g	g	6	None
518	488	4	122.0	122	1.0	1	41	3	4	41	122.0	G4	67	True	G	0	1/2	3.0	3	Violoncello	1	41.0	1.0	54.0	VI	True	('E-', 'G', 'B-')	E-	E-	0.0	major triad	(3, 7, 10)	g	g	6	None
519	488	4	122.0	122	1.0	1	41	3	4	41	122.0	E-3	51	True	E	-1	1/2	3.0	3	Violoncello	1	41.0	1.0	54.0	VI	True	('E-', 'G', 'B-')	E-	E-	0.0	major triad	(3, 7, 10)	g	g	6	None
520	490	1	122.5	245/2	0.25	1/4	41	3	4	41	122.5	B-4	70	True	B	-1	5/8	3.5	0	Violoncello	1	41.0	1.0	54.0	VI	False	('E-', 'G', 'B-')	E-	E-	0.0	major triad	(3, 7, 10)	g	g	6	None
521	491	1	122.75	491/4	0.25	1/4	41	3	4	41	122.75	C5	72	True	C	0	11/16	3.75	0	Violoncello	1	41.0	1.0	54.0	VI	False	('E-', 'G', 'B-')	E-	E-	0.0	major triad	(3, 7, 10)	g	g	6	None
522	492	4	123.0	123	1.0	1	42	3	4	42	123.0	D5	74	True	D	0	0	1.0	1	Violoncello	1	42.0	3.0	55.0	V	True	('D', 'F#', 'A')	D	D	0.0	major triad	(2, 6, 9)	g	g	5	None
523	492	4	123.0	123	1.0	1	42	3	4	42	123.0	A4	69	True	A	0	0	1.0	1	Violoncello	1	42.0	3.0	55.0	V	True	('D', 'F#', 'A')	D	D	0.0	major triad	(2, 6, 9)	g	g	5	None
524	492	6	123.0	123	1.5	3/2	42	3	4	42	123.0	F#4	66	True	F	1	0	1.0	1	Violoncello	1	42.0	3.0	55.0	V	True	('D', 'F#', 'A')	D	D	0.0	major triad	(2, 6, 9)	g	g	5	None
525	492	8	123.0	123	2.0	2	42	3	4	42	123.0	D3	50	True	D	0	0	1.0	1	Violoncello	1	42.0	3.0	55.0	V	True	('D', 'F#', 'A')	D	D	0.0	major triad	(2, 6, 9)	g	g	5	None
526	496	6	124.0	124	1.5	3/2	42	3	4	42	124.0	D5	74	True	D	0	1/4	2.0	2	Violoncello	1	42.0	3.0	55.0	V	False	('D', 'F#', 'A')	D	D	0.0	major triad	(2, 6, 9)	g	g	5	None
527	496	6	124.0	124	1.5	3/2	42	3	4	42	124.0	B-4	70	True	B	-1	1/4	2.0	2	Violoncello	1	42.0	3.0	55.0	V	False	('D', 'F#', 'A')	D	D	0.0	major triad	(2, 6, 9)	g	g	5	None
528	498	4	124.5	249/2	1.0	1	42	3	4	42	124.5	F#4	66	True	F	1	3/8	2.5	0	Violoncello	1	42.0	3.0	55.0	V	False	('D', 'F#', 'A')	D	D	0.0	major triad	(2, 6, 9)	g	g	5	None
529	500	4	125.0	125	1.0	1	42	3	4	42	125.0	D3	50	True	D	0	1/2	3.0	3	Violoncello	1	42.0	3.0	55.0	V	False	('D', 'F#', 'A')	D	D	0.0	major triad	(2, 6, 9)	g	g	5	None
530	502	2	125.5	251/2	0.5	1/2	42	3	4	42	125.5	E-5	75	True	E	-1	5/8	3.5	0	Violoncello	1	42.0	3.0	55.0	V	False	('D', 'F#', 'A')	D	D	0.0	major triad	(2, 6, 9)	g	g	5	None
531	502	2	125.5	251/2	0.5	1/2	42	3	4	42	125.5	B-4	70	False	B	-1	5/8	3.5	0	Violoncello	1	42.0	3.0	55.0	V	False	('D', 'F#', 'A')	D	D	0.0	major triad	(2, 6, 9)	g	g	5	None
532	502	2	125.5	251/2	0.5	1/2	42	3	4	42	125.5	F#4	66	False	F	1	5/8	3.5	0	Violoncello	1	42.0	3.0	55.0	V	False	('D', 'F#', 'A')	D	D	0.0	major triad	(2, 6, 9)	g	g	5	None
533	504	3	126.0	126	0.75	3/4	43	3	4	43	126.0	D5	74	True	D	0	0	1.0	1	Violoncello	1	43.0	1.0	56.0	VI	True	('E-', 'G', 'B-')	E-	E-	0.0	major triad	(3, 7, 10)	g	g	6	None
534	504	4	126.0	126	1.0	1	43	3	4	43	126.0	B-4	70	True	B	-1	0	1.0	1	Violoncello	1	43.0	1.0	56.0	VI	True	('E-', 'G', 'B-')	E-	E-	0.0	major triad	(3, 7, 10)	g	g	6	None
535	504	4	126.0	126	1.0	1	43	3	4	43	126.0	G4	67	True	G	0	0	1.0	1	Violoncello	1	43.0	1.0	56.0	VI	True	('E-', 'G', 'B-')	E-	E-	0.0	major triad	(3, 7, 10)	g	g	6	None
536	504	4	126.0	126	1.0	1	43	3	4	43	126.0	E-3	51	True	E	-1	0	1.0	1	Violoncello	1	43.0	1.0	56.0	VI	True	('E-', 'G', 'B-')	E-	E-	0.0	major triad	(3, 7, 10)	g	g	6	None
537	507	1	126.75	507/4	0.25	1/4	43	3	4	43	126.75	C5	72	True	C	0	3/16	1.75	0	Violoncello	1	43.0	1.0	56.0	VI	False	('E-', 'G', 'B-')	E-	E-	0.0	major triad	(3, 7, 10)	g	g	6	None
538	508	6	127.0	127	1.5	3/2	43	3	4	43	127.0	C5	72	True	C	0	1/4	2.0	2	Violoncello	1	43.0	2.0	57.0	V/III	True	('F', 'A', 'C')	F	F	0.0	major triad	(0, 5, 9)	g	B-	5	3
539	508	4	127.0	127	1.0	1	43	3	4	43	127.0	B-4	70	True	B	-1	1/4	2.0	2	Violoncello	1	43.0	2.0	57.0	V/III	True	('F', 'A', 'C')	F	F	0.0	major triad	(0, 5, 9)	g	B-	5	3
540	508	8	127.0	127	2.0	2	43	3	4	43	127.0	E-4	63	True	E	-1	1/4	2.0	2	Violoncello	1	43.0	2.0	57.0	V/III	True	('F', 'A', 'C')	F	F	0.0	major triad	(0, 5, 9)	g	B-	5	3
541	508	4	127.0	127	1.0	1	43	3	4	43	127.0	F3	53	True	F	0	1/4	2.0	2	Violoncello	1	43.0	2.0	57.0	V/III	True	('F', 'A', 'C')	F	F	0.0	major triad	(0, 5, 9)	g	B-	5	3
542	512	3	128.0	128	0.75	3/4	43	3	4	43	128.0	A4	69	True	A	0	1/2	3.0	3	Violoncello	1	43.0	2.0	57.0	V/III	False	('F', 'A', 'C')	F	F	0.0	major triad	(0, 5, 9)	g	B-	5	3
543	512	4	128.0	128	1.0	1	43	3	4	43	128.0	F2	41	True	F	0	1/2	3.0	3	Violoncello	1	43.0	2.0	57.0	V/III	False	('F', 'A', 'C')	F	F	0.0	major triad	(0, 5, 9)	g	B-	5	3
544	514	2	128.5	257/2	0.5	1/2	43	3	4	43	128.5	B-4	70	True	B	-1	5/8	3.5	0	Violoncello	1	43.0	2.0	57.0	V/III	False	('F', 'A', 'C')	F	F	0.0	major triad	(0, 5, 9)	g	B-	5	3
545	515	1	128.75	515/4	0.25	1/4	43	3	4	43	128.75	G4	67	True	G	0	11/16	3.75	0	Violoncello	1	43.0	2.0	57.0	V/III	False	('F', 'A', 'C')	F	F	0.0	major triad	(0, 5, 9)	g	B-	5	3
546	516	4	129.0	129	1.0	1	44	3	4	44	129.0	B-4	70	True	B	-1	0	1.0	1	Violoncello	1	44.0	3.0	58.0	III	True	('B-', 'D', 'F')	B-	B-	0.0	major triad	(2, 5, 10)	g	g	3	None
547	516	4	129.0	129	1.0	1	44	3	4	44	129.0	F4	65	True	F	0	0	1.0	1	Violoncello	1	44.0	3.0	58.0	III	True	('B-', 'D', 'F')	B-	B-	0.0	major triad	(2, 5, 10)	g	g	3	None
548	516	4	129.0	129	1.0	1	44	3	4	44	129.0	D4	62	True	D	0	0	1.0	1	Violoncello	1	44.0	3.0	58.0	III	True	('B-', 'D', 'F')	B-	B-	0.0	major triad	(2, 5, 10)	g	g	3	None
549	516	8	129.0	129	2.0	2	44	3	4	44	129.0	B-2	46	True	B	-1	0	1.0	1	Violoncello	1	44.0	3.0	58.0	III	True	('B-', 'D', 'F')	B-	B-	0.0	major triad	(2, 5, 10)	g	g	3	None
550	520	6	130.0	130	1.5	3/2	44	3	4	44	130.0	F5	77	True	F	0	1/4	2.0	2	Violoncello	1	44.0	3.0	58.0	III	False	('B-', 'D', 'F')	B-	B-	0.0	major triad	(2, 5, 10)	g	g	3	None
551	520	6	130.0	130	1.5	3/2	44	3	4	44	130.0	B-4	70	True	B	-1	1/4	2.0	2	Violoncello	1	44.0	3.0	58.0	III	False	('B-', 'D', 'F')	B-	B-	0.0	major triad	(2, 5, 10)	g	g	3	None
552	520	6	130.0	130	1.5	3/2	44	3	4	44	130.0	D4	62	True	D	0	1/4	2.0	2	Violoncello	1	44.0	3.0	58.0	III	False	('B-', 'D', 'F')	B-	B-	0.0	major triad	(2, 5, 10)	g	g	3	None
553	524	4	131.0	131	1.0	1	44	3	4	44	131.0	B-2	46	True	B	-1	1/2	3.0	3	Violoncello	1	44.0	3.0	58.0	III	False	('B-', 'D', 'F')	B-	B-	0.0	major triad	(2, 5, 10)	g	g	3	None
554	526	2	131.5	263/2	0.5	1/2	44	3	4	44	131.5	F5	77	False	F	0	5/8	3.5	0	Violoncello	1	44.0	3.0	58.0	III	False	('B-', 'D', 'F')	B-	B-	0.0	major triad	(2, 5, 10)	g	g	3	None
555	526	2	131.5	263/2	0.5	1/2	44	3	4	44	131.5	C5	72	True	C	0	5/8	3.5	0	Violoncello	1	44.0	3.0	58.0	III	False	('B-', 'D', 'F')	B-	B-	0.0	major triad	(2, 5, 10)	g	g	3	None
556	526	2	131.5	263/2	0.5	1/2	44	3	4	44	131.5	D4	62	False	D	0	5/8	3.5	0	Violoncello	1	44.0	3.0	58.0	III	False	('B-', 'D', 'F')	B-	B-	0.0	major triad	(2, 5, 10)	g	g	3	None
557	528	4	132.0	132	1.0	1	45	3	4	45	132.0	F5	77	True	F	0	0	1.0	1	Violoncello	1	45.0	3.0	59.0	V7/iv	True	('G', 'B', 'D', 'F')	G	G	0.0	dominant seventh chord	(2, 5, 7, 11)	g	c	5	4
558	528	6	132.0	132	1.5	3/2	45	3	4	45	132.0	D5	74	True	D	0	0	1.0	1	Violoncello	1	45.0	3.0	59.0	V7/iv	True	('G', 'B', 'D', 'F')	G	G	0.0	dominant seventh chord	(2, 5, 7, 11)	g	c	5	4
559	528	4	132.0	132	1.0	1	45	3	4	45	132.0	B3	59	True	B	0	0	1.0	1	Violoncello	1	45.0	3.0	59.0	V7/iv	True	('G', 'B', 'D', 'F')	G	G	0.0	dominant seventh chord	(2, 5, 7, 11)	g	c	5	4
560	528	12	132.0	132	3.0	3	45	3	4	45	132.0	G2	43	True	G	0	0	1.0	1	Violoncello	1	45.0	3.0	59.0	V7/iv	True	('G', 'B', 'D', 'F')	G	G	0.0	dominant seventh chord	(2, 5, 7, 11)	g	c	5	4
561	532	2	133.0	133	0.5	1/2	45	3	4	45	133.0	G5	79	True	G	0	1/4	2.0	2	Violoncello	1	45.0	3.0	59.0	V7/iv	False	('G', 'B', 'D', 'F')	G	G	0.0	dominant seventh chord	(2, 5, 7, 11)	g	c	5	4
562	532	6	133.0	133	1.5	3/2	45	3	4	45	133.0	B3	59	True	B	0	1/4	2.0	2	Violoncello	1	45.0	3.0	59.0	V7/iv	False	('G', 'B', 'D', 'F')	G	G	0.0	dominant seventh chord	(2, 5, 7, 11)	g	c	5	4
563	534	2	133.5	267/2	0.5	1/2	45	3	4	45	133.5	F5	77	True	F	0	3/8	2.5	0	Violoncello	1	45.0	3.0	59.0	V7/iv	False	('G', 'B', 'D', 'F')	G	G	0.0	dominant seventh chord	(2, 5, 7, 11)	g	c	5	4
564	534	2	133.5	267/2	0.5	1/2	45	3	4	45	133.5	D5	74	False	D	0	3/8	2.5	0	Violoncello	1	45.0	3.0	59.0	V7/iv	False	('G', 'B', 'D', 'F')	G	G	0.0	dominant seventh chord	(2, 5, 7, 11)	g	c	5	4
565	536	2	134.0	134	0.5	1/2	45	3	4	45	134.0	E-5	75	True	E	-1	1/2	3.0	3	Violoncello	1	45.0	3.0	59.0	V7/iv	False	('G', 'B', 'D', 'F')	G	G	0.0	dominant seventh chord	(2, 5, 7, 11)	g	c	5	4
566	536	4	134.0	134	1.0	1	45	3	4	45	134.0	G4	67	True	G	0	1/2	3.0	3	Violoncello	1	45.0	3.0	59.0	V7/iv	False	('G', 'B', 'D', 'F')	G	G	0.0	dominant seventh chord	(2, 5, 7, 11)	g	c	5	4
567	538	2	134.5	269/2	0.5	1/2	45	3	4	45	134.5	D5	74	True	D	0	5/8	3.5	0	Violoncello	1	45.0	3.0	59.0	V7/iv	False	('G', 'B', 'D', 'F')	G	G	0.0	dominant seventh chord	(2, 5, 7, 11)	g	c	5	4
568	538	2	134.5	269/2	0.5	1/2	45	3	4	45	134.5	B3	59	False	B	0	5/8	3.5	0	Violoncello	1	45.0	3.0	59.0	V7/iv	False	('G', 'B', 'D', 'F')	G	G	0.0	dominant seventh chord	(2, 5, 7, 11)	g	c	5	4
569	540	4	135.0	135	1.0	1	46	3	4	46	135.0	E-5	75	True	E	-1	0	1.0	1	Violoncello	1	46.0	1.0	60.0	iv	True	('C', 'E-', 'G')	C	C	0.0	minor triad	(0, 3, 7)	g	g	4	None
570	540	4	135.0	135	1.0	1	46	3	4	46	135.0	G4	67	True	G	0	0	1.0	1	Violoncello	1	46.0	1.0	60.0	iv	True	('C', 'E-', 'G')	C	C	0.0	minor triad	(0, 3, 7)	g	g	4	None
571	540	4	135.0	135	1.0	1	46	3	4	46	135.0	C4	60	True	C	0	0	1.0	1	Violoncello	1	46.0	1.0	60.0	iv	True	('C', 'E-', 'G')	C	C	0.0	minor triad	(0, 3, 7)	g	g	4	None
572	540	8	135.0	135	2.0	2	46	3	4	46	135.0	C3	48	True	C	0	0	1.0	1	Violoncello	1	46.0	1.0	60.0	iv	True	('C', 'E-', 'G')	C	C	0.0	minor triad	(0, 3, 7)	g	g	4	None
573	544	6	136.0	136	1.5	3/2	46	3	4	46	136.0	A5	81	True	A	0	1/4	2.0	2	Violoncello	1	46.0	2.0	61.0	iio	True	('C', 'E-', 'A')	C	A	1.0	diminished triad	(0, 3, 9)	g	g	2	None
574	544	6	136.0	136	1.5	3/2	46	3	4	46	136.0	E-5	75	True	E	-1	1/4	2.0	2	Violoncello	1	46.0	2.0	61.0	iio	True	('C', 'E-', 'A')	C	A	1.0	diminished triad	(0, 3, 9)	g	g	2	None
575	544	8	136.0	136	2.0	2	46	3	4	46	136.0	C4	60	True	C	0	1/4	2.0	2	Violoncello	1	46.0	2.0	61.0	iio	True	('C', 'E-', 'A')	C	A	1.0	diminished triad	(0, 3, 9)	g	g	2	None
576	548	4	137.0	137	1.0	1	46	3	4	46	137.0	C4	60	True	C	0	1/2	3.0	3	Violoncello	1	46.0	2.0	61.0	iio	False	('C', 'E-', 'A')	C	A	1.0	diminished triad	(0, 3, 9)	g	g	2	None
577	550	2	137.5	275/2	0.5	1/2	46	3	4	46	137.5	B-5	82	True	B	-1	5/8	3.5	0	Violoncello	1	46.0	2.0	61.0	iio	False	('C', 'E-', 'A')	C	A	1.0	diminished triad	(0, 3, 9)	g	g	2	None
578	550	2	137.5	275/2	0.5	1/2	46	3	4	46	137.5	E-5	75	False	E	-1	5/8	3.5	0	Violoncello	1	46.0	2.0	61.0	iio	False	('C', 'E-', 'A')	C	A	1.0	diminished triad	(0, 3, 9)	g	g	2	None
579	552	4	138.0	138	1.0	1	47	3	4	47	138.0	F#5	78	True	F	1	0	1.0	1	Violoncello	1	47.0	2.0	62.0	III+7	True	('B-', 'D', 'F#', 'A')	B-	B-	0.0	augmented major tetrachord	(2, 6, 9, 10)	g	g	3	None
580	552	4	138.0	138	1.0	1	47	3	4	47	138.0	A4	69	True	A	0	0	1.0	1	Violoncello	1	47.0	2.0	62.0	III+7	True	('B-', 'D', 'F#', 'A')	B-	B-	0.0	augmented major tetrachord	(2, 6, 9, 10)	g	g	3	None
581	552	12	138.0	138	3.0	3	47	3	4	47	138.0	D4	62	True	D	0	0	1.0	1	Violoncello	1	47.0	2.0	62.0	III+7	True	('B-', 'D', 'F#', 'A')	B-	B-	0.0	augmented major tetrachord	(2, 6, 9, 10)	g	g	3	None
582	552	8	138.0	138	2.0	2	47	3	4	47	138.0	B-3	58	True	B	-1	0	1.0	1	Violoncello	1	47.0	2.0	62.0	III+7	True	('B-', 'D', 'F#', 'A')	B-	B-	0.0	augmented major tetrachord	(2, 6, 9, 10)	g	g	3	None
583	556	6	139.0	139	1.5	3/2	47	3	4	47	139.0	F#5	78	True	F	1	1/4	2.0	2	Violoncello	1	47.0	2.0	62.0	III+7	False	('B-', 'D', 'F#', 'A')	B-	B-	0.0	augmented major tetrachord	(2, 6, 9, 10)	g	g	3	None
584	556	6	139.0	139	1.5	3/2	47	3	4	47	139.0	A4	69	True	A	0	1/4	2.0	2	Violoncello	1	47.0	2.0	62.0	III+7	False	('B-', 'D', 'F#', 'A')	B-	B-	0.0	augmented major tetrachord	(2, 6, 9, 10)	g	g	3	None
585	560	4	140.0	140	1.0	1	47	3	4	47	140.0	C4	60	True	C	0	1/2	3.0	3	Violoncello	1	47.0	1.0	63.0	V7	True	('C', 'D', 'F#', 'A')	C	D	3.0	dominant seventh chord	(0, 2, 6, 9)	g	g	5	None
586	562	2	140.5	281/2	0.5	1/2	47	3	4	47	140.5	F#5	78	False	F	1	5/8	3.5	0	Violoncello	1	47.0	1.0	63.0	V7	False	('C', 'D', 'F#', 'A')	C	D	3.0	dominant seventh chord	(0, 2, 6, 9)	g	g	5	None
587	562	2	140.5	281/2	0.5	1/2	47	3	4	47	140.5	A4	69	False	A	0	5/8	3.5	0	Violoncello	1	47.0	1.0	63.0	V7	False	('C', 'D', 'F#', 'A')	C	D	3.0	dominant seventh chord	(0, 2, 6, 9)	g	g	5	None
588	564	4	141.0	141	1.0	1	48	3	4	48	141.0	G5	79	True	G	0	0	1.0	1	Violoncello	1	48.0	3.0	64.0	I	True	('B', 'D', 'G')	B	G	1.0	major triad	(2, 7, 11)	g	g	1	None
589	564	12	141.0	141	3.0	3	48	3	4	48	141.0	D5	74	True	D	0	0	1.0	1	Violoncello	1	48.0	3.0	64.0	I	True	('B', 'D', 'G')	B	G	1.0	major triad	(2, 7, 11)	g	g	1	None
590	564	8	141.0	141	2.0	2	48	3	4	48	141.0	G3	55	True	G	0	0	1.0	1	Violoncello	1	48.0	3.0	64.0	I	True	('B', 'D', 'G')	B	G	1.0	major triad	(2, 7, 11)	g	g	1	None
591	564	12	141.0	141	3.0	3	48	3	4	48	141.0	B3	59	True	B	0	0	1.0	1	Violoncello	1	48.0	3.0	64.0	I	True	('B', 'D', 'G')	B	G	1.0	major triad	(2, 7, 11)	g	g	1	None
592	568	6	142.0	142	1.5	3/2	48	3	4	48	142.0	G5	79	True	G	0	1/4	2.0	2	Violoncello	1	48.0	3.0	64.0	I	False	('B', 'D', 'G')	B	G	1.0	major triad	(2, 7, 11)	g	g	1	None
593	572	4	143.0	143	1.0	1	48	3	4	48	143.0	G4	67	True	G	0	1/2	3.0	3	Violoncello	1	48.0	3.0	64.0	I	False	('B', 'D', 'G')	B	G	1.0	major triad	(2, 7, 11)	g	g	1	None
594	574	1	143.5	287/2	0.25	1/4	48	3	4	48	143.5	F#5	78	True	F	1	5/8	3.5	0	Violoncello	1	48.0	3.0	64.0	I	False	('B', 'D', 'G')	B	G	1.0	major triad	(2, 7, 11)	g	g	1	None
595	575	1	143.75	575/4	0.25	1/4	48	3	4	48	143.75	G5	79	True	G	0	11/16	3.75	0	Violoncello	1	48.0	3.0	64.0	I	False	('B', 'D', 'G')	B	G	1.0	major triad	(2, 7, 11)	g	g	1	None
596	576	4	144.0	144	1.0	1	49	3	4	49	144.0	A5	81	True	A	0	0	1.0	1	Violoncello	1	49.0	3.0	65.0	VI7	True	('B-', 'D', 'F', 'A')	B-	B-	0.0	major seventh chord	(2, 5, 9, 10)	d	d	6	None
597	576	8	144.0	144	2.0	2	49	3	4	49	144.0	D5	74	True	D	0	0	1.0	1	Violoncello	1	49.0	3.0	65.0	VI7	True	('B-', 'D', 'F', 'A')	B-	B-	0.0	major seventh chord	(2, 5, 9, 10)	d	d	6	None
598	576	4	144.0	144	1.0	1	49	3	4	49	144.0	F4	65	True	F	0	0	1.0	1	Violoncello	1	49.0	3.0	65.0	VI7	True	('B-', 'D', 'F', 'A')	B-	B-	0.0	major seventh chord	(2, 5, 9, 10)	d	d	6	None
599	576	12	144.0	144	3.0	3	49	3	4	49	144.0	B-3	58	True	B	-1	0	1.0	1	Violoncello	1	49.0	3.0	65.0	VI7	True	('B-', 'D', 'F', 'A')	B-	B-	0.0	major seventh chord	(2, 5, 9, 10)	d	d	6	None
600	580	2	145.0	145	0.5	1/2	49	3	4	49	145.0	G5	79	True	G	0	1/4	2.0	2	Violoncello	1	49.0	3.0	65.0	VI7	False	('B-', 'D', 'F', 'A')	B-	B-	0.0	major seventh chord	(2, 5, 9, 10)	d	d	6	None
601	580	4	145.0	145	1.0	1	49	3	4	49	145.0	B-4	70	True	B	-1	1/4	2.0	2	Violoncello	1	49.0	3.0	65.0	VI7	False	('B-', 'D', 'F', 'A')	B-	B-	0.0	major seventh chord	(2, 5, 9, 10)	d	d	6	None
602	582	2	145.5	291/2	0.5	1/2	49	3	4	49	145.5	F5	77	True	F	0	3/8	2.5	0	Violoncello	1	49.0	3.0	65.0	VI7	False	('B-', 'D', 'F', 'A')	B-	B-	0.0	major seventh chord	(2, 5, 9, 10)	d	d	6	None
603	584	2	146.0	146	0.5	1/2	49	3	4	49	146.0	E5	76	True	E	0	1/2	3.0	3	Violoncello	1	49.0	3.0	65.0	VI7	False	('B-', 'D', 'F', 'A')	B-	B-	0.0	major seventh chord	(2, 5, 9, 10)	d	d	6	None
604	584	4	146.0	146	1.0	1	49	3	4	49	146.0	D5	74	True	D	0	1/2	3.0	3	Violoncello	1	49.0	3.0	65.0	VI7	False	('B-', 'D', 'F', 'A')	B-	B-	0.0	major seventh chord	(2, 5, 9, 10)	d	d	6	None
605	584	4	146.0	146	1.0	1	49	3	4	49	146.0	G4	67	True	G	0	1/2	3.0	3	Violoncello	1	49.0	3.0	65.0	VI7	False	('B-', 'D', 'F', 'A')	B-	B-	0.0	major seventh chord	(2, 5, 9, 10)	d	d	6	None
606	586	1	146.5	293/2	0.25	1/4	49	3	4	49	146.5	F5	77	True	F	0	5/8	3.5	0	Violoncello	1	49.0	3.0	65.0	VI7	False	('B-', 'D', 'F', 'A')	B-	B-	0.0	major seventh chord	(2, 5, 9, 10)	d	d	6	None
607	587	1	146.75	587/4	0.25	1/4	49	3	4	49	146.75	D5	74	True	D	0	11/16	3.75	0	Violoncello	1	49.0	3.0	65.0	VI7	False	('B-', 'D', 'F', 'A')	B-	B-	0.0	major seventh chord	(2, 5, 9, 10)	d	d	6	None
608	588	4	147.0	147	1.0	1	50	3	4	50	147.0	E5	76	True	E	0	0	1.0	1	Violoncello	1	50.0	2.0	66.0	V	True	('A', 'C#', 'E')	A	A	0.0	major triad	(1, 4, 9)	d	d	5	None
609	588	4	147.0	147	1.0	1	50	3	4	50	147.0	C#5	73	True	C	1	0	1.0	1	Violoncello	1	50.0	2.0	66.0	V	True	('A', 'C#', 'E')	A	A	0.0	major triad	(1, 4, 9)	d	d	5	None
610	588	4	147.0	147	1.0	1	50	3	4	50	147.0	G4	67	True	G	0	0	1.0	1	Violoncello	1	50.0	2.0	66.0	V	True	('A', 'C#', 'E')	A	A	0.0	major triad	(1, 4, 9)	d	d	5	None
611	588	12	147.0	147	3.0	3	50	3	4	50	147.0	A3	57	True	A	0	0	1.0	1	Violoncello	1	50.0	2.0	66.0	V	True	('A', 'C#', 'E')	A	A	0.0	major triad	(1, 4, 9)	d	d	5	None
612	592	4	148.0	148	1.0	1	50	3	4	50	148.0	A4	69	True	A	0	1/4	2.0	2	Violoncello	1	50.0	2.0	66.0	V	False	('A', 'C#', 'E')	A	A	0.0	major triad	(1, 4, 9)	d	d	5	None
613	592	6	148.0	148	1.5	3/2	50	3	4	50	148.0	C#5	73	True	C	1	1/4	2.0	2	Violoncello	1	50.0	2.0	66.0	V	False	('A', 'C#', 'E')	A	A	0.0	major triad	(1, 4, 9)	d	d	5	None
614	592	2	148.0	148	0.5	1/2	50	3	4	50	148.0	F4	65	True	F	0	1/4	2.0	2	Violoncello	1	50.0	2.0	66.0	V	False	('A', 'C#', 'E')	A	A	0.0	major triad	(1, 4, 9)	d	d	5	None
615	594	2	148.5	297/2	0.5	1/2	50	3	4	50	148.5	G4	67	True	G	0	3/8	2.5	0	Violoncello	1	50.0	2.0	66.0	V	False	('A', 'C#', 'E')	A	A	0.0	major triad	(1, 4, 9)	d	d	5	None
616	596	4	149.0	149	1.0	1	50	3	4	50	149.0	F5	77	True	F	0	1/2	3.0	3	Violoncello	1	50.0	1.0	67.0	i	True	('A', 'D', 'F')	A	D	2.0	minor triad	(2, 5, 9)	d	d	1	None
617	596	4	149.0	149	1.0	1	50	3	4	50	149.0	A4	69	True	A	0	1/2	3.0	3	Violoncello	1	50.0	1.0	67.0	i	True	('A', 'D', 'F')	A	D	2.0	minor triad	(2, 5, 9)	d	d	1	None
618	598	2	149.5	299/2	0.5	1/2	50	3	4	50	149.5	C#5	73	False	C	1	5/8	3.5	0	Violoncello	1	50.0	1.0	67.0	i	False	('A', 'D', 'F')	A	D	2.0	minor triad	(2, 5, 9)	d	d	1	None
619	600	4	150.0	150	1.0	1	51	3	4	51	150.0	F5	77	True	F	0	0	1.0	1	Violoncello	1	51.0	3.0	68.0	iv7	True	('G', 'B-', 'D', 'F')	G	G	0.0	minor seventh chord	(2, 5, 7, 10)	d	d	4	None
620	600	4	150.0	150	1.0	1	51	3	4	51	150.0	D5	74	True	D	0	0	1.0	1	Violoncello	1	51.0	3.0	68.0	iv7	True	('G', 'B-', 'D', 'F')	G	G	0.0	minor seventh chord	(2, 5, 7, 10)	d	d	4	None
621	600	4	150.0	150	1.0	1	51	3	4	51	150.0	B-4	70	True	B	-1	0	1.0	1	Violoncello	1	51.0	3.0	68.0	iv7	True	('G', 'B-', 'D', 'F')	G	G	0.0	minor seventh chord	(2, 5, 7, 10)	d	d	4	None
622	600	4	150.0	150	1.0	1	51	3	4	51	150.0	G3	55	True	G	0	0	1.0	1	Violoncello	1	51.0	3.0	68.0	iv7	True	('G', 'B-', 'D', 'F')	G	G	0.0	minor seventh chord	(2, 5, 7, 10)	d	d	4	None
623	604	2	151.0	151	0.5	1/2	51	3	4	51	151.0	G5	79	True	G	0	1/4	2.0	2	Violoncello	1	51.0	3.0	68.0	iv7	False	('G', 'B-', 'D', 'F')	G	G	0.0	minor seventh chord	(2, 5, 7, 10)	d	d	4	None
624	604	8	151.0	151	2.0	2	51	3	4	51	151.0	B-4	70	True	B	-1	1/4	2.0	2	Violoncello	1	51.0	3.0	68.0	iv7	False	('G', 'B-', 'D', 'F')	G	G	0.0	minor seventh chord	(2, 5, 7, 10)	d	d	4	None
625	604	6	151.0	151	1.5	3/2	51	3	4	51	151.0	G4	67	True	G	0	1/4	2.0	2	Violoncello	1	51.0	3.0	68.0	iv7	False	('G', 'B-', 'D', 'F')	G	G	0.0	minor seventh chord	(2, 5, 7, 10)	d	d	4	None
626	604	8	151.0	151	2.0	2	51	3	4	51	151.0	G2	43	True	G	0	1/4	2.0	2	Violoncello	1	51.0	3.0	68.0	iv7	False	('G', 'B-', 'D', 'F')	G	G	0.0	minor seventh chord	(2, 5, 7, 10)	d	d	4	None
627	606	2	151.5	303/2	0.5	1/2	51	3	4	51	151.5	F5	77	True	F	0	3/8	2.5	0	Violoncello	1	51.0	3.0	68.0	iv7	False	('G', 'B-', 'D', 'F')	G	G	0.0	minor seventh chord	(2, 5, 7, 10)	d	d	4	None
628	608	2	152.0	152	0.5	1/2	51	3	4	51	152.0	E5	76	True	E	0	1/2	3.0	3	Violoncello	1	51.0	3.0	68.0	iv7	False	('G', 'B-', 'D', 'F')	G	G	0.0	minor seventh chord	(2, 5, 7, 10)	d	d	4	None
629	610	2	152.5	305/2	0.5	1/2	51	3	4	51	152.5	D5	74	True	D	0	5/8	3.5	0	Violoncello	1	51.0	3.0	68.0	iv7	False	('G', 'B-', 'D', 'F')	G	G	0.0	minor seventh chord	(2, 5, 7, 10)	d	d	4	None
630	610	2	152.5	305/2	0.5	1/2	51	3	4	51	152.5	F4	65	True	F	0	5/8	3.5	0	Violoncello	1	51.0	3.0	68.0	iv7	False	('G', 'B-', 'D', 'F')	G	G	0.0	minor seventh chord	(2, 5, 7, 10)	d	d	4	None
631	612	3	153.0	153	0.75	3/4	52	3	4	52	153.0	C#5	73	True	C	1	0	1.0	1	Violoncello	1	52.0	3.0	69.0	V	True	('A', 'C#', 'E')	A	A	0.0	major triad	(1, 4, 9)	d	d	5	None
632	612	4	153.0	153	1.0	1	52	3	4	52	153.0	A4	69	True	A	0	0	1.0	1	Violoncello	1	52.0	3.0	69.0	V	True	('A', 'C#', 'E')	A	A	0.0	major triad	(1, 4, 9)	d	d	5	None
633	612	2	153.0	153	0.5	1/2	52	3	4	52	153.0	E4	64	True	E	0	0	1.0	1	Violoncello	1	52.0	3.0	69.0	V	True	('A', 'C#', 'E')	A	A	0.0	major triad	(1, 4, 9)	d	d	5	None
634	612	12	153.0	153	3.0	3	52	3	4	52	153.0	A2	45	True	A	0	0	1.0	1	Violoncello	1	52.0	3.0	69.0	V	True	('A', 'C#', 'E')	A	A	0.0	major triad	(1, 4, 9)	d	d	5	None
635	614	2	153.5	307/2	0.5	1/2	52	3	4	52	153.5	D4	62	True	D	0	1/8	1.5	0	Violoncello	1	52.0	3.0	69.0	V	False	('A', 'C#', 'E')	A	A	0.0	major triad	(1, 4, 9)	d	d	5	None
636	615	1	153.75	615/4	0.25	1/4	52	3	4	52	153.75	A5	81	True	A	0	3/16	1.75	0	Violoncello	1	52.0	3.0	69.0	V	False	('A', 'C#', 'E')	A	A	0.0	major triad	(1, 4, 9)	d	d	5	None
637	616	4	154.0	154	1.0	1	52	3	4	52	154.0	F5	77	True	F	0	1/4	2.0	2	Violoncello	1	52.0	3.0	69.0	V	False	('A', 'C#', 'E')	A	A	0.0	major triad	(1, 4, 9)	d	d	5	None
638	616	6	154.0	154	1.5	3/2	52	3	4	52	154.0	A4	69	True	A	0	1/4	2.0	2	Violoncello	1	52.0	3.0	69.0	V	False	('A', 'C#', 'E')	A	A	0.0	major triad	(1, 4, 9)	d	d	5	None
639	616	4	154.0	154	1.0	1	52	3	4	52	154.0	D4	62	True	D	0	1/4	2.0	2	Violoncello	1	52.0	3.0	69.0	V	False	('A', 'C#', 'E')	A	A	0.0	major triad	(1, 4, 9)	d	d	5	None
640	620	2	155.0	155	0.5	1/2	52	3	4	52	155.0	E5	76	True	E	0	1/2	3.0	3	Violoncello	1	52.0	3.0	69.0	V	False	('A', 'C#', 'E')	A	A	0.0	major triad	(1, 4, 9)	d	d	5	None
641	620	4	155.0	155	1.0	1	52	3	4	52	155.0	C#4	61	True	C	1	1/2	3.0	3	Violoncello	1	52.0	3.0	69.0	V	False	('A', 'C#', 'E')	A	A	0.0	major triad	(1, 4, 9)	d	d	5	None
642	622	2	155.5	311/2	0.5	1/2	52	3	4	52	155.5	D5	74	True	D	0	5/8	3.5	0	Violoncello	1	52.0	3.0	69.0	V	False	('A', 'C#', 'E')	A	A	0.0	major triad	(1, 4, 9)	d	d	5	None
643	622	2	155.5	311/2	0.5	1/2	52	3	4	52	155.5	A4	69	False	A	0	5/8	3.5	0	Violoncello	1	52.0	3.0	69.0	V	False	('A', 'C#', 'E')	A	A	0.0	major triad	(1, 4, 9)	d	d	5	None
644	624	6	156.0	156	1.5	3/2	53	3	4	53	156.0	D5	74	True	D	0	0	1.0	1	Violoncello	1	53.0	3.0	70.0	I	True	('D', 'F#', 'A')	D	D	0.0	major triad	(2, 6, 9)	d	d	1	None
645	624	4	156.0	156	1.0	1	53	3	4	53	156.0	F#4	66	True	F	1	0	1.0	1	Violoncello	1	53.0	3.0	70.0	I	True	('D', 'F#', 'A')	D	D	0.0	major triad	(2, 6, 9)	d	d	1	None
646	624	4	156.0	156	1.0	1	53	3	4	53	156.0	D4	62	True	D	0	0	1.0	1	Violoncello	1	53.0	3.0	70.0	I	True	('D', 'F#', 'A')	D	D	0.0	major triad	(2, 6, 9)	d	d	1	None
647	624	12	156.0	156	3.0	3	53	3	4	53	156.0	D3	50	True	D	0	0	1.0	1	Violoncello	1	53.0	3.0	70.0	I	True	('D', 'F#', 'A')	D	D	0.0	major triad	(2, 6, 9)	d	d	1	None
648	628	6	157.0	157	1.5	3/2	53	3	4	53	157.0	F#4	66	True	F	1	1/4	2.0	2	Violoncello	1	53.0	3.0	70.0	I	False	('D', 'F#', 'A')	D	D	0.0	major triad	(2, 6, 9)	d	d	1	None
649	628	6	157.0	157	1.5	3/2	53	3	4	53	157.0	A3	57	True	A	0	1/4	2.0	2	Violoncello	1	53.0	3.0	70.0	I	False	('D', 'F#', 'A')	D	D	0.0	major triad	(2, 6, 9)	d	d	1	None
650	630	2	157.5	315/2	0.5	1/2	53	3	4	53	157.5	C5	72	True	C	0	3/8	2.5	0	Violoncello	1	53.0	3.0	70.0	I	False	('D', 'F#', 'A')	D	D	0.0	major triad	(2, 6, 9)	d	d	1	None
651	632	2	158.0	158	0.5	1/2	53	3	4	53	158.0	D5	74	True	D	0	1/2	3.0	3	Violoncello	1	53.0	3.0	70.0	I	False	('D', 'F#', 'A')	D	D	0.0	major triad	(2, 6, 9)	d	d	1	None
652	634	2	158.5	317/2	0.5	1/2	53	3	4	53	158.5	A4	69	True	A	0	5/8	3.5	0	Violoncello	1	53.0	3.0	70.0	I	False	('D', 'F#', 'A')	D	D	0.0	major triad	(2, 6, 9)	d	d	1	None
653	634	2	158.5	317/2	0.5	1/2	53	3	4	53	158.5	F#4	66	False	F	1	5/8	3.5	0	Violoncello	1	53.0	3.0	70.0	I	False	('D', 'F#', 'A')	D	D	0.0	major triad	(2, 6, 9)	d	d	1	None
654	634	2	158.5	317/2	0.5	1/2	53	3	4	53	158.5	D4	62	True	D	0	5/8	3.5	0	Violoncello	1	53.0	3.0	70.0	I	False	('D', 'F#', 'A')	D	D	0.0	major triad	(2, 6, 9)	d	d	1	None
655	636	3	159.0	159	0.75	3/4	54	3	4	54	159.0	B-4	70	True	B	-1	0	1.0	1	Violoncello	1	54.0	3.0	71.0	i	True	('G', 'B-', 'D')	G	G	0.0	minor triad	(2, 7, 10)	g	g	1	None
656	636	4	159.0	159	1.0	1	54	3	4	54	159.0	G4	67	True	G	0	0	1.0	1	Violoncello	1	54.0	3.0	71.0	i	True	('G', 'B-', 'D')	G	G	0.0	minor triad	(2, 7, 10)	g	g	1	None
657	636	6	159.0	159	1.5	3/2	54	3	4	54	159.0	D4	62	True	D	0	0	1.0	1	Violoncello	1	54.0	3.0	71.0	i	True	('G', 'B-', 'D')	G	G	0.0	minor triad	(2, 7, 10)	g	g	1	None
658	636	8	159.0	159	2.0	2	54	3	4	54	159.0	G3	55	True	G	0	0	1.0	1	Violoncello	1	54.0	3.0	71.0	i	True	('G', 'B-', 'D')	G	G	0.0	minor triad	(2, 7, 10)	g	g	1	None
659	639	1	159.75	639/4	0.25	1/4	54	3	4	54	159.75	A4	69	True	A	0	3/16	1.75	0	Violoncello	1	54.0	3.0	71.0	i	False	('G', 'B-', 'D')	G	G	0.0	minor triad	(2, 7, 10)	g	g	1	None
660	640	3	160.0	160	0.75	3/4	54	3	4	54	160.0	B-4	70	True	B	-1	1/4	2.0	2	Violoncello	1	54.0	3.0	71.0	i	False	('G', 'B-', 'D')	G	G	0.0	minor triad	(2, 7, 10)	g	g	1	None
661	640	8	160.0	160	2.0	2	54	3	4	54	160.0	G4	67	True	G	0	1/4	2.0	2	Violoncello	1	54.0	3.0	71.0	i	False	('G', 'B-', 'D')	G	G	0.0	minor triad	(2, 7, 10)	g	g	1	None
662	642	2	160.5	321/2	0.5	1/2	54	3	4	54	160.5	C4	60	True	C	0	3/8	2.5	0	Violoncello	1	54.0	3.0	71.0	i	False	('G', 'B-', 'D')	G	G	0.0	minor triad	(2, 7, 10)	g	g	1	None
663	643	1	160.75	643/4	0.25	1/4	54	3	4	54	160.75	C5	72	True	C	0	7/16	2.75	0	Violoncello	1	54.0	3.0	71.0	i	False	('G', 'B-', 'D')	G	G	0.0	minor triad	(2, 7, 10)	g	g	1	None
664	644	3	161.0	161	0.75	3/4	54	3	4	54	161.0	D5	74	True	D	0	1/2	3.0	3	Violoncello	1	54.0	3.0	71.0	i	False	('G', 'B-', 'D')	G	G	0.0	minor triad	(2, 7, 10)	g	g	1	None
665	644	4	161.0	161	1.0	1	54	3	4	54	161.0	B-3	58	True	B	-1	1/2	3.0	3	Violoncello	1	54.0	3.0	71.0	i	False	('G', 'B-', 'D')	G	G	0.0	minor triad	(2, 7, 10)	g	g	1	None
666	644	4	161.0	161	1.0	1	54	3	4	54	161.0	G3	55	True	G	0	1/2	3.0	3	Violoncello	1	54.0	3.0	71.0	i	False	('G', 'B-', 'D')	G	G	0.0	minor triad	(2, 7, 10)	g	g	1	None
667	647	1	161.75	647/4	0.25	1/4	54	3	4	54	161.75	E-5	75	True	E	-1	11/16	3.75	0	Violoncello	1	54.0	3.0	71.0	i	False	('G', 'B-', 'D')	G	G	0.0	minor triad	(2, 7, 10)	g	g	1	None
668	648	3	162.0	162	0.75	3/4	55	3	4	55	162.0	A4	69	True	A	0	0	1.0	1	Violoncello	1	55.0	3.0	72.0	V	True	('F#', 'A', 'D')	F#	D	1.0	major triad	(2, 6, 9)	g	g	5	None
669	648	12	162.0	162	3.0	3	55	3	4	55	162.0	A4	69	True	A	0	0	1.0	1	Violoncello	1	55.0	3.0	72.0	V	True	('F#', 'A', 'D')	F#	D	1.0	major triad	(2, 6, 9)	g	g	5	None
670	648	6	162.0	162	1.5	3/2	55	3	4	55	162.0	C4	60	True	C	0	0	1.0	1	Violoncello	1	55.0	3.0	72.0	V	True	('F#', 'A', 'D')	F#	D	1.0	major triad	(2, 6, 9)	g	g	5	None
671	648	4	162.0	162	1.0	1	55	3	4	55	162.0	F#3	54	True	F	1	0	1.0	1	Violoncello	1	55.0	3.0	72.0	V	True	('F#', 'A', 'D')	F#	D	1.0	major triad	(2, 6, 9)	g	g	5	None
672	651	1	162.75	651/4	0.25	1/4	55	3	4	55	162.75	G4	67	True	G	0	3/16	1.75	0	Violoncello	1	55.0	3.0	72.0	V	False	('F#', 'A', 'D')	F#	D	1.0	major triad	(2, 6, 9)	g	g	5	None
673	652	3	163.0	163	0.75	3/4	55	3	4	55	163.0	A4	69	True	A	0	1/4	2.0	2	Violoncello	1	55.0	3.0	72.0	V	False	('F#', 'A', 'D')	F#	D	1.0	major triad	(2, 6, 9)	g	g	5	None
674	652	6	163.0	163	1.5	3/2	55	3	4	55	163.0	F#3	54	True	F	1	1/4	2.0	2	Violoncello	1	55.0	3.0	72.0	V	False	('F#', 'A', 'D')	F#	D	1.0	major triad	(2, 6, 9)	g	g	5	None
675	654	2	163.5	327/2	0.5	1/2	55	3	4	55	163.5	B-3	58	True	B	-1	3/8	2.5	0	Violoncello	1	55.0	3.0	72.0	V	False	('F#', 'A', 'D')	F#	D	1.0	major triad	(2, 6, 9)	g	g	5	None
676	655	1	163.75	655/4	0.25	1/4	55	3	4	55	163.75	B-4	70	True	B	-1	7/16	2.75	0	Violoncello	1	55.0	3.0	72.0	V	False	('F#', 'A', 'D')	F#	D	1.0	major triad	(2, 6, 9)	g	g	5	None
677	656	3	164.0	164	0.75	3/4	55	3	4	55	164.0	C5	72	True	C	0	1/2	3.0	3	Violoncello	1	55.0	3.0	72.0	V	False	('F#', 'A', 'D')	F#	D	1.0	major triad	(2, 6, 9)	g	g	5	None
678	656	4	164.0	164	1.0	1	55	3	4	55	164.0	A3	57	True	A	0	1/2	3.0	3	Violoncello	1	55.0	3.0	72.0	V	False	('F#', 'A', 'D')	F#	D	1.0	major triad	(2, 6, 9)	g	g	5	None
679	658	2	164.5	329/2	0.5	1/2	55	3	4	55	164.5	F#3	54	False	F	1	5/8	3.5	0	Violoncello	1	55.0	3.0	72.0	V	False	('F#', 'A', 'D')	F#	D	1.0	major triad	(2, 6, 9)	g	g	5	None
680	659	1	164.75	659/4	0.25	1/4	55	3	4	55	164.75	D5	74	True	D	0	11/16	3.75	0	Violoncello	1	55.0	3.0	72.0	V	False	('F#', 'A', 'D')	F#	D	1.0	major triad	(2, 6, 9)	g	g	5	None
681	660	3	165.0	165	0.75	3/4	56	3	4	56	165.0	B-4	70	True	B	-1	0	1.0	1	Violoncello	1	56.0	1.0	73.0	i	True	('G', 'B-', 'D')	G	G	0.0	minor triad	(2, 7, 10)	g	g	1	None
682	660	8	165.0	165	2.0	2	56	3	4	56	165.0	D4	62	True	D	0	0	1.0	1	Violoncello	1	56.0	1.0	73.0	i	True	('G', 'B-', 'D')	G	G	0.0	minor triad	(2, 7, 10)	g	g	1	None
683	660	3	165.0	165	0.75	3/4	56	3	4	56	165.0	G3	55	True	G	0	0	1.0	1	Violoncello	1	56.0	1.0	73.0	i	True	('G', 'B-', 'D')	G	G	0.0	minor triad	(2, 7, 10)	g	g	1	None
684	660	4	165.0	165	1.0	1	56	3	4	56	165.0	G3	55	True	G	0	0	1.0	1	Violoncello	1	56.0	1.0	73.0	i	True	('G', 'B-', 'D')	G	G	0.0	minor triad	(2, 7, 10)	g	g	1	None
685	663	1	165.75	663/4	0.25	1/4	56	3	4	56	165.75	A4	69	True	A	0	3/16	1.75	0	Violoncello	1	56.0	1.0	73.0	i	False	('G', 'B-', 'D')	G	G	0.0	minor triad	(2, 7, 10)	g	g	1	None
686	663	1	165.75	663/4	0.25	1/4	56	3	4	56	165.75	A3	57	True	A	0	3/16	1.75	0	Violoncello	1	56.0	1.0	73.0	i	False	('G', 'B-', 'D')	G	G	0.0	minor triad	(2, 7, 10)	g	g	1	None
687	664	3	166.0	166	0.75	3/4	56	3	4	56	166.0	G4	67	True	G	0	1/4	2.0	2	Violoncello	1	56.0	2.0	74.0	VI7	True	('E-', 'G', 'B-', 'D')	E-	E-	0.0	major seventh chord	(2, 3, 7, 10)	g	g	6	None
688	664	3	166.0	166	0.75	3/4	56	3	4	56	166.0	B-3	58	True	B	-1	1/4	2.0	2	Violoncello	1	56.0	2.0	74.0	VI7	True	('E-', 'G', 'B-', 'D')	E-	E-	0.0	major seventh chord	(2, 3, 7, 10)	g	g	6	None
689	664	8	166.0	166	2.0	2	56	3	4	56	166.0	E-3	51	True	E	-1	1/4	2.0	2	Violoncello	1	56.0	2.0	74.0	VI7	True	('E-', 'G', 'B-', 'D')	E-	E-	0.0	major seventh chord	(2, 3, 7, 10)	g	g	6	None
690	667	1	166.75	667/4	0.25	1/4	56	3	4	56	166.75	A4	69	True	A	0	7/16	2.75	0	Violoncello	1	56.0	2.0	74.0	VI7	False	('E-', 'G', 'B-', 'D')	E-	E-	0.0	major seventh chord	(2, 3, 7, 10)	g	g	6	None
691	667	1	166.75	667/4	0.25	1/4	56	3	4	56	166.75	C4	60	True	C	0	7/16	2.75	0	Violoncello	1	56.0	2.0	74.0	VI7	False	('E-', 'G', 'B-', 'D')	E-	E-	0.0	major seventh chord	(2, 3, 7, 10)	g	g	6	None
692	668	3	167.0	167	0.75	3/4	56	3	4	56	167.0	B-4	70	True	B	-1	1/2	3.0	3	Violoncello	1	56.0	2.0	74.0	VI7	False	('E-', 'G', 'B-', 'D')	E-	E-	0.0	major seventh chord	(2, 3, 7, 10)	g	g	6	None
693	668	4	167.0	167	1.0	1	56	3	4	56	167.0	G4	67	True	G	0	1/2	3.0	3	Violoncello	1	56.0	2.0	74.0	VI7	False	('E-', 'G', 'B-', 'D')	E-	E-	0.0	major seventh chord	(2, 3, 7, 10)	g	g	6	None
694	668	3	167.0	167	0.75	3/4	56	3	4	56	167.0	D4	62	True	D	0	1/2	3.0	3	Violoncello	1	56.0	2.0	74.0	VI7	False	('E-', 'G', 'B-', 'D')	E-	E-	0.0	major seventh chord	(2, 3, 7, 10)	g	g	6	None
695	671	1	167.75	671/4	0.25	1/4	56	3	4	56	167.75	C5	72	True	C	0	11/16	3.75	0	Violoncello	1	56.0	2.0	74.0	VI7	False	('E-', 'G', 'B-', 'D')	E-	E-	0.0	major seventh chord	(2, 3, 7, 10)	g	g	6	None
696	671	1	167.75	671/4	0.25	1/4	56	3	4	56	167.75	E-4	63	True	E	-1	11/16	3.75	0	Violoncello	1	56.0	2.0	74.0	VI7	False	('E-', 'G', 'B-', 'D')	E-	E-	0.0	major seventh chord	(2, 3, 7, 10)	g	g	6	None
697	672	3	168.0	168	0.75	3/4	57	3	4	57	168.0	D5	74	True	D	0	0	1.0	1	Violoncello	1	57.0	3.0	75.0	V	True	('D', 'F#', 'A')	D	D	0.0	major triad	(2, 6, 9)	g	g	5	None
698	672	6	168.0	168	1.5	3/2	57	3	4	57	168.0	F#4	66	True	F	1	0	1.0	1	Violoncello	1	57.0	3.0	75.0	V	True	('D', 'F#', 'A')	D	D	0.0	major triad	(2, 6, 9)	g	g	5	None
699	672	6	168.0	168	1.5	3/2	57	3	4	57	168.0	A3	57	True	A	0	0	1.0	1	Violoncello	1	57.0	3.0	75.0	V	True	('D', 'F#', 'A')	D	D	0.0	major triad	(2, 6, 9)	g	g	5	None
700	672	4	168.0	168	1.0	1	57	3	4	57	168.0	D3	50	True	D	0	0	1.0	1	Violoncello	1	57.0	3.0	75.0	V	True	('D', 'F#', 'A')	D	D	0.0	major triad	(2, 6, 9)	g	g	5	None
701	675	1	168.75	675/4	0.25	1/4	57	3	4	57	168.75	E5	76	True	E	0	3/16	1.75	0	Violoncello	1	57.0	3.0	75.0	V	False	('D', 'F#', 'A')	D	D	0.0	major triad	(2, 6, 9)	g	g	5	None
702	676	3	169.0	169	0.75	3/4	57	3	4	57	169.0	D5	74	True	D	0	1/4	2.0	2	Violoncello	1	57.0	3.0	75.0	V	False	('D', 'F#', 'A')	D	D	0.0	major triad	(2, 6, 9)	g	g	5	None
703	676	6	169.0	169	1.5	3/2	57	3	4	57	169.0	D3	50	True	D	0	1/4	2.0	2	Violoncello	1	57.0	3.0	75.0	V	False	('D', 'F#', 'A')	D	D	0.0	major triad	(2, 6, 9)	g	g	5	None
704	678	2	169.5	339/2	0.5	1/2	57	3	4	57	169.5	G4	67	True	G	0	3/8	2.5	0	Violoncello	1	57.0	3.0	75.0	V	False	('D', 'F#', 'A')	D	D	0.0	major triad	(2, 6, 9)	g	g	5	None
705	678	2	169.5	339/2	0.5	1/2	57	3	4	57	169.5	B-3	58	True	B	-1	3/8	2.5	0	Violoncello	1	57.0	3.0	75.0	V	False	('D', 'F#', 'A')	D	D	0.0	major triad	(2, 6, 9)	g	g	5	None
706	679	1	169.75	679/4	0.25	1/4	57	3	4	57	169.75	E5	76	True	E	0	7/16	2.75	0	Violoncello	1	57.0	3.0	75.0	V	False	('D', 'F#', 'A')	D	D	0.0	major triad	(2, 6, 9)	g	g	5	None
707	680	3	170.0	170	0.75	3/4	57	3	4	57	170.0	F#5	78	True	F	1	1/2	3.0	3	Violoncello	1	57.0	3.0	75.0	V	False	('D', 'F#', 'A')	D	D	0.0	major triad	(2, 6, 9)	g	g	5	None
708	680	4	170.0	170	1.0	1	57	3	4	57	170.0	A4	69	True	A	0	1/2	3.0	3	Violoncello	1	57.0	3.0	75.0	V	False	('D', 'F#', 'A')	D	D	0.0	major triad	(2, 6, 9)	g	g	5	None
709	680	4	170.0	170	1.0	1	57	3	4	57	170.0	C4	60	True	C	0	1/2	3.0	3	Violoncello	1	57.0	3.0	75.0	V	False	('D', 'F#', 'A')	D	D	0.0	major triad	(2, 6, 9)	g	g	5	None
710	682	2	170.5	341/2	0.5	1/2	57	3	4	57	170.5	D3	50	False	D	0	5/8	3.5	0	Violoncello	1	57.0	3.0	75.0	V	False	('D', 'F#', 'A')	D	D	0.0	major triad	(2, 6, 9)	g	g	5	None
711	683	1	170.75	683/4	0.25	1/4	57	3	4	57	170.75	D5	74	True	D	0	11/16	3.75	0	Violoncello	1	57.0	3.0	75.0	V	False	('D', 'F#', 'A')	D	D	0.0	major triad	(2, 6, 9)	g	g	5	None
712	684	3	171.0	171	0.75	3/4	58	3	4	58	171.0	G5	79	True	G	0	0	1.0	1	Violoncello	1	58.0	3.0	76.0	V/iv	True	('B', 'D', 'G')	B	G	1.0	major triad	(2, 7, 11)	g	c	5	4
713	684	4	171.0	171	1.0	1	58	3	4	58	171.0	A4	69	True	A	0	0	1.0	1	Violoncello	1	58.0	3.0	76.0	V/iv	True	('B', 'D', 'G')	B	G	1.0	major triad	(2, 7, 11)	g	c	5	4
714	684	8	171.0	171	2.0	2	58	3	4	58	171.0	D4	62	True	D	0	0	1.0	1	Violoncello	1	58.0	3.0	76.0	V/iv	True	('B', 'D', 'G')	B	G	1.0	major triad	(2, 7, 11)	g	c	5	4
715	684	4	171.0	171	1.0	1	58	3	4	58	171.0	B2	47	True	B	0	0	1.0	1	Violoncello	1	58.0	3.0	76.0	V/iv	True	('B', 'D', 'G')	B	G	1.0	major triad	(2, 7, 11)	g	c	5	4
716	687	1	171.75	687/4	0.25	1/4	58	3	4	58	171.75	D5	74	True	D	0	3/16	1.75	0	Violoncello	1	58.0	3.0	76.0	V/iv	False	('B', 'D', 'G')	B	G	1.0	major triad	(2, 7, 11)	g	c	5	4
717	688	3	172.0	172	0.75	3/4	58	3	4	58	172.0	G5	79	True	G	0	1/4	2.0	2	Violoncello	1	58.0	3.0	76.0	V/iv	False	('B', 'D', 'G')	B	G	1.0	major triad	(2, 7, 11)	g	c	5	4
718	688	4	172.0	172	1.0	1	58	3	4	58	172.0	G4	67	True	G	0	1/4	2.0	2	Violoncello	1	58.0	3.0	76.0	V/iv	False	('B', 'D', 'G')	B	G	1.0	major triad	(2, 7, 11)	g	c	5	4
719	688	6	172.0	172	1.5	3/2	58	3	4	58	172.0	B2	47	True	B	0	1/4	2.0	2	Violoncello	1	58.0	3.0	76.0	V/iv	False	('B', 'D', 'G')	B	G	1.0	major triad	(2, 7, 11)	g	c	5	4
720	691	1	172.75	691/4	0.25	1/4	58	3	4	58	172.75	A5	81	True	A	0	7/16	2.75	0	Violoncello	1	58.0	3.0	76.0	V/iv	False	('B', 'D', 'G')	B	G	1.0	major triad	(2, 7, 11)	g	c	5	4
721	692	3	173.0	173	0.75	3/4	58	3	4	58	173.0	G5	79	True	G	0	1/2	3.0	3	Violoncello	1	58.0	3.0	76.0	V/iv	False	('B', 'D', 'G')	B	G	1.0	major triad	(2, 7, 11)	g	c	5	4
722	692	4	173.0	173	1.0	1	58	3	4	58	173.0	D5	74	True	D	0	1/2	3.0	3	Violoncello	1	58.0	3.0	76.0	V/iv	False	('B', 'D', 'G')	B	G	1.0	major triad	(2, 7, 11)	g	c	5	4
723	692	4	173.0	173	1.0	1	58	3	4	58	173.0	G3	55	True	G	0	1/2	3.0	3	Violoncello	1	58.0	3.0	76.0	V/iv	False	('B', 'D', 'G')	B	G	1.0	major triad	(2, 7, 11)	g	c	5	4
724	694	2	173.5	347/2	0.5	1/2	58	3	4	58	173.5	B2	47	False	B	0	5/8	3.5	0	Violoncello	1	58.0	3.0	76.0	V/iv	False	('B', 'D', 'G')	B	G	1.0	major triad	(2, 7, 11)	g	c	5	4
725	695	1	173.75	695/4	0.25	1/4	58	3	4	58	173.75	F5	77	True	F	0	11/16	3.75	0	Violoncello	1	58.0	3.0	76.0	V/iv	False	('B', 'D', 'G')	B	G	1.0	major triad	(2, 7, 11)	g	c	5	4
726	696	3	174.0	174	0.75	3/4	59	3	4	59	174.0	E5	76	True	E	0	0	1.0	1	Violoncello	1	59.0	3.0	77.0	iv	True	('C', 'E-', 'G')	C	C	0.0	minor triad	(0, 3, 7)	g	g	4	None
727	696	4	174.0	174	1.0	1	59	3	4	59	174.0	D5	74	True	D	0	0	1.0	1	Violoncello	1	59.0	3.0	77.0	iv	True	('C', 'E-', 'G')	C	C	0.0	minor triad	(0, 3, 7)	g	g	4	None
728	696	4	174.0	174	1.0	1	59	3	4	59	174.0	G4	67	True	G	0	0	1.0	1	Violoncello	1	59.0	3.0	77.0	iv	True	('C', 'E-', 'G')	C	C	0.0	minor triad	(0, 3, 7)	g	g	4	None
729	696	4	174.0	174	1.0	1	59	3	4	59	174.0	C3	48	True	C	0	0	1.0	1	Violoncello	1	59.0	3.0	77.0	iv	True	('C', 'E-', 'G')	C	C	0.0	minor triad	(0, 3, 7)	g	g	4	None
730	699	1	174.75	699/4	0.25	1/4	59	3	4	59	174.75	G5	79	True	G	0	3/16	1.75	0	Violoncello	1	59.0	3.0	77.0	iv	False	('C', 'E-', 'G')	C	C	0.0	minor triad	(0, 3, 7)	g	g	4	None
731	700	3	175.0	175	0.75	3/4	59	3	4	59	175.0	F#5	78	True	F	1	1/4	2.0	2	Violoncello	1	59.0	3.0	77.0	iv	False	('C', 'E-', 'G')	C	C	0.0	minor triad	(0, 3, 7)	g	g	4	None
732	700	3	175.0	175	0.75	3/4	59	3	4	59	175.0	C5	72	True	C	0	1/4	2.0	2	Violoncello	1	59.0	3.0	77.0	iv	False	('C', 'E-', 'G')	C	C	0.0	minor triad	(0, 3, 7)	g	g	4	None
733	700	3	175.0	175	0.75	3/4	59	3	4	59	175.0	A4	69	True	A	0	1/4	2.0	2	Violoncello	1	59.0	3.0	77.0	iv	False	('C', 'E-', 'G')	C	C	0.0	minor triad	(0, 3, 7)	g	g	4	None
734	700	8	175.0	175	2.0	2	59	3	4	59	175.0	C3	48	True	C	0	1/4	2.0	2	Violoncello	1	59.0	3.0	77.0	iv	False	('C', 'E-', 'G')	C	C	0.0	minor triad	(0, 3, 7)	g	g	4	None
735	703	1	175.75	703/4	0.25	1/4	59	3	4	59	175.75	A5	81	True	A	0	7/16	2.75	0	Violoncello	1	59.0	3.0	77.0	iv	False	('C', 'E-', 'G')	C	C	0.0	minor triad	(0, 3, 7)	g	g	4	None
736	703	1	175.75	703/4	0.25	1/4	59	3	4	59	175.75	D5	74	True	D	0	7/16	2.75	0	Violoncello	1	59.0	3.0	77.0	iv	False	('C', 'E-', 'G')	C	C	0.0	minor triad	(0, 3, 7)	g	g	4	None
737	703	1	175.75	703/4	0.25	1/4	59	3	4	59	175.75	F#4	66	True	F	1	7/16	2.75	0	Violoncello	1	59.0	3.0	77.0	iv	False	('C', 'E-', 'G')	C	C	0.0	minor triad	(0, 3, 7)	g	g	4	None
738	704	3	176.0	176	0.75	3/4	59	3	4	59	176.0	G5	79	True	G	0	1/2	3.0	3	Violoncello	1	59.0	3.0	77.0	iv	False	('C', 'E-', 'G')	C	C	0.0	minor triad	(0, 3, 7)	g	g	4	None
739	704	4	176.0	176	1.0	1	59	3	4	59	176.0	E-5	75	True	E	-1	1/2	3.0	3	Violoncello	1	59.0	3.0	77.0	iv	False	('C', 'E-', 'G')	C	C	0.0	minor triad	(0, 3, 7)	g	g	4	None
740	704	4	176.0	176	1.0	1	59	3	4	59	176.0	G4	67	True	G	0	1/2	3.0	3	Violoncello	1	59.0	3.0	77.0	iv	False	('C', 'E-', 'G')	C	C	0.0	minor triad	(0, 3, 7)	g	g	4	None
741	707	1	176.75	707/4	0.25	1/4	59	3	4	59	176.75	B-5	82	True	B	-1	11/16	3.75	0	Violoncello	1	59.0	3.0	77.0	iv	False	('C', 'E-', 'G')	C	C	0.0	minor triad	(0, 3, 7)	g	g	4	None
742	708	4	177.0	177	1.0	1	60	3	4	60	177.0	B-5	82	True	B	-1	0	1.0	1	Violoncello	1	60.0	2.5	78.0	i	True	('D', 'G', 'B-')	D	G	2.0	minor triad	(2, 7, 10)	g	g	1	None
743	708	4	177.0	177	1.0	1	60	3	4	60	177.0	D5	74	True	D	0	0	1.0	1	Violoncello	1	60.0	2.5	78.0	i	True	('D', 'G', 'B-')	D	G	2.0	minor triad	(2, 7, 10)	g	g	1	None
744	708	4	177.0	177	1.0	1	60	3	4	60	177.0	G4	67	True	G	0	0	1.0	1	Violoncello	1	60.0	2.5	78.0	i	True	('D', 'G', 'B-')	D	G	2.0	minor triad	(2, 7, 10)	g	g	1	None
745	708	12	177.0	177	3.0	3	60	3	4	60	177.0	D3	50	True	D	0	0	1.0	1	Violoncello	1	60.0	2.5	78.0	i	True	('D', 'G', 'B-')	D	G	2.0	minor triad	(2, 7, 10)	g	g	1	None
746	712	6	178.0	178	1.5	3/2	60	3	4	60	178.0	G5	79	True	G	0	1/4	2.0	2	Violoncello	1	60.0	2.5	78.0	i	False	('D', 'G', 'B-')	D	G	2.0	minor triad	(2, 7, 10)	g	g	1	None
747	712	6	178.0	178	1.5	3/2	60	3	4	60	178.0	B-4	70	True	B	-1	1/4	2.0	2	Violoncello	1	60.0	2.5	78.0	i	False	('D', 'G', 'B-')	D	G	2.0	minor triad	(2, 7, 10)	g	g	1	None
748	712	2	178.0	178	0.5	1/2	60	3	4	60	178.0	F#4	66	True	F	1	1/4	2.0	2	Violoncello	1	60.0	2.5	78.0	i	False	('D', 'G', 'B-')	D	G	2.0	minor triad	(2, 7, 10)	g	g	1	None
749	714	2	178.5	357/2	0.5	1/2	60	3	4	60	178.5	E4	64	True	E	0	3/8	2.5	0	Violoncello	1	60.0	2.5	78.0	i	False	('D', 'G', 'B-')	D	G	2.0	minor triad	(2, 7, 10)	g	g	1	None
750	716	4	179.0	179	1.0	1	60	3	4	60	179.0	D4	62	True	D	0	1/2	3.0	3	Violoncello	1	60.0	2.5	78.0	i	False	('D', 'G', 'B-')	D	G	2.0	minor triad	(2, 7, 10)	g	g	1	None
751	718	2	179.5	359/2	0.5	1/2	60	3	4	60	179.5	F#5	78	True	F	1	5/8	3.5	0	Violoncello	1	60.0	0.5	79.0	V7	True	('D', 'F#', 'A', 'C')	D	D	0.0	dominant seventh chord	(0, 2, 6, 9)	g	g	5	None
752	718	2	179.5	359/2	0.5	1/2	60	3	4	60	179.5	A4	69	True	A	0	5/8	3.5	0	Violoncello	1	60.0	0.5	79.0	V7	True	('D', 'F#', 'A', 'C')	D	D	0.0	dominant seventh chord	(0, 2, 6, 9)	g	g	5	None
753	720	4	180.0	180	1.0	1	61	3	4	61	180.0	G5	79	True	G	0	0	1.0	1	Violoncello	1	61.0	3.0	80.0	i	True	('G', 'B-', 'D')	G	G	0.0	minor triad	(2, 7, 10)	g	g	1	None
754	720	4	180.0	180	1.0	1	61	3	4	61	180.0	B-4	70	True	B	-1	0	1.0	1	Violoncello	1	61.0	3.0	80.0	i	True	('G', 'B-', 'D')	G	G	0.0	minor triad	(2, 7, 10)	g	g	1	None
755	720	12	180.0	180	3.0	3	61	3	4	61	180.0	D4	62	True	D	0	0	1.0	1	Violoncello	1	61.0	3.0	80.0	i	True	('G', 'B-', 'D')	G	G	0.0	minor triad	(2, 7, 10)	g	g	1	None
756	720	12	180.0	180	3.0	3	61	3	4	61	180.0	G2	43	True	G	0	0	1.0	1	Violoncello	1	61.0	3.0	80.0	i	True	('G', 'B-', 'D')	G	G	0.0	minor triad	(2, 7, 10)	g	g	1	None
757	724	8	181.0	181	2.0	2	61	3	4	61	181.0	G5	79	True	G	0	1/4	2.0	2	Violoncello	1	61.0	3.0	80.0	i	False	('G', 'B-', 'D')	G	G	0.0	minor triad	(2, 7, 10)	g	g	1	None
758	724	6	181.0	181	1.5	3/2	61	3	4	61	181.0	G4	67	True	G	0	1/4	2.0	2	Violoncello	1	61.0	3.0	80.0	i	False	('G', 'B-', 'D')	G	G	0.0	minor triad	(2, 7, 10)	g	g	1	None
759	730	2	182.5	365/2	0.5	1/2	61	3	4	61	182.5	A4	69	True	A	0	5/8	3.5	0	Violoncello	1	61.0	3.0	80.0	i	False	('G', 'B-', 'D')	G	G	0.0	minor triad	(2, 7, 10)	g	g	1	None
760	732	4	183.0	183	1.0	1	62	3	4	62	183.0	G5	79	True	G	0	0	1.0	1	Violoncello	1	62.0	3.0	81.0	i	True	('G', 'B-', 'D')	G	G	0.0	minor triad	(2, 7, 10)	g	g	1	None
761	732	3	183.0	183	0.75	3/4	62	3	4	62	183.0	B-4	70	True	B	-1	0	1.0	1	Violoncello	1	62.0	3.0	81.0	i	True	('G', 'B-', 'D')	G	G	0.0	minor triad	(2, 7, 10)	g	g	1	None
762	732	3	183.0	183	0.75	3/4	62	3	4	62	183.0	G4	67	True	G	0	0	1.0	1	Violoncello	1	62.0	3.0	81.0	i	True	('G', 'B-', 'D')	G	G	0.0	minor triad	(2, 7, 10)	g	g	1	None
763	735	1	183.75	735/4	0.25	1/4	62	3	4	62	183.75	A4	69	True	A	0	3/16	1.75	0	Violoncello	1	62.0	3.0	81.0	i	False	('G', 'B-', 'D')	G	G	0.0	minor triad	(2, 7, 10)	g	g	1	None
764	735	1	183.75	735/4	0.25	1/4	62	3	4	62	183.75	F#4	66	True	F	1	3/16	1.75	0	Violoncello	1	62.0	3.0	81.0	i	False	('G', 'B-', 'D')	G	G	0.0	minor triad	(2, 7, 10)	g	g	1	None
765	736	6	184.0	184	1.5	3/2	62	3	4	62	184.0	G5	79	True	G	0	1/4	2.0	2	Violoncello	1	62.0	3.0	81.0	i	False	('G', 'B-', 'D')	G	G	0.0	minor triad	(2, 7, 10)	g	g	1	None
766	736	3	184.0	184	0.75	3/4	62	3	4	62	184.0	B-4	70	True	B	-1	1/4	2.0	2	Violoncello	1	62.0	3.0	81.0	i	False	('G', 'B-', 'D')	G	G	0.0	minor triad	(2, 7, 10)	g	g	1	None
767	736	3	184.0	184	0.75	3/4	62	3	4	62	184.0	G4	67	True	G	0	1/4	2.0	2	Violoncello	1	62.0	3.0	81.0	i	False	('G', 'B-', 'D')	G	G	0.0	minor triad	(2, 7, 10)	g	g	1	None
768	739	1	184.75	739/4	0.25	1/4	62	3	4	62	184.75	C5	72	True	C	0	7/16	2.75	0	Violoncello	1	62.0	3.0	81.0	i	False	('G', 'B-', 'D')	G	G	0.0	minor triad	(2, 7, 10)	g	g	1	None
769	739	1	184.75	739/4	0.25	1/4	62	3	4	62	184.75	A4	69	True	A	0	7/16	2.75	0	Violoncello	1	62.0	3.0	81.0	i	False	('G', 'B-', 'D')	G	G	0.0	minor triad	(2, 7, 10)	g	g	1	None
770	740	3	185.0	185	0.75	3/4	62	3	4	62	185.0	D5	74	True	D	0	1/2	3.0	3	Violoncello	1	62.0	3.0	81.0	i	False	('G', 'B-', 'D')	G	G	0.0	minor triad	(2, 7, 10)	g	g	1	None
771	740	3	185.0	185	0.75	3/4	62	3	4	62	185.0	B-4	70	True	B	-1	1/2	3.0	3	Violoncello	1	62.0	3.0	81.0	i	False	('G', 'B-', 'D')	G	G	0.0	minor triad	(2, 7, 10)	g	g	1	None
772	742	2	185.5	371/2	0.5	1/2	62	3	4	62	185.5	G5	79	False	G	0	5/8	3.5	0	Violoncello	1	62.0	3.0	81.0	i	False	('G', 'B-', 'D')	G	G	0.0	minor triad	(2, 7, 10)	g	g	1	None
773	743	1	185.75	743/4	0.25	1/4	62	3	4	62	185.75	B-4	70	True	B	-1	11/16	3.75	0	Violoncello	1	62.0	3.0	81.0	i	False	('G', 'B-', 'D')	G	G	0.0	minor triad	(2, 7, 10)	g	g	1	None
774	743	1	185.75	743/4	0.25	1/4	62	3	4	62	185.75	G4	67	True	G	0	11/16	3.75	0	Violoncello	1	62.0	3.0	81.0	i	False	('G', 'B-', 'D')	G	G	0.0	minor triad	(2, 7, 10)	g	g	1	None
775	744	4	186.0	186	1.0	1	63	3	4	63	186.0	F#5	78	True	F	1	0	1.0	1	Violoncello	1	63.0	3.0	82.0	viio	True	('A', 'C', 'F#')	A	F#	1.0	diminished triad	(0, 6, 9)	g	g	#7	None
776	744	3	186.0	186	0.75	3/4	63	3	4	63	186.0	C5	72	True	C	0	0	1.0	1	Violoncello	1	63.0	3.0	82.0	viio	True	('A', 'C', 'F#')	A	F#	1.0	diminished triad	(0, 6, 9)	g	g	#7	None
777	744	3	186.0	186	0.75	3/4	63	3	4	63	186.0	A4	69	True	A	0	0	1.0	1	Violoncello	1	63.0	3.0	82.0	viio	True	('A', 'C', 'F#')	A	F#	1.0	diminished triad	(0, 6, 9)	g	g	#7	None
778	747	1	186.75	747/4	0.25	1/4	63	3	4	63	186.75	B-4	70	True	B	-1	3/16	1.75	0	Violoncello	1	63.0	3.0	82.0	viio	False	('A', 'C', 'F#')	A	F#	1.0	diminished triad	(0, 6, 9)	g	g	#7	None
779	747	1	186.75	747/4	0.25	1/4	63	3	4	63	186.75	G4	67	True	G	0	3/16	1.75	0	Violoncello	1	63.0	3.0	82.0	viio	False	('A', 'C', 'F#')	A	F#	1.0	diminished triad	(0, 6, 9)	g	g	#7	None
780	748	6	187.0	187	1.5	3/2	63	3	4	63	187.0	F#5	78	True	F	1	1/4	2.0	2	Violoncello	1	63.0	3.0	82.0	viio	False	('A', 'C', 'F#')	A	F#	1.0	diminished triad	(0, 6, 9)	g	g	#7	None
781	748	3	187.0	187	0.75	3/4	63	3	4	63	187.0	C5	72	True	C	0	1/4	2.0	2	Violoncello	1	63.0	3.0	82.0	viio	False	('A', 'C', 'F#')	A	F#	1.0	diminished triad	(0, 6, 9)	g	g	#7	None
782	748	3	187.0	187	0.75	3/4	63	3	4	63	187.0	A4	69	True	A	0	1/4	2.0	2	Violoncello	1	63.0	3.0	82.0	viio	False	('A', 'C', 'F#')	A	F#	1.0	diminished triad	(0, 6, 9)	g	g	#7	None
783	751	1	187.75	751/4	0.25	1/4	63	3	4	63	187.75	D5	74	True	D	0	7/16	2.75	0	Violoncello	1	63.0	3.0	82.0	viio	False	('A', 'C', 'F#')	A	F#	1.0	diminished triad	(0, 6, 9)	g	g	#7	None
784	751	1	187.75	751/4	0.25	1/4	63	3	4	63	187.75	B-4	70	True	B	-1	7/16	2.75	0	Violoncello	1	63.0	3.0	82.0	viio	False	('A', 'C', 'F#')	A	F#	1.0	diminished triad	(0, 6, 9)	g	g	#7	None
785	752	3	188.0	188	0.75	3/4	63	3	4	63	188.0	E-5	75	True	E	-1	1/2	3.0	3	Violoncello	1	63.0	3.0	82.0	viio	False	('A', 'C', 'F#')	A	F#	1.0	diminished triad	(0, 6, 9)	g	g	#7	None
786	752	3	188.0	188	0.75	3/4	63	3	4	63	188.0	C5	72	True	C	0	1/2	3.0	3	Violoncello	1	63.0	3.0	82.0	viio	False	('A', 'C', 'F#')	A	F#	1.0	diminished triad	(0, 6, 9)	g	g	#7	None
787	754	2	188.5	377/2	0.5	1/2	63	3	4	63	188.5	F#5	78	False	F	1	5/8	3.5	0	Violoncello	1	63.0	3.0	82.0	viio	False	('A', 'C', 'F#')	A	F#	1.0	diminished triad	(0, 6, 9)	g	g	#7	None
788	755	1	188.75	755/4	0.25	1/4	63	3	4	63	188.75	C5	72	True	C	0	11/16	3.75	0	Violoncello	1	63.0	3.0	82.0	viio	False	('A', 'C', 'F#')	A	F#	1.0	diminished triad	(0, 6, 9)	g	g	#7	None
789	755	1	188.75	755/4	0.25	1/4	63	3	4	63	188.75	A4	69	True	A	0	11/16	3.75	0	Violoncello	1	63.0	3.0	82.0	viio	False	('A', 'C', 'F#')	A	F#	1.0	diminished triad	(0, 6, 9)	g	g	#7	None
790	756	3	189.0	189	0.75	3/4	64	3	4	64	189.0	G5	79	True	G	0	0	1.0	1	Violoncello	1	64.0	1.0	83.0	i	True	('G', 'B-', 'D')	G	G	0.0	minor triad	(2, 7, 10)	g	g	1	None
791	756	3	189.0	189	0.75	3/4	64	3	4	64	189.0	D5	74	True	D	0	0	1.0	1	Violoncello	1	64.0	1.0	83.0	i	True	('G', 'B-', 'D')	G	G	0.0	minor triad	(2, 7, 10)	g	g	1	None
792	756	3	189.0	189	0.75	3/4	64	3	4	64	189.0	B-4	70	True	B	-1	0	1.0	1	Violoncello	1	64.0	1.0	83.0	i	True	('G', 'B-', 'D')	G	G	0.0	minor triad	(2, 7, 10)	g	g	1	None
793	759	1	189.75	759/4	0.25	1/4	64	3	4	64	189.75	D5	74	True	D	0	3/16	1.75	0	Violoncello	1	64.0	1.0	83.0	i	False	('G', 'B-', 'D')	G	G	0.0	minor triad	(2, 7, 10)	g	g	1	None
794	759	1	189.75	759/4	0.25	1/4	64	3	4	64	189.75	C5	72	True	C	0	3/16	1.75	0	Violoncello	1	64.0	1.0	83.0	i	False	('G', 'B-', 'D')	G	G	0.0	minor triad	(2, 7, 10)	g	g	1	None
795	759	1	189.75	759/4	0.25	1/4	64	3	4	64	189.75	A4	69	True	A	0	3/16	1.75	0	Violoncello	1	64.0	1.0	83.0	i	False	('G', 'B-', 'D')	G	G	0.0	minor triad	(2, 7, 10)	g	g	1	None
796	760	6	190.0	190	1.5	3/2	64	3	4	64	190.0	E-5	75	True	E	-1	1/4	2.0	2	Violoncello	1	64.0	2.0	84.0	VI	True	('G', 'B-', 'E-')	G	E-	1.0	major triad	(3, 7, 10)	g	g	6	None
797	760	3	190.0	190	0.75	3/4	64	3	4	64	190.0	B-4	70	True	B	-1	1/4	2.0	2	Violoncello	1	64.0	2.0	84.0	VI	True	('G', 'B-', 'E-')	G	E-	1.0	major triad	(3, 7, 10)	g	g	6	None
798	760	3	190.0	190	0.75	3/4	64	3	4	64	190.0	G4	67	True	G	0	1/4	2.0	2	Violoncello	1	64.0	2.0	84.0	VI	True	('G', 'B-', 'E-')	G	E-	1.0	major triad	(3, 7, 10)	g	g	6	None
799	763	1	190.75	763/4	0.25	1/4	64	3	4	64	190.75	D5	74	True	D	0	7/16	2.75	0	Violoncello	1	64.0	2.0	84.0	VI	False	('G', 'B-', 'E-')	G	E-	1.0	major triad	(3, 7, 10)	g	g	6	None
800	763	1	190.75	763/4	0.25	1/4	64	3	4	64	190.75	B-4	70	True	B	-1	7/16	2.75	0	Violoncello	1	64.0	2.0	84.0	VI	False	('G', 'B-', 'E-')	G	E-	1.0	major triad	(3, 7, 10)	g	g	6	None
801	764	3	191.0	191	0.75	3/4	64	3	4	64	191.0	C5	72	True	C	0	1/2	3.0	3	Violoncello	1	64.0	2.0	84.0	VI	False	('G', 'B-', 'E-')	G	E-	1.0	major triad	(3, 7, 10)	g	g	6	None
802	764	3	191.0	191	0.75	3/4	64	3	4	64	191.0	A4	69	True	A	0	1/2	3.0	3	Violoncello	1	64.0	2.0	84.0	VI	False	('G', 'B-', 'E-')	G	E-	1.0	major triad	(3, 7, 10)	g	g	6	None
803	766	2	191.5	383/2	0.5	1/2	64	3	4	64	191.5	F5	77	True	F	0	5/8	3.5	0	Violoncello	1	64.0	2.0	84.0	VI	False	('G', 'B-', 'E-')	G	E-	1.0	major triad	(3, 7, 10)	g	g	6	None
804	767	1	191.75	767/4	0.25	1/4	64	3	4	64	191.75	B-4	70	True	B	-1	11/16	3.75	0	Violoncello	1	64.0	2.0	84.0	VI	False	('G', 'B-', 'E-')	G	E-	1.0	major triad	(3, 7, 10)	g	g	6	None
805	767	1	191.75	767/4	0.25	1/4	64	3	4	64	191.75	G4	67	True	G	0	11/16	3.75	0	Violoncello	1	64.0	2.0	84.0	VI	False	('G', 'B-', 'E-')	G	E-	1.0	major triad	(3, 7, 10)	g	g	6	None
806	768	4	192.0	192	1.0	1	65	3	4	65	192.0	D5	74	True	D	0	0	1.0	1	Violoncello	1	65.0	3.0	85.0	V	True	('D', 'F#', 'A')	D	D	0.0	major triad	(2, 6, 9)	g	g	5	None
807	768	4	192.0	192	1.0	1	65	3	4	65	192.0	A4	69	True	A	0	0	1.0	1	Violoncello	1	65.0	3.0	85.0	V	True	('D', 'F#', 'A')	D	D	0.0	major triad	(2, 6, 9)	g	g	5	None
808	768	3	192.0	192	0.75	3/4	65	3	4	65	192.0	F#4	66	True	F	1	0	1.0	1	Violoncello	1	65.0	3.0	85.0	V	True	('D', 'F#', 'A')	D	D	0.0	major triad	(2, 6, 9)	g	g	5	None
809	771	1	192.75	771/4	0.25	1/4	65	3	4	65	192.75	E4	64	True	E	0	3/16	1.75	0	Violoncello	1	65.0	3.0	85.0	V	False	('D', 'F#', 'A')	D	D	0.0	major triad	(2, 6, 9)	g	g	5	None
810	772	6	193.0	193	1.5	3/2	65	3	4	65	193.0	D5	74	True	D	0	1/4	2.0	2	Violoncello	1	65.0	3.0	85.0	V	False	('D', 'F#', 'A')	D	D	0.0	major triad	(2, 6, 9)	g	g	5	None
811	772	6	193.0	193	1.5	3/2	65	3	4	65	193.0	A4	69	True	A	0	1/4	2.0	2	Violoncello	1	65.0	3.0	85.0	V	False	('D', 'F#', 'A')	D	D	0.0	major triad	(2, 6, 9)	g	g	5	None
812	772	3	193.0	193	0.75	3/4	65	3	4	65	193.0	F#4	66	True	F	1	1/4	2.0	2	Violoncello	1	65.0	3.0	85.0	V	False	('D', 'F#', 'A')	D	D	0.0	major triad	(2, 6, 9)	g	g	5	None
813	775	1	193.75	775/4	0.25	1/4	65	3	4	65	193.75	D4	62	True	D	0	7/16	2.75	0	Violoncello	1	65.0	3.0	85.0	V	False	('D', 'F#', 'A')	D	D	0.0	major triad	(2, 6, 9)	g	g	5	None
814	776	3	194.0	194	0.75	3/4	65	3	4	65	194.0	E4	64	True	E	0	1/2	3.0	3	Violoncello	1	65.0	3.0	85.0	V	False	('D', 'F#', 'A')	D	D	0.0	major triad	(2, 6, 9)	g	g	5	None
815	778	2	194.5	389/2	0.5	1/2	65	3	4	65	194.5	D5	74	False	D	0	5/8	3.5	0	Violoncello	1	65.0	3.0	85.0	V	False	('D', 'F#', 'A')	D	D	0.0	major triad	(2, 6, 9)	g	g	5	None
816	778	2	194.5	389/2	0.5	1/2	65	3	4	65	194.5	A4	69	False	A	0	5/8	3.5	0	Violoncello	1	65.0	3.0	85.0	V	False	('D', 'F#', 'A')	D	D	0.0	major triad	(2, 6, 9)	g	g	5	None
817	779	1	194.75	779/4	0.25	1/4	65	3	4	65	194.75	F#4	66	True	F	1	11/16	3.75	0	Violoncello	1	65.0	3.0	85.0	V	False	('D', 'F#', 'A')	D	D	0.0	major triad	(2, 6, 9)	g	g	5	None
818	780	4	195.0	195	1.0	1	66	3	4	66	195.0	B4	71	True	B	0	0	1.0	1	Violoncello	1	66.0	3.0	86.0	V/iv	True	('B', 'D', 'G')	B	G	1.0	major triad	(2, 7, 11)	g	c	5	4
819	780	4	195.0	195	1.0	1	66	3	4	66	195.0	A4	69	True	A	0	0	1.0	1	Violoncello	1	66.0	3.0	86.0	V/iv	True	('B', 'D', 'G')	B	G	1.0	major triad	(2, 7, 11)	g	c	5	4
820	780	3	195.0	195	0.75	3/4	66	3	4	66	195.0	G4	67	True	G	0	0	1.0	1	Violoncello	1	66.0	3.0	86.0	V/iv	True	('B', 'D', 'G')	B	G	1.0	major triad	(2, 7, 11)	g	c	5	4
821	783	1	195.75	783/4	0.25	1/4	66	3	4	66	195.75	F4	65	True	F	0	3/16	1.75	0	Violoncello	1	66.0	3.0	86.0	V/iv	False	('B', 'D', 'G')	B	G	1.0	major triad	(2, 7, 11)	g	c	5	4
822	784	6	196.0	196	1.5	3/2	66	3	4	66	196.0	B4	71	True	B	0	1/4	2.0	2	Violoncello	1	66.0	3.0	86.0	V/iv	False	('B', 'D', 'G')	B	G	1.0	major triad	(2, 7, 11)	g	c	5	4
823	784	6	196.0	196	1.5	3/2	66	3	4	66	196.0	G4	67	True	G	0	1/4	2.0	2	Violoncello	1	66.0	3.0	86.0	V/iv	False	('B', 'D', 'G')	B	G	1.0	major triad	(2, 7, 11)	g	c	5	4
824	784	3	196.0	196	0.75	3/4	66	3	4	66	196.0	G4	67	True	G	0	1/4	2.0	2	Violoncello	1	66.0	3.0	86.0	V/iv	False	('B', 'D', 'G')	B	G	1.0	major triad	(2, 7, 11)	g	c	5	4
825	787	1	196.75	787/4	0.25	1/4	66	3	4	66	196.75	F4	65	True	F	0	7/16	2.75	0	Violoncello	1	66.0	3.0	86.0	V/iv	False	('B', 'D', 'G')	B	G	1.0	major triad	(2, 7, 11)	g	c	5	4
826	788	3	197.0	197	0.75	3/4	66	3	4	66	197.0	E-4	63	True	E	-1	1/2	3.0	3	Violoncello	1	66.0	3.0	86.0	V/iv	False	('B', 'D', 'G')	B	G	1.0	major triad	(2, 7, 11)	g	c	5	4
827	790	2	197.5	395/2	0.5	1/2	66	3	4	66	197.5	B4	71	False	B	0	5/8	3.5	0	Violoncello	1	66.0	3.0	86.0	V/iv	False	('B', 'D', 'G')	B	G	1.0	major triad	(2, 7, 11)	g	c	5	4
828	790	2	197.5	395/2	0.5	1/2	66	3	4	66	197.5	G4	67	False	G	0	5/8	3.5	0	Violoncello	1	66.0	3.0	86.0	V/iv	False	('B', 'D', 'G')	B	G	1.0	major triad	(2, 7, 11)	g	c	5	4
829	791	1	197.75	791/4	0.25	1/4	66	3	4	66	197.75	D4	62	True	D	0	11/16	3.75	0	Violoncello	1	66.0	3.0	86.0	V/iv	False	('B', 'D', 'G')	B	G	1.0	major triad	(2, 7, 11)	g	c	5	4
830	792	4	198.0	198	1.0	1	67	3	4	67	198.0	C5	72	True	C	0	0	1.0	1	Violoncello	1	67.0	3.0	87.0	iv	True	('C', 'E-', 'G')	C	C	0.0	minor triad	(0, 3, 7)	g	g	4	None
831	792	4	198.0	198	1.0	1	67	3	4	67	198.0	G4	67	True	G	0	0	1.0	1	Violoncello	1	67.0	3.0	87.0	iv	True	('C', 'E-', 'G')	C	C	0.0	minor triad	(0, 3, 7)	g	g	4	None
832	792	3	198.0	198	0.75	3/4	67	3	4	67	198.0	E-4	63	True	E	-1	0	1.0	1	Violoncello	1	67.0	3.0	87.0	iv	True	('C', 'E-', 'G')	C	C	0.0	minor triad	(0, 3, 7)	g	g	4	None
833	795	1	198.75	795/4	0.25	1/4	67	3	4	67	198.75	F4	65	True	F	0	3/16	1.75	0	Violoncello	1	67.0	3.0	87.0	iv	False	('C', 'E-', 'G')	C	C	0.0	minor triad	(0, 3, 7)	g	g	4	None
834	796	6	199.0	199	1.5	3/2	67	3	4	67	199.0	C5	72	True	C	0	1/4	2.0	2	Violoncello	1	67.0	3.0	87.0	iv	False	('C', 'E-', 'G')	C	C	0.0	minor triad	(0, 3, 7)	g	g	4	None
835	796	4	199.0	199	1.0	1	67	3	4	67	199.0	A4	69	True	A	0	1/4	2.0	2	Violoncello	1	67.0	3.0	87.0	iv	False	('C', 'E-', 'G')	C	C	0.0	minor triad	(0, 3, 7)	g	g	4	None
836	796	3	199.0	199	0.75	3/4	67	3	4	67	199.0	E-4	63	True	E	-1	1/4	2.0	2	Violoncello	1	67.0	3.0	87.0	iv	False	('C', 'E-', 'G')	C	C	0.0	minor triad	(0, 3, 7)	g	g	4	None
837	799	1	199.75	799/4	0.25	1/4	67	3	4	67	199.75	D4	62	True	D	0	7/16	2.75	0	Violoncello	1	67.0	3.0	87.0	iv	False	('C', 'E-', 'G')	C	C	0.0	minor triad	(0, 3, 7)	g	g	4	None
838	800	4	200.0	200	1.0	1	67	3	4	67	200.0	G4	67	True	G	0	1/2	3.0	3	Violoncello	1	67.0	3.0	87.0	iv	False	('C', 'E-', 'G')	C	C	0.0	minor triad	(0, 3, 7)	g	g	4	None
839	800	3	200.0	200	0.75	3/4	67	3	4	67	200.0	E-4	63	True	E	-1	1/2	3.0	3	Violoncello	1	67.0	3.0	87.0	iv	False	('C', 'E-', 'G')	C	C	0.0	minor triad	(0, 3, 7)	g	g	4	None
840	802	1	200.5	401/2	0.25	1/4	67	3	4	67	200.5	B4	71	True	B	0	5/8	3.5	0	Violoncello	1	67.0	3.0	87.0	iv	False	('C', 'E-', 'G')	C	C	0.0	minor triad	(0, 3, 7)	g	g	4	None
841	803	1	200.75	803/4	0.25	1/4	67	3	4	67	200.75	C5	72	True	C	0	11/16	3.75	0	Violoncello	1	67.0	3.0	87.0	iv	False	('C', 'E-', 'G')	C	C	0.0	minor triad	(0, 3, 7)	g	g	4	None
842	803	1	200.75	803/4	0.25	1/4	67	3	4	67	200.75	C4	60	True	C	0	11/16	3.75	0	Violoncello	1	67.0	3.0	87.0	iv	False	('C', 'E-', 'G')	C	C	0.0	minor triad	(0, 3, 7)	g	g	4	None
843	804	4	201.0	201	1.0	1	68	3	4	68	201.0	D5	74	True	D	0	0	1.0	1	Violoncello	1	68.0	2.0	88.0	i	True	('D', 'G', 'B-')	D	G	2.0	minor triad	(2, 7, 10)	g	g	1	None
844	804	6	201.0	201	1.5	3/2	68	3	4	68	201.0	G4	67	True	G	0	0	1.0	1	Violoncello	1	68.0	2.0	88.0	i	True	('D', 'G', 'B-')	D	G	2.0	minor triad	(2, 7, 10)	g	g	1	None
845	804	3	201.0	201	0.75	3/4	68	3	4	68	201.0	B3	59	True	B	0	0	1.0	1	Violoncello	1	68.0	2.0	88.0	i	True	('D', 'G', 'B-')	D	G	2.0	minor triad	(2, 7, 10)	g	g	1	None
846	807	1	201.75	807/4	0.25	1/4	68	3	4	68	201.75	C4	60	True	C	0	3/16	1.75	0	Violoncello	1	68.0	2.0	88.0	i	False	('D', 'G', 'B-')	D	G	2.0	minor triad	(2, 7, 10)	g	g	1	None
847	808	4	202.0	202	1.0	1	68	3	4	68	202.0	B-4	70	True	B	-1	1/4	2.0	2	Violoncello	1	68.0	2.0	88.0	i	False	('D', 'G', 'B-')	D	G	2.0	minor triad	(2, 7, 10)	g	g	1	None
848	808	8	202.0	202	2.0	2	68	3	4	68	202.0	D4	62	True	D	0	1/4	2.0	2	Violoncello	1	68.0	2.0	88.0	i	False	('D', 'G', 'B-')	D	G	2.0	minor triad	(2, 7, 10)	g	g	1	None
849	810	2	202.5	405/2	0.5	1/2	68	3	4	68	202.5	G4	67	False	G	0	3/8	2.5	0	Violoncello	1	68.0	2.0	88.0	i	False	('D', 'G', 'B-')	D	G	2.0	minor triad	(2, 7, 10)	g	g	1	None
850	812	2	203.0	203	0.5	1/2	68	3	4	68	203.0	A4	69	True	A	0	1/2	3.0	3	Violoncello	1	68.0	1.0	89.0	V7	True	('D', 'F#', 'A', 'C')	D	D	0.0	dominant seventh chord	(0, 2, 6, 9)	g	g	5	None
851	812	4	203.0	203	1.0	1	68	3	4	68	203.0	F#4	66	True	F	1	1/2	3.0	3	Violoncello	1	68.0	1.0	89.0	V7	True	('D', 'F#', 'A', 'C')	D	D	0.0	dominant seventh chord	(0, 2, 6, 9)	g	g	5	None
852	814	2	203.5	407/2	0.5	1/2	68	3	4	68	203.5	G4	67	True	G	0	5/8	3.5	0	Violoncello	1	68.0	1.0	89.0	V7	False	('D', 'F#', 'A', 'C')	D	D	0.0	dominant seventh chord	(0, 2, 6, 9)	g	g	5	None
853	816	8	204.0	204	2.0	2	69	3	4	69	204.0	G4	67	True	G	0	0	1.0	1	Violoncello	1	69.0	3.0	90.0	i	True	('G', 'B-', 'D')	G	G	0.0	minor triad	(2, 7, 10)	g	g	1	None
854	816	8	204.0	204	2.0	2	69	3	4	69	204.0	G4	67	True	G	0	0	1.0	1	Violoncello	1	69.0	3.0	90.0	i	True	('G', 'B-', 'D')	G	G	0.0	minor triad	(2, 7, 10)	g	g	1	None
855	816	8	204.0	204	2.0	2	69	3	4	69	204.0	G3	55	True	G	0	0	1.0	1	Violoncello	1	69.0	3.0	90.0	i	True	('G', 'B-', 'D')	G	G	0.0	minor triad	(2, 7, 10)	g	g	1	None
856	828	2	207.0	207	0.5	1/2	70	3	4	70	207.0	G3	55	True	G	0	0	1.0	1	Violoncello	1	70.0	3.0	91.0	i	True	('G', 'B-', 'D')	G	G	0.0	minor triad	(2, 7, 10)	g	g	1	None
857	830	2	207.5	415/2	0.5	1/2	70	3	4	70	207.5	F#3	54	True	F	1	1/8	1.5	0	Violoncello	1	70.0	3.0	91.0	i	False	('G', 'B-', 'D')	G	G	0.0	minor triad	(2, 7, 10)	g	g	1	None
858	832	8	208.0	208	2.0	2	70	3	4	70	208.0	B-5	82	True	B	-1	1/4	2.0	2	Violoncello	1	70.0	3.0	91.0	i	False	('G', 'B-', 'D')	G	G	0.0	minor triad	(2, 7, 10)	g	g	1	None
859	832	8	208.0	208	2.0	2	70	3	4	70	208.0	D5	74	True	D	0	1/4	2.0	2	Violoncello	1	70.0	3.0	91.0	i	False	('G', 'B-', 'D')	G	G	0.0	minor triad	(2, 7, 10)	g	g	1	None
860	832	8	208.0	208	2.0	2	70	3	4	70	208.0	G4	67	True	G	0	1/4	2.0	2	Violoncello	1	70.0	3.0	91.0	i	False	('G', 'B-', 'D')	G	G	0.0	minor triad	(2, 7, 10)	g	g	1	None
861	832	2	208.0	208	0.5	1/2	70	3	4	70	208.0	G3	55	True	G	0	1/4	2.0	2	Violoncello	1	70.0	3.0	91.0	i	False	('G', 'B-', 'D')	G	G	0.0	minor triad	(2, 7, 10)	g	g	1	None
862	834	2	208.5	417/2	0.5	1/2	70	3	4	70	208.5	A3	57	True	A	0	3/8	2.5	0	Violoncello	1	70.0	3.0	91.0	i	False	('G', 'B-', 'D')	G	G	0.0	minor triad	(2, 7, 10)	g	g	1	None
863	836	2	209.0	209	0.5	1/2	70	3	4	70	209.0	B-3	58	True	B	-1	1/2	3.0	3	Violoncello	1	70.0	3.0	91.0	i	False	('G', 'B-', 'D')	G	G	0.0	minor triad	(2, 7, 10)	g	g	1	None
864	838	2	209.5	419/2	0.5	1/2	70	3	4	70	209.5	G3	55	True	G	0	5/8	3.5	0	Violoncello	1	70.0	3.0	91.0	i	False	('G', 'B-', 'D')	G	G	0.0	minor triad	(2, 7, 10)	g	g	1	None
865	840	2	210.0	210	0.5	1/2	71	3	4	71	210.0	F#3	54	True	F	1	0	1.0	1	Violoncello	1	71.0	3.0	92.0	V	True	('F#', 'A', 'D')	F#	D	1.0	major triad	(2, 6, 9)	g	g	5	None
866	842	2	210.5	421/2	0.5	1/2	71	3	4	71	210.5	E3	52	True	E	0	1/8	1.5	0	Violoncello	1	71.0	3.0	92.0	V	False	('F#', 'A', 'D')	F#	D	1.0	major triad	(2, 6, 9)	g	g	5	None
867	844	8	211.0	211	2.0	2	71	3	4	71	211.0	G5	79	True	G	0	1/4	2.0	2	Violoncello	1	71.0	3.0	92.0	V	False	('F#', 'A', 'D')	F#	D	1.0	major triad	(2, 6, 9)	g	g	5	None
868	844	8	211.0	211	2.0	2	71	3	4	71	211.0	C5	72	True	C	0	1/4	2.0	2	Violoncello	1	71.0	3.0	92.0	V	False	('F#', 'A', 'D')	F#	D	1.0	major triad	(2, 6, 9)	g	g	5	None
869	844	8	211.0	211	2.0	2	71	3	4	71	211.0	D4	62	True	D	0	1/4	2.0	2	Violoncello	1	71.0	3.0	92.0	V	False	('F#', 'A', 'D')	F#	D	1.0	major triad	(2, 6, 9)	g	g	5	None
870	844	2	211.0	211	0.5	1/2	71	3	4	71	211.0	F#3	54	True	F	1	1/4	2.0	2	Violoncello	1	71.0	3.0	92.0	V	False	('F#', 'A', 'D')	F#	D	1.0	major triad	(2, 6, 9)	g	g	5	None
871	846	2	211.5	423/2	0.5	1/2	71	3	4	71	211.5	G3	55	True	G	0	3/8	2.5	0	Violoncello	1	71.0	3.0	92.0	V	False	('F#', 'A', 'D')	F#	D	1.0	major triad	(2, 6, 9)	g	g	5	None
872	848	2	212.0	212	0.5	1/2	71	3	4	71	212.0	A3	57	True	A	0	1/2	3.0	3	Violoncello	1	71.0	3.0	92.0	V	False	('F#', 'A', 'D')	F#	D	1.0	major triad	(2, 6, 9)	g	g	5	None
873	850	2	212.5	425/2	0.5	1/2	71	3	4	71	212.5	F#3	54	True	F	1	5/8	3.5	0	Violoncello	1	71.0	3.0	92.0	V	False	('F#', 'A', 'D')	F#	D	1.0	major triad	(2, 6, 9)	g	g	5	None
874	852	2	213.0	213	0.5	1/2	72	3	4	72	213.0	G3	55	True	G	0	0	1.0	1	Violoncello	1	72.0	1.0	93.0	i	True	('G', 'B-', 'D')	G	G	0.0	minor triad	(2, 7, 10)	g	g	1	None
875	854	2	213.5	427/2	0.5	1/2	72	3	4	72	213.5	F3	53	True	F	0	1/8	1.5	0	Violoncello	1	72.0	1.0	93.0	i	False	('G', 'B-', 'D')	G	G	0.0	minor triad	(2, 7, 10)	g	g	1	None
876	856	6	214.0	214	1.5	3/2	72	3	4	72	214.0	G5	79	True	G	0	1/4	2.0	2	Violoncello	1	72.0	1.5	94.0	VI	True	('E-', 'G', 'B-')	E-	E-	0.0	major triad	(3, 7, 10)	g	g	6	None
877	856	6	214.0	214	1.5	3/2	72	3	4	72	214.0	B-4	70	True	B	-1	1/4	2.0	2	Violoncello	1	72.0	1.5	94.0	VI	True	('E-', 'G', 'B-')	E-	E-	0.0	major triad	(3, 7, 10)	g	g	6	None
878	856	6	214.0	214	1.5	3/2	72	3	4	72	214.0	E-4	63	True	E	-1	1/4	2.0	2	Violoncello	1	72.0	1.5	94.0	VI	True	('E-', 'G', 'B-')	E-	E-	0.0	major triad	(3, 7, 10)	g	g	6	None
879	856	2	214.0	214	0.5	1/2	72	3	4	72	214.0	E-3	51	True	E	-1	1/4	2.0	2	Violoncello	1	72.0	1.5	94.0	VI	True	('E-', 'G', 'B-')	E-	E-	0.0	major triad	(3, 7, 10)	g	g	6	None
880	858	2	214.5	429/2	0.5	1/2	72	3	4	72	214.5	D3	50	True	D	0	3/8	2.5	0	Violoncello	1	72.0	1.5	94.0	VI	False	('E-', 'G', 'B-')	E-	E-	0.0	major triad	(3, 7, 10)	g	g	6	None
881	860	2	215.0	215	0.5	1/2	72	3	4	72	215.0	E-3	51	True	E	-1	1/2	3.0	3	Violoncello	1	72.0	1.5	94.0	VI	False	('E-', 'G', 'B-')	E-	E-	0.0	major triad	(3, 7, 10)	g	g	6	None
882	862	2	215.5	431/2	0.5	1/2	72	3	4	72	215.5	A5	81	True	A	0	5/8	3.5	0	Violoncello	1	72.0	0.5	95.0	iiø	True	('E-', 'A', 'C')	E-	A	2.0	diminished triad	(0, 3, 9)	g	g	2	None
883	862	2	215.5	431/2	0.5	1/2	72	3	4	72	215.5	C5	72	True	C	0	5/8	3.5	0	Violoncello	1	72.0	0.5	95.0	iiø	True	('E-', 'A', 'C')	E-	A	2.0	diminished triad	(0, 3, 9)	g	g	2	None
884	862	2	215.5	431/2	0.5	1/2	72	3	4	72	215.5	E-4	63	True	E	-1	5/8	3.5	0	Violoncello	1	72.0	0.5	95.0	iiø	True	('E-', 'A', 'C')	E-	A	2.0	diminished triad	(0, 3, 9)	g	g	2	None
885	862	2	215.5	431/2	0.5	1/2	72	3	4	72	215.5	C3	48	True	C	0	5/8	3.5	0	Violoncello	1	72.0	0.5	95.0	iiø	True	('E-', 'A', 'C')	E-	A	2.0	diminished triad	(0, 3, 9)	g	g	2	None
886	864	8	216.0	216	2.0	2	73	3	4	73	216.0	F#5	78	True	F	1	0	1.0	1	Violoncello	1	73.0	3.0	96.0	V	True	('D', 'F#', 'A')	D	D	0.0	major triad	(2, 6, 9)	g	g	5	None
887	864	8	216.0	216	2.0	2	73	3	4	73	216.0	A4	69	True	A	0	0	1.0	1	Violoncello	1	73.0	3.0	96.0	V	True	('D', 'F#', 'A')	D	D	0.0	major triad	(2, 6, 9)	g	g	5	None
888	864	8	216.0	216	2.0	2	73	3	4	73	216.0	D4	62	True	D	0	0	1.0	1	Violoncello	1	73.0	3.0	96.0	V	True	('D', 'F#', 'A')	D	D	0.0	major triad	(2, 6, 9)	g	g	5	None
889	864	2	216.0	216	0.5	1/2	73	3	4	73	216.0	D3	50	True	D	0	0	1.0	1	Violoncello	1	73.0	3.0	96.0	V	True	('D', 'F#', 'A')	D	D	0.0	major triad	(2, 6, 9)	g	g	5	None
890	866	2	216.5	433/2	0.5	1/2	73	3	4	73	216.5	E-3	51	True	E	-1	1/8	1.5	0	Violoncello	1	73.0	3.0	96.0	V	False	('D', 'F#', 'A')	D	D	0.0	major triad	(2, 6, 9)	g	g	5	None
891	868	2	217.0	217	0.5	1/2	73	3	4	73	217.0	D3	50	True	D	0	1/4	2.0	2	Violoncello	1	73.0	3.0	96.0	V	False	('D', 'F#', 'A')	D	D	0.0	major triad	(2, 6, 9)	g	g	5	None
892	870	2	217.5	435/2	0.5	1/2	73	3	4	73	217.5	C3	48	True	C	0	3/8	2.5	0	Violoncello	1	73.0	3.0	96.0	V	False	('D', 'F#', 'A')	D	D	0.0	major triad	(2, 6, 9)	g	g	5	None
893	872	2	218.0	218	0.5	1/2	73	3	4	73	218.0	D3	50	True	D	0	1/2	3.0	3	Violoncello	1	73.0	3.0	96.0	V	False	('D', 'F#', 'A')	D	D	0.0	major triad	(2, 6, 9)	g	g	5	None
894	874	2	218.5	437/2	0.5	1/2	73	3	4	73	218.5	A2	45	True	A	0	5/8	3.5	0	Violoncello	1	73.0	3.0	96.0	V	False	('D', 'F#', 'A')	D	D	0.0	major triad	(2, 6, 9)	g	g	5	None
895	876	2	219.0	219	0.5	1/2	74	3	4	74	219.0	B2	47	True	B	0	0	1.0	1	Violoncello	1	74.0	3.0	97.0	V/iv	True	('B', 'D', 'G')	B	G	1.0	major triad	(2, 7, 11)	g	c	5	4
896	878	2	219.5	439/2	0.5	1/2	74	3	4	74	219.5	C3	48	True	C	0	1/8	1.5	0	Violoncello	1	74.0	3.0	97.0	V/iv	False	('B', 'D', 'G')	B	G	1.0	major triad	(2, 7, 11)	g	c	5	4
897	880	8	220.0	220	2.0	2	74	3	4	74	220.0	G5	79	True	G	0	1/4	2.0	2	Violoncello	1	74.0	3.0	97.0	V/iv	False	('B', 'D', 'G')	B	G	1.0	major triad	(2, 7, 11)	g	c	5	4
898	880	8	220.0	220	2.0	2	74	3	4	74	220.0	D5	74	True	D	0	1/4	2.0	2	Violoncello	1	74.0	3.0	97.0	V/iv	False	('B', 'D', 'G')	B	G	1.0	major triad	(2, 7, 11)	g	c	5	4
899	880	8	220.0	220	2.0	2	74	3	4	74	220.0	D4	62	True	D	0	1/4	2.0	2	Violoncello	1	74.0	3.0	97.0	V/iv	False	('B', 'D', 'G')	B	G	1.0	major triad	(2, 7, 11)	g	c	5	4
900	880	2	220.0	220	0.5	1/2	74	3	4	74	220.0	B2	47	True	B	0	1/4	2.0	2	Violoncello	1	74.0	3.0	97.0	V/iv	False	('B', 'D', 'G')	B	G	1.0	major triad	(2, 7, 11)	g	c	5	4
901	882	2	220.5	441/2	0.5	1/2	74	3	4	74	220.5	A2	45	True	A	0	3/8	2.5	0	Violoncello	1	74.0	3.0	97.0	V/iv	False	('B', 'D', 'G')	B	G	1.0	major triad	(2, 7, 11)	g	c	5	4
902	884	2	221.0	221	0.5	1/2	74	3	4	74	221.0	B2	47	True	B	0	1/2	3.0	3	Violoncello	1	74.0	3.0	97.0	V/iv	False	('B', 'D', 'G')	B	G	1.0	major triad	(2, 7, 11)	g	c	5	4
903	886	2	221.5	443/2	0.5	1/2	74	3	4	74	221.5	G2	43	True	G	0	5/8	3.5	0	Violoncello	1	74.0	3.0	97.0	V/iv	False	('B', 'D', 'G')	B	G	1.0	major triad	(2, 7, 11)	g	c	5	4
904	888	2	222.0	222	0.5	1/2	75	3	4	75	222.0	C3	48	True	C	0	0	1.0	1	Violoncello	1	75.0	3.0	98.0	iv	True	('C', 'E-', 'G')	C	C	0.0	minor triad	(0, 3, 7)	g	g	4	None
905	890	2	222.5	445/2	0.5	1/2	75	3	4	75	222.5	B2	47	True	B	0	1/8	1.5	0	Violoncello	1	75.0	3.0	98.0	iv	False	('C', 'E-', 'G')	C	C	0.0	minor triad	(0, 3, 7)	g	g	4	None
906	892	8	223.0	223	2.0	2	75	3	4	75	223.0	G5	79	True	G	0	1/4	2.0	2	Violoncello	1	75.0	3.0	98.0	iv	False	('C', 'E-', 'G')	C	C	0.0	minor triad	(0, 3, 7)	g	g	4	None
907	892	8	223.0	223	2.0	2	75	3	4	75	223.0	E-5	75	True	E	-1	1/4	2.0	2	Violoncello	1	75.0	3.0	98.0	iv	False	('C', 'E-', 'G')	C	C	0.0	minor triad	(0, 3, 7)	g	g	4	None
908	892	8	223.0	223	2.0	2	75	3	4	75	223.0	C4	60	True	C	0	1/4	2.0	2	Violoncello	1	75.0	3.0	98.0	iv	False	('C', 'E-', 'G')	C	C	0.0	minor triad	(0, 3, 7)	g	g	4	None
909	892	2	223.0	223	0.5	1/2	75	3	4	75	223.0	C3	48	True	C	0	1/4	2.0	2	Violoncello	1	75.0	3.0	98.0	iv	False	('C', 'E-', 'G')	C	C	0.0	minor triad	(0, 3, 7)	g	g	4	None
910	894	2	223.5	447/2	0.5	1/2	75	3	4	75	223.5	D3	50	True	D	0	3/8	2.5	0	Violoncello	1	75.0	3.0	98.0	iv	False	('C', 'E-', 'G')	C	C	0.0	minor triad	(0, 3, 7)	g	g	4	None
911	896	2	224.0	224	0.5	1/2	75	3	4	75	224.0	E-3	51	True	E	-1	1/2	3.0	3	Violoncello	1	75.0	3.0	98.0	iv	False	('C', 'E-', 'G')	C	C	0.0	minor triad	(0, 3, 7)	g	g	4	None
912	898	2	224.5	449/2	0.5	1/2	75	3	4	75	224.5	C3	48	True	C	0	5/8	3.5	0	Violoncello	1	75.0	3.0	98.0	iv	False	('C', 'E-', 'G')	C	C	0.0	minor triad	(0, 3, 7)	g	g	4	None
913	900	2	225.0	225	0.5	1/2	76	3	4	76	225.0	D3	50	True	D	0	0	1.0	1	Violoncello	1	76.0	3.0	99.0	V7	True	('D', 'F#', 'A', 'C')	D	D	0.0	dominant seventh chord	(0, 2, 6, 9)	g	g	5	None
914	902	2	225.5	451/2	0.5	1/2	76	3	4	76	225.5	E-3	51	True	E	-1	1/8	1.5	0	Violoncello	1	76.0	3.0	99.0	V7	False	('D', 'F#', 'A', 'C')	D	D	0.0	dominant seventh chord	(0, 2, 6, 9)	g	g	5	None
915	904	6	226.0	226	1.5	3/2	76	3	4	76	226.0	G5	79	True	G	0	1/4	2.0	2	Violoncello	1	76.0	3.0	99.0	V7	False	('D', 'F#', 'A', 'C')	D	D	0.0	dominant seventh chord	(0, 2, 6, 9)	g	g	5	None
916	904	6	226.0	226	1.5	3/2	76	3	4	76	226.0	A4	69	True	A	0	1/4	2.0	2	Violoncello	1	76.0	3.0	99.0	V7	False	('D', 'F#', 'A', 'C')	D	D	0.0	dominant seventh chord	(0, 2, 6, 9)	g	g	5	None
917	904	6	226.0	226	1.5	3/2	76	3	4	76	226.0	C4	60	True	C	0	1/4	2.0	2	Violoncello	1	76.0	3.0	99.0	V7	False	('D', 'F#', 'A', 'C')	D	D	0.0	dominant seventh chord	(0, 2, 6, 9)	g	g	5	None
918	904	2	226.0	226	0.5	1/2	76	3	4	76	226.0	D3	50	True	D	0	1/4	2.0	2	Violoncello	1	76.0	3.0	99.0	V7	False	('D', 'F#', 'A', 'C')	D	D	0.0	dominant seventh chord	(0, 2, 6, 9)	g	g	5	None
919	906	2	226.5	453/2	0.5	1/2	76	3	4	76	226.5	C3	48	True	C	0	3/8	2.5	0	Violoncello	1	76.0	3.0	99.0	V7	False	('D', 'F#', 'A', 'C')	D	D	0.0	dominant seventh chord	(0, 2, 6, 9)	g	g	5	None
920	908	2	227.0	227	0.5	1/2	76	3	4	76	227.0	B-2	46	True	B	-1	1/2	3.0	3	Violoncello	1	76.0	3.0	99.0	V7	False	('D', 'F#', 'A', 'C')	D	D	0.0	dominant seventh chord	(0, 2, 6, 9)	g	g	5	None
921	910	2	227.5	455/2	0.5	1/2	76	3	4	76	227.5	F#5	78	True	F	1	5/8	3.5	0	Violoncello	1	76.0	3.0	99.0	V7	False	('D', 'F#', 'A', 'C')	D	D	0.0	dominant seventh chord	(0, 2, 6, 9)	g	g	5	None
922	910	2	227.5	455/2	0.5	1/2	76	3	4	76	227.5	A4	69	True	A	0	5/8	3.5	0	Violoncello	1	76.0	3.0	99.0	V7	False	('D', 'F#', 'A', 'C')	D	D	0.0	dominant seventh chord	(0, 2, 6, 9)	g	g	5	None
923	910	2	227.5	455/2	0.5	1/2	76	3	4	76	227.5	C4	60	True	C	0	5/8	3.5	0	Violoncello	1	76.0	3.0	99.0	V7	False	('D', 'F#', 'A', 'C')	D	D	0.0	dominant seventh chord	(0, 2, 6, 9)	g	g	5	None
924	910	2	227.5	455/2	0.5	1/2	76	3	4	76	227.5	A2	45	True	A	0	5/8	3.5	0	Violoncello	1	76.0	3.0	99.0	V7	False	('D', 'F#', 'A', 'C')	D	D	0.0	dominant seventh chord	(0, 2, 6, 9)	g	g	5	None
925	912	4	228.0	228	1.0	1	77	3	4	77	228.0	G5	79	True	G	0	0	1.0	1	Violoncello	1	77.0	2.0	100.0	i	True	('G', 'B-', 'D')	G	G	0.0	minor triad	(2, 7, 10)	g	g	1	None
926	912	4	228.0	228	1.0	1	77	3	4	77	228.0	D5	74	True	D	0	0	1.0	1	Violoncello	1	77.0	2.0	100.0	i	True	('G', 'B-', 'D')	G	G	0.0	minor triad	(2, 7, 10)	g	g	1	None
927	912	4	228.0	228	1.0	1	77	3	4	77	228.0	B-3	58	True	B	-1	0	1.0	1	Violoncello	1	77.0	2.0	100.0	i	True	('G', 'B-', 'D')	G	G	0.0	minor triad	(2, 7, 10)	g	g	1	None
928	912	12	228.0	228	3.0	3	77	3	4	77	228.0	G2	43	True	G	0	0	1.0	1	Violoncello	1	77.0	2.0	100.0	i	True	('G', 'B-', 'D')	G	G	0.0	minor triad	(2, 7, 10)	g	g	1	None
929	916	6	229.0	229	1.5	3/2	77	3	4	77	229.0	G5	79	True	G	0	1/4	2.0	2	Violoncello	1	77.0	2.0	100.0	i	False	('G', 'B-', 'D')	G	G	0.0	minor triad	(2, 7, 10)	g	g	1	None
930	916	4	229.0	229	1.0	1	77	3	4	77	229.0	E5	76	True	E	0	1/4	2.0	2	Violoncello	1	77.0	2.0	100.0	i	False	('G', 'B-', 'D')	G	G	0.0	minor triad	(2, 7, 10)	g	g	1	None
931	916	4	229.0	229	1.0	1	77	3	4	77	229.0	B-3	58	True	B	-1	1/4	2.0	2	Violoncello	1	77.0	2.0	100.0	i	False	('G', 'B-', 'D')	G	G	0.0	minor triad	(2, 7, 10)	g	g	1	None
932	920	4	230.0	230	1.0	1	77	3	4	77	230.0	F#5	78	True	F	1	1/2	3.0	3	Violoncello	1	77.0	1.0	101.0	viio	True	('A', 'C', 'F#')	A	F#	1.0	diminished triad	(0, 6, 9)	g	g	#7	None
933	920	4	230.0	230	1.0	1	77	3	4	77	230.0	C4	60	True	C	0	1/2	3.0	3	Violoncello	1	77.0	1.0	101.0	viio	True	('A', 'C', 'F#')	A	F#	1.0	diminished triad	(0, 6, 9)	g	g	#7	None
934	922	2	230.5	461/2	0.5	1/2	77	3	4	77	230.5	A5	81	True	A	0	5/8	3.5	0	Violoncello	1	77.0	1.0	101.0	viio	False	('A', 'C', 'F#')	A	F#	1.0	diminished triad	(0, 6, 9)	g	g	#7	None
935	924	2	231.0	231	0.5	1/2	78	3	4	78	231.0	B-5	82	True	B	-1	0	1.0	1	Violoncello	1	78.0	3.0	102.0	i	True	('G', 'B-', 'D')	G	G	0.0	minor triad	(2, 7, 10)	g	g	1	None
936	924	4	231.0	231	1.0	1	78	3	4	78	231.0	G5	79	True	G	0	0	1.0	1	Violoncello	1	78.0	3.0	102.0	i	True	('G', 'B-', 'D')	G	G	0.0	minor triad	(2, 7, 10)	g	g	1	None
937	924	4	231.0	231	1.0	1	78	3	4	78	231.0	D4	62	True	D	0	0	1.0	1	Violoncello	1	78.0	3.0	102.0	i	True	('G', 'B-', 'D')	G	G	0.0	minor triad	(2, 7, 10)	g	g	1	None
938	924	8	231.0	231	2.0	2	78	3	4	78	231.0	G3	55	True	G	0	0	1.0	1	Violoncello	1	78.0	3.0	102.0	i	True	('G', 'B-', 'D')	G	G	0.0	minor triad	(2, 7, 10)	g	g	1	None
939	926	2	231.5	463/2	0.5	1/2	78	3	4	78	231.5	A5	81	True	A	0	1/8	1.5	0	Violoncello	1	78.0	3.0	102.0	i	False	('G', 'B-', 'D')	G	G	0.0	minor triad	(2, 7, 10)	g	g	1	None
940	928	2	232.0	232	0.5	1/2	78	3	4	78	232.0	B-5	82	True	B	-1	1/4	2.0	2	Violoncello	1	78.0	3.0	102.0	i	False	('G', 'B-', 'D')	G	G	0.0	minor triad	(2, 7, 10)	g	g	1	None
941	928	4	232.0	232	1.0	1	78	3	4	78	232.0	D5	74	True	D	0	1/4	2.0	2	Violoncello	1	78.0	3.0	102.0	i	False	('G', 'B-', 'D')	G	G	0.0	minor triad	(2, 7, 10)	g	g	1	None
942	928	4	232.0	232	1.0	1	78	3	4	78	232.0	G4	67	True	G	0	1/4	2.0	2	Violoncello	1	78.0	3.0	102.0	i	False	('G', 'B-', 'D')	G	G	0.0	minor triad	(2, 7, 10)	g	g	1	None
943	930	2	232.5	465/2	0.5	1/2	78	3	4	78	232.5	G5	79	True	G	0	3/8	2.5	0	Violoncello	1	78.0	3.0	102.0	i	False	('G', 'B-', 'D')	G	G	0.0	minor triad	(2, 7, 10)	g	g	1	None
944	932	2	233.0	233	0.5	1/2	78	3	4	78	233.0	A5	81	True	A	0	1/2	3.0	3	Violoncello	1	78.0	3.0	102.0	i	False	('G', 'B-', 'D')	G	G	0.0	minor triad	(2, 7, 10)	g	g	1	None
945	932	4	233.0	233	1.0	1	78	3	4	78	233.0	E-5	75	True	E	-1	1/2	3.0	3	Violoncello	1	78.0	3.0	102.0	i	False	('G', 'B-', 'D')	G	G	0.0	minor triad	(2, 7, 10)	g	g	1	None
946	932	4	233.0	233	1.0	1	78	3	4	78	233.0	B-3	58	True	B	-1	1/2	3.0	3	Violoncello	1	78.0	3.0	102.0	i	False	('G', 'B-', 'D')	G	G	0.0	minor triad	(2, 7, 10)	g	g	1	None
947	932	4	233.0	233	1.0	1	78	3	4	78	233.0	G3	55	True	G	0	1/2	3.0	3	Violoncello	1	78.0	3.0	102.0	i	False	('G', 'B-', 'D')	G	G	0.0	minor triad	(2, 7, 10)	g	g	1	None
948	934	2	233.5	467/2	0.5	1/2	78	3	4	78	233.5	B-5	82	True	B	-1	5/8	3.5	0	Violoncello	1	78.0	3.0	102.0	i	False	('G', 'B-', 'D')	G	G	0.0	minor triad	(2, 7, 10)	g	g	1	None
949	936	2	234.0	234	0.5	1/2	79	3	4	79	234.0	A5	81	True	A	0	0	1.0	1	Violoncello	1	79.0	3.0	103.0	V	True	('F#', 'A', 'D')	F#	D	1.0	major triad	(2, 6, 9)	g	g	5	None
950	936	4	234.0	234	1.0	1	79	3	4	79	234.0	D5	74	True	D	0	0	1.0	1	Violoncello	1	79.0	3.0	103.0	V	True	('F#', 'A', 'D')	F#	D	1.0	major triad	(2, 6, 9)	g	g	5	None
951	936	6	234.0	234	1.5	3/2	79	3	4	79	234.0	C4	60	True	C	0	0	1.0	1	Violoncello	1	79.0	3.0	103.0	V	True	('F#', 'A', 'D')	F#	D	1.0	major triad	(2, 6, 9)	g	g	5	None
952	936	4	234.0	234	1.0	1	79	3	4	79	234.0	F#3	54	True	F	1	0	1.0	1	Violoncello	1	79.0	3.0	103.0	V	True	('F#', 'A', 'D')	F#	D	1.0	major triad	(2, 6, 9)	g	g	5	None
953	938	2	234.5	469/2	0.5	1/2	79	3	4	79	234.5	G5	79	True	G	0	1/8	1.5	0	Violoncello	1	79.0	3.0	103.0	V	False	('F#', 'A', 'D')	F#	D	1.0	major triad	(2, 6, 9)	g	g	5	None
954	940	2	235.0	235	0.5	1/2	79	3	4	79	235.0	A5	81	True	A	0	1/4	2.0	2	Violoncello	1	79.0	3.0	103.0	V	False	('F#', 'A', 'D')	F#	D	1.0	major triad	(2, 6, 9)	g	g	5	None
955	940	6	235.0	235	1.5	3/2	79	3	4	79	235.0	D5	74	True	D	0	1/4	2.0	2	Violoncello	1	79.0	3.0	103.0	V	False	('F#', 'A', 'D')	F#	D	1.0	major triad	(2, 6, 9)	g	g	5	None
956	940	6	235.0	235	1.5	3/2	79	3	4	79	235.0	F#3	54	True	F	1	1/4	2.0	2	Violoncello	1	79.0	3.0	103.0	V	False	('F#', 'A', 'D')	F#	D	1.0	major triad	(2, 6, 9)	g	g	5	None
957	942	2	235.5	471/2	0.5	1/2	79	3	4	79	235.5	B-5	82	True	B	-1	3/8	2.5	0	Violoncello	1	79.0	3.0	103.0	V	False	('F#', 'A', 'D')	F#	D	1.0	major triad	(2, 6, 9)	g	g	5	None
958	942	2	235.5	471/2	0.5	1/2	79	3	4	79	235.5	B-3	58	True	B	-1	3/8	2.5	0	Violoncello	1	79.0	3.0	103.0	V	False	('F#', 'A', 'D')	F#	D	1.0	major triad	(2, 6, 9)	g	g	5	None
959	944	2	236.0	236	0.5	1/2	79	3	4	79	236.0	C6	84	True	C	0	1/2	3.0	3	Violoncello	1	79.0	3.0	103.0	V	False	('F#', 'A', 'D')	F#	D	1.0	major triad	(2, 6, 9)	g	g	5	None
960	944	4	236.0	236	1.0	1	79	3	4	79	236.0	A3	57	True	A	0	1/2	3.0	3	Violoncello	1	79.0	3.0	103.0	V	False	('F#', 'A', 'D')	F#	D	1.0	major triad	(2, 6, 9)	g	g	5	None
961	946	2	236.5	473/2	0.5	1/2	79	3	4	79	236.5	A5	81	True	A	0	5/8	3.5	0	Violoncello	1	79.0	3.0	103.0	V	False	('F#', 'A', 'D')	F#	D	1.0	major triad	(2, 6, 9)	g	g	5	None
962	946	2	236.5	473/2	0.5	1/2	79	3	4	79	236.5	D5	74	False	D	0	5/8	3.5	0	Violoncello	1	79.0	3.0	103.0	V	False	('F#', 'A', 'D')	F#	D	1.0	major triad	(2, 6, 9)	g	g	5	None
963	946	2	236.5	473/2	0.5	1/2	79	3	4	79	236.5	F#3	54	False	F	1	5/8	3.5	0	Violoncello	1	79.0	3.0	103.0	V	False	('F#', 'A', 'D')	F#	D	1.0	major triad	(2, 6, 9)	g	g	5	None
964	948	2	237.0	237	0.5	1/2	80	3	4	80	237.0	B-5	82	True	B	-1	0	1.0	1	Violoncello	1	80.0	1.0	104.0	i	True	('G', 'B-', 'D')	G	G	0.0	minor triad	(2, 7, 10)	g	g	1	None
965	948	6	237.0	237	1.5	3/2	80	3	4	80	237.0	D5	74	True	D	0	0	1.0	1	Violoncello	1	80.0	1.0	104.0	i	True	('G', 'B-', 'D')	G	G	0.0	minor triad	(2, 7, 10)	g	g	1	None
966	948	2	237.0	237	0.5	1/2	80	3	4	80	237.0	G3	55	True	G	0	0	1.0	1	Violoncello	1	80.0	1.0	104.0	i	True	('G', 'B-', 'D')	G	G	0.0	minor triad	(2, 7, 10)	g	g	1	None
967	948	4	237.0	237	1.0	1	80	3	4	80	237.0	G3	55	True	G	0	0	1.0	1	Violoncello	1	80.0	1.0	104.0	i	True	('G', 'B-', 'D')	G	G	0.0	minor triad	(2, 7, 10)	g	g	1	None
968	950	2	237.5	475/2	0.5	1/2	80	3	4	80	237.5	A5	81	True	A	0	1/8	1.5	0	Violoncello	1	80.0	1.0	104.0	i	False	('G', 'B-', 'D')	G	G	0.0	minor triad	(2, 7, 10)	g	g	1	None
969	950	2	237.5	475/2	0.5	1/2	80	3	4	80	237.5	A3	57	True	A	0	1/8	1.5	0	Violoncello	1	80.0	1.0	104.0	i	False	('G', 'B-', 'D')	G	G	0.0	minor triad	(2, 7, 10)	g	g	1	None
970	952	2	238.0	238	0.5	1/2	80	3	4	80	238.0	G5	79	True	G	0	1/4	2.0	2	Violoncello	1	80.0	2.0	105.0	iv	True	('E-', 'G', 'C')	E-	C	1.0	minor triad	(0, 3, 7)	g	g	4	None
971	952	4	238.0	238	1.0	1	80	3	4	80	238.0	B-3	58	True	B	-1	1/4	2.0	2	Violoncello	1	80.0	2.0	105.0	iv	True	('E-', 'G', 'C')	E-	C	1.0	minor triad	(0, 3, 7)	g	g	4	None
972	952	8	238.0	238	2.0	2	80	3	4	80	238.0	E-3	51	True	E	-1	1/4	2.0	2	Violoncello	1	80.0	2.0	105.0	iv	True	('E-', 'G', 'C')	E-	C	1.0	minor triad	(0, 3, 7)	g	g	4	None
973	954	2	238.5	477/2	0.5	1/2	80	3	4	80	238.5	F#5	78	True	F	1	3/8	2.5	0	Violoncello	1	80.0	2.0	105.0	iv	False	('E-', 'G', 'C')	E-	C	1.0	minor triad	(0, 3, 7)	g	g	4	None
974	954	2	238.5	477/2	0.5	1/2	80	3	4	80	238.5	D5	74	False	D	0	3/8	2.5	0	Violoncello	1	80.0	2.0	105.0	iv	False	('E-', 'G', 'C')	E-	C	1.0	minor triad	(0, 3, 7)	g	g	4	None
975	956	2	239.0	239	0.5	1/2	80	3	4	80	239.0	G5	79	True	G	0	1/2	3.0	3	Violoncello	1	80.0	2.0	105.0	iv	False	('E-', 'G', 'C')	E-	C	1.0	minor triad	(0, 3, 7)	g	g	4	None
976	956	4	239.0	239	1.0	1	80	3	4	80	239.0	C5	72	True	C	0	1/2	3.0	3	Violoncello	1	80.0	2.0	105.0	iv	False	('E-', 'G', 'C')	E-	C	1.0	minor triad	(0, 3, 7)	g	g	4	None
977	956	4	239.0	239	1.0	1	80	3	4	80	239.0	G3	55	True	G	0	1/2	3.0	3	Violoncello	1	80.0	2.0	105.0	iv	False	('E-', 'G', 'C')	E-	C	1.0	minor triad	(0, 3, 7)	g	g	4	None
978	958	2	239.5	479/2	0.5	1/2	80	3	4	80	239.5	E5	76	True	E	0	5/8	3.5	0	Violoncello	1	80.0	2.0	105.0	iv	False	('E-', 'G', 'C')	E-	C	1.0	minor triad	(0, 3, 7)	g	g	4	None
979	960	2	240.0	240	0.5	1/2	81	3	4	81	240.0	F#5	78	True	F	1	0	1.0	1	Violoncello	1	81.0	3.0	106.0	V	True	('D', 'F#', 'A')	D	D	0.0	major triad	(2, 6, 9)	g	g	5	None
980	960	4	240.0	240	1.0	1	81	3	4	81	240.0	C5	72	True	C	0	0	1.0	1	Violoncello	1	81.0	3.0	106.0	V	True	('D', 'F#', 'A')	D	D	0.0	major triad	(2, 6, 9)	g	g	5	None
981	960	4	240.0	240	1.0	1	81	3	4	81	240.0	A3	57	True	A	0	0	1.0	1	Violoncello	1	81.0	3.0	106.0	V	True	('D', 'F#', 'A')	D	D	0.0	major triad	(2, 6, 9)	g	g	5	None
982	960	4	240.0	240	1.0	1	81	3	4	81	240.0	D3	50	True	D	0	0	1.0	1	Violoncello	1	81.0	3.0	106.0	V	True	('D', 'F#', 'A')	D	D	0.0	major triad	(2, 6, 9)	g	g	5	None
983	962	2	240.5	481/2	0.5	1/2	81	3	4	81	240.5	E5	76	True	E	0	1/8	1.5	0	Violoncello	1	81.0	3.0	106.0	V	False	('D', 'F#', 'A')	D	D	0.0	major triad	(2, 6, 9)	g	g	5	None
984	964	2	241.0	241	0.5	1/2	81	3	4	81	241.0	F#5	78	True	F	1	1/4	2.0	2	Violoncello	1	81.0	3.0	106.0	V	False	('D', 'F#', 'A')	D	D	0.0	major triad	(2, 6, 9)	g	g	5	None
985	964	4	241.0	241	1.0	1	81	3	4	81	241.0	B-4	70	True	B	-1	1/4	2.0	2	Violoncello	1	81.0	3.0	106.0	V	False	('D', 'F#', 'A')	D	D	0.0	major triad	(2, 6, 9)	g	g	5	None
986	964	8	241.0	241	2.0	2	81	3	4	81	241.0	D4	62	True	D	0	1/4	2.0	2	Violoncello	1	81.0	3.0	106.0	V	False	('D', 'F#', 'A')	D	D	0.0	major triad	(2, 6, 9)	g	g	5	None
987	964	6	241.0	241	1.5	3/2	81	3	4	81	241.0	D3	50	True	D	0	1/4	2.0	2	Violoncello	1	81.0	3.0	106.0	V	False	('D', 'F#', 'A')	D	D	0.0	major triad	(2, 6, 9)	g	g	5	None
988	966	2	241.5	483/2	0.5	1/2	81	3	4	81	241.5	G5	79	True	G	0	3/8	2.5	0	Violoncello	1	81.0	3.0	106.0	V	False	('D', 'F#', 'A')	D	D	0.0	major triad	(2, 6, 9)	g	g	5	None
989	968	2	242.0	242	0.5	1/2	81	3	4	81	242.0	A5	81	True	A	0	1/2	3.0	3	Violoncello	1	81.0	3.0	106.0	V	False	('D', 'F#', 'A')	D	D	0.0	major triad	(2, 6, 9)	g	g	5	None
990	968	4	242.0	242	1.0	1	81	3	4	81	242.0	A4	69	True	A	0	1/2	3.0	3	Violoncello	1	81.0	3.0	106.0	V	False	('D', 'F#', 'A')	D	D	0.0	major triad	(2, 6, 9)	g	g	5	None
991	970	2	242.5	485/2	0.5	1/2	81	3	4	81	242.5	F#5	78	True	F	1	5/8	3.5	0	Violoncello	1	81.0	3.0	106.0	V	False	('D', 'F#', 'A')	D	D	0.0	major triad	(2, 6, 9)	g	g	5	None
992	970	2	242.5	485/2	0.5	1/2	81	3	4	81	242.5	D3	50	False	D	0	5/8	3.5	0	Violoncello	1	81.0	3.0	106.0	V	False	('D', 'F#', 'A')	D	D	0.0	major triad	(2, 6, 9)	g	g	5	None
993	972	2	243.0	243	0.5	1/2	82	3	4	82	243.0	G5	79	True	G	0	0	1.0	1	Violoncello	1	82.0	3.0	107.0	V/iv	True	('B', 'D', 'G')	B	G	1.0	major triad	(2, 7, 11)	g	c	5	4
994	972	4	243.0	243	1.0	1	82	3	4	82	243.0	A4	69	True	A	0	0	1.0	1	Violoncello	1	82.0	3.0	107.0	V/iv	True	('B', 'D', 'G')	B	G	1.0	major triad	(2, 7, 11)	g	c	5	4
995	972	4	243.0	243	1.0	1	82	3	4	82	243.0	D4	62	True	D	0	0	1.0	1	Violoncello	1	82.0	3.0	107.0	V/iv	True	('B', 'D', 'G')	B	G	1.0	major triad	(2, 7, 11)	g	c	5	4
996	972	4	243.0	243	1.0	1	82	3	4	82	243.0	B2	47	True	B	0	0	1.0	1	Violoncello	1	82.0	3.0	107.0	V/iv	True	('B', 'D', 'G')	B	G	1.0	major triad	(2, 7, 11)	g	c	5	4
997	974	2	243.5	487/2	0.5	1/2	82	3	4	82	243.5	F5	77	True	F	0	1/8	1.5	0	Violoncello	1	82.0	3.0	107.0	V/iv	False	('B', 'D', 'G')	B	G	1.0	major triad	(2, 7, 11)	g	c	5	4
998	976	2	244.0	244	0.5	1/2	82	3	4	82	244.0	E-5	75	True	E	-1	1/4	2.0	2	Violoncello	1	82.0	3.0	107.0	V/iv	False	('B', 'D', 'G')	B	G	1.0	major triad	(2, 7, 11)	g	c	5	4
999	976	6	244.0	244	1.5	3/2	82	3	4	82	244.0	G4	67	True	G	0	1/4	2.0	2	Violoncello	1	82.0	3.0	107.0	V/iv	False	('B', 'D', 'G')	B	G	1.0	major triad	(2, 7, 11)	g	c	5	4
1000	976	6	244.0	244	1.5	3/2	82	3	4	82	244.0	D4	62	True	D	0	1/4	2.0	2	Violoncello	1	82.0	3.0	107.0	V/iv	False	('B', 'D', 'G')	B	G	1.0	major triad	(2, 7, 11)	g	c	5	4
1001	976	6	244.0	244	1.5	3/2	82	3	4	82	244.0	B2	47	True	B	0	1/4	2.0	2	Violoncello	1	82.0	3.0	107.0	V/iv	False	('B', 'D', 'G')	B	G	1.0	major triad	(2, 7, 11)	g	c	5	4
1002	978	2	244.5	489/2	0.5	1/2	82	3	4	82	244.5	D5	74	True	D	0	3/8	2.5	0	Violoncello	1	82.0	3.0	107.0	V/iv	False	('B', 'D', 'G')	B	G	1.0	major triad	(2, 7, 11)	g	c	5	4
1003	980	2	245.0	245	0.5	1/2	82	3	4	82	245.0	C5	72	True	C	0	1/2	3.0	3	Violoncello	1	82.0	3.0	107.0	V/iv	False	('B', 'D', 'G')	B	G	1.0	major triad	(2, 7, 11)	g	c	5	4
1004	982	2	245.5	491/2	0.5	1/2	82	3	4	82	245.5	D5	74	True	D	0	5/8	3.5	0	Violoncello	1	82.0	3.0	107.0	V/iv	False	('B', 'D', 'G')	B	G	1.0	major triad	(2, 7, 11)	g	c	5	4
1005	982	2	245.5	491/2	0.5	1/2	82	3	4	82	245.5	G4	67	False	G	0	5/8	3.5	0	Violoncello	1	82.0	3.0	107.0	V/iv	False	('B', 'D', 'G')	B	G	1.0	major triad	(2, 7, 11)	g	c	5	4
1006	982	2	245.5	491/2	0.5	1/2	82	3	4	82	245.5	D4	62	False	D	0	5/8	3.5	0	Violoncello	1	82.0	3.0	107.0	V/iv	False	('B', 'D', 'G')	B	G	1.0	major triad	(2, 7, 11)	g	c	5	4
1007	982	2	245.5	491/2	0.5	1/2	82	3	4	82	245.5	B2	47	False	B	0	5/8	3.5	0	Violoncello	1	82.0	3.0	107.0	V/iv	False	('B', 'D', 'G')	B	G	1.0	major triad	(2, 7, 11)	g	c	5	4
1008	984	2	246.0	246	0.5	1/2	83	3	4	83	246.0	E-5	75	True	E	-1	0	1.0	1	Violoncello	1	83.0	3.0	108.0	iv	True	('C', 'E-', 'G')	C	C	0.0	minor triad	(0, 3, 7)	g	g	4	None
1009	984	4	246.0	246	1.0	1	83	3	4	83	246.0	G4	67	True	G	0	0	1.0	1	Violoncello	1	83.0	3.0	108.0	iv	True	('C', 'E-', 'G')	C	C	0.0	minor triad	(0, 3, 7)	g	g	4	None
1010	984	4	246.0	246	1.0	1	83	3	4	83	246.0	C4	60	True	C	0	0	1.0	1	Violoncello	1	83.0	3.0	108.0	iv	True	('C', 'E-', 'G')	C	C	0.0	minor triad	(0, 3, 7)	g	g	4	None
1011	984	4	246.0	246	1.0	1	83	3	4	83	246.0	C3	48	True	C	0	0	1.0	1	Violoncello	1	83.0	3.0	108.0	iv	True	('C', 'E-', 'G')	C	C	0.0	minor triad	(0, 3, 7)	g	g	4	None
1012	986	2	246.5	493/2	0.5	1/2	83	3	4	83	246.5	D5	74	True	D	0	1/8	1.5	0	Violoncello	1	83.0	3.0	108.0	iv	False	('C', 'E-', 'G')	C	C	0.0	minor triad	(0, 3, 7)	g	g	4	None
1013	988	2	247.0	247	0.5	1/2	83	3	4	83	247.0	C5	72	True	C	0	1/4	2.0	2	Violoncello	1	83.0	3.0	108.0	iv	False	('C', 'E-', 'G')	C	C	0.0	minor triad	(0, 3, 7)	g	g	4	None
1014	988	8	247.0	247	2.0	2	83	3	4	83	247.0	G4	67	True	G	0	1/4	2.0	2	Violoncello	1	83.0	3.0	108.0	iv	False	('C', 'E-', 'G')	C	C	0.0	minor triad	(0, 3, 7)	g	g	4	None
1015	988	6	247.0	247	1.5	3/2	83	3	4	83	247.0	E-4	63	True	E	-1	1/4	2.0	2	Violoncello	1	83.0	3.0	108.0	iv	False	('C', 'E-', 'G')	C	C	0.0	minor triad	(0, 3, 7)	g	g	4	None
1016	988	8	247.0	247	2.0	2	83	3	4	83	247.0	C3	48	True	C	0	1/4	2.0	2	Violoncello	1	83.0	3.0	108.0	iv	False	('C', 'E-', 'G')	C	C	0.0	minor triad	(0, 3, 7)	g	g	4	None
1017	990	2	247.5	495/2	0.5	1/2	83	3	4	83	247.5	B-4	70	True	B	-1	3/8	2.5	0	Violoncello	1	83.0	3.0	108.0	iv	False	('C', 'E-', 'G')	C	C	0.0	minor triad	(0, 3, 7)	g	g	4	None
1018	992	2	248.0	248	0.5	1/2	83	3	4	83	248.0	A4	69	True	A	0	1/2	3.0	3	Violoncello	1	83.0	3.0	108.0	iv	False	('C', 'E-', 'G')	C	C	0.0	minor triad	(0, 3, 7)	g	g	4	None
1019	994	2	248.5	497/2	0.5	1/2	83	3	4	83	248.5	B-4	70	True	B	-1	5/8	3.5	0	Violoncello	1	83.0	3.0	108.0	iv	False	('C', 'E-', 'G')	C	C	0.0	minor triad	(0, 3, 7)	g	g	4	None
1020	994	2	248.5	497/2	0.5	1/2	83	3	4	83	248.5	E-4	63	False	E	-1	5/8	3.5	0	Violoncello	1	83.0	3.0	108.0	iv	False	('C', 'E-', 'G')	C	C	0.0	minor triad	(0, 3, 7)	g	g	4	None
1021	996	2	249.0	249	0.5	1/2	84	3	4	84	249.0	C5	72	True	C	0	0	1.0	1	Violoncello	1	84.0	3.0	109.0	V7	True	('D', 'F#', 'A', 'C')	D	D	0.0	dominant seventh chord	(0, 2, 6, 9)	g	g	5	None
1022	996	6	249.0	249	1.5	3/2	84	3	4	84	249.0	G4	67	True	G	0	0	1.0	1	Violoncello	1	84.0	3.0	109.0	V7	True	('D', 'F#', 'A', 'C')	D	D	0.0	dominant seventh chord	(0, 2, 6, 9)	g	g	5	None
1023	996	6	249.0	249	1.5	3/2	84	3	4	84	249.0	A3	57	True	A	0	0	1.0	1	Violoncello	1	84.0	3.0	109.0	V7	True	('D', 'F#', 'A', 'C')	D	D	0.0	dominant seventh chord	(0, 2, 6, 9)	g	g	5	None
1024	996	12	249.0	249	3.0	3	84	3	4	84	249.0	D3	50	True	D	0	0	1.0	1	Violoncello	1	84.0	3.0	109.0	V7	True	('D', 'F#', 'A', 'C')	D	D	0.0	dominant seventh chord	(0, 2, 6, 9)	g	g	5	None
1025	998	2	249.5	499/2	0.5	1/2	84	3	4	84	249.5	A4	69	True	A	0	1/8	1.5	0	Violoncello	1	84.0	3.0	109.0	V7	False	('D', 'F#', 'A', 'C')	D	D	0.0	dominant seventh chord	(0, 2, 6, 9)	g	g	5	None
1026	1000	2	250.0	250	0.5	1/2	84	3	4	84	250.0	D5	74	True	D	0	1/4	2.0	2	Violoncello	1	84.0	3.0	109.0	V7	False	('D', 'F#', 'A', 'C')	D	D	0.0	dominant seventh chord	(0, 2, 6, 9)	g	g	5	None
1027	1002	2	250.5	501/2	0.5	1/2	84	3	4	84	250.5	C5	72	True	C	0	3/8	2.5	0	Violoncello	1	84.0	3.0	109.0	V7	False	('D', 'F#', 'A', 'C')	D	D	0.0	dominant seventh chord	(0, 2, 6, 9)	g	g	5	None
1028	1002	2	250.5	501/2	0.5	1/2	84	3	4	84	250.5	G4	67	False	G	0	3/8	2.5	0	Violoncello	1	84.0	3.0	109.0	V7	False	('D', 'F#', 'A', 'C')	D	D	0.0	dominant seventh chord	(0, 2, 6, 9)	g	g	5	None
1029	1002	2	250.5	501/2	0.5	1/2	84	3	4	84	250.5	A3	57	False	A	0	3/8	2.5	0	Violoncello	1	84.0	3.0	109.0	V7	False	('D', 'F#', 'A', 'C')	D	D	0.0	dominant seventh chord	(0, 2, 6, 9)	g	g	5	None
1030	1004	2	251.0	251	0.5	1/2	84	3	4	84	251.0	B-4	70	True	B	-1	1/2	3.0	3	Violoncello	1	84.0	3.0	109.0	V7	False	('D', 'F#', 'A', 'C')	D	D	0.0	dominant seventh chord	(0, 2, 6, 9)	g	g	5	None
1031	1004	4	251.0	251	1.0	1	84	3	4	84	251.0	F#4	66	True	F	1	1/2	3.0	3	Violoncello	1	84.0	3.0	109.0	V7	False	('D', 'F#', 'A', 'C')	D	D	0.0	dominant seventh chord	(0, 2, 6, 9)	g	g	5	None
1032	1004	4	251.0	251	1.0	1	84	3	4	84	251.0	D4	62	True	D	0	1/2	3.0	3	Violoncello	1	84.0	3.0	109.0	V7	False	('D', 'F#', 'A', 'C')	D	D	0.0	dominant seventh chord	(0, 2, 6, 9)	g	g	5	None
1033	1006	2	251.5	503/2	0.5	1/2	84	3	4	84	251.5	A4	69	True	A	0	5/8	3.5	0	Violoncello	1	84.0	3.0	109.0	V7	False	('D', 'F#', 'A', 'C')	D	D	0.0	dominant seventh chord	(0, 2, 6, 9)	g	g	5	None
1034	1008	2	252.0	252	0.5	1/2	85	3	4	85	252.0	B-4	70	True	B	-1	0	1.0	1	Violoncello	1	85.0	3.0	110.0	i	True	('G', 'B-', 'D')	G	G	0.0	minor triad	(2, 7, 10)	g	g	1	None
1035	1008	2	252.0	252	0.5	1/2	85	3	4	85	252.0	G4	67	True	G	0	0	1.0	1	Violoncello	1	85.0	3.0	110.0	i	True	('G', 'B-', 'D')	G	G	0.0	minor triad	(2, 7, 10)	g	g	1	None
1036	1008	12	252.0	252	3.0	3	85	3	4	85	252.0	D4	62	True	D	0	0	1.0	1	Violoncello	1	85.0	3.0	110.0	i	True	('G', 'B-', 'D')	G	G	0.0	minor triad	(2, 7, 10)	g	g	1	None
1037	1008	12	252.0	252	3.0	3	85	3	4	85	252.0	G2	43	True	G	0	0	1.0	1	Violoncello	1	85.0	3.0	110.0	i	True	('G', 'B-', 'D')	G	G	0.0	minor triad	(2, 7, 10)	g	g	1	None
1038	1010	2	252.5	505/2	0.5	1/2	85	3	4	85	252.5	F#4	66	True	F	1	1/8	1.5	0	Violoncello	1	85.0	3.0	110.0	i	False	('G', 'B-', 'D')	G	G	0.0	minor triad	(2, 7, 10)	g	g	1	None
1039	1010	2	252.5	505/2	0.5	1/2	85	3	4	85	252.5	D4	62	True	D	0	1/8	1.5	0	Violoncello	1	85.0	3.0	110.0	i	False	('G', 'B-', 'D')	G	G	0.0	minor triad	(2, 7, 10)	g	g	1	None
1040	1012	2	253.0	253	0.5	1/2	85	3	4	85	253.0	G4	67	True	G	0	1/4	2.0	2	Violoncello	1	85.0	3.0	110.0	i	False	('G', 'B-', 'D')	G	G	0.0	minor triad	(2, 7, 10)	g	g	1	None
1041	1012	2	253.0	253	0.5	1/2	85	3	4	85	253.0	E4	64	True	E	0	1/4	2.0	2	Violoncello	1	85.0	3.0	110.0	i	False	('G', 'B-', 'D')	G	G	0.0	minor triad	(2, 7, 10)	g	g	1	None
1042	1014	2	253.5	507/2	0.5	1/2	85	3	4	85	253.5	A4	69	True	A	0	3/8	2.5	0	Violoncello	1	85.0	3.0	110.0	i	False	('G', 'B-', 'D')	G	G	0.0	minor triad	(2, 7, 10)	g	g	1	None
1043	1014	2	253.5	507/2	0.5	1/2	85	3	4	85	253.5	F#4	66	True	F	1	3/8	2.5	0	Violoncello	1	85.0	3.0	110.0	i	False	('G', 'B-', 'D')	G	G	0.0	minor triad	(2, 7, 10)	g	g	1	None
1044	1016	2	254.0	254	0.5	1/2	85	3	4	85	254.0	B-4	70	True	B	-1	1/2	3.0	3	Violoncello	1	85.0	3.0	110.0	i	False	('G', 'B-', 'D')	G	G	0.0	minor triad	(2, 7, 10)	g	g	1	None
1045	1016	2	254.0	254	0.5	1/2	85	3	4	85	254.0	G4	67	True	G	0	1/2	3.0	3	Violoncello	1	85.0	3.0	110.0	i	False	('G', 'B-', 'D')	G	G	0.0	minor triad	(2, 7, 10)	g	g	1	None
1046	1018	2	254.5	509/2	0.5	1/2	85	3	4	85	254.5	C5	72	True	C	0	5/8	3.5	0	Violoncello	1	85.0	3.0	110.0	i	False	('G', 'B-', 'D')	G	G	0.0	minor triad	(2, 7, 10)	g	g	1	None
1047	1018	2	254.5	509/2	0.5	1/2	85	3	4	85	254.5	A4	69	True	A	0	5/8	3.5	0	Violoncello	1	85.0	3.0	110.0	i	False	('G', 'B-', 'D')	G	G	0.0	minor triad	(2, 7, 10)	g	g	1	None
1048	1020	3	255.0	255	0.75	3/4	86	3	4	86	255.0	D5	74	True	D	0	0	1.0	1	Violoncello	1	86.0	1.0	111.0	i	True	('G', 'B-', 'D')	G	G	0.0	minor triad	(2, 7, 10)	g	g	1	None
1049	1020	3	255.0	255	0.75	3/4	86	3	4	86	255.0	B-4	70	True	B	-1	0	1.0	1	Violoncello	1	86.0	1.0	111.0	i	True	('G', 'B-', 'D')	G	G	0.0	minor triad	(2, 7, 10)	g	g	1	None
1050	1020	8	255.0	255	2.0	2	86	3	4	86	255.0	G4	67	True	G	0	0	1.0	1	Violoncello	1	86.0	1.0	111.0	i	True	('G', 'B-', 'D')	G	G	0.0	minor triad	(2, 7, 10)	g	g	1	None
1051	1023	1	255.75	1023/4	0.25	1/4	86	3	4	86	255.75	E-5	75	True	E	-1	3/16	1.75	0	Violoncello	1	86.0	1.0	111.0	i	False	('G', 'B-', 'D')	G	G	0.0	minor triad	(2, 7, 10)	g	g	1	None
1052	1023	1	255.75	1023/4	0.25	1/4	86	3	4	86	255.75	C5	72	True	C	0	3/16	1.75	0	Violoncello	1	86.0	1.0	111.0	i	False	('G', 'B-', 'D')	G	G	0.0	minor triad	(2, 7, 10)	g	g	1	None
1053	1024	6	256.0	256	1.5	3/2	86	3	4	86	256.0	C5	72	True	C	0	1/4	2.0	2	Violoncello	1	86.0	2.0	112.0	V7/V	True	('G', 'A', 'C#', 'E')	G	A	3.0	dominant seventh chord	(1, 4, 7, 9)	g	D	5	5
1054	1024	6	256.0	256	1.5	3/2	86	3	4	86	256.0	A4	69	True	A	0	1/4	2.0	2	Violoncello	1	86.0	2.0	112.0	V7/V	True	('G', 'A', 'C#', 'E')	G	A	3.0	dominant seventh chord	(1, 4, 7, 9)	g	D	5	5
1055	1028	4	257.0	257	1.0	1	86	3	4	86	257.0	G4	67	True	G	0	1/2	3.0	3	Violoncello	1	86.0	2.0	112.0	V7/V	False	('G', 'A', 'C#', 'E')	G	A	3.0	dominant seventh chord	(1, 4, 7, 9)	g	D	5	5
1056	1030	2	257.5	515/2	0.5	1/2	86	3	4	86	257.5	C5	72	False	C	0	5/8	3.5	0	Violoncello	1	86.0	2.0	112.0	V7/V	False	('G', 'A', 'C#', 'E')	G	A	3.0	dominant seventh chord	(1, 4, 7, 9)	g	D	5	5
1057	1030	2	257.5	515/2	0.5	1/2	86	3	4	86	257.5	A4	69	False	A	0	5/8	3.5	0	Violoncello	1	86.0	2.0	112.0	V7/V	False	('G', 'A', 'C#', 'E')	G	A	3.0	dominant seventh chord	(1, 4, 7, 9)	g	D	5	5
1058	1032	6	258.0	258	1.5	3/2	87	3	4	87	258.0	C5	72	True	C	0	0	1.0	1	Violoncello	1	87.0	3.0	113.0	V7	True	('F#', 'A', 'C', 'D')	F#	D	1.0	dominant seventh chord	(0, 2, 6, 9)	g	g	5	None
1059	1032	8	258.0	258	2.0	2	87	3	4	87	258.0	A4	69	True	A	0	0	1.0	1	Violoncello	1	87.0	3.0	113.0	V7	True	('F#', 'A', 'C', 'D')	F#	D	1.0	dominant seventh chord	(0, 2, 6, 9)	g	g	5	None
1060	1032	4	258.0	258	1.0	1	87	3	4	87	258.0	F#4	66	True	F	1	0	1.0	1	Violoncello	1	87.0	3.0	113.0	V7	True	('F#', 'A', 'C', 'D')	F#	D	1.0	dominant seventh chord	(0, 2, 6, 9)	g	g	5	None
1061	1036	6	259.0	259	1.5	3/2	87	3	4	87	259.0	F#4	66	True	F	1	1/4	2.0	2	Violoncello	1	87.0	3.0	113.0	V7	False	('F#', 'A', 'C', 'D')	F#	D	1.0	dominant seventh chord	(0, 2, 6, 9)	g	g	5	None
1062	1038	2	259.5	519/2	0.5	1/2	87	3	4	87	259.5	D5	74	True	D	0	3/8	2.5	0	Violoncello	1	87.0	3.0	113.0	V7	False	('F#', 'A', 'C', 'D')	F#	D	1.0	dominant seventh chord	(0, 2, 6, 9)	g	g	5	None
1063	1040	4	260.0	260	1.0	1	87	3	4	87	260.0	B4	71	True	B	0	1/2	3.0	3	Violoncello	1	87.0	3.0	113.0	V7	False	('F#', 'A', 'C', 'D')	F#	D	1.0	dominant seventh chord	(0, 2, 6, 9)	g	g	5	None
1064	1040	2	260.0	260	0.5	1/2	87	3	4	87	260.0	A4	69	False	A	0	1/2	3.0	3	Violoncello	1	87.0	3.0	113.0	V7	False	('F#', 'A', 'C', 'D')	F#	D	1.0	dominant seventh chord	(0, 2, 6, 9)	g	g	5	None
1065	1042	2	260.5	521/2	0.5	1/2	87	3	4	87	260.5	A4	69	True	A	0	5/8	3.5	0	Violoncello	1	87.0	3.0	113.0	V7	False	('F#', 'A', 'C', 'D')	F#	D	1.0	dominant seventh chord	(0, 2, 6, 9)	g	g	5	None
1066	1042	2	260.5	521/2	0.5	1/2	87	3	4	87	260.5	F#4	66	False	F	1	5/8	3.5	0	Violoncello	1	87.0	3.0	113.0	V7	False	('F#', 'A', 'C', 'D')	F#	D	1.0	dominant seventh chord	(0, 2, 6, 9)	g	g	5	None
1067	1044	4	261.0	261	1.0	1	88	3	4	88	261.0	B-4	70	True	B	-1	0	1.0	1	Violoncello	1	88.0	1.0	114.0	i	True	('G', 'B-', 'D')	G	G	0.0	minor triad	(2, 7, 10)	g	g	1	None
1068	1044	2	261.0	261	0.5	1/2	88	3	4	88	261.0	A4	69	True	A	0	0	1.0	1	Violoncello	1	88.0	1.0	114.0	i	True	('G', 'B-', 'D')	G	G	0.0	minor triad	(2, 7, 10)	g	g	1	None
1069	1044	4	261.0	261	1.0	1	88	3	4	88	261.0	G4	67	True	G	0	0	1.0	1	Violoncello	1	88.0	1.0	114.0	i	True	('G', 'B-', 'D')	G	G	0.0	minor triad	(2, 7, 10)	g	g	1	None
1070	1046	2	261.5	523/2	0.5	1/2	88	3	4	88	261.5	G4	67	True	G	0	1/8	1.5	0	Violoncello	1	88.0	1.0	114.0	i	False	('G', 'B-', 'D')	G	G	0.0	minor triad	(2, 7, 10)	g	g	1	None
1071	1048	6	262.0	262	1.5	3/2	88	3	4	88	262.0	B-4	70	True	B	-1	1/4	2.0	2	Violoncello	1	88.0	2.0	115.0	iv	True	('E-', 'G', 'C')	E-	C	1.0	minor triad	(0, 3, 7)	g	g	4	None
1072	1048	6	262.0	262	1.5	3/2	88	3	4	88	262.0	G4	67	True	G	0	1/4	2.0	2	Violoncello	1	88.0	2.0	115.0	iv	True	('E-', 'G', 'C')	E-	C	1.0	minor triad	(0, 3, 7)	g	g	4	None
1073	1048	8	262.0	262	2.0	2	88	3	4	88	262.0	E-4	63	True	E	-1	1/4	2.0	2	Violoncello	1	88.0	2.0	115.0	iv	True	('E-', 'G', 'C')	E-	C	1.0	minor triad	(0, 3, 7)	g	g	4	None
1074	1054	2	263.5	527/2	0.5	1/2	88	3	4	88	263.5	C5	72	True	C	0	5/8	3.5	0	Violoncello	1	88.0	2.0	115.0	iv	False	('E-', 'G', 'C')	E-	C	1.0	minor triad	(0, 3, 7)	g	g	4	None
1075	1054	2	263.5	527/2	0.5	1/2	88	3	4	88	263.5	A4	69	True	A	0	5/8	3.5	0	Violoncello	1	88.0	2.0	115.0	iv	False	('E-', 'G', 'C')	E-	C	1.0	minor triad	(0, 3, 7)	g	g	4	None
1076	1056	4	264.0	264	1.0	1	89	3	4	89	264.0	B-4	70	True	B	-1	0	1.0	1	Violoncello	1	89.0	1.0	116.0	i	True	('D', 'G', 'B-')	D	G	2.0	minor triad	(2, 7, 10)	g	g	1	None
1077	1056	4	264.0	264	1.0	1	89	3	4	89	264.0	G4	67	True	G	0	0	1.0	1	Violoncello	1	89.0	1.0	116.0	i	True	('D', 'G', 'B-')	D	G	2.0	minor triad	(2, 7, 10)	g	g	1	None
1078	1056	4	264.0	264	1.0	1	89	3	4	89	264.0	D4	62	True	D	0	0	1.0	1	Violoncello	1	89.0	1.0	116.0	i	True	('D', 'G', 'B-')	D	G	2.0	minor triad	(2, 7, 10)	g	g	1	None
1079	1060	6	265.0	265	1.5	3/2	89	3	4	89	265.0	A4	69	True	A	0	1/4	2.0	2	Violoncello	1	89.0	2.0	117.0	V	True	('D', 'F#', 'A')	D	D	0.0	major triad	(2, 6, 9)	g	g	5	None
1080	1060	6	265.0	265	1.5	3/2	89	3	4	89	265.0	F#4	66	True	F	1	1/4	2.0	2	Violoncello	1	89.0	2.0	117.0	V	True	('D', 'F#', 'A')	D	D	0.0	major triad	(2, 6, 9)	g	g	5	None
1081	1060	6	265.0	265	1.5	3/2	89	3	4	89	265.0	D4	62	True	D	0	1/4	2.0	2	Violoncello	1	89.0	2.0	117.0	V	True	('D', 'F#', 'A')	D	D	0.0	major triad	(2, 6, 9)	g	g	5	None
1082	1066	2	266.5	533/2	0.5	1/2	89	3	4	89	266.5	A4	69	False	A	0	5/8	3.5	0	Violoncello	1	89.0	2.0	117.0	V	False	('D', 'F#', 'A')	D	D	0.0	major triad	(2, 6, 9)	g	g	5	None
1083	1066	2	266.5	533/2	0.5	1/2	89	3	4	89	266.5	E4	64	True	E	0	5/8	3.5	0	Violoncello	1	89.0	2.0	117.0	V	False	('D', 'F#', 'A')	D	D	0.0	major triad	(2, 6, 9)	g	g	5	None
1084	1066	2	266.5	533/2	0.5	1/2	89	3	4	89	266.5	D4	62	False	D	0	5/8	3.5	0	Violoncello	1	89.0	2.0	117.0	V	False	('D', 'F#', 'A')	D	D	0.0	major triad	(2, 6, 9)	g	g	5	None
1085	1068	4	267.0	267	1.0	1	90	3	4	90	267.0	D5	74	True	D	0	0	1.0	1	Violoncello	1	90.0	3.0	118.0	V/iv	True	('B', 'D', 'G')	B	G	1.0	major triad	(2, 7, 11)	g	c	5	4
1086	1068	4	267.0	267	1.0	1	90	3	4	90	267.0	F4	65	True	F	0	0	1.0	1	Violoncello	1	90.0	3.0	118.0	V/iv	True	('B', 'D', 'G')	B	G	1.0	major triad	(2, 7, 11)	g	c	5	4
1087	1068	4	267.0	267	1.0	1	90	3	4	90	267.0	B3	59	True	B	0	0	1.0	1	Violoncello	1	90.0	3.0	118.0	V/iv	True	('B', 'D', 'G')	B	G	1.0	major triad	(2, 7, 11)	g	c	5	4
1088	1072	6	268.0	268	1.5	3/2	90	3	4	90	268.0	D5	74	True	D	0	1/4	2.0	2	Violoncello	1	90.0	3.0	118.0	V/iv	False	('B', 'D', 'G')	B	G	1.0	major triad	(2, 7, 11)	g	c	5	4
1089	1072	6	268.0	268	1.5	3/2	90	3	4	90	268.0	F4	65	True	F	0	1/4	2.0	2	Violoncello	1	90.0	3.0	118.0	V/iv	False	('B', 'D', 'G')	B	G	1.0	major triad	(2, 7, 11)	g	c	5	4
1090	1072	6	268.0	268	1.5	3/2	90	3	4	90	268.0	B3	59	True	B	0	1/4	2.0	2	Violoncello	1	90.0	3.0	118.0	V/iv	False	('B', 'D', 'G')	B	G	1.0	major triad	(2, 7, 11)	g	c	5	4
1091	1078	2	269.5	539/2	0.5	1/2	90	3	4	90	269.5	D5	74	False	D	0	5/8	3.5	0	Violoncello	1	90.0	3.0	118.0	V/iv	False	('B', 'D', 'G')	B	G	1.0	major triad	(2, 7, 11)	g	c	5	4
1092	1078	2	269.5	539/2	0.5	1/2	90	3	4	90	269.5	G4	67	True	G	0	5/8	3.5	0	Violoncello	1	90.0	3.0	118.0	V/iv	False	('B', 'D', 'G')	B	G	1.0	major triad	(2, 7, 11)	g	c	5	4
1093	1078	2	269.5	539/2	0.5	1/2	90	3	4	90	269.5	B3	59	False	B	0	5/8	3.5	0	Violoncello	1	90.0	3.0	118.0	V/iv	False	('B', 'D', 'G')	B	G	1.0	major triad	(2, 7, 11)	g	c	5	4
1094	1080	2	270.0	270	0.5	1/2	91	3	4	91	270.0	D5	74	True	D	0	0	1.0	1	Violoncello	1	91.0	3.0	119.0	iv	True	('C', 'E-', 'G')	C	C	0.0	minor triad	(0, 3, 7)	g	g	4	None
1095	1080	4	270.0	270	1.0	1	91	3	4	91	270.0	E4	64	True	E	0	0	1.0	1	Violoncello	1	91.0	3.0	119.0	iv	True	('C', 'E-', 'G')	C	C	0.0	minor triad	(0, 3, 7)	g	g	4	None
1096	1080	4	270.0	270	1.0	1	91	3	4	91	270.0	C4	60	True	C	0	0	1.0	1	Violoncello	1	91.0	3.0	119.0	iv	True	('C', 'E-', 'G')	C	C	0.0	minor triad	(0, 3, 7)	g	g	4	None
1097	1082	2	270.5	541/2	0.5	1/2	91	3	4	91	270.5	C5	72	True	C	0	1/8	1.5	0	Violoncello	1	91.0	3.0	119.0	iv	False	('C', 'E-', 'G')	C	C	0.0	minor triad	(0, 3, 7)	g	g	4	None
1098	1084	2	271.0	271	0.5	1/2	91	3	4	91	271.0	E-5	75	True	E	-1	1/4	2.0	2	Violoncello	1	91.0	3.0	119.0	iv	False	('C', 'E-', 'G')	C	C	0.0	minor triad	(0, 3, 7)	g	g	4	None
1099	1084	4	271.0	271	1.0	1	91	3	4	91	271.0	F#4	66	True	F	1	1/4	2.0	2	Violoncello	1	91.0	3.0	119.0	iv	False	('C', 'E-', 'G')	C	C	0.0	minor triad	(0, 3, 7)	g	g	4	None
1100	1084	8	271.0	271	2.0	2	91	3	4	91	271.0	C4	60	True	C	0	1/4	2.0	2	Violoncello	1	91.0	3.0	119.0	iv	False	('C', 'E-', 'G')	C	C	0.0	minor triad	(0, 3, 7)	g	g	4	None
1101	1086	2	271.5	543/2	0.5	1/2	91	3	4	91	271.5	D5	74	True	D	0	3/8	2.5	0	Violoncello	1	91.0	3.0	119.0	iv	False	('C', 'E-', 'G')	C	C	0.0	minor triad	(0, 3, 7)	g	g	4	None
1102	1088	2	272.0	272	0.5	1/2	91	3	4	91	272.0	C5	72	True	C	0	1/2	3.0	3	Violoncello	1	91.0	3.0	119.0	iv	False	('C', 'E-', 'G')	C	C	0.0	minor triad	(0, 3, 7)	g	g	4	None
1103	1088	4	272.0	272	1.0	1	91	3	4	91	272.0	G4	67	True	G	0	1/2	3.0	3	Violoncello	1	91.0	3.0	119.0	iv	False	('C', 'E-', 'G')	C	C	0.0	minor triad	(0, 3, 7)	g	g	4	None
1104	1090	2	272.5	545/2	0.5	1/2	91	3	4	91	272.5	B-4	70	True	B	-1	5/8	3.5	0	Violoncello	1	91.0	3.0	119.0	iv	False	('C', 'E-', 'G')	C	C	0.0	minor triad	(0, 3, 7)	g	g	4	None
1105	1092	2	273.0	273	0.5	1/2	92	3	4	92	273.0	A4	69	True	A	0	0	1.0	1	Violoncello	1	92.0	2.0	120.0	i	True	('D', 'G', 'B-')	D	G	2.0	minor triad	(2, 7, 10)	g	g	1	None
1106	1092	4	273.0	273	1.0	1	92	3	4	92	273.0	G4	67	False	G	0	0	1.0	1	Violoncello	1	92.0	2.0	120.0	i	True	('D', 'G', 'B-')	D	G	2.0	minor triad	(2, 7, 10)	g	g	1	None
1107	1092	12	273.0	273	3.0	3	92	3	4	92	273.0	D4	62	True	D	0	0	1.0	1	Violoncello	1	92.0	2.0	120.0	i	True	('D', 'G', 'B-')	D	G	2.0	minor triad	(2, 7, 10)	g	g	1	None
1108	1094	1	273.5	547/2	0.25	1/4	92	3	4	92	273.5	B-4	70	True	B	-1	1/8	1.5	0	Violoncello	1	92.0	2.0	120.0	i	False	('D', 'G', 'B-')	D	G	2.0	minor triad	(2, 7, 10)	g	g	1	None
1109	1095	1	273.75	1095/4	0.25	1/4	92	3	4	92	273.75	C5	72	True	C	0	3/16	1.75	0	Violoncello	1	92.0	2.0	120.0	i	False	('D', 'G', 'B-')	D	G	2.0	minor triad	(2, 7, 10)	g	g	1	None
1110	1096	4	274.0	274	1.0	1	92	3	4	92	274.0	B-4	70	True	B	-1	1/4	2.0	2	Violoncello	1	92.0	2.0	120.0	i	False	('D', 'G', 'B-')	D	G	2.0	minor triad	(2, 7, 10)	g	g	1	None
1111	1096	4	274.0	274	1.0	1	92	3	4	92	274.0	G4	67	True	G	0	1/4	2.0	2	Violoncello	1	92.0	2.0	120.0	i	False	('D', 'G', 'B-')	D	G	2.0	minor triad	(2, 7, 10)	g	g	1	None
1112	1100	2	275.0	275	0.5	1/2	92	3	4	92	275.0	A4	69	True	A	0	1/2	3.0	3	Violoncello	1	92.0	1.0	121.0	V7	True	('D', 'F#', 'A', 'C')	D	D	0.0	dominant seventh chord	(0, 2, 6, 9)	g	g	5	None
1113	1100	4	275.0	275	1.0	1	92	3	4	92	275.0	F#4	66	True	F	1	1/2	3.0	3	Violoncello	1	92.0	1.0	121.0	V7	True	('D', 'F#', 'A', 'C')	D	D	0.0	dominant seventh chord	(0, 2, 6, 9)	g	g	5	None
1114	1102	2	275.5	551/2	0.5	1/2	92	3	4	92	275.5	G4	67	True	G	0	5/8	3.5	0	Violoncello	1	92.0	1.0	121.0	V7	False	('D', 'F#', 'A', 'C')	D	D	0.0	dominant seventh chord	(0, 2, 6, 9)	g	g	5	None
1115	1104	6	276.0	276	1.5	3/2	93	3	4	93	276.0	G4	67	True	G	0	0	1.0	1	Violoncello	1	93.0	3.0	122.0	i	True	('G', 'B-', 'D')	G	G	0.0	minor triad	(2, 7, 10)	g	g	1	None
1116	1104	8	276.0	276	2.0	2	93	3	4	93	276.0	G4	67	True	G	0	0	1.0	1	Violoncello	1	93.0	3.0	122.0	i	True	('G', 'B-', 'D')	G	G	0.0	minor triad	(2, 7, 10)	g	g	1	None
1117	1104	12	276.0	276	3.0	3	93	3	4	93	276.0	G3	55	True	G	0	0	1.0	1	Violoncello	1	93.0	3.0	122.0	i	True	('G', 'B-', 'D')	G	G	0.0	minor triad	(2, 7, 10)	g	g	1	None
1118	1110	2	277.5	555/2	0.5	1/2	93	3	4	93	277.5	D5	74	True	D	0	3/8	2.5	0	Violoncello	1	93.0	3.0	122.0	i	False	('G', 'B-', 'D')	G	G	0.0	minor triad	(2, 7, 10)	g	g	1	None
1119	1112	3	278.0	278	0.75	3/4	93	3	4	93	278.0	E5	76	True	E	0	1/2	3.0	3	Violoncello	1	93.0	3.0	122.0	i	False	('G', 'B-', 'D')	G	G	0.0	minor triad	(2, 7, 10)	g	g	1	None
1120	1112	3	278.0	278	0.75	3/4	93	3	4	93	278.0	G4	67	False	G	0	1/2	3.0	3	Violoncello	1	93.0	3.0	122.0	i	False	('G', 'B-', 'D')	G	G	0.0	minor triad	(2, 7, 10)	g	g	1	None
1121	1115	1	278.75	1115/4	0.25	1/4	93	3	4	93	278.75	F#5	78	True	F	1	11/16	3.75	0	Violoncello	1	93.0	3.0	122.0	i	False	('G', 'B-', 'D')	G	G	0.0	minor triad	(2, 7, 10)	g	g	1	None
1122	1115	1	278.75	1115/4	0.25	1/4	93	3	4	93	278.75	A4	69	True	A	0	11/16	3.75	0	Violoncello	1	93.0	3.0	122.0	i	False	('G', 'B-', 'D')	G	G	0.0	minor triad	(2, 7, 10)	g	g	1	None
1123	1116	4	279.0	279	1.0	1	94	3	4	94	279.0	G5	79	True	G	0	0	1.0	1	Violoncello	1	94.0	3.0	123.0	i	True	('G', 'B-', 'D')	G	G	0.0	minor triad	(2, 7, 10)	g	g	1	None
1124	1116	2	279.0	279	0.5	1/2	94	3	4	94	279.0	B-4	70	True	B	-1	0	1.0	1	Violoncello	1	94.0	3.0	123.0	i	True	('G', 'B-', 'D')	G	G	0.0	minor triad	(2, 7, 10)	g	g	1	None
1125	1116	8	279.0	279	2.0	2	94	3	4	94	279.0	D4	62	True	D	0	0	1.0	1	Violoncello	1	94.0	3.0	123.0	i	True	('G', 'B-', 'D')	G	G	0.0	minor triad	(2, 7, 10)	g	g	1	None
1126	1116	8	279.0	279	2.0	2	94	3	4	94	279.0	G3	55	True	G	0	0	1.0	1	Violoncello	1	94.0	3.0	123.0	i	True	('G', 'B-', 'D')	G	G	0.0	minor triad	(2, 7, 10)	g	g	1	None
1127	1118	2	279.5	559/2	0.5	1/2	94	3	4	94	279.5	A4	69	True	A	0	1/8	1.5	0	Violoncello	1	94.0	3.0	123.0	i	False	('G', 'B-', 'D')	G	G	0.0	minor triad	(2, 7, 10)	g	g	1	None
1128	1120	6	280.0	280	1.5	3/2	94	3	4	94	280.0	G5	79	True	G	0	1/4	2.0	2	Violoncello	1	94.0	3.0	123.0	i	False	('G', 'B-', 'D')	G	G	0.0	minor triad	(2, 7, 10)	g	g	1	None
1129	1120	2	280.0	280	0.5	1/2	94	3	4	94	280.0	B-4	70	True	B	-1	1/4	2.0	2	Violoncello	1	94.0	3.0	123.0	i	False	('G', 'B-', 'D')	G	G	0.0	minor triad	(2, 7, 10)	g	g	1	None
1130	1122	2	280.5	561/2	0.5	1/2	94	3	4	94	280.5	C5	72	True	C	0	3/8	2.5	0	Violoncello	1	94.0	3.0	123.0	i	False	('G', 'B-', 'D')	G	G	0.0	minor triad	(2, 7, 10)	g	g	1	None
1131	1124	2	281.0	281	0.5	1/2	94	3	4	94	281.0	D5	74	True	D	0	1/2	3.0	3	Violoncello	1	94.0	3.0	123.0	i	False	('G', 'B-', 'D')	G	G	0.0	minor triad	(2, 7, 10)	g	g	1	None
1132	1124	4	281.0	281	1.0	1	94	3	4	94	281.0	D4	62	True	D	0	1/2	3.0	3	Violoncello	1	94.0	3.0	123.0	i	False	('G', 'B-', 'D')	G	G	0.0	minor triad	(2, 7, 10)	g	g	1	None
1133	1124	4	281.0	281	1.0	1	94	3	4	94	281.0	G3	55	True	G	0	1/2	3.0	3	Violoncello	1	94.0	3.0	123.0	i	False	('G', 'B-', 'D')	G	G	0.0	minor triad	(2, 7, 10)	g	g	1	None
1134	1126	1	281.5	563/2	0.25	1/4	94	3	4	94	281.5	F#5	78	True	F	1	5/8	3.5	0	Violoncello	1	94.0	3.0	123.0	i	False	('G', 'B-', 'D')	G	G	0.0	minor triad	(2, 7, 10)	g	g	1	None
1135	1126	2	281.5	563/2	0.5	1/2	94	3	4	94	281.5	B-4	70	True	B	-1	5/8	3.5	0	Violoncello	1	94.0	3.0	123.0	i	False	('G', 'B-', 'D')	G	G	0.0	minor triad	(2, 7, 10)	g	g	1	None
1136	1127	1	281.75	1127/4	0.25	1/4	94	3	4	94	281.75	G5	79	True	G	0	11/16	3.75	0	Violoncello	1	94.0	3.0	123.0	i	False	('G', 'B-', 'D')	G	G	0.0	minor triad	(2, 7, 10)	g	g	1	None
1137	1128	4	282.0	282	1.0	1	95	3	4	95	282.0	A5	81	True	A	0	0	1.0	1	Violoncello	1	95.0	3.0	124.0	V	True	('F#', 'A', 'D')	F#	D	1.0	major triad	(2, 6, 9)	g	g	5	None
1138	1128	2	282.0	282	0.5	1/2	95	3	4	95	282.0	C5	72	True	C	0	0	1.0	1	Violoncello	1	95.0	3.0	124.0	V	True	('F#', 'A', 'D')	F#	D	1.0	major triad	(2, 6, 9)	g	g	5	None
1139	1128	4	282.0	282	1.0	1	95	3	4	95	282.0	D4	62	True	D	0	0	1.0	1	Violoncello	1	95.0	3.0	124.0	V	True	('F#', 'A', 'D')	F#	D	1.0	major triad	(2, 6, 9)	g	g	5	None
1140	1128	4	282.0	282	1.0	1	95	3	4	95	282.0	F#3	54	True	F	1	0	1.0	1	Violoncello	1	95.0	3.0	124.0	V	True	('F#', 'A', 'D')	F#	D	1.0	major triad	(2, 6, 9)	g	g	5	None
1141	1130	2	282.5	565/2	0.5	1/2	95	3	4	95	282.5	B-4	70	True	B	-1	1/8	1.5	0	Violoncello	1	95.0	3.0	124.0	V	False	('F#', 'A', 'D')	F#	D	1.0	major triad	(2, 6, 9)	g	g	5	None
1142	1132	6	283.0	283	1.5	3/2	95	3	4	95	283.0	A5	81	True	A	0	1/4	2.0	2	Violoncello	1	95.0	3.0	124.0	V	False	('F#', 'A', 'D')	F#	D	1.0	major triad	(2, 6, 9)	g	g	5	None
1143	1132	2	283.0	283	0.5	1/2	95	3	4	95	283.0	C5	72	True	C	0	1/4	2.0	2	Violoncello	1	95.0	3.0	124.0	V	False	('F#', 'A', 'D')	F#	D	1.0	major triad	(2, 6, 9)	g	g	5	None
1144	1132	8	283.0	283	2.0	2	95	3	4	95	283.0	D4	62	True	D	0	1/4	2.0	2	Violoncello	1	95.0	3.0	124.0	V	False	('F#', 'A', 'D')	F#	D	1.0	major triad	(2, 6, 9)	g	g	5	None
1145	1132	6	283.0	283	1.5	3/2	95	3	4	95	283.0	F#3	54	True	F	1	1/4	2.0	2	Violoncello	1	95.0	3.0	124.0	V	False	('F#', 'A', 'D')	F#	D	1.0	major triad	(2, 6, 9)	g	g	5	None
1146	1134	2	283.5	567/2	0.5	1/2	95	3	4	95	283.5	A4	69	True	A	0	3/8	2.5	0	Violoncello	1	95.0	3.0	124.0	V	False	('F#', 'A', 'D')	F#	D	1.0	major triad	(2, 6, 9)	g	g	5	None
1147	1136	2	284.0	284	0.5	1/2	95	3	4	95	284.0	D5	74	True	D	0	1/2	3.0	3	Violoncello	1	95.0	3.0	124.0	V	False	('F#', 'A', 'D')	F#	D	1.0	major triad	(2, 6, 9)	g	g	5	None
1148	1138	2	284.5	569/2	0.5	1/2	95	3	4	95	284.5	A5	81	False	A	0	5/8	3.5	0	Violoncello	1	95.0	3.0	124.0	V	False	('F#', 'A', 'D')	F#	D	1.0	major triad	(2, 6, 9)	g	g	5	None
1149	1138	2	284.5	569/2	0.5	1/2	95	3	4	95	284.5	C5	72	True	C	0	5/8	3.5	0	Violoncello	1	95.0	3.0	124.0	V	False	('F#', 'A', 'D')	F#	D	1.0	major triad	(2, 6, 9)	g	g	5	None
1150	1138	2	284.5	569/2	0.5	1/2	95	3	4	95	284.5	F#3	54	False	F	1	5/8	3.5	0	Violoncello	1	95.0	3.0	124.0	V	False	('F#', 'A', 'D')	F#	D	1.0	major triad	(2, 6, 9)	g	g	5	None
1151	1140	6	285.0	285	1.5	3/2	96	3	4	96	285.0	B-5	82	True	B	-1	0	1.0	1	Violoncello	1	96.0	1.0	125.0	i	True	('G', 'B-', 'D')	G	G	0.0	minor triad	(2, 7, 10)	g	g	1	None
1152	1140	2	285.0	285	0.5	1/2	96	3	4	96	285.0	B-4	70	True	B	-1	0	1.0	1	Violoncello	1	96.0	1.0	125.0	i	True	('G', 'B-', 'D')	G	G	0.0	minor triad	(2, 7, 10)	g	g	1	None
1153	1140	6	285.0	285	1.5	3/2	96	3	4	96	285.0	D4	62	True	D	0	0	1.0	1	Violoncello	1	96.0	1.0	125.0	i	True	('G', 'B-', 'D')	G	G	0.0	minor triad	(2, 7, 10)	g	g	1	None
1154	1140	4	285.0	285	1.0	1	96	3	4	96	285.0	G3	55	True	G	0	0	1.0	1	Violoncello	1	96.0	1.0	125.0	i	True	('G', 'B-', 'D')	G	G	0.0	minor triad	(2, 7, 10)	g	g	1	None
1155	1142	2	285.5	571/2	0.5	1/2	96	3	4	96	285.5	A4	69	True	A	0	1/8	1.5	0	Violoncello	1	96.0	1.0	125.0	i	False	('G', 'B-', 'D')	G	G	0.0	minor triad	(2, 7, 10)	g	g	1	None
1156	1144	2	286.0	286	0.5	1/2	96	3	4	96	286.0	G4	67	True	G	0	1/4	2.0	2	Violoncello	1	96.0	2.0	126.0	VI	True	('E-', 'G', 'B-')	E-	E-	0.0	major triad	(3, 7, 10)	g	g	6	None
1157	1144	8	286.0	286	2.0	2	96	3	4	96	286.0	E-3	51	True	E	-1	1/4	2.0	2	Violoncello	1	96.0	2.0	126.0	VI	True	('E-', 'G', 'B-')	E-	E-	0.0	major triad	(3, 7, 10)	g	g	6	None
1158	1146	2	286.5	573/2	0.5	1/2	96	3	4	96	286.5	B-5	82	False	B	-1	3/8	2.5	0	Violoncello	1	96.0	2.0	126.0	VI	False	('E-', 'G', 'B-')	E-	E-	0.0	major triad	(3, 7, 10)	g	g	6	None
1159	1146	2	286.5	573/2	0.5	1/2	96	3	4	96	286.5	G5	79	True	G	0	3/8	2.5	0	Violoncello	1	96.0	2.0	126.0	VI	False	('E-', 'G', 'B-')	E-	E-	0.0	major triad	(3, 7, 10)	g	g	6	None
1160	1146	2	286.5	573/2	0.5	1/2	96	3	4	96	286.5	D4	62	False	D	0	3/8	2.5	0	Violoncello	1	96.0	2.0	126.0	VI	False	('E-', 'G', 'B-')	E-	E-	0.0	major triad	(3, 7, 10)	g	g	6	None
1161	1148	3	287.0	287	0.75	3/4	96	3	4	96	287.0	A5	81	True	A	0	1/2	3.0	3	Violoncello	1	96.0	2.0	126.0	VI	False	('E-', 'G', 'B-')	E-	E-	0.0	major triad	(3, 7, 10)	g	g	6	None
1162	1148	2	287.0	287	0.5	1/2	96	3	4	96	287.0	F#5	78	True	F	1	1/2	3.0	3	Violoncello	1	96.0	2.0	126.0	VI	False	('E-', 'G', 'B-')	E-	E-	0.0	major triad	(3, 7, 10)	g	g	6	None
1163	1148	4	287.0	287	1.0	1	96	3	4	96	287.0	C4	60	True	C	0	1/2	3.0	3	Violoncello	1	96.0	2.0	126.0	VI	False	('E-', 'G', 'B-')	E-	E-	0.0	major triad	(3, 7, 10)	g	g	6	None
1164	1150	2	287.5	575/2	0.5	1/2	96	3	4	96	287.5	G5	79	True	G	0	5/8	3.5	0	Violoncello	1	96.0	2.0	126.0	VI	False	('E-', 'G', 'B-')	E-	E-	0.0	major triad	(3, 7, 10)	g	g	6	None
1165	1151	1	287.75	1151/4	0.25	1/4	96	3	4	96	287.75	B-5	82	True	B	-1	11/16	3.75	0	Violoncello	1	96.0	2.0	126.0	VI	False	('E-', 'G', 'B-')	E-	E-	0.0	major triad	(3, 7, 10)	g	g	6	None
1166	1152	4	288.0	288	1.0	1	97	3	4	97	288.0	C6	84	True	C	0	0	1.0	1	Violoncello	1	97.0	3.0	127.0	V	True	('D', 'F#', 'A')	D	D	0.0	major triad	(2, 6, 9)	g	g	5	None
1167	1152	2	288.0	288	0.5	1/2	97	3	4	97	288.0	F#5	78	True	F	1	0	1.0	1	Violoncello	1	97.0	3.0	127.0	V	True	('D', 'F#', 'A')	D	D	0.0	major triad	(2, 6, 9)	g	g	5	None
1168	1152	6	288.0	288	1.5	3/2	97	3	4	97	288.0	A3	57	True	A	0	0	1.0	1	Violoncello	1	97.0	3.0	127.0	V	True	('D', 'F#', 'A')	D	D	0.0	major triad	(2, 6, 9)	g	g	5	None
1169	1152	4	288.0	288	1.0	1	97	3	4	97	288.0	D3	50	True	D	0	0	1.0	1	Violoncello	1	97.0	3.0	127.0	V	True	('D', 'F#', 'A')	D	D	0.0	major triad	(2, 6, 9)	g	g	5	None
1170	1154	2	288.5	577/2	0.5	1/2	97	3	4	97	288.5	E5	76	True	E	0	1/8	1.5	0	Violoncello	1	97.0	3.0	127.0	V	False	('D', 'F#', 'A')	D	D	0.0	major triad	(2, 6, 9)	g	g	5	None
1171	1156	6	289.0	289	1.5	3/2	97	3	4	97	289.0	F#5	78	True	F	1	1/4	2.0	2	Violoncello	1	97.0	3.0	127.0	V	False	('D', 'F#', 'A')	D	D	0.0	major triad	(2, 6, 9)	g	g	5	None
1172	1156	2	289.0	289	0.5	1/2	97	3	4	97	289.0	D5	74	True	D	0	1/4	2.0	2	Violoncello	1	97.0	3.0	127.0	V	False	('D', 'F#', 'A')	D	D	0.0	major triad	(2, 6, 9)	g	g	5	None
1173	1156	6	289.0	289	1.5	3/2	97	3	4	97	289.0	D3	50	True	D	0	1/4	2.0	2	Violoncello	1	97.0	3.0	127.0	V	False	('D', 'F#', 'A')	D	D	0.0	major triad	(2, 6, 9)	g	g	5	None
1174	1158	2	289.5	579/2	0.5	1/2	97	3	4	97	289.5	C5	72	True	C	0	3/8	2.5	0	Violoncello	1	97.0	3.0	127.0	V	False	('D', 'F#', 'A')	D	D	0.0	major triad	(2, 6, 9)	g	g	5	None
1175	1158	2	289.5	579/2	0.5	1/2	97	3	4	97	289.5	A3	57	False	A	0	3/8	2.5	0	Violoncello	1	97.0	3.0	127.0	V	False	('D', 'F#', 'A')	D	D	0.0	major triad	(2, 6, 9)	g	g	5	None
1176	1160	2	290.0	290	0.5	1/2	97	3	4	97	290.0	B-4	70	True	B	-1	1/2	3.0	3	Violoncello	1	97.0	3.0	127.0	V	False	('D', 'F#', 'A')	D	D	0.0	major triad	(2, 6, 9)	g	g	5	None
1177	1160	4	290.0	290	1.0	1	97	3	4	97	290.0	D4	62	True	D	0	1/2	3.0	3	Violoncello	1	97.0	3.0	127.0	V	False	('D', 'F#', 'A')	D	D	0.0	major triad	(2, 6, 9)	g	g	5	None
1178	1162	2	290.5	581/2	0.5	1/2	97	3	4	97	290.5	F#5	78	False	F	1	5/8	3.5	0	Violoncello	1	97.0	3.0	127.0	V	False	('D', 'F#', 'A')	D	D	0.0	major triad	(2, 6, 9)	g	g	5	None
1179	1162	2	290.5	581/2	0.5	1/2	97	3	4	97	290.5	A4	69	True	A	0	5/8	3.5	0	Violoncello	1	97.0	3.0	127.0	V	False	('D', 'F#', 'A')	D	D	0.0	major triad	(2, 6, 9)	g	g	5	None
1180	1162	2	290.5	581/2	0.5	1/2	97	3	4	97	290.5	D3	50	False	D	0	5/8	3.5	0	Violoncello	1	97.0	3.0	127.0	V	False	('D', 'F#', 'A')	D	D	0.0	major triad	(2, 6, 9)	g	g	5	None
1181	1164	4	291.0	291	1.0	1	98	3	4	98	291.0	G5	79	True	G	0	0	1.0	1	Violoncello	1	98.0	3.0	128.0	V/iv	True	('B', 'D', 'G')	B	G	1.0	major triad	(2, 7, 11)	g	c	5	4
1182	1164	2	291.0	291	0.5	1/2	98	3	4	98	291.0	G4	67	True	G	0	0	1.0	1	Violoncello	1	98.0	3.0	128.0	V/iv	True	('B', 'D', 'G')	B	G	1.0	major triad	(2, 7, 11)	g	c	5	4
1183	1164	8	291.0	291	2.0	2	98	3	4	98	291.0	D4	62	True	D	0	0	1.0	1	Violoncello	1	98.0	3.0	128.0	V/iv	True	('B', 'D', 'G')	B	G	1.0	major triad	(2, 7, 11)	g	c	5	4
1184	1164	4	291.0	291	1.0	1	98	3	4	98	291.0	B2	47	True	B	0	0	1.0	1	Violoncello	1	98.0	3.0	128.0	V/iv	True	('B', 'D', 'G')	B	G	1.0	major triad	(2, 7, 11)	g	c	5	4
1185	1166	2	291.5	583/2	0.5	1/2	98	3	4	98	291.5	A4	69	True	A	0	1/8	1.5	0	Violoncello	1	98.0	3.0	128.0	V/iv	False	('B', 'D', 'G')	B	G	1.0	major triad	(2, 7, 11)	g	c	5	4
1186	1168	6	292.0	292	1.5	3/2	98	3	4	98	292.0	D5	74	True	D	0	1/4	2.0	2	Violoncello	1	98.0	3.0	128.0	V/iv	False	('B', 'D', 'G')	B	G	1.0	major triad	(2, 7, 11)	g	c	5	4
1187	1168	2	292.0	292	0.5	1/2	98	3	4	98	292.0	G4	67	True	G	0	1/4	2.0	2	Violoncello	1	98.0	3.0	128.0	V/iv	False	('B', 'D', 'G')	B	G	1.0	major triad	(2, 7, 11)	g	c	5	4
1188	1168	6	292.0	292	1.5	3/2	98	3	4	98	292.0	B2	47	True	B	0	1/4	2.0	2	Violoncello	1	98.0	3.0	128.0	V/iv	False	('B', 'D', 'G')	B	G	1.0	major triad	(2, 7, 11)	g	c	5	4
1189	1170	2	292.5	585/2	0.5	1/2	98	3	4	98	292.5	F4	65	True	F	0	3/8	2.5	0	Violoncello	1	98.0	3.0	128.0	V/iv	False	('B', 'D', 'G')	B	G	1.0	major triad	(2, 7, 11)	g	c	5	4
1190	1172	2	293.0	293	0.5	1/2	98	3	4	98	293.0	E-4	63	True	E	-1	1/2	3.0	3	Violoncello	1	98.0	3.0	128.0	V/iv	False	('B', 'D', 'G')	B	G	1.0	major triad	(2, 7, 11)	g	c	5	4
1191	1172	4	293.0	293	1.0	1	98	3	4	98	293.0	G4	67	True	G	0	1/2	3.0	3	Violoncello	1	98.0	3.0	128.0	V/iv	False	('B', 'D', 'G')	B	G	1.0	major triad	(2, 7, 11)	g	c	5	4
1192	1174	2	293.5	587/2	0.5	1/2	98	3	4	98	293.5	D5	74	False	D	0	5/8	3.5	0	Violoncello	1	98.0	3.0	128.0	V/iv	False	('B', 'D', 'G')	B	G	1.0	major triad	(2, 7, 11)	g	c	5	4
1193	1174	2	293.5	587/2	0.5	1/2	98	3	4	98	293.5	D4	62	True	D	0	5/8	3.5	0	Violoncello	1	98.0	3.0	128.0	V/iv	False	('B', 'D', 'G')	B	G	1.0	major triad	(2, 7, 11)	g	c	5	4
1194	1174	2	293.5	587/2	0.5	1/2	98	3	4	98	293.5	B2	47	False	B	0	5/8	3.5	0	Violoncello	1	98.0	3.0	128.0	V/iv	False	('B', 'D', 'G')	B	G	1.0	major triad	(2, 7, 11)	g	c	5	4
1195	1176	4	294.0	294	1.0	1	99	3	4	99	294.0	E-5	75	True	E	-1	0	1.0	1	Violoncello	1	99.0	3.0	129.0	iv	True	('C', 'E-', 'G')	C	C	0.0	minor triad	(0, 3, 7)	g	g	4	None
1196	1176	2	294.0	294	0.5	1/2	99	3	4	99	294.0	C4	60	True	C	0	0	1.0	1	Violoncello	1	99.0	3.0	129.0	iv	True	('C', 'E-', 'G')	C	C	0.0	minor triad	(0, 3, 7)	g	g	4	None
1197	1176	8	294.0	294	2.0	2	99	3	4	99	294.0	G4	67	True	G	0	0	1.0	1	Violoncello	1	99.0	3.0	129.0	iv	True	('C', 'E-', 'G')	C	C	0.0	minor triad	(0, 3, 7)	g	g	4	None
1198	1176	4	294.0	294	1.0	1	99	3	4	99	294.0	C3	48	True	C	0	0	1.0	1	Violoncello	1	99.0	3.0	129.0	iv	True	('C', 'E-', 'G')	C	C	0.0	minor triad	(0, 3, 7)	g	g	4	None
1199	1178	2	294.5	589/2	0.5	1/2	99	3	4	99	294.5	G4	67	True	G	0	1/8	1.5	0	Violoncello	1	99.0	3.0	129.0	iv	False	('C', 'E-', 'G')	C	C	0.0	minor triad	(0, 3, 7)	g	g	4	None
1200	1180	2	295.0	295	0.5	1/2	99	3	4	99	295.0	D5	74	True	D	0	1/4	2.0	2	Violoncello	1	99.0	3.0	129.0	iv	False	('C', 'E-', 'G')	C	C	0.0	minor triad	(0, 3, 7)	g	g	4	None
1201	1180	2	295.0	295	0.5	1/2	99	3	4	99	295.0	C5	72	True	C	0	1/4	2.0	2	Violoncello	1	99.0	3.0	129.0	iv	False	('C', 'E-', 'G')	C	C	0.0	minor triad	(0, 3, 7)	g	g	4	None
1202	1180	8	295.0	295	2.0	2	99	3	4	99	295.0	C3	48	True	C	0	1/4	2.0	2	Violoncello	1	99.0	3.0	129.0	iv	False	('C', 'E-', 'G')	C	C	0.0	minor triad	(0, 3, 7)	g	g	4	None
1203	1182	2	295.5	591/2	0.5	1/2	99	3	4	99	295.5	C5	72	True	C	0	3/8	2.5	0	Violoncello	1	99.0	3.0	129.0	iv	False	('C', 'E-', 'G')	C	C	0.0	minor triad	(0, 3, 7)	g	g	4	None
1204	1182	2	295.5	591/2	0.5	1/2	99	3	4	99	295.5	E-5	75	True	E	-1	3/8	2.5	0	Violoncello	1	99.0	3.0	129.0	iv	False	('C', 'E-', 'G')	C	C	0.0	minor triad	(0, 3, 7)	g	g	4	None
1205	1184	2	296.0	296	0.5	1/2	99	3	4	99	296.0	B-4	70	True	B	-1	1/2	3.0	3	Violoncello	1	99.0	3.0	129.0	iv	False	('C', 'E-', 'G')	C	C	0.0	minor triad	(0, 3, 7)	g	g	4	None
1206	1184	2	296.0	296	0.5	1/2	99	3	4	99	296.0	D5	74	True	D	0	1/2	3.0	3	Violoncello	1	99.0	3.0	129.0	iv	False	('C', 'E-', 'G')	C	C	0.0	minor triad	(0, 3, 7)	g	g	4	None
1207	1184	4	296.0	296	1.0	1	99	3	4	99	296.0	G4	67	True	G	0	1/2	3.0	3	Violoncello	1	99.0	3.0	129.0	iv	False	('C', 'E-', 'G')	C	C	0.0	minor triad	(0, 3, 7)	g	g	4	None
1208	1186	2	296.5	593/2	0.5	1/2	99	3	4	99	296.5	A4	69	True	A	0	5/8	3.5	0	Violoncello	1	99.0	3.0	129.0	iv	False	('C', 'E-', 'G')	C	C	0.0	minor triad	(0, 3, 7)	g	g	4	None
1209	1186	2	296.5	593/2	0.5	1/2	99	3	4	99	296.5	C5	72	True	C	0	5/8	3.5	0	Violoncello	1	99.0	3.0	129.0	iv	False	('C', 'E-', 'G')	C	C	0.0	minor triad	(0, 3, 7)	g	g	4	None
1210	1188	2	297.0	297	0.5	1/2	100	3	4	100	297.0	F5	77	True	F	0	0	1.0	1	Violoncello	1	100.0	3.0	130.0	V7	True	('D', 'F#', 'A', 'C')	D	D	0.0	dominant seventh chord	(0, 2, 6, 9)	g	g	5	None
1211	1188	2	297.0	297	0.5	1/2	100	3	4	100	297.0	B-4	70	True	B	-1	0	1.0	1	Violoncello	1	100.0	3.0	130.0	V7	True	('D', 'F#', 'A', 'C')	D	D	0.0	dominant seventh chord	(0, 2, 6, 9)	g	g	5	None
1212	1188	4	297.0	297	1.0	1	100	3	4	100	297.0	G4	67	True	G	0	0	1.0	1	Violoncello	1	100.0	3.0	130.0	V7	True	('D', 'F#', 'A', 'C')	D	D	0.0	dominant seventh chord	(0, 2, 6, 9)	g	g	5	None
1213	1188	12	297.0	297	3.0	3	100	3	4	100	297.0	D3	50	True	D	0	0	1.0	1	Violoncello	1	100.0	3.0	130.0	V7	True	('D', 'F#', 'A', 'C')	D	D	0.0	dominant seventh chord	(0, 2, 6, 9)	g	g	5	None
1214	1190	2	297.5	595/2	0.5	1/2	100	3	4	100	297.5	D5	74	True	D	0	1/8	1.5	0	Violoncello	1	100.0	3.0	130.0	V7	False	('D', 'F#', 'A', 'C')	D	D	0.0	dominant seventh chord	(0, 2, 6, 9)	g	g	5	None
1215	1190	2	297.5	595/2	0.5	1/2	100	3	4	100	297.5	B-4	70	True	B	-1	1/8	1.5	0	Violoncello	1	100.0	3.0	130.0	V7	False	('D', 'F#', 'A', 'C')	D	D	0.0	dominant seventh chord	(0, 2, 6, 9)	g	g	5	None
1216	1192	2	298.0	298	0.5	1/2	100	3	4	100	298.0	C5	72	True	C	0	1/4	2.0	2	Violoncello	1	100.0	3.0	130.0	V7	False	('D', 'F#', 'A', 'C')	D	D	0.0	dominant seventh chord	(0, 2, 6, 9)	g	g	5	None
1217	1192	2	298.0	298	0.5	1/2	100	3	4	100	298.0	A4	69	True	A	0	1/4	2.0	2	Violoncello	1	100.0	3.0	130.0	V7	False	('D', 'F#', 'A', 'C')	D	D	0.0	dominant seventh chord	(0, 2, 6, 9)	g	g	5	None
1218	1192	2	298.0	298	0.5	1/2	100	3	4	100	298.0	F#4	66	True	F	1	1/4	2.0	2	Violoncello	1	100.0	3.0	130.0	V7	False	('D', 'F#', 'A', 'C')	D	D	0.0	dominant seventh chord	(0, 2, 6, 9)	g	g	5	None
1219	1194	2	298.5	597/2	0.5	1/2	100	3	4	100	298.5	B-4	70	True	B	-1	3/8	2.5	0	Violoncello	1	100.0	3.0	130.0	V7	False	('D', 'F#', 'A', 'C')	D	D	0.0	dominant seventh chord	(0, 2, 6, 9)	g	g	5	None
1220	1194	2	298.5	597/2	0.5	1/2	100	3	4	100	298.5	G4	67	True	G	0	3/8	2.5	0	Violoncello	1	100.0	3.0	130.0	V7	False	('D', 'F#', 'A', 'C')	D	D	0.0	dominant seventh chord	(0, 2, 6, 9)	g	g	5	None
1221	1194	2	298.5	597/2	0.5	1/2	100	3	4	100	298.5	D4	62	True	D	0	3/8	2.5	0	Violoncello	1	100.0	3.0	130.0	V7	False	('D', 'F#', 'A', 'C')	D	D	0.0	dominant seventh chord	(0, 2, 6, 9)	g	g	5	None
1222	1196	2	299.0	299	0.5	1/2	100	3	4	100	299.0	A4	69	True	A	0	1/2	3.0	3	Violoncello	1	100.0	3.0	130.0	V7	False	('D', 'F#', 'A', 'C')	D	D	0.0	dominant seventh chord	(0, 2, 6, 9)	g	g	5	None
1223	1196	4	299.0	299	1.0	1	100	3	4	100	299.0	F#4	66	True	F	1	1/2	3.0	3	Violoncello	1	100.0	3.0	130.0	V7	False	('D', 'F#', 'A', 'C')	D	D	0.0	dominant seventh chord	(0, 2, 6, 9)	g	g	5	None
1224	1196	2	299.0	299	0.5	1/2	100	3	4	100	299.0	C4	60	True	C	0	1/2	3.0	3	Violoncello	1	100.0	3.0	130.0	V7	False	('D', 'F#', 'A', 'C')	D	D	0.0	dominant seventh chord	(0, 2, 6, 9)	g	g	5	None
1225	1198	2	299.5	599/2	0.5	1/2	100	3	4	100	299.5	G4	67	True	G	0	5/8	3.5	0	Violoncello	1	100.0	3.0	130.0	V7	False	('D', 'F#', 'A', 'C')	D	D	0.0	dominant seventh chord	(0, 2, 6, 9)	g	g	5	None
1226	1198	2	299.5	599/2	0.5	1/2	100	3	4	100	299.5	A3	57	True	A	0	5/8	3.5	0	Violoncello	1	100.0	3.0	130.0	V7	False	('D', 'F#', 'A', 'C')	D	D	0.0	dominant seventh chord	(0, 2, 6, 9)	g	g	5	None
1227	1200	6	300.0	300	1.5	3/2	101	3	4	101	300.0	G4	67	True	G	0	0	1.0	1	Violoncello	1	101.0	3.0	131.0	i	True	('G', 'B-', 'D')	G	G	0.0	minor triad	(2, 7, 10)	g	g	1	None
1228	1200	4	300.0	300	1.0	1	101	3	4	101	300.0	G4	67	True	G	0	0	1.0	1	Violoncello	1	101.0	3.0	131.0	i	True	('G', 'B-', 'D')	G	G	0.0	minor triad	(2, 7, 10)	g	g	1	None
1229	1200	6	300.0	300	1.5	3/2	101	3	4	101	300.0	B-3	58	True	B	-1	0	1.0	1	Violoncello	1	101.0	3.0	131.0	i	True	('G', 'B-', 'D')	G	G	0.0	minor triad	(2, 7, 10)	g	g	1	None
1230	1200	12	300.0	300	3.0	3	101	3	4	101	300.0	G2	43	True	G	0	0	1.0	1	Violoncello	1	101.0	3.0	131.0	i	True	('G', 'B-', 'D')	G	G	0.0	minor triad	(2, 7, 10)	g	g	1	None
1231	1204	6	301.0	301	1.5	3/2	101	3	4	101	301.0	D4	62	True	D	0	1/4	2.0	2	Violoncello	1	101.0	3.0	131.0	i	False	('G', 'B-', 'D')	G	G	0.0	minor triad	(2, 7, 10)	g	g	1	None
1232	1206	2	301.5	603/2	0.5	1/2	101	3	4	101	301.5	F#4	66	True	F	1	3/8	2.5	0	Violoncello	1	101.0	3.0	131.0	i	False	('G', 'B-', 'D')	G	G	0.0	minor triad	(2, 7, 10)	g	g	1	None
1233	1206	2	301.5	603/2	0.5	1/2	101	3	4	101	301.5	A3	57	True	A	0	3/8	2.5	0	Violoncello	1	101.0	3.0	131.0	i	False	('G', 'B-', 'D')	G	G	0.0	minor triad	(2, 7, 10)	g	g	1	None
1234	1208	3	302.0	302	0.75	3/4	101	3	4	101	302.0	G4	67	True	G	0	1/2	3.0	3	Violoncello	1	101.0	3.0	131.0	i	False	('G', 'B-', 'D')	G	G	0.0	minor triad	(2, 7, 10)	g	g	1	None
1235	1208	3	302.0	302	0.75	3/4	101	3	4	101	302.0	B-3	58	True	B	-1	1/2	3.0	3	Violoncello	1	101.0	3.0	131.0	i	False	('G', 'B-', 'D')	G	G	0.0	minor triad	(2, 7, 10)	g	g	1	None
1236	1210	2	302.5	605/2	0.5	1/2	101	3	4	101	302.5	D4	62	False	D	0	5/8	3.5	0	Violoncello	1	101.0	3.0	131.0	i	False	('G', 'B-', 'D')	G	G	0.0	minor triad	(2, 7, 10)	g	g	1	None
1237	1211	1	302.75	1211/4	0.25	1/4	101	3	4	101	302.75	A4	69	True	A	0	11/16	3.75	0	Violoncello	1	101.0	3.0	131.0	i	False	('G', 'B-', 'D')	G	G	0.0	minor triad	(2, 7, 10)	g	g	1	None
1238	1211	1	302.75	1211/4	0.25	1/4	101	3	4	101	302.75	C4	60	True	C	0	11/16	3.75	0	Violoncello	1	101.0	3.0	131.0	i	False	('G', 'B-', 'D')	G	G	0.0	minor triad	(2, 7, 10)	g	g	1	None
1239	1212	4	303.0	303	1.0	1	102	3	4	102	303.0	B-4	70	True	B	-1	0	1.0	1	Violoncello	1	102.0	3.0	132.0	i	True	('G', 'B-', 'D')	G	G	0.0	minor triad	(2, 7, 10)	g	g	1	None
1240	1212	4	303.0	303	1.0	1	102	3	4	102	303.0	G4	67	True	G	0	0	1.0	1	Violoncello	1	102.0	3.0	132.0	i	True	('G', 'B-', 'D')	G	G	0.0	minor triad	(2, 7, 10)	g	g	1	None
1241	1212	4	303.0	303	1.0	1	102	3	4	102	303.0	D4	62	True	D	0	0	1.0	1	Violoncello	1	102.0	3.0	132.0	i	True	('G', 'B-', 'D')	G	G	0.0	minor triad	(2, 7, 10)	g	g	1	None
1242	1212	8	303.0	303	2.0	2	102	3	4	102	303.0	G3	55	True	G	0	0	1.0	1	Violoncello	1	102.0	3.0	132.0	i	True	('G', 'B-', 'D')	G	G	0.0	minor triad	(2, 7, 10)	g	g	1	None
1243	1216	6	304.0	304	1.5	3/2	102	3	4	102	304.0	B-4	70	True	B	-1	1/4	2.0	2	Violoncello	1	102.0	3.0	132.0	i	False	('G', 'B-', 'D')	G	G	0.0	minor triad	(2, 7, 10)	g	g	1	None
1244	1216	6	304.0	304	1.5	3/2	102	3	4	102	304.0	F#4	66	True	F	1	1/4	2.0	2	Violoncello	1	102.0	3.0	132.0	i	False	('G', 'B-', 'D')	G	G	0.0	minor triad	(2, 7, 10)	g	g	1	None
1245	1216	6	304.0	304	1.5	3/2	102	3	4	102	304.0	D4	62	True	D	0	1/4	2.0	2	Violoncello	1	102.0	3.0	132.0	i	False	('G', 'B-', 'D')	G	G	0.0	minor triad	(2, 7, 10)	g	g	1	None
1246	1220	4	305.0	305	1.0	1	102	3	4	102	305.0	G3	55	True	G	0	1/2	3.0	3	Violoncello	1	102.0	3.0	132.0	i	False	('G', 'B-', 'D')	G	G	0.0	minor triad	(2, 7, 10)	g	g	1	None
1247	1222	2	305.5	611/2	0.5	1/2	102	3	4	102	305.5	B-4	70	False	B	-1	5/8	3.5	0	Violoncello	1	102.0	3.0	132.0	i	False	('G', 'B-', 'D')	G	G	0.0	minor triad	(2, 7, 10)	g	g	1	None
1248	1222	2	305.5	611/2	0.5	1/2	102	3	4	102	305.5	E4	64	True	E	0	5/8	3.5	0	Violoncello	1	102.0	3.0	132.0	i	False	('G', 'B-', 'D')	G	G	0.0	minor triad	(2, 7, 10)	g	g	1	None
1249	1222	2	305.5	611/2	0.5	1/2	102	3	4	102	305.5	D4	62	False	D	0	5/8	3.5	0	Violoncello	1	102.0	3.0	132.0	i	False	('G', 'B-', 'D')	G	G	0.0	minor triad	(2, 7, 10)	g	g	1	None
1250	1224	4	306.0	306	1.0	1	103	3	4	103	306.0	B-4	70	True	B	-1	0	1.0	1	Violoncello	1	103.0	3.0	133.0	V	True	('F#', 'A', 'D')	F#	D	1.0	major triad	(2, 6, 9)	g	g	5	None
1251	1224	4	306.0	306	1.0	1	103	3	4	103	306.0	D4	62	True	D	0	0	1.0	1	Violoncello	1	103.0	3.0	133.0	V	True	('F#', 'A', 'D')	F#	D	1.0	major triad	(2, 6, 9)	g	g	5	None
1252	1224	4	306.0	306	1.0	1	103	3	4	103	306.0	D4	62	True	D	0	0	1.0	1	Violoncello	1	103.0	3.0	133.0	V	True	('F#', 'A', 'D')	F#	D	1.0	major triad	(2, 6, 9)	g	g	5	None
1253	1224	4	306.0	306	1.0	1	103	3	4	103	306.0	F#3	54	True	F	1	0	1.0	1	Violoncello	1	103.0	3.0	133.0	V	True	('F#', 'A', 'D')	F#	D	1.0	major triad	(2, 6, 9)	g	g	5	None
1254	1228	4	307.0	307	1.0	1	103	3	4	103	307.0	A4	69	True	A	0	1/4	2.0	2	Violoncello	1	103.0	3.0	133.0	V	False	('F#', 'A', 'D')	F#	D	1.0	major triad	(2, 6, 9)	g	g	5	None
1255	1228	8	307.0	307	2.0	2	103	3	4	103	307.0	D4	62	True	D	0	1/4	2.0	2	Violoncello	1	103.0	3.0	133.0	V	False	('F#', 'A', 'D')	F#	D	1.0	major triad	(2, 6, 9)	g	g	5	None
1256	1228	4	307.0	307	1.0	1	103	3	4	103	307.0	C4	60	True	C	0	1/4	2.0	2	Violoncello	1	103.0	3.0	133.0	V	False	('F#', 'A', 'D')	F#	D	1.0	major triad	(2, 6, 9)	g	g	5	None
1257	1228	6	307.0	307	1.5	3/2	103	3	4	103	307.0	F#3	54	True	F	1	1/4	2.0	2	Violoncello	1	103.0	3.0	133.0	V	False	('F#', 'A', 'D')	F#	D	1.0	major triad	(2, 6, 9)	g	g	5	None
1258	1232	4	308.0	308	1.0	1	103	3	4	103	308.0	C5	72	True	C	0	1/2	3.0	3	Violoncello	1	103.0	3.0	133.0	V	False	('F#', 'A', 'D')	F#	D	1.0	major triad	(2, 6, 9)	g	g	5	None
1259	1232	4	308.0	308	1.0	1	103	3	4	103	308.0	A3	57	True	A	0	1/2	3.0	3	Violoncello	1	103.0	3.0	133.0	V	False	('F#', 'A', 'D')	F#	D	1.0	major triad	(2, 6, 9)	g	g	5	None
1260	1234	2	308.5	617/2	0.5	1/2	103	3	4	103	308.5	F#3	54	False	F	1	5/8	3.5	0	Violoncello	1	103.0	3.0	133.0	V	False	('F#', 'A', 'D')	F#	D	1.0	major triad	(2, 6, 9)	g	g	5	None
1261	1236	2	309.0	309	0.5	1/2	104	3	4	104	309.0	C5	72	True	C	0	0	1.0	1	Violoncello	1	104.0	1.0	134.0	V/iv	True	('G', 'B', 'D')	G	G	0.0	major triad	(2, 7, 11)	g	c	5	4
1262	1236	6	309.0	309	1.5	3/2	104	3	4	104	309.0	D4	62	True	D	0	0	1.0	1	Violoncello	1	104.0	1.0	134.0	V/iv	True	('G', 'B', 'D')	G	G	0.0	major triad	(2, 7, 11)	g	c	5	4
1263	1236	2	309.0	309	0.5	1/2	104	3	4	104	309.0	A3	57	True	A	0	0	1.0	1	Violoncello	1	104.0	1.0	134.0	V/iv	True	('G', 'B', 'D')	G	G	0.0	major triad	(2, 7, 11)	g	c	5	4
1264	1236	4	309.0	309	1.0	1	104	3	4	104	309.0	G3	55	True	G	0	0	1.0	1	Violoncello	1	104.0	1.0	134.0	V/iv	True	('G', 'B', 'D')	G	G	0.0	major triad	(2, 7, 11)	g	c	5	4
1265	1238	2	309.5	619/2	0.5	1/2	104	3	4	104	309.5	B4	71	True	B	0	1/8	1.5	0	Violoncello	1	104.0	1.0	134.0	V/iv	False	('G', 'B', 'D')	G	G	0.0	major triad	(2, 7, 11)	g	c	5	4
1266	1238	2	309.5	619/2	0.5	1/2	104	3	4	104	309.5	G3	55	True	G	0	1/8	1.5	0	Violoncello	1	104.0	1.0	134.0	V/iv	False	('G', 'B', 'D')	G	G	0.0	major triad	(2, 7, 11)	g	c	5	4
1267	1240	6	310.0	310	1.5	3/2	104	3	4	104	310.0	C5	72	True	C	0	1/4	2.0	2	Violoncello	1	104.0	2.0	135.0	iv	True	('E-', 'G', 'C')	E-	C	1.0	minor triad	(0, 3, 7)	g	g	4	None
1268	1240	2	310.0	310	0.5	1/2	104	3	4	104	310.0	A3	57	True	A	0	1/4	2.0	2	Violoncello	1	104.0	2.0	135.0	iv	True	('E-', 'G', 'C')	E-	C	1.0	minor triad	(0, 3, 7)	g	g	4	None
1269	1240	8	310.0	310	2.0	2	104	3	4	104	310.0	E-3	51	True	E	-1	1/4	2.0	2	Violoncello	1	104.0	2.0	135.0	iv	True	('E-', 'G', 'C')	E-	C	1.0	minor triad	(0, 3, 7)	g	g	4	None
1270	1242	2	310.5	621/2	0.5	1/2	104	3	4	104	310.5	E-4	63	True	E	-1	3/8	2.5	0	Violoncello	1	104.0	2.0	135.0	iv	False	('E-', 'G', 'C')	E-	C	1.0	minor triad	(0, 3, 7)	g	g	4	None
1271	1242	2	310.5	621/2	0.5	1/2	104	3	4	104	310.5	B-3	58	True	B	-1	3/8	2.5	0	Violoncello	1	104.0	2.0	135.0	iv	False	('E-', 'G', 'C')	E-	C	1.0	minor triad	(0, 3, 7)	g	g	4	None
1272	1244	4	311.0	311	1.0	1	104	3	4	104	311.0	C4	60	True	C	0	1/2	3.0	3	Violoncello	1	104.0	2.0	135.0	iv	False	('E-', 'G', 'C')	E-	C	1.0	minor triad	(0, 3, 7)	g	g	4	None
1273	1244	2	311.0	311	0.5	1/2	104	3	4	104	311.0	A3	57	True	A	0	1/2	3.0	3	Violoncello	1	104.0	2.0	135.0	iv	False	('E-', 'G', 'C')	E-	C	1.0	minor triad	(0, 3, 7)	g	g	4	None
1274	1246	2	311.5	623/2	0.5	1/2	104	3	4	104	311.5	D5	74	True	D	0	5/8	3.5	0	Violoncello	1	104.0	2.0	135.0	iv	False	('E-', 'G', 'C')	E-	C	1.0	minor triad	(0, 3, 7)	g	g	4	None
1275	1246	2	311.5	623/2	0.5	1/2	104	3	4	104	311.5	G3	55	True	G	0	5/8	3.5	0	Violoncello	1	104.0	2.0	135.0	iv	False	('E-', 'G', 'C')	E-	C	1.0	minor triad	(0, 3, 7)	g	g	4	None
1276	1248	4	312.0	312	1.0	1	105	3	4	105	312.0	F#4	66	True	F	1	0	1.0	1	Violoncello	1	105.0	3.0	136.0	V	True	('D', 'F#', 'A')	D	D	0.0	major triad	(2, 6, 9)	g	g	5	None
1277	1248	4	312.0	312	1.0	1	105	3	4	105	312.0	D4	62	True	D	0	0	1.0	1	Violoncello	1	105.0	3.0	136.0	V	True	('D', 'F#', 'A')	D	D	0.0	major triad	(2, 6, 9)	g	g	5	None
1278	1248	4	312.0	312	1.0	1	105	3	4	105	312.0	A3	57	True	A	0	0	1.0	1	Violoncello	1	105.0	3.0	136.0	V	True	('D', 'F#', 'A')	D	D	0.0	major triad	(2, 6, 9)	g	g	5	None
1279	1248	4	312.0	312	1.0	1	105	3	4	105	312.0	D3	50	True	D	0	0	1.0	1	Violoncello	1	105.0	3.0	136.0	V	True	('D', 'F#', 'A')	D	D	0.0	major triad	(2, 6, 9)	g	g	5	None
1280	1252	6	313.0	313	1.5	3/2	105	3	4	105	313.0	D5	74	True	D	0	1/4	2.0	2	Violoncello	1	105.0	3.0	136.0	V	False	('D', 'F#', 'A')	D	D	0.0	major triad	(2, 6, 9)	g	g	5	None
1281	1252	6	313.0	313	1.5	3/2	105	3	4	105	313.0	A4	69	True	A	0	1/4	2.0	2	Violoncello	1	105.0	3.0	136.0	V	False	('D', 'F#', 'A')	D	D	0.0	major triad	(2, 6, 9)	g	g	5	None
1282	1252	6	313.0	313	1.5	3/2	105	3	4	105	313.0	F4	65	True	F	0	1/4	2.0	2	Violoncello	1	105.0	3.0	136.0	V	False	('D', 'F#', 'A')	D	D	0.0	major triad	(2, 6, 9)	g	g	5	None
1283	1252	6	313.0	313	1.5	3/2	105	3	4	105	313.0	D3	50	True	D	0	1/4	2.0	2	Violoncello	1	105.0	3.0	136.0	V	False	('D', 'F#', 'A')	D	D	0.0	major triad	(2, 6, 9)	g	g	5	None
1284	1258	2	314.5	629/2	0.5	1/2	105	3	4	105	314.5	D5	74	False	D	0	5/8	3.5	0	Violoncello	1	105.0	3.0	136.0	V	False	('D', 'F#', 'A')	D	D	0.0	major triad	(2, 6, 9)	g	g	5	None
1285	1258	2	314.5	629/2	0.5	1/2	105	3	4	105	314.5	A4	69	True	A	0	5/8	3.5	0	Violoncello	1	105.0	3.0	136.0	V	False	('D', 'F#', 'A')	D	D	0.0	major triad	(2, 6, 9)	g	g	5	None
1286	1258	2	314.5	629/2	0.5	1/2	105	3	4	105	314.5	F4	65	False	F	0	5/8	3.5	0	Violoncello	1	105.0	3.0	136.0	V	False	('D', 'F#', 'A')	D	D	0.0	major triad	(2, 6, 9)	g	g	5	None
1287	1258	2	314.5	629/2	0.5	1/2	105	3	4	105	314.5	D3	50	False	D	0	5/8	3.5	0	Violoncello	1	105.0	3.0	136.0	V	False	('D', 'F#', 'A')	D	D	0.0	major triad	(2, 6, 9)	g	g	5	None
1288	1260	3	315.0	315	0.75	3/4	106	3	4	106	315.0	G4	67	True	G	0	0	1.0	1	Violoncello	1	106.0	3.0	137.0	V7/iv	True	('B', 'D', 'F', 'G')	B	G	1.0	dominant seventh chord	(2, 5, 7, 11)	g	c	5	4
1289	1260	2	315.0	315	0.5	1/2	106	3	4	106	315.0	A4	69	True	A	0	0	1.0	1	Violoncello	1	106.0	3.0	137.0	V7/iv	True	('B', 'D', 'F', 'G')	B	G	1.0	dominant seventh chord	(2, 5, 7, 11)	g	c	5	4
1290	1260	4	315.0	315	1.0	1	106	3	4	106	315.0	F4	65	True	F	0	0	1.0	1	Violoncello	1	106.0	3.0	137.0	V7/iv	True	('B', 'D', 'F', 'G')	B	G	1.0	dominant seventh chord	(2, 5, 7, 11)	g	c	5	4
1291	1260	4	315.0	315	1.0	1	106	3	4	106	315.0	B2	47	True	B	0	0	1.0	1	Violoncello	1	106.0	3.0	137.0	V7/iv	True	('B', 'D', 'F', 'G')	B	G	1.0	dominant seventh chord	(2, 5, 7, 11)	g	c	5	4
1292	1262	2	315.5	631/2	0.5	1/2	106	3	4	106	315.5	G4	67	True	G	0	1/8	1.5	0	Violoncello	1	106.0	3.0	137.0	V7/iv	False	('B', 'D', 'F', 'G')	B	G	1.0	dominant seventh chord	(2, 5, 7, 11)	g	c	5	4
1293	1263	1	315.75	1263/4	0.25	1/4	106	3	4	106	315.75	D5	74	True	D	0	3/16	1.75	0	Violoncello	1	106.0	3.0	137.0	V7/iv	False	('B', 'D', 'F', 'G')	B	G	1.0	dominant seventh chord	(2, 5, 7, 11)	g	c	5	4
1294	1264	6	316.0	316	1.5	3/2	106	3	4	106	316.0	E-5	75	True	E	-1	1/4	2.0	2	Violoncello	1	106.0	3.0	137.0	V7/iv	False	('B', 'D', 'F', 'G')	B	G	1.0	dominant seventh chord	(2, 5, 7, 11)	g	c	5	4
1295	1264	6	316.0	316	1.5	3/2	106	3	4	106	316.0	G4	67	True	G	0	1/4	2.0	2	Violoncello	1	106.0	3.0	137.0	V7/iv	False	('B', 'D', 'F', 'G')	B	G	1.0	dominant seventh chord	(2, 5, 7, 11)	g	c	5	4
1296	1264	6	316.0	316	1.5	3/2	106	3	4	106	316.0	F4	65	True	F	0	1/4	2.0	2	Violoncello	1	106.0	3.0	137.0	V7/iv	False	('B', 'D', 'F', 'G')	B	G	1.0	dominant seventh chord	(2, 5, 7, 11)	g	c	5	4
1297	1264	6	316.0	316	1.5	3/2	106	3	4	106	316.0	B2	47	True	B	0	1/4	2.0	2	Violoncello	1	106.0	3.0	137.0	V7/iv	False	('B', 'D', 'F', 'G')	B	G	1.0	dominant seventh chord	(2, 5, 7, 11)	g	c	5	4
1298	1270	2	317.5	635/2	0.5	1/2	106	3	4	106	317.5	F5	77	True	F	0	5/8	3.5	0	Violoncello	1	106.0	3.0	137.0	V7/iv	False	('B', 'D', 'F', 'G')	B	G	1.0	dominant seventh chord	(2, 5, 7, 11)	g	c	5	4
1299	1270	2	317.5	635/2	0.5	1/2	106	3	4	106	317.5	G4	67	False	G	0	5/8	3.5	0	Violoncello	1	106.0	3.0	137.0	V7/iv	False	('B', 'D', 'F', 'G')	B	G	1.0	dominant seventh chord	(2, 5, 7, 11)	g	c	5	4
1300	1270	2	317.5	635/2	0.5	1/2	106	3	4	106	317.5	F4	65	False	F	0	5/8	3.5	0	Violoncello	1	106.0	3.0	137.0	V7/iv	False	('B', 'D', 'F', 'G')	B	G	1.0	dominant seventh chord	(2, 5, 7, 11)	g	c	5	4
1301	1270	2	317.5	635/2	0.5	1/2	106	3	4	106	317.5	B2	47	False	B	0	5/8	3.5	0	Violoncello	1	106.0	3.0	137.0	V7/iv	False	('B', 'D', 'F', 'G')	B	G	1.0	dominant seventh chord	(2, 5, 7, 11)	g	c	5	4
1302	1272	3	318.0	318	0.75	3/4	107	3	4	107	318.0	A4	69	True	A	0	0	1.0	1	Violoncello	1	107.0	3.0	138.0	iv	True	('C', 'E-', 'G')	C	C	0.0	minor triad	(0, 3, 7)	g	g	4	None
1303	1272	4	318.0	318	1.0	1	107	3	4	107	318.0	G4	67	True	G	0	0	1.0	1	Violoncello	1	107.0	3.0	138.0	iv	True	('C', 'E-', 'G')	C	C	0.0	minor triad	(0, 3, 7)	g	g	4	None
1304	1272	4	318.0	318	1.0	1	107	3	4	107	318.0	E-4	63	True	E	-1	0	1.0	1	Violoncello	1	107.0	3.0	138.0	iv	True	('C', 'E-', 'G')	C	C	0.0	minor triad	(0, 3, 7)	g	g	4	None
1305	1272	4	318.0	318	1.0	1	107	3	4	107	318.0	C3	48	True	C	0	0	1.0	1	Violoncello	1	107.0	3.0	138.0	iv	True	('C', 'E-', 'G')	C	C	0.0	minor triad	(0, 3, 7)	g	g	4	None
1306	1275	1	318.75	1275/4	0.25	1/4	107	3	4	107	318.75	E5	76	True	E	0	3/16	1.75	0	Violoncello	1	107.0	3.0	138.0	iv	False	('C', 'E-', 'G')	C	C	0.0	minor triad	(0, 3, 7)	g	g	4	None
1307	1276	6	319.0	319	1.5	3/2	107	3	4	107	319.0	F#5	78	True	F	1	1/4	2.0	2	Violoncello	1	107.0	3.0	138.0	iv	False	('C', 'E-', 'G')	C	C	0.0	minor triad	(0, 3, 7)	g	g	4	None
1308	1276	8	319.0	319	2.0	2	107	3	4	107	319.0	G4	67	True	G	0	1/4	2.0	2	Violoncello	1	107.0	3.0	138.0	iv	False	('C', 'E-', 'G')	C	C	0.0	minor triad	(0, 3, 7)	g	g	4	None
1309	1276	6	319.0	319	1.5	3/2	107	3	4	107	319.0	E-4	63	True	E	-1	1/4	2.0	2	Violoncello	1	107.0	3.0	138.0	iv	False	('C', 'E-', 'G')	C	C	0.0	minor triad	(0, 3, 7)	g	g	4	None
1310	1276	8	319.0	319	2.0	2	107	3	4	107	319.0	C3	48	True	C	0	1/4	2.0	2	Violoncello	1	107.0	3.0	138.0	iv	False	('C', 'E-', 'G')	C	C	0.0	minor triad	(0, 3, 7)	g	g	4	None
1311	1282	2	320.5	641/2	0.5	1/2	107	3	4	107	320.5	G5	79	True	G	0	5/8	3.5	0	Violoncello	1	107.0	3.0	138.0	iv	False	('C', 'E-', 'G')	C	C	0.0	minor triad	(0, 3, 7)	g	g	4	None
1312	1282	2	320.5	641/2	0.5	1/2	107	3	4	107	320.5	E-4	63	False	E	-1	5/8	3.5	0	Violoncello	1	107.0	3.0	138.0	iv	False	('C', 'E-', 'G')	C	C	0.0	minor triad	(0, 3, 7)	g	g	4	None
1313	1284	3	321.0	321	0.75	3/4	108	3	4	108	321.0	B-4	70	True	B	-1	0	1.0	1	Violoncello	1	108.0	3.0	139.0	V7	True	('D', 'F#', 'A', 'C')	D	D	0.0	dominant seventh chord	(0, 2, 6, 9)	g	g	5	None
1314	1284	6	321.0	321	1.5	3/2	108	3	4	108	321.0	G4	67	True	G	0	0	1.0	1	Violoncello	1	108.0	3.0	139.0	V7	True	('D', 'F#', 'A', 'C')	D	D	0.0	dominant seventh chord	(0, 2, 6, 9)	g	g	5	None
1315	1284	4	321.0	321	1.0	1	108	3	4	108	321.0	D4	62	True	D	0	0	1.0	1	Violoncello	1	108.0	3.0	139.0	V7	True	('D', 'F#', 'A', 'C')	D	D	0.0	dominant seventh chord	(0, 2, 6, 9)	g	g	5	None
1316	1284	12	321.0	321	3.0	3	108	3	4	108	321.0	D3	50	True	D	0	0	1.0	1	Violoncello	1	108.0	3.0	139.0	V7	True	('D', 'F#', 'A', 'C')	D	D	0.0	dominant seventh chord	(0, 2, 6, 9)	g	g	5	None
1317	1287	1	321.75	1287/4	0.25	1/4	108	3	4	108	321.75	A4	69	True	A	0	3/16	1.75	0	Violoncello	1	108.0	3.0	139.0	V7	False	('D', 'F#', 'A', 'C')	D	D	0.0	dominant seventh chord	(0, 2, 6, 9)	g	g	5	None
1318	1288	6	322.0	322	1.5	3/2	108	3	4	108	322.0	A4	69	True	A	0	1/4	2.0	2	Violoncello	1	108.0	3.0	139.0	V7	False	('D', 'F#', 'A', 'C')	D	D	0.0	dominant seventh chord	(0, 2, 6, 9)	g	g	5	None
1319	1288	8	322.0	322	2.0	2	108	3	4	108	322.0	C4	60	True	C	0	1/4	2.0	2	Violoncello	1	108.0	3.0	139.0	V7	False	('D', 'F#', 'A', 'C')	D	D	0.0	dominant seventh chord	(0, 2, 6, 9)	g	g	5	None
1320	1290	2	322.5	645/2	0.5	1/2	108	3	4	108	322.5	G4	67	False	G	0	3/8	2.5	0	Violoncello	1	108.0	3.0	139.0	V7	False	('D', 'F#', 'A', 'C')	D	D	0.0	dominant seventh chord	(0, 2, 6, 9)	g	g	5	None
1321	1292	4	323.0	323	1.0	1	108	3	4	108	323.0	F#4	66	True	F	1	1/2	3.0	3	Violoncello	1	108.0	3.0	139.0	V7	False	('D', 'F#', 'A', 'C')	D	D	0.0	dominant seventh chord	(0, 2, 6, 9)	g	g	5	None
1322	1294	2	323.5	647/2	0.5	1/2	108	3	4	108	323.5	G4	67	True	G	0	5/8	3.5	0	Violoncello	1	108.0	3.0	139.0	V7	False	('D', 'F#', 'A', 'C')	D	D	0.0	dominant seventh chord	(0, 2, 6, 9)	g	g	5	None
1323	1296	4	324.0	324	1.0	1	109	3	4	109	324.0	G4	67	True	G	0	0	1.0	1	Violoncello	1	109.0	2.0	140.0	i	True	('G', 'B-', 'D')	G	G	0.0	minor triad	(2, 7, 10)	g	g	1	None
1324	1296	4	324.0	324	1.0	1	109	3	4	109	324.0	G4	67	True	G	0	0	1.0	1	Violoncello	1	109.0	2.0	140.0	i	True	('G', 'B-', 'D')	G	G	0.0	minor triad	(2, 7, 10)	g	g	1	None
1325	1296	4	324.0	324	1.0	1	109	3	4	109	324.0	B-3	58	True	B	-1	0	1.0	1	Violoncello	1	109.0	2.0	140.0	i	True	('G', 'B-', 'D')	G	G	0.0	minor triad	(2, 7, 10)	g	g	1	None
1326	1296	8	324.0	324	2.0	2	109	3	4	109	324.0	G2	43	True	G	0	0	1.0	1	Violoncello	1	109.0	2.0	140.0	i	True	('G', 'B-', 'D')	G	G	0.0	minor triad	(2, 7, 10)	g	g	1	None
1327	1300	6	325.0	325	1.5	3/2	109	3	4	109	325.0	G5	79	True	G	0	1/4	2.0	2	Violoncello	1	109.0	2.0	140.0	i	False	('G', 'B-', 'D')	G	G	0.0	minor triad	(2, 7, 10)	g	g	1	None
1328	1300	6	325.0	325	1.5	3/2	109	3	4	109	325.0	B-4	70	True	B	-1	1/4	2.0	2	Violoncello	1	109.0	2.0	140.0	i	False	('G', 'B-', 'D')	G	G	0.0	minor triad	(2, 7, 10)	g	g	1	None
1329	1300	4	325.0	325	1.0	1	109	3	4	109	325.0	D4	62	True	D	0	1/4	2.0	2	Violoncello	1	109.0	2.0	140.0	i	False	('G', 'B-', 'D')	G	G	0.0	minor triad	(2, 7, 10)	g	g	1	None
1330	1304	4	326.0	326	1.0	1	109	3	4	109	326.0	E-4	63	True	E	-1	1/2	3.0	3	Violoncello	1	109.0	1.0	141.0	VI	True	('G', 'B-', 'E-')	G	E-	1.0	major triad	(3, 7, 10)	g	g	6	None
1331	1304	4	326.0	326	1.0	1	109	3	4	109	326.0	G3	55	True	G	0	1/2	3.0	3	Violoncello	1	109.0	1.0	141.0	VI	True	('G', 'B-', 'E-')	G	E-	1.0	major triad	(3, 7, 10)	g	g	6	None
1332	1306	2	326.5	653/2	0.5	1/2	109	3	4	109	326.5	G5	79	False	G	0	5/8	3.5	0	Violoncello	1	109.0	1.0	141.0	VI	False	('G', 'B-', 'E-')	G	E-	1.0	major triad	(3, 7, 10)	g	g	6	None
1333	1306	2	326.5	653/2	0.5	1/2	109	3	4	109	326.5	B-4	70	False	B	-1	5/8	3.5	0	Violoncello	1	109.0	1.0	141.0	VI	False	('G', 'B-', 'E-')	G	E-	1.0	major triad	(3, 7, 10)	g	g	6	None
1334	1308	4	327.0	327	1.0	1	110	3	4	110	327.0	G5	79	True	G	0	0	1.0	1	Violoncello	1	110.0	3.0	142.0	V7	True	('A', 'C', 'E-', 'F')	A	F	1.0	dominant seventh chord	(0, 3, 5, 9)	B-	B-	5	None
1335	1308	4	327.0	327	1.0	1	110	3	4	110	327.0	C5	72	True	C	0	0	1.0	1	Violoncello	1	110.0	3.0	142.0	V7	True	('A', 'C', 'E-', 'F')	A	F	1.0	dominant seventh chord	(0, 3, 5, 9)	B-	B-	5	None
1336	1308	4	327.0	327	1.0	1	110	3	4	110	327.0	E-4	63	False	E	-1	0	1.0	1	Violoncello	1	110.0	3.0	142.0	V7	True	('A', 'C', 'E-', 'F')	A	F	1.0	dominant seventh chord	(0, 3, 5, 9)	B-	B-	5	None
1337	1308	12	327.0	327	3.0	3	110	3	4	110	327.0	A3	57	True	A	0	0	1.0	1	Violoncello	1	110.0	3.0	142.0	V7	True	('A', 'C', 'E-', 'F')	A	F	1.0	dominant seventh chord	(0, 3, 5, 9)	B-	B-	5	None
1338	1312	6	328.0	328	1.5	3/2	110	3	4	110	328.0	F5	77	True	F	0	1/4	2.0	2	Violoncello	1	110.0	3.0	142.0	V7	False	('A', 'C', 'E-', 'F')	A	F	1.0	dominant seventh chord	(0, 3, 5, 9)	B-	B-	5	None
1339	1312	8	328.0	328	2.0	2	110	3	4	110	328.0	C5	72	True	C	0	1/4	2.0	2	Violoncello	1	110.0	3.0	142.0	V7	False	('A', 'C', 'E-', 'F')	A	F	1.0	dominant seventh chord	(0, 3, 5, 9)	B-	B-	5	None
1340	1312	4	328.0	328	1.0	1	110	3	4	110	328.0	C4	60	True	C	0	1/4	2.0	2	Violoncello	1	110.0	3.0	142.0	V7	False	('A', 'C', 'E-', 'F')	A	F	1.0	dominant seventh chord	(0, 3, 5, 9)	B-	B-	5	None
1341	1316	4	329.0	329	1.0	1	110	3	4	110	329.0	F4	65	True	F	0	1/2	3.0	3	Violoncello	1	110.0	3.0	142.0	V7	False	('A', 'C', 'E-', 'F')	A	F	1.0	dominant seventh chord	(0, 3, 5, 9)	B-	B-	5	None
1342	1318	2	329.5	659/2	0.5	1/2	110	3	4	110	329.5	E-5	75	True	E	-1	5/8	3.5	0	Violoncello	1	110.0	3.0	142.0	V7	False	('A', 'C', 'E-', 'F')	A	F	1.0	dominant seventh chord	(0, 3, 5, 9)	B-	B-	5	None
1343	1320	4	330.0	330	1.0	1	111	3	4	111	330.0	D5	74	True	D	0	0	1.0	1	Violoncello	1	111.0	1.0	143.0	I	True	('B-', 'D', 'F')	B-	B-	0.0	major triad	(2, 5, 10)	B-	B-	1	None
1344	1320	4	330.0	330	1.0	1	111	3	4	111	330.0	C5	72	True	C	0	0	1.0	1	Violoncello	1	111.0	1.0	143.0	I	True	('B-', 'D', 'F')	B-	B-	0.0	major triad	(2, 5, 10)	B-	B-	1	None
1345	1320	4	330.0	330	1.0	1	111	3	4	111	330.0	F4	65	True	F	0	0	1.0	1	Violoncello	1	111.0	1.0	143.0	I	True	('B-', 'D', 'F')	B-	B-	0.0	major triad	(2, 5, 10)	B-	B-	1	None
1346	1320	4	330.0	330	1.0	1	111	3	4	111	330.0	B-3	58	True	B	-1	0	1.0	1	Violoncello	1	111.0	1.0	143.0	I	True	('B-', 'D', 'F')	B-	B-	0.0	major triad	(2, 5, 10)	B-	B-	1	None
1347	1324	6	331.0	331	1.5	3/2	111	3	4	111	331.0	E-5	75	True	E	-1	1/4	2.0	2	Violoncello	1	111.0	2.0	144.0	IV	True	('E-', 'G', 'B-')	E-	E-	0.0	major triad	(3, 7, 10)	B-	B-	4	None
1348	1324	6	331.0	331	1.5	3/2	111	3	4	111	331.0	B-4	70	True	B	-1	1/4	2.0	2	Violoncello	1	111.0	2.0	144.0	IV	True	('E-', 'G', 'B-')	E-	E-	0.0	major triad	(3, 7, 10)	B-	B-	4	None
1349	1324	6	331.0	331	1.5	3/2	111	3	4	111	331.0	G4	67	True	G	0	1/4	2.0	2	Violoncello	1	111.0	2.0	144.0	IV	True	('E-', 'G', 'B-')	E-	E-	0.0	major triad	(3, 7, 10)	B-	B-	4	None
1350	1324	8	331.0	331	2.0	2	111	3	4	111	331.0	E-3	51	True	E	-1	1/4	2.0	2	Violoncello	1	111.0	2.0	144.0	IV	True	('E-', 'G', 'B-')	E-	E-	0.0	major triad	(3, 7, 10)	B-	B-	4	None
1351	1330	2	332.5	665/2	0.5	1/2	111	3	4	111	332.5	E-5	75	False	E	-1	5/8	3.5	0	Violoncello	1	111.0	2.0	144.0	IV	False	('E-', 'G', 'B-')	E-	E-	0.0	major triad	(3, 7, 10)	B-	B-	4	None
1352	1330	2	332.5	665/2	0.5	1/2	111	3	4	111	332.5	B-4	70	False	B	-1	5/8	3.5	0	Violoncello	1	111.0	2.0	144.0	IV	False	('E-', 'G', 'B-')	E-	E-	0.0	major triad	(3, 7, 10)	B-	B-	4	None
1353	1330	2	332.5	665/2	0.5	1/2	111	3	4	111	332.5	G4	67	False	G	0	5/8	3.5	0	Violoncello	1	111.0	2.0	144.0	IV	False	('E-', 'G', 'B-')	E-	E-	0.0	major triad	(3, 7, 10)	B-	B-	4	None
1354	1332	4	333.0	333	1.0	1	112	3	4	112	333.0	E-5	75	True	E	-1	0	1.0	1	Violoncello	1	112.0	3.0	145.0	iio7	True	('F', 'A-', 'C-', 'D')	F	D	1.0	diminished seventh chord	(2, 5, 8, 11)	c	c	2	None
1355	1332	4	333.0	333	1.0	1	112	3	4	112	333.0	A-4	68	True	A	-1	0	1.0	1	Violoncello	1	112.0	3.0	145.0	iio7	True	('F', 'A-', 'C-', 'D')	F	D	1.0	diminished seventh chord	(2, 5, 8, 11)	c	c	2	None
1356	1332	4	333.0	333	1.0	1	112	3	4	112	333.0	G4	67	True	G	0	0	1.0	1	Violoncello	1	112.0	3.0	145.0	iio7	True	('F', 'A-', 'C-', 'D')	F	D	1.0	diminished seventh chord	(2, 5, 8, 11)	c	c	2	None
1357	1332	12	333.0	333	3.0	3	112	3	4	112	333.0	F3	53	True	F	0	0	1.0	1	Violoncello	1	112.0	3.0	145.0	iio7	True	('F', 'A-', 'C-', 'D')	F	D	1.0	diminished seventh chord	(2, 5, 8, 11)	c	c	2	None
1358	1336	6	334.0	334	1.5	3/2	112	3	4	112	334.0	D5	74	True	D	0	1/4	2.0	2	Violoncello	1	112.0	3.0	145.0	iio7	False	('F', 'A-', 'C-', 'D')	F	D	1.0	diminished seventh chord	(2, 5, 8, 11)	c	c	2	None
1359	1336	6	334.0	334	1.5	3/2	112	3	4	112	334.0	A-4	68	True	A	-1	1/4	2.0	2	Violoncello	1	112.0	3.0	145.0	iio7	False	('F', 'A-', 'C-', 'D')	F	D	1.0	diminished seventh chord	(2, 5, 8, 11)	c	c	2	None
1360	1336	6	334.0	334	1.5	3/2	112	3	4	112	334.0	F4	65	True	F	0	1/4	2.0	2	Violoncello	1	112.0	3.0	145.0	iio7	False	('F', 'A-', 'C-', 'D')	F	D	1.0	diminished seventh chord	(2, 5, 8, 11)	c	c	2	None
1361	1342	2	335.5	671/2	0.5	1/2	112	3	4	112	335.5	C5	72	True	C	0	5/8	3.5	0	Violoncello	1	112.0	3.0	145.0	iio7	False	('F', 'A-', 'C-', 'D')	F	D	1.0	diminished seventh chord	(2, 5, 8, 11)	c	c	2	None
1362	1342	2	335.5	671/2	0.5	1/2	112	3	4	112	335.5	A-4	68	False	A	-1	5/8	3.5	0	Violoncello	1	112.0	3.0	145.0	iio7	False	('F', 'A-', 'C-', 'D')	F	D	1.0	diminished seventh chord	(2, 5, 8, 11)	c	c	2	None
1363	1342	2	335.5	671/2	0.5	1/2	112	3	4	112	335.5	E-4	63	True	E	-1	5/8	3.5	0	Violoncello	1	112.0	3.0	145.0	iio7	False	('F', 'A-', 'C-', 'D')	F	D	1.0	diminished seventh chord	(2, 5, 8, 11)	c	c	2	None
1364	1344	4	336.0	336	1.0	1	113	3	4	113	336.0	B4	71	True	B	0	0	1.0	1	Violoncello	1	113.0	1.0	146.0	V9	True	('G', 'B', 'D', 'F', 'A-')	G	G	0.0	flat-ninth pentachord	(2, 5, 7, 8, 11)	c	c	5	None
1365	1344	4	336.0	336	1.0	1	113	3	4	113	336.0	A-4	68	True	A	-1	0	1.0	1	Violoncello	1	113.0	1.0	146.0	V9	True	('G', 'B', 'D', 'F', 'A-')	G	G	0.0	flat-ninth pentachord	(2, 5, 7, 8, 11)	c	c	5	None
1366	1344	4	336.0	336	1.0	1	113	3	4	113	336.0	D4	62	True	D	0	0	1.0	1	Violoncello	1	113.0	1.0	146.0	V9	True	('G', 'B', 'D', 'F', 'A-')	G	G	0.0	flat-ninth pentachord	(2, 5, 7, 8, 11)	c	c	5	None
1367	1344	12	336.0	336	3.0	3	113	3	4	113	336.0	G3	55	True	G	0	0	1.0	1	Violoncello	1	113.0	1.0	146.0	V9	True	('G', 'B', 'D', 'F', 'A-')	G	G	0.0	flat-ninth pentachord	(2, 5, 7, 8, 11)	c	c	5	None
1368	1348	4	337.0	337	1.0	1	113	3	4	113	337.0	B4	71	True	B	0	1/4	2.0	2	Violoncello	1	113.0	2.0	147.0	III+	True	('G', 'B', 'E-')	G	E-	1.0	augmented triad	(3, 7, 11)	c	c	3	None
1369	1348	4	337.0	337	1.0	1	113	3	4	113	337.0	G4	67	True	G	0	1/4	2.0	2	Violoncello	1	113.0	2.0	147.0	III+	True	('G', 'B', 'E-')	G	E-	1.0	augmented triad	(3, 7, 11)	c	c	3	None
1370	1348	6	337.0	337	1.5	3/2	113	3	4	113	337.0	E-4	63	True	E	-1	1/4	2.0	2	Violoncello	1	113.0	2.0	147.0	III+	True	('G', 'B', 'E-')	G	E-	1.0	augmented triad	(3, 7, 11)	c	c	3	None
1371	1352	4	338.0	338	1.0	1	113	3	4	113	338.0	G5	79	True	G	0	1/2	3.0	3	Violoncello	1	113.0	2.0	147.0	III+	False	('G', 'B', 'E-')	G	E-	1.0	augmented triad	(3, 7, 11)	c	c	3	None
1372	1352	4	338.0	338	1.0	1	113	3	4	113	338.0	B4	71	True	B	0	1/2	3.0	3	Violoncello	1	113.0	2.0	147.0	III+	False	('G', 'B', 'E-')	G	E-	1.0	augmented triad	(3, 7, 11)	c	c	3	None
1373	1354	2	338.5	677/2	0.5	1/2	113	3	4	113	338.5	E-4	63	False	E	-1	5/8	3.5	0	Violoncello	1	113.0	2.0	147.0	III+	False	('G', 'B', 'E-')	G	E-	1.0	augmented triad	(3, 7, 11)	c	c	3	None
1374	1356	3	339.0	339	0.75	3/4	114	3	4	114	339.0	G5	79	True	G	0	0	1.0	1	Violoncello	1	114.0	3.0	148.0	iv	True	('A-', 'C', 'F')	A-	F	1.0	minor triad	(0, 5, 8)	c	c	4	None
1375	1356	8	339.0	339	2.0	2	114	3	4	114	339.0	C5	72	True	C	0	0	1.0	1	Violoncello	1	114.0	3.0	148.0	iv	True	('A-', 'C', 'F')	A-	F	1.0	minor triad	(0, 5, 8)	c	c	4	None
1376	1356	4	339.0	339	1.0	1	114	3	4	114	339.0	E-4	63	True	E	-1	0	1.0	1	Violoncello	1	114.0	3.0	148.0	iv	True	('A-', 'C', 'F')	A-	F	1.0	minor triad	(0, 5, 8)	c	c	4	None
1377	1356	12	339.0	339	3.0	3	114	3	4	114	339.0	A-3	56	True	A	-1	0	1.0	1	Violoncello	1	114.0	3.0	148.0	iv	True	('A-', 'C', 'F')	A-	F	1.0	minor triad	(0, 5, 8)	c	c	4	None
1378	1359	1	339.75	1359/4	0.25	1/4	114	3	4	114	339.75	A-5	80	True	A	-1	3/16	1.75	0	Violoncello	1	114.0	3.0	148.0	iv	False	('A-', 'C', 'F')	A-	F	1.0	minor triad	(0, 5, 8)	c	c	4	None
1379	1360	6	340.0	340	1.5	3/2	114	3	4	114	340.0	F5	77	True	F	0	1/4	2.0	2	Violoncello	1	114.0	3.0	148.0	iv	False	('A-', 'C', 'F')	A-	F	1.0	minor triad	(0, 5, 8)	c	c	4	None
1380	1360	2	340.0	340	0.5	1/2	114	3	4	114	340.0	F4	65	True	F	0	1/4	2.0	2	Violoncello	1	114.0	3.0	148.0	iv	False	('A-', 'C', 'F')	A-	F	1.0	minor triad	(0, 5, 8)	c	c	4	None
1381	1362	2	340.5	681/2	0.5	1/2	114	3	4	114	340.5	G4	67	True	G	0	3/8	2.5	0	Violoncello	1	114.0	3.0	148.0	iv	False	('A-', 'C', 'F')	A-	F	1.0	minor triad	(0, 5, 8)	c	c	4	None
1382	1364	4	341.0	341	1.0	1	114	3	4	114	341.0	C5	72	True	C	0	1/2	3.0	3	Violoncello	1	114.0	3.0	148.0	iv	False	('A-', 'C', 'F')	A-	F	1.0	minor triad	(0, 5, 8)	c	c	4	None
1383	1364	4	341.0	341	1.0	1	114	3	4	114	341.0	A-4	68	True	A	-1	1/2	3.0	3	Violoncello	1	114.0	3.0	148.0	iv	False	('A-', 'C', 'F')	A-	F	1.0	minor triad	(0, 5, 8)	c	c	4	None
1384	1366	2	341.5	683/2	0.5	1/2	114	3	4	114	341.5	F5	77	False	F	0	5/8	3.5	0	Violoncello	1	114.0	3.0	148.0	iv	False	('A-', 'C', 'F')	A-	F	1.0	minor triad	(0, 5, 8)	c	c	4	None
1385	1368	4	342.0	342	1.0	1	115	3	4	115	342.0	F5	77	True	F	0	0	1.0	1	Violoncello	1	115.0	3.0	149.0	V	True	('G', 'B', 'D')	G	G	0.0	major triad	(2, 7, 11)	c	c	5	None
1386	1368	4	342.0	342	1.0	1	115	3	4	115	342.0	B4	71	True	B	0	0	1.0	1	Violoncello	1	115.0	3.0	149.0	V	True	('G', 'B', 'D')	G	G	0.0	major triad	(2, 7, 11)	c	c	5	None
1387	1368	4	342.0	342	1.0	1	115	3	4	115	342.0	D4	62	True	D	0	0	1.0	1	Violoncello	1	115.0	3.0	149.0	V	True	('G', 'B', 'D')	G	G	0.0	major triad	(2, 7, 11)	c	c	5	None
1388	1368	8	342.0	342	2.0	2	115	3	4	115	342.0	G3	55	True	G	0	0	1.0	1	Violoncello	1	115.0	3.0	149.0	V	True	('G', 'B', 'D')	G	G	0.0	major triad	(2, 7, 11)	c	c	5	None
1389	1372	4	343.0	343	1.0	1	115	3	4	115	343.0	D5	74	True	D	0	1/4	2.0	2	Violoncello	1	115.0	3.0	149.0	V	False	('G', 'B', 'D')	G	G	0.0	major triad	(2, 7, 11)	c	c	5	None
1390	1372	6	343.0	343	1.5	3/2	115	3	4	115	343.0	B4	71	True	B	0	1/4	2.0	2	Violoncello	1	115.0	3.0	149.0	V	False	('G', 'B', 'D')	G	G	0.0	major triad	(2, 7, 11)	c	c	5	None
1391	1372	6	343.0	343	1.5	3/2	115	3	4	115	343.0	G4	67	True	G	0	1/4	2.0	2	Violoncello	1	115.0	3.0	149.0	V	False	('G', 'B', 'D')	G	G	0.0	major triad	(2, 7, 11)	c	c	5	None
1392	1376	4	344.0	344	1.0	1	115	3	4	115	344.0	E-5	75	True	E	-1	1/2	3.0	3	Violoncello	1	115.0	3.0	149.0	V	False	('G', 'B', 'D')	G	G	0.0	major triad	(2, 7, 11)	c	c	5	None
1393	1376	4	344.0	344	1.0	1	115	3	4	115	344.0	G3	55	True	G	0	1/2	3.0	3	Violoncello	1	115.0	3.0	149.0	V	False	('G', 'B', 'D')	G	G	0.0	major triad	(2, 7, 11)	c	c	5	None
1394	1378	2	344.5	689/2	0.5	1/2	115	3	4	115	344.5	B4	71	True	B	0	5/8	3.5	0	Violoncello	1	115.0	3.0	149.0	V	False	('G', 'B', 'D')	G	G	0.0	major triad	(2, 7, 11)	c	c	5	None
1395	1378	2	344.5	689/2	0.5	1/2	115	3	4	115	344.5	G4	67	False	G	0	5/8	3.5	0	Violoncello	1	115.0	3.0	149.0	V	False	('G', 'B', 'D')	G	G	0.0	major triad	(2, 7, 11)	c	c	5	None
1396	1380	4	345.0	345	1.0	1	116	3	4	116	345.0	E-5	75	True	E	-1	0	1.0	1	Violoncello	1	116.0	3.0	150.0	iv7	True	('F', 'A-', 'C', 'E-')	F	F	0.0	minor seventh chord	(0, 3, 5, 8)	c	c	4	None
1397	1380	4	345.0	345	1.0	1	116	3	4	116	345.0	C5	72	True	C	0	0	1.0	1	Violoncello	1	116.0	3.0	150.0	iv7	True	('F', 'A-', 'C', 'E-')	F	F	0.0	minor seventh chord	(0, 3, 5, 8)	c	c	4	None
1398	1380	4	345.0	345	1.0	1	116	3	4	116	345.0	A-4	68	True	A	-1	0	1.0	1	Violoncello	1	116.0	3.0	150.0	iv7	True	('F', 'A-', 'C', 'E-')	F	F	0.0	minor seventh chord	(0, 3, 5, 8)	c	c	4	None
1399	1380	12	345.0	345	3.0	3	116	3	4	116	345.0	F3	53	True	F	0	0	1.0	1	Violoncello	1	116.0	3.0	150.0	iv7	True	('F', 'A-', 'C', 'E-')	F	F	0.0	minor seventh chord	(0, 3, 5, 8)	c	c	4	None
1400	1384	2	346.0	346	0.5	1/2	116	3	4	116	346.0	F5	77	True	F	0	1/4	2.0	2	Violoncello	1	116.0	3.0	150.0	iv7	False	('F', 'A-', 'C', 'E-')	F	F	0.0	minor seventh chord	(0, 3, 5, 8)	c	c	4	None
1401	1384	8	346.0	346	2.0	2	116	3	4	116	346.0	A-4	68	True	A	-1	1/4	2.0	2	Violoncello	1	116.0	3.0	150.0	iv7	False	('F', 'A-', 'C', 'E-')	F	F	0.0	minor seventh chord	(0, 3, 5, 8)	c	c	4	None
1402	1384	4	346.0	346	1.0	1	116	3	4	116	346.0	C4	60	True	C	0	1/4	2.0	2	Violoncello	1	116.0	3.0	150.0	iv7	False	('F', 'A-', 'C', 'E-')	F	F	0.0	minor seventh chord	(0, 3, 5, 8)	c	c	4	None
1403	1386	2	346.5	693/2	0.5	1/2	116	3	4	116	346.5	E-5	75	True	E	-1	3/8	2.5	0	Violoncello	1	116.0	3.0	150.0	iv7	False	('F', 'A-', 'C', 'E-')	F	F	0.0	minor seventh chord	(0, 3, 5, 8)	c	c	4	None
1404	1388	2	347.0	347	0.5	1/2	116	3	4	116	347.0	D5	74	True	D	0	1/2	3.0	3	Violoncello	1	116.0	3.0	150.0	iv7	False	('F', 'A-', 'C', 'E-')	F	F	0.0	minor seventh chord	(0, 3, 5, 8)	c	c	4	None
1405	1388	4	347.0	347	1.0	1	116	3	4	116	347.0	F4	65	True	F	0	1/2	3.0	3	Violoncello	1	116.0	3.0	150.0	iv7	False	('F', 'A-', 'C', 'E-')	F	F	0.0	minor seventh chord	(0, 3, 5, 8)	c	c	4	None
1406	1390	2	347.5	695/2	0.5	1/2	116	3	4	116	347.5	C5	72	True	C	0	5/8	3.5	0	Violoncello	1	116.0	3.0	150.0	iv7	False	('F', 'A-', 'C', 'E-')	F	F	0.0	minor seventh chord	(0, 3, 5, 8)	c	c	4	None
1407	1392	3	348.0	348	0.75	3/4	117	3	4	117	348.0	B4	71	True	B	0	0	1.0	1	Violoncello	1	117.0	3.0	151.0	V	True	('G', 'B', 'D')	G	G	0.0	major triad	(2, 7, 11)	c	c	5	None
1408	1392	4	348.0	348	1.0	1	117	3	4	117	348.0	G4	67	True	G	0	0	1.0	1	Violoncello	1	117.0	3.0	151.0	V	True	('G', 'B', 'D')	G	G	0.0	major triad	(2, 7, 11)	c	c	5	None
1409	1392	2	348.0	348	0.5	1/2	117	3	4	117	348.0	F4	65	False	F	0	0	1.0	1	Violoncello	1	117.0	3.0	151.0	V	True	('G', 'B', 'D')	G	G	0.0	major triad	(2, 7, 11)	c	c	5	None
1410	1392	4	348.0	348	1.0	1	117	3	4	117	348.0	G3	55	True	G	0	0	1.0	1	Violoncello	1	117.0	3.0	151.0	V	True	('G', 'B', 'D')	G	G	0.0	major triad	(2, 7, 11)	c	c	5	None
1411	1394	2	348.5	697/2	0.5	1/2	117	3	4	117	348.5	E-4	63	True	E	-1	1/8	1.5	0	Violoncello	1	117.0	3.0	151.0	V	False	('G', 'B', 'D')	G	G	0.0	major triad	(2, 7, 11)	c	c	5	None
1412	1395	1	348.75	1395/4	0.25	1/4	117	3	4	117	348.75	C5	72	True	C	0	3/16	1.75	0	Violoncello	1	117.0	3.0	151.0	V	False	('G', 'B', 'D')	G	G	0.0	major triad	(2, 7, 11)	c	c	5	None
1413	1396	6	349.0	349	1.5	3/2	117	3	4	117	349.0	C5	72	True	C	0	1/4	2.0	2	Violoncello	1	117.0	3.0	151.0	V	False	('G', 'B', 'D')	G	G	0.0	major triad	(2, 7, 11)	c	c	5	None
1414	1396	6	349.0	349	1.5	3/2	117	3	4	117	349.0	G4	67	True	G	0	1/4	2.0	2	Violoncello	1	117.0	3.0	151.0	V	False	('G', 'B', 'D')	G	G	0.0	major triad	(2, 7, 11)	c	c	5	None
1415	1396	6	349.0	349	1.5	3/2	117	3	4	117	349.0	D4	62	True	D	0	1/4	2.0	2	Violoncello	1	117.0	3.0	151.0	V	False	('G', 'B', 'D')	G	G	0.0	major triad	(2, 7, 11)	c	c	5	None
1416	1396	8	349.0	349	2.0	2	117	3	4	117	349.0	G2	43	True	G	0	1/4	2.0	2	Violoncello	1	117.0	3.0	151.0	V	False	('G', 'B', 'D')	G	G	0.0	major triad	(2, 7, 11)	c	c	5	None
1417	1402	2	350.5	701/2	0.5	1/2	117	3	4	117	350.5	B4	71	True	B	0	5/8	3.5	0	Violoncello	1	117.0	3.0	151.0	V	False	('G', 'B', 'D')	G	G	0.0	major triad	(2, 7, 11)	c	c	5	None
1418	1402	2	350.5	701/2	0.5	1/2	117	3	4	117	350.5	G4	67	False	G	0	5/8	3.5	0	Violoncello	1	117.0	3.0	151.0	V	False	('G', 'B', 'D')	G	G	0.0	major triad	(2, 7, 11)	c	c	5	None
1419	1402	2	350.5	701/2	0.5	1/2	117	3	4	117	350.5	E-4	63	True	E	-1	5/8	3.5	0	Violoncello	1	117.0	3.0	151.0	V	False	('G', 'B', 'D')	G	G	0.0	major triad	(2, 7, 11)	c	c	5	None
1420	1404	6	351.0	351	1.5	3/2	118	3	4	118	351.0	C5	72	True	C	0	0	1.0	1	Violoncello	1	118.0	2.0	152.0	V/V	True	('C', 'E', 'G')	C	C	0.0	major triad	(0, 4, 7)	B-	F	5	5
1421	1404	4	351.0	351	1.0	1	118	3	4	118	351.0	E4	64	True	E	0	0	1.0	1	Violoncello	1	118.0	2.0	152.0	V/V	True	('C', 'E', 'G')	C	C	0.0	major triad	(0, 4, 7)	B-	F	5	5
1422	1404	4	351.0	351	1.0	1	118	3	4	118	351.0	C4	60	True	C	0	0	1.0	1	Violoncello	1	118.0	2.0	152.0	V/V	True	('C', 'E', 'G')	C	C	0.0	major triad	(0, 4, 7)	B-	F	5	5
1423	1404	2	351.0	351	0.5	1/2	118	3	4	118	351.0	C3	48	True	C	0	0	1.0	1	Violoncello	1	118.0	2.0	152.0	V/V	True	('C', 'E', 'G')	C	C	0.0	major triad	(0, 4, 7)	B-	F	5	5
1424	1406	2	351.5	703/2	0.5	1/2	118	3	4	118	351.5	D3	50	True	D	0	1/8	1.5	0	Violoncello	1	118.0	2.0	152.0	V/V	False	('C', 'E', 'G')	C	C	0.0	major triad	(0, 4, 7)	B-	F	5	5
1425	1408	6	352.0	352	1.5	3/2	118	3	4	118	352.0	E4	64	True	E	0	1/4	2.0	2	Violoncello	1	118.0	2.0	152.0	V/V	False	('C', 'E', 'G')	C	C	0.0	major triad	(0, 4, 7)	B-	F	5	5
1426	1408	4	352.0	352	1.0	1	118	3	4	118	352.0	G4	67	True	G	0	1/4	2.0	2	Violoncello	1	118.0	2.0	152.0	V/V	False	('C', 'E', 'G')	C	C	0.0	major triad	(0, 4, 7)	B-	F	5	5
1427	1408	2	352.0	352	0.5	1/2	118	3	4	118	352.0	C3	48	True	C	0	1/4	2.0	2	Violoncello	1	118.0	2.0	152.0	V/V	False	('C', 'E', 'G')	C	C	0.0	major triad	(0, 4, 7)	B-	F	5	5
1428	1410	2	352.5	705/2	0.5	1/2	118	3	4	118	352.5	D5	74	True	D	0	3/8	2.5	0	Violoncello	1	118.0	2.0	152.0	V/V	False	('C', 'E', 'G')	C	C	0.0	major triad	(0, 4, 7)	B-	F	5	5
1429	1410	2	352.5	705/2	0.5	1/2	118	3	4	118	352.5	B-2	46	True	B	-1	3/8	2.5	0	Violoncello	1	118.0	2.0	152.0	V/V	False	('C', 'E', 'G')	C	C	0.0	major triad	(0, 4, 7)	B-	F	5	5
1430	1412	3	353.0	353	0.75	3/4	118	3	4	118	353.0	C5	72	True	C	0	1/2	3.0	3	Violoncello	1	118.0	1.0	153.0	vii	True	('A', 'C', 'E')	A	A	0.0	minor triad	(0, 4, 9)	B-	B-	7	None
1431	1412	4	353.0	353	1.0	1	118	3	4	118	353.0	A4	69	True	A	0	1/2	3.0	3	Violoncello	1	118.0	1.0	153.0	vii	True	('A', 'C', 'E')	A	A	0.0	minor triad	(0, 4, 9)	B-	B-	7	None
1432	1412	2	353.0	353	0.5	1/2	118	3	4	118	353.0	C3	48	True	C	0	1/2	3.0	3	Violoncello	1	118.0	1.0	153.0	vii	True	('A', 'C', 'E')	A	A	0.0	minor triad	(0, 4, 9)	B-	B-	7	None
1433	1414	2	353.5	707/2	0.5	1/2	118	3	4	118	353.5	E4	64	False	E	0	5/8	3.5	0	Violoncello	1	118.0	1.0	153.0	vii	False	('A', 'C', 'E')	A	A	0.0	minor triad	(0, 4, 9)	B-	B-	7	None
1434	1414	2	353.5	707/2	0.5	1/2	118	3	4	118	353.5	A2	45	True	A	0	5/8	3.5	0	Violoncello	1	118.0	1.0	153.0	vii	False	('A', 'C', 'E')	A	A	0.0	minor triad	(0, 4, 9)	B-	B-	7	None
1435	1415	1	353.75	1415/4	0.25	1/4	118	3	4	118	353.75	B-4	70	True	B	-1	11/16	3.75	0	Violoncello	1	118.0	1.0	153.0	vii	False	('A', 'C', 'E')	A	A	0.0	minor triad	(0, 4, 9)	B-	B-	7	None
1436	1416	6	354.0	354	1.5	3/2	119	3	4	119	354.0	A4	69	True	A	0	0	1.0	1	Violoncello	1	119.0	2.0	154.0	iii	True	('D', 'F', 'A')	D	D	0.0	minor triad	(2, 5, 9)	B-	B-	3	None
1437	1416	4	354.0	354	1.0	1	119	3	4	119	354.0	F4	65	True	F	0	0	1.0	1	Violoncello	1	119.0	2.0	154.0	iii	True	('D', 'F', 'A')	D	D	0.0	minor triad	(2, 5, 9)	B-	B-	3	None
1438	1416	6	354.0	354	1.5	3/2	119	3	4	119	354.0	F4	65	True	F	0	0	1.0	1	Violoncello	1	119.0	2.0	154.0	iii	True	('D', 'F', 'A')	D	D	0.0	minor triad	(2, 5, 9)	B-	B-	3	None
1439	1416	2	354.0	354	0.5	1/2	119	3	4	119	354.0	D3	50	True	D	0	0	1.0	1	Violoncello	1	119.0	2.0	154.0	iii	True	('D', 'F', 'A')	D	D	0.0	minor triad	(2, 5, 9)	B-	B-	3	None
1440	1418	2	354.5	709/2	0.5	1/2	119	3	4	119	354.5	E-3	51	True	E	-1	1/8	1.5	0	Violoncello	1	119.0	2.0	154.0	iii	False	('D', 'F', 'A')	D	D	0.0	minor triad	(2, 5, 9)	B-	B-	3	None
1441	1420	8	355.0	355	2.0	2	119	3	4	119	355.0	F4	65	True	F	0	1/4	2.0	2	Violoncello	1	119.0	2.0	154.0	iii	False	('D', 'F', 'A')	D	D	0.0	minor triad	(2, 5, 9)	B-	B-	3	None
1442	1420	2	355.0	355	0.5	1/2	119	3	4	119	355.0	D3	50	True	D	0	1/4	2.0	2	Violoncello	1	119.0	2.0	154.0	iii	False	('D', 'F', 'A')	D	D	0.0	minor triad	(2, 5, 9)	B-	B-	3	None
1443	1422	2	355.5	711/2	0.5	1/2	119	3	4	119	355.5	A4	69	True	A	0	3/8	2.5	0	Violoncello	1	119.0	2.0	154.0	iii	False	('D', 'F', 'A')	D	D	0.0	minor triad	(2, 5, 9)	B-	B-	3	None
1444	1422	2	355.5	711/2	0.5	1/2	119	3	4	119	355.5	F4	65	False	F	0	3/8	2.5	0	Violoncello	1	119.0	2.0	154.0	iii	False	('D', 'F', 'A')	D	D	0.0	minor triad	(2, 5, 9)	B-	B-	3	None
1445	1422	2	355.5	711/2	0.5	1/2	119	3	4	119	355.5	C3	48	True	C	0	3/8	2.5	0	Violoncello	1	119.0	2.0	154.0	iii	False	('D', 'F', 'A')	D	D	0.0	minor triad	(2, 5, 9)	B-	B-	3	None
1446	1424	4	356.0	356	1.0	1	119	3	4	119	356.0	D5	74	True	D	0	1/2	3.0	3	Violoncello	1	119.0	1.0	155.0	I	True	('B-', 'D', 'F')	B-	B-	0.0	major triad	(2, 5, 10)	B-	B-	1	None
1447	1424	4	356.0	356	1.0	1	119	3	4	119	356.0	B-4	70	True	B	-1	1/2	3.0	3	Violoncello	1	119.0	1.0	155.0	I	True	('B-', 'D', 'F')	B-	B-	0.0	major triad	(2, 5, 10)	B-	B-	1	None
1448	1424	2	356.0	356	0.5	1/2	119	3	4	119	356.0	D3	50	True	D	0	1/2	3.0	3	Violoncello	1	119.0	1.0	155.0	I	True	('B-', 'D', 'F')	B-	B-	0.0	major triad	(2, 5, 10)	B-	B-	1	None
1449	1426	2	356.5	713/2	0.5	1/2	119	3	4	119	356.5	B-2	46	True	B	-1	5/8	3.5	0	Violoncello	1	119.0	1.0	155.0	I	False	('B-', 'D', 'F')	B-	B-	0.0	major triad	(2, 5, 10)	B-	B-	1	None
1450	1428	6	357.0	357	1.5	3/2	120	3	4	120	357.0	B-4	70	True	B	-1	0	1.0	1	Violoncello	1	120.0	2.0	156.0	IV	True	('E-', 'G', 'B-')	E-	E-	0.0	major triad	(3, 7, 10)	B-	B-	4	None
1451	1428	12	357.0	357	3.0	3	120	3	4	120	357.0	G4	67	True	G	0	0	1.0	1	Violoncello	1	120.0	2.0	156.0	IV	True	('E-', 'G', 'B-')	E-	E-	0.0	major triad	(3, 7, 10)	B-	B-	4	None
1452	1428	6	357.0	357	1.5	3/2	120	3	4	120	357.0	G4	67	True	G	0	0	1.0	1	Violoncello	1	120.0	2.0	156.0	IV	True	('E-', 'G', 'B-')	E-	E-	0.0	major triad	(3, 7, 10)	B-	B-	4	None
1453	1428	2	357.0	357	0.5	1/2	120	3	4	120	357.0	E-3	51	True	E	-1	0	1.0	1	Violoncello	1	120.0	2.0	156.0	IV	True	('E-', 'G', 'B-')	E-	E-	0.0	major triad	(3, 7, 10)	B-	B-	4	None
1454	1430	2	357.5	715/2	0.5	1/2	120	3	4	120	357.5	F3	53	True	F	0	1/8	1.5	0	Violoncello	1	120.0	2.0	156.0	IV	False	('E-', 'G', 'B-')	E-	E-	0.0	major triad	(3, 7, 10)	B-	B-	4	None
1455	1432	2	358.0	358	0.5	1/2	120	3	4	120	358.0	E-3	51	True	E	-1	1/4	2.0	2	Violoncello	1	120.0	2.0	156.0	IV	False	('E-', 'G', 'B-')	E-	E-	0.0	major triad	(3, 7, 10)	B-	B-	4	None
1456	1434	2	358.5	717/2	0.5	1/2	120	3	4	120	358.5	B-4	70	False	B	-1	3/8	2.5	0	Violoncello	1	120.0	2.0	156.0	IV	False	('E-', 'G', 'B-')	E-	E-	0.0	major triad	(3, 7, 10)	B-	B-	4	None
1457	1434	2	358.5	717/2	0.5	1/2	120	3	4	120	358.5	G4	67	False	G	0	3/8	2.5	0	Violoncello	1	120.0	2.0	156.0	IV	False	('E-', 'G', 'B-')	E-	E-	0.0	major triad	(3, 7, 10)	B-	B-	4	None
1458	1434	2	358.5	717/2	0.5	1/2	120	3	4	120	358.5	D3	50	True	D	0	3/8	2.5	0	Violoncello	1	120.0	2.0	156.0	IV	False	('E-', 'G', 'B-')	E-	E-	0.0	major triad	(3, 7, 10)	B-	B-	4	None
1459	1436	4	359.0	359	1.0	1	120	3	4	120	359.0	E-5	75	True	E	-1	1/2	3.0	3	Violoncello	1	120.0	1.0	157.0	ii	True	('C', 'E-', 'G')	C	C	0.0	minor triad	(0, 3, 7)	B-	B-	2	None
1460	1436	4	359.0	359	1.0	1	120	3	4	120	359.0	C5	72	True	C	0	1/2	3.0	3	Violoncello	1	120.0	1.0	157.0	ii	True	('C', 'E-', 'G')	C	C	0.0	minor triad	(0, 3, 7)	B-	B-	2	None
1461	1436	2	359.0	359	0.5	1/2	120	3	4	120	359.0	E-3	51	True	E	-1	1/2	3.0	3	Violoncello	1	120.0	1.0	157.0	ii	True	('C', 'E-', 'G')	C	C	0.0	minor triad	(0, 3, 7)	B-	B-	2	None
1462	1438	2	359.5	719/2	0.5	1/2	120	3	4	120	359.5	C3	48	True	C	0	5/8	3.5	0	Violoncello	1	120.0	1.0	157.0	ii	False	('C', 'E-', 'G')	C	C	0.0	minor triad	(0, 3, 7)	B-	B-	2	None
1463	1440	3	360.0	360	0.75	3/4	121	3	4	121	360.0	E-5	75	False	E	-1	0	1.0	1	Violoncello	1	121.0	3.0	158.0	V	True	('F', 'A', 'C')	F	F	0.0	major triad	(0, 5, 9)	B-	B-	5	None
1464	1440	8	360.0	360	2.0	2	121	3	4	121	360.0	C4	60	True	C	0	0	1.0	1	Violoncello	1	121.0	3.0	158.0	V	True	('F', 'A', 'C')	F	F	0.0	major triad	(0, 5, 9)	B-	B-	5	None
1465	1440	3	360.0	360	0.75	3/4	121	3	4	121	360.0	A4	69	True	A	0	0	1.0	1	Violoncello	1	121.0	3.0	158.0	V	True	('F', 'A', 'C')	F	F	0.0	major triad	(0, 5, 9)	B-	B-	5	None
1466	1440	2	360.0	360	0.5	1/2	121	3	4	121	360.0	F3	53	True	F	0	0	1.0	1	Violoncello	1	121.0	3.0	158.0	V	True	('F', 'A', 'C')	F	F	0.0	major triad	(0, 5, 9)	B-	B-	5	None
1467	1442	2	360.5	721/2	0.5	1/2	121	3	4	121	360.5	E-3	51	True	E	-1	1/8	1.5	0	Violoncello	1	121.0	3.0	158.0	V	False	('F', 'A', 'C')	F	F	0.0	major triad	(0, 5, 9)	B-	B-	5	None
1468	1443	1	360.75	1443/4	0.25	1/4	121	3	4	121	360.75	D5	74	True	D	0	3/16	1.75	0	Violoncello	1	121.0	3.0	158.0	V	False	('F', 'A', 'C')	F	F	0.0	major triad	(0, 5, 9)	B-	B-	5	None
1469	1443	1	360.75	1443/4	0.25	1/4	121	3	4	121	360.75	B-4	70	True	B	-1	3/16	1.75	0	Violoncello	1	121.0	3.0	158.0	V	False	('F', 'A', 'C')	F	F	0.0	major triad	(0, 5, 9)	B-	B-	5	None
1470	1444	6	361.0	361	1.5	3/2	121	3	4	121	361.0	C5	72	True	C	0	1/4	2.0	2	Violoncello	1	121.0	3.0	158.0	V	False	('F', 'A', 'C')	F	F	0.0	major triad	(0, 5, 9)	B-	B-	5	None
1471	1444	3	361.0	361	0.75	3/4	121	3	4	121	361.0	A4	69	True	A	0	1/4	2.0	2	Violoncello	1	121.0	3.0	158.0	V	False	('F', 'A', 'C')	F	F	0.0	major triad	(0, 5, 9)	B-	B-	5	None
1472	1444	2	361.0	361	0.5	1/2	121	3	4	121	361.0	F3	53	True	F	0	1/4	2.0	2	Violoncello	1	121.0	3.0	158.0	V	False	('F', 'A', 'C')	F	F	0.0	major triad	(0, 5, 9)	B-	B-	5	None
1473	1446	2	361.5	723/2	0.5	1/2	121	3	4	121	361.5	G3	55	True	G	0	3/8	2.5	0	Violoncello	1	121.0	3.0	158.0	V	False	('F', 'A', 'C')	F	F	0.0	major triad	(0, 5, 9)	B-	B-	5	None
1474	1447	1	361.75	1447/4	0.25	1/4	121	3	4	121	361.75	G4	67	True	G	0	7/16	2.75	0	Violoncello	1	121.0	3.0	158.0	V	False	('F', 'A', 'C')	F	F	0.0	major triad	(0, 5, 9)	B-	B-	5	None
1475	1448	4	362.0	362	1.0	1	121	3	4	121	362.0	C5	72	True	C	0	1/2	3.0	3	Violoncello	1	121.0	3.0	158.0	V	False	('F', 'A', 'C')	F	F	0.0	major triad	(0, 5, 9)	B-	B-	5	None
1476	1448	3	362.0	362	0.75	3/4	121	3	4	121	362.0	F4	65	True	F	0	1/2	3.0	3	Violoncello	1	121.0	3.0	158.0	V	False	('F', 'A', 'C')	F	F	0.0	major triad	(0, 5, 9)	B-	B-	5	None
1477	1448	2	362.0	362	0.5	1/2	121	3	4	121	362.0	A3	57	True	A	0	1/2	3.0	3	Violoncello	1	121.0	3.0	158.0	V	False	('F', 'A', 'C')	F	F	0.0	major triad	(0, 5, 9)	B-	B-	5	None
1478	1450	2	362.5	725/2	0.5	1/2	121	3	4	121	362.5	F5	77	True	F	0	5/8	3.5	0	Violoncello	1	121.0	3.0	158.0	V	False	('F', 'A', 'C')	F	F	0.0	major triad	(0, 5, 9)	B-	B-	5	None
1479	1450	2	362.5	725/2	0.5	1/2	121	3	4	121	362.5	F3	53	True	F	0	5/8	3.5	0	Violoncello	1	121.0	3.0	158.0	V	False	('F', 'A', 'C')	F	F	0.0	major triad	(0, 5, 9)	B-	B-	5	None
1480	1451	1	362.75	1451/4	0.25	1/4	121	3	4	121	362.75	F4	65	True	F	0	11/16	3.75	0	Violoncello	1	121.0	3.0	158.0	V	False	('F', 'A', 'C')	F	F	0.0	major triad	(0, 5, 9)	B-	B-	5	None
1481	1452	6	363.0	363	1.5	3/2	122	3	4	122	363.0	D5	74	True	D	0	0	1.0	1	Violoncello	1	122.0	3.0	159.0	I	True	('B-', 'D', 'F')	B-	B-	0.0	major triad	(2, 5, 10)	B-	B-	1	None
1482	1452	4	363.0	363	1.0	1	122	3	4	122	363.0	C5	72	True	C	0	0	1.0	1	Violoncello	1	122.0	3.0	159.0	I	True	('B-', 'D', 'F')	B-	B-	0.0	major triad	(2, 5, 10)	B-	B-	1	None
1483	1452	6	363.0	363	1.5	3/2	122	3	4	122	363.0	F4	65	True	F	0	0	1.0	1	Violoncello	1	122.0	3.0	159.0	I	True	('B-', 'D', 'F')	B-	B-	0.0	major triad	(2, 5, 10)	B-	B-	1	None
1484	1452	2	363.0	363	0.5	1/2	122	3	4	122	363.0	B-3	58	True	B	-1	0	1.0	1	Violoncello	1	122.0	3.0	159.0	I	True	('B-', 'D', 'F')	B-	B-	0.0	major triad	(2, 5, 10)	B-	B-	1	None
1485	1454	2	363.5	727/2	0.5	1/2	122	3	4	122	363.5	A3	57	True	A	0	1/8	1.5	0	Violoncello	1	122.0	3.0	159.0	I	False	('B-', 'D', 'F')	B-	B-	0.0	major triad	(2, 5, 10)	B-	B-	1	None
1486	1456	6	364.0	364	1.5	3/2	122	3	4	122	364.0	B-4	70	True	B	-1	1/4	2.0	2	Violoncello	1	122.0	3.0	159.0	I	False	('B-', 'D', 'F')	B-	B-	0.0	major triad	(2, 5, 10)	B-	B-	1	None
1487	1456	2	364.0	364	0.5	1/2	122	3	4	122	364.0	B-3	58	True	B	-1	1/4	2.0	2	Violoncello	1	122.0	3.0	159.0	I	False	('B-', 'D', 'F')	B-	B-	0.0	major triad	(2, 5, 10)	B-	B-	1	None
1488	1458	2	364.5	729/2	0.5	1/2	122	3	4	122	364.5	F5	77	True	F	0	3/8	2.5	0	Violoncello	1	122.0	3.0	159.0	I	False	('B-', 'D', 'F')	B-	B-	0.0	major triad	(2, 5, 10)	B-	B-	1	None
1489	1458	2	364.5	729/2	0.5	1/2	122	3	4	122	364.5	E-4	63	True	E	-1	3/8	2.5	0	Violoncello	1	122.0	3.0	159.0	I	False	('B-', 'D', 'F')	B-	B-	0.0	major triad	(2, 5, 10)	B-	B-	1	None
1490	1458	2	364.5	729/2	0.5	1/2	122	3	4	122	364.5	C4	60	True	C	0	3/8	2.5	0	Violoncello	1	122.0	3.0	159.0	I	False	('B-', 'D', 'F')	B-	B-	0.0	major triad	(2, 5, 10)	B-	B-	1	None
1491	1460	3	365.0	365	0.75	3/4	122	3	4	122	365.0	G5	79	True	G	0	1/2	3.0	3	Violoncello	1	122.0	3.0	159.0	I	False	('B-', 'D', 'F')	B-	B-	0.0	major triad	(2, 5, 10)	B-	B-	1	None
1492	1460	4	365.0	365	1.0	1	122	3	4	122	365.0	D4	62	True	D	0	1/2	3.0	3	Violoncello	1	122.0	3.0	159.0	I	False	('B-', 'D', 'F')	B-	B-	0.0	major triad	(2, 5, 10)	B-	B-	1	None
1493	1460	2	365.0	365	0.5	1/2	122	3	4	122	365.0	D4	62	True	D	0	1/2	3.0	3	Violoncello	1	122.0	3.0	159.0	I	False	('B-', 'D', 'F')	B-	B-	0.0	major triad	(2, 5, 10)	B-	B-	1	None
1494	1462	2	365.5	731/2	0.5	1/2	122	3	4	122	365.5	C5	72	True	C	0	5/8	3.5	0	Violoncello	1	122.0	3.0	159.0	I	False	('B-', 'D', 'F')	B-	B-	0.0	major triad	(2, 5, 10)	B-	B-	1	None
1495	1462	2	365.5	731/2	0.5	1/2	122	3	4	122	365.5	A3	57	True	A	0	5/8	3.5	0	Violoncello	1	122.0	3.0	159.0	I	False	('B-', 'D', 'F')	B-	B-	0.0	major triad	(2, 5, 10)	B-	B-	1	None
1496	1463	1	365.75	1463/4	0.25	1/4	122	3	4	122	365.75	A5	81	True	A	0	11/16	3.75	0	Violoncello	1	122.0	3.0	159.0	I	False	('B-', 'D', 'F')	B-	B-	0.0	major triad	(2, 5, 10)	B-	B-	1	None
1497	1464	4	366.0	366	1.0	1	123	3	4	123	366.0	B-5	82	True	B	-1	0	1.0	1	Violoncello	1	123.0	3.0	160.0	i	True	('G', 'B-', 'D')	G	G	0.0	minor triad	(2, 7, 10)	g	g	1	None
1498	1464	8	366.0	366	2.0	2	123	3	4	123	366.0	D5	74	True	D	0	0	1.0	1	Violoncello	1	123.0	3.0	160.0	i	True	('G', 'B-', 'D')	G	G	0.0	minor triad	(2, 7, 10)	g	g	1	None
1499	1464	2	366.0	366	0.5	1/2	123	3	4	123	366.0	G4	67	True	G	0	0	1.0	1	Violoncello	1	123.0	3.0	160.0	i	True	('G', 'B-', 'D')	G	G	0.0	minor triad	(2, 7, 10)	g	g	1	None
1500	1464	8	366.0	366	2.0	2	123	3	4	123	366.0	G3	55	True	G	0	0	1.0	1	Violoncello	1	123.0	3.0	160.0	i	True	('G', 'B-', 'D')	G	G	0.0	minor triad	(2, 7, 10)	g	g	1	None
1501	1466	1	366.5	733/2	0.25	1/4	123	3	4	123	366.5	A4	69	True	A	0	1/8	1.5	0	Violoncello	1	123.0	3.0	160.0	i	False	('G', 'B-', 'D')	G	G	0.0	minor triad	(2, 7, 10)	g	g	1	None
1502	1467	1	366.75	1467/4	0.25	1/4	123	3	4	123	366.75	B-4	70	True	B	-1	3/16	1.75	0	Violoncello	1	123.0	3.0	160.0	i	False	('G', 'B-', 'D')	G	G	0.0	minor triad	(2, 7, 10)	g	g	1	None
1503	1468	6	367.0	367	1.5	3/2	123	3	4	123	367.0	A5	81	True	A	0	1/4	2.0	2	Violoncello	1	123.0	3.0	160.0	i	False	('G', 'B-', 'D')	G	G	0.0	minor triad	(2, 7, 10)	g	g	1	None
1504	1468	6	367.0	367	1.5	3/2	123	3	4	123	367.0	C5	72	True	C	0	1/4	2.0	2	Violoncello	1	123.0	3.0	160.0	i	False	('G', 'B-', 'D')	G	G	0.0	minor triad	(2, 7, 10)	g	g	1	None
1505	1472	4	368.0	368	1.0	1	123	3	4	123	368.0	D5	74	True	D	0	1/2	3.0	3	Violoncello	1	123.0	3.0	160.0	i	False	('G', 'B-', 'D')	G	G	0.0	minor triad	(2, 7, 10)	g	g	1	None
1506	1472	4	368.0	368	1.0	1	123	3	4	123	368.0	G3	55	True	G	0	1/2	3.0	3	Violoncello	1	123.0	3.0	160.0	i	False	('G', 'B-', 'D')	G	G	0.0	minor triad	(2, 7, 10)	g	g	1	None
1507	1474	2	368.5	737/2	0.5	1/2	123	3	4	123	368.5	G5	79	True	G	0	5/8	3.5	0	Violoncello	1	123.0	3.0	160.0	i	False	('G', 'B-', 'D')	G	G	0.0	minor triad	(2, 7, 10)	g	g	1	None
1508	1474	2	368.5	737/2	0.5	1/2	123	3	4	123	368.5	B-4	70	True	B	-1	5/8	3.5	0	Violoncello	1	123.0	3.0	160.0	i	False	('G', 'B-', 'D')	G	G	0.0	minor triad	(2, 7, 10)	g	g	1	None
1509	1476	4	369.0	369	1.0	1	124	3	4	124	369.0	A5	81	True	A	0	0	1.0	1	Violoncello	1	124.0	3.0	161.0	V	True	('F#', 'A', 'D')	F#	D	1.0	major triad	(2, 6, 9)	g	g	5	None
1510	1476	2	369.0	369	0.5	1/2	124	3	4	124	369.0	D5	74	True	D	0	0	1.0	1	Violoncello	1	124.0	3.0	161.0	V	True	('F#', 'A', 'D')	F#	D	1.0	major triad	(2, 6, 9)	g	g	5	None
1511	1476	4	369.0	369	1.0	1	124	3	4	124	369.0	A4	69	True	A	0	0	1.0	1	Violoncello	1	124.0	3.0	161.0	V	True	('F#', 'A', 'D')	F#	D	1.0	major triad	(2, 6, 9)	g	g	5	None
1512	1476	4	369.0	369	1.0	1	124	3	4	124	369.0	F#3	54	True	F	1	0	1.0	1	Violoncello	1	124.0	3.0	161.0	V	True	('F#', 'A', 'D')	F#	D	1.0	major triad	(2, 6, 9)	g	g	5	None
1513	1478	2	369.5	739/2	0.5	1/2	124	3	4	124	369.5	C5	72	True	C	0	1/8	1.5	0	Violoncello	1	124.0	3.0	161.0	V	False	('F#', 'A', 'D')	F#	D	1.0	major triad	(2, 6, 9)	g	g	5	None
1514	1480	6	370.0	370	1.5	3/2	124	3	4	124	370.0	D5	74	True	D	0	1/4	2.0	2	Violoncello	1	124.0	3.0	161.0	V	False	('F#', 'A', 'D')	F#	D	1.0	major triad	(2, 6, 9)	g	g	5	None
1515	1480	6	370.0	370	1.5	3/2	124	3	4	124	370.0	C5	72	True	C	0	1/4	2.0	2	Violoncello	1	124.0	3.0	161.0	V	False	('F#', 'A', 'D')	F#	D	1.0	major triad	(2, 6, 9)	g	g	5	None
1516	1480	6	370.0	370	1.5	3/2	124	3	4	124	370.0	A4	69	True	A	0	1/4	2.0	2	Violoncello	1	124.0	3.0	161.0	V	False	('F#', 'A', 'D')	F#	D	1.0	major triad	(2, 6, 9)	g	g	5	None
1517	1480	6	370.0	370	1.5	3/2	124	3	4	124	370.0	F#3	54	True	F	1	1/4	2.0	2	Violoncello	1	124.0	3.0	161.0	V	False	('F#', 'A', 'D')	F#	D	1.0	major triad	(2, 6, 9)	g	g	5	None
1518	1486	2	371.5	743/2	0.5	1/2	124	3	4	124	371.5	D5	74	False	D	0	5/8	3.5	0	Violoncello	1	124.0	3.0	161.0	V	False	('F#', 'A', 'D')	F#	D	1.0	major triad	(2, 6, 9)	g	g	5	None
1519	1486	2	371.5	743/2	0.5	1/2	124	3	4	124	371.5	C5	72	False	C	0	5/8	3.5	0	Violoncello	1	124.0	3.0	161.0	V	False	('F#', 'A', 'D')	F#	D	1.0	major triad	(2, 6, 9)	g	g	5	None
1520	1486	2	371.5	743/2	0.5	1/2	124	3	4	124	371.5	A4	69	False	A	0	5/8	3.5	0	Violoncello	1	124.0	3.0	161.0	V	False	('F#', 'A', 'D')	F#	D	1.0	major triad	(2, 6, 9)	g	g	5	None
1521	1486	2	371.5	743/2	0.5	1/2	124	3	4	124	371.5	F#3	54	False	F	1	5/8	3.5	0	Violoncello	1	124.0	3.0	161.0	V	False	('F#', 'A', 'D')	F#	D	1.0	major triad	(2, 6, 9)	g	g	5	None
1522	1488	4	372.0	372	1.0	1	125	3	4	125	372.0	E-5	75	True	E	-1	0	1.0	1	Violoncello	1	125.0	1.0	162.0	i	True	('G', 'B-', 'D')	G	G	0.0	minor triad	(2, 7, 10)	g	g	1	None
1523	1488	2	372.0	372	0.5	1/2	125	3	4	125	372.0	C5	72	True	C	0	0	1.0	1	Violoncello	1	125.0	1.0	162.0	i	True	('G', 'B-', 'D')	G	G	0.0	minor triad	(2, 7, 10)	g	g	1	None
1524	1488	2	372.0	372	0.5	1/2	125	3	4	125	372.0	A4	69	True	A	0	0	1.0	1	Violoncello	1	125.0	1.0	162.0	i	True	('G', 'B-', 'D')	G	G	0.0	minor triad	(2, 7, 10)	g	g	1	None
1525	1488	4	372.0	372	1.0	1	125	3	4	125	372.0	G3	55	True	G	0	0	1.0	1	Violoncello	1	125.0	1.0	162.0	i	True	('G', 'B-', 'D')	G	G	0.0	minor triad	(2, 7, 10)	g	g	1	None
1526	1490	2	372.5	745/2	0.5	1/2	125	3	4	125	372.5	B-4	70	True	B	-1	1/8	1.5	0	Violoncello	1	125.0	1.0	162.0	i	False	('G', 'B-', 'D')	G	G	0.0	minor triad	(2, 7, 10)	g	g	1	None
1527	1490	2	372.5	745/2	0.5	1/2	125	3	4	125	372.5	G4	67	True	G	0	1/8	1.5	0	Violoncello	1	125.0	1.0	162.0	i	False	('G', 'B-', 'D')	G	G	0.0	minor triad	(2, 7, 10)	g	g	1	None
1528	1492	6	373.0	373	1.5	3/2	125	3	4	125	373.0	D5	74	True	D	0	1/4	2.0	2	Violoncello	1	125.0	2.0	163.0	iv	True	('E-', 'G', 'C')	E-	C	1.0	minor triad	(0, 3, 7)	g	g	4	None
1529	1492	6	373.0	373	1.5	3/2	125	3	4	125	373.0	A4	69	True	A	0	1/4	2.0	2	Violoncello	1	125.0	2.0	163.0	iv	True	('E-', 'G', 'C')	E-	C	1.0	minor triad	(0, 3, 7)	g	g	4	None
1530	1492	6	373.0	373	1.5	3/2	125	3	4	125	373.0	F#4	66	True	F	1	1/4	2.0	2	Violoncello	1	125.0	2.0	163.0	iv	True	('E-', 'G', 'C')	E-	C	1.0	minor triad	(0, 3, 7)	g	g	4	None
1531	1492	8	373.0	373	2.0	2	125	3	4	125	373.0	E-3	51	True	E	-1	1/4	2.0	2	Violoncello	1	125.0	2.0	163.0	iv	True	('E-', 'G', 'C')	E-	C	1.0	minor triad	(0, 3, 7)	g	g	4	None
1532	1498	2	374.5	749/2	0.5	1/2	125	3	4	125	374.5	C5	72	True	C	0	5/8	3.5	0	Violoncello	1	125.0	2.0	163.0	iv	False	('E-', 'G', 'C')	E-	C	1.0	minor triad	(0, 3, 7)	g	g	4	None
1533	1498	2	374.5	749/2	0.5	1/2	125	3	4	125	374.5	G4	67	True	G	0	5/8	3.5	0	Violoncello	1	125.0	2.0	163.0	iv	False	('E-', 'G', 'C')	E-	C	1.0	minor triad	(0, 3, 7)	g	g	4	None
1534	1498	2	374.5	749/2	0.5	1/2	125	3	4	125	374.5	G4	67	True	G	0	5/8	3.5	0	Violoncello	1	125.0	2.0	163.0	iv	False	('E-', 'G', 'C')	E-	C	1.0	minor triad	(0, 3, 7)	g	g	4	None
1535	1500	4	375.0	375	1.0	1	126	3	4	126	375.0	D5	74	True	D	0	0	1.0	1	Violoncello	1	126.0	3.0	164.0	V	True	('D', 'F#', 'A')	D	D	0.0	major triad	(2, 6, 9)	g	g	5	None
1536	1500	4	375.0	375	1.0	1	126	3	4	126	375.0	F#4	66	True	F	1	0	1.0	1	Violoncello	1	126.0	3.0	164.0	V	True	('D', 'F#', 'A')	D	D	0.0	major triad	(2, 6, 9)	g	g	5	None
1537	1500	4	375.0	375	1.0	1	126	3	4	126	375.0	A4	69	True	A	0	0	1.0	1	Violoncello	1	126.0	3.0	164.0	V	True	('D', 'F#', 'A')	D	D	0.0	major triad	(2, 6, 9)	g	g	5	None
1538	1500	4	375.0	375	1.0	1	126	3	4	126	375.0	D3	50	True	D	0	0	1.0	1	Violoncello	1	126.0	3.0	164.0	V	True	('D', 'F#', 'A')	D	D	0.0	major triad	(2, 6, 9)	g	g	5	None
1539	1504	6	376.0	376	1.5	3/2	126	3	4	126	376.0	A4	69	True	A	0	1/4	2.0	2	Violoncello	1	126.0	3.0	164.0	V	False	('D', 'F#', 'A')	D	D	0.0	major triad	(2, 6, 9)	g	g	5	None
1540	1504	6	376.0	376	1.5	3/2	126	3	4	126	376.0	F#4	66	True	F	1	1/4	2.0	2	Violoncello	1	126.0	3.0	164.0	V	False	('D', 'F#', 'A')	D	D	0.0	major triad	(2, 6, 9)	g	g	5	None
1541	1504	6	376.0	376	1.5	3/2	126	3	4	126	376.0	D4	62	True	D	0	1/4	2.0	2	Violoncello	1	126.0	3.0	164.0	V	False	('D', 'F#', 'A')	D	D	0.0	major triad	(2, 6, 9)	g	g	5	None
1542	1504	6	376.0	376	1.5	3/2	126	3	4	126	376.0	D3	50	True	D	0	1/4	2.0	2	Violoncello	1	126.0	3.0	164.0	V	False	('D', 'F#', 'A')	D	D	0.0	major triad	(2, 6, 9)	g	g	5	None
1543	1510	2	377.5	755/2	0.5	1/2	126	3	4	126	377.5	E5	76	True	E	0	5/8	3.5	0	Violoncello	1	126.0	3.0	164.0	V	False	('D', 'F#', 'A')	D	D	0.0	major triad	(2, 6, 9)	g	g	5	None
1544	1510	2	377.5	755/2	0.5	1/2	126	3	4	126	377.5	A4	69	True	A	0	5/8	3.5	0	Violoncello	1	126.0	3.0	164.0	V	False	('D', 'F#', 'A')	D	D	0.0	major triad	(2, 6, 9)	g	g	5	None
1545	1510	2	377.5	755/2	0.5	1/2	126	3	4	126	377.5	D4	62	False	D	0	5/8	3.5	0	Violoncello	1	126.0	3.0	164.0	V	False	('D', 'F#', 'A')	D	D	0.0	major triad	(2, 6, 9)	g	g	5	None
1546	1510	2	377.5	755/2	0.5	1/2	126	3	4	126	377.5	D3	50	False	D	0	5/8	3.5	0	Violoncello	1	126.0	3.0	164.0	V	False	('D', 'F#', 'A')	D	D	0.0	major triad	(2, 6, 9)	g	g	5	None
1547	1512	4	378.0	378	1.0	1	127	3	4	127	378.0	F5	77	True	F	0	0	1.0	1	Violoncello	1	127.0	3.0	165.0	V/iv	True	('B', 'D', 'G')	B	G	1.0	major triad	(2, 7, 11)	g	c	5	4
1548	1512	4	378.0	378	1.0	1	127	3	4	127	378.0	A4	69	True	A	0	0	1.0	1	Violoncello	1	127.0	3.0	165.0	V/iv	True	('B', 'D', 'G')	B	G	1.0	major triad	(2, 7, 11)	g	c	5	4
1549	1512	4	378.0	378	1.0	1	127	3	4	127	378.0	D4	62	True	D	0	0	1.0	1	Violoncello	1	127.0	3.0	165.0	V/iv	True	('B', 'D', 'G')	B	G	1.0	major triad	(2, 7, 11)	g	c	5	4
1550	1512	4	378.0	378	1.0	1	127	3	4	127	378.0	B2	47	True	B	0	0	1.0	1	Violoncello	1	127.0	3.0	165.0	V/iv	True	('B', 'D', 'G')	B	G	1.0	major triad	(2, 7, 11)	g	c	5	4
1551	1516	6	379.0	379	1.5	3/2	127	3	4	127	379.0	E5	76	True	E	0	1/4	2.0	2	Violoncello	1	127.0	3.0	165.0	V/iv	False	('B', 'D', 'G')	B	G	1.0	major triad	(2, 7, 11)	g	c	5	4
1552	1516	6	379.0	379	1.5	3/2	127	3	4	127	379.0	G4	67	True	G	0	1/4	2.0	2	Violoncello	1	127.0	3.0	165.0	V/iv	False	('B', 'D', 'G')	B	G	1.0	major triad	(2, 7, 11)	g	c	5	4
1553	1516	6	379.0	379	1.5	3/2	127	3	4	127	379.0	D4	62	True	D	0	1/4	2.0	2	Violoncello	1	127.0	3.0	165.0	V/iv	False	('B', 'D', 'G')	B	G	1.0	major triad	(2, 7, 11)	g	c	5	4
1554	1516	6	379.0	379	1.5	3/2	127	3	4	127	379.0	B2	47	True	B	0	1/4	2.0	2	Violoncello	1	127.0	3.0	165.0	V/iv	False	('B', 'D', 'G')	B	G	1.0	major triad	(2, 7, 11)	g	c	5	4
1555	1522	2	380.5	761/2	0.5	1/2	127	3	4	127	380.5	D5	74	True	D	0	5/8	3.5	0	Violoncello	1	127.0	3.0	165.0	V/iv	False	('B', 'D', 'G')	B	G	1.0	major triad	(2, 7, 11)	g	c	5	4
1556	1522	2	380.5	761/2	0.5	1/2	127	3	4	127	380.5	G4	67	False	G	0	5/8	3.5	0	Violoncello	1	127.0	3.0	165.0	V/iv	False	('B', 'D', 'G')	B	G	1.0	major triad	(2, 7, 11)	g	c	5	4
1557	1522	2	380.5	761/2	0.5	1/2	127	3	4	127	380.5	D4	62	False	D	0	5/8	3.5	0	Violoncello	1	127.0	3.0	165.0	V/iv	False	('B', 'D', 'G')	B	G	1.0	major triad	(2, 7, 11)	g	c	5	4
1558	1522	2	380.5	761/2	0.5	1/2	127	3	4	127	380.5	B2	47	False	B	0	5/8	3.5	0	Violoncello	1	127.0	3.0	165.0	V/iv	False	('B', 'D', 'G')	B	G	1.0	major triad	(2, 7, 11)	g	c	5	4
1559	1524	4	381.0	381	1.0	1	128	3	4	128	381.0	E-5	75	True	E	-1	0	1.0	1	Violoncello	1	128.0	3.0	166.0	iv	True	('C', 'E-', 'G')	C	C	0.0	minor triad	(0, 3, 7)	g	g	4	None
1560	1524	4	381.0	381	1.0	1	128	3	4	128	381.0	G4	67	True	G	0	0	1.0	1	Violoncello	1	128.0	3.0	166.0	iv	True	('C', 'E-', 'G')	C	C	0.0	minor triad	(0, 3, 7)	g	g	4	None
1561	1524	4	381.0	381	1.0	1	128	3	4	128	381.0	C4	60	True	C	0	0	1.0	1	Violoncello	1	128.0	3.0	166.0	iv	True	('C', 'E-', 'G')	C	C	0.0	minor triad	(0, 3, 7)	g	g	4	None
1562	1524	4	381.0	381	1.0	1	128	3	4	128	381.0	C3	48	True	C	0	0	1.0	1	Violoncello	1	128.0	3.0	166.0	iv	True	('C', 'E-', 'G')	C	C	0.0	minor triad	(0, 3, 7)	g	g	4	None
1563	1528	6	382.0	382	1.5	3/2	128	3	4	128	382.0	D5	74	True	D	0	1/4	2.0	2	Violoncello	1	128.0	3.0	166.0	iv	False	('C', 'E-', 'G')	C	C	0.0	minor triad	(0, 3, 7)	g	g	4	None
1564	1528	4	382.0	382	1.0	1	128	3	4	128	382.0	F#4	66	True	F	1	1/4	2.0	2	Violoncello	1	128.0	3.0	166.0	iv	False	('C', 'E-', 'G')	C	C	0.0	minor triad	(0, 3, 7)	g	g	4	None
1565	1528	8	382.0	382	2.0	2	128	3	4	128	382.0	E-4	63	True	E	-1	1/4	2.0	2	Violoncello	1	128.0	3.0	166.0	iv	False	('C', 'E-', 'G')	C	C	0.0	minor triad	(0, 3, 7)	g	g	4	None
1566	1528	8	382.0	382	2.0	2	128	3	4	128	382.0	C3	48	True	C	0	1/4	2.0	2	Violoncello	1	128.0	3.0	166.0	iv	False	('C', 'E-', 'G')	C	C	0.0	minor triad	(0, 3, 7)	g	g	4	None
1567	1532	4	383.0	383	1.0	1	128	3	4	128	383.0	G4	67	True	G	0	1/2	3.0	3	Violoncello	1	128.0	3.0	166.0	iv	False	('C', 'E-', 'G')	C	C	0.0	minor triad	(0, 3, 7)	g	g	4	None
1568	1534	2	383.5	767/2	0.5	1/2	128	3	4	128	383.5	C5	72	True	C	0	5/8	3.5	0	Violoncello	1	128.0	3.0	166.0	iv	False	('C', 'E-', 'G')	C	C	0.0	minor triad	(0, 3, 7)	g	g	4	None
1569	1536	3	384.0	384	0.75	3/4	129	3	4	129	384.0	B-4	70	True	B	-1	0	1.0	1	Violoncello	1	129.0	3.0	167.0	V7	True	('D', 'F#', 'A', 'C')	D	D	0.0	dominant seventh chord	(0, 2, 6, 9)	g	g	5	None
1570	1536	6	384.0	384	1.5	3/2	129	3	4	129	384.0	G4	67	True	G	0	0	1.0	1	Violoncello	1	129.0	3.0	167.0	V7	True	('D', 'F#', 'A', 'C')	D	D	0.0	dominant seventh chord	(0, 2, 6, 9)	g	g	5	None
1571	1536	4	384.0	384	1.0	1	129	3	4	129	384.0	D4	62	True	D	0	0	1.0	1	Violoncello	1	129.0	3.0	167.0	V7	True	('D', 'F#', 'A', 'C')	D	D	0.0	dominant seventh chord	(0, 2, 6, 9)	g	g	5	None
1572	1536	12	384.0	384	3.0	3	129	3	4	129	384.0	D3	50	True	D	0	0	1.0	1	Violoncello	1	129.0	3.0	167.0	V7	True	('D', 'F#', 'A', 'C')	D	D	0.0	dominant seventh chord	(0, 2, 6, 9)	g	g	5	None
1573	1539	1	384.75	1539/4	0.25	1/4	129	3	4	129	384.75	A4	69	True	A	0	3/16	1.75	0	Violoncello	1	129.0	3.0	167.0	V7	False	('D', 'F#', 'A', 'C')	D	D	0.0	dominant seventh chord	(0, 2, 6, 9)	g	g	5	None
1574	1540	6	385.0	385	1.5	3/2	129	3	4	129	385.0	A4	69	True	A	0	1/4	2.0	2	Violoncello	1	129.0	3.0	167.0	V7	False	('D', 'F#', 'A', 'C')	D	D	0.0	dominant seventh chord	(0, 2, 6, 9)	g	g	5	None
1575	1540	8	385.0	385	2.0	2	129	3	4	129	385.0	C4	60	True	C	0	1/4	2.0	2	Violoncello	1	129.0	3.0	167.0	V7	False	('D', 'F#', 'A', 'C')	D	D	0.0	dominant seventh chord	(0, 2, 6, 9)	g	g	5	None
1576	1542	2	385.5	771/2	0.5	1/2	129	3	4	129	385.5	A4	69	True	A	0	3/8	2.5	0	Violoncello	1	129.0	3.0	167.0	V7	False	('D', 'F#', 'A', 'C')	D	D	0.0	dominant seventh chord	(0, 2, 6, 9)	g	g	5	None
1577	1544	4	386.0	386	1.0	1	129	3	4	129	386.0	F#4	66	True	F	1	1/2	3.0	3	Violoncello	1	129.0	3.0	167.0	V7	False	('D', 'F#', 'A', 'C')	D	D	0.0	dominant seventh chord	(0, 2, 6, 9)	g	g	5	None
1578	1546	2	386.5	773/2	0.5	1/2	129	3	4	129	386.5	G4	67	True	G	0	5/8	3.5	0	Violoncello	1	129.0	3.0	167.0	V7	False	('D', 'F#', 'A', 'C')	D	D	0.0	dominant seventh chord	(0, 2, 6, 9)	g	g	5	None
1579	1548	2	387.0	387	0.5	1/2	130	3	4	130	387.0	G4	67	True	G	0	0	1.0	1	Violoncello	1	130.0	3.0	168.0	i	True	('G', 'B-', 'D')	G	G	0.0	minor triad	(2, 7, 10)	g	g	1	None
1580	1548	2	387.0	387	0.5	1/2	130	3	4	130	387.0	G4	67	True	G	0	0	1.0	1	Violoncello	1	130.0	3.0	168.0	i	True	('G', 'B-', 'D')	G	G	0.0	minor triad	(2, 7, 10)	g	g	1	None
1581	1548	6	387.0	387	1.5	3/2	130	3	4	130	387.0	B-3	58	True	B	-1	0	1.0	1	Violoncello	1	130.0	3.0	168.0	i	True	('G', 'B-', 'D')	G	G	0.0	minor triad	(2, 7, 10)	g	g	1	None
1582	1548	12	387.0	387	3.0	3	130	3	4	130	387.0	G2	43	True	G	0	0	1.0	1	Violoncello	1	130.0	3.0	168.0	i	True	('G', 'B-', 'D')	G	G	0.0	minor triad	(2, 7, 10)	g	g	1	None
1583	1550	2	387.5	775/2	0.5	1/2	130	3	4	130	387.5	F#4	66	True	F	1	1/8	1.5	0	Violoncello	1	130.0	3.0	168.0	i	False	('G', 'B-', 'D')	G	G	0.0	minor triad	(2, 7, 10)	g	g	1	None
1584	1550	2	387.5	775/2	0.5	1/2	130	3	4	130	387.5	D4	62	True	D	0	1/8	1.5	0	Violoncello	1	130.0	3.0	168.0	i	False	('G', 'B-', 'D')	G	G	0.0	minor triad	(2, 7, 10)	g	g	1	None
1585	1552	2	388.0	388	0.5	1/2	130	3	4	130	388.0	G4	67	True	G	0	1/4	2.0	2	Violoncello	1	130.0	3.0	168.0	i	False	('G', 'B-', 'D')	G	G	0.0	minor triad	(2, 7, 10)	g	g	1	None
1586	1552	2	388.0	388	0.5	1/2	130	3	4	130	388.0	E4	64	True	E	0	1/4	2.0	2	Violoncello	1	130.0	3.0	168.0	i	False	('G', 'B-', 'D')	G	G	0.0	minor triad	(2, 7, 10)	g	g	1	None
1587	1554	2	388.5	777/2	0.5	1/2	130	3	4	130	388.5	A4	69	True	A	0	3/8	2.5	0	Violoncello	1	130.0	3.0	168.0	i	False	('G', 'B-', 'D')	G	G	0.0	minor triad	(2, 7, 10)	g	g	1	None
1588	1554	2	388.5	777/2	0.5	1/2	130	3	4	130	388.5	F#4	66	True	F	1	3/8	2.5	0	Violoncello	1	130.0	3.0	168.0	i	False	('G', 'B-', 'D')	G	G	0.0	minor triad	(2, 7, 10)	g	g	1	None
1589	1554	2	388.5	777/2	0.5	1/2	130	3	4	130	388.5	A3	57	True	A	0	3/8	2.5	0	Violoncello	1	130.0	3.0	168.0	i	False	('G', 'B-', 'D')	G	G	0.0	minor triad	(2, 7, 10)	g	g	1	None
1590	1556	2	389.0	389	0.5	1/2	130	3	4	130	389.0	B-4	70	True	B	-1	1/2	3.0	3	Violoncello	1	130.0	3.0	168.0	i	False	('G', 'B-', 'D')	G	G	0.0	minor triad	(2, 7, 10)	g	g	1	None
1591	1556	2	389.0	389	0.5	1/2	130	3	4	130	389.0	G4	67	True	G	0	1/2	3.0	3	Violoncello	1	130.0	3.0	168.0	i	False	('G', 'B-', 'D')	G	G	0.0	minor triad	(2, 7, 10)	g	g	1	None
1592	1556	4	389.0	389	1.0	1	130	3	4	130	389.0	G3	55	True	G	0	1/2	3.0	3	Violoncello	1	130.0	3.0	168.0	i	False	('G', 'B-', 'D')	G	G	0.0	minor triad	(2, 7, 10)	g	g	1	None
1593	1558	2	389.5	779/2	0.5	1/2	130	3	4	130	389.5	C5	72	True	C	0	5/8	3.5	0	Violoncello	1	130.0	3.0	168.0	i	False	('G', 'B-', 'D')	G	G	0.0	minor triad	(2, 7, 10)	g	g	1	None
1594	1558	2	389.5	779/2	0.5	1/2	130	3	4	130	389.5	A4	69	True	A	0	5/8	3.5	0	Violoncello	1	130.0	3.0	168.0	i	False	('G', 'B-', 'D')	G	G	0.0	minor triad	(2, 7, 10)	g	g	1	None
1595	1560	2	390.0	390	0.5	1/2	131	3	4	131	390.0	D5	74	True	D	0	0	1.0	1	Violoncello	1	131.0	3.0	169.0	i	True	('G', 'B-', 'D')	G	G	0.0	minor triad	(2, 7, 10)	g	g	1	None
1596	1560	4	390.0	390	1.0	1	131	3	4	131	390.0	B-4	70	True	B	-1	0	1.0	1	Violoncello	1	131.0	3.0	169.0	i	True	('G', 'B-', 'D')	G	G	0.0	minor triad	(2, 7, 10)	g	g	1	None
1597	1560	4	390.0	390	1.0	1	131	3	4	131	390.0	D4	62	True	D	0	0	1.0	1	Violoncello	1	131.0	3.0	169.0	i	True	('G', 'B-', 'D')	G	G	0.0	minor triad	(2, 7, 10)	g	g	1	None
1598	1560	8	390.0	390	2.0	2	131	3	4	131	390.0	G3	55	True	G	0	0	1.0	1	Violoncello	1	131.0	3.0	169.0	i	True	('G', 'B-', 'D')	G	G	0.0	minor triad	(2, 7, 10)	g	g	1	None
1599	1562	2	390.5	781/2	0.5	1/2	131	3	4	131	390.5	C5	72	True	C	0	1/8	1.5	0	Violoncello	1	131.0	3.0	169.0	i	False	('G', 'B-', 'D')	G	G	0.0	minor triad	(2, 7, 10)	g	g	1	None
1600	1564	2	391.0	391	0.5	1/2	131	3	4	131	391.0	D5	74	True	D	0	1/4	2.0	2	Violoncello	1	131.0	3.0	169.0	i	False	('G', 'B-', 'D')	G	G	0.0	minor triad	(2, 7, 10)	g	g	1	None
1601	1564	6	391.0	391	1.5	3/2	131	3	4	131	391.0	B-4	70	True	B	-1	1/4	2.0	2	Violoncello	1	131.0	3.0	169.0	i	False	('G', 'B-', 'D')	G	G	0.0	minor triad	(2, 7, 10)	g	g	1	None
1602	1564	4	391.0	391	1.0	1	131	3	4	131	391.0	G4	67	True	G	0	1/4	2.0	2	Violoncello	1	131.0	3.0	169.0	i	False	('G', 'B-', 'D')	G	G	0.0	minor triad	(2, 7, 10)	g	g	1	None
1603	1566	2	391.5	783/2	0.5	1/2	131	3	4	131	391.5	E5	76	True	E	0	3/8	2.5	0	Violoncello	1	131.0	3.0	169.0	i	False	('G', 'B-', 'D')	G	G	0.0	minor triad	(2, 7, 10)	g	g	1	None
1604	1568	2	392.0	392	0.5	1/2	131	3	4	131	392.0	F#5	78	True	F	1	1/2	3.0	3	Violoncello	1	131.0	3.0	169.0	i	False	('G', 'B-', 'D')	G	G	0.0	minor triad	(2, 7, 10)	g	g	1	None
1605	1568	4	392.0	392	1.0	1	131	3	4	131	392.0	D4	62	True	D	0	1/2	3.0	3	Violoncello	1	131.0	3.0	169.0	i	False	('G', 'B-', 'D')	G	G	0.0	minor triad	(2, 7, 10)	g	g	1	None
1606	1568	4	392.0	392	1.0	1	131	3	4	131	392.0	G3	55	True	G	0	1/2	3.0	3	Violoncello	1	131.0	3.0	169.0	i	False	('G', 'B-', 'D')	G	G	0.0	minor triad	(2, 7, 10)	g	g	1	None
1607	1570	2	392.5	785/2	0.5	1/2	131	3	4	131	392.5	G5	79	True	G	0	5/8	3.5	0	Violoncello	1	131.0	3.0	169.0	i	False	('G', 'B-', 'D')	G	G	0.0	minor triad	(2, 7, 10)	g	g	1	None
1608	1570	2	392.5	785/2	0.5	1/2	131	3	4	131	392.5	B-4	70	False	B	-1	5/8	3.5	0	Violoncello	1	131.0	3.0	169.0	i	False	('G', 'B-', 'D')	G	G	0.0	minor triad	(2, 7, 10)	g	g	1	None
1609	1572	2	393.0	393	0.5	1/2	132	3	4	132	393.0	A5	81	True	A	0	0	1.0	1	Violoncello	1	132.0	3.0	170.0	V	True	('F#', 'A', 'D')	F#	D	1.0	major triad	(2, 6, 9)	g	g	5	None
1610	1572	4	393.0	393	1.0	1	132	3	4	132	393.0	B-4	70	True	B	-1	0	1.0	1	Violoncello	1	132.0	3.0	170.0	V	True	('F#', 'A', 'D')	F#	D	1.0	major triad	(2, 6, 9)	g	g	5	None
1611	1572	4	393.0	393	1.0	1	132	3	4	132	393.0	D4	62	True	D	0	0	1.0	1	Violoncello	1	132.0	3.0	170.0	V	True	('F#', 'A', 'D')	F#	D	1.0	major triad	(2, 6, 9)	g	g	5	None
1612	1572	4	393.0	393	1.0	1	132	3	4	132	393.0	F#3	54	True	F	1	0	1.0	1	Violoncello	1	132.0	3.0	170.0	V	True	('F#', 'A', 'D')	F#	D	1.0	major triad	(2, 6, 9)	g	g	5	None
1613	1574	2	393.5	787/2	0.5	1/2	132	3	4	132	393.5	D5	74	True	D	0	1/8	1.5	0	Violoncello	1	132.0	3.0	170.0	V	False	('F#', 'A', 'D')	F#	D	1.0	major triad	(2, 6, 9)	g	g	5	None
1614	1576	2	394.0	394	0.5	1/2	132	3	4	132	394.0	C5	72	True	C	0	1/4	2.0	2	Violoncello	1	132.0	3.0	170.0	V	False	('F#', 'A', 'D')	F#	D	1.0	major triad	(2, 6, 9)	g	g	5	None
1615	1576	6	394.0	394	1.5	3/2	132	3	4	132	394.0	A4	69	True	A	0	1/4	2.0	2	Violoncello	1	132.0	3.0	170.0	V	False	('F#', 'A', 'D')	F#	D	1.0	major triad	(2, 6, 9)	g	g	5	None
1616	1576	4	394.0	394	1.0	1	132	3	4	132	394.0	E-4	63	True	E	-1	1/4	2.0	2	Violoncello	1	132.0	3.0	170.0	V	False	('F#', 'A', 'D')	F#	D	1.0	major triad	(2, 6, 9)	g	g	5	None
1617	1576	6	394.0	394	1.5	3/2	132	3	4	132	394.0	F#3	54	True	F	1	1/4	2.0	2	Violoncello	1	132.0	3.0	170.0	V	False	('F#', 'A', 'D')	F#	D	1.0	major triad	(2, 6, 9)	g	g	5	None
1618	1578	2	394.5	789/2	0.5	1/2	132	3	4	132	394.5	B-4	70	True	B	-1	3/8	2.5	0	Violoncello	1	132.0	3.0	170.0	V	False	('F#', 'A', 'D')	F#	D	1.0	major triad	(2, 6, 9)	g	g	5	None
1619	1580	2	395.0	395	0.5	1/2	132	3	4	132	395.0	C5	72	True	C	0	1/2	3.0	3	Violoncello	1	132.0	3.0	170.0	V	False	('F#', 'A', 'D')	F#	D	1.0	major triad	(2, 6, 9)	g	g	5	None
1620	1580	4	395.0	395	1.0	1	132	3	4	132	395.0	D4	62	True	D	0	1/2	3.0	3	Violoncello	1	132.0	3.0	170.0	V	False	('F#', 'A', 'D')	F#	D	1.0	major triad	(2, 6, 9)	g	g	5	None
1621	1582	2	395.5	791/2	0.5	1/2	132	3	4	132	395.5	A4	69	True	A	0	5/8	3.5	0	Violoncello	1	132.0	3.0	170.0	V	False	('F#', 'A', 'D')	F#	D	1.0	major triad	(2, 6, 9)	g	g	5	None
1622	1582	2	395.5	791/2	0.5	1/2	132	3	4	132	395.5	A4	69	False	A	0	5/8	3.5	0	Violoncello	1	132.0	3.0	170.0	V	False	('F#', 'A', 'D')	F#	D	1.0	major triad	(2, 6, 9)	g	g	5	None
1623	1582	2	395.5	791/2	0.5	1/2	132	3	4	132	395.5	F#3	54	False	F	1	5/8	3.5	0	Violoncello	1	132.0	3.0	170.0	V	False	('F#', 'A', 'D')	F#	D	1.0	major triad	(2, 6, 9)	g	g	5	None
1624	1584	2	396.0	396	0.5	1/2	133	3	4	133	396.0	B-4	70	True	B	-1	0	1.0	1	Violoncello	1	133.0	1.0	171.0	i	True	('G', 'B-', 'D')	G	G	0.0	minor triad	(2, 7, 10)	g	g	1	None
1625	1584	4	396.0	396	1.0	1	133	3	4	133	396.0	A4	69	True	A	0	0	1.0	1	Violoncello	1	133.0	1.0	171.0	i	True	('G', 'B-', 'D')	G	G	0.0	minor triad	(2, 7, 10)	g	g	1	None
1626	1584	6	396.0	396	1.5	3/2	133	3	4	133	396.0	D4	62	True	D	0	0	1.0	1	Violoncello	1	133.0	1.0	171.0	i	True	('G', 'B-', 'D')	G	G	0.0	minor triad	(2, 7, 10)	g	g	1	None
1627	1584	4	396.0	396	1.0	1	133	3	4	133	396.0	G3	55	True	G	0	0	1.0	1	Violoncello	1	133.0	1.0	171.0	i	True	('G', 'B-', 'D')	G	G	0.0	minor triad	(2, 7, 10)	g	g	1	None
1628	1586	2	396.5	793/2	0.5	1/2	133	3	4	133	396.5	A4	69	True	A	0	1/8	1.5	0	Violoncello	1	133.0	1.0	171.0	i	False	('G', 'B-', 'D')	G	G	0.0	minor triad	(2, 7, 10)	g	g	1	None
1629	1588	2	397.0	397	0.5	1/2	133	3	4	133	397.0	B-4	70	True	B	-1	1/4	2.0	2	Violoncello	1	133.0	2.0	172.0	iv	True	('E-', 'G', 'C')	E-	C	1.0	minor triad	(0, 3, 7)	g	g	4	None
1630	1588	2	397.0	397	0.5	1/2	133	3	4	133	397.0	G4	67	True	G	0	1/4	2.0	2	Violoncello	1	133.0	2.0	172.0	iv	True	('E-', 'G', 'C')	E-	C	1.0	minor triad	(0, 3, 7)	g	g	4	None
1631	1588	8	397.0	397	2.0	2	133	3	4	133	397.0	E-3	51	True	E	-1	1/4	2.0	2	Violoncello	1	133.0	2.0	172.0	iv	True	('E-', 'G', 'C')	E-	C	1.0	minor triad	(0, 3, 7)	g	g	4	None
1632	1590	2	397.5	795/2	0.5	1/2	133	3	4	133	397.5	C5	72	True	C	0	3/8	2.5	0	Violoncello	1	133.0	2.0	172.0	iv	False	('E-', 'G', 'C')	E-	C	1.0	minor triad	(0, 3, 7)	g	g	4	None
1633	1590	2	397.5	795/2	0.5	1/2	133	3	4	133	397.5	A4	69	True	A	0	3/8	2.5	0	Violoncello	1	133.0	2.0	172.0	iv	False	('E-', 'G', 'C')	E-	C	1.0	minor triad	(0, 3, 7)	g	g	4	None
1634	1590	2	397.5	795/2	0.5	1/2	133	3	4	133	397.5	G3	55	True	G	0	3/8	2.5	0	Violoncello	1	133.0	2.0	172.0	iv	False	('E-', 'G', 'C')	E-	C	1.0	minor triad	(0, 3, 7)	g	g	4	None
1635	1592	2	398.0	398	0.5	1/2	133	3	4	133	398.0	D5	74	True	D	0	1/2	3.0	3	Violoncello	1	133.0	2.0	172.0	iv	False	('E-', 'G', 'C')	E-	C	1.0	minor triad	(0, 3, 7)	g	g	4	None
1636	1592	2	398.0	398	0.5	1/2	133	3	4	133	398.0	B-4	70	True	B	-1	1/2	3.0	3	Violoncello	1	133.0	2.0	172.0	iv	False	('E-', 'G', 'C')	E-	C	1.0	minor triad	(0, 3, 7)	g	g	4	None
1637	1592	4	398.0	398	1.0	1	133	3	4	133	398.0	G4	67	True	G	0	1/2	3.0	3	Violoncello	1	133.0	2.0	172.0	iv	False	('E-', 'G', 'C')	E-	C	1.0	minor triad	(0, 3, 7)	g	g	4	None
1638	1594	2	398.5	797/2	0.5	1/2	133	3	4	133	398.5	E-5	75	True	E	-1	5/8	3.5	0	Violoncello	1	133.0	2.0	172.0	iv	False	('E-', 'G', 'C')	E-	C	1.0	minor triad	(0, 3, 7)	g	g	4	None
1639	1594	2	398.5	797/2	0.5	1/2	133	3	4	133	398.5	C5	72	True	C	0	5/8	3.5	0	Violoncello	1	133.0	2.0	172.0	iv	False	('E-', 'G', 'C')	E-	C	1.0	minor triad	(0, 3, 7)	g	g	4	None
1640	1596	4	399.0	399	1.0	1	134	3	4	134	399.0	F5	77	True	F	0	0	1.0	1	Violoncello	1	134.0	3.0	173.0	V	True	('D', 'F#', 'A')	D	D	0.0	major triad	(2, 6, 9)	g	g	5	None
1641	1596	2	399.0	399	0.5	1/2	134	3	4	134	399.0	D5	74	True	D	0	0	1.0	1	Violoncello	1	134.0	3.0	173.0	V	True	('D', 'F#', 'A')	D	D	0.0	major triad	(2, 6, 9)	g	g	5	None
1642	1596	2	399.0	399	0.5	1/2	134	3	4	134	399.0	F4	65	True	F	0	0	1.0	1	Violoncello	1	134.0	3.0	173.0	V	True	('D', 'F#', 'A')	D	D	0.0	major triad	(2, 6, 9)	g	g	5	None
1643	1596	4	399.0	399	1.0	1	134	3	4	134	399.0	D3	50	True	D	0	0	1.0	1	Violoncello	1	134.0	3.0	173.0	V	True	('D', 'F#', 'A')	D	D	0.0	major triad	(2, 6, 9)	g	g	5	None
1644	1598	2	399.5	799/2	0.5	1/2	134	3	4	134	399.5	C5	72	True	C	0	1/8	1.5	0	Violoncello	1	134.0	3.0	173.0	V	False	('D', 'F#', 'A')	D	D	0.0	major triad	(2, 6, 9)	g	g	5	None
1645	1598	2	399.5	799/2	0.5	1/2	134	3	4	134	399.5	E-4	63	True	E	-1	1/8	1.5	0	Violoncello	1	134.0	3.0	173.0	V	False	('D', 'F#', 'A')	D	D	0.0	major triad	(2, 6, 9)	g	g	5	None
1646	1600	6	400.0	400	1.5	3/2	134	3	4	134	400.0	F#5	78	True	F	1	1/4	2.0	2	Violoncello	1	134.0	3.0	173.0	V	False	('D', 'F#', 'A')	D	D	0.0	major triad	(2, 6, 9)	g	g	5	None
1647	1600	4	400.0	400	1.0	1	134	3	4	134	400.0	B-4	70	True	B	-1	1/4	2.0	2	Violoncello	1	134.0	3.0	173.0	V	False	('D', 'F#', 'A')	D	D	0.0	major triad	(2, 6, 9)	g	g	5	None
1648	1600	6	400.0	400	1.5	3/2	134	3	4	134	400.0	D4	62	True	D	0	1/4	2.0	2	Violoncello	1	134.0	3.0	173.0	V	False	('D', 'F#', 'A')	D	D	0.0	major triad	(2, 6, 9)	g	g	5	None
1649	1600	6	400.0	400	1.5	3/2	134	3	4	134	400.0	D3	50	True	D	0	1/4	2.0	2	Violoncello	1	134.0	3.0	173.0	V	False	('D', 'F#', 'A')	D	D	0.0	major triad	(2, 6, 9)	g	g	5	None
1650	1604	4	401.0	401	1.0	1	134	3	4	134	401.0	A4	69	True	A	0	1/2	3.0	3	Violoncello	1	134.0	3.0	173.0	V	False	('D', 'F#', 'A')	D	D	0.0	major triad	(2, 6, 9)	g	g	5	None
1651	1606	2	401.5	803/2	0.5	1/2	134	3	4	134	401.5	F#5	78	False	F	1	5/8	3.5	0	Violoncello	1	134.0	3.0	173.0	V	False	('D', 'F#', 'A')	D	D	0.0	major triad	(2, 6, 9)	g	g	5	None
1652	1606	2	401.5	803/2	0.5	1/2	134	3	4	134	401.5	D4	62	False	D	0	5/8	3.5	0	Violoncello	1	134.0	3.0	173.0	V	False	('D', 'F#', 'A')	D	D	0.0	major triad	(2, 6, 9)	g	g	5	None
1653	1606	2	401.5	803/2	0.5	1/2	134	3	4	134	401.5	D3	50	False	D	0	5/8	3.5	0	Violoncello	1	134.0	3.0	173.0	V	False	('D', 'F#', 'A')	D	D	0.0	major triad	(2, 6, 9)	g	g	5	None
1654	1608	2	402.0	402	0.5	1/2	135	3	4	135	402.0	G5	79	True	G	0	0	1.0	1	Violoncello	1	135.0	3.0	174.0	V/iv	True	('B', 'D', 'G')	B	G	1.0	major triad	(2, 7, 11)	g	c	5	4
1655	1608	4	402.0	402	1.0	1	135	3	4	135	402.0	G4	67	True	G	0	0	1.0	1	Violoncello	1	135.0	3.0	174.0	V/iv	True	('B', 'D', 'G')	B	G	1.0	major triad	(2, 7, 11)	g	c	5	4
1656	1608	6	402.0	402	1.5	3/2	135	3	4	135	402.0	D4	62	True	D	0	0	1.0	1	Violoncello	1	135.0	3.0	174.0	V/iv	True	('B', 'D', 'G')	B	G	1.0	major triad	(2, 7, 11)	g	c	5	4
1657	1608	4	402.0	402	1.0	1	135	3	4	135	402.0	B2	47	True	B	0	0	1.0	1	Violoncello	1	135.0	3.0	174.0	V/iv	True	('B', 'D', 'G')	B	G	1.0	major triad	(2, 7, 11)	g	c	5	4
1658	1610	2	402.5	805/2	0.5	1/2	135	3	4	135	402.5	A5	81	True	A	0	1/8	1.5	0	Violoncello	1	135.0	3.0	174.0	V/iv	False	('B', 'D', 'G')	B	G	1.0	major triad	(2, 7, 11)	g	c	5	4
1659	1612	2	403.0	403	0.5	1/2	135	3	4	135	403.0	G5	79	True	G	0	1/4	2.0	2	Violoncello	1	135.0	3.0	174.0	V/iv	False	('B', 'D', 'G')	B	G	1.0	major triad	(2, 7, 11)	g	c	5	4
1660	1612	8	403.0	403	2.0	2	135	3	4	135	403.0	D5	74	True	D	0	1/4	2.0	2	Violoncello	1	135.0	3.0	174.0	V/iv	False	('B', 'D', 'G')	B	G	1.0	major triad	(2, 7, 11)	g	c	5	4
1661	1612	6	403.0	403	1.5	3/2	135	3	4	135	403.0	B2	47	True	B	0	1/4	2.0	2	Violoncello	1	135.0	3.0	174.0	V/iv	False	('B', 'D', 'G')	B	G	1.0	major triad	(2, 7, 11)	g	c	5	4
1662	1614	2	403.5	807/2	0.5	1/2	135	3	4	135	403.5	F5	77	True	F	0	3/8	2.5	0	Violoncello	1	135.0	3.0	174.0	V/iv	False	('B', 'D', 'G')	B	G	1.0	major triad	(2, 7, 11)	g	c	5	4
1663	1614	2	403.5	807/2	0.5	1/2	135	3	4	135	403.5	D4	62	False	D	0	3/8	2.5	0	Violoncello	1	135.0	3.0	174.0	V/iv	False	('B', 'D', 'G')	B	G	1.0	major triad	(2, 7, 11)	g	c	5	4
1664	1616	2	404.0	404	0.5	1/2	135	3	4	135	404.0	E-5	75	True	E	-1	1/2	3.0	3	Violoncello	1	135.0	3.0	174.0	V/iv	False	('B', 'D', 'G')	B	G	1.0	major triad	(2, 7, 11)	g	c	5	4
1665	1616	4	404.0	404	1.0	1	135	3	4	135	404.0	G4	67	True	G	0	1/2	3.0	3	Violoncello	1	135.0	3.0	174.0	V/iv	False	('B', 'D', 'G')	B	G	1.0	major triad	(2, 7, 11)	g	c	5	4
1666	1618	2	404.5	809/2	0.5	1/2	135	3	4	135	404.5	D5	74	True	D	0	5/8	3.5	0	Violoncello	1	135.0	3.0	174.0	V/iv	False	('B', 'D', 'G')	B	G	1.0	major triad	(2, 7, 11)	g	c	5	4
1667	1618	2	404.5	809/2	0.5	1/2	135	3	4	135	404.5	B2	47	False	B	0	5/8	3.5	0	Violoncello	1	135.0	3.0	174.0	V/iv	False	('B', 'D', 'G')	B	G	1.0	major triad	(2, 7, 11)	g	c	5	4
1668	1620	2	405.0	405	0.5	1/2	136	3	4	136	405.0	E-5	75	True	E	-1	0	1.0	1	Violoncello	1	136.0	3.0	175.0	iv	True	('C', 'E-', 'G')	C	C	0.0	minor triad	(0, 3, 7)	g	g	4	None
1669	1620	4	405.0	405	1.0	1	136	3	4	136	405.0	D5	74	True	D	0	0	1.0	1	Violoncello	1	136.0	3.0	175.0	iv	True	('C', 'E-', 'G')	C	C	0.0	minor triad	(0, 3, 7)	g	g	4	None
1670	1620	4	405.0	405	1.0	1	136	3	4	136	405.0	G4	67	True	G	0	0	1.0	1	Violoncello	1	136.0	3.0	175.0	iv	True	('C', 'E-', 'G')	C	C	0.0	minor triad	(0, 3, 7)	g	g	4	None
1671	1620	4	405.0	405	1.0	1	136	3	4	136	405.0	C3	48	True	C	0	0	1.0	1	Violoncello	1	136.0	3.0	175.0	iv	True	('C', 'E-', 'G')	C	C	0.0	minor triad	(0, 3, 7)	g	g	4	None
1672	1622	2	405.5	811/2	0.5	1/2	136	3	4	136	405.5	F5	77	True	F	0	1/8	1.5	0	Violoncello	1	136.0	3.0	175.0	iv	False	('C', 'E-', 'G')	C	C	0.0	minor triad	(0, 3, 7)	g	g	4	None
1673	1624	2	406.0	406	0.5	1/2	136	3	4	136	406.0	G5	79	True	G	0	1/4	2.0	2	Violoncello	1	136.0	3.0	175.0	iv	False	('C', 'E-', 'G')	C	C	0.0	minor triad	(0, 3, 7)	g	g	4	None
1674	1624	6	406.0	406	1.5	3/2	136	3	4	136	406.0	E-5	75	True	E	-1	1/4	2.0	2	Violoncello	1	136.0	3.0	175.0	iv	False	('C', 'E-', 'G')	C	C	0.0	minor triad	(0, 3, 7)	g	g	4	None
1675	1624	6	406.0	406	1.5	3/2	136	3	4	136	406.0	G4	67	True	G	0	1/4	2.0	2	Violoncello	1	136.0	3.0	175.0	iv	False	('C', 'E-', 'G')	C	C	0.0	minor triad	(0, 3, 7)	g	g	4	None
1676	1624	8	406.0	406	2.0	2	136	3	4	136	406.0	C3	48	True	C	0	1/4	2.0	2	Violoncello	1	136.0	3.0	175.0	iv	False	('C', 'E-', 'G')	C	C	0.0	minor triad	(0, 3, 7)	g	g	4	None
1677	1626	2	406.5	813/2	0.5	1/2	136	3	4	136	406.5	A5	81	True	A	0	3/8	2.5	0	Violoncello	1	136.0	3.0	175.0	iv	False	('C', 'E-', 'G')	C	C	0.0	minor triad	(0, 3, 7)	g	g	4	None
1678	1628	2	407.0	407	0.5	1/2	136	3	4	136	407.0	B-5	82	True	B	-1	1/2	3.0	3	Violoncello	1	136.0	3.0	175.0	iv	False	('C', 'E-', 'G')	C	C	0.0	minor triad	(0, 3, 7)	g	g	4	None
1679	1630	2	407.5	815/2	0.5	1/2	136	3	4	136	407.5	E5	76	True	E	0	5/8	3.5	0	Violoncello	1	136.0	3.0	175.0	iv	False	('C', 'E-', 'G')	C	C	0.0	minor triad	(0, 3, 7)	g	g	4	None
1680	1630	2	407.5	815/2	0.5	1/2	136	3	4	136	407.5	D5	74	True	D	0	5/8	3.5	0	Violoncello	1	136.0	3.0	175.0	iv	False	('C', 'E-', 'G')	C	C	0.0	minor triad	(0, 3, 7)	g	g	4	None
1681	1630	2	407.5	815/2	0.5	1/2	136	3	4	136	407.5	A4	69	True	A	0	5/8	3.5	0	Violoncello	1	136.0	3.0	175.0	iv	False	('C', 'E-', 'G')	C	C	0.0	minor triad	(0, 3, 7)	g	g	4	None
1682	1632	2	408.0	408	0.5	1/2	137	3	4	137	408.0	F#5	78	True	F	1	0	1.0	1	Violoncello	1	137.0	2.5	176.0	i	True	('D', 'G', 'B-')	D	G	2.0	minor triad	(2, 7, 10)	g	g	1	None
1683	1632	2	408.0	408	0.5	1/2	137	3	4	137	408.0	C5	72	True	C	0	0	1.0	1	Violoncello	1	137.0	2.5	176.0	i	True	('D', 'G', 'B-')	D	G	2.0	minor triad	(2, 7, 10)	g	g	1	None
1684	1632	2	408.0	408	0.5	1/2	137	3	4	137	408.0	A4	69	True	A	0	0	1.0	1	Violoncello	1	137.0	2.5	176.0	i	True	('D', 'G', 'B-')	D	G	2.0	minor triad	(2, 7, 10)	g	g	1	None
1685	1632	12	408.0	408	3.0	3	137	3	4	137	408.0	D3	50	True	D	0	0	1.0	1	Violoncello	1	137.0	2.5	176.0	i	True	('D', 'G', 'B-')	D	G	2.0	minor triad	(2, 7, 10)	g	g	1	None
1686	1634	2	408.5	817/2	0.5	1/2	137	3	4	137	408.5	G5	79	True	G	0	1/8	1.5	0	Violoncello	1	137.0	2.5	176.0	i	False	('D', 'G', 'B-')	D	G	2.0	minor triad	(2, 7, 10)	g	g	1	None
1687	1634	2	408.5	817/2	0.5	1/2	137	3	4	137	408.5	B-4	70	True	B	-1	1/8	1.5	0	Violoncello	1	137.0	2.5	176.0	i	False	('D', 'G', 'B-')	D	G	2.0	minor triad	(2, 7, 10)	g	g	1	None
1688	1634	2	408.5	817/2	0.5	1/2	137	3	4	137	408.5	G4	67	True	G	0	1/8	1.5	0	Violoncello	1	137.0	2.5	176.0	i	False	('D', 'G', 'B-')	D	G	2.0	minor triad	(2, 7, 10)	g	g	1	None
1689	1636	6	409.0	409	1.5	3/2	137	3	4	137	409.0	G5	79	True	G	0	1/4	2.0	2	Violoncello	1	137.0	2.5	176.0	i	False	('D', 'G', 'B-')	D	G	2.0	minor triad	(2, 7, 10)	g	g	1	None
1690	1636	6	409.0	409	1.5	3/2	137	3	4	137	409.0	B-4	70	True	B	-1	1/4	2.0	2	Violoncello	1	137.0	2.5	176.0	i	False	('D', 'G', 'B-')	D	G	2.0	minor triad	(2, 7, 10)	g	g	1	None
1691	1636	2	409.0	409	0.5	1/2	137	3	4	137	409.0	F#4	66	True	F	1	1/4	2.0	2	Violoncello	1	137.0	2.5	176.0	i	False	('D', 'G', 'B-')	D	G	2.0	minor triad	(2, 7, 10)	g	g	1	None
1692	1638	2	409.5	819/2	0.5	1/2	137	3	4	137	409.5	E4	64	True	E	0	3/8	2.5	0	Violoncello	1	137.0	2.5	176.0	i	False	('D', 'G', 'B-')	D	G	2.0	minor triad	(2, 7, 10)	g	g	1	None
1693	1640	2	410.0	410	0.5	1/2	137	3	4	137	410.0	D4	62	True	D	0	1/2	3.0	3	Violoncello	1	137.0	2.5	176.0	i	False	('D', 'G', 'B-')	D	G	2.0	minor triad	(2, 7, 10)	g	g	1	None
1694	1642	2	410.5	821/2	0.5	1/2	137	3	4	137	410.5	F#5	78	True	F	1	5/8	3.5	0	Violoncello	1	137.0	0.5	177.0	V7	True	('D', 'F#', 'A', 'C')	D	D	0.0	dominant seventh chord	(0, 2, 6, 9)	g	g	5	None
1695	1642	2	410.5	821/2	0.5	1/2	137	3	4	137	410.5	A4	69	True	A	0	5/8	3.5	0	Violoncello	1	137.0	0.5	177.0	V7	True	('D', 'F#', 'A', 'C')	D	D	0.0	dominant seventh chord	(0, 2, 6, 9)	g	g	5	None
1696	1642	2	410.5	821/2	0.5	1/2	137	3	4	137	410.5	C4	60	True	C	0	5/8	3.5	0	Violoncello	1	137.0	0.5	177.0	V7	True	('D', 'F#', 'A', 'C')	D	D	0.0	dominant seventh chord	(0, 2, 6, 9)	g	g	5	None
1697	1644	4	411.0	411	1.0	1	138	3	4	138	411.0	G5	79	True	G	0	0	1.0	1	Violoncello	1	138.0	3.0	178.0	i	True	('G', 'B-', 'D')	G	G	0.0	minor triad	(2, 7, 10)	g	g	1	None
1698	1644	4	411.0	411	1.0	1	138	3	4	138	411.0	G4	67	True	G	0	0	1.0	1	Violoncello	1	138.0	3.0	178.0	i	True	('G', 'B-', 'D')	G	G	0.0	minor triad	(2, 7, 10)	g	g	1	None
1699	1644	2	411.0	411	0.5	1/2	138	3	4	138	411.0	B-3	58	True	B	-1	0	1.0	1	Violoncello	1	138.0	3.0	178.0	i	True	('G', 'B-', 'D')	G	G	0.0	minor triad	(2, 7, 10)	g	g	1	None
1700	1644	12	411.0	411	3.0	3	138	3	4	138	411.0	G2	43	True	G	0	0	1.0	1	Violoncello	1	138.0	3.0	178.0	i	True	('G', 'B-', 'D')	G	G	0.0	minor triad	(2, 7, 10)	g	g	1	None
1701	1646	2	411.5	823/2	0.5	1/2	138	3	4	138	411.5	G3	55	True	G	0	1/8	1.5	0	Violoncello	1	138.0	3.0	178.0	i	False	('G', 'B-', 'D')	G	G	0.0	minor triad	(2, 7, 10)	g	g	1	None
1702	1648	6	412.0	412	1.5	3/2	138	3	4	138	412.0	D5	74	True	D	0	1/4	2.0	2	Violoncello	1	138.0	3.0	178.0	i	False	('G', 'B-', 'D')	G	G	0.0	minor triad	(2, 7, 10)	g	g	1	None
1703	1648	6	412.0	412	1.5	3/2	138	3	4	138	412.0	B-4	70	True	B	-1	1/4	2.0	2	Violoncello	1	138.0	3.0	178.0	i	False	('G', 'B-', 'D')	G	G	0.0	minor triad	(2, 7, 10)	g	g	1	None
1704	1648	4	412.0	412	1.0	1	138	3	4	138	412.0	G4	67	True	G	0	1/4	2.0	2	Violoncello	1	138.0	3.0	178.0	i	False	('G', 'B-', 'D')	G	G	0.0	minor triad	(2, 7, 10)	g	g	1	None
1705	1652	4	413.0	413	1.0	1	138	3	4	138	413.0	F4	65	True	F	0	1/2	3.0	3	Violoncello	1	138.0	3.0	178.0	i	False	('G', 'B-', 'D')	G	G	0.0	minor triad	(2, 7, 10)	g	g	1	None
1706	1654	2	413.5	827/2	0.5	1/2	138	3	4	138	413.5	D5	74	False	D	0	5/8	3.5	0	Violoncello	1	138.0	3.0	178.0	i	False	('G', 'B-', 'D')	G	G	0.0	minor triad	(2, 7, 10)	g	g	1	None
1707	1654	2	413.5	827/2	0.5	1/2	138	3	4	138	413.5	B-4	70	True	B	-1	5/8	3.5	0	Violoncello	1	138.0	3.0	178.0	i	False	('G', 'B-', 'D')	G	G	0.0	minor triad	(2, 7, 10)	g	g	1	None
1708	1656	3	414.0	414	0.75	3/4	139	3	4	139	414.0	D5	74	True	D	0	0	1.0	1	Violoncello	1	139.0	1.0	179.0	i	True	('G', 'B-', 'D')	G	G	0.0	minor triad	(2, 7, 10)	g	g	1	None
1709	1656	3	414.0	414	0.75	3/4	139	3	4	139	414.0	B-4	70	True	B	-1	0	1.0	1	Violoncello	1	139.0	1.0	179.0	i	True	('G', 'B-', 'D')	G	G	0.0	minor triad	(2, 7, 10)	g	g	1	None
1710	1656	8	414.0	414	2.0	2	139	3	4	139	414.0	E-4	63	True	E	-1	0	1.0	1	Violoncello	1	139.0	1.0	179.0	i	True	('G', 'B-', 'D')	G	G	0.0	minor triad	(2, 7, 10)	g	g	1	None
1711	1656	8	414.0	414	2.0	2	139	3	4	139	414.0	G3	55	True	G	0	0	1.0	1	Violoncello	1	139.0	1.0	179.0	i	True	('G', 'B-', 'D')	G	G	0.0	minor triad	(2, 7, 10)	g	g	1	None
1712	1659	1	414.75	1659/4	0.25	1/4	139	3	4	139	414.75	E-5	75	True	E	-1	3/16	1.75	0	Violoncello	1	139.0	1.0	179.0	i	False	('G', 'B-', 'D')	G	G	0.0	minor triad	(2, 7, 10)	g	g	1	None
1713	1659	1	414.75	1659/4	0.25	1/4	139	3	4	139	414.75	C5	72	True	C	0	3/16	1.75	0	Violoncello	1	139.0	1.0	179.0	i	False	('G', 'B-', 'D')	G	G	0.0	minor triad	(2, 7, 10)	g	g	1	None
1714	1660	6	415.0	415	1.5	3/2	139	3	4	139	415.0	C5	72	True	C	0	1/4	2.0	2	Violoncello	1	139.0	2.0	180.0	iiø7	True	('G', 'A', 'C', 'E-')	G	A	3.0	half-diminished seventh chord	(0, 3, 7, 9)	g	g	2	None
1715	1660	6	415.0	415	1.5	3/2	139	3	4	139	415.0	A4	69	True	A	0	1/4	2.0	2	Violoncello	1	139.0	2.0	180.0	iiø7	True	('G', 'A', 'C', 'E-')	G	A	3.0	half-diminished seventh chord	(0, 3, 7, 9)	g	g	2	None
1716	1664	4	416.0	416	1.0	1	139	3	4	139	416.0	E-4	63	True	E	-1	1/2	3.0	3	Violoncello	1	139.0	2.0	180.0	iiø7	False	('G', 'A', 'C', 'E-')	G	A	3.0	half-diminished seventh chord	(0, 3, 7, 9)	g	g	2	None
1717	1664	4	416.0	416	1.0	1	139	3	4	139	416.0	G3	55	True	G	0	1/2	3.0	3	Violoncello	1	139.0	2.0	180.0	iiø7	False	('G', 'A', 'C', 'E-')	G	A	3.0	half-diminished seventh chord	(0, 3, 7, 9)	g	g	2	None
1718	1666	2	416.5	833/2	0.5	1/2	139	3	4	139	416.5	C5	72	False	C	0	5/8	3.5	0	Violoncello	1	139.0	2.0	180.0	iiø7	False	('G', 'A', 'C', 'E-')	G	A	3.0	half-diminished seventh chord	(0, 3, 7, 9)	g	g	2	None
1719	1666	2	416.5	833/2	0.5	1/2	139	3	4	139	416.5	A4	69	False	A	0	5/8	3.5	0	Violoncello	1	139.0	2.0	180.0	iiø7	False	('G', 'A', 'C', 'E-')	G	A	3.0	half-diminished seventh chord	(0, 3, 7, 9)	g	g	2	None
1720	1668	6	417.0	417	1.5	3/2	140	3	4	140	417.0	C5	72	True	C	0	0	1.0	1	Violoncello	1	140.0	3.0	181.0	V	True	('F#', 'A', 'D')	F#	D	1.0	major triad	(2, 6, 9)	g	g	5	None
1721	1668	8	417.0	417	2.0	2	140	3	4	140	417.0	A4	69	True	A	0	0	1.0	1	Violoncello	1	140.0	3.0	181.0	V	True	('F#', 'A', 'D')	F#	D	1.0	major triad	(2, 6, 9)	g	g	5	None
1722	1668	8	417.0	417	2.0	2	140	3	4	140	417.0	D4	62	True	D	0	0	1.0	1	Violoncello	1	140.0	3.0	181.0	V	True	('F#', 'A', 'D')	F#	D	1.0	major triad	(2, 6, 9)	g	g	5	None
1723	1668	4	417.0	417	1.0	1	140	3	4	140	417.0	F#3	54	True	F	1	0	1.0	1	Violoncello	1	140.0	3.0	181.0	V	True	('F#', 'A', 'D')	F#	D	1.0	major triad	(2, 6, 9)	g	g	5	None
1724	1672	6	418.0	418	1.5	3/2	140	3	4	140	418.0	F#3	54	True	F	1	1/4	2.0	2	Violoncello	1	140.0	3.0	181.0	V	False	('F#', 'A', 'D')	F#	D	1.0	major triad	(2, 6, 9)	g	g	5	None
1725	1674	2	418.5	837/2	0.5	1/2	140	3	4	140	418.5	D5	74	True	D	0	3/8	2.5	0	Violoncello	1	140.0	3.0	181.0	V	False	('F#', 'A', 'D')	F#	D	1.0	major triad	(2, 6, 9)	g	g	5	None
1726	1676	4	419.0	419	1.0	1	140	3	4	140	419.0	B-4	70	True	B	-1	1/2	3.0	3	Violoncello	1	140.0	3.0	181.0	V	False	('F#', 'A', 'D')	F#	D	1.0	major triad	(2, 6, 9)	g	g	5	None
1727	1676	2	419.0	419	0.5	1/2	140	3	4	140	419.0	A4	69	False	A	0	1/2	3.0	3	Violoncello	1	140.0	3.0	181.0	V	False	('F#', 'A', 'D')	F#	D	1.0	major triad	(2, 6, 9)	g	g	5	None
1728	1676	4	419.0	419	1.0	1	140	3	4	140	419.0	D4	62	True	D	0	1/2	3.0	3	Violoncello	1	140.0	3.0	181.0	V	False	('F#', 'A', 'D')	F#	D	1.0	major triad	(2, 6, 9)	g	g	5	None
1729	1678	2	419.5	839/2	0.5	1/2	140	3	4	140	419.5	A4	69	True	A	0	5/8	3.5	0	Violoncello	1	140.0	3.0	181.0	V	False	('F#', 'A', 'D')	F#	D	1.0	major triad	(2, 6, 9)	g	g	5	None
1730	1678	2	419.5	839/2	0.5	1/2	140	3	4	140	419.5	F#3	54	False	F	1	5/8	3.5	0	Violoncello	1	140.0	3.0	181.0	V	False	('F#', 'A', 'D')	F#	D	1.0	major triad	(2, 6, 9)	g	g	5	None
1731	1680	2	420.0	420	0.5	1/2	141	3	4	141	420.0	B-4	70	False	B	-1	0	1.0	1	Violoncello	1	141.0	1.0	182.0	i	True	('G', 'B-', 'D')	G	G	0.0	minor triad	(2, 7, 10)	g	g	1	None
1732	1680	4	420.0	420	1.0	1	141	3	4	141	420.0	G4	67	True	G	0	0	1.0	1	Violoncello	1	141.0	1.0	182.0	i	True	('G', 'B-', 'D')	G	G	0.0	minor triad	(2, 7, 10)	g	g	1	None
1733	1680	4	420.0	420	1.0	1	141	3	4	141	420.0	D4	62	True	D	0	0	1.0	1	Violoncello	1	141.0	1.0	182.0	i	True	('G', 'B-', 'D')	G	G	0.0	minor triad	(2, 7, 10)	g	g	1	None
1734	1680	4	420.0	420	1.0	1	141	3	4	141	420.0	G3	55	True	G	0	0	1.0	1	Violoncello	1	141.0	1.0	182.0	i	True	('G', 'B-', 'D')	G	G	0.0	minor triad	(2, 7, 10)	g	g	1	None
1735	1682	2	420.5	841/2	0.5	1/2	141	3	4	141	420.5	C5	72	True	C	0	1/8	1.5	0	Violoncello	1	141.0	1.0	182.0	i	False	('G', 'B-', 'D')	G	G	0.0	minor triad	(2, 7, 10)	g	g	1	None
1736	1684	6	421.0	421	1.5	3/2	141	3	4	141	421.0	A4	69	True	A	0	1/4	2.0	2	Violoncello	1	141.0	2.0	183.0	iiø7	True	('E-', 'G', 'A', 'C')	E-	A	2.0	half-diminished seventh chord	(0, 3, 7, 9)	g	g	2	None
1737	1684	2	421.0	421	0.5	1/2	141	3	4	141	421.0	G4	67	True	G	0	1/4	2.0	2	Violoncello	1	141.0	2.0	183.0	iiø7	True	('E-', 'G', 'A', 'C')	E-	A	2.0	half-diminished seventh chord	(0, 3, 7, 9)	g	g	2	None
1738	1684	8	421.0	421	2.0	2	141	3	4	141	421.0	C4	60	True	C	0	1/4	2.0	2	Violoncello	1	141.0	2.0	183.0	iiø7	True	('E-', 'G', 'A', 'C')	E-	A	2.0	half-diminished seventh chord	(0, 3, 7, 9)	g	g	2	None
1739	1684	8	421.0	421	2.0	2	141	3	4	141	421.0	E-3	51	True	E	-1	1/4	2.0	2	Violoncello	1	141.0	2.0	183.0	iiø7	True	('E-', 'G', 'A', 'C')	E-	A	2.0	half-diminished seventh chord	(0, 3, 7, 9)	g	g	2	None
1740	1686	4	421.5	843/2	1.0	1	141	3	4	141	421.5	F#4	66	True	F	1	3/8	2.5	0	Violoncello	1	141.0	2.0	183.0	iiø7	False	('E-', 'G', 'A', 'C')	E-	A	2.0	half-diminished seventh chord	(0, 3, 7, 9)	g	g	2	None
1741	1690	2	422.5	845/2	0.5	1/2	141	3	4	141	422.5	G4	67	True	G	0	5/8	3.5	0	Violoncello	1	141.0	2.0	183.0	iiø7	False	('E-', 'G', 'A', 'C')	E-	A	2.0	half-diminished seventh chord	(0, 3, 7, 9)	g	g	2	None
1742	1690	2	422.5	845/2	0.5	1/2	141	3	4	141	422.5	G4	67	True	G	0	5/8	3.5	0	Violoncello	1	141.0	2.0	183.0	iiø7	False	('E-', 'G', 'A', 'C')	E-	A	2.0	half-diminished seventh chord	(0, 3, 7, 9)	g	g	2	None
1743	1692	4	423.0	423	1.0	1	142	3	4	142	423.0	A4	69	True	A	0	0	1.0	1	Violoncello	1	142.0	3.0	184.0	V	True	('D', 'F#', 'A')	D	D	0.0	major triad	(2, 6, 9)	g	g	5	None
1744	1692	4	423.0	423	1.0	1	142	3	4	142	423.0	F#4	66	True	F	1	0	1.0	1	Violoncello	1	142.0	3.0	184.0	V	True	('D', 'F#', 'A')	D	D	0.0	major triad	(2, 6, 9)	g	g	5	None
1745	1692	4	423.0	423	1.0	1	142	3	4	142	423.0	C4	60	True	C	0	0	1.0	1	Violoncello	1	142.0	3.0	184.0	V	True	('D', 'F#', 'A')	D	D	0.0	major triad	(2, 6, 9)	g	g	5	None
1746	1692	4	423.0	423	1.0	1	142	3	4	142	423.0	D3	50	True	D	0	0	1.0	1	Violoncello	1	142.0	3.0	184.0	V	True	('D', 'F#', 'A')	D	D	0.0	major triad	(2, 6, 9)	g	g	5	None
1747	1696	6	424.0	424	1.5	3/2	142	3	4	142	424.0	A4	69	True	A	0	1/4	2.0	2	Violoncello	1	142.0	3.0	184.0	V	False	('D', 'F#', 'A')	D	D	0.0	major triad	(2, 6, 9)	g	g	5	None
1748	1696	6	424.0	424	1.5	3/2	142	3	4	142	424.0	F#4	66	True	F	1	1/4	2.0	2	Violoncello	1	142.0	3.0	184.0	V	False	('D', 'F#', 'A')	D	D	0.0	major triad	(2, 6, 9)	g	g	5	None
1749	1696	4	424.0	424	1.0	1	142	3	4	142	424.0	A3	57	True	A	0	1/4	2.0	2	Violoncello	1	142.0	3.0	184.0	V	False	('D', 'F#', 'A')	D	D	0.0	major triad	(2, 6, 9)	g	g	5	None
1750	1696	6	424.0	424	1.5	3/2	142	3	4	142	424.0	D3	50	True	D	0	1/4	2.0	2	Violoncello	1	142.0	3.0	184.0	V	False	('D', 'F#', 'A')	D	D	0.0	major triad	(2, 6, 9)	g	g	5	None
1751	1700	4	425.0	425	1.0	1	142	3	4	142	425.0	D4	62	True	D	0	1/2	3.0	3	Violoncello	1	142.0	3.0	184.0	V	False	('D', 'F#', 'A')	D	D	0.0	major triad	(2, 6, 9)	g	g	5	None
1752	1702	2	425.5	851/2	0.5	1/2	142	3	4	142	425.5	A4	69	True	A	0	5/8	3.5	0	Violoncello	1	142.0	3.0	184.0	V	False	('D', 'F#', 'A')	D	D	0.0	major triad	(2, 6, 9)	g	g	5	None
1753	1702	2	425.5	851/2	0.5	1/2	142	3	4	142	425.5	E4	64	True	E	0	5/8	3.5	0	Violoncello	1	142.0	3.0	184.0	V	False	('D', 'F#', 'A')	D	D	0.0	major triad	(2, 6, 9)	g	g	5	None
1754	1702	2	425.5	851/2	0.5	1/2	142	3	4	142	425.5	D3	50	False	D	0	5/8	3.5	0	Violoncello	1	142.0	3.0	184.0	V	False	('D', 'F#', 'A')	D	D	0.0	major triad	(2, 6, 9)	g	g	5	None
1755	1704	4	426.0	426	1.0	1	143	3	4	143	426.0	D5	74	True	D	0	0	1.0	1	Violoncello	1	143.0	3.0	185.0	V/iv	True	('B', 'D', 'G')	B	G	1.0	major triad	(2, 7, 11)	g	c	5	4
1756	1704	4	426.0	426	1.0	1	143	3	4	143	426.0	F4	65	True	F	0	0	1.0	1	Violoncello	1	143.0	3.0	185.0	V/iv	True	('B', 'D', 'G')	B	G	1.0	major triad	(2, 7, 11)	g	c	5	4
1757	1704	4	426.0	426	1.0	1	143	3	4	143	426.0	G3	55	True	G	0	0	1.0	1	Violoncello	1	143.0	3.0	185.0	V/iv	True	('B', 'D', 'G')	B	G	1.0	major triad	(2, 7, 11)	g	c	5	4
1758	1704	4	426.0	426	1.0	1	143	3	4	143	426.0	B2	47	True	B	0	0	1.0	1	Violoncello	1	143.0	3.0	185.0	V/iv	True	('B', 'D', 'G')	B	G	1.0	major triad	(2, 7, 11)	g	c	5	4
1759	1708	6	427.0	427	1.5	3/2	143	3	4	143	427.0	D5	74	True	D	0	1/4	2.0	2	Violoncello	1	143.0	3.0	185.0	V/iv	False	('B', 'D', 'G')	B	G	1.0	major triad	(2, 7, 11)	g	c	5	4
1760	1708	6	427.0	427	1.5	3/2	143	3	4	143	427.0	F4	65	True	F	0	1/4	2.0	2	Violoncello	1	143.0	3.0	185.0	V/iv	False	('B', 'D', 'G')	B	G	1.0	major triad	(2, 7, 11)	g	c	5	4
1761	1708	6	427.0	427	1.5	3/2	143	3	4	143	427.0	G3	55	True	G	0	1/4	2.0	2	Violoncello	1	143.0	3.0	185.0	V/iv	False	('B', 'D', 'G')	B	G	1.0	major triad	(2, 7, 11)	g	c	5	4
1762	1708	8	427.0	427	2.0	2	143	3	4	143	427.0	B2	47	True	B	0	1/4	2.0	2	Violoncello	1	143.0	3.0	185.0	V/iv	False	('B', 'D', 'G')	B	G	1.0	major triad	(2, 7, 11)	g	c	5	4
1763	1714	2	428.5	857/2	0.5	1/2	143	3	4	143	428.5	D5	74	False	D	0	5/8	3.5	0	Violoncello	1	143.0	3.0	185.0	V/iv	False	('B', 'D', 'G')	B	G	1.0	major triad	(2, 7, 11)	g	c	5	4
1764	1714	2	428.5	857/2	0.5	1/2	143	3	4	143	428.5	G4	67	True	G	0	5/8	3.5	0	Violoncello	1	143.0	3.0	185.0	V/iv	False	('B', 'D', 'G')	B	G	1.0	major triad	(2, 7, 11)	g	c	5	4
1765	1714	2	428.5	857/2	0.5	1/2	143	3	4	143	428.5	G3	55	False	G	0	5/8	3.5	0	Violoncello	1	143.0	3.0	185.0	V/iv	False	('B', 'D', 'G')	B	G	1.0	major triad	(2, 7, 11)	g	c	5	4
1766	1716	3	429.0	429	0.75	3/4	144	3	4	144	429.0	D5	74	True	D	0	0	1.0	1	Violoncello	1	144.0	3.0	186.0	iv	True	('C', 'E-', 'G')	C	C	0.0	minor triad	(0, 3, 7)	g	g	4	None
1767	1716	4	429.0	429	1.0	1	144	3	4	144	429.0	E4	64	True	E	0	0	1.0	1	Violoncello	1	144.0	3.0	186.0	iv	True	('C', 'E-', 'G')	C	C	0.0	minor triad	(0, 3, 7)	g	g	4	None
1768	1716	4	429.0	429	1.0	1	144	3	4	144	429.0	G3	55	True	G	0	0	1.0	1	Violoncello	1	144.0	3.0	186.0	iv	True	('C', 'E-', 'G')	C	C	0.0	minor triad	(0, 3, 7)	g	g	4	None
1769	1716	4	429.0	429	1.0	1	144	3	4	144	429.0	C3	48	True	C	0	0	1.0	1	Violoncello	1	144.0	3.0	186.0	iv	True	('C', 'E-', 'G')	C	C	0.0	minor triad	(0, 3, 7)	g	g	4	None
1770	1719	1	429.75	1719/4	0.25	1/4	144	3	4	144	429.75	E-5	75	True	E	-1	3/16	1.75	0	Violoncello	1	144.0	3.0	186.0	iv	False	('C', 'E-', 'G')	C	C	0.0	minor triad	(0, 3, 7)	g	g	4	None
1771	1720	6	430.0	430	1.5	3/2	144	3	4	144	430.0	C5	72	True	C	0	1/4	2.0	2	Violoncello	1	144.0	3.0	186.0	iv	False	('C', 'E-', 'G')	C	C	0.0	minor triad	(0, 3, 7)	g	g	4	None
1772	1720	4	430.0	430	1.0	1	144	3	4	144	430.0	F#4	66	True	F	1	1/4	2.0	2	Violoncello	1	144.0	3.0	186.0	iv	False	('C', 'E-', 'G')	C	C	0.0	minor triad	(0, 3, 7)	g	g	4	None
1773	1720	8	430.0	430	2.0	2	144	3	4	144	430.0	E-4	63	True	E	-1	1/4	2.0	2	Violoncello	1	144.0	3.0	186.0	iv	False	('C', 'E-', 'G')	C	C	0.0	minor triad	(0, 3, 7)	g	g	4	None
1774	1720	8	430.0	430	2.0	2	144	3	4	144	430.0	C3	48	True	C	0	1/4	2.0	2	Violoncello	1	144.0	3.0	186.0	iv	False	('C', 'E-', 'G')	C	C	0.0	minor triad	(0, 3, 7)	g	g	4	None
1775	1724	4	431.0	431	1.0	1	144	3	4	144	431.0	G4	67	True	G	0	1/2	3.0	3	Violoncello	1	144.0	3.0	186.0	iv	False	('C', 'E-', 'G')	C	C	0.0	minor triad	(0, 3, 7)	g	g	4	None
1776	1726	2	431.5	863/2	0.5	1/2	144	3	4	144	431.5	B-4	70	True	B	-1	5/8	3.5	0	Violoncello	1	144.0	3.0	186.0	iv	False	('C', 'E-', 'G')	C	C	0.0	minor triad	(0, 3, 7)	g	g	4	None
1777	1728	3	432.0	432	0.75	3/4	145	3	4	145	432.0	B-4	70	True	B	-1	0	1.0	1	Violoncello	1	145.0	3.0	187.0	V7	True	('D', 'F#', 'A', 'C')	D	D	0.0	dominant seventh chord	(0, 2, 6, 9)	g	g	5	None
1778	1728	3	432.0	432	0.75	3/4	145	3	4	145	432.0	G4	67	True	G	0	0	1.0	1	Violoncello	1	145.0	3.0	187.0	V7	True	('D', 'F#', 'A', 'C')	D	D	0.0	dominant seventh chord	(0, 2, 6, 9)	g	g	5	None
1779	1728	4	432.0	432	1.0	1	145	3	4	145	432.0	D4	62	True	D	0	0	1.0	1	Violoncello	1	145.0	3.0	187.0	V7	True	('D', 'F#', 'A', 'C')	D	D	0.0	dominant seventh chord	(0, 2, 6, 9)	g	g	5	None
1780	1728	12	432.0	432	3.0	3	145	3	4	145	432.0	D3	50	True	D	0	0	1.0	1	Violoncello	1	145.0	3.0	187.0	V7	True	('D', 'F#', 'A', 'C')	D	D	0.0	dominant seventh chord	(0, 2, 6, 9)	g	g	5	None
1781	1731	1	432.75	1731/4	0.25	1/4	145	3	4	145	432.75	A4	69	True	A	0	3/16	1.75	0	Violoncello	1	145.0	3.0	187.0	V7	False	('D', 'F#', 'A', 'C')	D	D	0.0	dominant seventh chord	(0, 2, 6, 9)	g	g	5	None
1782	1731	1	432.75	1731/4	0.25	1/4	145	3	4	145	432.75	A4	69	True	A	0	3/16	1.75	0	Violoncello	1	145.0	3.0	187.0	V7	False	('D', 'F#', 'A', 'C')	D	D	0.0	dominant seventh chord	(0, 2, 6, 9)	g	g	5	None
1783	1732	6	433.0	433	1.5	3/2	145	3	4	145	433.0	A4	69	True	A	0	1/4	2.0	2	Violoncello	1	145.0	3.0	187.0	V7	False	('D', 'F#', 'A', 'C')	D	D	0.0	dominant seventh chord	(0, 2, 6, 9)	g	g	5	None
1784	1732	6	433.0	433	1.5	3/2	145	3	4	145	433.0	F#4	66	True	F	1	1/4	2.0	2	Violoncello	1	145.0	3.0	187.0	V7	False	('D', 'F#', 'A', 'C')	D	D	0.0	dominant seventh chord	(0, 2, 6, 9)	g	g	5	None
1785	1732	8	433.0	433	2.0	2	145	3	4	145	433.0	D4	62	True	D	0	1/4	2.0	2	Violoncello	1	145.0	3.0	187.0	V7	False	('D', 'F#', 'A', 'C')	D	D	0.0	dominant seventh chord	(0, 2, 6, 9)	g	g	5	None
1786	1738	2	434.5	869/2	0.5	1/2	145	3	4	145	434.5	G4	67	True	G	0	5/8	3.5	0	Violoncello	1	145.0	3.0	187.0	V7	False	('D', 'F#', 'A', 'C')	D	D	0.0	dominant seventh chord	(0, 2, 6, 9)	g	g	5	None
1787	1738	2	434.5	869/2	0.5	1/2	145	3	4	145	434.5	G4	67	True	G	0	5/8	3.5	0	Violoncello	1	145.0	3.0	187.0	V7	False	('D', 'F#', 'A', 'C')	D	D	0.0	dominant seventh chord	(0, 2, 6, 9)	g	g	5	None
1788	1740	4	435.0	435	1.0	1	146	3	4	146	435.0	G4	67	True	G	0	0	1.0	1	Violoncello	1	146.0	3.0	188.0	i	True	('G', 'B-', 'D')	G	G	0.0	minor triad	(2, 7, 10)	g	g	1	None
1789	1740	4	435.0	435	1.0	1	146	3	4	146	435.0	G4	67	True	G	0	0	1.0	1	Violoncello	1	146.0	3.0	188.0	i	True	('G', 'B-', 'D')	G	G	0.0	minor triad	(2, 7, 10)	g	g	1	None
1790	1740	4	435.0	435	1.0	1	146	3	4	146	435.0	D4	62	False	D	0	0	1.0	1	Violoncello	1	146.0	3.0	188.0	i	True	('G', 'B-', 'D')	G	G	0.0	minor triad	(2, 7, 10)	g	g	1	None
1791	1740	12	435.0	435	3.0	3	146	3	4	146	435.0	G2	43	True	G	0	0	1.0	1	Violoncello	1	146.0	3.0	188.0	i	True	('G', 'B-', 'D')	G	G	0.0	minor triad	(2, 7, 10)	g	g	1	None
1792	1744	6	436.0	436	1.5	3/2	146	3	4	146	436.0	D5	74	True	D	0	1/4	2.0	2	Violoncello	1	146.0	3.0	188.0	i	False	('G', 'B-', 'D')	G	G	0.0	minor triad	(2, 7, 10)	g	g	1	None
1793	1744	6	436.0	436	1.5	3/2	146	3	4	146	436.0	B-4	70	True	B	-1	1/4	2.0	2	Violoncello	1	146.0	3.0	188.0	i	False	('G', 'B-', 'D')	G	G	0.0	minor triad	(2, 7, 10)	g	g	1	None
1794	1744	4	436.0	436	1.0	1	146	3	4	146	436.0	G4	67	True	G	0	1/4	2.0	2	Violoncello	1	146.0	3.0	188.0	i	False	('G', 'B-', 'D')	G	G	0.0	minor triad	(2, 7, 10)	g	g	1	None
1795	1748	4	437.0	437	1.0	1	146	3	4	146	437.0	F4	65	True	F	0	1/2	3.0	3	Violoncello	1	146.0	3.0	188.0	i	False	('G', 'B-', 'D')	G	G	0.0	minor triad	(2, 7, 10)	g	g	1	None
1796	1750	2	437.5	875/2	0.5	1/2	146	3	4	146	437.5	D5	74	False	D	0	5/8	3.5	0	Violoncello	1	146.0	3.0	188.0	i	False	('G', 'B-', 'D')	G	G	0.0	minor triad	(2, 7, 10)	g	g	1	None
1797	1750	2	437.5	875/2	0.5	1/2	146	3	4	146	437.5	B-4	70	False	B	-1	5/8	3.5	0	Violoncello	1	146.0	3.0	188.0	i	False	('G', 'B-', 'D')	G	G	0.0	minor triad	(2, 7, 10)	g	g	1	None
1798	1752	3	438.0	438	0.75	3/4	147	3	4	147	438.0	D5	74	True	D	0	0	1.0	1	Violoncello	1	147.0	1.0	189.0	i	True	('G', 'B-', 'D')	G	G	0.0	minor triad	(2, 7, 10)	g	g	1	None
1799	1752	3	438.0	438	0.75	3/4	147	3	4	147	438.0	B-4	70	True	B	-1	0	1.0	1	Violoncello	1	147.0	1.0	189.0	i	True	('G', 'B-', 'D')	G	G	0.0	minor triad	(2, 7, 10)	g	g	1	None
1800	1752	8	438.0	438	2.0	2	147	3	4	147	438.0	E-4	63	True	E	-1	0	1.0	1	Violoncello	1	147.0	1.0	189.0	i	True	('G', 'B-', 'D')	G	G	0.0	minor triad	(2, 7, 10)	g	g	1	None
1801	1752	8	438.0	438	2.0	2	147	3	4	147	438.0	G3	55	True	G	0	0	1.0	1	Violoncello	1	147.0	1.0	189.0	i	True	('G', 'B-', 'D')	G	G	0.0	minor triad	(2, 7, 10)	g	g	1	None
1802	1755	1	438.75	1755/4	0.25	1/4	147	3	4	147	438.75	E-5	75	True	E	-1	3/16	1.75	0	Violoncello	1	147.0	1.0	189.0	i	False	('G', 'B-', 'D')	G	G	0.0	minor triad	(2, 7, 10)	g	g	1	None
1803	1755	1	438.75	1755/4	0.25	1/4	147	3	4	147	438.75	C5	72	True	C	0	3/16	1.75	0	Violoncello	1	147.0	1.0	189.0	i	False	('G', 'B-', 'D')	G	G	0.0	minor triad	(2, 7, 10)	g	g	1	None
1804	1756	6	439.0	439	1.5	3/2	147	3	4	147	439.0	C5	72	True	C	0	1/4	2.0	2	Violoncello	1	147.0	2.0	190.0	iiø7	True	('G', 'A', 'C', 'E-')	G	A	3.0	half-diminished seventh chord	(0, 3, 7, 9)	g	g	2	None
1805	1756	6	439.0	439	1.5	3/2	147	3	4	147	439.0	A4	69	True	A	0	1/4	2.0	2	Violoncello	1	147.0	2.0	190.0	iiø7	True	('G', 'A', 'C', 'E-')	G	A	3.0	half-diminished seventh chord	(0, 3, 7, 9)	g	g	2	None
1806	1760	4	440.0	440	1.0	1	147	3	4	147	440.0	E-4	63	True	E	-1	1/2	3.0	3	Violoncello	1	147.0	2.0	190.0	iiø7	False	('G', 'A', 'C', 'E-')	G	A	3.0	half-diminished seventh chord	(0, 3, 7, 9)	g	g	2	None
1807	1760	4	440.0	440	1.0	1	147	3	4	147	440.0	G3	55	True	G	0	1/2	3.0	3	Violoncello	1	147.0	2.0	190.0	iiø7	False	('G', 'A', 'C', 'E-')	G	A	3.0	half-diminished seventh chord	(0, 3, 7, 9)	g	g	2	None
1808	1762	2	440.5	881/2	0.5	1/2	147	3	4	147	440.5	C5	72	False	C	0	5/8	3.5	0	Violoncello	1	147.0	2.0	190.0	iiø7	False	('G', 'A', 'C', 'E-')	G	A	3.0	half-diminished seventh chord	(0, 3, 7, 9)	g	g	2	None
1809	1762	2	440.5	881/2	0.5	1/2	147	3	4	147	440.5	A4	69	False	A	0	5/8	3.5	0	Violoncello	1	147.0	2.0	190.0	iiø7	False	('G', 'A', 'C', 'E-')	G	A	3.0	half-diminished seventh chord	(0, 3, 7, 9)	g	g	2	None
1810	1764	6	441.0	441	1.5	3/2	148	3	4	148	441.0	C5	72	True	C	0	0	1.0	1	Violoncello	1	148.0	3.0	191.0	V	True	('F#', 'A', 'D')	F#	D	1.0	major triad	(2, 6, 9)	g	g	5	None
1811	1764	8	441.0	441	2.0	2	148	3	4	148	441.0	A4	69	True	A	0	0	1.0	1	Violoncello	1	148.0	3.0	191.0	V	True	('F#', 'A', 'D')	F#	D	1.0	major triad	(2, 6, 9)	g	g	5	None
1812	1764	8	441.0	441	2.0	2	148	3	4	148	441.0	D4	62	True	D	0	0	1.0	1	Violoncello	1	148.0	3.0	191.0	V	True	('F#', 'A', 'D')	F#	D	1.0	major triad	(2, 6, 9)	g	g	5	None
1813	1764	4	441.0	441	1.0	1	148	3	4	148	441.0	F#3	54	True	F	1	0	1.0	1	Violoncello	1	148.0	3.0	191.0	V	True	('F#', 'A', 'D')	F#	D	1.0	major triad	(2, 6, 9)	g	g	5	None
1814	1768	6	442.0	442	1.5	3/2	148	3	4	148	442.0	F#3	54	True	F	1	1/4	2.0	2	Violoncello	1	148.0	3.0	191.0	V	False	('F#', 'A', 'D')	F#	D	1.0	major triad	(2, 6, 9)	g	g	5	None
1815	1770	2	442.5	885/2	0.5	1/2	148	3	4	148	442.5	D5	74	True	D	0	3/8	2.5	0	Violoncello	1	148.0	3.0	191.0	V	False	('F#', 'A', 'D')	F#	D	1.0	major triad	(2, 6, 9)	g	g	5	None
1816	1772	4	443.0	443	1.0	1	148	3	4	148	443.0	B-4	70	True	B	-1	1/2	3.0	3	Violoncello	1	148.0	3.0	191.0	V	False	('F#', 'A', 'D')	F#	D	1.0	major triad	(2, 6, 9)	g	g	5	None
1817	1772	3	443.0	443	0.75	3/4	148	3	4	148	443.0	A4	69	False	A	0	1/2	3.0	3	Violoncello	1	148.0	3.0	191.0	V	False	('F#', 'A', 'D')	F#	D	1.0	major triad	(2, 6, 9)	g	g	5	None
1818	1772	4	443.0	443	1.0	1	148	3	4	148	443.0	D4	62	True	D	0	1/2	3.0	3	Violoncello	1	148.0	3.0	191.0	V	False	('F#', 'A', 'D')	F#	D	1.0	major triad	(2, 6, 9)	g	g	5	None
1819	1774	2	443.5	887/2	0.5	1/2	148	3	4	148	443.5	F#3	54	False	F	1	5/8	3.5	0	Violoncello	1	148.0	3.0	191.0	V	False	('F#', 'A', 'D')	F#	D	1.0	major triad	(2, 6, 9)	g	g	5	None
1820	1775	1	443.75	1775/4	0.25	1/4	148	3	4	148	443.75	A4	69	True	A	0	11/16	3.75	0	Violoncello	1	148.0	3.0	191.0	V	False	('F#', 'A', 'D')	F#	D	1.0	major triad	(2, 6, 9)	g	g	5	None
1821	1776	2	444.0	444	0.5	1/2	149	3	4	149	444.0	B-4	70	True	B	-1	0	1.0	1	Violoncello	1	149.0	1.0	192.0	i	True	('G', 'B-', 'D')	G	G	0.0	minor triad	(2, 7, 10)	g	g	1	None
1822	1776	4	444.0	444	1.0	1	149	3	4	149	444.0	A4	69	True	A	0	0	1.0	1	Violoncello	1	149.0	1.0	192.0	i	True	('G', 'B-', 'D')	G	G	0.0	minor triad	(2, 7, 10)	g	g	1	None
1823	1776	4	444.0	444	1.0	1	149	3	4	149	444.0	D4	62	True	D	0	0	1.0	1	Violoncello	1	149.0	1.0	192.0	i	True	('G', 'B-', 'D')	G	G	0.0	minor triad	(2, 7, 10)	g	g	1	None
1824	1776	4	444.0	444	1.0	1	149	3	4	149	444.0	G3	55	True	G	0	0	1.0	1	Violoncello	1	149.0	1.0	192.0	i	True	('G', 'B-', 'D')	G	G	0.0	minor triad	(2, 7, 10)	g	g	1	None
1825	1778	2	444.5	889/2	0.5	1/2	149	3	4	149	444.5	C5	72	True	C	0	1/8	1.5	0	Violoncello	1	149.0	1.0	192.0	i	False	('G', 'B-', 'D')	G	G	0.0	minor triad	(2, 7, 10)	g	g	1	None
1826	1780	6	445.0	445	1.5	3/2	149	3	4	149	445.0	A4	69	True	A	0	1/4	2.0	2	Violoncello	1	149.0	2.0	193.0	iiø7	True	('E-', 'G', 'A', 'C')	E-	A	2.0	half-diminished seventh chord	(0, 3, 7, 9)	g	g	2	None
1827	1780	4	445.0	445	1.0	1	149	3	4	149	445.0	G4	67	True	G	0	1/4	2.0	2	Violoncello	1	149.0	2.0	193.0	iiø7	True	('E-', 'G', 'A', 'C')	E-	A	2.0	half-diminished seventh chord	(0, 3, 7, 9)	g	g	2	None
1828	1780	8	445.0	445	2.0	2	149	3	4	149	445.0	C4	60	True	C	0	1/4	2.0	2	Violoncello	1	149.0	2.0	193.0	iiø7	True	('E-', 'G', 'A', 'C')	E-	A	2.0	half-diminished seventh chord	(0, 3, 7, 9)	g	g	2	None
1829	1780	8	445.0	445	2.0	2	149	3	4	149	445.0	E-3	51	True	E	-1	1/4	2.0	2	Violoncello	1	149.0	2.0	193.0	iiø7	True	('E-', 'G', 'A', 'C')	E-	A	2.0	half-diminished seventh chord	(0, 3, 7, 9)	g	g	2	None
1830	1784	2	446.0	446	0.5	1/2	149	3	4	149	446.0	F#4	66	True	F	1	1/2	3.0	3	Violoncello	1	149.0	2.0	193.0	iiø7	False	('E-', 'G', 'A', 'C')	E-	A	2.0	half-diminished seventh chord	(0, 3, 7, 9)	g	g	2	None
1831	1786	2	446.5	893/2	0.5	1/2	149	3	4	149	446.5	G4	67	True	G	0	5/8	3.5	0	Violoncello	1	149.0	2.0	193.0	iiø7	False	('E-', 'G', 'A', 'C')	E-	A	2.0	half-diminished seventh chord	(0, 3, 7, 9)	g	g	2	None
1832	1786	2	446.5	893/2	0.5	1/2	149	3	4	149	446.5	G4	67	True	G	0	5/8	3.5	0	Violoncello	1	149.0	2.0	193.0	iiø7	False	('E-', 'G', 'A', 'C')	E-	A	2.0	half-diminished seventh chord	(0, 3, 7, 9)	g	g	2	None
1833	1788	4	447.0	447	1.0	1	150	3	4	150	447.0	A4	69	True	A	0	0	1.0	1	Violoncello	1	150.0	3.0	194.0	V	True	('D', 'F#', 'A')	D	D	0.0	major triad	(2, 6, 9)	g	g	5	None
1834	1788	4	447.0	447	1.0	1	150	3	4	150	447.0	F#4	66	True	F	1	0	1.0	1	Violoncello	1	150.0	3.0	194.0	V	True	('D', 'F#', 'A')	D	D	0.0	major triad	(2, 6, 9)	g	g	5	None
1835	1788	4	447.0	447	1.0	1	150	3	4	150	447.0	C4	60	True	C	0	0	1.0	1	Violoncello	1	150.0	3.0	194.0	V	True	('D', 'F#', 'A')	D	D	0.0	major triad	(2, 6, 9)	g	g	5	None
1836	1788	4	447.0	447	1.0	1	150	3	4	150	447.0	D3	50	True	D	0	0	1.0	1	Violoncello	1	150.0	3.0	194.0	V	True	('D', 'F#', 'A')	D	D	0.0	major triad	(2, 6, 9)	g	g	5	None
1837	1792	6	448.0	448	1.5	3/2	150	3	4	150	448.0	A4	69	True	A	0	1/4	2.0	2	Violoncello	1	150.0	3.0	194.0	V	False	('D', 'F#', 'A')	D	D	0.0	major triad	(2, 6, 9)	g	g	5	None
1838	1792	6	448.0	448	1.5	3/2	150	3	4	150	448.0	F#4	66	True	F	1	1/4	2.0	2	Violoncello	1	150.0	3.0	194.0	V	False	('D', 'F#', 'A')	D	D	0.0	major triad	(2, 6, 9)	g	g	5	None
1839	1792	4	448.0	448	1.0	1	150	3	4	150	448.0	A3	57	True	A	0	1/4	2.0	2	Violoncello	1	150.0	3.0	194.0	V	False	('D', 'F#', 'A')	D	D	0.0	major triad	(2, 6, 9)	g	g	5	None
1840	1792	6	448.0	448	1.5	3/2	150	3	4	150	448.0	D3	50	True	D	0	1/4	2.0	2	Violoncello	1	150.0	3.0	194.0	V	False	('D', 'F#', 'A')	D	D	0.0	major triad	(2, 6, 9)	g	g	5	None
1841	1796	4	449.0	449	1.0	1	150	3	4	150	449.0	D4	62	True	D	0	1/2	3.0	3	Violoncello	1	150.0	3.0	194.0	V	False	('D', 'F#', 'A')	D	D	0.0	major triad	(2, 6, 9)	g	g	5	None
1842	1798	2	449.5	899/2	0.5	1/2	150	3	4	150	449.5	A4	69	False	A	0	5/8	3.5	0	Violoncello	1	150.0	3.0	194.0	V	False	('D', 'F#', 'A')	D	D	0.0	major triad	(2, 6, 9)	g	g	5	None
1843	1798	2	449.5	899/2	0.5	1/2	150	3	4	150	449.5	E4	64	True	E	0	5/8	3.5	0	Violoncello	1	150.0	3.0	194.0	V	False	('D', 'F#', 'A')	D	D	0.0	major triad	(2, 6, 9)	g	g	5	None
1844	1798	2	449.5	899/2	0.5	1/2	150	3	4	150	449.5	D3	50	False	D	0	5/8	3.5	0	Violoncello	1	150.0	3.0	194.0	V	False	('D', 'F#', 'A')	D	D	0.0	major triad	(2, 6, 9)	g	g	5	None
1845	1800	4	450.0	450	1.0	1	151	3	4	151	450.0	D5	74	True	D	0	0	1.0	1	Violoncello	1	151.0	3.0	195.0	V/iv	True	('B', 'D', 'G')	B	G	1.0	major triad	(2, 7, 11)	g	c	5	4
1846	1800	4	450.0	450	1.0	1	151	3	4	151	450.0	F4	65	True	F	0	0	1.0	1	Violoncello	1	151.0	3.0	195.0	V/iv	True	('B', 'D', 'G')	B	G	1.0	major triad	(2, 7, 11)	g	c	5	4
1847	1800	4	450.0	450	1.0	1	151	3	4	151	450.0	G3	55	True	G	0	0	1.0	1	Violoncello	1	151.0	3.0	195.0	V/iv	True	('B', 'D', 'G')	B	G	1.0	major triad	(2, 7, 11)	g	c	5	4
1848	1800	4	450.0	450	1.0	1	151	3	4	151	450.0	B2	47	True	B	0	0	1.0	1	Violoncello	1	151.0	3.0	195.0	V/iv	True	('B', 'D', 'G')	B	G	1.0	major triad	(2, 7, 11)	g	c	5	4
1849	1804	6	451.0	451	1.5	3/2	151	3	4	151	451.0	D5	74	True	D	0	1/4	2.0	2	Violoncello	1	151.0	3.0	195.0	V/iv	False	('B', 'D', 'G')	B	G	1.0	major triad	(2, 7, 11)	g	c	5	4
1850	1804	6	451.0	451	1.5	3/2	151	3	4	151	451.0	F4	65	True	F	0	1/4	2.0	2	Violoncello	1	151.0	3.0	195.0	V/iv	False	('B', 'D', 'G')	B	G	1.0	major triad	(2, 7, 11)	g	c	5	4
1851	1804	6	451.0	451	1.5	3/2	151	3	4	151	451.0	G3	55	True	G	0	1/4	2.0	2	Violoncello	1	151.0	3.0	195.0	V/iv	False	('B', 'D', 'G')	B	G	1.0	major triad	(2, 7, 11)	g	c	5	4
1852	1804	6	451.0	451	1.5	3/2	151	3	4	151	451.0	B2	47	True	B	0	1/4	2.0	2	Violoncello	1	151.0	3.0	195.0	V/iv	False	('B', 'D', 'G')	B	G	1.0	major triad	(2, 7, 11)	g	c	5	4
1853	1810	2	452.5	905/2	0.5	1/2	151	3	4	151	452.5	D5	74	False	D	0	5/8	3.5	0	Violoncello	1	151.0	3.0	195.0	V/iv	False	('B', 'D', 'G')	B	G	1.0	major triad	(2, 7, 11)	g	c	5	4
1854	1810	2	452.5	905/2	0.5	1/2	151	3	4	151	452.5	G4	67	True	G	0	5/8	3.5	0	Violoncello	1	151.0	3.0	195.0	V/iv	False	('B', 'D', 'G')	B	G	1.0	major triad	(2, 7, 11)	g	c	5	4
1855	1810	2	452.5	905/2	0.5	1/2	151	3	4	151	452.5	G3	55	False	G	0	5/8	3.5	0	Violoncello	1	151.0	3.0	195.0	V/iv	False	('B', 'D', 'G')	B	G	1.0	major triad	(2, 7, 11)	g	c	5	4
1856	1810	2	452.5	905/2	0.5	1/2	151	3	4	151	452.5	B2	47	False	B	0	5/8	3.5	0	Violoncello	1	151.0	3.0	195.0	V/iv	False	('B', 'D', 'G')	B	G	1.0	major triad	(2, 7, 11)	g	c	5	4
1857	1812	3	453.0	453	0.75	3/4	152	3	4	152	453.0	D5	74	True	D	0	0	1.0	1	Violoncello	1	152.0	3.0	196.0	iv	True	('C', 'E-', 'G')	C	C	0.0	minor triad	(0, 3, 7)	g	g	4	None
1858	1812	2	453.0	453	0.5	1/2	152	3	4	152	453.0	F4	65	True	F	0	0	1.0	1	Violoncello	1	152.0	3.0	196.0	iv	True	('C', 'E-', 'G')	C	C	0.0	minor triad	(0, 3, 7)	g	g	4	None
1859	1812	4	453.0	453	1.0	1	152	3	4	152	453.0	G3	55	True	G	0	0	1.0	1	Violoncello	1	152.0	3.0	196.0	iv	True	('C', 'E-', 'G')	C	C	0.0	minor triad	(0, 3, 7)	g	g	4	None
1860	1812	4	453.0	453	1.0	1	152	3	4	152	453.0	C3	48	True	C	0	0	1.0	1	Violoncello	1	152.0	3.0	196.0	iv	True	('C', 'E-', 'G')	C	C	0.0	minor triad	(0, 3, 7)	g	g	4	None
1861	1814	2	453.5	907/2	0.5	1/2	152	3	4	152	453.5	E4	64	True	E	0	1/8	1.5	0	Violoncello	1	152.0	3.0	196.0	iv	False	('C', 'E-', 'G')	C	C	0.0	minor triad	(0, 3, 7)	g	g	4	None
1862	1815	1	453.75	1815/4	0.25	1/4	152	3	4	152	453.75	E-5	75	True	E	-1	3/16	1.75	0	Violoncello	1	152.0	3.0	196.0	iv	False	('C', 'E-', 'G')	C	C	0.0	minor triad	(0, 3, 7)	g	g	4	None
1863	1816	6	454.0	454	1.5	3/2	152	3	4	152	454.0	C5	72	True	C	0	1/4	2.0	2	Violoncello	1	152.0	3.0	196.0	iv	False	('C', 'E-', 'G')	C	C	0.0	minor triad	(0, 3, 7)	g	g	4	None
1864	1816	4	454.0	454	1.0	1	152	3	4	152	454.0	F#4	66	True	F	1	1/4	2.0	2	Violoncello	1	152.0	3.0	196.0	iv	False	('C', 'E-', 'G')	C	C	0.0	minor triad	(0, 3, 7)	g	g	4	None
1865	1816	8	454.0	454	2.0	2	152	3	4	152	454.0	E-4	63	True	E	-1	1/4	2.0	2	Violoncello	1	152.0	3.0	196.0	iv	False	('C', 'E-', 'G')	C	C	0.0	minor triad	(0, 3, 7)	g	g	4	None
1866	1816	8	454.0	454	2.0	2	152	3	4	152	454.0	C3	48	True	C	0	1/4	2.0	2	Violoncello	1	152.0	3.0	196.0	iv	False	('C', 'E-', 'G')	C	C	0.0	minor triad	(0, 3, 7)	g	g	4	None
1867	1820	4	455.0	455	1.0	1	152	3	4	152	455.0	G4	67	True	G	0	1/2	3.0	3	Violoncello	1	152.0	3.0	196.0	iv	False	('C', 'E-', 'G')	C	C	0.0	minor triad	(0, 3, 7)	g	g	4	None
1868	1822	2	455.5	911/2	0.5	1/2	152	3	4	152	455.5	B-4	70	True	B	-1	5/8	3.5	0	Violoncello	1	152.0	3.0	196.0	iv	False	('C', 'E-', 'G')	C	C	0.0	minor triad	(0, 3, 7)	g	g	4	None
1869	1824	3	456.0	456	0.75	3/4	153	3	4	153	456.0	B-4	70	True	B	-1	0	1.0	1	Violoncello	1	153.0	3.0	197.0	V7	True	('D', 'F#', 'A', 'C')	D	D	0.0	dominant seventh chord	(0, 2, 6, 9)	g	g	5	None
1870	1824	4	456.0	456	1.0	1	153	3	4	153	456.0	G4	67	True	G	0	0	1.0	1	Violoncello	1	153.0	3.0	197.0	V7	True	('D', 'F#', 'A', 'C')	D	D	0.0	dominant seventh chord	(0, 2, 6, 9)	g	g	5	None
1871	1824	4	456.0	456	1.0	1	153	3	4	153	456.0	D4	62	True	D	0	0	1.0	1	Violoncello	1	153.0	3.0	197.0	V7	True	('D', 'F#', 'A', 'C')	D	D	0.0	dominant seventh chord	(0, 2, 6, 9)	g	g	5	None
1872	1824	12	456.0	456	3.0	3	153	3	4	153	456.0	D3	50	True	D	0	0	1.0	1	Violoncello	1	153.0	3.0	197.0	V7	True	('D', 'F#', 'A', 'C')	D	D	0.0	dominant seventh chord	(0, 2, 6, 9)	g	g	5	None
1873	1827	1	456.75	1827/4	0.25	1/4	153	3	4	153	456.75	A4	69	True	A	0	3/16	1.75	0	Violoncello	1	153.0	3.0	197.0	V7	False	('D', 'F#', 'A', 'C')	D	D	0.0	dominant seventh chord	(0, 2, 6, 9)	g	g	5	None
1874	1828	6	457.0	457	1.5	3/2	153	3	4	153	457.0	A4	69	True	A	0	1/4	2.0	2	Violoncello	1	153.0	3.0	197.0	V7	False	('D', 'F#', 'A', 'C')	D	D	0.0	dominant seventh chord	(0, 2, 6, 9)	g	g	5	None
1875	1828	6	457.0	457	1.5	3/2	153	3	4	153	457.0	F#4	66	True	F	1	1/4	2.0	2	Violoncello	1	153.0	3.0	197.0	V7	False	('D', 'F#', 'A', 'C')	D	D	0.0	dominant seventh chord	(0, 2, 6, 9)	g	g	5	None
1876	1828	6	457.0	457	1.5	3/2	153	3	4	153	457.0	D4	62	True	D	0	1/4	2.0	2	Violoncello	1	153.0	3.0	197.0	V7	False	('D', 'F#', 'A', 'C')	D	D	0.0	dominant seventh chord	(0, 2, 6, 9)	g	g	5	None
1877	1834	2	458.5	917/2	0.5	1/2	153	3	4	153	458.5	G4	67	True	G	0	5/8	3.5	0	Violoncello	1	153.0	3.0	197.0	V7	False	('D', 'F#', 'A', 'C')	D	D	0.0	dominant seventh chord	(0, 2, 6, 9)	g	g	5	None
1878	1834	2	458.5	917/2	0.5	1/2	153	3	4	153	458.5	G4	67	True	G	0	5/8	3.5	0	Violoncello	1	153.0	3.0	197.0	V7	False	('D', 'F#', 'A', 'C')	D	D	0.0	dominant seventh chord	(0, 2, 6, 9)	g	g	5	None
1879	1834	2	458.5	917/2	0.5	1/2	153	3	4	153	458.5	D4	62	False	D	0	5/8	3.5	0	Violoncello	1	153.0	3.0	197.0	V7	False	('D', 'F#', 'A', 'C')	D	D	0.0	dominant seventh chord	(0, 2, 6, 9)	g	g	5	None
1880	1836	12	459.0	459	3.0	3	154	3	4	154	459.0	G4	67	True	G	0	0	1.0	1	Violoncello	1	154.0	3.0	198.0	i	True	('G', 'B-', 'D')	G	G	0.0	minor triad	(2, 7, 10)	g	g	1	None
1881	1836	12	459.0	459	3.0	3	154	3	4	154	459.0	G4	67	True	G	0	0	1.0	1	Violoncello	1	154.0	3.0	198.0	i	True	('G', 'B-', 'D')	G	G	0.0	minor triad	(2, 7, 10)	g	g	1	None
1882	1836	12	459.0	459	3.0	3	154	3	4	154	459.0	D4	62	True	D	0	0	1.0	1	Violoncello	1	154.0	3.0	198.0	i	True	('G', 'B-', 'D')	G	G	0.0	minor triad	(2, 7, 10)	g	g	1	None
1883	1836	12	459.0	459	3.0	3	154	3	4	154	459.0	G2	43	True	G	0	0	1.0	1	Violoncello	1	154.0	3.0	198.0	i	True	('G', 'B-', 'D')	G	G	0.0	minor triad	(2, 7, 10)	g	g	1	None
