	s_duration	s_measure	s_notes	s_intervals	s_isOnset	a_measure	a_duration	a_annotationNumber	a_romanNumeral	a_isOnset	a_pitchNames	a_bass	a_root	a_inversion	a_quality	a_pcset	a_localKey	a_tonicizedKey	a_degree1	a_degree2	measureMisalignment	qualityScoreNotes	qualityNonChordTones	qualityMissingChordTones	qualitySquaredSum	incongruentBass
0.0	1.0	0.0	['G4', 'B4', 'D5']	['M3', 'P5']	[True, True, True]	0.0	1.0	0.0	I	True	('G', 'B', 'D')	G	G	0.0	major triad	(2, 7, 11)	G	G	1	None	False	['G', 'B', 'D', 'G', 'B', 'D', 'G', 'B', 'D', 'G', 'B', 'D', 'G', 'B', 'D', 'G', 'B', 'D', 'G', 'B', 'D', 'G', 'B', 'D']	0.0	0.0	0.0	0.0
0.125	1.0	0.0	['G4', 'B4', 'D5']	['M3', 'P5']	[False, False, False]	0.0	1.0	0.0	I	False	('G', 'B', 'D')	G	G	0.0	major triad	(2, 7, 11)	G	G	1	None	False	['G', 'B', 'D', 'G', 'B', 'D', 'G', 'B', 'D', 'G', 'B', 'D', 'G', 'B', 'D', 'G', 'B', 'D', 'G', 'B', 'D', 'G', 'B', 'D']	0.0	0.0	0.0	0.0
0.25	1.0	0.0	['G4', 'B4', 'D5']	['M3', 'P5']	[False, False, False]	0.0	1.0	0.0	I	False	('G', 'B', 'D')	G	G	0.0	major triad	(2, 7, 11)	G	G	1	None	False	['G', 'B', 'D', 'G', 'B', 'D', 'G', 'B', 'D', 'G', 'B', 'D', 'G', 'B', 'D', 'G', 'B', 'D', 'G', 'B', 'D', 'G', 'B', 'D']	0.0	0.0	0.0	0.0
0.375	1.0	0.0	['G4', 'B4', 'D5']	['M3', 'P5']	[False, False, False]	0.0	1.0	0.0	I	False	('G', 'B', 'D')	G	G	0.0	major triad	(2, 7, 11)	G	G	1	None	False	['G', 'B', 'D', 'G', 'B', 'D', 'G', 'B', 'D', 'G', 'B', 'D', 'G', 'B', 'D', 'G', 'B', 'D', 'G', 'B', 'D', 'G', 'B', 'D']	0.0	0.0	0.0	0.0
0.5	1.0	0.0	['G4', 'B4', 'D5']	['M3', 'P5']	[False, False, False]	0.0	1.0	0.0	I	False	('G', 'B', 'D')	G	G	0.0	major triad	(2, 7, 11)	G	G	1	None	False	['G', 'B', 'D', 'G', 'B', 'D', 'G', 'B', 'D', 'G', 'B', 'D', 'G', 'B', 'D', 'G', 'B', 'D', 'G', 'B', 'D', 'G', 'B', 'D']	0.0	0.0	0.0	0.0
0.625	1.0	0.0	['G4', 'B4', 'D5']	['M3', 'P5']	[False, False, False]	0.0	1.0	0.0	I	False	('G', 'B', 'D')	G	G	0.0	major triad	(2, 7, 11)	G	G	1	None	False	['G', 'B', 'D', 'G', 'B', 'D', 'G', 'B', 'D', 'G', 'B', 'D', 'G', 'B', 'D', 'G', 'B', 'D', 'G', 'B', 'D', 'G', 'B', 'D']	0.0	0.0	0.0	0.0
0.75	1.0	0.0	['G4', 'B4', 'D5']	['M3', 'P5']	[False, False, False]	0.0	1.0	0.0	I	False	('G', 'B', 'D')	G	G	0.0	major triad	(2, 7, 11)	G	G	1	None	False	['G', 'B', 'D', 'G', 'B', 'D', 'G', 'B', 'D', 'G', 'B', 'D', 'G', 'B', 'D', 'G', 'B', 'D', 'G', 'B', 'D', 'G', 'B', 'D']	0.0	0.0	0.0	0.0
0.875	1.0	0.0	['G4', 'B4', 'D5']	['M3', 'P5']	[False, False, False]	0.0	1.0	0.0	I	False	('G', 'B', 'D')	G	G	0.0	major triad	(2, 7, 11)	G	G	1	None	False	['G', 'B', 'D', 'G', 'B', 'D', 'G', 'B', 'D', 'G', 'B', 'D', 'G', 'B', 'D', 'G', 'B', 'D', 'G', 'B', 'D', 'G', 'B', 'D']	0.0	0.0	0.0	0.0
1.0	0.25	1.0	['G4']	[]	[True]	1.0	1.0	1.0	I	True	('G', 'B', 'D')	G	G	0.0	major triad	(2, 7, 11)	G	G	1	None	False	['G', 'G', 'D', 'D', 'B', 'B', 'D', 'D']	0.0	0.0	0.0	0.75
1.125	0.25	1.0	['G4']	[]	[False]	1.0	1.0	1.0	I	False	('G', 'B', 'D')	G	G	0.0	major triad	(2, 7, 11)	G	G	1	None	False	['G', 'G', 'D', 'D', 'B', 'B', 'D', 'D']	0.0	0.0	0.0	0.75
1.25	0.25	1.0	['D5']	[]	[True]	1.0	1.0	1.0	I	False	('G', 'B', 'D')	G	G	0.0	major triad	(2, 7, 11)	G	G	1	None	False	['G', 'G', 'D', 'D', 'B', 'B', 'D', 'D']	0.0	0.0	0.0	0.75
1.375	0.25	1.0	['D5']	[]	[False]	1.0	1.0	1.0	I	False	('G', 'B', 'D')	G	G	0.0	major triad	(2, 7, 11)	G	G	1	None	False	['G', 'G', 'D', 'D', 'B', 'B', 'D', 'D']	0.0	0.0	0.0	0.75
1.5	0.25	1.0	['B4']	[]	[True]	1.0	1.0	1.0	I	False	('G', 'B', 'D')	G	G	0.0	major triad	(2, 7, 11)	G	G	1	None	False	['G', 'G', 'D', 'D', 'B', 'B', 'D', 'D']	0.0	0.0	0.0	0.75
1.625	0.25	1.0	['B4']	[]	[False]	1.0	1.0	1.0	I	False	('G', 'B', 'D')	G	G	0.0	major triad	(2, 7, 11)	G	G	1	None	False	['G', 'G', 'D', 'D', 'B', 'B', 'D', 'D']	0.0	0.0	0.0	0.75
1.75	0.25	1.0	['D5']	[]	[True]	1.0	1.0	1.0	I	False	('G', 'B', 'D')	G	G	0.0	major triad	(2, 7, 11)	G	G	1	None	False	['G', 'G', 'D', 'D', 'B', 'B', 'D', 'D']	0.0	0.0	0.0	0.75
1.875	0.25	1.0	['D5']	[]	[False]	1.0	1.0	1.0	I	False	('G', 'B', 'D')	G	G	0.0	major triad	(2, 7, 11)	G	G	1	None	False	['G', 'G', 'D', 'D', 'B', 'B', 'D', 'D']	0.0	0.0	0.0	0.75
2.0	1.0	1.0	['E5', 'G5', 'C6']	['m3', 'm6']	[True, True, True]	1.0	1.0	2.0	IV	True	('E', 'G', 'C')	E	C	1.0	major triad	(0, 4, 7)	G	G	4	None	False	['E', 'G', 'C', 'E', 'G', 'C', 'E', 'G', 'C', 'E', 'G', 'C', 'E', 'G', 'C', 'E', 'G', 'C', 'E', 'G', 'C', 'E', 'G', 'C']	0.0	0.0	0.0	0.0
2.125	1.0	1.0	['E5', 'G5', 'C6']	['m3', 'm6']	[False, False, False]	1.0	1.0	2.0	IV	False	('E', 'G', 'C')	E	C	1.0	major triad	(0, 4, 7)	G	G	4	None	False	['E', 'G', 'C', 'E', 'G', 'C', 'E', 'G', 'C', 'E', 'G', 'C', 'E', 'G', 'C', 'E', 'G', 'C', 'E', 'G', 'C', 'E', 'G', 'C']	0.0	0.0	0.0	0.0
2.25	1.0	1.0	['E5', 'G5', 'C6']	['m3', 'm6']	[False, False, False]	1.0	1.0	2.0	IV	False	('E', 'G', 'C')	E	C	1.0	major triad	(0, 4, 7)	G	G	4	None	False	['E', 'G', 'C', 'E', 'G', 'C', 'E', 'G', 'C', 'E', 'G', 'C', 'E', 'G', 'C', 'E', 'G', 'C', 'E', 'G', 'C', 'E', 'G', 'C']	0.0	0.0	0.0	0.0
2.375	1.0	1.0	['E5', 'G5', 'C6']	['m3', 'm6']	[False, False, False]	1.0	1.0	2.0	IV	False	('E', 'G', 'C')	E	C	1.0	major triad	(0, 4, 7)	G	G	4	None	False	['E', 'G', 'C', 'E', 'G', 'C', 'E', 'G', 'C', 'E', 'G', 'C', 'E', 'G', 'C', 'E', 'G', 'C', 'E', 'G', 'C', 'E', 'G', 'C']	0.0	0.0	0.0	0.0
2.5	1.0	1.0	['E5', 'G5', 'C6']	['m3', 'm6']	[False, False, False]	1.0	1.0	2.0	IV	False	('E', 'G', 'C')	E	C	1.0	major triad	(0, 4, 7)	G	G	4	None	False	['E', 'G', 'C', 'E', 'G', 'C', 'E', 'G', 'C', 'E', 'G', 'C', 'E', 'G', 'C', 'E', 'G', 'C', 'E', 'G', 'C', 'E', 'G', 'C']	0.0	0.0	0.0	0.0
2.625	1.0	1.0	['E5', 'G5', 'C6']	['m3', 'm6']	[False, False, False]	1.0	1.0	2.0	IV	False	('E', 'G', 'C')	E	C	1.0	major triad	(0, 4, 7)	G	G	4	None	False	['E', 'G', 'C', 'E', 'G', 'C', 'E', 'G', 'C', 'E', 'G', 'C', 'E', 'G', 'C', 'E', 'G', 'C', 'E', 'G', 'C', 'E', 'G', 'C']	0.0	0.0	0.0	0.0
2.75	1.0	1.0	['E5', 'G5', 'C6']	['m3', 'm6']	[False, False, False]	1.0	1.0	2.0	IV	False	('E', 'G', 'C')	E	C	1.0	major triad	(0, 4, 7)	G	G	4	None	False	['E', 'G', 'C', 'E', 'G', 'C', 'E', 'G', 'C', 'E', 'G', 'C', 'E', 'G', 'C', 'E', 'G', 'C', 'E', 'G', 'C', 'E', 'G', 'C']	0.0	0.0	0.0	0.0
2.875	1.0	1.0	['E5', 'G5', 'C6']	['m3', 'm6']	[False, False, False]	1.0	1.0	2.0	IV	False	('E', 'G', 'C')	E	C	1.0	major triad	(0, 4, 7)	G	G	4	None	False	['E', 'G', 'C', 'E', 'G', 'C', 'E', 'G', 'C', 'E', 'G', 'C', 'E', 'G', 'C', 'E', 'G', 'C', 'E', 'G', 'C', 'E', 'G', 'C']	0.0	0.0	0.0	0.0
3.0	0.25	1.0	['F#5']	[]	[True]	1.0	1.0	3.0	V	True	('F#', 'A', 'D')	F#	D	1.0	major triad	(2, 6, 9)	G	G	5	None	False	['F#', 'F#', 'D', 'D', 'A', 'A', 'D', 'D']	0.0	0.0	0.0	0.75
3.125	0.25	1.0	['F#5']	[]	[False]	1.0	1.0	3.0	V	False	('F#', 'A', 'D')	F#	D	1.0	major triad	(2, 6, 9)	G	G	5	None	False	['F#', 'F#', 'D', 'D', 'A', 'A', 'D', 'D']	0.0	0.0	0.0	0.75
3.25	0.25	1.0	['D6']	[]	[True]	1.0	1.0	3.0	V	False	('F#', 'A', 'D')	F#	D	1.0	major triad	(2, 6, 9)	G	G	5	None	False	['F#', 'F#', 'D', 'D', 'A', 'A', 'D', 'D']	0.0	0.0	0.0	0.75
3.375	0.25	1.0	['D6']	[]	[False]	1.0	1.0	3.0	V	False	('F#', 'A', 'D')	F#	D	1.0	major triad	(2, 6, 9)	G	G	5	None	False	['F#', 'F#', 'D', 'D', 'A', 'A', 'D', 'D']	0.0	0.0	0.0	0.75
3.5	0.25	1.0	['A5']	[]	[True]	1.0	1.0	3.0	V	False	('F#', 'A', 'D')	F#	D	1.0	major triad	(2, 6, 9)	G	G	5	None	False	['F#', 'F#', 'D', 'D', 'A', 'A', 'D', 'D']	0.0	0.0	0.0	0.75
3.625	0.25	1.0	['A5']	[]	[False]	1.0	1.0	3.0	V	False	('F#', 'A', 'D')	F#	D	1.0	major triad	(2, 6, 9)	G	G	5	None	False	['F#', 'F#', 'D', 'D', 'A', 'A', 'D', 'D']	0.0	0.0	0.0	0.75
3.75	0.25	1.0	['D6']	[]	[True]	1.0	1.0	3.0	V	False	('F#', 'A', 'D')	F#	D	1.0	major triad	(2, 6, 9)	G	G	5	None	False	['F#', 'F#', 'D', 'D', 'A', 'A', 'D', 'D']	0.0	0.0	0.0	0.75
3.875	0.25	1.0	['D6']	[]	[False]	1.0	1.0	3.0	V	False	('F#', 'A', 'D')	F#	D	1.0	major triad	(2, 6, 9)	G	G	5	None	False	['F#', 'F#', 'D', 'D', 'A', 'A', 'D', 'D']	0.0	0.0	0.0	0.75
4.0	0.25	2.0	['G4']	[]	[True]	2.0	1.0	4.0	I	True	('G', 'B', 'D')	G	G	0.0	major triad	(2, 7, 11)	G	G	1	None	False	['G', 'G', 'D', 'D', 'B', 'B', 'D', 'D']	0.0	0.0	0.0	0.75
4.125	0.25	2.0	['G4']	[]	[False]	2.0	1.0	4.0	I	False	('G', 'B', 'D')	G	G	0.0	major triad	(2, 7, 11)	G	G	1	None	False	['G', 'G', 'D', 'D', 'B', 'B', 'D', 'D']	0.0	0.0	0.0	0.75
4.25	0.25	2.0	['D5']	[]	[True]	2.0	1.0	4.0	I	False	('G', 'B', 'D')	G	G	0.0	major triad	(2, 7, 11)	G	G	1	None	False	['G', 'G', 'D', 'D', 'B', 'B', 'D', 'D']	0.0	0.0	0.0	0.75
4.375	0.25	2.0	['D5']	[]	[False]	2.0	1.0	4.0	I	False	('G', 'B', 'D')	G	G	0.0	major triad	(2, 7, 11)	G	G	1	None	False	['G', 'G', 'D', 'D', 'B', 'B', 'D', 'D']	0.0	0.0	0.0	0.75
4.5	0.25	2.0	['B4']	[]	[True]	2.0	1.0	4.0	I	False	('G', 'B', 'D')	G	G	0.0	major triad	(2, 7, 11)	G	G	1	None	False	['G', 'G', 'D', 'D', 'B', 'B', 'D', 'D']	0.0	0.0	0.0	0.75
4.625	0.25	2.0	['B4']	[]	[False]	2.0	1.0	4.0	I	False	('G', 'B', 'D')	G	G	0.0	major triad	(2, 7, 11)	G	G	1	None	False	['G', 'G', 'D', 'D', 'B', 'B', 'D', 'D']	0.0	0.0	0.0	0.75
4.75	0.25	2.0	['D5']	[]	[True]	2.0	1.0	4.0	I	False	('G', 'B', 'D')	G	G	0.0	major triad	(2, 7, 11)	G	G	1	None	False	['G', 'G', 'D', 'D', 'B', 'B', 'D', 'D']	0.0	0.0	0.0	0.75
4.875	0.25	2.0	['D5']	[]	[False]	2.0	1.0	4.0	I	False	('G', 'B', 'D')	G	G	0.0	major triad	(2, 7, 11)	G	G	1	None	False	['G', 'G', 'D', 'D', 'B', 'B', 'D', 'D']	0.0	0.0	0.0	0.75
5.0	0.25	2.0	['D5']	[]	[True]	2.0	1.0	5.0	V	True	('D', 'F#', 'A')	D	D	0.0	major triad	(2, 6, 9)	G	G	5	None	False	['D', 'D', 'A', 'A', 'F#', 'F#', 'A', 'A']	0.0	0.0	0.0	0.75
5.125	0.25	2.0	['D5']	[]	[False]	2.0	1.0	5.0	V	False	('D', 'F#', 'A')	D	D	0.0	major triad	(2, 6, 9)	G	G	5	None	False	['D', 'D', 'A', 'A', 'F#', 'F#', 'A', 'A']	0.0	0.0	0.0	0.75
5.25	0.25	2.0	['A5']	[]	[True]	2.0	1.0	5.0	V	False	('D', 'F#', 'A')	D	D	0.0	major triad	(2, 6, 9)	G	G	5	None	False	['D', 'D', 'A', 'A', 'F#', 'F#', 'A', 'A']	0.0	0.0	0.0	0.75
5.375	0.25	2.0	['A5']	[]	[False]	2.0	1.0	5.0	V	False	('D', 'F#', 'A')	D	D	0.0	major triad	(2, 6, 9)	G	G	5	None	False	['D', 'D', 'A', 'A', 'F#', 'F#', 'A', 'A']	0.0	0.0	0.0	0.75
5.5	0.25	2.0	['F#5']	[]	[True]	2.0	1.0	5.0	V	False	('D', 'F#', 'A')	D	D	0.0	major triad	(2, 6, 9)	G	G	5	None	False	['D', 'D', 'A', 'A', 'F#', 'F#', 'A', 'A']	0.0	0.0	0.0	0.75
5.625	0.25	2.0	['F#5']	[]	[False]	2.0	1.0	5.0	V	False	('D', 'F#', 'A')	D	D	0.0	major triad	(2, 6, 9)	G	G	5	None	False	['D', 'D', 'A', 'A', 'F#', 'F#', 'A', 'A']	0.0	0.0	0.0	0.75
5.75	0.25	2.0	['A5']	[]	[True]	2.0	1.0	5.0	V	False	('D', 'F#', 'A')	D	D	0.0	major triad	(2, 6, 9)	G	G	5	None	False	['D', 'D', 'A', 'A', 'F#', 'F#', 'A', 'A']	0.0	0.0	0.0	0.75
5.875	0.25	2.0	['A5']	[]	[False]	2.0	1.0	5.0	V	False	('D', 'F#', 'A')	D	D	0.0	major triad	(2, 6, 9)	G	G	5	None	False	['D', 'D', 'A', 'A', 'F#', 'F#', 'A', 'A']	0.0	0.0	0.0	0.75
6.0	0.25	2.0	['E5']	[]	[True]	2.0	1.0	6.0	vi	True	('E', 'G', 'B')	E	E	0.0	minor triad	(4, 7, 11)	G	G	6	None	False	['E', 'E', 'B', 'B', 'G', 'G', 'B', 'B']	0.0	0.0	0.0	0.75
6.125	0.25	2.0	['E5']	[]	[False]	2.0	1.0	6.0	vi	False	('E', 'G', 'B')	E	E	0.0	minor triad	(4, 7, 11)	G	G	6	None	False	['E', 'E', 'B', 'B', 'G', 'G', 'B', 'B']	0.0	0.0	0.0	0.75
6.25	0.25	2.0	['B5']	[]	[True]	2.0	1.0	6.0	vi	False	('E', 'G', 'B')	E	E	0.0	minor triad	(4, 7, 11)	G	G	6	None	False	['E', 'E', 'B', 'B', 'G', 'G', 'B', 'B']	0.0	0.0	0.0	0.75
6.375	0.25	2.0	['B5']	[]	[False]	2.0	1.0	6.0	vi	False	('E', 'G', 'B')	E	E	0.0	minor triad	(4, 7, 11)	G	G	6	None	False	['E', 'E', 'B', 'B', 'G', 'G', 'B', 'B']	0.0	0.0	0.0	0.75
6.5	0.25	2.0	['G5']	[]	[True]	2.0	1.0	6.0	vi	False	('E', 'G', 'B')	E	E	0.0	minor triad	(4, 7, 11)	G	G	6	None	False	['E', 'E', 'B', 'B', 'G', 'G', 'B', 'B']	0.0	0.0	0.0	0.75
6.625	0.25	2.0	['G5']	[]	[False]	2.0	1.0	6.0	vi	False	('E', 'G', 'B')	E	E	0.0	minor triad	(4, 7, 11)	G	G	6	None	False	['E', 'E', 'B', 'B', 'G', 'G', 'B', 'B']	0.0	0.0	0.0	0.75
6.75	0.25	2.0	['B5']	[]	[True]	2.0	1.0	6.0	vi	False	('E', 'G', 'B')	E	E	0.0	minor triad	(4, 7, 11)	G	G	6	None	False	['E', 'E', 'B', 'B', 'G', 'G', 'B', 'B']	0.0	0.0	0.0	0.75
6.875	0.25	2.0	['B5']	[]	[False]	2.0	1.0	6.0	vi	False	('E', 'G', 'B')	E	E	0.0	minor triad	(4, 7, 11)	G	G	6	None	False	['E', 'E', 'B', 'B', 'G', 'G', 'B', 'B']	0.0	0.0	0.0	0.75
7.0	1.5	3.0	['C5', 'E5', 'G5']	['M3', 'P5']	[True, True, True]	3.0	1.5	7.0	IV	True	('C', 'E', 'G')	C	C	0.0	major triad	(0, 4, 7)	G	G	4	None	False	['C', 'E', 'G', 'C', 'E', 'G', 'C', 'E', 'G', 'C', 'E', 'G', 'C', 'E', 'G', 'C', 'E', 'G', 'C', 'E', 'G', 'C', 'E', 'G', 'C', 'E', 'G', 'C', 'E', 'G', 'C', 'E', 'G', 'C', 'E', 'G']	0.0	0.0	0.0	0.0
7.125	1.5	3.0	['C5', 'E5', 'G5']	['M3', 'P5']	[False, False, False]	3.0	1.5	7.0	IV	False	('C', 'E', 'G')	C	C	0.0	major triad	(0, 4, 7)	G	G	4	None	False	['C', 'E', 'G', 'C', 'E', 'G', 'C', 'E', 'G', 'C', 'E', 'G', 'C', 'E', 'G', 'C', 'E', 'G', 'C', 'E', 'G', 'C', 'E', 'G', 'C', 'E', 'G', 'C', 'E', 'G', 'C', 'E', 'G', 'C', 'E', 'G']	0.0	0.0	0.0	0.0
7.25	1.5	3.0	['C5', 'E5', 'G5']	['M3', 'P5']	[False, False, False]	3.0	1.5	7.0	IV	False	('C', 'E', 'G')	C	C	0.0	major triad	(0, 4, 7)	G	G	4	None	False	['C', 'E', 'G', 'C', 'E', 'G', 'C', 'E', 'G', 'C', 'E', 'G', 'C', 'E', 'G', 'C', 'E', 'G', 'C', 'E', 'G', 'C', 'E', 'G', 'C', 'E', 'G', 'C', 'E', 'G', 'C', 'E', 'G', 'C', 'E', 'G']	0.0	0.0	0.0	0.0
7.375	1.5	3.0	['C5', 'E5', 'G5']	['M3', 'P5']	[False, False, False]	3.0	1.5	7.0	IV	False	('C', 'E', 'G')	C	C	0.0	major triad	(0, 4, 7)	G	G	4	None	False	['C', 'E', 'G', 'C', 'E', 'G', 'C', 'E', 'G', 'C', 'E', 'G', 'C', 'E', 'G', 'C', 'E', 'G', 'C', 'E', 'G', 'C', 'E', 'G', 'C', 'E', 'G', 'C', 'E', 'G', 'C', 'E', 'G', 'C', 'E', 'G']	0.0	0.0	0.0	0.0
7.5	1.5	3.0	['C5', 'E5', 'G5']	['M3', 'P5']	[False, False, False]	3.0	1.5	7.0	IV	False	('C', 'E', 'G')	C	C	0.0	major triad	(0, 4, 7)	G	G	4	None	False	['C', 'E', 'G', 'C', 'E', 'G', 'C', 'E', 'G', 'C', 'E', 'G', 'C', 'E', 'G', 'C', 'E', 'G', 'C', 'E', 'G', 'C', 'E', 'G', 'C', 'E', 'G', 'C', 'E', 'G', 'C', 'E', 'G', 'C', 'E', 'G']	0.0	0.0	0.0	0.0
7.625	1.5	3.0	['C5', 'E5', 'G5']	['M3', 'P5']	[False, False, False]	3.0	1.5	7.0	IV	False	('C', 'E', 'G')	C	C	0.0	major triad	(0, 4, 7)	G	G	4	None	False	['C', 'E', 'G', 'C', 'E', 'G', 'C', 'E', 'G', 'C', 'E', 'G', 'C', 'E', 'G', 'C', 'E', 'G', 'C', 'E', 'G', 'C', 'E', 'G', 'C', 'E', 'G', 'C', 'E', 'G', 'C', 'E', 'G', 'C', 'E', 'G']	0.0	0.0	0.0	0.0
7.75	1.5	3.0	['C5', 'E5', 'G5']	['M3', 'P5']	[False, False, False]	3.0	1.5	7.0	IV	False	('C', 'E', 'G')	C	C	0.0	major triad	(0, 4, 7)	G	G	4	None	False	['C', 'E', 'G', 'C', 'E', 'G', 'C', 'E', 'G', 'C', 'E', 'G', 'C', 'E', 'G', 'C', 'E', 'G', 'C', 'E', 'G', 'C', 'E', 'G', 'C', 'E', 'G', 'C', 'E', 'G', 'C', 'E', 'G', 'C', 'E', 'G']	0.0	0.0	0.0	0.0
7.875	1.5	3.0	['C5', 'E5', 'G5']	['M3', 'P5']	[False, False, False]	3.0	1.5	7.0	IV	False	('C', 'E', 'G')	C	C	0.0	major triad	(0, 4, 7)	G	G	4	None	False	['C', 'E', 'G', 'C', 'E', 'G', 'C', 'E', 'G', 'C', 'E', 'G', 'C', 'E', 'G', 'C', 'E', 'G', 'C', 'E', 'G', 'C', 'E', 'G', 'C', 'E', 'G', 'C', 'E', 'G', 'C', 'E', 'G', 'C', 'E', 'G']	0.0	0.0	0.0	0.0
8.0	1.5	3.0	['C5', 'E5', 'G5']	['M3', 'P5']	[False, False, False]	3.0	1.5	7.0	IV	False	('C', 'E', 'G')	C	C	0.0	major triad	(0, 4, 7)	G	G	4	None	False	['C', 'E', 'G', 'C', 'E', 'G', 'C', 'E', 'G', 'C', 'E', 'G', 'C', 'E', 'G', 'C', 'E', 'G', 'C', 'E', 'G', 'C', 'E', 'G', 'C', 'E', 'G', 'C', 'E', 'G', 'C', 'E', 'G', 'C', 'E', 'G']	0.0	0.0	0.0	0.0
8.125	1.5	3.0	['C5', 'E5', 'G5']	['M3', 'P5']	[False, False, False]	3.0	1.5	7.0	IV	False	('C', 'E', 'G')	C	C	0.0	major triad	(0, 4, 7)	G	G	4	None	False	['C', 'E', 'G', 'C', 'E', 'G', 'C', 'E', 'G', 'C', 'E', 'G', 'C', 'E', 'G', 'C', 'E', 'G', 'C', 'E', 'G', 'C', 'E', 'G', 'C', 'E', 'G', 'C', 'E', 'G', 'C', 'E', 'G', 'C', 'E', 'G']	0.0	0.0	0.0	0.0
8.25	1.5	3.0	['C5', 'E5', 'G5']	['M3', 'P5']	[False, False, False]	3.0	1.5	7.0	IV	False	('C', 'E', 'G')	C	C	0.0	major triad	(0, 4, 7)	G	G	4	None	False	['C', 'E', 'G', 'C', 'E', 'G', 'C', 'E', 'G', 'C', 'E', 'G', 'C', 'E', 'G', 'C', 'E', 'G', 'C', 'E', 'G', 'C', 'E', 'G', 'C', 'E', 'G', 'C', 'E', 'G', 'C', 'E', 'G', 'C', 'E', 'G']	0.0	0.0	0.0	0.0
8.375	1.5	3.0	['C5', 'E5', 'G5']	['M3', 'P5']	[False, False, False]	3.0	1.5	7.0	IV	False	('C', 'E', 'G')	C	C	0.0	major triad	(0, 4, 7)	G	G	4	None	False	['C', 'E', 'G', 'C', 'E', 'G', 'C', 'E', 'G', 'C', 'E', 'G', 'C', 'E', 'G', 'C', 'E', 'G', 'C', 'E', 'G', 'C', 'E', 'G', 'C', 'E', 'G', 'C', 'E', 'G', 'C', 'E', 'G', 'C', 'E', 'G']	0.0	0.0	0.0	0.0
8.5	0.5	3.0	['A4', 'C5', 'F#5']	['m3', 'M6']	[True, True, True]	3.0	0.5	8.0	viio	True	('A', 'C', 'F#')	A	F#	1.0	diminished triad	(0, 6, 9)	G	G	7	None	False	['A', 'C', 'F#', 'A', 'C', 'F#', 'A', 'C', 'F#', 'A', 'C', 'F#']	0.0	0.0	0.0	0.0
8.625	0.5	3.0	['A4', 'C5', 'F#5']	['m3', 'M6']	[False, False, False]	3.0	0.5	8.0	viio	False	('A', 'C', 'F#')	A	F#	1.0	diminished triad	(0, 6, 9)	G	G	7	None	False	['A', 'C', 'F#', 'A', 'C', 'F#', 'A', 'C', 'F#', 'A', 'C', 'F#']	0.0	0.0	0.0	0.0
8.75	0.5	3.0	['A4', 'C5', 'F#5']	['m3', 'M6']	[False, False, False]	3.0	0.5	8.0	viio	False	('A', 'C', 'F#')	A	F#	1.0	diminished triad	(0, 6, 9)	G	G	7	None	False	['A', 'C', 'F#', 'A', 'C', 'F#', 'A', 'C', 'F#', 'A', 'C', 'F#']	0.0	0.0	0.0	0.0
8.875	0.5	3.0	['A4', 'C5', 'F#5']	['m3', 'M6']	[False, False, False]	3.0	0.5	8.0	viio	False	('A', 'C', 'F#')	A	F#	1.0	diminished triad	(0, 6, 9)	G	G	7	None	False	['A', 'C', 'F#', 'A', 'C', 'F#', 'A', 'C', 'F#', 'A', 'C', 'F#']	0.0	0.0	0.0	0.0
9.0	1.0	3.0	['G4', 'B4', 'D5']	['M3', 'P5']	[True, True, True]	3.0	1.0	9.0	I	True	('G', 'B', 'D')	G	G	0.0	major triad	(2, 7, 11)	G	G	1	None	False	['G', 'B', 'D', 'G', 'B', 'D', 'G', 'B', 'D', 'G', 'B', 'D', 'G', 'B', 'D', 'G', 'B', 'D', 'G', 'B', 'D', 'G', 'B', 'D']	0.0	0.0	0.0	0.0
9.125	1.0	3.0	['G4', 'B4', 'D5']	['M3', 'P5']	[False, False, False]	3.0	1.0	9.0	I	False	('G', 'B', 'D')	G	G	0.0	major triad	(2, 7, 11)	G	G	1	None	False	['G', 'B', 'D', 'G', 'B', 'D', 'G', 'B', 'D', 'G', 'B', 'D', 'G', 'B', 'D', 'G', 'B', 'D', 'G', 'B', 'D', 'G', 'B', 'D']	0.0	0.0	0.0	0.0
9.25	1.0	3.0	['G4', 'B4', 'D5']	['M3', 'P5']	[False, False, False]	3.0	1.0	9.0	I	False	('G', 'B', 'D')	G	G	0.0	major triad	(2, 7, 11)	G	G	1	None	False	['G', 'B', 'D', 'G', 'B', 'D', 'G', 'B', 'D', 'G', 'B', 'D', 'G', 'B', 'D', 'G', 'B', 'D', 'G', 'B', 'D', 'G', 'B', 'D']	0.0	0.0	0.0	0.0
9.375	1.0	3.0	['G4', 'B4', 'D5']	['M3', 'P5']	[False, False, False]	3.0	1.0	9.0	I	False	('G', 'B', 'D')	G	G	0.0	major triad	(2, 7, 11)	G	G	1	None	False	['G', 'B', 'D', 'G', 'B', 'D', 'G', 'B', 'D', 'G', 'B', 'D', 'G', 'B', 'D', 'G', 'B', 'D', 'G', 'B', 'D', 'G', 'B', 'D']	0.0	0.0	0.0	0.0
9.5	1.0	3.0	['G4', 'B4', 'D5']	['M3', 'P5']	[False, False, False]	3.0	1.0	9.0	I	False	('G', 'B', 'D')	G	G	0.0	major triad	(2, 7, 11)	G	G	1	None	False	['G', 'B', 'D', 'G', 'B', 'D', 'G', 'B', 'D', 'G', 'B', 'D', 'G', 'B', 'D', 'G', 'B', 'D', 'G', 'B', 'D', 'G', 'B', 'D']	0.0	0.0	0.0	0.0
9.625	1.0	3.0	['G4', 'B4', 'D5']	['M3', 'P5']	[False, False, False]	3.0	1.0	9.0	I	False	('G', 'B', 'D')	G	G	0.0	major triad	(2, 7, 11)	G	G	1	None	False	['G', 'B', 'D', 'G', 'B', 'D', 'G', 'B', 'D', 'G', 'B', 'D', 'G', 'B', 'D', 'G', 'B', 'D', 'G', 'B', 'D', 'G', 'B', 'D']	0.0	0.0	0.0	0.0
9.75	1.0	3.0	['G4', 'B4', 'D5']	['M3', 'P5']	[False, False, False]	3.0	1.0	9.0	I	False	('G', 'B', 'D')	G	G	0.0	major triad	(2, 7, 11)	G	G	1	None	False	['G', 'B', 'D', 'G', 'B', 'D', 'G', 'B', 'D', 'G', 'B', 'D', 'G', 'B', 'D', 'G', 'B', 'D', 'G', 'B', 'D', 'G', 'B', 'D']	0.0	0.0	0.0	0.0
9.875	1.0	3.0	['G4', 'B4', 'D5']	['M3', 'P5']	[False, False, False]	3.0	1.0	9.0	I	False	('G', 'B', 'D')	G	G	0.0	major triad	(2, 7, 11)	G	G	1	None	False	['G', 'B', 'D', 'G', 'B', 'D', 'G', 'B', 'D', 'G', 'B', 'D', 'G', 'B', 'D', 'G', 'B', 'D', 'G', 'B', 'D', 'G', 'B', 'D']	0.0	0.0	0.0	0.0
10.0	0.5	4.0	['D5']	[]	[True]	4.0	2.0	10.0	V	True	('D', 'F#', 'A')	D	D	0.0	major triad	(2, 6, 9)	G	G	5	None	False	['D', 'D', 'D', 'D', 'A', 'A', 'A', 'A', 'F#', 'F#', 'F#', 'F#', 'A', 'A', 'A', 'A']	0.0	0.0	0.0	0.75
10.125	0.5	4.0	['D5']	[]	[False]	4.0	2.0	10.0	V	False	('D', 'F#', 'A')	D	D	0.0	major triad	(2, 6, 9)	G	G	5	None	False	['D', 'D', 'D', 'D', 'A', 'A', 'A', 'A', 'F#', 'F#', 'F#', 'F#', 'A', 'A', 'A', 'A']	0.0	0.0	0.0	0.75
10.25	0.5	4.0	['D5']	[]	[False]	4.0	2.0	10.0	V	False	('D', 'F#', 'A')	D	D	0.0	major triad	(2, 6, 9)	G	G	5	None	False	['D', 'D', 'D', 'D', 'A', 'A', 'A', 'A', 'F#', 'F#', 'F#', 'F#', 'A', 'A', 'A', 'A']	0.0	0.0	0.0	0.75
10.375	0.5	4.0	['D5']	[]	[False]	4.0	2.0	10.0	V	False	('D', 'F#', 'A')	D	D	0.0	major triad	(2, 6, 9)	G	G	5	None	False	['D', 'D', 'D', 'D', 'A', 'A', 'A', 'A', 'F#', 'F#', 'F#', 'F#', 'A', 'A', 'A', 'A']	0.0	0.0	0.0	0.75
10.5	0.5	4.0	['A5']	[]	[True]	4.0	2.0	10.0	V	False	('D', 'F#', 'A')	D	D	0.0	major triad	(2, 6, 9)	G	G	5	None	False	['D', 'D', 'D', 'D', 'A', 'A', 'A', 'A', 'F#', 'F#', 'F#', 'F#', 'A', 'A', 'A', 'A']	0.0	0.0	0.0	0.75
10.625	0.5	4.0	['A5']	[]	[False]	4.0	2.0	10.0	V	False	('D', 'F#', 'A')	D	D	0.0	major triad	(2, 6, 9)	G	G	5	None	False	['D', 'D', 'D', 'D', 'A', 'A', 'A', 'A', 'F#', 'F#', 'F#', 'F#', 'A', 'A', 'A', 'A']	0.0	0.0	0.0	0.75
10.75	0.5	4.0	['A5']	[]	[False]	4.0	2.0	10.0	V	False	('D', 'F#', 'A')	D	D	0.0	major triad	(2, 6, 9)	G	G	5	None	False	['D', 'D', 'D', 'D', 'A', 'A', 'A', 'A', 'F#', 'F#', 'F#', 'F#', 'A', 'A', 'A', 'A']	0.0	0.0	0.0	0.75
10.875	0.5	4.0	['A5']	[]	[False]	4.0	2.0	10.0	V	False	('D', 'F#', 'A')	D	D	0.0	major triad	(2, 6, 9)	G	G	5	None	False	['D', 'D', 'D', 'D', 'A', 'A', 'A', 'A', 'F#', 'F#', 'F#', 'F#', 'A', 'A', 'A', 'A']	0.0	0.0	0.0	0.75
11.0	0.5	4.0	['F#5']	[]	[True]	4.0	2.0	10.0	V	False	('D', 'F#', 'A')	D	D	0.0	major triad	(2, 6, 9)	G	G	5	None	False	['D', 'D', 'D', 'D', 'A', 'A', 'A', 'A', 'F#', 'F#', 'F#', 'F#', 'A', 'A', 'A', 'A']	0.0	0.0	0.0	0.75
11.125	0.5	4.0	['F#5']	[]	[False]	4.0	2.0	10.0	V	False	('D', 'F#', 'A')	D	D	0.0	major triad	(2, 6, 9)	G	G	5	None	False	['D', 'D', 'D', 'D', 'A', 'A', 'A', 'A', 'F#', 'F#', 'F#', 'F#', 'A', 'A', 'A', 'A']	0.0	0.0	0.0	0.75
11.25	0.5	4.0	['F#5']	[]	[False]	4.0	2.0	10.0	V	False	('D', 'F#', 'A')	D	D	0.0	major triad	(2, 6, 9)	G	G	5	None	False	['D', 'D', 'D', 'D', 'A', 'A', 'A', 'A', 'F#', 'F#', 'F#', 'F#', 'A', 'A', 'A', 'A']	0.0	0.0	0.0	0.75
11.375	0.5	4.0	['F#5']	[]	[False]	4.0	2.0	10.0	V	False	('D', 'F#', 'A')	D	D	0.0	major triad	(2, 6, 9)	G	G	5	None	False	['D', 'D', 'D', 'D', 'A', 'A', 'A', 'A', 'F#', 'F#', 'F#', 'F#', 'A', 'A', 'A', 'A']	0.0	0.0	0.0	0.75
11.5	0.5	4.0	['A5']	[]	[True]	4.0	2.0	10.0	V	False	('D', 'F#', 'A')	D	D	0.0	major triad	(2, 6, 9)	G	G	5	None	False	['D', 'D', 'D', 'D', 'A', 'A', 'A', 'A', 'F#', 'F#', 'F#', 'F#', 'A', 'A', 'A', 'A']	0.0	0.0	0.0	0.75
11.625	0.5	4.0	['A5']	[]	[False]	4.0	2.0	10.0	V	False	('D', 'F#', 'A')	D	D	0.0	major triad	(2, 6, 9)	G	G	5	None	False	['D', 'D', 'D', 'D', 'A', 'A', 'A', 'A', 'F#', 'F#', 'F#', 'F#', 'A', 'A', 'A', 'A']	0.0	0.0	0.0	0.75
11.75	0.5	4.0	['A5']	[]	[False]	4.0	2.0	10.0	V	False	('D', 'F#', 'A')	D	D	0.0	major triad	(2, 6, 9)	G	G	5	None	False	['D', 'D', 'D', 'D', 'A', 'A', 'A', 'A', 'F#', 'F#', 'F#', 'F#', 'A', 'A', 'A', 'A']	0.0	0.0	0.0	0.75
11.875	0.5	4.0	['A5']	[]	[False]	4.0	2.0	10.0	V	False	('D', 'F#', 'A')	D	D	0.0	major triad	(2, 6, 9)	G	G	5	None	False	['D', 'D', 'D', 'D', 'A', 'A', 'A', 'A', 'F#', 'F#', 'F#', 'F#', 'A', 'A', 'A', 'A']	0.0	0.0	0.0	0.75
12.0	0.5	4.0	['G4']	[]	[True]	4.0	1.0	11.0	I	True	('G', 'B', 'D')	G	G	0.0	major triad	(2, 7, 11)	G	G	1	None	False	['G', 'G', 'G', 'G', 'B', 'D', 'B', 'D', 'B', 'D', 'B', 'D']	0.0	0.0	0.0	0.5
12.125	0.5	4.0	['G4']	[]	[False]	4.0	1.0	11.0	I	False	('G', 'B', 'D')	G	G	0.0	major triad	(2, 7, 11)	G	G	1	None	False	['G', 'G', 'G', 'G', 'B', 'D', 'B', 'D', 'B', 'D', 'B', 'D']	0.0	0.0	0.0	0.5
12.25	0.5	4.0	['G4']	[]	[False]	4.0	1.0	11.0	I	False	('G', 'B', 'D')	G	G	0.0	major triad	(2, 7, 11)	G	G	1	None	False	['G', 'G', 'G', 'G', 'B', 'D', 'B', 'D', 'B', 'D', 'B', 'D']	0.0	0.0	0.0	0.5
12.375	0.5	4.0	['G4']	[]	[False]	4.0	1.0	11.0	I	False	('G', 'B', 'D')	G	G	0.0	major triad	(2, 7, 11)	G	G	1	None	False	['G', 'G', 'G', 'G', 'B', 'D', 'B', 'D', 'B', 'D', 'B', 'D']	0.0	0.0	0.0	0.5
12.5	0.5	4.0	['B4', 'D5']	['m3']	[True, True]	4.0	1.0	11.0	I	False	('G', 'B', 'D')	G	G	0.0	major triad	(2, 7, 11)	G	G	1	None	False	['G', 'G', 'G', 'G', 'B', 'D', 'B', 'D', 'B', 'D', 'B', 'D']	0.0	0.0	0.0	0.5
12.625	0.5	4.0	['B4', 'D5']	['m3']	[False, False]	4.0	1.0	11.0	I	False	('G', 'B', 'D')	G	G	0.0	major triad	(2, 7, 11)	G	G	1	None	False	['G', 'G', 'G', 'G', 'B', 'D', 'B', 'D', 'B', 'D', 'B', 'D']	0.0	0.0	0.0	0.5
12.75	0.5	4.0	['B4', 'D5']	['m3']	[False, False]	4.0	1.0	11.0	I	False	('G', 'B', 'D')	G	G	0.0	major triad	(2, 7, 11)	G	G	1	None	False	['G', 'G', 'G', 'G', 'B', 'D', 'B', 'D', 'B', 'D', 'B', 'D']	0.0	0.0	0.0	0.5
12.875	0.5	4.0	['B4', 'D5']	['m3']	[False, False]	4.0	1.0	11.0	I	False	('G', 'B', 'D')	G	G	0.0	major triad	(2, 7, 11)	G	G	1	None	False	['G', 'G', 'G', 'G', 'B', 'D', 'B', 'D', 'B', 'D', 'B', 'D']	0.0	0.0	0.0	0.5
13.0	0.25	5.0	['F#5']	[]	[True]	5.0	1.0	12.0	V	True	('F#', 'A', 'D')	F#	D	1.0	major triad	(2, 6, 9)	G	G	5	None	False	['F#', 'F#', 'D', 'D', 'A', 'A', 'D', 'D']	0.0	0.0	0.0	0.75
13.125	0.25	5.0	['F#5']	[]	[False]	5.0	1.0	12.0	V	False	('F#', 'A', 'D')	F#	D	1.0	major triad	(2, 6, 9)	G	G	5	None	False	['F#', 'F#', 'D', 'D', 'A', 'A', 'D', 'D']	0.0	0.0	0.0	0.75
13.25	0.25	5.0	['D6']	[]	[True]	5.0	1.0	12.0	V	False	('F#', 'A', 'D')	F#	D	1.0	major triad	(2, 6, 9)	G	G	5	None	False	['F#', 'F#', 'D', 'D', 'A', 'A', 'D', 'D']	0.0	0.0	0.0	0.75
13.375	0.25	5.0	['D6']	[]	[False]	5.0	1.0	12.0	V	False	('F#', 'A', 'D')	F#	D	1.0	major triad	(2, 6, 9)	G	G	5	None	False	['F#', 'F#', 'D', 'D', 'A', 'A', 'D', 'D']	0.0	0.0	0.0	0.75
13.5	0.25	5.0	['A5']	[]	[True]	5.0	1.0	12.0	V	False	('F#', 'A', 'D')	F#	D	1.0	major triad	(2, 6, 9)	G	G	5	None	False	['F#', 'F#', 'D', 'D', 'A', 'A', 'D', 'D']	0.0	0.0	0.0	0.75
13.625	0.25	5.0	['A5']	[]	[False]	5.0	1.0	12.0	V	False	('F#', 'A', 'D')	F#	D	1.0	major triad	(2, 6, 9)	G	G	5	None	False	['F#', 'F#', 'D', 'D', 'A', 'A', 'D', 'D']	0.0	0.0	0.0	0.75
13.75	0.25	5.0	['D6']	[]	[True]	5.0	1.0	12.0	V	False	('F#', 'A', 'D')	F#	D	1.0	major triad	(2, 6, 9)	G	G	5	None	False	['F#', 'F#', 'D', 'D', 'A', 'A', 'D', 'D']	0.0	0.0	0.0	0.75
13.875	0.25	5.0	['D6']	[]	[False]	5.0	1.0	12.0	V	False	('F#', 'A', 'D')	F#	D	1.0	major triad	(2, 6, 9)	G	G	5	None	False	['F#', 'F#', 'D', 'D', 'A', 'A', 'D', 'D']	0.0	0.0	0.0	0.75
14.0	0.25	5.0	['G4']	[]	[True]	5.0	1.0	13.0	vi7	True	('G', 'B', 'D', 'E')	G	E	1.0	minor seventh chord	(2, 4, 7, 11)	G	G	6	None	False	['G', 'G', 'E', 'E', 'B', 'B', 'D', 'D']	0.0	0.0	0.0	0.75
14.125	0.25	5.0	['G4']	[]	[False]	5.0	1.0	13.0	vi7	False	('G', 'B', 'D', 'E')	G	E	1.0	minor seventh chord	(2, 4, 7, 11)	G	G	6	None	False	['G', 'G', 'E', 'E', 'B', 'B', 'D', 'D']	0.0	0.0	0.0	0.75
14.25	0.25	5.0	['E5']	[]	[True]	5.0	1.0	13.0	vi7	False	('G', 'B', 'D', 'E')	G	E	1.0	minor seventh chord	(2, 4, 7, 11)	G	G	6	None	False	['G', 'G', 'E', 'E', 'B', 'B', 'D', 'D']	0.0	0.0	0.0	0.75
14.375	0.25	5.0	['E5']	[]	[False]	5.0	1.0	13.0	vi7	False	('G', 'B', 'D', 'E')	G	E	1.0	minor seventh chord	(2, 4, 7, 11)	G	G	6	None	False	['G', 'G', 'E', 'E', 'B', 'B', 'D', 'D']	0.0	0.0	0.0	0.75
14.5	0.25	5.0	['B4']	[]	[True]	5.0	1.0	13.0	vi7	False	('G', 'B', 'D', 'E')	G	E	1.0	minor seventh chord	(2, 4, 7, 11)	G	G	6	None	False	['G', 'G', 'E', 'E', 'B', 'B', 'D', 'D']	0.0	0.0	0.0	0.75
14.625	0.25	5.0	['B4']	[]	[False]	5.0	1.0	13.0	vi7	False	('G', 'B', 'D', 'E')	G	E	1.0	minor seventh chord	(2, 4, 7, 11)	G	G	6	None	False	['G', 'G', 'E', 'E', 'B', 'B', 'D', 'D']	0.0	0.0	0.0	0.75
14.75	0.25	5.0	['D5']	[]	[True]	5.0	1.0	13.0	vi7	False	('G', 'B', 'D', 'E')	G	E	1.0	minor seventh chord	(2, 4, 7, 11)	G	G	6	None	False	['G', 'G', 'E', 'E', 'B', 'B', 'D', 'D']	0.0	0.0	0.0	0.75
14.875	0.25	5.0	['D5']	[]	[False]	5.0	1.0	13.0	vi7	False	('G', 'B', 'D', 'E')	G	E	1.0	minor seventh chord	(2, 4, 7, 11)	G	G	6	None	False	['G', 'G', 'E', 'E', 'B', 'B', 'D', 'D']	0.0	0.0	0.0	0.75
15.0	0.25	5.0	['A4']	[]	[True]	5.0	1.0	14.0	viio	True	('A', 'C', 'F#')	A	F#	1.0	diminished triad	(0, 6, 9)	G	G	7	None	False	['A', 'A', 'F#', 'F#', 'C', 'C', 'F#', 'F#']	0.0	0.0	0.0	0.75
15.125	0.25	5.0	['A4']	[]	[False]	5.0	1.0	14.0	viio	False	('A', 'C', 'F#')	A	F#	1.0	diminished triad	(0, 6, 9)	G	G	7	None	False	['A', 'A', 'F#', 'F#', 'C', 'C', 'F#', 'F#']	0.0	0.0	0.0	0.75
15.25	0.25	5.0	['F#5']	[]	[True]	5.0	1.0	14.0	viio	False	('A', 'C', 'F#')	A	F#	1.0	diminished triad	(0, 6, 9)	G	G	7	None	False	['A', 'A', 'F#', 'F#', 'C', 'C', 'F#', 'F#']	0.0	0.0	0.0	0.75
15.375	0.25	5.0	['F#5']	[]	[False]	5.0	1.0	14.0	viio	False	('A', 'C', 'F#')	A	F#	1.0	diminished triad	(0, 6, 9)	G	G	7	None	False	['A', 'A', 'F#', 'F#', 'C', 'C', 'F#', 'F#']	0.0	0.0	0.0	0.75
15.5	0.25	5.0	['C5']	[]	[True]	5.0	1.0	14.0	viio	False	('A', 'C', 'F#')	A	F#	1.0	diminished triad	(0, 6, 9)	G	G	7	None	False	['A', 'A', 'F#', 'F#', 'C', 'C', 'F#', 'F#']	0.0	0.0	0.0	0.75
15.625	0.25	5.0	['C5']	[]	[False]	5.0	1.0	14.0	viio	False	('A', 'C', 'F#')	A	F#	1.0	diminished triad	(0, 6, 9)	G	G	7	None	False	['A', 'A', 'F#', 'F#', 'C', 'C', 'F#', 'F#']	0.0	0.0	0.0	0.75
15.75	0.25	5.0	['F#5']	[]	[True]	5.0	1.0	14.0	viio	False	('A', 'C', 'F#')	A	F#	1.0	diminished triad	(0, 6, 9)	G	G	7	None	False	['A', 'A', 'F#', 'F#', 'C', 'C', 'F#', 'F#']	0.0	0.0	0.0	0.75
15.875	0.25	5.0	['F#5']	[]	[False]	5.0	1.0	14.0	viio	False	('A', 'C', 'F#')	A	F#	1.0	diminished triad	(0, 6, 9)	G	G	7	None	False	['A', 'A', 'F#', 'F#', 'C', 'C', 'F#', 'F#']	0.0	0.0	0.0	0.75
16.0	1.0	6.0	['B4', 'D5', 'G5']	['m3', 'm6']	[True, True, True]	6.0	1.0	15.0	I	True	('B', 'D', 'G')	B	G	1.0	major triad	(2, 7, 11)	G	G	1	None	False	['B', 'D', 'G', 'B', 'D', 'G', 'B', 'D', 'G', 'B', 'D', 'G', 'B', 'D', 'G', 'B', 'D', 'G', 'B', 'D', 'G', 'B', 'D', 'G']	0.0	0.0	0.0	0.0
16.125	1.0	6.0	['B4', 'D5', 'G5']	['m3', 'm6']	[False, False, False]	6.0	1.0	15.0	I	False	('B', 'D', 'G')	B	G	1.0	major triad	(2, 7, 11)	G	G	1	None	False	['B', 'D', 'G', 'B', 'D', 'G', 'B', 'D', 'G', 'B', 'D', 'G', 'B', 'D', 'G', 'B', 'D', 'G', 'B', 'D', 'G', 'B', 'D', 'G']	0.0	0.0	0.0	0.0
16.25	1.0	6.0	['B4', 'D5', 'G5']	['m3', 'm6']	[False, False, False]	6.0	1.0	15.0	I	False	('B', 'D', 'G')	B	G	1.0	major triad	(2, 7, 11)	G	G	1	None	False	['B', 'D', 'G', 'B', 'D', 'G', 'B', 'D', 'G', 'B', 'D', 'G', 'B', 'D', 'G', 'B', 'D', 'G', 'B', 'D', 'G', 'B', 'D', 'G']	0.0	0.0	0.0	0.0
16.375	1.0	6.0	['B4', 'D5', 'G5']	['m3', 'm6']	[False, False, False]	6.0	1.0	15.0	I	False	('B', 'D', 'G')	B	G	1.0	major triad	(2, 7, 11)	G	G	1	None	False	['B', 'D', 'G', 'B', 'D', 'G', 'B', 'D', 'G', 'B', 'D', 'G', 'B', 'D', 'G', 'B', 'D', 'G', 'B', 'D', 'G', 'B', 'D', 'G']	0.0	0.0	0.0	0.0
16.5	1.0	6.0	['B4', 'D5', 'G5']	['m3', 'm6']	[False, False, False]	6.0	1.0	15.0	I	False	('B', 'D', 'G')	B	G	1.0	major triad	(2, 7, 11)	G	G	1	None	False	['B', 'D', 'G', 'B', 'D', 'G', 'B', 'D', 'G', 'B', 'D', 'G', 'B', 'D', 'G', 'B', 'D', 'G', 'B', 'D', 'G', 'B', 'D', 'G']	0.0	0.0	0.0	0.0
16.625	1.0	6.0	['B4', 'D5', 'G5']	['m3', 'm6']	[False, False, False]	6.0	1.0	15.0	I	False	('B', 'D', 'G')	B	G	1.0	major triad	(2, 7, 11)	G	G	1	None	False	['B', 'D', 'G', 'B', 'D', 'G', 'B', 'D', 'G', 'B', 'D', 'G', 'B', 'D', 'G', 'B', 'D', 'G', 'B', 'D', 'G', 'B', 'D', 'G']	0.0	0.0	0.0	0.0
16.75	1.0	6.0	['B4', 'D5', 'G5']	['m3', 'm6']	[False, False, False]	6.0	1.0	15.0	I	False	('B', 'D', 'G')	B	G	1.0	major triad	(2, 7, 11)	G	G	1	None	False	['B', 'D', 'G', 'B', 'D', 'G', 'B', 'D', 'G', 'B', 'D', 'G', 'B', 'D', 'G', 'B', 'D', 'G', 'B', 'D', 'G', 'B', 'D', 'G']	0.0	0.0	0.0	0.0
16.875	1.0	6.0	['B4', 'D5', 'G5']	['m3', 'm6']	[False, False, False]	6.0	1.0	15.0	I	False	('B', 'D', 'G')	B	G	1.0	major triad	(2, 7, 11)	G	G	1	None	False	['B', 'D', 'G', 'B', 'D', 'G', 'B', 'D', 'G', 'B', 'D', 'G', 'B', 'D', 'G', 'B', 'D', 'G', 'B', 'D', 'G', 'B', 'D', 'G']	0.0	0.0	0.0	0.0
17.0	0.25	6.0	['C5']	[]	[True]	6.0	1.0	16.0	ii7	True	('C', 'E', 'G', 'A')	C	A	1.0	minor seventh chord	(0, 4, 7, 9)	G	G	2	None	False	['C', 'C', 'A', 'A', 'E', 'E', 'G', 'G']	0.0	0.0	0.0	0.75
17.125	0.25	6.0	['C5']	[]	[False]	6.0	1.0	16.0	ii7	False	('C', 'E', 'G', 'A')	C	A	1.0	minor seventh chord	(0, 4, 7, 9)	G	G	2	None	False	['C', 'C', 'A', 'A', 'E', 'E', 'G', 'G']	0.0	0.0	0.0	0.75
17.25	0.25	6.0	['A5']	[]	[True]	6.0	1.0	16.0	ii7	False	('C', 'E', 'G', 'A')	C	A	1.0	minor seventh chord	(0, 4, 7, 9)	G	G	2	None	False	['C', 'C', 'A', 'A', 'E', 'E', 'G', 'G']	0.0	0.0	0.0	0.75
17.375	0.25	6.0	['A5']	[]	[False]	6.0	1.0	16.0	ii7	False	('C', 'E', 'G', 'A')	C	A	1.0	minor seventh chord	(0, 4, 7, 9)	G	G	2	None	False	['C', 'C', 'A', 'A', 'E', 'E', 'G', 'G']	0.0	0.0	0.0	0.75
17.5	0.25	6.0	['E5']	[]	[True]	6.0	1.0	16.0	ii7	False	('C', 'E', 'G', 'A')	C	A	1.0	minor seventh chord	(0, 4, 7, 9)	G	G	2	None	False	['C', 'C', 'A', 'A', 'E', 'E', 'G', 'G']	0.0	0.0	0.0	0.75
17.625	0.25	6.0	['E5']	[]	[False]	6.0	1.0	16.0	ii7	False	('C', 'E', 'G', 'A')	C	A	1.0	minor seventh chord	(0, 4, 7, 9)	G	G	2	None	False	['C', 'C', 'A', 'A', 'E', 'E', 'G', 'G']	0.0	0.0	0.0	0.75
17.75	0.25	6.0	['G5']	[]	[True]	6.0	1.0	16.0	ii7	False	('C', 'E', 'G', 'A')	C	A	1.0	minor seventh chord	(0, 4, 7, 9)	G	G	2	None	False	['C', 'C', 'A', 'A', 'E', 'E', 'G', 'G']	0.0	0.0	0.0	0.75
17.875	0.25	6.0	['G5']	[]	[False]	6.0	1.0	16.0	ii7	False	('C', 'E', 'G', 'A')	C	A	1.0	minor seventh chord	(0, 4, 7, 9)	G	G	2	None	False	['C', 'C', 'A', 'A', 'E', 'E', 'G', 'G']	0.0	0.0	0.0	0.75
18.0	0.5	6.0	['D5', 'F#5', 'A5']	['M3', 'P5']	[True, True, True]	6.0	0.5	17.0	V	True	('D', 'F#', 'A')	D	D	0.0	major triad	(2, 6, 9)	G	G	5	None	False	['D', 'F#', 'A', 'D', 'F#', 'A', 'D', 'F#', 'A', 'D', 'F#', 'A']	0.0	0.0	0.0	0.0
18.125	0.5	6.0	['D5', 'F#5', 'A5']	['M3', 'P5']	[False, False, False]	6.0	0.5	17.0	V	False	('D', 'F#', 'A')	D	D	0.0	major triad	(2, 6, 9)	G	G	5	None	False	['D', 'F#', 'A', 'D', 'F#', 'A', 'D', 'F#', 'A', 'D', 'F#', 'A']	0.0	0.0	0.0	0.0
18.25	0.5	6.0	['D5', 'F#5', 'A5']	['M3', 'P5']	[False, False, False]	6.0	0.5	17.0	V	False	('D', 'F#', 'A')	D	D	0.0	major triad	(2, 6, 9)	G	G	5	None	False	['D', 'F#', 'A', 'D', 'F#', 'A', 'D', 'F#', 'A', 'D', 'F#', 'A']	0.0	0.0	0.0	0.0
18.375	0.5	6.0	['D5', 'F#5', 'A5']	['M3', 'P5']	[False, False, False]	6.0	0.5	17.0	V	False	('D', 'F#', 'A')	D	D	0.0	major triad	(2, 6, 9)	G	G	5	None	False	['D', 'F#', 'A', 'D', 'F#', 'A', 'D', 'F#', 'A', 'D', 'F#', 'A']	0.0	0.0	0.0	0.0
18.5	0.5	6.0	['D5', 'F#5', 'A5', 'C6']	['M3', 'P5', 'm7']	[True, True, True, True]	6.0	0.5	18.0	V7	True	('D', 'F#', 'A', 'C')	D	D	0.0	dominant seventh chord	(0, 2, 6, 9)	G	G	5	None	False	['D', 'F#', 'A', 'C', 'D', 'F#', 'A', 'C', 'D', 'F#', 'A', 'C', 'D', 'F#', 'A', 'C']	0.0	0.0	0.0	0.0
18.625	0.5	6.0	['D5', 'F#5', 'A5', 'C6']	['M3', 'P5', 'm7']	[False, False, False, False]	6.0	0.5	18.0	V7	False	('D', 'F#', 'A', 'C')	D	D	0.0	dominant seventh chord	(0, 2, 6, 9)	G	G	5	None	False	['D', 'F#', 'A', 'C', 'D', 'F#', 'A', 'C', 'D', 'F#', 'A', 'C', 'D', 'F#', 'A', 'C']	0.0	0.0	0.0	0.0
18.75	0.5	6.0	['D5', 'F#5', 'A5', 'C6']	['M3', 'P5', 'm7']	[False, False, False, False]	6.0	0.5	18.0	V7	False	('D', 'F#', 'A', 'C')	D	D	0.0	dominant seventh chord	(0, 2, 6, 9)	G	G	5	None	False	['D', 'F#', 'A', 'C', 'D', 'F#', 'A', 'C', 'D', 'F#', 'A', 'C', 'D', 'F#', 'A', 'C']	0.0	0.0	0.0	0.0
18.875	0.5	6.0	['D5', 'F#5', 'A5', 'C6']	['M3', 'P5', 'm7']	[False, False, False, False]	6.0	0.5	18.0	V7	False	('D', 'F#', 'A', 'C')	D	D	0.0	dominant seventh chord	(0, 2, 6, 9)	G	G	5	None	False	['D', 'F#', 'A', 'C', 'D', 'F#', 'A', 'C', 'D', 'F#', 'A', 'C', 'D', 'F#', 'A', 'C']	0.0	0.0	0.0	0.0
19.0	0.5	7.0	['G4']	[]	[True]	7.0	2.0	19.0	I	True	('G', 'B', 'D')	G	G	0.0	major triad	(2, 7, 11)	G	G	1	None	False	['G', 'G', 'G', 'G', 'D', 'D', 'D', 'D', 'B', 'B', 'B', 'B', 'D', 'D', 'D', 'D']	0.0	0.0	0.0	0.75
19.125	0.5	7.0	['G4']	[]	[False]	7.0	2.0	19.0	I	False	('G', 'B', 'D')	G	G	0.0	major triad	(2, 7, 11)	G	G	1	None	False	['G', 'G', 'G', 'G', 'D', 'D', 'D', 'D', 'B', 'B', 'B', 'B', 'D', 'D', 'D', 'D']	0.0	0.0	0.0	0.75
19.25	0.5	7.0	['G4']	[]	[False]	7.0	2.0	19.0	I	False	('G', 'B', 'D')	G	G	0.0	major triad	(2, 7, 11)	G	G	1	None	False	['G', 'G', 'G', 'G', 'D', 'D', 'D', 'D', 'B', 'B', 'B', 'B', 'D', 'D', 'D', 'D']	0.0	0.0	0.0	0.75
19.375	0.5	7.0	['G4']	[]	[False]	7.0	2.0	19.0	I	False	('G', 'B', 'D')	G	G	0.0	major triad	(2, 7, 11)	G	G	1	None	False	['G', 'G', 'G', 'G', 'D', 'D', 'D', 'D', 'B', 'B', 'B', 'B', 'D', 'D', 'D', 'D']	0.0	0.0	0.0	0.75
19.5	0.5	7.0	['D5']	[]	[True]	7.0	2.0	19.0	I	False	('G', 'B', 'D')	G	G	0.0	major triad	(2, 7, 11)	G	G	1	None	False	['G', 'G', 'G', 'G', 'D', 'D', 'D', 'D', 'B', 'B', 'B', 'B', 'D', 'D', 'D', 'D']	0.0	0.0	0.0	0.75
19.625	0.5	7.0	['D5']	[]	[False]	7.0	2.0	19.0	I	False	('G', 'B', 'D')	G	G	0.0	major triad	(2, 7, 11)	G	G	1	None	False	['G', 'G', 'G', 'G', 'D', 'D', 'D', 'D', 'B', 'B', 'B', 'B', 'D', 'D', 'D', 'D']	0.0	0.0	0.0	0.75
19.75	0.5	7.0	['D5']	[]	[False]	7.0	2.0	19.0	I	False	('G', 'B', 'D')	G	G	0.0	major triad	(2, 7, 11)	G	G	1	None	False	['G', 'G', 'G', 'G', 'D', 'D', 'D', 'D', 'B', 'B', 'B', 'B', 'D', 'D', 'D', 'D']	0.0	0.0	0.0	0.75
19.875	0.5	7.0	['D5']	[]	[False]	7.0	2.0	19.0	I	False	('G', 'B', 'D')	G	G	0.0	major triad	(2, 7, 11)	G	G	1	None	False	['G', 'G', 'G', 'G', 'D', 'D', 'D', 'D', 'B', 'B', 'B', 'B', 'D', 'D', 'D', 'D']	0.0	0.0	0.0	0.75
20.0	0.5	7.0	['B4']	[]	[True]	7.0	2.0	19.0	I	False	('G', 'B', 'D')	G	G	0.0	major triad	(2, 7, 11)	G	G	1	None	False	['G', 'G', 'G', 'G', 'D', 'D', 'D', 'D', 'B', 'B', 'B', 'B', 'D', 'D', 'D', 'D']	0.0	0.0	0.0	0.75
20.125	0.5	7.0	['B4']	[]	[False]	7.0	2.0	19.0	I	False	('G', 'B', 'D')	G	G	0.0	major triad	(2, 7, 11)	G	G	1	None	False	['G', 'G', 'G', 'G', 'D', 'D', 'D', 'D', 'B', 'B', 'B', 'B', 'D', 'D', 'D', 'D']	0.0	0.0	0.0	0.75
20.25	0.5	7.0	['B4']	[]	[False]	7.0	2.0	19.0	I	False	('G', 'B', 'D')	G	G	0.0	major triad	(2, 7, 11)	G	G	1	None	False	['G', 'G', 'G', 'G', 'D', 'D', 'D', 'D', 'B', 'B', 'B', 'B', 'D', 'D', 'D', 'D']	0.0	0.0	0.0	0.75
20.375	0.5	7.0	['B4']	[]	[False]	7.0	2.0	19.0	I	False	('G', 'B', 'D')	G	G	0.0	major triad	(2, 7, 11)	G	G	1	None	False	['G', 'G', 'G', 'G', 'D', 'D', 'D', 'D', 'B', 'B', 'B', 'B', 'D', 'D', 'D', 'D']	0.0	0.0	0.0	0.75
20.5	0.5	7.0	['D5']	[]	[True]	7.0	2.0	19.0	I	False	('G', 'B', 'D')	G	G	0.0	major triad	(2, 7, 11)	G	G	1	None	False	['G', 'G', 'G', 'G', 'D', 'D', 'D', 'D', 'B', 'B', 'B', 'B', 'D', 'D', 'D', 'D']	0.0	0.0	0.0	0.75
20.625	0.5	7.0	['D5']	[]	[False]	7.0	2.0	19.0	I	False	('G', 'B', 'D')	G	G	0.0	major triad	(2, 7, 11)	G	G	1	None	False	['G', 'G', 'G', 'G', 'D', 'D', 'D', 'D', 'B', 'B', 'B', 'B', 'D', 'D', 'D', 'D']	0.0	0.0	0.0	0.75
20.75	0.5	7.0	['D5']	[]	[False]	7.0	2.0	19.0	I	False	('G', 'B', 'D')	G	G	0.0	major triad	(2, 7, 11)	G	G	1	None	False	['G', 'G', 'G', 'G', 'D', 'D', 'D', 'D', 'B', 'B', 'B', 'B', 'D', 'D', 'D', 'D']	0.0	0.0	0.0	0.75
20.875	0.5	7.0	['D5']	[]	[False]	7.0	2.0	19.0	I	False	('G', 'B', 'D')	G	G	0.0	major triad	(2, 7, 11)	G	G	1	None	False	['G', 'G', 'G', 'G', 'D', 'D', 'D', 'D', 'B', 'B', 'B', 'B', 'D', 'D', 'D', 'D']	0.0	0.0	0.0	0.75
21.0	0.5	7.0	['G4']	[]	[True]	7.0	1.0	20.0	I	True	('G', 'B', 'D')	G	G	0.0	major triad	(2, 7, 11)	G	G	1	None	False	['G', 'G', 'G', 'G', 'B', 'D', 'B', 'D', 'B', 'D', 'B', 'D']	0.0	0.0	0.0	0.5
21.125	0.5	7.0	['G4']	[]	[False]	7.0	1.0	20.0	I	False	('G', 'B', 'D')	G	G	0.0	major triad	(2, 7, 11)	G	G	1	None	False	['G', 'G', 'G', 'G', 'B', 'D', 'B', 'D', 'B', 'D', 'B', 'D']	0.0	0.0	0.0	0.5
21.25	0.5	7.0	['G4']	[]	[False]	7.0	1.0	20.0	I	False	('G', 'B', 'D')	G	G	0.0	major triad	(2, 7, 11)	G	G	1	None	False	['G', 'G', 'G', 'G', 'B', 'D', 'B', 'D', 'B', 'D', 'B', 'D']	0.0	0.0	0.0	0.5
21.375	0.5	7.0	['G4']	[]	[False]	7.0	1.0	20.0	I	False	('G', 'B', 'D')	G	G	0.0	major triad	(2, 7, 11)	G	G	1	None	False	['G', 'G', 'G', 'G', 'B', 'D', 'B', 'D', 'B', 'D', 'B', 'D']	0.0	0.0	0.0	0.5
21.5	0.5	7.0	['B4', 'D5']	['m3']	[True, True]	7.0	1.0	20.0	I	False	('G', 'B', 'D')	G	G	0.0	major triad	(2, 7, 11)	G	G	1	None	False	['G', 'G', 'G', 'G', 'B', 'D', 'B', 'D', 'B', 'D', 'B', 'D']	0.0	0.0	0.0	0.5
21.625	0.5	7.0	['B4', 'D5']	['m3']	[False, False]	7.0	1.0	20.0	I	False	('G', 'B', 'D')	G	G	0.0	major triad	(2, 7, 11)	G	G	1	None	False	['G', 'G', 'G', 'G', 'B', 'D', 'B', 'D', 'B', 'D', 'B', 'D']	0.0	0.0	0.0	0.5
21.75	0.5	7.0	['B4', 'D5']	['m3']	[False, False]	7.0	1.0	20.0	I	False	('G', 'B', 'D')	G	G	0.0	major triad	(2, 7, 11)	G	G	1	None	False	['G', 'G', 'G', 'G', 'B', 'D', 'B', 'D', 'B', 'D', 'B', 'D']	0.0	0.0	0.0	0.5
21.875	0.5	7.0	['B4', 'D5']	['m3']	[False, False]	7.0	1.0	20.0	I	False	('G', 'B', 'D')	G	G	0.0	major triad	(2, 7, 11)	G	G	1	None	False	['G', 'G', 'G', 'G', 'B', 'D', 'B', 'D', 'B', 'D', 'B', 'D']	0.0	0.0	0.0	0.5
22.0	0.25	8.0	['G4']	[]	[True]	8.0	1.0	21.0	I	True	('G', 'B', 'D')	G	G	0.0	major triad	(2, 7, 11)	G	G	1	None	False	['G', 'G', 'D', 'D', 'B', 'B', 'D', 'D']	0.0	0.0	0.0	0.75
22.125	0.25	8.0	['G4']	[]	[False]	8.0	1.0	21.0	I	False	('G', 'B', 'D')	G	G	0.0	major triad	(2, 7, 11)	G	G	1	None	False	['G', 'G', 'D', 'D', 'B', 'B', 'D', 'D']	0.0	0.0	0.0	0.75
22.25	0.25	8.0	['D5']	[]	[True]	8.0	1.0	21.0	I	False	('G', 'B', 'D')	G	G	0.0	major triad	(2, 7, 11)	G	G	1	None	False	['G', 'G', 'D', 'D', 'B', 'B', 'D', 'D']	0.0	0.0	0.0	0.75
22.375	0.25	8.0	['D5']	[]	[False]	8.0	1.0	21.0	I	False	('G', 'B', 'D')	G	G	0.0	major triad	(2, 7, 11)	G	G	1	None	False	['G', 'G', 'D', 'D', 'B', 'B', 'D', 'D']	0.0	0.0	0.0	0.75
22.5	0.25	8.0	['B4']	[]	[True]	8.0	1.0	21.0	I	False	('G', 'B', 'D')	G	G	0.0	major triad	(2, 7, 11)	G	G	1	None	False	['G', 'G', 'D', 'D', 'B', 'B', 'D', 'D']	0.0	0.0	0.0	0.75
22.625	0.25	8.0	['B4']	[]	[False]	8.0	1.0	21.0	I	False	('G', 'B', 'D')	G	G	0.0	major triad	(2, 7, 11)	G	G	1	None	False	['G', 'G', 'D', 'D', 'B', 'B', 'D', 'D']	0.0	0.0	0.0	0.75
22.75	0.25	8.0	['D5']	[]	[True]	8.0	1.0	21.0	I	False	('G', 'B', 'D')	G	G	0.0	major triad	(2, 7, 11)	G	G	1	None	False	['G', 'G', 'D', 'D', 'B', 'B', 'D', 'D']	0.0	0.0	0.0	0.75
22.875	0.25	8.0	['D5']	[]	[False]	8.0	1.0	21.0	I	False	('G', 'B', 'D')	G	G	0.0	major triad	(2, 7, 11)	G	G	1	None	False	['G', 'G', 'D', 'D', 'B', 'B', 'D', 'D']	0.0	0.0	0.0	0.75
23.0	0.5	8.0	['A4', 'C5', 'E5']	['m3', 'P5']	[True, True, True]	8.0	0.5	22.0	ii	True	('A', 'C', 'E')	A	A	0.0	minor triad	(0, 4, 9)	G	G	2	None	False	['A', 'C', 'E', 'A', 'C', 'E', 'A', 'C', 'E', 'A', 'C', 'E']	0.0	0.0	0.0	0.0
23.125	0.5	8.0	['A4', 'C5', 'E5']	['m3', 'P5']	[False, False, False]	8.0	0.5	22.0	ii	False	('A', 'C', 'E')	A	A	0.0	minor triad	(0, 4, 9)	G	G	2	None	False	['A', 'C', 'E', 'A', 'C', 'E', 'A', 'C', 'E', 'A', 'C', 'E']	0.0	0.0	0.0	0.0
23.25	0.5	8.0	['A4', 'C5', 'E5']	['m3', 'P5']	[False, False, False]	8.0	0.5	22.0	ii	False	('A', 'C', 'E')	A	A	0.0	minor triad	(0, 4, 9)	G	G	2	None	False	['A', 'C', 'E', 'A', 'C', 'E', 'A', 'C', 'E', 'A', 'C', 'E']	0.0	0.0	0.0	0.0
23.375	0.5	8.0	['A4', 'C5', 'E5']	['m3', 'P5']	[False, False, False]	8.0	0.5	22.0	ii	False	('A', 'C', 'E')	A	A	0.0	minor triad	(0, 4, 9)	G	G	2	None	False	['A', 'C', 'E', 'A', 'C', 'E', 'A', 'C', 'E', 'A', 'C', 'E']	0.0	0.0	0.0	0.0
23.5	0.5	8.0	['A4', 'C5', 'F#5']	['m3', 'M6']	[True, True, True]	8.0	0.5	23.0	viio	True	('A', 'C', 'F#')	A	F#	1.0	diminished triad	(0, 6, 9)	G	G	7	None	False	['A', 'C', 'F#', 'A', 'C', 'F#', 'A', 'C', 'F#', 'A', 'C', 'F#']	0.0	0.0	0.0	0.0
23.625	0.5	8.0	['A4', 'C5', 'F#5']	['m3', 'M6']	[False, False, False]	8.0	0.5	23.0	viio	False	('A', 'C', 'F#')	A	F#	1.0	diminished triad	(0, 6, 9)	G	G	7	None	False	['A', 'C', 'F#', 'A', 'C', 'F#', 'A', 'C', 'F#', 'A', 'C', 'F#']	0.0	0.0	0.0	0.0
23.75	0.5	8.0	['A4', 'C5', 'F#5']	['m3', 'M6']	[False, False, False]	8.0	0.5	23.0	viio	False	('A', 'C', 'F#')	A	F#	1.0	diminished triad	(0, 6, 9)	G	G	7	None	False	['A', 'C', 'F#', 'A', 'C', 'F#', 'A', 'C', 'F#', 'A', 'C', 'F#']	0.0	0.0	0.0	0.0
23.875	0.5	8.0	['A4', 'C5', 'F#5']	['m3', 'M6']	[False, False, False]	8.0	0.5	23.0	viio	False	('A', 'C', 'F#')	A	F#	1.0	diminished triad	(0, 6, 9)	G	G	7	None	False	['A', 'C', 'F#', 'A', 'C', 'F#', 'A', 'C', 'F#', 'A', 'C', 'F#']	0.0	0.0	0.0	0.0
24.0	0.5	8.0	['B4']	[]	[True]	8.0	1.0	24.0	I	True	('B', 'D', 'G')	B	G	1.0	major triad	(2, 7, 11)	G	G	1	None	False	['B', 'B', 'B', 'B', 'D', 'G', 'D', 'G', 'D', 'G', 'D', 'G']	0.0	0.0	0.0	0.5
24.125	0.5	8.0	['B4']	[]	[False]	8.0	1.0	24.0	I	False	('B', 'D', 'G')	B	G	1.0	major triad	(2, 7, 11)	G	G	1	None	False	['B', 'B', 'B', 'B', 'D', 'G', 'D', 'G', 'D', 'G', 'D', 'G']	0.0	0.0	0.0	0.5
24.25	0.5	8.0	['B4']	[]	[False]	8.0	1.0	24.0	I	False	('B', 'D', 'G')	B	G	1.0	major triad	(2, 7, 11)	G	G	1	None	False	['B', 'B', 'B', 'B', 'D', 'G', 'D', 'G', 'D', 'G', 'D', 'G']	0.0	0.0	0.0	0.5
24.375	0.5	8.0	['B4']	[]	[False]	8.0	1.0	24.0	I	False	('B', 'D', 'G')	B	G	1.0	major triad	(2, 7, 11)	G	G	1	None	False	['B', 'B', 'B', 'B', 'D', 'G', 'D', 'G', 'D', 'G', 'D', 'G']	0.0	0.0	0.0	0.5
24.5	0.5	8.0	['D5', 'G5']	['P4']	[True, True]	8.0	1.0	24.0	I	False	('B', 'D', 'G')	B	G	1.0	major triad	(2, 7, 11)	G	G	1	None	False	['B', 'B', 'B', 'B', 'D', 'G', 'D', 'G', 'D', 'G', 'D', 'G']	0.0	0.0	0.0	0.5
24.625	0.5	8.0	['D5', 'G5']	['P4']	[False, False]	8.0	1.0	24.0	I	False	('B', 'D', 'G')	B	G	1.0	major triad	(2, 7, 11)	G	G	1	None	False	['B', 'B', 'B', 'B', 'D', 'G', 'D', 'G', 'D', 'G', 'D', 'G']	0.0	0.0	0.0	0.5
24.75	0.5	8.0	['D5', 'G5']	['P4']	[False, False]	8.0	1.0	24.0	I	False	('B', 'D', 'G')	B	G	1.0	major triad	(2, 7, 11)	G	G	1	None	False	['B', 'B', 'B', 'B', 'D', 'G', 'D', 'G', 'D', 'G', 'D', 'G']	0.0	0.0	0.0	0.5
24.875	0.5	8.0	['D5', 'G5']	['P4']	[False, False]	8.0	1.0	24.0	I	False	('B', 'D', 'G')	B	G	1.0	major triad	(2, 7, 11)	G	G	1	None	False	['B', 'B', 'B', 'B', 'D', 'G', 'D', 'G', 'D', 'G', 'D', 'G']	0.0	0.0	0.0	0.5
25.0	1.5	9.0	['B4', 'D5', 'G5']	['m3', 'm6']	[True, True, True]	9.0	1.5	25.0	I	True	('B', 'D', 'G')	B	G	1.0	major triad	(2, 7, 11)	G	G	1	None	False	['B', 'D', 'G', 'B', 'D', 'G', 'B', 'D', 'G', 'B', 'D', 'G', 'B', 'D', 'G', 'B', 'D', 'G', 'B', 'D', 'G', 'B', 'D', 'G', 'B', 'D', 'G', 'B', 'D', 'G', 'B', 'D', 'G', 'B', 'D', 'G']	0.0	0.0	0.0	0.0
25.125	1.5	9.0	['B4', 'D5', 'G5']	['m3', 'm6']	[False, False, False]	9.0	1.5	25.0	I	False	('B', 'D', 'G')	B	G	1.0	major triad	(2, 7, 11)	G	G	1	None	False	['B', 'D', 'G', 'B', 'D', 'G', 'B', 'D', 'G', 'B', 'D', 'G', 'B', 'D', 'G', 'B', 'D', 'G', 'B', 'D', 'G', 'B', 'D', 'G', 'B', 'D', 'G', 'B', 'D', 'G', 'B', 'D', 'G', 'B', 'D', 'G']	0.0	0.0	0.0	0.0
25.25	1.5	9.0	['B4', 'D5', 'G5']	['m3', 'm6']	[False, False, False]	9.0	1.5	25.0	I	False	('B', 'D', 'G')	B	G	1.0	major triad	(2, 7, 11)	G	G	1	None	False	['B', 'D', 'G', 'B', 'D', 'G', 'B', 'D', 'G', 'B', 'D', 'G', 'B', 'D', 'G', 'B', 'D', 'G', 'B', 'D', 'G', 'B', 'D', 'G', 'B', 'D', 'G', 'B', 'D', 'G', 'B', 'D', 'G', 'B', 'D', 'G']	0.0	0.0	0.0	0.0
25.375	1.5	9.0	['B4', 'D5', 'G5']	['m3', 'm6']	[False, False, False]	9.0	1.5	25.0	I	False	('B', 'D', 'G')	B	G	1.0	major triad	(2, 7, 11)	G	G	1	None	False	['B', 'D', 'G', 'B', 'D', 'G', 'B', 'D', 'G', 'B', 'D', 'G', 'B', 'D', 'G', 'B', 'D', 'G', 'B', 'D', 'G', 'B', 'D', 'G', 'B', 'D', 'G', 'B', 'D', 'G', 'B', 'D', 'G', 'B', 'D', 'G']	0.0	0.0	0.0	0.0
25.5	1.5	9.0	['B4', 'D5', 'G5']	['m3', 'm6']	[False, False, False]	9.0	1.5	25.0	I	False	('B', 'D', 'G')	B	G	1.0	major triad	(2, 7, 11)	G	G	1	None	False	['B', 'D', 'G', 'B', 'D', 'G', 'B', 'D', 'G', 'B', 'D', 'G', 'B', 'D', 'G', 'B', 'D', 'G', 'B', 'D', 'G', 'B', 'D', 'G', 'B', 'D', 'G', 'B', 'D', 'G', 'B', 'D', 'G', 'B', 'D', 'G']	0.0	0.0	0.0	0.0
25.625	1.5	9.0	['B4', 'D5', 'G5']	['m3', 'm6']	[False, False, False]	9.0	1.5	25.0	I	False	('B', 'D', 'G')	B	G	1.0	major triad	(2, 7, 11)	G	G	1	None	False	['B', 'D', 'G', 'B', 'D', 'G', 'B', 'D', 'G', 'B', 'D', 'G', 'B', 'D', 'G', 'B', 'D', 'G', 'B', 'D', 'G', 'B', 'D', 'G', 'B', 'D', 'G', 'B', 'D', 'G', 'B', 'D', 'G', 'B', 'D', 'G']	0.0	0.0	0.0	0.0
25.75	1.5	9.0	['B4', 'D5', 'G5']	['m3', 'm6']	[False, False, False]	9.0	1.5	25.0	I	False	('B', 'D', 'G')	B	G	1.0	major triad	(2, 7, 11)	G	G	1	None	False	['B', 'D', 'G', 'B', 'D', 'G', 'B', 'D', 'G', 'B', 'D', 'G', 'B', 'D', 'G', 'B', 'D', 'G', 'B', 'D', 'G', 'B', 'D', 'G', 'B', 'D', 'G', 'B', 'D', 'G', 'B', 'D', 'G', 'B', 'D', 'G']	0.0	0.0	0.0	0.0
25.875	1.5	9.0	['B4', 'D5', 'G5']	['m3', 'm6']	[False, False, False]	9.0	1.5	25.0	I	False	('B', 'D', 'G')	B	G	1.0	major triad	(2, 7, 11)	G	G	1	None	False	['B', 'D', 'G', 'B', 'D', 'G', 'B', 'D', 'G', 'B', 'D', 'G', 'B', 'D', 'G', 'B', 'D', 'G', 'B', 'D', 'G', 'B', 'D', 'G', 'B', 'D', 'G', 'B', 'D', 'G', 'B', 'D', 'G', 'B', 'D', 'G']	0.0	0.0	0.0	0.0
26.0	1.5	9.0	['B4', 'D5', 'G5']	['m3', 'm6']	[False, False, False]	9.0	1.5	25.0	I	False	('B', 'D', 'G')	B	G	1.0	major triad	(2, 7, 11)	G	G	1	None	False	['B', 'D', 'G', 'B', 'D', 'G', 'B', 'D', 'G', 'B', 'D', 'G', 'B', 'D', 'G', 'B', 'D', 'G', 'B', 'D', 'G', 'B', 'D', 'G', 'B', 'D', 'G', 'B', 'D', 'G', 'B', 'D', 'G', 'B', 'D', 'G']	0.0	0.0	0.0	0.0
26.125	1.5	9.0	['B4', 'D5', 'G5']	['m3', 'm6']	[False, False, False]	9.0	1.5	25.0	I	False	('B', 'D', 'G')	B	G	1.0	major triad	(2, 7, 11)	G	G	1	None	False	['B', 'D', 'G', 'B', 'D', 'G', 'B', 'D', 'G', 'B', 'D', 'G', 'B', 'D', 'G', 'B', 'D', 'G', 'B', 'D', 'G', 'B', 'D', 'G', 'B', 'D', 'G', 'B', 'D', 'G', 'B', 'D', 'G', 'B', 'D', 'G']	0.0	0.0	0.0	0.0
26.25	1.5	9.0	['B4', 'D5', 'G5']	['m3', 'm6']	[False, False, False]	9.0	1.5	25.0	I	False	('B', 'D', 'G')	B	G	1.0	major triad	(2, 7, 11)	G	G	1	None	False	['B', 'D', 'G', 'B', 'D', 'G', 'B', 'D', 'G', 'B', 'D', 'G', 'B', 'D', 'G', 'B', 'D', 'G', 'B', 'D', 'G', 'B', 'D', 'G', 'B', 'D', 'G', 'B', 'D', 'G', 'B', 'D', 'G', 'B', 'D', 'G']	0.0	0.0	0.0	0.0
26.375	1.5	9.0	['B4', 'D5', 'G5']	['m3', 'm6']	[False, False, False]	9.0	1.5	25.0	I	False	('B', 'D', 'G')	B	G	1.0	major triad	(2, 7, 11)	G	G	1	None	False	['B', 'D', 'G', 'B', 'D', 'G', 'B', 'D', 'G', 'B', 'D', 'G', 'B', 'D', 'G', 'B', 'D', 'G', 'B', 'D', 'G', 'B', 'D', 'G', 'B', 'D', 'G', 'B', 'D', 'G', 'B', 'D', 'G', 'B', 'D', 'G']	0.0	0.0	0.0	0.0
26.5	0.5	9.0	['A4', 'C5', 'D5', 'F#5']	['m3', 'P4', 'M6']	[True, True, True, True]	9.0	0.5	26.0	V7	True	('A', 'C', 'D', 'F#')	A	D	2.0	dominant seventh chord	(0, 2, 6, 9)	G	G	5	None	False	['A', 'C', 'D', 'F#', 'A', 'C', 'D', 'F#', 'A', 'C', 'D', 'F#', 'A', 'C', 'D', 'F#']	0.0	0.0	0.0	0.0
26.625	0.5	9.0	['A4', 'C5', 'D5', 'F#5']	['m3', 'P4', 'M6']	[False, False, False, False]	9.0	0.5	26.0	V7	False	('A', 'C', 'D', 'F#')	A	D	2.0	dominant seventh chord	(0, 2, 6, 9)	G	G	5	None	False	['A', 'C', 'D', 'F#', 'A', 'C', 'D', 'F#', 'A', 'C', 'D', 'F#', 'A', 'C', 'D', 'F#']	0.0	0.0	0.0	0.0
26.75	0.5	9.0	['A4', 'C5', 'D5', 'F#5']	['m3', 'P4', 'M6']	[False, False, False, False]	9.0	0.5	26.0	V7	False	('A', 'C', 'D', 'F#')	A	D	2.0	dominant seventh chord	(0, 2, 6, 9)	G	G	5	None	False	['A', 'C', 'D', 'F#', 'A', 'C', 'D', 'F#', 'A', 'C', 'D', 'F#', 'A', 'C', 'D', 'F#']	0.0	0.0	0.0	0.0
26.875	0.5	9.0	['A4', 'C5', 'D5', 'F#5']	['m3', 'P4', 'M6']	[False, False, False, False]	9.0	0.5	26.0	V7	False	('A', 'C', 'D', 'F#')	A	D	2.0	dominant seventh chord	(0, 2, 6, 9)	G	G	5	None	False	['A', 'C', 'D', 'F#', 'A', 'C', 'D', 'F#', 'A', 'C', 'D', 'F#', 'A', 'C', 'D', 'F#']	0.0	0.0	0.0	0.0
27.0	1.0	9.0	['G4', 'B4', 'D5']	['M3', 'P5']	[True, True, True]	9.0	1.0	27.0	I	True	('G', 'B', 'D')	G	G	0.0	major triad	(2, 7, 11)	G	G	1	None	False	['G', 'B', 'D', 'G', 'B', 'D', 'G', 'B', 'D', 'G', 'B', 'D', 'G', 'B', 'D', 'G', 'B', 'D', 'G', 'B', 'D', 'G', 'B', 'D']	0.0	0.0	0.0	0.0
27.125	1.0	9.0	['G4', 'B4', 'D5']	['M3', 'P5']	[False, False, False]	9.0	1.0	27.0	I	False	('G', 'B', 'D')	G	G	0.0	major triad	(2, 7, 11)	G	G	1	None	False	['G', 'B', 'D', 'G', 'B', 'D', 'G', 'B', 'D', 'G', 'B', 'D', 'G', 'B', 'D', 'G', 'B', 'D', 'G', 'B', 'D', 'G', 'B', 'D']	0.0	0.0	0.0	0.0
27.25	1.0	9.0	['G4', 'B4', 'D5']	['M3', 'P5']	[False, False, False]	9.0	1.0	27.0	I	False	('G', 'B', 'D')	G	G	0.0	major triad	(2, 7, 11)	G	G	1	None	False	['G', 'B', 'D', 'G', 'B', 'D', 'G', 'B', 'D', 'G', 'B', 'D', 'G', 'B', 'D', 'G', 'B', 'D', 'G', 'B', 'D', 'G', 'B', 'D']	0.0	0.0	0.0	0.0
27.375	1.0	9.0	['G4', 'B4', 'D5']	['M3', 'P5']	[False, False, False]	9.0	1.0	27.0	I	False	('G', 'B', 'D')	G	G	0.0	major triad	(2, 7, 11)	G	G	1	None	False	['G', 'B', 'D', 'G', 'B', 'D', 'G', 'B', 'D', 'G', 'B', 'D', 'G', 'B', 'D', 'G', 'B', 'D', 'G', 'B', 'D', 'G', 'B', 'D']	0.0	0.0	0.0	0.0
27.5	1.0	9.0	['G4', 'B4', 'D5']	['M3', 'P5']	[False, False, False]	9.0	1.0	27.0	I	False	('G', 'B', 'D')	G	G	0.0	major triad	(2, 7, 11)	G	G	1	None	False	['G', 'B', 'D', 'G', 'B', 'D', 'G', 'B', 'D', 'G', 'B', 'D', 'G', 'B', 'D', 'G', 'B', 'D', 'G', 'B', 'D', 'G', 'B', 'D']	0.0	0.0	0.0	0.0
27.625	1.0	9.0	['G4', 'B4', 'D5']	['M3', 'P5']	[False, False, False]	9.0	1.0	27.0	I	False	('G', 'B', 'D')	G	G	0.0	major triad	(2, 7, 11)	G	G	1	None	False	['G', 'B', 'D', 'G', 'B', 'D', 'G', 'B', 'D', 'G', 'B', 'D', 'G', 'B', 'D', 'G', 'B', 'D', 'G', 'B', 'D', 'G', 'B', 'D']	0.0	0.0	0.0	0.0
27.75	1.0	9.0	['G4', 'B4', 'D5']	['M3', 'P5']	[False, False, False]	9.0	1.0	27.0	I	False	('G', 'B', 'D')	G	G	0.0	major triad	(2, 7, 11)	G	G	1	None	False	['G', 'B', 'D', 'G', 'B', 'D', 'G', 'B', 'D', 'G', 'B', 'D', 'G', 'B', 'D', 'G', 'B', 'D', 'G', 'B', 'D', 'G', 'B', 'D']	0.0	0.0	0.0	0.0
27.875	1.0	9.0	['G4', 'B4', 'D5']	['M3', 'P5']	[False, False, False]	9.0	1.0	27.0	I	False	('G', 'B', 'D')	G	G	0.0	major triad	(2, 7, 11)	G	G	1	None	False	['G', 'B', 'D', 'G', 'B', 'D', 'G', 'B', 'D', 'G', 'B', 'D', 'G', 'B', 'D', 'G', 'B', 'D', 'G', 'B', 'D', 'G', 'B', 'D']	0.0	0.0	0.0	0.0
28.0	2.0	10.0	['D5', 'F#5', 'A5']	['M3', 'P5']	[True, True, True]	10.0	2.0	28.0	V	True	('D', 'F#', 'A')	D	D	0.0	major triad	(2, 6, 9)	G	G	5	None	False	['D', 'F#', 'A', 'D', 'F#', 'A', 'D', 'F#', 'A', 'D', 'F#', 'A', 'D', 'F#', 'A', 'D', 'F#', 'A', 'D', 'F#', 'A', 'D', 'F#', 'A', 'D', 'F#', 'A', 'D', 'F#', 'A', 'D', 'F#', 'A', 'D', 'F#', 'A', 'D', 'F#', 'A', 'D', 'F#', 'A', 'D', 'F#', 'A', 'D', 'F#', 'A']	0.0	0.0	0.0	0.0
28.125	2.0	10.0	['D5', 'F#5', 'A5']	['M3', 'P5']	[False, False, False]	10.0	2.0	28.0	V	False	('D', 'F#', 'A')	D	D	0.0	major triad	(2, 6, 9)	G	G	5	None	False	['D', 'F#', 'A', 'D', 'F#', 'A', 'D', 'F#', 'A', 'D', 'F#', 'A', 'D', 'F#', 'A', 'D', 'F#', 'A', 'D', 'F#', 'A', 'D', 'F#', 'A', 'D', 'F#', 'A', 'D', 'F#', 'A', 'D', 'F#', 'A', 'D', 'F#', 'A', 'D', 'F#', 'A', 'D', 'F#', 'A', 'D', 'F#', 'A', 'D', 'F#', 'A']	0.0	0.0	0.0	0.0
28.25	2.0	10.0	['D5', 'F#5', 'A5']	['M3', 'P5']	[False, False, False]	10.0	2.0	28.0	V	False	('D', 'F#', 'A')	D	D	0.0	major triad	(2, 6, 9)	G	G	5	None	False	['D', 'F#', 'A', 'D', 'F#', 'A', 'D', 'F#', 'A', 'D', 'F#', 'A', 'D', 'F#', 'A', 'D', 'F#', 'A', 'D', 'F#', 'A', 'D', 'F#', 'A', 'D', 'F#', 'A', 'D', 'F#', 'A', 'D', 'F#', 'A', 'D', 'F#', 'A', 'D', 'F#', 'A', 'D', 'F#', 'A', 'D', 'F#', 'A', 'D', 'F#', 'A']	0.0	0.0	0.0	0.0
28.375	2.0	10.0	['D5', 'F#5', 'A5']	['M3', 'P5']	[False, False, False]	10.0	2.0	28.0	V	False	('D', 'F#', 'A')	D	D	0.0	major triad	(2, 6, 9)	G	G	5	None	False	['D', 'F#', 'A', 'D', 'F#', 'A', 'D', 'F#', 'A', 'D', 'F#', 'A', 'D', 'F#', 'A', 'D', 'F#', 'A', 'D', 'F#', 'A', 'D', 'F#', 'A', 'D', 'F#', 'A', 'D', 'F#', 'A', 'D', 'F#', 'A', 'D', 'F#', 'A', 'D', 'F#', 'A', 'D', 'F#', 'A', 'D', 'F#', 'A', 'D', 'F#', 'A']	0.0	0.0	0.0	0.0
28.5	2.0	10.0	['D5', 'F#5', 'A5']	['M3', 'P5']	[False, False, False]	10.0	2.0	28.0	V	False	('D', 'F#', 'A')	D	D	0.0	major triad	(2, 6, 9)	G	G	5	None	False	['D', 'F#', 'A', 'D', 'F#', 'A', 'D', 'F#', 'A', 'D', 'F#', 'A', 'D', 'F#', 'A', 'D', 'F#', 'A', 'D', 'F#', 'A', 'D', 'F#', 'A', 'D', 'F#', 'A', 'D', 'F#', 'A', 'D', 'F#', 'A', 'D', 'F#', 'A', 'D', 'F#', 'A', 'D', 'F#', 'A', 'D', 'F#', 'A', 'D', 'F#', 'A']	0.0	0.0	0.0	0.0
28.625	2.0	10.0	['D5', 'F#5', 'A5']	['M3', 'P5']	[False, False, False]	10.0	2.0	28.0	V	False	('D', 'F#', 'A')	D	D	0.0	major triad	(2, 6, 9)	G	G	5	None	False	['D', 'F#', 'A', 'D', 'F#', 'A', 'D', 'F#', 'A', 'D', 'F#', 'A', 'D', 'F#', 'A', 'D', 'F#', 'A', 'D', 'F#', 'A', 'D', 'F#', 'A', 'D', 'F#', 'A', 'D', 'F#', 'A', 'D', 'F#', 'A', 'D', 'F#', 'A', 'D', 'F#', 'A', 'D', 'F#', 'A', 'D', 'F#', 'A', 'D', 'F#', 'A']	0.0	0.0	0.0	0.0
28.75	2.0	10.0	['D5', 'F#5', 'A5']	['M3', 'P5']	[False, False, False]	10.0	2.0	28.0	V	False	('D', 'F#', 'A')	D	D	0.0	major triad	(2, 6, 9)	G	G	5	None	False	['D', 'F#', 'A', 'D', 'F#', 'A', 'D', 'F#', 'A', 'D', 'F#', 'A', 'D', 'F#', 'A', 'D', 'F#', 'A', 'D', 'F#', 'A', 'D', 'F#', 'A', 'D', 'F#', 'A', 'D', 'F#', 'A', 'D', 'F#', 'A', 'D', 'F#', 'A', 'D', 'F#', 'A', 'D', 'F#', 'A', 'D', 'F#', 'A', 'D', 'F#', 'A']	0.0	0.0	0.0	0.0
28.875	2.0	10.0	['D5', 'F#5', 'A5']	['M3', 'P5']	[False, False, False]	10.0	2.0	28.0	V	False	('D', 'F#', 'A')	D	D	0.0	major triad	(2, 6, 9)	G	G	5	None	False	['D', 'F#', 'A', 'D', 'F#', 'A', 'D', 'F#', 'A', 'D', 'F#', 'A', 'D', 'F#', 'A', 'D', 'F#', 'A', 'D', 'F#', 'A', 'D', 'F#', 'A', 'D', 'F#', 'A', 'D', 'F#', 'A', 'D', 'F#', 'A', 'D', 'F#', 'A', 'D', 'F#', 'A', 'D', 'F#', 'A', 'D', 'F#', 'A', 'D', 'F#', 'A']	0.0	0.0	0.0	0.0
29.0	2.0	10.0	['D5', 'F#5', 'A5']	['M3', 'P5']	[False, False, False]	10.0	2.0	28.0	V	False	('D', 'F#', 'A')	D	D	0.0	major triad	(2, 6, 9)	G	G	5	None	False	['D', 'F#', 'A', 'D', 'F#', 'A', 'D', 'F#', 'A', 'D', 'F#', 'A', 'D', 'F#', 'A', 'D', 'F#', 'A', 'D', 'F#', 'A', 'D', 'F#', 'A', 'D', 'F#', 'A', 'D', 'F#', 'A', 'D', 'F#', 'A', 'D', 'F#', 'A', 'D', 'F#', 'A', 'D', 'F#', 'A', 'D', 'F#', 'A', 'D', 'F#', 'A']	0.0	0.0	0.0	0.0
29.125	2.0	10.0	['D5', 'F#5', 'A5']	['M3', 'P5']	[False, False, False]	10.0	2.0	28.0	V	False	('D', 'F#', 'A')	D	D	0.0	major triad	(2, 6, 9)	G	G	5	None	False	['D', 'F#', 'A', 'D', 'F#', 'A', 'D', 'F#', 'A', 'D', 'F#', 'A', 'D', 'F#', 'A', 'D', 'F#', 'A', 'D', 'F#', 'A', 'D', 'F#', 'A', 'D', 'F#', 'A', 'D', 'F#', 'A', 'D', 'F#', 'A', 'D', 'F#', 'A', 'D', 'F#', 'A', 'D', 'F#', 'A', 'D', 'F#', 'A', 'D', 'F#', 'A']	0.0	0.0	0.0	0.0
29.25	2.0	10.0	['D5', 'F#5', 'A5']	['M3', 'P5']	[False, False, False]	10.0	2.0	28.0	V	False	('D', 'F#', 'A')	D	D	0.0	major triad	(2, 6, 9)	G	G	5	None	False	['D', 'F#', 'A', 'D', 'F#', 'A', 'D', 'F#', 'A', 'D', 'F#', 'A', 'D', 'F#', 'A', 'D', 'F#', 'A', 'D', 'F#', 'A', 'D', 'F#', 'A', 'D', 'F#', 'A', 'D', 'F#', 'A', 'D', 'F#', 'A', 'D', 'F#', 'A', 'D', 'F#', 'A', 'D', 'F#', 'A', 'D', 'F#', 'A', 'D', 'F#', 'A']	0.0	0.0	0.0	0.0
29.375	2.0	10.0	['D5', 'F#5', 'A5']	['M3', 'P5']	[False, False, False]	10.0	2.0	28.0	V	False	('D', 'F#', 'A')	D	D	0.0	major triad	(2, 6, 9)	G	G	5	None	False	['D', 'F#', 'A', 'D', 'F#', 'A', 'D', 'F#', 'A', 'D', 'F#', 'A', 'D', 'F#', 'A', 'D', 'F#', 'A', 'D', 'F#', 'A', 'D', 'F#', 'A', 'D', 'F#', 'A', 'D', 'F#', 'A', 'D', 'F#', 'A', 'D', 'F#', 'A', 'D', 'F#', 'A', 'D', 'F#', 'A', 'D', 'F#', 'A', 'D', 'F#', 'A']	0.0	0.0	0.0	0.0
29.5	2.0	10.0	['D5', 'F#5', 'A5']	['M3', 'P5']	[False, False, False]	10.0	2.0	28.0	V	False	('D', 'F#', 'A')	D	D	0.0	major triad	(2, 6, 9)	G	G	5	None	False	['D', 'F#', 'A', 'D', 'F#', 'A', 'D', 'F#', 'A', 'D', 'F#', 'A', 'D', 'F#', 'A', 'D', 'F#', 'A', 'D', 'F#', 'A', 'D', 'F#', 'A', 'D', 'F#', 'A', 'D', 'F#', 'A', 'D', 'F#', 'A', 'D', 'F#', 'A', 'D', 'F#', 'A', 'D', 'F#', 'A', 'D', 'F#', 'A', 'D', 'F#', 'A']	0.0	0.0	0.0	0.0
29.625	2.0	10.0	['D5', 'F#5', 'A5']	['M3', 'P5']	[False, False, False]	10.0	2.0	28.0	V	False	('D', 'F#', 'A')	D	D	0.0	major triad	(2, 6, 9)	G	G	5	None	False	['D', 'F#', 'A', 'D', 'F#', 'A', 'D', 'F#', 'A', 'D', 'F#', 'A', 'D', 'F#', 'A', 'D', 'F#', 'A', 'D', 'F#', 'A', 'D', 'F#', 'A', 'D', 'F#', 'A', 'D', 'F#', 'A', 'D', 'F#', 'A', 'D', 'F#', 'A', 'D', 'F#', 'A', 'D', 'F#', 'A', 'D', 'F#', 'A', 'D', 'F#', 'A']	0.0	0.0	0.0	0.0
29.75	2.0	10.0	['D5', 'F#5', 'A5']	['M3', 'P5']	[False, False, False]	10.0	2.0	28.0	V	False	('D', 'F#', 'A')	D	D	0.0	major triad	(2, 6, 9)	G	G	5	None	False	['D', 'F#', 'A', 'D', 'F#', 'A', 'D', 'F#', 'A', 'D', 'F#', 'A', 'D', 'F#', 'A', 'D', 'F#', 'A', 'D', 'F#', 'A', 'D', 'F#', 'A', 'D', 'F#', 'A', 'D', 'F#', 'A', 'D', 'F#', 'A', 'D', 'F#', 'A', 'D', 'F#', 'A', 'D', 'F#', 'A', 'D', 'F#', 'A', 'D', 'F#', 'A']	0.0	0.0	0.0	0.0
29.875	2.0	10.0	['D5', 'F#5', 'A5']	['M3', 'P5']	[False, False, False]	10.0	2.0	28.0	V	False	('D', 'F#', 'A')	D	D	0.0	major triad	(2, 6, 9)	G	G	5	None	False	['D', 'F#', 'A', 'D', 'F#', 'A', 'D', 'F#', 'A', 'D', 'F#', 'A', 'D', 'F#', 'A', 'D', 'F#', 'A', 'D', 'F#', 'A', 'D', 'F#', 'A', 'D', 'F#', 'A', 'D', 'F#', 'A', 'D', 'F#', 'A', 'D', 'F#', 'A', 'D', 'F#', 'A', 'D', 'F#', 'A', 'D', 'F#', 'A', 'D', 'F#', 'A']	0.0	0.0	0.0	0.0
30.0	0.25	10.0	['E5']	[]	[True]	10.0	1.0	29.0	vi	True	('E', 'G', 'B')	E	E	0.0	minor triad	(4, 7, 11)	G	G	6	None	False	['E', 'E', 'B', 'B', 'G', 'G', 'B', 'B']	0.0	0.0	0.0	0.75
30.125	0.25	10.0	['E5']	[]	[False]	10.0	1.0	29.0	vi	False	('E', 'G', 'B')	E	E	0.0	minor triad	(4, 7, 11)	G	G	6	None	False	['E', 'E', 'B', 'B', 'G', 'G', 'B', 'B']	0.0	0.0	0.0	0.75
30.25	0.25	10.0	['B5']	[]	[True]	10.0	1.0	29.0	vi	False	('E', 'G', 'B')	E	E	0.0	minor triad	(4, 7, 11)	G	G	6	None	False	['E', 'E', 'B', 'B', 'G', 'G', 'B', 'B']	0.0	0.0	0.0	0.75
30.375	0.25	10.0	['B5']	[]	[False]	10.0	1.0	29.0	vi	False	('E', 'G', 'B')	E	E	0.0	minor triad	(4, 7, 11)	G	G	6	None	False	['E', 'E', 'B', 'B', 'G', 'G', 'B', 'B']	0.0	0.0	0.0	0.75
30.5	0.25	10.0	['G5']	[]	[True]	10.0	1.0	29.0	vi	False	('E', 'G', 'B')	E	E	0.0	minor triad	(4, 7, 11)	G	G	6	None	False	['E', 'E', 'B', 'B', 'G', 'G', 'B', 'B']	0.0	0.0	0.0	0.75
30.625	0.25	10.0	['G5']	[]	[False]	10.0	1.0	29.0	vi	False	('E', 'G', 'B')	E	E	0.0	minor triad	(4, 7, 11)	G	G	6	None	False	['E', 'E', 'B', 'B', 'G', 'G', 'B', 'B']	0.0	0.0	0.0	0.75
30.75	0.25	10.0	['B5']	[]	[True]	10.0	1.0	29.0	vi	False	('E', 'G', 'B')	E	E	0.0	minor triad	(4, 7, 11)	G	G	6	None	False	['E', 'E', 'B', 'B', 'G', 'G', 'B', 'B']	0.0	0.0	0.0	0.75
30.875	0.25	10.0	['B5']	[]	[False]	10.0	1.0	29.0	vi	False	('E', 'G', 'B')	E	E	0.0	minor triad	(4, 7, 11)	G	G	6	None	False	['E', 'E', 'B', 'B', 'G', 'G', 'B', 'B']	0.0	0.0	0.0	0.75
31.0	0.5	11.0	['E5']	[]	[True]	11.0	1.0	30.0	vi	True	('E', 'G', 'B')	E	E	0.0	minor triad	(4, 7, 11)	G	G	6	None	False	['E', 'E', 'E', 'E', 'G', 'B', 'G', 'B', 'G', 'B', 'G', 'B']	0.0	0.0	0.0	0.5
31.125	0.5	11.0	['E5']	[]	[False]	11.0	1.0	30.0	vi	False	('E', 'G', 'B')	E	E	0.0	minor triad	(4, 7, 11)	G	G	6	None	False	['E', 'E', 'E', 'E', 'G', 'B', 'G', 'B', 'G', 'B', 'G', 'B']	0.0	0.0	0.0	0.5
31.25	0.5	11.0	['E5']	[]	[False]	11.0	1.0	30.0	vi	False	('E', 'G', 'B')	E	E	0.0	minor triad	(4, 7, 11)	G	G	6	None	False	['E', 'E', 'E', 'E', 'G', 'B', 'G', 'B', 'G', 'B', 'G', 'B']	0.0	0.0	0.0	0.5
31.375	0.5	11.0	['E5']	[]	[False]	11.0	1.0	30.0	vi	False	('E', 'G', 'B')	E	E	0.0	minor triad	(4, 7, 11)	G	G	6	None	False	['E', 'E', 'E', 'E', 'G', 'B', 'G', 'B', 'G', 'B', 'G', 'B']	0.0	0.0	0.0	0.5
31.5	0.5	11.0	['G5', 'B5']	['M3']	[True, True]	11.0	1.0	30.0	vi	False	('E', 'G', 'B')	E	E	0.0	minor triad	(4, 7, 11)	G	G	6	None	False	['E', 'E', 'E', 'E', 'G', 'B', 'G', 'B', 'G', 'B', 'G', 'B']	0.0	0.0	0.0	0.5
31.625	0.5	11.0	['G5', 'B5']	['M3']	[False, False]	11.0	1.0	30.0	vi	False	('E', 'G', 'B')	E	E	0.0	minor triad	(4, 7, 11)	G	G	6	None	False	['E', 'E', 'E', 'E', 'G', 'B', 'G', 'B', 'G', 'B', 'G', 'B']	0.0	0.0	0.0	0.5
31.75	0.5	11.0	['G5', 'B5']	['M3']	[False, False]	11.0	1.0	30.0	vi	False	('E', 'G', 'B')	E	E	0.0	minor triad	(4, 7, 11)	G	G	6	None	False	['E', 'E', 'E', 'E', 'G', 'B', 'G', 'B', 'G', 'B', 'G', 'B']	0.0	0.0	0.0	0.5
31.875	0.5	11.0	['G5', 'B5']	['M3']	[False, False]	11.0	1.0	30.0	vi	False	('E', 'G', 'B')	E	E	0.0	minor triad	(4, 7, 11)	G	G	6	None	False	['E', 'E', 'E', 'E', 'G', 'B', 'G', 'B', 'G', 'B', 'G', 'B']	0.0	0.0	0.0	0.5
32.0	1.0	11.0	['D5', 'F#5', 'B5']	['M3', 'M6']	[True, True, True]	11.0	1.0	31.0	iii	True	('D', 'F#', 'B')	D	B	1.0	minor triad	(2, 6, 11)	G	G	3	None	False	['D', 'F#', 'B', 'D', 'F#', 'B', 'D', 'F#', 'B', 'D', 'F#', 'B', 'D', 'F#', 'B', 'D', 'F#', 'B', 'D', 'F#', 'B', 'D', 'F#', 'B']	0.0	0.0	0.0	0.0
32.125	1.0	11.0	['D5', 'F#5', 'B5']	['M3', 'M6']	[False, False, False]	11.0	1.0	31.0	iii	False	('D', 'F#', 'B')	D	B	1.0	minor triad	(2, 6, 11)	G	G	3	None	False	['D', 'F#', 'B', 'D', 'F#', 'B', 'D', 'F#', 'B', 'D', 'F#', 'B', 'D', 'F#', 'B', 'D', 'F#', 'B', 'D', 'F#', 'B', 'D', 'F#', 'B']	0.0	0.0	0.0	0.0
32.25	1.0	11.0	['D5', 'F#5', 'B5']	['M3', 'M6']	[False, False, False]	11.0	1.0	31.0	iii	False	('D', 'F#', 'B')	D	B	1.0	minor triad	(2, 6, 11)	G	G	3	None	False	['D', 'F#', 'B', 'D', 'F#', 'B', 'D', 'F#', 'B', 'D', 'F#', 'B', 'D', 'F#', 'B', 'D', 'F#', 'B', 'D', 'F#', 'B', 'D', 'F#', 'B']	0.0	0.0	0.0	0.0
32.375	1.0	11.0	['D5', 'F#5', 'B5']	['M3', 'M6']	[False, False, False]	11.0	1.0	31.0	iii	False	('D', 'F#', 'B')	D	B	1.0	minor triad	(2, 6, 11)	G	G	3	None	False	['D', 'F#', 'B', 'D', 'F#', 'B', 'D', 'F#', 'B', 'D', 'F#', 'B', 'D', 'F#', 'B', 'D', 'F#', 'B', 'D', 'F#', 'B', 'D', 'F#', 'B']	0.0	0.0	0.0	0.0
32.5	1.0	11.0	['D5', 'F#5', 'B5']	['M3', 'M6']	[False, False, False]	11.0	1.0	31.0	iii	False	('D', 'F#', 'B')	D	B	1.0	minor triad	(2, 6, 11)	G	G	3	None	False	['D', 'F#', 'B', 'D', 'F#', 'B', 'D', 'F#', 'B', 'D', 'F#', 'B', 'D', 'F#', 'B', 'D', 'F#', 'B', 'D', 'F#', 'B', 'D', 'F#', 'B']	0.0	0.0	0.0	0.0
32.625	1.0	11.0	['D5', 'F#5', 'B5']	['M3', 'M6']	[False, False, False]	11.0	1.0	31.0	iii	False	('D', 'F#', 'B')	D	B	1.0	minor triad	(2, 6, 11)	G	G	3	None	False	['D', 'F#', 'B', 'D', 'F#', 'B', 'D', 'F#', 'B', 'D', 'F#', 'B', 'D', 'F#', 'B', 'D', 'F#', 'B', 'D', 'F#', 'B', 'D', 'F#', 'B']	0.0	0.0	0.0	0.0
32.75	1.0	11.0	['D5', 'F#5', 'B5']	['M3', 'M6']	[False, False, False]	11.0	1.0	31.0	iii	False	('D', 'F#', 'B')	D	B	1.0	minor triad	(2, 6, 11)	G	G	3	None	False	['D', 'F#', 'B', 'D', 'F#', 'B', 'D', 'F#', 'B', 'D', 'F#', 'B', 'D', 'F#', 'B', 'D', 'F#', 'B', 'D', 'F#', 'B', 'D', 'F#', 'B']	0.0	0.0	0.0	0.0
32.875	1.0	11.0	['D5', 'F#5', 'B5']	['M3', 'M6']	[False, False, False]	11.0	1.0	31.0	iii	False	('D', 'F#', 'B')	D	B	1.0	minor triad	(2, 6, 11)	G	G	3	None	False	['D', 'F#', 'B', 'D', 'F#', 'B', 'D', 'F#', 'B', 'D', 'F#', 'B', 'D', 'F#', 'B', 'D', 'F#', 'B', 'D', 'F#', 'B', 'D', 'F#', 'B']	0.0	0.0	0.0	0.0
33.0	0.25	11.0	['C5']	[]	[True]	11.0	1.0	32.0	ii	True	('C', 'E', 'A')	C	A	1.0	minor triad	(0, 4, 9)	G	G	2	None	False	['C', 'C', 'A', 'A', 'E', 'E', 'A', 'A']	0.0	0.0	0.0	0.75
33.125	0.25	11.0	['C5']	[]	[False]	11.0	1.0	32.0	ii	False	('C', 'E', 'A')	C	A	1.0	minor triad	(0, 4, 9)	G	G	2	None	False	['C', 'C', 'A', 'A', 'E', 'E', 'A', 'A']	0.0	0.0	0.0	0.75
33.25	0.25	11.0	['A5']	[]	[True]	11.0	1.0	32.0	ii	False	('C', 'E', 'A')	C	A	1.0	minor triad	(0, 4, 9)	G	G	2	None	False	['C', 'C', 'A', 'A', 'E', 'E', 'A', 'A']	0.0	0.0	0.0	0.75
33.375	0.25	11.0	['A5']	[]	[False]	11.0	1.0	32.0	ii	False	('C', 'E', 'A')	C	A	1.0	minor triad	(0, 4, 9)	G	G	2	None	False	['C', 'C', 'A', 'A', 'E', 'E', 'A', 'A']	0.0	0.0	0.0	0.75
33.5	0.25	11.0	['E5']	[]	[True]	11.0	1.0	32.0	ii	False	('C', 'E', 'A')	C	A	1.0	minor triad	(0, 4, 9)	G	G	2	None	False	['C', 'C', 'A', 'A', 'E', 'E', 'A', 'A']	0.0	0.0	0.0	0.75
33.625	0.25	11.0	['E5']	[]	[False]	11.0	1.0	32.0	ii	False	('C', 'E', 'A')	C	A	1.0	minor triad	(0, 4, 9)	G	G	2	None	False	['C', 'C', 'A', 'A', 'E', 'E', 'A', 'A']	0.0	0.0	0.0	0.75
33.75	0.25	11.0	['A5']	[]	[True]	11.0	1.0	32.0	ii	False	('C', 'E', 'A')	C	A	1.0	minor triad	(0, 4, 9)	G	G	2	None	False	['C', 'C', 'A', 'A', 'E', 'E', 'A', 'A']	0.0	0.0	0.0	0.75
33.875	0.25	11.0	['A5']	[]	[False]	11.0	1.0	32.0	ii	False	('C', 'E', 'A')	C	A	1.0	minor triad	(0, 4, 9)	G	G	2	None	False	['C', 'C', 'A', 'A', 'E', 'E', 'A', 'A']	0.0	0.0	0.0	0.75
34.0	0.5	12.0	['B4']	[]	[True]	12.0	2.0	33.0	I	True	('B', 'D', 'G')	B	G	1.0	major triad	(2, 7, 11)	G	G	1	None	False	['B', 'B', 'B', 'B', 'G', 'G', 'G', 'G', 'D', 'D', 'D', 'D', 'G', 'G', 'G', 'G']	0.0	0.0	0.0	0.75
34.125	0.5	12.0	['B4']	[]	[False]	12.0	2.0	33.0	I	False	('B', 'D', 'G')	B	G	1.0	major triad	(2, 7, 11)	G	G	1	None	False	['B', 'B', 'B', 'B', 'G', 'G', 'G', 'G', 'D', 'D', 'D', 'D', 'G', 'G', 'G', 'G']	0.0	0.0	0.0	0.75
34.25	0.5	12.0	['B4']	[]	[False]	12.0	2.0	33.0	I	False	('B', 'D', 'G')	B	G	1.0	major triad	(2, 7, 11)	G	G	1	None	False	['B', 'B', 'B', 'B', 'G', 'G', 'G', 'G', 'D', 'D', 'D', 'D', 'G', 'G', 'G', 'G']	0.0	0.0	0.0	0.75
34.375	0.5	12.0	['B4']	[]	[False]	12.0	2.0	33.0	I	False	('B', 'D', 'G')	B	G	1.0	major triad	(2, 7, 11)	G	G	1	None	False	['B', 'B', 'B', 'B', 'G', 'G', 'G', 'G', 'D', 'D', 'D', 'D', 'G', 'G', 'G', 'G']	0.0	0.0	0.0	0.75
34.5	0.5	12.0	['G5']	[]	[True]	12.0	2.0	33.0	I	False	('B', 'D', 'G')	B	G	1.0	major triad	(2, 7, 11)	G	G	1	None	False	['B', 'B', 'B', 'B', 'G', 'G', 'G', 'G', 'D', 'D', 'D', 'D', 'G', 'G', 'G', 'G']	0.0	0.0	0.0	0.75
34.625	0.5	12.0	['G5']	[]	[False]	12.0	2.0	33.0	I	False	('B', 'D', 'G')	B	G	1.0	major triad	(2, 7, 11)	G	G	1	None	False	['B', 'B', 'B', 'B', 'G', 'G', 'G', 'G', 'D', 'D', 'D', 'D', 'G', 'G', 'G', 'G']	0.0	0.0	0.0	0.75
34.75	0.5	12.0	['G5']	[]	[False]	12.0	2.0	33.0	I	False	('B', 'D', 'G')	B	G	1.0	major triad	(2, 7, 11)	G	G	1	None	False	['B', 'B', 'B', 'B', 'G', 'G', 'G', 'G', 'D', 'D', 'D', 'D', 'G', 'G', 'G', 'G']	0.0	0.0	0.0	0.75
34.875	0.5	12.0	['G5']	[]	[False]	12.0	2.0	33.0	I	False	('B', 'D', 'G')	B	G	1.0	major triad	(2, 7, 11)	G	G	1	None	False	['B', 'B', 'B', 'B', 'G', 'G', 'G', 'G', 'D', 'D', 'D', 'D', 'G', 'G', 'G', 'G']	0.0	0.0	0.0	0.75
35.0	0.5	12.0	['D5']	[]	[True]	12.0	2.0	33.0	I	False	('B', 'D', 'G')	B	G	1.0	major triad	(2, 7, 11)	G	G	1	None	False	['B', 'B', 'B', 'B', 'G', 'G', 'G', 'G', 'D', 'D', 'D', 'D', 'G', 'G', 'G', 'G']	0.0	0.0	0.0	0.75
35.125	0.5	12.0	['D5']	[]	[False]	12.0	2.0	33.0	I	False	('B', 'D', 'G')	B	G	1.0	major triad	(2, 7, 11)	G	G	1	None	False	['B', 'B', 'B', 'B', 'G', 'G', 'G', 'G', 'D', 'D', 'D', 'D', 'G', 'G', 'G', 'G']	0.0	0.0	0.0	0.75
35.25	0.5	12.0	['D5']	[]	[False]	12.0	2.0	33.0	I	False	('B', 'D', 'G')	B	G	1.0	major triad	(2, 7, 11)	G	G	1	None	False	['B', 'B', 'B', 'B', 'G', 'G', 'G', 'G', 'D', 'D', 'D', 'D', 'G', 'G', 'G', 'G']	0.0	0.0	0.0	0.75
35.375	0.5	12.0	['D5']	[]	[False]	12.0	2.0	33.0	I	False	('B', 'D', 'G')	B	G	1.0	major triad	(2, 7, 11)	G	G	1	None	False	['B', 'B', 'B', 'B', 'G', 'G', 'G', 'G', 'D', 'D', 'D', 'D', 'G', 'G', 'G', 'G']	0.0	0.0	0.0	0.75
35.5	0.5	12.0	['G5']	[]	[True]	12.0	2.0	33.0	I	False	('B', 'D', 'G')	B	G	1.0	major triad	(2, 7, 11)	G	G	1	None	False	['B', 'B', 'B', 'B', 'G', 'G', 'G', 'G', 'D', 'D', 'D', 'D', 'G', 'G', 'G', 'G']	0.0	0.0	0.0	0.75
35.625	0.5	12.0	['G5']	[]	[False]	12.0	2.0	33.0	I	False	('B', 'D', 'G')	B	G	1.0	major triad	(2, 7, 11)	G	G	1	None	False	['B', 'B', 'B', 'B', 'G', 'G', 'G', 'G', 'D', 'D', 'D', 'D', 'G', 'G', 'G', 'G']	0.0	0.0	0.0	0.75
35.75	0.5	12.0	['G5']	[]	[False]	12.0	2.0	33.0	I	False	('B', 'D', 'G')	B	G	1.0	major triad	(2, 7, 11)	G	G	1	None	False	['B', 'B', 'B', 'B', 'G', 'G', 'G', 'G', 'D', 'D', 'D', 'D', 'G', 'G', 'G', 'G']	0.0	0.0	0.0	0.75
35.875	0.5	12.0	['G5']	[]	[False]	12.0	2.0	33.0	I	False	('B', 'D', 'G')	B	G	1.0	major triad	(2, 7, 11)	G	G	1	None	False	['B', 'B', 'B', 'B', 'G', 'G', 'G', 'G', 'D', 'D', 'D', 'D', 'G', 'G', 'G', 'G']	0.0	0.0	0.0	0.75
36.0	1.0	12.0	['D5', 'F#5', 'A5', 'C6']	['M3', 'P5', 'm7']	[True, True, True, True]	12.0	1.0	34.0	V7	True	('D', 'F#', 'A', 'C')	D	D	0.0	dominant seventh chord	(0, 2, 6, 9)	G	G	5	None	False	['D', 'F#', 'A', 'C', 'D', 'F#', 'A', 'C', 'D', 'F#', 'A', 'C', 'D', 'F#', 'A', 'C', 'D', 'F#', 'A', 'C', 'D', 'F#', 'A', 'C', 'D', 'F#', 'A', 'C', 'D', 'F#', 'A', 'C']	0.0	0.0	0.0	0.0
36.125	1.0	12.0	['D5', 'F#5', 'A5', 'C6']	['M3', 'P5', 'm7']	[False, False, False, False]	12.0	1.0	34.0	V7	False	('D', 'F#', 'A', 'C')	D	D	0.0	dominant seventh chord	(0, 2, 6, 9)	G	G	5	None	False	['D', 'F#', 'A', 'C', 'D', 'F#', 'A', 'C', 'D', 'F#', 'A', 'C', 'D', 'F#', 'A', 'C', 'D', 'F#', 'A', 'C', 'D', 'F#', 'A', 'C', 'D', 'F#', 'A', 'C', 'D', 'F#', 'A', 'C']	0.0	0.0	0.0	0.0
36.25	1.0	12.0	['D5', 'F#5', 'A5', 'C6']	['M3', 'P5', 'm7']	[False, False, False, False]	12.0	1.0	34.0	V7	False	('D', 'F#', 'A', 'C')	D	D	0.0	dominant seventh chord	(0, 2, 6, 9)	G	G	5	None	False	['D', 'F#', 'A', 'C', 'D', 'F#', 'A', 'C', 'D', 'F#', 'A', 'C', 'D', 'F#', 'A', 'C', 'D', 'F#', 'A', 'C', 'D', 'F#', 'A', 'C', 'D', 'F#', 'A', 'C', 'D', 'F#', 'A', 'C']	0.0	0.0	0.0	0.0
36.375	1.0	12.0	['D5', 'F#5', 'A5', 'C6']	['M3', 'P5', 'm7']	[False, False, False, False]	12.0	1.0	34.0	V7	False	('D', 'F#', 'A', 'C')	D	D	0.0	dominant seventh chord	(0, 2, 6, 9)	G	G	5	None	False	['D', 'F#', 'A', 'C', 'D', 'F#', 'A', 'C', 'D', 'F#', 'A', 'C', 'D', 'F#', 'A', 'C', 'D', 'F#', 'A', 'C', 'D', 'F#', 'A', 'C', 'D', 'F#', 'A', 'C', 'D', 'F#', 'A', 'C']	0.0	0.0	0.0	0.0
36.5	1.0	12.0	['D5', 'F#5', 'A5', 'C6']	['M3', 'P5', 'm7']	[False, False, False, False]	12.0	1.0	34.0	V7	False	('D', 'F#', 'A', 'C')	D	D	0.0	dominant seventh chord	(0, 2, 6, 9)	G	G	5	None	False	['D', 'F#', 'A', 'C', 'D', 'F#', 'A', 'C', 'D', 'F#', 'A', 'C', 'D', 'F#', 'A', 'C', 'D', 'F#', 'A', 'C', 'D', 'F#', 'A', 'C', 'D', 'F#', 'A', 'C', 'D', 'F#', 'A', 'C']	0.0	0.0	0.0	0.0
36.625	1.0	12.0	['D5', 'F#5', 'A5', 'C6']	['M3', 'P5', 'm7']	[False, False, False, False]	12.0	1.0	34.0	V7	False	('D', 'F#', 'A', 'C')	D	D	0.0	dominant seventh chord	(0, 2, 6, 9)	G	G	5	None	False	['D', 'F#', 'A', 'C', 'D', 'F#', 'A', 'C', 'D', 'F#', 'A', 'C', 'D', 'F#', 'A', 'C', 'D', 'F#', 'A', 'C', 'D', 'F#', 'A', 'C', 'D', 'F#', 'A', 'C', 'D', 'F#', 'A', 'C']	0.0	0.0	0.0	0.0
36.75	1.0	12.0	['D5', 'F#5', 'A5', 'C6']	['M3', 'P5', 'm7']	[False, False, False, False]	12.0	1.0	34.0	V7	False	('D', 'F#', 'A', 'C')	D	D	0.0	dominant seventh chord	(0, 2, 6, 9)	G	G	5	None	False	['D', 'F#', 'A', 'C', 'D', 'F#', 'A', 'C', 'D', 'F#', 'A', 'C', 'D', 'F#', 'A', 'C', 'D', 'F#', 'A', 'C', 'D', 'F#', 'A', 'C', 'D', 'F#', 'A', 'C', 'D', 'F#', 'A', 'C']	0.0	0.0	0.0	0.0
36.875	1.0	12.0	['D5', 'F#5', 'A5', 'C6']	['M3', 'P5', 'm7']	[False, False, False, False]	12.0	1.0	34.0	V7	False	('D', 'F#', 'A', 'C')	D	D	0.0	dominant seventh chord	(0, 2, 6, 9)	G	G	5	None	False	['D', 'F#', 'A', 'C', 'D', 'F#', 'A', 'C', 'D', 'F#', 'A', 'C', 'D', 'F#', 'A', 'C', 'D', 'F#', 'A', 'C', 'D', 'F#', 'A', 'C', 'D', 'F#', 'A', 'C', 'D', 'F#', 'A', 'C']	0.0	0.0	0.0	0.0
37.0	0.5	13.0	['G4']	[]	[True]	13.0	1.0	35.0	I	True	('G', 'B', 'D')	G	G	0.0	major triad	(2, 7, 11)	G	G	1	None	False	['G', 'G', 'G', 'G', 'B', 'D', 'B', 'D', 'B', 'D', 'B', 'D']	0.0	0.0	0.0	0.5
37.125	0.5	13.0	['G4']	[]	[False]	13.0	1.0	35.0	I	False	('G', 'B', 'D')	G	G	0.0	major triad	(2, 7, 11)	G	G	1	None	False	['G', 'G', 'G', 'G', 'B', 'D', 'B', 'D', 'B', 'D', 'B', 'D']	0.0	0.0	0.0	0.5
37.25	0.5	13.0	['G4']	[]	[False]	13.0	1.0	35.0	I	False	('G', 'B', 'D')	G	G	0.0	major triad	(2, 7, 11)	G	G	1	None	False	['G', 'G', 'G', 'G', 'B', 'D', 'B', 'D', 'B', 'D', 'B', 'D']	0.0	0.0	0.0	0.5
37.375	0.5	13.0	['G4']	[]	[False]	13.0	1.0	35.0	I	False	('G', 'B', 'D')	G	G	0.0	major triad	(2, 7, 11)	G	G	1	None	False	['G', 'G', 'G', 'G', 'B', 'D', 'B', 'D', 'B', 'D', 'B', 'D']	0.0	0.0	0.0	0.5
37.5	0.5	13.0	['B4', 'D5']	['m3']	[True, True]	13.0	1.0	35.0	I	False	('G', 'B', 'D')	G	G	0.0	major triad	(2, 7, 11)	G	G	1	None	False	['G', 'G', 'G', 'G', 'B', 'D', 'B', 'D', 'B', 'D', 'B', 'D']	0.0	0.0	0.0	0.5
37.625	0.5	13.0	['B4', 'D5']	['m3']	[False, False]	13.0	1.0	35.0	I	False	('G', 'B', 'D')	G	G	0.0	major triad	(2, 7, 11)	G	G	1	None	False	['G', 'G', 'G', 'G', 'B', 'D', 'B', 'D', 'B', 'D', 'B', 'D']	0.0	0.0	0.0	0.5
37.75	0.5	13.0	['B4', 'D5']	['m3']	[False, False]	13.0	1.0	35.0	I	False	('G', 'B', 'D')	G	G	0.0	major triad	(2, 7, 11)	G	G	1	None	False	['G', 'G', 'G', 'G', 'B', 'D', 'B', 'D', 'B', 'D', 'B', 'D']	0.0	0.0	0.0	0.5
37.875	0.5	13.0	['B4', 'D5']	['m3']	[False, False]	13.0	1.0	35.0	I	False	('G', 'B', 'D')	G	G	0.0	major triad	(2, 7, 11)	G	G	1	None	False	['G', 'G', 'G', 'G', 'B', 'D', 'B', 'D', 'B', 'D', 'B', 'D']	0.0	0.0	0.0	0.5
38.0	0.25	13.0	['B4']	[]	[True]	13.0	1.0	36.0	I	True	('B', 'D', 'G')	B	G	1.0	major triad	(2, 7, 11)	G	G	1	None	False	['B', 'B', 'G', 'G', 'D', 'D', 'G', 'G']	0.0	0.0	0.0	0.75
38.125	0.25	13.0	['B4']	[]	[False]	13.0	1.0	36.0	I	False	('B', 'D', 'G')	B	G	1.0	major triad	(2, 7, 11)	G	G	1	None	False	['B', 'B', 'G', 'G', 'D', 'D', 'G', 'G']	0.0	0.0	0.0	0.75
38.25	0.25	13.0	['G5']	[]	[True]	13.0	1.0	36.0	I	False	('B', 'D', 'G')	B	G	1.0	major triad	(2, 7, 11)	G	G	1	None	False	['B', 'B', 'G', 'G', 'D', 'D', 'G', 'G']	0.0	0.0	0.0	0.75
38.375	0.25	13.0	['G5']	[]	[False]	13.0	1.0	36.0	I	False	('B', 'D', 'G')	B	G	1.0	major triad	(2, 7, 11)	G	G	1	None	False	['B', 'B', 'G', 'G', 'D', 'D', 'G', 'G']	0.0	0.0	0.0	0.75
38.5	0.25	13.0	['D5']	[]	[True]	13.0	1.0	36.0	I	False	('B', 'D', 'G')	B	G	1.0	major triad	(2, 7, 11)	G	G	1	None	False	['B', 'B', 'G', 'G', 'D', 'D', 'G', 'G']	0.0	0.0	0.0	0.75
38.625	0.25	13.0	['D5']	[]	[False]	13.0	1.0	36.0	I	False	('B', 'D', 'G')	B	G	1.0	major triad	(2, 7, 11)	G	G	1	None	False	['B', 'B', 'G', 'G', 'D', 'D', 'G', 'G']	0.0	0.0	0.0	0.75
38.75	0.25	13.0	['G5']	[]	[True]	13.0	1.0	36.0	I	False	('B', 'D', 'G')	B	G	1.0	major triad	(2, 7, 11)	G	G	1	None	False	['B', 'B', 'G', 'G', 'D', 'D', 'G', 'G']	0.0	0.0	0.0	0.75
38.875	0.25	13.0	['G5']	[]	[False]	13.0	1.0	36.0	I	False	('B', 'D', 'G')	B	G	1.0	major triad	(2, 7, 11)	G	G	1	None	False	['B', 'B', 'G', 'G', 'D', 'D', 'G', 'G']	0.0	0.0	0.0	0.75
39.0	0.25	13.0	['G4']	[]	[True]	13.0	1.0	37.0	V7/IV	True	('G', 'B', 'D', 'F')	G	G	0.0	dominant seventh chord	(2, 5, 7, 11)	G	C	5	4	False	['G', 'G', 'F', 'F', 'B', 'B', 'D', 'D']	0.0	0.0	0.0	0.75
39.125	0.25	13.0	['G4']	[]	[False]	13.0	1.0	37.0	V7/IV	False	('G', 'B', 'D', 'F')	G	G	0.0	dominant seventh chord	(2, 5, 7, 11)	G	C	5	4	False	['G', 'G', 'F', 'F', 'B', 'B', 'D', 'D']	0.0	0.0	0.0	0.75
39.25	0.25	13.0	['F5']	[]	[True]	13.0	1.0	37.0	V7/IV	False	('G', 'B', 'D', 'F')	G	G	0.0	dominant seventh chord	(2, 5, 7, 11)	G	C	5	4	False	['G', 'G', 'F', 'F', 'B', 'B', 'D', 'D']	0.0	0.0	0.0	0.75
39.375	0.25	13.0	['F5']	[]	[False]	13.0	1.0	37.0	V7/IV	False	('G', 'B', 'D', 'F')	G	G	0.0	dominant seventh chord	(2, 5, 7, 11)	G	C	5	4	False	['G', 'G', 'F', 'F', 'B', 'B', 'D', 'D']	0.0	0.0	0.0	0.75
39.5	0.25	13.0	['B4']	[]	[True]	13.0	1.0	37.0	V7/IV	False	('G', 'B', 'D', 'F')	G	G	0.0	dominant seventh chord	(2, 5, 7, 11)	G	C	5	4	False	['G', 'G', 'F', 'F', 'B', 'B', 'D', 'D']	0.0	0.0	0.0	0.75
39.625	0.25	13.0	['B4']	[]	[False]	13.0	1.0	37.0	V7/IV	False	('G', 'B', 'D', 'F')	G	G	0.0	dominant seventh chord	(2, 5, 7, 11)	G	C	5	4	False	['G', 'G', 'F', 'F', 'B', 'B', 'D', 'D']	0.0	0.0	0.0	0.75
39.75	0.25	13.0	['D5']	[]	[True]	13.0	1.0	37.0	V7/IV	False	('G', 'B', 'D', 'F')	G	G	0.0	dominant seventh chord	(2, 5, 7, 11)	G	C	5	4	False	['G', 'G', 'F', 'F', 'B', 'B', 'D', 'D']	0.0	0.0	0.0	0.75
39.875	0.25	13.0	['D5']	[]	[False]	13.0	1.0	37.0	V7/IV	False	('G', 'B', 'D', 'F')	G	G	0.0	dominant seventh chord	(2, 5, 7, 11)	G	C	5	4	False	['G', 'G', 'F', 'F', 'B', 'B', 'D', 'D']	0.0	0.0	0.0	0.75
40.0	0.5	14.0	['C5']	[]	[True]	14.0	2.0	38.0	IV	True	('C', 'E', 'G')	C	C	0.0	major triad	(0, 4, 7)	G	G	4	None	False	['C', 'C', 'C', 'C', 'G', 'G', 'G', 'G', 'E', 'E', 'E', 'E', 'G', 'G', 'G', 'G']	0.0	0.0	0.0	0.75
40.125	0.5	14.0	['C5']	[]	[False]	14.0	2.0	38.0	IV	False	('C', 'E', 'G')	C	C	0.0	major triad	(0, 4, 7)	G	G	4	None	False	['C', 'C', 'C', 'C', 'G', 'G', 'G', 'G', 'E', 'E', 'E', 'E', 'G', 'G', 'G', 'G']	0.0	0.0	0.0	0.75
40.25	0.5	14.0	['C5']	[]	[False]	14.0	2.0	38.0	IV	False	('C', 'E', 'G')	C	C	0.0	major triad	(0, 4, 7)	G	G	4	None	False	['C', 'C', 'C', 'C', 'G', 'G', 'G', 'G', 'E', 'E', 'E', 'E', 'G', 'G', 'G', 'G']	0.0	0.0	0.0	0.75
40.375	0.5	14.0	['C5']	[]	[False]	14.0	2.0	38.0	IV	False	('C', 'E', 'G')	C	C	0.0	major triad	(0, 4, 7)	G	G	4	None	False	['C', 'C', 'C', 'C', 'G', 'G', 'G', 'G', 'E', 'E', 'E', 'E', 'G', 'G', 'G', 'G']	0.0	0.0	0.0	0.75
40.5	0.5	14.0	['G5']	[]	[True]	14.0	2.0	38.0	IV	False	('C', 'E', 'G')	C	C	0.0	major triad	(0, 4, 7)	G	G	4	None	False	['C', 'C', 'C', 'C', 'G', 'G', 'G', 'G', 'E', 'E', 'E', 'E', 'G', 'G', 'G', 'G']	0.0	0.0	0.0	0.75
40.625	0.5	14.0	['G5']	[]	[False]	14.0	2.0	38.0	IV	False	('C', 'E', 'G')	C	C	0.0	major triad	(0, 4, 7)	G	G	4	None	False	['C', 'C', 'C', 'C', 'G', 'G', 'G', 'G', 'E', 'E', 'E', 'E', 'G', 'G', 'G', 'G']	0.0	0.0	0.0	0.75
40.75	0.5	14.0	['G5']	[]	[False]	14.0	2.0	38.0	IV	False	('C', 'E', 'G')	C	C	0.0	major triad	(0, 4, 7)	G	G	4	None	False	['C', 'C', 'C', 'C', 'G', 'G', 'G', 'G', 'E', 'E', 'E', 'E', 'G', 'G', 'G', 'G']	0.0	0.0	0.0	0.75
40.875	0.5	14.0	['G5']	[]	[False]	14.0	2.0	38.0	IV	False	('C', 'E', 'G')	C	C	0.0	major triad	(0, 4, 7)	G	G	4	None	False	['C', 'C', 'C', 'C', 'G', 'G', 'G', 'G', 'E', 'E', 'E', 'E', 'G', 'G', 'G', 'G']	0.0	0.0	0.0	0.75
41.0	0.5	14.0	['E5']	[]	[True]	14.0	2.0	38.0	IV	False	('C', 'E', 'G')	C	C	0.0	major triad	(0, 4, 7)	G	G	4	None	False	['C', 'C', 'C', 'C', 'G', 'G', 'G', 'G', 'E', 'E', 'E', 'E', 'G', 'G', 'G', 'G']	0.0	0.0	0.0	0.75
41.125	0.5	14.0	['E5']	[]	[False]	14.0	2.0	38.0	IV	False	('C', 'E', 'G')	C	C	0.0	major triad	(0, 4, 7)	G	G	4	None	False	['C', 'C', 'C', 'C', 'G', 'G', 'G', 'G', 'E', 'E', 'E', 'E', 'G', 'G', 'G', 'G']	0.0	0.0	0.0	0.75
41.25	0.5	14.0	['E5']	[]	[False]	14.0	2.0	38.0	IV	False	('C', 'E', 'G')	C	C	0.0	major triad	(0, 4, 7)	G	G	4	None	False	['C', 'C', 'C', 'C', 'G', 'G', 'G', 'G', 'E', 'E', 'E', 'E', 'G', 'G', 'G', 'G']	0.0	0.0	0.0	0.75
41.375	0.5	14.0	['E5']	[]	[False]	14.0	2.0	38.0	IV	False	('C', 'E', 'G')	C	C	0.0	major triad	(0, 4, 7)	G	G	4	None	False	['C', 'C', 'C', 'C', 'G', 'G', 'G', 'G', 'E', 'E', 'E', 'E', 'G', 'G', 'G', 'G']	0.0	0.0	0.0	0.75
41.5	0.5	14.0	['G5']	[]	[True]	14.0	2.0	38.0	IV	False	('C', 'E', 'G')	C	C	0.0	major triad	(0, 4, 7)	G	G	4	None	False	['C', 'C', 'C', 'C', 'G', 'G', 'G', 'G', 'E', 'E', 'E', 'E', 'G', 'G', 'G', 'G']	0.0	0.0	0.0	0.75
41.625	0.5	14.0	['G5']	[]	[False]	14.0	2.0	38.0	IV	False	('C', 'E', 'G')	C	C	0.0	major triad	(0, 4, 7)	G	G	4	None	False	['C', 'C', 'C', 'C', 'G', 'G', 'G', 'G', 'E', 'E', 'E', 'E', 'G', 'G', 'G', 'G']	0.0	0.0	0.0	0.75
41.75	0.5	14.0	['G5']	[]	[False]	14.0	2.0	38.0	IV	False	('C', 'E', 'G')	C	C	0.0	major triad	(0, 4, 7)	G	G	4	None	False	['C', 'C', 'C', 'C', 'G', 'G', 'G', 'G', 'E', 'E', 'E', 'E', 'G', 'G', 'G', 'G']	0.0	0.0	0.0	0.75
41.875	0.5	14.0	['G5']	[]	[False]	14.0	2.0	38.0	IV	False	('C', 'E', 'G')	C	C	0.0	major triad	(0, 4, 7)	G	G	4	None	False	['C', 'C', 'C', 'C', 'G', 'G', 'G', 'G', 'E', 'E', 'E', 'E', 'G', 'G', 'G', 'G']	0.0	0.0	0.0	0.75
42.0	1.0	14.0	['G4', 'B4', 'D5']	['M3', 'P5']	[True, True, True]	14.0	1.0	39.0	I	True	('G', 'B', 'D')	G	G	0.0	major triad	(2, 7, 11)	G	G	1	None	False	['G', 'B', 'D', 'G', 'B', 'D', 'G', 'B', 'D', 'G', 'B', 'D', 'G', 'B', 'D', 'G', 'B', 'D', 'G', 'B', 'D', 'G', 'B', 'D']	0.0	0.0	0.0	0.0
42.125	1.0	14.0	['G4', 'B4', 'D5']	['M3', 'P5']	[False, False, False]	14.0	1.0	39.0	I	False	('G', 'B', 'D')	G	G	0.0	major triad	(2, 7, 11)	G	G	1	None	False	['G', 'B', 'D', 'G', 'B', 'D', 'G', 'B', 'D', 'G', 'B', 'D', 'G', 'B', 'D', 'G', 'B', 'D', 'G', 'B', 'D', 'G', 'B', 'D']	0.0	0.0	0.0	0.0
42.25	1.0	14.0	['G4', 'B4', 'D5']	['M3', 'P5']	[False, False, False]	14.0	1.0	39.0	I	False	('G', 'B', 'D')	G	G	0.0	major triad	(2, 7, 11)	G	G	1	None	False	['G', 'B', 'D', 'G', 'B', 'D', 'G', 'B', 'D', 'G', 'B', 'D', 'G', 'B', 'D', 'G', 'B', 'D', 'G', 'B', 'D', 'G', 'B', 'D']	0.0	0.0	0.0	0.0
42.375	1.0	14.0	['G4', 'B4', 'D5']	['M3', 'P5']	[False, False, False]	14.0	1.0	39.0	I	False	('G', 'B', 'D')	G	G	0.0	major triad	(2, 7, 11)	G	G	1	None	False	['G', 'B', 'D', 'G', 'B', 'D', 'G', 'B', 'D', 'G', 'B', 'D', 'G', 'B', 'D', 'G', 'B', 'D', 'G', 'B', 'D', 'G', 'B', 'D']	0.0	0.0	0.0	0.0
42.5	1.0	14.0	['G4', 'B4', 'D5']	['M3', 'P5']	[False, False, False]	14.0	1.0	39.0	I	False	('G', 'B', 'D')	G	G	0.0	major triad	(2, 7, 11)	G	G	1	None	False	['G', 'B', 'D', 'G', 'B', 'D', 'G', 'B', 'D', 'G', 'B', 'D', 'G', 'B', 'D', 'G', 'B', 'D', 'G', 'B', 'D', 'G', 'B', 'D']	0.0	0.0	0.0	0.0
42.625	1.0	14.0	['G4', 'B4', 'D5']	['M3', 'P5']	[False, False, False]	14.0	1.0	39.0	I	False	('G', 'B', 'D')	G	G	0.0	major triad	(2, 7, 11)	G	G	1	None	False	['G', 'B', 'D', 'G', 'B', 'D', 'G', 'B', 'D', 'G', 'B', 'D', 'G', 'B', 'D', 'G', 'B', 'D', 'G', 'B', 'D', 'G', 'B', 'D']	0.0	0.0	0.0	0.0
42.75	1.0	14.0	['G4', 'B4', 'D5']	['M3', 'P5']	[False, False, False]	14.0	1.0	39.0	I	False	('G', 'B', 'D')	G	G	0.0	major triad	(2, 7, 11)	G	G	1	None	False	['G', 'B', 'D', 'G', 'B', 'D', 'G', 'B', 'D', 'G', 'B', 'D', 'G', 'B', 'D', 'G', 'B', 'D', 'G', 'B', 'D', 'G', 'B', 'D']	0.0	0.0	0.0	0.0
42.875	1.0	14.0	['G4', 'B4', 'D5']	['M3', 'P5']	[False, False, False]	14.0	1.0	39.0	I	False	('G', 'B', 'D')	G	G	0.0	major triad	(2, 7, 11)	G	G	1	None	False	['G', 'B', 'D', 'G', 'B', 'D', 'G', 'B', 'D', 'G', 'B', 'D', 'G', 'B', 'D', 'G', 'B', 'D', 'G', 'B', 'D', 'G', 'B', 'D']	0.0	0.0	0.0	0.0
43.0	0.5	15.0	['F#5', 'A5', 'D6']	['m3', 'm6']	[True, True, True]	15.0	0.5	40.0	V	True	('F#', 'A', 'D')	F#	D	1.0	major triad	(2, 6, 9)	G	G	5	None	False	['F#', 'A', 'D', 'F#', 'A', 'D', 'F#', 'A', 'D', 'F#', 'A', 'D']	0.0	0.0	0.0	0.0
43.125	0.5	15.0	['F#5', 'A5', 'D6']	['m3', 'm6']	[False, False, False]	15.0	0.5	40.0	V	False	('F#', 'A', 'D')	F#	D	1.0	major triad	(2, 6, 9)	G	G	5	None	False	['F#', 'A', 'D', 'F#', 'A', 'D', 'F#', 'A', 'D', 'F#', 'A', 'D']	0.0	0.0	0.0	0.0
43.25	0.5	15.0	['F#5', 'A5', 'D6']	['m3', 'm6']	[False, False, False]	15.0	0.5	40.0	V	False	('F#', 'A', 'D')	F#	D	1.0	major triad	(2, 6, 9)	G	G	5	None	False	['F#', 'A', 'D', 'F#', 'A', 'D', 'F#', 'A', 'D', 'F#', 'A', 'D']	0.0	0.0	0.0	0.0
43.375	0.5	15.0	['F#5', 'A5', 'D6']	['m3', 'm6']	[False, False, False]	15.0	0.5	40.0	V	False	('F#', 'A', 'D')	F#	D	1.0	major triad	(2, 6, 9)	G	G	5	None	False	['F#', 'A', 'D', 'F#', 'A', 'D', 'F#', 'A', 'D', 'F#', 'A', 'D']	0.0	0.0	0.0	0.0
43.5	0.5	15.0	['F#5', 'A5', 'C6', 'D6']	['m3', 'd5', 'm6']	[True, True, True, True]	15.0	0.5	41.0	V7	True	('F#', 'A', 'C', 'D')	F#	D	1.0	dominant seventh chord	(0, 2, 6, 9)	G	G	5	None	False	['F#', 'A', 'C', 'D', 'F#', 'A', 'C', 'D', 'F#', 'A', 'C', 'D', 'F#', 'A', 'C', 'D']	0.0	0.0	0.0	0.0
43.625	0.5	15.0	['F#5', 'A5', 'C6', 'D6']	['m3', 'd5', 'm6']	[False, False, False, False]	15.0	0.5	41.0	V7	False	('F#', 'A', 'C', 'D')	F#	D	1.0	dominant seventh chord	(0, 2, 6, 9)	G	G	5	None	False	['F#', 'A', 'C', 'D', 'F#', 'A', 'C', 'D', 'F#', 'A', 'C', 'D', 'F#', 'A', 'C', 'D']	0.0	0.0	0.0	0.0
43.75	0.5	15.0	['F#5', 'A5', 'C6', 'D6']	['m3', 'd5', 'm6']	[False, False, False, False]	15.0	0.5	41.0	V7	False	('F#', 'A', 'C', 'D')	F#	D	1.0	dominant seventh chord	(0, 2, 6, 9)	G	G	5	None	False	['F#', 'A', 'C', 'D', 'F#', 'A', 'C', 'D', 'F#', 'A', 'C', 'D', 'F#', 'A', 'C', 'D']	0.0	0.0	0.0	0.0
43.875	0.5	15.0	['F#5', 'A5', 'C6', 'D6']	['m3', 'd5', 'm6']	[False, False, False, False]	15.0	0.5	41.0	V7	False	('F#', 'A', 'C', 'D')	F#	D	1.0	dominant seventh chord	(0, 2, 6, 9)	G	G	5	None	False	['F#', 'A', 'C', 'D', 'F#', 'A', 'C', 'D', 'F#', 'A', 'C', 'D', 'F#', 'A', 'C', 'D']	0.0	0.0	0.0	0.0
44.0	1.0	15.0	['G4', 'B4', 'D5']	['M3', 'P5']	[True, True, True]	15.0	1.0	42.0	I	True	('G', 'B', 'D')	G	G	0.0	major triad	(2, 7, 11)	G	G	1	None	False	['G', 'B', 'D', 'G', 'B', 'D', 'G', 'B', 'D', 'G', 'B', 'D', 'G', 'B', 'D', 'G', 'B', 'D', 'G', 'B', 'D', 'G', 'B', 'D']	0.0	0.0	0.0	0.0
44.125	1.0	15.0	['G4', 'B4', 'D5']	['M3', 'P5']	[False, False, False]	15.0	1.0	42.0	I	False	('G', 'B', 'D')	G	G	0.0	major triad	(2, 7, 11)	G	G	1	None	False	['G', 'B', 'D', 'G', 'B', 'D', 'G', 'B', 'D', 'G', 'B', 'D', 'G', 'B', 'D', 'G', 'B', 'D', 'G', 'B', 'D', 'G', 'B', 'D']	0.0	0.0	0.0	0.0
44.25	1.0	15.0	['G4', 'B4', 'D5']	['M3', 'P5']	[False, False, False]	15.0	1.0	42.0	I	False	('G', 'B', 'D')	G	G	0.0	major triad	(2, 7, 11)	G	G	1	None	False	['G', 'B', 'D', 'G', 'B', 'D', 'G', 'B', 'D', 'G', 'B', 'D', 'G', 'B', 'D', 'G', 'B', 'D', 'G', 'B', 'D', 'G', 'B', 'D']	0.0	0.0	0.0	0.0
44.375	1.0	15.0	['G4', 'B4', 'D5']	['M3', 'P5']	[False, False, False]	15.0	1.0	42.0	I	False	('G', 'B', 'D')	G	G	0.0	major triad	(2, 7, 11)	G	G	1	None	False	['G', 'B', 'D', 'G', 'B', 'D', 'G', 'B', 'D', 'G', 'B', 'D', 'G', 'B', 'D', 'G', 'B', 'D', 'G', 'B', 'D', 'G', 'B', 'D']	0.0	0.0	0.0	0.0
44.5	1.0	15.0	['G4', 'B4', 'D5']	['M3', 'P5']	[False, False, False]	15.0	1.0	42.0	I	False	('G', 'B', 'D')	G	G	0.0	major triad	(2, 7, 11)	G	G	1	None	False	['G', 'B', 'D', 'G', 'B', 'D', 'G', 'B', 'D', 'G', 'B', 'D', 'G', 'B', 'D', 'G', 'B', 'D', 'G', 'B', 'D', 'G', 'B', 'D']	0.0	0.0	0.0	0.0
44.625	1.0	15.0	['G4', 'B4', 'D5']	['M3', 'P5']	[False, False, False]	15.0	1.0	42.0	I	False	('G', 'B', 'D')	G	G	0.0	major triad	(2, 7, 11)	G	G	1	None	False	['G', 'B', 'D', 'G', 'B', 'D', 'G', 'B', 'D', 'G', 'B', 'D', 'G', 'B', 'D', 'G', 'B', 'D', 'G', 'B', 'D', 'G', 'B', 'D']	0.0	0.0	0.0	0.0
44.75	1.0	15.0	['G4', 'B4', 'D5']	['M3', 'P5']	[False, False, False]	15.0	1.0	42.0	I	False	('G', 'B', 'D')	G	G	0.0	major triad	(2, 7, 11)	G	G	1	None	False	['G', 'B', 'D', 'G', 'B', 'D', 'G', 'B', 'D', 'G', 'B', 'D', 'G', 'B', 'D', 'G', 'B', 'D', 'G', 'B', 'D', 'G', 'B', 'D']	0.0	0.0	0.0	0.0
44.875	1.0	15.0	['G4', 'B4', 'D5']	['M3', 'P5']	[False, False, False]	15.0	1.0	42.0	I	False	('G', 'B', 'D')	G	G	0.0	major triad	(2, 7, 11)	G	G	1	None	False	['G', 'B', 'D', 'G', 'B', 'D', 'G', 'B', 'D', 'G', 'B', 'D', 'G', 'B', 'D', 'G', 'B', 'D', 'G', 'B', 'D', 'G', 'B', 'D']	0.0	0.0	0.0	0.0
45.0	1.0	15.0	['A4', 'C5', 'F#5']	['m3', 'M6']	[True, True, True]	15.0	1.0	43.0	viio	True	('A', 'C', 'F#')	A	F#	1.0	diminished triad	(0, 6, 9)	G	G	7	None	False	['A', 'C', 'F#', 'A', 'C', 'F#', 'A', 'C', 'F#', 'A', 'C', 'F#', 'A', 'C', 'F#', 'A', 'C', 'F#', 'A', 'C', 'F#', 'A', 'C', 'F#']	0.0	0.0	0.0	0.0
45.125	1.0	15.0	['A4', 'C5', 'F#5']	['m3', 'M6']	[False, False, False]	15.0	1.0	43.0	viio	False	('A', 'C', 'F#')	A	F#	1.0	diminished triad	(0, 6, 9)	G	G	7	None	False	['A', 'C', 'F#', 'A', 'C', 'F#', 'A', 'C', 'F#', 'A', 'C', 'F#', 'A', 'C', 'F#', 'A', 'C', 'F#', 'A', 'C', 'F#', 'A', 'C', 'F#']	0.0	0.0	0.0	0.0
45.25	1.0	15.0	['A4', 'C5', 'F#5']	['m3', 'M6']	[False, False, False]	15.0	1.0	43.0	viio	False	('A', 'C', 'F#')	A	F#	1.0	diminished triad	(0, 6, 9)	G	G	7	None	False	['A', 'C', 'F#', 'A', 'C', 'F#', 'A', 'C', 'F#', 'A', 'C', 'F#', 'A', 'C', 'F#', 'A', 'C', 'F#', 'A', 'C', 'F#', 'A', 'C', 'F#']	0.0	0.0	0.0	0.0
45.375	1.0	15.0	['A4', 'C5', 'F#5']	['m3', 'M6']	[False, False, False]	15.0	1.0	43.0	viio	False	('A', 'C', 'F#')	A	F#	1.0	diminished triad	(0, 6, 9)	G	G	7	None	False	['A', 'C', 'F#', 'A', 'C', 'F#', 'A', 'C', 'F#', 'A', 'C', 'F#', 'A', 'C', 'F#', 'A', 'C', 'F#', 'A', 'C', 'F#', 'A', 'C', 'F#']	0.0	0.0	0.0	0.0
45.5	1.0	15.0	['A4', 'C5', 'F#5']	['m3', 'M6']	[False, False, False]	15.0	1.0	43.0	viio	False	('A', 'C', 'F#')	A	F#	1.0	diminished triad	(0, 6, 9)	G	G	7	None	False	['A', 'C', 'F#', 'A', 'C', 'F#', 'A', 'C', 'F#', 'A', 'C', 'F#', 'A', 'C', 'F#', 'A', 'C', 'F#', 'A', 'C', 'F#', 'A', 'C', 'F#']	0.0	0.0	0.0	0.0
45.625	1.0	15.0	['A4', 'C5', 'F#5']	['m3', 'M6']	[False, False, False]	15.0	1.0	43.0	viio	False	('A', 'C', 'F#')	A	F#	1.0	diminished triad	(0, 6, 9)	G	G	7	None	False	['A', 'C', 'F#', 'A', 'C', 'F#', 'A', 'C', 'F#', 'A', 'C', 'F#', 'A', 'C', 'F#', 'A', 'C', 'F#', 'A', 'C', 'F#', 'A', 'C', 'F#']	0.0	0.0	0.0	0.0
45.75	1.0	15.0	['A4', 'C5', 'F#5']	['m3', 'M6']	[False, False, False]	15.0	1.0	43.0	viio	False	('A', 'C', 'F#')	A	F#	1.0	diminished triad	(0, 6, 9)	G	G	7	None	False	['A', 'C', 'F#', 'A', 'C', 'F#', 'A', 'C', 'F#', 'A', 'C', 'F#', 'A', 'C', 'F#', 'A', 'C', 'F#', 'A', 'C', 'F#', 'A', 'C', 'F#']	0.0	0.0	0.0	0.0
45.875	1.0	15.0	['A4', 'C5', 'F#5']	['m3', 'M6']	[False, False, False]	15.0	1.0	43.0	viio	False	('A', 'C', 'F#')	A	F#	1.0	diminished triad	(0, 6, 9)	G	G	7	None	False	['A', 'C', 'F#', 'A', 'C', 'F#', 'A', 'C', 'F#', 'A', 'C', 'F#', 'A', 'C', 'F#', 'A', 'C', 'F#', 'A', 'C', 'F#', 'A', 'C', 'F#']	0.0	0.0	0.0	0.0
46.0	0.5	16.0	['B4']	[]	[True]	16.0	1.0	44.0	I	True	('B', 'D', 'G')	B	G	1.0	major triad	(2, 7, 11)	G	G	1	None	False	['B', 'B', 'B', 'B', 'D', 'G', 'D', 'G', 'D', 'G', 'D', 'G']	0.0	0.0	0.0	0.5
46.125	0.5	16.0	['B4']	[]	[False]	16.0	1.0	44.0	I	False	('B', 'D', 'G')	B	G	1.0	major triad	(2, 7, 11)	G	G	1	None	False	['B', 'B', 'B', 'B', 'D', 'G', 'D', 'G', 'D', 'G', 'D', 'G']	0.0	0.0	0.0	0.5
46.25	0.5	16.0	['B4']	[]	[False]	16.0	1.0	44.0	I	False	('B', 'D', 'G')	B	G	1.0	major triad	(2, 7, 11)	G	G	1	None	False	['B', 'B', 'B', 'B', 'D', 'G', 'D', 'G', 'D', 'G', 'D', 'G']	0.0	0.0	0.0	0.5
46.375	0.5	16.0	['B4']	[]	[False]	16.0	1.0	44.0	I	False	('B', 'D', 'G')	B	G	1.0	major triad	(2, 7, 11)	G	G	1	None	False	['B', 'B', 'B', 'B', 'D', 'G', 'D', 'G', 'D', 'G', 'D', 'G']	0.0	0.0	0.0	0.5
46.5	0.5	16.0	['D5', 'G5']	['P4']	[True, True]	16.0	1.0	44.0	I	False	('B', 'D', 'G')	B	G	1.0	major triad	(2, 7, 11)	G	G	1	None	False	['B', 'B', 'B', 'B', 'D', 'G', 'D', 'G', 'D', 'G', 'D', 'G']	0.0	0.0	0.0	0.5
46.625	0.5	16.0	['D5', 'G5']	['P4']	[False, False]	16.0	1.0	44.0	I	False	('B', 'D', 'G')	B	G	1.0	major triad	(2, 7, 11)	G	G	1	None	False	['B', 'B', 'B', 'B', 'D', 'G', 'D', 'G', 'D', 'G', 'D', 'G']	0.0	0.0	0.0	0.5
46.75	0.5	16.0	['D5', 'G5']	['P4']	[False, False]	16.0	1.0	44.0	I	False	('B', 'D', 'G')	B	G	1.0	major triad	(2, 7, 11)	G	G	1	None	False	['B', 'B', 'B', 'B', 'D', 'G', 'D', 'G', 'D', 'G', 'D', 'G']	0.0	0.0	0.0	0.5
46.875	0.5	16.0	['D5', 'G5']	['P4']	[False, False]	16.0	1.0	44.0	I	False	('B', 'D', 'G')	B	G	1.0	major triad	(2, 7, 11)	G	G	1	None	False	['B', 'B', 'B', 'B', 'D', 'G', 'D', 'G', 'D', 'G', 'D', 'G']	0.0	0.0	0.0	0.5
47.0	0.5	16.0	['G4']	[]	[True]	16.0	1.0	45.0	I	True	('G', 'B', 'D')	G	G	0.0	major triad	(2, 7, 11)	G	G	1	None	False	['G', 'G', 'G', 'G', 'B', 'D', 'B', 'D', 'B', 'D', 'B', 'D']	0.0	0.0	0.0	0.5
47.125	0.5	16.0	['G4']	[]	[False]	16.0	1.0	45.0	I	False	('G', 'B', 'D')	G	G	0.0	major triad	(2, 7, 11)	G	G	1	None	False	['G', 'G', 'G', 'G', 'B', 'D', 'B', 'D', 'B', 'D', 'B', 'D']	0.0	0.0	0.0	0.5
47.25	0.5	16.0	['G4']	[]	[False]	16.0	1.0	45.0	I	False	('G', 'B', 'D')	G	G	0.0	major triad	(2, 7, 11)	G	G	1	None	False	['G', 'G', 'G', 'G', 'B', 'D', 'B', 'D', 'B', 'D', 'B', 'D']	0.0	0.0	0.0	0.5
47.375	0.5	16.0	['G4']	[]	[False]	16.0	1.0	45.0	I	False	('G', 'B', 'D')	G	G	0.0	major triad	(2, 7, 11)	G	G	1	None	False	['G', 'G', 'G', 'G', 'B', 'D', 'B', 'D', 'B', 'D', 'B', 'D']	0.0	0.0	0.0	0.5
47.5	0.5	16.0	['B4', 'D5']	['m3']	[True, True]	16.0	1.0	45.0	I	False	('G', 'B', 'D')	G	G	0.0	major triad	(2, 7, 11)	G	G	1	None	False	['G', 'G', 'G', 'G', 'B', 'D', 'B', 'D', 'B', 'D', 'B', 'D']	0.0	0.0	0.0	0.5
47.625	0.5	16.0	['B4', 'D5']	['m3']	[False, False]	16.0	1.0	45.0	I	False	('G', 'B', 'D')	G	G	0.0	major triad	(2, 7, 11)	G	G	1	None	False	['G', 'G', 'G', 'G', 'B', 'D', 'B', 'D', 'B', 'D', 'B', 'D']	0.0	0.0	0.0	0.5
47.75	0.5	16.0	['B4', 'D5']	['m3']	[False, False]	16.0	1.0	45.0	I	False	('G', 'B', 'D')	G	G	0.0	major triad	(2, 7, 11)	G	G	1	None	False	['G', 'G', 'G', 'G', 'B', 'D', 'B', 'D', 'B', 'D', 'B', 'D']	0.0	0.0	0.0	0.5
47.875	0.5	16.0	['B4', 'D5']	['m3']	[False, False]	16.0	1.0	45.0	I	False	('G', 'B', 'D')	G	G	0.0	major triad	(2, 7, 11)	G	G	1	None	False	['G', 'G', 'G', 'G', 'B', 'D', 'B', 'D', 'B', 'D', 'B', 'D']	0.0	0.0	0.0	0.5
48.0	0.5	16.0	['D5', 'F#5', 'A5']	['M3', 'P5']	[True, True, True]	16.0	0.5	46.0	V	True	('D', 'F#', 'A')	D	D	0.0	major triad	(2, 6, 9)	G	G	5	None	False	['D', 'F#', 'A', 'D', 'F#', 'A', 'D', 'F#', 'A', 'D', 'F#', 'A']	0.0	0.0	0.0	0.0
48.125	0.5	16.0	['D5', 'F#5', 'A5']	['M3', 'P5']	[False, False, False]	16.0	0.5	46.0	V	False	('D', 'F#', 'A')	D	D	0.0	major triad	(2, 6, 9)	G	G	5	None	False	['D', 'F#', 'A', 'D', 'F#', 'A', 'D', 'F#', 'A', 'D', 'F#', 'A']	0.0	0.0	0.0	0.0
48.25	0.5	16.0	['D5', 'F#5', 'A5']	['M3', 'P5']	[False, False, False]	16.0	0.5	46.0	V	False	('D', 'F#', 'A')	D	D	0.0	major triad	(2, 6, 9)	G	G	5	None	False	['D', 'F#', 'A', 'D', 'F#', 'A', 'D', 'F#', 'A', 'D', 'F#', 'A']	0.0	0.0	0.0	0.0
48.375	0.5	16.0	['D5', 'F#5', 'A5']	['M3', 'P5']	[False, False, False]	16.0	0.5	46.0	V	False	('D', 'F#', 'A')	D	D	0.0	major triad	(2, 6, 9)	G	G	5	None	False	['D', 'F#', 'A', 'D', 'F#', 'A', 'D', 'F#', 'A', 'D', 'F#', 'A']	0.0	0.0	0.0	0.0
48.5	0.5	16.0	['D5', 'F#5', 'A5', 'C6']	['M3', 'P5', 'm7']	[True, True, True, True]	16.0	0.5	47.0	V7	True	('D', 'F#', 'A', 'C')	D	D	0.0	dominant seventh chord	(0, 2, 6, 9)	G	G	5	None	False	['D', 'F#', 'A', 'C', 'D', 'F#', 'A', 'C', 'D', 'F#', 'A', 'C', 'D', 'F#', 'A', 'C']	0.0	0.0	0.0	0.0
48.625	0.5	16.0	['D5', 'F#5', 'A5', 'C6']	['M3', 'P5', 'm7']	[False, False, False, False]	16.0	0.5	47.0	V7	False	('D', 'F#', 'A', 'C')	D	D	0.0	dominant seventh chord	(0, 2, 6, 9)	G	G	5	None	False	['D', 'F#', 'A', 'C', 'D', 'F#', 'A', 'C', 'D', 'F#', 'A', 'C', 'D', 'F#', 'A', 'C']	0.0	0.0	0.0	0.0
48.75	0.5	16.0	['D5', 'F#5', 'A5', 'C6']	['M3', 'P5', 'm7']	[False, False, False, False]	16.0	0.5	47.0	V7	False	('D', 'F#', 'A', 'C')	D	D	0.0	dominant seventh chord	(0, 2, 6, 9)	G	G	5	None	False	['D', 'F#', 'A', 'C', 'D', 'F#', 'A', 'C', 'D', 'F#', 'A', 'C', 'D', 'F#', 'A', 'C']	0.0	0.0	0.0	0.0
48.875	0.5	16.0	['D5', 'F#5', 'A5', 'C6']	['M3', 'P5', 'm7']	[False, False, False, False]	16.0	0.5	47.0	V7	False	('D', 'F#', 'A', 'C')	D	D	0.0	dominant seventh chord	(0, 2, 6, 9)	G	G	5	None	False	['D', 'F#', 'A', 'C', 'D', 'F#', 'A', 'C', 'D', 'F#', 'A', 'C', 'D', 'F#', 'A', 'C']	0.0	0.0	0.0	0.0
49.0	0.25	17.0	['E5']	[]	[True]	17.0	1.0	48.0	vi	True	('E', 'G', 'B')	E	E	0.0	minor triad	(4, 7, 11)	G	G	6	None	False	['E', 'E', 'B', 'B', 'G', 'G', 'B', 'B']	0.0	0.0	0.0	0.75
49.125	0.25	17.0	['E5']	[]	[False]	17.0	1.0	48.0	vi	False	('E', 'G', 'B')	E	E	0.0	minor triad	(4, 7, 11)	G	G	6	None	False	['E', 'E', 'B', 'B', 'G', 'G', 'B', 'B']	0.0	0.0	0.0	0.75
49.25	0.25	17.0	['B5']	[]	[True]	17.0	1.0	48.0	vi	False	('E', 'G', 'B')	E	E	0.0	minor triad	(4, 7, 11)	G	G	6	None	False	['E', 'E', 'B', 'B', 'G', 'G', 'B', 'B']	0.0	0.0	0.0	0.75
49.375	0.25	17.0	['B5']	[]	[False]	17.0	1.0	48.0	vi	False	('E', 'G', 'B')	E	E	0.0	minor triad	(4, 7, 11)	G	G	6	None	False	['E', 'E', 'B', 'B', 'G', 'G', 'B', 'B']	0.0	0.0	0.0	0.75
49.5	0.25	17.0	['G5']	[]	[True]	17.0	1.0	48.0	vi	False	('E', 'G', 'B')	E	E	0.0	minor triad	(4, 7, 11)	G	G	6	None	False	['E', 'E', 'B', 'B', 'G', 'G', 'B', 'B']	0.0	0.0	0.0	0.75
49.625	0.25	17.0	['G5']	[]	[False]	17.0	1.0	48.0	vi	False	('E', 'G', 'B')	E	E	0.0	minor triad	(4, 7, 11)	G	G	6	None	False	['E', 'E', 'B', 'B', 'G', 'G', 'B', 'B']	0.0	0.0	0.0	0.75
49.75	0.25	17.0	['B5']	[]	[True]	17.0	1.0	48.0	vi	False	('E', 'G', 'B')	E	E	0.0	minor triad	(4, 7, 11)	G	G	6	None	False	['E', 'E', 'B', 'B', 'G', 'G', 'B', 'B']	0.0	0.0	0.0	0.75
49.875	0.25	17.0	['B5']	[]	[False]	17.0	1.0	48.0	vi	False	('E', 'G', 'B')	E	E	0.0	minor triad	(4, 7, 11)	G	G	6	None	False	['E', 'E', 'B', 'B', 'G', 'G', 'B', 'B']	0.0	0.0	0.0	0.75
50.0	0.25	17.0	['C5']	[]	[True]	17.0	1.0	49.0	IV	True	('C', 'E', 'G')	C	C	0.0	major triad	(0, 4, 7)	G	G	4	None	False	['C', 'C', 'G', 'G', 'E', 'E', 'G', 'G']	0.0	0.0	0.0	0.75
50.125	0.25	17.0	['C5']	[]	[False]	17.0	1.0	49.0	IV	False	('C', 'E', 'G')	C	C	0.0	major triad	(0, 4, 7)	G	G	4	None	False	['C', 'C', 'G', 'G', 'E', 'E', 'G', 'G']	0.0	0.0	0.0	0.75
50.25	0.25	17.0	['G5']	[]	[True]	17.0	1.0	49.0	IV	False	('C', 'E', 'G')	C	C	0.0	major triad	(0, 4, 7)	G	G	4	None	False	['C', 'C', 'G', 'G', 'E', 'E', 'G', 'G']	0.0	0.0	0.0	0.75
50.375	0.25	17.0	['G5']	[]	[False]	17.0	1.0	49.0	IV	False	('C', 'E', 'G')	C	C	0.0	major triad	(0, 4, 7)	G	G	4	None	False	['C', 'C', 'G', 'G', 'E', 'E', 'G', 'G']	0.0	0.0	0.0	0.75
50.5	0.25	17.0	['E5']	[]	[True]	17.0	1.0	49.0	IV	False	('C', 'E', 'G')	C	C	0.0	major triad	(0, 4, 7)	G	G	4	None	False	['C', 'C', 'G', 'G', 'E', 'E', 'G', 'G']	0.0	0.0	0.0	0.75
50.625	0.25	17.0	['E5']	[]	[False]	17.0	1.0	49.0	IV	False	('C', 'E', 'G')	C	C	0.0	major triad	(0, 4, 7)	G	G	4	None	False	['C', 'C', 'G', 'G', 'E', 'E', 'G', 'G']	0.0	0.0	0.0	0.75
50.75	0.25	17.0	['G5']	[]	[True]	17.0	1.0	49.0	IV	False	('C', 'E', 'G')	C	C	0.0	major triad	(0, 4, 7)	G	G	4	None	False	['C', 'C', 'G', 'G', 'E', 'E', 'G', 'G']	0.0	0.0	0.0	0.75
50.875	0.25	17.0	['G5']	[]	[False]	17.0	1.0	49.0	IV	False	('C', 'E', 'G')	C	C	0.0	major triad	(0, 4, 7)	G	G	4	None	False	['C', 'C', 'G', 'G', 'E', 'E', 'G', 'G']	0.0	0.0	0.0	0.75
51.0	0.5	17.0	['G4']	[]	[True]	17.0	1.0	50.0	I	True	('G', 'B', 'D')	G	G	0.0	major triad	(2, 7, 11)	G	G	1	None	False	['G', 'G', 'G', 'G', 'B', 'D', 'B', 'D', 'B', 'D', 'B', 'D']	0.0	0.0	0.0	0.5
51.125	0.5	17.0	['G4']	[]	[False]	17.0	1.0	50.0	I	False	('G', 'B', 'D')	G	G	0.0	major triad	(2, 7, 11)	G	G	1	None	False	['G', 'G', 'G', 'G', 'B', 'D', 'B', 'D', 'B', 'D', 'B', 'D']	0.0	0.0	0.0	0.5
51.25	0.5	17.0	['G4']	[]	[False]	17.0	1.0	50.0	I	False	('G', 'B', 'D')	G	G	0.0	major triad	(2, 7, 11)	G	G	1	None	False	['G', 'G', 'G', 'G', 'B', 'D', 'B', 'D', 'B', 'D', 'B', 'D']	0.0	0.0	0.0	0.5
51.375	0.5	17.0	['G4']	[]	[False]	17.0	1.0	50.0	I	False	('G', 'B', 'D')	G	G	0.0	major triad	(2, 7, 11)	G	G	1	None	False	['G', 'G', 'G', 'G', 'B', 'D', 'B', 'D', 'B', 'D', 'B', 'D']	0.0	0.0	0.0	0.5
51.5	0.5	17.0	['B4', 'D5']	['m3']	[True, True]	17.0	1.0	50.0	I	False	('G', 'B', 'D')	G	G	0.0	major triad	(2, 7, 11)	G	G	1	None	False	['G', 'G', 'G', 'G', 'B', 'D', 'B', 'D', 'B', 'D', 'B', 'D']	0.0	0.0	0.0	0.5
51.625	0.5	17.0	['B4', 'D5']	['m3']	[False, False]	17.0	1.0	50.0	I	False	('G', 'B', 'D')	G	G	0.0	major triad	(2, 7, 11)	G	G	1	None	False	['G', 'G', 'G', 'G', 'B', 'D', 'B', 'D', 'B', 'D', 'B', 'D']	0.0	0.0	0.0	0.5
51.75	0.5	17.0	['B4', 'D5']	['m3']	[False, False]	17.0	1.0	50.0	I	False	('G', 'B', 'D')	G	G	0.0	major triad	(2, 7, 11)	G	G	1	None	False	['G', 'G', 'G', 'G', 'B', 'D', 'B', 'D', 'B', 'D', 'B', 'D']	0.0	0.0	0.0	0.5
51.875	0.5	17.0	['B4', 'D5']	['m3']	[False, False]	17.0	1.0	50.0	I	False	('G', 'B', 'D')	G	G	0.0	major triad	(2, 7, 11)	G	G	1	None	False	['G', 'G', 'G', 'G', 'B', 'D', 'B', 'D', 'B', 'D', 'B', 'D']	0.0	0.0	0.0	0.5
52.0	0.5	18.0	['A5']	[]	[True]	18.0	2.0	51.0	V	True	('D', 'F#', 'A')	D	D	0.0	major triad	(2, 6, 9)	G	G	5	None	False	['A', 'A', 'A', 'A', 'D', 'D', 'D', 'D', 'D', 'D', 'D', 'D', 'F#', 'F#', 'F#', 'F#']	0.0	0.0	0.0	0.5
52.125	0.5	18.0	['A5']	[]	[False]	18.0	2.0	51.0	V	False	('D', 'F#', 'A')	D	D	0.0	major triad	(2, 6, 9)	G	G	5	None	False	['A', 'A', 'A', 'A', 'D', 'D', 'D', 'D', 'D', 'D', 'D', 'D', 'F#', 'F#', 'F#', 'F#']	0.0	0.0	0.0	0.5
52.25	0.5	18.0	['A5']	[]	[False]	18.0	2.0	51.0	V	False	('D', 'F#', 'A')	D	D	0.0	major triad	(2, 6, 9)	G	G	5	None	False	['A', 'A', 'A', 'A', 'D', 'D', 'D', 'D', 'D', 'D', 'D', 'D', 'F#', 'F#', 'F#', 'F#']	0.0	0.0	0.0	0.5
52.375	0.5	18.0	['A5']	[]	[False]	18.0	2.0	51.0	V	False	('D', 'F#', 'A')	D	D	0.0	major triad	(2, 6, 9)	G	G	5	None	False	['A', 'A', 'A', 'A', 'D', 'D', 'D', 'D', 'D', 'D', 'D', 'D', 'F#', 'F#', 'F#', 'F#']	0.0	0.0	0.0	0.5
52.5	1.0	18.0	['D5']	[]	[True]	18.0	2.0	51.0	V	False	('D', 'F#', 'A')	D	D	0.0	major triad	(2, 6, 9)	G	G	5	None	False	['A', 'A', 'A', 'A', 'D', 'D', 'D', 'D', 'D', 'D', 'D', 'D', 'F#', 'F#', 'F#', 'F#']	0.0	0.0	0.0	0.5
52.625	1.0	18.0	['D5']	[]	[False]	18.0	2.0	51.0	V	False	('D', 'F#', 'A')	D	D	0.0	major triad	(2, 6, 9)	G	G	5	None	False	['A', 'A', 'A', 'A', 'D', 'D', 'D', 'D', 'D', 'D', 'D', 'D', 'F#', 'F#', 'F#', 'F#']	0.0	0.0	0.0	0.5
52.75	1.0	18.0	['D5']	[]	[False]	18.0	2.0	51.0	V	False	('D', 'F#', 'A')	D	D	0.0	major triad	(2, 6, 9)	G	G	5	None	False	['A', 'A', 'A', 'A', 'D', 'D', 'D', 'D', 'D', 'D', 'D', 'D', 'F#', 'F#', 'F#', 'F#']	0.0	0.0	0.0	0.5
52.875	1.0	18.0	['D5']	[]	[False]	18.0	2.0	51.0	V	False	('D', 'F#', 'A')	D	D	0.0	major triad	(2, 6, 9)	G	G	5	None	False	['A', 'A', 'A', 'A', 'D', 'D', 'D', 'D', 'D', 'D', 'D', 'D', 'F#', 'F#', 'F#', 'F#']	0.0	0.0	0.0	0.5
53.0	1.0	18.0	['D5']	[]	[False]	18.0	2.0	51.0	V	False	('D', 'F#', 'A')	D	D	0.0	major triad	(2, 6, 9)	G	G	5	None	False	['A', 'A', 'A', 'A', 'D', 'D', 'D', 'D', 'D', 'D', 'D', 'D', 'F#', 'F#', 'F#', 'F#']	0.0	0.0	0.0	0.5
53.125	1.0	18.0	['D5']	[]	[False]	18.0	2.0	51.0	V	False	('D', 'F#', 'A')	D	D	0.0	major triad	(2, 6, 9)	G	G	5	None	False	['A', 'A', 'A', 'A', 'D', 'D', 'D', 'D', 'D', 'D', 'D', 'D', 'F#', 'F#', 'F#', 'F#']	0.0	0.0	0.0	0.5
53.25	1.0	18.0	['D5']	[]	[False]	18.0	2.0	51.0	V	False	('D', 'F#', 'A')	D	D	0.0	major triad	(2, 6, 9)	G	G	5	None	False	['A', 'A', 'A', 'A', 'D', 'D', 'D', 'D', 'D', 'D', 'D', 'D', 'F#', 'F#', 'F#', 'F#']	0.0	0.0	0.0	0.5
53.375	1.0	18.0	['D5']	[]	[False]	18.0	2.0	51.0	V	False	('D', 'F#', 'A')	D	D	0.0	major triad	(2, 6, 9)	G	G	5	None	False	['A', 'A', 'A', 'A', 'D', 'D', 'D', 'D', 'D', 'D', 'D', 'D', 'F#', 'F#', 'F#', 'F#']	0.0	0.0	0.0	0.5
53.5	0.5	18.0	['F#5']	[]	[True]	18.0	2.0	51.0	V	False	('D', 'F#', 'A')	D	D	0.0	major triad	(2, 6, 9)	G	G	5	None	False	['A', 'A', 'A', 'A', 'D', 'D', 'D', 'D', 'D', 'D', 'D', 'D', 'F#', 'F#', 'F#', 'F#']	0.0	0.0	0.0	0.5
53.625	0.5	18.0	['F#5']	[]	[False]	18.0	2.0	51.0	V	False	('D', 'F#', 'A')	D	D	0.0	major triad	(2, 6, 9)	G	G	5	None	False	['A', 'A', 'A', 'A', 'D', 'D', 'D', 'D', 'D', 'D', 'D', 'D', 'F#', 'F#', 'F#', 'F#']	0.0	0.0	0.0	0.5
53.75	0.5	18.0	['F#5']	[]	[False]	18.0	2.0	51.0	V	False	('D', 'F#', 'A')	D	D	0.0	major triad	(2, 6, 9)	G	G	5	None	False	['A', 'A', 'A', 'A', 'D', 'D', 'D', 'D', 'D', 'D', 'D', 'D', 'F#', 'F#', 'F#', 'F#']	0.0	0.0	0.0	0.5
53.875	0.5	18.0	['F#5']	[]	[False]	18.0	2.0	51.0	V	False	('D', 'F#', 'A')	D	D	0.0	major triad	(2, 6, 9)	G	G	5	None	False	['A', 'A', 'A', 'A', 'D', 'D', 'D', 'D', 'D', 'D', 'D', 'D', 'F#', 'F#', 'F#', 'F#']	0.0	0.0	0.0	0.5
54.0	0.25	18.0	['G4']	[]	[True]	18.0	1.0	52.0	I	True	('G', 'B', 'D')	G	G	0.0	major triad	(2, 7, 11)	G	G	1	None	False	['G', 'G', 'D', 'D', 'B', 'B', 'D', 'D']	0.0	0.0	0.0	0.75
54.125	0.25	18.0	['G4']	[]	[False]	18.0	1.0	52.0	I	False	('G', 'B', 'D')	G	G	0.0	major triad	(2, 7, 11)	G	G	1	None	False	['G', 'G', 'D', 'D', 'B', 'B', 'D', 'D']	0.0	0.0	0.0	0.75
54.25	0.25	18.0	['D5']	[]	[True]	18.0	1.0	52.0	I	False	('G', 'B', 'D')	G	G	0.0	major triad	(2, 7, 11)	G	G	1	None	False	['G', 'G', 'D', 'D', 'B', 'B', 'D', 'D']	0.0	0.0	0.0	0.75
54.375	0.25	18.0	['D5']	[]	[False]	18.0	1.0	52.0	I	False	('G', 'B', 'D')	G	G	0.0	major triad	(2, 7, 11)	G	G	1	None	False	['G', 'G', 'D', 'D', 'B', 'B', 'D', 'D']	0.0	0.0	0.0	0.75
54.5	0.25	18.0	['B4']	[]	[True]	18.0	1.0	52.0	I	False	('G', 'B', 'D')	G	G	0.0	major triad	(2, 7, 11)	G	G	1	None	False	['G', 'G', 'D', 'D', 'B', 'B', 'D', 'D']	0.0	0.0	0.0	0.75
54.625	0.25	18.0	['B4']	[]	[False]	18.0	1.0	52.0	I	False	('G', 'B', 'D')	G	G	0.0	major triad	(2, 7, 11)	G	G	1	None	False	['G', 'G', 'D', 'D', 'B', 'B', 'D', 'D']	0.0	0.0	0.0	0.75
54.75	0.25	18.0	['D5']	[]	[True]	18.0	1.0	52.0	I	False	('G', 'B', 'D')	G	G	0.0	major triad	(2, 7, 11)	G	G	1	None	False	['G', 'G', 'D', 'D', 'B', 'B', 'D', 'D']	0.0	0.0	0.0	0.75
54.875	0.25	18.0	['D5']	[]	[False]	18.0	1.0	52.0	I	False	('G', 'B', 'D')	G	G	0.0	major triad	(2, 7, 11)	G	G	1	None	False	['G', 'G', 'D', 'D', 'B', 'B', 'D', 'D']	0.0	0.0	0.0	0.75
55.0	1.0	19.0	['F#5']	[]	[True]	19.0	2.0	53.0	V	True	('F#', 'A', 'D')	F#	D	1.0	major triad	(2, 6, 9)	G	G	5	None	False	['F#', 'F#', 'F#', 'F#', 'F#', 'F#', 'F#', 'F#', 'A', 'D', 'A', 'D', 'A', 'D', 'A', 'D', 'A', 'D', 'A', 'D', 'A', 'D', 'A', 'D']	0.0	0.0	0.0	0.5
55.125	1.0	19.0	['F#5']	[]	[False]	19.0	2.0	53.0	V	False	('F#', 'A', 'D')	F#	D	1.0	major triad	(2, 6, 9)	G	G	5	None	False	['F#', 'F#', 'F#', 'F#', 'F#', 'F#', 'F#', 'F#', 'A', 'D', 'A', 'D', 'A', 'D', 'A', 'D', 'A', 'D', 'A', 'D', 'A', 'D', 'A', 'D']	0.0	0.0	0.0	0.5
55.25	1.0	19.0	['F#5']	[]	[False]	19.0	2.0	53.0	V	False	('F#', 'A', 'D')	F#	D	1.0	major triad	(2, 6, 9)	G	G	5	None	False	['F#', 'F#', 'F#', 'F#', 'F#', 'F#', 'F#', 'F#', 'A', 'D', 'A', 'D', 'A', 'D', 'A', 'D', 'A', 'D', 'A', 'D', 'A', 'D', 'A', 'D']	0.0	0.0	0.0	0.5
55.375	1.0	19.0	['F#5']	[]	[False]	19.0	2.0	53.0	V	False	('F#', 'A', 'D')	F#	D	1.0	major triad	(2, 6, 9)	G	G	5	None	False	['F#', 'F#', 'F#', 'F#', 'F#', 'F#', 'F#', 'F#', 'A', 'D', 'A', 'D', 'A', 'D', 'A', 'D', 'A', 'D', 'A', 'D', 'A', 'D', 'A', 'D']	0.0	0.0	0.0	0.5
55.5	1.0	19.0	['F#5']	[]	[False]	19.0	2.0	53.0	V	False	('F#', 'A', 'D')	F#	D	1.0	major triad	(2, 6, 9)	G	G	5	None	False	['F#', 'F#', 'F#', 'F#', 'F#', 'F#', 'F#', 'F#', 'A', 'D', 'A', 'D', 'A', 'D', 'A', 'D', 'A', 'D', 'A', 'D', 'A', 'D', 'A', 'D']	0.0	0.0	0.0	0.5
55.625	1.0	19.0	['F#5']	[]	[False]	19.0	2.0	53.0	V	False	('F#', 'A', 'D')	F#	D	1.0	major triad	(2, 6, 9)	G	G	5	None	False	['F#', 'F#', 'F#', 'F#', 'F#', 'F#', 'F#', 'F#', 'A', 'D', 'A', 'D', 'A', 'D', 'A', 'D', 'A', 'D', 'A', 'D', 'A', 'D', 'A', 'D']	0.0	0.0	0.0	0.5
55.75	1.0	19.0	['F#5']	[]	[False]	19.0	2.0	53.0	V	False	('F#', 'A', 'D')	F#	D	1.0	major triad	(2, 6, 9)	G	G	5	None	False	['F#', 'F#', 'F#', 'F#', 'F#', 'F#', 'F#', 'F#', 'A', 'D', 'A', 'D', 'A', 'D', 'A', 'D', 'A', 'D', 'A', 'D', 'A', 'D', 'A', 'D']	0.0	0.0	0.0	0.5
55.875	1.0	19.0	['F#5']	[]	[False]	19.0	2.0	53.0	V	False	('F#', 'A', 'D')	F#	D	1.0	major triad	(2, 6, 9)	G	G	5	None	False	['F#', 'F#', 'F#', 'F#', 'F#', 'F#', 'F#', 'F#', 'A', 'D', 'A', 'D', 'A', 'D', 'A', 'D', 'A', 'D', 'A', 'D', 'A', 'D', 'A', 'D']	0.0	0.0	0.0	0.5
56.0	1.0	19.0	['A5', 'D6']	['P4']	[True, True]	19.0	2.0	53.0	V	False	('F#', 'A', 'D')	F#	D	1.0	major triad	(2, 6, 9)	G	G	5	None	False	['F#', 'F#', 'F#', 'F#', 'F#', 'F#', 'F#', 'F#', 'A', 'D', 'A', 'D', 'A', 'D', 'A', 'D', 'A', 'D', 'A', 'D', 'A', 'D', 'A', 'D']	0.0	0.0	0.0	0.5
56.125	1.0	19.0	['A5', 'D6']	['P4']	[False, False]	19.0	2.0	53.0	V	False	('F#', 'A', 'D')	F#	D	1.0	major triad	(2, 6, 9)	G	G	5	None	False	['F#', 'F#', 'F#', 'F#', 'F#', 'F#', 'F#', 'F#', 'A', 'D', 'A', 'D', 'A', 'D', 'A', 'D', 'A', 'D', 'A', 'D', 'A', 'D', 'A', 'D']	0.0	0.0	0.0	0.5
56.25	1.0	19.0	['A5', 'D6']	['P4']	[False, False]	19.0	2.0	53.0	V	False	('F#', 'A', 'D')	F#	D	1.0	major triad	(2, 6, 9)	G	G	5	None	False	['F#', 'F#', 'F#', 'F#', 'F#', 'F#', 'F#', 'F#', 'A', 'D', 'A', 'D', 'A', 'D', 'A', 'D', 'A', 'D', 'A', 'D', 'A', 'D', 'A', 'D']	0.0	0.0	0.0	0.5
56.375	1.0	19.0	['A5', 'D6']	['P4']	[False, False]	19.0	2.0	53.0	V	False	('F#', 'A', 'D')	F#	D	1.0	major triad	(2, 6, 9)	G	G	5	None	False	['F#', 'F#', 'F#', 'F#', 'F#', 'F#', 'F#', 'F#', 'A', 'D', 'A', 'D', 'A', 'D', 'A', 'D', 'A', 'D', 'A', 'D', 'A', 'D', 'A', 'D']	0.0	0.0	0.0	0.5
56.5	1.0	19.0	['A5', 'D6']	['P4']	[False, False]	19.0	2.0	53.0	V	False	('F#', 'A', 'D')	F#	D	1.0	major triad	(2, 6, 9)	G	G	5	None	False	['F#', 'F#', 'F#', 'F#', 'F#', 'F#', 'F#', 'F#', 'A', 'D', 'A', 'D', 'A', 'D', 'A', 'D', 'A', 'D', 'A', 'D', 'A', 'D', 'A', 'D']	0.0	0.0	0.0	0.5
56.625	1.0	19.0	['A5', 'D6']	['P4']	[False, False]	19.0	2.0	53.0	V	False	('F#', 'A', 'D')	F#	D	1.0	major triad	(2, 6, 9)	G	G	5	None	False	['F#', 'F#', 'F#', 'F#', 'F#', 'F#', 'F#', 'F#', 'A', 'D', 'A', 'D', 'A', 'D', 'A', 'D', 'A', 'D', 'A', 'D', 'A', 'D', 'A', 'D']	0.0	0.0	0.0	0.5
56.75	1.0	19.0	['A5', 'D6']	['P4']	[False, False]	19.0	2.0	53.0	V	False	('F#', 'A', 'D')	F#	D	1.0	major triad	(2, 6, 9)	G	G	5	None	False	['F#', 'F#', 'F#', 'F#', 'F#', 'F#', 'F#', 'F#', 'A', 'D', 'A', 'D', 'A', 'D', 'A', 'D', 'A', 'D', 'A', 'D', 'A', 'D', 'A', 'D']	0.0	0.0	0.0	0.5
56.875	1.0	19.0	['A5', 'D6']	['P4']	[False, False]	19.0	2.0	53.0	V	False	('F#', 'A', 'D')	F#	D	1.0	major triad	(2, 6, 9)	G	G	5	None	False	['F#', 'F#', 'F#', 'F#', 'F#', 'F#', 'F#', 'F#', 'A', 'D', 'A', 'D', 'A', 'D', 'A', 'D', 'A', 'D', 'A', 'D', 'A', 'D', 'A', 'D']	0.0	0.0	0.0	0.5
57.0	1.0	19.0	['E5', 'G5', 'C6']	['m3', 'm6']	[True, True, True]	19.0	1.0	54.0	IV	True	('E', 'G', 'C')	E	C	1.0	major triad	(0, 4, 7)	G	G	4	None	False	['E', 'G', 'C', 'E', 'G', 'C', 'E', 'G', 'C', 'E', 'G', 'C', 'E', 'G', 'C', 'E', 'G', 'C', 'E', 'G', 'C', 'E', 'G', 'C']	0.0	0.0	0.0	0.0
57.125	1.0	19.0	['E5', 'G5', 'C6']	['m3', 'm6']	[False, False, False]	19.0	1.0	54.0	IV	False	('E', 'G', 'C')	E	C	1.0	major triad	(0, 4, 7)	G	G	4	None	False	['E', 'G', 'C', 'E', 'G', 'C', 'E', 'G', 'C', 'E', 'G', 'C', 'E', 'G', 'C', 'E', 'G', 'C', 'E', 'G', 'C', 'E', 'G', 'C']	0.0	0.0	0.0	0.0
57.25	1.0	19.0	['E5', 'G5', 'C6']	['m3', 'm6']	[False, False, False]	19.0	1.0	54.0	IV	False	('E', 'G', 'C')	E	C	1.0	major triad	(0, 4, 7)	G	G	4	None	False	['E', 'G', 'C', 'E', 'G', 'C', 'E', 'G', 'C', 'E', 'G', 'C', 'E', 'G', 'C', 'E', 'G', 'C', 'E', 'G', 'C', 'E', 'G', 'C']	0.0	0.0	0.0	0.0
57.375	1.0	19.0	['E5', 'G5', 'C6']	['m3', 'm6']	[False, False, False]	19.0	1.0	54.0	IV	False	('E', 'G', 'C')	E	C	1.0	major triad	(0, 4, 7)	G	G	4	None	False	['E', 'G', 'C', 'E', 'G', 'C', 'E', 'G', 'C', 'E', 'G', 'C', 'E', 'G', 'C', 'E', 'G', 'C', 'E', 'G', 'C', 'E', 'G', 'C']	0.0	0.0	0.0	0.0
57.5	1.0	19.0	['E5', 'G5', 'C6']	['m3', 'm6']	[False, False, False]	19.0	1.0	54.0	IV	False	('E', 'G', 'C')	E	C	1.0	major triad	(0, 4, 7)	G	G	4	None	False	['E', 'G', 'C', 'E', 'G', 'C', 'E', 'G', 'C', 'E', 'G', 'C', 'E', 'G', 'C', 'E', 'G', 'C', 'E', 'G', 'C', 'E', 'G', 'C']	0.0	0.0	0.0	0.0
57.625	1.0	19.0	['E5', 'G5', 'C6']	['m3', 'm6']	[False, False, False]	19.0	1.0	54.0	IV	False	('E', 'G', 'C')	E	C	1.0	major triad	(0, 4, 7)	G	G	4	None	False	['E', 'G', 'C', 'E', 'G', 'C', 'E', 'G', 'C', 'E', 'G', 'C', 'E', 'G', 'C', 'E', 'G', 'C', 'E', 'G', 'C', 'E', 'G', 'C']	0.0	0.0	0.0	0.0
57.75	1.0	19.0	['E5', 'G5', 'C6']	['m3', 'm6']	[False, False, False]	19.0	1.0	54.0	IV	False	('E', 'G', 'C')	E	C	1.0	major triad	(0, 4, 7)	G	G	4	None	False	['E', 'G', 'C', 'E', 'G', 'C', 'E', 'G', 'C', 'E', 'G', 'C', 'E', 'G', 'C', 'E', 'G', 'C', 'E', 'G', 'C', 'E', 'G', 'C']	0.0	0.0	0.0	0.0
57.875	1.0	19.0	['E5', 'G5', 'C6']	['m3', 'm6']	[False, False, False]	19.0	1.0	54.0	IV	False	('E', 'G', 'C')	E	C	1.0	major triad	(0, 4, 7)	G	G	4	None	False	['E', 'G', 'C', 'E', 'G', 'C', 'E', 'G', 'C', 'E', 'G', 'C', 'E', 'G', 'C', 'E', 'G', 'C', 'E', 'G', 'C', 'E', 'G', 'C']	0.0	0.0	0.0	0.0
58.0	0.25	20.0	['E5']	[]	[True]	20.0	1.0	55.0	vi	True	('E', 'G', 'B')	E	E	0.0	minor triad	(4, 7, 11)	G	G	6	None	False	['E', 'E', 'B', 'B', 'G', 'G', 'B', 'B']	0.0	0.0	0.0	0.75
58.125	0.25	20.0	['E5']	[]	[False]	20.0	1.0	55.0	vi	False	('E', 'G', 'B')	E	E	0.0	minor triad	(4, 7, 11)	G	G	6	None	False	['E', 'E', 'B', 'B', 'G', 'G', 'B', 'B']	0.0	0.0	0.0	0.75
58.25	0.25	20.0	['B5']	[]	[True]	20.0	1.0	55.0	vi	False	('E', 'G', 'B')	E	E	0.0	minor triad	(4, 7, 11)	G	G	6	None	False	['E', 'E', 'B', 'B', 'G', 'G', 'B', 'B']	0.0	0.0	0.0	0.75
58.375	0.25	20.0	['B5']	[]	[False]	20.0	1.0	55.0	vi	False	('E', 'G', 'B')	E	E	0.0	minor triad	(4, 7, 11)	G	G	6	None	False	['E', 'E', 'B', 'B', 'G', 'G', 'B', 'B']	0.0	0.0	0.0	0.75
58.5	0.25	20.0	['G5']	[]	[True]	20.0	1.0	55.0	vi	False	('E', 'G', 'B')	E	E	0.0	minor triad	(4, 7, 11)	G	G	6	None	False	['E', 'E', 'B', 'B', 'G', 'G', 'B', 'B']	0.0	0.0	0.0	0.75
58.625	0.25	20.0	['G5']	[]	[False]	20.0	1.0	55.0	vi	False	('E', 'G', 'B')	E	E	0.0	minor triad	(4, 7, 11)	G	G	6	None	False	['E', 'E', 'B', 'B', 'G', 'G', 'B', 'B']	0.0	0.0	0.0	0.75
58.75	0.25	20.0	['B5']	[]	[True]	20.0	1.0	55.0	vi	False	('E', 'G', 'B')	E	E	0.0	minor triad	(4, 7, 11)	G	G	6	None	False	['E', 'E', 'B', 'B', 'G', 'G', 'B', 'B']	0.0	0.0	0.0	0.75
58.875	0.25	20.0	['B5']	[]	[False]	20.0	1.0	55.0	vi	False	('E', 'G', 'B')	E	E	0.0	minor triad	(4, 7, 11)	G	G	6	None	False	['E', 'E', 'B', 'B', 'G', 'G', 'B', 'B']	0.0	0.0	0.0	0.75
59.0	0.5	20.0	['C5']	[]	[True]	20.0	1.0	56.0	ii7	True	('C', 'E', 'G', 'A')	C	A	1.0	minor seventh chord	(0, 4, 7, 9)	G	G	2	None	False	['C', 'C', 'C', 'C', 'E', 'G', 'A', 'E', 'G', 'A', 'E', 'G', 'A', 'E', 'G', 'A']	0.0	0.0	0.0	0.5
59.125	0.5	20.0	['C5']	[]	[False]	20.0	1.0	56.0	ii7	False	('C', 'E', 'G', 'A')	C	A	1.0	minor seventh chord	(0, 4, 7, 9)	G	G	2	None	False	['C', 'C', 'C', 'C', 'E', 'G', 'A', 'E', 'G', 'A', 'E', 'G', 'A', 'E', 'G', 'A']	0.0	0.0	0.0	0.5
59.25	0.5	20.0	['C5']	[]	[False]	20.0	1.0	56.0	ii7	False	('C', 'E', 'G', 'A')	C	A	1.0	minor seventh chord	(0, 4, 7, 9)	G	G	2	None	False	['C', 'C', 'C', 'C', 'E', 'G', 'A', 'E', 'G', 'A', 'E', 'G', 'A', 'E', 'G', 'A']	0.0	0.0	0.0	0.5
59.375	0.5	20.0	['C5']	[]	[False]	20.0	1.0	56.0	ii7	False	('C', 'E', 'G', 'A')	C	A	1.0	minor seventh chord	(0, 4, 7, 9)	G	G	2	None	False	['C', 'C', 'C', 'C', 'E', 'G', 'A', 'E', 'G', 'A', 'E', 'G', 'A', 'E', 'G', 'A']	0.0	0.0	0.0	0.5
59.5	0.5	20.0	['E5', 'G5', 'A5']	['m3', 'P4']	[True, True, True]	20.0	1.0	56.0	ii7	False	('C', 'E', 'G', 'A')	C	A	1.0	minor seventh chord	(0, 4, 7, 9)	G	G	2	None	False	['C', 'C', 'C', 'C', 'E', 'G', 'A', 'E', 'G', 'A', 'E', 'G', 'A', 'E', 'G', 'A']	0.0	0.0	0.0	0.5
59.625	0.5	20.0	['E5', 'G5', 'A5']	['m3', 'P4']	[False, False, False]	20.0	1.0	56.0	ii7	False	('C', 'E', 'G', 'A')	C	A	1.0	minor seventh chord	(0, 4, 7, 9)	G	G	2	None	False	['C', 'C', 'C', 'C', 'E', 'G', 'A', 'E', 'G', 'A', 'E', 'G', 'A', 'E', 'G', 'A']	0.0	0.0	0.0	0.5
59.75	0.5	20.0	['E5', 'G5', 'A5']	['m3', 'P4']	[False, False, False]	20.0	1.0	56.0	ii7	False	('C', 'E', 'G', 'A')	C	A	1.0	minor seventh chord	(0, 4, 7, 9)	G	G	2	None	False	['C', 'C', 'C', 'C', 'E', 'G', 'A', 'E', 'G', 'A', 'E', 'G', 'A', 'E', 'G', 'A']	0.0	0.0	0.0	0.5
59.875	0.5	20.0	['E5', 'G5', 'A5']	['m3', 'P4']	[False, False, False]	20.0	1.0	56.0	ii7	False	('C', 'E', 'G', 'A')	C	A	1.0	minor seventh chord	(0, 4, 7, 9)	G	G	2	None	False	['C', 'C', 'C', 'C', 'E', 'G', 'A', 'E', 'G', 'A', 'E', 'G', 'A', 'E', 'G', 'A']	0.0	0.0	0.0	0.5
60.0	0.5	20.0	['D5', 'F#5', 'A5']	['M3', 'P5']	[True, True, True]	20.0	0.5	57.0	V	True	('D', 'F#', 'A')	D	D	0.0	major triad	(2, 6, 9)	G	G	5	None	False	['D', 'F#', 'A', 'D', 'F#', 'A', 'D', 'F#', 'A', 'D', 'F#', 'A']	0.0	0.0	0.0	0.0
60.125	0.5	20.0	['D5', 'F#5', 'A5']	['M3', 'P5']	[False, False, False]	20.0	0.5	57.0	V	False	('D', 'F#', 'A')	D	D	0.0	major triad	(2, 6, 9)	G	G	5	None	False	['D', 'F#', 'A', 'D', 'F#', 'A', 'D', 'F#', 'A', 'D', 'F#', 'A']	0.0	0.0	0.0	0.0
60.25	0.5	20.0	['D5', 'F#5', 'A5']	['M3', 'P5']	[False, False, False]	20.0	0.5	57.0	V	False	('D', 'F#', 'A')	D	D	0.0	major triad	(2, 6, 9)	G	G	5	None	False	['D', 'F#', 'A', 'D', 'F#', 'A', 'D', 'F#', 'A', 'D', 'F#', 'A']	0.0	0.0	0.0	0.0
60.375	0.5	20.0	['D5', 'F#5', 'A5']	['M3', 'P5']	[False, False, False]	20.0	0.5	57.0	V	False	('D', 'F#', 'A')	D	D	0.0	major triad	(2, 6, 9)	G	G	5	None	False	['D', 'F#', 'A', 'D', 'F#', 'A', 'D', 'F#', 'A', 'D', 'F#', 'A']	0.0	0.0	0.0	0.0
60.5	0.5	20.0	['D5', 'F#5', 'A5', 'C6']	['M3', 'P5', 'm7']	[True, True, True, True]	20.0	0.5	58.0	V7	True	('D', 'F#', 'A', 'C')	D	D	0.0	dominant seventh chord	(0, 2, 6, 9)	G	G	5	None	False	['D', 'F#', 'A', 'C', 'D', 'F#', 'A', 'C', 'D', 'F#', 'A', 'C', 'D', 'F#', 'A', 'C']	0.0	0.0	0.0	0.0
60.625	0.5	20.0	['D5', 'F#5', 'A5', 'C6']	['M3', 'P5', 'm7']	[False, False, False, False]	20.0	0.5	58.0	V7	False	('D', 'F#', 'A', 'C')	D	D	0.0	dominant seventh chord	(0, 2, 6, 9)	G	G	5	None	False	['D', 'F#', 'A', 'C', 'D', 'F#', 'A', 'C', 'D', 'F#', 'A', 'C', 'D', 'F#', 'A', 'C']	0.0	0.0	0.0	0.0
60.75	0.5	20.0	['D5', 'F#5', 'A5', 'C6']	['M3', 'P5', 'm7']	[False, False, False, False]	20.0	0.5	58.0	V7	False	('D', 'F#', 'A', 'C')	D	D	0.0	dominant seventh chord	(0, 2, 6, 9)	G	G	5	None	False	['D', 'F#', 'A', 'C', 'D', 'F#', 'A', 'C', 'D', 'F#', 'A', 'C', 'D', 'F#', 'A', 'C']	0.0	0.0	0.0	0.0
60.875	0.5	20.0	['D5', 'F#5', 'A5', 'C6']	['M3', 'P5', 'm7']	[False, False, False, False]	20.0	0.5	58.0	V7	False	('D', 'F#', 'A', 'C')	D	D	0.0	dominant seventh chord	(0, 2, 6, 9)	G	G	5	None	False	['D', 'F#', 'A', 'C', 'D', 'F#', 'A', 'C', 'D', 'F#', 'A', 'C', 'D', 'F#', 'A', 'C']	0.0	0.0	0.0	0.0
61.0	3.0	21.0	['G4', 'B4', 'D5']	['M3', 'P5']	[True, True, True]	21.0	3.0	59.0	I	True	('G', 'B', 'D')	G	G	0.0	major triad	(2, 7, 11)	G	G	1	None	False	['G', 'B', 'D', 'G', 'B', 'D', 'G', 'B', 'D', 'G', 'B', 'D', 'G', 'B', 'D', 'G', 'B', 'D', 'G', 'B', 'D', 'G', 'B', 'D', 'G', 'B', 'D', 'G', 'B', 'D', 'G', 'B', 'D', 'G', 'B', 'D', 'G', 'B', 'D', 'G', 'B', 'D', 'G', 'B', 'D', 'G', 'B', 'D', 'G', 'B', 'D', 'G', 'B', 'D', 'G', 'B', 'D', 'G', 'B', 'D', 'G', 'B', 'D', 'G', 'B', 'D', 'G', 'B', 'D', 'G', 'B', 'D']	0.0	0.0	0.0	0.0
61.125	3.0	21.0	['G4', 'B4', 'D5']	['M3', 'P5']	[False, False, False]	21.0	3.0	59.0	I	False	('G', 'B', 'D')	G	G	0.0	major triad	(2, 7, 11)	G	G	1	None	False	['G', 'B', 'D', 'G', 'B', 'D', 'G', 'B', 'D', 'G', 'B', 'D', 'G', 'B', 'D', 'G', 'B', 'D', 'G', 'B', 'D', 'G', 'B', 'D', 'G', 'B', 'D', 'G', 'B', 'D', 'G', 'B', 'D', 'G', 'B', 'D', 'G', 'B', 'D', 'G', 'B', 'D', 'G', 'B', 'D', 'G', 'B', 'D', 'G', 'B', 'D', 'G', 'B', 'D', 'G', 'B', 'D', 'G', 'B', 'D', 'G', 'B', 'D', 'G', 'B', 'D', 'G', 'B', 'D', 'G', 'B', 'D']	0.0	0.0	0.0	0.0
61.25	3.0	21.0	['G4', 'B4', 'D5']	['M3', 'P5']	[False, False, False]	21.0	3.0	59.0	I	False	('G', 'B', 'D')	G	G	0.0	major triad	(2, 7, 11)	G	G	1	None	False	['G', 'B', 'D', 'G', 'B', 'D', 'G', 'B', 'D', 'G', 'B', 'D', 'G', 'B', 'D', 'G', 'B', 'D', 'G', 'B', 'D', 'G', 'B', 'D', 'G', 'B', 'D', 'G', 'B', 'D', 'G', 'B', 'D', 'G', 'B', 'D', 'G', 'B', 'D', 'G', 'B', 'D', 'G', 'B', 'D', 'G', 'B', 'D', 'G', 'B', 'D', 'G', 'B', 'D', 'G', 'B', 'D', 'G', 'B', 'D', 'G', 'B', 'D', 'G', 'B', 'D', 'G', 'B', 'D', 'G', 'B', 'D']	0.0	0.0	0.0	0.0
61.375	3.0	21.0	['G4', 'B4', 'D5']	['M3', 'P5']	[False, False, False]	21.0	3.0	59.0	I	False	('G', 'B', 'D')	G	G	0.0	major triad	(2, 7, 11)	G	G	1	None	False	['G', 'B', 'D', 'G', 'B', 'D', 'G', 'B', 'D', 'G', 'B', 'D', 'G', 'B', 'D', 'G', 'B', 'D', 'G', 'B', 'D', 'G', 'B', 'D', 'G', 'B', 'D', 'G', 'B', 'D', 'G', 'B', 'D', 'G', 'B', 'D', 'G', 'B', 'D', 'G', 'B', 'D', 'G', 'B', 'D', 'G', 'B', 'D', 'G', 'B', 'D', 'G', 'B', 'D', 'G', 'B', 'D', 'G', 'B', 'D', 'G', 'B', 'D', 'G', 'B', 'D', 'G', 'B', 'D', 'G', 'B', 'D']	0.0	0.0	0.0	0.0
61.5	3.0	21.0	['G4', 'B4', 'D5']	['M3', 'P5']	[False, False, False]	21.0	3.0	59.0	I	False	('G', 'B', 'D')	G	G	0.0	major triad	(2, 7, 11)	G	G	1	None	False	['G', 'B', 'D', 'G', 'B', 'D', 'G', 'B', 'D', 'G', 'B', 'D', 'G', 'B', 'D', 'G', 'B', 'D', 'G', 'B', 'D', 'G', 'B', 'D', 'G', 'B', 'D', 'G', 'B', 'D', 'G', 'B', 'D', 'G', 'B', 'D', 'G', 'B', 'D', 'G', 'B', 'D', 'G', 'B', 'D', 'G', 'B', 'D', 'G', 'B', 'D', 'G', 'B', 'D', 'G', 'B', 'D', 'G', 'B', 'D', 'G', 'B', 'D', 'G', 'B', 'D', 'G', 'B', 'D', 'G', 'B', 'D']	0.0	0.0	0.0	0.0
61.625	3.0	21.0	['G4', 'B4', 'D5']	['M3', 'P5']	[False, False, False]	21.0	3.0	59.0	I	False	('G', 'B', 'D')	G	G	0.0	major triad	(2, 7, 11)	G	G	1	None	False	['G', 'B', 'D', 'G', 'B', 'D', 'G', 'B', 'D', 'G', 'B', 'D', 'G', 'B', 'D', 'G', 'B', 'D', 'G', 'B', 'D', 'G', 'B', 'D', 'G', 'B', 'D', 'G', 'B', 'D', 'G', 'B', 'D', 'G', 'B', 'D', 'G', 'B', 'D', 'G', 'B', 'D', 'G', 'B', 'D', 'G', 'B', 'D', 'G', 'B', 'D', 'G', 'B', 'D', 'G', 'B', 'D', 'G', 'B', 'D', 'G', 'B', 'D', 'G', 'B', 'D', 'G', 'B', 'D', 'G', 'B', 'D']	0.0	0.0	0.0	0.0
61.75	3.0	21.0	['G4', 'B4', 'D5']	['M3', 'P5']	[False, False, False]	21.0	3.0	59.0	I	False	('G', 'B', 'D')	G	G	0.0	major triad	(2, 7, 11)	G	G	1	None	False	['G', 'B', 'D', 'G', 'B', 'D', 'G', 'B', 'D', 'G', 'B', 'D', 'G', 'B', 'D', 'G', 'B', 'D', 'G', 'B', 'D', 'G', 'B', 'D', 'G', 'B', 'D', 'G', 'B', 'D', 'G', 'B', 'D', 'G', 'B', 'D', 'G', 'B', 'D', 'G', 'B', 'D', 'G', 'B', 'D', 'G', 'B', 'D', 'G', 'B', 'D', 'G', 'B', 'D', 'G', 'B', 'D', 'G', 'B', 'D', 'G', 'B', 'D', 'G', 'B', 'D', 'G', 'B', 'D', 'G', 'B', 'D']	0.0	0.0	0.0	0.0
61.875	3.0	21.0	['G4', 'B4', 'D5']	['M3', 'P5']	[False, False, False]	21.0	3.0	59.0	I	False	('G', 'B', 'D')	G	G	0.0	major triad	(2, 7, 11)	G	G	1	None	False	['G', 'B', 'D', 'G', 'B', 'D', 'G', 'B', 'D', 'G', 'B', 'D', 'G', 'B', 'D', 'G', 'B', 'D', 'G', 'B', 'D', 'G', 'B', 'D', 'G', 'B', 'D', 'G', 'B', 'D', 'G', 'B', 'D', 'G', 'B', 'D', 'G', 'B', 'D', 'G', 'B', 'D', 'G', 'B', 'D', 'G', 'B', 'D', 'G', 'B', 'D', 'G', 'B', 'D', 'G', 'B', 'D', 'G', 'B', 'D', 'G', 'B', 'D', 'G', 'B', 'D', 'G', 'B', 'D', 'G', 'B', 'D']	0.0	0.0	0.0	0.0
62.0	3.0	21.0	['G4', 'B4', 'D5']	['M3', 'P5']	[False, False, False]	21.0	3.0	59.0	I	False	('G', 'B', 'D')	G	G	0.0	major triad	(2, 7, 11)	G	G	1	None	False	['G', 'B', 'D', 'G', 'B', 'D', 'G', 'B', 'D', 'G', 'B', 'D', 'G', 'B', 'D', 'G', 'B', 'D', 'G', 'B', 'D', 'G', 'B', 'D', 'G', 'B', 'D', 'G', 'B', 'D', 'G', 'B', 'D', 'G', 'B', 'D', 'G', 'B', 'D', 'G', 'B', 'D', 'G', 'B', 'D', 'G', 'B', 'D', 'G', 'B', 'D', 'G', 'B', 'D', 'G', 'B', 'D', 'G', 'B', 'D', 'G', 'B', 'D', 'G', 'B', 'D', 'G', 'B', 'D', 'G', 'B', 'D']	0.0	0.0	0.0	0.0
62.125	3.0	21.0	['G4', 'B4', 'D5']	['M3', 'P5']	[False, False, False]	21.0	3.0	59.0	I	False	('G', 'B', 'D')	G	G	0.0	major triad	(2, 7, 11)	G	G	1	None	False	['G', 'B', 'D', 'G', 'B', 'D', 'G', 'B', 'D', 'G', 'B', 'D', 'G', 'B', 'D', 'G', 'B', 'D', 'G', 'B', 'D', 'G', 'B', 'D', 'G', 'B', 'D', 'G', 'B', 'D', 'G', 'B', 'D', 'G', 'B', 'D', 'G', 'B', 'D', 'G', 'B', 'D', 'G', 'B', 'D', 'G', 'B', 'D', 'G', 'B', 'D', 'G', 'B', 'D', 'G', 'B', 'D', 'G', 'B', 'D', 'G', 'B', 'D', 'G', 'B', 'D', 'G', 'B', 'D', 'G', 'B', 'D']	0.0	0.0	0.0	0.0
62.25	3.0	21.0	['G4', 'B4', 'D5']	['M3', 'P5']	[False, False, False]	21.0	3.0	59.0	I	False	('G', 'B', 'D')	G	G	0.0	major triad	(2, 7, 11)	G	G	1	None	False	['G', 'B', 'D', 'G', 'B', 'D', 'G', 'B', 'D', 'G', 'B', 'D', 'G', 'B', 'D', 'G', 'B', 'D', 'G', 'B', 'D', 'G', 'B', 'D', 'G', 'B', 'D', 'G', 'B', 'D', 'G', 'B', 'D', 'G', 'B', 'D', 'G', 'B', 'D', 'G', 'B', 'D', 'G', 'B', 'D', 'G', 'B', 'D', 'G', 'B', 'D', 'G', 'B', 'D', 'G', 'B', 'D', 'G', 'B', 'D', 'G', 'B', 'D', 'G', 'B', 'D', 'G', 'B', 'D', 'G', 'B', 'D']	0.0	0.0	0.0	0.0
62.375	3.0	21.0	['G4', 'B4', 'D5']	['M3', 'P5']	[False, False, False]	21.0	3.0	59.0	I	False	('G', 'B', 'D')	G	G	0.0	major triad	(2, 7, 11)	G	G	1	None	False	['G', 'B', 'D', 'G', 'B', 'D', 'G', 'B', 'D', 'G', 'B', 'D', 'G', 'B', 'D', 'G', 'B', 'D', 'G', 'B', 'D', 'G', 'B', 'D', 'G', 'B', 'D', 'G', 'B', 'D', 'G', 'B', 'D', 'G', 'B', 'D', 'G', 'B', 'D', 'G', 'B', 'D', 'G', 'B', 'D', 'G', 'B', 'D', 'G', 'B', 'D', 'G', 'B', 'D', 'G', 'B', 'D', 'G', 'B', 'D', 'G', 'B', 'D', 'G', 'B', 'D', 'G', 'B', 'D', 'G', 'B', 'D']	0.0	0.0	0.0	0.0
62.5	3.0	21.0	['G4', 'B4', 'D5']	['M3', 'P5']	[False, False, False]	21.0	3.0	59.0	I	False	('G', 'B', 'D')	G	G	0.0	major triad	(2, 7, 11)	G	G	1	None	False	['G', 'B', 'D', 'G', 'B', 'D', 'G', 'B', 'D', 'G', 'B', 'D', 'G', 'B', 'D', 'G', 'B', 'D', 'G', 'B', 'D', 'G', 'B', 'D', 'G', 'B', 'D', 'G', 'B', 'D', 'G', 'B', 'D', 'G', 'B', 'D', 'G', 'B', 'D', 'G', 'B', 'D', 'G', 'B', 'D', 'G', 'B', 'D', 'G', 'B', 'D', 'G', 'B', 'D', 'G', 'B', 'D', 'G', 'B', 'D', 'G', 'B', 'D', 'G', 'B', 'D', 'G', 'B', 'D', 'G', 'B', 'D']	0.0	0.0	0.0	0.0
62.625	3.0	21.0	['G4', 'B4', 'D5']	['M3', 'P5']	[False, False, False]	21.0	3.0	59.0	I	False	('G', 'B', 'D')	G	G	0.0	major triad	(2, 7, 11)	G	G	1	None	False	['G', 'B', 'D', 'G', 'B', 'D', 'G', 'B', 'D', 'G', 'B', 'D', 'G', 'B', 'D', 'G', 'B', 'D', 'G', 'B', 'D', 'G', 'B', 'D', 'G', 'B', 'D', 'G', 'B', 'D', 'G', 'B', 'D', 'G', 'B', 'D', 'G', 'B', 'D', 'G', 'B', 'D', 'G', 'B', 'D', 'G', 'B', 'D', 'G', 'B', 'D', 'G', 'B', 'D', 'G', 'B', 'D', 'G', 'B', 'D', 'G', 'B', 'D', 'G', 'B', 'D', 'G', 'B', 'D', 'G', 'B', 'D']	0.0	0.0	0.0	0.0
62.75	3.0	21.0	['G4', 'B4', 'D5']	['M3', 'P5']	[False, False, False]	21.0	3.0	59.0	I	False	('G', 'B', 'D')	G	G	0.0	major triad	(2, 7, 11)	G	G	1	None	False	['G', 'B', 'D', 'G', 'B', 'D', 'G', 'B', 'D', 'G', 'B', 'D', 'G', 'B', 'D', 'G', 'B', 'D', 'G', 'B', 'D', 'G', 'B', 'D', 'G', 'B', 'D', 'G', 'B', 'D', 'G', 'B', 'D', 'G', 'B', 'D', 'G', 'B', 'D', 'G', 'B', 'D', 'G', 'B', 'D', 'G', 'B', 'D', 'G', 'B', 'D', 'G', 'B', 'D', 'G', 'B', 'D', 'G', 'B', 'D', 'G', 'B', 'D', 'G', 'B', 'D', 'G', 'B', 'D', 'G', 'B', 'D']	0.0	0.0	0.0	0.0
62.875	3.0	21.0	['G4', 'B4', 'D5']	['M3', 'P5']	[False, False, False]	21.0	3.0	59.0	I	False	('G', 'B', 'D')	G	G	0.0	major triad	(2, 7, 11)	G	G	1	None	False	['G', 'B', 'D', 'G', 'B', 'D', 'G', 'B', 'D', 'G', 'B', 'D', 'G', 'B', 'D', 'G', 'B', 'D', 'G', 'B', 'D', 'G', 'B', 'D', 'G', 'B', 'D', 'G', 'B', 'D', 'G', 'B', 'D', 'G', 'B', 'D', 'G', 'B', 'D', 'G', 'B', 'D', 'G', 'B', 'D', 'G', 'B', 'D', 'G', 'B', 'D', 'G', 'B', 'D', 'G', 'B', 'D', 'G', 'B', 'D', 'G', 'B', 'D', 'G', 'B', 'D', 'G', 'B', 'D', 'G', 'B', 'D']	0.0	0.0	0.0	0.0
63.0	3.0	21.0	['G4', 'B4', 'D5']	['M3', 'P5']	[False, False, False]	21.0	3.0	59.0	I	False	('G', 'B', 'D')	G	G	0.0	major triad	(2, 7, 11)	G	G	1	None	False	['G', 'B', 'D', 'G', 'B', 'D', 'G', 'B', 'D', 'G', 'B', 'D', 'G', 'B', 'D', 'G', 'B', 'D', 'G', 'B', 'D', 'G', 'B', 'D', 'G', 'B', 'D', 'G', 'B', 'D', 'G', 'B', 'D', 'G', 'B', 'D', 'G', 'B', 'D', 'G', 'B', 'D', 'G', 'B', 'D', 'G', 'B', 'D', 'G', 'B', 'D', 'G', 'B', 'D', 'G', 'B', 'D', 'G', 'B', 'D', 'G', 'B', 'D', 'G', 'B', 'D', 'G', 'B', 'D', 'G', 'B', 'D']	0.0	0.0	0.0	0.0
63.125	3.0	21.0	['G4', 'B4', 'D5']	['M3', 'P5']	[False, False, False]	21.0	3.0	59.0	I	False	('G', 'B', 'D')	G	G	0.0	major triad	(2, 7, 11)	G	G	1	None	False	['G', 'B', 'D', 'G', 'B', 'D', 'G', 'B', 'D', 'G', 'B', 'D', 'G', 'B', 'D', 'G', 'B', 'D', 'G', 'B', 'D', 'G', 'B', 'D', 'G', 'B', 'D', 'G', 'B', 'D', 'G', 'B', 'D', 'G', 'B', 'D', 'G', 'B', 'D', 'G', 'B', 'D', 'G', 'B', 'D', 'G', 'B', 'D', 'G', 'B', 'D', 'G', 'B', 'D', 'G', 'B', 'D', 'G', 'B', 'D', 'G', 'B', 'D', 'G', 'B', 'D', 'G', 'B', 'D', 'G', 'B', 'D']	0.0	0.0	0.0	0.0
63.25	3.0	21.0	['G4', 'B4', 'D5']	['M3', 'P5']	[False, False, False]	21.0	3.0	59.0	I	False	('G', 'B', 'D')	G	G	0.0	major triad	(2, 7, 11)	G	G	1	None	False	['G', 'B', 'D', 'G', 'B', 'D', 'G', 'B', 'D', 'G', 'B', 'D', 'G', 'B', 'D', 'G', 'B', 'D', 'G', 'B', 'D', 'G', 'B', 'D', 'G', 'B', 'D', 'G', 'B', 'D', 'G', 'B', 'D', 'G', 'B', 'D', 'G', 'B', 'D', 'G', 'B', 'D', 'G', 'B', 'D', 'G', 'B', 'D', 'G', 'B', 'D', 'G', 'B', 'D', 'G', 'B', 'D', 'G', 'B', 'D', 'G', 'B', 'D', 'G', 'B', 'D', 'G', 'B', 'D', 'G', 'B', 'D']	0.0	0.0	0.0	0.0
63.375	3.0	21.0	['G4', 'B4', 'D5']	['M3', 'P5']	[False, False, False]	21.0	3.0	59.0	I	False	('G', 'B', 'D')	G	G	0.0	major triad	(2, 7, 11)	G	G	1	None	False	['G', 'B', 'D', 'G', 'B', 'D', 'G', 'B', 'D', 'G', 'B', 'D', 'G', 'B', 'D', 'G', 'B', 'D', 'G', 'B', 'D', 'G', 'B', 'D', 'G', 'B', 'D', 'G', 'B', 'D', 'G', 'B', 'D', 'G', 'B', 'D', 'G', 'B', 'D', 'G', 'B', 'D', 'G', 'B', 'D', 'G', 'B', 'D', 'G', 'B', 'D', 'G', 'B', 'D', 'G', 'B', 'D', 'G', 'B', 'D', 'G', 'B', 'D', 'G', 'B', 'D', 'G', 'B', 'D', 'G', 'B', 'D']	0.0	0.0	0.0	0.0
63.5	3.0	21.0	['G4', 'B4', 'D5']	['M3', 'P5']	[False, False, False]	21.0	3.0	59.0	I	False	('G', 'B', 'D')	G	G	0.0	major triad	(2, 7, 11)	G	G	1	None	False	['G', 'B', 'D', 'G', 'B', 'D', 'G', 'B', 'D', 'G', 'B', 'D', 'G', 'B', 'D', 'G', 'B', 'D', 'G', 'B', 'D', 'G', 'B', 'D', 'G', 'B', 'D', 'G', 'B', 'D', 'G', 'B', 'D', 'G', 'B', 'D', 'G', 'B', 'D', 'G', 'B', 'D', 'G', 'B', 'D', 'G', 'B', 'D', 'G', 'B', 'D', 'G', 'B', 'D', 'G', 'B', 'D', 'G', 'B', 'D', 'G', 'B', 'D', 'G', 'B', 'D', 'G', 'B', 'D', 'G', 'B', 'D']	0.0	0.0	0.0	0.0
63.625	3.0	21.0	['G4', 'B4', 'D5']	['M3', 'P5']	[False, False, False]	21.0	3.0	59.0	I	False	('G', 'B', 'D')	G	G	0.0	major triad	(2, 7, 11)	G	G	1	None	False	['G', 'B', 'D', 'G', 'B', 'D', 'G', 'B', 'D', 'G', 'B', 'D', 'G', 'B', 'D', 'G', 'B', 'D', 'G', 'B', 'D', 'G', 'B', 'D', 'G', 'B', 'D', 'G', 'B', 'D', 'G', 'B', 'D', 'G', 'B', 'D', 'G', 'B', 'D', 'G', 'B', 'D', 'G', 'B', 'D', 'G', 'B', 'D', 'G', 'B', 'D', 'G', 'B', 'D', 'G', 'B', 'D', 'G', 'B', 'D', 'G', 'B', 'D', 'G', 'B', 'D', 'G', 'B', 'D', 'G', 'B', 'D']	0.0	0.0	0.0	0.0
63.75	3.0	21.0	['G4', 'B4', 'D5']	['M3', 'P5']	[False, False, False]	21.0	3.0	59.0	I	False	('G', 'B', 'D')	G	G	0.0	major triad	(2, 7, 11)	G	G	1	None	False	['G', 'B', 'D', 'G', 'B', 'D', 'G', 'B', 'D', 'G', 'B', 'D', 'G', 'B', 'D', 'G', 'B', 'D', 'G', 'B', 'D', 'G', 'B', 'D', 'G', 'B', 'D', 'G', 'B', 'D', 'G', 'B', 'D', 'G', 'B', 'D', 'G', 'B', 'D', 'G', 'B', 'D', 'G', 'B', 'D', 'G', 'B', 'D', 'G', 'B', 'D', 'G', 'B', 'D', 'G', 'B', 'D', 'G', 'B', 'D', 'G', 'B', 'D', 'G', 'B', 'D', 'G', 'B', 'D', 'G', 'B', 'D']	0.0	0.0	0.0	0.0
63.875	3.0	21.0	['G4', 'B4', 'D5']	['M3', 'P5']	[False, False, False]	21.0	3.0	59.0	I	False	('G', 'B', 'D')	G	G	0.0	major triad	(2, 7, 11)	G	G	1	None	False	['G', 'B', 'D', 'G', 'B', 'D', 'G', 'B', 'D', 'G', 'B', 'D', 'G', 'B', 'D', 'G', 'B', 'D', 'G', 'B', 'D', 'G', 'B', 'D', 'G', 'B', 'D', 'G', 'B', 'D', 'G', 'B', 'D', 'G', 'B', 'D', 'G', 'B', 'D', 'G', 'B', 'D', 'G', 'B', 'D', 'G', 'B', 'D', 'G', 'B', 'D', 'G', 'B', 'D', 'G', 'B', 'D', 'G', 'B', 'D', 'G', 'B', 'D', 'G', 'B', 'D', 'G', 'B', 'D', 'G', 'B', 'D']	0.0	0.0	0.0	0.0
