	s_duration	s_measure	s_notes	s_intervals	s_isOnset	a_measure	a_duration	a_annotationNumber	a_romanNumeral	a_isOnset	a_pitchNames	a_bass	a_root	a_inversion	a_quality	a_pcset	a_localKey	a_tonicizedKey	a_degree1	a_degree2	measureMisalignment	qualityScoreNotes	qualityNonChordTones	qualityMissingChordTones	qualitySquaredSum	incongruentBass
0.0	1.0	1.0	['F#4', 'A4', 'C#5']	['m3', 'P5']	[True, True, True]	1.0	1.0	0.0	i	True	('F#', 'A', 'C#')	F#	F#	0.0	minor triad	(1, 6, 9)	f#	f#	1	None	False	['F#', 'A', 'C#', 'F#', 'A', 'C#', 'F#', 'A', 'C#', 'F#', 'A', 'C#', 'F#', 'A', 'C#', 'F#', 'A', 'C#', 'F#', 'A', 'C#', 'F#', 'A', 'C#']	0.0	0.0	0.0	0.0
0.125	1.0	1.0	['F#4', 'A4', 'C#5']	['m3', 'P5']	[False, False, False]	1.0	1.0	0.0	i	False	('F#', 'A', 'C#')	F#	F#	0.0	minor triad	(1, 6, 9)	f#	f#	1	None	False	['F#', 'A', 'C#', 'F#', 'A', 'C#', 'F#', 'A', 'C#', 'F#', 'A', 'C#', 'F#', 'A', 'C#', 'F#', 'A', 'C#', 'F#', 'A', 'C#', 'F#', 'A', 'C#']	0.0	0.0	0.0	0.0
0.25	1.0	1.0	['F#4', 'A4', 'C#5']	['m3', 'P5']	[False, False, False]	1.0	1.0	0.0	i	False	('F#', 'A', 'C#')	F#	F#	0.0	minor triad	(1, 6, 9)	f#	f#	1	None	False	['F#', 'A', 'C#', 'F#', 'A', 'C#', 'F#', 'A', 'C#', 'F#', 'A', 'C#', 'F#', 'A', 'C#', 'F#', 'A', 'C#', 'F#', 'A', 'C#', 'F#', 'A', 'C#']	0.0	0.0	0.0	0.0
0.375	1.0	1.0	['F#4', 'A4', 'C#5']	['m3', 'P5']	[False, False, False]	1.0	1.0	0.0	i	False	('F#', 'A', 'C#')	F#	F#	0.0	minor triad	(1, 6, 9)	f#	f#	1	None	False	['F#', 'A', 'C#', 'F#', 'A', 'C#', 'F#', 'A', 'C#', 'F#', 'A', 'C#', 'F#', 'A', 'C#', 'F#', 'A', 'C#', 'F#', 'A', 'C#', 'F#', 'A', 'C#']	0.0	0.0	0.0	0.0
0.5	1.0	1.0	['F#4', 'A4', 'C#5']	['m3', 'P5']	[False, False, False]	1.0	1.0	0.0	i	False	('F#', 'A', 'C#')	F#	F#	0.0	minor triad	(1, 6, 9)	f#	f#	1	None	False	['F#', 'A', 'C#', 'F#', 'A', 'C#', 'F#', 'A', 'C#', 'F#', 'A', 'C#', 'F#', 'A', 'C#', 'F#', 'A', 'C#', 'F#', 'A', 'C#', 'F#', 'A', 'C#']	0.0	0.0	0.0	0.0
0.625	1.0	1.0	['F#4', 'A4', 'C#5']	['m3', 'P5']	[False, False, False]	1.0	1.0	0.0	i	False	('F#', 'A', 'C#')	F#	F#	0.0	minor triad	(1, 6, 9)	f#	f#	1	None	False	['F#', 'A', 'C#', 'F#', 'A', 'C#', 'F#', 'A', 'C#', 'F#', 'A', 'C#', 'F#', 'A', 'C#', 'F#', 'A', 'C#', 'F#', 'A', 'C#', 'F#', 'A', 'C#']	0.0	0.0	0.0	0.0
0.75	1.0	1.0	['F#4', 'A4', 'C#5']	['m3', 'P5']	[False, False, False]	1.0	1.0	0.0	i	False	('F#', 'A', 'C#')	F#	F#	0.0	minor triad	(1, 6, 9)	f#	f#	1	None	False	['F#', 'A', 'C#', 'F#', 'A', 'C#', 'F#', 'A', 'C#', 'F#', 'A', 'C#', 'F#', 'A', 'C#', 'F#', 'A', 'C#', 'F#', 'A', 'C#', 'F#', 'A', 'C#']	0.0	0.0	0.0	0.0
0.875	1.0	1.0	['F#4', 'A4', 'C#5']	['m3', 'P5']	[False, False, False]	1.0	1.0	0.0	i	False	('F#', 'A', 'C#')	F#	F#	0.0	minor triad	(1, 6, 9)	f#	f#	1	None	False	['F#', 'A', 'C#', 'F#', 'A', 'C#', 'F#', 'A', 'C#', 'F#', 'A', 'C#', 'F#', 'A', 'C#', 'F#', 'A', 'C#', 'F#', 'A', 'C#', 'F#', 'A', 'C#']	0.0	0.0	0.0	0.0
1.0	0.5	1.0	['E#5']	[]	[True]	1.0	2.0	1.0	V7	True	('G#', 'B', 'C#', 'E#')	G#	C#	2.0	dominant seventh chord	(1, 5, 8, 11)	f#	f#	5	None	False	['E#', 'E#', 'E#', 'E#', 'G#', 'G#', 'C#', 'C#', 'B', 'B', 'C#', 'C#', 'G#', 'B', 'C#', 'G#', 'B', 'C#', 'G#', 'B', 'C#', 'G#', 'B', 'C#']	0.0	0.0	0.0	0.62
1.125	0.5	1.0	['E#5']	[]	[False]	1.0	2.0	1.0	V7	False	('G#', 'B', 'C#', 'E#')	G#	C#	2.0	dominant seventh chord	(1, 5, 8, 11)	f#	f#	5	None	False	['E#', 'E#', 'E#', 'E#', 'G#', 'G#', 'C#', 'C#', 'B', 'B', 'C#', 'C#', 'G#', 'B', 'C#', 'G#', 'B', 'C#', 'G#', 'B', 'C#', 'G#', 'B', 'C#']	0.0	0.0	0.0	0.62
1.25	0.5	1.0	['E#5']	[]	[False]	1.0	2.0	1.0	V7	False	('G#', 'B', 'C#', 'E#')	G#	C#	2.0	dominant seventh chord	(1, 5, 8, 11)	f#	f#	5	None	False	['E#', 'E#', 'E#', 'E#', 'G#', 'G#', 'C#', 'C#', 'B', 'B', 'C#', 'C#', 'G#', 'B', 'C#', 'G#', 'B', 'C#', 'G#', 'B', 'C#', 'G#', 'B', 'C#']	0.0	0.0	0.0	0.62
1.375	0.5	1.0	['E#5']	[]	[False]	1.0	2.0	1.0	V7	False	('G#', 'B', 'C#', 'E#')	G#	C#	2.0	dominant seventh chord	(1, 5, 8, 11)	f#	f#	5	None	False	['E#', 'E#', 'E#', 'E#', 'G#', 'G#', 'C#', 'C#', 'B', 'B', 'C#', 'C#', 'G#', 'B', 'C#', 'G#', 'B', 'C#', 'G#', 'B', 'C#', 'G#', 'B', 'C#']	0.0	0.0	0.0	0.62
1.5	0.25	1.0	['G#4']	[]	[True]	1.0	2.0	1.0	V7	False	('G#', 'B', 'C#', 'E#')	G#	C#	2.0	dominant seventh chord	(1, 5, 8, 11)	f#	f#	5	None	False	['E#', 'E#', 'E#', 'E#', 'G#', 'G#', 'C#', 'C#', 'B', 'B', 'C#', 'C#', 'G#', 'B', 'C#', 'G#', 'B', 'C#', 'G#', 'B', 'C#', 'G#', 'B', 'C#']	0.0	0.0	0.0	0.62
1.625	0.25	1.0	['G#4']	[]	[False]	1.0	2.0	1.0	V7	False	('G#', 'B', 'C#', 'E#')	G#	C#	2.0	dominant seventh chord	(1, 5, 8, 11)	f#	f#	5	None	False	['E#', 'E#', 'E#', 'E#', 'G#', 'G#', 'C#', 'C#', 'B', 'B', 'C#', 'C#', 'G#', 'B', 'C#', 'G#', 'B', 'C#', 'G#', 'B', 'C#', 'G#', 'B', 'C#']	0.0	0.0	0.0	0.62
1.75	0.25	1.0	['C#5']	[]	[True]	1.0	2.0	1.0	V7	False	('G#', 'B', 'C#', 'E#')	G#	C#	2.0	dominant seventh chord	(1, 5, 8, 11)	f#	f#	5	None	False	['E#', 'E#', 'E#', 'E#', 'G#', 'G#', 'C#', 'C#', 'B', 'B', 'C#', 'C#', 'G#', 'B', 'C#', 'G#', 'B', 'C#', 'G#', 'B', 'C#', 'G#', 'B', 'C#']	0.0	0.0	0.0	0.62
1.875	0.25	1.0	['C#5']	[]	[False]	1.0	2.0	1.0	V7	False	('G#', 'B', 'C#', 'E#')	G#	C#	2.0	dominant seventh chord	(1, 5, 8, 11)	f#	f#	5	None	False	['E#', 'E#', 'E#', 'E#', 'G#', 'G#', 'C#', 'C#', 'B', 'B', 'C#', 'C#', 'G#', 'B', 'C#', 'G#', 'B', 'C#', 'G#', 'B', 'C#', 'G#', 'B', 'C#']	0.0	0.0	0.0	0.62
2.0	0.25	1.0	['B4']	[]	[True]	1.0	2.0	1.0	V7	False	('G#', 'B', 'C#', 'E#')	G#	C#	2.0	dominant seventh chord	(1, 5, 8, 11)	f#	f#	5	None	False	['E#', 'E#', 'E#', 'E#', 'G#', 'G#', 'C#', 'C#', 'B', 'B', 'C#', 'C#', 'G#', 'B', 'C#', 'G#', 'B', 'C#', 'G#', 'B', 'C#', 'G#', 'B', 'C#']	0.0	0.0	0.0	0.62
2.125	0.25	1.0	['B4']	[]	[False]	1.0	2.0	1.0	V7	False	('G#', 'B', 'C#', 'E#')	G#	C#	2.0	dominant seventh chord	(1, 5, 8, 11)	f#	f#	5	None	False	['E#', 'E#', 'E#', 'E#', 'G#', 'G#', 'C#', 'C#', 'B', 'B', 'C#', 'C#', 'G#', 'B', 'C#', 'G#', 'B', 'C#', 'G#', 'B', 'C#', 'G#', 'B', 'C#']	0.0	0.0	0.0	0.62
2.25	0.25	1.0	['C#5']	[]	[True]	1.0	2.0	1.0	V7	False	('G#', 'B', 'C#', 'E#')	G#	C#	2.0	dominant seventh chord	(1, 5, 8, 11)	f#	f#	5	None	False	['E#', 'E#', 'E#', 'E#', 'G#', 'G#', 'C#', 'C#', 'B', 'B', 'C#', 'C#', 'G#', 'B', 'C#', 'G#', 'B', 'C#', 'G#', 'B', 'C#', 'G#', 'B', 'C#']	0.0	0.0	0.0	0.62
2.375	0.25	1.0	['C#5']	[]	[False]	1.0	2.0	1.0	V7	False	('G#', 'B', 'C#', 'E#')	G#	C#	2.0	dominant seventh chord	(1, 5, 8, 11)	f#	f#	5	None	False	['E#', 'E#', 'E#', 'E#', 'G#', 'G#', 'C#', 'C#', 'B', 'B', 'C#', 'C#', 'G#', 'B', 'C#', 'G#', 'B', 'C#', 'G#', 'B', 'C#', 'G#', 'B', 'C#']	0.0	0.0	0.0	0.62
2.5	0.5	1.0	['G#4', 'B4', 'C#5']	['m3', 'P4']	[True, True, True]	1.0	2.0	1.0	V7	False	('G#', 'B', 'C#', 'E#')	G#	C#	2.0	dominant seventh chord	(1, 5, 8, 11)	f#	f#	5	None	False	['E#', 'E#', 'E#', 'E#', 'G#', 'G#', 'C#', 'C#', 'B', 'B', 'C#', 'C#', 'G#', 'B', 'C#', 'G#', 'B', 'C#', 'G#', 'B', 'C#', 'G#', 'B', 'C#']	0.0	0.0	0.0	0.62
2.625	0.5	1.0	['G#4', 'B4', 'C#5']	['m3', 'P4']	[False, False, False]	1.0	2.0	1.0	V7	False	('G#', 'B', 'C#', 'E#')	G#	C#	2.0	dominant seventh chord	(1, 5, 8, 11)	f#	f#	5	None	False	['E#', 'E#', 'E#', 'E#', 'G#', 'G#', 'C#', 'C#', 'B', 'B', 'C#', 'C#', 'G#', 'B', 'C#', 'G#', 'B', 'C#', 'G#', 'B', 'C#', 'G#', 'B', 'C#']	0.0	0.0	0.0	0.62
2.75	0.5	1.0	['G#4', 'B4', 'C#5']	['m3', 'P4']	[False, False, False]	1.0	2.0	1.0	V7	False	('G#', 'B', 'C#', 'E#')	G#	C#	2.0	dominant seventh chord	(1, 5, 8, 11)	f#	f#	5	None	False	['E#', 'E#', 'E#', 'E#', 'G#', 'G#', 'C#', 'C#', 'B', 'B', 'C#', 'C#', 'G#', 'B', 'C#', 'G#', 'B', 'C#', 'G#', 'B', 'C#', 'G#', 'B', 'C#']	0.0	0.0	0.0	0.62
2.875	0.5	1.0	['G#4', 'B4', 'C#5']	['m3', 'P4']	[False, False, False]	1.0	2.0	1.0	V7	False	('G#', 'B', 'C#', 'E#')	G#	C#	2.0	dominant seventh chord	(1, 5, 8, 11)	f#	f#	5	None	False	['E#', 'E#', 'E#', 'E#', 'G#', 'G#', 'C#', 'C#', 'B', 'B', 'C#', 'C#', 'G#', 'B', 'C#', 'G#', 'B', 'C#', 'G#', 'B', 'C#', 'G#', 'B', 'C#']	0.0	0.0	0.0	0.62
3.0	0.5	2.0	['F#4']	[]	[True]	2.0	1.0	2.0	i	True	('F#', 'A', 'C#')	F#	F#	0.0	minor triad	(1, 6, 9)	f#	f#	1	None	False	['F#', 'F#', 'F#', 'F#', 'A', 'C#', 'A', 'C#', 'A', 'C#', 'A', 'C#']	0.0	0.0	0.0	0.5
3.125	0.5	2.0	['F#4']	[]	[False]	2.0	1.0	2.0	i	False	('F#', 'A', 'C#')	F#	F#	0.0	minor triad	(1, 6, 9)	f#	f#	1	None	False	['F#', 'F#', 'F#', 'F#', 'A', 'C#', 'A', 'C#', 'A', 'C#', 'A', 'C#']	0.0	0.0	0.0	0.5
3.25	0.5	2.0	['F#4']	[]	[False]	2.0	1.0	2.0	i	False	('F#', 'A', 'C#')	F#	F#	0.0	minor triad	(1, 6, 9)	f#	f#	1	None	False	['F#', 'F#', 'F#', 'F#', 'A', 'C#', 'A', 'C#', 'A', 'C#', 'A', 'C#']	0.0	0.0	0.0	0.5
3.375	0.5	2.0	['F#4']	[]	[False]	2.0	1.0	2.0	i	False	('F#', 'A', 'C#')	F#	F#	0.0	minor triad	(1, 6, 9)	f#	f#	1	None	False	['F#', 'F#', 'F#', 'F#', 'A', 'C#', 'A', 'C#', 'A', 'C#', 'A', 'C#']	0.0	0.0	0.0	0.5
3.5	0.5	2.0	['A4', 'C#5']	['M3']	[True, True]	2.0	1.0	2.0	i	False	('F#', 'A', 'C#')	F#	F#	0.0	minor triad	(1, 6, 9)	f#	f#	1	None	False	['F#', 'F#', 'F#', 'F#', 'A', 'C#', 'A', 'C#', 'A', 'C#', 'A', 'C#']	0.0	0.0	0.0	0.5
3.625	0.5	2.0	['A4', 'C#5']	['M3']	[False, False]	2.0	1.0	2.0	i	False	('F#', 'A', 'C#')	F#	F#	0.0	minor triad	(1, 6, 9)	f#	f#	1	None	False	['F#', 'F#', 'F#', 'F#', 'A', 'C#', 'A', 'C#', 'A', 'C#', 'A', 'C#']	0.0	0.0	0.0	0.5
3.75	0.5	2.0	['A4', 'C#5']	['M3']	[False, False]	2.0	1.0	2.0	i	False	('F#', 'A', 'C#')	F#	F#	0.0	minor triad	(1, 6, 9)	f#	f#	1	None	False	['F#', 'F#', 'F#', 'F#', 'A', 'C#', 'A', 'C#', 'A', 'C#', 'A', 'C#']	0.0	0.0	0.0	0.5
3.875	0.5	2.0	['A4', 'C#5']	['M3']	[False, False]	2.0	1.0	2.0	i	False	('F#', 'A', 'C#')	F#	F#	0.0	minor triad	(1, 6, 9)	f#	f#	1	None	False	['F#', 'F#', 'F#', 'F#', 'A', 'C#', 'A', 'C#', 'A', 'C#', 'A', 'C#']	0.0	0.0	0.0	0.5
4.0	0.5	2.0	['G#4']	[]	[True]	2.0	2.0	3.0	V7	True	('G#', 'B', 'C#', 'E#')	G#	C#	2.0	dominant seventh chord	(1, 5, 8, 11)	f#	f#	5	None	False	['G#', 'G#', 'G#', 'G#', 'E#', 'E#', 'E#', 'E#', 'B', 'B', 'B', 'B', 'C#', 'C#', 'C#', 'C#']	0.0	0.0	0.0	0.75
4.125	0.5	2.0	['G#4']	[]	[False]	2.0	2.0	3.0	V7	False	('G#', 'B', 'C#', 'E#')	G#	C#	2.0	dominant seventh chord	(1, 5, 8, 11)	f#	f#	5	None	False	['G#', 'G#', 'G#', 'G#', 'E#', 'E#', 'E#', 'E#', 'B', 'B', 'B', 'B', 'C#', 'C#', 'C#', 'C#']	0.0	0.0	0.0	0.75
4.25	0.5	2.0	['G#4']	[]	[False]	2.0	2.0	3.0	V7	False	('G#', 'B', 'C#', 'E#')	G#	C#	2.0	dominant seventh chord	(1, 5, 8, 11)	f#	f#	5	None	False	['G#', 'G#', 'G#', 'G#', 'E#', 'E#', 'E#', 'E#', 'B', 'B', 'B', 'B', 'C#', 'C#', 'C#', 'C#']	0.0	0.0	0.0	0.75
4.375	0.5	2.0	['G#4']	[]	[False]	2.0	2.0	3.0	V7	False	('G#', 'B', 'C#', 'E#')	G#	C#	2.0	dominant seventh chord	(1, 5, 8, 11)	f#	f#	5	None	False	['G#', 'G#', 'G#', 'G#', 'E#', 'E#', 'E#', 'E#', 'B', 'B', 'B', 'B', 'C#', 'C#', 'C#', 'C#']	0.0	0.0	0.0	0.75
4.5	0.5	2.0	['E#5']	[]	[True]	2.0	2.0	3.0	V7	False	('G#', 'B', 'C#', 'E#')	G#	C#	2.0	dominant seventh chord	(1, 5, 8, 11)	f#	f#	5	None	False	['G#', 'G#', 'G#', 'G#', 'E#', 'E#', 'E#', 'E#', 'B', 'B', 'B', 'B', 'C#', 'C#', 'C#', 'C#']	0.0	0.0	0.0	0.75
4.625	0.5	2.0	['E#5']	[]	[False]	2.0	2.0	3.0	V7	False	('G#', 'B', 'C#', 'E#')	G#	C#	2.0	dominant seventh chord	(1, 5, 8, 11)	f#	f#	5	None	False	['G#', 'G#', 'G#', 'G#', 'E#', 'E#', 'E#', 'E#', 'B', 'B', 'B', 'B', 'C#', 'C#', 'C#', 'C#']	0.0	0.0	0.0	0.75
4.75	0.5	2.0	['E#5']	[]	[False]	2.0	2.0	3.0	V7	False	('G#', 'B', 'C#', 'E#')	G#	C#	2.0	dominant seventh chord	(1, 5, 8, 11)	f#	f#	5	None	False	['G#', 'G#', 'G#', 'G#', 'E#', 'E#', 'E#', 'E#', 'B', 'B', 'B', 'B', 'C#', 'C#', 'C#', 'C#']	0.0	0.0	0.0	0.75
4.875	0.5	2.0	['E#5']	[]	[False]	2.0	2.0	3.0	V7	False	('G#', 'B', 'C#', 'E#')	G#	C#	2.0	dominant seventh chord	(1, 5, 8, 11)	f#	f#	5	None	False	['G#', 'G#', 'G#', 'G#', 'E#', 'E#', 'E#', 'E#', 'B', 'B', 'B', 'B', 'C#', 'C#', 'C#', 'C#']	0.0	0.0	0.0	0.75
5.0	0.5	2.0	['B4']	[]	[True]	2.0	2.0	3.0	V7	False	('G#', 'B', 'C#', 'E#')	G#	C#	2.0	dominant seventh chord	(1, 5, 8, 11)	f#	f#	5	None	False	['G#', 'G#', 'G#', 'G#', 'E#', 'E#', 'E#', 'E#', 'B', 'B', 'B', 'B', 'C#', 'C#', 'C#', 'C#']	0.0	0.0	0.0	0.75
5.125	0.5	2.0	['B4']	[]	[False]	2.0	2.0	3.0	V7	False	('G#', 'B', 'C#', 'E#')	G#	C#	2.0	dominant seventh chord	(1, 5, 8, 11)	f#	f#	5	None	False	['G#', 'G#', 'G#', 'G#', 'E#', 'E#', 'E#', 'E#', 'B', 'B', 'B', 'B', 'C#', 'C#', 'C#', 'C#']	0.0	0.0	0.0	0.75
5.25	0.5	2.0	['B4']	[]	[False]	2.0	2.0	3.0	V7	False	('G#', 'B', 'C#', 'E#')	G#	C#	2.0	dominant seventh chord	(1, 5, 8, 11)	f#	f#	5	None	False	['G#', 'G#', 'G#', 'G#', 'E#', 'E#', 'E#', 'E#', 'B', 'B', 'B', 'B', 'C#', 'C#', 'C#', 'C#']	0.0	0.0	0.0	0.75
5.375	0.5	2.0	['B4']	[]	[False]	2.0	2.0	3.0	V7	False	('G#', 'B', 'C#', 'E#')	G#	C#	2.0	dominant seventh chord	(1, 5, 8, 11)	f#	f#	5	None	False	['G#', 'G#', 'G#', 'G#', 'E#', 'E#', 'E#', 'E#', 'B', 'B', 'B', 'B', 'C#', 'C#', 'C#', 'C#']	0.0	0.0	0.0	0.75
5.5	0.5	2.0	['C#5']	[]	[True]	2.0	2.0	3.0	V7	False	('G#', 'B', 'C#', 'E#')	G#	C#	2.0	dominant seventh chord	(1, 5, 8, 11)	f#	f#	5	None	False	['G#', 'G#', 'G#', 'G#', 'E#', 'E#', 'E#', 'E#', 'B', 'B', 'B', 'B', 'C#', 'C#', 'C#', 'C#']	0.0	0.0	0.0	0.75
5.625	0.5	2.0	['C#5']	[]	[False]	2.0	2.0	3.0	V7	False	('G#', 'B', 'C#', 'E#')	G#	C#	2.0	dominant seventh chord	(1, 5, 8, 11)	f#	f#	5	None	False	['G#', 'G#', 'G#', 'G#', 'E#', 'E#', 'E#', 'E#', 'B', 'B', 'B', 'B', 'C#', 'C#', 'C#', 'C#']	0.0	0.0	0.0	0.75
5.75	0.5	2.0	['C#5']	[]	[False]	2.0	2.0	3.0	V7	False	('G#', 'B', 'C#', 'E#')	G#	C#	2.0	dominant seventh chord	(1, 5, 8, 11)	f#	f#	5	None	False	['G#', 'G#', 'G#', 'G#', 'E#', 'E#', 'E#', 'E#', 'B', 'B', 'B', 'B', 'C#', 'C#', 'C#', 'C#']	0.0	0.0	0.0	0.75
5.875	0.5	2.0	['C#5']	[]	[False]	2.0	2.0	3.0	V7	False	('G#', 'B', 'C#', 'E#')	G#	C#	2.0	dominant seventh chord	(1, 5, 8, 11)	f#	f#	5	None	False	['G#', 'G#', 'G#', 'G#', 'E#', 'E#', 'E#', 'E#', 'B', 'B', 'B', 'B', 'C#', 'C#', 'C#', 'C#']	0.0	0.0	0.0	0.75
6.0	0.5	3.0	['F#4']	[]	[True]	3.0	1.0	4.0	i	True	('F#', 'A', 'C#')	F#	F#	0.0	minor triad	(1, 6, 9)	f#	f#	1	None	False	['F#', 'F#', 'F#', 'F#', 'A', 'C#', 'A', 'C#', 'A', 'C#', 'A', 'C#']	0.0	0.0	0.0	0.5
6.125	0.5	3.0	['F#4']	[]	[False]	3.0	1.0	4.0	i	False	('F#', 'A', 'C#')	F#	F#	0.0	minor triad	(1, 6, 9)	f#	f#	1	None	False	['F#', 'F#', 'F#', 'F#', 'A', 'C#', 'A', 'C#', 'A', 'C#', 'A', 'C#']	0.0	0.0	0.0	0.5
6.25	0.5	3.0	['F#4']	[]	[False]	3.0	1.0	4.0	i	False	('F#', 'A', 'C#')	F#	F#	0.0	minor triad	(1, 6, 9)	f#	f#	1	None	False	['F#', 'F#', 'F#', 'F#', 'A', 'C#', 'A', 'C#', 'A', 'C#', 'A', 'C#']	0.0	0.0	0.0	0.5
6.375	0.5	3.0	['F#4']	[]	[False]	3.0	1.0	4.0	i	False	('F#', 'A', 'C#')	F#	F#	0.0	minor triad	(1, 6, 9)	f#	f#	1	None	False	['F#', 'F#', 'F#', 'F#', 'A', 'C#', 'A', 'C#', 'A', 'C#', 'A', 'C#']	0.0	0.0	0.0	0.5
6.5	0.5	3.0	['A4', 'C#5']	['M3']	[True, True]	3.0	1.0	4.0	i	False	('F#', 'A', 'C#')	F#	F#	0.0	minor triad	(1, 6, 9)	f#	f#	1	None	False	['F#', 'F#', 'F#', 'F#', 'A', 'C#', 'A', 'C#', 'A', 'C#', 'A', 'C#']	0.0	0.0	0.0	0.5
6.625	0.5	3.0	['A4', 'C#5']	['M3']	[False, False]	3.0	1.0	4.0	i	False	('F#', 'A', 'C#')	F#	F#	0.0	minor triad	(1, 6, 9)	f#	f#	1	None	False	['F#', 'F#', 'F#', 'F#', 'A', 'C#', 'A', 'C#', 'A', 'C#', 'A', 'C#']	0.0	0.0	0.0	0.5
6.75	0.5	3.0	['A4', 'C#5']	['M3']	[False, False]	3.0	1.0	4.0	i	False	('F#', 'A', 'C#')	F#	F#	0.0	minor triad	(1, 6, 9)	f#	f#	1	None	False	['F#', 'F#', 'F#', 'F#', 'A', 'C#', 'A', 'C#', 'A', 'C#', 'A', 'C#']	0.0	0.0	0.0	0.5
6.875	0.5	3.0	['A4', 'C#5']	['M3']	[False, False]	3.0	1.0	4.0	i	False	('F#', 'A', 'C#')	F#	F#	0.0	minor triad	(1, 6, 9)	f#	f#	1	None	False	['F#', 'F#', 'F#', 'F#', 'A', 'C#', 'A', 'C#', 'A', 'C#', 'A', 'C#']	0.0	0.0	0.0	0.5
7.0	0.25	3.0	['C#5']	[]	[True]	3.0	1.0	5.0	i	True	('C#', 'F#', 'A')	C#	F#	2.0	minor triad	(1, 6, 9)	f#	f#	1	None	False	['C#', 'C#', 'A', 'A', 'F#', 'F#', 'A', 'A']	0.0	0.0	0.0	0.75
7.125	0.25	3.0	['C#5']	[]	[False]	3.0	1.0	5.0	i	False	('C#', 'F#', 'A')	C#	F#	2.0	minor triad	(1, 6, 9)	f#	f#	1	None	False	['C#', 'C#', 'A', 'A', 'F#', 'F#', 'A', 'A']	0.0	0.0	0.0	0.75
7.25	0.25	3.0	['A5']	[]	[True]	3.0	1.0	5.0	i	False	('C#', 'F#', 'A')	C#	F#	2.0	minor triad	(1, 6, 9)	f#	f#	1	None	False	['C#', 'C#', 'A', 'A', 'F#', 'F#', 'A', 'A']	0.0	0.0	0.0	0.75
7.375	0.25	3.0	['A5']	[]	[False]	3.0	1.0	5.0	i	False	('C#', 'F#', 'A')	C#	F#	2.0	minor triad	(1, 6, 9)	f#	f#	1	None	False	['C#', 'C#', 'A', 'A', 'F#', 'F#', 'A', 'A']	0.0	0.0	0.0	0.75
7.5	0.25	3.0	['F#5']	[]	[True]	3.0	1.0	5.0	i	False	('C#', 'F#', 'A')	C#	F#	2.0	minor triad	(1, 6, 9)	f#	f#	1	None	False	['C#', 'C#', 'A', 'A', 'F#', 'F#', 'A', 'A']	0.0	0.0	0.0	0.75
7.625	0.25	3.0	['F#5']	[]	[False]	3.0	1.0	5.0	i	False	('C#', 'F#', 'A')	C#	F#	2.0	minor triad	(1, 6, 9)	f#	f#	1	None	False	['C#', 'C#', 'A', 'A', 'F#', 'F#', 'A', 'A']	0.0	0.0	0.0	0.75
7.75	0.25	3.0	['A5']	[]	[True]	3.0	1.0	5.0	i	False	('C#', 'F#', 'A')	C#	F#	2.0	minor triad	(1, 6, 9)	f#	f#	1	None	False	['C#', 'C#', 'A', 'A', 'F#', 'F#', 'A', 'A']	0.0	0.0	0.0	0.75
7.875	0.25	3.0	['A5']	[]	[False]	3.0	1.0	5.0	i	False	('C#', 'F#', 'A')	C#	F#	2.0	minor triad	(1, 6, 9)	f#	f#	1	None	False	['C#', 'C#', 'A', 'A', 'F#', 'F#', 'A', 'A']	0.0	0.0	0.0	0.75
8.0	1.0	3.0	['C#5', 'E#5', 'G#5', 'B5']	['M3', 'P5', 'm7']	[True, True, True, True]	3.0	1.0	6.0	V7	True	('C#', 'E#', 'G#', 'B')	C#	C#	0.0	dominant seventh chord	(1, 5, 8, 11)	f#	f#	5	None	False	['C#', 'E#', 'G#', 'B', 'C#', 'E#', 'G#', 'B', 'C#', 'E#', 'G#', 'B', 'C#', 'E#', 'G#', 'B', 'C#', 'E#', 'G#', 'B', 'C#', 'E#', 'G#', 'B', 'C#', 'E#', 'G#', 'B', 'C#', 'E#', 'G#', 'B']	0.0	0.0	0.0	0.0
8.125	1.0	3.0	['C#5', 'E#5', 'G#5', 'B5']	['M3', 'P5', 'm7']	[False, False, False, False]	3.0	1.0	6.0	V7	False	('C#', 'E#', 'G#', 'B')	C#	C#	0.0	dominant seventh chord	(1, 5, 8, 11)	f#	f#	5	None	False	['C#', 'E#', 'G#', 'B', 'C#', 'E#', 'G#', 'B', 'C#', 'E#', 'G#', 'B', 'C#', 'E#', 'G#', 'B', 'C#', 'E#', 'G#', 'B', 'C#', 'E#', 'G#', 'B', 'C#', 'E#', 'G#', 'B', 'C#', 'E#', 'G#', 'B']	0.0	0.0	0.0	0.0
8.25	1.0	3.0	['C#5', 'E#5', 'G#5', 'B5']	['M3', 'P5', 'm7']	[False, False, False, False]	3.0	1.0	6.0	V7	False	('C#', 'E#', 'G#', 'B')	C#	C#	0.0	dominant seventh chord	(1, 5, 8, 11)	f#	f#	5	None	False	['C#', 'E#', 'G#', 'B', 'C#', 'E#', 'G#', 'B', 'C#', 'E#', 'G#', 'B', 'C#', 'E#', 'G#', 'B', 'C#', 'E#', 'G#', 'B', 'C#', 'E#', 'G#', 'B', 'C#', 'E#', 'G#', 'B', 'C#', 'E#', 'G#', 'B']	0.0	0.0	0.0	0.0
8.375	1.0	3.0	['C#5', 'E#5', 'G#5', 'B5']	['M3', 'P5', 'm7']	[False, False, False, False]	3.0	1.0	6.0	V7	False	('C#', 'E#', 'G#', 'B')	C#	C#	0.0	dominant seventh chord	(1, 5, 8, 11)	f#	f#	5	None	False	['C#', 'E#', 'G#', 'B', 'C#', 'E#', 'G#', 'B', 'C#', 'E#', 'G#', 'B', 'C#', 'E#', 'G#', 'B', 'C#', 'E#', 'G#', 'B', 'C#', 'E#', 'G#', 'B', 'C#', 'E#', 'G#', 'B', 'C#', 'E#', 'G#', 'B']	0.0	0.0	0.0	0.0
8.5	1.0	3.0	['C#5', 'E#5', 'G#5', 'B5']	['M3', 'P5', 'm7']	[False, False, False, False]	3.0	1.0	6.0	V7	False	('C#', 'E#', 'G#', 'B')	C#	C#	0.0	dominant seventh chord	(1, 5, 8, 11)	f#	f#	5	None	False	['C#', 'E#', 'G#', 'B', 'C#', 'E#', 'G#', 'B', 'C#', 'E#', 'G#', 'B', 'C#', 'E#', 'G#', 'B', 'C#', 'E#', 'G#', 'B', 'C#', 'E#', 'G#', 'B', 'C#', 'E#', 'G#', 'B', 'C#', 'E#', 'G#', 'B']	0.0	0.0	0.0	0.0
8.625	1.0	3.0	['C#5', 'E#5', 'G#5', 'B5']	['M3', 'P5', 'm7']	[False, False, False, False]	3.0	1.0	6.0	V7	False	('C#', 'E#', 'G#', 'B')	C#	C#	0.0	dominant seventh chord	(1, 5, 8, 11)	f#	f#	5	None	False	['C#', 'E#', 'G#', 'B', 'C#', 'E#', 'G#', 'B', 'C#', 'E#', 'G#', 'B', 'C#', 'E#', 'G#', 'B', 'C#', 'E#', 'G#', 'B', 'C#', 'E#', 'G#', 'B', 'C#', 'E#', 'G#', 'B', 'C#', 'E#', 'G#', 'B']	0.0	0.0	0.0	0.0
8.75	1.0	3.0	['C#5', 'E#5', 'G#5', 'B5']	['M3', 'P5', 'm7']	[False, False, False, False]	3.0	1.0	6.0	V7	False	('C#', 'E#', 'G#', 'B')	C#	C#	0.0	dominant seventh chord	(1, 5, 8, 11)	f#	f#	5	None	False	['C#', 'E#', 'G#', 'B', 'C#', 'E#', 'G#', 'B', 'C#', 'E#', 'G#', 'B', 'C#', 'E#', 'G#', 'B', 'C#', 'E#', 'G#', 'B', 'C#', 'E#', 'G#', 'B', 'C#', 'E#', 'G#', 'B', 'C#', 'E#', 'G#', 'B']	0.0	0.0	0.0	0.0
8.875	1.0	3.0	['C#5', 'E#5', 'G#5', 'B5']	['M3', 'P5', 'm7']	[False, False, False, False]	3.0	1.0	6.0	V7	False	('C#', 'E#', 'G#', 'B')	C#	C#	0.0	dominant seventh chord	(1, 5, 8, 11)	f#	f#	5	None	False	['C#', 'E#', 'G#', 'B', 'C#', 'E#', 'G#', 'B', 'C#', 'E#', 'G#', 'B', 'C#', 'E#', 'G#', 'B', 'C#', 'E#', 'G#', 'B', 'C#', 'E#', 'G#', 'B', 'C#', 'E#', 'G#', 'B', 'C#', 'E#', 'G#', 'B']	0.0	0.0	0.0	0.0
9.0	3.0	4.0	['F#4', 'A4', 'C#5']	['m3', 'P5']	[True, True, True]	4.0	3.0	7.0	i	True	('F#', 'A', 'C#')	F#	F#	0.0	minor triad	(1, 6, 9)	f#	f#	1	None	False	['F#', 'A', 'C#', 'F#', 'A', 'C#', 'F#', 'A', 'C#', 'F#', 'A', 'C#', 'F#', 'A', 'C#', 'F#', 'A', 'C#', 'F#', 'A', 'C#', 'F#', 'A', 'C#', 'F#', 'A', 'C#', 'F#', 'A', 'C#', 'F#', 'A', 'C#', 'F#', 'A', 'C#', 'F#', 'A', 'C#', 'F#', 'A', 'C#', 'F#', 'A', 'C#', 'F#', 'A', 'C#', 'F#', 'A', 'C#', 'F#', 'A', 'C#', 'F#', 'A', 'C#', 'F#', 'A', 'C#', 'F#', 'A', 'C#', 'F#', 'A', 'C#', 'F#', 'A', 'C#', 'F#', 'A', 'C#']	0.0	0.0	0.0	0.0
9.125	3.0	4.0	['F#4', 'A4', 'C#5']	['m3', 'P5']	[False, False, False]	4.0	3.0	7.0	i	False	('F#', 'A', 'C#')	F#	F#	0.0	minor triad	(1, 6, 9)	f#	f#	1	None	False	['F#', 'A', 'C#', 'F#', 'A', 'C#', 'F#', 'A', 'C#', 'F#', 'A', 'C#', 'F#', 'A', 'C#', 'F#', 'A', 'C#', 'F#', 'A', 'C#', 'F#', 'A', 'C#', 'F#', 'A', 'C#', 'F#', 'A', 'C#', 'F#', 'A', 'C#', 'F#', 'A', 'C#', 'F#', 'A', 'C#', 'F#', 'A', 'C#', 'F#', 'A', 'C#', 'F#', 'A', 'C#', 'F#', 'A', 'C#', 'F#', 'A', 'C#', 'F#', 'A', 'C#', 'F#', 'A', 'C#', 'F#', 'A', 'C#', 'F#', 'A', 'C#', 'F#', 'A', 'C#', 'F#', 'A', 'C#']	0.0	0.0	0.0	0.0
9.25	3.0	4.0	['F#4', 'A4', 'C#5']	['m3', 'P5']	[False, False, False]	4.0	3.0	7.0	i	False	('F#', 'A', 'C#')	F#	F#	0.0	minor triad	(1, 6, 9)	f#	f#	1	None	False	['F#', 'A', 'C#', 'F#', 'A', 'C#', 'F#', 'A', 'C#', 'F#', 'A', 'C#', 'F#', 'A', 'C#', 'F#', 'A', 'C#', 'F#', 'A', 'C#', 'F#', 'A', 'C#', 'F#', 'A', 'C#', 'F#', 'A', 'C#', 'F#', 'A', 'C#', 'F#', 'A', 'C#', 'F#', 'A', 'C#', 'F#', 'A', 'C#', 'F#', 'A', 'C#', 'F#', 'A', 'C#', 'F#', 'A', 'C#', 'F#', 'A', 'C#', 'F#', 'A', 'C#', 'F#', 'A', 'C#', 'F#', 'A', 'C#', 'F#', 'A', 'C#', 'F#', 'A', 'C#', 'F#', 'A', 'C#']	0.0	0.0	0.0	0.0
9.375	3.0	4.0	['F#4', 'A4', 'C#5']	['m3', 'P5']	[False, False, False]	4.0	3.0	7.0	i	False	('F#', 'A', 'C#')	F#	F#	0.0	minor triad	(1, 6, 9)	f#	f#	1	None	False	['F#', 'A', 'C#', 'F#', 'A', 'C#', 'F#', 'A', 'C#', 'F#', 'A', 'C#', 'F#', 'A', 'C#', 'F#', 'A', 'C#', 'F#', 'A', 'C#', 'F#', 'A', 'C#', 'F#', 'A', 'C#', 'F#', 'A', 'C#', 'F#', 'A', 'C#', 'F#', 'A', 'C#', 'F#', 'A', 'C#', 'F#', 'A', 'C#', 'F#', 'A', 'C#', 'F#', 'A', 'C#', 'F#', 'A', 'C#', 'F#', 'A', 'C#', 'F#', 'A', 'C#', 'F#', 'A', 'C#', 'F#', 'A', 'C#', 'F#', 'A', 'C#', 'F#', 'A', 'C#', 'F#', 'A', 'C#']	0.0	0.0	0.0	0.0
9.5	3.0	4.0	['F#4', 'A4', 'C#5']	['m3', 'P5']	[False, False, False]	4.0	3.0	7.0	i	False	('F#', 'A', 'C#')	F#	F#	0.0	minor triad	(1, 6, 9)	f#	f#	1	None	False	['F#', 'A', 'C#', 'F#', 'A', 'C#', 'F#', 'A', 'C#', 'F#', 'A', 'C#', 'F#', 'A', 'C#', 'F#', 'A', 'C#', 'F#', 'A', 'C#', 'F#', 'A', 'C#', 'F#', 'A', 'C#', 'F#', 'A', 'C#', 'F#', 'A', 'C#', 'F#', 'A', 'C#', 'F#', 'A', 'C#', 'F#', 'A', 'C#', 'F#', 'A', 'C#', 'F#', 'A', 'C#', 'F#', 'A', 'C#', 'F#', 'A', 'C#', 'F#', 'A', 'C#', 'F#', 'A', 'C#', 'F#', 'A', 'C#', 'F#', 'A', 'C#', 'F#', 'A', 'C#', 'F#', 'A', 'C#']	0.0	0.0	0.0	0.0
9.625	3.0	4.0	['F#4', 'A4', 'C#5']	['m3', 'P5']	[False, False, False]	4.0	3.0	7.0	i	False	('F#', 'A', 'C#')	F#	F#	0.0	minor triad	(1, 6, 9)	f#	f#	1	None	False	['F#', 'A', 'C#', 'F#', 'A', 'C#', 'F#', 'A', 'C#', 'F#', 'A', 'C#', 'F#', 'A', 'C#', 'F#', 'A', 'C#', 'F#', 'A', 'C#', 'F#', 'A', 'C#', 'F#', 'A', 'C#', 'F#', 'A', 'C#', 'F#', 'A', 'C#', 'F#', 'A', 'C#', 'F#', 'A', 'C#', 'F#', 'A', 'C#', 'F#', 'A', 'C#', 'F#', 'A', 'C#', 'F#', 'A', 'C#', 'F#', 'A', 'C#', 'F#', 'A', 'C#', 'F#', 'A', 'C#', 'F#', 'A', 'C#', 'F#', 'A', 'C#', 'F#', 'A', 'C#', 'F#', 'A', 'C#']	0.0	0.0	0.0	0.0
9.75	3.0	4.0	['F#4', 'A4', 'C#5']	['m3', 'P5']	[False, False, False]	4.0	3.0	7.0	i	False	('F#', 'A', 'C#')	F#	F#	0.0	minor triad	(1, 6, 9)	f#	f#	1	None	False	['F#', 'A', 'C#', 'F#', 'A', 'C#', 'F#', 'A', 'C#', 'F#', 'A', 'C#', 'F#', 'A', 'C#', 'F#', 'A', 'C#', 'F#', 'A', 'C#', 'F#', 'A', 'C#', 'F#', 'A', 'C#', 'F#', 'A', 'C#', 'F#', 'A', 'C#', 'F#', 'A', 'C#', 'F#', 'A', 'C#', 'F#', 'A', 'C#', 'F#', 'A', 'C#', 'F#', 'A', 'C#', 'F#', 'A', 'C#', 'F#', 'A', 'C#', 'F#', 'A', 'C#', 'F#', 'A', 'C#', 'F#', 'A', 'C#', 'F#', 'A', 'C#', 'F#', 'A', 'C#', 'F#', 'A', 'C#']	0.0	0.0	0.0	0.0
9.875	3.0	4.0	['F#4', 'A4', 'C#5']	['m3', 'P5']	[False, False, False]	4.0	3.0	7.0	i	False	('F#', 'A', 'C#')	F#	F#	0.0	minor triad	(1, 6, 9)	f#	f#	1	None	False	['F#', 'A', 'C#', 'F#', 'A', 'C#', 'F#', 'A', 'C#', 'F#', 'A', 'C#', 'F#', 'A', 'C#', 'F#', 'A', 'C#', 'F#', 'A', 'C#', 'F#', 'A', 'C#', 'F#', 'A', 'C#', 'F#', 'A', 'C#', 'F#', 'A', 'C#', 'F#', 'A', 'C#', 'F#', 'A', 'C#', 'F#', 'A', 'C#', 'F#', 'A', 'C#', 'F#', 'A', 'C#', 'F#', 'A', 'C#', 'F#', 'A', 'C#', 'F#', 'A', 'C#', 'F#', 'A', 'C#', 'F#', 'A', 'C#', 'F#', 'A', 'C#', 'F#', 'A', 'C#', 'F#', 'A', 'C#']	0.0	0.0	0.0	0.0
10.0	3.0	4.0	['F#4', 'A4', 'C#5']	['m3', 'P5']	[False, False, False]	4.0	3.0	7.0	i	False	('F#', 'A', 'C#')	F#	F#	0.0	minor triad	(1, 6, 9)	f#	f#	1	None	False	['F#', 'A', 'C#', 'F#', 'A', 'C#', 'F#', 'A', 'C#', 'F#', 'A', 'C#', 'F#', 'A', 'C#', 'F#', 'A', 'C#', 'F#', 'A', 'C#', 'F#', 'A', 'C#', 'F#', 'A', 'C#', 'F#', 'A', 'C#', 'F#', 'A', 'C#', 'F#', 'A', 'C#', 'F#', 'A', 'C#', 'F#', 'A', 'C#', 'F#', 'A', 'C#', 'F#', 'A', 'C#', 'F#', 'A', 'C#', 'F#', 'A', 'C#', 'F#', 'A', 'C#', 'F#', 'A', 'C#', 'F#', 'A', 'C#', 'F#', 'A', 'C#', 'F#', 'A', 'C#', 'F#', 'A', 'C#']	0.0	0.0	0.0	0.0
10.125	3.0	4.0	['F#4', 'A4', 'C#5']	['m3', 'P5']	[False, False, False]	4.0	3.0	7.0	i	False	('F#', 'A', 'C#')	F#	F#	0.0	minor triad	(1, 6, 9)	f#	f#	1	None	False	['F#', 'A', 'C#', 'F#', 'A', 'C#', 'F#', 'A', 'C#', 'F#', 'A', 'C#', 'F#', 'A', 'C#', 'F#', 'A', 'C#', 'F#', 'A', 'C#', 'F#', 'A', 'C#', 'F#', 'A', 'C#', 'F#', 'A', 'C#', 'F#', 'A', 'C#', 'F#', 'A', 'C#', 'F#', 'A', 'C#', 'F#', 'A', 'C#', 'F#', 'A', 'C#', 'F#', 'A', 'C#', 'F#', 'A', 'C#', 'F#', 'A', 'C#', 'F#', 'A', 'C#', 'F#', 'A', 'C#', 'F#', 'A', 'C#', 'F#', 'A', 'C#', 'F#', 'A', 'C#', 'F#', 'A', 'C#']	0.0	0.0	0.0	0.0
10.25	3.0	4.0	['F#4', 'A4', 'C#5']	['m3', 'P5']	[False, False, False]	4.0	3.0	7.0	i	False	('F#', 'A', 'C#')	F#	F#	0.0	minor triad	(1, 6, 9)	f#	f#	1	None	False	['F#', 'A', 'C#', 'F#', 'A', 'C#', 'F#', 'A', 'C#', 'F#', 'A', 'C#', 'F#', 'A', 'C#', 'F#', 'A', 'C#', 'F#', 'A', 'C#', 'F#', 'A', 'C#', 'F#', 'A', 'C#', 'F#', 'A', 'C#', 'F#', 'A', 'C#', 'F#', 'A', 'C#', 'F#', 'A', 'C#', 'F#', 'A', 'C#', 'F#', 'A', 'C#', 'F#', 'A', 'C#', 'F#', 'A', 'C#', 'F#', 'A', 'C#', 'F#', 'A', 'C#', 'F#', 'A', 'C#', 'F#', 'A', 'C#', 'F#', 'A', 'C#', 'F#', 'A', 'C#', 'F#', 'A', 'C#']	0.0	0.0	0.0	0.0
10.375	3.0	4.0	['F#4', 'A4', 'C#5']	['m3', 'P5']	[False, False, False]	4.0	3.0	7.0	i	False	('F#', 'A', 'C#')	F#	F#	0.0	minor triad	(1, 6, 9)	f#	f#	1	None	False	['F#', 'A', 'C#', 'F#', 'A', 'C#', 'F#', 'A', 'C#', 'F#', 'A', 'C#', 'F#', 'A', 'C#', 'F#', 'A', 'C#', 'F#', 'A', 'C#', 'F#', 'A', 'C#', 'F#', 'A', 'C#', 'F#', 'A', 'C#', 'F#', 'A', 'C#', 'F#', 'A', 'C#', 'F#', 'A', 'C#', 'F#', 'A', 'C#', 'F#', 'A', 'C#', 'F#', 'A', 'C#', 'F#', 'A', 'C#', 'F#', 'A', 'C#', 'F#', 'A', 'C#', 'F#', 'A', 'C#', 'F#', 'A', 'C#', 'F#', 'A', 'C#', 'F#', 'A', 'C#', 'F#', 'A', 'C#']	0.0	0.0	0.0	0.0
10.5	3.0	4.0	['F#4', 'A4', 'C#5']	['m3', 'P5']	[False, False, False]	4.0	3.0	7.0	i	False	('F#', 'A', 'C#')	F#	F#	0.0	minor triad	(1, 6, 9)	f#	f#	1	None	False	['F#', 'A', 'C#', 'F#', 'A', 'C#', 'F#', 'A', 'C#', 'F#', 'A', 'C#', 'F#', 'A', 'C#', 'F#', 'A', 'C#', 'F#', 'A', 'C#', 'F#', 'A', 'C#', 'F#', 'A', 'C#', 'F#', 'A', 'C#', 'F#', 'A', 'C#', 'F#', 'A', 'C#', 'F#', 'A', 'C#', 'F#', 'A', 'C#', 'F#', 'A', 'C#', 'F#', 'A', 'C#', 'F#', 'A', 'C#', 'F#', 'A', 'C#', 'F#', 'A', 'C#', 'F#', 'A', 'C#', 'F#', 'A', 'C#', 'F#', 'A', 'C#', 'F#', 'A', 'C#', 'F#', 'A', 'C#']	0.0	0.0	0.0	0.0
10.625	3.0	4.0	['F#4', 'A4', 'C#5']	['m3', 'P5']	[False, False, False]	4.0	3.0	7.0	i	False	('F#', 'A', 'C#')	F#	F#	0.0	minor triad	(1, 6, 9)	f#	f#	1	None	False	['F#', 'A', 'C#', 'F#', 'A', 'C#', 'F#', 'A', 'C#', 'F#', 'A', 'C#', 'F#', 'A', 'C#', 'F#', 'A', 'C#', 'F#', 'A', 'C#', 'F#', 'A', 'C#', 'F#', 'A', 'C#', 'F#', 'A', 'C#', 'F#', 'A', 'C#', 'F#', 'A', 'C#', 'F#', 'A', 'C#', 'F#', 'A', 'C#', 'F#', 'A', 'C#', 'F#', 'A', 'C#', 'F#', 'A', 'C#', 'F#', 'A', 'C#', 'F#', 'A', 'C#', 'F#', 'A', 'C#', 'F#', 'A', 'C#', 'F#', 'A', 'C#', 'F#', 'A', 'C#', 'F#', 'A', 'C#']	0.0	0.0	0.0	0.0
10.75	3.0	4.0	['F#4', 'A4', 'C#5']	['m3', 'P5']	[False, False, False]	4.0	3.0	7.0	i	False	('F#', 'A', 'C#')	F#	F#	0.0	minor triad	(1, 6, 9)	f#	f#	1	None	False	['F#', 'A', 'C#', 'F#', 'A', 'C#', 'F#', 'A', 'C#', 'F#', 'A', 'C#', 'F#', 'A', 'C#', 'F#', 'A', 'C#', 'F#', 'A', 'C#', 'F#', 'A', 'C#', 'F#', 'A', 'C#', 'F#', 'A', 'C#', 'F#', 'A', 'C#', 'F#', 'A', 'C#', 'F#', 'A', 'C#', 'F#', 'A', 'C#', 'F#', 'A', 'C#', 'F#', 'A', 'C#', 'F#', 'A', 'C#', 'F#', 'A', 'C#', 'F#', 'A', 'C#', 'F#', 'A', 'C#', 'F#', 'A', 'C#', 'F#', 'A', 'C#', 'F#', 'A', 'C#', 'F#', 'A', 'C#']	0.0	0.0	0.0	0.0
10.875	3.0	4.0	['F#4', 'A4', 'C#5']	['m3', 'P5']	[False, False, False]	4.0	3.0	7.0	i	False	('F#', 'A', 'C#')	F#	F#	0.0	minor triad	(1, 6, 9)	f#	f#	1	None	False	['F#', 'A', 'C#', 'F#', 'A', 'C#', 'F#', 'A', 'C#', 'F#', 'A', 'C#', 'F#', 'A', 'C#', 'F#', 'A', 'C#', 'F#', 'A', 'C#', 'F#', 'A', 'C#', 'F#', 'A', 'C#', 'F#', 'A', 'C#', 'F#', 'A', 'C#', 'F#', 'A', 'C#', 'F#', 'A', 'C#', 'F#', 'A', 'C#', 'F#', 'A', 'C#', 'F#', 'A', 'C#', 'F#', 'A', 'C#', 'F#', 'A', 'C#', 'F#', 'A', 'C#', 'F#', 'A', 'C#', 'F#', 'A', 'C#', 'F#', 'A', 'C#', 'F#', 'A', 'C#', 'F#', 'A', 'C#']	0.0	0.0	0.0	0.0
11.0	3.0	4.0	['F#4', 'A4', 'C#5']	['m3', 'P5']	[False, False, False]	4.0	3.0	7.0	i	False	('F#', 'A', 'C#')	F#	F#	0.0	minor triad	(1, 6, 9)	f#	f#	1	None	False	['F#', 'A', 'C#', 'F#', 'A', 'C#', 'F#', 'A', 'C#', 'F#', 'A', 'C#', 'F#', 'A', 'C#', 'F#', 'A', 'C#', 'F#', 'A', 'C#', 'F#', 'A', 'C#', 'F#', 'A', 'C#', 'F#', 'A', 'C#', 'F#', 'A', 'C#', 'F#', 'A', 'C#', 'F#', 'A', 'C#', 'F#', 'A', 'C#', 'F#', 'A', 'C#', 'F#', 'A', 'C#', 'F#', 'A', 'C#', 'F#', 'A', 'C#', 'F#', 'A', 'C#', 'F#', 'A', 'C#', 'F#', 'A', 'C#', 'F#', 'A', 'C#', 'F#', 'A', 'C#', 'F#', 'A', 'C#']	0.0	0.0	0.0	0.0
11.125	3.0	4.0	['F#4', 'A4', 'C#5']	['m3', 'P5']	[False, False, False]	4.0	3.0	7.0	i	False	('F#', 'A', 'C#')	F#	F#	0.0	minor triad	(1, 6, 9)	f#	f#	1	None	False	['F#', 'A', 'C#', 'F#', 'A', 'C#', 'F#', 'A', 'C#', 'F#', 'A', 'C#', 'F#', 'A', 'C#', 'F#', 'A', 'C#', 'F#', 'A', 'C#', 'F#', 'A', 'C#', 'F#', 'A', 'C#', 'F#', 'A', 'C#', 'F#', 'A', 'C#', 'F#', 'A', 'C#', 'F#', 'A', 'C#', 'F#', 'A', 'C#', 'F#', 'A', 'C#', 'F#', 'A', 'C#', 'F#', 'A', 'C#', 'F#', 'A', 'C#', 'F#', 'A', 'C#', 'F#', 'A', 'C#', 'F#', 'A', 'C#', 'F#', 'A', 'C#', 'F#', 'A', 'C#', 'F#', 'A', 'C#']	0.0	0.0	0.0	0.0
11.25	3.0	4.0	['F#4', 'A4', 'C#5']	['m3', 'P5']	[False, False, False]	4.0	3.0	7.0	i	False	('F#', 'A', 'C#')	F#	F#	0.0	minor triad	(1, 6, 9)	f#	f#	1	None	False	['F#', 'A', 'C#', 'F#', 'A', 'C#', 'F#', 'A', 'C#', 'F#', 'A', 'C#', 'F#', 'A', 'C#', 'F#', 'A', 'C#', 'F#', 'A', 'C#', 'F#', 'A', 'C#', 'F#', 'A', 'C#', 'F#', 'A', 'C#', 'F#', 'A', 'C#', 'F#', 'A', 'C#', 'F#', 'A', 'C#', 'F#', 'A', 'C#', 'F#', 'A', 'C#', 'F#', 'A', 'C#', 'F#', 'A', 'C#', 'F#', 'A', 'C#', 'F#', 'A', 'C#', 'F#', 'A', 'C#', 'F#', 'A', 'C#', 'F#', 'A', 'C#', 'F#', 'A', 'C#', 'F#', 'A', 'C#']	0.0	0.0	0.0	0.0
11.375	3.0	4.0	['F#4', 'A4', 'C#5']	['m3', 'P5']	[False, False, False]	4.0	3.0	7.0	i	False	('F#', 'A', 'C#')	F#	F#	0.0	minor triad	(1, 6, 9)	f#	f#	1	None	False	['F#', 'A', 'C#', 'F#', 'A', 'C#', 'F#', 'A', 'C#', 'F#', 'A', 'C#', 'F#', 'A', 'C#', 'F#', 'A', 'C#', 'F#', 'A', 'C#', 'F#', 'A', 'C#', 'F#', 'A', 'C#', 'F#', 'A', 'C#', 'F#', 'A', 'C#', 'F#', 'A', 'C#', 'F#', 'A', 'C#', 'F#', 'A', 'C#', 'F#', 'A', 'C#', 'F#', 'A', 'C#', 'F#', 'A', 'C#', 'F#', 'A', 'C#', 'F#', 'A', 'C#', 'F#', 'A', 'C#', 'F#', 'A', 'C#', 'F#', 'A', 'C#', 'F#', 'A', 'C#', 'F#', 'A', 'C#']	0.0	0.0	0.0	0.0
11.5	3.0	4.0	['F#4', 'A4', 'C#5']	['m3', 'P5']	[False, False, False]	4.0	3.0	7.0	i	False	('F#', 'A', 'C#')	F#	F#	0.0	minor triad	(1, 6, 9)	f#	f#	1	None	False	['F#', 'A', 'C#', 'F#', 'A', 'C#', 'F#', 'A', 'C#', 'F#', 'A', 'C#', 'F#', 'A', 'C#', 'F#', 'A', 'C#', 'F#', 'A', 'C#', 'F#', 'A', 'C#', 'F#', 'A', 'C#', 'F#', 'A', 'C#', 'F#', 'A', 'C#', 'F#', 'A', 'C#', 'F#', 'A', 'C#', 'F#', 'A', 'C#', 'F#', 'A', 'C#', 'F#', 'A', 'C#', 'F#', 'A', 'C#', 'F#', 'A', 'C#', 'F#', 'A', 'C#', 'F#', 'A', 'C#', 'F#', 'A', 'C#', 'F#', 'A', 'C#', 'F#', 'A', 'C#', 'F#', 'A', 'C#']	0.0	0.0	0.0	0.0
11.625	3.0	4.0	['F#4', 'A4', 'C#5']	['m3', 'P5']	[False, False, False]	4.0	3.0	7.0	i	False	('F#', 'A', 'C#')	F#	F#	0.0	minor triad	(1, 6, 9)	f#	f#	1	None	False	['F#', 'A', 'C#', 'F#', 'A', 'C#', 'F#', 'A', 'C#', 'F#', 'A', 'C#', 'F#', 'A', 'C#', 'F#', 'A', 'C#', 'F#', 'A', 'C#', 'F#', 'A', 'C#', 'F#', 'A', 'C#', 'F#', 'A', 'C#', 'F#', 'A', 'C#', 'F#', 'A', 'C#', 'F#', 'A', 'C#', 'F#', 'A', 'C#', 'F#', 'A', 'C#', 'F#', 'A', 'C#', 'F#', 'A', 'C#', 'F#', 'A', 'C#', 'F#', 'A', 'C#', 'F#', 'A', 'C#', 'F#', 'A', 'C#', 'F#', 'A', 'C#', 'F#', 'A', 'C#', 'F#', 'A', 'C#']	0.0	0.0	0.0	0.0
11.75	3.0	4.0	['F#4', 'A4', 'C#5']	['m3', 'P5']	[False, False, False]	4.0	3.0	7.0	i	False	('F#', 'A', 'C#')	F#	F#	0.0	minor triad	(1, 6, 9)	f#	f#	1	None	False	['F#', 'A', 'C#', 'F#', 'A', 'C#', 'F#', 'A', 'C#', 'F#', 'A', 'C#', 'F#', 'A', 'C#', 'F#', 'A', 'C#', 'F#', 'A', 'C#', 'F#', 'A', 'C#', 'F#', 'A', 'C#', 'F#', 'A', 'C#', 'F#', 'A', 'C#', 'F#', 'A', 'C#', 'F#', 'A', 'C#', 'F#', 'A', 'C#', 'F#', 'A', 'C#', 'F#', 'A', 'C#', 'F#', 'A', 'C#', 'F#', 'A', 'C#', 'F#', 'A', 'C#', 'F#', 'A', 'C#', 'F#', 'A', 'C#', 'F#', 'A', 'C#', 'F#', 'A', 'C#', 'F#', 'A', 'C#']	0.0	0.0	0.0	0.0
11.875	3.0	4.0	['F#4', 'A4', 'C#5']	['m3', 'P5']	[False, False, False]	4.0	3.0	7.0	i	False	('F#', 'A', 'C#')	F#	F#	0.0	minor triad	(1, 6, 9)	f#	f#	1	None	False	['F#', 'A', 'C#', 'F#', 'A', 'C#', 'F#', 'A', 'C#', 'F#', 'A', 'C#', 'F#', 'A', 'C#', 'F#', 'A', 'C#', 'F#', 'A', 'C#', 'F#', 'A', 'C#', 'F#', 'A', 'C#', 'F#', 'A', 'C#', 'F#', 'A', 'C#', 'F#', 'A', 'C#', 'F#', 'A', 'C#', 'F#', 'A', 'C#', 'F#', 'A', 'C#', 'F#', 'A', 'C#', 'F#', 'A', 'C#', 'F#', 'A', 'C#', 'F#', 'A', 'C#', 'F#', 'A', 'C#', 'F#', 'A', 'C#', 'F#', 'A', 'C#', 'F#', 'A', 'C#', 'F#', 'A', 'C#']	0.0	0.0	0.0	0.0
12.0	3.0	5.0	['F#4', 'A4', 'C#5']	['m3', 'P5']	[True, True, True]	5.0	3.0	8.0	i	True	('F#', 'A', 'C#')	F#	F#	0.0	minor triad	(1, 6, 9)	f#	f#	1	None	False	['F#', 'A', 'C#', 'F#', 'A', 'C#', 'F#', 'A', 'C#', 'F#', 'A', 'C#', 'F#', 'A', 'C#', 'F#', 'A', 'C#', 'F#', 'A', 'C#', 'F#', 'A', 'C#', 'F#', 'A', 'C#', 'F#', 'A', 'C#', 'F#', 'A', 'C#', 'F#', 'A', 'C#', 'F#', 'A', 'C#', 'F#', 'A', 'C#', 'F#', 'A', 'C#', 'F#', 'A', 'C#', 'F#', 'A', 'C#', 'F#', 'A', 'C#', 'F#', 'A', 'C#', 'F#', 'A', 'C#', 'F#', 'A', 'C#', 'F#', 'A', 'C#', 'F#', 'A', 'C#', 'F#', 'A', 'C#']	0.0	0.0	0.0	0.0
12.125	3.0	5.0	['F#4', 'A4', 'C#5']	['m3', 'P5']	[False, False, False]	5.0	3.0	8.0	i	False	('F#', 'A', 'C#')	F#	F#	0.0	minor triad	(1, 6, 9)	f#	f#	1	None	False	['F#', 'A', 'C#', 'F#', 'A', 'C#', 'F#', 'A', 'C#', 'F#', 'A', 'C#', 'F#', 'A', 'C#', 'F#', 'A', 'C#', 'F#', 'A', 'C#', 'F#', 'A', 'C#', 'F#', 'A', 'C#', 'F#', 'A', 'C#', 'F#', 'A', 'C#', 'F#', 'A', 'C#', 'F#', 'A', 'C#', 'F#', 'A', 'C#', 'F#', 'A', 'C#', 'F#', 'A', 'C#', 'F#', 'A', 'C#', 'F#', 'A', 'C#', 'F#', 'A', 'C#', 'F#', 'A', 'C#', 'F#', 'A', 'C#', 'F#', 'A', 'C#', 'F#', 'A', 'C#', 'F#', 'A', 'C#']	0.0	0.0	0.0	0.0
12.25	3.0	5.0	['F#4', 'A4', 'C#5']	['m3', 'P5']	[False, False, False]	5.0	3.0	8.0	i	False	('F#', 'A', 'C#')	F#	F#	0.0	minor triad	(1, 6, 9)	f#	f#	1	None	False	['F#', 'A', 'C#', 'F#', 'A', 'C#', 'F#', 'A', 'C#', 'F#', 'A', 'C#', 'F#', 'A', 'C#', 'F#', 'A', 'C#', 'F#', 'A', 'C#', 'F#', 'A', 'C#', 'F#', 'A', 'C#', 'F#', 'A', 'C#', 'F#', 'A', 'C#', 'F#', 'A', 'C#', 'F#', 'A', 'C#', 'F#', 'A', 'C#', 'F#', 'A', 'C#', 'F#', 'A', 'C#', 'F#', 'A', 'C#', 'F#', 'A', 'C#', 'F#', 'A', 'C#', 'F#', 'A', 'C#', 'F#', 'A', 'C#', 'F#', 'A', 'C#', 'F#', 'A', 'C#', 'F#', 'A', 'C#']	0.0	0.0	0.0	0.0
12.375	3.0	5.0	['F#4', 'A4', 'C#5']	['m3', 'P5']	[False, False, False]	5.0	3.0	8.0	i	False	('F#', 'A', 'C#')	F#	F#	0.0	minor triad	(1, 6, 9)	f#	f#	1	None	False	['F#', 'A', 'C#', 'F#', 'A', 'C#', 'F#', 'A', 'C#', 'F#', 'A', 'C#', 'F#', 'A', 'C#', 'F#', 'A', 'C#', 'F#', 'A', 'C#', 'F#', 'A', 'C#', 'F#', 'A', 'C#', 'F#', 'A', 'C#', 'F#', 'A', 'C#', 'F#', 'A', 'C#', 'F#', 'A', 'C#', 'F#', 'A', 'C#', 'F#', 'A', 'C#', 'F#', 'A', 'C#', 'F#', 'A', 'C#', 'F#', 'A', 'C#', 'F#', 'A', 'C#', 'F#', 'A', 'C#', 'F#', 'A', 'C#', 'F#', 'A', 'C#', 'F#', 'A', 'C#', 'F#', 'A', 'C#']	0.0	0.0	0.0	0.0
12.5	3.0	5.0	['F#4', 'A4', 'C#5']	['m3', 'P5']	[False, False, False]	5.0	3.0	8.0	i	False	('F#', 'A', 'C#')	F#	F#	0.0	minor triad	(1, 6, 9)	f#	f#	1	None	False	['F#', 'A', 'C#', 'F#', 'A', 'C#', 'F#', 'A', 'C#', 'F#', 'A', 'C#', 'F#', 'A', 'C#', 'F#', 'A', 'C#', 'F#', 'A', 'C#', 'F#', 'A', 'C#', 'F#', 'A', 'C#', 'F#', 'A', 'C#', 'F#', 'A', 'C#', 'F#', 'A', 'C#', 'F#', 'A', 'C#', 'F#', 'A', 'C#', 'F#', 'A', 'C#', 'F#', 'A', 'C#', 'F#', 'A', 'C#', 'F#', 'A', 'C#', 'F#', 'A', 'C#', 'F#', 'A', 'C#', 'F#', 'A', 'C#', 'F#', 'A', 'C#', 'F#', 'A', 'C#', 'F#', 'A', 'C#']	0.0	0.0	0.0	0.0
12.625	3.0	5.0	['F#4', 'A4', 'C#5']	['m3', 'P5']	[False, False, False]	5.0	3.0	8.0	i	False	('F#', 'A', 'C#')	F#	F#	0.0	minor triad	(1, 6, 9)	f#	f#	1	None	False	['F#', 'A', 'C#', 'F#', 'A', 'C#', 'F#', 'A', 'C#', 'F#', 'A', 'C#', 'F#', 'A', 'C#', 'F#', 'A', 'C#', 'F#', 'A', 'C#', 'F#', 'A', 'C#', 'F#', 'A', 'C#', 'F#', 'A', 'C#', 'F#', 'A', 'C#', 'F#', 'A', 'C#', 'F#', 'A', 'C#', 'F#', 'A', 'C#', 'F#', 'A', 'C#', 'F#', 'A', 'C#', 'F#', 'A', 'C#', 'F#', 'A', 'C#', 'F#', 'A', 'C#', 'F#', 'A', 'C#', 'F#', 'A', 'C#', 'F#', 'A', 'C#', 'F#', 'A', 'C#', 'F#', 'A', 'C#']	0.0	0.0	0.0	0.0
12.75	3.0	5.0	['F#4', 'A4', 'C#5']	['m3', 'P5']	[False, False, False]	5.0	3.0	8.0	i	False	('F#', 'A', 'C#')	F#	F#	0.0	minor triad	(1, 6, 9)	f#	f#	1	None	False	['F#', 'A', 'C#', 'F#', 'A', 'C#', 'F#', 'A', 'C#', 'F#', 'A', 'C#', 'F#', 'A', 'C#', 'F#', 'A', 'C#', 'F#', 'A', 'C#', 'F#', 'A', 'C#', 'F#', 'A', 'C#', 'F#', 'A', 'C#', 'F#', 'A', 'C#', 'F#', 'A', 'C#', 'F#', 'A', 'C#', 'F#', 'A', 'C#', 'F#', 'A', 'C#', 'F#', 'A', 'C#', 'F#', 'A', 'C#', 'F#', 'A', 'C#', 'F#', 'A', 'C#', 'F#', 'A', 'C#', 'F#', 'A', 'C#', 'F#', 'A', 'C#', 'F#', 'A', 'C#', 'F#', 'A', 'C#']	0.0	0.0	0.0	0.0
12.875	3.0	5.0	['F#4', 'A4', 'C#5']	['m3', 'P5']	[False, False, False]	5.0	3.0	8.0	i	False	('F#', 'A', 'C#')	F#	F#	0.0	minor triad	(1, 6, 9)	f#	f#	1	None	False	['F#', 'A', 'C#', 'F#', 'A', 'C#', 'F#', 'A', 'C#', 'F#', 'A', 'C#', 'F#', 'A', 'C#', 'F#', 'A', 'C#', 'F#', 'A', 'C#', 'F#', 'A', 'C#', 'F#', 'A', 'C#', 'F#', 'A', 'C#', 'F#', 'A', 'C#', 'F#', 'A', 'C#', 'F#', 'A', 'C#', 'F#', 'A', 'C#', 'F#', 'A', 'C#', 'F#', 'A', 'C#', 'F#', 'A', 'C#', 'F#', 'A', 'C#', 'F#', 'A', 'C#', 'F#', 'A', 'C#', 'F#', 'A', 'C#', 'F#', 'A', 'C#', 'F#', 'A', 'C#', 'F#', 'A', 'C#']	0.0	0.0	0.0	0.0
13.0	3.0	5.0	['F#4', 'A4', 'C#5']	['m3', 'P5']	[False, False, False]	5.0	3.0	8.0	i	False	('F#', 'A', 'C#')	F#	F#	0.0	minor triad	(1, 6, 9)	f#	f#	1	None	False	['F#', 'A', 'C#', 'F#', 'A', 'C#', 'F#', 'A', 'C#', 'F#', 'A', 'C#', 'F#', 'A', 'C#', 'F#', 'A', 'C#', 'F#', 'A', 'C#', 'F#', 'A', 'C#', 'F#', 'A', 'C#', 'F#', 'A', 'C#', 'F#', 'A', 'C#', 'F#', 'A', 'C#', 'F#', 'A', 'C#', 'F#', 'A', 'C#', 'F#', 'A', 'C#', 'F#', 'A', 'C#', 'F#', 'A', 'C#', 'F#', 'A', 'C#', 'F#', 'A', 'C#', 'F#', 'A', 'C#', 'F#', 'A', 'C#', 'F#', 'A', 'C#', 'F#', 'A', 'C#', 'F#', 'A', 'C#']	0.0	0.0	0.0	0.0
13.125	3.0	5.0	['F#4', 'A4', 'C#5']	['m3', 'P5']	[False, False, False]	5.0	3.0	8.0	i	False	('F#', 'A', 'C#')	F#	F#	0.0	minor triad	(1, 6, 9)	f#	f#	1	None	False	['F#', 'A', 'C#', 'F#', 'A', 'C#', 'F#', 'A', 'C#', 'F#', 'A', 'C#', 'F#', 'A', 'C#', 'F#', 'A', 'C#', 'F#', 'A', 'C#', 'F#', 'A', 'C#', 'F#', 'A', 'C#', 'F#', 'A', 'C#', 'F#', 'A', 'C#', 'F#', 'A', 'C#', 'F#', 'A', 'C#', 'F#', 'A', 'C#', 'F#', 'A', 'C#', 'F#', 'A', 'C#', 'F#', 'A', 'C#', 'F#', 'A', 'C#', 'F#', 'A', 'C#', 'F#', 'A', 'C#', 'F#', 'A', 'C#', 'F#', 'A', 'C#', 'F#', 'A', 'C#', 'F#', 'A', 'C#']	0.0	0.0	0.0	0.0
13.25	3.0	5.0	['F#4', 'A4', 'C#5']	['m3', 'P5']	[False, False, False]	5.0	3.0	8.0	i	False	('F#', 'A', 'C#')	F#	F#	0.0	minor triad	(1, 6, 9)	f#	f#	1	None	False	['F#', 'A', 'C#', 'F#', 'A', 'C#', 'F#', 'A', 'C#', 'F#', 'A', 'C#', 'F#', 'A', 'C#', 'F#', 'A', 'C#', 'F#', 'A', 'C#', 'F#', 'A', 'C#', 'F#', 'A', 'C#', 'F#', 'A', 'C#', 'F#', 'A', 'C#', 'F#', 'A', 'C#', 'F#', 'A', 'C#', 'F#', 'A', 'C#', 'F#', 'A', 'C#', 'F#', 'A', 'C#', 'F#', 'A', 'C#', 'F#', 'A', 'C#', 'F#', 'A', 'C#', 'F#', 'A', 'C#', 'F#', 'A', 'C#', 'F#', 'A', 'C#', 'F#', 'A', 'C#', 'F#', 'A', 'C#']	0.0	0.0	0.0	0.0
13.375	3.0	5.0	['F#4', 'A4', 'C#5']	['m3', 'P5']	[False, False, False]	5.0	3.0	8.0	i	False	('F#', 'A', 'C#')	F#	F#	0.0	minor triad	(1, 6, 9)	f#	f#	1	None	False	['F#', 'A', 'C#', 'F#', 'A', 'C#', 'F#', 'A', 'C#', 'F#', 'A', 'C#', 'F#', 'A', 'C#', 'F#', 'A', 'C#', 'F#', 'A', 'C#', 'F#', 'A', 'C#', 'F#', 'A', 'C#', 'F#', 'A', 'C#', 'F#', 'A', 'C#', 'F#', 'A', 'C#', 'F#', 'A', 'C#', 'F#', 'A', 'C#', 'F#', 'A', 'C#', 'F#', 'A', 'C#', 'F#', 'A', 'C#', 'F#', 'A', 'C#', 'F#', 'A', 'C#', 'F#', 'A', 'C#', 'F#', 'A', 'C#', 'F#', 'A', 'C#', 'F#', 'A', 'C#', 'F#', 'A', 'C#']	0.0	0.0	0.0	0.0
13.5	3.0	5.0	['F#4', 'A4', 'C#5']	['m3', 'P5']	[False, False, False]	5.0	3.0	8.0	i	False	('F#', 'A', 'C#')	F#	F#	0.0	minor triad	(1, 6, 9)	f#	f#	1	None	False	['F#', 'A', 'C#', 'F#', 'A', 'C#', 'F#', 'A', 'C#', 'F#', 'A', 'C#', 'F#', 'A', 'C#', 'F#', 'A', 'C#', 'F#', 'A', 'C#', 'F#', 'A', 'C#', 'F#', 'A', 'C#', 'F#', 'A', 'C#', 'F#', 'A', 'C#', 'F#', 'A', 'C#', 'F#', 'A', 'C#', 'F#', 'A', 'C#', 'F#', 'A', 'C#', 'F#', 'A', 'C#', 'F#', 'A', 'C#', 'F#', 'A', 'C#', 'F#', 'A', 'C#', 'F#', 'A', 'C#', 'F#', 'A', 'C#', 'F#', 'A', 'C#', 'F#', 'A', 'C#', 'F#', 'A', 'C#']	0.0	0.0	0.0	0.0
13.625	3.0	5.0	['F#4', 'A4', 'C#5']	['m3', 'P5']	[False, False, False]	5.0	3.0	8.0	i	False	('F#', 'A', 'C#')	F#	F#	0.0	minor triad	(1, 6, 9)	f#	f#	1	None	False	['F#', 'A', 'C#', 'F#', 'A', 'C#', 'F#', 'A', 'C#', 'F#', 'A', 'C#', 'F#', 'A', 'C#', 'F#', 'A', 'C#', 'F#', 'A', 'C#', 'F#', 'A', 'C#', 'F#', 'A', 'C#', 'F#', 'A', 'C#', 'F#', 'A', 'C#', 'F#', 'A', 'C#', 'F#', 'A', 'C#', 'F#', 'A', 'C#', 'F#', 'A', 'C#', 'F#', 'A', 'C#', 'F#', 'A', 'C#', 'F#', 'A', 'C#', 'F#', 'A', 'C#', 'F#', 'A', 'C#', 'F#', 'A', 'C#', 'F#', 'A', 'C#', 'F#', 'A', 'C#', 'F#', 'A', 'C#']	0.0	0.0	0.0	0.0
13.75	3.0	5.0	['F#4', 'A4', 'C#5']	['m3', 'P5']	[False, False, False]	5.0	3.0	8.0	i	False	('F#', 'A', 'C#')	F#	F#	0.0	minor triad	(1, 6, 9)	f#	f#	1	None	False	['F#', 'A', 'C#', 'F#', 'A', 'C#', 'F#', 'A', 'C#', 'F#', 'A', 'C#', 'F#', 'A', 'C#', 'F#', 'A', 'C#', 'F#', 'A', 'C#', 'F#', 'A', 'C#', 'F#', 'A', 'C#', 'F#', 'A', 'C#', 'F#', 'A', 'C#', 'F#', 'A', 'C#', 'F#', 'A', 'C#', 'F#', 'A', 'C#', 'F#', 'A', 'C#', 'F#', 'A', 'C#', 'F#', 'A', 'C#', 'F#', 'A', 'C#', 'F#', 'A', 'C#', 'F#', 'A', 'C#', 'F#', 'A', 'C#', 'F#', 'A', 'C#', 'F#', 'A', 'C#', 'F#', 'A', 'C#']	0.0	0.0	0.0	0.0
13.875	3.0	5.0	['F#4', 'A4', 'C#5']	['m3', 'P5']	[False, False, False]	5.0	3.0	8.0	i	False	('F#', 'A', 'C#')	F#	F#	0.0	minor triad	(1, 6, 9)	f#	f#	1	None	False	['F#', 'A', 'C#', 'F#', 'A', 'C#', 'F#', 'A', 'C#', 'F#', 'A', 'C#', 'F#', 'A', 'C#', 'F#', 'A', 'C#', 'F#', 'A', 'C#', 'F#', 'A', 'C#', 'F#', 'A', 'C#', 'F#', 'A', 'C#', 'F#', 'A', 'C#', 'F#', 'A', 'C#', 'F#', 'A', 'C#', 'F#', 'A', 'C#', 'F#', 'A', 'C#', 'F#', 'A', 'C#', 'F#', 'A', 'C#', 'F#', 'A', 'C#', 'F#', 'A', 'C#', 'F#', 'A', 'C#', 'F#', 'A', 'C#', 'F#', 'A', 'C#', 'F#', 'A', 'C#', 'F#', 'A', 'C#']	0.0	0.0	0.0	0.0
14.0	3.0	5.0	['F#4', 'A4', 'C#5']	['m3', 'P5']	[False, False, False]	5.0	3.0	8.0	i	False	('F#', 'A', 'C#')	F#	F#	0.0	minor triad	(1, 6, 9)	f#	f#	1	None	False	['F#', 'A', 'C#', 'F#', 'A', 'C#', 'F#', 'A', 'C#', 'F#', 'A', 'C#', 'F#', 'A', 'C#', 'F#', 'A', 'C#', 'F#', 'A', 'C#', 'F#', 'A', 'C#', 'F#', 'A', 'C#', 'F#', 'A', 'C#', 'F#', 'A', 'C#', 'F#', 'A', 'C#', 'F#', 'A', 'C#', 'F#', 'A', 'C#', 'F#', 'A', 'C#', 'F#', 'A', 'C#', 'F#', 'A', 'C#', 'F#', 'A', 'C#', 'F#', 'A', 'C#', 'F#', 'A', 'C#', 'F#', 'A', 'C#', 'F#', 'A', 'C#', 'F#', 'A', 'C#', 'F#', 'A', 'C#']	0.0	0.0	0.0	0.0
14.125	3.0	5.0	['F#4', 'A4', 'C#5']	['m3', 'P5']	[False, False, False]	5.0	3.0	8.0	i	False	('F#', 'A', 'C#')	F#	F#	0.0	minor triad	(1, 6, 9)	f#	f#	1	None	False	['F#', 'A', 'C#', 'F#', 'A', 'C#', 'F#', 'A', 'C#', 'F#', 'A', 'C#', 'F#', 'A', 'C#', 'F#', 'A', 'C#', 'F#', 'A', 'C#', 'F#', 'A', 'C#', 'F#', 'A', 'C#', 'F#', 'A', 'C#', 'F#', 'A', 'C#', 'F#', 'A', 'C#', 'F#', 'A', 'C#', 'F#', 'A', 'C#', 'F#', 'A', 'C#', 'F#', 'A', 'C#', 'F#', 'A', 'C#', 'F#', 'A', 'C#', 'F#', 'A', 'C#', 'F#', 'A', 'C#', 'F#', 'A', 'C#', 'F#', 'A', 'C#', 'F#', 'A', 'C#', 'F#', 'A', 'C#']	0.0	0.0	0.0	0.0
14.25	3.0	5.0	['F#4', 'A4', 'C#5']	['m3', 'P5']	[False, False, False]	5.0	3.0	8.0	i	False	('F#', 'A', 'C#')	F#	F#	0.0	minor triad	(1, 6, 9)	f#	f#	1	None	False	['F#', 'A', 'C#', 'F#', 'A', 'C#', 'F#', 'A', 'C#', 'F#', 'A', 'C#', 'F#', 'A', 'C#', 'F#', 'A', 'C#', 'F#', 'A', 'C#', 'F#', 'A', 'C#', 'F#', 'A', 'C#', 'F#', 'A', 'C#', 'F#', 'A', 'C#', 'F#', 'A', 'C#', 'F#', 'A', 'C#', 'F#', 'A', 'C#', 'F#', 'A', 'C#', 'F#', 'A', 'C#', 'F#', 'A', 'C#', 'F#', 'A', 'C#', 'F#', 'A', 'C#', 'F#', 'A', 'C#', 'F#', 'A', 'C#', 'F#', 'A', 'C#', 'F#', 'A', 'C#', 'F#', 'A', 'C#']	0.0	0.0	0.0	0.0
14.375	3.0	5.0	['F#4', 'A4', 'C#5']	['m3', 'P5']	[False, False, False]	5.0	3.0	8.0	i	False	('F#', 'A', 'C#')	F#	F#	0.0	minor triad	(1, 6, 9)	f#	f#	1	None	False	['F#', 'A', 'C#', 'F#', 'A', 'C#', 'F#', 'A', 'C#', 'F#', 'A', 'C#', 'F#', 'A', 'C#', 'F#', 'A', 'C#', 'F#', 'A', 'C#', 'F#', 'A', 'C#', 'F#', 'A', 'C#', 'F#', 'A', 'C#', 'F#', 'A', 'C#', 'F#', 'A', 'C#', 'F#', 'A', 'C#', 'F#', 'A', 'C#', 'F#', 'A', 'C#', 'F#', 'A', 'C#', 'F#', 'A', 'C#', 'F#', 'A', 'C#', 'F#', 'A', 'C#', 'F#', 'A', 'C#', 'F#', 'A', 'C#', 'F#', 'A', 'C#', 'F#', 'A', 'C#', 'F#', 'A', 'C#']	0.0	0.0	0.0	0.0
14.5	3.0	5.0	['F#4', 'A4', 'C#5']	['m3', 'P5']	[False, False, False]	5.0	3.0	8.0	i	False	('F#', 'A', 'C#')	F#	F#	0.0	minor triad	(1, 6, 9)	f#	f#	1	None	False	['F#', 'A', 'C#', 'F#', 'A', 'C#', 'F#', 'A', 'C#', 'F#', 'A', 'C#', 'F#', 'A', 'C#', 'F#', 'A', 'C#', 'F#', 'A', 'C#', 'F#', 'A', 'C#', 'F#', 'A', 'C#', 'F#', 'A', 'C#', 'F#', 'A', 'C#', 'F#', 'A', 'C#', 'F#', 'A', 'C#', 'F#', 'A', 'C#', 'F#', 'A', 'C#', 'F#', 'A', 'C#', 'F#', 'A', 'C#', 'F#', 'A', 'C#', 'F#', 'A', 'C#', 'F#', 'A', 'C#', 'F#', 'A', 'C#', 'F#', 'A', 'C#', 'F#', 'A', 'C#', 'F#', 'A', 'C#']	0.0	0.0	0.0	0.0
14.625	3.0	5.0	['F#4', 'A4', 'C#5']	['m3', 'P5']	[False, False, False]	5.0	3.0	8.0	i	False	('F#', 'A', 'C#')	F#	F#	0.0	minor triad	(1, 6, 9)	f#	f#	1	None	False	['F#', 'A', 'C#', 'F#', 'A', 'C#', 'F#', 'A', 'C#', 'F#', 'A', 'C#', 'F#', 'A', 'C#', 'F#', 'A', 'C#', 'F#', 'A', 'C#', 'F#', 'A', 'C#', 'F#', 'A', 'C#', 'F#', 'A', 'C#', 'F#', 'A', 'C#', 'F#', 'A', 'C#', 'F#', 'A', 'C#', 'F#', 'A', 'C#', 'F#', 'A', 'C#', 'F#', 'A', 'C#', 'F#', 'A', 'C#', 'F#', 'A', 'C#', 'F#', 'A', 'C#', 'F#', 'A', 'C#', 'F#', 'A', 'C#', 'F#', 'A', 'C#', 'F#', 'A', 'C#', 'F#', 'A', 'C#']	0.0	0.0	0.0	0.0
14.75	3.0	5.0	['F#4', 'A4', 'C#5']	['m3', 'P5']	[False, False, False]	5.0	3.0	8.0	i	False	('F#', 'A', 'C#')	F#	F#	0.0	minor triad	(1, 6, 9)	f#	f#	1	None	False	['F#', 'A', 'C#', 'F#', 'A', 'C#', 'F#', 'A', 'C#', 'F#', 'A', 'C#', 'F#', 'A', 'C#', 'F#', 'A', 'C#', 'F#', 'A', 'C#', 'F#', 'A', 'C#', 'F#', 'A', 'C#', 'F#', 'A', 'C#', 'F#', 'A', 'C#', 'F#', 'A', 'C#', 'F#', 'A', 'C#', 'F#', 'A', 'C#', 'F#', 'A', 'C#', 'F#', 'A', 'C#', 'F#', 'A', 'C#', 'F#', 'A', 'C#', 'F#', 'A', 'C#', 'F#', 'A', 'C#', 'F#', 'A', 'C#', 'F#', 'A', 'C#', 'F#', 'A', 'C#', 'F#', 'A', 'C#']	0.0	0.0	0.0	0.0
14.875	3.0	5.0	['F#4', 'A4', 'C#5']	['m3', 'P5']	[False, False, False]	5.0	3.0	8.0	i	False	('F#', 'A', 'C#')	F#	F#	0.0	minor triad	(1, 6, 9)	f#	f#	1	None	False	['F#', 'A', 'C#', 'F#', 'A', 'C#', 'F#', 'A', 'C#', 'F#', 'A', 'C#', 'F#', 'A', 'C#', 'F#', 'A', 'C#', 'F#', 'A', 'C#', 'F#', 'A', 'C#', 'F#', 'A', 'C#', 'F#', 'A', 'C#', 'F#', 'A', 'C#', 'F#', 'A', 'C#', 'F#', 'A', 'C#', 'F#', 'A', 'C#', 'F#', 'A', 'C#', 'F#', 'A', 'C#', 'F#', 'A', 'C#', 'F#', 'A', 'C#', 'F#', 'A', 'C#', 'F#', 'A', 'C#', 'F#', 'A', 'C#', 'F#', 'A', 'C#', 'F#', 'A', 'C#', 'F#', 'A', 'C#']	0.0	0.0	0.0	0.0
15.0	3.0	6.0	['F#4', 'A4', 'C#5']	['m3', 'P5']	[True, True, True]	6.0	3.0	9.0	i	True	('F#', 'A', 'C#')	F#	F#	0.0	minor triad	(1, 6, 9)	f#	f#	1	None	False	['F#', 'A', 'C#', 'F#', 'A', 'C#', 'F#', 'A', 'C#', 'F#', 'A', 'C#', 'F#', 'A', 'C#', 'F#', 'A', 'C#', 'F#', 'A', 'C#', 'F#', 'A', 'C#', 'F#', 'A', 'C#', 'F#', 'A', 'C#', 'F#', 'A', 'C#', 'F#', 'A', 'C#', 'F#', 'A', 'C#', 'F#', 'A', 'C#', 'F#', 'A', 'C#', 'F#', 'A', 'C#', 'F#', 'A', 'C#', 'F#', 'A', 'C#', 'F#', 'A', 'C#', 'F#', 'A', 'C#', 'F#', 'A', 'C#', 'F#', 'A', 'C#', 'F#', 'A', 'C#', 'F#', 'A', 'C#']	0.0	0.0	0.0	0.0
15.125	3.0	6.0	['F#4', 'A4', 'C#5']	['m3', 'P5']	[False, False, False]	6.0	3.0	9.0	i	False	('F#', 'A', 'C#')	F#	F#	0.0	minor triad	(1, 6, 9)	f#	f#	1	None	False	['F#', 'A', 'C#', 'F#', 'A', 'C#', 'F#', 'A', 'C#', 'F#', 'A', 'C#', 'F#', 'A', 'C#', 'F#', 'A', 'C#', 'F#', 'A', 'C#', 'F#', 'A', 'C#', 'F#', 'A', 'C#', 'F#', 'A', 'C#', 'F#', 'A', 'C#', 'F#', 'A', 'C#', 'F#', 'A', 'C#', 'F#', 'A', 'C#', 'F#', 'A', 'C#', 'F#', 'A', 'C#', 'F#', 'A', 'C#', 'F#', 'A', 'C#', 'F#', 'A', 'C#', 'F#', 'A', 'C#', 'F#', 'A', 'C#', 'F#', 'A', 'C#', 'F#', 'A', 'C#', 'F#', 'A', 'C#']	0.0	0.0	0.0	0.0
15.25	3.0	6.0	['F#4', 'A4', 'C#5']	['m3', 'P5']	[False, False, False]	6.0	3.0	9.0	i	False	('F#', 'A', 'C#')	F#	F#	0.0	minor triad	(1, 6, 9)	f#	f#	1	None	False	['F#', 'A', 'C#', 'F#', 'A', 'C#', 'F#', 'A', 'C#', 'F#', 'A', 'C#', 'F#', 'A', 'C#', 'F#', 'A', 'C#', 'F#', 'A', 'C#', 'F#', 'A', 'C#', 'F#', 'A', 'C#', 'F#', 'A', 'C#', 'F#', 'A', 'C#', 'F#', 'A', 'C#', 'F#', 'A', 'C#', 'F#', 'A', 'C#', 'F#', 'A', 'C#', 'F#', 'A', 'C#', 'F#', 'A', 'C#', 'F#', 'A', 'C#', 'F#', 'A', 'C#', 'F#', 'A', 'C#', 'F#', 'A', 'C#', 'F#', 'A', 'C#', 'F#', 'A', 'C#', 'F#', 'A', 'C#']	0.0	0.0	0.0	0.0
15.375	3.0	6.0	['F#4', 'A4', 'C#5']	['m3', 'P5']	[False, False, False]	6.0	3.0	9.0	i	False	('F#', 'A', 'C#')	F#	F#	0.0	minor triad	(1, 6, 9)	f#	f#	1	None	False	['F#', 'A', 'C#', 'F#', 'A', 'C#', 'F#', 'A', 'C#', 'F#', 'A', 'C#', 'F#', 'A', 'C#', 'F#', 'A', 'C#', 'F#', 'A', 'C#', 'F#', 'A', 'C#', 'F#', 'A', 'C#', 'F#', 'A', 'C#', 'F#', 'A', 'C#', 'F#', 'A', 'C#', 'F#', 'A', 'C#', 'F#', 'A', 'C#', 'F#', 'A', 'C#', 'F#', 'A', 'C#', 'F#', 'A', 'C#', 'F#', 'A', 'C#', 'F#', 'A', 'C#', 'F#', 'A', 'C#', 'F#', 'A', 'C#', 'F#', 'A', 'C#', 'F#', 'A', 'C#', 'F#', 'A', 'C#']	0.0	0.0	0.0	0.0
15.5	3.0	6.0	['F#4', 'A4', 'C#5']	['m3', 'P5']	[False, False, False]	6.0	3.0	9.0	i	False	('F#', 'A', 'C#')	F#	F#	0.0	minor triad	(1, 6, 9)	f#	f#	1	None	False	['F#', 'A', 'C#', 'F#', 'A', 'C#', 'F#', 'A', 'C#', 'F#', 'A', 'C#', 'F#', 'A', 'C#', 'F#', 'A', 'C#', 'F#', 'A', 'C#', 'F#', 'A', 'C#', 'F#', 'A', 'C#', 'F#', 'A', 'C#', 'F#', 'A', 'C#', 'F#', 'A', 'C#', 'F#', 'A', 'C#', 'F#', 'A', 'C#', 'F#', 'A', 'C#', 'F#', 'A', 'C#', 'F#', 'A', 'C#', 'F#', 'A', 'C#', 'F#', 'A', 'C#', 'F#', 'A', 'C#', 'F#', 'A', 'C#', 'F#', 'A', 'C#', 'F#', 'A', 'C#', 'F#', 'A', 'C#']	0.0	0.0	0.0	0.0
15.625	3.0	6.0	['F#4', 'A4', 'C#5']	['m3', 'P5']	[False, False, False]	6.0	3.0	9.0	i	False	('F#', 'A', 'C#')	F#	F#	0.0	minor triad	(1, 6, 9)	f#	f#	1	None	False	['F#', 'A', 'C#', 'F#', 'A', 'C#', 'F#', 'A', 'C#', 'F#', 'A', 'C#', 'F#', 'A', 'C#', 'F#', 'A', 'C#', 'F#', 'A', 'C#', 'F#', 'A', 'C#', 'F#', 'A', 'C#', 'F#', 'A', 'C#', 'F#', 'A', 'C#', 'F#', 'A', 'C#', 'F#', 'A', 'C#', 'F#', 'A', 'C#', 'F#', 'A', 'C#', 'F#', 'A', 'C#', 'F#', 'A', 'C#', 'F#', 'A', 'C#', 'F#', 'A', 'C#', 'F#', 'A', 'C#', 'F#', 'A', 'C#', 'F#', 'A', 'C#', 'F#', 'A', 'C#', 'F#', 'A', 'C#']	0.0	0.0	0.0	0.0
15.75	3.0	6.0	['F#4', 'A4', 'C#5']	['m3', 'P5']	[False, False, False]	6.0	3.0	9.0	i	False	('F#', 'A', 'C#')	F#	F#	0.0	minor triad	(1, 6, 9)	f#	f#	1	None	False	['F#', 'A', 'C#', 'F#', 'A', 'C#', 'F#', 'A', 'C#', 'F#', 'A', 'C#', 'F#', 'A', 'C#', 'F#', 'A', 'C#', 'F#', 'A', 'C#', 'F#', 'A', 'C#', 'F#', 'A', 'C#', 'F#', 'A', 'C#', 'F#', 'A', 'C#', 'F#', 'A', 'C#', 'F#', 'A', 'C#', 'F#', 'A', 'C#', 'F#', 'A', 'C#', 'F#', 'A', 'C#', 'F#', 'A', 'C#', 'F#', 'A', 'C#', 'F#', 'A', 'C#', 'F#', 'A', 'C#', 'F#', 'A', 'C#', 'F#', 'A', 'C#', 'F#', 'A', 'C#', 'F#', 'A', 'C#']	0.0	0.0	0.0	0.0
15.875	3.0	6.0	['F#4', 'A4', 'C#5']	['m3', 'P5']	[False, False, False]	6.0	3.0	9.0	i	False	('F#', 'A', 'C#')	F#	F#	0.0	minor triad	(1, 6, 9)	f#	f#	1	None	False	['F#', 'A', 'C#', 'F#', 'A', 'C#', 'F#', 'A', 'C#', 'F#', 'A', 'C#', 'F#', 'A', 'C#', 'F#', 'A', 'C#', 'F#', 'A', 'C#', 'F#', 'A', 'C#', 'F#', 'A', 'C#', 'F#', 'A', 'C#', 'F#', 'A', 'C#', 'F#', 'A', 'C#', 'F#', 'A', 'C#', 'F#', 'A', 'C#', 'F#', 'A', 'C#', 'F#', 'A', 'C#', 'F#', 'A', 'C#', 'F#', 'A', 'C#', 'F#', 'A', 'C#', 'F#', 'A', 'C#', 'F#', 'A', 'C#', 'F#', 'A', 'C#', 'F#', 'A', 'C#', 'F#', 'A', 'C#']	0.0	0.0	0.0	0.0
16.0	3.0	6.0	['F#4', 'A4', 'C#5']	['m3', 'P5']	[False, False, False]	6.0	3.0	9.0	i	False	('F#', 'A', 'C#')	F#	F#	0.0	minor triad	(1, 6, 9)	f#	f#	1	None	False	['F#', 'A', 'C#', 'F#', 'A', 'C#', 'F#', 'A', 'C#', 'F#', 'A', 'C#', 'F#', 'A', 'C#', 'F#', 'A', 'C#', 'F#', 'A', 'C#', 'F#', 'A', 'C#', 'F#', 'A', 'C#', 'F#', 'A', 'C#', 'F#', 'A', 'C#', 'F#', 'A', 'C#', 'F#', 'A', 'C#', 'F#', 'A', 'C#', 'F#', 'A', 'C#', 'F#', 'A', 'C#', 'F#', 'A', 'C#', 'F#', 'A', 'C#', 'F#', 'A', 'C#', 'F#', 'A', 'C#', 'F#', 'A', 'C#', 'F#', 'A', 'C#', 'F#', 'A', 'C#', 'F#', 'A', 'C#']	0.0	0.0	0.0	0.0
16.125	3.0	6.0	['F#4', 'A4', 'C#5']	['m3', 'P5']	[False, False, False]	6.0	3.0	9.0	i	False	('F#', 'A', 'C#')	F#	F#	0.0	minor triad	(1, 6, 9)	f#	f#	1	None	False	['F#', 'A', 'C#', 'F#', 'A', 'C#', 'F#', 'A', 'C#', 'F#', 'A', 'C#', 'F#', 'A', 'C#', 'F#', 'A', 'C#', 'F#', 'A', 'C#', 'F#', 'A', 'C#', 'F#', 'A', 'C#', 'F#', 'A', 'C#', 'F#', 'A', 'C#', 'F#', 'A', 'C#', 'F#', 'A', 'C#', 'F#', 'A', 'C#', 'F#', 'A', 'C#', 'F#', 'A', 'C#', 'F#', 'A', 'C#', 'F#', 'A', 'C#', 'F#', 'A', 'C#', 'F#', 'A', 'C#', 'F#', 'A', 'C#', 'F#', 'A', 'C#', 'F#', 'A', 'C#', 'F#', 'A', 'C#']	0.0	0.0	0.0	0.0
16.25	3.0	6.0	['F#4', 'A4', 'C#5']	['m3', 'P5']	[False, False, False]	6.0	3.0	9.0	i	False	('F#', 'A', 'C#')	F#	F#	0.0	minor triad	(1, 6, 9)	f#	f#	1	None	False	['F#', 'A', 'C#', 'F#', 'A', 'C#', 'F#', 'A', 'C#', 'F#', 'A', 'C#', 'F#', 'A', 'C#', 'F#', 'A', 'C#', 'F#', 'A', 'C#', 'F#', 'A', 'C#', 'F#', 'A', 'C#', 'F#', 'A', 'C#', 'F#', 'A', 'C#', 'F#', 'A', 'C#', 'F#', 'A', 'C#', 'F#', 'A', 'C#', 'F#', 'A', 'C#', 'F#', 'A', 'C#', 'F#', 'A', 'C#', 'F#', 'A', 'C#', 'F#', 'A', 'C#', 'F#', 'A', 'C#', 'F#', 'A', 'C#', 'F#', 'A', 'C#', 'F#', 'A', 'C#', 'F#', 'A', 'C#']	0.0	0.0	0.0	0.0
16.375	3.0	6.0	['F#4', 'A4', 'C#5']	['m3', 'P5']	[False, False, False]	6.0	3.0	9.0	i	False	('F#', 'A', 'C#')	F#	F#	0.0	minor triad	(1, 6, 9)	f#	f#	1	None	False	['F#', 'A', 'C#', 'F#', 'A', 'C#', 'F#', 'A', 'C#', 'F#', 'A', 'C#', 'F#', 'A', 'C#', 'F#', 'A', 'C#', 'F#', 'A', 'C#', 'F#', 'A', 'C#', 'F#', 'A', 'C#', 'F#', 'A', 'C#', 'F#', 'A', 'C#', 'F#', 'A', 'C#', 'F#', 'A', 'C#', 'F#', 'A', 'C#', 'F#', 'A', 'C#', 'F#', 'A', 'C#', 'F#', 'A', 'C#', 'F#', 'A', 'C#', 'F#', 'A', 'C#', 'F#', 'A', 'C#', 'F#', 'A', 'C#', 'F#', 'A', 'C#', 'F#', 'A', 'C#', 'F#', 'A', 'C#']	0.0	0.0	0.0	0.0
16.5	3.0	6.0	['F#4', 'A4', 'C#5']	['m3', 'P5']	[False, False, False]	6.0	3.0	9.0	i	False	('F#', 'A', 'C#')	F#	F#	0.0	minor triad	(1, 6, 9)	f#	f#	1	None	False	['F#', 'A', 'C#', 'F#', 'A', 'C#', 'F#', 'A', 'C#', 'F#', 'A', 'C#', 'F#', 'A', 'C#', 'F#', 'A', 'C#', 'F#', 'A', 'C#', 'F#', 'A', 'C#', 'F#', 'A', 'C#', 'F#', 'A', 'C#', 'F#', 'A', 'C#', 'F#', 'A', 'C#', 'F#', 'A', 'C#', 'F#', 'A', 'C#', 'F#', 'A', 'C#', 'F#', 'A', 'C#', 'F#', 'A', 'C#', 'F#', 'A', 'C#', 'F#', 'A', 'C#', 'F#', 'A', 'C#', 'F#', 'A', 'C#', 'F#', 'A', 'C#', 'F#', 'A', 'C#', 'F#', 'A', 'C#']	0.0	0.0	0.0	0.0
16.625	3.0	6.0	['F#4', 'A4', 'C#5']	['m3', 'P5']	[False, False, False]	6.0	3.0	9.0	i	False	('F#', 'A', 'C#')	F#	F#	0.0	minor triad	(1, 6, 9)	f#	f#	1	None	False	['F#', 'A', 'C#', 'F#', 'A', 'C#', 'F#', 'A', 'C#', 'F#', 'A', 'C#', 'F#', 'A', 'C#', 'F#', 'A', 'C#', 'F#', 'A', 'C#', 'F#', 'A', 'C#', 'F#', 'A', 'C#', 'F#', 'A', 'C#', 'F#', 'A', 'C#', 'F#', 'A', 'C#', 'F#', 'A', 'C#', 'F#', 'A', 'C#', 'F#', 'A', 'C#', 'F#', 'A', 'C#', 'F#', 'A', 'C#', 'F#', 'A', 'C#', 'F#', 'A', 'C#', 'F#', 'A', 'C#', 'F#', 'A', 'C#', 'F#', 'A', 'C#', 'F#', 'A', 'C#', 'F#', 'A', 'C#']	0.0	0.0	0.0	0.0
16.75	3.0	6.0	['F#4', 'A4', 'C#5']	['m3', 'P5']	[False, False, False]	6.0	3.0	9.0	i	False	('F#', 'A', 'C#')	F#	F#	0.0	minor triad	(1, 6, 9)	f#	f#	1	None	False	['F#', 'A', 'C#', 'F#', 'A', 'C#', 'F#', 'A', 'C#', 'F#', 'A', 'C#', 'F#', 'A', 'C#', 'F#', 'A', 'C#', 'F#', 'A', 'C#', 'F#', 'A', 'C#', 'F#', 'A', 'C#', 'F#', 'A', 'C#', 'F#', 'A', 'C#', 'F#', 'A', 'C#', 'F#', 'A', 'C#', 'F#', 'A', 'C#', 'F#', 'A', 'C#', 'F#', 'A', 'C#', 'F#', 'A', 'C#', 'F#', 'A', 'C#', 'F#', 'A', 'C#', 'F#', 'A', 'C#', 'F#', 'A', 'C#', 'F#', 'A', 'C#', 'F#', 'A', 'C#', 'F#', 'A', 'C#']	0.0	0.0	0.0	0.0
16.875	3.0	6.0	['F#4', 'A4', 'C#5']	['m3', 'P5']	[False, False, False]	6.0	3.0	9.0	i	False	('F#', 'A', 'C#')	F#	F#	0.0	minor triad	(1, 6, 9)	f#	f#	1	None	False	['F#', 'A', 'C#', 'F#', 'A', 'C#', 'F#', 'A', 'C#', 'F#', 'A', 'C#', 'F#', 'A', 'C#', 'F#', 'A', 'C#', 'F#', 'A', 'C#', 'F#', 'A', 'C#', 'F#', 'A', 'C#', 'F#', 'A', 'C#', 'F#', 'A', 'C#', 'F#', 'A', 'C#', 'F#', 'A', 'C#', 'F#', 'A', 'C#', 'F#', 'A', 'C#', 'F#', 'A', 'C#', 'F#', 'A', 'C#', 'F#', 'A', 'C#', 'F#', 'A', 'C#', 'F#', 'A', 'C#', 'F#', 'A', 'C#', 'F#', 'A', 'C#', 'F#', 'A', 'C#', 'F#', 'A', 'C#']	0.0	0.0	0.0	0.0
17.0	3.0	6.0	['F#4', 'A4', 'C#5']	['m3', 'P5']	[False, False, False]	6.0	3.0	9.0	i	False	('F#', 'A', 'C#')	F#	F#	0.0	minor triad	(1, 6, 9)	f#	f#	1	None	False	['F#', 'A', 'C#', 'F#', 'A', 'C#', 'F#', 'A', 'C#', 'F#', 'A', 'C#', 'F#', 'A', 'C#', 'F#', 'A', 'C#', 'F#', 'A', 'C#', 'F#', 'A', 'C#', 'F#', 'A', 'C#', 'F#', 'A', 'C#', 'F#', 'A', 'C#', 'F#', 'A', 'C#', 'F#', 'A', 'C#', 'F#', 'A', 'C#', 'F#', 'A', 'C#', 'F#', 'A', 'C#', 'F#', 'A', 'C#', 'F#', 'A', 'C#', 'F#', 'A', 'C#', 'F#', 'A', 'C#', 'F#', 'A', 'C#', 'F#', 'A', 'C#', 'F#', 'A', 'C#', 'F#', 'A', 'C#']	0.0	0.0	0.0	0.0
17.125	3.0	6.0	['F#4', 'A4', 'C#5']	['m3', 'P5']	[False, False, False]	6.0	3.0	9.0	i	False	('F#', 'A', 'C#')	F#	F#	0.0	minor triad	(1, 6, 9)	f#	f#	1	None	False	['F#', 'A', 'C#', 'F#', 'A', 'C#', 'F#', 'A', 'C#', 'F#', 'A', 'C#', 'F#', 'A', 'C#', 'F#', 'A', 'C#', 'F#', 'A', 'C#', 'F#', 'A', 'C#', 'F#', 'A', 'C#', 'F#', 'A', 'C#', 'F#', 'A', 'C#', 'F#', 'A', 'C#', 'F#', 'A', 'C#', 'F#', 'A', 'C#', 'F#', 'A', 'C#', 'F#', 'A', 'C#', 'F#', 'A', 'C#', 'F#', 'A', 'C#', 'F#', 'A', 'C#', 'F#', 'A', 'C#', 'F#', 'A', 'C#', 'F#', 'A', 'C#', 'F#', 'A', 'C#', 'F#', 'A', 'C#']	0.0	0.0	0.0	0.0
17.25	3.0	6.0	['F#4', 'A4', 'C#5']	['m3', 'P5']	[False, False, False]	6.0	3.0	9.0	i	False	('F#', 'A', 'C#')	F#	F#	0.0	minor triad	(1, 6, 9)	f#	f#	1	None	False	['F#', 'A', 'C#', 'F#', 'A', 'C#', 'F#', 'A', 'C#', 'F#', 'A', 'C#', 'F#', 'A', 'C#', 'F#', 'A', 'C#', 'F#', 'A', 'C#', 'F#', 'A', 'C#', 'F#', 'A', 'C#', 'F#', 'A', 'C#', 'F#', 'A', 'C#', 'F#', 'A', 'C#', 'F#', 'A', 'C#', 'F#', 'A', 'C#', 'F#', 'A', 'C#', 'F#', 'A', 'C#', 'F#', 'A', 'C#', 'F#', 'A', 'C#', 'F#', 'A', 'C#', 'F#', 'A', 'C#', 'F#', 'A', 'C#', 'F#', 'A', 'C#', 'F#', 'A', 'C#', 'F#', 'A', 'C#']	0.0	0.0	0.0	0.0
17.375	3.0	6.0	['F#4', 'A4', 'C#5']	['m3', 'P5']	[False, False, False]	6.0	3.0	9.0	i	False	('F#', 'A', 'C#')	F#	F#	0.0	minor triad	(1, 6, 9)	f#	f#	1	None	False	['F#', 'A', 'C#', 'F#', 'A', 'C#', 'F#', 'A', 'C#', 'F#', 'A', 'C#', 'F#', 'A', 'C#', 'F#', 'A', 'C#', 'F#', 'A', 'C#', 'F#', 'A', 'C#', 'F#', 'A', 'C#', 'F#', 'A', 'C#', 'F#', 'A', 'C#', 'F#', 'A', 'C#', 'F#', 'A', 'C#', 'F#', 'A', 'C#', 'F#', 'A', 'C#', 'F#', 'A', 'C#', 'F#', 'A', 'C#', 'F#', 'A', 'C#', 'F#', 'A', 'C#', 'F#', 'A', 'C#', 'F#', 'A', 'C#', 'F#', 'A', 'C#', 'F#', 'A', 'C#', 'F#', 'A', 'C#']	0.0	0.0	0.0	0.0
17.5	3.0	6.0	['F#4', 'A4', 'C#5']	['m3', 'P5']	[False, False, False]	6.0	3.0	9.0	i	False	('F#', 'A', 'C#')	F#	F#	0.0	minor triad	(1, 6, 9)	f#	f#	1	None	False	['F#', 'A', 'C#', 'F#', 'A', 'C#', 'F#', 'A', 'C#', 'F#', 'A', 'C#', 'F#', 'A', 'C#', 'F#', 'A', 'C#', 'F#', 'A', 'C#', 'F#', 'A', 'C#', 'F#', 'A', 'C#', 'F#', 'A', 'C#', 'F#', 'A', 'C#', 'F#', 'A', 'C#', 'F#', 'A', 'C#', 'F#', 'A', 'C#', 'F#', 'A', 'C#', 'F#', 'A', 'C#', 'F#', 'A', 'C#', 'F#', 'A', 'C#', 'F#', 'A', 'C#', 'F#', 'A', 'C#', 'F#', 'A', 'C#', 'F#', 'A', 'C#', 'F#', 'A', 'C#', 'F#', 'A', 'C#']	0.0	0.0	0.0	0.0
17.625	3.0	6.0	['F#4', 'A4', 'C#5']	['m3', 'P5']	[False, False, False]	6.0	3.0	9.0	i	False	('F#', 'A', 'C#')	F#	F#	0.0	minor triad	(1, 6, 9)	f#	f#	1	None	False	['F#', 'A', 'C#', 'F#', 'A', 'C#', 'F#', 'A', 'C#', 'F#', 'A', 'C#', 'F#', 'A', 'C#', 'F#', 'A', 'C#', 'F#', 'A', 'C#', 'F#', 'A', 'C#', 'F#', 'A', 'C#', 'F#', 'A', 'C#', 'F#', 'A', 'C#', 'F#', 'A', 'C#', 'F#', 'A', 'C#', 'F#', 'A', 'C#', 'F#', 'A', 'C#', 'F#', 'A', 'C#', 'F#', 'A', 'C#', 'F#', 'A', 'C#', 'F#', 'A', 'C#', 'F#', 'A', 'C#', 'F#', 'A', 'C#', 'F#', 'A', 'C#', 'F#', 'A', 'C#', 'F#', 'A', 'C#']	0.0	0.0	0.0	0.0
17.75	3.0	6.0	['F#4', 'A4', 'C#5']	['m3', 'P5']	[False, False, False]	6.0	3.0	9.0	i	False	('F#', 'A', 'C#')	F#	F#	0.0	minor triad	(1, 6, 9)	f#	f#	1	None	False	['F#', 'A', 'C#', 'F#', 'A', 'C#', 'F#', 'A', 'C#', 'F#', 'A', 'C#', 'F#', 'A', 'C#', 'F#', 'A', 'C#', 'F#', 'A', 'C#', 'F#', 'A', 'C#', 'F#', 'A', 'C#', 'F#', 'A', 'C#', 'F#', 'A', 'C#', 'F#', 'A', 'C#', 'F#', 'A', 'C#', 'F#', 'A', 'C#', 'F#', 'A', 'C#', 'F#', 'A', 'C#', 'F#', 'A', 'C#', 'F#', 'A', 'C#', 'F#', 'A', 'C#', 'F#', 'A', 'C#', 'F#', 'A', 'C#', 'F#', 'A', 'C#', 'F#', 'A', 'C#', 'F#', 'A', 'C#']	0.0	0.0	0.0	0.0
17.875	3.0	6.0	['F#4', 'A4', 'C#5']	['m3', 'P5']	[False, False, False]	6.0	3.0	9.0	i	False	('F#', 'A', 'C#')	F#	F#	0.0	minor triad	(1, 6, 9)	f#	f#	1	None	False	['F#', 'A', 'C#', 'F#', 'A', 'C#', 'F#', 'A', 'C#', 'F#', 'A', 'C#', 'F#', 'A', 'C#', 'F#', 'A', 'C#', 'F#', 'A', 'C#', 'F#', 'A', 'C#', 'F#', 'A', 'C#', 'F#', 'A', 'C#', 'F#', 'A', 'C#', 'F#', 'A', 'C#', 'F#', 'A', 'C#', 'F#', 'A', 'C#', 'F#', 'A', 'C#', 'F#', 'A', 'C#', 'F#', 'A', 'C#', 'F#', 'A', 'C#', 'F#', 'A', 'C#', 'F#', 'A', 'C#', 'F#', 'A', 'C#', 'F#', 'A', 'C#', 'F#', 'A', 'C#', 'F#', 'A', 'C#']	0.0	0.0	0.0	0.0
18.0	3.0	7.0	['C#5', 'E#5', 'G#5']	['M3', 'P5']	[True, True, True]	7.0	3.0	10.0	V	True	('C#', 'E#', 'G#')	C#	C#	0.0	major triad	(1, 5, 8)	f#	f#	5	None	False	['C#', 'E#', 'G#', 'C#', 'E#', 'G#', 'C#', 'E#', 'G#', 'C#', 'E#', 'G#', 'C#', 'E#', 'G#', 'C#', 'E#', 'G#', 'C#', 'E#', 'G#', 'C#', 'E#', 'G#', 'C#', 'E#', 'G#', 'C#', 'E#', 'G#', 'C#', 'E#', 'G#', 'C#', 'E#', 'G#', 'C#', 'E#', 'G#', 'C#', 'E#', 'G#', 'C#', 'E#', 'G#', 'C#', 'E#', 'G#', 'C#', 'E#', 'G#', 'C#', 'E#', 'G#', 'C#', 'E#', 'G#', 'C#', 'E#', 'G#', 'C#', 'E#', 'G#', 'C#', 'E#', 'G#', 'C#', 'E#', 'G#', 'C#', 'E#', 'G#']	0.0	0.0	0.0	0.0
18.125	3.0	7.0	['C#5', 'E#5', 'G#5']	['M3', 'P5']	[False, False, False]	7.0	3.0	10.0	V	False	('C#', 'E#', 'G#')	C#	C#	0.0	major triad	(1, 5, 8)	f#	f#	5	None	False	['C#', 'E#', 'G#', 'C#', 'E#', 'G#', 'C#', 'E#', 'G#', 'C#', 'E#', 'G#', 'C#', 'E#', 'G#', 'C#', 'E#', 'G#', 'C#', 'E#', 'G#', 'C#', 'E#', 'G#', 'C#', 'E#', 'G#', 'C#', 'E#', 'G#', 'C#', 'E#', 'G#', 'C#', 'E#', 'G#', 'C#', 'E#', 'G#', 'C#', 'E#', 'G#', 'C#', 'E#', 'G#', 'C#', 'E#', 'G#', 'C#', 'E#', 'G#', 'C#', 'E#', 'G#', 'C#', 'E#', 'G#', 'C#', 'E#', 'G#', 'C#', 'E#', 'G#', 'C#', 'E#', 'G#', 'C#', 'E#', 'G#', 'C#', 'E#', 'G#']	0.0	0.0	0.0	0.0
18.25	3.0	7.0	['C#5', 'E#5', 'G#5']	['M3', 'P5']	[False, False, False]	7.0	3.0	10.0	V	False	('C#', 'E#', 'G#')	C#	C#	0.0	major triad	(1, 5, 8)	f#	f#	5	None	False	['C#', 'E#', 'G#', 'C#', 'E#', 'G#', 'C#', 'E#', 'G#', 'C#', 'E#', 'G#', 'C#', 'E#', 'G#', 'C#', 'E#', 'G#', 'C#', 'E#', 'G#', 'C#', 'E#', 'G#', 'C#', 'E#', 'G#', 'C#', 'E#', 'G#', 'C#', 'E#', 'G#', 'C#', 'E#', 'G#', 'C#', 'E#', 'G#', 'C#', 'E#', 'G#', 'C#', 'E#', 'G#', 'C#', 'E#', 'G#', 'C#', 'E#', 'G#', 'C#', 'E#', 'G#', 'C#', 'E#', 'G#', 'C#', 'E#', 'G#', 'C#', 'E#', 'G#', 'C#', 'E#', 'G#', 'C#', 'E#', 'G#', 'C#', 'E#', 'G#']	0.0	0.0	0.0	0.0
18.375	3.0	7.0	['C#5', 'E#5', 'G#5']	['M3', 'P5']	[False, False, False]	7.0	3.0	10.0	V	False	('C#', 'E#', 'G#')	C#	C#	0.0	major triad	(1, 5, 8)	f#	f#	5	None	False	['C#', 'E#', 'G#', 'C#', 'E#', 'G#', 'C#', 'E#', 'G#', 'C#', 'E#', 'G#', 'C#', 'E#', 'G#', 'C#', 'E#', 'G#', 'C#', 'E#', 'G#', 'C#', 'E#', 'G#', 'C#', 'E#', 'G#', 'C#', 'E#', 'G#', 'C#', 'E#', 'G#', 'C#', 'E#', 'G#', 'C#', 'E#', 'G#', 'C#', 'E#', 'G#', 'C#', 'E#', 'G#', 'C#', 'E#', 'G#', 'C#', 'E#', 'G#', 'C#', 'E#', 'G#', 'C#', 'E#', 'G#', 'C#', 'E#', 'G#', 'C#', 'E#', 'G#', 'C#', 'E#', 'G#', 'C#', 'E#', 'G#', 'C#', 'E#', 'G#']	0.0	0.0	0.0	0.0
18.5	3.0	7.0	['C#5', 'E#5', 'G#5']	['M3', 'P5']	[False, False, False]	7.0	3.0	10.0	V	False	('C#', 'E#', 'G#')	C#	C#	0.0	major triad	(1, 5, 8)	f#	f#	5	None	False	['C#', 'E#', 'G#', 'C#', 'E#', 'G#', 'C#', 'E#', 'G#', 'C#', 'E#', 'G#', 'C#', 'E#', 'G#', 'C#', 'E#', 'G#', 'C#', 'E#', 'G#', 'C#', 'E#', 'G#', 'C#', 'E#', 'G#', 'C#', 'E#', 'G#', 'C#', 'E#', 'G#', 'C#', 'E#', 'G#', 'C#', 'E#', 'G#', 'C#', 'E#', 'G#', 'C#', 'E#', 'G#', 'C#', 'E#', 'G#', 'C#', 'E#', 'G#', 'C#', 'E#', 'G#', 'C#', 'E#', 'G#', 'C#', 'E#', 'G#', 'C#', 'E#', 'G#', 'C#', 'E#', 'G#', 'C#', 'E#', 'G#', 'C#', 'E#', 'G#']	0.0	0.0	0.0	0.0
18.625	3.0	7.0	['C#5', 'E#5', 'G#5']	['M3', 'P5']	[False, False, False]	7.0	3.0	10.0	V	False	('C#', 'E#', 'G#')	C#	C#	0.0	major triad	(1, 5, 8)	f#	f#	5	None	False	['C#', 'E#', 'G#', 'C#', 'E#', 'G#', 'C#', 'E#', 'G#', 'C#', 'E#', 'G#', 'C#', 'E#', 'G#', 'C#', 'E#', 'G#', 'C#', 'E#', 'G#', 'C#', 'E#', 'G#', 'C#', 'E#', 'G#', 'C#', 'E#', 'G#', 'C#', 'E#', 'G#', 'C#', 'E#', 'G#', 'C#', 'E#', 'G#', 'C#', 'E#', 'G#', 'C#', 'E#', 'G#', 'C#', 'E#', 'G#', 'C#', 'E#', 'G#', 'C#', 'E#', 'G#', 'C#', 'E#', 'G#', 'C#', 'E#', 'G#', 'C#', 'E#', 'G#', 'C#', 'E#', 'G#', 'C#', 'E#', 'G#', 'C#', 'E#', 'G#']	0.0	0.0	0.0	0.0
18.75	3.0	7.0	['C#5', 'E#5', 'G#5']	['M3', 'P5']	[False, False, False]	7.0	3.0	10.0	V	False	('C#', 'E#', 'G#')	C#	C#	0.0	major triad	(1, 5, 8)	f#	f#	5	None	False	['C#', 'E#', 'G#', 'C#', 'E#', 'G#', 'C#', 'E#', 'G#', 'C#', 'E#', 'G#', 'C#', 'E#', 'G#', 'C#', 'E#', 'G#', 'C#', 'E#', 'G#', 'C#', 'E#', 'G#', 'C#', 'E#', 'G#', 'C#', 'E#', 'G#', 'C#', 'E#', 'G#', 'C#', 'E#', 'G#', 'C#', 'E#', 'G#', 'C#', 'E#', 'G#', 'C#', 'E#', 'G#', 'C#', 'E#', 'G#', 'C#', 'E#', 'G#', 'C#', 'E#', 'G#', 'C#', 'E#', 'G#', 'C#', 'E#', 'G#', 'C#', 'E#', 'G#', 'C#', 'E#', 'G#', 'C#', 'E#', 'G#', 'C#', 'E#', 'G#']	0.0	0.0	0.0	0.0
18.875	3.0	7.0	['C#5', 'E#5', 'G#5']	['M3', 'P5']	[False, False, False]	7.0	3.0	10.0	V	False	('C#', 'E#', 'G#')	C#	C#	0.0	major triad	(1, 5, 8)	f#	f#	5	None	False	['C#', 'E#', 'G#', 'C#', 'E#', 'G#', 'C#', 'E#', 'G#', 'C#', 'E#', 'G#', 'C#', 'E#', 'G#', 'C#', 'E#', 'G#', 'C#', 'E#', 'G#', 'C#', 'E#', 'G#', 'C#', 'E#', 'G#', 'C#', 'E#', 'G#', 'C#', 'E#', 'G#', 'C#', 'E#', 'G#', 'C#', 'E#', 'G#', 'C#', 'E#', 'G#', 'C#', 'E#', 'G#', 'C#', 'E#', 'G#', 'C#', 'E#', 'G#', 'C#', 'E#', 'G#', 'C#', 'E#', 'G#', 'C#', 'E#', 'G#', 'C#', 'E#', 'G#', 'C#', 'E#', 'G#', 'C#', 'E#', 'G#', 'C#', 'E#', 'G#']	0.0	0.0	0.0	0.0
19.0	3.0	7.0	['C#5', 'E#5', 'G#5']	['M3', 'P5']	[False, False, False]	7.0	3.0	10.0	V	False	('C#', 'E#', 'G#')	C#	C#	0.0	major triad	(1, 5, 8)	f#	f#	5	None	False	['C#', 'E#', 'G#', 'C#', 'E#', 'G#', 'C#', 'E#', 'G#', 'C#', 'E#', 'G#', 'C#', 'E#', 'G#', 'C#', 'E#', 'G#', 'C#', 'E#', 'G#', 'C#', 'E#', 'G#', 'C#', 'E#', 'G#', 'C#', 'E#', 'G#', 'C#', 'E#', 'G#', 'C#', 'E#', 'G#', 'C#', 'E#', 'G#', 'C#', 'E#', 'G#', 'C#', 'E#', 'G#', 'C#', 'E#', 'G#', 'C#', 'E#', 'G#', 'C#', 'E#', 'G#', 'C#', 'E#', 'G#', 'C#', 'E#', 'G#', 'C#', 'E#', 'G#', 'C#', 'E#', 'G#', 'C#', 'E#', 'G#', 'C#', 'E#', 'G#']	0.0	0.0	0.0	0.0
19.125	3.0	7.0	['C#5', 'E#5', 'G#5']	['M3', 'P5']	[False, False, False]	7.0	3.0	10.0	V	False	('C#', 'E#', 'G#')	C#	C#	0.0	major triad	(1, 5, 8)	f#	f#	5	None	False	['C#', 'E#', 'G#', 'C#', 'E#', 'G#', 'C#', 'E#', 'G#', 'C#', 'E#', 'G#', 'C#', 'E#', 'G#', 'C#', 'E#', 'G#', 'C#', 'E#', 'G#', 'C#', 'E#', 'G#', 'C#', 'E#', 'G#', 'C#', 'E#', 'G#', 'C#', 'E#', 'G#', 'C#', 'E#', 'G#', 'C#', 'E#', 'G#', 'C#', 'E#', 'G#', 'C#', 'E#', 'G#', 'C#', 'E#', 'G#', 'C#', 'E#', 'G#', 'C#', 'E#', 'G#', 'C#', 'E#', 'G#', 'C#', 'E#', 'G#', 'C#', 'E#', 'G#', 'C#', 'E#', 'G#', 'C#', 'E#', 'G#', 'C#', 'E#', 'G#']	0.0	0.0	0.0	0.0
19.25	3.0	7.0	['C#5', 'E#5', 'G#5']	['M3', 'P5']	[False, False, False]	7.0	3.0	10.0	V	False	('C#', 'E#', 'G#')	C#	C#	0.0	major triad	(1, 5, 8)	f#	f#	5	None	False	['C#', 'E#', 'G#', 'C#', 'E#', 'G#', 'C#', 'E#', 'G#', 'C#', 'E#', 'G#', 'C#', 'E#', 'G#', 'C#', 'E#', 'G#', 'C#', 'E#', 'G#', 'C#', 'E#', 'G#', 'C#', 'E#', 'G#', 'C#', 'E#', 'G#', 'C#', 'E#', 'G#', 'C#', 'E#', 'G#', 'C#', 'E#', 'G#', 'C#', 'E#', 'G#', 'C#', 'E#', 'G#', 'C#', 'E#', 'G#', 'C#', 'E#', 'G#', 'C#', 'E#', 'G#', 'C#', 'E#', 'G#', 'C#', 'E#', 'G#', 'C#', 'E#', 'G#', 'C#', 'E#', 'G#', 'C#', 'E#', 'G#', 'C#', 'E#', 'G#']	0.0	0.0	0.0	0.0
19.375	3.0	7.0	['C#5', 'E#5', 'G#5']	['M3', 'P5']	[False, False, False]	7.0	3.0	10.0	V	False	('C#', 'E#', 'G#')	C#	C#	0.0	major triad	(1, 5, 8)	f#	f#	5	None	False	['C#', 'E#', 'G#', 'C#', 'E#', 'G#', 'C#', 'E#', 'G#', 'C#', 'E#', 'G#', 'C#', 'E#', 'G#', 'C#', 'E#', 'G#', 'C#', 'E#', 'G#', 'C#', 'E#', 'G#', 'C#', 'E#', 'G#', 'C#', 'E#', 'G#', 'C#', 'E#', 'G#', 'C#', 'E#', 'G#', 'C#', 'E#', 'G#', 'C#', 'E#', 'G#', 'C#', 'E#', 'G#', 'C#', 'E#', 'G#', 'C#', 'E#', 'G#', 'C#', 'E#', 'G#', 'C#', 'E#', 'G#', 'C#', 'E#', 'G#', 'C#', 'E#', 'G#', 'C#', 'E#', 'G#', 'C#', 'E#', 'G#', 'C#', 'E#', 'G#']	0.0	0.0	0.0	0.0
19.5	3.0	7.0	['C#5', 'E#5', 'G#5']	['M3', 'P5']	[False, False, False]	7.0	3.0	10.0	V	False	('C#', 'E#', 'G#')	C#	C#	0.0	major triad	(1, 5, 8)	f#	f#	5	None	False	['C#', 'E#', 'G#', 'C#', 'E#', 'G#', 'C#', 'E#', 'G#', 'C#', 'E#', 'G#', 'C#', 'E#', 'G#', 'C#', 'E#', 'G#', 'C#', 'E#', 'G#', 'C#', 'E#', 'G#', 'C#', 'E#', 'G#', 'C#', 'E#', 'G#', 'C#', 'E#', 'G#', 'C#', 'E#', 'G#', 'C#', 'E#', 'G#', 'C#', 'E#', 'G#', 'C#', 'E#', 'G#', 'C#', 'E#', 'G#', 'C#', 'E#', 'G#', 'C#', 'E#', 'G#', 'C#', 'E#', 'G#', 'C#', 'E#', 'G#', 'C#', 'E#', 'G#', 'C#', 'E#', 'G#', 'C#', 'E#', 'G#', 'C#', 'E#', 'G#']	0.0	0.0	0.0	0.0
19.625	3.0	7.0	['C#5', 'E#5', 'G#5']	['M3', 'P5']	[False, False, False]	7.0	3.0	10.0	V	False	('C#', 'E#', 'G#')	C#	C#	0.0	major triad	(1, 5, 8)	f#	f#	5	None	False	['C#', 'E#', 'G#', 'C#', 'E#', 'G#', 'C#', 'E#', 'G#', 'C#', 'E#', 'G#', 'C#', 'E#', 'G#', 'C#', 'E#', 'G#', 'C#', 'E#', 'G#', 'C#', 'E#', 'G#', 'C#', 'E#', 'G#', 'C#', 'E#', 'G#', 'C#', 'E#', 'G#', 'C#', 'E#', 'G#', 'C#', 'E#', 'G#', 'C#', 'E#', 'G#', 'C#', 'E#', 'G#', 'C#', 'E#', 'G#', 'C#', 'E#', 'G#', 'C#', 'E#', 'G#', 'C#', 'E#', 'G#', 'C#', 'E#', 'G#', 'C#', 'E#', 'G#', 'C#', 'E#', 'G#', 'C#', 'E#', 'G#', 'C#', 'E#', 'G#']	0.0	0.0	0.0	0.0
19.75	3.0	7.0	['C#5', 'E#5', 'G#5']	['M3', 'P5']	[False, False, False]	7.0	3.0	10.0	V	False	('C#', 'E#', 'G#')	C#	C#	0.0	major triad	(1, 5, 8)	f#	f#	5	None	False	['C#', 'E#', 'G#', 'C#', 'E#', 'G#', 'C#', 'E#', 'G#', 'C#', 'E#', 'G#', 'C#', 'E#', 'G#', 'C#', 'E#', 'G#', 'C#', 'E#', 'G#', 'C#', 'E#', 'G#', 'C#', 'E#', 'G#', 'C#', 'E#', 'G#', 'C#', 'E#', 'G#', 'C#', 'E#', 'G#', 'C#', 'E#', 'G#', 'C#', 'E#', 'G#', 'C#', 'E#', 'G#', 'C#', 'E#', 'G#', 'C#', 'E#', 'G#', 'C#', 'E#', 'G#', 'C#', 'E#', 'G#', 'C#', 'E#', 'G#', 'C#', 'E#', 'G#', 'C#', 'E#', 'G#', 'C#', 'E#', 'G#', 'C#', 'E#', 'G#']	0.0	0.0	0.0	0.0
19.875	3.0	7.0	['C#5', 'E#5', 'G#5']	['M3', 'P5']	[False, False, False]	7.0	3.0	10.0	V	False	('C#', 'E#', 'G#')	C#	C#	0.0	major triad	(1, 5, 8)	f#	f#	5	None	False	['C#', 'E#', 'G#', 'C#', 'E#', 'G#', 'C#', 'E#', 'G#', 'C#', 'E#', 'G#', 'C#', 'E#', 'G#', 'C#', 'E#', 'G#', 'C#', 'E#', 'G#', 'C#', 'E#', 'G#', 'C#', 'E#', 'G#', 'C#', 'E#', 'G#', 'C#', 'E#', 'G#', 'C#', 'E#', 'G#', 'C#', 'E#', 'G#', 'C#', 'E#', 'G#', 'C#', 'E#', 'G#', 'C#', 'E#', 'G#', 'C#', 'E#', 'G#', 'C#', 'E#', 'G#', 'C#', 'E#', 'G#', 'C#', 'E#', 'G#', 'C#', 'E#', 'G#', 'C#', 'E#', 'G#', 'C#', 'E#', 'G#', 'C#', 'E#', 'G#']	0.0	0.0	0.0	0.0
20.0	3.0	7.0	['C#5', 'E#5', 'G#5']	['M3', 'P5']	[False, False, False]	7.0	3.0	10.0	V	False	('C#', 'E#', 'G#')	C#	C#	0.0	major triad	(1, 5, 8)	f#	f#	5	None	False	['C#', 'E#', 'G#', 'C#', 'E#', 'G#', 'C#', 'E#', 'G#', 'C#', 'E#', 'G#', 'C#', 'E#', 'G#', 'C#', 'E#', 'G#', 'C#', 'E#', 'G#', 'C#', 'E#', 'G#', 'C#', 'E#', 'G#', 'C#', 'E#', 'G#', 'C#', 'E#', 'G#', 'C#', 'E#', 'G#', 'C#', 'E#', 'G#', 'C#', 'E#', 'G#', 'C#', 'E#', 'G#', 'C#', 'E#', 'G#', 'C#', 'E#', 'G#', 'C#', 'E#', 'G#', 'C#', 'E#', 'G#', 'C#', 'E#', 'G#', 'C#', 'E#', 'G#', 'C#', 'E#', 'G#', 'C#', 'E#', 'G#', 'C#', 'E#', 'G#']	0.0	0.0	0.0	0.0
20.125	3.0	7.0	['C#5', 'E#5', 'G#5']	['M3', 'P5']	[False, False, False]	7.0	3.0	10.0	V	False	('C#', 'E#', 'G#')	C#	C#	0.0	major triad	(1, 5, 8)	f#	f#	5	None	False	['C#', 'E#', 'G#', 'C#', 'E#', 'G#', 'C#', 'E#', 'G#', 'C#', 'E#', 'G#', 'C#', 'E#', 'G#', 'C#', 'E#', 'G#', 'C#', 'E#', 'G#', 'C#', 'E#', 'G#', 'C#', 'E#', 'G#', 'C#', 'E#', 'G#', 'C#', 'E#', 'G#', 'C#', 'E#', 'G#', 'C#', 'E#', 'G#', 'C#', 'E#', 'G#', 'C#', 'E#', 'G#', 'C#', 'E#', 'G#', 'C#', 'E#', 'G#', 'C#', 'E#', 'G#', 'C#', 'E#', 'G#', 'C#', 'E#', 'G#', 'C#', 'E#', 'G#', 'C#', 'E#', 'G#', 'C#', 'E#', 'G#', 'C#', 'E#', 'G#']	0.0	0.0	0.0	0.0
20.25	3.0	7.0	['C#5', 'E#5', 'G#5']	['M3', 'P5']	[False, False, False]	7.0	3.0	10.0	V	False	('C#', 'E#', 'G#')	C#	C#	0.0	major triad	(1, 5, 8)	f#	f#	5	None	False	['C#', 'E#', 'G#', 'C#', 'E#', 'G#', 'C#', 'E#', 'G#', 'C#', 'E#', 'G#', 'C#', 'E#', 'G#', 'C#', 'E#', 'G#', 'C#', 'E#', 'G#', 'C#', 'E#', 'G#', 'C#', 'E#', 'G#', 'C#', 'E#', 'G#', 'C#', 'E#', 'G#', 'C#', 'E#', 'G#', 'C#', 'E#', 'G#', 'C#', 'E#', 'G#', 'C#', 'E#', 'G#', 'C#', 'E#', 'G#', 'C#', 'E#', 'G#', 'C#', 'E#', 'G#', 'C#', 'E#', 'G#', 'C#', 'E#', 'G#', 'C#', 'E#', 'G#', 'C#', 'E#', 'G#', 'C#', 'E#', 'G#', 'C#', 'E#', 'G#']	0.0	0.0	0.0	0.0
20.375	3.0	7.0	['C#5', 'E#5', 'G#5']	['M3', 'P5']	[False, False, False]	7.0	3.0	10.0	V	False	('C#', 'E#', 'G#')	C#	C#	0.0	major triad	(1, 5, 8)	f#	f#	5	None	False	['C#', 'E#', 'G#', 'C#', 'E#', 'G#', 'C#', 'E#', 'G#', 'C#', 'E#', 'G#', 'C#', 'E#', 'G#', 'C#', 'E#', 'G#', 'C#', 'E#', 'G#', 'C#', 'E#', 'G#', 'C#', 'E#', 'G#', 'C#', 'E#', 'G#', 'C#', 'E#', 'G#', 'C#', 'E#', 'G#', 'C#', 'E#', 'G#', 'C#', 'E#', 'G#', 'C#', 'E#', 'G#', 'C#', 'E#', 'G#', 'C#', 'E#', 'G#', 'C#', 'E#', 'G#', 'C#', 'E#', 'G#', 'C#', 'E#', 'G#', 'C#', 'E#', 'G#', 'C#', 'E#', 'G#', 'C#', 'E#', 'G#', 'C#', 'E#', 'G#']	0.0	0.0	0.0	0.0
20.5	3.0	7.0	['C#5', 'E#5', 'G#5']	['M3', 'P5']	[False, False, False]	7.0	3.0	10.0	V	False	('C#', 'E#', 'G#')	C#	C#	0.0	major triad	(1, 5, 8)	f#	f#	5	None	False	['C#', 'E#', 'G#', 'C#', 'E#', 'G#', 'C#', 'E#', 'G#', 'C#', 'E#', 'G#', 'C#', 'E#', 'G#', 'C#', 'E#', 'G#', 'C#', 'E#', 'G#', 'C#', 'E#', 'G#', 'C#', 'E#', 'G#', 'C#', 'E#', 'G#', 'C#', 'E#', 'G#', 'C#', 'E#', 'G#', 'C#', 'E#', 'G#', 'C#', 'E#', 'G#', 'C#', 'E#', 'G#', 'C#', 'E#', 'G#', 'C#', 'E#', 'G#', 'C#', 'E#', 'G#', 'C#', 'E#', 'G#', 'C#', 'E#', 'G#', 'C#', 'E#', 'G#', 'C#', 'E#', 'G#', 'C#', 'E#', 'G#', 'C#', 'E#', 'G#']	0.0	0.0	0.0	0.0
20.625	3.0	7.0	['C#5', 'E#5', 'G#5']	['M3', 'P5']	[False, False, False]	7.0	3.0	10.0	V	False	('C#', 'E#', 'G#')	C#	C#	0.0	major triad	(1, 5, 8)	f#	f#	5	None	False	['C#', 'E#', 'G#', 'C#', 'E#', 'G#', 'C#', 'E#', 'G#', 'C#', 'E#', 'G#', 'C#', 'E#', 'G#', 'C#', 'E#', 'G#', 'C#', 'E#', 'G#', 'C#', 'E#', 'G#', 'C#', 'E#', 'G#', 'C#', 'E#', 'G#', 'C#', 'E#', 'G#', 'C#', 'E#', 'G#', 'C#', 'E#', 'G#', 'C#', 'E#', 'G#', 'C#', 'E#', 'G#', 'C#', 'E#', 'G#', 'C#', 'E#', 'G#', 'C#', 'E#', 'G#', 'C#', 'E#', 'G#', 'C#', 'E#', 'G#', 'C#', 'E#', 'G#', 'C#', 'E#', 'G#', 'C#', 'E#', 'G#', 'C#', 'E#', 'G#']	0.0	0.0	0.0	0.0
20.75	3.0	7.0	['C#5', 'E#5', 'G#5']	['M3', 'P5']	[False, False, False]	7.0	3.0	10.0	V	False	('C#', 'E#', 'G#')	C#	C#	0.0	major triad	(1, 5, 8)	f#	f#	5	None	False	['C#', 'E#', 'G#', 'C#', 'E#', 'G#', 'C#', 'E#', 'G#', 'C#', 'E#', 'G#', 'C#', 'E#', 'G#', 'C#', 'E#', 'G#', 'C#', 'E#', 'G#', 'C#', 'E#', 'G#', 'C#', 'E#', 'G#', 'C#', 'E#', 'G#', 'C#', 'E#', 'G#', 'C#', 'E#', 'G#', 'C#', 'E#', 'G#', 'C#', 'E#', 'G#', 'C#', 'E#', 'G#', 'C#', 'E#', 'G#', 'C#', 'E#', 'G#', 'C#', 'E#', 'G#', 'C#', 'E#', 'G#', 'C#', 'E#', 'G#', 'C#', 'E#', 'G#', 'C#', 'E#', 'G#', 'C#', 'E#', 'G#', 'C#', 'E#', 'G#']	0.0	0.0	0.0	0.0
20.875	3.0	7.0	['C#5', 'E#5', 'G#5']	['M3', 'P5']	[False, False, False]	7.0	3.0	10.0	V	False	('C#', 'E#', 'G#')	C#	C#	0.0	major triad	(1, 5, 8)	f#	f#	5	None	False	['C#', 'E#', 'G#', 'C#', 'E#', 'G#', 'C#', 'E#', 'G#', 'C#', 'E#', 'G#', 'C#', 'E#', 'G#', 'C#', 'E#', 'G#', 'C#', 'E#', 'G#', 'C#', 'E#', 'G#', 'C#', 'E#', 'G#', 'C#', 'E#', 'G#', 'C#', 'E#', 'G#', 'C#', 'E#', 'G#', 'C#', 'E#', 'G#', 'C#', 'E#', 'G#', 'C#', 'E#', 'G#', 'C#', 'E#', 'G#', 'C#', 'E#', 'G#', 'C#', 'E#', 'G#', 'C#', 'E#', 'G#', 'C#', 'E#', 'G#', 'C#', 'E#', 'G#', 'C#', 'E#', 'G#', 'C#', 'E#', 'G#', 'C#', 'E#', 'G#']	0.0	0.0	0.0	0.0
21.0	3.0	8.0	['F#4', 'A4', 'C#5']	['m3', 'P5']	[True, True, True]	8.0	3.0	11.0	i	True	('F#', 'A', 'C#')	F#	F#	0.0	minor triad	(1, 6, 9)	f#	f#	1	None	False	['F#', 'A', 'C#', 'F#', 'A', 'C#', 'F#', 'A', 'C#', 'F#', 'A', 'C#', 'F#', 'A', 'C#', 'F#', 'A', 'C#', 'F#', 'A', 'C#', 'F#', 'A', 'C#', 'F#', 'A', 'C#', 'F#', 'A', 'C#', 'F#', 'A', 'C#', 'F#', 'A', 'C#', 'F#', 'A', 'C#', 'F#', 'A', 'C#', 'F#', 'A', 'C#', 'F#', 'A', 'C#', 'F#', 'A', 'C#', 'F#', 'A', 'C#', 'F#', 'A', 'C#', 'F#', 'A', 'C#', 'F#', 'A', 'C#', 'F#', 'A', 'C#', 'F#', 'A', 'C#', 'F#', 'A', 'C#']	0.0	0.0	0.0	0.0
21.125	3.0	8.0	['F#4', 'A4', 'C#5']	['m3', 'P5']	[False, False, False]	8.0	3.0	11.0	i	False	('F#', 'A', 'C#')	F#	F#	0.0	minor triad	(1, 6, 9)	f#	f#	1	None	False	['F#', 'A', 'C#', 'F#', 'A', 'C#', 'F#', 'A', 'C#', 'F#', 'A', 'C#', 'F#', 'A', 'C#', 'F#', 'A', 'C#', 'F#', 'A', 'C#', 'F#', 'A', 'C#', 'F#', 'A', 'C#', 'F#', 'A', 'C#', 'F#', 'A', 'C#', 'F#', 'A', 'C#', 'F#', 'A', 'C#', 'F#', 'A', 'C#', 'F#', 'A', 'C#', 'F#', 'A', 'C#', 'F#', 'A', 'C#', 'F#', 'A', 'C#', 'F#', 'A', 'C#', 'F#', 'A', 'C#', 'F#', 'A', 'C#', 'F#', 'A', 'C#', 'F#', 'A', 'C#', 'F#', 'A', 'C#']	0.0	0.0	0.0	0.0
21.25	3.0	8.0	['F#4', 'A4', 'C#5']	['m3', 'P5']	[False, False, False]	8.0	3.0	11.0	i	False	('F#', 'A', 'C#')	F#	F#	0.0	minor triad	(1, 6, 9)	f#	f#	1	None	False	['F#', 'A', 'C#', 'F#', 'A', 'C#', 'F#', 'A', 'C#', 'F#', 'A', 'C#', 'F#', 'A', 'C#', 'F#', 'A', 'C#', 'F#', 'A', 'C#', 'F#', 'A', 'C#', 'F#', 'A', 'C#', 'F#', 'A', 'C#', 'F#', 'A', 'C#', 'F#', 'A', 'C#', 'F#', 'A', 'C#', 'F#', 'A', 'C#', 'F#', 'A', 'C#', 'F#', 'A', 'C#', 'F#', 'A', 'C#', 'F#', 'A', 'C#', 'F#', 'A', 'C#', 'F#', 'A', 'C#', 'F#', 'A', 'C#', 'F#', 'A', 'C#', 'F#', 'A', 'C#', 'F#', 'A', 'C#']	0.0	0.0	0.0	0.0
21.375	3.0	8.0	['F#4', 'A4', 'C#5']	['m3', 'P5']	[False, False, False]	8.0	3.0	11.0	i	False	('F#', 'A', 'C#')	F#	F#	0.0	minor triad	(1, 6, 9)	f#	f#	1	None	False	['F#', 'A', 'C#', 'F#', 'A', 'C#', 'F#', 'A', 'C#', 'F#', 'A', 'C#', 'F#', 'A', 'C#', 'F#', 'A', 'C#', 'F#', 'A', 'C#', 'F#', 'A', 'C#', 'F#', 'A', 'C#', 'F#', 'A', 'C#', 'F#', 'A', 'C#', 'F#', 'A', 'C#', 'F#', 'A', 'C#', 'F#', 'A', 'C#', 'F#', 'A', 'C#', 'F#', 'A', 'C#', 'F#', 'A', 'C#', 'F#', 'A', 'C#', 'F#', 'A', 'C#', 'F#', 'A', 'C#', 'F#', 'A', 'C#', 'F#', 'A', 'C#', 'F#', 'A', 'C#', 'F#', 'A', 'C#']	0.0	0.0	0.0	0.0
21.5	3.0	8.0	['F#4', 'A4', 'C#5']	['m3', 'P5']	[False, False, False]	8.0	3.0	11.0	i	False	('F#', 'A', 'C#')	F#	F#	0.0	minor triad	(1, 6, 9)	f#	f#	1	None	False	['F#', 'A', 'C#', 'F#', 'A', 'C#', 'F#', 'A', 'C#', 'F#', 'A', 'C#', 'F#', 'A', 'C#', 'F#', 'A', 'C#', 'F#', 'A', 'C#', 'F#', 'A', 'C#', 'F#', 'A', 'C#', 'F#', 'A', 'C#', 'F#', 'A', 'C#', 'F#', 'A', 'C#', 'F#', 'A', 'C#', 'F#', 'A', 'C#', 'F#', 'A', 'C#', 'F#', 'A', 'C#', 'F#', 'A', 'C#', 'F#', 'A', 'C#', 'F#', 'A', 'C#', 'F#', 'A', 'C#', 'F#', 'A', 'C#', 'F#', 'A', 'C#', 'F#', 'A', 'C#', 'F#', 'A', 'C#']	0.0	0.0	0.0	0.0
21.625	3.0	8.0	['F#4', 'A4', 'C#5']	['m3', 'P5']	[False, False, False]	8.0	3.0	11.0	i	False	('F#', 'A', 'C#')	F#	F#	0.0	minor triad	(1, 6, 9)	f#	f#	1	None	False	['F#', 'A', 'C#', 'F#', 'A', 'C#', 'F#', 'A', 'C#', 'F#', 'A', 'C#', 'F#', 'A', 'C#', 'F#', 'A', 'C#', 'F#', 'A', 'C#', 'F#', 'A', 'C#', 'F#', 'A', 'C#', 'F#', 'A', 'C#', 'F#', 'A', 'C#', 'F#', 'A', 'C#', 'F#', 'A', 'C#', 'F#', 'A', 'C#', 'F#', 'A', 'C#', 'F#', 'A', 'C#', 'F#', 'A', 'C#', 'F#', 'A', 'C#', 'F#', 'A', 'C#', 'F#', 'A', 'C#', 'F#', 'A', 'C#', 'F#', 'A', 'C#', 'F#', 'A', 'C#', 'F#', 'A', 'C#']	0.0	0.0	0.0	0.0
21.75	3.0	8.0	['F#4', 'A4', 'C#5']	['m3', 'P5']	[False, False, False]	8.0	3.0	11.0	i	False	('F#', 'A', 'C#')	F#	F#	0.0	minor triad	(1, 6, 9)	f#	f#	1	None	False	['F#', 'A', 'C#', 'F#', 'A', 'C#', 'F#', 'A', 'C#', 'F#', 'A', 'C#', 'F#', 'A', 'C#', 'F#', 'A', 'C#', 'F#', 'A', 'C#', 'F#', 'A', 'C#', 'F#', 'A', 'C#', 'F#', 'A', 'C#', 'F#', 'A', 'C#', 'F#', 'A', 'C#', 'F#', 'A', 'C#', 'F#', 'A', 'C#', 'F#', 'A', 'C#', 'F#', 'A', 'C#', 'F#', 'A', 'C#', 'F#', 'A', 'C#', 'F#', 'A', 'C#', 'F#', 'A', 'C#', 'F#', 'A', 'C#', 'F#', 'A', 'C#', 'F#', 'A', 'C#', 'F#', 'A', 'C#']	0.0	0.0	0.0	0.0
21.875	3.0	8.0	['F#4', 'A4', 'C#5']	['m3', 'P5']	[False, False, False]	8.0	3.0	11.0	i	False	('F#', 'A', 'C#')	F#	F#	0.0	minor triad	(1, 6, 9)	f#	f#	1	None	False	['F#', 'A', 'C#', 'F#', 'A', 'C#', 'F#', 'A', 'C#', 'F#', 'A', 'C#', 'F#', 'A', 'C#', 'F#', 'A', 'C#', 'F#', 'A', 'C#', 'F#', 'A', 'C#', 'F#', 'A', 'C#', 'F#', 'A', 'C#', 'F#', 'A', 'C#', 'F#', 'A', 'C#', 'F#', 'A', 'C#', 'F#', 'A', 'C#', 'F#', 'A', 'C#', 'F#', 'A', 'C#', 'F#', 'A', 'C#', 'F#', 'A', 'C#', 'F#', 'A', 'C#', 'F#', 'A', 'C#', 'F#', 'A', 'C#', 'F#', 'A', 'C#', 'F#', 'A', 'C#', 'F#', 'A', 'C#']	0.0	0.0	0.0	0.0
22.0	3.0	8.0	['F#4', 'A4', 'C#5']	['m3', 'P5']	[False, False, False]	8.0	3.0	11.0	i	False	('F#', 'A', 'C#')	F#	F#	0.0	minor triad	(1, 6, 9)	f#	f#	1	None	False	['F#', 'A', 'C#', 'F#', 'A', 'C#', 'F#', 'A', 'C#', 'F#', 'A', 'C#', 'F#', 'A', 'C#', 'F#', 'A', 'C#', 'F#', 'A', 'C#', 'F#', 'A', 'C#', 'F#', 'A', 'C#', 'F#', 'A', 'C#', 'F#', 'A', 'C#', 'F#', 'A', 'C#', 'F#', 'A', 'C#', 'F#', 'A', 'C#', 'F#', 'A', 'C#', 'F#', 'A', 'C#', 'F#', 'A', 'C#', 'F#', 'A', 'C#', 'F#', 'A', 'C#', 'F#', 'A', 'C#', 'F#', 'A', 'C#', 'F#', 'A', 'C#', 'F#', 'A', 'C#', 'F#', 'A', 'C#']	0.0	0.0	0.0	0.0
22.125	3.0	8.0	['F#4', 'A4', 'C#5']	['m3', 'P5']	[False, False, False]	8.0	3.0	11.0	i	False	('F#', 'A', 'C#')	F#	F#	0.0	minor triad	(1, 6, 9)	f#	f#	1	None	False	['F#', 'A', 'C#', 'F#', 'A', 'C#', 'F#', 'A', 'C#', 'F#', 'A', 'C#', 'F#', 'A', 'C#', 'F#', 'A', 'C#', 'F#', 'A', 'C#', 'F#', 'A', 'C#', 'F#', 'A', 'C#', 'F#', 'A', 'C#', 'F#', 'A', 'C#', 'F#', 'A', 'C#', 'F#', 'A', 'C#', 'F#', 'A', 'C#', 'F#', 'A', 'C#', 'F#', 'A', 'C#', 'F#', 'A', 'C#', 'F#', 'A', 'C#', 'F#', 'A', 'C#', 'F#', 'A', 'C#', 'F#', 'A', 'C#', 'F#', 'A', 'C#', 'F#', 'A', 'C#', 'F#', 'A', 'C#']	0.0	0.0	0.0	0.0
22.25	3.0	8.0	['F#4', 'A4', 'C#5']	['m3', 'P5']	[False, False, False]	8.0	3.0	11.0	i	False	('F#', 'A', 'C#')	F#	F#	0.0	minor triad	(1, 6, 9)	f#	f#	1	None	False	['F#', 'A', 'C#', 'F#', 'A', 'C#', 'F#', 'A', 'C#', 'F#', 'A', 'C#', 'F#', 'A', 'C#', 'F#', 'A', 'C#', 'F#', 'A', 'C#', 'F#', 'A', 'C#', 'F#', 'A', 'C#', 'F#', 'A', 'C#', 'F#', 'A', 'C#', 'F#', 'A', 'C#', 'F#', 'A', 'C#', 'F#', 'A', 'C#', 'F#', 'A', 'C#', 'F#', 'A', 'C#', 'F#', 'A', 'C#', 'F#', 'A', 'C#', 'F#', 'A', 'C#', 'F#', 'A', 'C#', 'F#', 'A', 'C#', 'F#', 'A', 'C#', 'F#', 'A', 'C#', 'F#', 'A', 'C#']	0.0	0.0	0.0	0.0
22.375	3.0	8.0	['F#4', 'A4', 'C#5']	['m3', 'P5']	[False, False, False]	8.0	3.0	11.0	i	False	('F#', 'A', 'C#')	F#	F#	0.0	minor triad	(1, 6, 9)	f#	f#	1	None	False	['F#', 'A', 'C#', 'F#', 'A', 'C#', 'F#', 'A', 'C#', 'F#', 'A', 'C#', 'F#', 'A', 'C#', 'F#', 'A', 'C#', 'F#', 'A', 'C#', 'F#', 'A', 'C#', 'F#', 'A', 'C#', 'F#', 'A', 'C#', 'F#', 'A', 'C#', 'F#', 'A', 'C#', 'F#', 'A', 'C#', 'F#', 'A', 'C#', 'F#', 'A', 'C#', 'F#', 'A', 'C#', 'F#', 'A', 'C#', 'F#', 'A', 'C#', 'F#', 'A', 'C#', 'F#', 'A', 'C#', 'F#', 'A', 'C#', 'F#', 'A', 'C#', 'F#', 'A', 'C#', 'F#', 'A', 'C#']	0.0	0.0	0.0	0.0
22.5	3.0	8.0	['F#4', 'A4', 'C#5']	['m3', 'P5']	[False, False, False]	8.0	3.0	11.0	i	False	('F#', 'A', 'C#')	F#	F#	0.0	minor triad	(1, 6, 9)	f#	f#	1	None	False	['F#', 'A', 'C#', 'F#', 'A', 'C#', 'F#', 'A', 'C#', 'F#', 'A', 'C#', 'F#', 'A', 'C#', 'F#', 'A', 'C#', 'F#', 'A', 'C#', 'F#', 'A', 'C#', 'F#', 'A', 'C#', 'F#', 'A', 'C#', 'F#', 'A', 'C#', 'F#', 'A', 'C#', 'F#', 'A', 'C#', 'F#', 'A', 'C#', 'F#', 'A', 'C#', 'F#', 'A', 'C#', 'F#', 'A', 'C#', 'F#', 'A', 'C#', 'F#', 'A', 'C#', 'F#', 'A', 'C#', 'F#', 'A', 'C#', 'F#', 'A', 'C#', 'F#', 'A', 'C#', 'F#', 'A', 'C#']	0.0	0.0	0.0	0.0
22.625	3.0	8.0	['F#4', 'A4', 'C#5']	['m3', 'P5']	[False, False, False]	8.0	3.0	11.0	i	False	('F#', 'A', 'C#')	F#	F#	0.0	minor triad	(1, 6, 9)	f#	f#	1	None	False	['F#', 'A', 'C#', 'F#', 'A', 'C#', 'F#', 'A', 'C#', 'F#', 'A', 'C#', 'F#', 'A', 'C#', 'F#', 'A', 'C#', 'F#', 'A', 'C#', 'F#', 'A', 'C#', 'F#', 'A', 'C#', 'F#', 'A', 'C#', 'F#', 'A', 'C#', 'F#', 'A', 'C#', 'F#', 'A', 'C#', 'F#', 'A', 'C#', 'F#', 'A', 'C#', 'F#', 'A', 'C#', 'F#', 'A', 'C#', 'F#', 'A', 'C#', 'F#', 'A', 'C#', 'F#', 'A', 'C#', 'F#', 'A', 'C#', 'F#', 'A', 'C#', 'F#', 'A', 'C#', 'F#', 'A', 'C#']	0.0	0.0	0.0	0.0
22.75	3.0	8.0	['F#4', 'A4', 'C#5']	['m3', 'P5']	[False, False, False]	8.0	3.0	11.0	i	False	('F#', 'A', 'C#')	F#	F#	0.0	minor triad	(1, 6, 9)	f#	f#	1	None	False	['F#', 'A', 'C#', 'F#', 'A', 'C#', 'F#', 'A', 'C#', 'F#', 'A', 'C#', 'F#', 'A', 'C#', 'F#', 'A', 'C#', 'F#', 'A', 'C#', 'F#', 'A', 'C#', 'F#', 'A', 'C#', 'F#', 'A', 'C#', 'F#', 'A', 'C#', 'F#', 'A', 'C#', 'F#', 'A', 'C#', 'F#', 'A', 'C#', 'F#', 'A', 'C#', 'F#', 'A', 'C#', 'F#', 'A', 'C#', 'F#', 'A', 'C#', 'F#', 'A', 'C#', 'F#', 'A', 'C#', 'F#', 'A', 'C#', 'F#', 'A', 'C#', 'F#', 'A', 'C#', 'F#', 'A', 'C#']	0.0	0.0	0.0	0.0
22.875	3.0	8.0	['F#4', 'A4', 'C#5']	['m3', 'P5']	[False, False, False]	8.0	3.0	11.0	i	False	('F#', 'A', 'C#')	F#	F#	0.0	minor triad	(1, 6, 9)	f#	f#	1	None	False	['F#', 'A', 'C#', 'F#', 'A', 'C#', 'F#', 'A', 'C#', 'F#', 'A', 'C#', 'F#', 'A', 'C#', 'F#', 'A', 'C#', 'F#', 'A', 'C#', 'F#', 'A', 'C#', 'F#', 'A', 'C#', 'F#', 'A', 'C#', 'F#', 'A', 'C#', 'F#', 'A', 'C#', 'F#', 'A', 'C#', 'F#', 'A', 'C#', 'F#', 'A', 'C#', 'F#', 'A', 'C#', 'F#', 'A', 'C#', 'F#', 'A', 'C#', 'F#', 'A', 'C#', 'F#', 'A', 'C#', 'F#', 'A', 'C#', 'F#', 'A', 'C#', 'F#', 'A', 'C#', 'F#', 'A', 'C#']	0.0	0.0	0.0	0.0
23.0	3.0	8.0	['F#4', 'A4', 'C#5']	['m3', 'P5']	[False, False, False]	8.0	3.0	11.0	i	False	('F#', 'A', 'C#')	F#	F#	0.0	minor triad	(1, 6, 9)	f#	f#	1	None	False	['F#', 'A', 'C#', 'F#', 'A', 'C#', 'F#', 'A', 'C#', 'F#', 'A', 'C#', 'F#', 'A', 'C#', 'F#', 'A', 'C#', 'F#', 'A', 'C#', 'F#', 'A', 'C#', 'F#', 'A', 'C#', 'F#', 'A', 'C#', 'F#', 'A', 'C#', 'F#', 'A', 'C#', 'F#', 'A', 'C#', 'F#', 'A', 'C#', 'F#', 'A', 'C#', 'F#', 'A', 'C#', 'F#', 'A', 'C#', 'F#', 'A', 'C#', 'F#', 'A', 'C#', 'F#', 'A', 'C#', 'F#', 'A', 'C#', 'F#', 'A', 'C#', 'F#', 'A', 'C#', 'F#', 'A', 'C#']	0.0	0.0	0.0	0.0
23.125	3.0	8.0	['F#4', 'A4', 'C#5']	['m3', 'P5']	[False, False, False]	8.0	3.0	11.0	i	False	('F#', 'A', 'C#')	F#	F#	0.0	minor triad	(1, 6, 9)	f#	f#	1	None	False	['F#', 'A', 'C#', 'F#', 'A', 'C#', 'F#', 'A', 'C#', 'F#', 'A', 'C#', 'F#', 'A', 'C#', 'F#', 'A', 'C#', 'F#', 'A', 'C#', 'F#', 'A', 'C#', 'F#', 'A', 'C#', 'F#', 'A', 'C#', 'F#', 'A', 'C#', 'F#', 'A', 'C#', 'F#', 'A', 'C#', 'F#', 'A', 'C#', 'F#', 'A', 'C#', 'F#', 'A', 'C#', 'F#', 'A', 'C#', 'F#', 'A', 'C#', 'F#', 'A', 'C#', 'F#', 'A', 'C#', 'F#', 'A', 'C#', 'F#', 'A', 'C#', 'F#', 'A', 'C#', 'F#', 'A', 'C#']	0.0	0.0	0.0	0.0
23.25	3.0	8.0	['F#4', 'A4', 'C#5']	['m3', 'P5']	[False, False, False]	8.0	3.0	11.0	i	False	('F#', 'A', 'C#')	F#	F#	0.0	minor triad	(1, 6, 9)	f#	f#	1	None	False	['F#', 'A', 'C#', 'F#', 'A', 'C#', 'F#', 'A', 'C#', 'F#', 'A', 'C#', 'F#', 'A', 'C#', 'F#', 'A', 'C#', 'F#', 'A', 'C#', 'F#', 'A', 'C#', 'F#', 'A', 'C#', 'F#', 'A', 'C#', 'F#', 'A', 'C#', 'F#', 'A', 'C#', 'F#', 'A', 'C#', 'F#', 'A', 'C#', 'F#', 'A', 'C#', 'F#', 'A', 'C#', 'F#', 'A', 'C#', 'F#', 'A', 'C#', 'F#', 'A', 'C#', 'F#', 'A', 'C#', 'F#', 'A', 'C#', 'F#', 'A', 'C#', 'F#', 'A', 'C#', 'F#', 'A', 'C#']	0.0	0.0	0.0	0.0
23.375	3.0	8.0	['F#4', 'A4', 'C#5']	['m3', 'P5']	[False, False, False]	8.0	3.0	11.0	i	False	('F#', 'A', 'C#')	F#	F#	0.0	minor triad	(1, 6, 9)	f#	f#	1	None	False	['F#', 'A', 'C#', 'F#', 'A', 'C#', 'F#', 'A', 'C#', 'F#', 'A', 'C#', 'F#', 'A', 'C#', 'F#', 'A', 'C#', 'F#', 'A', 'C#', 'F#', 'A', 'C#', 'F#', 'A', 'C#', 'F#', 'A', 'C#', 'F#', 'A', 'C#', 'F#', 'A', 'C#', 'F#', 'A', 'C#', 'F#', 'A', 'C#', 'F#', 'A', 'C#', 'F#', 'A', 'C#', 'F#', 'A', 'C#', 'F#', 'A', 'C#', 'F#', 'A', 'C#', 'F#', 'A', 'C#', 'F#', 'A', 'C#', 'F#', 'A', 'C#', 'F#', 'A', 'C#', 'F#', 'A', 'C#']	0.0	0.0	0.0	0.0
23.5	3.0	8.0	['F#4', 'A4', 'C#5']	['m3', 'P5']	[False, False, False]	8.0	3.0	11.0	i	False	('F#', 'A', 'C#')	F#	F#	0.0	minor triad	(1, 6, 9)	f#	f#	1	None	False	['F#', 'A', 'C#', 'F#', 'A', 'C#', 'F#', 'A', 'C#', 'F#', 'A', 'C#', 'F#', 'A', 'C#', 'F#', 'A', 'C#', 'F#', 'A', 'C#', 'F#', 'A', 'C#', 'F#', 'A', 'C#', 'F#', 'A', 'C#', 'F#', 'A', 'C#', 'F#', 'A', 'C#', 'F#', 'A', 'C#', 'F#', 'A', 'C#', 'F#', 'A', 'C#', 'F#', 'A', 'C#', 'F#', 'A', 'C#', 'F#', 'A', 'C#', 'F#', 'A', 'C#', 'F#', 'A', 'C#', 'F#', 'A', 'C#', 'F#', 'A', 'C#', 'F#', 'A', 'C#', 'F#', 'A', 'C#']	0.0	0.0	0.0	0.0
23.625	3.0	8.0	['F#4', 'A4', 'C#5']	['m3', 'P5']	[False, False, False]	8.0	3.0	11.0	i	False	('F#', 'A', 'C#')	F#	F#	0.0	minor triad	(1, 6, 9)	f#	f#	1	None	False	['F#', 'A', 'C#', 'F#', 'A', 'C#', 'F#', 'A', 'C#', 'F#', 'A', 'C#', 'F#', 'A', 'C#', 'F#', 'A', 'C#', 'F#', 'A', 'C#', 'F#', 'A', 'C#', 'F#', 'A', 'C#', 'F#', 'A', 'C#', 'F#', 'A', 'C#', 'F#', 'A', 'C#', 'F#', 'A', 'C#', 'F#', 'A', 'C#', 'F#', 'A', 'C#', 'F#', 'A', 'C#', 'F#', 'A', 'C#', 'F#', 'A', 'C#', 'F#', 'A', 'C#', 'F#', 'A', 'C#', 'F#', 'A', 'C#', 'F#', 'A', 'C#', 'F#', 'A', 'C#', 'F#', 'A', 'C#']	0.0	0.0	0.0	0.0
23.75	3.0	8.0	['F#4', 'A4', 'C#5']	['m3', 'P5']	[False, False, False]	8.0	3.0	11.0	i	False	('F#', 'A', 'C#')	F#	F#	0.0	minor triad	(1, 6, 9)	f#	f#	1	None	False	['F#', 'A', 'C#', 'F#', 'A', 'C#', 'F#', 'A', 'C#', 'F#', 'A', 'C#', 'F#', 'A', 'C#', 'F#', 'A', 'C#', 'F#', 'A', 'C#', 'F#', 'A', 'C#', 'F#', 'A', 'C#', 'F#', 'A', 'C#', 'F#', 'A', 'C#', 'F#', 'A', 'C#', 'F#', 'A', 'C#', 'F#', 'A', 'C#', 'F#', 'A', 'C#', 'F#', 'A', 'C#', 'F#', 'A', 'C#', 'F#', 'A', 'C#', 'F#', 'A', 'C#', 'F#', 'A', 'C#', 'F#', 'A', 'C#', 'F#', 'A', 'C#', 'F#', 'A', 'C#', 'F#', 'A', 'C#']	0.0	0.0	0.0	0.0
23.875	3.0	8.0	['F#4', 'A4', 'C#5']	['m3', 'P5']	[False, False, False]	8.0	3.0	11.0	i	False	('F#', 'A', 'C#')	F#	F#	0.0	minor triad	(1, 6, 9)	f#	f#	1	None	False	['F#', 'A', 'C#', 'F#', 'A', 'C#', 'F#', 'A', 'C#', 'F#', 'A', 'C#', 'F#', 'A', 'C#', 'F#', 'A', 'C#', 'F#', 'A', 'C#', 'F#', 'A', 'C#', 'F#', 'A', 'C#', 'F#', 'A', 'C#', 'F#', 'A', 'C#', 'F#', 'A', 'C#', 'F#', 'A', 'C#', 'F#', 'A', 'C#', 'F#', 'A', 'C#', 'F#', 'A', 'C#', 'F#', 'A', 'C#', 'F#', 'A', 'C#', 'F#', 'A', 'C#', 'F#', 'A', 'C#', 'F#', 'A', 'C#', 'F#', 'A', 'C#', 'F#', 'A', 'C#', 'F#', 'A', 'C#']	0.0	0.0	0.0	0.0
24.0	3.0	9.0	['F#4', 'A4', 'C#5']	['m3', 'P5']	[True, True, True]	9.0	3.0	12.0	i	True	('F#', 'A', 'C#')	F#	F#	0.0	minor triad	(1, 6, 9)	f#	f#	1	None	False	['F#', 'A', 'C#', 'F#', 'A', 'C#', 'F#', 'A', 'C#', 'F#', 'A', 'C#', 'F#', 'A', 'C#', 'F#', 'A', 'C#', 'F#', 'A', 'C#', 'F#', 'A', 'C#', 'F#', 'A', 'C#', 'F#', 'A', 'C#', 'F#', 'A', 'C#', 'F#', 'A', 'C#', 'F#', 'A', 'C#', 'F#', 'A', 'C#', 'F#', 'A', 'C#', 'F#', 'A', 'C#', 'F#', 'A', 'C#', 'F#', 'A', 'C#', 'F#', 'A', 'C#', 'F#', 'A', 'C#', 'F#', 'A', 'C#', 'F#', 'A', 'C#', 'F#', 'A', 'C#', 'F#', 'A', 'C#']	0.0	0.0	0.0	0.0
24.125	3.0	9.0	['F#4', 'A4', 'C#5']	['m3', 'P5']	[False, False, False]	9.0	3.0	12.0	i	False	('F#', 'A', 'C#')	F#	F#	0.0	minor triad	(1, 6, 9)	f#	f#	1	None	False	['F#', 'A', 'C#', 'F#', 'A', 'C#', 'F#', 'A', 'C#', 'F#', 'A', 'C#', 'F#', 'A', 'C#', 'F#', 'A', 'C#', 'F#', 'A', 'C#', 'F#', 'A', 'C#', 'F#', 'A', 'C#', 'F#', 'A', 'C#', 'F#', 'A', 'C#', 'F#', 'A', 'C#', 'F#', 'A', 'C#', 'F#', 'A', 'C#', 'F#', 'A', 'C#', 'F#', 'A', 'C#', 'F#', 'A', 'C#', 'F#', 'A', 'C#', 'F#', 'A', 'C#', 'F#', 'A', 'C#', 'F#', 'A', 'C#', 'F#', 'A', 'C#', 'F#', 'A', 'C#', 'F#', 'A', 'C#']	0.0	0.0	0.0	0.0
24.25	3.0	9.0	['F#4', 'A4', 'C#5']	['m3', 'P5']	[False, False, False]	9.0	3.0	12.0	i	False	('F#', 'A', 'C#')	F#	F#	0.0	minor triad	(1, 6, 9)	f#	f#	1	None	False	['F#', 'A', 'C#', 'F#', 'A', 'C#', 'F#', 'A', 'C#', 'F#', 'A', 'C#', 'F#', 'A', 'C#', 'F#', 'A', 'C#', 'F#', 'A', 'C#', 'F#', 'A', 'C#', 'F#', 'A', 'C#', 'F#', 'A', 'C#', 'F#', 'A', 'C#', 'F#', 'A', 'C#', 'F#', 'A', 'C#', 'F#', 'A', 'C#', 'F#', 'A', 'C#', 'F#', 'A', 'C#', 'F#', 'A', 'C#', 'F#', 'A', 'C#', 'F#', 'A', 'C#', 'F#', 'A', 'C#', 'F#', 'A', 'C#', 'F#', 'A', 'C#', 'F#', 'A', 'C#', 'F#', 'A', 'C#']	0.0	0.0	0.0	0.0
24.375	3.0	9.0	['F#4', 'A4', 'C#5']	['m3', 'P5']	[False, False, False]	9.0	3.0	12.0	i	False	('F#', 'A', 'C#')	F#	F#	0.0	minor triad	(1, 6, 9)	f#	f#	1	None	False	['F#', 'A', 'C#', 'F#', 'A', 'C#', 'F#', 'A', 'C#', 'F#', 'A', 'C#', 'F#', 'A', 'C#', 'F#', 'A', 'C#', 'F#', 'A', 'C#', 'F#', 'A', 'C#', 'F#', 'A', 'C#', 'F#', 'A', 'C#', 'F#', 'A', 'C#', 'F#', 'A', 'C#', 'F#', 'A', 'C#', 'F#', 'A', 'C#', 'F#', 'A', 'C#', 'F#', 'A', 'C#', 'F#', 'A', 'C#', 'F#', 'A', 'C#', 'F#', 'A', 'C#', 'F#', 'A', 'C#', 'F#', 'A', 'C#', 'F#', 'A', 'C#', 'F#', 'A', 'C#', 'F#', 'A', 'C#']	0.0	0.0	0.0	0.0
24.5	3.0	9.0	['F#4', 'A4', 'C#5']	['m3', 'P5']	[False, False, False]	9.0	3.0	12.0	i	False	('F#', 'A', 'C#')	F#	F#	0.0	minor triad	(1, 6, 9)	f#	f#	1	None	False	['F#', 'A', 'C#', 'F#', 'A', 'C#', 'F#', 'A', 'C#', 'F#', 'A', 'C#', 'F#', 'A', 'C#', 'F#', 'A', 'C#', 'F#', 'A', 'C#', 'F#', 'A', 'C#', 'F#', 'A', 'C#', 'F#', 'A', 'C#', 'F#', 'A', 'C#', 'F#', 'A', 'C#', 'F#', 'A', 'C#', 'F#', 'A', 'C#', 'F#', 'A', 'C#', 'F#', 'A', 'C#', 'F#', 'A', 'C#', 'F#', 'A', 'C#', 'F#', 'A', 'C#', 'F#', 'A', 'C#', 'F#', 'A', 'C#', 'F#', 'A', 'C#', 'F#', 'A', 'C#', 'F#', 'A', 'C#']	0.0	0.0	0.0	0.0
24.625	3.0	9.0	['F#4', 'A4', 'C#5']	['m3', 'P5']	[False, False, False]	9.0	3.0	12.0	i	False	('F#', 'A', 'C#')	F#	F#	0.0	minor triad	(1, 6, 9)	f#	f#	1	None	False	['F#', 'A', 'C#', 'F#', 'A', 'C#', 'F#', 'A', 'C#', 'F#', 'A', 'C#', 'F#', 'A', 'C#', 'F#', 'A', 'C#', 'F#', 'A', 'C#', 'F#', 'A', 'C#', 'F#', 'A', 'C#', 'F#', 'A', 'C#', 'F#', 'A', 'C#', 'F#', 'A', 'C#', 'F#', 'A', 'C#', 'F#', 'A', 'C#', 'F#', 'A', 'C#', 'F#', 'A', 'C#', 'F#', 'A', 'C#', 'F#', 'A', 'C#', 'F#', 'A', 'C#', 'F#', 'A', 'C#', 'F#', 'A', 'C#', 'F#', 'A', 'C#', 'F#', 'A', 'C#', 'F#', 'A', 'C#']	0.0	0.0	0.0	0.0
24.75	3.0	9.0	['F#4', 'A4', 'C#5']	['m3', 'P5']	[False, False, False]	9.0	3.0	12.0	i	False	('F#', 'A', 'C#')	F#	F#	0.0	minor triad	(1, 6, 9)	f#	f#	1	None	False	['F#', 'A', 'C#', 'F#', 'A', 'C#', 'F#', 'A', 'C#', 'F#', 'A', 'C#', 'F#', 'A', 'C#', 'F#', 'A', 'C#', 'F#', 'A', 'C#', 'F#', 'A', 'C#', 'F#', 'A', 'C#', 'F#', 'A', 'C#', 'F#', 'A', 'C#', 'F#', 'A', 'C#', 'F#', 'A', 'C#', 'F#', 'A', 'C#', 'F#', 'A', 'C#', 'F#', 'A', 'C#', 'F#', 'A', 'C#', 'F#', 'A', 'C#', 'F#', 'A', 'C#', 'F#', 'A', 'C#', 'F#', 'A', 'C#', 'F#', 'A', 'C#', 'F#', 'A', 'C#', 'F#', 'A', 'C#']	0.0	0.0	0.0	0.0
24.875	3.0	9.0	['F#4', 'A4', 'C#5']	['m3', 'P5']	[False, False, False]	9.0	3.0	12.0	i	False	('F#', 'A', 'C#')	F#	F#	0.0	minor triad	(1, 6, 9)	f#	f#	1	None	False	['F#', 'A', 'C#', 'F#', 'A', 'C#', 'F#', 'A', 'C#', 'F#', 'A', 'C#', 'F#', 'A', 'C#', 'F#', 'A', 'C#', 'F#', 'A', 'C#', 'F#', 'A', 'C#', 'F#', 'A', 'C#', 'F#', 'A', 'C#', 'F#', 'A', 'C#', 'F#', 'A', 'C#', 'F#', 'A', 'C#', 'F#', 'A', 'C#', 'F#', 'A', 'C#', 'F#', 'A', 'C#', 'F#', 'A', 'C#', 'F#', 'A', 'C#', 'F#', 'A', 'C#', 'F#', 'A', 'C#', 'F#', 'A', 'C#', 'F#', 'A', 'C#', 'F#', 'A', 'C#', 'F#', 'A', 'C#']	0.0	0.0	0.0	0.0
25.0	3.0	9.0	['F#4', 'A4', 'C#5']	['m3', 'P5']	[False, False, False]	9.0	3.0	12.0	i	False	('F#', 'A', 'C#')	F#	F#	0.0	minor triad	(1, 6, 9)	f#	f#	1	None	False	['F#', 'A', 'C#', 'F#', 'A', 'C#', 'F#', 'A', 'C#', 'F#', 'A', 'C#', 'F#', 'A', 'C#', 'F#', 'A', 'C#', 'F#', 'A', 'C#', 'F#', 'A', 'C#', 'F#', 'A', 'C#', 'F#', 'A', 'C#', 'F#', 'A', 'C#', 'F#', 'A', 'C#', 'F#', 'A', 'C#', 'F#', 'A', 'C#', 'F#', 'A', 'C#', 'F#', 'A', 'C#', 'F#', 'A', 'C#', 'F#', 'A', 'C#', 'F#', 'A', 'C#', 'F#', 'A', 'C#', 'F#', 'A', 'C#', 'F#', 'A', 'C#', 'F#', 'A', 'C#', 'F#', 'A', 'C#']	0.0	0.0	0.0	0.0
25.125	3.0	9.0	['F#4', 'A4', 'C#5']	['m3', 'P5']	[False, False, False]	9.0	3.0	12.0	i	False	('F#', 'A', 'C#')	F#	F#	0.0	minor triad	(1, 6, 9)	f#	f#	1	None	False	['F#', 'A', 'C#', 'F#', 'A', 'C#', 'F#', 'A', 'C#', 'F#', 'A', 'C#', 'F#', 'A', 'C#', 'F#', 'A', 'C#', 'F#', 'A', 'C#', 'F#', 'A', 'C#', 'F#', 'A', 'C#', 'F#', 'A', 'C#', 'F#', 'A', 'C#', 'F#', 'A', 'C#', 'F#', 'A', 'C#', 'F#', 'A', 'C#', 'F#', 'A', 'C#', 'F#', 'A', 'C#', 'F#', 'A', 'C#', 'F#', 'A', 'C#', 'F#', 'A', 'C#', 'F#', 'A', 'C#', 'F#', 'A', 'C#', 'F#', 'A', 'C#', 'F#', 'A', 'C#', 'F#', 'A', 'C#']	0.0	0.0	0.0	0.0
25.25	3.0	9.0	['F#4', 'A4', 'C#5']	['m3', 'P5']	[False, False, False]	9.0	3.0	12.0	i	False	('F#', 'A', 'C#')	F#	F#	0.0	minor triad	(1, 6, 9)	f#	f#	1	None	False	['F#', 'A', 'C#', 'F#', 'A', 'C#', 'F#', 'A', 'C#', 'F#', 'A', 'C#', 'F#', 'A', 'C#', 'F#', 'A', 'C#', 'F#', 'A', 'C#', 'F#', 'A', 'C#', 'F#', 'A', 'C#', 'F#', 'A', 'C#', 'F#', 'A', 'C#', 'F#', 'A', 'C#', 'F#', 'A', 'C#', 'F#', 'A', 'C#', 'F#', 'A', 'C#', 'F#', 'A', 'C#', 'F#', 'A', 'C#', 'F#', 'A', 'C#', 'F#', 'A', 'C#', 'F#', 'A', 'C#', 'F#', 'A', 'C#', 'F#', 'A', 'C#', 'F#', 'A', 'C#', 'F#', 'A', 'C#']	0.0	0.0	0.0	0.0
25.375	3.0	9.0	['F#4', 'A4', 'C#5']	['m3', 'P5']	[False, False, False]	9.0	3.0	12.0	i	False	('F#', 'A', 'C#')	F#	F#	0.0	minor triad	(1, 6, 9)	f#	f#	1	None	False	['F#', 'A', 'C#', 'F#', 'A', 'C#', 'F#', 'A', 'C#', 'F#', 'A', 'C#', 'F#', 'A', 'C#', 'F#', 'A', 'C#', 'F#', 'A', 'C#', 'F#', 'A', 'C#', 'F#', 'A', 'C#', 'F#', 'A', 'C#', 'F#', 'A', 'C#', 'F#', 'A', 'C#', 'F#', 'A', 'C#', 'F#', 'A', 'C#', 'F#', 'A', 'C#', 'F#', 'A', 'C#', 'F#', 'A', 'C#', 'F#', 'A', 'C#', 'F#', 'A', 'C#', 'F#', 'A', 'C#', 'F#', 'A', 'C#', 'F#', 'A', 'C#', 'F#', 'A', 'C#', 'F#', 'A', 'C#']	0.0	0.0	0.0	0.0
25.5	3.0	9.0	['F#4', 'A4', 'C#5']	['m3', 'P5']	[False, False, False]	9.0	3.0	12.0	i	False	('F#', 'A', 'C#')	F#	F#	0.0	minor triad	(1, 6, 9)	f#	f#	1	None	False	['F#', 'A', 'C#', 'F#', 'A', 'C#', 'F#', 'A', 'C#', 'F#', 'A', 'C#', 'F#', 'A', 'C#', 'F#', 'A', 'C#', 'F#', 'A', 'C#', 'F#', 'A', 'C#', 'F#', 'A', 'C#', 'F#', 'A', 'C#', 'F#', 'A', 'C#', 'F#', 'A', 'C#', 'F#', 'A', 'C#', 'F#', 'A', 'C#', 'F#', 'A', 'C#', 'F#', 'A', 'C#', 'F#', 'A', 'C#', 'F#', 'A', 'C#', 'F#', 'A', 'C#', 'F#', 'A', 'C#', 'F#', 'A', 'C#', 'F#', 'A', 'C#', 'F#', 'A', 'C#', 'F#', 'A', 'C#']	0.0	0.0	0.0	0.0
25.625	3.0	9.0	['F#4', 'A4', 'C#5']	['m3', 'P5']	[False, False, False]	9.0	3.0	12.0	i	False	('F#', 'A', 'C#')	F#	F#	0.0	minor triad	(1, 6, 9)	f#	f#	1	None	False	['F#', 'A', 'C#', 'F#', 'A', 'C#', 'F#', 'A', 'C#', 'F#', 'A', 'C#', 'F#', 'A', 'C#', 'F#', 'A', 'C#', 'F#', 'A', 'C#', 'F#', 'A', 'C#', 'F#', 'A', 'C#', 'F#', 'A', 'C#', 'F#', 'A', 'C#', 'F#', 'A', 'C#', 'F#', 'A', 'C#', 'F#', 'A', 'C#', 'F#', 'A', 'C#', 'F#', 'A', 'C#', 'F#', 'A', 'C#', 'F#', 'A', 'C#', 'F#', 'A', 'C#', 'F#', 'A', 'C#', 'F#', 'A', 'C#', 'F#', 'A', 'C#', 'F#', 'A', 'C#', 'F#', 'A', 'C#']	0.0	0.0	0.0	0.0
25.75	3.0	9.0	['F#4', 'A4', 'C#5']	['m3', 'P5']	[False, False, False]	9.0	3.0	12.0	i	False	('F#', 'A', 'C#')	F#	F#	0.0	minor triad	(1, 6, 9)	f#	f#	1	None	False	['F#', 'A', 'C#', 'F#', 'A', 'C#', 'F#', 'A', 'C#', 'F#', 'A', 'C#', 'F#', 'A', 'C#', 'F#', 'A', 'C#', 'F#', 'A', 'C#', 'F#', 'A', 'C#', 'F#', 'A', 'C#', 'F#', 'A', 'C#', 'F#', 'A', 'C#', 'F#', 'A', 'C#', 'F#', 'A', 'C#', 'F#', 'A', 'C#', 'F#', 'A', 'C#', 'F#', 'A', 'C#', 'F#', 'A', 'C#', 'F#', 'A', 'C#', 'F#', 'A', 'C#', 'F#', 'A', 'C#', 'F#', 'A', 'C#', 'F#', 'A', 'C#', 'F#', 'A', 'C#', 'F#', 'A', 'C#']	0.0	0.0	0.0	0.0
25.875	3.0	9.0	['F#4', 'A4', 'C#5']	['m3', 'P5']	[False, False, False]	9.0	3.0	12.0	i	False	('F#', 'A', 'C#')	F#	F#	0.0	minor triad	(1, 6, 9)	f#	f#	1	None	False	['F#', 'A', 'C#', 'F#', 'A', 'C#', 'F#', 'A', 'C#', 'F#', 'A', 'C#', 'F#', 'A', 'C#', 'F#', 'A', 'C#', 'F#', 'A', 'C#', 'F#', 'A', 'C#', 'F#', 'A', 'C#', 'F#', 'A', 'C#', 'F#', 'A', 'C#', 'F#', 'A', 'C#', 'F#', 'A', 'C#', 'F#', 'A', 'C#', 'F#', 'A', 'C#', 'F#', 'A', 'C#', 'F#', 'A', 'C#', 'F#', 'A', 'C#', 'F#', 'A', 'C#', 'F#', 'A', 'C#', 'F#', 'A', 'C#', 'F#', 'A', 'C#', 'F#', 'A', 'C#', 'F#', 'A', 'C#']	0.0	0.0	0.0	0.0
26.0	3.0	9.0	['F#4', 'A4', 'C#5']	['m3', 'P5']	[False, False, False]	9.0	3.0	12.0	i	False	('F#', 'A', 'C#')	F#	F#	0.0	minor triad	(1, 6, 9)	f#	f#	1	None	False	['F#', 'A', 'C#', 'F#', 'A', 'C#', 'F#', 'A', 'C#', 'F#', 'A', 'C#', 'F#', 'A', 'C#', 'F#', 'A', 'C#', 'F#', 'A', 'C#', 'F#', 'A', 'C#', 'F#', 'A', 'C#', 'F#', 'A', 'C#', 'F#', 'A', 'C#', 'F#', 'A', 'C#', 'F#', 'A', 'C#', 'F#', 'A', 'C#', 'F#', 'A', 'C#', 'F#', 'A', 'C#', 'F#', 'A', 'C#', 'F#', 'A', 'C#', 'F#', 'A', 'C#', 'F#', 'A', 'C#', 'F#', 'A', 'C#', 'F#', 'A', 'C#', 'F#', 'A', 'C#', 'F#', 'A', 'C#']	0.0	0.0	0.0	0.0
26.125	3.0	9.0	['F#4', 'A4', 'C#5']	['m3', 'P5']	[False, False, False]	9.0	3.0	12.0	i	False	('F#', 'A', 'C#')	F#	F#	0.0	minor triad	(1, 6, 9)	f#	f#	1	None	False	['F#', 'A', 'C#', 'F#', 'A', 'C#', 'F#', 'A', 'C#', 'F#', 'A', 'C#', 'F#', 'A', 'C#', 'F#', 'A', 'C#', 'F#', 'A', 'C#', 'F#', 'A', 'C#', 'F#', 'A', 'C#', 'F#', 'A', 'C#', 'F#', 'A', 'C#', 'F#', 'A', 'C#', 'F#', 'A', 'C#', 'F#', 'A', 'C#', 'F#', 'A', 'C#', 'F#', 'A', 'C#', 'F#', 'A', 'C#', 'F#', 'A', 'C#', 'F#', 'A', 'C#', 'F#', 'A', 'C#', 'F#', 'A', 'C#', 'F#', 'A', 'C#', 'F#', 'A', 'C#', 'F#', 'A', 'C#']	0.0	0.0	0.0	0.0
26.25	3.0	9.0	['F#4', 'A4', 'C#5']	['m3', 'P5']	[False, False, False]	9.0	3.0	12.0	i	False	('F#', 'A', 'C#')	F#	F#	0.0	minor triad	(1, 6, 9)	f#	f#	1	None	False	['F#', 'A', 'C#', 'F#', 'A', 'C#', 'F#', 'A', 'C#', 'F#', 'A', 'C#', 'F#', 'A', 'C#', 'F#', 'A', 'C#', 'F#', 'A', 'C#', 'F#', 'A', 'C#', 'F#', 'A', 'C#', 'F#', 'A', 'C#', 'F#', 'A', 'C#', 'F#', 'A', 'C#', 'F#', 'A', 'C#', 'F#', 'A', 'C#', 'F#', 'A', 'C#', 'F#', 'A', 'C#', 'F#', 'A', 'C#', 'F#', 'A', 'C#', 'F#', 'A', 'C#', 'F#', 'A', 'C#', 'F#', 'A', 'C#', 'F#', 'A', 'C#', 'F#', 'A', 'C#', 'F#', 'A', 'C#']	0.0	0.0	0.0	0.0
26.375	3.0	9.0	['F#4', 'A4', 'C#5']	['m3', 'P5']	[False, False, False]	9.0	3.0	12.0	i	False	('F#', 'A', 'C#')	F#	F#	0.0	minor triad	(1, 6, 9)	f#	f#	1	None	False	['F#', 'A', 'C#', 'F#', 'A', 'C#', 'F#', 'A', 'C#', 'F#', 'A', 'C#', 'F#', 'A', 'C#', 'F#', 'A', 'C#', 'F#', 'A', 'C#', 'F#', 'A', 'C#', 'F#', 'A', 'C#', 'F#', 'A', 'C#', 'F#', 'A', 'C#', 'F#', 'A', 'C#', 'F#', 'A', 'C#', 'F#', 'A', 'C#', 'F#', 'A', 'C#', 'F#', 'A', 'C#', 'F#', 'A', 'C#', 'F#', 'A', 'C#', 'F#', 'A', 'C#', 'F#', 'A', 'C#', 'F#', 'A', 'C#', 'F#', 'A', 'C#', 'F#', 'A', 'C#', 'F#', 'A', 'C#']	0.0	0.0	0.0	0.0
26.5	3.0	9.0	['F#4', 'A4', 'C#5']	['m3', 'P5']	[False, False, False]	9.0	3.0	12.0	i	False	('F#', 'A', 'C#')	F#	F#	0.0	minor triad	(1, 6, 9)	f#	f#	1	None	False	['F#', 'A', 'C#', 'F#', 'A', 'C#', 'F#', 'A', 'C#', 'F#', 'A', 'C#', 'F#', 'A', 'C#', 'F#', 'A', 'C#', 'F#', 'A', 'C#', 'F#', 'A', 'C#', 'F#', 'A', 'C#', 'F#', 'A', 'C#', 'F#', 'A', 'C#', 'F#', 'A', 'C#', 'F#', 'A', 'C#', 'F#', 'A', 'C#', 'F#', 'A', 'C#', 'F#', 'A', 'C#', 'F#', 'A', 'C#', 'F#', 'A', 'C#', 'F#', 'A', 'C#', 'F#', 'A', 'C#', 'F#', 'A', 'C#', 'F#', 'A', 'C#', 'F#', 'A', 'C#', 'F#', 'A', 'C#']	0.0	0.0	0.0	0.0
26.625	3.0	9.0	['F#4', 'A4', 'C#5']	['m3', 'P5']	[False, False, False]	9.0	3.0	12.0	i	False	('F#', 'A', 'C#')	F#	F#	0.0	minor triad	(1, 6, 9)	f#	f#	1	None	False	['F#', 'A', 'C#', 'F#', 'A', 'C#', 'F#', 'A', 'C#', 'F#', 'A', 'C#', 'F#', 'A', 'C#', 'F#', 'A', 'C#', 'F#', 'A', 'C#', 'F#', 'A', 'C#', 'F#', 'A', 'C#', 'F#', 'A', 'C#', 'F#', 'A', 'C#', 'F#', 'A', 'C#', 'F#', 'A', 'C#', 'F#', 'A', 'C#', 'F#', 'A', 'C#', 'F#', 'A', 'C#', 'F#', 'A', 'C#', 'F#', 'A', 'C#', 'F#', 'A', 'C#', 'F#', 'A', 'C#', 'F#', 'A', 'C#', 'F#', 'A', 'C#', 'F#', 'A', 'C#', 'F#', 'A', 'C#']	0.0	0.0	0.0	0.0
26.75	3.0	9.0	['F#4', 'A4', 'C#5']	['m3', 'P5']	[False, False, False]	9.0	3.0	12.0	i	False	('F#', 'A', 'C#')	F#	F#	0.0	minor triad	(1, 6, 9)	f#	f#	1	None	False	['F#', 'A', 'C#', 'F#', 'A', 'C#', 'F#', 'A', 'C#', 'F#', 'A', 'C#', 'F#', 'A', 'C#', 'F#', 'A', 'C#', 'F#', 'A', 'C#', 'F#', 'A', 'C#', 'F#', 'A', 'C#', 'F#', 'A', 'C#', 'F#', 'A', 'C#', 'F#', 'A', 'C#', 'F#', 'A', 'C#', 'F#', 'A', 'C#', 'F#', 'A', 'C#', 'F#', 'A', 'C#', 'F#', 'A', 'C#', 'F#', 'A', 'C#', 'F#', 'A', 'C#', 'F#', 'A', 'C#', 'F#', 'A', 'C#', 'F#', 'A', 'C#', 'F#', 'A', 'C#', 'F#', 'A', 'C#']	0.0	0.0	0.0	0.0
26.875	3.0	9.0	['F#4', 'A4', 'C#5']	['m3', 'P5']	[False, False, False]	9.0	3.0	12.0	i	False	('F#', 'A', 'C#')	F#	F#	0.0	minor triad	(1, 6, 9)	f#	f#	1	None	False	['F#', 'A', 'C#', 'F#', 'A', 'C#', 'F#', 'A', 'C#', 'F#', 'A', 'C#', 'F#', 'A', 'C#', 'F#', 'A', 'C#', 'F#', 'A', 'C#', 'F#', 'A', 'C#', 'F#', 'A', 'C#', 'F#', 'A', 'C#', 'F#', 'A', 'C#', 'F#', 'A', 'C#', 'F#', 'A', 'C#', 'F#', 'A', 'C#', 'F#', 'A', 'C#', 'F#', 'A', 'C#', 'F#', 'A', 'C#', 'F#', 'A', 'C#', 'F#', 'A', 'C#', 'F#', 'A', 'C#', 'F#', 'A', 'C#', 'F#', 'A', 'C#', 'F#', 'A', 'C#', 'F#', 'A', 'C#']	0.0	0.0	0.0	0.0
27.0	3.0	10.0	['F#4', 'A4', 'C#5']	['m3', 'P5']	[True, True, True]	10.0	3.0	13.0	i	True	('F#', 'A', 'C#')	F#	F#	0.0	minor triad	(1, 6, 9)	f#	f#	1	None	False	['F#', 'A', 'C#', 'F#', 'A', 'C#', 'F#', 'A', 'C#', 'F#', 'A', 'C#', 'F#', 'A', 'C#', 'F#', 'A', 'C#', 'F#', 'A', 'C#', 'F#', 'A', 'C#', 'F#', 'A', 'C#', 'F#', 'A', 'C#', 'F#', 'A', 'C#', 'F#', 'A', 'C#', 'F#', 'A', 'C#', 'F#', 'A', 'C#', 'F#', 'A', 'C#', 'F#', 'A', 'C#', 'F#', 'A', 'C#', 'F#', 'A', 'C#', 'F#', 'A', 'C#', 'F#', 'A', 'C#', 'F#', 'A', 'C#', 'F#', 'A', 'C#', 'F#', 'A', 'C#', 'F#', 'A', 'C#']	0.0	0.0	0.0	0.0
27.125	3.0	10.0	['F#4', 'A4', 'C#5']	['m3', 'P5']	[False, False, False]	10.0	3.0	13.0	i	False	('F#', 'A', 'C#')	F#	F#	0.0	minor triad	(1, 6, 9)	f#	f#	1	None	False	['F#', 'A', 'C#', 'F#', 'A', 'C#', 'F#', 'A', 'C#', 'F#', 'A', 'C#', 'F#', 'A', 'C#', 'F#', 'A', 'C#', 'F#', 'A', 'C#', 'F#', 'A', 'C#', 'F#', 'A', 'C#', 'F#', 'A', 'C#', 'F#', 'A', 'C#', 'F#', 'A', 'C#', 'F#', 'A', 'C#', 'F#', 'A', 'C#', 'F#', 'A', 'C#', 'F#', 'A', 'C#', 'F#', 'A', 'C#', 'F#', 'A', 'C#', 'F#', 'A', 'C#', 'F#', 'A', 'C#', 'F#', 'A', 'C#', 'F#', 'A', 'C#', 'F#', 'A', 'C#', 'F#', 'A', 'C#']	0.0	0.0	0.0	0.0
27.25	3.0	10.0	['F#4', 'A4', 'C#5']	['m3', 'P5']	[False, False, False]	10.0	3.0	13.0	i	False	('F#', 'A', 'C#')	F#	F#	0.0	minor triad	(1, 6, 9)	f#	f#	1	None	False	['F#', 'A', 'C#', 'F#', 'A', 'C#', 'F#', 'A', 'C#', 'F#', 'A', 'C#', 'F#', 'A', 'C#', 'F#', 'A', 'C#', 'F#', 'A', 'C#', 'F#', 'A', 'C#', 'F#', 'A', 'C#', 'F#', 'A', 'C#', 'F#', 'A', 'C#', 'F#', 'A', 'C#', 'F#', 'A', 'C#', 'F#', 'A', 'C#', 'F#', 'A', 'C#', 'F#', 'A', 'C#', 'F#', 'A', 'C#', 'F#', 'A', 'C#', 'F#', 'A', 'C#', 'F#', 'A', 'C#', 'F#', 'A', 'C#', 'F#', 'A', 'C#', 'F#', 'A', 'C#', 'F#', 'A', 'C#']	0.0	0.0	0.0	0.0
27.375	3.0	10.0	['F#4', 'A4', 'C#5']	['m3', 'P5']	[False, False, False]	10.0	3.0	13.0	i	False	('F#', 'A', 'C#')	F#	F#	0.0	minor triad	(1, 6, 9)	f#	f#	1	None	False	['F#', 'A', 'C#', 'F#', 'A', 'C#', 'F#', 'A', 'C#', 'F#', 'A', 'C#', 'F#', 'A', 'C#', 'F#', 'A', 'C#', 'F#', 'A', 'C#', 'F#', 'A', 'C#', 'F#', 'A', 'C#', 'F#', 'A', 'C#', 'F#', 'A', 'C#', 'F#', 'A', 'C#', 'F#', 'A', 'C#', 'F#', 'A', 'C#', 'F#', 'A', 'C#', 'F#', 'A', 'C#', 'F#', 'A', 'C#', 'F#', 'A', 'C#', 'F#', 'A', 'C#', 'F#', 'A', 'C#', 'F#', 'A', 'C#', 'F#', 'A', 'C#', 'F#', 'A', 'C#', 'F#', 'A', 'C#']	0.0	0.0	0.0	0.0
27.5	3.0	10.0	['F#4', 'A4', 'C#5']	['m3', 'P5']	[False, False, False]	10.0	3.0	13.0	i	False	('F#', 'A', 'C#')	F#	F#	0.0	minor triad	(1, 6, 9)	f#	f#	1	None	False	['F#', 'A', 'C#', 'F#', 'A', 'C#', 'F#', 'A', 'C#', 'F#', 'A', 'C#', 'F#', 'A', 'C#', 'F#', 'A', 'C#', 'F#', 'A', 'C#', 'F#', 'A', 'C#', 'F#', 'A', 'C#', 'F#', 'A', 'C#', 'F#', 'A', 'C#', 'F#', 'A', 'C#', 'F#', 'A', 'C#', 'F#', 'A', 'C#', 'F#', 'A', 'C#', 'F#', 'A', 'C#', 'F#', 'A', 'C#', 'F#', 'A', 'C#', 'F#', 'A', 'C#', 'F#', 'A', 'C#', 'F#', 'A', 'C#', 'F#', 'A', 'C#', 'F#', 'A', 'C#', 'F#', 'A', 'C#']	0.0	0.0	0.0	0.0
27.625	3.0	10.0	['F#4', 'A4', 'C#5']	['m3', 'P5']	[False, False, False]	10.0	3.0	13.0	i	False	('F#', 'A', 'C#')	F#	F#	0.0	minor triad	(1, 6, 9)	f#	f#	1	None	False	['F#', 'A', 'C#', 'F#', 'A', 'C#', 'F#', 'A', 'C#', 'F#', 'A', 'C#', 'F#', 'A', 'C#', 'F#', 'A', 'C#', 'F#', 'A', 'C#', 'F#', 'A', 'C#', 'F#', 'A', 'C#', 'F#', 'A', 'C#', 'F#', 'A', 'C#', 'F#', 'A', 'C#', 'F#', 'A', 'C#', 'F#', 'A', 'C#', 'F#', 'A', 'C#', 'F#', 'A', 'C#', 'F#', 'A', 'C#', 'F#', 'A', 'C#', 'F#', 'A', 'C#', 'F#', 'A', 'C#', 'F#', 'A', 'C#', 'F#', 'A', 'C#', 'F#', 'A', 'C#', 'F#', 'A', 'C#']	0.0	0.0	0.0	0.0
27.75	3.0	10.0	['F#4', 'A4', 'C#5']	['m3', 'P5']	[False, False, False]	10.0	3.0	13.0	i	False	('F#', 'A', 'C#')	F#	F#	0.0	minor triad	(1, 6, 9)	f#	f#	1	None	False	['F#', 'A', 'C#', 'F#', 'A', 'C#', 'F#', 'A', 'C#', 'F#', 'A', 'C#', 'F#', 'A', 'C#', 'F#', 'A', 'C#', 'F#', 'A', 'C#', 'F#', 'A', 'C#', 'F#', 'A', 'C#', 'F#', 'A', 'C#', 'F#', 'A', 'C#', 'F#', 'A', 'C#', 'F#', 'A', 'C#', 'F#', 'A', 'C#', 'F#', 'A', 'C#', 'F#', 'A', 'C#', 'F#', 'A', 'C#', 'F#', 'A', 'C#', 'F#', 'A', 'C#', 'F#', 'A', 'C#', 'F#', 'A', 'C#', 'F#', 'A', 'C#', 'F#', 'A', 'C#', 'F#', 'A', 'C#']	0.0	0.0	0.0	0.0
27.875	3.0	10.0	['F#4', 'A4', 'C#5']	['m3', 'P5']	[False, False, False]	10.0	3.0	13.0	i	False	('F#', 'A', 'C#')	F#	F#	0.0	minor triad	(1, 6, 9)	f#	f#	1	None	False	['F#', 'A', 'C#', 'F#', 'A', 'C#', 'F#', 'A', 'C#', 'F#', 'A', 'C#', 'F#', 'A', 'C#', 'F#', 'A', 'C#', 'F#', 'A', 'C#', 'F#', 'A', 'C#', 'F#', 'A', 'C#', 'F#', 'A', 'C#', 'F#', 'A', 'C#', 'F#', 'A', 'C#', 'F#', 'A', 'C#', 'F#', 'A', 'C#', 'F#', 'A', 'C#', 'F#', 'A', 'C#', 'F#', 'A', 'C#', 'F#', 'A', 'C#', 'F#', 'A', 'C#', 'F#', 'A', 'C#', 'F#', 'A', 'C#', 'F#', 'A', 'C#', 'F#', 'A', 'C#', 'F#', 'A', 'C#']	0.0	0.0	0.0	0.0
28.0	3.0	10.0	['F#4', 'A4', 'C#5']	['m3', 'P5']	[False, False, False]	10.0	3.0	13.0	i	False	('F#', 'A', 'C#')	F#	F#	0.0	minor triad	(1, 6, 9)	f#	f#	1	None	False	['F#', 'A', 'C#', 'F#', 'A', 'C#', 'F#', 'A', 'C#', 'F#', 'A', 'C#', 'F#', 'A', 'C#', 'F#', 'A', 'C#', 'F#', 'A', 'C#', 'F#', 'A', 'C#', 'F#', 'A', 'C#', 'F#', 'A', 'C#', 'F#', 'A', 'C#', 'F#', 'A', 'C#', 'F#', 'A', 'C#', 'F#', 'A', 'C#', 'F#', 'A', 'C#', 'F#', 'A', 'C#', 'F#', 'A', 'C#', 'F#', 'A', 'C#', 'F#', 'A', 'C#', 'F#', 'A', 'C#', 'F#', 'A', 'C#', 'F#', 'A', 'C#', 'F#', 'A', 'C#', 'F#', 'A', 'C#']	0.0	0.0	0.0	0.0
28.125	3.0	10.0	['F#4', 'A4', 'C#5']	['m3', 'P5']	[False, False, False]	10.0	3.0	13.0	i	False	('F#', 'A', 'C#')	F#	F#	0.0	minor triad	(1, 6, 9)	f#	f#	1	None	False	['F#', 'A', 'C#', 'F#', 'A', 'C#', 'F#', 'A', 'C#', 'F#', 'A', 'C#', 'F#', 'A', 'C#', 'F#', 'A', 'C#', 'F#', 'A', 'C#', 'F#', 'A', 'C#', 'F#', 'A', 'C#', 'F#', 'A', 'C#', 'F#', 'A', 'C#', 'F#', 'A', 'C#', 'F#', 'A', 'C#', 'F#', 'A', 'C#', 'F#', 'A', 'C#', 'F#', 'A', 'C#', 'F#', 'A', 'C#', 'F#', 'A', 'C#', 'F#', 'A', 'C#', 'F#', 'A', 'C#', 'F#', 'A', 'C#', 'F#', 'A', 'C#', 'F#', 'A', 'C#', 'F#', 'A', 'C#']	0.0	0.0	0.0	0.0
28.25	3.0	10.0	['F#4', 'A4', 'C#5']	['m3', 'P5']	[False, False, False]	10.0	3.0	13.0	i	False	('F#', 'A', 'C#')	F#	F#	0.0	minor triad	(1, 6, 9)	f#	f#	1	None	False	['F#', 'A', 'C#', 'F#', 'A', 'C#', 'F#', 'A', 'C#', 'F#', 'A', 'C#', 'F#', 'A', 'C#', 'F#', 'A', 'C#', 'F#', 'A', 'C#', 'F#', 'A', 'C#', 'F#', 'A', 'C#', 'F#', 'A', 'C#', 'F#', 'A', 'C#', 'F#', 'A', 'C#', 'F#', 'A', 'C#', 'F#', 'A', 'C#', 'F#', 'A', 'C#', 'F#', 'A', 'C#', 'F#', 'A', 'C#', 'F#', 'A', 'C#', 'F#', 'A', 'C#', 'F#', 'A', 'C#', 'F#', 'A', 'C#', 'F#', 'A', 'C#', 'F#', 'A', 'C#', 'F#', 'A', 'C#']	0.0	0.0	0.0	0.0
28.375	3.0	10.0	['F#4', 'A4', 'C#5']	['m3', 'P5']	[False, False, False]	10.0	3.0	13.0	i	False	('F#', 'A', 'C#')	F#	F#	0.0	minor triad	(1, 6, 9)	f#	f#	1	None	False	['F#', 'A', 'C#', 'F#', 'A', 'C#', 'F#', 'A', 'C#', 'F#', 'A', 'C#', 'F#', 'A', 'C#', 'F#', 'A', 'C#', 'F#', 'A', 'C#', 'F#', 'A', 'C#', 'F#', 'A', 'C#', 'F#', 'A', 'C#', 'F#', 'A', 'C#', 'F#', 'A', 'C#', 'F#', 'A', 'C#', 'F#', 'A', 'C#', 'F#', 'A', 'C#', 'F#', 'A', 'C#', 'F#', 'A', 'C#', 'F#', 'A', 'C#', 'F#', 'A', 'C#', 'F#', 'A', 'C#', 'F#', 'A', 'C#', 'F#', 'A', 'C#', 'F#', 'A', 'C#', 'F#', 'A', 'C#']	0.0	0.0	0.0	0.0
28.5	3.0	10.0	['F#4', 'A4', 'C#5']	['m3', 'P5']	[False, False, False]	10.0	3.0	13.0	i	False	('F#', 'A', 'C#')	F#	F#	0.0	minor triad	(1, 6, 9)	f#	f#	1	None	False	['F#', 'A', 'C#', 'F#', 'A', 'C#', 'F#', 'A', 'C#', 'F#', 'A', 'C#', 'F#', 'A', 'C#', 'F#', 'A', 'C#', 'F#', 'A', 'C#', 'F#', 'A', 'C#', 'F#', 'A', 'C#', 'F#', 'A', 'C#', 'F#', 'A', 'C#', 'F#', 'A', 'C#', 'F#', 'A', 'C#', 'F#', 'A', 'C#', 'F#', 'A', 'C#', 'F#', 'A', 'C#', 'F#', 'A', 'C#', 'F#', 'A', 'C#', 'F#', 'A', 'C#', 'F#', 'A', 'C#', 'F#', 'A', 'C#', 'F#', 'A', 'C#', 'F#', 'A', 'C#', 'F#', 'A', 'C#']	0.0	0.0	0.0	0.0
28.625	3.0	10.0	['F#4', 'A4', 'C#5']	['m3', 'P5']	[False, False, False]	10.0	3.0	13.0	i	False	('F#', 'A', 'C#')	F#	F#	0.0	minor triad	(1, 6, 9)	f#	f#	1	None	False	['F#', 'A', 'C#', 'F#', 'A', 'C#', 'F#', 'A', 'C#', 'F#', 'A', 'C#', 'F#', 'A', 'C#', 'F#', 'A', 'C#', 'F#', 'A', 'C#', 'F#', 'A', 'C#', 'F#', 'A', 'C#', 'F#', 'A', 'C#', 'F#', 'A', 'C#', 'F#', 'A', 'C#', 'F#', 'A', 'C#', 'F#', 'A', 'C#', 'F#', 'A', 'C#', 'F#', 'A', 'C#', 'F#', 'A', 'C#', 'F#', 'A', 'C#', 'F#', 'A', 'C#', 'F#', 'A', 'C#', 'F#', 'A', 'C#', 'F#', 'A', 'C#', 'F#', 'A', 'C#', 'F#', 'A', 'C#']	0.0	0.0	0.0	0.0
28.75	3.0	10.0	['F#4', 'A4', 'C#5']	['m3', 'P5']	[False, False, False]	10.0	3.0	13.0	i	False	('F#', 'A', 'C#')	F#	F#	0.0	minor triad	(1, 6, 9)	f#	f#	1	None	False	['F#', 'A', 'C#', 'F#', 'A', 'C#', 'F#', 'A', 'C#', 'F#', 'A', 'C#', 'F#', 'A', 'C#', 'F#', 'A', 'C#', 'F#', 'A', 'C#', 'F#', 'A', 'C#', 'F#', 'A', 'C#', 'F#', 'A', 'C#', 'F#', 'A', 'C#', 'F#', 'A', 'C#', 'F#', 'A', 'C#', 'F#', 'A', 'C#', 'F#', 'A', 'C#', 'F#', 'A', 'C#', 'F#', 'A', 'C#', 'F#', 'A', 'C#', 'F#', 'A', 'C#', 'F#', 'A', 'C#', 'F#', 'A', 'C#', 'F#', 'A', 'C#', 'F#', 'A', 'C#', 'F#', 'A', 'C#']	0.0	0.0	0.0	0.0
28.875	3.0	10.0	['F#4', 'A4', 'C#5']	['m3', 'P5']	[False, False, False]	10.0	3.0	13.0	i	False	('F#', 'A', 'C#')	F#	F#	0.0	minor triad	(1, 6, 9)	f#	f#	1	None	False	['F#', 'A', 'C#', 'F#', 'A', 'C#', 'F#', 'A', 'C#', 'F#', 'A', 'C#', 'F#', 'A', 'C#', 'F#', 'A', 'C#', 'F#', 'A', 'C#', 'F#', 'A', 'C#', 'F#', 'A', 'C#', 'F#', 'A', 'C#', 'F#', 'A', 'C#', 'F#', 'A', 'C#', 'F#', 'A', 'C#', 'F#', 'A', 'C#', 'F#', 'A', 'C#', 'F#', 'A', 'C#', 'F#', 'A', 'C#', 'F#', 'A', 'C#', 'F#', 'A', 'C#', 'F#', 'A', 'C#', 'F#', 'A', 'C#', 'F#', 'A', 'C#', 'F#', 'A', 'C#', 'F#', 'A', 'C#']	0.0	0.0	0.0	0.0
29.0	3.0	10.0	['F#4', 'A4', 'C#5']	['m3', 'P5']	[False, False, False]	10.0	3.0	13.0	i	False	('F#', 'A', 'C#')	F#	F#	0.0	minor triad	(1, 6, 9)	f#	f#	1	None	False	['F#', 'A', 'C#', 'F#', 'A', 'C#', 'F#', 'A', 'C#', 'F#', 'A', 'C#', 'F#', 'A', 'C#', 'F#', 'A', 'C#', 'F#', 'A', 'C#', 'F#', 'A', 'C#', 'F#', 'A', 'C#', 'F#', 'A', 'C#', 'F#', 'A', 'C#', 'F#', 'A', 'C#', 'F#', 'A', 'C#', 'F#', 'A', 'C#', 'F#', 'A', 'C#', 'F#', 'A', 'C#', 'F#', 'A', 'C#', 'F#', 'A', 'C#', 'F#', 'A', 'C#', 'F#', 'A', 'C#', 'F#', 'A', 'C#', 'F#', 'A', 'C#', 'F#', 'A', 'C#', 'F#', 'A', 'C#']	0.0	0.0	0.0	0.0
29.125	3.0	10.0	['F#4', 'A4', 'C#5']	['m3', 'P5']	[False, False, False]	10.0	3.0	13.0	i	False	('F#', 'A', 'C#')	F#	F#	0.0	minor triad	(1, 6, 9)	f#	f#	1	None	False	['F#', 'A', 'C#', 'F#', 'A', 'C#', 'F#', 'A', 'C#', 'F#', 'A', 'C#', 'F#', 'A', 'C#', 'F#', 'A', 'C#', 'F#', 'A', 'C#', 'F#', 'A', 'C#', 'F#', 'A', 'C#', 'F#', 'A', 'C#', 'F#', 'A', 'C#', 'F#', 'A', 'C#', 'F#', 'A', 'C#', 'F#', 'A', 'C#', 'F#', 'A', 'C#', 'F#', 'A', 'C#', 'F#', 'A', 'C#', 'F#', 'A', 'C#', 'F#', 'A', 'C#', 'F#', 'A', 'C#', 'F#', 'A', 'C#', 'F#', 'A', 'C#', 'F#', 'A', 'C#', 'F#', 'A', 'C#']	0.0	0.0	0.0	0.0
29.25	3.0	10.0	['F#4', 'A4', 'C#5']	['m3', 'P5']	[False, False, False]	10.0	3.0	13.0	i	False	('F#', 'A', 'C#')	F#	F#	0.0	minor triad	(1, 6, 9)	f#	f#	1	None	False	['F#', 'A', 'C#', 'F#', 'A', 'C#', 'F#', 'A', 'C#', 'F#', 'A', 'C#', 'F#', 'A', 'C#', 'F#', 'A', 'C#', 'F#', 'A', 'C#', 'F#', 'A', 'C#', 'F#', 'A', 'C#', 'F#', 'A', 'C#', 'F#', 'A', 'C#', 'F#', 'A', 'C#', 'F#', 'A', 'C#', 'F#', 'A', 'C#', 'F#', 'A', 'C#', 'F#', 'A', 'C#', 'F#', 'A', 'C#', 'F#', 'A', 'C#', 'F#', 'A', 'C#', 'F#', 'A', 'C#', 'F#', 'A', 'C#', 'F#', 'A', 'C#', 'F#', 'A', 'C#', 'F#', 'A', 'C#']	0.0	0.0	0.0	0.0
29.375	3.0	10.0	['F#4', 'A4', 'C#5']	['m3', 'P5']	[False, False, False]	10.0	3.0	13.0	i	False	('F#', 'A', 'C#')	F#	F#	0.0	minor triad	(1, 6, 9)	f#	f#	1	None	False	['F#', 'A', 'C#', 'F#', 'A', 'C#', 'F#', 'A', 'C#', 'F#', 'A', 'C#', 'F#', 'A', 'C#', 'F#', 'A', 'C#', 'F#', 'A', 'C#', 'F#', 'A', 'C#', 'F#', 'A', 'C#', 'F#', 'A', 'C#', 'F#', 'A', 'C#', 'F#', 'A', 'C#', 'F#', 'A', 'C#', 'F#', 'A', 'C#', 'F#', 'A', 'C#', 'F#', 'A', 'C#', 'F#', 'A', 'C#', 'F#', 'A', 'C#', 'F#', 'A', 'C#', 'F#', 'A', 'C#', 'F#', 'A', 'C#', 'F#', 'A', 'C#', 'F#', 'A', 'C#', 'F#', 'A', 'C#']	0.0	0.0	0.0	0.0
29.5	3.0	10.0	['F#4', 'A4', 'C#5']	['m3', 'P5']	[False, False, False]	10.0	3.0	13.0	i	False	('F#', 'A', 'C#')	F#	F#	0.0	minor triad	(1, 6, 9)	f#	f#	1	None	False	['F#', 'A', 'C#', 'F#', 'A', 'C#', 'F#', 'A', 'C#', 'F#', 'A', 'C#', 'F#', 'A', 'C#', 'F#', 'A', 'C#', 'F#', 'A', 'C#', 'F#', 'A', 'C#', 'F#', 'A', 'C#', 'F#', 'A', 'C#', 'F#', 'A', 'C#', 'F#', 'A', 'C#', 'F#', 'A', 'C#', 'F#', 'A', 'C#', 'F#', 'A', 'C#', 'F#', 'A', 'C#', 'F#', 'A', 'C#', 'F#', 'A', 'C#', 'F#', 'A', 'C#', 'F#', 'A', 'C#', 'F#', 'A', 'C#', 'F#', 'A', 'C#', 'F#', 'A', 'C#', 'F#', 'A', 'C#']	0.0	0.0	0.0	0.0
29.625	3.0	10.0	['F#4', 'A4', 'C#5']	['m3', 'P5']	[False, False, False]	10.0	3.0	13.0	i	False	('F#', 'A', 'C#')	F#	F#	0.0	minor triad	(1, 6, 9)	f#	f#	1	None	False	['F#', 'A', 'C#', 'F#', 'A', 'C#', 'F#', 'A', 'C#', 'F#', 'A', 'C#', 'F#', 'A', 'C#', 'F#', 'A', 'C#', 'F#', 'A', 'C#', 'F#', 'A', 'C#', 'F#', 'A', 'C#', 'F#', 'A', 'C#', 'F#', 'A', 'C#', 'F#', 'A', 'C#', 'F#', 'A', 'C#', 'F#', 'A', 'C#', 'F#', 'A', 'C#', 'F#', 'A', 'C#', 'F#', 'A', 'C#', 'F#', 'A', 'C#', 'F#', 'A', 'C#', 'F#', 'A', 'C#', 'F#', 'A', 'C#', 'F#', 'A', 'C#', 'F#', 'A', 'C#', 'F#', 'A', 'C#']	0.0	0.0	0.0	0.0
29.75	3.0	10.0	['F#4', 'A4', 'C#5']	['m3', 'P5']	[False, False, False]	10.0	3.0	13.0	i	False	('F#', 'A', 'C#')	F#	F#	0.0	minor triad	(1, 6, 9)	f#	f#	1	None	False	['F#', 'A', 'C#', 'F#', 'A', 'C#', 'F#', 'A', 'C#', 'F#', 'A', 'C#', 'F#', 'A', 'C#', 'F#', 'A', 'C#', 'F#', 'A', 'C#', 'F#', 'A', 'C#', 'F#', 'A', 'C#', 'F#', 'A', 'C#', 'F#', 'A', 'C#', 'F#', 'A', 'C#', 'F#', 'A', 'C#', 'F#', 'A', 'C#', 'F#', 'A', 'C#', 'F#', 'A', 'C#', 'F#', 'A', 'C#', 'F#', 'A', 'C#', 'F#', 'A', 'C#', 'F#', 'A', 'C#', 'F#', 'A', 'C#', 'F#', 'A', 'C#', 'F#', 'A', 'C#', 'F#', 'A', 'C#']	0.0	0.0	0.0	0.0
29.875	3.0	10.0	['F#4', 'A4', 'C#5']	['m3', 'P5']	[False, False, False]	10.0	3.0	13.0	i	False	('F#', 'A', 'C#')	F#	F#	0.0	minor triad	(1, 6, 9)	f#	f#	1	None	False	['F#', 'A', 'C#', 'F#', 'A', 'C#', 'F#', 'A', 'C#', 'F#', 'A', 'C#', 'F#', 'A', 'C#', 'F#', 'A', 'C#', 'F#', 'A', 'C#', 'F#', 'A', 'C#', 'F#', 'A', 'C#', 'F#', 'A', 'C#', 'F#', 'A', 'C#', 'F#', 'A', 'C#', 'F#', 'A', 'C#', 'F#', 'A', 'C#', 'F#', 'A', 'C#', 'F#', 'A', 'C#', 'F#', 'A', 'C#', 'F#', 'A', 'C#', 'F#', 'A', 'C#', 'F#', 'A', 'C#', 'F#', 'A', 'C#', 'F#', 'A', 'C#', 'F#', 'A', 'C#', 'F#', 'A', 'C#']	0.0	0.0	0.0	0.0
30.0	2.0	11.0	['C#5', 'F#5', 'A5']	['P4', 'm6']	[True, True, True]	11.0	2.0	14.0	i	True	('C#', 'F#', 'A')	C#	F#	2.0	minor triad	(1, 6, 9)	f#	f#	1	None	False	['C#', 'F#', 'A', 'C#', 'F#', 'A', 'C#', 'F#', 'A', 'C#', 'F#', 'A', 'C#', 'F#', 'A', 'C#', 'F#', 'A', 'C#', 'F#', 'A', 'C#', 'F#', 'A', 'C#', 'F#', 'A', 'C#', 'F#', 'A', 'C#', 'F#', 'A', 'C#', 'F#', 'A', 'C#', 'F#', 'A', 'C#', 'F#', 'A', 'C#', 'F#', 'A', 'C#', 'F#', 'A']	0.0	0.0	0.0	0.0
30.125	2.0	11.0	['C#5', 'F#5', 'A5']	['P4', 'm6']	[False, False, False]	11.0	2.0	14.0	i	False	('C#', 'F#', 'A')	C#	F#	2.0	minor triad	(1, 6, 9)	f#	f#	1	None	False	['C#', 'F#', 'A', 'C#', 'F#', 'A', 'C#', 'F#', 'A', 'C#', 'F#', 'A', 'C#', 'F#', 'A', 'C#', 'F#', 'A', 'C#', 'F#', 'A', 'C#', 'F#', 'A', 'C#', 'F#', 'A', 'C#', 'F#', 'A', 'C#', 'F#', 'A', 'C#', 'F#', 'A', 'C#', 'F#', 'A', 'C#', 'F#', 'A', 'C#', 'F#', 'A', 'C#', 'F#', 'A']	0.0	0.0	0.0	0.0
30.25	2.0	11.0	['C#5', 'F#5', 'A5']	['P4', 'm6']	[False, False, False]	11.0	2.0	14.0	i	False	('C#', 'F#', 'A')	C#	F#	2.0	minor triad	(1, 6, 9)	f#	f#	1	None	False	['C#', 'F#', 'A', 'C#', 'F#', 'A', 'C#', 'F#', 'A', 'C#', 'F#', 'A', 'C#', 'F#', 'A', 'C#', 'F#', 'A', 'C#', 'F#', 'A', 'C#', 'F#', 'A', 'C#', 'F#', 'A', 'C#', 'F#', 'A', 'C#', 'F#', 'A', 'C#', 'F#', 'A', 'C#', 'F#', 'A', 'C#', 'F#', 'A', 'C#', 'F#', 'A', 'C#', 'F#', 'A']	0.0	0.0	0.0	0.0
30.375	2.0	11.0	['C#5', 'F#5', 'A5']	['P4', 'm6']	[False, False, False]	11.0	2.0	14.0	i	False	('C#', 'F#', 'A')	C#	F#	2.0	minor triad	(1, 6, 9)	f#	f#	1	None	False	['C#', 'F#', 'A', 'C#', 'F#', 'A', 'C#', 'F#', 'A', 'C#', 'F#', 'A', 'C#', 'F#', 'A', 'C#', 'F#', 'A', 'C#', 'F#', 'A', 'C#', 'F#', 'A', 'C#', 'F#', 'A', 'C#', 'F#', 'A', 'C#', 'F#', 'A', 'C#', 'F#', 'A', 'C#', 'F#', 'A', 'C#', 'F#', 'A', 'C#', 'F#', 'A', 'C#', 'F#', 'A']	0.0	0.0	0.0	0.0
30.5	2.0	11.0	['C#5', 'F#5', 'A5']	['P4', 'm6']	[False, False, False]	11.0	2.0	14.0	i	False	('C#', 'F#', 'A')	C#	F#	2.0	minor triad	(1, 6, 9)	f#	f#	1	None	False	['C#', 'F#', 'A', 'C#', 'F#', 'A', 'C#', 'F#', 'A', 'C#', 'F#', 'A', 'C#', 'F#', 'A', 'C#', 'F#', 'A', 'C#', 'F#', 'A', 'C#', 'F#', 'A', 'C#', 'F#', 'A', 'C#', 'F#', 'A', 'C#', 'F#', 'A', 'C#', 'F#', 'A', 'C#', 'F#', 'A', 'C#', 'F#', 'A', 'C#', 'F#', 'A', 'C#', 'F#', 'A']	0.0	0.0	0.0	0.0
30.625	2.0	11.0	['C#5', 'F#5', 'A5']	['P4', 'm6']	[False, False, False]	11.0	2.0	14.0	i	False	('C#', 'F#', 'A')	C#	F#	2.0	minor triad	(1, 6, 9)	f#	f#	1	None	False	['C#', 'F#', 'A', 'C#', 'F#', 'A', 'C#', 'F#', 'A', 'C#', 'F#', 'A', 'C#', 'F#', 'A', 'C#', 'F#', 'A', 'C#', 'F#', 'A', 'C#', 'F#', 'A', 'C#', 'F#', 'A', 'C#', 'F#', 'A', 'C#', 'F#', 'A', 'C#', 'F#', 'A', 'C#', 'F#', 'A', 'C#', 'F#', 'A', 'C#', 'F#', 'A', 'C#', 'F#', 'A']	0.0	0.0	0.0	0.0
30.75	2.0	11.0	['C#5', 'F#5', 'A5']	['P4', 'm6']	[False, False, False]	11.0	2.0	14.0	i	False	('C#', 'F#', 'A')	C#	F#	2.0	minor triad	(1, 6, 9)	f#	f#	1	None	False	['C#', 'F#', 'A', 'C#', 'F#', 'A', 'C#', 'F#', 'A', 'C#', 'F#', 'A', 'C#', 'F#', 'A', 'C#', 'F#', 'A', 'C#', 'F#', 'A', 'C#', 'F#', 'A', 'C#', 'F#', 'A', 'C#', 'F#', 'A', 'C#', 'F#', 'A', 'C#', 'F#', 'A', 'C#', 'F#', 'A', 'C#', 'F#', 'A', 'C#', 'F#', 'A', 'C#', 'F#', 'A']	0.0	0.0	0.0	0.0
30.875	2.0	11.0	['C#5', 'F#5', 'A5']	['P4', 'm6']	[False, False, False]	11.0	2.0	14.0	i	False	('C#', 'F#', 'A')	C#	F#	2.0	minor triad	(1, 6, 9)	f#	f#	1	None	False	['C#', 'F#', 'A', 'C#', 'F#', 'A', 'C#', 'F#', 'A', 'C#', 'F#', 'A', 'C#', 'F#', 'A', 'C#', 'F#', 'A', 'C#', 'F#', 'A', 'C#', 'F#', 'A', 'C#', 'F#', 'A', 'C#', 'F#', 'A', 'C#', 'F#', 'A', 'C#', 'F#', 'A', 'C#', 'F#', 'A', 'C#', 'F#', 'A', 'C#', 'F#', 'A', 'C#', 'F#', 'A']	0.0	0.0	0.0	0.0
31.0	2.0	11.0	['C#5', 'F#5', 'A5']	['P4', 'm6']	[False, False, False]	11.0	2.0	14.0	i	False	('C#', 'F#', 'A')	C#	F#	2.0	minor triad	(1, 6, 9)	f#	f#	1	None	False	['C#', 'F#', 'A', 'C#', 'F#', 'A', 'C#', 'F#', 'A', 'C#', 'F#', 'A', 'C#', 'F#', 'A', 'C#', 'F#', 'A', 'C#', 'F#', 'A', 'C#', 'F#', 'A', 'C#', 'F#', 'A', 'C#', 'F#', 'A', 'C#', 'F#', 'A', 'C#', 'F#', 'A', 'C#', 'F#', 'A', 'C#', 'F#', 'A', 'C#', 'F#', 'A', 'C#', 'F#', 'A']	0.0	0.0	0.0	0.0
31.125	2.0	11.0	['C#5', 'F#5', 'A5']	['P4', 'm6']	[False, False, False]	11.0	2.0	14.0	i	False	('C#', 'F#', 'A')	C#	F#	2.0	minor triad	(1, 6, 9)	f#	f#	1	None	False	['C#', 'F#', 'A', 'C#', 'F#', 'A', 'C#', 'F#', 'A', 'C#', 'F#', 'A', 'C#', 'F#', 'A', 'C#', 'F#', 'A', 'C#', 'F#', 'A', 'C#', 'F#', 'A', 'C#', 'F#', 'A', 'C#', 'F#', 'A', 'C#', 'F#', 'A', 'C#', 'F#', 'A', 'C#', 'F#', 'A', 'C#', 'F#', 'A', 'C#', 'F#', 'A', 'C#', 'F#', 'A']	0.0	0.0	0.0	0.0
31.25	2.0	11.0	['C#5', 'F#5', 'A5']	['P4', 'm6']	[False, False, False]	11.0	2.0	14.0	i	False	('C#', 'F#', 'A')	C#	F#	2.0	minor triad	(1, 6, 9)	f#	f#	1	None	False	['C#', 'F#', 'A', 'C#', 'F#', 'A', 'C#', 'F#', 'A', 'C#', 'F#', 'A', 'C#', 'F#', 'A', 'C#', 'F#', 'A', 'C#', 'F#', 'A', 'C#', 'F#', 'A', 'C#', 'F#', 'A', 'C#', 'F#', 'A', 'C#', 'F#', 'A', 'C#', 'F#', 'A', 'C#', 'F#', 'A', 'C#', 'F#', 'A', 'C#', 'F#', 'A', 'C#', 'F#', 'A']	0.0	0.0	0.0	0.0
31.375	2.0	11.0	['C#5', 'F#5', 'A5']	['P4', 'm6']	[False, False, False]	11.0	2.0	14.0	i	False	('C#', 'F#', 'A')	C#	F#	2.0	minor triad	(1, 6, 9)	f#	f#	1	None	False	['C#', 'F#', 'A', 'C#', 'F#', 'A', 'C#', 'F#', 'A', 'C#', 'F#', 'A', 'C#', 'F#', 'A', 'C#', 'F#', 'A', 'C#', 'F#', 'A', 'C#', 'F#', 'A', 'C#', 'F#', 'A', 'C#', 'F#', 'A', 'C#', 'F#', 'A', 'C#', 'F#', 'A', 'C#', 'F#', 'A', 'C#', 'F#', 'A', 'C#', 'F#', 'A', 'C#', 'F#', 'A']	0.0	0.0	0.0	0.0
31.5	2.0	11.0	['C#5', 'F#5', 'A5']	['P4', 'm6']	[False, False, False]	11.0	2.0	14.0	i	False	('C#', 'F#', 'A')	C#	F#	2.0	minor triad	(1, 6, 9)	f#	f#	1	None	False	['C#', 'F#', 'A', 'C#', 'F#', 'A', 'C#', 'F#', 'A', 'C#', 'F#', 'A', 'C#', 'F#', 'A', 'C#', 'F#', 'A', 'C#', 'F#', 'A', 'C#', 'F#', 'A', 'C#', 'F#', 'A', 'C#', 'F#', 'A', 'C#', 'F#', 'A', 'C#', 'F#', 'A', 'C#', 'F#', 'A', 'C#', 'F#', 'A', 'C#', 'F#', 'A', 'C#', 'F#', 'A']	0.0	0.0	0.0	0.0
31.625	2.0	11.0	['C#5', 'F#5', 'A5']	['P4', 'm6']	[False, False, False]	11.0	2.0	14.0	i	False	('C#', 'F#', 'A')	C#	F#	2.0	minor triad	(1, 6, 9)	f#	f#	1	None	False	['C#', 'F#', 'A', 'C#', 'F#', 'A', 'C#', 'F#', 'A', 'C#', 'F#', 'A', 'C#', 'F#', 'A', 'C#', 'F#', 'A', 'C#', 'F#', 'A', 'C#', 'F#', 'A', 'C#', 'F#', 'A', 'C#', 'F#', 'A', 'C#', 'F#', 'A', 'C#', 'F#', 'A', 'C#', 'F#', 'A', 'C#', 'F#', 'A', 'C#', 'F#', 'A', 'C#', 'F#', 'A']	0.0	0.0	0.0	0.0
31.75	2.0	11.0	['C#5', 'F#5', 'A5']	['P4', 'm6']	[False, False, False]	11.0	2.0	14.0	i	False	('C#', 'F#', 'A')	C#	F#	2.0	minor triad	(1, 6, 9)	f#	f#	1	None	False	['C#', 'F#', 'A', 'C#', 'F#', 'A', 'C#', 'F#', 'A', 'C#', 'F#', 'A', 'C#', 'F#', 'A', 'C#', 'F#', 'A', 'C#', 'F#', 'A', 'C#', 'F#', 'A', 'C#', 'F#', 'A', 'C#', 'F#', 'A', 'C#', 'F#', 'A', 'C#', 'F#', 'A', 'C#', 'F#', 'A', 'C#', 'F#', 'A', 'C#', 'F#', 'A', 'C#', 'F#', 'A']	0.0	0.0	0.0	0.0
31.875	2.0	11.0	['C#5', 'F#5', 'A5']	['P4', 'm6']	[False, False, False]	11.0	2.0	14.0	i	False	('C#', 'F#', 'A')	C#	F#	2.0	minor triad	(1, 6, 9)	f#	f#	1	None	False	['C#', 'F#', 'A', 'C#', 'F#', 'A', 'C#', 'F#', 'A', 'C#', 'F#', 'A', 'C#', 'F#', 'A', 'C#', 'F#', 'A', 'C#', 'F#', 'A', 'C#', 'F#', 'A', 'C#', 'F#', 'A', 'C#', 'F#', 'A', 'C#', 'F#', 'A', 'C#', 'F#', 'A', 'C#', 'F#', 'A', 'C#', 'F#', 'A', 'C#', 'F#', 'A', 'C#', 'F#', 'A']	0.0	0.0	0.0	0.0
32.0	0.25	11.0	['C#5']	[]	[True]	11.0	1.0	15.0	V7	True	('C#', 'E#', 'G#', 'B')	C#	C#	0.0	dominant seventh chord	(1, 5, 8, 11)	f#	f#	5	None	False	['C#', 'C#', 'B', 'B', 'E#', 'E#', 'G#', 'G#']	0.0	0.0	0.0	0.75
32.125	0.25	11.0	['C#5']	[]	[False]	11.0	1.0	15.0	V7	False	('C#', 'E#', 'G#', 'B')	C#	C#	0.0	dominant seventh chord	(1, 5, 8, 11)	f#	f#	5	None	False	['C#', 'C#', 'B', 'B', 'E#', 'E#', 'G#', 'G#']	0.0	0.0	0.0	0.75
32.25	0.25	11.0	['B5']	[]	[True]	11.0	1.0	15.0	V7	False	('C#', 'E#', 'G#', 'B')	C#	C#	0.0	dominant seventh chord	(1, 5, 8, 11)	f#	f#	5	None	False	['C#', 'C#', 'B', 'B', 'E#', 'E#', 'G#', 'G#']	0.0	0.0	0.0	0.75
32.375	0.25	11.0	['B5']	[]	[False]	11.0	1.0	15.0	V7	False	('C#', 'E#', 'G#', 'B')	C#	C#	0.0	dominant seventh chord	(1, 5, 8, 11)	f#	f#	5	None	False	['C#', 'C#', 'B', 'B', 'E#', 'E#', 'G#', 'G#']	0.0	0.0	0.0	0.75
32.5	0.25	11.0	['E#5']	[]	[True]	11.0	1.0	15.0	V7	False	('C#', 'E#', 'G#', 'B')	C#	C#	0.0	dominant seventh chord	(1, 5, 8, 11)	f#	f#	5	None	False	['C#', 'C#', 'B', 'B', 'E#', 'E#', 'G#', 'G#']	0.0	0.0	0.0	0.75
32.625	0.25	11.0	['E#5']	[]	[False]	11.0	1.0	15.0	V7	False	('C#', 'E#', 'G#', 'B')	C#	C#	0.0	dominant seventh chord	(1, 5, 8, 11)	f#	f#	5	None	False	['C#', 'C#', 'B', 'B', 'E#', 'E#', 'G#', 'G#']	0.0	0.0	0.0	0.75
32.75	0.25	11.0	['G#5']	[]	[True]	11.0	1.0	15.0	V7	False	('C#', 'E#', 'G#', 'B')	C#	C#	0.0	dominant seventh chord	(1, 5, 8, 11)	f#	f#	5	None	False	['C#', 'C#', 'B', 'B', 'E#', 'E#', 'G#', 'G#']	0.0	0.0	0.0	0.75
32.875	0.25	11.0	['G#5']	[]	[False]	11.0	1.0	15.0	V7	False	('C#', 'E#', 'G#', 'B')	C#	C#	0.0	dominant seventh chord	(1, 5, 8, 11)	f#	f#	5	None	False	['C#', 'C#', 'B', 'B', 'E#', 'E#', 'G#', 'G#']	0.0	0.0	0.0	0.75
33.0	3.0	12.0	['A#5', 'C#6', 'E6', 'G6']	['m3', 'd5', 'd7']	[True, True, True, True]	12.0	3.0	16.0	viio7/iv	True	('A#', 'C#', 'E', 'G')	A#	A#	0.0	diminished seventh chord	(1, 4, 7, 10)	f#	b	#7	4	False	['A#', 'C#', 'E', 'G', 'A#', 'C#', 'E', 'G', 'A#', 'C#', 'E', 'G', 'A#', 'C#', 'E', 'G', 'A#', 'C#', 'E', 'G', 'A#', 'C#', 'E', 'G', 'A#', 'C#', 'E', 'G', 'A#', 'C#', 'E', 'G', 'A#', 'C#', 'E', 'G', 'A#', 'C#', 'E', 'G', 'A#', 'C#', 'E', 'G', 'A#', 'C#', 'E', 'G', 'A#', 'C#', 'E', 'G', 'A#', 'C#', 'E', 'G', 'A#', 'C#', 'E', 'G', 'A#', 'C#', 'E', 'G', 'A#', 'C#', 'E', 'G', 'A#', 'C#', 'E', 'G', 'A#', 'C#', 'E', 'G', 'A#', 'C#', 'E', 'G', 'A#', 'C#', 'E', 'G', 'A#', 'C#', 'E', 'G', 'A#', 'C#', 'E', 'G', 'A#', 'C#', 'E', 'G']	0.0	0.0	0.0	0.0
33.125	3.0	12.0	['A#5', 'C#6', 'E6', 'G6']	['m3', 'd5', 'd7']	[False, False, False, False]	12.0	3.0	16.0	viio7/iv	False	('A#', 'C#', 'E', 'G')	A#	A#	0.0	diminished seventh chord	(1, 4, 7, 10)	f#	b	#7	4	False	['A#', 'C#', 'E', 'G', 'A#', 'C#', 'E', 'G', 'A#', 'C#', 'E', 'G', 'A#', 'C#', 'E', 'G', 'A#', 'C#', 'E', 'G', 'A#', 'C#', 'E', 'G', 'A#', 'C#', 'E', 'G', 'A#', 'C#', 'E', 'G', 'A#', 'C#', 'E', 'G', 'A#', 'C#', 'E', 'G', 'A#', 'C#', 'E', 'G', 'A#', 'C#', 'E', 'G', 'A#', 'C#', 'E', 'G', 'A#', 'C#', 'E', 'G', 'A#', 'C#', 'E', 'G', 'A#', 'C#', 'E', 'G', 'A#', 'C#', 'E', 'G', 'A#', 'C#', 'E', 'G', 'A#', 'C#', 'E', 'G', 'A#', 'C#', 'E', 'G', 'A#', 'C#', 'E', 'G', 'A#', 'C#', 'E', 'G', 'A#', 'C#', 'E', 'G', 'A#', 'C#', 'E', 'G']	0.0	0.0	0.0	0.0
33.25	3.0	12.0	['A#5', 'C#6', 'E6', 'G6']	['m3', 'd5', 'd7']	[False, False, False, False]	12.0	3.0	16.0	viio7/iv	False	('A#', 'C#', 'E', 'G')	A#	A#	0.0	diminished seventh chord	(1, 4, 7, 10)	f#	b	#7	4	False	['A#', 'C#', 'E', 'G', 'A#', 'C#', 'E', 'G', 'A#', 'C#', 'E', 'G', 'A#', 'C#', 'E', 'G', 'A#', 'C#', 'E', 'G', 'A#', 'C#', 'E', 'G', 'A#', 'C#', 'E', 'G', 'A#', 'C#', 'E', 'G', 'A#', 'C#', 'E', 'G', 'A#', 'C#', 'E', 'G', 'A#', 'C#', 'E', 'G', 'A#', 'C#', 'E', 'G', 'A#', 'C#', 'E', 'G', 'A#', 'C#', 'E', 'G', 'A#', 'C#', 'E', 'G', 'A#', 'C#', 'E', 'G', 'A#', 'C#', 'E', 'G', 'A#', 'C#', 'E', 'G', 'A#', 'C#', 'E', 'G', 'A#', 'C#', 'E', 'G', 'A#', 'C#', 'E', 'G', 'A#', 'C#', 'E', 'G', 'A#', 'C#', 'E', 'G', 'A#', 'C#', 'E', 'G']	0.0	0.0	0.0	0.0
33.375	3.0	12.0	['A#5', 'C#6', 'E6', 'G6']	['m3', 'd5', 'd7']	[False, False, False, False]	12.0	3.0	16.0	viio7/iv	False	('A#', 'C#', 'E', 'G')	A#	A#	0.0	diminished seventh chord	(1, 4, 7, 10)	f#	b	#7	4	False	['A#', 'C#', 'E', 'G', 'A#', 'C#', 'E', 'G', 'A#', 'C#', 'E', 'G', 'A#', 'C#', 'E', 'G', 'A#', 'C#', 'E', 'G', 'A#', 'C#', 'E', 'G', 'A#', 'C#', 'E', 'G', 'A#', 'C#', 'E', 'G', 'A#', 'C#', 'E', 'G', 'A#', 'C#', 'E', 'G', 'A#', 'C#', 'E', 'G', 'A#', 'C#', 'E', 'G', 'A#', 'C#', 'E', 'G', 'A#', 'C#', 'E', 'G', 'A#', 'C#', 'E', 'G', 'A#', 'C#', 'E', 'G', 'A#', 'C#', 'E', 'G', 'A#', 'C#', 'E', 'G', 'A#', 'C#', 'E', 'G', 'A#', 'C#', 'E', 'G', 'A#', 'C#', 'E', 'G', 'A#', 'C#', 'E', 'G', 'A#', 'C#', 'E', 'G', 'A#', 'C#', 'E', 'G']	0.0	0.0	0.0	0.0
33.5	3.0	12.0	['A#5', 'C#6', 'E6', 'G6']	['m3', 'd5', 'd7']	[False, False, False, False]	12.0	3.0	16.0	viio7/iv	False	('A#', 'C#', 'E', 'G')	A#	A#	0.0	diminished seventh chord	(1, 4, 7, 10)	f#	b	#7	4	False	['A#', 'C#', 'E', 'G', 'A#', 'C#', 'E', 'G', 'A#', 'C#', 'E', 'G', 'A#', 'C#', 'E', 'G', 'A#', 'C#', 'E', 'G', 'A#', 'C#', 'E', 'G', 'A#', 'C#', 'E', 'G', 'A#', 'C#', 'E', 'G', 'A#', 'C#', 'E', 'G', 'A#', 'C#', 'E', 'G', 'A#', 'C#', 'E', 'G', 'A#', 'C#', 'E', 'G', 'A#', 'C#', 'E', 'G', 'A#', 'C#', 'E', 'G', 'A#', 'C#', 'E', 'G', 'A#', 'C#', 'E', 'G', 'A#', 'C#', 'E', 'G', 'A#', 'C#', 'E', 'G', 'A#', 'C#', 'E', 'G', 'A#', 'C#', 'E', 'G', 'A#', 'C#', 'E', 'G', 'A#', 'C#', 'E', 'G', 'A#', 'C#', 'E', 'G', 'A#', 'C#', 'E', 'G']	0.0	0.0	0.0	0.0
33.625	3.0	12.0	['A#5', 'C#6', 'E6', 'G6']	['m3', 'd5', 'd7']	[False, False, False, False]	12.0	3.0	16.0	viio7/iv	False	('A#', 'C#', 'E', 'G')	A#	A#	0.0	diminished seventh chord	(1, 4, 7, 10)	f#	b	#7	4	False	['A#', 'C#', 'E', 'G', 'A#', 'C#', 'E', 'G', 'A#', 'C#', 'E', 'G', 'A#', 'C#', 'E', 'G', 'A#', 'C#', 'E', 'G', 'A#', 'C#', 'E', 'G', 'A#', 'C#', 'E', 'G', 'A#', 'C#', 'E', 'G', 'A#', 'C#', 'E', 'G', 'A#', 'C#', 'E', 'G', 'A#', 'C#', 'E', 'G', 'A#', 'C#', 'E', 'G', 'A#', 'C#', 'E', 'G', 'A#', 'C#', 'E', 'G', 'A#', 'C#', 'E', 'G', 'A#', 'C#', 'E', 'G', 'A#', 'C#', 'E', 'G', 'A#', 'C#', 'E', 'G', 'A#', 'C#', 'E', 'G', 'A#', 'C#', 'E', 'G', 'A#', 'C#', 'E', 'G', 'A#', 'C#', 'E', 'G', 'A#', 'C#', 'E', 'G', 'A#', 'C#', 'E', 'G']	0.0	0.0	0.0	0.0
33.75	3.0	12.0	['A#5', 'C#6', 'E6', 'G6']	['m3', 'd5', 'd7']	[False, False, False, False]	12.0	3.0	16.0	viio7/iv	False	('A#', 'C#', 'E', 'G')	A#	A#	0.0	diminished seventh chord	(1, 4, 7, 10)	f#	b	#7	4	False	['A#', 'C#', 'E', 'G', 'A#', 'C#', 'E', 'G', 'A#', 'C#', 'E', 'G', 'A#', 'C#', 'E', 'G', 'A#', 'C#', 'E', 'G', 'A#', 'C#', 'E', 'G', 'A#', 'C#', 'E', 'G', 'A#', 'C#', 'E', 'G', 'A#', 'C#', 'E', 'G', 'A#', 'C#', 'E', 'G', 'A#', 'C#', 'E', 'G', 'A#', 'C#', 'E', 'G', 'A#', 'C#', 'E', 'G', 'A#', 'C#', 'E', 'G', 'A#', 'C#', 'E', 'G', 'A#', 'C#', 'E', 'G', 'A#', 'C#', 'E', 'G', 'A#', 'C#', 'E', 'G', 'A#', 'C#', 'E', 'G', 'A#', 'C#', 'E', 'G', 'A#', 'C#', 'E', 'G', 'A#', 'C#', 'E', 'G', 'A#', 'C#', 'E', 'G', 'A#', 'C#', 'E', 'G']	0.0	0.0	0.0	0.0
33.875	3.0	12.0	['A#5', 'C#6', 'E6', 'G6']	['m3', 'd5', 'd7']	[False, False, False, False]	12.0	3.0	16.0	viio7/iv	False	('A#', 'C#', 'E', 'G')	A#	A#	0.0	diminished seventh chord	(1, 4, 7, 10)	f#	b	#7	4	False	['A#', 'C#', 'E', 'G', 'A#', 'C#', 'E', 'G', 'A#', 'C#', 'E', 'G', 'A#', 'C#', 'E', 'G', 'A#', 'C#', 'E', 'G', 'A#', 'C#', 'E', 'G', 'A#', 'C#', 'E', 'G', 'A#', 'C#', 'E', 'G', 'A#', 'C#', 'E', 'G', 'A#', 'C#', 'E', 'G', 'A#', 'C#', 'E', 'G', 'A#', 'C#', 'E', 'G', 'A#', 'C#', 'E', 'G', 'A#', 'C#', 'E', 'G', 'A#', 'C#', 'E', 'G', 'A#', 'C#', 'E', 'G', 'A#', 'C#', 'E', 'G', 'A#', 'C#', 'E', 'G', 'A#', 'C#', 'E', 'G', 'A#', 'C#', 'E', 'G', 'A#', 'C#', 'E', 'G', 'A#', 'C#', 'E', 'G', 'A#', 'C#', 'E', 'G', 'A#', 'C#', 'E', 'G']	0.0	0.0	0.0	0.0
34.0	3.0	12.0	['A#5', 'C#6', 'E6', 'G6']	['m3', 'd5', 'd7']	[False, False, False, False]	12.0	3.0	16.0	viio7/iv	False	('A#', 'C#', 'E', 'G')	A#	A#	0.0	diminished seventh chord	(1, 4, 7, 10)	f#	b	#7	4	False	['A#', 'C#', 'E', 'G', 'A#', 'C#', 'E', 'G', 'A#', 'C#', 'E', 'G', 'A#', 'C#', 'E', 'G', 'A#', 'C#', 'E', 'G', 'A#', 'C#', 'E', 'G', 'A#', 'C#', 'E', 'G', 'A#', 'C#', 'E', 'G', 'A#', 'C#', 'E', 'G', 'A#', 'C#', 'E', 'G', 'A#', 'C#', 'E', 'G', 'A#', 'C#', 'E', 'G', 'A#', 'C#', 'E', 'G', 'A#', 'C#', 'E', 'G', 'A#', 'C#', 'E', 'G', 'A#', 'C#', 'E', 'G', 'A#', 'C#', 'E', 'G', 'A#', 'C#', 'E', 'G', 'A#', 'C#', 'E', 'G', 'A#', 'C#', 'E', 'G', 'A#', 'C#', 'E', 'G', 'A#', 'C#', 'E', 'G', 'A#', 'C#', 'E', 'G', 'A#', 'C#', 'E', 'G']	0.0	0.0	0.0	0.0
34.125	3.0	12.0	['A#5', 'C#6', 'E6', 'G6']	['m3', 'd5', 'd7']	[False, False, False, False]	12.0	3.0	16.0	viio7/iv	False	('A#', 'C#', 'E', 'G')	A#	A#	0.0	diminished seventh chord	(1, 4, 7, 10)	f#	b	#7	4	False	['A#', 'C#', 'E', 'G', 'A#', 'C#', 'E', 'G', 'A#', 'C#', 'E', 'G', 'A#', 'C#', 'E', 'G', 'A#', 'C#', 'E', 'G', 'A#', 'C#', 'E', 'G', 'A#', 'C#', 'E', 'G', 'A#', 'C#', 'E', 'G', 'A#', 'C#', 'E', 'G', 'A#', 'C#', 'E', 'G', 'A#', 'C#', 'E', 'G', 'A#', 'C#', 'E', 'G', 'A#', 'C#', 'E', 'G', 'A#', 'C#', 'E', 'G', 'A#', 'C#', 'E', 'G', 'A#', 'C#', 'E', 'G', 'A#', 'C#', 'E', 'G', 'A#', 'C#', 'E', 'G', 'A#', 'C#', 'E', 'G', 'A#', 'C#', 'E', 'G', 'A#', 'C#', 'E', 'G', 'A#', 'C#', 'E', 'G', 'A#', 'C#', 'E', 'G', 'A#', 'C#', 'E', 'G']	0.0	0.0	0.0	0.0
34.25	3.0	12.0	['A#5', 'C#6', 'E6', 'G6']	['m3', 'd5', 'd7']	[False, False, False, False]	12.0	3.0	16.0	viio7/iv	False	('A#', 'C#', 'E', 'G')	A#	A#	0.0	diminished seventh chord	(1, 4, 7, 10)	f#	b	#7	4	False	['A#', 'C#', 'E', 'G', 'A#', 'C#', 'E', 'G', 'A#', 'C#', 'E', 'G', 'A#', 'C#', 'E', 'G', 'A#', 'C#', 'E', 'G', 'A#', 'C#', 'E', 'G', 'A#', 'C#', 'E', 'G', 'A#', 'C#', 'E', 'G', 'A#', 'C#', 'E', 'G', 'A#', 'C#', 'E', 'G', 'A#', 'C#', 'E', 'G', 'A#', 'C#', 'E', 'G', 'A#', 'C#', 'E', 'G', 'A#', 'C#', 'E', 'G', 'A#', 'C#', 'E', 'G', 'A#', 'C#', 'E', 'G', 'A#', 'C#', 'E', 'G', 'A#', 'C#', 'E', 'G', 'A#', 'C#', 'E', 'G', 'A#', 'C#', 'E', 'G', 'A#', 'C#', 'E', 'G', 'A#', 'C#', 'E', 'G', 'A#', 'C#', 'E', 'G', 'A#', 'C#', 'E', 'G']	0.0	0.0	0.0	0.0
34.375	3.0	12.0	['A#5', 'C#6', 'E6', 'G6']	['m3', 'd5', 'd7']	[False, False, False, False]	12.0	3.0	16.0	viio7/iv	False	('A#', 'C#', 'E', 'G')	A#	A#	0.0	diminished seventh chord	(1, 4, 7, 10)	f#	b	#7	4	False	['A#', 'C#', 'E', 'G', 'A#', 'C#', 'E', 'G', 'A#', 'C#', 'E', 'G', 'A#', 'C#', 'E', 'G', 'A#', 'C#', 'E', 'G', 'A#', 'C#', 'E', 'G', 'A#', 'C#', 'E', 'G', 'A#', 'C#', 'E', 'G', 'A#', 'C#', 'E', 'G', 'A#', 'C#', 'E', 'G', 'A#', 'C#', 'E', 'G', 'A#', 'C#', 'E', 'G', 'A#', 'C#', 'E', 'G', 'A#', 'C#', 'E', 'G', 'A#', 'C#', 'E', 'G', 'A#', 'C#', 'E', 'G', 'A#', 'C#', 'E', 'G', 'A#', 'C#', 'E', 'G', 'A#', 'C#', 'E', 'G', 'A#', 'C#', 'E', 'G', 'A#', 'C#', 'E', 'G', 'A#', 'C#', 'E', 'G', 'A#', 'C#', 'E', 'G', 'A#', 'C#', 'E', 'G']	0.0	0.0	0.0	0.0
34.5	3.0	12.0	['A#5', 'C#6', 'E6', 'G6']	['m3', 'd5', 'd7']	[False, False, False, False]	12.0	3.0	16.0	viio7/iv	False	('A#', 'C#', 'E', 'G')	A#	A#	0.0	diminished seventh chord	(1, 4, 7, 10)	f#	b	#7	4	False	['A#', 'C#', 'E', 'G', 'A#', 'C#', 'E', 'G', 'A#', 'C#', 'E', 'G', 'A#', 'C#', 'E', 'G', 'A#', 'C#', 'E', 'G', 'A#', 'C#', 'E', 'G', 'A#', 'C#', 'E', 'G', 'A#', 'C#', 'E', 'G', 'A#', 'C#', 'E', 'G', 'A#', 'C#', 'E', 'G', 'A#', 'C#', 'E', 'G', 'A#', 'C#', 'E', 'G', 'A#', 'C#', 'E', 'G', 'A#', 'C#', 'E', 'G', 'A#', 'C#', 'E', 'G', 'A#', 'C#', 'E', 'G', 'A#', 'C#', 'E', 'G', 'A#', 'C#', 'E', 'G', 'A#', 'C#', 'E', 'G', 'A#', 'C#', 'E', 'G', 'A#', 'C#', 'E', 'G', 'A#', 'C#', 'E', 'G', 'A#', 'C#', 'E', 'G', 'A#', 'C#', 'E', 'G']	0.0	0.0	0.0	0.0
34.625	3.0	12.0	['A#5', 'C#6', 'E6', 'G6']	['m3', 'd5', 'd7']	[False, False, False, False]	12.0	3.0	16.0	viio7/iv	False	('A#', 'C#', 'E', 'G')	A#	A#	0.0	diminished seventh chord	(1, 4, 7, 10)	f#	b	#7	4	False	['A#', 'C#', 'E', 'G', 'A#', 'C#', 'E', 'G', 'A#', 'C#', 'E', 'G', 'A#', 'C#', 'E', 'G', 'A#', 'C#', 'E', 'G', 'A#', 'C#', 'E', 'G', 'A#', 'C#', 'E', 'G', 'A#', 'C#', 'E', 'G', 'A#', 'C#', 'E', 'G', 'A#', 'C#', 'E', 'G', 'A#', 'C#', 'E', 'G', 'A#', 'C#', 'E', 'G', 'A#', 'C#', 'E', 'G', 'A#', 'C#', 'E', 'G', 'A#', 'C#', 'E', 'G', 'A#', 'C#', 'E', 'G', 'A#', 'C#', 'E', 'G', 'A#', 'C#', 'E', 'G', 'A#', 'C#', 'E', 'G', 'A#', 'C#', 'E', 'G', 'A#', 'C#', 'E', 'G', 'A#', 'C#', 'E', 'G', 'A#', 'C#', 'E', 'G', 'A#', 'C#', 'E', 'G']	0.0	0.0	0.0	0.0
34.75	3.0	12.0	['A#5', 'C#6', 'E6', 'G6']	['m3', 'd5', 'd7']	[False, False, False, False]	12.0	3.0	16.0	viio7/iv	False	('A#', 'C#', 'E', 'G')	A#	A#	0.0	diminished seventh chord	(1, 4, 7, 10)	f#	b	#7	4	False	['A#', 'C#', 'E', 'G', 'A#', 'C#', 'E', 'G', 'A#', 'C#', 'E', 'G', 'A#', 'C#', 'E', 'G', 'A#', 'C#', 'E', 'G', 'A#', 'C#', 'E', 'G', 'A#', 'C#', 'E', 'G', 'A#', 'C#', 'E', 'G', 'A#', 'C#', 'E', 'G', 'A#', 'C#', 'E', 'G', 'A#', 'C#', 'E', 'G', 'A#', 'C#', 'E', 'G', 'A#', 'C#', 'E', 'G', 'A#', 'C#', 'E', 'G', 'A#', 'C#', 'E', 'G', 'A#', 'C#', 'E', 'G', 'A#', 'C#', 'E', 'G', 'A#', 'C#', 'E', 'G', 'A#', 'C#', 'E', 'G', 'A#', 'C#', 'E', 'G', 'A#', 'C#', 'E', 'G', 'A#', 'C#', 'E', 'G', 'A#', 'C#', 'E', 'G', 'A#', 'C#', 'E', 'G']	0.0	0.0	0.0	0.0
34.875	3.0	12.0	['A#5', 'C#6', 'E6', 'G6']	['m3', 'd5', 'd7']	[False, False, False, False]	12.0	3.0	16.0	viio7/iv	False	('A#', 'C#', 'E', 'G')	A#	A#	0.0	diminished seventh chord	(1, 4, 7, 10)	f#	b	#7	4	False	['A#', 'C#', 'E', 'G', 'A#', 'C#', 'E', 'G', 'A#', 'C#', 'E', 'G', 'A#', 'C#', 'E', 'G', 'A#', 'C#', 'E', 'G', 'A#', 'C#', 'E', 'G', 'A#', 'C#', 'E', 'G', 'A#', 'C#', 'E', 'G', 'A#', 'C#', 'E', 'G', 'A#', 'C#', 'E', 'G', 'A#', 'C#', 'E', 'G', 'A#', 'C#', 'E', 'G', 'A#', 'C#', 'E', 'G', 'A#', 'C#', 'E', 'G', 'A#', 'C#', 'E', 'G', 'A#', 'C#', 'E', 'G', 'A#', 'C#', 'E', 'G', 'A#', 'C#', 'E', 'G', 'A#', 'C#', 'E', 'G', 'A#', 'C#', 'E', 'G', 'A#', 'C#', 'E', 'G', 'A#', 'C#', 'E', 'G', 'A#', 'C#', 'E', 'G', 'A#', 'C#', 'E', 'G']	0.0	0.0	0.0	0.0
35.0	3.0	12.0	['A#5', 'C#6', 'E6', 'G6']	['m3', 'd5', 'd7']	[False, False, False, False]	12.0	3.0	16.0	viio7/iv	False	('A#', 'C#', 'E', 'G')	A#	A#	0.0	diminished seventh chord	(1, 4, 7, 10)	f#	b	#7	4	False	['A#', 'C#', 'E', 'G', 'A#', 'C#', 'E', 'G', 'A#', 'C#', 'E', 'G', 'A#', 'C#', 'E', 'G', 'A#', 'C#', 'E', 'G', 'A#', 'C#', 'E', 'G', 'A#', 'C#', 'E', 'G', 'A#', 'C#', 'E', 'G', 'A#', 'C#', 'E', 'G', 'A#', 'C#', 'E', 'G', 'A#', 'C#', 'E', 'G', 'A#', 'C#', 'E', 'G', 'A#', 'C#', 'E', 'G', 'A#', 'C#', 'E', 'G', 'A#', 'C#', 'E', 'G', 'A#', 'C#', 'E', 'G', 'A#', 'C#', 'E', 'G', 'A#', 'C#', 'E', 'G', 'A#', 'C#', 'E', 'G', 'A#', 'C#', 'E', 'G', 'A#', 'C#', 'E', 'G', 'A#', 'C#', 'E', 'G', 'A#', 'C#', 'E', 'G', 'A#', 'C#', 'E', 'G']	0.0	0.0	0.0	0.0
35.125	3.0	12.0	['A#5', 'C#6', 'E6', 'G6']	['m3', 'd5', 'd7']	[False, False, False, False]	12.0	3.0	16.0	viio7/iv	False	('A#', 'C#', 'E', 'G')	A#	A#	0.0	diminished seventh chord	(1, 4, 7, 10)	f#	b	#7	4	False	['A#', 'C#', 'E', 'G', 'A#', 'C#', 'E', 'G', 'A#', 'C#', 'E', 'G', 'A#', 'C#', 'E', 'G', 'A#', 'C#', 'E', 'G', 'A#', 'C#', 'E', 'G', 'A#', 'C#', 'E', 'G', 'A#', 'C#', 'E', 'G', 'A#', 'C#', 'E', 'G', 'A#', 'C#', 'E', 'G', 'A#', 'C#', 'E', 'G', 'A#', 'C#', 'E', 'G', 'A#', 'C#', 'E', 'G', 'A#', 'C#', 'E', 'G', 'A#', 'C#', 'E', 'G', 'A#', 'C#', 'E', 'G', 'A#', 'C#', 'E', 'G', 'A#', 'C#', 'E', 'G', 'A#', 'C#', 'E', 'G', 'A#', 'C#', 'E', 'G', 'A#', 'C#', 'E', 'G', 'A#', 'C#', 'E', 'G', 'A#', 'C#', 'E', 'G', 'A#', 'C#', 'E', 'G']	0.0	0.0	0.0	0.0
35.25	3.0	12.0	['A#5', 'C#6', 'E6', 'G6']	['m3', 'd5', 'd7']	[False, False, False, False]	12.0	3.0	16.0	viio7/iv	False	('A#', 'C#', 'E', 'G')	A#	A#	0.0	diminished seventh chord	(1, 4, 7, 10)	f#	b	#7	4	False	['A#', 'C#', 'E', 'G', 'A#', 'C#', 'E', 'G', 'A#', 'C#', 'E', 'G', 'A#', 'C#', 'E', 'G', 'A#', 'C#', 'E', 'G', 'A#', 'C#', 'E', 'G', 'A#', 'C#', 'E', 'G', 'A#', 'C#', 'E', 'G', 'A#', 'C#', 'E', 'G', 'A#', 'C#', 'E', 'G', 'A#', 'C#', 'E', 'G', 'A#', 'C#', 'E', 'G', 'A#', 'C#', 'E', 'G', 'A#', 'C#', 'E', 'G', 'A#', 'C#', 'E', 'G', 'A#', 'C#', 'E', 'G', 'A#', 'C#', 'E', 'G', 'A#', 'C#', 'E', 'G', 'A#', 'C#', 'E', 'G', 'A#', 'C#', 'E', 'G', 'A#', 'C#', 'E', 'G', 'A#', 'C#', 'E', 'G', 'A#', 'C#', 'E', 'G', 'A#', 'C#', 'E', 'G']	0.0	0.0	0.0	0.0
35.375	3.0	12.0	['A#5', 'C#6', 'E6', 'G6']	['m3', 'd5', 'd7']	[False, False, False, False]	12.0	3.0	16.0	viio7/iv	False	('A#', 'C#', 'E', 'G')	A#	A#	0.0	diminished seventh chord	(1, 4, 7, 10)	f#	b	#7	4	False	['A#', 'C#', 'E', 'G', 'A#', 'C#', 'E', 'G', 'A#', 'C#', 'E', 'G', 'A#', 'C#', 'E', 'G', 'A#', 'C#', 'E', 'G', 'A#', 'C#', 'E', 'G', 'A#', 'C#', 'E', 'G', 'A#', 'C#', 'E', 'G', 'A#', 'C#', 'E', 'G', 'A#', 'C#', 'E', 'G', 'A#', 'C#', 'E', 'G', 'A#', 'C#', 'E', 'G', 'A#', 'C#', 'E', 'G', 'A#', 'C#', 'E', 'G', 'A#', 'C#', 'E', 'G', 'A#', 'C#', 'E', 'G', 'A#', 'C#', 'E', 'G', 'A#', 'C#', 'E', 'G', 'A#', 'C#', 'E', 'G', 'A#', 'C#', 'E', 'G', 'A#', 'C#', 'E', 'G', 'A#', 'C#', 'E', 'G', 'A#', 'C#', 'E', 'G', 'A#', 'C#', 'E', 'G']	0.0	0.0	0.0	0.0
35.5	3.0	12.0	['A#5', 'C#6', 'E6', 'G6']	['m3', 'd5', 'd7']	[False, False, False, False]	12.0	3.0	16.0	viio7/iv	False	('A#', 'C#', 'E', 'G')	A#	A#	0.0	diminished seventh chord	(1, 4, 7, 10)	f#	b	#7	4	False	['A#', 'C#', 'E', 'G', 'A#', 'C#', 'E', 'G', 'A#', 'C#', 'E', 'G', 'A#', 'C#', 'E', 'G', 'A#', 'C#', 'E', 'G', 'A#', 'C#', 'E', 'G', 'A#', 'C#', 'E', 'G', 'A#', 'C#', 'E', 'G', 'A#', 'C#', 'E', 'G', 'A#', 'C#', 'E', 'G', 'A#', 'C#', 'E', 'G', 'A#', 'C#', 'E', 'G', 'A#', 'C#', 'E', 'G', 'A#', 'C#', 'E', 'G', 'A#', 'C#', 'E', 'G', 'A#', 'C#', 'E', 'G', 'A#', 'C#', 'E', 'G', 'A#', 'C#', 'E', 'G', 'A#', 'C#', 'E', 'G', 'A#', 'C#', 'E', 'G', 'A#', 'C#', 'E', 'G', 'A#', 'C#', 'E', 'G', 'A#', 'C#', 'E', 'G', 'A#', 'C#', 'E', 'G']	0.0	0.0	0.0	0.0
35.625	3.0	12.0	['A#5', 'C#6', 'E6', 'G6']	['m3', 'd5', 'd7']	[False, False, False, False]	12.0	3.0	16.0	viio7/iv	False	('A#', 'C#', 'E', 'G')	A#	A#	0.0	diminished seventh chord	(1, 4, 7, 10)	f#	b	#7	4	False	['A#', 'C#', 'E', 'G', 'A#', 'C#', 'E', 'G', 'A#', 'C#', 'E', 'G', 'A#', 'C#', 'E', 'G', 'A#', 'C#', 'E', 'G', 'A#', 'C#', 'E', 'G', 'A#', 'C#', 'E', 'G', 'A#', 'C#', 'E', 'G', 'A#', 'C#', 'E', 'G', 'A#', 'C#', 'E', 'G', 'A#', 'C#', 'E', 'G', 'A#', 'C#', 'E', 'G', 'A#', 'C#', 'E', 'G', 'A#', 'C#', 'E', 'G', 'A#', 'C#', 'E', 'G', 'A#', 'C#', 'E', 'G', 'A#', 'C#', 'E', 'G', 'A#', 'C#', 'E', 'G', 'A#', 'C#', 'E', 'G', 'A#', 'C#', 'E', 'G', 'A#', 'C#', 'E', 'G', 'A#', 'C#', 'E', 'G', 'A#', 'C#', 'E', 'G', 'A#', 'C#', 'E', 'G']	0.0	0.0	0.0	0.0
35.75	3.0	12.0	['A#5', 'C#6', 'E6', 'G6']	['m3', 'd5', 'd7']	[False, False, False, False]	12.0	3.0	16.0	viio7/iv	False	('A#', 'C#', 'E', 'G')	A#	A#	0.0	diminished seventh chord	(1, 4, 7, 10)	f#	b	#7	4	False	['A#', 'C#', 'E', 'G', 'A#', 'C#', 'E', 'G', 'A#', 'C#', 'E', 'G', 'A#', 'C#', 'E', 'G', 'A#', 'C#', 'E', 'G', 'A#', 'C#', 'E', 'G', 'A#', 'C#', 'E', 'G', 'A#', 'C#', 'E', 'G', 'A#', 'C#', 'E', 'G', 'A#', 'C#', 'E', 'G', 'A#', 'C#', 'E', 'G', 'A#', 'C#', 'E', 'G', 'A#', 'C#', 'E', 'G', 'A#', 'C#', 'E', 'G', 'A#', 'C#', 'E', 'G', 'A#', 'C#', 'E', 'G', 'A#', 'C#', 'E', 'G', 'A#', 'C#', 'E', 'G', 'A#', 'C#', 'E', 'G', 'A#', 'C#', 'E', 'G', 'A#', 'C#', 'E', 'G', 'A#', 'C#', 'E', 'G', 'A#', 'C#', 'E', 'G', 'A#', 'C#', 'E', 'G']	0.0	0.0	0.0	0.0
35.875	3.0	12.0	['A#5', 'C#6', 'E6', 'G6']	['m3', 'd5', 'd7']	[False, False, False, False]	12.0	3.0	16.0	viio7/iv	False	('A#', 'C#', 'E', 'G')	A#	A#	0.0	diminished seventh chord	(1, 4, 7, 10)	f#	b	#7	4	False	['A#', 'C#', 'E', 'G', 'A#', 'C#', 'E', 'G', 'A#', 'C#', 'E', 'G', 'A#', 'C#', 'E', 'G', 'A#', 'C#', 'E', 'G', 'A#', 'C#', 'E', 'G', 'A#', 'C#', 'E', 'G', 'A#', 'C#', 'E', 'G', 'A#', 'C#', 'E', 'G', 'A#', 'C#', 'E', 'G', 'A#', 'C#', 'E', 'G', 'A#', 'C#', 'E', 'G', 'A#', 'C#', 'E', 'G', 'A#', 'C#', 'E', 'G', 'A#', 'C#', 'E', 'G', 'A#', 'C#', 'E', 'G', 'A#', 'C#', 'E', 'G', 'A#', 'C#', 'E', 'G', 'A#', 'C#', 'E', 'G', 'A#', 'C#', 'E', 'G', 'A#', 'C#', 'E', 'G', 'A#', 'C#', 'E', 'G', 'A#', 'C#', 'E', 'G', 'A#', 'C#', 'E', 'G']	0.0	0.0	0.0	0.0
36.0	0.5	13.0	['B4']	[]	[True]	13.0	1.0	17.0	iv	True	('B', 'D', 'F#')	B	B	0.0	minor triad	(2, 6, 11)	f#	f#	4	None	False	['B', 'B', 'B', 'B', 'D', 'F#', 'D', 'F#', 'D', 'F#', 'D', 'F#']	0.0	0.0	0.0	0.5
36.125	0.5	13.0	['B4']	[]	[False]	13.0	1.0	17.0	iv	False	('B', 'D', 'F#')	B	B	0.0	minor triad	(2, 6, 11)	f#	f#	4	None	False	['B', 'B', 'B', 'B', 'D', 'F#', 'D', 'F#', 'D', 'F#', 'D', 'F#']	0.0	0.0	0.0	0.5
36.25	0.5	13.0	['B4']	[]	[False]	13.0	1.0	17.0	iv	False	('B', 'D', 'F#')	B	B	0.0	minor triad	(2, 6, 11)	f#	f#	4	None	False	['B', 'B', 'B', 'B', 'D', 'F#', 'D', 'F#', 'D', 'F#', 'D', 'F#']	0.0	0.0	0.0	0.5
36.375	0.5	13.0	['B4']	[]	[False]	13.0	1.0	17.0	iv	False	('B', 'D', 'F#')	B	B	0.0	minor triad	(2, 6, 11)	f#	f#	4	None	False	['B', 'B', 'B', 'B', 'D', 'F#', 'D', 'F#', 'D', 'F#', 'D', 'F#']	0.0	0.0	0.0	0.5
36.5	0.5	13.0	['D5', 'F#5']	['M3']	[True, True]	13.0	1.0	17.0	iv	False	('B', 'D', 'F#')	B	B	0.0	minor triad	(2, 6, 11)	f#	f#	4	None	False	['B', 'B', 'B', 'B', 'D', 'F#', 'D', 'F#', 'D', 'F#', 'D', 'F#']	0.0	0.0	0.0	0.5
36.625	0.5	13.0	['D5', 'F#5']	['M3']	[False, False]	13.0	1.0	17.0	iv	False	('B', 'D', 'F#')	B	B	0.0	minor triad	(2, 6, 11)	f#	f#	4	None	False	['B', 'B', 'B', 'B', 'D', 'F#', 'D', 'F#', 'D', 'F#', 'D', 'F#']	0.0	0.0	0.0	0.5
36.75	0.5	13.0	['D5', 'F#5']	['M3']	[False, False]	13.0	1.0	17.0	iv	False	('B', 'D', 'F#')	B	B	0.0	minor triad	(2, 6, 11)	f#	f#	4	None	False	['B', 'B', 'B', 'B', 'D', 'F#', 'D', 'F#', 'D', 'F#', 'D', 'F#']	0.0	0.0	0.0	0.5
36.875	0.5	13.0	['D5', 'F#5']	['M3']	[False, False]	13.0	1.0	17.0	iv	False	('B', 'D', 'F#')	B	B	0.0	minor triad	(2, 6, 11)	f#	f#	4	None	False	['B', 'B', 'B', 'B', 'D', 'F#', 'D', 'F#', 'D', 'F#', 'D', 'F#']	0.0	0.0	0.0	0.5
37.0	1.0	13.0	['C#5', 'F#5', 'A5']	['P4', 'm6']	[True, True, True]	13.0	1.0	18.0	i	True	('C#', 'F#', 'A')	C#	F#	2.0	minor triad	(1, 6, 9)	f#	f#	1	None	False	['C#', 'F#', 'A', 'C#', 'F#', 'A', 'C#', 'F#', 'A', 'C#', 'F#', 'A', 'C#', 'F#', 'A', 'C#', 'F#', 'A', 'C#', 'F#', 'A', 'C#', 'F#', 'A']	0.0	0.0	0.0	0.0
37.125	1.0	13.0	['C#5', 'F#5', 'A5']	['P4', 'm6']	[False, False, False]	13.0	1.0	18.0	i	False	('C#', 'F#', 'A')	C#	F#	2.0	minor triad	(1, 6, 9)	f#	f#	1	None	False	['C#', 'F#', 'A', 'C#', 'F#', 'A', 'C#', 'F#', 'A', 'C#', 'F#', 'A', 'C#', 'F#', 'A', 'C#', 'F#', 'A', 'C#', 'F#', 'A', 'C#', 'F#', 'A']	0.0	0.0	0.0	0.0
37.25	1.0	13.0	['C#5', 'F#5', 'A5']	['P4', 'm6']	[False, False, False]	13.0	1.0	18.0	i	False	('C#', 'F#', 'A')	C#	F#	2.0	minor triad	(1, 6, 9)	f#	f#	1	None	False	['C#', 'F#', 'A', 'C#', 'F#', 'A', 'C#', 'F#', 'A', 'C#', 'F#', 'A', 'C#', 'F#', 'A', 'C#', 'F#', 'A', 'C#', 'F#', 'A', 'C#', 'F#', 'A']	0.0	0.0	0.0	0.0
37.375	1.0	13.0	['C#5', 'F#5', 'A5']	['P4', 'm6']	[False, False, False]	13.0	1.0	18.0	i	False	('C#', 'F#', 'A')	C#	F#	2.0	minor triad	(1, 6, 9)	f#	f#	1	None	False	['C#', 'F#', 'A', 'C#', 'F#', 'A', 'C#', 'F#', 'A', 'C#', 'F#', 'A', 'C#', 'F#', 'A', 'C#', 'F#', 'A', 'C#', 'F#', 'A', 'C#', 'F#', 'A']	0.0	0.0	0.0	0.0
37.5	1.0	13.0	['C#5', 'F#5', 'A5']	['P4', 'm6']	[False, False, False]	13.0	1.0	18.0	i	False	('C#', 'F#', 'A')	C#	F#	2.0	minor triad	(1, 6, 9)	f#	f#	1	None	False	['C#', 'F#', 'A', 'C#', 'F#', 'A', 'C#', 'F#', 'A', 'C#', 'F#', 'A', 'C#', 'F#', 'A', 'C#', 'F#', 'A', 'C#', 'F#', 'A', 'C#', 'F#', 'A']	0.0	0.0	0.0	0.0
37.625	1.0	13.0	['C#5', 'F#5', 'A5']	['P4', 'm6']	[False, False, False]	13.0	1.0	18.0	i	False	('C#', 'F#', 'A')	C#	F#	2.0	minor triad	(1, 6, 9)	f#	f#	1	None	False	['C#', 'F#', 'A', 'C#', 'F#', 'A', 'C#', 'F#', 'A', 'C#', 'F#', 'A', 'C#', 'F#', 'A', 'C#', 'F#', 'A', 'C#', 'F#', 'A', 'C#', 'F#', 'A']	0.0	0.0	0.0	0.0
37.75	1.0	13.0	['C#5', 'F#5', 'A5']	['P4', 'm6']	[False, False, False]	13.0	1.0	18.0	i	False	('C#', 'F#', 'A')	C#	F#	2.0	minor triad	(1, 6, 9)	f#	f#	1	None	False	['C#', 'F#', 'A', 'C#', 'F#', 'A', 'C#', 'F#', 'A', 'C#', 'F#', 'A', 'C#', 'F#', 'A', 'C#', 'F#', 'A', 'C#', 'F#', 'A', 'C#', 'F#', 'A']	0.0	0.0	0.0	0.0
37.875	1.0	13.0	['C#5', 'F#5', 'A5']	['P4', 'm6']	[False, False, False]	13.0	1.0	18.0	i	False	('C#', 'F#', 'A')	C#	F#	2.0	minor triad	(1, 6, 9)	f#	f#	1	None	False	['C#', 'F#', 'A', 'C#', 'F#', 'A', 'C#', 'F#', 'A', 'C#', 'F#', 'A', 'C#', 'F#', 'A', 'C#', 'F#', 'A', 'C#', 'F#', 'A', 'C#', 'F#', 'A']	0.0	0.0	0.0	0.0
38.0	1.0	13.0	['C#5', 'E#5', 'G#5', 'B5']	['M3', 'P5', 'm7']	[True, True, True, True]	13.0	1.0	19.0	V7	True	('C#', 'E#', 'G#', 'B')	C#	C#	0.0	dominant seventh chord	(1, 5, 8, 11)	f#	f#	5	None	False	['C#', 'E#', 'G#', 'B', 'C#', 'E#', 'G#', 'B', 'C#', 'E#', 'G#', 'B', 'C#', 'E#', 'G#', 'B', 'C#', 'E#', 'G#', 'B', 'C#', 'E#', 'G#', 'B', 'C#', 'E#', 'G#', 'B', 'C#', 'E#', 'G#', 'B']	0.0	0.0	0.0	0.0
38.125	1.0	13.0	['C#5', 'E#5', 'G#5', 'B5']	['M3', 'P5', 'm7']	[False, False, False, False]	13.0	1.0	19.0	V7	False	('C#', 'E#', 'G#', 'B')	C#	C#	0.0	dominant seventh chord	(1, 5, 8, 11)	f#	f#	5	None	False	['C#', 'E#', 'G#', 'B', 'C#', 'E#', 'G#', 'B', 'C#', 'E#', 'G#', 'B', 'C#', 'E#', 'G#', 'B', 'C#', 'E#', 'G#', 'B', 'C#', 'E#', 'G#', 'B', 'C#', 'E#', 'G#', 'B', 'C#', 'E#', 'G#', 'B']	0.0	0.0	0.0	0.0
38.25	1.0	13.0	['C#5', 'E#5', 'G#5', 'B5']	['M3', 'P5', 'm7']	[False, False, False, False]	13.0	1.0	19.0	V7	False	('C#', 'E#', 'G#', 'B')	C#	C#	0.0	dominant seventh chord	(1, 5, 8, 11)	f#	f#	5	None	False	['C#', 'E#', 'G#', 'B', 'C#', 'E#', 'G#', 'B', 'C#', 'E#', 'G#', 'B', 'C#', 'E#', 'G#', 'B', 'C#', 'E#', 'G#', 'B', 'C#', 'E#', 'G#', 'B', 'C#', 'E#', 'G#', 'B', 'C#', 'E#', 'G#', 'B']	0.0	0.0	0.0	0.0
38.375	1.0	13.0	['C#5', 'E#5', 'G#5', 'B5']	['M3', 'P5', 'm7']	[False, False, False, False]	13.0	1.0	19.0	V7	False	('C#', 'E#', 'G#', 'B')	C#	C#	0.0	dominant seventh chord	(1, 5, 8, 11)	f#	f#	5	None	False	['C#', 'E#', 'G#', 'B', 'C#', 'E#', 'G#', 'B', 'C#', 'E#', 'G#', 'B', 'C#', 'E#', 'G#', 'B', 'C#', 'E#', 'G#', 'B', 'C#', 'E#', 'G#', 'B', 'C#', 'E#', 'G#', 'B', 'C#', 'E#', 'G#', 'B']	0.0	0.0	0.0	0.0
38.5	1.0	13.0	['C#5', 'E#5', 'G#5', 'B5']	['M3', 'P5', 'm7']	[False, False, False, False]	13.0	1.0	19.0	V7	False	('C#', 'E#', 'G#', 'B')	C#	C#	0.0	dominant seventh chord	(1, 5, 8, 11)	f#	f#	5	None	False	['C#', 'E#', 'G#', 'B', 'C#', 'E#', 'G#', 'B', 'C#', 'E#', 'G#', 'B', 'C#', 'E#', 'G#', 'B', 'C#', 'E#', 'G#', 'B', 'C#', 'E#', 'G#', 'B', 'C#', 'E#', 'G#', 'B', 'C#', 'E#', 'G#', 'B']	0.0	0.0	0.0	0.0
38.625	1.0	13.0	['C#5', 'E#5', 'G#5', 'B5']	['M3', 'P5', 'm7']	[False, False, False, False]	13.0	1.0	19.0	V7	False	('C#', 'E#', 'G#', 'B')	C#	C#	0.0	dominant seventh chord	(1, 5, 8, 11)	f#	f#	5	None	False	['C#', 'E#', 'G#', 'B', 'C#', 'E#', 'G#', 'B', 'C#', 'E#', 'G#', 'B', 'C#', 'E#', 'G#', 'B', 'C#', 'E#', 'G#', 'B', 'C#', 'E#', 'G#', 'B', 'C#', 'E#', 'G#', 'B', 'C#', 'E#', 'G#', 'B']	0.0	0.0	0.0	0.0
38.75	1.0	13.0	['C#5', 'E#5', 'G#5', 'B5']	['M3', 'P5', 'm7']	[False, False, False, False]	13.0	1.0	19.0	V7	False	('C#', 'E#', 'G#', 'B')	C#	C#	0.0	dominant seventh chord	(1, 5, 8, 11)	f#	f#	5	None	False	['C#', 'E#', 'G#', 'B', 'C#', 'E#', 'G#', 'B', 'C#', 'E#', 'G#', 'B', 'C#', 'E#', 'G#', 'B', 'C#', 'E#', 'G#', 'B', 'C#', 'E#', 'G#', 'B', 'C#', 'E#', 'G#', 'B', 'C#', 'E#', 'G#', 'B']	0.0	0.0	0.0	0.0
38.875	1.0	13.0	['C#5', 'E#5', 'G#5', 'B5']	['M3', 'P5', 'm7']	[False, False, False, False]	13.0	1.0	19.0	V7	False	('C#', 'E#', 'G#', 'B')	C#	C#	0.0	dominant seventh chord	(1, 5, 8, 11)	f#	f#	5	None	False	['C#', 'E#', 'G#', 'B', 'C#', 'E#', 'G#', 'B', 'C#', 'E#', 'G#', 'B', 'C#', 'E#', 'G#', 'B', 'C#', 'E#', 'G#', 'B', 'C#', 'E#', 'G#', 'B', 'C#', 'E#', 'G#', 'B', 'C#', 'E#', 'G#', 'B']	0.0	0.0	0.0	0.0
39.0	3.0	14.0	['F#4', 'A4', 'C#5']	['m3', 'P5']	[True, True, True]	14.0	3.0	20.0	i	True	('F#', 'A', 'C#')	F#	F#	0.0	minor triad	(1, 6, 9)	f#	f#	1	None	False	['F#', 'A', 'C#', 'F#', 'A', 'C#', 'F#', 'A', 'C#', 'F#', 'A', 'C#', 'F#', 'A', 'C#', 'F#', 'A', 'C#', 'F#', 'A', 'C#', 'F#', 'A', 'C#', 'F#', 'A', 'C#', 'F#', 'A', 'C#', 'F#', 'A', 'C#', 'F#', 'A', 'C#', 'F#', 'A', 'C#', 'F#', 'A', 'C#', 'F#', 'A', 'C#', 'F#', 'A', 'C#', 'F#', 'A', 'C#', 'F#', 'A', 'C#', 'F#', 'A', 'C#', 'F#', 'A', 'C#', 'F#', 'A', 'C#', 'F#', 'A', 'C#', 'F#', 'A', 'C#', 'F#', 'A', 'C#']	0.0	0.0	0.0	0.0
39.125	3.0	14.0	['F#4', 'A4', 'C#5']	['m3', 'P5']	[False, False, False]	14.0	3.0	20.0	i	False	('F#', 'A', 'C#')	F#	F#	0.0	minor triad	(1, 6, 9)	f#	f#	1	None	False	['F#', 'A', 'C#', 'F#', 'A', 'C#', 'F#', 'A', 'C#', 'F#', 'A', 'C#', 'F#', 'A', 'C#', 'F#', 'A', 'C#', 'F#', 'A', 'C#', 'F#', 'A', 'C#', 'F#', 'A', 'C#', 'F#', 'A', 'C#', 'F#', 'A', 'C#', 'F#', 'A', 'C#', 'F#', 'A', 'C#', 'F#', 'A', 'C#', 'F#', 'A', 'C#', 'F#', 'A', 'C#', 'F#', 'A', 'C#', 'F#', 'A', 'C#', 'F#', 'A', 'C#', 'F#', 'A', 'C#', 'F#', 'A', 'C#', 'F#', 'A', 'C#', 'F#', 'A', 'C#', 'F#', 'A', 'C#']	0.0	0.0	0.0	0.0
39.25	3.0	14.0	['F#4', 'A4', 'C#5']	['m3', 'P5']	[False, False, False]	14.0	3.0	20.0	i	False	('F#', 'A', 'C#')	F#	F#	0.0	minor triad	(1, 6, 9)	f#	f#	1	None	False	['F#', 'A', 'C#', 'F#', 'A', 'C#', 'F#', 'A', 'C#', 'F#', 'A', 'C#', 'F#', 'A', 'C#', 'F#', 'A', 'C#', 'F#', 'A', 'C#', 'F#', 'A', 'C#', 'F#', 'A', 'C#', 'F#', 'A', 'C#', 'F#', 'A', 'C#', 'F#', 'A', 'C#', 'F#', 'A', 'C#', 'F#', 'A', 'C#', 'F#', 'A', 'C#', 'F#', 'A', 'C#', 'F#', 'A', 'C#', 'F#', 'A', 'C#', 'F#', 'A', 'C#', 'F#', 'A', 'C#', 'F#', 'A', 'C#', 'F#', 'A', 'C#', 'F#', 'A', 'C#', 'F#', 'A', 'C#']	0.0	0.0	0.0	0.0
39.375	3.0	14.0	['F#4', 'A4', 'C#5']	['m3', 'P5']	[False, False, False]	14.0	3.0	20.0	i	False	('F#', 'A', 'C#')	F#	F#	0.0	minor triad	(1, 6, 9)	f#	f#	1	None	False	['F#', 'A', 'C#', 'F#', 'A', 'C#', 'F#', 'A', 'C#', 'F#', 'A', 'C#', 'F#', 'A', 'C#', 'F#', 'A', 'C#', 'F#', 'A', 'C#', 'F#', 'A', 'C#', 'F#', 'A', 'C#', 'F#', 'A', 'C#', 'F#', 'A', 'C#', 'F#', 'A', 'C#', 'F#', 'A', 'C#', 'F#', 'A', 'C#', 'F#', 'A', 'C#', 'F#', 'A', 'C#', 'F#', 'A', 'C#', 'F#', 'A', 'C#', 'F#', 'A', 'C#', 'F#', 'A', 'C#', 'F#', 'A', 'C#', 'F#', 'A', 'C#', 'F#', 'A', 'C#', 'F#', 'A', 'C#']	0.0	0.0	0.0	0.0
39.5	3.0	14.0	['F#4', 'A4', 'C#5']	['m3', 'P5']	[False, False, False]	14.0	3.0	20.0	i	False	('F#', 'A', 'C#')	F#	F#	0.0	minor triad	(1, 6, 9)	f#	f#	1	None	False	['F#', 'A', 'C#', 'F#', 'A', 'C#', 'F#', 'A', 'C#', 'F#', 'A', 'C#', 'F#', 'A', 'C#', 'F#', 'A', 'C#', 'F#', 'A', 'C#', 'F#', 'A', 'C#', 'F#', 'A', 'C#', 'F#', 'A', 'C#', 'F#', 'A', 'C#', 'F#', 'A', 'C#', 'F#', 'A', 'C#', 'F#', 'A', 'C#', 'F#', 'A', 'C#', 'F#', 'A', 'C#', 'F#', 'A', 'C#', 'F#', 'A', 'C#', 'F#', 'A', 'C#', 'F#', 'A', 'C#', 'F#', 'A', 'C#', 'F#', 'A', 'C#', 'F#', 'A', 'C#', 'F#', 'A', 'C#']	0.0	0.0	0.0	0.0
39.625	3.0	14.0	['F#4', 'A4', 'C#5']	['m3', 'P5']	[False, False, False]	14.0	3.0	20.0	i	False	('F#', 'A', 'C#')	F#	F#	0.0	minor triad	(1, 6, 9)	f#	f#	1	None	False	['F#', 'A', 'C#', 'F#', 'A', 'C#', 'F#', 'A', 'C#', 'F#', 'A', 'C#', 'F#', 'A', 'C#', 'F#', 'A', 'C#', 'F#', 'A', 'C#', 'F#', 'A', 'C#', 'F#', 'A', 'C#', 'F#', 'A', 'C#', 'F#', 'A', 'C#', 'F#', 'A', 'C#', 'F#', 'A', 'C#', 'F#', 'A', 'C#', 'F#', 'A', 'C#', 'F#', 'A', 'C#', 'F#', 'A', 'C#', 'F#', 'A', 'C#', 'F#', 'A', 'C#', 'F#', 'A', 'C#', 'F#', 'A', 'C#', 'F#', 'A', 'C#', 'F#', 'A', 'C#', 'F#', 'A', 'C#']	0.0	0.0	0.0	0.0
39.75	3.0	14.0	['F#4', 'A4', 'C#5']	['m3', 'P5']	[False, False, False]	14.0	3.0	20.0	i	False	('F#', 'A', 'C#')	F#	F#	0.0	minor triad	(1, 6, 9)	f#	f#	1	None	False	['F#', 'A', 'C#', 'F#', 'A', 'C#', 'F#', 'A', 'C#', 'F#', 'A', 'C#', 'F#', 'A', 'C#', 'F#', 'A', 'C#', 'F#', 'A', 'C#', 'F#', 'A', 'C#', 'F#', 'A', 'C#', 'F#', 'A', 'C#', 'F#', 'A', 'C#', 'F#', 'A', 'C#', 'F#', 'A', 'C#', 'F#', 'A', 'C#', 'F#', 'A', 'C#', 'F#', 'A', 'C#', 'F#', 'A', 'C#', 'F#', 'A', 'C#', 'F#', 'A', 'C#', 'F#', 'A', 'C#', 'F#', 'A', 'C#', 'F#', 'A', 'C#', 'F#', 'A', 'C#', 'F#', 'A', 'C#']	0.0	0.0	0.0	0.0
39.875	3.0	14.0	['F#4', 'A4', 'C#5']	['m3', 'P5']	[False, False, False]	14.0	3.0	20.0	i	False	('F#', 'A', 'C#')	F#	F#	0.0	minor triad	(1, 6, 9)	f#	f#	1	None	False	['F#', 'A', 'C#', 'F#', 'A', 'C#', 'F#', 'A', 'C#', 'F#', 'A', 'C#', 'F#', 'A', 'C#', 'F#', 'A', 'C#', 'F#', 'A', 'C#', 'F#', 'A', 'C#', 'F#', 'A', 'C#', 'F#', 'A', 'C#', 'F#', 'A', 'C#', 'F#', 'A', 'C#', 'F#', 'A', 'C#', 'F#', 'A', 'C#', 'F#', 'A', 'C#', 'F#', 'A', 'C#', 'F#', 'A', 'C#', 'F#', 'A', 'C#', 'F#', 'A', 'C#', 'F#', 'A', 'C#', 'F#', 'A', 'C#', 'F#', 'A', 'C#', 'F#', 'A', 'C#', 'F#', 'A', 'C#']	0.0	0.0	0.0	0.0
40.0	3.0	14.0	['F#4', 'A4', 'C#5']	['m3', 'P5']	[False, False, False]	14.0	3.0	20.0	i	False	('F#', 'A', 'C#')	F#	F#	0.0	minor triad	(1, 6, 9)	f#	f#	1	None	False	['F#', 'A', 'C#', 'F#', 'A', 'C#', 'F#', 'A', 'C#', 'F#', 'A', 'C#', 'F#', 'A', 'C#', 'F#', 'A', 'C#', 'F#', 'A', 'C#', 'F#', 'A', 'C#', 'F#', 'A', 'C#', 'F#', 'A', 'C#', 'F#', 'A', 'C#', 'F#', 'A', 'C#', 'F#', 'A', 'C#', 'F#', 'A', 'C#', 'F#', 'A', 'C#', 'F#', 'A', 'C#', 'F#', 'A', 'C#', 'F#', 'A', 'C#', 'F#', 'A', 'C#', 'F#', 'A', 'C#', 'F#', 'A', 'C#', 'F#', 'A', 'C#', 'F#', 'A', 'C#', 'F#', 'A', 'C#']	0.0	0.0	0.0	0.0
40.125	3.0	14.0	['F#4', 'A4', 'C#5']	['m3', 'P5']	[False, False, False]	14.0	3.0	20.0	i	False	('F#', 'A', 'C#')	F#	F#	0.0	minor triad	(1, 6, 9)	f#	f#	1	None	False	['F#', 'A', 'C#', 'F#', 'A', 'C#', 'F#', 'A', 'C#', 'F#', 'A', 'C#', 'F#', 'A', 'C#', 'F#', 'A', 'C#', 'F#', 'A', 'C#', 'F#', 'A', 'C#', 'F#', 'A', 'C#', 'F#', 'A', 'C#', 'F#', 'A', 'C#', 'F#', 'A', 'C#', 'F#', 'A', 'C#', 'F#', 'A', 'C#', 'F#', 'A', 'C#', 'F#', 'A', 'C#', 'F#', 'A', 'C#', 'F#', 'A', 'C#', 'F#', 'A', 'C#', 'F#', 'A', 'C#', 'F#', 'A', 'C#', 'F#', 'A', 'C#', 'F#', 'A', 'C#', 'F#', 'A', 'C#']	0.0	0.0	0.0	0.0
40.25	3.0	14.0	['F#4', 'A4', 'C#5']	['m3', 'P5']	[False, False, False]	14.0	3.0	20.0	i	False	('F#', 'A', 'C#')	F#	F#	0.0	minor triad	(1, 6, 9)	f#	f#	1	None	False	['F#', 'A', 'C#', 'F#', 'A', 'C#', 'F#', 'A', 'C#', 'F#', 'A', 'C#', 'F#', 'A', 'C#', 'F#', 'A', 'C#', 'F#', 'A', 'C#', 'F#', 'A', 'C#', 'F#', 'A', 'C#', 'F#', 'A', 'C#', 'F#', 'A', 'C#', 'F#', 'A', 'C#', 'F#', 'A', 'C#', 'F#', 'A', 'C#', 'F#', 'A', 'C#', 'F#', 'A', 'C#', 'F#', 'A', 'C#', 'F#', 'A', 'C#', 'F#', 'A', 'C#', 'F#', 'A', 'C#', 'F#', 'A', 'C#', 'F#', 'A', 'C#', 'F#', 'A', 'C#', 'F#', 'A', 'C#']	0.0	0.0	0.0	0.0
40.375	3.0	14.0	['F#4', 'A4', 'C#5']	['m3', 'P5']	[False, False, False]	14.0	3.0	20.0	i	False	('F#', 'A', 'C#')	F#	F#	0.0	minor triad	(1, 6, 9)	f#	f#	1	None	False	['F#', 'A', 'C#', 'F#', 'A', 'C#', 'F#', 'A', 'C#', 'F#', 'A', 'C#', 'F#', 'A', 'C#', 'F#', 'A', 'C#', 'F#', 'A', 'C#', 'F#', 'A', 'C#', 'F#', 'A', 'C#', 'F#', 'A', 'C#', 'F#', 'A', 'C#', 'F#', 'A', 'C#', 'F#', 'A', 'C#', 'F#', 'A', 'C#', 'F#', 'A', 'C#', 'F#', 'A', 'C#', 'F#', 'A', 'C#', 'F#', 'A', 'C#', 'F#', 'A', 'C#', 'F#', 'A', 'C#', 'F#', 'A', 'C#', 'F#', 'A', 'C#', 'F#', 'A', 'C#', 'F#', 'A', 'C#']	0.0	0.0	0.0	0.0
40.5	3.0	14.0	['F#4', 'A4', 'C#5']	['m3', 'P5']	[False, False, False]	14.0	3.0	20.0	i	False	('F#', 'A', 'C#')	F#	F#	0.0	minor triad	(1, 6, 9)	f#	f#	1	None	False	['F#', 'A', 'C#', 'F#', 'A', 'C#', 'F#', 'A', 'C#', 'F#', 'A', 'C#', 'F#', 'A', 'C#', 'F#', 'A', 'C#', 'F#', 'A', 'C#', 'F#', 'A', 'C#', 'F#', 'A', 'C#', 'F#', 'A', 'C#', 'F#', 'A', 'C#', 'F#', 'A', 'C#', 'F#', 'A', 'C#', 'F#', 'A', 'C#', 'F#', 'A', 'C#', 'F#', 'A', 'C#', 'F#', 'A', 'C#', 'F#', 'A', 'C#', 'F#', 'A', 'C#', 'F#', 'A', 'C#', 'F#', 'A', 'C#', 'F#', 'A', 'C#', 'F#', 'A', 'C#', 'F#', 'A', 'C#']	0.0	0.0	0.0	0.0
40.625	3.0	14.0	['F#4', 'A4', 'C#5']	['m3', 'P5']	[False, False, False]	14.0	3.0	20.0	i	False	('F#', 'A', 'C#')	F#	F#	0.0	minor triad	(1, 6, 9)	f#	f#	1	None	False	['F#', 'A', 'C#', 'F#', 'A', 'C#', 'F#', 'A', 'C#', 'F#', 'A', 'C#', 'F#', 'A', 'C#', 'F#', 'A', 'C#', 'F#', 'A', 'C#', 'F#', 'A', 'C#', 'F#', 'A', 'C#', 'F#', 'A', 'C#', 'F#', 'A', 'C#', 'F#', 'A', 'C#', 'F#', 'A', 'C#', 'F#', 'A', 'C#', 'F#', 'A', 'C#', 'F#', 'A', 'C#', 'F#', 'A', 'C#', 'F#', 'A', 'C#', 'F#', 'A', 'C#', 'F#', 'A', 'C#', 'F#', 'A', 'C#', 'F#', 'A', 'C#', 'F#', 'A', 'C#', 'F#', 'A', 'C#']	0.0	0.0	0.0	0.0
40.75	3.0	14.0	['F#4', 'A4', 'C#5']	['m3', 'P5']	[False, False, False]	14.0	3.0	20.0	i	False	('F#', 'A', 'C#')	F#	F#	0.0	minor triad	(1, 6, 9)	f#	f#	1	None	False	['F#', 'A', 'C#', 'F#', 'A', 'C#', 'F#', 'A', 'C#', 'F#', 'A', 'C#', 'F#', 'A', 'C#', 'F#', 'A', 'C#', 'F#', 'A', 'C#', 'F#', 'A', 'C#', 'F#', 'A', 'C#', 'F#', 'A', 'C#', 'F#', 'A', 'C#', 'F#', 'A', 'C#', 'F#', 'A', 'C#', 'F#', 'A', 'C#', 'F#', 'A', 'C#', 'F#', 'A', 'C#', 'F#', 'A', 'C#', 'F#', 'A', 'C#', 'F#', 'A', 'C#', 'F#', 'A', 'C#', 'F#', 'A', 'C#', 'F#', 'A', 'C#', 'F#', 'A', 'C#', 'F#', 'A', 'C#']	0.0	0.0	0.0	0.0
40.875	3.0	14.0	['F#4', 'A4', 'C#5']	['m3', 'P5']	[False, False, False]	14.0	3.0	20.0	i	False	('F#', 'A', 'C#')	F#	F#	0.0	minor triad	(1, 6, 9)	f#	f#	1	None	False	['F#', 'A', 'C#', 'F#', 'A', 'C#', 'F#', 'A', 'C#', 'F#', 'A', 'C#', 'F#', 'A', 'C#', 'F#', 'A', 'C#', 'F#', 'A', 'C#', 'F#', 'A', 'C#', 'F#', 'A', 'C#', 'F#', 'A', 'C#', 'F#', 'A', 'C#', 'F#', 'A', 'C#', 'F#', 'A', 'C#', 'F#', 'A', 'C#', 'F#', 'A', 'C#', 'F#', 'A', 'C#', 'F#', 'A', 'C#', 'F#', 'A', 'C#', 'F#', 'A', 'C#', 'F#', 'A', 'C#', 'F#', 'A', 'C#', 'F#', 'A', 'C#', 'F#', 'A', 'C#', 'F#', 'A', 'C#']	0.0	0.0	0.0	0.0
41.0	3.0	14.0	['F#4', 'A4', 'C#5']	['m3', 'P5']	[False, False, False]	14.0	3.0	20.0	i	False	('F#', 'A', 'C#')	F#	F#	0.0	minor triad	(1, 6, 9)	f#	f#	1	None	False	['F#', 'A', 'C#', 'F#', 'A', 'C#', 'F#', 'A', 'C#', 'F#', 'A', 'C#', 'F#', 'A', 'C#', 'F#', 'A', 'C#', 'F#', 'A', 'C#', 'F#', 'A', 'C#', 'F#', 'A', 'C#', 'F#', 'A', 'C#', 'F#', 'A', 'C#', 'F#', 'A', 'C#', 'F#', 'A', 'C#', 'F#', 'A', 'C#', 'F#', 'A', 'C#', 'F#', 'A', 'C#', 'F#', 'A', 'C#', 'F#', 'A', 'C#', 'F#', 'A', 'C#', 'F#', 'A', 'C#', 'F#', 'A', 'C#', 'F#', 'A', 'C#', 'F#', 'A', 'C#', 'F#', 'A', 'C#']	0.0	0.0	0.0	0.0
41.125	3.0	14.0	['F#4', 'A4', 'C#5']	['m3', 'P5']	[False, False, False]	14.0	3.0	20.0	i	False	('F#', 'A', 'C#')	F#	F#	0.0	minor triad	(1, 6, 9)	f#	f#	1	None	False	['F#', 'A', 'C#', 'F#', 'A', 'C#', 'F#', 'A', 'C#', 'F#', 'A', 'C#', 'F#', 'A', 'C#', 'F#', 'A', 'C#', 'F#', 'A', 'C#', 'F#', 'A', 'C#', 'F#', 'A', 'C#', 'F#', 'A', 'C#', 'F#', 'A', 'C#', 'F#', 'A', 'C#', 'F#', 'A', 'C#', 'F#', 'A', 'C#', 'F#', 'A', 'C#', 'F#', 'A', 'C#', 'F#', 'A', 'C#', 'F#', 'A', 'C#', 'F#', 'A', 'C#', 'F#', 'A', 'C#', 'F#', 'A', 'C#', 'F#', 'A', 'C#', 'F#', 'A', 'C#', 'F#', 'A', 'C#']	0.0	0.0	0.0	0.0
41.25	3.0	14.0	['F#4', 'A4', 'C#5']	['m3', 'P5']	[False, False, False]	14.0	3.0	20.0	i	False	('F#', 'A', 'C#')	F#	F#	0.0	minor triad	(1, 6, 9)	f#	f#	1	None	False	['F#', 'A', 'C#', 'F#', 'A', 'C#', 'F#', 'A', 'C#', 'F#', 'A', 'C#', 'F#', 'A', 'C#', 'F#', 'A', 'C#', 'F#', 'A', 'C#', 'F#', 'A', 'C#', 'F#', 'A', 'C#', 'F#', 'A', 'C#', 'F#', 'A', 'C#', 'F#', 'A', 'C#', 'F#', 'A', 'C#', 'F#', 'A', 'C#', 'F#', 'A', 'C#', 'F#', 'A', 'C#', 'F#', 'A', 'C#', 'F#', 'A', 'C#', 'F#', 'A', 'C#', 'F#', 'A', 'C#', 'F#', 'A', 'C#', 'F#', 'A', 'C#', 'F#', 'A', 'C#', 'F#', 'A', 'C#']	0.0	0.0	0.0	0.0
41.375	3.0	14.0	['F#4', 'A4', 'C#5']	['m3', 'P5']	[False, False, False]	14.0	3.0	20.0	i	False	('F#', 'A', 'C#')	F#	F#	0.0	minor triad	(1, 6, 9)	f#	f#	1	None	False	['F#', 'A', 'C#', 'F#', 'A', 'C#', 'F#', 'A', 'C#', 'F#', 'A', 'C#', 'F#', 'A', 'C#', 'F#', 'A', 'C#', 'F#', 'A', 'C#', 'F#', 'A', 'C#', 'F#', 'A', 'C#', 'F#', 'A', 'C#', 'F#', 'A', 'C#', 'F#', 'A', 'C#', 'F#', 'A', 'C#', 'F#', 'A', 'C#', 'F#', 'A', 'C#', 'F#', 'A', 'C#', 'F#', 'A', 'C#', 'F#', 'A', 'C#', 'F#', 'A', 'C#', 'F#', 'A', 'C#', 'F#', 'A', 'C#', 'F#', 'A', 'C#', 'F#', 'A', 'C#', 'F#', 'A', 'C#']	0.0	0.0	0.0	0.0
41.5	3.0	14.0	['F#4', 'A4', 'C#5']	['m3', 'P5']	[False, False, False]	14.0	3.0	20.0	i	False	('F#', 'A', 'C#')	F#	F#	0.0	minor triad	(1, 6, 9)	f#	f#	1	None	False	['F#', 'A', 'C#', 'F#', 'A', 'C#', 'F#', 'A', 'C#', 'F#', 'A', 'C#', 'F#', 'A', 'C#', 'F#', 'A', 'C#', 'F#', 'A', 'C#', 'F#', 'A', 'C#', 'F#', 'A', 'C#', 'F#', 'A', 'C#', 'F#', 'A', 'C#', 'F#', 'A', 'C#', 'F#', 'A', 'C#', 'F#', 'A', 'C#', 'F#', 'A', 'C#', 'F#', 'A', 'C#', 'F#', 'A', 'C#', 'F#', 'A', 'C#', 'F#', 'A', 'C#', 'F#', 'A', 'C#', 'F#', 'A', 'C#', 'F#', 'A', 'C#', 'F#', 'A', 'C#', 'F#', 'A', 'C#']	0.0	0.0	0.0	0.0
41.625	3.0	14.0	['F#4', 'A4', 'C#5']	['m3', 'P5']	[False, False, False]	14.0	3.0	20.0	i	False	('F#', 'A', 'C#')	F#	F#	0.0	minor triad	(1, 6, 9)	f#	f#	1	None	False	['F#', 'A', 'C#', 'F#', 'A', 'C#', 'F#', 'A', 'C#', 'F#', 'A', 'C#', 'F#', 'A', 'C#', 'F#', 'A', 'C#', 'F#', 'A', 'C#', 'F#', 'A', 'C#', 'F#', 'A', 'C#', 'F#', 'A', 'C#', 'F#', 'A', 'C#', 'F#', 'A', 'C#', 'F#', 'A', 'C#', 'F#', 'A', 'C#', 'F#', 'A', 'C#', 'F#', 'A', 'C#', 'F#', 'A', 'C#', 'F#', 'A', 'C#', 'F#', 'A', 'C#', 'F#', 'A', 'C#', 'F#', 'A', 'C#', 'F#', 'A', 'C#', 'F#', 'A', 'C#', 'F#', 'A', 'C#']	0.0	0.0	0.0	0.0
41.75	3.0	14.0	['F#4', 'A4', 'C#5']	['m3', 'P5']	[False, False, False]	14.0	3.0	20.0	i	False	('F#', 'A', 'C#')	F#	F#	0.0	minor triad	(1, 6, 9)	f#	f#	1	None	False	['F#', 'A', 'C#', 'F#', 'A', 'C#', 'F#', 'A', 'C#', 'F#', 'A', 'C#', 'F#', 'A', 'C#', 'F#', 'A', 'C#', 'F#', 'A', 'C#', 'F#', 'A', 'C#', 'F#', 'A', 'C#', 'F#', 'A', 'C#', 'F#', 'A', 'C#', 'F#', 'A', 'C#', 'F#', 'A', 'C#', 'F#', 'A', 'C#', 'F#', 'A', 'C#', 'F#', 'A', 'C#', 'F#', 'A', 'C#', 'F#', 'A', 'C#', 'F#', 'A', 'C#', 'F#', 'A', 'C#', 'F#', 'A', 'C#', 'F#', 'A', 'C#', 'F#', 'A', 'C#', 'F#', 'A', 'C#']	0.0	0.0	0.0	0.0
41.875	3.0	14.0	['F#4', 'A4', 'C#5']	['m3', 'P5']	[False, False, False]	14.0	3.0	20.0	i	False	('F#', 'A', 'C#')	F#	F#	0.0	minor triad	(1, 6, 9)	f#	f#	1	None	False	['F#', 'A', 'C#', 'F#', 'A', 'C#', 'F#', 'A', 'C#', 'F#', 'A', 'C#', 'F#', 'A', 'C#', 'F#', 'A', 'C#', 'F#', 'A', 'C#', 'F#', 'A', 'C#', 'F#', 'A', 'C#', 'F#', 'A', 'C#', 'F#', 'A', 'C#', 'F#', 'A', 'C#', 'F#', 'A', 'C#', 'F#', 'A', 'C#', 'F#', 'A', 'C#', 'F#', 'A', 'C#', 'F#', 'A', 'C#', 'F#', 'A', 'C#', 'F#', 'A', 'C#', 'F#', 'A', 'C#', 'F#', 'A', 'C#', 'F#', 'A', 'C#', 'F#', 'A', 'C#', 'F#', 'A', 'C#']	0.0	0.0	0.0	0.0
42.0	0.5	15.0	['F#4']	[]	[True]	15.0	1.0	21.0	i	True	('F#', 'A', 'C#')	F#	F#	0.0	minor triad	(1, 6, 9)	f#	f#	1	None	False	['F#', 'F#', 'F#', 'F#', 'A', 'C#', 'A', 'C#', 'A', 'C#', 'A', 'C#']	0.0	0.0	0.0	0.5
42.125	0.5	15.0	['F#4']	[]	[False]	15.0	1.0	21.0	i	False	('F#', 'A', 'C#')	F#	F#	0.0	minor triad	(1, 6, 9)	f#	f#	1	None	False	['F#', 'F#', 'F#', 'F#', 'A', 'C#', 'A', 'C#', 'A', 'C#', 'A', 'C#']	0.0	0.0	0.0	0.5
42.25	0.5	15.0	['F#4']	[]	[False]	15.0	1.0	21.0	i	False	('F#', 'A', 'C#')	F#	F#	0.0	minor triad	(1, 6, 9)	f#	f#	1	None	False	['F#', 'F#', 'F#', 'F#', 'A', 'C#', 'A', 'C#', 'A', 'C#', 'A', 'C#']	0.0	0.0	0.0	0.5
42.375	0.5	15.0	['F#4']	[]	[False]	15.0	1.0	21.0	i	False	('F#', 'A', 'C#')	F#	F#	0.0	minor triad	(1, 6, 9)	f#	f#	1	None	False	['F#', 'F#', 'F#', 'F#', 'A', 'C#', 'A', 'C#', 'A', 'C#', 'A', 'C#']	0.0	0.0	0.0	0.5
42.5	0.5	15.0	['A4', 'C#5']	['M3']	[True, True]	15.0	1.0	21.0	i	False	('F#', 'A', 'C#')	F#	F#	0.0	minor triad	(1, 6, 9)	f#	f#	1	None	False	['F#', 'F#', 'F#', 'F#', 'A', 'C#', 'A', 'C#', 'A', 'C#', 'A', 'C#']	0.0	0.0	0.0	0.5
42.625	0.5	15.0	['A4', 'C#5']	['M3']	[False, False]	15.0	1.0	21.0	i	False	('F#', 'A', 'C#')	F#	F#	0.0	minor triad	(1, 6, 9)	f#	f#	1	None	False	['F#', 'F#', 'F#', 'F#', 'A', 'C#', 'A', 'C#', 'A', 'C#', 'A', 'C#']	0.0	0.0	0.0	0.5
42.75	0.5	15.0	['A4', 'C#5']	['M3']	[False, False]	15.0	1.0	21.0	i	False	('F#', 'A', 'C#')	F#	F#	0.0	minor triad	(1, 6, 9)	f#	f#	1	None	False	['F#', 'F#', 'F#', 'F#', 'A', 'C#', 'A', 'C#', 'A', 'C#', 'A', 'C#']	0.0	0.0	0.0	0.5
42.875	0.5	15.0	['A4', 'C#5']	['M3']	[False, False]	15.0	1.0	21.0	i	False	('F#', 'A', 'C#')	F#	F#	0.0	minor triad	(1, 6, 9)	f#	f#	1	None	False	['F#', 'F#', 'F#', 'F#', 'A', 'C#', 'A', 'C#', 'A', 'C#', 'A', 'C#']	0.0	0.0	0.0	0.5
43.0	2.0	15.0	['G#4', 'B4', 'C#5', 'E#5']	['m3', 'P4', 'M6']	[True, True, True, True]	15.0	2.0	22.0	V7	True	('G#', 'B', 'C#', 'E#')	G#	C#	2.0	dominant seventh chord	(1, 5, 8, 11)	f#	f#	5	None	False	['G#', 'B', 'C#', 'E#', 'G#', 'B', 'C#', 'E#', 'G#', 'B', 'C#', 'E#', 'G#', 'B', 'C#', 'E#', 'G#', 'B', 'C#', 'E#', 'G#', 'B', 'C#', 'E#', 'G#', 'B', 'C#', 'E#', 'G#', 'B', 'C#', 'E#', 'G#', 'B', 'C#', 'E#', 'G#', 'B', 'C#', 'E#', 'G#', 'B', 'C#', 'E#', 'G#', 'B', 'C#', 'E#', 'G#', 'B', 'C#', 'E#', 'G#', 'B', 'C#', 'E#', 'G#', 'B', 'C#', 'E#', 'G#', 'B', 'C#', 'E#']	0.0	0.0	0.0	0.0
43.125	2.0	15.0	['G#4', 'B4', 'C#5', 'E#5']	['m3', 'P4', 'M6']	[False, False, False, False]	15.0	2.0	22.0	V7	False	('G#', 'B', 'C#', 'E#')	G#	C#	2.0	dominant seventh chord	(1, 5, 8, 11)	f#	f#	5	None	False	['G#', 'B', 'C#', 'E#', 'G#', 'B', 'C#', 'E#', 'G#', 'B', 'C#', 'E#', 'G#', 'B', 'C#', 'E#', 'G#', 'B', 'C#', 'E#', 'G#', 'B', 'C#', 'E#', 'G#', 'B', 'C#', 'E#', 'G#', 'B', 'C#', 'E#', 'G#', 'B', 'C#', 'E#', 'G#', 'B', 'C#', 'E#', 'G#', 'B', 'C#', 'E#', 'G#', 'B', 'C#', 'E#', 'G#', 'B', 'C#', 'E#', 'G#', 'B', 'C#', 'E#', 'G#', 'B', 'C#', 'E#', 'G#', 'B', 'C#', 'E#']	0.0	0.0	0.0	0.0
43.25	2.0	15.0	['G#4', 'B4', 'C#5', 'E#5']	['m3', 'P4', 'M6']	[False, False, False, False]	15.0	2.0	22.0	V7	False	('G#', 'B', 'C#', 'E#')	G#	C#	2.0	dominant seventh chord	(1, 5, 8, 11)	f#	f#	5	None	False	['G#', 'B', 'C#', 'E#', 'G#', 'B', 'C#', 'E#', 'G#', 'B', 'C#', 'E#', 'G#', 'B', 'C#', 'E#', 'G#', 'B', 'C#', 'E#', 'G#', 'B', 'C#', 'E#', 'G#', 'B', 'C#', 'E#', 'G#', 'B', 'C#', 'E#', 'G#', 'B', 'C#', 'E#', 'G#', 'B', 'C#', 'E#', 'G#', 'B', 'C#', 'E#', 'G#', 'B', 'C#', 'E#', 'G#', 'B', 'C#', 'E#', 'G#', 'B', 'C#', 'E#', 'G#', 'B', 'C#', 'E#', 'G#', 'B', 'C#', 'E#']	0.0	0.0	0.0	0.0
43.375	2.0	15.0	['G#4', 'B4', 'C#5', 'E#5']	['m3', 'P4', 'M6']	[False, False, False, False]	15.0	2.0	22.0	V7	False	('G#', 'B', 'C#', 'E#')	G#	C#	2.0	dominant seventh chord	(1, 5, 8, 11)	f#	f#	5	None	False	['G#', 'B', 'C#', 'E#', 'G#', 'B', 'C#', 'E#', 'G#', 'B', 'C#', 'E#', 'G#', 'B', 'C#', 'E#', 'G#', 'B', 'C#', 'E#', 'G#', 'B', 'C#', 'E#', 'G#', 'B', 'C#', 'E#', 'G#', 'B', 'C#', 'E#', 'G#', 'B', 'C#', 'E#', 'G#', 'B', 'C#', 'E#', 'G#', 'B', 'C#', 'E#', 'G#', 'B', 'C#', 'E#', 'G#', 'B', 'C#', 'E#', 'G#', 'B', 'C#', 'E#', 'G#', 'B', 'C#', 'E#', 'G#', 'B', 'C#', 'E#']	0.0	0.0	0.0	0.0
43.5	2.0	15.0	['G#4', 'B4', 'C#5', 'E#5']	['m3', 'P4', 'M6']	[False, False, False, False]	15.0	2.0	22.0	V7	False	('G#', 'B', 'C#', 'E#')	G#	C#	2.0	dominant seventh chord	(1, 5, 8, 11)	f#	f#	5	None	False	['G#', 'B', 'C#', 'E#', 'G#', 'B', 'C#', 'E#', 'G#', 'B', 'C#', 'E#', 'G#', 'B', 'C#', 'E#', 'G#', 'B', 'C#', 'E#', 'G#', 'B', 'C#', 'E#', 'G#', 'B', 'C#', 'E#', 'G#', 'B', 'C#', 'E#', 'G#', 'B', 'C#', 'E#', 'G#', 'B', 'C#', 'E#', 'G#', 'B', 'C#', 'E#', 'G#', 'B', 'C#', 'E#', 'G#', 'B', 'C#', 'E#', 'G#', 'B', 'C#', 'E#', 'G#', 'B', 'C#', 'E#', 'G#', 'B', 'C#', 'E#']	0.0	0.0	0.0	0.0
43.625	2.0	15.0	['G#4', 'B4', 'C#5', 'E#5']	['m3', 'P4', 'M6']	[False, False, False, False]	15.0	2.0	22.0	V7	False	('G#', 'B', 'C#', 'E#')	G#	C#	2.0	dominant seventh chord	(1, 5, 8, 11)	f#	f#	5	None	False	['G#', 'B', 'C#', 'E#', 'G#', 'B', 'C#', 'E#', 'G#', 'B', 'C#', 'E#', 'G#', 'B', 'C#', 'E#', 'G#', 'B', 'C#', 'E#', 'G#', 'B', 'C#', 'E#', 'G#', 'B', 'C#', 'E#', 'G#', 'B', 'C#', 'E#', 'G#', 'B', 'C#', 'E#', 'G#', 'B', 'C#', 'E#', 'G#', 'B', 'C#', 'E#', 'G#', 'B', 'C#', 'E#', 'G#', 'B', 'C#', 'E#', 'G#', 'B', 'C#', 'E#', 'G#', 'B', 'C#', 'E#', 'G#', 'B', 'C#', 'E#']	0.0	0.0	0.0	0.0
43.75	2.0	15.0	['G#4', 'B4', 'C#5', 'E#5']	['m3', 'P4', 'M6']	[False, False, False, False]	15.0	2.0	22.0	V7	False	('G#', 'B', 'C#', 'E#')	G#	C#	2.0	dominant seventh chord	(1, 5, 8, 11)	f#	f#	5	None	False	['G#', 'B', 'C#', 'E#', 'G#', 'B', 'C#', 'E#', 'G#', 'B', 'C#', 'E#', 'G#', 'B', 'C#', 'E#', 'G#', 'B', 'C#', 'E#', 'G#', 'B', 'C#', 'E#', 'G#', 'B', 'C#', 'E#', 'G#', 'B', 'C#', 'E#', 'G#', 'B', 'C#', 'E#', 'G#', 'B', 'C#', 'E#', 'G#', 'B', 'C#', 'E#', 'G#', 'B', 'C#', 'E#', 'G#', 'B', 'C#', 'E#', 'G#', 'B', 'C#', 'E#', 'G#', 'B', 'C#', 'E#', 'G#', 'B', 'C#', 'E#']	0.0	0.0	0.0	0.0
43.875	2.0	15.0	['G#4', 'B4', 'C#5', 'E#5']	['m3', 'P4', 'M6']	[False, False, False, False]	15.0	2.0	22.0	V7	False	('G#', 'B', 'C#', 'E#')	G#	C#	2.0	dominant seventh chord	(1, 5, 8, 11)	f#	f#	5	None	False	['G#', 'B', 'C#', 'E#', 'G#', 'B', 'C#', 'E#', 'G#', 'B', 'C#', 'E#', 'G#', 'B', 'C#', 'E#', 'G#', 'B', 'C#', 'E#', 'G#', 'B', 'C#', 'E#', 'G#', 'B', 'C#', 'E#', 'G#', 'B', 'C#', 'E#', 'G#', 'B', 'C#', 'E#', 'G#', 'B', 'C#', 'E#', 'G#', 'B', 'C#', 'E#', 'G#', 'B', 'C#', 'E#', 'G#', 'B', 'C#', 'E#', 'G#', 'B', 'C#', 'E#', 'G#', 'B', 'C#', 'E#', 'G#', 'B', 'C#', 'E#']	0.0	0.0	0.0	0.0
44.0	2.0	15.0	['G#4', 'B4', 'C#5', 'E#5']	['m3', 'P4', 'M6']	[False, False, False, False]	15.0	2.0	22.0	V7	False	('G#', 'B', 'C#', 'E#')	G#	C#	2.0	dominant seventh chord	(1, 5, 8, 11)	f#	f#	5	None	False	['G#', 'B', 'C#', 'E#', 'G#', 'B', 'C#', 'E#', 'G#', 'B', 'C#', 'E#', 'G#', 'B', 'C#', 'E#', 'G#', 'B', 'C#', 'E#', 'G#', 'B', 'C#', 'E#', 'G#', 'B', 'C#', 'E#', 'G#', 'B', 'C#', 'E#', 'G#', 'B', 'C#', 'E#', 'G#', 'B', 'C#', 'E#', 'G#', 'B', 'C#', 'E#', 'G#', 'B', 'C#', 'E#', 'G#', 'B', 'C#', 'E#', 'G#', 'B', 'C#', 'E#', 'G#', 'B', 'C#', 'E#', 'G#', 'B', 'C#', 'E#']	0.0	0.0	0.0	0.0
44.125	2.0	15.0	['G#4', 'B4', 'C#5', 'E#5']	['m3', 'P4', 'M6']	[False, False, False, False]	15.0	2.0	22.0	V7	False	('G#', 'B', 'C#', 'E#')	G#	C#	2.0	dominant seventh chord	(1, 5, 8, 11)	f#	f#	5	None	False	['G#', 'B', 'C#', 'E#', 'G#', 'B', 'C#', 'E#', 'G#', 'B', 'C#', 'E#', 'G#', 'B', 'C#', 'E#', 'G#', 'B', 'C#', 'E#', 'G#', 'B', 'C#', 'E#', 'G#', 'B', 'C#', 'E#', 'G#', 'B', 'C#', 'E#', 'G#', 'B', 'C#', 'E#', 'G#', 'B', 'C#', 'E#', 'G#', 'B', 'C#', 'E#', 'G#', 'B', 'C#', 'E#', 'G#', 'B', 'C#', 'E#', 'G#', 'B', 'C#', 'E#', 'G#', 'B', 'C#', 'E#', 'G#', 'B', 'C#', 'E#']	0.0	0.0	0.0	0.0
44.25	2.0	15.0	['G#4', 'B4', 'C#5', 'E#5']	['m3', 'P4', 'M6']	[False, False, False, False]	15.0	2.0	22.0	V7	False	('G#', 'B', 'C#', 'E#')	G#	C#	2.0	dominant seventh chord	(1, 5, 8, 11)	f#	f#	5	None	False	['G#', 'B', 'C#', 'E#', 'G#', 'B', 'C#', 'E#', 'G#', 'B', 'C#', 'E#', 'G#', 'B', 'C#', 'E#', 'G#', 'B', 'C#', 'E#', 'G#', 'B', 'C#', 'E#', 'G#', 'B', 'C#', 'E#', 'G#', 'B', 'C#', 'E#', 'G#', 'B', 'C#', 'E#', 'G#', 'B', 'C#', 'E#', 'G#', 'B', 'C#', 'E#', 'G#', 'B', 'C#', 'E#', 'G#', 'B', 'C#', 'E#', 'G#', 'B', 'C#', 'E#', 'G#', 'B', 'C#', 'E#', 'G#', 'B', 'C#', 'E#']	0.0	0.0	0.0	0.0
44.375	2.0	15.0	['G#4', 'B4', 'C#5', 'E#5']	['m3', 'P4', 'M6']	[False, False, False, False]	15.0	2.0	22.0	V7	False	('G#', 'B', 'C#', 'E#')	G#	C#	2.0	dominant seventh chord	(1, 5, 8, 11)	f#	f#	5	None	False	['G#', 'B', 'C#', 'E#', 'G#', 'B', 'C#', 'E#', 'G#', 'B', 'C#', 'E#', 'G#', 'B', 'C#', 'E#', 'G#', 'B', 'C#', 'E#', 'G#', 'B', 'C#', 'E#', 'G#', 'B', 'C#', 'E#', 'G#', 'B', 'C#', 'E#', 'G#', 'B', 'C#', 'E#', 'G#', 'B', 'C#', 'E#', 'G#', 'B', 'C#', 'E#', 'G#', 'B', 'C#', 'E#', 'G#', 'B', 'C#', 'E#', 'G#', 'B', 'C#', 'E#', 'G#', 'B', 'C#', 'E#', 'G#', 'B', 'C#', 'E#']	0.0	0.0	0.0	0.0
44.5	2.0	15.0	['G#4', 'B4', 'C#5', 'E#5']	['m3', 'P4', 'M6']	[False, False, False, False]	15.0	2.0	22.0	V7	False	('G#', 'B', 'C#', 'E#')	G#	C#	2.0	dominant seventh chord	(1, 5, 8, 11)	f#	f#	5	None	False	['G#', 'B', 'C#', 'E#', 'G#', 'B', 'C#', 'E#', 'G#', 'B', 'C#', 'E#', 'G#', 'B', 'C#', 'E#', 'G#', 'B', 'C#', 'E#', 'G#', 'B', 'C#', 'E#', 'G#', 'B', 'C#', 'E#', 'G#', 'B', 'C#', 'E#', 'G#', 'B', 'C#', 'E#', 'G#', 'B', 'C#', 'E#', 'G#', 'B', 'C#', 'E#', 'G#', 'B', 'C#', 'E#', 'G#', 'B', 'C#', 'E#', 'G#', 'B', 'C#', 'E#', 'G#', 'B', 'C#', 'E#', 'G#', 'B', 'C#', 'E#']	0.0	0.0	0.0	0.0
44.625	2.0	15.0	['G#4', 'B4', 'C#5', 'E#5']	['m3', 'P4', 'M6']	[False, False, False, False]	15.0	2.0	22.0	V7	False	('G#', 'B', 'C#', 'E#')	G#	C#	2.0	dominant seventh chord	(1, 5, 8, 11)	f#	f#	5	None	False	['G#', 'B', 'C#', 'E#', 'G#', 'B', 'C#', 'E#', 'G#', 'B', 'C#', 'E#', 'G#', 'B', 'C#', 'E#', 'G#', 'B', 'C#', 'E#', 'G#', 'B', 'C#', 'E#', 'G#', 'B', 'C#', 'E#', 'G#', 'B', 'C#', 'E#', 'G#', 'B', 'C#', 'E#', 'G#', 'B', 'C#', 'E#', 'G#', 'B', 'C#', 'E#', 'G#', 'B', 'C#', 'E#', 'G#', 'B', 'C#', 'E#', 'G#', 'B', 'C#', 'E#', 'G#', 'B', 'C#', 'E#', 'G#', 'B', 'C#', 'E#']	0.0	0.0	0.0	0.0
44.75	2.0	15.0	['G#4', 'B4', 'C#5', 'E#5']	['m3', 'P4', 'M6']	[False, False, False, False]	15.0	2.0	22.0	V7	False	('G#', 'B', 'C#', 'E#')	G#	C#	2.0	dominant seventh chord	(1, 5, 8, 11)	f#	f#	5	None	False	['G#', 'B', 'C#', 'E#', 'G#', 'B', 'C#', 'E#', 'G#', 'B', 'C#', 'E#', 'G#', 'B', 'C#', 'E#', 'G#', 'B', 'C#', 'E#', 'G#', 'B', 'C#', 'E#', 'G#', 'B', 'C#', 'E#', 'G#', 'B', 'C#', 'E#', 'G#', 'B', 'C#', 'E#', 'G#', 'B', 'C#', 'E#', 'G#', 'B', 'C#', 'E#', 'G#', 'B', 'C#', 'E#', 'G#', 'B', 'C#', 'E#', 'G#', 'B', 'C#', 'E#', 'G#', 'B', 'C#', 'E#', 'G#', 'B', 'C#', 'E#']	0.0	0.0	0.0	0.0
44.875	2.0	15.0	['G#4', 'B4', 'C#5', 'E#5']	['m3', 'P4', 'M6']	[False, False, False, False]	15.0	2.0	22.0	V7	False	('G#', 'B', 'C#', 'E#')	G#	C#	2.0	dominant seventh chord	(1, 5, 8, 11)	f#	f#	5	None	False	['G#', 'B', 'C#', 'E#', 'G#', 'B', 'C#', 'E#', 'G#', 'B', 'C#', 'E#', 'G#', 'B', 'C#', 'E#', 'G#', 'B', 'C#', 'E#', 'G#', 'B', 'C#', 'E#', 'G#', 'B', 'C#', 'E#', 'G#', 'B', 'C#', 'E#', 'G#', 'B', 'C#', 'E#', 'G#', 'B', 'C#', 'E#', 'G#', 'B', 'C#', 'E#', 'G#', 'B', 'C#', 'E#', 'G#', 'B', 'C#', 'E#', 'G#', 'B', 'C#', 'E#', 'G#', 'B', 'C#', 'E#', 'G#', 'B', 'C#', 'E#']	0.0	0.0	0.0	0.0
45.0	0.25	16.0	['F#4']	[]	[True]	16.0	1.0	23.0	i	True	('F#', 'A', 'C#')	F#	F#	0.0	minor triad	(1, 6, 9)	f#	f#	1	None	False	['F#', 'F#', 'C#', 'C#', 'A', 'A', 'C#', 'C#']	0.0	0.0	0.0	0.75
45.125	0.25	16.0	['F#4']	[]	[False]	16.0	1.0	23.0	i	False	('F#', 'A', 'C#')	F#	F#	0.0	minor triad	(1, 6, 9)	f#	f#	1	None	False	['F#', 'F#', 'C#', 'C#', 'A', 'A', 'C#', 'C#']	0.0	0.0	0.0	0.75
45.25	0.25	16.0	['C#5']	[]	[True]	16.0	1.0	23.0	i	False	('F#', 'A', 'C#')	F#	F#	0.0	minor triad	(1, 6, 9)	f#	f#	1	None	False	['F#', 'F#', 'C#', 'C#', 'A', 'A', 'C#', 'C#']	0.0	0.0	0.0	0.75
45.375	0.25	16.0	['C#5']	[]	[False]	16.0	1.0	23.0	i	False	('F#', 'A', 'C#')	F#	F#	0.0	minor triad	(1, 6, 9)	f#	f#	1	None	False	['F#', 'F#', 'C#', 'C#', 'A', 'A', 'C#', 'C#']	0.0	0.0	0.0	0.75
45.5	0.25	16.0	['A4']	[]	[True]	16.0	1.0	23.0	i	False	('F#', 'A', 'C#')	F#	F#	0.0	minor triad	(1, 6, 9)	f#	f#	1	None	False	['F#', 'F#', 'C#', 'C#', 'A', 'A', 'C#', 'C#']	0.0	0.0	0.0	0.75
45.625	0.25	16.0	['A4']	[]	[False]	16.0	1.0	23.0	i	False	('F#', 'A', 'C#')	F#	F#	0.0	minor triad	(1, 6, 9)	f#	f#	1	None	False	['F#', 'F#', 'C#', 'C#', 'A', 'A', 'C#', 'C#']	0.0	0.0	0.0	0.75
45.75	0.25	16.0	['C#5']	[]	[True]	16.0	1.0	23.0	i	False	('F#', 'A', 'C#')	F#	F#	0.0	minor triad	(1, 6, 9)	f#	f#	1	None	False	['F#', 'F#', 'C#', 'C#', 'A', 'A', 'C#', 'C#']	0.0	0.0	0.0	0.75
45.875	0.25	16.0	['C#5']	[]	[False]	16.0	1.0	23.0	i	False	('F#', 'A', 'C#')	F#	F#	0.0	minor triad	(1, 6, 9)	f#	f#	1	None	False	['F#', 'F#', 'C#', 'C#', 'A', 'A', 'C#', 'C#']	0.0	0.0	0.0	0.75
46.0	2.0	16.0	['G#4', 'B4', 'C#5', 'E#5']	['m3', 'P4', 'M6']	[True, True, True, True]	16.0	2.0	24.0	V7	True	('G#', 'B', 'C#', 'E#')	G#	C#	2.0	dominant seventh chord	(1, 5, 8, 11)	f#	f#	5	None	False	['G#', 'B', 'C#', 'E#', 'G#', 'B', 'C#', 'E#', 'G#', 'B', 'C#', 'E#', 'G#', 'B', 'C#', 'E#', 'G#', 'B', 'C#', 'E#', 'G#', 'B', 'C#', 'E#', 'G#', 'B', 'C#', 'E#', 'G#', 'B', 'C#', 'E#', 'G#', 'B', 'C#', 'E#', 'G#', 'B', 'C#', 'E#', 'G#', 'B', 'C#', 'E#', 'G#', 'B', 'C#', 'E#', 'G#', 'B', 'C#', 'E#', 'G#', 'B', 'C#', 'E#', 'G#', 'B', 'C#', 'E#', 'G#', 'B', 'C#', 'E#']	0.0	0.0	0.0	0.0
46.125	2.0	16.0	['G#4', 'B4', 'C#5', 'E#5']	['m3', 'P4', 'M6']	[False, False, False, False]	16.0	2.0	24.0	V7	False	('G#', 'B', 'C#', 'E#')	G#	C#	2.0	dominant seventh chord	(1, 5, 8, 11)	f#	f#	5	None	False	['G#', 'B', 'C#', 'E#', 'G#', 'B', 'C#', 'E#', 'G#', 'B', 'C#', 'E#', 'G#', 'B', 'C#', 'E#', 'G#', 'B', 'C#', 'E#', 'G#', 'B', 'C#', 'E#', 'G#', 'B', 'C#', 'E#', 'G#', 'B', 'C#', 'E#', 'G#', 'B', 'C#', 'E#', 'G#', 'B', 'C#', 'E#', 'G#', 'B', 'C#', 'E#', 'G#', 'B', 'C#', 'E#', 'G#', 'B', 'C#', 'E#', 'G#', 'B', 'C#', 'E#', 'G#', 'B', 'C#', 'E#', 'G#', 'B', 'C#', 'E#']	0.0	0.0	0.0	0.0
46.25	2.0	16.0	['G#4', 'B4', 'C#5', 'E#5']	['m3', 'P4', 'M6']	[False, False, False, False]	16.0	2.0	24.0	V7	False	('G#', 'B', 'C#', 'E#')	G#	C#	2.0	dominant seventh chord	(1, 5, 8, 11)	f#	f#	5	None	False	['G#', 'B', 'C#', 'E#', 'G#', 'B', 'C#', 'E#', 'G#', 'B', 'C#', 'E#', 'G#', 'B', 'C#', 'E#', 'G#', 'B', 'C#', 'E#', 'G#', 'B', 'C#', 'E#', 'G#', 'B', 'C#', 'E#', 'G#', 'B', 'C#', 'E#', 'G#', 'B', 'C#', 'E#', 'G#', 'B', 'C#', 'E#', 'G#', 'B', 'C#', 'E#', 'G#', 'B', 'C#', 'E#', 'G#', 'B', 'C#', 'E#', 'G#', 'B', 'C#', 'E#', 'G#', 'B', 'C#', 'E#', 'G#', 'B', 'C#', 'E#']	0.0	0.0	0.0	0.0
46.375	2.0	16.0	['G#4', 'B4', 'C#5', 'E#5']	['m3', 'P4', 'M6']	[False, False, False, False]	16.0	2.0	24.0	V7	False	('G#', 'B', 'C#', 'E#')	G#	C#	2.0	dominant seventh chord	(1, 5, 8, 11)	f#	f#	5	None	False	['G#', 'B', 'C#', 'E#', 'G#', 'B', 'C#', 'E#', 'G#', 'B', 'C#', 'E#', 'G#', 'B', 'C#', 'E#', 'G#', 'B', 'C#', 'E#', 'G#', 'B', 'C#', 'E#', 'G#', 'B', 'C#', 'E#', 'G#', 'B', 'C#', 'E#', 'G#', 'B', 'C#', 'E#', 'G#', 'B', 'C#', 'E#', 'G#', 'B', 'C#', 'E#', 'G#', 'B', 'C#', 'E#', 'G#', 'B', 'C#', 'E#', 'G#', 'B', 'C#', 'E#', 'G#', 'B', 'C#', 'E#', 'G#', 'B', 'C#', 'E#']	0.0	0.0	0.0	0.0
46.5	2.0	16.0	['G#4', 'B4', 'C#5', 'E#5']	['m3', 'P4', 'M6']	[False, False, False, False]	16.0	2.0	24.0	V7	False	('G#', 'B', 'C#', 'E#')	G#	C#	2.0	dominant seventh chord	(1, 5, 8, 11)	f#	f#	5	None	False	['G#', 'B', 'C#', 'E#', 'G#', 'B', 'C#', 'E#', 'G#', 'B', 'C#', 'E#', 'G#', 'B', 'C#', 'E#', 'G#', 'B', 'C#', 'E#', 'G#', 'B', 'C#', 'E#', 'G#', 'B', 'C#', 'E#', 'G#', 'B', 'C#', 'E#', 'G#', 'B', 'C#', 'E#', 'G#', 'B', 'C#', 'E#', 'G#', 'B', 'C#', 'E#', 'G#', 'B', 'C#', 'E#', 'G#', 'B', 'C#', 'E#', 'G#', 'B', 'C#', 'E#', 'G#', 'B', 'C#', 'E#', 'G#', 'B', 'C#', 'E#']	0.0	0.0	0.0	0.0
46.625	2.0	16.0	['G#4', 'B4', 'C#5', 'E#5']	['m3', 'P4', 'M6']	[False, False, False, False]	16.0	2.0	24.0	V7	False	('G#', 'B', 'C#', 'E#')	G#	C#	2.0	dominant seventh chord	(1, 5, 8, 11)	f#	f#	5	None	False	['G#', 'B', 'C#', 'E#', 'G#', 'B', 'C#', 'E#', 'G#', 'B', 'C#', 'E#', 'G#', 'B', 'C#', 'E#', 'G#', 'B', 'C#', 'E#', 'G#', 'B', 'C#', 'E#', 'G#', 'B', 'C#', 'E#', 'G#', 'B', 'C#', 'E#', 'G#', 'B', 'C#', 'E#', 'G#', 'B', 'C#', 'E#', 'G#', 'B', 'C#', 'E#', 'G#', 'B', 'C#', 'E#', 'G#', 'B', 'C#', 'E#', 'G#', 'B', 'C#', 'E#', 'G#', 'B', 'C#', 'E#', 'G#', 'B', 'C#', 'E#']	0.0	0.0	0.0	0.0
46.75	2.0	16.0	['G#4', 'B4', 'C#5', 'E#5']	['m3', 'P4', 'M6']	[False, False, False, False]	16.0	2.0	24.0	V7	False	('G#', 'B', 'C#', 'E#')	G#	C#	2.0	dominant seventh chord	(1, 5, 8, 11)	f#	f#	5	None	False	['G#', 'B', 'C#', 'E#', 'G#', 'B', 'C#', 'E#', 'G#', 'B', 'C#', 'E#', 'G#', 'B', 'C#', 'E#', 'G#', 'B', 'C#', 'E#', 'G#', 'B', 'C#', 'E#', 'G#', 'B', 'C#', 'E#', 'G#', 'B', 'C#', 'E#', 'G#', 'B', 'C#', 'E#', 'G#', 'B', 'C#', 'E#', 'G#', 'B', 'C#', 'E#', 'G#', 'B', 'C#', 'E#', 'G#', 'B', 'C#', 'E#', 'G#', 'B', 'C#', 'E#', 'G#', 'B', 'C#', 'E#', 'G#', 'B', 'C#', 'E#']	0.0	0.0	0.0	0.0
46.875	2.0	16.0	['G#4', 'B4', 'C#5', 'E#5']	['m3', 'P4', 'M6']	[False, False, False, False]	16.0	2.0	24.0	V7	False	('G#', 'B', 'C#', 'E#')	G#	C#	2.0	dominant seventh chord	(1, 5, 8, 11)	f#	f#	5	None	False	['G#', 'B', 'C#', 'E#', 'G#', 'B', 'C#', 'E#', 'G#', 'B', 'C#', 'E#', 'G#', 'B', 'C#', 'E#', 'G#', 'B', 'C#', 'E#', 'G#', 'B', 'C#', 'E#', 'G#', 'B', 'C#', 'E#', 'G#', 'B', 'C#', 'E#', 'G#', 'B', 'C#', 'E#', 'G#', 'B', 'C#', 'E#', 'G#', 'B', 'C#', 'E#', 'G#', 'B', 'C#', 'E#', 'G#', 'B', 'C#', 'E#', 'G#', 'B', 'C#', 'E#', 'G#', 'B', 'C#', 'E#', 'G#', 'B', 'C#', 'E#']	0.0	0.0	0.0	0.0
47.0	2.0	16.0	['G#4', 'B4', 'C#5', 'E#5']	['m3', 'P4', 'M6']	[False, False, False, False]	16.0	2.0	24.0	V7	False	('G#', 'B', 'C#', 'E#')	G#	C#	2.0	dominant seventh chord	(1, 5, 8, 11)	f#	f#	5	None	False	['G#', 'B', 'C#', 'E#', 'G#', 'B', 'C#', 'E#', 'G#', 'B', 'C#', 'E#', 'G#', 'B', 'C#', 'E#', 'G#', 'B', 'C#', 'E#', 'G#', 'B', 'C#', 'E#', 'G#', 'B', 'C#', 'E#', 'G#', 'B', 'C#', 'E#', 'G#', 'B', 'C#', 'E#', 'G#', 'B', 'C#', 'E#', 'G#', 'B', 'C#', 'E#', 'G#', 'B', 'C#', 'E#', 'G#', 'B', 'C#', 'E#', 'G#', 'B', 'C#', 'E#', 'G#', 'B', 'C#', 'E#', 'G#', 'B', 'C#', 'E#']	0.0	0.0	0.0	0.0
47.125	2.0	16.0	['G#4', 'B4', 'C#5', 'E#5']	['m3', 'P4', 'M6']	[False, False, False, False]	16.0	2.0	24.0	V7	False	('G#', 'B', 'C#', 'E#')	G#	C#	2.0	dominant seventh chord	(1, 5, 8, 11)	f#	f#	5	None	False	['G#', 'B', 'C#', 'E#', 'G#', 'B', 'C#', 'E#', 'G#', 'B', 'C#', 'E#', 'G#', 'B', 'C#', 'E#', 'G#', 'B', 'C#', 'E#', 'G#', 'B', 'C#', 'E#', 'G#', 'B', 'C#', 'E#', 'G#', 'B', 'C#', 'E#', 'G#', 'B', 'C#', 'E#', 'G#', 'B', 'C#', 'E#', 'G#', 'B', 'C#', 'E#', 'G#', 'B', 'C#', 'E#', 'G#', 'B', 'C#', 'E#', 'G#', 'B', 'C#', 'E#', 'G#', 'B', 'C#', 'E#', 'G#', 'B', 'C#', 'E#']	0.0	0.0	0.0	0.0
47.25	2.0	16.0	['G#4', 'B4', 'C#5', 'E#5']	['m3', 'P4', 'M6']	[False, False, False, False]	16.0	2.0	24.0	V7	False	('G#', 'B', 'C#', 'E#')	G#	C#	2.0	dominant seventh chord	(1, 5, 8, 11)	f#	f#	5	None	False	['G#', 'B', 'C#', 'E#', 'G#', 'B', 'C#', 'E#', 'G#', 'B', 'C#', 'E#', 'G#', 'B', 'C#', 'E#', 'G#', 'B', 'C#', 'E#', 'G#', 'B', 'C#', 'E#', 'G#', 'B', 'C#', 'E#', 'G#', 'B', 'C#', 'E#', 'G#', 'B', 'C#', 'E#', 'G#', 'B', 'C#', 'E#', 'G#', 'B', 'C#', 'E#', 'G#', 'B', 'C#', 'E#', 'G#', 'B', 'C#', 'E#', 'G#', 'B', 'C#', 'E#', 'G#', 'B', 'C#', 'E#', 'G#', 'B', 'C#', 'E#']	0.0	0.0	0.0	0.0
47.375	2.0	16.0	['G#4', 'B4', 'C#5', 'E#5']	['m3', 'P4', 'M6']	[False, False, False, False]	16.0	2.0	24.0	V7	False	('G#', 'B', 'C#', 'E#')	G#	C#	2.0	dominant seventh chord	(1, 5, 8, 11)	f#	f#	5	None	False	['G#', 'B', 'C#', 'E#', 'G#', 'B', 'C#', 'E#', 'G#', 'B', 'C#', 'E#', 'G#', 'B', 'C#', 'E#', 'G#', 'B', 'C#', 'E#', 'G#', 'B', 'C#', 'E#', 'G#', 'B', 'C#', 'E#', 'G#', 'B', 'C#', 'E#', 'G#', 'B', 'C#', 'E#', 'G#', 'B', 'C#', 'E#', 'G#', 'B', 'C#', 'E#', 'G#', 'B', 'C#', 'E#', 'G#', 'B', 'C#', 'E#', 'G#', 'B', 'C#', 'E#', 'G#', 'B', 'C#', 'E#', 'G#', 'B', 'C#', 'E#']	0.0	0.0	0.0	0.0
47.5	2.0	16.0	['G#4', 'B4', 'C#5', 'E#5']	['m3', 'P4', 'M6']	[False, False, False, False]	16.0	2.0	24.0	V7	False	('G#', 'B', 'C#', 'E#')	G#	C#	2.0	dominant seventh chord	(1, 5, 8, 11)	f#	f#	5	None	False	['G#', 'B', 'C#', 'E#', 'G#', 'B', 'C#', 'E#', 'G#', 'B', 'C#', 'E#', 'G#', 'B', 'C#', 'E#', 'G#', 'B', 'C#', 'E#', 'G#', 'B', 'C#', 'E#', 'G#', 'B', 'C#', 'E#', 'G#', 'B', 'C#', 'E#', 'G#', 'B', 'C#', 'E#', 'G#', 'B', 'C#', 'E#', 'G#', 'B', 'C#', 'E#', 'G#', 'B', 'C#', 'E#', 'G#', 'B', 'C#', 'E#', 'G#', 'B', 'C#', 'E#', 'G#', 'B', 'C#', 'E#', 'G#', 'B', 'C#', 'E#']	0.0	0.0	0.0	0.0
47.625	2.0	16.0	['G#4', 'B4', 'C#5', 'E#5']	['m3', 'P4', 'M6']	[False, False, False, False]	16.0	2.0	24.0	V7	False	('G#', 'B', 'C#', 'E#')	G#	C#	2.0	dominant seventh chord	(1, 5, 8, 11)	f#	f#	5	None	False	['G#', 'B', 'C#', 'E#', 'G#', 'B', 'C#', 'E#', 'G#', 'B', 'C#', 'E#', 'G#', 'B', 'C#', 'E#', 'G#', 'B', 'C#', 'E#', 'G#', 'B', 'C#', 'E#', 'G#', 'B', 'C#', 'E#', 'G#', 'B', 'C#', 'E#', 'G#', 'B', 'C#', 'E#', 'G#', 'B', 'C#', 'E#', 'G#', 'B', 'C#', 'E#', 'G#', 'B', 'C#', 'E#', 'G#', 'B', 'C#', 'E#', 'G#', 'B', 'C#', 'E#', 'G#', 'B', 'C#', 'E#', 'G#', 'B', 'C#', 'E#']	0.0	0.0	0.0	0.0
47.75	2.0	16.0	['G#4', 'B4', 'C#5', 'E#5']	['m3', 'P4', 'M6']	[False, False, False, False]	16.0	2.0	24.0	V7	False	('G#', 'B', 'C#', 'E#')	G#	C#	2.0	dominant seventh chord	(1, 5, 8, 11)	f#	f#	5	None	False	['G#', 'B', 'C#', 'E#', 'G#', 'B', 'C#', 'E#', 'G#', 'B', 'C#', 'E#', 'G#', 'B', 'C#', 'E#', 'G#', 'B', 'C#', 'E#', 'G#', 'B', 'C#', 'E#', 'G#', 'B', 'C#', 'E#', 'G#', 'B', 'C#', 'E#', 'G#', 'B', 'C#', 'E#', 'G#', 'B', 'C#', 'E#', 'G#', 'B', 'C#', 'E#', 'G#', 'B', 'C#', 'E#', 'G#', 'B', 'C#', 'E#', 'G#', 'B', 'C#', 'E#', 'G#', 'B', 'C#', 'E#', 'G#', 'B', 'C#', 'E#']	0.0	0.0	0.0	0.0
47.875	2.0	16.0	['G#4', 'B4', 'C#5', 'E#5']	['m3', 'P4', 'M6']	[False, False, False, False]	16.0	2.0	24.0	V7	False	('G#', 'B', 'C#', 'E#')	G#	C#	2.0	dominant seventh chord	(1, 5, 8, 11)	f#	f#	5	None	False	['G#', 'B', 'C#', 'E#', 'G#', 'B', 'C#', 'E#', 'G#', 'B', 'C#', 'E#', 'G#', 'B', 'C#', 'E#', 'G#', 'B', 'C#', 'E#', 'G#', 'B', 'C#', 'E#', 'G#', 'B', 'C#', 'E#', 'G#', 'B', 'C#', 'E#', 'G#', 'B', 'C#', 'E#', 'G#', 'B', 'C#', 'E#', 'G#', 'B', 'C#', 'E#', 'G#', 'B', 'C#', 'E#', 'G#', 'B', 'C#', 'E#', 'G#', 'B', 'C#', 'E#', 'G#', 'B', 'C#', 'E#', 'G#', 'B', 'C#', 'E#']	0.0	0.0	0.0	0.0
48.0	0.25	17.0	['F#4']	[]	[True]	17.0	1.0	25.0	i	True	('F#', 'A', 'C#')	F#	F#	0.0	minor triad	(1, 6, 9)	f#	f#	1	None	False	['F#', 'F#', 'C#', 'C#', 'A', 'A', 'C#', 'C#']	0.0	0.0	0.0	0.75
48.125	0.25	17.0	['F#4']	[]	[False]	17.0	1.0	25.0	i	False	('F#', 'A', 'C#')	F#	F#	0.0	minor triad	(1, 6, 9)	f#	f#	1	None	False	['F#', 'F#', 'C#', 'C#', 'A', 'A', 'C#', 'C#']	0.0	0.0	0.0	0.75
48.25	0.25	17.0	['C#5']	[]	[True]	17.0	1.0	25.0	i	False	('F#', 'A', 'C#')	F#	F#	0.0	minor triad	(1, 6, 9)	f#	f#	1	None	False	['F#', 'F#', 'C#', 'C#', 'A', 'A', 'C#', 'C#']	0.0	0.0	0.0	0.75
48.375	0.25	17.0	['C#5']	[]	[False]	17.0	1.0	25.0	i	False	('F#', 'A', 'C#')	F#	F#	0.0	minor triad	(1, 6, 9)	f#	f#	1	None	False	['F#', 'F#', 'C#', 'C#', 'A', 'A', 'C#', 'C#']	0.0	0.0	0.0	0.75
48.5	0.25	17.0	['A4']	[]	[True]	17.0	1.0	25.0	i	False	('F#', 'A', 'C#')	F#	F#	0.0	minor triad	(1, 6, 9)	f#	f#	1	None	False	['F#', 'F#', 'C#', 'C#', 'A', 'A', 'C#', 'C#']	0.0	0.0	0.0	0.75
48.625	0.25	17.0	['A4']	[]	[False]	17.0	1.0	25.0	i	False	('F#', 'A', 'C#')	F#	F#	0.0	minor triad	(1, 6, 9)	f#	f#	1	None	False	['F#', 'F#', 'C#', 'C#', 'A', 'A', 'C#', 'C#']	0.0	0.0	0.0	0.75
48.75	0.25	17.0	['C#5']	[]	[True]	17.0	1.0	25.0	i	False	('F#', 'A', 'C#')	F#	F#	0.0	minor triad	(1, 6, 9)	f#	f#	1	None	False	['F#', 'F#', 'C#', 'C#', 'A', 'A', 'C#', 'C#']	0.0	0.0	0.0	0.75
48.875	0.25	17.0	['C#5']	[]	[False]	17.0	1.0	25.0	i	False	('F#', 'A', 'C#')	F#	F#	0.0	minor triad	(1, 6, 9)	f#	f#	1	None	False	['F#', 'F#', 'C#', 'C#', 'A', 'A', 'C#', 'C#']	0.0	0.0	0.0	0.75
49.0	0.5	17.0	['E5']	[]	[True]	17.0	1.0	26.0	I	True	('E', 'A', 'C#')	E	A	2.0	major triad	(1, 4, 9)	A	A	1	None	False	['E', 'E', 'E', 'E', 'A', 'C#', 'A', 'C#', 'A', 'C#', 'A', 'C#']	0.0	0.0	0.0	0.5
49.125	0.5	17.0	['E5']	[]	[False]	17.0	1.0	26.0	I	False	('E', 'A', 'C#')	E	A	2.0	major triad	(1, 4, 9)	A	A	1	None	False	['E', 'E', 'E', 'E', 'A', 'C#', 'A', 'C#', 'A', 'C#', 'A', 'C#']	0.0	0.0	0.0	0.5
49.25	0.5	17.0	['E5']	[]	[False]	17.0	1.0	26.0	I	False	('E', 'A', 'C#')	E	A	2.0	major triad	(1, 4, 9)	A	A	1	None	False	['E', 'E', 'E', 'E', 'A', 'C#', 'A', 'C#', 'A', 'C#', 'A', 'C#']	0.0	0.0	0.0	0.5
49.375	0.5	17.0	['E5']	[]	[False]	17.0	1.0	26.0	I	False	('E', 'A', 'C#')	E	A	2.0	major triad	(1, 4, 9)	A	A	1	None	False	['E', 'E', 'E', 'E', 'A', 'C#', 'A', 'C#', 'A', 'C#', 'A', 'C#']	0.0	0.0	0.0	0.5
49.5	0.5	17.0	['A5', 'C#6']	['M3']	[True, True]	17.0	1.0	26.0	I	False	('E', 'A', 'C#')	E	A	2.0	major triad	(1, 4, 9)	A	A	1	None	False	['E', 'E', 'E', 'E', 'A', 'C#', 'A', 'C#', 'A', 'C#', 'A', 'C#']	0.0	0.0	0.0	0.5
49.625	0.5	17.0	['A5', 'C#6']	['M3']	[False, False]	17.0	1.0	26.0	I	False	('E', 'A', 'C#')	E	A	2.0	major triad	(1, 4, 9)	A	A	1	None	False	['E', 'E', 'E', 'E', 'A', 'C#', 'A', 'C#', 'A', 'C#', 'A', 'C#']	0.0	0.0	0.0	0.5
49.75	0.5	17.0	['A5', 'C#6']	['M3']	[False, False]	17.0	1.0	26.0	I	False	('E', 'A', 'C#')	E	A	2.0	major triad	(1, 4, 9)	A	A	1	None	False	['E', 'E', 'E', 'E', 'A', 'C#', 'A', 'C#', 'A', 'C#', 'A', 'C#']	0.0	0.0	0.0	0.5
49.875	0.5	17.0	['A5', 'C#6']	['M3']	[False, False]	17.0	1.0	26.0	I	False	('E', 'A', 'C#')	E	A	2.0	major triad	(1, 4, 9)	A	A	1	None	False	['E', 'E', 'E', 'E', 'A', 'C#', 'A', 'C#', 'A', 'C#', 'A', 'C#']	0.0	0.0	0.0	0.5
50.0	0.25	17.0	['E5']	[]	[True]	17.0	1.0	27.0	V7	True	('E', 'G#', 'B', 'D')	E	E	0.0	dominant seventh chord	(2, 4, 8, 11)	A	A	5	None	False	['E', 'E', 'D', 'D', 'G#', 'G#', 'B', 'B']	0.0	0.0	0.0	0.75
50.125	0.25	17.0	['E5']	[]	[False]	17.0	1.0	27.0	V7	False	('E', 'G#', 'B', 'D')	E	E	0.0	dominant seventh chord	(2, 4, 8, 11)	A	A	5	None	False	['E', 'E', 'D', 'D', 'G#', 'G#', 'B', 'B']	0.0	0.0	0.0	0.75
50.25	0.25	17.0	['D6']	[]	[True]	17.0	1.0	27.0	V7	False	('E', 'G#', 'B', 'D')	E	E	0.0	dominant seventh chord	(2, 4, 8, 11)	A	A	5	None	False	['E', 'E', 'D', 'D', 'G#', 'G#', 'B', 'B']	0.0	0.0	0.0	0.75
50.375	0.25	17.0	['D6']	[]	[False]	17.0	1.0	27.0	V7	False	('E', 'G#', 'B', 'D')	E	E	0.0	dominant seventh chord	(2, 4, 8, 11)	A	A	5	None	False	['E', 'E', 'D', 'D', 'G#', 'G#', 'B', 'B']	0.0	0.0	0.0	0.75
50.5	0.25	17.0	['G#5']	[]	[True]	17.0	1.0	27.0	V7	False	('E', 'G#', 'B', 'D')	E	E	0.0	dominant seventh chord	(2, 4, 8, 11)	A	A	5	None	False	['E', 'E', 'D', 'D', 'G#', 'G#', 'B', 'B']	0.0	0.0	0.0	0.75
50.625	0.25	17.0	['G#5']	[]	[False]	17.0	1.0	27.0	V7	False	('E', 'G#', 'B', 'D')	E	E	0.0	dominant seventh chord	(2, 4, 8, 11)	A	A	5	None	False	['E', 'E', 'D', 'D', 'G#', 'G#', 'B', 'B']	0.0	0.0	0.0	0.75
50.75	0.25	17.0	['B5']	[]	[True]	17.0	1.0	27.0	V7	False	('E', 'G#', 'B', 'D')	E	E	0.0	dominant seventh chord	(2, 4, 8, 11)	A	A	5	None	False	['E', 'E', 'D', 'D', 'G#', 'G#', 'B', 'B']	0.0	0.0	0.0	0.75
50.875	0.25	17.0	['B5']	[]	[False]	17.0	1.0	27.0	V7	False	('E', 'G#', 'B', 'D')	E	E	0.0	dominant seventh chord	(2, 4, 8, 11)	A	A	5	None	False	['E', 'E', 'D', 'D', 'G#', 'G#', 'B', 'B']	0.0	0.0	0.0	0.75
51.0	3.0	18.0	['A4', 'C#5', 'E5']	['M3', 'P5']	[True, True, True]	18.0	3.0	28.0	I	True	('A', 'C#', 'E')	A	A	0.0	major triad	(1, 4, 9)	A	A	1	None	False	['A', 'C#', 'E', 'A', 'C#', 'E', 'A', 'C#', 'E', 'A', 'C#', 'E', 'A', 'C#', 'E', 'A', 'C#', 'E', 'A', 'C#', 'E', 'A', 'C#', 'E', 'A', 'C#', 'E', 'A', 'C#', 'E', 'A', 'C#', 'E', 'A', 'C#', 'E', 'A', 'C#', 'E', 'A', 'C#', 'E', 'A', 'C#', 'E', 'A', 'C#', 'E', 'A', 'C#', 'E', 'A', 'C#', 'E', 'A', 'C#', 'E', 'A', 'C#', 'E', 'A', 'C#', 'E', 'A', 'C#', 'E', 'A', 'C#', 'E', 'A', 'C#', 'E']	0.0	0.0	0.0	0.0
51.125	3.0	18.0	['A4', 'C#5', 'E5']	['M3', 'P5']	[False, False, False]	18.0	3.0	28.0	I	False	('A', 'C#', 'E')	A	A	0.0	major triad	(1, 4, 9)	A	A	1	None	False	['A', 'C#', 'E', 'A', 'C#', 'E', 'A', 'C#', 'E', 'A', 'C#', 'E', 'A', 'C#', 'E', 'A', 'C#', 'E', 'A', 'C#', 'E', 'A', 'C#', 'E', 'A', 'C#', 'E', 'A', 'C#', 'E', 'A', 'C#', 'E', 'A', 'C#', 'E', 'A', 'C#', 'E', 'A', 'C#', 'E', 'A', 'C#', 'E', 'A', 'C#', 'E', 'A', 'C#', 'E', 'A', 'C#', 'E', 'A', 'C#', 'E', 'A', 'C#', 'E', 'A', 'C#', 'E', 'A', 'C#', 'E', 'A', 'C#', 'E', 'A', 'C#', 'E']	0.0	0.0	0.0	0.0
51.25	3.0	18.0	['A4', 'C#5', 'E5']	['M3', 'P5']	[False, False, False]	18.0	3.0	28.0	I	False	('A', 'C#', 'E')	A	A	0.0	major triad	(1, 4, 9)	A	A	1	None	False	['A', 'C#', 'E', 'A', 'C#', 'E', 'A', 'C#', 'E', 'A', 'C#', 'E', 'A', 'C#', 'E', 'A', 'C#', 'E', 'A', 'C#', 'E', 'A', 'C#', 'E', 'A', 'C#', 'E', 'A', 'C#', 'E', 'A', 'C#', 'E', 'A', 'C#', 'E', 'A', 'C#', 'E', 'A', 'C#', 'E', 'A', 'C#', 'E', 'A', 'C#', 'E', 'A', 'C#', 'E', 'A', 'C#', 'E', 'A', 'C#', 'E', 'A', 'C#', 'E', 'A', 'C#', 'E', 'A', 'C#', 'E', 'A', 'C#', 'E', 'A', 'C#', 'E']	0.0	0.0	0.0	0.0
51.375	3.0	18.0	['A4', 'C#5', 'E5']	['M3', 'P5']	[False, False, False]	18.0	3.0	28.0	I	False	('A', 'C#', 'E')	A	A	0.0	major triad	(1, 4, 9)	A	A	1	None	False	['A', 'C#', 'E', 'A', 'C#', 'E', 'A', 'C#', 'E', 'A', 'C#', 'E', 'A', 'C#', 'E', 'A', 'C#', 'E', 'A', 'C#', 'E', 'A', 'C#', 'E', 'A', 'C#', 'E', 'A', 'C#', 'E', 'A', 'C#', 'E', 'A', 'C#', 'E', 'A', 'C#', 'E', 'A', 'C#', 'E', 'A', 'C#', 'E', 'A', 'C#', 'E', 'A', 'C#', 'E', 'A', 'C#', 'E', 'A', 'C#', 'E', 'A', 'C#', 'E', 'A', 'C#', 'E', 'A', 'C#', 'E', 'A', 'C#', 'E', 'A', 'C#', 'E']	0.0	0.0	0.0	0.0
51.5	3.0	18.0	['A4', 'C#5', 'E5']	['M3', 'P5']	[False, False, False]	18.0	3.0	28.0	I	False	('A', 'C#', 'E')	A	A	0.0	major triad	(1, 4, 9)	A	A	1	None	False	['A', 'C#', 'E', 'A', 'C#', 'E', 'A', 'C#', 'E', 'A', 'C#', 'E', 'A', 'C#', 'E', 'A', 'C#', 'E', 'A', 'C#', 'E', 'A', 'C#', 'E', 'A', 'C#', 'E', 'A', 'C#', 'E', 'A', 'C#', 'E', 'A', 'C#', 'E', 'A', 'C#', 'E', 'A', 'C#', 'E', 'A', 'C#', 'E', 'A', 'C#', 'E', 'A', 'C#', 'E', 'A', 'C#', 'E', 'A', 'C#', 'E', 'A', 'C#', 'E', 'A', 'C#', 'E', 'A', 'C#', 'E', 'A', 'C#', 'E', 'A', 'C#', 'E']	0.0	0.0	0.0	0.0
51.625	3.0	18.0	['A4', 'C#5', 'E5']	['M3', 'P5']	[False, False, False]	18.0	3.0	28.0	I	False	('A', 'C#', 'E')	A	A	0.0	major triad	(1, 4, 9)	A	A	1	None	False	['A', 'C#', 'E', 'A', 'C#', 'E', 'A', 'C#', 'E', 'A', 'C#', 'E', 'A', 'C#', 'E', 'A', 'C#', 'E', 'A', 'C#', 'E', 'A', 'C#', 'E', 'A', 'C#', 'E', 'A', 'C#', 'E', 'A', 'C#', 'E', 'A', 'C#', 'E', 'A', 'C#', 'E', 'A', 'C#', 'E', 'A', 'C#', 'E', 'A', 'C#', 'E', 'A', 'C#', 'E', 'A', 'C#', 'E', 'A', 'C#', 'E', 'A', 'C#', 'E', 'A', 'C#', 'E', 'A', 'C#', 'E', 'A', 'C#', 'E', 'A', 'C#', 'E']	0.0	0.0	0.0	0.0
51.75	3.0	18.0	['A4', 'C#5', 'E5']	['M3', 'P5']	[False, False, False]	18.0	3.0	28.0	I	False	('A', 'C#', 'E')	A	A	0.0	major triad	(1, 4, 9)	A	A	1	None	False	['A', 'C#', 'E', 'A', 'C#', 'E', 'A', 'C#', 'E', 'A', 'C#', 'E', 'A', 'C#', 'E', 'A', 'C#', 'E', 'A', 'C#', 'E', 'A', 'C#', 'E', 'A', 'C#', 'E', 'A', 'C#', 'E', 'A', 'C#', 'E', 'A', 'C#', 'E', 'A', 'C#', 'E', 'A', 'C#', 'E', 'A', 'C#', 'E', 'A', 'C#', 'E', 'A', 'C#', 'E', 'A', 'C#', 'E', 'A', 'C#', 'E', 'A', 'C#', 'E', 'A', 'C#', 'E', 'A', 'C#', 'E', 'A', 'C#', 'E', 'A', 'C#', 'E']	0.0	0.0	0.0	0.0
51.875	3.0	18.0	['A4', 'C#5', 'E5']	['M3', 'P5']	[False, False, False]	18.0	3.0	28.0	I	False	('A', 'C#', 'E')	A	A	0.0	major triad	(1, 4, 9)	A	A	1	None	False	['A', 'C#', 'E', 'A', 'C#', 'E', 'A', 'C#', 'E', 'A', 'C#', 'E', 'A', 'C#', 'E', 'A', 'C#', 'E', 'A', 'C#', 'E', 'A', 'C#', 'E', 'A', 'C#', 'E', 'A', 'C#', 'E', 'A', 'C#', 'E', 'A', 'C#', 'E', 'A', 'C#', 'E', 'A', 'C#', 'E', 'A', 'C#', 'E', 'A', 'C#', 'E', 'A', 'C#', 'E', 'A', 'C#', 'E', 'A', 'C#', 'E', 'A', 'C#', 'E', 'A', 'C#', 'E', 'A', 'C#', 'E', 'A', 'C#', 'E', 'A', 'C#', 'E']	0.0	0.0	0.0	0.0
52.0	3.0	18.0	['A4', 'C#5', 'E5']	['M3', 'P5']	[False, False, False]	18.0	3.0	28.0	I	False	('A', 'C#', 'E')	A	A	0.0	major triad	(1, 4, 9)	A	A	1	None	False	['A', 'C#', 'E', 'A', 'C#', 'E', 'A', 'C#', 'E', 'A', 'C#', 'E', 'A', 'C#', 'E', 'A', 'C#', 'E', 'A', 'C#', 'E', 'A', 'C#', 'E', 'A', 'C#', 'E', 'A', 'C#', 'E', 'A', 'C#', 'E', 'A', 'C#', 'E', 'A', 'C#', 'E', 'A', 'C#', 'E', 'A', 'C#', 'E', 'A', 'C#', 'E', 'A', 'C#', 'E', 'A', 'C#', 'E', 'A', 'C#', 'E', 'A', 'C#', 'E', 'A', 'C#', 'E', 'A', 'C#', 'E', 'A', 'C#', 'E', 'A', 'C#', 'E']	0.0	0.0	0.0	0.0
52.125	3.0	18.0	['A4', 'C#5', 'E5']	['M3', 'P5']	[False, False, False]	18.0	3.0	28.0	I	False	('A', 'C#', 'E')	A	A	0.0	major triad	(1, 4, 9)	A	A	1	None	False	['A', 'C#', 'E', 'A', 'C#', 'E', 'A', 'C#', 'E', 'A', 'C#', 'E', 'A', 'C#', 'E', 'A', 'C#', 'E', 'A', 'C#', 'E', 'A', 'C#', 'E', 'A', 'C#', 'E', 'A', 'C#', 'E', 'A', 'C#', 'E', 'A', 'C#', 'E', 'A', 'C#', 'E', 'A', 'C#', 'E', 'A', 'C#', 'E', 'A', 'C#', 'E', 'A', 'C#', 'E', 'A', 'C#', 'E', 'A', 'C#', 'E', 'A', 'C#', 'E', 'A', 'C#', 'E', 'A', 'C#', 'E', 'A', 'C#', 'E', 'A', 'C#', 'E']	0.0	0.0	0.0	0.0
52.25	3.0	18.0	['A4', 'C#5', 'E5']	['M3', 'P5']	[False, False, False]	18.0	3.0	28.0	I	False	('A', 'C#', 'E')	A	A	0.0	major triad	(1, 4, 9)	A	A	1	None	False	['A', 'C#', 'E', 'A', 'C#', 'E', 'A', 'C#', 'E', 'A', 'C#', 'E', 'A', 'C#', 'E', 'A', 'C#', 'E', 'A', 'C#', 'E', 'A', 'C#', 'E', 'A', 'C#', 'E', 'A', 'C#', 'E', 'A', 'C#', 'E', 'A', 'C#', 'E', 'A', 'C#', 'E', 'A', 'C#', 'E', 'A', 'C#', 'E', 'A', 'C#', 'E', 'A', 'C#', 'E', 'A', 'C#', 'E', 'A', 'C#', 'E', 'A', 'C#', 'E', 'A', 'C#', 'E', 'A', 'C#', 'E', 'A', 'C#', 'E', 'A', 'C#', 'E']	0.0	0.0	0.0	0.0
52.375	3.0	18.0	['A4', 'C#5', 'E5']	['M3', 'P5']	[False, False, False]	18.0	3.0	28.0	I	False	('A', 'C#', 'E')	A	A	0.0	major triad	(1, 4, 9)	A	A	1	None	False	['A', 'C#', 'E', 'A', 'C#', 'E', 'A', 'C#', 'E', 'A', 'C#', 'E', 'A', 'C#', 'E', 'A', 'C#', 'E', 'A', 'C#', 'E', 'A', 'C#', 'E', 'A', 'C#', 'E', 'A', 'C#', 'E', 'A', 'C#', 'E', 'A', 'C#', 'E', 'A', 'C#', 'E', 'A', 'C#', 'E', 'A', 'C#', 'E', 'A', 'C#', 'E', 'A', 'C#', 'E', 'A', 'C#', 'E', 'A', 'C#', 'E', 'A', 'C#', 'E', 'A', 'C#', 'E', 'A', 'C#', 'E', 'A', 'C#', 'E', 'A', 'C#', 'E']	0.0	0.0	0.0	0.0
52.5	3.0	18.0	['A4', 'C#5', 'E5']	['M3', 'P5']	[False, False, False]	18.0	3.0	28.0	I	False	('A', 'C#', 'E')	A	A	0.0	major triad	(1, 4, 9)	A	A	1	None	False	['A', 'C#', 'E', 'A', 'C#', 'E', 'A', 'C#', 'E', 'A', 'C#', 'E', 'A', 'C#', 'E', 'A', 'C#', 'E', 'A', 'C#', 'E', 'A', 'C#', 'E', 'A', 'C#', 'E', 'A', 'C#', 'E', 'A', 'C#', 'E', 'A', 'C#', 'E', 'A', 'C#', 'E', 'A', 'C#', 'E', 'A', 'C#', 'E', 'A', 'C#', 'E', 'A', 'C#', 'E', 'A', 'C#', 'E', 'A', 'C#', 'E', 'A', 'C#', 'E', 'A', 'C#', 'E', 'A', 'C#', 'E', 'A', 'C#', 'E', 'A', 'C#', 'E']	0.0	0.0	0.0	0.0
52.625	3.0	18.0	['A4', 'C#5', 'E5']	['M3', 'P5']	[False, False, False]	18.0	3.0	28.0	I	False	('A', 'C#', 'E')	A	A	0.0	major triad	(1, 4, 9)	A	A	1	None	False	['A', 'C#', 'E', 'A', 'C#', 'E', 'A', 'C#', 'E', 'A', 'C#', 'E', 'A', 'C#', 'E', 'A', 'C#', 'E', 'A', 'C#', 'E', 'A', 'C#', 'E', 'A', 'C#', 'E', 'A', 'C#', 'E', 'A', 'C#', 'E', 'A', 'C#', 'E', 'A', 'C#', 'E', 'A', 'C#', 'E', 'A', 'C#', 'E', 'A', 'C#', 'E', 'A', 'C#', 'E', 'A', 'C#', 'E', 'A', 'C#', 'E', 'A', 'C#', 'E', 'A', 'C#', 'E', 'A', 'C#', 'E', 'A', 'C#', 'E', 'A', 'C#', 'E']	0.0	0.0	0.0	0.0
52.75	3.0	18.0	['A4', 'C#5', 'E5']	['M3', 'P5']	[False, False, False]	18.0	3.0	28.0	I	False	('A', 'C#', 'E')	A	A	0.0	major triad	(1, 4, 9)	A	A	1	None	False	['A', 'C#', 'E', 'A', 'C#', 'E', 'A', 'C#', 'E', 'A', 'C#', 'E', 'A', 'C#', 'E', 'A', 'C#', 'E', 'A', 'C#', 'E', 'A', 'C#', 'E', 'A', 'C#', 'E', 'A', 'C#', 'E', 'A', 'C#', 'E', 'A', 'C#', 'E', 'A', 'C#', 'E', 'A', 'C#', 'E', 'A', 'C#', 'E', 'A', 'C#', 'E', 'A', 'C#', 'E', 'A', 'C#', 'E', 'A', 'C#', 'E', 'A', 'C#', 'E', 'A', 'C#', 'E', 'A', 'C#', 'E', 'A', 'C#', 'E', 'A', 'C#', 'E']	0.0	0.0	0.0	0.0
52.875	3.0	18.0	['A4', 'C#5', 'E5']	['M3', 'P5']	[False, False, False]	18.0	3.0	28.0	I	False	('A', 'C#', 'E')	A	A	0.0	major triad	(1, 4, 9)	A	A	1	None	False	['A', 'C#', 'E', 'A', 'C#', 'E', 'A', 'C#', 'E', 'A', 'C#', 'E', 'A', 'C#', 'E', 'A', 'C#', 'E', 'A', 'C#', 'E', 'A', 'C#', 'E', 'A', 'C#', 'E', 'A', 'C#', 'E', 'A', 'C#', 'E', 'A', 'C#', 'E', 'A', 'C#', 'E', 'A', 'C#', 'E', 'A', 'C#', 'E', 'A', 'C#', 'E', 'A', 'C#', 'E', 'A', 'C#', 'E', 'A', 'C#', 'E', 'A', 'C#', 'E', 'A', 'C#', 'E', 'A', 'C#', 'E', 'A', 'C#', 'E', 'A', 'C#', 'E']	0.0	0.0	0.0	0.0
53.0	3.0	18.0	['A4', 'C#5', 'E5']	['M3', 'P5']	[False, False, False]	18.0	3.0	28.0	I	False	('A', 'C#', 'E')	A	A	0.0	major triad	(1, 4, 9)	A	A	1	None	False	['A', 'C#', 'E', 'A', 'C#', 'E', 'A', 'C#', 'E', 'A', 'C#', 'E', 'A', 'C#', 'E', 'A', 'C#', 'E', 'A', 'C#', 'E', 'A', 'C#', 'E', 'A', 'C#', 'E', 'A', 'C#', 'E', 'A', 'C#', 'E', 'A', 'C#', 'E', 'A', 'C#', 'E', 'A', 'C#', 'E', 'A', 'C#', 'E', 'A', 'C#', 'E', 'A', 'C#', 'E', 'A', 'C#', 'E', 'A', 'C#', 'E', 'A', 'C#', 'E', 'A', 'C#', 'E', 'A', 'C#', 'E', 'A', 'C#', 'E', 'A', 'C#', 'E']	0.0	0.0	0.0	0.0
53.125	3.0	18.0	['A4', 'C#5', 'E5']	['M3', 'P5']	[False, False, False]	18.0	3.0	28.0	I	False	('A', 'C#', 'E')	A	A	0.0	major triad	(1, 4, 9)	A	A	1	None	False	['A', 'C#', 'E', 'A', 'C#', 'E', 'A', 'C#', 'E', 'A', 'C#', 'E', 'A', 'C#', 'E', 'A', 'C#', 'E', 'A', 'C#', 'E', 'A', 'C#', 'E', 'A', 'C#', 'E', 'A', 'C#', 'E', 'A', 'C#', 'E', 'A', 'C#', 'E', 'A', 'C#', 'E', 'A', 'C#', 'E', 'A', 'C#', 'E', 'A', 'C#', 'E', 'A', 'C#', 'E', 'A', 'C#', 'E', 'A', 'C#', 'E', 'A', 'C#', 'E', 'A', 'C#', 'E', 'A', 'C#', 'E', 'A', 'C#', 'E', 'A', 'C#', 'E']	0.0	0.0	0.0	0.0
53.25	3.0	18.0	['A4', 'C#5', 'E5']	['M3', 'P5']	[False, False, False]	18.0	3.0	28.0	I	False	('A', 'C#', 'E')	A	A	0.0	major triad	(1, 4, 9)	A	A	1	None	False	['A', 'C#', 'E', 'A', 'C#', 'E', 'A', 'C#', 'E', 'A', 'C#', 'E', 'A', 'C#', 'E', 'A', 'C#', 'E', 'A', 'C#', 'E', 'A', 'C#', 'E', 'A', 'C#', 'E', 'A', 'C#', 'E', 'A', 'C#', 'E', 'A', 'C#', 'E', 'A', 'C#', 'E', 'A', 'C#', 'E', 'A', 'C#', 'E', 'A', 'C#', 'E', 'A', 'C#', 'E', 'A', 'C#', 'E', 'A', 'C#', 'E', 'A', 'C#', 'E', 'A', 'C#', 'E', 'A', 'C#', 'E', 'A', 'C#', 'E', 'A', 'C#', 'E']	0.0	0.0	0.0	0.0
53.375	3.0	18.0	['A4', 'C#5', 'E5']	['M3', 'P5']	[False, False, False]	18.0	3.0	28.0	I	False	('A', 'C#', 'E')	A	A	0.0	major triad	(1, 4, 9)	A	A	1	None	False	['A', 'C#', 'E', 'A', 'C#', 'E', 'A', 'C#', 'E', 'A', 'C#', 'E', 'A', 'C#', 'E', 'A', 'C#', 'E', 'A', 'C#', 'E', 'A', 'C#', 'E', 'A', 'C#', 'E', 'A', 'C#', 'E', 'A', 'C#', 'E', 'A', 'C#', 'E', 'A', 'C#', 'E', 'A', 'C#', 'E', 'A', 'C#', 'E', 'A', 'C#', 'E', 'A', 'C#', 'E', 'A', 'C#', 'E', 'A', 'C#', 'E', 'A', 'C#', 'E', 'A', 'C#', 'E', 'A', 'C#', 'E', 'A', 'C#', 'E', 'A', 'C#', 'E']	0.0	0.0	0.0	0.0
53.5	3.0	18.0	['A4', 'C#5', 'E5']	['M3', 'P5']	[False, False, False]	18.0	3.0	28.0	I	False	('A', 'C#', 'E')	A	A	0.0	major triad	(1, 4, 9)	A	A	1	None	False	['A', 'C#', 'E', 'A', 'C#', 'E', 'A', 'C#', 'E', 'A', 'C#', 'E', 'A', 'C#', 'E', 'A', 'C#', 'E', 'A', 'C#', 'E', 'A', 'C#', 'E', 'A', 'C#', 'E', 'A', 'C#', 'E', 'A', 'C#', 'E', 'A', 'C#', 'E', 'A', 'C#', 'E', 'A', 'C#', 'E', 'A', 'C#', 'E', 'A', 'C#', 'E', 'A', 'C#', 'E', 'A', 'C#', 'E', 'A', 'C#', 'E', 'A', 'C#', 'E', 'A', 'C#', 'E', 'A', 'C#', 'E', 'A', 'C#', 'E', 'A', 'C#', 'E']	0.0	0.0	0.0	0.0
53.625	3.0	18.0	['A4', 'C#5', 'E5']	['M3', 'P5']	[False, False, False]	18.0	3.0	28.0	I	False	('A', 'C#', 'E')	A	A	0.0	major triad	(1, 4, 9)	A	A	1	None	False	['A', 'C#', 'E', 'A', 'C#', 'E', 'A', 'C#', 'E', 'A', 'C#', 'E', 'A', 'C#', 'E', 'A', 'C#', 'E', 'A', 'C#', 'E', 'A', 'C#', 'E', 'A', 'C#', 'E', 'A', 'C#', 'E', 'A', 'C#', 'E', 'A', 'C#', 'E', 'A', 'C#', 'E', 'A', 'C#', 'E', 'A', 'C#', 'E', 'A', 'C#', 'E', 'A', 'C#', 'E', 'A', 'C#', 'E', 'A', 'C#', 'E', 'A', 'C#', 'E', 'A', 'C#', 'E', 'A', 'C#', 'E', 'A', 'C#', 'E', 'A', 'C#', 'E']	0.0	0.0	0.0	0.0
53.75	3.0	18.0	['A4', 'C#5', 'E5']	['M3', 'P5']	[False, False, False]	18.0	3.0	28.0	I	False	('A', 'C#', 'E')	A	A	0.0	major triad	(1, 4, 9)	A	A	1	None	False	['A', 'C#', 'E', 'A', 'C#', 'E', 'A', 'C#', 'E', 'A', 'C#', 'E', 'A', 'C#', 'E', 'A', 'C#', 'E', 'A', 'C#', 'E', 'A', 'C#', 'E', 'A', 'C#', 'E', 'A', 'C#', 'E', 'A', 'C#', 'E', 'A', 'C#', 'E', 'A', 'C#', 'E', 'A', 'C#', 'E', 'A', 'C#', 'E', 'A', 'C#', 'E', 'A', 'C#', 'E', 'A', 'C#', 'E', 'A', 'C#', 'E', 'A', 'C#', 'E', 'A', 'C#', 'E', 'A', 'C#', 'E', 'A', 'C#', 'E', 'A', 'C#', 'E']	0.0	0.0	0.0	0.0
53.875	3.0	18.0	['A4', 'C#5', 'E5']	['M3', 'P5']	[False, False, False]	18.0	3.0	28.0	I	False	('A', 'C#', 'E')	A	A	0.0	major triad	(1, 4, 9)	A	A	1	None	False	['A', 'C#', 'E', 'A', 'C#', 'E', 'A', 'C#', 'E', 'A', 'C#', 'E', 'A', 'C#', 'E', 'A', 'C#', 'E', 'A', 'C#', 'E', 'A', 'C#', 'E', 'A', 'C#', 'E', 'A', 'C#', 'E', 'A', 'C#', 'E', 'A', 'C#', 'E', 'A', 'C#', 'E', 'A', 'C#', 'E', 'A', 'C#', 'E', 'A', 'C#', 'E', 'A', 'C#', 'E', 'A', 'C#', 'E', 'A', 'C#', 'E', 'A', 'C#', 'E', 'A', 'C#', 'E', 'A', 'C#', 'E', 'A', 'C#', 'E', 'A', 'C#', 'E']	0.0	0.0	0.0	0.0
54.0	3.0	19.0	['F5', 'G#5', 'B5', 'D6']	['A2', 'A4', 'M6']	[True, True, True, True]	19.0	3.0	29.0	viio7	True	('F', 'G#', 'B', 'D')	F	G#	3.0	diminished seventh chord	(2, 5, 8, 11)	A	A	7	None	False	['F', 'G#', 'B', 'D', 'F', 'G#', 'B', 'D', 'F', 'G#', 'B', 'D', 'F', 'G#', 'B', 'D', 'F', 'G#', 'B', 'D', 'F', 'G#', 'B', 'D', 'F', 'G#', 'B', 'D', 'F', 'G#', 'B', 'D', 'F', 'G#', 'B', 'D', 'F', 'G#', 'B', 'D', 'F', 'G#', 'B', 'D', 'F', 'G#', 'B', 'D', 'F', 'G#', 'B', 'D', 'F', 'G#', 'B', 'D', 'F', 'G#', 'B', 'D', 'F', 'G#', 'B', 'D', 'F', 'G#', 'B', 'D', 'F', 'G#', 'B', 'D', 'F', 'G#', 'B', 'D', 'F', 'G#', 'B', 'D', 'F', 'G#', 'B', 'D', 'F', 'G#', 'B', 'D', 'F', 'G#', 'B', 'D', 'F', 'G#', 'B', 'D']	0.0	0.0	0.0	0.0
54.125	3.0	19.0	['F5', 'G#5', 'B5', 'D6']	['A2', 'A4', 'M6']	[False, False, False, False]	19.0	3.0	29.0	viio7	False	('F', 'G#', 'B', 'D')	F	G#	3.0	diminished seventh chord	(2, 5, 8, 11)	A	A	7	None	False	['F', 'G#', 'B', 'D', 'F', 'G#', 'B', 'D', 'F', 'G#', 'B', 'D', 'F', 'G#', 'B', 'D', 'F', 'G#', 'B', 'D', 'F', 'G#', 'B', 'D', 'F', 'G#', 'B', 'D', 'F', 'G#', 'B', 'D', 'F', 'G#', 'B', 'D', 'F', 'G#', 'B', 'D', 'F', 'G#', 'B', 'D', 'F', 'G#', 'B', 'D', 'F', 'G#', 'B', 'D', 'F', 'G#', 'B', 'D', 'F', 'G#', 'B', 'D', 'F', 'G#', 'B', 'D', 'F', 'G#', 'B', 'D', 'F', 'G#', 'B', 'D', 'F', 'G#', 'B', 'D', 'F', 'G#', 'B', 'D', 'F', 'G#', 'B', 'D', 'F', 'G#', 'B', 'D', 'F', 'G#', 'B', 'D', 'F', 'G#', 'B', 'D']	0.0	0.0	0.0	0.0
54.25	3.0	19.0	['F5', 'G#5', 'B5', 'D6']	['A2', 'A4', 'M6']	[False, False, False, False]	19.0	3.0	29.0	viio7	False	('F', 'G#', 'B', 'D')	F	G#	3.0	diminished seventh chord	(2, 5, 8, 11)	A	A	7	None	False	['F', 'G#', 'B', 'D', 'F', 'G#', 'B', 'D', 'F', 'G#', 'B', 'D', 'F', 'G#', 'B', 'D', 'F', 'G#', 'B', 'D', 'F', 'G#', 'B', 'D', 'F', 'G#', 'B', 'D', 'F', 'G#', 'B', 'D', 'F', 'G#', 'B', 'D', 'F', 'G#', 'B', 'D', 'F', 'G#', 'B', 'D', 'F', 'G#', 'B', 'D', 'F', 'G#', 'B', 'D', 'F', 'G#', 'B', 'D', 'F', 'G#', 'B', 'D', 'F', 'G#', 'B', 'D', 'F', 'G#', 'B', 'D', 'F', 'G#', 'B', 'D', 'F', 'G#', 'B', 'D', 'F', 'G#', 'B', 'D', 'F', 'G#', 'B', 'D', 'F', 'G#', 'B', 'D', 'F', 'G#', 'B', 'D', 'F', 'G#', 'B', 'D']	0.0	0.0	0.0	0.0
54.375	3.0	19.0	['F5', 'G#5', 'B5', 'D6']	['A2', 'A4', 'M6']	[False, False, False, False]	19.0	3.0	29.0	viio7	False	('F', 'G#', 'B', 'D')	F	G#	3.0	diminished seventh chord	(2, 5, 8, 11)	A	A	7	None	False	['F', 'G#', 'B', 'D', 'F', 'G#', 'B', 'D', 'F', 'G#', 'B', 'D', 'F', 'G#', 'B', 'D', 'F', 'G#', 'B', 'D', 'F', 'G#', 'B', 'D', 'F', 'G#', 'B', 'D', 'F', 'G#', 'B', 'D', 'F', 'G#', 'B', 'D', 'F', 'G#', 'B', 'D', 'F', 'G#', 'B', 'D', 'F', 'G#', 'B', 'D', 'F', 'G#', 'B', 'D', 'F', 'G#', 'B', 'D', 'F', 'G#', 'B', 'D', 'F', 'G#', 'B', 'D', 'F', 'G#', 'B', 'D', 'F', 'G#', 'B', 'D', 'F', 'G#', 'B', 'D', 'F', 'G#', 'B', 'D', 'F', 'G#', 'B', 'D', 'F', 'G#', 'B', 'D', 'F', 'G#', 'B', 'D', 'F', 'G#', 'B', 'D']	0.0	0.0	0.0	0.0
54.5	3.0	19.0	['F5', 'G#5', 'B5', 'D6']	['A2', 'A4', 'M6']	[False, False, False, False]	19.0	3.0	29.0	viio7	False	('F', 'G#', 'B', 'D')	F	G#	3.0	diminished seventh chord	(2, 5, 8, 11)	A	A	7	None	False	['F', 'G#', 'B', 'D', 'F', 'G#', 'B', 'D', 'F', 'G#', 'B', 'D', 'F', 'G#', 'B', 'D', 'F', 'G#', 'B', 'D', 'F', 'G#', 'B', 'D', 'F', 'G#', 'B', 'D', 'F', 'G#', 'B', 'D', 'F', 'G#', 'B', 'D', 'F', 'G#', 'B', 'D', 'F', 'G#', 'B', 'D', 'F', 'G#', 'B', 'D', 'F', 'G#', 'B', 'D', 'F', 'G#', 'B', 'D', 'F', 'G#', 'B', 'D', 'F', 'G#', 'B', 'D', 'F', 'G#', 'B', 'D', 'F', 'G#', 'B', 'D', 'F', 'G#', 'B', 'D', 'F', 'G#', 'B', 'D', 'F', 'G#', 'B', 'D', 'F', 'G#', 'B', 'D', 'F', 'G#', 'B', 'D', 'F', 'G#', 'B', 'D']	0.0	0.0	0.0	0.0
54.625	3.0	19.0	['F5', 'G#5', 'B5', 'D6']	['A2', 'A4', 'M6']	[False, False, False, False]	19.0	3.0	29.0	viio7	False	('F', 'G#', 'B', 'D')	F	G#	3.0	diminished seventh chord	(2, 5, 8, 11)	A	A	7	None	False	['F', 'G#', 'B', 'D', 'F', 'G#', 'B', 'D', 'F', 'G#', 'B', 'D', 'F', 'G#', 'B', 'D', 'F', 'G#', 'B', 'D', 'F', 'G#', 'B', 'D', 'F', 'G#', 'B', 'D', 'F', 'G#', 'B', 'D', 'F', 'G#', 'B', 'D', 'F', 'G#', 'B', 'D', 'F', 'G#', 'B', 'D', 'F', 'G#', 'B', 'D', 'F', 'G#', 'B', 'D', 'F', 'G#', 'B', 'D', 'F', 'G#', 'B', 'D', 'F', 'G#', 'B', 'D', 'F', 'G#', 'B', 'D', 'F', 'G#', 'B', 'D', 'F', 'G#', 'B', 'D', 'F', 'G#', 'B', 'D', 'F', 'G#', 'B', 'D', 'F', 'G#', 'B', 'D', 'F', 'G#', 'B', 'D', 'F', 'G#', 'B', 'D']	0.0	0.0	0.0	0.0
54.75	3.0	19.0	['F5', 'G#5', 'B5', 'D6']	['A2', 'A4', 'M6']	[False, False, False, False]	19.0	3.0	29.0	viio7	False	('F', 'G#', 'B', 'D')	F	G#	3.0	diminished seventh chord	(2, 5, 8, 11)	A	A	7	None	False	['F', 'G#', 'B', 'D', 'F', 'G#', 'B', 'D', 'F', 'G#', 'B', 'D', 'F', 'G#', 'B', 'D', 'F', 'G#', 'B', 'D', 'F', 'G#', 'B', 'D', 'F', 'G#', 'B', 'D', 'F', 'G#', 'B', 'D', 'F', 'G#', 'B', 'D', 'F', 'G#', 'B', 'D', 'F', 'G#', 'B', 'D', 'F', 'G#', 'B', 'D', 'F', 'G#', 'B', 'D', 'F', 'G#', 'B', 'D', 'F', 'G#', 'B', 'D', 'F', 'G#', 'B', 'D', 'F', 'G#', 'B', 'D', 'F', 'G#', 'B', 'D', 'F', 'G#', 'B', 'D', 'F', 'G#', 'B', 'D', 'F', 'G#', 'B', 'D', 'F', 'G#', 'B', 'D', 'F', 'G#', 'B', 'D', 'F', 'G#', 'B', 'D']	0.0	0.0	0.0	0.0
54.875	3.0	19.0	['F5', 'G#5', 'B5', 'D6']	['A2', 'A4', 'M6']	[False, False, False, False]	19.0	3.0	29.0	viio7	False	('F', 'G#', 'B', 'D')	F	G#	3.0	diminished seventh chord	(2, 5, 8, 11)	A	A	7	None	False	['F', 'G#', 'B', 'D', 'F', 'G#', 'B', 'D', 'F', 'G#', 'B', 'D', 'F', 'G#', 'B', 'D', 'F', 'G#', 'B', 'D', 'F', 'G#', 'B', 'D', 'F', 'G#', 'B', 'D', 'F', 'G#', 'B', 'D', 'F', 'G#', 'B', 'D', 'F', 'G#', 'B', 'D', 'F', 'G#', 'B', 'D', 'F', 'G#', 'B', 'D', 'F', 'G#', 'B', 'D', 'F', 'G#', 'B', 'D', 'F', 'G#', 'B', 'D', 'F', 'G#', 'B', 'D', 'F', 'G#', 'B', 'D', 'F', 'G#', 'B', 'D', 'F', 'G#', 'B', 'D', 'F', 'G#', 'B', 'D', 'F', 'G#', 'B', 'D', 'F', 'G#', 'B', 'D', 'F', 'G#', 'B', 'D', 'F', 'G#', 'B', 'D']	0.0	0.0	0.0	0.0
55.0	3.0	19.0	['F5', 'G#5', 'B5', 'D6']	['A2', 'A4', 'M6']	[False, False, False, False]	19.0	3.0	29.0	viio7	False	('F', 'G#', 'B', 'D')	F	G#	3.0	diminished seventh chord	(2, 5, 8, 11)	A	A	7	None	False	['F', 'G#', 'B', 'D', 'F', 'G#', 'B', 'D', 'F', 'G#', 'B', 'D', 'F', 'G#', 'B', 'D', 'F', 'G#', 'B', 'D', 'F', 'G#', 'B', 'D', 'F', 'G#', 'B', 'D', 'F', 'G#', 'B', 'D', 'F', 'G#', 'B', 'D', 'F', 'G#', 'B', 'D', 'F', 'G#', 'B', 'D', 'F', 'G#', 'B', 'D', 'F', 'G#', 'B', 'D', 'F', 'G#', 'B', 'D', 'F', 'G#', 'B', 'D', 'F', 'G#', 'B', 'D', 'F', 'G#', 'B', 'D', 'F', 'G#', 'B', 'D', 'F', 'G#', 'B', 'D', 'F', 'G#', 'B', 'D', 'F', 'G#', 'B', 'D', 'F', 'G#', 'B', 'D', 'F', 'G#', 'B', 'D', 'F', 'G#', 'B', 'D']	0.0	0.0	0.0	0.0
55.125	3.0	19.0	['F5', 'G#5', 'B5', 'D6']	['A2', 'A4', 'M6']	[False, False, False, False]	19.0	3.0	29.0	viio7	False	('F', 'G#', 'B', 'D')	F	G#	3.0	diminished seventh chord	(2, 5, 8, 11)	A	A	7	None	False	['F', 'G#', 'B', 'D', 'F', 'G#', 'B', 'D', 'F', 'G#', 'B', 'D', 'F', 'G#', 'B', 'D', 'F', 'G#', 'B', 'D', 'F', 'G#', 'B', 'D', 'F', 'G#', 'B', 'D', 'F', 'G#', 'B', 'D', 'F', 'G#', 'B', 'D', 'F', 'G#', 'B', 'D', 'F', 'G#', 'B', 'D', 'F', 'G#', 'B', 'D', 'F', 'G#', 'B', 'D', 'F', 'G#', 'B', 'D', 'F', 'G#', 'B', 'D', 'F', 'G#', 'B', 'D', 'F', 'G#', 'B', 'D', 'F', 'G#', 'B', 'D', 'F', 'G#', 'B', 'D', 'F', 'G#', 'B', 'D', 'F', 'G#', 'B', 'D', 'F', 'G#', 'B', 'D', 'F', 'G#', 'B', 'D', 'F', 'G#', 'B', 'D']	0.0	0.0	0.0	0.0
55.25	3.0	19.0	['F5', 'G#5', 'B5', 'D6']	['A2', 'A4', 'M6']	[False, False, False, False]	19.0	3.0	29.0	viio7	False	('F', 'G#', 'B', 'D')	F	G#	3.0	diminished seventh chord	(2, 5, 8, 11)	A	A	7	None	False	['F', 'G#', 'B', 'D', 'F', 'G#', 'B', 'D', 'F', 'G#', 'B', 'D', 'F', 'G#', 'B', 'D', 'F', 'G#', 'B', 'D', 'F', 'G#', 'B', 'D', 'F', 'G#', 'B', 'D', 'F', 'G#', 'B', 'D', 'F', 'G#', 'B', 'D', 'F', 'G#', 'B', 'D', 'F', 'G#', 'B', 'D', 'F', 'G#', 'B', 'D', 'F', 'G#', 'B', 'D', 'F', 'G#', 'B', 'D', 'F', 'G#', 'B', 'D', 'F', 'G#', 'B', 'D', 'F', 'G#', 'B', 'D', 'F', 'G#', 'B', 'D', 'F', 'G#', 'B', 'D', 'F', 'G#', 'B', 'D', 'F', 'G#', 'B', 'D', 'F', 'G#', 'B', 'D', 'F', 'G#', 'B', 'D', 'F', 'G#', 'B', 'D']	0.0	0.0	0.0	0.0
55.375	3.0	19.0	['F5', 'G#5', 'B5', 'D6']	['A2', 'A4', 'M6']	[False, False, False, False]	19.0	3.0	29.0	viio7	False	('F', 'G#', 'B', 'D')	F	G#	3.0	diminished seventh chord	(2, 5, 8, 11)	A	A	7	None	False	['F', 'G#', 'B', 'D', 'F', 'G#', 'B', 'D', 'F', 'G#', 'B', 'D', 'F', 'G#', 'B', 'D', 'F', 'G#', 'B', 'D', 'F', 'G#', 'B', 'D', 'F', 'G#', 'B', 'D', 'F', 'G#', 'B', 'D', 'F', 'G#', 'B', 'D', 'F', 'G#', 'B', 'D', 'F', 'G#', 'B', 'D', 'F', 'G#', 'B', 'D', 'F', 'G#', 'B', 'D', 'F', 'G#', 'B', 'D', 'F', 'G#', 'B', 'D', 'F', 'G#', 'B', 'D', 'F', 'G#', 'B', 'D', 'F', 'G#', 'B', 'D', 'F', 'G#', 'B', 'D', 'F', 'G#', 'B', 'D', 'F', 'G#', 'B', 'D', 'F', 'G#', 'B', 'D', 'F', 'G#', 'B', 'D', 'F', 'G#', 'B', 'D']	0.0	0.0	0.0	0.0
55.5	3.0	19.0	['F5', 'G#5', 'B5', 'D6']	['A2', 'A4', 'M6']	[False, False, False, False]	19.0	3.0	29.0	viio7	False	('F', 'G#', 'B', 'D')	F	G#	3.0	diminished seventh chord	(2, 5, 8, 11)	A	A	7	None	False	['F', 'G#', 'B', 'D', 'F', 'G#', 'B', 'D', 'F', 'G#', 'B', 'D', 'F', 'G#', 'B', 'D', 'F', 'G#', 'B', 'D', 'F', 'G#', 'B', 'D', 'F', 'G#', 'B', 'D', 'F', 'G#', 'B', 'D', 'F', 'G#', 'B', 'D', 'F', 'G#', 'B', 'D', 'F', 'G#', 'B', 'D', 'F', 'G#', 'B', 'D', 'F', 'G#', 'B', 'D', 'F', 'G#', 'B', 'D', 'F', 'G#', 'B', 'D', 'F', 'G#', 'B', 'D', 'F', 'G#', 'B', 'D', 'F', 'G#', 'B', 'D', 'F', 'G#', 'B', 'D', 'F', 'G#', 'B', 'D', 'F', 'G#', 'B', 'D', 'F', 'G#', 'B', 'D', 'F', 'G#', 'B', 'D', 'F', 'G#', 'B', 'D']	0.0	0.0	0.0	0.0
55.625	3.0	19.0	['F5', 'G#5', 'B5', 'D6']	['A2', 'A4', 'M6']	[False, False, False, False]	19.0	3.0	29.0	viio7	False	('F', 'G#', 'B', 'D')	F	G#	3.0	diminished seventh chord	(2, 5, 8, 11)	A	A	7	None	False	['F', 'G#', 'B', 'D', 'F', 'G#', 'B', 'D', 'F', 'G#', 'B', 'D', 'F', 'G#', 'B', 'D', 'F', 'G#', 'B', 'D', 'F', 'G#', 'B', 'D', 'F', 'G#', 'B', 'D', 'F', 'G#', 'B', 'D', 'F', 'G#', 'B', 'D', 'F', 'G#', 'B', 'D', 'F', 'G#', 'B', 'D', 'F', 'G#', 'B', 'D', 'F', 'G#', 'B', 'D', 'F', 'G#', 'B', 'D', 'F', 'G#', 'B', 'D', 'F', 'G#', 'B', 'D', 'F', 'G#', 'B', 'D', 'F', 'G#', 'B', 'D', 'F', 'G#', 'B', 'D', 'F', 'G#', 'B', 'D', 'F', 'G#', 'B', 'D', 'F', 'G#', 'B', 'D', 'F', 'G#', 'B', 'D', 'F', 'G#', 'B', 'D']	0.0	0.0	0.0	0.0
55.75	3.0	19.0	['F5', 'G#5', 'B5', 'D6']	['A2', 'A4', 'M6']	[False, False, False, False]	19.0	3.0	29.0	viio7	False	('F', 'G#', 'B', 'D')	F	G#	3.0	diminished seventh chord	(2, 5, 8, 11)	A	A	7	None	False	['F', 'G#', 'B', 'D', 'F', 'G#', 'B', 'D', 'F', 'G#', 'B', 'D', 'F', 'G#', 'B', 'D', 'F', 'G#', 'B', 'D', 'F', 'G#', 'B', 'D', 'F', 'G#', 'B', 'D', 'F', 'G#', 'B', 'D', 'F', 'G#', 'B', 'D', 'F', 'G#', 'B', 'D', 'F', 'G#', 'B', 'D', 'F', 'G#', 'B', 'D', 'F', 'G#', 'B', 'D', 'F', 'G#', 'B', 'D', 'F', 'G#', 'B', 'D', 'F', 'G#', 'B', 'D', 'F', 'G#', 'B', 'D', 'F', 'G#', 'B', 'D', 'F', 'G#', 'B', 'D', 'F', 'G#', 'B', 'D', 'F', 'G#', 'B', 'D', 'F', 'G#', 'B', 'D', 'F', 'G#', 'B', 'D', 'F', 'G#', 'B', 'D']	0.0	0.0	0.0	0.0
55.875	3.0	19.0	['F5', 'G#5', 'B5', 'D6']	['A2', 'A4', 'M6']	[False, False, False, False]	19.0	3.0	29.0	viio7	False	('F', 'G#', 'B', 'D')	F	G#	3.0	diminished seventh chord	(2, 5, 8, 11)	A	A	7	None	False	['F', 'G#', 'B', 'D', 'F', 'G#', 'B', 'D', 'F', 'G#', 'B', 'D', 'F', 'G#', 'B', 'D', 'F', 'G#', 'B', 'D', 'F', 'G#', 'B', 'D', 'F', 'G#', 'B', 'D', 'F', 'G#', 'B', 'D', 'F', 'G#', 'B', 'D', 'F', 'G#', 'B', 'D', 'F', 'G#', 'B', 'D', 'F', 'G#', 'B', 'D', 'F', 'G#', 'B', 'D', 'F', 'G#', 'B', 'D', 'F', 'G#', 'B', 'D', 'F', 'G#', 'B', 'D', 'F', 'G#', 'B', 'D', 'F', 'G#', 'B', 'D', 'F', 'G#', 'B', 'D', 'F', 'G#', 'B', 'D', 'F', 'G#', 'B', 'D', 'F', 'G#', 'B', 'D', 'F', 'G#', 'B', 'D', 'F', 'G#', 'B', 'D']	0.0	0.0	0.0	0.0
56.0	3.0	19.0	['F5', 'G#5', 'B5', 'D6']	['A2', 'A4', 'M6']	[False, False, False, False]	19.0	3.0	29.0	viio7	False	('F', 'G#', 'B', 'D')	F	G#	3.0	diminished seventh chord	(2, 5, 8, 11)	A	A	7	None	False	['F', 'G#', 'B', 'D', 'F', 'G#', 'B', 'D', 'F', 'G#', 'B', 'D', 'F', 'G#', 'B', 'D', 'F', 'G#', 'B', 'D', 'F', 'G#', 'B', 'D', 'F', 'G#', 'B', 'D', 'F', 'G#', 'B', 'D', 'F', 'G#', 'B', 'D', 'F', 'G#', 'B', 'D', 'F', 'G#', 'B', 'D', 'F', 'G#', 'B', 'D', 'F', 'G#', 'B', 'D', 'F', 'G#', 'B', 'D', 'F', 'G#', 'B', 'D', 'F', 'G#', 'B', 'D', 'F', 'G#', 'B', 'D', 'F', 'G#', 'B', 'D', 'F', 'G#', 'B', 'D', 'F', 'G#', 'B', 'D', 'F', 'G#', 'B', 'D', 'F', 'G#', 'B', 'D', 'F', 'G#', 'B', 'D', 'F', 'G#', 'B', 'D']	0.0	0.0	0.0	0.0
56.125	3.0	19.0	['F5', 'G#5', 'B5', 'D6']	['A2', 'A4', 'M6']	[False, False, False, False]	19.0	3.0	29.0	viio7	False	('F', 'G#', 'B', 'D')	F	G#	3.0	diminished seventh chord	(2, 5, 8, 11)	A	A	7	None	False	['F', 'G#', 'B', 'D', 'F', 'G#', 'B', 'D', 'F', 'G#', 'B', 'D', 'F', 'G#', 'B', 'D', 'F', 'G#', 'B', 'D', 'F', 'G#', 'B', 'D', 'F', 'G#', 'B', 'D', 'F', 'G#', 'B', 'D', 'F', 'G#', 'B', 'D', 'F', 'G#', 'B', 'D', 'F', 'G#', 'B', 'D', 'F', 'G#', 'B', 'D', 'F', 'G#', 'B', 'D', 'F', 'G#', 'B', 'D', 'F', 'G#', 'B', 'D', 'F', 'G#', 'B', 'D', 'F', 'G#', 'B', 'D', 'F', 'G#', 'B', 'D', 'F', 'G#', 'B', 'D', 'F', 'G#', 'B', 'D', 'F', 'G#', 'B', 'D', 'F', 'G#', 'B', 'D', 'F', 'G#', 'B', 'D', 'F', 'G#', 'B', 'D']	0.0	0.0	0.0	0.0
56.25	3.0	19.0	['F5', 'G#5', 'B5', 'D6']	['A2', 'A4', 'M6']	[False, False, False, False]	19.0	3.0	29.0	viio7	False	('F', 'G#', 'B', 'D')	F	G#	3.0	diminished seventh chord	(2, 5, 8, 11)	A	A	7	None	False	['F', 'G#', 'B', 'D', 'F', 'G#', 'B', 'D', 'F', 'G#', 'B', 'D', 'F', 'G#', 'B', 'D', 'F', 'G#', 'B', 'D', 'F', 'G#', 'B', 'D', 'F', 'G#', 'B', 'D', 'F', 'G#', 'B', 'D', 'F', 'G#', 'B', 'D', 'F', 'G#', 'B', 'D', 'F', 'G#', 'B', 'D', 'F', 'G#', 'B', 'D', 'F', 'G#', 'B', 'D', 'F', 'G#', 'B', 'D', 'F', 'G#', 'B', 'D', 'F', 'G#', 'B', 'D', 'F', 'G#', 'B', 'D', 'F', 'G#', 'B', 'D', 'F', 'G#', 'B', 'D', 'F', 'G#', 'B', 'D', 'F', 'G#', 'B', 'D', 'F', 'G#', 'B', 'D', 'F', 'G#', 'B', 'D', 'F', 'G#', 'B', 'D']	0.0	0.0	0.0	0.0
56.375	3.0	19.0	['F5', 'G#5', 'B5', 'D6']	['A2', 'A4', 'M6']	[False, False, False, False]	19.0	3.0	29.0	viio7	False	('F', 'G#', 'B', 'D')	F	G#	3.0	diminished seventh chord	(2, 5, 8, 11)	A	A	7	None	False	['F', 'G#', 'B', 'D', 'F', 'G#', 'B', 'D', 'F', 'G#', 'B', 'D', 'F', 'G#', 'B', 'D', 'F', 'G#', 'B', 'D', 'F', 'G#', 'B', 'D', 'F', 'G#', 'B', 'D', 'F', 'G#', 'B', 'D', 'F', 'G#', 'B', 'D', 'F', 'G#', 'B', 'D', 'F', 'G#', 'B', 'D', 'F', 'G#', 'B', 'D', 'F', 'G#', 'B', 'D', 'F', 'G#', 'B', 'D', 'F', 'G#', 'B', 'D', 'F', 'G#', 'B', 'D', 'F', 'G#', 'B', 'D', 'F', 'G#', 'B', 'D', 'F', 'G#', 'B', 'D', 'F', 'G#', 'B', 'D', 'F', 'G#', 'B', 'D', 'F', 'G#', 'B', 'D', 'F', 'G#', 'B', 'D', 'F', 'G#', 'B', 'D']	0.0	0.0	0.0	0.0
56.5	3.0	19.0	['F5', 'G#5', 'B5', 'D6']	['A2', 'A4', 'M6']	[False, False, False, False]	19.0	3.0	29.0	viio7	False	('F', 'G#', 'B', 'D')	F	G#	3.0	diminished seventh chord	(2, 5, 8, 11)	A	A	7	None	False	['F', 'G#', 'B', 'D', 'F', 'G#', 'B', 'D', 'F', 'G#', 'B', 'D', 'F', 'G#', 'B', 'D', 'F', 'G#', 'B', 'D', 'F', 'G#', 'B', 'D', 'F', 'G#', 'B', 'D', 'F', 'G#', 'B', 'D', 'F', 'G#', 'B', 'D', 'F', 'G#', 'B', 'D', 'F', 'G#', 'B', 'D', 'F', 'G#', 'B', 'D', 'F', 'G#', 'B', 'D', 'F', 'G#', 'B', 'D', 'F', 'G#', 'B', 'D', 'F', 'G#', 'B', 'D', 'F', 'G#', 'B', 'D', 'F', 'G#', 'B', 'D', 'F', 'G#', 'B', 'D', 'F', 'G#', 'B', 'D', 'F', 'G#', 'B', 'D', 'F', 'G#', 'B', 'D', 'F', 'G#', 'B', 'D', 'F', 'G#', 'B', 'D']	0.0	0.0	0.0	0.0
56.625	3.0	19.0	['F5', 'G#5', 'B5', 'D6']	['A2', 'A4', 'M6']	[False, False, False, False]	19.0	3.0	29.0	viio7	False	('F', 'G#', 'B', 'D')	F	G#	3.0	diminished seventh chord	(2, 5, 8, 11)	A	A	7	None	False	['F', 'G#', 'B', 'D', 'F', 'G#', 'B', 'D', 'F', 'G#', 'B', 'D', 'F', 'G#', 'B', 'D', 'F', 'G#', 'B', 'D', 'F', 'G#', 'B', 'D', 'F', 'G#', 'B', 'D', 'F', 'G#', 'B', 'D', 'F', 'G#', 'B', 'D', 'F', 'G#', 'B', 'D', 'F', 'G#', 'B', 'D', 'F', 'G#', 'B', 'D', 'F', 'G#', 'B', 'D', 'F', 'G#', 'B', 'D', 'F', 'G#', 'B', 'D', 'F', 'G#', 'B', 'D', 'F', 'G#', 'B', 'D', 'F', 'G#', 'B', 'D', 'F', 'G#', 'B', 'D', 'F', 'G#', 'B', 'D', 'F', 'G#', 'B', 'D', 'F', 'G#', 'B', 'D', 'F', 'G#', 'B', 'D', 'F', 'G#', 'B', 'D']	0.0	0.0	0.0	0.0
56.75	3.0	19.0	['F5', 'G#5', 'B5', 'D6']	['A2', 'A4', 'M6']	[False, False, False, False]	19.0	3.0	29.0	viio7	False	('F', 'G#', 'B', 'D')	F	G#	3.0	diminished seventh chord	(2, 5, 8, 11)	A	A	7	None	False	['F', 'G#', 'B', 'D', 'F', 'G#', 'B', 'D', 'F', 'G#', 'B', 'D', 'F', 'G#', 'B', 'D', 'F', 'G#', 'B', 'D', 'F', 'G#', 'B', 'D', 'F', 'G#', 'B', 'D', 'F', 'G#', 'B', 'D', 'F', 'G#', 'B', 'D', 'F', 'G#', 'B', 'D', 'F', 'G#', 'B', 'D', 'F', 'G#', 'B', 'D', 'F', 'G#', 'B', 'D', 'F', 'G#', 'B', 'D', 'F', 'G#', 'B', 'D', 'F', 'G#', 'B', 'D', 'F', 'G#', 'B', 'D', 'F', 'G#', 'B', 'D', 'F', 'G#', 'B', 'D', 'F', 'G#', 'B', 'D', 'F', 'G#', 'B', 'D', 'F', 'G#', 'B', 'D', 'F', 'G#', 'B', 'D', 'F', 'G#', 'B', 'D']	0.0	0.0	0.0	0.0
56.875	3.0	19.0	['F5', 'G#5', 'B5', 'D6']	['A2', 'A4', 'M6']	[False, False, False, False]	19.0	3.0	29.0	viio7	False	('F', 'G#', 'B', 'D')	F	G#	3.0	diminished seventh chord	(2, 5, 8, 11)	A	A	7	None	False	['F', 'G#', 'B', 'D', 'F', 'G#', 'B', 'D', 'F', 'G#', 'B', 'D', 'F', 'G#', 'B', 'D', 'F', 'G#', 'B', 'D', 'F', 'G#', 'B', 'D', 'F', 'G#', 'B', 'D', 'F', 'G#', 'B', 'D', 'F', 'G#', 'B', 'D', 'F', 'G#', 'B', 'D', 'F', 'G#', 'B', 'D', 'F', 'G#', 'B', 'D', 'F', 'G#', 'B', 'D', 'F', 'G#', 'B', 'D', 'F', 'G#', 'B', 'D', 'F', 'G#', 'B', 'D', 'F', 'G#', 'B', 'D', 'F', 'G#', 'B', 'D', 'F', 'G#', 'B', 'D', 'F', 'G#', 'B', 'D', 'F', 'G#', 'B', 'D', 'F', 'G#', 'B', 'D', 'F', 'G#', 'B', 'D', 'F', 'G#', 'B', 'D']	0.0	0.0	0.0	0.0
57.0	3.0	20.0	['E5', 'G#5', 'B5', 'D6']	['M3', 'P5', 'm7']	[True, True, True, True]	20.0	3.0	30.0	V7	True	('E', 'G#', 'B', 'D')	E	E	0.0	dominant seventh chord	(2, 4, 8, 11)	A	A	5	None	False	['E', 'G#', 'B', 'D', 'E', 'G#', 'B', 'D', 'E', 'G#', 'B', 'D', 'E', 'G#', 'B', 'D', 'E', 'G#', 'B', 'D', 'E', 'G#', 'B', 'D', 'E', 'G#', 'B', 'D', 'E', 'G#', 'B', 'D', 'E', 'G#', 'B', 'D', 'E', 'G#', 'B', 'D', 'E', 'G#', 'B', 'D', 'E', 'G#', 'B', 'D', 'E', 'G#', 'B', 'D', 'E', 'G#', 'B', 'D', 'E', 'G#', 'B', 'D', 'E', 'G#', 'B', 'D', 'E', 'G#', 'B', 'D', 'E', 'G#', 'B', 'D', 'E', 'G#', 'B', 'D', 'E', 'G#', 'B', 'D', 'E', 'G#', 'B', 'D', 'E', 'G#', 'B', 'D', 'E', 'G#', 'B', 'D', 'E', 'G#', 'B', 'D']	0.0	0.0	0.0	0.0
57.125	3.0	20.0	['E5', 'G#5', 'B5', 'D6']	['M3', 'P5', 'm7']	[False, False, False, False]	20.0	3.0	30.0	V7	False	('E', 'G#', 'B', 'D')	E	E	0.0	dominant seventh chord	(2, 4, 8, 11)	A	A	5	None	False	['E', 'G#', 'B', 'D', 'E', 'G#', 'B', 'D', 'E', 'G#', 'B', 'D', 'E', 'G#', 'B', 'D', 'E', 'G#', 'B', 'D', 'E', 'G#', 'B', 'D', 'E', 'G#', 'B', 'D', 'E', 'G#', 'B', 'D', 'E', 'G#', 'B', 'D', 'E', 'G#', 'B', 'D', 'E', 'G#', 'B', 'D', 'E', 'G#', 'B', 'D', 'E', 'G#', 'B', 'D', 'E', 'G#', 'B', 'D', 'E', 'G#', 'B', 'D', 'E', 'G#', 'B', 'D', 'E', 'G#', 'B', 'D', 'E', 'G#', 'B', 'D', 'E', 'G#', 'B', 'D', 'E', 'G#', 'B', 'D', 'E', 'G#', 'B', 'D', 'E', 'G#', 'B', 'D', 'E', 'G#', 'B', 'D', 'E', 'G#', 'B', 'D']	0.0	0.0	0.0	0.0
57.25	3.0	20.0	['E5', 'G#5', 'B5', 'D6']	['M3', 'P5', 'm7']	[False, False, False, False]	20.0	3.0	30.0	V7	False	('E', 'G#', 'B', 'D')	E	E	0.0	dominant seventh chord	(2, 4, 8, 11)	A	A	5	None	False	['E', 'G#', 'B', 'D', 'E', 'G#', 'B', 'D', 'E', 'G#', 'B', 'D', 'E', 'G#', 'B', 'D', 'E', 'G#', 'B', 'D', 'E', 'G#', 'B', 'D', 'E', 'G#', 'B', 'D', 'E', 'G#', 'B', 'D', 'E', 'G#', 'B', 'D', 'E', 'G#', 'B', 'D', 'E', 'G#', 'B', 'D', 'E', 'G#', 'B', 'D', 'E', 'G#', 'B', 'D', 'E', 'G#', 'B', 'D', 'E', 'G#', 'B', 'D', 'E', 'G#', 'B', 'D', 'E', 'G#', 'B', 'D', 'E', 'G#', 'B', 'D', 'E', 'G#', 'B', 'D', 'E', 'G#', 'B', 'D', 'E', 'G#', 'B', 'D', 'E', 'G#', 'B', 'D', 'E', 'G#', 'B', 'D', 'E', 'G#', 'B', 'D']	0.0	0.0	0.0	0.0
57.375	3.0	20.0	['E5', 'G#5', 'B5', 'D6']	['M3', 'P5', 'm7']	[False, False, False, False]	20.0	3.0	30.0	V7	False	('E', 'G#', 'B', 'D')	E	E	0.0	dominant seventh chord	(2, 4, 8, 11)	A	A	5	None	False	['E', 'G#', 'B', 'D', 'E', 'G#', 'B', 'D', 'E', 'G#', 'B', 'D', 'E', 'G#', 'B', 'D', 'E', 'G#', 'B', 'D', 'E', 'G#', 'B', 'D', 'E', 'G#', 'B', 'D', 'E', 'G#', 'B', 'D', 'E', 'G#', 'B', 'D', 'E', 'G#', 'B', 'D', 'E', 'G#', 'B', 'D', 'E', 'G#', 'B', 'D', 'E', 'G#', 'B', 'D', 'E', 'G#', 'B', 'D', 'E', 'G#', 'B', 'D', 'E', 'G#', 'B', 'D', 'E', 'G#', 'B', 'D', 'E', 'G#', 'B', 'D', 'E', 'G#', 'B', 'D', 'E', 'G#', 'B', 'D', 'E', 'G#', 'B', 'D', 'E', 'G#', 'B', 'D', 'E', 'G#', 'B', 'D', 'E', 'G#', 'B', 'D']	0.0	0.0	0.0	0.0
57.5	3.0	20.0	['E5', 'G#5', 'B5', 'D6']	['M3', 'P5', 'm7']	[False, False, False, False]	20.0	3.0	30.0	V7	False	('E', 'G#', 'B', 'D')	E	E	0.0	dominant seventh chord	(2, 4, 8, 11)	A	A	5	None	False	['E', 'G#', 'B', 'D', 'E', 'G#', 'B', 'D', 'E', 'G#', 'B', 'D', 'E', 'G#', 'B', 'D', 'E', 'G#', 'B', 'D', 'E', 'G#', 'B', 'D', 'E', 'G#', 'B', 'D', 'E', 'G#', 'B', 'D', 'E', 'G#', 'B', 'D', 'E', 'G#', 'B', 'D', 'E', 'G#', 'B', 'D', 'E', 'G#', 'B', 'D', 'E', 'G#', 'B', 'D', 'E', 'G#', 'B', 'D', 'E', 'G#', 'B', 'D', 'E', 'G#', 'B', 'D', 'E', 'G#', 'B', 'D', 'E', 'G#', 'B', 'D', 'E', 'G#', 'B', 'D', 'E', 'G#', 'B', 'D', 'E', 'G#', 'B', 'D', 'E', 'G#', 'B', 'D', 'E', 'G#', 'B', 'D', 'E', 'G#', 'B', 'D']	0.0	0.0	0.0	0.0
57.625	3.0	20.0	['E5', 'G#5', 'B5', 'D6']	['M3', 'P5', 'm7']	[False, False, False, False]	20.0	3.0	30.0	V7	False	('E', 'G#', 'B', 'D')	E	E	0.0	dominant seventh chord	(2, 4, 8, 11)	A	A	5	None	False	['E', 'G#', 'B', 'D', 'E', 'G#', 'B', 'D', 'E', 'G#', 'B', 'D', 'E', 'G#', 'B', 'D', 'E', 'G#', 'B', 'D', 'E', 'G#', 'B', 'D', 'E', 'G#', 'B', 'D', 'E', 'G#', 'B', 'D', 'E', 'G#', 'B', 'D', 'E', 'G#', 'B', 'D', 'E', 'G#', 'B', 'D', 'E', 'G#', 'B', 'D', 'E', 'G#', 'B', 'D', 'E', 'G#', 'B', 'D', 'E', 'G#', 'B', 'D', 'E', 'G#', 'B', 'D', 'E', 'G#', 'B', 'D', 'E', 'G#', 'B', 'D', 'E', 'G#', 'B', 'D', 'E', 'G#', 'B', 'D', 'E', 'G#', 'B', 'D', 'E', 'G#', 'B', 'D', 'E', 'G#', 'B', 'D', 'E', 'G#', 'B', 'D']	0.0	0.0	0.0	0.0
57.75	3.0	20.0	['E5', 'G#5', 'B5', 'D6']	['M3', 'P5', 'm7']	[False, False, False, False]	20.0	3.0	30.0	V7	False	('E', 'G#', 'B', 'D')	E	E	0.0	dominant seventh chord	(2, 4, 8, 11)	A	A	5	None	False	['E', 'G#', 'B', 'D', 'E', 'G#', 'B', 'D', 'E', 'G#', 'B', 'D', 'E', 'G#', 'B', 'D', 'E', 'G#', 'B', 'D', 'E', 'G#', 'B', 'D', 'E', 'G#', 'B', 'D', 'E', 'G#', 'B', 'D', 'E', 'G#', 'B', 'D', 'E', 'G#', 'B', 'D', 'E', 'G#', 'B', 'D', 'E', 'G#', 'B', 'D', 'E', 'G#', 'B', 'D', 'E', 'G#', 'B', 'D', 'E', 'G#', 'B', 'D', 'E', 'G#', 'B', 'D', 'E', 'G#', 'B', 'D', 'E', 'G#', 'B', 'D', 'E', 'G#', 'B', 'D', 'E', 'G#', 'B', 'D', 'E', 'G#', 'B', 'D', 'E', 'G#', 'B', 'D', 'E', 'G#', 'B', 'D', 'E', 'G#', 'B', 'D']	0.0	0.0	0.0	0.0
57.875	3.0	20.0	['E5', 'G#5', 'B5', 'D6']	['M3', 'P5', 'm7']	[False, False, False, False]	20.0	3.0	30.0	V7	False	('E', 'G#', 'B', 'D')	E	E	0.0	dominant seventh chord	(2, 4, 8, 11)	A	A	5	None	False	['E', 'G#', 'B', 'D', 'E', 'G#', 'B', 'D', 'E', 'G#', 'B', 'D', 'E', 'G#', 'B', 'D', 'E', 'G#', 'B', 'D', 'E', 'G#', 'B', 'D', 'E', 'G#', 'B', 'D', 'E', 'G#', 'B', 'D', 'E', 'G#', 'B', 'D', 'E', 'G#', 'B', 'D', 'E', 'G#', 'B', 'D', 'E', 'G#', 'B', 'D', 'E', 'G#', 'B', 'D', 'E', 'G#', 'B', 'D', 'E', 'G#', 'B', 'D', 'E', 'G#', 'B', 'D', 'E', 'G#', 'B', 'D', 'E', 'G#', 'B', 'D', 'E', 'G#', 'B', 'D', 'E', 'G#', 'B', 'D', 'E', 'G#', 'B', 'D', 'E', 'G#', 'B', 'D', 'E', 'G#', 'B', 'D', 'E', 'G#', 'B', 'D']	0.0	0.0	0.0	0.0
58.0	3.0	20.0	['E5', 'G#5', 'B5', 'D6']	['M3', 'P5', 'm7']	[False, False, False, False]	20.0	3.0	30.0	V7	False	('E', 'G#', 'B', 'D')	E	E	0.0	dominant seventh chord	(2, 4, 8, 11)	A	A	5	None	False	['E', 'G#', 'B', 'D', 'E', 'G#', 'B', 'D', 'E', 'G#', 'B', 'D', 'E', 'G#', 'B', 'D', 'E', 'G#', 'B', 'D', 'E', 'G#', 'B', 'D', 'E', 'G#', 'B', 'D', 'E', 'G#', 'B', 'D', 'E', 'G#', 'B', 'D', 'E', 'G#', 'B', 'D', 'E', 'G#', 'B', 'D', 'E', 'G#', 'B', 'D', 'E', 'G#', 'B', 'D', 'E', 'G#', 'B', 'D', 'E', 'G#', 'B', 'D', 'E', 'G#', 'B', 'D', 'E', 'G#', 'B', 'D', 'E', 'G#', 'B', 'D', 'E', 'G#', 'B', 'D', 'E', 'G#', 'B', 'D', 'E', 'G#', 'B', 'D', 'E', 'G#', 'B', 'D', 'E', 'G#', 'B', 'D', 'E', 'G#', 'B', 'D']	0.0	0.0	0.0	0.0
58.125	3.0	20.0	['E5', 'G#5', 'B5', 'D6']	['M3', 'P5', 'm7']	[False, False, False, False]	20.0	3.0	30.0	V7	False	('E', 'G#', 'B', 'D')	E	E	0.0	dominant seventh chord	(2, 4, 8, 11)	A	A	5	None	False	['E', 'G#', 'B', 'D', 'E', 'G#', 'B', 'D', 'E', 'G#', 'B', 'D', 'E', 'G#', 'B', 'D', 'E', 'G#', 'B', 'D', 'E', 'G#', 'B', 'D', 'E', 'G#', 'B', 'D', 'E', 'G#', 'B', 'D', 'E', 'G#', 'B', 'D', 'E', 'G#', 'B', 'D', 'E', 'G#', 'B', 'D', 'E', 'G#', 'B', 'D', 'E', 'G#', 'B', 'D', 'E', 'G#', 'B', 'D', 'E', 'G#', 'B', 'D', 'E', 'G#', 'B', 'D', 'E', 'G#', 'B', 'D', 'E', 'G#', 'B', 'D', 'E', 'G#', 'B', 'D', 'E', 'G#', 'B', 'D', 'E', 'G#', 'B', 'D', 'E', 'G#', 'B', 'D', 'E', 'G#', 'B', 'D', 'E', 'G#', 'B', 'D']	0.0	0.0	0.0	0.0
58.25	3.0	20.0	['E5', 'G#5', 'B5', 'D6']	['M3', 'P5', 'm7']	[False, False, False, False]	20.0	3.0	30.0	V7	False	('E', 'G#', 'B', 'D')	E	E	0.0	dominant seventh chord	(2, 4, 8, 11)	A	A	5	None	False	['E', 'G#', 'B', 'D', 'E', 'G#', 'B', 'D', 'E', 'G#', 'B', 'D', 'E', 'G#', 'B', 'D', 'E', 'G#', 'B', 'D', 'E', 'G#', 'B', 'D', 'E', 'G#', 'B', 'D', 'E', 'G#', 'B', 'D', 'E', 'G#', 'B', 'D', 'E', 'G#', 'B', 'D', 'E', 'G#', 'B', 'D', 'E', 'G#', 'B', 'D', 'E', 'G#', 'B', 'D', 'E', 'G#', 'B', 'D', 'E', 'G#', 'B', 'D', 'E', 'G#', 'B', 'D', 'E', 'G#', 'B', 'D', 'E', 'G#', 'B', 'D', 'E', 'G#', 'B', 'D', 'E', 'G#', 'B', 'D', 'E', 'G#', 'B', 'D', 'E', 'G#', 'B', 'D', 'E', 'G#', 'B', 'D', 'E', 'G#', 'B', 'D']	0.0	0.0	0.0	0.0
58.375	3.0	20.0	['E5', 'G#5', 'B5', 'D6']	['M3', 'P5', 'm7']	[False, False, False, False]	20.0	3.0	30.0	V7	False	('E', 'G#', 'B', 'D')	E	E	0.0	dominant seventh chord	(2, 4, 8, 11)	A	A	5	None	False	['E', 'G#', 'B', 'D', 'E', 'G#', 'B', 'D', 'E', 'G#', 'B', 'D', 'E', 'G#', 'B', 'D', 'E', 'G#', 'B', 'D', 'E', 'G#', 'B', 'D', 'E', 'G#', 'B', 'D', 'E', 'G#', 'B', 'D', 'E', 'G#', 'B', 'D', 'E', 'G#', 'B', 'D', 'E', 'G#', 'B', 'D', 'E', 'G#', 'B', 'D', 'E', 'G#', 'B', 'D', 'E', 'G#', 'B', 'D', 'E', 'G#', 'B', 'D', 'E', 'G#', 'B', 'D', 'E', 'G#', 'B', 'D', 'E', 'G#', 'B', 'D', 'E', 'G#', 'B', 'D', 'E', 'G#', 'B', 'D', 'E', 'G#', 'B', 'D', 'E', 'G#', 'B', 'D', 'E', 'G#', 'B', 'D', 'E', 'G#', 'B', 'D']	0.0	0.0	0.0	0.0
58.5	3.0	20.0	['E5', 'G#5', 'B5', 'D6']	['M3', 'P5', 'm7']	[False, False, False, False]	20.0	3.0	30.0	V7	False	('E', 'G#', 'B', 'D')	E	E	0.0	dominant seventh chord	(2, 4, 8, 11)	A	A	5	None	False	['E', 'G#', 'B', 'D', 'E', 'G#', 'B', 'D', 'E', 'G#', 'B', 'D', 'E', 'G#', 'B', 'D', 'E', 'G#', 'B', 'D', 'E', 'G#', 'B', 'D', 'E', 'G#', 'B', 'D', 'E', 'G#', 'B', 'D', 'E', 'G#', 'B', 'D', 'E', 'G#', 'B', 'D', 'E', 'G#', 'B', 'D', 'E', 'G#', 'B', 'D', 'E', 'G#', 'B', 'D', 'E', 'G#', 'B', 'D', 'E', 'G#', 'B', 'D', 'E', 'G#', 'B', 'D', 'E', 'G#', 'B', 'D', 'E', 'G#', 'B', 'D', 'E', 'G#', 'B', 'D', 'E', 'G#', 'B', 'D', 'E', 'G#', 'B', 'D', 'E', 'G#', 'B', 'D', 'E', 'G#', 'B', 'D', 'E', 'G#', 'B', 'D']	0.0	0.0	0.0	0.0
58.625	3.0	20.0	['E5', 'G#5', 'B5', 'D6']	['M3', 'P5', 'm7']	[False, False, False, False]	20.0	3.0	30.0	V7	False	('E', 'G#', 'B', 'D')	E	E	0.0	dominant seventh chord	(2, 4, 8, 11)	A	A	5	None	False	['E', 'G#', 'B', 'D', 'E', 'G#', 'B', 'D', 'E', 'G#', 'B', 'D', 'E', 'G#', 'B', 'D', 'E', 'G#', 'B', 'D', 'E', 'G#', 'B', 'D', 'E', 'G#', 'B', 'D', 'E', 'G#', 'B', 'D', 'E', 'G#', 'B', 'D', 'E', 'G#', 'B', 'D', 'E', 'G#', 'B', 'D', 'E', 'G#', 'B', 'D', 'E', 'G#', 'B', 'D', 'E', 'G#', 'B', 'D', 'E', 'G#', 'B', 'D', 'E', 'G#', 'B', 'D', 'E', 'G#', 'B', 'D', 'E', 'G#', 'B', 'D', 'E', 'G#', 'B', 'D', 'E', 'G#', 'B', 'D', 'E', 'G#', 'B', 'D', 'E', 'G#', 'B', 'D', 'E', 'G#', 'B', 'D', 'E', 'G#', 'B', 'D']	0.0	0.0	0.0	0.0
58.75	3.0	20.0	['E5', 'G#5', 'B5', 'D6']	['M3', 'P5', 'm7']	[False, False, False, False]	20.0	3.0	30.0	V7	False	('E', 'G#', 'B', 'D')	E	E	0.0	dominant seventh chord	(2, 4, 8, 11)	A	A	5	None	False	['E', 'G#', 'B', 'D', 'E', 'G#', 'B', 'D', 'E', 'G#', 'B', 'D', 'E', 'G#', 'B', 'D', 'E', 'G#', 'B', 'D', 'E', 'G#', 'B', 'D', 'E', 'G#', 'B', 'D', 'E', 'G#', 'B', 'D', 'E', 'G#', 'B', 'D', 'E', 'G#', 'B', 'D', 'E', 'G#', 'B', 'D', 'E', 'G#', 'B', 'D', 'E', 'G#', 'B', 'D', 'E', 'G#', 'B', 'D', 'E', 'G#', 'B', 'D', 'E', 'G#', 'B', 'D', 'E', 'G#', 'B', 'D', 'E', 'G#', 'B', 'D', 'E', 'G#', 'B', 'D', 'E', 'G#', 'B', 'D', 'E', 'G#', 'B', 'D', 'E', 'G#', 'B', 'D', 'E', 'G#', 'B', 'D', 'E', 'G#', 'B', 'D']	0.0	0.0	0.0	0.0
58.875	3.0	20.0	['E5', 'G#5', 'B5', 'D6']	['M3', 'P5', 'm7']	[False, False, False, False]	20.0	3.0	30.0	V7	False	('E', 'G#', 'B', 'D')	E	E	0.0	dominant seventh chord	(2, 4, 8, 11)	A	A	5	None	False	['E', 'G#', 'B', 'D', 'E', 'G#', 'B', 'D', 'E', 'G#', 'B', 'D', 'E', 'G#', 'B', 'D', 'E', 'G#', 'B', 'D', 'E', 'G#', 'B', 'D', 'E', 'G#', 'B', 'D', 'E', 'G#', 'B', 'D', 'E', 'G#', 'B', 'D', 'E', 'G#', 'B', 'D', 'E', 'G#', 'B', 'D', 'E', 'G#', 'B', 'D', 'E', 'G#', 'B', 'D', 'E', 'G#', 'B', 'D', 'E', 'G#', 'B', 'D', 'E', 'G#', 'B', 'D', 'E', 'G#', 'B', 'D', 'E', 'G#', 'B', 'D', 'E', 'G#', 'B', 'D', 'E', 'G#', 'B', 'D', 'E', 'G#', 'B', 'D', 'E', 'G#', 'B', 'D', 'E', 'G#', 'B', 'D', 'E', 'G#', 'B', 'D']	0.0	0.0	0.0	0.0
59.0	3.0	20.0	['E5', 'G#5', 'B5', 'D6']	['M3', 'P5', 'm7']	[False, False, False, False]	20.0	3.0	30.0	V7	False	('E', 'G#', 'B', 'D')	E	E	0.0	dominant seventh chord	(2, 4, 8, 11)	A	A	5	None	False	['E', 'G#', 'B', 'D', 'E', 'G#', 'B', 'D', 'E', 'G#', 'B', 'D', 'E', 'G#', 'B', 'D', 'E', 'G#', 'B', 'D', 'E', 'G#', 'B', 'D', 'E', 'G#', 'B', 'D', 'E', 'G#', 'B', 'D', 'E', 'G#', 'B', 'D', 'E', 'G#', 'B', 'D', 'E', 'G#', 'B', 'D', 'E', 'G#', 'B', 'D', 'E', 'G#', 'B', 'D', 'E', 'G#', 'B', 'D', 'E', 'G#', 'B', 'D', 'E', 'G#', 'B', 'D', 'E', 'G#', 'B', 'D', 'E', 'G#', 'B', 'D', 'E', 'G#', 'B', 'D', 'E', 'G#', 'B', 'D', 'E', 'G#', 'B', 'D', 'E', 'G#', 'B', 'D', 'E', 'G#', 'B', 'D', 'E', 'G#', 'B', 'D']	0.0	0.0	0.0	0.0
59.125	3.0	20.0	['E5', 'G#5', 'B5', 'D6']	['M3', 'P5', 'm7']	[False, False, False, False]	20.0	3.0	30.0	V7	False	('E', 'G#', 'B', 'D')	E	E	0.0	dominant seventh chord	(2, 4, 8, 11)	A	A	5	None	False	['E', 'G#', 'B', 'D', 'E', 'G#', 'B', 'D', 'E', 'G#', 'B', 'D', 'E', 'G#', 'B', 'D', 'E', 'G#', 'B', 'D', 'E', 'G#', 'B', 'D', 'E', 'G#', 'B', 'D', 'E', 'G#', 'B', 'D', 'E', 'G#', 'B', 'D', 'E', 'G#', 'B', 'D', 'E', 'G#', 'B', 'D', 'E', 'G#', 'B', 'D', 'E', 'G#', 'B', 'D', 'E', 'G#', 'B', 'D', 'E', 'G#', 'B', 'D', 'E', 'G#', 'B', 'D', 'E', 'G#', 'B', 'D', 'E', 'G#', 'B', 'D', 'E', 'G#', 'B', 'D', 'E', 'G#', 'B', 'D', 'E', 'G#', 'B', 'D', 'E', 'G#', 'B', 'D', 'E', 'G#', 'B', 'D', 'E', 'G#', 'B', 'D']	0.0	0.0	0.0	0.0
59.25	3.0	20.0	['E5', 'G#5', 'B5', 'D6']	['M3', 'P5', 'm7']	[False, False, False, False]	20.0	3.0	30.0	V7	False	('E', 'G#', 'B', 'D')	E	E	0.0	dominant seventh chord	(2, 4, 8, 11)	A	A	5	None	False	['E', 'G#', 'B', 'D', 'E', 'G#', 'B', 'D', 'E', 'G#', 'B', 'D', 'E', 'G#', 'B', 'D', 'E', 'G#', 'B', 'D', 'E', 'G#', 'B', 'D', 'E', 'G#', 'B', 'D', 'E', 'G#', 'B', 'D', 'E', 'G#', 'B', 'D', 'E', 'G#', 'B', 'D', 'E', 'G#', 'B', 'D', 'E', 'G#', 'B', 'D', 'E', 'G#', 'B', 'D', 'E', 'G#', 'B', 'D', 'E', 'G#', 'B', 'D', 'E', 'G#', 'B', 'D', 'E', 'G#', 'B', 'D', 'E', 'G#', 'B', 'D', 'E', 'G#', 'B', 'D', 'E', 'G#', 'B', 'D', 'E', 'G#', 'B', 'D', 'E', 'G#', 'B', 'D', 'E', 'G#', 'B', 'D', 'E', 'G#', 'B', 'D']	0.0	0.0	0.0	0.0
59.375	3.0	20.0	['E5', 'G#5', 'B5', 'D6']	['M3', 'P5', 'm7']	[False, False, False, False]	20.0	3.0	30.0	V7	False	('E', 'G#', 'B', 'D')	E	E	0.0	dominant seventh chord	(2, 4, 8, 11)	A	A	5	None	False	['E', 'G#', 'B', 'D', 'E', 'G#', 'B', 'D', 'E', 'G#', 'B', 'D', 'E', 'G#', 'B', 'D', 'E', 'G#', 'B', 'D', 'E', 'G#', 'B', 'D', 'E', 'G#', 'B', 'D', 'E', 'G#', 'B', 'D', 'E', 'G#', 'B', 'D', 'E', 'G#', 'B', 'D', 'E', 'G#', 'B', 'D', 'E', 'G#', 'B', 'D', 'E', 'G#', 'B', 'D', 'E', 'G#', 'B', 'D', 'E', 'G#', 'B', 'D', 'E', 'G#', 'B', 'D', 'E', 'G#', 'B', 'D', 'E', 'G#', 'B', 'D', 'E', 'G#', 'B', 'D', 'E', 'G#', 'B', 'D', 'E', 'G#', 'B', 'D', 'E', 'G#', 'B', 'D', 'E', 'G#', 'B', 'D', 'E', 'G#', 'B', 'D']	0.0	0.0	0.0	0.0
59.5	3.0	20.0	['E5', 'G#5', 'B5', 'D6']	['M3', 'P5', 'm7']	[False, False, False, False]	20.0	3.0	30.0	V7	False	('E', 'G#', 'B', 'D')	E	E	0.0	dominant seventh chord	(2, 4, 8, 11)	A	A	5	None	False	['E', 'G#', 'B', 'D', 'E', 'G#', 'B', 'D', 'E', 'G#', 'B', 'D', 'E', 'G#', 'B', 'D', 'E', 'G#', 'B', 'D', 'E', 'G#', 'B', 'D', 'E', 'G#', 'B', 'D', 'E', 'G#', 'B', 'D', 'E', 'G#', 'B', 'D', 'E', 'G#', 'B', 'D', 'E', 'G#', 'B', 'D', 'E', 'G#', 'B', 'D', 'E', 'G#', 'B', 'D', 'E', 'G#', 'B', 'D', 'E', 'G#', 'B', 'D', 'E', 'G#', 'B', 'D', 'E', 'G#', 'B', 'D', 'E', 'G#', 'B', 'D', 'E', 'G#', 'B', 'D', 'E', 'G#', 'B', 'D', 'E', 'G#', 'B', 'D', 'E', 'G#', 'B', 'D', 'E', 'G#', 'B', 'D', 'E', 'G#', 'B', 'D']	0.0	0.0	0.0	0.0
59.625	3.0	20.0	['E5', 'G#5', 'B5', 'D6']	['M3', 'P5', 'm7']	[False, False, False, False]	20.0	3.0	30.0	V7	False	('E', 'G#', 'B', 'D')	E	E	0.0	dominant seventh chord	(2, 4, 8, 11)	A	A	5	None	False	['E', 'G#', 'B', 'D', 'E', 'G#', 'B', 'D', 'E', 'G#', 'B', 'D', 'E', 'G#', 'B', 'D', 'E', 'G#', 'B', 'D', 'E', 'G#', 'B', 'D', 'E', 'G#', 'B', 'D', 'E', 'G#', 'B', 'D', 'E', 'G#', 'B', 'D', 'E', 'G#', 'B', 'D', 'E', 'G#', 'B', 'D', 'E', 'G#', 'B', 'D', 'E', 'G#', 'B', 'D', 'E', 'G#', 'B', 'D', 'E', 'G#', 'B', 'D', 'E', 'G#', 'B', 'D', 'E', 'G#', 'B', 'D', 'E', 'G#', 'B', 'D', 'E', 'G#', 'B', 'D', 'E', 'G#', 'B', 'D', 'E', 'G#', 'B', 'D', 'E', 'G#', 'B', 'D', 'E', 'G#', 'B', 'D', 'E', 'G#', 'B', 'D']	0.0	0.0	0.0	0.0
59.75	3.0	20.0	['E5', 'G#5', 'B5', 'D6']	['M3', 'P5', 'm7']	[False, False, False, False]	20.0	3.0	30.0	V7	False	('E', 'G#', 'B', 'D')	E	E	0.0	dominant seventh chord	(2, 4, 8, 11)	A	A	5	None	False	['E', 'G#', 'B', 'D', 'E', 'G#', 'B', 'D', 'E', 'G#', 'B', 'D', 'E', 'G#', 'B', 'D', 'E', 'G#', 'B', 'D', 'E', 'G#', 'B', 'D', 'E', 'G#', 'B', 'D', 'E', 'G#', 'B', 'D', 'E', 'G#', 'B', 'D', 'E', 'G#', 'B', 'D', 'E', 'G#', 'B', 'D', 'E', 'G#', 'B', 'D', 'E', 'G#', 'B', 'D', 'E', 'G#', 'B', 'D', 'E', 'G#', 'B', 'D', 'E', 'G#', 'B', 'D', 'E', 'G#', 'B', 'D', 'E', 'G#', 'B', 'D', 'E', 'G#', 'B', 'D', 'E', 'G#', 'B', 'D', 'E', 'G#', 'B', 'D', 'E', 'G#', 'B', 'D', 'E', 'G#', 'B', 'D', 'E', 'G#', 'B', 'D']	0.0	0.0	0.0	0.0
59.875	3.0	20.0	['E5', 'G#5', 'B5', 'D6']	['M3', 'P5', 'm7']	[False, False, False, False]	20.0	3.0	30.0	V7	False	('E', 'G#', 'B', 'D')	E	E	0.0	dominant seventh chord	(2, 4, 8, 11)	A	A	5	None	False	['E', 'G#', 'B', 'D', 'E', 'G#', 'B', 'D', 'E', 'G#', 'B', 'D', 'E', 'G#', 'B', 'D', 'E', 'G#', 'B', 'D', 'E', 'G#', 'B', 'D', 'E', 'G#', 'B', 'D', 'E', 'G#', 'B', 'D', 'E', 'G#', 'B', 'D', 'E', 'G#', 'B', 'D', 'E', 'G#', 'B', 'D', 'E', 'G#', 'B', 'D', 'E', 'G#', 'B', 'D', 'E', 'G#', 'B', 'D', 'E', 'G#', 'B', 'D', 'E', 'G#', 'B', 'D', 'E', 'G#', 'B', 'D', 'E', 'G#', 'B', 'D', 'E', 'G#', 'B', 'D', 'E', 'G#', 'B', 'D', 'E', 'G#', 'B', 'D', 'E', 'G#', 'B', 'D', 'E', 'G#', 'B', 'D', 'E', 'G#', 'B', 'D']	0.0	0.0	0.0	0.0
60.0	3.0	21.0	['E5', 'A5', 'C#6']	['P4', 'M6']	[True, True, True]	21.0	3.0	31.0	I	True	('E', 'A', 'C#')	E	A	2.0	major triad	(1, 4, 9)	A	A	1	None	False	['E', 'A', 'C#', 'E', 'A', 'C#', 'E', 'A', 'C#', 'E', 'A', 'C#', 'E', 'A', 'C#', 'E', 'A', 'C#', 'E', 'A', 'C#', 'E', 'A', 'C#', 'E', 'A', 'C#', 'E', 'A', 'C#', 'E', 'A', 'C#', 'E', 'A', 'C#', 'E', 'A', 'C#', 'E', 'A', 'C#', 'E', 'A', 'C#', 'E', 'A', 'C#', 'E', 'A', 'C#', 'E', 'A', 'C#', 'E', 'A', 'C#', 'E', 'A', 'C#', 'E', 'A', 'C#', 'E', 'A', 'C#', 'E', 'A', 'C#', 'E', 'A', 'C#']	0.0	0.0	0.0	0.0
60.125	3.0	21.0	['E5', 'A5', 'C#6']	['P4', 'M6']	[False, False, False]	21.0	3.0	31.0	I	False	('E', 'A', 'C#')	E	A	2.0	major triad	(1, 4, 9)	A	A	1	None	False	['E', 'A', 'C#', 'E', 'A', 'C#', 'E', 'A', 'C#', 'E', 'A', 'C#', 'E', 'A', 'C#', 'E', 'A', 'C#', 'E', 'A', 'C#', 'E', 'A', 'C#', 'E', 'A', 'C#', 'E', 'A', 'C#', 'E', 'A', 'C#', 'E', 'A', 'C#', 'E', 'A', 'C#', 'E', 'A', 'C#', 'E', 'A', 'C#', 'E', 'A', 'C#', 'E', 'A', 'C#', 'E', 'A', 'C#', 'E', 'A', 'C#', 'E', 'A', 'C#', 'E', 'A', 'C#', 'E', 'A', 'C#', 'E', 'A', 'C#', 'E', 'A', 'C#']	0.0	0.0	0.0	0.0
60.25	3.0	21.0	['E5', 'A5', 'C#6']	['P4', 'M6']	[False, False, False]	21.0	3.0	31.0	I	False	('E', 'A', 'C#')	E	A	2.0	major triad	(1, 4, 9)	A	A	1	None	False	['E', 'A', 'C#', 'E', 'A', 'C#', 'E', 'A', 'C#', 'E', 'A', 'C#', 'E', 'A', 'C#', 'E', 'A', 'C#', 'E', 'A', 'C#', 'E', 'A', 'C#', 'E', 'A', 'C#', 'E', 'A', 'C#', 'E', 'A', 'C#', 'E', 'A', 'C#', 'E', 'A', 'C#', 'E', 'A', 'C#', 'E', 'A', 'C#', 'E', 'A', 'C#', 'E', 'A', 'C#', 'E', 'A', 'C#', 'E', 'A', 'C#', 'E', 'A', 'C#', 'E', 'A', 'C#', 'E', 'A', 'C#', 'E', 'A', 'C#', 'E', 'A', 'C#']	0.0	0.0	0.0	0.0
60.375	3.0	21.0	['E5', 'A5', 'C#6']	['P4', 'M6']	[False, False, False]	21.0	3.0	31.0	I	False	('E', 'A', 'C#')	E	A	2.0	major triad	(1, 4, 9)	A	A	1	None	False	['E', 'A', 'C#', 'E', 'A', 'C#', 'E', 'A', 'C#', 'E', 'A', 'C#', 'E', 'A', 'C#', 'E', 'A', 'C#', 'E', 'A', 'C#', 'E', 'A', 'C#', 'E', 'A', 'C#', 'E', 'A', 'C#', 'E', 'A', 'C#', 'E', 'A', 'C#', 'E', 'A', 'C#', 'E', 'A', 'C#', 'E', 'A', 'C#', 'E', 'A', 'C#', 'E', 'A', 'C#', 'E', 'A', 'C#', 'E', 'A', 'C#', 'E', 'A', 'C#', 'E', 'A', 'C#', 'E', 'A', 'C#', 'E', 'A', 'C#', 'E', 'A', 'C#']	0.0	0.0	0.0	0.0
60.5	3.0	21.0	['E5', 'A5', 'C#6']	['P4', 'M6']	[False, False, False]	21.0	3.0	31.0	I	False	('E', 'A', 'C#')	E	A	2.0	major triad	(1, 4, 9)	A	A	1	None	False	['E', 'A', 'C#', 'E', 'A', 'C#', 'E', 'A', 'C#', 'E', 'A', 'C#', 'E', 'A', 'C#', 'E', 'A', 'C#', 'E', 'A', 'C#', 'E', 'A', 'C#', 'E', 'A', 'C#', 'E', 'A', 'C#', 'E', 'A', 'C#', 'E', 'A', 'C#', 'E', 'A', 'C#', 'E', 'A', 'C#', 'E', 'A', 'C#', 'E', 'A', 'C#', 'E', 'A', 'C#', 'E', 'A', 'C#', 'E', 'A', 'C#', 'E', 'A', 'C#', 'E', 'A', 'C#', 'E', 'A', 'C#', 'E', 'A', 'C#', 'E', 'A', 'C#']	0.0	0.0	0.0	0.0
60.625	3.0	21.0	['E5', 'A5', 'C#6']	['P4', 'M6']	[False, False, False]	21.0	3.0	31.0	I	False	('E', 'A', 'C#')	E	A	2.0	major triad	(1, 4, 9)	A	A	1	None	False	['E', 'A', 'C#', 'E', 'A', 'C#', 'E', 'A', 'C#', 'E', 'A', 'C#', 'E', 'A', 'C#', 'E', 'A', 'C#', 'E', 'A', 'C#', 'E', 'A', 'C#', 'E', 'A', 'C#', 'E', 'A', 'C#', 'E', 'A', 'C#', 'E', 'A', 'C#', 'E', 'A', 'C#', 'E', 'A', 'C#', 'E', 'A', 'C#', 'E', 'A', 'C#', 'E', 'A', 'C#', 'E', 'A', 'C#', 'E', 'A', 'C#', 'E', 'A', 'C#', 'E', 'A', 'C#', 'E', 'A', 'C#', 'E', 'A', 'C#', 'E', 'A', 'C#']	0.0	0.0	0.0	0.0
60.75	3.0	21.0	['E5', 'A5', 'C#6']	['P4', 'M6']	[False, False, False]	21.0	3.0	31.0	I	False	('E', 'A', 'C#')	E	A	2.0	major triad	(1, 4, 9)	A	A	1	None	False	['E', 'A', 'C#', 'E', 'A', 'C#', 'E', 'A', 'C#', 'E', 'A', 'C#', 'E', 'A', 'C#', 'E', 'A', 'C#', 'E', 'A', 'C#', 'E', 'A', 'C#', 'E', 'A', 'C#', 'E', 'A', 'C#', 'E', 'A', 'C#', 'E', 'A', 'C#', 'E', 'A', 'C#', 'E', 'A', 'C#', 'E', 'A', 'C#', 'E', 'A', 'C#', 'E', 'A', 'C#', 'E', 'A', 'C#', 'E', 'A', 'C#', 'E', 'A', 'C#', 'E', 'A', 'C#', 'E', 'A', 'C#', 'E', 'A', 'C#', 'E', 'A', 'C#']	0.0	0.0	0.0	0.0
60.875	3.0	21.0	['E5', 'A5', 'C#6']	['P4', 'M6']	[False, False, False]	21.0	3.0	31.0	I	False	('E', 'A', 'C#')	E	A	2.0	major triad	(1, 4, 9)	A	A	1	None	False	['E', 'A', 'C#', 'E', 'A', 'C#', 'E', 'A', 'C#', 'E', 'A', 'C#', 'E', 'A', 'C#', 'E', 'A', 'C#', 'E', 'A', 'C#', 'E', 'A', 'C#', 'E', 'A', 'C#', 'E', 'A', 'C#', 'E', 'A', 'C#', 'E', 'A', 'C#', 'E', 'A', 'C#', 'E', 'A', 'C#', 'E', 'A', 'C#', 'E', 'A', 'C#', 'E', 'A', 'C#', 'E', 'A', 'C#', 'E', 'A', 'C#', 'E', 'A', 'C#', 'E', 'A', 'C#', 'E', 'A', 'C#', 'E', 'A', 'C#', 'E', 'A', 'C#']	0.0	0.0	0.0	0.0
61.0	3.0	21.0	['E5', 'A5', 'C#6']	['P4', 'M6']	[False, False, False]	21.0	3.0	31.0	I	False	('E', 'A', 'C#')	E	A	2.0	major triad	(1, 4, 9)	A	A	1	None	False	['E', 'A', 'C#', 'E', 'A', 'C#', 'E', 'A', 'C#', 'E', 'A', 'C#', 'E', 'A', 'C#', 'E', 'A', 'C#', 'E', 'A', 'C#', 'E', 'A', 'C#', 'E', 'A', 'C#', 'E', 'A', 'C#', 'E', 'A', 'C#', 'E', 'A', 'C#', 'E', 'A', 'C#', 'E', 'A', 'C#', 'E', 'A', 'C#', 'E', 'A', 'C#', 'E', 'A', 'C#', 'E', 'A', 'C#', 'E', 'A', 'C#', 'E', 'A', 'C#', 'E', 'A', 'C#', 'E', 'A', 'C#', 'E', 'A', 'C#', 'E', 'A', 'C#']	0.0	0.0	0.0	0.0
61.125	3.0	21.0	['E5', 'A5', 'C#6']	['P4', 'M6']	[False, False, False]	21.0	3.0	31.0	I	False	('E', 'A', 'C#')	E	A	2.0	major triad	(1, 4, 9)	A	A	1	None	False	['E', 'A', 'C#', 'E', 'A', 'C#', 'E', 'A', 'C#', 'E', 'A', 'C#', 'E', 'A', 'C#', 'E', 'A', 'C#', 'E', 'A', 'C#', 'E', 'A', 'C#', 'E', 'A', 'C#', 'E', 'A', 'C#', 'E', 'A', 'C#', 'E', 'A', 'C#', 'E', 'A', 'C#', 'E', 'A', 'C#', 'E', 'A', 'C#', 'E', 'A', 'C#', 'E', 'A', 'C#', 'E', 'A', 'C#', 'E', 'A', 'C#', 'E', 'A', 'C#', 'E', 'A', 'C#', 'E', 'A', 'C#', 'E', 'A', 'C#', 'E', 'A', 'C#']	0.0	0.0	0.0	0.0
61.25	3.0	21.0	['E5', 'A5', 'C#6']	['P4', 'M6']	[False, False, False]	21.0	3.0	31.0	I	False	('E', 'A', 'C#')	E	A	2.0	major triad	(1, 4, 9)	A	A	1	None	False	['E', 'A', 'C#', 'E', 'A', 'C#', 'E', 'A', 'C#', 'E', 'A', 'C#', 'E', 'A', 'C#', 'E', 'A', 'C#', 'E', 'A', 'C#', 'E', 'A', 'C#', 'E', 'A', 'C#', 'E', 'A', 'C#', 'E', 'A', 'C#', 'E', 'A', 'C#', 'E', 'A', 'C#', 'E', 'A', 'C#', 'E', 'A', 'C#', 'E', 'A', 'C#', 'E', 'A', 'C#', 'E', 'A', 'C#', 'E', 'A', 'C#', 'E', 'A', 'C#', 'E', 'A', 'C#', 'E', 'A', 'C#', 'E', 'A', 'C#', 'E', 'A', 'C#']	0.0	0.0	0.0	0.0
61.375	3.0	21.0	['E5', 'A5', 'C#6']	['P4', 'M6']	[False, False, False]	21.0	3.0	31.0	I	False	('E', 'A', 'C#')	E	A	2.0	major triad	(1, 4, 9)	A	A	1	None	False	['E', 'A', 'C#', 'E', 'A', 'C#', 'E', 'A', 'C#', 'E', 'A', 'C#', 'E', 'A', 'C#', 'E', 'A', 'C#', 'E', 'A', 'C#', 'E', 'A', 'C#', 'E', 'A', 'C#', 'E', 'A', 'C#', 'E', 'A', 'C#', 'E', 'A', 'C#', 'E', 'A', 'C#', 'E', 'A', 'C#', 'E', 'A', 'C#', 'E', 'A', 'C#', 'E', 'A', 'C#', 'E', 'A', 'C#', 'E', 'A', 'C#', 'E', 'A', 'C#', 'E', 'A', 'C#', 'E', 'A', 'C#', 'E', 'A', 'C#', 'E', 'A', 'C#']	0.0	0.0	0.0	0.0
61.5	3.0	21.0	['E5', 'A5', 'C#6']	['P4', 'M6']	[False, False, False]	21.0	3.0	31.0	I	False	('E', 'A', 'C#')	E	A	2.0	major triad	(1, 4, 9)	A	A	1	None	False	['E', 'A', 'C#', 'E', 'A', 'C#', 'E', 'A', 'C#', 'E', 'A', 'C#', 'E', 'A', 'C#', 'E', 'A', 'C#', 'E', 'A', 'C#', 'E', 'A', 'C#', 'E', 'A', 'C#', 'E', 'A', 'C#', 'E', 'A', 'C#', 'E', 'A', 'C#', 'E', 'A', 'C#', 'E', 'A', 'C#', 'E', 'A', 'C#', 'E', 'A', 'C#', 'E', 'A', 'C#', 'E', 'A', 'C#', 'E', 'A', 'C#', 'E', 'A', 'C#', 'E', 'A', 'C#', 'E', 'A', 'C#', 'E', 'A', 'C#', 'E', 'A', 'C#']	0.0	0.0	0.0	0.0
61.625	3.0	21.0	['E5', 'A5', 'C#6']	['P4', 'M6']	[False, False, False]	21.0	3.0	31.0	I	False	('E', 'A', 'C#')	E	A	2.0	major triad	(1, 4, 9)	A	A	1	None	False	['E', 'A', 'C#', 'E', 'A', 'C#', 'E', 'A', 'C#', 'E', 'A', 'C#', 'E', 'A', 'C#', 'E', 'A', 'C#', 'E', 'A', 'C#', 'E', 'A', 'C#', 'E', 'A', 'C#', 'E', 'A', 'C#', 'E', 'A', 'C#', 'E', 'A', 'C#', 'E', 'A', 'C#', 'E', 'A', 'C#', 'E', 'A', 'C#', 'E', 'A', 'C#', 'E', 'A', 'C#', 'E', 'A', 'C#', 'E', 'A', 'C#', 'E', 'A', 'C#', 'E', 'A', 'C#', 'E', 'A', 'C#', 'E', 'A', 'C#', 'E', 'A', 'C#']	0.0	0.0	0.0	0.0
61.75	3.0	21.0	['E5', 'A5', 'C#6']	['P4', 'M6']	[False, False, False]	21.0	3.0	31.0	I	False	('E', 'A', 'C#')	E	A	2.0	major triad	(1, 4, 9)	A	A	1	None	False	['E', 'A', 'C#', 'E', 'A', 'C#', 'E', 'A', 'C#', 'E', 'A', 'C#', 'E', 'A', 'C#', 'E', 'A', 'C#', 'E', 'A', 'C#', 'E', 'A', 'C#', 'E', 'A', 'C#', 'E', 'A', 'C#', 'E', 'A', 'C#', 'E', 'A', 'C#', 'E', 'A', 'C#', 'E', 'A', 'C#', 'E', 'A', 'C#', 'E', 'A', 'C#', 'E', 'A', 'C#', 'E', 'A', 'C#', 'E', 'A', 'C#', 'E', 'A', 'C#', 'E', 'A', 'C#', 'E', 'A', 'C#', 'E', 'A', 'C#', 'E', 'A', 'C#']	0.0	0.0	0.0	0.0
61.875	3.0	21.0	['E5', 'A5', 'C#6']	['P4', 'M6']	[False, False, False]	21.0	3.0	31.0	I	False	('E', 'A', 'C#')	E	A	2.0	major triad	(1, 4, 9)	A	A	1	None	False	['E', 'A', 'C#', 'E', 'A', 'C#', 'E', 'A', 'C#', 'E', 'A', 'C#', 'E', 'A', 'C#', 'E', 'A', 'C#', 'E', 'A', 'C#', 'E', 'A', 'C#', 'E', 'A', 'C#', 'E', 'A', 'C#', 'E', 'A', 'C#', 'E', 'A', 'C#', 'E', 'A', 'C#', 'E', 'A', 'C#', 'E', 'A', 'C#', 'E', 'A', 'C#', 'E', 'A', 'C#', 'E', 'A', 'C#', 'E', 'A', 'C#', 'E', 'A', 'C#', 'E', 'A', 'C#', 'E', 'A', 'C#', 'E', 'A', 'C#', 'E', 'A', 'C#']	0.0	0.0	0.0	0.0
62.0	3.0	21.0	['E5', 'A5', 'C#6']	['P4', 'M6']	[False, False, False]	21.0	3.0	31.0	I	False	('E', 'A', 'C#')	E	A	2.0	major triad	(1, 4, 9)	A	A	1	None	False	['E', 'A', 'C#', 'E', 'A', 'C#', 'E', 'A', 'C#', 'E', 'A', 'C#', 'E', 'A', 'C#', 'E', 'A', 'C#', 'E', 'A', 'C#', 'E', 'A', 'C#', 'E', 'A', 'C#', 'E', 'A', 'C#', 'E', 'A', 'C#', 'E', 'A', 'C#', 'E', 'A', 'C#', 'E', 'A', 'C#', 'E', 'A', 'C#', 'E', 'A', 'C#', 'E', 'A', 'C#', 'E', 'A', 'C#', 'E', 'A', 'C#', 'E', 'A', 'C#', 'E', 'A', 'C#', 'E', 'A', 'C#', 'E', 'A', 'C#', 'E', 'A', 'C#']	0.0	0.0	0.0	0.0
62.125	3.0	21.0	['E5', 'A5', 'C#6']	['P4', 'M6']	[False, False, False]	21.0	3.0	31.0	I	False	('E', 'A', 'C#')	E	A	2.0	major triad	(1, 4, 9)	A	A	1	None	False	['E', 'A', 'C#', 'E', 'A', 'C#', 'E', 'A', 'C#', 'E', 'A', 'C#', 'E', 'A', 'C#', 'E', 'A', 'C#', 'E', 'A', 'C#', 'E', 'A', 'C#', 'E', 'A', 'C#', 'E', 'A', 'C#', 'E', 'A', 'C#', 'E', 'A', 'C#', 'E', 'A', 'C#', 'E', 'A', 'C#', 'E', 'A', 'C#', 'E', 'A', 'C#', 'E', 'A', 'C#', 'E', 'A', 'C#', 'E', 'A', 'C#', 'E', 'A', 'C#', 'E', 'A', 'C#', 'E', 'A', 'C#', 'E', 'A', 'C#', 'E', 'A', 'C#']	0.0	0.0	0.0	0.0
62.25	3.0	21.0	['E5', 'A5', 'C#6']	['P4', 'M6']	[False, False, False]	21.0	3.0	31.0	I	False	('E', 'A', 'C#')	E	A	2.0	major triad	(1, 4, 9)	A	A	1	None	False	['E', 'A', 'C#', 'E', 'A', 'C#', 'E', 'A', 'C#', 'E', 'A', 'C#', 'E', 'A', 'C#', 'E', 'A', 'C#', 'E', 'A', 'C#', 'E', 'A', 'C#', 'E', 'A', 'C#', 'E', 'A', 'C#', 'E', 'A', 'C#', 'E', 'A', 'C#', 'E', 'A', 'C#', 'E', 'A', 'C#', 'E', 'A', 'C#', 'E', 'A', 'C#', 'E', 'A', 'C#', 'E', 'A', 'C#', 'E', 'A', 'C#', 'E', 'A', 'C#', 'E', 'A', 'C#', 'E', 'A', 'C#', 'E', 'A', 'C#', 'E', 'A', 'C#']	0.0	0.0	0.0	0.0
62.375	3.0	21.0	['E5', 'A5', 'C#6']	['P4', 'M6']	[False, False, False]	21.0	3.0	31.0	I	False	('E', 'A', 'C#')	E	A	2.0	major triad	(1, 4, 9)	A	A	1	None	False	['E', 'A', 'C#', 'E', 'A', 'C#', 'E', 'A', 'C#', 'E', 'A', 'C#', 'E', 'A', 'C#', 'E', 'A', 'C#', 'E', 'A', 'C#', 'E', 'A', 'C#', 'E', 'A', 'C#', 'E', 'A', 'C#', 'E', 'A', 'C#', 'E', 'A', 'C#', 'E', 'A', 'C#', 'E', 'A', 'C#', 'E', 'A', 'C#', 'E', 'A', 'C#', 'E', 'A', 'C#', 'E', 'A', 'C#', 'E', 'A', 'C#', 'E', 'A', 'C#', 'E', 'A', 'C#', 'E', 'A', 'C#', 'E', 'A', 'C#', 'E', 'A', 'C#']	0.0	0.0	0.0	0.0
62.5	3.0	21.0	['E5', 'A5', 'C#6']	['P4', 'M6']	[False, False, False]	21.0	3.0	31.0	I	False	('E', 'A', 'C#')	E	A	2.0	major triad	(1, 4, 9)	A	A	1	None	False	['E', 'A', 'C#', 'E', 'A', 'C#', 'E', 'A', 'C#', 'E', 'A', 'C#', 'E', 'A', 'C#', 'E', 'A', 'C#', 'E', 'A', 'C#', 'E', 'A', 'C#', 'E', 'A', 'C#', 'E', 'A', 'C#', 'E', 'A', 'C#', 'E', 'A', 'C#', 'E', 'A', 'C#', 'E', 'A', 'C#', 'E', 'A', 'C#', 'E', 'A', 'C#', 'E', 'A', 'C#', 'E', 'A', 'C#', 'E', 'A', 'C#', 'E', 'A', 'C#', 'E', 'A', 'C#', 'E', 'A', 'C#', 'E', 'A', 'C#', 'E', 'A', 'C#']	0.0	0.0	0.0	0.0
62.625	3.0	21.0	['E5', 'A5', 'C#6']	['P4', 'M6']	[False, False, False]	21.0	3.0	31.0	I	False	('E', 'A', 'C#')	E	A	2.0	major triad	(1, 4, 9)	A	A	1	None	False	['E', 'A', 'C#', 'E', 'A', 'C#', 'E', 'A', 'C#', 'E', 'A', 'C#', 'E', 'A', 'C#', 'E', 'A', 'C#', 'E', 'A', 'C#', 'E', 'A', 'C#', 'E', 'A', 'C#', 'E', 'A', 'C#', 'E', 'A', 'C#', 'E', 'A', 'C#', 'E', 'A', 'C#', 'E', 'A', 'C#', 'E', 'A', 'C#', 'E', 'A', 'C#', 'E', 'A', 'C#', 'E', 'A', 'C#', 'E', 'A', 'C#', 'E', 'A', 'C#', 'E', 'A', 'C#', 'E', 'A', 'C#', 'E', 'A', 'C#', 'E', 'A', 'C#']	0.0	0.0	0.0	0.0
62.75	3.0	21.0	['E5', 'A5', 'C#6']	['P4', 'M6']	[False, False, False]	21.0	3.0	31.0	I	False	('E', 'A', 'C#')	E	A	2.0	major triad	(1, 4, 9)	A	A	1	None	False	['E', 'A', 'C#', 'E', 'A', 'C#', 'E', 'A', 'C#', 'E', 'A', 'C#', 'E', 'A', 'C#', 'E', 'A', 'C#', 'E', 'A', 'C#', 'E', 'A', 'C#', 'E', 'A', 'C#', 'E', 'A', 'C#', 'E', 'A', 'C#', 'E', 'A', 'C#', 'E', 'A', 'C#', 'E', 'A', 'C#', 'E', 'A', 'C#', 'E', 'A', 'C#', 'E', 'A', 'C#', 'E', 'A', 'C#', 'E', 'A', 'C#', 'E', 'A', 'C#', 'E', 'A', 'C#', 'E', 'A', 'C#', 'E', 'A', 'C#', 'E', 'A', 'C#']	0.0	0.0	0.0	0.0
62.875	3.0	21.0	['E5', 'A5', 'C#6']	['P4', 'M6']	[False, False, False]	21.0	3.0	31.0	I	False	('E', 'A', 'C#')	E	A	2.0	major triad	(1, 4, 9)	A	A	1	None	False	['E', 'A', 'C#', 'E', 'A', 'C#', 'E', 'A', 'C#', 'E', 'A', 'C#', 'E', 'A', 'C#', 'E', 'A', 'C#', 'E', 'A', 'C#', 'E', 'A', 'C#', 'E', 'A', 'C#', 'E', 'A', 'C#', 'E', 'A', 'C#', 'E', 'A', 'C#', 'E', 'A', 'C#', 'E', 'A', 'C#', 'E', 'A', 'C#', 'E', 'A', 'C#', 'E', 'A', 'C#', 'E', 'A', 'C#', 'E', 'A', 'C#', 'E', 'A', 'C#', 'E', 'A', 'C#', 'E', 'A', 'C#', 'E', 'A', 'C#', 'E', 'A', 'C#']	0.0	0.0	0.0	0.0
63.0	3.0	22.0	['E5', 'G#5', 'B5']	['M3', 'P5']	[True, True, True]	22.0	3.0	32.0	V	True	('E', 'G#', 'B')	E	E	0.0	major triad	(4, 8, 11)	A	A	5	None	False	['E', 'G#', 'B', 'E', 'G#', 'B', 'E', 'G#', 'B', 'E', 'G#', 'B', 'E', 'G#', 'B', 'E', 'G#', 'B', 'E', 'G#', 'B', 'E', 'G#', 'B', 'E', 'G#', 'B', 'E', 'G#', 'B', 'E', 'G#', 'B', 'E', 'G#', 'B', 'E', 'G#', 'B', 'E', 'G#', 'B', 'E', 'G#', 'B', 'E', 'G#', 'B', 'E', 'G#', 'B', 'E', 'G#', 'B', 'E', 'G#', 'B', 'E', 'G#', 'B', 'E', 'G#', 'B', 'E', 'G#', 'B', 'E', 'G#', 'B', 'E', 'G#', 'B']	0.0	0.0	0.0	0.0
63.125	3.0	22.0	['E5', 'G#5', 'B5']	['M3', 'P5']	[False, False, False]	22.0	3.0	32.0	V	False	('E', 'G#', 'B')	E	E	0.0	major triad	(4, 8, 11)	A	A	5	None	False	['E', 'G#', 'B', 'E', 'G#', 'B', 'E', 'G#', 'B', 'E', 'G#', 'B', 'E', 'G#', 'B', 'E', 'G#', 'B', 'E', 'G#', 'B', 'E', 'G#', 'B', 'E', 'G#', 'B', 'E', 'G#', 'B', 'E', 'G#', 'B', 'E', 'G#', 'B', 'E', 'G#', 'B', 'E', 'G#', 'B', 'E', 'G#', 'B', 'E', 'G#', 'B', 'E', 'G#', 'B', 'E', 'G#', 'B', 'E', 'G#', 'B', 'E', 'G#', 'B', 'E', 'G#', 'B', 'E', 'G#', 'B', 'E', 'G#', 'B', 'E', 'G#', 'B']	0.0	0.0	0.0	0.0
63.25	3.0	22.0	['E5', 'G#5', 'B5']	['M3', 'P5']	[False, False, False]	22.0	3.0	32.0	V	False	('E', 'G#', 'B')	E	E	0.0	major triad	(4, 8, 11)	A	A	5	None	False	['E', 'G#', 'B', 'E', 'G#', 'B', 'E', 'G#', 'B', 'E', 'G#', 'B', 'E', 'G#', 'B', 'E', 'G#', 'B', 'E', 'G#', 'B', 'E', 'G#', 'B', 'E', 'G#', 'B', 'E', 'G#', 'B', 'E', 'G#', 'B', 'E', 'G#', 'B', 'E', 'G#', 'B', 'E', 'G#', 'B', 'E', 'G#', 'B', 'E', 'G#', 'B', 'E', 'G#', 'B', 'E', 'G#', 'B', 'E', 'G#', 'B', 'E', 'G#', 'B', 'E', 'G#', 'B', 'E', 'G#', 'B', 'E', 'G#', 'B', 'E', 'G#', 'B']	0.0	0.0	0.0	0.0
63.375	3.0	22.0	['E5', 'G#5', 'B5']	['M3', 'P5']	[False, False, False]	22.0	3.0	32.0	V	False	('E', 'G#', 'B')	E	E	0.0	major triad	(4, 8, 11)	A	A	5	None	False	['E', 'G#', 'B', 'E', 'G#', 'B', 'E', 'G#', 'B', 'E', 'G#', 'B', 'E', 'G#', 'B', 'E', 'G#', 'B', 'E', 'G#', 'B', 'E', 'G#', 'B', 'E', 'G#', 'B', 'E', 'G#', 'B', 'E', 'G#', 'B', 'E', 'G#', 'B', 'E', 'G#', 'B', 'E', 'G#', 'B', 'E', 'G#', 'B', 'E', 'G#', 'B', 'E', 'G#', 'B', 'E', 'G#', 'B', 'E', 'G#', 'B', 'E', 'G#', 'B', 'E', 'G#', 'B', 'E', 'G#', 'B', 'E', 'G#', 'B', 'E', 'G#', 'B']	0.0	0.0	0.0	0.0
63.5	3.0	22.0	['E5', 'G#5', 'B5']	['M3', 'P5']	[False, False, False]	22.0	3.0	32.0	V	False	('E', 'G#', 'B')	E	E	0.0	major triad	(4, 8, 11)	A	A	5	None	False	['E', 'G#', 'B', 'E', 'G#', 'B', 'E', 'G#', 'B', 'E', 'G#', 'B', 'E', 'G#', 'B', 'E', 'G#', 'B', 'E', 'G#', 'B', 'E', 'G#', 'B', 'E', 'G#', 'B', 'E', 'G#', 'B', 'E', 'G#', 'B', 'E', 'G#', 'B', 'E', 'G#', 'B', 'E', 'G#', 'B', 'E', 'G#', 'B', 'E', 'G#', 'B', 'E', 'G#', 'B', 'E', 'G#', 'B', 'E', 'G#', 'B', 'E', 'G#', 'B', 'E', 'G#', 'B', 'E', 'G#', 'B', 'E', 'G#', 'B', 'E', 'G#', 'B']	0.0	0.0	0.0	0.0
63.625	3.0	22.0	['E5', 'G#5', 'B5']	['M3', 'P5']	[False, False, False]	22.0	3.0	32.0	V	False	('E', 'G#', 'B')	E	E	0.0	major triad	(4, 8, 11)	A	A	5	None	False	['E', 'G#', 'B', 'E', 'G#', 'B', 'E', 'G#', 'B', 'E', 'G#', 'B', 'E', 'G#', 'B', 'E', 'G#', 'B', 'E', 'G#', 'B', 'E', 'G#', 'B', 'E', 'G#', 'B', 'E', 'G#', 'B', 'E', 'G#', 'B', 'E', 'G#', 'B', 'E', 'G#', 'B', 'E', 'G#', 'B', 'E', 'G#', 'B', 'E', 'G#', 'B', 'E', 'G#', 'B', 'E', 'G#', 'B', 'E', 'G#', 'B', 'E', 'G#', 'B', 'E', 'G#', 'B', 'E', 'G#', 'B', 'E', 'G#', 'B', 'E', 'G#', 'B']	0.0	0.0	0.0	0.0
63.75	3.0	22.0	['E5', 'G#5', 'B5']	['M3', 'P5']	[False, False, False]	22.0	3.0	32.0	V	False	('E', 'G#', 'B')	E	E	0.0	major triad	(4, 8, 11)	A	A	5	None	False	['E', 'G#', 'B', 'E', 'G#', 'B', 'E', 'G#', 'B', 'E', 'G#', 'B', 'E', 'G#', 'B', 'E', 'G#', 'B', 'E', 'G#', 'B', 'E', 'G#', 'B', 'E', 'G#', 'B', 'E', 'G#', 'B', 'E', 'G#', 'B', 'E', 'G#', 'B', 'E', 'G#', 'B', 'E', 'G#', 'B', 'E', 'G#', 'B', 'E', 'G#', 'B', 'E', 'G#', 'B', 'E', 'G#', 'B', 'E', 'G#', 'B', 'E', 'G#', 'B', 'E', 'G#', 'B', 'E', 'G#', 'B', 'E', 'G#', 'B', 'E', 'G#', 'B']	0.0	0.0	0.0	0.0
63.875	3.0	22.0	['E5', 'G#5', 'B5']	['M3', 'P5']	[False, False, False]	22.0	3.0	32.0	V	False	('E', 'G#', 'B')	E	E	0.0	major triad	(4, 8, 11)	A	A	5	None	False	['E', 'G#', 'B', 'E', 'G#', 'B', 'E', 'G#', 'B', 'E', 'G#', 'B', 'E', 'G#', 'B', 'E', 'G#', 'B', 'E', 'G#', 'B', 'E', 'G#', 'B', 'E', 'G#', 'B', 'E', 'G#', 'B', 'E', 'G#', 'B', 'E', 'G#', 'B', 'E', 'G#', 'B', 'E', 'G#', 'B', 'E', 'G#', 'B', 'E', 'G#', 'B', 'E', 'G#', 'B', 'E', 'G#', 'B', 'E', 'G#', 'B', 'E', 'G#', 'B', 'E', 'G#', 'B', 'E', 'G#', 'B', 'E', 'G#', 'B', 'E', 'G#', 'B']	0.0	0.0	0.0	0.0
64.0	3.0	22.0	['E5', 'G#5', 'B5']	['M3', 'P5']	[False, False, False]	22.0	3.0	32.0	V	False	('E', 'G#', 'B')	E	E	0.0	major triad	(4, 8, 11)	A	A	5	None	False	['E', 'G#', 'B', 'E', 'G#', 'B', 'E', 'G#', 'B', 'E', 'G#', 'B', 'E', 'G#', 'B', 'E', 'G#', 'B', 'E', 'G#', 'B', 'E', 'G#', 'B', 'E', 'G#', 'B', 'E', 'G#', 'B', 'E', 'G#', 'B', 'E', 'G#', 'B', 'E', 'G#', 'B', 'E', 'G#', 'B', 'E', 'G#', 'B', 'E', 'G#', 'B', 'E', 'G#', 'B', 'E', 'G#', 'B', 'E', 'G#', 'B', 'E', 'G#', 'B', 'E', 'G#', 'B', 'E', 'G#', 'B', 'E', 'G#', 'B', 'E', 'G#', 'B']	0.0	0.0	0.0	0.0
64.125	3.0	22.0	['E5', 'G#5', 'B5']	['M3', 'P5']	[False, False, False]	22.0	3.0	32.0	V	False	('E', 'G#', 'B')	E	E	0.0	major triad	(4, 8, 11)	A	A	5	None	False	['E', 'G#', 'B', 'E', 'G#', 'B', 'E', 'G#', 'B', 'E', 'G#', 'B', 'E', 'G#', 'B', 'E', 'G#', 'B', 'E', 'G#', 'B', 'E', 'G#', 'B', 'E', 'G#', 'B', 'E', 'G#', 'B', 'E', 'G#', 'B', 'E', 'G#', 'B', 'E', 'G#', 'B', 'E', 'G#', 'B', 'E', 'G#', 'B', 'E', 'G#', 'B', 'E', 'G#', 'B', 'E', 'G#', 'B', 'E', 'G#', 'B', 'E', 'G#', 'B', 'E', 'G#', 'B', 'E', 'G#', 'B', 'E', 'G#', 'B', 'E', 'G#', 'B']	0.0	0.0	0.0	0.0
64.25	3.0	22.0	['E5', 'G#5', 'B5']	['M3', 'P5']	[False, False, False]	22.0	3.0	32.0	V	False	('E', 'G#', 'B')	E	E	0.0	major triad	(4, 8, 11)	A	A	5	None	False	['E', 'G#', 'B', 'E', 'G#', 'B', 'E', 'G#', 'B', 'E', 'G#', 'B', 'E', 'G#', 'B', 'E', 'G#', 'B', 'E', 'G#', 'B', 'E', 'G#', 'B', 'E', 'G#', 'B', 'E', 'G#', 'B', 'E', 'G#', 'B', 'E', 'G#', 'B', 'E', 'G#', 'B', 'E', 'G#', 'B', 'E', 'G#', 'B', 'E', 'G#', 'B', 'E', 'G#', 'B', 'E', 'G#', 'B', 'E', 'G#', 'B', 'E', 'G#', 'B', 'E', 'G#', 'B', 'E', 'G#', 'B', 'E', 'G#', 'B', 'E', 'G#', 'B']	0.0	0.0	0.0	0.0
64.375	3.0	22.0	['E5', 'G#5', 'B5']	['M3', 'P5']	[False, False, False]	22.0	3.0	32.0	V	False	('E', 'G#', 'B')	E	E	0.0	major triad	(4, 8, 11)	A	A	5	None	False	['E', 'G#', 'B', 'E', 'G#', 'B', 'E', 'G#', 'B', 'E', 'G#', 'B', 'E', 'G#', 'B', 'E', 'G#', 'B', 'E', 'G#', 'B', 'E', 'G#', 'B', 'E', 'G#', 'B', 'E', 'G#', 'B', 'E', 'G#', 'B', 'E', 'G#', 'B', 'E', 'G#', 'B', 'E', 'G#', 'B', 'E', 'G#', 'B', 'E', 'G#', 'B', 'E', 'G#', 'B', 'E', 'G#', 'B', 'E', 'G#', 'B', 'E', 'G#', 'B', 'E', 'G#', 'B', 'E', 'G#', 'B', 'E', 'G#', 'B', 'E', 'G#', 'B']	0.0	0.0	0.0	0.0
64.5	3.0	22.0	['E5', 'G#5', 'B5']	['M3', 'P5']	[False, False, False]	22.0	3.0	32.0	V	False	('E', 'G#', 'B')	E	E	0.0	major triad	(4, 8, 11)	A	A	5	None	False	['E', 'G#', 'B', 'E', 'G#', 'B', 'E', 'G#', 'B', 'E', 'G#', 'B', 'E', 'G#', 'B', 'E', 'G#', 'B', 'E', 'G#', 'B', 'E', 'G#', 'B', 'E', 'G#', 'B', 'E', 'G#', 'B', 'E', 'G#', 'B', 'E', 'G#', 'B', 'E', 'G#', 'B', 'E', 'G#', 'B', 'E', 'G#', 'B', 'E', 'G#', 'B', 'E', 'G#', 'B', 'E', 'G#', 'B', 'E', 'G#', 'B', 'E', 'G#', 'B', 'E', 'G#', 'B', 'E', 'G#', 'B', 'E', 'G#', 'B', 'E', 'G#', 'B']	0.0	0.0	0.0	0.0
64.625	3.0	22.0	['E5', 'G#5', 'B5']	['M3', 'P5']	[False, False, False]	22.0	3.0	32.0	V	False	('E', 'G#', 'B')	E	E	0.0	major triad	(4, 8, 11)	A	A	5	None	False	['E', 'G#', 'B', 'E', 'G#', 'B', 'E', 'G#', 'B', 'E', 'G#', 'B', 'E', 'G#', 'B', 'E', 'G#', 'B', 'E', 'G#', 'B', 'E', 'G#', 'B', 'E', 'G#', 'B', 'E', 'G#', 'B', 'E', 'G#', 'B', 'E', 'G#', 'B', 'E', 'G#', 'B', 'E', 'G#', 'B', 'E', 'G#', 'B', 'E', 'G#', 'B', 'E', 'G#', 'B', 'E', 'G#', 'B', 'E', 'G#', 'B', 'E', 'G#', 'B', 'E', 'G#', 'B', 'E', 'G#', 'B', 'E', 'G#', 'B', 'E', 'G#', 'B']	0.0	0.0	0.0	0.0
64.75	3.0	22.0	['E5', 'G#5', 'B5']	['M3', 'P5']	[False, False, False]	22.0	3.0	32.0	V	False	('E', 'G#', 'B')	E	E	0.0	major triad	(4, 8, 11)	A	A	5	None	False	['E', 'G#', 'B', 'E', 'G#', 'B', 'E', 'G#', 'B', 'E', 'G#', 'B', 'E', 'G#', 'B', 'E', 'G#', 'B', 'E', 'G#', 'B', 'E', 'G#', 'B', 'E', 'G#', 'B', 'E', 'G#', 'B', 'E', 'G#', 'B', 'E', 'G#', 'B', 'E', 'G#', 'B', 'E', 'G#', 'B', 'E', 'G#', 'B', 'E', 'G#', 'B', 'E', 'G#', 'B', 'E', 'G#', 'B', 'E', 'G#', 'B', 'E', 'G#', 'B', 'E', 'G#', 'B', 'E', 'G#', 'B', 'E', 'G#', 'B', 'E', 'G#', 'B']	0.0	0.0	0.0	0.0
64.875	3.0	22.0	['E5', 'G#5', 'B5']	['M3', 'P5']	[False, False, False]	22.0	3.0	32.0	V	False	('E', 'G#', 'B')	E	E	0.0	major triad	(4, 8, 11)	A	A	5	None	False	['E', 'G#', 'B', 'E', 'G#', 'B', 'E', 'G#', 'B', 'E', 'G#', 'B', 'E', 'G#', 'B', 'E', 'G#', 'B', 'E', 'G#', 'B', 'E', 'G#', 'B', 'E', 'G#', 'B', 'E', 'G#', 'B', 'E', 'G#', 'B', 'E', 'G#', 'B', 'E', 'G#', 'B', 'E', 'G#', 'B', 'E', 'G#', 'B', 'E', 'G#', 'B', 'E', 'G#', 'B', 'E', 'G#', 'B', 'E', 'G#', 'B', 'E', 'G#', 'B', 'E', 'G#', 'B', 'E', 'G#', 'B', 'E', 'G#', 'B', 'E', 'G#', 'B']	0.0	0.0	0.0	0.0
65.0	3.0	22.0	['E5', 'G#5', 'B5']	['M3', 'P5']	[False, False, False]	22.0	3.0	32.0	V	False	('E', 'G#', 'B')	E	E	0.0	major triad	(4, 8, 11)	A	A	5	None	False	['E', 'G#', 'B', 'E', 'G#', 'B', 'E', 'G#', 'B', 'E', 'G#', 'B', 'E', 'G#', 'B', 'E', 'G#', 'B', 'E', 'G#', 'B', 'E', 'G#', 'B', 'E', 'G#', 'B', 'E', 'G#', 'B', 'E', 'G#', 'B', 'E', 'G#', 'B', 'E', 'G#', 'B', 'E', 'G#', 'B', 'E', 'G#', 'B', 'E', 'G#', 'B', 'E', 'G#', 'B', 'E', 'G#', 'B', 'E', 'G#', 'B', 'E', 'G#', 'B', 'E', 'G#', 'B', 'E', 'G#', 'B', 'E', 'G#', 'B', 'E', 'G#', 'B']	0.0	0.0	0.0	0.0
65.125	3.0	22.0	['E5', 'G#5', 'B5']	['M3', 'P5']	[False, False, False]	22.0	3.0	32.0	V	False	('E', 'G#', 'B')	E	E	0.0	major triad	(4, 8, 11)	A	A	5	None	False	['E', 'G#', 'B', 'E', 'G#', 'B', 'E', 'G#', 'B', 'E', 'G#', 'B', 'E', 'G#', 'B', 'E', 'G#', 'B', 'E', 'G#', 'B', 'E', 'G#', 'B', 'E', 'G#', 'B', 'E', 'G#', 'B', 'E', 'G#', 'B', 'E', 'G#', 'B', 'E', 'G#', 'B', 'E', 'G#', 'B', 'E', 'G#', 'B', 'E', 'G#', 'B', 'E', 'G#', 'B', 'E', 'G#', 'B', 'E', 'G#', 'B', 'E', 'G#', 'B', 'E', 'G#', 'B', 'E', 'G#', 'B', 'E', 'G#', 'B', 'E', 'G#', 'B']	0.0	0.0	0.0	0.0
65.25	3.0	22.0	['E5', 'G#5', 'B5']	['M3', 'P5']	[False, False, False]	22.0	3.0	32.0	V	False	('E', 'G#', 'B')	E	E	0.0	major triad	(4, 8, 11)	A	A	5	None	False	['E', 'G#', 'B', 'E', 'G#', 'B', 'E', 'G#', 'B', 'E', 'G#', 'B', 'E', 'G#', 'B', 'E', 'G#', 'B', 'E', 'G#', 'B', 'E', 'G#', 'B', 'E', 'G#', 'B', 'E', 'G#', 'B', 'E', 'G#', 'B', 'E', 'G#', 'B', 'E', 'G#', 'B', 'E', 'G#', 'B', 'E', 'G#', 'B', 'E', 'G#', 'B', 'E', 'G#', 'B', 'E', 'G#', 'B', 'E', 'G#', 'B', 'E', 'G#', 'B', 'E', 'G#', 'B', 'E', 'G#', 'B', 'E', 'G#', 'B', 'E', 'G#', 'B']	0.0	0.0	0.0	0.0
65.375	3.0	22.0	['E5', 'G#5', 'B5']	['M3', 'P5']	[False, False, False]	22.0	3.0	32.0	V	False	('E', 'G#', 'B')	E	E	0.0	major triad	(4, 8, 11)	A	A	5	None	False	['E', 'G#', 'B', 'E', 'G#', 'B', 'E', 'G#', 'B', 'E', 'G#', 'B', 'E', 'G#', 'B', 'E', 'G#', 'B', 'E', 'G#', 'B', 'E', 'G#', 'B', 'E', 'G#', 'B', 'E', 'G#', 'B', 'E', 'G#', 'B', 'E', 'G#', 'B', 'E', 'G#', 'B', 'E', 'G#', 'B', 'E', 'G#', 'B', 'E', 'G#', 'B', 'E', 'G#', 'B', 'E', 'G#', 'B', 'E', 'G#', 'B', 'E', 'G#', 'B', 'E', 'G#', 'B', 'E', 'G#', 'B', 'E', 'G#', 'B', 'E', 'G#', 'B']	0.0	0.0	0.0	0.0
65.5	3.0	22.0	['E5', 'G#5', 'B5']	['M3', 'P5']	[False, False, False]	22.0	3.0	32.0	V	False	('E', 'G#', 'B')	E	E	0.0	major triad	(4, 8, 11)	A	A	5	None	False	['E', 'G#', 'B', 'E', 'G#', 'B', 'E', 'G#', 'B', 'E', 'G#', 'B', 'E', 'G#', 'B', 'E', 'G#', 'B', 'E', 'G#', 'B', 'E', 'G#', 'B', 'E', 'G#', 'B', 'E', 'G#', 'B', 'E', 'G#', 'B', 'E', 'G#', 'B', 'E', 'G#', 'B', 'E', 'G#', 'B', 'E', 'G#', 'B', 'E', 'G#', 'B', 'E', 'G#', 'B', 'E', 'G#', 'B', 'E', 'G#', 'B', 'E', 'G#', 'B', 'E', 'G#', 'B', 'E', 'G#', 'B', 'E', 'G#', 'B', 'E', 'G#', 'B']	0.0	0.0	0.0	0.0
65.625	3.0	22.0	['E5', 'G#5', 'B5']	['M3', 'P5']	[False, False, False]	22.0	3.0	32.0	V	False	('E', 'G#', 'B')	E	E	0.0	major triad	(4, 8, 11)	A	A	5	None	False	['E', 'G#', 'B', 'E', 'G#', 'B', 'E', 'G#', 'B', 'E', 'G#', 'B', 'E', 'G#', 'B', 'E', 'G#', 'B', 'E', 'G#', 'B', 'E', 'G#', 'B', 'E', 'G#', 'B', 'E', 'G#', 'B', 'E', 'G#', 'B', 'E', 'G#', 'B', 'E', 'G#', 'B', 'E', 'G#', 'B', 'E', 'G#', 'B', 'E', 'G#', 'B', 'E', 'G#', 'B', 'E', 'G#', 'B', 'E', 'G#', 'B', 'E', 'G#', 'B', 'E', 'G#', 'B', 'E', 'G#', 'B', 'E', 'G#', 'B', 'E', 'G#', 'B']	0.0	0.0	0.0	0.0
65.75	3.0	22.0	['E5', 'G#5', 'B5']	['M3', 'P5']	[False, False, False]	22.0	3.0	32.0	V	False	('E', 'G#', 'B')	E	E	0.0	major triad	(4, 8, 11)	A	A	5	None	False	['E', 'G#', 'B', 'E', 'G#', 'B', 'E', 'G#', 'B', 'E', 'G#', 'B', 'E', 'G#', 'B', 'E', 'G#', 'B', 'E', 'G#', 'B', 'E', 'G#', 'B', 'E', 'G#', 'B', 'E', 'G#', 'B', 'E', 'G#', 'B', 'E', 'G#', 'B', 'E', 'G#', 'B', 'E', 'G#', 'B', 'E', 'G#', 'B', 'E', 'G#', 'B', 'E', 'G#', 'B', 'E', 'G#', 'B', 'E', 'G#', 'B', 'E', 'G#', 'B', 'E', 'G#', 'B', 'E', 'G#', 'B', 'E', 'G#', 'B', 'E', 'G#', 'B']	0.0	0.0	0.0	0.0
65.875	3.0	22.0	['E5', 'G#5', 'B5']	['M3', 'P5']	[False, False, False]	22.0	3.0	32.0	V	False	('E', 'G#', 'B')	E	E	0.0	major triad	(4, 8, 11)	A	A	5	None	False	['E', 'G#', 'B', 'E', 'G#', 'B', 'E', 'G#', 'B', 'E', 'G#', 'B', 'E', 'G#', 'B', 'E', 'G#', 'B', 'E', 'G#', 'B', 'E', 'G#', 'B', 'E', 'G#', 'B', 'E', 'G#', 'B', 'E', 'G#', 'B', 'E', 'G#', 'B', 'E', 'G#', 'B', 'E', 'G#', 'B', 'E', 'G#', 'B', 'E', 'G#', 'B', 'E', 'G#', 'B', 'E', 'G#', 'B', 'E', 'G#', 'B', 'E', 'G#', 'B', 'E', 'G#', 'B', 'E', 'G#', 'B', 'E', 'G#', 'B', 'E', 'G#', 'B']	0.0	0.0	0.0	0.0
66.0	3.0	23.0	['F5', 'G#5', 'B5', 'D6']	['A2', 'A4', 'M6']	[True, True, True, True]	23.0	3.0	33.0	viio7	True	('F', 'G#', 'B', 'D')	F	G#	3.0	diminished seventh chord	(2, 5, 8, 11)	A	A	7	None	False	['F', 'G#', 'B', 'D', 'F', 'G#', 'B', 'D', 'F', 'G#', 'B', 'D', 'F', 'G#', 'B', 'D', 'F', 'G#', 'B', 'D', 'F', 'G#', 'B', 'D', 'F', 'G#', 'B', 'D', 'F', 'G#', 'B', 'D', 'F', 'G#', 'B', 'D', 'F', 'G#', 'B', 'D', 'F', 'G#', 'B', 'D', 'F', 'G#', 'B', 'D', 'F', 'G#', 'B', 'D', 'F', 'G#', 'B', 'D', 'F', 'G#', 'B', 'D', 'F', 'G#', 'B', 'D', 'F', 'G#', 'B', 'D', 'F', 'G#', 'B', 'D', 'F', 'G#', 'B', 'D', 'F', 'G#', 'B', 'D', 'F', 'G#', 'B', 'D', 'F', 'G#', 'B', 'D', 'F', 'G#', 'B', 'D', 'F', 'G#', 'B', 'D']	0.0	0.0	0.0	0.0
66.125	3.0	23.0	['F5', 'G#5', 'B5', 'D6']	['A2', 'A4', 'M6']	[False, False, False, False]	23.0	3.0	33.0	viio7	False	('F', 'G#', 'B', 'D')	F	G#	3.0	diminished seventh chord	(2, 5, 8, 11)	A	A	7	None	False	['F', 'G#', 'B', 'D', 'F', 'G#', 'B', 'D', 'F', 'G#', 'B', 'D', 'F', 'G#', 'B', 'D', 'F', 'G#', 'B', 'D', 'F', 'G#', 'B', 'D', 'F', 'G#', 'B', 'D', 'F', 'G#', 'B', 'D', 'F', 'G#', 'B', 'D', 'F', 'G#', 'B', 'D', 'F', 'G#', 'B', 'D', 'F', 'G#', 'B', 'D', 'F', 'G#', 'B', 'D', 'F', 'G#', 'B', 'D', 'F', 'G#', 'B', 'D', 'F', 'G#', 'B', 'D', 'F', 'G#', 'B', 'D', 'F', 'G#', 'B', 'D', 'F', 'G#', 'B', 'D', 'F', 'G#', 'B', 'D', 'F', 'G#', 'B', 'D', 'F', 'G#', 'B', 'D', 'F', 'G#', 'B', 'D', 'F', 'G#', 'B', 'D']	0.0	0.0	0.0	0.0
66.25	3.0	23.0	['F5', 'G#5', 'B5', 'D6']	['A2', 'A4', 'M6']	[False, False, False, False]	23.0	3.0	33.0	viio7	False	('F', 'G#', 'B', 'D')	F	G#	3.0	diminished seventh chord	(2, 5, 8, 11)	A	A	7	None	False	['F', 'G#', 'B', 'D', 'F', 'G#', 'B', 'D', 'F', 'G#', 'B', 'D', 'F', 'G#', 'B', 'D', 'F', 'G#', 'B', 'D', 'F', 'G#', 'B', 'D', 'F', 'G#', 'B', 'D', 'F', 'G#', 'B', 'D', 'F', 'G#', 'B', 'D', 'F', 'G#', 'B', 'D', 'F', 'G#', 'B', 'D', 'F', 'G#', 'B', 'D', 'F', 'G#', 'B', 'D', 'F', 'G#', 'B', 'D', 'F', 'G#', 'B', 'D', 'F', 'G#', 'B', 'D', 'F', 'G#', 'B', 'D', 'F', 'G#', 'B', 'D', 'F', 'G#', 'B', 'D', 'F', 'G#', 'B', 'D', 'F', 'G#', 'B', 'D', 'F', 'G#', 'B', 'D', 'F', 'G#', 'B', 'D', 'F', 'G#', 'B', 'D']	0.0	0.0	0.0	0.0
66.375	3.0	23.0	['F5', 'G#5', 'B5', 'D6']	['A2', 'A4', 'M6']	[False, False, False, False]	23.0	3.0	33.0	viio7	False	('F', 'G#', 'B', 'D')	F	G#	3.0	diminished seventh chord	(2, 5, 8, 11)	A	A	7	None	False	['F', 'G#', 'B', 'D', 'F', 'G#', 'B', 'D', 'F', 'G#', 'B', 'D', 'F', 'G#', 'B', 'D', 'F', 'G#', 'B', 'D', 'F', 'G#', 'B', 'D', 'F', 'G#', 'B', 'D', 'F', 'G#', 'B', 'D', 'F', 'G#', 'B', 'D', 'F', 'G#', 'B', 'D', 'F', 'G#', 'B', 'D', 'F', 'G#', 'B', 'D', 'F', 'G#', 'B', 'D', 'F', 'G#', 'B', 'D', 'F', 'G#', 'B', 'D', 'F', 'G#', 'B', 'D', 'F', 'G#', 'B', 'D', 'F', 'G#', 'B', 'D', 'F', 'G#', 'B', 'D', 'F', 'G#', 'B', 'D', 'F', 'G#', 'B', 'D', 'F', 'G#', 'B', 'D', 'F', 'G#', 'B', 'D', 'F', 'G#', 'B', 'D']	0.0	0.0	0.0	0.0
66.5	3.0	23.0	['F5', 'G#5', 'B5', 'D6']	['A2', 'A4', 'M6']	[False, False, False, False]	23.0	3.0	33.0	viio7	False	('F', 'G#', 'B', 'D')	F	G#	3.0	diminished seventh chord	(2, 5, 8, 11)	A	A	7	None	False	['F', 'G#', 'B', 'D', 'F', 'G#', 'B', 'D', 'F', 'G#', 'B', 'D', 'F', 'G#', 'B', 'D', 'F', 'G#', 'B', 'D', 'F', 'G#', 'B', 'D', 'F', 'G#', 'B', 'D', 'F', 'G#', 'B', 'D', 'F', 'G#', 'B', 'D', 'F', 'G#', 'B', 'D', 'F', 'G#', 'B', 'D', 'F', 'G#', 'B', 'D', 'F', 'G#', 'B', 'D', 'F', 'G#', 'B', 'D', 'F', 'G#', 'B', 'D', 'F', 'G#', 'B', 'D', 'F', 'G#', 'B', 'D', 'F', 'G#', 'B', 'D', 'F', 'G#', 'B', 'D', 'F', 'G#', 'B', 'D', 'F', 'G#', 'B', 'D', 'F', 'G#', 'B', 'D', 'F', 'G#', 'B', 'D', 'F', 'G#', 'B', 'D']	0.0	0.0	0.0	0.0
66.625	3.0	23.0	['F5', 'G#5', 'B5', 'D6']	['A2', 'A4', 'M6']	[False, False, False, False]	23.0	3.0	33.0	viio7	False	('F', 'G#', 'B', 'D')	F	G#	3.0	diminished seventh chord	(2, 5, 8, 11)	A	A	7	None	False	['F', 'G#', 'B', 'D', 'F', 'G#', 'B', 'D', 'F', 'G#', 'B', 'D', 'F', 'G#', 'B', 'D', 'F', 'G#', 'B', 'D', 'F', 'G#', 'B', 'D', 'F', 'G#', 'B', 'D', 'F', 'G#', 'B', 'D', 'F', 'G#', 'B', 'D', 'F', 'G#', 'B', 'D', 'F', 'G#', 'B', 'D', 'F', 'G#', 'B', 'D', 'F', 'G#', 'B', 'D', 'F', 'G#', 'B', 'D', 'F', 'G#', 'B', 'D', 'F', 'G#', 'B', 'D', 'F', 'G#', 'B', 'D', 'F', 'G#', 'B', 'D', 'F', 'G#', 'B', 'D', 'F', 'G#', 'B', 'D', 'F', 'G#', 'B', 'D', 'F', 'G#', 'B', 'D', 'F', 'G#', 'B', 'D', 'F', 'G#', 'B', 'D']	0.0	0.0	0.0	0.0
66.75	3.0	23.0	['F5', 'G#5', 'B5', 'D6']	['A2', 'A4', 'M6']	[False, False, False, False]	23.0	3.0	33.0	viio7	False	('F', 'G#', 'B', 'D')	F	G#	3.0	diminished seventh chord	(2, 5, 8, 11)	A	A	7	None	False	['F', 'G#', 'B', 'D', 'F', 'G#', 'B', 'D', 'F', 'G#', 'B', 'D', 'F', 'G#', 'B', 'D', 'F', 'G#', 'B', 'D', 'F', 'G#', 'B', 'D', 'F', 'G#', 'B', 'D', 'F', 'G#', 'B', 'D', 'F', 'G#', 'B', 'D', 'F', 'G#', 'B', 'D', 'F', 'G#', 'B', 'D', 'F', 'G#', 'B', 'D', 'F', 'G#', 'B', 'D', 'F', 'G#', 'B', 'D', 'F', 'G#', 'B', 'D', 'F', 'G#', 'B', 'D', 'F', 'G#', 'B', 'D', 'F', 'G#', 'B', 'D', 'F', 'G#', 'B', 'D', 'F', 'G#', 'B', 'D', 'F', 'G#', 'B', 'D', 'F', 'G#', 'B', 'D', 'F', 'G#', 'B', 'D', 'F', 'G#', 'B', 'D']	0.0	0.0	0.0	0.0
66.875	3.0	23.0	['F5', 'G#5', 'B5', 'D6']	['A2', 'A4', 'M6']	[False, False, False, False]	23.0	3.0	33.0	viio7	False	('F', 'G#', 'B', 'D')	F	G#	3.0	diminished seventh chord	(2, 5, 8, 11)	A	A	7	None	False	['F', 'G#', 'B', 'D', 'F', 'G#', 'B', 'D', 'F', 'G#', 'B', 'D', 'F', 'G#', 'B', 'D', 'F', 'G#', 'B', 'D', 'F', 'G#', 'B', 'D', 'F', 'G#', 'B', 'D', 'F', 'G#', 'B', 'D', 'F', 'G#', 'B', 'D', 'F', 'G#', 'B', 'D', 'F', 'G#', 'B', 'D', 'F', 'G#', 'B', 'D', 'F', 'G#', 'B', 'D', 'F', 'G#', 'B', 'D', 'F', 'G#', 'B', 'D', 'F', 'G#', 'B', 'D', 'F', 'G#', 'B', 'D', 'F', 'G#', 'B', 'D', 'F', 'G#', 'B', 'D', 'F', 'G#', 'B', 'D', 'F', 'G#', 'B', 'D', 'F', 'G#', 'B', 'D', 'F', 'G#', 'B', 'D', 'F', 'G#', 'B', 'D']	0.0	0.0	0.0	0.0
67.0	3.0	23.0	['F5', 'G#5', 'B5', 'D6']	['A2', 'A4', 'M6']	[False, False, False, False]	23.0	3.0	33.0	viio7	False	('F', 'G#', 'B', 'D')	F	G#	3.0	diminished seventh chord	(2, 5, 8, 11)	A	A	7	None	False	['F', 'G#', 'B', 'D', 'F', 'G#', 'B', 'D', 'F', 'G#', 'B', 'D', 'F', 'G#', 'B', 'D', 'F', 'G#', 'B', 'D', 'F', 'G#', 'B', 'D', 'F', 'G#', 'B', 'D', 'F', 'G#', 'B', 'D', 'F', 'G#', 'B', 'D', 'F', 'G#', 'B', 'D', 'F', 'G#', 'B', 'D', 'F', 'G#', 'B', 'D', 'F', 'G#', 'B', 'D', 'F', 'G#', 'B', 'D', 'F', 'G#', 'B', 'D', 'F', 'G#', 'B', 'D', 'F', 'G#', 'B', 'D', 'F', 'G#', 'B', 'D', 'F', 'G#', 'B', 'D', 'F', 'G#', 'B', 'D', 'F', 'G#', 'B', 'D', 'F', 'G#', 'B', 'D', 'F', 'G#', 'B', 'D', 'F', 'G#', 'B', 'D']	0.0	0.0	0.0	0.0
67.125	3.0	23.0	['F5', 'G#5', 'B5', 'D6']	['A2', 'A4', 'M6']	[False, False, False, False]	23.0	3.0	33.0	viio7	False	('F', 'G#', 'B', 'D')	F	G#	3.0	diminished seventh chord	(2, 5, 8, 11)	A	A	7	None	False	['F', 'G#', 'B', 'D', 'F', 'G#', 'B', 'D', 'F', 'G#', 'B', 'D', 'F', 'G#', 'B', 'D', 'F', 'G#', 'B', 'D', 'F', 'G#', 'B', 'D', 'F', 'G#', 'B', 'D', 'F', 'G#', 'B', 'D', 'F', 'G#', 'B', 'D', 'F', 'G#', 'B', 'D', 'F', 'G#', 'B', 'D', 'F', 'G#', 'B', 'D', 'F', 'G#', 'B', 'D', 'F', 'G#', 'B', 'D', 'F', 'G#', 'B', 'D', 'F', 'G#', 'B', 'D', 'F', 'G#', 'B', 'D', 'F', 'G#', 'B', 'D', 'F', 'G#', 'B', 'D', 'F', 'G#', 'B', 'D', 'F', 'G#', 'B', 'D', 'F', 'G#', 'B', 'D', 'F', 'G#', 'B', 'D', 'F', 'G#', 'B', 'D']	0.0	0.0	0.0	0.0
67.25	3.0	23.0	['F5', 'G#5', 'B5', 'D6']	['A2', 'A4', 'M6']	[False, False, False, False]	23.0	3.0	33.0	viio7	False	('F', 'G#', 'B', 'D')	F	G#	3.0	diminished seventh chord	(2, 5, 8, 11)	A	A	7	None	False	['F', 'G#', 'B', 'D', 'F', 'G#', 'B', 'D', 'F', 'G#', 'B', 'D', 'F', 'G#', 'B', 'D', 'F', 'G#', 'B', 'D', 'F', 'G#', 'B', 'D', 'F', 'G#', 'B', 'D', 'F', 'G#', 'B', 'D', 'F', 'G#', 'B', 'D', 'F', 'G#', 'B', 'D', 'F', 'G#', 'B', 'D', 'F', 'G#', 'B', 'D', 'F', 'G#', 'B', 'D', 'F', 'G#', 'B', 'D', 'F', 'G#', 'B', 'D', 'F', 'G#', 'B', 'D', 'F', 'G#', 'B', 'D', 'F', 'G#', 'B', 'D', 'F', 'G#', 'B', 'D', 'F', 'G#', 'B', 'D', 'F', 'G#', 'B', 'D', 'F', 'G#', 'B', 'D', 'F', 'G#', 'B', 'D', 'F', 'G#', 'B', 'D']	0.0	0.0	0.0	0.0
67.375	3.0	23.0	['F5', 'G#5', 'B5', 'D6']	['A2', 'A4', 'M6']	[False, False, False, False]	23.0	3.0	33.0	viio7	False	('F', 'G#', 'B', 'D')	F	G#	3.0	diminished seventh chord	(2, 5, 8, 11)	A	A	7	None	False	['F', 'G#', 'B', 'D', 'F', 'G#', 'B', 'D', 'F', 'G#', 'B', 'D', 'F', 'G#', 'B', 'D', 'F', 'G#', 'B', 'D', 'F', 'G#', 'B', 'D', 'F', 'G#', 'B', 'D', 'F', 'G#', 'B', 'D', 'F', 'G#', 'B', 'D', 'F', 'G#', 'B', 'D', 'F', 'G#', 'B', 'D', 'F', 'G#', 'B', 'D', 'F', 'G#', 'B', 'D', 'F', 'G#', 'B', 'D', 'F', 'G#', 'B', 'D', 'F', 'G#', 'B', 'D', 'F', 'G#', 'B', 'D', 'F', 'G#', 'B', 'D', 'F', 'G#', 'B', 'D', 'F', 'G#', 'B', 'D', 'F', 'G#', 'B', 'D', 'F', 'G#', 'B', 'D', 'F', 'G#', 'B', 'D', 'F', 'G#', 'B', 'D']	0.0	0.0	0.0	0.0
67.5	3.0	23.0	['F5', 'G#5', 'B5', 'D6']	['A2', 'A4', 'M6']	[False, False, False, False]	23.0	3.0	33.0	viio7	False	('F', 'G#', 'B', 'D')	F	G#	3.0	diminished seventh chord	(2, 5, 8, 11)	A	A	7	None	False	['F', 'G#', 'B', 'D', 'F', 'G#', 'B', 'D', 'F', 'G#', 'B', 'D', 'F', 'G#', 'B', 'D', 'F', 'G#', 'B', 'D', 'F', 'G#', 'B', 'D', 'F', 'G#', 'B', 'D', 'F', 'G#', 'B', 'D', 'F', 'G#', 'B', 'D', 'F', 'G#', 'B', 'D', 'F', 'G#', 'B', 'D', 'F', 'G#', 'B', 'D', 'F', 'G#', 'B', 'D', 'F', 'G#', 'B', 'D', 'F', 'G#', 'B', 'D', 'F', 'G#', 'B', 'D', 'F', 'G#', 'B', 'D', 'F', 'G#', 'B', 'D', 'F', 'G#', 'B', 'D', 'F', 'G#', 'B', 'D', 'F', 'G#', 'B', 'D', 'F', 'G#', 'B', 'D', 'F', 'G#', 'B', 'D', 'F', 'G#', 'B', 'D']	0.0	0.0	0.0	0.0
67.625	3.0	23.0	['F5', 'G#5', 'B5', 'D6']	['A2', 'A4', 'M6']	[False, False, False, False]	23.0	3.0	33.0	viio7	False	('F', 'G#', 'B', 'D')	F	G#	3.0	diminished seventh chord	(2, 5, 8, 11)	A	A	7	None	False	['F', 'G#', 'B', 'D', 'F', 'G#', 'B', 'D', 'F', 'G#', 'B', 'D', 'F', 'G#', 'B', 'D', 'F', 'G#', 'B', 'D', 'F', 'G#', 'B', 'D', 'F', 'G#', 'B', 'D', 'F', 'G#', 'B', 'D', 'F', 'G#', 'B', 'D', 'F', 'G#', 'B', 'D', 'F', 'G#', 'B', 'D', 'F', 'G#', 'B', 'D', 'F', 'G#', 'B', 'D', 'F', 'G#', 'B', 'D', 'F', 'G#', 'B', 'D', 'F', 'G#', 'B', 'D', 'F', 'G#', 'B', 'D', 'F', 'G#', 'B', 'D', 'F', 'G#', 'B', 'D', 'F', 'G#', 'B', 'D', 'F', 'G#', 'B', 'D', 'F', 'G#', 'B', 'D', 'F', 'G#', 'B', 'D', 'F', 'G#', 'B', 'D']	0.0	0.0	0.0	0.0
67.75	3.0	23.0	['F5', 'G#5', 'B5', 'D6']	['A2', 'A4', 'M6']	[False, False, False, False]	23.0	3.0	33.0	viio7	False	('F', 'G#', 'B', 'D')	F	G#	3.0	diminished seventh chord	(2, 5, 8, 11)	A	A	7	None	False	['F', 'G#', 'B', 'D', 'F', 'G#', 'B', 'D', 'F', 'G#', 'B', 'D', 'F', 'G#', 'B', 'D', 'F', 'G#', 'B', 'D', 'F', 'G#', 'B', 'D', 'F', 'G#', 'B', 'D', 'F', 'G#', 'B', 'D', 'F', 'G#', 'B', 'D', 'F', 'G#', 'B', 'D', 'F', 'G#', 'B', 'D', 'F', 'G#', 'B', 'D', 'F', 'G#', 'B', 'D', 'F', 'G#', 'B', 'D', 'F', 'G#', 'B', 'D', 'F', 'G#', 'B', 'D', 'F', 'G#', 'B', 'D', 'F', 'G#', 'B', 'D', 'F', 'G#', 'B', 'D', 'F', 'G#', 'B', 'D', 'F', 'G#', 'B', 'D', 'F', 'G#', 'B', 'D', 'F', 'G#', 'B', 'D', 'F', 'G#', 'B', 'D']	0.0	0.0	0.0	0.0
67.875	3.0	23.0	['F5', 'G#5', 'B5', 'D6']	['A2', 'A4', 'M6']	[False, False, False, False]	23.0	3.0	33.0	viio7	False	('F', 'G#', 'B', 'D')	F	G#	3.0	diminished seventh chord	(2, 5, 8, 11)	A	A	7	None	False	['F', 'G#', 'B', 'D', 'F', 'G#', 'B', 'D', 'F', 'G#', 'B', 'D', 'F', 'G#', 'B', 'D', 'F', 'G#', 'B', 'D', 'F', 'G#', 'B', 'D', 'F', 'G#', 'B', 'D', 'F', 'G#', 'B', 'D', 'F', 'G#', 'B', 'D', 'F', 'G#', 'B', 'D', 'F', 'G#', 'B', 'D', 'F', 'G#', 'B', 'D', 'F', 'G#', 'B', 'D', 'F', 'G#', 'B', 'D', 'F', 'G#', 'B', 'D', 'F', 'G#', 'B', 'D', 'F', 'G#', 'B', 'D', 'F', 'G#', 'B', 'D', 'F', 'G#', 'B', 'D', 'F', 'G#', 'B', 'D', 'F', 'G#', 'B', 'D', 'F', 'G#', 'B', 'D', 'F', 'G#', 'B', 'D', 'F', 'G#', 'B', 'D']	0.0	0.0	0.0	0.0
68.0	3.0	23.0	['F5', 'G#5', 'B5', 'D6']	['A2', 'A4', 'M6']	[False, False, False, False]	23.0	3.0	33.0	viio7	False	('F', 'G#', 'B', 'D')	F	G#	3.0	diminished seventh chord	(2, 5, 8, 11)	A	A	7	None	False	['F', 'G#', 'B', 'D', 'F', 'G#', 'B', 'D', 'F', 'G#', 'B', 'D', 'F', 'G#', 'B', 'D', 'F', 'G#', 'B', 'D', 'F', 'G#', 'B', 'D', 'F', 'G#', 'B', 'D', 'F', 'G#', 'B', 'D', 'F', 'G#', 'B', 'D', 'F', 'G#', 'B', 'D', 'F', 'G#', 'B', 'D', 'F', 'G#', 'B', 'D', 'F', 'G#', 'B', 'D', 'F', 'G#', 'B', 'D', 'F', 'G#', 'B', 'D', 'F', 'G#', 'B', 'D', 'F', 'G#', 'B', 'D', 'F', 'G#', 'B', 'D', 'F', 'G#', 'B', 'D', 'F', 'G#', 'B', 'D', 'F', 'G#', 'B', 'D', 'F', 'G#', 'B', 'D', 'F', 'G#', 'B', 'D', 'F', 'G#', 'B', 'D']	0.0	0.0	0.0	0.0
68.125	3.0	23.0	['F5', 'G#5', 'B5', 'D6']	['A2', 'A4', 'M6']	[False, False, False, False]	23.0	3.0	33.0	viio7	False	('F', 'G#', 'B', 'D')	F	G#	3.0	diminished seventh chord	(2, 5, 8, 11)	A	A	7	None	False	['F', 'G#', 'B', 'D', 'F', 'G#', 'B', 'D', 'F', 'G#', 'B', 'D', 'F', 'G#', 'B', 'D', 'F', 'G#', 'B', 'D', 'F', 'G#', 'B', 'D', 'F', 'G#', 'B', 'D', 'F', 'G#', 'B', 'D', 'F', 'G#', 'B', 'D', 'F', 'G#', 'B', 'D', 'F', 'G#', 'B', 'D', 'F', 'G#', 'B', 'D', 'F', 'G#', 'B', 'D', 'F', 'G#', 'B', 'D', 'F', 'G#', 'B', 'D', 'F', 'G#', 'B', 'D', 'F', 'G#', 'B', 'D', 'F', 'G#', 'B', 'D', 'F', 'G#', 'B', 'D', 'F', 'G#', 'B', 'D', 'F', 'G#', 'B', 'D', 'F', 'G#', 'B', 'D', 'F', 'G#', 'B', 'D', 'F', 'G#', 'B', 'D']	0.0	0.0	0.0	0.0
68.25	3.0	23.0	['F5', 'G#5', 'B5', 'D6']	['A2', 'A4', 'M6']	[False, False, False, False]	23.0	3.0	33.0	viio7	False	('F', 'G#', 'B', 'D')	F	G#	3.0	diminished seventh chord	(2, 5, 8, 11)	A	A	7	None	False	['F', 'G#', 'B', 'D', 'F', 'G#', 'B', 'D', 'F', 'G#', 'B', 'D', 'F', 'G#', 'B', 'D', 'F', 'G#', 'B', 'D', 'F', 'G#', 'B', 'D', 'F', 'G#', 'B', 'D', 'F', 'G#', 'B', 'D', 'F', 'G#', 'B', 'D', 'F', 'G#', 'B', 'D', 'F', 'G#', 'B', 'D', 'F', 'G#', 'B', 'D', 'F', 'G#', 'B', 'D', 'F', 'G#', 'B', 'D', 'F', 'G#', 'B', 'D', 'F', 'G#', 'B', 'D', 'F', 'G#', 'B', 'D', 'F', 'G#', 'B', 'D', 'F', 'G#', 'B', 'D', 'F', 'G#', 'B', 'D', 'F', 'G#', 'B', 'D', 'F', 'G#', 'B', 'D', 'F', 'G#', 'B', 'D', 'F', 'G#', 'B', 'D']	0.0	0.0	0.0	0.0
68.375	3.0	23.0	['F5', 'G#5', 'B5', 'D6']	['A2', 'A4', 'M6']	[False, False, False, False]	23.0	3.0	33.0	viio7	False	('F', 'G#', 'B', 'D')	F	G#	3.0	diminished seventh chord	(2, 5, 8, 11)	A	A	7	None	False	['F', 'G#', 'B', 'D', 'F', 'G#', 'B', 'D', 'F', 'G#', 'B', 'D', 'F', 'G#', 'B', 'D', 'F', 'G#', 'B', 'D', 'F', 'G#', 'B', 'D', 'F', 'G#', 'B', 'D', 'F', 'G#', 'B', 'D', 'F', 'G#', 'B', 'D', 'F', 'G#', 'B', 'D', 'F', 'G#', 'B', 'D', 'F', 'G#', 'B', 'D', 'F', 'G#', 'B', 'D', 'F', 'G#', 'B', 'D', 'F', 'G#', 'B', 'D', 'F', 'G#', 'B', 'D', 'F', 'G#', 'B', 'D', 'F', 'G#', 'B', 'D', 'F', 'G#', 'B', 'D', 'F', 'G#', 'B', 'D', 'F', 'G#', 'B', 'D', 'F', 'G#', 'B', 'D', 'F', 'G#', 'B', 'D', 'F', 'G#', 'B', 'D']	0.0	0.0	0.0	0.0
68.5	3.0	23.0	['F5', 'G#5', 'B5', 'D6']	['A2', 'A4', 'M6']	[False, False, False, False]	23.0	3.0	33.0	viio7	False	('F', 'G#', 'B', 'D')	F	G#	3.0	diminished seventh chord	(2, 5, 8, 11)	A	A	7	None	False	['F', 'G#', 'B', 'D', 'F', 'G#', 'B', 'D', 'F', 'G#', 'B', 'D', 'F', 'G#', 'B', 'D', 'F', 'G#', 'B', 'D', 'F', 'G#', 'B', 'D', 'F', 'G#', 'B', 'D', 'F', 'G#', 'B', 'D', 'F', 'G#', 'B', 'D', 'F', 'G#', 'B', 'D', 'F', 'G#', 'B', 'D', 'F', 'G#', 'B', 'D', 'F', 'G#', 'B', 'D', 'F', 'G#', 'B', 'D', 'F', 'G#', 'B', 'D', 'F', 'G#', 'B', 'D', 'F', 'G#', 'B', 'D', 'F', 'G#', 'B', 'D', 'F', 'G#', 'B', 'D', 'F', 'G#', 'B', 'D', 'F', 'G#', 'B', 'D', 'F', 'G#', 'B', 'D', 'F', 'G#', 'B', 'D', 'F', 'G#', 'B', 'D']	0.0	0.0	0.0	0.0
68.625	3.0	23.0	['F5', 'G#5', 'B5', 'D6']	['A2', 'A4', 'M6']	[False, False, False, False]	23.0	3.0	33.0	viio7	False	('F', 'G#', 'B', 'D')	F	G#	3.0	diminished seventh chord	(2, 5, 8, 11)	A	A	7	None	False	['F', 'G#', 'B', 'D', 'F', 'G#', 'B', 'D', 'F', 'G#', 'B', 'D', 'F', 'G#', 'B', 'D', 'F', 'G#', 'B', 'D', 'F', 'G#', 'B', 'D', 'F', 'G#', 'B', 'D', 'F', 'G#', 'B', 'D', 'F', 'G#', 'B', 'D', 'F', 'G#', 'B', 'D', 'F', 'G#', 'B', 'D', 'F', 'G#', 'B', 'D', 'F', 'G#', 'B', 'D', 'F', 'G#', 'B', 'D', 'F', 'G#', 'B', 'D', 'F', 'G#', 'B', 'D', 'F', 'G#', 'B', 'D', 'F', 'G#', 'B', 'D', 'F', 'G#', 'B', 'D', 'F', 'G#', 'B', 'D', 'F', 'G#', 'B', 'D', 'F', 'G#', 'B', 'D', 'F', 'G#', 'B', 'D', 'F', 'G#', 'B', 'D']	0.0	0.0	0.0	0.0
68.75	3.0	23.0	['F5', 'G#5', 'B5', 'D6']	['A2', 'A4', 'M6']	[False, False, False, False]	23.0	3.0	33.0	viio7	False	('F', 'G#', 'B', 'D')	F	G#	3.0	diminished seventh chord	(2, 5, 8, 11)	A	A	7	None	False	['F', 'G#', 'B', 'D', 'F', 'G#', 'B', 'D', 'F', 'G#', 'B', 'D', 'F', 'G#', 'B', 'D', 'F', 'G#', 'B', 'D', 'F', 'G#', 'B', 'D', 'F', 'G#', 'B', 'D', 'F', 'G#', 'B', 'D', 'F', 'G#', 'B', 'D', 'F', 'G#', 'B', 'D', 'F', 'G#', 'B', 'D', 'F', 'G#', 'B', 'D', 'F', 'G#', 'B', 'D', 'F', 'G#', 'B', 'D', 'F', 'G#', 'B', 'D', 'F', 'G#', 'B', 'D', 'F', 'G#', 'B', 'D', 'F', 'G#', 'B', 'D', 'F', 'G#', 'B', 'D', 'F', 'G#', 'B', 'D', 'F', 'G#', 'B', 'D', 'F', 'G#', 'B', 'D', 'F', 'G#', 'B', 'D', 'F', 'G#', 'B', 'D']	0.0	0.0	0.0	0.0
68.875	3.0	23.0	['F5', 'G#5', 'B5', 'D6']	['A2', 'A4', 'M6']	[False, False, False, False]	23.0	3.0	33.0	viio7	False	('F', 'G#', 'B', 'D')	F	G#	3.0	diminished seventh chord	(2, 5, 8, 11)	A	A	7	None	False	['F', 'G#', 'B', 'D', 'F', 'G#', 'B', 'D', 'F', 'G#', 'B', 'D', 'F', 'G#', 'B', 'D', 'F', 'G#', 'B', 'D', 'F', 'G#', 'B', 'D', 'F', 'G#', 'B', 'D', 'F', 'G#', 'B', 'D', 'F', 'G#', 'B', 'D', 'F', 'G#', 'B', 'D', 'F', 'G#', 'B', 'D', 'F', 'G#', 'B', 'D', 'F', 'G#', 'B', 'D', 'F', 'G#', 'B', 'D', 'F', 'G#', 'B', 'D', 'F', 'G#', 'B', 'D', 'F', 'G#', 'B', 'D', 'F', 'G#', 'B', 'D', 'F', 'G#', 'B', 'D', 'F', 'G#', 'B', 'D', 'F', 'G#', 'B', 'D', 'F', 'G#', 'B', 'D', 'F', 'G#', 'B', 'D', 'F', 'G#', 'B', 'D']	0.0	0.0	0.0	0.0
69.0	3.0	24.0	['E5', 'G#5', 'B5', 'D6']	['M3', 'P5', 'm7']	[True, True, True, True]	24.0	3.0	34.0	V7	True	('E', 'G#', 'B', 'D')	E	E	0.0	dominant seventh chord	(2, 4, 8, 11)	A	A	5	None	False	['E', 'G#', 'B', 'D', 'E', 'G#', 'B', 'D', 'E', 'G#', 'B', 'D', 'E', 'G#', 'B', 'D', 'E', 'G#', 'B', 'D', 'E', 'G#', 'B', 'D', 'E', 'G#', 'B', 'D', 'E', 'G#', 'B', 'D', 'E', 'G#', 'B', 'D', 'E', 'G#', 'B', 'D', 'E', 'G#', 'B', 'D', 'E', 'G#', 'B', 'D', 'E', 'G#', 'B', 'D', 'E', 'G#', 'B', 'D', 'E', 'G#', 'B', 'D', 'E', 'G#', 'B', 'D', 'E', 'G#', 'B', 'D', 'E', 'G#', 'B', 'D', 'E', 'G#', 'B', 'D', 'E', 'G#', 'B', 'D', 'E', 'G#', 'B', 'D', 'E', 'G#', 'B', 'D', 'E', 'G#', 'B', 'D', 'E', 'G#', 'B', 'D']	0.0	0.0	0.0	0.0
69.125	3.0	24.0	['E5', 'G#5', 'B5', 'D6']	['M3', 'P5', 'm7']	[False, False, False, False]	24.0	3.0	34.0	V7	False	('E', 'G#', 'B', 'D')	E	E	0.0	dominant seventh chord	(2, 4, 8, 11)	A	A	5	None	False	['E', 'G#', 'B', 'D', 'E', 'G#', 'B', 'D', 'E', 'G#', 'B', 'D', 'E', 'G#', 'B', 'D', 'E', 'G#', 'B', 'D', 'E', 'G#', 'B', 'D', 'E', 'G#', 'B', 'D', 'E', 'G#', 'B', 'D', 'E', 'G#', 'B', 'D', 'E', 'G#', 'B', 'D', 'E', 'G#', 'B', 'D', 'E', 'G#', 'B', 'D', 'E', 'G#', 'B', 'D', 'E', 'G#', 'B', 'D', 'E', 'G#', 'B', 'D', 'E', 'G#', 'B', 'D', 'E', 'G#', 'B', 'D', 'E', 'G#', 'B', 'D', 'E', 'G#', 'B', 'D', 'E', 'G#', 'B', 'D', 'E', 'G#', 'B', 'D', 'E', 'G#', 'B', 'D', 'E', 'G#', 'B', 'D', 'E', 'G#', 'B', 'D']	0.0	0.0	0.0	0.0
69.25	3.0	24.0	['E5', 'G#5', 'B5', 'D6']	['M3', 'P5', 'm7']	[False, False, False, False]	24.0	3.0	34.0	V7	False	('E', 'G#', 'B', 'D')	E	E	0.0	dominant seventh chord	(2, 4, 8, 11)	A	A	5	None	False	['E', 'G#', 'B', 'D', 'E', 'G#', 'B', 'D', 'E', 'G#', 'B', 'D', 'E', 'G#', 'B', 'D', 'E', 'G#', 'B', 'D', 'E', 'G#', 'B', 'D', 'E', 'G#', 'B', 'D', 'E', 'G#', 'B', 'D', 'E', 'G#', 'B', 'D', 'E', 'G#', 'B', 'D', 'E', 'G#', 'B', 'D', 'E', 'G#', 'B', 'D', 'E', 'G#', 'B', 'D', 'E', 'G#', 'B', 'D', 'E', 'G#', 'B', 'D', 'E', 'G#', 'B', 'D', 'E', 'G#', 'B', 'D', 'E', 'G#', 'B', 'D', 'E', 'G#', 'B', 'D', 'E', 'G#', 'B', 'D', 'E', 'G#', 'B', 'D', 'E', 'G#', 'B', 'D', 'E', 'G#', 'B', 'D', 'E', 'G#', 'B', 'D']	0.0	0.0	0.0	0.0
69.375	3.0	24.0	['E5', 'G#5', 'B5', 'D6']	['M3', 'P5', 'm7']	[False, False, False, False]	24.0	3.0	34.0	V7	False	('E', 'G#', 'B', 'D')	E	E	0.0	dominant seventh chord	(2, 4, 8, 11)	A	A	5	None	False	['E', 'G#', 'B', 'D', 'E', 'G#', 'B', 'D', 'E', 'G#', 'B', 'D', 'E', 'G#', 'B', 'D', 'E', 'G#', 'B', 'D', 'E', 'G#', 'B', 'D', 'E', 'G#', 'B', 'D', 'E', 'G#', 'B', 'D', 'E', 'G#', 'B', 'D', 'E', 'G#', 'B', 'D', 'E', 'G#', 'B', 'D', 'E', 'G#', 'B', 'D', 'E', 'G#', 'B', 'D', 'E', 'G#', 'B', 'D', 'E', 'G#', 'B', 'D', 'E', 'G#', 'B', 'D', 'E', 'G#', 'B', 'D', 'E', 'G#', 'B', 'D', 'E', 'G#', 'B', 'D', 'E', 'G#', 'B', 'D', 'E', 'G#', 'B', 'D', 'E', 'G#', 'B', 'D', 'E', 'G#', 'B', 'D', 'E', 'G#', 'B', 'D']	0.0	0.0	0.0	0.0
69.5	3.0	24.0	['E5', 'G#5', 'B5', 'D6']	['M3', 'P5', 'm7']	[False, False, False, False]	24.0	3.0	34.0	V7	False	('E', 'G#', 'B', 'D')	E	E	0.0	dominant seventh chord	(2, 4, 8, 11)	A	A	5	None	False	['E', 'G#', 'B', 'D', 'E', 'G#', 'B', 'D', 'E', 'G#', 'B', 'D', 'E', 'G#', 'B', 'D', 'E', 'G#', 'B', 'D', 'E', 'G#', 'B', 'D', 'E', 'G#', 'B', 'D', 'E', 'G#', 'B', 'D', 'E', 'G#', 'B', 'D', 'E', 'G#', 'B', 'D', 'E', 'G#', 'B', 'D', 'E', 'G#', 'B', 'D', 'E', 'G#', 'B', 'D', 'E', 'G#', 'B', 'D', 'E', 'G#', 'B', 'D', 'E', 'G#', 'B', 'D', 'E', 'G#', 'B', 'D', 'E', 'G#', 'B', 'D', 'E', 'G#', 'B', 'D', 'E', 'G#', 'B', 'D', 'E', 'G#', 'B', 'D', 'E', 'G#', 'B', 'D', 'E', 'G#', 'B', 'D', 'E', 'G#', 'B', 'D']	0.0	0.0	0.0	0.0
69.625	3.0	24.0	['E5', 'G#5', 'B5', 'D6']	['M3', 'P5', 'm7']	[False, False, False, False]	24.0	3.0	34.0	V7	False	('E', 'G#', 'B', 'D')	E	E	0.0	dominant seventh chord	(2, 4, 8, 11)	A	A	5	None	False	['E', 'G#', 'B', 'D', 'E', 'G#', 'B', 'D', 'E', 'G#', 'B', 'D', 'E', 'G#', 'B', 'D', 'E', 'G#', 'B', 'D', 'E', 'G#', 'B', 'D', 'E', 'G#', 'B', 'D', 'E', 'G#', 'B', 'D', 'E', 'G#', 'B', 'D', 'E', 'G#', 'B', 'D', 'E', 'G#', 'B', 'D', 'E', 'G#', 'B', 'D', 'E', 'G#', 'B', 'D', 'E', 'G#', 'B', 'D', 'E', 'G#', 'B', 'D', 'E', 'G#', 'B', 'D', 'E', 'G#', 'B', 'D', 'E', 'G#', 'B', 'D', 'E', 'G#', 'B', 'D', 'E', 'G#', 'B', 'D', 'E', 'G#', 'B', 'D', 'E', 'G#', 'B', 'D', 'E', 'G#', 'B', 'D', 'E', 'G#', 'B', 'D']	0.0	0.0	0.0	0.0
69.75	3.0	24.0	['E5', 'G#5', 'B5', 'D6']	['M3', 'P5', 'm7']	[False, False, False, False]	24.0	3.0	34.0	V7	False	('E', 'G#', 'B', 'D')	E	E	0.0	dominant seventh chord	(2, 4, 8, 11)	A	A	5	None	False	['E', 'G#', 'B', 'D', 'E', 'G#', 'B', 'D', 'E', 'G#', 'B', 'D', 'E', 'G#', 'B', 'D', 'E', 'G#', 'B', 'D', 'E', 'G#', 'B', 'D', 'E', 'G#', 'B', 'D', 'E', 'G#', 'B', 'D', 'E', 'G#', 'B', 'D', 'E', 'G#', 'B', 'D', 'E', 'G#', 'B', 'D', 'E', 'G#', 'B', 'D', 'E', 'G#', 'B', 'D', 'E', 'G#', 'B', 'D', 'E', 'G#', 'B', 'D', 'E', 'G#', 'B', 'D', 'E', 'G#', 'B', 'D', 'E', 'G#', 'B', 'D', 'E', 'G#', 'B', 'D', 'E', 'G#', 'B', 'D', 'E', 'G#', 'B', 'D', 'E', 'G#', 'B', 'D', 'E', 'G#', 'B', 'D', 'E', 'G#', 'B', 'D']	0.0	0.0	0.0	0.0
69.875	3.0	24.0	['E5', 'G#5', 'B5', 'D6']	['M3', 'P5', 'm7']	[False, False, False, False]	24.0	3.0	34.0	V7	False	('E', 'G#', 'B', 'D')	E	E	0.0	dominant seventh chord	(2, 4, 8, 11)	A	A	5	None	False	['E', 'G#', 'B', 'D', 'E', 'G#', 'B', 'D', 'E', 'G#', 'B', 'D', 'E', 'G#', 'B', 'D', 'E', 'G#', 'B', 'D', 'E', 'G#', 'B', 'D', 'E', 'G#', 'B', 'D', 'E', 'G#', 'B', 'D', 'E', 'G#', 'B', 'D', 'E', 'G#', 'B', 'D', 'E', 'G#', 'B', 'D', 'E', 'G#', 'B', 'D', 'E', 'G#', 'B', 'D', 'E', 'G#', 'B', 'D', 'E', 'G#', 'B', 'D', 'E', 'G#', 'B', 'D', 'E', 'G#', 'B', 'D', 'E', 'G#', 'B', 'D', 'E', 'G#', 'B', 'D', 'E', 'G#', 'B', 'D', 'E', 'G#', 'B', 'D', 'E', 'G#', 'B', 'D', 'E', 'G#', 'B', 'D', 'E', 'G#', 'B', 'D']	0.0	0.0	0.0	0.0
70.0	3.0	24.0	['E5', 'G#5', 'B5', 'D6']	['M3', 'P5', 'm7']	[False, False, False, False]	24.0	3.0	34.0	V7	False	('E', 'G#', 'B', 'D')	E	E	0.0	dominant seventh chord	(2, 4, 8, 11)	A	A	5	None	False	['E', 'G#', 'B', 'D', 'E', 'G#', 'B', 'D', 'E', 'G#', 'B', 'D', 'E', 'G#', 'B', 'D', 'E', 'G#', 'B', 'D', 'E', 'G#', 'B', 'D', 'E', 'G#', 'B', 'D', 'E', 'G#', 'B', 'D', 'E', 'G#', 'B', 'D', 'E', 'G#', 'B', 'D', 'E', 'G#', 'B', 'D', 'E', 'G#', 'B', 'D', 'E', 'G#', 'B', 'D', 'E', 'G#', 'B', 'D', 'E', 'G#', 'B', 'D', 'E', 'G#', 'B', 'D', 'E', 'G#', 'B', 'D', 'E', 'G#', 'B', 'D', 'E', 'G#', 'B', 'D', 'E', 'G#', 'B', 'D', 'E', 'G#', 'B', 'D', 'E', 'G#', 'B', 'D', 'E', 'G#', 'B', 'D', 'E', 'G#', 'B', 'D']	0.0	0.0	0.0	0.0
70.125	3.0	24.0	['E5', 'G#5', 'B5', 'D6']	['M3', 'P5', 'm7']	[False, False, False, False]	24.0	3.0	34.0	V7	False	('E', 'G#', 'B', 'D')	E	E	0.0	dominant seventh chord	(2, 4, 8, 11)	A	A	5	None	False	['E', 'G#', 'B', 'D', 'E', 'G#', 'B', 'D', 'E', 'G#', 'B', 'D', 'E', 'G#', 'B', 'D', 'E', 'G#', 'B', 'D', 'E', 'G#', 'B', 'D', 'E', 'G#', 'B', 'D', 'E', 'G#', 'B', 'D', 'E', 'G#', 'B', 'D', 'E', 'G#', 'B', 'D', 'E', 'G#', 'B', 'D', 'E', 'G#', 'B', 'D', 'E', 'G#', 'B', 'D', 'E', 'G#', 'B', 'D', 'E', 'G#', 'B', 'D', 'E', 'G#', 'B', 'D', 'E', 'G#', 'B', 'D', 'E', 'G#', 'B', 'D', 'E', 'G#', 'B', 'D', 'E', 'G#', 'B', 'D', 'E', 'G#', 'B', 'D', 'E', 'G#', 'B', 'D', 'E', 'G#', 'B', 'D', 'E', 'G#', 'B', 'D']	0.0	0.0	0.0	0.0
70.25	3.0	24.0	['E5', 'G#5', 'B5', 'D6']	['M3', 'P5', 'm7']	[False, False, False, False]	24.0	3.0	34.0	V7	False	('E', 'G#', 'B', 'D')	E	E	0.0	dominant seventh chord	(2, 4, 8, 11)	A	A	5	None	False	['E', 'G#', 'B', 'D', 'E', 'G#', 'B', 'D', 'E', 'G#', 'B', 'D', 'E', 'G#', 'B', 'D', 'E', 'G#', 'B', 'D', 'E', 'G#', 'B', 'D', 'E', 'G#', 'B', 'D', 'E', 'G#', 'B', 'D', 'E', 'G#', 'B', 'D', 'E', 'G#', 'B', 'D', 'E', 'G#', 'B', 'D', 'E', 'G#', 'B', 'D', 'E', 'G#', 'B', 'D', 'E', 'G#', 'B', 'D', 'E', 'G#', 'B', 'D', 'E', 'G#', 'B', 'D', 'E', 'G#', 'B', 'D', 'E', 'G#', 'B', 'D', 'E', 'G#', 'B', 'D', 'E', 'G#', 'B', 'D', 'E', 'G#', 'B', 'D', 'E', 'G#', 'B', 'D', 'E', 'G#', 'B', 'D', 'E', 'G#', 'B', 'D']	0.0	0.0	0.0	0.0
70.375	3.0	24.0	['E5', 'G#5', 'B5', 'D6']	['M3', 'P5', 'm7']	[False, False, False, False]	24.0	3.0	34.0	V7	False	('E', 'G#', 'B', 'D')	E	E	0.0	dominant seventh chord	(2, 4, 8, 11)	A	A	5	None	False	['E', 'G#', 'B', 'D', 'E', 'G#', 'B', 'D', 'E', 'G#', 'B', 'D', 'E', 'G#', 'B', 'D', 'E', 'G#', 'B', 'D', 'E', 'G#', 'B', 'D', 'E', 'G#', 'B', 'D', 'E', 'G#', 'B', 'D', 'E', 'G#', 'B', 'D', 'E', 'G#', 'B', 'D', 'E', 'G#', 'B', 'D', 'E', 'G#', 'B', 'D', 'E', 'G#', 'B', 'D', 'E', 'G#', 'B', 'D', 'E', 'G#', 'B', 'D', 'E', 'G#', 'B', 'D', 'E', 'G#', 'B', 'D', 'E', 'G#', 'B', 'D', 'E', 'G#', 'B', 'D', 'E', 'G#', 'B', 'D', 'E', 'G#', 'B', 'D', 'E', 'G#', 'B', 'D', 'E', 'G#', 'B', 'D', 'E', 'G#', 'B', 'D']	0.0	0.0	0.0	0.0
70.5	3.0	24.0	['E5', 'G#5', 'B5', 'D6']	['M3', 'P5', 'm7']	[False, False, False, False]	24.0	3.0	34.0	V7	False	('E', 'G#', 'B', 'D')	E	E	0.0	dominant seventh chord	(2, 4, 8, 11)	A	A	5	None	False	['E', 'G#', 'B', 'D', 'E', 'G#', 'B', 'D', 'E', 'G#', 'B', 'D', 'E', 'G#', 'B', 'D', 'E', 'G#', 'B', 'D', 'E', 'G#', 'B', 'D', 'E', 'G#', 'B', 'D', 'E', 'G#', 'B', 'D', 'E', 'G#', 'B', 'D', 'E', 'G#', 'B', 'D', 'E', 'G#', 'B', 'D', 'E', 'G#', 'B', 'D', 'E', 'G#', 'B', 'D', 'E', 'G#', 'B', 'D', 'E', 'G#', 'B', 'D', 'E', 'G#', 'B', 'D', 'E', 'G#', 'B', 'D', 'E', 'G#', 'B', 'D', 'E', 'G#', 'B', 'D', 'E', 'G#', 'B', 'D', 'E', 'G#', 'B', 'D', 'E', 'G#', 'B', 'D', 'E', 'G#', 'B', 'D', 'E', 'G#', 'B', 'D']	0.0	0.0	0.0	0.0
70.625	3.0	24.0	['E5', 'G#5', 'B5', 'D6']	['M3', 'P5', 'm7']	[False, False, False, False]	24.0	3.0	34.0	V7	False	('E', 'G#', 'B', 'D')	E	E	0.0	dominant seventh chord	(2, 4, 8, 11)	A	A	5	None	False	['E', 'G#', 'B', 'D', 'E', 'G#', 'B', 'D', 'E', 'G#', 'B', 'D', 'E', 'G#', 'B', 'D', 'E', 'G#', 'B', 'D', 'E', 'G#', 'B', 'D', 'E', 'G#', 'B', 'D', 'E', 'G#', 'B', 'D', 'E', 'G#', 'B', 'D', 'E', 'G#', 'B', 'D', 'E', 'G#', 'B', 'D', 'E', 'G#', 'B', 'D', 'E', 'G#', 'B', 'D', 'E', 'G#', 'B', 'D', 'E', 'G#', 'B', 'D', 'E', 'G#', 'B', 'D', 'E', 'G#', 'B', 'D', 'E', 'G#', 'B', 'D', 'E', 'G#', 'B', 'D', 'E', 'G#', 'B', 'D', 'E', 'G#', 'B', 'D', 'E', 'G#', 'B', 'D', 'E', 'G#', 'B', 'D', 'E', 'G#', 'B', 'D']	0.0	0.0	0.0	0.0
70.75	3.0	24.0	['E5', 'G#5', 'B5', 'D6']	['M3', 'P5', 'm7']	[False, False, False, False]	24.0	3.0	34.0	V7	False	('E', 'G#', 'B', 'D')	E	E	0.0	dominant seventh chord	(2, 4, 8, 11)	A	A	5	None	False	['E', 'G#', 'B', 'D', 'E', 'G#', 'B', 'D', 'E', 'G#', 'B', 'D', 'E', 'G#', 'B', 'D', 'E', 'G#', 'B', 'D', 'E', 'G#', 'B', 'D', 'E', 'G#', 'B', 'D', 'E', 'G#', 'B', 'D', 'E', 'G#', 'B', 'D', 'E', 'G#', 'B', 'D', 'E', 'G#', 'B', 'D', 'E', 'G#', 'B', 'D', 'E', 'G#', 'B', 'D', 'E', 'G#', 'B', 'D', 'E', 'G#', 'B', 'D', 'E', 'G#', 'B', 'D', 'E', 'G#', 'B', 'D', 'E', 'G#', 'B', 'D', 'E', 'G#', 'B', 'D', 'E', 'G#', 'B', 'D', 'E', 'G#', 'B', 'D', 'E', 'G#', 'B', 'D', 'E', 'G#', 'B', 'D', 'E', 'G#', 'B', 'D']	0.0	0.0	0.0	0.0
70.875	3.0	24.0	['E5', 'G#5', 'B5', 'D6']	['M3', 'P5', 'm7']	[False, False, False, False]	24.0	3.0	34.0	V7	False	('E', 'G#', 'B', 'D')	E	E	0.0	dominant seventh chord	(2, 4, 8, 11)	A	A	5	None	False	['E', 'G#', 'B', 'D', 'E', 'G#', 'B', 'D', 'E', 'G#', 'B', 'D', 'E', 'G#', 'B', 'D', 'E', 'G#', 'B', 'D', 'E', 'G#', 'B', 'D', 'E', 'G#', 'B', 'D', 'E', 'G#', 'B', 'D', 'E', 'G#', 'B', 'D', 'E', 'G#', 'B', 'D', 'E', 'G#', 'B', 'D', 'E', 'G#', 'B', 'D', 'E', 'G#', 'B', 'D', 'E', 'G#', 'B', 'D', 'E', 'G#', 'B', 'D', 'E', 'G#', 'B', 'D', 'E', 'G#', 'B', 'D', 'E', 'G#', 'B', 'D', 'E', 'G#', 'B', 'D', 'E', 'G#', 'B', 'D', 'E', 'G#', 'B', 'D', 'E', 'G#', 'B', 'D', 'E', 'G#', 'B', 'D', 'E', 'G#', 'B', 'D']	0.0	0.0	0.0	0.0
71.0	3.0	24.0	['E5', 'G#5', 'B5', 'D6']	['M3', 'P5', 'm7']	[False, False, False, False]	24.0	3.0	34.0	V7	False	('E', 'G#', 'B', 'D')	E	E	0.0	dominant seventh chord	(2, 4, 8, 11)	A	A	5	None	False	['E', 'G#', 'B', 'D', 'E', 'G#', 'B', 'D', 'E', 'G#', 'B', 'D', 'E', 'G#', 'B', 'D', 'E', 'G#', 'B', 'D', 'E', 'G#', 'B', 'D', 'E', 'G#', 'B', 'D', 'E', 'G#', 'B', 'D', 'E', 'G#', 'B', 'D', 'E', 'G#', 'B', 'D', 'E', 'G#', 'B', 'D', 'E', 'G#', 'B', 'D', 'E', 'G#', 'B', 'D', 'E', 'G#', 'B', 'D', 'E', 'G#', 'B', 'D', 'E', 'G#', 'B', 'D', 'E', 'G#', 'B', 'D', 'E', 'G#', 'B', 'D', 'E', 'G#', 'B', 'D', 'E', 'G#', 'B', 'D', 'E', 'G#', 'B', 'D', 'E', 'G#', 'B', 'D', 'E', 'G#', 'B', 'D', 'E', 'G#', 'B', 'D']	0.0	0.0	0.0	0.0
71.125	3.0	24.0	['E5', 'G#5', 'B5', 'D6']	['M3', 'P5', 'm7']	[False, False, False, False]	24.0	3.0	34.0	V7	False	('E', 'G#', 'B', 'D')	E	E	0.0	dominant seventh chord	(2, 4, 8, 11)	A	A	5	None	False	['E', 'G#', 'B', 'D', 'E', 'G#', 'B', 'D', 'E', 'G#', 'B', 'D', 'E', 'G#', 'B', 'D', 'E', 'G#', 'B', 'D', 'E', 'G#', 'B', 'D', 'E', 'G#', 'B', 'D', 'E', 'G#', 'B', 'D', 'E', 'G#', 'B', 'D', 'E', 'G#', 'B', 'D', 'E', 'G#', 'B', 'D', 'E', 'G#', 'B', 'D', 'E', 'G#', 'B', 'D', 'E', 'G#', 'B', 'D', 'E', 'G#', 'B', 'D', 'E', 'G#', 'B', 'D', 'E', 'G#', 'B', 'D', 'E', 'G#', 'B', 'D', 'E', 'G#', 'B', 'D', 'E', 'G#', 'B', 'D', 'E', 'G#', 'B', 'D', 'E', 'G#', 'B', 'D', 'E', 'G#', 'B', 'D', 'E', 'G#', 'B', 'D']	0.0	0.0	0.0	0.0
71.25	3.0	24.0	['E5', 'G#5', 'B5', 'D6']	['M3', 'P5', 'm7']	[False, False, False, False]	24.0	3.0	34.0	V7	False	('E', 'G#', 'B', 'D')	E	E	0.0	dominant seventh chord	(2, 4, 8, 11)	A	A	5	None	False	['E', 'G#', 'B', 'D', 'E', 'G#', 'B', 'D', 'E', 'G#', 'B', 'D', 'E', 'G#', 'B', 'D', 'E', 'G#', 'B', 'D', 'E', 'G#', 'B', 'D', 'E', 'G#', 'B', 'D', 'E', 'G#', 'B', 'D', 'E', 'G#', 'B', 'D', 'E', 'G#', 'B', 'D', 'E', 'G#', 'B', 'D', 'E', 'G#', 'B', 'D', 'E', 'G#', 'B', 'D', 'E', 'G#', 'B', 'D', 'E', 'G#', 'B', 'D', 'E', 'G#', 'B', 'D', 'E', 'G#', 'B', 'D', 'E', 'G#', 'B', 'D', 'E', 'G#', 'B', 'D', 'E', 'G#', 'B', 'D', 'E', 'G#', 'B', 'D', 'E', 'G#', 'B', 'D', 'E', 'G#', 'B', 'D', 'E', 'G#', 'B', 'D']	0.0	0.0	0.0	0.0
71.375	3.0	24.0	['E5', 'G#5', 'B5', 'D6']	['M3', 'P5', 'm7']	[False, False, False, False]	24.0	3.0	34.0	V7	False	('E', 'G#', 'B', 'D')	E	E	0.0	dominant seventh chord	(2, 4, 8, 11)	A	A	5	None	False	['E', 'G#', 'B', 'D', 'E', 'G#', 'B', 'D', 'E', 'G#', 'B', 'D', 'E', 'G#', 'B', 'D', 'E', 'G#', 'B', 'D', 'E', 'G#', 'B', 'D', 'E', 'G#', 'B', 'D', 'E', 'G#', 'B', 'D', 'E', 'G#', 'B', 'D', 'E', 'G#', 'B', 'D', 'E', 'G#', 'B', 'D', 'E', 'G#', 'B', 'D', 'E', 'G#', 'B', 'D', 'E', 'G#', 'B', 'D', 'E', 'G#', 'B', 'D', 'E', 'G#', 'B', 'D', 'E', 'G#', 'B', 'D', 'E', 'G#', 'B', 'D', 'E', 'G#', 'B', 'D', 'E', 'G#', 'B', 'D', 'E', 'G#', 'B', 'D', 'E', 'G#', 'B', 'D', 'E', 'G#', 'B', 'D', 'E', 'G#', 'B', 'D']	0.0	0.0	0.0	0.0
71.5	3.0	24.0	['E5', 'G#5', 'B5', 'D6']	['M3', 'P5', 'm7']	[False, False, False, False]	24.0	3.0	34.0	V7	False	('E', 'G#', 'B', 'D')	E	E	0.0	dominant seventh chord	(2, 4, 8, 11)	A	A	5	None	False	['E', 'G#', 'B', 'D', 'E', 'G#', 'B', 'D', 'E', 'G#', 'B', 'D', 'E', 'G#', 'B', 'D', 'E', 'G#', 'B', 'D', 'E', 'G#', 'B', 'D', 'E', 'G#', 'B', 'D', 'E', 'G#', 'B', 'D', 'E', 'G#', 'B', 'D', 'E', 'G#', 'B', 'D', 'E', 'G#', 'B', 'D', 'E', 'G#', 'B', 'D', 'E', 'G#', 'B', 'D', 'E', 'G#', 'B', 'D', 'E', 'G#', 'B', 'D', 'E', 'G#', 'B', 'D', 'E', 'G#', 'B', 'D', 'E', 'G#', 'B', 'D', 'E', 'G#', 'B', 'D', 'E', 'G#', 'B', 'D', 'E', 'G#', 'B', 'D', 'E', 'G#', 'B', 'D', 'E', 'G#', 'B', 'D', 'E', 'G#', 'B', 'D']	0.0	0.0	0.0	0.0
71.625	3.0	24.0	['E5', 'G#5', 'B5', 'D6']	['M3', 'P5', 'm7']	[False, False, False, False]	24.0	3.0	34.0	V7	False	('E', 'G#', 'B', 'D')	E	E	0.0	dominant seventh chord	(2, 4, 8, 11)	A	A	5	None	False	['E', 'G#', 'B', 'D', 'E', 'G#', 'B', 'D', 'E', 'G#', 'B', 'D', 'E', 'G#', 'B', 'D', 'E', 'G#', 'B', 'D', 'E', 'G#', 'B', 'D', 'E', 'G#', 'B', 'D', 'E', 'G#', 'B', 'D', 'E', 'G#', 'B', 'D', 'E', 'G#', 'B', 'D', 'E', 'G#', 'B', 'D', 'E', 'G#', 'B', 'D', 'E', 'G#', 'B', 'D', 'E', 'G#', 'B', 'D', 'E', 'G#', 'B', 'D', 'E', 'G#', 'B', 'D', 'E', 'G#', 'B', 'D', 'E', 'G#', 'B', 'D', 'E', 'G#', 'B', 'D', 'E', 'G#', 'B', 'D', 'E', 'G#', 'B', 'D', 'E', 'G#', 'B', 'D', 'E', 'G#', 'B', 'D', 'E', 'G#', 'B', 'D']	0.0	0.0	0.0	0.0
71.75	3.0	24.0	['E5', 'G#5', 'B5', 'D6']	['M3', 'P5', 'm7']	[False, False, False, False]	24.0	3.0	34.0	V7	False	('E', 'G#', 'B', 'D')	E	E	0.0	dominant seventh chord	(2, 4, 8, 11)	A	A	5	None	False	['E', 'G#', 'B', 'D', 'E', 'G#', 'B', 'D', 'E', 'G#', 'B', 'D', 'E', 'G#', 'B', 'D', 'E', 'G#', 'B', 'D', 'E', 'G#', 'B', 'D', 'E', 'G#', 'B', 'D', 'E', 'G#', 'B', 'D', 'E', 'G#', 'B', 'D', 'E', 'G#', 'B', 'D', 'E', 'G#', 'B', 'D', 'E', 'G#', 'B', 'D', 'E', 'G#', 'B', 'D', 'E', 'G#', 'B', 'D', 'E', 'G#', 'B', 'D', 'E', 'G#', 'B', 'D', 'E', 'G#', 'B', 'D', 'E', 'G#', 'B', 'D', 'E', 'G#', 'B', 'D', 'E', 'G#', 'B', 'D', 'E', 'G#', 'B', 'D', 'E', 'G#', 'B', 'D', 'E', 'G#', 'B', 'D', 'E', 'G#', 'B', 'D']	0.0	0.0	0.0	0.0
71.875	3.0	24.0	['E5', 'G#5', 'B5', 'D6']	['M3', 'P5', 'm7']	[False, False, False, False]	24.0	3.0	34.0	V7	False	('E', 'G#', 'B', 'D')	E	E	0.0	dominant seventh chord	(2, 4, 8, 11)	A	A	5	None	False	['E', 'G#', 'B', 'D', 'E', 'G#', 'B', 'D', 'E', 'G#', 'B', 'D', 'E', 'G#', 'B', 'D', 'E', 'G#', 'B', 'D', 'E', 'G#', 'B', 'D', 'E', 'G#', 'B', 'D', 'E', 'G#', 'B', 'D', 'E', 'G#', 'B', 'D', 'E', 'G#', 'B', 'D', 'E', 'G#', 'B', 'D', 'E', 'G#', 'B', 'D', 'E', 'G#', 'B', 'D', 'E', 'G#', 'B', 'D', 'E', 'G#', 'B', 'D', 'E', 'G#', 'B', 'D', 'E', 'G#', 'B', 'D', 'E', 'G#', 'B', 'D', 'E', 'G#', 'B', 'D', 'E', 'G#', 'B', 'D', 'E', 'G#', 'B', 'D', 'E', 'G#', 'B', 'D', 'E', 'G#', 'B', 'D', 'E', 'G#', 'B', 'D']	0.0	0.0	0.0	0.0
72.0	0.5	25.0	['E5']	[]	[True]	25.0	2.0	35.0	I	True	('E', 'A', 'C#')	E	A	2.0	major triad	(1, 4, 9)	A	A	1	None	False	['E', 'E', 'E', 'E', 'C#', 'C#', 'C#', 'C#', 'A', 'A', 'A', 'A', 'C#', 'C#', 'C#', 'C#']	0.0	0.0	0.0	0.75
72.125	0.5	25.0	['E5']	[]	[False]	25.0	2.0	35.0	I	False	('E', 'A', 'C#')	E	A	2.0	major triad	(1, 4, 9)	A	A	1	None	False	['E', 'E', 'E', 'E', 'C#', 'C#', 'C#', 'C#', 'A', 'A', 'A', 'A', 'C#', 'C#', 'C#', 'C#']	0.0	0.0	0.0	0.75
72.25	0.5	25.0	['E5']	[]	[False]	25.0	2.0	35.0	I	False	('E', 'A', 'C#')	E	A	2.0	major triad	(1, 4, 9)	A	A	1	None	False	['E', 'E', 'E', 'E', 'C#', 'C#', 'C#', 'C#', 'A', 'A', 'A', 'A', 'C#', 'C#', 'C#', 'C#']	0.0	0.0	0.0	0.75
72.375	0.5	25.0	['E5']	[]	[False]	25.0	2.0	35.0	I	False	('E', 'A', 'C#')	E	A	2.0	major triad	(1, 4, 9)	A	A	1	None	False	['E', 'E', 'E', 'E', 'C#', 'C#', 'C#', 'C#', 'A', 'A', 'A', 'A', 'C#', 'C#', 'C#', 'C#']	0.0	0.0	0.0	0.75
72.5	0.5	25.0	['C#6']	[]	[True]	25.0	2.0	35.0	I	False	('E', 'A', 'C#')	E	A	2.0	major triad	(1, 4, 9)	A	A	1	None	False	['E', 'E', 'E', 'E', 'C#', 'C#', 'C#', 'C#', 'A', 'A', 'A', 'A', 'C#', 'C#', 'C#', 'C#']	0.0	0.0	0.0	0.75
72.625	0.5	25.0	['C#6']	[]	[False]	25.0	2.0	35.0	I	False	('E', 'A', 'C#')	E	A	2.0	major triad	(1, 4, 9)	A	A	1	None	False	['E', 'E', 'E', 'E', 'C#', 'C#', 'C#', 'C#', 'A', 'A', 'A', 'A', 'C#', 'C#', 'C#', 'C#']	0.0	0.0	0.0	0.75
72.75	0.5	25.0	['C#6']	[]	[False]	25.0	2.0	35.0	I	False	('E', 'A', 'C#')	E	A	2.0	major triad	(1, 4, 9)	A	A	1	None	False	['E', 'E', 'E', 'E', 'C#', 'C#', 'C#', 'C#', 'A', 'A', 'A', 'A', 'C#', 'C#', 'C#', 'C#']	0.0	0.0	0.0	0.75
72.875	0.5	25.0	['C#6']	[]	[False]	25.0	2.0	35.0	I	False	('E', 'A', 'C#')	E	A	2.0	major triad	(1, 4, 9)	A	A	1	None	False	['E', 'E', 'E', 'E', 'C#', 'C#', 'C#', 'C#', 'A', 'A', 'A', 'A', 'C#', 'C#', 'C#', 'C#']	0.0	0.0	0.0	0.75
73.0	0.5	25.0	['A5']	[]	[True]	25.0	2.0	35.0	I	False	('E', 'A', 'C#')	E	A	2.0	major triad	(1, 4, 9)	A	A	1	None	False	['E', 'E', 'E', 'E', 'C#', 'C#', 'C#', 'C#', 'A', 'A', 'A', 'A', 'C#', 'C#', 'C#', 'C#']	0.0	0.0	0.0	0.75
73.125	0.5	25.0	['A5']	[]	[False]	25.0	2.0	35.0	I	False	('E', 'A', 'C#')	E	A	2.0	major triad	(1, 4, 9)	A	A	1	None	False	['E', 'E', 'E', 'E', 'C#', 'C#', 'C#', 'C#', 'A', 'A', 'A', 'A', 'C#', 'C#', 'C#', 'C#']	0.0	0.0	0.0	0.75
73.25	0.5	25.0	['A5']	[]	[False]	25.0	2.0	35.0	I	False	('E', 'A', 'C#')	E	A	2.0	major triad	(1, 4, 9)	A	A	1	None	False	['E', 'E', 'E', 'E', 'C#', 'C#', 'C#', 'C#', 'A', 'A', 'A', 'A', 'C#', 'C#', 'C#', 'C#']	0.0	0.0	0.0	0.75
73.375	0.5	25.0	['A5']	[]	[False]	25.0	2.0	35.0	I	False	('E', 'A', 'C#')	E	A	2.0	major triad	(1, 4, 9)	A	A	1	None	False	['E', 'E', 'E', 'E', 'C#', 'C#', 'C#', 'C#', 'A', 'A', 'A', 'A', 'C#', 'C#', 'C#', 'C#']	0.0	0.0	0.0	0.75
73.5	0.5	25.0	['C#6']	[]	[True]	25.0	2.0	35.0	I	False	('E', 'A', 'C#')	E	A	2.0	major triad	(1, 4, 9)	A	A	1	None	False	['E', 'E', 'E', 'E', 'C#', 'C#', 'C#', 'C#', 'A', 'A', 'A', 'A', 'C#', 'C#', 'C#', 'C#']	0.0	0.0	0.0	0.75
73.625	0.5	25.0	['C#6']	[]	[False]	25.0	2.0	35.0	I	False	('E', 'A', 'C#')	E	A	2.0	major triad	(1, 4, 9)	A	A	1	None	False	['E', 'E', 'E', 'E', 'C#', 'C#', 'C#', 'C#', 'A', 'A', 'A', 'A', 'C#', 'C#', 'C#', 'C#']	0.0	0.0	0.0	0.75
73.75	0.5	25.0	['C#6']	[]	[False]	25.0	2.0	35.0	I	False	('E', 'A', 'C#')	E	A	2.0	major triad	(1, 4, 9)	A	A	1	None	False	['E', 'E', 'E', 'E', 'C#', 'C#', 'C#', 'C#', 'A', 'A', 'A', 'A', 'C#', 'C#', 'C#', 'C#']	0.0	0.0	0.0	0.75
73.875	0.5	25.0	['C#6']	[]	[False]	25.0	2.0	35.0	I	False	('E', 'A', 'C#')	E	A	2.0	major triad	(1, 4, 9)	A	A	1	None	False	['E', 'E', 'E', 'E', 'C#', 'C#', 'C#', 'C#', 'A', 'A', 'A', 'A', 'C#', 'C#', 'C#', 'C#']	0.0	0.0	0.0	0.75
74.0	0.75	25.0	['F5', 'G#5', 'B5', 'D6']	['A2', 'A4', 'M6']	[True, True, True, True]	25.0	0.75	36.0	viio7	True	('F', 'G#', 'B', 'D')	F	G#	3.0	diminished seventh chord	(2, 5, 8, 11)	A	A	7	None	False	['F', 'G#', 'B', 'D', 'F', 'G#', 'B', 'D', 'F', 'G#', 'B', 'D', 'F', 'G#', 'B', 'D', 'F', 'G#', 'B', 'D', 'F', 'G#', 'B', 'D']	0.0	0.0	0.0	0.0
74.125	0.75	25.0	['F5', 'G#5', 'B5', 'D6']	['A2', 'A4', 'M6']	[False, False, False, False]	25.0	0.75	36.0	viio7	False	('F', 'G#', 'B', 'D')	F	G#	3.0	diminished seventh chord	(2, 5, 8, 11)	A	A	7	None	False	['F', 'G#', 'B', 'D', 'F', 'G#', 'B', 'D', 'F', 'G#', 'B', 'D', 'F', 'G#', 'B', 'D', 'F', 'G#', 'B', 'D', 'F', 'G#', 'B', 'D']	0.0	0.0	0.0	0.0
74.25	0.75	25.0	['F5', 'G#5', 'B5', 'D6']	['A2', 'A4', 'M6']	[False, False, False, False]	25.0	0.75	36.0	viio7	False	('F', 'G#', 'B', 'D')	F	G#	3.0	diminished seventh chord	(2, 5, 8, 11)	A	A	7	None	False	['F', 'G#', 'B', 'D', 'F', 'G#', 'B', 'D', 'F', 'G#', 'B', 'D', 'F', 'G#', 'B', 'D', 'F', 'G#', 'B', 'D', 'F', 'G#', 'B', 'D']	0.0	0.0	0.0	0.0
74.375	0.75	25.0	['F5', 'G#5', 'B5', 'D6']	['A2', 'A4', 'M6']	[False, False, False, False]	25.0	0.75	36.0	viio7	False	('F', 'G#', 'B', 'D')	F	G#	3.0	diminished seventh chord	(2, 5, 8, 11)	A	A	7	None	False	['F', 'G#', 'B', 'D', 'F', 'G#', 'B', 'D', 'F', 'G#', 'B', 'D', 'F', 'G#', 'B', 'D', 'F', 'G#', 'B', 'D', 'F', 'G#', 'B', 'D']	0.0	0.0	0.0	0.0
74.5	0.75	25.0	['F5', 'G#5', 'B5', 'D6']	['A2', 'A4', 'M6']	[False, False, False, False]	25.0	0.75	36.0	viio7	False	('F', 'G#', 'B', 'D')	F	G#	3.0	diminished seventh chord	(2, 5, 8, 11)	A	A	7	None	False	['F', 'G#', 'B', 'D', 'F', 'G#', 'B', 'D', 'F', 'G#', 'B', 'D', 'F', 'G#', 'B', 'D', 'F', 'G#', 'B', 'D', 'F', 'G#', 'B', 'D']	0.0	0.0	0.0	0.0
74.625	0.75	25.0	['F5', 'G#5', 'B5', 'D6']	['A2', 'A4', 'M6']	[False, False, False, False]	25.0	0.75	36.0	viio7	False	('F', 'G#', 'B', 'D')	F	G#	3.0	diminished seventh chord	(2, 5, 8, 11)	A	A	7	None	False	['F', 'G#', 'B', 'D', 'F', 'G#', 'B', 'D', 'F', 'G#', 'B', 'D', 'F', 'G#', 'B', 'D', 'F', 'G#', 'B', 'D', 'F', 'G#', 'B', 'D']	0.0	0.0	0.0	0.0
74.75	0.25	25.0	['E5', 'G#5', 'B5', 'D6']	['M3', 'P5', 'm7']	[True, True, True, True]	25.0	0.25	37.0	V7	True	('E', 'G#', 'B', 'D')	E	E	0.0	dominant seventh chord	(2, 4, 8, 11)	A	A	5	None	False	['E', 'G#', 'B', 'D', 'E', 'G#', 'B', 'D']	0.0	0.0	0.0	0.0
74.875	0.25	25.0	['E5', 'G#5', 'B5', 'D6']	['M3', 'P5', 'm7']	[False, False, False, False]	25.0	0.25	37.0	V7	False	('E', 'G#', 'B', 'D')	E	E	0.0	dominant seventh chord	(2, 4, 8, 11)	A	A	5	None	False	['E', 'G#', 'B', 'D', 'E', 'G#', 'B', 'D']	0.0	0.0	0.0	0.0
75.0	3.0	26.0	['A4', 'C#5', 'E5']	['M3', 'P5']	[True, True, True]	26.0	3.0	38.0	I	True	('A', 'C#', 'E')	A	A	0.0	major triad	(1, 4, 9)	A	A	1	None	False	['A', 'C#', 'E', 'A', 'C#', 'E', 'A', 'C#', 'E', 'A', 'C#', 'E', 'A', 'C#', 'E', 'A', 'C#', 'E', 'A', 'C#', 'E', 'A', 'C#', 'E', 'A', 'C#', 'E', 'A', 'C#', 'E', 'A', 'C#', 'E', 'A', 'C#', 'E', 'A', 'C#', 'E', 'A', 'C#', 'E', 'A', 'C#', 'E', 'A', 'C#', 'E', 'A', 'C#', 'E', 'A', 'C#', 'E', 'A', 'C#', 'E', 'A', 'C#', 'E', 'A', 'C#', 'E', 'A', 'C#', 'E', 'A', 'C#', 'E', 'A', 'C#', 'E']	0.0	0.0	0.0	0.0
75.125	3.0	26.0	['A4', 'C#5', 'E5']	['M3', 'P5']	[False, False, False]	26.0	3.0	38.0	I	False	('A', 'C#', 'E')	A	A	0.0	major triad	(1, 4, 9)	A	A	1	None	False	['A', 'C#', 'E', 'A', 'C#', 'E', 'A', 'C#', 'E', 'A', 'C#', 'E', 'A', 'C#', 'E', 'A', 'C#', 'E', 'A', 'C#', 'E', 'A', 'C#', 'E', 'A', 'C#', 'E', 'A', 'C#', 'E', 'A', 'C#', 'E', 'A', 'C#', 'E', 'A', 'C#', 'E', 'A', 'C#', 'E', 'A', 'C#', 'E', 'A', 'C#', 'E', 'A', 'C#', 'E', 'A', 'C#', 'E', 'A', 'C#', 'E', 'A', 'C#', 'E', 'A', 'C#', 'E', 'A', 'C#', 'E', 'A', 'C#', 'E', 'A', 'C#', 'E']	0.0	0.0	0.0	0.0
75.25	3.0	26.0	['A4', 'C#5', 'E5']	['M3', 'P5']	[False, False, False]	26.0	3.0	38.0	I	False	('A', 'C#', 'E')	A	A	0.0	major triad	(1, 4, 9)	A	A	1	None	False	['A', 'C#', 'E', 'A', 'C#', 'E', 'A', 'C#', 'E', 'A', 'C#', 'E', 'A', 'C#', 'E', 'A', 'C#', 'E', 'A', 'C#', 'E', 'A', 'C#', 'E', 'A', 'C#', 'E', 'A', 'C#', 'E', 'A', 'C#', 'E', 'A', 'C#', 'E', 'A', 'C#', 'E', 'A', 'C#', 'E', 'A', 'C#', 'E', 'A', 'C#', 'E', 'A', 'C#', 'E', 'A', 'C#', 'E', 'A', 'C#', 'E', 'A', 'C#', 'E', 'A', 'C#', 'E', 'A', 'C#', 'E', 'A', 'C#', 'E', 'A', 'C#', 'E']	0.0	0.0	0.0	0.0
75.375	3.0	26.0	['A4', 'C#5', 'E5']	['M3', 'P5']	[False, False, False]	26.0	3.0	38.0	I	False	('A', 'C#', 'E')	A	A	0.0	major triad	(1, 4, 9)	A	A	1	None	False	['A', 'C#', 'E', 'A', 'C#', 'E', 'A', 'C#', 'E', 'A', 'C#', 'E', 'A', 'C#', 'E', 'A', 'C#', 'E', 'A', 'C#', 'E', 'A', 'C#', 'E', 'A', 'C#', 'E', 'A', 'C#', 'E', 'A', 'C#', 'E', 'A', 'C#', 'E', 'A', 'C#', 'E', 'A', 'C#', 'E', 'A', 'C#', 'E', 'A', 'C#', 'E', 'A', 'C#', 'E', 'A', 'C#', 'E', 'A', 'C#', 'E', 'A', 'C#', 'E', 'A', 'C#', 'E', 'A', 'C#', 'E', 'A', 'C#', 'E', 'A', 'C#', 'E']	0.0	0.0	0.0	0.0
75.5	3.0	26.0	['A4', 'C#5', 'E5']	['M3', 'P5']	[False, False, False]	26.0	3.0	38.0	I	False	('A', 'C#', 'E')	A	A	0.0	major triad	(1, 4, 9)	A	A	1	None	False	['A', 'C#', 'E', 'A', 'C#', 'E', 'A', 'C#', 'E', 'A', 'C#', 'E', 'A', 'C#', 'E', 'A', 'C#', 'E', 'A', 'C#', 'E', 'A', 'C#', 'E', 'A', 'C#', 'E', 'A', 'C#', 'E', 'A', 'C#', 'E', 'A', 'C#', 'E', 'A', 'C#', 'E', 'A', 'C#', 'E', 'A', 'C#', 'E', 'A', 'C#', 'E', 'A', 'C#', 'E', 'A', 'C#', 'E', 'A', 'C#', 'E', 'A', 'C#', 'E', 'A', 'C#', 'E', 'A', 'C#', 'E', 'A', 'C#', 'E', 'A', 'C#', 'E']	0.0	0.0	0.0	0.0
75.625	3.0	26.0	['A4', 'C#5', 'E5']	['M3', 'P5']	[False, False, False]	26.0	3.0	38.0	I	False	('A', 'C#', 'E')	A	A	0.0	major triad	(1, 4, 9)	A	A	1	None	False	['A', 'C#', 'E', 'A', 'C#', 'E', 'A', 'C#', 'E', 'A', 'C#', 'E', 'A', 'C#', 'E', 'A', 'C#', 'E', 'A', 'C#', 'E', 'A', 'C#', 'E', 'A', 'C#', 'E', 'A', 'C#', 'E', 'A', 'C#', 'E', 'A', 'C#', 'E', 'A', 'C#', 'E', 'A', 'C#', 'E', 'A', 'C#', 'E', 'A', 'C#', 'E', 'A', 'C#', 'E', 'A', 'C#', 'E', 'A', 'C#', 'E', 'A', 'C#', 'E', 'A', 'C#', 'E', 'A', 'C#', 'E', 'A', 'C#', 'E', 'A', 'C#', 'E']	0.0	0.0	0.0	0.0
75.75	3.0	26.0	['A4', 'C#5', 'E5']	['M3', 'P5']	[False, False, False]	26.0	3.0	38.0	I	False	('A', 'C#', 'E')	A	A	0.0	major triad	(1, 4, 9)	A	A	1	None	False	['A', 'C#', 'E', 'A', 'C#', 'E', 'A', 'C#', 'E', 'A', 'C#', 'E', 'A', 'C#', 'E', 'A', 'C#', 'E', 'A', 'C#', 'E', 'A', 'C#', 'E', 'A', 'C#', 'E', 'A', 'C#', 'E', 'A', 'C#', 'E', 'A', 'C#', 'E', 'A', 'C#', 'E', 'A', 'C#', 'E', 'A', 'C#', 'E', 'A', 'C#', 'E', 'A', 'C#', 'E', 'A', 'C#', 'E', 'A', 'C#', 'E', 'A', 'C#', 'E', 'A', 'C#', 'E', 'A', 'C#', 'E', 'A', 'C#', 'E', 'A', 'C#', 'E']	0.0	0.0	0.0	0.0
75.875	3.0	26.0	['A4', 'C#5', 'E5']	['M3', 'P5']	[False, False, False]	26.0	3.0	38.0	I	False	('A', 'C#', 'E')	A	A	0.0	major triad	(1, 4, 9)	A	A	1	None	False	['A', 'C#', 'E', 'A', 'C#', 'E', 'A', 'C#', 'E', 'A', 'C#', 'E', 'A', 'C#', 'E', 'A', 'C#', 'E', 'A', 'C#', 'E', 'A', 'C#', 'E', 'A', 'C#', 'E', 'A', 'C#', 'E', 'A', 'C#', 'E', 'A', 'C#', 'E', 'A', 'C#', 'E', 'A', 'C#', 'E', 'A', 'C#', 'E', 'A', 'C#', 'E', 'A', 'C#', 'E', 'A', 'C#', 'E', 'A', 'C#', 'E', 'A', 'C#', 'E', 'A', 'C#', 'E', 'A', 'C#', 'E', 'A', 'C#', 'E', 'A', 'C#', 'E']	0.0	0.0	0.0	0.0
76.0	3.0	26.0	['A4', 'C#5', 'E5']	['M3', 'P5']	[False, False, False]	26.0	3.0	38.0	I	False	('A', 'C#', 'E')	A	A	0.0	major triad	(1, 4, 9)	A	A	1	None	False	['A', 'C#', 'E', 'A', 'C#', 'E', 'A', 'C#', 'E', 'A', 'C#', 'E', 'A', 'C#', 'E', 'A', 'C#', 'E', 'A', 'C#', 'E', 'A', 'C#', 'E', 'A', 'C#', 'E', 'A', 'C#', 'E', 'A', 'C#', 'E', 'A', 'C#', 'E', 'A', 'C#', 'E', 'A', 'C#', 'E', 'A', 'C#', 'E', 'A', 'C#', 'E', 'A', 'C#', 'E', 'A', 'C#', 'E', 'A', 'C#', 'E', 'A', 'C#', 'E', 'A', 'C#', 'E', 'A', 'C#', 'E', 'A', 'C#', 'E', 'A', 'C#', 'E']	0.0	0.0	0.0	0.0
76.125	3.0	26.0	['A4', 'C#5', 'E5']	['M3', 'P5']	[False, False, False]	26.0	3.0	38.0	I	False	('A', 'C#', 'E')	A	A	0.0	major triad	(1, 4, 9)	A	A	1	None	False	['A', 'C#', 'E', 'A', 'C#', 'E', 'A', 'C#', 'E', 'A', 'C#', 'E', 'A', 'C#', 'E', 'A', 'C#', 'E', 'A', 'C#', 'E', 'A', 'C#', 'E', 'A', 'C#', 'E', 'A', 'C#', 'E', 'A', 'C#', 'E', 'A', 'C#', 'E', 'A', 'C#', 'E', 'A', 'C#', 'E', 'A', 'C#', 'E', 'A', 'C#', 'E', 'A', 'C#', 'E', 'A', 'C#', 'E', 'A', 'C#', 'E', 'A', 'C#', 'E', 'A', 'C#', 'E', 'A', 'C#', 'E', 'A', 'C#', 'E', 'A', 'C#', 'E']	0.0	0.0	0.0	0.0
76.25	3.0	26.0	['A4', 'C#5', 'E5']	['M3', 'P5']	[False, False, False]	26.0	3.0	38.0	I	False	('A', 'C#', 'E')	A	A	0.0	major triad	(1, 4, 9)	A	A	1	None	False	['A', 'C#', 'E', 'A', 'C#', 'E', 'A', 'C#', 'E', 'A', 'C#', 'E', 'A', 'C#', 'E', 'A', 'C#', 'E', 'A', 'C#', 'E', 'A', 'C#', 'E', 'A', 'C#', 'E', 'A', 'C#', 'E', 'A', 'C#', 'E', 'A', 'C#', 'E', 'A', 'C#', 'E', 'A', 'C#', 'E', 'A', 'C#', 'E', 'A', 'C#', 'E', 'A', 'C#', 'E', 'A', 'C#', 'E', 'A', 'C#', 'E', 'A', 'C#', 'E', 'A', 'C#', 'E', 'A', 'C#', 'E', 'A', 'C#', 'E', 'A', 'C#', 'E']	0.0	0.0	0.0	0.0
76.375	3.0	26.0	['A4', 'C#5', 'E5']	['M3', 'P5']	[False, False, False]	26.0	3.0	38.0	I	False	('A', 'C#', 'E')	A	A	0.0	major triad	(1, 4, 9)	A	A	1	None	False	['A', 'C#', 'E', 'A', 'C#', 'E', 'A', 'C#', 'E', 'A', 'C#', 'E', 'A', 'C#', 'E', 'A', 'C#', 'E', 'A', 'C#', 'E', 'A', 'C#', 'E', 'A', 'C#', 'E', 'A', 'C#', 'E', 'A', 'C#', 'E', 'A', 'C#', 'E', 'A', 'C#', 'E', 'A', 'C#', 'E', 'A', 'C#', 'E', 'A', 'C#', 'E', 'A', 'C#', 'E', 'A', 'C#', 'E', 'A', 'C#', 'E', 'A', 'C#', 'E', 'A', 'C#', 'E', 'A', 'C#', 'E', 'A', 'C#', 'E', 'A', 'C#', 'E']	0.0	0.0	0.0	0.0
76.5	3.0	26.0	['A4', 'C#5', 'E5']	['M3', 'P5']	[False, False, False]	26.0	3.0	38.0	I	False	('A', 'C#', 'E')	A	A	0.0	major triad	(1, 4, 9)	A	A	1	None	False	['A', 'C#', 'E', 'A', 'C#', 'E', 'A', 'C#', 'E', 'A', 'C#', 'E', 'A', 'C#', 'E', 'A', 'C#', 'E', 'A', 'C#', 'E', 'A', 'C#', 'E', 'A', 'C#', 'E', 'A', 'C#', 'E', 'A', 'C#', 'E', 'A', 'C#', 'E', 'A', 'C#', 'E', 'A', 'C#', 'E', 'A', 'C#', 'E', 'A', 'C#', 'E', 'A', 'C#', 'E', 'A', 'C#', 'E', 'A', 'C#', 'E', 'A', 'C#', 'E', 'A', 'C#', 'E', 'A', 'C#', 'E', 'A', 'C#', 'E', 'A', 'C#', 'E']	0.0	0.0	0.0	0.0
76.625	3.0	26.0	['A4', 'C#5', 'E5']	['M3', 'P5']	[False, False, False]	26.0	3.0	38.0	I	False	('A', 'C#', 'E')	A	A	0.0	major triad	(1, 4, 9)	A	A	1	None	False	['A', 'C#', 'E', 'A', 'C#', 'E', 'A', 'C#', 'E', 'A', 'C#', 'E', 'A', 'C#', 'E', 'A', 'C#', 'E', 'A', 'C#', 'E', 'A', 'C#', 'E', 'A', 'C#', 'E', 'A', 'C#', 'E', 'A', 'C#', 'E', 'A', 'C#', 'E', 'A', 'C#', 'E', 'A', 'C#', 'E', 'A', 'C#', 'E', 'A', 'C#', 'E', 'A', 'C#', 'E', 'A', 'C#', 'E', 'A', 'C#', 'E', 'A', 'C#', 'E', 'A', 'C#', 'E', 'A', 'C#', 'E', 'A', 'C#', 'E', 'A', 'C#', 'E']	0.0	0.0	0.0	0.0
76.75	3.0	26.0	['A4', 'C#5', 'E5']	['M3', 'P5']	[False, False, False]	26.0	3.0	38.0	I	False	('A', 'C#', 'E')	A	A	0.0	major triad	(1, 4, 9)	A	A	1	None	False	['A', 'C#', 'E', 'A', 'C#', 'E', 'A', 'C#', 'E', 'A', 'C#', 'E', 'A', 'C#', 'E', 'A', 'C#', 'E', 'A', 'C#', 'E', 'A', 'C#', 'E', 'A', 'C#', 'E', 'A', 'C#', 'E', 'A', 'C#', 'E', 'A', 'C#', 'E', 'A', 'C#', 'E', 'A', 'C#', 'E', 'A', 'C#', 'E', 'A', 'C#', 'E', 'A', 'C#', 'E', 'A', 'C#', 'E', 'A', 'C#', 'E', 'A', 'C#', 'E', 'A', 'C#', 'E', 'A', 'C#', 'E', 'A', 'C#', 'E', 'A', 'C#', 'E']	0.0	0.0	0.0	0.0
76.875	3.0	26.0	['A4', 'C#5', 'E5']	['M3', 'P5']	[False, False, False]	26.0	3.0	38.0	I	False	('A', 'C#', 'E')	A	A	0.0	major triad	(1, 4, 9)	A	A	1	None	False	['A', 'C#', 'E', 'A', 'C#', 'E', 'A', 'C#', 'E', 'A', 'C#', 'E', 'A', 'C#', 'E', 'A', 'C#', 'E', 'A', 'C#', 'E', 'A', 'C#', 'E', 'A', 'C#', 'E', 'A', 'C#', 'E', 'A', 'C#', 'E', 'A', 'C#', 'E', 'A', 'C#', 'E', 'A', 'C#', 'E', 'A', 'C#', 'E', 'A', 'C#', 'E', 'A', 'C#', 'E', 'A', 'C#', 'E', 'A', 'C#', 'E', 'A', 'C#', 'E', 'A', 'C#', 'E', 'A', 'C#', 'E', 'A', 'C#', 'E', 'A', 'C#', 'E']	0.0	0.0	0.0	0.0
77.0	3.0	26.0	['A4', 'C#5', 'E5']	['M3', 'P5']	[False, False, False]	26.0	3.0	38.0	I	False	('A', 'C#', 'E')	A	A	0.0	major triad	(1, 4, 9)	A	A	1	None	False	['A', 'C#', 'E', 'A', 'C#', 'E', 'A', 'C#', 'E', 'A', 'C#', 'E', 'A', 'C#', 'E', 'A', 'C#', 'E', 'A', 'C#', 'E', 'A', 'C#', 'E', 'A', 'C#', 'E', 'A', 'C#', 'E', 'A', 'C#', 'E', 'A', 'C#', 'E', 'A', 'C#', 'E', 'A', 'C#', 'E', 'A', 'C#', 'E', 'A', 'C#', 'E', 'A', 'C#', 'E', 'A', 'C#', 'E', 'A', 'C#', 'E', 'A', 'C#', 'E', 'A', 'C#', 'E', 'A', 'C#', 'E', 'A', 'C#', 'E', 'A', 'C#', 'E']	0.0	0.0	0.0	0.0
77.125	3.0	26.0	['A4', 'C#5', 'E5']	['M3', 'P5']	[False, False, False]	26.0	3.0	38.0	I	False	('A', 'C#', 'E')	A	A	0.0	major triad	(1, 4, 9)	A	A	1	None	False	['A', 'C#', 'E', 'A', 'C#', 'E', 'A', 'C#', 'E', 'A', 'C#', 'E', 'A', 'C#', 'E', 'A', 'C#', 'E', 'A', 'C#', 'E', 'A', 'C#', 'E', 'A', 'C#', 'E', 'A', 'C#', 'E', 'A', 'C#', 'E', 'A', 'C#', 'E', 'A', 'C#', 'E', 'A', 'C#', 'E', 'A', 'C#', 'E', 'A', 'C#', 'E', 'A', 'C#', 'E', 'A', 'C#', 'E', 'A', 'C#', 'E', 'A', 'C#', 'E', 'A', 'C#', 'E', 'A', 'C#', 'E', 'A', 'C#', 'E', 'A', 'C#', 'E']	0.0	0.0	0.0	0.0
77.25	3.0	26.0	['A4', 'C#5', 'E5']	['M3', 'P5']	[False, False, False]	26.0	3.0	38.0	I	False	('A', 'C#', 'E')	A	A	0.0	major triad	(1, 4, 9)	A	A	1	None	False	['A', 'C#', 'E', 'A', 'C#', 'E', 'A', 'C#', 'E', 'A', 'C#', 'E', 'A', 'C#', 'E', 'A', 'C#', 'E', 'A', 'C#', 'E', 'A', 'C#', 'E', 'A', 'C#', 'E', 'A', 'C#', 'E', 'A', 'C#', 'E', 'A', 'C#', 'E', 'A', 'C#', 'E', 'A', 'C#', 'E', 'A', 'C#', 'E', 'A', 'C#', 'E', 'A', 'C#', 'E', 'A', 'C#', 'E', 'A', 'C#', 'E', 'A', 'C#', 'E', 'A', 'C#', 'E', 'A', 'C#', 'E', 'A', 'C#', 'E', 'A', 'C#', 'E']	0.0	0.0	0.0	0.0
77.375	3.0	26.0	['A4', 'C#5', 'E5']	['M3', 'P5']	[False, False, False]	26.0	3.0	38.0	I	False	('A', 'C#', 'E')	A	A	0.0	major triad	(1, 4, 9)	A	A	1	None	False	['A', 'C#', 'E', 'A', 'C#', 'E', 'A', 'C#', 'E', 'A', 'C#', 'E', 'A', 'C#', 'E', 'A', 'C#', 'E', 'A', 'C#', 'E', 'A', 'C#', 'E', 'A', 'C#', 'E', 'A', 'C#', 'E', 'A', 'C#', 'E', 'A', 'C#', 'E', 'A', 'C#', 'E', 'A', 'C#', 'E', 'A', 'C#', 'E', 'A', 'C#', 'E', 'A', 'C#', 'E', 'A', 'C#', 'E', 'A', 'C#', 'E', 'A', 'C#', 'E', 'A', 'C#', 'E', 'A', 'C#', 'E', 'A', 'C#', 'E', 'A', 'C#', 'E']	0.0	0.0	0.0	0.0
77.5	3.0	26.0	['A4', 'C#5', 'E5']	['M3', 'P5']	[False, False, False]	26.0	3.0	38.0	I	False	('A', 'C#', 'E')	A	A	0.0	major triad	(1, 4, 9)	A	A	1	None	False	['A', 'C#', 'E', 'A', 'C#', 'E', 'A', 'C#', 'E', 'A', 'C#', 'E', 'A', 'C#', 'E', 'A', 'C#', 'E', 'A', 'C#', 'E', 'A', 'C#', 'E', 'A', 'C#', 'E', 'A', 'C#', 'E', 'A', 'C#', 'E', 'A', 'C#', 'E', 'A', 'C#', 'E', 'A', 'C#', 'E', 'A', 'C#', 'E', 'A', 'C#', 'E', 'A', 'C#', 'E', 'A', 'C#', 'E', 'A', 'C#', 'E', 'A', 'C#', 'E', 'A', 'C#', 'E', 'A', 'C#', 'E', 'A', 'C#', 'E', 'A', 'C#', 'E']	0.0	0.0	0.0	0.0
77.625	3.0	26.0	['A4', 'C#5', 'E5']	['M3', 'P5']	[False, False, False]	26.0	3.0	38.0	I	False	('A', 'C#', 'E')	A	A	0.0	major triad	(1, 4, 9)	A	A	1	None	False	['A', 'C#', 'E', 'A', 'C#', 'E', 'A', 'C#', 'E', 'A', 'C#', 'E', 'A', 'C#', 'E', 'A', 'C#', 'E', 'A', 'C#', 'E', 'A', 'C#', 'E', 'A', 'C#', 'E', 'A', 'C#', 'E', 'A', 'C#', 'E', 'A', 'C#', 'E', 'A', 'C#', 'E', 'A', 'C#', 'E', 'A', 'C#', 'E', 'A', 'C#', 'E', 'A', 'C#', 'E', 'A', 'C#', 'E', 'A', 'C#', 'E', 'A', 'C#', 'E', 'A', 'C#', 'E', 'A', 'C#', 'E', 'A', 'C#', 'E', 'A', 'C#', 'E']	0.0	0.0	0.0	0.0
77.75	3.0	26.0	['A4', 'C#5', 'E5']	['M3', 'P5']	[False, False, False]	26.0	3.0	38.0	I	False	('A', 'C#', 'E')	A	A	0.0	major triad	(1, 4, 9)	A	A	1	None	False	['A', 'C#', 'E', 'A', 'C#', 'E', 'A', 'C#', 'E', 'A', 'C#', 'E', 'A', 'C#', 'E', 'A', 'C#', 'E', 'A', 'C#', 'E', 'A', 'C#', 'E', 'A', 'C#', 'E', 'A', 'C#', 'E', 'A', 'C#', 'E', 'A', 'C#', 'E', 'A', 'C#', 'E', 'A', 'C#', 'E', 'A', 'C#', 'E', 'A', 'C#', 'E', 'A', 'C#', 'E', 'A', 'C#', 'E', 'A', 'C#', 'E', 'A', 'C#', 'E', 'A', 'C#', 'E', 'A', 'C#', 'E', 'A', 'C#', 'E', 'A', 'C#', 'E']	0.0	0.0	0.0	0.0
77.875	3.0	26.0	['A4', 'C#5', 'E5']	['M3', 'P5']	[False, False, False]	26.0	3.0	38.0	I	False	('A', 'C#', 'E')	A	A	0.0	major triad	(1, 4, 9)	A	A	1	None	False	['A', 'C#', 'E', 'A', 'C#', 'E', 'A', 'C#', 'E', 'A', 'C#', 'E', 'A', 'C#', 'E', 'A', 'C#', 'E', 'A', 'C#', 'E', 'A', 'C#', 'E', 'A', 'C#', 'E', 'A', 'C#', 'E', 'A', 'C#', 'E', 'A', 'C#', 'E', 'A', 'C#', 'E', 'A', 'C#', 'E', 'A', 'C#', 'E', 'A', 'C#', 'E', 'A', 'C#', 'E', 'A', 'C#', 'E', 'A', 'C#', 'E', 'A', 'C#', 'E', 'A', 'C#', 'E', 'A', 'C#', 'E', 'A', 'C#', 'E', 'A', 'C#', 'E']	0.0	0.0	0.0	0.0
78.0	2.0	27.0	['C#5', 'F#5', 'A5']	['P4', 'm6']	[True, True, True]	27.0	2.0	39.0	i	True	('C#', 'F#', 'A')	C#	F#	2.0	minor triad	(1, 6, 9)	f#	f#	1	None	False	['C#', 'F#', 'A', 'C#', 'F#', 'A', 'C#', 'F#', 'A', 'C#', 'F#', 'A', 'C#', 'F#', 'A', 'C#', 'F#', 'A', 'C#', 'F#', 'A', 'C#', 'F#', 'A', 'C#', 'F#', 'A', 'C#', 'F#', 'A', 'C#', 'F#', 'A', 'C#', 'F#', 'A', 'C#', 'F#', 'A', 'C#', 'F#', 'A', 'C#', 'F#', 'A', 'C#', 'F#', 'A']	0.0	0.0	0.0	0.0
78.125	2.0	27.0	['C#5', 'F#5', 'A5']	['P4', 'm6']	[False, False, False]	27.0	2.0	39.0	i	False	('C#', 'F#', 'A')	C#	F#	2.0	minor triad	(1, 6, 9)	f#	f#	1	None	False	['C#', 'F#', 'A', 'C#', 'F#', 'A', 'C#', 'F#', 'A', 'C#', 'F#', 'A', 'C#', 'F#', 'A', 'C#', 'F#', 'A', 'C#', 'F#', 'A', 'C#', 'F#', 'A', 'C#', 'F#', 'A', 'C#', 'F#', 'A', 'C#', 'F#', 'A', 'C#', 'F#', 'A', 'C#', 'F#', 'A', 'C#', 'F#', 'A', 'C#', 'F#', 'A', 'C#', 'F#', 'A']	0.0	0.0	0.0	0.0
78.25	2.0	27.0	['C#5', 'F#5', 'A5']	['P4', 'm6']	[False, False, False]	27.0	2.0	39.0	i	False	('C#', 'F#', 'A')	C#	F#	2.0	minor triad	(1, 6, 9)	f#	f#	1	None	False	['C#', 'F#', 'A', 'C#', 'F#', 'A', 'C#', 'F#', 'A', 'C#', 'F#', 'A', 'C#', 'F#', 'A', 'C#', 'F#', 'A', 'C#', 'F#', 'A', 'C#', 'F#', 'A', 'C#', 'F#', 'A', 'C#', 'F#', 'A', 'C#', 'F#', 'A', 'C#', 'F#', 'A', 'C#', 'F#', 'A', 'C#', 'F#', 'A', 'C#', 'F#', 'A', 'C#', 'F#', 'A']	0.0	0.0	0.0	0.0
78.375	2.0	27.0	['C#5', 'F#5', 'A5']	['P4', 'm6']	[False, False, False]	27.0	2.0	39.0	i	False	('C#', 'F#', 'A')	C#	F#	2.0	minor triad	(1, 6, 9)	f#	f#	1	None	False	['C#', 'F#', 'A', 'C#', 'F#', 'A', 'C#', 'F#', 'A', 'C#', 'F#', 'A', 'C#', 'F#', 'A', 'C#', 'F#', 'A', 'C#', 'F#', 'A', 'C#', 'F#', 'A', 'C#', 'F#', 'A', 'C#', 'F#', 'A', 'C#', 'F#', 'A', 'C#', 'F#', 'A', 'C#', 'F#', 'A', 'C#', 'F#', 'A', 'C#', 'F#', 'A', 'C#', 'F#', 'A']	0.0	0.0	0.0	0.0
78.5	2.0	27.0	['C#5', 'F#5', 'A5']	['P4', 'm6']	[False, False, False]	27.0	2.0	39.0	i	False	('C#', 'F#', 'A')	C#	F#	2.0	minor triad	(1, 6, 9)	f#	f#	1	None	False	['C#', 'F#', 'A', 'C#', 'F#', 'A', 'C#', 'F#', 'A', 'C#', 'F#', 'A', 'C#', 'F#', 'A', 'C#', 'F#', 'A', 'C#', 'F#', 'A', 'C#', 'F#', 'A', 'C#', 'F#', 'A', 'C#', 'F#', 'A', 'C#', 'F#', 'A', 'C#', 'F#', 'A', 'C#', 'F#', 'A', 'C#', 'F#', 'A', 'C#', 'F#', 'A', 'C#', 'F#', 'A']	0.0	0.0	0.0	0.0
78.625	2.0	27.0	['C#5', 'F#5', 'A5']	['P4', 'm6']	[False, False, False]	27.0	2.0	39.0	i	False	('C#', 'F#', 'A')	C#	F#	2.0	minor triad	(1, 6, 9)	f#	f#	1	None	False	['C#', 'F#', 'A', 'C#', 'F#', 'A', 'C#', 'F#', 'A', 'C#', 'F#', 'A', 'C#', 'F#', 'A', 'C#', 'F#', 'A', 'C#', 'F#', 'A', 'C#', 'F#', 'A', 'C#', 'F#', 'A', 'C#', 'F#', 'A', 'C#', 'F#', 'A', 'C#', 'F#', 'A', 'C#', 'F#', 'A', 'C#', 'F#', 'A', 'C#', 'F#', 'A', 'C#', 'F#', 'A']	0.0	0.0	0.0	0.0
78.75	2.0	27.0	['C#5', 'F#5', 'A5']	['P4', 'm6']	[False, False, False]	27.0	2.0	39.0	i	False	('C#', 'F#', 'A')	C#	F#	2.0	minor triad	(1, 6, 9)	f#	f#	1	None	False	['C#', 'F#', 'A', 'C#', 'F#', 'A', 'C#', 'F#', 'A', 'C#', 'F#', 'A', 'C#', 'F#', 'A', 'C#', 'F#', 'A', 'C#', 'F#', 'A', 'C#', 'F#', 'A', 'C#', 'F#', 'A', 'C#', 'F#', 'A', 'C#', 'F#', 'A', 'C#', 'F#', 'A', 'C#', 'F#', 'A', 'C#', 'F#', 'A', 'C#', 'F#', 'A', 'C#', 'F#', 'A']	0.0	0.0	0.0	0.0
78.875	2.0	27.0	['C#5', 'F#5', 'A5']	['P4', 'm6']	[False, False, False]	27.0	2.0	39.0	i	False	('C#', 'F#', 'A')	C#	F#	2.0	minor triad	(1, 6, 9)	f#	f#	1	None	False	['C#', 'F#', 'A', 'C#', 'F#', 'A', 'C#', 'F#', 'A', 'C#', 'F#', 'A', 'C#', 'F#', 'A', 'C#', 'F#', 'A', 'C#', 'F#', 'A', 'C#', 'F#', 'A', 'C#', 'F#', 'A', 'C#', 'F#', 'A', 'C#', 'F#', 'A', 'C#', 'F#', 'A', 'C#', 'F#', 'A', 'C#', 'F#', 'A', 'C#', 'F#', 'A', 'C#', 'F#', 'A']	0.0	0.0	0.0	0.0
79.0	2.0	27.0	['C#5', 'F#5', 'A5']	['P4', 'm6']	[False, False, False]	27.0	2.0	39.0	i	False	('C#', 'F#', 'A')	C#	F#	2.0	minor triad	(1, 6, 9)	f#	f#	1	None	False	['C#', 'F#', 'A', 'C#', 'F#', 'A', 'C#', 'F#', 'A', 'C#', 'F#', 'A', 'C#', 'F#', 'A', 'C#', 'F#', 'A', 'C#', 'F#', 'A', 'C#', 'F#', 'A', 'C#', 'F#', 'A', 'C#', 'F#', 'A', 'C#', 'F#', 'A', 'C#', 'F#', 'A', 'C#', 'F#', 'A', 'C#', 'F#', 'A', 'C#', 'F#', 'A', 'C#', 'F#', 'A']	0.0	0.0	0.0	0.0
79.125	2.0	27.0	['C#5', 'F#5', 'A5']	['P4', 'm6']	[False, False, False]	27.0	2.0	39.0	i	False	('C#', 'F#', 'A')	C#	F#	2.0	minor triad	(1, 6, 9)	f#	f#	1	None	False	['C#', 'F#', 'A', 'C#', 'F#', 'A', 'C#', 'F#', 'A', 'C#', 'F#', 'A', 'C#', 'F#', 'A', 'C#', 'F#', 'A', 'C#', 'F#', 'A', 'C#', 'F#', 'A', 'C#', 'F#', 'A', 'C#', 'F#', 'A', 'C#', 'F#', 'A', 'C#', 'F#', 'A', 'C#', 'F#', 'A', 'C#', 'F#', 'A', 'C#', 'F#', 'A', 'C#', 'F#', 'A']	0.0	0.0	0.0	0.0
79.25	2.0	27.0	['C#5', 'F#5', 'A5']	['P4', 'm6']	[False, False, False]	27.0	2.0	39.0	i	False	('C#', 'F#', 'A')	C#	F#	2.0	minor triad	(1, 6, 9)	f#	f#	1	None	False	['C#', 'F#', 'A', 'C#', 'F#', 'A', 'C#', 'F#', 'A', 'C#', 'F#', 'A', 'C#', 'F#', 'A', 'C#', 'F#', 'A', 'C#', 'F#', 'A', 'C#', 'F#', 'A', 'C#', 'F#', 'A', 'C#', 'F#', 'A', 'C#', 'F#', 'A', 'C#', 'F#', 'A', 'C#', 'F#', 'A', 'C#', 'F#', 'A', 'C#', 'F#', 'A', 'C#', 'F#', 'A']	0.0	0.0	0.0	0.0
79.375	2.0	27.0	['C#5', 'F#5', 'A5']	['P4', 'm6']	[False, False, False]	27.0	2.0	39.0	i	False	('C#', 'F#', 'A')	C#	F#	2.0	minor triad	(1, 6, 9)	f#	f#	1	None	False	['C#', 'F#', 'A', 'C#', 'F#', 'A', 'C#', 'F#', 'A', 'C#', 'F#', 'A', 'C#', 'F#', 'A', 'C#', 'F#', 'A', 'C#', 'F#', 'A', 'C#', 'F#', 'A', 'C#', 'F#', 'A', 'C#', 'F#', 'A', 'C#', 'F#', 'A', 'C#', 'F#', 'A', 'C#', 'F#', 'A', 'C#', 'F#', 'A', 'C#', 'F#', 'A', 'C#', 'F#', 'A']	0.0	0.0	0.0	0.0
79.5	2.0	27.0	['C#5', 'F#5', 'A5']	['P4', 'm6']	[False, False, False]	27.0	2.0	39.0	i	False	('C#', 'F#', 'A')	C#	F#	2.0	minor triad	(1, 6, 9)	f#	f#	1	None	False	['C#', 'F#', 'A', 'C#', 'F#', 'A', 'C#', 'F#', 'A', 'C#', 'F#', 'A', 'C#', 'F#', 'A', 'C#', 'F#', 'A', 'C#', 'F#', 'A', 'C#', 'F#', 'A', 'C#', 'F#', 'A', 'C#', 'F#', 'A', 'C#', 'F#', 'A', 'C#', 'F#', 'A', 'C#', 'F#', 'A', 'C#', 'F#', 'A', 'C#', 'F#', 'A', 'C#', 'F#', 'A']	0.0	0.0	0.0	0.0
79.625	2.0	27.0	['C#5', 'F#5', 'A5']	['P4', 'm6']	[False, False, False]	27.0	2.0	39.0	i	False	('C#', 'F#', 'A')	C#	F#	2.0	minor triad	(1, 6, 9)	f#	f#	1	None	False	['C#', 'F#', 'A', 'C#', 'F#', 'A', 'C#', 'F#', 'A', 'C#', 'F#', 'A', 'C#', 'F#', 'A', 'C#', 'F#', 'A', 'C#', 'F#', 'A', 'C#', 'F#', 'A', 'C#', 'F#', 'A', 'C#', 'F#', 'A', 'C#', 'F#', 'A', 'C#', 'F#', 'A', 'C#', 'F#', 'A', 'C#', 'F#', 'A', 'C#', 'F#', 'A', 'C#', 'F#', 'A']	0.0	0.0	0.0	0.0
79.75	2.0	27.0	['C#5', 'F#5', 'A5']	['P4', 'm6']	[False, False, False]	27.0	2.0	39.0	i	False	('C#', 'F#', 'A')	C#	F#	2.0	minor triad	(1, 6, 9)	f#	f#	1	None	False	['C#', 'F#', 'A', 'C#', 'F#', 'A', 'C#', 'F#', 'A', 'C#', 'F#', 'A', 'C#', 'F#', 'A', 'C#', 'F#', 'A', 'C#', 'F#', 'A', 'C#', 'F#', 'A', 'C#', 'F#', 'A', 'C#', 'F#', 'A', 'C#', 'F#', 'A', 'C#', 'F#', 'A', 'C#', 'F#', 'A', 'C#', 'F#', 'A', 'C#', 'F#', 'A', 'C#', 'F#', 'A']	0.0	0.0	0.0	0.0
79.875	2.0	27.0	['C#5', 'F#5', 'A5']	['P4', 'm6']	[False, False, False]	27.0	2.0	39.0	i	False	('C#', 'F#', 'A')	C#	F#	2.0	minor triad	(1, 6, 9)	f#	f#	1	None	False	['C#', 'F#', 'A', 'C#', 'F#', 'A', 'C#', 'F#', 'A', 'C#', 'F#', 'A', 'C#', 'F#', 'A', 'C#', 'F#', 'A', 'C#', 'F#', 'A', 'C#', 'F#', 'A', 'C#', 'F#', 'A', 'C#', 'F#', 'A', 'C#', 'F#', 'A', 'C#', 'F#', 'A', 'C#', 'F#', 'A', 'C#', 'F#', 'A', 'C#', 'F#', 'A', 'C#', 'F#', 'A']	0.0	0.0	0.0	0.0
80.0	0.5	27.0	['C#5']	[]	[True]	27.0	1.0	40.0	V7	True	('C#', 'E#', 'G#', 'B')	C#	C#	0.0	dominant seventh chord	(1, 5, 8, 11)	f#	f#	5	None	False	['C#', 'C#', 'C#', 'C#', 'E#', 'G#', 'B', 'E#', 'G#', 'B', 'E#', 'G#', 'B', 'E#', 'G#', 'B']	0.0	0.0	0.0	0.5
80.125	0.5	27.0	['C#5']	[]	[False]	27.0	1.0	40.0	V7	False	('C#', 'E#', 'G#', 'B')	C#	C#	0.0	dominant seventh chord	(1, 5, 8, 11)	f#	f#	5	None	False	['C#', 'C#', 'C#', 'C#', 'E#', 'G#', 'B', 'E#', 'G#', 'B', 'E#', 'G#', 'B', 'E#', 'G#', 'B']	0.0	0.0	0.0	0.5
80.25	0.5	27.0	['C#5']	[]	[False]	27.0	1.0	40.0	V7	False	('C#', 'E#', 'G#', 'B')	C#	C#	0.0	dominant seventh chord	(1, 5, 8, 11)	f#	f#	5	None	False	['C#', 'C#', 'C#', 'C#', 'E#', 'G#', 'B', 'E#', 'G#', 'B', 'E#', 'G#', 'B', 'E#', 'G#', 'B']	0.0	0.0	0.0	0.5
80.375	0.5	27.0	['C#5']	[]	[False]	27.0	1.0	40.0	V7	False	('C#', 'E#', 'G#', 'B')	C#	C#	0.0	dominant seventh chord	(1, 5, 8, 11)	f#	f#	5	None	False	['C#', 'C#', 'C#', 'C#', 'E#', 'G#', 'B', 'E#', 'G#', 'B', 'E#', 'G#', 'B', 'E#', 'G#', 'B']	0.0	0.0	0.0	0.5
80.5	0.5	27.0	['E#5', 'G#5', 'B5']	['m3', 'd5']	[True, True, True]	27.0	1.0	40.0	V7	False	('C#', 'E#', 'G#', 'B')	C#	C#	0.0	dominant seventh chord	(1, 5, 8, 11)	f#	f#	5	None	False	['C#', 'C#', 'C#', 'C#', 'E#', 'G#', 'B', 'E#', 'G#', 'B', 'E#', 'G#', 'B', 'E#', 'G#', 'B']	0.0	0.0	0.0	0.5
80.625	0.5	27.0	['E#5', 'G#5', 'B5']	['m3', 'd5']	[False, False, False]	27.0	1.0	40.0	V7	False	('C#', 'E#', 'G#', 'B')	C#	C#	0.0	dominant seventh chord	(1, 5, 8, 11)	f#	f#	5	None	False	['C#', 'C#', 'C#', 'C#', 'E#', 'G#', 'B', 'E#', 'G#', 'B', 'E#', 'G#', 'B', 'E#', 'G#', 'B']	0.0	0.0	0.0	0.5
80.75	0.5	27.0	['E#5', 'G#5', 'B5']	['m3', 'd5']	[False, False, False]	27.0	1.0	40.0	V7	False	('C#', 'E#', 'G#', 'B')	C#	C#	0.0	dominant seventh chord	(1, 5, 8, 11)	f#	f#	5	None	False	['C#', 'C#', 'C#', 'C#', 'E#', 'G#', 'B', 'E#', 'G#', 'B', 'E#', 'G#', 'B', 'E#', 'G#', 'B']	0.0	0.0	0.0	0.5
80.875	0.5	27.0	['E#5', 'G#5', 'B5']	['m3', 'd5']	[False, False, False]	27.0	1.0	40.0	V7	False	('C#', 'E#', 'G#', 'B')	C#	C#	0.0	dominant seventh chord	(1, 5, 8, 11)	f#	f#	5	None	False	['C#', 'C#', 'C#', 'C#', 'E#', 'G#', 'B', 'E#', 'G#', 'B', 'E#', 'G#', 'B', 'E#', 'G#', 'B']	0.0	0.0	0.0	0.5
81.0	3.0	28.0	['F#4', 'A4', 'C#5']	['m3', 'P5']	[True, True, True]	28.0	3.0	41.0	i	True	('F#', 'A', 'C#')	F#	F#	0.0	minor triad	(1, 6, 9)	f#	f#	1	None	False	['F#', 'A', 'C#', 'F#', 'A', 'C#', 'F#', 'A', 'C#', 'F#', 'A', 'C#', 'F#', 'A', 'C#', 'F#', 'A', 'C#', 'F#', 'A', 'C#', 'F#', 'A', 'C#', 'F#', 'A', 'C#', 'F#', 'A', 'C#', 'F#', 'A', 'C#', 'F#', 'A', 'C#', 'F#', 'A', 'C#', 'F#', 'A', 'C#', 'F#', 'A', 'C#', 'F#', 'A', 'C#', 'F#', 'A', 'C#', 'F#', 'A', 'C#', 'F#', 'A', 'C#', 'F#', 'A', 'C#', 'F#', 'A', 'C#', 'F#', 'A', 'C#', 'F#', 'A', 'C#', 'F#', 'A', 'C#']	0.0	0.0	0.0	0.0
81.125	3.0	28.0	['F#4', 'A4', 'C#5']	['m3', 'P5']	[False, False, False]	28.0	3.0	41.0	i	False	('F#', 'A', 'C#')	F#	F#	0.0	minor triad	(1, 6, 9)	f#	f#	1	None	False	['F#', 'A', 'C#', 'F#', 'A', 'C#', 'F#', 'A', 'C#', 'F#', 'A', 'C#', 'F#', 'A', 'C#', 'F#', 'A', 'C#', 'F#', 'A', 'C#', 'F#', 'A', 'C#', 'F#', 'A', 'C#', 'F#', 'A', 'C#', 'F#', 'A', 'C#', 'F#', 'A', 'C#', 'F#', 'A', 'C#', 'F#', 'A', 'C#', 'F#', 'A', 'C#', 'F#', 'A', 'C#', 'F#', 'A', 'C#', 'F#', 'A', 'C#', 'F#', 'A', 'C#', 'F#', 'A', 'C#', 'F#', 'A', 'C#', 'F#', 'A', 'C#', 'F#', 'A', 'C#', 'F#', 'A', 'C#']	0.0	0.0	0.0	0.0
81.25	3.0	28.0	['F#4', 'A4', 'C#5']	['m3', 'P5']	[False, False, False]	28.0	3.0	41.0	i	False	('F#', 'A', 'C#')	F#	F#	0.0	minor triad	(1, 6, 9)	f#	f#	1	None	False	['F#', 'A', 'C#', 'F#', 'A', 'C#', 'F#', 'A', 'C#', 'F#', 'A', 'C#', 'F#', 'A', 'C#', 'F#', 'A', 'C#', 'F#', 'A', 'C#', 'F#', 'A', 'C#', 'F#', 'A', 'C#', 'F#', 'A', 'C#', 'F#', 'A', 'C#', 'F#', 'A', 'C#', 'F#', 'A', 'C#', 'F#', 'A', 'C#', 'F#', 'A', 'C#', 'F#', 'A', 'C#', 'F#', 'A', 'C#', 'F#', 'A', 'C#', 'F#', 'A', 'C#', 'F#', 'A', 'C#', 'F#', 'A', 'C#', 'F#', 'A', 'C#', 'F#', 'A', 'C#', 'F#', 'A', 'C#']	0.0	0.0	0.0	0.0
81.375	3.0	28.0	['F#4', 'A4', 'C#5']	['m3', 'P5']	[False, False, False]	28.0	3.0	41.0	i	False	('F#', 'A', 'C#')	F#	F#	0.0	minor triad	(1, 6, 9)	f#	f#	1	None	False	['F#', 'A', 'C#', 'F#', 'A', 'C#', 'F#', 'A', 'C#', 'F#', 'A', 'C#', 'F#', 'A', 'C#', 'F#', 'A', 'C#', 'F#', 'A', 'C#', 'F#', 'A', 'C#', 'F#', 'A', 'C#', 'F#', 'A', 'C#', 'F#', 'A', 'C#', 'F#', 'A', 'C#', 'F#', 'A', 'C#', 'F#', 'A', 'C#', 'F#', 'A', 'C#', 'F#', 'A', 'C#', 'F#', 'A', 'C#', 'F#', 'A', 'C#', 'F#', 'A', 'C#', 'F#', 'A', 'C#', 'F#', 'A', 'C#', 'F#', 'A', 'C#', 'F#', 'A', 'C#', 'F#', 'A', 'C#']	0.0	0.0	0.0	0.0
81.5	3.0	28.0	['F#4', 'A4', 'C#5']	['m3', 'P5']	[False, False, False]	28.0	3.0	41.0	i	False	('F#', 'A', 'C#')	F#	F#	0.0	minor triad	(1, 6, 9)	f#	f#	1	None	False	['F#', 'A', 'C#', 'F#', 'A', 'C#', 'F#', 'A', 'C#', 'F#', 'A', 'C#', 'F#', 'A', 'C#', 'F#', 'A', 'C#', 'F#', 'A', 'C#', 'F#', 'A', 'C#', 'F#', 'A', 'C#', 'F#', 'A', 'C#', 'F#', 'A', 'C#', 'F#', 'A', 'C#', 'F#', 'A', 'C#', 'F#', 'A', 'C#', 'F#', 'A', 'C#', 'F#', 'A', 'C#', 'F#', 'A', 'C#', 'F#', 'A', 'C#', 'F#', 'A', 'C#', 'F#', 'A', 'C#', 'F#', 'A', 'C#', 'F#', 'A', 'C#', 'F#', 'A', 'C#', 'F#', 'A', 'C#']	0.0	0.0	0.0	0.0
81.625	3.0	28.0	['F#4', 'A4', 'C#5']	['m3', 'P5']	[False, False, False]	28.0	3.0	41.0	i	False	('F#', 'A', 'C#')	F#	F#	0.0	minor triad	(1, 6, 9)	f#	f#	1	None	False	['F#', 'A', 'C#', 'F#', 'A', 'C#', 'F#', 'A', 'C#', 'F#', 'A', 'C#', 'F#', 'A', 'C#', 'F#', 'A', 'C#', 'F#', 'A', 'C#', 'F#', 'A', 'C#', 'F#', 'A', 'C#', 'F#', 'A', 'C#', 'F#', 'A', 'C#', 'F#', 'A', 'C#', 'F#', 'A', 'C#', 'F#', 'A', 'C#', 'F#', 'A', 'C#', 'F#', 'A', 'C#', 'F#', 'A', 'C#', 'F#', 'A', 'C#', 'F#', 'A', 'C#', 'F#', 'A', 'C#', 'F#', 'A', 'C#', 'F#', 'A', 'C#', 'F#', 'A', 'C#', 'F#', 'A', 'C#']	0.0	0.0	0.0	0.0
81.75	3.0	28.0	['F#4', 'A4', 'C#5']	['m3', 'P5']	[False, False, False]	28.0	3.0	41.0	i	False	('F#', 'A', 'C#')	F#	F#	0.0	minor triad	(1, 6, 9)	f#	f#	1	None	False	['F#', 'A', 'C#', 'F#', 'A', 'C#', 'F#', 'A', 'C#', 'F#', 'A', 'C#', 'F#', 'A', 'C#', 'F#', 'A', 'C#', 'F#', 'A', 'C#', 'F#', 'A', 'C#', 'F#', 'A', 'C#', 'F#', 'A', 'C#', 'F#', 'A', 'C#', 'F#', 'A', 'C#', 'F#', 'A', 'C#', 'F#', 'A', 'C#', 'F#', 'A', 'C#', 'F#', 'A', 'C#', 'F#', 'A', 'C#', 'F#', 'A', 'C#', 'F#', 'A', 'C#', 'F#', 'A', 'C#', 'F#', 'A', 'C#', 'F#', 'A', 'C#', 'F#', 'A', 'C#', 'F#', 'A', 'C#']	0.0	0.0	0.0	0.0
81.875	3.0	28.0	['F#4', 'A4', 'C#5']	['m3', 'P5']	[False, False, False]	28.0	3.0	41.0	i	False	('F#', 'A', 'C#')	F#	F#	0.0	minor triad	(1, 6, 9)	f#	f#	1	None	False	['F#', 'A', 'C#', 'F#', 'A', 'C#', 'F#', 'A', 'C#', 'F#', 'A', 'C#', 'F#', 'A', 'C#', 'F#', 'A', 'C#', 'F#', 'A', 'C#', 'F#', 'A', 'C#', 'F#', 'A', 'C#', 'F#', 'A', 'C#', 'F#', 'A', 'C#', 'F#', 'A', 'C#', 'F#', 'A', 'C#', 'F#', 'A', 'C#', 'F#', 'A', 'C#', 'F#', 'A', 'C#', 'F#', 'A', 'C#', 'F#', 'A', 'C#', 'F#', 'A', 'C#', 'F#', 'A', 'C#', 'F#', 'A', 'C#', 'F#', 'A', 'C#', 'F#', 'A', 'C#', 'F#', 'A', 'C#']	0.0	0.0	0.0	0.0
82.0	3.0	28.0	['F#4', 'A4', 'C#5']	['m3', 'P5']	[False, False, False]	28.0	3.0	41.0	i	False	('F#', 'A', 'C#')	F#	F#	0.0	minor triad	(1, 6, 9)	f#	f#	1	None	False	['F#', 'A', 'C#', 'F#', 'A', 'C#', 'F#', 'A', 'C#', 'F#', 'A', 'C#', 'F#', 'A', 'C#', 'F#', 'A', 'C#', 'F#', 'A', 'C#', 'F#', 'A', 'C#', 'F#', 'A', 'C#', 'F#', 'A', 'C#', 'F#', 'A', 'C#', 'F#', 'A', 'C#', 'F#', 'A', 'C#', 'F#', 'A', 'C#', 'F#', 'A', 'C#', 'F#', 'A', 'C#', 'F#', 'A', 'C#', 'F#', 'A', 'C#', 'F#', 'A', 'C#', 'F#', 'A', 'C#', 'F#', 'A', 'C#', 'F#', 'A', 'C#', 'F#', 'A', 'C#', 'F#', 'A', 'C#']	0.0	0.0	0.0	0.0
82.125	3.0	28.0	['F#4', 'A4', 'C#5']	['m3', 'P5']	[False, False, False]	28.0	3.0	41.0	i	False	('F#', 'A', 'C#')	F#	F#	0.0	minor triad	(1, 6, 9)	f#	f#	1	None	False	['F#', 'A', 'C#', 'F#', 'A', 'C#', 'F#', 'A', 'C#', 'F#', 'A', 'C#', 'F#', 'A', 'C#', 'F#', 'A', 'C#', 'F#', 'A', 'C#', 'F#', 'A', 'C#', 'F#', 'A', 'C#', 'F#', 'A', 'C#', 'F#', 'A', 'C#', 'F#', 'A', 'C#', 'F#', 'A', 'C#', 'F#', 'A', 'C#', 'F#', 'A', 'C#', 'F#', 'A', 'C#', 'F#', 'A', 'C#', 'F#', 'A', 'C#', 'F#', 'A', 'C#', 'F#', 'A', 'C#', 'F#', 'A', 'C#', 'F#', 'A', 'C#', 'F#', 'A', 'C#', 'F#', 'A', 'C#']	0.0	0.0	0.0	0.0
82.25	3.0	28.0	['F#4', 'A4', 'C#5']	['m3', 'P5']	[False, False, False]	28.0	3.0	41.0	i	False	('F#', 'A', 'C#')	F#	F#	0.0	minor triad	(1, 6, 9)	f#	f#	1	None	False	['F#', 'A', 'C#', 'F#', 'A', 'C#', 'F#', 'A', 'C#', 'F#', 'A', 'C#', 'F#', 'A', 'C#', 'F#', 'A', 'C#', 'F#', 'A', 'C#', 'F#', 'A', 'C#', 'F#', 'A', 'C#', 'F#', 'A', 'C#', 'F#', 'A', 'C#', 'F#', 'A', 'C#', 'F#', 'A', 'C#', 'F#', 'A', 'C#', 'F#', 'A', 'C#', 'F#', 'A', 'C#', 'F#', 'A', 'C#', 'F#', 'A', 'C#', 'F#', 'A', 'C#', 'F#', 'A', 'C#', 'F#', 'A', 'C#', 'F#', 'A', 'C#', 'F#', 'A', 'C#', 'F#', 'A', 'C#']	0.0	0.0	0.0	0.0
82.375	3.0	28.0	['F#4', 'A4', 'C#5']	['m3', 'P5']	[False, False, False]	28.0	3.0	41.0	i	False	('F#', 'A', 'C#')	F#	F#	0.0	minor triad	(1, 6, 9)	f#	f#	1	None	False	['F#', 'A', 'C#', 'F#', 'A', 'C#', 'F#', 'A', 'C#', 'F#', 'A', 'C#', 'F#', 'A', 'C#', 'F#', 'A', 'C#', 'F#', 'A', 'C#', 'F#', 'A', 'C#', 'F#', 'A', 'C#', 'F#', 'A', 'C#', 'F#', 'A', 'C#', 'F#', 'A', 'C#', 'F#', 'A', 'C#', 'F#', 'A', 'C#', 'F#', 'A', 'C#', 'F#', 'A', 'C#', 'F#', 'A', 'C#', 'F#', 'A', 'C#', 'F#', 'A', 'C#', 'F#', 'A', 'C#', 'F#', 'A', 'C#', 'F#', 'A', 'C#', 'F#', 'A', 'C#', 'F#', 'A', 'C#']	0.0	0.0	0.0	0.0
82.5	3.0	28.0	['F#4', 'A4', 'C#5']	['m3', 'P5']	[False, False, False]	28.0	3.0	41.0	i	False	('F#', 'A', 'C#')	F#	F#	0.0	minor triad	(1, 6, 9)	f#	f#	1	None	False	['F#', 'A', 'C#', 'F#', 'A', 'C#', 'F#', 'A', 'C#', 'F#', 'A', 'C#', 'F#', 'A', 'C#', 'F#', 'A', 'C#', 'F#', 'A', 'C#', 'F#', 'A', 'C#', 'F#', 'A', 'C#', 'F#', 'A', 'C#', 'F#', 'A', 'C#', 'F#', 'A', 'C#', 'F#', 'A', 'C#', 'F#', 'A', 'C#', 'F#', 'A', 'C#', 'F#', 'A', 'C#', 'F#', 'A', 'C#', 'F#', 'A', 'C#', 'F#', 'A', 'C#', 'F#', 'A', 'C#', 'F#', 'A', 'C#', 'F#', 'A', 'C#', 'F#', 'A', 'C#', 'F#', 'A', 'C#']	0.0	0.0	0.0	0.0
82.625	3.0	28.0	['F#4', 'A4', 'C#5']	['m3', 'P5']	[False, False, False]	28.0	3.0	41.0	i	False	('F#', 'A', 'C#')	F#	F#	0.0	minor triad	(1, 6, 9)	f#	f#	1	None	False	['F#', 'A', 'C#', 'F#', 'A', 'C#', 'F#', 'A', 'C#', 'F#', 'A', 'C#', 'F#', 'A', 'C#', 'F#', 'A', 'C#', 'F#', 'A', 'C#', 'F#', 'A', 'C#', 'F#', 'A', 'C#', 'F#', 'A', 'C#', 'F#', 'A', 'C#', 'F#', 'A', 'C#', 'F#', 'A', 'C#', 'F#', 'A', 'C#', 'F#', 'A', 'C#', 'F#', 'A', 'C#', 'F#', 'A', 'C#', 'F#', 'A', 'C#', 'F#', 'A', 'C#', 'F#', 'A', 'C#', 'F#', 'A', 'C#', 'F#', 'A', 'C#', 'F#', 'A', 'C#', 'F#', 'A', 'C#']	0.0	0.0	0.0	0.0
82.75	3.0	28.0	['F#4', 'A4', 'C#5']	['m3', 'P5']	[False, False, False]	28.0	3.0	41.0	i	False	('F#', 'A', 'C#')	F#	F#	0.0	minor triad	(1, 6, 9)	f#	f#	1	None	False	['F#', 'A', 'C#', 'F#', 'A', 'C#', 'F#', 'A', 'C#', 'F#', 'A', 'C#', 'F#', 'A', 'C#', 'F#', 'A', 'C#', 'F#', 'A', 'C#', 'F#', 'A', 'C#', 'F#', 'A', 'C#', 'F#', 'A', 'C#', 'F#', 'A', 'C#', 'F#', 'A', 'C#', 'F#', 'A', 'C#', 'F#', 'A', 'C#', 'F#', 'A', 'C#', 'F#', 'A', 'C#', 'F#', 'A', 'C#', 'F#', 'A', 'C#', 'F#', 'A', 'C#', 'F#', 'A', 'C#', 'F#', 'A', 'C#', 'F#', 'A', 'C#', 'F#', 'A', 'C#', 'F#', 'A', 'C#']	0.0	0.0	0.0	0.0
82.875	3.0	28.0	['F#4', 'A4', 'C#5']	['m3', 'P5']	[False, False, False]	28.0	3.0	41.0	i	False	('F#', 'A', 'C#')	F#	F#	0.0	minor triad	(1, 6, 9)	f#	f#	1	None	False	['F#', 'A', 'C#', 'F#', 'A', 'C#', 'F#', 'A', 'C#', 'F#', 'A', 'C#', 'F#', 'A', 'C#', 'F#', 'A', 'C#', 'F#', 'A', 'C#', 'F#', 'A', 'C#', 'F#', 'A', 'C#', 'F#', 'A', 'C#', 'F#', 'A', 'C#', 'F#', 'A', 'C#', 'F#', 'A', 'C#', 'F#', 'A', 'C#', 'F#', 'A', 'C#', 'F#', 'A', 'C#', 'F#', 'A', 'C#', 'F#', 'A', 'C#', 'F#', 'A', 'C#', 'F#', 'A', 'C#', 'F#', 'A', 'C#', 'F#', 'A', 'C#', 'F#', 'A', 'C#', 'F#', 'A', 'C#']	0.0	0.0	0.0	0.0
83.0	3.0	28.0	['F#4', 'A4', 'C#5']	['m3', 'P5']	[False, False, False]	28.0	3.0	41.0	i	False	('F#', 'A', 'C#')	F#	F#	0.0	minor triad	(1, 6, 9)	f#	f#	1	None	False	['F#', 'A', 'C#', 'F#', 'A', 'C#', 'F#', 'A', 'C#', 'F#', 'A', 'C#', 'F#', 'A', 'C#', 'F#', 'A', 'C#', 'F#', 'A', 'C#', 'F#', 'A', 'C#', 'F#', 'A', 'C#', 'F#', 'A', 'C#', 'F#', 'A', 'C#', 'F#', 'A', 'C#', 'F#', 'A', 'C#', 'F#', 'A', 'C#', 'F#', 'A', 'C#', 'F#', 'A', 'C#', 'F#', 'A', 'C#', 'F#', 'A', 'C#', 'F#', 'A', 'C#', 'F#', 'A', 'C#', 'F#', 'A', 'C#', 'F#', 'A', 'C#', 'F#', 'A', 'C#', 'F#', 'A', 'C#']	0.0	0.0	0.0	0.0
83.125	3.0	28.0	['F#4', 'A4', 'C#5']	['m3', 'P5']	[False, False, False]	28.0	3.0	41.0	i	False	('F#', 'A', 'C#')	F#	F#	0.0	minor triad	(1, 6, 9)	f#	f#	1	None	False	['F#', 'A', 'C#', 'F#', 'A', 'C#', 'F#', 'A', 'C#', 'F#', 'A', 'C#', 'F#', 'A', 'C#', 'F#', 'A', 'C#', 'F#', 'A', 'C#', 'F#', 'A', 'C#', 'F#', 'A', 'C#', 'F#', 'A', 'C#', 'F#', 'A', 'C#', 'F#', 'A', 'C#', 'F#', 'A', 'C#', 'F#', 'A', 'C#', 'F#', 'A', 'C#', 'F#', 'A', 'C#', 'F#', 'A', 'C#', 'F#', 'A', 'C#', 'F#', 'A', 'C#', 'F#', 'A', 'C#', 'F#', 'A', 'C#', 'F#', 'A', 'C#', 'F#', 'A', 'C#', 'F#', 'A', 'C#']	0.0	0.0	0.0	0.0
83.25	3.0	28.0	['F#4', 'A4', 'C#5']	['m3', 'P5']	[False, False, False]	28.0	3.0	41.0	i	False	('F#', 'A', 'C#')	F#	F#	0.0	minor triad	(1, 6, 9)	f#	f#	1	None	False	['F#', 'A', 'C#', 'F#', 'A', 'C#', 'F#', 'A', 'C#', 'F#', 'A', 'C#', 'F#', 'A', 'C#', 'F#', 'A', 'C#', 'F#', 'A', 'C#', 'F#', 'A', 'C#', 'F#', 'A', 'C#', 'F#', 'A', 'C#', 'F#', 'A', 'C#', 'F#', 'A', 'C#', 'F#', 'A', 'C#', 'F#', 'A', 'C#', 'F#', 'A', 'C#', 'F#', 'A', 'C#', 'F#', 'A', 'C#', 'F#', 'A', 'C#', 'F#', 'A', 'C#', 'F#', 'A', 'C#', 'F#', 'A', 'C#', 'F#', 'A', 'C#', 'F#', 'A', 'C#', 'F#', 'A', 'C#']	0.0	0.0	0.0	0.0
83.375	3.0	28.0	['F#4', 'A4', 'C#5']	['m3', 'P5']	[False, False, False]	28.0	3.0	41.0	i	False	('F#', 'A', 'C#')	F#	F#	0.0	minor triad	(1, 6, 9)	f#	f#	1	None	False	['F#', 'A', 'C#', 'F#', 'A', 'C#', 'F#', 'A', 'C#', 'F#', 'A', 'C#', 'F#', 'A', 'C#', 'F#', 'A', 'C#', 'F#', 'A', 'C#', 'F#', 'A', 'C#', 'F#', 'A', 'C#', 'F#', 'A', 'C#', 'F#', 'A', 'C#', 'F#', 'A', 'C#', 'F#', 'A', 'C#', 'F#', 'A', 'C#', 'F#', 'A', 'C#', 'F#', 'A', 'C#', 'F#', 'A', 'C#', 'F#', 'A', 'C#', 'F#', 'A', 'C#', 'F#', 'A', 'C#', 'F#', 'A', 'C#', 'F#', 'A', 'C#', 'F#', 'A', 'C#', 'F#', 'A', 'C#']	0.0	0.0	0.0	0.0
83.5	3.0	28.0	['F#4', 'A4', 'C#5']	['m3', 'P5']	[False, False, False]	28.0	3.0	41.0	i	False	('F#', 'A', 'C#')	F#	F#	0.0	minor triad	(1, 6, 9)	f#	f#	1	None	False	['F#', 'A', 'C#', 'F#', 'A', 'C#', 'F#', 'A', 'C#', 'F#', 'A', 'C#', 'F#', 'A', 'C#', 'F#', 'A', 'C#', 'F#', 'A', 'C#', 'F#', 'A', 'C#', 'F#', 'A', 'C#', 'F#', 'A', 'C#', 'F#', 'A', 'C#', 'F#', 'A', 'C#', 'F#', 'A', 'C#', 'F#', 'A', 'C#', 'F#', 'A', 'C#', 'F#', 'A', 'C#', 'F#', 'A', 'C#', 'F#', 'A', 'C#', 'F#', 'A', 'C#', 'F#', 'A', 'C#', 'F#', 'A', 'C#', 'F#', 'A', 'C#', 'F#', 'A', 'C#', 'F#', 'A', 'C#']	0.0	0.0	0.0	0.0
83.625	3.0	28.0	['F#4', 'A4', 'C#5']	['m3', 'P5']	[False, False, False]	28.0	3.0	41.0	i	False	('F#', 'A', 'C#')	F#	F#	0.0	minor triad	(1, 6, 9)	f#	f#	1	None	False	['F#', 'A', 'C#', 'F#', 'A', 'C#', 'F#', 'A', 'C#', 'F#', 'A', 'C#', 'F#', 'A', 'C#', 'F#', 'A', 'C#', 'F#', 'A', 'C#', 'F#', 'A', 'C#', 'F#', 'A', 'C#', 'F#', 'A', 'C#', 'F#', 'A', 'C#', 'F#', 'A', 'C#', 'F#', 'A', 'C#', 'F#', 'A', 'C#', 'F#', 'A', 'C#', 'F#', 'A', 'C#', 'F#', 'A', 'C#', 'F#', 'A', 'C#', 'F#', 'A', 'C#', 'F#', 'A', 'C#', 'F#', 'A', 'C#', 'F#', 'A', 'C#', 'F#', 'A', 'C#', 'F#', 'A', 'C#']	0.0	0.0	0.0	0.0
83.75	3.0	28.0	['F#4', 'A4', 'C#5']	['m3', 'P5']	[False, False, False]	28.0	3.0	41.0	i	False	('F#', 'A', 'C#')	F#	F#	0.0	minor triad	(1, 6, 9)	f#	f#	1	None	False	['F#', 'A', 'C#', 'F#', 'A', 'C#', 'F#', 'A', 'C#', 'F#', 'A', 'C#', 'F#', 'A', 'C#', 'F#', 'A', 'C#', 'F#', 'A', 'C#', 'F#', 'A', 'C#', 'F#', 'A', 'C#', 'F#', 'A', 'C#', 'F#', 'A', 'C#', 'F#', 'A', 'C#', 'F#', 'A', 'C#', 'F#', 'A', 'C#', 'F#', 'A', 'C#', 'F#', 'A', 'C#', 'F#', 'A', 'C#', 'F#', 'A', 'C#', 'F#', 'A', 'C#', 'F#', 'A', 'C#', 'F#', 'A', 'C#', 'F#', 'A', 'C#', 'F#', 'A', 'C#', 'F#', 'A', 'C#']	0.0	0.0	0.0	0.0
83.875	3.0	28.0	['F#4', 'A4', 'C#5']	['m3', 'P5']	[False, False, False]	28.0	3.0	41.0	i	False	('F#', 'A', 'C#')	F#	F#	0.0	minor triad	(1, 6, 9)	f#	f#	1	None	False	['F#', 'A', 'C#', 'F#', 'A', 'C#', 'F#', 'A', 'C#', 'F#', 'A', 'C#', 'F#', 'A', 'C#', 'F#', 'A', 'C#', 'F#', 'A', 'C#', 'F#', 'A', 'C#', 'F#', 'A', 'C#', 'F#', 'A', 'C#', 'F#', 'A', 'C#', 'F#', 'A', 'C#', 'F#', 'A', 'C#', 'F#', 'A', 'C#', 'F#', 'A', 'C#', 'F#', 'A', 'C#', 'F#', 'A', 'C#', 'F#', 'A', 'C#', 'F#', 'A', 'C#', 'F#', 'A', 'C#', 'F#', 'A', 'C#', 'F#', 'A', 'C#', 'F#', 'A', 'C#', 'F#', 'A', 'C#']	0.0	0.0	0.0	0.0
84.0	0.25	29.0	['F#4']	[]	[True]	29.0	1.0	42.0	i	True	('F#', 'A', 'C#')	F#	F#	0.0	minor triad	(1, 6, 9)	f#	f#	1	None	False	['F#', 'F#', 'C#', 'C#', 'A', 'A', 'C#', 'C#']	0.0	0.0	0.0	0.75
84.125	0.25	29.0	['F#4']	[]	[False]	29.0	1.0	42.0	i	False	('F#', 'A', 'C#')	F#	F#	0.0	minor triad	(1, 6, 9)	f#	f#	1	None	False	['F#', 'F#', 'C#', 'C#', 'A', 'A', 'C#', 'C#']	0.0	0.0	0.0	0.75
84.25	0.25	29.0	['C#5']	[]	[True]	29.0	1.0	42.0	i	False	('F#', 'A', 'C#')	F#	F#	0.0	minor triad	(1, 6, 9)	f#	f#	1	None	False	['F#', 'F#', 'C#', 'C#', 'A', 'A', 'C#', 'C#']	0.0	0.0	0.0	0.75
84.375	0.25	29.0	['C#5']	[]	[False]	29.0	1.0	42.0	i	False	('F#', 'A', 'C#')	F#	F#	0.0	minor triad	(1, 6, 9)	f#	f#	1	None	False	['F#', 'F#', 'C#', 'C#', 'A', 'A', 'C#', 'C#']	0.0	0.0	0.0	0.75
84.5	0.25	29.0	['A4']	[]	[True]	29.0	1.0	42.0	i	False	('F#', 'A', 'C#')	F#	F#	0.0	minor triad	(1, 6, 9)	f#	f#	1	None	False	['F#', 'F#', 'C#', 'C#', 'A', 'A', 'C#', 'C#']	0.0	0.0	0.0	0.75
84.625	0.25	29.0	['A4']	[]	[False]	29.0	1.0	42.0	i	False	('F#', 'A', 'C#')	F#	F#	0.0	minor triad	(1, 6, 9)	f#	f#	1	None	False	['F#', 'F#', 'C#', 'C#', 'A', 'A', 'C#', 'C#']	0.0	0.0	0.0	0.75
84.75	0.25	29.0	['C#5']	[]	[True]	29.0	1.0	42.0	i	False	('F#', 'A', 'C#')	F#	F#	0.0	minor triad	(1, 6, 9)	f#	f#	1	None	False	['F#', 'F#', 'C#', 'C#', 'A', 'A', 'C#', 'C#']	0.0	0.0	0.0	0.75
84.875	0.25	29.0	['C#5']	[]	[False]	29.0	1.0	42.0	i	False	('F#', 'A', 'C#')	F#	F#	0.0	minor triad	(1, 6, 9)	f#	f#	1	None	False	['F#', 'F#', 'C#', 'C#', 'A', 'A', 'C#', 'C#']	0.0	0.0	0.0	0.75
85.0	0.5	29.0	['G#4']	[]	[True]	29.0	2.0	43.0	V7	True	('G#', 'B', 'C#', 'E#')	G#	C#	2.0	dominant seventh chord	(1, 5, 8, 11)	f#	f#	5	None	False	['G#', 'G#', 'G#', 'G#', 'E#', 'E#', 'E#', 'E#', 'B', 'B', 'B', 'B', 'C#', 'C#', 'C#', 'C#']	0.0	0.0	0.0	0.75
85.125	0.5	29.0	['G#4']	[]	[False]	29.0	2.0	43.0	V7	False	('G#', 'B', 'C#', 'E#')	G#	C#	2.0	dominant seventh chord	(1, 5, 8, 11)	f#	f#	5	None	False	['G#', 'G#', 'G#', 'G#', 'E#', 'E#', 'E#', 'E#', 'B', 'B', 'B', 'B', 'C#', 'C#', 'C#', 'C#']	0.0	0.0	0.0	0.75
85.25	0.5	29.0	['G#4']	[]	[False]	29.0	2.0	43.0	V7	False	('G#', 'B', 'C#', 'E#')	G#	C#	2.0	dominant seventh chord	(1, 5, 8, 11)	f#	f#	5	None	False	['G#', 'G#', 'G#', 'G#', 'E#', 'E#', 'E#', 'E#', 'B', 'B', 'B', 'B', 'C#', 'C#', 'C#', 'C#']	0.0	0.0	0.0	0.75
85.375	0.5	29.0	['G#4']	[]	[False]	29.0	2.0	43.0	V7	False	('G#', 'B', 'C#', 'E#')	G#	C#	2.0	dominant seventh chord	(1, 5, 8, 11)	f#	f#	5	None	False	['G#', 'G#', 'G#', 'G#', 'E#', 'E#', 'E#', 'E#', 'B', 'B', 'B', 'B', 'C#', 'C#', 'C#', 'C#']	0.0	0.0	0.0	0.75
85.5	0.5	29.0	['E#5']	[]	[True]	29.0	2.0	43.0	V7	False	('G#', 'B', 'C#', 'E#')	G#	C#	2.0	dominant seventh chord	(1, 5, 8, 11)	f#	f#	5	None	False	['G#', 'G#', 'G#', 'G#', 'E#', 'E#', 'E#', 'E#', 'B', 'B', 'B', 'B', 'C#', 'C#', 'C#', 'C#']	0.0	0.0	0.0	0.75
85.625	0.5	29.0	['E#5']	[]	[False]	29.0	2.0	43.0	V7	False	('G#', 'B', 'C#', 'E#')	G#	C#	2.0	dominant seventh chord	(1, 5, 8, 11)	f#	f#	5	None	False	['G#', 'G#', 'G#', 'G#', 'E#', 'E#', 'E#', 'E#', 'B', 'B', 'B', 'B', 'C#', 'C#', 'C#', 'C#']	0.0	0.0	0.0	0.75
85.75	0.5	29.0	['E#5']	[]	[False]	29.0	2.0	43.0	V7	False	('G#', 'B', 'C#', 'E#')	G#	C#	2.0	dominant seventh chord	(1, 5, 8, 11)	f#	f#	5	None	False	['G#', 'G#', 'G#', 'G#', 'E#', 'E#', 'E#', 'E#', 'B', 'B', 'B', 'B', 'C#', 'C#', 'C#', 'C#']	0.0	0.0	0.0	0.75
85.875	0.5	29.0	['E#5']	[]	[False]	29.0	2.0	43.0	V7	False	('G#', 'B', 'C#', 'E#')	G#	C#	2.0	dominant seventh chord	(1, 5, 8, 11)	f#	f#	5	None	False	['G#', 'G#', 'G#', 'G#', 'E#', 'E#', 'E#', 'E#', 'B', 'B', 'B', 'B', 'C#', 'C#', 'C#', 'C#']	0.0	0.0	0.0	0.75
86.0	0.5	29.0	['B4']	[]	[True]	29.0	2.0	43.0	V7	False	('G#', 'B', 'C#', 'E#')	G#	C#	2.0	dominant seventh chord	(1, 5, 8, 11)	f#	f#	5	None	False	['G#', 'G#', 'G#', 'G#', 'E#', 'E#', 'E#', 'E#', 'B', 'B', 'B', 'B', 'C#', 'C#', 'C#', 'C#']	0.0	0.0	0.0	0.75
86.125	0.5	29.0	['B4']	[]	[False]	29.0	2.0	43.0	V7	False	('G#', 'B', 'C#', 'E#')	G#	C#	2.0	dominant seventh chord	(1, 5, 8, 11)	f#	f#	5	None	False	['G#', 'G#', 'G#', 'G#', 'E#', 'E#', 'E#', 'E#', 'B', 'B', 'B', 'B', 'C#', 'C#', 'C#', 'C#']	0.0	0.0	0.0	0.75
86.25	0.5	29.0	['B4']	[]	[False]	29.0	2.0	43.0	V7	False	('G#', 'B', 'C#', 'E#')	G#	C#	2.0	dominant seventh chord	(1, 5, 8, 11)	f#	f#	5	None	False	['G#', 'G#', 'G#', 'G#', 'E#', 'E#', 'E#', 'E#', 'B', 'B', 'B', 'B', 'C#', 'C#', 'C#', 'C#']	0.0	0.0	0.0	0.75
86.375	0.5	29.0	['B4']	[]	[False]	29.0	2.0	43.0	V7	False	('G#', 'B', 'C#', 'E#')	G#	C#	2.0	dominant seventh chord	(1, 5, 8, 11)	f#	f#	5	None	False	['G#', 'G#', 'G#', 'G#', 'E#', 'E#', 'E#', 'E#', 'B', 'B', 'B', 'B', 'C#', 'C#', 'C#', 'C#']	0.0	0.0	0.0	0.75
86.5	0.5	29.0	['C#5']	[]	[True]	29.0	2.0	43.0	V7	False	('G#', 'B', 'C#', 'E#')	G#	C#	2.0	dominant seventh chord	(1, 5, 8, 11)	f#	f#	5	None	False	['G#', 'G#', 'G#', 'G#', 'E#', 'E#', 'E#', 'E#', 'B', 'B', 'B', 'B', 'C#', 'C#', 'C#', 'C#']	0.0	0.0	0.0	0.75
86.625	0.5	29.0	['C#5']	[]	[False]	29.0	2.0	43.0	V7	False	('G#', 'B', 'C#', 'E#')	G#	C#	2.0	dominant seventh chord	(1, 5, 8, 11)	f#	f#	5	None	False	['G#', 'G#', 'G#', 'G#', 'E#', 'E#', 'E#', 'E#', 'B', 'B', 'B', 'B', 'C#', 'C#', 'C#', 'C#']	0.0	0.0	0.0	0.75
86.75	0.5	29.0	['C#5']	[]	[False]	29.0	2.0	43.0	V7	False	('G#', 'B', 'C#', 'E#')	G#	C#	2.0	dominant seventh chord	(1, 5, 8, 11)	f#	f#	5	None	False	['G#', 'G#', 'G#', 'G#', 'E#', 'E#', 'E#', 'E#', 'B', 'B', 'B', 'B', 'C#', 'C#', 'C#', 'C#']	0.0	0.0	0.0	0.75
86.875	0.5	29.0	['C#5']	[]	[False]	29.0	2.0	43.0	V7	False	('G#', 'B', 'C#', 'E#')	G#	C#	2.0	dominant seventh chord	(1, 5, 8, 11)	f#	f#	5	None	False	['G#', 'G#', 'G#', 'G#', 'E#', 'E#', 'E#', 'E#', 'B', 'B', 'B', 'B', 'C#', 'C#', 'C#', 'C#']	0.0	0.0	0.0	0.75
87.0	0.25	30.0	['F#4']	[]	[True]	30.0	1.0	44.0	i	True	('F#', 'A', 'C#')	F#	F#	0.0	minor triad	(1, 6, 9)	f#	f#	1	None	False	['F#', 'F#', 'C#', 'C#', 'A', 'A', 'C#', 'C#']	0.0	0.0	0.0	0.75
87.125	0.25	30.0	['F#4']	[]	[False]	30.0	1.0	44.0	i	False	('F#', 'A', 'C#')	F#	F#	0.0	minor triad	(1, 6, 9)	f#	f#	1	None	False	['F#', 'F#', 'C#', 'C#', 'A', 'A', 'C#', 'C#']	0.0	0.0	0.0	0.75
87.25	0.25	30.0	['C#5']	[]	[True]	30.0	1.0	44.0	i	False	('F#', 'A', 'C#')	F#	F#	0.0	minor triad	(1, 6, 9)	f#	f#	1	None	False	['F#', 'F#', 'C#', 'C#', 'A', 'A', 'C#', 'C#']	0.0	0.0	0.0	0.75
87.375	0.25	30.0	['C#5']	[]	[False]	30.0	1.0	44.0	i	False	('F#', 'A', 'C#')	F#	F#	0.0	minor triad	(1, 6, 9)	f#	f#	1	None	False	['F#', 'F#', 'C#', 'C#', 'A', 'A', 'C#', 'C#']	0.0	0.0	0.0	0.75
87.5	0.25	30.0	['A4']	[]	[True]	30.0	1.0	44.0	i	False	('F#', 'A', 'C#')	F#	F#	0.0	minor triad	(1, 6, 9)	f#	f#	1	None	False	['F#', 'F#', 'C#', 'C#', 'A', 'A', 'C#', 'C#']	0.0	0.0	0.0	0.75
87.625	0.25	30.0	['A4']	[]	[False]	30.0	1.0	44.0	i	False	('F#', 'A', 'C#')	F#	F#	0.0	minor triad	(1, 6, 9)	f#	f#	1	None	False	['F#', 'F#', 'C#', 'C#', 'A', 'A', 'C#', 'C#']	0.0	0.0	0.0	0.75
87.75	0.25	30.0	['C#5']	[]	[True]	30.0	1.0	44.0	i	False	('F#', 'A', 'C#')	F#	F#	0.0	minor triad	(1, 6, 9)	f#	f#	1	None	False	['F#', 'F#', 'C#', 'C#', 'A', 'A', 'C#', 'C#']	0.0	0.0	0.0	0.75
87.875	0.25	30.0	['C#5']	[]	[False]	30.0	1.0	44.0	i	False	('F#', 'A', 'C#')	F#	F#	0.0	minor triad	(1, 6, 9)	f#	f#	1	None	False	['F#', 'F#', 'C#', 'C#', 'A', 'A', 'C#', 'C#']	0.0	0.0	0.0	0.75
88.0	0.5	30.0	['E#5']	[]	[True]	30.0	2.0	45.0	V7	True	('G#', 'B', 'C#', 'E#')	G#	C#	2.0	dominant seventh chord	(1, 5, 8, 11)	f#	f#	5	None	False	['E#', 'E#', 'E#', 'E#', 'G#', 'G#', 'C#', 'C#', 'B', 'B', 'C#', 'C#', 'G#', 'B', 'C#', 'G#', 'B', 'C#', 'G#', 'B', 'C#', 'G#', 'B', 'C#']	0.0	0.0	0.0	0.62
88.125	0.5	30.0	['E#5']	[]	[False]	30.0	2.0	45.0	V7	False	('G#', 'B', 'C#', 'E#')	G#	C#	2.0	dominant seventh chord	(1, 5, 8, 11)	f#	f#	5	None	False	['E#', 'E#', 'E#', 'E#', 'G#', 'G#', 'C#', 'C#', 'B', 'B', 'C#', 'C#', 'G#', 'B', 'C#', 'G#', 'B', 'C#', 'G#', 'B', 'C#', 'G#', 'B', 'C#']	0.0	0.0	0.0	0.62
88.25	0.5	30.0	['E#5']	[]	[False]	30.0	2.0	45.0	V7	False	('G#', 'B', 'C#', 'E#')	G#	C#	2.0	dominant seventh chord	(1, 5, 8, 11)	f#	f#	5	None	False	['E#', 'E#', 'E#', 'E#', 'G#', 'G#', 'C#', 'C#', 'B', 'B', 'C#', 'C#', 'G#', 'B', 'C#', 'G#', 'B', 'C#', 'G#', 'B', 'C#', 'G#', 'B', 'C#']	0.0	0.0	0.0	0.62
88.375	0.5	30.0	['E#5']	[]	[False]	30.0	2.0	45.0	V7	False	('G#', 'B', 'C#', 'E#')	G#	C#	2.0	dominant seventh chord	(1, 5, 8, 11)	f#	f#	5	None	False	['E#', 'E#', 'E#', 'E#', 'G#', 'G#', 'C#', 'C#', 'B', 'B', 'C#', 'C#', 'G#', 'B', 'C#', 'G#', 'B', 'C#', 'G#', 'B', 'C#', 'G#', 'B', 'C#']	0.0	0.0	0.0	0.62
88.5	0.25	30.0	['G#4']	[]	[True]	30.0	2.0	45.0	V7	False	('G#', 'B', 'C#', 'E#')	G#	C#	2.0	dominant seventh chord	(1, 5, 8, 11)	f#	f#	5	None	False	['E#', 'E#', 'E#', 'E#', 'G#', 'G#', 'C#', 'C#', 'B', 'B', 'C#', 'C#', 'G#', 'B', 'C#', 'G#', 'B', 'C#', 'G#', 'B', 'C#', 'G#', 'B', 'C#']	0.0	0.0	0.0	0.62
88.625	0.25	30.0	['G#4']	[]	[False]	30.0	2.0	45.0	V7	False	('G#', 'B', 'C#', 'E#')	G#	C#	2.0	dominant seventh chord	(1, 5, 8, 11)	f#	f#	5	None	False	['E#', 'E#', 'E#', 'E#', 'G#', 'G#', 'C#', 'C#', 'B', 'B', 'C#', 'C#', 'G#', 'B', 'C#', 'G#', 'B', 'C#', 'G#', 'B', 'C#', 'G#', 'B', 'C#']	0.0	0.0	0.0	0.62
88.75	0.25	30.0	['C#5']	[]	[True]	30.0	2.0	45.0	V7	False	('G#', 'B', 'C#', 'E#')	G#	C#	2.0	dominant seventh chord	(1, 5, 8, 11)	f#	f#	5	None	False	['E#', 'E#', 'E#', 'E#', 'G#', 'G#', 'C#', 'C#', 'B', 'B', 'C#', 'C#', 'G#', 'B', 'C#', 'G#', 'B', 'C#', 'G#', 'B', 'C#', 'G#', 'B', 'C#']	0.0	0.0	0.0	0.62
88.875	0.25	30.0	['C#5']	[]	[False]	30.0	2.0	45.0	V7	False	('G#', 'B', 'C#', 'E#')	G#	C#	2.0	dominant seventh chord	(1, 5, 8, 11)	f#	f#	5	None	False	['E#', 'E#', 'E#', 'E#', 'G#', 'G#', 'C#', 'C#', 'B', 'B', 'C#', 'C#', 'G#', 'B', 'C#', 'G#', 'B', 'C#', 'G#', 'B', 'C#', 'G#', 'B', 'C#']	0.0	0.0	0.0	0.62
89.0	0.25	30.0	['B4']	[]	[True]	30.0	2.0	45.0	V7	False	('G#', 'B', 'C#', 'E#')	G#	C#	2.0	dominant seventh chord	(1, 5, 8, 11)	f#	f#	5	None	False	['E#', 'E#', 'E#', 'E#', 'G#', 'G#', 'C#', 'C#', 'B', 'B', 'C#', 'C#', 'G#', 'B', 'C#', 'G#', 'B', 'C#', 'G#', 'B', 'C#', 'G#', 'B', 'C#']	0.0	0.0	0.0	0.62
89.125	0.25	30.0	['B4']	[]	[False]	30.0	2.0	45.0	V7	False	('G#', 'B', 'C#', 'E#')	G#	C#	2.0	dominant seventh chord	(1, 5, 8, 11)	f#	f#	5	None	False	['E#', 'E#', 'E#', 'E#', 'G#', 'G#', 'C#', 'C#', 'B', 'B', 'C#', 'C#', 'G#', 'B', 'C#', 'G#', 'B', 'C#', 'G#', 'B', 'C#', 'G#', 'B', 'C#']	0.0	0.0	0.0	0.62
89.25	0.25	30.0	['C#5']	[]	[True]	30.0	2.0	45.0	V7	False	('G#', 'B', 'C#', 'E#')	G#	C#	2.0	dominant seventh chord	(1, 5, 8, 11)	f#	f#	5	None	False	['E#', 'E#', 'E#', 'E#', 'G#', 'G#', 'C#', 'C#', 'B', 'B', 'C#', 'C#', 'G#', 'B', 'C#', 'G#', 'B', 'C#', 'G#', 'B', 'C#', 'G#', 'B', 'C#']	0.0	0.0	0.0	0.62
89.375	0.25	30.0	['C#5']	[]	[False]	30.0	2.0	45.0	V7	False	('G#', 'B', 'C#', 'E#')	G#	C#	2.0	dominant seventh chord	(1, 5, 8, 11)	f#	f#	5	None	False	['E#', 'E#', 'E#', 'E#', 'G#', 'G#', 'C#', 'C#', 'B', 'B', 'C#', 'C#', 'G#', 'B', 'C#', 'G#', 'B', 'C#', 'G#', 'B', 'C#', 'G#', 'B', 'C#']	0.0	0.0	0.0	0.62
89.5	0.5	30.0	['G#4', 'B4', 'C#5']	['m3', 'P4']	[True, True, True]	30.0	2.0	45.0	V7	False	('G#', 'B', 'C#', 'E#')	G#	C#	2.0	dominant seventh chord	(1, 5, 8, 11)	f#	f#	5	None	False	['E#', 'E#', 'E#', 'E#', 'G#', 'G#', 'C#', 'C#', 'B', 'B', 'C#', 'C#', 'G#', 'B', 'C#', 'G#', 'B', 'C#', 'G#', 'B', 'C#', 'G#', 'B', 'C#']	0.0	0.0	0.0	0.62
89.625	0.5	30.0	['G#4', 'B4', 'C#5']	['m3', 'P4']	[False, False, False]	30.0	2.0	45.0	V7	False	('G#', 'B', 'C#', 'E#')	G#	C#	2.0	dominant seventh chord	(1, 5, 8, 11)	f#	f#	5	None	False	['E#', 'E#', 'E#', 'E#', 'G#', 'G#', 'C#', 'C#', 'B', 'B', 'C#', 'C#', 'G#', 'B', 'C#', 'G#', 'B', 'C#', 'G#', 'B', 'C#', 'G#', 'B', 'C#']	0.0	0.0	0.0	0.62
89.75	0.5	30.0	['G#4', 'B4', 'C#5']	['m3', 'P4']	[False, False, False]	30.0	2.0	45.0	V7	False	('G#', 'B', 'C#', 'E#')	G#	C#	2.0	dominant seventh chord	(1, 5, 8, 11)	f#	f#	5	None	False	['E#', 'E#', 'E#', 'E#', 'G#', 'G#', 'C#', 'C#', 'B', 'B', 'C#', 'C#', 'G#', 'B', 'C#', 'G#', 'B', 'C#', 'G#', 'B', 'C#', 'G#', 'B', 'C#']	0.0	0.0	0.0	0.62
89.875	0.5	30.0	['G#4', 'B4', 'C#5']	['m3', 'P4']	[False, False, False]	30.0	2.0	45.0	V7	False	('G#', 'B', 'C#', 'E#')	G#	C#	2.0	dominant seventh chord	(1, 5, 8, 11)	f#	f#	5	None	False	['E#', 'E#', 'E#', 'E#', 'G#', 'G#', 'C#', 'C#', 'B', 'B', 'C#', 'C#', 'G#', 'B', 'C#', 'G#', 'B', 'C#', 'G#', 'B', 'C#', 'G#', 'B', 'C#']	0.0	0.0	0.0	0.62
90.0	1.0	31.0	['F#4']	[]	[True]	31.0	2.0	46.0	i	True	('F#', 'A', 'C#')	F#	F#	0.0	minor triad	(1, 6, 9)	f#	f#	1	None	False	['F#', 'F#', 'F#', 'F#', 'F#', 'F#', 'F#', 'F#', 'A', 'C#', 'A', 'C#', 'A', 'C#', 'A', 'C#', 'A', 'C#', 'A', 'C#', 'A', 'C#', 'A', 'C#']	0.0	0.0	0.0	0.5
90.125	1.0	31.0	['F#4']	[]	[False]	31.0	2.0	46.0	i	False	('F#', 'A', 'C#')	F#	F#	0.0	minor triad	(1, 6, 9)	f#	f#	1	None	False	['F#', 'F#', 'F#', 'F#', 'F#', 'F#', 'F#', 'F#', 'A', 'C#', 'A', 'C#', 'A', 'C#', 'A', 'C#', 'A', 'C#', 'A', 'C#', 'A', 'C#', 'A', 'C#']	0.0	0.0	0.0	0.5
90.25	1.0	31.0	['F#4']	[]	[False]	31.0	2.0	46.0	i	False	('F#', 'A', 'C#')	F#	F#	0.0	minor triad	(1, 6, 9)	f#	f#	1	None	False	['F#', 'F#', 'F#', 'F#', 'F#', 'F#', 'F#', 'F#', 'A', 'C#', 'A', 'C#', 'A', 'C#', 'A', 'C#', 'A', 'C#', 'A', 'C#', 'A', 'C#', 'A', 'C#']	0.0	0.0	0.0	0.5
90.375	1.0	31.0	['F#4']	[]	[False]	31.0	2.0	46.0	i	False	('F#', 'A', 'C#')	F#	F#	0.0	minor triad	(1, 6, 9)	f#	f#	1	None	False	['F#', 'F#', 'F#', 'F#', 'F#', 'F#', 'F#', 'F#', 'A', 'C#', 'A', 'C#', 'A', 'C#', 'A', 'C#', 'A', 'C#', 'A', 'C#', 'A', 'C#', 'A', 'C#']	0.0	0.0	0.0	0.5
90.5	1.0	31.0	['F#4']	[]	[False]	31.0	2.0	46.0	i	False	('F#', 'A', 'C#')	F#	F#	0.0	minor triad	(1, 6, 9)	f#	f#	1	None	False	['F#', 'F#', 'F#', 'F#', 'F#', 'F#', 'F#', 'F#', 'A', 'C#', 'A', 'C#', 'A', 'C#', 'A', 'C#', 'A', 'C#', 'A', 'C#', 'A', 'C#', 'A', 'C#']	0.0	0.0	0.0	0.5
90.625	1.0	31.0	['F#4']	[]	[False]	31.0	2.0	46.0	i	False	('F#', 'A', 'C#')	F#	F#	0.0	minor triad	(1, 6, 9)	f#	f#	1	None	False	['F#', 'F#', 'F#', 'F#', 'F#', 'F#', 'F#', 'F#', 'A', 'C#', 'A', 'C#', 'A', 'C#', 'A', 'C#', 'A', 'C#', 'A', 'C#', 'A', 'C#', 'A', 'C#']	0.0	0.0	0.0	0.5
90.75	1.0	31.0	['F#4']	[]	[False]	31.0	2.0	46.0	i	False	('F#', 'A', 'C#')	F#	F#	0.0	minor triad	(1, 6, 9)	f#	f#	1	None	False	['F#', 'F#', 'F#', 'F#', 'F#', 'F#', 'F#', 'F#', 'A', 'C#', 'A', 'C#', 'A', 'C#', 'A', 'C#', 'A', 'C#', 'A', 'C#', 'A', 'C#', 'A', 'C#']	0.0	0.0	0.0	0.5
90.875	1.0	31.0	['F#4']	[]	[False]	31.0	2.0	46.0	i	False	('F#', 'A', 'C#')	F#	F#	0.0	minor triad	(1, 6, 9)	f#	f#	1	None	False	['F#', 'F#', 'F#', 'F#', 'F#', 'F#', 'F#', 'F#', 'A', 'C#', 'A', 'C#', 'A', 'C#', 'A', 'C#', 'A', 'C#', 'A', 'C#', 'A', 'C#', 'A', 'C#']	0.0	0.0	0.0	0.5
91.0	1.0	31.0	['A4', 'C#5']	['M3']	[True, True]	31.0	2.0	46.0	i	False	('F#', 'A', 'C#')	F#	F#	0.0	minor triad	(1, 6, 9)	f#	f#	1	None	False	['F#', 'F#', 'F#', 'F#', 'F#', 'F#', 'F#', 'F#', 'A', 'C#', 'A', 'C#', 'A', 'C#', 'A', 'C#', 'A', 'C#', 'A', 'C#', 'A', 'C#', 'A', 'C#']	0.0	0.0	0.0	0.5
91.125	1.0	31.0	['A4', 'C#5']	['M3']	[False, False]	31.0	2.0	46.0	i	False	('F#', 'A', 'C#')	F#	F#	0.0	minor triad	(1, 6, 9)	f#	f#	1	None	False	['F#', 'F#', 'F#', 'F#', 'F#', 'F#', 'F#', 'F#', 'A', 'C#', 'A', 'C#', 'A', 'C#', 'A', 'C#', 'A', 'C#', 'A', 'C#', 'A', 'C#', 'A', 'C#']	0.0	0.0	0.0	0.5
91.25	1.0	31.0	['A4', 'C#5']	['M3']	[False, False]	31.0	2.0	46.0	i	False	('F#', 'A', 'C#')	F#	F#	0.0	minor triad	(1, 6, 9)	f#	f#	1	None	False	['F#', 'F#', 'F#', 'F#', 'F#', 'F#', 'F#', 'F#', 'A', 'C#', 'A', 'C#', 'A', 'C#', 'A', 'C#', 'A', 'C#', 'A', 'C#', 'A', 'C#', 'A', 'C#']	0.0	0.0	0.0	0.5
91.375	1.0	31.0	['A4', 'C#5']	['M3']	[False, False]	31.0	2.0	46.0	i	False	('F#', 'A', 'C#')	F#	F#	0.0	minor triad	(1, 6, 9)	f#	f#	1	None	False	['F#', 'F#', 'F#', 'F#', 'F#', 'F#', 'F#', 'F#', 'A', 'C#', 'A', 'C#', 'A', 'C#', 'A', 'C#', 'A', 'C#', 'A', 'C#', 'A', 'C#', 'A', 'C#']	0.0	0.0	0.0	0.5
91.5	1.0	31.0	['A4', 'C#5']	['M3']	[False, False]	31.0	2.0	46.0	i	False	('F#', 'A', 'C#')	F#	F#	0.0	minor triad	(1, 6, 9)	f#	f#	1	None	False	['F#', 'F#', 'F#', 'F#', 'F#', 'F#', 'F#', 'F#', 'A', 'C#', 'A', 'C#', 'A', 'C#', 'A', 'C#', 'A', 'C#', 'A', 'C#', 'A', 'C#', 'A', 'C#']	0.0	0.0	0.0	0.5
91.625	1.0	31.0	['A4', 'C#5']	['M3']	[False, False]	31.0	2.0	46.0	i	False	('F#', 'A', 'C#')	F#	F#	0.0	minor triad	(1, 6, 9)	f#	f#	1	None	False	['F#', 'F#', 'F#', 'F#', 'F#', 'F#', 'F#', 'F#', 'A', 'C#', 'A', 'C#', 'A', 'C#', 'A', 'C#', 'A', 'C#', 'A', 'C#', 'A', 'C#', 'A', 'C#']	0.0	0.0	0.0	0.5
91.75	1.0	31.0	['A4', 'C#5']	['M3']	[False, False]	31.0	2.0	46.0	i	False	('F#', 'A', 'C#')	F#	F#	0.0	minor triad	(1, 6, 9)	f#	f#	1	None	False	['F#', 'F#', 'F#', 'F#', 'F#', 'F#', 'F#', 'F#', 'A', 'C#', 'A', 'C#', 'A', 'C#', 'A', 'C#', 'A', 'C#', 'A', 'C#', 'A', 'C#', 'A', 'C#']	0.0	0.0	0.0	0.5
91.875	1.0	31.0	['A4', 'C#5']	['M3']	[False, False]	31.0	2.0	46.0	i	False	('F#', 'A', 'C#')	F#	F#	0.0	minor triad	(1, 6, 9)	f#	f#	1	None	False	['F#', 'F#', 'F#', 'F#', 'F#', 'F#', 'F#', 'F#', 'A', 'C#', 'A', 'C#', 'A', 'C#', 'A', 'C#', 'A', 'C#', 'A', 'C#', 'A', 'C#', 'A', 'C#']	0.0	0.0	0.0	0.5
92.0	0.25	31.0	['C#5']	[]	[True]	31.0	1.0	47.0	V7	True	('C#', 'E#', 'G#', 'B')	C#	C#	0.0	dominant seventh chord	(1, 5, 8, 11)	f#	f#	5	None	False	['C#', 'C#', 'B', 'B', 'E#', 'E#', 'G#', 'G#']	0.0	0.0	0.0	0.75
92.125	0.25	31.0	['C#5']	[]	[False]	31.0	1.0	47.0	V7	False	('C#', 'E#', 'G#', 'B')	C#	C#	0.0	dominant seventh chord	(1, 5, 8, 11)	f#	f#	5	None	False	['C#', 'C#', 'B', 'B', 'E#', 'E#', 'G#', 'G#']	0.0	0.0	0.0	0.75
92.25	0.25	31.0	['B5']	[]	[True]	31.0	1.0	47.0	V7	False	('C#', 'E#', 'G#', 'B')	C#	C#	0.0	dominant seventh chord	(1, 5, 8, 11)	f#	f#	5	None	False	['C#', 'C#', 'B', 'B', 'E#', 'E#', 'G#', 'G#']	0.0	0.0	0.0	0.75
92.375	0.25	31.0	['B5']	[]	[False]	31.0	1.0	47.0	V7	False	('C#', 'E#', 'G#', 'B')	C#	C#	0.0	dominant seventh chord	(1, 5, 8, 11)	f#	f#	5	None	False	['C#', 'C#', 'B', 'B', 'E#', 'E#', 'G#', 'G#']	0.0	0.0	0.0	0.75
92.5	0.25	31.0	['E#5']	[]	[True]	31.0	1.0	47.0	V7	False	('C#', 'E#', 'G#', 'B')	C#	C#	0.0	dominant seventh chord	(1, 5, 8, 11)	f#	f#	5	None	False	['C#', 'C#', 'B', 'B', 'E#', 'E#', 'G#', 'G#']	0.0	0.0	0.0	0.75
92.625	0.25	31.0	['E#5']	[]	[False]	31.0	1.0	47.0	V7	False	('C#', 'E#', 'G#', 'B')	C#	C#	0.0	dominant seventh chord	(1, 5, 8, 11)	f#	f#	5	None	False	['C#', 'C#', 'B', 'B', 'E#', 'E#', 'G#', 'G#']	0.0	0.0	0.0	0.75
92.75	0.25	31.0	['G#5']	[]	[True]	31.0	1.0	47.0	V7	False	('C#', 'E#', 'G#', 'B')	C#	C#	0.0	dominant seventh chord	(1, 5, 8, 11)	f#	f#	5	None	False	['C#', 'C#', 'B', 'B', 'E#', 'E#', 'G#', 'G#']	0.0	0.0	0.0	0.75
92.875	0.25	31.0	['G#5']	[]	[False]	31.0	1.0	47.0	V7	False	('C#', 'E#', 'G#', 'B')	C#	C#	0.0	dominant seventh chord	(1, 5, 8, 11)	f#	f#	5	None	False	['C#', 'C#', 'B', 'B', 'E#', 'E#', 'G#', 'G#']	0.0	0.0	0.0	0.75
93.0	3.0	32.0	['F#4', 'A4', 'C#5']	['m3', 'P5']	[True, True, True]	32.0	3.0	48.0	i	True	('F#', 'A', 'C#')	F#	F#	0.0	minor triad	(1, 6, 9)	f#	f#	1	None	False	['F#', 'A', 'C#', 'F#', 'A', 'C#', 'F#', 'A', 'C#', 'F#', 'A', 'C#', 'F#', 'A', 'C#', 'F#', 'A', 'C#', 'F#', 'A', 'C#', 'F#', 'A', 'C#', 'F#', 'A', 'C#', 'F#', 'A', 'C#', 'F#', 'A', 'C#', 'F#', 'A', 'C#', 'F#', 'A', 'C#', 'F#', 'A', 'C#', 'F#', 'A', 'C#', 'F#', 'A', 'C#', 'F#', 'A', 'C#', 'F#', 'A', 'C#', 'F#', 'A', 'C#', 'F#', 'A', 'C#', 'F#', 'A', 'C#', 'F#', 'A', 'C#', 'F#', 'A', 'C#', 'F#', 'A', 'C#']	0.0	0.0	0.0	0.0
93.125	3.0	32.0	['F#4', 'A4', 'C#5']	['m3', 'P5']	[False, False, False]	32.0	3.0	48.0	i	False	('F#', 'A', 'C#')	F#	F#	0.0	minor triad	(1, 6, 9)	f#	f#	1	None	False	['F#', 'A', 'C#', 'F#', 'A', 'C#', 'F#', 'A', 'C#', 'F#', 'A', 'C#', 'F#', 'A', 'C#', 'F#', 'A', 'C#', 'F#', 'A', 'C#', 'F#', 'A', 'C#', 'F#', 'A', 'C#', 'F#', 'A', 'C#', 'F#', 'A', 'C#', 'F#', 'A', 'C#', 'F#', 'A', 'C#', 'F#', 'A', 'C#', 'F#', 'A', 'C#', 'F#', 'A', 'C#', 'F#', 'A', 'C#', 'F#', 'A', 'C#', 'F#', 'A', 'C#', 'F#', 'A', 'C#', 'F#', 'A', 'C#', 'F#', 'A', 'C#', 'F#', 'A', 'C#', 'F#', 'A', 'C#']	0.0	0.0	0.0	0.0
93.25	3.0	32.0	['F#4', 'A4', 'C#5']	['m3', 'P5']	[False, False, False]	32.0	3.0	48.0	i	False	('F#', 'A', 'C#')	F#	F#	0.0	minor triad	(1, 6, 9)	f#	f#	1	None	False	['F#', 'A', 'C#', 'F#', 'A', 'C#', 'F#', 'A', 'C#', 'F#', 'A', 'C#', 'F#', 'A', 'C#', 'F#', 'A', 'C#', 'F#', 'A', 'C#', 'F#', 'A', 'C#', 'F#', 'A', 'C#', 'F#', 'A', 'C#', 'F#', 'A', 'C#', 'F#', 'A', 'C#', 'F#', 'A', 'C#', 'F#', 'A', 'C#', 'F#', 'A', 'C#', 'F#', 'A', 'C#', 'F#', 'A', 'C#', 'F#', 'A', 'C#', 'F#', 'A', 'C#', 'F#', 'A', 'C#', 'F#', 'A', 'C#', 'F#', 'A', 'C#', 'F#', 'A', 'C#', 'F#', 'A', 'C#']	0.0	0.0	0.0	0.0
93.375	3.0	32.0	['F#4', 'A4', 'C#5']	['m3', 'P5']	[False, False, False]	32.0	3.0	48.0	i	False	('F#', 'A', 'C#')	F#	F#	0.0	minor triad	(1, 6, 9)	f#	f#	1	None	False	['F#', 'A', 'C#', 'F#', 'A', 'C#', 'F#', 'A', 'C#', 'F#', 'A', 'C#', 'F#', 'A', 'C#', 'F#', 'A', 'C#', 'F#', 'A', 'C#', 'F#', 'A', 'C#', 'F#', 'A', 'C#', 'F#', 'A', 'C#', 'F#', 'A', 'C#', 'F#', 'A', 'C#', 'F#', 'A', 'C#', 'F#', 'A', 'C#', 'F#', 'A', 'C#', 'F#', 'A', 'C#', 'F#', 'A', 'C#', 'F#', 'A', 'C#', 'F#', 'A', 'C#', 'F#', 'A', 'C#', 'F#', 'A', 'C#', 'F#', 'A', 'C#', 'F#', 'A', 'C#', 'F#', 'A', 'C#']	0.0	0.0	0.0	0.0
93.5	3.0	32.0	['F#4', 'A4', 'C#5']	['m3', 'P5']	[False, False, False]	32.0	3.0	48.0	i	False	('F#', 'A', 'C#')	F#	F#	0.0	minor triad	(1, 6, 9)	f#	f#	1	None	False	['F#', 'A', 'C#', 'F#', 'A', 'C#', 'F#', 'A', 'C#', 'F#', 'A', 'C#', 'F#', 'A', 'C#', 'F#', 'A', 'C#', 'F#', 'A', 'C#', 'F#', 'A', 'C#', 'F#', 'A', 'C#', 'F#', 'A', 'C#', 'F#', 'A', 'C#', 'F#', 'A', 'C#', 'F#', 'A', 'C#', 'F#', 'A', 'C#', 'F#', 'A', 'C#', 'F#', 'A', 'C#', 'F#', 'A', 'C#', 'F#', 'A', 'C#', 'F#', 'A', 'C#', 'F#', 'A', 'C#', 'F#', 'A', 'C#', 'F#', 'A', 'C#', 'F#', 'A', 'C#', 'F#', 'A', 'C#']	0.0	0.0	0.0	0.0
93.625	3.0	32.0	['F#4', 'A4', 'C#5']	['m3', 'P5']	[False, False, False]	32.0	3.0	48.0	i	False	('F#', 'A', 'C#')	F#	F#	0.0	minor triad	(1, 6, 9)	f#	f#	1	None	False	['F#', 'A', 'C#', 'F#', 'A', 'C#', 'F#', 'A', 'C#', 'F#', 'A', 'C#', 'F#', 'A', 'C#', 'F#', 'A', 'C#', 'F#', 'A', 'C#', 'F#', 'A', 'C#', 'F#', 'A', 'C#', 'F#', 'A', 'C#', 'F#', 'A', 'C#', 'F#', 'A', 'C#', 'F#', 'A', 'C#', 'F#', 'A', 'C#', 'F#', 'A', 'C#', 'F#', 'A', 'C#', 'F#', 'A', 'C#', 'F#', 'A', 'C#', 'F#', 'A', 'C#', 'F#', 'A', 'C#', 'F#', 'A', 'C#', 'F#', 'A', 'C#', 'F#', 'A', 'C#', 'F#', 'A', 'C#']	0.0	0.0	0.0	0.0
93.75	3.0	32.0	['F#4', 'A4', 'C#5']	['m3', 'P5']	[False, False, False]	32.0	3.0	48.0	i	False	('F#', 'A', 'C#')	F#	F#	0.0	minor triad	(1, 6, 9)	f#	f#	1	None	False	['F#', 'A', 'C#', 'F#', 'A', 'C#', 'F#', 'A', 'C#', 'F#', 'A', 'C#', 'F#', 'A', 'C#', 'F#', 'A', 'C#', 'F#', 'A', 'C#', 'F#', 'A', 'C#', 'F#', 'A', 'C#', 'F#', 'A', 'C#', 'F#', 'A', 'C#', 'F#', 'A', 'C#', 'F#', 'A', 'C#', 'F#', 'A', 'C#', 'F#', 'A', 'C#', 'F#', 'A', 'C#', 'F#', 'A', 'C#', 'F#', 'A', 'C#', 'F#', 'A', 'C#', 'F#', 'A', 'C#', 'F#', 'A', 'C#', 'F#', 'A', 'C#', 'F#', 'A', 'C#', 'F#', 'A', 'C#']	0.0	0.0	0.0	0.0
93.875	3.0	32.0	['F#4', 'A4', 'C#5']	['m3', 'P5']	[False, False, False]	32.0	3.0	48.0	i	False	('F#', 'A', 'C#')	F#	F#	0.0	minor triad	(1, 6, 9)	f#	f#	1	None	False	['F#', 'A', 'C#', 'F#', 'A', 'C#', 'F#', 'A', 'C#', 'F#', 'A', 'C#', 'F#', 'A', 'C#', 'F#', 'A', 'C#', 'F#', 'A', 'C#', 'F#', 'A', 'C#', 'F#', 'A', 'C#', 'F#', 'A', 'C#', 'F#', 'A', 'C#', 'F#', 'A', 'C#', 'F#', 'A', 'C#', 'F#', 'A', 'C#', 'F#', 'A', 'C#', 'F#', 'A', 'C#', 'F#', 'A', 'C#', 'F#', 'A', 'C#', 'F#', 'A', 'C#', 'F#', 'A', 'C#', 'F#', 'A', 'C#', 'F#', 'A', 'C#', 'F#', 'A', 'C#', 'F#', 'A', 'C#']	0.0	0.0	0.0	0.0
94.0	3.0	32.0	['F#4', 'A4', 'C#5']	['m3', 'P5']	[False, False, False]	32.0	3.0	48.0	i	False	('F#', 'A', 'C#')	F#	F#	0.0	minor triad	(1, 6, 9)	f#	f#	1	None	False	['F#', 'A', 'C#', 'F#', 'A', 'C#', 'F#', 'A', 'C#', 'F#', 'A', 'C#', 'F#', 'A', 'C#', 'F#', 'A', 'C#', 'F#', 'A', 'C#', 'F#', 'A', 'C#', 'F#', 'A', 'C#', 'F#', 'A', 'C#', 'F#', 'A', 'C#', 'F#', 'A', 'C#', 'F#', 'A', 'C#', 'F#', 'A', 'C#', 'F#', 'A', 'C#', 'F#', 'A', 'C#', 'F#', 'A', 'C#', 'F#', 'A', 'C#', 'F#', 'A', 'C#', 'F#', 'A', 'C#', 'F#', 'A', 'C#', 'F#', 'A', 'C#', 'F#', 'A', 'C#', 'F#', 'A', 'C#']	0.0	0.0	0.0	0.0
94.125	3.0	32.0	['F#4', 'A4', 'C#5']	['m3', 'P5']	[False, False, False]	32.0	3.0	48.0	i	False	('F#', 'A', 'C#')	F#	F#	0.0	minor triad	(1, 6, 9)	f#	f#	1	None	False	['F#', 'A', 'C#', 'F#', 'A', 'C#', 'F#', 'A', 'C#', 'F#', 'A', 'C#', 'F#', 'A', 'C#', 'F#', 'A', 'C#', 'F#', 'A', 'C#', 'F#', 'A', 'C#', 'F#', 'A', 'C#', 'F#', 'A', 'C#', 'F#', 'A', 'C#', 'F#', 'A', 'C#', 'F#', 'A', 'C#', 'F#', 'A', 'C#', 'F#', 'A', 'C#', 'F#', 'A', 'C#', 'F#', 'A', 'C#', 'F#', 'A', 'C#', 'F#', 'A', 'C#', 'F#', 'A', 'C#', 'F#', 'A', 'C#', 'F#', 'A', 'C#', 'F#', 'A', 'C#', 'F#', 'A', 'C#']	0.0	0.0	0.0	0.0
94.25	3.0	32.0	['F#4', 'A4', 'C#5']	['m3', 'P5']	[False, False, False]	32.0	3.0	48.0	i	False	('F#', 'A', 'C#')	F#	F#	0.0	minor triad	(1, 6, 9)	f#	f#	1	None	False	['F#', 'A', 'C#', 'F#', 'A', 'C#', 'F#', 'A', 'C#', 'F#', 'A', 'C#', 'F#', 'A', 'C#', 'F#', 'A', 'C#', 'F#', 'A', 'C#', 'F#', 'A', 'C#', 'F#', 'A', 'C#', 'F#', 'A', 'C#', 'F#', 'A', 'C#', 'F#', 'A', 'C#', 'F#', 'A', 'C#', 'F#', 'A', 'C#', 'F#', 'A', 'C#', 'F#', 'A', 'C#', 'F#', 'A', 'C#', 'F#', 'A', 'C#', 'F#', 'A', 'C#', 'F#', 'A', 'C#', 'F#', 'A', 'C#', 'F#', 'A', 'C#', 'F#', 'A', 'C#', 'F#', 'A', 'C#']	0.0	0.0	0.0	0.0
94.375	3.0	32.0	['F#4', 'A4', 'C#5']	['m3', 'P5']	[False, False, False]	32.0	3.0	48.0	i	False	('F#', 'A', 'C#')	F#	F#	0.0	minor triad	(1, 6, 9)	f#	f#	1	None	False	['F#', 'A', 'C#', 'F#', 'A', 'C#', 'F#', 'A', 'C#', 'F#', 'A', 'C#', 'F#', 'A', 'C#', 'F#', 'A', 'C#', 'F#', 'A', 'C#', 'F#', 'A', 'C#', 'F#', 'A', 'C#', 'F#', 'A', 'C#', 'F#', 'A', 'C#', 'F#', 'A', 'C#', 'F#', 'A', 'C#', 'F#', 'A', 'C#', 'F#', 'A', 'C#', 'F#', 'A', 'C#', 'F#', 'A', 'C#', 'F#', 'A', 'C#', 'F#', 'A', 'C#', 'F#', 'A', 'C#', 'F#', 'A', 'C#', 'F#', 'A', 'C#', 'F#', 'A', 'C#', 'F#', 'A', 'C#']	0.0	0.0	0.0	0.0
94.5	3.0	32.0	['F#4', 'A4', 'C#5']	['m3', 'P5']	[False, False, False]	32.0	3.0	48.0	i	False	('F#', 'A', 'C#')	F#	F#	0.0	minor triad	(1, 6, 9)	f#	f#	1	None	False	['F#', 'A', 'C#', 'F#', 'A', 'C#', 'F#', 'A', 'C#', 'F#', 'A', 'C#', 'F#', 'A', 'C#', 'F#', 'A', 'C#', 'F#', 'A', 'C#', 'F#', 'A', 'C#', 'F#', 'A', 'C#', 'F#', 'A', 'C#', 'F#', 'A', 'C#', 'F#', 'A', 'C#', 'F#', 'A', 'C#', 'F#', 'A', 'C#', 'F#', 'A', 'C#', 'F#', 'A', 'C#', 'F#', 'A', 'C#', 'F#', 'A', 'C#', 'F#', 'A', 'C#', 'F#', 'A', 'C#', 'F#', 'A', 'C#', 'F#', 'A', 'C#', 'F#', 'A', 'C#', 'F#', 'A', 'C#']	0.0	0.0	0.0	0.0
94.625	3.0	32.0	['F#4', 'A4', 'C#5']	['m3', 'P5']	[False, False, False]	32.0	3.0	48.0	i	False	('F#', 'A', 'C#')	F#	F#	0.0	minor triad	(1, 6, 9)	f#	f#	1	None	False	['F#', 'A', 'C#', 'F#', 'A', 'C#', 'F#', 'A', 'C#', 'F#', 'A', 'C#', 'F#', 'A', 'C#', 'F#', 'A', 'C#', 'F#', 'A', 'C#', 'F#', 'A', 'C#', 'F#', 'A', 'C#', 'F#', 'A', 'C#', 'F#', 'A', 'C#', 'F#', 'A', 'C#', 'F#', 'A', 'C#', 'F#', 'A', 'C#', 'F#', 'A', 'C#', 'F#', 'A', 'C#', 'F#', 'A', 'C#', 'F#', 'A', 'C#', 'F#', 'A', 'C#', 'F#', 'A', 'C#', 'F#', 'A', 'C#', 'F#', 'A', 'C#', 'F#', 'A', 'C#', 'F#', 'A', 'C#']	0.0	0.0	0.0	0.0
94.75	3.0	32.0	['F#4', 'A4', 'C#5']	['m3', 'P5']	[False, False, False]	32.0	3.0	48.0	i	False	('F#', 'A', 'C#')	F#	F#	0.0	minor triad	(1, 6, 9)	f#	f#	1	None	False	['F#', 'A', 'C#', 'F#', 'A', 'C#', 'F#', 'A', 'C#', 'F#', 'A', 'C#', 'F#', 'A', 'C#', 'F#', 'A', 'C#', 'F#', 'A', 'C#', 'F#', 'A', 'C#', 'F#', 'A', 'C#', 'F#', 'A', 'C#', 'F#', 'A', 'C#', 'F#', 'A', 'C#', 'F#', 'A', 'C#', 'F#', 'A', 'C#', 'F#', 'A', 'C#', 'F#', 'A', 'C#', 'F#', 'A', 'C#', 'F#', 'A', 'C#', 'F#', 'A', 'C#', 'F#', 'A', 'C#', 'F#', 'A', 'C#', 'F#', 'A', 'C#', 'F#', 'A', 'C#', 'F#', 'A', 'C#']	0.0	0.0	0.0	0.0
94.875	3.0	32.0	['F#4', 'A4', 'C#5']	['m3', 'P5']	[False, False, False]	32.0	3.0	48.0	i	False	('F#', 'A', 'C#')	F#	F#	0.0	minor triad	(1, 6, 9)	f#	f#	1	None	False	['F#', 'A', 'C#', 'F#', 'A', 'C#', 'F#', 'A', 'C#', 'F#', 'A', 'C#', 'F#', 'A', 'C#', 'F#', 'A', 'C#', 'F#', 'A', 'C#', 'F#', 'A', 'C#', 'F#', 'A', 'C#', 'F#', 'A', 'C#', 'F#', 'A', 'C#', 'F#', 'A', 'C#', 'F#', 'A', 'C#', 'F#', 'A', 'C#', 'F#', 'A', 'C#', 'F#', 'A', 'C#', 'F#', 'A', 'C#', 'F#', 'A', 'C#', 'F#', 'A', 'C#', 'F#', 'A', 'C#', 'F#', 'A', 'C#', 'F#', 'A', 'C#', 'F#', 'A', 'C#', 'F#', 'A', 'C#']	0.0	0.0	0.0	0.0
95.0	3.0	32.0	['F#4', 'A4', 'C#5']	['m3', 'P5']	[False, False, False]	32.0	3.0	48.0	i	False	('F#', 'A', 'C#')	F#	F#	0.0	minor triad	(1, 6, 9)	f#	f#	1	None	False	['F#', 'A', 'C#', 'F#', 'A', 'C#', 'F#', 'A', 'C#', 'F#', 'A', 'C#', 'F#', 'A', 'C#', 'F#', 'A', 'C#', 'F#', 'A', 'C#', 'F#', 'A', 'C#', 'F#', 'A', 'C#', 'F#', 'A', 'C#', 'F#', 'A', 'C#', 'F#', 'A', 'C#', 'F#', 'A', 'C#', 'F#', 'A', 'C#', 'F#', 'A', 'C#', 'F#', 'A', 'C#', 'F#', 'A', 'C#', 'F#', 'A', 'C#', 'F#', 'A', 'C#', 'F#', 'A', 'C#', 'F#', 'A', 'C#', 'F#', 'A', 'C#', 'F#', 'A', 'C#', 'F#', 'A', 'C#']	0.0	0.0	0.0	0.0
95.125	3.0	32.0	['F#4', 'A4', 'C#5']	['m3', 'P5']	[False, False, False]	32.0	3.0	48.0	i	False	('F#', 'A', 'C#')	F#	F#	0.0	minor triad	(1, 6, 9)	f#	f#	1	None	False	['F#', 'A', 'C#', 'F#', 'A', 'C#', 'F#', 'A', 'C#', 'F#', 'A', 'C#', 'F#', 'A', 'C#', 'F#', 'A', 'C#', 'F#', 'A', 'C#', 'F#', 'A', 'C#', 'F#', 'A', 'C#', 'F#', 'A', 'C#', 'F#', 'A', 'C#', 'F#', 'A', 'C#', 'F#', 'A', 'C#', 'F#', 'A', 'C#', 'F#', 'A', 'C#', 'F#', 'A', 'C#', 'F#', 'A', 'C#', 'F#', 'A', 'C#', 'F#', 'A', 'C#', 'F#', 'A', 'C#', 'F#', 'A', 'C#', 'F#', 'A', 'C#', 'F#', 'A', 'C#', 'F#', 'A', 'C#']	0.0	0.0	0.0	0.0
95.25	3.0	32.0	['F#4', 'A4', 'C#5']	['m3', 'P5']	[False, False, False]	32.0	3.0	48.0	i	False	('F#', 'A', 'C#')	F#	F#	0.0	minor triad	(1, 6, 9)	f#	f#	1	None	False	['F#', 'A', 'C#', 'F#', 'A', 'C#', 'F#', 'A', 'C#', 'F#', 'A', 'C#', 'F#', 'A', 'C#', 'F#', 'A', 'C#', 'F#', 'A', 'C#', 'F#', 'A', 'C#', 'F#', 'A', 'C#', 'F#', 'A', 'C#', 'F#', 'A', 'C#', 'F#', 'A', 'C#', 'F#', 'A', 'C#', 'F#', 'A', 'C#', 'F#', 'A', 'C#', 'F#', 'A', 'C#', 'F#', 'A', 'C#', 'F#', 'A', 'C#', 'F#', 'A', 'C#', 'F#', 'A', 'C#', 'F#', 'A', 'C#', 'F#', 'A', 'C#', 'F#', 'A', 'C#', 'F#', 'A', 'C#']	0.0	0.0	0.0	0.0
95.375	3.0	32.0	['F#4', 'A4', 'C#5']	['m3', 'P5']	[False, False, False]	32.0	3.0	48.0	i	False	('F#', 'A', 'C#')	F#	F#	0.0	minor triad	(1, 6, 9)	f#	f#	1	None	False	['F#', 'A', 'C#', 'F#', 'A', 'C#', 'F#', 'A', 'C#', 'F#', 'A', 'C#', 'F#', 'A', 'C#', 'F#', 'A', 'C#', 'F#', 'A', 'C#', 'F#', 'A', 'C#', 'F#', 'A', 'C#', 'F#', 'A', 'C#', 'F#', 'A', 'C#', 'F#', 'A', 'C#', 'F#', 'A', 'C#', 'F#', 'A', 'C#', 'F#', 'A', 'C#', 'F#', 'A', 'C#', 'F#', 'A', 'C#', 'F#', 'A', 'C#', 'F#', 'A', 'C#', 'F#', 'A', 'C#', 'F#', 'A', 'C#', 'F#', 'A', 'C#', 'F#', 'A', 'C#', 'F#', 'A', 'C#']	0.0	0.0	0.0	0.0
95.5	3.0	32.0	['F#4', 'A4', 'C#5']	['m3', 'P5']	[False, False, False]	32.0	3.0	48.0	i	False	('F#', 'A', 'C#')	F#	F#	0.0	minor triad	(1, 6, 9)	f#	f#	1	None	False	['F#', 'A', 'C#', 'F#', 'A', 'C#', 'F#', 'A', 'C#', 'F#', 'A', 'C#', 'F#', 'A', 'C#', 'F#', 'A', 'C#', 'F#', 'A', 'C#', 'F#', 'A', 'C#', 'F#', 'A', 'C#', 'F#', 'A', 'C#', 'F#', 'A', 'C#', 'F#', 'A', 'C#', 'F#', 'A', 'C#', 'F#', 'A', 'C#', 'F#', 'A', 'C#', 'F#', 'A', 'C#', 'F#', 'A', 'C#', 'F#', 'A', 'C#', 'F#', 'A', 'C#', 'F#', 'A', 'C#', 'F#', 'A', 'C#', 'F#', 'A', 'C#', 'F#', 'A', 'C#', 'F#', 'A', 'C#']	0.0	0.0	0.0	0.0
95.625	3.0	32.0	['F#4', 'A4', 'C#5']	['m3', 'P5']	[False, False, False]	32.0	3.0	48.0	i	False	('F#', 'A', 'C#')	F#	F#	0.0	minor triad	(1, 6, 9)	f#	f#	1	None	False	['F#', 'A', 'C#', 'F#', 'A', 'C#', 'F#', 'A', 'C#', 'F#', 'A', 'C#', 'F#', 'A', 'C#', 'F#', 'A', 'C#', 'F#', 'A', 'C#', 'F#', 'A', 'C#', 'F#', 'A', 'C#', 'F#', 'A', 'C#', 'F#', 'A', 'C#', 'F#', 'A', 'C#', 'F#', 'A', 'C#', 'F#', 'A', 'C#', 'F#', 'A', 'C#', 'F#', 'A', 'C#', 'F#', 'A', 'C#', 'F#', 'A', 'C#', 'F#', 'A', 'C#', 'F#', 'A', 'C#', 'F#', 'A', 'C#', 'F#', 'A', 'C#', 'F#', 'A', 'C#', 'F#', 'A', 'C#']	0.0	0.0	0.0	0.0
95.75	3.0	32.0	['F#4', 'A4', 'C#5']	['m3', 'P5']	[False, False, False]	32.0	3.0	48.0	i	False	('F#', 'A', 'C#')	F#	F#	0.0	minor triad	(1, 6, 9)	f#	f#	1	None	False	['F#', 'A', 'C#', 'F#', 'A', 'C#', 'F#', 'A', 'C#', 'F#', 'A', 'C#', 'F#', 'A', 'C#', 'F#', 'A', 'C#', 'F#', 'A', 'C#', 'F#', 'A', 'C#', 'F#', 'A', 'C#', 'F#', 'A', 'C#', 'F#', 'A', 'C#', 'F#', 'A', 'C#', 'F#', 'A', 'C#', 'F#', 'A', 'C#', 'F#', 'A', 'C#', 'F#', 'A', 'C#', 'F#', 'A', 'C#', 'F#', 'A', 'C#', 'F#', 'A', 'C#', 'F#', 'A', 'C#', 'F#', 'A', 'C#', 'F#', 'A', 'C#', 'F#', 'A', 'C#', 'F#', 'A', 'C#']	0.0	0.0	0.0	0.0
95.875	3.0	32.0	['F#4', 'A4', 'C#5']	['m3', 'P5']	[False, False, False]	32.0	3.0	48.0	i	False	('F#', 'A', 'C#')	F#	F#	0.0	minor triad	(1, 6, 9)	f#	f#	1	None	False	['F#', 'A', 'C#', 'F#', 'A', 'C#', 'F#', 'A', 'C#', 'F#', 'A', 'C#', 'F#', 'A', 'C#', 'F#', 'A', 'C#', 'F#', 'A', 'C#', 'F#', 'A', 'C#', 'F#', 'A', 'C#', 'F#', 'A', 'C#', 'F#', 'A', 'C#', 'F#', 'A', 'C#', 'F#', 'A', 'C#', 'F#', 'A', 'C#', 'F#', 'A', 'C#', 'F#', 'A', 'C#', 'F#', 'A', 'C#', 'F#', 'A', 'C#', 'F#', 'A', 'C#', 'F#', 'A', 'C#', 'F#', 'A', 'C#', 'F#', 'A', 'C#', 'F#', 'A', 'C#', 'F#', 'A', 'C#']	0.0	0.0	0.0	0.0
